jp	ko
うん。	응。
ピエロ	삐에로
カンタ	칸타
え？	어？
えっ？	엇？
ん？	응？
ビクトリーズ	빅토리즈
ジャジメント	저지먼트
あ、	아、
ああ。	아。
あれ？	어라？
そう。	그래。
ムシャ	무샤
ありがとう。	고마워。
はい。	네。
なに？	뭐야？
わかった。	알았어。
ああ、	아、
ブギウギ商店街	부기우기 상점가
あ！	아！
そうか。	그런가。
奈津姫	나츠히메
あっ！	앗！
なんで？	왜？
（ピッ）	（삑）
む～～～～～～～～ん。	으음～～～～～。
ちゃん。	짱。
うん！	응！
あれ、	어라、
う～ん。	으음。
い、	이、
どうしたんだ？	무슨 일이야？
そう	그래
今日は	오늘은
ワン公	멍멍이
そ、	그、
俺は	나는
マスター	마스터
そうだね。	그러네。
どうしたの？	왜 그래？
わかりました。	알겠습니다。
そうだな。	그렇지。
まあ、	뭐、
お～い！	어～이！
コアラーズ	코알라즈
お、	오、
なんだ？	뭐지？
いや・・・	아니・・・
えーと・・・	그러니까・・・
はい！	네！
やあ、	야、
おう。	오。
ああ、ありがとう。	아、고마워。
お待たせしました。ご主人様	오래 기다리셨어요。주인님
そっか。	그렇군。
なんだって？	뭐라고？
大丈夫。	괜찮아。
ああ、いいよ。	아、좋아。
あ、ああ。	아、그래。
む～～～～～ん。	으음～～～。
（ガチャ）	（철컥）
そうなのか？	그런 거야？
（バタン！）	（쾅！）
ごめん	미안
だから	그럼
ごめん。	미안。
さんに	씨에게
そうだよ。	맞아。
いらっしゃいませ。ご主人様	어서 오세요。주인님
おい、	어이、
いや、	아니、
うん	응
ワンワン！	멍멍！
フンフンフンフンフンフンフン！	흥흥흥흥흥흥흥！
ねえ、	있지、
じゃあ、	그럼、
ご主人様	주인님
さて、今日の配達が終わったぞ。	자、오늘 배달이 끝났다。
少森寺	소삼사
遠前町	원전정
と話しました）	와 이야기했습니다）
へ？	헤？
・・・そうか。	・・・그런가。
ええ。	네。
そうなんだ。	그렇구나。
う～ん！	으음！
おや？	오잉？
いらっしゃいませ！	어서 오세요！
（カキーン！）	（따악！）
よし！	좋아！
まあ、いいか。	뭐、됐어。
うーん・・・	으음・・・
でも	근데
キングコブラーズ	킹코브라즈
じゃないか。	잖아。
どうして？	어째서？
ああ、わかった。	아、알았어。
へぇ。	허어。
ただいま。	다녀왔어。
おう！	오！
ははは。	하하하。
ありがとうございます。	감사합니다。
おい！	어이！
そうだ！	맞다！
じゃあ	그럼
そうだ。	맞아。
やっぱり	역시
あ・・・	아・・・
ねえ。	있잖아。
さんは	씨는
あっ、	앗、
ああ、そうだな。	아、그렇지。
なあ、	있잖아、
はあ？	하아？
おや、	어라、
ええっ？！	에엣？！
う、うん。	으、응。
うん・・・・・・。	응・・・・・・。
あはは。	아하하。
さあ、	자、
ワン！	멍！
えっ？！	엇？！
まあね。	그렇지。
そうだね～。	그러네～。
今日は、	오늘은、
・・・やれやれ。	・・・나 원 참。
は、	하、
ところで、	그런데、
あの	저기
カシミール	카시미르
なっちゃん	낫짱
のりお	노리오
ジャジメントスーパー	저지먼트 슈퍼
本当に暇人だな。	정말 한가한 사람이네。
が仲間になった！）	가 동료가 되었다！）
おはよう。	안녕。
おじちゃん！	아저씨！
・・・え？	・・・어？
何を？	뭘？
はぁ？	하아？
そうかな？	그런가？
（パク）	（덥석）
む～～～～～～～ん。	으음～～～～。
（はーい。）	（네～。）
おっす！	안녕！
何を読んでるの？	뭘 읽고 있어？
いらっしゃいませ！ご主人様	어서 오세요！주인님
（バタン）	（쾅）
・・・うん。	・・・응。
うわっ！	우왓！
どうしたの	왜 그래
これ？	이거？
は～い。	네～。
いい。	됐어。
うーん。	으음。
・・・あれ？	・・・어라？
そうだ、	맞다、
そういえば	그러고 보니
ふう～。	후우～。
あの・・・	저기・・・
わかったよ。	알았다고。
ありがとうございました。	감사합니다。
え・・・	어・・・
だから、	그러니까、
ははは・・・	하하하・・・
本当に	정말로
じゅ、	주、
ザ・トリオ	더 트리오
帰ろう。	돌아가자。
がパワーアップしました。）	가 파워업했습니다。）
ちゃんに電話してみるか。	짱한테 전화해 볼까。
ちゃん？	짱？
さんは、	씨는、
さんは？	씨는？
さんが	씨가
さんも	씨도
いや。	아니。
あれっ？	어라？
いらっしゃいませ。	어서 오세요。
そうですか。	그런가요。
（バキ！）	（퍽！）
ふ～ん。	흐음。
大丈夫	괜찮아
やめとくよ。	관둘래。
また今度、別の本を貸してよ。	다음에 다른 책도 빌려줘。
ス～ス～。	쿨～쿨～。
じゃあ、借りるよ。	그럼 빌릴게。
これ。	이거。
ス～。ス～。	쿨～。쿨～。
うんうん。	응응。
（プルルルルルル）	（따르르르릉）
おっと、電話ですな。	이런、전화군요。
わざわざ	일부러
仕事中？	일하는 중？
本当に？	정말로？
よし、わかった。	좋아、알았어。
そうですね。	그렇네요。
なるほど。	그렇군。
なにが？	뭐가？
わかりました。ご主人様	알겠습니다。주인님
ほら。	봐봐。
そうだな・・・	글쎄다・・・
はいはい。	네네。
ああ！	아아！
じゃあね。	잘 가。
しかし	하지만
は？	하？
ちょっと用事。	볼일 좀 있어。
（ガチャ！）	（철컥！）
ス～	스～
ホッパーズ	호퍼즈
ソルジャー	솔저
カニ男	게남자
佐和田	사와다
掃除してるんだよ、掃除。	청소하는 거야、청소。
おもしろいのに。	재밌는데。
見てわかるだろ？	보면 알잖아？
あ、そうだ。	아、맞다。
（モグモグモグ）	（우물우물우물）
さんがそう言うなら。	씨가 그렇게 말한다면。
じゃないのか？	아닌 거냐？
来るなんて	오다니
い読む	い읽는다
さんの	씨의
さんを	씨를
うわっ？！	우왓？！
（ドカーン！）	（쿠쾅！）
そう、よかった。	그래、다행이야。
そうそう。	맞아맞아。
ふーん。	흐음。
おお、	오오、
おいおい・・・	어이어이・・・
いいよ。	좋아。
ええと・・・	그러니까・・・
そう？	그래？
どうした？	왜 그래？
そうかな。	그런가。
おじちゃん、おじちゃん！	아저씨、아저씨！
いえ。	아뇨。
あ、ありがとう。	아、고마워。
（バキッ！）	（퍼억！）
なんだって？！	뭐라고？！
わかった！	알았어！
ええ？	에에？
なんですって？	뭐라고요？
ええっ？	에엣？
ははははは！	하하하하하！
ねえねえ、	있지있지、
そうね。	그러네。
えっ、俺？	엇、나？
いいよ～。	좋아～。
腹減ったなあ。	배고프네。
よっ！	얏호！
（タタタタタタタ！）	（다다다다닷！）
そう・・・・・・。	그래・・・・・・。
フンフンフンフン	흥흥흥흥
おもしろいよ。	재미있어。
う、	으、
は、はい。	네、넵。
ハアハアハア！	헥헥헥！
あ、いたいた。	아、있다있다。
おっと。	이런。
じゃあ、そろそろ仕事に戻るか。	그럼 슬슬 일하러 갈까。
おはようございます。	안녕하세요。
何が？	뭐가？
（あははははは！）	（아하하하하！）
これは？	이건？
ところで	그런데
オウ！	오우！
どうしたんですか？	무슨 일이세요？
そうなんだよ。	그렇다니까。
そうか？	그런가？
違う！	아니야！
・・・ん？	・・・응？
・・・ありがとう。	・・・고마워。
そうですか・・・	그런가요・・・
・・・なるほど。	・・・그렇군。
お～い。	어～이。
な、	뭐、
そんな事ないよ。	그렇지 않아。
はあ～。	하아～。
なに！？	뭐！？
今日も	오늘도
もう、	정말、
もちろん。	물론。
よし、	좋아、
そういえば、	그러고 보니、
ああ・・・	아아・・・
どう？	어때？
でも、	근데、
待てよ。	기다려。
えっ！	엇！
三浦のシナリオテスト。	미우라 시나리오 테스트。
なんでもない。	아무것도 아냐。
まあ・・・	뭐・・・
ありがとう	고마워
で、今日は	그래서 오늘은
どこに行ってたの？	어디 갔었어？
どうして	어째서
それで	그래서
それは	그건
そして	그리고
（ヒュ～～	（휘이～～
ゴルトマン	골트만
小日向	코히나타
オオタ	오오타
イタチの人形	족제비 인형
神のマナ	신의 마나
ゲネプロ	게네프로
そろそろ、仕事に戻ってくださいよ。	슬슬 일하러 돌아가 주세요。
まだ、休憩時間じゃないぞ？	아직 휴식 시간 아니야？
学校からの帰りかい？	학교에서 오는 길이니？
ちょっと話しすぎた。	말이 좀 많았네。
配達は終わったか？	배달은 끝났어？
いつもので頼む。	늘 먹던 걸로 부탁해。
まさか、	설마、
穴に入ると、＋１点です。）	구멍에 들어가면、＋１점입니다。）
（ぐきゅるるる・・・）	（꼬르르륵・・・）
パシッ！）	（찰싹！）
Ｌ、Ｒボタンで台をゆらします。	Ｌ、Ｒ버튼으로 대를 흔듭니다。
人形に当たると、書いている数字の点数	인형에 맞으면 적힌 숫자의 점수
（Ａボタンでボール発射、	（Ａ버튼으로 볼 발사、
さんじゃないか～。	씨잖아～。
さんを待ってるよ。	씨를 기다리고 있어。
なんだなぁ～。	인 거구나～。
だからね～。	니까～。
じゃなくて	가 아니라
でやんす。	입죠。
コマンドが	커맨드가
ちゃん！	짱！
さんだ。	씨다。
からな。	니까。
さんか。	씨인가。
それに	게다가
そうか、じゃあ	그럼、이제
そうか・・・	그런가・・・
（パッ！）	（팟！）
・・・ふう。	・・・후우。
どうだった？	어땠어？
じゃあさぁ、	그럼 말이야、
いいね。	좋네。
ありがとう！	고마워！
おはようございます！	안녕하세요！
そうでやんす。	그렇습죠。
（よし、がんばるぞ。）	（좋아、힘내자。）
（ポカ！）	（콩！）
む～～～～ん。	으음～～。
お、おう。	오、오냐。
ガルルルルル・・・	으르르릉・・・
（ぐ～っ）	（꼬르륵）
えっ、	엇、
（パシッ）	（탁）
（パシッ！）	（탁！）
・・・あ。	・・・아。
うぉおおおお！	우오오오오！
ふ～ん？	흐음？
うん、まあね。	응、뭐 그렇지。
・・・なんだって？	・・・뭐라고？
いいや。	아니야。
はい？	네？
ああ、なるほどな。	아、그렇군。
・・・ああ、わかった。	・・・아、알았어。
お疲れ様～。	수고했어～。
そうだ、電話しないと。	맞다、전화해야지。
そうよ。	맞아。
ふふふ。	후후후。
そ、そうか。	그、그런가。
どうしたんだ、	무슨 일이야、
ありがとうでやんす！	고맙습죠！
・・・そうなのか。	・・・그런 거였나。
ああ、まあな。	아、뭐 그렇지。
おお。	오오。
なんだよ。	뭐야。
あ、そうそう。	아、맞다맞다。
（・・・グゥ～・・・）	（・・・꼬르륵・・・）
いいの。	괜찮아。
あれっ、	어라、
なんで	왜
まあまあ。	자자。
そうなんですよ。	그렇다니까요。
うん、いいよ。	응、좋아。
なんでやんす？	왜입죠？
野球？	야구？
・・・しまった！	・・・이런！
（ドガガーン！！）	（쿠콰쾅！！）
ふう。	후우。
ああ、そうだ。	아、맞다。
ああ～！	아아～！
いらっしゃいませご主人様	어서 오세요 주인님
ほう！	호오！
まあ、期待しないで待っておくよ。	뭐、기대 않고 기다릴게。
お楽しみにお待ちください	기대하며 기다려 주세요
ハアハアハアハア。	헥헥헥헥。
おい！そこの君！	어이！거기 자네！
ああ、君だ。	그래、자네다。
そ、そう。	그、그래。
ズズズ～	쭈우욱～
ボ～クは	나～는
うっ・・・・・・。	윽・・・・・・。
ああ。ありがとう。	그래。고마워。
あっ	앗
チッ！	칫！
知らないわよ。	난 몰라。
おっ！	옷！
おお、これにしよう！	오、이걸로 하자！
お帰り。	어서 와。
これって	이거
いらっしゃい。	어서 와。
さあ？	글쎄？
ん？なんだ？	응？뭐지？
へえ～。	허어～。
あのさ、	있잖아、
な、なに？	뭐、뭐야？
はい	네
ああ、そうかい。	아、그러셔。
なんとなく。	그냥。
なんですか？	뭔가요？
おっす	안녕
お待たせしました！ご主人様	오래 기다리셨어요！주인님
そうだな	그렇지
じゃあ、またな。	그럼、또 보자。
今日も練習がんばるぞ。	오늘도 연습 힘내자。
いらっしゃいでやんす！	어서 옵쇼！
バカ！	바보！
すみません。	죄송해요。
あはははは・・・	아하하하・・・
へえ、	허、
（サッ！）	（샥！）
それっ！	받아라！
・・・ああ。	・・・그래。
よかった。	다행이다。
どうぞどうぞ！	자자 어서！
ええっと、	그러니까、
もう！	정말！
よくわかんないでやんす。	잘 모르겠습죠。
はい、どうぞ。	자、여기요。
あ、どうも。	아、고마워요。
そうなんですか。	그런가요。
お～い、	어～이、
くそっ！	제길！
ふむ。	흠。
いや、なんでもない。	아니、아무것도。
ああ、なるほど。	아、그렇군。
はははは！	하하하하！
うわ！	우와！
ああ～。	아아～。
・・・そっか。	・・・그렇구나。
ごめんね。	미안해。
そうか！	그렇군！
それより	그것보다
待って！	기다려！
しかし、	하지만、
だって	그치만
・・・・・・あれ？	・・・・・・어라？
気が向いたら、今度やってあげるよ。	내키면、다음에 해줄게。
大丈夫だよ。	괜찮아。
なんか言ったか？	뭐라고 했어？
お腹すいたなぁ。	배고프네。
じゃ、またな。	그럼、또 봐。
なんだろう？	뭘까？
ありがと～。	고마워～。
そだね。	그러네。
まあ、いいや。	뭐、됐어。
それは・・・	그건・・・
何を書いて	뭘 쓰고
なんの？	무슨？
よろしくお願いします。	잘 부탁드립니다。
しょうがないなぁ。	어쩔 수 없네。
いらっしゃ～い！	어서 오세요～！
あははははは！	아하하하하！
二番テーブル。	２번 테이블。
いいじゃない。	괜찮잖아。
よかったな。	잘됐구나。
それじゃ！	그럼！
なんだよ！	뭐야！
かわいい。	귀여워。
ちょっと、	잠깐、
どうかな？	어떨까？
お父さん？	아버지？
あああ！	아아아！
いいの？	괜찮아？
お父さん	아버지
なあ	이봐
（ピッ！）	（삑！）
モグラーズ	모그라즈
垂れの助	타레노스케
金属バット	금속 배트
気合ポイント	기합 포인트
カード力	카드력
さて、今日の配達も終わったぞ。	자、오늘 배달도 끝났다。
わからない。	모르겠어。
良かった。	다행이다。
おじいちゃん	할아버지
これからは	앞으로는
遊びに行く	놀러 간다
ブレンド二つ、いちごのショートケーキ、	블렌드 둘、딸기 쇼트케이크、
今日は買い物に付き合ってくれない？	오늘 쇼핑 좀 같이 안 갈래？
メロンソーダ、オレンジジュース、	멜론소다、오렌지주스、
みんなの練習を見に来たんだよ。	다들 연습하는 거 보러 왔어。
お気をつけてお帰りなさいませ。	조심히 들어가세요。
いいところで、会いましたな。	마침 잘 만났군요。
今度、どこかに行かない？	다음에 어디 안 갈래？
・・・ああ、なるほど。	・・・아、그렇군。
使えるようになった！）	쓸 수 있게 됐다！）
それで、どこに行く？	그래서 어디 갈까？
こんな早い時間に。	이렇게 이른 시간에。
あれ？その包みは？	어라？그 꾸러미는？
うわあああああ！	으아아아아아！
アタッテ砕けろ	부딪쳐 부서져라
サンドセット。	샌드 세트。
四番テーブル。	4번 테이블。
ティラミス。	티라미스。
お願い。	부탁해。
お嬢様が	아가씨가
わかった	알았어
清十郎	세이주로
ポエ夢	포에무
お嬢様	아가씨
の家に変わった！）	의 집으로 바뀌었다！）
（帰り道・・・）	（돌아가는 길・・・）
遠前支店	원전 지점
オレは	나는
・・・末吉か。	・・・말길인가。
ちゃん、今日は何か用事あるかい？	짱、오늘은 무슨 볼일 있니？
さんは、どこに行きたいんだ？	씨는 어디 가고 싶어？
（住んでる場所が	（사는 곳이
コマンドで	커맨드로
じゃない。	아니야。
（喫茶店で	（찻집에서
さんって、	씨는 말이야、
のことは	에 대해서는
うろつき	어슬렁대기
それから	그리고
と呼べ。	라고 불러。
だから。	니까。
さんだ！	씨다！
さんと	씨와
わたし	나
やった！	해냈다！
あ、仕事終わったの？	아、일 다 끝났어？
おーい、	어～이、
ああ、まあね。	아、뭐 그렇지。
よーし！	좋～아！
ハァハァ・・・・・	헥헥・・・・・
ああ、そうしようか。	그래、그러자。
どうしたんです？	무슨 일이죠？
そうか、よかった。	그래、다행이다。
おいおい、	어이어이、
よし、電話しよう。	좋아、전화하자。
よお、キャプテン。	여어、주장。
いいんですよ、もう。	이제 괜찮아요。
あ、そういえばそうか。	아、그러고 보니。
う・・・	으・・・
ああ、惜しかったな。	아、아까웠어。
よし、連敗ストップだ！	좋아、연패 탈출이다！
・・・はい。	・・・네。
はい、がんばります。	네、열심히 할게요。
（むしゃむしゃむしゃ）	（우걱우걱우걱）
よし、念の為にとっておこう。	좋아、혹시 모르니 챙겨두자。
あっ、コラ！	앗、야！
ハァハァ・・・	헥헥・・・
普通のチームじゃねえか。	평범한 팀이잖아。
ふーん？	흐음？
ああ、わかったよ。	아、알았다고。
あ、どうしたの？	아、왜 그래？
みんなもそろってるようだな。	다들 모인 모양이군。
（ピシャッ！）	（찰싹！）
よし、がんばって練習だ！	좋아、열심히 연습하자！
なにっ！	뭣！
うるさい！	시끄러워！
ええ、いいですよ。	네、좋아요。
さあ、たっぷり食べてね。	자、많이 먹으렴。
聞いてくれ、	들어봐、
あ、はい！	아、네！
・・・ゲーム？	・・・게임？
ふむふむ。	흠흠。
うーんとね・・・	그게 말이야・・・
やあ、いらっしゃい。	야、어서 와。
なんだって！	뭐라고！
お、おう・・・	오、오냐・・・
そ、そうかな。	그、그런가。
・・・ハァ。	・・・하아。
やったー、勝ったぞ！	해냈다、이겼어！
ああ、それなら・・・	아、그거라면・・・
（おーっ！）	（오옷！）
（ビキッ！）	（빠직！）
おーい！	어～이！
わかったでやんす！	알겠습죠！
まあな。	그렇지。
・・・はあ？	・・・하아？
おう、	오냐、
えっ、オレ？	엇、나？
ごめんごめん。	미안미안。
へえ、すごいな。	허、대단한걸。
ああ、すまないな。	아、미안하군。
そうそう、	맞다맞다、
ちょ、ちょっと待て！	자、잠깐만！
・・・あきれた。	・・・참나。
うわぁ！	우와악！
今の音は！？	방금 소리는！？
きゃあ！	꺄악！
あ・・・。	아・・・。
い、いや・・・	아、아니・・・
はい、今	네、지금
はい、ありがとうございます。	네、감사합니다。
あっ？	엉？
さて、試合に行くか。	자、시합하러 갈까。
よお、今からお出かけかい？	여어、지금 나가는 길인가？
いや、戻ってきたんだよ。	아니、돌아온 거야。
なんだと？！	뭐라고？！
ああ、そういえば・・・	아、맞다・・・
貴様！	네놈！
・・・遅いな。	・・・늦는군。
監督、大変だ！	감독님、큰일이야！
だましたな！	속였구나！
これですよ、これ！	이거예요、이거！
なんだと？	뭐라고？
（シュルシュル）	（슈룩슈룩）
いいから、いいから。	됐어、됐어。
・・・そうだ。	・・・맞아。
ええ、もちろんです。	네、물론이죠。
そお？	그래？
・・・ねえ、あなたたち。	・・・저기、너희들。
・・・いや、なんでもない。	・・・아니、아무것도。
うん、ありがとう。	응、고마워。
・・・ふーん。	・・・흐음。
はぁ。	하아。
・・・へ？	・・・헤？
そうなの？	그래？
おいおい。	어이어이。
あはははは。	아하하하。
買い物の帰りか？	장 보고 오는 길？
あー、良かった。	아、다행이다。
はあ。	하아。
ああ、たしかに	아、하긴
なんと！	이럴 수가！
うん、そうだよ。	응、맞아。
いや、いいんだよ。	아니、괜찮아。
大丈夫、大丈夫。	괜찮아、괜찮아。
いや、俺は・・・	아니、나는・・・
・・・・・・え？	・・・・・・어？
そうなのか。	그런 거야。
・・・わかった。	・・・알았어。
よし、やってみるよ。	좋아、해볼게。
ふっふっふ。	후후후。
はい、終了！	자、끝！
うん？	응？
うそ。	거짓말。
ありがとうございます！	감사합니다！
どうした、	무슨 일이야、
お疲れ様。	수고했어。
さあ、始めようか！	자、시작할까！
ああ、そうだったな。	아、그랬지。
そうだったのか？	그랬던 거야？
ほんとすごいよ！	정말 대단해！
・・・まいったな。	・・・난감하네。
お疲れ様！	수고했어！
ええー？	에에～？
ああ、まかせろ。	아、맡겨줘。
あ、あの・・・	아、저기・・・
当たり前でやんす！	당연합죠！
ちょ、ちょっと！	자、잠깐！
違うでやんす。	아닙죠。
心配するな。	걱정 마。
わ、わかった。	아、알았어。
ちょっと待って、	잠깐만、
ううん。	아니。
え、なに？	어、뭐？
違うのよ！	아니라니까！
あいつらは？	그놈들은？
あーあ。	아아。
いらないよ。	필요 없어。
どういう意味だ？	무슨 뜻이야？
・・・・・・そう。	・・・・・・그래。
もちろんだ。	물론이지。
どういう意味？	무슨 뜻？
ほっといてくれ。	내버려 둬。
お、お前は！	너、너는！
おっす。	안녕。
ほんと～に？	정말～？
何してるの？	뭐 하는 거야？
仕方が無い。	어쩔 수 없지。
ごめんなさい。	미안해요。
かっこいい！	멋있어！
どうしよう。	어쩌지。
おかえり。	어서 와。
こんにちは。	안녕하세요。
いや、特に目的があるわけじゃない。	아니、딱히 목적이 있는 건 아냐。
まあ、こんな商店街だしなぁ。	뭐、이런 상점가니까。
今日は、次の試合に向けて	오늘은、다음 시합을 위해
ま、たぶんオレの気のせいだろう。	뭐、아마 내 착각이겠지。
おや、どうしました会長さん。	어라、무슨 일이죠 회장님。
君が集めていた古地図。	네가 모으던 옛 지도。
ちょっとウチの店に来ておくれよ！	잠깐 우리 가게에 좀 와줘！
今日はクリスマスイブでしょ。	오늘은 크리스마스이브잖아。
ははは、気にしなくていいよ。	하하하、신경 쓰지 마。
ふふふ・・・後のお楽しみ。	후후후・・・나중에 알려줄게。
・・・観に来てくれてたの。	・・・보러 와줬구나。
この前のお芝居に、	지난번 연극에、
・・・はぁはぁ・・・	・・・헉헉・・・
あ、ちょっと、お勘定！	아、잠깐、계산！
わーい、やったでやんす！	와아、해냈습죠！
すごく緊張してきたな。	엄청 긴장되네。
ゲネプロお疲れさま。	리허설 수고했어。
おじちゃん、大丈夫でやんすか？	아저씨、괜찮습죠？
なあに、急げばまだ間に合う！	뭘、서두르면 아직 늦지 않아！
くそ、まだ２人もいるのか！	젠장、아직 둘이나 남았어！
よーし、オレが出場してやるから	좋아、내가 출전할 테니까
こんな大差で負けておいて	이런 큰 점수차로 지고서
よそ者は、ひっこんでろ！	외지인은 빠져 있어！
な、殴ったな？	너、때렸겠다？
オイやめろ！	그만해！
やれやれ、やっと球場に・・・	나 원 참、겨우 구장에・・・
試合が終わってるでやんす！？	시합이 끝났습죠！？
ああ、今ごろ球場に来たのか。	아、이제야 구장에 왔구나。
あの監督、試合は・・・	저기 감독님、시합은・・・
助っ人と、商店街の人たちですか。	용병이랑、상점가 사람들인가요。
わかってんなら話は早い。	알면 얘기가 빠르지。
なんだとカニ！？	뭐라고 게！？
査定してみたけど・・・	평가해 봤는데・・・
もうすぐ開演か。	이제 곧 개막인가。
・・・・・・ごめん。	・・・・・・미안。
じゃあ、遠慮なくいただきます。	그럼、사양 않고 먹을게요。
に、逃げやがった！	도、도망쳤어！
キャッチボールでもしようか？	캐치볼이라도 할까？
じゃあ、いくよ～	그럼、간다～
守備練習だね～。	수비 연습이네～。
じゃあ、いくぞ！	그럼、간다！
ナイスキャッチ！	나이스 캐치！
まあ尋ねるだけ無駄だと思うが、	뭐 물어봐야 소용없겠지만、
ああ、やっぱりそうだよな。	아、역시 그렇지。
そんな事ない	그렇지 않아
誉めて。	칭찬해 줘。
はっ？	엉？
違う。	아니야。
本当にそれだけでいいのか？	정말 그거면 되는 거야？
じゃあ、よろしく。	그럼、잘 부탁해。
おしまい。	끝이야。
コーヒーが飲みたい。	커피가 마시고 싶어。
先に行ってる。	먼저 갈게。
お腹空いてるんじゃないの？	배고픈 거 아냐？
ただでコーヒー飲めるからな。	공짜로 커피 마실 수 있으니까。
今は無理だと言ったはず。	지금은 안 된다고 했잖아。
えっ？いや、特には無いけど・・・・。	엇？아니、딱히 없는데・・・。
今日はあの人、いるかな？	오늘은 그 사람、있을까？
今日はまだ来てないけど。	오늘은 아직 안 왔는데。
いらっしゃいませ！お嬢様	어서 오세요！아가씨
それで何の質問だったの？	그래서 무슨 질문이었어？
貴方の事を知りたかっただけ。	당신을 알고 싶었을 뿐이야。
十分だ。	충분해。
何か問題？	뭐 문제 있어？
よう。	여어。
別に。	딱히。
何を言ってるんだ？	무슨 소릴 하는 거야？
今日は特別な日だから。	오늘은 특별한 날이니까。
特別な日？	특별한 날？
敬老の日。	경로의 날。
やっぱりそれか！	역시 그거였군！
お、おい。	어、이봐。
どれどれ？	어디 보자？
あっ！逃げた！	앗！도망쳤다！
なにそれ？	그게 뭐야？
この幸せな日々を。	이 행복한 나날을。
生まれ変わり？	환생？
なんで、そんな事を	왜 그런 짓을
じゃあねって！ちょ、ちょっと！	잘 가라니！자、잠깐！
何ですか？	뭔가요？
いいですけど。何であんな男に？	괜찮지만。왜 저런 남자한테？
しかし、さっきのは何だったんだ？	근데、방금 그건 뭐였지？
な、なんだ？	뭐、뭐야？
ハムエッグ５０人前。	햄에그 50인분。
お、おごりって・・・・・・。	사、산다니・・・・・・。
せっかくなんだから味わって	모처럼이니까 음미하며
罰ゲームかよ！！	벌칙 게임이냐！！
水ぐらいは無料にしておいてあげる。	물 정도는 공짜로 해줄게。
それはタダだろ！	그건 공짜잖아！
じゃあ、ごゆっくりおくつろぎください	그럼、편히 쉬세요
が、頑張るよ。	여、열심히 할게。
つっかまえた～！	잡았다～！
な～んだよ～！	뭐～야～！
というか、俺が何をした？	그보다、내가 뭘 했다고？
だって顔が怖いじゃん。	얼굴이 무섭잖아。
お前だけには言われたくない。	너한테만은 듣고 싶지 않아。
お前のボールさばきは、	네 공 다루는 솜씨는、
ボ～クは人を笑わせて、	나～는 남을 웃겨、
ああ、いい返事を待ってるよ。	아、좋은 대답 기다릴게。
それはなに？	그건 뭐야？
タランチュラの唐揚げ。	타란튤라 튀김。
・・・・・・ん？	・・・・・・응？
おい！君！	어이！자네！
ああ、すまない。	아、미안해。
食べたい物ある？	먹고 싶은 거 있어？
わ、わかったよ。	아、알았어。
ハムサンド５０人前。	햄샌드 50인분。
本当だ。	진짜네。
この間？	저번에？
そうかい。	그러셔。
違うよ～。	아니야～。
こんにちわ。	안녕하세요。
気にするな。	신경 쓰지 마。
・・・ほとんどの店が閉まっている。	・・・대부분 가게가 닫혔어。
よし、これでなんとか・・・・	좋아、이걸로 어떻게든・・・
三人そろって	셋이 모여서
ああ、俺を試合に出させないための	아、날 시합에 못 내보내려는
グラウンドでチーム員がケンカを	그라운드에서 팀원이 싸움을
基本的にダメ人間の分類に入る人だから。	기본적으로 인간 실격 부류니까。
ゴクゴクゴクゴク。	꿀꺽꿀꺽꿀꺽。
すみませ～ん。	죄송해요～。
コーヒーだけじゃ胃に穴が開いてしまい	커피만 마시면 위에 구멍 나서
コーヒーを飲んでるから	커피를 마시고 있으니까
きっと野球をやればそれが存分に	분명 야구하면 그게 실컷
今日はさすがに疲れたな。	오늘은 정말 지쳤네。
私の部屋のカギ。	내 방 열쇠。
いいじゃない、減るもんなんだし。	괜찮잖아、닳는 것도 아니고。
へぇ、こんな所にレストランか	허、이런 곳에 레스토랑이라니
今日は、楽しかったな。	오늘은、즐거웠어。
うん、いいね。	응、좋네。
よし、そこに決定！	좋아、거기로 결정！
なにかないかな？	뭐 없나？
なんだよ、それ。	뭐야、그거。
それは、よかった。	그건、다행이야。
今日は、食事ごちそうさま。	오늘 식사 잘 먹었어。
ああ、また一緒に食べような。	아、또 같이 먹자。
そんなんじゃないって！	그런 거 아니라니까！
おっと、まずい！	이런、큰일이다！
そりゃよかった。	그거 다행이네。
ひらめきましたぞ！	떠올랐어요！
完成しましたぞ！	완성했어요！
なんですかな？	뭔가요？
忙しいのか忙しくないのか	바쁜 건지 안 바쁜 건지
ちょっと待ってて。	잠깐 기다려。
どうしようかな。	어쩔까。
河原にあなたがテントを張ったとき、	강가에 네가 텐트를 쳤을 때、
（グラウンドへ行って練習をしました）	（그라운드에 가서 연습했다）
オイラ、子供だからよくわかんない	나는、애라서 잘 모르겠어
（はりきりすぎて、怪我してしまった！）	（너무 무리해서、다쳐버렸다！）
ひと駅むこうの町に建築中の	한 정거장 건너 동네에 짓고 있는
ずるいぞ、プレゼントがないなんて	치사해、선물이 없다니
（一緒に河原を散歩しました。）	（같이 강가를 산책했다。）
（裏山でハイキングをしました。）	（뒷산에서 하이킹했다。）
（都会の喧騒を楽しんだ！）	（도시의 소란을 즐겼다！）
（遊園地で遊びました。）	（놀이공원에서 놀았다。）
・・・なんだ、お前	・・・뭐야、너
なんだか、オイラを放して	왠지、나를 내버려두고
７回を終わって４点差か・・・	7회 끝나고 4점차인가・・・
うわああ、テレビ、テレビ～！	우와아、티비、티비～！
（バタン。）	（쾅。）
（ゴク、ゴク・・・）	（꿀꺽、꿀꺽・・・）
（ガーーーン！）	（쿠과아앙！）
（ドサッ！）	（털썩！）
（キキキー！！）	（끼기긱！！）
（パンパン！）	（탕탕！）
（ガタッ）	（덜컹）
じゃあ、俺が打つから	그럼、내가 칠 테니까
（バシィ！）	（빠악！）
うん・・・・・・・。	응・・・・・・・。
シャキーン！	번쩍！
うっわ～。	우와～。
いつもの席で	늘 여기
もうすでに席で	이미 자리에서
（まったく機嫌が直らないなあ）	（도무지 기분이 안 풀려）
あっ・・・・・・。	앗・・・・・・。
（ピーーーーー！）	（삐이이이잉！）
ウイーーーン！	위이이잉！
（パタン！）	（쾅！）
ヴヒャハ～イ！	우햐하～이！
（ポテッ！）	（툭！）
（ガッシィーーー！）	（콰아악！）
笑わせる、笑ってもらうっていうのは、	웃기고、웃게 만든다는 건、
ナイナイ。	아냐아냐。
（ユッサ！ユッサ！）	（들썩！들썩！）
ハハハ。	하하하。
そう・・・・・。	그래・・・・・。
（ゴソゴソ）	（부스럭）
俺の前でも数分は営業スマイルを	내 앞에서도 몇 분은 영업 미소를
あれ？今日は	어라？오늘은
は、はいぃぃぃぃい！	네、네에에에엣！
（ポイッ！！）	（휙！！）
うん、ちょっと来てみただけ。	응、그냥 와본 것뿐이야。
わざわざ、来るなんて	일부러、오다니
いやぁ、それほどで	아니、그 정도는
いやぁ。	아니。
（シュッ）	（휙）
（ヒュッ）	（휭）
へぇー。	허어～。
どうもすみません。	정말 죄송해요。
（パチパチパチ）	（짝짝짝）
（そのころ・・・）	（그 무렵・・・）
（トントントントントン・・・・・）	（똑똑똑똑똑・・・）
勝ったぞ！	이겼다！
いただきます。	잘 먹겠습니다。
（・・・今日は部活があるから、	（・・・오늘은 동아리가 있으니까、
あははっ、そうだろうね。	아하하、그렇겠지。
ああ・・・なるほど。	아・・・그렇군。
あ、いや・・・	아、아니・・・
なんだ、そういうことか。	뭐야、그런 거야。
いいですか？	괜찮아요？
どうも、こんにちは。	안녕하세요。
あれ、どうしたんでやんす？	어라、무슨 일입니까？
ちくしょう！	젠장！
・・・・ムシャ。	・・・・우걱。
（しかし、たぶん	（하지만、아마
あはは、他人を	아하하、남을
俺のことは	내 얘기는
（ククク。	（크크크。
（他の物も	（다른 것도
（ピクッ！	（움찔！
なんで～？	왜～？
ちょっと	잠깐
お待たせ	오래 기다렸지
ニコニコ	싱글벙글
コロッケ	고로케
あの人に	그 사람한테
今夜は	오늘 밤은
できる	할 수 있어
逃げたって事は嫌がってるという事か？	도망쳤다는 건 싫어한다는 뜻인가？
では、この話の続きは次回という事に	그럼 이 얘기의 뒷부분은 다음에
ありがとうございました。ご主人様	감사했습니다。주인님
ちょっと体を動かしてくるよ。	잠깐 몸 좀 움직이고 올게。
こんな所で何をしているんだ？	이런 데서 뭐 하는 거야？
ワタシは、料理人ですからな。	저는 요리사이니까요。
今日は、もうしまいだから。	오늘은 이제 끝이니까。
今日もよくがんばったな。	오늘도 잘 해냈구나。
そうです。すみません。	맞습니다。죄송합니다。
楽しかったでやんす！	즐거웠습죠！
どういうことなんだ？	무슨 소리야？
パソコンがいっぱい？	컴퓨터가 잔뜩？
・・・・・・まあな。	・・・・・・그렇지。
何をやっているんだ？	뭘 하고 있는 거야？
やっぱりそうだよな。	역시 그렇지。
なんだ、どうした？	뭐야、무슨 일이야？
大丈夫でやんすか？	괜찮습죠？
すごいじゃないか。	대단하잖아。
どこに住んでるの？	어디 살아？
なにやってるんだ！	뭐 하는 거야！
うん。わかった。	응。알았어。
うらやましいな。	부럽네。
そうですね・・・	그렇네요・・・
それでいいのか？	그걸로 괜찮아？
ちょっと待った！	잠깐만！
ちぇ、なんだよ。	칫、뭐야。
どうしたんだね。	무슨 일인가。
おい、大丈夫か？	야、괜찮아？
ちょっと待てよ。	잠깐 기다려。
今日も買い物か？	오늘도 장 보는 거야？
そんな事はない！	그렇지 않아！
ちょっと・・・	잠깐・・・
あっ、そうだ！	앗、맞다！
何を言ってるの	무슨 소리야
ちょっと待て！	잠깐 기다려！
まあ、頑張れ。	뭐、힘내라。
じゃあ・・・	그럼・・・
だが、お前は	하지만 넌
じゃ、今日は	그럼 오늘은
（ガラッ！）	（드르륵！）
待てよ・・・	기다려・・・
わかってる。	알고 있어。
なんだコレ？	뭐야 이거？
これですか？	이건가요？
な、なんで？	왜、왜？
あ、あれ？	아、어라？
母ちゃん。	엄마。
できるよ。	할 수 있어。
気のせい。	기분 탓이야。
冗談だよ。	농담이야。
いらない？	필요 없어？
珍しいな。	드문 일이군。
頑張れよ。	힘내라。
おっさん！	아저씨！
なんかさ、	뭔가 말이야、
これは、	이건、
まさか！	설마！
ますます	점점 더
すまん。	미안하다。
大丈夫？	괜찮아？
確かに。	확실히。
だけど？	하지만？
つまり？	그러니까？
なんで、	왜、
そういう	그런
ないな。	없군。
お前は	너는
これは	이건
ここは	여긴
今まで	지금까지
自鼻の	자기 코의
あれは	저건
２つ？	２개？
敵は	적은
名前？	이름？
名前。	이름。
内緒	비밀
・・・私は	・・・나는
・・・俺は	・・・나는
ほ、	호、
ひぃ！	히익！
はぁ～～～。	하아～～～。
ねえ	있잖아
ね、	저기、
ちわ、	안녕、
ご、	고、
お？	오？
え！？	어！？
うむ	음
うっ・・・・・。	윽・・・・・。
ボ～クはバッティング練習がしたいな～。	나～는 배팅 연습이 하고 싶어～。
ちゃんと答えるから、なんでも聞いてね。	제대로 답할 테니까 뭐든 물어봐。
い、いったい何を考えるんだ、あの子は。	다、저 애는 대체 무슨 생각이야。
なんだか避けられたような気がするな。	왠지 피하는 것 같은 기분이 드네。
失礼なこと言っちゃってごめんなさい。	실례되는 말 해서 미안해요。
今まで公演してた劇場のオーナーがね、	공연하던 극장 주인이 말이야、
こっちは本当になにもないんだからな。	이쪽은 정말 아무것도 없으니까。
なにわけのわかんないこと言ってんだ？	무슨 영문 모를 소릴 하는 거야？
試合に来なかった理由は聞かないから、	시합에 안 온 이유는 안 물을게、
な、なんなんだこのハムエッグの量は？	이、이게 무슨 햄에그 양이야？
何をどう見て、その結論に達するんだ？	뭘 어떻게 보면 그런 결론이 나와？
人の好みに口を出しても無駄だからな。	남의 취향에 참견해도 소용없으니까。
「先着３名様に店長新作コーヒー無料」	「선착 ３명 점장 신작 커피 무료」
いつも適当なんだよ、店開けてるの。	늘 대충이야、가게 여는 거。
「人間として大事なモノが欠けてる」	「인간으로서 중요한 게 빠졌어」
それより、あのメガネかけた子供な。	그보다 저 안경 낀 애 말이야。
なんだか縛られてたような気もする。	왠지 묶여 있던 듯한 기분도 들어。
俺、プレゼントを用意してないんだ。	나 선물을 준비 안 했어。
その身にきざみこんで教えてやるぜ！	그 몸에 새겨서 가르쳐 주지！
恥をさらしていただけだと思うがね。	망신만 당한 거라고 생각하는데。
今だって、私のプレゼントに驚いた。	방금도 내 선물에 놀랐잖아。
どう見たってかわいいじゃないか～。	어떻게 봐도 귀엽잖아～。
そんな事より、野球をしてみないか？	그보다 야구를 해보지 않을래？
見かけで判断しちゃいけないよね。	겉모습으로 판단하면 안 되지。
晩ごはんまで自由にしてていいぞ。	저녁까지 자유롭게 있어도 돼。
いい作品に仕上がってきたと思う。	좋은 작품으로 완성돼 간다고 봐。
いいから、オレに任せておけって。	됐으니까 나한테 맡겨두라고。
キャ～ッチボールでもやろうよ～。	캐치볼이라도 하자～。
だから毎日が誕生日みたいなもの。	그래서 매일이 생일 같은 거야。
ボ～クが何したって言うんだよ～！	내～가 뭘 했다는 거야～！
だからうちのチームに入らないか？	그러니까 우리 팀에 안 들어올래？
何やってんだいこんなところで？	이런 데서 뭐 하는 거야？
客なんかめったに来ないからさ、	손님 따위 거의 안 오니까、
さてと、そろそろお店開けるか。	자、슬슬 가게 열까。
わたしは見てのとおりバイト中。	나는 보다시피 알바 중。
ここまで来れば、あの男も・・・・・。	여기까지 오면 그 남자도・・・・・。
これからは、この商店街の一員として	앞으로는 이 상점가의 일원으로서
・・・こんな幸せな気分をくれるなんて	・・・이런 행복한 기분을 주다니
裁判が終わるらしいから、そうしたら	재판이 끝난다니까 그러면
なら、無理に誘わない方がいいのかも	그럼 억지로 안 부르는 게 나을지도
お席にお持ちしますので、しばらく	자리로 가져다드릴 테니 잠시
さっきまであの人来てたけど、外で	방금까지 그 사람 왔었는데 밖에서
でもテントに帰って横になったら、	근데 텐트에 돌아가 누웠더니
むしろこっちのチームが分裂してる	오히려 이쪽 팀이 분열돼 있어
なんか、遠くまで見渡せるところに	뭔가 멀리까지 내다보이는 곳에
そのかわり、俺が見た事もないような	그 대신 내가 본 적도 없는 듯한
こちらの出すカードと相手のカードの	이쪽이 내는 카드와 상대 카드의
俺はこの街に秘密基地を設置するため	난 이 동네에 비밀기지를 세우려고
ニマクア、ルウィシマータ・・・	니마쿠아、루위시마타・・・
気にしないでがんばってこいよ。	신경 쓰지 말고 힘내고 와。
久しぶりに助っ人なしで試合か。	오랜만에 용병 없이 시합인가。
すごく安くしてくれるんだって。	엄청 싸게 해준대。
遠くまで見渡せるとこに来たの。	멀리까지 보이는 곳에 왔어。
どっかに行っちゃったでやんす。	어딘가로 가버렸습죠。
バッティングを見せてくれよな。	배팅을 보여줘。
カフェオーレ、ブレンドティー、	카페오레、블렌드 티、
今日も気にせずに本を読んでて。	오늘도 신경 쓰지 말고 책 읽어。
前にも、どこかに行ってたよね。	전에도 어딘가 갔었지。
今日は量が少なかったからな。	오늘은 양이 적었으니까。
次は勝つぞ、こんちくしょう！	다음엔 이긴다、빌어먹을！
「怪傑とぐろ金属バット！！」	「괴걸 또구로 금속 배트！！」
いったい、なにがあったんだ？	대체 무슨 일이 있었던 거야？
で、どうしてここに来たんだ？	그래서 왜 여기 온 거야？
お姉ちゃんに聞いたんだけど、	누나한테 들었는데、
最高のプレゼントじゃないか。	최고의 선물이잖아。
セリフが抜けたらどうしよう。	대사를 까먹으면 어쩌지。
お前、今日は出ないはずだろ！	너 오늘은 안 나올 거잖아！
じゃあ、今日は帰るとするよ。	그럼 오늘은 돌아갈게。
とりあえず中に入ってみよう。	일단 안에 들어가 보자。
だから一緒に野球をやろうぜ。	그러니까 같이 야구하자。
まあ明日にでも聞いてみよう。	뭐 내일이라도 물어보자。
高層マンションがあるだろ。	고층 맨션이 있잖아。
試合はどうしたんでやんす！	시합은 어떻게 된 겁죠！
でも、これから反撃ですよ！	하지만 이제부터 반격이에요！
じゃあ、俺が投げてやるよ。	그럼 내가 던져줄게。
気が向いたらここに来るよ。	마음 내키면 여기 올게。
今日も一人で行って欲しい。	오늘도 혼자 갔으면 해。
俺の顔になんかついてるか？	내 얼굴에 뭐 묻었어？
俺はまだそんな歳じゃねえ！	난 아직 그럴 나이 아니야！
何が言いたかったんだろう？	뭘 말하고 싶었던 걸까？
キャッチしたという事だね。	잡았다는 거네。
私も、あの人の歌好きだし。	나도 그 사람 노래 좋아하고。
おう、配達が終わったか。	오、배달 끝났어？
ユニフォーム着てるだろ。	유니폼 입고 있잖아。
いいや、このままでいい。	아니、이대로 괜찮아。
今日は大事な試合の日なんだし	오늘은 중요한 시합 날이고
誰にだって言えない事はあるから	누구에게나 말 못 할 일은 있으니까
食べ物あげるつもりは、ないぞ？	먹을 걸 줄 생각은 없는데？
ご老人達を敬い、尊ぶ日ですよ	노인분들을 공경하고 기리는 날이에요
まだみんなぎこちないけど、	아직 다들 어색하지만、
しばらくお待ちくださいご主人様	잠시만 기다려 주세요 주인님
プロデュース公演しないかって	프로듀스 공연 안 하겠냐고
なにか爆発したようだが。	뭔가 폭발한 것 같은데。
いや、本当によかったな。	아니、정말 다행이야。
わ、わかったでやんすか？	아、알겠습죠？
いいかげんにやめなさい。	이제 그만 좀 해。
舞台初日に挑みましょう。	무대 첫날에 도전합시다。
やっぱりこんなザマかよ。	역시 이 꼴이군。
これは何が入ってるんだ？	이건 뭐가 들어있는 거야？
ああ、別に構わないけど。	아、딱히 상관없지만。
私に隠してる事があるの？	나한테 숨기는 거 있어？
生まれ変わりがどうとか。	환생이 어쩌고 하는。
急ぎの用事のようですな。	급한 볼일이 있나 보군요。
何度言ったらわかるの！	몇 번을 말해야 알아！
（シャキーーーン！！）	（번쩍～！！）
おじちゃーーーーーん！	아저씨～！
きゃああああ～～～！！	꺄아아아～～～！！
まだこの町にいたのか？	아직 이 동네에 있었어？
私にはわかりませんな。	저는 모르겠군요。
よーし、絶対に勝つぞ！	좋아、반드시 이긴다！
わたしも買ってないし。	나도 안 샀고。
まずは、ご飯食べよう！	우선 밥 먹자！
・・・試合を放棄する！	・・・시합을 포기한다！
じゃあ、一気でいくぞ！	그럼 단숨에 간다！
何の質問だったのコレ？	이거 무슨 질문이었지？
誇る草野球チームですよ。	자랑스러운 동네 야구팀이에요。
だから今夜は、こうやって	그러니까 오늘 밤은 이렇게
キャプテンとしてチームを	주장으로서 팀을
見かけることはなくなりました。）	볼 수 없게 되었습니다。）
たしかに強い敵なんだが・・・	확실히 강한 적이지만・・・
ここに居たら自分で食事作らなくてもいい	여기 있으면 직접 밥 안 해도 되고
自分を縛る鎖を引きちぎる事ができるのは	자기를 묶는 사슬을 끊는 건
本番どおりの手順でやる	실전과 같은 순서로 한다
お父さんとお母さんが、	아빠랑 엄마가、
偽らない、その表情を。	꾸밈없는、그 표정을。
何で俺から逃げるんだ？	왜 나한테서 도망치는 거야？
見ていて凄いと思った。	보면서 대단하다고 생각했어。
あんなのは朝飯前さ～。	저런 건 식은 죽 먹기야～。
人を喜ばすって事だろ？	남을 기쁘게 하는 거잖아？
考えろ！どこに行った！	생각해！어디로 간 거야！
俺は君のそばに居るよ。	난 네 곁에 있을게。
今日、うちに来ないか？	오늘 우리 집에 안 올래？
わからないだろ。	모르겠지。
来たかったんだ。	오고 싶었어。
お疲れ様でした。	수고하셨습니다。
なにをしに来た？	뭐 하러 왔어？
お持ちください。	가져가세요。
何かあったっけ？	뭔가 있었던가？
今日は何の日だ？	오늘은 무슨 날이지？
どこ行ったんだ？	어디 간 거야？
何も変わらない。	아무것도 안 변해。
無いじゃないか。	없잖아。
ぶっ飛ばすぞ！	날려버린다！
急に真っ暗に！	갑자기 캄캄해졌어！
さあ、帰ろう。	자、돌아가자。
なんてザマだ！	이게 무슨 꼴이야！
終わりました。	끝났습니다。
見たんだって。	봤대。
言っておいて。	말해 둬。
君のお母さん。	너희 어머니。
君、大丈夫か？	너、괜찮아？
守ってくれよ。	지켜줘。
七番テーブル。	7번 테이블。
思ってるのね。	생각하는 거구나。
今日も来たよ。	오늘도 왔어。
仕方が無いよ。	어쩔 수 없지。
会わなかった？	못 만났어？
ちょっと待て。	잠깐 기다려。
どうしようか？	어떻게 할까？
食べなさいよ。	먹으라니까。
信じていいの？	믿어도 돼？
美味しかった。	맛있었어。
怒ってますよ？	화났어요？
おい、お前！	어이、너！
気にするな！	신경 쓰지 마！
どこ行くの？	어디 가？
策略だろう。	책략이겠지。
おーい審判！	어이～ 심판！
くるからね。	올 테니까。
わかった～。	알았어～。
抹茶パフェ。	말차 파르페。
行って来る。	갔다 올게。
遅くなった。	늦었네。
実行するぞ。	실행한다。
まあ、いい。	뭐、됐어。
いいかな～？	괜찮을까～？
今、何時だ？	지금、몇 시야？
お腹空いた。	배고파。
どうする？	어떡할래？
わんわん！	멍멍！
お父さん！	아버지！
助かるよ。	덕분에 살았어。
行くなよ！	가지 마！
諦めるか。	포기할까。
やった～！	해냈다～！
いいよ～！	좋아～！
お待たせ。	오래 기다렸지。
気がする。	기분이 들어。
言えない。	말 못 해。
ないのか？	없는 거야？
くっそ～！	젠장～！
思うんだ。	생각해。
いるんだ。	있어。
思うから。	생각하니까。
待ってな。	잠깐 기다려。
よしっ！	좋았어！
戻ろう。	돌아가자。
キャッ！	꺄악！
いくら？	얼마야？
公園で。	공원에서。
おじちゃーーん！！	아저씨～～！！
言ってなかったか？	말 안 했었나？
恥ずかしいからな。	부끄러우니까。
カッコ良かったよ。	멋있었어。
君がどうしたんだ。	군이 어쨌다는 거야。
声かけてくれたの。	말 걸어줬어。
今から逆転するぞ！	지금부터 역전한다！
まとめ直してくれ。	다시 정리해 줘。
行ってらっしゃい。	다녀오세요。
なんか反応しろよ！	반응 좀 하라고！
無いじゃないか～。	없잖아～。
保ってくれないか？	유지해 주지 않겠나？
なんか顔色悪いぞ？	왠지 안색이 안 좋은데？
ご飯作ってやるよ。	밥 해줄게。
君、鍋の用意じゃ！	자네、냄비 준비일세！
遠前支店）	원전 지점）
・・・・・・・・・おじちゃん。	・・・・・・・・・아저씨。
思うんだけど、いいかしら？	생각하는데、괜찮을까？
始めたんで、試合放棄した。	시작해서、시합을 포기했다。
しなくちゃなんないのさ～？	해야 하는 거야～？
・・・段取り大丈夫かな。	・・・준비는 괜찮으려나。
生かされると思うんだ。	활용될 거라고 생각해。
じゃ、約束したからな。	그럼、약속한 거다。
すぐに帰って来いよ。	금방 돌아와라。
次がんばろうぜ、次！	다음에 힘내자、다음！
見て回っていたんだ。	둘러보고 있었어。
なんだこのチームは！	뭐야 이 팀은！
本来の姿なんですよ。	본래 모습인 거예요。
いいじゃないですか。	좋잖아요。
あげようじゃないか。	주지 않겠나。
すごいごちそうだな。	굉장한 진수성찬이네。
観に来てくれてたの！	보러 와 줬던 거야！
よかったじゃないか！	잘됐잖아！
恥ずかしくないのか？	부끄럽지도 않냐？
お前達、試合中だぞ？	너희들、시합 중이잖아？
下見に来たのだカニ！	사전답사하러 왔다 게！
ハァ、緊張してきた。	하아、긴장된다。
見せてもらおうかな。	어디 한번 봐 볼까。
どこに行っているの？	어디에 간 거야？
じゃあ、また来るよ。	그럼、또 올게。
じゃあ・・・・・・。	그럼・・・・・・。
生えると思いなさい。	자란다고 생각하렴。
まさか・・・・・・。	설마・・・・・・。
ぐっすり寝れそうだ。	푹 잘 수 있겠다。
わかった、すぐ行く。	알았어、금방 갈게。
わかった、すぐ戻る。	알았어、금방 돌아갈게。
ちょっと待ってろよ。	잠깐 기다리고 있어。
そこで見かけたぜ。	거기서 봤다고。
・・・あ、そうだ。	・・・아、맞다。
ああ、俺の名前ね。	아아、내 이름 말이지。
いろいろな種類の。	여러 가지 종류의。
あった、これだ！	있다、이거다！
・・・ごめん。	・・・미안。
観てくれてて。	봐 주고 있어서。
あるでやんす。	있습죠。
それじゃあね。	그럼 안녕。
・・・帰ろう。	・・・돌아가자。
あげるよ～。	줄게～。
それじゃあ。	그럼。
それだけで。	그것만으로。
あるんだよ。	있단 말이야。
あれは？	저건？
し、頼んだら勝手に飲み物も食べ物も出て	고、부탁하면 음료도 음식도 나와
バナナパウンドケーキ、いちごのタルト、	바나나 파운드케이크、딸기 타르트、
「完全なヒモになったね」とか言われるん	「완전 기둥서방 됐네」라고 들어
さんを見つける事ができなかったけど	씨를 찾지 못했지만
したんじゃない、食いたかったから	한 게 아니라、먹고 싶었으니까
いもう一度このシーンをやり直す	い다시 한번 이 장면을 다시 하기
そんなボ～クが野球をする理由は	그런 나～가 야구를 하는 이유는
ちょっと考えてさせてもらっても	잠깐 생각 좀 해 봐도
とキャッチボールをしました）	와 캐치볼을 했습니다）
じゃあ、ボ～クから投げさせて	그럼、나～부터 던지게 해 줘
さんが、この街で頼るとしたら	씨가、이 동네에서 의지한다면
のそばに居る事になりました。	의 곁에 있게 되었습니다。
きそもそもカード野球とは？	き애초에 카드 야구란？
（壁の穴を塞ぐための荷物は	（벽 구멍을 막기 위한 짐은
の能力で喜んでくれる人達が	의 능력으로 기뻐해 주는 사람들이
夜中の二時、いつの間にか寝	한밤중 두 시、어느새 잠들어
だけど、それはどんな人間も	하지만、그건 어떤 인간이든
ただなんとなく、商店街を	그냥 왠지 모르게、상점가를
が助けてくれたでやんす！	가 도와줬습죠！
なにをおっしゃってるのか	무슨 말씀을 하시는 건지
リハーサルのことです。）	리허설 이야기입니다。）
お前に奥義のなんたるかを	너에게 오의가 무엇인지를
ま、あのままやっていても	뭐、그대로 계속해 봤자
あの格好でこの街にいる事	그 차림으로 이 동네에 있는 것
にも理由がありそうだし。	에도 이유가 있을 것 같고。
の能力はもったいないけど	의 능력은 아깝지만
にしかできない技を見せて	만이 할 수 있는 기술을 보여 줘
さんにおごってもらおうと	씨한테 얻어먹으려고
やっぱり餌付けされてるじ	역시 길들여지고 있는 거
がコーヒーを持ってきたら	가 커피를 가져오면
さん、来てくれたのかな？	씨、와 준 걸까？
さて、なんて反論しよう）	자、뭐라고 반박하지）
（・・・ごめんなさい、	（・・・미안해요、
がパワーアップした！）	가 파워업했다！）
おごってもらいました）	얻어먹었습니다）
は守備が上手いなあ～！	는 수비를 잘하네～！
って・・・・・貴方か。	라니・・・・・당신인가。
とりあえず、もう一回。	일단、한 번 더。
そんなに、いつもいつも	그렇게、항상 언제나
さん、何やってんすか？	씨、뭐 하는 거예요？
いああ、そうしよう。	い아아、그렇게 하자。
がんばっていきます。	열심히 하겠습니다。
景品がもらえます。）	경품을 받을 수 있습니다。）
Ｂボタンを押しながら	Ｂ버튼을 누르면서
を見失ったでやんす。	를 놓쳤습죠。
もいないってことは、	도 없다는 것은、
いつでも会えるように	언제든 만날 수 있도록
さん。昼食どうする？	씨。점심 어떻게 할래？
なんでボ～クが野球を	어째서 나～가 야구를
・・・ごめんね。）	・・・미안해。）
お前の目から見て、	네 눈으로 보기에、
トゥルルル・・・）	뚜르르르・・・）
女の子に会いに行く	여자애를 만나러 간다
ニコニココアラーズ	니코니코 코알라즈
ってチームだった。	라는 팀이었다。
ちゃん。いつもの。	짱。늘 먹던 걸로。
さんからのおごり。	씨가 사는 거야。
を演じてくるよ～。	를 연기하고 올게～。
よくわからない人だ	잘 모르겠는 사람이다
（チクショー！）	（제기랄！）
マックスパワーズ	맥스 파워즈
っていったっけ？	라고 했던가？
はどうしたんだ。	는 어떻게 된 거야。
わはははは・・・	와하하하하・・・
のチームに勝てば	의 팀에 이기면
それに引き換え、	그에 비해서、
の天才拳法家を？	의 천재 권법가를？
さんもお疲れ様。	씨도 수고했어。
もちろんだよ～！	물론이지～！
じゃないですか。	잖아요。
さんは居るかな？	씨는 있으려나？
さんが望むなら、	씨가 원한다면、
そうじゃないと、	그렇지 않으면、
このトレイが頭に	이 쟁반이 머리에
人に笑ってもらう	남을 웃게 만든다
観客が大勢居て、	관객이 많이 있고、
の部屋に住む事に	의 방에 살게
なるほど・・・	과연・・・
え打撃について	え타격에 대해서
い入ってみる。	い들어가 본다。
さんでやんす。	씨입죠。
なになに・・・	뭐야 뭐야・・・
すべて塞げば、	전부 막으면、
12月の2週目	12월 2주째
ありませんか？	없습니까？
ウンコ垂れの助	똥싸개스케
はどうなんだ？	는 어떤데？
は強いですね。	는 강하네요。
のが問題だな。	는 게 문제네。
やれやれ・・・	이런이런・・・
ませ。ご主人様	세요。주인님
さんが居ない。	씨가 없다。
まったく・・・	정말이지・・・
さんもどう？	씨도 어때？
狂犬ドッグス	광견 독스
できます。）	할 수 있습니다。）
相手チームが	상대 팀이
のでやんす。	인 겁죠。
それで・・・	그래서・・・
自信を持って	자신을 갖고
じゃないの？	아니야？
（バタッ！）	（털썩！）
い短縮しない	い단축하지 않는다
もらうよ～。	받을게～。
だからねっ！	니까！
しますかな。	할까요。
むむむ・・・	으음음・・・
カード野球	카드 야구
特殊カード	특수 카드
補助カード	보조 카드
さんたら。	씨도 참。
この勢いで	이 기세로
のやつらも	의 녀석들도
のチームに	의 팀에
う食べる。	う먹는다。
（その後、	（그 후、
木川古書店	목천 고서점
やっぱり、	역시、
ワルクロ団	와루쿠로단
第5回公演	제5회 공연
でやんす！	입죠！
なんとなく	왠지 모르게
（壁の穴を	（벽 구멍을
スーパーの	슈퍼의
じゃない！	아니야！
日本支社の	일본 지사의
マルチ商法	다단계 상법
とにかく、	아무튼、
ていうか、	그보다、
あのお芝居	그 연극
なりました	되었습니다
ピクッ！）	움찔！）
というか、	랄까、
ですよね？	그렇죠？
だろうな。	겠지。
なります）	됩니다）
君のように	너처럼
カレー屋	카레집
この町で	이 동네에서
Ｙボタン	Ｙ버튼
Ｘボタン	Ｘ버튼
押したり	밀거나
引いたり	당기거나
（今後は	（앞으로는
その後は	그 후에는
ちゃんは	짱은
それと、	그리고、
たまたま	우연히
さんにも	씨에게도
ちゃん、	짱、
そんなに	그렇게
が一人、	가 한 명、
の絶技を	의 절기를
ました）	했습니다）
ゃない）	아니야）
そんなの	그런 건
けどね。	지만。
残したら	남기면
貴方なら	당신이라면
からね。	니까。
ですよ。	예요。
さんは。	씨는。
この店は	이 가게는
電視炎斬	전시염참
さんって	씨는 말이야
のこと	의 일
水曜日	수요일
これが	이게
つばき	츠바키
もっと	더
大道具	대도구
小道具	소도구
え河原	え강가
じもん	지몬
明日は	내일은
きっと	분명
本当の	진짜
今日の	오늘의
ごんだ	곤다
ジュン	준
そんな	그런
のざき	노자키
いおり	이오리
ちゃん	짱
つまり	즉
の為に	를 위해
だけど	하지만
だめだ。	안돼
だめ。	안 돼。
やめろ！	그만해！
おめでとう！	축하해！
おめでとう。	축하해。
よろしく。	잘 부탁해。
大丈夫か？	괜찮아？
すごいね。	대단하네。
まだ？	아직？
たぶんね。	아마도。
もちろん！	물론！
あぶない！	위험해！
うるさいな。	시끄럽네。
おやすみ。	잘 자。
またね。	또 봐。
どうかしたの？	무슨 일 있어？
まさか。	설마。
しょうがないな。	어쩔 수 없네。
おつかれさま。	수고했어。
もうすぐ試合だな。	이제 곧 시합이네。
あ～早くケガが治らないかなぁ・・・	아～빨리 상처가 나으면 좋겠다・・・
何をしようかな	뭘 할까
それなら、前にあげたじゃないか。	그거라면、전에 줬잖아。
これにするのかい？	이걸로 할 거야？
あれれ、なんだか背中がカユイぞ。	어라、왠지 등이 가렵네。
他に教えて欲しいことはないか？	더 알고 싶은 거 없어？
ああ、まかせろ！	아、맡겨둬！
おーい、一緒にストレッチしようぜ。	어이、같이 스트레칭하자。
やあ、今日もバイトかい？	야、오늘도 알바야？
今日はお祭りよ！	오늘은 축제야！
へえ、そうなのか。	허、그런 거야。
ああ、一緒にがんばろうか。	아、같이 힘내볼까。
なんだか、妙に敬遠されて	왠지、묘하게 피해지는 것 같아
あなた、ちょっと聞いてちょうだい！	있잖아、잠깐 들어봐！
よし、まかせとけ！	좋아、맡겨둬！
他に聞きたいことはあるか？	더 묻고 싶은 거 있어？
また、あの倉庫から	또、그 창고에서
なんだ、またこの店は閉まってるぞ。	뭐야、또 이 가게 닫혔네。
うーむ、こうなると仕方がない。	으음、이렇게 되면 어쩔 수 없지。
へえ、今日も気合が入ってるね！	허、오늘도 기합이 들어갔네！
おっ、そこのアンタ！	옷、거기 당신！
し、しまった・・・	아、아뿔싸・・・
どうも腹具合がおかしいな？	아무래도 배 상태가 이상한데？
あれ、兄貴もグラウンドで練習？	어라、형도 그라운드에서 연습？
ねえ、今から出かけない？	있지、지금 안 나갈래？
今夜、何かあるのか？	오늘 밤、무슨 일 있어？
お祭りがあるんだって。	축제가 있대。
ああ、この野球の本ね・・・	아、이 야구 책 말이지・・・
・・・しょうがないわね。	・・・어쩔 수 없네。
演出が来なきゃ練習できないよ。	연출이 안 오면 연습 못 해。
・・・しょうがない。	・・・어쩔 수 없지。
そんなことは、	그런 건、
今日の練習はどうだった？	오늘 연습은 어땠어？
そうだなあ・・・	글쎄다・・・
けど、まだまだ良くしていかないとね。	근데、아직 더 잘해야겠어。
ああ、腹減ったなぁ。	아、배고프네。
じゃあ、これでも食えよ。	그럼、이거라도 먹어。
なんだい、この変な色のお菓子は？	뭐야、이 이상한 색 과자는？
さて、野球の試合に備えて練習するか。	자、야구 시합에 대비해 연습할까。
よォ、朝から気合が入っているようだな。	여어、아침부터 힘이 넘치네。
野球の試合でのコツを教えようか？	야구 시합 요령을 알려줄까？
なんだか、体の調子がおかしいぞ。	왠지、몸 상태가 이상해。
うーん、どうも体調がよくないな。	으음、아무래도 몸이 안 좋네。
ああ、そのつもりで来た。	아、그럴 생각으로 왔어。
アラ、めずらしいところで会うわね。	어라、별난 데서 다 만나네。
今日もいい天気だね！	오늘도 날씨 좋네！
・・・静かだな。	・・・조용하네。
しあわせ！	행복해！
気にしないで。	신경 쓰지 마。
そういうことね。	그런 거구나。
まあ、いいけど。	뭐、괜찮지만。
よくわからない。	잘 모르겠어。
それもそうだね。	그것도 그렇네。
う～ん・・・なんか	으음・・・뭔가
（ここでミニゲーム）	（여기서 미니게임）
でも、さすがに	근데、뭐
（おばちゃんの愚痴につきあわされた！）	（아줌마 푸념을 들어줬다！）
うーん、そこの演技	으음、거기 연기
ちょっと、ここの整理を手伝ってよ。	잠깐、여기 정리 좀 도와줘。
あら、イイ男だわ	어머、괜찮은 남자네
（ぎゅるるるる）	（꼬르르륵）
なあ、この本に載ってることどう思う？	있잖아、이 책 내용 어떻게 생각해？
まあ、兄貴の分まで、オレが華麗に	뭐、형 몫까지、내가 화려하게
（本番に向けて練習した！）	（본무대를 위해 연습했다！）
・・・ええっ？	・・・에엣？
（俺、そんなに変かなぁ？）	（내가 이상해？）
あれ、あんた	어라、당신
このおもちゃについてきた	이 장난감에 딸려온
ふ～ん、とりあえず	흐음、일단
ハーックション！	에에취！
（ゴロゴロゴロ・・・）	（데굴데굴데굴・・・）
おおー、一緒に練習するカニ？	오오、같이 연습할 거냐 게？
手加減はしないでカニよ～！	봐주지 않는다 게～！
（一緒に練習しました。）	（같이 연습했다。）
今日は河原で練習しようと思うんだ。	오늘은 강가에서 연습하려고。
わかった、つきあうよ。	알았어、같이 갈게。
（河原で一緒に練習しました。）	（강가에서 같이 연습했다。）
ああ、それじゃ仕方がない。	아、그럼 어쩔 수 없지。
ああ、それなら一緒に行こうか。	아、그럼 같이 갈까。
あれ、身体が動くぞ。	어라、몸이 움직여。
この幸せが、ある日突然こわれて	이 행복이、어느 날 갑자기 깨져서
うん、そうよね。	응、그렇지。
おや、今日は振興会の人たちは	어라、오늘은 진흥회 사람들은
ところで、朝晩の食事は	그런데、밥은
え、ええ・・・	어、응・・・
あらまあ。	어머나。
なあ、良かったら	있잖아、괜찮으면
なになに？	뭔데뭔데？
・・・あ、そうなのか？	・・・아、그런 거야？
いえ、特に用事があって	아뇨、딱히 볼일이 있어서
なんとなくね。	그냥 그런 거야。
まあいいか。	뭐 됐어。
おつかれ！	수고！
（あっは～～い！	（아하～～이！
（野球のことについて	（야구에 대해서
（あれ、身体が動かない？	（어라、몸이 안 움직여？
（怪しい奴が足元にいるぞ？	（수상한 놈이 발밑에 있어？
（・・・あ、こっちこそごめん。	（・・・아、나야말로 미안。
うーん、セキュリティ固いね。	으음、보안이 튼튼하네。
そうか・・・。	그런가・・・。
今日はこんなもので引き上げよう。	오늘은 이쯤에서 접자。
食べきれなかった分は	다 못 먹은 건
（すぅ・・・すぅ・・・）	（새근・・・새근・・・）
（居眠りか・・・）	（졸고 있나・・・）
ちょっとお疲れですか？	좀 피곤하세요？
（朝から晩まで練習しました。）	（아침부터 밤까지 연습했다。）
ああ、まったくだ。	아、정말이야。
いや、俺はお金が・・・	아니、난 돈이・・・
わかった、おごってやるよ。	알았어、내가 살게。
（あれ・・・	（어라・・・
（・・・なんだかヤバイ雰囲気だぞ！	（・・・왠지 심상찮은데！
ぐわぁ！！	으악！！
・・・やっぱりやめておこう。	・・・역시 관두자。
いつもがんばってるね。	늘 열심히 하네。
ああ、あそこがチラシを配っていた	아、저기가 전단 돌리던
なんだ、手伝いに行ってるのか。	뭐야、도우러 간 거야。
今日はスズキの焼いたやつと、	오늘은 농어 구이랑、
ああ、スズキは大好物だ。	아、농어 아주 좋아해。
はぁ～あ。	하아～。
またチャンスはあるさ。	또 기회는 있어。
でも、あの入り口は	근데、저 입구는
ああ、任せてくれ！	아、맡겨줘！
（今日のカレーもおいしかった！）	（오늘 카레도 맛있었다！）
あ、魚が落ちているぞ。	아、생선이 떨어져 있어。
もったいないからな。	아까우니까。
近所のネコにでもあげるとするか。	동네 고양이한테나 줄까。
あれ、キャプテン？	어라、주장？
それなら、俺も練習しに行くか。	그럼、나도 연습하러 갈까。
ほらほら、せっかく来たんだから	자자、모처럼 왔으니까
毎回そうだな、君は。	넌 매번 그래。
だって、時間ないんだもん。	그야、시간이 없는걸。
うん、まあ、そうかな？	응、뭐、그런가？
ここが遊園地だよ。	여기가 놀이공원이야。
うっわぁ～！	우와아～！
そんなにめずらしいのか？	그렇게 신기해？
そうじゃなくってさ。	그게 아니라。
ちょちょっと？	자、잠깐？
（でも、助っ人なしでも	（근데、용병 없이도
（あたりまえだ！	（당연하지！
あいつら、なにを話してるんだ？	저놈들、무슨 얘길 하는 거야？
調子にのって釣りすぎたかな。	신나서 너무 낚았나。
負けて悔しいからって、	져서 분하다고、
おっ、お前もグラウンドで練習か？	옷、너도 그라운드에서 연습？
まあ、これでも	뭐、이래 봬도
・・・いや、さっきのは	・・・아니、방금 건
え、そうなの？	어、그래？
（やる気も申し分ないんだけどな。）	（의욕도 나무랄 데 없는데。）
よし、じゃあ今日から	좋아、그럼 오늘부터
（また金縛りだ！？	（또 가위눌림이야！？
・・・・・・心配するなムシャ。	・・・・・・걱정 마。
・・・あいつ、どこに消えた？	・・・저놈、어디로 사라졌지？
ねえ、おじちゃん。	있잖아、아저씨。
へえ、カッコイイでやんすね。	허、멋지네요。
へえ、そうなんでやんすか。	허、그렇습니까。
そうか、お前は最初に	그렇군、넌 처음에
カード野球？	카드 야구？
まったく、鬼演出家って感じだよな。	정말、귀신 연출가 같다니까。
そこっ！	거기！
・・・すいません。	・・・죄송해요。
このセーブファイルには	이 세이브 파일에는
また、あらためて	나중에、다시
ねえねえ、このあと	있지、이따가
わっ、ダメ！	앗、안 돼！
あっ、ゴメンなさい！	앗、죄송해요！
ごめん、今日はバイトなんだ。	미안、오늘은 알바야。
仕事、がんばれよ～！	일、힘내～！
忘れてた！	잊고 있었다！
あ、ええと・・・	아、그러니까・・・
お買い上げ、ありがとうございます！	구매 감사합니다！
（しまった、つい無駄な買い物を。）	（이런、괜히 쓸데없는 걸 샀네。）
キャプテン、ご苦労さん。	주장、수고했어。
ま、俺たち助っ人が	뭐、우리 용병이
なんだとぉ！	뭐라고오！
おいおい、事実だろう？	어이어이、사실이잖아？
おっ、殴ったな？	옷、때렸겠다？
うわあ、テレビ、テレビ～！	우와아、티비、티비～！
・・・コツは居合斬りの応用だ。	・・・요령은 발도술 응용이야。
居合斬りだって？	발도술이라고？
（ブンッ！！）	（휭！！）
・・・・・・わかるか？	・・・・・・알겠어？
あ・・・なんとなく。	아・・・어쩐지。
・・・うむ。	・・・음。
まあ、俺の物じゃないからな。	뭐、내 것도 아니니까。
あ、どうも	아、고마워
先日のお約束どおり、	지난번 약속대로、
あ、どうもありがとうございます。	아、정말 감사합니다。
いや、すごいごちそうですよ。	아니、엄청난 진수성찬이에요。
お、今日の料理は豪勢ですね。	오、오늘 요리 푸짐하네요。
はははは、そうだな。	하하하하、그렇지。
ところで、君の体だけど。	그런데、네 몸 말인데。
うん、なあに？	응、왜？
水にぬれても大丈夫なのか？	물에 젖어도 괜찮아？
失礼だなぁ。	실례네。
だいたい、ほとんど人間なんだよ。	애초에、거의 인간이라고。
じゃ、裸だとばれるんだ？	그럼、알몸이면 들키는 거야？
いや・・・逃げなくても。	아니・・・안 도망가도。
いや、リハビリだよ、リハビリ。	아니、재활이야、재활。
よくわからないけど、すごいでやんす！	잘 모르겠지만、대단합죠！
今日は、オイラに野球を	오늘은、나한테 야구를
よし、じゃあ河川敷へ行こうか。	좋아、그럼 강가로 갈까。
よっしゃあ、連勝！	좋았어、연승！
くそ、連勝ならずか。	젠장、연승 실패인가。
なかなか勝てねぇなぁ。	좀처럼 못 이기네。
でも、このチームって	근데、이 팀은
いいよ、別に。	됐어、딱히。
（カランコロン）	（딸랑딸랑）
この先だよ。	이 앞이야。
どういたしまして。	천만에。
ごちそうさま。	잘 먹었습니다。
たしかにいい景色だ。	확실히 경치 좋다。
ハイキングのゴールとしては	하이킹 도착지로는
・・・うーん、いい風！	・・・으음、바람 좋다！
よし、そうしよう。	좋아、그렇게 하자。
あ、気がついた？	아、정신 들었어？
いたた、頭痛が・・・	아야야、두통이・・・
簡単に言うと、潜入失敗だよ。	간단히 말하면、잠입 실패야。
すまないな。	미안하군。
あんな危ないところに行くのに	저런 위험한 데 가면서
それで、よくわかるでやんすね。	그런데도、잘 아시네요。
さっき、母ちゃんが言おうとしてたこと。	아까、엄마가 말하려던 거。
ふうーん。	흐음。
違うでやんす！	아닙죠！
・・・はっきり言ってくれないと	・・・분명히 말해주지 않으면
おこずかいでやんす！	용돈입죠！
ああ、なるほど・・・	아、그렇군・・・
ええ、そうです。	네、그래요。
そりゃあねぇ・・・	그야 뭐・・・
応援してるからね！	응원하고 있으니까！
野球、がんばってくれよ！	야구、힘내줘！
あれ・・・？	어라・・・？
あの犬を知ってるんでやんすか？	저 개를 아십니까？
よく食料を盗まれたんだ。	자주 식량을 도둑맞았어。
商店街でも、昔はよく暴れてた	상점가에서도、옛날엔 자주 날뛰었어
おじちゃんガンバルでやんすー！	아저씨 힘내십쇼～！
仲良く２人で釣りでやんすか？	사이좋게 둘이 낚시입니까？
よし、釣れた！	좋아、잡혔다！
これで俺が２ポイントリードだ。	이걸로 내가 2점 리드야。
・・・ヒマなんでやんすねぇ。	・・・한가하시네요。
まったく、俺の知らないところで	정말、내가 모르는 데서
・・・まったく、ひどい監督だ。	・・・정말、형편없는 감독이야。
ああ、なかなかいける味だ！	아、꽤 먹을 만한 맛이야！
おーい、みんな。	어이、다들。
強そうな名前だけど、	강해 보이는 이름인데、
ああ、期待しちゃだめだよ。	아、기대하면 안 돼。
・・・そんなものなのか。	・・・그런 건가。
うちなんて、めったに勝てないのに	우린、좀처럼 못 이기는데
これから連戦連勝なんだよ！	이제부터 연전연승이야！
さあ、そろそろ帰ろうか。	자、슬슬 돌아갈까。
危なかったな、	위험했어、
今回のことは、実に残念だったね。	이번 일은、정말 유감이야。
それ、ぜんぜん笑えませんよ。	그거、하나도 안 웃겨요。
ん・・・？	응・・・？
ま、こっちも犬の事は言えないか。	뭐、나도 개 얘긴 못 하겠네。
あ、いつの間にかテントのそばに？	아、어느새 텐트 옆에？
あとは任せたぞ、	나머진 맡겼다、
これで良かったのかな？	이걸로 괜찮았나？
・・・うるせえ。	・・・시끄러워。
そ、そんな・・・・・・	그、그런・・・・・・
大丈夫だ。	괜찮아。
あれ、こんなところで何をしてるんだ？	어라、이런 데서 뭐 해？
今日は、もうお客さん	오늘은、이제 손님
そうですね、閉めましょう。	그러네요、닫읍시다。
母ちゃん、お腹すいたー！	엄마、배고파～！
はいはい、すぐに夕食にしましょうね。	네네、금방 저녁 차릴게요。
じゃあ、お言葉に甘えて。	그럼、염치 불고하고。
あなたが店番をしてくれるおかげで、	네가 가게를 봐주는 덕에、
前は、もっとご飯の時間が	전엔、밥 시간이 더
どうも、よろしくたのみます！	아무쪼록、잘 부탁합니다！
あれ、ひょっとして今日の相手？	어라、혹시 오늘 상대？
おい、相手は普通のチームだって	야、상대는 평범한 팀이라고
うわっ、噛んだ！噛んだー！	우왓、물었다！물었어～！
娘さんのこと、吹っ切れたんですかね。	따님 일은、이제 정리되셨나요。
おい、いつまで油を売ってるんだ！	야、언제까지 노닥거릴 거야！
はいはい、お父さん。	네네、아버지。
いやあ、クールだね！	이야、멋지네！
うれしいねぇ、アハハハハ。	기쁘네、아하하하하。
ダメになった漢方薬。	못 쓰게 된 한약。
しまった、今晩は食べるものがないぞ。	이런、오늘 밤 먹을 게 없어。
ああ、お腹がすいたなぁ。	아、배고프네。
じゃあ、また２人で特訓だな。	그럼、또 둘이 특훈이네。
よし、結構いい感じかな。	좋아、꽤 괜찮은데。
なんとか、イナズマが走るとか、	어떻게든、번개가 친다든가、
おお、そういうことでやんすか！	오오、그런 거였습니까！
これできっと、相手は三振の山でやんす！	이걸로 분명、상대는 삼진의 산입죠！
ほー・・・	호오・・・
・・・勝負する気のようだな。	・・・승부할 셈인가 보군。
ぐ・・・	윽・・・
ねえ、アンタってさ・・・	있잖아、당신 말이야・・・
なんだ、そのたとえは。	뭐야、그 비유는。
ふーん、そうなんだ。	흐음、그렇구나。
疎外感は誰でも感じることはあるさ。	소외감은 누구나 느끼는 거야。
あはは、そうだといいんだけどね。	아하하、그럼 좋겠는데。
くそ、みんな僕のことバカにしやがって。	젠장、다들 날 바보 취급해。
僕をバカにしたやつらめ！	날 바보 취급한 놈들！
次の試合はどうだい？	다음 시합은 어때？
はい・・・まあ。	네・・・뭐。
おいおい、なんだよ。	어이어이、뭐야。
・・・ねえ、会長さん。	・・・저기、회장님。
えっ、いや、しかし・・・	엇、아니、근데・・・
わかってますよ。	알고 있어요。
はぁ～～腹減ったなぁ～～～	하아～～배고파～～～
おじちゃ～ん！	아저씨～！
ははは、バレてるか。	하하하、들켰나。
しょうがないでやんすねぇ～。	어쩔 수 없네요～。
・・・かたじけないでやんす。	・・・황송합죠。
わはは、それは言わない約束でやんす！	와하하、그건 비밀로 하기로 했습죠！
悪徳プロデューサーにだまされて・・・	악덕 프로듀서한테 속아서・・・
・・・・・・いったい何があったんだ？	・・・・・・대체 무슨 일이야？
あれ、キャプテン。	어라、주장。
じゃあ、一人で店をやってるのか。	그럼、혼자 가게를 하는 거야。
よし、魚が釣れたぞ。	좋아、생선 잡혔다。
あ、この前の犬だ！	아、저번 그 개다！
ワンワン。	멍멍。
くそ～、またやられたか！	젠장～、또 당했나！
いや、今仕事終わったんだ。	아니、지금 일 끝났어。
ああ、それは大好物だよ。	아、그거 아주 좋아해。
考えたんだけど、舞台の高さをあげて	생각해 봤는데、무대 높이를 올려서
あはは、おもしろいけど	아하하、재밌지만
ちょっと難しいよな。	좀 어렵겠지。
ああ、そんなの無理だ。	아、그건 무리야。
天井もそれほど余裕ないしね。	천장도 여유가 없고。
うーん、疲れてるのかな、わたし。	으음、내가 지쳤나。
（何をしに来てたんだ、あいつ。）	（뭐 하러 왔던 거야、저놈。）
ボール拾ってこいよ！	공 주워 와！
ああ、あの	아、그
よう、キャプテン。	여어、주장。
よし、いっしょに練習しよう。	좋아、같이 연습하자。
くそ、勝てなかったか。	젠장、못 이겼나。
引き分けだと？	무승부라고？
ああ、負けてしまったか。	아、져버렸나。
ワハハハハ！	와하하하하！
実は、母ちゃんが応援に来てたでやんす。	실은、엄마가 응원 왔었습죠。
でも、試合が終わったら	근데、시합이 끝나면
とにかく、次は絶対に勝とう。	아무튼、다음엔 꼭 이기자。
今日の試合はよろしく頼みますよ！	오늘 시합 잘 부탁해요！
あれが、今日の相手か？	저게、오늘 상대야？
・・・相手は普通のチームだって	・・・상대는 평범한 팀이라고
おお、すごい怪力でやんす！	오오、엄청난 괴력입죠！
・・・キャプテン？	・・・주장？
とにかく、ケガを直せ。	아무튼、부상부터 나아。
今日は水曜日だ。	오늘은 수요일이야。
チームのみんなは仕事がない。	팀원들은 다 일이 없어。
（監督に強制連行されました。）	（감독한테 끌려갔다。）
条件があるんだ。	조건이 있어。
もちろん、あったりまえ。	물론、당연하지。
へへへ・・・よし合格！	헤헤헤・・・좋아 합격！
まあな、キャプテン。	뭐 그렇지、주장。
それより、ケガしてるんじゃないのか。	그보다、다친 거 아냐？
うん、べつにおかしくないな。	응、딱히 이상하진 않네。
じゃあ、それまでに	그럼、그때까지
まさかぁ。	설마～。
ふーん、そうなのか。	흐음、그런 거야。
今日は、必殺技の強化をするでやんす。	오늘은、필살기 강화를 합죠。
今は、まだパワー不足でやんす。	지금은、아직 파워 부족입죠。
じゃあ、球場で特訓でやんす！	그럼、구장에서 특훈입죠！
うーん、これでどうかな？	으음、이건 어때？
あんまり変わらないでやんすね。	별로 안 변했네요。
・・・それはルール違反だよ。	・・・그건 반칙이야。
そうだ、この際もっと強そうな名前に	맞다、이참에 더 강한 이름으로
次の試合が楽しみでやんす！	다음 시합이 기대됩죠！
よーし、打ちまくるでカニよ！	좋아、마구 쳐댄다 게！
しかし、そのハサミでよく器用に	근데、그 집게로 용케 능숙하게
おーい、次はノック行くぞ！	어이、다음은 노크 간다！
わかったでカニー！	알았다 게～！
さりげなく、ハサミを抜いたー！	슬쩍、집게를 뽑았다！
うるさいでカニね～。	시끄럽다 게～。
・・・うう、なんだか裏切られた	・・・으、왠지 배신당한
はい、ここまで！	자、여기까지！
あれ、どうしたんだ	어라、무슨 일이야
このゲームは、まだ	이 게임은、아직
・・・あんまり	・・・별로
９年連続で、	9년 연속으로、
・・・・・・簡単に説明すると	・・・・・・간단히 설명하면
だから、できればこの日曜日の	그럼、이번 일요일
・・・それ、もう締め切ってるよ。	・・・그거、벌써 마감됐어。
ええ、ウソ！？	엇、거짓말！？
・・・なにをしてるんだ？	・・・뭐 하는 거야？
な、なんでもいいじゃないか。	뭐、아무래도 상관없잖아。
２枚でいいんだね？	두 장이면 되지？
うん、それじゃ頼んだよ！	응、그럼 부탁할게！
・・・チケットの予約か？	・・・티켓 예약이야？
まあ、こういうの得意だからね。	뭐、이런 거 잘하니까。
悪いが、コンサートとかには	미안하지만、콘서트 같은 덴
お金がないから、いい。	돈이 없으니까、됐어。
ウーロン茶で乾杯なのか？	우롱차로 건배야？
あたし、まだ９歳なんだよ。	나、아직 아홉 살이야。
ということは、寿命タイマーは？	그렇다면、수명 타이머는？
んーと、データを解析してみないと	음、데이터를 분석해 봐야
よかったじゃないか。	잘됐잖아。
・・・おめでとう。	・・・축하해。
・・・・・・ありがとう。	・・・・・・고마워。
・・・というわけで、	・・・그런 이유로、
そうですよ。	그래요。
公演期間は何日なんだね？	공연 기간은 며칠인가？
１週間を予定してます。	일주일을 예정하고 있어요。
じゃ、その１週間をセール期間にすれば	그럼、그 주를 세일 기간으로 하면
よーし、いよいよ	좋아、드디어
なあ、本当に	있잖아、정말
この期におよんで、何を言い出すんだ。	이 마당에、무슨 소릴 하는 거야。
いてて、なんで殴るんだよ！	아야야、왜 때리는 거야！
よし、バタフライ練習完了！	좋아、버터플라이 연습 완료！
冗談じゃない！	농담 아니야！
あ・・・いや。	아・・・아니。
もう、勝手にしてくれ。	정말、맘대로 해。
今日はスイカカレーにしようと	오늘은 수박 카레로 하려고
ああ、スイカカレーは大好物だよ。	아、수박 카레 아주 좋아해。
スイカが丸ごと入ってるの。	수박이 통째로 들었어。
それ、おいしいのか？	그거、맛있어？
目が泳いでいるわよ。	눈이 흔들리는데。
い、いや、そんなことは・・・	아、아니、그런 건・・・
よし、ハンバーグは大好物だ！	좋아、햄버그 아주 좋아해！
新装開店でーす！	새단장 개점입니다！
俺はブラブラしてるだけだよ。	난 그냥 어슬렁대는 거야。
・・・アメがついてるな。	・・・사탕이 붙어 있네。
よくやった。	잘했어。
ふうん、そういうことか。	흐음、그런 거구나。
よかったら、	괜찮으면、
こっちも助かるよ。	나도 도움이 돼。
（このチラシはアメがついてるぞ。	（이 전단엔 사탕이 붙어 있어。
ひょっとして、今の人は知り合い？	혹시、방금 그 사람 아는 사이？
いいえ、初対面です。	아뇨、초면이에요。
・・・冗談ですよ。	・・・농담이에요。
（・・・一体何者だったんだろう。）	（・・・대체 누구였을까。）
すごいパワーだな。	굉장한 파워네。
すごいなぁ	대단하네
・・・・・・あの時は済まなかった。	・・・・・・그땐 미안했어。
なんだ、そうだったのか。	뭐야、그랬던 거야。
さて、商店街のどこへ行こう。	자、상점가 어디로 갈까。
この店って、あんまりお客さんが	이 가게는、손님이 별로
う～ん、まあ確かにここじゃ	으음、뭐 확실히 여기선
へえ、そういう収入があるのか。	허、그런 수입이 있구나。
・・・そうだったのか。	・・・그랬던 거야。
まあ、二人とも	뭐、둘 다
・・・ああ、そうだな。	・・・아、그렇지。
絶対そうだよ！	분명 그래！
とまあ、冗談は置いといて。	뭐、농담은 그만하고。
あ、サンドイッチ？	아、샌드위치？
まかないの残り物だよ。	직원 밥 남은 거야。
・・・いただきます。	・・・잘 먹을게요。
ちょっと、あんた。	잠깐、당신。
どうしてです？	어째서요？
あそこ、幽霊が出るのよ。	저기、귀신 나와。
えっ、幽霊ですか？	엇、귀신이요？
なんでもヨロイ武者が出るらしくて、	갑옷 무사가 나온다나 봐서、
・・・ヨロイ武者？	・・・갑옷 무사？
なに言ってんのよ、あんた。	무슨 소리야、당신。
・・・では、次の問題です。	・・・그럼、다음 문제입니다。
え、これから選択肢を・・・	엇、선택지를・・・
ただいま～、景品もらってきた！	다녀왔어～、경품 받아 왔어！
（それにイカサマだしな。）	（게다가 속임수고。）
俺は、ついに泳いだぞ！	나、드디어 헤엄쳤어！
ええっ、本当か！	엇、정말이야！
一応聞いておくが、	일단 물어보는데、
ええい、バカモノ！！	에잇、바보 녀석！！
じゃあ、泳いだ時間は・・・	그럼、헤엄친 시간은・・・
時間など問題ではない！	시간 따윈 문제가 아니야！
じゃあ、場所は？	그럼、장소는？
・・・そういえば、俺はどうして	・・・그러고 보니、난 어째서
おい、なにぐずぐずしてるんだ。	야、뭘 꾸물대는 거야。
ごめんね、野球の練習も忙しいのにね。	미안、야구 연습도 바쁠 텐데。
ああ、気にしなくていい。	아、신경 안 써도 돼。
本当でやんす！	진짜입죠！
わうーーー！	와우우우！
ひょっとして	혹시
ほら、あっち行け！	자、저리 가！
・・・くぅん。	・・・끄응。
・・・ということは、	・・・그렇다면、
役場が火災にあったことがあってね。	관공서에 불이 난 적이 있어서。
ああ、そうだわ！	아、맞다！
こんにちは～。	안녕하세요～。
ああ、アンタよアンタ！	아、당신 말이야 당신！
アンタ、この街の古い地図を	당신、이 동네 옛 지도를
ええと、そうだったっけ？	음、그랬던가？
そういえば、ワシんとこから	그러고 보니、우리 집에서
ああ～、あれね。	아～、그거 말이지。
ええとね、ネットオークションで。	그러니까、인터넷 경매에서。
いや、そんなことはないけれど。	아니、그렇진 않지만。
ははは、ラッキーかも。	하하하、운이 좋은지도。
・・・あとで、	・・・나중에、
あたしの店じゃあないもんね。	내 가게도 아니고。
さあ、注文は何にする？	자、주문은 뭘로 할래？
おじちゃん、練習してるのに	아저씨、연습하고 있는데
いや、そうじゃないんだ。	아니、그게 아니야。
「能力を上げる」という名前の	「능력을 올린다」는 이름의
「コマンド」って・・・	「커맨드」라니・・・
あと、それとは別の話だけど、	그리고、그것과는 별개인데、
じゃあ、そろそろ目を覚まそうか。	그럼、슬슬 잠에서 깰까。
朝起きて妙に重いなと思ったら、	아침에 일어나니 무겁길래、
いいじゃん、どこで寝たって。	괜찮잖아、어디서 자든。
ちょっとそこに座りなさい。	잠깐 거기 앉아。
（くどくどと説教しました。）	（장황하게 설교했다。）
ごめんなさい、以後気をつけます。	죄송해요、앞으론 조심할게요。
うん、わかればよろしい。	응、알면 됐어。
う、うん、わかった。	으、응、알았어。
・・・うん、まあそうだな。	・・・응、뭐 그렇지。
最近どうも目の具合が悪くてな。	요즘 아무래도 눈이 안 좋아서。
あと、タンのキレが悪くなった。	그리고、가래도 잘 안 끊겨。
それならこれとこれだね。	그럼 이거랑 이거네。
おや、めずらしいな。	어라、별일이네。
あんた、よく知りもせんのに	당신、잘 알지도 못하면서
それじゃ、失礼しますよ。	그럼、실례하겠어요。
やーい、怒られてやんの。	얼레리꼴레리、혼났대요。
悪いな、薬屋じゃないみたいに	미안、약국이 아닌 것처럼
あれ、前に言ったでしょ？	어라、전에 말했잖아？
え、じゃあ本業はなんなんだ？	엇、그럼 본업은 뭐야？
いや、要求したみたいで悪かった。	아니、강요한 것 같아 미안。
はい、冷た～い麦茶をどうぞ。	자、시원한 보리차 드세요。
あたしさ、以前に	나 말이야、예전에
そんなひどいこと、誰に言われたんだ。	그런 심한 말、누가 그랬어。
親みたいな人？	부모 같은 사람？
いや、一応実の親なんだけど・・・	아니、일단 친부모인데・・・
・・・ああ、いただこう。	・・・아、먹을게。
で、俺がここにいるわけは？	그래서、내가 여기 있는 이유는？
へ、なに言ってんの？	헤、무슨 소리야？
・・・そういえばそうか。	・・・그러고 보니 그렇네。
場違い、ねぇ・・・	겉돌지、뭐・・・
・・・次からはそうしよう。	・・・다음부턴 그러자。
わー・・・	와아・・・
ああ、そうカニよ。	아、그렇다 게。
あの、これは好奇心じゃなくて	저기、이건 호기심이 아니라
ああー、そりゃあもう。	아～、그야 물론이지。
それはひどいですね。	그건 너무하네요。
え、それはどういう？	엇、그게 무슨？
コラ、お前たち。	야、너희들。
あっ、凶でやんす。	앗、흉입죠。
（・・・縁起が悪いな。）	（・・・재수가 없네。）
わあ、大凶でやんす？！	와아、대흉입죠？！
（・・・悪い前兆でなければ良いが。）	（・・・나쁜 징조가 아니길。）
組織に戻って来いよ。	조직으로 돌아와。
・・・俺、もう悪の組織やめた。	・・・나、이제 악의 조직 관뒀어。
だってさ、むなしいカニ？	그야、허무하냐 게？
まあ、それはそうだけどさ・・・	뭐、그건 그렇지만・・・
・・・思わない。	・・・안 그래。
ば、バカ野郎！	바、바보 자식！
・・・・・・いいのか？	・・・・・・괜찮아？
いいカニよ。	괜찮다 게。
・・・ビーフカレー。	・・・비프 카레。
お前、店を手伝ってるのか。	너、가게 돕고 있어？
カレー、ごはん少なめで。	카레、밥 적게。
チキンカレー、お願い。	치킨 카레、부탁해。
オッケー、すぐ用意するよ。	오케이、금방 준비할게。
はい、すぐに用意します。	네、금방 준비할게요。
今日はよく晴れたな。	오늘 날씨 좋네。
・・・またあいつか。	・・・또 저놈인가。
本当にあなたは命の恩人でーす！	당신은 정말 생명의 은인입니다！
・・・どうして、お前は	・・・어째서、너는
人は運命に逆らえないのでーす。	사람은 운명을 거스를 수 없습니다。
ベリィグッドでーす！	베리 굿입니다！
これは会長。	이거 회장님이시네。
表向きは日本視察のついでだがね。	겉으론 일본 시찰 겸이지만。
ははは、そうですか。	하하하、그렇군요。
え、北極ですか。	엇、북극이요？
来るのは、シロクマとペンギンと	오는 건、북극곰이랑 펭귄이랑
そこの支店長は、君にしよう。	그 지점장은、자네로 하지。
（失敗したら、絶対にやる気だ・・・）	（실패하면、분명 시킬 셈이야・・・）
よし、いよいよ	좋아、드디어
今日勝って、３連勝だ！	오늘 이기면、3연승이다！
（うおおーっ！）	（우오오옷！）
よし、がんばるぞ。	좋아、힘내자。
さて、今日も商店街の連中の	자、오늘도 상점가 녀석들의
店長、どうしました？	점장님、무슨 일이에요？
商店街の連中の中に	상점가 녀석들 중에
おじちゃん、がんばるでやんす！	아저씨、힘내십쇼！
あれ、母ちゃん？	어라、엄마？
試合のことが気になって、	시합이 신경 쓰여서、
ふーん、プロ野球の	흐음、프로 야구의
チームは今年限りで解散らしいから、	팀은 올해로 해체된다니까、
ひょっとしたら、	어쩌면、
サイボーグ？	사이보그？
不法な肉体改造をした奴のことだよ。	불법 육체 개조를 한 놈을 말해。
へえ、そんなことが。	허、그런 일이。
あはははは！	아하하하하！
おいおい、シャレになってないよ。	어이어이、웃을 일이 아니야。
（・・・これ以上、変なヤツに	（・・・더 이상、이상한 놈한테
（サイボーグ・・・か。）	（사이보그・・・인가。）
・・・いい匂いがする。	・・・좋은 냄새가 나。
へえ、よくわかるわね。	허、잘 아네。
だ、大丈夫ですか？	괘、괜찮아요？
な、なんでもありません！	아、아무것도 아니에요！
（一緒に映画を観ました。）	（같이 영화를 봤다。）
なかなか泣ける映画だったね。	꽤 감동적인 영화였어。
泣いてないじゃないか。	안 울었잖아。
あれ、本気にした？	어라、진짜로 믿었어？
あれえ、笑うところだよ。	어라、웃을 대목이야。
でも、本当なんだろ。	근데、진짜잖아。
やったー、勝ったぞー！！	해냈다、이겼어～！！
きっ、きみぃ！！	너、너어！！
おじちゃん、やったね！	아저씨、해냈네！
みなさん、ご苦労様です。	여러분、수고하셨어요。
今日はうちでお祝いでやんす！	오늘은 우리 집에서 축하합죠！
実はね、うちの息子が学校の宿題で	실은、우리 아들이 학교 숙제로
へえ、そうなんですか。	허、그런가요。
それじゃあダメなんだよ！	그러면 안 된다고！
ワシは子供の頃、店をきりもりする	난 어릴 적、가게를 꾸려가는
う～ん、そうだといいんだけどな。	으음、그러면 좋겠는데。
・・・大丈夫ですか？	・・・괜찮아요？
いや、まあ・・・	아니、뭐・・・
うふふ、なんだかおかしいですね。	우후후、왠지 이상하네요。
生き埋めになったっていうのに	생매장됐다면서
はぁ・・・。	하아・・・。
それで、私たちにできることは？	그래서、우리가 할 수 있는 건？
あれ、あたしがついて行ったら	어라、내가 따라가면
これからも、劇団でがんばる	앞으로도、극단에서 힘낼
こんな風に捨てられているのも	이렇게 버려져 있는 것도
お父さん、よくこんなに	아빠、용케 이렇게나
ケガしてるのに、出歩いて	다쳤는데、돌아다니며
この店は、唯一	이 가게는、유일하게
文章早送りの	글 빨리 넘기는
レータイって、なんでやんす？	영체가、뭡니까？
・・・・・・・・・いや、いい。	・・・・・・아니、됐어。
まあ、いいさ。	뭐、됐어。
でもさ、思いもかけずに	근데、뜻밖에도
・・・どうして？	・・・어째서？
・・・ドーム球場か。	・・・돔 구장인가。
でも、この観客なんですけどね。	근데、이 관객이 말이죠。
（プレイボール！）	（플레이 볼！）
ちぇ、連敗記録更新かよ。	쳇、연패 기록 경신이냐。
お疲れ様でやんす！	수고하셨습죠！
母ちゃんは、その・・・	엄마는、그게・・・
なんだよ、知らなかったのか？	뭐야、몰랐어？
それでどうして・・・	그래서 어째서・・・
ご主人のいない今のチームを	주인 없는 지금 팀을
イベント・・・？	이벤트・・・？
しーーーーーっ！	쉬이이잇！
もちろんだカニ。	물론이다 게。
あ、いやそうじゃなくて。	아、아니 그게 아니라。
どうしてでありますか？	어째서입니까？
おい、そこの２人！	야、거기 둘！
・・・・あの子供は？	・・・저 애는？
・・・・そうか。	・・・그런가。
そういえば、ムシャにも子供がいるって	그러고 보니、무샤도 애가 있다던데
・・・・・・４人。	・・・・・・넷。
へえ、４人もいるんだ。	허、넷이나 있구나。
・・・・だが、もう居ない。	・・・하지만、이제 없어。
・・・それは悪いことを聞いたな。	・・・괜한 걸 물었네。
・・・・ここだ。	・・・여기야。
・・・ここ？	・・・여기？
お前が足をぶつけたやつだ。	네가 발을 부딪친 녀석이야。
えっ、どうして知ってるんだ。	엇、어떻게 아는 거야。
それだけじゃない。	그뿐이 아니야。
（おや、劇団の人じゃないか。）	（어라、극단 사람이잖아。）
あんたはどう思うんだ。	당신은 어떻게 생각해。
うちの劇団、団員がやめていってさ	우리 극단、단원이 자꾸 그만둬서
なるほど、俺は猫の手か。	그렇군、난 아쉬운 대로 쓸 손이군。
ああ、いつでも倉庫に来てくれ。	아、언제든 창고로 와。
・・・お前には、	・・・너한테는、
（ちっとも泳いでないじゃないか。）	（하나도 안 헤엄쳤잖아。）
この長くてたくましい腕から	이 길고 튼튼한 팔에서
だが、飛んできたボールを捕るのは	하지만、날아온 공을 잡는 건
はっはっは、面白い試合だったな。	하하하、재밌는 시합이었어。
か、会長・・・・・・	회、회장님・・・・・・
（あの男は試合に負けた程度で	（저 남자는 시합에 진 정도로
（さあ、私にはわかりかねます。）	（글쎄요、저는 잘 모르겠어요。）
やったね、おじちゃん。	해냈네、아저씨。
約束どおり勝っただろう。	약속대로 이겼잖아。
信じていたでやんす！	믿고 있었습죠！
いや・・・なんでもない。	아니・・・아무것도。
さあ、みんなと一緒にお祝いだ！	자、다 같이 축하하자！
それに、なんでもかんでも自分の方向に	게다가、뭐든지 자기 쪽으로
いや、チームの仲間を信頼する、	아니、팀 동료를 신뢰하는、
試合の中だけじゃなくて、	시합 중뿐만 아니라、
お前はそのおかしな言動で	넌 그 이상한 언행으로
長い間にしみついた、	오랫동안 밴、
おい、ちょっと待てよ。	야、잠깐만。
なんだと、この野郎。	뭐라고、이 자식。
お前ら、そのへんでやめとけ。	너희들、그만 좀 해。
なんだよ、あの態度。	뭐야、저 태도。
あ、あの、劇団員も募集してるんですよ！	아、저기、극단원도 모집 중이에요！
商店街から路地に入ったところの	상점가에서 골목으로 들어간 곳의
虫退治、ですか？	벌레 퇴치요？
それが、かなり凶暴なやつでね。	그게、꽤 흉포한 놈이라서。
ワシに聞かないでくれよ。	나한테 묻지 마。
これは保健所・・・	이건 보건소・・・
だめだ、だめだ！	안 돼、안 돼！
とりあえず、一番強力な殺虫剤を	일단、제일 강력한 살충제를
いや、今仕事終わったから・・・	아니、지금 일 끝나서・・・
（本屋で立ち読み？）	（서점에서 서서 읽기？）
ううん、まだまだだよ。	아니、아직 멀었어。
美味しいと、お父さん喜ぶからな。	맛있으면、아빠가 좋아하니까。
ふふふ、うれしい。	후후후、기뻐。
ああ、それは大好物だ。	아、그거 아주 좋아해。
ふふふ、まかせて。	후후후、맡겨。
ただいま試供品をお配りしています！	지금 시제품을 나눠 드리고 있어요！
あらなあに？	어머 뭐야？
じゃ、あと10個ちょうだい。	그럼、열 개 더 줘。
こんなにもらっていいのかな。	이렇게 받아도 되나。
じゃ、もらおうかな。	그럼、받을까。
ところで、これ何？	그런데、이거 뭐야？
・・・男の俺には必要ないな。	・・・남자인 나한텐 필요 없네。
そうか、それは助かる。	그렇군、고맙네。
ペット用か・・・	애완용인가・・・
そうか、それはなにかと使えるな。	그렇군、그거 여러모로 쓸모 있겠어。
あああ、負けちまった・・・。	아아、져버렸다・・・。
フン、負けちまえば意味ねえよ。	흥、져버리면 의미 없어。
いや、これからの	아니、앞으로의
俺たちは助っ人だ。	우리는 용병이야。
よし、じゃあ今から再び	좋아、그럼 지금부터 다시
ま、気にいらねえことがあったら	뭐、마음에 안 드는 게 있으면
そのときは、いつでも受けて立つよ。	그땐、언제든 받아주지。
おう、覚悟しろよ！	오냐、각오해라！
（・・・家を間違えた、だって？	（・・・집을 잘못 봤다고？
その能力なら、テレビのクイズ番組	그 능력이면、티비 퀴즈쇼
あはは、あたしは目立つといろいろと	아하하、난 튀면 여러모로
じゃあ、今日は疲れが吹き飛ぶような	그럼、오늘은 피로가 싹 풀릴
今度、北極支店がオープンするんだがね。	이번에、북극 지점이 열리는데。
いよぉ、大将！	여어、대장！
じゃあ、ご好意に甘えさせてもらおう。	그럼、호의에 기대볼게。
ここだよ、ここ。	여기야、여기。
（ガラガラガラ！）	（드르륵드르륵！）
まぁ、入ってよ。	자、들어와。
・・・それで、最近の商店街の	・・・그래서、요즘 상점가의
あいかわらず苦しいねぇ。	여전히 힘드네。
この店は一人だけでやっているのか？	이 가게는 혼자 하는 거야？
ああ、ごちそうさま。	아、잘 먹었어。
ところで、みなさん。	그런데、여러분。
おや、アンタのところもかね？	어라、당신네도야？
それ、たぶん根っこは全部同じで	그거、아마 뿌리는 다 같아서
商店街の土地を買い占めてる？	상점가 땅을 사들이고 있다고？
さあ・・・わかりません。	글쎄・・・모르겠어요。
（いきなり商店街がつぶれたと	（갑자기 상점가가 망했다고
とにかく、お前はケガを直すことに	아무튼、넌 부상 낫는 데
商店街が休みだから、	상점가가 쉬는 날이라、
よーし、その方針で行くぞ！	좋아、그 방침으로 가자！
やや、これはいかん！	이런、안 되겠어！
（特訓をやり終えた！）	（특훈을 끝냈다！）
おつかれさまでやんす！	수고하셨습죠！
ああ、いい場所だからな。	아、좋은 곳이니까。
これから先も大丈夫かな？	앞으로도 괜찮을까？
さあ、このあたりの土地は安いからな。	자、이 근처 땅은 싸니까。
よし、やろう！	좋아、하자！
今、映画はなにやってるの？	지금、영화 뭐 해？
どれどれ・・・	어디 보자・・・
あたし、その話キライだ。	나、그 얘기 싫어。
だってさ、せっかく	그야、모처럼
そういうものじゃないだろう。	그런 게 아니잖아。
むせるぐらい笑うなよ。	숨넘어가게 웃지 마。
・・・ごめん、ごめん。	・・・미안、미안。
大変です、お父さん！	큰일이에요、아빠！
なんだよ騒々しい。	뭐야 시끄럽게。
そんなことはどうでもいいんです！	그런 건 아무래도 좋아요！
（ど、どどど、どうなってるんだ！）	（어、어어어、어떻게 된 거야！）
うん、ときどき入らせてもらってるんだ。	응、가끔 들어와 있어。
ええっと、コホン。	그러니까、흠흠。
う～ん、じゃあしょうがない。	으음、그럼 어쩔 수 없지。
いただきます！	잘 먹겠습니다！
（もうヤケクソ・・・）	（에라 모르겠다・・・）
なんだか、人間として大事な何かを	왠지、인간으로서 중요한 뭔가를
よし、行ってみよう。	좋아、가 보자。
いやちがう。	아니 틀려。
た、大変でやんす！	크、큰일입죠！
４・・・５匹もいる。	네・・・다섯 마리나 있어。
どうしたんでやんす！	무슨 일입니까！
・・・がるるるる・・・	・・・으르르릉・・・
・・・・・・そうにらむなよ。	・・・그렇게 노려보지 마。
さあ、行こう	자、가자
な、なんで帰るんでやんす？	어、왜 돌아가십니까？
まったく、母ちゃんは心配性でやんす。	정말、엄마는 걱정도 많습죠。
あそこにいるのは	저기 있는 건
（ブッブーー！！）	（빠아앙！！）
危ない、トラックが来た！	위험해、트럭이 왔다！
（キキキィーー！）	（끼기기익！）
・・・大丈夫だったか？	・・・괜찮았어？
すごいな、刀でトラックを真っ二つか。	대단하네、칼로 트럭을 두 쪽이라니。
すごいでやんす！	대단합죠！
さて残る問題は・・・	자 남은 문제는・・・
（メラメラメラ・・・）	（활활활・・・）
あああ、オレの乗っていたトラックが	아아、내가 타던 트럭이
こっちをどうするかだな。	이쪽을 어쩔지가 문제네。
あれ・・・お父さん？	어라・・・아빠？
なんだよ、お前。	뭐야、너。
おう、待ってるよ。	오냐、기다릴게。
前にもこんなことが	전에도 이런 일이
（キョロキョロ）	（두리번두리번）
あれえ・・・変だなぁ？	어라・・・이상하네？
おねえちゃん、	누나、
その着ぐるみ、完成したのか。	그 탈 완성됐어？
そうか、まだなのか。	그렇군、아직인가。
完成なんかしないよ！	완성 안 돼！
おい、落ち着けよ。	야、진정해。
まったく、いつもいつも	정말、맨날맨날
ちなみにこれってなんて名前なんだ？	참고로 이거 이름이 뭐야？
・・・アルプス星人。	・・・알프스인。
（俺がやる予定だった役だ。）	（내 역이었어。）
その着ぐるみが完成したのか。	그 탈이 완성됐어？
それじゃ、中に入る人は大変だな。	그럼、들어갈 사람 힘들겠네。
なに言ってんの？	무슨 소리야？
・・・少し息苦しいな。	・・・좀 답답하네。
それぐらい我慢しなよ。	그 정도는 참아。
よし、耐久性は問題なさそうだ。	좋아、내구성은 괜찮겠어。
・・・殴る前に言ってくれよ。	・・・치기 전에 말해。
今日は慣れるために入っておきなよ。	오늘은 적응하러 들어가 있어。
今朝は、魚が全然	오늘 아침 생선이 통
いや、無事でよかった。	무사해 다행이야。
まあいいや。	뭐 됐어。
できるさ。	할 수 있어。
・・・いや、どうして川に？	・・・아니、왜 강에？
あ、ああ・・・そうなのか？	아、그래・・・그런가？
あれ、監督も食事ですか？	어라、감독님도 식사요？
・・・・・・・・・そうだ。	・・・・・・그래。
いや、そんなことを言わずに	아니、그런 말 말고
・・・お前が、よそ者だからだよ。	・・・네가 외지인이라서야。
あと、キャプテンてことになりゃ、	그리고、주장이 되면、
おいおい、これでも昔は	어이어이、이래 봬도 옛날엔
みんな、気合を入れてがんばろう！	다들、기합 넣고 힘내자！
（・・・くっ！）	（・・・윽！）
（特訓を無事にやり終えた！）	（특훈을 무사히 끝냈다！）
みなさん、お疲れ様。	여러분、수고했어요。
差し入れでやんす！	간식입죠！
どうしたんですか、会長さん。	무슨 일이에요、회장님。
へえ、よかったですね。	허、잘됐네요。
そ、そうですね。	그、그렇네요。
それなら、会長さん。	그럼、회장님。
ああ、聞いてるよ。	아、듣고 있어。
水泳だと、もったいないからな。	수영은、아까우니까。
そのぐらい、いいじゃないか。	그 정도는、괜찮잖아。
わかった、わかったよ。	알았어、알았다고。
（そのやる気は、あきらかに	（그 의욕은、분명히
だったら、油売ってないで	그럼、노닥거리지 말고
・・・おかしいな。	・・・이상하네。
ああ、そんなに走ったら危ないよ。	아、그렇게 뛰면 위험해。
だから、アタクシは最初から	그래서、저는 처음부터
ええ、やりましょう店長！	네、해봐요 점장님！
お、おい、ちょっと待てよ！	야、야、잠깐만！
とにかく商店街と	아무튼 상점가랑
この小道具、すごいな。	이 소품、대단하네。
ああ、こういう仕事やってるよ。	아、이런 일 하고 있어。
・・・ふ～ん。	・・・흐음。
でも、格好いいことを言うと	근데、멋진 말을 하자면
うふふ、冗談ですよ。	우후후、농담이에요。
ああ、名前はあぶねえけどな	아、이름은 위험하지만
連敗ストップ？	연패 탈출？
なんだよ、知らなかったの？	뭐야、몰랐어？
・・・しょうがない奴だな。	・・・어쩔 수 없는 녀석이네。
心配すんなよ。	걱정 마。
よーし、それじゃ	좋아、그럼
オイラ母ちゃんを助けてくれた	날 엄마를 구해준
どうだろうな。	글쎄다。
・・・・・・おじちゃん、	・・・・・・아저씨、
あのときのおじちゃんは、	그때의 아저씨는、
・・・あの犬はね。	・・・그 개는 말이야。
・・・でも、それじゃあの犬は	・・・근데、그럼 그 개는
・・・そうだな。	・・・그렇지。
大人の言うことは、	어른 말은、
ああ、それがいい。	아、그게 좋아。
みんな聞いてくれ。	다들 들어봐。
どうして川で流されていたんだ？	왜 강에 떠내려온 거야？
人は、運命に流されるものでーす。	사람은 운명에 흘러가는 겁니다。
助けてくれたお礼に、	구해준 답례로、
まず、野球は足腰が大事でーす！	우선、야구는 하체가 중요합니다！
・・・しかし、おかげでチームは	・・・하지만、덕분에 팀은
・・・なかよしこよしじゃ、	・・・사이좋기만 해선、
そんなのでいいんですか？	그래도 되는 거예요？
なんでもない、練習を続けろ！	아무것도 아냐、연습 계속해！
いやあ、実をいうとね。	이야、실은 말이죠。
それで嫁に聞いてみたんだけど、	그래서 아내한테 물어봤는데、
とにかく息子は店を継いでくれる気が	아무튼 아들은 가게를 이을 마음이
その通りだよ。	그 말대로야。
俺は野球を本格的に	난 야구를 본격적으로
水泳だと、この美しい肉体が	수영은、이 아름다운 육체가
水中に入ってしまうからな。	물속에 들어가 버리니까。
いや、全然ダメだって！	아니、전혀 안 된다니까！
全然細かくない！	하나도 안 세세해！
さっき終わった所だ。	방금 끝난 참이야。
アイスクリーム食べたいの。	아이스크림 먹고 싶어。
あんまり冷たい物ばかり食べたら	너무 찬 것만 먹으면
元気だなぁ。	기운이 넘치네。
やった、やったー！	해냈다、해냈어！
お前はいいかげんなところもあるが、	넌 대충인 구석도 있지만、
それって、ほめてるのか？	그거、칭찬하는 거야？
ああ、さわるな！	아、만지지 마！
まったく、これにいったいいくら	정말、이거에 대체 얼마나
これ一体に３万円だよ。	이거 하나에 3만 엔이야。
でも、いい出来だな。	근데、잘 만들었네。
まさに職人だな。	그야말로 장인이네。
あ、そういや、この前は	아、그러고 보니、저번엔
（・・・アレのことか！）	（・・・그거 말인가！）
オイラだけじゃないでやんすよ。	나만 그런 게 아닙죠。
ええと、お互いにカッコよくは	그러니까、서로 멋지게는
（ええと、オイラはここにいて	（그러니까、난 여기 있고
なんだよ、無口になって。	뭐야、말이 없어져서。
むしろ足を引っ張りかねない。	오히려 발목을 잡을 수도 있어。
おお、心強いね。	오오、든든하네。
あ・・・あいつは！	아・・・저놈！
宣伝だけでも商店街がやってくれるんなら結構な話じゃないか。	홍보만이라도 상점가가 해준다면 괜찮은 얘기잖아。
さっきから、その設定は一体誰が決めてるんだよ・・・・・・。	아까부터 그 설정은 대체 누가 정하는 건데・・・・・・。
お金も持たずに店に入ってくる微妙な客に言われたくないわ。	돈도 없이 가게에 들어오는 손님한테 들을 말은 아니네。
じゃあ残りの荷物も運ばないといけないしそろそろ行くね。	그럼 남은 짐도 옮겨야 하니까 슬슬 갈게。
うむ、パーフェクトスイエイマンとしての	음、퍼펙트 수영맨으로서의
会長さん、いきなり何を始めたんですか？	회장님、갑자기 뭘 시작하신 거예요？
（振興会の重要なメンバーなんですか？）	（진흥회의 중요한 멤버인가？）
いや、この使い方はあたしの思いつきだし	아니、이 사용법은 내 생각이고
あはは、３試合ぶっ続けはさすがに無理？	아하하、３경기 연속은 역시 무리？
筋肉は実際に使ってないから意味ないけど	근육은 실제로 안 쓰니 의미 없지만
・・・悪いけど、もう帰ってくれるかな。	・・・미안한데、이제 돌아가 줄래。
（・・・なんだか、嫌な予感がするぞ。）	（・・・왠지 불길한 예감이 드는데）
当時買いたくても買えなかったオモチャを	그때 사고 싶어도 못 샀던 장난감을
（そんなもの、とっくにコナゴナだっ！）	（그런 건 진작에 산산조각이야！）
えーと、じゃあ、１時ごろにまた来ます。	음、그럼 １시쯤에 다시 올게요。
このプラグ、そこのコンセントに挿して。	이 플러그、거기 콘센트에 꽂아줘。
そしたらこんなのがボロボロ出てきてさ。	그랬더니 이런 게 우수수 나오더라。
いや、ツンデレというのがよくわからない	아니、츤데레라는 게 잘 모르겠어
（な、なにがしたかったんだ？もしかして	（뭐、뭘 하고 싶었던 거지？혹시
わかった。消毒液とバンソウコウを取って	알았어。소독약이랑 반창고 좀 가져와
やっぱり草は生で食べたらダメなんだね。	역시 풀은 날로 먹으면 안 되겠어。
じゃあ、いつもの席に持っていきますね。	그럼 늘 그 자리로 갖다 드릴게요。
誰も鞄の中への入り方なんか聞いてない。	가방에 들어가는 법은 안 물어봤어。
腹筋をするから足を持ってくれないかな。	윗몸일으키기 하게 다리 좀 잡아줘。
じゃあ、あれは買い物がメインだったの？	그럼 그건 쇼핑이 주목적이었어？
この店では結構、高い値段のセットだよ。	이 가게에선 꽤 비싼 세트야。
いや、ケチャップで味を変えないでくれ。	아니、케첩으로 맛을 바꾸지 말아줘。
すでに、こうやってここでタダコーヒーを	이미 이렇게 여기서 공짜 커피를
まあ、こんなもんで金持ちになってたら、	뭐、이런 걸로 부자가 됐다면、
だ、だけどさ、さすがに気になる・・・・	그、그래도 역시 신경 쓰여・・・・
まあ、好意でもんでくれるって言うのなら	뭐、호의로 주물러 준다고 하면
みんなそんな事を言って、体が動かないん	다들 말만 그러고 몸은 안 움직이는
でも僕は君が来ていた事を知っていたよ。	근데 난 네가 온 걸 알고 있었어。
そりゃ、あのカウンターに居るんだから、	그야 저 카운터에 있으니까、
ここでのご奉仕はこういう事をさすから。	여기서 봉사는 이런 걸 말하니까요。
そこまで語られると逆に引いちゃうから、	거기까지 말하면 오히려 질리니까、
それ願いが叶ったんじゃなくて、結局自分	소원이 이뤄진 게 아니라 결국 자기
男としての問題があるんだが・・・・・。	남자로서 문제가 있는데・・・・・。
他の男の客にも、そんな事して遊んでるん	다른 남자 손님한테도 그러고 노는
自分の事も信じられないなんて・・・・。	자기 자신도 못 믿다니・・・・。
お前はただのバイトでメイドの格好をして	넌 그냥 알바로 메이드 옷을 입고
メイド服でなんで体育会系の挨拶なんだ？	메이드복인데 왜 운동부 인사야？
いい大人がそんなしんどそうに歩いている	어른이 저렇게 힘들게 걷고 있는
こんな働き者の若者は国の宝だと思うよ。	부지런한 젊은이는 나라의 보배지。
励ましたいのか、それとも落としたいのか	격려하는 건지 깎아내리는 건지
いや、私じゃなくて、コーヒー淹れてるの	아니、내가 아니라 커피 내리는 건
前に来た時は変な生き物が座っていたな。	전엔 이상한 생물이 앉아 있었지。
まあ、頑張って働いてるようだし何かして	뭐、열심히 일하는 것 같으니 뭐라도
あれ？ご主人様、コーヒーが冷めてしまい	어라？주인님、커피가 식어버렸
なんでそんな事をお聞きになるんですか？	왜 그런 걸 물어보시는 거예요？
お前、さっき「もちっ！」って・・・・。	너 방금 「몰랑！」이라고・・・・。
つまり、リンゴが飛んできたからキャッチ	그러니까 사과가 날아와서 캐치
つまり、バナナが飛んできたからキャッチ	그러니까 바나나가 날아와서 캐치
ごめん。さすがにこれまで旅して来たけど	미안。여태 여행해 왔지만 역시
（モニターってなんだ？テレビの事か？）	（모니터가 뭐야？텔레비전 말인가？）
きっと皆、仲の良い兄妹がうらやましいん	다들 사이좋은 남매가 부러운
メイドさんには年齢不詳にしてていい法律	메이드는 나이를 안 밝혀도 되는 법
メイドさんには、涙なしでは語れない背景	메이드에겐 눈물 없이 못 할 사연
あの時、微量ながら君が電力を僕のPCに	그때 조금이나마 전력을 내 컴퓨터에
例えば僕に永久的に世界の子供から毎日、	예를 들면 세계 아이들한테 매일、
食欲の秋だからって、いっぱい食べてたら	식욕의 계절이라고 많이 먹다 보면
さて軽く運動したし、コーヒーでも飲みに	자、운동도 했으니 커피라도 마시러
そういう事なんで、私は仕事に戻ります。	그런 이유로 저는 일하러 갈게요。
じゃ、じゃあ、もうこの店には俺一人では	그、그럼 이제 이 가게엔 나 혼자선
というか、どこに行こうとしてるんだよ？	아니、대체 어디로 가려는 거야？
（凝り性だから、とことんやるとは思って	（꼼꼼한 성격이라 끝장 볼 줄 알았
どのルートにって事はいろいろあるのか？	어느 루트냐는 게 여러 개 있어？
いや、ゲームの中でいくら愛を育んでも、	아니、게임 속에서 아무리 사랑해도、
だから、しばらく私もこの街でのんびりと	그래서 당분간 나도 여기서 느긋하게
相変わらず、わけのわからない理屈だな。	여전히 알 수 없는 논리로군。
ほとんど俺の事を客扱いしてないんだから	거의 날 손님 취급도 안 하잖아
人生設計ができない大人にはなりたくない	인생 설계도 못 하는 어른은 싫어
その為にはしっかりバイトしてお金を貯め	그러려면 알바 열심히 해서 돈 모아
あの人、おかしいよ！絶対におかしいよ！	저 사람 이상해！분명히 이상하다고！
これを一気に飲んでくれたら、これは無料	이걸 원샷해 주면 이건 공짜
何をわけがわからない事を言ってるのよ。	무슨 말도 안 되는 소리야。
だから諦めるしかないって言ってるだろ。	그러니까 포기할 수밖에 없다잖아。
それじゃあ、今度からは俺と交代で・・・	그럼 다음부터는 나랑 교대로・・・
あのね、いま私のファンの人に詰め寄られ	있잖아、지금 내 팬한테 붙잡혀서
この世界では君の方が年上かもしれないが	이 세계에선 네가 연상일지 모르지만
かわいく言ったら、何を言っても許される	귀엽게 말하면 뭐든 용서받는다
まあ、あの人がこの街に来てからだから。	뭐、그 사람이 여기 온 뒤부터니까。
（その雰囲気を完全にぶち壊してる人間が	（그 분위기를 완전히 망치는 사람이
コーヒーカップが俺目掛けて飛んできた！	커피잔이 나를 향해 날아왔다！
この店は全年齢向けですから、これ以上の	이 가게는 전연령가라서 이 이상은
言ってくれれば、すぐに直したんだけど。	말해줬으면 바로 고쳤을 텐데。
はーい、ゲーム雑誌集計で約１２万本、	네～、잡지 집계로 약 １２만 장、
（まさか、ネットでカンニングしながら	（설마 인터넷으로 커닝하면서
まさか、商店街の連中のいやがらせか？	설마 상점가 놈들의 심술인가？
あれ、お肉屋さんで買ったコロッケよ。	그거 정육점에서 산 고로케야。
だから、オレがあいつが小さいときから	그래서 내가 저 녀석 어릴 때부터
お前がきちんと一人前になったら・・・	네가 제대로 어른이 되면・・・
あのときコロッケをもらってなかったら	그때 고로케를 받지 않았더라면
ワシが祖父の代から金物屋をやっている	내가 할아버지 대부터 철물점을 하는
金物や電動工具の修理はお手のもんだ。	철물이나 전동공구 수리는 내 전문。
カレーの仕込みは終わってるんですね。	카레 준비는 끝나 있군요。
さて、店が終わって掃除も終わったぞ。	자、가게도 끝나고 청소도 끝났다。
なんだ、河原に住みついた野郎ってのは	뭐야、강가에 눌러앉은 놈이란 게
おいおい、今でも正義の味方気取りか？	이봐、아직도 정의의 사도인 척인가？
さて、この町で何が起こってるのかね。	자、이 동네에 무슨 일이 일어날까。
オレ・・・寺の前で捨てられてたんだ。	나・・・절 앞에 버려져 있었어。
すぐそうやって暴力に訴えようとする。	툭하면 폭력에 호소하려 든다니까。
お前はどうして、そう後ろ向きなんだ！	넌 어째서 그렇게 부정적인 거야！
どうやらお前と因縁のある犬のようだ。	너와 인연이 있는 개인 모양이다。
犬に恨まれる覚えはないんだけど・・・	개한테 원한 살 짓은 없는데・・・
（会長が商店街のことに専念するために	（회장이 상점가 일에 전념하기 위해
まあ、人はそうやって勉強するんだな。	뭐、사람은 그렇게 배우는 거지。
あの子がこの街に来たのが3年前だから	그 애가 여기 온 게 3년 전이니까
パイロットの個人的なお宝かもしれん。	파일럿의 개인적인 보물일지도 몰라。
（商店街の野球イベントは、そこそこの	（상점가 야구 이벤트는 그럭저럭
あら、それなら挑戦してみようかしら。	어머、그럼 도전해 볼까。
これは、ボールをパネルに当てるのか。	이건 공을 패널에 맞히는 건가。
適当に体動かしていきゃいいんじゃね？	적당히 몸 움직이면 되는 거 아냐？
なんだね、ワシがカレーを食べに来たら	뭐야、내가 카레 먹으러 왔더니
・・・まあ、試合は俺たちにまかせな。	・・・뭐、시합은 우리한테 맡겨라。
商店街つぶし、これを使えば一発だぜ。	상점가 없애기、이거면 한 방이야。
うーーん、場所もよく判らないしねぇ。	으～음、장소도 잘 모르겠고 말이야。
じゃあ、ここに受け取りのサインして。	그럼 여기에 수령 사인해 줘。
ええ、商店街の会長さんの紹介ですよ。	네、상점가 회장님 소개예요。
考えてみたら、この商店街をのんびりと	생각해 보니 이 상점가를 느긋하게
年上を「ちゃん」づけで呼んでるのか？	연상한테 「짱」을 붙여 부르냐？
外の世界でそんなこと言ってくれるのは	바깥세상에서 그런 말 해주는 건
ところで、虫って食っても大丈夫かな？	그런데 벌레는 먹어도 괜찮을까？
カナブンはやめておいた方がいいっす。	풍뎅이는 그만두는 게 좋아요。
プロだってダブルヘッダーが限界だぞ。	프로도 더블헤더가 한계야。
今日はこれからシーン練習なんだけど。	오늘은 이제부터 장면 연습인데。
こういうのは覚えやすさとインパクトが	이런 건 외우기 쉬운 거랑 임팩트가
今日はバイトも休みだし、特にないよ。	오늘은 알바도 쉬고 딱히 없어。
（虫にやられて、怪我してしまった！）	（벌레한테 당해서 다치고 말았다！）
今日は必ずお宝をゲットするでやんす。	오늘은 꼭 보물을 손에 넣겠습죠。
ふふっ、お宝を探しに来たんでやんす。	후훗、보물을 찾으러 왔습죠。
ふふふふふふっ、ついて来るでやんす。	후후후후훗、따라오시죠。
そんな簡単な言葉で済ますなでやんす！	그런 쉬운 말로 때우지 마십죠！
なかなか、いいカンジだったでやんす。	제법 괜찮은 느낌이었습죠。
ええい、まったく腹の立つニュースだ。	에잇、정말 열받는 뉴스로군。
ますます商店街は調子に乗ってますよ。	상점가가 점점 기고만장해지네요。
ダンベルの重量は少しずつ増やさないと	덤벨 무게는 조금씩 늘려야
おいどんは全然おかしくないでごわす！	나는 하나도 이상하지 않소！
このトンネルの奥にシェルターがある。	이 터널 안쪽에 셸터가 있어。
（川を征服する前に、まず泳げるように	（강을 정복하기 전에 우선 헤엄부터
そのときは、オレがいなかったんだろ？	그때는 내가 없었잖아？
じゃ、わたしこれからバイトあるから。	그럼 난 이제 알바 가야 해서。
まあ、お二人で楽しんできてください。	뭐、두 분이서 즐기다 오세요。
それは、商店街のみんなの合意なのか？	그건 상점가 사람들 전부의 합의야？
お前をキャプテンだなんて認めないぞ！	널 주장으로 인정 못 해！
そう思うと、なんだか緊張してきたな。	그렇게 생각하니 왠지 긴장되네。
（・・・いまさら違うとは言えないな。	（・・・이제 와서 아니라곤 못 해。
待てよ、俺も一緒に行ったらどうかな。	잠깐、나도 같이 가면 어떨까。
うおおおっ、オレは野球をナメていた！	우오오옷、난 야구를 얕보고 있었어！
ええっと、照明さんにお願いしないと。	그러니까、조명 담당한테 부탁해야지。
また、誰かと勘違いしてるでやんすね。	또 누구랑 착각하고 계시죠。
しょうがない、後でタオルとシャツでも	어쩔 수 없지、나중에 수건이랑 셔츠
あたしが最初から言ってたとおりだろ？	내가 처음부터 말한 그대로잖아？
しかし、あんなにたくさんのパソコンで	그런데 저렇게 많은 컴퓨터로
基本的に各打者ごとにお互いにカードを	기본적으로 타자마다 서로 카드를
ははは、子供ってのは無邪気でいいな。	하하하、애들은 순진해서 좋구나。
さらっと読む感じでいいんじゃないか。	가볍게 읽는 느낌이면 되지 않을까。
練習の時は軽く流して演技するんだけど	연습 때는 가볍게 흘리듯 연기하는데
プレゼント渡さなくちゃいけないわね。	선물을 건네줘야겠네。
そして、色々世話も焼いてくれて・・・	그리고 이것저것 챙겨주고・・・
今回は軽い熱中症だったから、さっきの	이번엔 가벼운 열사병이었으니까 아까
身体を壊したら芝居どころじゃないよ。	몸 상하면 연극이고 뭐고 없어。
それにしても材質はなんでやんすかぁ？	그건 그렇고 재질이 뭡죠？
だろうな、入り組んだ所にあるからな。	그렇겠지、복잡한 곳에 있으니까。
なんかいいバイト知らないでやんすか？	뭔가 괜찮은 알바 모르십죠？
じゃあ、オイラの取り分は150円と。	그럼 내 몫은 150엔이고。
こんなナリじゃ無理に決まってるだろ。	이런 꼴로는 당연히 무리지。
大丈夫、こうしてまだ生きてるでしょ？	괜찮아、이렇게 아직 살아 있잖아？
別にオレのものにしたいわけじゃない。	딱히 내 걸로 삼고 싶은 건 아냐。
お前のことだから、誰にも何も言わずに	너니까 아무한테도 말 안 하고
いまさら他の生き方などできるものか。	이제 와서 다른 삶을 살 수 있나。
そんなことより、あのプロデューサー！	그것보다 저 프로듀서！
私をこんな閉じた世界から・・・・・。	날 이런 닫힌 세계에서・・・・・。
世界との断絶感におちいった主人公が、	세상과 단절된 주인공이、
本当の事を言ってるだけ・・・・・・。	사실을 말하고 있을 뿐・・・・・・。
好戦的で、えらく俗まみれの牧師だね。	호전적이고 꽤나 속물스러운 목사네。
確かに言ってる事は合ってるが、それを	말하는 건 분명 맞지만 그걸
その言い方、凄く嫌なんだが・・・・。	그 말투 정말 싫은데・・・・。
自分のキャラを変えてるわけでもなく、	자기 캐릭터를 바꾼 것도 아니고、
それでも誉めてくれたっていいじゃん。	그래도 칭찬해 주면 좋잖아。
メイド歴は一年とか言ってなかったか？	메이드 경력이 １년이랬잖아？
冬に最近来ないなと思ったら、家出るの	요즘 안 온다 싶더니 집 나서는 게
じゃあ、次はいつ来るかわからないな。	그럼 다음엔 언제 올지 모르겠네。
それを聞いてると何だかペットになった	그 말 들으면 왠지 애완동물이 된
これ味がおかしいんだけど・・・・・。	이거 맛이 이상한데・・・・・。
それで、あとどれぐらい店を回るんだ？	그래서 가게를 얼마나 더 돌 거야？
お前、その情報どこで調べてきたんだ？	너 그 정보 어디서 알아온 거야？
お前もたまにわからない時があるよな。	너도 가끔 모를 때가 있구나。
じゃあ、やっぱりあれは買い物がメイン	그럼 역시 그건 쇼핑이 주목적
もっとガッチリした物を食わしてくれ。	좀 더 든든한 걸 먹여줘。
そんな事を考えて、それを行動に移せる	그걸 생각해서 행동에 옮길 수 있는
いや、だから、このままやると顔がね。	아니、그러니까 이대로 하면 얼굴이。
ついにこの日がやってきたわけですね。	드디어 이날이 온 거군요。
いや、まだ知り合って半年も経ってない	아니、알게 된 지 반년도 안 됐어
いや、用があるわけじゃないんだけど、	아니、볼일이 있는 건 아니지만、
気にしないでって言われても・・・・・	신경 쓰지 말라고 해도・・・・・
例えば、移動するのを楽にする為に車や	예를 들면 이동을 편하게 하려 차나
おじいちゃんって言われ方は嫌ですか？	할아버지라고 불리는 건 싫으세요？
姿からして怪しいから、いまさら態度が	겉모습부터 수상한데 새삼 태도가
まあな、男なら一度は史上最強を目指す	뭐、남자라면 한 번은 최강을 노리는
こんな時間にフラフラしてる大人の方が	이런 시간에 어슬렁대는 어른 쪽이
ふう～。本気で逃げようかと思ったぞ。	후우～。진심으로 도망칠까 했다고。
やっぱり言葉じゃ伝わらない事もあると	역시 말로 안 전해지는 것도 있다고
ちょ、ちょっと待て、その電話なんだ？	자、잠깐만、그 전화 뭐야？
だから今のままでいてくれだけでいい。	그러니까 지금 그대로 있어주면 돼。
やっぱり自由人には関係無い日だから、	역시 자유인한텐 상관없는 날이니까、
二人が一緒に同じ事を書いたんだもん、	둘이서 똑같은 걸 썼는걸、
じゃあ、お前はどこに住んでいるんだ？	그럼 넌 어디 사는 거야？
い、いや、突然そんな事を言われても。	아、아니、갑자기 그런 말을 들어도。
これ以上、そんな事したらこの店を出た	더 이상 그러면 이 가게에서 나간
死んで生まれ変わっても、二人はずっと	죽어서 다시 태어나도 둘은 계속
２０歳って、学校には行ってないのか？	２０살이면 학교는 안 다니는 건가？
メイドさんには溢れる知性がにじみでる	메이드에겐 넘치는 지성이 배어나오는
ああ、それでこの間の礼がしたくてね。	아、그래서 지난번 답례를 하려고。
世界中のミサイルが君を狙うようにする	전 세계 미사일이 널 노리게 만드는
あの雰囲気の中にいると、自分が小さく	그 분위기 속에 있으면 내가 작게
うちのチームに入ってくれるって話か？	우리 팀에 들어와 준다는 얘긴가？
本当に楽しませる事ができるのかな～？	정말로 즐겁게 해줄 수 있을까～？
今の動きは俺が観客なら拍手してたな。	방금 그건 관객이었으면 박수쳤어。
（あれ？ご主人様って言わなかったぞ）	（어라？주인님이라고 안 했는데）
それ、めんどくさいと思ったらダメだ！	그거 귀찮다고 생각하면 안 돼！
・・・・・・その首輪は誰にも切る事は	・・・그 목걸이는 누구도 끊을 수는
いや、だから、それ以前の問題だから。	아니、그러니까 그 이전의 문제라고。
博士の言う通り、動物の本を読んでた。	박사님 말대로 동물 책을 읽었어。
博士って・・・・・・まあ、いいけど。	박사라니・・・・・・뭐、상관없지만。
大人が小娘にコイツ扱いか・・・・・。	어른이 애한테 녀석 취급인가・・・。
嫉妬したかったら、さっさと自分の物に	질투하고 싶으면 얼른 자기 것으로
ウソだと思うなら引っ張ってみなよ～。	거짓말 같으면 당겨 보라고～。
（そういえば前もこんな事があったな。	（그러고 보니 전에 이런 일 있었지
「ヨロシクね」って、初めて会った時に	「잘 부탁해」라고 처음 만났을 때
餌付けって・・・・俺はペット扱いか。	먹이라니・・・난 애완동물 취급인가。
朝から夜までずっと本って・・・・・。	아침부터 밤까지 계속 책이라니・・・
だいたいお前なら金を持ってない奴に、	애초에 너라면 돈 없는 놈한테、
それ、ただ朝に飲みに来てるだけだろ。	그냥 아침에 마시러 오는 것뿐이잖아
そういえば、この間はペペロンチーノが	그러고 보니 지난번엔 페페론치노가
というわけで、こんなかわいいメイドに	그런 이유로 이런 귀여운 메이드한테
いや、これはなかなかの汎用性がある。	아니、이건 제법 범용성이 있어。
出会いからして、１０パターン以上だ！	만남부터가 １０패턴 이상이야！
ああ、全てのアルバムをコンプしたら、	아、모든 앨범을 다 모으면、
真エンドさえもコンプリィィィィィト！	진엔딩까지도 컴플리이이이이트！
なんとなく黒いオーラを感じるんだ～。	왠지 검은 아우라가 느껴져～。
いったい、どんな子なんだ・・・・・。	대체 어떤 애인 거야・・・・・。
二人共・・・・・弾いて欲しい曲ある？	둘 다・・・쳐줬으면 하는 곡 있어？
戻れないなら練習する必要も無いだろ？	못 돌아가면 연습할 필요도 없잖아？
また、さりげに帰れって言いやがった！	또 슬쩍 돌아가라고 했겠다！
（カタカタカタカタカタカタ・・・・）	（타닥타닥타닥타닥・・・・）
お前、こんな所で何をやっているんだ？	너 이런 데서 뭐 하는 거야？
キィィィィボォォォォォドォォォォォ！	키이이이보오오오오드오오오오！
ネトゲの世界ではレベルがマックスだと	온라인 게임에선 레벨이 최대치라
僕と彼女の恋愛シミュレーションゲーム	나와 그녀의 연애 시뮬레이션 게임
いらんし、俺はパソコンを持ってない。	필요 없고 난 컴퓨터도 없어。
私もダーリンの事を考えると仕事が手に	나도 달링 생각하면 일이 손에
さっき合わせるって言った（ポソッ）。	아까 맞춰준다고 했잖아（소곤）。
もちろん私が毎日、掃除してるからね。	물론 내가 매일 청소하고 있으니까。
それもあるかもしれないが、まだ建って	그것도 있겠지만 아직 지은 지
その時にね、ちょうど開店したばかりの	그때 말이야、마침 막 문을 연
だから、つまづいた姿は目に焼きついて	그래서 넘어진 모습이 눈에 박혀서
さっきのコーヒーを頭からかぶったら、	아까 커피를 뒤집어썼더니、
その時はウワッチャチチチチって言って	그땐 우왓챠치치치치 하면서
まずは、お嬢様の家で働き始めた頃から	우선 아가씨 댁에서 일하던 때부터
よくわからないけど、やってみようか。	잘 모르겠지만 해볼까。
ねえ、最近ウワサを聞いたんだけど。	있잖아、요즘 소문 들었는데。
じゃあ、ちょっと付き合ってくれる？	그럼 잠깐 같이 가줄래？
一応今回のプロデューサーだからな、	일단 이번 프로듀서니까、
ああ、もうちょっとで勝てたのにな。	아、조금만 더 하면 이겼는데。
兄貴、キャッチボールでもやらない？	형、캐치볼이라도 안 할래？
金が欲しくてホストとかしてたんだ。	돈이 필요해서 호스트도 했었어。
ゲームオーバー以外でこういうことに	게임 오버 말고 이런 일이
商店街の宣伝になっちゃいましたね。	상점가 홍보가 돼버렸네요。
ねえ、くっついてもいい・・・かな。	있지、붙어 있어도 될・・・까。
じゃあ、オイラが他の犬に食われない	그럼 내가 다른 개한테 안 먹히게
今日は～楽しい～クリスマス～っと！	오늘은～즐거운～크리스마스～！
かかか、母ちゃんに何するでやんす！	어어엄마한테 무슨 짓입죠！
オイラの母ちゃんに飛びかかるなんて	내 엄마한테 덤벼들다니
そりゃあ、ワシは日々暮らしていける	그야 나는 하루하루 살아갈 수 있지
じゃあ、オイラだけで探すでやんす！	그럼 나 혼자서 찾겠습죠！
子供の時からずっと拳法修行ですよ。	어릴 때부터 계속 권법 수련이에요。
それで、みんなで銀行に行ってみたら	그래서 다 같이 은행에 가봤더니
そいつ、銀行に向かっておじぎしたら	그놈이 은행을 향해 절을 하더니
・・・悪の組織も大変なんですねぇ。	・・・악의 조직도 힘들군요。
そう、このゲームをやってみてくれ。	그래、이 게임을 해봐줘。
試合に負けた上に、ケンカだなんて。	시합에 진 데다 싸움까지라니。
野球商店街のくせに、弱いって・・・	야구 상점가 주제에 약하다니・・・
いやいや、虫というのは栄養源として	아니아니、벌레는 영양원으로서
あんたたち、いいかげんにしなさい！	너희들、적당히 좀 해！
（もうすっかり、従業員だよ・・・）	（완전히 종업원이잖아・・・）
飛行機に乗らなきゃいいじゃないか。	비행기를 안 타면 되잖아。
ああ、テレビ局の話が先にあってね。	아、방송국 얘기가 먼저 있어서。
なあ、君はどこで野球を覚えたんだ？	저기、넌 어디서 야구를 배웠어？
あいつら、いい気になってますよね。	저것들、우쭐해 있네요。
・・・だから、本当は泳げるんだろ？	・・・그럼 사실은 헤엄칠 줄 알지？
・・・悪いが、アメリカンジョークは	・・・미안하지만 미국식 농담은
墜落による火災で商店街は全焼した。	추락 화재로 상점가가 전소됐다。
ダチョウのオリのカギがあった場所に	타조 우리 열쇠가 있던 자리에
あとあんた、野球もやってるんだろ。	그리고 너、야구도 하고 있지。
（・・・痛いところを突かれたな。）	（・・・아픈 데를 찔렸군。）
基礎練習は、どちらも似てるからな。	기초 연습은 둘 다 비슷하니까。
俺たち助っ人は、このチームを去る。	우리 용병들은 이 팀을 떠난다。
そこで、オイラたちの出番でやんす！	거기서 우리가 나설 차롑죠！
幸い、あの犬は命はとりとめたがね。	다행히 그 개는 목숨은 건졌지만。
どうせたいしたことないんでやんす。	어차피 별거 아닙죠。
さて、こっちは野球の練習続けるか。	자、이쪽은 야구 연습 계속할까。
あれはタイムセールで安かったやつ。	그건 타임세일로 싸게 산 거야。
その気持ちは、わからないでもない。	그 마음은 모르는 것도 아니야。
そうか、次の試合の日が決まったか。	그래、다음 시합 날이 정해졌나。
伝説ってほどのものじゃないけどね。	전설이라 할 정도는 아니지만。
戦争中に米軍の爆撃機が墜落してね。	전쟁 때 미군 폭격기가 추락했어。
このマンガを買い取ってほしいんだ。	이 만화를 사줬으면 해。
２ストライクまでは、からぶりしても	２스트라이크까지는 헛쳐도
あなたは、ウチのチームの貴重な戦力	당신은 우리 팀의 귀중한 전력
それじゃ、商店街を案内してあげる。	그럼 상점가를 안내해 줄게。
だって本をこうやって残してるだろ。	그야 책을 이렇게 남겨뒀잖아。
普通のゲームとは思わないことだね。	평범한 게임이라 생각 말라고。
さっきから電話してるんだけど・・・	아까부터 전화하고 있는데・・・
それ、主人が大切にしていた本です。	그건 남편이 아끼던 책이에요。
・・・すべてはこちらの意思しだい。	・・・모든 건 이쪽 뜻에 달렸다。
あの墓に刻まれている本当の名前だ。	저 묘비에 새겨진 진짜 이름이다。
じゃあ、君のと交換してあげようか？	그럼 네 것과 바꿔줄까？
この前の宝物のことは、悪かったな。	지난번 보물 일은 미안했다。
姉からは時々連絡があったりするけど	누나한테선 가끔 연락이 오지만
それなら君が有名になればいいんだ。	그렇다면 네가 유명해지면 돼。
うん、実はそれがわたしの夢なんだ。	응、사실 그게 내 꿈이야。
あいつは自分が怪我で出られないから	걘 자기가 부상으로 못 나오니까
じゃあ紅白戦は、こっちのチームに？	그럼 청백전은 이쪽 팀으로？
（・・・あー、なんとか終わった。）	（・・・아、그럭저럭 끝났다。）
けどね、いいことが２つあったんだ。	근데 좋은 일이 ２개 있었어。
でも、無理に笑いを取ろうとするのは	근데 억지로 웃기려 드는 건
さ、もうこんな暗い話いいじゃない。	자、이런 어두운 얘긴 그만하자。
そりゃ、新しいオモチャじゃないと、	그야 새 장난감이 아니면、
それがオイラのスピリッツでやんす！	그게 내 스피릿입죠！
とにかく、ＶＩＰ専用入り口へゴー！	아무튼 ＶＩＰ 전용 입구로 고！
ええっ、せっかく列の半分ぐらいまで	엥、모처럼 줄 절반쯤까지
こっちの入り口は関係者だけですよ。	이쪽 입구는 관계자 전용이에요。
あれえ、こっちに連絡がきてません？	어라、이쪽엔 연락이 안 왔나요？
あっ、今のボールはなんでやんす？！	앗、방금 그 공은 뭡죠？！
・・・必殺技への道は遠いでやんす。	・・・필살기의 길은 멀군요。
おお、なんだかカッコいいでやんす！	오오、왠지 멋있습죠！
だが、すぐに止めさせるのは難しい。	하지만 당장 막기는 어렵다。
もしもし、商店街の会長さんですね？	여보세요、상점가 회장님이시죠？
いや、商店街の代表として決断する。	아니、상점가 대표로서 결단한다。
単に種類があるだけじゃだめなのか？	그냥 종류만 있으면 안 되나？
動力は普通の１００Ｖコンセントか。	동력은 보통 １００Ｖ 콘센트인가。
だから、一昔前のだと言ってるだろ？	그러니까 옛날 거라고 했잖아？
むふーーーーーーーーーーーーーつ！	무후～～～～～～～～～～～웃！
・・・それに、あたしも助かるなぁ。	・・・게다가 나도 살아나지。
ええと・・・どういうことですかな。	그러니까・・・무슨 뜻인가。
向こうが提示してるのは、この額だ。	저쪽이 제시한 건 이 금액이다。
いいや、オマエは俺を疑っているね！	아니、넌 날 의심하고 있구나！
はっはっは、そうだろうそうだろう。	하하하、그렇겠지 그렇겠지。
ないないない、絶対になんにもない！	없어없어、절대 아무것도 없어！
おう、このくらいで勘弁してやるよ。	오、이 정도로 봐주마。
じゃあさ、うちの劇団に入ってみる？	그럼 우리 극단에 들어와 볼래？
お前にそんなものあるわけないだろ！	너한테 그런 게 있을 리 없잖아！
それじゃ、３人で出かけましょうか。	그럼 ３명이서 나가볼까요。
もう、びっくりしたじゃないですか～	정말、깜짝 놀랐잖아요～
だが、あの試合ではっきりわかった。	하지만 그 시합에서 확실히 알았다。
もう、そういう問題じゃないんだよ。	이제 그런 문제가 아니라고。
じゃ、俺は役者で舞台に立てるんだ。	그럼 난 배우로 무대에 선다。
燃えるようなラブロマンスかぁ・・・	불타는 로맨스인가・・・
やや、超人ライダーの映画でやんす！	오、초인 라이더 영화입죠！
いえ、４枚当たったんですよ、４枚。	아뇨、４장 당첨됐어요、４장。
いや、グラウンドで汗を流してきた。	아니、운동장에서 땀 흘리고 왔다。
万一、アクセスしてる場所がばれたら	만일 접속 장소가 들통나면
ははは、演出はチェックが厳しいな。	하하하、연출은 체크가 엄하군。
あ、わたしこれからスタッフさんとの	아、난 이제 스태프분들이랑
なんだよ、ナニ格好つけてるんだよ。	뭐야、뭘 폼 잡고 있어。
もっと良い報告を聞きたいものだね。	더 좋은 보고를 듣고 싶군。
必要なら、日本支社に協力させよう。	필요하면 일본 지사를 협력시키지。
商店街の土地には、なにがあるんだ？	상점가 땅에는 뭐가 있는 거야？
ふーん、世界的なスーパーグループの	흐음、세계적인 슈퍼 그룹의
なんだか、怒ってるみたいでやんす。	왠지 화난 것 같습죠。
男同士で手つないで気持ち悪いなぁ。	남자끼리 손잡다니 징그럽네。
・・・場所は、ここじゃダメなのか？	・・・장소는 여기면 안 되나？
おじちゃんから、カブトムシみたいな	아저씨한테서 장수풍뎅이 같은
さすがに若い一人暮らしの女性の家に	아무래도 젊은 자취 여성 집에
たしかに、この部屋から鳴ってるな。	확실히 이 방에서 울리는군。
うん、プログラムに任せてるからね。	응、프로그램에 맡기고 있으니까。
実際にカードを使うわけじゃないから	실제로 카드를 쓰는 건 아니니까
ちゃんと商品ももらえるんだからさ、	상품도 제대로 받을 수 있으니까、
こういうのが一番きれいなんですよ。	이런 게 제일 예쁜 거예요。
でも、うまくいくかもしれませんよ。	그래도 잘될지도 몰라요。
だから、水泳に乗り換えたりしないで	그러니까 수영으로 갈아타지 말고
けどおまえ、金はどこが出すんだよ。	근데 너、돈은 어디서 나오는데。
けど、最後の決断は座長がしないと。	근데 마지막 결단은 단장이 해야지。
あたし、もうとっくに死んでるのよ！	나、이미 진작에 죽었다고！
君のアドバイスを真に受けてる間に、	네 조언을 곧이곧대로 듣는 사이에、
・・・あの練習の後なのに元気だな。	・・・그 연습 후인데 팔팔하군。
だから、日陰にいろって言ったのに。	그러니까 그늘에 있으랬잖아。
あっ、コラ、たたいちゃいかんカニ！	앗、이놈、때리면 안 된다 게！
とにかく、どうにかするしかないよ！	아무튼 어떻게든 할 수밖에 없어！
もちろんキャッシュで買うでやんす！	물론 현금으로 삽죠！
だって、相場じゃこの値段なんだろ？	그야 시세로는 이 가격이잖아？
そこで発掘された、米軍の保存容器に	거기서 발굴된 미군 보존 용기에
それで、持って帰ってきちゃったんで	그래서 가지고 돌아와 버려서
・・・２人とも、ちょっと来なさい。	・・・둘 다 잠깐 이리 와라。
じゃ、これで一件落着ということで。	그럼 이걸로 일단락이라는 걸로。
（・・・またケータイ電話、アラーム	（・・・또 휴대폰、알람
初日だからって手を抜いちゃダメよ。	첫날이라고 대충 하면 안 돼。
僕より出番が少なかったじゃないか。	나보다 출연이 적었잖아。
この方、有名なプロデューサーでさ。	이분、유명한 프로듀서야。
なあ、どうしてあのプロデューサーを	저기、왜 그 프로듀서를
よし、全部のダチョウを回収したぞ！	좋아、타조 전부 회수했다！
ダチョウがダメだったんだから・・・	타조가 안 됐으니까・・・
４点差で負けてて、残り２イニング。	４점 차로 지고 남은 건 ２이닝。
どうして右から３番目だけ白いんだ？	왜 오른쪽에서 ３번째만 하얀 거야？
洗脳の一種でね、特定の単語や状況を	세뇌의 일종이야、특정 단어나 상황을
たぶん、こっちの居場所がばれたな。	아마 이쪽 위치가 들통났군。
情けないけど、コンピュータの進歩に	한심하지만 컴퓨터의 진보에
特技は無線でネットにつなげること。	특기는 무선으로 넷에 연결하기。
どうもこうも、焼けちまったんだよ、	어쩌고 자시고 타버렸다고、
・・・すでに、準備は完了している。	・・・이미 준비는 끝났다。
くっ、知られたからには仕方がない！	큭、들킨 이상 어쩔 수 없지！
さあ、今日も練習と大道具の仕事だ！	자、오늘도 연습이랑 무대장치다！
と、とにかく、終わるまで外にいる！	아、아무튼 끝날 때까지 밖에 있어！
だって、あいつら汚いんでやんすよ！	그야 저것들 더럽습죠！
今ごろはオーディションの最中かな。	지금쯤 오디션 중이려나。
それが、今晩オーディションするって	그게 오늘 밤 오디션을 한다고
あーあ、無理やりドア開けちゃって。	아아、억지로 문을 열어버려서。
こんなヤツの口車に乗っちゃだめだ。	이런 놈 꾐에 넘어가면 안 돼。
じゃあ、さっきの続きからいこうか。	그럼 아까 이어서 갈까。
そうだな。とりあえず待っておくよ。	그래。일단 기다릴게。
そろそろ機嫌を直していただけません	슬슬 기분 좀 풀어주시면
ここまで味音痴だったのか・・・・。	이 정도로 미맹이었나・・・・。
（この人は本当にちゃんと本を読んで	（이 사람 정말 제대로 책을 읽고
ちなみに最強はシスター・リョーフ。	참고로 최강은 시스터 료후。
浮き輪、まったく役に立ってないね。	튜브、전혀 쓸모가 없네。
間違ってなくて、そして言い返せない	틀리지 않아서 반박도 못 하는
嫌だと言ったら無理やり手を引いて。	싫다니까 억지로 손을 끌고。
ああ、あきらかにいつものと違う味が	아、분명 평소랑 다른 맛이
また来るって言ってたから、そのうち	또 온다고 했으니까 조만간
そりゃ筋肉増強剤とかビタミン剤とか	그야 근육증강제나 비타민제나
とりあえず今なら誰が相手でも勝てる	일단 지금이면 누가 상대든 이겨
（これは正直に答えた方がいいよな。	（이건 솔직히 답하는 게 낫겠지。
じゃあ、ミックスジュース、オレンジ	그럼 믹스 주스、오렌지
よかったら俺の筋トレを手伝ってよ。	괜찮으면 내 근력운동 도와줘。
でも間に合った事には変わりないよ。	그래도 늦지 않은 건 변함없어。
サービスとして私がケチャップで絵を	서비스로 제가 케첩으로 그림을
何事も信じる者は救われるって事で。	뭐든 믿는 자는 구원받는다는 거지。
このジュースを飲む事のどこに生活が	이 주스를 마시는 게 어디가 생활이
可愛い、可愛く無いの問題じゃない！	귀엽다 안 귀엽다의 문제가 아냐！
この状況で落ち着けるわけないだろ！	이 상황에서 진정될 리 없잖아！
（あのメイドに目がいって、まったく	（저 메이드한테 눈이 가서 완전히
な、なんだこの敗北感は・・・・・。	뭐、뭐야 이 패배감은・・・・・。
そんな変な生き物理解したくないよ。	그런 이상한 생물 이해하기 싫어。
しかし、叶うとしてもどれぐらい時間	근데 이뤄진다 해도 얼마나 시간이
それシャレにならんから・・・・・。	그거 농담이 안 되니까・・・・・。
そんな悲しい顔で心配しないでくれ。	그런 슬픈 얼굴로 걱정하지 마。
い、いや、そこまでは・・・・・・。	아、아니 거기까지는・・・・・・。
手伝う気、まったく無しって事だね。	도울 마음 전혀 없다는 거네。
お嬢様。約束の期日はもうすぐです。	아가씨。약속한 기일이 다가옵니다。
ツッコムところはそこじゃないだろ。	태클 걸 데는 거기가 아니잖아。
とりあえず私は注文を通してくるよ。	일단 난 주문 넣고 올게。
なんだそのむさそうなコーヒー名は。	뭐야 그 칙칙한 커피 이름은。
なんか最後には俺が使いぱしりさせた	왠지 마지막엔 내가 심부름꾼이 된
（止めておいた方が良かったのかな。	（말리는 게 나았으려나。
あれ？なんで、そんなの読んでるの？	어라？왜 그런 걸 읽고 있어？
これはパントマイムのれんしゅう～。	이건 팬터마임 연습～。
わけわからん事を言ってないで、早く	알 수 없는 소리 말고 얼른
止めた方がいいのかもしれないけど、	말리는 게 나을지도 모르지만、
何も言ってくれないからわからんな。	아무 말도 안 해주니 모르겠군。
あからさまにお前の態度がおかしい。	대놓고 네 태도가 이상해。
思いついた事を書いてるだけだけど、	떠오른 걸 쓰고 있을 뿐이지만、
怖いから真顔でそんな事を聞かないで	무서우니까 진지한 얼굴로 묻지 마
なんで、そんなにやさぐれてるのよ？	왜 그렇게 삐뚤어져 있는 거야？
一緒に暮らし始めてわかったんだが、	같이 살기 시작하고 알았는데、
それなのに用事とは、どういう事だ？	그런데 볼일이라니 무슨 소리야？
じゃあ、別に俺は一緒に居なくても、	그럼 딱히 난 같이 없어도、
そんな申し訳なさそうな顔されたら、	그렇게 미안한 얼굴을 하면、
では、次回は君にモニターを頼もう。	그럼 다음엔 네가 모니터를 맡아줘。
この間、お兄ちゃんは妹が欲しいって	지난번에 오빠는 여동생 갖고 싶다고
とりあえず今年一年はバイト頑張るの	일단 올해 １년은 알바 열심히 할
まだ本の続きが残ってる・・・・・。	아직 책 뒷부분이 남았어・・・・・。
いつか通報されても知らないからな。	언젠가 신고당해도 난 몰라。
ここに来るまではどこに住んでたの？	여기 오기 전엔 어디 살았어？
って、なんでさっきから私の言う事を	아니、왜 아까부터 내 말을
別にお礼なんか言わなくていいわよ。	딱히 인사 안 해도 돼。
最低限、生きてるのがめんどくさいと	최소한 사는 게 귀찮다고
だからって・・・・一言もそんな事を	그렇다고・・・・한마디도 그런 걸
ぬうおおおお！黒い液体がああああ！	누오오오！검은 액체가아아아！
やっぱり俺、怒らせてしまったかな？	역시 나、화나게 한 걸까？
ふ、踏みにじったなんて・・・・・。	지、짓밟았다니・・・・・。
ちょっと聞きたい事があるんだけど。	좀 물어볼 게 있는데。
い、いや、今日は腹減ってないから。	아、아니 오늘은 배 안 고파서。
お前、さっきついでって言っただろ。	너 아까 김에라고 했잖아。
今までもらったプレゼントの中で一番	지금까지 받은 선물 중에 제일
学校で衣服の勉強なんかしてないよ。	학교에서 옷 공부 같은 건 안 해。
ある女の子を好きになってしまったん	어떤 여자애를 좋아하게 돼버린
突然、言われても困ります・・・・・	갑자기 그러시면 곤란해요・・・・・
あきらかに別の目的だったじゃない。	대놓고 다른 목적이었잖아。
じゃあ、もう考えるのやめちゃえば。	그럼 이제 생각하는 거 그만둬。
いけなくはないが、猛烈なスピードで	못 갈 건 없지만 맹렬한 속도로
全部、お前じゃないか・・・・・・。	전부 너잖아・・・・・・。
なんかその言い方、他にブロンズとか	왠지 그 말투、다른 데 브론즈라도
もうそれは凍らせてくれていいから。	이제 그건 얼려줘도 되니까。
な、なんで俺に言わなかったんだよ。	왜、왜 나한테 말 안 했어。
それは親密な関係になった後だから。	그건 친밀해진 뒤의 얘기니까。
ご注文はいつものでよろしいですね？	주문은 늘 드시던 걸로 괜찮죠？
俺に何も言わずに、どこに行くんだ？	나한테 말도 없이 어디 가는 거야？
もう、タイムリミット・・・・・・。	이제 타임리밋・・・・・・。
翼を広げようともしていない人間が、	날개를 펴려고도 안 하는 인간이、
アウトドアここに極まれりって感じで	아웃도어의 극치라는 느낌으로
悪くならないうちに、食べてくれよ。	상하기 전에 먹어줘。
その時、自分で言って気付いたんだ。	그때 말하면서 스스로 깨달았어。
資料なのか、何なのか判らないけど、	자료인지 뭔지 모르겠지만、
一緒に行ったほうが、よかったかな。	같이 가는 게 나았으려나。
ディスクを受け取ったなら、帰って。	디스크를 받았으면 돌아가。
いや、あいつに命を狙われたんだ。	아니、그놈한테 목숨을 노려졌어。
まあ、なんとかやっていけてます。	뭐、그럭저럭 해나가고 있어요。
よぉし、お母さんに連絡しとこう。	좋아、엄마한테 연락해 두자。
あ、いいところに現れたでやんす！	아、마침 잘 나타났습죠！
（ここは警備カメラの死角だな。）	（여긴 경비 카메라 사각이군。）
・・・商店街の連中、つぶせるか？	・・・상점가 놈들、뭉갤 수 있나？
・・・オレ、寺を出てから世の中は	・・・난 절을 나와서 세상은
前回は、ゲームオーバーになったか	지난번엔 게임 오버가 됐던가
ソースのリクエストは、何かある？	소스 요청은 뭐 있어？
いや、なぜだか急にあのコロッケが	아니、왠지 갑자기 그 고로케가
ああ、お前にゃ分からん苦労だろ？	아、너는 모를 고생이지？
・・・あ、ああ、すまん、すまん。	・・・아、아아、미안、미안。
ところで、おじさんは何してるの？	그런데 아저씨는 뭐 하고 있어？
会長さん、ナベを焦がしちゃって。	회장님이 냄비를 태워버려서。
お母さんを助けてもらったもんな。	엄마를 구해줬으니까。
いや、最近のことじゃないんだが。	아니、요즘 일은 아니지만。
まあ、そういう考え方もあるかな。	뭐、그런 사고방식도 있으려나。
（いや、たんに店をほったらかして	（아니、그냥 가게를 내팽개치고
（はあ、なんとなくわかります。）	（하아、어쩐지 알 것 같아요。）
お互いの実力がわかったことだし、	서로 실력을 알았으니까、
・・・つまり、チーズやサラダね。	・・・그러니까 치즈나 샐러드네。
とにかく、無理はしないでくれよ。	아무튼 무리하지는 말아줘。
マシンと体をケーブルでつないで、	기계와 몸을 케이블로 연결해서、
・・・失礼な感想かもしれないが、	・・・실례되는 감상일지 모르지만、
でも、同じ空の下にいるんだから、	그래도 같은 하늘 아래 있으니까、
俺たち、昔は一緒に組んでたんだ。	우린 옛날엔 같이 팀이었어。
しかし、ここを探すのは大変だな。	근데 여길 찾는 건 힘들군。
・・・オレ親の顔を知らないんだ。	・・・난 부모 얼굴을 몰라。
そりゃあ、オレを育ててくれたのは	그야 나를 키워준 건
・・・この子を家まで送ってくれ。	・・・이 아이를 집까지 데려다줘。
人は、なぜ産まれてきたかって事で	사람은 왜 태어났는가 하는 거지
人は生きるために産まれたんだよ！	사람은 살기 위해 태어난 거야！
この前、試合放棄で負けだなんて。	지난번엔 몰수패라니。
お礼を言いに来ておるだけムシャ。	인사하러 왔을 뿐이야 우걱。
・・・助っ人なしでも勝てるかね。	・・・용병 없이도 이길까。
ときどき思い出すこともあるけど、	가끔 떠오를 때도 있지만、
だから、これから俺がどうするかが	그러니까 앞으로 내가 어쩌느냐가
ああいうのは、サービス料金とかで	그런 건 서비스 요금 같은 걸로
お前の気持ちをテストしたんだよ。	네 마음을 시험한 거야。
・・・どこから聞きつけてきたの？	・・・어디서 듣고 온 거야？
いや、そういう評価じゃなくてさ。	아니、그런 평가가 아니라。
あの連中の練習した後の、ボールの	저것들이 연습한 뒤의 공
このままだと、俺たちはあの連中の	이대로면 우리는 저것들의
お前ら、なにボケッとしてるんだ。	너희들、뭘 멍하니 있어。
よーし、お前はしゃんとしてるな。	좋아、넌 정신 차리고 있군。
さて、エサは何にしようかな・・・	자、미끼는 뭘로 할까・・・
ああ、自力で岸にたどりついたか。	아、혼자 힘으로 물가에 닿았나。
へえ、こんなので練習してるのね。	흠、이런 걸로 연습하는구나。
ふうん、普段は役に立たない連中も	흐음、평소엔 쓸모없는 것들도
ところで、ダチョウを逃がした犯人	그런데 타조를 놓아준 범인
（会長さんの歳は関係ないよな？）	（회장님 나이는 상관없겠지？）
・・・ちぇ、もっとロマンチックな	・・・칫、좀 더 로맨틱한
どうだい、すぐにやってみようか？	어때、당장 해볼까？
まあ、少しの量なら大丈夫だろう。	뭐、조금이면 괜찮겠지。
それは夜逃げ決行の日だったんだ。	그건 야반도주 결행일이었어。
でも、300円もするじゃないか。	근데 300엔이나 하잖아。
商店街のみんなに感謝しないとな。	상점가 사람들한테 감사해야지。
・・・どんな風に思ってたんだよ、	・・・어떤 식으로 생각했는데、
ねえ、あたしって料理下手だけど、	있잖아、난 요리 못하지만、
うっ、なにげに難度の高いものを。	윽、은근히 난도 높은 걸。
くそー、うまくやったなぁ、おい。	젠장、잘도 해냈네 이거。
うん、スーパーで買い物した帰り。	응、마트에서 장 보고 오는 길。
あああ、私のコーヒーを勝手に？！	아아、내 커피를 멋대로？！
そんな軽口が、いつまで続くかな？	그 가벼운 입이 언제까지 갈까？
ここでみんな練習しているんだな。	여기서 다들 연습하고 있구나。
さて、河川敷でなにをしようかな。	자、강가에서 뭘 할까。
腰はそう簡単には治らないからな。	허리는 쉽게 안 낫으니까。
いいこと教えてくれてありがとう。	좋은 거 알려줘서 고마워。
さて、寝る前に素振りでもするか。	자、자기 전에 스윙이나 할까。
とにかく、暑苦しいから出て行け！	아무튼 답답하니까 나가！
まったく、腹が減ってるというのに	정말、배가 고픈데도
だって、拾ったお金を自分のものに	그야 주운 돈을 자기 것으로
いや、もらう理由がないから・・・	아니、받을 이유가 없어서・・・
うん、それわたしのじゃないから。	응、그거 내 거 아니니까。
その時は、たまたま体調が悪かった	그땐 마침 몸이 안 좋았어
・・・でも、そんな事知ってたって	・・・근데 그걸 안다고 해도
・・・モノにもよりますけど・・・	・・・물건에 따라 다르지만・・・
いや、ここを野球場に変えるんだ。	아니、여길 야구장으로 바꾼다。
あたしがデータを変換してるんだ。	내가 데이터를 변환하고 있어。
じゃあ、これって君の発明なのか！	그럼 이건 네 발명인 거야！
おい、けど演出がまだ来てないぞ。	야、근데 연출이 아직 안 왔어。
では、しばらくお借りしましょう。	그럼 당분간 빌리겠습니다。
あたしの聞いた話じゃ、第三世代の	내가 들은 얘기론 ３세대의
よし、ずいぶんキレイになったぞ。	좋아、꽤 깨끗해졌다。
まあ、気にせずお互い頑張ろうよ。	뭐、신경 쓰지 말고 서로 힘내자。
・・・・・・・・・まぁいいけど。	・・・・・・・・・뭐 됐지만。
そうか、主役が俺になったんだな。	그렇군、주역이 내가 됐구나。
あのとき好きだと言ってくれたのは	그때 좋아한다고 해준 건
あなたのわたしを思う気持ち、よ。	당신이 날 생각하는 마음이야。
あたしってロマンが好きだからさ。	난 낭만을 좋아하니까。
じゃあね、バイ・バ・・イ・・・・	그럼 안녕、바이・바・・이・・
殺虫剤を何度か焚いてみたんだが、	살충제를 몇 번 피워봤는데、
壁を塞いだら、あとは地下室の外に	벽을 막았으니 이제 지하실 밖에
ああ、あの虫の好物みたいなんだ。	아、그 벌레가 좋아하는 것 같아。
じゃあ、早速来てくれないかなぁ。	그럼 당장 와주지 않으려나。
お前は昔から、そそっかしい奴だ。	넌 옛날부터 덜렁대는 녀석이야。
はい。冷たいジュースでもどうぞ。	자。시원한 주스라도 드세요。
オイラは子供じゃないんでやんす。	난 애가 아닙죠。
・・・母ちゃんから今日の遊園地の	・・・엄마한테서 오늘 놀이공원
ああ、あれはオリジナル球種だよ。	아、그건 오리지널 구종이야。
あとはカッコいい名前でやんすね。	이제 멋진 이름만 있으면 됩죠。
野球の試合なんかに勝っちゃうから	야구 시합 따위에 이겨버리니까
ああ、今年最後の勝負に負けたな。	아、올해 마지막 승부에 졌군。
いや、そういうわけにはいかない。	아니、그럴 수는 없다。
欲しい物を１つ選んでくれないか。	갖고 싶은 걸 １개 골라줄래。
・・・どこに裏切り者がいるんだ？	・・・배신자가 어디 있다는 거야？
しかし、今日は調子にのりすぎだ。	근데 오늘은 너무 들떴어。
スポーツってのは実力の世界だろ。	스포츠는 실력의 세계잖아。
今日の晩御飯は何にしようかしら？	오늘 저녁은 뭘로 할까？
だってモデルになるとか歌手とか、	그야 모델이 된다거나 가수라거나、
ちゃんと交番に届けたじゃないか。	제대로 파출소에 맡겼잖아。
それじゃあ、気の向いたときにでも	그럼 내킬 때라도
これから、よろしくお願いします。	앞으로 잘 부탁드립니다。
でも、店とか新しくなるんだよね？	근데 가게 같은 건 새로 지어？
（・・・からまれてるよな、俺。）	（・・・시비 걸린 거지 나。）
バカなこと言うんじゃありません。	바보 같은 소리 하지 마세요。
ここまでお前たち助っ人のおかげで	여기까지 너희 용병들 덕분에
なあ、どこかに遊びに行かないか？	저기、어디 놀러 가지 않을래？
じゃあ、この電気プラグは君のか。	그럼 이 전기 플러그는 네 거냐。
じゃあ、このケーブルでつないで。	그럼 이 케이블로 연결해。
だって、サイボーグの研究のたびに	그야 사이보그 연구할 때마다
けどね、いい事が２つあったんだ。	근데 좋은 일이 ２개 있었어。
なるほど、商店街の草野球チームが	과연、상점가 동네야구 팀이
しかし、主役の話もあったんだろ？	근데 주역 얘기도 있었잖아？
野球がテーマの商店街でやんすか？	야구가 테마인 상점가입죠？
・・・あ、これは大変失礼をした。	・・・아、이거 대단히 실례했다。
じゃあ、野球を教えてくれないか？	그럼 야구를 가르쳐주지 않을래？
で、あの土地にはなにがあるんだ？	그래서 그 땅엔 뭐가 있는데？
じゃ、今日の練習はこれで終わり。	그럼 오늘 연습은 이걸로 끝。
・・・そういえば、最初来た時より	・・・그러고 보니 처음 왔을 때보다
ああ、パソコンの冷却装置が壊れて	아、컴퓨터 냉각장치가 고장 나서
そういえば、パソコンは本体だけで	그러고 보니 컴퓨터는 본체만으로
（どうも話がかみあってないな。）	（아무래도 말이 안 맞는군。）
なあ、お互いスマートに行こうぜ。	야、서로 깔끔하게 가자고。
ああ、ホームページへの反響の件？	아、홈페이지 반응 건？
商店街のためにがんばるでやんす。	상점가를 위해 힘내겠습죠。
そうか、そんなことがあったのか。	그렇군、그런 일이 있었나。
このゲネプロって、初日の前の日に	이 총연습은 첫날 전날에
他人にも自分にも厳しいんだよな、	남한테도 자신한테도 엄하지、
でも、君はここにいるじゃないか？	근데 넌 여기 있잖아？
あの人、普通の人じゃないでしょ。	저 사람 평범한 사람 아니지。
強いものが弱いものを押しつぶす、	강한 자가 약한 자를 짓밟는、
そんなこと、世の中にはいくらでも	그런 건 세상에 얼마든지
まず、車の乗り入れを禁ずるなり。	우선 차량 진입을 금한다。
あ、こんなところにいたでやんす。	아、이런 데 있었습죠。
ええっと、つまり舞台で立つために	그러니까 무대에 서기 위해
一音一音がキレイに聞こえるのか。	음 하나하나가 곱게 들리는군。
ごめん、この後バイト入れてんだ。	미안、이따 알바가 있어서。
そうなのかよ、しょうがねえなぁ。	그런 거냐、어쩔 수 없네。
料理が上手だったんですよね・・・	요리를 잘하셨었죠・・・
この子のために泣いてくれるのか？	이 아이를 위해 울어주는 건가？
ここに寝かしておくのはまずいな。	여기 눕혀두는 건 좀 그렇군。
・・・なんかだいぶ落ち着いたよ。	・・・왠지 많이 진정됐어。
だ、だから、か、金くらいは・・・	그、그러니까 도、돈 정도는・・・
わかった～、ネットオークションを	알겠어～、인터넷 경매를
先月、商店街の買い取った土地から	지난달 상점가가 사들인 땅에서
・・・・・・・・・・そ、そんな。	・・・・・・・・그、그런。
そのマンガの中に「ワンプース」が	그 만화 중에 「원푸스」가
指摘されたら、いきなり４倍以上？	지적하니까 갑자기 ４배 이상？
マンガはともかく、文庫本はねぇ。	만화는 몰라도 문고본은 좀。
・・・なんとか無事に終わったな。	・・・그럭저럭 무사히 끝났군。
ダチョウがいなくなってるんです。	타조가 사라졌어요。
（わー、なんだこのダチョウは！）	（와아、이 타조는 뭐야！）
目の前に赤い星が並んでるでしょ？	눈앞에 붉은 별이 늘어섰지？
ゴメンゴメン、本当のこと言うよ。	미안미안、사실대로 말할게。
あたし、そこが試験的に開発してた	난 거기서 시험 개발하던
それってネットにつなげるでしょ？	그거 넷에 연결되는 거지？
軍事衛星をハッキングするとかは？	군사위성을 해킹한다든가는？
うん、合成音で通話もできるんだ。	응、합성음으로 통화도 돼。
ま、冗談はそのくらいにして・・・	뭐、농담은 그쯤 하고・・・
まずその前に、お前は男と男の間の	우선 그 전에 넌 남자와 남자의
ああ、申し出はありがたいけどね。	아、제안은 고맙지만。
わたしが倒れた時に看病してくれた	내가 쓰러졌을 때 간호해준
だから、そういう問題じゃなくて！	그러니까 그런 문제가 아니라！
ちなみに、あれが我が家のお風呂。	참고로 저게 우리 집 욕실。
まあ、いい部屋なんじゃないかな。	뭐、괜찮은 방 아닐까。
・・・こいつは・・・飛ばしたな。	・・・이건・・・날려버렸군。
おいおい、もう走りに行ったのか？	이봐、벌써 뛰러 간 거야？
こいつの勢いがすごかったからな。	이 녀석 기세가 대단했으니까。
わたし、本物の女優になりたいの。	난 진짜 배우가 되고 싶어。
おれがあんなヤツを紹介しなけりゃ	내가 그런 놈을 소개 안 했으면
じゃあ、俺と一緒に練習しようぜ。	그럼 나랑 같이 연습하자。
（まあ、一人でも大丈夫そうだし、	（뭐、혼자서도 괜찮을 것 같고、
（なんか大きな袋を持ってるけど、	（뭔가 큰 봉지를 들고 있는데、
きっと何かの役に立つと思うよ～。	분명 뭔가에 도움이 될 거야～。
そのシスター、職業間違ってない？	그 시스터、직업 잘못된 거 아냐？
こういう時は全部、代名詞で言えば	이럴 땐 전부 대명사로 말하면
さすがに外も暗くなって来たしね。	아무래도 밖도 어두워졌으니까。
寝ている時の方がって・・・・・。	자고 있을 때가 더・・・・・。
なんとなく、ひどい事を言われてる	왠지 심한 소릴 듣고 있는
ご主人様はどれがお好みなのですか	주인님은 어느 쪽이 취향이신가요
ああ、確かにいろいろなテーブルの	아、확실히 여러 테이블의
気持ち悪いって言わないでよね～。	징그럽다고 하지 말아줘～。
最近、練習してなかったからね～。	요즘 연습을 안 했으니까～。
来ないでくれと言っているんだな？	오지 말라고 하는 거지？
しかし、この店はアイツが居ないと	근데 이 가게는 그놈이 없으면
いいえ、別に何にもありませんわ。	아뇨、딱히 아무것도 없어요。
決定権はお前が持っているんだろ。	결정권은 네가 갖고 있잖아。
引き受けたクセに男らしくないね。	맡아놓고 남자답지 못하네。
いや、なんかスッキリした気分で、	아니、왠지 후련한 기분이라、
じゃあ、今度はボ～クが打つね～。	그럼 이번엔 내～가 칠게～。
間違いなく、機嫌が悪いと思うよ。	틀림없이 기분이 안 좋을 거야。
その道から自分を連れ出してくれる	그 길에서 자신을 꺼내줄
じゃあ、その女の子は間違ってる。	그럼 그 여자애가 틀렸어。
それ、もうおじいちゃんどころか、	그거 이제 할아버지는커녕、
この辺りにネットカフェは無いか？	이 근처에 넷카페는 없나？
開き直ってるだけな気がするなあ。	그냥 뻔뻔해진 것 같은데。
男という生き物がわかっていないな	남자란 생물을 모르는군
どういうつもりで買う気だったの？	무슨 생각으로 살 셈이었어？
それはご主人様だからに決まってる	그야 주인님이시니까 당연하죠
歳を取ると他人を疑うようになって	나이를 먹으면 남을 의심하게 돼
何を言っても、そこに繋げるのか？	무슨 말을 해도 거기로 잇는 거야？
だから俺かどうかもわかんないって	그러니까 나인지도 모른다고
仕事が忙しいという理由で、彼女と	일이 바쁘다는 이유로 그녀와
私さ、ピアノを始めようと思って。	나 말이야、피아노를 시작하려고。
ほら～。やっぱりメイドに楽器は、	거봐～。역시 메이드에 악기는、
なんだアイツは・・・・・・・・。	뭐야 저놈은・・・・・・・・。
吹き出す塩の結晶コーヒーですね！	뿜어져 나오는 소금 결정 커피군요！
それは舎弟をクビという事ですか？	그건 부하를 자른다는 뜻인가요？
自分で人間という事を否定したな。	스스로 인간임을 부정했군。
さっぱりわからないが・・・・・・	도무지 모르겠지만・・・・・・
バカにされてるような気がするのは	바보 취급당하는 기분이 드는 건
口調と仕草は普段通り冷静だけど、	말투와 몸짓은 평소처럼 침착한데、
あれ？ご主人様、もう半分も飲んで	어라？주인님、벌써 절반이나 드시고
なんか黒っぽい物ってなんだ～！！	뭔가 거무스름한 게 뭐냐고～！！
（今日は俺が主導権を握ってるぞ。	（오늘은 내가 주도권을 쥐었다。
えっ！ちょ・・・なに言ってんだ！	엣！자、잠깐・・・무슨 소리야！
盗み聞きはメイドの必須スキルよ。	엿듣기는 메이드의 필수 스킬이야。
う、うわあ～。すねた・・・・・。	우、우와～。삐졌다・・・・・。
いや、別にちょっとした用事ぐらい	아니、딱히 사소한 볼일 정도
周りの視線が痛いんだが・・・・。	주위 시선이 따가운데・・・・。
メイドさんに歳を訊くだなんて最低	메이드한테 나이를 묻다니 최악
意外としっかりしてるじゃないか。	의외로 야무지잖아。
僕とこのPCは一心同体だからな。	나와 이 컴퓨터는 일심동체니까。
できる事と言っても別に・・・・・	할 수 있는 거라 해도 딱히・・・
そんな格好で買い物しに来るなよ。	그런 차림으로 장 보러 오지 마。
お前もそんな派手な格好で買い物を	너도 그런 화려한 차림으로 장을
そろそろ焼き芋がおいしい季節だね	슬슬 군고구마가 맛있는 계절이네
少々、夏バテ気味で食欲ないんだ。	좀 더위 먹어서 입맛이 없어。
さあ、ちょっとでも練習しないと。	자、조금이라도 연습해야지。
この間の返事を言いにきたんだ～。	지난번 대답을 하러 왔어～。
別に貴方の事なんて好きじゃないん	딱히 당신 같은 거 좋아하지 않는
クールと言うか冷めてると言うか、	쿨하다고 할까 식었다고 할까、
まあ、人の好みはそれぞれだから、	뭐、취향은 사람마다 다르니까、
俺は珍獣扱いですか・・・・・・。	난 진귀한 짐승 취급인가・・・・。
捨てられた猫か俺は・・・・・・。	버려진 고양이인가 나는・・・・。
あのさ、何で俺にそこまでおごって	저기、왜 나한테 그렇게까지 사주는
じゃあさ、何か俺にできる事ない？	그럼 내가 할 수 있는 건 없어？
それで八百屋の前に居るわけだな。	그래서 채소가게 앞에 있는 거군。
だからだな。ここにこのようにして	그러니까 말이야。여기에 이렇게 해서
・・・・・・・荷物をまとめてる。	・・・・・・짐을 싸고 있어。
香辛料って、もしかしてカレーの？	향신료라니 혹시 카레의？
買い物に行かないといけないなら、	장을 보러 가야 한다면、
恥ずかしいから嫌とかじゃなくて？	부끄러워서 싫은 게 아니고？
似合わないから嫌とかじゃなくて？	안 어울려서 싫은 게 아니고？
ただ単に着替えるのがめんどくさい	그냥 갈아입는 게 귀찮은
そろそろコーヒーが頼まれるかなと	슬슬 커피를 시키시려나 하고
ああ、しっかり聴かせてもらうよ。	아、제대로 들려주게 하지。
はい？どうしたんですか。ご主人様	네？무슨 일이세요。주인님
笑顔で丁寧に帰れって言ったのか？	웃으며 정중히 가라고 한 거야？
コーヒーは早めに持って来てくれ。	커피는 빨리 가져와 줘。
本当に厚かましいわね。この男は。	정말 뻔뻔하네。이 남자는。
いや、ここじゃないとダメなんだ。	아니、여기가 아니면 안 돼。
ああ、何を言っても無駄そうだな。	아、무슨 말을 해도 소용없겠군。
この辺で落ち着ける場所はないか？	이 근처에 편히 쉴 곳은 없나？
は、はい！よろしくお願いします！	네、네！잘 부탁드립니다！
い、いいえ！全然、待ってません！	아、아뇨！전혀 안 기다렸어요！
時折、何か深く考えてる時がある。	가끔 뭔가 깊이 생각할 때가 있다。
ちなみに私はこの店のオープニング	참고로 난 이 가게의 오프닝
言っとくけど、これは私の趣味で、	말해두는데 이건 내 취미고、
言ってる意味がさっぱりわからん。	무슨 말인지 도무지 모르겠다。
お前、そんなキャラじゃないだろ？	너 그런 캐릭터 아니잖아？
（どうしよう。このまま逃げるか？	（어쩌지。이대로 도망칠까？
（皿洗いでもなんでもしますからと	（설거지든 뭐든 하겠다고
冷静な判断力と分析力・・・・・・	냉정한 판단력과 분석력・・・・・・
じゃあ、とりあえず部屋に戻ろうか	그럼 일단 방으로 돌아갈까
何度も、顔を合わせるという事は、	몇 번이나 얼굴을 마주친다는 건、
・・・と観に来るのは、楽しいよ。	・・・하고 보러 오는 건 즐거워。
・・・とまあ、こんな感じですな。	・・・뭐 이런 느낌입니다。
俺も、帰ったほうが良さそうだな。	나도 돌아가는 게 좋겠군。
お父さんは、自殺したんじゃない。	아버지는 자살한 게 아니야。
いつだったか、お嬢様にクッキーを	언젠가 아가씨에게 쿠키를
アクション映画好きそうだもんね。	액션 영화 좋아할 것 같으니까。
ここのお祭りには、初めて来たけど	여기 축제엔 처음 왔는데
この書斎には、お父さんが殺される	이 서재에는 아버지가 살해되는
でも、これで間違いなさそうだな。	근데 이걸로 틀림없겠군。
お父さんなら、わかるんだろうけど	아버지라면 알 텐데
・・・といっても、今朝のご飯と	・・・라고 해도 오늘 아침밥이랑
えっと、まさかと思うけど・・・	저기、설마 싶지만・・・
家族で昔遊園地に行ったときね、	옛날에 가족끼리 놀이공원 갔을 때、
そんなことないよ、これがいい。	그렇지 않아、이게 좋아。
だめだ、虫を止められない・・・	안 돼、벌레를 못 막아・・・
あと、空調や照明などの設備にも	그리고 공조나 조명 같은 설비에도
でも、あなたが来る前に比べたら	근데 네가 오기 전에 비하면
さあ、がんばってゲーム再開だ！	자、힘내서 게임 재개다！
なんだ、そうだったでやんすか！	뭐야、그랬던 겁죠！
ははははは、ひどいウワサだね。	하하하하、심한 소문이네。
いいよ、確かにその通りだから。	됐어、확실히 그 말이 맞으니까。
夢があるってのはいいことだよ。	꿈이 있다는 건 좋은 거야。
夢っていくつも持てるものなの？	꿈은 여러 개 가질 수 있는 거야？
・・・あれっ、タダなんですか？	・・・어라、공짜인가요？
また、そのうちに顔を出すだろ。	또 조만간 얼굴 비추겠지。
いいや、オレは納得できないね！	아니、난 납득 못 해！
なに聞き分けのない子供みたいに	뭘 철없는 애처럼
・・・お客さんは、たくさん来て	・・・손님은 많이 와서
いいえ、あやまるのはこっちね。	아뇨、사과할 건 이쪽이죠。
少しでも上手になりたいからな。	조금이라도 잘하고 싶으니까。
じゃあ、今年一杯でお別れだな。	그럼 올해까지만 하고 이별이군。
とりあえず、キャッチボールでも	일단 캐치볼이라도
（「やんす」とは言わないように	（「입죠」라고 말하지 않도록
おじちゃん、この人と知り合い？	아저씨、이 사람과 아는 사이？
悪党が、正義の味方よりマシとは	악당이 정의의 사도보다 낫다니
探してるのはブローチでやんす！	찾는 건 브로치입죠！
もし、商店街がつぶれたとしたら	만약 상점가가 망한다면
うーん、考えすぎじゃないかね？	으음、너무 깊게 생각하는 거 아냐？
兄貴、タコヤキの差し入れです。	형님、타코야키 사왔어요。
あんまり捨てた親を責めるなよ。	버린 부모를 너무 탓하지 마。
うわっ、破滅的なこと言ってる！	우왓、파멸적인 소릴 하고 있어！
ううむ、金に執着心のある人物に	으음、돈에 집착하는 인물에게
むしろそっちの方がじいさんには	오히려 그쪽이 영감님한테는
警察の人がそんなこと言ってたら	경찰이 그런 소릴 하면
そんなひねくれた解釈しなくても	그렇게 비뚤어지게 해석 안 해도
（・・・２人とも扱いやすいのは	（・・・둘 다 다루기 쉬운 건
おう、今日はごくろうだったな。	오、오늘 수고했다。
またゲームで勝負に来たのかな？	또 게임으로 승부하러 온 건가？
おじちゃんは、魚を釣ってるから	아저씨는 물고기를 잡고 있으니까
なんだか困ってるみたいだけど。	왠지 곤란한 것 같은데。
おい、外国語もしゃべれるのか？	야、외국어도 할 줄 아냐？
金属探知機がクリアできないから	금속탐지기를 통과 못 하니까
そっか、そういう手があったか。	그렇군、그런 수가 있었나。
監督、とにかく商店街のためにも	감독님、아무튼 상점가를 위해서도
正直に言うと、俺も気に入らん。	솔직히 말하면 나도 맘에 안 들어。
この前に話した件、どうなった？	지난번에 말한 건 어떻게 됐어？
そりゃあ、ビッグになるためさ。	그야 크게 되기 위해서지。
それより、そっちはどうなんだ。	그것보다 그쪽은 어떤데。
・・・お金がらみのアドバイスは	・・・돈이 얽힌 조언은
立場上、こういうことを言うのは	입장상 이런 말을 하는 건
悪の組織を、もう少しがんばって	악의 조직을 좀 더 힘내서
改造してくれた人の話によると、	개조해준 사람 말로는、
ということは、人間の時の記憶は	그렇다는 건 인간일 때 기억은
だから、このままでいいカニよ。	그러니까 이대로 좋다 게。
あの時は、知らなかったんだよ。	그땐 몰랐던 거야。
じゃあ、オレ、バイトがあるから	그럼 난 알바가 있으니까
おい、もうちょっとわかるように	야、좀 더 알기 쉽게
あいつのこと、よろしく頼むぜ。	그 녀석 잘 부탁한다。
まだたいして宣伝もしてないのに	아직 홍보도 별로 안 했는데
救急車呼んで欲しいでーす・・・	구급차 불러줬으면 해요・・・
（まあ、本当にすごい宝だったら	（뭐、정말 대단한 보물이라면
負けて、弱い印象が残っちまえば	져서 약한 인상이 남아버리면
（ま、信じるのは自由だよな。）	（뭐、믿는 건 자유겠지。）
今年いっぱいでやめるつもりだ。	올해까지만 하고 그만둘 생각이다。
わぁ～、いっぱいお店が出てる～	와아～、가게가 잔뜩 나왔다～
（すごく気になるんだよ・・・）	（엄청 신경 쓰인다고・・・）
そういえば、この前来たときには	그러고 보니 지난번에 왔을 땐
・・・・・・・・・なるほどな。	・・・・・・・・・과연 그렇군。
いや、特に野球の話をしたことは	아니、딱히 야구 얘기를 한 적은
するとキミがここに通したのか。	그럼 네가 여기로 들여보낸 건가。
さっきの残り物で悪いんだけど。	아까 남은 걸로 미안한데。
あんまり自信は無いんだけどね。	별로 자신은 없지만。
オイラが教えたんでやんすから、	내가 가르친 거니까요、
・・・いちいちトゲがあるなぁ。	・・・일일이 가시가 돋쳤네。
わっ、テントの中に誰かいるぞ！	왓、텐트 안에 누가 있어！
・・・なんなんだ、あいつらは。	・・・뭐냐 저것들은。
今日の晩ごはんにしようと思って	오늘 저녁으로 하려고
一球ごとに考えながらというのは	한 구마다 생각하면서 하는 건
どうも、ありがとうございます。	정말 감사합니다。
（やっぱりバカにされてるような	（역시 바보 취급당하는 것 같은
その本は、どこに行ったのかな？	그 책은 어디로 갔을까？
オレ、ずっと寺で生活していて、	난 계속 절에서 살았고、
発明というか、能力の応用だね。	발명이라기보단 능력의 응용이지。
なんだか立てこんでるみたいだし	왠지 바쁜 것 같기도 하고
そうだ、クリスマスプレゼントを	맞다、크리스마스 선물을
野球の奥義が書かれているという	야구의 오의가 적혀 있다는
給料をとっととよこすでやんす！	월급을 냉큼 내놓습죠！
あー、そんなことは知らんなぁ。	아、그런 건 모르겠는데。
くぅう、経営者の横暴でやんす。	크윽、경영자의 횡포입죠。
・・・実は楽しんでるだけだろ。	・・・사실 즐기고 있을 뿐이잖아。
あたしらの自我は、３人ぐらいの	우리 자아는 ３명 정도의
ここは昔、処刑場だったそうだ。	여긴 옛날에 처형장이었대。
ひょっとして、俺以外の連中には	혹시 나 말고 다른 놈들한테는
ああ、君の助けがあったからだ。	아、네 도움이 있었으니까。
そんなの無理に決まってるだろ。	그런 건 당연히 무리잖아。
・・・わたしの親、どこにいるか	・・・내 부모는 어디 있는지
参ったな、あんなに怒るなんて。	난감하네、저렇게 화낼 줄이야。
いや、別にかわいらしくない方が	아니、딱히 귀엽지 않은 쪽이
・・・兄貴もワケわかんないよ！	・・・형님도 영문을 모르겠어！
あら、すごいのがあるじゃない。	어머、대단한 게 있잖아。
少し恥ずかしさが残ってたけど、	조금 부끄러움이 남았지만、
ところで、演出の仕事を始めると	그런데 연출 일을 시작하면
じゃあ、壁の穴を塞ぎましょう。	그럼 벽 구멍을 막읍시다。
今日、学校は休みなのでやんす。	오늘 학교는 쉬는 날입죠。
な、なんてこと言うんですか！！	무、무슨 소릴 하시는 거예요！！
テナント料が無料という話かね？	임대료가 무료라는 얘긴가？
（・・・お前が無能なだけだ。）	（・・・네가 무능할 뿐이다。）
なんだよ、オレに手加減しろって	뭐야、나한테 봐주라는 거야
・・・なんだよ、根暗オヤジめ。	・・・뭐야 음침한 아저씨。
あら、お金が多いみたいですよ。	어머、돈이 많은 것 같은데요。
お前、兵士が女に助けてもらって	너、병사가 여자한테 도움받고
で、君は将来何になりたいんだ？	그래서 넌 커서 뭐가 되고 싶어？
会社とは縁を切ったようなことを	회사와는 연을 끊은 듯한 말을
それで、いまだに長期の働き口は	그래서 아직도 장기 일자리는
この商店街は、あまり景気がいい	이 상점가는 그다지 경기가 좋은
あー、あたしはヒマで手伝ってる	아、난 심심해서 돕고 있는
うわ、なんだか偉そうでやんす。	우와、왠지 잘난 척입죠。
だから、時々でいいんじゃない？	그러니까 가끔이면 되지 않아？
そうか、商店街は断ってきたか。	그렇군、상점가는 거절해 왔나。
これから野球の練習をするから、	이제 야구 연습을 할 거니까、
・・・世の中、変な奴が多いな。	・・・세상엔 이상한 놈이 많군。
・・・・・・何かあったのかい？	・・・・・・무슨 일 있었어？
な、何なんですか、この人は？！	뭐、뭐예요 이 사람은？！
あら、ご迷惑じゃないんですか？	어머、폐가 되지 않나요？
そろそろ、お昼にしましょうか。	슬슬 점심 먹을까요。
いえ、久しぶりにおいしいものを	아뇨、오랜만에 맛있는 걸
さて、そろそろ帰りましょうか。	자、슬슬 돌아갈까요。
（そのあと、３人とも黙ったまま	（그 뒤 ３명 다 말없이
あはは、それってあたしのこと？	아하하、그거 내 얘기야？
このまま、しこりが残っていては	이대로 앙금이 남아 있어서는
試合までに「助っ人」を探すさ。	시합 전까지 「용병」을 찾겠다。
ええ、もちろん返事はＯＫです。	네、물론 대답은 ＯＫ예요。
２人だけで遊びに行ってるなんて	２명이서만 놀러 가다니
ゴメン、家でゴロゴロしててね。	미안、집에서 뒹굴거리고 있어서。
（架空の球場で練習しました。）	（가상의 구장에서 연습했다。）
どうしてわざわざこんな遠くに？	왜 굳이 이런 먼 곳에？
やられたら、アンタも同じだよ。	당하면 너도 마찬가지야。
じゃあ、誰かのクローンなのか？	그럼 누군가의 클론인 건가？
活気の無い商店街でやんすねぇ～	활기 없는 상점가입죠～
（ああ、ここにもオイラの一族の	（아아、여기에도 내 일족의
は、はい、申しわけありません。	네、네、죄송합니다。
ははは、逃げてたんじゃねぇよ。	하하하、도망친 게 아니라고。
あそこに何か埋まってるらしい。	저기에 뭔가 묻혀 있다더라。
さて、明日はクリスマスですよ。	자、내일은 크리스마스예요。
・・・おまえら何やってんだよ。	・・・너희들 뭐 하는 거야。
う～ん、場所探すのも大変だし。	으음、장소 찾는 것도 힘들고。
それじゃ、ルールを説明するね。	그럼 규칙을 설명할게。
ま、誰か適当なヤツがやるだろ？	뭐、누가 적당히 하겠지？
・・・秘密にしてたけど、あたし	・・・비밀로 했었지만 난
・・・キーボードもなかったな。	・・・키보드도 없었지。
さあ、運試しをしていかないか！	자、운을 시험해 보지 않겠나！
おじさん、やってみるでやんす！	아저씨、해보겠습죠！
次は打ち上げ２０連発でやんす！	다음은 쏘아올리기 ２０연발입죠！
いやあ、野球テーマにイベントを	아니、야구를 테마로 이벤트를
会長、すばらしいプランですわ！	회장님、멋진 계획이에요！
（今でも泳げないじゃないか。）	（지금도 못 헤엄치잖아。）
だって、野球やめて水泳始めて、	그야 야구 그만두고 수영 시작해서、
おい、そろそろ始める時間だぞ。	야、슬슬 시작할 시간이다。
主役なんだし、しっかり頼むよ。	주역이니까 잘 부탁한다。
なんだか、そんな事聞かされると	왠지 그런 얘기를 들으면
じゃあ、今日もお疲れ様でした。	그럼 오늘도 수고하셨습니다。
・・・思いが強かったのね・・・	・・・마음이 강했구나・・・
たぶん、あたしが戻ってきたから	아마 내가 돌아왔으니까
あんまり会いに行っちゃだめよ。	너무 자주 만나러 가면 안 돼。
学校に行ってきます、でやんす。	학교 다녀오겠습죠。
でも、困ってる人のところに突然	근데 곤란한 사람한테 갑자기
景気がいいとは言えないけれど、	경기가 좋다곤 할 수 없지만、
知恵とは広く通用するものなり。	지혜란 널리 통하는 법이다。
金目当てじゃないのは知ってる。	돈이 목적이 아닌 건 알아。
我が知略、この地にては無用か。	내 지략은 이 땅에선 무용한가。
我が技量、この地にては無用か。	내 기량은 이 땅에선 무용한가。
つまり準備運動みたいなものね。	그러니까 준비운동 같은 거네。
（劇団の連中、なかなかやるな。	（극단 녀석들 제법 하는군。
着ぐるみに決まってるでやんす！	당연히 인형탈입죠！
一応、査定はしてみたんだけど。	일단 감정은 해봤는데。
・・・この本、読んでみるかい？	・・・이 책 읽어볼래？
オイラも緊張してきたでやんす。	나도 긴장되기 시작했습죠。
オイラは重要な役なんでやんす！	난 중요한 역이란 말입죠！
すごいなぁ、あのプロデューサー	대단하네 저 프로듀서
明日からのイベントの準備だよ。	내일부터 할 이벤트 준비야。
その飾り付けをしてるんですか。	그 장식을 하고 있는 거예요？
うーん、中止の連絡は無理だな。	으음、취소 연락은 무리군。
い、いや、悪くないかもしれん。	아、아니 나쁘지 않을지도。
いきなりやられるところだった。	하마터면 갑자기 당할 뻔했다。
万が一、サイボーグが反逆しても	만일 사이보그가 반역해도
・・・なんだ、そういうことか。	・・・뭐야 그런 거였나。
バカ野郎、そんなんじゃねぇよ。	바보야、그런 거 아니라고。
おいおい、馬鹿なこと言うなよ。	이봐、바보 같은 소리 마。
虫は、これだけいれば十分だろ？	벌레는 이만큼이면 충분하지？
おいおい、そんな必要ないだろ。	이봐、그럴 필요 없잖아。
言っておくが、オレはやらんぞ。	말해두는데 난 안 한다。
この場所はシェルターになってて	이곳은 셸터로 돼 있어서
風がないから、行き止まりだな。	바람이 없으니 막다른 길이군。
うん、警察には連絡しといたよ！	응、경찰엔 연락해 뒀어！
それなら、他人に迷惑をかけずに	그렇다면 남한테 폐 끼치지 말고
２年前に、郊外の幹線道路近くに	２년 전 교외 간선도로 근처에
さっき話に出てきた野球チームの	아까 얘기에 나온 야구팀의
大型店の出店規制の条例ですか。	대형점 출점 규제 조례인가요。
・・・「オーディションと言って	・・・「오디션이라고 하고
でも、これはウワサなんだろう？	근데 이건 소문이잖아？
いいね～その情熱、きてるよぉ。	좋네～그 열정 오고 있어。
わたしはそんな事にはならない。	난 그렇게는 안 돼。
まったく、最低のヤツだったな。	정말 최악인 놈이었군。
わたしね、いろんなことがあって	나 말이야 여러 일이 있어서
役者としては、まだまだだなぁ。	배우로서는 아직 멀었네。
まあ、でもいつかまたサーカスに	뭐、그래도 언젠가 다시 서커스에
じゃあ、コーヒー持ってくるね。	그럼 커피 가져올게。
（まあ、たぶん来ないだろうな）	（뭐、아마 안 오겠지）
さつまいもに右手があるなんて、	고구마에 오른손이 있다니、
ありがとうございます。ご主人様	감사합니다。주인님
マスター！オーダー入りま～す！	마스터！주문 들어갑니다～！
出るのかって、ボ～クはもともと	나가냐니、나～는 원래
もうずっと開き直ってるくせに。	계속 뻔뻔하게 굴었으면서。
（かなり買う物があったんだな。	（살 게 꽤 많았구나。
店の中に結構、お客さんいるの。	가게 안에 손님이 꽤 있어。
栄養剤か何かが入ってたんだな。	영양제 같은 게 들어 있었군。
触ってもないのにわかるなんて、	만지지도 않았는데 알다니、
今からでも、何とか・・・・・・	지금이라도 어떻게든・・・・・
ああ、そういえば今日は七夕か。	아、그러고 보니 오늘 칠석인가。
・・・・・・じゃあ、いらない。	・・・・・・그럼 필요 없어。
だからアンタのお金じゃないって	그러니까 네 돈이 아니라니까
それは男としてどうなんだろう？	그건 남자로서 어떨까？
私はかわいいと言われると嬉しい	난 귀엽다는 말 들으면 기뻐
じゃあ、寝てる時はカッコイイ。	그럼 잘 땐 멋있어。
もう、お前に主導権は任せるよ。	이제 너한테 주도권 맡길게。
それは全力で断らせてもらおう。	그건 전력으로 거절하겠다。
予想以上に早くて驚いてるだけ。	예상보다 빨라서 놀랐을 뿐。
何回、俺に腹筋させる気ですか？	몇 번이나 윗몸일으키기 시킬 셈？
ご注文は何に致しますかご主人様	주문은 뭘로 하시겠어요 주인님
俺はこの街をいつかは出て行く。	난 언젠가 이 동네를 떠난다。
全然、終わってないじゃないか。	전혀 안 끝났잖아。
あきらかに言い方が怪しいだろ。	대놓고 말투가 수상하잖아。
そりゃ、ここは僕の店だからね。	그야 여긴 내 가게니까。
私は間違ってるのかもしれない。	내가 틀린 걸지도 모른다。
ちょっと寄る所があるからって、	잠깐 들를 데가 있다면서、
別に何にもないけど、なんでだ？	딱히 아무것도 없는데 왜？
電話に出て話すのが、めんどう。	전화 받아 말하는 게 귀찮아。
やっぱり、そんな人間じゃない。	역시 그런 인간이 아니야。
とりあえず、うるさいので黙って	일단 시끄러우니까 조용히
伝えて・・・事があ・・・・の。	전할・・・게 있・・・어。
それに何であんなに食べてるのに	게다가 왜 그렇게 먹는데도
俺がおかしいみたいじゃないか！	내가 이상한 것 같잖아！
それ食べて、シャキシャキ歩く！	그거 먹고 씩씩하게 걷는다！
やっぱり行動よりも言葉だよな。	역시 행동보다 말이지。
いろいろある野球の本の中から？	여러 야구 책 중에서？
やっぱり言葉よりも行動だよな。	역시 말보다 행동이지。
お前への感謝を俺は体で示そうと	너에 대한 감사를 몸으로 보이려
ここには俺しか居ないんだけど。	여긴 나밖에 없는데。
前にもそんな事を言っていたな。	전에도 그런 말을 했었지。
ここに愛が在ったらマズイんじゃ	여기 사랑이 있으면 곤란하지
本当に何で怒ってるんだろうね？	정말 왜 화난 걸까？
（さっきよりマズイじゃないか。	（아까보다 더 곤란하잖아。
やっぱり男前は言う事も違うね。	역시 미남은 말도 다르네。
男前だから取れたんじゃないぞ。	미남이라서 딴 게 아니다。
何とも言ってはおられませんが、	뭐라 말할 수는 없습니다만、
そ、そんなのどこで食べたのさ？	그、그런 걸 어디서 먹었어？
今は第二サーバーに住んでいる。	지금은 제２서버에 살고 있어。
頼むから、お前は変わってくれ。	제발 너는 좀 변해줘。
まあ、教えてあげてもいいけど。	뭐、알려줘도 되지만。
でも、ほとんど毎日ここでバイト	근데 거의 매일 여기서 알바
お前、サイボーグか何かなのか？	너 사이보그 같은 거냐？
別にどこにも住んでなかったよ。	딱히 아무 데도 안 살았어。
じゃあ、違う本なんじゃないの？	그럼 다른 책 아니야？
それがツンデレなのか・・・・。	그게 츤데레인가・・・・。
私はただカゴの中に居ないだけ。	난 그저 새장 안에 없을 뿐。
また微妙な称号を・・・・・・。	또 미묘한 칭호를・・・・・・。
その誤解の仕方はワザとだよね？	그 오해 방식은 일부러지？
どうしたんですか？こんな所で？	무슨 일이세요？이런 데서？
鼻もついでに変えてきたらいい。	코도 하는 김에 바꿔 오면 돼。
そんなのできるわけないだろ～。	그런 걸 할 수 있을 리 없잖아～。
まあ、約束したからにはチームに	뭐、약속한 이상 팀에
じゃあ、その荷物を元に戻して、	그럼 그 짐을 원래대로 돌려놓고、
さっきから「いや」の一点張り。	아까부터 「아니」만 반복이네。
メイドはご主人様の事はなんでも	메이드는 주인님 일이라면 뭐든
ご主人様とメイドの関係じゃん。	주인님과 메이드 관계잖아。
モーニングコーヒーを持ってくる	모닝커피를 가져오는
メイドはご主人様の命令が一番の	메이드는 주인님 명령이 제일
恋愛シミュレーションゲームだ。	연애 시뮬레이션 게임이다。
変な勘違いはしないで欲しいな。	이상한 착각은 하지 말아줘。
そんなの言えるわけないだろ～！	그런 걸 말할 수 있을 리가～！
そうです。ホントッすみません。	맞아요。정말 죄송합니다。
早く元に戻らないと鼻をもぐぞ。	빨리 안 돌아오면 코를 뽑는다。
えっと・・・・・・聞こえてる？	저기・・・・・・들려？
それで何でおごってくれたんだ？	그래서 왜 사준 거야？
いや、そ、そんな事はないけど。	아니、그、그런 건 아니지만。
ホットコーヒーでそんな事したら	뜨거운 커피로 그러면
いや、持って帰っちゃダメだろ。	아니、가져가면 안 되잖아。
もう一回、もう一回やっていい？	한 번만、한 번만 더 해도 돼？
彼女のデーターを入力するには、	그녀의 데이터를 입력하려면、
僕のプログラムに間違いはない！	내 프로그램에 오류는 없어！
ご注文はこれでよろしいですか？	주문은 이걸로 괜찮으신가요？
ありがとうございます！ご主人様	감사합니다！주인님
だけど、私はもがく事を知った。	하지만 난 발버둥을 알았다。
じゃあ、その格好はこの場所には	그럼 그 차림은 이 장소엔
では、しばらくお待ちください。	그럼 잠시만 기다려 주세요。
だから、それだけで・・・・・。	그러니까 그것만으로・・・・・。
前に進むには何かの犠牲が必要。	나아가려면 뭔가의 희생이 필요。
それが、どうかした・・・・・・	그게 어쨌다는・・・・・・
そろそろ行きましょうかお嬢様。	슬슬 갈까요 아가씨。
ハアハアハアハア・・・・・・。	헉헉헉헉・・・・・・。
別に心配はしていませんけどね。	딱히 걱정은 안 하지만요。
いえ、今日はそのような用件では	아뇨、오늘은 그런 용건이 아니라
いや、そういうことじゃなくて、	아니、그런 게 아니라、
この間、お父さんの仕事の資料を	지난번에 아버지 일 자료를
まあ、どうしようもなくなったら	뭐、어쩔 수 없게 되면
あ、じゃあ俺の家に案内するよ。	아、그럼 우리 집으로 안내할게。
あー・・・今日掃除してたから、	아・・・오늘 청소했으니까、
へぇ、結構夜店も出てるんだな。	흠、포장마차도 꽤 나왔네。
よし、とりあえず探してみよう。	좋아、일단 찾아보자。
あ、こんな時に一人で出るのは、	아、이럴 때 혼자 나가는 건、
これも、仕事のうちですからな。	이것도 일의 하나니까요。
その、ディスクをこちらに渡して	그、디스크를 이쪽에 넘기고
（できれば、ダメになってない	（가능하면 망가지지 않은
さあて、ガンガン打つぞぉ～㎞	자、팡팡 쳐주마～
何バカなこと言ってるんだよ。	무슨 바보 같은 소릴 하는 거야。
男と女が一つ屋根の下にいて？	남자와 여자가 한지붕 아래에？
どこか遊びに行きたいところは	어디 놀러 가고 싶은 데는
元ならもう十分取ってるだろ。	본전이면 이미 충분히 뽑았잖아。
お父さんも大変だったろうな。	아버지도 힘드셨겠군。
オイラだって打てるでやんす。	나도 칠 수 있습죠。
触ってもいいよね、おじさん？	만져도 되죠 아저씨？
・・・ムシャもっと練習する。	・・・우걱 더 연습한다。
タダで住み込ませている訳じゃ	공짜로 살게 해주는 건 아니
こうなったら、警察に通報して	이렇게 됐으니 경찰에 신고해서
これで、もう３回目でやんす。	이걸로 벌써 ３번째입죠。
いわゆるペナルティーだよな。	이른바 페널티지。
厳しいでやんすけど、ゲームに	힘들지만요、게임에
あはははは、わかってるって。	아하하하、안다니까。
こんな時間に、こんなところを	이런 시간에 이런 곳을
おい、俺はまだやるとは・・・	야、난 아직 한다고는・・・
おいおい、はしゃぎすぎだぞ。	이봐、너무 들떴다。
・・・クリスマスってそんなに	・・・크리스마스가 그렇게
いいや、ちょっと待ってくれ。	아니、잠깐 기다려。
か、かっこいいでやんすーー！	머、멋있습죠～～！
いったい、何があったんです？	도대체 무슨 일이 있었어요？
あれこれ息子に金属の性質やら	이것저것 아들한테 금속 성질이니
最初ってことは、それからも？	처음이란 건 그 뒤로도？
（ガガ・・・ガガガ・・・・）	（가가・・・가가가・・・・）
だから、いちいちおじちゃんの	그러니까 일일이 아저씨의
ちょっとついて来ておくれよ！	잠깐 따라와 주게！
いや、公園って意外にいろいろ	아니、공원이 의외로 여러 가지
それでね、今夜食べたいものが	그래서 오늘 밤 먹고 싶은 게
それは効果的かもしれませんが	그건 효과적일지 모르지만
でも、この商店街は駅前という	근데 이 상점가는 역 앞이라는
そこは、お前の家だったのか？	거기가 네 집이었던 거야？
とりあえず、そのティッシュは	일단 그 휴지는
オイラ、怖かったでやんす～。	나 무서웠습죠～。
それにしても、あんなところで	그건 그렇고 저런 데서
そもそも、お前が悪いんだぞ！	애초에 네가 잘못한 거다！
しかし、商店街の話題がすぐに	근데 상점가 화제가 금방
この前の話でありますが・・・	지난번 얘기입니다만・・・
いつまでも、河原に住んでても	언제까지나 강가에 살아도
でも、むしろ商店街の知名度が	근데 오히려 상점가 지명도가
やっぱり、野球風の装飾なんて	역시 야구풍 장식 같은 건
学校でいじめられたでやんす。	학교에서 괴롭힘당했습죠。
うーんとね、あたしの漢方屋は	음 있잖아 내 한약방은
・・・ということは、しっかり	・・・그렇다는 건 제대로
まさか、カブトムシの幼虫とか	설마 장수풍뎅이 애벌레라든가
お前、携帯を持って無いのか！	너 휴대폰 없는 거냐！
違うよ、あれはポルトガル語。	아니야、저건 포르투갈어。
ますますよくわかりませんな。	점점 더 모르겠군요。
本来商店街の人間じゃない者が	원래 상점가 사람이 아닌 자가
それで、予算は大丈夫なのか？	그래서 예산은 괜찮은 거야？
遺憾ながら、球技においては、	유감스럽게도 구기에서는、
いろいろと考えたであります。	이것저것 생각했습니다。
ああ、それでこそ怪人さんだ！	아、그래야 괴인님이지！
ふーん、元は人間だったのか。	흐음、원래는 인간이었나。
あの時、兄貴に助けてもらって	그때 형님이 도와줘서
まあ、あの時はたまたまお金を	뭐、그땐 마침 돈을
いやあ、ビックリしたなぁ～。	이야、깜짝 놀랐네～。
ああ、バイトがんばってくれ。	아、알바 열심히 해라。
どこかのブラブラしてる人とは	어딘가의 빈둥거리는 사람과는
それはそうだが、彼らなしでは	그건 그렇지만 그들 없이는
おじちゃん、がんばってー！！	아저씨、힘내요～！！
いいかげん助けてくださーい！	이제 그만 도와주세요～！
イタイ、イタイでーす・・・・	아파요、아파요・・・・
ああ、それならわかってます。	아、그거라면 알고 있어요。
あ、ああ、がんばるつもりだ。	아、아아 열심히 할 생각이다。
それはまた、寒い時期ですね。	그건 또 추운 시기네요。
ケーブルテレビで中継する他、	케이블 방송으로 중계하는 것 외에、
だから、無様なマネはできん。	그러니까 꼴사나운 짓은 못 해。
おいおい、謝るんじゃねえよ。	이봐、사과하지 마。
いいや、次の試合で必ず勝つ。	아니、다음 시합에서 반드시 이긴다。
なんだ、その怪しげなビンは。	뭐야 그 수상한 병은。
・・・おやおや、それは残念。	・・・이런이런 그건 아쉽군。
で、でも、まずいんじゃ・・・	그、근데 곤란하지 않나・・・
オイラが直しておいたんだよ。	내가 고쳐뒀다고。
飼い主は事業がうまくいって、	주인은 사업이 잘돼서、
いっしょに、野球がんばろう！	같이 야구 열심히 하자！
だから、お兄さんって呼べよ！	그러니까 형이라고 불러！
いや、ごまかしてるだけだよ。	아니、얼버무리는 것뿐이야。
しかし海草サラダもあったぞ。	근데 해초 샐러드도 있었어。
たしかに、味はオムライスだ。	확실히 맛은 오므라이스다。
俺は、ここで手伝いをやってる	난 여기서 일을 돕고 있는
でも、みんながそうやりだすと	근데 다들 그러기 시작하면
（・・・俺には言ったのに？）	（・・・나한텐 말했으면서？）
ああ、かわいい子の頼みじゃあ	아、귀여운 애 부탁이라면
・・・あのさ、もしよかったら	・・・저기 괜찮으면
ああ、もう暗くなってきたな。	아、벌써 어두워졌군。
おとうさ～ん、来ましたよ～！	아버지～、왔어요～！
マンガや雑誌が捨ててあるな。	만화랑 잡지가 버려져 있군。
うまくいったようでやんすね。	잘된 것 같습죠。
なんだったんだ、あいつらは？	뭐였던 거야 저것들은？
へえ・・・小銭ばかりだけど、	흠・・・동전뿐이지만、
いや、そんなことはしないよ。	아니、그런 짓은 안 해。
やっぱり、お腹空いてたんだ。	역시 배가 고팠던 거야。
（画面外ってなんのことだ？）	（화면 밖이라니 무슨 소리야？）
いや、そういうことじゃない。	아니、그런 게 아니야。
で、あそこがスポーツ用品店。	그리고 저기가 스포츠용품점。
ええとそれで、あっちの方には	그러니까 그래서 저쪽에는
この部屋の本はすごい量だな。	이 방 책은 엄청난 양이군。
も、もちろん、今はそんなのは	무、물론 지금은 그런 건
はい、基礎練習は終わりです！	네、기초 연습은 끝입니다！
ちょっと興味があったからね。	좀 흥미가 있었으니까。
ええっと、名前は何ていうの？	그러니까 이름이 뭐야？
今日はおじちゃんも来てくれて	오늘은 아저씨도 와줘서
ええ、これなら打てそうです。	네、이거라면 칠 수 있겠어요。
アハハ、どこに訴えたらいいか	아하하、어디에 호소해야 할지
そりゃ、ひどい言われようだ。	그거 참 심한 소리군。
この際だからちょっとキレイに	이참에 좀 깨끗하게
気をつかわせるといけないから	신경 쓰게 하면 안 되니까
・・・いや、勘違いしてるのは	・・・아니 착각하는 건
・・・・・・うまい冗談だな。	・・・・・・재밌는 농담이군。
それで、甲子園に行ってたとか	그래서 고시엔에 갔었다든가
しかし、どうして俺を助けたら	근데 왜 나를 도우면
・・・そうか、そうだったな。	・・・그렇군 그랬었지。
ああ、こっちも楽しかったぞ！	아、이쪽도 즐거웠다！
うわぁ、いっぱい夜店出てる。	우와、포장마차 잔뜩 나왔네。
それくらいなら、オレが主役の	그 정도면 내가 주역인
ああ、彼、結構度胸はあるよ。	아、그 친구 꽤 배짱 있어。
なんだ、一升ビンじゃないか。	뭐야 됫병이잖아。
さっさと捨てろ、こんなもの！	냉큼 버려 이딴 거！
いや、今日は遠慮しておくよ。	아니、오늘은 사양할게。
あんまり変なのは嫌だけどね。	너무 이상한 건 싫지만。
くーっ、ありがたいねぇ・・・	크윽、고맙구먼・・・
ほんと、しょうがない子だね。	정말 어쩔 수 없는 애네。
へへへ、どうでもいいじゃん。	헤헤헤、아무래도 좋잖아。
今日も基礎練習から始めるよ！	오늘도 기초 연습부터 시작한다！
・・・心構えができていた分、	・・・마음의 준비가 돼 있던 만큼、
・・・おそらく、この先だな。	・・・아마 이 앞이겠군。
やあ、虫退治に来てくれたか。	야、벌레 잡으러 와줬나。
たしかに、虫を集めておくのに	확실히 벌레를 모아두기엔
うん、身体もしっかりしてる。	응、몸도 튼튼해。
それで、どんな仕事なんです？	그래서 어떤 일인가요？
さっそくお宝ゲットでやんす！	당장 보물 획득입죠！
な、なぁ～んでやんすかぁ～！	뭐、뭐라굽쇼～！
なんにも無いんでやんす・・・	아무것도 없습죠・・・
伝わり方が中途半端でやんす！	전달이 어중간합죠！
大丈夫、今日はおねえちゃんが	괜찮아、오늘은 언니가
うわ、本当に入れたでやんす！	우와、정말 들어갔습죠！
いーや、絶対にそうでやんす。	아니요、분명 그렇습죠。
・・・そんなに良かったかな？	・・・그렇게 좋았나？
でも、どう考えても大赤字だ。	근데 아무리 봐도 대적자다。
もう、こっちの店は借金経営で	이제 이쪽 가게는 빚으로 굴러
ケーブルで引っ張ってくるか、	케이블로 끌어오든가、
あら、今日はどこかのチームと	어머、오늘은 어딘가 팀과
おい、きちんと日本語を話せ。	야、제대로 일본어로 말해。
・・・いいから、もう他の人に	・・・됐으니까 이제 다른 사람한테
ほら、初めて会ったのは・・・	봐、처음 만난 건・・・
それはイヤな一緒だな・・・・	그건 싫은 쪽으로 같군・・・
貴様、さては支店長をだまして	네놈、지점장을 속였구나
商店街振興会の会長である私に	상점가 진흥회 회장인 나에게
たしかに、店がきれいになれば	확실히 가게가 깨끗해지면
じゃあ、オイラが生きてる間は	그럼 내가 살아 있는 동안은
（キャンプ生活を始めて翌朝、	（캠프 생활 시작 다음 날 아침、
あ、今日はおじさんのところに	아、오늘은 아저씨한테
お店なら、ちゃんと開けます。	가게라면 제대로 열어요。
あのね、もっと真面目に・・・	있잖아 좀 더 진지하게・・・
いや、今日は食事じゃなくて。	아니、오늘은 식사가 아니라。
まあ、それでも試してみよう。	뭐、그래도 시험해 보자。
うひゃあ、ひっぱっちゃダメ！	으햐아、당기면 안 돼！
これが電脳世界というわけか。	이게 전뇌 세계라는 건가。
あたしもよく判らないんだけど	나도 잘 모르겠지만
あたしにはさ、いろんな機能が	나한테는 여러 기능이
そうか、これで劇団も安心だ。	그렇군、이걸로 극단도 안심이다。
（俺と同じく流れ者の熱い奴、	（나처럼 떠돌이인 뜨거운 놈、
・・・なにがおかしいんだよ。	・・・뭐가 웃긴 건데。
キャプテン、ノックをそろそろ	주장님、노크를 슬슬
（俺がキャプテンになってから	（내가 주장이 되고 나서
・・・あなたって残酷なのね。	・・・당신 잔인하네。
・・・そうだ、思い出したぞ。	・・・맞다 생각났다。
で、劇場のキャンセル代だとか	그래서 극장 취소 비용이라든가
・・・ところで、延期になった	・・・그런데 연기된
それにしても使ってない部屋が	그건 그렇고 안 쓰는 방이
おーい、２人とも生きてるか！	어이、둘 다 살아 있냐！
あああ、助かっていない～！！	아아아、안 살았어요～！！
それじゃ、これで失礼します。	그럼 이만 실례하겠습니다。
あっさり行っちゃいましたな。	선뜻 가버렸군요。
ああそうとも、最初っからな。	그래 맞아 처음부터 말이야。
でも、君はほとんどあの部屋に	근데 넌 거의 그 방에
先に行って待ってるでやんす。	먼저 가서 기다리겠습죠。
・・・・・・・・・そうだな。	・・・・・・・・・그렇군。
忘れるなよ、試合で負けた方は	잊지 마라 시합에 진 쪽은
・・・なんとなく、オレの中で	・・・왠지 내 안에서
うう、そのときにはもう・・・	으윽、그땐 이미・・・
けどさ、公演やるっていっても	근데 공연을 한다고 해도
それじゃあ、ここにいる君は？	그럼 여기 있는 넌？
もしもし、いらっしゃいます？	여보세요、계신가요？
・・・だから、ここに留まって	・・・그러니까 여기 머물러
ますます、うさんくさいです！	점점 더 수상해요！
いえ・・・なんでもないです。	아뇨・・・아무것도 아니에요。
ふむ、商店街の活性化なれば、	흠、상점가 활성화라면、
我、野球によく通じる者なり。	나는 야구에 밝은 자이니라。
（そういえば、この男は意外に	（그러고 보니 이 남자는 의외로
さようさよう、しかりしかり。	그렇지 그렇지 옳거니。
まあまあ、おいしかったんなら	뭐뭐、맛있었다면
普通のやつだと、役者の練習と	보통 거라면 배우 연습과
お～し、今日この後どうする？	좋아、오늘 이 뒤엔 뭐 할래？
こんな暑い日に着ぐるみの中に	이런 더운 날 인형탈 안에
・・・さあ、もう一度寝るか。	・・・자、한 번 더 잘까。
・・・ひどい言われようだな。	・・・심한 소리를 듣는군。
・・・ちょっと待つでやんす。	・・・잠깐 기다립죠。
この棚の分、全部で１５万円。	이 선반 것 전부 １５만 엔。
・・・300円で買い取るよ。	・・・300엔에 사겠어。
ははは、タコがしゃべってる。	하하하、문어가 말하고 있어。
おい、お客さん満員らしいぞ。	야、손님 만원이란다。
お客さん、すごく喜んでたな。	손님들 엄청 좋아했지。
今日は初日ってことで、みんな	오늘은 첫날이라 다들
それから君、一番よかったよ。	그리고 너 제일 좋았어。
これは、一体何の騒ぎですか？	이건 대체 무슨 소동인가요？
こいつはおとなしいヤツだな。	이 녀석은 얌전한 놈이군。
じゃあ、早く止めないと・・・	그럼 빨리 막아야・・・
うん、偶然だけど大正解だね。	응、우연이지만 대정답이야。
また周りの風景が変わった？！	또 주변 풍경이 바뀌었어？！
買い物リストはもらったけど、	장보기 목록은 받았지만、
あたしの開発コンセプトはね、	내 개발 콘셉트는 말이야、
わたしたちが、犯人を演じる時	우리가 범인을 연기할 때
もうじき、今年も終わりだね。	이제 곧 올해도 끝이네。
お前が突然チームにやってきて	네가 갑자기 팀에 와서
母ちゃんが大変なんでやんす！	엄마가 큰일 났습죠！
なんなんだ、このトンネルは？	뭐야 이 터널은？
もちろん、気持ちいいからさ。	물론 기분 좋으니까지。
じゃあ、ご飯を食べてるから。	그럼 밥 먹고 있을게。
うちの息子を助けてくださった	우리 아들을 구해주신
で、役所を動かそうと商店街は	그래서 관청을 움직이려고 상점가는
少し、この町に用事ができた。	잠시 이 동네에 볼일이 생겼다。
（やれやれ、仕方がないな。）	（이런、어쩔 수 없군。）
・・・ルールは、知っている。	・・・규칙은 알고 있다。
そうだ、ちょっと打ってみな。	그래、한번 쳐봐라。
よしてくれ、落ち着かないから	그만해줘 안절부절못하니까
あのプロデューサーさんから！	그 프로듀서분한테서！
おまえって本当にバカだよな。	넌 정말 바보구나。
・・・ああ、君の知り合いか。	・・・아、네 아는 사람인가。
きてるよきてるよ、その迫力。	오고 있어 오고 있어 그 박력。
これは彼女が選んだ道なんだ。	이건 그녀가 선택한 길이야。
維織のランダムイベント20。	이오리의 랜덤 이벤트 20。
頑張れしか俺には言えないな。	힘내란 말밖에 못 하겠군。
じゃあ、今日はボ～クの練習を	그럼 오늘은 내～ 연습을
いや、特には・・・・・・・。	아니、딱히・・・・・・・。
持ってないクセによく言うよ。	갖고 있지도 않으면서 잘도 말하네。
どこにでも売っているんだから	어디서든 팔고 있으니까
とりあえず、また来てみるか。	일단 다시 와볼까。
（視線が気になって寝れない）	（시선이 신경 쓰여 못 자겠다）
舎弟をクビという事でいいよ。	부하를 자른다는 걸로 해도 돼。
思っていたよりは遅かったね。	생각보다는 늦었네。
仕事だから当然の事なんだろ？	일이니까 당연한 거잖아？
俺には慣れても無理そうだな。	난 익숙해져도 무리겠군。
ここに来てくれるだけでいい。	여기 와주기만 하면 돼。
ジャア、ボクハ、レンシュウニ	그럼 나는 연습하러
気持ちはすでにベテランです。	마음은 이미 베테랑입니다。
おもみしましょうか？ご主人様	주물러 드릴까요？주인님
別の道に進む事を諦めたのか？	다른 길로 가는 걸 포기했나？
今日は何の日か知ってますか？	오늘이 무슨 날인지 아세요？
最終的には温めなくて食べれる	최종적으론 안 데우고 먹을 수 있는
そんなの決まってるじゃない。	그거야 뻔하잖아。
せめて会話は成立させようね。	최소한 대화는 성립시키자。
そうやって、俺が振った話題は	그렇게 내가 꺼낸 화제는
いらっしゃいません。ご主人様	안 계십니다。주인님
じゃあ、今はこの店に居るのは	그럼 지금 이 가게에 있는 건
・・・・・・・めんどくさい。	・・・・・・・귀찮아。
こんな時に使う言葉じゃない！	이럴 때 쓰는 말이 아냐！
じゃあ、未来は予測できない！	그럼 미래는 예측 못 해！
やっぱりそれ系の物を入れると	역시 그런 계열을 넣으면
やっぱり、そうだったーーー！	역시 그랬던 거야～～！
それは俺が決める事じゃない。	그건 내가 정할 일이 아니다。
いえ、リッチ気分で食べさせて	아뇨、호사스러운 기분으로 먹게
暑苦しいから、そうしてくれ。	답답하니까 그렇게 해줘。
いや、何事も行動あるのみだ！	아니、뭐든 행동만이 답이다！
まあまあ、だまされたと思って	자자、속는 셈 치고
自分じゃ何ともならないから、	혼자선 어쩔 수 없으니까、
いや、なんか俺がお金目当てで	아니、왠지 내가 돈이 목적인
そ、そんな事ないピエロよ～。	그、그렇지 않아 삐에로야～。
・・・・・・・私はいらない。	・・・・・・・난 필요 없어。
・・・・・・・そうだったの？	・・・・・・・그랬던 거야？
そんな事をしたって無駄だぞ。	그런 짓 해봐야 소용없다。
俺はそんな言葉は信じないぞ。	난 그런 말은 안 믿는다。
この店が休みなんて珍しいな。	이 가게가 쉬다니 드문 일이군。
ええ、まあ、そうしようかなと	네、뭐 그럴까 하고
先輩が白い物を黒と言ったら、	선배가 흰 걸 검다고 하면、
これを取りに・・・・・・・。	이걸 가지러・・・・・・・。
「なんちゃって野球超人伝」。	「엉터리 야구초인전」。
（ま、まさか嬉しかったのか？	（서、설마 기뻤던 건가？
あれ？維織さん何をしてるの？	어라？이오리 씨 뭐 해？
（ポテ！ポテ！ポテ！ポテ！）	（톡！톡！톡！톡！）
（でも、何か渡したかったな。	（근데 뭔가 주고 싶었는데。
今日は勤労感謝の日ですよ！！	오늘은 근로감사의 날이에요！！
ああ、そうか。いつもお疲れ。	아、그렇군。늘 수고가 많아。
なんだ？もう運んできたのか？	뭐야？벌써 옮겨온 거야？
下手にって、どういう意味だ？	섣불리라니 무슨 뜻이야？
確かに、そんな感じがしたよ。	확실히 그런 느낌이 들었어。
お父様はなんて・・・・・・？	아버님은 뭐라고・・・・・・？
（あの時もわからなかったが、	（그때도 몰랐지만、
いや、そんなわけじゃないけど	아니、그런 건 아니지만
・・・・・・・やっぱりダメ。	・・・・・・・역시 안 돼。
（カタカタカタカタカタカタ）	（타닥타닥타닥타닥）
別にフラフラしてるだけだよ。	딱히 빈둥거리고 있을 뿐이야。
変な人なら目の前に居るけど、	이상한 사람이면 눈앞에 있는데、
じゃあ、ずっとテント暮らし？	그럼 계속 텐트 생활？
いや、まだこの時期に食べたら	아니、아직 이 시기에 먹으면
お前、紅葉を全否定しただろ。	너 단풍을 전부 부정했잖아。
（これ大きさに比べて軽いな。	（이거 크기에 비해 가볍군。
この街から出て行くってこと？	이 동네를 떠난다는 거야？
サンドイッチを余は所望じゃ！	샌드위치를 짐은 원하노라！
あのさ、気持ちは嬉しいけど、	있잖아 마음은 고맙지만、
嫌とかじゃなくて心配なんだ。	싫은 게 아니라 걱정되는 거야。
そうするか・・・・というか、	그럴까・・・・아니 그보다、
そうじゃなくて・・・・・・。	그게 아니라・・・・・・。
欲しいに決まってるじゃない。	당연히 갖고 싶지。
じゃあ、何で俺に教えたんだ？	그럼 왜 나한테 알려준 거야？
それのどこがプレゼントなの？	그게 어디가 선물이야？
クラッシュしてるのは、お前だ	고장 난 건 너다
どのルートに行っても好感度は	어느 루트로 가도 호감도는
今まで私の周りに居た人間は、	지금까지 내 주변 사람은、
じゃあ、大学には何を勉強しに	그럼 대학엔 뭘 공부하러
サーカス団に戻りたいんだろ？	서커스단에 돌아가고 싶잖아？
私はまだ貴方の言っている事が	난 아직 당신 말이
やっぱりお金無いんじゃない。	역시 돈 없는 거잖아。
アタックって程じゃないけど、	어택이랄 정도는 아니지만、
みょうーーーーぎーーーー！！	묘～～～～기～～～～！！
初めての料理は、どうだった？	첫 요리는 어땠어？
カレーと一緒にしちゃダメだ！	카레랑 같이 취급하면 안 돼！
じゃあ、すぐに持ってくるから	그럼 바로 가져올 테니까
もちろんプログラムするんだ。	물론 프로그래밍하는 거야。
何を言ってるかわからないけど	무슨 말인지 모르겠지만
今日は私に会いに来てくれたの	오늘은 날 만나러 와준 거야
ハムがマスタード漬けにされて	햄이 머스터드에 절여져서
実際に教えなくて正解だった。	실제로 안 가르친 게 정답이었다。
い、いや、何でもないっすよ！	아、아니 아무것도 아니에요！
なるほど。何もないわけだな。	과연。아무것도 없다는 거군。
その言い方。お前、もしかして	그 말투。너 혹시
いいや、君はわかっていない。	아니、넌 모르고 있어。
本当にアイツは・・・・・・。	정말 저 녀석은・・・・・・。
だから、どうなるかわからない	그러니까 어떻게 될지 모른다
いらっしゃいませ～！この野郎	어서 오세요～！이 자식
辞書なんか読んで楽しいのか？	사전 같은 걸 읽으면 재밌냐？
はい。今日は一人で来ました。	네。오늘은 혼자 왔어요。
信じられないのも無理はない。	못 믿는 것도 무리는 아니다。
聞きたいのはこれで十分かな？	묻고 싶은 건 이걸로 충분해？
って、金もないのに入れるわけ	아니、돈도 없는데 들어갈 리가
レストランの裏に行こうかな。	레스토랑 뒤로 가볼까。
そこのアナタ、お待ちなさい。	거기 당신、기다리세요。
ほら、どこでも言ってくれよ。	자、어디든 말해줘。
ＣＤとポータブルプレーヤー？	ＣＤ랑 휴대용 플레이어？
（すぐに連絡をよこすという話	（바로 연락 준다는 얘기
楽しい時間は、あっという間に	즐거운 시간은 순식간에
まあ、そういう事になるかな。	뭐、그런 셈이 되려나。
これを、食べるといいですぞ。	이걸 드시면 좋습니다。
（誘った方がよかったかな？）	（부르는 게 나았으려나？）
ははは、まあいいじゃないか。	하하하、뭐 됐잖아。
ちょっと、不審者っぽいよな。	좀 수상한 사람 같지。
（でも、どうしてお父さんが	（근데 왜 아버지가
（たわいもないことを話して	（시시한 얘기를 하며
（そもそも、どうしてみんな	（애초에 왜 다들
・・・他の人ならともかく、	・・・다른 사람이면 몰라도、
（・・・あ、そうなのか。）	（・・・아、그런 건가。）
しょうがない、家で待とう。	어쩔 수 없지 집에서 기다리자。
遊園地の招待券じゃないか。	놀이공원 초대권이잖아。
よし、今日はここへ行くか。	좋아、오늘은 여기로 갈까。
今日が誕生日なんでしょう？	오늘이 생일이잖아요？
さて、中身はなんだろうな。	자、내용물은 뭘까。
ちっ、つまらないでやんす。	칫、시시합죠。
この服かっこいいでやんす。	이 옷 멋있습죠。
・・・・・・全然かまわぬ。	・・・・・・전혀 상관없다。
そうよね・・・・・・・・・	그렇지・・・・・・・・・
この結果は、どうなんだろ？	이 결과는 어떨까？
ちっ、しまらねえ結末だぜ。	칫、맥 빠지는 결말이군。
フン、期待を裏切って悪いが	흥、기대를 저버려 미안하지만
おじちゃん、おしかったね！	아저씨、아쉬웠네요！
そういうふうに言われると、	그런 식으로 말하면、
え・・・本当に知らないの？	어・・・정말 모르는 거야？
サンマは大好物であります！	꽁치는 아주 좋아합니다！
・・・あいつを産んでから、	・・・저 애를 낳고 나서、
・・・でも、いつかはお嫁に	・・・근데 언젠가는 시집을
・・・そんな、おおげさな。	・・・그런 과장된。
いやいや、本当のことだよ。	아니아니、정말이라니까。
でも、それじゃ新しいナベが	근데 그럼 새 냄비가
あの犬はいいヤツでやんす。	그 개는 좋은 녀석입죠。
先生、あいつがどこにいるか	선생님、그놈이 어디 있는지
幸い、はね飛ばされただけで	다행히 튕겨나갔을 뿐이라
よっ、待ってました大統領！	얼씨구、기다렸다 대통령！
ていうか、おめでたい以外に	아니、경사스럽다는 것 말고
テレビの取材があるんだから	방송 취재가 있으니까
放っておきましょう、先生。	내버려 둡시다 선생님。
とにかく頑張ってください。	아무튼 힘내주세요。
あ、ちょっと帳簿をね・・・	아、잠깐 장부를 좀・・・
・・・この店、ひょっとして	・・・이 가게 혹시
あれー、変なしゃべり方する	어라、이상한 말투를 쓰네
行く川の流れは絶えずして、	흐르는 강물은 끊이지 않고、
変わったこと、でやんすか？	달라진 거 말입죠？
・・・波乱の予感でやんす。	・・・파란의 예감입죠。
２人で探せばすぐでやんす。	둘이서 찾으면 금방입죠。
そりゃあ、この商店街の客が	그야 이 상점가 손님이
もっと買ってきましょうか？	더 사올까요？
２人とも、ちょっと待った！	둘 다 잠깐만！
わたしのバイトなんだから、	내 알바니까、
・・・がんばって、さっさと	・・・힘내서 얼른
日が昇ってる時間は短いぞ。	해 떠 있는 시간은 짧다。
そりゃまあ、そうですけど。	그야 뭐 그렇지만요。
はっはっは、残念だったね。	하하하、아쉬웠네。
・・・なんだか、ネットでも	・・・왠지 인터넷에서도
そ、そうだよね、さすがに。	그、그렇지 아무래도。
さあ、ぼさっとしてないで、	자、멍하니 있지 말고、
気にせず、成仏してくれよ。	신경 쓰지 말고 성불해라。
そうか、それならいいんだ。	그렇군、그렇다면 됐어。
今度はね、地方のテレビ局が	이번엔 지방 방송국이
・・・結論を誘導したのか。	・・・결론을 유도한 건가。
それじゃあ、さっそく全員の	그럼 당장 전원의
私、警察官になって世の中の	난 경찰관이 돼서 세상의
ヤラセで、シナリオがあって	조작이고 시나리오가 있어서
おお、それです、それです！	오오、그거예요 그거！
ああ、やってらんねえなぁ。	아、못 해먹겠네。
・・・・・・・・・驚いた。	・・・・・・・・・놀랐다。
・・・なんなんだ、お前は。	・・・뭐냐 너는。
前の戦争中、米軍の爆撃機が	지난 전쟁 때 미군 폭격기가
あら、ダチョウは中止なの？	어머、타조는 취소야？
その代わり、野球イベントと	그 대신 야구 이벤트와
そんなこと言われてもねぇ。	그런 말을 들어도 참。
今日はあいつはバイトだよ。	오늘 걘 알바야。
どうしたの、こんな夜中に。	무슨 일이야 이 밤중에。
大勢の目の前で恥をかかせる	많은 사람 앞에서 망신을 주는
断ることもできるけど・・・	거절할 수도 있지만・・・
監督、信じていいんですね？	감독님、믿어도 되는 거죠？
なんと、わがグループの総帥	무려 우리 그룹의 총수
どうしたんだ、キャプテン。	무슨 일이야 주장。
・・・まあ、そうだけどよ。	・・・뭐 그렇긴 한데。
いや、初めて聞く名前だな。	아니、처음 듣는 이름이군。
まあ、今のところはないな。	뭐、지금으로선 없군。
ウチの母ちゃん、忙しいから	우리 엄마 바쁘니까
でも、どうして早朝なんだ。	근데 왜 이른 아침인 거야。
いや、これとは無関係だよ！	아니、이거랑은 무관해！
野球がやりたくなったから、	야구가 하고 싶어져서、
本当は、単なる気まぐれだ。	사실은 그냥 변덕이다。
ま、そいつは無理だろうね。	뭐、그건 무리겠지。
オイラも応援するでやんす！	나도 응원하겠습죠！
発進させようとした車の前に	출발시키려던 차 앞에
おいおい、そんなにいっぱい	이봐、그렇게 잔뜩
あたしが出してあげるわよ。	내가 내줄게。
いや、ちゃんと聞いてるよ。	아니、제대로 듣고 있어。
なにをボケてるんだ、君は。	뭘 멍하니 있는 거야 자네는。
フン、あいつらは最初っから	흥、저것들은 처음부터
あんまり自信ないんだけど、	별로 자신은 없지만、
そうだそうだ。食っていけ！	그래 그래。먹고 가！
何言ってるんだ、最高だよ！	무슨 소리야 최고야！
今日は商店街が休みだから、	오늘은 상점가가 쉬니까、
よし、基礎体力を鍛えるぞ！	좋아、기초 체력을 기른다！
戦後、商店街を再建する時に	전후에 상점가를 재건할 때
そうだ、それを掘り起こして	맞다、그걸 파내서
本当に、いつもすみません。	정말 늘 죄송합니다。
じゃ、そろそろ失礼します。	그럼 슬슬 실례하겠습니다。
じゃ、半分よこすでやんす。	그럼 절반 내놓습죠。
・・・うーん、いいのかな？	・・・으음 괜찮으려나？
じゃあ、何が言いたいんだ。	그럼 뭘 말하고 싶은 건데。
つまり、自慢がしたいのか？	그러니까 자랑하고 싶은 거야？
（ピーゴロゴロゴロ・・・）	（삐이 그르르르・・・）
・・・それで、何者なんだ。	・・・그래서 정체가 뭐냐。
でもこのテントは俺のだぞ。	근데 이 텐트는 내 거다。
あれは、お前が食ったのか！	그건 네가 먹은 거냐！
どうも、ごくろうさまです。	정말 수고 많으십니다。
ほら、ちゃんと届けただろ！	봐、제대로 전했잖아！
それじゃ、俺はこれで・・・	그럼 난 이만・・・
そ、そんなこと考えてない！	그、그런 생각 안 해！
打撃のコツは、一言で言うと	타격 요령은 한마디로 하면
捕球は、慣れるしかないな。	포구는 익숙해지는 수밖에 없다。
（そんなことでいいのか？）	（그런 걸로 괜찮은 건가？）
うん、ちょっとあきてきた。	응、좀 질리기 시작했어。
・・・この本、ずっとここに	・・・이 책 계속 여기에
食べるならこっちの草だよ。	먹을 거면 이쪽 풀이야。
今日は、野球場に行かない？	오늘은 야구장에 안 갈래？
ご主人の大切な思い出の品を	주인님의 소중한 추억의 물건을
ウチの店の看板なんだけど。	우리 가게 간판인데。
ああ、ええと、つまり・・・	아、그러니까 즉・・・
それで、この石が本当に家？	그래서 이 돌이 정말 집？
・・・まだ人であったころ、	・・・아직 사람이었을 무렵、
じゃあ、二人の運勢を足して	그럼 두 사람 운세를 더해서
・・・なんだか落ち込むな。	・・・왠지 우울해지는군。
ああ、バナナもらったんだ。	아、바나나 받았어。
なるほど、そういうことか。	과연、그런 거였군。
あれ、話してなかったっけ？	어라、얘기 안 했었나？
家族と連絡は取れないのか？	가족과 연락은 안 되는 거야？
そのためには、今度の舞台を	그러려면 이번 무대를
だって、新しい男だからな。	그야 새로운 남자니까。
そう、これこそが僕の宝物！	그래、이거야말로 내 보물！
ダメなときは、あきらめる。	안 될 땐 포기한다。
ねえねえ、これなんの騒ぎ？	있잖아、이거 무슨 소동이야？
・・・それ応援じゃなくて、	・・・그거 응원이 아니라、
これで、人数はそろったな。	이걸로 인원은 다 모였군。
そうか、それは良かったな！	그렇군、그거 잘됐네！
どうして別れの言葉もなしに	왜 작별 인사도 없이
・・・それ、現実だけどね。	・・・그거 현실이지만。
ごめん、慌ててたから・・・	미안、당황해서・・・
ふふふふふっ・・・この店。	후후후훗・・・이 가게。
おじちゃんに欠けているのは	아저씨한테 부족한 건
ううむ、それはそれで・・・	으음、그건 그것대로・・・
こりゃあ、なりふりかまわず	이거 참 체면 안 가리고
あたしは納得してないわよ。	난 납득 안 했어。
試合で勝って勝ちまくって、	시합에서 이기고 또 이겨서、
あああ～、負けちゃったよ～	아아아～、져버렸어～
ああ、使い方を知らないから	아、쓰는 법을 모르니까
年をとると疲れやすくてな。	나이를 먹으면 쉬 피곤해서。
そんなことはさせないナリ！	그런 짓은 못 하게 한다！
お前、ちょっとおかしいぞ。	너 좀 이상하다。
・・・俺、兵士じゃないし。	・・・난 병사도 아니고。
昔、ウチの店によく来ていた	옛날에 우리 가게에 자주 오던
それで、学校は楽しいかい？	그래서 학교는 즐겁니？
そんなに子供じゃないわよ。	그렇게 애는 아니야。
ああ、そういえば前にここで	아、그러고 보니 전에 여기서
ウチは、今でも土地を借りて	우린 지금도 땅을 빌려서
じゃ、適正な金額ってこと？	그럼 적정한 금액이란 거야？
もちろん、実際の交渉の時に	물론 실제 협상 때
ゴホッ、ゴホッ、ゴホゴホ！	콜록、콜록、콜록콜록！
簡単じゃねえか、そんなの。	간단하잖아 그런 거。
お母さんのお弁当は、初めて	엄마 도시락은 처음
あれっ、お口に合いません？	어라、입에 안 맞으세요？
寄り道しないで帰るんだよ。	딴 데 들르지 말고 돌아가。
（なにを言ってるんだか。）	（무슨 소릴 하는 건지。）
よし、特訓で生まれ変わった	좋아、특훈으로 다시 태어났다
小学校の集団下校の時間が、	초등학교 집단 하교 시간이、
えっ、映画の券が２枚・・・	엇、영화표가 ２장・・・
今日、どこかに行かないか？	오늘 어디 안 갈래？
ま、それはおいといて・・・	뭐、그건 제쳐두고・・・
それにしては、知識も人格も	그런 것치고는 지식도 인격도
あら、あなたはすごいものを	어머、당신은 대단한 걸
じゃあ、もらっていいかな？	그럼 받아도 될까？
・・・いや、だがグラブには	・・・아니 그래도 글러브에는
その分、責任重大だけどな。	그만큼 책임이 막중하지만。
ははは、これは参ったなぁ。	하하하、이거 난감하네。
お前以外に誰がいるんだよ。	너 말고 누가 있냐。
ちょいと昔の知り合いでね。	좀 옛날 지인이라서。
こっ、こら、ちょっと待て！	이、이봐 잠깐만！
商店街のイベントの情報や、	상점가 이벤트 정보나、
そ、そんなの知らないなぁ。	그、그런 건 모르겠는데。
あのな、商店街で会ったとき	있잖아 상점가에서 만났을 때
たしかに今のままの状態だと	확실히 지금 이대로면
あ、おじちゃん遊びに・・・	아、아저씨 놀러・・・
しかし、カブトムシだって？	근데 장수풍뎅이라고？
あはは、ヒーロー失格だね。	아하하、히어로 실격이네。
さすがに、そこまで好意には	아무래도 거기까지 호의에는
・・・・・・・・・そうか。	・・・・・・・・・그런가。
一件落着だね、おじちゃん！	일단락이네요 아저씨！
実はさ、これが本業なんだ。	사실 이게 본업이야。
帰りにお土産買ってくるから	돌아올 때 선물 사올 테니까
そうか、夏祭りに行くのか。	그렇군、여름 축제에 가는구나。
つまり・・・アルバイトか。	그러니까・・・아르바이트인가。
・・・自主的な花火大会ね。	・・・자발적인 불꽃놀이네。
ふふふ、男の嫉妬は醜いな。	후후후、남자의 질투는 추하군。
だいたい、野球の練習なのに	애초에 야구 연습인데
・・・それを俺に聞くのか？	・・・그걸 나한테 묻는 거야？
あれは、甲子園で負けた後の	그건 고시엔에서 진 뒤의
まさか、それでその格好か！	설마 그래서 그 차림인가！
そりゃあ、やっておいた方が	그야 해두는 편이
ええっと、照明さんはどこ？	그러니까 조명 담당은 어디？
帰ったら脚本読み直すこと。	돌아가면 대본 다시 읽을 것。
おまえ、その話ほんとか！？	너 그 얘기 진짜냐！？
いや、そんなことはないさ。	아니、그렇지는 않아。
（・・・ああ、参ったな。）	（・・・아、난감하군。）
今日は用事があって出かけて	오늘은 볼일이 있어 나가서
あたし、あの時・・・本当は	나 그때・・・사실은
・・・ちょっと待ってくれ。	・・・잠깐 기다려줘。
ねえ、河原に住みついてる人	있잖아 강가에 눌러사는 사람
あてのない旅でしたからね。	정처 없는 여행이었으니까요。
むう、詐欺師とは侮辱なり。	으음、사기꾼이라니 모욕이로다。
平気な顔で言われてもなぁ。	태연한 얼굴로 말해도 참。
わかった、がんばってみる。	알았어、열심히 해볼게。
ずいぶん寒くなって来たね。	꽤 추워졌네。
待ってくれ、君に言わなきゃ	기다려、너한테 말해야 할
俺は知ってるんですよ・・・	난 알고 있어요・・・
やれやれ、セコイやり口だ。	이런、쩨쩨한 수법이군。
あんた、この子と知り合い？	당신 이 아이와 아는 사이？
ええっと、劇団のところまで	그러니까 극단까지
それより、オイラの家の方が	그것보다 내 집이
次はカニの季節でやんすね。	다음은 게 철입죠。
公演３日前に、二人も役者が	공연 ３일 전에 배우가 둘이나
・・・ここの品、全部かい？	・・・여기 물건 전부인가？
ええと、これが３０００円。	그러니까 이게 ３０００엔。
ああ、クレジットカードなら	아、신용카드라면
あれえ、こんなにたくさん？	어라、이렇게나 많이？
心配ない、今日は新顔が来て	걱정 마라 오늘은 새 얼굴이 와서
そっ、そういえば、試合前に	그、그러고 보니 시합 전에
ああ、初期の活字印刷物だ。	아、초기 활자 인쇄물이다。
いいえ、もうわが家の立派な	아뇨、이미 우리 집의 훌륭한
オイラもグッタリでやんす。	나도 축 늘어졌습죠。
ちぇっ、遅れて来たくせに。	칫、늦게 왔으면서。
わっ、それワクチンソフト！	왓、그거 백신 소프트！
だから、不正なアクセスとか	그러니까 부정 접속이라든가
じゃあ、買い物頼んでいい？	그럼 장 보는 거 부탁해도 돼？
あはは、お芝居は全員の力を	아하하、연극은 전원의 힘을
ど、どうなってるのこれ！！	어、어떻게 된 거야 이거！！
今のあなたは、まさにそれ。	지금의 당신이 바로 그거야。
（キュキュ、ギーギーギー）	（끼익끼익、삐걱삐걱）
ああ、ここにいたでやんす！	아、여기 있었습죠！
あのね、あたしが言うことを	있잖아 내가 하는 말을
うんうん、それはよかった。	응응、그거 잘됐네。
つまり、スーパーのチームに	그러니까 마트 팀에
おじちゃん、帰っちゃうの？	아저씨、가버리는 거예요？
野球チームの助っ人だって？	야구팀 용병이라고？
あははっ、そりゃあいいや！	아하핫、그거 좋네！
それ、やばいじゃないか！！	그거 큰일이잖아！！
ああ、夢をかなえて欲しい。	아、꿈을 이뤄줬으면 해。
・・・それ、こういうときの	・・・그거 이럴 때의
最終イベントです。ご主人様	최종 이벤트입니다。주인님
玉乗りが必要な状況ってのを	공 타기가 필요한 상황이란 걸
今日は絶対に捕まえてやる。	오늘은 반드시 잡아주마。
「さつまいも右手の法則」。	「고구마 오른손의 법칙」。
謝ったらと言われてもだな、	사과하라고 해도 말이지、
まあね。そんな日もあるよ。	그렇지。그런 날도 있어。
ちゃんと消毒もするんだよ。	소독도 제대로 하는 거야。
そうだね、まだ来てないよ。	그러네、아직 안 왔어。
じゃあ、待っておこうかな。	그럼 기다려 볼까。
寝ている時の方がかわいい。	자고 있을 때가 더 귀여워。
だから早く寝て・・・・・・	그러니까 빨리 자・・・・・
あきらかにおかしいでしょ。	대놓고 이상하잖아。
笑い方がワールドワイドだ！	웃는 방식이 월드와이드다！
織姫と彦星を祝ってやれよ。	직녀와 견우를 축하해 줘라。
ご主人様、どうかしましたか	주인님、무슨 일 있으세요
・・・・・・・どこ行くの？	・・・・・・・어디 가？
とりあえず、この店にあった	일단 이 가게에 있던
わかった。手伝ってやるよ。	알았어。도와줄게。
ボールもまだまだあるよ～。	공도 아직 잔뜩 있어～。
し、失礼じゃないかね君っ！	무、무례하지 않은가 자네！
期待しないで信じておくよ。	기대는 안 하고 믿어둘게。
それは大丈夫じゃないから！	그건 괜찮은 게 아니라니까！
ただ気分がいいだけだから。	그냥 기분이 좋을 뿐이니까。
何が起こるんだよ・・・・。	무슨 일이 일어나는 건데・・・。
大丈夫、心配しなくていい。	괜찮아、걱정 안 해도 돼。
なんだって？ネットカフェ？	뭐라고？넷카페？
この間、突然やってきて私に	지난번에 갑자기 와서 나한테
止めた方がいいんじゃない？	말리는 게 낫지 않아？
それじゃあ、意味がないよ。	그럼 의미가 없잖아。
まあ、それでいいんだけど。	뭐、그걸로 됐지만。
むしろ丁寧な言葉がキツイ！	오히려 정중한 말이 더 아파！
それは俺に対する嫌がらせ？	그건 나에 대한 괴롭힘？
先輩！今日は体育の日です！	선배！오늘은 체육의 날이에요！
やっぱり手料理ぃぃぃぃい！	역시 손수 만든 요리이이이！
できなくても生きていける。	못 해도 살아갈 수 있어。
む、無理しなくてもいいよ！	무、무리 안 해도 돼！
ボ～クは戻れないんだよ～。	나～는 돌아갈 수 없다고～。
もう、もらってるからいい。	이미 받았으니까 됐어。
いきなり何を言ってるんだ？	갑자기 무슨 소릴 하는 거야？
今日は何の日か知らないの？	오늘이 무슨 날인지 몰라？
そんなことない・・・・・。	그렇지 않아・・・・・。
だから数日にわけて食べる。	그래서 며칠에 나눠 먹는다。
元はいっしょおぉぉぉぉぉ！	원래는 같다고오오오오！
男前って言ってるじゃない。	미남이라고 하잖아。
さっきと言ってる事が違う。	아까랑 하는 말이 다르잖아。
だから聞こえない・・・・・	그러니까 안 들려・・・・・
そんな子供じゃあるまいし。	그런 애도 아니잖아。
ちょっとした用事程度なら、	사소한 볼일 정도라면、
じゃあ、ちょっと待っててね	그럼 잠깐만 기다려
隣に居てくれるだけでいい。	옆에 있어주기만 하면 돼。
お前は何をやっているんだ？	넌 뭘 하고 있는 거야？
何を言っているんだ貴様は。	무슨 소릴 하는 거냐 네놈은。
いや、俺はPCじゃなくて、	아니、난 컴퓨터가 아니라、
その一線は超えちゃダメだ！	그 선은 넘으면 안 돼！
いつの間にか世界の敵にっ！	어느새 세계의 적이 됐어！
ああ、もういいよ。それで。	아、이제 됐어。그걸로。
その高校はね・・・・・・・	그 고등학교는 말이야・・・・
いや、まだシッカリ暑いぞ。	아니、아직 확실히 덥다。
たぶん、そうだと思うんだが	아마 그럴 거라고 생각하는데
だけど、もっと問題なのは、	하지만 더 문제인 건、
他に客が誰もいないんだが。	다른 손님이 아무도 없는데。
その女の子は決められた道が	그 여자애는 정해진 길이
嫌がらせというより挑戦ね。	괴롭힘이라기보단 도전이네。
やっぱり嫌なの・・・・・？	역시 싫은 거야・・・・・？
前もそんな事、言ってたね。	전에도 그런 말 했었지。
別に覗いてたわけじゃない。	딱히 엿본 건 아니야。
これはみかんじゃないよ～！	이건 귤이 아니야～！
ねっ！言った通りでしょ～！	봐！말한 대로지～！
そんな機会なかったでしょ。	그런 기회 없었잖아。
そ、そんなわけじゃないが、	그、그런 건 아니지만、
着替えるのがめんどくさい。	갈아입는 게 귀찮아。
実際にどうでもいいからな。	실제로 아무래도 좋으니까。
言ったらきっともらえるよ。	말하면 분명 받을 수 있어。
例のゲームが完成したんだ！	그 게임이 완성됐어！
お前しかやらないんだから、	너밖에 안 하니까、
（コイツも餌食になるんだな	（이놈도 먹잇감이 되겠군
俺はまったく知らないから、	난 전혀 모르니까、
いや、まあ客扱いというか、	아니、뭐 손님 취급이랄까、
だから、なぜ目線を逸らす？	그러니까 왜 시선을 피해？
だって大勢の人に笑われて、	그야 많은 사람이 비웃어서、
笑わせたいと思った人間から	웃기고 싶었던 사람한테서
自覚してるなら落ち着けよ！	자각하고 있으면 진정해！
ボ、ボ～クは許さないぞ～！	나、나～는 용서 안 한다～！
何を言ってるのかわからん。	무슨 소릴 하는지 모르겠다。
（好感度０で言ったあああ！	（호감도 ０으로 말했다아아！
あれは今日もやってるのか？	저건 오늘도 하고 있나？
こ、これは病み付きになる。	이、이건 중독되겠는데。
今日は顔の調子が・・・・・	오늘은 얼굴 상태가・・・・・
・・・・・・・ありがとう。	・・・・・・・고마워。
何に照れればいいんだ俺は？	뭘 부끄러워하란 거야 나는？
何を言っても無駄そうだな。	무슨 말을 해도 소용없겠군。
趣味だったのか・・・・・。	취미였던 건가・・・・・。
お待たせしました～！お嬢様	오래 기다리셨습니다～！아가씨
ああ、避けたから大丈夫だ。	아、피했으니까 괜찮다。
本当に私ってドジですよね。	정말 저 덤벙대죠。
その漫画的なノリはなんだ？	그 만화 같은 노리는 뭐야？
ご注文の方はどうしますか？	주문은 어떻게 하시겠어요？
ハムサンドをお願いします。	햄샌드위치 부탁드려요。
だから帰ってもいいよって。	그러니까 돌아가도 된다고。
私はその鎖を引きちぎる力を	난 그 사슬을 끊어낼 힘을
あのさ一つ聞いてもいいかな	있잖아 하나 물어봐도 될까
それは、それだけ君を本当に	그건 그만큼 널 정말로
羽が動かせないからなんだ？	날개를 못 움직여서 그런 거냐？
えーと、聞いてないんすか？	그러니까 못 들으셨어요？
最近、よくお会いしますな。	요즘 자주 뵙는군요。
ああ、とても勉強になるよ。	아、아주 공부가 돼。
えー、さっき勉強になるって	에、아까 공부가 된다고
お父さん、まだ起きてるの？	아버지、아직 안 주무세요？
外部組織と接触を持っている	외부 조직과 접촉을 갖고 있는
今日は、買い物に付き合って	오늘은 장 보는 데 같이 가줘
えーと、このキノコですか？	그러니까 이 버섯인가요？
今度は、驚かないんですね。	이번엔 안 놀라시네요。
さて、この間の話の続きでも	자、지난번 얘기나 이어서
それで、相談したい事って？	그래서 상의하고 싶은 게 뭐야？
なにか、手を打たれますか？	뭔가 손을 쓰시겠습니까？
お金かかってそうだったね。	돈이 들었을 것 같더라。
いいだろ、ここがこの辺りで	좋잖아 여기가 이 근처에서
（タタタタタタタッ・・・	（타타타타타탓・・・
先週、ご飯食べてるときに	지난주 밥 먹고 있을 때
じゃあ、今日はお客として	그럼 오늘은 손님으로서
あら、よくご存知ですね。	어머、잘 아시네요。
じゃあ、おねがいします。	그럼 부탁드립니다。
（ものすごく怪しいけど、	（엄청 수상하지만、
うううん、なんでもない。	아니아니、아무것도 아냐。
・・・ああ、大丈夫だよ。	・・・아、괜찮아。
（軽いケガをしました。）	（가벼운 부상을 입었다。）
・・・それはできんのだ。	・・・그건 할 수 없다。
せいぜい商店街の連中と、	기껏해야 상점가 놈들과、
（少しはお金があった方が	（조금은 돈이 있는 편이
もう４回目でやんすから、	벌써 ４번째입죠、
４回までは、こういう風に	４번까지는 이런 식으로
ゲームを中断するときは、	게임을 중단할 때는、
ううん、全然問題ないわ。	아니、전혀 문제없어。
よかった、よかった・・・	다행이다、다행이야・・・
ああ、なんとか勝てたよ。	아、그럭저럭 이겼어。
そんなことないでやんす！	그렇지 않습죠！
今日は何か用事あるかい？	오늘 무슨 볼일 있니？
じゃあ、俺もそうしよう。	그럼 나도 그렇게 하지。
（カンカン！カンカン！）	（땡땡！땡땡！）
・・・お恥ずかしいです。	・・・부끄럽습니다。
来なかったでやんす・・・	안 왔습죠・・・
でも、お店を開けないと。	근데 가게를 열어야지。
まあ、それでも息子さんに	뭐、그래도 아드님한테
あー、ちょっと待ってて。	아、잠깐 기다려。
ところで、そのケーブル、	그런데 그 케이블、
うん・・・・・・まあね。	응・・・・・・그렇지。
・・・オレ考えたんだよ。	・・・난 생각했어。
外の世界に出てきたことは	바깥세상에 나온 적은
わかりやすいのはいいが、	알기 쉬운 건 좋지만、
・・・がんばるでやんす。	・・・힘내겠습죠。
とりあえず、おじちゃんも	일단 아저씨도
まったく、しけた町だな。	정말 후줄근한 동네군。
なんだかまずいなぁ・・・	왠지 곤란한데・・・
・・・そういやお前・・・	・・・그러고 보니 너・・・
今日からセール期間です。	오늘부터 세일 기간입니다。
ああ、そうかもしれんな。	아、그럴지도 모르겠군。
国道の北側で配ってくる。	국도 북쪽에서 돌리고 올게。
な、なんですかそれは？！	뭐、뭔가요 그건？！
あとで調べたら、戦争用の	나중에 알아보니 전쟁용
・・・信じてるでやんす。	・・・믿고 있습죠。
ええーっ、冗談だったの？	에엣、농담이었어？
なにやっているかは秘密～	뭘 하는지는 비밀～
さあ、注文はどうします？	자、주문은 어떻게 하시죠？
・・・ほうほう、そうか。	・・・호오 그렇군。
・・・それは無理ですね。	・・・그건 무리네요。
・・・きびしい世界だな。	・・・혹독한 세계군。
ああ、何とかなると思う。	아、어떻게든 될 거야。
・・・・・・なにしてる。	・・・・・・뭐 하는 거야。
よし、だいたいのところは	좋아、대략적인 건
お前がキャプテンをやれ。	네가 주장을 해라。
いやなんと言うか、その。	아니 뭐랄까 그게。
あ、でもやりかけのことは	아、근데 하다 만 건
よく覚えてないでカニね。	잘 기억 안 난다 게。
いや、だってカニとしての	아니、그야 게로서의
知り合いの博士によると、	아는 박사님 말로는、
あんなにたくさんの荷物を	저렇게 많은 짐을
ねえ、これでいいんですか	저기、이걸로 괜찮은가요
・・・まあ、手はあるさ。	・・・뭐、수는 있다。
観客がいっぱい来てる？！	관객이 잔뜩 왔어？！
こんなにお客さんがいると	이렇게 손님이 있으면
助けて・・・助けて・・・	살려줘・・・살려줘・・・
あなた、ヒドイ人ですね。	당신 너무한 사람이네요。
くっくっく、商店街の連中	크크크、상점가 놈들
ほう、それは聞きたいな。	호오、그건 듣고 싶군。
・・・そうか、わかった。	・・・그렇군 알았다。
いや、そういうわけじゃ。	아니、그런 건 아니고。
なんだい、なさけないね。	뭐야、한심하네。
（そういう問題なのか？）	（그런 문제인가？）
・・・この試合のために、	・・・이 시합을 위해、
まあ、そうかもしれないが	뭐、그럴지도 모르지만
・・・・・・すまないな。	・・・・・・미안하군。
ただし、今回ウチに勝った	단、이번에 우리한테 이긴
まあ、勝った後でもう一度	뭐、이긴 뒤에 다시 한 번
ここ、ウチの店の裏にある	여기 우리 가게 뒤에 있는
（河原にテントを張って、	（강가에 텐트를 치고、
だけど、草野球のためって	근데 동네야구를 위해서라니
やれやれ、どこまで本気か	이런、어디까지 진심인지
悪い人じゃなかったがね。	나쁜 사람은 아니었지만。
さあ、買い食い買い食い。	자、사 먹자 사 먹자。
・・・いや、いいんだよ。	・・・아니 괜찮아。
ああ、それがいいと思う。	아、그게 좋을 것 같아。
でも簡単にはできないぞ。	근데 쉽게는 못 한다。
・・・買ってきてたのか？	・・・사왔던 거야？
・・・しかし、君の場合は	・・・근데 자네 경우는
・・・・いや、別に・・・	・・・・아니 딱히・・・
いや、全然かまわないさ。	아니、전혀 상관없어。
大丈夫、おいしかったよ。	괜찮아、맛있었어。
あ、もう暗くなってきた。	아、벌써 어두워졌네。
さて、なにが釣れるかな。	자、뭐가 잡힐까。
何を調べてるんでやんす？	뭘 알아보고 있습죠？
それなら、あれでやんす！	그거라면 저겁죠！
お父さん、腰の具合どう？	아버지、허리는 좀 어때요？
おお！来てくれたかぁ～！	오오！와줬구나～！
はい、まかせてください！	네、맡겨주세요！
いいのよ、気にしないで。	괜찮아、신경 쓰지 마。
草野球のどこが悪いんだ！	동네야구가 뭐가 나쁜데！
・・・それは、もういい。	・・・그건 이제 됐어。
はは、当然のことですよ。	하하、당연한 일이죠。
チクショウ、うまいなぁ。	젠장、잘하네。
実は、それほどでもない。	사실 그 정도는 아니야。
（普通は人間相手だろ？）	（보통은 인간 상대잖아？）
そのときは、先生の病院に	그땐 선생님 병원에
（ひどい言われ様だな。）	（심한 소리를 듣는군。）
いきなり適当になったな。	갑자기 대충이 됐군。
ははは、そんなの難しくて	하하하、그런 건 어려워서
う～ん、わからないなぁ。	으음、모르겠는데。
あ・・・それはダメダメ。	아・・・그건 안 돼 안 돼。
あれ、じゃあ前に食べてて	어라、그럼 전에 먹고 있어서
もう、しょうがないなぁ。	정말、어쩔 수 없네。
また気軽に遊びに来てね。	또 편하게 놀러 와。
今日はもう遅いですから、	오늘은 이미 늦었으니까、
古本のことがバレてから、	헌책 일이 들통난 뒤로、
自分の身は自分で守れと？	제 몸은 스스로 지키라고？
俺は、君に欠陥があるとは	난 자네에게 결함이 있다곤
いや、アンタは本物だよ。	아니、당신은 진짜야。
もう準備してるでやんす。	이미 준비하고 있습죠。
オイラが直しておいたよ！	내가 고쳐뒀어！
・・・・・・・あなたが？	・・・・・・・당신이？
・・・うむ、がんばろう。	・・・음、힘내자。
その償いというのが、俺や	그 속죄란 게 나나
あの子供にもよろしくな。	그 아이한테도 안부 전해라。
そうか、それはよかった。	그렇군、그거 다행이다。
・・・まったく、どうして	・・・정말 어째서
いや、オレ、公演のことで	아니、난 공연 일로
話を聞いてやってきたよ。	얘기를 듣고 찾아왔어。
うわぁ、ついに野次馬まで	우와、결국 구경꾼까지
よぉ～し、がんばろうな。	좋아～、힘내자。
そんなのじゃダメでしょ。	그런 걸로는 안 되잖아。
君が悪いわけじゃないさ。	자네가 나쁜 게 아니야。
それは、やめてくんない？	그건 그만해 주지 않을래？
（誰だろう、この人は？）	（누굴까 이 사람은？）
へへへ～、すごいでしょ。	헤헤헤～、대단하지。
じゃあ、違うのは名前だけ	그럼 다른 건 이름뿐
いや、普通より速かったり	아니、보통보다 빠르거나
はい、そうですけど・・・	네、그렇습니다만・・・
いや・・・紅白試合でね。	아니・・・청백전에서 말이야。
おごる平家は久しからず。	교만한 자는 오래가지 못한다。
ちょっと、やめてよ・・・	잠깐、그만해・・・
（なんだコイツは・・・）	（뭐야 이놈은・・・）
・・・・何、そのポーズ？	・・・・뭐야 그 포즈？
（頭が痛くなってきた。）	（머리가 아파오는군。）
そりゃそうだけど・・・・	그야 그렇지만・・・・
白か黒か、ってことだな。	흑이냐 백이냐 그거군。
ウチで雇ってあげられれば	우리가 고용해 줄 수 있으면
だって、母ちゃんはいつも	그야 엄마는 늘
・・・ダメよ、そんなの。	・・・안 돼 그런 건。
・・・ちぇー、でやんす。	・・・칫、입죠。
・・・微妙な金額ですな。	・・・미묘한 금액이군요。
あたしは絶対に反対です。	난 절대 반대예요。
・・・ああ、そうだよな。	・・・아、그렇지。
ああ、もう納得したから。	아、이미 납득했으니까。
（地上で腕を回しながら、	（지상에서 팔을 돌리며、
ははあ、おそらくこっちが	하아、아마 이쪽이
あ、やる気はあるんだよ。	아、의욕은 있다고。
ここが目的地なんですか？	여기가 목적지인가요？
母ちゃん、お腹すいた～！	엄마、배고파～！
母ちゃんはカレー以外でも	엄마는 카레 말고도
母ちゃん、行ってきます！	엄마、다녀오겠습니다！
じゃあね、旅ガラスさん。	그럼 안녕 떠돌이 아저씨。
じゃあ、キャプテンとして	그럼 주장으로서
・・・男らしくないねぇ。	・・・남자답지 못하네。
ふーん、割と多いんだな。	흐음、꽤 많구나。
いや、こちらこそ頼むよ。	아니、이쪽이야말로 부탁해。
えっ、いったい誰ですか？	엇、대체 누구세요？
あたしはいいけどさ・・・	난 괜찮지만・・・
そうか、それは残念だな。	그렇군、그거 아쉽군。
とっく何回か試してるよ。	진작에 몇 번 시도했어。
人間あきらめが肝心だよ。	사람은 포기가 중요한 거야。
あれはバーチャルゲームの	그건 가상 게임의
それにしても９歳だって？	그건 그렇고 ９살이라고？
どうしてそんなものが？！	어째서 그런 게？！
おう、野球やってんのなら	오、야구 하는 거면
旅から旅への旅ガラスだ！	떠돌고 떠도는 떠돌이다！
いや「アルプス星人」だ。	아니 「알프스 별사람」이다。
みんなそう言うでやんす。	다들 그렇게 말합죠。
お礼に、なんでも願い事を	답례로 뭐든 소원을
とにかく、他言無用だぞ！	아무튼 발설 금지다！
ところで、ここではいつも	그런데 여기선 늘
そんな事情があったのか。	그런 사정이 있었나。
あー、それはいかんね～。	아、그건 안 되지～。
自分のにおいは、自分じゃ	자기 냄새는 자기가
遠慮しなくてもいいのに。	사양 안 해도 되는데。
きっと魚も迷惑でやんす。	분명 물고기도 민폐입죠。
・・・・・・何してるの？	・・・・・・뭐 하고 있어？
今日から夏祭りでやんす！	오늘부터 여름 축제입죠！
おっと、勘違いするなよ。	이런、착각하지 마라。
へえ、結構楽しそうだな。	흠、꽤 즐거워 보이네。
そうだな、やってみるか。	그래、해볼까。
まだ花火があるでやんす。	아직 불꽃이 있습죠。
祭は、派手にやらなきゃ！	축제는 화려하게 해야지！
たしかにお客さんの反応は	확실히 손님 반응은
イベントが面白かったから	이벤트가 재밌었으니까
・・・もう、そのときには	・・・이미 그땐
・・・いいんじゃねえか？	・・・괜찮지 않냐？
まあ、そりゃあバレるか。	뭐、그야 들통나겠지。
おれ、今からそこの公園で	나 지금부터 저기 공원에서
ああ、それなら大丈夫だ。	아、그거라면 괜찮다。
ははは、それは無理だろ。	하하하、그건 무리지。
じゃ、誰が本書くんだよ？	그럼 누가 대본 쓰는데？
けど、誰が演出やるんだ？	근데 누가 연출을 해？
なあ、最近どうしたんだ？	저기、요즘 무슨 일 있어？
ああ・・・そうだったな。	아・・・그랬었지。
そうじゃなくて、どうして	그게 아니라 어째서
ははは、性分なんですよ。	하하하、천성이라서요。
・・・うさんくさいわね。	・・・수상쩍네。
ええ、とっても迷惑です。	네、아주 민폐입니다。
・・・ああ、知ってるよ。	・・・아、알고 있어。
いつから職を変えたんだ？	언제부터 직업을 바꾼 거야？
・・・だから、何なんだ。	・・・그러니까 뭐냐고。
この部屋のクーラー・・・	이 방 에어컨・・・
働きすぎなんじゃないか？	너무 일하는 거 아냐？
おおっ、すごいでやんす！	오옷、대단합죠！
・・・ああ、大人気だな。	・・・아、대인기군。
おとなしく、君の本拠地に	얌전히 네 본거지로
おおっ、正義の味方カニ？	오옷、정의의 사도냐 게？
こっちも楽しかったカニ。	이쪽도 즐거웠다 게。
なんだかわからないけど、	뭔지 모르겠지만、
ムチャをする人だね・・・	무모한 사람이네・・・
そうか、しかたがないな。	그렇군、어쩔 수 없군。
へえ、それはすごい・・・	흠、그거 대단한데・・・
な、何緊張してるんだよ。	뭐、뭘 긴장하는 거야。
演出として、一言どうぞ。	연출로서 한마디 하시죠。
（パチパチパチパチ！！）	（짝짝짝짝！！）
うかうかしてると、おれが	방심하고 있으면 내가
ああ、ありうるかもなぁ。	아、있을 법도 하네。
そうか、その程度なのか。	그렇군、그 정도인가。
よーし、一匹つかまえた！	좋아、한 마리 잡았다！
結局、俺の出番なしかよ。	결국 내 차례는 없는 거냐。
うわああああああああ！？	우와아아아아아아！？
今日は、わたしの得意料理	오늘은 내 특기 요리
へえ、それは楽しみだな。	흠、그거 기대되는군。
馬鹿なこと言ってないで！	바보 같은 소리 말고！
じゃあ、しばらくここから	그럼 당분간 여기서
ああん、バレちゃった～。	아앙、들켜버렸네～。
みんな、焼けちまったよ。	전부 타버렸어。
でも小屋が焼けちまったら	근데 오두막이 타버리면
・・・・・・いいだろう。	・・・・・・좋다。
・・・ある日、謎の人物が	・・・어느 날 수수께끼 인물이
・・・ああ、なるほどな。	・・・아、과연 그렇군。
今日は奮発してみたんだ。	오늘은 큰맘 먹고 질렀어。
そんなことをしていたら、	그런 짓을 하고 있으면、
しっかり汗を落とすのよ。	땀은 제대로 씻어내는 거야。
だから、居候ってことね。	그러니까 얹혀산다는 거네。
あ、ダメだよ、帰っちゃ！	아、안 돼 가면！
・・・ごちそう様でした。	・・・잘 먹었습니다。
たまたま通りがかったら、	우연히 지나가다가、
この商店街の野球チームが	이 상점가 야구팀이
この商店街の野球チーム、	이 상점가 야구팀、
この商店街の会長さんって	이 상점가 회장님은
おいおい、会長さんよぉ～	이봐요、회장님～
ああ・・・まあ、いいか。	아・・・뭐 됐다。
・・・役に立ちそうかね？	・・・쓸모가 있을 것 같나？
ああ、そりゃあもちろん。	아、그야 물론이지。
それは、また急な話だな。	그거 참 갑작스러운 얘기군。
じゃ、言う事聞きなさい。	그럼 말 좀 들어。
おーい、俺を無視すんな！	어이、날 무시하지 마！
やっぱり帰っていないか。	역시 안 돌아왔나。
そんな日が来るのかな～。	그런 날이 올까～。
そうさせてもらおうかな。	그렇게 할까。
続編は「足型おじさん」。	속편은 「발자국 아저씨」。
携帯代を払う金があるなら	휴대폰비 낼 돈이 있으면
そういう事にしておくよ。	그런 걸로 해두지。
性教育！性犯罪について！	성교육！성범죄에 대하여！
サーカスにでも出るのか？	서커스에라도 나가는 거야？
もっと誉めてご主人さま～	더 칭찬해 주세요 주인님～
ドス黒い愛情って何だよ！	시커먼 애정이 뭐야！
そう言っても来るでしょ？	그렇게 말해도 올 거잖아？
いいえ、何にもないですよ	아뇨、아무것도 없어요
・・・・・・・別にいい。	・・・・・・・딱히 됐어。
寝てる時も起きてる時も、	잘 때도 깨어 있을 때도、
なんで俺に尋ねるんだよ！	왜 나한테 묻는 거야！
俺はお前の力になれるか？	내가 네 힘이 될 수 있을까？
とりあえずお礼にボ～クと	일단 답례로 나～랑
あと草とかも入れたけど。	그리고 풀 같은 것도 넣었는데。
持ってたら両手が塞がる。	들고 있으면 양손이 막혀。
なんで目を閉じてるのさ。	왜 눈을 감고 있는 거야。
ああ、もちろん好きだよ。	아、물론 좋아해。
うわあ！本当に言ったよ！	우와！정말 말했어！
そうじゃないと・・・・・	그렇지 않으면・・・・・
何にもしてないピエロ～。	아무것도 안 했어 삐에로～。
ちょ、ちょっと落ち着け。	자、잠깐 진정해。
それじゃあ、貴方がここの	그럼 당신이 여기의
いや、何も言ってないよ。	아니、아무 말도 안 했어。
さあ、男らしく言ったぞ。	자、남자답게 말했다。
まあ、確かにいらないな。	뭐、확실히 필요 없군。
お前だから疑ってるんだ！	너니까 의심하는 거야！
コーンクリームコロッケ。	콘크림 고로케。
そりゃ、怒るでしょうね。	그야 화나겠죠。
なんかの必殺技みたいだ。	무슨 필살기 같군。
タマゴサンド・・・・・。	계란샌드위치・・・・・。
お前はやけ食い気味のあの	넌 폭식하는 듯한 그
本当に連れていくからな。	진짜로 데려간다。
ここまで運んで来たのに、	여기까지 옮겨 왔는데、
尋ねられても知らないよ。	물어봐도 몰라。
それは何をしているんだ？	그건 뭘 하고 있는 거야？
だから何を言ってるんだ？	그러니까 무슨 소리야？
もっとメイドさんを愛でて	메이드를 더 예뻐해 주세요
いいね。じゃあ、コロッケ	좋네。그럼 고로케
３００個おぉぉぉぉぉお！	３００개에에에에에！
それどこのコロッケ星人？	그거 어디 고로케 별사람？
大人だねって言ってるの。	어른스럽다고 말하는 거야。
わかってる・・・・・・。	알고 있어・・・・・・。
（なんちゅう物を食って、	（뭘 그런 걸 먹고、
特殊能力って・・・・・。	특수 능력이라니・・・・・。
スパイかよ・・・・・・。	스파이냐・・・・・・。
歯医者は大人だって嫌い。	치과는 어른도 싫어해。
甘えっぷりは知らないが、	응석 부리는 건 모르겠지만、
はあ～。気持ちいいなあ。	하아～。기분 좋네。
そんな事はどうでもいい。	그런 건 아무래도 좋아。
食べさせて・・・・・・。	먹여줘・・・・・・。
お前もって言ってたけど、	너도라고 했지만、
さっきまで青の表紙の本を	아까까지 파란 표지 책을
あれ、それってさっきまで	어라、그거 아까까지
いや、まあ、そうだけど。	아니、뭐 그렇긴 한데。
感情なんか二の次だった。	감정 같은 건 뒷전이었다。
今はお腹いっぱいだから、	지금은 배부르니까、
ちょっと待ったああああ！	잠깐만 기다려어어어！
大丈夫。今日から頑張る。	괜찮아。오늘부터 힘낼게。
殿！お金がありませんぞ！	주군！돈이 없습니다！
でも、いいんじゃないの。	근데 괜찮지 않아？
そろそろ仕事に戻らないと	슬슬 일하러 돌아가야
こんな商店街の真ん中で、	이런 상점가 한복판에서、
貴方はこの店に入れるよ。	당신은 이 가게에 들어올 수 있어。
この間、貴方が帰った後に	지난번에 당신이 간 뒤에
いいじゃないですかあ～！	괜찮잖아요오～！
今日は私の誕生日で～す。	오늘은 제 생일이에요～。
もらえるわけないじゃん。	받을 수 있을 리 없잖아。
もしかして・・・・・・。	혹시・・・・・・。
それだけで・・・・・・。	그것만으로・・・・・・。
でも、なんでここなんだ？	근데 왜 여기인 거야？
そんなの誰が決めたんだ？	그런 걸 누가 정했어？
（たぶん、アイツじゃあ、	（아마 그놈으로는、
そ、そのお、じゅ、じゅ、	그、그러니까 주、주、
そんなのもちろんですわ！	그야 물론이죠！
じゃあ、少しの間ですが、	그럼 잠시 동안이지만、
どうせお金無いんでしょ？	어차피 돈 없잖아？
いらしゃいませ！ご主人様	어서 오세요！주인님
ちゃんと供養してくれっ！	제대로 공양해 줘！
ど、どうぞ・・・・・・。	드、드세요・・・・・・。
レベルたけええぇぇぇぇ！	레벨 높다아아아아！
うん・・・・・・頑張る。	응・・・・・・힘낼게。
何を行ってるんだお前は？	뭘 하고 있는 거냐 너는？
ここはリアルワールドだ。	여긴 리얼 월드다。
あの男、アレを食べたぞ。	저 남자 저걸 먹었다。
１０月のビッグイベント？	１０월의 빅 이벤트？
誰もが同じ道を指差すの。	누구나 같은 길을 가리켜。
そんなの無視すればいい。	그런 건 무시하면 돼。
いらっしゃいませ。お嬢様	어서 오세요。아가씨
いや、謝らなくていいよ。	아니、사과 안 해도 돼。
いえいえ、これが私の仕ご	아뇨아뇨、이게 제 일이라
コーヒーかあ・・・・・。	커피인가・・・・・。
はい、そうです。ご主人様	네、맞습니다。주인님
はい！まだ大丈夫ですよ！	네！아직 괜찮아요！
いや、それだけでいいが。	아니、그것만으로 됐는데。
あの、その・・・・・・。	저기、그게・・・・・・。
これは俺の持ち物なの！！	이건 내 소지품이라고！！
逃げ場があったら甘える。	도망칠 곳이 있으면 기댄다。
そ、そんな・・・・・・。	그、그런・・・・・・。
それが年内に延期された。	그게 연내로 연기됐다。
今日は、楽しかったなぁ。	오늘은 즐거웠어。
ふう、びっくりしたなぁ。	후우、깜짝 놀랐네。
うーん、ここまで来たのは	으음、여기까지 온 건
まだ、少し残ってるよね？	아직 조금 남았지？
いや、もう公園でいいよ。	아니、그냥 공원이면 돼。
そう思っているようでは、	그렇게 생각해서는、
（野球の練習をしました）	（야구 연습을 했다）
それで、さっきの続きだけ	그래서 아까 이어서 말인데
それも気になりますけど、	그것도 신경 쓰이지만、
・・・そんな事があって、	・・・그런 일이 있어서、
お嬢様からの電話ですか？	아가씨한테서 온 전화인가요？
うん、すっごいよかった。	응、엄청 좋았어。
でも、面白くなかったね。	근데 재미없었지。
なんかいろいろ言われたけ	뭔가 이것저것 들었지만
そういう事じゃないんだ。	그런 게 아니야。
では、これはどうですか？	그럼 이건 어떤가요？
いつもなら、そうですな。	평소라면 그렇지요。
・・・・・そうムシャ。	・・・・・그래 우걱。
結婚前の女性としては、	결혼 전 여성으로서는、
前にバイトしたところで	전에 알바했던 데서
もう、なに言ってるの？	정말、무슨 소리야？
とりあえず、この部屋で	일단 이 방에서
さてと、これで完了だ。	자、이걸로 완료다。
おかしいでやんすねぇ。	이상합죠。
・・・そういえば、以前	・・・그러고 보니 예전에
ああっ、いつのまに？！	아앗、어느새？！
ああ、暴力はだめだな。	아、폭력은 안 되지。
最後にセーブした所か、	마지막에 저장한 데나、
・・・それは付け合せ。	・・・그건 곁들이야。
さて、どうしようかな？	자、어떻게 할까？
そうなんですか・・・・	그런가요・・・・
はい、なんでしょうか？	네、무슨 일이신가요？
ああ、こりゃひどいな。	아、이거 심하군。
・・・いえ、初耳です。	・・・아뇨 처음 듣습니다。
エキスパートだからね。	전문가니까。
（・・・必死で遊んで、	（・・・필사적으로 놀고、
・・・・・・怖かった。	・・・・・・무서웠어。
ケガはないようですね。	다치진 않으신 것 같네요。
うわ、大きいでやんす！	우와、큽죠！
・・・・・・そうだな。	・・・・・・그렇군。
きっ、きゃああああ！？	꺄、꺄아아아아！？
・・・君の親のことか。	・・・네 부모 얘긴가。
ああ、いやこれは失敬。	아、아니 이거 실례했소。
ああ、それなら３つほど	아、그거라면 ３개 정도
はいはい、なにかしら？	네네、무슨 일이죠？
じゃあ、この商店街にも	그럼 이 상점가에도
うわ、やめるでやんす！	우와、그만둡죠！
大丈夫、大丈夫だから。	괜찮아、괜찮으니까。
そうねぇ、いっそのこと	글쎄、차라리
だから、逮捕された人は	그러니까 체포된 사람은
おい、ケンカはやめろ！	야、싸움은 그만둬！
ふふふ、商店街の人間は	후후후、상점가 인간은
・・・軽い冗談だから、	・・・가벼운 농담이니까、
（ペラペラペラ・・・）	（조잘조잘조잘・・・）
うん・・・そうだよね。	응・・・그렇지。
それだって十分に広い！	그것도 충분히 넓어！
・・・・・・よくない。	・・・・・・안 좋아。
・・・むっ、犬の霊だ。	・・・음、개의 영이다。
ああ、それなら大丈夫。	아、그거라면 괜찮아。
君はなんて名前だっけ。	넌 이름이 뭐였더라。
資産運用の相談である。	자산 운용 상담이다。
（ざわざわざわ・・・）	（웅성웅성웅성・・・）
おお、それはすげえや！	오오、그거 대단한데！
それでいいんですか？！	그걸로 괜찮은가요？！
なるほど、前向きだな。	과연、긍정적이군。
・・・いきなり悲観か。	・・・갑자기 비관인가。
二人とも知り合いなの？	둘 다 아는 사이야？
まあ、監督も主力選手も	뭐、감독도 주력 선수도
・・・うん、いい日だ。	・・・응、좋은 날이야。
すがすがしい朝だなぁ。	상쾌한 아침이군。
さて、釣りでもするか。	자、낚시나 할까。
いくらなんでも、それは	아무리 그래도 그건
わかった、そうするよ。	알았어、그렇게 할게。
・・・ところであんた、	・・・그런데 당신、
若いうちはいいんだよ、	젊을 땐 괜찮은 거야、
（本当に大丈夫かな？）	（정말 괜찮을까？）
おいおい、落とすなよ。	이봐、떨어뜨리지 마。
しかし、その薬は本当に	근데 그 약은 정말
ああ、これはひどいな。	아、이건 심하군。
オイラたちでこっそりと	우리끼리 몰래
この時間帯、母ちゃんは	이 시간대에 엄마는
それで、オイラちょっと	그래서 난 좀
よし、そのままロープを	좋아、그대로 밧줄을
テント完成でやんすね。	텐트 완성입죠。
しばらく滞在することに	당분간 머물기로
（今度あいつにエサでも	（다음에 저놈한테 먹이라도
おじさんも、この河原に	아저씨도 이 강가에
だって生意気だし・・・	그야 건방지고・・・
ああ、それじゃ頼むよ。	아、그럼 부탁할게。
それで、どうなんだね？	그래서 어떤가？
いや、そうじゃなくて。	아니、그게 아니라。
・・・今のは冗談です。	・・・방금 건 농담입니다。
ありました、会長さん。	있었어요 회장님。
うん、そうだけど・・・	응、그렇긴 한데・・・
・・・難儀な性格だな。	・・・까다로운 성격이군。
（怪我してしまった！）	（다치고 말았다！）
ところで、この商店街に	그런데 이 상점가에
さあ、記憶にないなぁ。	글쎄、기억에 없는데。
それで、その抜け穴は？	그래서 그 빠져나갈 구멍은？
３人もいたなんて・・・	３명이나 있었다니・・・
あ～・・・腹減ったな。	아・・・배고프네。
・・・い～けないんだ。	・・・안 되는 거야。
へぇ～～、そうなんだ。	흐음～、그렇구나。
じゃ、あたし帰るわね。	그럼 난 갈게。
（ムシャムシャ・・・）	（우걱우걱・・・）
あなたも、こんな場所に	당신도 이런 곳에
・・・・・・わかった。	・・・・・・알았어。
兄貴、何してるんだよ？	형님、뭐 하는 거예요？
ああ、やっぱりそうか。	아、역시 그런가。
寺で勉強したんですよ。	절에서 공부했어요。
その寺での生活のほうが	그 절에서의 생활이
ええ・・・そうですね。	네・・・그렇네요。
こら、勝手に決めるな！	야、멋대로 정하지 마！
うん、わかってるって。	응、안다니까。
えっ、告白だったのか？	엇、고백이었던 거야？
おじちゃん、そろそろ！	아저씨、슬슬요！
ああ、帰ってくるのか？	아、돌아오는 거야？
ぜんぜん届かないわね。	전혀 안 닿네。
ぎくっ！でやんす・・・	뜨끔！입죠・・・
ほう、驚かないのだな。	호오、안 놀라는군。
・・・成仏するためだ。	・・・성불하기 위해서다。
このまま行くつもりか？	이대로 갈 셈인가？
彼は親戚が多いからね。	그 친구는 친척이 많으니까。
故郷がないっていうのは	고향이 없다는 건
全然おもしろくないけど	전혀 재미없지만
もう少しで満タンだろ。	조금만 더면 가득이잖아。
なるほど、気を抜かずに	과연、방심하지 말고
おい、どうするんだよ。	야、어쩔 거야。
あんた、いつ来たのよ。	당신 언제 왔어。
要領はわかってくれた？	요령은 이해했어？
途中で逃げ出すなんて、	도중에 도망치다니、
行くって・・・どこに？	간다니・・・어디로？
じゃあ、がんばってね！	그럼 힘내！
ああ、あんたはこの前の	아、당신은 지난번의
（・・・変な奴だな。）	（・・・이상한 놈이군。）
（もう３時だよ・・・）	（벌써 ３시야・・・）
まだ並ぶんでやんすか？	아직 줄 서는 겁죠？
まあ、しょうがないさ。	뭐、어쩔 수 없지。
ああ、遊園地の関係者か	아、놀이공원 관계자인가
駅前からスーパーまでの	역 앞에서 마트까지의
オイラも賛成でやんす。	나도 찬성입죠。
・・・勝てなかったか。	・・・못 이겼나。
今日も試合で大活躍で、	오늘도 시합에서 대활약해서、
裏切り者など、おらん。	배신자 따위 없다。
えっと、先の２人の分も	그러니까 앞의 ２명 것도
（ギュギュギュギュ！）	（끼익끼익끼익！）
てめえで選んだ結末さ。	네가 고른 결말이야。
（そうよ、私も・・・）	（맞아、나도・・・）
ああ、助けてくれー！！	아아、살려줘～！！
・・・面目ありません。	・・・면목 없습니다。
だけど、これまでタダで	근데 여태 공짜로
いや、それでいいんだ。	아니、그걸로 된 거야。
・・・・・・なるほど？	・・・・・・과연？
へっ、ちょうどいいや。	헷、마침 잘됐네。
今日の練習を始めるよ！	오늘 연습을 시작한다！
あら、普通の人だったら	어머、보통 사람이었으면
わかったよ、母ちゃん。	알았어 엄마。
そ、そうですか・・・。	그、그런가요・・・。
ああ、釣りをしてる人？	아、낚시하는 사람？
（まだ商店街の人々から	（아직 상점가 사람들한테서
母ちゃん、ただいま～！	엄마、다녀왔어～！
ちょ、ちょっと待てよ。	자、잠깐 기다려。
おめでとう、３等だよ。	축하해、３등이야。
福引きをやってみたら、	복권을 해봤더니、
しょうがない人だなぁ。	어쩔 수 없는 사람이네。
へえ、がんばってるね。	흠、열심히 하네。
そうか、そうだったな。	그렇군、그랬었지。
ああ、今日もいい天気！	아、오늘도 좋은 날씨！
もう、もっと喜んでよ。	정말、좀 더 기뻐해 줘。
あ、そこの人あぶない！	아、거기 사람 위험해！
・・・ナイスキャッチ。	・・・나이스 캐치。
・・・飛び入り参加か。	・・・즉석 참가인가。
あれ、お前知らないの？	어라、너 모르는 거야？
・・・うちのカレーね。	・・・우리 카레 말이야。
さてと、オレも帰るか。	자、나도 돌아갈까。
それに公演延期のせいで	게다가 공연 연기 탓에
・・・しかし、あの子は	・・・근데 그 애는
・・・お話は署の方で、	・・・얘기는 서에서、
アンタがいなくなると、	당신이 없어지면、
また、来てくれるよね？	또 와줄 거지？
部屋の前で何してるの？	방 앞에서 뭐 해？
あれ、いつ帰ったんだ。	어라、언제 돌아온 거야。
（・・・怒ってるな。）	（・・・화났군。）
（・・・居候だしな。）	（・・・얹혀사는 처지고。）
あ、ああ・・・それね。	아、아아・・・그거 말이지。
何って、おみくじだよ。	뭐긴、운세 뽑기야。
よし、それじゃ帰るか。	좋아、그럼 돌아갈까。
（ぱちぱちぱち・・・）	（짝짝짝・・・）
そこで、相乗効果だよ。	거기서 상승효과인 거야。
おい、何言ってんだよ。	야、무슨 소리야。
本当だ、それで行こう。	정말이네、그걸로 가자。
それじゃ、まとまるのに	그럼 정리되는 데
あれ、どうかしたのか？	어라、무슨 일 있어？
はい、急いで帰ります。	네、서둘러 돌아갈게요。
・・・・・・んでるの。	・・・・・・하고 있어。
なんだ、そんなことか。	뭐야 그런 거였나。
いや、だとしても・・・	아니、그렇다 해도・・・
いや、ちょっと待った。	아니、잠깐만。
ええと、定職を持ってて	그러니까 정규직이 있고
今日こそは、はっきりと	오늘이야말로 확실히
・・・とにかく、あまり	・・・아무튼 너무
では、我が力が必要と？	그럼 내 힘이 필요하다고？
（これはへたをすると、	（이거 잘못하면、
おれんちでゲームする？	우리 집에서 게임할래？
おい、行くんじゃない！	야、가지 마！
コロッケ美味しかった？	고로케 맛있었어？
そうか、そうか・・・。	그렇군、그래・・・。
・・・ちょっと中の子、	・・・잠깐 안에 있는 애、
ちょっと服ゆるめるよ。	옷 좀 느슨하게 할게。
まあ、事情はわかったが	뭐、사정은 알겠지만
ほら、大騒ぎでしょう？	봐、난리잖아요？
・・・結局、やるんだ。	・・・결국 하는구나。
野球をやる気はないか？	야구를 할 생각은 없나？
おお、すごいでやんす！	오오、대단합죠！
やっぱり人間以外の奴が	역시 인간 아닌 놈이
公演まであと三日だぜ。	공연까지 앞으로 ３일이야。
じゃあ、どうするんだ！	그럼 어쩔 건데！
確かに、ここの店からは	확실히 여기 가게에선
フフフ、そうでやんす！	후후후、그렇습죠！
じゃあ、予約でやんす！	그럼 예약입죠！
ああ、予約はだめだよ。	아、예약은 안 돼。
まあ、それでもいっぱい	뭐、그래도 잔뜩
ただいま参上しました、	방금 도착했습니다、
ああ、そりゃ大変だね。	아、그거 큰일이네。
ええーっ、どうして？！	에엣、어째서？！
ちぇっ、つまんないな。	칫、재미없네。
これでよかったのかな？	이걸로 괜찮았을까？
ちょっと待つでやんす！	잠깐 기다립죠！
じゃあ、持って帰るか？	그럼 가져갈까？
（・・・その夜・・・）	（・・・그날 밤・・・）
まだそんなにいるのか？	아직 그렇게나 있는 거야？
さあて、どうだろうね？	자、글쎄 어떨까？
・・・暴れまくってる。	・・・마구 날뛰고 있어。
あああああああ・・・・	아아아아아아・・・・
あんたの向いてる方向が	당신이 향한 방향이
な、なに、かすり傷だ。	뭐、뭘 스친 상처다。
・・・そんなことぐらい	・・・그런 것쯤은
何やってるの二人とも！	뭐 하는 거야 둘 다！
はは、車よけようとして	하하、차를 피하려다
ああ、絶対うまくいく。	아、분명 잘될 거야。
ちぇっ、これまで上手に	칫、여태 잘
みんな無事だったんだ。	다들 무사했구나。
あやしいでやんす・・・	수상합죠・・・
いったい、どうしたの？	대체 무슨 일이야？
このスイッチを押せば、	이 스위치를 누르면、
あれ、豪華じゃないか。	어라、호화롭잖아。
もう、あわてちゃって。	정말、허둥대기는。
ふぅ、いいお湯だった。	후우、좋은 물이었어。
いや、違うんでやんす！	아니、아닙죠！
草野球の試合に元プロ？	동네야구 시합에 전직 프로？
まかせて、おじちゃん！	맡겨줘요 아저씨！
いや、しかしだね・・・	아니、하지만 말이지・・・
よし、じゃあ決まりだ！	좋아、그럼 결정이다！
おい、なんだよお前は？	야、뭐야 너는？
・・・ちっ、帰んなよ。	・・・칫、가지 마。
バカ、泣くんじゃない！	바보、울지 마！
ピエロのデバッグピエロ	삐에로의 디버그 삐에로
シャキシャキ歩いたら？	씩씩하게 걸으면 어때？
好きな物を食べていい。	좋아하는 걸 먹어도 돼。
（鼻に電池を入れた事を	（코에 건전지를 넣은 걸
いいや、俺じゃないぞ。	아니、난 아니다。
なかなか、おもしろい。	제법 재밌군。
おもしろい以前に怖い。	재밌기 이전에 무섭다。
どんどん来ていいよ～！	얼마든지 와도 돼～！
きゃあって・・・・・。	꺄악이라니・・・・・。
あのさ・・・・・・・。	저기・・・・・・・。
じゃあ、これをお願い。	그럼 이걸 부탁해。
ひどいわ！ひどすぎるわ	너무해！너무하잖아
犯人扱いかよ・・・・。	범인 취급이냐・・・・。
もう戻れないんだよ～。	이젠 돌아갈 수 없어～。
さっきからその言い方、	아까부터 그 말투、
じゃあ、行って来るよ。	그럼 다녀올게。
諦めないとダメだった。	포기해야만 했다。
ご主人様、これをどうぞ	주인님、이걸 받으세요
・・・・・・・なんだ？	・・・・・・・뭐야？
カッコイイじゃなくて？	멋있다가 아니고？
やっぱり逃げやがった。	역시 도망쳤군。
そんな物を勝手に入れる	그런 걸 멋대로 넣는
お前が言うな・・・・・	네가 할 말은 아니지・・・
臨機応変に対応します。	임기응변으로 대응합니다。
なんとも思わないかな。	아무렇지도 않은데。
ついでにコレもあげる。	덤으로 이것도 줄게。
うわああああああああ！	우와아아아아아아아！
ん～！いい天気だなあ！	음～！좋은 날씨네！
ギリギリ間に合ったね。	아슬아슬하게 맞췄네。
仕方がないから、そんな	어쩔 수 없으니까 그런
今日は文化の日ですよ！	오늘은 문화의 날이에요！
ジュースの真中ぐらい？	주스의 한가운데쯤？
なんで疑問系なんだよ。	왜 의문형인 거야。
大丈夫。気にしないで。	괜찮아。신경 쓰지 마。
ああ、ネットカフェだ。	아、넷카페다。
そんな事を言われても、	그런 말을 들어도、
う～ん。だけどなあ～。	으음。그래도 말이야～。
じゃあ、買ってあげる。	그럼 사줄게。
連絡が取りにくいなら、	연락이 어렵다면、
手伝う事はできないが、	도울 수는 없지만、
いつも・・・・ごめん。	늘・・・・미안해。
気にしないでください。	신경 쓰지 마세요。
いいの早く持ってきて。	됐으니까 빨리 가져와。
お待たせしました！オス	오래 기다리셨습니다！오스
そんな先行きが真っ暗な	그런 앞날이 캄캄한
ああ、営業スマイルね。	아、영업 미소구나。
意味はわかるんだけど、	뜻은 알겠는데、
もう一回・・・・・・。	한 번 더・・・・・・。
お腹痛い・・・・・・。	배 아파・・・・・・。
今日は何の日フッフ～！	오늘은 무슨 날 훗훗～！
そんな事を訊くだなんて	그런 걸 묻다니
お前か！！やっぱり！！	너냐！！역시！！
今、起きてなかったか？	방금 깨어 있지 않았어？
それはさっき聞いたよ。	그건 아까 들었어。
それの何がアレなんだ？	그게 뭐가 그런 건데？
ありがとうございました	감사했습니다
痛いの嫌い・・・・・。	아픈 거 싫어・・・・・。
こ、子供だ・・・・・。	애、애다・・・・・。
せっかく外に出たのに、	모처럼 밖에 나왔는데、
もしかして・・・・・・	혹시・・・・・・
これ？またパソコンか？	이거？또 컴퓨터야？
どうしたのお兄ちゃん？	무슨 일이야 오빠？
ナナナ、ナンダッテー！	뭐뭐뭐、뭐라고오！
そんなわけないだろう。	그럴 리가 없잖아。
そうは思えないんだが。	그렇게는 안 보이는데。
えっ？ちょ、ちょっと！	엇？자、잠깐！
な、何がわかったんだ？	뭐、뭘 알았다는 거야？
俺の近くに変な顔した、	내 근처에 이상한 얼굴을 한、
いろいろな所って全国？	여러 곳이라면 전국？
本じゃ知る事ができない	책으론 알 수 없는
本当に野球をやったら、	정말로 야구를 하면、
はい。お待ちどうさま。	네。오래 기다리셨어요。
うわっ！こっち向くのも	우왓！이쪽 보는 것도
生きてく上で必要ない。	살아가는 데 필요 없어。
むしろ嬉しいんだけど、	오히려 기쁘지만、
ありがたくもらうから、	고맙게 받을 테니까、
で？読んでたんでしょ？	그래서？읽고 있었지？
コビトカバ・・・・・。	피그미하마・・・・・。
あ～あ、帰っちゃった。	아아、가버렸네。
この間、何をしてたの？	지난번에 뭐 하고 있었어？
そうだけど・・・・・。	그렇긴 한데・・・・・。
もう、本当に騒がしいね	정말 시끄럽네
それこそ知らないわよ。	그거야말로 모르지。
貴様、僕のプログラムが	네놈、내 프로그램이
今日は天皇誕生日だろ？	오늘은 국왕 탄생일이잖아？
じゃあ、何の日なんだ？	그럼 무슨 날인데？
この店の客とお前は全員	이 가게 손님과 넌 전원
だからお替わりをくれ。	그러니까 한 그릇 더 줘。
たぶん、そうだと思う。	아마 그럴 거라고 생각해。
お前の夢の話だけどさ。	네 꿈 얘기 말인데。
（タタタタタタタタ！）	（타타타타타타타！）
俺はその鎖を背負って、	난 그 사슬을 짊어지고、
テンチョーってなんだ！	점장이라니 뭐야！
あ、あのう・・・・・。	저、저기・・・・・。
ちょ、ちょっと落ち着け	자、잠깐 진정해
わけがわかんないよ～。	영문을 모르겠어～。
チッ！気付かれたかっ！	칫！들켰나！
本当に口が悪い店員だ。	정말 입 험한 점원이군。
どうしよう・・・・・。	어쩌지・・・・・。
何しようとしてんのよ！	뭘 하려는 거야！
この可愛さは反則だね。	이 귀여움은 반칙이네。
逃げられたとか言うな。	도망쳤다고 하지 마。
まあまあ、落ち着いて。	자자、진정하고。
な～んてね。冗談だよ。	그러엄。농담이야。
ううん。気のせいだよ。	아니。기분 탓이야。
（こ、怖い。怖すぎる！	（무、무섭다。너무 무서워！
じゃあ、いただきます。	그럼 잘 먹겠습니다。
楽しかった・・・・・。	즐거웠어・・・・・。
それじゃあ隣町にしか、	그럼 옆 동네에밖에、
いよいよ、もうすぐだね	드디어 곧이네
１０月の末だったかな。	１０월 말이었나。
ああ、捨てられたんだ。	아、버려졌던 거야。
俺は知った後と前では、	난 알기 전과 후로는、
ぬぐぐ・・・・・・・。	으윽・・・・・・・。
気にしない気にしない。	신경 쓰지 마 신경 쓰지 마。
固定客ゲット（ポソッ）	단골 확보（소곤）
ずっと何を考えてるの？	계속 무슨 생각 하는 거야？
は～い。わかりました。	네～。알겠습니다。
ああ、お拭きします～。	아、닦아 드릴게요～。
おい！人の話を聞けよ。	야！남의 말 좀 들어。
えっ？でも・・・・・。	엇？근데・・・・・。
そんなのいらないわよ！	그런 거 필요 없어！
だから私のそばに居て。	그러니까 내 곁에 있어줘。
トップに立つ為の資質？	정상에 서기 위한 자질？
じゃあ、またコーヒーを	그럼 또 커피를
それは・・・・・・・。	그건・・・・・・・。
どこに帰ろうとしてたの	어디로 돌아가려던 거야
今日は、楽しかったね。	오늘은 즐거웠어。
今日は、突然押しかけて	오늘은 갑자기 찾아와서
じゃあ、勉強にもなる。	그럼 공부도 되겠네。
ははは、そう言うなよ。	하하하、그러지 마。
えーと、畑じゃないぞ？	그러니까 밭이 아니라고？
これ、さっき返した弁当	이거 아까 돌려준 도시락
さすがに多かったかな。	아무래도 많았으려나。
えーと、この草ですか？	그러니까 이 풀인가요？
あの件に関わった者は、	그 건에 관여한 자는、
よーし、今日は歌うぞ。	좋아、오늘은 노래한다。
おお、いいのですかな？	오오、괜찮으신가요？
まだ、何もしてないよ。	아직 아무것도 안 했어。
お父さんは、お父さん。	아버지는 아버지야。
そんな事、気にしてたの	그런 걸 신경 쓰고 있었어
うん、さっぱりしすぎて	응、너무 개운해서
仕事が、休みの日だよ。	일이 쉬는 날이야。
まあ、いいんじゃない。	뭐、괜찮지 않아。
いや、普通足さないよ。	아니、보통 안 더해。
その必要はありません。	그럴 필요는 없습니다。
（さっきのは、たまたま	（아까 건 우연히
（・・・ふぅ～ん？）	（・・・흐음？）
（２人で、なんとなく	（둘이서 왠지 모르게
うわあああああ・・・	우와아아아아・・・
お前が帰るのが遅い。	네가 늦게 돌아온 거야。
次はあれとあれ乗る！	다음은 저거랑 저거 탈래！
じゃあ、行ってくる！	그럼 다녀올게！
へたくそでごめんね。	서툴러서 미안해。
あ、そういうつもりで	아、그런 뜻으로
ああ、そうでしたか。	아、그러셨군요。
・・・ああ、俺もだ。	・・・아、나도야。
ああ、それから伝言。	아、그리고 전언。
騒ぎが大きくなって、	소동이 커져서、
ははは、金がなくても	하하하、돈이 없어도
そういうものなのか？	그런 건가？
ほっぺた落ちるわよ！	볼이 떨어질 맛이야！
ああああああああ？！	아아아아아아아？！
もう、仕方無いわね。	정말 어쩔 수 없네。
・・・・・・冗談だ。	・・・・・・농담이다。
それでコロッケの君？	그래서 고로케 군？
いやいや、立派だよ。	아니아니、훌륭해。
（・・・なんだろう？	（・・・뭘까？
まあ、今日のところは	뭐、오늘은 이쯤에서
売上金の移動ですよ。	매출금 이동이에요。
そうそう、それそれ！	그래그래、그거그거！
あっ、おいおい・・・	앗、이봐・・・
母ちゃん、これこれ！	엄마、이거 이거！
ああ、すまないなぁ。	아、미안하군。
なるほど拳法ね・・・	과연 권법이군・・・
だって、むこうの方が	그야 저쪽이
わたしの方こそ・・・	나야말로・・・
そうか、すまないな。	그렇군、미안하다。
・・・わかったわよ。	・・・알았어。
さて、電話でも・・・	자、전화라도・・・
あれ、鳴り出したぞ。	어라、울리기 시작했다。
仕事、仕事か・・・。	일、일인가・・・。
いつもありがとうね。	늘 고마워。
いーや、それだけでは	아니、그것만으론
ふう～、疲れた・・・	후우～、피곤해・・・
・・・お前の背後に、	・・・네 뒤에、
なるほど、大変だな。	과연、힘들겠군。
その点にぬかりなし。	그 점엔 빈틈없다。
いささか、愚かなり。	다소 어리석도다。
おーい、みんな注目！	어이、다들 주목！
なんだか無為な日々が	왠지 무의미한 날들이
この姿になった時点で	이 모습이 된 시점에
いや、入ってないよ。	아니、안 들어 있어。
やった、ありがとう。	해냈다、고마워。
うん、がんばってね。	응、힘내。
でも、大丈夫ですか？	근데 괜찮으세요？
いや、そうじゃない。	아니、그게 아니야。
ああ、私もそう思う。	아、나도 그렇게 생각해。
（トゥルルル・・・）	（따르르르・・・）
ああ、聞こえてた？！	아、들렸어？！
・・・わかっている。	・・・알고 있다。
そうですねぇ・・・・	그렇네요・・・・
他の計画はないのか？	다른 계획은 없나？
くそ・・・あの男め。	젠장・・・그놈。
なら、試してみるか？	그럼 시험해 볼까？
まあ、仕方ないよな。	뭐、어쩔 수 없지。
よし、やってやるか！	좋아、해줄까！
あら、この物置・・・	어머、이 창고・・・
へええ、いつの間に？	흐음、어느새？
そのユニフォームは、	그 유니폼은、
その背番号は、この前	그 등번호는 지난번
なんて、ひどい話だ！	정말 심한 얘기군！
え、本当にするのか？	어、정말 하는 거야？
そうか、よかったな。	그렇군、잘됐다。
よーし、やるぞー！！	좋아、해보자～！！
・・・ごちそうさま。	・・・잘 먹었어。
お兄さん、お兄さん！	오빠、오빠！
そう、で・・・・・・	그래、그래서・・・・
じゃあ、オムライス。	그럼 오므라이스。
えっ、もう閉めるの？	엇、벌써 닫는 거야？
はい、探してきます。	네、찾아올게요。
・・・まあ、たしかに	・・・뭐 확실히
ワーイ、うれしいな、	와아、기쁘다、
もう、頭が固いなぁ。	정말 머리가 굳었네。
おおい、みんな注目！	어어이、다들 주목！
あ、来てくれたんだ。	아、와줬구나。
ごちそうさまでした。	잘 먹었습니다。
いててて・・・・・・	아야야야・・・・・・
よし、一眠りするか。	좋아、한숨 잘까。
あーあ、よく寝たな。	아아、잘 잤다。
夜中にお腹をすかせて	한밤중에 배가 고파서
いや、気にしますよ。	아니、신경 쓰이죠。
そんな理屈があるか。	그런 논리가 어딨어。
そんなものを返すな！	그런 걸 돌려주지 마！
わっ、びっくりした！	왓、깜짝 놀랐네！
いや、なんでもない！	아니、아무것도 아냐！
はい、これあげるわ。	자、이거 줄게。
はい、なんでしょう？	네、무슨 일이시죠？
それもないんですよ。	그것도 없어요。
そ、それはその・・・	그、그건 그게・・・
ハハハ、言っとくけど	하하하、말해두는데
へえぇ～、風流だね、	흐음～、운치 있네、
ああ、たぶんあの辺。	아、아마 저쯤。
そんなにあったのか。	그렇게나 있었나。
そうか、ありがとう。	그렇군、고마워。
へ～、そんなことも。	흠～、그런 것도。
・・・そうだよなぁ。	・・・그렇지。
・・・ああ、疲れた。	・・・아、피곤해。
よし、これからも時々	좋아、앞으로도 가끔
あの～、すみません。	저기～、실례합니다。
いきなり呼び捨てか？	갑자기 반말이냐？
あら、こっちのほうが	어머、이쪽이
じゃあ、そろそろ俺も	그럼 슬슬 나도
あら、差し上げようと	어머、드리려고
くそー、こうなったら	젠장、이렇게 된 이상
・・・ねえ、あたしが	・・・있잖아 내가
母ちゃん、おかえり。	엄마、어서 와。
こ、これはその・・・	이、이건 그게・・・
・・・冗談じゃない。	・・・농담이 아니다。
・・・・そのようだ。	・・・・그런 것 같군。
わたしなんか凶だよ。	난 흉이야。
そ、そうだったのか。	그、그랬던 건가。
あ、でもバナナ・・・	아、근데 바나나・・・
セリフはもう大丈夫？	대사는 이제 괜찮아？
（ペタ、ペタ、ペタ）	（철퍽、철퍽、철퍽）
・・・それ、わたし。	・・・그거 나야。
すごく面白かったよ。	엄청 재밌었어。
そろそろ始めようか。	슬슬 시작할까。
はい、おつかれさま。	네、수고했어요。
戻ってくるかな、その	돌아올까 그
いや、場所じゃなくて	아니、장소가 아니라
あ、最後に一つ質問！	아、마지막으로 하나 질문！
・・・増えてますね。	・・・늘었네요。
よし、虫退治開始だ！	좋아、벌레 퇴치 개시다！
たしかに強引だけど、	확실히 억지스럽지만、
なんだ、お前きちんと	뭐야 너 제대로
まあ、これくらいなら	뭐、이 정도면
えー、でも母ちゃんと	에、근데 엄마랑
あれ、順番を抜かして	어라、순서를 건너뛰고
あいつ、お菓子の箱を	저놈 과자 상자를
なんなんだ、あれは？	뭐야 저건？
へえ～、どんな風に？	흠～、어떤 식으로？
ほんとだ、懐かしい。	정말이네、그립다。
ハッハッハ、どうやら	하하하、아무래도
（そうよ、私も・・・	（맞아、나도・・・
いや、しかし・・・・	아니、하지만・・・・
ズバリ、我々の提案は	단도직입적으로 우리 제안은
（そうだ、そうだ！）	（맞아、맞아！）
さっきは居眠り・・・	아까는 졸고・・・
ははあ、なるほどね。	하아、과연 그렇군。
そうか、まいったな。	그렇군、난감하네。
もう、この子ったら。	정말 이 애도 참。
ちぇ、残念でやんす。	칫、아쉽습죠。
まあ、もともと気楽な	뭐、원래 마음 편한
妙といえば、あいつら	이상하다면 저것들
ああ、まかせてくれ。	아、맡겨줘。
おお、やってるなぁ。	오오、하고 있네。
それはね、希望だよ。	그건 말이야 희망이야。
へえ、そうなのかい？	흠、그런 거니？
キャッチボールなら、	캐치볼이라면、
よくぞ聞いてくれた！	잘 물어봐 줬다！
他に誰がいるんだよ。	달리 누가 있냐。
タ、タコのばけもの？	무、문어 괴물？
えっ、これ着ぐるみ？	엇、이거 인형탈？
またでやんすか・・・	또입죠・・・
なんだ、こいつらは？	뭐야 이놈들은？
ん、なんのことかな？	음、무슨 소리지？
この抜け穴、完全には	이 구멍 완전히는
・・・ええ、そうよ。	・・・응、맞아。
たしかどこかに・・・	분명 어딘가에・・・
な、なんでもないよ。	아、아무것도 아냐。
あ、川に飛び込んだ！	아、강에 뛰어들었다！
服は今洗濯中だから、	옷은 지금 세탁 중이니까、
本気で言ってるのか？	진심으로 말하는 거야？
・・・・・・朝日だ。	・・・・・・아침 해다。
おう、初日の出だぞ。	오、첫 일출이다。
一時的に閉めてきた。	일시적으로 닫고 왔다。
本当に、大変ですね。	정말 힘드시겠네요。
おい、スイエイマン！	야、수영맨！
ああ、信じられないが	아、믿기지 않지만
なあ、聞いてくれよ。	저기、들어줘。
うわああああああ？！	우와아아아아아？！
・・・あれでいいの？	・・・저걸로 괜찮아？
いよいよ明日か・・・	드디어 내일인가・・・
ああ、びっくりした。	아、깜짝 놀랐네。
ああ、よろしく頼む。	아、잘 부탁한다。
ああ、そういう話だ。	아、그런 얘기다。
お、おれ、やりてぇ！	나、나 하고 싶어！
・・・思い出したの。	・・・생각났어。
待て、冷静になろう！	잠깐、침착해지자！
はっきり言いますね。	확실히 말하시네요。
今のは、誰でやんす？	방금 건 누굽죠？
また来てくれたのね。	또 와줬구나。
あっ、ごめんなさい。	앗、죄송합니다。
今までありがとうね。	여태 고마웠어。
待て、あきらめるな！	기다려、포기하지 마！
あたしだって・・・・	나도・・・・
・・・知ってますよ。	・・・알고 있어요。
・・・それでも・・・	・・・그래도・・・
カァ～ニィ～～～～！	게에～에～～～！
（わいわいがやがや）	（왁자지껄）
あー、そこのカニ君。	아、거기 게 군。
この商店街を、お前達	이 상점가를 너희들
でも、ここでやめたら	근데 여기서 그만두면
いいかげんにしろよ、	적당히 좀 해라、
・・・・・・信じる？	・・・・・・믿어？
ここでやんすね・・・	여기입죠・・・
定価１５０円のこれが	정가 １５０엔인 이게
その通りでやんすね！	그 말대롭죠！
そんなもののために、	그런 걸 위해서、
ワハハハハ、こりゃあ	와하하하、이거 참
そうか、じゃあ・・・	그렇군、그럼・・・
・・・・ありがとう。	・・・・고마워。
よし、みんな行くぞ！	좋아、다들 가자！
みんな、大ニュース！	여러분、빅뉴스！
うお、すごいじゃん。	우오、대단하잖아。
しかし、大丈夫かね？	근데 괜찮을까？
ああ、道路の先の方に	아、도로 앞쪽에
ええい、ややこしい。	에잇、복잡하군。
とにかく、明日からの	아무튼 내일부터의
ケンカはそこまでだ！	싸움은 거기까지다！
ということは、この先	그렇다는 건 이 앞
だから右から３番目。	그러니까 오른쪽에서 ３번째。
今向いてるけど・・・	지금 보고 있는데・・・
このネットに対しても	이 네트에 대해서도
おれが言いたいのは、	내가 하고 싶은 말은、
お、おれはただ・・・	나、난 그저・・・
（キキキキーー！！）	（끼이이익！！）
世界的な大企業だな。	세계적인 대기업이군。
致命的な欠陥だって？	치명적인 결함이라고？
そんなの無理、無理！	그런 건 무리 무리！
なんか、やり出したら	왠지 시작하면
お芝居はどうなるの？	연극은 어떻게 되는 거야？
・・・何言ってんの？	・・・무슨 소리야？
あたしは、平気だよ。	난 괜찮아。
・・・おい、アンタ。	・・・야、당신。
え、どうやって・・・	어、어떻게・・・
わたしは脚本の直し。	난 대본 수정。
そういえば、忙しくて	그러고 보니 바빠서
ああ、それは助かる。	아、그거 도움이 되겠군。
あら、役者の第一歩は	어머、배우의 첫걸음은
どうも、初めまして。	안녕하세요 처음 뵙겠습니다。
もう、今そんなことは	정말 지금 그런 건
そうだな・・・・・・	그렇군・・・・・・
（タッタッタ・・・）	（타닥타닥・・・）
まあ、くつろいでよ。	뭐、편히 있어。
はい、お願いします！	네、부탁드립니다！
な、なんだね、君は！	뭐、뭔가 자네는！
そうだ、わからない。	그래、모른다。
はぁ、何言ってんの？	하아、무슨 소리야？
・・・・・・そうか。	・・・・・・그런가。
寝顔がかわいいから。	자는 얼굴이 귀여우니까。
フッフッフッフッフ！	후후후후훗！
ああ、うるさかった？	아、시끄러웠어？
それって人間のお話？	그거 인간 얘기야？
黒い物ってなんだよ！	검은 게 뭐냐고！
何か理由があるのか？	무슨 이유가 있는 거야？
間違ってないでしょ。	틀리지 않았잖아。
なんか急いでるのか？	뭔가 급한 거야？
ポカポカしてきたぞ！	따끈따끈해졌다！
私はここに来るから。	난 여기로 올 테니까。
イヤ、ナニモナイヨ。	아니、아무것도 없어。
うおおおおおおおお！	우오오오오오오오！
裏口じゃないかアレ。	뒷문이잖아 저거。
それは女だからだよ。	그건 여자니까야。
そんなに・・・・・。	그렇게나・・・・・。
まあ、いいじゃない。	뭐、괜찮잖아。
結構、急いだからな。	꽤 서둘렀으니까。
それにしても早いよ。	그건 그렇고 빠르네。
上半身を上げた時に、	상체를 올렸을 때、
何を言っているんだ？	무슨 소릴 하는 거야？
ごまかしやがったな！	얼버무렸겠다！
オムライスとスープ！	오므라이스와 수프！
俺を超えたでいいよ。	날 넘었다로 해도 돼。
俺も何もしてないぞ。	나도 아무것도 안 했다。
そ、そんな事ないよ。	그、그렇지 않아。
仕事なんかしてない。	일 같은 거 안 해。
ど、どういう意味だ？	무、무슨 뜻이야？
俺はまだ若いんだ～！	난 아직 젊다고～！
い、意味がわからんが	무、무슨 소린지 모르겠지만
どこまでも、一緒だよ	어디까지나 함께야
そんな事してないよ。	그런 짓 안 했어。
じゃあ、なんで俺に？	그럼 왜 나한테？
若者が信じられない？	젊은이를 못 믿겠다고？
全部聞いてから気付く	전부 듣고 나서 깨닫는
そ、そう。頑張ってね	그、그래。힘내
いい加減にしないと、	적당히 안 하면、
ちょ、ちょっと待てよ	자、잠깐 기다려
・・・・・・イジメ？	・・・・・・괴롭힘？
テンション高いなっ！	텐션 높네！
心がこもってないよ！	마음이 안 담겼어！
だからレタスサンド。	그러니까 양상추샌드위치。
いや、何でもないよ。	아니、아무것도 아냐。
ごめん。膝を貸して。	미안。무릎 좀 빌려줘。
一種類あたり５０個。	한 종류당 ５０개。
（こ、これは本格的に	（이、이건 본격적으로
暴走してどうすんだ？	폭주해서 어쩌자는 거야？
ああ、助けてやるさ。	아、도와주지。
今日は絶対に逃がすか	오늘은 절대 놓칠까
もう、それでいいよ。	이제 그걸로 됐어。
（盗み聞きになるけど	（엿듣는 게 되지만
ピ、ピザでいいよね。	피、피자면 되지。
お待たせしました～！	오래 기다리셨습니다～！
だからすねてるんだ。	그래서 삐진 거야。
（ゴクゴクゴクゴク）	（꿀꺽꿀꺽꿀꺽）
ヤバイヤバイヤバイ！	큰일 큰일 큰일！
今年一年は自主休校。	올해 １년은 자율 휴학。
意外と頭いいんだな。	의외로 머리 좋구나。
今の話のどこに涙が？	방금 얘기 어디에 눈물이？
ああ、やっぱり君か！	아、역시 자네인가！
しかし、それでは僕の	근데 그러면 내
そろそろ食べないと、	슬슬 먹어야、
そんなことないよ～。	그렇지 않아～。
それで何をしてるの？	그래서 뭐 하고 있어？
ここに来るまでって、	여기 오기 전이라니、
本当に・・・・・・。	정말・・・・・・。
こんなの簡単だよ～。	이런 건 간단해～。
早く、座んなさいよ。	얼른 앉아。
（な、なんなんだ？）	（뭐、뭐야？）
はい。これ・・・・。	자。이거・・・・。
その女の子は・・・・	그 여자애는・・・・
そろそろ入らないと。	슬슬 들어가야。
私にそんな力は無い。	나한테 그런 힘은 없다。
負けるかもしれない。	질지도 모른다。
そう・・・・・カバ。	그래・・・・・하마。
怖いのは嫌だからね。	무서운 건 싫으니까。
あ、ああ。わかった。	아、아아。알았어。
そ、そう。良かった。	그、그래。다행이다。
まあ、しばらくしたら	뭐、좀 지나면
この店の看板メイドの	이 가게 간판 메이드의
信じてないのか貴様！	못 믿는 거냐 네놈！
な、何を言ったんだ？	뭐、뭐라고 한 거야？
何がぶち壊しなんだ？	뭐가 망친 건데？
ダイジョ～ブだよ～。	괜차아안아～。
確かに君の言う通り、	확실히 네 말대로、
ちょっと待っててね。	잠깐 기다려。
私も何でもいいです。	저도 아무거나 좋아요。
自分の店か・・・・。	자기 가게인가・・・・。
だから、その時までに	그러니까 그때까지
これからもう、会えな	이제 앞으론 만날 수 없
だから、そばに居て。	그러니까 곁에 있어줘。
世間なんて関係ない！	세상 따위 상관없어！
ええ、聞いています。	네、듣고 있습니다。
客に対して失礼だな！	손님한테 무례하군！
えっ？ああ。まあな。	엇？아아。그렇지。
無理やりじゃないぞ！	억지가 아니다！
それで、どうするの？	그래서 어쩔 거야？
何度も言わなくても、	몇 번씩 말 안 해도、
良くやったね。さすが	잘했네。역시
いつものでいいよね？	늘 먹던 걸로 되지？
いや、ダメだろソレ！	아니、안 되잖아 그거！
いらん・・・・・・。	필요 없다・・・・・・。
何がもうすぐなんだ？	뭐가 곧이라는 거야？
何ってナニじゃない。	뭐긴 그거잖아。
氷河期に飛んでみる？	빙하기로 날아가 볼래？
ちょっと思いついた！	잠깐 생각났어！
なんか気持ち悪いな。	왠지 기분 나쁘네。
何を言ってるんすか！	무슨 소리예요！
ハアハア・・・・・。	헉헉・・・・・。
本当の事だったんだ。	정말이었던 거야。
ああ、知らなかった。	아、몰랐어。
そういえば、そだね。	그러고 보니 그러네。
さあ、どうぞご主人様	자、드세요 주인님
はい！わかりました！	네！알겠습니다！
そうか・・・・・・。	그런가・・・・・・。
・・・楽しいですよ。	・・・즐거워요。
お父さんが、自殺なん	아버지가 자살 같은
おや、ワタシの名前を	이런、제 이름을
ほうほう、なるほど。	호오、과연。
そう、アナタですぞ。	그래、당신입니다。
あ、やっぱ今のなし。	아、역시 방금 건 없던 걸로。
おやすみ、お父さん。	잘 자요 아버지。
まあ、そうなんですけ	뭐、그렇긴 한데
そろそろ来る頃だと、	슬슬 올 때라고、
おや、ずいぶん時間が	이런、시간이 꽤
今度、また行こうな。	다음에 또 가자。
服装と料理する事は、	복장과 요리하는 건、
ふーん、まあいいか。	흐음、뭐 됐다。
私も結構楽しめたな。	나도 꽤 즐거웠어。
ははは、ありがとう。	하하하、고마워。
ま、上がってくれよ。	뭐、들어와。
だから入るなってば！	그러니까 들어오지 말라고！
ご飯美味しかったよ。	밥 맛있었어。
いいって、いいって。	됐다니까 됐다니까。
あ、ちょっと待った。	아、잠깐만。
まあ、気にするなよ。	뭐、신경 쓰지 마。
そういうことですな。	그런 셈이군요。
オリジナル変化球を	오리지널 변화구를
（カキーーーン！！	（까아앙！！
・・・あたしって、	・・・난 말이야、
へえ、そうなんだ。	흠、그렇구나。
プレゼント・・・？	선물・・・？
（・・・まずいな。	（・・・곤란한데。
・・・どうしたの？	・・・무슨 일이야？
あ、絵じゃないか。	아、그림이잖아。
君が描いた絵だな。	네가 그린 그림이군。
なんになさいます？	뭘로 하시겠어요？
・・・・かまわん。	・・・・상관없다。
・・・いい天気ね。	・・・좋은 날씨네。
ははは、参ったな。	하하하、난감하군。
おう、呼んだかい？	오、불렀니？
あら、感謝するのは	어머、감사할 건
それもいいですよ。	그것도 좋아요。
いや、すまないな。	아니、미안하군。
ほっぺたが落ちる？	볼이 떨어진다고？
あれ、おかしいな。	어라、이상하네。
・・・変なの・・・	・・・이상해・・・
そうだなぁ・・・・	그렇네・・・・
あっ・・・ごめん。	앗・・・미안。
夢がかなったとき、	꿈이 이뤄졌을 때、
ま、サービスだよ。	뭐、서비스야。
ガッカリでやんす。	실망입죠。
ええ、聞きました。	네、들었어요。
ああ、めでたいっ！	아、경사로다！
えっ、まさか・・・	엇、설마・・・
やあ、よく来たね。	야、잘 왔네。
ああ、そのことか。	아、그 얘기인가。
そういうもんかね？	그런 건가？
・・・わかったわ。	・・・알았어。
ああ、すみません。	아、죄송합니다。
いや、おじちゃんが	아니、아저씨가
オイラでやんすか？	나 말입죠？
そうなんでやんす。	그렇습죠。
へぇ～、それじゃあ	흐음～、그럼
お前なぁ、いつから	너 말이야 언제부터
あんた誰でやんす？	당신 누굽죠？
な、なんだって？！	뭐、뭐라고？！
本気で世界征服とか	진심으로 세계 정복이라니
お前こそうるさい！	너야말로 시끄러워！
後ろ向きじゃない！	부정적인 게 아냐！
そりゃあ、そうだ。	그야 그렇지。
（トゥルルル・・・	（따르르르・・・
そうだ、そうしろ。	그래、그렇게 해。
次の試合は、勝つ。	다음 시합은 이긴다。
ええっ、まさか！？	에엣、설마！？
いいからいいから。	됐으니까 됐으니까。
あはは・・・・・・	아하하・・・・・・
・・・子供の霊だ。	・・・아이의 영이다。
あ、ところで・・・	아、그런데・・・
・・・であるから、	・・・그러하니、
ま、そうだろうな。	뭐、그렇겠지。
ああ、そうなのか？	아、그런 거야？
だから、なにカニ？	그러니까 뭐냐 게？
えっ、なんだって？	엇、뭐라고？
そういえば、お前に	그러고 보니 너한테
・・・大げさだな。	・・・과장이군。
ひどいっすねぇ～。	너무하네요～。
ああ、たしかにね。	아、확실히 그래。
そうか・・・・・・	그런가・・・・・・
ああ、任せてくれ。	아、맡겨줘。
なにがあったんだ？	무슨 일이 있었어？
・・・僕はやるよ。	・・・난 할 거야。
でも、観客が・・・	근데 관객이・・・
（信用する、しない	（믿느냐 안 믿느냐
ところで、支店長。	그런데 지점장님。
・・・迷惑なのか？	・・・민폐인가？
な、なんのこと？！	뭐、무슨 소리야？！
これに惨敗すれば、	여기에 참패하면、
もともと流れ者だ。	원래 떠돌이다。
さて、棚も直したし	자、선반도 고쳤고
よかったじゃない！	잘됐잖아！
まあ、なんとかね。	뭐、그럭저럭。
・・・だから、突然	・・・그러니까 갑자기
あ、そうなんだよ。	아、그렇다니까。
ああ、僕のご飯が！	아、내 밥이！
おじさんなんかに、	아저씨 따위한테、
おいおいおい・・・	이봐 이봐・・・
あたしって、ほら、	난 말이야 그、
うーん、そうかも。	으음、그럴지도。
二度と来るなー！！	두 번 다시 오지 마～！！
なんだい、それは？	뭐냐 그건？
何言ってるんだよ。	무슨 소리야。
（パクパク・・・）	（냠냠・・・）
ああ、おいしいよ。	아、맛있어。
おう、すまないな。	오、미안하군。
なんだい、ここは。	뭐냐 여긴。
子供が売るのには、	애가 파는 데는、
（ガサゴソ・・・）	（부스럭・・・）
あ、まずいですか。	아、별로인가요。
こっち来るな、バカ	이쪽 오지 마 바보
いやあ、なに・・・	이야、뭘・・・
バーチャルマシン？	가상 머신？
ああ、そうするよ。	아、그렇게 할게。
・・・やばいなぁ。	・・・큰일이네。
・・・野球超人伝？	・・・야구초인전？
ははは、なるほど。	하하하、과연。
お、おいおいおい。	야、이봐 이봐。
あれぇ、無反応～？	어라、무반응～？
もう、この朴念仁。	정말 이 무뚝뚝한 사람。
君はまだ９歳だろ？	넌 아직 ９살이잖아？
だから脚立で・・・	그러니까 사다리로・・・
・・・よかったな。	・・・잘됐구나。
ああ、約束しよう。	아、약속하지。
へへへ、バイト中。	헤헤헤、알바 중。
わたしやってみる。	나 해볼게。
あ、それいい考え！	아、그거 좋은 생각！
ああ、あのことなら	아、그 얘기라면
えっ、そうなのか？	엇、그런 거야？
そんなのダメだよ。	그런 건 안 돼。
うん、よろしくね。	응、잘 부탁해。
ああ、バッチリだ。	아、완벽하다。
なに言ってんだよ。	무슨 소리야。
・・・あああ・・・	・・・아아아・・・
全然うれしくない！	전혀 안 기뻐！
・・・魔法だったら	・・・마법이라면
そうかもしれない。	그럴지도 모른다。
ちなみに、あたしは	참고로 난
よし、じゃあ今日は	좋아、그럼 오늘은
・・・自由に演技？	・・・자유롭게 연기？
ああ、そうしよう。	아、그렇게 하자。
ごめん、お父さん。	미안해요 아버지。
だから、仕事だよ！	그러니까 일이라고！
（ゴクゴク・・・）	（꿀꺽꿀꺽・・・）
・・・オモチャ屋？	・・・장난감 가게？
つまり懐古趣味か？	그러니까 복고 취미인가？
一緒にあそぼうね！	같이 놀자！
うん、おばちゃん。	응、아줌마。
・・・そうかなぁ。	・・・그런가。
そろそろ帰ろうか？	슬슬 돌아갈까？
フフン、大丈夫だ。	흐흥、괜찮다。
そんな話、いまさら	그런 얘기 이제 와서
それは、すごいわ！	그거 대단하네！
・・・おじちゃん。	・・・아저씨。
そ、そうでやんす。	그、그렇습죠。
なんだい、あいつ。	뭐야 저 녀석。
いいえ、あとで私が	아뇨、나중에 제가
なんだとぉ～～～！	뭐라고오～～～！
逃げるかぁ～～～！	도망칠까 보냐～～～！
あれはマニアだよ。	저건 마니아야。
ははは、その心配は	하하하、그 걱정은
意外と・・・・・・	의외로・・・・・・
助けに来ましたよ。	도우러 왔어요。
いや、実はですね。	아니、실은 말이죠。
くそー、じゃあ俺も	젠장、그럼 나도
な、なるほど・・・	과、과연・・・
悪いが、この街には	미안하지만 이 동네엔
さて、俺も帰るか。	자、나도 돌아갈까。
えっ、お金いるの？	엇、돈 드는 거야？
あら、そうします？	어머、그러실래요？
お弁当を食べたら、	도시락을 먹으면、
うん、初舞台だね。	응、첫 무대네。
（カランカラン！）	（딸랑딸랑！）
えっ、映画ですか！	엇、영화인가요！
いい映画でしたね。	좋은 영화였죠。
ほっぺたねぇ・・・	볼 말이지・・・
じゃあ、君は・・・	그럼 넌・・・
・・・ひどい話だ。	・・・심한 얘기군。
いいから入れるんだ！	됐으니까 넣으라고！
キャッチボール？！	캐치볼？！
すごい反射神経だ。	굉장한 반사신경이다。
なあ、あんたたち！	이봐、당신들！
もういいでやんす！	이제 됐습죠！
まかせるでやんす！	맡기겠습죠！
ああそのとおりだ、	아 그 말대로다、
あの子は・・・その	그 아인・・・그게
・・・そうですか。	・・・그렇군요。
あ、うん、ごめん。	아、응 미안。
それも１つあるのを	그것도 １개 있는 걸
決まってるだろう。	당연하잖아。
・・・いいだろう。	・・・좋다。
野球の勝負か・・・	야구 승부인가・・・
お、おいおい・・・	야、이봐・・・
先に帰っておいて。	먼저 돌아가 있어。
そうよ、あたしよ。	맞아、나야。
どうしてでやんす？	어째섭죠？
あなたの目的です。	당신의 목적입니다。
ええと、まあ・・・	그러니까 뭐・・・
ああ、それは・・・	아、그건・・・
ご迷惑、ですかね。	민폐인가요。
ああ、そうするか。	아、그렇게 할까。
よおぉし、食うぞ！	좋아아、먹는다！
ああ、でも・・・・	아、근데・・・・
こんなフグ野郎は、	이런 복어 자식은、
その助っ人連中が、	그 용병들이、
あのー、もしもし？	저기、여보세요？
し、しまったカニ。	아、실수했다 게。
これからよろしく！	앞으로 잘 부탁해！
やられたカニ～！！	당했다 게～！！
（パチパチパチ！）	（짝짝짝！）
みんな、緊急事態！	여러분、긴급 사태！
代役を立てるんだ。	대역을 세우는 거야。
おいおいマジかよ。	이봐 진짜냐。
うるさいでやんす！	시끄럽습죠！
えーっ、北極支店？	에엣、북극 지점？
がっかりでやんす。	실망입죠。
チッ、わかったよ。	칫、알았어。
ふふん、おだてても	흐흥、치켜세워도
オイラの取り分は、	내 몫은、
わかったでやんす。	알겠습죠。
・・・終わったな。	・・・끝났군。
さすが、会長さん。	역시 회장님。
えっ、ダチョウ？！	엇、타조？！
だからアタクシは、	그러니까 저는、
早くこっちに来て！	빨리 이쪽으로 와！
いきなり発砲か？！	갑자기 발포냐？！
お、おれはこいつに	나、난 이놈한테
いや、おれはその、	아니、난 그게、
くそっ、イテテテ。	젠장、아야야야。
え、何言ってるの！	어、무슨 소리야！
ああ、心配するな。	아、걱정 마라。
あれは彼の芸名よ。	저건 그의 예명이야。
お風呂が沸いたよ。	목욕물 다 됐어。
あはは、それがさ、	아하하、그게 말이야、
なん・・・だって？	뭐・・・라고？
わ、私は何も・・・	저、전 아무것도・・・
そんなことをして、	그런 짓을 해서、
本を買わないって？	책을 안 산다고？
・・・俺の目には、	・・・내 눈에는、
・・・すごく困る。	・・・엄청 곤란해。
（カレーショップ「	（카레숍 「
このおじちゃんに、	이 아저씨한테、
いえ、こちらこそ！	아뇨、저야말로！
ああ、そうなんだ。	아、그렇구나。
・・・家で待つか。	・・・집에서 기다릴까。
いや、別にいいよ。	아니、딱히 괜찮아。
電視のデバッグだ！	전시 디버그다！
ド、ドジっ娘かな。	덤、덤벙이인가。
そうか・・・・・。	그런가・・・・・。
ああ、ちょっとな。	아、좀 그래。
じゃあ、よかった。	그럼 다행이네。
「縦長おじさん」。	「길쭉이 아저씨」。
おお！いい感じだぞ	오오！좋은 느낌이다
あの人・・・・・。	그 사람・・・・・。
釣られた人は大変。	낚인 사람은 큰일이지。
食べて・・・・・・	먹어줘・・・・・・
おお、ありがとう。	오오、고마워。
うん。そうしなよ。	응。그렇게 해。
今日は来ないのかな	오늘은 안 오려나
いつ俺がダマした！	내가 언제 속였어！
じゃあ、何で今は野	그럼 왜 지금은 야
うぐぐ・・・・・。	으윽・・・・・。
疑問系で尋ねるな！	의문형으로 묻지 마！
どっちなんですか～	어느 쪽인가요～
例えばどのように？	예를 들면 어떻게？
それって凄いのか？	그거 대단한 거야？
おっ！ありがとよ！	오！고맙다！
いや、だからって、	아니、그렇다고、
しゅ、集中できん。	지、집중이 안 돼。
最後に何を言った？	마지막에 뭐라고 했어？
言動は三流役だわ。	언행은 삼류 배역이네。
なんだ、あいつは？	뭐야 저놈은？
今度は怒ってるよ。	이번엔 화났어。
じゃあ、いらない？	그럼 필요 없어？
大丈夫じゃないよ。	괜찮지 않아。
何かしたの（か）？	뭔가 한 거야？
よし！行ってくる！	좋아！다녀올게！
いや、それじゃあ、	아니、그럼、
何をしているんだ？	뭘 하고 있는 거야？
ゴミが・・・・・。	쓰레기가・・・・・。
ああ、そうですか。	아、그런가요。
えらく具体的だな。	굉장히 구체적이군。
今は買い物中なの。	지금은 장 보는 중이야。
まあ、そうだろな。	뭐、그렇겠지。
電話代も私が払う。	전화비도 내가 낼게。
じゃあ、いらない。	그럼 필요 없어。
じゃあ、今の俺は？	그럼 지금의 나는？
さあ、善は急げだ！	자、쇠뿔도 단김에！
真面目に考えろよ！	진지하게 생각해！
何をしているのか、	뭘 하고 있는지、
「本日、臨時休業」	「금일 임시 휴업」
教えてあげようか？	알려줄까？
まだやってるのか？	아직 하고 있는 거야？
言いたい放題だな。	말하고 싶은 대로군。
サバイバルだね～。	서바이벌이네～。
そ、それはひどい。	그、그건 심하다。
なんで謝ってるの？	왜 사과하는 거야？
じゃあ、貸してよ。	그럼 빌려줘。
もう一回、運んで。	한 번 더 옮겨줘。
腹筋に穴があくよ！	복근에 구멍 나겠어！
そんな段はないよ。	그런 단은 없어。
こんな物って何よ！	이딴 거라니 뭐야！
昼食を買ってきた。	점심을 사왔다。
さすが男前だね～。	역시 미남이네～。
「も」ってなんだ！	「도」라니 뭐야！
面白くない男だね。	재미없는 남자네。
かしこまりました。	알겠습니다。
金は払ってるだろ！	돈은 내고 있잖아！
そう思うというか、	그렇게 생각한달까、
虫歯になるからよ。	충치 생기니까야。
俺は人間だからね、	난 인간이니까、
どうって、なにが？	어떠냐니 뭐가？
席はこっちだよ～。	자리는 이쪽이야～。
メイド限定なのか？	메이드 한정인가？
ううん、まったく。	아니、전혀。
もうスッカリ秋だね	이제 완전히 가을이네
それは否定しない。	그건 부정 안 해。
ほら、これでしょ。	봐、이거잖아。
確かに・・・・・。	확실히・・・・・。
前に言ったように、	전에 말한 대로、
いや、食べるけど。	아니、먹긴 하는데。
めんどくさいな～。	귀찮네～。
それってもしかして	그거 혹시
で？何が言いたいの	그래서？뭘 말하고 싶은데
チッ！ってなんだ！	칫！이라니 뭐야！
男として、そろそろ	남자로서 슬슬
それと・・・・・。	그리고・・・・・。
ハムばっかだな！！	햄뿐이잖아！！
貴方の胃袋に挑戦。	당신 위장에 도전。
そう信じておくよ。	그렇게 믿어둘게。
ああ、コイツのね。	아、이놈 거 말이지。
本格的にヤバイね。	본격적으로 큰일이네。
探していたんだよ。	찾고 있었어。
荷物をまとめてる？	짐을 싸고 있어？
そんな事、言わずに	그런 말 말고
えっ？何か言った？	엇？뭐라고 했어？
お待たせしましたあ	오래 기다리셨습니다아
もう、もらってる。	이미 받았어。
おはよ・・・・・・	안녕・・・・・・
なぜ目線を逸らす？	왜 시선을 피해？
今日も芸の練習か？	오늘도 재주 연습이냐？
何で戻れないんだ？	왜 못 돌아가는 거야？
それはどうしてだ？	그건 어째서야？
なんでダメなんだ？	왜 안 되는 거야？
貴方に会いにきた。	당신을 만나러 왔어。
テンチョーーーー！	점자아앙～！
ぎゃああああああ！	꺄아아아아아！
な、なんだって～！	뭐、뭐라고～！
そうなんだけど～。	그렇긴 한데～。
（腹黒さだけなら、	（음흉함만 따지면、
じゃあ、ご注文は？	그럼 주문은？
先日はありがとう。	지난번엔 고마웠어。
貴方は良くないの？	당신은 안 좋아？
食べた・・・・・。	먹었어・・・・・。
そうなったら骨は、	그렇게 되면 뼈는、
バッチリ真っ赤だ。	완전히 새빨갛다。
え、えっとボ～ク、	그、그러니까 나～、
それで話って何かな	그래서 할 얘기가 뭘까
そ、そうなんだ～。	그、그렇구나～。
私、ほとんど毎日、	난 거의 매일、
できた・・・・・。	됐다・・・・・。
こ、これはうまい！	이、이거 맛있다！
（本当にさすがだ。	（정말 대단하군。
その通りぃぃぃぃ！	그 말대로오오오！
それはダージリン。	그건 다즐링。
ああ、もちろんさ。	아、물론이지。
食べてくれるよね？	먹어줄 거지？
本当に彼氏なのか？	정말 남자친구야？
ああ、俺も帰るよ。	아、나도 돌아갈게。
そりゃ、マズイね。	그거 곤란하네。
それはわかってる。	그건 알고 있어。
嘘かもしれないよ。	거짓말일지도 몰라。
放って帰られたの？	내버려두고 가버렸어？
言ったら・・・・・	말하면・・・・・
って、どうしたんだ	아니、무슨 일이야
姿だけで十分だろ。	모습만으로 충분하잖아。
無視しやがったな。	무시했겠다。
この街に来てから？	이 동네에 온 뒤로？
そんな事ないわよ！	그렇지 않아！
ご主人様、こちらに	주인님、이쪽에
お金無いんでしょ？	돈 없잖아？
貴方は私に言った。	당신은 나한테 말했어。
俺は逃げてないよ！	난 도망 안 쳤어！
戻る事は構わない。	돌아가는 건 상관없다。
お嬢様、時間です。	아가씨、시간입니다。
だけど忘れないで。	하지만 잊지 마。
私も、楽しんだよ。	나도 즐거웠어。
あ、いいんですか？	아、괜찮으신가요？
・・・そうですな。	・・・그렇군요。
（スタスタスタッ）	（뚜벅뚜벅뚜벅）
通りすがりの者だ。	지나가던 사람이다。
すぐにでも再調査に	당장이라도 재조사에
この間の弁当箱か。	지난번 도시락통인가。
そのテントの隅にあ	그 텐트 구석에 있
私が最後というわけ	내가 마지막이라는 것
では、そうですな。	그럼 그렇군요。
ちょうどよかった。	마침 잘됐다。
（だって、なんだか	（그야 왠지
ほら、これやるよ。	자、이거 줄게。
ははは、面目ない。	하하하、면목 없군。
（ガサガサ・・・）	（부스럭부스럭・・・）
（シャキーン！）	（샤아앙！）
今年のプロ野球、	올해 프로야구、
ああ、乗ろうか。	아、탈까。
うーーーん、次は	으으음、다음은
ああ、だめだめ。	아、안 돼 안 돼。
ああ、ダメだよ。	아、안 돼。
（バシ！バシ！）	（철썩！철썩！）
へえ、意外だな。	흠、의외군。
それで、用事は？	그래서 볼일은？
・・・どうした？	・・・무슨 일이야？
ははは、まさか。	하하하、설마。
あら、なにこれ？	어머、뭐야 이거？
引き分けだと？！	무승부라고？！
・・・味噌汁は？	・・・된장국은？
もう、いじわる！	정말、심술쟁이！
・・・人が悪い。	・・・짓궂네。
おじさんの名前は	아저씨 이름은
そうなんだ・・・	그렇구나・・・
頼まれてたんだ。	부탁받았었어。
いや、でも・・・	아니、근데・・・
えっ、きゃあ！？	엇、꺄악！？
（ちなみに彼女は	（참고로 그녀는
ああ、いや・・・	아、아니・・・
・・・そうだね。	・・・그렇네。
・・・無意味だ。	・・・무의미하다。
まあ確かに、時々	뭐 확실히 가끔
他にもあるのか？	다른 것도 있어？
・・・おやおや。	・・・이런이런。
・・・そうかな？	・・・그런가？
あの、けど・・・	저기、근데・・・
どうするんだよ？	어쩔 거야？
この前は、ここで	지난번엔 여기서
・・・・クワッ！	・・・・크왓！
ああ、悪の組織？	아、악의 조직？
うるさいよお前！	시끄러워 너！
いえ、これくらい	아뇨、이 정도는
お父さん、これ。	아버지、이거。
え、話せるのか？	어、말할 수 있어？
（次の試合では、	（다음 시합에서는、
それはよかった。	그거 다행이다。
マァ、そうなの？	어머、그래？
それも問題なし。	그것도 문제없다。
ちょ、ちょっと。	자、잠깐만。
う、うーん・・・	으、으음・・・
いや本当だって！	아니 진짜라니까！
はい、それじゃ！	네、그럼！
うわ、バナナだ。	우와、바나나다。
よーし、みんな！	좋아、다들！
あら、どうして？	어머、어째서？
あれ、会長さん？	어라、회장님？
わっ、あぶない！	왓、위험해！
あ、そうなのか。	아、그런 거구나。
おいおい、本当に	이봐、정말로
捨てられた・・・	버려졌어・・・
運試し、運試し！	운 시험、운 시험！
ああ、そうだね。	아、그렇네。
こうでやんすか？	이렇게입죠？
だ～か～ら～！！	그～러～니～까～！！
ご飯どうだった？	밥 어땠어？
そう。よかった！	그래。다행이다！
じゃ、400円。	그럼 400엔。
ああ、帰れ帰れ！	아、가라 가！
えっ、もう１人？	엇、한 명 더？
こんなところで、	이런 곳에서、
・・・家がない？	・・・집이 없어？
あはははははは。	아하하하하하。
たぶんって・・・	아마라니・・・
・・・すまない。	・・・미안하다。
ああ、いいけど。	아、괜찮은데。
えっ、今から！？	엇、지금부터！？
はーい、みんな！	네～、다들！
えー、そうなの？	에、그래？
ええっ、マジで？	에엣、진짜？
あ、傾いてるな。	아、기울었네。
俺は忘れないよ、	난 안 잊어、
何言ってんだよ。	무슨 소리야。
え、そうなのか？	어、그런 거야？
話したくなければ	말하기 싫으면
いや、悪かった。	아니、미안했어。
いや・・・その。	아니・・・그게。
もう決定、決定！	이미 결정、결정！
そうか、魔法だな	그렇군、마법이군
大丈夫でやんす！	괜찮습죠！
いや、面目ない。	아니、면목 없다。
はい、お疲れ様！	네、수고하셨어요！
えっ、そうかな？	엇、그런가？
団員のみんなも、	단원들도、
戻って来たときは	돌아왔을 때는
ああ、なるほど！	아、과연！
ふう、やれやれ。	후우、이런。
・・・こいつか？	・・・이놈인가？
（パン！パン！）	（탕！탕！）
あ、あのぅ～～～	저、저기이～～
ぷはぁ～～～～！	푸하아～～～！
まあ、落ち着け。	자、진정해。
（トゥルルル・・	（따르르르・・
あああああ・・・	아아아아아・・・
そんな、勝手に！	그런、멋대로！
・・・負けたか。	・・・졌나。
・・・大きいな？	・・・크네？
じゃあ、いまから	그럼 지금부터
うん、楽しいわ。	응、즐거워。
あはははははっ！	아하하하하핫！
へ～そうなんだ。	흠～그렇구나。
・・・なんだと？	・・・뭐라고？
ふ、ふざけるな！	자、장난하지 마！
ダメでやんすか？	안 됩죠？
（おおーっ！！）	（오오！！）
・・・野球浪人？	・・・야구 낭인？
（旅ガラス～！？	（떠돌이～！？
あ、そ、そうね。	아、그、그렇네。
なんだよそれは！	뭐야 그건！
俺たちだけじゃ、	우리끼리는、
わかった、じゃあ	알았어、그럼
あれ、そうなの？	어라、그래？
あー、おかえり。	아、어서 와。
あ、今日はダメ。	아、오늘은 안 돼。
ああ、これだろ？	아、이거지？
じゃあ、行くよ！	그럼 간다！
うん、いいけど。	응、괜찮은데。
さて、この町では	자、이 동네에선
ふん、まかせろ！	흥、맡겨라！
痛いじゃないか。	아프잖아。
何言ってるんだ。	무슨 소리야。
ちがうでやんす！	아닙죠！
またでやんすよ。	또입죠。
ああ、そうかい？	아、그러니？
・・・ええ、全部	・・・네、전부
ああ、生きてる！	아、살아 있다！
とにかく、これで	아무튼 이걸로
でもまあ、これで	근데 뭐 이걸로
じゃあ、彼女は？	그럼 그녀는？
だが、俺は・・・	하지만 난・・・
ははは、ごめん。	하하하、미안。
うん、それいい。	응、그거 좋아。
わたしがやるよ。	내가 할게。
あたし・・・・・	나・・・・・
あたしの遺影よ。	내 영정이야。
それは心外なり。	그건 뜻밖이로다。
あー、いや・・・	아、아니・・・
変な人でやんす。	이상한 사람입죠。
こんな感じかな。	이런 느낌이려나。
・・・驚いたな。	・・・놀랐군。
ようし、やるぞ。	좋아、해보자。
・・・お父さん。	・・・아버지。
ああ、よかった。	아、다행이다。
ハハハ、まさか！	하하하、설마！
フッ、悪いが俺は	훗、미안하지만 난
やれやれ・・・。	이런・・・。
何言ってんだよ、	무슨 소리야、
無理じゃないわ。	무리가 아니야。
すごいな、それが	대단하네 그게
そうなのか・・・	그런 건가・・・
わが一族に伝わる	우리 일족에 전해지는
笑い事じゃない！	웃을 일이 아니야！
そこ、うるさい。	거기、시끄러워。
よし、まかせろ！	좋아、맡겨라！
おい、始まるぞ！	야、시작한다！
やぁ、お疲れ様。	야、수고했어。
あ～、良かった。	아、다행이다。
・・・マジかよ。	・・・진짜냐。
えーと、えーと？	그러니까、그러니까？
行けども行けども	가도 가도
・・・この人よ。	・・・이 사람이야。
これでわかった？	이걸로 알겠어？
あっちゃあ・・・	아이고・・・
軍事用だって？！	군사용이라고？！
はい、よろしく。	네、잘 부탁해。
小屋が大変なの！	오두막이 큰일이야！
うわぁぁ～～ん！	으아아앙～！
なるほど、これが	과연、이게
商店街を壊滅？！	상점가를 괴멸？！
おい、それじゃあ	야、그럼
・・・そうかな。	・・・그런가。
だったら決まり！	그럼 결정！
じゃあ、決まり！	그럼 결정！
やったでやんす！	해냈습죠！
ちょっと待った、	잠깐만、
（こうして、俺の	（이렇게 해서 나의
ああ、よろしく。	아、잘 부탁해。
よし、まかせろ。	좋아、맡겨라。
今回は逃がすか！	이번엔 놓칠까 보냐！
どうする？待つ？	어쩔래？기다릴래？
いや、俺はいい。	아니、난 됐어。
何をしているの？	뭘 하고 있어？
仕方が無いな～。	어쩔 수 없네～。
あ、ああ。うん。	아、아아。응。
そうか・・・・。	그런가・・・・。
なんか、おもっ！	뭔가 무겁！
「浮き輪物語」。	「튜브 이야기」。
最終巻の題名は、	마지막 권 제목은、
寝顔がかわいい。	자는 얼굴이 귀여워。
そうか大変だな。	그렇군 힘들겠다。
ああ。もちろん。	아아。물론。
語尾が異次元だ！	어미가 이차원이다！
実績ないのかよ。	실적 없는 거냐。
（ん？これは？）	（음？이건？）
何を話してたの？	무슨 얘기 하고 있었어？
（どうしたんだろ	（무슨 일일까
さあ、今日も練習	자、오늘도 연습
だから何の草だ？	그러니까 무슨 풀이야？
どういうこと～？	무슨 소리야～？
な、なんだって！	뭐、뭐라고！
それって本当なの	그거 정말이야
きっと、そのうち	분명 조만간
本当に失礼だよね	정말 무례하지
当り前じゃない。	당연하잖아。
ちょっと深いね。	좀 깊네。
私はここに居る。	난 여기 있어。
ノリが悪いな～。	호응이 나쁘네～。
あの時はゴメン！	그땐 미안！
突然、どうした？	갑자기 무슨 일이야？
お～い！聞いてる	어이～！듣고 있어
ああ、そうだよ。	아、그래。
もちろんだとも！	물론이고말고！
違うと思うけど。	아닐 것 같은데。
ふっふっふっふ。	후후후후。
うわああああ～！	우와아아아～！
（ふう～。本当に	（후우～。정말
えっ？そうなの？	엇？그래？
手紙を書いてる。	편지를 쓰고 있어。
合気道１００段。	합기도 １００단。
なんで嘘つくの？	왜 거짓말해？
笑うとかわいい。	웃으면 귀여워。
何をやってんだ？	뭘 하고 있어？
間違ってないけど	틀리진 않았지만
あれ？どうしたの	어라？무슨 일이야
それはアレだね。	그건 그거네。
ところてんでも？	우무라도？
こんにゃくでも？	곤약이라도？
も、もういいよ。	이、이제 됐어。
どういう意味だよ	무슨 뜻이야
わからないけど、	모르겠지만、
なんで、謝るの？	왜 사과해？
場所変えようか？	장소 바꿀까？
お待たせしました	오래 기다리셨습니다
意味がわからん。	무슨 뜻인지 모르겠다。
いらっしゃいませ	어서 오세요
も、もう寝てるよ	이、이미 자고 있어
誰を探してるの？	누굴 찾고 있어？
流れる雲みたい。	흘러가는 구름 같아。
凄いじゃないか！	대단하잖아！
ああ、これだけで	아、이것만으로
ああ、よろしくな	아、잘 부탁해
わけがわからん。	영문을 모르겠다。
ん？ハムサンド？	음？햄샌드위치？
持ってやろうか？	들어줄까？
まあ、確かにな。	뭐、확실히 그래。
ああ、その通り。	아、그 말대로다。
コーヒーお待たせ	커피 오래 기다리셨어요
なにがゴメンだ！	뭐가 미안이야！
今日は先に帰る。	오늘은 먼저 갈게。
（はっは～ん！）	（하하안！）
そんな事はない。	그렇지 않다。
お願いしますよ！	부탁드릴게요！
何やってるんだ？	뭐 하는 거야？
なんで武士なの？	왜 무사인 거야？
お替わりをくれ。	한 그릇 더 줘。
そこは気分だよ。	그건 기분이야。
同じって部分で、	같다는 부분에서、
サーカス団にか？	서커스단에？
そんな事ないさ。	그렇지 않아。
俺の方が年上だ！	내가 더 연상이다！
ひ、否定できん。	부、부정 못 하겠다。
もっちろんさ～。	무울론이지～。
そうなんだよ～。	그렇다니까～。
なんとなくって。	왠지 모르게라니。
飲まず食わずで、	먹지도 마시지도 않고、
（パコーン！！）	（퍽！！）
どうするも何も、	어쩌고 자시고、
何を言ってるんだ	무슨 소릴 하는 거야
あれ？また居るの	어라？또 있는 거야
どこに逃げる気だ	어디로 도망칠 셈이냐
そ、そうだよ～。	그、그렇다니까～。
えっと・・・・・	그러니까・・・・・
誤解しないでね。	오해하지 마。
ヒキサカレル！！	찢어진다！！
わかんないけど、	모르겠지만、
いいの。いいの。	됐어。됐어。
（なんか変だな。	（뭔가 이상한데。
（ドテーン！！）	（쿵！！）
（ガチャン！！）	（쨍그랑！！）
仕方がないなあ。	어쩔 수 없네。
ごめんなさ～い。	죄송해요～。
ご、ご主人様！？	주、주인님！？
じゃあ、それで。	그럼 그걸로。
（よし！いくぞ！	（좋아！간다！
次期シャチョー？	차기 사자앙？
よって、お嬢様が	따라서 아가씨가
そんな・・・・・	그런・・・・・
いえ、いいです。	아뇨、괜찮아요。
どこに行くんだ？	어디 가는 거야？
まあ、そうかな。	뭐、그런가。
なんにもないや。	아무것도 없네。
野球を観るのが、	야구를 보는 게、
それが、俺だと？	그게 나라고？
文句言うなよな。	불평하지 마라。
もったいないよ！	아깝잖아！
（返しに来たのに	（돌려주러 왔는데
そのカゴは、何？	그 바구니는 뭐야？
（今日の朝食べた	（오늘 아침 먹은
おいしいですぞ。	맛있습니다。
仕事は、いいの？	일은 괜찮아？
よし、公園だな。	좋아、공원이군。
暗号じゃないなら	암호가 아니라면
結構よかったね。	꽤 좋았어。
得意じゃないとか	잘하는 게 아니라니
それって、職業？	그거 직업이야？
あ、うん、また。	아、응 또 봐。
いい事言ったぞ。	좋은 말 했다。
あ、そうなんだ。	아、그렇구나。
あ、落ち込んだ？	아、우울해졌어？
満腹でも食べるけ	배불러도 먹지만
あはは、そっか。	아하하、그렇구나。
まあ、今度はさ。	뭐、다음엔 말이야。
（ピラララ～！	（삐라라라～！
（バサッ！！）	（퍼석！！）
（ズルッ・・・	（스르륵・・・
（ワンワン！！	（멍멍！！
はははは・・・	하하하하・・・
・・・ふふふ。	・・・후후후。
・・・だれの？	・・・누구 거？
言ってたわよ。	말했었어。
うん、どうぞ。	응、받아。
大変だったな。	힘들었겠구나。
お前、寝すぎ。	너 너무 잔다。
よし、やるか。	좋아、해볼까。
そうっすよね。	그렇죠。
ああ、いいな。	아、좋네。
俺の勝ちだな、	내 승리군、
（いいや、一瞬	（아니、한순간
・・・そうだ！	・・・맞다！
大丈夫大丈夫。	괜찮아 괜찮아。
よし、いくぞ！	좋아、간다！
息子さんにも、	아드님한테도、
そうかな・・・	그런가・・・
ああ、ごめん。	아、미안。
うん、そりゃあ	응、그야
・・・まあな。	・・・그렇지。
またやられた！	또 당했다！
よかったっす！	좋았어요！
ティッシュか。	휴지인가。
お前うるさい！	너 시끄러워！
ここで住んで、	여기서 살면서、
本当にいいの？	정말 괜찮아？
しかし、あまり	근데 너무
えっ、本当に？	엇、정말？
うーんと・・・	으음・・・
はははははは。	하하하하하。
は、はあ・・・	하、하아・・・
でも、これまで	근데 여태까지
はははっ・・・	하하핫・・・
がんばるねぇ。	열심히 하네。
な、なるほど！	과、과연！
くくくく・・・	크크크크・・・
（ビシュッ！）	（휙！）
ふむ、それで？	흠、그래서？
おはようさん。	잘 잤나。
その試合には、	그 시합에는、
だけどよ・・・	근데 말이야・・・
バッ、バカ者！	이、이 바보！
試すって・・・	시험한다니・・・
当然でやんす。	당연합죠。
それはオイラが	그건 내가
あ、そうだな。	아、그렇군。
食べるわよ～！	먹을 거야～！
何言ってるの。	무슨 소리야。
ほどほどにね。	적당히 해。
お、おじさん？	아、아저씨？
ほほう・・・？	호오・・・？
（ザッパッ！）	（철퍽！）
簡単だからね。	간단하니까。
あははははは。	아하하하하。
あ、会長さん。	아、회장님。
はいはい、後で	네네、나중에
よし、練習だ！	좋아、연습이다！
あ、おはよう！	아、안녕！
あ、やっぱり。	아、역시。
・・・生意気？	・・・건방져？
あ・・・あれ？	아・・・어라？
気をつけてな。	조심해라。
おい、アンタ！	야、당신！
ああ、先日わが	아、지난번 우리
いいのいいの。	괜찮아 괜찮아。
まず、あそこが	우선 저기가
そ、そうだね。	그、그렇네。
了解でやんす！	알겠습죠！
いえ、この本は	아뇨、이 책은
いい景色だね！	좋은 경치네！
あれ、それは？	어라、그건？
・・・どうやら	・・・아무래도
なんのことだ。	무슨 소리야。
別にかまわん。	딱히 상관없다。
僕の両親だよ。	내 부모님이야。
いや、いいよ。	아니、괜찮아。
うれしそうね、	기뻐 보이네、
商店街のために	상점가를 위해
えっ、俺も？！	엇、나도？！
前の演出家って	이전 연출가는
あー、疲れた。	아、피곤해。
仕事内容ぐらい	업무 내용 정도는
それにしても、	그건 그렇고、
なんとなくな。	왠지 그래。
はいはい・・・	네네・・・
次は勝てるさ。	다음엔 이길 거야。
ごちそうさま！	잘 먹었습니다！
う、うん・・・	으、응・・・
この先か・・・	이 앞인가・・・
・・・お前か、	・・・너냐、
負けを認めろ、	패배를 인정해라、
うわあああ？！	우와아아？！
皮肉なことに、	얄궂게도、
それがいいよ！	그게 좋아！
もし仮に・・・	만약 가령・・・
ほら、どうだ？	자、어때？
俺は、この街の	난 이 동네의
はい、終わり！	자、끝！
なぁ、みんな！	이봐、다들！
おい、やめろ！	야、그만둬！
よっ、兄さん。	야、형씨。
・・・妙だな。	・・・이상하군。
おじちゃーん、	아저씨이、
そ、そうですね	그、그렇네요
余力があったら	여력이 있으면
がんばるから。	열심히 할게。
修行って・・・	수행이라니・・・
ああ、すまん。	아、미안。
（バキッ！！）	（빠직！！）
かたじけない。	고맙소。
・・・本当か？	・・・정말이냐？
そ、そうかい。	그、그런가。
無責任ですね。	무책임하네요。
ヒマだな・・・	한가하네・・・
（さっきから、	（아까부터、
おい、待てよ。	야、기다려。
えっ、花火？！	엇、불꽃놀이？！
しかし、会長。	근데 회장님。
（ええと・・・	（그러니까・・・
ああ、任せろ！	아、맡겨라！
あとそれから、	그리고 또、
実は、商店街の	실은 상점가의
・・・まぁな。	・・・그렇지。
それにしよう！	그걸로 하자！
このままだと、	이대로면、
わたしがやる。	내가 할게。
思い出したの！	생각났어！
普通の人って？	평범한 사람이라니？
一緒にいたら、	같이 있으면、
といいますと？	그러시면？
「努力せん」？	「노력 안 해」？
はい、終わり。	자、끝。
お、おお・・・	오、오오・・・
・・・どうだ。	・・・어떠냐。
なあ、カニ君。	야、게 군。
いやあ、最高の	이야、최고의
はっ、はいぃ！	네、네에！
・・・魔道書？	・・・마도서？
おやおや・・・	이런이런・・・
よし、やった！	좋아、해냈다！
本当ですか！！	정말인가요！！
た、大変だぁ！	크、큰일이다！
・・・やるな、	・・・제법이군、
キャプテン！？	주장！？
監督、状況は？	감독님、상황은？
了解しました。	알겠습니다。
なんだそれは？	뭐야 그건？
おい、起きろ！	야、일어나！
殺し屋だよっ！	살인청부업자야！
・・・あんた、	・・・당신、
ここから先は、	여기서부터는、
くそーっ・・・	젠장・・・
その時は、また	그땐 또
じゃあ、わたし	그럼 나는
はい、もしもし	네、여보세요
・・・だめだ。	・・・안 되겠다。
おまえバカか！	너 바보냐！
い～まひま～？	지금 한가해～？
ああ、いいぞ。	아、좋다。
そうだねえ～。	그렇네～。
そ～うだね～。	그러네에～。
えっ？本当に？	엇？정말？
えっ？いいの？	엇？괜찮아？
そうか頑張れ。	그렇군 힘내라。
ＯＫ！黒だね！	ＯＫ！검정이지！
これおいしい。	이거 맛있어。
いや、別に何も	아니、딱히 아무것도
機嫌悪いなあ、	기분 나쁘네、
「釣りと罰」。	「낚시와 벌」。
魚じゃないの？	물고기 아니야？
えっ？ちょっ！	엇？자、잠깐！
でも、その前に	근데 그 전에
何を企んでる？	뭘 꾸미고 있어？
親切心ですよ。	친절심이에요。
注文が多いなあ	주문이 많네
冗談じゃない。	농담이 아니다。
わかったわよ。	알았어。
いらないかな。	필요 없으려나。
もう、いいよ。	이제 됐어。
大した事ない。	별거 아니야。
何か言ったか？	뭐라고 했어？
会わなかった。	못 만났어。
お腹空いてる？	배고파？
ううん。何も。	아니。아무것도。
お金持ち気分？	부자 기분？
それがいいよ。	그게 좋아。
君が望むなら。	네가 원한다면。
（特別な日って	（특별한 날이라니
だからなんだ？	그래서 뭐？
わかりました！	알겠습니다！
と、とりあえず	이、일단
ど、どうした？	무、무슨 일이야？
ああ、またね。	아、또 봐。
そうか。頑張れ	그렇군。힘내
よし！行こう！	좋아！가자！
知らないわよ！	몰라！
ピアノやるの？	피아노 하는 거야？
しょっぱいわ！	짜！
うん。よろしく	응。잘 부탁해
わかりました～	알겠습니다～
視線の先は俺！	시선의 끝은 나！
えっ？なんで？	엇？왜？
遠慮なさらずに	사양 마시고
え・・・ああ。	어・・・아아。
無くならない。	없어지지 않아。
まあ、いいが。	뭐、괜찮지만。
イッテイイノ？	가도 돼？
忙しそうだな。	바빠 보이네。
どこを探しても	어딜 찾아봐도
えっ？なんて？	엇？뭐라고？
だから、ここ。	그러니까 여기。
ん？どうしたの	음？무슨 일이야
だから何がさ？	그러니까 뭐가？
これで終わり？	이걸로 끝？
おお！頑張れ！	오오！힘내라！
ああ。いいよ。	아아。좋아。
（シュッ！！）	（휙！！）
（バシィ！！）	（철썩！！）
そ～うなの～？	그으래～？
何に使うんだ？	뭐에 쓰는 거야？
何か食べたい物	뭔가 먹고 싶은 거
いや、あるよ。	아니、있어。
聞いてたんだ。	듣고 있었어。
（ガシャン！）	（쨍그랑！）
な、なんだと！	뭐、뭐라고！
ちょ、ちょっと	자、잠깐
当然でしょう。	당연하죠。
大丈夫だって、	괜찮다니까、
お腹空いたの？	배고파？
ああ、そうさ。	아、그렇다。
俺のチームに？	우리 팀에？
香辛料を買いに	향신료를 사러
ありがたいな。	고맙군。
ぶち壊しだあ。	다 망쳤다。
そんな事ない。	그렇지 않아。
彼女は違うよ。	그녀는 달라。
そ、そうかな？	그、그런가？
逃げやがった。	도망쳤군。
お願いがある。	부탁이 있다。
あ、あぶねえ！	아、위험해！
だから商店街で	그러니까 상점가에서
ああ、頑張れ！	아、힘내라！
き、聞いてる？	드、듣고 있어？
これ無料だろ！	이거 공짜잖아！
ダメだこりゃ。	이거 안 되겠네。
う、うるさい。	시、시끄러워。
（ガシィィ！）	（콱！！）
あたり前だろ。	당연하잖아。
ああ、頼んだ。	아、부탁한다。
おい！武器屋！	야！무기상！
誰が武器屋だ。	누가 무기상이야。
まかせたまえ！	맡겨두게！
涙が出てきた。	눈물이 나왔다。
また本読むの？	또 책 읽는 거야？
危なかった～。	위험했다～。
（たぶん、俺が	（아마 내가
その会社の名は	그 회사 이름은
楽しいですよ。	즐거워요。
（ぐきゅるるる	（꼬르르르
何か用ですか？	무슨 일이신가요？
（ピンポーン）	（딩동）
ワタシは、今回	저는 이번
なにしてんの？	뭐 하는 거야？
貸してやるよ。	빌려줄게。
まあ、一応ね。	뭐、일단은。
（ドバーン！）	（콰앙！）
気になるのか？	신경 쓰이는 거야？
く、苦しいけど	괴、괴롭지만
大丈夫ですぞ。	괜찮습니다。
なら、仕事中？	그럼 일하는 중？
うん、ごめん。	응、미안。
もちろんです。	물론입니다。
いや、なんとな	아니、왠지
そうですなぁ。	그렇군요。
何だよ、それ。	뭐야 그거。
面白かったね。	재밌었어。
じゃあ、またな	그럼 또 봐
あ、そうする？	아、그럴래？
お邪魔します。	실례하겠습니다。
急ぎの用事って	급한 볼일이라니
じゃあ、今日は	그럼 오늘은
よーし、まずは	좋아、우선은
食べ物以外で、	음식 말고、
わからないね。	모르겠네。
え？私の部屋？	어？내 방？
（ビリビリ！）	（찌직！）
（ふ、ふん。	（흐、흥。
（ガバッ！）	（벌떡！）
（バサッ！）	（퍼석！）
これからも、	앞으로도、
（ボカッ！）	（퍽！）
カレー１つ。	카레 하나。
おつかれ～。	수고했어～。
ああ、これ？	아、이거？
あれ、兄貴？	어라、형님？
えっ、俺も？	엇、나도？
さて、帰るぞ	자、돌아간다
はい、会長。	네、회장님。
お、なんだ？	오、뭐야？
これからは、	앞으로는、
ふぅ、完成。	후우、완성。
えっ、俺！？	엇、나！？
（ドゴッ！）	（퍽！）
（ドボン！）	（풍덩！）
（会長さんの	（회장님의
そうかなあ？	그런가？
（ガサガサ）	（부스럭）
とりあえず、	일단、
（ガツン！）	（쿵！）
いったぁ～！	아파아～！
食品に衣類？	식품에 의류？
いいですよ。	좋아요。
パスタ・・・	파스타・・・
なによそれ？	뭐야 그게？
ほんと・・・	정말・・・
（ぎゅっ！）	（꽉！）
引き分けか！	무승부인가！
ええっとね、	그러니까 말이야、
（モグモグ）	（오물오물）
大丈夫よお。	괜찮아아。
わはははは！	와하하하하！
こんにちは！	안녕하세요！
フォト、ポル	포토、폴
助かるわぁ。	도움이 되네。
紹介しよう、	소개하지、
そんなことが	그런 일이
ほら、この前	봐、지난번에
だって・・・	그야・・・
へえ、じゃあ	흠、그럼
グラウンドに	운동장에
オウ、ノー！	오、노！
くくく・・・	크크크・・・
いかがです？	어떠신가요？
はい、はい！	네、네！
いや、確かに	아니、확실히
それならば、	그렇다면、
（パクパク）	（냠냠）
（もぐもぐ）	（오물오물）
野菜いために	야채볶음에
オレのことは	내 얘기는
（グビグビ）	（꿀꺽꿀꺽）
おとうさん！	아버지！
（カキカキ）	（사각사각）
う、うーん？	으、으음？
え、キムチ？	어、김치？
やや、これは	이런、이건
（がくっ！）	（털썩！）
あ、それでも	아、그래도
そうっすよ。	그래요。
え、ビーム？	어、빔？
へえ、座長？	흠、단장？
今日は、この	오늘은 이
解決、解決～	해결、해결～
いいじゃん。	괜찮잖아。
絵はがきか？	그림엽서인가？
バカやろう、	이 바보야、
うん、練習。	응、연습。
もういいよ。	이제 됐어。
そうでしょ。	그렇지。
それよそれ！	그거야 그거！
エチュード？	에튀드？
劇団によって	극단에 따라
大丈夫かい？	괜찮니？
なに、お宝？	뭐、보물？
ははは、でも	하하하、근데
（ワイワイ、	（왁자지껄、
さすが会長！	역시 회장님！
おい、お前。	야、너。
（ガシッ！）	（콱！）
へへへ・・・	헤헤헤・・・
えええっ？！	에에엣？！
イテテテテ。	아야야야야。
まあ、今日は	뭐、오늘은
あ、あたしは	아、나는
（ぎくっ！）	（뜨끔！）
ははは、次は	하하하、다음엔
ただいま～。	다녀왔어～。
コンセント？	콘센트？
ま、いわゆる	뭐、이른바
（バシッ！）	（철썩！）
え、流れ者？	어、떠돌이？
（ごそごそ）	（부스럭）
紹介するぜ、	소개하지、
痛いところを	아픈 데를
私への罰は？	나에 대한 벌은？
わっ、ばか！	왓、바보！
あ、本当だ。	아、정말이네。
う、ごめん。	으、미안。
どうしても、	아무래도、
あれ、監督？	어라、감독님？
俺も、今日で	나도 오늘로
そんなことは	그런 건
そうだろう？	그렇지？
それに、俺は	게다가 난
・・・最近の	・・・요즘
あ、ごめん。	아、미안。
ウソつけよ！	거짓말하지 마！
カニの化物？	게 괴물？
（ボカボカ）	（퍽퍽）
なんだカニ？	뭐냐 게？
（ドカーン）	（쾅）
なんだって、	뭐라고、
あ、待って！	아、기다려！
あ、あんた。	아、당신。
その意気だ、	그 기세다、
（ギロッ！）	（째릿！）
し、支店長！	지、지점장님！
（ポカッ！）	（퍽！）
初めまして！	처음 뵙겠습니다！
（ガヤガヤ）	（웅성웅성）
ばっ、ばか！	이、이 바보！
だ、誰だよ？	누、누구야？
う、うそだ！	거、거짓말이야！
あっ、電話。	앗、전화。
いいじゃん、	괜찮잖아、
でも、ここは	근데 여긴
大変ですね。	힘드시겠네요。
（ぴしゅ！）	（피슉！）
そこまでだ！	거기까지다！
そうだなあ。	그렇네。
い、妹かな。	여、여동생인가。
あんがと～。	고마워～。
（シュッ！）	（휙！）
（パシン！）	（철썩！）
わかりました	알겠습니다
食べてって、	먹고 가라니、
待ってない。	안 기다렸어。
待ってるのは	기다리는 건
「三牧師」。	「삼목사」。
みたいだね。	그런 것 같네。
関係あるよ。	상관있어。
なんで俺が？	왜 내가？
でも、はい。	근데 네。
ハムサンド？	햄샌드위치？
疲れたよ～。	피곤해～。
そうで～す！	그래요～！
そうで～す。	그래요～。
真っ赤だな！	새빨갛네！
そうだな～。	그렇네～。
心配だな～。	걱정되네～。
トイレだよ。	화장실이야。
そうですか？	그런가요？
一言で言えば	한마디로 하면
ど～かな～。	글쎄에～。
そうだよな。	그렇지。
嫌がらせか？	괴롭힘인가？
（もしかして	（혹시
何を言うか。	무슨 소리를。
聞いてます？	듣고 있어요？
お替わり上等	한 그릇 더 좋지
ダ、ダメだ。	아、안 돼。
早く言えよ！	빨리 말해！
理解しろよ！	이해 좀 해！
欲しいかな。	갖고 싶은데。
当然でしょ。	당연하지。
ひ、ひどい。	너、너무해。
（ピクッ！）	（움찔！）
カツカレー。	돈가스카레。
べっつに～。	별로～。
どうしたんだ	무슨 일이야
凄いらしい。	대단하다더라。
外に行くよ！	밖에 나갈게！
警察ですか？	경찰인가요？
ちなみに私も	참고로 나도
でも優しい。	근데 상냥해。
ただの人間に	그냥 인간한테
う、うそっ！	거、거짓말！
ね、寝てる？	자、자고 있어？
それだけだ。	그것뿐이다。
お疲れさん。	수고했어。
子供かよ！！	애냐！！
うい～っす！	넵～！
知ってるよ。	알고 있어。
確かに最近の	확실히 요즘
ここに居て。	여기 있어줘。
（眠れ眠れ）	（자라 자라）
ああ、君か！	아、자네인가！
う、うわ～。	우、우와～。
（モゾモゾ）	（꼼지락）
してねえよ！	안 했어！
ああ、それは	아、그건
私に教えて。	나한테 알려줘。
まだまだだね	아직 멀었네
失礼だな～。	무례하네～。
聞きたい事？	묻고 싶은 거？
じゃあ、はい	그럼 자
えっ？うそ？	엇？거짓말？
だからなに？	그래서 뭐？
デートですよ	데이트예요
だったら私が	그럼 내가
そうだよ～。	그래～。
す、すまん。	미、미안。
そうだけど。	그렇긴 한데。
おい！喜べ！	야！기뻐해라！
例のゲーム？	그 게임？
ただいま～！	다녀왔어～！
それ家政婦。	그거 가정부。
そうなのよ。	그렇다니까。
聴いていてね	듣고 있어줘
気になるの？	신경 쓰여？
気なんねや。	신경 안 써。
テンチョー！	점자앙！
うるさ～い！	시끄러워～！
それでいい。	그걸로 됐어。
それなのに、	그런데도、
では今日より	그럼 오늘부터
それでは！！	그럼！！
ん？どうした	음？무슨 일이야
おおう！で、	오오！그래서、
（パクッ！）	（덥석！）
マンモスか？	매머드인가？
それも違う。	그것도 아니야。
遅かったね。	늦었네。
良かった～。	다행이다～。
ここですか？	여기인가요？
そこは顔だ！	거긴 얼굴이야！
他には何か？	그 밖엔 뭔가？
ねえってば！	있잖아！
消し去るって	지워버린다니
それに羽は、	게다가 날개는、
それでいいな	그걸로 됐지
ああ、今回は	아、이번엔
そうなるね。	그렇게 되네。
ああ、今日は	아、오늘은
うーん、休憩	으음、휴식
あー、それ？	아、그거？
いいんだよ。	괜찮아。
誉めてるよ。	칭찬하는 거야。
あ、それ後で	아、그거 나중에
続けますぞ？	계속합니다？
そうですな。	그렇군요。
選んでいいな	골라도 되지
食べんなよ！	먹지 마！
食べてない！	안 먹었어！
あはは・・・	아하하・・・
俺と同じだ。	나랑 같군。
それよりも、	그것보다、
そんな事！？	그런 걸！？
うん、また。	응、또 봐。
そうだなぁ。	그렇네。
あ、私もだ。	아、나도야。
ぬいぐるみ？	인형？
（だめだ！）	（안 돼！）
帰りますぞ、	돌아갑니다、
今日は特別	오늘은 특별
（ざわっ）	（웅성）
うわっ！！	우왓！！
お、おう！	오、오！
あ、来た。	아、왔다。
よかった！	다행이다！
わんわん。	멍멍。
ん、朝か。	음、아침인가。
だめだよ！	안 돼！
そうカニ？	그러냐 게？
なにぃ？！	뭐어？！
まかない。	직원식。
息子さんは	아드님은
え、ええ。	네、네。
遅い遅い！	늦었어 늦었어！
この試合で	이 시합에서
（ミスタ・	（미스터・
あ、はあ。	아、하아。
悪の組織？	악의 조직？
へいへい。	네네。
いいんだ。	괜찮아。
もう一丁！	하나 더！
すっげぇ！	쩐다！
いやぁ～、	이야～、
はははは。	하하하하。
（そうか、	（그렇군、
（グビッ）	（꿀꺽）
まかせな。	맡겨라。
いくぜ～！	간다～！
いや全然。	아니 전혀。
面目ない。	면목 없다。
え、仕事？	어、일？
いいわね。	좋네。
でしょー？	그렇지？
おそらく。	아마도。
ちょっと！	잠깐！
息子にな、	아들한테 말이야、
ゼンマイで	태엽으로
オレの親は	내 부모는
よっぽど、	어지간히、
なら、その	그럼 그
こいつが！	이놈이！
はぁ～い！	네에～！
へへへ～。	헤헤헤～。
えっ、犬？	엇、개？
なにカニ？	뭐냐 게？
ええーっ？	에에？
えっ、金？	엇、돈？
じゃあね、	그럼 안녕、
なにっ！？	뭐！？
どうです？	어떤가요？
若いねぇ。	젊구먼。
あ、電話！	아、전화！
もしもし、	여보세요、
そうかい？	그러니？
よせやい。	그만둬。
うそうそ。	거짓말 거짓말。
面白そう！	재밌겠다！
お兄さん！	오빠！
すごいな！	대단하네！
なにおう！	뭐라고！
えええ？！	에에？！
おつかれ。	수고했어。
なんです？	뭔가요？
これかい？	이거니？
（ブンッ！	（휭！
コロッケ？	고로케？
外の世界？	바깥세상？
ニンジン？	당근？
そっかぁ。	그렇구나。
俺の名前は	내 이름은
へへーん。	헤헤엥。
やったあ！	해냈다！
あきれた。	기가 막히네。
俺の望みを	내 소원을
すご～い！	대단해～！
ごめんね、	미안해、
無理だよ。	무리야。
おおーっ！	오오！
あのときは	그땐
え、本当？	어、정말？
うん、実は	응、실은
ねえねえ！	있잖아！
引き分け？	무승부？
あなたに、	당신에게、
そうだな！	그렇지！
この音は！	이 소리는！
ばかだね、	바보네、
うおっ？！	우옷？！
あいつら、	저것들、
買収計画？	매수 계획？
図に乗る？	우쭐댄다고？
おじさん？	아저씨？
（グオン）	（우웅）
おいそこ！	야 거기！
（プツン）	（뚝）
フ、フン！	흐、흥！
いいかね、	잘 듣게、
あ、みんな	아、다들
何をです？	뭘 말인가요？
当然です！	당연합니다！
やれやれ、	이런、
まじで！？	진짜！？
基礎練習？	기초 연습？
わわっ！？	와왓！？
あ、うん！	아、응！
えええっ？	에에엣？
なんだね？	무슨 일인가？
お、おい、	야、이봐、
なんだい？	뭐니？
えっ、本？	엇、책？
この店も、	이 가게도、
えっ、誰？	엇、누구？
こいつめ！	이놈이！
ストップ！	스톱！
うわっ！？	우왓！？
なんだと！	뭐라고！
く、くそ。	제、젠장。
わっ、車！	왓、차！
携帯電話？	휴대전화？
うっうっ。	흑흑。
じゃあな、	그럼 잘 가、
地下通路？	지하 통로？
誰だっ！？	누구냐！？
なんだよ、	뭐야、
お疲れ～！	수고했어～！
たしかに、	확실히、
おっけー。	오케이。
君だろう？	자네지？
ツンデレ？	츤데레？
それって、	그건、
す、凄い。	대、대단해。
聞こえてる	들리고 있어
釣りの話？	낚시 얘기？
嘘でしょ。	거짓말이지。
練習だよ！	연습이야！
そうだろ。	그렇잖아。
やっぱり！	역시！
凄いわよ。	대단해。
もういい。	이제 됐어。
三角座り。	쪼그려 앉기。
早くする。	빨리 할게。
カキーン！	까앙！
今はない。	지금은 없어。
何がだよ？	뭐가 말이야？
いくらだ？	얼마야？
してない。	안 했어。
いや、あの	아니、저기
ん？誰だ？	음？누구야？
あと一年、	앞으로 １년、
確かにな。	확실히 그래。
そうなんだ	그렇구나
そりゃね。	그야 그렇지。
子供かよ。	애냐。
珍しいね。	드문 일이네。
生まれた日	태어난 날
まだ冷めて	아직 식지
こっちの話	이쪽 얘기
ピザでも？	피자라도？
本当かよ！	정말이냐！
なあに～？	뭐어～？
サボリか？	땡땡이냐？
違うわよ。	아니야。
同じ事だ。	같은 거다。
何ですと？	뭐라고요？
うわあ～。	우와아～。
アイツ～？	그놈～？
やっほ～！	야호～！
あのさ～。	있잖아～。
来たんだ。	왔구나。
なんでよ？	왜？
カレーを？	카레를？
謀反じゃ！	모반이다！
言わない。	말 안 해。
殺す気か！	죽일 셈이냐！
ハハハハハ	하하하하하
いやいや、	아니아니、
何をだよ？	뭘 말이야？
何もない。	아무것도 없어。
ハムサンド	햄샌드위치
ブッブ～。	땡～。
どこがだ？	어디가？
ううう～。	으으～。
探してた？	찾고 있었어？
ないない。	없어 없어。
理由は十分	이유는 충분
いらっしゃ	어서 오세
あいたっ！	아얏！
知らない。	몰라。
知らない？	몰라？
逃げたんだ	도망친 거야
出てきた。	나왔다。
確かにね。	확실히 그래。
たださえ、	그렇지 않아도、
あの子って	그 애는
妙技ねえ。	묘기로군。
できたって	됐다고
（パクッ）	（덥석）
本当だよ、	정말이야、
何の音だ？	무슨 소리야？
オッケー。	오케이。
おいしい？	맛있어？
いつだよ？	언제야？
マズイな。	곤란하군。
金が無い。	돈이 없어。
じゃあな！	그럼 잘 가！
何の話だ？	무슨 얘기야？
ん？ああ、	음？아아、
こんにちわ	안녕하세요
俺はずっと	난 계속
今日はまだ	오늘은 아직
いいから。	됐으니까。
俺のテント	내 텐트
なにかな？	뭘까？
巻き込む？	끌어들인다고？
レストラン	레스토랑
お腹が空い	배가 고파
お腹が痛く	배가 아파
二人とも。	둘 다。
誰だろう？	누굴까？
ええ、よく	네、자주
休憩、休憩	휴식、휴식
ただいま、	다녀왔어、
いえいえ。	아뇨아뇨。
うん、感心	응、감탄
ということ	그렇다는 것
いかにも。	그렇고말고。
あちゃー。	아이고。
ひまぁ～？	한가해～？
いいんだけ	괜찮은데
（ドカッ）	（퍽）
そうする！	그렇게 할게！
全然違う！	전혀 달라！
え？なに？	어？뭐？
ならよし！	그럼 됐어！
いいよな。	괜찮지。
（その日、	（그날、
たしかに	확실히
どうも。	고맙습니다。
勝った！	이겼다！
うふふ。	우후후。
冗談よ。	농담이야。
ボタン？	버튼？
うわあ！	우와아！
そして、	그리고、
あんたに	당신한테
却下だ！	기각이다！
あのね。	있잖아。
お休み？	쉬는 날？
さすが！	역시！
大丈夫！	괜찮아！
ぎゃっ！	꺅！
どこへ？	어디로？
平気よ！	괜찮아！
みんな、	다들、
いいえ。	아뇨。
チェッ。	칫。
そういや	그러고 보니
待った？	기다렸어？
へええ。	흐음。
さすがに	아무래도
違うよ！	아니야！
ふうん。	흐음。
信じる？	믿어？
えええ！	에에！
ちっとも	조금도
へへへ、	헤헤헤、
みんなで	다 같이
わたしは	나는
ほんと！	정말！
ははは！	하하하！
それなら	그렇다면
そうか、	그렇군、
悪いな。	미안하군。
バカね。	바보네。
おうよ。	그럼。
おまけに	게다가
むむむ！	으음！
この河は	이 강은
それに、	게다가、
オイラは	나는
ああ、元	아、원래
それでは	그럼
うわっ、	우왓、
すべて、	전부、
オイラ、	나、
いいや、	아니、
そこで！	거기서！
おいおい	이봐
違うの！	아니야！
お願い！	부탁이야！
今でも、	지금도、
ありゃ？	어라？
ダメだ。	안 돼。
ぷはぁ。	푸하。
おやじ！	영감！
これで、	이걸로、
でもさ、	근데 말이야、
まずい！	큰일이다！
不自然？	부자연스러워？
ひええ、	히에에、
ほんとに	정말로
何事だ？	무슨 일이냐？
どうも、	안녕하세요、
あんたは	당신은
暇だろ？	한가하지？
あのう、	저기、
買い物？	장 보러？
珍しいね	드문 일이네
欲しい？	갖고 싶어？
ほうあ！	호앗！
それはね	그건 말이야
えっと、	그러니까、
なる程。	과연。
そうね！	그렇네！
なにっ？	뭐？
まあ、野	뭐、야
どうした	무슨 일이야
ここに？	여기에？
イヤダナ	싫은데
玉乗り？	공 타기？
血祭り。	피의 제전。
（あれは	（저건
それ逆！	그거 반대！
あと十軒	앞으로 １０집
何で私が	왜 내가
マンキ？	만키？
ピアノ？	피아노？
何ですか	뭔가요
あいた！	아얏！
この本は	이 책은
厳しい。	혹독하군。
クック！	크큭！
食べた。	먹었어。
なる程、	과연、
私もね、	나도 말이야、
リンゴ？	사과？
バナナ？	바나나？
サルか？	원숭이냐？
面白い？	재밌어？
衣装って	의상이라니
その格好	그 차림
やっと、	드디어、
何がだ！	뭐가！
買い物。	장보기。
あの人ね	그 사람 말이야
なによ？	뭐야？
ゴメーン	미안해애
基本的に	기본적으로
それと？	그리고？
拾った。	주웠어。
そうだよ	그래
嫌だよ。	싫어。
それでだ	그래서 말이다
温かい？	따뜻해？
私の夢？	내 꿈？
それも？	그것도？
そうだね	그렇네
さあな。	글쎄다。
初めてで	처음이라
いやあ！	이야！
何がだ？	뭐가？
男前だね	미남이네
帰った。	돌아갔어。
あのね、	있잖아、
なあ、君	이봐、자네
あの姿！	그 모습！
だから？	그래서？
オッケ～	오케이～
何をだ？	뭘 말이냐？
聞けよ。	좀 들어。
危ねえ！	위험해！
したよ！	했어！
だったら	그렇다면
重いわけ	무거울 리
川で洗濯	강에서 빨래
ははは、	하하하、
うしろ？	뒤？
いいな。	좋네。
（何でか	（왠지
嫌かな？	싫으려나？
礼なんか	답례 같은 건
ここは？	여긴？
来たな！	왔구나！
一段と？	한층 더？
あった。	있었다。
ここも	여기도
ひとつ	하나
結婚は	결혼은
それを	그걸
君には	자네한텐
僕たち	우리
今のは	방금 건
今すぐ	지금 당장
造形の	조형의
演出の	연출의
ならば	그렇다면
遅いよ	늦었어
さっき	아까
ククク	크크크
かわい	귀여
そうか	그런가
もちっ	몰랑
寝てる	자고 있어
やった	해냈다
諦めろ	포기해
お前と	너와
気持ち	마음
誰もが	누구나
あのさ	있잖아
なにか	뭔가
帰ろう	돌아가자
待てよ	기다려
（刀？！	（칼？！
（例の	（그
（・・・・はぁ。）	（・・・・하아。）
（・・・あれ？	（・・・어라？
（ポン）	（퐁）
（ポイ）	（휙）
（ボン！）	（펑！）
（ホッ・・・）	（휴・・・）
（ブン！）	（휭！）
（ヒュ～～～！）	（휘이～～～！）
（パフ）	（퍼프）
（バーン！）	（쾅！）
（ド～ン！）	（쿠웅！）
（ドサ！）	（털썩！）
（ドカ！）	（퍽！）
（スポ！）	（쑥！）
（ガーーーッ）	（가아아앗）
（ガブ！）	（덥석！）
（カン！！）	（깡！！）
（は～い。）	（네～。）
（ぐき！）	（우두둑！）
（ぐい）	（쭉）
（ぐい！）	（쭉！）
繁華街	번화가
バンザイ状態	만세 상태
さて、商店街でもブラブラして帰るか。	자、상점가나 어슬렁대다 갈까。
今日は、商店街の休みの日じゃないか。	오늘은 상점가 쉬는 날이잖아。
作っていた干物が、全部食べられてる！	만들던 건어물이 다 먹혀버렸어！
こんなところにおいしそうな木の実が。	이런 데 맛있어 보이는 열매가。
君がそんなに浮いてるとは思えないな。	네가 그렇게 겉돌 리 없잖아。
そんなことより、ケガを直して来いよ。	그보다 부상이나 고치고 와。
向こうで元気にやってるんじゃねえの？	저쪽에서 잘 지내고 있는 거 아냐？
この店に住み込みで働いてるんだろう？	이 가게에 얹혀살며 일하는 거지？
そうしていると、本当に薬屋みたいだ。	그러고 있으니 정말 약국 같네。
あはは、ごめんね～、気が利かなくて。	아하하、미안～、센스가 없어서。
こんなところで、なにやってるんだよ。	이런 데서 뭐 하는 거야。
少しぐらい、分けてくれてもいいよね。	조금쯤은 나눠줘도 되잖아。
「将来の夢」って作文を書いてたんだ。	「장래희망」이란 작문을 썼어。
また、いつでも練習に参加してくれよ。	또 언제든 연습에 참가해 줘。
商店街のイメージがダウンしてしまう。	상점가 이미지가 나빠져 버려。
人生楽しまなきゃもったいないじゃん。	인생 즐기지 않으면 아깝잖아。
それからソース、おしょうゆ、お砂糖。	그리고 소스、간장、설탕。
これで親父やじいさんも喜んでくれる。	아버지도 할아버지도 기뻐하겠지。
お客さんの度肝を抜いて大好評なのさ。	손님들 놀래켜서 대호평이야。
まあ、なんでも小道具屋って感じだな。	뭐、이것저것 소품 가게란 느낌이네。
だから格好悪くやらせていただきます。	그러니 볼품없게 해보겠습니다。
この石、よく見ると何か刻まれてるぞ。	이 돌、잘 보면 뭔가 새겨져 있어。
この地下室から虫を追い出してみます。	이 지하실에서 벌레를 쫓아내 보죠。
電動工具の修理までやったそうなんだ。	전동공구 수리까지 했다더라。
ハッ・・ハッ・・ハックショーーン！	엣・・엣・・에취！
今日は、なにか買ってもらいますよ？	오늘은 뭔가 사 주셔야겠어요？
ここって入場料だけじゃ遊べないよ。	여긴 입장료만으론 못 놀아。
慣れれば簡単なのでがんばってくれ。	익숙해지면 쉬우니까 힘내줘。
毎日ちゃんとお風呂に入ってるのに。	매일 제대로 목욕하는데도。
こっちから関わることはないけどな。	이쪽에서 엮일 일은 없지만。
立て直すかも、とは言ってたけどね。	다시 세울지도、라곤 했지만。
くっそー、なんて逃げ足の速い犬だ。	젠장、발 빠른 개네。
遅くまで手伝ってくれたんですから。	늦게까지 도와주셨으니까요。
全部、おじちゃんのおかげでやんす。	전부 아저씨 덕분입죠。
おっ、ちょっと古いパンが残ってた！	오、좀 오래된 빵이 남아있었네！
色が変わってるような気がするけど。	색이 변한 것 같은 느낌인데。
釣りは早さを競うものじゃないんだ。	낚시는 빠르기를 겨루는 게 아냐。
給食の残りのパンをあげるでやんす。	급식 남은 빵을 줄게요。
買い物をするから付き合ってくれる？	쇼핑할 건데 같이 가줄래？
俺たちが、ふがいなかったからかな？	우리가 한심했기 때문일까？
なるほど、そういうことでやんすか。	그렇군、그런 거군요。
水に入るところから始めたらどうだ？	물에 들어가는 것부터 하면 어때？
テレビのチャンネル変えてくれない？	티비 채널 좀 바꿔줄래？
いつのまにかチームに溶け込んでる。	어느새 팀에 녹아들어 있어。
食間に一包ずつ、朝夕一日二回だよ。	식간에 한 봉지씩、하루 두 번이야。
この子の薬の見立てはたしかじゃよ。	이 아이 약 진단은 확실하다네。
そもそも誘ったのアンタでしょうが。	애초에 부른 건 당신이잖아。
キミ、悪の組織にいたって本当かい？	너、악의 조직에 있었다며？
商品をほとんど置かなくていいんだ。	상품을 거의 안 둬도 돼。
いてもたってもいられなくなってね。	안절부절 못하게 돼서。
普通の人間と区別できないらしいぜ。	보통 인간과 구별 안 된다더라。
そんな事、わざわざするわけないよ。	그런 걸 굳이 할 리가 없잖아。
人間がレギュラーからはずされてる。	인간이 주전에서 빠져 있어。
継いでもらわないといけないんだよ！	대를 이어받아야 한단 말이야！
そしてバスケットを追い出してやる。	그리고 바스켓을 쫓아내 주겠어。
修理することもできないし、危険だ。	수리할 수도 없고 위험해。
キツイこと言ったって聞いたからさ。	심한 말 했다고 들었거든。
百戦危うからず、というところなり。	백 번 싸워도 위태롭지 않지。
実生活でもそうしてみたら、どうだ？	실생활에서도 그래 보면 어때？
わざと他人との間に壁を作っている。	일부러 남과 벽을 만들고 있어。
試合までの時間は限られてるんだぜ。	시합까지 시간은 한정돼 있어。
オレは誰にも負けない自信があるぞ。	난 누구에게도 안 질 자신 있어。
よかったら、これ見に来てください！	괜찮으면 이거 보러 와 주세요！
礼金は出すから頼まれてくれないか？	사례금 줄 테니 부탁 좀 들어줘？
あの、あれって本当に虫なんですか？	저、저거 진짜 벌레인가요？
外国からやってきた新種かもしれん。	외국에서 온 신종일지도 몰라。
いや、それじゃしめしがつかねえよ。	아니、그럼 본보기가 안 되잖아。
シャッターが閉まってるみたいだが。	셔터가 닫혀 있는 것 같은데。
どこを重点的に鍛えたらいいと思う？	어디를 중점적으로 단련하면 좋을까？
なんだ全然聞こえてないみたいだな。	뭐야 전혀 안 들리는 모양이네。
配達終わったので、今から帰ります。	배달 끝났으니 이제 돌아갈게요。
前からいた連中は気に入らないだろ？	원래 있던 놈들은 맘에 안 들지？
まじめな熱血教師で通ってたんだぜ？	성실한 열혈교사로 통했었다고？
ダチョウに続いて、野球でも失敗だ。	타조에 이어 야구에서도 실패야。
お前という助っ人もいることだしな！	너란 용병도 있는 셈이고！
オイラ、今度こそ連れ帰るでやんす。	난 이번엔 꼭 데려갈 겁죠。
相手は身元もはっきりしないんだし。	상대는 신원도 확실치 않고。
ねえ、別のものの方がよかったかな。	저기、다른 게 나았으려나。
今なんだか生きてるって気がするの。	지금 왠지 살아있단 기분이 들어。
チラシのデザインもOKもらったよ。	전단 디자인도 OK 받았어。
それに少し援助もしてくれるってさ。	게다가 조금 지원도 해준대。
タマゴがほとんど割れてるじゃない！	계란이 거의 다 깨졌잖아！
君からもらったコロッケが食べたい。	네가 준 크로켓이 먹고 싶어。
コロッケなら私が作ってあげるわよ。	크로켓이라면 내가 만들어 줄게。
それでこの間、お腹空かせてたんだ。	그래서 요전에 배 곯고 있었어。
ね、明日この商店街に来てくれない？	저기、내일 이 상점가에 안 올래？
いったいどうなってしまうんだろう。	대체 어떻게 되는 걸까。
会長さん、商売は大丈夫なんですか？	회장님、장사는 괜찮은 거예요？
母ちゃんが倒れちゃったんでやんす！	엄마가 쓰러졌습죠！
見てますから、だいたいわかります。	보고 있으니 대충 압니다。
愛情は誰にも負けないつもりなんだ。	애정만큼은 누구에게도 안 져。
前に兄貴が言ってくれたじゃないか。	전에 형이 말해줬잖아。
兄貴に会えたし、いい勉強になった。	형도 만났고 좋은 공부가 됐어。
金をもらって人助けをしているんだ。	돈 받고 사람 돕는 일을 해。
いわば、才能の有効利用ってやつよ。	말하자면 재능의 유효활용이지。
わが身の行く末を案じておったのだ。	내 앞날을 걱정하고 있었느니라。
なんてことを言ってたらしいんだよ。	그런 말을 했었다는 거야。
つけるものを変えるだけですけどね。	다는 걸 바꿀 뿐이지만요。
商店街の皆さんの助けもありますし。	상점가 여러분의 도움도 있고요。
ないんだから、働いてくれないとな。	없으니까 일해 줘야지。
見落とすことはないと思うんだけど。	놓칠 일은 없을 것 같은데。
売り上げが少なくてダメだったけど。	매출이 적어서 안 됐지만。
能力がかなり下がっちゃうでやんす。	능력이 꽤 떨어져 버립죠。
緊張感をもたせるためなのでやんす。	긴장감을 주기 위해서입죠。
サービス券まで配って宣伝したのに！	서비스권까지 뿌려 선전했는데！
まあ、ワシの親父の腕には負けるが。	뭐、우리 아버지 솜씨엔 지지만。
どうしてわざわざ商店街で配るんだ！	왜 굳이 상점가에서 나눠주는 거야！
止めるのに協力を要請する所存なり。	막는 데 협력을 요청할 생각이다。
大手でないとやっていけないカニよ。	대기업 아니면 못 버틴다 게。
精一杯生きることがすばらしいんだ。	힘껏 사는 게 멋진 거야。
どっちの言うことも、よくわかった。	양쪽 말 다 잘 알겠어。
単純な利害関係だと思ったんだけど。	단순한 이해관계인 줄 알았는데。
逐一連絡が取れるようにしないとな。	수시로 연락되게 해둬야지。
ええい、適当にボタンを押してやれ！	에잇、대충 버튼이나 눌러버려！
そういえば、そんなこともあったな。	그러고 보니 그런 일도 있었지。
そうそう負けはしないと思いますが。	그리 쉽게 지진 않을 것 같은데。
張れば、かなり防音にはなるはずだ。	붙이면 꽤 방음은 될 거야。
照明は仲間で持ち寄れば、いけるな。	조명은 다 같이 모으면 되겠네。
なかなかもうからないと不満が出る。	좀처럼 안 벌리면 불만이 나와。
子供が怖がって泣き出すようなヤツ。	애가 무서워 울음 터뜨릴 녀석。
いつもあの子、生き生きしてるんだ。	그 애는 늘 생기가 넘쳐。
あんまり何もないってのも不安だな。	너무 아무것도 없어도 불안하네。
困った人を助けるのが人の道でーす！	곤란한 사람 돕는 게 도리입니다！
どうだい、楽しくなって来ただろう？	어때、즐거워지기 시작했지？
商店街の商品券をプレゼントします。	상점가 상품권을 선물합니다。
外部の人間がいればすぐにわかるよ。	외부인이 있으면 금방 알아。
野球と芝居ちゃんと両立出来るのか？	야구랑 연극 둘 다 잘할 수 있어？
君のよく知ってる人物じゃないのか？	네가 잘 아는 인물 아니야？
これをキレイにしておくのでやんす。	이걸 깨끗이 해두는 겁죠。
せいぜい試合で一泡吹かせてやるさ。	기껏해야 시합에서 한 방 먹여주지。
それ以来、人にはなつかなくなった。	그 뒤로 사람을 안 따르게 됐어。
そんなのムリに決まってるじゃない。	그런 거 무리인 게 뻔하잖아。
どうにかやってこれたって感じだよ。	그럭저럭 해왔다는 느낌이야。
商店街の人が声かけてくれたんだな。	상점가 사람이 말 걸어줬구나。
お前、いいかげんにしないと殴るぞ！	너、작작 안 하면 때린다！
子供相手に何ムキになってるんだよ。	애 상대로 뭘 그리 발끈하는 거야。
君はお兄さんをナメているようだね。	넌 형을 얕보는 모양이네。
オイラも、それをやりたいでやんす！	나도 그걸 하고 싶습죠！
毎日、きちんと作ってるじゃないか。	매일 제대로 만들고 있잖아。
単にズボラなだけなんじゃないのか？	그냥 게으른 것뿐 아니야？
減らず口はいいから早く配達頼むわ！	말대꾸는 됐으니 빨리 배달해！
それじゃ、神社の前で待ち合わせ！	그럼、신사 앞에서 만나자！
これを持っていってくれないかね？	이걸 가져가 주지 않겠나？
手の動きにもっと気を配ってみて！	손동작에 좀 더 신경 써 봐！
このまま寝かしておいてあげよう。	이대로 자게 놔두자。
今日はめずらしく店が開いてるぞ。	오늘은 드물게 가게가 열려 있어。
おや、店の脇に何か置いてあるぞ。	어라、가게 옆에 뭔가 놓여 있어。
身だしなみに気を使え、でやんす！	몸가짐에 신경 써、입죠！
そんなことじゃ栄養が偏りますよ。	그래선 영양이 치우쳐요。
今度、なにか持っていきましょう。	다음에 뭔가 가져갑시다。
僕、もうそれに飽きちゃったんだ。	나 이제 그거 질려버렸어。
そうか、元の世界に脱出したのか。	그렇군、원래 세계로 탈출했구나。
次のチャンスのときもよろしくね。	다음 기회 때도 잘 부탁해。
よし、一緒にグラウンドへ行こう！	좋아、같이 운동장 가자！
練習中にしゃべってんじゃねぇよ！	연습 중에 떠들지 마！
みんなでカラオケにでもいかない？	다 같이 노래방이라도 안 갈래？
まだイベント終わってないんだよ！	아직 이벤트 안 끝났어！
こっちは野球の練習をがんばるか。	난 야구 연습이나 열심히 할까。
お前らだけじゃ、こんなもんだよ。	너희들만으론 이 정도야。
たいした話題じゃなかったからさ。	대단한 얘기도 아니었으니까。
あいつ、この辺に住みついたのか。	저 녀석、이 근처에 눌러앉았나。
さ、犬なんかほっといて練習練習！	자、개는 놔두고 연습 연습！
みんな、毒気を抜かれちゃったね。	다들 기가 빠져버렸네。
まてよ、これは食べられたはずだ。	잠깐、이건 먹을 수 있었을 텐데。
劇団は別の練習場所を探さないと。	극단은 다른 연습장을 찾아야 해。
今度見つけたら絶対捕まえてやる！	다음에 찾으면 꼭 잡아주겠어！
まだまだかなわないだろうけどな。	아직 상대도 안 되겠지만。
あたしと同じ匂いがするんだよね。	나랑 같은 냄새가 나거든。
そんなことはどうでもいいんだよ！	그딴 건 아무래도 상관없어！
気が向いたら本でも買ってってよ。	마음 내키면 책이라도 사 가。
セリ台みたいなのは作れないかな？	승강 무대 같은 건 못 만들까？
ま、アイデアは一応覚えておくわ。	뭐、아이디어는 일단 기억해 둘게。
アイツ、普通の飼い犬だったんだ。	저 녀석、평범한 애완견이었어。
ああ、オリジナル変化球のことか。	아、오리지널 변화구 말이군。
お客を呼べないかと考えたんです。	손님을 부를 수 없을까 했어요。
なんとか協力お願いできませんか。	어떻게든 협력 부탁드려요。
まだ、こんなにあるから助かるよ。	아직 이렇게 많으니 다행이야。
そんな人間がいるわけないでしょ！	그런 인간이 있을 리 없잖아！
むしろ仕事ができて感謝してるよ。	오히려 일할 수 있어 감사해。
なかなか野球がうまくならないね。	좀처럼 야구가 안 늘어。
バッティングの基本は足腰でーす。	배팅의 기본은 하체입니다。
外部の人間を助けに呼んだのかも。	외부인을 도우려 불렀을지도。
好きになるよう教えこんでみるよ。	좋아하게끔 가르쳐 볼게。
野球があんまり好きじゃないから。	야구를 별로 안 좋아해서。
ここって、何もないみたいだけど。	여긴 아무것도 없는 것 같은데。
かっこ悪い野手をやれと言うのか？	폼 안 나는 야수를 하란 거야？
打撃マシン使うのは、僕が先だろ。	타격 머신 쓰는 건 내가 먼저잖아。
よそ者のくせに、でかい顔するな！	외지인 주제에 잘난 척하지 마！
よ～し、もっとがんばっちゃうぞ！	좋아～、더 힘내야지！
あっちのアクション映画がいいな。	저쪽 액션 영화가 좋겠어。
送球はどうやってるんでやんす？！	송구는 어떻게 하는 겁죠？！
どうしたんだい、こんなところで。	무슨 일이야、이런 데서。
プレゼント渡しておこうと思って。	선물 건네두려고 해서。
待っても良かったんじゃないのか？	기다려도 됐던 거 아니야？
周り見ないで道路に出ちゃダメだ！	안 보고 도로에 나오면 안 돼！
オレが出たらなにかいけないのか？	내가 나오면 뭐가 문제야？
僕の頑張りは君が見てくれていた。	내 노력은 네가 봐주고 있었어。
あ、本当だ、背中に手が届かない！	아、진짜네、등에 손이 안 닿아！
過ぎたことは、水に流すのでーす。	지난 일은 물에 흘려보내는 겁니다。
俺をキャプテンに指名したんです？	나를 주장으로 지명한 거예요？
こりゃあ、期待はずれだったかね。	이거、기대에 못 미쳤나。
せっかくやる気を出していたのに。	모처럼 의욕을 냈었는데。
商店街を見捨てていくつもりかよ？	상점가를 버리고 갈 셈이야？
お金がかかってると思ってるんだ。	돈이 든다고 생각하는 거야。
それっきりになってしまいそうで。	그걸로 끝나버릴 것 같아서。
少しは景気のいいことでも言えよ。	좀 기운 나는 소리라도 해봐。
お礼だけは言いたかったでやんす。	인사만은 하고 싶었습죠。
自分だって変な格好してたくせに。	자기도 이상한 꼴이었으면서。
誓って、そんなことはしてません。	맹세코 그런 짓 안 했어요。
布団で寝ると気持ち良くて、つい。	이불에서 자면 편해서 그만。
野球の方も忘れないでくれってさ。	야구 쪽도 잊지 말아 달래。
店の商品が傷つけられているのか。	가게 상품이 훼손되고 있나。
そのうちに先輩を殴ってクビです。	얼마 못 가 선배를 때려 해고예요。
本当に落ちるわけないじゃないの。	정말 떨어질 리가 없잖아。
すぐに次の夢が見えてくるものさ。	곧 다음 꿈이 보이기 마련이야。
これぐらいの修理なら朝飯前だな。	이 정도 수리라면 식은 죽 먹기지。
それに、楽しませてもらったしな。	게다가 즐거웠으니까。
ここに置いておいたら食べるかな？	여기 놔두면 먹으려나？
練習も終わったし、今日は帰ろう。	연습도 끝났으니 오늘은 돌아가자。
人間の手は借りないということか。	인간의 손은 안 빌린다는 건가。
クリスマスが祝えるかもしれない！	크리스마스를 챙길 수 있을지도！
重要な決定もここで行なうんだよ。	중요한 결정도 여기서 해。
懐の大きなところを見せたらどう？	통 큰 모습을 보이는 게 어때？
売上げはそんなに大きくないのよ。	매출은 그렇게 크지 않아。
ねえ、なにかいいアイデアはない？	저기、뭔가 좋은 아이디어 없어？
有料の付け合せを増やしてみては？	유료 곁들이를 늘려보는 건 어때？
快適だよ、遅延もノイズもないし。	쾌적해、지연도 노이즈도 없고。
年が明けたら寺に戻ることにした。	해가 바뀌면 절로 돌아가기로 했어。
似たようなことをやってくるんだ。	비슷한 짓을 해 온다니까。
この空を拝めるのは誰のおかげだ？	이 하늘을 보는 건 누구 덕분이야？
こんなところで何を配ってるんだ！	이런 데서 뭘 나눠주는 거야！
バイトの数も多いし、割もいいし。	알바 수도 많고 벌이도 좋고。
追い出されたって言えばいいしね。	쫓겨났다고 하면 되고。
すっかりその気になってしまった。	완전히 그럴 마음이 돼버렸어。
この商店街の名前でやろうかしら。	이 상점가 이름으로 해볼까。
通気性と重量に問題があるけどね。	통기성과 무게에 문제가 있지만。
ゲームを終わるようにするんだぞ。	게임을 끝내도록 하는 거야。
くっつくかと思うと心配でならん。	달라붙을까 봐 걱정돼 죽겠어。
この日の価値なんてないんだから。	이 날의 가치 따위 없으니까。
キリッとしていると思ってたんだ。	야무진 줄 알았어。
めちゃくちゃ笑っちゃってさぁ～。	엄청 웃어버려서 말이야～。
人には、いろんな事情があるって。	사람마다 여러 사정이 있다고。
こ、これは私的な意見であります。	이、이건 사적인 의견입니다。
時間を無駄にしちゃいけないよな。	시간을 낭비하면 안 되지。
ウチの売上げも直接伸びるからね。	우리 매출도 바로 오르니까。
そうだ、キミはゲームできるかな？	맞다、넌 게임 할 줄 아니？
選手同士が殴り合いを始めました。	선수끼리 몸싸움을 시작했습니다。
親子でのんびりしたいんだろうね。	가족끼리 느긋하고 싶겠지。
調理方法によっては美味とも聞く。	조리법에 따라선 별미라고도 해。
俺は携帯電話、持ってないんです。	난 휴대폰 안 갖고 있어요。
このぐらいメジャーな言語ならね。	이 정도로 흔한 언어라면。
ああ、とりあえず見積もってみた。	아、일단 견적 내봤어。
甲子園優勝の実績がある方なんだ。	고시엔 우승 실적이 있는 분이야。
正義を守りたかったのであります。	정의를 지키고 싶었습니다。
出来レースで、マッチポンプでも？	짜고 치는 판에 자작극이라도？
実際にはもっと払わされるんだよ。	실제론 더 내게 된다니까。
あの子見てると元気出るんだよね。	저 애 보면 기운이 나거든。
こいつ、はっきり言いやがったな。	이 녀석、대놓고 말했겠다。
あこがれで終わっちゃうんだよな。	동경으로 끝나버린단 말이지。
練習場所を作ったじゃないですか。	연습장을 만들었잖아요。
引き立て役で終わっちまうんだぞ。	들러리로 끝나버린다고。
さっさと試合前の練習を始めるぞ。	얼른 시합 전 연습을 시작한다。
今のはジャパニーズジョークです！	방금 건 재패니즈 조크예요！
その土地は、さっそく買い上げた。	그 땅은 바로 사들였어。
人間の投げる球がいい人はこちら！	인간 공이 좋은 사람은 이쪽！
テレビなんかで見たことがあるな。	티비 같은 데서 본 적 있어。
本当に芝居に対してやる気あんの？	정말 연극에 의욕은 있는 거야？
正式なここの人間じゃないんだよ。	정식 이곳 사람은 아니야。
まだ若いのに、もったいないよな。	아직 젊은데 아깝네。
立派だけどさ、まだ若いんだよね。	훌륭하지만 아직 젊단 말이지。
通じていて商店街を裏切っている。	내통해서 상점가를 배신하고 있어。
売ったのは知らない相手だったよ。	판 건 모르는 상대였어。
勝ち数をかせいだって意味ねえよ。	승수만 쌓아봐야 의미 없어。
見えてしまったような気がするぞ！	보여버린 것 같은 기분이 들어！
いなくなるって、いつの話なんだ？	없어진다니 언제 얘기야？
実力で奪い取りたかったんだがな。	실력으로 빼앗고 싶었는데。
このスーパーが虫まみれになるぜ？	이 슈퍼가 벌레투성이가 될걸？
ガラクタだらけで、棚も壊れてる。	잡동사니투성이에 선반도 망가졌어。
お前のユニフォームを持って来た。	네 유니폼을 가져왔어。
毎日家に押しかけるようになった。	매일 집에 쳐들어오게 됐어。
こっそりと逃げ出そうとしていた。	몰래 도망치려 하고 있었어。
パニックになっちゃったんだろう。	패닉이 됐던 거겠지。
お兄さんって呼んでくれないかな。	형이라고 불러주지 않을래。
よく目ん玉見開いてよく見ておけ！	눈 크게 뜨고 잘 봐둬！
赤魚の煮つけがあったじゃないか！	적어 조림이 있었잖아！
食べられるものはできるんだよね。	먹을 수 있는 건 만들 수 있지。
よし、リクエスト言ってみなさい。	좋아、요청 말해봐。
やっぱりまずいよねって思うんだ。	역시 별로지 하고 생각해。
どんどん利用させてもらわないと。	자꾸 이용해야지。
こっちと交渉する気がないんだよ。	이쪽과 협상할 마음이 없어。
危ないから埋めてしまったらしい。	위험해서 묻어버렸다더라。
落盤が起こったこともあったとか。	낙반이 일어난 적도 있었다던가。
増やしていただけるのでしょうか？	늘려 주실 수 있을까요？
お前、冗談は顔だけにしておけよ！	너、농담은 얼굴로만 해둬！
草野球は全然悪くないんだなぁ～。	동네 야구도 전혀 나쁘지 않네～。
ここはみんなの土地なんだなぁ～。	여긴 모두의 땅이구나～。
テントの中に入ってて楽しいのか？	텐트 안에 있으면 즐거워？
魚の干物おいしかったんだなぁ～。	생선 건어물 맛있었네～。
今日の所はここまでなんだなぁ～。	오늘은 여기까지구나～。
なにをしていらっしゃるんですか？	뭘 하고 계신 거예요？
歩いてみたことがなかったからな。	걸어본 적이 없었으니까。
ちっとも、年上に見えないからね。	전혀 연상으로 안 보이니까。
あそこで野球の道具を買ってるよ。	저기서 야구 도구를 사고 있어。
今でもその人のこと好きなんだな。	지금도 그 사람 좋아하는구나。
すごく好きだったんだな、と思う。	무척 좋아했구나 하고 생각해。
それより、ニンジン作りたいなぁ。	그보다 당근 키우고 싶어。
すごい、ちゃんと芝生に触れるぞ。	대단해、제대로 잔디에 닿아。
そっちの神経に直接送ってるわけ。	그쪽 신경에 직접 보내는 거야。
どこかで見たような顔ばかりだな。	어디서 본 듯한 얼굴뿐이네。
このゲームで練習させてもらおう。	이 게임으로 연습해 볼까。
いきなり練習に参加してみません？	갑자기 연습에 참가해 볼래요？
少しでもお役に立てたらと思って。	조금이라도 도움이 되고 싶어서。
社会勉強といっても行き過ぎだろ！	사회 공부라도 너무 심하잖아！
あなたが守ってくれればいいんだ！	네가 지켜주면 되잖아！
あはは、風来坊さんは変人だから。	아하하、떠돌이 씨는 괴짜니까。
それでも、なんだかうれしいなぁ。	그래도 왠지 기쁘네。
黙ってることがあるんじゃないの？	숨기는 거 있는 거 아니야？
誰だって亡霊だと勘違いするよな。	누구든 유령으로 착각하겠지。
シャレになってないな、まったく！	웃을 일이 아니야、정말！
どうりで、みんな騒がないわけだ。	어쩐지 다들 소란 안 피우더라。
その望みをかなえれば成仏できる。	그 소원을 이루면 승천할 수 있어。
あの墓には、もう戻らないからな。	저 무덤에는 이제 안 돌아가니까。
わたし大吉なんか出たことないよ。	난 대길 같은 거 나온 적 없어。
俺こそ主役の自覚が足りなかった。	나야말로 주역이란 자각이 부족했어。
お客さんに満足してもらわないと。	손님을 만족시켜야지。
わたしはすごくうらやましいけど。	난 무척 부럽지만。
家も何もかも差し押さえられてて。	집이고 뭐고 다 압류당해서。
親はどうしてるかわからないんだ。	부모님은 어떻게 지내는지 몰라。
絶対に成功させないといけないな。	반드시 성공시켜야 해。
緊張して失敗したらどうするんだ。	긴장해서 실패하면 어쩌려고。
あとは数をこなせばいけると思う。	이제 횟수만 채우면 될 것 같아。
特別に見せてやろうと思ったのに。	특별히 보여주려고 했는데。
こういう恥ずかしい名前は嫌だな。	이런 창피한 이름은 싫어。
あと、私と同意見の連中も集めた。	나랑 같은 의견인 놈들도 모았어。
あんたらと一緒に戦ってくれるよ。	너희랑 같이 싸워줄 거야。
西部劇のお芝居をしているとする。	서부극 연극을 하고 있다고 치자。
一度見てもらったほうがいいわね。	한번 봐 두는 게 좋겠네。
初めてにしてはがんばったじゃん。	처음치고는 잘했잖아。
いや、ゴミが目に入っただけだよ。	아니、먼지가 눈에 들어갔을 뿐이야。
いきなりそんなことを言われても。	갑자기 그런 말을 들어도。
終わった後の達成感もすごかった。	끝난 뒤의 성취감도 대단했어。
あいつは最悪なことをしたと思う。	그 녀석은 최악의 짓을 했다고 봐。
壁の穴から入ってくるみたいだな。	벽 구멍으로 들어오는 모양이네。
命の恩人の頼みだし、断れないよ。	생명의 은인 부탁이니 거절 못 해。
いつでも呼んでくれて構わないよ。	언제든 불러도 괜찮아。
ああ、どう見ても子供じゃないな。	아、아무리 봐도 애가 아니네。
俺はそんなに持ち合わせがないぞ。	난 그렇게 가진 게 없어。
カッコいい魔球は投げられないの？	멋진 마구는 못 던져？
さすがにこれ以上は投げられない。	아무래도 더는 못 던져。
そんなに長続きするとは思えない！	그렇게 오래갈 것 같진 않아！
正しくトレーニングできないんだ。	제대로 훈련을 못 해。
最新のなら専門店で探してくれよ。	최신 거라면 전문점에서 찾아봐。
いや、実力の差を見せるのはいい。	아니、실력 차를 보여주는 건 좋아。
他のお客さんに迷惑がかかるだろ！	다른 손님에게 폐가 되잖아！
条件を少しずつ悪くしていくのさ。	조건을 조금씩 나쁘게 만들지。
おぼれていたように見えたんだが。	빠져 있는 것처럼 보였는데。
オマエの野球の練習につきあうぞ！	네 야구 연습에 함께해 주지！
アメリカまで泳いで行ってやるー！	미국까지 헤엄쳐 가주겠어！
まったく元気そのものじゃないか！	완전 팔팔하기만 하잖아！
あんたこれからもここに来るわけ？	너 앞으로도 여기 올 거야？
そのつもりだが、どうかしたのか。	그럴 생각인데 무슨 일이야。
今、河原のテントに住んでるんだ。	지금 강가 텐트에 살고 있어。
いつまでたっても監督が来ないぞ。	아무리 기다려도 감독이 안 와。
俺たち昔からのメンバーの総意だ。	우리 옛 멤버들의 총의야。
あれは監督が勝手に決めたことだ！	그건 감독이 멋대로 정한 거야！
そっちが勝てば、俺たちは去ろう。	그쪽이 이기면 우리가 떠나지。
戦えるかどうかはっきりさせたい。	싸울 수 있는지 확실히 하고 싶어。
いくらなんでも心配しすぎだよ。	아무리 그래도 너무 걱정하는 거야。
急いでいろいろ回らなくっちゃ！	서둘러 여기저기 돌아야지！
人生の時間は限られてるんだよ？	인생의 시간은 한정돼 있다고？
誰かが持ってきてくれたのかな。	누가 가져다준 걸까。
今、脚本を役者に投げつけたぞ。	방금 대본을 배우에게 던졌어。
残念ですが、続きはできません。	아쉽지만 다음은 못 해요。
いなかったんじゃ仕方ないよな。	없었으면 어쩔 수 없지。
河川敷でキャッチボールしない？	강변에서 캐치볼 안 할래？
ひょっとして帰ってきたのかな？	혹시 돌아온 걸까？
難しそうな料理が作れましたね。	어려워 보이는 요리를 만들었네요。
わかるようになるものなんだよ。	알게 되는 법이야。
明日からは以前どおりに練習だ。	내일부터는 예전대로 연습이다。
見たことのない草が生えてるぞ。	본 적 없는 풀이 자라 있어。
ま、きわめて普通のチームだな。	뭐、지극히 평범한 팀이네。
つまらんモノを斬ってしまった。	하찮은 걸 베어버렸군。
売上げが上がってたんだけどね。	매출이 오르고 있었는데。
ある意味宣伝にはなったかもね。	어떤 의미론 선전은 됐을지도。
あの犬、なんだかボロボロだな。	저 개、뭔가 만신창이네。
サーカスのピエロがいなかった？	서커스 삐에로가 없었어？
それでボロボロなのか、あいつ。	그래서 만신창이인가、저 녀석。
そのためには、ゆっくり寝てろ。	그러려면 푹 자둬。
水曜日といえば商店街は休みだ。	수요일이라면 상점가는 휴일이야。
河川敷でキャッチボールしたい。	강변에서 캐치볼 하고 싶어。
ハサミがバットに食い込んでる！	가위가 배트에 박혀 있어！
アピールするいい機会かもなぁ。	어필할 좋은 기회일지도。
敵にまわったんじゃないのかな？	적으로 돌아선 거 아닐까？
勝ってお前らを追い出してやる！	이겨서 너희를 쫓아내 주겠어！
地上で泳ぐ速さなら負けないぞ。	지상에서 헤엄치는 속도라면 안 져。
ごちそうさま、おいしかったわ。	잘 먹었어、맛있었어。
あの人は、何人か殺してますね。	저 사람은 몇 명 죽였네요。
現れた時のことを言ってるのか？	나타났을 때 얘기를 하는 거야？
それからフリーマーケットとか。	그리고 벼룩시장이라든가。
親が残してくれたものだしなぁ。	부모가 남겨준 거니까。
ああ、それ俺の知り合いですよ。	아、그거 내 지인이에요。
ネットで盛り上がったんですよ。	인터넷에서 화제가 됐어요。
それより、さっきはどうしたの？	그보다 아까는 무슨 일이야？
快適にゲームがプレイできるぞ。	쾌적하게 게임을 즐길 수 있어。
暑そうだね、汗だくじゃないの。	더워 보이네、땀범벅이잖아。
そんな場所に客が来るんですか？	그런 데 손님이 오나요？
悔しがる姿を見せてもらうかな。	분해하는 모습을 좀 봐볼까。
夢があっていいじゃないですか。	꿈이 있어 좋잖아요。
抱きついたりしてごめんなさい。	끌어안거나 해서 미안해요。
入り口の方が崩れたみたいです。	입구 쪽이 무너진 것 같아요。
トンネル崩落の恐れがあります。	터널 붕괴 우려가 있습니다。
次はどっちの方角に行こうかな。	다음엔 어느 방향으로 갈까。
あれ、なんだか見覚えがあるぞ。	어라、왠지 낯이 익어。
人手が足りなくて大変なんだよ。	일손이 부족해서 힘들어。
オレたちが助けてやってんのに。	우리가 도와주고 있는데。
隣の電器屋なんかは夜逃げだぜ。	옆 전파상 같은 덴 야반도주야。
放たれる剛速球は、まさに凶器！	뿜어내는 강속구는 그야말로 흉기！
教えてくれてもいいじゃないか！	알려줘도 되잖아！
前からお聞きしたかったんです。	전부터 여쭤보고 싶었어요。
オレの知ったこっちゃないしな。	내 알 바 아니고。
商店街をぶっつぶしてやるぞぉ！	상점가를 박살내 주겠어！
この街から出ていってもらおう。	이 동네에서 나가 줘야겠어。
かなり切り詰めて作ってるんだ。	꽤 아껴서 만들고 있어。
ちなみに普段は何やってるんだ？	참고로 평소엔 뭐 해？
あれはかなりの自信作だったな。	그건 꽤 자신작이었어。
まったく普通の草野球チームだ。	완전 평범한 동네 야구팀이야。
気が向いたらくるかもしれない。	마음 내키면 올지도 몰라。
それがあいつのプライドなんだ。	그게 저 녀석의 자존심이야。
そんなことあるわけないだろう。	그런 일이 있을 리 없잖아。
こんなとこ来るの何年ぶりだろ！	이런 데 오는 거 몇 년 만이지！
今日から、今日が俺の誕生日だ！	오늘부터、오늘이 내 생일이다！
そう見えるかもしれませんけど。	그렇게 보일지도 모르지만。
俺でも店番ぐらいはできそうだ。	나라도 가게는 볼 수 있겠어。
君、こんな所でなにしてるんだ？	너、이런 데서 뭐 하는 거야？
さては、あいつらのしわざだな！	옳거니、저놈들 짓이구나！
よし、商店街のアピール成功だ！	좋아、상점가 어필 성공이다！
商店街も元気が出てきましたし。	상점가도 활기가 돌기 시작했고。
この町に来る前は何してたんだ？	이 동네 오기 전엔 뭐 했어？
パスタを食べてもらうんだもの。	파스타를 먹게 할 거니까。
考えごとが膨らんで寝れないよ。	생각이 많아져서 잠이 안 와。
ちょっとだけ気が楽になったよ。	조금은 마음이 편해졌어。
どっかうろついてんじゃないか？	어딘가 어슬렁대는 거 아냐？
テンション上げていかないとね。	텐션을 올려가야지。
ま、地道に活動するしかないね。	뭐、꾸준히 활동할 수밖에 없네。
息子を育ててる立派なお母さん。	아들을 키우는 훌륭한 어머니。
それは伝わってると思いますよ。	그건 전해지고 있을 거예요。
経営が苦しいんじゃないですか？	경영이 어려운 거 아니에요？
立ち入らないでくれないかしら。	들어오지 말아 줄래。
いつかやってきちゃうんだから。	언젠가 오고 마니까。
プログラムの変更作業中だから。	프로그램 변경 작업 중이라。
どうやって体に収納すると思う？	어떻게 몸에 수납한다고 생각해？
自動で引っ込むんじゃないのか。	자동으로 들어가는 거 아니야？
恩返しに行こうと決心したんだ。	은혜를 갚으러 가기로 결심했어。
せめていいところ見せてくれよ！	적어도 좋은 모습 좀 보여줘！
放っておくわけにもいかないか。	내버려 둘 수도 없나。
こっちをつぶしたいんだろうね。	이쪽을 없애고 싶은 거겠지。
拳法の修行をやってましたから。	권법 수행을 했었으니까요。
誰のおかげで大きくなったんだ？	누구 덕에 컸는데？
スーパーの味方になったんだよ！	슈퍼 편이 됐다고！
すごい権力がないと無理ですね。	엄청난 권력이 없으면 무리네요。
生きる事自体がすばらしいんだ！	사는 것 자체가 멋진 거야！
怒ったりはしないんじゃないの？	화내거나 하진 않을 거 아냐？
携帯電話も意外といいもんだな。	휴대폰도 의외로 괜찮네。
お前が埋葬してやったらしいぞ。	네가 묻어줬다더라。
いろいろとやっかいじゃないか。	여러모로 성가시잖아。
この試合だけはガマンしてくれ。	이 시합만은 참아줘。
失敗したら、お前のせいになる。	실패하면 네 탓이 돼。
そこで、監督を雇うことにした。	그래서 감독을 고용하기로 했어。
泣いてたのを助けたじゃないか。	울던 걸 도와줬잖아。
自転車に乗せて宅配してるのか。	자전거에 실어 배달하나。
いつからあの劇団やってるんだ？	언제부터 저 극단 하는 거야？
来た時の、お前の態度でわかる。	왔을 때 네 태도로 알아。
後片付けをやらされたんですよ。	뒷정리를 떠맡았어요。
こっそり練習しておくんですね？	몰래 연습해 두는 거군요？
商店街のヒーローは、この僕だ！	상점가의 히어로는 바로 나야！
どういうことなんだ、これは～？	어떻게 된 거야、이게～？
この割引率・・・大赤字ですよ。	이 할인율・・・큰 적자예요。
今週は、２軒も店をたたんだぞ。	이번 주엔 가게 두 곳이나 접었어。
そのパイロットがどうしたんだ？	그 파일럿이 어쨌다는 거야？
よーし、商店街は必ずつぶす！！	좋아、상점가는 반드시 부순다！！
邪魔をするつもりはないんだが。	방해할 생각은 없지만。
いくらでも無理きくんだからさ。	얼마든지 무리해도 되니까。
生きられない人の方が多いんだ。	못 사는 사람이 더 많아。
名前ぐらい聞いたことあるだろ？	이름 정도는 들어봤지？
そんな効果があるんでしょうか？	그런 효과가 있는 걸까요？
気づかれるかもしれないからね。	들킬지도 모르니까。
即席みそ汁に豆腐をいれただけ。	즉석 된장국에 두부만 넣었어。
あたため直して皿に盛っただけ。	다시 데워 접시에 담았을 뿐。
たしかに、ごまかされてたかも。	확실히 속고 있었을지도。
ちょ、ちょっと失敗したかなー？	자、잠깐 실패했나～？
カレーのついでに持って帰るよ。	카레 나온 김에 가져갈게。
なにかヒントがないかと思って。	뭔가 힌트가 없을까 해서。
あそこ、昔は城があったんだよ。	저기、옛날엔 성이 있었어。
その抜け穴に隠れていたらしい。	그 샛길에 숨어 있었다더라。
ありがと、また作ってみるわね。	고마워、또 만들어 볼게。
巡査に、とっとと渡してこよう。	순경한테 얼른 넘겨주고 오자。
直球だけをねらう方針でもいい。	직구만 노리는 방침이라도 좋아。
同じ球種を続けるのもよくない。	같은 구종만 계속해도 안 좋아。
いつまでもいたら病気になるよ？	계속 있으면 병나요？
キャンプなんかしちゃダメだよ。	캠프 같은 거 하면 안 돼。
そういうものなのでありますか？	그런 거인가요？
ふふ、日頃の精勤の成果である。	후후、평소 근면의 성과다。
倉庫でやってるんでよろしくね！	창고에서 하니까 잘 부탁해！
そんなんじゃないんでしょうか！	그런 거 아닐까요！
ノイズでもひろっちゃったかな？	노이즈라도 잡힌 걸까？
フグ怪人の着ぐるみを作ったよ。	복어 괴인 탈인형을 만들었어。
応援に来てくれるようになるさ。	응원하러 오게 될 거야。
１００円、貸すんですか・・・？	100엔、빌려주는 거예요・・・？
最大で４０％割引きになるのだ！	최대 ４０％ 할인이 되는 거야！
あとは雑巾がけだけなんだけど。	이제 걸레질만 남았는데。
食べられないもの作るじゃない？	못 먹을 걸 만들잖아？
本官が相談に乗ってあげるから。	본관이 상담해 줄 테니까。
前に食べて腹痛になったからな。	전에 먹고 배탈 났으니까。
お店で買えば手に入るんだから。	가게에서 사면 구할 수 있으니까。
オレには十分役に立ってるけど。	나한텐 충분히 도움이 되는데。
ほとんど全部畑で作ってたんだ。	거의 다 밭에서 키웠어。
ほら、このヘルメットかぶって。	자、이 헬멧 써。
みんなはりきって行きましょう！	다들 힘내서 갑시다！
まともに練習できそうにないや。	제대로 연습 못 할 것 같아。
この目で見るのは初めてですね。	이 눈으로 보는 건 처음이네요。
そろそろ仕事あがってもいいよ。	슬슬 일 끝내도 돼。
欠陥が出るのはしかたないよね。	결함이 나오는 건 어쩔 수 없지。
思ってたけど、なんか違うよね。	생각했는데 뭔가 다르네。
やったあ、人生の勝利者ぁ～！！	해냈다、인생의 승리자다～！！
秘密にするって約束だったのに。	비밀로 하기로 약속했는데。
無意味にたくさんの人を殺めた。	무의미하게 많은 사람을 죽였어。
君のご両親は亡くなったんじゃ？	네 부모님은 돌아가셨잖아？
あいつら絶対許さないからなぁ！	저놈들 절대 용서 안 해！
なれる日は、いつなんだろうね。	될 수 있는 날은 언제일까。
原因じゃないかってウワサだぜ。	원인 아니냐는 소문이야。
今から僕の宝物見せてやろうか？	지금 내 보물 보여줄까？
ご飯まで食べさせてやったのに。	밥까지 먹여줬는데。
見たくないって、なんなんだよ！	보기 싫다니 뭐야！
そろそろ帰ってくれないかなぁ。	슬슬 돌아가 주지 않으려나。
かわいらしい芸名考えてあげる。	귀여운 예명 지어줄게。
どうして俺なのか、と思ってね。	왜 나인가 싶어서。
あなたのことを好きになったの。	당신을 좋아하게 됐어。
魔法を唱え続ければいいんだな。	마법을 계속 외우면 되는구나。
あたしも仲間に入れてくれない？	나도 끼워주지 않을래？
みんな・・・本当にありがとう。	다들・・・정말 고마워。
いろんな人を結びつけたんだな。	여러 사람을 이어줬구나。
俺を見送りに来なかったからな。	날 배웅하러 안 왔으니까。
最後までダメなヤツだったねぇ。	끝까지 못난 녀석이었네。
それで、今日で間違いないのか？	그래서 오늘이 확실한 거야？
そうだ、殺虫剤を混ぜましょう！	맞다、살충제를 섞읍시다！
虫に食べられる夢を見ましたよ。	벌레한테 먹히는 꿈을 꿨어요。
君にも同じことしてあげようか。	너한테도 똑같이 해줄까？
こっちの仕事はないわけだしな。	이쪽 일은 없는 셈이고。
ああ、資金の回収なら大丈夫だ。	아、자금 회수라면 괜찮아。
滞在を延ばすわけにはいかない。	체류를 연장할 순 없어。
いつも自分だけ納得してやがる。	늘 자기만 납득하고 있어。
最近の商店街は楽しいですから。	요즘 상점가는 즐거우니까요。
よし、今日の配達が終わったぞ。	좋아、오늘 배달이 끝났다。
渡していた電話があったはずだ。	건네준 전화가 있었을 텐데。
ネットを通じて思いのままだろ？	인터넷을 통해 마음대로겠지？
２５００円くらいは入ってるな。	2500엔쯤은 들어있네。
片っ端からガサガサ振ってるな。	닥치는 대로 마구 흔들고 있네。
迷惑かけるような事はするなよ！	폐 끼치는 짓은 하지 마！
頑張ればなれるんじゃないのか？	노력하면 될 수 있지 않아？
それに今のは男の子の夢でしょ！	게다가 방금 건 남자애 꿈이잖아！
財布を取ろうとしてたんだよね？	지갑을 훔치려던 거지？
ろくにバイト代出してないのよ。	알바비도 제대로 안 줘。
お互いに力を合わせるんですよ。	서로 힘을 합치는 거예요。
駅前商店街の総テナント化です！	역 앞 상점가 전체 임대화예요！
そこに引っ越さないか、ってね。	거기로 이사 안 하겠냐고。
有料で場所を借りることになる。	유료로 장소를 빌리게 돼。
なくなっちゃうじゃないですか。	없어져 버리잖아요。
川でおぼれるわけがないだろう！	강에서 빠질 리가 없잖아！
２月の日本海よりも冷たい男だ！	2월 동해보다 차가운 남자야！
試合で叩き潰そうって腹ですね。	시합에서 짓밟겠다는 속셈이군요。
劇団なんて運営できないからね。	극단 같은 건 운영 못 하니까。
いいかげんな気持ちじゃなくて。	대충인 마음이 아니라。
特に予定がありませんでしたし。	딱히 예정도 없었고。
ねぇ、ちょっと気味が悪くない？	저기、좀 으스스하지 않아？
なんで向こうに集まってるんだ？	왜 저쪽에 모여 있는 거야？
練習しないで、なにやってるの？	연습 안 하고 뭐 하는 거야？
いや、これはチーム内の問題だ。	아니、이건 팀 내부 문제야。
なにも、そんなことしなくても！	굳이 그렇게까지 안 해도！
役者と演出と衣装をするんだよ。	배우랑 연출이랑 의상을 맡아。
舞台上に置くものを用意するの。	무대에 놓을 걸 준비하는 거야。
金券ショップでお金にできるし。	금권 상점에서 현금화 되고。
やだ、あたし勘違いしてました？	어머、나 착각했었나？
早めに作動したらまずいでしょ？	일찍 작동하면 곤란하잖아？
いろんな願いをかなえたんだな。	여러 소원을 이뤄줬구나。
最強の拳法を身につけた男だぞ。	최강의 권법을 익힌 남자야。
まあ、ちょっと難しすぎたかな？	뭐、좀 너무 어려웠나？
逃げ出したんじゃなかったのか？	도망친 거 아니었어？
私が知っているのはそれだけだ。	내가 아는 건 그게 다야。
それにダチョウを逃がしたのも。	게다가 타조를 놓친 것도。
スパイとしての価値もなくなる。	스파이로서의 가치도 없어져。
それでもがんばってるんだもの。	그래도 열심히 하고 있는걸。
基礎練習と発声練習ばかりだな。	기초 연습이랑 발성 연습뿐이네。
さてと、飯でも食いに行くかな。	자、밥이라도 먹으러 갈까。
どうしてみんなで返さないんだ。	왜 다 같이 안 갚는 거야。
練習に来てる人数が減ってるな。	연습 오는 인원이 줄고 있네。
この公演って再開できないのか？	이 공연은 재개 못 해？
使わない部屋がもったいないし。	안 쓰는 방이 아깝고。
この商店街から手を引くんだぞ！	이 상점가에서 손 떼는 거야！
全力でバックアップするからな！	전력으로 지원할 테니까！
バーチャルメットは持ってきた？	버추얼 헬멧은 가져왔어？
すんだらラッキーって感じだね。	끝나면 럭키란 느낌이지。
一人暮らしじゃ、使わないよね。	혼자 살면 안 쓰지。
一つの場所に長居しすぎました。	한 곳에 너무 오래 머물렀어요。
全部のマシンで使ってるんだよ。	모든 머신에서 쓰고 있어。
範囲が重なれば打つ事ができる。	범위가 겹치면 칠 수 있어。
そのカードの説明が表示される。	그 카드 설명이 표시돼。
重要な役割をはたしているんだ。	중요한 역할을 하고 있어。
さっき、なにに驚いていたんだ？	아까 뭐에 놀랐던 거야？
大会の価値が下がった気がする。	대회 가치가 떨어진 기분이 들어。
どうして水泳の格好してるんだ。	왜 수영복 차림인 거야。
こうなったら野球でがんばるぞ！	이렇게 된 거 야구로 힘내겠어！
明日は完成した演技を見せるぞ。	내일은 완성된 연기를 보여주지。
これはそもそも未完成なんだぞ。	이건 애초에 미완성이야。
いつまでも逃げてちゃいけない。	언제까지고 도망쳐선 안 돼。
みんなで作っていけばどうかな。	다 같이 만들어 가면 어떨까。
演出も、みんなで作れないのか？	연출도 다 같이 못 만들어？
単に最近サボっていただけだろ？	그냥 요즘 게을렀던 거잖아？
必要な声の出し方を練習するの。	필요한 발성법을 연습하는 거야。
こうやってお腹から声を出すの。	이렇게 배에서 소리를 내는 거야。
本当に良い子だったんですよね。	정말 착한 애였어요。
別の入ってくれる人探さないと。	다른 들어올 사람 찾아야지。
彼女のことはよろしく頼んだよ。	그녀를 잘 부탁해。
チームカラーが変わってきたな。	팀 색깔이 바뀌기 시작했네。
おかげで、商店街は大騒ぎです。	덕분에 상점가는 난리예요。
確認した方がいいと思いまして。	확인하는 게 좋겠다 싶어서。
お客さんだってわかってくれる。	손님도 알아줄 거야。
おまえ今の状況わかってるのか！	너 지금 상황 알고 있어？
わたし達のお芝居に出てくれる？	우리 연극에 나와줄래？
喜んでもらえて俺もうれしいよ。	기뻐해 줘서 나도 기뻐。
なかなか恐ろしげな名前ですね。	꽤 무시무시한 이름이네요。
発見次第回収されて処分された。	발견 즉시 회수돼 처분됐어。
そろそろこの町から失礼するぜ。	슬슬 이 동네에서 떠날게。
アルバイトを紹介してあげます。	아르바이트를 소개해 줄게요。
僕まで緊張しちゃうじゃないか。	나까지 긴장되잖아。
エキストラみたいなもんだしな。	엑스트라 같은 거고。
そう、ダチョウがテーマなんだ。	맞아、타조가 테마야。
それじゃ、イベントはどうなる！	그럼 이벤트는 어떻게 돼！
試合に出ないのかなと思ったよ。	시합에 안 나오나 했어。
友達以上の関係にはなってない。	친구 이상의 관계는 아니야。
こんなやつのどこがいいんだよ！	이런 녀석 어디가 좋다는 거야！
暇があったら練習しろよ、練習！	시간 있으면 연습해、연습！
一瞬、はねられたかと思ったぞ。	순간 치인 줄 알았어。
足首が変な方向に曲がってるぞ！	발목이 이상한 방향으로 꺾였어！
急いで家に帰って台本読むわよ。	서둘러 집에 가서 대본 읽어야지。
やめて水泳部に入ったんだけど。	그만두고 수영부에 들어갔는데。
公演を打ってもらいたいそうだ。	공연을 열어줬으면 한대。
車にはねられた方がマシだった。	차에 치이는 게 나았어。
２階のパソコン、全部落ちたか。	2층 컴퓨터、전부 꺼졌나。
持たせたほうが実用的なのよね。	들려주는 게 실용적이지。
コンピュータを操作できるんだ。	컴퓨터를 조작할 수 있어。
まさか、君が今かけているのか？	설마、네가 지금 걸고 있는 거야？
別にこれまでと変わりはないさ。	딱히 지금까지와 다를 거 없어。
さっさと風呂に入ってきてくれ。	얼른 목욕하고 와。
せっかく、最高のお芝居なのに！	모처럼 최고의 연극인데！
また、お芝居できるじゃないか！	또 연극할 수 있잖아！
オレは演劇なんて好きじゃない。	난 연극 따위 안 좋아해。
なんにも勝負してないじゃない！	아무것도 승부 안 했잖아！
わたし、絶対に上に行ってやる！	나、반드시 위로 올라갈 거야！
晩ご飯を食べるのを忘れてたよ。	저녁 먹는 걸 깜빡했어。
演劇の本でいっぱいじゃないか。	연극 책으로 가득하잖아。
今日は友達を連れてきたんだよ。	오늘은 친구를 데려왔어。
どうでもいいじゃないかよぉ～。	아무래도 상관없잖아～。
ウチのカレーを食べて行ってよ。	우리 카레 먹고 가。
総合スーパーができたんですよ。	종합 슈퍼가 생겼어요。
負け続けているってことですか？	계속 지고 있다는 거예요？
どこにいるか教えてくれないか？	어디 있는지 알려주지 않을래？
大都会ホテルまで来てくれって！	대도회 호텔까지 와 달래！
なくなったら捨てられるだけさ。	없어지면 버려질 뿐이야。
演技を見せてもらっていいかな？	연기를 보여줄 수 있을까？
君は女優さんになりたいんだろ？	넌 여배우가 되고 싶은 거지？
ちょっと弱気になってたみたい。	좀 소심해졌었나 봐。
妹とはまたマニアックですな～！	여동생이라니 참 마니악하네～！
まったく意味がわからん設定だ。	도무지 이해 안 되는 설정이야。
ただの身長が高いおじさんじゃ？	그냥 키 큰 아저씨 아냐？
すぐにダマされてしまいそうだ。	금방 속아버릴 것 같아。
なんだか筋トレをしたい気分だ。	왠지 근력운동 하고 싶은 기분이야。
なんか引っかかる言い方だなあ。	뭔가 걸리는 말투네。
わかった。すぐに取ってくるよ。	알았어。바로 가져올게。
俺ってやっぱり足が遅いのかな？	나 역시 발이 느린 걸까？
お客さんから注文を受けてたな。	손님한테 주문을 받고 있었지。
誰も意識なんか略奪しないわよ。	아무도 의식을 빼앗지 않아。
買い物に行くなら確かに今だな。	쇼핑 갈 거면 확실히 지금이네。
いったいどこに行っているんだ？	대체 어디 가 있는 거야？
気持ちが整理できたら言うよ～。	마음 정리되면 말할게～。
何者かわからなくなってきたぞ。	뭐 하는 자인지 모르게 됐어。
スパゲティとオムライスでいい？	스파게티랑 오므라이스면 돼？
今日はやめておいた方がいいな。	오늘은 안 하는 게 좋겠어。
便利になる事を文化と言います。	편리해지는 걸 문화라고 해요。
男らしいという事じゃないかな！	남자답다는 거 아닐까！
買い物付き合ってくれないかな？	쇼핑 같이 가주지 않을래？
持ってると何かと便利そうだし。	갖고 있으면 여러모로 편하고。
応援はしてやろうと思っている。	응원은 해줄 생각이야。
サンドイッチ以外ならいいのか？	샌드위치 말고면 괜찮아？
いや、まあ、確かに食べ過ぎだ。	아니、뭐、확실히 과식이야。
缶詰は非常食には優秀だからな。	통조림은 비상식으론 훌륭하니까。
適度な運度は健康に良いんだよ。	적당한 운동은 건강에 좋아。
体の周りで移動させているんだ。	몸 주위로 이동시키고 있어。
ピクリとも俺の膝から動かない。	내 무릎에서 꿈쩍도 안 해。
部屋のどこにも居なかったけど。	방 어디에도 없었는데。
好きな物をつけて食べればいい。	좋아하는 걸 찍어 먹으면 돼。
やめよかなって思う時もあるよ。	그만둘까 싶을 때도 있어。
まるでジャングルの王者みたい。	마치 정글의 왕자 같아。
ご注文は何にいたしましょうか？	주문은 무엇으로 하시겠어요？
嫌だから甘い物は食べないのよ。	싫어서 단 건 안 먹어。
すぐに持ってきてあげるからさ。	금방 가져다줄 테니까。
逆に悲しくなってくるんだけど。	오히려 슬퍼지는데。
僕に水を持ってきてくれないか！	나한테 물 좀 가져다줄래！
朝から何にも食べてないんだろ？	아침부터 아무것도 안 먹었지？
絶対に本を何冊か置いていくの。	꼭 책 몇 권 놓고 가。
チームの仲間は喜んでくれるさ。	팀 동료들은 기뻐해 줄 거야。
まあ、自分の夢でもあるからね。	뭐、내 꿈이기도 하니까。
さっき昼食を食べたばかりじゃ？	방금 점심 먹은 참 아냐？
気持ちを踏みにじったんだから。	마음을 짓밟았으니까。
さっきまで一緒に居たんだって。	방금까지 같이 있었대。
コーヒー無料は終わったのかな？	커피 무료는 끝난 걸까？
すぐに手に入る物じゃないだろ？	금방 손에 넣을 물건은 아니잖아？
おっさんの顔にダイブしてたな。	아저씨 얼굴에 다이빙했었지。
たぶん、この街の子だと思う～。	아마 이 동네 애일 거야～。
嘘の表情作る人間ばかりだった。	거짓 표정 짓는 인간뿐이었어。
君はこの街を出て行くのだろう？	넌 이 동네를 떠날 거지？
大きく羽ばたける方を選んだの。	크게 날 수 있는 쪽을 골랐어。
自分にしかできない事なんだよ。	나만 할 수 있는 일이야。
何も変わっていないじゃないか！	아무것도 안 변했잖아！
いえ、神になって帰ってきます！	아뇨、신이 되어 돌아올게요！
世界征服とか神とか言ってたよ！	세계 정복이니 신이니 했어！
お前、何を聞いた、何を見た！？	너、뭘 들었어、뭘 봤어！？
マヨネーズ吸うだけとかだもん。	마요네즈만 빨거나 하는걸。
僕に電力を補充してくれたのは？	나한테 전력을 채워준 건？
野球のボールじゃないからね～。	야구공이 아니니까～。
貴方がこれまで旅して来た話を。	당신이 지금까지 여행한 이야기를。
プログラムを組んで欲しいとか。	프로그램을 짜줬으면 한다거나。
フリフリとか頭のフワフワとか。	흔들흔들이나 머리 폭신폭신이나。
一緒で草や果実、木の葉が好き。	풀이나 과실、나뭇잎을 좋아해。
減るもんじゃないんですから～。	닳는 것도 아니니까요～。
今日は注文取りに来ても断ろう。	오늘은 주문 받으러 와도 거절하자。
お礼も言わないといけないしな。	인사도 해야 하고。
店長新作コーヒーをもらおうか。	점장 신작 커피를 받을까。
サンドイッチを食べさせてたし。	샌드위치를 먹여줬고。
なにコレ？持って帰っていいの？	이게 뭐야？가져가도 돼？
コーヒー持ってきてあげるから。	커피 가져다줄 테니까。
自分を隠したりなんてしないよ。	자신을 숨기거나 하진 않아。
どうやらお前に話があるらしい。	아무래도 너한테 할 말이 있나 봐。
仲良くなれないわけじゃないの。	친해질 수 없는 건 아니야。
自由にしてあげられるかもって。	자유롭게 해줄 수 있을지도라고。
君というのは、いい加減やめろ。	너라고 부르는 거、그만 좀 해。
自分の羽が傷つく事を恐れない。	제 날개 다치는 걸 두려워 않아。
アンティークにメイドは基本よ。	앤티크에 메이드는 기본이야。
見られたかと思っちゃいました。	들킨 줄 알았어요。
ご主人様に迷惑掛けてばっかり。	주인님한테 폐만 끼쳐서。
嘘つけ！投げてるじゃないか！！	거짓말 마！던지고 있잖아！！
貴方がこれから住む部屋のカギ。	당신이 앞으로 살 방 열쇠。
君の羽を俺が大きくしてあげる。	네 날개를 내가 키워줄게。
感情の欠落がいいわけないだろ！	감정 결핍이 좋을 리 없잖아！
君は何をしようとしているんだ？	넌 뭘 하려는 거야？
なら、きっとあそこに違いない！	그럼 분명 저기가 틀림없어！
一緒に過ごした、あの部屋だろ？	함께 지낸 그 방이지？
何度も何度も、お父様と話した。	몇 번이고 아버님과 얘기했어。
お嬢様が、ケーキを食べたいと？	아가씨가 케이크를 먹고 싶다고？
昨日、引っ越したらしいですよ。	어제 이사했다는 것 같아요。
仕事は、しばらく無いはずだが？	일은 당분간 없을 텐데？
さっき、こんな物ひろったんだ。	아까 이런 걸 주웠어。
思っていた事が、あるんですよ。	생각하던 게 있거든요。
観たら面白いかもしれないしさ。	보면 재밌을지도 모르고。
今日は、もう帰るところなんだ。	오늘은 이제 돌아가려던 참이야。
川で洗うよりも綺麗になるから！	강에서 씻는 것보다 깨끗해지니까！
まあ、そのうちいい事もあるよ。	뭐、언젠가 좋은 일도 있을 거야。
よし、この本を読んでみるか。	좋아、이 책을 읽어볼까。
実はちょっと相談があってね。	실은 좀 상담할 게 있어서。
さて、今回は入ってみようか。	자、이번엔 들어가 볼까。
神社の入り口で待ち合わせね。	신사 입구에서 만나기로。
町の喧騒もここには届かない。	동네 소란도 여기엔 안 닿아。
いきなり行っても大丈夫だよ。	갑자기 가도 괜찮아。
いいのかい、もらっちゃって？	받아도 괜찮아？
すごいごちそうが並んでるぞ。	굉장한 진수성찬이 차려져 있어。
い、いえ気が緩んだだけです。	아、아뇨 방심했을 뿐이에요。
コンビニに寄って行かないか。	편의점에 들렀다 가지 않을래。
女の子の言っていた場所だな。	여자애가 말하던 장소네。
店には、また今度来てくれよ。	가게엔 다음에 또 와줘。
おうかがいいたしましょうか？	여쭤봐도 될까요？
いいや、まだまだがんばるぞ！	아니、아직 더 힘내겠어！
逃げ出すのは成功したけどね。	도망치는 건 성공했지만。
はい、おかゆ作っといたから。	자、죽 만들어 뒀으니까。
いったいどんなチームなんだ？	대체 어떤 팀인 거야？
強そうな名前をつけるからさ。	강해 보이는 이름을 붙일 거니까。
なかなかすばやいじゃないか。	꽤 재빠르잖아。
テントの中が荒らされている！	텐트 안이 엉망이 됐어！
目にもの見せてくれるわぁ！！	본때를 보여주겠어！！
ひかれる所だったじゃないか。	치일 뻔했잖아。
ちなみに、ここが僕の店だよ。	참고로 여기가 내 가게야。
舞台の強度に無理が出るよね。	무대 강도에 무리가 가지。
さあ、グラウンドに行こうか。	자、운동장에 갈까。
何かしたいこととかあるかい？	뭔가 하고 싶은 거 있어？
以前、野球をやっていたとか？	예전에 야구 했었다거나？
危険な任務成功にカンパーイ！	위험한 임무 성공에 건배！
全部場外まで飛んで行ってる。	전부 장외까지 날아가고 있어。
いつもヨロイ着てるんですよ。	늘 갑옷 입고 있어요。
まずいから、それはダメだね。	별로니까 그건 안 돼。
何メーターくらい泳いだんだ？	몇 미터쯤 헤엄친 거야？
おいしい料理を作ってあげる！	맛있는 요리 만들어 줄게！
全部焼けてしまったらしいな。	전부 타버렸다는 것 같아。
川の水がきらめいてキレイだ。	강물이 반짝여서 예뻐。
最後は優勝で飾って欲しいね。	마지막은 우승으로 장식했으면 해。
助っ人になってもらわなきゃ。	용병이 되어줘야지。
ちょっとどきどきしています。	좀 두근두근해요。
自由に生きてもいいじゃない。	자유롭게 살아도 되잖아。
やったあ、そう来なくっちゃ！	좋았어、그래야지！
スーパーの職員らしいですよ。	슈퍼 직원인 것 같아요。
俺がいたら迷惑じゃないのか？	내가 있으면 폐 아냐？
また練習にも参加したいしな。	또 연습에도 참가하고 싶고。
やってみたいとか思わないか？	해보고 싶다거나 안 그래？
一考には価する意見であるな。	한번 생각해 볼 만한 의견이군。
なに順番を飛ばしてるんだよ。	왜 순서를 건너뛰는 거야。
お前、ピッチャーじゃないか。	너、투수잖아。
よかったら見に来てください！	괜찮으면 보러 와 주세요！
すまないが、俺には無理だな。	미안하지만 난 무리야。
いつでも遊びに来てください！	언제든 놀러 와 주세요！
同じ生き物だし使えるだろう。	같은 생물이니 쓸 수 있겠지。
スーパーの動向が納得できる。	슈퍼의 동향이 이해가 돼。
復讐なんて時間の無駄でしょ。	복수 따위 시간 낭비잖아。
頭使わなくてよさそうだから。	머리 안 써도 될 것 같으니까。
どうしたんだ、青い顔をして。	무슨 일이야、파랗게 질려서。
なかなか頼もしいじゃないか。	꽤 믿음직스럽잖아。
ちょっと付き合ってくれない？	잠깐 같이 가주지 않을래？
お前に足りないのは責任感だ。	너한테 부족한 건 책임감이야。
はて、これは食べられたかな？	어라、이건 먹을 수 있으려나？
姿を消そうとおかまいなしだ。	모습을 감추려 해도 아랑곳없어。
警察には追いかけられる、と。	경찰한테는 쫓기고、라고。
スローカーブの落差は殺人的！	슬로 커브의 낙차는 살인적！
投球フォームは優雅そのもの！	투구 폼은 그야말로 우아해！
また反逆させてもらうけどな。	또 반역하겠지만。
主にこの球場でやってるのか？	주로 이 구장에서 하는 거야？
別の役になっちまったんだよ！	다른 역이 돼버렸어！
君の役ってアルプス星人だろ？	네 역은 알프스 별사람이잖아？
通気性はよくしておいたから。	통기성은 좋게 해뒀으니까。
困った顔が見たかったんです。	곤란해하는 얼굴이 보고 싶었어요。
来週の試合に向けて練習だー！	다음 주 시합을 위해 연습이다！
君も、大人になればわかるよ。	너도 어른이 되면 알아。
変えないとダメなことなんだ。	바꿔야만 하는 거야。
技術的には問題ないようだね。	기술적으론 문제없는 것 같네。
警備会社からのコメントです。	경비 회사의 코멘트입니다。
取り締まってもらいましょう！	단속하게 합시다！
大きく報道されたらどうする。	크게 보도되면 어쩌려고。
今日は、パスタでいいかしら？	오늘은 파스타면 될까？
今晩のおかずナニが食べたい？	오늘 저녁 반찬 뭐 먹고 싶어？
お母さんはどうしたんですか？	어머니는 어떻게 된 거예요？
必ず来てよね。待ってるから。	꼭 와야 해。기다릴 테니까。
むしろ充実してると思うんだ。	오히려 알차다고 생각해。
治してやろうと思ったんだが。	고쳐주려고 했는데。
傷跡が残ってしまったわけさ。	흉터가 남아버린 거야。
なにをシレっとしてるんだか。	뭘 시치미 떼고 있는 건지。
ええ、腕を叩かれただけです。	네、팔을 맞았을 뿐이에요。
ちょっと、びっくりしたけど。	좀 놀랐지만。
知らせたかったんでしょうね。	알리고 싶었던 거겠죠。
普通の人は来ませんものねぇ。	보통 사람은 안 오니까요。
２人だけで話してるんですの！	둘이서만 얘기하고 있는 거예요！
せめて負けないでくれよ～！！	적어도 지지는 말아줘～！！
みんなをがっかりさせないで。	다들 실망시키지 마。
鎮静剤を注射しすぎちゃって。	진정제를 너무 많이 놔서。
おかしいぞ、虫が逃げていく。	이상해、벌레가 도망쳐。
今日は、さっぱり釣れないな。	오늘은 통 안 잡히네。
赤ん坊の時に捨てられたから。	아기 때 버려졌으니까。
タコヤキ全部食べちゃったぞ。	타코야키 다 먹어버렸어。
実は少々困ったことになった。	실은 좀 곤란하게 됐어。
見つからないようにやるから。	안 들키게 할 테니까。
ウチに住み込みで働かないか？	우리 집에 얹혀 일 안 할래？
お金の持ち合わせがないんだ。	가진 돈이 없어。
変なものは食べちゃだめだよ。	이상한 건 먹으면 안 돼。
外国に行ければの話だけどね。	외국에 갈 수 있으면 얘기지만。
まだ覚えてくれてなかったの？	아직 기억 못 하고 있었어？
なんだか夢がないんですよね。	왠지 꿈이 없네요。
１匹で相手するには多すぎる。	한 마리로 상대하기엔 너무 많아。
わたし野球の事詳しいでーす。	나 야구 잘 알아요。
値段の二倍ぶんは乗らないと！	값의 두 배는 챙겨야지！
すり合わせしておいたからね。	미리 맞춰뒀으니까。
今使ってるのは右のわきの下。	지금 쓰는 건 오른쪽 겨드랑이。
結構めんどくさいみたいだし？	꽤 귀찮은 것 같고？
なんと困難なことであろうか。	얼마나 어려운 일인가。
方針をまちがえたんだろうか。	방침을 잘못 잡은 걸까。
ボール、フォアボールだって？	볼、포볼이라고？
ま、そんなことは無理だけど。	뭐、그런 건 무리지만。
チームを構成していますから。	팀을 구성하고 있으니까요。
一番効率的ということになる。	가장 효율적이라는 게 돼。
俺って本物の怪人なんだよな。	난 진짜 괴인이란 말이지。
なかったら、今頃死んでたよ！	없었으면 지금쯤 죽었어！
金は今２００円しかないけど。	돈은 지금 200엔밖에 없지만。
ほんとよく働くなぁ、あの子。	참 열심히 일하네、저 애。
ハハハ、まあそういうことだ。	하하하、뭐 그런 거야。
偉大な野球プレイヤーでーす！	위대한 야구 선수입니다！
捕虜になって終戦を迎えてる。	포로가 되어 종전을 맞았어。
アメリカの病院で亡くなった。	미국 병원에서 돌아가셨어。
いろんな景品がもらえますよ。	여러 경품을 받을 수 있어요。
店なんか続けられないでしょ。	가게 따위 계속 못 하잖아。
なんでも正直に言うからさぁ。	뭐든 솔직하게 말할 테니까。
君が必死になってかばう人物。	네가 필사적으로 감싸는 인물。
十分強いことが判ったからな。	충분히 강한 걸 알았으니까。
白い粉が入っているようだが。	흰 가루가 들어있는 것 같은데。
猛烈に食って巨大化するんだ。	맹렬하게 먹고 거대해져。
チームをやめたヤツのもんだ。	팀을 그만둔 녀석 거야。
出て行ったときには驚いたよ。	나갔을 때는 놀랐어。
ドレッシングかけただけだよ。	드레싱만 뿌렸을 뿐이야。
ねえねえ、中身だけじゃダメ？	저기저기、내용물만은 안 돼？
連勝記録がまた一つ伸びるな。	연승 기록이 또 하나 늘겠네。
家で晩ごはん食べて行かない？	집에서 저녁 먹고 안 갈래？
仕事の事は気にしなくていい。	일은 신경 안 써도 돼。
疲れているのに、無理したか。	피곤한데 무리했나。
くわしい資料は残ってないね。	자세한 자료는 안 남아있네。
泥棒じゃないか、返してくれ！	도둑놈이잖아、돌려줘！
今行ったって営業してないよ。	지금 가봐야 영업 안 해。
なんでそんな話するんだよぉ！	왜 그런 얘길 하는 거야！
食ったら、お腹が痛くなる草。	먹으면 배 아파지는 풀。
わたし達の練習でも見ていく？	우리 연습이라도 보고 갈래？
また日をあらためて来ようか。	다음에 날 잡아 다시 올까。
試合、がんばってくださいね。	시합、힘내세요。
すぐにクビ切って追い出すよ。	바로 잘라서 쫓아낼 거야。
恋人のいない人間の方が多い。	애인 없는 사람이 더 많아。
お前、怪奇現象にされてるぞ。	너、괴기 현상 취급받고 있어。
ビームが出るとか思ってたし。	빔이 나온다든가 생각했고。
15分、休憩取ってください！	15분、휴식 취하세요！
15分経ったから休憩終わり！	15분 지났으니 휴식 끝！
経営者の方が強いんだもんね。	경영자 쪽이 강한걸。
思いやりってもんじゃないの？	배려란 게 아닐까？
本当にシャレになってないな。	정말 웃을 일이 아니네。
妻と４人の子供が待っている。	아내와 네 아이가 기다려。
お互い末吉ってことにしよう。	서로 말길인 걸로 하자。
今日は一日練習にしちゃって。	오늘은 하루 종일 연습해 버려。
君の事情は知っておきたいな。	네 사정은 알아두고 싶어。
無責任なこと言ってるんだよ。	무책임한 소릴 하고 있어。
みたいなキャラがいいと思う。	같은 캐릭터가 좋을 것 같아。
演技も最近は上達してきたし。	연기도 요즘 늘고 있고。
絶対何かに使えると思うんだ。	분명 뭔가에 쓸 수 있을 거야。
頼む、むしろ見せないでくれ。	부탁이야、차라리 보여주지 마。
なんだかおかしい気がしてね。	왠지 이상한 기분이 들어서。
くそ、もうどうとでもなれ！！	젠장、이제 될 대로 되라！！
劇団でやるより恥ずかしいよ。	극단에서 하는 것보다 창피해。
いろいろ心配かけてごめんね。	여러모로 걱정 끼쳐서 미안。
怒ると、チョットだけ怖いヨ？	화나면 좀 무섭다？
ええ、３人連れのお客さんが。	네、3인 일행 손님이。
還元セールを開始しましたよ。	환원 세일을 시작했어요。
手遅れになっておるだろうな。	이미 늦었겠지。
最後の試合は勝てなかったよ。	마지막 시합은 못 이겼어。
味方の自信を奪ってどうする。	아군의 자신감을 뺏어서 어쩌려고。
オレたちが邪魔だって言うの？	우리가 방해라는 거야？
買い物に付き合ってくれない？	쇼핑 같이 가주지 않을래？
みんな現実を見てないのよね。	다들 현실을 안 보고 있어。
なんだ、そんな夢でいいのか？	뭐야、그런 꿈이면 되는 거야？
車にひかれそうになったんだ。	차에 치일 뻔했어。
いきなり、どうしたんだろう？	갑자기 무슨 일일까？
求人広告は結構あるんですよ。	구인 광고는 꽤 있어요。
ろくに休憩もできないからね。	제대로 쉬지도 못하니까。
気にせずに行ってくださいね。	신경 쓰지 말고 가세요。
俺の華麗な泳ぎを見ただろう？	내 화려한 수영을 봤지？
見よ、この美しいクロールを！	봐라、이 아름다운 크롤을！
つぶしちまったら悪いからな。	망가뜨리면 미안하니까。
商店街で漢方薬売ってるんだ。	상점가에서 한약 팔고 있어。
俺たちの実力を見せてやるぜ！	우리 실력을 보여주지！
今回はよろしくお願いします。	이번엔 잘 부탁드립니다。
チラッと雑誌に載ってたよね。	얼핏 잡지에 실렸었지。
お店、任せちゃってごめんね。	가게 맡겨버려서 미안해。
本当に家でゴロゴロしてたの？	정말 집에서 뒹굴거렸어？
来たってどうしようもないよ。	와봐야 어쩔 수 없어。
想像していたよりも地味だな。	상상했던 것보다 수수하네。
記憶は継承されないんだって。	기억은 계승되지 않는대。
前の演出家が乗り移ったって。	전 연출가가 빙의했다고。
ロマンって、いい響きだよね？	로망이란 좋은 울림이지？
なかったら見捨てていいから。	없으면 버려도 되니까。
君はサイボーグだと言ったな。	넌 사이보그라고 했지。
元はどういう人間だったんだ？	원래 어떤 인간이었어？
実験的に組み込まれてるんだ。	실험적으로 짜여 있어。
いけない作戦ってあるじゃん。	안 되는 작전도 있잖아。
まだ大きな夢が残っていたな。	아직 큰 꿈이 남아 있었지。
まだまだ、一緒にがんばろう！	아직 멀었어、같이 힘내자！
キャッチボールしたんだよな。	캐치볼 했었지。
いい選手になるんじゃないか。	좋은 선수가 될 것 같아。
ミスしても目立たない役だし。	실수해도 안 튀는 역이고。
今の劇団には必要な人材だぜ。	지금 극단엔 필요한 인재야。
ええっと、どこに出てたっけ？	그러니까、어디 나왔더라？
埋められてなかったんですね。	묻히지 않았던 거군요。
値段だって上げたくなかった。	값도 올리고 싶지 않았어。
早くこんな所から出ましょう。	어서 이런 데서 나갑시다。
お芝居のビラを配ってたんだ。	연극 전단을 돌리고 있었어。
何人か劇団員がやめてってさ。	극단원 몇 명이 그만뒀대。
どこかでピーピー音がするぞ。	어디서 삐삐 소리가 나。
一台落ちたのがわかったんだ。	한 대 꺼진 걸 알았어。
つなぎ直して使ってるんだよ！	다시 이어서 쓰고 있어！
基本は、あわてずテンポよく！	기본은 당황 말고 템포 있게！
商店街の一大イベント夏祭り。	상점가의 큰 행사 여름 축제。
すぐわかっちゃうんだよね～。	금방 알아버린단 말이야～。
全部勝つつもりでいかないと。	전부 이길 각오로 가야지。
俺は病院のベッドの上だった。	난 병원 침대 위였어。
すごく大変なんじゃないかな。	엄청 힘든 거 아닐까。
公演が打てるんじゃないかな。	공연을 열 수 있지 않을까。
話をまとめるやつがいるよな。	얘기를 정리하는 녀석이 있지。
避けているような気がするな。	피하는 것 같은 기분이 들어。
いったい、どうしたんだろう？	대체 무슨 일일까？
便利だと思う人も多いはずよ。	편하다고 여길 사람도 많을 거야。
「努力する」って意味なんだ。	「노력한다」는 뜻이야。
さあ、野球の練習に行こうか。	자、야구 연습하러 갈까。
みんな、あれ大丈夫らしいぞ！	다들、저거 괜찮은 모양이야！
演劇で基礎体力は重要なんだ。	연극에서 기초체력은 중요해。
熱中症になりかかってるんだ。	열사병에 걸리려 하고 있어。
勘弁してほしい所ですけどね。	좀 봐줬으면 하는데요。
他のお客さんの迷惑だからね。	다른 손님한테 폐니까。
またこのリストの分、頼むよ。	또 이 목록 분량 부탁해。
おれも雑誌で見たことあるぜ。	나도 잡지에서 본 적 있어。
最初から思っていたんですよ。	처음부터 생각하고 있었어요。
お客さんが来てしまいますよ。	손님이 와버려요。
言われなくでもやってやるよ！	안 시켜도 해줄게！
どうしてこんな物がここに？	왜 이런 게 여기 있지？
誰からのプレゼントだろう？	누구한테서 온 선물일까？
よろしくお願いいたします。	잘 부탁드립니다。
差し入れを持ってきました。	간식을 가져왔어요。
おいおい、オレじゃねえよ。	이봐、나 아니야。
一体何が・・・あったんだ？	대체 무슨・・・일이 있었던 거야？
勝ってくれなきゃだめだよ。	이겨줘야 해。
試合することになったぞ～。	시합하게 됐어～。
鉄骨がバラバラになってる。	철골이 산산조각 났어。
すっかり明るくなったわね。	완전히 밝아졌네。
お湯で煎じて飲んでみてね。	뜨거운 물에 달여 마셔봐。
毒にはならないと思うから。	독이 되진 않을 테니까。
勝てる可能性は高いですね。	이길 가능성은 높네요。
アイツは大の野球好きでな。	저 녀석은 야구광이라。
なんだ、心配して損したぞ！	뭐야、걱정한 게 손해네！
今日はのんびりできるんだ。	오늘은 느긋하게 쉴 수 있어。
好きなだけ走っていてくれ。	마음껏 달려줘。
野球の練習にもなるからな。	야구 연습도 되니까。
一瞬本気にしたじゃないの。	순간 진심으로 받아들였잖아。
わりと見たって人多いのよ。	의외로 봤다는 사람 많아。
ちょっと、疲れてるのかな。	좀 피곤한 걸까。
ごめん、全部売っちゃった。	미안、다 팔아버렸어。
育ての親とか、義理の親か？	길러준 부모나 의붓부모인가？
みんな、さびしがってるぜ。	다들 아쉬워하고 있어。
週末を楽しみにしているよ。	주말을 기대하고 있어。
お店は、お休みにしたんだ。	가게는 쉬기로 했어。
大騒ぎになったじゃないか。	큰 소동이 났잖아。
えっ、それどういう意味よ？	어？그게 무슨 뜻이야？
冗談に決まってるじゃない。	농담인 게 뻔하잖아。
泣くってカッコいいもんね。	우는 게 멋지지。
いいや、むしろ大歓迎だな。	아니、오히려 대환영이야。
猫の手も借りたいくらいで。	고양이 손이라도 빌리고 싶어서。
連携プレーも芸術的だしな。	연계 플레이도 예술적이고。
さ、今日はナニが食べたい？	자、오늘은 뭐 먹고 싶어？
せっかくだし、もらおうか。	모처럼이니 받을까。
共に商店街のために戦おう。	함께 상점가를 위해 싸우자。
お茶とお菓子くらい出すぜ。	차랑 과자 정도는 낼게。
会社の名前は違うけどなぁ。	회사 이름은 다르지만。
使って買わせているんです。	이용해서 사게 하고 있어요。
ろくに管理されてねえんだ。	제대로 관리도 안 돼 있어。
かわいそうなことをしたよ。	안된 짓을 했어。
時給はおどろくほど安いの。	시급은 놀랄 만큼 싸。
いや、お金持ってないんだ。	아니、돈 안 갖고 있어。
大変だ、人が流されている！	큰일이야、사람이 떠내려가！
電話番号をまちがえたかな？	전화번호를 잘못 눌렀나？
やっつけてしまいましょう！	해치워 버립시다！
来週の土曜日に決まったぞ。	다음 주 토요일로 정해졌어。
どうやって手に入れたんだ？	어떻게 손에 넣은 거야？
みんなの邪魔になるからね。	다들한테 방해가 되니까。
店長、これを見てください。	점장님、이것 좀 보세요。
変なやつらが出てきてたな。	이상한 놈들이 나왔었지。
結構なんとかなるもんだろ？	의외로 어떻게든 되잖아？
焼いたのをつけてあげるわ。	구운 걸 얹어 줄게。
全員叩きのめしてきてくれ！	전원 때려눕히고 와！
治療させてもらえなかった。	치료도 못 받았어。
いったいどういう犬なんだ？	대체 어떤 개인 거야？
悪いが、相手にはなれない。	미안하지만 상대는 못 돼。
お前との決着は持ち越しだ！	너와의 결판은 다음으로 미룬다！
心配していただいてどうも。	걱정해 주셔서 감사해요。
喜んでいる自分が、大嫌い。	기뻐하는 내가 너무 싫어。
掃除機のコードみたいだな。	청소기 코드 같네。
今のままじゃダメなんだよ。	지금 이대로는 안 돼。
大人の悪い癖かもしれぬな。	어른의 나쁜 버릇일지도。
野球の練習をしていたのか？	야구 연습을 하고 있었어？
なにか変わったことないか？	뭔가 별일 없어？
なんでもするようになった。	뭐든 하게 됐어。
君にすごい技見せてたよな？	너한테 굉장한 기술 보여줬지？
色んな町を回ってるんだよ。	여러 동네를 돌고 있어。
いや、疑ってすまなかった。	아니、의심해서 미안했어。
悪いことをした人なんです！	나쁜 짓을 한 사람이에요！
お金がらみの話題は禁止だ。	돈 관련 얘기는 금지야。
ちょっと仕事が入ったんだ。	일이 좀 들어왔어。
お風呂、用意できてるわよ。	목욕물 준비됐어。
やめた方がよくないですか？	그만두는 게 낫지 않아요？
バッタとか食べてないよね？	메뚜기 같은 거 안 먹지？
俺の方から連絡していいか？	내가 먼저 연락해도 돼？
いや、そんなのいいですよ。	아니、그런 건 됐어요。
やっつけたばかりでしょう。	방금 해치웠잖아요。
取材してくれるらしいんだ。	취재해 준다는 것 같아。
他を休ませてくれないかね。	다른 데 좀 쉬게 해주지 않겠나。
みんな、よく続けられるな。	다들 잘도 계속하네。
慎重に人と接するんだろう？	신중하게 사람을 대하는 거지？
愚者を信じるのは愚者のみ。	바보를 믿는 건 바보뿐。
今日は、重大な発表がある。	오늘은 중대한 발표가 있어。
なんなんですか、あの監督。	뭐예요、저 감독。
兄貴って呼ばせてもらうぜ！	형이라고 부를게！
よっぽど好きなんだろうね。	어지간히 좋아하나 보네。
オレも応援するしかねえか。	나도 응원할 수밖에 없나。
どうしたんです、みなさん。	무슨 일이에요、여러분。
見てる人がいっぱいいるよ！	보는 사람 잔뜩 있어！
ちょいと情報を集めてみた。	정보를 좀 모아봤어。
言いすぎじゃありませんか？	너무 심한 말 아니에요？
されば、いざ練習に参らん。	그럼、자 연습하러 가자。
つまらない宝のはずがない！	하찮은 보물일 리 없어！
尽力した私の未来も明るい！	애쓴 내 미래도 밝아！
ごめんごめん、あはははは。	미안 미안、아하하하。
思い当たることが多すぎて。	짚이는 게 너무 많아서。
ええと、具体的にどの分野？	그러니까、구체적으로 어느 분야？
ドーム球場を借りてくれる。	돔 구장을 빌려준대。
見学されることになったぞ。	견학하게 됐어。
負けることはねえだろうさ。	질 일은 없을 거야。
気をつかわせると悪いよな。	신경 쓰게 하면 미안하지。
引っ越していったヤツのだ。	이사 간 녀석 거야。
車のアクセルを踏みこんだ。	차 액셀을 밟았어。
家でブラブラしてたんだよ。	집에서 빈둥거리고 있었어。
まったくわからなかったし。	전혀 몰랐고。
いつのまにか全滅してる！？	어느새 전멸했어！？
どうして俺の方を見るんだ？	왜 나를 보는 거야？
見習ってバイトでもしたら？	본받아서 알바라도 하지그래？
共存共栄するのが一番だな。	공존공영하는 게 최고지。
買わないほうがいいかもね。	안 사는 게 나을지도。
利用しなきゃ、損じゃない？	이용 안 하면 손해잖아？
試合をすることになったぞ！	시합을 하게 됐어！
お前は家の従業員だからな。	넌 우리 집 종업원이니까。
俺もケガを早く治さないと！	나도 부상 빨리 나아야지！
まだ、よくならないみたい。	아직 안 나은 것 같아。
今日はなんだか寝苦しいな。	오늘은 왠지 잠이 안 오네。
治療費は現金払いで頼むよ。	치료비는 현금으로 부탁해。
置いたままにしておくのか？	놔둔 채로 둘 거야？
まともなのかもしれないな。	멀쩡한 걸지도 모르겠네。
バットの特徴を聞いたから。	배트 특징을 들었으니까。
わたし、どうかしてました。	나、어떻게 됐었나 봐。
男らしく、返事ちょうだい！	남자답게 대답해！
普通を超えてしまったわけ？	평범함을 넘어버린 거야？
甘やかさないでくださいね。	응석 받아주지 마세요。
償うまでこの地に縛られた。	속죄할 때까지 이 땅에 묶였어。
いろんな人と会いたいとか！	여러 사람과 만나고 싶다거나！
ピカピカに掃除しておくよ。	반짝반짝 청소해 둘게。
ほったらかしにしやがって！	내버려 두다니！
今日は一人で泣きたいんだ。	오늘은 혼자 울고 싶어。
かえって緊張しないのかな？	오히려 긴장 안 되는 걸까？
わたし帰る故郷がないんだ。	나 돌아갈 고향이 없어。
夜逃げ同然で逃げ出したの。	야반도주하듯 도망쳤어。
向こうで見つけてくれるさ。	저쪽에서 찾아줄 거야。
わたしもそれがいいと思う。	나도 그게 좋다고 생각해。
お芝居が本当に好きだもの。	연극을 정말 좋아하는걸。
俺もしっかり盛り立てるよ。	나도 제대로 북돋울게。
簡単だと、おどしてるんだ。	쉽다고 겁주고 있어。
せっかく見せてやったのに。	모처럼 보여줬는데。
気持ちだけでもうれしいよ。	마음만으로도 기뻐。
一応、責任はとらないとな。	일단 책임은 져야지。
応援ぐらいはしたげるよぉ。	응원 정도는 해줄게。
最初の人がお芝居を始める。	첫 사람이 연극을 시작해。
ゲームはクリアになります。	게임은 클리어됩니다。
食べた虫はイチコロですよ。	먹은 벌레는 즉사예요。
ごめんね、なんだか強引で。	미안、좀 억지스러워서。
今の子供は喜ばないだろう。	요즘 애들은 안 좋아하겠지。
君の世話を頼まれたんだよ。	널 돌봐달라고 부탁받았어。
おねえちゃん、悲しいなぁ。	누나、슬프네。
スポンサーの家族だろうな。	스폰서 가족이겠지。
持ち出さないでくださいよ。	갖고 나가지 마세요。
次の試合は、絶対に勝つよ！	다음 시합은 반드시 이겨！
よし、もう商店街はやめた！	좋아、상점가는 이제 관뒀어！
発電機と組み合わせてくれ。	발전기랑 조합해 줘。
気合を入れてやったわけよ！	기합 넣어서 한 거야！
本人から取り立てますから。	본인한테 받아낼 테니까。
ひかれそうになったんだよ。	치일 뻔했어。
スイッチを入れやがったな。	스위치를 켰겠다。
口を封じるつもりだったな！	입을 막을 셈이었구나！
虫がどんどん部屋の中に！？	벌레가 자꾸 방 안으로！？
疲れて大変そうじゃないか。	지쳐서 힘들어 보이잖아。
みんなで勝手に話を進めて。	다 같이 멋대로 얘기 진행하고。
いったい何のお話ですかな？	대체 무슨 얘기인가요？
どうするつもりだったんだ？	어쩔 셈이었어？
大恥をかかせてやればいい。	크게 망신 줘버리면 돼。
お前ら、ワケわかんねえぞ！	너희들、영문을 모르겠어！
俺たちの勝利にはならねえ。	우리 승리는 안 돼。
外野は口は出さないでくれ。	외부인은 참견하지 말아줘。
商店街全体の問題なんだよ！	상점가 전체 문제라고！
よし、じゃあ試合は明日だ！	좋아、그럼 시합은 내일이야！
最後までドキドキしました。	끝까지 두근두근했어요。
死んじゃったら大変でしょ？	죽어버리면 큰일이잖아？
君とあまり変わらないんだ。	너랑 별로 다르지 않아。
逃げ出しちゃったからね～。	도망쳐 버렸으니까～。
悪いことばかりじゃないよ。	나쁜 일만 있는 건 아니야。
どんな出会いがあるのかな。	어떤 만남이 있을까。
オレも仲間に入れてくれよ。	나도 끼워줘。
まだ集まっておらんのだな。	아직 안 모였구나。
学校の勉強は大丈夫なのか？	학교 공부는 괜찮은 거야？
評判が落ちるのが怖くって。	평판 떨어지는 게 무서워서。
僕が結婚したら、だなんて！	내가 결혼하면、이라니！
やってるのは食玩のサーチ。	하는 건 식완 서치。
「どうだ？」と言われても。	「어때？」라고 해도。
芝居の練習ってしないのか？	연극 연습은 안 하는 거야？
公演日とっくに過ぎてるぞ！	공연일 벌써 지났어！
お金を一人で返してんだよ。	돈을 혼자서 갚고 있어。
よし、オレも考えてみるよ。	좋아、나도 생각해 볼게。
明日、持っていってあげる。	내일 가져다줄게。
部屋の中をのぞくのもダメ！	방 안을 들여다보는 것도 안 돼！
爆発でふさがれちまってな。	폭발로 막혀버려서。
掘れって教えてくれたんだ。	파라고 알려줬어。
おっと、お前にお客さんだ。	이런、너한테 손님이야。
見送りに来てくれたのかい？	배웅하러 와준 거야？
お金がもったいないでしょ？	돈이 아깝잖아？
いい打撃結果になりやすい。	좋은 타격 결과가 나오기 쉬워。
貯まっていないと使えない。	모여 있지 않으면 못 써。
差し替えて大成功だったな。	바꿔서 대성공이었어。
盛り上げていくわけですか。	분위기를 띄워가는 거군요。
妙に盛り上がってましたな。	묘하게 달아올랐었네요。
いいだろう、語ってやるよ。	좋아、얘기해 주지。
俺は、かつて泳げなかった。	난 예전엔 헤엄을 못 쳤어。
高校２年の夏のことだった。	고교 2학년 여름이었어。
すごく重要なものなんだよ。	굉장히 중요한 거야。
読めば、全然違ってくるよ。	읽으면 완전히 달라져。
ぜんぜん理解できていない。	전혀 이해하지 못하고 있어。
悪い部分が全然直ってない。	나쁜 부분이 전혀 안 고쳐졌어。
言い訳にしないで欲しいの。	핑계로 삼지 않았으면 해。
どうなるもんでもないしな。	어떻게 될 것도 아니고。
別の脚本使うしかないだろ。	다른 대본 쓸 수밖에 없잖아。
変なキノコでも食べたのか？	이상한 버섯이라도 먹었어？
お父さんは知っているのか？	아버지는 알고 있어？
よく見えてないみたいなの。	잘 안 보이는 것 같아。
いいんじゃないでしょうか。	괜찮지 않을까요。
コマンドが追加されました。	커맨드가 추가됐습니다。
完全にだまされてましたよ。	완전히 속고 있었어요。
野球すなわちベースボール。	야구 즉 베이스볼。
さらば、次の地へ向かわん。	안녕히、다음 땅으로 향하겠다。
お線香をあげさせて下さい。	향을 올리게 해주세요。
今晩オレに付き合わないか？	오늘 밤 나랑 어울리지 않을래？
本日はフグフェスタだよ～！	오늘은 복어 페스타야～！
フグの解体ショーもあるよ！	복어 해체 쇼도 있어！
連れていった方がいいかな？	데려가는 게 나을까？
休息ポイントの設置である。	휴식 포인트 설치다。
商店街のモール化であろう。	상점가의 몰화이겠지。
一応、自給自足してます。	일단 자급자족하고 있어요。
ど、どうも失礼しました。	저、정말 실례했어요。
ハァハァ・・・やれやれ。	헉헉・・・에휴。
かなり怪しい雰囲気だな。	꽤 수상한 분위기네。
また最初から探さないと。	또 처음부터 찾아야지。
風来坊さん、お金あるの？	떠돌이 씨、돈 있어？
くそー、練習がんばるぞ！	젠장、연습 열심히 하겠어！
どこに弱点があると思う？	어디에 약점이 있다고 봐？
なにかコツでもあるのか？	뭔가 요령이라도 있어？
ごめん、聞いてなかった。	미안、안 듣고 있었어。
町の人の視線を感じるぞ。	동네 사람들 시선이 느껴져。
遅れて来るんじゃねえぞ。	늦게 오지 마。
俺たちはチームを去ろう。	우리는 팀을 떠나자。
縁があれば、また会おう。	인연이 있으면 또 만나자。
危ない運転する奴だなぁ！	위험하게 운전하는 녀석이네！
どこも苦しいんだからさ。	어디나 힘드니까。
ケガしてるのに見学かい？	다쳤는데 견학이야？
打撃はともかく、守備は？	타격은 그렇다 치고 수비는？
チケットがいいんだけど。	티켓이 좋은데。
なんだか、自信がないよ。	왠지 자신이 없어。
仕事に慣れてきたからな。	일에 익숙해졌으니까。
特別番組をやってるから。	특별 방송을 하고 있으니까。
お金、ここに置いとくね。	돈、여기 놔둘게。
ついに小学生を超えたな。	드디어 초등학생을 넘었네。
まぁ助かった、礼を言う。	뭐 살았다、고맙다。
嫌われたのかと思ったよ。	미움받은 줄 알았어。
説明するのもイヤだしさ。	설명하기도 싫고。
すごく人が多い場所だな。	사람 엄청 많은 곳이네。
どうも場違いな気がして。	어쩐지 어울리지 않는 느낌이라。
カレー大盛り、卵つきで。	카레 곱빼기、계란 얹어서。
探検隊ぐらいなものかな。	탐험대 정도려나。
まさか、ご冗談でしょう。	설마、농담이시죠。
ね、泣くって気持ちいい？	있잖아、우는 거 기분 좋아？
親父の背中に憧れていた。	아버지 등을 동경했었어。
ぜんぜん怖くないんです。	전혀 안 무서워요。
天気予報もバッチリだよ。	일기예보도 완벽해。
ははは、お任せください。	하하하、맡겨 주세요。
おいおい、見てたのか？！	이봐、보고 있었어？！
自衛のための習慣である。	자기방어를 위한 습관이야。
いいんじゃないですかね？	괜찮지 않을까요？
用意しておいてください。	준비해 두세요。
料理の作り方を見てるの。	요리 만드는 법을 보고 있어。
いっぱい持っていきなよ！	잔뜩 가져가！
いや、実力は見事だった。	아니、실력은 훌륭했어。
キャプテンはアンタだよ。	주장은 너야。
さっさと練習に行こうぜ！	얼른 연습하러 가자！
気合を入れてがんばろう！	기합 넣고 힘내자！
一体、どうなってるんだ？	대체 어떻게 된 거야？
なっていただけるそうで。	되어 주신다고 해서。
犬のフンをぬぐっていた。	개똥을 닦고 있었어。
いま試供品配ってるんだ！	지금 시제품 나눠주고 있어！
ファンデーションだって。	파운데이션이래。
アンタの言うことに従う。	네 말에 따를게。
いったい、なんのために。	대체 무엇을 위해서。
お決まりになりましたか？	정하셨어요？
タダで出せるモノ探すよ。	공짜로 낼 수 있는 걸 찾을게。
役どころって聞いたんだ。	배역이라고 들었어。
わかってなかったのか！？	몰랐던 거야！？
どういう風の吹き回しだ？	무슨 바람이 분 거야？
見えないじゃないかー！！	안 보이잖아！！
いや、操作を間違えたか？	아니、조작을 잘못했나？
部屋を貸してるだけなの？	방을 빌려주는 것뿐이야？
やっぱりちょっと変かな。	역시 좀 이상하려나。
ウチは余裕ないんですよ。	우린 여유가 없어요。
ちょうど今、終わったよ。	마침 지금 끝났어。
クリスマス前のあたりか。	크리스마스 전쯤인가。
お母さんも心配してるよ。	어머니도 걱정하고 있어。
いや、見かけなかったな。	아니、못 봤어。
おもいきりつまづいたよ。	세게 발이 걸려 넘어졌어。
一転して悪者はこっちだ。	갑자기 악당은 이쪽이야。
仲良くなっておくんだな。	친해져 두라는 거군。
ブラブラしてるだけの人？	빈둥거리기만 하는 사람？
いろいろ考えちゃうよね。	여러 생각을 하게 되지。
深い所に落ちていきそう。	깊은 곳으로 떨어질 것 같아。
売れないじゃないですか。	안 팔리잖아요。
恐怖を隠そうとしている。	공포를 숨기려 하고 있어。
遊びに来てるだけなんだ。	놀러 오는 것뿐이야。
教えていただけませんか？	알려주시겠어요？
ゆっくりしていきなさい。	천천히 있다 가。
行かないと思うんですよ。	안 갈 것 같아요。
メリットはないでしょう。	이득은 없겠죠。
根性が曲がってるんだよ！	근성이 삐뚤어졌어！
ひどいだろ、赤ん坊だよ？	너무하잖아、아기라고？
はい、ティッシュどうぞ。	자、휴지 여기요。
バイト、がんばってくれ。	알바、열심히 해줘。
直接の原因はなんなんだ？	직접적인 원인은 뭐야？
また挑戦しに来なさいよ。	또 도전하러 와。
趣味みたいなもんだから。	취미 같은 거니까。
お仕事がんばってますか？	일 열심히 하고 있어요？
どうやら野球帽のようだ。	아무래도 야구모자 같아。
試合の申し込みが来たよ。	시합 신청이 왔어。
実力を見せてもらおうか。	실력을 좀 보여줘。
今日はここで失礼します。	오늘은 이만 실례할게요。
参ったな、お見通しかよ。	졌네、다 꿰뚫어 봤나。
本におこしておかないと。	책으로 옮겨 둬야지。
メンバーの溜まり場でね。	멤버들 아지트라서。
まったく、低脳は困るよ！	참、멍청이는 곤란해！
死ぬために産まれたんだ！	죽으려고 태어난 거야！
給料をもらっているのか。	월급을 받고 있나。
はぁ～～～腹へったなぁ。	하아～～배고프네。
外から来た連中だからな。	밖에서 온 놈들이니까。
自分でやりゃあいいのに。	직접 하면 될 텐데。
バッティングマシンです。	배팅 머신입니다。
今は役に立ってるでしょ。	지금은 도움이 되고 있잖아。
みんな顔見知りだからね。	다들 아는 사이니까。
いいんじゃないんですか？	괜찮지 않아요？
監督は、どう思われます？	감독님은 어떻게 생각하세요？
感じてしまうじゃないか。	느껴져 버리잖아。
いずれにせよ、先の話だ。	어쨌든 나중 얘기야。
キャプテンだったからな。	주장이었으니까。
俺たち助っ人も必要ない。	우리 용병도 필요 없어。
勝てないかもしれないぜ。	못 이길지도 몰라。
次の試合は必ず勝とうぜ。	다음 시합은 꼭 이기자。
一休みしたくなったんだ。	좀 쉬고 싶어졌어。
使えるようになりました！	쓸 수 있게 됐어요！
まもなく会社が倒産した。	곧 회사가 도산했어。
気にしない、気にしない。	신경 안 써、신경 안 써。
少しだけお見せしました。	조금만 보여드렸어요。
お兄さんの事見直したか。	형을 다시 봤어？
チャレンジしてみるから。	도전해 볼 테니까。
結婚してなかったらなぁ。	결혼 안 했더라면。
大変なことにならないか？	큰일 나지 않을까？
今日は配達、多かったね。	오늘은 배달 많았네。
みんなも練習しているな。	다들 연습하고 있네。
グラウンドがあるだろう？	운동장이 있잖아？
町おこしに使えないかな？	마을 살리기에 못 쓸까？
全部食べきれないからさ。	다 못 먹으니까。
頭を使う必要があるかな。	머리 쓸 필요가 있을까。
いや、家はないんですよ。	아니、집은 없어요。
悪意はないから安心して。	악의는 없으니 안심해。
一冊も読んだことないよ。	한 권도 읽은 적 없어。
成長するんじゃないかな。	성장하지 않을까。
ちょっと電話してみてよ。	잠깐 전화해 봐。
よかったら、持ってって。	괜찮으면 가져가。
泊まっていかれませんか？	묵고 가지 않으실래요？
君がそう言ったんですか？	네가 그렇게 말했어요？
助けるってことなんだな。	돕는다는 거군。
奥さんと子供によろしく。	부인과 아이에게 안부 전해줘。
みんなに別れも告げずに？	다들한테 작별도 없이？
勝手に人の親を殺すなよ！	멋대로 남의 부모를 죽이지 마！
タイミングで振ってくる。	타이밍 맞춰 휘둘러 와。
混ぜてみたりするわけだ。	섞어보거나 하는 거야。
思っていたのですけれど。	생각하고 있었는데。
植え付けることも出来る。	심어 넣을 수도 있어。
助けることが償いになる。	돕는 게 속죄가 돼。
所詮は一時の夢に過ぎん。	어차피 한때의 꿈일 뿐。
いたた、なんだいったい？	아야야、뭐야 대체？
やってもらえばいいんだ。	시키면 되는 거야。
オレがやることになった。	내가 하게 됐어。
いやこれがすごいんだよ。	아니 이게 대단하다니까。
いいや、絶対に使えない！	아니、절대 못 써！
変わった芸名付けてるな。	별난 예명 붙였네。
いつかは解けてしまうぞ。	언젠가는 풀려버려。
前回よりは余裕があるな。	지난번보단 여유가 있네。
エチュードでもしてみる？	에튀드라도 해볼래？
わかってきた気がするよ。	알 것 같은 기분이 들어。
殺虫剤を噴射しましょう。	살충제를 뿌립시다。
見た目は、まあまあかな？	겉보기는 그럭저럭이려나？
よろしくおねがいします。	잘 부탁드립니다。
お前、仕事に来たんだろ？	너、일하러 온 거지？
先に教えて欲しかったな。	미리 알려줬으면 했는데。
順番を待つのも遊園地だ。	순서 기다리는 것도 놀이공원이지。
どうぞ、お入りください。	자、들어오세요。
握り方を変えてみたんだ。	잡는 법을 바꿔봤어。
明日までに考えておくよ。	내일까지 생각해 둘게。
無料送迎バスですって？！	무료 셔틀버스라고요？！
気にするな、そんなもん。	신경 쓰지 마、그런 거。
本当によろしいんですか？	정말 괜찮으신 거예요？
一昔前のビデオカメラだ。	한물간 비디오카메라야。
練習試合だったんですか？	연습 시합이었어요？
おい、どこへ行くんだよ。	이봐、어디 가는 거야。
先に失礼させてもらうぞ。	먼저 실례할게。
ちょっと注意してやろう。	좀 주의를 주자。
見つかってないんですか？	안 찾았어요？
気が向いたときに来ます。	마음 내킬 때 올게요。
痛い目にあわせられない。	혼쭐낼 순 없어。
完全勝利をあげてやるぜ！	완전 승리를 안겨주지！
楽しくなってきた感じだ。	즐거워지기 시작한 느낌이야。
図に乗ってんじゃねぇよ！	우쭐대지 마！
いったい、なんのことだ。	대체 무슨 소리야。
傷つけてしまったようだ。	상처를 준 것 같아。
練習にはしっかり来てね。	연습엔 꼭 나와。
お弁当を出しましょうね。	도시락을 내드릴게요。
寄っていきたいんだけど。	들렀다 가고 싶은데。
勝てないって言うのかよ！	못 이긴다는 거야！
明日、紅白戦をするんだ。	내일 홍백전을 해。
いつまでこの町で野球を？	언제까지 이 동네에서 야구를？
マスコミに言い訳が立つ。	언론에 변명이 서。
考えているにちがいない！	생각하고 있는 게 틀림없어！
ん～～～、なんて言うの？	음～～뭐라고 할까？
言ってくれるんだからな。	말해주니까。
はい、映画の鑑賞券２枚。	자、영화 관람권 2장。
変更になったんだってさ。	변경됐대。
なにもないみたいだけど。	아무것도 없는 것 같은데。
流星がデータの流れだよ。	유성이 데이터의 흐름이야。
来年で、やっと１０歳か。	내년이면 드디어 10살인가。
ロマンチックな場所だな。	로맨틱한 장소네。
わたしにくれたじゃない。	나한테 줬잖아。
家を持たない、流れ者さ。	집 없는 떠돌이야。
目の前にもう一人いるぞ。	눈앞에 한 명 더 있어。
気楽にやればいいんだよ。	편하게 하면 돼。
いやあ、久しぶりだなぁ。	이야、오랜만이네。
想像したことありますか？	상상해 본 적 있어요？
まだ甘えていたんですね。	아직 응석 부리고 있었네요。
オレもどうしようかなぁ。	나도 어떻게 할까。
なんかやる気出てきたぞ！	왠지 의욕이 생겼어！
ちょっと無防備すぎだな。	좀 너무 무방비네。
行かなきゃならんのかね？	가야만 하는 건가？
なにを隠してるんだろう？	뭘 숨기고 있는 걸까？
カードを使用できるんだ。	카드를 사용할 수 있어。
関係ないんじゃないのか？	상관없는 거 아니야？
お前もオレが邪魔だろう。	너도 내가 거슬리잖아。
野球しかないと確信した。	야구밖에 없다고 확신했어。
面白そうなプランですね。	재밌어 보이는 계획이네요。
商店街は一心同体ですね。	상점가는 일심동체네요。
冷たくなってきてさぁ～。	차가워지기 시작해서。
いや、俺もそれは考えた。	아니、나도 그건 생각했어。
笑っていいところなのか？	웃어도 되는 부분이야？
お前の事情はよく判った。	네 사정은 잘 알았어。
よく勉強しておかないと。	공부 잘 해둬야지。
呼び込みたいそうなんだ。	손님을 끌고 싶대。
怪傑とぐろ金属バット！！	괴걸 또구로 금속 배트！！
時間がかかりすぎるだろ！	시간이 너무 걸리잖아！
よし、これで決まりだな。	좋아、이걸로 결정이네。
店の方よろしくたのむな。	가게 쪽 잘 부탁해。
悪い影響がありますから。	나쁜 영향이 있으니까요。
いざ、次の地へ向かわん。	자、다음 땅으로 향하겠다。
まあ、昔の知り合いかな。	뭐、옛날 아는 사이랄까。
基礎練習からやってみる？	기초 연습부터 해볼래？
腹筋運動と背筋運動とか。	윗몸일으키기랑 등 운동이나。
警察か自衛隊の仕事だろ？	경찰이나 자위대 일이잖아？
おみくじコリントゲーム。	오미쿠지 코린트 게임。
いけないことがあるんだ！	안 되는 일이 있어！
アトラクションだったよ。	어트랙션이었어。
公演する気じゃないよな。	공연할 생각은 아니지？
確かに見せてもらったぜ。	확실히 봤어。
私は、北極支店なんだぞ！	난 북극 지점이라고！
今までで一番よかったよ。	지금까지 중 제일 좋았어。
すごい人が来てるんだぜ！	굉장한 사람이 와 있어！
まあ、あの２人はいいや。	뭐、저 둘은 됐어。
ナイスなアイデアですわ！	좋은 아이디어네요！
今日はダチョウの世話か？	오늘은 타조 돌보기야？
さては、お前のしわざか。	옳거니、네 짓이구나。
誰か車だ、車持って来い！	누가 차、차 가져와！
逃げたダチョウが大暴れ！	도망친 타조가 날뛴다！
今は、しばらく黙ってろ。	지금은 잠시 입 다물어。
野球では、どうでしょう。	야구로는 어떨까요。
今から反撃するところだ。	이제 반격하려던 참이야。
同じ処置がされてるわけ。	같은 처치가 돼 있는 거야。
周囲の雰囲気が変わった！	주위 분위기가 바뀌었어！
現実に戻ってこれたのか。	현실로 돌아온 건가。
さっさと練習してこいよ。	얼른 연습하고 와。
君、劇団に戻ってきてよ。	너、극단으로 돌아와。
まあ、それでもいいけど。	뭐、그래도 괜찮지만。
軍事用サイボーグなのよ。	군사용 사이보그야。
止まらなくなっちゃって。	멈추질 않게 돼서。
今日も一緒にがんばろう。	오늘도 같이 힘내자。
話を聞きたがってるんだ。	얘기를 듣고 싶어 해。
なんだか疲れちゃったよ。	왠지 지쳐버렸어。
さあ、地下通路に行くぞ。	자、지하 통로로 간다。
お前、ここにいたんだな。	너、여기 있었구나。
何にも知らねぇんだよな。	아무것도 모른단 말이지。
いつからそこにいたんだ？	언제부터 거기 있었어？
ロマンについて勉強しろ。	로망에 대해 공부해。
風来坊さん、大丈夫かな。	떠돌이 씨、괜찮으려나。
手始めに、この商店街だ。	시작으로 이 상점가야。
いや、俺には難しすぎる。	아니、나한텐 너무 어려워。
ちょっと待て、今から？！	잠깐、지금부터？！
食べることに集中するぞ！	먹는 데 집중하겠어！
まあ、しょうがないよね。	뭐、어쩔 수 없지。
誰かとケンカでもしたの？	누구랑 싸우기라도 했어？
アンタがいれば心強いね。	네가 있으면 든든하지。
教えてやってくれたまえ。	알려줘。
ほら、初日に来てただろ？	봐、첫날에 왔었잖아？
助けに行くべきだったか。	도우러 갔어야 했나。
絶対に夢をかなえられる。	반드시 꿈을 이룰 수 있어。
俺たちも応援してやろう。	우리도 응원해 주자。
俺は音楽に興味はないし。	난 음악에 관심 없고。
何の役に立つかわからん。	무슨 도움이 될지 모르겠어。
呼び止めてすまなかった。	불러 세워서 미안했어。
ジャンルはファンタジー。	장르는 판타지。
よろしくお願いしま～す。	잘 부탁드려요～。
手当てしながら待ってる。	치료하면서 기다리고 있어。
まあ、でも頑張ってたし。	뭐、그래도 열심히 했고。
体だけが目的だったのね！	몸만이 목적이었구나！
またタダ飲みしに来たの？	또 공짜로 마시러 온 거야？
まあ、そこは開き直ろう。	뭐、거긴 뻔뻔하게 나가자。
精一杯走ったんだけどな。	힘껏 달렸는데。
走って腹が減ったからな。	달렸더니 배고파졌으니까。
アッハッハッハッハッハ！	아하하하하하！
コーヒー代払ってるだろ。	커피값 내고 있잖아。
結構、話をしたりするの？	꽤 얘기 나누거나 해？
なぜか逃げられたからな。	왠지 도망쳐 버렸으니까。
君の鞄の中に入っておく。	네 가방 안에 들어가 있을게。
上手いわけじゃないよ～。	잘하는 건 아니야～。
好きな物、頼んでいいよ。	좋아하는 거 시켜도 돼。
言われる筋合いはないさ。	그런 말 들을 이유 없어。
自分でなければならない。	스스로여야만 해。
耳まで遠くなりましたか？	귀까지 어두워졌어요？
俺の体に電気をよこせよ！	내 몸에 전기를 내놔！
お水を用意いたしました。	물을 준비했어요。
おいしそうに食べてるね！	맛있게 먹네！
眼科に行った方がいいよ。	안과에 가는 게 좋겠어。
普通のコーヒーをよこせ！	평범한 커피를 내놔！
将来は不安じゃないのか？	미래가 불안하지 않아？
いつも手を引いてくれる。	늘 손을 잡아줘。
何で突然無視するんだよ！	왜 갑자기 무시하는 거야！
おかしな事をしているぞ。	이상한 짓을 하고 있어。
愛が感じられないですよ！	사랑이 안 느껴져요！
コーヒー持ってきてくれ。	커피 가져다줘。
やってる事は無茶苦茶だ。	하는 짓은 엉망진창이야。
寝ないで読んでるみたい。	안 자고 읽는 것 같아。
別に何でも構わないだろ。	딱히 아무래도 상관없잖아。
絶対になくならないから。	절대 없어지지 않으니까。
どんな繋がりなんだろう？	어떤 연결일까？
連れて行きそうだもんね。	데려갈 것 같으니까。
考え過ぎかもしれないな。	너무 깊이 생각하는 걸지도。
お前が一人で作ったのか？	너 혼자 만든 거야？
いつ学校に行ってるんだ？	언제 학교 가는 거야？
少し行けば卒業できるの。	조금만 더 가면 졸업할 수 있어。
好き勝手に言いやがって。	멋대로 지껄이고 있어。
家に帰る事ができたんだ。	집에 돌아갈 수 있었어。
君は野球をしているのか？	넌 야구를 하고 있어？
今日も元気にダメしてる？	오늘도 씩씩하게 폐 끼치고 있어？
どういう意味だ！失礼な！	무슨 뜻이야！무례하게！
貴方の物語を私に教えて。	당신 이야기를 나한테 들려줘。
皆に喜んでもらえるんだ。	다들 기뻐해 주는 거야。
俺にはそんな趣味はない。	난 그런 취미 없어。
本気で料理作れないんだ！	진짜로 요리 못 만들어！
絶対勝てるとは言えない。	반드시 이긴다곤 못 해。
食べればいいじゃないか！	먹으면 되잖아！
なんかの動物の本でしょ？	무슨 동물 책이잖아？
なんとなくありそうだろ。	왠지 있을 것 같잖아。
すぐに機嫌も元に戻るよ。	금방 기분도 돌아올 거야。
偶然、通りかかっただけ。	우연히 지나갔을 뿐이야。
交換しようと思ってね～。	교환하려고 했거든～。
お前、見てなかったのか？	너、안 보고 있었어？
僕の最高のプログラムを！	내 최고의 프로그램을！
パソコンの電源が切れた。	컴퓨터 전원이 꺼졌어。
俺は何も聞いてないけど。	난 아무것도 못 들었는데。
絶対に似合うと思うのに。	분명 어울릴 텐데。
教えないといけないのさ。	가르쳐 줘야만 해。
確かにあれは恥ずかしい。	확실히 그건 창피해。
はいとしか言えないよ～。	네라고밖에 말 못 해～。
サーカス団の団員なのか？	서커스단 단원이야？
私の側で微笑んでくれた。	내 곁에서 미소 지어줬어。
戻られなかったんですか？	돌아오지 않으셨어요？
お嬢様に頼まれたんだよ。	아가씨한테 부탁받았어。
素敵な曲でお願いします。	멋진 곡으로 부탁해요。
家で勉強してるんだもん。	집에서 공부하고 있는걸。
自由に飛び回ってるだけ。	자유롭게 날아다닐 뿐이야。
今日は試合を見てくれた？	오늘 시합 봐줬어？
私には貴方が必要だから。	나한텐 당신이 필요하니까。
生まれ変わりって信じる？	환생을 믿어？
お前も絶対にハマるから！	너도 분명 빠질 테니까！
キャーー！！カワイイ！！	꺄악！！귀여워！！
近づけなくなっちゃうの。	다가갈 수 없게 돼버려。
喫茶店でバイトしてるわ。	찻집에서 알바하고 있어。
用意してくる。待ってて。	준비하고 올게。기다려。
カレーもなんとかなった。	카레도 어떻게든 됐어。
どうするつもりなんだよ。	어쩔 셈인 거야。
ゴールドとかいそうだね。	골드 같은 거 있을 것 같네。
上手くいかないって事に。	잘 안 된다는 걸。
楽になる要素があるんだ？	편해지는 요소가 있어？
よろしくお願いするぜ！	잘 부탁해！
お弁当作ってみたんだ。	도시락 만들어 봤어。
学びたければ教えよう。	배우고 싶으면 가르쳐 주지。
ぜんぜんわからないし。	전혀 모르겠고。
青臭いことしやがって。	애송이 짓을 하고 있어。
おかずを作ったんです？	반찬을 만든 거예요？
試合前の練習始めるぞ！	시합 전 연습 시작한다！
惚れちゃうね、むしろ。	반해버리겠네、오히려。
封印を解く時が来たか。	봉인을 풀 때가 왔나。
来た来た来たぁあああ！	온다 온다 온다아아아！
すればいいじゃないか。	하면 되잖아。
なくなってるんですよ。	없어졌어요。
まずは勝利、ですよね。	우선은 승리、죠。
まさか、気のせいだろ？	설마、기분 탓이겠지？
メチャクチャ喜ぶんだ。	엄청 기뻐해。
野球もしっかり頼むよ。	야구도 제대로 부탁해。
さーて、どうかしらね？	자、어떨까？
ジャンジャン出ますよ！	팍팍 나와요！
楽だったんだけどなぁ。	편했는데。
今日もがんばってるね。	오늘도 힘내고 있네。
出るってうわさなのよ。	나온다는 소문이야。
距離など問題ではない！	거리 따위 문제가 아냐！
俺、野球の練習するよ。	나 야구 연습할게。
早く配達に行かないか！	얼른 배달하러 안 가！
苦手な物があるんだな。	못하는 게 있구나。
相手の住所、探そうか？	상대 주소 찾아볼까？
ようそんなこと言うな。	그런 소리 마。
かえって落ち着かない。	오히려 안절부절이야。
じっとしてはおれんよ。	가만히 있을 수 없어。
変なのが混じってるぞ。	이상한 게 섞여 있어。
なんてずるいやつらだ！	참 얄미운 놈들이네！
今年は調子いいんだね。	올해는 컨디션 좋네。
また３連勝なんでしょ？	또 3연승이잖아？
いきなり派手に転んで！	갑자기 요란하게 넘어져서！
カットしたんだってさ。	잘랐대。
泣いている時は最低だ。	울고 있을 땐 최악이야。
我が家で歓迎しますよ。	우리 집에서 환영할게요。
いいんじゃないですか。	괜찮지 않아요。
商店街もおしまいだぜ。	상점가도 끝장이야。
見るのがつらいんだろ。	보기가 괴롭잖아。
来いよ、このヘタクソ！	와봐、이 서투른 놈！
すごくがんばれるんだ。	엄청 힘낼 수 있어。
人は来ませんでしたか？	사람은 안 왔어요？
ウチも２軒ほど来たよ。	우리도 두 집쯤 왔어。
料金がものすごく安い。	요금이 엄청 싸。
試合することが多いな。	시합하는 일이 많네。
作ってもらったんだよ？	만들어 받은 거야？
死んじまったからなぁ。	죽어버렸으니까。
少し激しく練習するぞ。	좀 격하게 연습한다。
どうした、キャプテン？	무슨 일이야、주장？
ユニフォーム着るだろ！	유니폼 입잖아！
いかないみたいですね。	안 되는 것 같네요。
ちょうどいい相手だな。	딱 좋은 상대네。
一匹で生きてきたんだ。	혼자서 살아왔어。
不思議に思わないんだ？	이상하게 안 여겨？
ええと、あとトイレも。	그러니까、그리고 화장실도。
多い訳じゃないだろう。	많은 것도 아니잖아。
いや、上手じゃないか。	아니、잘하잖아。
言ったんじゃないです。	말한 게 아니에요。
カレーをいただきます。	카레 잘 먹겠습니다。
ひと手間多いんですよ。	손이 하나 더 가요。
子供は出ていきなさい！	애들은 나가！
時間をかせぎましょう！	시간을 벌읍시다！
なんとかなるでしょう。	어떻게든 되겠죠。
バレかけてあせったよ。	들킬 뻔해서 조마조마했어。
やり直すことになるぞ。	다시 하게 돼。
さっきからここにいた？	아까부터 여기 있었어？
早く配達に行かねえか！	얼른 배달하러 안 가！
エサをもってきたんだ。	먹이를 가져왔어。
なにを冷静にしてんの？	뭘 침착하게 있는 거야？
さ、さ、一曲歌うよっ！	자、자、한 곡 부를게！
スズメバチが死んでる。	말벌이 죽어 있어。
別に罰則はないからね。	딱히 벌칙은 없으니까。
議会に圧力をかけてる。	의회에 압력을 넣고 있어。
いつでも受けて立つぞ。	언제든 받아주지。
わかって欲しいんだよ。	알아줬으면 해。
ワシには自信がないよ。	난 자신이 없어。
ケガの具合はいいのか。	부상 상태는 괜찮아？
どこから出してるんだ？	어디서 꺼내는 거야？
産みの親より育ての親。	낳은 정보다 기른 정。
さびしくなんかないぜ！	외롭지 않아！
いいコンビだったよな。	좋은 콤비였지。
公園で見つけたんだよ。	공원에서 발견했어。
特殊な場所にあります。	특수한 곳에 있어요。
言い争いなんてするな。	말다툼 같은 거 하지 마。
わかった、場所変える。	알았어、장소 바꿀게。
ほら、こっち来いって！	봐、이쪽으로 오라니까！
いったいどうしたんだ。	대체 무슨 일이야。
さあ、とっとと練習だ！	자、얼른 연습이다！
使えるものはないかな？	쓸 만한 게 없을까？
飛行機に乗れないんだ。	비행기를 못 타。
気がしてきたんだよな。	그런 기분이 들기 시작했어。
落ちてるものなんだな。	떨어져 있는 거구나。
いやティッシュだけど。	아니 휴지인데。
また、いたしかたなし。	또、어쩔 수 없지。
上がっちゃってますよ。	올라가 있어요。
まじめに考えて損した！	진지하게 생각한 게 손해네！
ま、似たようなもんね。	뭐、비슷한 거지。
やめてくれないかしら。	그만둬 주지 않을래。
幼虫は食べてないよね！	애벌레는 안 먹었지！
さっき電話が動いたぞ？	방금 전화가 움직였어？
ますます冗談じゃない！	점점 농담이 아니야！
守護霊の類であったか。	수호령 같은 거였나。
君はそのままでいいよ。	넌 그대로면 돼。
はっきり言って無理だ。	딱 잘라 말해 무리야。
大事なものだと思うぞ。	소중한 거라고 생각해。
返してもらえないかな？	돌려받을 수 없을까？
バナナ分けてあげるよ。	바나나 나눠 줄게。
君の学校に行ってるよ。	네 학교에 다니고 있어。
実力があれば関係ない！	실력이 있으면 상관없어！
ちょっと失礼しますね。	잠깐 실례할게요。
試合を申し込んできた。	시합을 신청해 왔어。
やってもらおうと思う。	시키려고 해。
聞いてなかったんでね。	안 듣고 있었거든。
君、よく気がつくなぁ。	너、눈치가 빠르네。
今の状況も変わるかな？	지금 상황도 바뀔까？
テント張ってんのかよ。	텐트 치고 있는 거야。
引っ越していったんだ。	이사 갔어。
見てみて、リンゴ飴よ！	봐봐、사과사탕이야！
色々と助けてくれてさ。	이것저것 도와줘서。
お前の事、見直したよ。	너를 다시 봤어。
今朝の料理、覚えてる？	오늘 아침 요리 기억나？
よお、お邪魔してるぜ。	어이、실례하고 있어。
さっぱりしたらどうだ。	깔끔하게 하는 게 어때。
400円ももらったよ。	400엔이나 받았어。
なら、一緒に行こうよ。	그럼 같이 가자。
つけが効かないからね。	외상이 안 되니까。
いやぁ～、参りました。	이야～、졌습니다。
キャッチボールしよう。	캐치볼 하자。
ちょっと出かけてくる。	잠깐 나갔다 올게。
一歩も外に出てないの？	한 발짝도 밖에 안 나갔어？
つまらないじゃないか。	재미없잖아。
非常に珍しい本ですね。	매우 희귀한 책이네요。
本物の匂いがするんだ。	진짜 냄새가 나。
せっかく告白したのに！	모처럼 고백했는데！
お前が望んだのだろう？	네가 바란 거잖아？
日常勤務の繰り返しで。	일상 근무의 반복이라。
戦は惜しかったですね。	승부는 아쉬웠네요。
別の料理っぽくなるし。	다른 요리처럼 되고。
ど真ん中に戻るからな。	한복판으로 돌아오니까。
出ないって知ってるよ！	안 나오는 거 알아！
相手も仲間もいるよね。	상대도 동료도 있잖아。
作ってあるらしいんだ。	만들어 뒀다는 것 같아。
投げ出しておいてくれ。	던져 놔줘。
ご両人やっていきなよ。	두 분 잘해봐。
僕、全然怒ってないよ。	나 전혀 화 안 났어。
言わなくてもいいだろ。	말 안 해도 되잖아。
サードやってたんだよ。	3루수 했었어。
用意して入ってくるの。	준비하고 들어오는 거야。
なかなか面白かったよ！	꽤 재밌었어！
さっそく現場へ行こう。	당장 현장으로 가자。
説明してなかったのか？	설명 안 했었나？
なら、また来てくれる？	그럼 또 와줄래？
お宝は見つかったのか？	보물은 찾았어？
イジワルになってない？	심술궂게 굴고 있지 않아？
実力で勝てばいいんだ。	실력으로 이기면 돼。
好きなだけやらせとけ。	마음껏 하게 놔둬。
オーケーしましょうよ！	오케이 합시다！
私、感服いたしました。	저、감복했습니다。
関係ないと思うけどな。	상관없다고 생각하는데。
いらしていいんですよ。	오셔도 돼요。
一緒に家まで帰らない？	같이 집까지 안 갈래？
オレの勝ちのようだな！	내 승리인 것 같군！
世の中のためなんだよ！	세상을 위해서야！
ど、どうなってるんだ！	어、어떻게 된 거야！
共倒れになるだけです！	같이 쓰러질 뿐이에요！
どうして怒ってるんだ。	왜 화내는 거야。
目覚まさせてやろうぜ！	정신 차리게 해주자！
ごちそうになりますね。	잘 먹을게요。
昨日ここに来た人だよ！	어제 여기 온 사람이야！
まさか居着くとはねぇ。	설마 눌러앉을 줄이야。
９人いないじゃないか。	9명 없잖아。
作ったりもするけどね。	만들기도 하지만。
いきなり当たるとはね。	갑자기 맞을 줄이야。
どうかなと思いまして。	어떨까 싶어서요。
大事にしたいんだよね。	소중히 하고 싶어。
まるで夜空みたいだな。	마치 밤하늘 같네。
本当の年齢は９歳だよ。	진짜 나이는 9살이야。
想像するだけで怖いよ。	상상만 해도 무서워。
次の公演が決まったの！	다음 공연이 정해졌어！
行ってみたらどうかな。	가보는 게 어떨까。
野球の経験はあるのか？	야구 경험은 있어？
なんともならないのか。	어떻게 안 되는 건가。
オレを入門させてくれ！	나를 입문시켜 줘！
野球を修行したいんだ。	야구를 수련하고 싶어。
始まるから静かにしろ！	시작하니까 조용히 해！
お互い、がんばろうぜ。	서로 힘내자。
ミーティングがあるし。	미팅이 있고。
おじちゃんじゃないか。	아저씨잖아。
始めようと思うんだが。	시작하려고 하는데。
先に準備しといてくれ。	미리 준비해 둬。
罰は与えてくれないの？	벌은 안 주는 거야？
何も解決されないよな。	아무것도 해결 안 되잖아。
入ってないんじゃない？	안 들어 있는 거 아냐？
持ってきてあげるよー！	가져다줄게！
別れるのがつらいって。	헤어지는 게 괴롭다고。
試合があるじゃねえか。	시합이 있잖아。
一回たったの５００円！	한 번에 딱 500엔！
やっていってくれよ～。	잘해줘～。
世間の反応も上々だよ！	세간의 반응도 좋아！
馬鹿な俺を笑ってくれ。	바보 같은 날 비웃어줘。
みんな、芝居しようぜ！	다들、연극하자！
みんなミーティングな。	다들 미팅이야。
作品がないじゃないか。	작품이 없잖아。
よく聞こえなかったよ。	잘 안 들렸어。
聞かせていただきます。	들려주시죠。
やや、これは奇遇なり。	이런、이거 우연이군。
ほう、野球と申したか。	오호、야구라고 했나。
まずは基礎練習からね。	우선 기초 연습부터야。
今日はお疲れ様でした。	오늘 수고하셨어요。
神様に感謝しないとね。	신께 감사해야지。
お父さん、すみません。	아버지、죄송해요。
ほら、さっさと起きて。	자、얼른 일어나。
ひどい場合は入院だぞ。	심하면 입원이야。
悪の手には渡さないぞ！	악의 손에는 안 넘겨！
本番は厳しいらしいよ。	실전은 힘들다는 것 같아。
出られなくなったんだ。	못 나가게 됐어。
さあ、二人とも入って！	자、둘 다 들어와！
素人だよ、無理だって！	아마추어야、무리라니까！
お願いしていいですか。	부탁해도 될까요。
演技には自信あるんだ。	연기엔 자신 있어。
さあ、みんな始めよう！	자、다들 시작하자！
なるほど、本でしたか！	그렇군、책이었군요！
なるほど、聖書ですか！	그렇군、성경이군요！
なんだ、元気がないな。	뭐야、기운이 없네。
いい本なんだけどなぁ。	좋은 책인데。
観に来てくれてたんだ。	보러 와줬었구나。
わたし達ってなんなの。	우리는 뭐인 거야。
回って安く集めとくよ。	돌아다니며 싸게 모아둘게。
お話というのは・・・。	얘기라는 건・・・。
呼ばれている一品でね。	그렇게 불리는 요리인데。
はぁ・・・そうですね。	하아・・・그렇네요。
かなうかもしれないな。	이뤄질지도 모르겠네。
さわれて、乗れるんだ。	만질 수 있고 탈 수 있어。
先生～、なにか心配事？	선생님～、무슨 걱정거리？
まさか、逃げたのか？！	설마、도망친 거야？！
大騒ぎになってしまう！	큰 소동이 돼버려！
はぁ～、だめだこりゃ。	하아～、이거 안 되겠네。
戻って来れなくなるぞ！	못 돌아오게 돼！
出てってくれねぇかな。	나가 주지 않으려나。
全然迷惑じゃないもん。	전혀 폐 아닌걸。
二度と舞台に立つな！！	두 번 다시 무대에 서지 마！！
大声でケンカしてるぞ。	큰 소리로 싸우고 있어。
今、救急車呼んだから！	지금 구급차 불렀으니까！
な・・・なんか見えた？	뭐・・・뭔가 보였어？
グループって知ってる？	그룹이란 거 알아？
わかってもらいたいの。	알아줬으면 해。
みんなが信じると思う？	다들 믿을 것 같아？
心配する人もいるから。	걱정하는 사람도 있으니까。
からかいがいあるなぁ。	놀려먹는 맛이 있네。
イベント短縮しますか？	이벤트 단축할까요？
おいしいんだからさぁ！	맛있으니까！
俺はこれで失礼します。	저는 이만 실례할게요。
まだまだ頑張らないと。	아직 더 힘내야지。
よろしくお願いします！	잘 부탁드립니다！
すごいチャンスなんだ。	굉장한 기회야。
引き込まれてしまって。	빠져들어 버려서。
ガードマンを呼ぼうか？	경비원을 부를까？
悪徳プロデューサーだ。	악덕 프로듀서야。
ぶっとばしてやるのに。	날려버릴 텐데。
セリフじゃないでしょ。	대사가 아니잖아。
今日はやめとこうかな。	오늘은 관둘까。
別に用事はないけど～。	딱히 볼일은 없지만～。
見ての通り筋トレだよ。	보다시피 근력운동이야。
今日は一人で食べるか。	오늘은 혼자 먹을까。
今日はまともだったな。	오늘은 멀쩡했네。
子供が見たら泣くだろ。	애가 보면 울겠지。
サンドイッチ５０人前。	샌드위치 50인분。
予想通り怪我をしたな。	예상대로 다쳤네。
ちょっと体を動かそう。	좀 몸을 움직이자。
コーヒー持ってくるね。	커피 가져올게。
来ないんじゃないかな。	안 오지 않을까。
ごめん、なんでもない。	미안、아무것도 아냐。
私との連絡が取り放題。	나와 연락 마음껏 가능。
熱くなってしまったな。	뜨거워져 버렸네。
カタコトになってるよ。	서툰 말투가 됐어。
ちょっと行ってくるぜ！	잠깐 갔다 올게！
料理の隠し味は愛情よ。	요리의 비밀 재료는 애정이야。
起きてる時はかわいい。	깨어 있을 땐 귀여워。
国際的に有名って事よ。	국제적으로 유명하단 거야。
何回でも嫌いじゃない。	몇 번이라도 싫지 않아。
割に合わないと思って。	수지가 안 맞다 싶어서。
つまり、それは下克上！	즉、그건 하극상！
さっきより怒ってない？	아까보다 화났지 않아？
私にとっての特別な日。	나에게 특별한 날。
誰かを待っているのか？	누군가를 기다리는 거야？
さっさと充電させろよ！	얼른 충전시켜 줘！
いろんな物が落ちるぞ！	여러 게 떨어져！
意味がないじゃないか。	의미가 없잖아。
一人ぼっちじゃないよ。	외톨이가 아니야。
気付くんじゃないかな。	눈치채지 않을까。
どうかなと思うけどね。	어떨까 싶은데。
なんで太らないんだろ？	왜 안 찌는 걸까？
思っているんですけど。	생각하고 있는데요。
普通のコーヒーで頼む。	평범한 커피로 부탁해。
すぐにお持ちしますね。	바로 가져다드릴게요。
お前も見てみたいだろ？	너도 보고 싶잖아？
な、何を言っているの？	무、무슨 소릴 하는 거야？
いや、外見じゃなくて。	아니、겉모습이 아니라。
いつも心配してくれる。	늘 걱정해 줘。
戻ればいいじゃないか。	돌아가면 되잖아。
外見の事じゃないよ～。	겉모습 얘기가 아니야～。
予定していた式は延期。	예정했던 식은 연기。
誰だってあるでしょう。	누구나 있잖아요。
僕にできない事はない。	나한테 못 할 건 없어。
やりたい事があるから。	하고 싶은 게 있으니까。
同じ意味になるからな。	같은 뜻이 되니까。
読んでた本じゃないか。	읽던 책이잖아。
注文取れないじゃない。	주문 못 받잖아。
アンタなんか知らない！	너 따위 몰라！
子供の頃から見えてた。	어릴 때부터 보였어。
普段は俺が作ってるし。	평소엔 내가 만들고。
負けたら、どうするの？	지면 어쩔 거야？
自分しかできないんだ。	나만 할 수 있어。
俺は見逃さなかったぞ！	난 놓치지 않았어！
絶対に似合うと思うよ。	분명 어울릴 거야。
今日はもう５皿目だよ。	오늘 벌써 다섯 접시째야。
どうでもいいって感じ！	아무래도 상관없단 느낌！
いいのかもしれないな。	괜찮을지도 모르겠네。
自給自足だし、大変さ。	자급자족이고、힘들어。
コビトカバよりも珍獣。	난쟁이하마보다 진귀한 짐승。
動かすのは不可能だね。	움직이는 건 불가능하네。
ちなみに全年齢対象だ。	참고로 전 연령 대상이야。
僕は彼女に告白するよ！	난 그녀에게 고백할 거야！
困った顔をしてくれた。	곤란한 얼굴을 해줬어。
お嬢様の為に作られた。	아가씨를 위해 만들어졌어。
話しているのを聞くの。	얘기하는 걸 듣는 거야。
十分な理由だと思うよ。	충분한 이유라고 생각해。
働いた方が良くないか？	일하는 게 낫지 않아？
ボ～ク間違っていたよ。	나～ 틀렸었어。
敵に回して頑張ります。	적으로 돌리고 힘낼게요。
探す手段も無いからな。	찾을 방법도 없으니까。
何でもしてあげられる。	뭐든 해줄 수 있어。
はまりそうな分野だし。	빠질 것 같은 분야고。
君にも貸してやるから！	너한테도 빌려줄 테니까！
何もする気が起こらん。	아무것도 할 마음이 안 나。
な、なに言ってるんだ？	무、무슨 소릴 하는 거야？
何度も何度もしつこく。	몇 번이고 끈질기게。
一目惚れというやつか！	첫눈에 반한 거군！
やっぱり不似合いだろ。	역시 안 어울리잖아。
お怪我はありませんか？	다치신 데는 없어요？
何も話してくれません。	아무것도 말해주지 않아요。
慕っているからだろう。	따르고 있어서겠지。
コーヒーを用意するが？	커피를 준비할까？
いや、違う！あの人だ！	아니、달라！그 사람이야！
戻りたくなんてないよ。	돌아가고 싶지 않아。
やっと言ってくれたね。	드디어 말해줬네。
行く約束をしてたよな。	가기로 약속했었지。
話してないで仕事しろ。	떠들지 말고 일해。
自分で選べばいいだろ。	직접 고르면 되잖아。
知り合いなんですよね。	아는 사이죠。
私には、わからないな。	난 모르겠네。
俺も、そんな感じかな。	나도 그런 느낌이려나。
思ってる通りの物だよ。	생각한 그대로의 물건이야。
確認しようと思ってね。	확인하려고 했거든。
私も、この曲好きだし。	나도 이 곡 좋아하고。
アクション映画だよな。	액션 영화지。
ご飯買ってきたからさ。	밥 사 왔으니까。
食材買っただけなんだ。	식재료 산 것뿐이야。
お父さんの書斎なんだ。	아버지 서재야。
世界中を周ってるんだ。	온 세계를 돌고 있어。
傷つくなら新しい羽を。	다치면 새 날개를。
むしろ対等以下の扱い？	오히려 대등 이하 취급？
引きちぎって進むこと。	끊고 나아가는 것。
温暖化現象かああぁぁ！	온난화 현상인가아아！
過ごしているなんてな。	지내고 있다니。
考古学者だったのかな？	고고학자였던 걸까？
言ったと思ってるんだ！	말했다고 생각하는 거야！
今日は、楽しみますか！	오늘은 즐겨볼까！
風邪でもひきそうだよ。	감기라도 걸릴 것 같아。
私も、お腹すいたしな。	나도 배고프고。
なかなか楽しかったよ。	꽤 즐거웠어。
見たことない規格だね。	본 적 없는 규격이네。
今のを、かわしますか。	방금 걸 피하시겠어요。
兄貴、ケガしてんの？	형、다쳤어？
なくなってしまうの。	없어져 버려。
巻き込まれないかな。	휘말리지 않을까。
君も一緒にどうだい？	너도 같이 어때？
お前、大人げないぞ！	너、어른답지 못해！
やばい、遅れるよ～！	큰일이야、늦어～！
おーい、待ってくれ！	어이、기다려！
絶対勝ってくれよー！	꼭 이겨줘！
おら、練習だ、練習！	자、연습이다、연습！
立て直してくれるさ。	다시 세워줄 거야。
働くことにしたのね。	일하기로 했구나。
なんだろうか、これ。	뭘까、이거。
キノコが生えてるぞ。	버섯이 자라 있어。
子供のころ以来だよ。	어릴 때 이후 처음이야。
バッチリ押さえるよ。	확실히 잡아둘게。
はい、チラシどうぞ！	자、전단 받으세요！
ふーん、バイトかぁ。	흐음、알바인가。
いつの間に来たんだ？	언제 온 거야？
生活は大丈夫なのか？	생활은 괜찮은 거야？
教えてやらないとな。	가르쳐 줘야지。
残ってないんですか？	안 남았어요？
お客さん、ラッキー！	손님、행운이에요！
俺の上で寝てたのか。	내 위에서 자고 있었나。
お客さんが来てるよ。	손님이 와 있어。
から電車で２０分か。	에서 전철로 20분인가。
一緒に応援しようか。	같이 응원할까。
君も応援ありがとう。	너도 응원 고마워。
書いてあったんだよ。	적혀 있었어。
日が昇る方向だから！	해 뜨는 방향이니까！
役に立つと思うんだ。	도움이 될 것 같아。
申しわけありません！	죄송합니다！
さっさと打って来い。	얼른 치고 와。
気が向いたら行くよ。	마음 내키면 갈게。
上手くなりたいんだ。	잘하고 싶어。
さようならぁ～～！！	안녕히～～！！
工事現場でのことか？	공사 현장에서 있었던 일이야？
増えることになった。	늘어나게 됐어。
なんだ、顔見知りか？	뭐야、아는 사이야？
軽率なんじゃないの？	경솔한 거 아니야？
どれにしようかなぁ。	어느 걸로 할까。
ええと・・・これは？	그러니까・・・이건？
言ってたじゃないの。	말했잖아。
いつまで遊んでるの。	언제까지 놀 거야。
くん仕事が早いねぇ。	일이 빠르네。
役者もかねてるけど。	배우도 겸하고 있지만。
不具合が出ています。	오류가 나고 있어요。
なんかおごりますよ。	뭔가 사드릴게요。
牛丼なんかどうです？	소고기덮밥은 어때요？
ふふふ、冗談ですよ。	후후후、농담이에요。
困らせようと思って。	곤란하게 하려고。
食べたくなったんだ。	먹고 싶어졌어。
大変だったんですね。	힘드셨겠네요。
おじさん仕事しない？	아저씨 일 안 해？
すぐに寝てしまうな。	금방 잠들어 버리네。
すごく不安になるの。	엄청 불안해져。
おめでたい日なのか？	경사스러운 날이야？
行ったらどうだろう。	가보는 게 어떨까。
わ、私だって・・・！	나、나도・・・！
どうしてそう思うの？	왜 그렇게 생각해？
ええ、考えてみるわ。	응、생각해 볼게。
直接入力してるのか？	직접 입력하는 거야？
おーい、そこの少年！	어이、거기 소년！
巡査に届けてこよう。	순경한테 신고하고 오자。
いや、今のところは。	아니、지금으로선。
スーパー側の策略だ。	슈퍼 측의 책략이야。
なにをしていたんだ？	뭘 하고 있었어？
口論になったんだよ。	말싸움이 됐어。
まったく平気ですよ。	전혀 괜찮아요。
よし、やらせてくれ！	좋아、시켜줘！
バッタはさすがにね。	메뚜기는 좀 그렇지。
さて、仕事頑張るか！	자、일 열심히 할까！
一体何が見えるんだ？	대체 뭐가 보이는 거야？
申し込んできたんだ。	신청해 왔어。
お金は返ってこない。	돈은 안 돌아와。
なんとか妥協します。	어떻게든 타협할게요。
今日は宅配のバイト？	오늘은 택배 알바야？
どう思ってるんだよ？	어떻게 생각하는 거야？
全選手を操作します。	전 선수를 조작해요。
よくわからないんだ。	잘 모르겠어。
我は我のみを信ずる。	나는 나만을 믿는다。
バナナもらったって？	바나나 받았다고？
無人みたいなもんだ！	무인이나 마찬가지야！
会長のいとこなんだ。	회장님 사촌이야。
持たなきゃいかんよ？	가져야만 해。
君を疑って悪かった。	널 의심해서 미안했어。
おい、ちょっと待て！	이봐、잠깐만！
酒屋が一軒あったな。	술집이 하나 있었지。
夕方じゃだめなのか？	저녁엔 안 돼？
冗談だと思ってたぜ。	농담인 줄 알았어。
目的は、なんなんだ？	목적은 뭐야？
飼いたかったんだな。	키우고 싶었구나。
やたらとほえたんだ。	마구 짖어댔어。
なんとかなりますよ。	어떻게든 될 거예요。
どうしたの２人とも。	무슨 일이야 둘 다。
まずいんじゃないか。	곤란하지 않아？
今日も配達は多いぜ！	오늘도 배달 많아！
用意しておくからね。	준비해 둘게。
抜け穴があったんだ。	샛길이 있었어。
無理じゃないかなぁ？	무리 아닐까？
意外にいい値段だな。	의외로 값이 괜찮네。
おい、お前達は誰だ！	이봐、너희는 누구야！
早く家に帰りなさい。	어서 집에 가。
ちょっと見てみるか。	좀 봐볼까。
まだ減ったほうだよ。	그나마 줄어든 편이야。
カラになってたんだ。	텅 비어 있었어。
なかなかいけるんだ。	꽤 먹을 만해。
草も料理に使ったし。	풀도 요리에 썼고。
ちょっと遠くないか？	좀 멀지 않아？
考えなかったのかな？	생각 안 했던 걸까？
シーン練習始めるよ！	장면 연습 시작할게！
親しみが出るでしょ。	친근감이 생기잖아。
見たことがあります。	본 적이 있어요。
読んでもらわないと。	읽어 줘야지。
母親失格ですね、私。	엄마 자격 미달이네요、난。
よかった、よかった。	다행이야、다행이야。
わかった、まかせろ。	알았어、맡겨둬。
今日のお昼にどうぞ。	오늘 점심으로 드세요。
思い込ませたわけか。	믿게 만든 건가。
早く帰って来やがれ！	얼른 돌아와！
出来てるんだと思う。	돼 있는 것 같아。
いったいなんなんだ？	대체 뭐야？
見てのお楽しみだよ。	보고 나서의 즐거움이야。
いやあ大変だったよ。	이야 힘들었어。
上達してるじゃない！	실력이 늘었잖아！
シャクなんだよねぇ。	얄미워 죽겠어。
最初は思ってたんだ。	처음엔 생각했어。
わたしなんか、大凶！	나 같은 건 대흉！
わからないじゃない。	모르잖아。
どこがよかったんだ？	어디가 좋았어？
また練習に来てよね。	또 연습에 와。
内容は面白かったよ。	내용은 재밌었어。
わかってあげないと。	이해해 줘야지。
いなくなろうとした？	사라지려고 했어？
今日はありがとうね。	오늘 고마워。
おねえちゃん怒るヨ？	누나 화낸다？
いい練習になったよ。	좋은 연습이 됐어。
誰かから借りてくれ。	누구한테 빌려 와。
オレも帰って寝るわ。	나도 돌아가 잘래。
逃げるんじゃないよ！	도망치지 마！
おかしいのはお前だ！	이상한 건 너야！
ごめん、急に気分が。	미안、갑자기 속이。
妙なところで会うな。	묘한 데서 만나네。
誰か川に流されてる！	누가 강에 떠내려가！
楽しいみたいですし。	즐거운 것 같고。
ロマンを感じるなぁ。	로망이 느껴지네。
旅ガラスですからね。	떠돌이 신세니까요。
いけないんじゃない？	안 되는 거 아냐？
ちょっと待ちなさい！	잠깐 기다려！
いまさら泣き言かい？	이제 와서 우는소리야？
次の試合で戦えない。	다음 시합에서 못 싸워。
素人には難しいかな。	초보한텐 어려우려나。
楽しみにしているよ。	기대하고 있어。
君、もう帰ってるよ。	너、벌써 갔어。
作られた人間だから。	만들어진 인간이니까。
まったく失礼だよね。	정말 무례하네。
子供とは思えないな。	애라곤 생각 못 하겠네。
作り直すそうだけど。	다시 만든다는데。
チェックしてたんだ。	체크하고 있었어。
えっ、そうなのか！？	어？그런 거야！？
練習をしているのか。	연습을 하고 있나。
やったことがあるぜ。	해본 적 있어。
まだ生きていたんだ。	아직 살아 있었어。
いい材料使ってるの。	좋은 재료 쓰고 있어。
やっていけないのよ。	버틸 수가 없어。
ちょっと疲れていて。	좀 지쳐 있어서。
変な音がしてるんだ。	이상한 소리가 나。
なにをやってるんだ？	뭘 하고 있는 거야？
おとなしくしててね。	얌전히 있어。
どんどん悪くなるぞ。	자꾸 나빠져。
自滅するとも知らず。	자멸하는 줄도 모르고。
なっちゃうじゃない。	돼버리잖아。
ご一緒できますけど。	함께 갈 수 있는데。
なんでしょうけどね。	그렇겠지만요。
何球か当てているな。	몇 개는 맞히고 있네。
よく出来てるよね～。	잘 만들어졌네～。
色々お金かかってさ。	이것저것 돈이 들어서。
右側が相手の手札だ。	오른쪽이 상대의 패야。
徐々に増えていくぞ。	서서히 늘어나。
チームの投手なのか？	팀 투수인 거야？
ちょ、ちょっと待て。	자、잠깐만。
必ずやるものなのか？	꼭 하는 거야？
ちょっと聞いてくれ。	잠깐 들어봐。
何も書いてないのよ！	아무것도 안 적혀 있어！
近寄らないで下さい。	다가오지 마세요。
２年前のやつなのに。	2년 전 것인데。
帰るのが遅くなって。	돌아가는 게 늦어져서。
泣いてるのか、お前？	우는 거야、너？
なんとフグが3割引！	무려 복어가 3할 할인！
お客さんも大喜びだ。	손님도 아주 기뻐해。
公演は絶対にやるぞ！	공연은 반드시 한다！
オレは絶対に反対だ！	난 절대 반대야！
悪いが、もう限界だ。	미안하지만 이제 한계야。
ウチは扱ってないよ。	우린 취급 안 해。
滅茶苦茶にしてやる。	엉망으로 만들어 주지。
資源の有効活用だよ？	자원의 유효 활용이잖아？
全部で30円かなぁ。	전부 30엔이려나。
全然売れないんだよ。	전혀 안 팔려。
巡回してるんですよ。	순찰하고 있어요。
一員として扱います。	일원으로 대할게요。
命をかけてがんばる。	목숨 걸고 힘낸다。
いい芝居を見せるの。	좋은 연극을 보여주는 거야。
２人とも良かったよ。	둘 다 좋았어。
チャンスじゃないか。	기회잖아。
おお～、なるほど～。	오～、그렇구나～。
よし、行くぞみんな！	좋아、가자 다들！
よしっ、内に入れた。	좋았어、안쪽에 넣었어。
好きじゃないんだよ。	안 좋아해。
教えてやってるんだ。	가르쳐 주고 있어。
言ってるだけでしょ。	말만 하는 거잖아。
開いていたのを見た。	열려 있는 걸 봤어。
ジュース買って来い！	주스 사 와！
脚本を直してたのか？	대본을 고치고 있었어？
わかった、すぐ行く！	알았어、바로 갈게！
突然燃え出したんだ。	갑자기 타오르기 시작했어。
警察は何か言ってた？	경찰은 뭐라고 했어？
なってしまうんだわ。	돼버려。
声を発射する感じよ。	소리를 발사하는 느낌이야。
書かれておるわけだ。	적혀 있는 거야。
なかったんだけどさ。	없었는데 말이야。
上がるってもんだぜ。	오른다는 거야。
隠してきたのになぁ。	숨겨왔는데。
観に行ってたんだぜ。	보러 갔었어。
巨大化した虫たちか。	거대해진 벌레들인가。
知られたかもしれん！	들켰을지도 몰라！
どこかへ去っていく。	어딘가로 떠나가。
中に入って来れない。	안으로 들어올 수 없어。
行ってしまうはずだ。	가버릴 거야。
ゆっくりしておいて。	천천히 있어。
昔から慣れてるから。	예전부터 익숙하니까。
お金が必要だからね。	돈이 필요하니까。
わたし気にしないよ。	난 신경 안 써。
いいかもしれないな。	괜찮을지도 모르겠네。
言ってなかったっけ？	말 안 했었나？
今すぐ助けに行こう！	지금 당장 도우러 가자！
悪いがおれは心配だ。	미안하지만 난 걱정돼。
耳をかしちゃダメだ！	귀 기울이면 안 돼！
本当にわかってんの？	정말 알고 있는 거야？
めったにないんだぞ！	좀처럼 없는 일이야！
マジで優しいよなぁ。	진짜 다정하네。
よし、俺にまかせろ！	좋아、나한테 맡겨！
言っているんだよな？	말하는 거지？
一人で行って欲しい。	혼자 갔으면 해。
人違いじゃないのか？	사람 잘못 본 거 아냐？
何でボールに火花が！	왜 공에 불꽃이！
家に持って帰りたい。	집에 가져가고 싶어。
話が変わってるだろ！	얘기가 달라졌잖아！
ちょっと恥ずかしい。	좀 창피해。
本人は元気そうだし。	본인은 기운차 보이고。
最後の草ってなんだ？	마지막 풀이 뭐야？
何の草を入れたんだ？	무슨 풀을 넣은 거야？
作ったのはお前だろ！	만든 건 너잖아！
思ったけど無理かあ。	생각했지만 무리인가。
いや、まあいいけど。	아니、뭐 됐어。
手を貸してやるから。	도와줄 테니까。
買い物好きなのかな？	쇼핑 좋아하는 걸까？
好きな物が食べれる。	좋아하는 걸 먹을 수 있어。
今はそれだけでいい。	지금은 그것만으로 돼。
普段から無口だけど。	평소에도 말수가 적지만。
許してくれないかな？	용서해 주지 않을까？
飛行機を作りました。	비행기를 만들었어요。
声をかけただけだよ。	말을 걸었을 뿐이야。
い一緒にやってみる？	같이 해볼래？
いつでもＯＫだよ～！	언제든 OK야～！
我慢する・・・・・。	참을게・・・・・。
練習しているのさ～。	연습하고 있는 거야～。
役不足って感じだね。	배역이 아깝단 느낌이네。
人間じゃないじゃん。	인간이 아니잖아。
まったく理解できん。	전혀 이해가 안 돼。
何をしているんだよ？	뭘 하고 있는 거야？
考えてただけだから。	생각하고 있었을 뿐이니까。
対して優しくないぞ！	별로 다정하지 않아！
不安妄想スパイラル。	불안 망상 스파이럴。
嫌な事ばかりさせて。	싫은 일만 시켜서。
何とも思わないのか？	아무렇지도 않아？
本当にありがとうな。	정말 고마워。
マスターなんだけど。	마스터인데。
聞こえてるんでしょ？	들리고 있잖아？
店に変質者がいます。	가게에 변태가 있어요。
私に見世物になれと？	나더러 구경거리가 되라고？
理解できないんだが。	이해가 안 되는데。
なんで、あんな所に？	왜 저런 데에？
凄い！凄い技術だぞ！	대단해！굉장한 기술이야！
ちょ・・・！待てっ！	자・・・！기다려！
誰が淹れているんだ？	누가 타고 있는 거야？
何個買ってきたのさ？	몇 개 사 온 거야？
栄養が偏っちゃうよ。	영양이 치우쳐 버려。
直さないとダメだあ。	고쳐야만 해。
大丈夫だと思うけど。	괜찮을 것 같은데。
サルと言いたいのか？	원숭이라고 하고 싶은 거야？
嫌いな物とかないの？	싫어하는 거 없어？
よくできてるでしょ？	잘 만들어졌지？
机の上に何かあるぞ？	책상 위에 뭔가 있어？
生活する必要はない。	생활할 필요는 없어。
なんで、そう思うの？	왜 그렇게 생각해？
相手を眠らせる方法？	상대를 재우는 방법？
私には夢があるから。	나한텐 꿈이 있으니까。
何を言っても無駄か。	뭐라 해도 소용없나。
読みながら食べたい。	읽으면서 먹고 싶어。
言ってるよ、この人。	말하고 있어、이 사람。
減るもんじゃないし。	닳는 것도 아니고。
誰の事を言ってたの？	누구 얘기를 하던 거야？
本当にあの人２４歳？	정말 저 사람 24살？
おごってくれるのか？	사주는 거야？
誰もが助けてくれた。	모두가 도와줬어。
認める事はできない。	인정할 순 없어。
本人に聞いてみれば？	본인한테 물어보지그래？
なんとかなるだろう。	어떻게든 되겠지。
着てくれないんだよ。	입어주질 않아。
むしろ着てください。	오히려 입어 주세요。
コーヒーじゃないか！	커피잖아！
行って玉砕してこい。	가서 부딪치고 와。
いつも一緒じゃない。	늘 같이잖아。
作られたのでしょう？	만들어진 거죠？
君がいるからだしね。	네가 있어서고。
貴方の為に弾くから。	당신을 위해 칠 테니까。
私は貴方という鎖が。	나는 당신이란 사슬이。
前に進む事ができる。	앞으로 나아갈 수 있어。
飛び立たせて欲しい。	날아오르게 해줬으면 해。
殿はご乱心でござる！	주군은 실성하셨소！
突然、何をするんだ！	갑자기 뭐 하는 거야！
世間が許しませんわ。	세상이 용납 안 해요。
待っていてください。	기다려 주세요。
キーボードってなに？	키보드가 뭐야？
いいと思うんだけど。	좋다고 생각하는데。
諦めるしかないだろ。	포기할 수밖에 없잖아。
心の中にあるでしょ？	마음속에 있잖아？
直球きたあーーーー！	직구 온다아아아！
思えないうまさだよ！	믿기지 않는 맛이야！
僕のレベルは９９だ！	내 레벨은 99야！
行けないじゃないか！	못 가잖아！
間違いないんだろう。	틀림없겠지。
実家に帰ったんだよ。	본가에 돌아갔어。
何か知っているのか？	뭔가 알고 있어？
自分で飛び立つ為に。	스스로 날아오르기 위해。
さあ、行きましょう！	자、갑시다！
私を締め上げていく。	나를 조여 와。
何につまづいたんだ？	뭐에 걸려 넘어진 거야？
顔中、火傷になるぞ！	얼굴이 온통 화상 입어！
よし！入ってみるか！	좋아！들어가 볼까！
言っておきなさいよ。	말해 둬。
ねえ、なんで無表情？	저기、왜 무표정이야？
飛びまわれるように。	날아다닐 수 있도록。
お嬢様の付き人です。	아가씨의 시중꾼입니다。
口にしないんだから。	입에 담지 않으니까。
今日から仕事ですか。	오늘부터 일이에요？
知っていらっしゃる。	알고 계셔。
思っていたのですが。	생각하고 있었는데요。
カラオケで歌おうぜ。	노래방에서 부르자。
お父さん帰ってるの？	아버지 돌아와 있어？
調べる事が多くてね。	조사할 게 많아서。
持って帰れる量だし。	들고 갈 수 있는 양이고。
何を騒いでいるんだ？	뭘 소란 피우는 거야？
偶然を装い聞くのよ。	우연인 척 물어보는 거야。
みせつけちゃおうよ！	과시해 버리자！
瞬間に殺されるかも。	순간 살해당할지도。
滅多になかったしね。	좀처럼 없었으니까。
くれてたらいいから。	해줬으면 됐으니까。
なんかの嫌がらせか？	무슨 괴롭힘이야？
キャアアアアアアア！	꺄아아아아아！
なんだ、この石は？	뭐야、이 돌은？
私たちの方ですよ。	우리 쪽이에요。
ちょっと照れます。	좀 쑥스러워요。
食べたこと無いの？	먹어본 적 없어？
出せなくてごめん。	못 내줘서 미안。
作りがいがあるわ。	만들 보람이 있어。
空腹で死んでたよ。	배고파 죽을 뻔했어。
仕事紹介するから。	일 소개해 줄 테니까。
寝るのが早いよね。	일찍 자네。
ご存知なんですか？	알고 계세요？
さあ、一曲歌うよ！	자、한 곡 부를게！
寝ていた方がいい。	자는 게 좋아。
ええ、わかります。	네、알아요。
疲れてるんですよ。	지쳐 있어요。
やっぱりお前かよ。	역시 너였냐。
スカした野郎だぜ。	재수 없는 놈이야。
昨日の晩、ここで？	어젯밤、여기서？
どう考えているの？	어떻게 생각하고 있어？
わけじゃないだろ？	그런 건 아니잖아？
全部俺があずかる。	전부 내가 맡아둘게。
来るんじゃないか！	오는 거 아냐！
いったい誰からだ？	대체 누구한테서야？
ま、仕方がないな。	뭐、어쩔 수 없지。
お前、ここへ住め！	너、여기서 살아！
家族サービスだよ。	가족 서비스야。
どうなってるんだ。	어떻게 된 거야。
ねえ、風来坊さん。	저기、떠돌이 씨。
まあ、なるべくな。	뭐、되도록이면。
ほら、貸すからね。	자、빌려줄 테니까。
野球関係の人かな？	야구 관계자인가？
困ることはないな。	곤란할 건 없네。
追い払ってくれよ！	쫓아내 줘！
みんなに発表だな。	다들한테 발표네。
やめた方がいいぞ。	그만두는 게 좋아。
虚偽と知るがよい。	거짓임을 알라。
監督をやってきた。	감독을 해왔어。
お金を貸してたな。	돈을 빌려줬었지。
持っていたからな。	갖고 있었으니까。
少しわけてあげる。	조금 나눠 줄게。
劇団に入ったんだ。	극단에 들어갔어。
本当に働き者だね。	정말 부지런하네。
助けてやってくれ。	도와줘。
良くありませんね。	좋지 않네요。
観客も呼ぶらしい。	관객도 부른다는 것 같아。
まず、勝てますよ。	우선 이길 수 있어요。
考えてみろや、な？	생각해 봐라、응？
なりそうなんでね。	될 것 같아서。
わからねえ奴だな。	말귀 못 알아듣는 녀석이네。
食べられないだろ。	못 먹잖아。
住んでないんだよ。	안 살아。
せっかく来たのに。	모처럼 왔는데。
ワシをだましたの？	나를 속인 거야？
ひどいよ、それは。	너무해、그건。
むうっ、誰だっ？！	음、누구냐？！
なかったんですか？	없었어요？
断われないからな。	거절 못 하니까。
よし、俺も練習だ！	좋아、나도 연습이다！
安心していてくれ。	안심하고 있어。
どう、食べてみる？	어때、먹어볼래？
いったいなんの用？	대체 무슨 볼일이야？
遠慮せずに食べて。	사양 말고 먹어。
なかなか大変だな。	꽤 힘들겠네。
野手を動かすんだ。	야수를 움직이는 거야。
お世話になります。	신세 지겠습니다。
６つも年上なんだ。	여섯 살이나 연상이야。
人を泣かすなバカ。	사람 울리지 마 바보야。
呼んでいいからね。	불러도 되니까。
外は寒いでしょう。	밖은 춥잖아요。
欲しいですからね。	갖고 싶으니까요。
一瞬本気にしたぞ。	순간 진심인 줄 알았어。
一緒にがんばろう。	같이 힘내자。
消えていくはずだ。	사라져 갈 거야。
固まってきたよね。	굳어져 가고 있네。
ちょうど良かった。	마침 잘됐다。
ちょっと寒いけど。	좀 춥지만。
ほんと厳しかった。	정말 혹독했어。
よくわかったね～。	잘도 알았네～。
思われたいじゃん。	그렇게 보이고 싶잖아。
ちぇっ、やだなぁ。	쳇、싫은데。
どうも初めまして。	처음 뵙겠습니다。
全部お金出すから！	전부 돈 낼 테니까！
なんてたくさんだ。	정말 많다。
カレーがうまいぜ！	카레가 맛있어！
払っておこうかと。	내둘까 해서。
今仕事終わったよ。	지금 일 끝났어。
なるんじゃないぞ。	되지 마。
確かここだったな。	분명 여기였지。
支店長なんだぞぉ！	지점장이라고！
商売してるからね。	장사하고 있으니까。
急いで助けないと！	서둘러 도와야 해！
どうなってるんだ！	어떻게 된 거야！
いいかげんにしろ！	작작 좀 해！
来たんじゃないの？	온 거 아니야？
どうぞ、これです。	자、이겁니다。
調べられないのか？	못 알아봐？
まあ、できるけど。	뭐、할 수 있지만。
表示できないのか？	표시 못 하는 거야？
転写するらしいよ。	전사한다는 것 같아。
珍しいらしいがな！	희귀하다더군！
明日も頑張ろうね。	내일도 힘내자。
はい、お疲れ様～。	네、수고했어～。
どうしてそう思う？	왜 그렇게 생각해？
争いも終わります。	다툼도 끝나요。
音響設備もないし。	음향 설비도 없고。
邪魔者は消えるよ。	방해꾼은 사라질게。
試合形式のことだ。	시합 형식 말이야。
何回でも使えるぞ。	몇 번이든 쓸 수 있어。
俺も後から行くよ。	나도 나중에 갈게。
びっくりしたけど。	놀랐지만。
責任は重くなった。	책임은 무거워졌어。
強くならないとな。	강해져야지。
新聞に載っていた。	신문에 실려 있었어。
まだ帰らないのか？	아직 안 가？
お客さんに失礼よ。	손님한테 실례야。
用意しておいてね。	준비해 둬。
みんなもそうだろ！	다들 그렇잖아！
直接聞いてみよう。	직접 물어보자。
ほら！これ見てよ！	봐！이거 봐！
ほら、ほら、ほら！	자、자、자！
確かにひかれたわ！	확실히 치였어！
証拠はないんだろ？	증거는 없잖아？
前に進めませんよ。	앞으로 못 나아가요。
すればいいんだわ。	하면 되는 거야。
君と別れたくない！	너와 헤어지기 싫어！
なに倒れてるんだ。	왜 쓰러져 있는 거야。
おい、大丈夫かい。	이봐、괜찮아？
帰った方がいいぞ。	돌아가는 게 좋아。
来ちゃいましたね。	와버렸네요。
いなくなるなんて！	사라지다니！
なんとかなるかも！	어떻게든 될지도！
やめさせてもらう！	그만두겠어！
降りさせてもらう！	하차하겠어！
通しゲイコするよ。	전체 리허설 할게。
アレが見つかった。	그게 발견됐어。
ええっ、まさか？！	어？설마？！
証明になるのだぞ。	증명이 되는 거야。
ボーナスを出そう。	보너스를 주지。
本がかわいそうだ。	책이 불쌍해。
すごくありません！	대단하지 않아요！
どうするんですか！	어쩔 거예요！
お願いいたします。	부탁드립니다。
緊張感足りないよ。	긴장감이 부족해。
食べ放題タ～イム！	무한리필 타～임！
ぎりぎり脱出成功。	아슬아슬 탈출 성공。
頭がガンガンする。	머리가 지끈지끈해。
ほら、これと同じ。	봐、이거랑 같아。
けっこう便利だよ。	꽤 편리해。
今後ともよろしく。	앞으로도 잘 부탁해。
みたいな感じなの。	같은 느낌이야。
すぐに行かなきゃ！	당장 가야 해！
なにもなかったよ。	아무것도 없었어。
お前も一緒に来い！	너도 같이 와！
なんになるんです！	무슨 소용이에요！
なかなか大変だよ。	꽤 힘들어。
お礼もまだだしね。	인사도 아직이고。
恥を捨てることよ。	부끄러움을 버리는 거야。
外に出ていようか？	밖에 나가 있을까？
はい、今晩ですか？	네、오늘 밤이요？
おれは助けに行く。	나는 도우러 간다。
俺は助けに行くぞ！	나는 도우러 간다！
悪い奴じゃないか。	나쁜 녀석이잖아。
君の事を見てきた。	너를 지켜봐 왔어。
俺には君が必要だ。	나한텐 네가 필요해。
見てればいいよ～。	보고 있으면 돼～。
聞かせてもらうよ。	들어볼게。
俺にはできないぞ。	나는 못 해。
原因は何なんだろ？	원인이 뭘까？
わからないんだよ。	모르겠어。
男として憧れるし。	남자로서 동경하고。
みたいじゃないか！	같잖아！
買いに行ってたの。	사러 갔었어。
思ってるんだけど。	생각하고 있는데。
イッテクルニョン！	다녀올게뇽！
居るならば絶対に。	있다면 반드시。
プライドに障った？	자존심 상했어？
どっちもかわいい。	둘 다 귀여워。
かわいいでいいの。	귀여우면 된 거야。
言われたいんだよ。	듣고 싶은 거야。
今度はマスターに？	이번엔 마스터한테？
なれるかって事だ。	될 수 있냐는 거야。
会うとは思うけど。	만날 것 같긴 한데。
自分で決める事だ。	스스로 정할 일이야。
何をすればいいの？	뭘 하면 돼？
一人で笑ってるよ。	혼자 웃고 있어。
無料じゃないよな？	공짜 아니지？
付いてないのかな？	안 붙어 있는 걸까？
何も言ってないよ。	아무 말도 안 했어。
切れただけだから。	끊어졌을 뿐이니까。
別にどうでもいい。	딱히 아무래도 좋아。
謝られてもねえ～。	사과받아도 말이야～。
君には錬金不可能。	너한텐 연금 불가능。
今、なんて言った？	방금 뭐라고 했어？
どうしたらいいか。	어떻게 하면 좋을지。
考えさせて欲しい。	생각할 시간을 줬으면 해。
どこにあるんだよ！	어디 있는 거야！
切れそうなんだぞ！	끊어질 것 같다고！
私を連れていって。	나를 데려가 줘。
恥ずかしいからね。	부끄러우니까。
バラさないでくれ。	폭로하지 말아줘。
買っているんだよ。	사고 있는 거야。
絶対におかしいよ。	절대 이상해。
どっちでもいいや。	어느 쪽이든 상관없어。
中国拳法２００段。	중국 권법 200단。
入れただけでしょ！	넣었을 뿐이잖아！
いや、そうだけど。	아니、그렇긴 한데。
投げたんだけどね。	던졌는데 말이야。
大きいのまで様々。	큰 것까지 다양해。
水もらえますか～。	물 좀 주실래요～。
一人でも頑張るよ。	혼자라도 힘낼게。
どこに行ったんだ！	어디 간 거야！
お菓子は食べない。	과자는 안 먹어。
不吉な事を言うな。	불길한 소리 하지 마。
ちょっと聞いてる？	잠깐 듣고 있어？
突然、本を閉じて。	갑자기 책을 덮고。
わからない話だな。	이해 안 되는 얘기네。
むしろ戻ってくれ。	오히려 돌아와 줘。
組んで欲しいとか。	짜줬으면 한다든가。
良い物じゃないよ。	좋은 게 아니야。
敬語なんだけどな。	존댓말인데 말이야。
読んでいたんだよ。	읽고 있었어。
問題なんだよね～。	문제란 말이야～。
コーヒーおかわり。	커피 리필。
言ったんじゃない。	말한 거 아니야。
何も変えられない。	아무것도 못 바꿔。
言われた事ないぞ。	들어본 적 없어。
謀反を起こしたら。	모반을 일으키면。
どちらかしかない。	둘 중 하나뿐이야。
ウソでも胸が痛い。	거짓말이라도 가슴 아파。
君がそう言うなら。	네가 그렇게 말한다면。
君と何をしてたの？	너랑 뭘 하고 있었어？
買い物手伝ってよ。	쇼핑 좀 도와줘。
バッターがいるぞ。	타자가 있어。
信じられないだと！	못 믿겠다고！
入れといてやろう。	넣어 두지。
さっそく行こうか。	당장 가볼까。
気のせいなのかな？	기분 탓인 걸까？
いっぱいいるだろ？	잔뜩 있잖아？
ついに完成したぞ！	드디어 완성했다！
応援しておくから。	응원해 둘 테니까。
探してたんだよ～。	찾고 있었어～。
可愛いんだろうな。	귀엽겠지。
毎日が特別だから。	매일이 특별하니까。
服、しわになるよ。	옷、주름져。
出してあげるから。	내줄 테니까。
ホット！ワンです！	핫！하나요！
覗き見でもしたか？	훔쳐보기라도 했나？
何で練習するんだ？	왜 연습하는 거야？
いけないんだよ～。	안 된단 말이야～。
思っているのなら。	생각하고 있다면。
離れるんじゃない！	떨어지지 마！
俺は歩いていける。	난 걸어갈 수 있어。
今までの私と同じ。	지금까지의 나와 같아。
俺にはわからない。	나는 모르겠어。
何を許さないんだ？	뭘 용서 못 한다는 거야？
君はそれでいいの？	넌 그걸로 괜찮아？
やる人間はいない。	할 사람은 없어。
ん？このにおいは？	응？이 냄새는？
仮想恋愛ゲームか？	가상 연애 게임인가？
プレゼントしよう。	선물하자。
今だけでいいから。	지금만이라도 좋으니까。
男としてマズイね。	남자로서 곤란하네。
当たり前じゃない。	당연하잖아。
大事な事だもんな。	중요한 일이니까。
毎日、抱きしめて。	매일 안아줘。
ピッカピカでしょ。	반짝반짝하지。
お金もらったから。	돈 받았으니까。
ピンポイント落雷？	핀포인트 낙뢰？
ちょっとこれ見て！	잠깐 이거 봐！
や、やり過ぎだ～。	너、너무했어～。
君も休みなんだよ。	너도 쉬는 날이야。
意味がわからない。	의미를 모르겠어。
必要な物なのだよ。	필요한 물건이야。
ほんの少しでいい。	아주 조금이면 돼。
お待ちしましょう。	기다립시다。
私にはダメだった。	나한텐 안 됐어。
俺に聞かせてくれ。	나한테 들려줘。
笑うのが下手だね。	웃는 게 서투르네。
すみませんでした。	죄송했습니다。
明日も仕事だろう？	내일도 일이잖아？
つい買いすぎたよ。	그만 너무 많이 샀어。
どうなさいました？	무슨 일이세요？
お昼までダメだぞ。	점심때까진 안 돼。
どうぞこちらです。	이쪽입니다。
思っていたからな。	생각하고 있었으니까。
鍵開けっ放しだよ！	문 열어둔 채잖아！
お父さんのお土産。	아버지 선물。
仕事してきまーす。	일하고 올게요。
ＣＤも持ってるよ。	CD도 갖고 있어。
心配は無用ですぞ。	걱정은 필요 없소。
見に来ただけだよ。	보러 왔을 뿐이야。
ちょっと待ってろ！	잠깐 기다려！
一緒に食べようぜ。	같이 먹자。
私の家、行かない？	우리 집 안 갈래？
フラフラしてるな。	비틀거리고 있네。
呼ぶことにするよ。	부르기로 할게。
一番美味いんだよ。	제일 맛있어。
自分の家で洗うよ。	우리 집에서 씻을게。
えーと・・・その。	그러니까・・・저。
家にいますからな。	집에 있을 테니까。
どれどれ・・・。	어디 보자・・・。
腹をこわしたか。	배탈 났나。
帰るのが遅いの。	돌아오는 게 늦어。
いただきまーす！	잘 먹겠습니다！
なくなってるぞ。	없어졌어。
いったいなんだ？	대체 뭐야？
さあ、帰ろうか。	자、돌아갈까。
後悔させてやる！	후회하게 해주지！
いい場所でしょ。	좋은 곳이지。
ベンチもあるし。	벤치도 있고。
なんともないぞ。	아무렇지도 않아。
お、おじちゃん！	아、아저씨！
遅かったよね～。	늦었지～。
必要ないんだよ。	필요 없어。
い、いいんだよ！	괘、괜찮아！
学校の帰りかい？	학교 갔다 오는 길이야？
また逃げられた。	또 놓쳤어。
次は必ず勝つさ！	다음엔 꼭 이겨！
一緒に行かない！	같이 안 가！
いけないからな。	안 되니까。
いい肩してるな。	어깨가 좋네。
俺もつきあうよ。	나도 함께할게。
ねえ、お兄さん。	저기、총각。
犬が苦手なのか？	개를 무서워해？
集めてたでしょ！	모으고 있었잖아！
野球だよ、野球。	야구야、야구。
一応、助けるか。	일단 도울까。
「あたしたち」？	「우리들」？
上手になったな。	잘하게 됐네。
戦いで役に立つ。	싸움에 도움이 돼。
俺たちは仲間だ。	우리는 동료야。
よかったんだし。	다행이었고。
親方って呼べよ。	두목이라고 불러。
はい、パンの耳。	자、빵 가장자리。
キズの手当ては？	상처 치료는？
本番に向けてね！	실전을 향해서！
不真面目ですね。	불성실하네요。
細かい奴だなぁ。	쪼잔한 녀석이네。
早く帰ってこい。	얼른 돌아와。
お腹をこわすぞ。	배탈 나。
アイス！アイス！	아이스！아이스！
お前には出来る！	너라면 할 수 있어！
ええっと名前は？	그러니까 이름은？
住んでいるって。	살고 있대。
元を取らないと。	본전은 뽑아야지。
行ってきてくれ。	갔다 와줘。
開けていいかい？	열어도 돼？
大変なんですよ。	힘들어요。
迷惑してるだろ。	민폐잖아。
家に帰りますよ。	집에 갈 거예요。
子供がいるのか。	애가 있나。
すごく嬉しいの！	엄청 기뻐！
思えてきました。	그렇게 여겨지기 시작했어요。
ふざけないでよ。	까불지 마。
どうかと思うな。	좀 아닌 것 같은데。
車にひかれてね。	차에 치여서。
ほれ一曲、一曲！	자 한 곡、한 곡！
恥ずかしいから。	부끄러우니까。
後悔してないよ。	후회 안 해。
思えないんでね。	그렇게 안 보여서。
ないでしょうか。	없을까요。
広告じゃないか。	광고잖아。
君になにをした？	너한테 뭘 했어？
逮捕されますよ！	체포돼요！
すぐに来てくれ！	당장 와줘！
仕方無いだろう。	어쩔 수 없잖아。
軽く流してくれ。	가볍게 넘겨줘。
ほら、これこれ。	자、이거 이거。
おいおいおい！？	이봐 이봐 이봐！？
１０月の２１日。	10월 21일。
難しい問題だな。	어려운 문제네。
冗談だよ。冗談！	농담이야。농담！
見学してるだけ。	견학하는 것뿐이야。
ハハハハハハッ！	하하하하하핫！
いいですかぁ～？	괜찮을까요～？
なっております。	되어 있습니다。
今日もよろしく！	오늘도 잘 부탁해！
キミ、どう思う？	너、어떻게 생각해？
挑戦は受けよう。	도전은 받아주지。
絶対に勝つのだ。	반드시 이기는 거다。
なあ、お前たち！	저기、너희들！
わはははははは！	와하하하하하！
持っててくれよ。	들고 있어줘。
捨てられたんだ。	버려졌어。
大声は出せない。	큰 소리는 못 내。
兄貴はオレの事？	형이라니 나 말이야？
ないだろうしね。	없을 테고。
いいんですかね。	괜찮은 걸까요。
お父さん・・・。	아버지・・・。
今日も悪いわね。	오늘도 미안하네。
謝りに来たのか？	사과하러 온 거야？
久しぶりだなぁ。	오랜만이네。
財布が落ちてる。	지갑이 떨어져 있어。
迷ってたんだね？	헤매고 있었구나？
買ってたやつよ。	사던 거야。
ちょうどいいぞ。	딱 좋아。
河原へ行こうか！	강가에 갈까！
兄貴くらいです。	형 정도예요。
忘れていました。	잊고 있었어요。
君ごくろうさん。	너 수고했어。
守ってやりなよ。	지켜줘。
思わないけどな。	그렇게 생각 안 하지만。
すぐに直すから。	금방 고칠 테니까。
成仏できるんだ？	승천할 수 있는 거야？
気にするなって。	신경 쓰지 말라니까。
考えなおします。	다시 생각할게요。
すごいらしいな。	대단하다더군。
来たみたいだよ。	온 것 같아。
まだ２回目だぞ。	아직 두 번째야。
見られたくない。	보이고 싶지 않아。
見せたくないし。	보여주기 싫고。
使えそうですね。	쓸 수 있겠네요。
配達だよ。配達！	배달이야。배달！
進んでいたのに！	진행되고 있었는데！
おっかしいなぁ。	이상하네。
魔球・・・ねぇ？	마구・・・라？
つけているんだ。	달고 있는 거야。
どうしましょう？	어떡하죠？
何倍も魅力的よ。	몇 배는 매력적이야。
同じことするの？	같은 걸 하는 거야？
先に入っていい？	먼저 들어가도 돼？
待つばかりだな。	기다릴 뿐이네。
今から帰るのか？	지금 돌아가는 거야？
はい、できたよ。	자、다 됐어。
先に食べといて。	먼저 먹고 있어。
多かったですね。	많았네요。
スーパーですか？	슈퍼요？
手を出してくる。	손을 대 온다。
オーディション。	오디션。
はい、もう一度！	자、한 번 더！
聴いてみたいよ。	들어보고 싶어。
私を連れ出して。	나를 데리고 나가줘。
戻れたらいいな。	돌아갈 수 있으면 좋겠다。
全部一人前ずつ。	전부 1인분씩。
ツンデレですか！	츤데레인가요！
別に構わないよ。	딱히 상관없어。
待たせてごめん。	기다리게 해서 미안。
食費にあてるよ。	식비에 보탤게。
持ってたら便利。	갖고 있으면 편리해。
気をつけないと。	조심해야지。
来たんじゃない？	온 거 아니야？
君を見たい気分。	너를 보고 싶은 기분。
捨てるだなんて！	버리다니！
消毒液、お願い。	소독약、부탁해。
ご要望なのかな？	요청인 걸까？
どんな不思議だ？	어떤 신기함인데？
俺だって客だぞ。	나도 손님이야。
何か話している。	뭔가 얘기하고 있어。
君にだけだけど。	너한테만이지만。
何を入れたんだ？	뭘 넣은 거야？
入れたんだから！	넣었으니까！
かわいいのに～。	귀여운데～。
なにかやってる。	뭔가 하고 있어。
君には関係ない。	너와는 상관없어。
作ってみました！	만들어 봤어요！
飲んでください。	마셔 주세요。
君には関係無い。	너와는 상관없어。
言わなかったか？	말 안 했었나？
切れちゃうだろ！	끊어지잖아！
わかってるのか？	알고 있는 거야？
どうしてここに？	왜 여기에？
何か言いました？	뭐라고 했어요？
男として失格だ！	남자로서 실격이야！
かもしれないよ！	그럴지도 몰라！
大声で叫ぶ奴は？	큰 소리로 외치는 녀석은？
ほお張ってるね！	볼이 미어터지네！
ペペロンチーノ。	페페론치노。
気がするんだが。	기분이 드는데。
君は旅をする人。	너는 여행하는 사람。
どうしたらいい？	어떡하면 돼？
なさそうだしな。	없을 것 같고。
いるだけだろう。	있을 뿐이잖아。
許してください。	용서해 주세요。
思っちゃったよ。	생각해 버렸어。
外に出てみない？	밖에 나가보지 않을래？
運動はしている。	운동은 하고 있어。
腹筋１０００回。	윗몸일으키기 1000회。
わからないよ～。	모르겠어～。
何があったんだ？	무슨 일이 있었어？
私が生まれた日。	내가 태어난 날。
本気でわからん。	진심으로 모르겠어。
ね、寝てるよな。	자、자고 있지。
なに書いてるの！	뭘 쓰고 있는 거야！
くれてもいいよ。	줘도 돼。
なんでもいいの？	아무거나 괜찮아？
一人で大変だな。	혼자서 힘들겠네。
行くわけがない！	갈 리가 없어！
磨いているよね。	닦고 있지。
気にならないか？	신경 안 쓰여？
思っているんだ。	생각하고 있어。
言ってたでしょ？	말했었잖아？
私の歳は２０歳。	내 나이는 20살。
寄ったりもした。	들르기도 했어。
全否定するのよ！	전부 부정한다니까！
作りすぎたのよ！	너무 많이 만들었어！
結構外出はする。	외출은 꽤 해。
誰もが傷ついた。	모두가 상처받았어。
やってもいいぞ。	해도 돼。
先に中に入るね。	먼저 안에 들어갈게。
自由に飛び回る。	자유롭게 날아다녀。
進むつもりだよ。	나아갈 생각이야。
反応するんだろ？	반응하는 거지？
わかりました～。	알겠습니다～。
カボチャとかに。	호박 같은 거에。
一緒に居ただろ？	같이 있었잖아？
別に構わないぞ。	딱히 상관없어。
貴方は入れるよ。	당신은 들어갈 수 있어。
打てないんだよ！	못 친다니까！
よし！見てろよ！	좋아！잘 봐！
海外に行かない。	해외에 안 가。
プレゼントだろ？	선물이지？
お客さんだよ～。	손님이야～。
チープだけどね。	저렴하지만。
言っていたから。	말했었으니까。
いいじゃないか！	좋잖아！
歩いていけるよ。	걸어갈 수 있어。
君は優しいから。	넌 다정하니까。
私がそこに行く。	내가 거기로 갈게。
手に入れたんだ。	손에 넣었어。
俺、何かしたか？	나、뭐 잘못했어？
間違いじゃない。	틀린 게 아니야。
驚いちゃって～。	놀라버려서～。
ボ～ク頑張るよ！	나～ 힘낼게！
居るわよ。ほら。	있어。봐。
腹が減ったから。	배가 고파서。
お腹空いてるの？	배고파？
飲ませにくいぞ。	먹이기 힘들어。
増やしやがった。	늘려버렸어。
席に座っててよ。	자리에 앉아 있어。
いけないのかい？	안 되는 거야？
仕方が無いなあ。	어쩔 수 없네。
お前も嫌だろう。	너도 싫잖아。
メリットないね。	이득이 없네。
言えないだけで。	말 못 할 뿐이지。
コーヒーをくれ。	커피 줘。
私は言ったよね。	나는 말했었지。
押し殺して来た。	억눌러 왔어。
貴方のおかげで。	당신 덕분에。
前に進んでいく。	앞으로 나아가。
スタッフだから。	스태프니까。
知らなかったの？	몰랐어？
見てませんよね？	안 봤죠？
ごめんなさい～！	미안해요～！
起こるだろうが！	일어날 거잖아！
どういうことだ？	어떻게 된 거야？
まだ持ってない。	아직 안 갖고 있어。
延期させたんだ。	연기시켰어。
今年中ですので。	올해 안이니까요。
無いじゃないか！	없잖아！
楽しそうですな。	즐거워 보이는군요。
信じられないよ。	믿을 수 없어。
聞きましたから。	들었으니까요。
気を付けなさい。	조심해。
レストランの人？	레스토랑 사람？
勉強になるなぁ。	공부가 되네。
戻ってきたんだ。	돌아왔구나。
整理しないとな。	정리해야지。
くれるんだよな。	주는 거지。
肥料だし、それ。	비료잖아、그거。
気持ちいいよな。	기분 좋지。
いただきました。	잘 먹었습니다。
どうでしたかな？	어땠나요？
見たらわかるよ。	보면 알아。
いや・・・待て。	아니・・・잠깐。
持ってないよな。	안 갖고 있지。
知らないけどな。	모르겠지만。
別にいいんだよ。	딱히 괜찮아。
ちょっと待って。	잠깐 기다려。
勝手に入るなよ。	멋대로 들어오지 마。
ほら、あるだろ？	봐、있잖아？
さっぱりしたな。	개운하네。
お腹も空くよな。	배도 고프지。
遊びに行こうぜ。	놀러 가자。
なに食べようか。	뭘 먹을까。
お腹いっぱいだ。	배불러。
一緒に行こう！	같이 가자！
本当に古いな。	정말 낡았네。
教えてあげる。	알려줄게。
誰もいないな。	아무도 없네。
また金縛りだ。	또 가위눌림이야。
閉まってるぞ。	닫혀 있어。
カムバーック！	컴백！
質素だけどね。	검소하지만。
約束は約束だ。	약속은 약속이야。
終わりかしら。	끝인 걸까。
来てくれたの？	와준 거야？
勝てそうかね。	이길 수 있을 것 같나。
動力は人力で。	동력은 인력으로。
発売予定です！	발매 예정입니다！
次はクロール！	다음은 크롤！
スイカカレー？	수박 카레？
ランチセット？	런치 세트？
い・・・帰る。	아・・・갈래。
らしいからね。	그렇다니까。
けらけらけら。	깔깔깔。
はい、グラス。	자、잔。
知らないなぁ。	모르겠는데。
カレー大盛り！	카레 곱빼기！
取って来るわ。	가져올게。
カッコいいぞ。	멋있어。
やるってのか？	하겠다는 거야？
オイ、黙れ！！	어이、닥쳐！！
お願いします！	부탁합니다！
少ないでしょ。	적잖아。
専念してくれ。	전념해 줘。
特訓をするぞ。	특훈을 한다。
知ってるんだ。	알고 있어。
今日は帰るよ。	오늘은 갈게。
ランチセット！	런치 세트！
まあ、いいわ。	뭐、좋아。
まかせてくれ。	맡겨줘。
さあ、いくよ！	자、간다！
助かりました。	살았어요。
いけませんね。	안 되겠네요。
お前に任せる。	너한테 맡길게。
お前に任せた。	너한테 맡겼다。
遅くなるんだ？	늦어지는 거야？
プレゼントよ。	선물이야。
大切にするよ。	소중히 할게。
君、ダメだよ！	너、안 돼！
今来た所だし。	방금 왔고。
スパゲティか？	스파게티인가？
仕方がないな。	어쩔 수 없네。
昨日はいたぞ。	어제는 있었어。
滅多に見ない。	좀처럼 못 봐。
巨大ムカデ？！	거대 지네？！
早く元に戻せ。	얼른 원래대로 돌려놔。
影響ないだろ。	영향 없잖아。
良い所へ来た。	마침 잘 왔어。
携帯電話だよ！	휴대폰이야！
船で行くとか。	배로 간다든가。
ごはんごはん！	밥이다 밥！
自転車操業さ。	돌려막기 신세야。
戦勝利に乾杯！	승리에 건배！
なんだからな。	그런 거니까。
絶対に勝つぞ！	반드시 이긴다！
４年前なんだ。	4년 전이야。
君を育ててる。	너를 키우고 있어。
ごくろうさま。	수고했어。
よし、できた。	좋아、다 됐다。
気にいらねぇ。	맘에 안 들어。
実感するんだ。	실감이 나。
気にならない？	신경 안 쓰여？
また来ますよ。	또 올게요。
わははははは！	와하하하하！
美味しかった？	맛있었어？
ないんですか？	없어요？
ちょっといい？	잠깐 괜찮아？
いい考えだな。	좋은 생각이네。
400円かな。	400엔이려나。
信じてあげる。	믿어줄게。
めずらしいね。	드문 일이네。
懲りてないの？	아직 정신 못 차렸어？
かなえるため？	이루기 위해서？
済んだようだ。	끝난 모양이야。
まあまあだな。	그럭저럭이네。
おかしくてさ。	웃겨서 말이야。
知らないのか？	몰라？
重要だからね。	중요하니까。
よかったのに。	좋았을 텐데。
いい名前だな！	좋은 이름이네！
オッケーだし。	오케이고。
今から練習だ！	지금부터 연습이다！
いい場所だな。	좋은 곳이네。
くやしいなぁ。	분하네。
好きなんだな？	좋아하는 거지？
まかせてくれ！	맡겨줘！
なってやるぜ！	되어주지！
言いたいわけ？	말하고 싶은 거야？
多いでしょう。	많잖아요。
はい、お勘定。	자、계산요。
いたんだろう。	있었겠지。
休みにするの？	쉬는 거야？
必要だからな。	필요하니까。
なんにします？	뭘로 하시겠어요？
利用できるし。	이용할 수 있고。
ボールを返せ！	공을 돌려줘！
わんわんわん！	멍멍멍！
わかったから。	알았으니까。
ないからなぁ。	없으니까。
ようになった。	하게 됐어。
マネージャー。	매니저。
おい、お前ら。	어이、너희들。
言っただろう？	말했잖아？
んん、んんん？	응、으응응？
助かったぞー！	살았다！
思ったんだな。	생각했구나。
書いてきたの！	써 왔어！
ダメかしらね。	안 되려나。
いけないわよ。	안 돼。
大変ですもの。	힘든걸요。
余計なことを。	쓸데없는 짓을。
思わなかった。	생각 못 했어。
らいじょうぶ。	괜타나。
扇風機もない。	선풍기도 없어。
ピッタリだわ。	딱이야。
オモチャ屋は。	장난감 가게는。
かまわないぜ？	상관없다고？
ケガはいいの？	부상은 괜찮아？
ダチョウ祭り？	타조 축제？
他に手がない！	달리 방법이 없어！
今の時間は？！	지금 시간은？！
絶対にうそだ！	절대 거짓말이야！
手下あつかい？	부하 취급？
おれ達の倉庫。	우리들의 창고。
呼ばれてるよ。	부르고 있어。
逃げるなバカ！	도망치지 마 바보야！
ご飯食べてく？	밥 먹고 갈래？
お風呂入るし。	목욕도 하고。
いけるんだよ。	갈 수 있어。
無事だったか。	무사했나。
良かったのか？	괜찮았던 거야？
お願いします。	부탁합니다。
カッコ悪いよ。	볼품없어。
ベタですな～！	뻔하네요～！
買い物、好き？	쇼핑 좋아해？
私、決めたの。	나、정했어。
大丈夫だから。	괜찮으니까。
気前がいいな。	통이 크네。
昼食を作るか。	점심을 만들까。
ちょっとね～。	좀 그렇지～。
なら良かった。	그럼 다행이야。
おかしいなあ？	이상하네？
大変なんだよ。	힘들어。
なってくるよ。	되어 가。
なるんだろう。	되겠지。
何を書こうか。	뭘 쓸까。
なんだろ今の？	뭐지 방금 거？
嬉しいのかな？	기쁜 걸까？
言ってるのに。	말하고 있는데。
外に行ってた。	밖에 나갔었어。
気をつけるよ。	조심할게。
声をかけるか！	말을 걸어볼까！
どういう事だ？	어떻게 된 거야？
辛すぎるだろ！	너무 맵잖아！
効くんだね～。	잘 듣네～。
セットでどう？	세트로 어때？
下しているよ。	설사하고 있어。
覚えてやがれ！	두고 보자！
今日は帰ろう。	오늘은 돌아가자。
ほら、見せて。	자、보여줘。
いつもどおり。	평소대로。
いけないのよ。	안 되는 거야。
本当にゴメン！	정말 미안！
飲んでみてよ。	마셔봐。
飲んでやるか。	마셔줄까。
思ってるのか？	생각하는 거야？
漫喫でもいい。	만화카페라도 좋아。
やばいよソレ！	위험해 그거！
ケダモノーー！	짐승～～！
直らないだろ！	안 고쳐지잖아！
言ってるだろ！	말하고 있잖아！
話してみてよ。	말해봐。
必須かなって。	필수인가 해서。
道具も揃った。	도구도 갖춰졌어。
思えちゃうよ。	그렇게 여겨져 버려。
プルルルルル！	뚜르르르르！
ウソじゃない。	거짓말 아니야。
友達なんだね。	친구구나。
わからないか。	모르겠나。
居るんでしょ？	있잖아？
レタスサンド。	양상추 샌드。
ハムサンドは？	햄 샌드는？
いや、だけど。	아니、그래도。
他はなんだよ？	다른 건 뭔데？
居ると思うよ。	있을 거야。
帰ってこない。	안 돌아와。
俺は知らない。	난 몰라。
来てやったぞ！	와줬다！
行っちゃった。	가버렸어。
動いているぞ！	움직이고 있어！
どうしたの～？	무슨 일이야～？
おいてやるよ。	둬줄게。
なってるから。	되어 있으니까。
暮らしだった。	생활이었어。
汗をかくだろ。	땀 흘리잖아。
かわいいのに。	귀여운데。
危ないなあ～。	위험하네～。
余っただけよ！	남았을 뿐이야！
訊いてみよう。	물어보자。
言い出したの？	말 꺼낸 거야？
！腹減ったぞ！	！배고프다！
感じなのかな？	느낌인 걸까？
君は動物好き？	넌 동물 좋아해？
よく見ている。	잘 보고 있어。
博士の称号を。	박사 칭호를。
扱いなんだな。	취급이구나。
信じてるかな。	믿고 있을까。
何をしてたの？	뭘 하고 있었어？
腹減り喫茶店。	배고픈 찻집。
言うもんだろ。	말하는 법이잖아。
お客様だから。	손님이니까。
私は知らない。	나는 몰라。
わからないな。	모르겠네。
打てないんだ。	못 치겠어。
証明してやる！	증명해 주지！
至高の言語を！	지고의 언어를！
食べたいんだ。	먹고 싶어。
一緒に行こう。	같이 가자。
めんどくさい。	귀찮아。
殿！ご覚悟を！	주군！각오하시오！
むしろ何がだ？	오히려 뭐가？
決めたんだ～。	정했어～。
驚いてくれた。	놀라줬어。
寄っておくれ。	들러다오。
いま来たとこ？	지금 막 왔어？
見れるでしょ？	볼 수 있잖아？
確かに黒いな。	확실히 검네。
逃げたんだな。	도망쳤구나。
演じて来るよ！	연기하고 올게！
よし！入るぞ！	좋아！들어간다！
火傷するだろ！	화상 입잖아！
置いてあるよ。	놓여 있어。
クダサ～イ！	주세요～！
どこでです？	어디서요？
いかんだろ。	안 되잖아。
言ってたよ。	말했었어。
やろ、やろ。	하자、하자。
おい、坊主！	어이、꼬마！
まずいかな？	곤란하려나？
また頼むわ。	또 부탁할게。
いるか～い！	있냐～！
また頼むよ。	또 부탁해。
特に言動が。	특히 언행이。
やめてよぉ！	하지 마！
行くなバカ。	가지 마 바보야。
食えるかな？	먹을 수 있으려나？
失礼します。	실례합니다。
どうやって？	어떻게？
わたしは吉。	나는 길。
なんでだろ？	왜일까？
早くやる！！	빨리 해！！
安直かもね。	안이할지도。
ダメかなぁ？	안 되려나？
よろしくな。	잘 부탁해。
お米の配達？	쌀 배달？
なに、あれ？	뭐야、저거？
ないんだね。	없구나。
つもりだぞ！	할 셈이야！
言うんだよ！	말하는 거야！
約束なんだ。	약속이야。
なれないよ。	못 돼。
オレのこと？	나 말이야？
無理、無理。	무리、무리。
母ちゃーん！	엄마～！
いいだろう。	좋아。
夢中だった。	푹 빠져 있었어。
決まりだな。	결정이네。
次が活舌ね。	다음이 발음이네。
また来てね。	또 와。
お供します。	모시겠습니다。
今の時間は？	지금 시간은？
聞こえてる？	들려？
まあ、その。	뭐、그。
最強の戦士！	최강의 전사！
みたいなの！	같은 거！
なったんだ。	됐어。
な、なんと！	이、이럴 수가！
本当ですか！	정말이에요！
盗賊聖書！？	도적 성서！？
なにを言う。	무슨 소리야。
財宝なのだ。	재보인 것이다。
頑張ってね。	힘내。
変な奴だな。	이상한 녀석이네。
ひどいなぁ。	심하네。
演じるのよ。	연기하는 거야。
俺はいいよ。	난 됐어。
よろしくな！	잘 부탁해！
大丈夫です。	괜찮아요。
わかるよね？	알겠지？
くっくっく。	큭큭큭。
暇なんだろ？	한가하지？
教えてくれ。	알려줘。
見つめてる。	바라보고 있어。
今日も用事。	오늘도 볼일。
返事してよ！	대답해 줘！
種類は適当。	종류는 대충。
どこまでも。	어디까지나。
やり過ぎだ。	너무 지나쳐。
失礼だな～！	무례하네～！
いけないの。	안 되는 거야。
見えるから。	보이니까。
いや、別に。	아니、딱히。
気がするぜ。	기분이 들어。
また注文だ。	또 주문이다。
抱きしめて。	안아줘。
キスをして。	키스해 줘。
行ってくる！	갔다 올게！
静かだなあ。	조용하네。
思わないか？	그렇게 생각 안 해？
なかったか？	없었나？
仕方がない。	어쩔 수 없지。
頼もうかな。	부탁할까。
確か今日は。	분명 오늘은。
いるからな！	있으니까！
帰るピエロ。	돌아가는 삐에로。
正しいのか。	옳은 건가。
赤いんだぞ！	빨갛다고！
言ったんだ？	말한 거야？
男らしいね。	남자답네。
いうわけだ。	그런 거야。
覚えておけ。	기억해 둬。
持つんだろ？	갖는 거지？
貢がせる為？	갖다 바치게 하려고？
スパイラル？	스파이럴？
注文してた。	주문했었어。
比べたらね。	비교하면 말이지。
今からする。	지금부터 할게。
口うるさい。	잔소리꾼이야。
本当に友達？	정말 친구야？
言えるんだ？	말할 수 있는 거야？
フフーーン！	흐훙～！
気のせいか？	기분 탓인가？
ないからな。	없으니까。
いや、いい。	아니、됐어。
何でもいい。	아무거나 좋아。
出ていこう。	나가자。
顔してない？	얼굴 아니야？
俺も寝よう。	나도 자야지。
お兄ちゃん？	오빠？
さあ、早く！	자、빨리！
行ってるよ。	가고 있어。
体に悪いよ。	몸에 나빠。
するなんて。	하다니。
作ってるの。	만들고 있어。
大ありだよ。	완전 있지。
手を引くよ。	손 뗄게。
払うんだし。	낼 거고。
危ないよな。	위험하지。
拾われてる。	주워지고 있어。
いきますね。	갈게요。
くれるんだ？	주는 거야？
どうだろ～？	어떨까～？
減るのかな？	줄어들까？
終わったの。	끝났어。
入れないな。	못 들어가네。
パソコンか？	컴퓨터인가？
証明させろ！	증명하게 해줘！
欲しいんだ。	갖고 싶어。
君に渡して。	너한테 건네줘。
不正解です。	오답입니다。
間柄じゃん。	사이잖아。
落ち着くな。	마음이 편해지네。
対象でいい。	대상이면 돼。
マックスだ！	맥스야！
一発ＯＫだ！	한 방에 OK다！
つもりさ～。	할 셈이야～。
まかせて～！	맡겨줘～！
知ってたの？	알고 있었어？
無いんじゃ？	없는 거 아냐？
言ったから。	말했으니까。
普通に喋れ。	평범하게 말해。
示さないな。	안 보여주네。
条件反射か？	조건반사인가？
どういう事？	어떻게 된 거야？
私にすれば？	나한테 하지그래？
逃げるなっ！	도망치지 마！
作り始めた。	만들기 시작했어。
楽しかった？	즐거웠어？
突然なんだ？	갑자기 뭐야？
照れてるの？	쑥스러워하는 거야？
行って来る！	갔다 올게！
大丈夫かな。	괜찮으려나。
私を愛して。	나를 사랑해 줘。
私に与えて。	나에게 줘。
いないけど。	없지만。
最近なのか？	최근인 거야？
お、俺の事？	나、나 말이야？
なんだこれ？	뭐야 이거？
初めてだね。	처음이네。
自由の空へ！	자유의 하늘로！
アウトドア！	아웃도어！
仕事中だぞ。	일하는 중이야。
来てますよ。	와 있어요。
どこ行った！	어디 갔어！
お父さん！！	아버지！！
思うけどな。	생각하는데。
時間損した！	시간 손해 봤어！
どうだろう？	어떨까？
すぐ行くよ。	바로 갈게。
まだだよな？	아직이지？
違ったかな。	아니었나。
覚えてるか？	기억하고 있어？
お、大吉だ。	오、대길이다。
お土産だぞ？	선물이야？
は、はい！	네、넵！
大事なの？	소중한 거야？
麦茶だよ。	보리차야。
消えた？！	사라졌어？！
見たかー？	봤냐～？
照れるぜ。	쑥스럽네。
約束だぜ。	약속이야。
いないな？	없네？
笑えるな。	웃기네。
お客さん。	손님。
配達配達！	배달 배달！
占いつき？	점괘 포함？
君を叱る？	너를 혼내？
普通だな。	평범하네。
より上か。	보다 위인가。
やったー。	해냈다。
おかしい！	이상해！
いただき！	잘 먹을게！
耳アカ？！	귀지？！
練習再開！	연습 재개！
はいるか！	들어간다！
本当だわ。	정말이네。
忘れてた？	잊고 있었어？
はい完成！	자 완성！
ウソだろ？	거짓말이지？
いかない。	안 가。
お元気で！	잘 지내요！
させない。	못 하게 해。
どうだい？	어때？
以上です。	이상입니다。
慌て者で。	덜렁이라서。
お笑いだ。	웃음거리야。
捕まえろ！	붙잡아！
（どこだ？	（어디야？
聞いたよ。	들었어。
母ちゃん！	엄마！
思ったの？	생각한 거야？
くっそ～。	젠장～。
するよな。	하지。
やがった。	해버렸어。
か、体が！	모、몸이！
准ちゃん。	준짱。
争うお話。	다투는 이야기。
消毒して。	소독해 줘。
ドジっ娘？	덜렁이 소녀？
紙とペン？	종이랑 펜？
ベイビー！	베이비！
逆だから！	반대니까！
気分だよ。	기분이야。
わかるよ。	알아。
ないから。	없으니까。
法廷だぞ！	법정이야！
危ねえ～！	위험해～！
俗まみれ！	속물 덩어리！
ないんだ。	없어。
俺は男だ！	나는 남자다！
言うのよ？	말하는 거야？
問題ない。	문제없어。
本当だよ。	정말이야。
なるから。	될 테니까。
ないよね。	없지。
不安だよ。	불안해。
どこから？	어디서부터？
いつもの。	늘 마시던 거。
カンって！	깡이라니！
どっちだ？	어느 쪽이야？
わけだし。	그런 거고。
頼んでね。	부탁해。
生き物が。	생물이。
いるのか？	있는 거야？
疲れた～。	피곤해～。
頑張るよ！	힘낼게！
むかつく。	열받아。
どう思う？	어떻게 생각해？
絶対嘘だ！	절대 거짓말이야！
絶対死ぬ。	절대 죽어。
私も寝る。	나도 잘래。
さっぱり。	전혀。
確かだね。	확실하네。
せいかな？	탓인가？
見えるの。	보여。
カレーで。	카레로。
カレーを。	카레를。
待ってて。	기다려。
私も好き。	나도 좋아해。
絶滅寸前。	멸종 직전。
らしいね。	그렇다네。
暇でしょ？	한가하지？
微妙だな。	애매하네。
またかっ！	또야！
すぐ戻る。	금방 돌아올게。
思ってね。	생각해서。
問題無い。	문제없어。
なくちゃ！	해야지！
ほ、本気？	지、진심이야？
ご主人様。	주인님。
思います。	생각합니다。
満漢全席。	만한전석。
頑張るよ。	힘낼게。
出すのさ。	내는 거야。
マンモス？	매머드？
違うわよ！	아니야！
なのかい？	그런 거야？
頂きます。	잘 먹겠습니다。
見ました？	봤어요？
言うのよ。	말하는 거야。
言うんだ。	말하는 거야。
俺の家が！	내 집이！
テントが！	텐트가！
君だよね。	너지。
間に合え！	제발 늦지 않기를！
ないかな？	없을까？
いないや。	없네。
いないな。	없구나。
引っ越し？	이사？
お父さん。	아버지。
過ぎるな。	지나치네。
するのか？	하는 거야？
どれです？	어느 거예요？
残念です。	아쉽네요。
いないの？	없어？
いいかな？	괜찮을까？
臭うかな？	냄새나나？
すぐ行く。	바로 갈게。
考古学者？	고고학자？
全然いい。	완전 좋아。
可能性は？	가능성은？
ディスク？	디스크？
危ないよ。	위험해。
物なのか！	물건인 거야！
はいっ！	넵！
スケベ。	변태。
やるか？	할까？
いいな？	알았지？
変だな？	이상하네？
どうぞ！	자 여기！
見たか？	봤어？
おおっ！	오옷！
卑怯者！	비겁자！
殴るぞ！	때린다！
キミは。	너는。
違うな。	아니네。
交番に。	파출소에。
頼むぞ！	부탁한다！
ねえよ。	없어。
お人だ。	분이군。
ご存知？	아세요？
私です。	저예요。
えええ？	에에에？
お先に。	먼저 갈게。
おおお！	오오오！
支店長。	지점장。
ほらよ。	자 여기。
大失態！	대실수！
まさか？	설마？
いやだ！	싫어！
負け犬！	패배자！
らしい。	그렇대。
くるよ。	올 거야。
君の顔。	네 얼굴。
タダでいいの？！	공짜여도 돼？！
決めていたんだ。	정해뒀었어。
べそかいてたぜ。	훌쩍거리고 있었어。
思ってるんだぜ。	생각하고 있다고。
逃げやがったな。	도망쳤군。
わかるまでです。	알 때까지입니다。
よく知ってるね。	잘 아네。
決着をつけるか。	결판을 낼까。
やるじゃねえか。	제법이잖아。
多いですからね。	많으니까요。
いいんだけどね。	좋긴 한데。
言うことなしだ！	더할 나위 없다！
気持ちよくてね！	기분 좋아서 말이야！
キミもどうだい？	너도 어때？
聞こえてますよ。	들려요。
いいんじゃない？	괜찮지 않아？
むこうの狙いは。	저쪽의 노림수는。
準備をしておこう。	준비를 해두자。
練習休もう・・・。	연습 쉬자・・・。
疲れているんだな。	지쳐 있구나。
通して練習しよう。	쭉 이어서 연습하자。
今日バイトなんだ。	오늘 알바야。
やっぱり無理だよ。	역시 무리야。
俺も大人げないな。	나도 어른답지 못하네。
鍛えてきたからな！	단련해 왔으니까！
おい刀を抜いたぞ！	어이 칼을 뽑았어！
なにか落ちてるぞ。	뭔가 떨어져 있어。
同じ物ですけどね。	같은 물건이지만요。
どうです、景気は？	어때요、경기는？
絶対に勝ってくれ！	반드시 이겨줘！
商店街でお買い物？	상점가에서 쇼핑？
グヒャーーー！！！	그햐～～～！！！
よし、練習開始だ！	좋아、연습 개시다！
同じ展開だからな。	같은 전개니까。
時期は１２月です。	시기는 12월입니다。
危ないじゃないか！	위험하잖아！
よかったよかった。	다행이다 다행이야。
輝かしい第一歩だ。	빛나는 첫걸음이다。
配達は終わったの？	배달은 끝났어？
みたいな人、かな？	같은 사람、이려나？
食われちまえ～！！	잡아먹혀 버려라～！！
伝授いたしまーす！	전수해 드립니다～！
言ってないでしょ！	말 안 했잖아！
待ちくたびれたよ。	기다리다 지쳤어。
ひょっとして迷惑？	혹시 민폐야？
俺は苦手だからだ！	난 질색이니까！
チームのためだろ。	팀을 위해서잖아。
公演があるんです！	공연이 있어요！
喜んでくれないの？	기뻐해 주지 않는 거야？
景気はどうなんだ？	경기는 어때？
また遊びに来てよ。	또 놀러 와。
知らなかったのか？	몰랐던 거야？
おい、どうした？！	어이、왜 그래？！
食べてくれないの？	먹어주지 않는 거야？
忘れないでくれよ。	잊지 말아줘。
教えてくださいよ。	가르쳐 주세요。
ユニフォーム着ろ！	유니폼 입어！
なにやってるんだ？	뭐 하고 있는 거야？
遠前城	원전성
遠前山	원전산
遠前支店限定で	원전 지점 한정으로
カンって	깡이라니
缶？	깡통？
このドロ船から	이 침몰선에서
・・・愉快な	・・・유쾌한
お兄ちゃん	오빠
実は、その公演の脚本演出やってたヤツが本が書けないって逃げちまったんだよ。	실은、각본 연출 하던 녀석이 글을 못 쓰겠다며 도망쳐 버렸거든。
だから、遅い球の次に速い球を投げると振り遅れ、逆だと早く振りがちになる。	그래서 느린 공 뒤엔 스윙이 늦고、반대면 빨리 휘두르게 되지。
それにいつまでも芝居打たないまんまじゃオレら劇団やってる意味ないじゃん。	게다가 언제까지고 공연을 안 올리면 우리가 극단 하는 의미가 없잖아。
あそこの芝居は、どんなのか知らないけど見に来るのは若い子たちなんだろ。	거기 연극은 어떤지 모르지만 보러 오는 건 젊은 애들일 거 아냐。
じゃあ、野球とかけもちで申しわけないが出来る限り手伝わせてもらうよ。	그럼、야구랑 겸업이라 미안하지만 되는 만큼 돕도록 할게。
ただ、野球のボールで遊んでやるときだけうれしそうによってくるんだ。	다만、야구공으로 놀아줄 때만 기쁜 듯이 다가온단 말이지。
芝居で食っていこうって考えてないなら、来ないでくれるかなぁ。	연극으로 먹고살 생각이 없다면、안 와 줬으면 하는데。
依頼されれば、小さな物から大きな物までなんでも作るよ。	의뢰만 받으면 작은 것부터 큰 것까지 뭐든 만들어。
メイド歴が長いと、そんな事ぐらい見抜けるのですよ。	메이드 경력이 길면 그런 건 다 꿰뚫어 보인답니다。
だからと言って、金は無いから何も食べれないんだが。	그렇다고는 해도、돈이 없어서 아무것도 못 먹지만。
さすがにもう５時間以上も水だけで座っているからな。	벌써 5시간 넘게 물만 마시며 앉아 있었으니까。
ほんの少しでいいから、私に時間を・・・・・・・。	아주 조금이라도 좋으니、저에게 시간을・・・・・・・。
あんなところにテントがあるんだなぁ～。	저런 곳에 텐트가 있구나～。
今日はハンバーグにしようと思ってるの。	오늘은 햄버그로 할까 생각 중이야。
普通に店やってても食っていけないよな。	보통으로 장사해선 먹고살 수 없지。
「古書フェア」とかやってたりするだろ？	「고서 페어」같은 것도 하잖아？
そんな数字を覚えてらっしゃったんです？	그런 숫자를 기억하고 계셨어요？
いったいこれは、どういうことなんだね！	대체 이건 어떻게 된 일인가！
いつも商店街で顔を合わせてるじゃない。	맨날 상점가에서 마주치잖아。
じゃあ、本屋に行くの付き合ってくれる？	그럼、서점 가는 데 같이 가 줄래？
今回は予算が少ないからかなり自腹だし。	이번엔 예산이 적어 사비도 들고。
この喫茶店が商店街の集会所なんですね。	이 찻집이 상점가 집회소인 거군요。
オイラ知らない人とは話しないでやんす。	모르는 사람과는 말 안 합죠。
・・・両目から血を流した長い髪の女だ。	・・・눈에서 피 흘리는 장발 여자。
それってかなりヤバイものじゃないのか？	그거 꽤 위험한 물건 아니야？
いや、お前に好意を抱いておるようじゃ。	아니、네게 호감이 있는 게야。
こっちの評判を落としに来たわけですな。	우리 평판을 깎으러 온 거군요。
それから大道具に小道具や衣装の製作代。	거기에 무대장치、소품、의상 제작비。
宣伝費、それから外部スタッフへのお礼。	선전비、또 외부 스태프 사례비。
ようやく楽しさがわかってきたところだ。	이제야 재미를 알기 시작한 참이다。
こいつは南米で開発された迷惑兵器でね。	남미에서 개발된 민폐 병기라서。
ゴキブリの大群に襲わせることができる。	바퀴벌레 떼로 습격시킬 수 있지。
この不審人物を事情聴取していたのです。	이 수상한 자를 취조 중이었습니다。
ああ、チラシもらってくれた人ですよね。	아아、전단지 받아 주신 분이죠。
出自が違うだけで、同類かもしれないぞ。	출신만 다를 뿐 같은 부류일지도。
お前の姿、もっとまともに見えてるのか？	네 모습、더 제대로 보이는 거냐？
今は年金でヌクヌク暮らしてやがるのさ。	지금은 연금으로 편히 살고 있다고。
僕がどれだけ苦労したかわかってんのか！	내가 얼마나 고생했는지 알기나 해！
自分でも本当によくやったと思うんだよ。	나도 정말 잘했다고 생각해。
どうにもこうにも困っていた所なんだよ。	이러지도 저러지도 못하던 참이었어。
負けたままで済ませるつもりはないだろ？	진 채로 끝낼 생각은 없겠지？
チームで野球の助っ人をやっているんだ。	팀에서 야구 용병을 하고 있거든。
だから毎回外のスタッフに頼んでるんだ。	그래서 매번 외부에 맡기는 거야。
うん、ネットへの侵入は問題なさそうね。	응、네트 침입은 문제없어 보이네。
そのうちの一台から警告音が出てるんだ。	그중 한 대가 경고음을 내고 있어。
小劇場の俳優で良い人材を探してるんだ。	소극장 배우 중 인재를 찾고 있어。
あ、不自然に見えるものには触らないで。	아、이상해 보이는 건 만지지 마。
この携帯から電話一本で金を振り込める。	휴대폰 전화 한 통으로 입금 돼。
だから、その原因すべてに復讐するのさ。	그래서 원인 전부에 복수하는 거야。
ちょっと気になったから調べてみたんだ。	좀 궁금해서 조사해 본 거야。
一緒に居ても居づらいと言うか・・・・。	같이 있기 불편하달까・・・・。
する事は壮大というより陰険な気がする。	하는 짓은 장대하다기보단 음험해。
花形ならサーカス団に戻ればいいだろう。	스타면 서커스단에 돌아가면 되잖아。
ストローの束を買ってくればいいんだな。	빨대 묶음을 사 오면 되는 거지。
だから貴方も、気が向いたらここに来て。	그러니 당신도 내키면 여기로 와요。
言ってればいいと思ったら大間違いだよ！	말만 하면 된다면 큰 오산이야！
金は払ってるんだから、いつもの頼むよ。	돈은 냈으니까 늘 마시던 걸로。
男はやっぱりカッコイイと言われたいな。	남자는 멋지단 말을 듣고 싶지。
この問題はボ～クの気持ちの問題だし～。	이 문제는 나～의 기분 문제인걸～。
なんとなく強くなった気がするんだけど。	왠지 강해진 것 같은 기분인데。
ど、どうしたんだ、そんな大声を出して？	무、무슨 일이야、그렇게 소리치고？
運動してお腹空いてるし、うんまそうだ！	운동해서 배도 고픈데、맛있겠다！
この続きをするとしたら、明日以降かな。	이어서 하게 되면 내일 이후려나。
コーヒーを飲んでたから聞いてなかった。	커피를 마시느라 못 들었어。
俺はそんな誘惑に乗るような男じゃない。	그런 유혹에 넘어갈 남자가 아냐。
さっきの顔はかなり犯罪チックだったよ。	아까 그 얼굴은 꽤 범죄자 같았어。
じゃないとせっかくの男前が台無しだよ。	안 그럼 미남 얼굴이 아깝잖아。
何か手伝う事があったら手伝ってやろう。	도울 일이 있으면 도와주도록 하지。
口からその言葉を聞くとは思わなかった。	입에서 그 말을 들을 줄은 몰랐다。
それを置いて、こっち戻ってきたんだよ。	그걸 두고 이쪽으로 돌아온 거야。
誰にでもこうやって寝顔を見せるのかな。	아무한테나 잠든 얼굴을 보여 주나。
そういう問題じゃなくて、その・・・・。	그런 문제가 아니라、그・・・・。
こんなのを見たからって、今まで通りな。	이런 걸 봤다고 해도、지금까지처럼。
さすがにイライラしておられるようです。	역시나 짜증이 나신 모양입니다。
聞いたところで何の役にも立たんからな。	들어 봤자 아무 도움도 안 되니까。
そんな、ちょっとぐらい食べたからって。	그런、조금 먹었기로서니。
そんな事で子供だなんて言われたくない。	그걸로 애 취급받고 싶진 않아。
だけど今回は一人で行くって言ったんだ。	하지만 이번엔 혼자 간다고 했어。
眠れと念じながら相手の目を見つめます？	자라고 빌며 상대 눈을 바라봐요？
数年前に立ち寄った街の話をしてあげる。	몇 년 전 들른 마을 얘기해 줄게。
同じチームなら飛び上がって喜んでたぞ。	같은 팀이면 뛸 듯이 기뻐했을걸。
その話し方、うっとしいからやめてくれ。	그 말투、거슬리니까 그만둬 줘。
背中を押されてその女の子は歩いていた。	등 떠밀려 그 애는 걷고 있었다。
あれ？どうしたの立ち上がって・・・・？	어라？왜 일어서고・・・・？
大声で一人で騒いでちゃ周りに迷惑だよ。	혼자 큰 소리로 떠들면 민폐라고。
僕のプログラムに欠点があると言うのか！	내 프로그램에 결점이 있다고！
それはちょっとやり過ぎじゃ・・・・・。	그건 좀 지나친 것 아냐・・・・・。
それならばいつでも作ってもらえるから。	그거면 언제든 만들어 줄 테니까。
それも料理を作る時の楽しみの一つだよ。	그것도 요리하는 즐거움 중 하나야。
いたけど、ここまでするとは・・・・・。	들었지만 이 정도일 줄은・・・・・。
今からサンドイッチを食べるには最適だ。	지금 샌드위치 먹기엔 최적이다。
そいつらからプレゼントもらえないのか？	걔들한테선 선물 못 받는 거야？
お嬢様の好みに合わせて作らせた物だよ。	아가씨 취향에 맞춰 만든 거야。
一見合わないように見えるんですけどね。	언뜻 안 어울려 보이지만요。
打ち解けて話す事なんて無かったからね。	터놓고 얘기한 적이 없었으니까。
彼女をアルバイトとして雇って良かった。	그녀를 알바로 고용하길 잘했어。
事件があったと思ってしまうじゃないか。	사건이 났다고 생각하게 되잖아。
いろいろな人がやってきてくれるでしょ？	여러 사람이 와 주게 되잖아？
僕がこの世界の神になればいいのですね！	내가 이 세계의 신이 되면 되겠군！
僕のプログラムなら、不可能は無いはず！	내 프로그램이라면 불가능은 없다！
しかし、パンばかりではノドが乾くよな。	그치만 빵만 먹으면 목이 마르지。
何がって、コーヒーを飲ませようとだな。	뭐긴、커피를 마시게 하려고 말이다。
まあ、逃げられた事には変わりがないか。	뭐、도망간 건 변함없지만。
知り合いにはなっておこうと思ってね～。	알아는 두려고 생각해서～。
そこまで言われたら、何にも言えないな。	그렇게까지 말하면 할 말이 없네。
僕をそんな奴らと一緒にするんじゃない！	나를 그런 놈들과 똑같이 취급 마！
あの人、やる時はしっかりやるだろうし。	저 사람、할 땐 제대로 할 테고。
真っ直ぐに伸びた道の上を歩かされてた。	곧게 뻗은 길 위를 걸어야 했다。
それが子供の頃から私に背負わされた鎖。	어릴 때부터 내게 지워진 사슬이야。
「一年前にこの街にやって来た時」って。	「1년 전 여기 왔을 때」라고。
この店の雰囲気が好きになったんだって。	이 가게 분위기가 좋아졌다더라。
この店はただのアンティーク喫茶だから。	이 가게는 그냥 앤티크 찻집이니까。
店長の新作コーヒーとハムサンドですね。	점장님 신작 커피와 햄샌드군요。
いけないかなと思っていたから助かった。	안 되나 싶던 참이라 다행이다。
それが、どういう意味かわかって欲しい。	그게 무슨 의미인지 알아줬으면 해。
それはどこまでも大きくする事ができる。	그건 얼마든지 크게 만들 수 있어。
大きな翼を持っている事を忘れないでね。	커다란 날개를 가진 걸 잊지 마。
人間がいるとの情報が入っているのです。	인간이 있단 정보가 들어왔습니다。
しかし、よっぽどお腹が空いてたんだな。	어지간히 배가 고팠던 모양이군。
そういうところだと結構売れるんだよ。	그런 데서는 제법 잘 팔리거든。
ランキング専門社の調査で１３万です！	랭킹 전문사 조사로 13만입니다！
ユニフォーム姿の方がまだ良かったね。	유니폼 차림이 그나마 나았네。
・・・うん、ぜーんぜん変じゃないよ。	・・・응、저언혀 안 이상해。
感情が高ぶっても涙は出ないんだよね。	감정이 북받쳐도 눈물은 안 나와。
だから店を継ぐために必死で勉強した。	가게를 이으려고 죽어라 공부했어。
このあたりはとりあえず無事ですけど。	이 근처는 일단 무사하지만요。
酸素の消費を抑えるしかありませんね。	산소 소비를 줄일 수밖에 없네요。
社内イベントとしてやってるんだって。	사내 이벤트로 하는 거래。
このチームのキャプテンだったんだよ。	이 팀의 주장이었단다。
お母さんにこってりしぼられてたけど。	어머니한테 흠씬 혼나긴 했지만。
あっという間にやっつけたでやんすね！	눈 깜짝할 새에 해치웠습죠！
ラテックス臭いってバカにしやがって！	라텍스 냄새난다고 무시하다니！
それから、これ一人じゃ脱げないから。	그리고 이거 혼자선 못 벗으니까。
・・・ヘル・プ・・・・・くだサ～イ！	・・・헬・프・・・・・주세～요！
ここんとこ、ウチは負け続けなんだよ。	요즘 우리는 연패 중이라고。
これまでがどうだろうと、今回は勝つ。	지금까진 어쨌든、이번엔 이긴다。
傷つけるようなことはしちゃいけない。	상처 주는 짓을 하면 안 돼。
え、高校の時には甲子園にも出たんだ。	어、고교 때는 고시엔에도 나갔어。
甲子園に出ていたら大騒ぎじゃないか。	고시엔에 나갔다면 난리잖아。
・・・お前、手ぇ出してないだろうな？	・・・너、손댄 건 아니겠지？
今の会話そのまんまお父さんとしたよ。	방금 그 대화、아빠랑 똑같이 했어。
本当にこのチームも強くなりましたね。	정말 이 팀도 강해졌네요。
さすがにペナルティも大きめでやんす。	역시나 페널티도 큽죠。
この最後の一回に全力を注ぐでやんす！	이 마지막 한 번에 전력을 쏟습죠！
あわてて電源を切っちゃだめでやんす！	당황해서 전원을 끄면 안 됩죠！
アイツと仲良くしてみようと思ってな。	걔랑 친해져 볼까 해서 말이야。
ウチも運動してるんだけど、難しいよ。	우리도 운동은 하는데、어렵다니까。
電動工具の使い方やら教えてたんだよ。	전동공구 쓰는 법을 가르쳐 줬었지。
言ってることはわかりにくいでやんす。	하는 말은 알아듣기 어렵습죠。
いいかげんそういうのは卒業しろよな。	이제 그런 건 좀 졸업해라。
ドライになった、って言ってほしいね。	드라이해졌다고 해 줬으면 하는군。
スーパーは何か得をするんでしょうか？	슈퍼는 무슨 득을 보는 걸까요？
子供がこんな時間に何やってるんだい？	애가 이 시간에 뭘 하는 거니？
うん、もう個人営業はだめみたいカニ。	응、이제 개인 영업은 글렀다 게。
いちいちオレにつっかかってくるんだ！	일일이 나한테 시비를 걸어온다고！
うーん、それは考えたことなかったな。	으음、그건 생각해 본 적 없네。
・・・まさか、虫とか食べてないよね？	・・・설마 벌레 먹은 건 아니지？
他にも、なにかとお金は使うんだよな。	그 밖에도 이래저래 돈이 들지。
ここの使用料も払わないといけないし。	여기 사용료도 내야 하고。
商店街も巻き込んだ宣伝っていうのは。	상점가도 끌어들인 선전이란 건。
まあ、監督の言うとおりにしてみよう。	뭐、감독 말대로 해 보자。
いじけてみたって、しょうがないカニ。	삐져 봤자 소용없다 게。
１００円借りてどうするんだろうって。	100엔 빌려서 뭘 하려나 싶어서。
ま、学生時代からのあこがれの人だな。	학창 시절부터 동경하던 사람이지。
試合に勝てなかったんじゃないのかね。	시합에 못 이겼던 것 아닌가。
見られながら練習したじゃないですか。	시선을 받으며 연습했잖아요。
活躍するための準備だったんですか？！	활약하기 위한 준비였던 겁니까？！
それに今の練習だけでも、へとへとで。	게다가 지금 연습만으로도 녹초라서。
いいか、今日のお前は試合全体を見ろ。	잘 들어、오늘은 시합 전체를 봐라。
そのうち、本当におぼれてしまいます！	이러다간 정말로 물에 빠지겠어요！
ワタシは川の道に流されていたでーす。	와타시、강물에 떠내려갔데ー스。
わたしのこと信用していないのですね？	저를 믿지 않으시는 거군요？
ずいぶん追い詰められているようだな。	어지간히 궁지에 몰린 모양이군。
じゃ、爆撃機になにか積んでいたのか？	그럼 폭격기에 뭔가 실었던 건가？
会長は何百億という金を使ってるんだ。	회장은 수백억이나 쓰고 있다고。
商店街以外の人間は近づいてないんだ。	상점가 외엔 아무도 접근 안 했어。
うろちょろされてるのは迷惑なんだよ。	얼쩡거리는 건 민폐라고。
なんだけどさ、あの人まだ２０代だよ。	그런데 저 사람 아직 20대야。
それまでしっかり頼むぜ、キャプテン？	그때까지 잘 부탁한다、주장님？
疑うなら、試してみろってことだろう。	의심되면 시험해 보란 거겠지。
だから夜逃げをしようと思ったんだね。	그래서 야반도주를 하려던 거구나。
なにか楽しい思い出があるんだろうね。	뭔가 즐거운 추억이 있나 보네。
暴れたりしたのが悪かったんだと思う。	날뛰거나 한 게 나빴다고 생각해。
僕の話ちゃんと聞いてないんじゃない？	내 얘기 제대로 안 들은 거 아냐？
両親に会いに行ってみようと思うんだ。	부모님을 만나러 가 볼까 해。
お兄さんもずいぶん練習したんだから。	형도 연습 많이 했으니까。
そういえば、野菜いための日が多いな。	그러고 보니 야채볶음 날이 많네。
ケンカは馬鹿馬鹿しいと思ってるんだ。	싸움은 어리석다고 생각하거든。
ひとつひとつ、プチプチッと確実にな。	하나하나、뽁뽁 확실하게 말이지。
従業員といえば、家族みたいなもんだ。	종업원이라면 가족 같은 거지。
お父さんの腰が良くなるまでは来るよ。	아빠 허리가 나을 때까진 올게。
そのときの忘れ物を取りに来たらしい。	그때 두고 간 물건을 찾으러 왔대。
こんなに良くしてもらってるんだから。	이렇게 잘해 주고 있으니까。
よかったら、これ持って帰って食べて。	괜찮으면 이거 가져가서 먹어。
オイラ達、持ちつ持たれつでやんすね！	우리는 상부상조입죠！
わがままばっかり言ってるんだなぁ～。	제멋대로만 말하는구나～。
こんな所に住んでいたら病気になるよ？	이런 데 살다간 병 걸린다？
１ページ目から全然意味がわからない。	1페이지부터 전혀 뜻을 모르겠어。
しょうがないから、その本棚捨てたの。	어쩔 수 없어서 그 책장 버렸어。
よく叩かれたり罵られたりしたからな。	자주 맞고 욕먹고 했으니까。
脚本や演出がうまくいかない時とかね。	각본이나 연출이 잘 안될 때 말야。
この草食えるかなって、考えてたんだ。	이 풀 먹을 수 있을까 생각했었어。
ずっと宇宙人だと思っていたくらいで。	계속 우주인이라고 생각했을 정도로。
実際に野球をしてるみたいに感じるよ。	실제로 야구하는 것처럼 느껴져。
現実には１時間しか経っていないのか。	현실에선 1시간밖에 안 지났다니。
これってサービス残業って言うんだよ。	이런 걸 서비스 잔업이라고 하지。
あの子、他に身寄りがいないんだもの。	저 애는 달리 의지할 데가 없는걸。
私のためにやってくれたみたいですね。	절 위해서 해 주신 모양이네요。
あなたがお人よしすぎるってことです。	당신이 너무 무르다는 거예요。
我が見えて欲しいと望む者には見える。	나를 보고자 하는 자에겐 보이지。
あいつと会ったのも運命のいたずらか。	녀석과 만난 것도 운명의 장난인가。
あいつみたいに潔くはなれないかもな。	나는 걔처럼 쿨하진 못할지도。
だからこっちは当分帰る気はないです。	그래서 이쪽은 당분간 안 돌아가요。
東南アジアの方に移住しちまったんだ。	동남아시아 쪽으로 이주해 버렸어。
だからお正月とかお盆、すごく困るの。	그래서 설이나 추석엔 참 곤란해。
いろいろあって、一人になっちゃった。	이런저런 일로 혼자가 돼 버렸어。
中に白い粉が、いっぱい入ってるけど。	안에 하얀 가루가 잔뜩 들었는데。
グループ作って小さなお芝居をするの。	그룹 짜서 작은 연극을 하는 거야。
時代劇を舞台にして入ってくるとかね。	사극을 무대로 해서 들어온다든가。
自分も役を合わせてお芝居を続けるの。	자기도 역을 맞춰서 연극을 이어가。
家族一緒に住めるようになるんだって。	가족이 같이 살 수 있게 된대。
この空で、みんなつながってるんだよ。	이 하늘로 모두 이어져 있는 거야。
普通の生活を送る感じで演技すること。	평소 생활하는 느낌으로 연기할 것。
演出しているときの様子に驚いてるよ。	연출할 때의 모습에 놀라고 있어。
他人に厳しい分、自分にも厳しかった。	남에게 엄한 만큼 스스로도 엄했지。
ウチの店の「米」の配達をするんだよ。	우리 가게「쌀」배달을 하는 거야。
困ってる人を放っておけない性分でね。	곤란한 사람 못 지나치는 성미라서。
どれをとっても完璧なお宝店でやんす。	뭘 골라도 완벽한 보물 가게입죠。
・・・いま管理所から連絡が来ました。	・・・관리소에서 연락이 왔습니다。
本当に強いものは地味なものなんだよ。	정말 강한 것은 수수한 법이란다。
勝つまでは、このチームにいるんだろ？	이길 때까진 이 팀에 있을 거잖아？
商店街に圧力をかける原因があるはず。	상점가를 압박하는 원인이 있을 터。
それが解決したら、この町を去ります。	그게 해결되면 이 마을을 떠납니다。
お前はオレ様に意見をするでござるか？	네놈이 이 몸에게 의견하는 것이오？
ミルファイヤーちゃんは拙者のでゲス！	밀파이어짱은 소인의 것이게스！
最初からあきらめていたら無理だけど。	처음부터 포기했다면 무리겠지만。
ガードレールに花が添えられているぞ。	가드레일에 꽃이 놓여 있잖아。
巨大な虫に商店街を襲わせるそうだな。	거대 벌레로 상점가를 습격시킨다지。
いいぜ、お前の顔も見飽きたところだ。	좋아、네 얼굴도 질리던 참이다。
野球の練習をしないといけないでしょ。	야구 연습을 해야 하잖아。
豪腕投手であることを知っているのか？	강완 투수라는 걸 알고 있는 거냐？
貴様の誘いに乗ってやろうじゃないか！	네놈의 초대에 응해 주지！
あんたらの真の狙いは商店街の土地か。	당신들 노림수는 상점가 땅인가。
こいつちょっと勘違いしてるみたいだ。	이 녀석 뭔가 착각하는 모양이다。
なるほど、あれがウワサの野球浪人か。	과연、저게 소문의 야구 낭인인가。
あたしは好きだけどなぁ、そういうの。	난 좋은데、그런 거。
この前、漢字のテストがあったそうね。	요전에 한자 시험이 있었다며。
大道具もやってもらおうかと思うんだ。	무대장치도 맡아 줬으면 하는데。
役者も裏方やらないとまわらないんだ。	배우도 무대 뒤 일을 해야 돌아가。
なんだか本番が楽しみになってきたぞ。	왠지 본공연이 기대되기 시작했어。
映画館なんて、久しぶりだから楽しみ！	영화관은 오랜만이라 기대돼！
誰かをさらってくるわけにいかないし。	누굴 납치해 올 수도 없고。
こうしてピクニックにも行けるんだし。	이렇게 소풍도 갈 수 있고。
なんだっけ「ピカデリー星人」だっけ？	뭐였지、「피카델리 성인」이었나？
俺なんかが主役やるわけにいかないよ。	나 같은 게 주역을 할 순 없어。
まったく緊張感足らないんじゃないか。	정말이지 긴장감이 모자라잖나。
プロデューサーと主役を両方だからな。	프로듀서와 주역을 겸하니까。
埋まってる可能性が高いはずでやんす。	묻혀 있을 가능성이 높을 겁죠。
ただ、なにぶん資金が足りませんので。	다만 아무래도 자금이 부족해서요。
アイデア次第で解決できると思うんだ。	아이디어에 따라 해결된다고 생각해。
しっかり宣伝すれば客も来てくれるさ。	선전만 잘하면 손님도 와 줄 거야。
そうだ、あたしの家のお風呂貸そうか？	맞다、우리 집 욕실 빌려줄까？
ボーナス込みでキッチリもらったしな。	보너스까지 확실히 받았으니까。
ちょっとまずいことになってるみたい。	좀 곤란한 일이 생긴 모양이야。
相手のカードと合っていれば、完璧だ。	상대 카드와 맞아떨어지면 완벽하다。
カード力の大きいカードを出せばいい。	카드력이 큰 카드를 내면 된다。
カードの下に出ている緑のメーターだ。	카드 아래에 나오는 초록 미터다。
そいつを今からぶちこわしてやるのさ。	그걸 지금부터 부숴 주겠다는 거야。
あのイベントのときイキイキしてたな。	그 이벤트 때는 생기 넘쳤었지。
ずっと野球をやってれば良かったんだ。	계속 야구를 했으면 좋았을 텐데。
全身でアピールするようになったんだ。	온몸으로 어필하게 됐다니까。
絶対に本番は出来が違ってくるからな。	본공연에선 확실히 결과가 달라진다。
自信もつくし、悪い部分も直しがきく。	자신감도 붙고 나쁜 점도 고쳐져。
前の男にもキツイ事ばかり言ってたよ。	전 남자한테도 심한 말만 했었어。
本番前には完成したものを持ってくる。	본공연 전엔 완성품을 가져올게。
練習で演じ方いろいろ試してるんだよ。	연습에서 연기 방식을 시험하거든。
だから、どんな時でも見守ってやるさ。	그러니 어떤 때라도 지켜봐 주마。
アドバイスをするのはどうかと思うぞ。	충고하는 건 좀 아닌 것 같은데。
全然やり方も方法論も違うんだけどね。	방식도 방법론도 전혀 다르지만。
なめてかかって、速攻でダウンするぜ。	얕보고 덤비면 순식간에 다운된다。
それこそが舞台に立つ第一歩って感じ。	그거야말로 무대에 서는 첫걸음이지。
少し早いけどクリスマスのプレゼント。	좀 이르지만 크리스마스 선물이야。
さぁフグ太郎くん元気にいってみよう。	자、후구타로 군 힘차게 가 보자。
これはここまでのアルバイト代だから。	이건 지금까지의 알바비니까。
この二人の役は脚本から消せないのか？	이 둘의 역은 각본에서 못 빼나？
オイラがいなきゃダメなんでやんすね？	내가 없으면 안 되는 겁죠？
困ってる人は見捨てられないでやんす！	곤란한 사람은 못 버립죠！
そんなボォーッとしてる時間ないだろ！	그렇게 멍하니 있을 시간 없잖아！
こんな店見つけられなかったでやんす。	이런 가게 못 찾았을 겁죠。
チープな箱絵がたまらないでやんす～！	싸구려 박스 그림이 끝내줍죠～！
まとめて手に入る機会はないでやんす。	한꺼번에 얻을 기회는 없습죠。
オイラ、金を集めてまた来るでやんす！	나、돈을 모아서 또 옵죠！
それって、ただの誤植ではないですか。	그거、그냥 오타 아닌가요。
当時の教会の力を見くびってはいかん。	당시 교회의 힘을 얕보면 안 되네。
これこそ正しい金の使い道ではないか。	이거야말로 올바른 돈 쓰임새지。
楽にお金がもうかるんだから当然です。	편하게 돈을 버니까 당연하죠。
ダチョウイベントをやることになった。	타조 이벤트를 하게 됐다。
ああ、想像するだけでも大変なことに！	아아、상상만 해도 큰일이！
認めたくないけど、あんた才能あるよ。	인정하긴 싫지만 당신 재능 있어。
あたしを最後に打ち切られたらしいよ。	나를 마지막으로 잘렸다더라。
よくあれだけの芝居が出来たと思うよ。	그만한 연기를 해내다니 대단해。
そこまで人生を会社にささげられるか！	인생을 그렇게까지 회사에 바치겠냐！
わたしの事が嫌だったら別にいいけど。	내가 싫다면야 어쩔 수 없지만。
それにいろんな人からも応援されたし。	게다가 여러 사람이 응원해 줬고。
このチャンスは絶対にモノにしないと。	이 기회는 반드시 잡아야 해。
毎日ボーッとしながら生きてたんです。	매일 멍하니 살고 있었어요。
この業界じゃもうビッグになれないよ。	이 업계에선 이제 거물이 못 돼。
イベント事には興味ないと思ってたよ。	이벤트엔 관심 없는 줄 알았어。
見た目通り、たぶん辛いんだろうけど。	보기대로 아마 맵겠지만。
ちっとも機嫌が直る気配が無いみたい。	기분이 풀릴 기미가 전혀 없나 봐。
人にイタズラしないとダメなんだよ～。	남에게 장난을 쳐야 직성이 풀려～。
ちょっとひとっ走りしてくれないかな？	잠깐 심부름 좀 다녀와 줄래？
なんとなく体を動かしたくなってきた。	왠지 몸을 움직이고 싶어졌다。
話し方とか性格が変わっちゃってるよ。	말투랑 성격이 변해 버렸다니까。
レトルトカレーないか聞いてきたわよ。	레토르트 카레 있냐고 물어봤어。
店内を素通りして帰れと言いたいのか？	가게를 그냥 지나쳐 가란 거냐？
電話越しで俺と話した方がいいのかな？	전화로 나랑 얘기하는 게 나으려나？
辛そうな物はなんとなく色からわかる。	매워 보이는 건 색으로 대충 알아。
俺をトイレから出さないつもりなのか？	날 화장실에 가둘 셈이냐？
そんな前に乗らなくても・・・・・・。	그리 앞에 타지 않아도・・・・・・。
そのお金達はどこからやって来てるの？	그 돈들은 어디서 오는 거야？
俺がどこまでも君を連れて・・・・・。	어디까지든 널 데리고・・・・・。
じゃあ、もっと静かに声をかけてくれ。	그럼 좀 더 조용히 말을 걸어 줘。
だって、そんな事して何の役に立つの？	그치만 그런 게 무슨 도움이 돼？
会わない男はダメだと思う・・・・・。	안 만나는 남잔 글렀어・・・・・。
思うけど、何か不安になる事があるの？	그런데、뭔가 불안한 일이 있어？
その時に私がどうしているのかが不安。	그때 내가 어떨지가 불안해。
なんでこんなもんが飛んでくるんだよ？	왜 이런 게 날아오는 거야？
きっと分かりやすいだろうと思うから。	분명 알기 쉬울 거라고 생각하니까。
機会があったら紹介してよ。その人を。	기회 되면 소개해 줘。그 사람을。
しかもわけがわからん事を叫んでるし。	게다가 뜻 모를 소리를 외치고。
しばらくお待ちくださいませご主人様。	잠시만 기다려 주세요 주인님。
俺だから取れたんだ。勘違いするなよ。	나니까 딴 거다。착각하지 마라。
大学にご在学中の間だけだったのです。	대학에 재학 중일 때뿐이었습니다。
さすがに旦那様でも限界なのでしょう。	주인님도 이제 한계이시겠죠。
どうやら主従関係にあるように思える。	아무래도 주종 관계로 보인다。
何も告げずに姿を消してごめんなさい。	아무 말 없이 사라져서 미안해요。
ほら、あそこにテントが見えるでしょ。	봐、저기 텐트가 보이지。
なんで、そんなに俺を見つめているの？	왜 그렇게 나를 쳐다보는 거야？
そうだ。このゲームを見てもらいたい。	맞다。이 게임을 봐 줬으면 해。
俺にできる事なら手伝ってやるからな。	내가 할 수 있는 일이면 도와주마。
僕が動けるならこのPCも動けるのさ。	내가 움직이면 컴퓨터도 움직여。
き、気持ちは嬉しいが遠慮しておくよ。	마、마음은 고맙지만 사양할게。
さすがにそこは自分の手で食べようよ。	그건 좀 자기 손으로 먹자。
なんて欲に忠実な人なんだ・・・・・。	욕망에 충실한 사람이군・・・・・。
ボ～クに感謝して欲しいぐらいだね～。	나～한테 감사해 줬으면 좋겠네～。
素直に見てないとだけ言ったらどうだ？	솔직하게 안 봤다고만 하면 어때？
じゃあ、あの本はどこから出したんだ？	그럼 저 책은 어디서 꺼낸 거야？
それでもダメな人には間違いなけどな。	그래도 안 될 사람에겐 소용없지만。
その顔で突然現れたら驚くじゃないか。	그 얼굴로 불쑥 나타나면 놀라잖아。
食べてくれなくてもいいんだからねっ！	안 먹어 줘도 되니까！
時間を費やすのはもったいないでしょ。	시간을 쓰는 건 아깝잖아。
そんなんでカレーを作ろうとしてるの？	그런 걸로 카레를 만들려는 거야？
目の届く範囲でしか飛ぶ事ができない。	눈이 닿는 범위에서만 날 수 있다。
ここは喫茶店なんだからパンはあるよ。	여긴 찻집이니까 빵은 있지。
誰か居たかもしれないけど見てないや。	누가 있었는진 몰라도 안 봤어。
「なんで俺を餌付けしてるの？」って。	「왜 나를 길들이려는 거야？」라고。
さすがにそんだけ食べたら腹を壊すよ。	그렇게 먹으면 배탈 난다니까。
私の恥ずかしい所をじっくり見てるし。	부끄러운 모습을 빤히 보고 있고。
グッドエンディングを何度も見ている。	굿 엔딩을 몇 번이나 봤다。
私のプログラムに間違いなどないのだ！	내 프로그램에 실수 따윈 없다！
この世界の人間には影響は無いからな。	이 세계 인간에겐 영향이 없으니까。
お前の夢って結局、服を作る事なのか？	네 꿈은 결국 옷 만들기인 거냐？
しっかりした夢を持ってるじゃないか。	확실한 꿈을 갖고 있잖나。
我が物顔でコーヒー飲んでる人間とか。	제집인 양 커피 마시는 인간이나。
ここが踏ん張りどころだぞ・・・・・。	여기가 고비다・・・・・。
その時が来るまで、俺は君を待ってる。	그때까지 난 널 기다리고 있을게。
いや、俺だけじゃなく商店街の全員で。	아니、나만이 아니라 상점가 전원이。
どんな人間だって前に進む事はできる。	누구든 앞으로 나아갈 수 있어。
何かした覚えは無いんだが・・・・・。	뭘 한 기억은 없는데・・・・・。
ボ～クを倒してから聞き出してみろ～！	나～를 쓰러뜨리고 알아내 보라고～！
よく考えてみろ。チャンスじゃないか。	잘 생각해 봐。기회잖아。
仲良くなるチャンスだと思わないのか？	친해질 기회라고 생각 안 해？
いざ目の前にすると緊張しちゃって～。	막상 눈앞에 두니 긴장돼서～。
お前は俺にこう言ったんじゃないのか？	너 나한테 이렇게 말했잖아？
僕だけのメイドさんになってください。	나만의 메이드가 되어 주세요。
世界征服のプログラムを組まなければ！	세계 정복 프로그램을 짜야 해！
そんなの心の中で一言も叫んでないよ！	그런 말 속으로도 안 외쳤다고！
それにあの女の人もいるかもしれない。	게다가 그 여자분도 있을지 몰라。
お金を持ってなかったから助かったよ。	돈을 안 갖고 있어서 살았어。
あまり知らない人と仲良くなれないの。	잘 모르는 사람과는 못 친해져。
じゃあ、あんまり無理をしないように。	그럼 너무 무리하지 말고。
キーボードを叩く場所でも無いだろう。	키보드 칠 데도 아니잖아。
尊敬と羨望の眼差しで見られるんだぞ！	존경과 선망의 눈길을 받는다고！
お前の行動範囲的にはそんなもんだろ。	네 행동반경으론 그 정도겠지。
そうすればあの人達も諦めると思うし。	그러면 저 사람들도 포기할 테고。
サンドされてるように見えるんだけど。	샌드된 것처럼 보이는데。
私の作った物を食べて固まってるのね。	내가 만든 걸 먹고 굳어 버렸네。
その日を言ってたような気がするけど。	그날을 말했던 것 같은데。
買うだけがプレゼントじゃないでしょ？	사는 것만이 선물은 아니잖아？
自分で作るってのもありじゃないかな。	직접 만드는 것도 방법 아닐까。
ずっと逃げるつもりかと思ってたのに。	계속 도망칠 줄 알았는데。
私が仕掛けちゃフェアじゃないでしょ。	내가 손쓰면 페어가 아니잖아。
それが上に立つ、人間の資質ってやつ？	그게 위에 설 인간의 자질이야？
それがきっと力になるから・・・・・。	분명 힘이 될 테니까・・・・・。
つまづいた姿以外は何も見てないけど。	넘어진 것밖엔 아무것도 못 봤어。
ポーカーフェイスをたまには崩そうよ！	포커페이스를 가끔은 풀어 보자！
彼女が何者かを知って俺が引くとでも？	정체를 안다고 내가 물러설까？
表の世界ではかなり権力を持っている。	겉 세계에선 꽤 권력을 쥐고 있다。
今でも多くの場所で読まれておられる。	지금도 많은 곳에서 읽히고 있지。
それは今じゃできないのかもしれない。	그건 지금은 못 하는 걸지도 몰라。
全てが終わった時、俺と一緒に行こう。	전부 끝나면 나와 함께 가자。
お嬢様が、クッキーを焼いて欲しいと？	아가씨가 쿠키를 구워 달라고요？
お嬢様が、スコーンを焼いて欲しいと？	아가씨가 스콘을 구워 달라고요？
また、悪い物でも食べたんじゃないか？	또 상한 거라도 먹은 것 아니냐？
お腹がすいていると、心も乱れますぞ。	배가 고프면 마음도 흐트러진다오。
これがあなたの答えというわけですか。	이게 당신의 대답이란 거군요。
ちょっと、キャッチボールでもするか。	잠깐 캐치볼이라도 할까。
みんなで、やった方が楽しいですから。	다 같이 하는 편이 즐거우니까요。
見せてもらっても、よろしいですかな？	보여 주셔도 되겠습니까？
原因になったものが、あるはずなんだ。	원인이 된 무언가가 있을 거야。
見つけたからって、意味なかったかも。	찾았다고 해도 의미 없었을지도。
その、ディスクを渡してくれますかな？	그、디스크를 건네주시겠소？
このディスクは、いったいなんなんだ。	이 디스크는 대체 뭐란 말인가。
ディスクは、あなた達にお渡しします。	디스크는 여러분께 드리겠습니다。
しかもボロボロでカバーもなし、か。	게다가 너덜너덜 커버도 없나。
・・・またお腹すいてるでやんすか？	・・・또 배고픈 겁니까？
・・・おいしそうなもの飲んでるな。	・・・맛있어 보이는 거 마시네。
じゃあ、俺はこれからノックだから。	그럼 난 이제 노크 훈련이니까。
じゃ、殺虫剤を焚けばいいんですか？	그럼 살충제를 피우면 되나요？
へえ、この話また映画化されたのか。	허어、이 얘기 또 영화화됐구나。
・・・あれの中に入るヤツは死ぬな。	・・・저기 들어가는 놈은 죽겠군。
う～ん、昨日の疲れが残ってるしな。	으～음、어제 피로가 남아 있으니。
だが、このぐらいなら直せるだろう。	하지만 이 정도면 고칠 수 있겠지。
何をしてるかきいたんでやんすけど。	뭘 하는지 물어봤습죠만。
オレを捨てたか聞き出してやるんだ。	왜 날 버렸는지 알아낼 거다。
・・・思わず怒鳴っちまってすまん。	・・・무심코 소리 질러서 미안。
金融商品も奇怪なものと為り果てた。	금융상품도 기괴해지고 말았도다。
結果の出る前に我はこの地を離れん。	결과가 나기 전에 이 땅을 뜨리라。
・・・キミが気にすることではない。	・・・네가 신경 쓸 일이 아니다。
じゃあ、今日はどうしたらいいかな。	그럼 오늘은 어떻게 하면 좋을까。
食っていきたい、そう思ってんだよ。	먹고살고 싶다、그렇게 생각한다고。
こっちは４０超えてるんだけどさぁ。	이쪽은 40 넘었다고 말이야。
あいつらの誇りを潰していくんだよ。	녀석들의 긍지를 짓밟는 거야。
こいつの作るメシは美味いぞぉ～～！	이 녀석이 만든 밥은 맛있다고～～！
ゴミも減って、みんな幸せでやんす。	쓰레기도 줄고 모두가 행복합죠。
それくらいもらうのは当然でやんす。	그 정도 받는 건 당연합죠。
保護者のハンコがいるんでやんすよ。	보호자 도장이 필요합죠。
売りに行くのは問題かもしれないな。	팔러 가는 건 문제일지도 모르지。
仕事をしてるから忙しいんだなぁ～。	일을 하고 있어서 바쁘구나～。
勝手に入っても問題ないんだなぁ～。	맘대로 들어가도 괜찮구나～。
入れたら出る場所が違うんだなぁ～。	넣으면 나오는 곳이 다르구나～。
それに、ちゃんと届けたじゃないか。	게다가 제대로 전해 줬잖아。
めったに直球を投げない投手もいる。	직구를 잘 안 던지는 투수도 있다。
打たれたくないときだけ変えるんだ。	맞기 싫을 때만 바꾸는 거야。
つらいことから逃げてちゃダメだよ。	힘든 일에서 도망치면 안 돼。
あなた最近、練習で見かけませんな。	당신 요즘 연습에서 안 보이는군요。
・・・どうしてそんなに詳しいんだ？	・・・어떻게 그렇게 잘 알아？
お寺の外を全然知らなかったんだよ。	절 바깥을 전혀 몰랐거든。
なんだ、野球場ってゲームのことか。	뭐야、야구장이란 게임 얘기였냐。
まるで本物の球場にいるみたいだな。	마치 진짜 구장에 있는 것 같군。
いや、今日は遊びに来ただけだから。	아니、오늘은 그냥 놀러 온 거니까。
ここの劇団で役者と座長やってるの。	여기 극단에서 배우 겸 단장이야。
ちょっと変わってるけど普通の人間。	좀 특이하지만 평범한 인간이야。
これで普通の人間に一歩近づいたぞ。	평범한 인간에 한 발 다가갔어。
脚立（きゃたつ）を持ってきてくれ。	접사다리를 가져와 줘。
ヨロイ武者の幽霊が出るんだってさ。	갑옷 무사 유령이 나온다더라。
ま、こんなの気にしない気にしない。	뭐、이런 건 신경 쓰지 말자고。
見に来てもらったらいいじゃないか。	보러 와 달라고 하면 되잖아。
みんなでフォローすれば大丈夫だよ。	다 같이 커버하면 괜찮아。
抜けた落ちた髪の毛も貯めてんだよ。	빠진 머리카락도 모으고 있다고。
次は鼻クソ貯めるって決めてんだよ。	다음은 코딱지 모으기로 정했다고。
そういうつもりじゃなかったんだが。	그럴 생각은 아니었는데。
いったい、どんな宝だったんだろう？	대체 어떤 보물이었을까？
チラシに役者変更の紙はってるんだ。	전단에 배우 변경 종이 붙였어。
追い出すなんて、おかしいでやんす。	쫓아내다니 이상합죠。
この場合なら自分は殿様になるとか。	이 경우면 내가 영주가 된다든가。
頃合を見計らって入ってきてくれよ。	적당한 때를 봐서 들어와 줘。
わたし達の舞台はお金取ってるのよ。	우리 무대는 돈을 받는다고。
一つでも上のレベルを目指さないと。	하나라도 위 레벨을 노려야지。
街が見える場所を選ぶと思ったんだ。	거리 보이는 곳을 고를 줄 알았어。
完全に消滅するようになってるんだ。	완전히 소멸하게 돼 있어。
約束守ってちゃんと来てくれたんだ。	약속 지켜서 제대로 와 줬구나。
・・・お前が昨日、言っていた男は？	・・・네가 어제 말한 남자는？
そのカッコいい必殺技なんでやんす！	그 멋진 필살기가 뭡죠！
基本的な変化球を練習した方がいい。	기본 변화구를 연습하는 게 좋아。
向こうが本気になっちゃうんですよ。	저쪽이 진심이 돼 버려요。
テナント化に合意したらどうかしら？	임대화에 동의하면 어떨까？
みんなに必要なのは、元気でやんす！	모두에게 필요한 건 기운입죠！
別の名目で、いくらでも徴収できる。	다른 명목으로 얼마든 걷어。
そう決心してるんなら、止めないぞ。	그리 결심했다면 안 말리겠다。
おじちゃん、待ってるでやんすー！！	아저씨、기다립죠ー！！
その原因は歓迎されないことがある。	그 원인은 환영받지 못할 때가 있어
レアバージョンを狙う輩なのかにゃ？	레어판을 노리는 놈인 거냥？
ことで話してたんだけど、もう大変。	얘기하던 참인데 정말 난리야。
そこに支店長と運の悪い女がいるぜ。	거기 지점장과 운 나쁜 여자가 있어
お互いに協力するべきではないかと。	서로 협력해야 하지 않을까 해서。
商店街の同意が得られませんでした。	상점가 동의를 얻지 못했습니다。
こちらの誠意を見せただけなんだよ。	이쪽의 성의를 보였을 뿐이야。
この街に留まろうと思っていたのだ。	이 마을에 머물려고 했던 게야。
・・・野球は、オレの得意分野でね。	・・・야구는 내 특기 분야라서。
ずっと先の７月１５日なんだけどね。	한참 뒤인 7월 15일이지만。
イベントにしようって言ってきてる。	이벤트로 하자고 말해 오고 있어。
こんなに早く飲み込めないと思うよ。	이렇게 빨리는 못 삼킬 거야。
さっそく今月の団費3万円よろしく。	당장 이달 단비 3만엔 부탁해。
俺はそんなに持ち合わせがないんだ。	난 그렇게 가진 돈이 없어。
ね、今から母ちゃんと山登りなんだ。	있잖아、지금 엄마랑 등산 가。
・・・まさか、滞在なさるんですか。	・・・설마 머무시는 겁니까。
不審の目で見られるのは仕方がない。	수상한 눈으로 보이는 건 당연해。
ちょっと遊びに行って来るでやんす！	잠깐 놀러 갔다 옵죠！
大掛かりな仕掛けも作ったりするの。	거창한 장치도 만들거나 해。
あたしの分だけ、ないんだよねぇ～。	내 것만 없단 말이지～。
あたし、もっとアダルトなのがいい！	난 좀 더 어른스러운 게 좋아！
あたしの能力じゃ、ぜーんぜんダメ。	내 능력으론 저언혀 안 돼。
生体電源じゃ、たぶん足りないから。	생체 전원으론 아마 부족하니까。
実用性を考えてこんな仕様にしたの。	실용성을 생각해 이런 사양이야。
現実に戻るように設定しておいたよ。	현실로 돌아오게 설정해 뒀어。
脳を破壊されるから死んじゃうんだ。	뇌가 파괴되니까 죽어 버려。
ちょっとでも異変を感じたら逃げて。	조금이라도 이상하면 도망쳐。
研究のために作られた人間ってわけ。	연구를 위해 만들어진 인간인 거지。
あーあ、こりゃ売り物にならないよ。	아아、이건 팔 물건이 못 돼。
野球に、ちょっと思い出があるんだ。	야구에 좀 추억이 있거든。
テレビで何回か見たことがあるんだ。	TV에서 몇 번 본 적이 있어。
お前、こういう才能があったんだな。	너、이런 재능이 있었구나。
・・・いや、泣くほど感動されても。	・・・아니、울 만큼 감동하면。
さて、それで・・・さっきの話だが。	자、그래서・・・아까 그 얘긴데。
会長から何も知らされておらんのだ！	회장한테 아무것도 못 들었단 말이다
殿様の埋蔵金とかじゃないだろうな。	영주의 매장금 같은 건 아니겠지。
商店街に関しては、もう作戦がある。	상점가에 관해선 이미 작전이 있어。
なんだかぎくしゃくしてるんだよな。	왠지 서먹서먹하단 말이지。
入り口と落盤の部分を埋めただけで。	입구와 낙반 부분을 메웠을 뿐이야。
ほんの少しだけ楽がしたくなったの。	아주 조금 편하고 싶어졌어。
それ以上何も言わなくなったんだよ。	그 이상 아무 말도 안 하게 됐어。
・・・なんなら、ここで一緒に住む？	・・・뭣하면 여기서 같이 살래？
１階のあたしの部屋は入っちゃダメ。	1층 내 방은 들어오면 안 돼。
そこは最低限のプライバシーだから。	거긴 최소한의 사생활이니까。
まあ、別れるのがつらいんだろうよ。	뭐、헤어지는 게 괴로운 거겠지。
たくさんつくカードを選べば得かな。	많이 붙는 카드를 고르면 이득이야。
勝手に発動するものの２種類がある。	멋대로 발동하는 것 두 종류가 있어
チームマークの上に出ているからな。	팀 마크 위에 나오니까。
ゲームのルールとしてのカードだな。	게임 규칙으로서의 카드지。
自分のチームの勝敗で決めるんだよ。	자기 팀 승패로 정하는 거야。
宣伝効果なんて、たかが知れてるぞ。	선전 효과야 뻔한 거야。
試合結果に応じて割引セールをする！	시합 결과에 따라 할인 세일을 해！
集計は信じない方がいいんだよね～。	집계는 안 믿는 게 좋아～。
またやってくださいって、書き込み。	또 해 달라는 댓글이야。
俺は、助けようと迷わず飛び込んだ！	난 망설임 없이 뛰어들어 구했어！
少しは泳げないと格好つかないだろ？	좀은 헤엄쳐야 폼이 나잖아？
お前には、もう野球しか残ってない。	너에겐 이제 야구밖에 안 남았어。
あの貧乏商店街が出してくれるのか？	그 가난한 상점가가 내 준다고？
商店街として協力してくれるらしい。	상점가로서 협력해 준다더라。
ちょっとした改造でなんとかなるよ。	약간의 개조로 어떻게든 돼。
わたし達そこで止まったまんまだよ。	우린 거기서 멈춘 채로야。
俺、何か怒らせるような事したかな？	나、뭔가 화나게 할 짓 했나？
気持ちだけがここに残ってるのかも。	마음만 여기 남아 있는 걸지도。
お母さんと並んで飾ってあるでしょ。	엄마랑 나란히 장식돼 있잖아。
そういうのが許せない性質なんです。	그런 걸 못 참는 성격이에요。
きっといい仕事が見つかると思うの。	분명 좋은 일이 찾아질 거야。
なんでも商店街再建の専門家だとか。	뭐라던가、상점가 재건 전문가라나。
初めはみんな恥ずかしいって思うの。	처음엔 다들 부끄럽다고 생각해。
商店街もにぎやかになってきたしな。	상점가도 북적이기 시작했고。
元気に動いてくれなきゃ困るんだよ。	쌩쌩하게 움직여 줘야 하는데。
本番出られるかわからないんだって。	본공연에 나갈 수 있을지 모른대。
絶対におもしろく出来る自信がある！	반드시 재밌게 할 자신이 있어！
自分の商品の価値ぐらい知ってるよ。	내 상품 가치쯤은 알고 있어。
支店長はそこに飛ばされるらしいぞ。	지점장은 거기로 좌천된다더라。
さっきから、なにを勘違いしておる。	아까부터 뭘 착각하는 게야。
聖書には、最初に十戒があるだろう。	성서엔 처음에 십계가 있잖아。
ゆえに、この聖書は奇書中の奇書だ。	하여 이 성서는 기서 중의 기서다。
ほれ、ここにわが一族の署名がある。	봐라、여기 우리 일족 서명이 있다。
俺だったら絶対に気づかなかったよ。	나였다면 절대 못 알아챘어。
そして、みんな楽しんで演技してね。	그리고 다들 즐겁게 연기해 줘。
この調子で明日からもがんばろうね。	이 기세로 내일도 힘내자。
あの、わたし達のお芝居どうでした！	저、우리 연극 어땠어요！
あたしは全然思いつかなかったなぁ。	난 전혀 생각도 못 했네。
・・・あたしのことバカって言った。	・・・날 바보라고 했어。
他の１０匹はどこに行ったんだろう。	나머지 10마리는 어디 갔을까。
おい、お前の背中に乗せてもらうぞ！	야、네 등에 좀 태워 줘！
なんとかイベントをでっちあげるぞ！	어떻게든 이벤트를 꾸며 내겠어！
なんでそんな事がわからないかなぁ。	왜 그걸 모르는 걸까。
つまり、俺と役を代わって欲しいと。	그러니까、나랑 역을 바꿔 달라고。
いったい、どんな力を持ってるんだ？	대체 어떤 힘을 가진 거야？
人間の姿をした携帯端末が、あたし。	인간 모습을 한 휴대 단말이 나야。
手ぶらでネットサーフィンやり放題！	빈손으로 넷서핑 마음껏！
どれだけ耐えられるかのテストだね。	얼마나 버티나 하는 테스트야。
仲間と一緒に研究所を逃げ出したの。	동료와 함께 연구소를 탈출했어。
脇役だって恥ずかしがることないよ。	조연이라고 부끄러워할 것 없어。
オレはそんな馬鹿なことしないって。	난 그런 바보짓 안 한다고。
あいつらは演劇に命賭けてるからな。	걔들은 연극에 목숨 걸고 있으니까。
お前はせいぜい夢を追いかけてくれ。	넌 실컷 꿈이나 좇으렴。
いなくなるんじゃないかと思ってな。	사라지는 건 아닐까 싶어서。
見たところ、この部屋にはないけど。	보아하니 이 방엔 없는데。
そこまで言われたら引き下がれない。	그렇게까지 말하면 물러설 수 없지。
大の大人が３人がかりでしたからね。	다 큰 어른 셋이서 덤볐으니까요。
なにか気づいたことはありませんか？	뭔가 알아챈 건 없나요？
商店街の空気も変わってきましたし。	상점가 분위기도 바뀌기 시작했고요。
この業界はね、自分自身が商品なの。	이 업계는 자기 자신이 상품이야。
来てくれるなんて、君も幸せ者だね。	와 주다니、너도 행복한 놈이네。
今はわたしにとって大事な瞬間なの。	지금은 내게 소중한 순간이야。
それでも、わからないことだらけだ。	그래도 모르는 것투성이다。
お前が見たいのは演技じゃないだろ。	네가 보고 싶은 건 연기가 아니잖
お前なんかこの業界に向いてねぇよ！	너 따위 이 업계엔 안 맞아！
わたし、夢をかなえる自信あるもん。	나、꿈을 이룰 자신 있는걸。
俺が出て行った時と変わっていない。	내가 나갔을 때와 안 변했어。
空気抜いたり抜かれたりしてるのか？	바람 빼거나 빠지거나 하는 거냐？
欲しかったら買えばいいじゃないか。	갖고 싶으면 사면 되잖아。
ナニモオコラナカタッタミタイダナ。	아무 일도 없었던 것 같구나。
ソンナコトアルワケナイジャナイカ！	그럴 리가 없잖아！
あきらかに野球の練習じゃないよな？	딱 봐도 야구 연습은 아니지？
何も告げず出て行く事はきっとない。	말없이 나가는 일은 분명 없어。
今なら、どんな事でも耐えれそうだ！	지금이라면 뭐든 버틸 수 있겠어！
このみなぎるパワーを発散しないと！	이 넘치는 힘을 발산해야 해！
ちょっとした音でも響いてしまうね。	작은 소리도 울려 버리네。
空いてると聞かれると空いてるかな。	비었냐고 물으면 비었으려나。
答えて、話を合わせてた方がいいな。	대답해서 맞장구쳐 주는 게 낫겠어。
いや、そもそもあれは本当に人間か？	아니、애초에 저게 진짜 인간이냐？
これでも急いだのに、ギリギリかよ。	이래도 서둘렀는데 아슬아슬하네。
お金持ち気分を味合わしてあげるよ。	부자 기분을 맛보게 해 줄게。
誰かの手を借りる事は間違ってない。	남 도움을 받는 건 틀린 게 아냐。
近づいたみたいに聞こえるんだけど。	가까워진 것처럼 들리는데。
ここで違うと言ったら、それは嘘だ！	여기서 아니라 하면 그건 거짓말！
いつもと変わらないのは当然でしょ。	평소랑 똑같은 건 당연하잖아。
男として負けた気がするのはなぜだ。	남자로서 진 기분이 드는 건 왜지。
そこらへんで止めといた方がいいよ。	그쯤에서 그만두는 게 좋아。
先に行っててくれって言われたけど。	먼저 가 있으라고 하긴 했는데。
しかし、まあ、俺も心配なんだよな。	하지만 뭐、나도 걱정되긴 해。
冗談で言ってるのに俺が悲しくなる。	농담인데 내가 슬퍼지네。
腹が減っている俺に何の嫌がらせだ？	배고픈 나한테 무슨 심술이냐？
奢ってあげてもいいんだけどなあ～。	한턱내 줘도 되긴 하는데～。
すぐそこに商店街の端が見えてるよ。	바로 저기 상점가 끝이 보여。
この幸せがいつまで続くのかが不安。	이 행복이 언제까지 갈지 불안해。
まだ、しばらく私はこの街に居ると。	아직 한동안 난 이 마을에 있어。
しかし、あきらかに食べ過ぎだよな。	그치만 딱 봐도 과식이지。
抱き抱えて運んだら反応するだろう。	안아서 옮기면 반응하겠지。
部屋を出る時と変わってないような。	방을 나갈 때와 안 변한 것 같은。
至急、逮捕しに来てもらえませんか？	급히 체포하러 와 주시겠어요？
そんな姿を俺は見たことが無いけど。	그런 모습은 본 적이 없는데。
そんなにムキになって言わないでも。	그렇게 발끈해서 말 안 해도。
その上、なんで見栄を張っているの？	게다가 왜 허세를 부리는 거야？
しっかし、いったい何が原因なんだ？	그나저나 대체 뭐가 원인이지？
これが電池の切れた状態ってやつか。	이게 배터리 나간 상태란 거군。
私をからかおうなんて百年早いわよ。	날 놀리기엔 백 년 일러。
なっている姿を見たら助けてくれる？	그런 모습 보면 구해 줄 거야？
後ろなんか振り返っちゃダメでしょ？	뒤 같은 거 돌아보면 안 되잖아？
さすがの私でも、もう食べたくない。	나도 이젠 먹고 싶지 않아。
育ってきたんだこの子は・・・・・。	자라 온 거야 이 아인・・・・・。
食べてるところを見た事が無いから。	먹는 걸 본 적이 없어서。
突然、出てくるな。驚くじゃないか。	갑자기 나오지 마。놀라잖아。
一人でやりたい事だってあるんだよ。	혼자 하고 싶은 일도 있다고。
ちょっと気にし過ぎか・・・・・・。	좀 지나치게 신경 쓰나・・・・・・。
俺に催眠術をかけようとしていたの？	나한테 최면을 걸려던 거야？
同じサーバーになった時はよろしく。	같은 서버 되면 잘 부탁해。
自分のお腹の減りに気が付いたんだ。	자기 배고픔을 깨달은 거야。
ボ～クだって買い物ぐらいするよ～。	나～도 장보기 정도는 해～。
商店街の真ん中で俺の名を叫ぶ奴は。	상점가 한복판서 내 이름 외치는 놈
今の生活に不満は持ってないけどね。	지금 생활에 불만은 없지만。
この店内でどこに秋を感じるんだよ。	이 가게 어디서 가을을 느끼란 거야
秋は見る物じゃなくて感じる物だよ。	가을은 보는 게 아니라 느끼는 거야
秋に近づいていってるのは確かだな。	가을에 가까워지는 건 확실하지。
落ち着いてて大人に見えるんだけど。	차분해서 어른스러워 보이는데。
それが、いま読んでるのは赤なんだ。	그게、지금 읽는 건 빨강이야。
しかも、服装は薄めのジャケットだ。	게다가 옷은 얇은 재킷이야。
まったく受け付けてくれないんだよ。	전혀 받아 주질 않는다니까。
皆に喜んでもらえる場所があるなら。	모두가 기뻐할 곳이 있다면。
どうやったらこんな子が育つのやら。	어떻게 하면 이런 애가 자라나。
それは布とか生地とかいろいろだよ。	그건 천이나 원단이나 여러 가지야。
サービス料は無理やりもらうけどね。	서비스료는 억지로라도 받지만。
それはね、服を作るのに使うんだ～。	그건 말야、옷 만드는 데 써～。
作った物は誰かに見せたりするのか？	만든 건 누구한테 보여 주거나 해？
自分の羽を傷つけて地に落ちていく。	제 날개를 다쳐 땅에 떨어져 가。
今度の試合を見にきてくれないかな？	이번 시합 보러 와 주지 않을래？
今の俺を全て否定する事になるから。	지금의 날 전부 부정하게 되니까。
水中生活にまったく適してないカバ。	물속 생활엔 전혀 안 맞는 하마야。
覗いてたならわかりませんでしたか？	엿봤다면 모르셨나요？
コメント一つも残さなかったけどね。	댓글 하나 안 남겼지만。
入れてやるから落ち着け・・・・・。	넣어 줄 테니 진정해・・・・・。
最高の香辛料を使ってカレーを作る。	최고의 향신료로 카레를 만든다。
ちょっと食べ過ぎだと思うんだけど。	좀 과식인 것 같은데。
持ってきた方が手間が省けるでしょ？	가져오는 게 수고를 더는 거잖아？
プレゼントをねだる必要もないだろ。	선물을 조를 필요도 없잖아。
そこから始めてどうする・・・・・。	거기서 시작해서 어쩌자고・・・・・。
戦力ダウンになるけど仕方がないな。	전력 약화지만 어쩔 수 없지。
それが私にとって何よりもの贈り物。	그게 내겐 무엇보다 소중한 선물。
こんな温かい物をもらった事がない。	이런 따뜻한 걸 받아 본 적 없어。
彼女は私達とは関係がない一般人だ。	그녀는 우리와 상관없는 일반인이다。
ここでは人の勉強をしてるわけだな。	여기선 사람 공부를 하는 셈이군。
こうやって地道に練習するんだよ～。	이렇게 꾸준히 연습하는 거야～。
自分で戻れないとか言っていながら。	혼자 못 돌아온다면서。
見て、いろいろな人が笑ってくれる。	봐、여러 사람이 웃어 준다。
きっとその女の子は笑ってくれるさ。	분명 그 애는 웃어 줄 거야。
逃げるのがクセになっているんだな。	도망치는 게 버릇이 된 거구나。
今日を思い出して私は上を向くから。	오늘을 떠올리며 난 앞을 볼 테니까
自分自身の手で切り離す事ができる。	제 손으로 끊어 낼 수 있어。
何か口にした方がいいんじゃないの？	뭐라도 먹는 게 낫지 않아？
ほとんど何も言わずに出ていったよ。	거의 아무 말 없이 나갔어。
本当に我がままなんだからあの人は。	정말 제멋대로라니까 저 사람은。
どれだけ動揺するかなと思っただけ。	얼마나 동요할까 싶었을 뿐이야。
本当に見事なまでにうろたえてたね。	정말 볼만하게 허둥댔지。
人をオモチャみたいに扱いやがって。	사람을 장난감처럼 다루다니。
現実の世界でもきっと僕の物になる！	현실 세계에서도 반드시 내 것이 돼
その調子じゃ、知らないみたいだね。	그 상태면 모르는 모양이네。
「言う必要ない」とか言いそうだし。	「말할 필요 없다」고 할 것 같고。
論文がどうとか、博士号がどうとか。	논문이 어떻고 박사 학위가 어떻고。
まあ、ここは偶然にも店の前だしな。	뭐、여긴 마침 가게 앞이고。
違う方向を指してくれる人はいない。	다른 방향을 가리켜 줄 사람은 없어
私と貴方では住んでいた世界が違う。	나와 당신은 살던 세계가 달라。
地球が丸いのと同じぐらい有名なの！	지구가 둥근 것만큼이나 유명해！
待ち合わせしてたわけじゃないから。	약속하고 만난 건 아니니까。
向かうのに、今日はやけに親切だな。	그런데 오늘은 유난히 친절하네。
どうせ次のページには治ってるから。	어차피 다음 페이지엔 나아 있으니까
次に来たら、どうしてやろうかしら。	다음에 오면 어떻게 해 줄까。
完全には消し去る事ができなかった。	완전히는 지워 없앨 수 없었어。
最後に君にこれは知っていて欲しい。	마지막으로 이건 알아줬으면 해。
自分の道に進む為に広げようとした！	제 길을 가려고 펼치려 했어！
お名前、お聞きしてもよろしいかな？	성함을 여쭤 봐도 되겠습니까？
父の望む事ではないと思いますから。	아버지가 바라는 일은 아닐 테니까。
面白いっていうのは、わかったかな。	재밌다는 건 알아들었으려나。
お父さんも、もう寝ないとダメだよ？	아빠도 이제 자야 돼요？
このレストランの人だったんですね。	이 레스토랑 사람이었군요。
お嬢様は、外出しておりますからな。	아가씨는 외출 중이시니까요。
少しは、判っていただけましたかな？	조금은 이해해 주셨습니까？
なんだか、ちょっと変わった人だし。	왠지 좀 특이한 사람이고。
美味しそうに、食べてくれましてな。	맛있게 먹어 주셔서요。
毎日来たりしたら、張り倒すからな！	매일 오면 때려눕힐 테다！
食中毒がでたら、うちが困るんだし。	식중독 나면 우리가 곤란하고。
楽しむなら、よそに行って下さいよ。	즐길 거면 딴 데 가 주세요。
そういえば、何も食べてなかったな。	그러고 보니 아무것도 안 먹었네。
・・・練習に最高の日じゃないか。	・・・연습하기 딱 좋은 날이잖아。
なんだか妙な緊張感があったけど。	왠지 묘한 긴장감이 있었지만。
・・・やつらは霊体にも鼻が利く。	・・・놈들은 영체 냄새도 맡아。
・・・意外に身近にいたりしてな。	・・・의외로 가까이 있거나 하지。
あたしたちの、今日のまかないよ。	우리들 오늘 먹을 식사야。
こんなことじゃないかと思ったよ。	이런 거 아닐까 했어。
・・・君の体は精密機器なんだぞ。	・・・네 몸은 정밀 기기라고。
あれはイベントだったんでカニよ。	저건 이벤트였다 게。
・・・相手が信用できないからだ。	・・・상대를 못 믿기 때문이야。
・・・余計なことは言わんでいい。	・・・쓸데없는 말은 안 해도 돼。
まあ、とりあえず来てくれたまえ。	뭐、일단 와 주게。
出ない限りは大丈夫じゃないかな。	안 나오는 한 괜찮지 않을까。
・・・え、バットを腰に差してる？	・・・어、배트를 허리에 찼어？
きっとやっていけないでしょうね。	분명 못 버틸 거예요。
・・・ボロが出ちゃいけないだろ。	・・・허점이 드러나면 안 되잖아。
・・・あいつ、言ってなかったか？	・・・걔가 말 안 했었나？
うろうろしてるなんておかしいわ。	얼쩡거리는 건 이상해。
・・・将来のこととか考えるとね。	・・・장래 같은 걸 생각하면 말야。
うつってしまったようでやんすね。	옮아 버린 모양입죠。
へへっ、おもしろくなってきたぞ。	헤헷、재밌어지기 시작했어。
「君は向こうに土地勘があるだろ。	「너 저쪽 지리 잘 알잖아。
これはマジものの所だったカニよ。	이건 진짜배기 장소였다 게。
銀行をふっとばして行ったのカニ。	은행을 날려 버리고 갔다 게。
・・・なんだか、微妙な返答だね。	・・・왠지 미묘한 대답이네。
しかし・・・どうやって見るんだ？	그런데・・・어떻게 보는 거야？
・・・20万もあればいけるかな。	・・・20만이면 되려나。
いつも100万もかかってたのか？	늘 100만이나 들었던 거야？
・・・まあ、夢見てるんだけどな。	・・・뭐、꿈꾸고는 있지만。
結構ダメな人間だったみたいカニ。	꽤 못난 인간이었나 봐 게。
個人的な、なんかあるだろ、ほら。	개인적인、뭔가 있잖아、그거。
引導を渡す日にしちゃ、上出来だ。	끝장내는 날치곤 잘했다。
ウチの売上げまで下がってしまう。	우리 매출까지 떨어져 버려。
店の準備で出かけてるんでやんす。	가게 준비로 나가 있습죠。
ここに留まる理由にゃなんねぇぜ。	여기 머물 이유는 못 돼。
自分で売りに行かなかったんだい？	직접 팔러 안 갔던 거니？
最低時給を下回っているでやんす。	최저 시급을 밑돕죠。
しかも、野球で勝利するだって？！	게다가 야구로 승리한다고？！
きょろきょろ落ち着きがないなぁ。	두리번두리번 안절부절못하네。
想像する人も出てくるだろうしさ。	상상하는 사람도 나올 테고。
お金、もらってるの見たでやんす。	돈 받는 거 봤습죠。
おねえちゃんは魔法使いでやんす。	누나는 마법사입죠。
まずそっちへ行ってしまうでしょ？	먼저 그쪽으로 가 버리잖아？
青息吐息でやってるところが多い。	근근이 버티는 곳이 많아。
へへ、虫は全部シェルターの中に！	헤헤、벌레는 전부 셸터 안에！
実はあたし、生活に余裕あるし～？	실은 나、생활에 여유 있고～？
野球の看板背負えないぐらいにね。	야구 간판 못 짊어질 만큼 말야。
連続で柵越えアーチにするなんて！	연속으로 담장 넘기다니！
食べたので、味わってたんですよ。	먹어서 음미하던 거예요。
しかも、もうウワサになってるの？	게다가 벌써 소문이 난 거야？
そのための音を用意したりするわ。	그걸 위한 소리를 준비하거나 해。
映画の券が２枚当たったんですよ。	영화표가 2장 당첨됐어요。
プログラムを利用していたからね。	프로그램을 이용했으니까。
適当に組み合わせてあるらしいよ。	적당히 조합해 놨다더라。
タイマーをリセットできないんだ。	타이머를 리셋할 수 없어。
まあ、劇団が有名になるのが一番いいけどそれはいつのことになるか・・・	뭐、극단이 유명해지는 게 제일 좋지만 그건 언제가 될지・・・
ちゃんがあんたのこと気にしてるのが気にいらなかったんだろうな。	짱이 당신을 신경 쓰는 게 마음에 안 들었던 거겠지。
なんてったって、オイラは元プロ野球選手だったんでやんすから、	뭐니 뭐니 해도、나는 전 프로야구 선수였습죠、
しかも、いくら公演でもうかったとしてもオレ達団員に	게다가、아무리 공연으로 벌었다 해도 우리 단원들에게
に行った時は客として行ったことになります。）	에 갔을 때는 손님으로 간 것이 됩니다。）
最近ちょっと劇団がごちゃごちゃしててさ	요즘 극단이 좀 어수선해서 말이야
ヨロイ着て腰にバット差してるような奴が	갑옷 입고 허리에 배트 찬 놈이
野球での町おこしも大変みたいですね。）	야구로 동네 살리기도 힘들겠네요。）
これを食った虫はホルモンバランスを崩し	이걸 먹은 벌레는 호르몬이 깨지고
カード野球と言うのは、攻撃側と守備側が	카드 야구란、공격측과 수비측이
カードを１枚ずつ出して試合を進めていく	카드를 １장씩 내서 시합을 진행한다
会長さんは気づいてなかったみたいだけど	회장님은 눈치 못 챘던 모양이지만
それどころか、この倉庫を使うんだったら	그뿐 아니라、이 창고를 쓸 거라면
画面がなくても脳で映像を認識できるから	화면 없어도 뇌로 영상을 인식하니까
ムキになってたからわからなかったけど、	발끈해 있어서 몰랐지만、
メニューに載ってるコレとコレと・・・・	메뉴에 있는 이거랑 이거랑・・・・
どうしよう？ごまかした方がいいかな？）	어쩌지？얼버무리는 게 나을까？）
んだ。たまに何かで聞く事はあるんだが。	야。가끔 어디서 듣는 일은 있지만。
相手に気付かれないように潜って近づき、	상대 모르게 몰래 숨어서 다가가、
全てが許されるという空想にとらわれて、	모든 게 용서된다는 공상에 빠져、
これはいざ、自分の立場だったらと思うと	이건 막상 내 입장이라면 생각하면
三教会の三人の牧師が教会の土地を巡って	삼교회의 세 목사가 교회 땅을 두고
俺には一度聞いただけで、そんなに覚える	나는 한 번 듣고 그렇게 외우는
今までいいように扱っておいて、飽きたら	지금까지 좋을 대로 다루다가、질리면
でも・・・・・いつか、やってもらおう。	하지만・・・・・언젠가 부탁하자。
めんどくさいから一週間レトルトのカレー	귀찮으니까 일주일 레토르트 카레
最近は、ほぼ毎日来てるから次に来た時に	요즘 거의 매일 오니 다음에 올 때
やっぱり男だからご奉仕してもらった方が	역시 남자니까 시중을 받는 편이
それに話す時は、しっかりこっちを向いて	게다가 말할 땐 제대로 이쪽을 보고
下手に声をかけると、また逃げられそうな	어설피 말 걸면 또 도망칠 것 같은
いろいろいれたけど、さすがにすぐ効き目	이것저것 넣었지만 역시 바로 효과
他のお客様に迷惑かかってたかと思うと、	다른 손님께 폐를 끼쳤나 생각하면、
この気持ちを無くしたら、人は終わりだと	이 마음을 잃으면 사람은 끝이라고
飲んでる事が人として終わってる事に気が	마시는 게 사람으로서 끝났다는 걸
ふつう大丈夫だったら、かすり傷とか言う	보통 괜찮으면 찰과상이라고 하는
なんて説明したらいいかわからないけど、	뭐라고 설명해야 좋을지 모르겠지만、
かけて、いろいろな物を発明したんです。	들여서 여러 물건을 발명했습니다。
真っ直ぐで終わりが見える道には変わりが	곧고 끝이 보이는 길에는 변화가
だから、よほど割の良い仕事をしているん	그러니까 어지간히 짭짤한 일을 하는
それにその前に俺の事をおじいちゃんって	게다가 그 전에 나를 할아버지라고
次にこの店に来るときは、きっと若返って	다음에 이 가게 올 땐 분명 젊어져
部屋に帰ってきて、一言も話さなくなった	방에 돌아와서 한마디도 안 하게 된
チームの方ではあんまり君と話さなかった	팀 쪽에선 별로 너와 얘기 안 했다
でも私は鎖を引きちぎって前に進みたい。	하지만 난 사슬을 끊고 나아가겠어。
その思いが俺の中に今だくすぶっていると	그 마음이 내 안에 아직 남아 있다
毎日鍛えて、すぐに俺の筋肉でお前を驚か	매일 단련해 곧 내 근육으로 놀라게
まあ、何事も信じる者は救われるって事で	뭐、매사 믿는 자는 구원받는다는 것
なんか突然パワーアップするかもしれない	왠지 갑자기 파워업할지도 모른다
織姫と彦星がこの短冊を見て、家に帰った	직녀와 견우가 이 소원지를 보고 간
包丁とか料理とか、宇宙規模で似合わない	칼이나 요리는 우주급으로 안 어울려
そういえばこの間、俺に手料理を作るとか	그러고 보니 저번에 내게 요리한다고
今まで料理なんてした事が無いって言って	지금껏 요리는 해본 적 없다고 하고
はあ～。一人で食べるのは寂しいなあ～。	하아～。혼자 먹는 건 쓸쓸하네～。
というよりも「膳は急げ」って感じだね。	라기보다「밥상은 서둘러」란 느낌。
中身の入った缶詰を投げる若者がいる国の	통조림 던지는 젊은이가 있는 나라의
その店員は人に対して投げる為にあげたん	그 점원은 사람한테 던지라고 준 게
こんなんで喜んでくれるなら、お金取ろう	이런 걸로 기뻐해 준다면 돈을 받자
やっぱりちょっとは運動した方がいいね。	역시 조금은 운동하는 게 좋겠네。
なんか魔界から召還されたような顔をした	왠지 마계에서 소환된 듯한 얼굴의
サーカスとか、デパートの屋上で風船とか	서커스라든가、백화점 옥상에서 풍선
なんだから暇に違いないだろうと思うし。	니까 분명 한가할 거라고 생각하고。
やってもいいが、何かしてやる金は無いん	해도 되지만 뭔가 해줄 돈은 없어
私は貴方に、ご奉仕する事が生きがいなの	저는 당신께 시중드는 게 보람인걸
このコーヒーを無理やり飲まそうとしてる	이 커피를 억지로 먹이려고 하는
普段、さんざんコイツには好き放題言われ	평소에 이놈한테 실컷 막말을 들어
さ、さすがに数日間コロッケばかりじゃ、	아무리 그래도 며칠간 고로케만으론、
相変わらずお前は夢に向かって突き進んで	여전히 너는 꿈을 향해 돌진하고
そんな事より、食べ物を粗末にするんじゃ	그런 것보다 음식을 함부로 하지 마
でも、ほぼ毎日来てるから次に来た時には	근데 거의 매일 오니 다음에 올 땐
（店内が静かだから小声でも二人の会話が	（조용한 가게라 작은 소리도 대화가
二人の会話を聞いた感じだと、あの二人は	두 사람 대화를 들어 보니 저 둘은
やってるんだから、少しでも忙しくなった	하고 있으니까 조금이라도 바빠지면
それにこの衣装を作るのにも時間がかかる	이 의상 만드는 데도 시간이 걸리고
「今日は用事があるから一人で行ってて」	「오늘은 볼일 있으니 혼자 가」
だから今は一生懸命、バイトに励んでお金	그래서 지금은 열심히 알바해서 돈
僕の鼻に電池を入れてくれたと言う事は、	내 코에 건전지를 넣어 줬다는 건、
しかし、さっきまで隣に居たはずなんだが	하지만 아까까지 옆에 있었을 텐데
どんな事でも、きっと私では体験する事が	어떤 일이든 분명 나로선 체험할 수
きっと、爆弾が飛び交う戦場の真中でも、	분명 폭탄이 오가는 전장 한가운데도
優雅にコーヒー飲みながら本を読んでると	우아하게 커피 마시며 책을 읽는다고
この距離で、あの速さのボールをキャッチ	이 거리에서 저 속도의 볼을 캐치
それは真っ直ぐで、そして霧一つなくて、	그건 곧고、그리고 안개 하나 없이、
だから、こうやってまとめ買いしとかない	그래서 몰아서 사 두지 않으면
でもコビトカバよりも、もっと好きな動物	근데 애기하마보다 더 좋아하는 동물
俺は金を持ってないから、今までおごって	난 돈이 없으니까 지금까지 얻어먹은
もらった分を返す事はできないけど、俺に	만큼 갚을 수는 없지만 나한테
おいおい、一人って、どこからどう見ても	이봐、혼자라니 어디서 어떻게 봐도
から、早めにメニューに載せようって事で	니까 일찌감치 메뉴에 올리자는 거로
来て、貴方が好きなだけコーヒーが飲める	와서 원하는 만큼 커피를 마실 수
にしても良いって言ってたから数十万ぐら	로 해도 된다고 했으니 수십만 정도
でるけど、朝来ないとその日は来ないから	지만 아침에 안 오면 그날은 안 와
この角度で入ると、人はボールを見失って	이 각도로 들어오면 볼을 놓치고
どうして親密じゃない人に自分の誕生日を	왜 친하지도 않은 사람에게 생일을
やっぱりここのコーヒーは飲んでるだけで	역시 여기 커피는 마시는 것만으로
ここまで愛を育んだら、どんな女の子でも	여기까지 사랑을 키웠으면 어떤 애든
じゃなくてその子の雰囲気も好きになった	가 아니라 그 애 분위기도 좋아졌다
旅の途中に、再びこの街に来る事があれば	여행 중에 다시 이 동네에 온다면
服を作りたいって言うか、自分で作った服	옷을 만들고 싶다 할까 직접 만든
簡単に言っちゃえば、自分の店を持ちたい	간단히 말하면 내 가게를 갖고 싶다
放浪してる人間とか、軽くヒモになってる	방랑하는 사람이나 가볍게 기둥서방인
そういう人達と接する方が今の私には大事	그런 사람들과 접하는 게 내겐 중요
確かに衣服関連のところでバイトした方が	확실히 옷 관련 데서 알바하는 편이
服は本とか誰かに教えてもらったりして、	옷은 책이나 남에게 배우거나 해서、
と言っても、いつも通り金は無いんだが。	라고 해도 늘 그렇듯 돈은 없지만。
一気に飲むとお腹がふくれてよろしいかと	단숨에 마시면 배불러서 좋을까 하고
腹が減ってるからって、さすがにそこまで	배고프다 해도 아무리 그렇다 해도
激しくなにかを叩いているような・・・・	격하게 뭔가를 두드리는 듯한・・・・
何だよ、そのシミュレーションゲームって	뭐야、그 시뮬레이션 게임이라는 건
しょーもないベタなギャグを次に言ったら	시시하고 뻔한 개그를 다음에 말하면
口がトレイの大きさまで広がると思った方	입이 쟁반만큼 벌어진다고 여기는 편
彼女に誕生日プレゼントも買えないなんて	여친에게 생일 선물도 못 사주다니
そしてご主人様と言って、相手を気分良く	그리고 주인님이라 부르며 기분 좋게
むしろ、こちらから毎日、ここに来させて	오히려 이쪽에서 매일 여기 오게 해
さんの為に作られたって言ってもおかしく	씨를 위해 만들어졌다 해도 이상하지
いい加減しないと、お前のせいで大地震が	적당히 안 하면 너 때문에 대지진이
お前にそんなキャラ似合わな・・・・・・	너한테 그런 캐릭 안 어울려・・・
あの外に書いてあった、店長新作コーヒー	저 밖에 적혀 있던 점장 신작 커피
俺がお金を持ってないの気付いてるよな、	내가 돈이 없는 거 눈치챘지、
誰かに飛び立たせてもらうんじゃなくて、	누군가가 날려 보내주는 게 아니라、
お嬢様が幼少の頃から見守らせてもらって	아가씨를 어릴 적부터 지켜봐 오면서
お嬢様が学生時代に出された様々な論文は	아가씨가 학생 때 내신 여러 논문은
それにお嬢様にはトップにお立ちになる為	게다가 아가씨껜 정상에 서시기 위한
錯覚する程のあの冷静さは上に立つ為には	착각할 정도의 냉정함은 위에 서기엔
それを背負っていける程に大きくする事が	그걸 짊어질 만큼 크게 하는 것이
生きてきて、初めて良かったと思える時間	살면서 처음 잘됐다고 느낀 시간
・・・って、今日は目の前にいるぞ！）	・・・라니、오늘은 눈앞에 있어！）
俺はたしかに変わってるかもしれないが	나는 확실히 이상할지도 모르지만
あっちから、きっと見守ってくれている	저쪽에서 분명 지켜봐 주고 있어
や、やつをどこかにやってくれムシャ！	저、저놈을 어디로 치워 줘 우걱！
朝の目やにがな、なかなか取れん・・・	아침 눈곱이 잘 안 떨어져・・・
がんばっている姿も見てくれてますよ。	열심히 하는 모습도 보고 계세요。
転がるボールを追いかけるしか能のない	구르는 볼을 쫓는 것밖에 못 하는
（喫茶店の地下室で巨大な虫が発生し、	（찻집 지하실에 거대 벌레 발생해、
愛もなく、ただ生命をもてあそぶことが	사랑도 없이 그저 생명을 갖고 노는
いいかげん、お前もお父さんじゃなくて	그만 좀 하고 너도 아빠가 아니라
シコシコ作業してるから存在感ないけど	묵묵히 작업하니까 존재감 없지만
昨日の晩、別れの言葉は何にしようかと	어젯밤 작별 인사는 뭘로 할까 하고
もうこの町には来ないんでやんすかね？	이제 이 동네엔 안 오는 겁죠？
最近、あいつがお前を見る目がなぁ・・	요즘 저 녀석이 널 보는 눈이・・
もう時間も遅いから、家に帰りなさい。	이제 시간도 늦었으니 집에 가거라。
ねえ、お父さんの腰が治っちゃったら、	있잖아、아빠 허리가 다 나으면、
もしかしてケチャップでいためたのしか	혹시 케첩으로 볶은 것밖에
風邪をひいて・・・それっきりだ・・・	감기에 걸려・・・그걸로 끝이다・・・
それがあんなに立派になってなぁ・・・	그게 저렇게 훌륭해지다니・・・
・・・あ、まさか町内で噂になっている	・・・아、설마 동네에서 소문난
今の生活ってお金はそんなにないけど、	지금 생활은 돈은 그렇게 없지만、
使えば使うほど味がでるのにねぇ・・・	쓰면 쓸수록 맛이 나는데・・・
へこんだだって、すぐ捨ててしまうから	찌그러졌다고 바로 버려 버리니까
正式な場所というわけじゃないんだけど	정식 장소라는 건 아니지만
主人を事故で亡くしてから、女手一つで	남편을 사고로 잃고 여자 혼자서
その時に、お前はお父さんの後を継いで	그때 너는 아빠의 뒤를 이어서
カレー屋やパチンコ屋に遊びに行ってる	카레집이나 파친코에 놀러 다니는
カレー本体の値段を上げたくないのなら	카레 본체 값을 올리고 싶지 않다면
変な人がオイラを連れ去ろうとしたんで	이상한 사람이 날 데려가려고 해서
このゲーム中では詳しく述べませんが、	이 게임에선 자세히 말하지 않지만、
もしクリアできたら、このトレーニング	만약 클리어하면 이 트레이닝
（・・・ふがいない試合結果に、なんと	（・・・한심한 시합 결과에 뭐라고
オイラが変な奴らに捕まらなかったら、	내가 이상한 놈들에게 안 잡혔다면、
いつもタダで食べさせてもらってるから	늘 공짜로 얻어먹고 있으니까
はぁ～今時の人間にしては珍しいなぁ。	하아～요즘 사람치곤 드물구나。
音響機材は最低限のものにして借りて、	음향 기자재는 최소한으로 빌려서、
むしろ団費を払ってるからマイナスだな	오히려 단비를 내니까 마이너스지
もうけた分は次の公演に当てられるんだ	번 만큼은 다음 공연에 쓸 수 있어
問われれば答えるが理（ことわり）なり	물으면 답하는 게 이치니라
私が、この土地の調査を命じられたのも	내가 이 땅 조사를 명받은 것도
誰もがアンタみたいに強いわけじゃない	누구나 너처럼 강한 건 아니야
チーム内部でゴタゴタして隙を見せたり	팀 내부가 삐걱대서 빈틈을 보이거나
飼い主がこの町に引っ越してきたときに	주인이 이 동네로 이사 왔을 때
この町に初めての一軒家を建てたんだが	이 동네에 첫 단독주택을 지었는데
ちょいとゴーヤとか玉子を混ぜるだけで	여주랑 계란을 좀 섞기만 해도
よくマンガなんかで料理の下手な人って	흔히 만화에서 요리 못하는 사람은
絶対スーパーで買うな、って言われると	절대 슈퍼에서 사지 말라고 하면
スーパーにしかないものもあるんだから	슈퍼에만 있는 것도 있으니까
俺、いつのまに従業員になったんだ？）	나、언제부터 종업원이 된 거야？）
その城からこの商店街のある城下町まで	그 성에서 이 상점가의 성하촌까지
このあたりの土地を全部掘り返さないと	이 근처 땅을 전부 파헤치지 않으면
だから、変化する前にどこに移動するか	그러니 변화하기 전에 어디로 옮길지
どうせあたしが一人でやってる店だから	어차피 나 혼자 하는 가게니까
せっかく足をはこんでもらって悪いし、	모처럼 발걸음 해 줬는데 미안하고、
アンタの匂い、あたしらにそっくりだと	네 냄새、우리랑 똑같다고
こっちは毎日のんびり過ごせて幸せです	이쪽은 매일 느긋하게 지내 행복해요
でも「約束を守れたら考えなおす」って	근데「약속 지키면 다시 생각한다」고
わたしは姉と一緒に行動してたんだけど	나는 언니와 함께 행동했었는데
でも、硬球は当たったら危ないですよ。	하지만 경식구는 맞으면 위험해요。
だけど、昨晩じっくり考えてみたんだが	하지만 어젯밤 곰곰이 생각해 봤는데
次の人が持ってきたシチュエーションに	다음 사람이 가져온 상황에
だからもう、自分がだめになった時には	그러니 이제 내가 못쓰게 됐을 때는
機密保持用の崩壊シーケンスが始まった	기밀 유지용 붕괴 시퀀스가 시작됐다
買い物をするとポイントで最大２０％の	쇼핑하면 포인트로 최대 ２할의
そこへ、この１１月と１２月の売上げが	거기에 이 １１월과 １２월 매출이
会長さん、相手の気が変わらないうちに	회장님、상대 마음 바뀌기 전에
・・・だって・・・あたしの夢は・・・	・・・그치만・・・내 꿈은・・・
物質をたっぷりと置いてあるから・・・	물질을 잔뜩 놔뒀으니까・・・
このまま少ないお客さんを取り合っても	이대로 적은 손님을 서로 뺏어봐야
・・・そこで、人が集まってくるように	・・・그래서 사람이 모이도록
こんな奴でも少しは戦力になるかな。）	이런 놈도 조금은 전력이 되려나。）
土地の買収計画がますます遅れる・・・	땅 매수 계획이 점점 늦어진다・・・
野球で商店街をアピールすると聞いて、	야구로 상점가를 홍보한다고 듣고、
基礎練習にも発声練習にも慣れてきたし	기초 연습도 발성 연습도 익숙해졌고
もう、倉庫には行かないのが賢明だな。	이제 창고엔 안 가는 게 현명하다。
毎月みんなでお金出してやってかないと	매달 모두 돈 내서 해나가지 않으면
さて、映画の券を手に入れてくるか。）	자、영화 표를 구해 올까。）
君が戻ってなかったらどうすればいい？	네가 안 돌아왔으면 어쩌면 좋아？
だから、そういう問題が起きないように	그러니까 그런 문제가 안 생기도록
ふざけた名前だけど、そいつのおかげで	웃기는 이름이지만 그놈 덕분에
たまたま商店街に貼ってあったチラシを	우연히 상점가에 붙어 있던 전단을
・・・あの芝居は一日だけだったけど、	・・・그 연극은 하루뿐이었지만、
（・・・着ぐるみ見て気づかない時点で	（・・・인형탈 보고 못 알아챈 시점
ま、その方がお宝が他人の手に渡らずに	뭐、그게 보물이 남 손에 안 가고
毎日応援に来てくれるのはうれしいけど	매일 응원 와 주는 건 기쁘지만
風来坊なんかより、普通に生活した方が	떠돌이보다는 평범하게 사는 편이
だから、なるべく範囲がせまいカードか	그러니까 되도록 범위가 좁은 카드나
今日舞台で感じたことを思い出しながら	오늘 무대에서 느낀 걸 떠올리면서
わたしこれから照明さんや音響さんとの	나 이제부터 조명이랑 음향 쪽과의
わたし一人じゃ何も出来なかったから、	나 혼자선 아무것도 못 했으니까、
商店街にも少しは活気が戻るかと・・・	상점가에도 활기가 좀 돌아올까・・・
しかし、よく聞くと・・・なるほど。）	하지만 잘 들어보니・・・과연。）
まあ、発声練習も基礎練習も劇団ごとに	뭐、발성도 기초 연습도 극단마다
腹筋と横隔膜を使って声を出すんだけど	복근과 횡격막을 써서 소리를 내는데
空気吸い込んで、いっきに腹筋をしめて	공기를 들이마시고 단숨에 복근 조여
でも続けてればそんなことなくなるし、	하지만 계속하면 그런 일 없어지고、
短い間でも、あなたと過ごせたんだもの	짧은 동안이라도 당신과 지냈는걸
と、とにかく二人の代役を探さないと。	아、아무튼 두 명 대역을 찾아야。
これからって時に演出がいなくなって、	이제부터인데 연출이 없어져서、
プロ野球の一流選手だったオイラには、	프로야구 일류 선수였던 나에게는、
北極支店に飛ばされることになった。）	북극 지점으로 날아가게 되었다。）
音の出ない状態にしていただきますよう	소리가 안 나는 상태로 해 주시기를
プロデューサーさんに、新しいドラマの	프로듀서님께 새 드라마의
そもそも、ネット操作専門のサイボーグ	애초에 네트 조작 전문 사이보그
商店街を壊滅させようとしている計画を	상점가를 괴멸시키려는 계획을
だから私は、これまでの人生の退職金を	그래서 난 지금까지 인생의 퇴직금을
だから公演が終わるまでここに住むこと	그래서 공연 끝날 때까지 여기 산다
たしかに、あっちに人が行ってしまうと	확실히 저쪽으로 사람이 가버리면
かなえた夢なんて悪夢にしかならない。	이룬 꿈 따위 악몽밖에 안 된다。
俺が口を出して解決できそうな問題にも	내가 나서서 해결될 듯한 문제에도
荷物置いたら、すぐにコーヒーを持って	짐 놓으면 바로 커피를 가지고
さつまいもだけじゃなくて、じゃがいも	고구마뿐 아니라 감자도
あの時は意識がはっきりしなかったし、	그땐 의식이 또렷하지 않았고、
寄付してたおじさんの身長が５メートル	기부하던 아저씨 키가 ５미터
しかも、おじさんの身長が気になって、	게다가 아저씨 키가 신경 쓰여서、
あれだけの注文を伝票を見ずに全部言い	그 많은 주문을 전표 안 보고 전부
でも、欲しいと聞かれれば・・・・・・	근데 갖고 싶냐고 물으면・・・・・・
（喫茶店で腹が破裂する程食べました）	（찻집에서 배 터지게 먹었습니다）
その言葉使いで話すともの凄く俺が悪者	그 말투로 말하면 엄청 내가 악당
もう戻れない所まで、その子はその道を	못 돌아갈 데까지 그 애는 그 길을
まあ、俺達以外に人は居ないようだし、	뭐、우리 말고 사람은 없는 듯하고、
あんまり時間ないから、そろそろ行こっ	시간 별로 없으니까 슬슬 가자
今はまだわからないけど、もしボ～クの	지금은 아직 모르지만 혹시 나～의
ような気がするし、何でもできるような	같은 기분이 들고 뭐든 될 것 같은
ピアノの国際コンクールで何個も金賞を	피아노 국제 콩쿠르에서 금상 몇 개
バレた時に大変な事になるだろうから）	들통났을 때 큰일이 날 테니까）
たぶん、好きと答えてる方がこれ以上、	아마 좋다고 답하는 편이 더 이상、
だが顔って言いたいなら、次に会うのは	근데 얼굴이라 하려면 다음 만남은
ちなみに訊いておくが、そのサービスは	참고로 물어보는데 그 서비스는
あって、それなりに様にはなってるけど	있어서 나름 그럴듯하게는 됐지만
切った後も水とか使うんだし、この傷に	벤 뒤에도 물을 쓰고 이 상처에
人類は快適な生活を得る為に長い年月を	인류는 쾌적한 삶을 위해 긴 세월을
せっかく作ったって言ってるんだから、	모처럼 만들었다고 하는데、
それに心配しないで、みんな年を取るん	게다가 걱정 마 다들 나이를 먹는
何もかも背負って飛べる翼を持っている	다 짊어지고 날 날개를 가지고 있는
に検討を重ねると思うから二か月ぐらい	검토를 거듭할 테니 두 달 정도
きっと自分の手とか切り落としてしまう	분명 자기 손 같은 걸 잘라버릴
そんな面白くない事を私がするわけない	그런 재미없는 짓을 내가 할 리가
買い物が終わったら何を食べようかなと	장보기 끝나면 뭘 먹을까 하고
あれとかこれとか言ってるだけじゃあ、	저거니 이거니 하는 것만으론、
たまにハムとかレタスとか混ざるけど、	가끔 햄이나 양상추가 섞이지만、
店に来てサンドイッチばかり食べている	가게에 와서 샌드위치만 먹고 있는
それにメイドに楽器が必須というのも、	메이드에게 악기가 필수라는 것도、
のを見ていたら、この国の未来が不安に	걸 보면 이 나라 미래가 불안해져
いま買い物の帰りなんだけど、いっぱい	지금 장보고 오는 길인데 잔뜩
買ったら店の人がそれをおまけにくれた	샀더니 점원이 그걸 덤으로 줬어
いつもおいしいコーヒーを淹れてくれて	늘 맛있는 커피를 내려 줘서
特にメイドさんには超特大大盛りで感謝	특히 메이드님께는 초특대로 감사
でも、さすがにそれも限界が来るから、	근데 그것도 결국 한계가 오니까、
突然電池が切れたみたいに寝ちゃう事が	갑자기 배터리 나간 듯 자버리는 일
願いなんて自由に書いていいんだから、	소원 따위 자유롭게 써도 되니까、
まあ、だけど・・・・その願いは叶えて	뭐、하지만・・・・그 소원은 이뤄
というか、さっきまでどこ行ってたの？	그보다 아까까지 어디 갔었어？
俺と一緒に住み始めるまでこんな生活を	나랑 같이 살기 전까지 이런 생활을
まあ、ちょっとした事では立ち止まる事	뭐、사소한 일로는 멈춰 서는 일
夢を持ってる人間は前に進む事ができる	꿈을 가진 인간은 앞으로 나아갈 수
じゃあ、そうやって言ってくれる人間が	그럼 그렇게 말해 주는 인간이
そりゃ、一人でこの店のウエイトレスを	그야 혼자서 이 가게 웨이트리스를
でも、もう一人マスターが雇っちゃうと	하지만 마스터가 한 명 더 고용하면
私の給料が上がらなくなっちゃうから、	내 월급이 안 오르게 되니까、
結構時間かかったんだから、スカートの	꽤 시간이 걸렸으니까 스커트의
別にここに住んでる事は気にしてないん	딱히 여기 사는 건 신경 안 쓰는
「見つめるだけで誰でもできる催眠術」	「보기만 해도 누구나 되는 최면술」
だからずっと優しいお兄ちゃんでいてね	그러니 계속 다정한 오빠로 있어 줘
すでに単位ほとんど取ったから、来年に	이미 학점 거의 땄으니까 내년에
じゃあ今は日々このバイトしかしてない	그럼 지금은 날마다 이 알바만 하는
俺は何にもしてやれないが、応援はして	난 아무것도 못 해주지만 응원은 해
補充してくれたおかげで、僕はなんとか	보충해 준 덕분에 나는 그럭저럭
日々、いろいろと変わっていってるのは	나날이 이것저것 변해가고 있는 건
ここに寄って、「重い」とか言いながら	여기 들러서「무겁다」느니 하면서
自分ひとりでチーム全体が強くなるわけ	자기 혼자서 팀 전체가 강해질 리
こんな感じだからインドアかと思えば、	이런 느낌이라 인도어파인가 싶으면、
そんな道を自分の足じゃなくて、誰かに	그런 길을 제 발이 아닌 누군가에게
あいつの夢は機会があれば今度にでも、	그놈 꿈은 기회 있으면 다음에라도、
というか、料理を作った事が無いのに、	그보다 요리를 만든 적도 없으면서、
やる気が無いのが代名詞のクセに凝り性	의욕 없는 게 대명사인 주제에 꼼꼼
別に持ってきてあげてもいいんだけどね	딱히 가져다줘도 상관없지만 말이야
でもさ、普通は猫とか犬とか言わない？	근데 보통 고양이나 개라고 안 해？
心配しているって気持ちは伝わってると	걱정하고 있다는 마음은 전해진다고
でも、さすがにここまでしてもらうと、	하지만 이렇게까지 받으면、
俺もちゃんとした理由を聞かないと納得	나도 제대로 된 이유를 안 들으면
だからこうやって今、自己紹介してるん	그래서 이렇게 지금 자기소개하는
何だか凄く嬉しい事を言ってくれた気が	왠지 엄청 기쁜 말을 해 준 기분이
だから俺が命令したら喜んでやるのが、	내가 명령하면 기꺼이 하는 게、
このおいしいコーヒーとこの店の静かな	이 맛있는 커피와 이 가게의 조용한
その場合、やはり購買層は広い方がいい	그 경우 구매층은 넓은 편이 좋아
どこで出会っても、次の話は同じなんだ	어디서 만나도 다음 얘기는 똑같아
ボ～クは人を笑わせたい、人から笑って	나～는 남을 웃기고 싶어、남이 웃어
だから、この街の人達にボ～クで笑って	그러니 이 동네 사람이 나～로 웃어
もらってから、サーカス団に戻るよ～。	준 다음에 서커스단으로 돌아갈게～。
公演しに来た時に何回も見に来てくれて	공연 왔을 때 몇 번이나 보러 와서
あれ？まだコーヒーが来てないって事は	어라？아직 커피가 안 왔다는 건
すぐにお持ちいたしますから！ご主人様	곧 가져다 드릴 테니까요！주인님
進まないのでこれ以上は止めておくが、	진행 안 되니 더는 그만두지만、
自分の店を持ちたいなら、そういう店で	내 가게를 갖고 싶으면 그런 가게서
だから、私はここでお客さんの表情から	그래서 나는 여기서 손님 표정에서
いろいろな事を読み取れるようになる為	여러 가지를 읽어낼 수 있게 되려고
ボ～クは一人だけを笑わせたいと思って	나～는 한 명만 웃기고 싶다 생각해
いや、他の人間が笑ってくれなくても、	아니、다른 사람이 안 웃어 줘도、
逃げたくなった時に、幸せだった日々と	도망치고 싶어질 때 행복했던 날들과
貴方はすでに自由を手にいれているから	당신은 이미 자유를 손에 넣었으니까
キィィィィィボォォォォォドォォォォォ	키이이이이보오오오오도오오오오
無料だから、今日も飲みたいんだけど、	공짜니까 오늘도 마시고 싶은데、
あのウエイトレスの女の子に何か言われ	그 웨이트리스 여자애한테 무슨 말을
待っていたのに、それを食べない理由が	기다렸는데 그걸 안 먹는 이유가
数日でここまで作れるようになるとは）	며칠 만에 여기까지 만들게 되다니）
正解した君には、僕が作ったウイルスを	맞힌 너에겐 내가 만든 바이러스를
そこでいくら頑張ったって・・・・・・	거기서 아무리 애써 봐야・・・・・・
もう、お前の好きなようにしていいよ。	이제 네 마음대로 해도 돼。
私の物をそこまで感動して食べてくれる	내 걸 그토록 감동하며 먹어 주는
お金を貸す事はできないけど・・・・・	돈을 빌려줄 수는 없지만・・・・・
わからない無機質な物をもらうよりも、	모르는 무기질한 물건을 받기보다는、
それに嘘をついてもお前にはメリットが	게다가 거짓말해도 너에게는 이득이
何があっても幸せだったと言える日々を	뭐가 있어도 행복했다 할 수 있는
なんでズボンについたのに、お前は顔を	왜 바지에 묻었는데 너는 얼굴을
最終的には胃から食べた物を出さないと	최종적으로는 위에서 먹은 걸 꺼내야
巻き込みたくないと思っていらっしゃる	말려들게 하고 싶지 않다고 여기시는
の次期社長となるのは必然の道だった。	의 차기 사장이 되는 건 필연이다。
前に進む事は、自分の道を進むって事は	앞으로 나아감은 제 길을 간다는 건
君は大きな翼を手に入れる事ができる。	넌 큰 날개를 손에 넣을 수 있어。
君をその世界から連れ出してあげるよ。	널 그 세계에서 데리고 나가 줄게。
自分のせいで、仕事が滞ってしまう事は	나 때문에 일이 밀리는 것은
お茶の時間には、私がお菓子を作る事に	티타임에는 내가 과자를 만들기로
この前、そこで買い物したらね・・・	요전에 거기서 장 봤더니・・・
とりあえず、何冊かもらっていこう。	일단 몇 권 받아 가자。
まだまだ足りないところは多いけど、	아직 부족한 데가 많지만、
ひょっとして金縛りというやつか。）	혹시 가위눌림이라는 건가。）
あ、またあいつがいるじゃないか！）	아、또 그놈이 있잖아！）
僕これから練習しようと思うんだけど	나 이제부터 연습하려고 하는데
母ちゃんも、あの犬には近寄るなって	엄마도 저 개한테는 다가가지 말라고
チームに入ってきて、昔からやってる	팀에 들어와서 옛날부터 하고 있는
ふふしょうが焼きと、ごぼうの和え物	ふふ생강구이와 우엉 무침
へへ親子丼と、ほうれん草のおひたし	へへ오야코동과 시금치 나물
にしようと思うんだけどいいかしら？	로 하려고 하는데 괜찮을까？
でも、プロ野球の試合のチケットでも	하지만 프로야구 시합 티켓이라도
なんていうかさ、あんまりうれしくて	뭐랄까 너무 기뻐서
単純に食べにくいだけのような・・・	단순히 먹기 힘들 뿐인 듯한・・・
人気ゲームソフト「メキメキＲ５」の	인기 게임 소프트「메키메키Ｒ５」의
そういうの集めてる人がいてさ・・・	그런 걸 모으는 사람이 있어서・・・
世の中どんどんバイオレンスになって	세상이 점점 폭력적으로 되어
どうせ、カニのバケモノが暴れたって	어차피 게 괴물이 날뛰어봤자
今からナイスなバッティングの方法を	지금부터 나이스한 배팅 방법을
ところで、その・・・アレというのは	그런데 그・・・그거라는 건
なにしろ、こっちには元プロの・・・	어쨌든 이쪽에는 전 프로가・・・
人工筋肉とか移植してた選手３人が、	인공 근육을 이식한 선수 ３명이、
目にゴミが入れば涙は出るんだけど、	눈에 티가 들어가면 눈물은 나지만、
あとですっきりすることもあるけど、	나중에 후련해질 때도 있지만、
プロのバスケット選手になりたいって	프로 농구 선수가 되고 싶다고
息子もそうなってくれるものとばかり	아들도 그렇게 되어 줄 거라고만
とりあえず息子には金物や電動工具が	일단 아들에게는 철물이랑 전동공구가
でも、もうダメかもしれないカニね。	하지만 이제 안 될지도 모른다 게。
あいつの言ったことなんか気にせずに	그놈이 한 말 따위 신경 쓰지 말고
飛んだ打球を取りに行ってエラーする	날아간 타구를 잡으러 가서 에러하는
お菓子とかみんなで食べたりしながら	과자 같은 걸 다 같이 먹으면서
ところで、君の店はどこにあるんだ？	그런데 네 가게는 어디에 있어？
うちはまだ古本屋だからましだけど、	우리는 그래도 헌책방이라 낫지만、
最近、商店街の土地を売ってくれって	요즘 상점가 땅을 팔라고
さあ、こんな所でいても仕方ないから	자、이런 데 있어봐야 소용없으니까
いかにも単純そうな話のアクションと	딱 봐도 단순한 이야기의 액션과
そりゃあ、僕はいつも倉庫の隅の方で	그야 나는 늘 창고 구석 쪽에서
劇中じゃ、殴られたり蹴られたりする	극중에선 맞거나 차이거나 하는
そしたらちゃんと商品の説明もして、	그러면 제대로 상품 설명도 하고、
しかも「俺がこの店をでっかくする。	게다가「내가 이 가게를 키운다。
ま、クオリティを追求しまくったから	뭐、퀄리티를 마구 추구했으니까
でも、貸してるのは本当に部屋だけ？	하지만 빌려주는 건 정말 방뿐이야？
ダメだよ、高いフリーパスなんだから	안 돼、비싼 프리패스니까
いつも適当な事言ってるんだよな。）	늘 대충 말하는 거지。）
悪い奴じゃないのかもしれないな。）	나쁜 녀석이 아닐지도 모르겠네。）
ところで、昨日バイト代入ったんで。	그런데 어제 알바비 들어와서。
きちんとセーブしないで電源を切った	제대로 세이브 안 하고 전원을 껐
失敗してもやり直せることもあるので	실패해도 다시 할 수 있으니
やり直すことができるのでやんすが、	다시 할 수 있습죠만、
ならないように、きちんとセーブして	되지 않도록 제대로 세이브해서
クリームソースとかバジルとか・・・	크림소스라든가 바질이라든가・・・
さんざん大きなことを言っておいて、	실컷 큰소리쳐 놓고서、
でも、名前まだ聞いて無かっただろ。	하지만 이름 아직 안 물어봤잖아。
こういった物は、すごく長持ちするし	이런 건 엄청 오래가고
楽しもうとしてるような気がする。）	즐기려 하는 듯한 기분이 든다。）
の野球の実力はみんな知ってるんだ。	의 야구 실력은 다들 알고 있어。
とにかく１時間だけ休んでください。	아무튼 １시간만 쉬어 주세요。
だけの収入があればいいと思ってる。	만큼의 수입이 있으면 된다 생각해。
「大村金物店」を大きくしようだとか	「대촌 철물점」을 키우자든가
オレを産んだ親を探して見つけても、	나를 낳은 부모를 찾아서 찾아내도、
オレを育ててくれたのかとか思うと、	나를 키워준 걸까 하고 생각하면、
だからオレは、もう一度頭を丸めて、	그래서 난 다시 한번 머리를 밀고、
ちゃんと家まで送ってあげるからね。	제대로 집까지 데려다줄 테니까。
・・・いずれにしても、今生きている	・・・어쨌든 지금 살아 있는
あたしの店は、「開かずの漢方薬局」	내 가게는「안 열리는 한방약국」
でもさあ、漢方薬に命かけてる人って	근데 한방약에 목숨 건 사람은
別にあたしのことぐらいで、いちいち	딱히 내 일 정도로 일일이
いくらなんでもバッタやカブトムシの	아무리 그래도 메뚜기나 장수풍뎅이의
君の力はとてもユニークなんだから、	네 힘은 무척 유니크하니까、
もっとも安全な方策に落ちついたり。	가장 안전한 방책으로 정착하거나。
たぶん、怪人に改造される前の人間が	아마 괴인으로 개조되기 전의 인간이
あたしにはああいった世界の楽しさは	나에게는 그런 세계의 즐거움은
仕事もろくにしないでって、白い目で	일도 안 한다며 싸늘한 눈으로
じゃ、あいつらに気づかれないように	그럼 저놈들에게 들키지 않도록
いずれにせよ、今犯人探しをするのは	어쨌든 지금 범인 찾기를 하는 건
あんたは団費を払ってないわけだし、	넌 단비를 안 내고 있으니까、
そのために団員としてリスクを負って	그를 위해 단원으로서 리스크를 지고
だから、あんまり軽い気持ちのやつに	그러니까 너무 가벼운 마음의 놈에게
ご主人を亡くしてから、女手ひとつで	남편을 잃고 나서 여자 혼자 힘으로
これだけの量があれば商店街を巨大な	이만큼의 양이면 상점가를 거대한
その気になれば、こっちをつぶすのも	마음만 먹으면 이쪽을 뭉개는 것도
物置スペースなんでやんすけど・・・	창고 공간입죠만・・・
母ちゃんがいると、気をつかっちゃう	엄마가 있으면 신경 쓰이게 돼
この商店街じゃ、食っていけないって	이 상점가에선 먹고살 수 없다고
で、たまに親にそのことを怒られて、	그래서 가끔 부모한테 그걸로 혼나서
お兄さんのすごさを見せてやるから、	형의 대단함을 보여줄 테니까、
お好み焼きの上にケチャップライスが	오코노미야키 위에 케첩라이스가
別に買ってもいいよ、って言われると	딱히 사도 된다고 하면
守るべきものがなくなってしまえば、	지켜야 할 게 없어져 버리면、
とっとと、この男をつまみだせー！！	냉큼 이 남자를 끌어내라ー！！
だいたい、今の商店街にそって伸びて	대체로 지금 상점가를 따라 뻗어
学校の授業でケーキ作ったんだけど、	학교 수업에서 케이크 만들었는데、
とりあえず、このお金で何か買うか。	일단 이 돈으로 뭔가 살까。
バッターは、基本的に直前のボールの	타자는 기본적으로 직전 볼의
また、同じところに続けて投げたり、	또 같은 곳에 계속 던지거나、
では、パトロールに戻るであります！	그럼 순찰로 돌아가겠습니다！
野菜や果物売ってる店やブティックや	채소나 과일 파는 가게랑 부티크랑
前はもう一個でっかい本棚があって、	전엔 큰 책장이 하나 더 있었는데、
じゃ次はシーン練習に入りますんで、	그럼 다음은 신 연습에 들어가니까、
もう遅いから、お風呂に入りなさい。	이제 늦었으니 목욕하렴。
アンドロイドには偽の記憶を転写して	안드로이드에는 가짜 기억을 전사해
だからアンタも第三世代じゃないかと	그래서 너도 제３세대가 아닌가 하고
そして、そのすべての償いがどうやら	그리고 그 모든 속죄가 아무래도
ほんとにあんたとの生活は大変だった	정말 너와의 생활은 힘들었다
このままここに居たら危ないからって	이대로 여기 있으면 위험하다고
たまたま商店街に貼ってあったチラシ	우연히 상점가에 붙어 있던 전단
でも、前の人に比べたら軽いものよ。	근데 전 사람에 비하면 가벼워。
キレイにいなくなろうと思ってたのに	깔끔하게 사라지려고 했는데
いやな、この前、腰やっちまってよぉ	아니 말이야 요전에 허리를 삐끗해서
だからこそ、きっといいものが・・・	그렇기에 분명 좋은 것이・・・
曲がる方向がちょっと違ったり・・・	휘는 방향이 조금 다르거나・・・
みんなで話し合って、それは断るって	다 같이 의논해서 그건 거절한다고
「名店街のテナント料は無料でいい」	「명점가 임대료는 무료여도 된다」
勝てなかったからといって、これ以上	이기지 못했다고 해서 더 이상
むふーーーーーーーーーーーーーっ！	무후ーーーーーーーーーーーーー！
今日はみんなと将来何になるのかって	오늘은 다들 장래에 뭐가 될까 하고
そして、おいしいご飯を作って・・・	그리고 맛있는 밥을 지어・・・
きっと、ここで事故で亡くなった人が	분명 여기서 사고로 죽은 사람이
だが、お前には邪魔されたくないな。	하지만 너한테 방해받고 싶진 않아。
とは言えませんから仕方ないですよ。	라고는 못 하니까 어쩔 수 없죠。
そりゃあ、皿洗いでもやってくれると	그야 설거지라도 해 주면
むしろ助かってありがたいんですが、	오히려 도움이 돼서 고맙지만、
なんて言うか、気がひけるって言うか	뭐랄까 좀 꺼려진다고 할까
だいたい、あいつらは信用できねえ。	애초에 그놈들은 못 믿어。
聞いた事があるような気がするな。）	들은 적 있는 것 같은데。）
とにかく、お前は商店街を再起不能に	아무튼 너는 상점가를 재기불능으로
いつも練習しているグラウンドのある	늘 연습하는 그라운드가 있는
これって、笑うところなのかしら。）	이건 웃을 대목인 걸까。）
は、みんなの着る服装を用意するの。	는 다들 입을 복장을 준비해。
この二つの部署はかなり専門的だから	이 두 부서는 꽤 전문적이니까
君の見ているものを俺が見えるように	네가 보는 걸 내가 볼 수 있게
しかし家庭用コンセントとはね・・・	하지만 가정용 콘센트라니・・・
どっちみちセキュリティにやられたら	어차피 보안에 당하면
３人ぐらいのデータを混ぜてあるから	３명 정도의 데이터를 섞어 놨으니까
知識と人格はあっても、オリジナルの	지식과 인격은 있어도 오리지널의
ほら、任務を達成したら自爆しなきゃ	봐、임무 달성하면 자폭해야
それがコケたショックやらなんやらで	그게 망한 충격이니 뭐니로
それで、もう一つのいい事はね・・・	그래서 또 하나 좋은 건・・・
これまで夢って手の届かない物だって	지금까지 꿈은 손 닿지 않는 거라고
少しずつ知名度を上げていった・・・	조금씩 지명도를 올려 갔다・・・
ともかく今年中にメドをつけるのだ。	아무튼 올해 안에 가닥을 잡는다。
きちんと話し合った方がいいかな？）	제대로 의논하는 게 좋을까？）
・・・テナント化計画の話が出た時、	・・・임대화 계획 얘기가 나왔을 때
ここの劇団がごちゃごちゃしてるって	여기 극단이 어수선하다고
言い張って、そのキャンセル代やらの	우겨서 그 취소 비용이니 하는
「そのお金は、ちゃんと公演をする時	「그 돈은 제대로 공연할 때
それに、その逃げた脚本演出のヤツ、	게다가 그 도망친 각본 연출 놈、
あ、言っとくけど貸すのは部屋だけで	아、말해두는데 빌려주는 건 방뿐이고
どういうわけか、トンネルの入り口が	무슨 영문인지 터널 입구가
そういえば、１階は彼女の私室だけど	그러고 보니 １층은 그녀의 방이지만
制限時間以内にカードを出さないと、	제한 시간 내에 카드를 안 내면、
ぐずぐずしているとスロットの内容が	꾸물대고 있으면 슬롯 내용이
スロットって、そもそも野球の試合に	슬롯이란 애초에 야구 시합에
試合のある日を宣伝して、その翌日は	시합 있는 날을 선전하고 이튿날은
むしろ、会長が気づいてなかったのに	오히려 회장이 눈치 못 챘는데
会長の言ってたとおり、これから先は	회장 말대로 앞으로는
いつしか、俺は次第に水から遠ざかり	어느새 나는 점차 물에서 멀어지고
もう芝居しか見えないって感じだろ。	이제 연극밖에 안 보이는 느낌이지。
ここに既製の脚本集があるから・・・	여기 기성 각본집이 있으니까・・・
でも最近、お父さんはあたしのことが	하지만 요즘 아빠는 내가
ちゃんとした所に住んでる人、かな。	제대로 된 데 사는 사람、일까。
仕事が見つかるとは限りませんが。）	일이 찾아진다는 보장은 없지만。）
そのうち絶対楽しくなってくるから、	곧 반드시 즐거워질 테니까、
・・・薄くなってるようだけど・・・	・・・옅어지고 있는 것 같은데・・・
そろそろ、神様のくれたロスタイムも	슬슬 신이 준 로스타임도
亡くなったから、知らないだろうけど	돌아가셔서 모르겠지만
料理屋なんて目じゃないくらい・・・	요리집 따위 눈에 안 찰 만큼・・・
でもちょっと、おっちょこちょいで。	하지만 좀 덤벙거려서。
はいそうですか、とは帰れないカニ！	네 그러냐、하고 못 돌아간다 게！
実は僕、高校の時にお芝居してたから	실은 나 고등학교 때 연극했으니까
で、最後は子供と素人がメインかよ。	결국 마지막은 애랑 초짜가 메인이냐
その中の「汝、盗みを働くべからず」	그중「너、도둑질하지 말지어다」
出版関係者は全員処刑され、この本も	출판 관계자 전원 처형되고 이 책도
さて、オレの知的好奇心も満足したし	자、내 지적 호기심도 만족했고
小学校低学年から、こんなことしてて	초등 저학년 때부터 이런 짓을 하고
オーディションを受けてみないかって	오디션을 받아 보지 않겠냐고
万が一、お客さんにケガでもさせたら	만에 하나 손님을 다치게라도 하면
牧場への支払いに、ビラやチラシまで	목장 지불에 삐라랑 전단까지
そうか、これはプログラムじゃなくて	그런가 이건 프로그램이 아니라
・・・日頃の練習で鍛えた声量で。）	・・・평소 연습으로 기른 성량으로。
敵地のコンピュータネットに侵入する	적지의 컴퓨터 네트에 침입하는
結局、普通のサイボーグに携帯端末を	결국 평범한 사이보그에 휴대 단말을
・・・それで、あたしの正体を知って	・・・그래서 내 정체를 알고
そんな風に、骨の髄まで役者のくせに	그렇게 뼛속까지 배우인 주제에
お前のそばにいたくて演劇やってきた	네 곁에 있고 싶어서 연극 해왔다
思えば、私の人生は会社に忠誠を誓い	돌아보면 내 인생은 회사에 충성하고
だが、北極支店なんて冗談じゃない。	근데 북극 지점이라니 농담 아니야。
・・・でも、やっぱり野球のチームが	・・・하지만 역시 야구 팀이
とりあえず、練習でケガしないように	일단 연습에서 다치지 않도록
で、君はなんで女優さんになりたいと	그래서 넌 왜 여배우가 되고 싶다고
自分がいろんなところに出て行って、	내가 여기저기 나가서、
悪いがお嬢ちゃん、俺の誘い断ったら	미안하지만 아가씨 내 제안 거절하면
消化不良だったから、早く次の公演の	소화불량이었으니까 빨리 다음 공연의
あんな小劇場で一生を終えるような、	저런 소극장에서 일생을 마치는、
コーヒーでも飲もうかと思ったけど、	커피라도 마실까 했는데、
ちょっと体を動かしたくなったから、	좀 몸을 움직이고 싶어졌으니까、
以上あるみたいな事を書いてたけど、	이상 있는 것 같은 걸 썼는데、
というか、すでに体育の日が関係無い	그보다 이미 체육의 날이 상관없는
くるから、ちょっと待って・・・・・	오니까 조금만 기다려・・・・・
ありのままの自分で接客してるように	있는 그대로의 나로 접객하는 것처럼
今からは買ってきてくれたストローで	이제부터는 사다 준 빨대로
注文って重なる時は大量に重なるから	주문은 겹칠 땐 대량으로 겹치니까
遥か向こうに微かな道が見えた時には	저 멀리에 희미한 길이 보였을 때는
その女の子って・・・・・やっぱり）	그 여자애란・・・・・역시）
確かに俺は、いつかこの街を出て行く	확실히 난 언젠가 이 동네를 떠난다
しっかり俺の帰りを待っておくんだぜ	잘 내가 돌아오길 기다리고 있으라고
そのうち「読み終わったら食べれる本	곧「다 읽으면 먹을 수 있는 책
仕方が無いから新しいのを持ってきて	어쩔 수 없으니까 새것을 가져와서
略奪するのは例えば・・・・思い出の	약탈하는 건 예를 들면・・・・추억의
だからと言って、あのボールさばきは	그렇다고 해서 저 볼 다루는 솜씨는
かなりの戦力になるだろうからな～。	상당한 전력이 될 테니까～。
だんだんと辛さがやってきやがった！	점점 매운맛이 올라오기 시작했다！
チョコ、抹茶、バニラの三点セットで	초코、말차、바닐라 삼종 세트로
ジュース、ヨーグルトジュースの三点	주스、요구르트 주스 삼종
顔が近すぎるような・・・・・・・。	얼굴이 너무 가까운 듯한・・・・。
大量に子供が金持ちになってるだろう	대량으로 아이가 부자가 되어 있겠지
もしかしたら、お金持ちになれるかも	어쩌면 부자가 될 수 있을지도
に包丁の使い方を教えてもらっただけ	에게 칼 쓰는 법을 배웠을 뿐
普段から無口だけど、なんかオーラが	평소부터 과묵하지만 왠지 아우라가
他人の手を使って別の道を歩きたいと	남의 손 빌려 다른 길을 걷고 싶다
だけど、全てをその手に委ねる事は、	하지만 전부를 그 손에 맡기는 건、
ほんの少しだけ道が変わっただけで、	아주 조금 길이 바뀌었을 뿐인데、
いや、あきらかに金銭感覚が一般人と	아니 명백히 금전 감각이 일반인과
前から気になってたが、お前は焦ると	전부터 신경 쓰였는데 넌 조급해지면
もしかしてここから見えるテントって	혹시 여기서 보이는 텐트란
から、どうしようかなと思ってたよ。	니까 어쩌지 하고 생각했어。
店で使ってる生活用品とかは商店街で	가게에서 쓰는 생활용품은 상점가에서
目的で持つのに、本人が持たないなら	목적으로 갖는데 본인이 안 가지면
若者なんて言ってられるのも今のうち	젊은이라고 할 수 있는 것도 지금뿐
というわけで、今日のノリはこっちで	그런 이유로 오늘 분위기는 이쪽에서
かなりの業物に見えるけど・・・・・	상당한 명검으로 보이는데・・・・・
い、いや、ほら、店に入ってきた時の	아、아니、봐、가게에 들어왔을 때의
さん、野球なんて興味が無いんじゃ？	씨、야구 따위 관심 없는 거 아냐？
役に立ちそうな物を読もうと思ったん	도움이 될 것 같은 걸 읽으려고 했
かなりの戦力になるんじゃないのか？	상당한 전력이 되지 않을까？
昼間からここで時間を潰してるぐらい	낮부터 여기서 시간 때우는 정도니까
働いてないメイドに感謝する必要性は	안 일하는 메이드에게 감사할 필요는
見ようによっちゃあ、ストレス発散を	보기에 따라서는 스트레스 발산을
ちょっと隠し味になんか黒っぽい物を	좀 숨은 맛으로 뭔가 거무스름한 걸
コロッケを何とかせねば・・・・・）	고로케를 어떻게든 해야・・・・・）
なんてない性格に見えるから、お前は	그런 거 없는 성격으로 보이니까 넌
まあ、私は男前なら取ると思ったから	뭐、난 잘생겼으면 뽑는다 생각했으니
メイドを好きになったわけじゃない、	메이드를 좋아하게 된 건 아니야、
とりあえず今日はもう来ないんだな？	일단 오늘은 이제 안 오는 거지？
ちなみにタランチュラって言うのは、	참고로 타란툴라라는 것은、
毛深くて、毒のイメージが・・・・・	털 많고 독의 이미지가・・・・・
というわけで、今は一人で頑張るわけ	그런 이유로 지금은 혼자 힘내는 거
まあ、いいや。お前のメイドスキルを	뭐、됐어。네 메이드 스킬을
まあ、この街にはたぶん私ぐらいしか	뭐、이 동네엔 아마 나 정도밖에
のんびり過ごすのもやっぱりいいな。	느긋하게 지내는 것도 역시 좋네。
寝るのはいいけど膝の上で寝られると	자는 건 좋은데 무릎 위에서 자면
やっぱり水はメイドさんが淹れた物に	역시 물은 메이드님이 따른 것에
僕はこれでゲーム業界に殴りこもうと	난 이걸로 게임 업계에 쳐들어가려고
メイドさんは最後に望みが叶うように	메이드님은 끝에 소원이 이뤄지도록
PCのバッテリーに電力を補充したと	피시 배터리에 전력을 보충했다고
あそこにさっき作った物が・・・・・	저기에 아까 만든 게・・・・・
秘境と呼ばれるところにも行ったし、	비경이라 불리는 곳에도 갔고、
でも、それは自分が望んだ事だから、	하지만 그건 내가 바란 일이니까、
この喫茶店の中もクーラーがガンガン	이 찻집 안도 에어컨이 쌩쌩
一年中まったく変わってないのは気の	일년 내내 전혀 안 변한 건 기분
さんはあの赤い本を持ってなかった。	씨는 그 빨간 책을 안 갖고 있었다
私もダメですよって言ったんだけど、	나도 안 된다고 말했지만、
「どうせ読むんだから、どこに置いて	「어차피 읽을 거니까 어디에 놔
じゃないけど、少しでも・・・・・。	는 아니지만 조금이라도・・・・・。
そうやって自分の力で自分を縛る鎖を	그렇게 제 힘으로 자신을 묶는 사슬
下には柔らかい毛布がひいてあって、	밑에는 부드러운 담요가 깔려 있고、
さんは、なんの動物が一番好きなの？	씨는 무슨 동물을 제일 좋아해？
しかも動物って事は、やっぱりペット	게다가 동물이란 건 역시 애완동물
愛する人の為に料理を作ろうっていう	사랑하는 사람 위해 요리를 만들자는
コーヒーを淹れなおしてあげるから、	커피를 다시 내려 줄 테니까、
コーヒー代も一年分、出してくれたん	커피값도 일년치 내 줬어
それだけを飲みに来てた誰かさんは、	그것만 마시러 오던 누군가는、
ようにってお金を置いていったもん。	도록 하고 돈을 두고 갔는걸。
さん、夜までずっとあの席で本を読ん	씨、밤까지 계속 저 자리서 책을 읽
デジタルの風をぉぉぉぉぉぉおお！！	디지털의 바람을오오오오오오！！
あの情熱を１０分の１でもいいから、	그 정열을 １０분의 １만이라도、
とりあえず、そろそろ止めておこう。	일단 슬슬 그만두자。
戻って、ボ～クが好きになった女の子	돌아가서 나～가 좋아하게 된 여자애
なのに自分が笑わせたいと思っている	그런데 내가 웃기고 싶다고 생각하는
さんがこの街に居ない今はもう意味が	씨가 이 동네에 없는 지금은 의미가
ここで、こんな格好でバイトしてると	여기서 이런 차림으로 알바하다 보면
よりも、より多くのお客さんの表情が	보다 더 많은 손님의 표정이
笑わせる事ができなくなったんだ～。	웃길 수가 없게 되어버렸어～。
喜ばせたいと思えなくなってしまった	기쁘게 하고 싶다 여길 수 없게 된
しまうようになってしまったんだ～。	버리게 되어버렸어～。
俺が追いかけて行って、言うべき事は	내가 쫓아가서 해야 할 말은
だけど、そこには新しい鎖ができる。	근데 거기엔 새로운 사슬이 생긴다。
この街の商店街が生き残る未来を皆で	이 동네 상점가가 살아남는 미래를
何の為の恋愛シミュレーションゲーム	무엇을 위한 연애 시뮬레이션 게임
そ、そんな事より、俺にハムサンドを	그、그것보다 나에게 햄샌드를
もう６時間以上も本を読んでるよね。	벌써 ６시간 이상 책을 읽고 있네。
目の前に注文したままのハムサンドが	눈앞에 주문한 채로인 햄샌드가
本に集中してる時は本当に何の反応も	책에 집중할 때는 정말 아무 반응도
液体はパンのような固形物と違って、	액체는 빵 같은 고형물과 달라서、
やっぱり、ここは口うつ・・・・・・	역시 여기는 입으로 옮・・・・・・
かわいそうになってきた・・・・・。	불쌍해지기 시작했다・・・・・。
起きたら、ちょうどお腹が空いている	일어나면 마침 배가 고픈
それじゃあ、まるでスト・・・・・・	그럼 그건 마치 스토・・・・・・
って、なんであの人は叫んでいるの？	라니 왜 저 사람은 외치고 있어？
君に会いに来たに決まってるだろう。	널 만나러 온 게 당연하잖아。
俺の体が君に会いたいとウズウズ騒ぎ	내 몸이 널 만나고 싶다고 근질근질
じゃあ、ヒントだけ教えてあげるよ。	그럼 힌트만 알려 줄게。
少々、お待ちくださいませ。ご主人様	잠시 기다려 주십시오。주인님
知ってた？インターネットで調べれば	알고 있었어？인터넷으로 찾아보면
だからフルネームさえわかってれば、	그러니까 풀네임만 알면、
メイドになるにも素質があってだね、	메이드가 되는 데도 소질이 있어서、
頑張って、ご奉仕させてもらいますね	열심히 시중들어 드릴게요
この街の事も考えてる時があるけど、	이 동네 일도 생각할 때가 있지만、
読んでた本が気になって、昨日の夜は	읽던 책이 신경 쓰여서 어젯밤은
そういえばこの店って、この街の店に	그러고 보니 이 가게는 동네 가게에
と言っても、私しかバイトしてる子は	라고 해도 나밖에 알바하는 애는
さんってこの街の人間じゃないのか？	씨는 이 동네 사람이 아닌 거야？
私もそんなには聞いた事がないけど、	나도 그렇게는 들은 적이 없지만、
さん、アンティークが好きだからね。	씨、앤티크를 좋아하니까。
ちょっとコーヒーが服についたけど、	좀 커피가 옷에 묻었지만、
まあ気にしなくてもいいぐらいの染み	뭐 신경 안 써도 될 정도의 얼룩
それなのに、どうしてイチイチ文句を	그런데도 어째서 일일이 불평을
とりあえず、ドジっ娘はやめてくれ。	일단 덜렁이 캐릭은 그만둬 줘。
自分で仕向けたかったんだろうけど）	스스로 유도하고 싶었던 거겠지만）
今やその会社は世界中に支社を持ち、	이제 그 회사는 세계에 지사를 두고
いるが、お嬢様は本当に優秀な方だ。	있지만 아가씨는 정말 우수한 분이다
私には鎖を引きちぎって進む事なんて	나에게는 사슬을 끊고 나아가는 건
君とどこまでも、いつまでも一緒だ。	너와 어디까지나 언제까지나 함께다。
お見合いを逃げ出してきた時などは、	맞선에서 도망쳐 나왔을 때 등은、
もう少し、様子を見ようじゃないか。	조금 더 상황을 지켜보자고。
やっぱり料理は、火力が大事だしな！	역시 요리는 화력이 중요하니까！
（クリスマスを楽しく過ごしました）	（크리스마스를 즐겁게 보냈습니다）
その証拠が、すでに持ち出されている	그 증거가 이미 반출되어 있는
人を一人殺さなければいけないような	사람을 하나 죽여야만 하는 듯한
女の子のことで頭がいっぱい・・・	여자애 생각으로 머리가 가득・・・
（商店街の問題点を話し合った！）	（상점가 문제점을 의논했다！）
じゃあ、よろしくおねがいします！	그럼 잘 부탁드립니다！
あそこ、いつも人手が足りないから	거기 늘 일손이 부족하니까
最初からプレイしていただくように	처음부터 플레이해 주시도록
監督は今まで隠れてたんじゃ・・・	감독은 지금까지 숨어 있던 거・・・
待て、口にくわえているのは・・・	잠깐、입에 물고 있는 건・・・
ほら、リンゴの山の中にバナナとか	봐、사과 더미 속에 바나나라든가
余計に腹が減ったじゃないか・・・	더 배가 고파졌잖아・・・
こうやってボール拾いさせてやると	이렇게 공 줍기를 시켜 주면
さんの右手が、一瞬でアルミホイル	씨의 오른손이 순식간에 알루미늄포일
ちゃん、今日はバイトがないのか。	짱、오늘은 알바가 없는 거야。
だいたい、こんなハサミつけたまま	애초에 이런 집게를 단 채로
ちゃんの劇団が公演を打つんです。	짱의 극단이 공연을 합니다。
コマンドがあるから、それを選んで	커맨드가 있으니까 그걸 골라서
もともとあたしの部屋なんだしさ。	원래 내 방이기도 하고。
少なくとも最初は、世の中のために	적어도 처음에는 세상을 위해
どんなものなのか、そろそろ私にも	어떤 것인지 슬슬 나에게도
去年のオールスター前に見つかって	작년 올스타 전에 발각되어
旅の最中に、なにか事故が起こると	여행 도중에 무슨 사고가 나면
さて、旅の連れができた所で・・・	자、여행 동행이 생긴 참에・・・
そこまでしてオレらにプレッシャー	그렇게까지 해서 우리에게 압박을
思い込みの激しい人物ですから。）	착각이 심한 인물이니까요。）
ところで、今どこに住んでるんだ？	그런데 지금 어디 살고 있어？
お前は、そんな生ける芸術作品に、	너는 그런 살아 있는 예술 작품에、
まったく、お前らがふがいないから	정말이지 너희들이 한심하니까
う（あー、こりゃまずいな・・・）	う（아ー 이거 곤란한데・・・）
でも、形はゴキブリに似てるだろ？	하지만 모양은 바퀴벌레를 닮았지？
大きさはネコぐらいあるけど・・・	크기는 고양이만 하지만・・・
いや、むしろ自衛隊に連絡した方が	아니 오히려 자위대에 연락하는 편이
これまでごちそうしてもらっただけ	지금까지 얻어먹은 만큼
でも、いろいろあったと思うけど。	하지만 이것저것 있었겠지만。
このままこの商店街で商売してても	이대로 이 상점가에서 장사해도
なんだか妙にウチの事情に詳しくて	왠지 묘하게 우리 사정에 훤해서
だから、よそのチームもここへ来て	그러니까 다른 팀도 여기 와서
あはははははははははははは・・・	아하하하하하하하하하하・・・
あいつは、お前がこの店に来る前に	그놈은 네가 이 가게에 오기 전에
でも、ご飯食べさせてくれるから。	하지만 밥 먹여 주니까。
ちゃんと周りに気をつけるムシャ。	제대로 주위를 조심해라 우걱。
そうだわよね・・・そんなの・・・	그렇지・・・그런 건・・・
こいつ作るのに時間も金もいっぱい	이거 만드는 데 시간도 돈도 잔뜩
どうか、このアルプス星人の勇姿を	부디 이 알프스 성인의 늠름한 모습
（あれ、この人どこかで見たな？）	（어라 이 사람 어디서 봤는데？）
店に来たお客さんの応対をしていた	가게에 온 손님 응대를 하고 있었다
ワシが留守の時、よく息子が店番を	내가 없을 때 자주 아들이 가게를
息子さんに色々と教えてあげないと	아드님께 이것저것 가르쳐 드려야
いくら相手と約束していたからって	아무리 상대와 약속했다고 해도
とんだ弱小チームに成り下が・・・	어처구니없는 약소팀으로 전락・・・
昔、信じていたものに裏切られて、	옛날 믿었던 것에 배신당해서、
夜中に、あの腰の刀を抜いて・・・	한밤중에 그 허리의 칼을 뽑고・・・
俺、本当の誕生日を知らないから、	나、진짜 생일을 모르니까、
だから、この商店街でないと・・・	그러니까 이 상점가가 아니면・・・
暗くて足元がよく見えなかったから	어두워서 발밑이 잘 안 보였으니까
ええと、いい試合だからお客さんの	그러니까 좋은 시합이니까 손님의
どうも具合が悪くなってなぁ・・・	아무래도 몸이 안 좋아져서・・・
そう思ったら、なんだか果てしなく	그렇게 생각하니 왠지 끝없이
でも、１つの夢に縛られすぎるのは	하지만 １개의 꿈에 너무 매이는 건
・・・この喫茶店の人じゃない。）	・・・이 찻집 사람이 아니야。）
主人が作った大事な店だから・・・	남편이 만든 소중한 가게라서・・・
そんな風に言われて、心のどこかで	그런 식으로 듣고 마음 어딘가에서
「毎日ボォーっとしてて、こそこそ	「매일 멍하니 있고 슬금슬금
がんばってる姿を、どんどん見せて	열심히 하는 모습을 자꾸 보여
いつまでたっても笑いが収まらない	아무리 지나도 웃음이 안 멎는다
でも、テレビの取材があるんだから	하지만 텔레비 취재가 있으니까
もし、この商店街がなくなったなら	만약 이 상점가가 없어진다면
もう、毎日修行で大変だったなぁ。	정말 매일 수행으로 힘들었지。
お前はこうして生きてるんだから、	너는 이렇게 살아 있으니까、
これはイメージダウンさせるための	이건 이미지를 깎아내리기 위한
やり方について話してみた所・・・	방식에 대해 이야기해 본 참・・・
用具の中から１つキミの欲しい物を	용구 중에서 １개 네가 원하는 걸
何度見ても、このテレビニュースは	몇 번을 봐도 이 텔레비 뉴스는
そういえば、昆虫の話ではないが、	그러고 보니 곤충 얘기는 아니지만、
お前は、うちの従業員なんだから、	너는 우리 종업원이니까、
君と一緒なら、どこの国に行っても	너와 함께라면 어느 나라에 가도
安心しろ、女が笑っておるムシャ。	안심해라 여자가 웃고 있다 우걱。
この壁にダンボールと卵のパックを	이 벽에 골판지와 계란 팩을
いつもは100万以上はかかるけど	평소엔 100만 이상은 들지만
世界征服を目指している妙な連中が	세계 정복을 노리는 묘한 놈들이
いて欲しいと思う次第であります。	있어 주었으면 하는 바입니다。
店の前には２０００円ポッキリって	가게 앞에는 ２０００엔 딱이라고
ちゃん、この荷物ここ置いとくよ。	짱、이 짐 여기 놔둘게。
ちょっと言動に不安な点もあるが、	좀 언동에 불안한 점도 있지만、
そしてそのパイロットは、５年前に	그리고 그 파일럿은 ５년 전에
そしてそれを会長が手に入れれば、	그리고 그걸 회장이 손에 넣으면、
注意した方がいいと思うけどな。）	조심하는 게 좋을 것 같은데。）
一回５００円ですが、得点によって	한 번 ５００엔이지만 득점에 따라
俺らはこの劇団を一流の劇団にする	우리는 이 극단을 일류로 만든다
そして自分も将来的には役者として	그리고 나도 장래에는 배우로서
だから、心配してるんじゃないか。	그러니까 걱정하는 거잖아。
練習の後で俺に話があるって・・・	연습 후 나한테 할 말 있다고・・・
まあ、もともとオレがこのチームの	뭐、원래 내가 이 팀의
わざわざこの薬を置いていったのも	일부러 이 약을 두고 간 것도
練習の経験値が２倍もらえます。）	연습 경험치가 ２배 들어옵니다。）
それにふさわしい血統書つきの犬が	거기 어울리는 혈통서 있는 개가
ところが、この町に引っ越してきて	그런데 이 동네로 이사 와서
ところが、ちょうどその時に・・・	그런데 마침 그때에・・・
夜中に一家全員で車に乗り込んで、	한밤중에 온 가족이 차에 올라타서、
恥ずかしい話だけど、高校出てから	부끄러운 얘기지만 고등학교 나오고
さっきからご飯食べるのに夢中で、	아까부터 밥 먹느라 정신없어서、
まず、手をこうしてだなぁ・・・・	우선 손을 이렇게 하고서・・・・
でもさ、簡単な料理と市販のものを	근데 간단한 요리랑 시판 제품을
そうですね、あと１人分ぐらいなら	글쎄요 앞으로 １인분 정도라면
ケンカをやめて商店街とスーパーが	싸움을 그만두고 상점가와 슈퍼가
でも、なんだか回りの目を気にして	하지만 왠지 주위 시선을 신경 써서
山の方へつながっていたらしいけど	산 쪽으로 이어져 있었던 것 같은데
でも、俺がしばらくここに来るから	하지만 내가 당분간 여기 올 테니까
また捨ててあるマンガを見つけたら	또 버려진 만화를 발견하면
そんなに急いで帰らなくても・・・	그렇게 서둘러 안 돌아가도・・・
直球よりも打った時によく飛ぶし、	직구보다 쳤을 때 잘 날아가고、
ならないと、いけないんだが・・・	되지 않으면 안 되는데・・・
三振じゃないから、ねらいを絞って	삼진이 아니니까 노림수를 좁혀서
自分なりのパターンを作っておいて	나름의 패턴을 만들어 두고
２球目、外角にボールになるスロー	２구째 바깥쪽에 볼이 되는 슬로
ここ一番の時には２球目に変化球を	결정적일 때는 ２구째에 변화구를
まあ「人間相手」のときは、もっと	뭐「인간 상대」일 때는 더
家に帰りづらい理由でもあるのなら	집에 가기 힘든 이유라도 있다면
だから、いるべきところを探して、	그러니까 있어야 할 곳을 찾아서、
巡査は、会長さんの名前出したから	순경은 회장님 이름을 댔으니까
もう何も言ってこないと思うけど、	이제 아무 말도 안 할 것 같지만、
栄養もあるし、しょう油をつけたら	영양도 있고 간장을 찍으면
オレ、女の人の存在すら知らなくて	나、여자의 존재조차 몰라서
は、この技術を平和利用しようとは	는 이 기술을 평화 이용하려고는
そっちの神経信号を使用してるから	그쪽 신경 신호를 사용하고 있으니까
疑似体験でも、運動神経と判断力は	유사 체험이라도 운동신경과 판단력은
・・・実を言うと、一部分だけなら	・・・사실을 말하면 일부분만이라면
だって、アンタのこと好きだから。	왜냐면 널 좋아하니까。
もっと大きくならないとダメだな。	더 커지지 않으면 안 되겠네。
お礼にお弁当を作ってきましたから	답례로 도시락을 만들어 왔으니까
できれば野球を教えてやってくれ。	가능하면 야구를 가르쳐 줘라。
あんたがちゃんと約束を守れたなら	네가 제대로 약속을 지켰다면
いつも公演があると親とか親戚とか	늘 공연이 있으면 부모나 친척이나
まったく、わたし達の家族が一緒に	정말이지 우리 가족이 함께
いっぱいいっぱいだったから・・・	벅찰 만큼 벅찼으니까・・・
って、さっきから何をしてるんだ？	라니 아까부터 뭘 하고 있는 거야？
そもそもワシがあんたを雇ったから	애초에 내가 널 고용했으니까
例えば最初の人がガンマンになって	예를 들어 첫 사람이 총잡이가 되어
そんなことを急に言われても・・・	그런 말을 갑자기 들어도・・・
ま、クリスマスの夜を過ごすのには	뭐、크리스마스 밤을 보내기에는
こんなの恥ずかしがってるようじゃ	이런 걸 부끄러워해서야
じゃ、一人で自由に演技してみて。	그럼 혼자서 자유롭게 연기해 봐。
（とにかく演技するしかないか。）	（아무튼 연기할 수밖에 없나。）
妥協するのは簡単だけど、やっぱり	타협하는 건 쉽지만 역시
どこかで元気に暮らしてるかもって	어딘가에서 잘 지내고 있을지도 라고
こんなときまでカッコをつけるヤツ	이런 때까지 폼 잡는 놈
売れ残った昔の商品が無いかどうか	팔다 남은 옛 상품이 없는지 어떤지
よほどショックだったらしいな。）	어지간히 충격이었나 보네。）
今後は、おねえちゃんって呼んでね	앞으로는 누나라고 불러 줘
オリジナル変化球はとれません。）	오리지널 변화구는 못 얻습니다。）
ううーん、負けなくて良かったけど	으ー음 안 져서 다행이지만
でも、なんだかすっきりしないなぁ	하지만 왠지 개운하지 않네
もうこれ以上がんばっても無駄だ。	이제 더 이상 애써도 소용없다。
連中がカラクリに気づいたときには	놈들이 속임수를 눈치챘을 때는
男として、この試合を最後にすると	남자로서 이 시합을 마지막으로 한다
鍛えたい筋肉以外を使っちゃうから	단련하고 싶은 근육 외를 써버리니까
どうせ、自分以外はみんなバカだと	어차피 자기 말고는 다 바보라고
はっきり言ってやったほうが・・・	확실히 말해 주는 편이・・・
そんな感じで、ずっとこのままだと	그런 식으로 계속 이대로면
総理大臣や野球選手になりたいとか	총리나 야구선수가 되고 싶다든가
あのシェルターには、虫を誘引する	그 셸터에는 벌레를 유인하는
そもそも風来坊さんは野球のために	애초에 떠돌이 씨는 야구를 위해
駅の前に大型のビル店舗を作るから	역 앞에 대형 빌딩 점포를 지으니까
でも、税金とかどうなるんだろう？	하지만 세금 같은 건 어떻게 되지？
かなりいい条件だと思ったのですが	꽤 좋은 조건이라고 생각했습니다만
この俺が本当はカナヅチだなんて、	이 내가 사실은 맥주병이라니、
商店街をつぶすとか言ってたくせに	상점가를 뭉갠다고 해놓고선
じゃ、あそこに何かがあるんだな。	그럼 저기에 뭔가가 있는 거군。
見た目はひょろひょろしてるくせに	겉보기엔 비실비실한 주제에
ピクニックといっても、みなさんが	피크닉이라고 해도 여러분이
ちゃんと見守ってくれているのよ。	제대로 지켜봐 주고 있는 거야。
ところを助けてくれたらしいけど、	참을 도와줬다는 것 같은데、
奇異の目で見られているようだ。）	기이한 눈으로 보이는 듯하다。）
最後に、作品の企画から完成までを	마지막으로 작품 기획부터 완성까지를
この位置なら看板用のコンセントも	이 위치라면 간판용 콘센트도
会社の人間を使って、もし失敗して	회사 사람을 써서 만약 실패해서
それで培養ポッドに成長ホルモンと	그래서 배양 포드에 성장 호르몬과
それなのに「おばちゃん」だとか、	그런데도「아줌마」라든가、
ま、失敗したらタンパク質に戻して	뭐、실패하면 단백질로 되돌려서
助かるどころか、処分されるだけで	살아나기는커녕 처분될 뿐이고
家族一緒に住めるようになるんだ。	가족이 함께 살 수 있게 된다。
急に世界が広がった気がするから。	갑자기 세계가 넓어진 기분이 드니까
（くわえてたボールが取られた？）	（물고 있던 볼을 빼앗겼다？）
こんなに難しい流派だったなんて！	이렇게 어려운 유파였다니！
風来坊って呼んでくれてもいいぜ。	떠돌이라고 불러도 좋아。
今回の一番人気間違いなしですね。	이번 최고 인기 틀림없겠네요。
相変わらずいい仕事してくれるよ。	여전히 좋은 일 해 주네。
俺の「アルプス星人」どうだった？	내「알프스 성인」어땠어？
それから台本の手直しもしないと。	그리고 대본 손질도 해야 해。
たぶん、あんたの知ってるメガネは	아마 네가 아는 안경은
オイラとよく似た別人でやんすよ！	나랑 꼭 닮은 딴사람입죠！
でも、「やんす」を教えてくれたの	하지만「습죠」를 가르쳐 준 건
今日からマブダチでやんすぅ・・・	오늘부터 절친입죠오・・・
勝つために数をそろえてきたんだ。	이기려고 숫자를 갖춰 온 거다。
なぜキミらに話さねばならんのだ？	왜 너희에게 말해야 하는 거지？
ちょっと下の売り場で暴れて・・・	좀 아래 매장에서 날뛰어서・・・
経営者が興味を持つ「お宝」ねぇ？	경영자가 관심 갖는「보물」이라？
古代の超兵器ってのもなさそうだ。	고대의 초병기 같은 것도 없을 듯。
お前たちにも協力してもらおうか。	너희에게도 협력을 받아 볼까。
部分的に入ることができるんです。	부분적으로 들어갈 수 있습니다。
あたしは楽をしたかっただけなの！	나는 편하고 싶었을 뿐이야！
それでも減る一方の貯金を見てたら	그래도 줄기만 하는 저금을 보면
それで全部、終わりにしましょう。	그걸로 전부 끝으로 합시다。
罪はこれまでも、そしてこれからも	죄는 지금까지도 그리고 앞으로도
どうして俺がこんな生活をしてるか	어째서 내가 이런 생활을 하는지
あるんじゃないかって思っててさ。	있는 게 아닐까 생각해서 말이야。
それに、公演は都会でやらないと。	게다가 공연은 도시에서 해야 해。
こんな町でやっても客が来ないよ。	이런 동네에서 해도 손님이 안 와。
ここでやるのはムリかもしれないが	여기서 하는 건 무리일지도 모르지만
・・・商店街のみんなも巻き込めば	・・・상점가 사람들도 끌어들이면
食事とかは自分でなんとかしてね。	식사 같은 건 알아서 해결해。
私物は自分の部屋にだけ置くこと。	사물은 자기 방에만 둘 것。
なにがあっても、２階の奥の部屋と	무슨 일이 있어도 ２층 안쪽 방과
今はバカで泣き虫でいじめられっ子	지금은 바보고 울보고 왕따지만
日本の、いや世界のどこにいようと	일본의、아니 세계 어디에 있든
２階の奥の部屋ってなんなんだろ？	２층 안쪽 방이란 뭘까？
１０台以上はあったみたいだけど。	１０대 이상은 있었던 것 같은데。
ネットで株の取り引きやってるの。	인터넷으로 주식 거래를 하고 있어。
でも商店街のみんなには秘密だよ。	하지만 상점가 사람들에겐 비밀이야。
モニターが見当たらなかったけど？	모니터가 안 보였는데？
１台だけのモニターをつなぎ直して	１대뿐인 모니터를 다시 연결해서
一枚選ぶだけで試合は進むんだが、	한 장 고르면 시합은 진행되지만、
重ならなければ三振してしまうぞ。	겹치지 않으면 삼진당하고 만다。
押しながら、十字ボタンで見れる。	누르면서 십자 버튼으로 볼 수 있다
そこで相手の多くのカードを打てる	거기서 상대 카드를 많이 칠 수 있
大きければ、打ち取る事もできる。	크면 잡아낼 수도 있다。
画面では、横長で表示されているが	화면에서는 가로로 길게 표시되지만
これもカードなので勘違いするな。	이것도 카드니까 착각하지 마라。
これが多いほど、いい結果になる。	이게 많을수록 좋은 결과가 된다。
なんなら、やめてやってもいいぜ。	뭣하면 그만둬 줘도 좋아。
スマートだ、スマートに行こうぜ。	스마트하게、스마트하게 가자고。
勝負は野球で決めようじゃないか。	승부는 야구로 정하자고。
と野球で勝負することになった！）	와 야구로 승부하게 되었다！）
気を良くし、商店街を野球テーマで	기분 좋아져서 상점가를 야구 테마로
草野球のチームがいくら勝ったって	동네 야구팀이 아무리 이겨봤자
まあ、ダチョウを借りてくるよりは	뭐、타조를 빌려 오는 것보다는
いきなり話しかけられたぐらいで、	갑자기 말 걸린 정도로、
こんなに動揺しちまうとはなぁ。）	이렇게 동요해 버리다니。）
写真は、まちがいなくアレだった。	사진은 틀림없이 그거였다。
当時、俺は野球部のマネージャーと	당시 나는 야구부 매니저와
よく気のつく、カワイイ子だった。	눈치 빠르고 귀여운 애였다。
・・・それで泳げるようになろうと	・・・그래서 헤엄칠 수 있게 되려고
あっさり乗り換えるなんてアリか？	선뜻 갈아타다니 그게 되냐？
泳げなかったことが原因じゃなくて	헤엄 못 친 게 원인이 아니라
行動に問題があったんじゃないか？	행동에 문제가 있었던 거 아냐？
気づいてくれたかもしれないのに。	눈치채 줬을지도 모르는데。
ひっこみがつかなくなったんだよ！	물러설 수 없게 돼버렸다고！
だが、いつまでたっても泳げない。	하지만 아무리 지나도 못 헤엄친다。
うん、	응、
すごい！	대단해！
がんばれ！	힘내！
また明日。	내일 봐
まかせろ！	맡겨！
さて、今日の配達	자、오늘의 배달
ああ~。	아아～。
カレー大盛	카레 곱빼기
おう、配達	오냐、배달
待って。	기다려。
なるほどね。	그렇군。
それで？	그래서？
やめて！	그만해！
がんばろう。	힘내자。
がんばって！	힘내！
よろしくね。	잘 부탁해。
ありがとね。	고마워。
だいじょうぶ？	괜찮아？
心配ないよ。	걱정 마。
すごいな。	대단하네。
かわいい！	귀여워！
おいしい！	맛있어！
おなかすいた。	배고파。
つかれた～。	피곤해～。
ねむい。	졸려。
さむい！	추워！
あつい！	더워！
いこう！	가자！
いくよ！	간다！
まってて。	기다려。
はやく！	빨리！
おそいよ。	늦었잖아。
できた！	됐다！
まけない！	안 져！
かった！	이겼다！
まけた・・・	졌다・・・
ざんねん。	아쉽네。
おしい！	아깝다！
つぎこそ！	다음엔！
もういちど！	한 번 더！
そのとおり！	맞아！
ちがうよ。	아니야。
そうかも。	그럴지도。
きっとね。	분명히。
いいよ！	좋아！
だめだよ。	안 돼。
やめとく。	관둘래。
こまったな。	곤란한걸。
なんでだ？	왜지？
だれ？	누구？
どこ？	어디？
いつ？	언제？
なぜ？	왜？
ほんとに？	진짜？
まじで？	진짜로？
うそでしょ？	거짓말이지？
しんじられない！	못 믿겠어！
びっくりした！	깜짝이야！
おどろいた。	놀랐어。
こわい～。	무서워～。
たすけて！	도와줘！
にげろ！	도망쳐！
きをつけて。	조심해。
だいじょうぶだよ。	괜찮아。
まかせて！	맡겨줘！
がんばるよ。	힘낼게。
やってみる。	해볼게。
できるかな。	될까。
むずかしい。	어렵네。
かんたんだよ。	쉬워。
なるほど！	그렇군！
わかったぞ！	알았다！
そうきたか。	그렇게 나오나。
まいったな。	난감하네。
しかたない。	어쩔 수 없지。
やれやれ。	나 원 참。
まったく。	정말이지。
ふざけるな！	까불지 마！
だまれ！	닥쳐！
ほっとけ。	내버려 둬。
かえる。	갈래。
かえろう。	돌아가자。
ただいま！	다녀왔어！
いってきます。	다녀올게。
いってらっしゃい。	잘 다녀와。
おはよう！	좋은 아침！
こんばんは。	안녕하세요。
バイバイ。	잘 가。
じゃあね！	잘 가！
何してるんだ？	뭐 하는 거야？
まかせておけ。	맡겨 둬。
やめておこう。	그만두자。
どういうこと？	무슨 소리야？
そんなの無理だよ。	그런 건 무리야。
なるほどな。	그렇군。
それは困る。	그건 곤란해。
早くしろ。	빨리 해。
落ち着け。	진정해。
うそつき！	거짓말쟁이！
ひどい！	너무해！
やったね！	해냈네！
ありがとうな。	고마워。
たのむよ。	부탁할게。
まいったなあ。	난감하네。
そういうことか。	그런 거구나。
知らなかった。	몰랐어。
気をつけろよ。	조심해。
また来るよ。	또 올게。
行ってきます。	다녀오겠습니다。
おかえりなさい。	어서 오세요。
みんなの練習を見	모두의 연습을 봐
そんなことないよ。	그렇지 않아。
どうしたの、急に。	왜 그래、갑자기。
すぐ戻るから。	금방 올게。
どうかな。	글쎄。
本当にありがとう。	정말 고마워。
また会えるよね？	또 만날 수 있지？
うれしいな。	기쁘네。
がんばってね。	힘내。
やっと終わった。	드디어 끝났다。
ちょっと休もう。	좀 쉬자。
おなかいっぱい。	배불러。
おいしかった！	맛있었어！
また明日ね。	또 내일 봐。
気をつけてね。	조심해。
ゆっくり休んで。	푹 쉬어。
無理しないで。	무리하지 마。
だいじょうぶだって。	괜찮다니까。
心配しないで。	걱정 마。
まかせておいて。	맡겨둬。
やってみるよ。	해볼게。
できると思う。	될 것 같아。
たぶん大丈夫。	아마 괜찮아。
たしかにね。	하긴。
そうかもね。	그럴지도。
まさかね。	설마。
ありえない！	말도 안 돼！
すごすぎる！	너무 대단해！
信じられない。	못 믿겠어。
びっくりだよ。	깜짝 놀랐어。
うそでしょ。	거짓말이지。
ほんとかよ。	진짜냐。
まいったね。	졌네。
こまったなあ。	곤란하네。
しかたないか。	어쩔 수 없나。
やれやれだね。	나 원 참。
つかれたよ。	피곤해。
ねむいなあ。	졸리네。
おなかへった。	배고파。
のどかわいた。	목말라。
あついなあ。	덥네。
さむいなあ。	춥네。
そのかわり、俺が見	대신、내가 봐
もっと腹の底から声	더 뱃속에서 소리를
どうしたの、いったい。	대체 무슨 일이야。
なんでもないよ。	아무것도 아냐。
そういうこともある。	그럴 때도 있지。
まあ、落ち着けよ。	자、진정해。
それは秘密だよ。	그건 비밀이야。
言えないなあ。	말 못 하겠는데。
どうかしたのか？	무슨 일 있어？
気のせいかな。	기분 탓인가。
そんな気がする。	그런 느낌이 들어。
やってみようか。	해볼까。
その調子だ！	그거야！
いい感じだね。	느낌 좋네。
うまくいったね。	잘 됐네。
つぎいこう。	다음 가자。
もう一回！	한 번 더！
まだまだだね。	아직 멀었네。
がんばったね。	잘했어。
また今度ね。	다음에 또。
そろそろ行くよ。	슬슬 갈게。
待たせたね。	기다리게 했네。
急ごう！	서두르자！
間に合った！	제때 왔다！
遅れちゃった。	늦어버렸어。
ごめん、遅れた。	미안、늦었어。
大丈夫だった？	괜찮았어？
問題ないよ。	문제없어。
まかせなさい。	맡겨둬。
心配いらないよ。	걱정할 것 없어。
きっと大丈夫。	분명 괜찮아。
うまくいくよ。	잘 될 거야。
信じてるから。	믿고 있으니까。
応援してるよ。	응원할게。
「先着３名様に店長新作	「선착순 3분께 점장 신작
やめときなよ。	관두는 게 좋아。
気にすんな。	신경 쓰지 마。
そういうもんだよ。	그런 거야。
まかせとけって。	맡겨두라니까。
どうってことない。	별거 아냐。
そんなもんかな。	그런 건가。
まあ、そのうちね。	뭐、언젠가는。
また誘ってよ。	또 불러줘。
楽しみにしてる。	기대할게。
ほんとにいいの？	정말 괜찮아？
遠慮しないで。	사양 말고。
おいしそう！	맛있겠다！
すごい人だね。	사람 많네。
にぎやかだね。	북적이네。
きれいだね。	예쁘네。
たのしいね。	즐겁네。
また来ようね。	또 오자。
あれえ、風来坊	어라、떠돌이
そういうことだ。	그런 거야。
まあ、そうなるな。	뭐、그렇게 되지。
だと思ったよ。	그럴 줄 알았어。
やっぱりそうか。	역시 그런가。
それは名案だ。	그거 좋은 생각이야。
なんてことだ。	이럴 수가。
どうしたものか。	어쩐다。
仕方ないか。	어쩔 수 없나。
それもそうか。	그것도 그런가。
考えとくよ。	생각해 볼게。
やめとこう。	관두자。
そうしよう。	그렇게 하자。
決まりだね。	결정이네。
いい考えだ。	좋은 생각이야。
その手があったか。	그런 수가 있었군。
たいしたもんだ。	대단한걸。
まさかの展開だ。	뜻밖의 전개야。
運がよかった。	운이 좋았어。
ついてないな。	운이 없네。
今日はやめだ。	오늘은 그만이야。
また明日やろう。	내일 또 하자。
おやすみなさい。	안녕히 주무세요。
まってるよ。	기다릴게。
さようなら。	잘 가。
そうこなくちゃ。	그래야지。
話が早いね。	말이 통하네。
だと思った。	그럴 줄 알았어。
なんて日だ。	무슨 날이 이래。
まいったよ。	졌다 졌어。
どうにかなるさ。	어떻게든 되겠지。
やるしかない。	할 수밖에 없어。
腹をくくろう。	각오를 다지자。
気合を入れろ。	기합 넣어。
落ち着いて。	진정해。
あわてるな。	당황하지 마。
よく見ろよ。	잘 봐。
ここが勝負だ。	여기가 승부야。
いくぞ、みんな！	간다、다들！
まかせろって。	맡기라니까。
心配ないさ。	걱정 없어。
きっと勝てる。	분명 이겨。
あきらめるな。	포기 마。
最後までやろう。	끝까지 하자。
ナイスプレー！	나이스 플레이！
やったな！	해냈구나！
おしかった！	아까웠어！
ドンマイ！	괜찮아！
つぎだ、つぎ！	다음이야、다음！
切り替えろ。	마음 다잡아。
その意気だ。	그 기세야。
まだいける。	아직 할 수 있어。
うん、わかった。	응、알았어。
ほんとうに？	정말로？
どうだろう。	글쎄。
きっとそうだ。	분명 그래。
それはない。	그건 아니야。
ありえないよ。	말도 안 돼。
まあまあだね。	그럭저럭이네。
ぼちぼちだよ。	그저 그래。
最高だね！	최고야！
最悪だ。	최악이야。
びみょうだね。	애매하네。
ふつうかな。	보통인가。
悪くないね。	나쁘지 않네。
いい感じだ。	느낌 좋아。
その調子！	그거야！
やるじゃん。	제법인데。
さすがだね。	역시야。
まけないぞ。	안 질 거야。
もういっちょ！	한 판 더！
休憩しよう。	쉬자。
つづけよう。	계속하자。
はじめよう。	시작하자。
おわりにしよう。	끝내자。
おうえんしてる。	응원할게。
たのしみだね。	기대되네。
やった、大吉	해냈다、대길
今、脚本を役者に	지금、각본을 배우한테
持ち主は、保険	주인은、보험
どうしたもんか。	어쩐다。
それが問題だ。	그게 문제야。
どうにかしよう。	어떻게든 하자。
なんとかなる。	어떻게든 돼。
やるしかないな。	할 수밖에 없네。
覚悟を決めた。	각오를 정했어。
準備はいいか？	준비됐어？
いつでもいいぞ。	언제든 좋아。
そろそろだな。	슬슬이네。
時間がないぞ。	시간이 없어。
急がないと。	서둘러야 해。
まだ間に合う。	아직 늦지 않았어。
落ち着いていこう。	침착하게 가자。
慎重にな。	신중하게。
無理は禁物だ。	무리는 금물이야。
油断するなよ。	방심하지 마。
集中しろ。	집중해。
気を抜くな。	긴장 늦추지 마。
ここが正念場だ。	여기가 고비야。
勝負どころだ。	승부처야。
チャンスだ！	기회다！
今だ、いけ！	지금이야、가！
決めてやる！	끝내주겠어！
やってやる！	해내고 말겠어！
まだ終わらん。	아직 안 끝났어。
最後まで諦めるな。	끝까지 포기하지 마。
（あー、こりゃまずいな・・・）	（아～、이거 곤란한데・・・）
どうだか。	글쎄다。
まったくだ。	정말이야。
そりゃそうだ。	그야 그렇지。
言われてみれば。	듣고 보니。
なるほどなあ。	그렇구나。
わからんな。	모르겠네。
むずかしいな。	어렵네。
かんたんさ。	간단해。
おもしろい。	재밌어。
つまらない。	재미없어。
くだらない。	시시해。
すばらしい！	훌륭해！
みごとだ！	멋지다！
おみごと！	훌륭해！
やるもんだね。	제법이네。
まけたよ。	졌어。
かったぞ！	이겼다！
ひきわけか。	무승부인가。
おしかったね。	아까웠어。
つぎがある。	다음이 있어。
元気だせよ。	기운 내。
なきごとはよせ。	우는소리 하지 마。
まえをむけ。	앞을 봐。
やりなおそう。	다시 하자。
いちからだ。	처음부터야。
まだやれる。	아직 돼。
あきらめない。	포기 안 해。
かならず勝つ。	반드시 이겨。
みてろよ。	두고 봐。
やってやるさ。	해내고 말겠어。
これからだ。	이제부터야。
（無口で怪しい外見	（과묵하고 수상한 외모
いやあ～、たまたま昨	이야～、우연히 어제
ああ、今回も自信作	아、이번에도 자신작
どうでもいい。	아무래도 좋아。
まかせろよ。	맡겨。
むりだよ。	무리야。
そのとおり。	맞아。
だめだね。	안 되겠네。
わるくない。	나쁘지 않아。
まあまあだ。	그럭저럭이야。
さいこう！	최고야！
つぎだ！	다음이야！
まけるな！	지지 마！
おちつけ！	진정해！
いそげ！	서둘러！
よくやった！	잘했어！
すごいぞ！	대단해！
そのちょうし！	그 기세！
まだいける！	아직 돼！
あきらめるな！	포기하지 마！
まさかな。	설마。
そうだろうな。	그렇겠지。
やっぱりか。	역시인가。
そういうこと。	그런 거야。
かんたんだ。	간단해。
つまらん。	재미없어。
くだらん。	시시해。
みごとだ。	멋지다。
やるな。	제법인데。
かったな。	이겼네。
おしいな。	아깝네。
つぎだな。	다음이네。
まけるな。	지지 마。
がんばれよ。	힘내。
おちつけ。	진정해。
いそげよ。	서둘러。
すごいぞ。	대단해。
そのちょうし。	그 기세。
きをつけろ。	조심해。
まかせろ。	맡겨。
この美しい肉体を見	이 아름다운 육체를 봐
・・・イヤになるほど見	・・・질리도록 봤어
だろ、今回も自信作	그렇지、이번에도 자신작
しかも、いくら公演でもうかったとしてもオレ達	게다가 공연으로 아무리 벌어도 우리는
今までいいように扱っておいて、飽	여태 좋을 대로 다뤄놓고 질
いや、あきらかに金銭感覚が一般	아니、분명 금전감각이 일반
あの外に書いてあった、店長新作	저 밖에 적혀 있던 점장 신작
・・・やつらは霊体にも鼻が利	・・・그것들은 영체에도 코가 밝
ど、どうしたんだ、そんな大声	무、무슨 일이야 그렇게 큰 소리로
お前は、そんな生ける芸術作	너는 그런 살아 있는 예술작
減らず口はいいから早く配達	말대꾸는 됐으니 얼른 배달
・・・ふむ、悪霊ではなく	・・・흠、악령이 아니라
・・・とりあえず、風来坊	・・・일단 떠돌이
そういえば、休日のお昼過	그러고 보니 휴일 낮 지나
頼んでおいて人使いが荒過	부탁해놓고 사람을 막 부려
気持ちはわかるが、言い過	마음은 알겠지만 말이 지나쳐
いろんな事がわざとらし過	여러 가지가 너무 부자연스러
しかし、あきらかに食べ過	근데 대놓고 너무 많이 먹어
あれは水でもどして市販	그건 물에 불려서 시판
ま、クリスマスの夜を過	뭐、크리스마스 밤을 보내
自信を持って、自分で作	자신을 갖고 직접 만들어
じゃ、じゃあ、わたし達	그、그럼 우리는
じゃあ、もっと静かに声	그럼 좀 더 조용히 목소리
（店内が静かだから小声	（가게가 조용하니 작은 소리로
（クリスマスを楽しく過	（크리스마스를 즐겁게 보내
・・・・・大丈夫か？	・・・・・괜찮아？
止めるのに協力を要請	막는 데 협력을 요청
店長、大丈夫ですか？	점장님、괜찮으세요？
それと、商店街の回覧	그리고 상점가 회람
・・・まったく・・・	・・・정말이지・・・
こうやってお腹から声	이렇게 배에서 소리를
あれ、非常用電源が作	어라、비상 전원이 작
いいからいれるんだ！	됐으니까 넣어！
それはちょっとやり過	그건 좀 지나쳐
ディスクは、あなた達	디스크는 당신들
（・・・３時間経過	（・・・３시간 경과
（・・・２時間経過	（・・・２시간 경과
クリスマスの夜を過	크리스마스 밤을 보내
演出も、みんなで作	연출도 다 같이 만들
そうだね、素直な作	그렇네、솔직한 작
誰も意識なんか略奪	아무도 의식 따위 약탈
俺は自分で未来を作	난 스스로 미래를 만들
僕、もうそれに飽	나 이제 그거에 질
・・・君の体は精	・・・네 몸은 정
じゃあ、情報操作	그럼 정보 조작
（こんな奴を一瞬	（이런 놈을 한순간
・・・いや、一般	・・・아니 일반
お礼にお弁当を作	답례로 도시락을 만들
よし、今日の配達	좋아、오늘 배달
基礎練習にも発声	기초 연습에도 발성
宣伝とチケット販	홍보와 티켓 판
じゃあ、次は発声	그럼 다음은 발성
あれ、フグ太郎？	어라、복어타로？
カニカニカニ。	게 게 게。
ところが、この聖	그런데 이 성
俺から意識を略奪	나한테서 의식을 약탈
それはね、服を作	그건 말이야 옷을 만들
し、しっかりし過	너、너무 야무져
はい、到着～	네、도착～
ふふ、日頃の精	후후、평소의 정
ほら、無駄口叩	자、쓸데없는 말 말고
主人を事故で亡	남편을 사고로 잃
人間としての過	인간으로서의 과
あはは、考え過	아하하、너무 생각이 많
あはは、風来坊	아하하、떠돌이
いつもは無駄遣	평소엔 낭비를
けど、だいぶ作	근데 꽤 만들
えっとね、誤作	그러니까 오작
じゃあ、ご飯作	그럼 밥 만들
持ってたら便利	갖고 있으면 편리
気付かない人達	못 알아채는 사람들
やっぱり食べ過	역시 너무 많이 먹
ちょっと食べ過	좀 너무 많이 먹
それははじけ過	그건 너무 튀어
ああ、たぶん准	아、아마 준
今度はアレを作	이번엔 저걸 만들
・・・君の作	・・・네가 만든
自分の守備範	자기 수비 범
ええ、腕を叩	네、팔을 두드
おい、キミ達	야、자네들
ねえ、風来坊	있잖아 떠돌이
商店街の会議	상점가 회의
・・・風来坊	・・・떠돌이
なるほど、聖	과연、성
商店街の人達	상점가 사람들
（商店街を盛	（상점가를 북돋
ジを数える。	지를 센다。
・・・全部脱	・・・전부 벗
そういう人達	그런 사람들
お前の行動範	네 행동 범
ご主人を亡	남편을 잃
そんなに肩	그렇게 어깨
ううう、精	으으、정
あ、風来坊	아、떠돌이
今日も配達	오늘도 배달
わたしは吉	나는 길
お米の配達	쌀 배달
こちらの誠	이쪽의 성
あれは市販	저건 시판
まあ、俺達	뭐、우리는
本当に友達	정말 친구
案外、私達	의외로 우리
や、やり過	너、너무 심하
それは君達	그건 자네들
おお、吉	오오、길
おい、坊	야、꼬마
いや上達	아니 실력이
主人を亡	남편을 잃
あ？十軒	어？１０집
熱い男達	뜨거운 남자들
店長新作	점장 신작
お、大吉	오、대길
いい肩	좋은 어깨
盗賊聖	도적 성
貴方達	당신들
略奪	약탈
・・・末吉	・・・말길
機嫌の悪い維織	기분 나쁜 이오리
ミルキー通り	밀키 거리
映画館	영화관
スポーツ観戦	스포츠 관전
何も起こらなかった。	아무 일도 없었다。
無視する。	무시한다。
やめておく。	그만둔다。
古本屋へ行く	헌책방에 간다
何をどう見て、その結論に達するんだ	뭘 어떻게 보면 그런 결론이 나와
何やってんだいこんなところで	이런 데서 뭐 하는 거야
すごく安くしてくれるんだって	엄청 싸게 해준다니까
