id	occ	max	prev	jp	next	ko
L687164c747	7	19	（	しいに行こうかな）	し	
L6529a4769a	2	19	（じゃあ、次！）	（あいうえおいうえおあうえお	いったいなんだ？	
Lb4527ee603	2	19	三浦のシナリオテスト。	く映画館ＳＰ	三浦のシナリオテスト。	
L534dd53684	1	19	お前の事情はよく判った。	お前はやっぱり野球をやるべきだ。	だが、俺は・・・	
L7b3c7e208f	1	19	そんなに緊張してたら、	明日の本番初日はどうなるんだよ。	（	
Lbc141d2c69	1	19	は帰ってから	もう一度脚本を読み返しておいて。	以上です。	
L592131c95b	1	19	練習で演じ方いろいろ試してるんだよ。	しかも今回は演出までやってるから	すごく大変なんじゃないかな。	
L426aabefbc	1	19	おれ、今からそこの公園で	自主練習しようかと思うんだけど。	さんもどう？	
L1ce6fe2959	1	19	みんなもそうだろ！	ま、まぁ、このままじっとしてても	どうなるもんでもないしな。	
L9888295ebe	1	19	そうだ！	いつもやってるエチュード形式で、	みんなで作っていけばどうかな。	
L58c6b180f1	1	19	朝はすぐに学校に行くし、	夜はさっさと部屋に閉じこもるし。	いったい、どうしたんだろう？	
L6d740b8062	1	19	いったい、どうしたんだろう？	・・・今日はお父さんが留守だから	直接聞いてみよう。	
L4b7e2faf73	1	19	お母さんと並んで飾ってあるでしょ。	それにほら、ちゃんとこの箱の中に	あたしの骨が・・・	
L64c5b3ccb5	1	19	たぶん、あたしが戻ってきたから	気づかない振りをしてただけかも。	でも最近、お父さんはあたしのことが	
L99c932bb45	1	19	よく見えてないみたいなの。	そのうちに、あたしはいないことに	なってしまうんだわ。	
L715993a6f6	1	19	あたし恐い！	このまま消えてしまうのが恐いの！	よし、わかった。	
L427bd3b99e	1	19	まで	変な目で見られることになるのよ。	変な目で見られても、	
Lb29bc401bd	1	19	ええと、まあ・・・	商店街の野球チームが強くなれば、	商店街にも少しは活気が戻るかと・・・	
La98b8f655d	1	19	あてのない旅でしたからね。	ひとつ、深入りするのもいいかと。	・・・あきれた。	
L6b482f9ea9	1	19	景気がいいとは言えないけれど、	あちこち探してみればどうかしら。	きっといい仕事が見つかると思うの。	
L7ac9af4786	1	19	は	基本的に車両乗り入れ禁止ですよ。	ならば	
L42e9537e31	1	19	では、我が力が必要と？	ならば、この地のために努力せん。	「努力せん」？	
L9856dc10db	1	19	必要な声の出し方を練習するの。	それから活舌（かつぜつ）練習ね。	官藤	
L8d67cd723b	1	19	声を発射する感じよ。	最初は全然わからないと思うけど、	続けてやっていれば	
La0ee034cd2	1	19	野田	の家でゲームするんだけど、どう？	ごめん、この後バイト入れてんだ。	
L538c2adae5	1	19	って、そんなことより？！	・・・・俺の目がおかしいのかな？	貴子	
L01685d864f	1	19	そろそろ、神様のくれたロスタイムも	終わりに近づいてきたみたい・・・	・・・！	
L0dfd773037	1	19	気にするな！	明日からまた真面目にやればいい！	・・・ん、どうした？	
Lade9023ad8	1	19	・・・・・・・・・・・。	こいつは、お前がこの店に来る前に	亡くなったから、知らないだろうけど	
L36c2e47c87	1	19	亡くなったから、知らないだろうけど	ずいぶんかわいい子だったんだぞ。	・・・知ってますよ。	
La33f147f7d	1	19	この子のために泣いてくれるのか？	会ったこともないこの子のために？	俺は知ってるんですよ・・・	
L9a82bce963	1	19	貴子	も、きっと喜んでくれるだろうよ。	・・・お父さん。	
L8fc7e786f7	1	19	あんた、この子と知り合い？	だったら引き取ってくれないかな。	あぁ、	
Leb3370227c	1	19	は目玉イベントなんだよ。	これから盛り上がるっていう時に。	別の入ってくれる人探さないと。	
L1f7a4fc173	1	19	ちゃん、少し体起こして。	このスポーツドリンクを飲むんだ。	（ゴク、ゴク・・・）	
L517db14927	1	19	でも、劇団ってお金かかるし、	それに夢を叶えるには続けないと。	わたしからお芝居取ったら	
L9eb161d0b7	1	19	身体を壊したら芝居どころじゃないよ。	今日はゆっくり休んだほうがいい。	・・・うん。	
Le492789966	1	19	勘弁してほしい所ですけどね。	・・・そのうちに人間じゃないのが	入ってきたりして。	
La4e2368454	1	19	おおっ、すごいでやんす！	すごい完成度の着ぐるみでやんす！	あんまり強そうなデザインじゃない	
Le48bdc1430	1	19	すごい完成度の着ぐるみでやんす！	あんまり強そうなデザインじゃない	でやんすけど。	
L3931136928	1	19	なあ、カニ君。	商店街のイベントのイメージキャラ	になる気はないかね？	
L085d914e4e	1	19	になる気はないかね？	もしよければ、カニの季節にでも。	フッ、悪いが俺は	
L1132586cc6	1	19	最強の戦士！	そのようなバイトなど、それなりに	高い時給でないとやらないカニ！	
Lcac1e6ccfc	1	19	下見に来たのだカニ！	野球なんてするヒマはないのカニ！	・・・・・・えっ、野球・・・？	
Lce8d148912	1	19	オレは絶対に反対だ！	こんなのは、うちの劇団じゃない！	やるっていうなら	
Le3f420a56e	1	19	くんごめん。	わたしは、どうしてもやりたいの。	公演まで残り時間は少ないけど	
Le82c946428	1	19	いや、あんたのスピリッツに	神様がきっと答えてくれたんだよ。	おやじ！	
L275e2a3425	1	19	定価１５０円のこれが	どうして３０００円なんでやんす！	だって、相場じゃこの値段なんだろ？	
L6001b12a60	1	19	まあ、それでもいっぱい	昔のおもちゃが手に入ったんだろ？	場所はわかったんだし、	
L5e4d73505d	1	19	北極支店に飛ばされることになった。）	（やけをおこした支店長は・・・）	えーっ、北極支店？	
L1be4cc198b	1	19	なるほど、本でしたか！	ほほう、なかなか歴史のありそうな	威圧感を感じる書物ですね。	
Lc505588cb6	1	19	その中の「汝、盗みを働くべからず」	の否定を示すＮＯＴが抜けておる。	つまり、「汝、盗むべし」と	
L16cc7737f8	1	19	当時の教会の力を見くびってはいかん。	教会の威信をゆるがすものとして、	出版関係者は全員処刑され、この本も	
Lcad97113f0	1	19	これでお前を処分しなかったら、	グループ全体へのしめしがつかん。	・・・・・・・・・・そ、そんな。	
L53ce723415	1	19	お笑いだ。	お宝ってのは、ただの誤植本かよ！	笑い事じゃない！	
Ld6a24b9631	1	19	滅茶苦茶にしてやる。	どうせ、私のものにはならんのだ！	・・・ふーん。	
L55de8c7fca	1	19	さん。	また捨てられてる本を見つけたよ。	いよし、任せろ。	
Lafb2597be8	1	19	資源の有効活用だよ？	捨てられた本が泣いてるでやんす！	いうっ、そう言われたら・・・	
L05b9e3b59b	1	19	一応、査定はしてみたんだけど。	なんかどれもこれもボロボロだから	買い取れないよ。	
L56347f617b	1	19	「ワンプース」は一冊でも	大手古本チェーン店なら250円で	買い取ってくれるはずでやんす！	
L2a4133f00e	1	19	そうか、しかたがないな。	・・・これなんか、前に読んだけど	いい本なんだけどなぁ。	
L9c25eb9deb	1	19	さん。	いったい、何を考えてるんですか！	いや、資源の有効活用を・・・	
L630fde648a	1	19	ええっ？！	オイラ、まだ遊び盛りでやんすー！	いいえ、もうわが家の立派な	
L03a993c1d7	1	19	あなたが大人になるまで、	母さんが預からせていただきます。	・・・よろしいですね。	
Lbfa343c468	1	19	（・・・またケータイ電話、アラーム	付きの腕時計など音の出るものは、	音の出ない状態にしていただきますよう	
L85152222d5	1	19	かもしれないけど、	見られてること意識してやること。	よし、まかせろ！	
Lc1f816104a	1	19	戻って来れなくなるからな。	そんなことより、今日はすごい人が	観に来てくれてたんだ。	
L6e426f1ad4	1	19	あの、わたし達のお芝居どうでした！	そうだね、素直な作りでよかった。	ありがとうございます。	
L7b4c36c6c7	1	19	みんな忘れてるんだろうな。	・・・たった３日しか練習してない	素人の演技が「良かった」だって？	
L2c31972b14	1	19	・・・たった３日しか練習してない	素人の演技が「良かった」だって？	まあ、あの２人はいいや。	
Lf00600594e	1	19	ダチョウ牧場と契約して、	イベント用に何羽か借りたんだよ。	ダチョウに	
Lf35dfcf528	1	19	先生～、なにか心配事？	ダチョウはキックが強力だからね。	万が一、お客さんにケガでもさせたら	
L311b9e6943	1	19	万が一、お客さんにケガでもさせたら	商店街のイメージが一気に悪くなる	じゃないか。	
Lf84e8be121	1	19	しかも、逃げたダチョウが	どこかで事件でも起こしたら・・・	ああ、想像するだけでも大変なことに！	
L9ac1af6f8b	1	19	それよりも、とっととダチョウを	捕まえた方がいいんじゃないのか？	ああ、道路の先の方に	
L05408e99bf	1	19	ダチョウでダチョウを追いかけて	ダチョウでダチョウを捕まえるの？	ええい、ややこしい。	
L41d879bc96	1	19	警察に怒られてしまって、	イベントは中止になっちゃったよ。	牧場への支払いに、ビラやチラシまで	
L2347db95dd	1	19	大神	の研究所のデータは、こっちだよ。	あ、不自然に見えるものには触らないで。	
L5bc7a19aef	1	19	いきなりやられるところだった。	あれは市販のワクチンソフトだよ。	警報が出るか、追い出されるだけ。	
Lfa67542d59	1	19	あれは市販のワクチンソフトだよ。	警報が出るか、追い出されるだけ。	ということは、この先	
Ldb0cb54941	1	19	そうか、これはプログラムじゃなくて	あたしの脳の心理トラップなんだ！	なんだそれは？	
L45fc6f8547	1	19	の重役の顔を覚えられないんだ。	写真を見ても５分後には忘れてる。	万が一、サイボーグが反逆しても	
Ld0c9325f7a	1	19	周囲の雰囲気が変わった！	やば、セキュリティに見つかった。	こうなったら、ぎりぎりまで！	
L8c33ad4b51	1	19	お、おれはこいつに	おまえがどれだけ迷惑がってるか、	教えてやってるんだ。	
Le0aa33ebb3	1	19	だ、誰だよ？	まさかこいつじゃないだろうな！？	・・・この人よ。	
L16755d607e	1	19	同じことするの？	あんた役者で食っていくんでしょ。	こんな事で逃げるくらいなら	
Ld63eb8ff83	1	19	もったいないんだよ！	おまえらも、くだらねぇことしてる	暇があったら練習しろよ、練習！	
L61c8076c8a	1	19	、すまん！	俺、今回は舞台立つの無理っぽい。	え、何言ってるの！	
Leef8bd436e	1	19	・・・停電か。	あれ、非常用電源が作動してない！	（パッ！）	
Lad90f2e79a	1	19	開いていたのを見た。	君は・・・サイボーグだったのか？	ああん、バレちゃった～。	
L7d43811ab3	1	19	敵地のコンピュータネットに侵入する	破壊活動用サイボーグだったんだ。	でも、致命的な欠陥が見つかって	
Lfff9873dc3	1	19	情けないけど、コンピュータの進歩に	あたしの性能がついていけないの。	そもそも、ネット操作専門のサイボーグ	
L560c235e82	1	19	そもそも、ネット操作専門のサイボーグ	って発想が失敗だったんだろうね。	だって、サイズが限られる上に	
L28ae9797e2	1	19	そんなの無理、無理！	あっちの防壁は日進月歩だからね。	あ、でもこんなことはできるよ。	
L52028b81c6	1	19	すごいんだか	すごくないんだか微妙な能力だな。	大神	
L62ad65d96a	1	19	それで、最後はもっぱら実験台。	低温や衝撃に、サイボーグの機能が	どれだけ耐えられるかのテストだね。	
Le452f29c29	1	19	でも、さすがにこのままだと	いつか殺される！って思ったから、	仲間と一緒に研究所を逃げ出したの。	
L99078a3d12	1	19	うん、そうだよ。	仲間の一人に記憶を操作できる子が	いたから、この町に架空の	
L7a26aa52a1	1	19	止まらなくなっちゃって。	うん、いろんなものがあふれてくる	みたいな感じなの。	
L1458ca19af	1	19	昨日の反省を生かして、	今日はもっといい公演にするんだ。	あっ、電話。	
L9e9e899047	1	19	突然燃え出したんだ。	じゃ、じゃあ、わたし達の舞台は？	みんな、焼けちまったよ。	
Lcb82128e0f	1	19	ちょっと・・・	火事の原因、不審火みたいなんだ。	その時刻に何をしてたか、警察が	
Lcf248fe9f2	1	19	もう終わりだな。	あんなに時間かけて準備した割には	あっさりしたもんだ。	
L0f1e9eacb8	1	19	わたしたちが、犯人を演じる時	本当に無実の演技なんてしないわ。	お客さんにもわかるように、	
L50bdcff3ff	1	19	わたし、絶対に上に行ってやる！	絶対に・・・・・・・・・・上に。	ちよ	
L2f2a7e5cd8	1	19	この携帯から電話一本で金を振り込める。	その前に、虫を見せてもらおうか。	・・・・・・いいだろう。	
L3d988ad4fc	1	19	地下通路？	ああ、会長があのクソったれな本を	見つけ出した、例の抜け穴か。	
L14cb79b21e	1	19	何にも知らねぇんだよな。	なあ、最後までこのままなのかな？	お前はいったい・・・	
Lbf879ac2c9	1	19	どこかへ去っていく。	詮索するのは野暮ってものでしょ。	ああ、これこそロマンよね！	
Lf40baeb378	1	19	このスイッチを押せば、	全ての虫のケースのフタがひらく。	おい、それじゃあ	
Laab2bf5333	1	19	おい、それじゃあ	私は外に逃げられないじゃないか。	この場所はシェルターになってて	
L6e5f5c257d	1	19	なんなんだ、このトンネルは？	いったい、どこに通じているんだ。	風がないから、行き止まりだな。	
Lb68b32b816	1	19	誰か強そうな人を呼んできて。	あたしはこの入り口を見張ってる。	おいおい、	
L1f5a365023	1	19	もらうことにしたんだ。	自分自身の過去に復讐するんだよ！	・・・・・・・・・。	
Lcbfa68267f	1	19	そうかな。	あんまり服とか本とか買わないから	散らかってないだけかもね。	
L8cd3686d2f	1	19	でも、この本棚・・・	演技論に演出術、それから脚本集。	演劇の本でいっぱいじゃないか。	
Ldc43564899	1	19	・・・・・・・・・。	なんだったら、それ全部あげるよ。	・・・！	
Ld225a93d95	1	19	今日は奮発してみたんだ。	いつもは、ごはんにソースだけとか	マヨネーズ吸うだけとかだもん。	
L63d87adbf2	1	19	恥を捨てることよ。	そんなんじゃ、舞台が心配だな～。	いその勝負、受けた！	
L14740da50c	1	19	この商店街の野球チームが	スーパーのチームに負けたんです。	あの子ったら、その腹いせに	
L3624ef723d	1	19	元プロの連中とか連れてきて。	あんなの草野球じゃないでやんす！	草野球の試合に元プロ？	
Lb4f480bb02	1	19	・・・・・・・・・。	この店に来るまでに、商店街を見て	なにか気づいたことはありませんか？	
Lae318f7030	1	19	なにか気づいたことはありませんか？	そういえば、休日のお昼過ぎなのに	シャッターの閉まってる店が	
Lc772b4908e	1	19	この商店街の野球チーム、	ちょっと前まで強かったんですよ。	それで、それを自慢にしている	
Lee19f60d4e	1	19	がっかりします。	やっぱり、強いところに抵抗しても	かなわないんじゃないかって	
L30f8ad795e	1	19	そうだ、ちょっと打ってみな。	バットの振リ方ぐらいわかるよな？	おおい、	
Lf461955964	1	19	を上げておけよ。	俺たちの練習は厳しいんだからさ。	よし、まかせろ。	
L6ec0de1e00	1	19	おいおい、もう走りに行ったのか？	おーい、ユニフォームを貸すから、	せめて着替えてからにしろ！	
Lb4f1af479b	1	19	うん。	落ち込んでてもしょうがないから。	それにいろんな人からも応援されたし。	
Le9859caccc	1	19	おまえバカか！	こんなのでうまくいく訳ないだろ。	いいように使われて、利用価値が	
Lf220ec472e	1	19	あの・・・	今日はわたし一人だけなんですか？	そうだよ。	
Le3d40665fd	1	19	そんなある日、友達に誘われて、	小さな劇場でお芝居を観たんです。	そうしたらすぐにその世界に	
L64c8d94e67	1	19	わたしもたくさんの人たちに	感動を与えたいって思ったんです。	いいね～その情熱、きてるよぉ。	
La5ef56e647	1	19	目立つことでお金を稼ぐんだ。	そしてより商品価値を上げていく。	ボクはその商品を見極めて、	
L522b076466	1	19	こんなヤツの口車に乗っちゃだめだ。	利用されて、捨てられるだけだぞ。	わたしはそんな事にはならない。	
L6e397a59f3	1	19	・・・わたしをバカにしてるの？	あんたに何がわかるっていうの？！	そうだ、わからない。	
La3dc21f42d	1	19	そうだ、わからない。	今まで一緒の時間を過ごしてきて、	君の事を見てきた。	
Lc1f88bfc16	1	19	消化不良だったから、早く次の公演の	話がしたいってウズウズしてたよ。	そうだね。	
L6fccab367d	1	19	お前なんかこの業界に向いてねぇよ！	この業界はな、悪魔に平気で魂売る	ようなヤツ以外お断りなんだよ！	
Leb00139bfa	1	19	しがない女優は嫌なの。	はっきり言うけど、今のわたしには	あなたはいらない！	
L83cb4a2890	1	19	あなたはいらない！	大切なオーディションの邪魔なの。	悪いけど、帰ってくれない！	
L3974a4ec6c	1	19	おれがあんなヤツを紹介しなけりゃ	こんなことにはならなかったのに。	バカ、泣くんじゃない！	
L461ffb0c3c	1	19	バカ、泣くんじゃない！	・・・こっちまで悲しくなるだろ。	こ	
La7f642231b	1	19	コーヒーでも飲もうかと思ったけど、	飲んでしまったらますます腹が減り	そうだ。	
Lcd9baaba7a	1	19	ああ、わかった。	（喫茶店でのんびり過ごしました）	ぬ	
L80f3469a27	1	19	そうか頑張れ。	なんの役に立つかはわからんけど、	ピエロ	
Lfb4f795e66	1	19	生きていたら、どこで玉乗りが	必要になるかわからないでしょ～。	玉乗りが必要な状況ってのを	
L603a2847d1	1	19	ちょっと体を動かしたくなったから、	筋トレでもしようかなと思ってさ。	そう・・・・・・。	
L0670799b7c	1	19	さつまいもだけじゃなくて、じゃがいも	にも右手があるんだが・・・・・。	しかも、どっちも右手だけ。	
L318f062da7	1	19	どんどん来ていいよ～！	どんな球でも取ってみせるから～！	おう！	
Lb583fbb262	1	19	ちなみに最強はシスター・リョーフ。	彼女は素手で鐘を鳴らしているの。	そのシスター、職業間違ってない？	
L50a26599ae	1	19	謝ったらと言われてもだな、	原因がわからない以上、謝る方法も	わからないんだよ。	
Leaaa786e9e	1	19	まあね。そんな日もあるよ。	だから味わって食べてくださいね。	ご主人様	
L2d8b67f78e	1	19	熱くなってしまったな。	それにシスター・リョーフの強さは	男として憧れるし。	
L84b3fd92e2	1	19	さんは	ボ～クを人扱いしてないでしょ～？	失礼だな～！	
L15d2f94e88	1	19	うん。	業者に運んでもらわない細かい物を	買いに行ってたの。	
Ld6bf8d76ee	1	19	・・・・・・・・。	栄養剤なんか入ってないんだけど、	おかしいなあ？	
Lc4cd953a68	1	19	・・・・・・・・。	何が作用したら、あんな変な感じに	なるんだろう。	
Lc83d733e3e	1	19	抱きしめて。	一緒に行くと言ったら私を見つめて	キスをして。	
L5afcb393a4	1	19	話し方とか性格が変わっちゃってるよ。	人生観を変えるぐらいに強烈な辛さ	だったのかな？	
L7af7d17d92	1	19	だったのかな？	それとも、あの変な草が原因かな？	まあ、いいか。	
L90d20a7731	1	19	そのうち「読み終わったら食べれる本	ない？」とか聞いてくると思うな。	じゃあ、次はいつ来るかわからないな。	
Led933a16c3	1	19	略奪愛。	俺から意識を略奪する気なんだな。	誰も意識なんか略奪しないわよ。	
Le9e83f5fb0	1	19	維織	さんは俺と一緒に居て話すよりも、	電話越しで俺と話した方がいいのかな？	
Ldc180a7208	1	19	チッ！	味なんかわからないと思ったのに、	意外と味にうるさい男だったのね。	
L3198d73405	1	19	味なんかわからないと思ったのに、	意外と味にうるさい男だったのね。	何か言ったか？	
La53a0a44f4	1	19	そうか？	とりあえず替えて欲しいんだけど。	わかりました。	
L86a839f12f	1	19	わかりました。	今度はマスターに淹れてもらいます	・・・・・・	
Lcc5c106189	1	19	それで、あとどれぐらい店を回るんだ？	それだけ買い物しているんだから、	もうほとんど・・・・・・・	
L06500d1047	1	19	（これは正直に答えた方がいいよな。	下手に嘘をついて、好きとか言うと	バレた時に大変な事になるだろうから）	
Le16945cf87	1	19	それにしても早いよ。	これはフンパツしないとダメだね。	おっ！	
L493c391601	1	19	だけなら、それは間違っている。	だからその時が来て、俺がこの街を	出て行く時、	
L6dc604442d	1	19	しっかり考える。	だけど、考えてもどうしたらいいか	わからない時は・・・・・・	
Lbb838a91a9	1	19	好きな物が食べれる。	なんとなくお金持ちっぽいでしょ？	いや、	
Lcf8880657b	1	19	切った後も水とか使うんだし、この傷に	バイ菌とか入ったらどうするのさ。	・・・・・・・・・。	
L20c50af225	1	19	私はここに居る。	だから、気が向いたらここに来て。	今はそれだけでいい。	
L25d4bf9c0d	1	19	ついにこの日がやってきたわけですね。	この日をどれぐらい待ちわびたか！	いや、まだ知り合って半年も経ってない	
L90b671d4e7	1	19	。	あれは間違いなく機嫌が悪いよな。	普段から無口だけど、なんかオーラが	
L28a04f2b96	1	19	俺も何もしてないぞ。	じゃあ、原因は何だよ・・・・・。	・・・・・・・・。	
Lb44533b42d	1	19	俺があんな事をしなければ、	こんな事にはならずに済んだのに。	なんて説明したらいいかわからないけど、	
L0b56f5bca0	1	19	うわあ！本当に言ったよ！	あんなので許してもらえるわけない	じゃん。	
L8cae49d788	1	19	こんな所で何をしているんだ？	というか、あんな格好で恥ずかしく	ないのか？	
La8ea8f1856	1	19	姿からして怪しいから、いまさら態度が	怪しくてもどうって事ないけどな。	と、とりあえず	
Lf4f76b7cf5	1	19	さんなら、離れる方を	選んでも逃げる事はしないと思う。	どんな選択をしても、	
Lf6675abfff	1	19	そうじゃないと、	バッテリーがぁぁぁぁぁぁぁあ！！	（ピーーーーー！）	
L9ee6e826cf	1	19	チームの方ではあんまり君と話さなかった	から、君が知らないのも当然だね。	でも僕は君が来ていた事を知っていたよ。	
L4db1a1e820	1	19	（あのメイドに目がいって、まったく	カウンターに視線が行かなかった）	ゴミが・・・・・。	
L6dcb83c81e	1	19	維織	お嬢様に近づくゴミめ・・・・・。	維織	
L86e237dee1	1	19	ありがとうございます。	しばらくお待ちください。ご主人様	な、なんだこの敗北感は・・・・・。	
Le4b0421217	1	19	そんな変な生き物理解したくないよ。	まあ、望むのは何でもいいけどね。	史上最強でも宇宙最強でも。	
Lab2469b67f	1	19	この間、突然やってきて私に	「包丁の使い方教えて・・・・・」	とか言ってきたから。	
L2cfeb1ea6d	1	19	ん？誰だ？	こんな商店街の真ん中で俺の名前を	大声で叫ぶ奴は？	
L3f5036d40c	1	19	何をしているんだよ？	これがご飯食べてるように見える？	ああ、見えるね！	
Lbd162cc530	1	19	両手にビニール袋を下げてりゃ、	誰が見たって買い物だってわかる。	ねえねえ、	
L337a574d0d	1	19	さん。	いろんな事がわざとらし過ぎるわ！	若者が信じられない？	
L4470d13825	1	19	大丈夫。	その時にはかわいいおばあちゃんに	なるから。	
Lcf168a1c25	1	19	はあ～。一人で食べるのは寂しいなあ～。	誰か買い物に付き合ってくれたら、	奢ってあげてもいいんだけどなあ～。	
L21ec0cabad	1	19	よし！行こう！	あの世界の果てまで買い物をしに！	すぐそこに商店街の端が見えてるよ。	
La5eee62002	1	19	さんが原因なんだから、	自分で何とかしたらいいじゃない！	だから俺かどうかもわかんないって	
L81505c2b8c	1	19	それは俺に対する嫌がらせ？	仕事をしていない俺に言う言葉じゃ	ないよね。	
Lec528aa96c	1	19	なんかの必殺技みたいだ。	さっきまで読んでいた本の影響だと	思うけど、何か不安になる事があるの？	
L6511e995f7	1	19	君は旅をする人。	だから、いつかこの街を出て行く。	その時に私はどうしてる？	
L0c12d395df	1	19	しばらくと言われましても、	それを過ぎてしまうと・・・・・。	あと一年、	
L037dac78d1	1	19	ううん、あと半年でいい。	それまで私を自由にさせておいて。	それが過ぎれば、絶対に帰るから。	
Lf9bc5be215	1	19	それまで私を自由にさせておいて。	それが過ぎれば、絶対に帰るから。	わかりました。	
L1c4a49eca8	1	19	わかりました。	旦那様にそうお伝えしておきます。	いつも・・・・ごめん。	
L1fb9c2b3b5	1	19	本を読んでる時のあの人は、	何を食っているのかすらもわかって	なさそうだしな。	
Lefd56be64e	1	19	凄いらしい。	手首もスッパリいくって言ってた。	やっぱり手料理ぃぃぃぃい！	
L8e520ab83b	1	19	道具も揃った。	そろそろ練習をしていこうと思う。	そ、そう。頑張ってね	
L4a0239e1d3	1	19	さんに夢や希望に満ち溢れた未来	がやってくるわけじゃないけどね。	励ましたいのか、それとも落としたいのか	
Le0c1420b90	1	19	冗談だよ。	感謝の言葉を言ってくれてだけで、	この店でバイトしてて良かったって	
L7f3d3fb956	1	19	感謝の言葉を言ってくれてだけで、	この店でバイトしてて良かったって	思っちゃったよ。	
L4fea0420de	1	19	聞こえてるんでしょ？	返事、もしくはこっちを向こうよ。	・・・・・・・・。	
Le2a671abd1	1	19	適度な運度は健康に良いんだよ。	本ばかり読んでたら健康に悪いよ。	大丈夫。	
L89833a1dd8	1	19	これはパントマイムのれんしゅう～。	叫び声は特に意味はないんだけど、	これを叫ぶとなんとなく気合が	
L44981e7d2b	1	19	まあ、いいや。	そんな事より、それだけ芸の練習を	しているんだったら、サーカス団に	
Ld52554d066	1	19	そんな事より、それだけ芸の練習を	しているんだったら、サーカス団に	戻ればいいじゃないか。	
L52b1306f8a	1	19	手品か？	いや、あれは物凄い速さでボールを	体の周りで移動させているんだ。	
Lae293f9ee6	1	19	（ポテ！ポテ！ポテ！ポテ！）	今度は空中に投げたボールを正確に	自分の手元へ落としている。	
Lc7728c93c3	1	19	自分の手元へ落としている。	あのボールさばきは並じゃないな。	待てよ。	
L76cc57fce9	1	19	。	声をかけただけなのに、なんでだ？	こ	
L93d99f0972	1	19	維織	さん、本に夢中になると二日ぐらい	寝ないで読んでるみたい。	
Le9c97ffd68	1	19	准	が見ているって事はたぶん・・・・	そんなことない・・・・・。	
L029e0af34b	1	19	直さないとダメだあ。	し、しかし、その前にこの目の前の	コロッケを何とかせねば・・・・・）	
Lcac531ac91	1	19	ああ、助けてやるさ。	「頑張れよ」と一言、言ってやる。	えっ？	
L5531c8f58d	1	19	でも、お前にはそれで十分だろ？	そう言ってくれる人がいるだけで、	夢を持ってる人間は前に進む事ができる	
Lcf001132f6	1	19	生まれ変わり？	いや、俺はそんなの信じないけど。	・・・・・・・	
L02eb329bb6	1	19	バナナ？	なんでこんな物が飛んでくるんだ？	さすが男前だね～。	
Lc072afbc7b	1	19	男前って言ってるじゃない。	サルが男前だとは一言も言ってない	けどね。	
L6b2a162663	1	19	メイドを好きになったわけじゃない、	好きな子がメイドだったわけだね。	それの何がアレなんだ？	
Lca6f9d4764	1	19	。お父様に伝えて。	近々、一度戻りますと・・・・・。	かしこまりました。	
La07f146603	1	19	維織	さん、もしかして食べれる物なら、	なんでもいいの？	
L5983f6cde0	1	19	さすがの私でも、もう食べたくない。	だから、これは出さないで欲しい。	ごめん。さすがにこれまで旅して来たけど	
Ld3d135c67c	1	19	ごめん。さすがにこれまで旅して来たけど	そんな物を食材として扱ってる店を	俺は知らない。	
L3efef95e19	1	19	ありがとうございました	お気をつけて行ってらしゃいませ。	ご主人様	
La0e2b1c609	1	19	君へ	この部屋は自由に使ってください。	貴方がこの部屋にいる限り、	
L8d8c00a4f4	1	19	いつか、どこかで貴方ともう一度	出会えたら、その時は・・・・・。	どういう意味だよ	
L420f644ed4	1	19	盗み聞きはメイドの必須スキルよ。	ご主人様の部屋の扉を少し開けて、	偶然を装い聞くのよ。	
Lab9c1757a2	1	19	まあまあ。	コーヒーでも飲んで落ち着きなよ。	すぐに持ってきてあげるからさ。	
Le346b8d4e1	1	19	なんで、謝るの？	なんか凄いこと聞いちゃったなって	顔してない？	
Lec521d89e6	1	19	って、	そんなの効くわけないじゃないか。	そう。	
L5e7b7fbd15	1	19	絶対嘘だ！	こんなの効いてるわけないだろう。	ス～ス～。	
L172a9a5821	1	19	ゲーム？	おお！よくできているじゃないか！	凄いリアルな人がパソコンの中で	
L8c909860d6	1	19	もパソコンとかプログラムとか	言いながらも将来の事を考えている	んだな。	
L46580a6901	1	19	ヤバイヤバイヤバイ！	男の客全員が殺し屋の目をしてる。	絶対死ぬ。	
L8b71bad59f	1	19	ああ、やっぱり君か！	あの時は君のおかげで助かったよ？	はあ？	
Lf1d3853b56	1	19	僕とこのPCは一心同体だからな。	このPCが止まれば僕も止まるし、	僕が動けるならこのPCも動けるのさ。	
L347c25ed4f	1	19	というわけで、	俺は眠いから昼寝の続きをします。	・・・・・・・・・。	
Lfa533ee120	1	19	ピエロ	といいアイツといい、そんな格好で	出歩いて恥ずかしくないのか？	
Lad409d5ad1	1	19	この街に来たみたいに、	いろいろな場所を渡り歩いていた。	今みたいにその街に長居する事も、	
L9719e57b6c	1	19	いろいろな場所を渡り歩いていた。	今みたいにその街に長居する事も、	滅多になかったしね。	
L3d0e5415e5	1	19	お前、紅葉を全否定しただろ。	まあ、すっかりとは言わないけど、	秋に近づいていってるのは確かだな。	
L8294d8ff01	1	19	・・・・・・	あの本はどこから持ってきたんだ？	えっ？	
L83e880efbe	1	19	うっわ～。	ゴーイングマイウエイの極みだな。	だけど、もっと問題なのは、	
L4622b0dd53	1	19	この顔のどこを見て驚くのさ～。	ボ～クの顔はいつ見ても愛らしくて	かわいいのに。	
Lbefa59bc12	1	19	かわいいのに。	いつ見ても、心臓が止まりそうだ。	そんな事より、どうしたんだ？	
Lf44bde8522	1	19	余っただけよ！	私がアンタなんかにおごるわけない	でしょ！	
L21c14cac27	1	19	そんな事、関係無いじゃない。	食べるの、食べないのどっちなの？	なあ、	
L588ec6e7da	1	19	結構外出はする。	レトルトばかり食べてると思えば、	あの喫茶店にほぼ毎日来てるし。	
Lf5cd5ae550	1	19	それは真っ直ぐで、そして霧一つなくて、	道の終わりまではっきりと見える。	何も変わらない。	
L62491dd2a0	1	19	泣いたからって、	誰かが助けてくれるわけじゃない。	笑ったからって、	
L9aa5070135	1	19	笑ったからって、	誰かが喜んでくれるわけじゃない。	怒ったからって、	
Ldfeee97b7b	1	19	誰かが傷つくわけじゃない。	だけど、その道を進もうとする事に	誰もが助けてくれた。	
La1bd3fb87c	1	19	誰もが傷ついた。	その道がその女の子の全てだった。	それってもしかして	
L862c00db3f	1	19	ああ。	どうせ俺も中に入るんだし、持って	やってもいいぞ。	
Ldc8e782d1c	1	19	ふ～ん。	本当に服を作るのが好きなんだな。	うん。	
L6ec65ba983	1	19	一緒に住んでるけど、	一回も作ってもらった事がないよ。	普段は俺が作ってるし。	
Ld7850d2b90	1	19	聞いてたんだ。	もちろん、この商店街の助っ人から	手を引くよ。	
L4ba0977c05	1	19	簡単に切り離す事ができる。	本当にうらやましい・・・・・・。	維織	
L79cf720c71	1	19	もがき苦しむ権利さえも無い。	そして、私はまた不自由な空の下で	自由に飛び回る。	
Lfe57275a5b	1	19	周りであれだけ騒いでも、	本から目線を逸らさなかったのに。	維織	
L60a4197357	1	19	前々から聞こうと思っていたか、	いま読んでいる本に影響されたかの	どちらかしかない。	
La28dd06f4c	1	19	嫌とかじゃなくて心配なんだ。	俺の為に手料理を作ってくれるのは	嬉しいんだけど、やっぱりそれで	
Lc98d5e58e5	1	19	さん	が怪我とかしちゃうのは心配だよ。	だから、できるなら・・・・・	
Lfc792e26ce	1	19	きっと怪我してたと思うし、	それを考えると守ったと思えばね。	ああ、まあな。	
L07246d3241	1	19	そうだよ～。	今日はこの帽子の先にある丸い物を	交換しようと思ってね～。	
L60364a26e3	1	19	腹減ったなあ。	むしろ、この喫茶店を見てると腹が	減るのかな？	
L75a71caf74	1	19	うん。	今回の新作はなかなかの好評だった	から、早めにメニューに載せようって事で	
L1463eef15c	1	19	餌付けって・・・・俺はペット扱いか。	とりあえず本人に聞いてみないと、	わからないな。	
L703cb04295	1	19	だけど、	どう見ても運動なんて・・・・・・	いいから入れるんだ！	
L854e441cd5	1	19	どうしようかな。	とりあえず鼻に電池を詰めておけば	・・・・・・	
L4d2c3c7a3c	1	19	そんな事はない。	それは当然だと、本に書いていた。	維織	
L746021c6cd	1	19	維織	さん。そこまでする必要はないよ。	でも・・・・・・。	
L2416845e27	1	19	すぐに手に入る物じゃないだろ？	だからさ、近場で買えるので作って	欲しいんだ。	
L946342c758	1	19	あの情熱を１０分の１でもいいから、	普段の生活に反映できないのかあ）	（ゴソゴソ）	
L811ee80603	1	19	絶対に似合うと思うよ。	なのに、なんで着てくれないのさ。	着替えるのがめんどくさい。	
L7119c199ed	1	19	するんだが・・・・・。	やっぱり食べ過ぎはよくないよな。	とりあえず、そろそろ止めておこう。	
L7abc04ae0b	1	19	い、	いや、俺もそう感じるから気のせい	じゃないだろ。	
L1a69d21f53	1	19	言ったらきっともらえるよ。	ドーンと公表しちゃったらどうだ？	嫌だよ。	
L2ed60842a9	1	19	准	の悪魔のような計算された行動に）	こ	
L54908aa6c8	1	19	なのに自分が笑わせたいと思っている	人から逃げてちゃダメなんだよね。	だからボ～クは逃げないよ。	
L2b3f711302	1	19	う～ん。	なぜだかわかんないけど、この街に	公演しに来た時に何回も見に来てくれて	
L2874c2eede	1	19	たんだ～。	でも、ボ～クは一目見た時に好きに	なっちゃったんだけどね～。	
L950382d256	1	19	ピエロ	が一目惚れするぐらいなんだから、	可愛いんだろうな。	
Lda3746c316	1	19	ちゃんや仲の良い友達だけ。	友達は毎日一緒には居てくれない。	いつも一緒じゃない。	
L15350bbcdb	1	19	維織	さんと何から何まで正反対なので、	一見合わないように見えるんですけどね。	
L5f7b9fd70c	1	19	彼女をアルバイトとして雇って良かった。	それに私がこの街に残っているのは	准	
L7752c8a0a3	1	19	それ家政婦。	メイドは事件を見るんじゃなくて、	話しているのを聞くの。	
L1ac6556ec3	1	19	十分な理由だと思うよ。	私のはついでの理由だと思うけど、	さんに聴かせたいって理由だけで	
L3cf469c570	1	19	さんに聴かせたいって理由だけで	あの人が何かするには十分でしょ。	そうなのか？	
L8ec96dfef5	1	19	維織	さんが弾くなら、どれでもいいよ。	そう	
L2c587901dc	1	19	放浪してる人間とか、軽くヒモになってる	人間とか、自分のお金じゃないのに	我が物顔でコーヒー飲んでる人間とか。	
Lbf51437d0a	1	19	そんなの誰が決めたんだ？	たった一人の女の子を喜ばせる為に	ピエロ	
Lf42ca62eae	1	19	バカみたいにいろいろな壁に	ぶつかって行って、道化になるのが	ピエロ	
Lcd5944b3bb	1	19	維織	さんは俺と離れる方を選んだんだ。	違う！	
L33c3694fbb	1	19	それが重みになっても、	きっとそう言って前に歩いていく。	でも	
Lbbb815082d	1	19	私がそこに行く。	不自由な空にいるなら、その上に。	カゴ中に居るなら、その外へ。	
L98be7fab9d	1	19	俺は君のそばに居るよ。	だけど俺が君の鎖を引きちぎる事が	できるかどうかはわからない。	
La54d02d57f	1	19	できるかどうかはわからない。	それができるのは自分だけだから。	でも君が俺を必要としてくれるなら	
Labe9609ad5	1	19	それができるのは自分だけだから。	でも君が俺を必要としてくれるなら	・・・・・・	
L0ec5ea7272	1	19	お前は俺にこう言ったんじゃないのか？	戻って、自分が好きになった女の子	の為に	
L7c8db802f2	1	19	それなのに、	逃げていたら前と同じじゃないか！	何も変わっていないじゃないか！	
L979ac03aa2	1	19	僕はこれまで以上に頑張って、	世界を裏で操る男になりましょう。	僕のプログラムなら、不可能は無いはず！	
L88255a3f6b	1	19	珍しいな。	お前が何の反応もできないなんて。	さん・・・・・・。	
Lb4d165bc23	1	19	そ、そんな事より、俺にハムサンドを	おごってくれた女の人は居るかな？	維織	
L5c8df6321f	1	19	チッ！気付かれたかっ！	じゃあ、ごゆっくりさっさとお帰り	くださいませ。ご主人様	
L09a0c21e43	1	19	さんの口に自分で	サンドイッチを持っていってみろ！	お前も絶対にハマるから！	
Ld8e6bcf5fb	1	19	維織	さんの部屋に住んでいたんでしょ？	出てきた。	
L48fdf66945	1	19	疲れている心にこれ以上、	ダメージを与えないでやってくれ。	いつか突然停止してしまうぞ。	
Le4c32b5c83	1	19	違うよ～。	今日はあの子を探しているんだ～。	あの子って	
L19da2611e0	1	19	さんって・・・・・・	ああ、たぶん准が思い浮かべている	通りの	
Laa7dec3b9b	1	19	えっと・・・・・	ボ～クは君がだ～い好きなんだ～。	みょうーーーーぎーーーー！！	
L49d1458210	1	19	仲良くなれないわけじゃないの。	ただもっと相手の事を知らないと、	私は用心してそれ以上、	
L5f302663de	1	19	増やしやがった。	しかも、相手の好意はさらに倍増。	ピエロ	
L9255255ef4	1	19	うっ・・・・・・・。	いつの間にか寝ていたみたいだな。	ちょっとお腹が空いた	
Lc7cea611db	1	19	維織	さんでも緊張する事があるんだな）	・・・・・・・・・・。	
Lf0f3764a00	1	19	楽しかった・・・・・。	料理が趣味な人の気持ちがわかる。	それじゃあ、今度からは俺と交代で・・・	
L40dc63fbb6	1	19	レベルたけええぇぇぇぇ！	しかも、一人で作れる数じゃない！	大丈夫。	
L6aba10bcf5	1	19	サブタイトルは	「僕がメイドでメイドが僕で」だ！	全部、お前じゃないか・・・・・・。	
L6444fecded	1	19	何度も何度もしつこく。	だから彼氏のフリをして欲しいの。	今だけでいいから。	
L7784f57950	1	19	もう！	１０月のビッグイベントがもうすぐ	あるでしょ。	
L626b84a5ad	1	19	ああ。	嘘なら嘘で仕方ないんじゃないか。	たぶん俺以上にお前は	
L0e611fe25b	1	19	ずっと逃げるつもりかと思ってたのに。	まあ、そう見られても仕方が無いな	・・・・・	
L2dbf5b4c83	1	19	自由にしてあげられるかもって。	そんな人に余計な情報を教えるわけ	無いじゃない。	
Lea05fa80a9	1	19	この辺で落ち着ける場所はないか？	少しプログラムを思いついたから、	腰下ろしてやりたいんだ。	
L1f7a8777c0	1	19	さん。	こちらのお席にどうぞ！ご主人様方	（なんか変だな。	
L8bc59d0fea	1	19	さん？	お前、さっき俺の事は・・・・・・	何を言ってるんすか！	
L52c3849030	1	19	何を言ってるんすか！	こんな所に立ってたら邪魔ですよ！	さあ、行きましょう！	
Ld409f8a907	1	19	が行った直後に君に逆戻りかよ。	知り合いというか、常連というか。	なるほど。何もないわけだな。	
L55570200a8	1	19	この街の事も考えてる時があるけど、	それ以外にも何かを深く考えてる。	・・・・・・・・・。	
La60dd516aa	1	19	維織	さん、そろそろ教えてくれないか？	君を縛っている物の正体を	
Le3dbe6b86d	1	19	物心がついた時には、	すでに未来の道が決められていた。	すでにガラス張りの	
Le698a08887	1	19	そんなの無視すればいい。	自分の道を歩けばいいじゃないか。	誰もが	
L570a580583	1	19	君のように	鎖を引きちぎって前に進んでいける	わけじゃない。	
L9d7f05e49a	1	19	誰もが貴方のように、	その力を持っているわけじゃない。	貴方の翼と私の翼が違うように、	
L731f313a52	1	19	君が望むなら、	この世界から連れ出してあげると。	うん	
Lcd66431b0d	1	19	維織	さんなら辞書とか読んでそうだし。	辞書なんか読んで楽しいのか？	
L4b122a8c25	1	19	辞書なんか読んで楽しいのか？	まあ、とりあえずせっかく来たし、	しばらく待っとくよ。	
L05edbc23e6	1	19	維織	さん、自分の事をあんまり語らない	からな。	
L8b7653ebc3	1	19	なんで俺なんかに・・・・・・。	次に会ったらお礼を言わないとな。	ら	
Lca5c37a539	1	19	だけど、それはどんな人間も	自分にしかできない事なんだって。	・・・・・・・・・。	
L8bb6149617	1	19	君の羽を俺が大きくしてあげる。	傷ついても決してくじける事のない	「勇気」という名の羽を。	
Lf09c609625	1	19	お嬢様は君の前では	自分を偽っておられるようだから。	私は	
Lc5e733e024	1	19	戻る事は構わない。	それが自分の意志で決めた事なら。	それは	
L228562c771	1	19	君のように	翼を広げる事なんてできなかった。	翼を広げようともしていない人間が、	
Lcf652dd048	1	19	自分の道に進む為に広げようとした！	だけど私の翼は大きな鎖に縛られて	羽一つも動かせなかった！	
L5eef58ae85	1	19	維織	さん、俺は忘れるなと言っただろ。	君が望むなら、俺がこの世界から	
L96904dd559	1	19	君が望むなら、俺がこの世界から	連れ出してあげると約束した事を。	だけど君が望むなら、	
L5884041c7f	1	19	さんの羽は	もっと大きくなる事ができる事を。	全てを担いで飛ぶ事ができる、	
Lf44d3e53be	1	19	なに！？	お嬢様が、お友達を連れてくるから	何か栄養のある物を作ってくれと？	
L9066759c3e	1	19	お嬢様が、お友達を連れてくるから	何か栄養のある物を作ってくれと？	わかった、すぐ戻る。	
Ld4dc9e67c3	1	19	・・・	まあ、俺には縁のないところだな。	い帰る	
L7bba8f755a	1	19	ふむ・・・	急用ができてしまったようですな。	ははは・・・	
Le572e71421	1	19	そうなんですか。	それで、資料は見つかりましたか？	いえ。	
L17e1628857	1	19	ー！	裏に、怪しいおっさんがいるぞ！）	わーっ！	
L4aa65d3d10	1	19	に聞かされて驚きましたよ。	まあ、あんな事があった後なんで、	しばらく、この町を	
Lb3ebd5da81	1	19	しばらく、この町を	離れたかったんじゃないですかね。	はぁ。	
L5fa878e084	1	19	今日は、	ちょっと通りかかっただけだから。	ふーん。	
Le9de045d95	1	19	ははは、そう言うなよ。	いいお土産が、思いつかなくてな。	まあ、いいや。	
Lbb1d90e3be	1	19	うーん！	こうして、公園でのんびりするのも	気持ちいいよな。	
L3fda436ca6	1	19	え？	ここのレストランの人じゃないの？	あれ？	
Laa8e2b144a	1	19	最後？	勘違いしてもらっては、困ります。	・・・何？	
La2a7c0dfec	1	19	晴継	様のために、もう一度やり直す気は	ありませんか？	
L1ca59e09a9	1	19	では、そうですな。	今日は、お嬢様が通う道場の話から	始めますかな。	
L8eaeef8969	1	19	が・・・	突然、自殺するなんてありえない。	つまり？	
Lddc6337db2	1	19	知らないけど、	あの人、食べ物くれるんだよなぁ）	ふーん、まあいいか。	
L9771bccb66	1	19	へぇ。	そんな、すごい人には見えないな。	なんだか、ちょっと変わった人だし。	
L2b7b1080d7	1	19	焼いた事がありましてな。	当時、お菓子作りが得意でなかった	ワタシが焼いたクッキーを、	
L5b7f564aa6	1	19	うるさいな。	得意じゃないのは、本当なんだよ。	（だって、なんだか	
L4e63c125f3	1	19	ひまぁ～？	一応、私の勘違いかもしれないから	聞いておくけ	
Leebbad11d9	1	19	えーと・・・	とりあえず今は、草野球の助っ人。	それって、職業？	
L9d405271f7	1	19	私・・・	ずっと気になってる事があるんだ。	え、なに？	
L72842dc41d	1	19	そんな事！？	私が、今どれだけ勇気を振り絞って	言ったと思ってるんだ！	
L33b75f6e21	1	19	その必要はありません。	あなたは、ここで死ぬのですから。	（シュッ）	
L2a8de2feb4	1	19	・	おっ、野球のことが載ってるぞ。	なるほど・・・	
L2811992f59	1	19	。	今日は大道具の作業をたのむぞ。	ああ、まかせろ！	
L3cdd333467	1	19	へえ、そうなのか。	じゃ、配達が終わったら行こう。	うん。	
Lf3322767fc	1	19	おや？	・・・なんだ、さっきのは夢か。	うーん、そこの演技	
L61911d1cf5	1	19	まったく、無用心だなぁ。	・・・立ち読みでもしていくか。	！	
L90ac88efb9	1	19	うーむ、こうなると仕方がない。	一緒にストレッチでもするカニ。	ぃ	
Ldd2b1c1904	1	19	やった！	あ、でもちょっと用事があるから	神社の入り口で待ち合わせね。	
L78964ad686	1	19	なあ、この本に載ってることどう思う？	僕は納得いかないんだけどなぁ。	ああ、この野球の本ね・・・	
Lc80d651396	1	19	ハーックション！	あれれ、なんだか調子が悪いぞ。	（ゴロゴロゴロ・・・）	
L3d99f37028	1	19	今日は河原で練習しようと思うんだ。	だからあなたも一緒にやること。	わかった、つきあうよ。	
Lf0d1f75b18	1	19	・・・うん。	でも、なんとなく怖くなったの。	え？	
Ld3d7d799ac	1	19	ちょっと働いてくれないか？	（商店街の雑用をやらされた！）	（パッ！）	
L1462c9f685	1	19	すごいごちそうが並んでるぞ。	誰からのものかは判らないけど、	ここにあるってことは、	
Le5263f4875	1	19	今日はスズキの焼いたやつと、	ホウレン草の胡麻和えにしようと	思うんだけど、いいかしら？	
Leb7ace197f	1	19	でも、あの入り口は	もう閉鎖されているだろうから、	また最初から探さないと。	
Ld359e79bc3	1	19	寺門	は、反射神経はいいんだけどな。	まあ、これでも	
Lf1f1c2af54	1	19	へえ、そうなんでやんすか。	オイラがプロの選手になった時の	参考にしておくでやんす！	
L12db81427c	1	19	えっ？	・・・俺、避けられてるのかな。	このセーブファイルには	
L680ddf2e4e	1	19	キャプテン、ご苦労さん。	試合の結果は残念だったが・・・	ま、俺たち助っ人が	
L02a085d408	1	19	そうでやんす。	あとで練習を見に行くでやんす！	き	
L52632cf921	1	19	あんな危ないところに行くのに	事前によく説明しておかなかった	あたしが悪いんだ。	
Lbd9c141bf7	1	19	売上げが上がってたんだけどね。	しかしまあ、この事件のおかげで	ある意味宣伝にはなったかもね。	
L48a4f18180	1	19	立て直すかも、とは言ってたけどね。	どのみち、すぐのことじゃないし	劇団は別の練習場所を探さないと。	
L2b03d941ba	1	19	劇団は別の練習場所を探さないと。	（倉庫に行けなくなりました。）	ん・・・？	
L5615d5148a	1	19	作っていた干物が、全部食べられてる！	・・・誰のしわざだ、まったく。	勝った！	
Ld87665fa01	1	19	山下	さんも、あなたが仕事の手伝いを	するようになって、	
L317e2d7eeb	1	19	なんとか、イナズマが走るとか、	竜巻が起こるとか、そういうこと	できないでやんすかね～？	
L1ed876dcb6	1	19	そうだ、名前も	もっと強そうにするでやんすか？	いいや、このままでいい。	
L7ae25ed411	1	19	危ない運転する奴だなぁ！	・・・ほらみろ、急に動いたから	余計に腹が減ったじゃないか・・・	
Lc6584b32fe	1	19	・・・なるほどな。	でもシャッターが閉まってるぞ。	まあ、こんな商店街だしなぁ。	
L95afa2e3e9	1	19	む？	・・・なんだか視線を感じるな。	ワン！	
L37ed3978da	1	19	はは肉じゃがと、高野豆腐	ひひから揚げと、マカロニサラダ	ふふしょうが焼きと、ごぼうの和え物	
L420080ffa6	1	19	でも、試合が終わったら	とっとと帰っちゃったでやんす。	・・・・・・・・・。	
L01fadae06d	1	19	・・・・・・・・・。	じゃあ、あたしも恥ずかしいから	一緒に行かない！	
Lcefa159742	1	19	のの	変なものを食べて体調を崩しちゃ	いけないからな。	
La665ce7da4	1	19	君。	背景も黒くなっちゃったし・・・	このゲームは、まだ	
L4cf273109e	1	19	ちゃんの劇団が公演を打つんです。	この商店街でも、それに便乗して	お客を呼べないかと考えたんです。	
L22870a0c45	1	19	いいんだね。	商店街の各お店にビラを貼ったり	各お店でチケット売ったり、	
L5b8b8be803	1	19	それに、人数がそろわなくて	こっそり逃げ出してるかも・・・	あ、来た。	
L393e43b537	1	19	・・・ユニフォーム着てるし。	フウム、僕が思うに・・・・・・	敵にまわったんじゃないのかな？	
L983f5376f3	1	19	親が残してくれたものだしなぁ。	こうやって細々と生活するのって	割と好きなんだよなぁ・・・。	
L641f701bf2	1	19	あと、お客さんには出せない	形のくずれたケーキとかあるけど	それも特別につけてあげる。	
Laa14ba1df0	1	19	わりと見たって人多いのよ。	あそこの河原、昔は処刑場だった	らしいからね。	
L9c6b107421	1	19	え、これから選択肢を・・・	たしかに正解ですけど、どうして	そんな数字を覚えてらっしゃったんです？	
L0a87d1d641	1	19	そんな数字を覚えてらっしゃったんです？	いやあ～、たまたま昨日その話で	ネットで盛り上がったんですよ。	
L32caa151b8	1	19	その能力なら、テレビのクイズ番組	だって優勝できるんじゃないか？	あはは、あたしは目立つといろいろと	
L4888bdc480	1	19	地上を歩く人間にとって	いわば空を飛ぶにも等しい行為！	距離など問題ではない！	
L44558e61a7	1	19	ありがとう。	・・・でも、安くしてあげない。	え？	
L376b8d78e0	1	19	思ってたよ。	ちゃんと店をやっていたんだな。	あれ、前に言ったでしょ？	
L194fae4e0c	1	19	はい、冷た～い麦茶をどうぞ。	・・・・・・気が利かない、か。	どうした？	
Lb793d64f90	1	19	活躍してたと思ってたけど	意外にマイナーだったのカニ～。	あの、これは好奇心じゃなくて	
L7928f825f1	1	19	街中でドンパチやってんのに	俺たちだけ、カニカニカニ～って	バカみたいじゃないカニ？	
L3b728befe5	1	19	どうせ、カニのバケモノが暴れたって	子供にバカにされるだけだカニ。	・・・・・・・・・。	
Lefc13bdce5	1	19	あれ、兄貴？	なんだか、勝手がちがうなぁ～。	とりあえず、カレー大盛り。	
Lf7387d4a12	1	19	には	サイボーグの選手がいたりして。	サイボーグ？	
L7c64ed1cee	1	19	カレーの香りに隠れて、	煮物とケチャップの香りが・・・	へえ、よくわかるわね。	
Lefd1bdb07e	1	19	冗談に決まってるじゃない。	涙が出ないと、眼が乾燥するし。	そんな事、わざわざするわけないよ。	
L299f6939b4	1	19	いったいこれは、どういうことなんだね！	い、いや・・・私に聞かれても。	おじちゃん、やったね！	
L4875bfc585	1	19	君も応援ありがとう。	さんなら、絶対にやってくれると	信じていたでやんす。	
L38f54d7811	1	19	「将来の夢」って作文を書いてたんだ。	それをこっそり読んでみたらさ、	プロのバスケット選手になりたいって	
L448f58a4a5	1	19	いや、まあ・・・	ところで、今の状況ですが・・・	入り口の方が崩れたみたいです。	
Lc574853096	1	19	でもさ、思いもかけずに	寿命が伸びたんだからさ、その分	自由に生きてもいいじゃない。	
L2d1ccc8303	1	19	自由に生きてもいいじゃない。	それに、あたしを連れて行くと、	道に迷うこともないし	
La372ded7bd	1	19	警察には追いかけられる、と。	・・・・・・そういうの、イヤ？	いいや、むしろ大歓迎だな。	
L2c99449922	1	19	見るのがつらいんだろ。	なあに、またチームが強くなれば	そのうち、昔みたいに	
L0765651831	1	19	君。	この前の話の続きでありますが。	ああ、	
La1517a3067	1	19	しーーーーーっ！	子供の夢を壊しちゃダメだカニ！	あ、はあ。	
Lbee28c3b9d	1	19	ここって、何もないみたいだけど。	大きい石が転がってるだけ・・・	あれ、なんだか見覚えがあるぞ。	
L5b6affc515	1	19	放たれる剛速球は、まさに凶器！	そして同じく腕の振りを利用した	スローカーブの落差は殺人的！	
L214911c15e	1	19	連携プレーも芸術的だしな。	それにバッティングだって・・・	却下だ！	
L439877cf01	1	19	自衛のための習慣である。	言われて即座に修正は、出来ぬ。	・・・・・・しかし、	
L00213d6f85	1	19	お前、ピッチャーじゃないか。	主戦力であるオレが練習する方が	チームのためだろ。	
L7a6ed6a50a	1	19	・・・ああ、なるほど。	でも入場料が1800円だって？	すまないが、俺には無理だな。	
L0baa4f9ed1	1	19	ああ、そうなのか。	・・・なんだか楽しそうだから、	気が向いたら行くよ。	
L76c2ff3daa	1	19	そうなんだよ。	地下の貯蔵室に大量発生してね。	礼金は出すから頼まれてくれないか？	
L82b0b184e0	1	19	わかったよ。	じゃあ、そっちの準備が出来たら	集会所	
L9c19eb1d05	1	19	ううん、まだまだだよ。	もっと頑張って、料理を作るのが	上手くなりたいんだ。	
L3e9fcb8313	1	19	君のおいしい料理を食べると	元気がわいてきて、野球の練習も	仕事も	
L768b60acd2	1	19	そうか、それは助かる。	ははペット用シャンプーだって。	ペット用か・・・	
L101d228966	1	19	の仲間でしょう。	怪しまれないように複数の会社を	使って買わせているんです。	
L4ba81f757b	1	19	ハイ！	きっと、この街で石油が出るとか	道路か鉄道が新しく通るとか	
L1841a57aab	1	19	さあ、このあたりの土地は安いからな。	発電所を作るとか、再開発の話が	出ない限りは大丈夫じゃないかな。	
L58c0843eb7	1	19	・・・ごめん、ごめん。	とりあえず別の映画にしようよ。	あっちのアクション映画がいいな。	
L626db58959	1	19	うん、ときどき入らせてもらってるんだ。	まあ、大きな声じゃ言えないけど	時給はおどろくほど安いの。	
L7750550de7	1	19	え？	エサやってかないんでやんすか？	キズの手当ては？	
Le23ba9c414	1	19	そうだわよね・・・そんなの・・・	さんにご飯食べてもらわなくちゃ	いけないのに・・・・	
L67b012d1b5	1	19	ノイズでもひろっちゃったかな？	ちゃんと端子は掃除しておこう。	おねえちゃん、	
Lfc32051042	1	19	しょうがない、これを改造して	バッタのかぶり物にでもするさ。	・・・そうか。	
Leab932bdbc	1	19	役どころって聞いたんだ。	だからかなり丈夫にしといたし。	それじゃ、中に入る人は大変だな。	
Lb8fab3303d	1	19	電動工具の修理までやったそうなんだ。	いやあ、さすがは「大村金物」の	跡取りだよ。	
L3b160e0fdf	1	19	見たかー？	・・・イヤになるほど見たから、	そろそろ話を進めてくれ。	
L2b1ead3d06	1	19	水中に入ってしまうからな。	その点、野球だと地上にいるし、	裸で大丈夫！	
Lf41d18f6d0	1	19	遠前支店	の全社員とパートの力を結集して	やっつけてしまいましょう！	
Le339efcbf3	1	19	・・・	見かけなくなったでやんすねー。	そうだな。	
L3eec7ca89d	1	19	昔、信じていたものに裏切られて、	それからずっと人間の力を借りず	一匹で生きてきたんだ。	
Lf64bc3f478	1	19	・・・でも、それじゃあの犬は	ずうっと一人ぼっちでやんすか？	そんなのつまんないでやんす！	
L08d35e9944	1	19	不思議に思わないんだ？	これには、なにか裏があるな。）	（	
L8363924153	1	19	それならご心配なく。	風来坊さんは紳士だし、あたしは	そういうことに興味ないから。	
L1ca23d235f	1	19	貴子	と一緒に帰って来る時が多いな。	・・・お前、手ぇ出してないだろうな？	
L51329f077f	1	19	・・・・・・・・・・・・・・・・・	・・・・・・・・・言ったかな？	言ってたわよ。	
L4fd154d75d	1	19	いや、上手じゃないか。	・・・これは俺と、お父さんか。	こっちは	
L3c0b95c60c	1	19	（襲ってくる虫は、Ａボタンで	殺虫剤をかけるか、壁でつぶして	やっつけましょう。）	
L247a7c7f1b	1	19	はははは。	練習もうまくいってるようだし、	よかったな	
Lc3fe78eebd	1	19	騒ぎが大きくなって、	このスーパーの条例違反の話が、	大きく報道されたらどうする。	
L6e27c42500	1	19	椿	、お前との決着はおあずけだな。	フン、期待を裏切って悪いが	
L369e279ad8	1	19	・・・ソース？	スパゲッティって、ケチャップで	いためるやつじゃないのか？	
L82dcf15cb1	1	19	い、いや・・・	そういえば色のついていないのが	ハンバーグの横についていた事も	
L1be9de0348	1	19	そういえば色のついていないのが	ハンバーグの横についていた事も	あったような気がする。	
L55c71fc78d	1	19	よかった、よかった・・・	もう、負けたらどうしようかと。	ああああああああ？！	
L73e826e636	1	19	あ、いや・・・	そういう言い方をされると・・・	ふふふ、冗談ですよ。	
Lb9bc3efbfe	1	19	ふふふ。	じゃあ、魚屋さんにレッツゴー！	ああ	
L93c21fecbe	1	19	うらやましいな。	わたしなんか、どんどん頭の中で	考えごとが膨らんで寝れないよ。	
Ld8906df3cd	1	19	使えば使うほど味がでるのにねぇ・・・	最近の人は、やれ傷がついただの	へこんだだって、すぐ捨ててしまうから	
Lfca4acdd17	1	19	大丈夫大丈夫。	家族４人、質素に暮らしていける	くらいは、ちゃんと稼いでるさ。	
L966e2c379b	1	19	家族４人、質素に暮らしていける	くらいは、ちゃんと稼いでるさ。	おじちゃん！	
Lb38d7ebfdb	1	19	ワン公	、どこに行ったんだろうな・・・	ワン公	
L5b9fde6208	1	19	幸い、はね飛ばされただけで	死ぬようなケガじゃなかったから	治してやろうと思ったんだが。	
Lc1097f43a0	1	19	しかし、発言力という点では	非常に強いものを持っている。）	（はあ、なんとなくわかります。）	
L9c792a436a	1	19	ゆっくりしていきなさい。	（商店街の現状を聞きました。）	あ	
Ld60846eb59	1	19	いいや、オレは納得できないね！	・・・こうなったら拳で勝負だ。	来い、	
L0540bd9989	1	19	の野球の実力はみんな知ってるんだ。	それなのに、わがままに振舞って	みんなをがっかりさせないで。	
Le73352dd77	1	19	息子にな、	お父さんみたいにはなりたくない	って言われちゃったよ。	
L82e43d0385	1	19	その時に、お前はお父さんの後を継いで	４代目になるんだぞって言ったら	「毎日ボォーっとしてて、こそこそ	
L440b63220d	1	19	嫁の目を盗んでは	仕事をサボることもあるけれど、	店にいるときには	
L787ce1a089	1	19	キリッとしていると思ってたんだ。	息子にはそんな風に見えてたのか	と思うと、ショックだよ。	
L8ba34a3443	1	19	それは伝わってると思いますよ。	後継ぎを押し付けるんじゃなくて	自然に興味を持つように、	
L0162899e3d	1	19	くれてるんだけどね。	値段が安いのと、店が小さいから	売上げはそんなに大きくないのよ。	
La9955fccea	1	19	ブブー。	こうやって、ちょっと引っ張って	手を離すと・・・	
Lf20fbb18c3	1	19	そうでやんす。	野球の練習をしていたでやんす。	・・・・・・・・・	
L2f81be1dd8	1	19	を	こっちは見つからないでやんす。	そっちはどうだったでやんす？	
L884568b820	1	19	もし、この商店街がなくなったなら	利用客は別の駅前に行くだけで、	わざわざあっちのスーパーには	
Lc90e36c957	1	19	じゃあ、この商店街にも	別のスーパーを建てるとか・・・	さすがに	
L4ea1b4ab0d	1	19	オレを捨てたか聞き出してやるんだ。	それで、こうして寺を飛び出して	色んな町を回ってるんだよ。	
L37933077ff	1	19	あんまり捨てた親を責めるなよ。	きっと事情があったんだろうし。	お前はこうして生きてるんだから、	
L50a88805df	1	19	そもそも、お前が悪いんだぞ！	・・・とにかく、今後、あの人に	お金がらみの話題は禁止だ。	
Lbad1d487f0	1	19	しかし、商店街の話題がすぐに	景気やお金の話題に直結するのも	また、いたしかたなし。	
L5ecb59cdf0	1	19	そいつ、銀行に向かっておじぎしたら	頭が２つに割れて、バルカン砲が	飛び出して来たのカニ。	
L3eb6effaa0	1	19	おまけに翌日の新聞には	単なる爆発事件になってたカニ。	じゃあ、情報操作でありますか？	
L1edb11cc09	1	19	単なる爆発事件になってたカニ。	じゃあ、情報操作でありますか？	すごい権力がないと無理ですね。	
L37edef728c	1	19	なんだと？	お前の方が生意気につっかかって	来るんじゃないか！	
Lb61108979d	1	19	おめでとう！	じゃ、約束どおりプレゼントして	あげようじゃないか。	
Lb315810a7e	1	19	・・・なんだか、ネットでも	いろいろと中傷されてるし・・・	方針をまちがえたんだろうか。	
L2b440ce1fd	1	19	コマンドで	仕事を手伝うことができます。）	フォト、ポル	
L2e81da2272	1	19	・・・ほうほう、そうか。	こいつが車にひかれておったのを	お前が埋葬してやったらしいぞ。	
Lbb6d9268cd	1	19	そうか、それならいいんだ。	盛ヒい・・・ふむ、悪霊ではなく	守護霊の類であったか。	
Lb09e103304	1	19	わざわざこちらのチームを	宣伝してくれるというのも・・・	ああ、テレビ局の話が先にあってね。	
L2907e95492	1	19	だし、	助っ人がいることを念頭において	チームを構成していますから。	
La52a5b0f33	1	19	（次の試合では、	助っ人は出ないことになった！）	この前に話した件、どうなった？	
L089268b255	1	19	そうか。	じゃあ、それが具体的になったら	みんなに発表だな。	
Lc32ba8750b	1	19	・・・であるから、	ニュージーランドに預金するのが	一番効率的ということになる。	
L78ee0801c3	1	19	正義を守りたかったのであります。	・・・でも現実には、つまらない	日常勤務の繰り返しで。	
L3769fe3dfe	1	19	一番つらいのは、どこででも	そうなのではないかということを	考えてしまう時なのであります。	
L439843bd2f	1	19	そうなのではないかということを	考えてしまう時なのであります。	だから、世の中のどこかに	
Lf5468d74b3	1	19	なんとか妥協します。	なにしろ本物の怪人なんですよ、	キミは。	
Lfc398c013b	1	19	人生の一発逆転を狙って	カニ怪人に志願したらしいカニ。	ということは、人間の時の記憶は	
L0a8a5fa264	1	19	持っていたからな。	それで、あの時のお金を少しでも	返してもらえないかな？	
Lac528a94c7	1	19	はぁ～～～腹へったなぁ。	公園に行って水でも飲むか・・・	ふ	
Lc84e8ceb25	1	19	あっ、そうだ。	これ、さっきもらったんだけど、	少しわけてあげる。	
Le30b09c2f7	1	19	の力を。	この試合の各イニングでもらえる	スタンプを集めると、商品が	
L63c6706bc4	1	19	オウ！	・・・助けて・・・助けて・・・	助けて・・・助けて・・・・	
Lded09fcad6	1	19	イタイ、イタイでーす・・・・	（こんな奴を一瞬でも頼りにした	自分を恥じよう・・・）	
L54d8d0ce2c	1	19	くくく・・・	そのお宝を手に入れるためだけに	会長は何百億という金を使ってるんだ。	
Laf6c02ae2d	1	19	キミ、どう思う？	えそんなこと聞かれても・・・。	なんだい、なさけないね。	
L0c571d98ca	1	19	おい、ちょっと待て！	いま、一瞬見てはいけないものが	見えてしまったような気がするぞ！	
L9a678903d6	1	19	疑うなら、試してみろってことだろう。	・・・まったく、恐ろしい奴だ。	試すって・・・	
Le4b5fcde78	1	19	そうだな・・・	最近、商店街にウチが買い取った	酒屋が一軒あったな。	
L6642d6a098	1	19	こういうところ、どうしても	後回しになっちゃうんでやんす。	まあ、仕方ないよな。	
L4a60e21259	1	19	やっておくでやんす！	母ちゃんに見つからないように、	こっそりと帰るでやんす。	
L87b810f374	1	19	それで、オイラちょっと	欲しいものがあるんだけど・・・	はいはい。	
L3968edf271	1	19	チームをやめたヤツのもんだ。	・・・いい選手だったんだがな。	この商店街じゃ、食っていけないって	
Lf964f3698d	1	19	あの犬が立ちふさがった。	おまけに、主人に会えた喜びから	やたらとほえたんだ。	
L432f5e87bf	1	19	お兄さん、お兄さん！	その技を教えて欲しいでやんす！	そうか？	
Lbd04d1a483	1	19	あー、良かった。	実は、あたし商店街とスーパーの	ケンカは馬鹿馬鹿しいと思ってるんだ。	
L831cf40fe0	1	19	さんが同じ考えで。	・・・でも、あんまりスーパーで	買わないほうがいいかもね。	
L38e99f0ca0	1	19	また来ますよ。	・・・あんたらが困ってからね。	あ、来てくれたんだ。	
L87c2060b15	1	19	美味しかった？	お父さん以外に食べてもらったの	初めてだから・・・	
L9f1517612c	1	19	には、戦前まで	地下道があったことを聞いた。）	ところで、この商店街に	
L64b9786ac8	1	19	ところで、この商店街に	なにか伝説とか言い伝えみたいな	ものは	
L75e919e78f	1	19	がどうして	この商店街を目の敵にしてるのか	なにかヒントがないかと思って。	
L6bdc12f6d0	1	19	遠前山	の山頂に、野球の試合で使ってる	グラウンドがあるだろう？	
L1b16a6f5ca	1	19	くわしい資料は残ってないね。	・・・そうそう、思い出したよ。	なんです？	
Lf8d624310e	1	19	戦争中に米軍の爆撃機が墜落してね。	爆撃機のパイロットが、しばらく	その抜け穴に隠れていたらしい。	
L0317344d26	1	19	ところを捕まえたらしいがね。	戦争が終わって何年かたってから	そのときの忘れ物を取りに来たらしい。	
Lc10b560ce4	1	19	何言ってるんだよ。	お前は、うちの従業員なんだから	気にするな！	
L00813b5a14	1	19	ははははは！	ところで、従業員なら給料の方は	増やしていただけるのでしょうか？	
L594a6614cf	1	19	む～～～～～ん。	お前、野球やってるんだなぁ～。	む～～～～～ん。	
Le969d1ddfe	1	19	僕たちは、昔、甲子園で	優勝したことがあるんだなぁ～。	つまり、自慢がしたいのか？	
Lccc51c0425	1	19	む～～～～～ん。	もう僕たちは、帰るんだなぁ～。	そうなのか？	
L94015dae00	1	19	わっ、びっくりした！	・・・え、なにがいけないって？	だって、拾ったお金を自分のものに	
L2380e14098	1	19	ならないと、いけないんだが・・・	ボールが変化してからカーソルを	あわせるのは、非常に難しい。	
L5a22b99722	1	19	だから、変化する前にどこに移動するか	予想して、あらかじめカーソルを	そこに動かしておくんだ。	
Le5f9e929a4	1	19	捕球は、慣れるしかないな。	打球の勢いと上がり具合を見て、	誰が取るのがいいか、予想して	
L46bd60e83c	1	19	があれば、	ずいぶんと楽になるんだが・・・	ちなみに、画面外でも	
Ld578dff8b8	1	19	けど	いつの間にか本が少なくなってて	しまいには	
Ld26c0405b3	1	19	さあ、どこかに持ってったか	・・・あるいは売っちゃったか。	い「今でもその人のこと・・・」	
L91473b3605	1	19	・・・あるいは売っちゃったか。	い「今でもその人のこと・・・」	あっ、そうだ！	
Lacfee02914	1	19	普通のゲームとは思わないことだね。	あたしの機能を使って演出効果を	ばっちり強化してあるから！	
L1f9eda677d	1	19	どこかで見たような顔ばかりだな。	・・・って、試合ができるのか？	うん。	
Lb032d389f6	1	19	現実には１時間しか経っていないのか。	・・・これって練習になるかな？	筋肉は実際に使ってないから意味ないけど	
L211322ad0b	1	19	えっ？	・・・じゃあ、お言葉に甘えて。	そうだ、クリスマスプレゼントを	
Lb0d6f9f348	1	19	権田	さんから、あなたが欲しがってる	バットの特徴を聞いたから。	
L3b0c96793d	1	19	古本のことがバレてから、	ここでアルバイトさせられている	のでやんす。	
L4d08da02af	1	19	「人間として大事なモノが欠けてる」	って言われたって話、覚えてる？	ああ。	
L8ab07ffc0a	1	19	アンドロイドには偽の記憶を転写して	あるから、自覚がないんだって。	だからアンタも第三世代じゃないかと	
Ldaf4431cea	1	19	あきれた。	もう、あなたがそういう態度じゃ	カンタ	
L5cc6496498	1	19	どうりで、みんな騒がないわけだ。	じゃあ、根本的な質問をするぞ。	どうして	
Lb88a5ea3c5	1	19	ああ、そうだな。	いつもは無駄遣いしないんだけど	こういう時だけは、自分に	
La556f291c4	1	19	は見当たらないな。	あんなもの二度と見たくない。）	どうしたんだ？	
L141b0cc23f	1	19	勝手に人の親を殺すなよ！	こいつら僕を置いて、物価の安い	東南アジアの方に移住しちまったんだ。	
L843faf124b	1	19	お客さんに満足してもらわないと。	そういえば、チケットの売上げが	すごいらしいな。	
L3c29e39d57	1	19	・・・	ウチの親は商売してたんだけど、	それがダメになっちゃってさ。	
L5aa236f9bb	1	19	若木	くんは、インテリ役向きでしょ？	金属バット	
L629d51d1da	1	19	とにかく汚いから！	人の趣味を、そんなゴミみたいに	言わなくてもいいだろ。	
L06278b7c59	1	19	いや・・・その。	じゃ、今日はこれで失礼するよ。	ふ	
Ld4b29bf36b	1	19	だけど、昨晩じっくり考えてみたんだが	やっぱりあんたらを追い出すのは	なんだかおかしい気がしてね。	
L51b4afe3c5	1	19	応援ぐらいはしたげるよぉ。	ま、どっちが勝っても面白ければ	あたし的には	
L35dac23d8f	1	19	だけどその人は、	まったく違うシチュエーションを	用意して入ってくるの。	
Lbbe223f7cf	1	19	西部劇のお芝居をしているとする。	そこに次の人はサムライになって	時代劇を舞台にして入ってくるとかね。	
L847008acaa	1	19	一切の妥協を許さないんだけど	そのおかげで作品も良かったし、	終わった後の達成感もすごかった。	
Lbd8f867959	1	19	あいつは最悪なことをしたと思う。	でも、そうしてしまった気持ちも	わかってあげないと。	
L30dfe74193	1	19	戻って来たときは	みんな許してくれるだろうけど、	たぶん戻ってこないだろうね。	
L2e48aea3f8	1	19	じゃあ、壁の穴を塞ぎましょう。	ちょうどそれに使えそうな荷物も	あるみたいですし。	
Lb15971e5f6	1	19	それにしても、	人が少ない商店街でやんすねぇ。	だからこそ、きっといいものが・・・	
L312b14cc19	1	19	尊敬はしてるけど・・・	ところで、今日はどうしたんだ？	ふふっ、お宝を探しに来たんでやんす。	
Ldbfd5d6ca5	1	19	そんな簡単な言葉で済ますなでやんす！	まず、オモチャと言うのは・・・	（・・・３時間経過・・・）	
L8549d39444	1	19	魔球・・・ねぇ？	そういうのはマンガの中だけの話	じゃないのかな。	
Ld4b0f42d23	1	19	なかなか、いいカンジだったでやんす。	よし、今のを採用するでやんす！	・・・そんなに良かったかな？	
L02f2566021	1	19	オリジナル変化球はとれません。）	（・・・相手チームに逆転勝ち。	さすが強い	
L4f478251a1	1	19	だが、すぐに止めさせるのは難しい。	・・・クリスマスセールですよ、	むこうの狙いは。	
L64d3f954da	1	19	みんなで話し合って、それは断るって	ことになったんじゃないですか。	あたしは納得してないわよ。	
L33fcddadcf	1	19	ああ、まかせろ。	ビックリするぐらい強いチームに	なってやるぜ！	
L524f9fb98e	1	19	だから、バツとして	まだまだこの町に残るでやんす！	・・・・・・・・・。	
L04d2ac571b	1	19	カレー食べに来いでやんす！	絶対に、この町に来るでやんす！	おじちゃん、待ってるでやんすー！！	
L3d6b0a07f2	1	19	・・・・・・・・・。	おそらく、そう思わない人たちも	多いでしょう。	
L24e743d535	1	19	ほんとだ、懐かしい。	ずいぶん前のような気がするわ。	そういえば、	
Lfa8bbcd166	1	19	いたんだろう。	やっぱり、ここは車がスピードを	出しそうな所だからな・・・	
L1a5266b810	1	19	てめえで選んだ結末さ。	あんなクズなんざ、自滅した方が	世の中のためなんだよ！	
L00d5fbeabe	1	19	会社とは縁を切ったようなことを	言っておきながら、結局それしか	アンタには	
L1c357ed33c	1	19	立派な未亡人」という評判に、	しがみついているだけなんだ。）	（そうよ、私も・・・）	
L6b84d24270	1	19	求人広告は結構あるんですよ。	こっちは家族でやってるところが	多いですからね。	
Lc8d588b988	1	19	さんも、他にもっといい	アルバイトがあったら、そっちへ	気にせずに行ってくださいね。	
Le6197c3855	1	19	気にせずに行ってくださいね。	いや、これは来て欲しくないとか	そういうのじゃなくて・・・	
L23102b9c85	1	19	たしかに、店がきれいになれば	もっとお客が来てくれそうだな。	でも、税金とかどうなるんだろう？	
Ldae3d7f5b1	1	19	いや、それでいいんだ。	この提案が通ったら、あいつらを	痛い目にあわせられない。	
L671110a91f	1	19	「こういう条件を出したのに、	商店街は蹴ったんです」ってな。	もし仮に・・・	
Lc757ece7c0	1	19	条件を少しずつ悪くしていくのさ。	その過程で商店街側が分裂すれば	言うことなしだ！	
Ldf66f3cdc7	1	19	いいや、オマエは俺を疑っているね！	パーフェクトスイエイマンである	この俺が本当はカナヅチだなんて、	
Lc46ea35d0f	1	19	（地上で腕を回しながら、	走り回ってるだけじゃないか。）	これから野球の練習をするから、	
L0bbe80e2f1	1	19	・・・ハッハーン。	この俺が、かつて甲子園に行った	豪腕投手であることを知っているのか？	
L99542cdef2	1	19	・・・？！	そういえば、そんな名前の投手を	聞いた事があるような気がするな。）	
L88cc3222ec	1	19	オマエの野球の練習につきあうぞ！	そして、俺のすばらしさに感動し	その肉体に感涙するがいい！	
L9f53f04787	1	19	（川を征服する前に、まず泳げるように	なった方がいいと思うんだが。）	（	
Ld733b728dc	1	19	を	「野球の街」としてアピールする	つもりだぞ！	
L1ddeed5f75	1	19	とにかく、お前は商店街を再起不能に	してくれれば、それでいいんだ！	簡単じゃねえか、そんなの。	
Lcf69a78467	1	19	あんた本気じゃないんだろ。	だったら、もうここに来るなよ！	え？	
La2bc5ca662	1	19	あんな練習してるせいか	あいつら、妙に力が強いんだな。	それよりも、どうやら俺は	
Ld55322d381	1	19	戦うべきなんだ。	お前らがいたら、試合に勝っても	俺たちの勝利にはならねえ。	
L91dbfe5390	1	19	小道具	は、役者が手に持って使うものや	舞台上に置くものを用意するの。	
Lc5a887c21f	1	19	照明	も本番の操作と照明機材の準備。	この二つの部署はかなり専門的だから	
Lbfbac1f826	1	19	、都会じゃなくて	こっちで公演を打ってくれるって	言ってくれるんだからな。	
L1d8b69a204	1	19	あれ、そうなの？	君らのお芝居は見たことないけど	楽しみにしているよ。	
Lf5249537ac	1	19	楽しみにしているよ。	それから、公演日時が決まったら	早めに教えてね。	
L0bd7ad1f7e	1	19	金券ショップでお金にできるし。	・・・特撮変身ヒーローの映画？	いお金にしよう。	
L7aa6ddc1bd	1	19	えっ、映画ですか！	・・・そうですね、お昼過ぎなら	ご一緒できますけど。	
Lda0a29a75f	1	19	へえ、がんばってるね。	とりあえず、お茶でもいれるわ。	うん、いいよ。	
Ld2c62ebaae	1	19	調べられないのか？	寿命タイマーをクリアする方法が	どこかに隠されているかも・・・	
Lf4dac8366d	1	19	寿命タイマーをクリアする方法が	どこかに隠されているかも・・・	とっく何回か試してるよ。	
Ld3c30d9036	1	19	待てよ、俺も一緒に行ったらどうかな。	野球のバーチャルゲームみたいに	君の見ているものを俺が見えるように	
Lea9548c700	1	19	あたしの処理能力が落ちるし、	言っちゃあなんだけど、アンタが	来たってどうしようもないよ。	
L552dc79f2b	1	19	の連中が来てしまうでしょ。	それになにより、あっちのビルに	大神グループ	
Lc3b36ef6c9	1	19	あ、それから非常事態に備えて	ほっぺたをつねると仮想世界から	現実に戻るように設定しておいたよ。	
Lc8e3e468b1	1	19	まるで夜空みたいだな。	球場みたいにもっとわかりやすく	表示できないのか？	
L059986ae73	1	19	あたしもよく判らないんだけど	実在する人間の脳細胞パターンを	転写するらしいよ。	
L630369a605	1	19	どうしてそんなものが？！	えっとね、誤作動しないかどうか	チェックしてたんだ。	
L42ebac2593	1	19	これまで夢って手の届かない物だって	心のどこかであきらめてたけど、	急に世界が広がった気がするから。	
La6f2e711bc	1	19	ああ、ありがとう！	あ、でも歯形がついちゃったな。	あーあ、こりゃ売り物にならないよ。	
L6ee26909f1	1	19	へえ、そうなのかい？	それじゃ、山の上のグラウンドへ	行ってみたらどうかな。	
L222f958453	1	19	わかったから。	とりあえず、ノックやってみる？	ふん、まかせろ！	
Ld84342806a	1	19	ああ。	だが、劇団のみんなを差し置いて	俺なんかが主役やるわけにいかないよ。	
Ld15389d347	1	19	お前、こういう才能があったんだな。	役者としてはぜんぜんダメだけど	今の劇団には必要な人材だぜ。	
L60994d7ea6	1	19	なんでやんす？	あんたは人に対する口の利き方を	知らないんでやんすか？	
Ld0471484df	1	19	それと、あんた気が付いてない	でやんすから言うでやんすけど、	あんたよりオイラの方が、	
L4749657880	1	19	湯田	選手は現役の選手でやんすから。	え？	
La19559907b	1	19	敵なしの大活躍で地方紙や	ローカル番組でも取り上げられる	ようになった。	
L226adb1048	1	19	（そのころ・・・）	さん、練習を見に来たでやんす！	あ、	
L94564cdbdf	1	19	権田	さんとケンカしてるでやんすか？	いいや。	
Lfc6743d268	1	19	私です。	でも、連中の言いなりになってた	わけじゃないわ。	
L8802b11002	1	19	・・・テナント化計画の話が出た時、	あんなに反対したのも当然です。	この抜け道のことも情報は	
L6e5158e909	1	19	この抜け道のことも情報は	あなたが押さえていて、「それ」	を自分で手に入れようとした。	
Lb94c7534ee	1	19	評判が落ちるのが怖くって。	だから、全部あたしのわがまま。	他の人たちは、同じ条件で	
L7f9d635614	1	19	それでもがんばってるんだもの。	でも、朝から晩まで働いて・・・	それでも減る一方の貯金を見てたら	
L6cd31345d1	1	19	や商店街のみなさんに、	助けてもらわなきゃ、一日だって	やっていけないのよ。	
L47d7d81678	1	19	あー、それはいかんね～。	練習でたっぷり汗をかいてるのに	それは自殺行為ってもんだね。	
L7b31e89d30	1	19	しばらくしたら帰ってね。	あたしは自分の部屋でやることが	あるから。	
L707991ee23	1	19	・・・お話は署の方で、	じっくりとうかがうであります。	あああ、助かっていない～！！	
L5ecf1bf852	1	19	から注意しろ。	また、スロットが始まったときも	ぐずぐずしているとスロットの内容が	
Le548ccaf5b	1	19	だから勝負して、負けたほうが	この商店街から手を引くってのは	どうだい？	
Le1b1214cb4	1	19	えっ、花火？！	へえ、商店街にしては豪華だな。	に	
L95c7145d90	1	19	こういうのが一番きれいなんですよ。	・・・手の届く幸せが一番です。	次は打ち上げ２０連発でやんす！	
Lcb43c75797	1	19	良かったみたいですけど・・・	今日までのイベントだったのに、	もう反響があったんですか？	
Lc395f61df0	1	19	実は、商店街のホームページに	かなりの書き込みがあってね～。	・・・・・・え。	
L4ae828babd	1	19	木川	ちゃんが何度も書き込んでるから	集計は信じない方がいいんだよね～。	
L221e0392e8	1	19	またやってくださいって、書き込み。	別々の人間のふりをしてたけど、	文章の書き方が同じだから、	
L9736af939b	1	19	なあ、聞いてくれよ。	溺れてた所を助けてくれただけで	あっさり乗り換えるなんてアリか？	
Le1c1ffca21	1	19	あっさり乗り換えるなんてアリか？	あんまりくやしいから、野球部を	やめて水泳部に入ったんだけど。	
Lc187cf52b3	1	19	ははは、それは無理だろ。	書いてたやつがいないんだから。	別の脚本使うしかないだろ。	
L61e498abc5	1	19	いつまでも逃げてちゃいけない。	だからそこから歩きださないと。	じゃ、誰が本書くんだよ？	
L76b3fd8b65	1	19	書いてきたの！	どんなときでも、忘れることなく	ずっとよ！	
L71f0fa8471	1	19	待て、冷静になろう！	そもそも、君が死んでいるという	証拠はないんだろ？	
L50522d7476	1	19	よし、わかった。	ずっと、ずっと君の側にいるぞ！	ス	
L5ce57b537b	1	19	い・・・・・・。	やっぱり、はっきりしとかないと	ダメかしらね。	
L737194e49f	1	19	ここの商店街を気にかけて	くださるのか、ということです。	ああ、それは・・・	
L3e985bb0b8	1	19	あるでしょうに。	いちいち気にしてたら、ちっとも	前に進めませんよ。	
Lbadab1786e	1	19	でも、困ってる人のところに突然	現われて助けてくれる人を・・・	正義の味方って呼んでも、	
L57b9277ed1	1	19	コマンドが追加されました。	あちこちうろついてみましょう。	仕事が見つかるとは限りませんが。）	
La5ed664e4d	1	19	されば、買い物客は安心して	商店街に集まることが出来よう。	今でも、	
L9745f98dfc	1	19	知恵とは広く通用するものなり。	よって、地震対策も商店街再興も	我には等しきものならん。	
L5d049d3cce	1	19	あふれ出でたるものなれば	この地での問題も解決できよう。	あー・・・	
L0bf1b77b2d	1	19	君のアドバイスを真に受けてる間に、	ちゃんとした対策をとらないから	もっと困ったことになるだろ。	
Le4c4364c5a	1	19	我、野球によく通じる者なり。	野球にて、我この地に根づかん。	（そういえば、この男は意外に	
Lb7c35d14e0	1	19	（そういえば、この男は意外に	運動神経が良かったな・・・。）	いよし、一緒に野球をしよう。	
Ldd8d63ed31	1	19	「努力せん」？	いや、努力して欲しいでやんす。	あー、いや・・・	
La24872bc3e	1	19	まあね。	そういや、前に来た時にもらった	お菓子	
L6dfba7700d	1	19	つまり準備運動みたいなものね。	ストレッチしたり、腕立てふせに	腹筋運動と背筋運動とか。	
Le245c62109	1	19	・・・驚いたな。	こんなにハードな練習をするとは	思わなかった。	
Laef74ebf8e	1	19	平気な顔で言われてもなぁ。	あんた、相当体を鍛えてるだろ？	ああ、まあな。	
L599ee85948	1	19	腹筋と横隔膜を使って声を出すんだけど	イメージ的には、腹筋をゆるめて	空気吸い込んで、いっきに腹筋をしめて	
L1b9643393b	1	19	（これはへたをすると、	野球の練習以上にハードだぞ。）	お～し、今日この後どうする？	
L07d94888d8	1	19	なんだ？	楽しい思い出をありがとう・・・	短い間でも、あなたと過ごせたんだもの	
L270c6d5481	1	19	お、おお・・・	この子のメシはそんじょそこらの	料理屋なんて目じゃないくらい・・・	
L1a58b9b852	1	19	こんなフグ野郎は、	オイラが退治してやるでやんす！	（ポカ！）	
L544fdaf2ec	1	19	わわっ！？	本当に退治しちゃったでやんす！	ごめんなさいでやんすー！！	
L12acfaeb23	1	19	今回は軽い熱中症だったから、さっきの	応急処置でなんとかなったけど、	ひどい場合は入院だぞ。	
L9a277272a6	1	19	その助っ人連中が、	そろいもそろって変人というのが	勘弁してほしい所ですけどね。	
Le3b024f50b	1	19	そのようなバイトなど、それなりに	高い時給でないとやらないカニ！	・・・結局、やるんだ。	
L7c094821f2	1	19	これだけ騒ぎになったら	もう「秘密」基地じゃないだろ。	（ガーーーン！）	
L2366ec9a00	1	19	野球なんてするヒマはないのカニ！	・・・・・・えっ、野球・・・？	そ	
L00d9c7bf53	1	19	なったんだ。	手術しなきゃいけないらしいから	本番は厳しいらしいよ。	
L3cc3abbfd4	1	19	。	中止にするなら、早めにしないと	無駄なお金がかかるだけだ。	
L37c321e237	1	19	これでなんとか出来る！	じゃあ、さっそく練習しないと。	はははは！	
La2eb9424c4	1	19	悪いが、もう限界だ。	あ～あ、この劇団も終わりだな。	だんだん人気も出てきて、	
Lc5330fc64b	1	19	確かに、ここの店からは	いいオーラが出ているでやんす。	早速中に入るでやんす！	
La096e298fd	1	19	感動でやんす！	感謝してもしきれないでやんす。	いや、あんたのスピリッツに	
Lffe6a30bf6	1	19	おやじ！	ここにある物全部買うでやんす！	えええっ？	
L6b18ff2990	1	19	ゲッ！！	いや、しかし、これだけのお宝が	まとめて手に入る機会はないでやんす。	
L6932ad918a	1	19	！	よし、店を見つけてくれてお礼に	また野球を教えてやるでやんす！	
L623f4c3efd	1	19	よし、店を見つけてくれてお礼に	また野球を教えてやるでやんす！	・・・・・・・・・・	
L793b412a9f	1	19	聖書には、最初に十戒があるだろう。	「汝、なになにをしてはいかん」	というやつだ。	
Lfd4a113672	1	19	なにを言う。	この本が、ここに存在することは	中世より今日にいたるまで、	
L4aa32a9578	1	19	お金がもったいない	などというのは、凡人の発想だ。	これこそ正しい金の使い道ではないか。	
Lc2b180da37	1	19	の営業成績が悪すぎる。	これでお前を処分しなかったら、	グループ全体へのしめしがつかん。	
L18aba8644f	1	19	大手古本チェーン店なら250円で	買い取ってくれるはずでやんす！	チッ、わかったよ。	
L93c20e3434	1	19	母ちゃん。	オイラ、別にお金をムダ遣いとか	してないよ。	
L0ec2385b7f	1	19	ほら、かせいだお金も	ちゃんと貯金してあるでやんす。	・・・・・・・・・。	
L734145baa7	1	19	ハァ、緊張してきた。	自信を持って、自分で作り上げた	その役を信じるの。	
L7547118c98	1	19	ダチョウイベントをやることになった。	しかし、ダチョウがいなくなって	大騒ぎに。）	
Lcde5a4b115	1	19	まず、たくさん人がやって来る	ようにしないといけないからね。	その飾り付けをしてるんですか。	
L5ec55473f4	1	19	その飾り付けをしてるんですか。	それで、イベントの名前は・・・	ダチョウ祭り？	
L447fdea6af	1	19	さあて、どうだろうね？	それよりも、とっととダチョウを	捕まえた方がいいんじゃないのか？	
La9b3733047	1	19	ダチョウに乗って	ダチョウでダチョウを追いかけて	ダチョウでダチョウを捕まえるの？	
L5023b73bd6	1	19	せっかく準備したことが、全部	ムダになってしまうなんて・・・	だからアタクシは、	
L3578562176	1	19	イベントはどうするんです？	このままだと中止とは知らずに、	お客さんが来てしまいますよ。	
L97520f771d	1	19	試合に出ないのかなと思ったよ。	・・・・・・どけよ、ヘタクソ。	（バキ！）	
L2524d6d551	1	19	目の前に赤い星が並んでるでしょ？	あれはこっちから手を出せない。	この先には進めないってこと。	
Le8ca4e2004	1	19	大神	の重役の顔を覚えられないんだ。	写真を見ても５分後には忘れてる。	
Lfcf6f6ee78	1	19	の重役に対して	危害を加えられなくする処置か。	まったく、手が込んでいるな。	
L7f46251f84	1	19	同じ処置がされてるわけ。	セキュリティの穴を見つけても、	あたしには認識できないんだ。	
L0952db27f9	1	19	あたしには認識できないんだ。	だが、俺には見ることができる。	・・・連れてきて正解だったな。	
Lc5a4b7d047	1	19	だが、俺には見ることができる。	・・・連れてきて正解だったな。	うん、偶然だけど大正解だね。	
Lf8db90946a	1	19	これでわかった？	この人の方が、あんたなんかより	何倍も魅力的よ。	
L64e516beaf	1	19	わかった！	ところで、さっきの変な名前は？	あれは彼の芸名よ。	
Lc6cf33a163	1	19	破壊活動用サイボーグだったんだ。	でも、致命的な欠陥が見つかって	ネット侵入用サイボーグの開発は	
L1ba7facd1c	1	19	でも、致命的な欠陥が見つかって	ネット侵入用サイボーグの開発は	あたしを最後に打ち切られたらしいよ。	
Ld6105f6176	1	19	あっちの防壁は日進月歩だからね。	あ、でもこんなことはできるよ。	電話？！	
L17806652aa	1	19	の開発者も困っちゃってさ。	それで、最後はもっぱら実験台。	低温や衝撃に、サイボーグの機能が	
La0b48ee73f	1	19	大丈夫、こうしてまだ生きてるでしょ？	ちゃんと修理もしてもらったし。	でも、さすがにこのままだと	
L363c462f7d	1	19	火事の原因、不審火みたいなんだ。	その時刻に何をしてたか、警察が	話を聞きたがってるんだ。	
L20fafd6cf1	1	19	ちよ	ちゃん、俺ちょっと行ってくる。	・・・・・・・・・。	
L6cad199bab	1	19	よくあれだけの芝居が出来たと思うよ。	あっ、オレも入れて５人だった。	ははは。	
L19d2fd070a	1	19	役者として成功したい、	みんなに見て欲しい、なんてさ。	だが現実を見ろよ。	
L3d6ee42642	1	19	。	・・・夢なんて、捨てちまえよ。	そしたら楽になれるぜ。	
L2056515dde	1	19	巨大化した虫たちか。	・・・胸くその悪くなる光景だ。	虫は、これだけいれば十分だろ？	
Lc64fe34100	1	19	言っておくが、オレはやらんぞ。	その女はアンタがなんとかしろ。	の	
L88805dddc9	1	19	なるほど。	できれば虫に襲われてる商店街を	見ていたかったんだが・・・	
Ld5a50f2a0c	1	19	ずっとしばられてきた。	だが、その会社が私を裏切った。	もう	
L9f621dab64	1	19	見たところ、この部屋にはないけど。	ここはトイレすら共同なんだろ。	今から銭湯にでも行くのか？	
L9e6140c7f5	1	19	ああ・・・なるほど。	若い女の子のやることじゃ・・・	ちょっと待て、今から？！	
Lc652443532	1	19	・・・・・・・・・。	お恥ずかしい話ですが、どうやら	悪いのは、	
La025193664	1	19	は	商店街のメンバーだけで戦うって	言ってなかったっけ？	
L9b33b8c527	1	19	あのプロデューサーさんから！	今晩オーディションがしたいから	大都会ホテルまで来てくれって！	
L51af50195b	1	19	・・・「オーディションと言って	ホテルに呼び出し、女性の役者に	手を出してくる。	
L5c7e1af04e	1	19	こんなのでうまくいく訳ないだろ。	いいように使われて、利用価値が	なくなったら捨てられるだけさ。	
Lbd24864b51	1	19	毎日ボーッとしながら生きてたんです。	そんなある日、友達に誘われて、	小さな劇場でお芝居を観たんです。	
La9bb971bb5	1	19	ボクはその商品を見極めて、	価値を決めたり、どこに出したら	売れるか決めてあげるんだよ。	
L6f124b24cd	1	19	ガードマンを呼ぼうか？	それとも、君自身で説得するか。	ちよ	
L7912619c08	1	19	ちゃん。	こいつは役者を食い物にしている	悪徳プロデューサーだ。	
L707c7bc574	1	19	わたしはそんな事にはならない。	・・・わたしをバカにしてるの？	あんたに何がわかるっていうの？！	
L5a30c53fa0	1	19	・・・。	でも、わたしの夢はどうなるの？	ああ、夢をかなえて欲しい。	
L454c2b4c84	1	19	はぁ、何言ってんの？	俺の顔に泥をぬったらどうなるか	本当にわかってんの？	
L9cb78fb426	1	19	さあ、帰ろう。	劇団のみんなも、この前の公演が	消化不良だったから、早く次の公演の	
L717652a98e	1	19	この業界はな、悪魔に平気で魂売る	ようなヤツ以外お断りなんだよ！	とっと帰れ！	
Lcbcc6cb659	1	19	、	わたしの事なんか嫌いになって。	それでもう忘れて。）	
L22a5a22a56	1	19	いや、俺はいい。	さすがにそれをマスターしても、	何の役に立つかわからん。	
L4c03cfee1c	1	19	ど、	どうぞ、そのまま本に目を通して	もらっていて結構です。	
L45d86a146e	1	19	本当の事を言ってるだけ・・・・・・。	それに待ってるのは私じゃない。	えっ？	
Led8bab231e	1	19	（な、なにがしたかったんだ？もしかして	誉められたかっただけなのか？）	おっす。	
L92ad488e3a	1	19	でも・・・・・いつか、やってもらおう。	だから、今日はただの消毒だけで	我慢する・・・・・。	
L90690f67c4	1	19	（かなり買う物があったんだな。	両手がふさがってるじゃないか）	い持たない	
L4930b04851	1	19	うん。	私の発注ミスでストローを切らし	そうなの。	
L7507edf5a7	1	19	栄養剤か何かが入ってたんだな。	なんとなく体の調子が良くなった	気がするぜ。	
Lb49c8f60a7	1	19	おかしいなあ？	間違いなく健康に良さそうなのは	入れてないんだけど	
Le7f74a2f1c	1	19	うん。	慣れたら自然と覚えられるように	なってくるよ。	
L1f14d66dd2	1	19	親切心ですよ。	そんな企んでるとかあるわけない	じゃないですか。	
Lc75b2138c1	1	19	嫌だと言ったら無理やり手を引いて。	悩んでいたら心配する事はないと	抱きしめて。	
Lb74dce4648	1	19	維織	さんの言う通りにしてあげるよ。	俺が出て行く時に、目の前に	
L884a11be26	1	19	、今日もここにいるのか。	この間は声をかけようとしたら、	なぜか逃げられたからな。	
L30aabad01e	1	19	知らないわよ。	店の冷蔵庫に入ってた物を勝手に	入れたんだから！	
Le2a409c268	1	19	引き受けたクセに男らしくないね。	頼んでおいて人使いが荒過ぎると	思わないか？	
L4b5aabbeb7	1	19	う～ん。	なんか今、問題をすり替えられて	なかったか？	
L3216126bcc	1	19	ピエロ	は今、このチームに入ってくれて	俺に力を貸してくれてるだろ？	
L59aa7d4e0c	1	19	維織	さんが、ただその時から逃げたい	だけなら、それは間違っている。	
Lfb1a0f9ae8	1	19	さんが、ただその時から逃げたい	だけなら、それは間違っている。	だからその時が来て、俺がこの街を	
L98c28eaf8f	1	19	維織	さんに何も告げずに出て行く事は	ないから。	
L6346d4bf69	1	19	ん～！いい天気だなあ！	ちょっとそこのベンチでゆっくり	・・・・	
Lc471653839	1	19	ギリギリ間に合ったね。	もう少しで切れるとこだったよ。	あ、	
L216b9ce091	1	19	飛行機を作りました。	このように世の中が開けて生活が	便利になる事を文化と言います。	
Le06f973ce5	1	19	さん！	このジュースの中から一つ選んで	飲んでください。	
Lb013c0535b	1	19	そうじゃないとダメなんだよ。	そしてそれは自分で・・・・・）	維織	
L7bd42bfd05	1	19	維織	さん。ずっと気になっている事が	あるんだけど。	
L2aae311e4f	1	19	維織	さんは、何の仕事をしているの？	なんで？	
L2a1c8a43b3	1	19	切れそうなんだぞ！	このままじゃ落ちてしまうだろ！	いろんな物が落ちるぞ！	
Lf542f39f36	1	19	世納	さんにここでは会ってないけど。	そりゃ、あのカウンターに居るんだから、	
Ld5f8fc5bb3	1	19	維織	さん、やっぱり何か隠してるな。	途中で問題をすり替えたのが、	
L4eca3598ad	1	19	維織	さんが包丁の使い方を教えてとか	言うのよ？	
L5f8a5a1e18	1	19	まあ、そうだろな。	両手にビニール袋を下げてりゃ、	誰が見たって買い物だってわかる。	
L766cdd0f34	1	19	維織	さん、本読んでるとマイペースに	なっちゃうから、結局俺が	
L7260270de7	1	19	・・・・・・・・。	こんな事を他の人にもしないのは	本当だよ。	
L14b7324f85	1	19	何をしているのか、	わからないから不安妄想の螺旋。	不安妄想スパイラル。	
L1fe62e8d3c	1	19	思うけど、何か不安になる事があるの？	何か俺に不安を感じているなら、	話してみてよ。	
L2314b4453b	1	19	まだやってるのか？	もう、そろそろやめたらどうだ？	それは舎弟をクビという事ですか？	
Ldc02dc7fbe	1	19	・・・・・・はあ。	どっちでもいいけど・・・・・・	い舎弟をクビ	
Lc78310d46a	1	19	こんな働き者の若者は国の宝だと思うよ。	夢も希望も無く歩いてる年寄りに	比べたらね。	
Ld178a61c39	1	19	まあ、それを食べたからって、	さんに夢や希望に満ち溢れた未来	がやってくるわけじゃないけどね。	
L403d20aadd	1	19	どっちだ？	でも、ありがたくもらっとくよ。	缶詰は非常食には優秀だからな。	
L13da353ba0	1	19	さんだ。	この本は本当にわかりやすいぞ。	なんだか読んでるだけで、	
L9840039017	1	19	しか知らない	から、どんな人か興味があるよ。	・・・・・・	
Le834bd54ed	1	19	その上、なんで見栄を張っているの？	じゃなくて、どんな性格なのさ？	・・・・・・・。	
L7d85d541cb	1	19	しているようにも見える。	なら、このまま放っておいた方が	いいのかもしれないな。	
Lc5f02c8b77	1	19	君が、	さっきから何を嫌がっているのか	わからない。	
L364c614528	1	19	そんな事ないよ。	私だって立ち止まる事もあるし、	やめよかなって思う時もあるよ。	
L0cfef9c004	1	19	それだけだ。	でも、お前にはそれで十分だろ？	そう言ってくれる人がいるだけで、	
Lf38dbc29f0	1	19	・・・・・・・・。	さすがに下手に歳をとってないね	さん。	
Ld2000bae5c	1	19	ない！	俺がキャッチしなかったら、どう	するつもりだったんだ？	
Lc59c135929	1	19	維織	さんに、そんな印象受けたんだ。	貴方なら	
L9612fb86c6	1	19	大学にご在学中の間だけだったのです。	しかし、ご卒業から二年経っても	帰ってこない。	
L3b4482f2bf	1	19	ちなみにタランチュラって言うのは、	オオツチグモ科に属するクモ達。	世界中の温帯、もしくは熱帯域に	
L4c532cf23b	1	19	オオツチグモ科に属するクモ達。	世界中の温帯、もしくは熱帯域に	広く分布していて、小さいのから	
L9b4942dd4a	1	19	世界中の温帯、もしくは熱帯域に	広く分布していて、小さいのから	大きいのまで様々。	
L14ba962df6	1	19	そう。	あと他には焼きカブト・・・・・	ピ、ピザでいいよね。	
L8225b555d2	1	19	？	いや、違う！こんな時間に会いに	行くわけがない！	
L9533394c56	1	19	貴方がこの部屋にいる限り、	この部屋はずっと貴方の物です。	追伸	
L371ffb4f31	1	19	何も告げずに姿を消してごめんなさい。	いつか、どこかで貴方ともう一度	出会えたら、その時は・・・・・。	
L39377f34a0	1	19	せっかく外に出たのに、	ここに来てまで本を読むんだね。	うん。	
L0c745fecb0	1	19	さん。	だから、その質問はおかしいよ。	ほら、あそこにテントが見えるでしょ。	
Lf2acb0a32b	1	19	これで終わり？	こんな事で催眠術がかかるなら、	世界中のあちらこちらで寝てる	
L1e1077b0d5	1	19	おお！よくできているじゃないか！	凄いリアルな人がパソコンの中で	動いているぞ！	
L5226911596	1	19	メイドさんには、涙なしでは語れない背景	が自動的に設定されてるんだよ。	今の話のどこに涙が？	
L9ce158338b	1	19	秘境と呼ばれるところにも行ったし、	この街よりももっと田舎の町にも	寄ったりもした。	
L9acf654168	1	19	失礼だな～。	この顔のどこを見て驚くのさ～。	ボ～クの顔はいつ見ても愛らしくて	
Lfd57211793	1	19	う～ん。	でも結論を言う前に聞きたい事が	あるんだ～。	
L7609183029	1	19	き、	来てくれても、私は嬉しくないん	だからねっ！	
Lca523370ad	1	19	レトルトばかり食べてると思えば、	あの喫茶店にほぼ毎日来てるし。	めんどくさがりやなのか、	
Ld8afaf31d2	1	19	誰もが助けてくれた。	その道を進む事に誰もが喜んだ。	その道から外れようとすると	
L278906c5ad	1	19	というか、料理を作った事が無いのに、	どうしていきなり料理をするとか	言い出したの？	
L770fb71fa6	1	19	な、なんだと！	ええい！パンがなければケーキを	食べればいいじゃないか！	
Lae0f6bf427	1	19	さんの中では、	さんとその他の雑音ってみたいな	感じなのかな？	
L7abf4344df	1	19	思いついた話はしないからね。	前々から聞こうと思っていたか、	いま読んでいる本に影響されたかの	
L7e7ec80354	1	19	言わない。	猫とか犬よりもコビトカバの方が	かわいい。	
L26a92d15bb	1	19	まあ、人の好みはそれぞれだから、	これ以上、何も言わないけどね。	そう・・・・・。	
L67ef354137	1	19	准	に包丁の使い方を教えてもらった	らしいね。	
L39ef68e3c5	1	19	俺の為に手料理を作ってくれるのは	嬉しいんだけど、やっぱりそれで	維織	
Lfe19d22954	1	19	コーヒーを淹れなおしてあげるから、	しばらくゆっくりしていったら？	そうするか・・・・というか、	
L059f1e26f1	1	19	この間？	この間というか、ほぼ毎日バイト	していますけど。	
L2f3e9e1955	1	19	偶然、通りかかっただけ。	じゃあ、見ての通りデートです。	別に	
L74761b60bf	1	19	なんですか？	だから珍しく怒ってたんですか？	でも	
Lb976a03c5d	1	19	な、	なんなんだ？いったい・・・・。	お～い！	
L60773a4225	1	19	う～ん。	いつも、あの窓際の席に座ってる	けど、今日は来てないみたい。	
Lfba792bfb4	1	19	だからだな。ここにこのようにして	ボールが飛んでくるとバッターは	打てないんだよ！	
Lb1dc9fd691	1	19	維織	さんが作った物なら、すぐにでも	食べたいんだ。	
L9352b031fb	1	19	食べたいんだ。	高級食材とか高級香辛料とかは、	すぐに手に入る物じゃないだろ？	
Lec7c18335f	1	19	いいよ。	これぐらいなら、お安いご用さ。	じゃあ、	
L5aaae33b37	1	19	そうかい。	それで、お前が作ったゲームでは	電視	
Lf7d7fa05d3	1	19	頑張れよ。	俺はここでコーヒーを飲みながら	応援しておくから。	
L069be0beec	1	19	この世界の人間には影響は無いからな。	何を言っても無駄なようだから、	行って玉砕してこい。	
L7874c8c521	1	19	ダイジョ～ブだよ～。	ボ～クはしばらく、この街にいる	つもりさ～。	
Le760b43a9e	1	19	ピエロ	は人を喜ばす為にいるんだよ～。	ボ～クはこの街からやり直す事を	
L0bd684d240	1	19	は人を喜ばす為にいるんだよ～。	ボ～クはこの街からやり直す事を	決めたんだ～。	
L267dbf8f3f	1	19	そうか。	じゃあ、その時までよろしくな。	う～ん！	
L125875cb5d	1	19	それが私にとって何よりもの贈り物。	だから今日は特別な日じゃない。	毎日が特別だから。	
Lf5e735b140	1	19	彼女は明るく奔放で、	はっきりと思った事を口にでき、	だけど心優しい女の子だ。	
L036cf421d8	1	19	維織	さんが、そんな事を・・・・・。	だから、しばらく私もこの街でのんびりと	
Lbe373b2a89	1	19	どうしたんだ？	さすがにメイドが驚いていたら、	事件があったと思ってしまうじゃないか。	
L4c30aed3e1	1	19	ないない。	さっき突然、運ばれて来たんだよ	・・・・・	
Le32455f65c	1	19	准	ちゃんがピアノを練習したいって	言っていたから。	
L0da58283a0	1	19	私のはついでの理由だと思うけど、	さんに聴かせたいって理由だけで	あの人が何かするには十分でしょ。	
Ld875faa7b7	1	19	維織	に素敵なピアノを聴かせてもらい	ました）	
L62c4e52290	1	19	服を作りたいって言うか、自分で作った服	を自分の手で売りたいって感じ。	簡単に言っちゃえば、自分の店を持ちたい	
L3c9b391acd	1	19	をしてもいいじゃないか！	その人の為だけに道化になっても	いいじゃないか！	
L6916a0e73b	1	19	いいじゃないか！	自分が笑わせたいと思った人間を	笑わせる事ができるなら、きっと	
L97213aafe3	1	19	自分が笑わせたいと思った人間を	笑わせる事ができるなら、きっと	ピエロ	
L74633ed9c9	1	19	・・・・・	ううん、しばらく会えないから。	今日は	
Lcffc264bf5	1	19	維織	さんが何の鎖に捕らわれてるかは	俺にはわからない。	
Le8161ffbdc	1	19	俺にはわからない。	でも、こうやって人は過去の鎖を	自分自身の手で切り離す事ができる。	
Lca4422cf8c	1	19	でも私はまだ・・・・・・。	だから、私を連れ出して欲しい。	この閉じた世界から貴方の手で。	
L8a3591baad	1	19	だから、私を連れ出して欲しい。	この閉じた世界から貴方の手で。	飛び立たせて欲しい。	
L82c8c3c7e8	1	19	そうなんだよ～。	あの子がこんな所に居るなんて、	驚いちゃって～。	
L56d84f9742	1	19	そんなのもちろんですわ！	私はご主人様が・・・・・・・。	准	
L86889c8d39	1	19	維織	さん、ダメな大人まっしぐらには	間違いないんだが、	
Lf84a58e5c3	1	19	何をわけがわからない事を言ってるのよ。	そんなのハマるわけ・・・・・・	・・・・・・・・・・。	
Lb1e6e3bd88	1	19	えっ？	ああ、そう言う意味じゃなくて。	まあ、逃げられた事には変わりがないか。	
L5d17876cdc	1	19	さんが居ない、	あの部屋に居ても意味ないだろ。	確かにね。	
L21e625e71e	1	19	どうするも何も、	どこに行ったかもわからないし、	探す手段も無いからな。	
L13a39dbf2c	1	19	知り合いになってから、	ボ～クの妙技で彼女をメロメロに	するんだよ～。	
Lf11abdfe16	1	19	そ、そうなんだ～。	ボ～クどうすればいいかなあ～。	私、ほとんど毎日、	
L5a60df9fdb	1	19	維織	さんなら数カ月後に本当に作って	しまいそうで怖いなあ。	
Lc184225570	1	19	ここはリアルワールドだ。	きっとお前のレベルは５もない。	それじゃあ隣町にしか、	
Lcb0712581d	1	19	誰が武器屋だ。	で、そんなデーターを入力して、	どうするつもりなんだよ。	
Ldb7626ba03	1	19	な、なに言ってるんだ？	ダーリンって紅茶の種類の事か？	それはダージリン。	
Lf783114481	1	19	つかなくて	ほら見て。間違ってハムサンドに	マスタードを大量にいれちゃった	
L102563c8ff	1	19	ほら見て。間違ってハムサンドに	マスタードを大量にいれちゃった	でもダーリンは私の作った物なら	
La50118aaea	1	19	マスタードを大量にいれちゃった	でもダーリンは私の作った物なら	なんでも食べてくれるよね	
Lc2579ad62a	1	19	い、	いや、これはパンがマスタードに	サンドされてるように見えるんだけど。	
L9eb0d20d58	1	19	・・・・・・・・。	さん。固まってるけど、だいじょ	・・・・・	
L7ececef538	1	19	さんの気持ちが	こもった物の方が喜ぶと思うよ。	そうなのか？	
L047110386b	1	19	維織	さんは自分の意志で帰ったんだ。	自分で飛び立つ為に。	
L5d09e83a06	1	19	か。	というか俺の方が年上なんだから	君というのは、いい加減やめろ。	
L72e76e1e31	1	19	電視	がいるから営業モードなんだな）	って、どうしたんだ	
L5b54862968	1	19	准	が行った直後に君に逆戻りかよ。	知り合いというか、常連というか。	
L3b41be9452	1	19	そしてご主人様と言って、相手を気分良く	させるにはさらに上の・・・・・	お待たせしました！ご主人様	
La8e5181f84	1	19	本当にアイツは・・・・・・。	でも、まあ、本人が喜んでいるし	・・・・	
Lcaf7060f9c	1	19	さんの過去も。	それが君を縛る鎖になっていると	思ったからだ。	
L759e522d8d	1	19	違う方向を指してくれる人はいない。	私が成長する度に、その想いは、	どんどん太く、そして強くなって	
L80719e05d5	1	19	私が成長する度に、その想いは、	どんどん太く、そして強くなって	私を締め上げていく。	
Lbe9139b3b5	1	19	その力を持っているわけじゃない。	貴方の翼と私の翼が違うように、	私と貴方では住んでいた世界が違う。	
L678dd7d003	1	19	維織	さんの趣味にヒットしたみたい。	じゃあ、その格好はこの場所には	
L961c7f1994	1	19	あれ？	いつもなら、俺が一人であの席に	向かうのに、今日はやけに親切だな。	
L904cbc170d	1	19	何をだ？	そして何で俺の質問に答えない？	見てませんよね？	
L85eefd84d3	1	19	だから、つまづいた姿は目に焼きついて	しまうぐらい、バッチリ見たぞ。	さあ、どうぞご主人様	
L93c63297a9	1	19	危ねえ！	もう少しでコーヒーをかぶるとこ	だった。	
L75805bbe03	1	19	仕方がないなあ。	さん、本人が言うのなら・・・。	准	
Leab7cddcae	1	19	ごめんなさ～い。	コーヒーをこぼしちゃいました～	嘘つけ！投げてるじゃないか！！	
L8185220b69	1	19	はい、そうです。ご主人様	こちらの席にお座りくださ～い。	は、はい。	
L0ea924828a	1	19	知らないわよ。	とりあえず今度、会ったらお礼を	言っておきなさいよ。	
L201d33c137	1	19	危なかった～。	しかし、あの女の人は誰なんだ？	なんで俺なんかに・・・・・・。	
Lb9feb009a5	1	19	しかし、あの女の人は誰なんだ？	なんで俺なんかに・・・・・・。	次に会ったらお礼を言わないとな。	
L448d922e89	1	19	あれ？おかしいな。	ここらへんにテントを張っていた	はずなんだが。	
L75cb30ef8f	1	19	誰かに飛び立たせてもらうんじゃなくて、	自分自身の羽で無限の空を自由に	飛びまわれるように。	
L7eff2b9526	1	19	いつも通ってもらってるが、	こうやって面を合わせて話すのは	初めてだね。	
Lf2e291a31c	1	19	感情の欠落がいいわけないだろ！	人である事を否定するような事が	いいわけないじゃないか！	
L21f977e270	1	19	お嬢様の住む世界	では、それは重宝されるのだよ。	うっ・・・・・・。	
L4c745c6f0c	1	19	それが年内に延期された。	これまで自分の社長就任に対し、	何も言わなかった	
Ldcb129b89c	1	19	翼を広げようともしていない人間が、	できなかったなんて口にするな！	したよ！	
L9c4560b0f2	1	19	前に進む事は、自分の道を進むって事は	鎖を引きちぎる事だけじゃない！	それを引きずりながらでも、	
L4ac6ab2803	1	19	さん、俺は忘れるなと言っただろ。	君が望むなら、俺がこの世界から	連れ出してあげると約束した事を。	
La7acca218d	1	19	へぇ。	じゃあ、しばらく家にいるんだ。	そうなるね。	
Lfa8cf590f1	1	19	いえいえ。	そういうわけではありませんが、	霧生	
L39b077cddd	1	19	霧生	さんも気をつけたほうがよろしい	ですよ。	
L124174e228	1	19	・・・ほほう。	ここが、アナタの住まいですか。	ええ、	
L7669a27efe	1	19	様は、例のディスクさえ	返却していただけるのでしたら、	今回の件は、無かった事にしても	
Laf84bdd299	1	19	返却していただけるのでしたら、	今回の件は、無かった事にしても	よいそうです。	
Le8d93c4f1d	1	19	お見合いを逃げ出してきた時などは、	ほっと胸をなでおろしましたな。	はあ・・・	
Lab25b04073	1	19	さん。	少し相談したい事があるんだけど	いいかな？	
L82a0ed51f1	1	19	もう少し、様子を見ようじゃないか。	ディスクを見つけてくれるのなら	その方が楽だ。	
Le36c5fc369	1	19	ちょっと、不審者っぽいよな。	うわ・・・それはちょっと・・・	（ガチャ）	
L8e03ee1830	1	19	まったく・・・	そんな物食べたら、お腹壊すぞ！	へ？	
L5ab2f8d99e	1	19	まかないの残りだけど	そんな物食べるより、マシだろ？	・・・・・・	
Lfab497a358	1	19	ど・・・	そんな感じの電話じゃないよな。	もしかして、暗号と	
L4a2b5bf4cf	1	19	て大吉じゃないか。	こんな所で運使ったらダメだよ。	あはは。	
L8c5f0f946c	1	19	さん。	そのディスクを、渡してあげて。	確かに・・・	
L275f68d06a	1	19	それなら大丈夫だ。	現役引退た身で、口封じのために	殺しは	
L7045e2f27f	1	19	ないな。	もしそうなら、こんなに探したり	しないしな。	
L030b8ecb76	1	19	を終了します。	引き続き、コマーシャルの後で	後半	
L52aca8045a	1	19	がんばるぞ。	う～ん・・・そうだなぁ・・・	・・・・グ～、グ～。	
L009c0781b1	1	19	木川	の姿がどこにも見えないけど。	まったく、無用心だなぁ。	
Ldb9b93a9ad	1	19	しあわせ！	・・・・・・なんだ、そりゃ。	こ	
L62c0f0716c	1	19	な	は発声がまだ出来ていないから	教えてあげる。	
L645d556178	1	19	（怪しい奴が足元にいるぞ？	くそ俺の身体、動け！動け！）	・・・・・・。	
L3df3e4b587	1	19	誰もいないな。	じゃあ、こんなところにいても	しかたがない。	
Lfff3a2c179	1	19	・・・あ、そうなのか？	じゃあ、君の使い古しか・・・	まあいいや。	
L8551631c92	1	19	いつもがんばってるね。	これでも持っていっておくれ。	ああ、あそこがチラシを配っていた	
L38d997e688	1	19	かなり怪しい雰囲気だな。	せっかくここまで来たけれど、	なんだかまずいことに	
L4e7a2776a2	1	19	毎回そうだな、君は。	もうちょっとのんびりと・・・	だって、時間ないんだもん。	
Lb3ff80da28	1	19	人生の時間は限られてるんだよ？	あくせくしないでどうするの！	うん、まあ、そうかな？	
Lbf5c1e15ea	1	19	・・・・・えっ！	アイツまたテントから・・・！	ワン！	
L1e26ca6aeb	1	19	おい刀を抜いたぞ！	これはまずい、危険すぎる！）	・・・・・・心配するなムシャ。	
Lb7533eb6cc	1	19	・・・あいつ、どこに消えた？	それとも、全部夢だったのか？	ねえ、おじちゃん。	
L543e2e47c1	1	19	いらっしゃいませ！	どうです、お決まりでしたら、	おうかがいいたしましょうか？	
L471e10dae4	1	19	ムシャ	は内角球を打つのがうまいな。	なにかコツでもあるのか？	
L5157603366	1	19	でも、このチームって	たしか今年かぎりだったよね？	・・・・・・・・・・・・。	
L245bbca4b2	1	19	町の人の視線を感じるぞ。	しっかりしないといけないな！	あ、	
L208451222a	1	19	昔からか・・・・・	まあ、食料さえ狙ってこなきゃ	こっちから関わることはないけどな。	
L85b0c026c2	1	19	君はどうして	そっちに話しかけるかなぁ～。	これで俺が２ポイントリードだ。	
L6fbc021fee	1	19	ああ、期待しちゃだめだよ。	草野球のチームなんて、みんな	強そうな名前をつけるからさ。	
L6499c6572e	1	19	！	・・これはお前がやったのか？	うむ。	
L3f48ea802c	1	19	それ、ぜんぜん笑えませんよ。	あの倉庫はどうなるんですか？	持ち主は、保険が下りるから	
L97bbdf691f	1	19	待て、口にくわえているのは・・・	俺の貴重な食料じゃないか？！	ワンワン！	
L22ce3da0e7	1	19	はいはい、すぐに夕食にしましょうね。	さんも食べていってください。	遅くまで手伝ってくれたんですから。	
L6f25fc253a	1	19	あなたが店番をしてくれるおかげで、	厨房にいる間に、そこで料理が	できるようになったんです。	
L52b0f39c5e	1	19	来てくれたの？	いそういうことにしておこう。	いやあ、クールだね！	
L2272bd61a4	1	19	ほー・・・	お前、なかなかうまく魚をとる	じゃないか。	
La3aaa0072f	1	19	ほら、リンゴの山の中にバナナとか	メロンが入ってるような・・・	うん、そんな感じ。	
L7d0a538aa7	1	19	ふーん、そうなんだ。	・・・ちょっとがっかりだね。	疎外感は誰でも感じることはあるさ。	
L5e790e299e	1	19	おいおい、なんだよ。	それなら、もっとうれしそうに	すればいいじゃないか。	
Lb0d155e334	1	19	あ、この前の犬だ！	今日はこの前のようには・・・	（サッ！）	
L16cf365ad0	1	19	エビフライと、ポテトサラダ	ののサンマと、大根の煮たやつ	はは肉じゃがと、高野豆腐	
L5fd25182df	1	19	アイツ、普通の飼い犬だったんだ。	事故でケガをしてかららしいぜ	人に近寄らなくなったのは。	
L0489490894	1	19	さんの右手が、一瞬でアルミホイル	みたいにつぶされたでやんす！	おいおい・・・	
Lbeb799be04	1	19	武美	って呼んでくれなきゃ、ヤダ。	ええと・・・	
L0e7e9971e9	1	19	おや？	こんなところに、おいしそうな	キノコが生えてるぞ。	
Ldba3f9f2e4	1	19	子供のころ以来だよ。	・・・お父さんとやったんだ。	ふーん、そうなのか。	
Lcb97d784d5	1	19	必殺技なら、	もっと強くあるべきでやんす！	ま、	
L7bac1fb899	1	19	だいたい、こんなハサミつけたまま	野球できるわけないでカニよ。	・・・うう、なんだか裏切られた	
Lec8aeb505a	1	19	・・・あんまり	驚いてないみたいでやんすね。	９年連続で、	
L242117bb8d	1	19	で	遊んでほしいらしいでやんす。	・・・・・・簡単に説明すると	
Labcf3d8a0e	1	19	ええ、ウソ！？	じゃあ、その次の週で頼むよ。	・・・なにをしてるんだ？	
L3a8b20a845	1	19	あそこの芝居は、どんなのか知らないけど見に来るのは若い子たちなんだろ。	だったら商店街としても若者に	アピールするいい機会かもなぁ。	
L8513f171ad	1	19	君。	芝居ばかりにかまけてないで、	野球もしっかり頼むよ。	
L02755b1920	1	19	がいるんだ？	・・・ユニフォーム着てるし。	フウム、僕が思うに・・・・・・	
L752737247f	1	19	よかったら、	そのチラシもっとあげようか？	いやったぁ！	
L2948721d46	1	19	いつのまにかチームに溶け込んでる。	・・・それに、確かにあいつ、	俺の枕もとに現れたよな。）	
L09d7ecc6fc	1	19	普通に店やってても食っていけないよな。	ただな、よくいろんなところで	「古書フェア」とかやってたりするだろ？	
L4d1c85783e	1	19	こうやって細々と生活するのって	割と好きなんだよなぁ・・・。	・・・そうだったのか。	
L464c77bb2e	1	19	らしいからね。	その亡霊が、いまだにウロウロ	してるんじゃないかしら。	
La14a7f0c68	1	19	どこかの家には、	残ってるかもしれないが・・・	ああ、そうだわ！	
Ldf70a8495a	1	19	ああ、そうだわ！	あの子が持ってるんじゃない？	ほら、あの・・・	
Lff0ed2ae46	1	19	いらっしゃいませ！	うなんだ、今日は休みの日か。	そ、	
L3c8365881e	1	19	どんなに練習しても	それだけでは能力は上がらない	のさ。	
L16ea0c8567	1	19	説明するのもイヤだしさ。	それより、麦茶もう一杯どう？	・・・ああ、いただこう。	
L1bfe581953	1	19	やっぱり、	都会に出るからって、わざわざ	その格好にしてたんだね。	
L72a9edf30a	1	19	あの、これは好奇心じゃなくて	純粋に職業的に参考にしたくて	聞くのでありますが・・・。	
Lb578a65834	1	19	ば、バカ野郎！	おまえなんて、ナベで煮られて	食われちまえ～！！	
L287b4baab7	1	19	いいカニよ。	・・・野球のほうが楽しいし。	どうせ、カニのバケモノが暴れたって	
Lf9b9fd4a48	1	19	君？	・・・カレー、普通で頼むよ。	はは	
L5fe0e70294	1	19	・・・どうして、お前は	何度も川に流されているんだ？	人は運命に逆らえないのでーす。	
Le23310cb16	1	19	人は運命に逆らえないのでーす。	時の川を流れていくのでーす。	・・・・・・。	
Lad462ec579	1	19	・・・オウ！・・・オウ！	なが、流されまぁ～ス・・・・	・・・・・・	
L06ee499562	1	19	これは会長。	週末はこちらで試合をごらんに	なっていただけるそうで。	
L3fad0f09f4	1	19	どんなものなのか、そろそろ私にも	教えていただけないかと・・・	ところで、	
Lca7f2d7797	1	19	探検隊ぐらいなものかな。	・・・だが、メリットもある。	商品をほとんど置かなくていいんだ。	
L47ec1245e5	1	19	あれ、母ちゃん？	お店は、どうしたんでやんす。	試合のことが気になって、	
L498eecc0b4	1	19	へえ、そんなことが。	サイボーグは、見た目じゃ全然	普通の人間と区別できないらしいぜ。	
Lb567fedad1	1	19	感情が高ぶっても涙は出ないんだよね。	まったく、つまんないところは	ちゃんと作ってあるんだから。	
Lb9f8473dd0	1	19	まったく、つまんないところは	ちゃんと作ってあるんだから。	・・・・・・・・・。	
Lcf041f5d5d	1	19	このあたりはとりあえず無事ですけど。	酸素が持てば、なんとか・・・	うふふ、なんだかおかしいですね。	
L0a7deee818	1	19	よかった。	それなら、時間はたっぷりある	ということでしょう？	
Le86c95e365	1	19	との試合以来じゃないのか、	これだけ観客が入ってるのは。	でも、この観客なんですけどね。	
L30e91e1124	1	19	・・・・・・・・・。	（わたしは土地を手に入れろと	指示しただけのはずだが？）	
Lf9cf324061	1	19	。	悪いが、これでお前のチームも	商店街もおしまいだぜ。	
L62d6b26eba	1	19	そう。	俺たちが暴れると子供も大人も	大喜びだったのでカニ。	
Ld4674164ef	1	19	もちろんだカニ。	テーマパークでも、着ぐるみは	しゃべっちゃダメなのでカニ。	
Lb806c52ff2	1	19	テーマパークでも、着ぐるみは	しゃべっちゃダメなのでカニ。	あ、いやそうじゃなくて。	
L32e29aa030	1	19	この石、よく見ると何か刻まれてるぞ。	ボロボロで読めないけど・・・	・・・おい、	
L1762fd70d9	1	19	最近ちょっと劇団がごちゃごちゃしててさ	あいつもピリピリしてんだよ。	それで	
L834a83f247	1	19	。	お前、今は予備の投手だけど、	投手以外のポジションも	
L925ca61eef	1	19	この水泳で鍛えられた	たくましい腕が見えないのか？	（ちっとも泳いでないじゃないか。）	
L5ce228cc8f	1	19	（あの男は試合に負けた程度で	どうして動揺してるんだね？）	（さあ、私にはわかりかねます。）	
Ldad828d377	1	19	こともなくなった。	自分の守備範囲、ということが	判ってきたのである。	
Lf6f5ee5982	1	19	やるってのか？	言っておくけど、殴り合いなら	オレは誰にも負けない自信があるぞ。	
L962b00cff6	1	19	オレたちが助けてやってんのに。	少しぐらい感謝の気持ち・・・	オイ、黙れ！！	
L06591ed650	1	19	あのね。	あたし、料理のレパートリーが	少ないでしょ。	
L1092b7fd7a	1	19	俺たちの見えないところで	しっかり練習していたんだな。	フン、負けちまえば意味ねえよ。	
L49bf29d909	1	19	の目的が	この商店街の土地だと考えれば	スーパーの動向が納得できる。	
Le62e70908d	1	19	（いきなり商店街がつぶれたと	思ったんでやんすね・・・。）	おや、	
Lc132f99617	1	19	まったく、母ちゃんは心配性でやんす。	別に迎えに来てくれなくても、	オイラ一人で帰れるでやんす。	
L69c6fce030	1	19	別に迎えに来てくれなくても、	オイラ一人で帰れるでやんす。	あそこにいるのは	
Lbda5d3027c	1	19	ムシャ	はおいらのヒーローでやんす！	これからは、	
L472842c440	1	19	・・・・・？	あのお姉ちゃん、変でやんす。	こ	
Ld0266cdc1d	1	19	まあ、いいさ。	こういうのはよくあることさ。	しょうがない、これを改造して	
L712eb6ed2d	1	19	こういうのはよくあることさ。	しょうがない、これを改造して	バッタのかぶり物にでもするさ。	
L78f170b618	1	19	オウ！	・・・ヘルプ・・・あ～・・・	う	
L2d4a6136f7	1	19	ま、それに、いざとなったら	責任は他の奴に押し付けるから	オレの知ったこっちゃないしな。	
L1d15922c44	1	19	お客さん、お勘定・・・	ああ、また逃げられちゃった。	今日は、次の試合に向けて	
L46f389fd25	1	19	がんばってるところ	じゃなくて、悪いところを見て	やる気を出したのか・・・）	
Lf0183e7a09	1	19	ああ、さわるな！	それ、乾かしてる最中だから！	ごめんごめん。	
L3034590b60	1	19	いいんでやんすかね？	とりあえず、退散でやんす！）	うふふ、冗談ですよ。	
Lfab75c8d8b	1	19	ここんとこ、ウチは負け続けなんだよ。	いい選手は引っ越しちゃうし、	とんだ弱小チームに成り下が・・・	
L3cd1ada871	1	19	ああ、すまないな。	そういうのはちょっと苦手だ。	・・・しょうがない奴だな。	
Lffe44ba29e	1	19	あの時、つれて帰ってくれば	きっと仲良くなれたでやんす！	・・・あの犬はね。	
Lf9ad5ae2c1	1	19	ずうっと一人ぼっちでやんすか？	そんなのつまんないでやんす！	・・・そうだな。	
L1ace5749d3	1	19	そうかなあ？	むこうは困ってたみたいだし、	こっちは使ってない部屋を	
L5a7c5570a3	1	19	風来坊さんは紳士だし、あたしは	そういうことに興味ないから。	・・・他の人ならともかく、	
Ld8eb535d72	1	19	うん。	あ、風呂と台所も貸してるか。	ええと、あとトイレも。	
L373f3257d5	1	19	貴子	さんは、まだ高校生だし・・・	誓って、そんなことはしてません。	
L8da4d80d81	1	19	あ、ああ。	そう、今日が俺の誕生日だよ。	今日から、今日が俺の誕生日だ！	
L9be1e18750	1	19	言ったんじゃないです。	仕込みさえやっていただければ	俺でも店番ぐらいはできそうだ。	
Lad15d4dfd4	1	19	おおっ！	カッコイイのがいるでやんす！	・・・？	
L5dbc2f909b	1	19	すべて塞げば、	ゲームはクリアになります。）	（壁の穴を塞ぐための荷物は	
L75076d56e4	1	19	できます。）	（襲ってくる虫は、Ａボタンで	殺虫剤をかけるか、壁でつぶして	
L573ea1dffe	1	19	やっつけましょう。）	（殺虫剤入りケーキは、拾うと	Ｘボタンで設置できます。）	
L701da4c965	1	19	２人でのんびり	さんと話をしてみたかったの。	・・・ふーん？	
L4e3ba419ab	1	19	ねえ、お父さんの腰が治っちゃったら、	さんは店出て行っちゃう・・・	のかしら？	
L64c82c5503	1	19	とりあえず、	この日程でいこうと思うんだ。	大村	
L49aeaf0726	1	19	俺は	しばらくこの土地を離れるぜ。	なんだって？	
Lda57eea673	1	19	ここに来て兄貴見ていると、	そんなこと関係ないかなって、	思えてきました。	
L20f0c2c92b	1	19	ああ、いいな。	・・・タマゴ、つけていいか？	いいですよ。	
L6771df8a57	1	19	緊張感をもたせるためなのでやんす。	なお、ミニゲームによっては、	失敗してもやり直せることもあるので	
L5151562f58	1	19	・・・それは付け合せ。	・・・参考になるような意見が	出せなくてごめん。	
L1e7956d361	1	19	もう、仕方無いわね。	じゃあ、別のおかずにサンマを	焼いたのをつけてあげるわ。	
La80cc78bcf	1	19	う～ん、昨日の疲れが残ってるしな。	もう少しお布団の中にいたい。	じゃあ、俺もそうしよう。	
L37dcb499eb	1	19	今の生活ってお金はそんなにないけど、	別に困ってるわけじゃないし、	むしろ充実してると思うんだ。	
L59ef715edd	1	19	しかしこのナベ、	そうとう年季が入ってるねぇ。	・・・お恥ずかしいです。	
L4aabda57d2	1	19	どっかうろついてんじゃないか？	そんなことより、練習だ練習！	ああ、わかった。	
L599189551b	1	19	じゃあ、オイラが他の犬に食われない	ように、見張っとくでやんす！	た	
L86a0bf90a4	1	19	なにをシレっとしてるんだか。	こーーーんな、めでたい日に、	なにを冷静にしてんの？	
L2fc48bb8e5	1	19	ああ、めでたいっ！	あたしの寿命が伸びて、来年も	クリスマスが祝えるかもしれない！	
Lf79a219c33	1	19	恐怖を隠そうとしている。	もう時間が残り少ないのか？）	ていうか、おめでたい以外に	
Ld16a2c1785	1	19	かかか、母ちゃんに何するでやんす！	あああ、あっちいけでやんす！	どうした、	
L28810e8139	1	19	ひどく危険な犬でやんす！	みんなでやっつけるでやんす！	いいや、ちょっと待ってくれ。	
L947fa0fe91	1	19	スーパーの	出店規制条例の違反について、	教えていただけませんか？	
Lf9e81a481f	1	19	放っておきましょう、先生。	あれは、男同士の仲直りの儀式	みたいなもんですから。	
L1b7c790106	1	19	でも、ご飯ができてないわ。	サフランライスの作り方なら、	見てますから、だいたいわかります。	
Lcdadb9d011	1	19	いえ。	・・・この店はね、亡くなった	主人が作った大事な店だから・・・	
L2fa51d191a	1	19	主人が作った大事な店だから・・・	あたしのせいで、評判を落とす	わけにはいかないのよ。	
Lbc111ac0e6	1	19	・・・・・・・・・・・・。	・・・世間の評判なんて・・・	もう、うんざり。	
L24610f21e0	1	19	なりたくない」	って、言われちゃったんだよ。	・・・なるほど。	
L2815fea43c	1	19	そんな欲望はないよ？	でも金物やら電動工具に対する	愛情は誰にも負けないつもりなんだ。	
L7a6b244485	1	19	あ、ちょっと帳簿をね・・・	さんにもお給料渡さないとね。	・・・この店、ひょっとして	
Lba099a9cf9	1	19	やってきたんだから、	これからもなんとかするわよ。	い・・・がんばりましょう。	
Lf87e595539	1	19	いつまでたっても笑いが収まらない	もんだから、心配した開発者が	鎮静剤を注射しすぎちゃって。	
Lcf7046dc37	1	19	鎮静剤を注射しすぎちゃって。	笑いながら意識を失ったのって	あれが最初だったかな。	
L84abe1694e	1	19	それがわかったから、	ここでの生活が一段落した時に	恩返しに行こうと決心したんだ。	
Le88cfff629	1	19	おじちゃんでやんす。	こんなところでなにしてるの？	行く川の流れは絶えずして、	
Lab96ac8e86	1	19	ふむ。	川面（かわも）の動きを見て、	わが身の行く末を案じておったのだ。	
Lfadbcfd113	1	19	わかりやすいのはいいが、	お前のキャラに合ってないから	早く元に戻せ。	
L414b04a96a	1	19	こっちは見つからないでやんす。	そっちはどうだったでやんす？	いや、公園って意外にいろいろ	
Lcef2d7fb41	1	19	そりゃあ、この商店街の客が	向こうに行っちゃうから・・・	もっと	
L5eb2771cf1	1	19	特殊な場所にあります。	あっちのスーパーは車で来る人	向けの立地ですよね？	
L87eb947d5b	1	19	利用客は別の駅前に行くだけで、	わざわざあっちのスーパーには	行かないと思うんですよ。	
L11ca61239c	1	19	わかった！	きっと、あのスーパーの店長は	根性が曲がってるんだよ！	
L86369458f4	1	19	このゲーム中では詳しく述べませんが、	サギの一種で犯罪行為です。）	そうねぇ、いっそのこと	
L6d0998a5a7	1	19	本気で世界征服とか	たくらんでるんでありますか？	そうそう。	
L81c624c54a	1	19	それで、資金でも集めようと	いうことになって、銀行強盗を	計画したのでカニ。	
Laba71a5580	1	19	それで、みんなで銀行に行ってみたら	普通のビジネススーツ着た男が	やって来て、俺たちの目の前で	
L7a3b361559	1	19	普通のビジネススーツ着た男が	やって来て、俺たちの目の前で	銀行をふっとばして行ったのカニ。	
L23ed7417b0	1	19	飛び出して来たのカニ。	あとから警官隊がやって来て、	銃で撃たれまくってたけど	
L6bd0520ace	1	19	あとで調べたら、戦争用の	サイボーグだったらしいカニ。	おまけに翌日の新聞には	
L1c07967fb1	1	19	こたえたみたいカニね。	世の中に置いていかれた～って	すっかりヘコんじゃって	
Lcda4eb7f28	1	19	仕方無いだろう。	ここでなら、住む所も働く所も	そろってるじゃないか。	
Lde6a17ebd2	1	19	お父さん！	そんなの勝手に決めたら・・・	さんが迷惑じゃ・・・・	
L664ee68729	1	19	さんも、	お父さんも助かるって話なら、	俺はよろこんで、	
L1b628b615e	1	19	選手同士が殴り合いを始めました。	（・・・試合は、なんと途中で	ビクトリーズ	
Lb4d39fc581	1	19	この前、試合放棄で負けだなんて。	家族連れで応援しに行ったのに	とんだ恥さらしですわ。	
L2449f133ca	1	19	いーや、それだけでは	たぶん栄養が足りないと見た！	・・・まさか、虫とか食べてないよね？	
L146997ecda	1	19	お仕事がんばってますか？	晩御飯用意して待ってます。）	ふうん。	
Le0cfd51d78	1	19	のの	そんな風に、自分をおとしめる	のは良くないぞ。	
L63e0be6f36	1	19	ムシャ	、そんな能力は持っていない。	安心しろ、女が笑っておるムシャ。	
L9be3d407a1	1	19	監督、とにかく商店街のためにも	この試合は勝ってくれたまえ。	まあ、	
L9a986743b6	1	19	本来商店街の人間じゃない者が	試合に出ていることがばれると	いろいろとやっかいじゃないか。	
L656b7d6041	1	19	正直に言うと、俺も気に入らん。	だが、会長の強い要望なんだ。	この試合だけはガマンしてくれ。	
Le592392acf	1	19	その点にぬかりなし。	危険性を高めに評価したなれば	もっとも安全な方策に落ちついたり。	
L1849940909	1	19	監督は、いきなり	俺をキャプテンに指名した。）	おーい、みんな注目！	
Lfd892dae19	1	19	今日は、重大な発表がある。	これまで、商店街会長のワシが	監督をやってきた。	
L5771823187	1	19	さんは、長年	学校で野球監督をやってきて、	甲子園優勝の実績がある方なんだ。	
Le30a3f6037	1	19	立場上、こういうことを言うのは	なんなのでありますが・・・。	だから、なにカニ？	
L5f87712721	1	19	よし、俺もう一度	ちゃんと怪人やってみるカニ！	子供が怖がって泣き出すようなヤツ。	
L940187dba1	1	19	別の存在なんだから、正体が	何かってわけじゃないカニよ。	ま、気が向いたら人間とカニに	
La608e280f7	1	19	何かってわけじゃないカニよ。	ま、気が向いたら人間とカニに	分離してもらうカニよ。	
L657e2177b8	1	19	技術的には問題ないカニ。	問題は、そうなった場合・・・	今のカニ怪人としての意識が	
L679074796f	1	19	今のカニ怪人としての意識が	どうなってしまうかわからない	ということなのカニ。	
L8257c47b4a	1	19	ねえ、なんか都合のいい	明るい未来はないもんカニ～？	・・・いきなり悲観か。	
L2c117cc685	1	19	変な店の前で	店員に料金を払えって言われて	泣いてたのを助けたじゃないか。	
L040b569a93	1	19	そりゃ、命の恩人だから	貸せって言えば貸すけど・・・	１００円、貸すんですか・・・？	
L3662333011	1	19	うん。	うちの劇団に出入りしてるの。	へえ、じゃあ	
L7fd7279f21	1	19	そうか・・・・・・	ところでお前な、あいつのこと	どう思ってるんだよ？	
Lc78d041ff2	1	19	ええっ？	しかし、本官は時間が・・・・	それに今の練習だけでも、へとへとで。	
Lb570abdd9e	1	19	・・・僕はやるよ。	あんな野球なめた連中に負けて	たまるもんか。	
L5d3a449408	1	19	はぁ？	高校野球の甲子園に比べれば、	無人みたいなもんだ！	
L59a5955801	1	19	よーし、みんな！	この試合が商店街の正念場だ。	絶対に勝つぞ！	
L4f8251ae02	1	19	の謎の財宝の情報に、	舞い上がる支店長だが・・・）	くっくっく、商店街の連中	
La1816f0070	1	19	大都市の上空で被弾して、	この町まで逃げてきたらしい。	ふむ、それで？	
Lf2097d89d0	1	19	（商店街の野球イベントは、そこそこの	成功を収めることが出来た。）	あら、ダチョウは中止なの？	
Lc644fd9d87	1	19	なんだい、なさけないね。	若い人は、もっと自分の意見を	持たなきゃいかんよ？	
Lf228f96c95	1	19	が	野球で名を売るのは、ちょっと	無理になるかもしれない・・・	
Lb4fbe03e29	1	19	野球で名を売るのは、ちょっと	無理になるかもしれない・・・	でも	
L2eb7550f34	1	19	を虫まみれにして	イメージダウンをさせるような	そんな作戦が採用できるか！	
L51f070aa41	1	19	・・・おやおや、それは残念。	オレは商店街をつぶせ、としか	聞いてなかったんでね。	
L23f313bdfa	1	19	（河原にテントを張って、	いよいよ野球生活の開始だ！）	そのユニフォームは、	
L1fb79425d3	1	19	・・・・・・・・・・・・・・	あの犬は飼い犬だったんだが、	飼い主がこの町に引っ越してきたときに	
La79c747280	1	19	まもなく会社が倒産した。	で、借金取りが大勢やってきて	毎日家に押しかけるようになった。	
L9830a604ae	1	19	やたらとほえたんだ。	・・・車を運転していた主人は	パニックになっちゃったんだろう。	
L95f381672e	1	19	あ！たこ焼きもあるわ。	ああ、とうもろこしもあるわ！	わぁ～～	
L07e4f878bb	1	19	ああ～～～	だからやりたくなかったんだ。	何言ってるの。	
L895f67f6da	1	19	そういえば、この前来たときには	とんだ姿を見せてしまったね。	・・・いや、いいんだよ。	
Ledded70723	1	19	恥ずかしい話だけど、高校出てから	ずうっと親のスネかじりながら	家でブラブラしてたんだよ。	
Lc2123c1fb7	1	19	あ、そうなんだよ。	なんかさ、古本屋で働いたり、	野球やったりしてると	
L843349dd28	1	19	野球やったりしてると	人とつながってるんだなぁって	実感するんだ。	
L38961fa15c	1	19	お兄さん！	オレはパチンコ屋で住み込みで	バイトしてるから、ここには	
L44c291eec5	1	19	別の料理っぽくなるし。	みそ汁は１０５円で８パックの	即席みそ汁に豆腐をいれただけ。	
L74a5aa6ee2	1	19	お好み焼きの上にケチャップライスが	のってるように見えるんだが。	あはははは。	
L2f9d5c7851	1	19	そりゃないだろ？	あんなに若くて美人なんだよ？	しかも、ご主人をなくしてから	
L64cb79881a	1	19	あんなに若くて美人なんだよ？	しかも、ご主人をなくしてから	ずいぶん経ってるし・・・	
L99823d896a	1	19	くそー、うまくやったなぁ、おい。	ワシだって、あと１０年若くて	結婚してなかったらなぁ。	
L332d02b7fa	1	19	でも、なんだか回りの目を気にして	スーパーを利用しないってのも	シャクなんだよねぇ。	
Lbb813ef86f	1	19	あ、そうそう。	このことはみんなに内緒だよ。	わざわざ不愉快にさせることも	
L68434a81cb	1	19	このことはみんなに内緒だよ。	わざわざ不愉快にさせることも	ないだろうしね。	
L56f6102b9e	1	19	）店長。	商店街のチームに勝っちゃって	いいんですかね。	
L7acf77f5c0	1	19	こっちに泣きついてくるさ。	（そんなにうまくいくかな？）	むうっ、誰だっ？！	
L8dcf07e945	1	19	畑の作物を盗もうと出てきた	ところを捕まえたらしいがね。	戦争が終わって何年かたってから	
L2e3e00a499	1	19	埋めてしまっていたからね。	がっかりして帰ったらしいよ。	そうだ、それを掘り起こして	
Lcd501994ed	1	19	お前のために、仕事を	残しておいてやったからなぁ～	はははは！	
Lf7cb2ab950	1	19	持って行くでやんす。	おじちゃんはお金がもらえて、	木川	
L738155ca42	1	19	これかい？	じゃあ、すぐ査定するからね。	ええっと・・・	
L4fdc722e7a	1	19	・・・うーん、いいのかな？	でも、捨ててある物だしなぁ。	とりあえず、このお金で何か買うか。	
La221534cdd	1	19	わかったから、	とっととどこかへ行ってくれ！	む～～～～～ん。	
L93dbfeaca3	1	19	そうはいかないんだなぁ～。	この間のおわびに「キムチ」を	持ってきたんだなぁ～。	
L83a538fe7d	1	19	む～～～～～～～～ん。	それは、へ理屈なんだなぁ～。	ここはみんなの土地なんだなぁ～。	
L24ff8f30f5	1	19	そんな理屈があるか。	だいたい男４人が、こんな狭い	テントの中に入ってて楽しいのか？	
L8e925dcd25	1	19	めったに直球を投げない投手もいる。	だから、変化球も打てるように	ならないと、いけないんだが・・・	
Lcb6af873a8	1	19	ボールが変化してからカーソルを	あわせるのは、非常に難しい。	だから、変化する前にどこに移動するか	
L150e81b386	1	19	３球目、内角低めフォーク	というパターンを作っておいて	ここ一番の時には２球目に変化球を	
L1613661607	1	19	打球の勢いと上がり具合を見て、	誰が取るのがいいか、予想して	野手を動かすんだ。	
La932331cf8	1	19	あ、まずいですか。	ここはキャンプ禁止とか・・・	いや、そういうことじゃない。	
Le44751d72f	1	19	いや、そういうことじゃない。	どういう事情か知らないけど、	つらいことから逃げてちゃダメだよ。	
Lf36739c3ec	1	19	野菜や果物売ってる店やブティックや	喫茶店・・・なんかがあるよ。	いきなり適当になったな。	
L6ceb4b2c59	1	19	ちょっと見てみるか。	「演劇による超低空力学論」？	・・・・・・・・・	
L4166d98aef	1	19	・・・でも、そんな事知ってたって	全然役に立たないっすよ・・・	欲しい物ならなんだって	
Lb1ef219bc5	1	19	ほとんど全部畑で作ってたんだ。	イモとか大根とかトマト・・・	ああ、なつかしいなぁ。	
L007daad04e	1	19	まともなのかもしれないな。	なんでもお金で手に入るなんて	つまらないじゃないか。	
Le1478f0fae	1	19	まるで本物の球場にいるみたいだな。	これが仮想現実の世界なのか？	すごい、ちゃんと芝生に触れるぞ。	
L19308bc176	1	19	発明というか、能力の応用だね。	さてと、野球の試合をするには	相手も仲間もいるよね。	
L4c20d218b0	1	19	せっかく足をはこんでもらって悪いし、	これ、あまり物のお菓子だけど	よかったら、持ってって。	
L41fe65a6a7	1	19	楽しかったでやんす！	クリスマスバンザイでやんす！	さあ、	
L910bf21e5c	1	19	ええ。	・・・名前ぐらい聞いたことは	ありませんか？	
La150198dc0	1	19	思っていたのですけれど。	いご主人の思い出の品を・・・	いえ、この本は	
Lc4f9560313	1	19	経営者の方が強いんだもんね。	ちなみに、どれだけ残業しても	残業代はビタ一文払わないから	
L8920107b78	1	19	ちなみに、どれだけ残業しても	残業代はビタ一文払わないから	これってサービス残業って言うんだよ。	
Lcb42604c6d	1	19	くそー、こうなったら	どっかに訴えてやるでやんす！	ペ	
L1c353362ff	1	19	アハハ、どこに訴えたらいいか	ちゃんと調べてくるんだよー！	お、おいおいおい。	
Lb420116abc	1	19	あたしらの自我は、３人ぐらいの	人格を、ぐちゃぐちゃに混ぜて	作ってあるらしいんだ。	
L53b6ca3be6	1	19	え？	ああ、なんとなく予想してた。	じゃあ本物の亡霊ってわけか。	
Ldd6856aaae	1	19	ああ、なんとなく予想してた。	じゃあ本物の亡霊ってわけか。	・・・そうだ。	
Le12689e630	1	19	無意味にたくさんの人を殺めた。	処刑された後も、その数の業を	償うまでこの地に縛られた。	
Ld7b70721b1	1	19	あいつと会ったのも運命のいたずらか。	俺も、そろそろこの街を・・・	・・・俺には未練が多すぎて	
L338ca1e105	1	19	ってお金使うの。	にもなんか買ってあげようか？	いや、俺は・・・	
L1df53a9eb4	1	19	あれ？	ところで、この箱はなんだい。	ああ、バナナもらったんだ。	
Lc20c8f03f3	1	19	でも「約束を守れたら考えなおす」って	ここに書いてあるじゃないか。	そんなの無理に決まってるだろ。	
L5ad7e005cb	1	19	小日向	は、チケットを50枚も売った	って言ってたし。	
L2ec7045f55	1	19	ウチの親は商売してたんだけど、	それがダメになっちゃってさ。	ある日学校から帰って来たら	
L1c66b27f47	1	19	官藤	くんは、そんなことしないよ。	お芝居が本当に好きだもの。	
Lb936c160d5	1	19	知らないのか？	あいつら、同居してるんだぜ。	いや、オレ、公演のことで	
L2a6eef7f89	1	19	なに言ってんだよ。	これが僕の生きてる証なのさ。	それだけじゃないんだぜ。	
Lb5c27bffc4	1	19	ちよ	ちゃん、今日は何か用事・・・	って、さっきから何をしてるんだ？	
L8def34e314	1	19	そこいらのへっぽこ選手より	よっぽど頼りになるはずさぁ！	あんた、いつ来たのよ。	
L116b55146e	1	19	へへへ、どうでもいいじゃん。	それより、まだ他にも助っ人が	来たみたいだよ。	
Lf357d4b627	1	19	劇団によって	呼び方や中身は違うんだけど、	グループ作って小さなお芝居をするの。	
L40b2481111	1	19	小向	くんのグループ、やってみて。	は～い。	
L56e389e1b1	1	19	そうか・・・	なんだか無我夢中だったけど、	演劇の楽しさが	
Lf149560c5b	1	19	見たんだって。	今はまだ大変だけど、もうすぐ	裁判が終わるらしいから、そうしたら	
L6717c76dfd	1	19	バカね。	で、もう一つの良いことはね、	・・・次の公演が決まったの！	
L0593ec7b38	1	19	で、もう一つの良いことはね、	・・・次の公演が決まったの！	そうか、それは良かったな！	
Ld1d4713391	1	19	へえ、すごいな。	あの芝居は一日だけだったけど	いろんな人を結びつけたんだな。	
Ld5d63cc857	1	19	ほんと厳しかった。	一切の妥協を許さないんだけど	そのおかげで作品も良かったし、	
L48c32c60c6	1	19	だからもう、自分がだめになった時には	そうするしかなかったんだよ。	戻ってくるかな、その	
L906c72f467	1	19	みんな許してくれるだろうけど、	たぶん戻ってこないだろうね。	・・・・・・。	
Lef87cfe8c0	1	19	機密保持用の崩壊シーケンスが始まった	から、あと３０分ぐらいだね。	爆発の後、残骸はバクテリアで	
L2f7b8fcb0f	1	19	から、あと３０分ぐらいだね。	爆発の後、残骸はバクテリアで	完全に消滅するようになってるんだ。	
L6f35659ba6	1	19	そうか。	じゃあ、最期まで付き合おう。	それは、やめてくんない？	
La32277ff10	1	19	それは、やめてくんない？	老いたゾウは、ひとりひそかに	死の谷をめざすものなのだよ㎞	
Lea2890a649	1	19	キレイにいなくなろうと思ってたのに	これじゃ・・・未練・・・が。	！	
Ld1a0e56e10	1	19	くやしいなぁ。	泣けないなんて・・・・・・・	・・・くやしいよぉ・・・。	
Lbc15630565	1	19	ゲームはクリアになります。	襲ってくる虫には、Ａボタンで	殺虫剤をかけましょう。）	
L81e378bf9b	1	19	食べた虫はイチコロですよ。	（ケーキは拾うと、Ｘボタンで	設置できます。）	
L4c58f22fe8	1	19	あ、あのぅ～～～	まだ事情がよく飲み込めてない	んですけど・・・	
L7e98e06ab8	1	19	いやな、この前、腰やっちまってよぉ	重い物運べないわ、痛いわで、	どうにもこうにも困っていた所なんだよ。	
L594b6b2ce2	1	19	・・・え？	いや、プロ野球の元選手として	尊敬はしてるけど・・・	
Lf942548596	1	19	どれをとっても完璧なお宝店でやんす。	ここならきっと掘り出し物が、	あるでやんす。	
Lf12d83884c	1	19	増えるでやんす。	ふふふふふふふふふっ・・・・	（・・・変な奴だな。）	
L82c5981d8a	1	19	あるのは、最新のプラモや	オモチャばかりでやんす・・・	そりゃ、新しいオモチャじゃないと、	
L71c8c892d6	1	19	凡田	の熱意は痛いほど伝わったよ。	それがオイラのスピリッツでやんす！	
L903deddb10	1	19	まあまあ。	それより、遊園地って言っても	俺はそんなに持ち合わせがないぞ。	
La1c217c29c	1	19	まだ並ぶんでやんすか？	なかなか入れないでやんすね。	まあ、しょうがないさ。	
La87a97906c	1	19	あれ、順番を抜かして	横の出入り口から入っていった	人たちがいるでやんす！	
L85b7bb9394	1	19	これでダメだったら、	なんか買ってもらうでやんす！	いいよ～。	
L87b4540bd4	1	19	いーや、絶対にそうでやんす。	オイラも手伝うから、特訓して	すぐに開発するでやんす！	
L821a1fac9f	1	19	あとはカッコいい名前でやんすね。	・・・なにか考えるでやんす！	う、うん。	
Lfef964e1a3	1	19	いい練習になったよ。	派手な必殺技なんてなくても、	実力で勝てばいいんだ。	
Lcb068d8212	1	19	いか	（同方向２球種をもっていると	オリジナル変化球はとれません。）	
L1dea55c699	1	19	こりゃあ、なりふりかまわず	こっちをつぶしに来ましたな。	正攻法でこられたら、体力差で	
L059dcef2cf	1	19	こっちをつぶしに来ましたな。	正攻法でこられたら、体力差で	こっちに勝ち目はないですぞ。	
L4f9714316f	1	19	正攻法でこられたら、体力差で	こっちに勝ち目はないですぞ。	でも、どう考えても大赤字だ。	
L3de1228830	1	19	のやつらを	ギャフンと言わせるでやんす！	みんなに必要なのは、元気でやんす！	
L52735fb225	1	19	あああ～、負けちゃったよ～	これから先、どうしよう・・・	もしもし、商店街の会長さんですね？	
L1e858887ab	1	19	いや、商店街の代表として決断する。	もう野球の試合に一喜一憂する	なんてたくさんだ。	
Lc132373533	1	19	なんてたくさんだ。	これからは共存共栄で行こう！	そうだな！	
L866873a417	1	19	最後の試合は勝てなかったよ。	・・・約束を守れなかったな。	そ、そうでやんす。	
Lea9779ab93	1	19	いや、実力の差を見せるのはいい。	だが、口で言うのはよくない。	スポーツってのは実力の世界だろ。	
Lea6c805033	1	19	えっ？	いや、そんなつもりじゃ・・・	ごちそうさま！	
L264305484e	1	19	なんだとぉ～～～！	我輩のグランドマンのポーズに	ケチをつけるでござるなぁ～！	
Ld3d7ab2ba4	1	19	我輩のグランドマンのポーズに	ケチをつけるでござるなぁ～！	（頭が痛くなってきた。）	
La0c7827a41	1	19	むむむ！	なら我と戦う気でありんすね？	お前、ちょっとおかしいぞ。	
Lfb8f4428d6	1	19	逃げるかぁ～～～！	敵前逃亡は銃殺刑なり～～～！	なんなんだ、あれは？	
Ld9db0b716e	1	19	ああやっておもちゃを振って	中身を調べているのでやんす。	あれ、	
L37039385d2	1	19	（そうよ、私も・・・	「たった一人でがんばっている	立派な未亡人」という評判に、	
Lcdce539da2	1	19	「たった一人でがんばっている	立派な未亡人」という評判に、	しがみついているだけなんだ。）	
Led02f4d213	1	19	そうそう、	トイレにも行けないでやんす！	ちょ、ちょっと！	
Lb4e87410d4	1	19	助かるけど・・・	そうしたら今度は、私がヒマに	なっちゃうじゃない。	
Lf3d7311133	1	19	そもそも風来坊さんは野球のために	この町にいるんだから、普段は	野球の練習をしないといけないでしょ。	
L2efed47896	1	19	遠前町	は年々人口が減って来ている。	このまま少ないお客さんを取り合っても	
L21dcad21b6	1	19	をつぶして、	駅前の名店街に編成しなおす？	ああ、	
L365d1931dd	1	19	商売できていたのに、	有料になるっていうのは・・・	でも、店とか新しくなるんだよね？	
L56b8917bfc	1	19	あたしは絶対に反対です。	そんなことをすれば、商店街が	なくなっちゃうじゃないですか。	
L6b97f6e1c7	1	19	マスコミに言い訳が立つ。	「こういう条件を出したのに、	商店街は蹴ったんです」ってな。	
L976cd9e75c	1	19	もし仮に・・・	商店街が今回の提案を受けたら	どうするつもりだったんだ？	
L8a38ea2af8	1	19	さっきは居眠り・・・	そう、居眠りをしていたんだ。	あまりに水に浸かっているのが	
L9afd980d0e	1	19	そう、居眠りをしていたんだ。	あまりに水に浸かっているのが	気持ちよくてね！	
Lcd534a9ce9	1	19	これから野球の練習をするから、	そのぐらいにしてくれないか。	野球？！	
Ldff0a57513	1	19	その、駅前の土地を再開発	しようかと思ってるだけだよ？	ふーん。	
L1b17da0fcf	1	19	申し込むんだな。	試合でコテンパンにやっつけて	大恥をかかせてやればいい。	
L4220524f2a	1	19	椿	の実力が、これほどとは・・・	元プロの	
Lca199a5d81	1	19	まるで、オイラに父ちゃんが	できたみたいだったでやんす。	バカなこと言うんじゃありません。	
L54829602fb	1	19	お店なら、ちゃんと開けます。	そんなことより、あれ見てよ。	ああ、釣りをしてる人？	
L83f139fcfd	1	19	・・・妙だな。	今日はここで練習のはずなのに	いつまでたっても監督が来ないぞ。	
Lce719d064c	1	19	もう助っ人は必要ない。	これからは俺たちだけでやる。	なんだよそれは！	
L56309846d3	1	19	大道具もやってもらおうかと思うんだ。	うちは団員がこの人数だしね、	役者も裏方やらないとまわらないんだ。	
L9ca1f6cc82	1	19	割と有名なんだろ、	ここの演出と脚本やってる人。	チラッと雑誌に載ってたよね。	
Lb1ea537be7	1	19	い	会長さんが様子を見に来るとは	びっくりしたな。	
L252b1aa105	1	19	燃えるようなラブロマンスかぁ・・・	あたしには、もう縁のないもの	なんでしょうけどね。	
L15afb9bdbc	1	19	君とお母さんで	この券で映画に行くといいよ。	やや、超人ライダーの映画でやんす！	
L237e08d08a	1	19	あたしの分だけ、ないんだよねぇ～。	ちゃんとお留守番してたのに。	ブツブツブツブツ・・・	
L03122735e7	1	19	その視覚化操作のために	あたしの処理能力が落ちるし、	言っちゃあなんだけど、アンタが	
Lbad85303d3	1	19	じゃあ、このケーブルでつないで。	あ、それから非常事態に備えて	ほっぺたをつねると仮想世界から	
L43764f36fd	1	19	ほっぺたねぇ・・・	俺がそれで戻ってきたとして、	君が戻ってなかったらどうすればいい？	
L65b1c83c72	1	19	一緒にぶち込んでぇ、	数ケ月で無理やり大人サイズに	膨らませたら・・・	
L4041257656	1	19	実験的に組み込まれてるんだ。	その中の一つが寿命タイマー。	ふざけた名前だけど、そいつのおかげで	
Lff5963cbbd	1	19	大神	の研究所に戻れば助かるのか？	まさか！	
Ld59eb60209	1	19	そうかな？	でも、こんな風に話も出来て、	こうしてピクニックにも行けるんだし。	
L50554980ca	1	19	来たかったんだ。	クリスマスの夜を過ごすのには	ロマンチックな場所だな。	
L8e80048063	1	19	）が	グラウンドに乱入してきた。）	さて、この町では	
L8fc8bf5eb7	1	19	珍しいらしいがな！	・・・とりあえず、風来坊なら	目の前にもう一人いるぞ。	
L6138cfe461	1	19	俺は	この役に誇りを持ってるんだ。	しかし、主役の話もあったんだろ？	
L3d417f1c88	1	19	に	やらせたかったんだろうけど、	今の	
L519f2684e8	1	19	違うでやんす。	それと、あんた気が付いてない	でやんすから言うでやんすけど、	
Lc3e4796596	1	19	はるかに年上でやんすよ。	口の利き方には気をつけた方が	いいでやんす。	
Lcf0ec729f1	1	19	誠に申し訳ない。	しかし、あまりにも知り合いに	似ていたものだから・・・	
L7d884ca372	1	19	もういいでやんす！	日本一になったこともあるのに	オイラ地味でやんすからねぇ。	
L3d11a326de	1	19	日本一になったこともあるのに	オイラ地味でやんすからねぇ。	ワーイ、	
L6bd8d12812	1	19	の！	そういえば、電気屋のテレビで	見たことあるぞ。	
L8ad8d412de	1	19	だから、ところどころに	こういう空洞ができてしまう。	・・・ええ、そうよ。	
L6e98b55424	1	19	あなたが押さえていて、「それ」	を自分で手に入れようとした。	・・・・・・・・・。	
Lbd8d0d93fe	1	19	ちよ	が「わたしが座長だから」って	言い張って、そのキャンセル代やらの	
L0c3ead8065	1	19	「そのお金は、ちゃんと公演をする時	のために取っておいて」って。	それに、その逃げた脚本演出のヤツ、	
L46547991ed	1	19	練習でたっぷり汗をかいてるのに	それは自殺行為ってもんだね。	しかし、カブトムシだって？	
L69a8660c84	1	19	自分のにおいは、自分じゃ	わからないものなんでやんす！	う、ごめん。	
La6b1e20645	1	19	あはは、ヒーロー失格だね。	えっと、今日はお風呂屋さんは	お休みだし・・・	
L65acb7033e	1	19	ふぅ。	ありがとう、すっきりしたよ。	服は今洗濯中だから、	
L2caa7d5674	1	19	えと・・・・・・・・・・・	それじゃ、これからよろしく。	（住んでる場所が	
L2affece548	1	19	でやんすけど、１０年後は	すごい男になってるでやんす！	そのときになったら、絶対に	
Leb6a28f35e	1	19	どこかでピーピー音がするぞ。	・・・２階の奥の部屋からか。	入るなと言われてるけど・・・	
Lb1800d4a26	1	19	・・・２階の奥の部屋からか。	入るなと言われてるけど・・・	そういえば、１階は彼女の私室だけど	
L32959abc91	1	19	あれ、いつ帰ったんだ。	そんなことより、この部屋から	変な音がしてるんだ。	
Laa36ad568c	1	19	お客さんがいない時に	パソコンをモニターしてみたら	一台落ちたのがわかったんだ。	
L46b5277b73	1	19	つなぎ直して使ってるんだよ！	それじゃあ、店に戻らないと。	・・・・・・・・・。	
Lc2d7821c33	1	19	制限時間以内にカードを出さないと、	勝手にカードを出されてしまう	から注意しろ。	
Lb425bb1c91	1	19	何を言ってるんだ？）	ののとにかくまず当てる事だ。	こちらの出すカードと相手のカードの	
Lbebfb39eba	1	19	重ならなければ三振してしまうぞ。	相手のカード情報はＲボタンを	押しながら、十字ボタンで見れる。	
L934d3574ab	1	19	相手のカードと合っていれば、完璧だ。	ははとにかく打たれない事だ。	こちらの出すカードと相手のカードの	
L8bc073cd91	1	19	そのカードの説明が表示される。	特殊カードには、使うものと、	勝手に発動するものの２種類がある。	
L54cfbbe54d	1	19	おい、待てよ。	自分で聞いておいてなんだが、	スロットって、そもそも野球の試合に	
Ldef023a66c	1	19	お前もオレが邪魔だろう。	だから勝負して、負けたほうが	この商店街から手を引くってのは	
L680ad4047a	1	19	・・・いいだろう。	それで、ここで勝負するのか？	おっと、勘違いするなよ。	
Le4a9fefe2c	1	19	たしかにお客さんの反応は	良かったみたいですけど・・・	今日までのイベントだったのに、	
L0d9cc81dff	1	19	そうなんだよ。	実は、商店街のホームページに	かなりの書き込みがあってね～。	
Lc7a63aba15	1	19	は	これから先、連戦連勝で頼む。	商店街からも、チームを	
L85b4bcab49	1	19	そこで、相乗効果だよ。	今後、商店街のチラシには必ず	ビクトリーズ	
Lde87523184	1	19	もちろん・・・がんばるよ。	（・・・あー、びっくりした。	いきなり話しかけられたぐらいで、	
L4526376c28	1	19	おい、スイエイマン！	ちゃんとユニフォーム着ろよ！	ふふふ、男の嫉妬は醜いな。	
Ldca579bf32	1	19	やめて水泳部に入ったんだけど。	いつまでたっても泳げないし、	なんだかどんどん彼女の態度も	
Lb0448daa9b	1	19	いつまでたっても泳げないし、	なんだかどんどん彼女の態度も	冷たくなってきてさぁ～。	
L9e84f906d5	1	19	いや、俺もそれは考えた。	・・・だが、ダメだったんだ。	ひっこみがつかなくなったんだよ！	
Lc07e1885ec	1	19	いつしか、俺は次第に水から遠ざかり	水泳部の人間であることだけを	全身でアピールするようになったんだ。	
Le0d8eb869a	1	19	笑っていいところなのか？	馬鹿なのは間違いないけど。）	水間	
Ldd1fa56223	1	19	も含めて	ここの全員が聞いてしまった。	・・・いいかげん、	
L9251c88b07	1	19	頼まれたんだけど・・・	商店街に郊外からのお客さんを	呼び込みたいそうなんだ。	
L7398a27119	1	19	それどころか、この倉庫を使うんだったら	いつもより、かなり安いお金で	公演が打てるんじゃないかな。	
L03f8c2270f	1	19	決まりだな。	じゃあ今からプラン立てるから	みんなミーティングな。	
L22b85452c6	1	19	それにしよう！	うん、それしか考えられない。	おい、何言ってんだよ。	
L6f2a4845d0	1	19	わたし一人じゃ何も出来なかったから、	あなたが居てくれてよかった。	いや、そんなことはないさ。	
Lb8182f2674	1	19	違うの！	あたしは小学３年生からずっと	書いてきたの！	
L087b8801af	1	19	この間・・・言ってたよね？	車にひかれそうになったって。	ああ・・・そうだったな。	
L2ce75cb3bf	1	19	確かにひかれたわ！	この前、思い出しちゃったの！	・・・ちょっと待ってくれ。	
Lb6cac56ffb	1	19	生きようって気持ちが・・・	だから、サッカーのロスタイム	みたいなものかもしれないわ。	
L6b96142716	1	19	だから、サッカーのロスタイム	みたいなものかもしれないわ。	気持ちだけがここに残ってるのかも。	
Lf4f46c358a	1	19	だったら・・・	・・・だったら、これを見て。	え？	
L3e64dfa01d	1	19	そうよ、あたしよ。	とっくに死んでるのに影だけが	残っているのよ。	
Ldbbac9fdd6	1	19	将来、あの子が河原で	テント生活するようになったら	大変ですもの。	
L3bafc86282	1	19	いつから職を変えたんだ？	前は地震対策のコンサルタント	だっただろ。	
L5d27e764c1	1	19	金目当てじゃないのは知ってる。	でも、もっともらしい肩書きで	アドバイスをするのはどうかと思うぞ。	
Lc58bc97bd7	1	19	余計なことを。	我を信じておれば、少なくとも	安心は得られたであろうに。	
La26585ca20	1	19	ちゃんとした対策をとらないから	もっと困ったことになるだろ。	我が知略、この地にては無用か。	
Lc1117704bd	1	19	運動神経が良かったな・・・。）	いよし、一緒に野球をしよう。	では、我が力が必要と？	
L73f6a6f2e3	1	19	（あいうえおいうえおあうえお	（例の謎の呪文みたいな声か。	しかし、よく聞くと・・・なるほど。）	
L42d90d36b9	1	19	い・・・？	（ぜ、ぜんぜんだめだ・・・）	大丈夫	
L346af0fe05	1	19	あ、ごめん。	俺は、まだ用意してない・・・	って、そんなことより？！	
L6573de3a25	1	19	貴子	・・・なんだかずいぶん・・・	・・・薄くなってるようだけど・・・	
L31bdf09b6d	1	19	・・・！	そんな・・・どうして・・・！	・・・これ。	
L7d1dd6b68b	1	19	ウソつけよ！	お前が知ってる訳ないだろ～？	料理が上手だったんですよね・・・	
L278d4299a7	1	19	料理屋なんて目じゃないくらい・・・	お前どうしてそれを・・・・？	そして、色々世話も焼いてくれて・・・	
L8be60c6173	1	19	に対抗して、	スーパーが同時期に開催してる	のでやんす。	
L12323664a2	1	19	ダメだ。	こりゃ使いものにならないや。	ちよ	
L611fb2daca	1	19	ああ、よかった。	じゃ、もう少しこれを飲んで。	（ゴク、ゴク・・・）	
L2dab94c998	1	19	わたしお金ないから、	そんなことになったら困るな。	働きすぎなんじゃないか？	
Le110fb17bc	1	19	うん。	でも、劇団ってお金かかるし、	それに夢を叶えるには続けないと。	
L03c0903d0f	1	19	わたしからお芝居取ったら	ただの抜け殻になっちゃうよ。	身体を壊したら芝居どころじゃないよ。	
Lf453852d6c	1	19	外骨格は、割れると	あとの修理が大変なんだカニ！	（わいわいがやがや）	
L077089f972	1	19	もてなかったけど、	野球だけは自信あったカニよ。	ああ、青春カニ～。	
Lf17e7be62c	1	19	こっちも楽しかったカニ。	それじゃあ、また来るカニ～！	あ	
Lb9fc3c55ac	1	19	いなくなるなんて！	このままじゃ公演できないぞ。	あっ、そうだ！	
L11237b5d03	1	19	木川	さんなら演技しなくて大丈夫！	・・・ひどい言われようだな。	
L4887c4e284	1	19	わたしは、どうしてもやりたいの。	公演まで残り時間は少ないけど	絶対におもしろく出来る自信がある！	
Lba5257ebe6	1	19	の望む物が、	ここにはあるんじゃないのか？	確かに、ここの店からは	
L0d7503fc82	1	19	こんな古い物がぁ～、	よく残っていたもんでやんす！	あああ！	
L17c489cf30	1	19	だ、だから、か、金くらいは・・・	・・・おやじさん、ローンは、	ローンはきくでやんすか？	
Lfdf2811c0e	1	19	オイラ、金を集めてまた来るでやんす！	スピリッツに誓って、あの店を	カラッポにしてやるでやんす！	
L283aa1ee9e	1	19	スピリッツに誓って、あの店を	カラッポにしてやるでやんす！	その意気だ、	
Ld9e79b4c61	1	19	心配ない、今日は新顔が来て	ずいぶん買って行ったからな。	わかった～、ネットオークションを	
L3e072163ef	1	19	威圧感を感じる書物ですね。	で、これはいかなる魔道書で？	・・・魔道書？	
La718607b2a	1	19	あの・・・それじゃ・・・	これって単なる珍しい本・・・	なにを言う。	
L83e602a1dc	1	19	いかにキリスト教的道徳観に	逆らうものが多かったかという	証明になるのだぞ。	
L97ec196823	1	19	。	もっと大量に用意できないか。	おやおや・・・	
L85f3e7ce3c	1	19	捨てられた本が泣いてるでやんす！	いうっ、そう言われたら・・・	ちぇっ、つまんないな。	
L28ab41c075	1	19	買い取れないよ。	持って帰ってくれないかなぁ。	そうか。	
L180fe8f3b6	1	19	ちょっと待つでやんす！	その査定はおかしいでやんす！	えっ、	
L379bd10a1e	1	19	ふふん、おだてても	取り分は変わらないでやんす。	ひひ	
Lbac457fc18	1	19	まあね。	いくらなんでも、あの値段じゃ	本がかわいそうだ。	
Lb22d5dd1a3	1	19	いったい、何を考えてるんですか！	いや、資源の有効活用を・・・	私が言ってるのは、	
Ldbe6d2f7ae	1	19	あ、そうだ。	俺にもアルバイトを紹介・・・	（ポカッ！）	
L888fb28f11	1	19	うん。	さあ、明日も頑張るぞぉ～！！	（・・・その夜・・・）	
L61780d4b18	1	19	・・・それよりあいつだ。	あんなやつのどこがいいんだ。	ちよ	
L0d7d00ff19	1	19	オレは、絶対に	こんな芝居は認めないからな！	なあ、どうしてあのプロデューサーを	
L7070173477	1	19	・・・おまえにとっては。	ははは、オレ勘違いしてたよ。	？	
Lfc7ff3c5a5	1	19	商店街の立て直しのためには	まず、たくさん人がやって来る	ようにしないといけないからね。	
Laa0a5512fe	1	19	ダチョウ祭り？	ああ、そこの旗を見たんだね。	そう、ダチョウがテーマなんだ。	
Le7915b9430	1	19	・・・あたしのことバカって言った。	とにかく、ダチョウを探そう。	プ	
Lf6651659ec	1	19	とにかく頼んだぞ！	十字ボタンでダチョウを操作、	Ａボタンでダチョウを攻撃。	
L654c2572d2	1	19	。	だが、それでこそオレの価値も	上がるってもんだぜ。	
L2804c10174	1	19	牧場への支払いに、ビラやチラシまで	せっかく準備したことが、全部	ムダになってしまうなんて・・・	
L7b4d12b758	1	19	うーん、中止の連絡は無理だな。	イベントを、なにか別のもので	差し替えるしかないだろうね。	
Le068869865	1	19	イベントを、なにか別のもので	差し替えるしかないだろうね。	ダチョウがダメだったんだから・・・	
L1c97761e37	1	19	わっ、それワクチンソフト！	え「ワクチンソフトって何？」	だから、不正なアクセスとか	
Lbe59aab63a	1	19	だから、不正なアクセスとか	プログラムを検出する・・・・	あぶない！	
Lef771c9375	1	19	こんな風景か。	ちょっとめまいがしてきたぞ。	ストップ！	
Led1e065be2	1	19	あれはこっちから手を出せない。	この先には進めないってこと。	どうして右から３番目だけ白いんだ？	
L96e5e847f5	1	19	洗脳の一種でね、特定の単語や状況を	認識できなくさせる処理だよ。	あたしたち実験用サイボーグは	
L2b7b6c4115	1	19	認識できなくさせる処理だよ。	あたしたち実験用サイボーグは	大神	
Laa0b9b5426	1	19	危害を加えられなくする処置か。	まったく、手が込んでいるな。	このネットに対しても	
Lf26f9af8ba	1	19	セキュリティの穴を見つけても、	あたしには認識できないんだ。	だが、俺には見ることができる。	
L1d00898155	1	19	やば、セキュリティに見つかった。	こうなったら、ぎりぎりまで！	かあたりを見まわす。	
L05b68ffefa	1	19	頭がガンガンする。	とりあえず、俺がいなくなれば	彼女の負担が減ったはずだ。	
Lec3a3656de	1	19	？	倉庫以外で会うのは珍しいな。	・・・あんた、	
L0a6f257c14	1	19	の家に	もぐりこんでるみたいだけど、	出てってくれねぇかな。	
L325784ef00	1	19	さびしかったから、	部屋に入れてるだけなんだよ。	なんでそんな事がわからないかなぁ。	
La995ba2a69	1	19	友達以上の関係にはなってない。	だが、放ってもおけないだろ。	おれが言いたいのは、	
Lc52108b11e	1	19	が迷惑だし、	幸せになれないってことだよ。	だから出て行けよ！	
L9cd366f1b7	1	19	が今まで	どれだけ苦労して生きて来たか	ちっとも知らないくせに・・・	
Lc09c757bbd	1	19	どれだけ苦労して生きて来たか	ちっとも知らないくせに・・・	何やってるの二人とも！	
Lfa2c242e13	1	19	いや、おれはその、	おまえのことを心配して・・・	心配？	
L8eb575a599	1	19	むしろ	そういうあんたが迷惑なのよ。	お、おれはただ・・・	
Lc4d7929d29	1	19	ばっ、ばっか野郎！	危ないじゃないか、注意しろ！	（ブォーーーーン）	
Lb520164450	1	19	しくじっちまった。	くそ、なんてカッコ悪いんだ。	こんなことなら、いっそのこと	
Lf74a67a9d6	1	19	くそ、なんてカッコ悪いんだ。	こんなことなら、いっそのこと	車にはねられた方がマシだった。	
La2cdab3ac4	1	19	認めたくないけど、あんた才能あるよ。	さあ、こんなところにいないで	さっさと練習してこいよ。	
L378b9be055	1	19	の親会社で	兵器なんかも作ってると聞く。	あたし、そこが試験的に開発してた	
L4dba1a28ba	1	19	って発想が失敗だったんだろうね。	だって、サイズが限られる上に	脳との接続の関係で	
Lfb2511480d	1	19	プログラムの	仕様変更が難しくなるでしょ？	結局、普通のサイボーグに携帯端末を	
L8439e864e8	1	19	仲間と一緒に研究所を逃げ出したの。	彼らとは途中で別れたけどね。	待てよ・・・	
L66991771ed	1	19	その話だと、	君はこの町の出身じゃないな。	うん、そうだよ。	
L9a0fc15c80	1	19	入っちゃダメであります！	まだ調査中なのであります～。	ちよ	
L61e79d268b	1	19	・・・何言ってんの？	俺たちは夢を見てきたんだよ。	役者として成功したい、	
L300fd4a7d3	1	19	だが現実を見ろよ。	朝から晩まで練習して働いて、	ゴミみたいなモン食って、	
Lf9755065eb	1	19	そんな風に、骨の髄まで役者のくせに	どうして自分を否定するのよ！	じゃあ言ってやる。	
Le40279bd48	1	19	お前のそばにいたくて演劇やってきた	オレが馬鹿みたいじゃないか！	・・・・・・・・・。	
L7e9b7f1e82	1	19	さあ、早く家に帰って	温かいものでも食べましょう。	あ！	
Lfcd022ca14	1	19	ああ、会長があのクソったれな本を	見つけ出した、例の抜け穴か。	け	
L980be15678	1	19	虫は、これだけいれば十分だろ？	さ、早く金を振り込んでくれ。	ああ、わかった。	
Lf767d43ec9	1	19	・・・おい、アンタ。	全部、自分で言っちまったぜ。	商店街を壊滅？！	
L4f87919a78	1	19	母ちゃん。	大変なことになったでやんす！	・・・・・・・・・。	
Lff040d039c	1	19	３０分もすれば、虫たちは	たくさん食べ物のある商店街へ	行ってしまうはずだ。	
L95a5d6b731	1	19	！	待て、向こうで何か音がした。	どうやら邪魔が入ったようだ。	
L68630cd714	1	19	待て、向こうで何か音がした。	どうやら邪魔が入ったようだ。	け	
L371fb491c0	1	19	君をつれて	誰か強そうな人を呼んできて。	あたしはこの入り口を見張ってる。	
L0d15f55279	1	19	みんなが信じると思う？	巨大な虫が商店街を襲うって？	・・・ああ、なるほどな。	
L7179f7b3aa	1	19	支店長	さん、どうしてこんなことを？	どうして？	
Ld3f0786ee0	1	19	どうして？	私の人生はクソだったからだ。	だから、その原因すべてに復讐するのさ。	
Lafda5eca65	1	19	・・・俺の目には、	さっきまで君が料理をしていた	流し台しか見えないんだが。	
Lbfcc97f914	1	19	そこまで言われたら引き下がれない。	わかった、使わせてもらおう！	ゃ	
L2f4b0af9e8	1	19	聞いたよ。	そんなんじゃ体に悪いでしょ。	だから公演が終わるまでここに住むこと	
L15f44e4489	1	19	い短縮しない	オープニングを短縮しますか？	い短縮しない	
Le8a9fcf108	1	19	が	対立していることを聞いた。）	（カレーショップ「	
L8f55aa4e30	1	19	大の大人が３人がかりでしたからね。	さすがに見逃せないでしょう。	・・・・・・・・・。	
L25c0da2021	1	19	そのスーパーの車に	落書きをしたらしいんですよ。	だって、あいつら汚いんでやんすよ！	
L23d18b6e66	1	19	だって、あいつら汚いんでやんすよ！	元プロの連中とか連れてきて。	あんなの草野球じゃないでやんす！	
L87c4a77824	1	19	草野球の試合に元プロ？	・・・どうやら、なにか事情が	あるみたいですね。	
L23557cc96a	1	19	でも、本当はあのスーパー、	この県の条例違反なんですよ。	大型店の出店規制の条例ですか。	
L020aa5cf7b	1	19	たしかに、あっちに人が行ってしまうと	この商店街に人は来ませんね。	で、役所を動かそうと商店街は	
L310bee0ab3	1	19	ちょっと前まで強かったんですよ。	それで、それを自慢にしている	ところがあったんですけどね。	
L9b25bae296	1	19	それで、それを自慢にしている	ところがあったんですけどね。	でも・・・連敗中なんですよ。	
Lccf2c41367	1	19	ところがあったんですけどね。	でも・・・連敗中なんですよ。	つまり、スーパーのチームに	
L0e983e4284	1	19	ああ・・・まあ、いいか。	それで、アンタ野球の経験は？	・・・ルールは、知っている。	
Ld81213f325	1	19	！	ちょっとこいつに投げてくれ。	おっけー。	
L68a57263e4	1	19	それにしても	生きのいいヤツが来たもんだ。	ちよ	
L75ff68b6aa	1	19	手を出してくる。	現にオレの彼女も・・・」？！	そしたらこんなのがボロボロ出てきてさ。	
L83e9669953	1	19	それが、今晩オーディションするって	こいつに呼ばれて行ったんだ。	それ、やばいじゃないか！！	
Lc422ca1272	1	19	でも、これはウワサなんだろう？	下手に俺たちが行って騒いだら	ちよ	
Lf35973c55d	1	19	すごいチャンスなんだ。	俺には止めることはできない。	おまえバカか！	
L2a287228f5	1	19	はい！	わたし、何もやりたい事なくて	毎日ボーッとしながら生きてたんです。	
L18f37b011b	1	19	ああ、そうだ。	着てる物は全部脱いじゃって。	え！？	
L4f370b913b	1	19	自分がいろんなところに出て行って、	目立つことでお金を稼ぐんだ。	そしてより商品価値を上げていく。	
La164c813da	1	19	価値を決めたり、どこに出したら	売れるか決めてあげるんだよ。	だから君の価値を見たいんだ。	
La3db2b2cee	1	19	売れるか決めてあげるんだよ。	だから君の価値を見たいんだ。	君は女優さんになりたいんだろ？	
Lc6c2ccd86b	1	19	そこまでだ！	・・・なんだ、ウワサどおりの	悪い奴じゃないか。	
L610d74baf0	1	19	かなえた夢なんて悪夢にしかならない。	君なら、こんなことしなくても	絶対に夢をかなえられる。	
Lc97bd3bcd6	1	19	どれだけのヤツが	成功してきたか知ってんのか？	悪いがお嬢ちゃん、俺の誘い断ったら	
L96f3f5e3a6	1	19	本当にわかってんの？	俺がじきじきに演技見るなんて	めったにないんだぞ！	
Le769b94a26	1	19	くっくっく。	さーてと、別の女でも呼ぶか。	まったく、最低のヤツだったな。	
Lb52e8ebbdd	1	19	。	あのプロデューサー敵に回して	本当に	
Le428e19180	1	19	うん。	心強い味方がいてくれるから、	がんばる自信あるんだ。	
Lbc041ba3d2	1	19	ピエロ	にもいろいろあるみたいだし、	俺が口を出して解決できそうな問題にも	
L8b8f06be15	1	19	ちゃん。	メニューにあるサンドイッチを	全部一人前ずつ。	
Lf595c1afaa	1	19	。ドア開けてやるよ。	それじゃあ、開けれないだろ。	あんがと～。	
Lffbcaf1edc	1	19	（なんか大きな袋を持ってるけど、	一体何が入ってるんだろうな）	ヒ	
Lb55e739274	1	19	ああ、ちょっとな。	今日は無理しちゃダメだよ～。	そうだな。	
La5a1a145e4	1	19	ピエロ	のバッティング練習に付き合い	ました）	
L5003e5c116	1	19	きっと何かの役に立つと思うよ～。	生きていたら、どこで玉乗りが	必要になるかわからないでしょ～。	
L9ab192a4f3	1	19	ツンデレですか！	結構、正統派が好きなんだね？	いや、ツンデレというのがよくわからない	
L7efbe40416	1	19	さつまいもに右手があるなんて、	ファンタジーにも程があるよ。	なかなか、おもしろい。	
Lb868d8f8c5	1	19	しかも、おじさんの身長が気になって、	まったく感動できなかったぞ。	珍しいね	
Lefb8c50148	1	19	さんって、	携帯電話を持ってないんだね。	今時の子にしては珍しいね。	
L2a43dd64d0	1	19	全てが許されるという空想にとらわれて、	ある場所に釣りをしに行く話。	なんか、おもっ！	
Lc3767fddab	1	19	食べてって、	普通に言われても・・・・・・	（喫茶店で腹が破裂する程食べました）	
L104e04c76e	1	19	「浮き輪物語」。	一つの浮き輪をめぐって争う、	壮大な夏の海のファンタジー。	
L42b44b0717	1	19	一つの浮き輪をめぐって争う、	壮大な夏の海のファンタジー。	どこにでも売っているんだから	
La1ab2773e5	1	19	ああ、わかった。	さん、これおごってあげるよ。	おお、ありがとう。	
Lb241cfc8c9	1	19	さんが切った野菜で、	おいしいのを作ってあげるよ。	うん。	
Ldedebe6d41	1	19	維織	さんの為に、腕によりをかけて	昼食を作るか。	
L2bd93a02ef	1	19	これはおもしろかったぞ。	赤レンガの戦いは読んでいて、	熱くなってしまったな。	
L93ff0c6b1d	1	19	そうね！	ダマされた私がバカなのよね！	いつ俺がダマした！	
L46b84a763e	1	19	ってなんだよ～。	ボ～クはそのサーカス団の花形	だったんだからね～。	
Le61a15acf0	1	19	そうなの。	だから急いで買いにいかないと	いけないの。	
L0f2848ae02	1	19	確かに。	でも、これが一番良いかなって	思ってるんだけど。	
Lbf11e65259	1	19	さん。	ちょっと間に合わなかったよ。	精一杯走ったんだけどな。	
L15fc389987	1	19	今からは買ってきてくれたストローで	何とかなるから、だからお礼。	ハムサンド？	
L5f0d850de1	1	19	維織	さんじゃなくて、私からだよ。	私のも	
L3622252736	1	19	お客さんから注文を受けてたな。	しかもアレを全部覚えてたし。	もっと誉めてご主人さま～	
Ldda2bd71b4	1	19	また注文だ。	それじゃあ、行ってきま～す！	おう。	
Lcb4567d342	1	19	実績ないのかよ。	それで肩が凝ってるから何だ？	おもみしましょうか？ご主人様	
L1a27627b45	1	19	遥か向こうに微かな道が見えた時には	その子にとって遅すぎたから。	もう戻れない所まで、その子はその道を	
L4adf0c1c87	1	19	もう戻れない所まで、その子はその道を	歩いてきてしまっていたから。	今からでも、何とか・・・・・・	
Ldf39339c02	1	19	あきらかに野球の練習じゃないよな？	気持ち悪い動きをしているし。	気持ち悪いって言わないでよね～。	
L44a35ec362	1	19	玉乗り？	何でそんな事をしているんだ？	最近、練習してなかったからね～。	
Lc253644cf2	1	19	うおおおおおおおお！	体が熱いぞおおおおぉぉぉぉ！	力がみなぎるううううぅぅぅ！	
L214e983686	1	19	体が熱いぞおおおおぉぉぉぉ！	力がみなぎるううううぅぅぅ！	今なら、どんな事でも耐えれそうだ！	
Lfa871e9fee	1	19	さんの	一言で片付けられていくんだ。	・・・・・・・うん。	
L709ee6ef40	1	19	大した事ない。	ちょっと頼み事をされただけ。	ふ～ん。	
L3173177649	1	19	は今、このチームに入ってくれて	俺に力を貸してくれてるだろ？	だから逆に俺が	
La12cb13a6e	1	19	にはなりたくないな。	でも何かあったら言ってくれ。	手を貸してやるから。	
L9b84ec9e85	1	19	おっ！	いい物、食わしてくれるのか？	うん。	
L88a8a705a7	1	19	じゃあ、今度はボ～クが打つね～。	いまキャッチしたボールで～。	お、	
Lc7c782ae16	1	19	お、	お前、どこからそのバットを！	ピエロ	
Le7e0e1a38b	1	19	たぶん、好きと答えてる方がこれ以上、	機嫌も悪くならないだろうし）	ああ、もちろん好きだよ。	
Le8e93f82a7	1	19	魔界からやって来た何かか？	俺達を殺しにやって来たのか？	ち、近づかない方がいいよな。	
La159307a54	1	19	俺達を殺しにやって来たのか？	ち、近づかない方がいいよな。	今日は帰ろう。	
L2dd098bdee	1	19	サービスとして私がケチャップで絵を	描いてあげるけど、どうする？	いや、ケチャップで味を変えないでくれ。	
L4359b0e10a	1	19	・・・・・・・・・。	わかった。今日はやめておく。	それがいいよ。	
L4c3b6f17d2	1	19	別に。	まだ何もしてないから、お礼を	言われる筋合いはないさ。	
Lb0e8e31b41	1	19	この学校の全ては俺が頂く！	お前の天下はここで終わりだ！	さあ俺と	
Ld035b5aab3	1	19	コーヒーを飲んでたから聞いてなかった。	とりあえず飲み終わったから、	もう一杯くれ。	
L889044ab37	1	19	普段から無口だけど、なんかオーラが	出てるというか・・・・・・。	間違いなく、機嫌が悪いと思うよ。	
Le2afdcc9e5	1	19	じゃん。	だって理由もわかってない人に	謝られてもねえ～。	
L2eecd0307e	1	19	飲んでください。	ちなみに拒否権はありません。	このジュースを飲む事のどこに生活が	
Lfd5a232e2b	1	19	さん。	そうじゃないとダメなんだよ。	そしてそれは自分で・・・・・）	
L684b7b1586	1	19	ないのか？	とりあえず声をかけてみよう。	お～い。	
L6449aef851	1	19	いいよ。	やっと口を開いてくれたから。	うん。	
L3ed49cd97b	1	19	・・・・・・	鼻に電池を入れたら直るかな？	いらっしゃい。	
Laa5b8934e5	1	19	維織	さんは今日はまだ来てないし、	准	
L7ba4e5a850	1	19	さん。	君は俺が飛び立たせてあげる。	俺がどこまでも君を連れて・・・・・。	
L3a63220d55	1	19	お水を用意いたしました。	ご注文は何にいたしましょうか	いや、あの	
L0d8ecc78bb	1	19	さん、やっぱり何か隠してるな。	途中で問題をすり替えたのが、	維織	
Lca09e9a37d	1	19	維織	さんなら誤魔化さないはずだ。	いつからだ	
L42510247b7	1	19	言うのよ？	なんかあったと思うじゃない。	気持ちはわかるが、言い過ぎだ	
L810a1a69a9	1	19	なんかあったと思うじゃない。	気持ちはわかるが、言い過ぎだ	准	
L2fd7336fef	1	19	大声で叫ぶ奴は？	恥ずかしいから無視・・・・・	こんな時間にフラフラしてる大人の方が	
Le5b7edda16	1	19	恥ずかしいからね。	気付かない人達もいるんだから	バラさないでくれ。	
L57a721b79d	1	19	買い物付き合ってくれないかな？	荷物を持って欲しいんだけど。	い手伝う	
L11bdbb4466	1	19	維織	さんとの連絡を取りやすくする	目的で持つのに、本人が持たないなら	
Lfa253a64c5	1	19	じゃないですか。	貴方は私だけのご主人様だから	じゅ、	
Lbff3717b12	1	19	くっそ～！	お前もそのうち歳を取るんだ。	若者なんて言ってられるのも今のうち	
Le875c1f7d4	1	19	。	世の中はそんなに甘くないぞ。	なにそれ？	
L65450db5f8	1	19	さあ、善は急げだ！	さっさと買い物を終わらせよう	准	
Lfcfe4d65c4	1	19	！	さんに言わせると「善は急げ」	というよりも「膳は急げ」って感じだね。	
Lcd5d9c39d2	1	19	この幸せがいつまで続くのかが不安。	君がいつこの街を出て行くのか	不安。	
L28b9e7f749	1	19	この店が休みなんて珍しいな。	仕方が無い。帰る・・・・・・	伝えて・・・事があ・・・・の。	
L1500d30c78	1	19	維織	さん・・・・・君はいったい？	・・・・・・・・・。	
L20a66f575e	1	19	維織	さん、またタマゴサンドだよ。	たまにハムとかレタスとか混ざるけど、	
Lfc3ca48f86	1	19	いるだけだろう。	だったら必要ないじゃないか。	それにメイドに楽器が必須というのも、	
L20b58b1cf1	1	19	いつもの。	熱い男達の汁コーヒーですね！	なんだそのむさそうなコーヒー名は。	
L4d363ec3cc	1	19	維織	さんの好きなようにさせるよ。	それにやる気モードの	
L281a7a7220	1	19	（止めておいた方が良かったのかな。	ますます心配になってきたぞ）	（カン！！）	
Lffcb7e62bc	1	19	じゃないとせっかくの男前が台無しだよ。	まあ、それを食べたからって、	さんに夢や希望に満ち溢れた未来	
La0f2a16750	1	19	の	笑顔にはいつも癒されてるぞ。	ああ、営業スマイルね。	
L18ac09b1cf	1	19	准	がいるから俺はこの店に来てる	わけだし。	
L938b11bcd1	1	19	なんだか読んでるだけで、	野球が上手くなった気がする。	維織	
L195db67825	1	19	もう一回、運んで。	帰りにもう一回・・・・・・。	う、うん。	
L3c144eaecf	1	19	維織	さんに恥ずかしいって感情は、	もしかして無いのかも）	
L3d64ef41dd	1	19	思うんだ。	だから俺はお前に態度で表そう	かと。	
L3229619718	1	19	あっ！逃げた！	本当に冗談が通じないなあ～。	時報に電話しただけなのに。	
L3aec3487ea	1	19	腹筋に穴があくよ！	普通の人間には、無理だから！	できる	
La33ba16e43	1	19	叫び声は特に意味はないんだけど、	これを叫ぶとなんとなく気合が	入りそうでしょう～？	
La4b58dc402	1	19	何があったんだ？	よかったら教えてくれないか。	う～ん。	
L7e43a7ee63	1	19	准	なら知っていたのかな・・・・	維織	
L513bf7fe41	1	19	さんの近くは、	なんとなく居心地が悪いから。	だから	
Ld6ce684cad	1	19	しまったんですね。	お替わりをお注ぎしましょうか	い、	
L805a7bf36c	1	19	なんだ？	何がこの店に起きてるんだ？）	あれ？ご主人様、コーヒーが冷めてしまい	
L7b9a26b00f	1	19	ちょっと待て。	このコーヒー誰が淹れたんだ？	なんでそんな事をお聞きになるんですか？	
L9b77b20dbe	1	19	これが電池の切れた状態ってやつか。	確かに寝息が聞こえるだけで、	ピクリとも俺の膝から動かない。	
L25e93523aa	1	19	こんなのを見たからって、今まで通りな。	今まで通り、ここで・・・・・	私も・・・・・。	
Lbb96e51d38	1	19	・・・・・・	って、なに？その紙袋の山は？	コロッケ	
L6ecb7d6159	1	19	全てから目を	背けようとしてる感じがした。	・・・・・・・・・。	
L927d73292f	1	19	こっちの話	面白い人がこの街に来たなって	面白い？	
La1324f0027	1	19	（あの時もわからなかったが、	今の会話もよくわからないな。	二人の会話を聞いた感じだと、あの二人は	
Laf0e05762e	1	19	さんがこの店に来なかった	ら少しは楽になるんだけどね。	金は払ってるだろ！	
L8d17e69b88	1	19	突然、出てくるな。驚くじゃないか。	それにどこで聞いてたんだよ。	盗み聞きはメイドの必須スキルよ。	
L5d3029014c	1	19	維織	さんは俺を連れて行くんだよ。	だけど今回は一人で行くって言ったんだ。	
L65c5cb377c	1	19	やっぱりそうだよな。	だから少し引っ掛かるんだよ。	維織	
L66b00a5097	1	19	さんは。	そんなんじゃ、将来ハゲるよ。	不吉な事を言うな。	
L52e42bd48b	1	19	ほら、あそこにテントが見えるでしょ。	俺はあそこに住んでるんだよ。	・・・・・・・・・・。	
L4f63878c05	1	19	こんな事で催眠術がかかるなら、	世界中のあちらこちらで寝てる	・・・・・	
Ldc8d8feb46	1	19	見ての通り、	僕は界この喫茶店の神になる！	何を言っているんだ貴様は。	
La59ccb45c2	1	19	電視	もパソコンとかプログラムとか	言いながらも将来の事を考えている	
Lacd4d4f464	1	19	これはまだ未完成だが、	近日中にはできあがると思う。	その時が楽しみだ。	
Ldfb49df5f3	1	19	ああ、それでこの間の礼がしたくてね。	何か僕にできる事は無いかな？	できる事と言っても別に・・・・・	
Lc1ec73d0c7	1	19	朝から何にも食べてないんだろ？	そうやって本ばかり読んでると	体に悪いよ。	
L02be4c326c	1	19	何を言っても無駄か。	仕方無い。先に食べておこう。	・・・・・・・・。	
L17fb8839f4	1	19	そんな格好で買い物しに来るなよ。	他の買い物客が怖がるだろう。	そんなことないよ～。	
L1dbf643d28	1	19	そんなことないよ～。	むしろ客寄せになってるから、	ボ～クに感謝して欲しいぐらいだね～。	
L475078e2ed	1	19	といいアイツといい、そんな格好で	出歩いて恥ずかしくないのか？	アイツ～？	
Lbdb56d0c2d	1	19	ああ、もういいよ。それで。	お前こそ何をしているんだよ？	買い物。	
Laf39f73ce7	1	19	そうだね。	生活はほとんど今と同じような	暮らしだった。	
L2f363dc01b	1	19	維織	さんがうらやましいと思う程、	良い物じゃないよ。	
Lfddfd6f3f4	1	19	見て感じた事を。	貴方だけが知っている世界を。	・・・・・・・・。	
Ldeeaa667b4	1	19	さんの読んでいる本が、	さっきと違うのは気のせいか？	知らないわよ。	
Lafb426af1d	1	19	しかも、服装は薄めのジャケットだ。	そしてこの店に入ってきた時、	維織	
Lc795e7a956	1	19	読んでた本じゃないか。	なんでお前が持っているんだ？	あの人ね	
Ld5e4518bd6	1	19	まったく受け付けてくれないんだよ。	だから、もう諦めちゃったよ。	うっわ～。	
L5c21f3a097	1	19	いつ見ても、心臓が止まりそうだ。	そんな事より、どうしたんだ？	この間の返事を言いにきたんだ～。	
L9920f4794f	1	19	（バシィ！！）	いきなりボ～ルを投げるなんて	危ないなあ～。	
Lfa5a478b73	1	19	そ、	そんな事、関係無いじゃない。	食べるの、食べないのどっちなの？	
Le820d2cdb4	1	19	うわっ！こっち向くのも	めんどくさくなったみたいだ！	本当に	
L49462214fc	1	19	維織	さんって、よくわからないな。	こんな感じだからインドアかと思えば、	
Lb2f91db3d5	1	19	最低限、生きてるのがめんどくさいと	思わない程度には頑張ってる。	それ、めんどくさいと思ったらダメだ！	
L2921c56afb	1	19	だから、こうやってまとめ買いしとかない	と、時間ができた時に買い物に	時間を費やすのはもったいないでしょ。	
L61ade8dd89	1	19	今はお腹いっぱいだから、	食べたい物はない・・・・・・	食べたい物ある？	
L30fed46ca4	1	19	維織	さんの事だから、すぐに作れる	ようにはなると思うけど、	
Lbbd943fb67	1	19	・・・・	いや、男と男の約束だからね。	・・・・・・・	
Le53577019a	1	19	そう。	貴方はやっぱり自由なんだね。	そうやって自分の力で自分を縛る鎖を	
L71e4411b5d	1	19	私はただカゴの中に居ないだけ。	首輪をはめられ、鎖に繋がれ、	目の届く範囲でしか飛ぶ事ができない。	
L60a9c8653e	1	19	下には柔らかい毛布がひいてあって、	もがき苦しむ権利さえも無い。	そして、私はまた不自由な空の下で	
L703cf2d84f	1	19	絶対勝てるとは言えない。	だけど俺は何が起こっても前に	進むつもりだよ。	
Lcc870d33f7	1	19	チッ！ってなんだ！	お前、ちょっと説教してやる！	・・・・・・・・・。	
L7f243b4886	1	19	さんは突然、	思いついた話はしないからね。	前々から聞こうと思っていたか、	
L70ccc06352	1	19	博士って・・・・・・まあ、いいけど。	もちろん俺は動物が好きだよ。	そう	
La5e8d98449	1	19	が怪我とかしちゃうのは心配だよ。	だから、できるなら・・・・・	・・・・・・・・。	
L5e6174eaf8	1	19	ふ、踏みにじったなんて・・・・・。	それにお前だって・・・・・。	でも、いいんじゃないの。	
L2550487d75	1	19	（う～ん。	このままじゃ、なに聞いても、	同じ事を言われそうだな）	
Ldac4d52f25	1	19	もらった分を返す事はできないけど、俺に	できる事なら何でもするから。	・・・・・・。	
L9529363393	1	19	それにこの鼻は自鼻だよ！	オイオイソンナワケナイダロ！	ハハハ！	
L15724a172f	1	19	それともお腹減っているの？	なんか食べさせてあげようか？	いやいや、	
L3b9262bebf	1	19	！	腕を絡ませながら引っ張るな！	・・・・・・・・・・・。	
L560f380628	1	19	入れないな。	何かを食べるお金は無いから。	・・・・・・・・	
L3f17a3e86b	1	19	いつも、あの窓際の席に座ってる	けど、今日は来てないみたい。	維織	
L358228b463	1	19	でるけど、朝来ないとその日は来ないから	今日は来ないんじゃないかな。	朝から夜までずっと本って・・・・・。	
L49a802da2f	1	19	俺を？	ああ。これを見てくれたまえ。	これ？	
La7957c6e1a	1	19	なんだコレ？	画面の中に線だけで表示された	バッターがいるぞ。	
L290d506775	1	19	いいから入れるんだ！	僕のプログラムの素晴らしさを	証明させろ！	
L60db432d63	1	19	なんで武士なの？	まあ、そんな事は置いといて。	せっかく私が作ったのに	
Lfc56c142ca	1	19	・・・・・・・・・。	さん、今日は何の日でしょう？	今日は天皇誕生日だろ？	
L3143993b5b	1	19	じゃあ、何で俺に教えたんだ？	さんと私は親密な関係じゃん。	どこがだ？	
L991e945404	1	19	。いい加減に気付けよ。	現実での恋愛はゲームのように	上手くいかないって事に。	
L90413c35c7	1	19	う～ん。	ボ～ク、戻る事に決めたよ～。	サーカス団にか？	
Lce741c1d8b	1	19	ああ。	ちょっとある人から聞いてね。	そう。	
Le29ee7322f	1	19	維織	さんからもらうんじゃなくて、	俺が渡す方じゃ・・・・・	
L9b9ba183db	1	19	嘘の表情作る人間ばかりだった。	本当の表情を見せてくれたのは	准	
L6c154638c4	1	19	彼女は私達とは関係がない一般人だ。	だけど君も知っているように、	彼女は明るく奔放で、	
L2f047f04e0	1	19	相変わらず、わけのわからない理屈だな。	そんな事より、あれを見てよ。	あれ	
L5b41e86ddf	1	19	って、	あんな所にあんなのあったか？	ないない。	
L34bf42d1ba	1	19	な、なんで？	君が私のピアノを聴きたいって	言ったから。	
L5765783e6d	1	19	そうだね～。	それもあるかなって感じかな。	それも？	
L18ddb45c9c	1	19	だって最初から何でも	できるわけじゃないからね～。	こうやって地道に練習するんだよ～。	
L257d5bbae1	1	19	サーカス団に戻りたいんだろ？	なら、戻ればいいじゃないか。	あの高台から見ていたのは、	
Lfdb42acc23	1	19	いけないんだよ～。	なのにボ～クはもう大勢の人を	笑わせる事ができなくなったんだ～。	
L28df73a902	1	19	としてダメなんだよ～。	だから、ボ～クは・・・・・。	なんでダメなんだ？	
L18763f9662	1	19	大きく羽ばたける方を選んだの。	君と肩を並べて飛びたいから。	・・・・・・・・。	
L09996156b5	1	19	君と一緒に行く事は、	いま私を覆っている全ての鎖を	引きちぎって進むこと。	
Ldf35e97070	1	19	・・・・・・	それじゃあ、今と変わらない。	今までの私と同じ。	
L9bb4f64183	1	19	不自由な空にいるなら、その上に。	カゴ中に居るなら、その外へ。	優しいマットはもういらない。	
L73b4eada30	1	19	カゴ中に居るなら、その外へ。	優しいマットはもういらない。	傷つくなら新しい羽を。	
L83d32c1dc4	1	19	・・・・	忘れられない日にして欲しい。	逃げたくなった時に、幸せだった日々と	
Lc848e01800	1	19	だけど俺が君の鎖を引きちぎる事が	できるかどうかはわからない。	それができるのは自分だけだから。	
Lda3432b2c8	1	19	確かに黒いな。	黒いオーラが出てるというのは	間違いじゃない。	
L5c5472c9a4	1	19	ご主人様。	ご主人様とメイドの恋なんて、	世間が許しませんわ。	
Lbd011b0988	1	19	世間なんて関係ない！	君が僕の事が好きかどうかだ！	そんなのもちろんですわ！	
L3f45d5e67a	1	19	准	さんの気持ちはわかりました。	僕がこの世界の神になればいいのですね！	
La89a7f52f8	1	19	わかりました。	僕はこれまで以上に頑張って、	世界を裏で操る男になりましょう。	
La9fb4bcfab	1	19	あっ！	お帰りくださいませ！ご主人様	笑顔で丁寧に帰れって言ったのか？	
L9d6e85c2b7	1	19	ダメージを与えないでやってくれ。	いつか突然停止してしまうぞ。	そうなったら骨は、	
Lff0550ae79	1	19	う～ん。	さあ、あの子は・・・・・・。	あれ？また居るの	
L565b9ca162	1	19	かわいそうになってきた・・・・・。	とりあえず俺も気をつけよう）	ス～ス～。	
L29fc091fc3	1	19	カレーと一緒にしちゃダメだ！	君は・・・・・本当に心配性。	大丈夫・・・・・	
L4fb853571e	1	19	そこまで言われたら、何にも言えないな。	仕方がないなあ・・・・・・。	じゃあ、あんまり無理をしないように。	
L6f99f922d3	1	19	お前、こんな所で何をやっているんだ？	僕が喫茶店にお茶を飲み来ては	いけないのかい？	
La71e59b349	1	19	おい！武器屋！	この店の最高級の武器を出せ！	誰が武器屋だ。	
Le4c095eee5	1	19	。	ゲームはしょせんゲームだろ？	そこでいくら頑張ったって・・・・・・	
L76ea0895e7	1	19	まかせたまえ！	これが成功したあかつきには、	君にも貸してやるから！	
L94ee6e5bd0	1	19	突然なんだ？	何を企んでやがる暗黒メイド！	なんかその言い方、他にブロンズとか	
L0d00fc8b16	1	19	って、	もしかして本当に知らないの？	マンモスか？	
L8a79257ae5	1	19	維織	さんのプレゼントを買うことは	できないからな。	
L382b27a920	1	19	維織	さんは、そんな誰が作ったのか	わからない無機質な物をもらうよりも、	
Lcc5a66a853	1	19	維織	さんは自分の意志で帰ったの？	それとも帰らされたの？	
Lbde25ae6db	1	19	そっ！	じゃあ、抜け駆けはなしかな。	本人が居ないのに、	
L170a76ec23	1	19	なんか気持ち悪いな。	お前にそんな事を言われると。	気にしない気にしない。	
L987c4b0afb	1	19	この世界では君の方が年上かもしれないが	電脳世界では僕の方が年上だ。	だから君とは平等なのだよ。	
Lfa45c2310b	1	19	あの雰囲気！	まるでメイドさんじゃないか！	姿だけで十分だろ。	
L732c4e4449	1	19	部下の何気ない行動から、	何を考えてるかを予想するのは	大事な事だもんな。	
L8e3cfee0e4	1	19	君の言う通り、	君を幸せにすると約束するよ。	だけど・・・・・・・	
Ld339685ba1	1	19	そだね。	まだ一年ぐらいじゃないかな。	そうなのか？	
L5e2ad844e4	1	19	維織	さんも、ここに通い始めたのは	最近なのか？	
L1c2a102313	1	19	この店の雰囲気が好きになったんだって。	このメイド喫茶の雰囲気がか？	言っとくけど、これは私の趣味で、	
L284e2e3101	1	19	どんな人間だって、	前に進む事はできるんだって。	だけど、それはどんな人間も	
L5c0ca111d8	1	19	・・・・・	ここまでする必要があったの？	・・・・・・・・。	
L1add905283	1	19	君も休みなんだよ。	こんなおっさんしかいないが、	コーヒーでも飲んで行くかい？	
L89482429db	1	19	こんなおっさんしかいないが、	コーヒーでも飲んで行くかい？	はい。	
L38a7ab5305	1	19	なにかな？	貴方達はいったい何者ですか？	貴方と	
L88cc286d6e	1	19	・・・・・・・。	ここ十数年でIT企業として、	急速に成長した会社がある。	
Ld8562cc1d0	1	19	お嬢様は・・・・・	その会社の次期社長なのだよ。	次期シャチョー？	
La461f030cd	1	19	お嬢様の社長就任は	本当は今年の８月だったのだ。	今年？	
Lca280c363c	1	19	もう、タイムリミット・・・・・・。	私はもう戻らないといけない。	戻る事は構わない。	
L64486f0218	1	19	お嬢様の付き人です。	貴女が望むなら私はその時間、	お待ちしましょう。	
L8fee3e371f	1	19	お待ちしましょう。	それに旦那様との約束の時間は	今年中ですので。	
Lfe7ce79ccf	1	19	維織	さんの家は俺と君が数か月間、	一緒に過ごした、あの部屋だろ？	
L33dc1c3d2d	1	19	したよ！	私は翼を広げようと頑張った！	自由の空へ！	
L266a537a36	1	19	維織	さんの翼はまだ大きくなるよ。	それは今じゃできないのかもしれない。	
Leb97286632	1	19	それはどこまでも大きくする事ができる。	その鎖を引きちぎらなくても、	それを背負っていける程に大きくする事が	
Le18ed187d6	1	19	さんは表情を	コロコロと変えた方がいいよ。	維織	
L26432ad8a9	1	19	もっと大きくなる事ができる事を。	全てを担いで飛ぶ事ができる、	大きな翼を持っている事を忘れないでね。	
L48a7a9c807	1	19	まあ・・・	今から、食事するわけでもない	し・・・	
L12a42b14fb	1	19	ほうほう、なるほど。	これは、お近づきの印ですぞ。	あ、いいんですか？	
La9c8a391d1	1	19	お仕事を	ご一緒させていただきました。	へぇ。	
Lac4fb86a91	1	19	君の	味方につく事に決めましたぞ。	大事な野球友達ですからな。	
L6796c66c1a	1	19	霧生	さんなら、もういないですよ。	え？	
L8b9ce944e3	1	19	￥は、	キレイに物がなくなっていた）	引っ越し？	
Ldc777ce94d	1	19	ただいま。	今回は、ずいぶん長かったね。	ああ、今回は	
L8a1007ac8d	1	19	すぐにでも再調査に	行きたいところなんだけどね。	まずは、今回の調査の資料を	
L358dc6b29e	1	19	感謝してるよ。	・・・で、肥料って事は・・・	えーと、畑じゃないぞ？	
L34cce0b540	1	19	詰めといたから、	悪くなる前に食べてくれよな。	ありがとう。	
L6621e7f6f8	1	19	来たか！	ちょっと行って注意してくる。	あ、	
L3bcea99264	1	19	あれ？	さんの知り合いでもないのか。	えーと・・・	
L247f3650eb	1	19	なるほど、なるほど・・・	なかなか、いい住まいですな。	・・・そうですか？	
L1268a0036a	1	19	あの件に関わった者は、	あなたを除き、全て処理させて	いただきました。	
L416ca4181d	1	19	お父さん？	そんなところで、何してるの？	いやぁ。	
L79dbc43d92	1	19	お嬢様は、外出しておりますからな。	時間は、たっぷりありますぞ。	そうですか・・・	
L26b4a747b6	1	19	うむ。	やはり、お嬢様の話をすると、	やる気が湧いて来ますな。	
L643dbfb86e	1	19	あれ？	今、行こうと思ってたんだよ。	さん。	
La12fbaf39b	1	19	この間、お父さんの仕事の資料を	引き取りに来た人がいたんだけ	ど・・・	
L960b940647	1	19	その時、自分で言って気付いたんだ。	あんなに仕事に一生懸命だった	お父さん	
L0a465f21d9	1	19	急ぎの用事のようですな。	野球は、また次の機会ですな。	え・・・	
Lad26b595d2	1	19	え・・・	やっぱり忙しいんじゃないか。	（	
L546cadea84	1	19	いやいや・・・	ワタシは、見てるだけで十分。	（野球の練習をしました）	
L9f843c0761	1	19	え？	でも、後ろにいるじゃないか。	ははは。	
L186ddbdcde	1	19	さん、いくらなんでも	そんな嘘で驚いたりしないぞ。	うわぁ！	
L8f3a78ceba	1	19	なんですかな？	料理のレシピは、秘密ですぞ？	それも気になりますけど、	
L7ff71d2d6b	1	19	かかってきますよね？	あれって、なにかの暗号だった	り・・・	
Lba1f3ab182	1	19	うん、すっごいよかった。	私、パンフレット買ってくる。	か	
L3a3a51d632	1	19	うーん。	あんまり得意じゃないんだよな	こういう映画。	
Ld2587cd5a3	1	19	んー・・・	臭うとか臭わないとかじゃなく	て・・・	
L8e4b05e66f	1	19	ど・・・	また来るのは、別にいいのか？	（ぐきゅるるる・・・）	
Lf471473e3f	1	19	しかし、よっぽどお腹が空いてたんだな。	あんな音、聞いたの初めてだ。	ははは、面目ない。	
L28a83c2c32	1	19	まったく・・・	何で鼻歌なんか歌ってるんだ。	あ	
Le63819e433	1	19	別にさ・・・	考古学者でも、それ以外の何か	でも気にしないよ。	
L63d49d2825	1	19	あ、落ち込んだ？	ははは・・・いや、別に・・・	あー・・・っと、	
L069afd1439	1	19	ぬいぐるみ？	確かに、お父さんにもらったけ	ど・・・	
L33f0661a43	1	19	あー、何もないんだった。	すぐそこだから買ってくるよ。	あ、こんな時に一人で出るのは、	
L102ad394b3	1	19	自信が	なくなっちゃったなあ・・・	練習する気になれないや	
L14630002e9	1	19	ハッ・・ハッ・・ハックショーーン！	なんだか寒気がする・・・。	練習休もう・・・。	
L0190b8649c	1	19	カンタ	君と一緒に過ごしました。）	今日はお祭りよ！	
L21e15cba0f	1	19	これを持っていってくれないかね？	いっぱいもらっちゃってね。	そうか、じゃあ	
L5f1fc6ace0	1	19	うーん、そこの演技	もっと上手にできないかな。	手の動きにもっと気を配ってみて！	
L3f5330a777	1	19	あれ？	あんた、ケガしてるカニよ。	・・・大丈夫？	
L7cb8c48482	1	19	へえ、今日も気合が入ってるね！	（しっかり練習しました。）	もっと腹の底から声を出せ！	
L5939a88afc	1	19	（しっかり練習しました。）	もっと腹の底から声を出せ！	あっ！！	
L503da85836	1	19	肝心の食べ物を、	取り返すのを忘れてた・・・	あい	
Lb91fa8aeb0	1	19	おつかれさま。	今日は、本当に助かったわ。	・・・・・・・・・・・・。	
L39ef58b7c2	1	19	すみません。	もう一度やり直してもらって	いいですか？	
L26d6004770	1	19	おや、店の脇に何か置いてあるぞ。	「欲しい方どうぞ」だって？	古いマンガか・・・	
Lcdfd894796	1	19	ああ、それじゃ仕方がない。	バイトがんばってきてくれ。	そうだ！	
L8b1f5f7048	1	19	ところで、朝晩の食事は	ちゃんと取ってるんですか？	え、ええ・・・	
L09b8de4634	1	19	・・・・・・・・・。	まあ、こういう日もあるか。	なあ、良かったら	
L5170fb9173	1	19	まあいいや。	ありがたくもらっておくよ。	あ	
L280b6c2ca9	1	19	さん。	何か問題が起こったのかね？	いえ、特に用事があって	
Lcf7c16a2ad	1	19	じゃあ、商店街のために	ちょっと働いてくれないか？	（商店街の雑用をやらされた！）	
La830188ee1	1	19	今日はこんなもので引き上げよう。	見つかったかもしれないし。	わかった。	
Lefbe9e3e46	1	19	ここにあるってことは、	食べていいってことだよな。	いただきまーす！	
L4d83aeae4e	1	19	食べきれなかった分は	明日のために置いておこう。	・・・あれ？	
Lc4826e2931	1	19	（ふ、ふん。	別にキャプテンがいなくても	僕たちだけでも勝てたさ！）	
L80afac4275	1	19	別にキャプテンがいなくても	僕たちだけでも勝てたさ！）	（でも、助っ人なしでも	
L0273954db9	1	19	よし、じゃあ今日から	そこを重点的に練習しよう。	・・・・・・。	
L4bc23ffb30	1	19	ねえ、おじちゃん。	プロの球団に行くとしたら、	どこがいい？	
L58899f2675	1	19	のこと	なんかも、ぜひ聞いてくれ。	きそもそもカード野球とは？	
L477d73a446	1	19	・・・いや・・・	その、見ているだけだから。	そうですか。	
L44d3930637	1	19	！	劇団へ練習に行く時間まで、	河川敷でキャッチボールしない？	
La4b4ab31b6	1	19	（でも、どうしてお父さんが	作ったと思ったんだろう？）	き	
L8e9d4c7fcd	1	19	だいたい、ほとんど人間なんだよ。	体のフタも、水着を着てれば	ぜんぜんわからないし。	
L0d2220bc49	1	19	話しかけてくる人の数を	勝負してるんでやんすか？！	そうだよ。	
Lc47a45f190	1	19	アンタたちには、	つきあいきれないでやんす。	こ	
L4bec255f33	1	19	なんの音・・・	あっ、鉄骨が落ちてくる？！	（シャキーーーン！！）	
Le655be26df	1	19	あの倉庫はどうなるんですか？	持ち主は、保険が下りるから	立て直すかも、とは言ってたけどね。	
L9d360151e9	1	19	俺たちなしでも、	この連中なら立派に商店街を	立て直してくれるさ。	
L69348a2d9a	1	19	厨房にいる間に、そこで料理が	できるようになったんです。	前は、もっとご飯の時間が	
L18b0e79157	1	19	こんなところにおいしそうな木の実が。	・・・でも、食べられるもの	なんだろうか、これ。	
L7538eaa989	1	19	釣りは早さを競うものじゃないんだ。	のんびりやればいいんだよ！	ス	
Lae4ac56964	1	19	疎外感は誰でも感じることはあるさ。	でも、君は風来坊じゃない。	この街の人間なんだろ？	
Lc4ccb471cc	1	19	あった、これだ！	ふっふっふ、ついにこの本の	封印を解く時が来たか。	
L4fb0a00c29	1	19	モツイコ、モツイド	レーナニウコフ、ナンミー！	おおおおおっ、	
Lc7d324c530	1	19	（得体のしれない儀式の	よくわからない効果によって	木川	
L4a0bf3c5db	1	19	これでいいんですかね。	商店街に全然関係ない連中が	人も	
Lc926a65d6c	1	19	えっ、いや、しかし・・・	助けてくれるっていうのに、	断るってのも・・・ねぇ。	
L09eb6066e3	1	19	くそ～、またやられたか！	だが、違うのはここからだ。	待てー！	
L0e2985adf3	1	19	今日は	エビフライと、ポテトサラダ	ののサンマと、大根の煮たやつ	
L2269e7cc28	1	19	か。	ただの泥棒犬かと思ってた。	・・・・・・・・・。	
Ld408ae2e01	1	19	事故でケガをしてかららしいぜ	人に近寄らなくなったのは。	事故？	
L2f618a8b7e	1	19	のことは	そのくらいにして、練習だ！	よう、キャプテン。	
L15004a5244	1	19	カンタ	君、今日はダメだったけど、	次は必ず勝つさ！	
Lf6d352d381	1	19	・・・・・・あれ？	しまった、こ、これは毒！？	（ドサ！）	
La37044f3b9	1	19	うん。	練習に劇団へ行く時間まで、	今日はのんびりできるんだ。	
L525fb68dc3	1	19	あんまり変わらないでやんすね。	もっとボールが爆発するとか	できないんでやんすか？	
L303868cb5a	1	19	しかし、そのハサミでよく器用に	バットが持てるでやんすね。	よく見るでカニ。	
Lda6f221847	1	19	打撃はともかく、守備は？	グラブはどうやってはめてて	送球はどうやってるんでやんす？！	
Ldbe497be2b	1	19	この先は	やっちゃダメなのでやんす。	ふうん、そういうことか。	
L902dcd6ab2	1	19	なんていうかさ、あんまりうれしくて	その、実感がわかないんだ。	・・・おめでとう。	
L6cff3aff7a	1	19	商店街の各お店にビラを貼ったり	各お店でチケット売ったり、	極力	
L1b1baae886	1	19	この期におよんで、何を言い出すんだ。	それに、人数がそろわなくて	こっそり逃げ出してるかも・・・	
L40597cbf28	1	19	。	そろそろ試合を始めようか。	おう！	
L58ed57d6f8	1	19	腕を振り回しながら	地上を走り回るよりも先に、	水に入るところから始めたらどうだ？	
Lf521ab1603	1	19	冗談じゃない！	ちゃんと準備運動しないと、	危ないじゃないか！	
L9294ae9e9e	1	19	・・・君の作る料理なら、	なんでも美味しいよ・・・・	目が泳いでいるわよ。	
Ld61e965a07	1	19	思ってたんだよ、僕。	（無口で怪しい外見なのに、	いつのまにかチームに溶け込んでる。	
La6a7601857	1	19	・・・それに、確かにあいつ、	俺の枕もとに現れたよな。）	・・・・ムシャ。	
L8b9f52d0ea	1	19	なんだ、そうだったのか。	これからは気をつけてくれ。	（・・・家を間違えた、だって？	
L4ee7adf0e7	1	19	まかないの残り物だよ。	あと、お客さんには出せない	形のくずれたケーキとかあるけど	
Le5161135b8	1	19	形のくずれたケーキとかあるけど	それも特別につけてあげる。	ありがとう！	
L587fa77b18	1	19	ムシャ	っていうやつなんですけど。	いつもヨロイ着てるんですよ。	
Lb4a64367e5	1	19	変だな？	何か忘れているような・・・	おい、なにぐずぐずしてるんだ。	
Ldd9ec200e5	1	19	コマンドがあるから、それを選んで	経験値を使って能力を上げる	んだ。	
L4f93282eb1	1	19	「人間として大事なモノが欠けてる」	って言われたことあるんだ。	そんなひどいこと、誰に言われたんだ。	
L07a48f3261	1	19	まあね。	都会じゃなきゃ手に入らない	情報とブツがあるのさ！	
Lad6338d73a	1	19	純粋に職業的に参考にしたくて	聞くのでありますが・・・。	悪の組織って、どんなことを	
Laa3060ca24	1	19	聞くのでありますが・・・。	悪の組織って、どんなことを	するんでありますか？	
L76b7320401	1	19	世の中どんどんバイオレンスになって	街中でドンパチやってんのに	俺たちだけ、カニカニカニ～って	
L5427e200ec	1	19	できないことが	あるって、そう思わないか？	・・・思わない。	
L3e9510a6cd	1	19	なんだか、勝手がちがうなぁ～。	とりあえず、カレー大盛り。	・・・ビーフカレー。	
Le147fdbeb5	1	19	（・・・これ以上、変なヤツに	増えてもらっちゃ困るよ。）	（サイボーグ・・・か。）	
L7f56656b0c	1	19	・・・べつに、	さんでもいいんだけどな～。	（どんがらがっしゃん！）	
L40191b86c0	1	19	うん。	そんな機能は、必要ないから	カットしたんだってさ。	
L4ec2f53a99	1	19	コアラーズ	との試合以来じゃないのか、	これだけ観客が入ってるのは。	
L0ede9449b5	1	19	でも、この観客なんですけどね。	さっき聞いてきたんですけど	ほとんどが	
Lf234273852	1	19	さん、	がんばってほしいでやんす。	・・・・・・・・・。	
L820005f4ff	1	19	（わたしは土地を手に入れろと	指示しただけのはずだが？）	（ミスタ・	
Ld4f4cac114	1	19	の４年前になくなった	ご主人は野球が大好きでさ、	このチームのキャプテンだったんだよ。	
Lc59a0ec52b	1	19	？	あれっ、どこへ行ったんだ。	よし、	
L5349e7ba7d	1	19	それで	きつく当たったと思うんだ。	あいつ、	
L526b101d29	1	19	猫の手も借りたいくらいで。	だからあんたが居てくれると	役に立つと思うんだ。	
Lb88b7265b1	1	19	。	最近のお前は、連携プレイが	上手になったな。	
L4c559d53a5	1	19	木川	はあっちで投げ込んで来い。	・・・・・・・・・。	
Le9fe3bea32	1	19	ああ、わかった。	・・・・・・・・・劇団か。	あんまり興味ないんだけど、	
Lab5c4807e9	1	19	・・・・・・・・・劇団か。	あんまり興味ないんだけど、	そのうちのぞいてみるか。	
L24af1a172a	1	19	そりゃあ、うれしいさ。	君のおいしい料理を食べると	元気がわいてきて、野球の練習も	
L75454fd8bd	1	19	ああ、それは大好物だ。	じゃ、今晩はマーボ茄子で。	ふふふ、まかせて。	
Lb8216cf282	1	19	ありがとう。	ひひビニールテープだって。	そうか、それはなにかと使えるな。	
L78f3992dcf	1	19	いや、それじゃしめしがつかねえよ。	こっちは勝負に負けたんだ。	キャプテンはアンタだよ。	
Ld42424d9b7	1	19	このままこの商店街で商売してても	大変なだけでしょう、って。	なんだか妙にウチの事情に詳しくて	
L87c6244b57	1	19	びっくりしましたよ。	あ、当然断りましたけどね。	おや、アンタのところもかね？	
L2cc68e9443	1	19	きっと、この街で石油が出るとか	道路か鉄道が新しく通るとか	そんなんじゃないんでしょうか！	
L114d08f094	1	19	そんなんじゃないんでしょうか！	・・・そんなわけないだろ。	（あははははは！）	
L8e5851e590	1	19	ああ、いい場所だからな。	公営のグラウンドなんだが、	ろくに管理されてねえんだ。	
Lcb915844d9	1	19	よし、やろう！	そうだ、映画でも見ようか。	今、映画はなにやってるの？	
L02f552067d	1	19	いかにも単純そうな話のアクションと	つまらなさそうな教育映画、	えーと、それから・・・	
L4c61eaf4d9	1	19	愛もなく、ただ生命をもてあそぶことが	いけないんじゃないのかな。	愛	
L79e39a8965	1	19	・・・うん。	もうじきクリスマスでしょ？	プレゼント渡しておこうと思って。	
L7b95100006	1	19	貴子	ちゃん、なんだか姿が透けて	見えてるぞ？	
L12b33c7069	1	19	さようなら・・・	私のこと、忘れないで・・・	（スーッ）	
La53692683d	1	19	へ？	いや・・・だって・・・え？	あいつは、お前がこの店に来る前に	
L2342106232	1	19	タダで出せるモノ探すよ。	ええっと、まずお水に・・・	それからソース、おしょうゆ、お砂糖。	
L135ce4e0e6	1	19	なんだか、人間として大事な何かを	失ってしまいそうだからな。	おじちゃん、おじちゃん！	
L4967bbac53	1	19	・・・がるるるる・・・	（余計なことしやがって！）	・・・・・・そうにらむなよ。	
L9abb396657	1	19	ヂ	・・・・・あたし・・・・・	そうだわよね・・・そんなの・・・	
Ld174a2d335	1	19	おねえちゃん、	リンゴが落ちたでやんすよ。	あ、ありがとう。	
Lff9d45814d	1	19	・・・ああ、なるほど。	ああやって川に落ちたのか。	って、おい、大丈夫か！？	
L7de916a9fb	1	19	・・・お前が、よそ者だからだよ。	よそ者がトップになりゃあ、	前からいた連中は気に入らないだろ？	
Le5e2080b44	1	19	・・・なかよしこよしじゃ、	チームは強くならねえんだ。	ま、それに、いざとなったら	
Lc0ac05ad55	1	19	チームは強くならねえんだ。	ま、それに、いざとなったら	責任は他の奴に押し付けるから	
L257d450438	1	19	まじめな熱血教師で通ってたんだぜ？	・・・２０年は前だけどな。	じゃあ、ごちそうさん！	
Lf18c33d379	1	19	跡取りだよ。	ちゃんと勉強してるんだな。	へえ、よかったですね。	
L575f5e73c8	1	19	ワシが留守の時、よく息子が店番を	してくれてるそうなんだよ。	しかも「俺がこの店をでっかくする。	
L5026e94ec6	1	19	しかも「俺がこの店をでっかくする。	親父みたいにフラフラしてる	やつにはなりたくない。」	
Lce5cfd54b5	1	19	じゃなくて、悪いところを見て	やる気を出したのか・・・）	とにかく息子は店を継いでくれる気が	
L242c49ae5d	1	19	やった、やったー！	よーし、この勢いで、一気に	商店街をぶっつぶしてやるぞぉ！	
L00b047390e	1	19	って、毎回	こういうのを作ってるのか？	そうだよ。	
L2d451dbbdd	1	19	そうだよ。	僕の作ってる造形物は、毎回	お客さんの度肝を抜いて大好評なのさ。	
Le75a916b02	1	19	昨日の晩、別れの言葉は何にしようかと	そればかり考えていました。	・・・・・・・・・。	
Ldc861c9cda	1	19	困った顔が見たかったんです。	・・・それじゃ、お元気で。	奈津姫	
Ld6ff91cbe4	1	19	冷たかったでやんす。	あの時、つれて帰ってくれば	きっと仲良くなれたでやんす！	
L952f6977cd	1	19	くんは小学校のころから	野球をやっていたそうなので	技術的には問題ないようだね。	
Lc2403b38e8	1	19	え、高校の時には甲子園にも出たんだ。	こりゃ活躍が期待できるね。	ちょ、ちょっと待て！	
Le4c5cb292d	1	19	甲子園に出ていたら大騒ぎじゃないか。	人を見かけで判断するなよ。	自分だって変な格好してたくせに。	
Ld82a3bcd33	1	19	うん。	あれ、言ってなかったっけ。	・・・あきれた。	
La885f303b1	1	19	うん。	だって、そう言ったじゃん。	男と女が一つ屋根の下にいて？	
L05cdb7730f	1	19	なんとなく	ありうるような気がするわ。	でも、貸してるのは本当に部屋だけ？	
L3cea5d37b5	1	19	お前が帰るのが遅い。	毎回どうしてそんなに帰りが	遅くなるんだ？	
Lbde14505a4	1	19	ああ、そうでしたか。	でも、アルバイト雇えるほど	ウチは余裕ないんですよ。	
L92e02b471d	1	19	（殺虫剤入りケーキは、拾うと	Ｘボタンで設置できます。）	だめだ、虫を止められない・・・	
L1d05b2e9ba	1	19	さんに事情を打ち明けて、	お互いの企画の相違について	すり合わせしておいたからね。	
Le541906fd6	1	19	ああ、ありがとう。	この前、会長さんが来た時に	バレかけてあせったよ。	
L3c65bf6f3c	1	19	はぁはぁ・・・	なんだか、走っても走っても	全然追いつかないでやんす。	
Le1601d6dc0	1	19	なんだか、走っても走っても	全然追いつかないでやんす。	に	
L571d2395fc	1	19	おかしいでやんすねぇ。	・・・じゃあ、ここで消えた	ということでやんすか？	
Lfe00a92968	1	19	・・・そういえば、以前	ここに妙な奴が来ていたな。	たしか、名前は	
Lef3feace0c	1	19	まかせな。	そいつはオレの得意分野だ。	この結果は、どうなんだろ？	
L0cb16d5fee	1	19	・・・オレ、寺を出てから世の中は	金が無いと全然ダメだなって	思ってたんだけど、	
L9625bbb8a7	1	19	思ってたんだけど、	ここに来て兄貴見ていると、	そんなこと関係ないかなって、	
Lb323e77518	1	19	（少しはお金があった方が	いいのかもしれない・・・）	前回は、ゲームオーバーになったか	
L4bff856a24	1	19	最後にセーブした所か、	重要なイベントの発生後から	やり直すことになるぞ。	
Ld272830184	1	19	さすがにペナルティも大きめでやんす。	次はもう続けられないので、	この最後の一回に全力を注ぐでやんす！	
L4152ad82b1	1	19	やり直すことができるのでやんすが、	５回目は無理なのでやんす。	ゲームオーバー以外でこういうことに	
L4b4dbaa04f	1	19	スパゲティか？	ああ、いいんじゃないかな。	ソースのリクエストは、何かある？	
L3cb886864f	1	19	スパゲッティって、ケチャップで	いためるやつじゃないのか？	え・・・本当に知らないの？	
Lb422a80d79	1	19	そんなことは、許さん！	ちょ、ちょっと、お父さん？	・・・あ、ああ、すまん、すまん。	
L537d68f831	1	19	・・・あ、ああ、すまん、すまん。	しかし、どんなくだらん奴と	くっつくかと思うと心配でならん。	
L5af6f22975	1	19	いやいや、本当のことだよ。	この間は本当にありがとう。	でも、名前まだ聞いて無かっただろ。	
La4b8e43991	1	19	お母さんを助けてもらったもんな。	しかし・・・・・・・・・・	今日は	
L967c8457a9	1	19	治してやろうと思ったんだが。	ひどい剣幕でほえられてね、	治療させてもらえなかった。	
L5f969c667d	1	19	治療させてもらえなかった。	おかげであのとおり、ひどい	傷跡が残ってしまったわけさ。	
La4f646f4fb	1	19	（・・・なんだろう？	なんだか、ものすごく必死で	楽しもうとしてるような気がする。）	
L6817fa8f7b	1	19	えっ、まさか・・・	あたしの腕にとまっていた？	おそらく。	
Ldee519d2fa	1	19	大村会長	にでも聞けばわかるかな？）	あ	
Lb19e65c672	1	19	遊びに来てるだけなんだ。	しかし、発言力という点では	非常に強いものを持っている。）	
L7795bfa807	1	19	ああ、いや・・・	たいしたことじゃないんだ。	ところで、	
L1f96c9f17a	1	19	お互いの実力がわかったことだし、	この先、協力してがんばって	行ったらどうだろう。	
Leff31ada2c	1	19	。	試合でのヒーロー争いなら、	いつでも受けて立つぞ。	
L7ff20407dd	1	19	さん、	いいところに来たでやんす！	母ちゃんが倒れちゃったんでやんす！	
L851ea1f1c0	1	19	心配していただいてどうも。	も、もう、大丈夫ですから。	・・・かなり熱がある。	
L63f16a6a52	1	19	わかりますから・・・	でも、ご飯ができてないわ。	サフランライスの作り方なら、	
L69bac6b546	1	19	見てますから、だいたいわかります。	だいたいじゃ、ダメなの！！	・・・あ、ごめんなさい。	
Le2d6e8d205	1	19	これからもなんとかするわよ。	い・・・がんばりましょう。	・・・	
L0f360f820a	1	19	さん。	あまりそういうところにまで	立ち入らないでくれないかしら。	
Lc6a70da17c	1	19	どこから出してるんだ？	・・・じろじろ見ないでよ、	恥ずかしいから。	
Lfcff240434	1	19	そうそう、それそれ！	これの使い方を説明された時	めちゃくちゃ笑っちゃってさぁ～。	
L616f0d04bf	1	19	うん・・・・・・まあね。	状況があんまり悲惨すぎると	笑う以外にどうしようもない	
L57d8721ebc	1	19	状況があんまり悲惨すぎると	笑う以外にどうしようもない	ことってあるじゃん？	
L795560cc16	1	19	巨大ムカデ？！	（Ｙボタンで殺虫剤をかけて	巨大ムカデを倒せ！）	
L7207aaf99d	1	19	尻尾	には殺虫剤は効かないぞ！）	（時間がなくなってきたら、	
Lbddd7c3e2e	1	19	には殺虫剤は効かないぞ！）	（時間がなくなってきたら、	「	
L39c4ad8fff	1	19	大事にしたいって、	そう思うようになったんだ。	それで、	
L8c61168e9b	1	19	そうだな。	じゃあ、今年は野球の試合で	がんばろうか！	
Le59a271abb	1	19	たしかにそうかもしれぬ。	もっともらしい難しい言葉で	相手を煙に巻いて、	
L501edb1817	1	19	いねえだろ。	それより、最近このあたりで	なにか変わったことないか？	
Ld4eb6910fe	1	19	へへっ、おもしろくなってきたぞ。	あばよボウズ、また会おう！	い	
Ldbd4af2875	1	19	もうあきらめてたのに。	高いものじゃないけど・・・	良かった。	
L8da1babe9d	1	19	このチラシを見てくれよ。	ウチがイベントを企画すると	どういうわけかスーパーも	
L139c2001ad	1	19	に、	大型スーパー２店を経営する	メリットはないでしょう。	
L0d83dd5763	1	19	ひどいだろ、赤ん坊だよ？	親を見つけ出して、どうして	オレを捨てたか聞き出してやるんだ。	
L0420656109	1	19	お前はこうして生きてるんだから、	それだけで十分じゃないか。	この空を拝めるのは誰のおかげだ？	
L2a0a74dd43	1	19	がお前の親だ。	それで十分じゃないのかな。	う～～～～～～ん？	
Lf6b9707bfa	1	19	「君は向こうに土地勘があるだろ。	商店街で配って来なさい。」	って言われたから。	
La40efd3e4b	1	19	国道の北側で配ってくる。	あそこならこっちの商店街に	影響ないだろ。	
Lfb79d555f4	1	19	わかった、場所変える。	スーパーの人に聞かれたら、	追い出されたって言えばいいしね。	
Laf64c515b7	1	19	バケモノだ！	鷺ヒあ・・・・・大丈夫か？	オイラ、怖かったでやんす～。	
Led70ebd48f	1	19	ムシャ	は助けてくれたんでやんす。	変な人がオイラを連れ去ろうとしたんで	
L61d7516f01	1	19	さち	さん、それは犯罪行為です！	逮捕されますよ！	
L8bde70ed73	1	19	ううむ、金に執着心のある人物に	理性的行動を求むることの、	なんと困難なことであろうか。	
L7acb96c3fd	1	19	クロノ	って元気なじいさんの組織に	いたことがあるのカニ。	
La5b032d3bd	1	19	そうそう。	それで、資金でも集めようと	いうことになって、銀行強盗を	
Le4d25dcaf4	1	19	銃で撃たれまくってたけど	まったく平気だったカニね。	な、なんですかそれは？！	
Ld0521f6891	1	19	生きる事自体がすばらしいんだ！	そのために産まれたんだよ！	・・・・・・・・・。	
L9795629f38	1	19	俺はよろこんで、	ここにご厄介になりますよ。	おう。	
L5d043a02b8	1	19	ふふふ、商店街の人間は	そんな風には思ってないさ。	やっぱり、野球風の装飾なんて	
L9e96ea094d	1	19	ま、似たようなもんね。	あたしは、この店のカレーを	いつもタダで食べさせてもらってるから	
L7daef0b66a	1	19	へへへ～。	あたしは副業が好調だから。	副業？	
L5fb9c91447	1	19	そういえば、昆虫の話ではないが、	戦時中の兵隊が、大便の中の	寄生虫を集めて飢えを・・・	
L3bd9214c20	1	19	戦時中の兵隊が、大便の中の	寄生虫を集めて飢えを・・・	あんたたち、いいかげんにしなさい！	
L614eec530e	1	19	・・・ねえ、あなたたち。	お店の中で、そういう会話は	やめてくれないかしら。	
L6d71a3296f	1	19	・・・ねえ、あなたたち。	このお店で、そういう会話は	やめてくれないかしら？	
Ldac42e48cd	1	19	さっき電話が動いたぞ？	・・・メールが来てるって？	しかし・・・どうやって見るんだ？	
L96a39a399e	1	19	ええと・・・	オラ、ポソ・アジュウダル？	（ペラペラペラ・・・）	
Lc80b937ae5	1	19	助かるわぁ。	それじゃ、あたしはこれで。	ぎ	
L0c6750cda6	1	19	もうけ話など、	その者自身を富ませるための	虚偽と知るがよい。	
L935bb77bbb	1	19	監督をやってきた。	しかし、商店街の建て直しと	野球の練習を両立させるのは	
L800295a5e5	1	19	しかし、商店街の建て直しと	野球の練習を両立させるのは	はっきり言って無理だ。	
Lb2d2717362	1	19	悪の組織を、もう少しがんばって	続けて欲しいのであります。	ええーっ？	
L6f93e16121	1	19	日常勤務の繰り返しで。	一番つらいのは、どこででも	そうなのではないかということを	
Le57520472e	1	19	たぶん、怪人に改造される前の人間が	野球をやっていたでカニよ。	ふーん、元は人間だったのか。	
L9fc2cf12a9	1	19	この姿になった時点で	別の存在なんだから、正体が	何かってわけじゃないカニよ。	
L34fc632863	1	19	問題は、そうなった場合・・・	今のカニ怪人としての意識が	どうなってしまうかわからない	
L8d2546a83e	1	19	問題なのカニ！	過去はどうでもいいのカニ！	なるほど、前向きだな。	
L395f2bf32f	1	19	２００円・・・？	じゃあ１００円貸してくれ。	・・・え？	
L206c8bc1a6	1	19	あの子がこの街に来たのが3年前だから	そのころからじゃないかな。	あたしにはああいった世界の楽しさは	
L4c39584399	1	19	ああ、やってらんねえなぁ。	まあ、安心といえば安心だが	あんまり何もないってのも不安だな。	
L71eeeba971	1	19	こいつ、はっきり言いやがったな。	あ～あ、しょうがないよな。	オレも応援するしかねえか。	
L197e6dce26	1	19	ジャジメント	に勝てるようになればいい。	な、なるほど！	
L0eebcb426d	1	19	この試合の各イニングでもらえる	スタンプを集めると、商品が	最大で４０％割引きになるのだ！	
L933919ac85	1	19	・・・キミが気にすることではない。	あ、もうしわけありません！	お前ら、なにボケッとしてるんだ。	
Ldbe1ecc3e7	1	19	監督の仕事なので	あなたには操作できません。	・・・うん、いい日だ。	
L9a1107cf85	1	19	・・・助けて・・・助けて・・・	助けて・・・助けて・・・・	・・・・・・・・・・・・。	
La189c5bf48	1	19	・・・う、腕・・・	折れてしまったです・・・・	・・・・・・・・・	
L16994ef18d	1	19	ところで、支店長。	会長の狙ってるお宝なんだが	ちょいと情報を集めてみた。	
Lba4a03b63d	1	19	５年前か・・・	たしかに、その頃から会長は	ブギウギ商店街	
L7a2a78cff2	1	19	いくらでも無理きくんだからさ。	でも、いつまでも１人だけで	店なんか続けられないでしょ。	
L7f09fd8dc7	1	19	どうしたの、こんな夜中に。	ちょっとドキドキしちゃうな	ええっ？	
L1bea4a6447	1	19	ジャジメント	じゃなかったかと思ってね。	そうなの？	
L374e0a0989	1	19	売ったのは知らない相手だったよ。	そう、全然誰も知らない人！	・・・そうか。	
L9d674e2cf7	1	19	に勝って	このチームが助っ人なしでも	十分強いことが判ったからな。	
L93bf409704	1	19	権田	、お前にキャプテンを頼む。	・・・・・・・・・。	
Lc56c565264	1	19	・・・・・・・・・。	やれやれ、キャプテンの座は	実力で奪い取りたかったんだがな。	
Lef7f1195d2	1	19	おいおい、謝るんじゃねえよ。	ますますこっちがちっぽけに	感じてしまうじゃないか。	
L1ba30d58a3	1	19	イメージダウンをさせるような	そんな作戦が採用できるか！	ウチの売上げまで下がってしまう。	
L5039e68dd4	1	19	ウチの母ちゃん、忙しいから	こういうところ、どうしても	後回しになっちゃうんでやんす。	
Lb64cf516c7	1	19	道具は、昨日のうちに	もう準備してあるでやんす。	よし、やってやるか！	
Ldbd50649fa	1	19	テント張ってんのかよ。	さっき練習中に聞いた時は、	冗談だと思ってたぜ。	
L715c1a715e	1	19	のチームに勝てば	そういう状況も変わるかな？	ま、そいつは無理だろうね。	
L474e1fe730	1	19	こっそりと逃げ出そうとしていた。	その時やってきたのが・・・	ワン公	
Lfc5797efe2	1	19	気づかれるかもしれないからね。	それに、追い払おうとしても	大声は出せない。	
Ld236eca15e	1	19	（今度あいつにエサでも	持って行ってやろうかな？）	あ	
Lb3e47df22d	1	19	そんなのムリに決まってるじゃない。	もう、本気にしないでよ～。	あ！	
L07ac7e2db1	1	19	どれ？	ああ、コリントゲームだね。	・・・ん？	
Ld504e760d2	1	19	何言ってるの。	ただの占いじゃないのぉ～。	気にしない、気にしない。	
L388d3a093c	1	19	親が出ていったていうのも	もともとは僕が悪いんだし。	恥ずかしい話だけど、高校出てから	
L4919cba949	1	19	まったくわからなかったし。	けど商店街の人たちが事情を	知っていたみたいで、	
L14c80b5b6c	1	19	実感するんだ。	これもみんなのおかげだよ。	商店街のみんなに感謝しないとな。	
L05978f26b7	1	19	まだ無理だと思うけど、	もっと自分に自信がついたら	両親に会いに行ってみようと思うんだ。	
L0b0428ba4a	1	19	オレはパチンコ屋で住み込みで	バイトしてるから、ここには	住んでないんだよ。	
Lb4cf51ec26	1	19	おじさんなんかに、	オイラは倒せないでやんす！	ほほう・・・？	
L9ed3e5655d	1	19	すごいな！	そんな技を持っていたのか？	へへへ、	
L8008830a93	1	19	でもさ、簡単な料理と市販のものを	組み合わせれば、それなりに	食べられるものはできるんだよね。	
L84b66a27e8	1	19	・・・しかし、君の場合は	料理が下手なんじゃなくて、	単にズボラなだけなんじゃないのか？	
Lf94d426a72	1	19	はい、どうぞ。	それと、商店街の回覧資料。	カレーのついでに持って帰るよ。	
L03829c86d1	1	19	え？	う・・・なにもありません。	おいおいおい・・・	
L73ab6903a1	1	19	広川	さんは商店街の一員だよな？	うん、そうだけど・・・	
L71d63b7c1d	1	19	いいんですかね。	商店街の連中を怒らせるより	機嫌をとった方が・・・	
L04a2f2d2d2	1	19	最後は	こっちに泣きついてくるさ。	（そんなにうまくいくかな？）	
L461b2061b9	1	19	誰？	あれ、店長のお知り合いじゃ	なかったんですか？	
L094e8b4dff	1	19	コトは	運ばないんじゃないかなぁ。	（グビグビ）	
L9ccdc45e09	1	19	夜中にお腹をすかせて	畑の作物を盗もうと出てきた	ところを捕まえたらしいがね。	
Lf46691cef7	1	19	もう抜け穴は	埋めてしまっていたからね。	がっかりして帰ったらしいよ。	
L76c5678e18	1	19	・・・・・・・・・。	（商店街の昔話を聞いた！）	こんにちは。	
L46f361e46e	1	19	お世話になってるのは、	むしろ私達の方なんだから。	おう。	
L5f108bcdd3	1	19	よかったら、これ持って帰って食べて。	お父さんと、あたしだけじゃ	全部食べきれないからさ。	
L8e9b4657a0	1	19	ちょっといい？	いい仕事があるんでやんす。	？	
Lcddf0049cc	1	19	む～～～～～ん。	所詮、草野球なんだなぁ～。	草野球のどこが悪いんだ！	
La984012e4a	1	19	む～～～～～ん。	そうはいかないんだなぁ～。	この間のおわびに「キムチ」を	
Labe5e54fac	1	19	うるさい！	どうして勝手に俺のテントに	入って来てるんだ。	
Lba66fea8fb	1	19	む～～～～～～～～ん。	ここはみんなの河原だから、	勝手に入っても問題ないんだなぁ～。	
L769880e8b0	1	19	打撃のコツは、一言で言うと	ねらい球（打つ球種）を絞る	ことだ。	
Lbfcd2115dd	1	19	直球だけをねらう方針でもいい。	だが、基本的に変化球の方が	直球よりも打った時によく飛ぶし、	
Lcdc52a58e8	1	19	のの	投球のコツは、一言で言うと	ワンパターンにならないこと	
L9f6416c55a	1	19	投球のコツは、一言で言うと	ワンパターンにならないこと	だ。	
L6550e64a37	1	19	打たれたくないときだけ変えるんだ。	１球目、内角高めストレート	２球目、外角にボールになるスロー	
Lfdc11cb6f6	1	19	なんと！	では、新戦力でありますか。	ええ、商店街の会長さんの紹介ですよ。	
L8666c5654d	1	19	そ、それはその・・・	いや、面目ないであります。	では、パトロールに戻るであります！	
L41f8e0c891	1	19	治療費は現金払いで頼むよ。	（病気になってしまったら、	回復	
L45e2caa7d9	1	19	うん、それわたしのじゃないから。	・・・前の演出家のだから。	・・・・・・。	
L8043c5d690	1	19	そしたらさ、この部屋が	すっごく明るくなって・・・	その本は、どこに行ったのかな？	
Lb014622611	1	19	その本は、どこに行ったのかな？	さあ、どこかに持ってったか	・・・あるいは売っちゃったか。	
L04decfa644	1	19	脚本や演出がうまくいかない時とかね。	ああ、でも、それでも・・・	すごく好きだったんだな、と思う。	
L88e4d6da71	1	19	そこにいろ。	・・・もうすぐ治まるから。	・・・・・・わかった。	
La591a9a36c	1	19	その時は、たまたま体調が悪かった	のかもしれないじゃないか。	食べるならこっちの草だよ。	
L7b9f93a929	1	19	あたしの機能を使って演出効果を	ばっちり強化してあるから！	よ	
Lf85d27eccf	1	19	あたしがデータを変換してるんだ。	人間用に調整し直した信号を	そっちの神経に直接送ってるわけ。	
L3a89e52e4f	1	19	ああ、チラシもらってくれた人ですよね。	まさか本当に来てくれるとは	思ってなかったぁ。	
L93102e605c	1	19	見たことがあります。	でも、こうして完全なものを	この目で見るのは初めてですね。	
Lb0d4e998ae	1	19	まあ。	なるほど、あの子がね・・・	母親失格ですね、私。	
L5d4f238ecd	1	19	ご主人の大切な思い出の品を	もらうわけにはいきません。	ええ・・・そうですね。	
L8ebbbff54c	1	19	子供の頃からこうやって	過酷な現実に直面させるのが	思いやりってもんじゃないの？	
L357ddc7991	1	19	作ってあるらしいんだ。	だからどうしたって、性格に	欠陥が出るのはしかたないよね。	
L0c71bb9d2a	1	19	もっと大きくならないとダメだな。	そのためには、生きないと。	・・・・・・・・・。	
L8c14e122f4	1	19	これで普通の人間に一歩近づいたぞ。	・・・いや、一般的に言って	恋人のいない人間の方が多い。	
L9ce13edd4c	1	19	あれ、それは？	釘はともかく・・・ペンキ？	この際だからちょっとキレイに	
L378d0dae5a	1	19	ここは昔、処刑場だったそうだ。	で、怪奇スポットになってて	ヨロイ武者の幽霊が出るんだってさ。	
Lcf31b43fcd	1	19	・・・そうだ。	あの世に行けない愚か者だ。	それで、この石が本当に家？	
L01d68cc12f	1	19	もっと野球をしたいとか、	いろんなものを見たいとか、	いろんな人と会いたいとか！	
L19570396b5	1	19	・・・・・・・・・。	ああ、野球は楽しかったな。	だが、あっちには	
Lc50559d0b4	1	19	あの墓には、もう戻らないからな。	あれはあのまま、あの河原に	投げ出しておいてくれ。	
Labed822d12	1	19	あの子供にもよろしくな。	、楽しかったぞ、礼を言う。	ああ、こっちも楽しかったぞ！	
Lcd05d511c1	1	19	俺も、そろそろこの街を・・・	・・・俺には未練が多すぎて	あいつみたいに潔くはなれないかもな。	
L7832b49374	1	19	いらっしゃ～い！	スマート射的おみくじだよ！	小日向	
L37af8b6898	1	19	・・・・・・・・・まぁいいけど。	それより、これ見てくれよ！	絵はがきか？	
Lcea01a9c7c	1	19	へ	あんた元気にやってるかい？	こっちは毎日のんびり過ごせて幸せです	
L0708bd79b2	1	19	それがダメになっちゃってさ。	ある日学校から帰って来たら	家も何もかも差し押さえられてて。	
L8e1f5d4985	1	19	・・・まったく、どうして	こうなっちゃうのかなぁ～。	ちよ	
L172b331261	1	19	いっぱいいっぱいだったから・・・	それより、それほんとの話？	ああ。	
Lc821914f09	1	19	ご飯まで食べさせてやったのに。	せっかく人に見せない宝物を	特別に見せてやろうと思ったのに。	
L3ac9366a59	1	19	が魔法を唱え続ける限り、	この魔法は解けないんだよ。	なるほど、気を抜かずに	
Lf07096b2a8	1	19	試合をするったって、	そもそも人数が足りないぞ。	監督も行方不明だし・・・	
Lf1c6958596	1	19	商店街のために	がんばってくれてる人たちを	追い出すなんて、おかしいでやんす。	
L2418dfeaf5	1	19	サードやってたんだよ。	そこいらのへっぽこ選手より	よっぽど頼りになるはずさぁ！	
L057fd66f5a	1	19	権田	達を止められなかったんだ。	だけど、昨晩じっくり考えてみたんだが	
Leb034f3c1a	1	19	そもそもワシがあんたを雇ったから	こういうことになったんだ。	一応、責任はとらないとな。	
L1b66dc264d	1	19	最初の人がお芝居を始める。	そこに次の人が入ってくる。	だけどその人は、	
L5e5fc34614	1	19	時代劇を舞台にして入ってくるとかね。	そうしたら、最初に居た人は	次の人が持ってきたシチュエーションに	
Lb64750eb8a	1	19	ちよ	ちゃん一人に見られるのって	劇団でやるより恥ずかしいよ。	
L1bd0809bd2	1	19	でも、前の人に比べたら軽いものよ。	怒鳴るし、すぐ灰皿投げるし	ほんと厳しかった。	
L08cefee7b1	1	19	あたしってロマンが好きだからさ。	みんなには、あたしが今でも	どこかで元気に暮らしてるかもって	
Lb1324cf9f7	1	19	がんばってもらったのに、	こんなことになってゴメン。	君が悪いわけじゃないさ。	
Lcbe2e11799	1	19	泣けないなんて・・・・・・・	・・・くやしいよぉ・・・。	・・・・・・・・・。	
L9557a9dd56	1	19	もう行って。	これ以上、みっともないとこ	見せたくないし。	
L76c85dee3f	1	19	あれ？	それも言ってなかったっけ？	貴子	
L8bdcda15a1	1	19	ああ、あんたはこの前の	オイラのファンでやんすね。	・・・え？	
Lf073e26f17	1	19	当時買いたくても買えなかったオモチャを	こうして古い店を探しては、	売れ残った昔の商品が無いかどうか	
Lf830f4f75a	1	19	売れ残った昔の商品が無いかどうか	探し歩いているんでやんす！	つまり懐古趣味か？	
L849be1449c	1	19	まず、オモチャと言うのは・・・	（・・・３時間経過・・・）	・・・はぁはぁ・・・	
Lbfe139b46a	1	19	なんとなくな。	お前は、怪獣のソフビ人形が	好きなんだな？	
L0056e8f453	1	19	いいでやんすか・・・	（・・・２時間経過・・・）	・・・はぁはぁ・・・	
L0864e0ce5e	1	19	なら、何か情報があれば、	オイラに知らせるでやんす。	よし、わかった。	
Lee73590454	1	19	えー、でも母ちゃんと	同級生だと聞いたでやんす。	まあまあ。	
L52bbb49d53	1	19	君にも同じことしてあげようか。	あたし、魔法が使えるんだ。	はあ？	
L64f16963aa	1	19	いいよ～。	その代わり、うまくいったら	今後は、おねえちゃんって呼んでね	
Lc5e4334e1d	1	19	ええー？	でも、プロ野球の選手だって	カッコイイ名前の球を	
L1eb64972ab	1	19	ああ、あれはオリジナル球種だよ。	自分の得意な変化球に名前を	つけているんだ。	
L8927652bfe	1	19	そうなんですよ。	これじゃ、駅から降りた人が	まずそっちへ行ってしまうでしょ？	
L277e21c105	1	19	でも、どう考えても大赤字だ。	公正なやり方でもないから、	そんなに長続きするとは思えない！	
L925697593d	1	19	向こうが本気になっちゃうんですよ。	もうこの際、意地をはらずに	テナント化に合意したらどうかしら？	
L0181308f17	1	19	あたしは納得してないわよ。	そもそも、野球のことだって	あんたがご主人なくして	
L51eb407486	1	19	ガヤガヤ）	商店街の会議、大変なことに	なってるみたいですね。	
L2db3dd0af7	1	19	・・・・・・・・・・・・。	カレー食べに来いでやんす！	絶対に、この町に来るでやんす！	
L5cb022e91b	1	19	発電機と組み合わせてくれ。	そこまで面倒は見れないよ。	一昔前のビデオカメラだ。	
L9aa16ce310	1	19	まあ、フォームチェックに	使うだけなら、別にサイズは	関係ないと思うけどな。	
L6c23390293	1	19	裏切り者など、おらん。	だが、結果は歓迎されても、	その原因は歓迎されないことがある。	
Lf8882d0355	1	19	その原因は歓迎されないことがある。	・・・では、馳走であった。	あ、ちょっと、お勘定！	
L3bdbb97426	1	19	寺門	さんには誤解されましたけど	いつまででも、この町に	
L29315ebf36	1	19	さては、お前も	「ミルファイヤーちゃん」の	レアバージョンを狙う輩なのかにゃ？	
Ld11c7b55a3	1	19	やってるのは食玩のサーチ。	ああやっておもちゃを振って	中身を調べているのでやんす。	
L8f2c4e4f4f	1	19	教えてもらったでやんす。	でも、ああいうことする人は	久しぶりに見たでやんす。	
Lec1d8125bf	1	19	カンタ	君は、ああいう大人にだけは	なるんじゃないぞ。	
L8fdb40bcce	1	19	やっぱり、ここは車がスピードを	出しそうな所だからな・・・	そうね。	
La00b512f0c	1	19	この音は！	・・・巨大な虫の大群か？！	へへへ・・・	
L1a83143117	1	19	ばかだね、	だまされたんだよアンタは！	ふ、ふざけるな！	
L1171ef7275	1	19	さんに	手伝ってもらうのでやんす！	・・・ダメよ、そんなの。	
L1c801ee1b2	1	19	あー、あたしはヒマで手伝ってる	だけだから、気にしないよ。	実はあたし、生活に余裕あるし～？	
L5bda3cbb76	1	19	じゃない。	この話は、これでおしまい！	ね？	
L03e30e9d8b	1	19	いや、これは来て欲しくないとか	そういうのじゃなくて・・・	むしろ助かってありがたいんですが、	
L087bceb6b6	1	19	いや、実はですね。	そろそろわだかまりを捨てて	お互いに協力するべきではないかと。	
L1f6d5a0bcb	1	19	こちらの誠意を見せただけなんだよ。	この先、多少強引に行っても	マスコミに言い訳が立つ。	
Lf1be86c5d7	1	19	お人だ。	水を愛し、水に愛された男、	水間	
L678e955442	1	19	そして、俺のすばらしさに感動し	その肉体に感涙するがいい！	（	
L754c04f588	1	19	そうだな・・・	俺もこの川を征服するまでは	この街に留まろうと思っていたのだ。	
Lae2421a54d	1	19	ずっと先の７月１５日なんだけどね。	ただ、なんだか観客も集めて	イベントにしようって言ってきてる。	
Laf2496a8b7	1	19	悪いが、この街には	そう長居する気はないんだ。	そっか。	
La7312f12fc	1	19	そのつもりだが、どうかしたのか。	あんた本気じゃないんだろ。	だったら、もうここに来るなよ！	
Lc2ea812873	1	19	いったい、なんのことだ。	素質があるとは言われたが、	別にそれで甘・・・	
L6621e90846	1	19	おい、やめろ！	こっちにやる気はないんだ！	イテテテテ。	
L8c7c84b429	1	19	お弁当を食べたら、	このあたりを探検でやんす！	ら	
L342bf6f45b	1	19	楽しかったでやんす！	まるで、オイラに父ちゃんが	できたみたいだったでやんす。	
L48a5c99b05	1	19	（キャンプ生活を始めて翌朝、	女性２人の訪問を受けた。）	母ちゃん、行ってきます！	
Ldf3b267052	1	19	あっ！	そろそろお店の準備しないと	いけないんじゃない？	
L6e1bb69f21	1	19	。	担任の先生に聞いたんだけど	この前、漢字のテストがあったそうね。	
L228197ef91	1	19	ここまでお前たち助っ人のおかげで	試合にも勝ってこられたが、	もう助っ人は必要ない。	
L0a6016aaf1	1	19	次の試合で戦えない。	それに、俺たち抜きで彼らが	戦えるかどうかはっきりさせたい。	
L76858b74e2	1	19	古田	はいま用事でいないんです。	あれ、そうなの？	
Lf1b35e66f4	1	19	いきなり当たるとはね。	映画のチケットなら、すぐに	金券ショップでお金にできるし。	
L2659bea6bd	1	19	じゃあ、オイラと	この映画に行くでやんすか？	あたし、もっとアダルトなのがいい！	
L43f87a43e7	1	19	大神	の連中が来てしまうでしょ。	それになにより、あっちのビルに	
Lc55a23f056	1	19	うひゃあ、ひっぱっちゃダメ！	カッコ悪いけどさ、開発者が	実用性を考えてこんな仕様にしたの。	
L128a990718	1	19	ふざけた名前だけど、そいつのおかげで	１０歳になる前にドカーン！	どうしてそんなものが？！	
Lf607857140	1	19	早めに作動したらまずいでしょ？	研究所にいるときは定期的に	リセットされてたんだけど、	
Lb3b01689b4	1	19	研究所にいるときは定期的に	リセットされてたんだけど、	逃げ出しちゃったからね～。	
Lba9a5a7c44	1	19	もう、もっと喜んでよ。	・・・感動の表現が甘いよ。	ははは、演出はチェックが厳しいな。	
L78125233f9	1	19	それはね、希望だよ。	・・・夢はね、希望がないと	とてもつらいものなんだ。	
Le7c7600882	1	19	わんわんわん！	（くそっ、ここは退却だ！）	テ	
L19f737f8af	1	19	最強の拳法を身につけた男だぞ。	プロの野球だって、ちゃんと	テレビで何回か見たことがあるんだ。	
L4500edb0eb	1	19	修行って・・・	そもそもお前は何者なんだ？	よくぞ聞いてくれた！	
L81dd78033e	1	19	若木	、今回はがんばってるなぁ。	プロデューサーと主役を両方だからな。	
L62554553a5	1	19	若木	の演技じゃ文句のつけようも	ないからなぁ。	
L89d0face81	1	19	官藤	さんの演技よかったですよ。	今回の一番人気間違いなしですね。	
Le72f56c76b	1	19	小日向	もだいぶうまくなってるよ。	お互い、がんばろうぜ。	
Lbf8f9b2a04	1	19	みんなそう言うでやんす。	気にしなくていいでやんす。	かたじけない。	
L4451223afd	1	19	またでやんすよ。	・・・まあ、アンタの反応が	一番まともでやんすね。	
L461e668a88	1	19	見たことあるぞ。	うおおおおおおおおおおお！	アンタ最高でやんす！	
L43b53d940f	1	19	古代の超兵器ってのもなさそうだ。	こりゃあ、おもしろそうだ。	とにかく、他言無用だぞ！	
L1e4933607b	1	19	商店街のイベントの情報や、	経営の苦しい店の情報・・・	ジャジメント	
L53d246adf4	1	19	それなのに、みんなを	ずっと裏切ってたのよ、私！	・・・・・・・・・。	
L0ad0e08c73	1	19	う～ん、場所探すのも大変だし。	それに人数も足らないしな。	・・・場所は、ここじゃダメなのか？	
Laa0d8476b6	1	19	いつもはちゃんと	川で洗ってるんだけど・・・	ちょっと疲れていて。	
L7be8bcb357	1	19	まあね。	そんなに広い家じゃないけど	一人暮らしじゃ、使わないよね。	
Lb1acc720ce	1	19	食事とかは自分でなんとかしてね。	いじゃあ、お願いしようか。	さすがに、そこまで好意には	
Lb8b1fefc76	1	19	そう？	じゃあ、湯冷めしないように	しばらくしたら帰ってね。	
L05724d8c78	1	19	爆発でふさがれちまってな。	みんなでお前達のいる部屋を	掘り出したんだ。	
L269d73d9c7	1	19	すごい男になってるでやんす！	そのときになったら、絶対に	日本の、いや世界のどこにいようと	
Lae39353c91	1	19	いつ帰ったんだ？	いや、音が気になって・・・	（ピシャッ！）	
Ld14574f5ba	1	19	でも、君はほとんどあの部屋に	行ってないようだけど・・・	うん、プログラムに任せてるからね。	
L4cd396bb7c	1	19	勝手に発動するものの２種類がある。	ただし、それぞれのカードで	必要な	
Lf5f9050992	1	19	徐々に増えていくぞ。	ふふ試合の状況によっては、	盗塁やバントのような	
Lf5f77821a6	1	19	大村	会長は野球イベントの成功で	気を良くし、商店街を野球テーマで	
Ld31aaa7979	1	19	今日までのイベントだったのに、	もう反響があったんですか？	そうなんだよ。	
L1d8508667a	1	19	別々の人間のふりをしてたけど、	文章の書き方が同じだから、	すぐわかっちゃうんだよね～。	
La4ea3c81d3	1	19	わからないでもないが、	まったく余計なことを・・・	とにかく、これで	
L003184ba5b	1	19	本当に、大変ですね。	でも、私は信じてますから。	・・・・・・・・・。	
L42e743c839	1	19	そ、そりゃあ、もちろん！	もちろん・・・がんばるよ。	（・・・あー、びっくりした。	
L57cc8c520c	1	19	・・・だが、海水浴場で	その子が沖合いに流された！	俺は、助けようと迷わず飛び込んだ！	
Lc72a69675f	1	19	俺は、助けようと迷わず飛び込んだ！	・・・そして、気がついたら	俺は病院のベッドの上だった。	
L77b2dcd0b6	1	19	ずっと野球をやってれば良かったんだ。	そうすれば、お前の良さにも	気づいてくれたかもしれないのに。	
Lf046c356fd	1	19	ミーティングあるし。	それから手直しもしないと。	そうか、じゃあ	
L6b85e6fa40	1	19	言い訳にしないで欲しいの。	明日には、ちゃんとしたもの	用意しておいてね。	
L340be1e81a	1	19	ちよ	のさっきの演技見たでしょ。	ああ、びっくりした。	
L4ec6250d7a	1	19	すごく大変なんじゃないかな。	さんが支えてあげないとね。	え？	
L5e7293d1b6	1	19	おまえ、その話ほんとか！？	だいたいこの倉庫でやるって	言ったって音響設備が・・・	
L30a9b056a9	1	19	だいたいこの倉庫でやるって	言ったって音響設備が・・・	ああ、それなら大丈夫だ。	
Lfe2d76b985	1	19	思い出したの！	この間・・・言ってたよね？	車にひかれそうになったって。	
L0a10b9cb29	1	19	あたし、あの時・・・本当は	あそこで車にひかれたのよ。	でも、君はここにいるじゃないか？	
L61e6fa1df9	1	19	・・・思いが強かったのね・・・	生きようって気持ちが・・・	だから、サッカーのロスタイム	
L954162944f	1	19	・・・あきれた。	人生、もっと大事にしなきゃ	いけないわよ。	
Ld96a18659a	1	19	ええ。	だいたい、スーパーは悪って	わけじゃないでしょう。	
Le262b3ba4b	1	19	まず、車の乗り入れを禁ずるなり。	されば、買い物客は安心して	商店街に集まることが出来よう。	
L3b620cdb56	1	19	ええっ？！	じゃあ、この人はいったい？	い困った奴です。	
Lbeaf5c38cb	1	19	我を信じておれば、少なくとも	安心は得られたであろうに。	君のアドバイスを真に受けてる間に、	
L84746ccead	1	19	さん、	野球の練習に行くでやんす！	ああ、そうするか。	
L725e8380f9	1	19	まじで！？	あれ大道具の下から出てきた	２年前のやつなのに。	
La13670360c	1	19	ちよ	、この後飯食いに行ってから	野田	
Lfd5d86cab3	1	19	慌て者で。	お父さんをよろしくね・・・	待て、あきらめるな！	
Lea727b9e90	1	19	泣いてるのか、お前？	・・・・すいません・・・・	俺は・・・俺・・・・	
Lf18a9dbf90	1	19	にか・・・？	・・・おお、いいぞいいぞ。	きっと	
L56c80afef1	1	19	本当に退治しちゃったでやんす！	ごめんなさいでやんすー！！	ぎヒいあれ、フグ太郎？	
L429e5b8f28	1	19	なんか頭ん中が	ぐるぐるしてるだけらから。	ええっと～	
L0d91a5e3be	1	19	ええっと～	おいらフグらろうなのらぁ。	こんな暑い日に着ぐるみの中に	
Le7461b95ee	1	19	ちよ	ちゃん、おんぶするからね！	・・・・・・。	
L4db83610b0	1	19	近いでやんす！	・・・あたしんちの方が近い	・・・そっちに。	
L2f20565528	1	19	それに劇団もやってるし。	もっと体を大切にしないと。	うん。	
L5c88075b44	1	19	・・・うん。	心配してくれてありがとう。	こ	
L16974a163f	1	19	まあ、事情はわかったが	どうして俺に話が来るんだ。	警察か自衛隊の仕事だろ？	
L92a222aaa8	1	19	あんまり俺をバカにすると	ハサミで君の大事なところを	ちょんぎっちゃうカニよ。	
Lf43a4b7235	1	19	梶原	さんが急病で入院することに	なったんだ。	
Lc2d41280bf	1	19	ダメ！	あの二人の役は消せないよ！	じゃあ、どうするんだ！	
L756730c1f2	1	19	中止にするなら、早めにしないと	無駄なお金がかかるだけだ。	・・・大丈夫だって。	
L34072e0e1d	1	19	この人たちに代役なんか	務まるわけないじゃないか。	あ、待って！	
L1589348135	1	19	さんの役は	顔色の悪いやせたマザコン。	木川	
L5b0eb40cb3	1	19	はははは！	ま、まさか、本当に、本気で	公演する気じゃないよな。	
Lf6d68545de	1	19	くんに	段取り覚えてもらうからね。	そのあとシーン練習して	
L4ab0ac6221	1	19	ここでやんすね・・・	あの風来坊から連絡のあった	オモチャ屋は。	
L15df378352	1	19	感謝してもしきれないでやんす。	いや、あんたのスピリッツに	神様がきっと答えてくれたんだよ。	
La9b3bbe32c	1	19	だって、相場じゃこの値段なんだろ？	ネットでチェックしてるから	自分の商品の価値ぐらい知ってるよ。	
L2188bbc885	1	19	。	なんだか情けなくないのか？	うるさいでやんす！	
L86f323a06a	1	19	場所はわかったんだし、	また来ればいいじゃないか。	その通りでやんすね！	
Lf595d465a5	1	19	・・・・・・・・・・・・。	スピリッツでなんとかしろ。	あい	
Ld7d5f9c46d	1	19	太田	支店長は、営業不振を理由に	北極支店に飛ばされることになった。）	
L54c9ae633e	1	19	フン！	まったく、どいつもこいつも	私をなんだと・・・・	
Lc78b6556f6	1	19	先月、商店街の買い取った土地から	古い地下道が発掘できてな。	そっ、そういえば、試合前に	
L369eccd932	1	19	そっ、そういえば、試合前に	土地を買ったと報告が・・・	そこで発掘された、米軍の保存容器に	
Lc2b00dd47f	1	19	ほほう、なかなか歴史のありそうな	威圧感を感じる書物ですね。	で、これはいかなる魔道書で？	
L216a8de727	1	19	なかなか恐ろしげな名前ですね。	どんな秘められたパワーが？	・・・・・・。	
L960ce9df37	1	19	の否定を示すＮＯＴが抜けておる。	つまり、「汝、盗むべし」と	書かれておるわけだ。	
L08f71cbbb6	1	19	この本が、ここに存在することは	中世より今日にいたるまで、	いかにキリスト教的道徳観に	
L11efed3cc1	1	19	中世より今日にいたるまで、	いかにキリスト教的道徳観に	逆らうものが多かったかという	
L6a20bed245	1	19	そんなことでは、	北極支店でがんばれないぞ。	えっ？！	
L7489302cda	1	19	その本は、	見つかったじゃないですか！	ああ、たしかに	
L56ffcfc126	1	19	おやおや・・・	あんた、なにをする気だい。	この店も、	
Le30ccdb43e	1	19	チッ、わかったよ。	・・・別に、だますつもりは	なかったんだけどさ。	
L4194abcb69	1	19	なかったんだけどさ。	じゃ、全部で1130円な。	ほらよ。	
L9954668bb5	1	19	の教育上の問題です。	あの子ったら、このあたりの	ゴミの回収日を調べて、	
Lc62391c442	1	19	小学校低学年から、こんなことしてて	金銭感覚がおかしくなったら	どうするんですか！	
L9560abb90c	1	19	どうするんですか！	いや、そ、それはその・・・	母ちゃん。	
L1435109217	1	19	わかりました。	まだ早いと思ってましたが、	カンタ	
L7549fa86aa	1	19	お願いいたします。	では、間もなく開演です。）	もうすぐ開演か。	
L277dac8dcf	1	19	商店街の人達が一生懸命	宣伝してくれたんでやんす。	そうそう。	
L3bbed89f96	1	19	そうそう。	ちょっとは感謝してくれよ？	・・・・ありがとう。	
Le472c13161	1	19	初日だからって手を抜いちゃダメよ。	今日来てるお客さんの為に、	いい芝居を見せるの。	
L7af15682b7	1	19	うかうかしてると、おれが	戻って来れなくなるからな。	そんなことより、今日はすごい人が	
L1930937123	1	19	ちぇ、なんだよ。	オレがどれだけがんばったか	みんな忘れてるんだろうな。	
L7a189547b5	1	19	オレがどれだけがんばったか	みんな忘れてるんだろうな。	・・・たった３日しか練習してない	
La16114db19	1	19	変な奴だな。	（商店街を盛り上げるために	ダチョウイベントをやることになった。	
L4c6e910f72	1	19	明日からのイベントの準備だよ。	商店街の立て直しのためには	まず、たくさん人がやって来る	
Lcb001f5335	1	19	やっぱり、人を呼ぶには	インパクトが必要だからね。	ダチョウ牧場と契約して、	
Ld85a4ce581	1	19	ああ、道路の先の方に	固まって走ってるでやんす！	まずい！	
L3da7a49cbf	1	19	まずい！	このまま隣の町へ入られたら	大騒ぎになってしまう！	
Lcab497267c	1	19	十字ボタンでダチョウを操作、	Ａボタンでダチョウを攻撃。	爆弾や車などに気をつけて	
Lc0b7131a38	1	19	ダチョウが隣の町の	繁華街に入ってしまったぞ。	（わー、なんだこのダチョウは！）	
Lbdf8a41e9b	1	19	（わー、なんだこのダチョウは！）	（ガタン！ドカン！バキ！）	・・・暴れまくってる。	
L17daa05321	1	19	とにかく、明日からの	イベントはどうするんです？	このままだと中止とは知らずに、	
Lbdb5a57403	1	19	他に手がない！	野球の練習に使ってる道具で	なんとかイベントをでっちあげるぞ！	
L43da68ef50	1	19	不自然？	たとえばこの派手な星とか？	わっ、それワクチンソフト！	
L6456348646	1	19	ということは、この先	もっと危険ということか？！	ぉ	
Lde9ab72968	1	19	うん、偶然だけど大正解だね。	そうとわかれば・・・・・・	よしっ、内に入れた。	
L4f2bcf4d40	1	19	よしっ、内に入れた。	とりあえず、手当たり次第に	データをいただくぞ㎞	
Lb1bdc94c85	1	19	とりあえず、俺がいなくなれば	彼女の負担が減ったはずだ。	（く・・・）	
Le73c8e91b0	1	19	ああ、まかせろ。	最高の食材をそろえてやる。	る	
Lfa21fda492	1	19	買い物リストはもらったけど、	これでお金は足りるのかな？	おい、	
L242482a3b6	1	19	あんたこそ、なんにも	わかってないんじゃないの！	いや、おれはその、	
Ldad8e1ee37	1	19	ごめんなさい。	わたし今好きな人がいるの。	だから、無理！	
Lb26c810faa	1	19	絶対にうそだ！	なら証拠を見せてあげるわ。	！	
L37dd886328	1	19	待って！	まさか、あなたも逃げるの？	さんざん	
L84f255bb0d	1	19	あんた役者で食っていくんでしょ。	こんな事で逃げるくらいなら	二度と舞台に立つな！！	
Le749cfdcc6	1	19	じゃあ、しばらくここから	こっち側は立ち入り禁止ね。	・・・・・・・・・・・・	
L76377d228d	1	19	あはは、それがさ、	全然たいしたことないんだ。	ほら、これと同じ。	
L6bb70c3edb	1	19	手ぶらでネットサーフィンやり放題！	あと、キーボードがなくても	コンピュータを操作できるんだ。	
L849210a1be	1	19	大神	の開発者も困っちゃってさ。	それで、最後はもっぱら実験台。	
La1f20e94fa	1	19	ちゃんと修理もしてもらったし。	でも、さすがにこのままだと	いつか殺される！って思ったから、	
L7b19d09543	1	19	はは	さーて、どうしようかな～。	とりあえず、焼きソバパンと	
Laafcb99ed1	1	19	さーて、どうしようかな～。	とりあえず、焼きソバパンと	ジュース買って来い！	
La38b85adcb	1	19	あっ、電話。	はい、もしもし・・・・・・	えっ！	
Le57b22f45c	1	19	せっかく、最高のお芝居なのに！	まだまだ良くなるんだから！	あああ、ここから先は、	
L8605d42ab1	1	19	ゴミみたいなモン食って、	必死で積み上げてきたものが	ほら、こんなにもろいんだ。	
L9e399d9df5	1	19	必死で積み上げてきたものが	ほら、こんなにもろいんだ。	なあ・・・	
Lba37a1ac67	1	19	本当に無実の演技なんてしないわ。	お客さんにもわかるように、	「無実のふりをする犯人」を	
Lfa676c13ce	1	19	お客さんにもわかるように、	「無実のふりをする犯人」を	演じるのよ。	
L1154e35a8e	1	19	今のあなたは、まさにそれ。	自分が犯人だって、わたしに	わかってもらいたいの。	
L7dfab0893c	1	19	このあたりで	不審な人物が目撃されてる。	それが・・・どうも	
L58aec3764a	1	19	今年は、本当に・・・	いろんなことがあったわね。	さあ、早く家に帰って	
La46792b195	1	19	心配するな。	お前の指定した海外の口座に	この携帯から電話一本で金を振り込める。	
L1a1b3b579a	1	19	いいじゃん、	過去のことなんてどうでも。	武美	
L3fbbe54f6b	1	19	・・・ある日、謎の人物が	どこからともなくやってきて	事件の後で	
L7e6d17b0ca	1	19	詮索するのは野暮ってものでしょ。	ああ、これこそロマンよね！	まずその前に、お前は男と男の間の	
Ldd8d80947f	1	19	できれば虫に襲われてる商店街を	見ていたかったんだが・・・	！	
L5365dd4f1c	1	19	おいおい、	それは男のオレの役割だろ！	あのね、あたしが言うことを	
Ld4215dd41f	1	19	お疲れ～！	・・・今日も遅くなったな。	もうこんな時間か。	
L0696d96384	1	19	今から帰るのか？	こっちは大道具の作業でね。	わたしは脚本の直し。	
L9f5256124d	1	19	くんも？	なんだったら、わたしんちで	ご飯食べてく？	
L326952922d	1	19	あんまり服とか本とか買わないから	散らかってないだけかもね。	本を買わないって？	
Ld26434e2ca	1	19	ここはトイレすら共同なんだろ。	今から銭湯にでも行くのか？	ちなみに、あれが我が家のお風呂。	
Lf286222067	1	19	さっきまで君が料理をしていた	流し台しか見えないんだが。	うん。	
Lccc9d41cb5	1	19	いけるんだよ。	さいわい、お湯が出るしね。	ああ・・・なるほど。	
L19fe0708df	1	19	まあ、いい部屋なんじゃないかな。	「お風呂」もついてるしね。	だったら決まり！	
Lef970cb4b3	1	19	まあ、しょうがないよね。	お芝居をがんばりましょう。	じゃあ、決まり！	
L63fd8126ea	1	19	このおじちゃんに、	助けてもらったんでやんす。	カンタ	
Laf1e751052	1	19	カンタ	、その「やんす」と言うのは	いいかげんにやめなさい。	
L9b034c389a	1	19	えーと・・・	じゃ、おじさんはこの辺で。	あ、ダメだよ、帰っちゃ！	
L33bc5f447a	1	19	スーパーのチームに負けたんです。	あの子ったら、その腹いせに	そのスーパーの車に	
L66f80262c3	1	19	そういえば、休日のお昼過ぎなのに	シャッターの閉まってる店が	多かったですね。	
L468510ebbb	1	19	あのスーパーが出来てから	この商店街へ来るお客さんも	ずいぶんと減ってしまって。	
L97bbaca47a	1	19	この商店街へ来るお客さんも	ずいぶんと減ってしまって。	でも、本当はあのスーパー、	
L61c4591b71	1	19	ずいぶんと減ってしまって。	でも、本当はあのスーパー、	この県の条例違反なんですよ。	
Lccade4c02a	1	19	で、役所を動かそうと商店街は	がんばってるんですけどね。	なかなかうまくいかなくて。	
L7c51ff53c2	1	19	がんばってるんですけどね。	なかなかうまくいかなくて。	大変ですね。	
Lb5c5d143f7	1	19	まあ、よそから見れば	子供っぽいケンカですよね。	・・・でも、やっぱり野球のチームが	
L0072c95826	1	19	やっぱり、強いところに抵抗しても	かなわないんじゃないかって	商店街の空気も変わってきましたし。	
L31857f0fa6	1	19	やったでやんす！	オイラにも、なにか手伝える	ことがあるでやんすか？	
Lbdff92ff1c	1	19	おーい、ユニフォームを貸すから、	せめて着替えてからにしろ！	やれやれ・・・	
L13e0ef50cd	1	19	ちよ	ちゃんの迷惑にならないか。	あんたは	
Ld998622a82	1	19	そうだよ。	君という輝ける金の卵だけの	オーディション。	
Lf0aa53d207	1	19	小さな劇場でお芝居を観たんです。	そうしたらすぐにその世界に	引き込まれてしまって。	
L210d1d4340	1	19	引き込まれてしまって。	わたしもたくさんの人たちに	感動を与えたいって思ったんです。	
Lf9c466ec06	1	19	は・だ・か！	ボクの言ってる意味わかる？	この業界はね、自分自身が商品なの。	
L43d061b68b	1	19	そしてより商品価値を上げていく。	ボクはその商品を見極めて、	価値を決めたり、どこに出したら	
Lc2bcc70865	1	19	・・・ああ、君の知り合いか。	こんなところまで追いかけて	来てくれるなんて、君も幸せ者だね。	
Lcb85b8b0b8	1	19	悪徳プロデューサーだ。	言うことを聞いちゃだめだ！	・・・・・・ごめん。	
L662d817847	1	19	おい、なんだよお前は？	さっきから俺を悪者みたいに	好き勝手に言いやがって。	
Lf80ad14164	1	19	それにしても、俺って	アドバイスまでしてあげて、	マジで優しいよなぁ。	
L90e376b8dc	1	19	大切なオーディションの邪魔なの。	悪いけど、帰ってくれない！	・・・・・・そうか。	
L40f3dd0c53	1	19	きてるよきてるよ、その迫力。	いい女優になれると思うよ。	まぁ、まずはアイドルとして	
Ld19584f894	1	19	いい女優になれると思うよ。	まぁ、まずはアイドルとして	色々勉強してもらうけどさ。	
L6988eae357	1	19	まぁ、まずはアイドルとして	色々勉強してもらうけどさ。	ありがとうございます。	
L98bd1829ad	1	19	ああ、いいぞ。	それで何の練習をするんだ？	ピエロのデバッグピエロ	
L79fc0db005	1	19	くっそ～。	絶対にチームに入れてやる！	ド、ドジっ娘かな。	
L4d17ca27f7	1	19	するよな。	まあ、今回は放っておくか。	いらっしゃいませご主人様	
Lf08d4885a8	1	19	維織	さんのランダムデバッグです	き何を読んでるの？その１	
L6d17d5b24c	1	19	何をしているの？	しかも、こんな至近距離で。	見つめてる。	
L3ecbd4518a	1	19	にも右手があるんだが・・・・・。	しかも、どっちも右手だけ。	まったく意味がわからん設定だ。	
L69f4c578a9	1	19	（ククク。	炎の球とかを投げてあげるよ	さ～ん）	
L85ab8f383e	1	19	維織	さんが外に出ようだなんて。	うん・・・・・・。	
Lb047de2039	1	19	携帯電話を持ってないんだね。	今時の子にしては珍しいね。	・・・・・・	
Ld2c354313b	1	19	よし！	黒い色のジュースを飲もう！	ＯＫ！黒だね！	
L5689bac3a6	1	19	よし！	赤い色のジュースを飲もう！	赤だね！	
L12db9bfe9f	1	19	ティラミス。	七番テーブル・・・・・・。	ど、	
Lcfcd304364	1	19	（ククク。	こっちからも何か飛んで来る	かもしれないけどね～。）	
L32858cd51d	1	19	わかりました	サンドイッチ５０人前ですね	ちょっと	
L7cb13d2f58	1	19	これはいざ、自分の立場だったらと思うと	怖いと思ってしまう話だな。	すぐにダマされてしまいそうだ。	
L3bb0b4bcb7	1	19	さんの事だから、	俺が部屋を出てすぐにここへ	来たんじゃない？	
Lad0f474583	1	19	・・・・	これから向かう二人の未来。	そうだね。	
L3a94bba34c	1	19	最終巻の題名は、	「あの世からの王の帰還」。	浮き輪、まったく役に立ってないね。	
Lcbc8348528	1	19	じゃあ、これをお願い。	君の好きな料理にしていい。	ああ。	
Leb87a1901e	1	19	ピエロ	とキャッチ爆弾をしました）	まあ、	
L34a90ed4ff	1	19	そうだな。	じゃあ、俺は帰るとするよ。	うん。	
L7af91cb523	1	19	さん。	帰ってきたら何かおごるよ。	ああ。	
L08c5b510de	1	19	い、	いや、別にそんな事は一言も	言ってない・・・・・。	
L19dbbe2209	1	19	維織	さんのと同じように味わって	食べてね	
Lbe5dd73ca5	1	19	それでも誉めてくれたっていいじゃん。	まあ、アレは慣れだけどね。	そうなのか？	
L3f90b8dc69	1	19	なってくるよ。	それまでが大変だったけど。	すみませ～ん。	
L9436381dfa	1	19	あの草入れすぎたのかな？	なんか副作用が出そうだね。	お待たせしました。ご主人様	
L64e07f370a	1	19	あっ？	お肩が凝っておられますね？	触ってもないのにわかるなんて、	
Lfc260602c0	1	19	諦めないとダメだった。	諦める事しかできなかった。	遥か向こうに微かな道が見えた時には	
L2f9846e9df	1	19	ピエロ	の奴は何をやっているんだ？	・・・・・・・・・・。	
L431f3da6de	1	19	練習しているのさ～。	いサーカスにでも出るのか？	大丈夫だよ。	
L9a59ee878f	1	19	さんの言う通りにしてあげるよ。	俺が出て行く時に、目の前に	維織	
Laf5b804ae6	1	19	それでご主人様には遺書を	書いてもらおうと思ってます	織姫と彦星を祝ってやれよ。	
Leff323fd82	1	19	冗談じゃない。	ちゃんと後で竹を流すから、	さんも願い事を書きなよ。	
L6d2bce8506	1	19	いらっしゃいませ。ご主人様	お出口はあちらでございます	裏口じゃないかアレ。	
L100b4594e5	1	19	せめて会話は成立させようね。	「そう」とか「うん」だけを	言ってればいいと思ったら大間違いだよ！	
L099df184f3	1	19	トイレだよ。	ごめん、ちょっと大きい音を	たててしまったね。	
Lb0b1911cc2	1	19	たててしまったね。	いま、この店は静かだから、	ちょっとした音でも響いてしまうね。	
L906e32b2b9	1	19	それだけ買い物しているんだから、	もうほとんど・・・・・・・	あと十軒	
Lf33f0d3fec	1	19	ありがと～。	ボ～ク感動しちゃったよ～。	今はまだわからないけど、もしボ～クの	
Le93fde6786	1	19	とりあえずお礼にボ～クと	一緒の顔にしてあげるね～。	それは全力で断らせてもらおう。	
Lb94b65f650	1	19	効くんだね～。	自分で飲む気はしないけど。	どうしたの？	
Lf6cb9b1bae	1	19	ついでにコレもあげる。	お腹が空いた時に食べてね。	おっ！ありがとよ！	
Lc3c8bc1719	1	19	さんが望むなら、	どこへでも連れ出してやる。	でも	
La8407bd67c	1	19	だけど、考えてもどうしたらいいか	わからない時は・・・・・・	時は？	
L442dc878e6	1	19	最後に何を言った？	怒らないからはっきり言え！	だが顔って言いたいなら、次に会うのは	
L20066ca075	1	19	今度は怒ってるよ。	魔界からやって来た何かか？	俺達を殺しにやって来たのか？	
L738f88a5a1	1	19	他のお客様に迷惑かかってたかと思うと、	さんにはこれぐらいしないと	割に合わないと思って。	
L147dfdf5c8	1	19	！	この学校の全ては俺が頂く！	お前の天下はここで終わりだ！	
L586692014b	1	19	あの時はゴメン！	俺があんな事をしなければ、	こんな事にはならずに済んだのに。	
Ld223ab01b1	1	19	ないんだ。	だから、その道を変えるのは	自分でなければならない。	
L7debe0b446	1	19	いや、あきらかに金銭感覚が一般人と	違うような気が・・・・・。	だから、よほど割の良い仕事をしているん	
Lfae9746e69	1	19	ダ、ダメだ。	この話は保留にしておこう。	まあ、好意でもんでくれるって言うのなら	
L69b015152d	1	19	おじいちゃんって言われ方は嫌ですか？	かわいいのに・・・・・・。	可愛い、可愛く無いの問題じゃない！	
La4252a398b	1	19	そ、そんな事ないピエロよ～。	ちっとも怪しくないピエロ。	姿からして怪しいから、いまさら態度が	
La5af7e92b9	1	19	ずっと考えてた。	これからどうすればいいか。	どうしたらいいか。	
Lc0957d553c	1	19	いくら考えても、	何が正しいのかわからない。	だから	
Ldc612c36ce	1	19	どんな選択をしても、	前に進む方を選ぶと思うから	・・・・・・	
L7b4fa70d5b	1	19	そりゃ、あのカウンターに居るんだから、	当然お客さんは見えてるさ。	（あのメイドに目がいって、まったく	
Lf7ce587de2	1	19	准	ちゃんは今日は休みなんだ。	そうですか。	
L9fe16bd9ef	1	19	さあ、男らしく言ったぞ。	君は何をしてくれるのかな？	はい。	
L8efcb45549	1	19	まあ、望むのは何でもいいけどね。	史上最強でも宇宙最強でも。	ふっふっふっふ。	
L166244d2b5	1	19	に直接会えば、	何かわかるかもしれないな。	ねえ、	
Laf95910234	1	19	連絡が取りにくいなら、	私が貴方の傍にずっといる。	それでいい？	
Lb4b119b7d2	1	19	本当だよ。	信じないかもしれないけど。	維織	
L2cad71ba04	1	19	なにそれ？	手伝ってくれないってこと？	手伝う事はできないが、	
Ld52d18f7b6	1	19	お、	お前！そこまでわかってて、	俺に言わそうとしてたのか！	
Lf75041c6d5	1	19	お前！そこまでわかってて、	俺に言わそうとしてたのか！	全部聞いてから気付く	
Ld4dd5418ba	1	19	維織	さんが何を考えているのかが	不安だよ。	
Lfa177f14fd	1	19	お嬢様。約束の期日はもうすぐです。	しばらくと言われましても、	それを過ぎてしまうと・・・・・。	
L9db6a9e1db	1	19	さん。	今日はこれで５皿目ですよ。	いいの早く持ってきて。	
L216ce8eac6	1	19	確かにな。	本を読んでる時のあの人は、	何を食っているのかすらもわかって	
Leba309b473	1	19	うん・・・・・・・・。	君は私のピアノを聴きたい？	い聴きたい	
L83baaa35ef	1	19	維織	さんの気持ちを尊重したいし	維織	
Lb7e1ee6675	1	19	維織	さん、コーヒーでいいよね。	うん。よろしく	
Ldb79d9b996	1	19	手料理。	包丁の使い方も教わったし、	道具も揃った。	
L8ef2bbfa51	1	19	やっぱり行動よりも言葉だよな。	優しい言葉を掛けてやろう。	よし、	
L2bf271b69e	1	19	どう	君に伝えていいか・・・・。	この本は	
Lff8d2b8130	1	19	ここまで運んで来たのに、	まったく反応しなかったぞ。	どれだけ本に集中	
L3ebaf363c7	1	19	本当に冗談が通じないなあ～。	時報に電話しただけなのに。	維織	
L4a75438134	1	19	おかしな事をしているぞ。	いったい今度は何の練習だ？	お～い！	
L10a420b5f3	1	19	そうか？	まったく俺にはその気持ちが	理解できないんだが。	
Lf45d533895	1	19	外見の事じゃないよ～。	ボ～クは道化じゃなくなって	しまったんだよ～。	
L1572601451	1	19	今度は空中に投げたボールを正確に	自分の手元へ落としている。	あのボールさばきは並じゃないな。	
Lb2aaa5e883	1	19	う、うそっ！	俺、何も用意してないよ！！	いい。	
Lbff2fddabf	1	19	今日は何の日か知らないの？	今日は私に感謝する日だよ。	特にメイドさんには超特大大盛りで感謝	
L75c780665f	1	19	これはただの願いだ。	叶わなくても仕方が無いさ。	い、	
L08122ebd1b	1	19	昼食を買ってきた。	本を買いに行ったついでに。	そうなんだ。	
L5bcdeca931	1	19	３００個おぉぉぉぉぉお！	そんなの一日で食えないよ！	だから数日にわけて食べる。	
L36a9d50e4b	1	19	維織	さん・・・・・もしかして、	俺と一緒に住み始めるまでこんな生活を	
L1cf6b87757	1	19	何してるの？	早く食べないと無くなるよ。	無くならない。	
Ld57f7e0d16	1	19	もちっ	止まる事を知らない暴走特急	准	
L2a68041a6f	1	19	さあ？	なんて言ったか忘れちゃった	後ろなんか振り返っちゃダメでしょ？	
Lab4e31a293	1	19	わかりました。	じゃあ、４万円になります。	はい。	
L399e9bdef6	1	19	キャッチする姿も、	なかなかサマになってたよ。	まるでジャングルの王者みたい。	
L9b8b572425	1	19	維織	さんを自由にしてあげられる	かもね。	
Ld638ede094	1	19	ごめん。	もう一回言ってくれないか？	タランチュラの唐揚げ。	
L9f9d15a544	1	19	聞いてるだけで、	泣きそうになってくるから。	そう。	
L443c2a1eac	1	19	ピ、ピザでいいよね。	とりあえず注文してくるよ。	そう。	
L2e6459ca79	1	19	ふう～。	ちょっとは落ち着いたかな。	疲れた～。	
Le59da2a356	1	19	この部屋は自由に使ってください。	貴方がこの部屋にいる限り、	この部屋はずっと貴方の物です。	
L02e0fee973	1	19	さんって、	お菓子とか食べないんだね。	・・・・・	
L5897c5ba27	1	19	連れて行きそうだもんね。	相変わらず表情は薄いけど。	甘えっぷりは知らないが、	
L2073c9c45e	1	19	だから何がさ？	って、その怪しい本はなに？	「見つめるだけで誰でもできる催眠術」	
L28205428af	1	19	ああ、すまない。	この世界に住んでいる君には	わからない話だな。	
L78c9f09d16	1	19	そうだ。	パソコンでできる範囲なら、	僕にできない事はない。	
L59710c2dad	1	19	さあ、早く！	早くこっちに来てお兄ちゃん	う、うわ～。	
L8bcce8266a	1	19	大丈夫だよ。	お兄ちゃんは私が守るから！	だからアーンして	
L0219526e28	1	19	やってしまったが、	あの時はすまな・・・・・・	ああ、やっぱり君か！	
L7a6900346b	1	19	ナナナ、ナンダッテー！	もっともらしく言ってるが、	まったく意味がわからない！	
L2f4b3f2a28	1	19	もっともらしく言ってるが、	まったく意味がわからない！	僕とこのPCは一心同体だからな。	
L0d23162d0e	1	19	例えば僕に永久的に世界の子供から毎日、	君に募金されるプログラムを	組んで欲しいとか。	
L54e87b6441	1	19	維織	さん、昼食の準備できたよ。	・・・・・・・・。	
L0187d7602e	1	19	うわあ～。	寝起きの人間に凄い我がまま	言ってるよ、この人。	
L198e6b2367	1	19	ここに来るまでって、	この街に来るまでってこと？	そう。	
L5525ab6ccd	1	19	維織	さんの落ち着きは異常だな。	きっと、爆弾が飛び交う戦場の真中でも、	
Lf4961182fc	1	19	本当に野球をやったら、	皆は喜んでくれるのかな～？	前に言ったように、	
L5b14ea7955	1	19	わかった。	ボ～ク入らせてもらうよ～。	こんなボ～クでも、もう一度	
L745706a567	1	19	ボ～ク入らせてもらうよ～。	こんなボ～クでも、もう一度	皆に喜んでもらえる場所があるなら。	
L038e632780	1	19	いや、まあ、そうだけど。	お礼はぐらいは言うだろう。	そ、	
Lf2d7189fbf	1	19	なんでよ？	さんが、ツンデレがいいって	言ったんじゃない。	
L9eb8eaf9d5	1	19	怒ったからって、	誰かが傷つくわけじゃない。	だけど、その道を進もうとする事に	
L49421f0311	1	19	その道を進む事に誰もが喜んだ。	その道から外れようとすると	誰もが傷ついた。	
L2f15ebdb35	1	19	何に使うんだ？	まさか縛ったり吊るしたり！	それは犯罪だぞ	
L53376f6e03	1	19	たまにかな。	それ系のイベントに出たり、	フリマで売ったりしてるよ。	
L92ff4a923b	1	19	それ系のイベントに出たり、	フリマで売ったりしてるよ。	ふ～ん。	
Lc748c8ee7b	1	19	そろそろ入らないと。	さん、それレジの隣に置いて	くれてたらいいから。	
L87ff2e9931	1	19	言い出したの？	君に手料理を食べさせたい。	これが理由	
L2a0c718625	1	19	むしろ嬉しいんだけど、	無理しない方が・・・・・。	大丈夫。今日から頑張る。	
Ld38ca365a2	1	19	大丈夫。今日から頑張る。	すぐに作れるようになるから	・・・・・・	
L9c6f17479f	1	19	そうやって自分の力で自分を縛る鎖を	簡単に切り離す事ができる。	本当にうらやましい・・・・・・。	
Ldb74306fbd	1	19	進むも留まるのも、	結局は自分の意志なんだよ。	自分を縛る鎖を引きちぎる事ができるのは	
L2dbcbcae66	1	19	進むつもりだよ。	どんな結果になろうともね。	・・・・・・・	
L06a2248c45	1	19	維織	さん。いま読んでる本って、	なんかの動物の本でしょ？	
La86b7ddcf2	1	19	わかりました。	じゃあ、８万円になります。	はい。	
Lf48b16e1ea	1	19	でも、いいんじゃないの。	きっと怪我してたと思うし、	それを考えると守ったと思えばね。	
Lb6645feb3d	1	19	は～い。	じゃあ、いつもの席に持って	いきますね。	
L0cac432e56	1	19	うん。	あ、あとコーヒーもお願い。	ああ、コイツのね。	
L5273deed9f	1	19	ちゃん。	ハムエッグ５０・・・・・。	い、いや、今日は腹減ってないから。	
Ld580720d09	1	19	維織	さんの物じゃないでしょう？	そうだけど・・・・・。	
L5740960380	1	19	さんの物でも、	誰の物でも無いんですから。	・・・・・・・・。	
Lb0f67996b4	1	19	本格的にヤバイね。	それともお腹減っているの？	なんか食べさせてあげようか？	
L153c7a4ce0	1	19	一緒に居ただろ？	帽子にみかんをくっ付けた、	自鼻の	
L69cb6945ba	1	19	マスター	が、一年間はコーヒーを無料	にしても良いって言ってたから数十万ぐら	
L4fec9c0dcd	1	19	わからないな。	今日は彼女は来てるのかな？	う～ん。	
L23de09fc51	1	19	これをよく見たまえ。	このコースに、この球速で、	この角度で入ると、人はボールを見失って	
Lf27f7615bf	1	19	信じられないだと！	なら、僕がこのプログラムを	証明してやる！	
L79d897c9b2	1	19	証明してやる！	僕を貴様のチームに入れろ！	この	
Lce434461b6	1	19	そうじゃないと、	おいしいカレーはできない。	それはちょっとやり過ぎじゃ・・・・・。	
Lace6c7abf7	1	19	維織	さんにメイド服を着れって。	なにっ！	
Le60f4d054f	1	19	なにっ！	それはマコトでござるかっ！	なんで武士なの？	
L781ccfdc59	1	19	思ってね。	だったら中に入ったついでに	持ってきた方が手間が省けるでしょ？	
L3e20d5d3ca	1	19	維織	さん。いま何て言いました？	ハムサンド５０人前。	
Ld3404a63eb	1	19	ねえ。	一段と機嫌が悪くなったのは	気のせいなのかな？	
Lfa88450a49	1	19	今日は天皇誕生日だろ？	さすがにそれは覚えてたぞ。	ブッブ～。	
L7dcec4abc6	1	19	もらえるわけないじゃん。	誕生日言ってないんだから。	言ったらきっともらえるよ。	
L9190af049e	1	19	この店の客とお前は全員	そういう関係じゃないのか？	モーニングコーヒーを持ってくる	
L003404c580	1	19	に、	最高のプレゼントをやろう。	やった！	
Lac967971b6	1	19	だから俺が命令したら喜んでやるのが、	メイドさんじゃないのかな？	ううう～。	
L870e8daf3a	1	19	ううう～。	メイドだと宣言してる以上、	はいとしか言えないよ～。	
Ldacb6ac707	1	19	何がぶち壊しなんだ？	どこかクラッシュしたのか？	クラッシュしてるのは、お前だ	
L55b5c8936b	1	19	！	それで何が完成したんだよ？	例のゲームが完成したんだ！	
L846338720a	1	19	例のゲームが完成したんだ！	すでに数回クリアしている。	例のゲーム？	
L6c61c25a2f	1	19	同じって部分で、	ゲームって感じがするよな。	でも	
Le05051484c	1	19	人から逃げてちゃダメなんだよね。	だからボ～クは逃げないよ。	逃げずに	
L20fe4fdc86	1	19	が好きになった	女の子ってどんな子なんだ？	サーカス団の団員なのか？	
L29a1e82371	1	19	でも、ボ～クは一目見た時に好きに	なっちゃったんだけどね～。	そっか。	
L7d3d8fbf40	1	19	もちろんさ～。	それに何か黒いんだよね～。	黒い？	
Lde9f9bf6d3	1	19	ピエロ	の動きが華麗になりました）	（ガチャ！）	
Lc1a5e0212e	1	19	准	ちゃんや仲の良い友達だけ。	友達は毎日一緒には居てくれない。	
Le2b7078a4e	1	19	で、	でも、やっぱり何か渡すよ。	高価な物じゃないけれど	
Ld5d4051da3	1	19	准	君は買い物に行っていてね。	その間だけだよ。	
L00fde5b9ba	1	19	准	君がこの店を辞めるまでは、	ここで店を続けて欲しいと。	
Lb0dc09e82c	1	19	君がこの店を辞めるまでは、	ここで店を続けて欲しいと。	維織	
L8adcb73428	1	19	俺の方が年上だ！	お前のペースで話してたら、	進まないのでこれ以上は止めておくが、	
L6d8a966996	1	19	そうか。	学校では衣服の勉強をして、	ここでは人の勉強をしてるわけだな。	
L4c584e2921	1	19	経営。	だって私、経営学部だもん。	し、しっかりし過ぎだ。	
Lf23144f156	1	19	し、しっかりし過ぎだ。	お前の後ろに光が見えるよ。	それは	
L240ec102c5	1	19	ピエロ	なんかやめてしまえばいい。	・・・・・・・・・。	
La207d6a9b3	1	19	なら、戻ればいいじゃないか。	あの高台から見ていたのは、	前に	
L28022c8904	1	19	じゃないのか？	バカみたいにいろいろな壁に	ぶつかって行って、道化になるのが	
L3efa6c24f0	1	19	傷つくなら新しい羽を。	地に落ちるなら、再び空へ。	いつか貴方の元に行くから。	
L231bbaadbe	1	19	地に落ちるなら、再び空へ。	いつか貴方の元に行くから。	そっか。	
Le3e6f79202	1	19	だから、その時までに	笑えるようにしておくんだよ	維織	
L4c42f5be3c	1	19	うん。	俺は自分で未来を作ったよ。	いや、俺だけじゃなく商店街の全員で。	
L9d39984a18	1	19	前に進む事ができる。	でも私はまだ・・・・・・。	だから、私を連れ出して欲しい。	
Ld494628418	1	19	いざ目の前にすると緊張しちゃって～。	なんか恐れ多いと言うか～、	なんか上手だと言うか～。	
Lf4fc759935	1	19	待っていてください。	電脳世界での王である僕が、	すぐにこちらの王に	
L5a1cce13d7	1	19	ええ、聞いています。	貴女の心から聞こえる声を。	キィィィィィボォォォォォドォォォォォ	
Lf4d9816dd5	1	19	准	が、ここまで取り乱すなんて	・・・・・・	
Lc075885028	1	19	そうだな。	いや、背に腹は変えられぬ。	今日は注文取りに来ても断ろう。	
Ldc8acfef6d	1	19	やっぱりお金無いんじゃない。	本当に店に対して失礼だね。	うっ・・・・・・。	
L3e4e97d294	1	19	本当だ。	じゃあ、お礼を言ってくる。	それと・・・・・・。	
L437de12da0	1	19	さんを悲しませるような	我がままなんて言わないよ。	だから・・・・・・	
Lf4b430164b	1	19	准	。お前、何を言って・・・・	な～んてね。冗談だよ。	
Lb0b12ee510	1	19	今の	さんにこんな事を言ったら、	どれだけ動揺するかなと思っただけ。	
Lb46979aa97	1	19	そうなったら骨は、	そこの川に流してあげるよ。	ちゃんと供養してくれっ！	
L712f71b3d5	1	19	ちゃんと供養してくれっ！	本当にコイツは・・・・・・	人をオモチャみたいに扱いやがって。	
L0274ac3ffc	1	19	妙技ねえ。	まあ、応援するから頑張れ。	う～ん。	
L3807ecf548	1	19	だから、そこに来て。	そこで仲良くなりましょう。	う～ん！！	
Ldd7fb9d999	1	19	（こ、怖い。怖すぎる！	好意を逆手に取って常連客を	増やしやがった。	
L0cebc724fd	1	19	さんの言うとおり、	ちょうどお腹が空いてるよ。	初めてで	
L4280ca0ea3	1	19	こ、これはうまい！	いろいろな事が初めてとは、	思えないうまさだよ！	
Le6b801d5f7	1	19	（本当にさすがだ。	天才肌なのは知ってたけど、	数日でここまで作れるようになるとは）	
L7720da2c64	1	19	それじゃあ、今度からは俺と交代で・・・	今度はアレを作ろうと思う。	アレ？	
La23f43f284	1	19	僕のプログラムに間違いはない！	僕が作ったこのゲームの中で	彼女を僕の物にできれば、	
Lf817dc9355	1	19	わかった。	なんとかお前に合わせよう。	オッケー。	
L02013b5f43	1	19	維織	さんなら、あり得る話かな。	「言う必要ない」とか言いそうだし。	
L4260ea4023	1	19	わかってんだろうし、	信じなくても良いアイデアが	浮かばないから同じだよ。	
L64faa701bf	1	19	維織	さんが実家に帰るなんてね。	ずっと逃げるつもりかと思ってたのに。	
Lf47a409b6d	1	19	何か知っているのか？	グローバルシステムでしょ？	当たり前じゃない。	
L4ebc88af83	1	19	維織	の名前が出てくる出てくる。	論文がどうとか、博士号がどうとか。	
Lf537c3acdb	1	19	維織	さんが誰かなんてわかるよ。	な、なんで俺に言わなかったんだよ。	
Lffbb60d995	1	19	電脳世界では僕の方が年上だ。	だから君とは平等なのだよ。	何を言っても無駄そうだな。	
L12eb84c43e	1	19	わかりました。	少々お待ち下さい。ご主人様	は、はいぃぃぃぃい！	
Lbc6703bd76	1	19	固定客ゲット（ポソッ）	ごゆっくりなさってください	本当にアイツは・・・・・・。	
L2f9fd80993	1	19	世納	が言ったのね・・・・・・。	本当にあの人は私に甘い。	
Lf794a5b24a	1	19	維織	さんとこうも約束したから、	それを忘れないでくれ。	
L5d423d795a	1	19	読んでた本が気になって、昨日の夜は	眠れなかったんじゃないの？	維織	
L7fe1167f24	1	19	しばらく待っとくよ。	というわけで、いつもので。	オッケ～	
Le46d6a25b2	1	19	そういえばこの店って、この街の店に	しては違う色をしているな。	それに全体的に綺麗だし。	
Le376615385	1	19	うん。	（確かにこの喫茶の雰囲気に	維織	
L67bf7388dc	1	19	・・・・	そこには何もないんだけど、	何につまづいたんだ？	
L12462b5f5f	1	19	待てよ。	お前、わざとやってないか？	本当に私ってドジですよね。	
L86cc8223f1	1	19	准	がやると気持ち悪いんだよ。	お前にそんなキャラ似合わな・・・・・・	
L6a58b67240	1	19	コーヒーかあ・・・・・。	腹の中に入るだけマシだな。	よし！入ってみるか！	
L4f0149c733	1	19	（どうしよう。このまま逃げるか？	く、食い逃げはダメだよな。	じゃあ、素直に謝るか。	
L482371ff07	1	19	ピンポイント落雷？	人の家キャンプファイヤー？	温暖化現象かああぁぁ！	
L02217face2	1	19	って！	なんでいつも通り冷静なの？	ねえ、なんで無表情？	
Le64c7817bc	1	19	自分を縛る鎖を引きちぎる事ができるのは	自分しかできないんだって。	・・・・・・・・・。	
Ld57b3182e4	1	19	・・・・	今日の貴方を見てわかった。	どんな人間だって、	
L7320b17a0f	1	19	君だよね。	いつも通ってもらってるが、	こうやって面を合わせて話すのは	
L271dddbb4b	1	19	維織	さんは一緒じゃないのかな？	はい。今日は一人で来ました。	
L85e34480c5	1	19	何も話してくれません。	本当に何も・・・・・・・。	それは、それだけ君を本当に	
L7c50ec943c	1	19	ここ十数年でIT企業として、	急速に成長した会社がある。	今やその会社は世界中に支社を持ち、	
L2cbc6fcc9c	1	19	維織	お嬢様のお目付け役として、	お嬢様が幼少の頃から見守らせてもらって	
Lc544bfe0d6	1	19	それにお嬢様にはトップにお立ちになる為	の資質を持っていらしゃる。	トップに立つ為の資質？	
L49fb0956e6	1	19	維織	さんの本当の気持ちなのか？	それは俺と今まで過ごした	
Ld7a502695f	1	19	鎖を引きちぎる事だけじゃない！	それを引きずりながらでも、	人は進む事ができるんだ！	
Lc0c66ced14	1	19	生きてきて、初めて良かったと思える時間	を手放したくなんてないよ。	君	
L32902e0cca	1	19	維織	さんはきっと笑顔も似合うと	思うから。	
Lfd3c1be508	1	19	よし！	レストランで食事をしよう！	・・・・・・・・・・・・	
L3c627c4c8a	1	19	さんなら、	しばらく休むみたいですよ？	その・・・	
L555bb8efe8	1	19	お父さんが	亡くなったらしいですから。	そうですか。	
L7af28f1746	1	19	別に心配はしていませんけどね。	ただ、仕事が忙しかったんで	早く帰ってきて欲しいなとは	
L91c12f4b64	1	19	ただ、仕事が忙しかったんで	早く帰ってきて欲しいなとは	思ってました。	
L9da5935e0f	1	19	何度も、顔を合わせるという事は、	何か縁があるのでしょうな。	お名前、お聞きしてもよろしいかな？	
L52dc7cd86a	1	19	・・・そうですな。	これを食べるといいですぞ。	お腹がすいていると、心も乱れますぞ。	
La83fea74a6	1	19	思っていたのですが。	違ったのかもしれませんね。	る	
L44e4e1b6d2	1	19	・・・そうだ、違うんだ。	相談・・・誰にしたら・・・	おや、	
Ld594c4688a	1	19	味方につく事に決めましたぞ。	大事な野球友達ですからな。	はぁ・・・？	
Lcc406e8612	1	19	店長	に聞かされて驚きましたよ。	まあ、あんな事があった後なんで、	
L3b0e602a0d	1	19	行きたいところなんだけどね。	まずは、今回の調査の資料を	整理しないとな。	
L001f8ddd3b	1	19	・・・えー！	なんで、クマのぬいぐるみ？	食べ物とかでいいの	
Leb214f821f	1	19	・・・・・・ふぅ。	さて、俺もそろそろ寝るか。	！？	
Lc6c04356d8	1	19	・・・それで、	彼とは、つきあってるのか？	さん？	
Ld3861de76d	1	19	経ってしまいましたな。	続きは、またの機会ですな。	（もう結構です・・・）	
L1a56fb8533	1	19	公園か？	さんは、公園ばっかりだな。	えーと・・・	
L121492b262	1	19	さっきから、	全然歌ってないじゃないか。	歌わないのか？	
L29bf354046	1	19	うわ。	通好みって感じの選曲だな。	ははは・・・	
L5fb1094a94	1	19	あ、それ後で	俺が歌うつもりだったのに！	なら、	
L2c18521102	1	19	あの歌	歌えるとは思わなかったよ。	あはは。	
L6d24e3c4a2	1	19	さんって、	いつもその格好なんですか？	ワタシは、料理人ですからな。	
L2c5a7ed271	1	19	みんなで、やった方が楽しいですから。	でも、時間はあるんですか？	いろいろ忙しいんじゃ・・・	
Lfedbd4d9dd	1	19	でも、時間はあるんですか？	いろいろ忙しいんじゃ・・・	ふっふっふ。	
L37cffbe6f7	1	19	働いてるわけじゃなくて、	このレストランの親会社で、	代表みたいな事を	
Lf7ca5cf1ee	1	19	なんだか、ちょっと変わった人だし。	さんには、変わってる人とか	言われたくないと	
L68fc70ebc1	1	19	そうですなぁ。	では、何から話しますかな。	あの・・・	
L3b95854fe5	1	19	当時、お菓子作りが得意でなかった	ワタシが焼いたクッキーを、	美味しそうに、食べてくれましてな。	
L4becae1271	1	19	お嬢様からの電話ですか？	早く行ってあげてください！	そうですな。	
L58b49cab2a	1	19	私も結構楽しめたな。	こういう映画も悪くないね。	うん、面白い。	
L6ccf663566	1	19	いや・・・	ここ、表から見えないから。	ははは、まあいいじゃないか。	
L617f04d05b	1	19	まあいいか・・・	で、いろんな所を調査して、	世界中を周ってるんだ。	
L5fe7886241	1	19	もう、ご飯作らないぞ！	ごめん・・・それは、困る。	ほ	
L93e607ad04	1	19	もうクリスマスかぁ。	今年は、いろいろあったな。	そうだね。	
L7b581f58bf	1	19	覚えてるか？	さんに、初めて会ったとき。	ああ・・・	
Lcac31d21be	1	19	は・・・	結局、何者だったんだろう？	考古学者だったのかな？	
L3192fa8c05	1	19	この匂いは・・・	ちょっと、その鞄の中身を、	見せてもらっても、よろしいですかな？	
Lfb408e8b70	1	19	・・・あはは！	まあ、そろそろいい時間だし	お腹も空くよな。	
L193f70d8c4	1	19	まあ、今度はさ。	こんな、私の家じゃなくて、	どこかに	
L4d14340606	1	19	女の子のことで頭がいっぱい・・・	何もする気になれないなあ	あ～早くケガが治らないかなぁ・・・	
L997d34d644	1	19	の姿がどこにも見えないけど。	まったく、無用心だなぁ。	・・・立ち読みでもしていくか。	
Lc171adae8b	1	19	また、あの倉庫から	謎の声が聞こえてくるな。	さて、今回は入ってみようか。	
L20a75c725c	1	19	（野球のことについて	店先で熱く語り合った！）	おつかれさま。	
Lf94aa85364	1	19	兄貴、ケガしてんの？	ハハハ、だっせーっすよ。	・・・・・・・・・。	
L73e3e0bfe7	1	19	ちよ	ちゃんがバイトで休みか。	演出が来なきゃ練習できないよ。	
L97ec9007f8	1	19	今日も	この店は閉まってるなぁ。	おや、店の脇に何か置いてあるぞ。	
La1f66b2ed6	1	19	しかもボロボロでカバーもなし、か。	売り物にならないのかな？	とりあえず、何冊かもらっていこう。	
L219c5c1fb7	1	19	そんなことは、	どうでもいいのでやんす！	もっと大人らしく	
Lc2e80f3c5d	1	19	うーん、どうも体調がよくないな。	変なものでも食べたかな？	主人公が	
L89665ae219	1	19	いい？	わたしの後について来て。	（河原で一緒に練習しました。）	
Lc1b9263e72	1	19	そうだ！	も一緒にバイトしようよ。	あそこ、いつも人手が足りないから	
L101908bce9	1	19	あれ、身体が動くぞ。	なんだったんだ、今のは？	えじ	
Lc1c674330c	1	19	たしかに	この前、自分で釣った魚を	焼いていたでやんすね～。	
L52ba052da4	1	19	この前、自分で釣った魚を	焼いていたでやんすね～。	あらまあ。	
L56c5ffb475	1	19	いえ、特に用事があって	来たわけじゃないんです。	そうか・・・	
Ld3222a65f4	1	19	なんだ、手伝いに行ってるのか。	うカシミールに行ってみる	あ、仕事終わったの？	
L97a1df9ec2	1	19	・・・・・・・・・。	でも、希望が出てきたよ。	ありがとう、	
L31ea6d3266	1	19	あれ、キャプテン？	これから練習に行くんだ。	店には、また今度来てくれよ。	
L0e748eeaf8	1	19	ちょちょっと？	お金は出してあげるから、	カムバーック！	
L1313228306	1	19	（でも、助っ人なしでも	結構戦えるもんですね。）	（あたりまえだ！	
L6ea440e5d8	1	19	オイラがプロの選手になった時の	参考にしておくでやんす！	おや？	
Le823435774	1	19	最初のうちは	よくわからないだろうが、	慣れれば簡単なのでがんばってくれ。	
La81fd9c227	1	19	カンタ	君と野球をして遊んだ。）	オ	
L0f9795fbd6	1	19	大神	のネットには入れないね。	すまないな。	
L9208f6e6e1	1	19	まさか・・・	魚を釣ってるんじゃなくて	話しかけてくる人の数を	
L85e925ceeb	1	19	あんなにお客さんが	来てくれてたし、商店街も	売上げが上がってたんだけどね。	
L3d1ce078b0	1	19	じゃあ、お言葉に甘えて。	あれ、いつのまにこんなに	おかずを作ったんです？	
Lc36d1a5743	1	19	商店街でお買い物？	それとも、あたしに会いに	来てくれたの？	
L281da14c42	1	19	ああ、お腹がすいたなぁ。	なにか食べるものは・・・	おっ、ちょっと古いパンが残ってた！	
L9cffb0a41f	1	19	オリジナル変化球を	もっと強化するでやんす！	じゃあ、また２人で特訓だな。	
L66e7b413fe	1	19	竜巻が起こるとか、そういうこと	できないでやんすかね～？	・・・	
L99defd94ba	1	19	ワンワン！	（そんなわけねーだろ！）	・・・勝負する気のようだな。	
Lacfc3c8009	1	19	助けてくれるっていうのに、	断るってのも・・・ねぇ。	わかってますよ。	
Lb61bc8539f	1	19	ちよ	ちゃんがどうかしたのか？	悪徳プロデューサーにだまされて・・・	
L9838187f45	1	19	ワンワン。	（相変わらずトロいな。）	くそ～、またやられたか！	
L3081b3e590	1	19	そう。	じゃあ、いまから商店街で	買い物をするから付き合ってくれる？	
Lfec7a577b7	1	19	ののサンマと、大根の煮たやつ	はは肉じゃがと、高野豆腐	ひひから揚げと、マカロニサラダ	
Le6dc17fc39	1	19	・・・キャプテン？	こんな所で何やってんだ。	え？	
Lab33f5cdad	1	19	いいよ。	・・・あ、やっぱりダメ。	え？	
Ld3a5db428d	1	19	もちろん、あったりまえ。	いそれはちょっと・・・。	へへへ・・・よし合格！	
L92cc4fba78	1	19	そうだ、この際もっと強そうな名前に	変更したらどうでやんす？	いいや、このままでいい。	
L0035e337d6	1	19	あたし、まだ９歳なんだよ。	１１年後まで待たないと。	ということは、寿命タイマーは？	
Le10914c859	1	19	なあ、本当に	あいつらに勝てんのかな。	なんだか、自信がないよ。	
L08ce94bbcd	1	19	さーて、どうかしらね？	・・・君の作る料理なら、	なんでも美味しいよ・・・・	
L9730e9f79e	1	19	がんばってるな。	そのチラシ見てごらんよ。	・・・アメがついてるな。	
La1c9885e18	1	19	えっ？	まさか、俺が寝てるときに	現れた時のことを言ってるのか？	
L1ea6d79650	1	19	（・・・家を間違えた、だって？	そんなわけがないだろ。）	さて、商店街のどこへ行こう。	
Lcea3747f45	1	19	その亡霊が、いまだにウロウロ	してるんじゃないかしら。	・・・ヨロイ武者？	
L1e84228e81	1	19	（まさか、ネットでカンニングしながら	クイズに答えているとは、	誰も思わないだろうな。）	
L0bca1aaefc	1	19	クイズに答えているとは、	誰も思わないだろうな。）	ただいま～、景品もらってきた！	
L6334436950	1	19	はお休みの日だよ。	あれっ、あたしだと不満？	いや、そんなことはないけれど。	
Lf04900ba56	1	19	なっちゃん	に言いつけてやろうっと。	・・・え？	
L8243147789	1	19	いいかげんな事じゃ。	もっとしっかりしないと。	う、うん、わかった。	
L9466b624b4	1	19	あれ、前に言ったでしょ？	こっちはあくまでも趣味。	え、じゃあ本業はなんなんだ？	
L0c825b2400	1	19	いや、一応実の親なんだけど・・・	もう、この話はやめよう。	説明するのもイヤだしさ。	
Lf7cdfd2297	1	19	って言うんじゃないか。	ここで買い物をするのか？	まあね。	
L829fbbbe2b	1	19	都会に出るからって、わざわざ	その格好にしてたんだね。	普通の服	
L1723e25e35	1	19	そうカニ？	活躍してたと思ってたけど	意外にマイナーだったのカニ～。	
Laead70654b	1	19	君、相当のワルだった	ということでありますか？	いや・・・	
L928205b83f	1	19	俺たちだけ、カニカニカニ～って	バカみたいじゃないカニ？	まあ、それはそうだけどさ・・・	
L3bccc2be9d	1	19	お前、店を手伝ってるのか。	とりあえず、カレーと卵。	ひひ	
Lf9d7eb9ee5	1	19	い	・・・オウ！・・・オウ！	なが、流されまぁ～ス・・・・	
L21ae6739e4	1	19	そうですね。	ひょっとしたら、向こうも	外部の人間を助けに呼んだのかも。	
Ldb29e5592f	1	19	さんでもいいんだけどな～。	（どんがらがっしゃん！）	だ、大丈夫ですか？	
L515bcad507	1	19	今日はうちでお祝いでやんす！	さんも、来るのでやんす。	えっ、俺も？	
Lc65600dea0	1	19	それじゃあダメなんだよ！	息子には、「大村金物」を	継いでもらわないといけないんだよ！	
L3b6e1c4e1e	1	19	まだ小学生だし、	夢は大きく持っていた方が	いいんじゃないですか。	
La1548790e0	1	19	いいんじゃないですか。	それにきっと、会長さんの	がんばっている姿も見てくれてますよ。	
L3be4695cc3	1	19	そうですね。	こちらから掘ると、むしろ	トンネル崩落の恐れがあります。	
Lee190e8fa7	1	19	トンネル崩落の恐れがあります。	救出が来ることを信じて、	酸素の消費を抑えるしかありませんね。	
Lad27cdf9c4	1	19	・・・やれやれ。	見送りに来なかったから、	こんなことじゃないかと思ったよ。	
L0e066a3832	1	19	もちろん。	でも、大抵失敗するカニ。	俺たちがやられると	
L121de0f7c3	1	19	あーっ！	じゃあ、全部ヤラセ・・・	しーーーーーっ！	
Lf6544b177f	1	19	おい、そこの２人！	ちゃんと練習に集中しろ！	はーーい。	
Lb5a65a633a	1	19	それだけじゃない。	その石で、靴の裏についた	犬のフンをぬぐっていた。	
L80e0e9470d	1	19	ちよ	ちゃんに好意持ってるから	ちよ	
Lf2134dc259	1	19	スローカーブの落差は殺人的！	そして、この美しい肉体の	投球フォームは優雅そのもの！	
L264c945e10	1	19	できるように	なって来たんじゃないか？	それは・・・	
L01d0bccc42	1	19	あんまり興味ないんだけど、	そのうちのぞいてみるか。	（喫茶店の地下室で巨大な虫が発生し、	
L85c7898ab5	1	19	（喫茶店の地下室で巨大な虫が発生し、	それの退治を任された。）	虫退治、ですか？	
La792964312	1	19	・・・男の俺には必要ないな。	ののスナック菓子だって。	そうか、それは助かる。	
L1c478dd78b	1	19	いや、実力は見事だった。	俺たちの見えないところで	しっかり練習していたんだな。	
Lfaf0e8598f	1	19	だから、安心したよ。	キャプテンはお前がやれ、	権田	
L33468935f1	1	19	？！	あはっ、あははははははっ	あはははははははははははは・・・	
L46401d18ac	1	19	あはははははははははははは・・・	あはっ、あは、あは・・・	むせるぐらい笑うなよ。	
L37887c81e1	1	19	いや、お金持ってないんだ。	振興会の人がいるかどうか	見に来ただけだから。	
L032ede57aa	1	19	ランチセット！	い・・・遠慮しておくよ。	さあ、たっぷり食べてね。	
L0eb1bcd7f7	1	19	前にもこんなことが	あったような気がするぞ。	ヂ	
L7afad30c63	1	19	オオ！	ここにバットがあります。	あなた野球するのですか？	
L708e99cac9	1	19	ここにバットがあります。	あなた野球するのですか？	ああ、まあね。	
L21cfab3cdf	1	19	助けてくれたお礼に、	あなたに野球を教えます。	わたし野球の事詳しいでーす。	
L042b1e9813	1	19	ああやって川に落ちたのか。	って、おい、大丈夫か！？	ああ	
L827f18709a	1	19	あと、キャプテンてことになりゃ、	お前も他の連中に遠慮する	わけにいかなくなる。	
La246344082	1	19	いやあ、実をいうとね。	ワシが留守の時に、息子が	店に来たお客さんの応対をしていた	
L3a821e16b6	1	19	親父みたいにフラフラしてる	やつにはなりたくない。」	なんてことを言ってたらしいんだよ。	
Lc6cd7f1845	1	19	えっ？	それは結構なことだけど、	どういう風の吹き回しだ？	
Lec6994fc73	1	19	ええと、なんだって？	この美しい肉体を見ろー！	見たか？	
Laa31517efe	1	19	・・・イヤになるほど見たから、	そろそろ話を進めてくれ。	水泳だと、この美しい肉体が	
L501f118f2c	1	19	ああ、そんなに走ったら危ないよ。	ほら、車が多いから・・・	平気よ！	
L15d09e29a0	1	19	・・・・・・おじちゃん、	あの時なんで犬をほうって	帰ったんでやんす？	
Lc6303a301c	1	19	何バカなこと言ってるんだよ。	ありゃバットじゃないか。	・・・あれ？	
Lf0026374af	1	19	・・・あきれた。	いくらなんでも、ちょっと	軽率なんじゃないの？	
L99abc54d17	1	19	むこうは困ってたみたいだし、	こっちは使ってない部屋を	貸してるだけなんだけど。	
L5acd4f5e37	1	19	こっちは使ってない部屋を	貸してるだけなんだけど。	結婚前の女性としては、	
L0a2b9d60a8	1	19	貴子	さん、今日は遅いですね。	違う！	
L2a63a49792	1	19	最近、あいつがお前を見る目がなぁ・・	・・・まあ、いい・・・・	あ	
L7c53f6b109	1	19	しょうがないなぁ。	じゃあ、あれだけは一人で	行ってきてくれ。	
L602390f671	1	19	行ってきてくれ。	その間に休んでおくから。	・・・ふふふ。	
L384b8f78bf	1	19	・・・といっても、	カレーそのものは一種類で	つけるものを変えるだけですけどね。	
L75b4c72e23	1	19	楽？	まあ、他のお店に比べれば	そう見えるかもしれませんけど。	
L33adcffe3d	1	19	そう見えるかもしれませんけど。	でも、カレーの仕込みって	大変なんですよ。	
L83c0b0babd	1	19	時間をかせぎましょう！	部屋の入り口をふさげば、	なんとかなるでしょう。	
Lc3ea114c01	1	19	うん。	一度、なんだかこんな風に	２人でのんびり	
L1aca5ad597	1	19	大村	さんに事情を打ち明けて、	お互いの企画の相違について	
L83cf4f89b3	1	19	ムシャ	を見なかったでやんすか？	ムシャ	
Lb29ca2d8bb	1	19	まさか、商店街の連中のいやがらせか？	・・・・・・そういえば、	この前の野球の試合で	
Labb0f382e4	1	19	椿	のヤツ、大風呂敷を広げて	なんてザマだ！	
L6b8c4eaa12	1	19	さあ、がんばってゲーム再開だ！	ヒいあ、仕事終わったの？	ああ。	
L6a125ee53c	1	19	も～！	それは、もののたとえよ！	本当に落ちるわけないじゃないの。	
L39d9f3a29e	1	19	の学校まで行って	あいつに色目使ってる男を	全員叩きのめしてきてくれ！	
L84a266264e	1	19	え？	ほら、無駄口叩いてねえで	早く配達に行かねえか！	
L3e05537293	1	19	・・・・・・・・・。	なんかこうやって寝転んで	天井をながめてたらさ、	
L7f0aec10e0	1	19	むしろ充実してると思うんだ。	でも自分の未来を考えると	すごく不安になるの。	
Lab9f1bd36e	1	19	すごく不安になるの。	夢がダメになった時、私は	いったいどうなってしまうんだろう。	
Lc3088b2711	1	19	夢がかなったとき、	夢がかなわなくなったとき	それで終わりじゃない。	
L9bfbac9a7b	1	19	・・・ほら、できた。	・・・見事な仕事ですね。	エキスパートだからね。	
L8957a1c4ff	1	19	あの犬はいいヤツでやんす。	オイラもなかよくしたいと	思っていたでやんす！	
Lf012d6376c	1	19	クリスマスが祝えるかもしれない！	これ以上にめでたいことが	ありますかっ～てぇの！	
L2f0bc6619e	1	19	が、いきなり	母ちゃんの顔を見たとたん	ほえだしたんでやんす！	
Lfa8b1686d0	1	19	オイラの母ちゃんに飛びかかるなんて	ひどく危険な犬でやんす！	みんなでやっつけるでやんす！	
L81a12d3b74	1	19	おじちゃんと同じくらい	かっこいいでやんすーー！	（	
L0714077be0	1	19	ちょっと！	さっきからなにをコソコソ	２人だけで話してるんですの！	
L94a906e343	1	19	ウチも運動してるんだけど、難しいよ。	そもそも条例に違反しても	別に罰則はないからね。	
Lc37a9ca5fa	1	19	も	もっと強くなるだろうし。	いいや、オレは納得できないね！	
L7a0ce4d3c9	1	19	カレーの仕込みは終わってるんですね。	お客さんに出す時の手順は	わかりますから・・・	
Lcb8b345acb	1	19	だいたいじゃ、ダメなの！！	・・・あ、ごめんなさい。	いえ。	
L0c16c9b7cf	1	19	息子にはそんな風に見えてたのか	と思うと、ショックだよ。	まあ、それでも息子さんに	
L02009dbb96	1	19	見てもらっていることは	わかったわけですし・・・	そりゃあ、ワシは日々暮らしていける	
L4dd6925ab9	1	19	後継ぎを押し付けるんじゃなくて	自然に興味を持つように、	がんばってる姿を、どんどん見せて	
L2b5ea94723	1	19	売上金の移動ですよ。	銀行に預けに行くところを	滅多に見ない。	
L65bf9551d0	1	19	売上げはそんなに大きくないのよ。	でも、これまでもなんとか	やってきたんだから、	
L5b9c34263c	1	19	いいえ、あやまるのはこっちね。	目をそむけたって、現実は	いつかやってきちゃうんだから。	
Ld4521310db	1	19	時計	」をとって時間を回復！）	きゃああああ～～～！！	
L8e04cee309	1	19	オレを産んだ親を探して見つけても、	あんまり意味がないような	気がしてきたんだよな。	
L904a2b78df	1	19	行く川の流れは絶えずして、	しかも元の水にはあらず。	いや、おじちゃんが	
L034ee6c2ae	1	19	言ってることはわかりにくいでやんす。	オイラ、いつも母ちゃんに	相手にわかりやすく話せと	
L7cb85a0c00	1	19	オイラ、いつも母ちゃんに	相手にわかりやすく話せと	言われているでやんす。	
Ldf39e2ca86	1	19	・・・ふーむ。	たしかにそうかもしれぬ。	もっともらしい難しい言葉で	
L989b1d7c3d	1	19	相手を煙に巻いて、	自分を偉そうに見せるのは	大人の悪い癖かもしれぬな。	
Le66afd6100	1	19	ああ、いやこれは失敬。	わかりやすいしゃべり方を	実践しているうちに、	
L2240f0b0ef	1	19	とりあえず、おじちゃんも	練習に参加するでやんす！	（「やんす」とは言わないように	
L7664a32667	1	19	椿	がこの町にやってきた。）	まったく、しけた町だな。	
L66550bb585	1	19	どうしたんです？	このチラシを見てくれよ。	ウチがイベントを企画すると	
La39125cbaf	1	19	ウチがイベントを企画すると	どういうわけかスーパーも	タイミングを合わせて	
L8bc68204d3	1	19	もっと	もうかるんじゃないのか？	でも、この商店街は駅前という	
L9a6ff252d3	1	19	誰のおかげで大きくなったんだ？	お前一人の力でここにいる	わけじゃないだろ？	
L9f8c95971e	1	19	２人とも、ちょっと待った！	・・・商店街の真ん中で、	言い争いなんてするな。	
Ldbb2947e45	1	19	わたしのバイトなんだから、	そこまでさせられないよ。	わかった、場所変える。	
L11aac2ac77	1	19	を見失ったでやんす。	う～む、怪しいでやんす。	きっと、ここに	
Ledfdc8b844	1	19	の秘密がある	ような気がするでやんす！	あれ？	
L2257cf5220	1	19	そういえば、今日も	突然現われたでやんすね。	（	
L05e74432ae	1	19	だから、逮捕された人は	みんなそういう甘い考えで	悪いことをした人なんです！	
L68a002015c	1	19	あとから警官隊がやって来て、	銃で撃たれまくってたけど	まったく平気だったカニね。	
Lf361f9052f	1	19	すっかりヘコんじゃって	見てられなかったカニよ。	・・・悪の組織も大変なんですねぇ。	
Lf6028662f5	1	19	やめろ！	それで、今ケンカになった	直接の原因はなんなんだ？	
Led992de44b	1	19	・・・はぁ？	それはまた哲学的な・・・	人は生きるために産まれたんだよ！	
L1405253ead	1	19	後ろ向きじゃない！	死を覚悟して、それまでに	精一杯生きることがすばらしいんだ。	
Lf1b68326fe	1	19	お金の持ち合わせがないんだ。	安いもので、野球の練習に	使えるものはないかな？	
Lf434374ce7	1	19	・・・・・・って	じゃあ、何を食べてるの？	・・・・・・・・・。	
L9a6b8cac76	1	19	わからない奴だよなぁ～	そうだ、お前の携帯電話に	来てほしい時に	
L2c892dd6bc	1	19	・・・お、そうだ！	前にここで働いていた奴に	渡していた電話があったはずだ。	
L4d4cd2cf3e	1	19	おい、外国語もしゃべれるのか？	音声ファイルを検索すれば	このぐらいメジャーな言語ならね。	
L5279d0eede	1	19	困ることはないな。	地図の入手も現在地確認も	ネットを通じて思いのままだろ？	
L47c578631c	1	19	飛行機に乗れないんだ。	他のサイボーグと違って、	あたしは失敗作だから。	
L269efd9555	1	19	君の力はとてもユニークなんだから、	もっと自信を持っていい。	うん・・・そうだよね。	
La799fec7f0	1	19	モグラーズ	の帽子をかぶった小学生？	モグラーズ	
Le602fce2ad	1	19	ますますよくわかりませんな。	わざわざこちらのチームを	宣伝してくれるというのも・・・	
L8b89d92192	1	19	まあね。	劇場代に機材レンタル代、	それから大道具に小道具や衣装の製作代。	
Lbb3b010489	1	19	う野球で	その知略を生かしてくれ。	遺憾ながら、球技においては、	
L9771e0fffd	1	19	おお、それはすげえや！	・・・ん、どうしたんだ？	・・・いや、なんでもない。	
Leb5b3b5d66	1	19	わかった。	練習メニューは次回までに	組んでくるとして・・・	
L6164f61e1b	1	19	権田	さんが中心になって・・・	ああ、そうなのか？	
Lb21bafe240	1	19	考えてしまう時なのであります。	だから、世の中のどこかに	世界征服を目指している妙な連中が	
L9448594b7d	1	19	うーーーん。	あまりよくはないですが、	なんとか妥協します。	
L24b94c7cb3	1	19	あ、でもやりかけのことは	ちゃんと終わらせるカニ。	今年いっぱいは	
L5d6652bd8d	1	19	なんだか無為な日々が	急に色づいてきたカニよ。	よーし、がんばるカニ！	
Lc994607509	1	19	ということは、人間の時の記憶は	あまり残っていないのか？	ときどき思い出すこともあるけど、	
Lf5c5b9b320	1	19	ときどき思い出すこともあるけど、	夢みたいなものカニねぇ。	別に、どうでもいいカニ。	
Le80baf7e10	1	19	夢みたいなものカニねぇ。	別に、どうでもいいカニ。	いそういうものなのかな。	
L1e27196a97	1	19	別に、どうでもいいカニ。	いそういうものなのかな。	人間としての過去は、	
L7dd7794749	1	19	知り合いの博士によると、	技術的には問題ないカニ。	問題は、そうなった場合・・・	
Lc26f8fc729	1	19	うれしくなんかないよ。	なんだかおかしいですよ、	今の	
L2522797c73	1	19	さん。	昔、河川敷の石をひろって	練習場所を作ったじゃないですか。	
Lc3f9209eed	1	19	こんなにお客さんがいると	僕、緊張しちゃうなぁ～。	まだたいして宣伝もしてないのに	
L1f8e7ac217	1	19	豪腕を見たらあなた、	きっとビックリしまーす！	いいですかぁ～？	
Lbfe00f44a6	1	19	に墜落したそうだ。	大都市の上空で被弾して、	この町まで逃げてきたらしい。	
Ldf642966ad	1	19	墜落による火災で商店街は全焼した。	パイロットは脱出したが、	捕虜になって終戦を迎えてる。	
Lf0465653c4	1	19	（まあ、本当にすごい宝だったら	口封じで殺されないように	注意した方がいいと思うけどな。）	
L4565965500	1	19	そんなこと言われてもねぇ。	・・・あら、これはなに？	これは、	
L6ebd6b4501	1	19	いかがです？	３球中、１球でも打てたら	商店街の商品券をプレゼントします。	
L18e860c51f	1	19	ふうん、普段は役に立たない連中も	たまには役に立つのねぇ。	いくらなんでも、それは	
L067932280b	1	19	ちよ	ちゃんの姿が見えないな。	今日はあいつはバイトだよ。	
Le3a3183041	1	19	仮にそうだとしても、	あたしにはわからないよ。	・・・・・・・・・	
L10b3221577	1	19	通じていて商店街を裏切っている。	そ、そんなことないって！	・・・あー、いや。	
L0982f98506	1	19	誰もがアンタみたいに強いわけじゃない	・・・ずっと正しくなんて	生きられない人の方が多いんだ。	
Lc88c322b81	1	19	そうですねぇ・・・・	今はチームが１つですから	まず、勝てますよ。	
L63491cc242	1	19	まったく、どこまでも	ムカツク野郎だぜ、お前は	よ！	
L92a9f663fb	1	19	母ちゃんに見つからないように、	こっそりと帰るでやんす。	あ、そうだな。	
Lee134acff7	1	19	はいはい。	それが目当てでやったの？	いや、これとは無関係だよ！	
Laa18ef07ff	1	19	お前のユニフォームを持って来た。	いつまでも、俺の着替えで	練習するわけには	
L9d36547fb7	1	19	使えるようになりました！	発動に一日消化しますが、	バンザイメーター	
Lf28645e29f	1	19	発進させようとした車の前に	あの犬が立ちふさがった。	おまけに、主人に会えた喜びから	
L2a155cf4cf	1	19	・・・いや、いいんだよ。	それより、大丈夫なのか？	まあ、なんとかね。	
L2213093a26	1	19	まあ、なんとかね。	親が出ていったていうのも	もともとは僕が悪いんだし。	
Lcd3c7122ea	1	19	えーと・・・	気のせいかもしれないけど	さっきからご飯食べるのに夢中で、	
L55fc9aa236	1	19	あああ！	川の水が割けたでやんす！	すごいな！	
L0bec62d967	1	19	しかし海草サラダもあったぞ。	あれは水でもどして市販の	ドレッシングかけただけだよ。	
L4c0aae6b8c	1	19	たしかに、味はオムライスだ。	・・・見た目はともかく。	ううう、精進します～。	
La8e954f0ea	1	19	ううう、精進します～。	だから、見捨てないでね？	さん。	
L7a33e32912	1	19	しかも、ご主人をなくしてから	ずいぶん経ってるし・・・	俺は、ここで手伝いをやってる	
L262da2a5e4	1	19	スーパーに	対抗していこうって時に、	それは	
L4572654953	1	19	あんまり自信ないんだけど、	仕事手伝ってくれている、	せめてものお礼に・・・	
La2ae1809c7	1	19	そうだ。	ついでに風呂にも入って、	さっぱりしたらどうだ。	
L1da48de385	1	19	保護者のハンコがいるんでやんすよ。	でも、母ちゃんに話したら	怒られたんでやんす。	
L0886d92ffc	1	19	あ！	この間の奴らじゃないか！	む～～～～～ん。	
L928c68ad9e	1	19	む～～～～～ん。	僕たちは、あんたと違って	仕事をしてるから忙しいんだなぁ～。	
L0a590bc3df	1	19	いや、そんなことはしないよ。	ちゃんと交番に届けるさ。	へぇ～～、そうなんだ。	
L0c6b9b65f7	1	19	どうも、ごくろうさまです。	また、何かありましたら、	よろしくお願いします。	
L18420f2e1b	1	19	やっぱり、お腹空いてたんだ。	だから、あのお金を見て、	自分のものにしようかと、	
L8a8f386ab5	1	19	だから、あのお金を見て、	自分のものにしようかと、	迷ってたんだね？	
L1be1098313	1	19	予想して、あらかじめカーソルを	そこに動かしておくんだ。	（	
L4705816eaa	1	19	ねらいが	はずれたら見逃すぐらいで	ちょうどいいぞ。	
L8e93854e45	1	19	２球目、外角にボールになるスロー	３球目、内角低めフォーク	というパターンを作っておいて	
Le152b544d1	1	19	・・・家がない？	じゃあ、家族とか親戚は？	それもないんですよ。	
L9d27b0e279	1	19	コマンドで病気を	きちんと治しましょう。）	・・・	
Lb0de005bec	1	19	のの	あはは、考え過ぎだって。	まあ、仮にそうだとしても	
La58477ac5a	1	19	あはは、考え過ぎだって。	まあ、仮にそうだとしても	悪意はないから安心して。	
L91af2e924e	1	19	うん、ちょっとあきてきた。	とりあえず、お茶しない？	・・・やれやれ。	
L23af8ee3eb	1	19	うん。	ソフト自体は市販されてる	野球ゲームだけど、	
Lcd868e9b97	1	19	ときどき驚かされるな。	とりあえずやってみるよ。	っ	
L0376850c95	1	19	大丈夫、大丈夫。	ちゃんと忘れてないから。	ほれ。	
L9a23469236	1	19	・・・・・・。	時給が安すぎるでやんす！	最低時給を下回っているでやんす。	
Ld07c098b1c	1	19	最低時給を下回っているでやんす。	ストライキするでやんす！	あー、そんなことは知らんなぁ。	
Lf3dcc53c80	1	19	カンタ	君は正社員じゃないから、	経営者に逆らったら	
L02ab922501	1	19	あたしら	まがい物がなりたかった、	本物の匂いがするんだ。	
Lbb5dbe30bb	1	19	たぶん、その通りだ。	そりゃ、その格好を見たら	誰だって亡霊だと勘違いするよな。	
Lf3aebd4eb1	1	19	そうか。	で、成仏できそうなのか。	・・・・そのようだ。	
L1915c98564	1	19	そうか。	で・・・未練はないのか？	なんのことだ。	
Lac8242d955	1	19	この世への未練だよ。	もっと野球をしたいとか、	いろんなものを見たいとか、	
L293d06c6f0	1	19	いつもは無駄遣いしないんだけど	こういう時だけは、自分に	ごほうび	
Lf70a7383d8	1	19	ああ、バナナもらったんだ。	ちょっと量が多くて・・・	えっ、そうなのか？	
Lc6907c6de5	1	19	えっ、そうなのか？	じゃあ喜んでいただくよ。	・・・・・・・・・まぁいいけど。	
L7c52270208	1	19	いつも公演があると親とか親戚とか	たくさん来てくれてるよ。	なるほど、そういうことか。	
Lb62bd58e1d	1	19	うん、実はそれがわたしの夢なんだ。	だから今、がんばることが	出来てるんだと思う。	
Lbf39bab1ac	1	19	がお前を主役にって	言ってたらしいけど、な。	いや、いいよ。	
L26ee2052ce	1	19	いや、いいよ。	俺みたいな素人がやるより	若木	
L9a9b615507	1	19	僕たち	もう友達って感じだよな。	よしっ！	
L96d2b5217f	1	19	これが僕の生きてる証なのさ。	それだけじゃないんだぜ。	抜けた落ちた髪の毛も貯めてんだよ。	
Ld5d4948d35	1	19	次は鼻クソ貯めるって決めてんだよ。	・・・見せてやらないぞ？	・・・あああ・・・	
L124d7f13ce	1	19	ポエ夢	さん、それはやめてくれ。	うれしそうね、	
Lfd922341ee	1	19	けど	が魔法を唱え続ける限り、	この魔法は解けないんだよ。	
L92b15c803e	1	19	そもそも人数が足りないぞ。	監督も行方不明だし・・・	ダメなときは、あきらめる。	
L984a79bf47	1	19	オイラが助っ人として	参加してあげるでやんす！	えっ？	
L75460ae464	1	19	えっ？	それは勘弁してほしいな。	ちよ	
L4842d10ec5	1	19	ちよ	ちゃんは人格が変わるな。	えっ、そうかな？	
L1b5743b31f	1	19	ああ、なるほど！	あはははは、あたしってば	最後までダメなヤツだったねぇ。	
Lfd53647dac	1	19	このタイミングなら、	あんたについて行ったって	想像する人も出てくるだろうしさ。	
L4c0c46126f	1	19	さんにも	がんばってもらったのに、	こんなことになってゴメン。	
L6a57df0c27	1	19	殺虫剤を何度か焚いてみたんだが、	どうやら、外に巣があって	壁の穴から入ってくるみたいだな。	
L96c22eefdb	1	19	襲ってくる虫には、Ａボタンで	殺虫剤をかけましょう。）	おや・・・？	
L2836332ff3	1	19	じゃあ、がんばってね！	あたしは学校に行くから。	ぇ	
Lec007df836	1	19	ごめんね。	あたしそそっかしいから。	でも、本当に助かったわ。	
Lf4ebcc2997	1	19	あたしそそっかしいから。	でも、本当に助かったわ。	まあ、これくらいなら	
L6d88b4a75c	1	19	なんにも無いんでやんす・・・	あるのは、最新のプラモや	オモチャばかりでやんす・・・	
L53b8b51e76	1	19	それがオイラのスピリッツでやんす！	なら、何か情報があれば、	オイラに知らせるでやんす。	
L3def62ebd8	1	19	カンタ	君、いいかげんにしないと	おねえちゃん怒るヨ？	
L62f7f0b173	1	19	を倒すには、	必殺技がいるんでやんす！	・・・そうかなぁ。	
Le9e3738584	1	19	オイラも手伝うから、特訓して	すぐに開発するでやんす！	いまあ、やってみるか。	
L5008a2d2a3	1	19	君。	そういう派手なものよりも	基本的な変化球を練習した方がいい。	
L34adb30c8b	1	19	さみしいから	あの風来坊に色目を・・・	な、なんてこと言うんですか！！	
L1259167b97	1	19	好きなだけやらせとけ。	結局、試合に勝つ以外には	こっちの仕事はないわけだしな。	
L8afb52ef97	1	19	一昔前のビデオカメラだ。	ビデオデッキは、チームの	誰かから借りてくれ。	
Leaf03ec767	1	19	最新のなら専門店で探してくれよ。	まあ、フォームチェックに	使うだけなら、別にサイズは	
L5a14cdf86b	1	19	っておじさんに	教えてもらったでやんす。	でも、ああいうことする人は	
L7ea814f6cb	1	19	でも、ああいうことする人は	久しぶりに見たでやんす。	カンタ	
Lec61d24f22	1	19	へ～そうなんだ。	実はあたしもここで、車に	ひかれそうになったんだよ。	
L7286a045d8	1	19	・・・ダメよ、そんなの。	ウチは余裕ないんだから。	手伝ってもらってる	
L743c6e0f78	1	19	奈津姫	を手伝うことができます。	うろつき	
Lae792ba19c	1	19	駅の前に大型のビル店舗を作るから	いま商店街にある店は全部	そこに引っ越さないか、ってね。	
L368388a9d1	1	19	ジャジメント	に払うテナント料次第ね。	向こうが提示してるのは、この額だ。	
L675f1d15ea	1	19	に頼る	ことになるのも不安だし。	・・・ああ、そうだよな。	
L217e3bf074	1	19	２月の日本海よりも冷たい男だ！	ちくしょう、こうなったら	アメリカまで泳いで行ってやるー！	
Lb91c92347d	1	19	椿	は、野球で商店街をつぶす	計画を提案した！）	
Laf7dbc785f	1	19	いや・・・	その、駅前の土地を再開発	しようかと思ってるだけだよ？	
L52ecb9adff	1	19	そっか。	じゃあ、しょうがないね。	これからも、気が向いたら	
Lfbecbeb4f2	1	19	じゃあ、しょうがないね。	これからも、気が向いたら	ここに来てね。	
L300cc14bf6	1	19	あいつら、妙に力が強いんだな。	それよりも、どうやら俺は	彼らのなにか大事なものを	
L294f141aa2	1	19	それよりも、どうやら俺は	彼らのなにか大事なものを	傷つけてしまったようだ。	
L55da15416c	1	19	カンタ	、その「やんす」ってのは	いいかげんにやめなさい。	
Lba1b74e8aa	1	19	ね、今から母ちゃんと山登りなんだ。	さんも、一緒に行かない？	う・・・・・・・・・。	
Lb646a500f8	1	19	母ちゃんはカレー以外でも	料理は上手なんでやんす！	はい、どうぞ。	
Lca95dfdc37	1	19	カンタ	、「やんす」って言うのは	もうやめなさい。	
L9273eb2b60	1	19	ん～～～、なんて言うの？	そう、ロマンよ、ロマン！	ロマンを感じるなぁ。	
L93933266b8	1	19	旅ガラス	はやめとけばよかったな。	・・・妙だな。	
L90af4539ed	1	19	との戦いは、	俺たち商店街の人間だけで	戦うべきなんだ。	
L1f89fba9da	1	19	音響	は、本番に音の操作したり	そのための音を用意したりするわ。	
L314c7ee9c6	1	19	だから毎回外のスタッフに頼んでるんだ。	それから宣伝をしてくれる	制作	
L84b7ca4205	1	19	いや、今日は食事じゃなくて。	実は、さっきそこの福引で	映画の券が２枚当たったんですよ。	
L1b52b9d9fb	1	19	あたし、もっとアダルトなのがいい！	わがままな大人でやんす。	なあ、どこかに遊びに行かないか？	
L681ce70753	1	19	とっく何回か試してるよ。	あそこはガードが固すぎて	あたしの能力じゃ、ぜーんぜんダメ。	
L314e81f9a4	1	19	オーケー？	（この先、時間制限のある	選択肢があるので、	
Ldae056efbf	1	19	元なんかないよ。	サイボーグの開発のために	作られた人間だから。	
L7e4494391a	1	19	すんだらラッキーって感じだね。	どんな目にあわされるか、	想像するだけで怖いよ。	
L61b3862cae	1	19	ロマンチックな場所だな。	・・・ちょっと寒いけど。	・・・観に来てくれてたの。	
L889e239742	1	19	今は	まだ大変だけど、もうすぐ	裁判が終わるらしいから、そうしたら	
Lb01d6f862a	1	19	・・・夢はね、希望がないと	とてもつらいものなんだ。	・・・・・・・・・・・・。	
Le33470d151	1	19	風来坊って呼んでくれてもいいぜ。	ははは、まあ外の世界じゃ	オレみたいな奴は	
Laa4589677a	1	19	お互い、がんばろうぜ。	あ、プロデューサー先生！	ん？	
Lc0cfa61b74	1	19	野田	さんが作ってくれたんだ。	すごいね。	
Lf4727e612c	1	19	（・・・着ぐるみ見て気づかない時点で	だいたいわかってたよ。）	あ、わたしこれからスタッフさんとの	
La8f92b6ff2	1	19	野球がテーマの商店街でやんすか？	変わってるでやんすねぇ。	活気の無い商店街でやんすねぇ～	
L4b892534d3	1	19	ん？	オイラのことでやんすか？	お前以外に誰がいるんだよ。	
L3a6ce2df91	1	19	でやんすから言うでやんすけど、	あんたよりオイラの方が、	はるかに年上でやんすよ。	
L946cd62b25	1	19	あんたよりオイラの方が、	はるかに年上でやんすよ。	口の利き方には気をつけた方が	
La1a6dafae2	1	19	しかし、あまりにも知り合いに	似ていたものだから・・・	みんなそう言うでやんす。	
L1ec9dcb431	1	19	は連戦連勝。	敵なしの大活躍で地方紙や	ローカル番組でも取り上げられる	
Lf41b23533b	1	19	も	野球テーマの商店街として	少しずつ知名度を上げていった・・・	
L0c87422052	1	19	こっ、こら、ちょっと待て！	本当のことを言うと、私も	会長から何も知らされておらんのだ！	
L5a5b065408	1	19	ええ、もちろんです。	商店街がつぶれてしまえば	スパイとしての価値もなくなる。	
Lf5bc0d6ab2	1	19	あんなに反対したのも当然です。	この抜け道のことも情報は	あなたが押さえていて、「それ」	
Lf20c1d1b9c	1	19	だから、全部あたしのわがまま。	他の人たちは、同じ条件で	それでもがんばってるんだもの。	
L88ce9ec224	1	19	・・・・・・・・・。	いずれにせよ、「それ」を	ジャジメント	
Lc2ee7b763d	1	19	罪はこれまでも、そしてこれからも	あなたが抱えていかないと	いけないんです。	
L72aa92bbc3	1	19	・・・商店街のみんなも巻き込めば	うまく行くかもしれない。	う～ん・・・	
Laa1d1f8a0e	1	19	ええっ？	おじちゃん、昨日お風呂に	入ってないんじゃない？	
L0fdd122b69	1	19	じゃあ、湯冷めしないように	しばらくしたら帰ってね。	あたしは自分の部屋でやることが	
L400bd800cc	1	19	アンタがいなくなると、	この町もさびしくなるよ。	どうしても、	
L39c1a8bf23	1	19	今はバカで泣き虫でいじめられっ子	でやんすけど、１０年後は	すごい男になってるでやんす！	
L5b06cd1c68	1	19	日本の、いや世界のどこにいようと	さんを探し出すでやんす！	そして、勝負でやんす。	
L61670f20df	1	19	そうだろう？	これは必ずうまくいくぞ！	会長、すばらしいプランですわ！	
Ld04d3dce6c	1	19	権田	さん、練習がんばってよ。	そ、そりゃあ、もちろん！	
L32911c814e	1	19	さん、練習がんばってよ。	そ、そりゃあ、もちろん！	もちろん・・・がんばるよ。	
Lb3a4f35ae7	1	19	・・・・・・・・・。	たしかに、もっと練習して	強くならないとな。	
L5a9a93b3f9	1	19	水間	って本当に甲子園に行った	チームの投手なのか？	
Lbbc2bd64c3	1	19	・・・もう、そのときには	自分を助けた水泳部の男に	夢中だった。	
L2fa79737bb	1	19	帰ったら脚本読み直すこと。	あなた、主人公の気持ちが	ぜんぜん理解できていない。	
Lf455999d25	1	19	ぜんぜん理解できていない。	感情も流れたまんまだし。	悪い部分が全然直ってない。	
Ldcf5e7f769	1	19	悪い部分が全然直ってない。	そんなんで舞台に立ったら	お客さんに失礼よ。	
Lf97e843f98	1	19	お客さんに失礼よ。	初舞台かもしれないけど、	それはお客さんには	
L64f1a6c15b	1	19	それはお客さんには	わからないことなんだから	言い訳にしないで欲しいの。	
L6dbf92a5e2	1	19	ちよ	は、いつも本番が近づくと	ああなるんだよ。	
L38c21cda1e	1	19	と付き合ってるんだろ。	もう、みんな知ってるよ。	まあ、そりゃあバレるか。	
L3c0d787753	1	19	ちよ	ちゃんも俺は好きなんだ。	だから、どんな時でも見守ってやるさ。	
L8885496740	1	19	呼び込みたいそうなんだ。	それで、ここで一週間ほど	公演を打ってもらいたいそうだ。	
Ld842ab1db1	1	19	あの貧乏商店街が出してくれるのか？	宣伝とチケット販売には、	商店街として協力してくれるらしい。	
L68056fa4bf	1	19	避けているような気がするな。	朝はすぐに学校に行くし、	夜はさっさと部屋に閉じこもるし。	
La722ab07ae	1	19	４月のここから、	ずっと白紙のままなのよ！	今まで・・・・・・	
Lc3c581139c	1	19	ちゃんは俺の前に	こうしているじゃないか！	・・・思いが強かったのね・・・	
L740160ab62	1	19	お願い！	ずっとあたしの側にいて！	あたし恐い！	
Lb88f3b4371	1	19	そうじゃなくて、どうして	ここの商店街を気にかけて	くださるのか、ということです。	
L0906c72bb7	1	19	現われて助けてくれる人を・・・	正義の味方って呼んでも、	いいんじゃないでしょうか。	
L0e4dc97b7b	1	19	良し。	次なる課題は、道の整備と	休息ポイントの設置である。	
L4b0981842f	1	19	よって、地震対策も商店街再興も	我には等しきものならん。	ええっ？！	
Lbffe127efe	1	19	それは心外なり。	我が忠言は、我の知恵より	あふれ出でたるものなれば	
La03cf2c575	1	19	我が忠言は、我の知恵より	あふれ出でたるものなれば	この地での問題も解決できよう。	
Lfdade30e87	1	19	とにかく、	あまりあてにはしない方が	いいということですな。	
L3888c5bec0	1	19	おっ！！	（・・・すごい大声だ。）	こうやってお腹から声を出すの。	
L5060a43ffb	1	19	演劇で基礎体力は重要なんだ。	じゃあ、次は発声練習ね。	（は～い。）	
Lde0495110e	1	19	続けてやっていれば	できるようになるからね。	ようし、やるぞ。	
Lfeaeb92c55	1	19	、お疲れ様。	今日は疲れたと思うけど、	そのうち絶対楽しくなってくるから、	
L8f84b18dea	1	19	（劇団の連中、なかなかやるな。	・・・次は負けないぞ。）	ずいぶん寒くなって来たね。	
L1ca31961de	1	19	そうね。	そろそろクリスマスよね。	そうだな。	
Lbb09a57131	1	19	俺は、まだ用意してない・・・	って、そんなことより？！	・・・・俺の目がおかしいのかな？	
L38946c3c2b	1	19	・・・でも・・・・	もう無理みたいなの・・・	待ってくれ、君に言わなきゃ	
L46126b0cde	1	19	・・・それでも・・・	・・・・それでも・・・・	本当に良い子だったんですよね。	
L685032ba48	1	19	今から一緒に	スーパーに行くでやんす！	ぬ	
Lc6a77e2f32	1	19	フグフェスタ	は目玉イベントなんだよ。	これから盛り上がるっていう時に。	
Ld9663308e5	1	19	ちよ	ちゃん、少し体起こして。	このスポーツドリンクを飲むんだ。	
Lbaa15b90d3	1	19	ぷはぁ。	が居てくれて助かったよ。	今回は軽い熱中症だったから、さっきの	
Lc92b3d3dcf	1	19	働きすぎなんじゃないか？	それに劇団もやってるし。	もっと体を大切にしないと。	
La5680707cb	1	19	それに夢を叶えるには続けないと。	わたしからお芝居取ったら	ただの抜け殻になっちゃうよ。	
L6c6e4f76ce	1	19	カニカニカニ㎞。	あんまり俺をバカにすると	ハサミで君の大事なところを	
L7ebd50548f	1	19	ハサミで君の大事なところを	ちょんぎっちゃうカニよ。	それにしても材質はなんでやんすかぁ？	
L7e77c418ae	1	19	し、しまったカニ。	任務失敗だカニーーー！！	の	
L2588e9a41c	1	19	おお、すごいでやんす！	俺、勉強もできなかったし	女の子にも	
Le15719affa	1	19	出川	くんが事故にあっちゃった	みたいなの！	
L35b814de56	1	19	とにかく、どうにかするしかないよ！	・・・いくら話しあっても	無理なものは無理だよ、	
L05fcbe4ced	1	19	くん？	くん、本気で言ってるの？	この人たちに代役なんか	
La6f7d1f258	1	19	あ～あ、この劇団も終わりだな。	だんだん人気も出てきて、	これからって時に演出がいなくなって、	
L7cbd08fd85	1	19	何やってるんだ！	もう三日しかないんだぞ。	そんなボォーッとしてる時間ないだろ！	
L8b9c2cf7d3	1	19	なんてったって、オイラは元プロ野球選手だったんでやんすから、	それくらいのお金は・・・	ええと、これが３０００円。	
L1174e28e55	1	19	・・・おやじさん、ローンは、	ローンはきくでやんすか？	ああ、クレジットカードなら	
L68262bf841	1	19	どうか、オイラのために	キープしてくれでやんす！	凡田	
L2ec52ab18f	1	19	うるさいでやんす！	手に入れる為なら、手段は	どうでもいいんでやんす！	
L6794a6362c	1	19	手に入れる為なら、手段は	どうでもいいんでやんす！	そうなのか・・・	
L0be33cfe89	1	19	なんかいいバイト知らないでやんすか？	もうお金ないんでやんす！	・・・・・・・・・・・・。	
L35785279a7	1	19	そこで発掘された、米軍の保存容器に	この本が入っていたのだ。	えっ、本？	
L7bdf5c93ae	1	19	ゆえに、この聖書は奇書中の奇書だ。	あの・・・それじゃ・・・	これって単なる珍しい本・・・	
L05c15785e9	1	19	そのマンガの中に「ワンプース」が	何冊か入ってたでやんす！	「ワンプース」は一冊でも	
L4bb7b2d6e1	1	19	何冊か入ってたでやんす！	「ワンプース」は一冊でも	大手古本チェーン店なら250円で	
L3ab439d326	1	19	カンタ	には、もっとちゃんとした	アルバイトを紹介してあげます。	
Lb57ba218fe	1	19	それと、その収入は	あなたが大人になるまで、	母さんが預からせていただきます。	
Lba101a1106	1	19	エキストラみたいなもんだしな。	・・・それよりあいつだ。	あんなやつのどこがいいんだ。	
Lda7435999b	1	19	そうか、その程度なのか。	・・・おまえにとっては。	ははは、オレ勘違いしてたよ。	
L6cd7a3b605	1	19	インパクトが必要だからね。	ダチョウ牧場と契約して、	イベント用に何羽か借りたんだよ。	
L1cdce137fd	1	19	それじゃ、イベントはどうなる！	しかも、逃げたダチョウが	どこかで事件でも起こしたら・・・	
Lbe627b38e5	1	19	Ａボタンでダチョウを攻撃。	爆弾や車などに気をつけて	１０匹以上	
L8faa91cb7f	1	19	ダチョウの脱走事件で	警察に怒られてしまって、	イベントは中止になっちゃったよ。	
L24e2001d0b	1	19	あんたの向いてる方向が	ありえない値になってる。	そうか、これはプログラムじゃなくて	
L13e5051be2	1	19	よし、逃げるぞ！	・・・どっこいしょっと。	ね７（キキキー！！）	
L984d0da36b	1	19	ほんとに	あんた無神経な男だよな。	ちよ	
L0803e17cd7	1	19	好きじゃないんだよ。	ただ前の男がいなくなって	さびしかったから、	
Lc9901b6a44	1	19	暇があったら練習しろよ、練習！	（２人とも車道の真ん中で	大声でケンカしてるぞ。	
L2a84a038b5	1	19	・・・・・・・・・おい。	そんな格好でうろつくな。	あっ！	
Lf00f7bc023	1	19	仲間の一人に記憶を操作できる子が	いたから、この町に架空の	「	
Lc97c07f545	1	19	広川武美	」って存在を作ったんだ。	・・・それで、あたしの正体を知って	
Le6ee8512f4	1	19	・・・それで、あたしの正体を知って	これからどうするつもり？	う・・・特になにも。	
L6e8c24d9cb	1	19	あはは、お芝居は全員の力を	あわせてやるものだから、	脇役だって恥ずかしがることないよ。	
L6f254097f0	1	19	ここから先は、	立ち入り禁止であります。	ど、どうなってるのこれ！！	
L4e69084556	1	19	おれ達の倉庫。	今朝方、誰もいないときに	突然燃え出したんだ。	
L9a4ba87cfb	1	19	あああ、ここから先は、	入っちゃダメであります！	まだ調査中なのであります～。	
L44db3a160a	1	19	ちよ	、大変なことになったな。	・・・	
Ld1afdbe2bc	1	19	くん。	昨日の芝居、オレこっそり	観に行ってたんだぜ。	
Lffffb37559	1	19	観に行ってたんだぜ。	しかしよく頑張ったよな。	演出、役者と４人も抜けて	
Lc5b2e393fc	1	19	しかしよく頑張ったよな。	演出、役者と４人も抜けて	よくあれだけの芝居が出来たと思うよ。	
L7ea62f7999	1	19	あっさりしたもんだ。	・・・なんか空しいよな。	今回の火事で、	
L237a36d2f7	1	19	にも	それがよくわかっただろ？	・・・何言ってんの？	
L1967509f17	1	19	朝から晩まで練習して働いて、	ゴミみたいなモン食って、	必死で積み上げてきたものが	
Le9efc83c1d	1	19	くん。	だから、火をつけたのね。	おいおい、馬鹿なこと言うなよ。	
L2d44d8531a	1	19	あとは	あんたが金を振り込むのを	待つばかりだな。	
Lcd27ad1d03	1	19	もう８ケ月だ。	だが、オレはお前のことを	何にも知らねぇんだよな。	
Lbe9cfd6e00	1	19	中に入って来れない。	３０分もすれば、虫たちは	たくさん食べ物のある商店街へ	
Leed09ea9a8	1	19	もう	しばられるものなどない！	それなら、他人に迷惑をかけずに	
Lc0faaec7d4	1	19	そんなことをしていたら、	この前みたいに倒れるぞ。	その時は、また	
Le95fb1a360	1	19	ちょっと待て、今から？！	あら、別に普通にしてたら	いいじゃない。	
La28825fd84	1	19	しょうがないなぁ。	じゃあ、あたしがしばらく	外に出ていようか？	
Lc499ef233f	1	19	はい。	あのスーパーが出来てから	この商店街へ来るお客さんも	
Le0c2782f02	1	19	を守ってやらなきゃ	いけないんじゃないのか？	い助けにいく	
L6a7a9beb34	1	19	それでも、わからないことだらけだ。	だけど、もっと知りたい。	俺には君が必要だ。	
Ld00784d29d	1	19	ああ、夢をかなえて欲しい。	でも、あいつに利用されて	かなえた夢なんて悪夢にしかならない。	
Lb3fca0b2a0	1	19	ちょっと弱気になってたみたい。	いつもだったらあんなヤツ	ぶっとばしてやるのに。	
Leca6956a58	1	19	大丈夫、大丈夫。	あんなのに頼らなくても、	わたし、夢をかなえる自信あるもん。	
L49523cd5b5	1	19	維織	さんのピアノが聴けるなら	聴いてみたいよ。	
Le5868f6d79	1	19	い～まひま～？	ひ～まならボ～クの練習に	付き合ってよ～	
L8c8615bfec	1	19	俺が出て行った時と変わっていない。	本当にどこに行ったんだよ	・・・・・・	
Le96bfacc15	1	19	俺が口を出して解決できそうな問題にも	なんとなく思えないしな。	そ～うだね～。	
L5b76b3978c	1	19	そ～うだね～。	ボ～クの問題だからね～。	まあ、でもいつかまたサーカスに	
L34901d1f37	1	19	維織	さんのメインデバッグです	き出会い	
L459d1b235d	1	19	ほう！	ドジっ娘メイドとは意外と	ベタですな～！	
L00738e0ae6	1	19	さんのランダムデバッグです	き何を読んでるの？その１	・・・・・・	
Ldcf21d8a65	1	19	（まあ、一人でも大丈夫そうだし、	手伝わなくてもいいよな）	准	
Ld29965b205	1	19	さんじゃないか～。	あれ～？ケガしてるの～？	ああ、ちょっとな。	
L85f51f9635	1	19	ピエロ	の役には立つんだろうな。	さんもどう～？	
Ld3cb511a86	1	19	する事は壮大というより陰険な気がする。	というかもしかして全巻、	空気抜いたり抜かれたりしてるのか？	
Lb9a2f3a2db	1	19	さん。	確かに今日は聖夜だけど、	維織	
L6112333cfd	1	19	体が！	きゃあああぁぁぁぁぁぁ！	きゃあって・・・・・。	
Lef6ebd9d7d	1	19	こっちからも何か飛んで来る	かもしれないけどね～。）	（	
La49b40f0c4	1	19	ピエロ	の恐怖バッティング練習に	付き合いました）	
L79dea5dc67	1	19	なる程。	そう言ったらいいんだな。	しかし・・・・・・	
Lb990e0133e	1	19	准	におごってもらいました）	じゃあ、これをお願い。	
L53ebecab18	1	19	こ、	これはおもしろかったぞ。	赤レンガの戦いは読んでいて、	
L9e36051b67	1	19	なんとなく、ひどい事を言われてる	気がするのは気のせいか？	気のせい。	
L71f9c167dc	1	19	なるんだろう。	あの草入れすぎたのかな？	なんか副作用が出そうだね。	
L2593182c35	1	19	気持ち悪いって言わないでよね～。	これは玉乗りの練習さ～。	もちろ～ん。	
La28215c4ad	1	19	ああ、そういえば今日は七夕か。	だから紙とペンなんだな。	そうで～す。	
L98a827be37	1	19	そうで～す。	それでご主人様には遺書を	書いてもらおうと思ってます	
L041deb420e	1	19	ちゃんと後で竹を流すから、	さんも願い事を書きなよ。	そうだな～。	
L4e8d988c72	1	19	めんどくさいから一週間レトルトのカレー	食べてたって言ってたし。	うっわ～。	
Ld3c6f51179	1	19	さんのお金だけどね。	私も餌付けしてみようかな	はあ？	
L4ddb6fc1dd	1	19	ま	い俺はそんな人間じゃない	いらないかな。	
L09ce97c551	1	19	逆だから！	寝てる時は無防備だから、	かわいいでいいの。	
Lfa4f25b732	1	19	かわいいでいいの。	起きてる時がカッコイイと	言われたいんだよ。	
Le9415a9eed	1	19	・・・・・・・めんどくさい。	どっちもかわいいでいい。	それを聞いてると何だかペットになった	
Lc22423d929	1	19	准	よりは仲良くないんだね。	うん・・・・・・。	
L615670ce71	1	19	ピエロ	、今日もここにいるのか。	この間は声をかけようとしたら、	
La0cc9b0740	1	19	じゃあ、やっぱりあれは買い物がメイン	じゃなくて・・・・・・・	な、	
Lb20bf13b85	1	19	ピエロ	と守備練習をしました？）	（もしかして	
L87bdd93dcf	1	19	だからね、はい。	これは私からのおごりで。	オムライスとスープ！	
L60b1ba719c	1	19	さんが包丁を持つと、	こんなに不安なのだろう）	・・・・・・・・・。	
Lcd292e90f0	1	19	俺が	さんを倒して、この学校を	仕切るぜ	
Laa44b86098	1	19	今日は文化の日ですよ！	さんの為にいろいろな物を	作ってみました！	
Lb96e42f579	1	19	飲んでみてよ。	きっと何かが起こるから。	何が起こるんだよ・・・・。	
Lc007fdeef1	1	19	前から気になってたが、お前は焦ると	語尾がピエロになるのか？	そ、そんな事ないピエロよ～。	
Lb4b3982256	1	19	俺と一緒に行くのか、	それとも俺と離れるのか。	きっと今の	
L851d795d1a	1	19	どこにあるんだよ！	早くしないとバッテリーが	切れちゃうだろ！	
Lbeb68cd410	1	19	ど、どうした？	なんで口でウイーーンって	言ったんだ？	
L394807f105	1	19	私は間違ってるのかもしれない。	君が言ってくれたように、	何もかも背負って飛べる翼を持っている	
L2d25aa6cbb	1	19	でも私は鎖を引きちぎって前に進みたい。	貴方と一緒に・・・・・。	お願い	
L9c0e3a7399	1	19	それ願いが叶ったんじゃなくて、結局自分	の力で叶えただけじゃん。	まあ、何事も信じる者は救われるって事で	
L9e3029aea0	1	19	男としての問題があるんだが・・・・・。	も、もちろん、その場合、	維織	
L684171b0c0	1	19	さん、本読んでるとマイペースに	なっちゃうから、結局俺が	維織	
La21f0f856c	1	19	まて！	それじゃあ、ダメだろう！	あれとかこれとか言ってるだけじゃあ、	
La6175ba850	1	19	維織	さんが怒ってしまうような	気がするんだが。	
L4481ed6b11	1	19	そりゃ、怒るでしょうね。	ただのバカならいいけど、	維織	
L5a48eb4449	1	19	すぐに	さんが適当に謝ってるって	気付くんじゃないかな。	
L797e3d1947	1	19	だから、いつかこの街を出て行く。	その時に私はどうしてる？	どうしたらいい？	
L8d1bcdecac	1	19	あと一年、	ううん、あと半年でいい。	それまで私を自由にさせておいて。	
Lfe86b63a37	1	19	気にしないでください。	それが私の仕事ですから。	ありがとう	
L523e76e093	1	19	維織	さんなら本を読んでいると	あれぐらい食べそうだし。	
Lbe083e3b70	1	19	さんなら本を読んでいると	あれぐらい食べそうだし。	確かにな。	
L622eca5337	1	19	というわけで、今日のノリはこっちで	行こうと思ってるんすよ！	オス	
L40d356b75d	1	19	・・・・	体育会系でも文化系でも、	どっちでもいいや。	
L9d4f09d764	1	19	維織	さんのコーヒー以外の物も	頼んでね。	
L6beb0371b2	1	19	この本は本当にわかりやすいぞ。	なんだか読んでるだけで、	野球が上手くなった気がする。	
Lb06540a91e	1	19	抱き抱えて運んだら反応するだろう。	何にもしないと思ったら、	大間違いだからな）	
Lcdd8746461	1	19	あれ？	いま読んでるページって、	部屋を出る時と変わってないような。	
L7618a1cf7b	1	19	維織	さんも筋トレやってみる？	・・・・・・・・。	
L0ba4c21c7f	1	19	特にメイドさんには超特大大盛りで感謝	しないといけない日だよ。	だから何を言ってるんだ？	
L4c168b5237	1	19	ああ、そうか。いつもお疲れ。	というわけで、いつもの。	心がこもってないよ！	
L2280eebd56	1	19	見ようによっちゃあ、ストレス発散を	しているようにも見える。	なら、このまま放っておいた方が	
L9c6ec1cd07	1	19	何も言ってくれないからわからんな。	案外、私達に・・・・・・	准ちゃん・・・・・・・。	
L970d4cbe1c	1	19	案外、私達に・・・・・・	准ちゃん・・・・・・・。	は、はい。	
Lbb16338a71	1	19	ましたわ。	新しいのをお注ぎしますね	まだ冷めて	
L026bc0091f	1	19	お前か！！やっぱり！！	こんな物を客に出すな！！	こんな物って何よ！	
La6eaadc7df	1	19	ね、寝てるよな。	気のせいか・・・・・・。	・・・・・・・・・。	
Lf701f2f9d0	1	19	てるからな。	今日ぐらいは上に立たせて	もらおう）	
L42cafe4772	1	19	准	。気にしなくてもいいぞ。	これはただの願いだ。	
L69bf9897c8	1	19	そうなんだ。	それで何を買ってきたの？	コロッケ	
L5c4b69d2ea	1	19	じゃあ、そうやって言ってくれる人間が	いるから、頑張ろうかな。	お前、さっき「もちっ！」って・・・・。	
L57d009b9f1	1	19	それの何がアレなんだ？	というかアレってなんだ？	つまり、リンゴが飛んできたからキャッチ	
L9677652d98	1	19	確かに、そんな感じがしたよ。	全てにめんどくさそうで、	全てから目を	
L3dfb96bcc0	1	19	維織	さんが貴方を気にする理由	がわかる気がしたよ。	
L757d6b8f7e	1	19	お嬢様が	ご自由にできるお時間は、	大学にご在学中の間だけだったのです。	
La83b1be9cf	1	19	維織	さん。昼食はなに食べる？	・・・・・・	
L8e554de9ff	1	19	お待たせしました～！	他に何かご用はありますか	忙しそうだな。	
L61388b4ab1	1	19	へえ～。	そんな特殊能力を持ってる	なんて。	
L150ba4de34	1	19	まあ、	さんがこの店に来なかった	ら少しは楽になるんだけどね。	
L0a19d95276	1	19	維織	さんが居ないこの部屋で、	生活する必要はない。	
L8b36f5f48c	1	19	維織	さんだって大人なんだし、	一人でやりたい事だってあるんだよ。	
L53ed58ae83	1	19	じゃあ、別に俺は一緒に居なくても、	いいんじゃ・・・・・・。	ここに居て。	
Lccc84d4d7d	1	19	だけどなあ。	これまでもそうだったし。	・・・・・・・・。	
L27c450b38f	1	19	維織	さんは本を読んでるけど。	・・・・・・・・。	
L2fcf1b35e6	1	19	メイド限定なのか？	レディーとかじゃなくて？	メイドさんには年齢不詳にしてていい法律	
Lcff267e1f3	1	19	メイドさんには溢れる知性がにじみでる	ように設定されてるから。	ナイナイ。	
Lfcb65d5a6f	1	19	ナイナイ。	だからそんなのナイから。	じゃあ今は日々このバイトしかしてない	
Le27e755ec9	1	19	さんが読んでた本が	何かなんて見てないもの。	さっきまで青の表紙の本を	
La7df60174e	1	19	維織	さんは鞄を持ち歩かない。	しかも、服装は薄めのジャケットだ。	
Lb6c0710462	1	19	ピエロ	がチームに加入しました）	いらっしゃいませ！	
L2e86dc26a9	1	19	あの喫茶店にほぼ毎日来てるし。	めんどくさがりやなのか、	行動的なのか微妙だな。	
Lc861985cc2	1	19	准	は服が作れるんだったな。	うん。	
Lf319a31545	1	19	うん。	時間ができたらいろいろと	作ってるの。	
L3eacc492dd	1	19	夢？	それはどんな・・・・・・	そろそろ入らないと。	
L4032aaa4a5	1	19	さんの事だから、すぐに作れる	ようにはなると思うけど、	やる気が無いのが代名詞のクセに凝り性	
L7b62935a7e	1	19	カンタ	君に後で行くと言ったし、	俺も夏祭りに	
L8352843f38	1	19	なにがゴメンだ！	カップが飛んだ瞬間の顔を	俺は見逃さなかったぞ！	
Lf1bfd70122	1	19	反応するんだろ？	周りであれだけ騒いでも、	本から目線を逸らさなかったのに。	
L04c77de9c4	1	19	ありがたくもらうから、	そんな顔をしないでくれ。	ウソでも胸が痛い。	
L959b362df7	1	19	このままじゃ、なに聞いても、	同じ事を言われそうだな）	じゃあさ、何か俺にできる事ない？	
L7748d96f47	1	19	別に	さんを餌付けしているから	って、	
L5d7b1f595b	1	19	維織	さんが怒る理由は無いはず	ですよね？	
L58dc3a11d4	1	19	そんなのできるわけないだろ～。	それにこの鼻は自鼻だよ！	オイオイソンナワケナイダロ！	
Lc4295b3801	1	19	と、取れない！	しかも、微妙に生暖かい！	キャアアアアアアア！	
L46d7a2a6a6	1	19	私は	さんの背中を見つけて声を	かけたからね～。	
L50e7344e5b	1	19	マスター	がお金を受け取ってたから	私は知らない。	
L8ff2d40979	1	19	・・・・・	これはストライクゾーン？	ああ、そうさ。	
Laea6c40224	1	19	至高の言語を！	このリアルワールドにも、	デジタルの風をぉぉぉぉぉぉおお！！	
La9e23814e8	1	19	さん。	それは着ないとダメです。	むしろ着てください。	
La3e04695dc	1	19	実際にどうでもいいからな。	それとも何か欲しいのか？	欲しいに決まってるじゃない。	
L0bd7724eee	1	19	というわけで、こんなかわいいメイドに	何かくださいな。ご主人様	仕方が無い。	
Lc4ba5824a3	1	19	准	の出会いはこの店だろう。	そこから始めてどうする・・・・・。	
L3406446cda	1	19	そんな事はない！	きっと上手く行くはずだ！	私のプログラムに間違いなどないのだ！	
Le5ee0072f8	1	19	ピエロ	のボ～クにはたまらないと	いうか～。	
L74c8b1abea	1	19	さんからもらうんじゃなくて、	俺が渡す方じゃ・・・・・	もう、もらってる。	
Lbdcc28e1ef	1	19	・・・・・・	というかタダなんだけど。	はい。	
L28cb7f2153	1	19	・・・・・	四葉のクローバーの枝折。	維織	
L3a52a6b4c9	1	19	維織	さんがくれた物に比べたら	チープだけどね。	
L5c05a5817b	1	19	マスター	がフロアに居るんですね。	ああ、	
L66adda726e	1	19	准	もご実家の差し金ですか？	彼女は違うよ。	
L445f57c73a	1	19	はっきりと思った事を口にでき、	だけど心優しい女の子だ。	維織	
Lfa027c28b0	1	19	雪白	家のお嬢様以外にあれ程、	打ち解けて話す事なんて無かったからね。	
L47a91aa5ab	1	19	寄っておくれ。	その時にはまたコーヒーを	出してあげるから。	
L0ff198a2eb	1	19	確かに衣服関連のところでバイトした方が	いいのかも知れないけど、	ここは衣類関連	
Ld00b2fd57c	1	19	それは	さんが真っ暗だからだね。	ひ、否定できん。	
Lbde1ab9d22	1	19	ピエロ	が居たサーカス団のテント	じゃないのか？	
Lb365474c4d	1	19	ピエロ	をしてもいいじゃないか！	その人の為だけに道化になっても	
Lddc5770bbc	1	19	引きちぎって進むこと。	私はいろいろなものから、	きっと解放されると思う。	
L5c34cffa6d	1	19	私はいろいろなものから、	きっと解放されると思う。	だけど、そこには新しい鎖ができる。	
Lc749d8a2a2	1	19	な、なんだって～！	お前が恋をした女の子って	准	
Lac4f75dc70	1	19	なんか恐れ多いと言うか～、	なんか上手だと言うか～。	（腹黒さだけなら、	
L19b32ac649	1	19	は。	それを感じているのか？）	ピエロ	
Lb39dfe8b55	1	19	電視	がこの世界の神になる為に	パワーアップしました）	
L6705fd4ee8	1	19	維織	さんと違って逃げないよ。	泣いて、笑って、怒って、	
Lac191c76cf	1	19	さんと違って逃げないよ。	泣いて、笑って、怒って、	自分を隠したりなんてしないよ。	
L4e07f6aad4	1	19	さんが居なくなった事で	疲れている心にこれ以上、	ダメージを与えないでやってくれ。	
L3f534bc103	1	19	准	にアタックするわけだな。	アタックって程じゃないけど、	
L2204048f17	1	19	僕をそんな奴らと一緒にするんじゃない！	奴らのレベルが２５なら、	僕のレベルは９９だ！	
L6fa7efd448	1	19	のは？	シミュレーションって事は	仮想恋愛ゲームか？	
Lbbe9640c4f	1	19	僕が作ったこのゲームの中で	彼女を僕の物にできれば、	現実の世界でもきっと僕の物になる！	
L02da446eb7	1	19	でもダーリンは私の作った物なら	なんでも食べてくれるよね	い、	
L5bac7b9255	1	19	准	ちゃんに彼氏がいたなんて	・・・・	
Ldcd4f86130	1	19	何ってナニじゃない。	本当は知ってるクセに～。	照れてるの？	
L6c48fe575b	1	19	・・・・・・	誕生日だってええええ！！	そうよ。	
L93490dc678	1	19	信じなくても良いアイデアが	浮かばないから同じだよ。	それに嘘をついてもお前にはメリットが	
Lac15bc36c4	1	19	俺は知った後と前では、	何にも変わらなかったぞ。	それは親密な関係になった後だから。	
Lf3999ab0e6	1	19	いいの。いいの。	知らぬは本人だけだから。	とりあえず	
L790cab550f	1	19	維織	さんが自分で戻ったのなら	大丈夫かな。	
Ld2a933cc00	1	19	そしてありがとね。	私の友達を助けてくれて。	なんか気持ち悪いな。	
L4ff207c53d	1	19	気にしない気にしない。	さあ！私も頑張ろうっと！	維織	
L11f3fa7e8f	1	19	維織	さんに負けないようにな。	うん	
L3cfad0d97c	1	19	少しプログラムを思いついたから、	腰下ろしてやりたいんだ。	そうだな	
L34161ff083	1	19	とか言いそうなのに。	そういえばご主人様方って	・・・・・・	
L4f5209b1f1	1	19	それが上に立つ、人間の資質ってやつ？	部下の何気ない行動から、	何を考えてるかを予想するのは	
Lfb8b8056d9	1	19	が言ったのね・・・・・・。	本当にあの人は私に甘い。	俺はずっと	
L01eaecd35e	1	19	さん、そろそろ教えてくれないか？	君を縛っている物の正体を	・・・・・・	
L6edbbb417f	1	19	維織	さん、まだ来てないのか。	珍しいな。	
La53ce9d08b	1	19	しては違う色をしているな。	それに全体的に綺麗だし。	もちろん私が毎日、掃除してるからね。	
L09ef2afc3b	1	19	私もそんなには聞いた事がないけど、	一度だけ話してくれたの。	「一年前にこの街にやって来た時」って。	
L8c8a3548f2	1	19	はおかしくないか？	悪い物でも食べたのかな。	お待たせしました。ご主人様	
Ld011a56d4a	1	19	この店は全年齢向けですから、これ以上の	事はできないんですう～。	言ってる意味がさっぱりわからん。	
L18b4edf79a	1	19	さっきのコーヒーを頭からかぶったら、	大変な事になるだろうが！	顔中、火傷になるぞ！	
La702804d79	1	19	ん？	黒板に何か書いてあるぞ。	「先着３名様に店長新作コーヒー無料」	
L9c0aaffe34	1	19	・	燃えてるじゃないかっ！！	なんだこれ？	
L891ffdf2fc	1	19	・・・・・・	もしかして、これやったの	維織	
Lb75cc2a831	1	19	だから私のそばに居て。	意味を間違えないように。	誰かに飛び立たせてもらうんじゃなくて、	
La769a65062	1	19	傷ついても決してくじける事のない	「勇気」という名の羽を。	・・・・・・	
L4478913de8	1	19	はい。	でも、その前に・・・・・	なにかな？	
L3fd40e0e94	1	19	さんは、	何を隠しているんですか？	・・・・・・・・。	
L20964775f4	1	19	お嬢様は君に	何も話していないのかな？	維織	
Lda3b35aeb6	1	19	次期シャチョー？	何を言っているんですか？	そんな冗談・・・・・・・	
L157c6234d0	1	19	何を言っているんですか？	そんな冗談・・・・・・・	信じられないのも無理はない。	
L0a227090fe	1	19	人である事を否定するような事が	いいわけないじゃないか！	それは君達の世界の話だ。	
L0f98d65bdd	1	19	いいわけないじゃないか！	それは君達の世界の話だ。	私達の住む、いや、	
Lecc460f41f	1	19	さんの本当の気持ちなのか？	それは俺と今まで過ごした	維織	
L6c9086e8be	1	19	何度も何度も、お父様と話した。	でも誰も聞いてくれない。	私は	
Lac791713b7	1	19	だけど私の翼は大きな鎖に縛られて	羽一つも動かせなかった！	羽が動かせないからなんだ？	
L7f7d26edb7	1	19	それを引きずりながらでも、	人は進む事ができるんだ！	空を飛べなくたって	
Laea7729ec5	1	19	空を飛べなくたって	俺達は地を歩いていける。	っ・・・・・・・。	
Lf6d02ae187	1	19	は・・・	しばらく休みなんだよな。	帰ろう。	
Lcc05475b69	1	19	待ってな。	なんか持ってきてやるよ。	ありがとう。	
L5defd6cb8b	1	19	待ってな。	今、薬持ってきてやるよ。	ありがとう。	
L948fadf959	1	19	夏菜	が、またレストランで働き	はじめました）	
Lcea36c084d	1	19	ほ	・・・そうだ、違うんだ。	相談・・・誰にしたら・・・	
L08fb8125d2	1	19	なにしてんの？	それは・・・・・・・・・	・・・・・・・・・・・・	
La4d448d872	1	19	そうなんですよ。	なんか、突然だったみたい	で・・・	
L36b364baf9	1	19	し・・・	新しいのも入ってるから、	今度また	
Le5fca90c54	1	19	え、じゃあ・・・	またすぐに、出て行くの？	すぐにでも再調査に	
La57c00a894	1	19	まあ、いいや。	とにかく、お帰りなさい。	お父さん。	
L4f9cdfa34b	1	19	文句言うなよな。	私は、配送してもらおうと	思ってたんだか	
L3936907e8d	1	19	この間の弁当箱か。	・・・お、ちゃんと綺麗に	洗ってあるな。	
Led9ea7bd59	1	19	一応・・・	なるほど、なるほど・・・	なかなか、いい住まいですな。	
L5ccee47af0	1	19	様は、あなたの力を	大変評価されております。	晴継	
Le6daa6c66d	1	19	やはり、お嬢様の話をすると、	やる気が湧いて来ますな。	そうですね・・・	
Laddc517fcc	1	19	が・・・	前日まで机に向かっていた	お父さん	
L18155e427f	1	19	それは・・・	何かあるんだよ、きっと。	あ	
Lb620184e6c	1	19	ははは・・・	それって誉めてないよね。	誉めてるよ。	
L3d69a9deb5	1	19	なら、	さんも、一緒に歌おうぜ。	いいね。	
Lfd549f45b7	1	19	そんなんじゃないって！	ほら、この前の人の事が、	気になってさ。	
L0381176eec	1	19	このレストランで	働いてるわけじゃないぞ？	え？	
La3aa3cf5f2	1	19	店長	、そんな事言ってたかな。	まあ、とりあえず	
Lc8a245f733	1	19	城田	さんは、このレストランで	働いてるわけじゃなくて、	
L8997f89e92	1	19	さんは、このレストランで	働いてるわけじゃなくて、	このレストランの親会社で、	
Lec632302ae	1	19	いつだったか、お嬢様にクッキーを	焼いた事がありましてな。	当時、お菓子作りが得意でなかった	
L7cfd5d651a	1	19	えーと・・・	さんは、何が観たいんだ？	いアクションもの	
Lfc1c6af106	1	19	そんなんじゃないって！	ちょっと通りかかったら、	えたからさ。	
L13d454e92a	1	19	へ？	あ・・・うん、まあ・・・	（ぐきゅるるる・・・・）	
L4d76e11f96	1	19	あ・・・うん、まあ・・・	（ぐきゅるるる・・・・）	・・・・・・・・・	
L785eaae910	1	19	あはは・・・	そんな事だろうと思って、	ご飯買ってきたからさ。	
Lc1eb9aa300	1	19	でも、立派な書斎だね。	お父さんは、何してるの？	うーん。	
L881f4b1222	1	19	あのディスクは、	ちょっと気になるけどな。	ははは。	
L943183eb21	1	19	楽しむなら、よそに行って下さいよ。	何で、うちの店に来てんす	か・・・	
L0aca6db777	1	19	は・・・	おみくじコリントゲーム？	なんだろう？	
Lc8dfc4e973	1	19	さん大吉？	こんな所で運を使うなよ。	そういう	
L01ee133ece	1	19	私が大吉だったから、	二人足せば吉くらいだろ。	いや、普通足さないよ。	
L1315109bfd	1	19	って人が来た時に、	こっそり持ち出されてたら	わからないけ	
Lf1e7c67a7d	1	19	わからないね。	仕事の資料みたいな物は、	たくさんあるんだけ	
L65bc93ecf6	1	19	材料は・・・	あー、何もないんだった。	すぐそこだから買ってくるよ。	
Ldff3f4e34c	1	19	その、ディスクをこちらに渡して	いただけないでしょうか。	・・・・・・・・・・・・	
L59c5999559	1	19	なかなか	寝つけないなあ・・・。	・	
L5113376f94	1	19	なくなっちゃったなあ・・・	練習する気になれないや	何をしようかな	
L9707873980	1	19	うわっ？！	アイテムが爆発したぞ。	・・・まあ、いいか。	
Lc0b1e0aa8f	1	19	でも、さすがに	こっちも商売だからね。	今日は、なにか買ってもらいますよ？	
Ld26927cb86	1	19	なんだか、妙に敬遠されて	いるような気がするぞ。	あなた、ちょっと聞いてちょうだい！	
L56b56a886e	1	19	ここまでで「	さすらいのナイスガイ編	」は	
L00822e7313	1	19	ハァハァ・・・・・	どうだ、俺の勝ちだな！	ワンワン！	
Lbacf5066dc	1	19	えっと・・・	いえ、なんでも～・・・	？	
Lad73201ec0	1	19	まあ、兄貴の分まで、オレが華麗に	試合で活躍しますから。	バカ！	
L3eaf698cab	1	19	・・・しょうがない。	今まで出来てるシーンを	通して練習しよう。	
L115a84cb68	1	19	まだまだ足りないところは多いけど、	何かつかめて来てるよ。	そうか、よかった。	
Lee2a8f8e4e	1	19	なくなってしまうの。	・・・そんな気がして。	おいおい、	
Lfd642376db	1	19	（・・・あ、こっちこそごめん。	また後でかけ直すよ。）	（・・・今日は部活があるから、	
La47b540597	1	19	そうか・・・	じゃあ、商店街のために	ちょっと働いてくれないか？	
Laa609b83ce	1	19	誰からのものかは判らないけど、	ここにあるってことは、	食べていいってことだよな。	
La79f7e6b51	1	19	なくなってるぞ。	どこにいったんだろう？	あれ？	
L184a257e4c	1	19	ああ、まったくだ。	お前も腹へってるだろ？	コンビニに寄って行かないか。	
L9a9e1eb6f3	1	19	ハァハァ・・・やれやれ。	なんなんだ、あいつは？	・・・やっぱりやめておこう。	
L9a311750b9	1	19	そうそう。	さあ、とっとと行こう！	こ	
L6d4322032f	1	19	イタチの人形	の隣にモノが増えてる。	誰からのプレゼントだろう？	
L28b8cfa76a	1	19	今、脚本を役者に投げつけたぞ。	・・・すごい迫力だな。	まったく、鬼演出家って感じだよな。	
Lfea41231ec	1	19	やり直しできる回数が	もう残っておりません。	残念ですが、続きはできません。	
Led51797d18	1	19	今日は、オイラに野球を	教えて欲しいでやんす！	よし、じゃあ河川敷へ行こうか。	
Laa8a4a737f	1	19	逃げ出すのは成功したけどね。	警戒されちゃったから、	もうあそこの会社から	
L457b50ce2a	1	19	ふうーん。	じゃあ、オイラもアレ！	水？	
L56385dc9c2	1	19	母ちゃんも、あの犬には近寄るなって	よく言ってるでやんす！	ふーん。	
L1566d790d2	1	19	魚を釣ってるんじゃなくて	話しかけてくる人の数を	勝負してるんでやんすか？！	
L3493491606	1	19	・・・・・・・・・。	あー、もう終わったか？	監督！？	
L780e5eb3f3	1	19	ほるひす	人形の的に当てたので、	景品がもらえます。）	
Lbbbd33569e	1	19	ま、こっちも犬の事は言えないか。	あれ、いなくなったぞ？	ワン！	
L804bf7e591	1	19	む～～～～～～～～ん。	誰もいないんだなぁ～。	む～～～～～～～～ん。	
Le710a3037f	1	19	む～～～～～～～～ん。	残念なんだなぁ～～～。	む～～～～～～～～ん。	
Lc06cbf86d5	1	19	！	遊んでないで、とっとと	試合前の練習始めるぞ！	
Lee64831f86	1	19	はいはい、お父さん。	あれえ、風来坊さんだ。	商店街でお買い物？	
Lf950189199	1	19	（できれば、ダメになってない	薬の方がいいんだが。）	（ぐ～っ）	
L7c97e3c9d1	1	19	あ	あーあ、いい天気だね。	ああ、そうだな。	
L4ca46a2f99	1	19	でも、君は風来坊じゃない。	この街の人間なんだろ？	あはは、そうだといいんだけどね。	
L9e8831bded	1	19	グヒャーーー！！！	（得体のしれない儀式の	よくわからない効果によって	
L70823790da	1	19	・・・ねえ、会長さん。	これでいいんですかね。	商店街に全然関係ない連中が	
Ld93302915a	1	19	ビクトリーズ	は、俺たちのチームじゃ	なくなってるんですよ。	
La9550bd7dc	1	19	（たわいもないことを話して	一日を過ごしました。）	・・・・・・・・・。	
L840925d5ea	1	19	へへ親子丼と、ほうれん草のおひたし	ほほ春巻きと、豚の角煮	むむ	
L225857c793	1	19	・・・・・・・・・。	ちょっと、さっきそこに	サーカスのピエロがいなかった？	
L58849931fc	1	19	ビクトリーズ	のくせに、なまいきな！	ああ、負けてしまったか。	
L9da9b45b8b	1	19	（２人で、なんとなく	町をうろつきました。）	恥ずかしいからな。	
Lc0f1fd1f2b	1	19	もっとボールが爆発するとか	できないんでやんすか？	・・・それはルール違反だよ。	
L8a5ece14b2	1	19	でやんす・・・	パワプロクンポケット９	は	
L1090641a2f	1	19	そう？	こっちもチラシが減って	楽だったんだけどなぁ。	
L0fdc08a717	1	19	！	やっぱり出来るやつだと	思ってたんだよ、僕。	
Lbe3491b3da	1	19	この店って、あんまりお客さんが	入っていないようだけど	生活は大丈夫なのか？	
L72cf08e605	1	19	そんな人間がいるわけないでしょ！	それにずうっと昔から、	出るってうわさなのよ。	
Lb1b81b6166	1	19	人気ゲームソフト「メキメキＲ５」の	発売週の売上げは・・・	はーい、ゲーム雑誌集計で約１２万本、	
Laa72a777f3	1	19	本来	地上を歩く人間にとって	いわば空を飛ぶにも等しい行為！	
Ld6277b6511	1	19	それより、さっきはどうしたの？	一瞬、キョトンとして。	うん？	
L053b1513c8	1	19	ムシャ	が震えているでやんす！	えっ？	
Ld26680bfa9	1	19	・・・ということは、	この商店街の昔の地図は	残ってないんですか？	
L957382631e	1	19	役場が火災にあったことがあってね。	古い資料は、そのときに	全部焼けてしまったらしいな。	
Lb729ac4267	1	19	そういえば、ワシんとこから	たしか持って行ったな。	ああ～、あれね。	
L983717c220	1	19	・・・・・・夢？	変な夢を見たでやんす！	ん、朝か。	
Lba03ee7658	1	19	繁華街	って言うんじゃないか。	ここで買い物をするのか？	
L724059db8b	1	19	都会じゃなきゃ手に入らない	情報とブツがあるのさ！	で、俺がここにいるわけは？	
L98c94db350	1	19	いや・・・	言い方が悪かったカニ。	少なくとも最初は、世の中のために	
L104b569042	1	19	少なくとも最初は、世の中のために	やっていたんでカニよ。	え、それはどういう？	
Le6d746bf07	1	19	いあ	やった、大吉でやんす！	のの	
L04d0950e56	1	19	オウ!オウ!・・・	たすけ・・・ダサ～イ！	く	
Ld427d8b2c6	1	19	オウ！	あなた野球好きですか？	・・・ああ。	
L79990f1128	1	19	だが、本当は	そこに行くのが目的だ。	いよいよアレが見つかる	
L29b4194a4c	1	19	そこに行くのが目的だ。	いよいよアレが見つかる	かもしれんのだからな。	
L007397d446	1	19	いよいよアレが見つかる	かもしれんのだからな。	アメリカで	
L6d93549c2e	1	19	あはははは！	そんな人がいたら、ぜひ	ビクトリーズ	
L11a692ee27	1	19	・・・いい匂いがする。	カレーの香りに隠れて、	煮物とケチャップの香りが・・・	
La43fc8181d	1	19	。	あたしたち親友だよね？	少しぐらい、分けてくれてもいいよね。	
L3f309eeff2	1	19	ふーん。	それでも、ちょっとだけ	うらやましいかな。	
L35c19b8cea	1	19	ぜんぜん怖くないんです。	むしろ、あなたと２人で	ちょっとどきどきしています。	
Lc8bb330a81	1	19	そこまでしてオレらにプレッシャー	与えたいもんなのかな。	さん、	
L50598ec33f	1	19	俺たちが暴れると子供も大人も	大喜びだったのでカニ。	ええと・・・	
La2b6beaccd	1	19	ええと・・・	悪いことしてたんじゃ？	もちろん。	
Lb5ae9db9b6	1	19	君のことか。	ちゃんと家に届けたよ。	お母さんにこってりしぼられてたけど。	
L849b29d68d	1	19	お前、今は予備の投手だけど、	投手以外のポジションも	やってみたいとか思わないか？	
L63be910298	1	19	そうかもしれぬ。	味方の実力を把握すれば	百戦危うからず、というところなり。	
L46cf4b82a6	1	19	お菓子とかみんなで食べたりしながら	ワイワイやってるんで、	月・水・金以外	
L72b2be6faf	1	19	上手くなりたいんだ。	だから本屋でこうやって	料理の作り方を見てるの。	
Lda9ff33d03	1	19	俺？	そりゃあ、うれしいさ。	君のおいしい料理を食べると	
Lc4fddf112c	1	19	さ、今日はナニが食べたい？	マーボ茄子は好物かな？	ああ、それは大好物だ。	
L9084b7e7c8	1	19	あらなあに？	これタダでもらえるの？	はい！	
L5ae3a4592d	1	19	じゃあ	うちの店遊びに来いよ。	お茶とお菓子くらい出すぜ。	
L7e3a99981e	1	19	さてと、そろそろお店開けるか。	気が向いたら、そのうち	また遊びに来てよ。	
L3fe718dc84	1	19	の練習も、	この水曜日がメインだ。	さあ、こんな所でいても仕方ないから	
Lfc9f65fdf2	1	19	つまらなさそうな教育映画、	えーと、それから・・・	フランケンシュタイン	
L091f9ee10c	1	19	・・・ダメなの。	今日で・・・もう・・・	え？	
Lcf762b1d77	1	19	ちよ	ちゃん、ここでバイト？	うん、ときどき入らせてもらってるんだ。	
L9bce4c83e2	1	19	ワン公	どこにいるでやんすー！	（ワンワン！！	
Lc52884b948	1	19	な、なんで帰るんでやんす？	わかんないでやんすー！	・・・・・・・・・・・・。	
L2ac2d0042e	1	19	あああ、オレの乗っていたトラックが	突然まっぷたつに・・・	こっちをどうするかだな。	
L705cf48003	1	19	ちくしょう！	こいつの中に入るヤツが	別の役になっちまったんだよ！	
La1cda9d245	1	19	その着ぐるみが完成したのか。	ああ、今回も自信作さ。	劇中じゃ、殴られたり蹴られたりする	
L48898ccb04	1	19	助かりました。	あなた命の恩人でーす。	いや、無事でよかった。	
Ldbab554af2	1	19	前からお聞きしたかったんです。	最初の練習で、どうして	俺をキャプテンに指名したんです？	
Lef6d510df8	1	19	・・・２０年は前だけどな。	じゃあ、ごちそうさん！	あ！	
L9c4da4fdb5	1	19	あ！	お客さん、お勘定・・・	ああ、また逃げられちゃった。	
L2924d163f9	1	19	の何を重点的に	鍛えたらいいだろう？）	え打撃！	
Lfd51fa7739	1	19	（そのやる気は、あきらかに	方向を間違ってるぞ。）	そんなに見つめるなよ。	
Lf8efa6d70d	1	19	方向を間違ってるぞ。）	そんなに見つめるなよ。	フッ・・・・・・	
L304126c4ff	1	19	え・・・？	あ、はい。すみました。	だったら、油売ってないで	
L221a21493c	1	19	うん。	さんは配達は終わった？	さっき終わった所だ。	
L7de814c204	1	19	でも、いい出来だな。	だろ、今回も自信作さ。	野田	
Lb08eb181c4	1	19	ジャジメント	デパートから頼まれて、	フグ怪人の着ぐるみを作ったよ。	
L0b11c75264	1	19	まったく普通の草野球チームだ。	ウチの連敗ストップには	ちょうどいい相手だな。	
Leba45d7822	1	19	ムシャ	くんは小学校のころから	野球をやっていたそうなので	
L8801bd356a	1	19	結婚前の女性としては、	あんまりそういうことは	しない方がいいわ。	
L0dc56e97d0	1	19	あら、よくご存知ですね。	それは、ひき肉を加えて	水分を飛ばしますから、	
Le44372848c	1	19	それは、ひき肉を加えて	水分を飛ばしますから、	ひと手間多いんですよ。	
L0e9417a57f	1	19	大村	さんにも伝えてきたし、	チラシのデザインもOKもらったよ。	
Lea0ab0c1af	1	19	うん。	さてと、みんなの演技を	本におこしておかないと。	
Lef50f74c40	1	19	そういや公演日時って	いつになったんだっけ？	ああ、	
L72683be8d2	1	19	君、こんな所でなにしてるんだ？	もうこんな時間だから、	お母さんも心配してるよ。	
Lcf7dee71cd	1	19	・・・じゃあ、ここで消えた	ということでやんすか？	ははは、まさか。	
L895665bd31	1	19	ははは、まさか。	さあ、家まで送ろ・・・	（ガツン！）	
L347a89dfcf	1	19	ハンバーグの横についていた事も	あったような気がする。	・・・それは付け合せ。	
L65eeb5635b	1	19	逆に	さんの食べたことのない	パスタを食べてもらうんだもの。	
L7a53dc30dc	1	19	。	さんは謙遜してるのよ。	なんだ、そうだったでやんすか！	
Lf7bae922ab	1	19	さて、どうしようかな？	野球の練習でも・・・・	さぁ～ん！	
L2078304145	1	19	・・・？	もう、どこ見てるのよ！	ふざけないでよ。	
Lac456ff219	1	19	だから、オレがあいつが小さいときから	ずっと母親代わりだよ。	そうなんですか。	
L72c6c61560	1	19	・・・でも、いつかはお嫁に	行っちゃうんですよね。	そんなことは、許さん！	
L748d73d100	1	19	行っちゃうんですよね。	そんなことは、許さん！	ちょ、ちょっと、お父さん？	
L6d36dcbdc9	1	19	・・・ん？	ああ、コロッケの君だ。	なによそれ？	
Lfc8d6c75c8	1	19	なんかこうやって寝転んで	天井をながめてたらさ、	いろいろ考えちゃうよね。	
Lde61a322f0	1	19	夢がかなわなくなったとき	それで終わりじゃない。	すぐに次の夢が見えてくるものさ。	
L5081a0be39	1	19	ワシが祖父の代から金物屋をやっている	って聞いてないのかね？	・・・いえ、初耳です。	
La7b2ae970e	1	19	これ以上にめでたいことが	ありますかっ～てぇの！	ああ、なるほどな。	
L460a88a236	1	19	ああ、なるほどな。	じゃあ、俺も楽しむか。	よっ、待ってました大統領！	
L24ac6ea912	1	19	母ちゃんの顔を見たとたん	ほえだしたんでやんす！	ワンー！！	
L4794923caf	1	19	おそらく。	ほえていたのも、危険を	知らせたかったんでしょうね。	
Lddbfa2f35b	1	19	か、かっこいいでやんすーー！	おじちゃんと同じくらい	かっこいいでやんすーー！	
La516a1ff0b	1	19	あれは、男同士の仲直りの儀式	みたいなもんですから。	そういうもんかね？	
L43d01d2fd8	1	19	だだこねてるんだい。	どうせなら大人らしく、	懐の大きなところを見せたらどう？	
L4c3fea7be4	1	19	も、もう、大丈夫ですから。	・・・かなり熱がある。	寝ていた方がいい。	
L7062fb63ec	1	19	あたしのせいで、評判を落とす	わけにはいかないのよ。	ええ、わかります。	
Lfe02f5aec2	1	19	お父さんみたいにはなりたくない	って言われちゃったよ。	いったい、何があったんです？	
Lc4121f9708	1	19	まあ、それでも息子さんに	見てもらっていることは	わかったわけですし・・・	
L41c652c562	1	19	あちこちに。	・・・はい、修正完了。	あ、そうだ。	
L2258492f0d	1	19	笑いながら意識を失ったのって	あれが最初だったかな。	最初ってことは、それからも？	
Labf9734b1e	1	19	師匠	であり、先輩達なんだ。	産みの親より育ての親。	
L76f6c7f164	1	19	相手にわかりやすく話せと	言われているでやんす。	そ、そうか。	
L55e79fd781	1	19	だが、お前は	いつからか金で雇われて	なんでもするようになった。	
L24d33b8c56	1	19	落ちてるものなんだな。	傘にペンダントに・・・	探してるのはブローチでやんす！	
Lc28234e14d	1	19	ああ、それなら３つほど	見つけたんだけど・・・	あ！	
L3dc6f017ae	1	19	。	あら、それどうしたの？	公園で見つけたんだよ。	
L1239c544e6	1	19	へええ。	もうあきらめてたのに。	高いものじゃないけど・・・	
La31f427b89	1	19	ジャジメント	は、なにか目的があって	ブギウギ商店街	
Lf5552c3113	1	19	ムシャ	、ありがとうでやんす。	れ	
L4eedeceefe	1	19	ムシャ	の秘密を探ろうと・・・	あれ？	
L93570827ea	1	19	河原	になにかあるのかな？）	おお、	
L4665dcbe3e	1	19	さち	とかいう女性であるが、	たわむれにネットでの	
Laae353e779	1	19	って元気なじいさんの組織に	いたことがあるのカニ。	これはマジものの所だったカニよ。	
Lcad8774769	1	19	頭が２つに割れて、バルカン砲が	飛び出して来たのカニ。	あとから警官隊がやって来て、	
Ld02b6f5ec2	1	19	サイボーグだったらしいカニ。	おまけに翌日の新聞には	単なる爆発事件になってたカニ。	
Lc22a77e1e8	1	19	むしろそっちの方がじいさんには	こたえたみたいカニね。	世の中に置いていかれた～って	
L6916c98855	1	19	世の中に置いていかれた～って	すっかりヘコんじゃって	見てられなかったカニよ。	
L73acc76f41	1	19	ここでなら、住む所も働く所も	そろってるじゃないか。	そりゃまあ、そうですけど。	
L04813c4321	1	19	そんなの勝手に決めたら・・・	さんが迷惑じゃ・・・・	わかりました。	
L47663e2538	1	19	家族連れで応援しに行ったのに	とんだ恥さらしですわ。	・・・なんだか、ネットでも	
L012a5f06a6	1	19	家族サービスだよ。	学校の休みの日ぐらい、	親子でのんびりしたいんだろうね。	
La0e3295fda	1	19	ねえ、風来坊さん。	ちゃんと食事とってる？	お腹がすいたからって、	
Lb1ae5c4225	1	19	ちゃんと食事とってる？	お腹がすいたからって、	変なものは食べちゃだめだよ。	
L17a7e0e9ed	1	19	このお店で、そういう会話は	やめてくれないかしら？	こんにちは！	
L7adabd80f0	1	19	しかし・・・	お前さん、いつ来るか、	わからない奴だよなぁ～	
L93dda8030c	1	19	お前さん、いつ来るか、	わからない奴だよなぁ～	そうだ、お前の携帯電話に	
L692e0d6000	1	19	他のサイボーグと違って、	あたしは失敗作だから。	う別の手段を考えよう。	
Lb30a615ad5	1	19	あたしは失敗作だから。	う別の手段を考えよう。	飛行機に乗らなきゃいいじゃないか。	
Ldc7a7dd111	1	19	モグラーズ	というのはわからんが、	どうやら野球帽のようだ。	
L2a81c96263	1	19	・・・結論を誘導したのか。	しかし、それでも今度は	なかなかもうからないと不満が出る。	
L81301edd24	1	19	練習メニューは次回までに	組んでくるとして・・・	！	
L7f13104349	1	19	。	を補佐してやってくれ。	じゃ、今日は	
L5a45e472a0	1	19	急に色づいてきたカニよ。	よーし、がんばるカニ！	（	
Lff5a090284	1	19	うじうじ悩んだ末に、	人生の一発逆転を狙って	カニ怪人に志願したらしいカニ。	
L5b49b4a5ce	1	19	いや、だってカニとしての	記憶も残ってるカニよ。	えっ、なんだって？	
L2b69f7e0c0	1	19	ま、気が向いたら人間とカニに	分離してもらうカニよ。	そんなことが	
Lc44a6533ad	1	19	・・・・・・・・・。	ねえ、なんか都合のいい	明るい未来はないもんカニ～？	
L1c5faed537	1	19	店の前には２０００円ポッキリって	書いてあったから・・・	ああいうのは、サービス料金とかで	
L28a5309d12	1	19	・・・え？	そりゃ、命の恩人だから	貸せって言えば貸すけど・・・	
L0048f786c6	1	19	冗談だよ。冗談！	あの時の金は、いいよ。	いやあ、ビックリしたなぁ～。	
Lead600dbe4	1	19	ま、学生時代からのあこがれの人だな。	でもよ、そういうのって	あこがれで終わっちゃうんだよな。	
Ld0c914f34b	1	19	ちっとも	うれしくなんかないよ。	なんだかおかしいですよ、	
L0790a33d5b	1	19	なんだからな。	この試合以降、あなたが	ビクトリーズ	
L470182d847	1	19	の野郎と	貧乏臭い草野球チームに	引導を渡す日にしちゃ、上出来だ。	
L250d55192b	1	19	（こんな奴を一瞬でも頼りにした	自分を恥じよう・・・）	（	
Lfb50b026b4	1	19	のりお	の球を打てば豪華賞品！	これは、ボールをパネルに当てるのか。	
L62d49911fc	1	19	今日はあいつはバイトだよ。	だから今日は自主練習。	・・・そうなのか。	
L345b5f06ba	1	19	おいおい、落とすなよ。	その薬をぶちまけたら、	このスーパーが虫まみれになるぜ？	
L91e2414a77	1	19	あとは・・・	さん、そろそろ母ちゃん	帰ってくるでやんす！	
L952c8d5a6e	1	19	パニックになっちゃったんだろう。	犬の鳴き声で借金取りに	気づかれるかもしれないからね。	
L83e979a03e	1	19	見てみて、リンゴ飴よ！	あ！たこ焼きもあるわ。	ああ、とうもろこしもあるわ！	
L747b362d2d	1	19	結婚は	まだ無理だと思うけど、	もっと自分に自信がついたら	
L8525c92aa6	1	19	おじさんも、この河原に	住んでるんでやんすか？	お兄さん！	
L11873509d8	1	19	どうして俺の方を見るんだ？	さんも、このおじさんを	見習ってバイトでもしたら？	
L451186a973	1	19	ドレッシングかけただけだよ。	いや・・・でも、昨晩は	赤魚の煮つけがあったじゃないか！	
L0c07223f25	1	19	・・・見た目はともかく。	ううう、精進します～。	だから、見捨てないでね？	
L3941c84445	1	19	ご飯がないから	そろそろ閉めましょう。	えっ、もう閉めるの？	
L047e6250e4	1	19	でも、みんながそうやりだすと	商店街の売上げが減って	大変なことにならないか？	
L67408dd2ef	1	19	商店街の連中を怒らせるより	機嫌をとった方が・・・	フン、あいつらは最初っから	
L9854e84517	1	19	するとキミがここに通したのか。	こんな変な男は知らん！	オレのことは	
Ld336806509	1	19	）と呼びな。	の野郎がいるからには、	あんたらの計算通りに	
Lfeba1f6b1d	1	19	仕事手伝ってくれている、	せめてものお礼に・・・	そうだそうだ。食っていけ！	
L83a370cd25	1	19	そうですか・・・	では、お言葉に甘えて。	そうだ。	
L2a79998a94	1	19	そう。よかった！	今度はもっと美味しいの	用意しておくからね。	
Le252a9676a	1	19	はははは！	ありがたいですねぇ～。	減らず口はいいから早く配達頼むわ！	
L2f7f59d709	1	19	いいのよ、気にしないで。	お世話になってるのは、	むしろ私達の方なんだから。	
L7aa020d207	1	19	う、うーん？	でも、それならどうして	自分で売りに行かなかったんだい？	
Leca031f492	1	19	また捨ててあるマンガを見つけたら	教えてあげるでやんす。	オイラ達、持ちつ持たれつでやんすね！	
L7a03491ee3	1	19	草野球は全然悪くないんだなぁ～。	野球人口が増えることは	いいことなんだなぁ～。	
Lae63b1e560	1	19	野球人口が増えることは	いいことなんだなぁ～。	じゃあ、何が言いたいんだ。	
L75826e91ec	1	19	む～～～～～ん。	僕たちは、昔、甲子園で	優勝したことがあるんだなぁ～。	
Ldd56e24c3b	1	19	この間のおわびに「キムチ」を	持ってきたんだなぁ～。	え、キムチ？	
L59373d538d	1	19	だって、拾ったお金を自分のものに	しようとしてたでしょ？	いや、そんなことはしないよ。	
Ladb7ec8dfc	1	19	あれ？	今の、もしかして・・・	いや、なんでもない！	
L04c9284ccd	1	19	気をつけてな。	・・・コロッケか・・・	（ムシャムシャ・・・）	
L25184bac71	1	19	？	いったい何の事だろう）	２ストライクまでは、からぶりしても	
Lee316b8142	1	19	だから、いるべきところを探して、	ずっと旅をしています。	・・・・・・・・・・・・・・・。	
Lb34f6996cd	1	19	ええ、商店街の会長さんの紹介ですよ。	・・・おや、そういえば	並木	
Lb5ade4b696	1	19	ちゃんは	この本全部読んだのか？	ははは、そんなの難しくて	
L8e99b65e00	1	19	しょうがないから、その本棚捨てたの。	そしたらさ、この部屋が	すっごく明るくなって・・・	
Lbad875e07a	1	19	全然役に立たないっすよ・・・	欲しい物ならなんだって	お店で買えば手に入るんだから。	
L54b2b92ff6	1	19	イモとか大根とかトマト・・・	ああ、なつかしいなぁ。	その寺での生活のほうが	
Lb3ae261653	1	19	プログラムも	このために組んだんだ。	じゃあ、これって君の発明なのか！	
Lf4c8325645	1	19	君には	ときどき驚かされるな。	とりあえずやってみるよ。	
Ldfe9ab3283	1	19	あう。	ごめん、たしかに今日は	まともに練習できそうにないや。	
L2f58169f20	1	19	ははは、なるほど。	たしかに社会勉強だな。	おー、	
L725d70c010	1	19	・・・・・・・・・。	子供の頃からこうやって	過酷な現実に直面させるのが	
L470c9fd09a	1	19	ちょっと変わってるけど普通の人間。	ちょっとさびしいけど、	それでも、なんだかうれしいなぁ。	
L5c99533131	1	19	ええっ、マジで？	ということは、いきなり	普通を超えてしまったわけ？	
Ldbdad2e46e	1	19	。	あなた、他にも母さんに	黙ってることがあるんじゃないの？	
Lc5f6da5a74	1	19	カンタ	に言われて、いろいろと	私のためにやってくれたみたいですね。	
L5f730d9bc0	1	19	ヨロイ武者の幽霊が出るんだってさ。	・・・お前のことだろ？	・・・ああ。	
L559f276237	1	19	ムシャ	は、ここで処刑された。	ずいぶん昔の話だ。	
L2d284aa997	1	19	我が見えて欲しいと望む者には見える。	そして思念を記憶として	植え付けることも出来る。	
Lf6c11b0211	1	19	まあ、いいか。	あらためてよろしくな、	ムシャ	
L20a2c58779	1	19	の役目も	これで終わりのようだ。	そうか。	
Leaac01fb32	1	19	ムシャ	が助けたいと思った人を	助けることが償いになる。	
L9eadda184d	1	19	ああ、こっちも楽しかったぞ！	・・・・・・行ったか。	あいつと会ったのも運命のいたずらか。	
Lce63d0df38	1	19	あんたの父と母より』	・・・・・・なにこれ？	僕の両親だよ。	
L0330110853	1	19	俺こそ主役の自覚が足りなかった。	けど、だいぶ作品として	固まってきたよね。	
L4887aa7179	1	19	なるほど、そういうことか。	でも、家族が見に来たら	かえって緊張しないのかな？	
L8e1d88033f	1	19	金属バット	のキャラに合わないよ。	若木	
Lfd3faa5e10	1	19	ちよ	がそこまで言うのなら。	うん、よろしくね。	
L0596d473fa	1	19	ちょうど良かった。	主役の件だけどさ・・・	オレがやることになった。	
Laeba3c1d80	1	19	そう、これこそが僕の宝物！	小学校のころから貯めた	耳アカ	
Lf497d36dc1	1	19	官藤	だけじゃなくて、みんな	変わった芸名付けてるな。	
L2a63911730	1	19	えっ？！	ああ、いや、よく見ると	かわいくて	
L8c3b85ca04	1	19	魔法？	がわたしにかけた魔法。	そのせいで、わたしは	
Lfb5e009f00	1	19	ダメなときは、あきらめる。	俺たちは必要なかった、	というだけのことだ。	
Lbc02bd7ce5	1	19	あと、私と同意見の連中も集めた。	今日の試合はその連中も	あんたらと一緒に戦ってくれるよ。	
L118bcb6563	1	19	・・・それ応援じゃなくて、	単なる野次馬でやんす。	（あははははは！）	
Lb4715a3620	1	19	これで、人数はそろったな。	よーし、試合にそなえて	今から練習だ！	
L46082c5e4c	1	19	グループ作って小さなお芝居をするの。	しかも全部アドリブで。	最初の人がお芝居を始める。	
Lab940bd06e	1	19	今日は	このへんで終わりだけど	また練習に来てよね。	
Lfb31a983d9	1	19	それでいいのか？	真面目に言うとね・・・	特に、あなたにだけには	
Le0fd567a7f	1	19	真面目に言うとね・・・	特に、あなたにだけには	見られたくない。	
L21f31ae9d2	1	19	おや・・・？	あのケーキはなんです？	ああ、あの虫の好物みたいなんだ。	
L7feb8ff52c	1	19	ああ、あの虫の好物みたいなんだ。	何度か退治を試みた時に	利用したんだが・・・	
L7e6227b370	1	19	貴子	さんのお父さんですか。	どうも初めまして。	
L7dabf691e1	1	19	いや、プロ野球の元選手として	尊敬はしてるけど・・・	ところで、今日はどうしたんだ？	
L5ebe2b380a	1	19	横の出入り口から入っていった	人たちがいるでやんす！	ああ、遊園地の関係者か	
L2b77d7fa51	1	19	はあ？	頭、大丈夫でやんすか。	カンタ	
Lf09fc39393	1	19	（	たいどうやったんだ？）	こ	
L8c02c55a80	1	19	すぐに開発するでやんす！	いまあ、やってみるか。	・・・	
L43d57f8ce5	1	19	フフン、大丈夫だ。	もう作戦は考えてある。	え？	
L396b56f429	1	19	そもそも、野球のことだって	あんたがご主人なくして	さみしいから	
Lfe43ff7723	1	19	商店街の会議、大変なことに	なってるみたいですね。	ふ～ん？	
La76ada518a	1	19	ゴルトマン	様からメッセージです。	「名店街のテナント料は無料でいい」	
L453816c85a	1	19	・・・・・・・・・。	気持ちはうれしいけど、	これでお別れだ。	
L66469e43b8	1	19	そうそう。	ヘタレどもにガツーンと	気合を入れてやったわけよ！	
L3b51b5566d	1	19	・・・・・・・・・。	そういえば、みなさんは	いつまでこの町で野球を？	
Lba31233f2b	1	19	さんには誤解されましたけど	いつまででも、この町に	いらしていいんですよ。	
Lb0ba74abb8	1	19	さん、全部自分で	しょいこんじゃダメよ。	ふ	
L3af909ee98	1	19	むふーーーーーーーーーーーーーつ！	これでもないだっちゃ！	むふーーーーーーーーーーーーーっ！	
L181b386b9f	1	19	だってモデルになるとか歌手とか、	そんなの無理じゃない？	そうかな。	
L8f816f15ad	1	19	・・・だって・・・あたしの夢は・・・	さんが、うちで働いて、	お父さんがいて・・・・	
L099fe47476	1	19	さんが、うちで働いて、	お父さんがいて・・・・	そして、おいしいご飯を作って・・・	
Lb1f3b8257b	1	19	（ギュギュギュギュ！）	（ガサガサガサガサ！）	この音は！	
L0a1810ff5f	1	19	・・・それに、あたしも助かるなぁ。	１人で店番やってると、	ろくに休憩もできないからね。	
Lb2a784e93b	1	19	あ、	さんも、他にもっといい	アルバイトがあったら、そっちへ	
L66193520e1	1	19	は	そう提案してきたんだ。	駅の前に大型のビル店舗を作るから	
L2cb5112149	1	19	そこに引っ越さないか、ってね。	建築は向こうでやって、	我々は	
L616bb124d2	1	19	へっ、ちょうどいいや。	商店街復活の景気付けに	完全勝利をあげてやるぜ！	
L54bc4bc2fb	1	19	おう、このくらいで勘弁してやるよ。	元プロのプライド・・・	つぶしちまったら悪いからな。	
Ldb91fe2244	1	19	やっぱ	は素質があるのかもね。	そ、そうかな。	
L219062ed7d	1	19	ちよ	が甘やかしてるからって	図に乗ってんじゃねぇよ！	
L08c5943a15	1	19	あいつは	誰にでも素質があるって	言うんだよ！	
L5cdc5d13e2	1	19	見た目はひょろひょろしてるくせに	あんな練習してるせいか	あいつら、妙に力が強いんだな。	
L878019daef	1	19	もう、この子ったら。	さん、困ってるでしょ！	ちぇ、残念でやんす。	
Lb6d51c061d	1	19	じゃあ、オイラが生きてる間は	会えないんでやんすね。	・・・・・・・・・・・・。	
L73e0fa9b3c	1	19	きれいでしょ。	あたしも、大好きだよ。	あ、あたしは	
L628c9daeb2	1	19	？	・・・昨日は、どうも。	ああ、	
L28cf7c12dd	1	19	試合にも勝ってこられたが、	もう助っ人は必要ない。	これからは俺たちだけでやる。	
L9338b13272	1	19	じゃあ、キャプテンとして	その意見は聞けないな。	お前をキャプテンだなんて認めないぞ！	
La53f55c884	1	19	演出	は監督みたいなものね。	それから	
L6351c5a631	1	19	言ってくれるんだからな。	そりゃあ協力しないと。	・・・あれ？	
Ld707a44826	1	19	早めに教えてね。	じゃあ、がんばってよ。	よろしくお願いします。	
L40cb8121ab	1	19	やだ、あたしったら	とんだ早とちりを・・・	どうもすみません。	
L0eb605fbec	1	19	ちゃんとお留守番してたのに。	ブツブツブツブツ・・・	じゃあ、オイラと	
L8182cad942	1	19	人間あきらめが肝心だよ。	だから、限られた人生を	大事にしたいんだよね。	
Leef02f3b57	1	19	まあ、できるけど。	その視覚化操作のために	あたしの処理能力が落ちるし、	
Lccb86a45a1	1	19	大神グループ	の会社が入ってるんだ。	この位置なら看板用のコンセントも	
L8b361ab109	1	19	大神	の研究所にある遺伝子を	適当に組み合わせてあるらしいよ。	
Lebb34746d8	1	19	ビクトリーズ	の試合、見に来てくれ。	うん、いいけど。	
L42fb7bd2b0	1	19	テ	・・・野球のボールか。	ああ、ありがとう！	
Le00ab01dc4	1	19	ちよ	にも怒られっぱなしだ。	まあ、	
L5660a7aafe	1	19	だ。	・・・おーい、メガネ！	ん？	
L9b1bfa32cc	1	19	あんたは人に対する口の利き方を	知らないんでやんすか？	何言ってるんだ。	
L2e1e22c7cd	1	19	では、失礼。	い・・・まったく・・・	あ、	
Led7293ff9a	1	19	ね。	うんうん、知ってるぞ。	・・・・・・	
L8bbe23b637	1	19	・・・まあ、アンタの反応が	一番まともでやんすね。	湯田	
L256ddab607	1	19	え？	じゃあ、君は誰なんだ。	凡田	
La5cb2081d4	1	19	お礼に、なんでも願い事を	かなえてやるでやんす！	じゃあ、野球を教えてくれないか？	
Lb6f0537136	1	19	入り口と落盤の部分を埋めただけで。	だから、ところどころに	こういう空洞ができてしまう。	
L4feb82b408	1	19	ジャジメント	に流していたんですね。	それにダチョウを逃がしたのも。	
Ld7a5df0253	1	19	違う！	あの子のせいじゃない。	あたしは楽をしたかっただけなの！	
L9d8d07811a	1	19	武美	や商店街のみなさんに、	助けてもらわなきゃ、一日だって	
Le03d9fa4c2	1	19	ちよ	が受け取らないんだよ。	「そのお金は、ちゃんと公演をする時	
Le09eb4731d	1	19	ちよ	の彼氏だったんだよな。	だからみんな、	
Le3de81d196	1	19	無理、無理。	照明吊る環境もないし、	音響設備もないし。	
Lf0535fc6e2	1	19	そうだな。	足踏みしてるまんまじゃ	何も解決されないよな。	
La0af837d94	1	19	おじちゃんから、カブトムシみたいな	においがするでやんす！	ええっ？	
L53c025f0e6	1	19	あ、川に飛び込んだ！	・・・川で洗う気かな？	きっと魚も迷惑でやんす。	
L8a3d085802	1	19	椿	ってやつが、この場所を	掘れって教えてくれたんだ。	
L8c20b31e18	1	19	あっさり行っちゃいましたな。	・・・風来坊だからな。	あたしが最初から言ってたとおりだろ？	
L037e1f8f05	1	19	この町から消えるよ。	まあ、去年の分の給料は	ボーナス込みでキッチリもらったしな。	
Lb77f778e5a	1	19	さんを探し出すでやんす！	そして、勝負でやんす。	そうか！	
Ldd46698034	1	19	でも商店街のみんなには秘密だよ。	い不自然さを追求する。	（・・・居候だしな。）	
Lbd96bb9181	1	19	全部のマシンで使ってるんだよ。	どうせ使うのは一人だし	お金がもったいないでしょ？	
L2f4d6b1984	1	19	カード・・・	つまり、相手のカードに	マークが	
Lcef2cda1be	1	19	カード	っていったい何の話だ？	実際にカードを使うわけじゃないから	
Lb920e8961c	1	19	というのは	カードの強さのことで、	カードの下に出ている緑のメーターだ。	
L185430c818	1	19	なあ、お互いスマートに行こうぜ。	オレはお前が邪魔だし、	お前もオレが邪魔だろう。	
L631b4acb1c	1	19	試合があるじゃねえか。	お互いに、助っ人らしく	自分のチームの勝敗で決めるんだよ。	
Lde98dc2174	1	19	あ、	さんも来たでやんすね！	へえ、結構楽しそうだな。	
L4f7c2a2363	1	19	気を良くし、商店街を野球テーマで	立て直そうと考えた。）	いやあ、野球テーマにイベントを	
L1faf55baf0	1	19	ビクトリーズ	で商店街をアピールだ！	お、おいおい・・・	
Lebb831bf35	1	19	これから先、連戦連勝で頼む。	商店街からも、チームを	全力でバックアップするからな！	
L483ca7b1fa	1	19	・・・・・・・・・。	なんだか、会長さんだけ	妙に盛り上がってましたな。	
L185b98652f	1	19	気持ちは	わからないでもないが、	まったく余計なことを・・・	
L644619f528	1	19	よく気のつく、カワイイ子だった。	・・・だが、海水浴場で	その子が沖合いに流された！	
L892def5d26	1	19	の段階で	そんなに緊張してたら、	明日の本番初日はどうなるんだよ。	
La94538179a	1	19	ちよ	と付き合ってるんだろ。	もう、みんな知ってるよ。	
Le8174bc503	1	19	ちよ	ちゃん、見ててくれよ。	明日は完成した演技を見せるぞ。	
Lc7168fd3ee	1	19	さんに	頼まれたんだけど・・・	商店街に郊外からのお客さんを	
Lea7594b6c8	1	19	ああ、それなら・・・	これをやったらどうだ？	「	
L605908c010	1	19	わたしがやる。	できる自信があるんだ。	だからまかしてよ。	
L0355560312	1	19	よし、これで決まりだな。	じゃあプラン立てるぞ。	（おお！）	
Laa0c9f8d79	1	19	会長の話を	もってきただけだから。	・・・・・・くそ。	
L931d09c434	1	19	でも、君はここにいるじゃないか？	何をバカなことを・・・	違うのよ！	
Lf54d5e26e5	1	19	いや、ちょっと待った。	こんなものがここにある	ということは・・・	
L43b3fc1493	1	19	のことだけど。	さんのことでやんすか？	あんまり会いに行っちゃだめよ。	
L4408086e08	1	19	どうしてでやんす？	オイラの友達でやんす！	あの人、普通の人じゃないでしょ。	
Laa43d4c8d1	1	19	変な目で見られても、	オイラは平気でやんす。	いいかげんにしなさい、	
L37a502737d	1	19	オイラは平気でやんす。	いいかげんにしなさい、	カンタ	
L94b8030099	1	19	だいたい、スーパーは悪って	わけじゃないでしょう。	便利だと思う人も多いはずよ。	
L35af78259c	1	19	君は俺みたいには	ならないと思いますよ。	当然です！	
La79d0a9a45	1	19	あまりあてにはしない方が	いいということですな。	やれやれ、	
L66890f7b80	1	19	あー、いや・・・	「努力せん」というのは	「努力する」って意味なんだ。	
L2e90ffe2ea	1	19	おっ！！	（えっ、いきなり？！）	あっ、ごめんなさい。	
Lf5c6199ab7	1	19	今までありがとうね。	・・・・楽しかったわ。	おい、行くんじゃない！	
La5f7ddc2ed	1	19	ごめんなさいでやんすー！！	ぎヒいあれ、フグ太郎？	なに倒れてるんだ。	
L7bc56ac7ca	1	19	こんな暑い日に着ぐるみの中に	ずっと入っていたから、	熱中症になりかかってるんだ。	
Lc911ece330	1	19	だから、日陰にいろって言ったのに。	あ～あ、困るんだよな。	フグフェスタ	
L48fcf4c52c	1	19	別の入ってくれる人探さないと。	・・・あ、そこのキミ。	これはここまでのアルバイト代だから。	
L61e52e2629	1	19	いや・・・	これだけ騒ぎになったら	もう「秘密」基地じゃないだろ。	
L65e7e83fe5	1	19	次はカニの季節でやんすね。	今から楽しみでやんす！	・・・・・・・・・。	
Ldb722a6a4e	1	19	・・・いくら話しあっても	無理なものは無理だよ、	ちよ	
L514ed74964	1	19	・・・大丈夫だって。	役者が二人、いや三人も	出られなくなったんだ。	
L2d04d7ffcb	1	19	くん、本気で言ってるの？	この人たちに代役なんか	務まるわけないじゃないか。	
L6563f44fd4	1	19	カンタ	くんなら違和感もないし	ピッタリだわ。	
Lebc9c40190	1	19	無理じゃないわ。	演技しなくていいなら、	なんとかなるかも！	
L806bf28d1c	1	19	ありがとう。	これでなんとか出来る！	じゃあ、さっそく練習しないと。	
L2253ee4d03	1	19	絶対におもしろく出来る自信がある！	だから、わたしを信じて	一緒に公演を	
L00ba49f14b	1	19	段取り覚えてもらうからね。	そのあとシーン練習して	通しゲイコするよ。	
L0c438a44e8	1	19	いいオーラが出ているでやんす。	早速中に入るでやんす！	いらっしゃい・・・	
L35c69d3f3e	1	19	電臣サボーン	も、全種あるでやんす！	チープな箱絵がたまらないでやんす～！	
L44039c9aaa	1	19	あああ！	子供の頃に買えなかった	変身アンドロイド	
L84530a5c7b	1	19	な、なんと！	ヒーローの着せ替えまで	揃ってるでやんす！	
L55c8629b60	1	19	プロ野球の一流選手だったオイラには、	これくらいの金は・・・	この棚の分、全部で１５万円。	
La6d9b9e035	1	19	じゃあ、予約でやんす！	どうか、オイラのために	キープしてくれでやんす！	
Laa74d3d489	1	19	凡田	一生のお願いでやんす！	お、おい、	
Lde9d965055	1	19	昔のおもちゃが手に入ったんだろ？	場所はわかったんだし、	また来ればいいじゃないか。	
Lb7e6ba8ca6	1	19	はい。	ところが、この聖書では	その中の「汝、盗みを働くべからず」	
L041c683c02	1	19	遠前支店	の営業成績が悪すぎる。	これでお前を処分しなかったら、	
Lb191602e4f	1	19	・・・ふーん。	ま、金さえもらえるなら	別にオレは	
Lc2ce2edd7d	1	19	あの子ったら、このあたりの	ゴミの回収日を調べて、	巡回してるんですよ。	
L06df104f00	1	19	母さんが預からせていただきます。	・・・よろしいですね。	わかったでやんす。	
Lb3da01dd8e	1	19	緊張感足りないよ。	も、出番は最後の方だけ	かもしれないけど、	
L9b40709f08	1	19	うそ。	商店街の人達が一生懸命	宣伝してくれたんでやんす。	
L5b5d44c957	1	19	今日は初日ってことで、みんな	テンション高かったけど	そのおかげかもね。	
L5d32b3cb6f	1	19	ちよ	、最高の芝居だったな。	官藤	
Lc5bf1a7f03	1	19	そう、ダチョウがテーマなんだ。	やっぱり、人を呼ぶには	インパクトが必要だからね。	
L76f54ab0d6	1	19	ダチョウがダメだったんだから・・・	この際、ゾウかキリンで	どうかな？	
L0d2fb33860	1	19	まさか？	その星の方向を向いて！	今向いてるけど・・・	
La684f81ed5	1	19	うわっ！？	あ・・・あれ、あたし？	とりあえず逃げよう！	
L230a63b408	1	19	（どこだ？	どこに逃げやがった！）	・・・・・・・・・。	
L96a83201c1	1	19	全然迷惑じゃないもん。	あんたが勝手に解釈して	言ってるだけでしょ。	
Lece8cf8bbb	1	19	古田	くんを馬鹿にしておいて	同じことするの？	
L6573cb8baf	1	19	こんなナリじゃ無理に決まってるだろ。	そうだ、あいつ使えよ。	えっ、俺？	
L289029a63d	1	19	どうして	そんな体になったんだ？	うーんとね・・・	
La62f738a3b	1	19	うん、合成音で通話もできるんだ。	無線にも割り込めるし、	けっこう便利だよ。	
L94094f8369	1	19	今日も一緒にがんばろう。	・・・俺は脇役だけど。	あはは、お芝居は全員の力を	
L2954a5615c	1	19	それとね、	昨日の反省を生かして、	今日はもっといい公演にするんだ。	
L253a36bbb4	1	19	まだまだ良くなるんだから！	あああ、ここから先は、	入っちゃダメであります！	
Ld1f1a983c3	1	19	また、お芝居できるじゃないか！	だから元気出さないと！	うっうっ。	
Lc971107395	1	19	俺たちは夢を見てきたんだよ。	役者として成功したい、	みんなに見て欲しい、なんてさ。	
L9f4a746b46	1	19	・・・夢なんて、捨てちまえよ。	そしたら楽になれるぜ。	・・・	
Le48282f0d5	1	19	逃げるなバカ！	あんたなんか、最初から	なんにも勝負してないじゃない！	
L60f1ee02cb	1	19	（キュキュ、ギーギーギー）	（カリカリカリ・・・）	なるほど、これが	
L09f1a11258	1	19	やっぱり	この女は始末しないと！	言っておくが、オレはやらんぞ。	
L8101b27d8c	1	19	思えば、私の人生は会社に忠誠を誓い	ずっとしばられてきた。	だが、その会社が私を裏切った。	
L51b8f4ad03	1	19	それなら、他人に迷惑をかけずに	もっと他のことをすれば	いいじゃないですか。	
La3ba551446	1	19	だから私は、これまでの人生の退職金を	もらうことにしたんだ。	自分自身の過去に復讐するんだよ！	
La8decab085	1	19	ちゃんの部屋は	きれいに片付いてるな。	そうかな。	
Lbd33064670	1	19	ええっ？！	それは体によくないぞ。	大丈夫	
Ldffd69fe9c	1	19	大丈夫。	こういう質素な生活って	昔から慣れてるから。	
Lcb05dc6be3	1	19	せまかったけど、	お湯が使えるというのは	いいかもしれないな。	
Ldae1818b72	1	19	だったら決まり！	はこの部屋に住むこと。	・・・・・・・・・・・・。	
Lae1687c45c	1	19	だって	は河川敷に住んでるって	聞いたよ。	
L2eb70908bb	1	19	でも、それがどうして	野球に結びつくんです？	この商店街の野球チーム、	
Lf8b35a0fcc	1	19	オイラにも、なにか手伝える	ことがあるでやんすか？	そうだな・・・・・・	
Lfa5401280d	1	19	ああ、そうなんだ。	こちらの方なんだがね。	どうも、	
L1e35d1a39d	1	19	それは、また急な話だな。	でも、がんばらないと。	うん。	
Lae773b27d3	1	19	ちよ	と付き合ってるんだろ！	だったら、	
L15fef4e66b	1	19	ちよ	ちゃん帰ってこないな。	助けに行くべきだったか。	
Lffdd035d21	1	19	ちゃん、	こんなやつの言うことに	耳をかしちゃダメだ！	
Lbba8eb90a9	1	19	心強い味方がいてくれるから、	がんばる自信あるんだ。	ねっ？	
L65992d5f16	1	19	あんな小劇場で一生を終えるような、	しがない女優は嫌なの。	はっきり言うけど、今のわたしには	
Lf0bb527c79	1	19	ジュン	のメインデバッグですよ	きどっちがいい	
L8441fa1eb3	1	19	見てればいいよ～。	きっと楽しいからさ～。	そうさせてもらおうかな。	
Lfeae0ea305	1	19	ピエロ	と守備練習をしました）	まあ、	
L1877c0b36c	1	19	維織	さんが決めた自分の道を	聞かせてもらうよ。	
L36fb41cd97	1	19	どうぞ、そのまま本に目を通して	もらっていて結構です。	うん。	
L90fef2ab1c	1	19	さん！	５０人前は・・・・・・	わかりました	
L1ee4adaab7	1	19	さんの心配を	しなくていいから楽だ。	まあ、でも頑張ってたし。	
Le9dfeac0ba	1	19	准	はメイドというよりも、	准	
Ld6d59b11ff	1	19	いや、別にそんな事は一言も	言ってない・・・・・。	ご主人様はどれがお好みなのですか	
Lf551d06da1	1	19	・・・・・・・	あの変な草が原因かな？	まあ、いいか。	
L4451255dce	1	19	だろう。	でも、その時が来ても、	維織	
L0d8f4bd5c1	1	19	何も告げず出て行く事はきっとない。	だから、安心してくれ。	嫌だと言ったら無理やり手を引いて。	
Lbcbf4bd630	1	19	はあ？	なんで俺が・・・・・。	なに？	
L7a1a91579d	1	19	君。	じゃあ、そういう事で。	わかりました。	
Lab0f8a26cc	1	19	よし！	こっそりと近づいてから	声をかけるか！	
Ld0e5045856	1	19	やっぱり草は生で食べたらダメなんだね。	さんなら、大丈夫かなと	思ったけど無理かあ。	
L04a761005a	1	19	あ？十軒？	しかも以上ってなんだ？	臨機応変に対応します。	
Ld8040755a1	1	19	えっ？	あ、うん。ちょっとね。	お前もたまにわからない時があるよな。	
L68c61ec66b	1	19	持ってたら両手が塞がる。	だから足の上に乗った。	いや、だからって、	
L0efac6ecf7	1	19	維織	さんって見かけによらず	買い物好きなのかな？	
L6544dee6a7	1	19	・・・・	って誰か座っているな。	・・・・・・・・・。	
L28009e293e	1	19	今日は帰ろう。	きっと疲れているんだ。	・・・・・・・・・。	
L1265f6940b	1	19	俺はこの街をいつかは出て行く。	その時に君が望むなら。	・・・・・・	
L7ce00baacb	1	19	いや、用があるわけじゃないんだけど、	もしかして機嫌が悪い？	・・・・・・・	
L90f0811d3d	1	19	維織	さん、初めて見たもん。	普段から無口だけど。	
Lf6419624f2	1	19	さん。	ただでさえ口数が少ない	維織	
L2693a080e7	1	19	俺は男だ！	ここでそうだと言うのが	男らしいという事じゃないかな！	
L62f063db74	1	19	後に	さんの素性調査をして、	検討	
L24765ae986	1	19	さんの傍に	いる事になるんだよな）	そんな事をしたって無駄だぞ。	
La2ceffe1d0	1	19	。	ほ、本気で・・・・・。	やっぱり、そんな人間じゃない。	
Lc161057cec	1	19	維織	さん頭が良いからね～。	すぐに	
L6b0e8e105c	1	19	知らないわよ！	さんが原因なんだから、	自分で何とかしたらいいじゃない！	
L5d4cd5fa65	1	19	言ってるだろ！	だいたいな！店員なのに	准	
L2683699ace	1	19	とりあえず、うるさいので黙って	もらえますか？ご主人様	むしろ丁寧な言葉がキツイ！	
L1cc4ca8102	1	19	さん・・・・・・・。	い俺が決める事じゃない	今日は	
L5dcff39b06	1	19	維織	さんピアノ弾けたんだ。	うん・・・・・・・・。	
Lca6493abf6	1	19	その店員は人に対して投げる為にあげたん	じゃないと思うけどな。	それ食べて、シャキシャキ歩く！	
L43013ccbaf	1	19	そうなんだ。	でも、なんかあったの？	意味はわかるんだけど、	
L970b3553fd	1	19	維織	さんが選んだって事は、	きっと分かりやすいだろうと思うから。	
Le264b8fe08	1	19	維織	さん。いい天気だから、	外に出てみない？	
L66dc4e86a9	1	19	いい加減にしないと、	そのままに外に運ぶよ。	いいの？	
L9da7b588f6	1	19	さんに恥ずかしいって感情は、	もしかして無いのかも）	・・・・・・・・・・。	
L3b078a05cc	1	19	さんの事、	信じてたのに・・・・。	ちょ、ちょっと待てよ	
L84c6c61e6b	1	19	さんは、	たまに子供なんだから。	そんなにムキになって言わないでも。	
Lf206856e69	1	19	クック！	さんじゃないですか～。	それは何をしているんだ？	
Lf25947e70f	1	19	・・・・・	って、今日もいるよ！！	・・・・・・・・。	
Led42588edb	1	19	それを置いて、こっち戻ってきたんだよ。	普段から無口とはいえ、	機嫌が悪い	
L2027a8a54d	1	19	私も	さんと、これまで以上に	仲良くなりたいな	
L5a4a3ac102	1	19	さんと仲良くなりたい	って短冊に書いたんだ。	う、	
L81bf6dc669	1	19	まあ、だけど・・・・その願いは叶えて	あげてもいいよ織姫さん	君。	
L97e8f99ccb	1	19	やめよかなって思う時もあるよ。	さんは私がそんな状態に	なっている姿を見たら助けてくれる？	
Lf04b9defcb	1	19	俺がキャッチしなかったら、どう	するつもりだったんだ？	やっぱり男前は言う事も違うね。	
L4653aa66d4	1	19	そりゃ、どんな物でも	食べれるようになるよ）	ハアハアハアハア。	
L77510a3ca4	1	19	まあ、この街にはたぶん私ぐらいしか	いないんじゃないかな。	それなのに用事とは、どういう事だ？	
L3da7dd9b74	1	19	維織	さんの甘えっぷりなら、	どこにでも	
L9301823132	1	19	そんな事はどうでもいい。	これを見てくれたまえ。	これ？またパソコンか？	
L06a4ba8fbb	1	19	もちろんだ。	これはまだ未完成だが、	近日中にはできあがると思う。	
L8d1155d9c5	1	19	だから今日は私を妹	だと思って可愛がってね	い、いや、突然そんな事を言われても。	
L5cf809db6e	1	19	そんなわけないだろう。	れっきとした人間だよ。	そうは思えないんだが。	
L7dd3a935bd	1	19	わかった。	それでは、また会おう！	えっ？ちょ、ちょっと！	
Lae144f9117	1	19	アイツ～？	アイツってだ・・・・・	お～い！	
L8e650ac525	1	19	別にどこにも住んでなかったよ。	この街に来たみたいに、	いろいろな場所を渡り歩いていた。	
L8da697f953	1	19	それは否定しない。	だから年上の俺が年下の	維織	
L6e383e2c50	1	19	維織	さんの読んでいる本が、	さっきと違うのは気のせいか？	
L1d276232d0	1	19	そ、	そんなわけ無いでしょ！	作りすぎたのよ！	
L37c68f518c	1	19	めんどくさがりやなのか、	行動的なのか微妙だな。	最低限、生きてるのがめんどくさいと	
L1ca7393c0e	1	19	（これ大きさに比べて軽いな。	なにが入ってるんだ？）	なあ	
Lf68096e7dc	1	19	。	これ何が入ってるんだ？	それ？	
L326fe8744d	1	19	どうやら	さんは縛って吊るされる	のが好きみたいだね。	
L8e477ad2dc	1	19	作った物は誰かに見せたりするのか？	そのメイド服みたいに。	そうだね～。	
L6c52005a00	1	19	だからなあ～。	し、心配だ・・・・・）	さあ、	
La6d0dd4af0	1	19	維織	さん、いつからそこに？	・・・・・・・	
Led876766aa	1	19	私にそんな力は無い。	勢い良く飛び立っても、	自分の羽を傷つけて地に落ちていく。	
Lcb4c3f1d2b	1	19	准	が謀反を起こしよった！	男として、そろそろ	
L6075fef66a	1	19	維織	さん。そろそろ帰るよ。	・・・・・・・	
L6ab13020bd	1	19	貴方の胃袋に挑戦。	胃袋リミットブレイク！	殺す気か！	
L5f5935d6f3	1	19	維織	さんが来たら・・・・・	あっ！	
L046a4726c3	1	19	今日は先に帰る。	ごめん・・・・・・・。	ちょ、ちょっと	
Lf4cfd06714	1	19	そうするか・・・・というか、	そうするしかないよな。	大丈夫だって、	
L24529e8bb4	1	19	そろそろ仕事に戻らないと	忙しい時間に・・・・。	この間、何をしてたの？	
Lda47ba0026	1	19	そういう事なんで、私は仕事に戻ります。	それじゃあ、また店で。	・・・・・・・・。	
L17acd6f09b	1	19	しょせん機械だろ？	信じれない・・・・・・	貴様、僕のプログラムが	
Lc3beccfb3f	1	19	維織	さん。何をしているの？	・・・・・・・荷物をまとめてる。	
Lfc2800c21b	1	19	ああ。	でも買い物は行くだろ？	うん・・・・・・・。	
L01033bd320	1	19	さん！	さんも言ってやってよ！	何をだよ？	
Led8ed97ab1	1	19	まあ、そんな事は置いといて。	せっかく私が作ったのに	着てくれないんだよ。	
L587efc26bb	1	19	何だか凄く嬉しい事を言ってくれた気が	するんだが・・・・・。	やっぱり食べ過ぎはよくないよな。	
L63aee6d46b	1	19	これですか？	は、はあ・・・・・・。	君。	
L5c55505996	1	19	准	目当てで来てる客なんて	いっぱいいるだろ？	
L847eaeac64	1	19	准	とお前の恋愛ゲームか。	恋愛シミュレーションゲームだ。	
L701e5d9037	1	19	電視	。いい加減に気付けよ。	現実での恋愛はゲームのように	
Lca2b3d4ba6	1	19	今まで私の周りに居た人間は、	私の顔色をうかがって、	嘘の表情作る人間ばかりだった。	
L32e64ed156	1	19	でも、やっぱり何か渡すよ。	高価な物じゃないけれど	・・・・・・	
L8104412915	1	19	気なんねや。	それははじけ過ぎだろ！	それになぜに関西弁！	
Lee0e72a8ce	1	19	だって私、経営学部だもん。	し、しっかりし過ぎだ。	お前の後ろに光が見えるよ。	
L7ec7872503	1	19	うう～ん。	大勢の人を笑わせたい、	喜ばせたいと思えなくなってしまった	
L98cba3bba3	1	19	ピエロ	としてダメなんだよ～。	だから、ボ～クは・・・・・。	
Ldfda769aa8	1	19	だって大勢の人に笑われて、	大勢の人に喜ばれるのが	ピエロ	
L4e2c492169	1	19	君は優しいから。	それが重みになっても、	きっとそう言って前に歩いていく。	
L10ad8e4d89	1	19	電視炎斬	って名前もなにーーー！	（	
L9732ec09ca	1	19	がこの世界の神になる為に	パワーアップしました）	腹減ったなあ。	
Lebc512c024	1	19	じゃあ、ごゆっくりさっさとお帰り	くださいませ。ご主人様	また、さりげに帰れって言いやがった！	
Le042abe88b	1	19	示さないな。	でも、何か口にした方が	いいと思うんだけど。	
L06f21aeb42	1	19	維織	さん本人はどうするの？	どうするも何も、	
Lfc66c43611	1	19	自分を隠したりなんてしないよ。	さんを悲しませるような	我がままなんて言わないよ。	
Lc00e9f67ba	1	19	維織	さんが居なくなった事で	疲れている心にこれ以上、	
Lf9acde541e	1	19	知り合いにはなっておこうと思ってね～。	知り合いになってから、	ボ～クの妙技で彼女をメロメロに	
Lf8786199a5	1	19	ただもっと相手の事を知らないと、	私は用心してそれ以上、	近づけなくなっちゃうの。	
Lbf7de5a409	1	19	維織	さんを信じて、手料理を	待っていたのに、それを食べない理由が	
L5aed9704a5	1	19	さんなら数カ月後に本当に作って	しまいそうで怖いなあ。	しかも昔の宮廷料理とか	
L8daa58808d	1	19	しまいそうで怖いなあ。	しかも昔の宮廷料理とか	維織	
L9bab0c18d3	1	19	彼女のデーターを入力するには、	ここが一番良いのだよ！	何を行ってるんだお前は？	
L83bc5c02f6	1	19	気にするな。	そういう年頃なんだろ。	それよりも	
L89029ceedc	1	19	頑張れよ。	俺はメンドクサイから、	何もする気が起こらん。	
Ld2d7c2e904	1	19	さっき合わせるって言った（ポソッ）。	それでも男（ポソッ）？	う・・・・・。	
L56242cd48e	1	19	１０月の末だったかな。	たぶん前に聞いた時は、	その日を言ってたような気がするけど。	
Lc32f21e544	1	19	それはわかってる。	さすがに借りたお金で、	維織	
L6515158c90	1	19	維織	さんって有名なんだよ。	知ってた？インターネットで調べれば	
Lff3cace7c7	1	19	さんは自分の意志で帰ったの？	それとも帰らされたの？	・・・・・・・。	
L461b49bfb3	1	19	維織	さんに感じていた疑問を	押し殺して来た。	
Lac8414aac0	1	19	だから、どうなるかわからない	私に残された時間の間、	私を愛して。	
La693cfb4e2	1	19	さんとこうも約束したから、	それを忘れないでくれ。	君が望むなら、	
L436776bdf9	1	19	さん、アンティークが好きだからね。	なんかピンポイントで、	維織	
L6c5be1402f	1	19	さんの為に作られたって言ってもおかしく	ないような感じがする）	お待たせしました～！お嬢様	
L2531be88d9	1	19	いらっしゃいませ。ご主人様	こちらの席にどうぞ～。	あれ？	
Lcb45f5a963	1	19	なんでズボンについたのに、お前は顔を	拭こうとしているんだ？	この店は全年齢向けですから、これ以上の	
L255a738a59	1	19	もう～！	さんがドジっ娘がいいっ	て言ったんじゃない。	
L36eb09fb86	1	19	あの外に書いてあった、店長新作コーヒー	ってまだ無料なのかな？	はい！まだ大丈夫ですよ！	
La8e19f02f6	1	19	じ～～～～	（見てる！見てるよ！！	さすがにもう５時間以上も水だけで座っているからな。	
L5a00a1b6b2	1	19	く、食い逃げはダメだよな。	じゃあ、素直に謝るか。	そ、それが一番だな。	
Ld531487761	1	19	「	グローバルシステム」。	つまり	
L55bba3c93e	1	19	お嬢様は	その会社の社長令嬢だ。	なっ！！	
L05e3e36a61	1	19	冷静な判断力と分析力・・・・・・	何かの感情が欠落したと	錯覚する程のあの冷静さは上に立つ為には	
L06d1263353	1	19	維織	さんは弱音を弱音として	口にしないんだから。	
Lea95706e87	1	19	晴継	様には、そう伝えてくれ	（ピッ）	
L68bb7d4d58	1	19	いいよ。	私は、飽きるほど聞いた	し・・・	
L79dfb35b94	1	19	うん。	どこか行きたいところは	あるの？	
L6de3ff8bff	1	19	あるの？	まずは、そうだな・・・	さ	
L1d2d69fe78	1	19	ははは・・・	これ、すごく重いんだけ	ど・・・	
L80ef08ac2e	1	19	（返しに来たのに	またもらってしまった）	か	
Lb3c0be58f5	1	19	ど・・・	別に、食事するわけでも	ないし	
L91cae5984c	1	19	うーん・・・	もう、お腹いっぱいだ。	動けない・・・	
Lf5d5c1036a	1	19	さすがに多かったかな。	さんが、食べると思って	たくさん作りすぎたよ。	
L3082f51266	1	19	さんが、食べると思って	たくさん作りすぎたよ。	く、苦しいけど	
L97313f867d	1	19	ほら。	さんは、帰った帰った。	これを、食べるといいですぞ。	
Led8e4f0b6f	1	19	・・・おや？	それは、なんですかな？	え？	
L22c7d32b8c	1	19	晴継	様は、例のディスクさえ	返却していただけるのでしたら、	
L80b3c207b3	1	19	さんも	忙しいでしょうし・・・	大丈夫ですぞ。	
Le565204622	1	19	どうでしたかな？	お嬢様のすばらしさが、	少しは、判っていただけましたかな？	
L51c5b40f54	1	19	おや、ずいぶん時間が	経ってしまいましたな。	続きは、またの機会ですな。	
Lc5d8e744ad	1	19	続きは、またの機会ですな。	（もう結構です・・・）	（	
L05be01974f	1	19	店長	に、ばれなきゃ大丈夫。	ほら、投げてくれよ。	
Ldf7831a386	1	19	うん。	あ、別に気にしてない。	うん、ごめん。	
L9e2aba2b94	1	19	君は、お嬢様の事が	知りたいのですかな！？	え？	
L41fe83b8d9	1	19	まずは、お嬢様の家で働き始めた頃から	話さねばなりませんな。	暗号じゃないなら	
Lc8fc1610d1	1	19	お茶の時間には、私がお菓子を作る事に	決まったのわけですな。	・・・	
L1172e5acc2	1	19	君。	聞いているのですかな？	あ、はい！	
Lf7b84d0e75	1	19	うんうん。	やっぱり、映画といえば	アクション映画だよな。	
L1dad307c4a	1	19	いや・・・	そういうオーラが・・・	何だよ、それ。	
L6c5d035535	1	19	（だって、なんだか	恥ずかしいじゃないか）	あお	
L03e3c3428e	1	19	ははは、まあいいじゃないか。	ちょっと暇だったから、	見に来ただけだよ。	
L977973a9dc	1	19	ど・・・	さんって、何してる人？	えーと・・・	
La780c9105d	1	19	さんみたいな	格好で帰って来る事ある	し・・・	
L4553efbb9a	1	19	へぇー。	でも、立派な書斎だね。	お父さんは、何してるの？	
L3587c2b7ac	1	19	へぇ。	確かに、それっぽい本が	たくさん並んでるなぁ。	
Lcd498308d5	1	19	確かに、それっぽい本が	たくさん並んでるなぁ。	だから入るなってば！	
L5cf16b4f73	1	19	だから入るなってば！	もう、ご飯作らないぞ！	ごめん・・・それは、困る。	
L472d0a6978	1	19	夏菜	と楽しく過ごしました）	ご飯美味しかったよ。	
L98be9a3759	1	19	霧生	って呼ばれるよりもさ、	あるだろ？	
L22ae308ac5	1	19	なんだろう？	親会社の代表みたいな人	とか言ってたけ	
Lfd3c825df6	1	19	ふぅ・・・	お湯につかったのなんて	久しぶりだよ。	
L9481e14986	1	19	あはは、そっか。	じゃあ、なんか作るか。	私も、お腹すいたしな。	
Ld100fff28e	1	19	ありがとう。	お風呂だけじゃなくて、	晩御飯ま	
L5602e958b2	1	19	いいって、いいって。	うん、あの格好で店の前	うろつかれるより	
Laae1832325	1	19	うん。	あとは、これをどうする	か・・・	
Lae4d529af6	1	19	昨日まで	何にもなかったんだし、	まだお昼だぞ？	
L960e18f096	1	19	夏菜	は、帰ってこなかった）	こ	
Ldabd1cf699	1	19	アイテムが爆発したぞ。	・・・まあ、いいか。	ナ	
L6f1758db8f	1	19	後半	をお楽しみください。	ちょっと、ここの整理を手伝ってよ。	
Lde687ae0cc	1	19	（・・・ごめんなさい、	今まだ授業中なの。）	（・・・あ、こっちこそごめん。	
L68bef346f4	1	19	せっかくここまで来たけれど、	なんだかまずいことに	巻き込まれないかな。	
La49df2c362	1	19	はぁ～あ。	あと一歩だったのに。	またチャンスはあるさ。	
Lc1ad9a5ea1	1	19	あ、魚が落ちているぞ。	あーあ、砂まみれだ。	もったいないからな。	
Lf47e6f2e4e	1	19	次は	抜きでも勝てるさ。）	あいつら、なにを話してるんだ？	
L38a3efbe59	1	19	このセーブファイルには	やり直しできる回数が	もう残っておりません。	
L6a5f53fa12	1	19	不びんだな。	・・・持って帰るか。	ス	
Le27060bd5d	1	19	警戒されちゃったから、	もうあそこの会社から	大神	
L0ac9e3f1e2	1	19	む～～～～ん。	誰かいるのかなぁ～。	（バサッ！）	
Led6c885b6c	1	19	おい、いつまで油を売ってるんだ！	とっとと配達に行け！	はいはい、お父さん。	
L81fae62a9f	1	19	おっ、ちょっと古いパンが残ってた！	・・・でも、なんだか	ところどころ	
L622190fe76	1	19	君。	本当に強いものには、	そういうこけおどしは	
L23ef09efd8	1	19	本当に強いものには、	そういうこけおどしは	必要ないんだよ。	
Lb93482e5ff	1	19	ワン！	（バシャ！バシャ！）	ほー・・・	
L71511e7bb1	1	19	じゃないか。	ま、俺の釣りの腕には	まだまだかなわないだろうけどな。	
L960d3feb4d	1	19	そんなことはどうでもいいんだよ！	そんなことより・・・	ああ、	
Ld2cd55a773	1	19	うん？	ああ・・・そうだよ。	さてと、そろそろお店開けるか。	
L0ac0d7ca14	1	19	まさかぁ。	キャッチボールなんて	子供のころ以来だよ。	
L88b36f54d1	1	19	・・・うう、なんだか裏切られた	ような気分でやんす。	・・・・・・・・・。	
L2fdf70c219	1	19	オイラ、子供だからよくわかんない	でやんすけど、続きは	製品版	
Lfc19a1c5ea	1	19	まあ、こういうの得意だからね。	先着順のチケットなら	バッチリ押さえるよ。	
L200d541d99	1	19	悪いが、コンサートとかには	あまり興味がないな。	あははっ、そうだろうね。	
L03b97c7c12	1	19	んーと、データを解析してみないと	わかんないけど・・・	よかったじゃないか。	
Lc99ec56861	1	19	よーし、いよいよ	あいつらと決着だな。	なあ、本当に	
L1c73e9d6d2	1	19	わたしは見てのとおりバイト中。	そっちは何してるの？	俺はブラブラしてるだけだよ。	
Le37b0c0ff5	1	19	やっぱり出来るやつだと	思ってたんだよ、僕。	（無口で怪しい外見なのに、	
L9038b8d78e	1	19	・・・・・そうムシャ。	家を間違えたムシャ。	なんだ、そうだったのか。	
L8845ced1e5	1	19	そういう	いいかげんな事じゃ。	もっとしっかりしないと。	
Lef3d8ec973	1	19	ブギウギ商店街	とは全然ちがうけど。	いや、	
Lc222c44f4b	1	19	普通の服	はこれだけだからな。	こ	
L26418c2522	1	19	。	聞いたことないカニ？	うーん・・・	
L73ef2e52bd	1	19	悪の組織って、どんなことを	するんでありますか？	ああー、そりゃあもう。	
L9e6defb21b	1	19	ああー、そりゃあもう。	人のいやがることなら	なんでもするカニよ。	
L04f7e9e2a5	1	19	人のいやがることなら	なんでもするカニよ。	それはひどいですね。	
Lf4681d3f7b	1	19	カニ男	君、相当のワルだった	ということでありますか？	
L684b5ef9ca	1	19	ドボン！）	（ああああああー！）	い	
Lfe9435a06c	1	19	さんなら、絶対にやってくれると	信じていたでやんす。	みなさん、ご苦労様です。	
L64960cf97d	1	19	！	・・・久しぶりだな。	はい？	
L570e1ed8a7	1	19	権田	さん、ちょっと変よ。	そ、そうかな。	
Leaf2f28046	1	19	カンタ	のヒーローですもの。	我が家で歓迎しますよ。	
L067975af6f	1	19	息子もそうなってくれるものとばかり	思っていたのに・・・	息子さんは	
Ldb6edd0b30	1	19	それなら、時間はたっぷりある	ということでしょう？	・・・・・・・・・・・・	
Ld04afde2bb	1	19	それに、あたしを連れて行くと、	道に迷うこともないし	天気予報もバッチリだよ。	
L6cc0892986	1	19	お疲れ様でやんす！	さん、がんばったね。	ありがとう。	
L879a6921d5	1	19	奈津姫	の４年前になくなった	ご主人は野球が大好きでさ、	
Le030125048	1	19	なあに、またチームが強くなれば	そのうち、昔みたいに	応援に来てくれるようになるさ。	
L95c386540f	1	19	やっている所も	ちゃんとあるカニよ。	でも、もうダメかもしれないカニね。	
L37ea2ef8aa	1	19	・・・お前には、	この水泳で鍛えられた	たくましい腕が見えないのか？	
L9562ed9bae	1	19	あああ・・・	北極支店だぁ～！！！	（あの男は試合に負けた程度で	
Ld07538f677	1	19	自分の守備範囲、ということが	判ってきたのである。	いや、チームの仲間を信頼する、	
L37ecf06bab	1	19	言われて即座に修正は、出来ぬ。	・・・・・・しかし、	一考には価する意見であるな。	
L8b5d307985	1	19	あの・・・	今度、わたし達の劇団	アタッテ砕けろ	
L0d94704847	1	19	ちよ	ちゃん、バイトかい？	うん！	
L2a5f12562a	1	19	俺たちは助っ人だ。	いずれこの町を去る。	だから、安心したよ。	
L47bb24e5ef	1	19	いずれこの町を去る。	だから、安心したよ。	キャプテンはお前がやれ、	
L189565f974	1	19	キャプテンはアンタだよ。	オレたちは、これから	アンタの言うことに従う。	
Lf2d8c210af	1	19	なんだか妙にウチの事情に詳しくて	びっくりしましたよ。	あ、当然断りましたけどね。	
Lda03bcb8bf	1	19	ろくに管理されてねえんだ。	その代わり、広いのに	料金がものすごく安い。	
L63ef930958	1	19	えーと、それから・・・	フランケンシュタイン	。	
L1d3e53dd28	1	19	ありがとう。	でも、クリスマスまで	待っても良かったんじゃないのか？	
L65927f63ae	1	19	振興会の人がいるかどうか	見に来ただけだから。	今日は帰るよ。	
L1598c21889	1	19	ワン公	を公園で見たって人が	いたでやんす！	
L276dad5ec5	1	19	あ！	あそこで他の犬たちと	遊んでるでやんす！	
L3cf51c3d93	1	19	あれは・・・・・	いじめられてるんだ。	た、大変でやんす！	
Lea5add2c0e	1	19	どうしたんでやんす！	早く助けるでやんす！	・・・ああ、わかった。	
Ld28eb58f2b	1	19	・・・・・・そうにらむなよ。	お前の考えてることは	だいたいわかるさ。	
Lb808097248	1	19	さんにご飯食べてもらわなくちゃ	いけないのに・・・・	・・・。	
L5731cc1db4	1	19	あれ？	気が付かないのかな。	まあ、いいわ。	
L916f6311ec	1	19	こいつ作るのに時間も金もいっぱい	かかったんだぞ・・・	ちなみにこれってなんて名前なんだ？	
L2b186278ea	1	19	・・・そうか。	それがいいだろうな。	けど！	
L87e7f07f83	1	19	なに言ってんの？	これ君が入るんだよ。	君の役ってアルプス星人だろ？	
L5e2a22c414	1	19	お前も他の連中に遠慮する	わけにいかなくなる。	・・・しかし、おかげでチームは	
L6fc6460ef4	1	19	・・・しかし、おかげでチームは	分裂の危機でしたが。	・・・なかよしこよしじゃ、	
L22a6b811c2	1	19	とにかく息子は店を継いでくれる気が	ちゃんとあるんだよ。	これで親父やじいさんも喜んでくれる。	
La11f99d660	1	19	その通りだよ。	ワシはがんばるぞー！	聞いてくれ、	
L377ce6296e	1	19	俺は野球を本格的に	がんばることにした！	えっ？	
Leef6085663	1	19	・・・・・・・・・。	ええと、なんだって？	この美しい肉体を見ろー！	
L0465a54609	1	19	・・・・・あ！	今、学校の帰りかい？	うん。	
L0a44764dbf	1	19	もう！	子供扱いしないでよ！	はははは・・・	
L4e67116ce8	1	19	だから、アタクシは最初から	反対だったんですよ。	・・・・・・・・・。	
L5e22c865b1	1	19	お前はいいかげんなところもあるが、	正義感も実力もある。	お前に足りないのは責任感だ。	
Lb72d38767d	1	19	男	、大役を任されたぜ！	おじちゃん！	
L122eb76576	1	19	だから格好悪くやらせていただきます。	どうか、行かないで。	あら。	
Ldd1c2ba3e0	1	19	（ええと、オイラはここにいて	いいんでやんすかね？	とりあえず、退散でやんす！）	
Lba60319a54	1	19	あのときのおじちゃんは、	冷たかったでやんす。	あの時、つれて帰ってくれば	
L39df06ede7	1	19	そういうことね。	それならご心配なく。	風来坊さんは紳士だし、あたしは	
Lc12f506855	1	19	ハァ・・・	あなたたち２人には、	まったく	
L79789f2e42	1	19	（・・・ごめんなさい、	今、まだ学校なの。）	（・・・あ、そうなのか。）	
La8c179ae90	1	19	つけるものを変えるだけですけどね。	うそれなら楽ですね。	うーーーーん・・・	
L1290c72d29	1	19	オイラだって打てるでやんす。	早く投げるでやんす。	ああ、だめだめ。	
Lc703ba13bd	1	19	チェッ。	じゃあね、おじさん。	またね。	
L507a5508d2	1	19	ムシャ	の子供もあれぐらい。	子供？	
Lfc8b33490b	1	19	殺虫剤をかけるか、壁でつぶして	やっつけましょう。）	（殺虫剤入りケーキは、拾うと	
L6b6470700e	1	19	だめだ、虫を止められない・・・	ああ、虫がこっちに！	めか	
L116b6252d6	1	19	貴子	はとっくに学校だよ！	いやぁ～、	
L8104a31507	1	19	あ、	さん。仕事終わった？	ああ。	
Ld50d4c5635	1	19	。	そういや公演日時って	いつになったんだっけ？	
L1bfd0008c8	1	19	か。	・・・がんばるぞ。）	れ	
Ldfbce8012e	1	19	を見失ったでやんす。	おかしいでやんすね。	カンタ	
Lb653350bb4	1	19	・・・・・・そういえば、	この前の野球の試合で	変なやつらが出てきてたな。	
Lc976a95402	1	19	ええと、いい試合だからお客さんの	反応も上々だし・・・	よし、商店街のアピール成功だ！	
L1ed8a40fde	1	19	椿	、どういうつもりだ。	おじちゃん、おしかったね！	
Lf7115c4ffe	1	19	ビクトリーズ	の完全勝利でやんす。	カンタ	
L3359febc81	1	19	そうなんだ・・・	ブラブラさんなんだ。	それでこの間、お腹空かせてたんだ。	
Lebb43e3793	1	19	頼まれてたんだ。	元気で若い男の人を。	ね、明日この商店街に来てくれない？	
Lc15fe02f6c	1	19	そもそも	どうして金づちなんて	持ち歩いてるんです？	
L72fef17274	1	19	どうして金づちなんて	持ち歩いてるんです？	ワシが祖父の代から金物屋をやっている	
L845def5814	1	19	へこんだだって、すぐ捨ててしまうから	もったいないよねぇ。	・・・ほら、できた。	
L8b92dbe707	1	19	もったいないよねぇ。	・・・ほら、できた。	・・・見事な仕事ですね。	
Lbcc398d639	1	19	オイラもなかよくしたいと	思っていたでやんす！	お母さんを助けてもらったもんな。	
Lbb9da47751	1	19	うわ、大きいでやんす！	こんなのに刺されたら	死んじゃうでやんす！	
L1f755e6e6d	1	19	こんなのに刺されたら	死んじゃうでやんす！	えっ、まさか・・・	
L56fbfce23b	1	19	重要な決定もここで行なうんだよ。	こんな小汚い喫茶店、	普通の人は来ませんものねぇ。	
Lcd9d0252dc	1	19	いつまでも	だだこねてるんだい。	どうせなら大人らしく、	
L01284feb00	1	19	お客さんに出す時の手順は	わかりますから・・・	でも、ご飯ができてないわ。	
L28e1ade019	1	19	「大村金物店」を大きくしようだとか	そんな欲望はないよ？	でも金物やら電動工具に対する	
L0a03d1c187	1	19	・・・お客さんは、たくさん来て	くれてるんだけどね。	値段が安いのと、店が小さいから	
L613e910440	1	19	でも、これまでもなんとか	やってきたんだから、	これからもなんとかするわよ。	
L2a76be7d31	1	19	笑う以外にどうしようもない	ことってあるじゃん？	・・・・・・そうだな。	
L460d640960	1	19	（Ｙボタンで殺虫剤をかけて	巨大ムカデを倒せ！）	（	
L8ca149669f	1	19	それより、今	大事にできる人たちを	今	
L89b0a5a2dc	1	19	産みの親より育ての親。	それがわかったから、	ここでの生活が一段落した時に	
La5a975ffb5	1	19	あれー、変なしゃべり方する	おじちゃんでやんす。	こんなところでなにしてるの？	
Ld41c189315	1	19	わかりやすいしゃべり方を	実践しているうちに、	どうも	
L568aef1a2e	1	19	悪党？	それってオレのこと？	ドライになった、って言ってほしいね。	
L58842810f1	1	19	そうなんでやんす。	母ちゃん、ブローチを	なくしたんでやんす。	
La1960468d3	1	19	母ちゃん、ブローチを	なくしたんでやんす。	しかし、ここを探すのは大変だな。	
L009f9a429b	1	19	あ！	これ、これでやんす。	よかったな。	
L029ba2c128	1	19	どういうわけかスーパーも	タイミングを合わせて	似たようなことをやってくるんだ。	
L3f60449598	1	19	それは効果的かもしれませんが	・・・セコイですね。	よっぽど、	
L991721d620	1	19	あっちのスーパーは車で来る人	向けの立地ですよね？	もし、この商店街がなくなったなら	
Lee2e0656f8	1	19	ブギウギ商店街	と対立しているんじゃ	ないでしょうか。	
Ld743650a3a	1	19	！	そこで何をしている。	カンタ	
Ld5f12cc7ef	1	19	とかいう女性であるが、	たわむれにネットでの	マルチ商法	
L30ce3d21b6	1	19	・・・わかったわよ。	なんだか話聞いてると	結構めんどくさいみたいだし？	
L044793697d	1	19	ジャジメント	との決着をつけよう。	えは	
L7f007a35e0	1	19	おう。	そうしろ、そうしろ。	本当にいいの？	
Ld7edef7f2a	1	19	・・・信じてるでやんす。	信じてるでやんすよ、	さん！	
L9cd7e79a3e	1	19	おじちゃんは、魚を釣ってるから	それで大丈夫なんじゃ	ないんでやんすか？	
Lcc07f1db1e	1	19	渡していた電話があったはずだ。	あれをお前に貸すよ。	え？	
Lf9ce621057	1	19	むむ	さあ、お腹空いたから	ごはんごはん！	
L364c3a36e2	1	19	お礼を言いに来ておるだけムシャ。	・・・義理堅い犬だ。	気にせず、成仏してくれよ。	
L0dd4fdad4e	1	19	わが知略も	さほど役にはたたぬ。	されば、いざ練習に参らん。	
L550ae989f3	1	19	佐和田	という人に代わった。	そして	
Lb3f17290de	1	19	で	野球がんばるカニよ。	ああ、それでこそ怪人さんだ！	
L52f8bba407	1	19	結構ダメな人間だったみたいカニ。	うじうじ悩んだ末に、	人生の一発逆転を狙って	
Lc6de01ad4c	1	19	いそういうものなのかな。	人間としての過去は、	大事なものだと思うぞ。	
L0f1c0ded0f	1	19	どうなってしまうかわからない	ということなのカニ。	う、うーん・・・	
Lcd253c7e35	1	19	あたしにはああいった世界の楽しさは	よくわからないけど、	いつもあの子、生き生きしてるんだ。	
L3faf318aa1	1	19	後片付けをやらされたんですよ。	自分の後始末ぐらい、	自分でやりゃあいいのに。	
L6811f0d6ca	1	19	無人みたいなもんだ！	そら、とっとと行け！	いおい、	
Lba72666d74	1	19	以前の問題	の気がするけどな。）	こう見えても、わたし	
L47cdcd74b1	1	19	の気がするけどな。）	こう見えても、わたし	偉大な野球プレイヤーでーす！	
Ld9d071a7b5	1	19	偉大な野球プレイヤーでーす！	豪腕を見たらあなた、	きっとビックリしまーす！	
Le21c963b77	1	19	・・・・・・・・・驚いた。	これは本当にすごい。	ちょっと言動に不安な点もあるが、	
L699466e54c	1	19	遠前町	の謎の財宝の情報に、	舞い上がる支店長だが・・・）	
L1402cce21b	1	19	ブギウギ商店街	に興味を持っていた。	私が、この土地の調査を命じられたのも	
L250ec6630a	1	19	若いねぇ。	一応言っておくけど、	あんたは団費を払ってないわけだし、	
L97887e91fb	1	19	君が集めていた古地図。	ひょっとして、買主は	ジャジメント	
L8ea0dc6b2b	1	19	そうなの？	仮にそうだとしても、	あたしにはわからないよ。	
L58c40882c7	1	19	・・・ちぇ、もっとロマンチックな	話かと思ってたのに。	がっかりだよ！	
L606984deac	1	19	ああ。	年末のクリスマス後に	試合を申し込んできた。	
L4f28f6e53c	1	19	大勢の目の前で恥をかかせる	つもりなんでしょう。	これに惨敗すれば、	
Le793e966cc	1	19	ゴルトマン	会長様が、例の試合を	見学されることになったぞ。	
L990db37320	1	19	ジャジメント	との件が片付くまでは	チーム内部でゴタゴタして隙を見せたり	
L48ae0a93ea	1	19	・・・まあ、そうだけどよ。	まったく、どこまでも	ムカツク野郎だぜ、お前は	
Lc775a2181d	1	19	カンタ	だってさびしがるぜ。	・・・・・・・・・・・・。	
L69014de019	1	19	当然でやんす。	道具は、昨日のうちに	もう準備してあるでやんす。	
L206e48c900	1	19	さん、そろそろ母ちゃん	帰ってくるでやんす！	あ、そうなのか。	
L70c24409fd	1	19	それはオイラが	やっておくでやんす！	母ちゃんに見つからないように、	
Lcda113f205	1	19	だけど、草野球のためって	わけじゃないんだろ。	目的は、なんなんだ？	
L02bc7f57eb	1	19	が主人を追いかけて	この町にやってきた。	それは夜逃げ決行の日だったんだ。	
L3ceba280e8	1	19	けど商店街の人たちが事情を	知っていたみたいで、	色々と助けてくれてさ。	
L718730be2d	1	19	なんかさ、古本屋で働いたり、	野球やったりしてると	人とつながってるんだなぁって	
Ld17a7cc3d6	1	19	あたしって、ほら、	あまのじゃくだから。	絶対スーパーで買うな、って言われると	
L5374435c2d	1	19	絶対スーパーで買うな、って言われると	反抗したくなるけど、	別に買ってもいいよ、って言われると	
Lff33aec356	1	19	利用しなきゃ、損じゃない？	むしろ、迷惑料として	どんどん利用させてもらわないと。	
L99b6e23eb9	1	19	の野郎がいるからには、	あんたらの計算通りに	コトは	
Lc18e7498de	1	19	用意しておくからね。	だから、また来てね。	ああ、ありがとう。	
Leb1457a3db	1	19	おお！来てくれたかぁ～！	お前のために、仕事を	残しておいてやったからなぁ～	
L1dcc7d68a6	1	19	なんだい、ここは。	そこを見るでやんす。	マンガや雑誌が捨ててあるな。	
Lef788d5c9e	1	19	マンガや雑誌が捨ててあるな。	・・・もったいない。	それを	
L86bf73dbab	1	19	さんのところに	持って行くでやんす。	おじちゃんはお金がもらえて、	
L283f18dbf4	1	19	木川	さんは商品が増えて、	ゴミも減って、みんな幸せでやんす。	
Ld4e03faab8	1	19	でも、母ちゃんに話したら	怒られたんでやんす。	ああ、たしかに	
L29b3587747	1	19	む～～～～～ん。	生意気なんだなぁ～。	・・・生意気？	
Lc33185167f	1	19	最初は	直球が打ちやすいから	直球だけをねらう方針でもいい。	
L4522d09f98	1	19	ずいぶんと楽になるんだが・・・	ちなみに、画面外でも	ちゃんと野手は	
L130e9696c5	1	19	が	練習を見学するので、	みんなはりきって行きましょう！	
L8ea9590ff5	1	19	読んでもらわないと。	将来は甲子園に行って	欲しいですからね。	
L482019ba34	1	19	・・・ああ。	たぶん、その通りだ。	そりゃ、その格好を見たら	
Lf99c34f220	1	19	・・・・・・・・・。	ああ、なにもないな。	シャレになってないな、まったく！	
L11fd24c87f	1	19	なんのことだ。	この世への未練だよ。	もっと野球をしたいとか、	
L09750ea950	1	19	がんばること。	あんたの父と母より』	・・・・・・なにこれ？	
L7a17780372	1	19	全然おもしろくないけど	それでも、聞きたい？	話したくなければ	
L66d5a0f558	1	19	は	に入れ込みすぎだよ。	だって、新しい男だからな。	
L2c25ecac66	1	19	若木	はベテランだからな。	俺もしっかり盛り立てるよ。	
L13119debb4	1	19	い見せてもらう。	じゃあ、見せてくれ。	ふっふっふ。	
L3dc4abb429	1	19	中に白い粉が、いっぱい入ってるけど。	この粉が宝物なのか？	そう、これこそが僕の宝物！	
La709ec8403	1	19	そろそろ帰ってくれないかなぁ。	こっちは忙しいんだ。	いや・・・その。	
L6fe2a06d28	1	19	そうか、主役が俺になったんだな。	じゃ、俺も手伝うよ。	ありがとう。	
L03dd8408cb	1	19	くんね。	も凝った芸名にすれば	よかったのに。	
L5579c09c30	1	19	いや、別にかわいらしくない方が	いいんだけど・・・。	・・・	
Lddafdb0abb	1	19	がわたしにかけた魔法。	そのせいで、わたしは	あなたのことを好きになったの。	
Lf05ca83b61	1	19	おい、どうするんだよ。	試合をするったって、	そもそも人数が足りないぞ。	
L2442149cdb	1	19	俺たちは必要なかった、	というだけのことだ。	・・・兄貴もワケわかんないよ！	
L734ac95bb0	1	19	大丈夫でやんす！	オイラが助っ人として	参加してあげるでやんす！	
L6068d647fe	1	19	ねえねえ、これなんの騒ぎ？	あたしも入っていい？	うわぁ、ついに野次馬まで	
L29a97a5a8b	1	19	うわぁ、ついに野次馬まで	来ちゃったでやんす。	ちなみに、あたしは	
L94d56e0e70	1	19	えっ？！	あ・・・始まってる。	くそ、もうどうとでもなれ！！	
Lee17409dd7	1	19	そうだ！	の演技見てあげるよ。	えっ？	
Lc29bd1f393	1	19	思われたいじゃん。	このタイミングなら、	あんたについて行ったって	
Ld892f82c0d	1	19	こんなときまでカッコをつけるヤツ	だとは思わなかった。	もう勝手にしろ！	
L2ae510f6d1	1	19	殺虫剤を噴射しましょう。	それで全て解決です！	（壁の穴を	
L897af44864	1	19	何度か退治を試みた時に	利用したんだが・・・	たしかに、虫を集めておくのに	
L2b6836993a	1	19	・・・オモチャ屋？	ここに宝があるのか？	ふふふふふっ・・・この店。	
Lb2c19c13e5	1	19	な、なぁ～んでやんすかぁ～！	ここの品揃えはぁ～！	サギでやんす！	
Lbea4301128	1	19	伝わり方が中途半端でやんす！	いいでやんすか・・・	（・・・２時間経過・・・）	
L070bc80365	1	19	・・・・・・・・・・・・・・・	おねえちゃん、だよ？	えー、でも母ちゃんと	
Lad917638cd	1	19	進んでいたのに！	これでダメだったら、	なんか買ってもらうでやんす！	
L3bed7345e0	1	19	でも、プロ野球の選手だって	カッコイイ名前の球を	投げているでやんす。	
L0e1ad6b644	1	19	カッコイイ名前の球を	投げているでやんす。	ああ、あれはオリジナル球種だよ。	
Lc24a60534e	1	19	ううむ、それはそれで・・・	カッコいいでやんす。	た	
Ld44e1f6eba	1	19	から	プレゼントの・・・）	（ブチン！）	
Lfbce5a42dc	1	19	え？	議論の好きな連中には	好きなだけやらせとけ。	
L5ae0fc152e	1	19	いらしていいんですよ。	みなさんのおかげで、	最近の商店街は楽しいですから。	
Ldc39409052	1	19	多いでしょう。	では、ごちそうさま。	はい、お勘定。	
Le5727026c8	1	19	おい、お前。	そんなことをしたら、	他のお客さんに迷惑がかかるだろ！	
La175597736	1	19	お前！	逃げる気でごんすね？	はぁ？	
L8cd3e07b8d	1	19	さん・・・	もう行きましょ・・・	う、うん・・・	
L082a83d650	1	19	・・・俺、兵士じゃないし。	・・・じゃあな・・・	逃げるかぁ～～～！	
L1bf719c31d	1	19	そんな感じで、ずっとこのままだと	いいなぁ～って・・・	なんだ、そんな夢でいいのか？	
L53ca457e42	1	19	総理大臣や野球選手になりたいとか	じゃなくていいのか？	そんなに子供じゃないわよ。	
L224e6047be	1	19	そうね。	かわいそうよね・・・	・・・・・・・・・あれ？	
L87db127ae7	1	19	だけど、これまでタダで	商売できていたのに、	有料になるっていうのは・・・	
Lbaf3be1477	1	19	これまでの	いきさつもありまして	商店街の同意が得られませんでした。	
L01d2b9a689	1	19	！	も、もちろんだとも。	俺の華麗な泳ぎを見ただろう？	
Lf1cff6a0ad	1	19	聞いた事があるような気がするな。）	ういや、知らないな。	くそー、じゃあ俺も	
L6ba6c4ca1d	1	19	な、なるほど・・・	だが、この前の試合で	コアラーズ	
L572dc6e4c1	1	19	コアラーズ	から試合の申し込み？	そうなんだ。	
L2c1b12188e	1	19	バカなこと言うんじゃありません。	あなたのお父さんは、	カンタ	
L1a6282dc63	1	19	なんか釣れてる？	うああ、いい河だな。	あはは、それってあたしのこと？	
L3fecc1ca10	1	19	あ、そ、そうね。	それじゃ失礼します！	じゃあね、旅ガラスさん。	
L2cdd9fd6fb	1	19	おじちゃーん、	遊びに来たでやんす！	カンタ	
L2fa84f007f	1	19	俺たちの実力を見せてやるぜ！	・・・でも、お前らは	９人いないじゃないか。	
Lfba566c919	1	19	あと、	は力がありそうだから	大道具もやってもらおうかと思うんだ。	
Ledb4182a43	1	19	いや、こちらこそ頼むよ。	商店街を敬遠しがちな	君たち若い者が、	
L276e4a1c86	1	19	カンタ	君とお母さんで一緒に	どうかなと思いまして。	
Lf591843090	1	19	いえ、４枚当たったんですよ、４枚。	ちぇ～、いいなぁ～。	あたしの分だけ、ないんだよねぇ～。	
L285980585a	1	19	プログラムを利用していたからね。	ちなみに星がゲートで	流星がデータの流れだよ。	
Ld4e3de207e	1	19	それで培養ポッドに成長ホルモンと	一緒にぶち込んでぇ、	数ケ月で無理やり大人サイズに	
La3de95ec24	1	19	あ、あれ？	・・・捕れない・・・	まあ、ちょっと難しすぎたかな？	
L1a5557d150	1	19	すごい反射神経だ。	ちゃんと練習すれば、	いい選手になるんじゃないか。	
L5b473d1afb	1	19	うおおおおおおおおおおお！	アンタ最高でやんす！	心の友でやんす！	
L31590bb826	1	19	さん？	どうしてここに・・・	この抜け穴、完全には	
La39b80037c	1	19	部分的に入ることができるんです。	・・・・・・どこまで	ご存知？	
Lc29b4e7085	1	19	・・・・・・・・・。	主人を亡くしてから、	女手ひとつで	
Ld3dbf19cd2	1	19	やっていけないのよ。	それなのに、みんなを	ずっと裏切ってたのよ、私！	
L3d3245b496	1	19	風来坊なんかより、普通に生活した方が	ずっと楽なんですよ。	そう・・・	
L5d90039e49	1	19	そう・・・	じゃあ、やっぱり私は	まだ甘えていたんですね。	
L16fa709dbb	1	19	さて、明日はクリスマスですよ。	いやなことは忘れて、	早くこんな所から出ましょう。	
L679f581591	1	19	わっ、ばか！	そんなもの出すなよ。	・・・おまえら何やってんだよ。	
L54871e2b2d	1	19	実は、その公演の脚本演出やってたヤツが本が書けないって逃げちまったんだよ。	で、その公演は延期。	あ、本当だ。	
L74e208495e	1	19	それにしても使ってない部屋が	ずいぶんあるんだな。	まあね。	
Led1da88f97	1	19	俺も、今日で	この町から消えるよ。	まあ、去年の分の給料は	
Lc302941fe0	1	19	一時的に閉めてきた。	お客さんがいない時に	パソコンをモニターしてみたら	
L6150ce3001	1	19	下画面	の左側がお前の手札、	右側が相手の手札だ。	
Lc4c531fc6f	1	19	は	何を言ってるんだ？）	ののとにかくまず当てる事だ。	
L3cb4d195f0	1	19	こちらの出すカードと相手のカードの	範囲が重ならなければ	三振	
L203e6a58d2	1	19	ふふ試合の状況によっては、	盗塁やバントのような	補助カード	
L63bb7251e5	1	19	今日から夏祭りでやんす！	さんも行くでやんす！	カンタ	
L2fd6e63d9b	1	19	いいだろう。	その勝負、乗ったぞ。	（	
L56219430fe	1	19	ビクトリーズ	の活動状況を載せる。	試合のある日を宣伝して、その翌日は	
Lec30f1f40e	1	19	わたしこれから照明さんや音響さんとの	ミーティングあるし。	それから手直しもしないと。	
L5a3415825c	1	19	なんだか、そんな事聞かされると	こっちが照れるなぁ。	ははは、ごめん。	
L3193b1fe36	1	19	違うのよ！	あたし死んでるのよ！	ほら！これ見てよ！	
Lc60d9b08fb	1	19	・・・ちょっと待ってくれ。	何がなんだか・・・・	だから、	
L1eb02392b8	1	19	変な目で見られることになるのよ。	変な目で見られても、	オイラは平気でやんす。	
L051d845127	1	19	ええ、とっても迷惑です。	将来、あの子が河原で	テント生活するようになったら	
L8b4b112e21	1	19	むう、詐欺師とは侮辱なり。	我は善意の者なれば。	金目当てじゃないのは知ってる。	
L34a70e992b	1	19	腹筋運動と背筋運動とか。	それから発声練習ね。	・・・発声練習？	
L71e2e40f90	1	19	明日からまた真面目にやればいい！	・・・ん、どうした？	泣いてるのか、お前？	
Lae02ab06cc	1	19	・・・・すいません・・・・	俺は・・・俺・・・・	なんだ、どうした？	
L864af22b06	1	19	貴子	もよろこんでくれる。	・・・・・・・・・・・。	
Lf09911ca62	1	19	そうか、そうか・・・。	ありがとうな・・・・	貴子	
Le793a7fe36	1	19	・・・お父さん。	俺は・・・俺は・・・	・・・どうだ。	
L0844d3165f	1	19	ははは・・・	わたしお金ないから、	そんなことになったら困るな。	
Lf68f7cc14c	1	19	商店街のイベントのイメージキャラ	になる気はないかね？	もしよければ、カニの季節にでも。	
Lfede7fdeeb	1	19	無駄なお金がかかるだけだ。	・・・大丈夫だって。	役者が二人、いや三人も	
Lf2018f008d	1	19	わたし達ってなんなの。	ただのバカじゃない。	わたしは、いや。	
Lb8c8f922cc	1	19	これからって時に演出がいなくなって、	主役がいなくなって、	で、最後は子供と素人がメインかよ。	
L118493c978	1	19	のプラモでやんす！	こんな古い物がぁ～、	よく残っていたもんでやんす！	
L5c80fc6610	1	19	まったく、どいつもこいつも	私をなんだと・・・・	（	
L065a2f634b	1	19	ゴルトマン	会長がお呼びです。）	はっ、はいぃ！	
L19c18e72e8	1	19	はっ、はいぃ！	ただいま参りまーす！	（・・・・・・。）	
Ldbd691281d	1	19	オオタ	、いいニュースだぞ。	アレが見つかった。	
L74ead183c9	1	19	・・・魔道書？	これは聖書なんだが。	なるほど、聖書ですか！	
L40deb168e7	1	19	そんなもののために、	何百億って金を・・・	わが一族に伝わる	
Le0228cd326	1	19	オイラの取り分は、	どうなるんでやんす！	・・・この本、読んでみるかい？	
Ld409bd0e1d	1	19	今日も	もうかったでやんす。	・・・・・・・・・。	
L483a7c80b8	1	19	カンタ	の教育上の問題です。	あの子ったら、このあたりの	
L13b675621e	1	19	してないよ。	ほら、かせいだお金も	ちゃんと貯金してあるでやんす。	
L0d86084b4f	1	19	ちよ	ちゃんもがんばって。	うん。	
Leef40f3f4b	1	19	ちよ	ちゃん、よかったな。	うん。	
L6e1e0e536b	1	19	車・・・？	そんなヒマはないな。	おい、お前の背中に乗せてもらうぞ！	
L11a9ddcb77	1	19	あああああああ・・・・	ダチョウの脱走事件で	警察に怒られてしまって、	
L5ef1506cb1	1	19	こうなったら、ぎりぎりまで！	かあたりを見まわす。	えっ？！	
Ld2dae57afd	1	19	、大丈夫か？	とりあえず逃げるぞ！	んん	
Lb4163c0fbe	1	19	あ・・・あれ、あたし？	とりあえず逃げよう！	（キキキー！！）	
Lf30f0ffc1f	1	19	・・・どっこいしょっと。	ね７（キキキー！！）	（どこだ？	
Lf4421bd1f3	1	19	うわっ！	何がどうなって・・・	だ、大丈夫？！	
L964e59ab87	1	19	官藤	くんがわたしになって	しゃべってるの。	
L15bc2b0c68	1	19	言ってるだけでしょ。	あんたこそ、なんにも	わかってないんじゃないの！	
Ld86464cae7	1	19	バカ野郎、そんなんじゃねぇよ。	こんなくだらない事で	練習時間潰してるのが	
L5516cc1b3b	1	19	こんなくだらない事で	練習時間潰してるのが	もったいないんだよ！	
L3951aec6ed	1	19	練習時間潰してるのが	もったいないんだよ！	おまえらも、くだらねぇことしてる	
L521bbcbf16	1	19	・・・わかった。	でも、ケガが直ったら	官藤	
L0ef88570b7	1	19	）	は、必ず舞台に戻る！	（バタン！）	
Lbd3cc398cb	1	19	これからどうするつもり？	う・・・特になにも。	どうって・・・	
L8a47c77b2a	1	19	あんなに時間かけて準備した割には	あっさりしたもんだ。	・・・なんか空しいよな。	
Leced089164	1	19	そうね。	今年は、本当に・・・	いろんなことがあったわね。	
Lad51eb1304	1	19	いろんなことがあったわね。	さあ、早く家に帰って	温かいものでも食べましょう。	
La7a560bb4a	1	19	あやしいでやんす・・・	悪者を発見でやんす！	ひ	
L10ec8f0dab	1	19	いなくなるんじゃないかと思ってな。	ずいぶんと探したぜ。	・・・・・・・・・。	
L74a1ce3c04	1	19	なあ、最後までこのままなのかな？	お前はいったい・・・	いいじゃん、	
Lb717ff3d35	1	19	ロマンについて勉強しろ。	だいたいお前は・・・	ああ、ここにいたでやんす！	
Ld7e509aef8	1	19	そっか。	じゃあ、お疲れ様～！	ああ、それは助かる。	
Lc587a88ab4	1	19	ゃ	じゃあ、ご飯作るから	ゆっくりしておいて。	
Lec80f1b52a	1	19	本を買わないって？	でも、この本棚・・・	演技論に演出術、それから脚本集。	
L2e14ba2712	1	19	昔から慣れてるから。	それに、劇団のために	お金が必要だからね。	
L4152b5927a	1	19	その時は、また	に看病してもらうよ。	だから、そういう問題じゃなくて！	
L2700f19a6d	1	19	わたし気にしないよ。	い俺が気にするんだ！	と、とにかく、終わるまで外にいる！	
L78b33681d1	1	19	そんなんじゃ、舞台が心配だな～。	いその勝負、受けた！	ふーん？	
La315206ff7	1	19	外に出ていようか？	それならいいでしょ。	え？	
Lfcdd39d8e1	1	19	だから公演が終わるまでここに住むこと	これは演出の命令よ。	でも、ここは	
Lbbaf4f91cb	1	19	わたしの事が嫌だったら別にいいけど。	いそんなことはない。	・・・そっか。	
L1fd431cfa7	1	19	大変ですね。	でも、それがどうして	野球に結びつくんです？	
L8f80f0075b	1	19	負け続けているってことですか？	まあ、よそから見れば	子供っぽいケンカですよね。	
Leb653a8c46	1	19	権田	さん、よろしく頼む。	よしてくれ、落ち着かないから	
Lc4b04f920d	1	19	！	・・・大変なんだよ！	あ、	
L1bac666c01	1	19	・・・ちっ、帰んなよ。	それにしても、俺って	アドバイスまでしてあげて、	
L7a4330eaf4	1	19	わたしの事なんか嫌いになって。	それでもう忘れて。）	お願いします。	
L92f8bafe0e	1	19	ピエロ	って足も速いのかよ。	くっそ～。	
La31ae11640	1	19	准	。ドア開けてやるよ。	それじゃあ、開けれないだろ。	
Lf62a7549e7	1	19	維織	さん、昼食・・・・・	ごめん	
L41f63f9bc5	1	19	ありがとう。	じゃあ、行ってくる。	ああ。	
L9e534cddb3	1	19	相手に気付かれないように潜って近づき、	針で空気を抜いたり、	水着を隠したり	
L55b32ea412	1	19	あの時は意識がはっきりしなかったし、	そうかもしれないな。	呼び止めてすまなかった。	
Ld7dbcdf15a	1	19	今日はまともだったな。	しかも動いていたし。	・・・・・・・・・・。	
Lac63ce88f1	1	19	！	じゃあ、次は俺だな。	う～ん！	
L1dbeb0ae16	1	19	聞かせてもらうよ。	この聖夜の空の下で。	うん・・・・・・。	
L80082dfb80	1	19	維織	さんでも無理だよな。	・・・・・・	
L981193a30c	1	19	。	今日も機嫌が悪いのか	維織	
L72ad443582	1	19	大丈夫だから。	例えば・・・・・・。	・・・・・・・・・・。	
Ld0e48f5856	1	19	維織	さんが切った野菜で、	おいしいのを作ってあげるよ。	
L5c9cde1de2	1	19	予想通り怪我をしたな。	自分で作ってる方が、	維織	
L5cb613b0a8	1	19	維織	さんは来てないのか？	そうだね、まだ来てないよ。	
L1607d123a3	1	19	ボ～クはそのサーカス団の花形	だったんだからね～。	じゃあ、何で今は野	
Lf3ced16175	1	19	もう戻れないんだよ～。	今のボ～クじゃあ～。	何か理由があるのか？	
Lb92b58aef6	1	19	さんじゃないか～。	もちろん練習だよ～。	何の？	
L5cc655044b	1	19	維織	さんのお金だけどね。	私も餌付けしてみようかな	
Lff4893a70b	1	19	さん？	なんか元気が無いな）	き	
L96f0d2e494	1	19	ピエロ	にはなりたくないな。	でも何かあったら言ってくれ。	
L774204ced0	1	19	ピアノの国際コンクールで何個も金賞を	もらってるじゃない。	それって凄いのか？	
Lb89e2c5790	1	19	維織	さんは音楽会じゃあ、	国際的に有名って事よ。	
L5266a3af38	1	19	維織	さんが自分で考えて、	自分で決める事だ。	
L3dbe9904b1	1	19	維織	さんはしっかり考えて	欲しい。	
L3089ea4dfb	1	19	維織	さんは何かしら決断を	下しているよ。	
L29c3b48e7b	1	19	維織	さん。何をしてるの？	持ってたら両手が塞がる。	
L51e7adf25b	1	19	当り前じゃない。	もちろんお金取るよ。	いくらだ？	
L6169e89841	1	19	まったく、	ちっとも・・・・・。	じゃあ、いらない？	
L8c4b0d7e50	1	19	維織	さんが包丁を持つと、	こんなに不安なのだろう）	
L8b9bade18f	1	19	わかった。	もう終わりにするよ。	暑苦しいから、そうしてくれ。	
L0f07ee3405	1	19	君には関係ない。	だから気にしないで。	気にしないでって言われても・・・・・	
L4bae498708	1	19	わかった。	じゃあ、ありがとう。	維織	
L250a81016a	1	19	・・・・・・	何の事なんだろう？）	さん、知ってますか？	
L72731b02aa	1	19	何の事なんだろう？）	さん、知ってますか？	人類は快適な生活を得る為に長い年月を	
L726cf0925f	1	19	だから、よほど割の良い仕事をしているん	じゃないかと思って。	例えば、み・・・・・	
L05baebc98b	1	19	じゃないかと思って。	例えば、み・・・・・	してない。	
L9edf710a47	1	19	みんなそんな事を言って、体が動かないん	ですよ、おじいちゃん	それに心配しないで、みんな年を取るん	
L236140496f	1	19	維織	さんが決めるといい。	俺と一緒に行くのか、	
Le4576c30e9	1	19	さんが決めるといい。	俺と一緒に行くのか、	それとも俺と離れるのか。	
L059f5f87ef	1	19	維織	さんなら、離れる方を	選んでも逃げる事はしないと思う。	
L99b5e42621	1	19	選んでも逃げる事はしないと思う。	どんな選択をしても、	前に進む方を選ぶと思うから	
La5dff343c9	1	19	そうですか。	じゃあ、また来ます。	それじゃあ。	
L72ce5208b5	1	19	ここで違うと言ったら、それは嘘だ！	そいつは男じゃない！	男として失格だ！	
L96ce579866	1	19	ああ、そうですか。	じゃあ、いつもので。	ありがとうございます。	
Lc726599003	1	19	しかし、叶うとしてもどれぐらい時間	がかかるんだろうな。	さあ？	
L698b82fa1b	1	19	マスター	と何か話してからか。	あの	
L375aca139b	1	19	維織	さんに何かあったの？	別に何にもないけど、なんでだ？	
L02037d6cdd	1	19	「包丁の使い方教えて・・・・・」	とか言ってきたから。	あの	
L033c7125d7	1	19	電話に出て話すのが、めんどう。	だから私は持たない。	それじゃあ、意味がないよ。	
Lc653d2ac01	1	19	維織	さんが居なかったらね	俺はそんな言葉は信じないぞ。	
L5059f60d16	1	19	俺はそんな言葉は信じないぞ。	やっぱり何を企んでる	准	
Le2b5f57b0f	1	19	・・・・	そうなおじいちゃん。	ひ、ひどい。	
L7985b14459	1	19	維織	さんピアノできるの？	うん・・・・・・。	
Le155df4201	1	19	先輩が白い物を黒と言ったら、	それは黒になります！	俺がおかしいみたいじゃないか！	
L4a758331e0	1	19	なんか最後には俺が使いぱしりさせた	みたいになってるし。	お待たせしました！オス	
L384211a809	1	19	さんの好きなようにさせるよ。	それにやる気モードの	維織	
Lff259666ce	1	19	今まで	君は私がすすめた本を	読んでくれたから、	
Ld60206dfcf	1	19	役に立ちそうな物を読もうと思ったん	だけど・・・・・・。	そうなんだ。	
L4091e1c19d	1	19	視線の先は俺！	そして眼差しは疑い！	さんの事、	
Le078a2655b	1	19	維織	さんの友達っていうと	准	
L6b1a0b1488	1	19	これを叫ぶとなんとなく気合が	入りそうでしょう～？	そ、	
L2c4237da7c	1	19	じゃなくなって	しまっただけだよ～。	ピエロ	
Lfe86848d61	1	19	じゃなくなった？	その姿をどう見たら、	ピエロ	
L2ec4847759	1	19	ピエロ	をチームに入れれば、	かなりの戦力になるんじゃないのか？	
L394f7af5dc	1	19	。気にしなくてもいいぞ。	これはただの願いだ。	叶わなくても仕方が無いさ。	
Ld1e9a39ab8	1	19	私もね、	さんと仲良くなりたい	って短冊に書いたんだ。	
L87080981aa	1	19	二人が一緒に同じ事を書いたんだもん、	願いはきっと叶うよね	え、	
L0438dd8961	1	19	好きな物をつけて食べればいい。	そっちも買ってきた。	元はいっしょおぉぉぉぉぉ！	
L9894f125c0	1	19	さんが貴方を気にする理由	がわかる気がしたよ。	維織	
L0bc7e29436	1	19	・・・・・・	ここは聞いておこう）	お父様はなんて・・・・・・？	
L563119d170	1	19	育ってきたんだこの子は・・・・・。	そりゃ、どんな物でも	食べれるようになるよ）	
Lbc381aa8b1	1	19	やってるんだから、少しでも忙しくなった	らバタバタするよな。	ありがとうございました	
L883eddec51	1	19	だから、	さんのお金じゃないん	だってば・・・・。	
L1174a6c46a	1	19	聞いたところで何の役にも立たんからな。	で、虫歯って何だよ？	だから、	
L5cf66a9317	1	19	維織	さんは虫歯になるのが	嫌だから甘い物は食べないのよ。	
L7be646bb9d	1	19	維織	さんは友達がいない。	知ってるよ。	
L413abce612	1	19	では、次回は君にモニターを頼もう。	その時にはよろしく。	ああ。	
L933ed40106	1	19	だから今は一生懸命、バイトに励んでお金	を貯めておくんだ～。	意外としっかりしてるじゃないか。	
L9d130c215d	1	19	いや、俺はPCじゃなくて、	鼻の穴に・・・・・・	同じ事だ。	
Lcee16d0af9	1	19	維織	さんらしいと言えば、	らしいんだけど。	
L600be925a5	1	19	ふ～ん。	やっぱり今日も元気に	ダメしてるんだね～。	
Le33f8fe38c	1	19	やっぱり今日も元気に	ダメしてるんだね～。	ああ、もういいよ。それで。	
Lc0c755b50d	1	19	・・・・・	あそこの雰囲気だけ、	一年中まったく変わってないのは気の	
Lb124a309bb	1	19	・・・・・	本屋に行った帰りには	ここに寄って、「重い」とか言いながら	
L65c37b5c71	1	19	危ないなあ～。	な～にするんだよ～。	凄いじゃないか！	
L1b86d7ad1e	1	19	別にお礼なんか言わなくていいわよ。	仕事だし・・・・・。	いや、まあ、そうだけど。	
L08420df5a6	1	19	さんは縛って吊るされる	のが好きみたいだね。	やってあげてもいいよ	
L38c9b25e2f	1	19	のが好きみたいだね。	やってあげてもいいよ	サービス料は無理やりもらうけどね。	
L877ceb3b4e	1	19	維織	さん、料理作れたの？	一緒に住んでるけど、	
L8062963298	1	19	さん、料理作れたの？	一緒に住んでるけど、	一回も作ってもらった事がないよ。	
L3b48ce2cf0	1	19	・・・・・・	私も一回も作った事が	ない。	
Lc4b3bb3cb8	1	19	そんなんでカレーを作ろうとしてるの？	薄々感じていたけど、	維織	
Lf9dd826015	1	19	維織	さんが言っている事を	認める事はできない。	
L61f4a01b18	1	19	あのさ、気持ちは嬉しいけど、	やっぱり・・・・・・	やっぱり嫌なの・・・・・？	
L92c3a0c111	1	19	ありがと～。	じゃあ、すぐ行こう！	ちょっと	
L9ef9848c76	1	19	ああ、そうさ。	これをよく見たまえ。	このコースに、この球速で、	
L6ba2b39e39	1	19	まあ、いいか。	しかし、この動かない	電視	
Lc2408d0b98	1	19	電視	が仲間になりました）	（ゴソゴソ）	
La380146b2f	1	19	君。	これは貴方が食べて。	いいよ。	
L63e37134d2	1	19	どこで出会っても、次の話は同じなんだ	からいいじゃないか。	同じって部分で、	
Lb9616771c3	1	19	そうか。	意味がわからないが、	ピエロ	
L9154d36856	1	19	だけど君も知っているように、	彼女は明るく奔放で、	はっきりと思った事を口にでき、	
L7ee37d3d6d	1	19	それははじけ過ぎだろ！	それになぜに関西弁！	いや、まあ客扱いというか、	
L6014606632	1	19	簡単に言っちゃえば、自分の店を持ちたい	って事なんだけどね。	自分の店か・・・・。	
L3a98e966aa	1	19	そういう人達と接する方が今の私には大事	かなと思ったんだ～。	確かに衣服関連のところでバイトした方が	
L5bfd78133f	1	19	ピエロ	だって最初から何でも	できるわけじゃないからね～。	
L4bc34bebc9	1	19	ピエロ	が心から笑わせたいと	思っているのなら。	
L7444dd9a34	1	19	笑わせたいと思った人間から	逃げている事が一番、	ピエロ	
Lf5b969d4d5	1	19	・・・・・・・・。	君と一緒に行く事は、	いま私を覆っている全ての鎖を	
L8f6b20de2a	1	19	歩いていけるよ。	どれだけ大きくても、	どれだけ頑丈でも、	
L5e7107130c	1	19	逃げたくなった時に、幸せだった日々と	さんにもらった枝折と	・・・・・	
L5944943835	1	19	ピエロ	の何倍も上手だからな	准	
L977a940732	1	19	ボ～ク頑張るよ！	あの子の前で頑張って	ピエロ	
La4c14479c0	1	19	ピエロ	になるんだろうけど）	おっす！	
Ld69236f951	1	19	何の為の恋愛シミュレーションゲーム	だったんだあああ！）	突然、言われても困ります・・・・・	
La13bd4d34a	1	19	僕のプログラムなら、不可能は無いはず！	さっそく家に帰って、	世界征服のプログラムを組まなければ！	
L9570275798	1	19	・・・・・・	やるな電脳世界の王）	電視炎斬	
L1674fe183a	1	19	じゃあ、お礼を言ってくる。	それと・・・・・・。	なに？	
L3e8d400158	1	19	維織	さんの口に・・・・。	（パク）	
Lce8328239c	1	19	じゃあ、もう考えるのやめちゃえば。	もう、放っておけば。	だから諦めるしかないって言ってるだろ。	
L8ccd7460a1	1	19	うそ。	何かモヤっとしたのが	心の中にあるでしょ？	
L8fe5b14f9d	1	19	ピエロ	さんって・・・・・・	ああ、たぶん准が思い浮かべている	
L0b9d64b148	1	19	ピエロ	さんのこと大好きだよ	ええ～！！	
L93f3d0a91d	1	19	喫茶店でバイトしてるわ。	だから、そこに来て。	そこで仲良くなりましょう。	
L8e9d6d5770	1	19	いつの間にか寝ていたみたいだな。	ちょっとお腹が空いた	・・・・・・	
L3d7b9233ac	1	19	大丈夫。	そんな事を言いながら	カレーもなんとかなった。	
L67face8d6f	1	19	ハムがマスタード漬けにされて	黄色く変色・・・・。	はい	
L619f33abe6	1	19	准	がそう言うんだから、	間違いないんだろう。	
L9d432f3930	1	19	嘘なら嘘で仕方ないんじゃないか。	たぶん俺以上にお前は	維織	
Le7ed7b53a0	1	19	さんの事が	わかってんだろうし、	信じなくても良いアイデアが	
L3d5ea71b2e	1	19	さんか」	とか言いそうなのに。	そういえばご主人様方って	
L0772dfb69d	1	19	・・・・・・	物心がついた時には、	すでに未来の道が決められていた。	
Le0806f1944	1	19	「	グループ次期社長」。	それが子供の頃から私に背負わされた鎖。	
L299131c4af	1	19	わけじゃない。	誰もが貴方のように、	その力を持っているわけじゃない。	
Ld4ec57c9fd	1	19	前に進んでいく。	だから・・・・・・・	だから？	
Lb081f57e7a	1	19	君を幸せにすると約束するよ。	だけど・・・・・・・	だけど？	
L508141e919	1	19	まあ、とりあえずせっかく来たし、	しばらく待っとくよ。	というわけで、いつもので。	
Lac6d18f3fd	1	19	だ、	だ、大丈夫でしたか？	お怪我はありませんか？	
L3b96e683d0	1	19	さんがドジっ娘がいいっ	て言ったんじゃない。	それなのに、どうしてイチイチ文句を	
L66bdea0ea6	1	19	俺がお金を持ってないの気付いてるよな、	きっと・・・・・・）	じ～～～～	
Ld922464d44	1	19	じゃあ、素直に謝るか。	そ、それが一番だな。	よし！）	
L715613513d	1	19	准	ちゃん。会計お願い。	えっ？	
L4049890310	1	19	維織	さんの家に住むように	自分で仕向けたかったんだろうけど）	
L813afbdf97	1	19	「	グローバルシステム」	の次期社長となるのは必然の道だった。	
L3070ca601c	1	19	それが、どういう意味かわかって欲しい。	君には・・・・・・。	・・・・・・・・。	
Leaa819d7a5	1	19	連れ出してあげると約束した事を。	だけど君が望むなら、	君は大きな翼を手に入れる事ができる。	
L659de73649	1	19	笑うのが下手だね。	（そして・・・・・）	（・・・・・・・・）	
L30588a32bb	1	19	城田	さんも、野球します？	むむ	
L0f4b7f6083	1	19	・・・	こんな所に用はないし	・・・	
L50444ac4df	1	19	あ、やっぱ今のなし。	さんが決めてくれよ。	け	
L1c802277ef	1	19	引っ越し？	そんな訳ないじゃない	か・・・	
Lec3eb55f38	1	19	調べる事が多くてね。	準備を整えるために、	一度	
L46064b2564	1	19	いやぁ。	さんがいると思って、	つい買いすぎたよ。	
L594ae86f2f	1	19	ああ、今日は	これを返しに来ただけ	だから。	
L290eebad33	1	19	これ？	あー、持って帰るか？	うん。	
L9a32943273	1	19	もう、	さんのせいだからな！	すみません。	
L3368715467	1	19	あれ？	玄関の鍵が開きっぱな	し・・・	
L516bd5b6f0	1	19	あれ？	こんなのあったっけ？	あー、それ？	
Lac9e72e098	1	19	さて、この間の話の続きでも	聞いていきますかな？	あー・・・	
L6bad1ab708	1	19	に、ばれなきゃ大丈夫。	ほら、投げてくれよ。	わかった。	
L1685254245	1	19	うーん。	じゃあ・・・これで。	うわ。	
Lb36b12d383	1	19	そう思っているようでは、	君もまだまだですぞ。	はあ・・・	
L33ff649f36	1	19	心配は無用ですぞ。	ワタシは、こう見えて	も・・・	
L9b1bfe8338	1	19	なんで、	さんが気にするんだ？	いや、なんとな	
L9dc4d3d510	1	19	ははは。	さん、いくらなんでも	そんな嘘で驚いたりしないぞ。	
Le029fdf5e9	1	19	城田	さん案内してあげて。	わかりました。	
L165d4db25e	1	19	さん、よく電話が	かかってきますよね？	あれって、なにかの暗号だった	
L5eda84d8f1	1	19	ほら、これやるよ。	まかないの残りだけど	そんな物食べるより、マシだろ？	
L3da67c85ec	1	19	あー・・・今日掃除してたから、	開きっぱなしだった。	ここは？	
Ld31a834198	1	19	うーん。	もうクリスマスかぁ。	今年は、いろいろあったな。	
L0f9dc74b9c	1	19	あんまり	思い出したくないね。	あはは。	
Lff35d0b958	1	19	さんと、	こうしてクリスマスを	過ごしているなんてな。	
L81e7a6ef98	1	19	私、ずっと	だまされてたのかな？	・そんな事は・・・	
L00f2973ba1	1	19	ほら、あるだろ？	つき合ってるならさ。	ん～？	
L93762b77fb	1	19	悪くならないうちに	食べるとよいですぞ。	（プルルルルルル）	
Ld5097c40ef	1	19	（肉だ・・・	またよくわからない肉	だ・・・）	
L9793825826	1	19	（え？・・・肉！？	こ、これ何の肉だよ！	・・・怖ッ！）	
Lc2d213b571	1	19	さん。	今日は、一段と・・・	一段と？	
Lf3945dfd45	1	19	そうだ！	一緒に、家に行くか。	お風呂	
L0215573c5b	1	19	大丈夫。	私が大吉だったから、	二人足せば吉くらいだろ。	
L8f55d2780b	1	19	まだお昼だぞ？	じゃあ、行って来る。	・・・・・・・・・・・・	
Le83ac9856e	1	19	今のを、かわしますか。	なかなかやりますね。	（さっきのは、たまたま	
L24a4733c39	1	19	牧村	。話はつきましたぞ。	さあ、	
Ld2c96e3fec	1	19	それなら、前にあげたじゃないか。	もう忘れたのかい？	いあ	
Lc376d738b5	1	19	ビクトリーズ	、がんばってるね。	（ぎゅるるるる）	
Lbd6350bff6	1	19	「欲しい方どうぞ」だって？	古いマンガか・・・	本当に古いな。	
Lac46384675	1	19	い、いえ気が緩んだだけです。	それで、ご注文は？	（朝から晩まで練習しました。）	
Lb79d024196	1	19	そうですか。	では、ごゆっくり。	た	
L26db786afa	1	19	は	がんばってるねぇ。	・・・・・・・・・・・・。	
L8e5bf5ed77	1	19	事前によく説明しておかなかった	あたしが悪いんだ。	はい、おかゆ作っといたから。	
L8f2b837acd	1	19	勝ってくれなきゃだめだよ。	こうガツーンとね。	はい、がんばります。	
L8191f7daec	1	19	商店街でも、昔はよく暴れてた	みたいでやんすよ。	母ちゃんも、あの犬には近寄るなって	
L934ab9dc25	1	19	ふーん。	昔からか・・・・・	まあ、食料さえ狙ってこなきゃ	
L8481ebcbd1	1	19	ビクトリーズ	が一つになった！）	く	
L0d3614223b	1	19	イタチ	の的に当てたので、	景品がもらえます。）	
L5cf40005d6	1	19	初日は	あんなにお客さんが	来てくれてたし、商店街も	
La11049a55c	1	19	む～～～～ん。	ほんとうだなぁ～。	む～～～～ん。	
L5a886f9213	1	19	さんも、あなたが仕事の手伝いを	するようになって、	すっかり明るくなったわね。	
L2ab78a1d5c	1	19	メロンが入ってるような・・・	うん、そんな感じ。	なんだ、そのたとえは。	
Ldc6bbffc50	1	19	を使う時だ！	屋根裏の奥の・・・	あった、これだ！	
L864a028479	1	19	ニマクア、ルウィシマータ・・・	モツイコ、モツイド	レーナニウコフ、ナンミー！	
Lc5bbec7014	1	19	」？	・・・なるほどな。	でもシャッターが閉まってるぞ。	
Lb29be98064	1	19	あれ？	あの犬じゃないか。	ああ、あの	
Lebb4cfb052	1	19	なぁ。	腕を振り回しながら	地上を走り回るよりも先に、	
L757fb9773e	1	19	あ・・・いや。	そうだよな、うん。	好きなだけ走っていてくれ。	
L80953f43ea	1	19	（カキーーーン！！	カキーーーン！！）	すごいパワーだな。	
L14c03e9dfe	1	19	へえ、そういう収入があるのか。	それなら安心だな。	この店は、唯一	
L8f926777e0	1	19	ええい、バカモノ！！	泳ぐという行為は、	本来	
L6961cb4a4b	1	19	なっちゃん	はお休みの日だよ。	あれっ、あたしだと不満？	
L4c10db6d38	1	19	このゲームでは、	どんなに練習しても	それだけでは能力は上がらない	
Ld2bc870c11	1	19	Ｙボタン	を押すと、少し前の	文章も見られる	
Lc90433d30e	1	19	コラ、お前たち。	ちゃんと練習しろ！	はーい。	
L01c60be26b	1	19	のの	おお、吉でやんす！	はは	
L1123f7e2db	1	19	い	オウ!オウ!・・・	たすけ・・・ダサ～イ！	
Lf60fc4126c	1	19	バッティングの基本は足腰でーす。	こうして・・・・・	（ズルッ・・・	
L22e89dcbe4	1	19	それでも、ちょっとだけ	うらやましいかな。	泣くってカッコいいもんね。	
Lfc28c5f36d	1	19	の連中に	とどめを刺します！	ははは、お任せください。	
L71a8473e9a	1	19	ありがとう。	あれ、お母さんは？	母ちゃんは、その・・・	
Laac868ce66	1	19	でも、大抵失敗するカニ。	俺たちがやられると	みんな喜ぶのカニ。	
Lf9d14cab6a	1	19	俺たちがやられると	みんな喜ぶのカニ。	あーっ！	
Ld353c8cc18	1	19	カシミール	に手伝いに行くか。	あい	
Lf3719dea47	1	19	飛んだ打球を取りに行ってエラーする	こともなくなった。	自分の守備範囲、ということが	
L903a6cd921	1	19	いつでも遊びに来てください！	ああ、そうなのか。	・・・なんだか楽しそうだから、	
Le9118a6060	1	19	集会所	に来てくれたまえ。	あ、どうしたの？	
L98e5760e14	1	19	ん？	ああ・・・まぁな。	さてと、そろそろお店開けるか。	
L821736c5f0	1	19	宙空不動産	とか言う所の人が。	このままこの商店街で商売してても	
Lb1fe5685cc	1	19	ブギウギ商店街	はお休みでやんす。	お休み？	
Lff1a9b8c0b	1	19	おじちゃん、おじちゃん！	見つけたでやんす！	ワン公	
Ld81a3c7636	1	19	あそこで他の犬たちと	遊んでるでやんす！	いやちがう。	
L95aa69cf1b	1	19	お前の考えてることは	だいたいわかるさ。	さあ、行こう	
Lfb6cdf2f7a	1	19	いいんだ。	いいから、いこう。	な、なんで帰るんでやんす？	
Leb7757a828	1	19	（シャキーーーン！！）	（ドガーーン！！）	・・・あれ？	
Lef3983c6e7	1	19	・・・あれ？	助かったでやんす！	・・・大丈夫だったか？	
L649736196c	1	19	完成？	・・・してねぇよ。	そうか、まだなのか。	
L05b29295cc	1	19	まず、野球は足腰が大事でーす！	こう走って・・・・	（タタタタタタタッ・・・	
L10e2d1f5ea	1	19	・・・はあ？	お前、そんなことも	わかってなかったのか！？	
La95951cf75	1	19	やけに	うれしそうですね。	いやあ、実をいうとね。	
L19c293f1c5	1	19	（会長さんの	がんばってるところ	じゃなくて、悪いところを見て	
L84cabe436d	1	19	なにやってるんだ？	配達はすんだのか？	え・・・？	
Lc60909caf9	1	19	のりお	、そこまでにしろ！	これまでがどうだろうと、今回は勝つ。	
Le0d3f35139	1	19	あの時なんで犬をほうって	帰ったんでやんす？	ああ。	
L64d98960fe	1	19	・・・そうだな。	でも、その生き方は	あいつ自身が	
La849a49322	1	19	・・・あれ？	本当だ、バットだ。	・・・え、バットを腰に差してる？	
L7fb61ba36a	1	19	いや・・・	それはそうだけど。	（そもそも、どうしてみんな	
L3ed81d7935	1	19	あんまりそういうことは	しない方がいいわ。	相手は身元もはっきりしないんだし。	
L279ac9876d	1	19	（・・・今日は部活があるから、	帰るのが遅いから。	・・・ごめんね。）	
L3709cb4448	1	19	・・・あ・・・	そ、そうですかね。	貴子	
L97459cd577	1	19	えっ？！	いや、そんな・・・	貴子	
L9cd0f3b49c	1	19	ちよ	ちゃん少し休もう。	ペースが速すぎる。	
Lb5635a0931	1	19	ちゃん少し休もう。	ペースが速すぎる。	もう、なに言ってるの？	
Le1e743933e	1	19	なんになさいます？	・・・といっても、	カレーそのものは一種類で	
L1e2c168ae5	1	19	まあ、その時は	お父さん次第だな。	そうよね・・・・・・・・・	
Lb89abf1160	1	19	うううん、なんでもない。	それより、あたし、	今なんだか生きてるって気がするの。	
Lcb545127c1	1	19	あれだけ大きくて	変なヨロイ着てたら	見落とすことはないと思うんだけど。	
L03cc90d105	1	19	店長、これを見てください。	客からのクレームと	警備会社からのコメントです。	
L9e9b706862	1	19	金が無いと全然ダメだなって	思ってたんだけど、	ここに来て兄貴見ていると、	
L13c09703cc	1	19	きちんとセーブしないで電源を切った	みたいでやんすね。	最後にセーブした所か、	
Lec8d7eb5d9	1	19	ちゃんと	初めて会った時に、	君からもらったコロッケが食べたい。	
L976923f3ee	1	19	（いいや、一瞬	目がマジだった。）	お前がきちんと一人前になったら・・・	
L69ecc04d3b	1	19	ふん。	・・・・まったく。	あっ？	
Lffbe9929ff	1	19	努力して	夢をかなえるために	がんばることは	
L9126463eba	1	19	がんばることは	とてもいいことだ。	でも、１つの夢に縛られすぎるのは	
Ld49ae4eaee	1	19	？	あの犬のことかね？	先生、あいつがどこにいるか	
L86615208fd	1	19	ジャジメント	との最終決戦を前に	テンション上げていかないとね。	
L873123b007	1	19	まあ、今日のところは	コーヒーでも飲んで	ゆっくりしていきなさい。	
Lf09c776bd4	1	19	・・・そうだね。	お互い協力すれば、	ビクトリーズ	
Lffc3af77d4	1	19	の	おい、キミ達・・・	放っておきましょう、先生。	
Lbbc34073fb	1	19	落ち着いたら	ライスの作り方を。	・・・わかったわ。	
L6d3c111893	1	19	カレー屋やパチンコ屋に遊びに行ってる	お父さんみたいには	なりたくない」	
L06328c04ca	1	19	とにかく、無理はしないでくれよ。	、練習に来たのか。	みんなもそろってるようだな。	
L0698f70609	1	19	あ、そうだ。	ねえ、このケーブル	どうやって体に収納すると思う？	
La1741dc13d	1	19	ゼンマイで	まきとられる仕組み	なの。	
Lab25b989a0	1	19	今	大事にしたいって、	そう思うようになったんだ。	
L1f3e26bfda	1	19	もっともらしい難しい言葉で	相手を煙に巻いて、	自分を偉そうに見せるのは	
Lc739f223ea	1	19	（「やんす」とは言わないように	注意しよう・・・）	（	
L0b0c88912a	1	19	それでね、今夜食べたいものが	あるんだけど・・・	はいはい、なにかしら？	
Le8926feaff	1	19	少森寺	で修行した技です。	拳法の修行をやってましたから。	
L1e41b1ee87	1	19	商店街で配って来なさい。」	って言われたから。	お前なぁ、いつから	
Ldbb5367c4c	1	19	あれ？	そういえば、今日も	突然現われたでやんすね。	
L80b4b97cb3	1	19	いうことになって、銀行強盗を	計画したのでカニ。	ふむふむ。	
L7834726bdb	1	19	（・・・２人とも扱いやすいのは	いいんだが・・・）	さて、今日の配達も終わったぞ。	
Lbf034c04b7	1	19	ビクトリーズ	が活躍してくれれば	ウチの売上げも直接伸びるからね。	
L36c32034ab	1	19	野球商店街のくせに、弱いって・・・	くやしいでやんす！	オイラが変な奴らに捕まらなかったら、	
L25a0d42353	1	19	あたしの店は、「開かずの漢方薬局」	として有名なんだ。	ういいかげんだな。	
Lf30b109544	1	19	として有名なんだ。	ういいかげんだな。	そうかな？	
L8321c577d8	1	19	それで大丈夫なんじゃ	ないんでやんすか？	いーや、それだけでは	
L8b89e28d1a	1	19	・・・まさか、虫とか食べてないよね？	いハハハ、まさか！	ええっ、まさか！？	
L468f1674fa	1	19	まさか、カブトムシの幼虫とか	チョウの幼虫・・・	・・・ねえ、あなたたち。	
L28e39d4286	1	19	はぁ～今時の人間にしては珍しいなぁ。	・・・お、そうだ！	前にここで働いていた奴に	
L5367c80d8b	1	19	なにかが	とりついておるぞ。	なんだって？	
Lbd457d8f91	1	19	やっつけたばかりでしょう。	どうしてまた・・・	今度はね、地方のテレビ局が	
L50c0f9803f	1	19	はは	だから、そうやって	慎重に人と接するんだろう？	
La6fdadc711	1	19	ちよ	ちゃんじゃないか！	二人とも知り合いなの？	
L5668c77bde	1	19	じゃあ残りの荷物も運ばないといけないしそろそろ行くね。	、欲しがってたから	バナナ分けてあげるよ。	
L14e4dc62db	1	19	あいつら、いい気になってますよね。	この前だって・・・	なにがあったんだ？	
L4f4f9e7fa0	1	19	見られながら練習したじゃないですか。	あの苦労は、あんな	よそ者の連中が	
L7c919c0690	1	19	遠前町	に墜落したそうだ。	大都市の上空で被弾して、	
Lf42df17605	1	19	ビクトリーズ	が練習に使っている	バッティングマシンです。	
L2503b7d428	1	19	君が集めていた古地図。	ひょっとして買主は	君のよく知ってる人物じゃないのか？	
Ldb6f7bd55e	1	19	そ、そんなことないって！	・・・あー、いや。	売ったのは知らない相手だったよ。	
L1d1cbe77bb	1	19	ザ・トリオ	の３人も参加する。	負けることはねえだろうさ。	
La29e39a7c7	1	19	ビクトリーズ	が強くなったのなら	俺たち助っ人も必要ない。	
L9883e11f2d	1	19	神のマナ	」２００グラムさ。	名前ぐらい聞いたことあるだろ？	
Le26911c101	1	19	わからねえ奴だな。	・・・ま、いいや。	お前のユニフォームを持って来た。	
Lc0610773e3	1	19	バンザイメーター	の長さに応じた期間	練習の経験値が２倍もらえます。）	
Lbc61f24db6	1	19	そんなに肩書きが	大事なんですかね？	悪い人じゃなかったがね。	
Lf19b92d87a	1	19	ワン公	が主人を追いかけて	この町にやってきた。	
L4367deb878	1	19	あ、ちょっと	しょう油もらうよ。	・・・だから、突然	
L53d93a7c7b	1	19	お兄さんの事見直したか。	見直したでやんす！	オイラも、それをやりたいでやんす！	
L09fb2ba995	1	19	奈津姫	さんとの関係だよ！	いや、特に野球の話をしたことは	
L7e4a221d95	1	19	ワーイ、うれしいな、	さんが同じ考えで。	・・・でも、あんまりスーパーで	
L61b96320d2	1	19	こっちと交渉する気がないんだよ。	だから、こうやって	あいつらの誇りを潰していくんだよ。	
L82e504a120	1	19	よお、お邪魔してるぜ。	・・・ええと・・・	あの、あんた本当に	
L4b12be9e12	1	19	・・・ええと・・・	あの、あんた本当に	誰？	
L16a8fbb19b	1	19	私は	またてっきり・・・	するとキミがここに通したのか。	
L5344c3204c	1	19	お父さん以外に食べてもらったの	初めてだから・・・	大丈夫、おいしかったよ。	
L741c9c0099	1	19	そのときの忘れ物を取りに来たらしい。	だが、そのころには	もう抜け穴は	
Leb9586bdf5	1	19	売りに行くのは問題かもしれないな。	じゃあ、２００円。	ありがとうでやんす！	
L96da02b486	1	19	む～～～～～ん。	野球なんだなぁ～。	あ！	
L4369a79350	1	19	む～～～～～ん。	あげるんだなぁ～。	あ、ありがとう。	
L2a595dccda	1	19	まあいいか。	それよりキムチだ。	久しぶりだなぁ。	
L8005d40ab5	1	19	どうして勝手に俺のテントに	入って来てるんだ。	む～～～～～～～～ん。	
Lb010fce5d8	1	19	財布が落ちてる。	い警察に届けよう。	まったく、腹が減ってるというのに	
L3830eac03e	1	19	まったく、腹が減ってるというのに	余計な用事が・・・	並木	
L1c011fb239	1	19	Ｙボタン	を押すとカーソルは	ど真ん中に戻るからな。	
L6829e030c2	1	19	ちゃんと野手は	動いているからな。	（画面外ってなんのことだ？）	
L08ccf601ad	1	19	（やっぱりバカにされてるような	気がしてきたぞ。）	はは	
Ld20c96455c	1	19	木川	ちゃんの古本屋ね。	木川	
Lcb8de4c0c7	1	19	うん、そうだよ。	ちなみに、あたしや	奈津姫	
L25931a40bb	1	19	前はもう一個でっかい本棚があって、	その窓隠れてたの。	そんなにあったのか。	
L706206a26a	1	19	少森寺	じゃ、食べるものを	ほとんど全部畑で作ってたんだ。	
La01105fb13	1	19	ソフト自体は市販されてる	野球ゲームだけど、	入出力は	
L14028cc79d	1	19	まさか本当に来てくれるとは	思ってなかったぁ。	ちょっと興味があったからね。	
L8da1d7d2ad	1	19	君は正社員じゃないから、	経営者に逆らったら	すぐにクビ切って追い出すよ。	
L0f4e8bc282	1	19	へへーん。	今の時代、圧倒的に	経営者の方が強いんだもんね。	
L5f65beddf7	1	19	あの子、他に身寄りがいないんだもの。	・・・あ、そうだ！	あなたが守ってくれればいいんだ！	
Lb32cf46733	1	19	奈津姫	のこと好きでしょ？	守ってやりなよ。	
Le16de59e69	1	19	うん、そうだね。	がんばってみるよ。	やったあ！	
L33a37807ff	1	19	この際だからちょっとキレイに	しておくでやんす。	ああ、なるほどな。	
Le88329b176	1	19	・・・いや、勘違いしてるのは	たぶんお前の方だ。	なんだって？	
Lbdf2bc6706	1	19	は、ここで処刑された。	ずいぶん昔の話だ。	・・・・・・うまい冗談だな。	
L1abb637a1f	1	19	所詮は一時の夢に過ぎん。	やがて、皆の中から	ムシャ	
Lc5c6572afc	1	19	宝物	は見当たらないな。	あんなもの二度と見たくない。）	
Lef40e4f0de	1	19	うん！	に主役をやらせる？	そんなの無理だ！	
L1596bbad19	1	19	官藤	の事故も、その辺が	原因じゃないかってウワサだぜ。	
L0119e19b05	1	19	若木	がやるなら安心だ。	悪いな。	
Lda32bff111	1	19	ちよ	がお前を主役にって	言ってたらしいけど、な。	
Lbfb0509b96	1	19	いいや、絶対に使えない！	とにかく汚いから！	人の趣味を、そんなゴミみたいに	
L51a0298461	1	19	重要だからね。	ちなみにその芸名は	小日向	
La523c99cbb	1	19	あのとき好きだと言ってくれたのは	うれしかったけど、	どうして俺なのか、と思ってね。	
L07edcab6b6	1	19	奈津姫	は昔ソフトボールで	サードやってたんだよ。	
L04a1cbadcb	1	19	あれ？	・・・先生と会長？	いや、面目ない。	
Lbe82e15d5a	1	19	上達してるじゃない！	いや上達って・・・	まだ２回目だぞ。	
L4a8f91e2b3	1	19	じゃあ次は	も入ってみようか。	えっ、俺も？！	
L5649197cea	1	19	よぉ～し、がんばろうな。	おれが最初だから、	頃合を見計らって入ってきてくれよ。	
L448070b5f7	1	19	あ、最後に一つ質問！	あたしのこと好き？	い・・・ああ。	
L77e03aac38	1	19	ちょうどそれに使えそうな荷物も	あるみたいですし。	（壁の穴を塞ぐための荷物は	
Lb73595526f	1	19	・・・え？	この人がお父さん？	あれ？	
L12700cdbde	1	19	今日	お前は、俺に代って	ウチの店の「米」の配達をするんだよ。	
L76b163af18	1	19	ふふふふふっ・・・この店。	この古さ、汚なさ。	どれをとっても完璧なお宝店でやんす。	
L2852039f30	1	19	！	なお、視聴者の方に	ブギウギ商店街	
L80b6fd2166	1	19	そこへ、この１１月と１２月の売上げが	つぶされたら・・・	あああああ・・・	
L7c94ad61a5	1	19	そ、そうでやんす。	だから、バツとして	まだまだこの町に残るでやんす！	
Lf5a864ccff	1	19	木川	の奴、打ち込まれて	べそかいてたぜ。	
L5bc16dbcbb	1	19	ジャジメント	の行動は不自然だ。	商店街に圧力をかける原因があるはず。	
Ld3ed9f2e8f	1	19	あたし？	それは・・・その。	どうしたんだ？	
L88a0e2fd43	1	19	あ・・・れ・・・・・？	あ、あたし・・・・	ごめん、急に気分が。	
L977f342d9d	1	19	ウチは余裕ないんだから。	手伝ってもらってる	広川	
L92c685e28b	1	19	なんて言うか、気がひけるって言うか	その、えーと・・・	わかりました。	
Lf8daf9a28e	1	19	野球？！	・・・ハッハーン。	この俺が、かつて甲子園に行った	
L7ec90bd40c	1	19	は、野球で商店街をつぶす	計画を提案した！）	椿	
Le7b421ee89	1	19	まったく元気そのものじゃないか！	ああ、なるほどね。	野球ねぇ・・・	
L464403fe65	1	19	素質があるとは言われたが、	別にそれで甘・・・	お前にそんなものあるわけないだろ！	
L53d253545f	1	19	よし！	じゃあ決まりだね。	さっそく今月の団費3万円よろしく。	
L2ee1b45194	1	19	えっ！	・・・そうなんだ。	あ、やる気はあるんだよ。	
Lff05ed3906	1	19	うん。	じゃあ、これからも	練習にはしっかり来てね。	
L0ded6a805f	1	19	も	あなたがいたほうが	楽しいみたいですし。	
L76e9cffe56	1	19	カンタ	のことを、天国から	ちゃんと見守ってくれているのよ。	
Ld5eed8fcf1	1	19	（そのあと、３人とも黙ったまま	街へ帰りました。）	（キャンプ生活を始めて翌朝、	
L2544d5042f	1	19	役者も裏方やらないとまわらないんだ。	ちなみに、わたしも	役者と演出と衣装をするんだよ。	
Lf9cbb94bad	1	19	大道具	は、舞台を作ったり	大掛かりな仕掛けも作ったりするの。	
L34d34f8515	1	19	。	こんなところかな。	ふーん、割と多いんだな。	
Lf456c78df3	1	19	さん！！	がんばりましょう！	ところで	
L62f349310d	1	19	古田	くんはどこなんだ？	えっ、いったい誰ですか？	
L07b0a8acf9	1	19	くん。	割と有名なんだろ、	ここの演出と脚本やってる人。	
Le77759c849	1	19	ええ？	やだ、あたしったら	とんだ早とちりを・・・	
L3c4f7cd50a	1	19	やや、超人ライダーの映画でやんす！	さん、ありがとう！	えっ、映画の券が２枚・・・	
Lc8be31ccdb	1	19	カシミール	の店番の曜日だよ。	忘れてた？	
L0bee16a463	1	19	大神	の研究所のデータを	調べられないのか？	
L42a499293e	1	19	（この先、時間制限のある	選択肢があるので、	注意してください）	
Lfd56c42cd5	1	19	選択肢があるので、	注意してください）	・・・ああ、わかった。	
L3476618037	1	19	数ケ月で無理やり大人サイズに	膨らませたら・・・	はい完成！	
Ld7cd6039d9	1	19	うん！	だから・・・うん。	まだまだ、一緒にがんばろう！	
L49a5c9409c	1	19	ボールを返せ！	それは売り物だぞ！	（パッ！）	
L6a347a56ed	1	19	・・・野球のボールか。	ああ、ありがとう！	あ、でも歯形がついちゃったな。	
Ldefcdbea99	1	19	でやんす！	元プロ野球選手の。	凡田	
L80642ff4da	1	19	痛いところを	つかれたでやんす。	キャプテン、ノックをそろそろ	
Laa84133ac0	1	19	ジャジメント	が買い取った所から	部分的に入ることができるんです。	
Ledb1d23d89	1	19	ちよ	、今日もバイトか。	うん！	
L51fa6e5a96	1	19	・・・そうですか。	じゃあ、みなさん。	お元気で！	
L03089660da	1	19	さんに	挑戦するでやんす！	今はバカで泣き虫でいじめられっ子	
L0bea25ce52	1	19	そうか！	・・・待ってるよ。	あ	
L0903513b41	1	19	たしかに、この部屋から鳴ってるな。	い中に入ってみる。	そうだ、	
Lcdcb18c4ac	1	19	カード力	が相手よりもずっと	大きければ、打ち取る事もできる。	
Lcbd2ade3a8	1	19	Ｌボタン	をおす事で、特殊な	カードを使用できるんだ。	
L60e99620be	1	19	寺門	、何をしてるんだ。	何って、おみくじだよ。	
L9209886d05	1	19	ここの全員が聞いてしまった。	・・・いいかげん、	あきらめろ	
L6e5959b6aa	1	19	初舞台かもしれないけど、	それはお客さんには	わからないことなんだから	
Ldc59404e42	1	19	用意しておいてね。	じゃあ、お疲れ様！	あ、ああ。	
L2bb429cb81	1	19	できる自信があるんだ。	だからまかしてよ。	・・・・・・。	
Laced6092a6	1	19	ちゃんは、	なんだか俺のことを	避けているような気がするな。	
Leeb6bac0ed	1	19	ずっと白紙のままなのよ！	今まで・・・・・・	ほら、ほら、ほら！	
Lce9ef6b32d	1	19	え？	これは・・・・・！	あたしの遺影よ。	
Lb13e59f1d9	1	19	それにほら、ちゃんとこの箱の中に	あたしの骨が・・・	それじゃあ、ここにいる君は？	
L73a97e601c	1	19	こんなものがここにある	ということは・・・	お父さんは知っているのか？	
L8d69454544	1	19	・・・だから、ここに留まって	しまったんですよ。	・・・うさんくさいわね。	
L070514c6bc	1	19	最初は全然わからないと思うけど、	続けてやっていれば	できるようになるからね。	
L91764b1a9e	1	19	少し早いけどクリスマスのプレゼント。	・・・受け取って。	ああ、でも・・・・	
L842c73fd37	1	19	ちよ	ちゃん、大丈夫か！	あんた、この子と知り合い？	
Lc220f1fc51	1	19	ちよ	ちゃん、着いたぞ。	・・・・・・。	
Lbe27cda8ec	1	19	ウチワで	あおぐしかないか。	っ	
Lec73dfac7e	1	19	ビクトリーズ	は、助っ人が入って	チームカラーが変わってきたな。	
Lf105912082	1	19	・・・そのうちに人間じゃないのが	入ってきたりして。	ハハハ、まさか！	
Le2cb525e6e	1	19	あっ、コラ、たたいちゃいかんカニ！	外骨格は、割れると	あとの修理が大変なんだカニ！	
L5ee0c9e167	1	19	女の子にも	もてなかったけど、	野球だけは自信あったカニよ。	
L697eee91be	1	19	野球だけは自信あったカニよ。	ああ、青春カニ～。	これからよろしく！	
Laad9badb43	1	19	おおっ、正義の味方カニ？	やっつけるカニ～！	ふ	
L52bdb4d7e5	1	19	公演まであと三日だぜ。	そんなの無理だよ！	この二人の役は脚本から消せないのか？	
Lb1701bf873	1	19	出川	くんの役は子供役。	カンタ	
L08e66c79e0	1	19	あ、あんた。	前に来たときには、	こんな店見つけられなかったでやんす。	
Lcbb3a683b5	1	19	早速中に入るでやんす！	いらっしゃい・・・	うお～～～～～！	
L503f4fcd98	1	19	マゼンダーＺ	のプラモでやんす！	こんな古い物がぁ～、	
Lbdf1e335db	1	19	変身アンドロイド	が、あるでやんす！	な、なんと！	
L65b5fea70d	1	19	ヒーローの着せ替えまで	揃ってるでやんす！	おおお！	
L8ee937f269	1	19	そうなのか・・・	お前のスピリッツ、	確かに見せてもらったぜ。	
Lf777e49822	1	19	たかが本一冊に	お金がもったいない	などというのは、凡人の発想だ。	
L5cae84e4cc	1	19	いや、資源の有効活用を・・・	私が言ってるのは、	カンタ	
L018f9297a3	1	19	一員として扱います。	それと、その収入は	あなたが大人になるまで、	
Ld1696846fb	1	19	も、出番は最後の方だけ	かもしれないけど、	見られてること意識してやること。	
L6373a9ff2b	1	19	自信を持って、自分で作り上げた	その役を信じるの。	頑張ってね。	
L84316f799d	1	19	テンション高かったけど	そのおかげかもね。	今までで一番よかったよ。	
L42f452b0a1	1	19	ええい、ややこしい。	とにかく頼んだぞ！	十字ボタンでダチョウを操作、	
L4b95afe436	1	19	・・・しまった！	ダチョウが隣の町の	繁華街に入ってしまったぞ。	
Lcc41706ff7	1	19	ダチョウは	やめた方がいいと、	最初から思っていたんですよ。	
L34d6e4520c	1	19	４点差で負けてて、残り２イニング。	ずいぶん苦しいが、	今から反撃するところだ。	
L5fd764f08a	1	19	き	（パンパンパン！）	さ	
L50f8614d72	1	19	は	あんたのことなんか	好きじゃないんだよ。	
L4ba84914a0	1	19	ただ前の男がいなくなって	さびしかったから、	部屋に入れてるだけなんだよ。	
L6d87286b3c	1	19	幸せになれないってことだよ。	だから出て行けよ！	・・・なんだ、そういうことか。	
L19c4346184	1	19	心配？	それで毎日のように	こそこそ	
L6246134274	1	19	ちよ	の事が好きだから。	ごめんなさい。	
L2a6e27befb	1	19	・・・・・・・・・。	ばっ、ばっか野郎！	危ないじゃないか、注意しろ！	
Lcce928584a	1	19	危ないじゃないか、注意しろ！	（ブォーーーーン）	ふう。	
L71e54871af	1	19	はは、車よけようとして	しくじっちまった。	くそ、なんてカッコ悪いんだ。	
L0b1f75760d	1	19	え、何言ってるの！	あんた主役でしょ！	こんなナリじゃ無理に決まってるだろ。	
Lb070534fa1	1	19	だって、サイズが限られる上に	脳との接続の関係で	プログラムの	
L0ad46187ec	1	19	・・・	もう公演は中止だ。	ぐっ、	
Lfaa94a623f	1	19	ちよ	ちゃん落ち着いて！	うわぁぁ～～ん！	
L040a6cc6c9	1	19	みんなに見て欲しい、なんてさ。	だが現実を見ろよ。	朝から晩まで練習して働いて、	
Le47008982b	1	19	どうして自分を否定するのよ！	じゃあ言ってやる。	オレは演劇なんて好きじゃない。	
L0e2fdb0502	1	19	ちよ	ちゃん、どうした？	あ、	
L515229d9b3	1	19	不審な人物が目撃されてる。	それが・・・どうも	若木	
L27de737553	1	19	あたしは、平気だよ。	うん・・・大丈夫。	もうじき、今年も終わりだね。	
L554715310f	1	19	神のマナ	で巨大化させた虫で	商店街を壊滅させようとしている計画を	
L2af45d8428	1	19	風がないから、行き止まりだな。	・・・行ってくる。	うん、警察には連絡しといたよ！	
L1878cda2da	1	19	・・・今日も遅くなったな。	もうこんな時間か。	、元気ないね？	
L5fc38b9982	1	19	どう？	この部屋の感想は。	まあ、いい部屋なんじゃないかな。	
L90b494c357	1	19	あの子ったら、その腹いせに	そのスーパーの車に	落書きをしたらしいんですよ。	
L664805a0ed	1	19	・・・どうやら、なにか事情が	あるみたいですね。	・・・・・・・・・。	
L269b74ecf7	1	19	そうだな・・・・・・	じゃあ、とりあえず	・・・・・・・・・そう。	
L0f8cbdaef4	1	19	・・・・・・・・・そう。	じゃあ、バイバイ。	（トボトボ）	
L434f680422	1	19	での	日々が始まった！）	野球チームの助っ人だって？	
L6d3daa3055	1	19	権田	君、彼にいろいろと	教えてやってくれたまえ。	
Lc155b87ced	1	19	ちよ	ちゃん、大丈夫か？	うん。	
L71c765664b	1	19	今ごろはオーディションの最中かな。	・・・がんばれよ。	あ、	
Le0dab3bfab	1	19	ちよ	を守ってやらなきゃ	いけないんじゃないのか？	
L3dc06c8bcb	1	19	・・・だめだ。	これは彼女にとって	すごいチャンスなんだ。	
Lb65aa29b08	1	19	え！？	・・・全部脱ぐの。	は・だ・か！	
L2e69163dc7	1	19	はっきり言うけど、今のわたしには	あなたはいらない！	大切なオーディションの邪魔なの。	
Ledd4275fd2	1	19	あ	いハンサム７０未満	最終イベントです。ご主人様	
L86e85a2c41	1	19	ど、	どこに行きやがった	ピエロ	
L1b08950ae4	1	19	ピエロ	はすぐに逃げようと	するよな。	
L3e9f8666b8	1	19	維織	さんは来てないよ。	そうか・・・・・。	
L93e93337a4	1	19	そ、そう。	それでコメントは？	フッフッフッフッフ！	
L94b8910804	1	19	炎	のキャッチボールを	しました）	
Lc02f047c5e	1	19	准ちゃん。	これからはこれで。	・・・・・・・・。	
L09e1d7f602	1	19	そうだね。	じゃあ、行こうか。	うん	
Ld8814249ea	1	19	みたいだね。	いい加減、謝ったら	さん。	
L07240cfd9b	1	19	そう言ったらいいんだな。	しかし・・・・・・	い言う	
Ldc1da82328	1	19	ピエロ	をしてたんだよ～。	なにっ？	
L7cb3cb1ae8	1	19	妹？	それともツンデレ？	うドジっ娘	
L9362c83e1d	1	19	間違いなく健康に良さそうなのは	入れてないんだけど	・・・・・・・	
Lcb32359205	1	19	は～い	すぐにまいりま～す	また注文だ。	
L8ebba3ac74	1	19	最近、練習してなかったからね～。	リハビリを兼ねて、	練習しているのさ～。	
L3c286062ff	1	19	ごめん、ちょっと大きい音を	たててしまったね。	いま、この店は静かだから、	
L38c7d9e801	1	19	は～い。	いってらっしゃ～い	やっぱりそれ系の物を入れると	
L511d89109b	1	19	・・・・	ボ～クは守備だけが	上手いわけじゃないよ～。	
L27f4534041	1	19	買い物好きなのかな？	そうだったら好きと	答えて、話を合わせてた方がいいな。	
L4f557d6c6e	1	19	准	ちゃんを・・・・・	何を言ってるの	
L305b31c174	1	19	維織	さんに何かしないと	いけないのよ。	
L67732d1792	1	19	いけないのよ。	原因になるとしたら	さんでしょ。	
L3114ce770f	1	19	は～い！	逝ってらっしゃーい	・・・・・・・。	
L9ae7a279b8	1	19	本当に	君と一緒に行くのが	正しいのか。	
Ldb070dd3d9	1	19	この状況で落ち着けるわけないだろ！	このランプを見ろ！	赤いんだぞ！	
L1396191d3a	1	19	准	も居ないんですね。	そうだね。	
L9c0288666e	1	19	これはいつもと	変わらないような。	ここでのご奉仕はこういう事をさすから。	
Laaf0468659	1	19	貢がせる為？	男をバカにする為？	そんな面白くない事を私がするわけない	
L2ef3505092	1	19	世納	、お父様に伝えて。	まだ、しばらく私はこの街に居ると。	
Lfad3db2464	1	19	店に来てサンドイッチばかり食べている	なんておかしいよ。	ツッコムところはそこじゃないだろ。	
L82b34bb736	1	19	君は私がすすめた本を	読んでくれたから、	今度は	
L958d527cc9	1	19	何にもしないと思ったら、	大間違いだからな）	外に行くよ！	
La2754f0dc5	1	19	維織	さん！信じるから！	大丈夫。	
L9ea0a43335	1	19	ボ～クは道化じゃなくなって	しまったんだよ～。	ピエロ	
L91efc096dd	1	19	・・・・・・・・。	あれは、よく見ると	・・・・	
Lf95f7f72cd	1	19	に、	逃げやがった、あの	ピエロ	
L9e11e76d5b	1	19	いらっしゃいませ。	感謝しろ、ご主人様	いきなり何を言ってるんだ？	
L95b3380793	1	19	あれ？ご主人様、もう半分も飲んで	しまったんですね。	お替わりをお注ぎしましょうか	
Lff9fcabd22	1	19	さすが男前だね～。	キャッチする姿も、	なかなかサマになってたよ。	
L6541321477	1	19	世納	。お父様に伝えて。	近々、一度戻りますと・・・・・。	
L5d44282028	1	19	・・・・・・	なんで俺にその事を	言わないんだ？）	
L5ad62c0f23	1	19	さんのお金じゃないん	だってば・・・・。	こ	
Ld49c01d205	1	19	維織	さんは居なかった。	くっそ～。どこに	
L8d34a09348	1	19	維織	さんはちゃんと歯を	磨いているよね。	
Le6d6e25a7b	1	19	はあ～。気持ちいいなあ。	こうやって河原で、	のんびり過ごすのもやっぱりいいな。	
L79a60ef2b0	1	19	近日中にはできあがると思う。	その時が楽しみだ。	おお！頑張れ！	
Lae1063e1c0	1	19	言ってたでしょ？	だから今日は私を妹	だと思って可愛がってね	
L496c70bdb7	1	19	どうしたのお兄ちゃん？	お口を開けてアーン	おい・・・・・	
L43789bae3c	1	19	准	は歳いくつなんだ？	メイドさんに歳を訊くだなんて最低	
L0b0ed9bda3	1	19	メイドさんには年齢不詳にしてていい法律	が日本にはあるの。	ナイナイ。	
L3fe15daaea	1	19	ああ、そうだ。	やってしまったが、	あの時はすまな・・・・・・	
L6d5c8a1f6d	1	19	そうは思えないんだが。	それで、何の用だ？	ああ、それでこの間の礼がしたくてね。	
L4205f26f66	1	19	維織	さん。どうしたの？	君	
La911ee11fe	1	19	どんな事でも、きっと私では体験する事が	できない事だから。	ああ。いいよ。	
L03172ab465	1	19	維織	さんが読んでた本が	何かなんて見てないもの。	
L809646012c	1	19	維織	さんを憎めないのが	問題なんだよね～。	
La03e273f07	1	19	そ、	そりゃそうだけど。	も、	
L12c5ad2073	1	19	・・・・・	どこに行っても本を	読んでるよね	
Lf426b93b7a	1	19	今の俺を全て否定する事になるから。	進むも留まるのも、	結局は自分の意志なんだよ。	
Lf6cf3f8557	1	19	俺もちゃんとした理由を聞かないと納得	できないんだけど。	なんとなく。	
La4bec56e7e	1	19	嫉妬したかったら、さっさと自分の物に	したらどうですか？	そうじゃないと私が	
Lb4f2f78629	1	19	したらどうですか？	そうじゃないと私が	さんを	
L5f6c86070e	1	19	さんを	もらっちゃいますよ	え・・・・・・・。	
L3b81ddc9a3	1	19	そ、そんなわけじゃないが、	しょせん機械だろ？	信じれない・・・・・・	
Ld6b69f5be8	1	19	炎斬	って言ってたっけ？	これって本名か？	
Lc1cd2bf8ac	1	19	維織	さんに何を言っても	無駄だ。	
L2e71c761a8	1	19	そうだね。	ダメモード発動中の	維織	
L1c3d7e9bab	1	19	君に。	急いで・・・・・。	は、	
Ld84f86e9fc	1	19	仕方が無い。	メイドの鑑のような	准	
L385f47a3de	1	19	やった！	で、何をくれるの？	お替わりをくれ。	
Lb0a5b7ea1c	1	19	このおいしいコーヒーとこの店の静かな	雰囲気が・・・・・	おい！喜べ！	
L08cd16f62d	1	19	ボ～クは人を笑わせたい、人から笑って	もらいたいと思って	ピエロ	
L277a7b3daa	1	19	維織	さんの誕生日だろ？	・・・・・・・	
L941e41c619	1	19	維織	さんの好みですか。	ん	
Lab6bc44362	1	19	維織	さんが運ばせたの？	そう・・・・・・。	
L00a8303a99	1	19	ピエロ	は皆を笑わせないと	いけないんだよ～。	
Lfc4c16215e	1	19	逃げるのがクセになっているんだな。	だけど、ここからは	ピエロ	
L28c690124f	1	19	だけど、そこには新しい鎖ができる。	貴方は私という鎖を	・・・・・	
Le5fbe5703e	1	19	どれだけ大きくても、	どれだけ頑丈でも、	俺は歩いていける。	
La318785b5a	1	19	今までの私と同じ。	不自由な空の下で、	自由に飛び回ってるだけ。	
L2afdc2a842	1	19	准	は俺の知り合いだ。	仲良くなるチャンスだと思わないのか？	
L52414bd08a	1	19	電脳世界での王である僕が、	すぐにこちらの王に	・・・・・・	
L98e81c47be	1	19	キィィィィィボォォォォォドォォォォォ	と叫んでいますね。	・・・・・・・・・。	
Le7f0073d83	1	19	電視炎斬	は貴女の為に世界を	敵に回して頑張ります。	
L929164e6e3	1	19	さん、ダメな大人まっしぐらには	間違いないんだが、	小動物みたいで	
L2e3b2f6ed4	1	19	小動物みたいで	もの凄くカワイイ。	とりあえず、もう一回。	
L14e8882b19	1	19	さあな。	手紙はあったけど、	ほとんど何も言わずに出ていったよ。	
La274b93853	1	19	我がままなんて言わないよ。	だから・・・・・・	じゅ、	
L118edd3b4b	1	19	ううん。気のせいだよ。	全部ね・・・・・。	さ～ん！	
L8b8186e256	1	19	～。	いつも見に行ってた	サーカスの	
La06b8df204	1	19	・・・・・	もしかしてカレー？	そう。	
L199c25d038	1	19	起きたら、ちょうどお腹が空いている	だろうなと思って、	君が寝てから	
Lcaf40a2978	1	19	維織	さんの言うとおり、	ちょうどお腹が空いてるよ。	
L12819c26ec	1	19	すぐバレちゃった	あははははははは。	あっ！	
L2a324c5ff1	1	19	それも違う。	ああ、もういいや。	コーヒーをくれ。	
L54bc2a23e6	1	19	維織	さんを見るでしょ。	俺は知った後と前では、	
L559c393a76	1	19	じゃあ、抜け駆けはなしかな。	本人が居ないのに、	私が仕掛けちゃフェアじゃないでしょ。	
L4a0a9750bc	1	19	さんもお疲れ様。	そしてありがとね。	私の友達を助けてくれて。	
L986cb881fc	1	19	（なんか変だな。	いつもなら「なんだ	さんか」	
L5713ff9539	1	19	にお嬢様と	呼ばれていた事も、	そして	
L077fac470c	1	19	維織	さんの口から俺に。	・・・・・・・・。	
L954d8f0c65	1	19	すでに未来の道が決められていた。	すでにガラス張りの	真っ直ぐに伸びた道の上を歩かされてた。	
L8268ba3c28	1	19	維織	さん来てないけど。	無視しやがったな。	
L3ceabfbed8	1	19	准	ちゃん、いつもの。	は～い。わかりました。	
L0db77bcfb9	1	19	似合ってるな。	なんとなくだけど、	維織	
L7b5082a092	1	19	准	はおかしくないか？	悪い物でも食べたのかな。	
Ldca902deb4	1	19	（よし！いくぞ！	男らしく謝るぞ！）	ねえ？	
L9794fcbf8b	1	19	言うんだ。	なんなら・・・・）	ねえってば！	
L900e86f463	1	19	お金無いんでしょ？	もう帰っていいよ。	えっ？	
Lb74a980d84	1	19	・・・・・・・・。	あれ？おかしいな。	ここらへんにテントを張っていた	
L608555db1b	1	19	今日の貴方を見てわかった。	どんな人間だって、	前に進む事はできるんだって。	
L9e8e99d79d	1	19	維織	お嬢様は・・・・・	その会社の次期社長なのだよ。	
L6d857bbe19	1	19	維織	お嬢様は君の前では	自分を偽っておられるようだから。	
Lc15c0a613f	1	19	それは君達の世界の話だ。	私達の住む、いや、	維織	
L63c1ab3a54	1	19	維織	お嬢様の社長就任は	本当は今年の８月だったのだ。	
L40d157effd	1	19	維織	さん！まだ行くな！	えっ？	
Lfa48d53118	1	19	人は進む事ができるんだ！	空を飛べなくたって	俺達は地を歩いていける。	
L9ff8156753	1	19	どうしようかな。	いレストランに行く	（ぐきゅるるる・・・）	
L06b7b7eecb	1	19	安藤	にも心配かけたな。	もう大丈夫だ。	
Le3ca8556ba	1	19	急用じゃあ	しかたないですね。	では、この話の続きは次回という事に	
L264bd78e61	1	19	雪白	さんは、お父さんの	知り合いなんですよね。	
L071c3b9c26	1	19	霧生	さんが持っていると	思っていたのですが。	
L3833f129d3	1	19	まあ、あんな事があった後なんで、	しばらく、この町を	離れたかったんじゃないですかね。	
Lcb808fabac	1	19	なんで、クマのぬいぐるみ？	食べ物とかでいいの	に・・・	
L7314864d5c	1	19	に・・・	いつまで待たせるん	だ・・・）	
L3de36483af	1	19	さん。	店の前に来てるだけ	で・・・	
L21ec751a76	1	19	どこ行った！	いないじゃないか、	あんど・・・	
Leac4e8dc33	1	19	・・・	お客さんもいるんだ	が・・・	
L4d2b728c04	1	19	店長	もお待ちですから、	どうぞこちらです。	
L6b2557bf0f	1	19	なかなか、いい住まいですな。	・・・そうですか？	うむ	
L8621b85a3a	1	19	晴継	様は、あなたの力を	大変評価されております。	
L9087a004e9	1	19	少しは、判っていただけましたかな？	は・・・はぁ・・・	うむ	
L627b5c9478	1	19	なら、仕事中？	とか、聞くなよな。	ははは。	
L48c2da570c	1	19	よーし！	もういっちょ来い！	・・・・・・・・・・・・	
L9bbf176233	1	19	霧生	家に仕掛けておいた	盗聴器に面白い物	
Lf54441a885	1	19	必要無いか	とも思っていたが、	仕掛けておいて	
L30c849f4d0	1	19	えーと・・・	じゃあ、河原・・・	・・・・・・・・・・・・	
L1d0fa62f14	1	19	私も、この曲好きだし。	よーし、じゃあ私は	これで行く！	
L382b30d48a	1	19	いいですな・・・	（トボトボ・・・）	（誘った方がよかったかな？）	
L01158592ca	1	19	代表みたいな事を	してる人らしいぜ。	私も、よく	
L721cf894b3	1	19	なんと！	君は、お嬢様の事が	知りたいのですかな！？	
L92fb0db984	1	19	いけない話題に、	触れてしまったよう	だ・・・	
La8e386fd76	1	19	くそー！	この映画ハズレだ！	時間損した！	
Ldd82ba6f5b	1	19	し・・・	私は、いいんだけど	さ・・・	
L63fcdac0ce	1	19	だまされてたのかな？	・そんな事は・・・	・・・	
L2525c43cbe	1	19	考古学者でも、それ以外の何か	でも気にしないよ。	あー・・・	
L25111c6cf5	1	19	よし！	じゃあ、せっかくの	クリスマスだ	
L9e5dca925c	1	19	完成しましたぞ！	悪くならないうちに	食べるとよいですぞ。	
Lc2428d65cd	1	19	そんな感じの電話じゃないよな。	もしかして、暗号と	か・・・	
L7ca6fa7561	1	19	（ええ！？	魚からケーキ！？）	生臭くは・・・	
Ld624d671e4	1	19	なに食べようか。	さん、なにがいい？	そうだなぁ。	
Lad9c33cd09	1	19	・・・なんだ。	て大吉じゃないか。	こんな所で運使ったらダメだよ。	
L3f2d59f427	1	19	可能性は？	たぶん、ない・・・	と思う。	
Lb200c31df4	1	19	雪白	って人が来た時に、	こっそり持ち出されてたら	
Laf11409ba9	1	19	仕事の資料みたいな物は、	たくさんあるんだけ	ど・・・	
L42a16ac2a9	1	19	なるほど・・・	それなら大丈夫だ。	現役引退た身で、口封じのために	
Le1eb83e44f	1	19	殺しは	したくないからな。	そういうことですな。	
La4e74b0a90	1	19	（あっは～～い！	あっは～～い！）	また、あの倉庫から	
L3f55c4e203	1	19	あ！	肝心の食べ物を、	取り返すのを忘れてた・・・	
L240de60960	1	19	どうでもいいのでやんす！	もっと大人らしく	身だしなみに気を使え、でやんす！	
Lfb397f0a81	1	19	ふ～ん、とりあえず	もらっておくよ。	ありがとう。	
L78170cefeb	1	19	なあ、良かったら	この本あげるよ。	なになに？	
Lff832620a6	1	19	貴子	ちゃん帰ろうか。	うん。	
Le7bec157f8	1	19	本当に？	・・・悪いなぁ。	・・・・・・。	
Lcbf018357a	1	19	ピラララ～！）	（じゃあ、次！）	（あいうえおいうえおあうえお	
L1bdb0e1bf6	1	19	どこがいい？	いそうだな・・・	へえ、カッコイイでやんすね。	
L7ec44bb696	1	19	これからも、劇団でがんばる	ことにしたのね。	はい。	
L179cb98ba2	1	19	へえ、	白いイタチの人形	か。	
L3aaf02266d	1	19	・・・ヒマなんでやんすねぇ。	アンタたちには、	つきあいきれないでやんす。	
L6e6571bb7d	1	19	大丈夫だ。	俺たちなしでも、	この連中なら立派に商店街を	
L05117c0f8a	1	19	ええと・・・	それは人前でも？	もちろん、あったりまえ。	
L6679e0c27a	1	19	バットが持てるでやんすね。	よく見るでカニ。	・・・あ。	
L9a1a41867d	1	19	大人の事情	ってヤツなんだ。	オイラ、子供だからよくわかんない	
L35bd717b82	1	19	協力するよ。	・・・それから、	君。	
L17bd81c811	1	19	ふーん、バイトかぁ。	がんばってるな。	そのチラシ見てごらんよ。	
L794a060959	1	19	（このチラシはアメがついてるぞ。	ラッキーだな。）	いらっしゃいませ！	
L0bcb2fbce5	1	19	・・・そうだったのか。	じゃ、ご両親は？	まあ、二人とも	
La73b60b213	1	19	ちょっと、あんた。	今でもあの河原に	どうしてです？	
La1219d7efb	1	19	全部焼けてしまったらしいな。	どこかの家には、	残ってるかもしれないが・・・	
L0dd892bbfc	1	19	あの子が持ってるんじゃない？	ほら、あの・・・	なんだっけ？	
L1e8408fb16	1	19	いや、そうじゃないんだ。	このゲームでは、	どんなに練習しても	
Lf9e9e699b6	1	19	「コマンド」って・・・	何の話でやんす？	あと、それとは別の話だけど、	
L10d34ee9ce	1	19	Ｘボタン	と組み合わせると	快適にゲームがプレイできるぞ。	
Led26c14e8c	1	19	（ドカ！）	アイタタタ・・・	あ、おはよう。	
Lec0e41ffed	1	19	商店街	って言うのかな？	ブギウギ商店街	
L191b0fb351	1	19	息子さんは	まだ小学生だし、	夢は大きく持っていた方が	
La1e937d348	1	19	ビクトリーズ	を甘く見るなよ。	（プレイボール！）	
Lbca4400826	1	19	それは・・・	そうかもしれぬ。	味方の実力を把握すれば	
L38202aa86a	1	19	よかったら、これ見に来てください！	ああ、チラシか。	なになに・・・	
L33739f615b	1	19	ジャジメント	の仲間でしょう。	怪しまれないように複数の会社を	
L8f622019a1	1	19	はぁ？	おいおい、今日は	水曜日	
L845df1c430	1	19	復讐なんて時間の無駄でしょ。	名前がないなら、	自分でつければ	
L9e8624a3c7	1	19	待っても良かったんじゃないのか？	・・・ダメなの。	今日で・・・もう・・・	
Lea5cc100b8	1	19	見えてるぞ？	さようなら・・・	私のこと、忘れないで・・・	
L775b5cf1df	1	19	ええっと、コホン。	お客様、ご注文は	お決まりになりましたか？	
Ledab102957	1	19	いやちがう。	あれは・・・・・	いじめられてるんだ。	
L135d5ce1ad	1	19	に見てもらおう㎞	あいつ喜ぶぞぉ！	（	
Lbd5db4ee30	1	19	ブギウギ商店街	はもうダメだぁ。	だから、アタクシは最初から	
L1a5f966bfe	1	19	奈津姫	さんもお元気で。	・・・・・・・・・・・・。	
L222bc15c0b	1	19	ワン公	が帰ってきたら、	オイラ、今度こそ連れ帰るでやんす。	
Lef4446eb63	1	19	ビクトリーズ	に、新しい仲間が	増えることになった。	
L7ea678b1a9	1	19	遅くなるんだ？	そんなに配達先が	多い訳じゃないだろう。	
L2fc24247e6	1	19	ひと手間多いんですよ。	それにしますか？	じゃあ、おねがいします。	
Leb1fe65b0a	1	19	ムシャ	、子供は好きだ。	へえ、意外だな。	
L43b8b6375f	1	19	・・・	くん、ちょっと。	なんだ？	
Lec0ab9a370	1	19	いや、見かけなかったな。	あれだけ大きくて	変なヨロイ着てたら	
L3bade2def7	1	19	セーブ	するんでやんす。	さあ、がんばってゲーム再開だ！	
Ld4cc60c26c	1	19	ほっぺたが落ちる？	そりゃあ大変だ！	も～！	
L5fef108cb5	1	19	さ	さん、やったね！	ああ、なんとか勝てたよ。	
Le8726239ad	1	19	貴子	の学校まで行って	あいつに色目使ってる男を	
Ld6180027bb	1	19	これぐらいの修理なら朝飯前だな。	しかしこのナベ、	そうとう年季が入ってるねぇ。	
Ld160f8033a	1	19	おじちゃん！	それ何でやんす？	ワン公	
L00f0bdb26e	1	19	・・・世間の評判なんて・・・	もう、うんざり。	！	
L07c5b9671a	1	19	まあ確かに、時々	嫁の目を盗んでは	仕事をサボることもあるけれど、	
L43e0ea00ee	1	19	仕事をサボることもあるけれど、	店にいるときには	キリッとしていると思ってたんだ。	
Le5b5b5e8f5	1	19	ええ。	そうしましょう。	あれ、	
L6728cbe421	1	19	こうやって、ちょっと引っ張って	手を離すと・・・	（シュルシュル）	
Laed7e52983	1	19	（・・・・・・・・・・・・・・。）	（ドバーン！！）	きっ、きゃああああ！？	
La6188107cf	1	19	とりあえず、キャッチボールでも	するでやんすか？	・・・よし。	
L2cee599fef	1	19	カンタ	君のしゃべり方が	うつってしまったようでやんすね。	
La06807f88d	1	19	・・・そうかな？	いよし、探そう。	じゃあ、オイラだけで探すでやんす！	
L0537eb59ca	1	19	よかったな。	じゃあ、他の物は	並木	
Lec27081970	1	19	ティッシュか。	もらっておこう。	この前は、ここで	
L4ce35eafb0	1	19	お父さんも助かるって話なら、	俺はよろこんで、	ここにご厄介になりますよ。	
L1d76eb06db	1	19	カンタ	、どうしたの？！	学校でいじめられたでやんす。	
Lde5da63432	1	19	広川	さんの店の方は、	どうなってるんだ。	
L8473e16fca	1	19	いつもタダで食べさせてもらってるから	その代わりだね。	なるほど。	
L71acd162f1	1	19	いやいや、虫というのは栄養源として	なかなか馬鹿には	できぬもの。	
L8971f11e7f	1	19	うろつき	コマンドではなく	女の子に会いに行く	
Lb3ff51a09c	1	19	そんな風に、自分をおとしめる	のは良くないぞ。	君の力はとてもユニークなんだから、	
Lc4740f5376	1	19	ああ、テレビ局の話が先にあってね。	その話を聞いて、	ジャジメント	
Ld13f464b1b	1	19	それはよかった。	・・・ていうか、	いつも100万もかかってたのか？	
L029df42fd4	1	19	佐和田	監督は、いきなり	俺をキャプテンに指名した。）	
L623fd9875e	1	19	ええーっ？	どうしてカニ！？	いやなんと言うか、その。	
L1b9b6e71f5	1	19	はぁ～～。	そうなんだよな。	俺って本物の怪人なんだよな。	
L7124373374	1	19	いじけてみたって、しょうがないカニ。	よし、俺もう一度	ちゃんと怪人やってみるカニ！	
Ldddc34f154	1	19	えええ！	そうだったっけ？	ほら、この前	
Lc5d2e9ca4d	1	19	いや本当だって！	もう、命の恩人！	兄貴って呼ばせてもらうぜ！	
L4929804c48	1	19	いや、そういう評価じゃなくてさ。	もっとこう・・・	個人的な、なんかあるだろ、ほら。	
Lec7c4a03bf	1	19	・・・まあ、手はあるさ。	ようするに、あの	人がいなくても	
L7998a19100	1	19	佐和田	監督の仕事なので	あなたには操作できません。	
Lcf12039a4e	1	19	・・・・・	もったいぶるな。	そのパイロットがどうしたんだ？	
Lb8f8acb696	1	19	俺らはこの劇団を一流の劇団にする	のが夢なんだよ。	そのために団員としてリスクを負って	
L5b0db56744	1	19	そのために団員としてリスクを負って	がんばってんだ。	そして自分も将来的には役者として	
Lae43f9f3e1	1	19	ちよ	も迷惑だろうし。	・・・そうか、わかった。	
L8e3b42d9cd	1	19	カンタ	君の１つ上の学年	なんだけどさ、あの人まだ２０代だよ。	
La1b7f89ae4	1	19	君のよく知ってる人物じゃないのか？	そして、その人は	ジャジメント	
Laa08d5d107	1	19	以外のチームに	勝ちつづければ、	いいんじゃないんですか？	
La531924195	1	19	チーム内部でゴタゴタして隙を見せたり	しない方がいい。	・・・まあ、そうだけどよ。	
L16ac20e6dd	1	19	キングコブラーズ	を倒してからだ。	その後は	
L8046747346	1	19	遠前町	を虫まみれにして	イメージダウンをさせるような	
L3df7e56d80	1	19	まあ、今のところはないな。	この薬、やるよ。	（ポイ）	
Leeec75f57a	1	19	母ちゃんがいると、気をつかっちゃう	でやんすからね。	ああ、なるほど。	
Ld864755b0d	1	19	いつまでも、俺の着替えで	練習するわけには	いかんだろ。	
Leb93d1bd4a	1	19	発動に一日消化しますが、	バンザイメーター	の長さに応じた期間	
Lbd8e8d5e6d	1	19	ワン公	の話が聞きたい？	ぜひ。	
L57f2977e1b	1	19	ワン公	を置いてきたって	言ってたよ。	
L2083abb5e5	1	19	言ってたよ。	そんなに肩書きが	大事なんですかね？	
Lc80aef0d04	1	19	あ！	あれなんだろう？	どれ？	
L8bbb2e7366	1	19	出て行ったときには驚いたよ。	どうしていいか、	まったくわからなかったし。	
L9525272a3d	1	19	ビクトリーズ	に入っているのも	商店街の人が声かけてくれたんだな。	
L8f113ceb64	1	19	おいおいおい・・・	そりゃないだろ？	あんなに若くて美人なんだよ？	
L02530b6042	1	19	なにをボケてるんだ、君は。	そうじゃなくて！	奈津姫	
L131ea915c4	1	19	・・・・いや、別に・・・	あ、風来坊さん。	こんにちは。	
La1c344677f	1	19	今日も配達は多いぜ！	うはははははは！	あははははは！	
L09c6f693d5	1	19	貴子	、メシの用意だ。	（・・・あれ？	
L950f24f696	1	19	のりお	くんありがとう。	また頼むよ。	
Lf79a628a01	1	19	つまり、自慢がしたいのか？	お前達が偉いのは	わかったから、	
L0ea3f3811f	1	19	む～～～～～ん。	帰るんだなぁ～。	ああ、帰れ帰れ！	
Lc524e23cdb	1	19	買ってたやつよ。	でも、あげるわ。	いや、もらう理由がないから・・・	
L21876bf29a	1	19	ちょうどいいぞ。	ああ、そうそう！	Ｙボタン	
L5c940c8c0d	1	19	青島	先生と会った。）	あなたも、こんな場所に	
L817266e713	1	19	回復	コマンドで病気を	きちんと治しましょう。）	
L82fb04c521	1	19	師匠	って呼んでいい？	？	
L0c6bbe448a	1	19	親しみが出るでしょ。	わたしのことも「	ちよ	
L366e75df10	1	19	ジャジメント	の試合で使わせて	もらいますよ。	
L9e8f72b321	1	19	・・・・・・・・・。	うん、そうだね。	がんばってみるよ。	
Laee3db764a	1	19	カンタ	を叱れないわね。	カンタ	
L236b3ac919	1	19	ムシャ	の顔触ってみろ。	・・・・・・・・・。	
L1dc0d7417c	1	19	ああ、野球は楽しかったな。	だが、あっちには	妻と４人の子供が待っている。	
L2f61508770	1	19	ごほうび	ってお金使うの。	にもなんか買ってあげようか？	
L973696d3f8	1	19	わたしなんか凶だよ。	・・・ショック。	じゃあ、二人の運勢を足して	
Lfafb76aac0	1	19	いたた、なんだいったい？	あっ、バナナだ。	いただき！	
L5d2a973aec	1	19	は、チケットを50枚も売った	って言ってたし。	彼は親戚が多いからね。	
L796e7ab7df	1	19	に主役をやらせる？	そんなの無理だ！	でも、	
L7d9a100fb6	1	19	官藤	くんの推薦だし、	わたしもそれがいいと思う。	
L592e72561f	1	19	（・・・なんだか、嫌な予感がするぞ。）	い見せてもらう。	じゃあ、見せてくれ。	
L853689df1a	1	19	そうでしょ。	じゃあ、わたしが	に	
Lfcdf170b38	1	19	垂れの助	さんがんばって！	こ	
Lb1811d5cfc	1	19	そこに次の人が入ってくる。	だけどその人は、	まったく違うシチュエーションを	
L3d2233e7df	1	19	だとは思わなかった。	もう勝手にしろ！	・・・そっか。	
L6aafd2c9b2	1	19	・・・そっか。	うん、ありがと。	いろいろ心配かけてごめんね。	
Lf2e1ebe9bc	1	19	（ケーキは拾うと、Ｘボタンで	設置できます。）	よし、虫退治開始だ！	
L230cc20989	1	19	まだ事情がよく飲み込めてない	んですけど・・・	なんだ、お前きちんと	
L71ce787f0d	1	19	おう。	じゃあ、行くぞ！	行くって・・・どこに？	
Lbe9782acff	1	19	なに、お宝？	ここにあるのか？	ふふふふふふっ、ついて来るでやんす。	
L168ad2d556	1	19	の展示物が	増えるでやんす。	ふふふふふふふふふっ・・・・	
L6577e5fb10	1	19	おねえちゃん	って連呼してる。	よほどショックだったらしいな。）	
L9087e7a349	1	19	そういうのはマンガの中だけの話	じゃないのかな。	ええー？	
L3e40000def	1	19	じゃあ、違うのは名前だけ	なんでやんすか？	いや、普通より速かったり	
L12d4f859e5	1	19	気持ちはうれしいけど、	これでお別れだ。	い	
Le328d3f29b	1	19	しかし、今日は調子にのりすぎだ。	敵ならともかく、	味方の自信を奪ってどうする。	
L52e4804409	1	19	・・・	さん、全部自分で	しょいこんじゃダメよ。	
L1b0a3098a9	1	19	ちょっと、やめてよ・・・	あぶないわ・・・	大丈夫。	
L92a20c6760	1	19	ひかれそうになったんだよ。	さんと一緒だね。	それはイヤな一緒だな・・・・	
L2afeee79d1	1	19	くそ、	はけ出さないと！	うわあああ？！	
L99646c7487	1	19	ふ、ふざけるな！	私は、私は・・・	支店長なんだぞぉ！	
L3c21dff49b	1	19	出口は虫だらけ	じゃないですか！	それで、いまだに長期の働き口は	
Lcfa02b6e81	1	19	そりゃあ、皿洗いでもやってくれると	助かるけど・・・	そうしたら今度は、私がヒマに	
L0f78b1db4a	1	19	ね？	いお願いします。	いや、しかし・・・・	
L0909125bca	1	19	ビクトリーズ	に連れて行けば、	こんな奴でも少しは戦力になるかな。）	
L0f27b919a6	1	19	に試合を	申し込むんだな。	試合でコテンパンにやっつけて	
L8f5ca9266b	1	19	いつも練習しているグラウンドのある	裏山ですけどね。	母ちゃん、お腹すいた～！	
L8444c4f4f0	1	19	、「やんす」って言うのは	もうやめなさい。	・・・・・・・・・・・・。	
L93cb0756ff	1	19	なっちゃん	もウワサを聞いて	来たんじゃないの？	
L2516fd6352	1	19	カンタ	がいじめられてる	ところを助けてくれたらしいけど、	
L1937bde89f	1	19	よっ、兄さん。	なんか釣れてる？	うああ、いい河だな。	
L9ef6f8fca9	1	19	俺たち商店街の人間だけで	戦うべきなんだ。	お前らがいたら、試合に勝っても	
Lc10aefef92	1	19	こうしよう。	俺たちのチームと	権田	
L0811a0acc5	1	19	こっちが勝てば	これまでどおり、	そっちが勝てば、俺たちは去ろう。	
L4d1d89629d	1	19	商店街を敬遠しがちな	君たち若い者が、	自分たちから	
Lf7bab65f68	1	19	自分たちから	、都会じゃなくて	こっちで公演を打ってくれるって	
Lde3c58aaf1	1	19	それから、公演日時が決まったら	早めに教えてね。	じゃあ、がんばってよ。	
Lf990e47aa5	1	19	会長さんが様子を見に来るとは	びっくりしたな。	・・・・・・。	
Lff33c40e84	1	19	・・・特撮変身ヒーローの映画？	いお金にしよう。	いらっしゃいませ。	
L6a9fc4af18	1	19	２人だけで遊びに行ってるなんて	ずるいでやんす！	ははは、次は	
L3c734301b9	1	19	ブツブツブツブツ・・・	じゃあ、オイラと	この映画に行くでやんすか？	
Lfbbdd41109	1	19	カシミール	の店番をしに行く	約束なんだ。	
Ldd35fc1c1e	1	19	余力があったら	かついで逃げて。	なかったら見捨てていいから。	
L83bd96c094	1	19	元？	元なんかないよ。	サイボーグの開発のために	
L5620a97d18	1	19	ははは、まあ外の世界じゃ	オレみたいな奴は	珍しいらしいがな！	
L01cbfcd669	1	19	ええっと、照明さんにお願いしないと。	きゃああーー！！	（バキッ！！）	
Lc13f5a391f	1	19	・・・あ、これは大変失礼をした。	誠に申し訳ない。	しかし、あまりにも知り合いに	
Ld65ecb2559	1	19	亀田	のおじちゃんだ！	ちがうでやんす！	
Ld3ba83a55c	1	19	そういえば、電気屋のテレビで	見たことあるぞ。	うおおおおおおおおおおお！	
L0a5dd52593	1	19	アンタ最高でやんす！	心の友でやんす！	今日からマブダチでやんすぅ・・・	
La7a766d264	1	19	待てよ・・・	なぜここにいる。	お前は	
L03cb4ab418	1	19	今度こそ、	の野郎はつぶす！	さて、それで・・・さっきの話だが。	
L8cdf5ec3e9	1	19	ジャジメント	が探していたのは	それですか。）	
L2476027fd0	1	19	でも、連中の言いなりになってた	わけじゃないわ。	ええ、もちろんです。	
L2192a545ff	1	19	カンタ	君のために・・・	違う！	
L63aaadd924	1	19	あなたが抱えていかないと	いけないんです。	・・・あなたって残酷なのね。	
L0aa5b4700c	1	19	いや、	いつもはちゃんと	川で洗ってるんだけど・・・	
L317cb3726c	1	19	えっと、今日はお風呂屋さんは	お休みだし・・・	そうだ、あたしの家のお風呂貸そうか？	
L6c3fc86da6	1	19	さすがに、そこまで好意には	甘えられないよ。	そう？	
L66acd935cd	1	19	みんなでお前達のいる部屋を	掘り出したんだ。	椿	
L72e88bf7ae	1	19	ようやく・・・	全部片がついた。	あい	
L21f58a337b	1	19	また、来てくれるよね？	あれ、そういえば	カンタ	
La9e45eb20b	1	19	おじちゃーーーーーん！	ありがとう！！！	ヒマだな・・・	
La4d8299fbe	1	19	パソコンがいっぱい？	あ、見ちゃダメ！	あ、うん、ごめん。	
L2a06d386ed	1	19	えっ！	いつ帰ったんだ？	いや、音が気になって・・・	
Lddbac83095	1	19	カシミール	はどうしたんだ？	一時的に閉めてきた。	
La59b21b0ac	1	19	カード力	が大きければより	いい打撃結果になりやすい。	
L11a13e6f04	1	19	黄色の矢印	で表された球種も	相手のカードと合っていれば、完璧だ。	
L0dd948f163	1	19	カードを使用できるんだ。	カードに合わせて	Ｘボタン	
Le44b6d1244	1	19	気合ポイント	は、試合の展開で	徐々に増えていくぞ。	
Lcd9184d322	1	19	カンタ	君、お母さんは？	先に行って待ってるでやんす。	
L224216fd5d	1	19	ふむ。	商店街の方からも	ビクトリーズ	
La3af9d7d36	1	19	当時、俺は野球部のマネージャーと	付き合っていた。	よく気のつく、カワイイ子だった。	
Lee2e13a149	1	19	そうなのかぁ！	コンチクショウ！	こうなったら野球でがんばるぞ！	
Lf1bb9bb42c	1	19	こうなったら野球でがんばるぞ！	（ひらきなおって	水間	
Ld6967dc17c	1	19	は、いつも本番が近づくと	ああなるんだよ。	もう芝居しか見えないって感じだろ。	
L99ee220abf	1	19	なんだって！	しかも一週間も！	ああ、そういう話だ。	
L10de7b76bf	1	19	う、うん。	・・・やりたい。	よし！	
L90173167c0	1	19	今日は用事があって出かけて	留守にするから、	店の方よろしくたのむな。	
L4075d5ae54	1	19	うん。	どうしたんだい?	・・・思い出したの。	
L8135bcec96	1	19	ここ！	４月のここから、	ずっと白紙のままなのよ！	
L7fd38c22b0	1	19	貴子	ちゃんは俺の前に	こうしているじゃないか！	
Lc3c49962ca	1	19	とっくに死んでるのに影だけが	残っているのよ。	いや、ちょっと待った。	
Lfcfc6b60f6	1	19	そんなこと、世の中にはいくらでも	あるでしょうに。	いちいち気にしてたら、ちっとも	
L193b8fd9ce	1	19	カンタ	君は俺みたいには	ならないと思いますよ。	
L5d6905be22	1	19	・・・あ、そうだ。	あなたが、もっと	まともな生活を	
L1edecb913b	1	19	じゃあ、この人はいったい？	い困った奴です。	ええっ？！	
L8ad360b58c	1	19	お菓子	おいしかったよ。	まじで！？	
L8c99a6f6ea	1	19	いいじゃない。	それより、今日は	基礎練習からやってみる？	
Lab390f1c23	1	19	それから発声練習ね。	・・・発声練習？	ええっと、つまり舞台で立つために	
L23132378a4	1	19	官藤	くんやってみて。	ふぅ～～、	
L7f805adb40	1	19	・・・・・・	神様、残酷だぞ。	え	
Lad350dd8e1	1	19	貴子	に詳しいな・・・	・・・それでも・・・	
L26a983adf3	1	19	・・・あたしんちの方が近い	・・・そっちに。	ああ、わかった！	
Lcaa7b263fc	1	19	・・・そっちに。	ああ、わかった！	っ	
Lc4439388b0	1	19	遠前町	で合ってるカニ？	・・・・・・・・・・・・。	
L66202e439a	1	19	まず、一応	知り合いかどうか	確認した方がいいと思いまして。	
Lc4ce9efbc0	1	19	ただのバカじゃない。	わたしは、いや。	いいかげんにしろよ、	
L8d4cc6cd24	1	19	なんでやんす？	この汚い場所は？	木川	
Laaaf7d72bb	1	19	ちよ	ちゃんの頼みじゃ	しょうがないな。	
L225d831358	1	19	こんなのは、うちの劇団じゃない！	やるっていうなら	オレは	
Laafaaa5167	1	19	一緒に公演を	やってほしいの。	・・・・・・信じる？	
L60893f116e	1	19	演出！	何やってるんだ！	もう三日しかないんだぞ。	
L5da9ffb12d	1	19	そんなボォーッとしてる時間ないだろ！	早く練習！練習！	あ、うん！	
Lca4834545a	1	19	子供の頃に買えなかった	変身アンドロイド	が、あるでやんす！	
L16b0ee7b8f	1	19	グランドマン	の走行モデルまで	あるでやんす。	
Le1c98670fc	1	19	凡田	のスピリットか！	フフフ、そうでやんす！	
L42295c66fa	1	19	あれえ、こんなにたくさん？	お金、大丈夫～？	心配ない、今日は新顔が来て	
Lf84107798c	1	19	なんだ、元気がないな。	そんなことでは、	北極支店でがんばれないぞ。	
L203dcafcb8	1	19	えっ？！	そんな、ちゃんと	その本は、	
Le8fbbb6a22	1	19	また捨てられてる本を見つけたよ。	いよし、任せろ。	ええーっ、どうして？！	
L1541152fda	1	19	なんかどれもこれもボロボロだから	買い取れないよ。	持って帰ってくれないかなぁ。	
L4a2609e738	1	19	じゃあ、オイラの取り分は150円と。	大成功でやんす。	はは	
L829cfac63c	1	19	査定してみたけど・・・	250円かなぁ。	そうか、じゃあ・・・	
L90ff35dc9e	1	19	カンタ	君、すごいなぁ。	俺だったら絶対に気づかなかったよ。	
L90c1a2aa2e	1	19	くん！	観てくれたんだ。	ケガはいいの？	
L0ece87c92c	1	19	オーディションを受けてみないかって	誘われちゃった。	うお、すごいじゃん。	
Lda22b0fac0	1	19	ちよ	に紹介したんだ？	もし	
L61213d2de1	1	19	この劇団は	どうなるんだよ？	でもさ、	
L5f3f3bea3a	1	19	ちよ	がビッグになれる	チャンスじゃないか。	
L6d02aa2c1f	1	19	えっ、ダチョウ？！	ダチョウに乗って	ダチョウでダチョウを追いかけて	
Lb328db6412	1	19	い、いや、悪くないかもしれん。	というか、この際	他に手がない！	
L13d16e74d3	1	19	？	う強引に起こす！	おい、起きろ！	
L86c0dff891	1	19	たぶん、こっちの居場所がばれたな。	よし、逃げるぞ！	・・・どっこいしょっと。	
L47e7ab566c	1	19	な、なに、かすり傷だ。	急いで逃げよう！	き	
L8bde7cac49	1	19	今日は、わたしの得意料理	作ってあげるよ。	へえ、それは楽しみだな。	
L55f9269475	1	19	くんがわたしになって	しゃべってるの。	わたし	
L7f96180cdd	1	19	わたしのこと	つけ回してたの？	むしろ	
L2763b71b87	1	19	ぐっ、	そんなのいやだ！	いやだ！	
L0fd9003599	1	19	でも小屋が焼けちまったら	もう終わりだな。	あんなに時間かけて準備した割には	
L2630188cb1	1	19	オレは	もうこりごりだ。	バカ！	
L0114dcf101	1	19	椿	、この女を殺せ！	おいおい、そんな必要ないだろ。	
L24176d2693	1	19	ああ、申し出はありがたいけどね。	早く帰らないと、	心配する人もいるから。	
Ld9a6a9f5f0	1	19	予想以上に	せまかったけど、	お湯が使えるというのは	
Lf24d9f00f4	1	19	ちよ	ちゃんの家だろ？	だから、居候ってことね。	
Lf003924b0d	1	19	カンタ	の方みたいです。	えっ？	
Lf7e979acc0	1	19	負けると	がっかりします。	やっぱり、強いところに抵抗しても	
Ld20f49c4ae	1	19	・・・・・・・・・。	おいしいカレー、	ありがとうございました。	
L57a060d59f	1	19	体力	を上げておけよ。	俺たちの練習は厳しいんだからさ。	
L8302acbfee	1	19	このチャンスは絶対にモノにしないと。	がんばるからね！	さ	
L5ecf06738a	1	19	ちょっと気になったから調べてみたんだ。	これ見てくれよ！	・・・「オーディションと言って	
Lc13dadcbb7	1	19	ちよ	は大丈夫なのか？	それが、今晩オーディションするって	
L0fd919bed1	1	19	いいね～その情熱、きてるよぉ。	それじゃ、最初は	演技を見せてもらっていいかな？	
Lf44411ede9	1	19	今はわたしにとって大事な瞬間なの。	だから帰れない。	こんなヤツの口車に乗っちゃだめだ。	
Lf9905980b1	1	19	俺のおかげで	どれだけのヤツが	成功してきたか知ってんのか？	
Lf42e860db4	1	19	この業界じゃもうビッグになれないよ。	それでもいいの？	ちよ	
L6e3d167362	1	19	いいよ～。	でも、なんの～？	そうだなあ。	
L41281ecad8	1	19	私をこんな閉じた世界から・・・・・。	いどういう意味？	どういう意味？	
L0957c6722d	1	19	維織	にサンドイッチを	おごってもらいました）	
L99dc406c23	1	19	（タタタタタタタ！）	い絶対に捕まえる	・・・・・・・・・・。	
L9d65cb7b3a	1	19	・・・・・・・・・。	これってホラー？	寄付してたおじさんの身長が５メートル	
La7b385a346	1	19	・・・・・・	君も持ってない。	携帯代を払う金があるなら	
L403e5ab9c1	1	19	こ、これは！	だんだんと体が！	・・・・・・・・。	
L9766b9e9db	1	19	の恐怖バッティング練習に	付き合いました）	あのさ・・・・・・・。	
L5ee14f6bf1	1	19	維織	さんの事だから、	俺が部屋を出てすぐにここへ	
Lcd1d65f5e8	1	19	維織	さんの部屋だよ。	だから早く寝て・・・・・・	
L638b9ff56b	1	19	ピエロ	ってなんだよ～。	ボ～クはそのサーカス団の花形	
L66ebdd4b7a	1	19	ピエロ	にもいろいろある	という事だな。	
L824a7378d8	1	19	ん？	あれは・・・・。	お～い！	
L603fd40223	1	19	だから貴方も、気が向いたらここに来て。	それだけでいい。	本当にそれだけでいいのか？	
L1058287d60	1	19	維織	と過ごしました）	お待たせ	
L30bdac248e	1	19	マスター	は中に居るから、	准	
La4bec2706b	1	19	とりあえず、この店にあった	辛そうな物全部と	・・・・・	
Lac41245b94	1	19	いろいろいれたけど、さすがにすぐ効き目	は出ないでしょ。	そうだよな。	
L1178046935	1	19	・・・・・	ジャンボパフェの	チョコ、抹茶、バニラの三点セットで	
L1de005859c	1	19	わかった。	しっかり考える。	だけど、考えてもどうしたらいいか	
Le1ba59708d	1	19	そ、	そう。わかった。	・・・・・・・・・・。	
L3ef761035f	1	19	でも間に合った事には変わりないよ。	だからね、はい。	これは私からのおごりで。	
L1cb77b56dc	1	19	・・・・・・・	そんなことない。	いつもどおり。	
L61e3732c46	1	19	君には関係無い。	知ったところで、	君には錬金不可能。	
L48f55515f9	1	19	おや！	やっと復帰したね	維織	
L11edffe1fb	1	19	・・・・・・	ずっと考えてた。	これからどうすればいいか。	
Lf77696f804	1	19	わからない。	いくら考えても、	何が正しいのかわからない。	
Lbe5f56c457	1	19	維織	さんを信じるよ。	うん	
L665698c5ce	1	19	マスター	だったんですか？	ああ、そうだよ。	
Le6e0d49d0c	1	19	何もかも背負って飛べる翼を持っている	のかもしれない。	でも私は鎖を引きちぎって前に進みたい。	
Lf098a8480a	1	19	毎日鍛えて、すぐに俺の筋肉でお前を驚か	せてやるからな。	それ願いが叶ったんじゃなくて、結局自分	
L57c58f2e15	1	19	維織	さんらしくない。	普段の	
L1f2b2d6188	1	19	そういえばこの間、俺に手料理を作るとか	言い出してだな。	維織	
L455748c3de	1	19	維織	さんが手料理！！	やばいよソレ！	
Lef18d11b5d	1	19	バラさないでくれ。	それで何の用だ？	別に。	
L6f79fddbfa	1	19	別に。	さんが見えたから	声をかけただけだよ。	
Lea7a1997ae	1	19	これがご飯食べてるように見える？	ああ、見えるね！	おいしそうに食べてるね！	
L796d9045fa	1	19	えっ？	もしかして演技？	当然でしょ。	
L069d05a1ec	1	19	維織	さんを少しの間、	任せた。	
L37182c506f	1	19	さんを超えた	という事ですか？	・・・・・・はあ。	
Lc33d1cd360	1	19	さんに	それをあげるよ。	いま買い物の帰りなんだけど、いっぱい	
L638853029c	1	19	維織	さんが選んだの？	うん。	
La2568955ac	1	19	維織	さんは・・・・。	よし！さすがに	
L41097b4202	1	19	まったく反応しなかったぞ。	どれだけ本に集中	・・・・・	
L8823786ee8	1	19	ちょ、ちょっと待て、その電話なんだ？	だれが変質者だ！	・・・・・・・・。	
L1dfec33bd9	1	19	ピエロ	じゃなくなった？	その姿をどう見たら、	
Lc7c66d4831	1	19	サーカスとか、デパートの屋上で風船とか	配っていそうな。	なんで、あんな所に？	
L6275650f99	1	19	さんと、これまで以上に	仲良くなりたいな	えっ！ちょ・・・なに言ってんだ！	
Lde97c8a7ec	1	19	今は無理だと言ったはず。	しかし、お嬢様。	（店内が静かだから小声でも二人の会話が	
L62495d169f	1	19	なんで俺にその事を	言わないんだ？）	維織	
L0af3d2eac2	1	19	も、もういいよ。	聞いてるだけで、	泣きそうになってくるから。	
L7863387687	1	19	さんは居なかった。	くっそ～。どこに	・・・・・・	
L0f84820240	1	19	お兄ちゃんは私が守るから！	だからアーンして	ヤバイヤバイヤバイ！	
L1c527c6588	1	19	だからずっと優しいお兄ちゃんでいてね	変わっちゃやだよ	頼むから、お前は変わってくれ。	
L78d89a3fb1	1	19	さんらしいと言えば、	らしいんだけど。	ス～。ス～。	
L76fb0f6a85	1	19	お前もそんな派手な格好で買い物を	しているんだな。	恥ずかしくないのか？	
Le143c30cb1	1	19	ピエロ	を見なかったか？	変な人なら目の前に居るけど、	
L4ed047c43d	1	19	貴方がこれまで旅して来た話を。	見て感じた事を。	貴方だけが知っている世界を。	
L9b09aa0324	1	19	ああ。いいよ。	そうだね。じゃあ	・・・・・・	
L539bdbd185	1	19	食欲の秋だからって、いっぱい食べてたら	太っちゃうかもね	さん。	
L2546842c76	1	19	あの雰囲気の中にいると、自分が小さく	感じるからね～。	確かに。	
L723ab2947a	1	19	あれ？	さん知らないの？	何が？	
L49cc9e7851	1	19	も、	もう、いいわよ！	アンタなんか知らない！	
Lbb946e550c	1	19	何も変わらない。	泣いたからって、	誰かが助けてくれるわけじゃない。	
Ld0ef22fcfa	1	19	誰かが助けてくれるわけじゃない。	笑ったからって、	誰かが喜んでくれるわけじゃない。	
L35f3a47775	1	19	誰かが喜んでくれるわけじゃない。	怒ったからって、	誰かが傷つくわけじゃない。	
L45dede61b9	1	19	だから	さん、大好きだよ	だからって・・・・一言もそんな事を	
L1f7997dd8f	1	19	認める事はできない。	それを認めると、	今の俺を全て否定する事になるから。	
L70b3b2ced9	1	19	わかった。	ちゃんと見てる。	ああ。	
Le3a0514844	1	19	怖いのは嫌だからね。	しっかり止めてよ	さん。	
La544667c60	1	19	なんとなく。	そう思ったから。	これが理由。	
L456f8c8839	1	19	この間というか、ほぼ毎日バイト	していますけど。	そうじゃなくて・・・・・・。	
L7b23003c2d	1	19	だったら私が	さんとデートして	いても、別に	
L0c0e612e84	1	19	維織	さんには関係ない	ですよね？	
L88c01ee6e9	1	19	さんの背中を見つけて声を	かけたからね～。	もしかしたら。	
L83f7b407b7	1	19	バッターがいるぞ。	その前に長方形の	・・・・・	
L37a0d8c4af	1	19	って言ってたっけ？	これって本名か？	・・・・・・・・・。	
L85a3cb0360	1	19	・・・・・・	そこまで言うなら	頑張れよ。	
L0e45c07a9d	1	19	いつも一緒じゃない。	でも貴方は毎日、	私の側で微笑んでくれた。	
L65abd03a5d	1	19	君は買い物に行っていてね。	その間だけだよ。	マスター	
Lbd14a9dd91	1	19	マスター	として過ごすよ。	君はこの街を出て行くのだろう？	
L3bf7c860f5	1	19	いろいろな事を読み取れるようになる為	に勉強してるの。	そうか。	
La31ece8c1d	1	19	ピエロ	を演じてこいよ。	・・・・・・・・・・。	
L80f2e25e6b	1	19	維織	さんも・・・・・	これ。	
L237a0d1625	1	19	テンチョーってなんだ！	テンチューだろ！	うるさ～い！	
L0b70555866	1	19	そんなの言えるわけないだろ～！	聞きたかったら、	ボ～クを倒してから聞き出してみろ～！	
Led401d86b8	1	19	准	がやって来た時、	逃げたんだな。	
L27f7af04e8	1	19	ピエロ	を演じてくると。	はっ！	
Lc347a130ba	1	19	。	き、気にするな。	わけがわかんないよ～。	
L3afff15a86	1	19	と言っても、いつも通り金は無いんだが。	何か食べるものは	・・・・・・・	
L92283e6a92	1	19	維織	さんに無理やり、	サンドイッチを食べさせてたし。	
L00479bb2d3	1	19	維織	さんの口に自分で	サンドイッチを持っていってみろ！	
L195c1a8054	1	19	ピエロ	だってわかるわ。	それで話って何かな	
Lb2213fc4f1	1	19	君は・・・・・本当に心配性。	大丈夫・・・・・	君の為なら、	
L6bd207968b	1	19	・・・・・	私って幸せ者だね	あの男、アレを食べたぞ。	
L0256df99f6	1	19	さんのプレゼントを買うことは	できないからな。	うんうん。	
Lf33f17d6ec	1	19	維織	さんが怒ったら、	お前も嫌だろう。	
L4d9d45e67d	1	19	メリットないね。	すぐバレちゃった	あははははははは。	
L158372776d	1	19	維織	さんの金銭面も、	あの喫茶店の	
L22362babe2	1	19	私を愛して。	毎日、キスして、	毎日、抱きしめて。	
Le41cac8937	1	19	かわいく言ったら、何を言っても許される	と思ってるのか？	今日はまだ	
L60129379b8	1	19	（その雰囲気を完全にぶち壊してる人間が	一人居るけどな）	いらっしゃいませ。ご主人様	
L5c1edebc48	1	19	・・・・・	いま何につまづい	たんだ？	
L340e487a0d	1	19	その時はウワッチャチチチチって言って	おけばいいのよ。	どうせ次のページには治ってるから。	
La7224dea6d	1	19	だからと言って、金は無いから何も食べれないんだが。	何か食べる物でも	・・・・・・	
L74d7f18340	1	19	・・・・・	ってさっきの人？	なんで？	
L8e84c60dca	1	19	そうですね。	いつもフロアには	准	
Lb055ae7c74	1	19	維織	さんは自分の事を	何も話してくれません。	
L107e1a00d9	1	19	維織	お嬢様の住む世界	では、それは重宝されるのだよ。	
L949ebdd238	1	19	これまで自分の社長就任に対し、	何も言わなかった	維織	
L8513bf320f	1	19	じゃあ、またコーヒーを	飲みにきてくれよ	君。	
L11a8ee2891	1	19	維織	さんの本当の声を	俺に聞かせてくれ。	
L56dba3ef2c	1	19	・	もどりたくない。	あの場所になんて	
Lcd1736d11a	1	19	もどりたくない。	あの場所になんて	戻りたくなんてないよ。	
La73280f168	1	19	はは映画館	ひひスポーツ観戦	むむに	
Lbeb2959fa5	1	19	うん・・・	用はないし・・・	帰ろう。	
Lc25ca675f0	1	19	（	いに行こうかな）	さ	
L7472d7f68a	1	19	にお嬢様の話を	聞かされました）	（プルルルルルル）	
Lb1ab5c4e74	1	19	あ・・・	だ、だれ・・・？	と・・・	
L4f396b96d6	1	19	カラオケで歌おうぜ。	・・・売るなよ？	売らないよ・・・	
Led1a2840a3	1	19	・・・売るなよ？	売らないよ・・・	か	
L52e7f1fdd4	1	19	戻ってきたんだ。	え、じゃあ・・・	またすぐに、出て行くの？	
L145d69c574	1	19	夏菜	は早く寝なさい。	明日も仕事だろう？	
Ld2c7f961ec	1	19	中身	詰めといたから、	悪くなる前に食べてくれよな。	
Lab5215c104	1	19	ははは・・・	なんか、嬉しくな	い・・・	
Lf669469adb	1	19	で・・・	って、聞いてない	し・・・	
L60961330c6	1	19	あはははは・・・	すみません・・・	うーん！	
La69c821257	1	19	おや？	アナタは、この間	の・・・	
Lf8bade34bf	1	19	さん。	仲間連れて来るな	よ・・・	
Lee3b590d7b	1	19	家に仕掛けておいた	盗聴器に面白い物	が・・・	
L4eaf39bcde	1	19	楽しそうで	いいですな・・・	（トボトボ・・・）	
L92d9f5bc6e	1	19	でも、あの人	このレストランで	働いてるわけじゃないぞ？	
Laf0453571b	1	19	岩井	と打ち合わせの日	だからの。	
L8f9963d47f	1	19	、そんな事言ってたかな。	まあ、とりあえず	案内しますね。	
Le6c8532feb	1	19	このレストランの親会社で、	代表みたいな事を	してる人らしいぜ。	
L055e0fc9a2	1	19	さんには、変わってる人とか	言われたくないと	思うけどな。	
Ld677aa6c3a	1	19	今度	会ったら聞こうと	思っていた事が、あるんですよ。	
L4215dd9bfb	1	19	城田	さん、よく電話が	かかってきますよね？	
L5145596acc	1	19	ふむ・・・	話の途中もうしわ	け・・・	
Lc8432e93a9	1	19	触れては	いけない話題に、	触れてしまったよう	
Lebfff7340d	1	19	さんは、何が観たいんだ？	いアクションもの	選んでいいな	
Le565d3d203	1	19	のの	これを見るのか？	嫌かな？	
L917648a5be	1	19	まあ、いいや。	その格好見たら、	まあ・・・	
L8bca0739dd	1	19	・・・	あ、えーと・・・	あ、	
Lf43f43926d	1	19	ははは、面目ない。	最近まとな食事を	していなかったか	
L899b782569	1	19	最近まとな食事を	していなかったか	ら・・・	
Ldcdd94d96c	1	19	違ったかな。	まあいいか・・・	で、いろんな所を調査して、	
L4a82ee0584	1	19	あー・・・	あのディスクは、	ちょっと気になるけどな。	
Le72ed9431e	1	19	・・・おや？	この匂いは・・・	ちょっと、その鞄の中身を、	
L0c45a77e87	1	19	か・・・	うーん、すごい。	忙しいのか忙しくないのか	
Lfebb74db29	1	19	来たな！	超アウトドア派の	さん。	
Lcb26971256	1	19	ははは・・・いや、別に・・・	あー・・・っと、	そうだ！	
L5a153ab73e	1	19	へぇー。	こうしてみると、	さんも	
L40ab1325dc	1	19	うん、あの格好で店の前	うろつかれるより	全然いい。	
L59468fe6a8	1	19	遊びに行こうぜ。	じゃあ、またな！	うん、また。	
Lea8becf7f1	1	19	わかった。	じゃあ、またね。	（	
Lda8c33d586	1	19	食べ物以外で、	何か面白そうな物	は・・・	
L9126bbfbe0	1	19	うん。	何か預かった物と	か・・・	
L3532c1a095	1	19	（ビリビリ！）	あ・・・ひどい。	なにするんだ、	
Ld4aab6f188	1	19	やれやれ・・・	生かしておいて、	晴継	
L43dddda20e	1	19	晴継	様に怒られんか？	いつもなら、そうですな。	
Lb7b56586e1	1	19	前半	を終了します。	引き続き、コマーシャルの後で	
L17ae306282	1	19	いい街だな。	この街のために	がんばるぞ。	
La2112fd06d	1	19	なんだ、またこの店は閉まってるぞ。	しかたがない、	あれ？	
L9097d35ad8	1	19	あんた、ケガしてるカニよ。	・・・大丈夫？	ああ、まあね。	
L93d731f2f5	1	19	バンザイ状態	になりました！	おおー、一緒に練習するカニ？	
Lfb720b8d22	1	19	じゃあ、こんなところにいても	しかたがない。	ところで、朝晩の食事は	
L9028709e41	1	19	今日は特別	きつかったな。	ああ、まったくだ。	
Lf56b61f29d	1	19	（ピラララ～！	ピラララ～！）	（じゃあ、次！）	
L518cdd7241	1	19	広川	にご用の方は、	カレー屋	
Lc8f47af693	1	19	ワン！	（いただき！）	負けて悔しいからって、	
L6f64817d50	1	19	お前、大人げないぞ！	こら、待てー！	あ	
Lcc636cad85	1	19	カード野球	を選んだのか。	最初のうちは	
Ld4ba633755	1	19	あ、ええと・・・	じゃ、それを。	お買い上げ、ありがとうございます！	
Lb92508cec4	1	19	スケベ。	さんのスケベ！	つ	
Lc5e9ccffaa	1	19	あの・・・	ひょっとして、	監督は今まで隠れてたんじゃ・・・	
Lab81fa70b0	1	19	おや？	こんなところに	見たことのない草が生えてるぞ。	
Lb6e564d81b	1	19	おーい、みんな。	来週の土曜日、	マックスパワーズ	
L676e328064	1	19	ん？	なんの音・・・	あっ、鉄骨が落ちてくる？！	
L24a895abd8	1	19	ムシャ	、ありがとう。	助かったよ。	
Ldd62f96121	1	19	立て直してくれるさ。	それじゃあな、	カンタ	
L6bc38e035e	1	19	山下	さんのところで	働くことにしたのね。	
L53f0d3ae64	1	19	おお、そういうことでやんすか！	そうだ、名前も	もっと強そうにするでやんすか？	
L3a4b582cf2	1	19	レーナニウコフ、ナンミー！	おおおおおっ、	来た来た来たぁあああ！	
L0b277bd66b	1	19	来た来た来たぁあああ！	（ドォーン！）	僕をバカにしたやつらめ！	
L3838d76d52	1	19	悪徳プロデューサーにだまされて・・・	うわああああ！	く	
L7b9856910a	1	19	ワン！	（マヌケめ！）	あ、どうしたの？	
L72b1183b64	1	19	イタチの人形	の目が光った？	くそ、勝てなかったか。	
L27fb207e28	1	19	技	と書くからね。	じゃあ、球場で特訓でやんす！	
L691f8939b0	1	19	オイラ、子供だからよくわかんない	でやんす・・・	パワプロクンポケット９	
Lfc9e6fa61c	1	19	なに？	言っておくが、	地上で泳ぐ速さなら負けないぞ。	
L5c2921471e	1	19	ネットで盛り上がったんですよ。	うふふふふふ。	（まさか、ネットでカンニングしながら	
Lef6a69f59e	1	19	を押すと、少し前の	文章も見られる	よ。	
L24cf04b6a6	1	19	アイタタタ・・・	あ、おはよう。	朝起きて妙に重いなと思ったら、	
Lf9e37c3a0b	1	19	まあ、それはそうだけどさ・・・	俺たちでなきゃ	できないことが	
L44bbd0390c	1	19	俺たちでなきゃ	できないことが	あるって、そう思わないか？	
L25cb38ad2b	1	19	コアラーズ	との試合だな！	今日勝って、３連勝だ！	
Lf432af2ddb	1	19	あたし、	別に変なことは	言ってないでしょ！	
Lbf4dc1c8ac	1	19	取って来るわ。	・・・べつに、	さんでもいいんだけどな～。	
L0ac8748002	1	19	あら、やだ	あたしったら！	抱きついたりしてごめんなさい。	
Lf53d23de01	1	19	いや、マジに	やっている所も	ちゃんとあるカニよ。	
Ld0cd6ae355	1	19	ムシャ	の家だからな。	んん？	
L32b9d84e90	1	19	どうして？	なぜなら・・・	捕球も、	
L1819a5641f	1	19	寺門	の方が正しい。	木川	
Lee8f50083a	1	19	ワイワイやってるんで、	月・水・金以外	の曜日に	
L94b7b1128d	1	19	いつも適当なんだよ、店開けてるの。	・・・よっと、	（ガラガラガラ！）	
L9d0dce956c	1	19	名前がないなら、	自分でつければ	よかったんだし。	
Lec7a4d2a15	1	19	なに？	どうしてお前が	貴子	
L88aac43ef3	1	19	それからソース、おしょうゆ、お砂糖。	メインは・・・	はい、パンの耳。	
Le365c3e768	1	19	を公園で見たって人が	いたでやんす！	よし、行ってみよう。	
L85bd1cd6a7	1	19	（ワンワン！！	ワンワン！！）	あ！	
L591054b201	1	19	ビクトリーズ	の何を重点的に	鍛えたらいいだろう？）	
L9637e69a99	1	19	そう。	だったらさぁ、	ちょっと付き合ってくれない？	
Labdfc4b54a	1	19	・・・他の人ならともかく、	あなたたちなら	なんとなく	
Le86a84f096	1	19	あ！	そうですよね。	貴子	
Lcaf2a450ee	1	19	前にバイトしたところで	もらったんだ。	よし、今日はここへ行くか。	
La1217ddfe2	1	19	こんなとこ来るの何年ぶりだろ！	あれ乗ろうよ！	ああ。	
L0a5702a11a	1	19	どれにしようかなぁ。	よし、あれっ！	ちよ	
Lf290f2131b	1	19	一度、なんだかこんな風に	２人でのんびり	さんと話をしてみたかったの。	
L61d0518007	1	19	そうだな・・・	まあ、その時は	お父さん次第だな。	
L399114dbeb	1	19	おーい！	待つでやんす！	はぁはぁ・・・	
L23ff37647e	1	19	待つでやんす！	はぁはぁ・・・	なんだか、走っても走っても	
Lec7056dde4	1	19	ここに妙な奴が来ていたな。	たしか、名前は	椿	
L868ea2c4a3	1	19	夢をかなえるために	がんばることは	とてもいいことだ。	
Lf7b2868dd5	1	19	！	い受けて立つ。	よし、いくぞ！	
L7cd644912e	1	19	お父さんみたいには	なりたくない」	って、言われちゃったんだよ。	
L2d8121e19f	1	19	・・・・・・・・・。	だ仕事ですか？	あ、ちょっと帳簿をね・・・	
L86ac97c530	1	19	師匠	がどんな思いで	オレを育ててくれたのかとか思うと、	
Lb12af301d8	1	19	じゃあ、今年は野球の試合で	がんばろうか！	おう！	
L4927c10640	1	19	ああ、すまないなぁ。	あ、おいしい！	よかったっす！	
L27307ebf20	1	19	師匠	がお前の親だ。	それで十分じゃないのかな。	
L52b12c5202	1	19	う～む、怪しいでやんす。	きっと、ここに	ムシャ	
L1cc9404763	1	19	警察の人がそんなこと言ってたら	ダメでカニよ。	こ、これは私的な意見であります。	
L12015cce5e	1	19	広川	さんが店番を？	なっちゃん	
L2ee0a14865	1	19	そうだ、お前の携帯電話に	来てほしい時に	俺の方から連絡していいか？	
L3630d6e964	1	19	コアラーズ	なら、この前に	やっつけたばかりでしょう。	
L5c93ee8952	1	19	他人から聞く	もうけ話など、	その者自身を富ませるための	
L37205cdc53	1	19	ちゃんと終わらせるカニ。	今年いっぱいは	ビクトリーズ	
Laf0c4956e8	1	19	だから、これから俺がどうするかが	問題なのカニ！	過去はどうでもいいのカニ！	
Ldbda8249c2	1	19	がんばるねぇ。	あっ、そうだ。	これ、さっきもらったんだけど、	
L1a30170745	1	19	どう思ってるんだよ？	ういい人だな。	いや、そういう評価じゃなくてさ。	
L58dae0a33c	1	19	ああ、わかった。	・・・ちぇっ。	こいつ、はっきり言いやがったな。	
Lf240b77c9b	1	19	あの苦労は、あんな	よそ者の連中が	活躍するための準備だったんですか？！	
L8db769451d	1	19	ようするに、あの	人がいなくても	ジャジメント	
L3375eb5a47	1	19	あんな野球なめた連中に負けて	たまるもんか。	商店街のヒーローは、この僕だ！	
L1fa955b348	1	19	今のはジャパニーズジョークです！	・・・あなた。	わたしのこと信用していないのですね？	
L6b4d9e8411	1	19	なにっ！？	５年前か・・・	たしかに、その頃から会長は	
L13256a5500	1	19	ビクトリーズ	のピッチャー、	木川	
L5fb4d2b62e	1	19	ところで、ダチョウを逃がした犯人	なんだが・・・	ああ、それならわかってます。	
Lb1b8615308	1	19	椿	という男です。	いや、そうじゃない。	
L9574e6044a	1	19	芝居で食っていこうって考えてないなら、来ないでくれるかなぁ。	・・・それに、	ちよ	
L672d9c0318	1	19	ご主人を亡くしてから、女手ひとつで	この店を守って	カンタ	
L64e13d9786	1	19	いや、確かに	そうだけどさ！	ひひ	
L8ae2ff09f1	1	19	話かと思ってたのに。	がっかりだよ！	はは	
Ldf334a3ff4	1	19	君が必死になってかばう人物。	それで十分だ。	待って！	
Lc97abbff9a	1	19	ジャジメント	以外のチームに	勝ちつづければ、	
Lb125db773e	1	19	ビクトリーズ	との年末決戦は	絶対に勝つのだ。	
Lde160b6a10	1	19	権田	にキャプテンを	やってもらおうと思う。	
L62c4ca7a2d	1	19	野球がやりたくなったから、	じゃあダメか？	よせやい。	
L2964ea7e6a	1	19	悪い人じゃなかったがね。	それも人間さ。	ところが、この町に引っ越してきて	
L988ae5e975	1	19	少森寺	拳法のすごさを	少しだけお見せしました。	
L89888b9c28	1	19	野菜いために	みそ汁に・・・	あれ？	
L5cefff788e	1	19	もう	ご飯がないから	そろそろ閉めましょう。	
L4b4511306a	1	19	俺は、ここで手伝いをやってる	だけですから。	そうなの？	
L6f6dfacb6c	1	19	いや、特に野球の話をしたことは	ありませんね。	だ～か～ら～！！	
L2ed2daa36f	1	19	まずいかな？	い問題がある。	あー、良かった。	
L2d6d25ac1c	1	19	遠前支店	のチームだよ。	（	
Lb7b3976092	1	19	そうか、次の試合の日が決まったか。	ふふふ、これで	わがチームの	
L53164c917c	1	19	遠前町	には、戦前まで	地下道があったことを聞いた。）	
L2f6127717f	1	19	遠前城	の抜け穴伝説！	なんだい、それは？	
L87288709b7	1	19	今日も	ご飯とお風呂、	ありがとうございました。	
Lb8278bc5df	1	19	木川	さんのところに	持って行くでやんす。	
L0db506e099	1	19	じゃあ、すぐ査定するからね。	ええっと・・・	400円かな。	
Led0e07d948	1	19	お前達が偉いのは	わかったから、	とっととどこかへ行ってくれ！	
L391f7fff47	1	19	ちなみに、画面外でも	ちゃんと野手は	動いているからな。	
L498974e06a	1	19	その寺での生活のほうが	ひょっとしたら	外の世界よりも	
L3eb60ce855	1	19	ひょっとしたら	外の世界よりも	まともなのかもしれないな。	
Le48a675687	1	19	の試合で使わせて	もらいますよ。	・・・野球超人伝？	
L0b845a837c	1	19	な	さん、います？	あ、	
L8514e0f228	1	19	ビクトリーズ	に入って来た？	・・・成仏するためだ。	
Lf6ace42562	1	19	ビクトリーズ	を勝利に導く。	そう	
L426276b957	1	19	清十郎	、おまえの墓は	ピカピカに掃除しておくよ。	
Lc049c5810b	1	19	わたしやってみる。	も、やりなよ。	よし、やってみるよ。	
Lf14d8d59e1	1	19	ごめんごめん。	だってさっきの	の顔が	
L3783796623	1	19	ほんとにあんたとの生活は大変だった	と実感するよ。	だからこっちは当分帰る気はないです。	
Lc3f50f736c	1	19	考えなおします。	がんばること。	あんたの父と母より』	
Lc1c11fa174	1	19	話したくなければ	別にいいけど、	君の事情は知っておきたいな。	
L3e079b1985	1	19	をやろう。	で、オレの役を	に	
L49963f23aa	1	19	耳アカ？！	これ全部が？！	もう少しで満タンだろ。	
Le210e5b59b	1	19	あんまり変なのは嫌だけどね。	たとえばこの「	流れ星ポエ夢	
Lbd5152e6f8	1	19	なんだか無我夢中だったけど、	演劇の楽しさが	わかってきた気がするよ。	
La17c2eb441	1	19	いや、場所じゃなくて	あたしの寿命。	俺を見送りに来なかったからな。	
L16ac66ae28	1	19	俺を見送りに来なかったからな。	それで判った。	ああ、なるほど！	
L48eeab6144	1	19	あたしのこと好き？	い・・・ああ。	こんなときまでカッコをつけるヤツ	
Lf339baef08	1	19	おい、大丈夫か？	くやしいなぁ、	くやしいなぁ。	
Lf0d221a6ba	1	19	ここの品揃えはぁ～！	サギでやんす！	まあ、落ち着け。	
L967137ac7d	1	19	曲がる方向がちょっと違ったり・・・	それでやんす！	なにが？	
L1eec3d5f5c	1	19	「名店街のテナント料は無料でいい」	とのことです。	・・・・・・え？	
Ld86e29b7d0	1	19	・・・・・・え？	無料って・・・	タダでいいの？！	
L9199f6519a	1	19	お前はオレ様に意見をするでござるか？	さては、お前も	「ミルファイヤーちゃん」の	
Leda6b1304f	1	19	亀田	っておじさんに	教えてもらったでやんす。	
L55106f88a7	1	19	貴様、さては支店長をだまして	金だけ奪って、	口を封じるつもりだったな！	
L66b0f06cf4	1	19	でも・・・	出口は虫だらけ	じゃないですか！	
Lceec938274	1	19	ほら、	さんも困ってる	じゃない。	
Lce9ced1bbe	1	19	でも、店とか新しくなるんだよね？	それもタダで！	たしかに、店がきれいになれば	
L78e0d2f462	1	19	奈津姫	さんに賛成だ。	だいたい、あいつらは信用できねえ。	
L292c94639f	1	19	ああ、なるほどね。	野球ねぇ・・・	いいんじゃない？	
L0f4fd630c3	1	19	大北	の本気の投球を	連続で柵越えアーチにするなんて！	
L2b86154258	1	19	これからも、気が向いたら	ここに来てね。	ああ。	
Ld60e801ce8	1	19	あのね、もっと真面目に・・・	えっ、ちょっと	どこ行くの？	
Lc75e5267a4	1	19	この河は	きれいでしょ。	あたしも、大好きだよ。	
L6ec0f2e98b	1	19	権田	たちのチームで	明日、紅白戦をするんだ。	
L43462b64cb	1	19	明日、紅白戦をするんだ。	こっちが勝てば	これまでどおり、	
L575cf0850c	1	19	統轄するのが	プロデューサー	。	
L392aa577d8	1	19	うん！	その意気だよ！	おお、やってるなぁ。	
Lf0c85a3987	1	19	カンタ	君とお母さんで	この券で映画に行くといいよ。	
Ld40aed8a55	1	19	君の見ているものを俺が見えるように	できるんだろ？	うん・・・	
L122b0e9e15	1	19	ああ・・・	それは、無理。	なれないよ。	
L35c01adb1b	1	19	・・・・・・・・・・・・。	思い出すなぁ、	少森寺	
L8b71712a44	1	19	・・・なにがおかしいんだよ。	いいか、オレは	少森寺	
Lf6fca69fe0	1	19	口の利き方には気をつけた方が	いいでやんす。	・・・あ、これは大変失礼をした。	
L7976ce209e	1	19	コアラーズ	との試合以来、	ビクトリーズ	
L95f2380da9	1	19	ようになった。	それと同時に、	ブギウギ商店街	
L50b1628b2a	1	19	が探していたのは	それですか。）	誰？！	
Laaa89c9ce9	1	19	を育てている	だなんてウソ。	武美	
Lcd0f7e557d	1	19	・・・そうだ、思い出したぞ。	ここに来る前、	ちよ	
L0b0e439960	1	19	ちよ	ちゃん一人で？	どうしてみんなで返さないんだ。	
Lc31776c0c9	1	19	の彼氏だったんだよな。	だからみんな、	ちよ	
L267afda5a3	1	19	そんなに	臭うかな・・・	自分のにおいは、自分じゃ	
L5b6f869f46	1	19	そうだ、あたしの家のお風呂貸そうか？	いああ、頼む。	遠慮しなくてもいいのに。	
L5da857e278	1	19	君。	ようやく・・・	全部片がついた。	
L089c6ef16b	1	19	ビクトリーズ	の監督は・・・	ま、誰か適当なヤツがやるだろ？	
L832be68781	1	19	勝手にカードを出されてしまう	から注意しろ。	また、スロットが始まったときも	
L0574e7cd2b	1	19	補助カード	を使用できる。	これは他の	
L5ec0b6c9a1	1	19	ブギウギ商店街	を立て直すには	野球しかないと確信した。	
Lccb1eba3e9	1	19	え？	それって・・・	つまり？	
L9ab598e7fc	1	19	やっぱり	そうなのかぁ！	コンチクショウ！	
L2391dc51f6	1	19	ちよ	、まかしたぞ！	よし、これで決まりだな。	
L16199faaac	1	19	証拠はないんだろ？	だったら・・・	・・・だったら、これを見て。	
Le7107aebf9	1	19	ねえ、河原に住みついてる人	のことだけど。	さんのことでやんすか？	
L43a3901f9a	1	19	あなたが、もっと	まともな生活を	すればいいんだわ。	
L782c616f4d	1	19	まず	なんと言っても	商店街のモール化であろう。	
Lf33f6ace03	1	19	ぬ	フグ・フェスタ	～？！	
Lca124c355c	1	19	そうでやんす。	うちの商店街の	アナゴ祭り	
L3b00cc1d0a	1	19	らいじょうぶ。	なんか頭ん中が	ぐるぐるしてるだけらから。	
L7d024aea2c	1	19	それより、オイラの家の方が	近いでやんす！	・・・あたしんちの方が近い	
La078240e67	1	19	この部屋のクーラー・・・	は、ないよな。	扇風機もない。	
L1c60c37ef8	1	19	あんまり強そうなデザインじゃない	でやんすけど。	カニカニカニ㎞。	
L010906d280	1	19	喜んでもらえて俺もうれしいよ。	感動でやんす！	感謝してもしきれないでやんす。	
L55abf5cd83	1	19	それで・・・	あのー、会長？	お話というのは・・・。	
L9892c48df6	1	19	ああ、初期の活字印刷物だ。	ただし、これは	盗賊聖書	
L64b63a9f15	1	19	「汝、なになにをしてはいかん」	というやつだ。	はい。	
La257df3590	1	19	ほれ、ここにわが一族の署名がある。	たかが本一冊に	お金がもったいない	
L6901505900	1	19	今日の	は良かったよ。	オイラもグッタリでやんす。	
Lcd871f1b94	1	19	のやつ・・・	オレは、絶対に	こんな芝居は認めないからな！	
L96ef08b868	1	19	行けども行けども	こんな風景か。	ちょっとめまいがしてきたぞ。	
L4ebadbc3b7	1	19	大神	の重役に対して	危害を加えられなくする処置か。	
L4e067a1f18	1	19	何がどうなって・・・	だ、大丈夫？！	な、なに、かすり傷だ。	
L1893a6c7ec	1	19	おれが言いたいのは、	あんたが居たら	ちよ	
Lb32597961d	1	19	わたし今好きな人がいるの。	だから、無理！	だ、誰だよ？	
Ldf87dba272	1	19	・・・日頃の練習で鍛えた声量で。）	って、危ない！	（ガーーーッ）	
L09e63c2761	1	19	ん？	・・・停電か。	あれ、非常用電源が作動してない！	
Lc32e0ccf62	1	19	う・・・特になにも。	どうって・・・	別にこれまでと変わりはないさ。	
Lb916e6d044	1	19	・・・・・・・・・。	まさか、一晩中	脚本を直してたのか？	
L59abeb7a49	1	19	・・・なんか空しいよな。	今回の火事で、	ちよ	
La057805af6	1	19	官藤	だっていいさ。	あいつらは演劇に命賭けてるからな。	
L941f5bfc69	1	19	。	別に、こっちは	なにもなかったよ。	
Lb8b10725dc	1	19	お前が突然チームにやってきて	もう８ケ月だ。	だが、オレはお前のことを	
L602f9e49b3	1	19	もうこんな時間か。	、元気ないね？	あ、	
Ld09a49f727	1	19	ちよ	ちゃんの部屋は	きれいに片付いてるな。	
Ld2f2fd04fc	1	19	・・・すごく困る。	ええい、ここは	食べることに集中するぞ！	
L367edfd58a	1	19	ふぅ、いいお湯だった。	も入っていく？	えっ、俺？	
Lac2a409981	1	19	たしかに、	おせっかい野郎	だな。	
L8ea92a1872	1	19	官藤	くんもいたの？	こいつの勢いがすごかったからな。	
L6c8b4bf7f7	1	19	ひ～まならボ～クの練習に	付き合ってよ～	ああ、いいぞ。	
L88d1f6d2aa	1	19	電視のデバッグだ！	き充電しないと	（ガチャ！）	
Lc977b5ce7c	1	19	のメインデバッグですよ	きどっちがいい	じゃあ	
L298b4188c0	1	19	の役には立つんだろうな。	さんもどう～？	いや、俺はいい。	
L87c9dcd7cf	1	19	針で空気を抜いたり、	水着を隠したり	する事は壮大というより陰険な気がする。	
Lc3fd2ad425	1	19	俺には一度聞いただけで、そんなに覚える	事できないよ。	うん。	
L47b3cd87fc	1	19	なんか	しているんだ？	花形ならサーカス団に戻ればいいだろう。	
L9300ec7158	1	19	にもいろいろある	という事だな。	さっきからその言い方、	
L9c206b8b16	1	19	店の中に結構、お客さんいるの。	だからお願い。	・・・・・・	
Lf4cbfb41a6	1	19	准	って感じだな。	どういう意味？	
Lc4548300ef	1	19	何を書こうか。	う強くなりたい	うおおおおおおおお！	
Lcb77d0d306	1	19	人生観を変えるぐらいに強烈な辛さ	だったのかな？	それとも、あの変な草が原因かな？	
L24dba9358a	1	19	最近は、ほぼ毎日来てるから次に来た時に	は居ると思う。	そうなのか？	
Lc82fceeada	1	19	維織	さんからとかね	いらっしゃいませ。ご主人様	
Lf91cdd81ef	1	19	嬉しいのかな？	ねえ、ご主人様	うっ・・・・・。	
L7197fb790a	1	19	外に行ってた。	たぶん買い物。	じゃあ、今はこの店に居るのは	
L9ab2a7b0de	1	19	維織	さんと・・・・	マスター	
Leda9101825	1	19	俺に力を貸してくれてるだろ？	だから逆に俺が	ピエロ	
L9cb430c889	1	19	ピエロ	じゃないし～。	ピエロ	
Leadf9028ab	1	19	からな。	さんを超えた！	つまり、それは下克上！	
L6c85482398	1	19	とりあえず飲み終わったから、	もう一杯くれ。	ノリが悪いな～。	
Lc35957ad47	1	19	じゃあ・・・・・・。	い赤いジュース	えっ？	
L3f5be75ba9	1	19	さん。ずっと気になっている事が	あるんだけど。	・・・・・・・・	
Leb82fcc308	1	19	・・・・・	ちょっと待て、	確か今日は。	
Ld3b1f95017	1	19	ピエロ	は何もないので	帰るピエロ。	
L7bbbe39dda	1	19	隣町？	あれはテント？	もしかしてここから見えるテントって	
L124e4530bb	1	19	考えさせて欲しい。	もう少しだけ。	ああ、いいよ。	
L4744e92816	1	19	・・・・	これはいつもと	変わらないような。	
Lacb59a3cef	1	19	まあな、男なら一度は史上最強を目指す	ものだからな。	その思いが俺の中に今だくすぶっていると	
La45af9d308	1	19	マスター	に直接会えば、	何かわかるかもしれないな。	
L9980a824be	1	19	う～ん。だけどなあ～。	い維織を止める	お～い！	
L6b1a8afffa	1	19	ねえねえ、	さん暇でしょ？	買い物付き合ってくれないかな？	
L203810c4f6	1	19	うわああああ～！	だまされた～！	あっ！逃げた！	
Lea9b83e9b6	1	19	歳を取ると他人を疑うようになって	しまうんだね。	お前だから疑ってるんだ！	
L308f2b73ad	1	19	お前だから疑ってるんだ！	それに歳は関係	・・・・	
Lf40745524f	1	19	一人ぼっちじゃないよ。	私がいるよ。お	・・・・	
Lda432043df	1	19	真面目に考えろよ！	このままじゃあ	維織	
Lf625650620	1	19	それは舎弟をクビという事ですか？	それとも自分が	さんを超えた	
Lfffb862996	1	19	さんは・・・・。	よし！さすがに	維織	
Lbc564b45f0	1	19	ピエロ	の気持ちなんて	わからないよ～。	
L1b9a252f09	1	19	ピエロ	じゃなくなって	しまっただけだよ～。	
Lcf04ab6f71	1	19	・・・・・・	って誕生日なの	維織	
L3f10209c72	1	19	維織	さんの誕生日）	いらっしゃいませ。	
L556f3622a3	1	19	維織	さんの近くは、	なんとなく居心地が悪いから。	
L6935e76f17	1	19	だから	さんもこっちに	居るんでしょ？	
L5acd62c4d3	1	19	お待たせしました。ご主人様	ささ、グイッと	え・・・ああ。	
Lf4cf47d4f0	1	19	准	が言ってたな。	維織	
Lfad65b005b	1	19	一種類あたり５０個。	それを六種類。	３００個おぉぉぉぉぉお！	
L029f182ef7	1	19	維織	さんの食生活を	直さないとダメだあ。	
Lb4ea0e0a91	1	19	准	が作ったのか？	うん！	
L15638507c4	1	19	ナイナイ。	そんなのナイ。	まあ、教えてあげてもいいけど。	
L74196afb31	1	19	さすがにそこは自分の手で食べようよ。	というわけで、	俺は眠いから昼寝の続きをします。	
L61a88c7659	1	19	ピエロ	は見てないよ。	素直に見てないとだけ言ったらどうだ？	
L0be0713eef	1	19	・・・・・・	うらやましい。	ハハハ。	
L868a4580b7	1	19	その女の子は・・・・	い諦めたのか？	持ってやろうか？	
L6aa8ef3c3d	1	19	まさか縛ったり吊るしたり！	それは犯罪だぞ	准	
L10f7454212	1	19	やる気が無いのが代名詞のクセに凝り性	だからなあ～。	し、心配だ・・・・・）	
L45f1178ed1	1	19	・・・・・・その首輪は誰にも切る事は	できないのか？	私にそんな力は無い。	
L512322d399	1	19	なんで	さんの声だけは	反応するんだろ？	
L4b37c799f2	1	19	維織	さんの中では、	さんとその他の雑音ってみたいな	
Lac63ef0a96	1	19	維織	さんの事だから	すぐに機嫌も元に戻るよ。	
L531a4ba7c1	1	19	維織	さんの物でも、	誰の物でも無いんですから。	
L37ebbe7599	1	19	ハッ！	と、取れない！	しかも、微妙に生暖かい！	
L4ca852733c	1	19	ピエロ	の奴がいない。	どこ行ったんだ？	
L52d1884215	1	19	かけたからね～。	もしかしたら。	さんの向こうに	
Lccca9b4bc9	1	19	もしかしたら。	さんの向こうに	誰か居たかもしれないけど見てないや。	
L1c4f06adf2	1	19	ピエロ	は逃げている？	何に？	
La4cee2defd	1	19	にしても良いって言ってたから数十万ぐら	いじゃないの？	そ、	
Lfbe2b91c74	1	19	・・・・・・・・・。	二人っきりなら	・・・・	
L4b7ade3180	1	19	わかった。	もう食べない。	お待たせしましたあ	
L2a7f1a30b8	1	19	さん。	あと、コレと。	おっ！	
L6c8bd9d7e6	1	19	メイドはご主人様の事はなんでも	わかるんですよ	お前、さっきついでって言っただろ。	
Lb555c8c39e	1	19	いや、俺もそう感じるから気のせい	じゃないだろ。	・・・・・・・・・。	
Le93dd4c511	1	19	ピエロ	になったんだ。	なのに自分が笑わせたいと思っている	
Lc5be8ec45f	1	19	ピエロ	がいなくなると	戦力ダウンになるけど仕方がないな。	
L33cf32b3d7	1	19	ピエロ	が好きになった	女の子ってどんな子なんだ？	
L362bcbf7c4	1	19	う～ん。	もちろんさ～。	それに何か黒いんだよね～。	
L1a824f4703	1	19	維織	さんにとっては	十分な理由だと思うよ。	
L13f6d86178	1	19	維織	さんに任せる。	維織	
Lf286afd3b6	1	19	いいのかも知れないけど、	ここは衣類関連	よりも、より多くのお客さんの表情が	
L8f0359f8e4	1	19	じゃあ、大学には何を勉強しに	行ってるんだ？	経営。	
L3ca4b12822	1	19	・・・・・	この聖なる夜を	・・・・	
L2435cbb21e	1	19	・・・・・・	そばに居るよ。	・・・・・・	
L13105b735d	1	19	電視	が襲っている？	そ、そのお、じゅ、じゅ、	
L4cf6c9a68f	1	19	これを一気に飲んでくれたら、これは無料	にしてあげる。	これ無料だろ！	
L8677952e9a	1	19	間違いないんだが、	小動物みたいで	もの凄くカワイイ。	
Lc9c300bbab	1	19	無理やりじゃないぞ！	というか、一度	維織	
L12cf75cd83	1	19	維織	さんが居ない、	あの部屋に居ても意味ないだろ。	
L5829a43e38	1	19	心の中にあるでしょ？	もういいじゃん	・・・・・・	
L5f68797fd9	1	19	ボ～クの妙技で彼女をメロメロに	するんだよ～。	妙技ねえ。	
L2ee9a259f3	1	19	ええ～！！	ほんと～に～！	うん	
Lfe3436d828	1	19	・・・・・	自信が無いけど	・・・・・	
L97aadbf982	1	19	・・・・・・	食べてくれる？	あたり前だろ。	
Lf4cbe920c6	1	19	君の為なら、	何でもできる。	何でもしてあげられる。	
L4b189d6537	1	19	をだよ！	サブタイトルは	「僕がメイドでメイドが僕で」だ！	
L14cdb1357b	1	19	・・・・	ねえ、ダーリン	はあ？	
L048ff9fc4d	1	19	おいしい？	さすがダーリン	私の作った物を食べて固まってるのね。	
Lec11b10404	1	19	あ・・・・	倒れちゃった。	やっぱりアレは	
L7352266f6c	1	19	倒れちゃった。	やっぱりアレは	さんでも	
L9181774839	1	19	さんでも	無理だったか。	いよいよ、もうすぐだね	
Lf6cc111bdd	1	19	もうそれは凍らせてくれていいから。	いや、だから、	維織	
L84be4d1e61	1	19	維織	さんの誕生日。	維織	
Lbbeb50e03a	1	19	わからない無機質な物をもらうよりも、	さんの気持ちが	こもった物の方が喜ぶと思うよ。	
L448f12034d	1	19	そんな人に余計な情報を教えるわけ	無いじゃない。	ぬぐぐ・・・・・・・。	
La1cc59935c	1	19	・・・・・・	彼女と知り合い	なのかい？	
L72cd82a9d3	1	19	准	に惚れたのか！	一目惚れというやつか！	
Lf177e42cad	1	19	あの姿！	あの言葉使い！	あの雰囲気！	
L8f079f4130	1	19	・・・・・・	誰に聞いたの？	マスター	
L08f3ab43d0	1	19	維織	さんの過去も。	それが君を縛る鎖になっていると	
L8ea4701cd6	1	19	それが君を縛る鎖になっていると	思ったからだ。	維織	
L47b19615f5	1	19	鎖を引きちぎって前に進んでいける	わけじゃない。	誰もが貴方のように、	
Lf4ccad07d3	1	19	さん。	君の言う通り、	君を幸せにすると約束するよ。	
L52a51c9b0d	1	19	それを忘れないでくれ。	君が望むなら、	この世界から連れ出してあげると。	
L1fff62c83f	1	19	それもあるかもしれないが、まだ建って	日が浅いのか？	そだね。	
L4c13a2ce6e	1	19	さんは	似合ってるな。	なんとなくだけど、	
L3f052f810f	1	19	そ、そうか。	じゃ、じゃあ。	・・・・・・・。	
Ld35d6ffa64	1	19	ここらへんにテントを張っていた	はずなんだが。	綺麗すっきり	
L0c5a04541f	1	19	准	がいますから。	今日は	
L35047b8b24	1	19	維織	お嬢様ご本人が	延期させたんだ。	
Lbb3a983352	1	19	さんの	気持ちなのか？	それは・・・・・・・。	
L2ff25aaa8b	1	19	私には鎖を引きちぎって進む事なんて	できなかった。	何度も何度も、お父様と話した。	
Lc094d9ce46	1	19	今日は、楽しかったな。	また行こうぜ。	のの	
L66b8c1d3cd	1	19	今日は、	みだよな・・・	帰ろう。	
L6e923250f5	1	19	にも心配かけたな。	もう大丈夫だ。	別に心配はしていませんけどね。	
L6d53aaf735	1	19	早く帰ってきて欲しいなとは	思ってました。	ははは。	
L07ac24e22a	1	19	が、またレストランで働き	はじめました）	あ	
L414db9a18e	1	19	です。	ワタシは・・・	城田	
Lac6d570485	1	19	城田	さんですよね。	おや、ワタシの名前を	
Lb18d3ce4ec	1	19	城田	にお嬢様の話を	聞かされました）	
L379249dbea	1	19	私には、わからないな。	あ、でも・・・	でも？	
L17f5dc1975	1	19	えー、さっき勉強になるって	言ってただろ。	じゃあ、勉強にもなる。	
L4670815567	1	19	そうなるね。	嬉しいだろう？	どうかな？	
Lafefa15171	1	19	私は、配送してもらおうと	思ってたんだか	ら・・・	
L5779f34754	1	19	うんうん。	感謝してるよ。	・・・で、肥料って事は・・・	
L3d08a46b82	1	19	・・・お、ちゃんと綺麗に	洗ってあるな。	まあ、一応ね。	
L0a004e490f	1	19	さ・・・	ここに住んでた	り・・・	
L1debf917ab	1	19	さんは、	アウトドアのプ	ロ・・・	
L6ed4eacf02	1	19	アウトドアここに極まれりって感じで	行く事に決定！	テント！	
L5f5c74b304	1	19	来てますよ。	例のおっさん。	・・・お。	
L4147df1957	1	19	もう、お腹いっぱいだ。	動けない・・・	さすがに多かったかな。	
L299c79bb9d	1	19	あ、	さん・・・と。	・・・・・・・・・・・・	
L842c09e3e3	1	19	さん。	・・・ほほう。	ここが、アナタの住まいですか。	
Lfc41b806d7	1	19	（今日の朝食べた	魚の骨なんだけ	ど・・・）	
Lc70c170316	1	19	いや、そういうことじゃなくて、	あの材料から？	うむ・・・	
Labd85c3a2e	1	19	今回の件は、無かった事にしても	よいそうです。	・・・・・・・・・・・・	
L7097a9f5cd	1	19	確認しようと思ってね。	・・・それで、	彼とは、つきあってるのか？	
L45ef2d5597	1	19	今日は、お嬢様が通う道場の話から	始めますかな。	な	
L143f34b7ee	1	19	お父さんは、自殺したんじゃない。	殺されたんだ。	え・・・	
L147ff3b61c	1	19	え・・・	でも、何のため	に・・・	
L9226dbfe36	1	19	とも思っていたが、	仕掛けておいて	正解だったな。	
L18e0b7751a	1	19	仕掛けておいて	正解だったな。	なにか、手を打たれますか？	
Lc189831ad6	1	19	ディスクを見つけてくれるのなら	その方が楽だ。	（	
L1c59302e80	1	19	全然歌ってないじゃないか。	歌わないのか？	え？	
L5e1ce9b6aa	1	19	が	いやいや・・・	ワタシは、見てるだけで十分。	
Lf9d1e337de	1	19	ほら、この前の人の事が、	気になってさ。	えーと・・・	
L1e3fff7f4c	1	19	（何でか	知らないけど、	あの人、食べ物くれるんだよなぁ）	
L30efb78594	1	19	まあ、とりあえず	案内しますね。	（ガチャ）	
L7f27b8178e	1	19	城田	さん、どうぞ。	ふむ	
L090fa3421b	1	19	え？	あ、やっぱりヤ	メ・・・	
Lf5f6baf45d	1	19	さ	大作だったね。	うん。	
L98414a91e8	1	19	あんまり得意じゃないんだよな	こういう映画。	まあまあ。	
L2619659ea9	1	19	こういう映画も悪くないね。	うん、面白い。	得意じゃないとか	
L3e23ece41d	1	19	まあ・・・	うちの父親も、	さんみたいな	
L6099f2c215	1	19	・・・・・・	うん、うまい。	そりゃよかった。	
L5192ded95b	1	19	まあ、どうしようもなくなったら	来たらいいよ。	ただし！	
L9dce2eb788	1	19	ちょっと待って。	鍋用意するよ。	（ガサガサ・・・）	
L016edcd9c4	1	19	・・・あれ？	この部屋・・・	あー・・・今日掃除してたから、	
L07b37eb11d	1	19	親会社の代表みたいな人	とか言ってたけ	ど・・・	
L9c6fc4bad6	1	19	魚からケーキ！？）	生臭くは・・・	ないな。	
L7858a597c6	1	19	一段と？	・・・汚いな。	ちょっと臭う	
Lc14efc7029	1	19	お湯につかったのなんて	久しぶりだよ。	お、	
L73717e06ae	1	19	お腹	すいてるだろ？	満腹でも食べるけ	
L5a422164e4	1	19	（ぐきゅるるる・・・）	・・・あはは！	まあ、そろそろいい時間だし	
L1b38c3e3f2	1	19	お腹も空くよな。	なんか作るか。	れ	
Laa9813297b	1	19	そういう	あ、見るなよ！	・・・なんだ。	
La7d11a1bd1	1	19	あ、見るなよ！	・・・なんだ。	て大吉じゃないか。	
L5294ee6aaa	1	19	いいよな。	う・・・凶だ。	大丈夫	
L051e74d785	1	19	あ・・・ひどい。	なにするんだ、	さん。	
L23d9e0d0ca	1	19	何にもなかったんだし、	まだお昼だぞ？	じゃあ、行って来る。	
Ld08ede95d0	1	19	いつもなら、そうですな。	しかし、今日は	冬子	
L17dec76867	1	19	そうか、じゃあ	がんばれよ！	（ドカーン！）	
Lc12bf0707d	1	19	・・・・・・・・・・・・	ここまでで「	さすらいのナイスガイ編	
L8cab7e0188	1	19	活気のある	いい街だな。	この街のために	
L10387c35d6	1	19	この街のために	がんばるぞ。	う～ん・・・そうだなぁ・・・	
L8ea584161e	1	19	あ！	えっと・・・	いえ、なんでも～・・・	
Le2f0da31d0	1	19	このおもちゃについてきた	お菓子だよ。	ふ～ん、とりあえず	
Lf8c9c493eb	1	19	（・・・なんだかヤバイ雰囲気だぞ！	おい、身体！	動け！	
La90c1a03d9	1	19	でも、希望が出てきたよ。	ありがとう、	。	
L7055b7d731	1	19	うっわぁ～！	すっごーい！	そんなにめずらしいのか？	
L06a7aa7fdf	1	19	な？	言っただろ？	・・・・・・・	
Lbd71c9ebd2	1	19	・・・いや、さっきのは	ほめてない。	え、そうなの？	
L4dd7c88cbd	1	19	プロの球団に行くとしたら、	どこがいい？	いそうだな・・・	
L9e78a53192	1	19	を選んだのか。	最初のうちは	よくわからないだろうが、	
Le1345f70ef	1	19	は、はい！	すいません。	今、脚本を役者に投げつけたぞ。	
L873a6d7ba4	1	19	さん。	どうも・・・	う	
L22c3bba7cd	1	19	忘れてた！	はい、これ。	お弁当作ってみたんだ。	
Lc88d84dd03	1	19	こんな風に捨てられているのも	不びんだな。	・・・持って帰るか。	
Lf2d70272ed	1	19	まあ・・・	なんとなく、	わかるようになるものなんだよ。	
La9aae800b4	1	19	ああ、なるほど・・・	って、オイ。	ス	
L7fe339b41d	1	19	カンタ	君はどうして	そっちに話しかけるかなぁ～。	
L04eccbb78a	1	19	え？	まさか・・・	魚を釣ってるんじゃなくて	
L41f5a4788f	1	19	ビクトリーズ	だもんね～。	（ポカ！）	
Lefa2a37309	1	19	、ありがとう。	助かったよ。	・・・・・・・・・	
L1f1c385bea	1	19	ワンワン！	（あばよ！）	ろ	
L094c479f5c	1	19	・・・でも、なんだか	ところどころ	色が変わってるような気がするけど。	
L0ba58be9db	1	19	ワン！	（バシャ！）	ワン！	
Lb37cbadb35	1	19	ワンワン！	（どうだ！）	ぐ・・・	
L9e206acc5f	1	19	あれ	を使う時だ！	屋根裏の奥の・・・	
Lfa9cd9753c	1	19	（ブ～～～～～	キキーッ！）	うわっ！！	
Le94affcb79	1	19	おいおい・・・	さぼったりは	してねえよ。	
Lb1614682ab	1	19	さぼったりは	してねえよ。	よし、がんばって練習だ！	
L8750ec3bea	1	19	今は、まだパワー不足でやんす。	必殺技なら、	もっと強くあるべきでやんす！	
Lbe32dceafc	1	19	でも、プロ野球の試合のチケットでも	いけるけど？	お金がないから、いい。	
L10c31bcb95	1	19	じゃ、その１週間をセール期間にすれば	いいんだね。	商店街の各お店にビラを貼ったり	
L77cc7f5db7	1	19	極力	協力するよ。	・・・それから、	
Ldfdb4edd1a	1	19	奈津姫	がいるんだ？	・・・ユニフォーム着てるし。	
Led530feef0	1	19	そのチラシもっとあげようか？	いやったぁ！	そう？	
Ld01e5724cb	1	19	テレビのチャンネル変えてくれない？	たしか・・・	そう、	
L8b0dc54f69	1	19	あっちから、きっと見守ってくれている	に違いない。	・・・・・・	
L3453fdff3b	1	19	・・・・・・	そうかなぁ。	絶対そうだよ！	
La60c18722e	1	19	出るってうわさなのよ。	お～こわっ。	・・・やれやれ。	
L4dcb6630c1	1	19	本当でやんす！	これが本当の	ムシャぶるい	
L40d43d7895	1	19	これが本当の	ムシャぶるい	でやんす。	
L4f0c5b8a12	1	19	はやつらを	うとむのだ。	まぁ助かった、礼を言う。	
L72db44eb40	1	19	ほら、あの・・・	なんだっけ？	こんにちは～。	
L0e62763b3c	1	19	もともとあたしの部屋なんだしさ。	う説教する。	ちょっとそこに座りなさい。	
Lade07b8b19	1	19	悪いな、薬屋じゃないみたいに	思ってたよ。	ちゃんと店をやっていたんだな。	
Laa4159fa24	1	19	！	・・・見れば	わかるだろ？	
Leff8c94f58	1	19	・・・見れば	わかるだろ？	野球だよ、野球。	
L4c1d0b2f36	1	19	表向きは日本視察のついでだがね。	だが、本当は	そこに行くのが目的だ。	
L5f69db47d3	1	19	そ、そうかな。	ハハハハハ。	今日はうちでお祝いでやんす！	
La5d900458d	1	19	ワルクロ団	の話でカニ？	あれはイベントだったんでカニよ。	
Leb3749cc0e	1	19	悪の組織？	いや、マジに	やっている所も	
La7d3186680	1	19	カンタ	君のことか。	ちゃんと家に届けたよ。	
L21badbb7ab	1	19	そういえば、ムシャにも子供がいるって	言ってたな。	・・・・・・４人。	
L622c38df58	1	19	ちゃんがあんたのこと気にしてるのが気にいらなかったんだろうな。	だからまぁ、	あいつの言ったことなんか気にせずに	
L3f43917ccb	1	19	ああ、いつでも倉庫に来てくれ。	待ってるぞ。	なあ、	
L8cfd4bd9e5	1	19	はい、会長。	あああ・・・	北極支店だぁ～！！！	
L6337d7ce37	1	19	いや、チームの仲間を信頼する、	ということが	できるように	
L0edc9f7dd3	1	19	ということが	できるように	なって来たんじゃないか？	
Lc9ddf65e03	1	19	ブギウギ商店街	は休みだぞ。	知らなかったのか？	
Le61ad4e20d	1	19	どこを重点的に鍛えたらいいと思う？	え打撃だな。	よーし、その方針で行くぞ！	
L7f41969f55	1	19	おっ、	じゃねえか。	ビクトリーズ	
Lc8b86db468	1	19	ちゃん、なんだか姿が透けて	見えてるぞ？	さようなら・・・	
L6ed85ecd18	1	19	えっ、俺！？	俺が入るの？	大丈夫！	
L8db0a4a578	1	19	今朝は、魚が全然	釣れないな。	・・・・・・・・ん？	
L054787d848	1	19	いやあ、さすがは「大村金物」の	跡取りだよ。	ちゃんと勉強してるんだな。	
L4f17e92e51	1	19	その点、野球だと地上にいるし、	裸で大丈夫！	いや、全然ダメだって！	
L993623d5ea	1	19	はははは・・・	さん、早く！	アイス！アイス！	
Le68729b741	1	19	でも、その生き方は	あいつ自身が	変えないとダメなことなんだ。	
L9a77d904dd	1	19	あなたと	さんが一緒に	住んでいるって。	
Lb6f1f6bbf2	1	19	まったく	あきれるわ。	・・・あたしって、	
L1ef55bb7e4	1	19	２人とも	かなり変よ。	ふ	
L010d8631b5	1	19	若木	くんすごい！	はははは。	
Lf00ad9812e	1	19	引き分けだと？！	くそーっ！！	椿	
L19f9ec854a	1	19	カンタ	のヒーローを	困らせようと思って。	
L91db052435	1	19	・・・変なの・・・	ま、いいわ。	今晩のおかずナニが食べたい？	
Led6c070095	1	19	あっ？	おじさ～ん！	・・・ん？	
L69163322f5	1	19	）よ。	おじさんは？	おじさんの名前は	
L557bd06a16	1	19	いいわね。	明日の朝よ！	必ず来てよね。待ってるから。	
Ld74b7f9882	1	19	夢があるってのはいいことだよ。	夢に向かって	努力して	
Lfa016203ca	1	19	ワン公	が、いきなり	母ちゃんの顔を見たとたん	
Le8eb424f67	1	19	普通の人は来ませんものねぇ。	オホホホホ。	（ちなみに彼女は	
L8b6b17c4d0	1	19	別に罰則はないからね。	おまけに今は	ジャジメント	
L4e8cc63516	1	19	なんだと？	この臆病者！	卑怯者！	
L0b333309bc	1	19	とにかく１時間だけ休んでください。	落ち着いたら	ライスの作り方を。	
Ld2d9c7ae80	1	19	うん、そりゃあ	あちこちに。	・・・はい、修正完了。	
L8fa5bb6799	1	19	気がしてきたんだよな。	それより、今	大事にできる人たちを	
L71198f12b3	1	19	他に	いねえだろ。	それより、最近このあたりで	
L2f6a82762b	1	19	・・・おやおや。	あいかわらず	スカした野郎だぜ。	
L9cc685ec2d	1	19	師匠	だけど・・・	なら、その	
Lc1984ffbd2	1	19	ムシャ	の秘密がある	ような気がするでやんす！	
L65b2084de4	1	19	うわっ？！	バケモノだ！	鷺ヒあ・・・・・大丈夫か？	
L56b7455a25	1	19	な、なんだって？！	（ネットでの	マルチ商法	
L7df120e801	1	19	ビクトリーズ	が試合放棄。	野球での町おこしも大変みたいですね。）	
L95ede83b15	1	19	なっちゃん	なら、今日は	カンタ	
L472001488b	1	19	なかなか馬鹿には	できぬもの。	調理方法によっては美味とも聞く。	
L2e5f4aaa11	1	19	おう。	しかし・・・	お前さん、いつ来るか、	
L6ad77ece32	1	19	フォト、ポル	ファボール！	なんだか困ってるみたいだけど。	
La200db2766	1	19	・・・それは無理ですね。	キャプテンは	だし、	
Lc83a8e4a3f	1	19	いささか、愚かなり。	他人から聞く	もうけ話など、	
L3f8fabd03a	1	19	佐和田	さんは、長年	学校で野球監督をやってきて、	
Laddd7cd6cb	1	19	でも、これまで	このチームは	権田	
L23c99174af	1	19	じゃ、今日は	これで解散！	ちょ、ちょっと。	
L6783d73961	1	19	そんなことが	できるのか？	知り合いの博士によると、	
L2f050c0d05	1	19	ほら、この前	変な店の前で	店員に料金を払えって言われて	
La2744a96f4	1	19	うわ、バナナだ。	おいしそう。	ありがとう。	
Ldbfc8554c1	1	19	おい、もうちょっとわかるように	言ってくれ。	いや、なんでもない。	
L4ba6181112	1	19	ビクトリーズ	に来てくれ！	・・・・・・オウ！	
L627f8f033d	1	19	ブギウギ商店街	の誇るチーム	ビクトリーズ	
L89bbf33b7a	1	19	なんだね、ワシがカレーを食べに来たら	だめなのか？	いや、そういうわけじゃ。	
L0f82b0ee62	1	19	立派だけどさ、まだ若いんだよね。	うちの長男は	カンタ	
L6bc8d42ab1	1	19	ジャジメント	から挑戦状？	ああ。	
L2f0aec0a82	1	19	だけどよ・・・	まあ、ずっと	キングコブラーズ	
L6715a577a9	1	19	さて、棚も直したし	あとは・・・	さん、そろそろ母ちゃん	
L7c36af8577	1	19	大声は出せない。	だから・・・	そのまま、	
L054ce2d313	1	19	・・・・・・・・・なるほどな。	あ、ちょっと	しょう油もらうよ。	
L76527cb2ac	1	19	寺門	のおじさん！	お、おじさん？	
L1f815cbff1	1	19	おおい、みんな注目！	来週、ついに	ニコニココアラーズ	
Lde4c6aef3a	1	19	ふふふ、これで	わがチームの	連勝記録がまた一つ伸びるな。	
L9a98212c74	1	19	つばき	）と呼びな。	の野郎がいるからには、	
L1e3c223444	1	19	だが、そのころには	もう抜け穴は	埋めてしまっていたからね。	
Ld383623ef9	1	19	加わった	さんですね。	なんと！	
Lb518f4c7cf	1	19	へえぇ～、風流だね、	いなせだね、	カッコいいねぇ～㎞	
L097441d4bd	1	19	行くなバカ。	そこにいろ。	・・・もうすぐ治まるから。	
Lad0520119c	1	19	いや、この使い方はあたしの思いつきだし	プログラムも	このために組んだんだ。	
L4966c2e053	1	19	ちよ	ちゃん」って	呼んでいいからね。	
L7b4c39fbce	1	19	ジャジメント	の試合を前に	少しでもお役に立てたらと思って。	
L1937ee27db	1	19	あら？	看板が・・・	オイラが直しておいたよ！	
L8bcd22116c	1	19	（ピューーー	ボコッ！！）	いたた、なんだいったい？	
Lfb68c9a6e8	1	19	でも、	は素人だぞ？	緊張して失敗したらどうするんだ。	
Ldcab5e5008	1	19	ふっふっふ。	じゃーーん。	これだよ！	
Ld919764806	1	19	（	あいにうえお	）」？	
Lac8d09ea7f	1	19	たとえばこの「	流れ星ポエ夢	（	
L6aa48359fb	1	19	ポエ夢	さんに質問。	ポエ夢	
L1f2de27dc5	1	19	ま、どっちが勝っても面白ければ	あたし的には	オッケーだし。	
L4907e65cb4	1	19	なんで	が泣くのよ。	・・・ああ？	
Lc7b90b6d3d	1	19	古田	って人だな？	・・・うん。	
L0145de7627	1	19	・・・・・・・・・。	もう行って。	これ以上、みっともないとこ	
Lf0d0ab3e3d	1	19	（	おねえちゃん	って連呼してる。	
L04d51814ff	1	19	ジャジメント	を倒すには、	必殺技がいるんでやんす！	
L849efd1696	1	19	ははカーブ	ひひフォーク	ふふシンカー	
L757952ef8e	1	19	ひひフォーク	ふふシンカー	へへシュート	
L9efc891638	1	19	ふふシンカー	へへシュート	むむ	
L9631f31154	1	19	プレゼントの・・・）	（ブチン！）	ええい、まったく腹の立つニュースだ。	
Lc3b857a531	1	19	あんたがご主人なくして	さみしいから	あの風来坊に色目を・・・	
Lab046a0786	1	19	ジャジメント	ばんざいだ！	・・・・・・・・・。	
L00ce54e0b4	1	19	ビクトリーズ	を頼んだぞ、	権田	
L2c7d1b60b4	1	19	は	喜ばれるが、	裏切り者	
L3074c2ad4f	1	19	は	うとまれる。	・・・どこに裏切り者がいるんだ？	
Le5f1796a35	1	19	むふーーーーーーーーーーーーーっ！	これかなぁ？	あいつ、お菓子の箱を	
L7f379c05c0	1	19	・・・・ん？	ここは・・・	何？	
L127bb89725	1	19	そういえば、	さんがここで	財布を取ろうとしてたんだよね？	
L9b8822e220	1	19	オレの勝ちのようだな！	い再挑戦だ！	意外と・・・・・・	
Lfa7c562960	1	19	ブギウギ商店街	をつぶして、	駅前の名店街に編成しなおす？	
L11196c5a16	1	19	。	今日、お店は	休みにするの？	
L7ad4b81b0f	1	19	商店街で漢方薬売ってるんだ。	で、あっちが	奈津姫	
L2fc7cd505c	1	19	ジャジメント	との戦いは、	俺たち商店街の人間だけで	
L9395fe6274	1	19	わかった、じゃあ	こうしよう。	俺たちのチームと	
L6e5cdec148	1	19	最後に、作品の企画から完成までを	統轄するのが	プロデューサー	
L12fa858ab2	1	19	君たち若い者が、	自分たちから	、都会じゃなくて	
L95e121e40e	1	19	それになにより、あっちのビルに	大神グループ	の会社が入ってるんだ。	
L24de6b0e8d	1	19	何球か当てているな。	、どう思う？	すごい反射神経だ。	
L9b31a2db1d	1	19	よくぞ聞いてくれた！	オレの名前は	寺門	
Ldb6d745e81	1	19	かたじけない。	では、失礼。	い・・・まったく・・・	
L01f0ee4e00	1	19	ビクトリーズ	は連戦連勝。	敵なしの大活躍で地方紙や	
Lbaee69aef6	1	19	主人を亡くしてから、	女手ひとつで	カンタ	
L25d0f3b813	1	19	カンタ	を育てている	だなんてウソ。	
L50f333d4b2	1	19	さすがに若い一人暮らしの女性の家に	行くわけには	いかない。	
L9d472bce4f	1	19	それじゃ！	（どぼん！）	あ、川に飛び込んだ！	
Lb9d3b67773	1	19	奈津姫	もいねえな。	まあ、別れるのがつらいんだろうよ。	
Ldba487a0ee	1	19	特殊カード	とちがって、	何回でも使えるぞ。	
L2ed2d71053	1	19	（ええと・・・	これ、本当に	笑っていいところなのか？	
Lc87bbf704f	1	19	心配するな。	お前の事情は	泳げないこと	
L49131b23b1	1	19	お前の事情は	泳げないこと	も含めて	
Lfdf8342299	1	19	あとそれから、	は帰ってから	もう一度脚本を読み返しておいて。	
Lb5e79d9e60	1	19	ちょっと聞いてくれ。	、なんだよ。	実は、商店街の	
Lf182a89f50	1	19	けど、誰が演出やるんだ？	この場合は、	話をまとめるやつがいるよな。	
L3cdd61f6c0	1	19	・・・・・・・・・・・・・・・・・・・・・・・・・・・・・・・・・・。	黙っていたら	わからないだろ。	
L92b784fd64	1	19	貴子	ちゃん・・・	貴子	
L44f732afc2	1	19	ずっとあたしの側にいて！	あたし恐い！	このまま消えてしまうのが恐いの！	
L707bdd617d	1	19	前は地震対策のコンサルタント	だっただろ。	知恵とは広く通用するものなり。	
Laba2db4b8b	1	19	・・・あの練習の後なのに元気だな。	、お疲れ様。	今日は疲れたと思うけど、	
La9fdb13e4d	1	19	お、おう・・・	お前、やけに	貴子	
L469cec21cb	1	19	子	の事を・・・	そうか、そうか・・・。	
Lb1145044be	1	19	さん！	今から一緒に	スーパーに行くでやんす！	
L3e85cd0f98	1	19	アナゴ祭り	に対抗して、	スーパーが同時期に開催してる	
Lfc8f75326f	1	19	あ～あ、困るんだよな。	フグフェスタ	は目玉イベントなんだよ。	
L4cf484e57b	1	19	フッ、悪いが俺は	新ワルクロ団	最強の戦士！	
L8a433fbaa3	1	19	・・・結局、やるんだ。	う追い払う。	あー、そこのカニ君。	
Lcb79cc0dd4	1	19	若木	くんごめん。	わたしは、どうしてもやりたいの。	
L118d531cf8	1	19	だから、わたしを信じて	一緒に公演を	やってほしいの。	
Lb47b9026ec	1	19	・・・よし！	じゃ、まずは	木川	
Lf08adf5b16	1	19	だろうな、入り組んだ所にあるからな。	だからこそ、	凡田	
L0f9e28f042	1	19	凡田	の望む物が、	ここにはあるんじゃないのか？	
Laed970181a	1	19	動く	マゼンダーＺ	のプラモでやんす！	
L311b75651e	1	19	あああ！	電臣サボーン	も、全種あるでやんす！	
Lda2db41856	1	19	おおお！	グランドマン	の走行モデルまで	
L566476b90d	1	19	ちぇっ、つまんないな。	もういいよ！	く	
Laf8ccdbe58	1	19	それで、持って帰ってきちゃったんで	やんすか？！	まあね。	
La8d5008c37	1	19	オイラ、別にお金をムダ遣いとか	してないよ。	ほら、かせいだお金も	
L7fa810b288	1	19	ちよ	といいます！	あの、わたし達のお芝居どうでした！	
La7905b23d0	1	19	ちよ	ちゃんの夢も	かなうかもしれないな。	
Lbfcc55830a	1	19	ちよ	のやつ・・・	オレは、絶対に	
Ldd6a33d1be	1	19	ちよ	が抜けたら、	この劇団は	
L8a09c734f5	1	19	しかし、ダチョウがいなくなって	大騒ぎに。）	（ガヤガヤ）	
Lbbdb35a776	1	19	武美	、大丈夫か？	とりあえず逃げるぞ！	
Le820257262	1	19	ちよ	が迷惑だし、	幸せになれないってことだよ。	
Lf76bd2e8b6	1	19	こそこそ	わたしのこと	つけ回してたの？	
L9866c266b5	1	19	（	ゆきのじょう	はなまる	
L1d2b9b7e03	1	19	胸に、	大きなパネル	が	
L9a15d160fd	1	19	脳との接続の関係で	プログラムの	仕様変更が難しくなるでしょ？	
Lbcf14603ae	1	19	うーん・・・	すごいんだか	すごくないんだか微妙な能力だな。	
La739d2ffec	1	19	待てよ・・・	その話だと、	君はこの町の出身じゃないな。	
L5735fef68a	1	19	話を聞きたがってるんだ。	まずはおれと	呼ばれてるよ。	
L148914cf6e	1	19	出火直前に	このあたりで	不審な人物が目撃されてる。	
L6f90f716aa	1	19	！	くそっ・・・	お前も一緒に来い！	
L00a48a345c	1	19	カンタ	じゃねぇか。	いったい、どうしたの？	
L4ed84048d5	1	19	母ちゃん！	どうしたの、	カンタ	
L9e5c2cc616	1	19	総合スーパーができたんですよ。	ほら、有名な	ジャジメント	
L7b7867cba2	1	19	ジャジメント	グループの。	さっき話に出てきた野球チームの	
Le33462d905	1	19	じゃあ、バイバイ。	（トボトボ）	・・・・・・・・・。	
L328375c39a	1	19	おっけー。	あ、そらよ！	（ぴしゅ！）	
L115584e35e	1	19	とりあえず、練習でケガしないように	走りこんで、	体力	
Leb9d8d0636	1	19	やれやれ・・・	それにしても	生きのいいヤツが来たもんだ。	
Lbcb37fda26	1	19	ですが。	あっ、はい！	はい、今晩ですか？	
L64c5c6fd66	1	19	いけないんじゃないのか？	い助けにいく	おまえって本当にバカだよな。	
L4bed57bcfe	1	19	・・・全部脱ぐの。	は・だ・か！	ボクの言ってる意味わかる？	
L97a579575d	1	19	好き勝手に言いやがって。	俺のおかげで	どれだけのヤツが	
Lf353573a13	1	19	ようなヤツ以外お断りなんだよ！	とっと帰れ！	（バタン！）	
L2054cb544c	1	19	そうか。	強いんだな、	ちよ	
L36b9efab56	1	19	わかった。	きそこの男前	もちろんだ。	
L977e405a95	1	19	なら、無理に誘わない方がいいのかも	しれないな。	あの格好でこの街にいる事	
La7a5fff9a8	1	19	維織	に好きな物を	おごってもらいました）	
Lf27fb6c99c	1	19	どうしよう？ごまかした方がいいかな？）	いその通りだ	おっす！	
L38fd715c78	1	19	そろそろ機嫌を直していただけません	でしょうか？	一緒に居ても居づらいと言うか・・・・。	
Ld81d0d4a41	1	19	ん？	こ、これは！	だんだんと体が！	
Le07568d874	1	19	（この人は本当にちゃんと本を読んで	いるのか？）	そうだね～。	
Lce5c03f8b4	1	19	維織	さんの心配を	しなくていいから楽だ。	
Lfd1311ecd3	1	19	だから早く寝て・・・・・・	今はかわいい	君を見たい気分。	
Lad1644fda7	1	19	というか、すでに体育の日が関係無い	じゃないか！	関係あるよ。	
L31408da8df	1	19	出るのかって、ボ～クはもともと	サーカス団で	ピエロ	
L056bad42fa	1	19	間違ってなくて、そして言い返せない	のが悔しい。	まあ、そこは開き直ろう。	
L4768471974	1	19	それとも	さんは他のが	ご要望なのかな？	
L81772062d5	1	19	これは玉乗りの練習さ～。	もちろ～ん。	野球のボールじゃないからね～。	
L3b9c8b2152	1	19	仕方が無いから新しいのを持ってきて	あげるわよ。	心配だな～。	
L186e18988e	1	19	それに話す時は、しっかりこっちを向いて	話すように！	・・・・・・・そう。	
L054a04484e	1	19	准	がいないな。	さっき	
L82e34e437b	1	19	マスター	だけなんだ。	そう。	
L99a0644bb9	1	19	やっぱり逃げやがった。	い追いかける	これ味がおかしいんだけど・・・・・。	
Lc5173f5523	1	19	予想以上に早くて驚いてるだけ。	さすがだねえ	さん。	
L1d64cf54a6	1	19	だからその時が来て、俺がこの街を	出て行く時、	維織	
L63a47ac782	1	19	そんな事を考えて、それを行動に移せる	なら、きっと	維織	
Lf6c6131f98	1	19	じゃあ、あれは買い物がメインだったの？	だけどなんで	准	
La4c8ff3d97	1	19	もしかしたら、お金持ちになれるかも	しれないよ。	期待しないで信じておくよ。	
Ld643920c19	1	19	原因になるとしたら	さんでしょ。	俺も何もしてないぞ。	
Lfa989731f5	1	19	可愛い、可愛く無いの問題じゃない！	なんで俺の事	・・・・・	
L23a9547f14	1	19	俺はまだ若いんだ～！	覚えてとけよ	准	
L1dc71e30a7	1	19	ピエロ	じゃないか？	こんな所で何をしているんだ？	
L233f96a773	1	19	・・・・・・・・・。	いったい何を	・・・・・・	
L61a311a28c	1	19	維織	さんなのに、	部屋に帰ってきて、一言も話さなくなった	
Lce820fafc4	1	19	・・・・・・	もう少しだけ	考えさせて欲しい。	
L37c8b8573e	1	19	さっさと充電させろよ！	俺のPCに！	俺の体に電気をよこせよ！	
L3f078d3a4c	1	19	私が貴方の傍にずっといる。	それでいい？	まあ、それでいいんだけど。	
L7a9c033a19	1	19	さっきの顔はかなり犯罪チックだったよ。	ケモノのね！	ケダモノーー！	
L8ff9267ce1	1	19	維織	さんの機嫌が	直らないだろ！	
L9cdd967cc3	1	19	それとも自分が	さんを超えた	という事ですか？	
Lb4582a6097	1	19	どっちでもいいけど・・・・・・	い舎弟をクビ	やっぱり	
L5528d351ce	1	19	そりゃね。	でも、心配だ	・・・・・・	
La5ea1b9fdb	1	19	そう。	毎日、隠れて	・・・・・・・	
Lcade4d8960	1	19	准	しか知らない	から、どんな人か興味があるよ。	
L04f7b72808	1	19	う～ん。	ただボ～クが	ピエロ	
Lf8bad82f24	1	19	どうしようか？	い行動で示す	止めた方がいいのかもしれないけど、	
L53471ac606	1	19	・・・・・・	ご主人様って	ダ	
Lc8e04782e8	1	19	普段、さんざんコイツには好き放題言われ	てるからな。	今日ぐらいは上に立たせて	
L0ab4010d92	1	19	い、	いや、それは	・・・・・・	
La750bccca9	1	19	俺と一緒に住み始めるまでこんな生活を	していたの。	うん。	
L9665195f65	1	19	くるからね。	いそうなんだ	確かに、そんな感じがしたよ。	
Lfff6e01420	1	19	全てにめんどくさそうで、	全てから目を	背けようとしてる感じがした。	
Le8b43ddf07	1	19	・・・・・・。	唐辛子パフェ	イン	
L743de7dbe0	1	19	イン	ガラナでも？	いい。	
L33f9cd204e	1	19	机の上に何かあるぞ？	これは手紙？	維織	
L953a352f21	1	19	維織	さんからだ！	君へ	
Lcac54622a5	1	19	・・・・・・	になるから。	だから聞こえない・・・・・	
Le4bc2d4b4a	1	19	本当かよ！	いや、でも、	維織	
L63def8a6b2	1	19	准	の言う通り、	ちょっと気にし過ぎか・・・・・・。	
L9594dfc6c2	1	19	別にここに住んでる事は気にしてないん	だけどなあ。	これまでもそうだったし。	
Lc05363b995	1	19	ああ、君か！	見ての通り、	僕は界この喫茶店の神になる！	
Lefa6d85197	1	19	死んで生まれ変わっても、二人はずっと	兄妹だからね	だからずっと優しいお兄ちゃんでいてね	
L6560b4ef9e	1	19	でも、ほとんど毎日ここでバイト	してるよな？	いつ学校に行ってるんだ？	
L26a2f25833	1	19	ヒーロー	達の物語を。	うん。	
L5ed38b3d7a	1	19	「どうせ読むんだから、どこに置いて	いても一緒」	とか言って、	
L03763d2480	1	19	いても一緒」	とか言って、	まったく受け付けてくれないんだよ。	
L67e02cabd0	1	19	でも結論を言う前に聞きたい事が	あるんだ～。	聞きたい事？	
L4613af231b	1	19	ピエロ	の動きを見て	チームの仲間は喜んでくれるさ。	
L4874d54d5e	1	19	どこに行っても本を	読んでるよね	維織	
Lc4ba43a8be	1	19	そうだね～。	たまにかな。	それ系のイベントに出たり、	
L5829b97a62	1	19	君に後で行くと言ったし、	俺も夏祭りに	・・・・・	
L70678da7d4	1	19	維織	さんは突然、	思いついた話はしないからね。	
Lf9801f55d3	1	19	よく見ている。	そんな貴方に	維織	
Ld4825c0851	1	19	そう思ったから。	これが理由。	（う～ん。	
Le0b374bfb6	1	19	さんとデートして	いても、別に	維織	
La25cee4747	1	19	ヨロシクね	ご主人さまっ	「ヨロシクね」って、初めて会った時に	
Lcdf61f483d	1	19	・・・・・・	最高の食材、	最高の香辛料を使ってカレーを作る。	
L76c48f0a75	1	19	・・・・・・・・。	元に戻すのが	・・・・・・	
Lfd6ae37039	1	19	。	あのモードの	維織	
L08ba965cf3	1	19	じゃなくてその子の雰囲気も好きになった	って事だな。	う～ん。	
Lf7bae4b2da	1	19	・・・・・・	こもってる。	ありがとう。	
L3f8ce956e0	1	19	維織	さんと一緒に	戻られなかったんですか？	
L413129567f	1	19	維織	さんの好み？	というか、	
L27c3a0084b	1	19	そんな事ないさ。	あの気難しい	維織	
La24018d6d2	1	19	・・・・・	あのピアノ。	もしかして・・・・・・。	
L44fc8a7b79	1	19	ピエロ	らしくないん	じゃないのか？	
Lfbc64e04a8	1	19	准	だったのか！	は、はい。	
L15b232a9f8	1	19	・・・・・・	ってなんだ？	准	
Lbc106767e5	1	19	！！	このサンドを	維織	
L53940adc12	1	19	維織	さんなんて。	私にすれば？	
L8418a1fd8e	1	19	ピエロ	さんだよね？	そ、そうだよ～。	
La0f359a658	1	19	何度も言わなくても、	姿形でお前が	ピエロ	
L9f7305fe5d	1	19	うん	でもね、私、	あまり知らない人と仲良くなれないの。	
L6f70383e2d	1	19	だろうなと思って、	君が寝てから	作り始めた。	
Lc5947ccb52	1	19	大丈夫・・・・・	君の為なら、	何でもできる。	
L84420171c4	1	19	はまりそうな分野だし。	大丈夫かな）	いらっしゃいませ！ご主人様	
L4db2755eb6	1	19	ゴールドとかいそうだね。	そんな事より	・・・・	
Lec23adbc4f	1	19	１０月のビッグイベントがもうすぐ	あるでしょ。	１０月のビッグイベント？	
Lbb0f964a12	1	19	・・・・・	って、お前、	維織	
Lba12339351	1	19	維織	さんの実家が	何か知っているのか？	
Lce93a32dc0	1	19	言ったら・・・・・	そういう目で	維織	
Lb5031a7b27	1	19	何を言っても無駄そうだな。	もういいや。	で、なんだ？	
Lbc812e0a95	1	19	もういいや。	で、なんだ？	この辺で落ち着ける場所はないか？	
L0be3ba6c96	1	19	あの言葉使い！	あの雰囲気！	まるでメイドさんじゃないか！	
L780d274a44	1	19	さんの金銭面も、	あの喫茶店の	マスター	
Ld3d4fe69c4	1	19	はい！わかりました！	では他には？	いや、それだけでいいが。	
L1cb1384672	1	19	はずなんだが。	綺麗すっきり	・	
L6ec1ba1daf	1	19	維織	お嬢様は君に	何も話していないのかな？	
L540a73a80e	1	19	それを背負っていける程に大きくする事が	できるんだ！	・・・・・・・・・。	
Lbe94ef9fdb	1	19	維織	さんは表情を	コロコロと変えた方がいいよ。	
Lb7ca813e02	1	19	う公園	さてと・・・	どうしようかな。	
L2e8a2ad549	1	19	お腹すいたなぁ。	あ！もしかし	て・・・	
L69b3d850be	1	19	三浦のシナリオテスト。	く城田連続１	三浦のシナリオテスト。	
Laddc5f2fc5	1	19	楽しそうですな。	い楽しいです	・・・楽しいですよ。	
Lfd5c3dec41	1	19	牧村	さんか・・・	なにをしに来た？	
L31a618c0d1	1	19	いえ、今日はそのような用件では	ありません。	外部組織と接触を持っている	
L9a8825eeb0	1	19	ほら。	これやるよ。	これ、さっき返した弁当	
L2eaabaa96c	1	19	あ・・・	うわぁ・・・	さんだ・・・	
L6c9d677267	1	19	うわぁ・・・	さんだ・・・	あれ？	
L3a16b1d874	1	19	いないじゃないか、	あんど・・・	う。	
Lb9342b421b	1	19	気になるのか？	でも、これは	お昼までダメだぞ。	
L05db65f6db	1	19	あ！	もしかして、	城田	
Lba0b749e55	1	19	城田	さんですか？	いかにも。	
Lafca58f718	1	19	あちゃー。	やってしまっ	た・・・	
Lb70851a0cd	1	19	（シュッ）	ナイフ・・・	なるほど。	
L01f98ec6d0	1	19	さんは、どこに行きたいんだ？	い自分で選ぶ	そうだな	
La3d1e99057	1	19	さん。	さっきから、	全然歌ってないじゃないか。	
L1d2dc7b59c	1	19	よーし、じゃあ私は	これで行く！	あ、それ後で	
L40de09be85	1	19	服装と料理する事は、	関係ないよう	な・・・	
L93490d5a86	1	19	ふーん、まあいいか。	でも、あの人	このレストランで	
L2db739f6c9	1	19	それも気になりますけど、	そうじゃなく	て・・・	
Lbf7dce971c	1	19	得意じゃないとか	言ってたくせ	に・・・	
L7e53a8c3a0	1	19	ちょっと通りかかったら、	えたからさ。	いや・・・	
L22d41d687c	1	19	一応、私の勘違いかもしれないから	聞いておくけ	ど・・・	
L0591348aa4	1	19	まあ・・・	な感じだし。	え？	
L9e433b0cb8	1	19	なんかさ、	薄汚いんだよ	さん。	
L3f84fe5345	1	19	なんかね、	薄汚い・・・	そうかな？	
L9779bb0e38	1	19	うちの父親も、	さんみたいな	格好で帰って来る事ある	
La321232ebe	1	19	（ドカッ）	いたた・・・	おっさん！	
Ld4afb8ce5a	1	19	あ	さん、ご飯は	まだだよな？	
Lef1fe71dce	1	19	今日は、	リスマスだ！	ケ	
L40eae8c724	1	19	あはは。	まさか、あの	さんと、	
L1e79276819	1	19	お父さんは、お父さん。	別にさ・・・	考古学者でも、それ以外の何か	
Lb705c5b3d5	1	19	霧生	さんじゃない	か・・・	
Lc593fbe218	1	19	あるだろ？	かわいい名前	が・・・	
Le71cffc0f6	1	19	わかった。	今度からは、	夏菜	
La2ffd5764e	1	19	じゃあ、せっかくの	クリスマスだ	し・・・	
L7d193ffb5b	1	19	さん。	でも、残念！	今日は、もう帰るところなんだ。	
L86fc74a8ec	1	19	・・・汚いな。	ちょっと臭う	し・・・	
L583debf753	1	19	え？	いいよ・・・	自分の家で洗うよ。	
Lcfbd023666	1	19	自分の家で洗うよ。	さんの家って	あれ	
L39d28ca12f	1	19	よし、	￥に行こう。	デ	
L611a8aedda	1	19	こっそり持ち出されてたら	わからないけ	ど・・・	
L6a8241b761	1	19	さん。	これだ・・・	え？	
L404165fa75	1	19	そういえば、何も食べてなかったな。	材料は・・・	あー、何もないんだった。	
L9fd9305473	1	19	（シュッ）	ほほう・・・	今のを、かわしますか。	
La9b41c3dc7	1	19	（さっきのは、たまたま	避けられたけ	ど・・・	
L381030ada1	1	19	そのディスクを、渡してあげて。	確かに・・・	ディスクを受け取ったなら、帰って。	
L1ea60d90bb	1	19	もしそうなら、こんなに探したり	しないしな。	さ	
Lf41b68ed1f	1	19	・・・・・・・・・・・・・・・。	活気のある	いい街だな。	
L739268add3	1	19	いらっしゃいませ。	んにちは。	（今日のカレーもおいしかった！）	
Ldcde9e090b	1	19	どこに弱点があると思う？	え打撃だ。	よし、じゃあ今日から	
Le43ba6e036	1	19	か。	い持ち帰る	まあ、俺の物じゃないからな。	
L79d52a4417	1	19	いや、すごいごちそうですよ。	いセリーグ	さて、今日の配達が終わったぞ。	
L5298ed882c	1	19	おいおい、オレじゃねえよ。	作ったのは	貴子	
L07375633cf	1	19	なんともないぞ。	これは！？	鉄骨がバラバラになってる。	
L5e938a317c	1	19	ベキ	メキキ！）	おお、すごい怪力でやんす！	
L8bfb131737	1	19	水曜日といえば商店街は休みだ。	そうだろ？	はい。	
Ld0a2f5041e	1	19	権田	、練習か？	まあな、キャプテン。	
Lde745a29a9	1	19	・・・・・・簡単に説明すると	大人の事情	ってヤツなんだ。	
L416baf69c9	1	19	なにっ！	え、なんで	奈津姫	
Le6443cf96b	1	19	とまあ、冗談は置いといて。	じゃーん！	あ、サンドイッチ？	
L35a874632b	1	19	ムシャ	に会ったら	教えてやらないとな。	
L12aeb86a04	1	19	ブギウギ商店街	の銭湯だ！	・・・・・・・・・。	
L91afb86e7b	1	19	ムシャ	はやつらを	うとむのだ。	
L190f5bee0d	1	19	（ズルッ・・・	ドボン！）	（ああああああー！）	
L15c4c407de	1	19	かもしれんのだからな。	アメリカで	じっとしてはおれんよ。	
L744cb5c068	1	19	そう、	そうよね、	もちろん。	
Lc56e77449c	1	19	え、ええ。	あら、やだ	あたしったら！	
L5f81123e32	1	19	さっき聞いてきたんですけど	ほとんどが	ジャジメント	
Lcdb50275ac	1	19	たしか	宙空不動産	とか言う所の人が。	
L7ee593e4af	1	19	ビクトリーズ	の練習も、	この水曜日がメインだ。	
L72c2be78be	1	19	貴子	ちゃんが！	なに？	
Lc170d3f12f	1	19	武美	さぁ～ん。	？	
Lb212f22ac3	1	19	（タタタタタタタッ・・・	ズルッ！）	あ！	
Lc69730b589	1	19	野田	って、毎回	こういうのを作ってるのか？	
L85ccced108	1	19	狂犬ドッグス	との試合が	来週の土曜日に決まったぞ。	
Ldf5f3b884d	1	19	どこか遊びに行きたいところは	あるかい？	！	
L5337661fe4	1	19	貴子	ちゃんは？	お前、寝すぎ。	
L215d521068	1	19	さんは店出て行っちゃう・・・	のかしら？	ん？	
Lf5eb0300eb	1	19	練習もうまくいってるようだし、	よかったな	ちよ	
L35950e3f32	1	19	ゲームを中断するときは、	コマンドの	システム	
L9afae4bdc8	1	19	システム	を選んで、	セーブ	
Lca216b91fd	1	19	野球の練習でも・・・・	さぁ～ん！	・・・？	
L168c278faa	1	19	いや、最近のことじゃないんだが。	あの犬、昔	車にひかれてね。	
L309d4da240	1	19	ブギウギ商店街	の振興会の	メンバーの溜まり場でね。	
L9118011377	1	19	なに聞き分けのない子供みたいに	いつまでも	だだこねてるんだい。	
La2d49731ad	1	19	愛情は誰にも負けないつもりなんだ。	そこだけは	わかって欲しいんだよ。	
Lea46924767	1	19	遺憾ながら、球技においては、	わが知略も	さほど役にはたたぬ。	
L1aaaa6e5cf	1	19	さわだ	）さんだ。	よろしく。	
L7b92592baf	1	19	ちよ	ちゃんって	いつからあの劇団やってるんだ？	
L853c1b89c5	1	19	いいか、今日のお前は試合全体を見ろ。	なにしろ、	キャプテン	
L68604987b3	1	19	なにしろ、	キャプテン	なんだからな。	
L8d5a1d794a	1	19	全選手を操作します。	選手交代は	佐和田	
L7372e7d088	1	19	（信用する、しない	以前の問題	の気がするけどな。）	
L3fbf628042	1	19	ジャジメント	のやつらは	気にいらねぇ。	
Lb4505303ec	1	19	オイラも応援するでやんす！	（明日から	バンザイ	
L70516a63a7	1	19	だから・・・	そのまま、	車のアクセルを踏みこんだ。	
L7c79afab01	1	19	ジャジメント	スーパーに	対抗していこうって時に、	
L9c2b150530	1	19	ジャジメント	がどうして	この商店街を目の敵にしてるのか	
Ld4471efd10	1	19	（ブンッ！	ブンッ！）	む～～～～～ん。	
L15007e2cf0	1	19	野手を動かすんだ。	落下点表示	があれば、	
L2ab68b212c	1	19	落下点表示	があれば、	ずいぶんと楽になるんだが・・・	
L67981c16de	1	19	あなたは、ウチのチームの貴重な戦力	だからね。	並木	
L72a3e2767e	1	19	・・・・・・・・・・・・。	うまあね。	（がくっ！）	
Laf6d029b60	1	19	ビクトリーズ	のみんなは	あそこで野球の道具を買ってるよ。	
L84881adedd	1	19	いつの間にか本が少なくなってて	しまいには	カラになってたんだ。	
L925039130f	1	19	だから脚立で・・・	ああっ？！	ぜんぜん届かないわね。	
Lb92c029d62	1	19	ビクトリーズ	の勝利だ。	ああ、君の助けがあったからだ。	
L786f831e68	1	19	・・・わかった。	さらばだ、	清十郎	
L8291a0f65b	1	19	ちよ	ちゃんも、	見に来てもらったらいいじゃないか。	
L23231cd422	1	19	金属バット	をやろう。	で、オレの役を	
L467e4995ed	1	19	金属バット	のキャラは	官藤	
Leccdfa8441	1	19	じゃーーん。	これだよ！	なんだ、一升ビンじゃないか。	
L39a92d0caa	1	19	ああ、いや、よく見ると	かわいくて	いい名前だな！	
Lb3f0ec6438	1	19	かわいい。	決まりね、	ウンコ垂れの助	
L06cd6fa2fd	1	19	ほんと、しょうがない子だね。	それじゃ、	あたしも仲間に入れてくれない？	
L5623ef3ced	1	19	要領はわかってくれた？	じゃあ次は	も入ってみようか。	
L269502da0a	1	19	あるでやんす。	ますます、	凡田博物館	
Lc7481833c3	1	19	ますます、	凡田博物館	の展示物が	
L81c47778c6	1	19	凡田博物館	の展示物が	増えるでやんす。	
Lb07bb811fd	1	19	今のは	スライダー	ははカーブ	
La4f2b5d258	1	19	スライダー	ははカーブ	ひひフォーク	
L53b944ceb8	1	19	（・・・相手チームに逆転勝ち。	さすが強い	ビクトリーズ	
L03cf51cf49	1	19	（ワイワイ、	ガヤガヤ）	商店街の会議、大変なことに	
L04e0230dd2	1	19	ジャジメント	のやつらを	ギャフンと言わせるでやんす！	
La0e9c372b0	1	19	ジャジメント	グループの	ゴルトマン	
Le0ef83db1c	1	19	ジャジメント	のねらいが	わかるまでです。	
L1629506d2c	1	19	へへへ・・・	あの支店長	スイッチを入れやがったな。	
La2b83796a3	1	19	言っておきながら、結局それしか	アンタには	ないんだね。	
L77baab0fba	1	19	かなりいい条件だと思ったのですが	これまでの	いきさつもありまして	
L9d1810aa10	1	19	ま、いわゆる	ガイノイド	って奴？	
L495a62d57b	1	19	ちよ	ちゃんには	まだ大きな夢が残っていたな。	
L479579db42	1	19	・・・・・・・・・ん？	どうして、	ちよ	
Ld7297e316f	1	19	ちょいと昔の知り合いでね。	今度こそ、	の野郎はつぶす！	
L05e7a540fb	1	19	あった！	これだわ！	（	
L611a60b2d0	1	19	ジャジメント	に渡せば、	スーパーと	
L1a6b047bd1	1	19	に渡せば、	スーパーと	ブギウギ商店街	
L105edf33ac	1	19	ちよ	ちゃんが、	お芝居のビラを配ってたんだ。	
L618af886df	1	19	ちよ	にも責任が	あるんじゃないかって思っててさ。	
L1a7035d857	1	19	あたしは自分の部屋でやることが	あるから。	ほ	
L498f036d12	1	19	カシミール	へ連絡を！	部屋の前で何してるの？	
L917ef84fb4	1	19	さらに	黄色の矢印	で表された球種も	
Laaa135aa67	1	19	三振	がとれる。	また、	
L03561dae92	1	19	を使用できる。	これは他の	特殊カード	
La8e919ad4c	1	19	カード力	というのは	カードの強さのことで、	
L1d9c161014	1	19	・・・いいかげん、	あきらめろ	。	
Lbe512d5dac	1	19	まあ、そりゃあバレるか。	どんな時の	ちよ	
L019b8af32f	1	19	大村	会長の話を	もってきただけだから。	
Lf6ed4fd9d7	1	19	貴子	ちゃんは、	なんだか俺のことを	
L20e0999b39	1	19	どんなときでも、忘れることなく	ずっとよ！	いや、だとしても・・・	
L05485e0f23	1	19	うちの商店街の	アナゴ祭り	に対抗して、	
L73d7443af5	1	19	ちよ	ちゃん！？	ダメだ。	
Lcca411d131	1	19	ぐるぐるしてるだけらから。	ええっと～	おいらフグらろうなのらぁ。	
Ld1229698f6	1	19	まあ、その。	まず、一応	知り合いかどうか	
L07b5e507f0	1	19	俺、勉強もできなかったし	女の子にも	もてなかったけど、	
L4d0f6d56dd	1	19	梶原	さんの役は	顔色の悪いやせたマザコン。	
L17998dba87	1	19	そんな、ちゃんと	その本は、	見つかったじゃないですか！	
Lb233074b59	1	19	この店も、	商店街も、	この町も	
La3d75162f7	1	19	ま、金さえもらえるなら	別にオレは	かまわないぜ？	
L2bb988dd80	1	19	が抜けたら、	この劇団は	どうなるんだよ？	
L45c127284b	1	19	イベント用に何羽か借りたんだよ。	ダチョウに	さわれて、乗れるんだ。	
L345cb6fc69	1	19	爆弾や車などに気をつけて	１０匹以上	捕まえろ！	
Lc89045831f	1	19	だからアタクシは、	ダチョウは	やめた方がいいと、	
Lb2c1c6f15e	1	19	ちよ	ちゃんとは	友達以上の関係にはなってない。	
L579b89116f	1	19	ちよ	、すまん！	俺、今回は舞台立つの無理っぽい。	
Leddf11113e	1	19	ホッパーズ	の親会社で	兵器なんかも作ってると聞く。	
L6ef9cca825	1	19	脇役だって恥ずかしがることないよ。	それとね、	昨日の反省を生かして、	
Lf725ea425e	1	19	オレは演劇なんて好きじゃない。	好きなのは	ちよ	
L79dfab78e1	1	19	あいつらは演劇に命賭けてるからな。	それなのに	？	
Lb905ebd0e2	1	19	ああ。	出火直前に	このあたりで	
L2197f8937e	1	19	どこからともなくやってきて	事件の後で	どこかへ去っていく。	
L393dc691a6	1	19	カンタ	君をつれて	誰か強そうな人を呼んできて。	
L1342f1858f	1	19	・・・ふぅ。	予想以上に	せまかったけど、	
L398cf4ef67	1	19	」）	母ちゃん、	母ちゃん！	
Lfaefa76fab	1	19	お恥ずかしい話ですが、どうやら	悪いのは、	カンタ	
L0acce0d176	1	19	権田	でいいよ。	とりあえず、練習でケガしないように	
L6005ca22a2	1	19	と付き合ってるんだろ！	だったら、	ちよ	
L78ac7a7880	1	19	おれは助けに行く。	じゃあな。	・・・だめだ。	
Ld549923b35	1	19	なら、無理に誘わない方がいいのかも	しれない。	あの格好でこの街にいる事	
L3856ca0ac7	1	19	に、逃げやがった！	本当にあの	ピエロ	
Lf0492896d0	1	19	のキャッチボールを	しました）	いいや、俺じゃないぞ。	
Le83bc23309	1	19	両手がふさがってるじゃないか）	い持たない	ん？	
Lb3a282d9a5	1	19	私の発注ミスでストローを切らし	そうなの。	だから急いで買いにいかないと	
L091370d637	1	19	それともツンデレ？	うドジっ娘	ただいま。	
L722a9f9b6d	1	19	以上。	あ？十軒？	しかも以上ってなんだ？	
L6d16e0f1d8	1	19	うん。	そうだねえ	・・・・・	
L1017d4a23e	1	19	いや、	まったく、	ちっとも・・・・・。	
Lef7e1e8ddc	1	19	何を言ってるんだ？	気は確かか	准	
L5a5f08df94	1	19	ただ気分がいいだけだから。	プレゼント	・・・・・	
L4e618ae2c2	1	19	それとも俺と離れるのか。	きっと今の	維織	
Lbe98ac0c0d	1	19	さんなら誤魔化さないはずだ。	いつからだ	・・・・・・	
L723cc8d883	1	19	維織	さんがよ。	包丁とか料理とか、宇宙規模で似合わない	
L9f786edd2d	1	19	維織	さんの傍に	いる事になるんだよな）	
Le344f6c1a3	1	19	若者なんて言ってられるのも今のうち	だけだぞ。	大丈夫。	
La8dc9c57a4	1	19	准	は客の俺に	対して優しくないぞ！	
Lc57cb42277	1	19	・・・・・・・・	うるさい。	は、	
Lbb0a2d1e94	1	19	維織	さんの声？	どこから？	
Ld6bbbb26dc	1	19	君は私のピアノを聴きたい？	い聴きたい	いらっしゃいませ！	
Lbc5ad3bbcd	1	19	せ、	先輩、す、	すぐにお持ちしますね。	
L026647fd19	1	19	これ？	って包丁？	そう	
Ldacdbd7f9d	1	19	維織	さんでも、	抱き抱えて運んだら反応するだろう。	
L0e726a394f	1	19	ああ、ありがとう。	それでだな	准	
L6a2d9481e9	1	19	そして眼差しは疑い！	さんの事、	信じてたのに・・・・。	
L01599be5b6	1	19	ピエロ	じゃないと	言えるんだ？	
L79d389c9c8	1	19	普段から無口とはいえ、	機嫌が悪い	維織	
L34409c44d0	1	19	あれ？ご主人様、コーヒーが冷めてしまい	ましたわ。	新しいのをお注ぎしますね	
L964e87bb58	1	19	今日ぐらいは上に立たせて	もらおう）	まあ、	
L6aef162162	1	19	う、	うそだろ。	二人が一緒に同じ事を書いたんだもん、	
Lc760b7b471	1	19	准	号と呼んで	くれてもいいよ。	
Lfe06100d94	1	19	えっ？	それだけ？	それだけだ。	
Lef9f435e1e	1	19	（店内が静かだから小声でも二人の会話が	聞こえる）	・・・・・・・・・。	
L82216ce24c	1	19	さすがにイライラしておられるようです。	本来ならば	維織	
Le9b4210c06	1	19	うん！	そうだよ！	よくできてるでしょ？	
L46a97b53ad	1	19	さんの甘えっぷりなら、	どこにでも	さんを	
Lc4f5b3986d	1	19	一人でやりたい事だってあるんだよ。	心配性だね	さんは。	
Lb9d6d844d7	1	19	のんびり過ごすのもやっぱりいいな。	相変わらず	維織	
L41c95e173e	1	19	寝るのはいいけど膝の上で寝られると	俺が動けな	・・・・・・	
L716632d3f8	1	19	メイドさんに歳を訊くだなんて最低	じゃない？	メイド限定なのか？	
L7733a06924	1	19	本当にあの人２４歳？	どうみても	さんよりも	
L2009ff9c74	1	19	どうみても	さんよりも	落ち着いてて大人に見えるんだけど。	
L4738a930cb	1	19	知らないわよ。	さっきまで	維織	
L3c79096cff	1	19	感情なんか二の次だった。	泣いても、	笑っても、	
L5e71ff65fe	1	19	泣いても、	笑っても、	怒っても、	
L0eb357a311	1	19	笑っても、	怒っても、	何も変わらない。	
L0e33105f91	1	19	君に手料理を食べさせたい。	これが理由	・・・・・	
L2700bf84b9	1	19	・・・・・・	いつも通り	維織	
L854b29872c	1	19	ですよね？	さんはまだ	維織	
L6f78c1ce74	1	19	ピエロ	ってなに？	どうだろ～？	
L6ca8c01cbb	1	19	）で～す。	ヨロシクね	ご主人さまっ	
L7c5e5df90c	1	19	ただ単に着替えるのがめんどくさい	だけなの？	そう。	
Ldebd563d4d	1	19	コーヒーじゃないか！	気が利くな	准	
L7f8619823e	1	19	公演しに来た時に何回も見に来てくれて	たんだ～。	でも、ボ～クは一目見た時に好きに	
Lc9f49d5475	1	19	のボ～クにはたまらないと	いうか～。	そ、	
L196821819f	1	19	そんな事ない。	うれしい。	本当に？	
Lf039f0e928	1	19	維織	さんの為に	作られたのでしょう？	
L0d6ea991f3	1	19	笑わせる事ができなくなったんだ～。	うう～ん。	大勢の人を笑わせたい、	
L5d715c5888	1	19	ピエロ	の問題だ。	俺が追いかけて行って、言うべき事は	
L94760240bf	1	19	俺が追いかけて行って、言うべき事は	もうない。	ここが踏ん張りどころだぞ・・・・・。	
Lef682e1b9e	1	19	うん。	（ダキッ）	ありがとう。	
L04b3f3247a	1	19	ピエロ	に対して、	何かした覚えは無いんだが・・・・・。	
Lbe21d4e0cf	1	19	か！	いよいよ、	准	
L1209b956b3	1	19	いつも見に行ってた	サーカスの	ピエロ	
Ld0dd1108a9	1	19	ピエロ	っぷりが、	かわいそうになってきた・・・・・。	
L512417657a	1	19	いらんし、俺はパソコンを持ってない。	しかしな、	電視	
L41d4a8a83a	1	19	そういう年頃なんだろ。	それよりも	准	
Lc79d8c7c9f	1	19	口がトレイの大きさまで広がると思った方	がいいよ。	ヒキサカレル！！	
Lfd820fbdc1	1	19	私もダーリンの事を考えると仕事が手に	つかなくて	ほら見て。間違ってハムサンドに	
Le87c519e52	1	19	・・・・	もう帰る！	ああ、俺も帰るよ。	
L77f9bdca45	1	19	維織	さんの事が	わかってんだろうし、	
L4beb151db6	1	19	無いじゃないか。	嘘をついて	維織	
L2d962fa24c	1	19	・・・・・・・・・・。	メリットは	・・・・・	
Le0a9e2495d	1	19	知らぬは本人だけだから。	とりあえず	維織	
Lc7291463f1	1	19	・・・・・・・・・。	さすがだね	維織	
L74d970ce7e	1	19	マスター	にお嬢様と	呼ばれていた事も、	
L679a903468	1	19	貴方のおかげで。	私はもう、	自分の羽が傷つく事を恐れない。	
Lcf11d79f77	1	19	・・・・・・・。	わかったよ	維織	
L31011a5ccd	1	19	維織	さんの羽は	もっと大きくなる事ができる事を。	
L3d03e26b50	1	19	公園	のの繁華街	はは映画館	
L77744c9d47	1	19	のの繁華街	はは映画館	ひひスポーツ観戦	
L2ed53d8a08	1	19	霧生	さんなら、	しばらく休むみたいですよ？	
L24a028aa0d	1	19	その・・・	お父さんが	亡くなったらしいですから。	
L8923df40f4	1	19	ははは・・・	急用じゃあ	しかたないですね。	
L3104e0bb7f	1	19	レストランの人？	ユせるよ。	それでいいな	
L0a5ebe3953	1	19	そうだな・・・	ィこうか。	うん、いいね。	
L075af2fb90	1	19	夏菜	にお土産。	・・・えー！	
Ld3ce6bcd2b	1	19	うーん・・・	どうするか	なぁ・・・	
L07c941a139	1	19	夏菜	の友人を、	確認しようと思ってね。	
L38d0cbc49a	1	19	どうしたんだ？	・うしろ。	うしろ？	
L7738b6d2e2	1	19	ほう。	必要無いか	とも思っていたが、	
L5620820c06	1	19	あか	楽しそうで	いいですな・・・	
Le405910a5f	1	19	城田	さんの事？	なんで、	
L4c0817404a	1	19	と打ち合わせの日	だからの。	あれ？	
L949f6975b0	1	19	してる人らしいぜ。	私も、よく	知らないけどな。	
Lc0cdbb05ee	1	19	ら・・・	これかな。	うんうん。	
Lf875af46ca	1	19	て・・・	なんかね、	薄汚い・・・	
L91390b1df8	1	19	食材買っただけなんだ。	料理しない	と・・・	
L1fc47c08cf	1	19	考古学者だったのかな？	私、ずっと	だまされてたのかな？	
Lb4e044922c	1	19	って呼ばれるよりもさ、	あるだろ？	かわいい名前	
Le922c95029	1	19	見せてもらっても、よろしいですかな？	あ、はい。	むむむ・・・	
Lacb8406ca1	1	19	え？	さん大吉？	こんな所で運を使うなよ。	
L8730a6f5c6	1	19	お父さんなら、わかるんだろうけど	もういない	し・・・	
Lafa1bcd574	1	19	さん？	あなたがな	ぜ・・・	
La44f779afc	1	19	ど・・・	どうする）	では、これはどうですか？	
L9740390efa	1	19	今日は、	なかなか	寝つけないなあ・・・。	
Lf26a0aed01	1	19	どれどれ・・・。	（バシャ	バシャ）	
La544ef9d39	1	19	（バシャ	バシャ）	（ここでミニゲーム）	
L4bd2ae80a2	1	19	変なものでも食べたかな？	主人公が	バンザイ状態	
L62da241193	1	19	少森寺	で体術を	鍛えてきたからな！	
L593b624675	1	19	、	スロット	のこと	
Lf7352c9dbd	1	19	（	ほるひす	人形の的に当てたので、	
L77a1372fc9	1	19	くそ、みんな僕のことバカにしやがって。	今こそ、	あれ	
Lbd5de426eb	1	19	なので	この先は	やっちゃダメなのでやんす。	
L6255fb6ab1	1	19	９年連続で、	発売前版	は	
L57a6428769	1	19	その格好にしてたんだね。	普通の服	はこれだけだからな。	
Lf1631d6823	1	19	あ、	あたし、	別に変なことは	
Leeb00e8396	1	19	あれえ、笑うところだよ。	ここは。	でも、本当なんだろ。	
Lad3f440c0a	1	19	大神	の連中や	警察には追いかけられる、と。	
L877cb4993b	1	19	ブギウギ商店街	の連中に	とどめを刺します！	
L45c629c371	1	19	官藤	のやつが	キツイこと言ったって聞いたからさ。	
Ld5bad9bf88	1	19	きつく当たったと思うんだ。	あいつ、	ちよ	
L4016863c0f	1	19	なぜなら・・・	捕球も、	送球も、	
L3ba4b37a7c	1	19	捕球も、	送球も、	打撃も、	
L147af97915	1	19	送球も、	打撃も、	俺は苦手だからだ！	
Lb48f583f34	1	19	月・水・金以外	の曜日に	いつでも遊びに来てください！	
L3a17b6bbbe	1	19	ジャジメント	の目的が	この商店街の土地だと考えれば	
L513ca53029	1	19	ビクトリーズ	の練習は	主にこの球場でやってるのか？	
Ldd16b902d4	1	19	貴子	のことを	知ってるんだ。	
L9ec9fca239	1	19	はい、パンの耳。	名づけて	ランチセット！	
Le94c4ac776	1	19	鍛えたらいいだろう？）	え打撃！	みんな、気合を入れてがんばろう！	
L66df04c9da	1	19	全然細かくない！	試合中は	ユニフォーム着ろ！	
Lae3b259f2e	1	19	ムシャ	くんだ。	ムシャ	
L5223df79ab	1	19	ねえ、最近ウワサを聞いたんだけど。	あなたと	さんが一緒に	
L3a7887b959	1	19	あなたたち２人には、	まったく	あきれるわ。	
L5f04e5964f	1	19	いいえ。	２人とも	かなり変よ。	
L918f1a82f1	1	19	・・・だれの？	さんの。	え？	
Lcf9bf107b2	1	19	・・・これは俺と、お父さんか。	こっちは	貴子	
L638df4e166	1	19	仲良くなっておくんだな。	あばよ！	と	
Lb3d83cd9d9	1	19	コマンドの	システム	を選んで、	
L8e02c2e105	1	19	貴子	ちゃんと	初めて会った時に、	
L14ffc65912	1	19	貴子	ちゃんの	お母さんはどうしたんですか？	
Laee77ee536	1	19	夢に向かって	努力して	夢をかなえるために	
Lc4814b1b90	1	19	会長さん、いきなり何を始めたんですか？	そもそも	どうして金づちなんて	
L18891d8d6a	1	19	いったいどういう犬なんだ？	大村会長	にでも聞けばわかるかな？）	
L1b79835db8	1	19	がんばってる姿を、どんどん見せて	あげたら	いいじゃないですか。	
L289430cb10	1	19	そう思うようになったんだ。	それで、	師匠	
Lf42b13f728	1	19	少森寺	に戻る。	・・・そうか。	
Lde377a6055	1	19	貴子	さんも、	お父さんも助かるって話なら、	
L6bfaf0f6ce	1	19	カンタ	君つれて	家族サービスだよ。	
Lb9df7ea6ab	1	19	・・・お前の背後に、	なにかが	とりついておるぞ。	
Lb1007f4bf1	1	19	コアラーズ	相手なら	そうそう負けはしないと思いますが。	
L1eecb33ee2	1	19	・・・やれやれ。	う野球で	その知略を生かしてくれ。	
L04e74d8556	1	19	ちよ	のとこの	劇団に入ったんだ。	
Le8f9b1256f	1	19	くくくく・・・	見たか、	ジャジメントスーパー	
L5610bd8c42	1	19	ジャジメントスーパー	の力を。	この試合の各イニングでもらえる	
Lf3a9830873	1	19	そら、とっとと行け！	いおい、	！	
L29083c8ddd	1	19	・・・うん、いい日だ。	貧乏臭い	の野郎と	
L6b24d82900	1	19	貧乏臭い	の野郎と	貧乏臭い草野球チームに	
L8a621d4492	1	19	実力があれば関係ない！	ぜひとも	ビクトリーズ	
Lec0afae7f0	1	19	キングコブラーズ	に勝って	このチームが助っ人なしでも	
L20f2c1a2de	1	19	（明日から	バンザイ	コマンドが	
L941f026540	1	19	ワン公	ですか。	・・・・・・・・・・	
L38a355d498	1	19	ねらい球（打つ球種）を絞る	ことだ。	最初は	
Lb40d5daeb6	1	19	（	かーそる	？	
L34b56550a3	1	19	三振じゃないから、ねらいを絞って	ねらいが	はずれたら見逃すぐらいで	
L02f5e484c1	1	19	並木	巡査と、	医者の	
Ldc11721284	1	19	に	加わった	さんですね。	
L13cffc7502	1	19	野球ゲームだけど、	入出力は	そっちの神経信号を使用してるから	
L5349634d35	1	19	（	ぬくみず	）	
Ld69283b9f2	1	19	それ、主人が大切にしていた本です。	ですが、	ジャジメント	
La38cf395e1	1	19	思ってたけど、なんか違うよね。	あたしら	まがい物がなりたかった、	
Lf1a26cf589	1	19	ムシャ	の墓だ。	ひょっとして、俺以外の連中には	
L1fd9ca739d	1	19	ムシャ	の役目も	これで終わりのようだ。	
L3bfe617083	1	19	ムシャ	の記憶も	消えていくはずだ。	
L7fa8854c64	1	19	こういう時だけは、自分に	ごほうび	ってお金使うの。	
L996349d172	1	19	官藤	くんとか	みたいなキャラがいいと思う。	
L6fb397f24c	1	19	「	愛煮飢男	（	
L3a2c5f0a4f	1	19	小日向	くんね。	も凝った芸名にすれば	
L7e3f190f73	1	19	そうか、魔法だな	これは。	魔法？	
L5379d2fb87	1	19	ちよ	ちゃんが	演出しているときの様子に驚いてるよ。	
Lbf13b79ae6	1	19	古田	って人。	戻って来たときは	
Le3dc5d00a3	1	19	喜ばれるが、	裏切り者	は	
L3008b3c89b	1	19	え？	あたし？	それは・・・その。	
L0a57dfbbbf	1	19	いいぜ、お前の顔も見飽きたところだ。	いくぞ、	！	
Lc71b29215c	1	19	疲れて大変そうじゃないか。	ここは、	さんに	
Le3c9f5ab34	1	19	ビクトリーズ	に試合を	申し込むんだな。	
La480727912	1	19	の実力が、これほどとは・・・	元プロの	大北	
Lfd8578ad79	1	19	お前にそんなものあるわけないだろ！	あいつは	誰にでも素質があるって	
L68f9803a8e	1	19	（	ひろかわ	たけみ	
L503dece54c	1	19	だが	旅ガラス	はやめとけばよかったな。	
Lb0e733eebd	1	19	ガイノイド	って奴？	本当の年齢は９歳だよ。	
L8ecd4735d2	1	19	ゲネプロ	なんだし	気楽にやればいいんだよ。	
L9aac66ca01	1	19	ちよ	も主役は	に	
Le676348a00	1	19	ブギウギ商店街	の土地は	まだ集まっておらんのだな。	
Lbb99ba11ab	1	19	お前は	に負けて	逃げ出したんじゃなかったのか？	
L457aa4558c	1	19	・・・・・・・・・。	あった！	これだわ！	
Lb19ecf7c62	1	19	つまり、相手のカードに	マークが	たくさんつくカードを選べば得かな。	
L044e13cbbc	1	19	ひひ	Ｌボタン	をおす事で、特殊な	
L7d8514dcbd	1	19	Ｘボタン	を押すと	そのカードの説明が表示される。	
L9e6d6e66c4	1	19	上画面	の左右下	チームマークの上に出ているからな。	
L36441b63c5	1	19	むしろ、会長が気づいてなかったのに	あたしは	びっくりしたけど。	
L39639edc53	1	19	あのイベントのときイキイキしてたな。	気持ちは	わからないでもないが、	
Lb1ee3fed0d	1	19	泳げないこと	も含めて	ここの全員が聞いてしまった。	
L4402e65697	1	19	ゲネプロ	の段階で	そんなに緊張してたら、	
L8286ad8e0a	1	19	古田	って人？	他人にも自分にも厳しいんだよな、	
Lfdc6a77d3c	1	19	他人にも自分にも厳しいんだよな、	あいつ。	ちよ	
L55f8d59899	1	19	さん。	こちらは	の	
L8af3ef21b0	1	19	わっ、	フグ怪人	！？	
Lc6c62d0a8e	1	19	扇風機もない。	ウチワで	あおぐしかないか。	
Ld34069f89f	1	19	太田	支店長、	太田	
L5f33e59eb9	1	19	ただし、これは	盗賊聖書	と	
Lded63a0af9	1	19	商店街も、	この町も	滅茶苦茶にしてやる。	
Lf6fadf99e1	1	19	なんだと！	おまえ、	ちよ	
Ld6c83968fa	1	19	ちよ	が今まで	どれだけ苦労して生きて来たか	
Ld17e53a973	1	19	それで毎日のように	こそこそ	わたしのこと	
L06a0ee3194	1	19	まさか、あなたも逃げるの？	さんざん	古田	
L0df2ef676b	1	19	ゆきのじょう	はなまる	）	
Lc8edb0d1bf	1	19	世界的な大企業だな。	プロ球団	ホッパーズ	
L6e2706b7f2	1	19	「	広川武美	」って存在を作ったんだ。	
L0bd6815c93	1	19	ええ～？！	いきなり	手下あつかい？	
Lb8f084cda7	1	19	神のマナ	を食って	巨大化した虫たちか。	
Lde67696558	1	19	え、どうやって・・・	権ちゃん	は、	
L6bcdb181d4	1	19	ちよ	ちゃんも	今から帰るのか？	
Lfba13c1376	1	19	へえ、	くんも？	なんだったら、わたしんちで	
L4590fecfdd	1	19	・・・でも、やっぱり野球のチームが	負けると	がっかりします。	
L4743f7c0be	1	19	おじちゃん、帰っちゃうの？	いああ。	少し、この町に用事ができた。	
Ld7c42adfea	1	19	バットの振リ方ぐらいわかるよな？	おおい、	のりお	
L0cec6ee0e4	1	19	温水	ですが。	あっ、はい！	
Lf2075b5c54	1	19	ピエロのデバッグピエロ	きその１	やめとくよ。	
Lb23ea4777d	1	19	うん。	き誕生日	逃げたって事は嫌がってるという事か？	
Lee72964dd3	1	19	さんのメインデバッグです	き出会い	ハアハアハアハア。	
L0842e1674b	1	19	・・・・・・・・・。	壮大か？	相手に気付かれないように潜って近づき、	
L1a8f2b80fd	1	19	・・・・・	てりゃ！	（シュッ！）	
L64d75a4e24	1	19	でも、欲しいと聞かれれば・・・・・・	い欲しい	よし！	
Lacf30b9c47	1	19	ほうあ！	はうあ！	ぐはあ！	
L0ceb33340c	1	19	はうあ！	ぐはあ！	・・・・・・・・。	
La95d04b015	1	19	赤い色のジュースを飲もう！	赤だね！	まあ尋ねるだけ無駄だと思うが、	
Lb0982dfd29	1	19	思ってるんだけど。	それとも	さんは他のが	
L5a4557857e	1	19	さんのと同じように味わって	食べてね	ああ。もちろん。	
L8bf3e71700	1	19	いや、別に。	効いた？	栄養剤か何かが入ってたんだな。	
L8540361cd1	1	19	・・・・・・・。	い信じる	えっ？	
Lb4d4990763	1	19	確かに俺は、いつかこの街を出て行く	だろう。	でも、その時が来ても、	
L89db00d722	1	19	え？	どこに？	練習だよ！	
L3c70b32ee7	1	19	ドス黒い愛情って何だよ！	略奪愛。	俺から意識を略奪する気なんだな。	
L6760b1cb9a	1	19	・・・・	命とか？	疑問系で尋ねるな！	
L5b1eb37f67	1	19	ああ、あきらかにいつものと違う味が	するぞ。	例えばどのように？	
Lf6acb4bc5d	1	19	一言で言えば	マズイ。	・・・・・・・・	
Lcb9e57818d	1	19	ト、	トイレ！	やっぱり草は生で食べたらダメなんだね。	
L32d298738b	1	19	本当に？	やったあ	それで、あとどれぐらい店を回るんだ？	
Lfa598933ea	1	19	何者かわからなくなってきたぞ。	というか	准	
L207a57fb69	1	19	さんはしっかり考えて	欲しい。	俺は	
L1025c941cf	1	19	うわ！	危ない！	（カキーン！）	
L5b7b416c73	1	19	この気持ちを無くしたら、人は終わりだと	思うぞ。	すでに、こうやってここでタダコーヒーを	
Lf4a5b3480e	1	19	大量に子供が金持ちになってるだろう	けどな。	何事も信じる者は救われるって事で。	
L6efbb0f95d	1	19	・・・・・・	不安だ。	どうして	
La1ee3f3111	1	19	・・・・・・・・	イタッ！	い、	
Ld65db6e0af	1	19	さんを倒して、この学校を	仕切るぜ	何を言ってるんだ？	
Ldb6d7e37e7	1	19	お前の天下はここで終わりだ！	さあ俺と	・・・・・	
Lb1454d2658	1	19	あんなので許してもらえるわけない	じゃん。	だって理由もわかってない人に	
Lbf1aaacdf8	1	19	今まで料理なんてした事が無いって言って	いるし。	止めた方がいいんじゃない？	
La39f13f61d	1	19	荷物を持って欲しいんだけど。	い手伝う	欲しいかな。	
L75fdbcf99d	1	19	（ピクッ！	ピクッ！	ピクッ！）	
L6c9407fe84	1	19	どこから？	店内か？	世納	
Ldc88f1095f	1	19	維織	さんには	何とも思わないのか？	
Lea77782a5d	1	19	どうしようか？	い止める	ねえねえ、	
Lcb0cc86644	1	19	さんを少しの間、	任せた。	お、おい。	
L540273f696	1	19	かなりの業物に見えるけど・・・・・	凄いの？	凄いらしい。	
Lc087d9848d	1	19	・・・・・・	手料理。	包丁の使い方も教わったし、	
L5d1d8e0c76	1	19	・・・・・・・。	厳しい？	尋ねられても知らないよ。	
L9e422b0c80	1	19	口うるさい。	お節介。	几帳面。	
L1528424bb1	1	19	お節介。	几帳面。	本当に友達？	
L8ab38fa3b1	1	19	ピエロ	なのに。	さっぱりわからないが・・・・・・	
L1458df32ea	1	19	さっぱりわからないが・・・・・・	い頑張れ	前に来た時は変な生き物が座っていたな。	
L0f957d0f0e	1	19	何をやってんだ？	手品か？	いや、あれは物凄い速さでボールを	
L2efb1491c8	1	19	・・・・	すまん！	本気でわからん。	
L935493c46e	1	19	やってもいいが、何かしてやる金は無いん	だよな。	どうしようか？	
L9af4b78bcf	1	19	うわっ！	本当だ！	だからレタスサンド。	
Ld53f8124bc	1	19	私は貴方に、ご奉仕する事が生きがいなの	ですから	いや、	
Lf580dc0ff8	1	19	あっ！	逃げた。	私をからかおうなんて百年早いわよ。	
L2c797e85a6	1	19	ああ、そうだな。	頑張れ。	生まれ変わり？	
Ld2c5d01eeb	1	19	さんを自由にしてあげられる	かもね。	何を言ってるんだ？	
Ladbcdcc84d	1	19	そんな特殊能力を持ってる	なんて。	特殊能力って・・・・・。	
L326dedfa1f	1	19	・・・・・・・	になる。	えっ？なんて？	
L7363734b43	1	19	「今日は用事があるから一人で行ってて」	だって。	だからすねてるんだ。	
L82f4e89d8e	1	19	やっぱり水はメイドさんが淹れた物に	限るな！	お前は何をやっているんだ？	
L1a1343bd7b	1	19	言いながらも将来の事を考えている	んだな。	もちろんだ。	
L34b3a73d2e	1	19	数年前に立ち寄った街の話をしてあげる。	不思議な	ヒーロー	
Lb9fa90f7be	1	19	私がアンタなんかにおごるわけない	でしょ！	他に客が誰もいないんだが。	
L5ed470b87d	1	19	えっ？	マジで？	ああ。	
L52fa2812dd	1	19	そうだね。	どうやら	さんは縛って吊るされる	
L339d750403	1	19	・・・・・・	料理を。	ちょっと待ったああああ！	
Lcdb471abd4	1	19	水中生活にまったく適してないカバ。	かわいい	・・・・・・・	
Lda04bdfbeb	1	19	でもコビトカバよりも、もっと好きな動物	がいる。	コビトカバよりも珍獣。	
Lc878ba4e8b	1	19	そうじゃなくて・・・・・・。	この間、	君と何をしてたの？	
L09cf9692da	1	19	この間？	さんと？	・・・・・・・	
L3d0054109f	1	19	オイオイソンナワケナイダロ！	ハハハ！	ウソだと思うなら引っ張ってみなよ～。	
L0ba729e974	1	19	でんし	えんざん	）を！	
L7c5b28c3d2	1	19	俺のチームに？	だけど、	どう見ても運動なんて・・・・・・	
L9aaee105b9	1	19	・・・・・・	海外へ。	香辛料って、もしかしてカレーの？	
L13e1418eee	1	19	さんに何を言っても	無駄だ。	そうだね。	
Lc590bfcd3d	1	19	だからボ～クは逃げないよ。	逃げずに	ピエロ	
L5b54a170cc	1	19	そうか。	チームは	ピエロ	
L46d558f38a	1	19	ピエロ	は顔だけ	じゃなくてその子の雰囲気も好きになった	
L72d9098058	1	19	・・・・・・	まてよ？	じゃあ、	
L7681f6d7b3	1	19	准	の事を！	変な勘違いはしないで欲しいな。	
Lfa5470aa48	1	19	だから、しばらく私もこの街でのんびりと	喫茶店の	マスター	
Ld8cf18be38	1	19	じゃないのか？	戻れよ、	ピエロ	
La071d046ae	1	19	維織	さんの？	なんで？	
L659271a893	1	19	あきらかに別の目的だったじゃない。	さっきは	維織	
Lf501c8ac62	1	19	あ、ありがとう。	私もね。	ピエロ	
Laa98ea5cf6	1	19	ピエロ	の見事な	ピエロ	
L8be805ba14	1	19	・・・・・	食べて。	ううん	
L7c5f13122a	1	19	・・・・・・	ほめて。	良くやったね。さすが	
L27fb1006ca	1	19	維織	さんの、	はまりそうな分野だし。	
L44057e5727	1	19	僕と彼女の恋愛シミュレーションゲーム	をだよ！	サブタイトルは	
Lcd8032ea40	1	19	あのね、いま私のファンの人に詰め寄られ	てるの。	何度も何度もしつこく。	
L235b439376	1	19	ほ、	本気か？	さっき合わせるって言った（ポソッ）。	
Lc95a41a43a	1	19	やっぱりアレは	さんでも	無理だったか。	
Lb66ed8f051	1	19	いつもなら「なんだ	さんか」	とか言いそうなのに。	
Le5eaf24908	1	19	・・・・	いっか。	ハアハア・・・・・。	
Lb82b44a8e3	1	19	誰もが同じ道を指差すの。	誰一人、	違う方向を指してくれる人はいない。	
L1a862825e4	1	19	もう少しでコーヒーをかぶるとこ	だった。	ご、	
L4d10d7a716	1	19	いま何につまづい	たんだ？	ああ、お拭きします～。	
Ld8d89e814a	1	19	・・・・・・	払うわ。	えっ？でも・・・・・。	
L301f7e8dea	1	19	維織	さんに。	維織	
Led22751439	1	19	巻き込みたくないと思っていらっしゃる	のだよ。	巻き込む？	
Ld1bd11dbbd	1	19	維織	お嬢様は	その会社の社長令嬢だ。	
Lcb42bc7c35	1	19	聞きたいのはこれで十分かな？	どうする	君？	
Lbf9f6c2f79	1	19	君は大きな翼を手に入れる事ができる。	選ぶのは	維織	
Ld93779f2f5	1	19	・・・・・・	助けて。	ふう～。	
L4481bce887	1	19	やっと言ってくれたね。	ホント、	維織	
Ld669895237	1	19	三浦のシナリオテスト。	く夏菜１	（帰り道・・・）	
L9e15e6b557	1	19	はぁ・・・	またか？	さん。	
Ldd6a0b4662	1	19	ええ、よく	お仕事を	ご一緒させていただきました。	
L605bb68218	1	19	新しいのも入ってるから、	今度また	カラオケで歌おうぜ。	
L5b12508b12	1	19	（すぐに連絡をよこすという話	だったの	に・・・	
L6570a1bca8	1	19	どこか行きたいところは	あるの？	まずは、そうだな・・・	
L42900bdcc1	1	19	行く事に決定！	テント！	かっこいい！	
L1c00c6eb54	1	19	帰ろ・・・	またな、	さん。	
L960ba4deef	1	19	・・・お。	来たか！	ちょっと行って注意してくる。	
L5af452bb1e	1	19	あれ？	いない。	どこ行った！	
L520423e9d1	1	19	城田	ですぞ。	あちゃー。	
L619d982a2e	1	19	・・・また	公園か？	さんは、公園ばっかりだな。	
L8ad94ec77d	1	19	暗号じゃないなら	別に興味	は・・・	
Lfcb073159d	1	19	ふう・・・	触れては	いけない話題に、	
La3d5b4f0a6	1	19	（	きりゅう	かな	
L30b4d8026f	1	19	来たらいいよ。	ただし！	毎日来たりしたら、張り倒すからな！	
L0f63b949cc	1	19	ああ・・・	あんまり	思い出したくないね。	
L5e983b3147	1	19	まさか、あの	さんと、	こうしてクリスマスを	
L861544a8c2	1	19	・・・	驚いた？	へ？	
Ld7a6a1e6ab	1	19	お風呂	貸すよ。	え？	
Lbaff14c31d	1	19	お風呂だけじゃなくて、	晩御飯ま	で・・・	
L004fccdc39	1	19	こんな、私の家じゃなくて、	どこかに	遊びに行こうぜ。	
Lc01fe22c01	1	19	うわ、	さん大凶	か・・・	
L3b89640407	1	19	たぶん、ない・・・	と思う。	前に、	
L6244f7d803	1	19	大丈夫だよ。	昨日まで	何にもなかったんだし、	
L8a04c4d1e4	1	19	物なのか！	答えろ！	その必要はありません。	
Ld01930206b	1	19	う～ん・・・なんか	自信が	なくなっちゃったなあ・・・	
L54337d78e1	1	19	（ここでミニゲーム）	い勝ち	それなら、前にあげたじゃないか。	
Lca10c47860	1	19	（	イタチ	の的に当てたので、	
L855b2b1896	1	19	今回のことは、実に残念だったね。	初日は	あんなにお客さんが	
L94417c5ea4	1	19	このゲームは、まだ	発売前	なので	
L90bc41b8ff	1	19	発売前	なので	この先は	
Led390049a6	1	19	でやんすけど、続きは	製品版	で	
L0b15e92843	1	19	姿を消そうとおかまいなしだ。	ゆえに	ムシャ	
L2c934fe409	1	19	ここも	商店街	って言うのかな？	
L47c7c11ecd	1	19	あ、	フグ男	！	
L4149c08ad1	1	19	ひょっとしたら、	好調の	ホッパーズ	
La06d44dd2f	1	19	ジャジメント	系列の	スーパーの職員らしいですよ。	
L2cd5ce8463	1	19	さて、帰るぞ	ルッカ	君。	
L540eb5d2a8	1	19	じゃあ、そっちの準備が出来たら	集会所	に来てくれたまえ。	
L4063249052	1	19	元気がわいてきて、野球の練習も	仕事も	すごくがんばれるんだ。	
L4fa8cbb22d	1	19	ああ、それなら・・・	たしか	宙空不動産	
Ld29dd2210f	1	19	どうしたんですか、会長さん。	やけに	うれしそうですね。	
L78b46202e3	1	19	それでコロッケの君？	あたし	貴子	
Lc91801f4dc	1	19	（	たかこ	）よ。	
L194cef6b9d	1	19	ジャジメント	の方が	議会に圧力をかけてる。	
La481ff73f5	1	19	実践しているうちに、	どうも	カンタ	
Ld8364e7f77	1	19	そりゃあ、オレを育ててくれたのは	オレの	師匠	
Lba2436a802	1	19	大手？	クロノ	って元気なじいさんの組織に	
L6c8e88cfde	1	19	（	わかぎ	）だよ。	
L65b7fa2ebc	1	19	（会長が商店街のことに専念するために	監督が	佐和田	
L47f61d9965	1	19	（	さわだ	）さんだ。	
Lf83bdd642f	1	19	おいおい、本当に	ここに	テント張ってんのかよ。	
Lf84f9f2819	1	19	（	おおた	）店長。	
Lfac44713ac	1	19	守るべきものがなくなってしまえば、	最後は	こっちに泣きついてくるさ。	
Lc7003decf3	1	19	あんたらの計算通りに	コトは	運ばないんじゃないかなぁ。	
L2c716d1c3c	1	19	なにか伝説とか言い伝えみたいな	ものは	ないんですか？	
L99e90ebdf3	1	19	む～～～～～～～～ん。	パルオ	なんだなぁ～。	
Lb851b6bd2b	1	19	ことだ。	最初は	直球が打ちやすいから	
L8f7dfe89bc	1	19	巡査と、	医者の	青島	
L0c968a0615	1	19	ハハハ、言っとくけど	ウチは	つけが効かないからね。	
L009595a615	1	19	あれっ、	風来坊	さん？	
Ld47bd0b07e	1	19	（	くどう	）くん、	
L1d2fcffa22	1	19	は	あまり	甘やかさないでくださいね。	
L1eea83a3e3	1	19	だってさっきの	の顔が	おかしくてさ。	
Lc69a6ca211	1	19	小学校のころから貯めた	耳アカ	さ。	
L7e0f176e8b	1	19	試合で勝って勝ちまくって、	卑怯な	ジャジメント	
Lad58ab3791	1	19	おごる平家は久しからず。	裏切り	は	
Le636b7bfaa	1	19	ジャジメント	に頼る	ことになるのも不安だし。	
Le20a77651a	1	19	水間	美偉斗	（	
L80d2a5db1e	1	19	（	すいま	びいと	
L9dbbc87858	1	19	すいま	びいと	）が	
La771f8b386	1	19	ビクトリーズ	という	チームで野球の助っ人をやっているんだ。	
Le5d51dfa74	1	19	こんなに早く飲み込めないと思うよ。	やっぱ	は素質があるのかもね。	
Lf1964b7c2f	1	19	ひろかわ	たけみ	）。	
L14203476f3	1	19	（	なつき	）。	
L32859825a7	1	19	それで、どこに行く？	お河原	うん、いいよ。	
Ld1200f33e0	1	19	少森寺	にいた	寺門	
La91a2c76f1	1	19	試合形式のことだ。	下画面	の左側がお前の手札、	
Lf06f2c77cc	1	19	いい打撃結果になりやすい。	さらに	黄色の矢印	
Lb776a4b47d	1	19	ただし、それぞれのカードで	必要な	気合ポイント	
Lea5cf8ca67	1	19	は	上画面	の左右下	
Le61ec5a741	1	19	そこで！	ワシは	ブギウギ商店街	
L4dd77b72e3	1	19	のりお	のヤツ	あのイベントのときイキイキしてたな。	
Led9a2e6b83	1	19	そういや、前に来た時にもらった	お菓子	おいしかったよ。	
L78f804d377	1	19	カンタ	くんに	段取り覚えてもらうからね。	
L67cad09c77	1	19	カンタ	くんと	木川	
Lc222b73d65	1	19	ちよ	の家に	もぐりこんでるみたいだけど、	
Ldbb7468341	1	19	つけ回してたの？	むしろ	そういうあんたが迷惑なのよ。	
Lb00b63bb7e	1	19	ああ、心配するな。	雪乃丞	華丸	
L9885f5375a	1	19	別にオレのものにしたいわけじゃない。	彼氏が	古田	
Lfb0e7ea9b8	1	19	・・・すでに、準備は完了している。	あとは	あんたが金を振り込むのを	
L620c793c75	1	19	風来坊さん、大丈夫かな。	支店長	さん、どうしてこんなことを？	
L54fdeafed5	1	19	うん。	意外と	いけるんだよ。	
Leb8dad0674	1	19	おいおい、会長さんよぉ～	俺たち	ビクトリーズ	
Lba4a4d8012	1	19	ごんだ	まさお	）。	
L2f53ebddc9	1	19	買い物？	い好き	おっす！	
Lf662ac5bb7	1	19	ピエロ	の奴は	・・・・・・	
Ld413cab1f5	1	19	しかし・・・・・・	い言う	いらっしゃいませ。ご主人様	
L7eb7ccf57f	1	19	す、	凄いな	維織	
L55be71cc1d	1	19	違う。	傷口を	君のく	
La950363c1d	1	19	傷口を	君のく	・・・・・・・	
L9523f8f6ac	1	19	ピエロ	なんか	しているんだ？	
L5007e3c11d	1	19	さんじゃなくて、私からだよ。	私のも	維織	
L943f8a81bb	1	19	）	きぬピ	シャキーン！	
L3a490040c2	1	19	そうだろ。	でもね	・・・・・・	
Lbd94c0862a	1	19	ピエロ	の力に	なれるかって事だ。	
L71bfd68381	1	19	間違いなく、機嫌が悪いと思うよ。	あんな	維織	
Ld3ba9ddede	1	19	あれ？	貴方は	世納	
Lb321246e8f	1	19	（	セノウ	）さん？	
L8f1caa45bb	1	19	貴方と一緒に・・・・・。	お願い	・・・・・	
Led1d471e7e	1	19	さんらしくない。	普段の	維織	
L8aa86aa295	1	19	さん頭が良いからね～。	すぐに	さんが適当に謝ってるって	
L2142ca0706	1	19	読んでくれたから、	今度は	君の	
L69827e21f3	1	19	・・・・・・・・・。	さすが	維織	
Lca428e54f2	1	19	子供かよ。	あのね	維織	
Ld3bd658e13	1	19	ああ、その通り。	それが	椿	
La0a2549e78	1	19	（	なつめ	じゅん	
L6cc3689bad	1	19	なつめ	じゅん	）で～す。	
L0646d74ff7	1	19	（	でんし	えんざん	
L4d31a97a0a	1	19	入れといてやろう。	えっと	・・・・・・	
Lb003afa482	1	19	・・・・・・	名前を	電視	
L18bdeb9b85	1	19	なんとなく黒いオーラを感じるんだ～。	あれが	ピエロ	
Lfa0ee13896	1	19	が？	まさか	マスター	
Lc6f6622bac	1	19	。	戻って	ピエロ	
Lb2e18df1f6	1	19	ああ、いいよ。	おいで	維織	
L9993cbd884	1	19	・・・・・・	逃げた	維織	
L4b0553a79e	1	19	准	の前で	ピエ	
L74605fa671	1	19	ああ、たぶん准が思い浮かべている	通りの	ピエロ	
Le5b219e92f	1	19	食べて。	ううん	・・・・・・	
L26f14cdff0	1	19	私の物をそこまで感動して食べてくれる	なんて	・・・・・	
L6432b0f74f	1	19	だからフルネームさえわかってれば、	ずぐに	維織	
L726b217c10	1	19	貴方達はいったい何者ですか？	貴方と	維織	
L8f59ea86d2	1	19	ぬ	う公園	さてと・・・	
L1c96612e4d	1	19	ひひスポーツ観戦	むむに	行く約束をしてたよな。	
L93436f55a5	1	19	まあ、俺には縁のないところだな。	い帰る	帰ろう	
L1a42bacb0e	1	19	ちょっと待って、	今考え	中・・・	
Ladfb4b1aac	1	19	うーん、ここまで来たのは	いいけ	ど・・・	
L141740593a	1	19	別に、食事するわけでも	ないし	なぁ・・・	
La3356e88f0	1	19	まさか、	あの歌	歌えるとは思わなかったよ。	
Le0bbd20e99	1	19	そりゃよかった。	おっさ	・・・	
Lb75b20ed5d	1	19	一緒に、家に行くか。	お風呂	貸すよ。	
L422be30e52	1	19	さんも	なかな	か・・・	
L1c77a5f8c7	1	19	現役引退た身で、口封じのために	殺しは	したくないからな。	
