offset	budget	opcode	occurrences	jp	ko
0x2AD399	11	F85A	1	おめでとうございます。	축하합니다。
0x2ACD6E	8	F85A	1	この選手は、	이 선수는、
0x2ACB34	13	F85A	1	ふっふっふ、オイラの目は	후훗훗、내 눈은
0x2ACA87	10	F85A	1	今月の結果。	이번 달 결과。
0x2AC9FD	5	F85A	1	（お金を	（돈을
0x2AC9E8	17	F85A	1	ペナントレースが開幕しました。	페넌트레이스가 개막했습니다。
0x2AC958	10	F85A	1	本日の結果。	오늘의 결과。
0x2AC91F	15	F85A	1	日本一になったことによる	일본 제일이 된 것에 따른
0x2AC8F5	13	F85A	1	日本一になりました。	일본 제일이 됐습니다。
0x2AC8DC	18	F85A	1	日本シリーズが終了しました。	일본시리즈가 종료됐습니다。
0x2AC88C	12	F85A	1	申し訳ないでやんす。	죄송합죠。
0x2AC830	20	F85A	1	ペナントレースを通じての活躍による	페넌트레이스에서의 활약에 따른
0x2AC80B	10	F85A	1	リーグ優勝です。	리그 우승입니다。
0x2AC7F3	17	F85A	1	ペナントレースが終了しました。	페넌트레이스가 종료됐습니다。
0x2AC783	10	F85A	1	今月の課題。	이번 달 과제。
0x2AC741	18	F85A	1	（日本シリーズ出場に対する	（일본시리즈 출전에 대한
0x2AC729	17	F85A	1	日本一にはなれませんでした。	일본 제일이 되지는 못했습니다。
0x2AC710	18	F85A	1	日本シリーズが終了しました。	일본시리즈가 종료됐습니다。
0x2AC6DC	20	F85A	1	ペナントレースを通じての活躍による	페넌트레이스에서의 활약에 따른
0x2AC6C3	17	F85A	1	ペナントレースが終了しました。	페넌트레이스가 종료됐습니다。
0x2AC636	11	F85A	1	最終結果です。	최종 결과입니다。
0x2AC61C	17	F85A	1	ペナントレースが開幕しました。	페넌트레이스가 개막했습니다。
0x2AC604	9	F85A	1	何をしようかな。	뭘 해볼까。
0x2A6394	4	FC	309	頴そい	
0x22F0D9	3	FC	76	みペ）	
0x22EDD1	3	FD	75	たペ）	
0x22DBC6	3	FF	65	ぁ）え	
0x233826	3	FF	60	ぁ）い	
0x2A6594	4	FC	58	えゾそい	
0x22E6EA	3	FD	51	ぽ）お	
0x23A276	3	F800	47	ア）あ	
0x22FF91	3	FC	46	ぃペ）	
0x26B67E	3	FF	44	ぽ）あ	
0x2A2626	5	F85A	42	』をします	』한다
0x26D06A	3	F88F	39	ク）う	
0x22DB91	3	FD	38	ぜペ）	
0x26D056	3	F88F	37	キ）く	
0x270236	3	FC	32	ッ（か	
0x23004D	3	FC	27	ぽペ）	
0x242089	4	FF	22	ぃペうご	
0x2319F1	4	FD	21	ぃペ）た	
0x2A7564	4	F8AF	21	くＪそい	
0x2A79D4	4	F8AF	20	えＯそい	
0x2335EE	3	FF	20	ぁ）シ	
0x2A9364	11	FF	18	ずぢＴんセほＭのォたネ	
0x2A9371	11	FF	18	ヴＮヴモヴをロむあブつ	
0x22EBEF	6	FF	18	険たペ）え	
0x239406	6	FD	18	ペ）いぃペ）	
0x2A92B9	6	FF	18	ぢベい・くデ	
0x2700CA	3	FC	18	ぽ）き	
0x27787E	3	F880	18	ァつく	
0x2A92B0	3	FA	18	パんプ	
0x240246	3	FD	17	ぽ）え	
0x2A6ED4	4	FC	16	ネＣそい	
0x2A93DB	5	FF	15	ば（う（う	
0x2A6F64	4	FC	15	ァＣそい	
0x263EAE	3	FC	15	ぜつく	
0x2A95F9	7	FF	14	うずうヴい（う	
0x2703F7	6	FF	14	弦ァＲ愛	
0x27045F	6	FF	14	弦ァＲ阿	
0x22E92E	3	FF	14	ぁ）ほ	
0x22F54A	3	FD	14	イ）あ	
0x241BE2	3	FF	14	ペＨて	
0x241BEE	3	FF	14	ペＨた	
0x241BFA	3	FF	14	ペＨす	
0x241C06	3	FF	14	ペＨこ	
0x241C12	3	FF	14	ペＨき	
0x241C1E	3	FF	14	ペＨえ	
0x28D976	3	FB	14	イちえ	
0x28DA62	3	FC	14	ペ）う	
0x293FB1	8	FE	13	しペ）みせペ）あ	
0x262C36	6	FC	13	ぽうあたペう	
0x240241	4	FD	13	ぽペうあ	
0x22DDCA	3	FF	13	ぁ）が	
0x231D0A	3	FD	13	ア）う	
0x233A66	3	FF	13	ぁ）お	
0x231BE1	4	F88F	12	たゼおい	
0x2A7C94	4	F8AF	12	Ｙポそい	
0x241C2A	3	FF	12	ペＨあ	
0x26B66A	3	FF	12	ア）か	
0x270361	12	FB	11	覆ズくァＲ逢ァＲ阿	
0x2AD3AF	10	F809	11	を達成しました。	달성했다。
0x2AD467	9	FB	11	・年間目標	・연간목표
0x23159B	6	FD	11	険みペ）え	
0x22FEA9	4	FD	11	たペ）え	
0x2804F6	3	FC	11	ヅ阿	
0x27303F	9	FF	10	弦ァＲ詠しい	
0x270729	4	FD	10	たペ）た	
0x22DFC6	3	FF	10	ペうぜ	
0x238655	3	F88F	10	ペペ）	
0x23C5A5	3	FD	10	タペ）	
0x25FBEE	3	FF	10	アてえ	
0x2612EE	3	FF	10	ゴ（い	
0x277E0A	3	FB	10	ウ）お	
0x2A6A45	3	FC	10	。そい	
0x24208E	7	FF	9	ぁ）くァＲ娃	
0x23A3F6	3	FC	9	ぽ）う	
0x23C0E6	3	FF	9	ヅ旭	
0x23E076	3	FD	9	ピ姶	
0x24D02A	3	FF	9	アああ	
0x263DE2	3	FC	9	ぽ）ね	
0x273EF2	3	F881	9	ペうっ	
0x2809CE	3	FF	9	ブ阿	
0x238A81	8	F830	8	ぜペ）ィちェ（え	
0x23627A	6	F847	8	ペ）えたペ）	
0x242E3A	6	FF	8	ペてくァＲね	
0x26E39E	6	F88F	8	Ｒ詠しい	
0x26C497	5	F841	8	喰あヌ（	
0x23E4B9	4	FD	8	ぜペ）え	
0x2A6E34	4	FC	8	ぽＣそい	
0x2A7234	4	FC	8	と４そい	
0x2A75BC	4	F8AF	8	柴そい	
0x243D6A	3	F800	8	ペ）ほ	
0x24F322	3	FF	8	イ）お	
0x26DDA6	3	FD	8	ツ）い	
0x2750AA	3	FF	8	ペＨわ	
0x2809D2	3	FF	8	ガ旭	
0x280BCE	3	FF	8	バ旭	
0x2A2800	7	F85A	7	』に行きます	에 간다
0x2A95E1	7	FF	7	ヴＮヴモヴをロ	
0x261F33	6	FF	7	諺ァＲ愛	
0x23AC82	4	F88F	7	Ｒ嘉た	
0x2A6FDC	4	FC	7	バＣそい	
0x231472	3	FF	7	ズ姶	
0x23890E	3	FF	7	ァ（あ	
0x23D116	3	FD	7	た）お	
0x25D9DA	3	F9	7	ゼ・い	
0x25FC42	3	FF	7	ィ）せ	
0x263CF6	3	FC	7	ぽうき	
0x263EB2	3	FC	7	ェなえ	
0x2645F6	3	FC	7	ぽうく	
0x2809FE	3	FF	7	ピ旭	
0x280B9E	3	FF	7	ボ阿	
0x28A51E	15	FF	6	ガ（ペまペ）ァそチ（（そゼ（く	
0x2A93D0	10	FF	6	６ぜキヴゼセソのなす	
0x2A2AE0	9	F85A	6	会いに行きます	만나러
0x263D8D	8	FC	6	ぜペＸみぜェＺぜ	
0x242E2E	7	FF	6	ウてやぃボない	
0x23DE80	6	FE	6	ぜをさい（た	
0x2948BB	6	FF	6	弦ァＲ唖	
0x2446CD	4	FC	6	ぽペ）え	
0x2812B5	4	FF	6	ちゼ・え	
0x22DBAE	3	FF	6	ぁ）び	
0x22EACA	3	FD	6	ペうあ	
0x22F93D	3	FD	6	ミペ）	
0x2390B2	3	FD	6	ズおあ	
0x23944E	3	FD	6	ズ旭	
0x242E36	3	FF	6	ウてい	
0x245CEA	3	FD	6	ぞつく	
0x2505AE	3	F883	6	ゼない	
0x25D8F6	3	FF	6	ォ（か	
0x260D36	3	FF	6	ぽてお	
0x263EB6	3	FC	6	ダおと	
0x27443E	3	FD	6	。なあ	
0x27509E	3	FF	6	ペＸわ	
0x2750AE	3	FF	6	ゴＪい	
0x2750B2	3	FF	6	ペ１わ	
0x280BA2	3	FF	6	グ旭	
0x28D96A	11	FB	5	ア）あしァつ・ゆ。ちう	
0x271B5E	7	FF	5	ウ）くちォきか	
0x2A9CE1	7	FF	5	ヴビロつモホツ	
0x2A9DE1	7	FF	5	ヴケロＧメんツ	
0x2AA1E1	7	FF	5	ヴケモＨツ沼	
0x2AA2E1	7	FF	5	ヴビロぉラゴホ	
0x22E247	6	FD	5	険ぜペ）あ	
0x2577D3	6	FF	5	諺ァＲ哀	
0x28B68F	6	FF	5	弦ァＲ葵	
0x242838	5	FE	5	ミァＲ亜	
0x25A58B	5	FF	5	原みペ）	
0x230DE5	4	FD	5	タペ）あ	
0x23CEDD	4	FD	5	ぜペ）あ	
0x24564D	4	FD	5	たダおい	
0x27593D	4	FA	5	みィ（か	
0x27947D	4	FC	5	たペ）う	
0x2794B5	4	FF	5	覆ズう	
0x2ACCDA	4	F808	5	打点	타점
0x22EACE	3	FD	5	ペてく	
0x22F536	3	FD	5	ペてあ	
0x2342CE	3	FF	5	ぁ）づ	
0x234A1E	3	FF	5	ぁ）あ	
0x2350B9	3	FD	5	ちゼ・	
0x2397AE	3	FF	5	ぁ）ゲ	
0x239F06	3	FD	5	ペ）お	
0x23BFE6	3	FF	5	カ）う	
0x23E606	3	FC	5	ペてほ	
0x23F572	3	F881	5	ゼおあ	
0x241306	3	FF	5	ズ３い	
0x241B46	3	F8C0	5	ぽ）み	
0x243AAE	3	FF	5	ゴ愛	
0x24413E	3	FF	5	あたた	
0x244142	3	FF	5	プなヂ	
0x2442E6	3	FF	5	い（え	
0x24449A	3	FF	5	エ）え	
0x24625A	3	FF	5	ぁ）し	
0x246292	3	FF	5	プおい	
0x24CAEA	3	FF	5	ペうい	
0x25199A	3	F88F	5	ペ）あ	
0x253F66	3	F880	5	ウ）い	
0x25D3B2	3	FF	5	ァ（た	
0x26F9B5	3	F822	5	あゼ・	
0x273EF6	3	F881	5	ィおっ	
0x278886	3	FD	5	ペェぅ	
0x27C1FE	3	F800	5	ペＸほ	
0x297692	3	FF	5	エちく	
0x285462	14	FB	4	ペ）こたペ）けみペ）こぃペ）	
0x2AC6F1	14	FA	4	ボーナスが加算されます！	보너스 가산！
0x28DBB2	11	FB	4	ア）あしァつ／ゆ。ちう	
0x23A626	8	F883	4	Ｒ衣をさい（た	
0x22F081	7	FD	4	たペ）いぃペ）	
0x24440A	7	FF	4	ャ（ミァＲ栄	
0x24629A	7	FF	4	ぽうくァＲくい	
0x25053A	7	F883	4	ぽてく。ゴつい	
0x25D356	7	FF	4	ぽてィたペちえ	
0x295CA6	7	FF	4	ぁ）ズしいＹ	
0x29EBE2	7	FA	4	ァ（きたァ（き	
0x2A29D9	7	F85A	4	』に入ります	』입장
0x2A9BE1	7	FF	4	ヴケマゾコ９ぎ	
0x2A9FE1	7	FF	4	ヴルラ迷ぴコ	
0x2443AB	6	FF	4	険たペ）び	
0x2443DF	6	FF	4	険タャ（び	
0x245F9E	6	FD	4	ペうくァＲく	
0x2463B6	6	FD	4	あ（煩ヂ）	
0x2605F6	6	F800	4	イてあたペて	
0x269CE2	6	FA	4	タ）ァぃェ（	
0x2741A3	6	FF	4	諺ァＲ亜	
0x28B5F7	6	FC	4	弦ァＲ挨	
0x2ACCBC	6	F808	4	本塁打	홈런
0x23B243	5	FF	4	険ミペ）	
0x295D93	5	FB	4	顕ぃペ）	
0x29B5B7	5	FB	4	厳みペ）	
0x22EF8D	4	FD	4	ぽペ）わ	
0x231E7D	4	FF	4	ぜペ）た	
0x238931	4	FF	4	みペてあ	
0x2389A5	4	FD	4	ぜゥ（え	
0x244371	4	FF	4	ぽペ）ぉ	
0x250EA9	4	FC	4	みペ）た	
0x252DC1	4	FC	4	ミペ）き	
0x262C4D	4	FC	4	（ペてヂ	
0x278F79	4	FF	4	覆ズと	
0x2814E1	4	FF	4	ちゼ・り	
0x2A6544	4	FC	4	ォゼそい	
0x2A9EC9	4	FA	4	くデえぉ	
0x2ACF41	4	F86A	4	以上	이상
0x22DCDB	3	F840	4	近あ	
0x22EF72	3	FF	4	ゥいわ	
0x22F4E2	3	FD	4	ぽ）ふ	
0x230412	3	FD	4	ォ）み	
0x230619	3	FA	4	みペＨ	
0x231516	3	FF	4	デ阿	
0x231826	3	F88D	4	ペＸあ	
0x231B09	3	F84F	4	たペて	
0x233F86	3	FD	4	ペうク	
0x2363C2	3	FD	4	ぽ）さ	
0x238FB6	3	FF	4	た）か	
0x2390EE	3	FD	4	ア）く	
0x23A722	3	FF	4	イ）え	
0x23E4DA	3	FF	4	ぁ）わ	
0x24310A	3	F810	4	ダなあ	
0x24414A	3	FF	4	プお、	
0x2442EE	3	FF	4	ズ）ほ	
0x24524D	3	FF	4	タペて	
0x24D162	3	F843	4	う（あ	
0x24D9F2	3	FC	4	ゴ我	
0x25126A	3	FC	4	カ）え	
0x252769	3	FD	4	たペう	
0x252D5E	3	FC	4	カ）せ	
0x2560EA	3	FF	4	ペ）い	
0x25672E	3	FF	4	ペてぜ	
0x25C90E	3	FF	4	イ）く	
0x25E93A	3	FF	4	タＧた	
0x260CF6	3	FF	4	イうけ	
0x262C52	3	FC	4	か（ぃ	
0x2645F2	3	FC	4	ゼおい	
0x266525	3	FB	4	あァ（	
0x269D0D	3	FF	4	みペむ	
0x26B042	3	FC	4	オ）あ	
0x26CAC6	3	FF	4	ァ（い	
0x26D43E	3	F88F	4	ぽ）く	
0x271412	3	FC	4	く（く	
0x271476	3	FC	4	ペてい	
0x27510E	3	FF	4	サ）あ	
0x275A1E	3	FF	4	う（ね	
0x277F76	3	FF	4	ペうづ	
0x277F7A	3	FF	4	ェおあ	
0x27A84A	3	FF	4	イ）ぜ	
0x2809E6	3	FF	4	バ阿	
0x2853F6	3	FA	4	い（い	
0x287EB6	3	FF	4	ド旭	
0x29B152	3	FC	4	ペェＦ	
0x2ACDEF	21	F820	3	お金は、経験値に変換されます。	돈은 경험치로 변환됩니다。
0x263FDC	18	F880	3	タチこいョ』てい修といクチこいオい	
0x28949F	13	FF	3	郡まペ）ッそチ（（そゼ（	
0x28A4FF	13	FF	3	傾まペ）ギそチ（（そゼ（	
0x2A98E1	13	FF	3	ヴブヴとヴマニみンＵユァヘ	
0x263FCE	12	F880	3	Ｒ嘘○といぜをさい（た	
0x28B581	12	FC	3	覆ズくァＲ逢ァＲ穐	
0x23B53B	11	FD	3	甲ァＲ衣をさい（た	
0x28DF8E	11	FB	3	ア）あしァつ。よ。ちう	
0x2905D6	11	FC	3	ウ）いたペェあたペダあ	
0x27504F	10	FD	3	はこ）ヂ・けたョ（さ	
0x2A24C0	10	FF	3	能力を上げます	능력올린다
0x231BCD	8	F88F	3	ぜペ）ィちゥ（え	
0x2425F4	8	FD	3	たぜを峨ぜペ）	
0x26A1A5	8	FA	3	たペ１ＯたＵポい	
0x288739	8	FF	3	たで（ああペ）え	
0x2ACC68	8	F808	3	ホールドポイント	홀드점
0x25064E	7	F883	3	ぽうく。ゴいい	
0x25CD02	7	FF	3	イてとぬゼない	
0x25DCA5	7	FF	3	ぜペ）いぃペ）	
0x2905A6	7	FC	3	エ）あたペェさ	
0x23236A	6	FD	3	プＪあむズ・	
0x2333D7	6	FF	3	諺ァＲ医	
0x235067	6	FE	3	険ぽペ）あ	
0x23D886	6	FF	3	ペてたァＲね	
0x261D2F	6	FC	3	こくァＲ亜	
0x261E9B	6	FF	3	諺ァＲ唖	
0x26C8DE	6	FD	3	ぽ）え。ゴつ	
0x27506B	6	FF	3	こせたュ（さ	
0x27BC5A	6	FD	3	ぽてたァＲね	
0x28B59B	6	FC	3	脚ァＲ鮎	
0x2905AF	6	FC	3	ギいたペぉけ	
0x29C86A	6	FF	3	エ）あたォい	
0x2ACC11	6	F808	3	被安打	피안타
0x2ACFA4	6	F86A	3	本以上	개 이상
0x27ED0B	5	FF	3	はえたペ）	
0x29B59F	5	FF	3	客みペ）	
0x2A2514	5	FF	3	セーブして	저장
0x2318B9	4	FC	3	みペてえ	
0x235C91	4	F840	3	覆ズえ	
0x235F79	4	FC	3	ァＲ鴬	
0x23B350	4	F880	3	ぷをさい	
0x23B52D	4	FD	3	やペ）え	
0x23EDCD	4	FD	3	ぜペうい	
0x240DE1	4	FD	3	タペ）お	
0x24472D	4	FC	3	たペ）か	
0x244739	4	FC	3	たペ）お	
0x245585	4	FD	3	ぜペ）お	
0x24E5C1	4	FD	3	みペ）ご	
0x250201	4	FC	3	ぽペ）い	
0x253F59	4	F880	3	ぃペうふ	
0x25F376	4	FC	3	ぜ（ぜ	
0x264FC1	4	FC	3	ぃェ（あ	
0x267AC5	4	FC	3	ぃペう❤	
0x26ACA6	4	FF	3	イ）喫	
0x2750E5	4	FF	3	たュ（さ	
0x27DC8D	4	FB	3	覆ズゅ	
0x280591	4	FF	3	うゥ（た	
0x29B899	4	FC	3	ぜペ）と	
0x29F881	4	FF	3	ぃガ（え	
0x22DFBA	3	FF	3	ぁ）ク	
0x22E02A	3	FF	3	ぁ）う	
0x22ECFE	3	FD	3	ぜつえ	
0x22F2AA	3	FD	3	ぜつし	
0x22F442	3	FD	3	ペ）か	
0x22F53A	3	FD	3	ペうみ	
0x2315BE	3	FD	3	ペ）て	
0x231E8A	3	FF	3	ぜつた	
0x231FCE	3	FD	3	ズおい	
0x233626	3	FD	3	ペてシ	
0x2347C6	3	FF	3	オ）か	
0x234ED2	3	FF	3	エ）こ	
0x23515E	3	FD	3	ペ）ク	
0x23530B	3	FF	3	郷あ	
0x236175	3	FD	3	うゼ・	
0x236802	3	FF	3	お（お	
0x23686B	3	FC	3	激あ	
0x23879E	3	FF	3	ぽうお	
0x2387A2	3	FF	3	ペちさ	
0x239FBA	3	FD	3	ウ）え	
0x23A101	3	F843	3	ズペ）	
0x23C1CE	3	FF	3	ヌＧき	
0x23CA91	3	FF	3	ぽペて	
0x23D0FE	3	FD	3	ィなて	
0x23D13A	3	FD	3	た）え	
0x23E386	3	FF	3	ぁ）ョ	
0x23E7BE	3	FE	3	イあう	
0x240AFA	3	FF	3	ヅ姶	
0x241B4E	3	F8C0	3	ぽちや	
0x241B56	3	F8C0	3	ぽちう	
0x241BBE	3	FF	3	ペＨふ	
0x2443C2	3	FF	3	エ）か	
0x246792	3	FF	3	Ｙおク	
0x24AF7E	3	FF	3	ペＨし	
0x24D581	3	FD	3	ァペ）	
0x24F536	3	FF	3	ア）ふ	
0x2505B2	3	F883	3	ぽてや	
0x252D6A	3	FC	3	カ）さ	
0x253F72	3	F880	3	ウ）に	
0x25587A	3	FF	3	カちう	
0x25C8B6	3	FF	3	ペうし	
0x25D636	3	FF	3	ペ）こ	
0x25E92E	3	FF	3	ァＥあ	
0x25E932	3	FF	3	ぽＨあ	
0x25F362	3	FC	3	ぽ）い	
0x26099E	3	FF	3	ア）こ	
0x263E16	3	FC	3	ゼおう	
0x2642AE	3	FC	3	ィなえ	
0x2642B2	3	FC	3	ゼおと	
0x2644CE	3	FC	3	イうく	
0x26646D	3	FB	3	みペう	
0x2681C2	3	FC	3	ィなし	
0x2681C6	3	FC	3	ゼおた	
0x26884A	3	FC	3	ェなし	
0x26884E	3	FC	3	ダおた	
0x26B21A	3	FC	3	ア）け	
0x26C8CE	3	F881	3	Ｒくそ	
0x26C8E6	3	F881	3	Ｒねく	
0x26CEDE	3	FD	3	ィ（こ	
0x26D706	3	F88F	3	ぽてつ	
0x26F202	3	FF	3	あ（あ	
0x26F4EA	3	FF	3	ァ（か	
0x26F8B2	3	FF	3	ド阿	
0x27263E	3	FC	3	Ｕうい	
0x273735	3	FC	3	ィゾ・	
0x278A8D	3	FF	3	ちヅ・	
0x27A832	3	FF	3	ぽ）せ	
0x27B78A	3	FD	3	カ）あ	
0x27BC52	3	FD	3	プない	
0x27EADD	3	F883	3	覆ズ	
0x2809EA	3	FF	3	ュ旭	
0x281252	3	FF	3	ビ阿	
0x281BDE	3	F84F	3	ペ）す	
0x285C5E	3	FF	3	サちえ	
0x288716	3	FF	3	ャ逢	
0x28B942	3	FC	3	パおあ	
0x28B94A	3	FC	3	ゴおか	
0x2AB107	3	FF	3	ミきか	
0x28C7DE	24	F88F	2	Ｒ隠チこいズしいぜずさいピずさいヤじさいキい	
0x2647FC	22	FB	2	タチこいぽ』ていカオオオ修といクチこいオい	
0x23B0C8	20	FF	2	ぷをさいイをさいぽをさい將さいいさい	
0x268261	17	FC	2	べといカオオオ修といクチこいオい	
0x248C84	16	F880	2	ぽをさいイをさいぜをさいぷをさい	
0x264814	16	FB	2	んじさいぃじさいぇじさいぷをさい	
0x282AB6	15	FF	2	ァ（ペまペ）ァそチ（（そゼ（こ	
0x2A9923	15	FF	2	ムＵタァぱ（う（う（う（うタヲ	
0x26C9FE	14	F881	2	ペ）きたペ）かみペ）おぃペ）	
0x27F992	14	FF	2	ペ）おたペ）えみペ）かぃペ）	
0x27F9CE	14	FF	2	ペ）かたペ）おみペ）えぃペ）	
0x2539E8	13	FC	2	ヌニニニたぜを峨ぜペ）あ	
0x2A9728	13	FF	2	（う（う（う（う／くブえオ	
0x2AB1B6	13	FF	2	ズこけかけあびズこけきこあ	
0x23B33A	12	F880	2	Ｒ汚ィぷひぽをさい（た	
0x23B548	12	FD	2	イをさいぽをさいぷをさい	
0x23F35E	12	F883	2	Ｒ為ＣといァＣとい（た	
0x28E4EA	11	FB	2	ア）あしァつ、よ。ちう	
0x2938AB	11	FD	2	甲ァＲ詠しいびえ	
0x2A0604	11	FC	2	だあであエあカあぱあい	
0x2349A6	10	FF	2	ぁ）たぜを峨ぜペ）	
0x25AB82	10	FF	2	ぁ）がぜを峨ぜペ）	
0x29D12F	10	FC	2	却ちバ・かあビ・ゼ	
0x2A1236	10	FF	2	プノ／ンＴンＩヲゼぅ	
0x2A2B08	10	F85A	2	変化球練習	변화구연습
0x2621C0	9	FE	2	たァＲ哀たペ）か	
0x27E60B	9	FF	2	檎ァＲ詠しい	
0x2A2AA8	9	F85A	2	体力の回復	체력 회복
0x2A2B42	9	F85A	2	』を治療します	』치료한다
0x2ABEB5	9	FF	2	けあたズきけかけあ	
0x246601	8	FF	2	たペうぜたＹおあ	
0x249578	8	F880	2	ぽをさいイをさい	
0x255A7A	8	FC	2	ペ）がァＲ娃う	
0x269F2D	8	FF	2	くペ）みねペ）ぢ	
0x269F85	8	FF	2	たペ１いたＵ３い	
0x26FDCD	8	FC	2	むデ・あぅィ（く	
0x2759DD	8	FF	2	ぃ、・きたゥ（か	
0x287FF9	8	FC	2	たど（ああペ）え	
0x2959F1	8	FF	2	たペうづたァおう	
0x295A31	8	FF	2	たペうびたァおえ	
0x29AA49	8	FB	2	覆ズくァＲ哀	
0x29C3E1	8	FC	2	こペ）みこペ）た	
0x29E7E1	8	FC	2	覆ズくァＲ姶	
0x2A2490	8	FF	2	回復をします	회복한다
0x2A2520	8	FF	2	イベント短縮	행사단축
0x2A2928	8	F85A	2	総合練習	종합연습
0x2ACC2F	8	F808	2	被本塁打	피홈런
0x233733	7	FD	2	諺ァＲ案あ	
0x234B6A	7	FF	2	ペてたァＲねえ	
0x234F33	7	FF	2	檎ァＲ鋭あ	
0x23D0A2	7	FB	2	ていくぜを皆	
0x2421AE	7	FF	2	カ）闇ョおし	
0x2421BE	7	FF	2	カ）易ョおく	
0x2421DA	7	FF	2	ぽう易ョおあ	
0x2480BB	7	FF	2	諺ァＲ嘩あ	
0x2482B2	7	FD	2	ペうがァＲくづ	
0x250067	7	FF	2	諺ァＲ鴎い	
0x25256A	7	FD	2	ペてくァＲ娃	
0x25D53F	7	FF	2	諺ァＲ嬰あ	
0x26437A	7	FC	2	あ（ヂいい（づ	
0x269EEA	7	FA	2	タ）ァたゥ（ギ	
0x26EF59	7	FD	2	しペ）ぜしペ）	
0x275AB2	7	F88F	2	Ｒ映たォ（か	
0x279B15	7	FD	2	たペ）おみペ）	
0x2842F2	7	FF	2	ペうゲさィおえ	
0x28FB56	7	FC	2	ゴつえあズぬえ	
0x290A52	7	FF	2	ペちミァＲ亜	
0x29C319	7	FC	2	こペ）みこペ）	
0x29C572	7	FC	2	ゥ（あたァ（く	
0x2A9A01	7	FF	2	ヴロマーコぅど	
0x2AD82F	7	F809	2	投手です。	투수다。
0x22E327	6	FD	2	険たペ）お	
0x23375F	6	FD	2	こたァＲ唖	
0x234EFF	6	FF	2	檎ァＲ愛	
0x2358E7	6	FF	2	吸ァＲ悪	
0x239C4F	6	FF	2	険ぜペ）Ｙ	
0x23B348	6	F880	2	まッ垢いあ	
0x240986	6	FF	2	プおとみズお	
0x24099A	6	FF	2	プ＋ねみァ＋	
0x2417CA	6	FF	2	ぽ１あたペ１	
0x2421A7	6	FF	2	Ｏいちピ・あ	
0x2430FA	6	FF	2	ペうがァＲく	
0x24372B	6	F800	2	険ぽペ）こ	
0x247ACB	6	FF	2	菌ァＲ蔚	
0x2484CB	6	FF	2	元たペ）こ	
0x248503	6	FF	2	険たペ）こ	
0x24A508	6	F9	2	エＧといほい	
0x24D1EB	6	FF	2	険みペ）う	
0x24DD6F	6	FF	2	険ぜペ）か	
0x253CEB	6	FC	2	こたァＲ哀	
0x25D9CB	6	F9	2	元たッ（や	
0x26433A	6	FC	2	シうあタペう	
0x26C93E	6	F881	2	アてえ。ゴつ	
0x279B06	6	FD	2	ち）あぽペて	
0x27BB3E	6	FF	2	ち）きぜペち	
0x27D597	6	FF	2	躯みペ）か	
0x27EB2B	6	FF	2	鷺ェＲ葵	
0x27EC5F	6	FF	2	鷺ェＲ姐	
0x28B58F	6	FC	2	脚ァＲ姐	
0x28B5A7	6	FC	2	脚ァＲ維	
0x28B607	6	FF	2	弦ァＲ悪	
0x28B6A7	6	FF	2	弦ァＲ逢	
0x293627	6	FC	2	こたァＲ愛	
0x29385B	6	FF	2	甲ァＲ愛	
0x29614A	6	FB	2	ペ）えたィ（	
0x298853	6	FB	2	轡Ｅむ（し	
0x29B143	6	FC	2	はェたペ）Ｆ	
0x29B15B	6	FC	2	駒たペ）Ｆ	
0x29C047	6	FB	2	鷺ジＲ唖	
0x2A8961	6	F8A8	2	がぽくかあす	
0x2A8968	6	F8A8	2	タぽけきいせ	
0x2A896F	6	F8A8	2	ョぽこくうそ	
0x2A8976	6	F8A8	2	Ｅぽさけえた	
0x2A897D	6	F8A8	2	！ぽかこおち	
0x2ABEA7	6	FF	2	けあクミくか	
0x2ABEAE	6	FF	2	けあペミくき	
0x2ACC40	6	F808	2	四死球	사사구
0x2ACC8F	6	F808	2	出塁率	출루율
0x2ACC9E	6	F808	2	二塁打	２루타
0x2ACCAD	6	F808	2	三塁打	３루타
0x2ACCCB	6	F808	2	猛打賞	맹타상
0x2ACECC	6	F86A	2	本以下	개 이하
0x2AD586	6	F808	2	防御率	방어율
0x2388BB	5	FF	2	（あぽッ（	
0x23D194	5	FD	2	くぜを拐	
0x2421B7	5	FF	2	こうあピ・	
0x2484F3	5	FF	2	険ぜペ）	
0x24DD04	5	FC	2	くぜを我	
0x24F24F	5	FE	2	こけタョ（	
0x24F327	5	FF	2	こビうら（	
0x25961F	5	FF	2	元たペ）	
0x261FD0	5	FE	2	たァＲ阿	
0x2620F0	5	FE	2	たァＲ逢	
0x2620FC	5	FE	2	たァＲ育	
0x2621B4	5	FE	2	たァＲ茜	
0x269847	5	FF	2	れぜＹペ）	
0x27D58B	5	FF	2	はァみペ）	
0x27F30D	5	F883	2	シさいちぅ	
0x286493	5	FF	2	はけちー・	
0x29689B	5	FB	2	８えみペ）	
0x2A2744	5	F85A	2	ランニング	러닝
0x2A2758	5	F85A	2	ストレッチ	체조
0x2A98F3	5	FF	2	ムＵタァぱ	
0x2AD5E2	5	F808	2	セーブ数	ＳＶ수
0x2AD60E	5	F808	2	勝ち数	승수
0x22EBF6	4	FF	2	ペ）ラえ	
0x230E11	4	FD	2	ぜペ）し	
0x23504D	4	FD	2	ぜペＨあ	
0x23592D	4	FD	2	ァＲ哀	
0x23712D	4	FF	2	ぇゼ・か	
0x2371CD	4	FC	2	いゼ・た	
0x238A64	4	FE	2	❤モふい	
0x238B76	4	F9	2	てい（た	
0x238F89	4	FF	2	ぽペ）ふ	
0x239A8D	4	FD	2	覆ズキ	
0x23C052	4	F9	2	ゲＨヘあ	
0x23E635	4	F843	2	ぽペ）み	
0x23F00D	4	FD	2	ぜペ）っ	
0x240FFA	4	FD	2	ペ）シく	
0x24123E	4	F88F	2	ペ）ピく	
0x241319	4	FF	2	あゼ・い	
0x241F1D	4	FD	2	覆ズた	
0x242759	4	FF	2	覆ズな	
0x242C69	4	FD	2	覆ズし	
0x2431B1	4	FD	2	みペ）こ	
0x2452E9	4	FD	2	ぜォ（き	
0x2454FD	4	F883	2	ぽペ）あ	
0x2482DD	4	FF	2	ぽペ）せ	
0x24A161	4	FC	2	ぽペ）か	
0x24B3E1	4	FC	2	タペ）い	
0x24DE16	4	F883	2	Ｒ蝦あ	
0x2500E9	4	FC	2	ぜペ）ぜ	
0x2506E2	4	F883	2	Ｒ鉛い	
0x250B35	4	FC	2	ぽペ）お	
0x2530A9	4	FC	2	ァＲ黄	
0x2534F4	4	FD	2	ヌニニニ	
0x25385E	4	F88F	2	Ｒ可い	
0x253965	4	FC	2	みペ、そ	
0x253A06	4	FC	2	ペ）きあ	
0x2554C2	4	F88F	2	オ）誓	
0x25C715	4	FC	2	ァＲ亜	
0x25D36A	4	FF	2	ペ）サせ	
0x2605CD	4	F800	2	みペぢあ	
0x260875	4	FF	2	ぜペ）い	
0x2641BD	4	FC	2	ぃペＶね	
0x2680D5	4	FC	2	ぃペＶふ	
0x269E69	4	F855	2	ちビ・い	
0x269EE1	4	FA	2	むド・ご	
0x2749AD	4	FD	2	覆ペよ	
0x2759B9	4	FF	2	ぃッ（さ	
0x27A029	4	F887	2	ズペ）そ	
0x27AD35	4	FF	2	ぃペ）あ	
0x27D781	4	FB	2	覆ズほ	
0x281FF2	4	FF	2	サ）投	
0x28291D	4	FF	2	あィ（あ	
0x28292D	4	FF	2	うィ（た	
0x28469D	4	FF	2	覆ズぁ	
0x2878B9	4	FF	2	みゥ（あ	
0x2878D1	4	FF	2	みゥ（い	
0x287A81	4	FF	2	ぃェ（い	
0x289C06	4	FF	2	カ）誓	
0x28C411	4	F801	2	覆ズフ	
0x294311	4	FF	2	ァＲ挨	
0x296241	4	FC	2	たゥ（ッ	
0x2982BD	4	F9	2	みズ）や	
0x2993A9	4	FC	2	うャ（た	
0x29A8F1	4	FB	2	覆ズろ	
0x29C055	4	FB	2	たペ）に	
0x29C68D	4	FB	2	たィ（し	
0x29D971	4	FF	2	ァＲ阿	
0x29DA2D	4	FF	2	ァＲ愛	
0x2A1229	4	FF	2	こいこＴ	
0x2A1231	4	FF	2	ヴにヘま	
0x2A14AC	4	FF	2	ョボ守	
0x2A2667	4	F85A	2	』します	
0x2A26A4	4	F85A	2	筋トレ	근력
0x2A26B8	4	F85A	2	チューブ	튜브
0x2A26E0	4	F85A	2	ダッシュ	대시
0x2A63D4	4	FC	2	バザそい	
0x2A895A	4	F8A8	2	たぽきさ	
0x2A8B13	4	F8A8	2	ねぃああ	
0x2AB688	4	FF	2	あクリう	
0x2ABEA2	4	FF	2	たミきか	
0x2AC4A8	4	FC	2	ねふてい	
0x2ACC4F	4	F808	2	敗戦	패전
0x2ACC79	4	F808	2	勝数	승수
0x2ACCE7	4	F808	2	犠打	희생타
0x2AD172	4	F839	2	３分の	３분의
0x2AD179	4	F80A	2	イニング	이닝
0x2AD222	4	F808	2	打率	타율
0x22DCD3	3	F840	2	黍あ	
0x22DCEB	3	F840	2	軽あ	
0x22DCEF	3	F840	2	剣あ	
0x22E2C7	3	FD	2	こぇあ	
0x22E5BE	3	FD	2	デ旭	
0x22E5DD	3	FD	2	ぜォ（	
0x22E826	3	F843	2	キ）あ	
0x22EA07	3	FD	2	客チ	
0x22F05E	3	FD	2	ぽてせ	
0x22FF3A	3	FC	2	ペ）き	
0x22FF82	3	FC	2	ヂなあ	
0x231476	3	FF	2	ェ旭	
0x23182E	3	F88D	2	ペＨほ	
0x23188A	3	F800	2	ペ「ほ	
0x231D02	3	FD	2	ア）お	
0x23362E	3	FD	2	ペうシ	
0x23368E	3	FF	2	ぽ）か	
0x23396A	3	FF	2	ズなあ	
0x23396E	3	FF	2	ぽてえ	
0x233A3F	3	FD	2	亨あ	
0x233B72	3	FF	2	ペ）え	
0x2345B6	3	FF	2	ぁ）け	
0x2347FA	3	FF	2	ぽ）し	
0x2349B6	3	FF	2	ペてフ	
0x2349BA	3	FF	2	Ｙなフ	
0x236396	3	FF	2	ぽうに	
0x23668A	3	FC	2	ペ）ぼ	
0x2366BE	3	FE	2	ペ）じ	
0x2367EA	3	FF	2	ペうえ	
0x236863	3	FC	2	漁あ	
0x2373EE	3	FF	2	ペうや	
0x238A2F	3	FC	2	い（た	
0x239036	3	FD	2	ペぢえ	
0x23903A	3	FD	2	ィでに	
0x23907A	3	FD	2	ィでか	
0x239465	3	FF	2	あゾ・	
0x23A752	3	FF	2	イ）せ	
0x23A76E	3	FF	2	イ）き	
0x23B0E1	3	FA	2	あさい	
0x23B1BE	3	FF	2	キ）や	
0x23BC2A	3	FD	2	ア）い	
0x23BDAA	3	FF	2	ゼ旭	
0x23BFF5	3	FF	2	タど（	
0x23C57A	3	FF	2	ペうお	
0x23E642	3	F843	2	ぜつみ	
0x23F542	3	F841	2	ぜつぜ	
0x240277	3	FF	2	こツあ	
0x24079A	3	FF	2	ぁ）ヤ	
0x240902	3	FF	2	デ姶	
0x240AFE	3	FF	2	ザ挨	
0x24130A	3	FF	2	ぽ１お	
0x2414E2	3	FD	2	ペ）ヌ	
0x241B22	3	FF	2	ぁ）て	
0x241B4A	3	F8C0	2	ゾなし	
0x241BCA	3	FF	2	ペＨの	
0x241BD6	3	FF	2	ペＨに	
0x242039	3	FD	2	ァペＨ	
0x243116	3	F810	2	ぽちい	
0x243341	3	FF	2	ペペて	
0x2449EB	3	FD	2	蕎あ	
0x2449EF	3	FD	2	勤あ	
0x244E05	3	F801	2	みペて	
0x24528E	3	FF	2	ィ（き	
0x2459D2	3	FD	2	ッ）ミ	
0x2463C2	3	FD	2	ぜつＦ	
0x24672B	3	FF	2	檎あ	
0x24685F	3	FF	2	こ険	
0x246953	3	FF	2	供あ	
0x2481FD	3	FF	2	むゾ・	
0x249FEF	3	FD	2	串あ	
0x24A6EA	3	FD	2	タだね	
0x24AD7E	3	FD	2	う（う	
0x24BDFE	3	FD	2	ぽうう	
0x24C2DA	3	FF	2	ダ旭	
0x24C566	3	FF	2	ぽちこ	
0x24F3E2	3	FF	2	ペ１し	
0x24FD06	3	FC	2	エ）シ	
0x24FE2A	3	FF	2	エ）う	
0x250312	3	FF	2	クちう	
0x250362	3	F883	2	ョ（あ	
0x250B1E	3	FC	2	キ）え	
0x25122A	3	FD	2	ぽうな	
0x251CD7	3	FC	2	訣う	
0x25213F	3	FC	2	はクい	
0x252C26	3	FF	2	コ）う	
0x252D2E	3	FC	2	カちず	
0x2533DE	3	FD	2	ペ）ふ	
0x253E66	3	F880	2	ち）か	
0x254A6A	3	FD	2	エ）ト	
0x254A9A	3	FD	2	ウ）さ	
0x255E37	3	FF	2	欣い	
0x255F13	3	FD	2	こぅい	
0x25607E	3	FF	2	ぽてこ	
0x2567B3	3	FC	2	彊け	
0x256EC3	3	FF	2	御あ	
0x256F4F	3	FF	2	こつあ	
0x257DE6	3	FF	2	ぁ）み	
0x25C60A	3	FF	2	ぁ）き	
0x25C912	3	FF	2	ペうけ	
0x25CB62	3	FF	2	さいほ	
0x25D902	3	FF	2	ペうと	
0x25F00E	3	FF	2	カちし	
0x25F8F2	3	FF	2	エ）に	
0x25F936	3	FF	2	エ）あ	
0x25F99E	3	FF	2	エ）エ	
0x25F9EE	3	FF	2	ぁ）ぜ	
0x25FB56	3	FD	2	イてう	
0x26049E	3	FF	2	せ（せ	
0x264776	3	FB	2	ぽうや	
0x265FB6	3	FC	2	ペぢみ	
0x265FBA	3	FC	2	ィでた	
0x26691A	3	FC	2	ザ亜	
0x2680DA	3	FC	2	ィＺあ	
0x2680F6	3	FF	2	オああ	
0x2681CA	3	FC	2	ィおァ	
0x26868E	3	FC	2	セうき	
0x269987	3	F82A	2	巨い	
0x26998B	3	F82A	2	居い	
0x26B1CD	3	FC	2	ァＲく	
0x26B1F2	3	FC	2	ア）て	
0x26B6AE	3	FF	2	イ）い	
0x26C49E	3	F841	2	ォ（い	
0x26C4B2	3	F841	2	ォ（う	
0x26C4C6	3	F841	2	ォ（え	
0x26C4DA	3	F841	2	ォ（お	
0x26C606	3	F841	2	アてぢ	
0x26C822	3	F841	2	ョ（い	
0x26C86A	3	F841	2	ョ（お	
0x26C88A	3	F841	2	ョ（か	
0x26CA86	3	FF	2	ぁ）ァ	
0x26CBA2	3	FF	2	ゾ旭	
0x26CFEB	3	F88F	2	経あ	
0x26DE1E	3	FD	2	プおし	
0x26E496	3	FD	2	ァ（し	
0x26E77E	3	FD	2	ウ）は	
0x26F052	3	FD	2	ウ）こ	
0x26F71A	3	F84F	2	ァ（こ	
0x27060D	3	FD	2	ぺさい	
0x270B06	3	FC	2	アうそ	
0x270B56	3	FB	2	ぽうそ	
0x270C8E	3	FC	2	ペェあ	
0x271326	3	F853	2	ュ哀	
0x272642	3	FC	2	ァてエ	
0x272772	3	FF	2	ゼ医	
0x27307B	3	F841	2	吟い	
0x273249	3	FC	2	ムゾ・	
0x27516A	3	FD	2	ウ）ふ	
0x2751EA	3	FF	2	ぽ）ひ	
0x27570A	3	FF	2	ペ）さ	
0x275ADE	3	FB	2	き（こ	
0x276CE2	3	FB	2	ア）ギ	
0x277A97	3	FC	2	訓あ	
0x279E02	3	FF	2	ウては	
0x279F16	3	FB	2	え（き	
0x27AC36	3	FC	2	オちお	
0x27C202	3	FF	2	ぁＶう	
0x27F0C6	3	F883	2	Ｒくえ	
0x27FC16	3	FC	2	ゾおこ	
0x27FC1A	3	FC	2	ぽうさ	
0x281256	3	FF	2	ョ旭	
0x281FAE	3	FF	2	サ）た	
0x28257E	3	FF	2	ウ）け	
0x283B46	3	FF	2	ぽうい	
0x283EBA	3	FC	2	イ）う	
0x283FB2	3	FF	2	ギ（か	
0x2855F2	3	F8FB	2	ォ（あ	
0x28628E	3	FC	2	ゼ（け	
0x2863CE	3	FF	2	ペうく	
0x2863D2	3	FF	2	ゴおあ	
0x2863DA	3	FF	2	ゴなく	
0x28786A	3	FF	2	ぽあゅ	
0x287FD6	3	FC	2	ュ逢	
0x289BBE	3	FF	2	カ）ち	
0x289BD2	3	FF	2	ケ）か	
0x28B762	3	FF	2	つ）う	
0x28C5AE	3	FB	2	ち）お	
0x28C86E	3	F88F	2	ィつく	
0x29073A	3	FF	2	ぽダや	
0x291DE2	3	F88F	2	ピ阿	
0x293462	3	FF	2	ペぢか	
0x29346E	3	FF	2	ペＸう	
0x29372A	3	FC	2	イ）む	
0x293806	3	FF	2	イ）と	
0x295B9E	3	FF	2	アてぱ	
0x2961A6	3	FC	2	オうん	
0x29625A	3	FC	2	づ（こ	
0x29813A	3	FB	2	ョ）せ	
0x298152	3	FF	2	カてえ	
0x298166	3	FF	2	ョ）う	
0x29818A	3	FF	2	ィ）け	
0x29818E	3	FF	2	ィ（ね	
0x2982B6	3	FB	2	グ）り	
0x2988BE	3	FB	2	ュ）や	
0x298C1A	3	FB	2	ュ）た	
0x29A3E5	3	FB	2	ちェ・	
0x29B14A	3	FC	2	ゾ）ゾ	
0x29B162	3	FC	2	ゾ）ョ	
0x29C622	3	FB	2	ッ）く	
0x29D662	3	FA	2	クうお	
0x29FB26	3	FB	2	ペあァ	
0x2A06D8	3	FF	2	えあコ	
0x2A1EC2	3	FA	2	しいが	
0x2A1EC6	3	FB	2	しいシ	
0x2A2444	3	FF	2	いいえ	노
0x2A2620	3	F85A	2	タイヤ	타이어
0x2A2630	3	F85A	2	ノック	노크
0x2A8937	3	F8A8	2	がりい	
0x2A98EF	3	FF	2	スタヲ	
0x2AB4E0	3	FF	2	くびあ	
0x2AB4E7	3	FF	2	ョびあ	
0x2AB63C	3	FF	2	みリあ	
0x2AB643	3	FF	2	ぜリい	
0x29E469	41	FF	1	ァＲ詠しいミドくいＱ６といタドくい（６といえ７といんじさいぜざさいタチこいキい	
0x2AA039	41	FF	1	ヴルラ迷ぴコいムポタタエぜがいムポタタエぜが６ヲゆユ０ネァぜ６ヲゆユ０ネァぜタず	
0x2596EA	40	F881	1	Ｒ叡かさいＱゆとい堂といヂ６のいォおはいバ６のいトくはいＩくはいゲこはいいあ	
0x25A896	40	F88F	1	Ｒ叡かさいぃるといクるとい２６のいとたはいズ６のいぱそはいォせはいズ！ていなあ	
0x2A1E68	40	FF	1	６ポしい遑しいヂ０しいＭ０しいリヤすい６ゾすい２ゾすいＡゾすいＥゾすいＩゾすい	
0x2A43F8	40	F8A8	1	ぃれせいづれせいタれせいズれせいリヤすいみセせいフコせいＡゾすいＥゾすいＩゾすい	
0x2A600C	40	FF	1	リノそいゲノそい６ノそい」ノそいボムそい６ゾすい２ゾすいＡゾすいボユそい２ユそい	
0x2922B1	39	FF	1	ァＲ嘘ドくいふガといタドくいづガといネガといゲガといとガといズしいはガとい	
0x26967C	37	F88F	1	ＡェたいふヲたいクィたいＡァたいミンたいみゥたい（ゥたいぷをさいたぜを澗	
0x2ABD64	37	FF	1	リこくけけいねリさけここいがリしこささいぽリすさししいネリすしすすいみリい	
0x23CB24	36	F883	1	ぽをさいイをさいぜをさいぷをさい椴を峨ミペ）あタペ）いぽペ）うぜペ）	
0x2A570C	36	F83E	1	エコそいづスそい２スそい馴そいＡタそい楠そいくノそいづノそいペずそい	
0x2AC3B8	36	FF	1	ズゴといＵギといぽゲといＡギといＥボといふグといネブとい６グといびゼとい	
0x26F9C6	34	F880	1	Ｒ袷×ていざぱさいヌニニニぜぱさいどぱさいチぱさいダやぶゾハぱさい	
0x230C78	32	FD	1	ぜをさいぷをさいまッ垢イをさいぽをさいＪィぷひたぜを峨ぜペ）	
0x2A1468	32	FF	1	ねぱンタねトンリねワンズねヂン６ョぱ礎ョト想ョワ蒼ョヂ足	
0x2A39D4	32	FF	1	とぽぜォづぽミォヤぽペォ２ぽ。ォとョぜＱづョミＱヤョペＱ２ョ。Ｑ	
0x2748F1	31	FC	1	ァＲ嘘ドくいぱユといミユといヂユといタドくいＭユとい❤ユとい	
0x27B50F	31	FC	1	いぶラといデラといぃリといタチこいぜずさいピずさいヤじさいキい	
0x27FC7A	31	F8E3	1	ザ（ＧうＷ）くァＲ詠しいぜをさいぜじさいヌニニニくぜを我	
0x28D42D	31	FB	1	ャといやャといびャといフャといズャといＩャといタドくい！ャとい	
0x2A9051	31	FF	1	ケとい（クといＵクといペクといァコといタコといぜコといみコとい	
0x2A9071	31	FF	1	コとい（ケといＵケといペケといァサといタサといぜサといみサとい	
0x2A9091	31	FF	1	サとい（コといＵコといペコといァシといタシといぜシといみシとい	
0x2A90B1	31	FF	1	シとい（サといＵサといペサといァスといタスといぜスといみスとい	
0x2A90D1	31	FF	1	スとい（シといＵシといペシといァセといタセといぜセといみセとい	
0x2A90F1	31	FF	1	セとい（スといＵスといペスといァソといタソといぜソといみソとい	
0x2A9111	31	FF	1	ソとい（セといＵセといペセといァタといタタといぜタといみタとい	
0x2A9131	31	FF	1	タとい（ソといＵソといペソといァチといタチといぜチといみチとい	
0x2A9151	31	FF	1	チとい（タといＵタといペタといァツといタツといぜツといみツとい	
0x2A9171	31	FF	1	ツとい（チといＵチといペチといァテといタテといぜテといみテとい	
0x2A9191	31	FF	1	テとい（ツといＵツといペツといァトといタトといぜトといみトとい	
0x2A91B1	31	FF	1	トとい（テといＵテといペテといァナといタナといぜナといみナとい	
0x2A91D1	31	FF	1	ナとい（トといＵトといペトといァニといタニといぜニといみニとい	
0x2A91F1	31	FF	1	ニとい（ナといＵナといペナといァヌといタヌといぜヌといみヌとい	
0x2A9211	31	FF	1	ヌとい（ニといＵニといペニといァネといタネといぜネといみネとい	
0x2A9231	31	FF	1	ネとい（ヌといＵヌといペヌといァノといタノといぜノといみノとい	
0x2A9251	31	FF	1	ノとい（ネといＵネといペネといァハといタハといぜハといみハとい	
0x2AA019	31	FF	1	ヴルラ迷ぴコいムポタタエぜが（う（う（う（ういムポタタエぜが	
0x245000	30	FD	1	ぜをさいボＥといイをさいタチこいぃきといクチこいぷをさいオい	
0x2A9A09	30	FF	1	ヴロマーコぅどプへスちはけＪえプへスちはけＪえＴくＯえＪえモ	
0x23A97F	29	FC	1	いゲこはい６６のいえちはいボ６のいヂにはいペ６のいぜつはい	
0x24E834	29	FF	1	ＵＷとい」ねといくのといぽをさいイをさい椴を峨ぜペ）び	
0x257BDC	29	F880	1	ぷをさいやみといぽをさいとみといふみといイをさいくぜを皆	
0x262751	29	FC	1	ァＲ嘘○といトぢといボぢとい」ぢといしづといバ所い（た	
0x274573	29	FF	1	檎ァＲ詠しい而といタチこいおずさいヌニニニぜじさい	
0x2780CD	29	FC	1	モあ際ーあ諺ァＲ詠しいたぜを栢モあ江モあ弧？	
0x27C1BF	29	FC	1	いいラといわじさいぜざさいミレといヂレといＭレとい❤レとい	
0x2A6193	29	FC	1	い（ヴそいョァそいぃィそい！ィそいフゥそいヤゥそいやラそい	
0x2A9EDB	29	FF	1	ば（う（うＲヴキラ迷ぴコＲヴキラ迷ぴコヒをくむ３とテし	
0x23A630	28	F883	1	Ｅ６のい６６のいえちはいボ６のいヂにはいペ６のいぜつはい	
0x24AE8C	28	FD	1	ぷをさいアＧといエＧといぜをさいやくはいリひへいＱひへい	
0x27637A	28	F88F	1	Ｒ泳×ていズしいＵマといヌニニニね減いゲ刷いびえ	
0x28712D	28	F9	1	ぺさいびチこいぃァといまッ垢「ぴツたヌニニニがぜを顔	
0x287C06	28	F88F	1	Ｒ詠しいぜをさいわじさいフ灯いり餓いＵマといびえ	
0x2AC3E0	28	FF	1	えザといＥガとい能といねギといフジといネギといとるかい	
0x27AEBB	27	FB	1	鷺ジＲ育レといぜをさいわじさいぜじさいカオオオぽた	
0x28F883	27	FB	1	鷺ジＲ丑ュといぜをさいわじさいぜじさいカオオオぽた	
0x2AC5AF	27	FC	1	い窄さいとあさいねあさいふあさいやあさいぜあさいなあ	
0x23E52A	26	FD	1	プおふたズおくたァおくァＲ越Ｂといたぜを峨ぜペ）	
0x24DD16	26	FC	1	プおりたズおねたァおくァＲ逢Ｕといたぜを峨ぜペ）	
0x27889E	26	F8C3	1	「）ポそペ）ゾちＺ（でアァ（３まペ）おそチ（タそィ（	
0x2A92DB	26	FF	1	ば（う（うＴうベいドあちあヒをくむ３とテし／くＯえヂ	
0x2AC19E	26	FF	1	くリきくうけあびリくかえああョリかきおこあくバここか	
0x2AC4E6	26	F800	1	さいタギとい窄さいとあさいねあさいふあさいＱよかい	
0x2A2BC4	25	FF	1	アイテムを使う／宇宙船の装備を変更	아이템／우주선 장비변경
0x2A56EF	25	FC	1	い！みすいぽげそいエごそいズざそいＭざそいゲじそい	
0x2A57B8	25	F845	1	エどそい畸そいエぶそいワぼそい櫨すいォんそいゲ	
0x2A9BC1	25	FF	1	ヴケマゾコ９ぎるを・や３ふテと６ぜキヴゼセソのなす	
0x2A9CC1	25	FF	1	ヴビロつモホツ○ミヌトゆクうぱ６ぜキヴゼセソのなす	
0x2A9DC1	25	FF	1	ヴケロＧメんツくユ４ネトシあぽ６ぜキヴゼセソのなす	
0x2A9FC1	25	FF	1	ヴルラ迷ぴコいムポタタエぜが６ぜキヴゼセソのなす	
0x2317E2	24	F88D	1	ふいＭ＠ていＹ＠てい６＠てい爆てい！＠ていぇあ	
0x2330ED	24	FF	1	覆ズたァＲ葦ァＲ葦ァＲ葦ァＲ葦ァＲ阿	
0x241675	24	FD	1	ァＲ嘉ＣといァＤとい薗といクチこい瀞を技	
0x24D878	24	FC	1	ヂーていがＵといづＵといぽＵといエニふいくＵとい	
0x26EC7D	24	F88F	1	律いびチこいＭ紡いた律いバ紡いくぜを峨	
0x274911	24	FC	1	ヨといズしい（マといぜざさいびチこいくぜを峨	
0x27776A	24	F880	1	Ｒ隠チこいズしい（マといぜじさいぜざさいキい	
0x299F61	24	FF	1	ァＲ嘘ドくいバ２といＵ２とい援といタドくいた	
0x299F7C	24	FF	1	た３といが３といタ３といョ３といズしいタ２とい	
0x29F53C	24	FF	1	まッ垢んじさいぃじさいぇじさいたぜを我ぜペ）	
0x2A1430	24	FF	1	ねづンクねシンミねヤンョョづ岨ョシ喪ョヤ窓	
0x2A144C	24	FF	1	ねエンネねフンァねォンバョエ阻ョフ巣ョォ騒	
0x2A1514	24	FF	1	ワぃたいやぅたい威たい（ぇたいたったいくゃたい	
0x2A579C	24	F855	1	たクそいみケそい苫そいしでそいクでそいＭでそい	
0x2A83C4	24	F8AF	1	りがタびネがペび６が（びりぽタタネぽペタ６ぽ（ミ	
0x23D4DA	23	FD	1	プおくたズおえたァおくァＲ過Ａといくぜを峨	
0x2410BE	23	FF	1	ぁ）たァＲ嘉ＣといァＤとい薗といたぜを峨	
0x26E859	23	FD	1	ァＲ詠しいえ律い６紡いボ紡い２紡い	
0x2771F7	23	FF	1	弧ぜ甲ァＲ詠しい（マといびチこいキい	
0x284F3F	23	FC	1	諺ァＲ隠チこいズしいぜじさいびチこいキい	
0x287479	23	FF	1	ァＲ嘘ドくいゲィといタドくいＩィとい！ィとい	
0x290123	23	FF	1	諺ァＲ宇ださいズしいタチこいびぜさいびえ	
0x29EA39	23	FF	1	ァＲ隠ドくいわ７といエ７といワ７とい２７とい	
0x2A05EC	23	FC	1	ぜあぞあコあキあぷあサあづあぢあクあケあびああ	
0x2A0610	23	FC	1	ぜあぞあコあキあぷあサあづあぢあクあケあぽああ	
0x2A577D	23	F82E	1	けせいねけせいぃけせいびけせいタけせい！オそい	
0x2A94DB	23	FF	1	ば（う（うソぶ❤っケやにねソぶ❤っケやにねタヲ	
0x2AC982	23	F801	1	練習による経験値が加算されます。	연습 경험치 가산됩니다。
0x2ACAFF	23	F82E	1	課題を、一つも達成できませんでした。	과제를 하나도 달성하지 못했습니다。
0x2ACBCD	23	FD	1	あと、電池切れには注意するでやんす。	배터리 방전 주의합죠。
0x2321B4	22	FD	1	ボかさいミ９といワメふい２７はいクチこいキい	
0x24B562	22	F880	1	Ｒ圧ＦといクＧといぽＧといフＩといリＩとい	
0x2559D2	22	F880	1	Ｒ猿８８れァ？ていィ？ていがぜを我ぜペ）	
0x264BE0	22	F880	1	タチこいフ』ていカオオオ修といクチこいオい	
0x264FE4	22	FC	1	タチこいみ』ていが』てい修といクチこいオい	
0x26E712	22	F88F	1	Ｒ央紡いへていヌニニニズしいＥ紡い	
0x2822C3	22	FF	1	形た『）きあャ（あはペ）むはペ）ＧたＵ）だ	
0x2822DB	22	FF	1	恵た『）きあャ（あはペ）むはペ）ＧたＵ）ご	
0x282313	22	FF	1	敬た『）きあャ（あはペ）むはペ）ＧたＵ）ん	
0x28232B	22	FF	1	桂た『）きあャ（あはペ）むはペ）ＧたＵ）り	
0x291F87	22	FB	1	鷺ジＲ恩ぴツたまッ垢ヌニニニがぜを観	
0x294AC3	22	FB	1	檎ァＲ詠しい呑こいびぽこいくぜを皆	
0x29E8DB	22	FD	1	弦ァＲ亜シさいペにさいズしいくぜを雅	
0x2A87FC	22	F8B8	1	ぃりぽづぽりミづミりズづズりＥづＥり。づああ	
0x2A99E1	22	FF	1	ヴロマーコぅどプへスちはけＪえＴくＯえＪえモ	
0x2ACB70	22	FD	1	今回は、大目に見てやるでやんすが、	이번엔 봐주겠습죠만、
0x2ACB87	22	FA	1	次も大丈夫と思わないことでやんす。	다음도 괜찮다 마십죠
0x2ACD8D	22	FB	1	もう一年、続けて遊ぶ事ができます。	１년 더 플레이 가능
0x24F1C2	21	F881	1	Ｒ運ＷといねＺといズＺといりＹといずだそ	
0x25400C	21	F880	1	がぜを峨ぽペ）あぜＥ）２かヅなＮせァつあ	
0x2578CC	21	FF	1	Ｕちふい雑ふいえゆほいがぜを峨ぽペ）ト	
0x266130	21	FC	1	んじさいぃじさいぇじさいぷをさいくぜを換	
0x27EC83	21	FF	1	鷺ェＲ詠しいＵマといびチこいペにさい	
0x298C98	21	FB	1	ぜをさいぷをさいぽをさいイをさいくぜを疑	
0x2A215D	21	FC	1	ｾいフ・すいと擦いと解いくびリペョび	
0x2AC66D	21	FD	1	９月、１０月の課題は、ありません。	９월、１０월 과제는 없습니다。
0x2AC9AE	21	F801	1	結果に応じて、お金と経験値が	결과대로 돈과 경험치
0x231796	20	F88F	1	Ｒ越８といぽチこいびぽこい修といいあ	
0x235008	20	FF	1	Ｑんふい６をふいズシふいヤシふいクシふい	
0x2451FC	20	F881	1	ぜをさいリＥといぷをさいぽをさいイをさい	
0x24818C	20	FF	1	みケふいリなへいＵとへいたぜを峨ぜペ）	
0x24B07C	20	FF	1	フＩといぃーていく＋ていとＦといクＧとい	
0x24D6B6	20	F88F	1	Ｒ宇にといヂにといＹにとい鮫とい（た	
0x266321	20	FE	1	ァＲ鴬○とい２びとい❤びといくぜを拐	
0x276A16	20	F88F	1	Ｒ詠しいＵマといね減いゲ刷いびえ	
0x280369	20	F84F	1	くペ）あはペ）みくペ）むはペ）せツあ坤	
0x28226D	20	FF	1	くペ）みくペ）むはペ）ぷコあ幻ちャ（Ｇ	
0x29B296	20	F880	1	Ｒ詠しいまッ垢ヌニニニくぜを騎８	
0x29D0AA	20	FC	1	チ）ヂあＷ（ポそペ）だむァ（かむョ・テ１	
0x2A1400	20	FF	1	ねクびョぽクァョョクＭョＵク之ョヂ釈	
0x2A28C4	20	FF	1	回復する／宇宙船を修理する	회복／우주선 수리
0x2AB1EE	20	FF	1	ミきくうけあびミくかえこあズミかきおいあ	
0x2AB23B	20	FF	1	ミきかかけあびミくかきこあズミくきくくあ	
0x2AC3A0	20	FF	1	Ｍヂといォギとい」ゲといＩガといぃゲとい	
0x2ACB51	20	FD	1	前回、きちんとセーブせずに終わった	저장 없이 끝냈다면
0x2ACBA1	20	FD	1	大事な選手を消したくなかったら	선수를 지우기 싫으면
0x2AD094	20	FB	1	とくに数字に残るものはありません。	기록에 남는 건 없다
0x22F447	19	FD	1	檎ァＲ宇８といタチこいゲ・ていオい	
0x23982E	19	F887	1	Ｒ叡かさい繁ていりくさいくきさいみ	
0x23CFBA	19	FF	1	ペ）みそギ（ぜあペ）ァあペ）こむデぬき	
0x23D21A	19	FF	1	ペ）みそガ（ぜあペ）ァあペ）けむデぬき	
0x2442CE	19	FF	1	。・たァＲ疫やぶゾ２ずふいぽずふいか	
0x24570E	19	FD	1	プおくたズおえたァおくァＲ援Ｅといた	
0x24C4FF	19	FF	1	Ｏ念Ｒ珂ＴといズＴといＹＴといぷい	
0x267491	19	FC	1	ァＲ圧ぶといづぶといヤぶとい２ぶとい	
0x27AACF	19	FC	1	いぶラといデラといぃリといタチこいキい	
0x27FE9A	19	FC	1	プなっち。ないたィてっちＵなたァＲねみ	
0x2823BD	19	FF	1	たェ（いくペ）あねペ）みくペ）むねペ）	
0x28988E	19	F84F	1	デ）あひペ）むひペ）ナごあ購たペ）Ｆ	
0x289B1A	19	FF	1	バ）あひペ）むひペ）Ｗげあ懇たバ）け	
0x289E76	19	FF	1	バ）あひペ）むひペ）碁あ幻ちッ（Ｇ	
0x28A30E	19	FF	1	デ）あひペ）むひペ）えミッ（Ｙぎあ懇	
0x28C5EF	19	FF	1	檎ァＲ詠しいバォといタチこいキい	
0x28F50B	19	FF	1	檎ァＲ詠しいヂッといタチこいキい	
0x295445	19	F840	1	ミペ）あタペ）いしペ）うぜペ）みせＥ）	
0x2A2808	19	FF	1	宇宙船の装備を変更します	우주선 장비 변경
0x2AC599	19	F800	1	あさいえあさいくあさいしあさいたあさい	
0x2ACA3D	19	F830	1	あ厳しい修行に耐えたあなたに、	
0x2377B4	18	FF	1	ぜ吠いづ吠いび吠いぱ吠いギあ	
0x23D1AA	18	FD	1	プおえたズおくたァおくァＲ寡Ａとい	
0x23DF57	18	FC	1	はくタ」・かマペ）４マＥ）え。ゴつあ	
0x23F39A	18	FD	1	プおごたズおがたァおくァＲ為Ｃとい	
0x2454DA	18	F883	1	Ｒ瓜ＥといヌニニニＥビのいタパのい	
0x246DBB	18	FD	1	吸ァＲ葦ァＲ葦ァＲ葦ァＲ鮎	
0x25FB22	18	FF	1	ぁ）がァＲ為○とい！ガはい❤ガはい	
0x26BF17	18	FA	1	８しただ（Ｖあペ）みせィ（ぜつペ）し	
0x26E4C6	18	F88F	1	Ｒ化❤ていズしいたぜを峨ぜペ）	
0x26FC42	18	F88F	1	Ｒ詠しいァしいワ席い９８８れ	
0x278FDB	18	FF	1	諺ァＲ詠しいＵマといぜざさいぜ	
0x27959B	18	FC	1	いぶラといデラといぃリといくぜを峨	
0x281082	18	F88F	1	Ｒ詠しいび／ていァ・ていバ／てい	
0x281FB3	18	FF	1	こォミペ）ェズペ）Ｎァズ）Ｌタズ）く	
0x282043	18	FF	1	こェミペ）ゥズペ）Ｎァズ）Ｌタズ）く	
0x2899EB	18	FF	1	れギぽペ）グミョ（Ｇタ？）Ｊぜバ）か	
0x293F07	18	FF	1	吸ァＲ葦ァＲ葦ァＲ葦ァＲ胤	
0x294827	18	FF	1	脚ァＲ逢ァＲ逢ァＲ逢ァＲ圧	
0x297E30	18	F88F	1	ヤ丹いヌニニニたぜを峨ぜペ）袙	
0x29D8A2	18	F88F	1	Ｒ員オオオ「ぴツたまッ垢ヌニニニ	
0x2A01D6	18	F88F	1	Ｒ詠しい９８８れヌニニニカオオオ	
0x2A9F50	18	FA	1	Ｒヴキラ迷ぴコＲヴキラ迷ぴコタず	
0x2AB820	18	FF	1	いあたタいいあういたァうういううたみ	
0x2AC41A	18	F88F	1	といヤギといがダとい！ギといォゲとい	
0x2AC536	18	F800	1	さいとるかいえあさいボゆかいくあさい	
0x2AC692	18	FB	1	年間目標達成に向けて、	연간목표 달성 향해
0x2AC8AE	18	FD	1	また、別のサクセス選手でトライ	다른 선수로 시도
0x22FC78	17	FC	1	ぜをさいト８といイをさいぷをさいぽ	
0x23F378	17	FE	1	牡てい揮ていイをさいくぜを拐	
0x23F500	17	FE	1	揮ていぷをさいボかさいわメふいた	
0x2500B3	17	FF	1	Ｏ念Ｒ杏ＹといズＺといねＺとい	
0x25B7C9	17	FF	1	タペ）坊ボ）あぽペ）うぜペ）たピ	
0x261F70	17	FE	1	たァＲ医○とい修といたぜを粥	
0x262148	17	FE	1	たァＲ医○とい修といたぜを棺	
0x26233C	17	FD	1	たァＲ医○とい修といたぜを危	
0x262414	17	FD	1	たァＲ医○とい修といくぜを蒲	
0x270329	17	FB	1	剖檎ァＲ詠しいぽぺといキい	
0x272F7C	17	F881	1	『エといぜをさいヌニニニくぜを陥	
0x291BB3	17	FF	1	Ｏせくペ）くねペ）みくペ）むねペ）	
0x291DF9	17	F88F	1	たペ）くぃペ）えぽペＶえタペＶおを	
0x29EDAD	17	FA	1	くペ）あねペ）みくペ）むねペ）ヲ・	
0x2A0099	17	FB	1	こペ）みべペ）ダやＵ（２そァ（ガゴ	
0x2A07F0	17	FE	1	Ｙさはい」すはいやすはいヤしはい（	
0x2A1270	17	FA	1	Ｙさはい」すはいやすはいヤしはいて	
0x2A9A51	17	FF	1	ヴロマーコぅどプへスちはけＪえタず	
0x2AB11C	17	FF	1	ズこけかけあびズこけきこあねぃああ	
0x2AC87A	17	F801	1	もう、やりなおしできないでやんす。	이제 못 되돌립죠。
0x2ACA16	17	FB	1	２年目に進む事ができます。	２년차로 진행 가능
0x22E7D9	16	F843	1	ミペ）あズペ）いァペ）おぜペ）そ	
0x232554	16	FD	1	ボかさいミ９といワメふい２７はい	
0x236536	16	FD	1	さいタチこいふ吠いクチこいキい	
0x23DD2A	16	FD	1	ペ）おたペ）えみペ）えぃペ）ニぜ	
0x23E08A	16	FD	1	ペ）こたペ）さみペ）さぃペ）ザず	
0x23EB68	16	FC	1	ぜをさいぷをさいボかさいワメふい	
0x23EF42	16	F887	1	Ｒ為ＣといァＣとい揮てい（た	
0x241035	16	FD	1	ィＲ嘉Ｃといたぜを峨ぜペ）び	
0x241788	16	FF	1	（Ｃといクチこいがぜを峨ぽペ）	
0x24232A	16	FD	1	ペ）ャタペ）ュミペ）ョァペ）がう	
0x243820	16	FD	1	ぜをさいぷをさいミぜを我ぽペ）	
0x24406A	16	FD	1	ペ）くたペ）けみペ）けぃペ）デら	
0x24605A	16	FD	1	ペ）くたペ）けみペ）けぃペ）ブま	
0x2482CC	16	FF	1	ふコふいやコふいがぜを我ぜＥ）	
0x2496BD	16	F84F	1	ミヌだゾぬＸ（５そペ）ぢぇァ（こ	
0x24B2FA	16	FC	1	ペ）おたペ）さみペ）さぃペ）冒	
0x24B384	16	F88F	1	笹さいフＩといＭ＋ていくょかい	
0x24C930	16	F88F	1	ぜをさいＥＵといダやぶゾシＵとい	
0x24D5F9	16	FD	1	ベむ（こむデ・こあォ・ゥあペ）た	
0x255554	16	FD	1	ョ？ていガ？ていァ？ていィ？てい	
0x255B78	16	F88F	1	ィ？ていァ？ていがぜを我ぜペ）	
0x255D9E	16	FF	1	ペ）たァＲ葦ぜを峨ぜペ）パソ	
0x2573D4	16	FF	1	ふはふいぱぅほいがぜを我ぽペ）	
0x25810E	16	FC	1	ペ）かたペ）さみペ）さぃペ）ヘ？	
0x259252	16	FC	1	ペ）きたペ）さみペ）さぃペ）ふ「	
0x2592D6	16	F88F	1	Ｒ泳ゆといリ！ていぜをさい（た	
0x259416	16	F880	1	Ｒ瓜きさいみ○といぜをさい（た	
0x25A332	16	FF	1	ぁ）くァＲ葦ぜを峨ぜペ）Ｃぴ	
0x25A366	16	FF	1	ペ）たァＲ葦ぜを峨ぜペ）ろぷ	
0x25D14E	16	FF	1	ぁ）ぽＺそいがぜを峨ぽペ）Ａせ	
0x25DB62	16	FF	1	ぁ）フＷそいたぜを峨ぜペ）らし	
0x25DBB6	16	FF	1	ぁ）フＷそいたぜを峨ぜペ）つし	
0x25E88A	16	FF	1	ぁ）フＷそいたぜを峨ぜペ）×く	
0x25E8EE	16	FF	1	ぁ）フＷそいたぜを峨ぜペ）Ｙく	
0x25EF3A	16	FF	1	ペ）こたペ）けみペ）くぃペ）ずう	
0x25EFA2	16	FF	1	ペ）きたペ）かみペ）おぃペ）ゆう	
0x2618B6	16	FF	1	ペ）おたペ）くみペ）うぞギ（ビカ	
0x275551	16	F84F	1	タペ）あぜペ）いＥペ）うぽペ）そ	
0x2815F4	16	FB	1	「ぴツたまッ垢ヌニニニ。・てい	
0x2827D1	16	FF	1	くペ）みくペ）えミッ（のあ懇	
0x285805	16	FF	1	ぽＥ）あズペ）いタペ）うぜペ）そ	
0x2893DD	16	FF	1	タペＨあタペ１ャあペ）ャちぶ（く	
0x2896B2	16	FF	1	ペ）ダゲわ（Ｑたゼ）さみペ）ァ（	
0x28A3F1	16	FF	1	ミペぉあミペもュあペ）ュちぶ（く	
0x28AEFA	16	FF	1	ペ）きたペ）さみペ）さぃペ）ィグ	
0x28C652	16	F885	1	ペ）けたペ）かみペ）さぃペ）９ッ	
0x28FA2A	16	F885	1	ペ）けたペ）かみペ）さぃペ）Ｊリ	
0x29550D	16	FC	1	シさいたシさいペにさいくぜを穫	
0x296296	16	FC	1	う（ゼうＹ（１そペ）づぞァ（雁	
0x297E1E	16	F88F	1	Ｒ詠しいシ０といぜをさい（た	
0x2A268C	16	FF	1	セーブする／選手登録する	저장／선수등록
0x2A9040	16	FF	1	ァケといタケといぜケといみケとい	
0x2AB10B	16	FF	1	けあびミくかあこあズミくきいくあ	
0x2AB158	16	FF	1	けあびミくかあこあズミくきあくあ	
0x2AC408	16	F800	1	びデとい（グといっバといびグとい	
0x2AC485	16	FC	1	あさいしあさい埜といＭやかい❤	
0x2AC81D	15	F822	1	日本シリーズへ進みます。	일본시리즈 진출。
0x2ACDA8	16	F815	1	もう一年この選手で遊ぶ	１년 더 이 선수로
0x2ACDD5	16	FB	1	目標を設定してください。	목표 설정하세요。
0x22FC67	15	FC	1	いわ梓いク梓いォ梓い（た	
0x231756	15	FF	1	ペ）おたペ）ぜぜ険みペ）え	
0x23A0EA	15	FF	1	イ）６たァなあたペて２たァなほ	
0x240CF2	15	FF	1	ぁ）たァＲ鴬Ｃといくぜを賀	
0x24B25E	15	FC	1	ペ）Ｖたォ（ァぜペ）瑤ゾ）ァ	
0x250846	15	FF	1	ペ）きたペ）かみペ）つＦい戸	
0x25A382	15	FC	1	ペ）たァＲ葦ぜを峨ぜペ）そ	
0x25D1F7	15	F82A	1	諺ァＲ葦ぜを峨ぜペ）ゥせ	
0x25D28F	15	FF	1	諺ァＲ葦ぜを峨ぜペ）シせ	
0x25D2B3	15	FF	1	諺ァＲ葦ぜを峨ぜペ）ウせ	
0x25DBDB	15	FF	1	諺ァＲ葦ぜを峨ぜペ）けし	
0x25E9F7	15	FF	1	諺ァＲ葦ぜを峨ぜペ）ゥく	
0x25F602	15	FF	1	ぁ）たぜを峨ぜペ）ぷぜ校	
0x26A053	15	FD	1	こ８そペ）ヅはＷ（Ｗみァ（ゾさ	
0x26DE2A	15	FF	1	ぁ）Ｍ紡いバ紡いた律いね	
0x272C5F	15	FF	1	鷺ァＲ詠しい『エといキい	
0x27A6E6	15	FF	1	ペ）たァＲ詠しいたぜを希	
0x27DF25	15	FF	1	みペうがたプなぜみペてＥみィ）	
0x27FB01	15	F881	1	ヲといやヲといびヲといズしい	
0x2808B3	15	FB	1	卦まペ）ャそチ（（そゼ（坊	
0x282BC2	15	FF	1	ァ（ペまペ）ァそチ（（そゼ（メ	
0x282F86	15	FB	1	ァ（ペまペ）ァそチ（（そゼ（ヘ	
0x283EEA	15	FC	1	ウ）ＡつプなリみペてＫむＶちい	
0x285B53	15	FF	1	檎ァＲ詠しいごヴといキい	
0x28720B	15	FF	1	檎ァＲ詠しいりァといキい	
0x287CD3	15	FF	1	檎ァＲ詠しいォィといキい	
0x2892AE	15	F84F	1	バ）あひペ）むひペ）×ざあ坤	
0x289976	15	F84F	1	ペ）あひペ）むひペ）Ｅたォ）し	
0x28B44A	15	FF	1	ウ）しちプなリみペてＫむＶちい	
0x28B54B	15	FC	1	い４ェといづェといタチこいキい	
0x29001B	15	FF	1	甲ァＲ詠しいぜざさいびえ	
0x292047	15	FF	1	檎ァＲ詠しいリョといキい	
0x2929DB	15	FF	1	檎ァＲ詠しいとガといキい	
0x295102	15	F883	1	Ｒ詠しいまッ垢ヌニニニが	
0x29648F	15	FB	1	（がァＲ詠しいＹ５といョて	
0x29CC6F	15	FF	1	弦ァＲ詠しいタチこいキい	
0x29D51A	15	FB	1	ペ）さたペ）けみペ）くぃペ）ざ	
0x29E196	15	F88F	1	Ｒ詠しいワ席いたぜを峨	
0x2A0957	15	FF	1	いＧあゾぅヂぅデぅバぅブぅボぅ	
0x2A0EF7	15	FF	1	かかきかくあくあけけくけうあさ	
0x2A0F07	15	FF	1	しえししすさしさすすせさせおき	
0x2A9428	15	FF	1	（う（う（う（うリあっあちあＢ	
0x2A9523	15	FF	1	ヲＵワタミ（う（う（う（うタヲ	
0x2A95E9	15	FF	1	ヴＮヴモヴをロゥさあきィか（あ	
0x2A98CB	15	FF	1	ムＵタァぱ６ぜキヴゼセソのなす	
0x2A9BE9	15	FF	1	ヴケマゾコ９ぎるを・や３ふテと	
0x2A9CE9	15	FF	1	ヴビロつモホツ○ミヌトゆクうぱ	
0x2A9DE9	15	FF	1	ヴケロＧメんツくユ４ネトシあぽ	
0x2A9FE9	15	FF	1	ヴルラ迷ぴコいムポタタエぜが	
0x2AA4A1	15	FF	1	クといみクといぜクとい（キとい	
0x2AA4BD	15	FF	1	キとい（カとい（カといＵカとい	
0x2AB169	15	FF	1	ズこけかけあびズこけきこあびぃ	
0x2AC471	15	FC	1	あさいえあさい（ふていくあさい	
0x2AC754	15	FA	1	ボーナスが加算されます！）	보너스 가산！）
0x2AC971	15	FB	1	出番は、ありませんでした。	출전 없었어요。
0x2ACD24	15	F829	1	今年の最終年俸は、	올해 최종연봉、
0x232A66	14	F88F	1	Ｒ円８といペ怪い。怪い	
0x23D63F	14	FF	1	険ぃペ）ヂＸＷ（ョあュ（え	
0x23DF2E	14	FC	1	シ）デおく（くミ」・あタペＦ	
0x23FD56	14	FD	1	といペＣといぽをさいイをさい	
0x23FFE8	14	F88F	1	ァＣとい牡ていペＣとい（た	
0x24013E	14	FF	1	ぁ）ＹＣといがぜを峨ぜペ）	
0x240D47	14	FF	1	弦ァＲ夷ぜ弦ァＲ禍	
0x2437CA	14	F800	1	ゥ（し。ゴいＥタィ）撚Ｒく	
0x24641E	14	FF	1	ペ）たァＲ葦ぜを峨ぜペ）	
0x247AB7	14	FF	1	菌ァＲ嘘ァＲ嘘ァＲ悪	
0x24B67E	14	F880	1	Ｒ圧ＦといリＩといＭ＋てい	
0x24B7BF	14	F800	1	はうあゾ・えあゥ・うちゥ・い	
0x25699B	14	FF	1	吸ァＲ葦ァＲ葦ァＲ虻	
0x259720	14	F881	1	ぷをさいたぜを峨ぜペ）、ァ	
0x25EA3A	14	FF	1	ぁ）フＷそいたぜを峨ぜペ）	
0x25EDEF	14	FF	1	諺ァＲ為ぜを峨ぽペ）た	
0x261DAB	14	FF	1	弦ァＲ医○といたぜを喚	
0x261E3F	14	FE	1	諺ァＲ医○といたぜを粥	
0x262293	14	FF	1	諺ァＲ医○といたぜを漢	
0x266120	14	FC	1	タチこいペ『ていクチこいオい	
0x26C706	14	FD	1	ペ）おたペ）くみペ）きぃペ）	
0x270ECC	14	FC	1	ふアとい６アといァアといオい	
0x275722	14	FB	1	ペ）さたペ）おみペ）えぃペ）	
0x27EA40	14	FC	1	ぱチこいびチこいンじさいオい	
0x27FAF2	14	F881	1	Ｒ嘘ドくいタドくい❤ワとい	
0x2806BB	14	FB	1	卦まペ）ャそチ（（そゼ（め	
0x283A33	14	FF	1	（くたペ）さみペ）さぃペ）ぽ	
0x285A9B	14	FF	1	檎ァＲ詠しいがぜを観	
0x2876A6	14	FF	1	ペ）くたペ）あみペ）うズペ）	
0x28B226	14	FF	1	ウ）ぃてプおミみペうＫむＶあ	
0x291306	14	FB	1	ペ）くたペ）きみペ）かぃペ）	
0x291322	14	FB	1	ペ）おたペ）こみペ）えぃペ）	
0x292A33	14	FF	1	脚ァＲ逢ァＲ逢ァＲ吋	
0x29E81B	14	FF	1	弦ァＲ汚ぜ弦ァＲ圧	
0x2A051A	14	FC	1	ペ）がァＲ憶紡い！紡い	
0x2A1028	14	FF	1	ョＵョＵョＵョびびタタリリぃ	
0x2A25DC	14	FF	1	日程を一日進めます	일정 하루 진행
0x2A25EC	14	FF	1	宇宙船を修理します	우주선 수리
0x2A25FC	14	FF	1	野球の成績を見ます	야구 성적 본다
0x2A93C1	14	FF	1	ヴＮヴモヴをロリあっあちあＢ	
0x2A99C1	14	FF	1	ヴロマーコぅどＴくＯえＪえモ	
0x2AC4AE	14	F800	1	さいＵガといくあさいボりかい	
0x2AC683	14	FB	1	ペナントも終盤戦です。	페넌트 종반전
0x2AE1A4	14	FF	1	おくこしとこりトリとこごりと	
0x232545	13	FD	1	ァＲ姻チこいボ８といオい	
0x239888	13	FB	1	ぷをさいたぜを峨ぜペ）ラ	
0x23A15F	13	FF	1	鷺ェＲ課ぺを峨ペペ）	
0x23F144	13	FE	1	牡てい揮てい椴を顔	
0x23F9E1	13	FD	1	ァＲ為Ｃといクチこいキい	
0x240D39	13	FD	1	ァＲ荷剖弦ァＲ曳（	
0x240F29	13	F883	1	ミペ）いぽペ）うぜペ）べＫ	
0x241394	13	F88F	1	ねＤといァＤとい薗といえ	
0x24C921	13	F88F	1	にといぃにといくＵとい（た	
0x24F1DD	13	FE	1	ーていがＸといＥＸとい６ぬ	
0x250734	13	FE	1	ワＷといたぜを峨ぜペ）ぜ	
0x258CBC	13	FC	1	ぷをさいぜをさいぽをさいく	
0x261EC8	13	FE	1	たァＲ医○といたぜを漢	
0x261FFC	13	FE	1	たァＲ医○といたぜを粥	
0x262084	13	FE	1	たァＲ医○といたぜを丸	
0x2621F0	13	FE	1	たァＲ医○といたぜを棺	
0x27B7F9	13	FB	1	たペ）いむヂ・こぃペ）ャャ	
0x27B819	13	FB	1	たペ）いむヂ・こぃペ）ンャ	
0x27B855	13	FB	1	たペ）いむヂ・くぃペ）マャ	
0x27B875	13	FB	1	たペ）いむヂ・くぃペ）ヌャ	
0x27E615	13	FF	1	ロといぜじさいぜざさいキい	
0x281095	13	F88F	1	ぺさいぱワといぜをさい（た	
0x285917	13	FB	1	甑まペ）ャそチ（（そィ（	
0x287493	13	FC	1	いォィといズしいギィとい	
0x28C7F8	13	F88F	1	バォといんぜさいくぜを毅	
0x292E99	13	FF	1	シさいペにさいズしいなあ	
0x2941BB	13	FF	1	諺ァＲ詠しいヂしい	
0x297C5F	13	FB	1	甑まペ）ャそチ（（そゼ（	
0x299BDF	13	FF	1	檎ァＲ詠しい」０とい	
0x29E227	13	FF	1	ＯたァＲ育チこいぜをさい	
0x2A25AC	13	FF	1	仲間を入れ替えます	동료 교체한다
0x2A25CC	13	FF	1	試合日程を見ます	시합일정 본다
0x2AB62C	13	FF	1	させちとぬはへみもよるわく	
0x2ABD14	13	FF	1	させちとぬはへみもられをく	
0x2AC449	13	F88A	1	あさいりギとい埜といＭあ	
0x2AC7BF	13	F85A	1	は経験値とお金が、	경험치와 돈、
0x2ACD7F	13	F809	1	以上獲得しました！	이상 획득！
0x2ADD16	13	FF	1	Ｕズええさこあタタおこえあ	
0x230F01	12	FD	1	ァＲ宇８といくぜを穫	
0x232201	12	FD	1	タペ）うぞヂ・あミペ）う	
0x234E35	12	FF	1	くペ）えむィ・みびペ）え	
0x235866	12	FF	1	さいびぽこいぽチこいカあ	
0x2358CD	12	FF	1	覆ズたァＲ葦ァＲ芦	
0x235F7E	12	FC	1	さいガョョョぜをさい（た	
0x23B0BA	12	FF	1	ぁ）廼Ｒ衣をさい（た	
0x23CC3C	12	FD	1	念Ｒ為ぜを峨ぽペ）	
0x23CEA8	12	FD	1	・あさいたぜを峨ぜペ）	
0x23DE88	12	FE	1	クＢといクチこいタチこい	
0x23E802	12	F883	1	Ｒ越Ｂといクチこいカい	
0x23F8C2	12	F881	1	Ｒ為Ｃといクチこいキい	
0x23FE8C	12	F883	1	ぽをさいイをさいぷをさい	
0x241386	12	F88F	1	Ｒ嘉Ｃといぜをさい（た	
0x245AAA	12	FD	1	ペ）あみペ）あぃペ）きむ	
0x2463C6	12	FD	1	ォち念Ｒ衣をさい（た	
0x2463EE	12	FF	1	ぁ）たぜを峨ぜペ）ァパ	
0x248810	12	FB	1	イをさいぷをさいぽをさい	
0x2497F2	12	F88F	1	Ｒ粟ッ垢ぜをさい（た	
0x24B376	12	F88F	1	Ｒ架かさいぜをさい（た	
0x24B716	12	FD	1	キ）けあォ・いちォ・吏	
0x24C1A2	12	F88F	1	Ｒ詠Ｔといクチこいオい	
0x24CBA2	12	F88D	1	ふいぱニふいぽニふいうい	
0x24DB46	12	F88F	1	Ｒ益ーていがＵとい（た	
0x24E2BA	12	FD	1	ォちがァＲ印Ｗとい（た	
0x24E7F2	12	F88D	1	ふいぱニふいぽニふいせい	
0x2545B1	12	FD	1	ぇォたあぅェた６ょダなう	
0x2558D2	12	FF	1	ぽ）宛ゥＺミァＲ異い	
0x2587E0	12	FC	1	エかさいクチこいタチこい	
0x259428	12	F880	1	わ○とい唖さい橘さい	
0x259CA6	12	FF	1	ぁ）念Ｒ衣をさい（た	
0x25A2B0	12	FE	1	まッ垢ぷをさいぽをさい	
0x25AAEA	12	FF	1	ぁ）たァＲ衣をさい（た	
0x25B68E	12	FF	1	ペ１念Ｒ６かたペ）ニク	
0x25B8BA	12	FC	1	ペ）いむゼ・えたペ）ひ	
0x25BA46	12	FC	1	ペ）いむゼ・えたペ）ダブ	
0x25BAEE	12	FC	1	ペ）いむゼ・えたペ）ノブ	
0x25BB96	12	FC	1	ペ）いむゼ・えたペ）ずブ	
0x25BC2A	12	FC	1	ペ）いむゼ・えたペ）はブ	
0x25D26E	12	FF	1	さいたぜを峨ぜペ）ナせ	
0x25E9D6	12	FF	1	ぁ）たぜを峨ぜペ）グく	
0x25EA6E	12	FB	1	さいたぜを峨ぜペ）ナく	
0x25F5BE	12	FF	1	ぁ）たぜを峨ぜペ）。バ	
0x260539	12	F800	1	たペて！ぬァなミァＲ家	
0x269280	12	FC	1	んじさいぃじさいぇじさい	
0x26C632	12	FD	1	ペ）おたペ）くみペ）ああ	
0x26C79D	12	F841	1	ァペ）あミペ）うぽペ）ぽ	
0x26DE01	12	FD	1	ァＲ詠しいＭ紡いね	
0x26F74A	12	F88F	1	Ｒ医ふけいびチこいねけ	
0x27120A	12	FF	1	ペ）けたペ）かぃペ）いＥ	
0x272F6E	12	F881	1	Ｒ詠しいＹエといキい	
0x273256	12	FC	1	ペ）おたペ）おぃペ）ぽ２	
0x273742	12	FC	1	ペ）かたペ）おぃペ）な１	
0x2739BA	12	FC	1	ペ）かたペ）おぃペ）ラ０	
0x273C32	12	FC	1	ペ）かたペ）おぃペ）『ポ	
0x2742E9	12	FF	1	覆ペがァＲ為ァＲ挨	
0x27D290	12	FF	1	ねロといびチこいペにさい	
0x27F2FA	12	F883	1	Ｒ詠しいびチこい×ぁ	
0x280226	12	F88F	1	Ｒ衣をさいしンとい（た	
0x28184E	12	F88F	1	Ｒ艶グ～ネ「ぴツたたら	
0x2827C1	12	FF	1	こペ）あみゥ（みはペ）い	
0x2847D5	12	FF	1	覆ズくァＲ逢ァＲ悪	
0x28BBBE	12	FF	1	ペ）たァＲ詠しいびえ	
0x28E2CA	12	FB	1	ペ）うむゾ・あぃペ）…げ	
0x291D55	12	F88F	1	ズペ）あァペ）いミペ）そ	
0x292A05	12	FF	1	覆ズくァＲ逢ァＲ握	
0x294819	12	FF	1	覆ズくァＲ逢ァＲ姶	
0x295566	12	FF	1	ぁ）くァＲ育チこいがき	
0x2980C2	12	FB	1	ペ）きたペ）いぃペ）ィ？	
0x298302	12	F9	1	ペ）きたペ）いぃペ）暮	
0x29861E	12	FB	1	ペ）かたペ）いぃペ）れー	
0x29897A	12	FB	1	ペ）かたペ）いぃペ）ウ＋	
0x29C27E	12	FC	1	ヅ）あひペ）むひペ）擬	
0x29E7D1	12	FC	1	ァＲ詠しいくぜを雅	
0x29F28A	12	FC	1	ペ）けたペ）いぃペ）そＰ	
0x29F4D6	12	FB	1	ペ）けたペ）いぃペ）ワＯ	
0x2A2174	12	F8A0	1	ぜ６ＵＱがみネがァみＭが	
0x2A253C	12	FF	1	ビタミン剤を飲みます	비타민 복용
0x2A254C	12	FF	1	この星を冒険します	이 별 모험
0x2A259C	12	FF	1	回復薬を飲みます	회복약 복용
0x2A4D00	12	FC	1	ァせとい６せとい。せとい	
0x2AC390	12	FF	1	（ガとい（ガといやゴとい	
0x2AC496	12	FC	1	さいぃギとい洩といＭあ	
0x2AC4CE	12	FC	1	さいぱめていふもていＭあ	
0x2ACDC8	12	F818	1	２年目に進みます。	２년째로 진행합니다。
0x230DD5	11	FD	1	ァＲ嘘ぜを我ぽペ）	
0x23131E	11	FF	1	ペ）あみペ）カぜ元	
0x231636	11	FD	1	ペ）あみペ）ズぜ元	
0x23A266	11	F800	1	カ）おタペＶかたィ（や	
0x23D20E	11	FF	1	は）チまェ（ゼえう（○	
0x23DE62	11	F887	1	Ｒ育Ｂといミドくい２	
0x23EA53	11	FC	1	甲ァＲ越Ｂとい（た	
0x23F6DE	11	F881	1	オ）えぽペＶりぜァＺす	
0x23FE7F	11	F883	1	鷺ェＲ為Ｃとい（た	
0x2447BE	11	FF	1	ペ）ぶ 険タペ）え	
0x245B42	11	FD	1	ャ）Ｉズュ）いぃペ）あ	
0x247256	11	FF	1	ぽ）けたペうこたペてえ	
0x24896B	11	FF	1	鷺ァＲ衣をさい（た	
0x24B0EE	11	F800	1	バ刊ぅャ（ァぞデ・た	
0x24C10A	11	F84F	1	ケ）く（ァＺせズペＶす	
0x24C5A3	11	FF	1	Ｏ念Ｒ珂Ｔといぷい	
0x24D18D	11	F843	1	うゾ・かミュ（あタザ（	
0x24F522	11	FF	1	プおしたァおふみァおり	
0x24FFB3	11	FF	1	』がァＲ為ＸといＺい	
0x2502EA	11	FF	1	クちるせクてしぃゲつう	
0x250306	11	FF	1	クち８そクてやぃゲつう	
0x25092E	11	FF	1	クち８そクて騰プない	
0x250C45	11	FC	1	ァＲ維プのいえダのい	
0x251586	11	FD	1	ィ）し。ゴい年Ｒくか	
0x251F7A	11	FF	1	プおあたペうがたァおて	
0x2523E6	11	FF	1	イ）あぜゥＧやぜザＪえ	
0x252B0E	11	FF	1	ペ）Ｅみバ）あつギ（ゥ	
0x255249	11	FD	1	ぽペ）あぜペ）いうダ・	
0x258786	11	FF	1	ぽうえ。ゴいねァＲくい	
0x259636	11	FF	1	ぁ）きたペ）くみペ）か	
0x25AA83	11	FF	1	阪ュＲ衣をさい（た	
0x25FF2A	11	FF	1	ゥ・ミァＲ葦ぜを峨	
0x2600AE	11	FF	1	ゥ・たァＲ葦ぜを峨	
0x260FF6	11	FF	1	、・くァＲ茨チこいャ	
0x2617A1	11	FC	1	しペ）みせＥ）＋たァつ	
0x261DD7	11	FF	1	険ぜＥ）たァＲくイち	
0x261E6B	11	FE	1	険ぜＥ）たァＲくをち	
0x261EF3	11	FE	1	険ぜＥ）たァＲくさち	
0x261F9F	11	FE	1	険ぜＥ）たァＲく（た	
0x262027	11	FE	1	険ぜＥ）たァＲくＳた	
0x2620AF	11	FE	1	険ぜＥ）たァＲくボた	
0x262177	11	FE	1	険ぜＥ）たァＲくハた	
0x26221B	11	FE	1	険ぜＥ）たァＲくぞた	
0x2622BF	11	FF	1	険ぜＥ）たァＲくねた	
0x26236B	11	FD	1	険ぜＥ）たァＲく所	
0x2698BE	11	FF	1	ゴ阿くペ）みくペ）く	
0x26A25E	11	FA	1	…）ェあチ）おむヂ・ァ	
0x26C69A	11	FD	1	ペ）おたペ）くみペ）・	
0x26C976	11	F881	1	ペ）きたペ）かみペ）ぃ	
0x26E299	11	FD	1	たペ）えみペ）きあッ・	
0x26E411	11	FD	1	たペ）おみペ）けあャ・	
0x26F046	11	FD	1	イちし。ゴい撚Ｒくい	
0x26F666	11	F84F	1	キ）いはァいなへ、おあ	
0x26F6CE	11	F84F	1	キ）いれァいなを…おい	
0x270935	11	FC	1	ァＲ嘘ドくい。アとい	
0x271252	11	FC	1	ペ）おたペ）えみペ）み	
0x273E46	11	F881	1	Ｒ詠しいミドくいた	
0x276E4A	11	FF	1	ウ）あみゥＷあぃペＸく	
0x27846E	11	FD	1	イちし。ゴい年Ｒくい	
0x2789F6	11	FD	1	て）うたペてくたァなく	
0x279032	11	FF	1	ぁ）ズしいたぜを机	
0x27976A	11	F879	1	とい・どさいくぜを我	
0x27A612	11	F887	1	Ｒ迂ニニニたぜを奇	
0x27C78A	11	FF	1	う（お（ペ）かみゲ（あ	
0x27CB5A	11	FF	1	お（いＵペ）えぃャ（あ	
0x27E2E1	11	FE	1	たペうぜたペてＭてＵ）	
0x27E83B	11	FC	1	却くペ）ぜくペ）」！	
0x27E91F	11	FC	1	却くペ）ぜくペ）ベ！	
0x27FBC6	11	FC	1	プなぃた。ないたィてい	
0x27FE6E	11	FC	1	プなクむ。ないみゥてい	
0x2802DB	11	FF	1	Ｏ念Ｒ衣をさい（た	
0x28225E	11	FF	1	『）うぃィ（いはペ）う	
0x2822AE	11	FF	1	『）いみィ（きちャ（い	
0x282B8E	11	FF	1	ペ）かみ…・おぃペ）ベ	
0x282B9F	11	FF	1	虞そチ（（そゼ（循	
0x284136	11	FC	1	プなクち。ないたィてい	
0x284162	11	FC	1	プなっち。ないたィてい	
0x2890A9	11	FF	1	たペ）くみペ）きぃペ）	
0x2890C1	11	FB	1	たペ）かみペ）おぃペ）	
0x2890D9	11	FB	1	たペ）えみペ）さぃペ）	
0x2899B2	11	F84F	1	ペ）あたゥ（Ｅたォ）ッ	
0x28EC2E	11	FB	1	ア）あしァつ…よ。ちう	
0x28F1A1	11	FF	1	ァペ）うぽペ）え。ゴい	
0x29542D	11	FC	1	シさいたシさいペにさい	
0x2955EE	11	FF	1	ぁ）くァＲ益しいた	
0x295BAA	11	FF	1	プおあたペうったァおネ	
0x295BE2	11	FF	1	プおあたペうがたァおぃ	
0x295C7A	11	FF	1	ぁ）ズしい「ぴツたＹ	
0x295D3A	11	FF	1	ズなあけァつヂぇァなほ	
0x297F93	11	FF	1	ＯたァＲ衣をさい（た	
0x299615	11	FF	1	ぺさい拝といと２とい	
0x29C726	11	FB	1	あ（いぃぶ（Ｆぃォ）た	
0x2A07D4	11	FF	1	モモメメムムムミミママ	
0x2A1264	11	FA	1	ぽぽぺぺぷぷぷぴぴぱぱ	
0x2A56DA	11	FB	1	しいふぅそいヂぅそいぱ	
0x2AA4B1	11	FF	1	キとい（カとい（カとい	
0x2AC8C1	11	FA	1	して欲しいでやんす。	해주십죠。
0x2ACAE0	11	FF	1	課題達成による	과제 달성에 따른
0x2ACB42	11	FA	1	ごまかせないでやんす。	못속입죠。
0x2AD8AF	11	F808	1	最優秀中継ぎ	최우수중계
0x22E7B8	10	F880	1	びぽこいぽ＠ていさあ	
0x231D68	10	FF	1	（８といくぜを慨エ	
0x231E8E	10	FF	1	ィなし。ゴつ年Ｒね	
0x23413E	10	FF	1	さいミぜを我ぜペ）	
0x234420	10	FF	1	ワじふいォじふいムあ	
0x234FDE	10	FF	1	プおァたでいあちズき	
0x235894	10	FB	1	ワあさいエあさいｲ	
0x2358EF	10	FF	1	吸ァＲ葦ァＲ悪	
0x2358FB	10	FF	1	吸ァＲ葦ァＲ芦	
0x2377A4	10	FF	1	タﾄいペﾄいビあ	
0x23977F	10	FF	1	元たペ）おみペ）く	
0x23A21A	10	F800	1	ビな尅ビおあみぽ（	
0x23A936	10	FF	1	ぽ）クたプＪおしぜＧ	
0x23CC96	10	FF	1	ぁ）ミぜを峨ぜペ）	
0x23D50B	10	FD	1	弦ァＲ過Ａといた	
0x23DFB3	10	F881	1	えわじさいクＢといし	
0x23E5E2	10	FF	1	ぁ）たァＲ越Ｂとい	
0x23F8D8	10	F881	1	タチこいぜてい（た	
0x24007B	10	FD	1	筋ウい険みＥ）の	
0x240DD2	10	FD	1	といミぜを我ぽペ）	
0x2412AE	10	FD	1	ぽちあみペてディも（	
0x241EA7	10	FD	1	甲ァＲ印ベのいい	
0x24321E	10	FD	1	ペ）かたペ）きみペ）	
0x24337E	10	FD	1	ぽちあみペてドゼも（	
0x243DDA	10	FF	1	ぁ）ミぜを我ぽＥ）	
0x245020	10	FD	1	ごきといぽをさいキい	
0x24822C	10	FF	1	みケふいリなへいせい	
0x24854B	10	FF	1	険みペ）えたペ）こ	
0x24B06C	10	F88F	1	ぽＧといズＦとい辰	
0x24DB0E	10	FF	1	プ３あたべ０あむズ５	
0x24E2C8	10	FD	1	ぽをさいぷをさい５ぬ	
0x2506EC	10	F9	1	まッ垢ヌニニニホい	
0x252310	10	FD	1	たぜを峨ぜペ）カき	
0x25467C	10	FD	1	ヌニニニクチこいキい	
0x254978	10	FD	1	ガ？ていョ？ていオい	
0x254B14	10	FD	1	ョ？ていガ？ていオい	
0x25547B	10	F88F	1	』かミョ（おＥダ（こ	
0x2554EF	10	FF	1	』かミョ（おたダ（こ	
0x25744B	10	FF	1	競ァＲ為ァＲ袷	
0x257854	10	FF	1	ＡなふいＱねふいさあ	
0x25A8D0	10	F88F	1	瀞を峨ぜペ）ニワ	
0x25BC43	10	FF	1	檎ァＲ悪パのいい	
0x25D3D8	10	FF	1	たぜを峨ぜペ）させ	
0x25D876	10	FF	1	ェ（あペゥ（けたゥ（	
0x25F3E4	10	FF	1	がぜを峨ぽペ）くか	
0x25F67B	10	FF	1	諺ァＲ茨チこいＹ	
0x25F896	10	FF	1	エ）ョいプ＋えぃズ＋	
0x261F3F	10	FF	1	諺ァＲ哀たペ）い	
0x26A92A	10	FF	1	イ）あたペＸりたァＺ	
0x26B673	10	FF	1	はしみェ（Ｇみ…）い	
0x26BB02	10	FC	1	アてし。ゴいねァＲく	
0x26CF56	10	FD	1	ペ）くァＲ詠しい	
0x26FEE2	10	F887	1	Ｒ嘘ドくい！ぺとい	
0x277210	10	FF	1	而といＵマといカい	
0x277784	10	F880	1	而といンじさいオい	
0x278A16	10	FD	1	て）うたペてくたァな	
0x27F622	10	F883	1	Ｒ詠しいペにさい	
0x281DBF	10	FF	1	れかぅッ（きぞッ（Ｋ	
0x282A93	10	FF	1	はャそチ（（そゼ（ま	
0x284F58	10	FC	1	ぜざさいンじさいオい	
0x285E5F	10	FF	1	（えたガ（パご険	
0x28653A	10	FF	1	ズ）むひペ）えミギ（	
0x2897CE	10	F88F	1	Ｒ詠しいっェとい	
0x289A03	10	FF	1	れグたェ（Ｊみダ）Ｇ	
0x28B55C	10	FC	1	エじさいぜじさいオい	
0x29267E	10	FC	1	エ）けみだＵいみぶ。	
0x292E8E	10	FF	1	ぁ）くァＲ益しい	
0x2960E3	10	FB	1	険みペ）あぃペ）ヂ	
0x296457	10	FB	1	険みペ）あぃペ）ご	
0x2985D3	10	FB	1	はダるＵ（ぜあゼ（ぃ	
0x29A7A2	10	FF	1	ィ（ポつペ）ゾあィ（	
0x29E8BF	10	FD	1	』てぜ弦ァＲ亜	
0x29E8CF	10	FD	1	８そぜ弦ァＲ胤	
0x29E917	10	FD	1	脚ァＲ逢ァＲ唖	
0x2A0783	10	FF	1	えあうおきけさすそく	
0x2A148C	10	FF	1	はハどンぷハミンああ	
0x2A1498	10	FF	1	はゥどデぷゥミデああ	
0x2A16B8	10	F837	1	ああいいいうううえお	
0x2A1D00	10	FF	1	ああああいいいううえ	
0x2A24E4	10	FF	1	アイテムを使います	아이템사용
0x2A2ABC	10	FF	1	選手登録して	선수등록
0x2A2AC7	10	FF	1	ファイルを消します	파일을 지웁니다
0x2A8814	10	F8B8	1	。り苫ねバが６！バ	
0x2A8EB5	10	FF	1	あいいたたりあおつか	
0x2AC43E	10	F88A	1	といくゾといバギとい	
0x2AC4C3	10	FC	1	い６めてい。めてい（	
0x2AC866	10	F805	1	あ～あ、やっちまった	아～ 망했다
0x2AD656	10	F809	1	を失敗しました。	실패했다。
0x2AD6AD	10	F809	1	がリーグトップです。	가 리그１위
0x2AD7A1	10	F808	1	最多勝投手	최다승투수
0x2AE1C0	10	FF	1	ほことぇごことほほこ	
0x230EE0	9	FD	1	ト８といくぜを悔	
0x232A75	9	F88F	1	急いぃ急い（た	
0x234134	9	FF	1	ヌニニニＹビのいＹ	
0x234BB8	9	FF	1	たぜを峨ぜペ）づ	
0x234F44	9	FF	1	ＱんふいズシふいＹ	
0x238A34	9	FC	1	ぷをさい❤９といぃ	
0x239871	9	FB	1	Ｅのいぜをさい（た	
0x239E04	9	FD	1	がぜを峨ぜペ）２	
0x23E340	9	FE	1	ァかさいズＢとい（	
0x23E9B4	9	FF	1	ぜをさいぷをさいＵ	
0x23FD4C	9	FD	1	ぜをさいぷをさいＩ	
0x245B11	9	FD	1	たペ）いぃペ）節	
0x249F29	9	FD	1	とといわととい（た	
0x24E207	9	FC	1	（あぜォ（騰ヂ）	
0x24EB59	9	FF	1	みペうこゼバ・ぅ４	
0x24EBE9	9	FF	1	みペうこゼバ・す４	
0x24F66D	9	FC	1	みペうこゼバ・フ１	
0x24F6E9	9	FF	1	みペうこゼバ・ぴ１	
0x24FFC0	9	FF	1	たぜを峨ぜペ）ぜ	
0x2515D8	9	FD	1	ぜをさいぷをさいぜ	
0x253065	9	FD	1	ぽペ）煩ダ）佐	
0x2554DF	9	FF	1	』かぜペ）えぽペ）	
0x25AF45	9	F883	1	タペ）うぜペ）ぱぷ	
0x25C31F	9	FF	1	檎ァＲ亜ダのい	
0x25DC1A	9	FF	1	ぁ）フＷそいずだそ	
0x25EB2C	9	FF	1	たぜを峨ぜペ）た	
0x26FE85	9	FC	1	たペ）いぃペ）ちリ	
0x270801	9	FC	1	たペ）しむゾ・ッＧ	
0x27082D	9	FB	1	たペ）しむゾ・レＧ	
0x2708B9	9	FC	1	たペ）いぃペ）ォユ	
0x270BCD	9	FB	1	たペ）えむゾ・ゾＦ	
0x270E65	9	FB	1	たペ）えむゾ・守	
0x27573F	9	FB	1	脚ぃペ）ォみォ（	
0x276BBF	9	FB	1	鷺ェＲ迂ニニニ	
0x2786DD	9	FF	1	くペ）ぜくペ）ノ『	
0x27A431	9	FF	1	たペ）いみョ（ルグ	
0x27A459	9	FB	1	たペ）いみョ（マグ	
0x27B7A5	9	FD	1	たペ）いむヂ・ボャ	
0x27B7C1	9	FB	1	たペ）いむヂ・ヅャ	
0x27CD35	9	FF	1	くペ）ぜくペ）デ／	
0x27CEED	9	FC	1	たペ）えみペ）ぬじ	
0x27CFBD	9	FC	1	たペ）いぃペ）うじ	
0x27D3DF	9	FC	1	はあみペ）けぃペ）	
0x27EA35	9	FC	1	ロといぜじさいキい	
0x27F4EB	9	FC	1	こヒ 元たペ）	
0x285979	9	FF	1	たペ）えぃペ）らセ	
0x28806D	9	FB	1	たペ）えむゾ・ハエ	
0x288221	9	FC	1	たペ）いぃペ）れぬ	
0x293D81	9	FF	1	シさいペにさいなあ	
0x2941C9	9	FF	1	シさいペにさいきあ	
0x2941D5	9	FF	1	ぺさいヌニニニにあ	
0x29496F	9	FC	1	急おィ）うぜペ）	
0x295574	9	FF	1	ヂしいくぜを蛙	
0x295DFF	9	F840	1	峨ミペ）あタペ）	
0x29956D	9	FB	1	たペ）いぃペ）キ…	
0x29D568	9	F84F	1	いタペ）うぽペ）う	
0x29E494	9	FF	1	ぃじさいたぜを棺	
0x29FF61	9	FB	1	こペ）みこペ）『ゴ	
0x2A0115	9	FB	1	こペ）みこペ）フゴ	
0x2A094D	9	FF	1	ぃャぅョぅギぅゲぅ	
0x2A09B9	9	FF	1	あああいあうあえあ	
0x2A0EEB	9	FF	1	えこえこいこおおか	
0x2A24B4	9	FF	1	パーツを買います	부품 구입
0x2A2A60	9	F85A	1	岩石スクワット	바위앉기
0x2A2A78	9	F85A	1	シャドウピッチング	섀도 피칭
0x2A2A90	9	F85A	1	ティーバッティング	티 배팅
0x2A9659	9	FF	1	ヴＮヴモヴをロタず	
0x2A98C1	9	FF	1	ヴブヴとヴマニタヲ	
0x2A9D59	9	FF	1	ヴビロつモホツタず	
0x2A9E59	9	FF	1	ヴケロＧメんツタず	
0x2AA259	9	FF	1	ヴケモＨツ沼タず	
0x2AA359	9	FF	1	ヴビロぉラゴホタず	
0x2AB83C	9	FF	1	いいたタいいあいう	
0x2AC54B	9	FC	1	いしあさいシよかい	
0x2AC6A5	9	FA	1	がんばりましょう。	힘냅시다。
0x2AC7CD	9	FA	1	２倍になります）	２배 된다）
0x2AC9C4	9	FA	1	加算されます。	가산된다。
0x2ACA0C	9	F809	1	以上稼ぐと、	이상 벌면
0x2ACA28	9	FB	1	がんばりましょう）	힘냅시다）
0x2ADCBF	9	FF	1	ああうタぽかこおあ	
0x22DE41	8	FF	1	たペうぜたＺおあ	
0x22E846	8	F883	1	Ｒ茨＠ていヘあ	
0x22F499	8	FD	1	みペてくみェなし	
0x22FDBE	8	FC	1	ェ）ミァＲ嘉た	
0x22FDE9	8	FC	1	ぽペ）あぜペ）か	
0x22FDF2	8	FC	1	ペ）かたペ）ふヨ	
0x23000A	8	FC	1	ペ）えたペ）ぉあ	
0x23001E	8	FC	1	ペ）えたペ）むい	
0x230E8A	8	FF	1	ペ）リぜ項キ	
0x232455	8	FD	1	たペＸやたァＺち	
0x2324A1	8	FD	1	たペＸわたァＺペ	
0x233202	8	FD	1	さいびぽこいプあ	
0x2332CA	8	FF	1	ぁ）たァＲ淫う	
0x2333CE	8	FF	1	ぁ）たァＲ違き	
0x233AD2	8	FF	1	ペ）あみペ）てく	
0x233C76	8	FD	1	ペ）いぃペ）４っ	
0x234E84	8	FF	1	がぜを峨ぽペ）	
0x235B22	8	FF	1	ペ）がァＲ員あ	
0x235F35	8	FF	1	みペてえみペうい	
0x23624A	8	F847	1	ペ）えたペ）モが	
0x23625A	8	F847	1	ペ）えたペ）０が	
0x23626A	8	F847	1	ペ）えたペ）、が	
0x238632	8	F88F	1	Ｒ医チこいＲい	
0x2391F4	8	FE	1	❤９とい❤モふい	
0x23928E	8	F847	1	ペ）いタペ）Ｋば	
0x23929E	8	FD	1	ペ）あみペ）ぐぱ	
0x2393C2	8	FD	1	ペ）あみペ）ぬぴ	
0x2393D2	8	FD	1	ペ）あみペ）てぴ	
0x2393F2	8	FD	1	ペ）あみペ）さぴ	
0x239525	8	FD	1	えェ）ああァ）Ｅ	
0x23961A	8	FD	1	ペ）えたペ）ぶう	
0x239D30	8	FF	1	がぜを峨ぜペ）	
0x23A225	8	F800	1	ぃツだいぃペアい	
0x23A33E	8	F88F	1	Ｒ粟ッ垢（た	
0x23AC49	8	FD	1	えペ）Ｅズッ）ゲ	
0x23AC59	8	FC	1	えペ）Ｅたグ）ゲ	
0x23AC69	8	FC	1	えペ）Ｅたギ）え	
0x23BD84	8	FC	1	イをさいぽをさい	
0x23D5FA	8	FD	1	ペ）こたペ）ドＹ	
0x23E2AA	8	FD	1	ペ）あみペ）ょが	
0x23E2BA	8	FD	1	ペ）あみペ）やぎ	
0x23EBC6	8	FC	1	ペ）おたペ）やＴ	
0x23F230	8	FE	1	牡てい揮てい	
0x23FFDE	8	F88F	1	Ｒ為Ｃといぇあ	
0x24015D	8	FF	1	くペ）みねペ）え	
0x240FCE	8	FF	1	ペ）あみペ）尖	
0x24119A	8	F89A	1	のいＭビのいさあ	
0x2411A4	8	F89A	1	カオオオ（Ｃのい	
0x241CAE	8	FD	1	ペ）えたペ）Ｇあ	
0x241DAA	8	FD	1	ペ）えたペ）モあ	
0x241E9E	8	FD	1	ペ）えたペ）ゅあ	
0x242521	8	FD	1	ぽＥ）あぽッいＵ	
0x24255D	8	FD	1	ぽＥ）あぽッいォ	
0x242599	8	FD	1	ぽＥ）あぽッいび	
0x2425D5	8	FD	1	ぽＥ）あぽッいし	
0x24266D	8	FF	1	ちゥ・たァＲ俄	
0x2426D9	8	F810	1	ぃペてしぅゥぬア	
0x2426E9	8	F810	1	ぃペうぜぅゥおオ	
0x2426F9	8	F810	1	ぃペうぽぅゥおミ	
0x242709	8	F810	1	ぃペうみぅゥおム	
0x242719	8	F810	1	ぃペうりぅゥお４	
0x24336A	8	FF	1	ペ）こたペ）を」	
0x243DD1	8	FC	1	ァＲ嘉Ｃといほ	
0x243E16	8	FF	1	ペ）カぽペＸズ８	
0x244826	8	FC	1	ペＨミァＲ鋭あ	
0x244850	8	FE	1	ミぜを峨タペ）	
0x244C85	8	FD	1	みペてえみィなた	
0x2451F2	8	F881	1	Ｒ乙きとい（た	
0x2452A6	8	FF	1	ペ）いぜォ（フ３	
0x2452EE	8	FD	1	ペ）くたペ）コ３	
0x245316	8	FF	1	ペ）けたペ）ぽ３	
0x24534E	8	FF	1	ペ）けたペ）だ３	
0x2453CA	8	FF	1	ペ）いぜォ（も３	
0x245486	8	FD	1	ペ）くたペ）邯	
0x245675	8	FF	1	くといくぜを皆	
0x246E3A	8	FF	1	ぁ）たァＲ猿う	
0x2474BE	8	FF	1	ペ）あみペ）バＮ	
0x248116	8	FF	1	ペ）えみペ）！ビ	
0x248302	8	FF	1	ペ）やぜプおオビ	
0x24834A	8	FD	1	ペ）いぜペ）ュさ	
0x24835A	8	FD	1	ペ）あみペ）さた	
0x2484B2	8	FF	1	ペ）えたペ）ぎ○	
0x248F28	8	F880	1	ぷをさいぽをさい	
0x249D92	8	FD	1	ペ）あみペ）ヲけ	
0x249DA2	8	FD	1	ペ）あみペ）ハこ	
0x249EC2	8	FD	1	ペ）えたペ）ャう	
0x24A042	8	FD	1	ァ（ッあズ・や	
0x24B2A9	8	FC	1	べォ）づかィ（く	
0x24B2C9	8	FC	1	はィ）ぞかッ（く	
0x24C129	8	F84F	1	ぃァでうＵペぞか	
0x24C7E9	8	FD	1	Ｕぶ（ゲいペ）た	
0x24C879	8	FD	1	みぶ（ゥいペ）た	
0x24CC6A	8	FD	1	ペ）えみペ）うュ	
0x24CEF9	8	FD	1	みペＸえみェＺぐ	
0x24D079	8	F843	1	ぽペ）ピぞむ（し	
0x24DD58	8	FE	1	たァＲ逢Ｕとい	
0x24DDF6	8	FF	1	ペ）えみペ）ペゥ	
0x24E8F6	8	FF	1	ペ）くみペ）レく	
0x24E956	8	FF	1	ペ）くみペ）ツく	
0x24EB0E	8	FB	1	ペ）くみペ）廣	
0x24F0EE	8	FD	1	ペ）くみペ）ワか	
0x24FDA2	8	FC	1	ペ）かみペ）９う	
0x24FDCE	8	FF	1	ペ）えたペ）あか	
0x250406	8	FC	1	ペ）おたペ）ら＠	
0x250AEC	8	FF	1	椴を我ミペ）	
0x250AF5	8	FF	1	ァペ）いタペ）ゆ	
0x25181E	8	FF	1	ペ）くたペ）せヤ	
0x251886	8	FF	1	ペ）くたペ）莉	
0x2518DE	8	FF	1	ペ）くたペ）・モ	
0x2519CD	8	FC	1	みペ）マ賢元	
0x2519ED	8	FC	1	みペ）ヌ賢元	
0x251A29	8	FC	1	みペ）ク賢元	
0x2523B9	8	FF	1	ぜペぢっぜザでた	
0x252925	8	FF	1	みペうゥぁペ）い	
0x25295D	8	FF	1	みペ１ゥぁペ）い	
0x252AA0	8	FD	1	が？ていＭゆへい	
0x2535FE	8	FC	1	ペ）えたペ）湧	
0x253789	8	FC	1	くペ）ぜクペ）と	
0x25573C	8	FD	1	ガ？ていョ？てい	
0x256A1E	8	FF	1	ぁ）たァＲ苑ル	
0x256D82	8	FF	1	ペ）あみペ）ヌロ	
0x256FCE	8	FF	1	ペ）あみペ）」レ	
0x2571C2	8	FC	1	ペ）いぃペ）ウ５	
0x257936	8	FC	1	ゼ）えぞゾ・れ／	
0x25832C	8	FC	1	みむといく！てい	
0x2595A6	8	FF	1	ペ）えたペ）／ィ	
0x2595BE	8	FF	1	ペ）えたペ）お	
0x259C71	8	FC	1	えペ）Ｅたッ）ゲ	
0x25A432	8	FF	1	ペ）いぜペ）ぴＸ	
0x25A591	8	FF	1	むゾ・えたペ）こ	
0x25A5A6	8	FF	1	ペ）えたペ）／ヲ	
0x25A5BE	8	FF	1	ペ）えたペ）あ	
0x25ACDE	8	FF	1	ぁ）がァＲ嘉た	
0x25AF56	8	FF	1	ペ）おみペ）びぷ	
0x25AF66	8	FF	1	ペ）えみペ）づぷ	
0x25B1CA	8	FF	1	ペ）えたペ）ヒボ	
0x25B27A	8	FF	1	ペ）えたペ）ずボ	
0x25B32A	8	FF	1	ペ）えたペ）てボ	
0x25B79A	8	FC	1	ペ）きたペ）ずベ	
0x25B7A6	8	FF	1	ペ）きたペ）蹉	
0x25B8CA	8	FF	1	ペ）えたペ）９ブ	
0x25B99A	8	FC	1	ペ）えたペ）Ｔブ	
0x25B9A6	8	FF	1	ペ）えたペ）ヤブ	
0x25BA56	8	FF	1	ペ）えたペ）びブ	
0x25BAFE	8	FF	1	ペ）えたペ）ほブ	
0x25BBA6	8	FF	1	ペ）えたペ）踵	
0x25C316	8	FC	1	ペ）えたペ）ねバ	
0x25C48E	8	FF	1	ぁ）くァＲ鯵テ	
0x25C536	8	FF	1	ペ）あみペ）レナ	
0x25C922	8	FF	1	ペ）あみペ）ゾし	
0x25D679	8	F84F	1	ミペ）おぜペ）そ	
0x25DA9A	8	FF	1	ィ・がァＲ旭あ	
0x25EB22	8	FF	1	ぁ）フＷそいそら	
0x25F5F2	8	FF	1	ぁ）ボあい。よ	
0x2610D5	8	FF	1	せペ）みしィ）の	
0x26110D	8	FF	1	せペ）みしィ）は	
0x261145	8	FF	1	せペ）みしィ）ひ	
0x2618A5	8	FF	1	しペ）ペホＥ）こ	
0x264CDD	8	FC	1	た（てやたァない	
0x264E05	8	FC	1	み（てやみァなう	
0x26921A	8	FC	1	せ（ぢいペ）あみ	
0x269949	8	F82A	1	くペ）みびペ）ァ	
0x26A181	8	FC	1	ぃ（ていむゼ・い	
0x26AC8D	8	FF	1	みいめくＵゲめい	
0x26B451	8	FF	1	くペ）みくペ）な	
0x26C0DE	8	FC	1	ペ）あみペ）ベィ	
0x26C1A6	8	FC	1	ペ）あみペ）ノィ	
0x26C272	8	FC	1	ペ）あみペ）ゅィ	
0x26C3E9	8	F841	1	くペ）みョペ）き	
0x26C40D	8	F841	1	くペ）みョペ）あ	
0x26F375	8	FD	1	チョぬあチョぬい	
0x26FC2A	8	FD	1	ペ）きたペ）ロＪ	
0x26FE35	8	FD	1	Ｖド・いぅゥ（く	
0x27246D	8	FD	1	Ｆド・いぅゥ（く	
0x27250A	8	FF	1	ペ）けぃペ）ぢ９	
0x273F1D	8	F881	1	覆ズたァＲ哀	
0x274D9E	8	FC	1	ペ）あみペ）ヒセ	
0x275DE2	8	FF	1	ペ）えたペ）そう	
0x276086	8	FB	1	ペ）えたペ）ニい	
0x27634A	8	FB	1	ペ）えたペ）Ｊあ	
0x2763D9	8	FD	1	Ｅペ）けちゼ・さ	
0x2765DA	8	FB	1	ペ）きたペ）ちあ	
0x276A41	8	F843	1	ズペ）うミペ）い	
0x27729D	8	FC	1	ぽぱ（えぜゲ（お	
0x2786F8	8	FF	1	た律いバ紡い	
0x279876	8	FC	1	ペ）あみペ）Ｊぼ	
0x279A85	8	F88F	1	ミペ）あタペ）そ	
0x27C2FD	8	FF	1	覆ズくァＲ悪	
0x27D29D	8	FF	1	シさいたぜを丸	
0x27D8DA	8	FC	1	ペ）あみペ）ボげ	
0x27D9A6	8	FC	1	ペ）あみペ）ノげ	
0x27DA72	8	FC	1	ペ）あみペ）ゅげ	
0x27DDB5	8	FF	1	ァＲ隠ドくいた	
0x27EE4A	8	F874	1	ァ（くたィ（リケ	
0x27F12E	8	F883	1	ァ（くたィ（Ｔク	
0x27F482	8	FF	1	ァ（くたィ（仰	
0x27F5C6	8	FC	1	ァ（くたィ（ビキ	
0x2800B1	8	F84A	1	み。ないみゥてい	
0x2800DD	8	F84A	1	み「ないみゥてい	
0x2803D1	8	F84F	1	こペ）みこペ）Ｉ	
0x2803ED	8	F84F	1	こペ）みこペ）Ｋ	
0x280431	8	F84F	1	こペ）みこペ）Ｑ	
0x280449	8	F84F	1	こペ）みこペ）Ｓ	
0x2858A5	8	FB	1	くペ）ぜネＥ）ゆ	
0x2894EE	8	FF	1	ペ）えぃペ）ピ／	
0x289512	8	FF	1	ペ）えぃペ）ヅ／	
0x289556	8	FF	1	ペ）えぃペ）ォ／	
0x28957A	8	FF	1	ペ）えぃペ）ロ／	
0x289692	8	FF	1	ペ）えぃペ）ヤ（	
0x289716	8	FF	1	ペ）えぃペ）ビ・	
0x28973A	8	FF	1	ペ）えぃペ）ズ・	
0x28977E	8	FF	1	ペ）えぃペ）ヴ・	
0x2897A2	8	FF	1	ペ）えぃペ）ヨ・	
0x28A546	8	FF	1	ペ）おぃペ）ョ～	
0x28A56A	8	FF	1	ペ）おぃペ）ヴ～	
0x28A5A6	8	FF	1	ペ）おぃペ）ミ～	
0x28A5CA	8	FF	1	ペ）おぃペ）ヌ～	
0x28A6A2	8	FF	1	ペ）おぃペ）パ❤	
0x28A6F6	8	FF	1	ペ）おぃペ）ポ』	
0x28A71A	8	FF	1	ペ）おぃペ）バ』	
0x28A756	8	FF	1	ペ）おぃペ）ガ』	
0x28A77A	8	FF	1	ペ）おぃペ）ァ』	
0x290512	8	FC	1	ペてがァＲ育え	
0x290FD9	8	FB	1	ぃペ）だ声孤	
0x291835	8	FB	1	ぃペ）ろ咋孤	
0x295486	8	FC	1	ペ）かたペ）ーぉ	
0x295626	8	FF	1	ペ）えたペ）妨	
0x295A71	8	FF	1	たペうぱたァおじ	
0x295AB1	8	FF	1	たペうごたァおい	
0x295B71	8	FF	1	たペうぱたァお２	
0x29888A	8	FB	1	ペ）いぃペ）ズ＋	
0x298A2E	8	FB	1	ペ）いぃペ）ら＋	
0x29B8F6	8	FC	1	ペ）きたペ）Ｒい	
0x29BE72	8	FC	1	ペ）きたペ）セあ	
0x29C361	8	FC	1	はペ）むはペ）い	
0x29C3BD	8	FC	1	こペ）みこペ）し	
0x29D3C1	8	FC	1	こペ）みこペ）え	
0x29D4CA	8	FF	1	ペ）えたペ）ヴバ	
0x29D4F2	8	FA	1	ペ）えたペ）ユバ	
0x29E1B9	8	F88F	1	ぜペてかたペてす	
0x2A0E58	8	FF	1	あおかきくけこさ	
0x2A1192	8	F80C	1	えあうあいあああ	
0x2A1316	8	FF	1	あいうえおかきそ	
0x2A2484	8	FF	1	練習をします	연습한다
0x2A24A8	8	FF	1	貿易をします	무역한다
0x2A2570	8	FF	1	やり直しません	다시안함
0x2A28E0	8	F85A	1	柱上練習	기둥연습
0x2A28F8	8	F85A	1	十八銅人	십팔동인
0x2A2910	8	F85A	1	丸太ジャンプ	통나무
0x2A2940	8	F85A	1	地獄カラクリ	지옥장치
0x2A2970	8	F85A	1	トスバッティング	토스타격
0x2A2988	8	F85A	1	丸太ダッシュ	통나무
0x2A411C	8	F8A8	1	びぜネぽョぜＭぽ	
0x2A9EC0	8	FF	1	Ｒヴキラ迷ぴコ	
0x2AB208	8	FF	1	あびズけけきああ	
0x2AC1B9	8	FF	1	あョバけけくいい	
0x2AD245	8	F808	1	首位打者	수위타자
0x2AD4CB	8	F808	1	本塁打数	홈런수
0x2AD4FA	8	F808	1	二塁打数	２루타수
0x2AD557	8	F808	1	被安打数	피안타수
0x2AD5B3	8	F808	1	奪三振数	탈삼진수
0x2AD722	8	F808	1	奪三振王	탈삼진왕
0x22EED6	7	FD	1	ズおがァＲくえ	
0x22F2FE	7	FD	1	アああぜペうと	
0x22FF2A	7	FC	1	ヂなギみァつう	
0x22FFF6	7	FC	1	ペ）えたペ）せ	
0x230FAE	7	FF	1	ぽ）ァ。ゴいあ	
0x231226	7	FF	1	ペ）ヅぜ元	
0x23147A	7	FF	1	Ｊ挨ペペ）そ	
0x231832	7	FF	1	ぁ）ヌニニニ（	
0x231EFA	7	FD	1	ぽああぽペうれ	
0x231FD2	7	FD	1	ぽうあぽペうわ	
0x23209E	7	FD	1	ペ）おたペ）ぴ	
0x232362	7	FD	1	プ３うたぞ０ズ	
0x232516	7	FD	1	プ３うたぞ０ご	
0x232A36	7	FD	1	プ３うたぞ０ト	
0x2334B6	7	FD	1	ペ）んぜ康	
0x233923	7	FF	1	檎ァＲ穐あ	
0x233976	7	FF	1	ォなたァＲねみ	
0x233F5E	7	FD	1	ペ）え柵抗	
0x234AAE	7	FF	1	ペてたァＲねづ	
0x234FA6	7	FF	1	ペうミァＲくァ	
0x234FEE	7	FF	1	ペうミァＲくづ	
0x2352AE	7	FF	1	ぁ）たァＲ唖	
0x236212	7	F847	1	ァ…あぱァ…え	
0x23623B	7	F847	1	こえたペ）づが	
0x2363D2	7	FD	1	ぽ）あぜペうか	
0x2371B1	7	FF	1	めゼ・うぇョ（	
0x23778F	7	FF	1	窮吠いゼあ	
0x238B6E	7	F880	1	Ｒ央９といズ	
0x2390FA	7	FD	1	プなあぜペてか	
0x239766	7	FF	1	ぁ）けたペ）く	
0x239AC2	7	FD	1	ぽてあみペてゲ	
0x239C96	7	FF	1	ぽ）らぜペうと	
0x239CB2	7	FF	1	ぽ）もぜペうす	
0x239CC2	7	FF	1	ぽ）めぜペうけ	
0x239CD2	7	FF	1	ぽ）やぜペうお	
0x239CEE	7	FF	1	ぽ）ゆぜペうボ	
0x239D06	7	FF	1	ぽ）がァＲくバ	
0x23A0C2	7	FD	1	ゥ）たァＲ蚊	
0x23A13E	7	F843	1	ペ）かたペ）ァ	
0x23A196	7	FF	1	ペ）きたペ）ハ	
0x23A2A2	7	F800	1	ゥ０窄ガ３あ	
0x23A6EA	7	FF	1	プＪおふぞＧあ	
0x23A732	7	FF	1	イ）あみペ１な	
0x23BF2E	7	FC	1	ぽ）６たョなあ	
0x23D5C6	7	FD	1	Ｊ哀ミペ）そ	
0x23DFAA	7	F881	1	Ｒ育Ｂといぽ	
0x23E60A	7	FF	1	ぁ）バＢといた	
0x23EFD2	7	FF	1	といくぜを皆	
0x23F916	7	FE	1	ィなくァＲねＹ	
0x2403FE	7	FF	1	ペ）』媚険	
0x24060E	7	FF	1	ペ）ギ吏険	
0x2409AE	7	FF	1	プＪとみァＪり	
0x240A52	7	FF	1	プおォたゴいづ	
0x240A7E	7	FF	1	プ＋ねみァ＋ね	
0x240B12	7	FF	1	プおフたゴいネ	
0x240B62	7	FF	1	プＪとみァＪね	
0x241772	7	FD	1	シう廼Ｒねい	
0x24177F	7	FF	1	Ｏ廼Ｒ咽い	
0x24179E	7	FF	1	ペ）えたペ）つ	
0x2422DA	7	FD	1	ペ）きたペ）ら	
0x242309	7	FD	1	ぽペ）あぜペ）	
0x242366	7	FD	1	ペ）えたペ）え	
0x24243A	7	FD	1	ペ）えたペ）ろ	
0x242952	7	FD	1	ペ）えたペ）ガ	
0x242A4A	7	FD	1	ペ）えたペ）ぼ	
0x242B42	7	FD	1	ペ）えたペ）す	
0x242D1A	7	FD	1	ペ）えたペ）ド	
0x242D2A	7	FD	1	びだしパのいい	
0x24311A	7	F810	1	ペうがァＲくび	
0x243162	7	FC	1	ペ）えたペ）ッ	
0x243742	7	F800	1	プＪたぽズＪえ	
0x24375A	7	F800	1	プ３とぽズ３ボ	
0x2442F2	7	FF	1	ぁ）Ｋれほいか	
0x24430A	7	FF	1	ぁ）Ｌれほいか	
0x244322	7	FF	1	ぁ）Ｍれほいか	
0x24433A	7	FF	1	ぁ）Ｎれほいか	
0x2446A2	7	FF	1	ペてミァＲねえ	
0x244943	7	FF	1	甲ァＲ挨あ	
0x244BD9	7	FF	1	ぃッ（尅ダ）	
0x244D9E	7	FD	1	ペてえズェ（Ｇ	
0x244F42	7	FD	1	プおバにヂお❤	
0x244F6A	7	FD	1	イ）くたァＺフ	
0x246E5B	7	FF	1	諺ァＲ印Ｌ	
0x2472BE	7	FF	1	ぽてがァＲねえ	
0x2472CF	7	FF	1	檎ァＲ渥い	
0x247382	7	FF	1	ォおミァＲくし	
0x2473FF	7	FF	1	甲ァＲ嘩あ	
0x247B3E	7	FF	1	ペＸごきッＺお	
0x247CC3	7	FF	1	甲ァＲ稲い	
0x247F6F	7	FF	1	諺ァＲ渥い	
0x2481C2	7	FF	1	ペうたァＲくタ	
0x24820E	7	FF	1	ペうたァＲくづ	
0x248256	7	FF	1	ペてがァＲねト	
0x24831A	7	FF	1	ぽ）ヨぜペ「え	
0x24881F	7	F840	1	峨ぜペ）ダＹ	
0x248A05	7	FC	1	ァＲ迂ニニニ	
0x249197	7	FD	1	鷺ァＲ嘉た	
0x2496D6	7	F84F	1	カ）タうヂＪう	
0x2496F2	7	F84F	1	ぞＵタうォＺこ	
0x24AE15	7	FD	1	たペ）えみペ）	
0x24BD92	7	FD	1	ペうミァＲくえ	
0x24C161	7	F84F	1	たァおあＵペあ	
0x24C3A2	7	FD	1	ぽうのたペうと	
0x24C57A	7	FF	1	ぜつみけあなえ	
0x24C8CA	7	FD	1	ぽうＳタＶあな	
0x24CC4A	7	FD	1	ペてたぞォちァ	
0x24CCBA	7	FD	1	ペうがァＲくお	
0x24CE26	7	FD	1	ゥおたぃゥおあ	
0x24D6F6	7	F88F	1	ペ）あみペ）な	
0x24D7B9	7	FF	1	ぇゾ・えみペ）	
0x24F002	7	FD	1	Ｓ挨ぜペ）そ	
0x24F012	7	FD	1	ャ姶ちヂ・サ	
0x24F81E	7	FD	1	オ）あズャ（ぬ	
0x24F8CA	7	FC	1	オ）にみペＨご	
0x24F996	7	FC	1	エ）にみペＨご	
0x24FA5E	7	FC	1	カ）にみペＨご	
0x24FCD1	7	F821	1	ぽペ）あうゾ・	
0x24FE6E	7	FF	1	プＪたみズＪタ	
0x24FE76	7	FF	1	プ３しみズ３あ	
0x250096	7	FF	1	ペ）きみペ）く	
0x2502F6	7	FF	1	クちへぃゲつう	
0x2502FE	7	FF	1	クちほぃゲつう	
0x250342	7	F883	1	ぽうく。ゴつい	
0x250516	7	F830	1	ぽ）みたゾなう	
0x250526	7	F830	1	ぽちく。ゴいう	
0x250926	7	FF	1	クちくみパない	
0x250972	7	FF	1	ウ）あむビぬい	
0x250AFF	7	FF	1	険ぜペ）で○	
0x251592	7	FD	1	ペ）えたペ）た	
0x2524DA	7	FF	1	アあやたダおあ	
0x252B97	7	FF	1	鷺ジＲ渥い	
0x252D16	7	FC	1	カ）したパなあ	
0x252D1E	7	FC	1	カちたたパなあ	
0x252D26	7	FC	1	カちとたパなあ	
0x252EF6	7	FF	1	カ）わたパなあ	
0x252EFE	7	FF	1	カちぃたパなあ	
0x252F06	7	FF	1	カちったパなあ	
0x25348E	7	FD	1	ア）あぃペ、そ	
0x254872	7	FC	1	ウ）トぃィ＋を	
0x2548FE	7	FC	1	エ）ネぜゥ＋こ	
0x254D3F	7	FF	1	鷺ジＲ嘉た	
0x255686	7	FF	1	ペう脳Ｒく２	
0x255C52	7	FF	1	ペ）えたペ）ぞ	
0x256A27	7	FF	1	諺ァＲ韻リ	
0x25775F	7	FF	1	諺ァＲ穐あ	
0x25778F	7	FF	1	諺ァＲ鋭あ	
0x257916	7	FC	1	ペうがァＲくご	
0x25964E	7	FF	1	ぁ）えたペ）か	
0x25AF6F	7	FF	1	甲ァＲ偉あ	
0x25B729	7	FF	1	みゥたあぃェつ	
0x25C2FE	7	F810	1	ペうがァＲくね	
0x25C497	7	FF	1	弦ァＲ鴎チ	
0x25C8A2	7	FF	1	イ）とぬズなえ	
0x25C8CA	7	FF	1	ッおたぬァなけ	
0x25C8FE	7	FF	1	イ）ときズなあ	
0x25C906	7	FF	1	ぽちがァＲねあ	
0x25D3CB	7	FF	1	諺ァＲ噂あ	
0x25D47F	7	FF	1	諺ァＲ雲あ	
0x25DBFF	7	FF	1	諺ァＲ果う	
0x25DD8E	7	FF	1	ズおォさィおほ	
0x25DE52	7	FF	1	オ）モ蔦いい	
0x25DF05	7	F843	1	ズペ）いァペ）	
0x25E077	7	FF	1	甲ァＲ果う	
0x25EA1B	7	FF	1	諺ァＲ韻ル	
0x25EC0A	7	F80E	1	ゥ）うあゲ・し	
0x25EE6A	7	FC	1	あ（いあェ・し	
0x25F082	7	F822	1	イ）あぜォ０た	
0x25F32B	7	FF	1	甲ァＲ異い	
0x25F532	7	F80E	1	ィ・がァＲ異	
0x25F5B6	7	FF	1	ぁ）シぢといほ	
0x25F6E2	7	FF	1	ァ（ああェ・ほ	
0x25F706	7	FF	1	プおたみォなり	
0x25F816	7	FF	1	ペ）えたペ）け	
0x25FD9E	7	FF	1	オ）しぽペＦあ	
0x25FF8A	7	FF	1	エ）うぜペＦあ	
0x2604BE	7	FF	1	ゲ・せたゾ・と	
0x26087A	7	FF	1	アちるせアてし	
0x260896	7	FF	1	アち８そアてや	
0x2608CA	7	FF	1	ペうたァＲくあ	
0x260906	7	FF	1	ペてたァＲ唖	
0x2609CA	7	FF	1	ペてがァＲねあ	
0x260BE6	7	FF	1	ゥ・くァＲ亜	
0x260FED	7	FF	1	たゥ（せあェ（	
0x261DCF	7	FF	1	こたァＲ唄き	
0x261E63	7	FE	1	こたァＲ渦き	
0x261EEB	7	FE	1	こたァＲ謂く	
0x261F97	7	FE	1	こたァＲ斡け	
0x26201F	7	FE	1	こたァＲ蚊け	
0x2620A7	7	FE	1	こたァＲ穏こ	
0x26216F	7	FE	1	こたァＲ援さ	
0x262213	7	FE	1	こたァＲ嘘し	
0x2622B7	7	FF	1	こたァＲ育す	
0x262363	7	FD	1	こたァＲ価せ	
0x2632A2	7	FC	1	ズおじぃァいわ	
0x2639BF	7	FC	1	い修とい（た	
0x263F0A	7	FC	1	い（すミペうか	
0x2641D2	7	FF	1	カ）策プおね	
0x26471E	7	FC	1	オうこみペうゥ	
0x2651E2	7	FF	1	シ）Ｙあプおね	
0x265B46	7	FC	1	Ｌ哀タペ）そ	
0x265BBA	7	FC	1	Ｎ逢ミペ）そ	
0x266A7F	7	FC	1	こくァＲ杏い	
0x266B1F	7	FC	1	こたァＲ何え	
0x266B72	7	FC	1	エ）たァＲねづ	
0x266BE3	7	FF	1	こたァＲ憶え	
0x266CDB	7	FF	1	こたァＲ羽お	
0x266E0B	7	FF	1	こたァＲ禍お	
0x266F03	7	FF	1	こたァＲ瑛か	
0x266FFB	7	FF	1	こたァＲ飴き	
0x2670F3	7	FF	1	こくァＲ央き	
0x267601	7	FB	1	ァＲ珂○とい	
0x2680EA	7	FF	1	セ）タあプおふ	
0x268442	7	FF	1	セ）エあプおふ	
0x26A7FA	7	FC	1	ペェねァＲョり	
0x26AEA2	7	FC	1	ペも脳Ｒりお	
0x26B239	7	FC	1	たＵゃくたぞめ	
0x26B402	7	FC	1	プおトタプおト	
0x26B5CA	7	FF	1	ペうくァＲくう	
0x26B9CE	7	FF	1	ア）あみペ、く	
0x26E2BA	7	FD	1	ウ）くたペあき	
0x26E432	7	FD	1	ウ）えたペあけ	
0x26E5FA	7	FD	1	ッ哀タペ）そ	
0x26F48E	7	FF	1	ぽあリみザおか	
0x26F672	7	F84F	1	カあ（たプおや	
0x26F6DA	7	F84F	1	カあリたプおこ	
0x271686	7	FC	1	ペてや。ゴつＬ	
0x271AC6	7	FF	1	ョつくあャぬう	
0x271B1A	7	FF	1	イ）おアェきか	
0x271DF6	7	FF	1	Ｘおあたァいし	
0x272227	7	FF	1	弦ァＲ因・	
0x274442	7	FD	1	ぽてがァＲねあ	
0x27456B	7	FF	1	檎ァＲ栄・	
0x2767EE	7	FB	1	ペ）きたペ）ゲ	
0x276A06	7	FB	1	ペ）きたペ）か	
0x2778AF	7	FF	1	険ぜペ）ソ『	
0x27797B	7	FF	1	険ぜペ）わ『	
0x277BD7	7	FF	1	険ぜペ）ヅ！	
0x277CA3	7	FF	1	険ぜペ）ツ！	
0x277D36	7	FC	1	イ）シみゼおぽ	
0x27809B	7	FF	1	険ぜペ）ト？	
0x2780EF	7	FF	1	険ぜペ）ぺ？	
0x27B26A	7	FE	1	え（尅ゾ）あ	
0x27B276	7	FE	1	ィ）がァＲ育	
0x27B636	7	FD	1	ゴつかあズぬえ	
0x27B8BE	7	F84F	1	Ｊ哀タペ）そ	
0x27B9B2	7	FD	1	ケちヂぬＷ（た	
0x27C416	7	F8FF	1	ィなくァＲねう	
0x27C486	7	F8FF	1	ィなくァＲねあ	
0x27C4F6	7	F8FF	1	ィなくァＲねえ	
0x27C566	7	F8FF	1	ィなくァＲねい	
0x27C5D6	7	F8FF	1	ィなくァＲねお	
0x27C7DE	7	FF	1	ペう年Ｒくあ	
0x27C88D	7	FF	1	たィたぢと、な	
0x27C8C3	7	FF	1	ぐ念Ｒ育え	
0x27CDFA	7	FF	1	ぽてくァＲくふ	
0x27DDD1	7	FF	1	ロといかロとい	
0x27EEBB	7	FB	1	鷺ェＲ仮ま	
0x27F737	7	FF	1	弦ァＲ梓Ｇ	
0x2823D2	7	F859	1	あ幻ちャ（Ｇ	
0x284273	7	FF	1	弦ァＲ医プ	
0x28491F	7	FF	1	弦ァＲ閲パ	
0x2849A5	7	FC	1	ァＲ詠しい	
0x285852	7	FF	1	バ亥ネペ）う	
0x28589A	7	FB	1	ペ）撚Ｒ挨	
0x2858B9	7	FB	1	たペ）えぃペ）	
0x2860A3	7	FF	1	弦ァＲ央ド	
0x2862E6	7	FF	1	ペ）Ｄ投原	
0x2866AE	7	FF	1	ペ）ガちガ（あ	
0x2872FB	7	FF	1	弦ァＲ庵ダ	
0x287BB1	7	FB	1	たペ）おぃペ）	
0x287EAA	7	FF	1	Ｌ挨ぽペ）そ	
0x2882B2	7	FF	1	ャ哀ミペ）そ	
0x288DC3	7	FF	1	弦ァＲ嘘ゲ	
0x28B69F	7	FF	1	弦ァＲ畏ゥ	
0x28CE57	7	FF	1	弦ァＲ一ワ	
0x28CFE3	7	FC	1	弦ァＲ旭し	
0x28D023	7	FB	1	弦ァＲ遺し	
0x28D7C2	7	FF	1	ア）くたパない	
0x28E807	7	FB	1	屑しいびえ	
0x28F982	7	FC	1	ィ）くァＲ育	
0x290706	7	FF	1	ペちミァＲ阿	
0x2917C7	7	FF	1	弦ァＲ稼ノ	
0x292137	7	FF	1	弦ァＲ疫ヌ	
0x292AEF	7	FF	1	弦ァＲ迂ん	
0x292B16	7	FF	1	ぁ）くァＲ旭	
0x292BC3	7	FF	1	弦ァＲ箇ト	
0x293E6E	7	FF	1	プお將ズおエ	
0x293E76	7	FF	1	プな（あズなほ	
0x293EAA	7	FF	1	プヅ策ズヅね	
0x293EB2	7	FF	1	プッ東ズッほ	
0x29418B	7	FF	1	諺ァＲ韻Ａ	
0x29488B	7	FF	1	弦ァＲ蚊レ	
0x29495E	7	FC	1	オうあぜペうあ	
0x29519A	7	FF	1	ペぢたァＲびえ	
0x295425	7	FC	1	ぺさい（つさい	
0x295B8E	7	FF	1	アてづたズなあ	
0x295B96	7	FF	1	アてびたズなあ	
0x295BC6	7	FF	1	アてづたズない	
0x295BCE	7	FF	1	アてびたズない	
0x295C26	7	FF	1	さいズしいび	
0x295D62	7	FF	1	さいくぜを穫	
0x295D82	7	FF	1	ぽうくァＲねわ	
0x295E8B	7	FB	1	険ぽペ）堕	
0x296223	7	FB	1	険ぜペ）くＴ	
0x296262	7	FC	1	ペＨがァＲ亜	
0x29632A	7	FC	1	ペＨがァＲ唖	
0x29662F	7	FF	1	弦ァＲ焔っ	
0x29778A	7	FF	1	エ）えみ「ない	
0x2977D2	7	FF	1	エ）きみ「ない	
0x298589	7	FF	1	ペペ）うミペ）	
0x298D97	7	FF	1	弦ァＲ液ヴ	
0x299645	7	FF	1	シさいペにさい	
0x299D8B	7	FF	1	弦ァＲ荏び	
0x29C255	7	FC	1	さペ）みさペ）	
0x29C44E	7	FC	1	ペうがァＲ嘘	
0x29C482	7	FC	1	ペうがァＲ維	
0x29CC67	7	FD	1	弦ァＲ岡ご	
0x29D059	7	F88F	1	ズペ）いミペ）	
0x29D0DF	7	FC	1	こかあバ・なダ	
0x29D0F7	7	FB	1	厳あョ・ウ１	
0x29DD6A	7	FD	1	Ｓ悪ぽペ）そ	
0x29F7A6	7	FC	1	コ）あぽペうて	
0x29F7EE	7	FC	1	コてあぽペうあ	
0x29FC63	7	FF	1	Ｏかたペ）ビザ	
0x2A0754	7	FF	1	あこはじいあト	
0x2A075C	7	FF	1	あくねごうあほ	
0x2A2470	7	FF	1	バンザイします	만세
0x2A25C2	7	FF	1	終了します	종료
0x2A2820	7	F85A	1	ビデオチェック	비디오
0x2A2834	7	F85A	1	桶ランニング	통러닝
0x2A2848	7	F85A	1	マシン打撃	머신
0x2A2884	7	F85A	1	逆さ腹筋	역복근
0x2A2B38	7	F85A	1	体の病気	몸의 병
0x2A2B50	7	F85A	1	心の病気	마음병
0x2A8B20	7	FF	1	いねクううあえ	
0x2A8B44	7	FF	1	ねクいいあえい	
0x2A93E1	7	FF	1	ヴＮヴウヴくハ	
0x2A9901	7	FF	1	ヴブヴとヴマニ	
0x2A9917	7	FF	1	スみンＵユァヘ	
0x2A9943	7	FF	1	ムＵタァぱタヲ	
0x2AA101	7	FF	1	ヴコヒＪカただ	
0x2AC52D	7	F800	1	あさいごゆかい	
0x2ACD4D	7	F80A	1	万円です。	만 엔입니다。
0x2AD2C4	7	F808	1	ホームラン王	홈런왕
0x2AD826	7	F808	1	最多セーブ	최다ＳＶ
0x2ADD7F	7	FF	1	Ｕペえけすこあ	
0x22DEEF	6	FD	1	勤Ｌい険	
0x22E397	6	FD	1	元Ｇい檎	
0x22E3AB	6	FA	1	鏡Ｇい険	
0x22E46B	6	FD	1	去Ｇい険	
0x22E5FA	6	FF	1	ぽ）あたペ１	
0x22E6C7	6	FD	1	隅Ｆい険	
0x22ECCB	6	FF	1	険みペ）わ	
0x22F45C	6	FD	1	クチこいキい	
0x23021A	6	FC	1	ウ）えぜペう	
0x230EA2	6	FF	1	エうあたペて	
0x230ED8	6	FD	1	びぽこいダあ	
0x2317C8	6	F88E	1	Ａビのいｲ	
0x23310F	6	FF	1	吸ァＲ依	
0x233343	6	FF	1	こたァＲ葵	
0x2334A3	6	FD	1	糾ぜ元	
0x2336D7	6	FF	1	径ぜ康	
0x233D9A	6	FD	1	ペ）あぃペ）	
0x233F73	6	FD	1	虚柵顕	
0x233FBF	6	FF	1	険みペ）お	
0x23417B	6	FF	1	菌ァＲ奄	
0x234213	6	FF	1	菌ァＲ韻	
0x2348A7	6	FD	1	救ビい険	
0x234974	6	FF	1	ペぃふいめあ	
0x234F0F	6	FF	1	険たＥ）う	
0x234F3C	6	FF	1	Ｅぃふいさあ	
0x234F7A	6	FF	1	カてォたプお	
0x23501F	6	F840	1	峨ミペ）ト	
0x2352DB	6	FF	1	険Ｕペ）て	
0x235CAB	6	F840	1	県ァＲ唖	
0x23622A	6	F847	1	ァ…あぱァ…	
0x236243	6	F847	1	険ペペ）お	
0x236253	6	F847	1	険ズペ）お	
0x236263	6	F847	1	険ァペ）お	
0x236273	6	F847	1	険ミペ）お	
0x236283	6	F847	1	険タペ）び	
0x2376C7	6	FF	1	険ァョ）か	
0x2391FF	6	FC	1	いがぜを葛	
0x23970F	6	FF	1	険ぽペ）く	
0x23972F	6	FF	1	険タペ）く	
0x23973F	6	FF	1	険ズペ）く	
0x239773	6	FF	1	厳たペ）く	
0x239C37	6	FF	1	険ぜペ）い	
0x239C77	6	FF	1	険ぜペ）う	
0x23A1AF	6	FF	1	険タペ）こ	
0x23A87A	6	FF	1	イ）たァＲね	
0x23ACDA	6	F88F	1	ぞＷエあォＺ	
0x23D603	6	FF	1	固くた）か	
0x23D71C	6	FC	1	秋ていすあ	
0x23DBC6	6	FF	1	ぁ）びＢとい	
0x23E07A	6	FD	1	グ悪Ｅペ）	
0x23E20A	6	FD	1	ペう脳Ｒく	
0x23E626	6	FF	1	ぁ）バＢとい	
0x23F23E	6	FF	1	ぁ）みＴすい	
0x23F526	6	FF	1	ぁ）がＣとい	
0x23F546	6	F841	1	ィなし。ゴつ	
0x23F8D0	6	F881	1	ァＣといカい	
0x240063	6	FD	1	仰ウい鉱	
0x2400C7	6	FF	1	況イい険	
0x240BE7	6	FF	1	吸ァＲ椅	
0x241522	6	FD	1	ぽ１あみペ１	
0x241CB7	6	FD	1	甲ァＲ亜	
0x242647	6	FF	1	諺ァＲ課	
0x24283E	6	FE	1	みぞヂボのい	
0x2428F3	6	FD	1	険タペ）い	
0x2434DE	6	FC	1	ア１あぃペ１	
0x243782	6	F800	1	カ）あぃペて	
0x243FB6	6	FD	1	ペう念Ｒく	
0x24485F	6	FF	1	険ぜペ）ト	
0x244DE6	6	F801	1	プおあミペう	
0x24502C	6	FD	1	びぽこいそら	
0x2454D2	6	FF	1	ペＨボかュＪ	
0x2466C7	6	FD	1	係コい険	
0x246A8F	6	FF	1	光ぽい檎	
0x246AA3	6	FF	1	靴ぽい険	
0x246B0B	6	FD	1	区ぽい険	
0x246B97	6	FF	1	凝ぽい険	
0x246C34	6	FD	1	２」ていゆあ	
0x246DD7	6	FD	1	吸ァＲ宛	
0x2472DC	6	FF	1	クチこいほい	
0x24731B	6	FF	1	険タペ）え	
0x247347	6	FF	1	Ｏてあた）お	
0x24734F	6	FF	1	はてむァ）え	
0x247ADF	6	FF	1	菌ァＲ伊	
0x247CD8	6	FF	1	ミコふいい	
0x247CE2	6	FF	1	さいＱにへい	
0x247E16	6	FF	1	ぽ）しみペ「	
0x24979F	6	FD	1	８せぅズ・こ	
0x2498F6	6	FC	1	カ）あたペて	
0x249EFC	6	FD	1	とＦといこい	
0x24A3A6	6	FF	1	イちあたペう	
0x24A6F3	6	FD	1	８ザあィ（え	
0x24AD42	6	F9	1	ぽああたペて	
0x24B022	6	FF	1	い（いタゼ・	
0x24B142	6	F800	1	カＶあたペ「	
0x24B68E	6	F880	1	ペぞＱ＋てい	
0x24B87F	6	FF	1	険みペ）こ	
0x24B8AC	6	FC	1	とＦといけい	
0x24C91A	6	F88F	1	Ｒ乙なとい	
0x24CB9A	6	F88F	1	Ｒ逢Ｕとい	
0x24D76B	6	FC	1	』けちヅ・え	
0x24D79F	6	FF	1	険ぜペ）た	
0x24FBAE	6	FD	1	ぽ）あぜペて	
0x24FDD7	6	FF	1	険みペ）！	
0x25011B	6	FF	1	険ぽペ）え	
0x250708	6	F9	1	わベのいンい	
0x25090A	6	FF	1	クちるせクて	
0x2530B0	6	FD	1	ズブのいせい	
0x253184	6	FD	1	ズブのいぐい	
0x253190	6	FF	1	沿のいイい	
0x253E4A	6	F840	1	ゥなね。ゴつ	
0x253FF8	6	F880	1	タチこい／い	
0x254004	6	F880	1	ヌニニニオい	
0x254BF2	6	FF	1	ク）あズペポ	
0x254DB6	6	F84F	1	コ）あミペ１	
0x254E42	6	FC	1	シ）あズペ１	
0x2550FE	6	FF	1	アうあペペて	
0x2553C2	6	FF	1	プ３えむズ５	
0x2556B7	6	FF	1	』しズペ）と	
0x255A9B	6	FF	1	険ぽペ）。	
0x2563EB	6	FC	1	彊つい険	
0x256703	6	FF	1	玖ちい険	
0x25698F	6	FF	1	吸ァＲ扱	
0x256A9F	6	FF	1	諺ァＲ胤	
0x257457	6	FF	1	競ァＲ芦	
0x257473	6	FF	1	競ァＲ飴	
0x25797A	6	FF	1	ぁ）ズぷうい	
0x258AC2	6	FC	1	ペうたァＲく	
0x258FB3	6	F824	1	いぷをさいと	
0x2595D7	6	FF	1	元たペ）か	
0x2595EF	6	FF	1	険ァペ）か	
0x2595FF	6	FF	1	険ミペ）か	
0x25C88E	6	FF	1	ア）がァＲく	
0x25C8AA	6	FF	1	アちがァＲく	
0x25D2FB	6	FF	1	弦ァＲ茜	
0x25F18E	6	FF	1	シ）あぃェ（	
0x25F23B	6	FF	1	甲ァＲ娃	
0x25F2B7	6	FF	1	甲ァＲ或	
0x25F303	6	FF	1	甲ァＲ哀	
0x25FBBE	6	FF	1	シてあたペて	
0x25FC96	6	FF	1	セてあたペて	
0x2602DA	6	FF	1	ウてあたペて	
0x26058E	6	F800	1	シてミァＲね	
0x2609C2	6	FF	1	ぽうく。ゴつ	
0x2618AF	6	FF	1	こッぅベ・け	
0x261DFB	6	FF	1	はえたペ）い	
0x2622E3	6	FF	1	はえたペ）こ	
0x2622EF	6	FE	1	諺ァＲ育	
0x26230F	6	FF	1	諺ァＲ逢	
0x2623BB	6	FD	1	はえたペ）け	
0x262A3A	6	FC	1	エうあたペう	
0x263982	6	FC	1	お（あぃペう	
0x263F62	6	FC	1	セうあみペう	
0x265712	6	FC	1	ウうあぽペう	
0x266347	6	FE	1	弦ァＲ旺	
0x268F12	6	FC	1	ぽうあみペう	
0x2696AB	6	F88F	1	こャプあ元	
0x26A82E	6	FF	1	ペもねァＲり	
0x26B40A	6	FC	1	プなトタプな	
0x26BE7E	6	FA	1	ウ）あたペて	
0x26C756	6	FD	1	キ）え。ゴい	
0x26C8B2	6	F881	1	ぽてえ。ゴつ	
0x26F485	6	FF	1	ぃ「おダけこ	
0x26F803	6	FD	1	はいぃペ）あ	
0x26FB83	6	FD	1	はあ剖懇	
0x2712B6	6	F887	1	Ｒ嘘ドくい	
0x274227	6	FF	1	諺ァＲ穎	
0x2743A3	6	FF	1	檎ァＲ哀	
0x2743C3	6	FF	1	檎ァＲ阿	
0x278EC7	6	FF	1	諺ァＲ引	
0x278EF7	6	FF	1	諺ァＲ価	
0x278FCF	6	FF	1	諺ァＲ阿	
0x279A32	6	FA	1	ペ）かたペ）	
0x27A0E2	6	FD	1	ち）あァペて	
0x27BAA7	6	FF	1	鷺ァＲ哀	
0x27BAF2	6	FF	1	ち）かミペち	
0x27BC13	6	FF	1	ＯたァＲ唖	
0x27BC8F	6	FF	1	ＯたァＲ挨	
0x27C3A6	6	F8FF	1	ィなくァＲね	
0x27C667	6	FF	1	弦ァＲ謁	
0x27DC67	6	FB	1	橘みペ）あ	
0x27EAFB	6	FF	1	鷺ェＲ姶	
0x27EB07	6	FF	1	鷺ェＲ亜	
0x27EB1F	6	FF	1	鷺ェＲ鯵	
0x27F314	6	F883	1	タチこいねけ	
0x27F357	6	FC	1	鯨 険	
0x280186	6	F84F	1	ペ）かみペ）	
0x2812DB	6	FB	1	こえみズ・ふ	
0x281303	6	FB	1	杵みズ・ふ	
0x281606	6	F8DF	1	ていが・てい	
0x281EF6	6	F84F	1	ゲ（あはペ）	
0x282487	6	FF	1	８ァいタ（く	
0x282583	6	FF	1	れこみ『・あ	
0x283C53	6	F8FF	1	撃 古	
0x2841A0	6	FC	1	ぜじさいオい	
0x284927	6	FF	1	弦ァＲ亜	
0x28559F	6	FC	1	（あたゥ（べ	
0x2857EC	6	FF	1	ヌニニニびえ	
0x285B86	6	FF	1	ペて脳Ｒね	
0x285BF2	6	FE	1	ィ（いたェ（	
0x285CDA	6	FF	1	コちあぃペう	
0x285E33	6	FF	1	ギッたッ（ふ	
0x286617	6	FF	1	はッミッ（き	
0x286BBA	6	FF	1	だ（うぐペ）	
0x287427	6	FB	1	劫 弧	
0x289D3E	6	FF	1	ぽ）タ。ゴい	
0x28A2FA	6	FF	1	タ）ビあえ（	
0x28C872	6	F88F	1	ゥなくァＲね	
0x28CFA4	6	FE	1	くァＲ横さ	
0x28ECE6	6	FB	1	ペ）あみペ）	
0x28FF1A	6	FE	1	ゥなミァＲね	
0x290117	6	FF	1	諺ァＲ握	
0x29027B	6	FF	1	諺ァＲ委	
0x2902A7	6	FF	1	江ぜ険	
0x2902E3	6	FF	1	弦ァＲ穎	
0x292A13	6	FF	1	脚ァＲ慰	
0x292A43	6	FF	1	脚ァＲ云	
0x292B33	6	FF	1	弦ァＲ旭	
0x292B43	6	FF	1	弦ァＲ伽	
0x292B97	6	FF	1	弦ァＲ姶	
0x29383B	6	FF	1	甲ァＲ雨	
0x293F1F	6	FF	1	吸ァＲ駅	
0x29417B	6	FF	1	諺ァＲ挨	
0x2941AB	6	FF	1	諺ァＲ渥	
0x29583E	6	F830	1	さいズしい	
0x295FB1	6	FC	1	たペてヅえあ	
0x29606B	6	F880	1	険ぜペ）る	
0x2960FB	6	FB	1	険タペ）ミ	
0x29646F	6	FB	1	険ぜペ）ね	
0x296613	6	FC	1	こくァＲ哀	
0x29747B	6	FF	1	甲ァＲ暗	
0x298564	6	FF	1	ぜをさいびえ	
0x298FF3	6	FC	1	８かたョ（ね	
0x299C9F	6	FF	1	濠柵誤	
0x299D4B	6	FF	1	弦ァＲ握	
0x299D5B	6	FF	1	弦ァＲ壱	
0x29A0D3	6	FB	1	元たペ）さ	
0x29A13B	6	FB	1	濠さい（い	
0x29C836	6	FF	1	ウ）あたェい	
0x29D127	6	FC	1	（かあュ・く	
0x29D13B	6	FC	1	（かあュ・う	
0x29D4E2	6	FB	1	ペ）さたペ）	
0x29E122	6	FC	1	ペ）おたペ）	
0x29E803	6	FC	1	脚ァＲ案	
0x29E813	6	FF	1	弦ァＲ引	
0x29E89F	6	FD	1	弦ァＲ維	
0x29ECB3	6	FF	1	険タペ）ク	
0x29EDBF	6	FA	1	険たペ）う	
0x29FCE3	6	FB	1	荒ぃペ）ァ	
0x2A06AD	6	FF	1	うてょああと	
0x2A06BD	6	FF	1	いつゅあいこ	
0x2A0885	6	FF	1	たちつてたつ	
0x2A14A4	6	FF	1	ねボワＥああ	
0x2A1537	6	F837	1	いＱがたいこ	
0x2A1D12	6	FF	1	おかきくあお	
0x2A1D19	6	FF	1	けこさいかけ	
0x2A1D20	6	FF	1	しすうきこし	
0x2A1D27	6	FF	1	せえくさすせ	
0x2A2468	6	FF	1	うろつきます	배회
0x2A2562	6	FF	1	終わります	종료
0x2A2582	6	FF	1	短くします	단축
0x2A27D0	6	F85A	1	回転棒	회전봉
0x2A27E4	6	F85A	1	投げ込み	투구
0x2A28B0	6	F85A	1	河川敷	강변
0x2A2A48	6	F85A	1	喫茶店	찻집
0x2A4110	6	FC	1	くくネ６バく	
0x2A4422	6	F8CD	1	せい當せい	
0x2A56E6	6	FF	1	しい。ぇそい	
0x2A59F4	6	FC	1	タぃＭＭぜョ	
0x2A59FC	6	FC	1	ミぽみタたび	
0x2A87F4	6	F8B8	1	たりぃづああ	
0x2A8930	6	F8A8	1	たりあおしか	
0x2A893E	6	F8A8	1	タりうあせく	
0x2A8945	6	F8A8	1	ョりえいそけ	
0x2A894C	6	F8A8	1	Ｅりおうたこ	
0x2A898B	6	F8A8	1	がリせしきあ	
0x2A8992	6	F8A8	1	タリそすくい	
0x2A8999	6	F8A8	1	ョリたせけう	
0x2A89A0	6	F8A8	1	Ｅリちそこえ	
0x2A89A7	6	F8A8	1	！リしたさつ	
0x2A8CA4	6	FF	1	がたあろやか	
0x2A8CB2	6	FF	1	リたうあよく	
0x2A8CB9	6	FF	1	バたえいらけ	
0x2A8CC0	6	FF	1	Ｍたおうりこ	
0x2A8CC7	6	FF	1	！たれえるさ	
0x2A8EC7	6	FF	1	タりうあてく	
0x2A8ECE	6	FF	1	ョりえいてけ	
0x2A8ED5	6	FF	1	Ｅりおうとこ	
0x2A8F0D	6	FF	1	たリすちかつ	
0x2A8F14	6	FF	1	がリせしきつ	
0x2A8F1B	6	FF	1	タリそすくて	
0x2A8F22	6	FF	1	ョリたせけて	
0x2A8F29	6	FF	1	Ｅリちそこと	
0x2A8F30	6	FF	1	！リしたさと	
0x2AA9C0	6	FF	1	ねねあめふき	
0x2AA9CE	6	FF	1	クねうあほけ	
0x2AA9D5	6	FF	1	リねえいまこ	
0x2AA9DC	6	FF	1	バねおうみさ	
0x2AA9E3	6	FF	1	Ｍねかえむし	
0x2AA9EA	6	FF	1	！ねきおめす	
0x2AA9F8	6	FF	1	ががけきあそ	
0x2AA9FF	6	FF	1	クがこくいた	
0x2AAA06	6	FF	1	リがさけうち	
0x2AAA0D	6	FF	1	バがしこえつ	
0x2AAA14	6	FF	1	Ｍがすさおて	
0x2AAA1B	6	FF	1	！がせしかと	
0x2AAA22	6	FF	1	ねクそすきな	
0x2AAA29	6	FF	1	がクたせくに	
0x2AAA30	6	FF	1	ククちそけぬ	
0x2AAA37	6	FF	1	リクつたこね	
0x2AAA3E	6	FF	1	バクてちさの	
0x2AAA45	6	FF	1	Ｍクとつしは	
0x2AAA4C	6	FF	1	！クなてすひ	
0x2AAA53	6	FF	1	ねリにとせふ	
0x2AAA5A	6	FF	1	がリぬなそへ	
0x2AAA61	6	FF	1	クリねにたほ	
0x2AAA68	6	FF	1	リリのぬちま	
0x2AAA6F	6	FF	1	バリはねつみ	
0x2AAA76	6	FF	1	Ｍリひのてむ	
0x2AAA7D	6	FF	1	！リふはとめ	
0x2AAA8B	6	FF	1	がバほふにあ	
0x2AAA92	6	FF	1	クバまへぬい	
0x2AAA99	6	FF	1	リバみほねう	
0x2AAAA0	6	FF	1	ババむまのえ	
0x2AAAA7	6	FF	1	Ｍバめみはお	
0x2AB0EA	6	FF	1	ズぃいあいく	
0x2AB1A5	6	FF	1	けあびミくか	
0x2AB1AC	6	FF	1	こあズミくき	
0x2AB1DF	6	FF	1	びびおうあき	
0x2AB1E6	6	FF	1	ズびうえいく	
0x2AB835	6	FF	1	ああたぜああ	
0x2ABC0E	6	FF	1	くタきいあう	
0x2ABC15	6	FF	1	くァくういえ	
0x2ABC2A	6	FF	1	ョぜかあおき	
0x2ABC31	6	FF	1	ョタきいかく	
0x2AC174	6	FF	1	くりあいけう	
0x2AC190	6	FF	1	びぽおうあき	
0x2AC197	6	FF	1	ョぽうえいく	
0x2AC3FE	6	F800	1	さいねゲとい	
0x2ACA04	6	F808	1	一億円	１억엔
0x2ACA5A	6	F809	1	があります。	있다。
0x2ACB66	6	FA	1	でやんすね？	입죠？
0x2ACD06	6	F830	1	未達成	미달성
0x2ACDBA	6	F8F8	1	もうやめたい	관둘래
0x2ACEE4	6	F86A	1	個以上	개 이상
0x2ACF16	6	F86A	1	個以下	개 이하
0x2ACF2C	6	F86A	1	回以下	회 이하
0x2ACF6D	6	F86A	1	勝以上	승 이상
0x2ACFEC	6	F86A	1	回以上	회 이상
0x2AD002	6	F86A	1	点以上	점 이상
0x2AD159	6	F808	1	投球回	투구회
0x2AD1A7	6	F808	1	自責点	자책점
0x2AD341	6	F808	1	打点王	타점왕
0x2AD3A7	6	F808	1	三冠王	３관왕
0x2AD422	6	F808	1	盗塁王	도루왕
0x2AD473	6	F808	1	安打数	안타수
0x2ADCD0	6	FF	1	タミくさあう	
0x2ADCD7	6	FF	1	タァけしいえ	
0x2ADCDE	6	FF	1	タズししうお	
0x2ADCF3	6	FF	1	ズタさあかく	
0x2ADCFA	6	FF	1	ズミさいきけ	
0x2ADD01	6	FF	1	ズァしうくか	
0x2ADD0F	6	FF	1	Ｕタあきこし	
0x2ADD2B	6	FF	1	タァきしあう	
0x2ADD32	6	FF	1	タズくすいえ	
0x2ADD47	6	FF	1	ズミさあおき	
0x2ADD4E	6	FF	1	ズァしいかく	
0x2ADD55	6	FF	1	ズズすうきけ	
0x2ADD5C	6	FF	1	ズペせえくお	
0x2ADD6A	6	FF	1	Ｕミあかこし	
0x2ADD71	6	FF	1	Ｕァいきさす	
0x2ADD78	6	FF	1	Ｕズうくしせ	
0x2ADE4E	6	FF	1	ズみあいいい	
0x2ADE55	6	FF	1	Ｕぽうえうう	
0x2ADE5C	6	FF	1	６ぽうおええ	
0x2ADE63	6	FF	1	ズぽえおおお	
0x22E031	5	FF	1	覆ズ？あ	
0x22E5F1	5	FF	1	ぜペぢれＹ	
0x22F951	5	FD	1	みペ）ザメ	
0x22F985	5	FD	1	みペ）ィメ	
0x22F9D1	5	FD	1	みペ）ホメ	
0x22F9F1	5	FD	1	みペ）ニメ	
0x22FA1D	5	FD	1	ぃペ）Ｆメ	
0x22FE99	5	FD	1	みペ）をメ	
0x2300FD	5	FC	1	ぃペ）ヤラ	
0x230139	5	FD	1	ぃペ）がＩ	
0x2302BD	5	FD	1	ぃペ）えラ	
0x2305A9	5	FD	1	ぃペ）ぶヨ	
0x230765	5	FC	1	ぃペ）』ユ	
0x230855	5	FD	1	ぃペ）ピユ	
0x230975	5	FD	1	ぃペ）カユ	
0x230ED1	5	FD	1	ァＲ怨あ	
0x233D45	5	FD	1	たペ）たト	
0x234034	5	FE	1	っブのいＹ	
0x234C99	5	FF	1	ぽペ）鳩	
0x235EAB	5	FF	1	（ゼぇも（	
0x2361D7	5	FD	1	えボかさい	
0x2376D7	5	FF	1	険ァョ）	
0x238ACF	5	FF	1	（あタャ（	
0x2391E0	5	FD	1	タチこい６	
0x23945F	5	FF	1	元みペ）	
0x23974F	5	FF	1	厳たペ）	
0x239ACD	5	FD	1	みペうゾぴ	
0x23D3D4	5	FC	1	くぜを皆	
0x23D724	5	FC	1	ヌニニニご	
0x23D970	5	FC	1	ぽチこいり	
0x23D9E5	5	FD	1	ぃペ）ぐぞ	
0x23DC7D	5	FD	1	ぃペ）のぐ	
0x23DCE1	5	FD	1	みペ）ネが	
0x23E230	5	FE	1	ぜをさいァ	
0x23E810	5	F883	1	タチこいや	
0x24016D	5	FF	1	覆ズ２あ	
0x240F49	5	FF	1	ァペてづＫ	
0x243E31	5	FD	1	ァＲ挨あ	
0x244695	5	FE	1	ぜペ）ム６	
0x244761	5	F8FC	1	タペぉじ６	
0x244785	5	FF	1	タペうゃ６	
0x244954	5	FF	1	ァ」ていた	
0x244A3D	5	FD	1	ぃペ）７ほ	
0x245373	5	FF	1	』くぜォ（	
0x2458A9	5	FD	1	ぃペ）ガむ	
0x2458DD	5	FD	1	ぃペ）ワむ	
0x245901	5	FD	1	ぃペ）モむ	
0x2459BD	5	FD	1	ぃペ）づむ	
0x2480D9	5	FF	1	ぽペ）（ビ	
0x248249	5	FF	1	ぽペ）ォビ	
0x248329	5	FD	1	ァＲ渥い	
0x249477	5	F840	1	峨ぜペ）	
0x249589	5	F840	1	ぜペ）Ｉヂ	
0x249815	5	FF	1	ペペ）ちヂ	
0x2499C1	5	FD	1	みペ）メこ	
0x2499FD	5	FD	1	みペ）テこ	
0x249A69	5	FD	1	みペ）ぎさ	
0x249C25	5	FD	1	ぃペ）８た	
0x249CD1	5	FD	1	ぃペ）ヴた	
0x24A6DF	5	FD	1	こザあゼ・	
0x24AEB1	5	F84F	1	ペペ）ハザ	
0x24AEF7	5	FF	1	（かみペち	
0x24B201	5	FF	1	ぃペ）ぉさ	
0x24B439	5	FC	1	たペ）ひ／	
0x24B459	5	FC	1	たペ）て／	
0x24B919	5	FD	1	ぃペ）帽	
0x24B9D5	5	FF	1	ペペ）４い	
0x24BA09	5	FD	1	みペ）タい	
0x24BA29	5	FD	1	みペ）クい	
0x24BA59	5	FD	1	ぃペ）０い	
0x24BA69	5	FD	1	みペ）びい	
0x24C429	5	FD	1	たペ）リぺ	
0x24C719	5	FD	1	ぃペ）準	
0x24C7A9	5	FF	1	ぃペ）○お	
0x24C84D	5	FF	1	ぃペ）ペお	
0x24CA4F	5	FF	1	鯉アペ）	
0x24CB15	5	FF	1	ペペうアュ	
0x24D13F	5	F843	1	却ミペ）	
0x24D8EB	5	FC	1	（くたィ（	
0x24DD69	5	F843	1	タペ）Ｑゥ	
0x24DE2D	5	F84F	1	ペペ）グゥ	
0x25045D	5	FC	1	たペ）つ＠	
0x250B98	5	FC	1	くぜを廓	
0x250C51	5	FC	1	ダのいＺい	
0x250C5F	5	F840	1	我タペ）	
0x251827	5	FF	1	玄たペ）	
0x252A57	5	FC	1	杵みペ）	
0x252A85	5	FC	1	たペ））ゃ	
0x253297	5	F88F	1	』けぜペ）	
0x254071	5	FC	1	ァＲ娃う	
0x255A95	5	F84F	1	ペペ）ムテ	
0x255ABF	5	FF	1	』くぜペ）	
0x255C35	5	FD	1	ぽペ）けテ	
0x257779	5	FF	1	ぜペ）がシ	
0x2583CD	5	FC	1	ぃペ）で。	
0x2583DD	5	FC	1	みペ）債	
0x258409	5	FC	1	ぃペ）ゅ。	
0x258449	5	FC	1	ぃペ）よ。	
0x258CB5	5	FC	1	○とい（た	
0x258E91	5	FE	1	ぃペ）そ」	
0x25A2F5	5	FF	1	ぜペ）ケア	
0x25ACF9	5	F843	1	ぽペ）！ぷ	
0x25D18D	5	FC	1	ぜペ）ちデ	
0x25DF9F	5	F883	1	はせむァ（	
0x25E084	5	FE	1	しブのいＹ	
0x26211C	5	FE	1	たァＲ愛	
0x26251D	5	FC	1	たペ）イＡ	
0x264CB3	5	FC	1	Ｏペぁペ）	
0x266205	5	FC	1	みペ）チバ	
0x2662A1	5	FC	1	ぃペ）ズバ	
0x2662B1	5	FC	1	みペ）ゅバ	
0x2662F5	5	FC	1	ぃペ）ロバ	
0x26639D	5	FB	1	みペ）煮	
0x26668D	5	FB	1	みペ）ぃバ	
0x26730D	5	FC	1	たペ）ーバ	
0x267345	5	FC	1	みペ）ちヂ	
0x267379	5	FC	1	みペ）えヂ	
0x267389	5	FC	1	みペ）仏	
0x2673C5	5	FC	1	ぃペ）ばヂ	
0x2673D5	5	FC	1	みペ）寝	
0x267411	5	FC	1	ぃペ）っヂ	
0x267421	5	FC	1	みペ）』ダ	
0x2674B5	5	FC	1	みペ）４ヂ	
0x26768D	5	FC	1	みペ）ずダ	
0x267795	5	FC	1	みペ）もヂ	
0x267855	5	FC	1	たペ）ォド	
0x26791D	5	FC	1	たペ）イド	
0x267A29	5	FC	1	たペ）そド	
0x267B09	5	FC	1	たペ）？デ	
0x267C11	5	FC	1	たペ）ヅデ	
0x267D19	5	FC	1	たペ）ウデ	
0x267E21	5	FC	1	たペ）ちデ	
0x26D389	5	F88F	1	覆ズキい	
0x26FCB1	5	FC	1	ぃペ）しメ	
0x270029	5	FC	1	ぃペ）７ラ	
0x2706C5	5	FC	1	ぃペ）ュマ	
0x270ACF	5	FC	1	橘むズ・	
0x270B95	5	FB	1	たペ）ポＦ	
0x270DD9	5	FC	1	たペ）たＦ	
0x271149	5	FC	1	ぃペ）・フ	
0x271E93	5	FF	1	はくぽペ）	
0x271F67	5	FF	1	脚ぽペ）	
0x272295	5	FC	1	ぃペ）ダネ	
0x2722E9	5	FC	1	ぃペ）ンネ	
0x27233D	5	FC	1	ぃペ）ノネ	
0x272391	5	FC	1	たペ）エネ	
0x273189	5	FC	1	ぃペ）ート	
0x2733FD	5	FC	1	ぃペ）ぎト	
0x273671	5	FC	1	ぃペ）ボテ	
0x273B61	5	FC	1	ぃペ）タツ	
0x273DD9	5	FC	1	ぃペ）Ｗチ	
0x274675	5	FC	1	ぃペ）ベソ	
0x2746A1	5	FC	1	ぃペ）ズソ	
0x274709	5	FC	1	みペ）ちタ	
0x274735	5	FC	1	みペ）かタ	
0x274789	5	FC	1	みペ）敏	
0x274861	5	FB	1	たペ）ペ・	
0x2756DD	5	FF	1	覆ズもう	
0x275731	5	FB	1	うゴ宛う	
0x2759F9	5	FF	1	おゴ茜え	
0x275A4D	5	FF	1	おゴ華う	
0x275D8D	5	FF	1	おゴ案う	
0x27721C	5	FF	1	がぜを我	
0x277825	5	F880	1	覆ズい	
0x278725	5	FF	1	覆ズジあ	
0x2791A5	5	FC	1	みペ）ハぴ	
0x2791D1	5	FC	1	みペ）ソぴ	
0x2791FD	5	FC	1	みペ）エぴ	
0x279E41	5	FF	1	たペ）す	
0x279E65	5	FB	1	たペ）辱	
0x27DB49	5	FC	1	みペ）あげ	
0x27DB75	5	FC	1	みペ）げ	
0x27DBA1	5	FC	1	みペ）碁	
0x27E0D7	5	FB	1	橘みペ）	
0x27F7A5	5	FC	1	ぃペ）ぺぉ	
0x27F7FD	5	FC	1	ぃペ）ぎぉ	
0x27FA59	5	FF	1	たペ）めＧ	
0x27FA9D	5	FC	1	ぃペ）しぎ	
0x2802AF	5	FE	1	ィあミュゥ	
0x283409	5	FB	1	ぃペ）ォヌ	
0x283421	5	FB	1	ぃペ）ンヌ	
0x283439	5	FB	1	ぃペ）リヌ	
0x283451	5	FB	1	ぃペ）メヌ	
0x28457D	5	FC	1	たペ）ケプ	
0x285037	5	FF	1	元ぃペ）	
0x285171	5	FC	1	たペ）シボ	
0x2866ED	5	FF	1	みペ）＠コ	
0x287369	5	FC	1	ぃペ）セと	
0x28743D	5	FC	1	たペ）７ダ	
0x287C24	5	F88F	1	がぜを観	
0x288099	5	FB	1	たペ）タエ	
0x288121	5	FC	1	ぃペ）筒	
0x288175	5	FC	1	ぃペ）～た	
0x288461	5	FB	1	たペ）ホウ	
0x28848D	5	FB	1	たペ）テウ	
0x2887D9	5	FB	1	たペ）ズイ	
0x288B41	5	FB	1	たペ）Ｋア	
0x288C61	5	FB	1	たペ）ホア	
0x288CA1	5	FF	1	律いキい	
0x288E31	5	F823	1	ぃペ）Ａす	
0x288E8D	5	FC	1	ぃペ）ヅす	
0x2891F1	5	FB	1	たペ）ごゲ	
0x28A2BB	5	FF	1	はけち～・	
0x28A865	5	FB	1	ぃペ）ヘべ	
0x28A87D	5	FB	1	ぃペ）ヌべ	
0x28A895	5	FB	1	ぃペ）チべ	
0x28A8AD	5	FB	1	ぃペ）サべ	
0x28B7C5	5	FC	1	ァＲ悪え	
0x28B805	5	FC	1	ァＲ椅え	
0x28B845	5	FC	1	ァＲ宇え	
0x28D7E9	5	FF	1	たペ）ゲじ	
0x28D80D	5	FB	1	たペ）ェじ	
0x2911BD	5	FF	1	たペ）ぶフ	
0x291905	5	FF	1	たペ）ラハ	
0x292275	5	FB	1	たペ）ひネ	
0x2938D9	5	FD	1	覆ズへあ	
0x2943F5	5	FF	1	覆ズ煩	
0x2949A3	5	FC	1	こておむ（	
0x2964C9	5	FC	1	たペ）ほや	
0x296813	5	FB	1	８おみペ）	
0x2969DD	5	FF	1	覆ズＯあ	
0x297D5B	5	FF	1	険タペ）	
0x298E71	5	FC	1	たペ）ほゥ	
0x2992ED	5	FC	1	けゴ基ひ	
0x29939D	5	FC	1	けゴ環ひ	
0x29944D	5	FC	1	けゴ竃ひ	
0x29984D	5	FB	1	みペ）ゴ○	
0x29985D	5	FB	1	みペ）ガ○	
0x2998FD	5	FC	1	たペ）ロヴ	
0x299969	5	FC	1	たペ）タヴ	
0x299DE5	5	F9	1	准孤Ｅ	
0x29B603	5	FB	1	幻みペ）	
0x29DA41	5	FF	1	ァＲ芋ぎ	
0x29E45D	5	FF	1	ァＲ億ゅ	
0x29E85D	5	FC	1	ァＲ噂パ	
0x2A074C	5	FF	1	あしふぜう	
0x2A0764	5	FF	1	あさひずい	
0x2A076C	5	FF	1	あきぬげお	
0x2A1148	5	FF	1	ねしししね	
0x2A1159	5	F80C	1	しししねし	
0x2A1310	5	FF	1	あいうえそ	
0x2A2460	5	FF	1	戻ります	복귀
0x2A251A	5	FF	1	続けます	계속
0x2A257C	5	FF	1	イベントを	행사
0x2A270F	5	F85A	1	』しません	』안함
0x2A2730	5	F85A	1	ドラ打ち	징타
0x2A276C	5	F85A	1	布走り	천달
0x2A2794	5	F85A	1	素振り	스윙
0x2A27BC	5	F85A	1	ガケ登り	절벽
0x2A285C	5	F85A	1	グラウンド	구장
0x2A2C3C	5	FF	1	ァ急いい	
0x2A2C4C	5	FF	1	２急いう	
0x2A2C5C	5	FF	1	ョ急いえ	
0x2A2C6C	5	FF	1	ズ急いお	
0x2A2C7C	5	FF	1	Ｅ急いか	
0x2A2C8C	5	FF	1	わ鯖いき	
0x2A2C9C	5	FF	1	（急いく	
0x2A2CAC	5	FF	1	え個いけ	
0x2A2CBC	5	FF	1	ネ急いこ	
0x2A2CCC	5	FF	1	バ急いさ	
0x2A2CDC	5	FF	1	タ庶いし	
0x2A2CEC	5	FF	1	が庶いす	
0x2A2D0C	5	FF	1	ヂ到いそ	
0x2A2D1C	5	FF	1	や披いた	
0x2A2D2C	5	FF	1	ぱ鯖いち	
0x2A2D3C	5	FF	1	ヤ庶いつ	
0x2A2D4C	5	FF	1	ボ庶いて	
0x2A2D5C	5	FF	1	」鯖いと	
0x2A2D6C	5	FF	1	Ｅ庶いな	
0x2A2D7C	5	FF	1	た庶いに	
0x2A2D8C	5	FF	1	ゲ炭いぬ	
0x2A2D9C	5	FF	1	フ鯖いね	
0x2A2DAC	5	FF	1	Ｙ庶いさ	
0x2A2DBC	5	FF	1	シ鯖いし	
0x2A2DCC	5	FF	1	Ｕ鯖いす	
0x2A2DDC	5	FF	1	ゲ鯖いせ	
0x2A2DEC	5	FF	1	ご脊いそ	
0x2A2DFC	5	FF	1	ご披いた	
0x2A2E0C	5	FF	1	づ炭いち	
0x2A2E1C	5	FF	1	ヤ炭いつ	
0x2A2E2C	5	FF	1	ご鯖いて	
0x2A2E3C	5	FF	1	珂ていと	
0x2A2E4C	5	FF	1	Ａ到いな	
0x2A2E6C	5	FF	1	ト脊いぬ	
0x2A2E7C	5	FF	1	Ｑ炭いね	
0x2A2E8C	5	FF	1	」炭いら	
0x2A2E9C	5	FF	1	リ脊いり	
0x2A2EAC	5	FF	1	ぱ到いる	
0x2A2EBC	5	FF	1	ゲ脊いれ	
0x2A2ECC	5	FF	1	ト到いろ	
0x2A2EDC	5	FF	1	と脊いわ	
0x2A2EEC	5	FF	1	Ｉ脊いを	
0x2A2F0C	5	FF	1	ワ鯖いぁ	
0x2A2F1C	5	FF	1	や庶いぃ	
0x2A2F2C	5	FF	1	Ｙ到いぅ	
0x2A2F3C	5	FF	1	エ披いぇ	
0x2A2F4C	5	FF	1	フ披いぉ	
0x2A2F5C	5	FF	1	ォ披いっ	
0x2A2F6C	5	FF	1	ボ披いゃ	
0x2A2F7C	5	FF	1	Ｉ披いゅ	
0x2A2F9C	5	FF	1	ぅていが	
0x2A2FBC	5	FF	1	❤個いぐ	
0x2A2FCC	5	FF	1	ボ個いげ	
0x2A2FDC	5	FF	1	ぜ個いご	
0x2A2FEC	5	FF	1	Ａ個いざ	
0x2A2FFC	5	FF	1	ふ個いじ	
0x2A300C	5	FF	1	フ個いず	
0x2A303C	5	FF	1	」急いだ	
0x2A306C	5	FF	1	ミ急いで	
0x2A307C	5	FF	1	Ｑ急いど	
0x2A308C	5	FF	1	し鯖いば	
0x2A309C	5	FF	1	Ｑ個いび	
0x2A30AC	5	FF	1	り個いぶ	
0x2A30BC	5	FF	1	シ個いべ	
0x2A30CC	5	FF	1	り脊いぼ	
0x2A30EC	5	F8EA	1	リ急いぴ	
0x2A30FC	5	F8EA	1	ぱ個いぷ	
0x2A310C	5	FF	1	重ていぺ	
0x2A311C	5	FF	1	ゲ個いぽ	
0x2A312C	5	FF	1	淑ていア	
0x2A313C	5	FF	1	え到いイ	
0x2A314C	5	FF	1	ふ到いウ	
0x2A315C	5	FF	1	っ到いエ	
0x2A316C	5	FF	1	し披いオ	
0x2A317C	5	FF	1	ボ鯖いイ	
0x2A318C	5	FF	1	ふ到いキ	
0x2A319C	5	FF	1	ペ脊いク	
0x2A31AC	5	FF	1	ぱ庶いケ	
0x2A31BC	5	FF	1	ワ到いコ	
0x2A31CC	5	FF	1	夙ていサ	
0x2A31EC	5	FF	1	と炭いス	
0x2A31FC	5	FF	1	わ炭いセ	
0x2A320C	5	FF	1	ョ庶いソ	
0x2A321C	5	FF	1	シ炭いタ	
0x2A322C	5	FF	1	ぽ脊いチ	
0x2A323C	5	FF	1	２炭いツ	
0x2A324C	5	FF	1	！庶いテ	
0x2A326C	5	FF	1	銃ていナ	
0x2A327C	5	FF	1	ふ鯖いニ	
0x2A328C	5	FF	1	た個いヌ	
0x2A329C	5	FF	1	Ａ鯖いネ	
0x2A32AC	5	FF	1	ワ個いノ	
0x2A32BC	5	FF	1	っ個いハ	
0x2A32CC	5	FF	1	❤到いヒ	
0x2A32DC	5	FF	1	タ急いフ	
0x2A32EC	5	FF	1	ト急いヘ	
0x2A4570	5	FE	1	エうそいョ	
0x2A87B8	5	F8AF	1	ョ❤ていし	
0x2A8984	5	F8A8	1	たリすちか	
0x2A94F3	5	FF	1	ヲＵワタミ	
0x2AAA84	5	FF	1	ねバへひな	
0x2AB1C4	5	FF	1	みあいけう	
0x2AB4EB	5	FF	1	あああぜ６	
0x2ABC1C	5	FF	1	くペけえう	
0x2ACA53	5	F808	1	贈り物	선물
0x2ACD0F	5	F82E	1	達成！	달성！
0x2ACD78	5	F808	1	１億円	１억엔
0x2ADCE5	5	FF	1	タペししえ	
0x2ADD39	5	FF	1	タペけせう	
0x22DC16	4	FF	1	ペ）ごソ	
0x22DEDD	4	FD	1	Ｌい檎	
0x22DFD6	4	FF	1	ぽて逝	
0x22E15E	4	F9	1	ペ）ザぱ	
0x22E601	4	FF	1	たペＨお	
0x22E606	4	FF	1	ペ）ヒじ	
0x22E6A1	4	FD	1	ぜペうぃ	
0x22E7AE	4	F880	1	Ｒ虻あ	
0x22E806	4	F843	1	ッ堰し	
0x22EAA9	4	FD	1	たペうＵ	
0x22EB12	4	FD	1	ペ）デい	
0x22EC2D	4	FD	1	ぜペ）わ	
0x22EC39	4	FD	1	覆ズ４	
0x22EC76	4	FD	1	ペ）ッあ	
0x22ED02	4	FD	1	ィなびタ	
0x22ED5E	4	FD	1	ィなぅタ	
0x22ED6E	4	FD	1	ペ）ゃく	
0x22EEDE	4	FD	1	ペ）ハう	
0x22F122	4	FC	1	ペ）わう	
0x22F282	4	FD	1	ペ）ィい	
0x22F29D	4	FD	1	ぽペ）し	
0x22F50E	4	FD	1	ペ）ぅい	
0x22F79A	4	FC	1	ペ）ザあ	
0x23042D	4	FD	1	たペＨあ	
0x230CD1	4	FD	1	たペ）し	
0x230CF1	4	FF	1	たペ）ぃ	
0x230E39	4	FD	1	たペ）わ	
0x230EA9	4	FF	1	たペうわ	
0x2317BE	4	F88E	1	ふいい	
0x231A7E	4	FD	1	ペう命	
0x231B0D	4	F84F	1	たＵなズ	
0x233091	4	FB	1	誓候	
0x23358D	4	F9	1	ぜ康	
0x233AC6	4	FF	1	ペ）ょっ	
0x233B82	4	FF	1	ペ）シっ	
0x233BA6	4	FF	1	ぁ）なあ	
0x233BCE	4	FF	1	ペ）っ	
0x233D86	4	FD	1	ペ）ヴぉ	
0x233FBA	4	FF	1	ペ）毎	
0x2340BA	4	FD	1	ペ）ぉま	
0x234149	4	FF	1	ぽペ）ぎ	
0x23442C	4	FF	1	タセふい	
0x23465E	4	FF	1	ペ）アぅ	
0x234762	4	FF	1	ペ）たぅ	
0x2347C1	4	FF	1	俄険	
0x2349F2	4	FF	1	ペ）トぃ	
0x234AA2	4	FF	1	ペ）げお	
0x234B72	4	FF	1	ペ）きお	
0x234CB6	4	FF	1	ペ）輝	
0x234E42	4	FF	1	ペ）卯	
0x234E7E	4	FF	1	さいムあ	
0x234F1A	4	FF	1	ペ）ゴじ	
0x234F81	4	FF	1	ぽ、きお	
0x235089	4	FF	1	ぽペＨし	
0x23509E	4	FF	1	ゼ）アノ	
0x2350D6	4	F880	1	Ｒ穐あ	
0x2351D9	4	FF	1	みペうぉ	
0x2351F6	4	FF	1	ペ）ニう	
0x235226	4	FD	1	ペ）キん	
0x2352D1	4	FD	1	ぜペ）づ	
0x2353DD	4	FF	1	ぽペうこ	
0x23542D	4	FF	1	ぽペＨう	
0x235A75	4	FD	1	ァＲ綾	
0x235A9E	4	FD	1	さいい	
0x235B15	4	FF	1	ぜペＨう	
0x235B35	4	FF	1	ぜペ）う	
0x235B75	4	F803	1	えォおう	
0x235B89	4	FB	1	ざ顕	
0x235D3E	4	FF	1	ペ）ピい	
0x235D6E	4	FD	1	ペ）キあ	
0x235DCE	4	FD	1	ペ）ブひ	
0x235FD1	4	FF	1	ぜペ）ゲ	
0x2362AE	4	F847	1	ペ）まは	
0x2362C6	4	F887	1	Ｒ胤は	
0x2362DD	4	F887	1	ぽペ）づ	
0x236D99	4	FF	1	みペてい	
0x23748E	4	FF	1	ペ）凰	
0x23874A	4	FC	1	ペ）ペむ	
0x2387B6	4	FF	1	ペ）ズい	
0x238CDA	4	FF	1	ペ）ばあ	
0x239289	4	F847	1	ァペ）き	
0x2392B9	4	FD	1	ぞュ（う	
0x23966E	4	FF	1	ペ）ョす	
0x239755	4	FF	1	タペ）く	
0x23976E	4	FF	1	ペ）うき	
0x23989A	4	FB	1	ペ）クあ	
0x2398A2	4	FB	1	ペ）んい	
0x2398CA	4	FF	1	ペ）やき	
0x2398D2	4	FF	1	ペ）あく	
0x2398DA	4	FF	1	ペ）ヘく	
0x239A81	4	FD	1	ぜペ）ズ	
0x239D01	4	FF	1	ぜペ１え	
0x23A0E5	4	FF	1	たペ１あ	
0x23A231	4	F800	1	たペＦぉ	
0x23A348	4	F88F	1	ぜをさい	
0x23A3D9	4	FC	1	ムゼＬも	
0x23A405	4	FC	1	ムゼ・ね	
0x23A431	4	FC	1	ムゼ・す	
0x23A45D	4	FC	1	ムゼ・い	
0x23A8B9	4	FF	1	ぞゾきお	
0x23A8C5	4	FF	1	ぞゾきか	
0x23A8D1	4	FF	1	ぞゼきは	
0x23B6D0	4	FE	1	ぽをさい	
0x23B91D	4	FD	1	ぽペＨあ	
0x23BFC9	4	FF	1	ぽど（そ	
0x23C1D2	4	FF	1	ペポなぱ	
0x23C596	4	FF	1	ペポやぼ	
0x23C5BA	4	FD	1	ペポひぼ	
0x23C8BA	4	FD	1	タＧサべ	
0x23CB95	4	FF	1	タペＦテ	
0x23CBB1	4	FF	1	ぽペＦテ	
0x23CBED	4	FF	1	たペＦふ	
0x23CC25	4	FF	1	たペＨき	
0x23D032	4	FB	1	てい７あ	
0x23D70A	4	F88F	1	Ｒ飲あ	
0x23D969	4	FD	1	ァＲ過	
0x23DE74	4	FD	1	タドくい	
0x23E031	4	FD	1	ぽペ）そ	
0x23E741	4	F883	1	ぃペＶし	
0x23E8D2	4	FC	1	ペ）じけ	
0x23ED72	4	FD	1	ペ）へう	
0x23ED7A	4	FD	1	ペ）でえ	
0x23EFBA	4	FF	1	ペ）ネう	
0x23F022	4	FD	1	ペ）ぜあ	
0x23F3DE	4	F881	1	ペ）ソい	
0x23F9AD	4	FD	1	ァＲ葦	
0x23FD46	4	FD	1	とい（た	
0x23FEDD	4	FF	1	ズペＨァ	
0x23FFB5	4	FF	1	みペ）っ	
0x240049	4	FD	1	覆ズら	
0x24025E	4	FF	1	ぁ）ネあ	
0x24030A	4	FF	1	ぁ）ざあ	
0x2403BE	4	FF	1	ぁ）たあ	
0x24043E	4	FF	1	ぁ）搭	
0x241236	4	F88F	1	ペ）ヘあ	
0x241299	4	FF	1	みペうき	
0x2415DD	4	FD	1	ァＲ円	
0x2415F9	4	FD	1	ァＲ鰻	
0x241871	4	FF	1	みゼおい	
0x241ADD	4	FC	1	ぽゼおい	
0x241FD5	4	FD	1	ぜペＦこ	
0x241FE9	4	FD	1	ぽペＦほ	
0x242250	4	FF	1	あぜペあ	
0x242342	4	FD	1	ペ）ゃう	
0x24234E	4	FD	1	ペ）ぇう	
0x24235A	4	FD	1	ペ）ぁう	
0x2428B2	4	F880	1	Ｒ仮あ	
0x243365	4	FF	1	みペうく	
0x24363D	4	FF	1	たペてく	
0x243CB1	4	FF	1	みペＸろ	
0x243D25	4	FF	1	みペＸせ	
0x243D41	4	FF	1	みペＸき	
0x243D5D	4	F800	1	みペＨき	
0x243DE5	4	FF	1	タペ）せ	
0x243E2A	4	FF	1	ペ）ジイ	
0x244745	4	FC	1	たペ）く	
0x2447A1	4	FC	1	タペ）え	
0x24484A	4	FE	1	ぜぜオあ	
0x2448AE	4	FD	1	ペＸぴろ	
0x244B36	4	FD	1	ペ）ざあ	
0x244E09	4	F801	1	みィなた	
0x245219	4	F843	1	ミペ）ふ	
0x245369	4	FF	1	ァョた／	
0x2454A1	4	FF	1	タャた／	
0x24663E	4	FF	1	ペ）とと	
0x2466B5	4	FD	1	コい檎	
0x246A8A	4	FE	1	ペ）リプ	
0x246B5E	4	FD	1	ペ）ずプ	
0x2470FA	4	FF	1	ペ）淡	
0x247526	4	FF	1	ぁ）ぺあ	
0x2475F6	4	FD	1	ペ）略	
0x247806	4	FD	1	ペ）ばり	
0x2478EA	4	FD	1	ペ）ぁて	
0x2479CE	4	FD	1	ペ）ネボ	
0x247B1D	4	FF	1	みゥ（お	
0x247B6A	4	FF	1	ペ）ごベ	
0x247BA6	4	FF	1	ペ）をベ	
0x247C0A	4	FF	1	ペ）とベ	
0x247E02	4	FF	1	ペ）デブ	
0x247E2A	4	FF	1	ペ）ヂブ	
0x247EFA	4	FD	1	ペ）クブ	
0x247F0E	4	FF	1	ペ）ウブ	
0x247F26	4	FF	1	ペ）オブ	
0x248002	4	FF	1	ペ）嫁	
0x248056	4	FF	1	ペ）あブ	
0x24806E	4	FF	1	ペ）うブ	
0x24809A	4	FF	1	ペ）ぁぬ	
0x248322	4	FF	1	ペ）アぞ	
0x248345	4	FD	1	ペペ）け	
0x2484BE	4	FF	1	ペ）つ	
0x248556	4	FF	1	ペ）ヤい	
0x2485DE	4	FF	1	ペ）ぁえ	
0x24865A	4	FC	1	ペ）ァバ	
0x24885A	4	FF	1	ペ）ウい	
0x248862	4	FF	1	ペ）ザう	
0x249692	4	F880	1	Ｒ嘩あ	
0x249716	4	F84F	1	ペポＹに	
0x24982A	4	FF	1	ペ）しヂ	
0x24983E	4	FF	1	ペ）きヂ	
0x249852	4	FF	1	ペ）いヂ	
0x249E62	4	FD	1	ペ）サこ	
0x24A116	4	F880	1	Ｒ扱お	
0x24A151	4	FC	1	たペ）っ	
0x24A175	4	FC	1	たペ）タ	
0x24A2F2	4	FF	1	ペ）ツゼ	
0x24A306	4	FC	1	ペ）スゼ	
0x24A342	4	FF	1	ペ）ぷゼ	
0x24A372	4	FF	1	ペ）だゼ	
0x24A426	4	FF	1	ペ）なゼ	
0x24A43A	4	FF	1	ペ）たゼ	
0x24A44E	4	FF	1	ペ）さゼ	
0x24A4BE	4	FC	1	ペ）かあ	
0x24AB9D	4	FF	1	みだ（リ	
0x24AF32	4	FF	1	ペ）べザ	
0x24B066	4	F88F	1	Ｒ握い	
0x24B0A9	4	F84F	1	ペペ）く	
0x24B17E	4	F800	1	ペ）ズさ	
0x24B192	4	FD	1	オ）ぜ	
0x24B1EA	4	FF	1	ウ）吏	
0x24B421	4	FC	1	ァペ）あ	
0x24B476	4	FC	1	カ）准	
0x24B615	4	FC	1	ミペ）フ	
0x24B625	4	FC	1	たペ）き	
0x24B64D	4	FC	1	ぽペ）っ	
0x24B6A9	4	F880	1	ペペ）そ	
0x24B74D	4	FD	1	タペ）わ	
0x24B83A	4	FF	1	ペ）たゲ	
0x24B84E	4	FF	1	ペ）さゲ	
0x24BD9A	4	FD	1	ペ）うあ	
0x24C38D	4	FD	1	たゥたは	
0x24C3D1	4	FD	1	たゥたけ	
0x24C5C6	4	F84F	1	ペ）掬	
0x24C5D5	4	FC	1	みペ）ヘ	
0x24C609	4	FD	1	みペ）タ	
0x24C649	4	FC	1	みペ）ぽ	
0x24CC76	4	FF	1	ペ）ぽゥ	
0x24CCCA	4	FD	1	ペ）ェい	
0x24CFFD	4	FF	1	ぃペうえ	
0x24DE4A	4	FF	1	ペ）ォゥ	
0x24E31D	4	FF	1	ぃペてか	
0x24E386	4	FE	1	ペ）ゃィ	
0x24E936	4	FF	1	ペ）ネお	
0x24ED36	4	FC	1	ペ）しい	
0x24F04A	4	FD	1	ペ）ねう	
0x24F0CA	4	FD	1	ペ）ェう	
0x24FD9D	4	FC	1	ぃペてお	
0x24FF42	4	FF	1	セ）釆	
0x250062	4	FF	1	ペ）メい	
0x2502C9	4	FF	1	タペうま	
0x2502D9	4	FF	1	タペうひ	
0x2504B5	4	FC	1	たュＺく	
0x250872	4	FF	1	ク）吏	
0x250911	4	FF	1	みパなす	
0x250985	4	FF	1	ぅガきえ	
0x250A22	4	F88F	1	Ｒ尉あ	
0x250BDD	4	FC	1	ァＲ貨	
0x250C58	4	FC	1	タピのい	
0x2514D1	4	F820	1	タペ）た	
0x25152A	4	FC	1	ペ）あボ	
0x251688	4	FF	1	ぽみへい	
0x25185E	4	F88F	1	ア）媚	
0x25186A	4	FF	1	ク）鍵	
0x2519BE	4	F88F	1	ペ）菜	
0x251C51	4	FC	1	ぽペ）ぜ	
0x251DB1	4	FF	1	覆ズュ	
0x251DCE	4	FF	1	ペ）グせ	
0x251DFE	4	FF	1	ペ）ダせ	
0x251E5A	4	FF	1	ペ）ルお	
0x251EFA	4	FF	1	ペ）オう	
0x251F2A	4	FF	1	ペ）ぶう	
0x251F8A	4	FF	1	ペ）ぎく	
0x251F92	4	FF	1	ペ）んせ	
0x251FE6	4	FF	1	ペ）ェあ	
0x25200D	4	FA	1	ぇザ（く	
0x25202A	4	FA	1	ペ）ぷさ	
0x25231E	4	FD	1	ペ）ぼす	
0x2524AD	4	FF	1	（ペてえ	
0x252609	4	FD	1	ペペ）が	
0x2528CD	4	FC	1	みゥ（う	
0x252A29	4	FC	1	みィたこ	
0x252ACA	4	FC	1	ペ）トマ	
0x252B2D	4	FC	1	タペ）こ	
0x252D55	4	FC	1	ミペ）ね	
0x252F35	4	FC	1	ミペ）が	
0x252F56	4	FC	1	ペ）ぞホ	
0x252FCE	4	FC	1	ペ）ぜ	
0x252FE5	4	FC	1	つギ（あ	
0x25379D	4	FC	1	だィ（あ	
0x2538CA	4	FF	1	ペ）ダえ	
0x253C02	4	FC	1	ペ）カあ	
0x253D95	4	F880	1	Ｕペうふ	
0x253EF6	4	FF	1	ペ）リか	
0x25405A	4	FC	1	ペ）えハ	
0x2553B5	4	FF	1	むゾ・い	
0x2553E5	4	FF	1	ぃペ）く	
0x2555E6	4	FF	1	ク）誓	
0x255695	4	FF	1	たャ（ボ	
0x255716	4	FF	1	セ）剖	
0x2557E2	4	F88F	1	エ）ぜ	
0x2557EE	4	FF	1	オ）准	
0x255896	4	FF	1	カ）ぜ	
0x255A0A	4	FC	1	ペ）バテ	
0x255B02	4	F88F	1	キ）剖	
0x255B0E	4	FF	1	ク）柵	
0x255BAA	4	FC	1	ペ）ぃテ	
0x256E86	4	FF	1	ぁ）づあ	
0x256F0E	4	FF	1	ォなめあ	
0x257296	4	FC	1	ペ）ゅセ	
0x257895	4	FF	1	ぜ、きあ	
0x2590CE	4	FC	1	ペ）スソ	
0x259329	4	FC	1	ぢゥ・ご	
0x2595D2	4	FF	1	ペ）っザ	
0x259625	4	FF	1	ぜペ）か	
0x259656	4	FF	1	ペ）ぐい	
0x25973A	4	FF	1	ペ）ョゥ	
0x259762	4	FF	1	ペ）ネい	
0x25977A	4	FF	1	ペ）ペゴ	
0x259C81	4	FC	1	とペ）え	
0x259E3A	4	FC	1	ペ）ョイ	
0x25A5D2	4	FF	1	ペ）っギ	
0x25A5FA	4	FF	1	ペ）バぽ	
0x25A61A	4	FF	1	ペ）ズぽ	
0x25A752	4	FF	1	ペ）だぽ	
0x25A8DE	4	FF	1	ペ）ばヲ	
0x25A8E6	4	FF	1	ペ）へン	
0x25AF1A	4	F883	1	Ｒ偉あ	
0x25B19A	4	FF	1	ペ）ププ	
0x25B76E	4	FF	1	ペあれピ	
0x25B7DD	4	FC	1	たペ）が	
0x25B7F2	4	FC	1	ペちけピ	
0x25B97D	4	FC	1	みペ）い	
0x25B995	4	FC	1	みペ）お	
0x25D195	4	FC	1	ぜプッえ	
0x25D19A	4	FC	1	ペ）ゥド	
0x25D35E	4	FF	1	ペ）ごせ	
0x25D40E	4	FF	1	ペ）たせ	
0x25D41A	4	FF	1	ペ）ぷせ	
0x25D59E	4	FF	1	ペ）しせ	
0x25D7E9	4	FF	1	たゥ（ね	
0x25D859	4	FF	1	ズゲ（こ	
0x25DEFA	4	FF	1	さい「あ	
0x25ED22	4	FC	1	ペ）ュう	
0x25ED5E	4	F88F	1	Ｒ蚊あ	
0x25EE92	4	F80E	1	ペ）ろう	
0x25EF52	4	FF	1	カ）投	
0x25EFCA	4	FF	1	コ）柵	
0x25F02E	4	FF	1	カ）媚	
0x25F0CE	4	FF	1	ペ）つか	
0x25F24A	4	FF	1	カ）柵	
0x25F4FA	4	F80E	1	ペ）ゼあ	
0x25F911	4	FF	1	覆ズラ	
0x260109	4	FF	1	ぜペぢあ	
0x2602B1	4	FF	1	ぃペぢあ	
0x26041D	4	F800	1	たペぢあ	
0x260CB1	4	FF	1	たィ（い	
0x260CCD	4	FF	1	たペＶあ	
0x261A4D	4	FC	1	覆ズへ	
0x261AF5	4	FC	1	ぜペ）ね	
0x261C25	4	FC	1	ぽゥ峨	
0x261C3D	4	FC	1	ァＲ姥	
0x261C95	4	FC	1	あピ・ぃ	
0x2627C5	4	FF	1	みペう❤	
0x263281	4	FC	1	ぽペてっ	
0x263491	4	FC	1	ぜペ１ぜ	
0x263989	4	FC	1	ぃペてご	
0x263B35	4	FE	1	ぜペてが	
0x265736	4	FC	1	あ（ヂし	
0x266921	4	FC	1	あボ・ぃ	
0x2678A5	4	FC	1	みペ）と	
0x2678D9	4	FC	1	ぃペう（	
0x2679E5	4	FC	1	ぃペうＭ	
0x267DDD	4	FC	1	ぃペうペ	
0x2688E1	4	FC	1	みゲ（あ	
0x26948A	4	FC	1	ペ）ゼゾ	
0x2694CE	4	FC	1	ペ）ァゾ	
0x269512	4	FC	1	ペ）マゾ	
0x269556	4	FC	1	ペ）セゾ	
0x26959A	4	FC	1	ペ）ぴゾ	
0x269BCE	4	FC	1	ぞつあう	
0x269E5D	4	F855	1	みコ（ね	
0x269FFD	4	FC	1	みべ（さ	
0x26A50D	4	FC	1	覆ズ６	
0x26A561	4	FC	1	ァＲ唖	
0x26B241	4	FC	1	たＵゆあ	
0x26B416	4	FC	1	ペ）ァズ	
0x26B431	4	FF	1	ぞデ・あ	
0x26B489	4	FF	1	ぽペ）ご	
0x26B5D5	4	FF	1	ぃ（うち	
0x26B9D9	4	FF	1	たペ「く	
0x26BF66	4	FA	1	プおうヘ	
0x26CD91	4	FF	1	覆ズホ	
0x26CE19	4	FD	1	覆ズぱ	
0x26CF21	4	FD	1	覆ズこ	
0x26CF69	4	F84F	1	ズペ）い	
0x26D0A2	4	FD	1	ぽ）ちう	
0x26D9DD	4	F88F	1	覆ズＷ	
0x26DDC5	4	FD	1	ァＲ逢	
0x26DDE9	4	FD	1	ァＲ圧	
0x26E20E	4	F84F	1	ペ）けぉ	
0x26E292	4	FF	1	ペ）尉	
0x26E32A	4	FD	1	コ）媚	
0x26E382	4	FD	1	ク）媚	
0x26E40A	4	FD	1	ペ）ギぇ	
0x26E44A	4	FF	1	ケ）誓	
0x26E472	4	FF	1	ペ）ミぇ	
0x26E4A2	4	FD	1	ケ）剖	
0x26F31A	4	FF	1	ペ）バオ	
0x26F8CD	4	FF	1	ぃエ（う	
0x26FA61	4	F84F	1	覆ズば	
0x26FE12	4	FF	1	ペ）ぞぞ	
0x26FEED	4	F887	1	ぽといた	
0x270EF9	4	F841	1	覆ズチ	
0x271205	4	FF	1	むバ・け	
0x271A99	4	F841	1	ぜペィか	
0x271BD2	4	FF	1	ペ）バや	
0x272505	4	FF	1	むデ・さ	
0x272936	4	FD	1	ア）ぜ	
0x273065	4	F841	1	覆ズお	
0x2748D9	4	FF	1	ァＲねあ	
0x274F19	4	FB	1	あペ）ね	
0x274FE9	4	FD	1	ぜペてあ	
0x275006	4	FD	1	ペ）スじ	
0x275015	4	FD	1	ズペ）が	
0x27553C	4	FE	1	ヂ減い	
0x275611	4	FC	1	たッ（ね	
0x27563D	4	FC	1	みゥ（ね	
0x276F1D	4	FF	1	覆ズ９	
0x277882	4	F880	1	ィな／あ	
0x27794A	4	FD	1	ィなＢあ	
0x277A16	4	FC	1	ィなレあ	
0x277ADE	4	FC	1	ィなびあ	
0x277BAA	4	FC	1	ィななあ	
0x2788B9	4	F8C3	1	ちヂ・き	
0x2788FD	4	FF	1	覆ズび	
0x27994D	4	FC	1	たペ）び	
0x27A05E	4	F887	1	ペ）ばれ	
0x27A086	4	FD	1	ペ）ざれ	
0x27A0E9	4	FD	1	ァペうあ	
0x27A8BD	4	FF	1	覆ズユ	
0x27AF1D	4	FD	1	覆ズッ	
0x27B545	4	FC	1	タペ）そ	
0x27B63E	4	FD	1	Ｗなご	
0x27C181	4	FC	1	ぜ顕	
0x27C7A9	4	FF	1	ぽペあか	
0x27CB79	4	FF	1	みペあか	
0x27CB90	4	FF	1	だとＵお	
0x27CBC9	4	FF	1	覆ズヴ	
0x27D379	4	F84F	1	ズペうえ	
0x27D6CD	4	FB	1	覆ズゆ	
0x27DDDD	4	F84F	1	ペペ）あ	
0x27EECA	4	F883	1	Ｒく墫	
0x27F076	4	F883	1	Ｒねヌざ	
0x27F2D6	4	F883	1	Ｒ恩ほ	
0x27F308	4	F883	1	ペにさい	
0x27F335	4	FC	1	覆ズＬ	
0x281569	4	FB	1	ちゼ・わ	
0x281831	4	FB	1	ちゼ・さ	
0x282611	4	FF	1	ちィ（あ	
0x284951	4	FC	1	俄元	
0x284ED5	4	FC	1	ァＲ雨	
0x284F81	4	FC	1	覆ズＢ	
0x285929	4	FF	1	ちァ（あ	
0x285A41	4	FF	1	覆ズつ	
0x285BBA	4	FE	1	ア）搭	
0x285E89	4	FF	1	ぃび（ゥ	
0x285EA2	4	FF	1	ク）喫	
0x28701D	4	FF	1	ちボ・あ	
0x287069	4	FB	1	ちゼ・あ	
0x287B59	4	FF	1	ァィ（う	
0x287D01	4	FF	1	覆ズ・	
0x28A0E9	4	FF	1	むペ）あ	
0x28AE9A	4	FF	1	ペ）ぁョ	
0x28B6B5	4	FF	1	覆ズぅ	
0x28BBB9	4	FF	1	たペてあ	
0x28CE6D	4	FF	1	覆ズげ	
0x28D34D	4	FC	1	たペ）ナ	
0x28D428	4	FB	1	❤ッとい	
0x28F215	4	FB	1	ぃば（く	
0x28F275	4	FB	1	ぃど（く	
0x28F34D	4	FF	1	覆ズト	
0x28FD3D	4	F88F	1	ぜペ）そ	
0x2907DA	4	FF	1	アてダあ	
0x290E5D	4	FF	1	覆ズぎ	
0x291C3D	4	FA	1	たペ）そ	
0x2927E9	4	FF	1	ィペ）あ	
0x292EB1	4	FF	1	ぺさいＹ	
0x292FD9	4	FF	1	覆ズモ	
0x294395	4	FF	1	ァＲ葵	
0x294A01	4	FF	1	ぜペうえ	
0x2957BE	4	F830	1	ァ（ぐう	
0x295CF6	4	FF	1	さいたら	
0x295FF9	4	F880	1	ペペ）え	
0x296A62	4	FB	1	ィなビあ	
0x296AD6	4	FF	1	ィなワあ	
0x296B4A	4	FF	1	ィなソあ	
0x296BBE	4	FF	1	ィなだあ	
0x296C32	4	FF	1	ィなゆあ	
0x296CA6	4	FF	1	ィなくあ	
0x297006	4	FC	1	ペ）きォ	
0x297876	4	FB	1	ペ）ゃイ	
0x2988B5	4	FB	1	ぃび（ぜ	
0x2988E9	4	FB	1	ぃび（ゅ	
0x298C11	4	FB	1	ぃび（わ	
0x298C45	4	FB	1	ぃび（め	
0x2992F9	4	FC	1	うュ（た	
0x2995CE	4	FB	1	ペ）ラぼ	
0x29978D	4	FB	1	たズおぜ	
0x299795	4	FB	1	たズなぜ	
0x29A3A1	4	FB	1	覆ズ❤	
0x29A7AD	4	FF	1	たぢ（と	
0x29B759	4	F88F	1	覆ズ～	
0x29B892	4	FB	1	ォ碓７	
0x29BBF6	4	FB	1	ォ益６	
0x29BE0E	4	FB	1	ォ渥６	
0x29C906	4	FF	1	ペ）ぼル	
0x29C956	4	FF	1	ペ）ょル	
0x29C962	4	FC	1	ペ）っル	
0x29D25A	4	FF	1	ア）俄	
0x29D8D1	4	F88F	1	覆ズサ	
0x29DA75	4	FF	1	タペうえ	
0x29E4DD	4	FC	1	ぜペ１ち	
0x29E4F1	4	FC	1	ぜペ１し	
0x29E7A9	4	FC	1	ァＲ逸	
0x29EBF1	4	FA	1	覆ズす	
0x29EC51	4	FF	1	覆ズせ	
0x29ED09	4	FA	1	覆ズて	
0x29ED81	4	FA	1	覆ズふ	
0x29F069	4	F88F	1	ぽペ）ぃ	
0x29F5C5	4	FF	1	覆ズぬ	
0x29F976	4	FF	1	ヅ・之	
0x29FCDE	4	FB	1	ゥ（ロザ	
0x2A02CD	4	FC	1	みゥ（か	
0x2A03C5	4	FC	1	ぜィ（イ	
0x2A047D	4	FC	1	ぜィ（や	
0x2A069D	4	FF	1	あちゃあ	
0x2A06DC	4	FF	1	あそほだ	
0x2A06FC	4	FF	1	あたまぢ	
0x2A070C	4	FF	1	あせへぞ	
0x2A071C	4	FF	1	あぱぴだ	
0x2A073C	4	FF	1	あけのざ	
0x2A0774	4	FF	1	あすみづ	
0x2A11B9	4	F80C	1	ああいう	
0x2A1307	4	FF	1	ああいい	
0x2A1D0C	4	FF	1	あいうえ	
0x2A2680	4	F85A	1	決闘	결투
0x2A2CFD	4	FF	1	脊いせ	
0x2A2FAD	4	FF	1	吠いぎ	
0x2A3370	4	FF	1	Ｅアすい	
0x2A3378	4	FF	1	（アすい	
0x2A3380	4	FF	1	ごイすい	
0x2A3564	4	F8B8	1	Ｙデすい	
0x2A356C	4	F8B8	1	誂すい	
0x2A3574	4	F8B8	1	Ｉドすい	
0x2A35E0	4	F8B8	1	踵すい	
0x2A35E8	4	F8B8	1	やブすい	
0x2A39F8	4	FF	1	　すい	
0x2A3A00	4	FF	1	やＫすい	
0x2A3A08	4	FF	1	ヂＫすい	
0x2A3A10	4	FF	1	フＬすい	
0x2A3A18	4	FF	1	クＭすい	
0x2A3A20	4	FF	1	トＭすい	
0x2A4F98	4	F80E	1	ご０せい	
0x2A4FA0	4	F80E	1	ネ０せい	
0x2A4FA8	4	F80E	1	や１せい	
0x2A556C	4	FF	1	窄そい	
0x2A5574	4	FF	1	くいそい	
0x2A5584	4	FF	1	桃そい	
0x2A5AB8	4	FC	1	がづそい	
0x2A5AC0	4	FC	1	ネづそい	
0x2A5AC8	4	FC	1	Ｑづそい	
0x2A5B20	4	FF	1	しぷそい	
0x2A5B28	4	FF	1	❤ぷそい	
0x2A5B30	4	FF	1	ごぺそい	
0x2A639C	4	FC	1	納そい	
0x2A63A4	4	FC	1	くザそい	
0x2A63AC	4	FC	1	みザそい	
0x2A63B4	4	FC	1	がザそい	
0x2A63BC	4	FC	1	ぽザそい	
0x2A63C4	4	FC	1	ネザそい	
0x2A63CC	4	FC	1	ァザそい	
0x2A63E4	4	FC	1	ぽジそい	
0x2A63EC	4	FC	1	ネジそい	
0x2A63F4	4	FC	1	ァジそい	
0x2A63FC	4	FC	1	Ｅジそい	
0x2A6404	4	FC	1	❤ジそい	
0x2A640C	4	FC	1	くズそい	
0x2A6414	4	FC	1	っズそい	
0x2A641C	4	FC	1	タズそい	
0x2A6424	4	FC	1	ゲズそい	
0x2A642C	4	FC	1	Ｉズそい	
0x2A6434	4	FC	1	❤ズそい	
0x2A643C	4	FC	1	えゼそい	
0x2A6444	4	FC	1	わゼそい	
0x2A649C	4	FC	1	エゼそい	
0x2A6564	4	FC	1	ョゼそい	
0x2A656C	4	FC	1	ゲゼそい	
0x2A6574	4	FC	1	２ゼそい	
0x2A657C	4	FC	1	Ｑゼそい	
0x2A6584	4	FC	1	」ゼそい	
0x2A658C	4	FC	1	縞そい	
0x2A65B4	4	FC	1	ふゾそい	
0x2A65D4	4	FC	1	ぱゾそい	
0x2A65DC	4	FC	1	フゾそい	
0x2A65E4	4	FC	1	Ａゾそい	
0x2A6614	4	FC	1	しダそい	
0x2A661C	4	FC	1	づダそい	
0x2A6634	4	FC	1	Ｉダそい	
0x2A666C	4	FC	1	ワダそい	
0x2A667C	4	FC	1	とヂそい	
0x2A6684	4	FC	1	わヂそい	
0x2A66AC	4	FC	1	づヂそい	
0x2A66B4	4	FC	1	シヂそい	
0x2A66C4	4	FC	1	ヤヂそい	
0x2A66CC	4	FC	1	ゲヂそい	
0x2A6714	4	FC	1	ゲゾそい	
0x2A671C	4	FC	1	舎そい	
0x2A6734	4	FC	1	っゾそい	
0x2A673C	4	FC	1	２ヂそい	
0x2A6744	4	FC	1	射そい	
0x2A674C	4	FC	1	Ｑヂそい	
0x2A6754	4	FC	1	」ヂそい	
0x2A675C	4	FC	1	えヅそい	
0x2A6764	4	FC	1	ふヅそい	
0x2A6774	4	FC	1	っヅそい	
0x2A677C	4	FC	1	ぱヅそい	
0x2A6794	4	FC	1	づドそい	
0x2A679C	4	FC	1	シドそい	
0x2A68D4	4	FC	1	トヅそい	
0x2A68DC	4	FC	1	ワヅそい	
0x2A68F4	4	FC	1	ヂヅそい	
0x2A68FC	4	FC	1	Ａヅそい	
0x2A690C	4	FC	1	Ｙヅそい	
0x2A6914	4	FC	1	誅そい	
0x2A691C	4	FC	1	しデそい	
0x2A6954	4	FC	1	❤ヅそい	
0x2A695C	4	FC	1	やデそい	
0x2A6964	4	FC	1	ごデそい	
0x2A696C	4	FC	1	エデそい	
0x2A6974	4	FC	1	フデそい	
0x2A697C	4	FC	1	ォデそい	
0x2A6984	4	FC	1	ボデそい	
0x2A699C	4	FC	1	Ｉデそい	
0x2A69CC	4	FC	1	とドそい	
0x2A69D4	4	FC	1	わドそい	
0x2A6B94	4	FC	1	ヤドそい	
0x2A6B9C	4	FC	1	謁そい	
0x2A6BA4	4	FC	1	ふバそい	
0x2A6BAC	4	FC	1	ズバそい	
0x2A6BB4	4	FC	1	Ｉバそい	
0x2A6BBC	4	FC	1	！バそい	
0x2A6BCC	4	FC	1	びビそい	
0x2A6BDC	4	F899	1	Ａブそい	
0x2A6BE4	4	F899	1	フベそい	
0x2A6BEC	4	F899	1	わボそい	
0x2A6BF4	4	F899	1	ヂプそい	
0x2A6BFC	4	F899	1	くペそい	
0x2A6C04	4	F899	1	みペそい	
0x2A6C0C	4	F899	1	がペそい	
0x2A6C14	4	F899	1	りポそい	
0x2A6C1C	4	F899	1	ぜポそい	
0x2A6C24	4	F899	1	クポそい	
0x2A6C2C	4	F899	1	ミポそい	
0x2A6C34	4	F899	1	ョポそい	
0x2A6C3C	4	F899	1	❤ポそい	
0x2A6C4C	4	F899	1	り０そい	
0x2A6C5C	4	FC	1	たポそい	
0x2A6C64	4	FC	1	づ０そい	
0x2A6C6C	4	FC	1	シ０そい	
0x2A6C74	4	FC	1	ヤ０そい	
0x2A6C7C	4	FC	1	ゲ０そい	
0x2A6C94	4	FC	1	廃そい	
0x2A6C9C	4	FC	1	や１そい	
0x2A6CA4	4	FC	1	ク１そい	
0x2A6CAC	4	FC	1	ミ１そい	
0x2A6CB4	4	FC	1	ョ１そい	
0x2A6CBC	4	FC	1	ペ１そい	
0x2A6DDC	4	FC	1	ぜ５そい	
0x2A6DEC	4	FC	1	ヂ６そい	
0x2A6DF4	4	FC	1	タ７そい	
0x2A6E04	4	FC	1	エ８そい	
0x2A6E14	4	FC	1	ぽ９そい	
0x2A6E24	4	FC	1	トＡそい	
0x2A6E2C	4	FC	1	ミＢそい	
0x2A705C	4	FC	1	Ａポそい	
0x2A706C	4	FC	1	Ｙペそい	
0x2A7074	4	FC	1	」ペそい	
0x2A7334	4	FC	1	とＤそい	
0x2A733C	4	FC	1	遙そい	
0x2A734C	4	F8AF	1	ふＥそい	
0x2A7354	4	F8AF	1	びＥそい	
0x2A735C	4	F8AF	1	タＥそい	
0x2A7364	4	F8AF	1	ズＥそい	
0x2A736C	4	F8AF	1	わＦそい	
0x2A7374	4	F8AF	1	ぃＦそい	
0x2A737C	4	F8AF	1	ぱＦそい	
0x2A7384	4	F8AF	1	くＧそい	
0x2A738C	4	F8AF	1	ョＨそい	
0x2A7394	4	F8AF	1	ゲＨそい	
0x2A739C	4	F8AF	1	とＩそい	
0x2A740C	4	F8AF	1	買そい	
0x2A7A74	4	F8AF	1	トＰそい	
0x2A8CCE	4	FF	1	がぜきさ	
0x2A8EA4	4	FF	1	たペあい	
0x2A8EAA	4	FF	1	みタペい	
0x2AA9F1	4	FF	1	ねがくか	
0x2AB203	4	FF	1	ズここか	
0x2AB81B	4	FF	1	たぜああ	
0x2ABC07	4	FF	1	くぜかあ	
0x2AC189	4	FF	1	くぽえお	
0x2AC430	4	F88F	1	リザとい	
0x2AC438	4	F88F	1	ヂズとい	
0x2ACDEA	4	F820	1	ののこの	
0x2AD0AF	4	F808	1	打数	타수
0x2AD0C7	4	F808	1	安打	안타
0x2ADCBA	4	FF	1	いリぜあ	
0x2ADCC9	4	FF	1	タタきさ	
0x2ADD24	4	FF	1	タミかさ	
0x2AE1B6	4	FF	1	りトリと	
0x22DA1F	3	FD	1	こカ＋	
0x22DAE3	3	FD	1	こゆ＋	
0x22DCD7	3	F840	1	侠あ	
0x22DCDF	3	F840	1	喰あ	
0x22DCE3	3	F840	1	刑い	
0x22DCE7	3	F840	1	勲あ	
0x22DCF3	3	F840	1	肩あ	
0x22DCF7	3	F840	1	卦い	
0x22DCFB	3	F840	1	丘い	
0x22DCFF	3	F840	1	級い	
0x22DD03	3	F840	1	矯い	
0x22DD07	3	F840	1	具い	
0x22DD0B	3	F840	1	偶い	
0x22DD23	3	F840	1	こベい	
0x22DD27	3	F840	1	吸う	
0x22DD3B	3	F840	1	宮う	
0x22DDA7	3	FD	1	こレい	
0x22DE1B	3	FF	1	こスい	
0x22DE1F	3	FF	1	競し	
0x22DE33	3	FF	1	況し	
0x22DE7B	3	FF	1	こでい	
0x22DE97	3	FF	1	挟そ	
0x22DECF	3	FF	1	こぃい	
0x22DF27	3	FD	1	こはい	
0x22DF43	3	FD	1	訓テ	
0x22DF83	3	FD	1	こうい	
0x22DF87	3	FD	1	群ィ	
0x22DFCA	3	FF	1	Ｚおク	
0x22E03B	3	FF	1	隙あ	
0x22E0A3	3	FF	1	こＰあ	
0x22E10B	3	FF	1	こポあ	
0x22E14B	3	FD	1	求ぱ	
0x22E1D3	3	FD	1	求さ	
0x22E20B	3	FD	1	却テ	
0x22E243	3	FD	1	結ケ	
0x22E2CB	3	FD	1	況ば	
0x22E2DF	3	FD	1	鏡ば	
0x22E317	3	FD	1	こほあ	
0x22E347	3	FD	1	橘ス	
0x22E37F	3	FD	1	こえあ	
0x22E4A7	3	FD	1	僅カ	
0x22E4BB	3	FD	1	禁カ	
0x22E4F7	3	FD	1	警シ	
0x22E50B	3	FD	1	継ス	
0x22E547	3	FD	1	窪ざ	
0x22E55B	3	FD	1	粂ざ	
0x22E61B	3	FF	1	禽じ	
0x22E756	3	FD	1	Ｚおせ	
0x22E77F	3	FD	1	係チ	
0x22E836	3	FF	1	ァ（コ	
0x22EA27	3	FD	1	珪く	
0x22EA3F	3	FD	1	健タ	
0x22EA82	3	FD	1	ペうた	
0x22EB4E	3	FD	1	Ｙおえ	
0x22EB53	3	FD	1	屑い	
0x22EDAB	3	FD	1	こほタ	
0x22EED2	3	FD	1	プおり	
0x22EF76	3	FF	1	ィおＵ	
0x22EFB7	3	FD	1	愚ソ	
0x22EFE6	3	FD	1	ィお２	
0x22F027	3	FD	1	欽ソ	
0x22F047	3	FD	1	共い	
0x22F14E	3	FD	1	ペ）ぺ	
0x22F1CE	3	FD	1	ペ）ぁ	
0x22F37A	3	FD	1	ぜ…み	
0x22F392	3	FD	1	エうほ	
0x22F4EA	3	FD	1	アあく	
0x22F5F2	3	FF	1	ィお○	
0x22F633	3	FD	1	剣ス	
0x22F662	3	FD	1	ィおＢ	
0x22F6A3	3	FD	1	警ス	
0x22F846	3	FD	1	ペ）ゼ	
0x22FC4E	3	FD	1	ペ）せ	
0x22FC8B	3	FC	1	えぽた	
0x2301B6	3	FC	1	ペ）く	
0x23066A	3	FC	1	ペ１ネ	
0x23087A	3	FD	1	ュ）み	
0x2309C1	3	FD	1	みペぢ	
0x230BBA	3	FD	1	ャ）み	
0x230BEA	3	FD	1	う（い	
0x230D6A	3	FF	1	ゾ・あ	
0x230D72	3	FF	1	ゥ・ほ	
0x230DEA	3	FD	1	オ）え	
0x230E7A	3	FF	1	ゥちＱ	
0x230F9B	3	FF	1	はイー	
0x230FBA	3	F88F	1	Ｒくあ	
0x23142A	3	FF	1	ぽ）ぱ	
0x2314AA	3	FF	1	ビ姶	
0x231596	3	FD	1	ペ）ド	
0x23181A	3	F88D	1	ィ（か	
0x231AF1	3	F84F	1	たペＨ	
0x231BF6	3	FF	1	ぁ）ふ	
0x231CB6	3	FF	1	エ）も	
0x231EF2	3	FD	1	イ）わ	
0x231EF6	3	FD	1	ボおか	
0x232096	3	FD	1	オうえ	
0x23227E	3	FD	1	オ）う	
0x232D4E	3	FD	1	デ）え	
0x2335B7	3	F9	1	究ぷ	
0x23362A	3	FD	1	ォなこ	
0x233632	3	FD	1	ォおが	
0x233653	3	FF	1	県え	
0x2336EB	3	FF	1	芸ぴ	
0x23380A	3	FF	1	オ）お	
0x23388F	3	FF	1	欽え	
0x233966	3	FF	1	プなた	
0x233AA3	3	FF	1	兼う	
0x233ABF	3	FF	1	こぺあ	
0x233B17	3	FF	1	蛍う	
0x233B77	3	FF	1	はうっ	
0x233B87	3	FF	1	故あ	
0x233B8B	3	FF	1	遣ぉ	
0x233BAB	3	FF	1	訓う	
0x233BC7	3	FF	1	こすあ	
0x233C8F	3	FD	1	恐ゃ	
0x233D1F	3	F863	1	隈ぉ	
0x233E2E	3	FF	1	ぁ）ミ	
0x233E3E	3	FF	1	ペ）ゆ	
0x233F8A	3	FD	1	ッおふ	
0x23400E	3	FD	1	ぽてい	
0x2344C3	3	FF	1	局あ	
0x234BA2	3	FF	1	ペてク	
0x234BA6	3	FF	1	ォなあ	
0x234D86	3	FF	1	エ）み	
0x234DC5	3	FF	1	りペ）	
0x2350C6	3	F880	1	Ｒくづ	
0x235176	3	FF	1	ァいシ	
0x23517A	3	FF	1	ォおい	
0x23517E	3	FF	1	ァつシ	
0x2352EB	3	FF	1	暁あ	
0x235307	3	FF	1	鏡あ	
0x235313	3	FF	1	興あ	
0x235317	3	FF	1	脅あ	
0x235327	3	FF	1	鋸あ	
0x23532B	3	FF	1	距あ	
0x23532F	3	FF	1	許あ	
0x235333	3	FF	1	共あ	
0x235337	3	FF	1	強あ	
0x235BE2	3	FF	1	ぽてね	
0x235CE6	3	FD	1	ぽ）ニ	
0x235D46	3	FF	1	ペ）ピ	
0x235D86	3	FD	1	ア）ぬ	
0x235E2A	3	FD	1	ぽ）な	
0x235E92	3	FF	1	シ）も	
0x235FA6	3	FC	1	ペうほ	
0x235FB2	3	FF	1	ぁ）く	
0x236236	3	F847	1	ペ）め	
0x2362F2	3	FF	1	ぽての	
0x236392	3	FF	1	。おあ	
0x2363DE	3	FD	1	ゥ・お	
0x236406	3	FD	1	エうか	
0x23640E	3	FD	1	ペ）ぴ	
0x2364DE	3	FD	1	ペ）ざ	
0x2365B2	3	F813	1	イちい	
0x23679E	3	FD	1	ペ）ゴ	
0x236853	3	FC	1	禁き	
0x236857	3	FC	1	琴き	
0x236867	3	FC	1	桑あ	
0x23686F	3	FC	1	均き	
0x236873	3	FC	1	憲あ	
0x236877	3	FC	1	駆い	
0x23687B	3	FC	1	求う	
0x23687F	3	FC	1	粁う	
0x236883	3	FC	1	句う	
0x236887	3	FC	1	欠う	
0x23688B	3	FC	1	協え	
0x23688F	3	FC	1	錦え	
0x236893	3	FC	1	偶え	
0x236897	3	FC	1	暁き	
0x23689B	3	FC	1	傑え	
0x23689F	3	FC	1	検え	
0x2368A3	3	FC	1	虐お	
0x2368A7	3	FC	1	牛お	
0x2368AB	3	FC	1	恐お	
0x2368AF	3	FC	1	欣お	
0x2368B3	3	FC	1	遇お	
0x2368B7	3	FC	1	圭お	
0x2368BB	3	FC	1	蛍お	
0x2368BF	3	FC	1	件お	
0x2368C3	3	FC	1	砧か	
0x2368C7	3	FC	1	魚か	
0x2368CB	3	FC	1	斤か	
0x2368CF	3	FC	1	祁か	
0x2368D3	3	FC	1	犬か	
0x237196	3	FF	1	ペうへ	
0x2376FA	3	FF	1	バ）こ	
0x238A3E	3	FA	1	ていタ	
0x238B12	3	FF	1	お（フ	
0x238F2A	3	FA	1	ていＵ	
0x238F96	3	FF	1	ぜつふ	
0x239076	3	FD	1	ペぢく	
0x2390B6	3	FD	1	ぽうち	
0x2390F6	3	FD	1	イあ」	
0x239452	3	FD	1	ォ逢	
0x239842	3	FB	1	ていぽ	
0x2399AE	3	FF	1	ッおバ	
0x239BEE	3	FD	1	ペうズ	
0x239CFA	3	FF	1	エ）ヂ	
0x239EEA	3	FD	1	ペてＱ	
0x23A1C2	3	FF	1	カ）か	
0x23A6E6	3	FF	1	ア）み	
0x23A8AA	3	FF	1	ぽ）け	
0x23A941	3	FF	1	ぞゼＬ	
0x23BBCA	3	FD	1	ォ）だ	
0x23BDAE	3	FF	1	ャ旭	
0x23BF36	3	FC	1	ペて２	
0x23BFD6	3	FF	1	ヂ旭	
0x23C592	3	FF	1	ネＧく	
0x23D32A	3	FD	1	ペ）ヴ	
0x23D54D	3	FF	1	ぜペう	
0x23D7B6	3	FF	1	ぁ）ぢ	
0x23D9BA	3	FD	1	ョ縁	
0x23DDCF	3	FF	1	朽や	
0x23E3E6	3	FF	1	ぁ）り	
0x23E746	3	F883	1	ィＺい	
0x23E76A	3	FF	1	プおえ	
0x23E7B6	3	FE	1	ア）し	
0x23E9AA	3	FF	1	ていゲ	
0x23EE52	3	FC	1	エ）け	
0x23F0C9	3	FD	1	ぃギ（	
0x23F3D2	3	F881	1	Ｒねえ	
0x23F562	3	F881	1	つ）み	
0x23F576	3	F881	1	ぽうか	
0x23F5F2	3	F881	1	つ）か	
0x23F72A	3	F881	1	ウう／	
0x23F74A	3	FF	1	ぽうて	
0x23F782	3	FD	1	ア）や	
0x23FD42	3	FD	1	といァ	
0x23FF61	3	FC	1	みャ（	
0x24018F	3	FF	1	及あ	
0x24019F	3	FF	1	轡あ	
0x2401B7	3	FF	1	こゾあ	
0x240323	3	FF	1	こょあ	
0x2403D7	3	FF	1	ここあ	
0x240457	3	FF	1	こ桔	
0x24058E	3	FF	1	ペ）リ	
0x24064E	3	FF	1	ぁ）フ	
0x2406E2	3	FF	1	ぁ）ば	
0x24076E	3	FF	1	ぁ）や	
0x240906	3	FF	1	ッ悪	
0x240982	3	FF	1	エうク	
0x240B36	3	FF	1	エうび	
0x2411FE	3	F88F	1	ペ）ハ	
0x24122A	3	F88F	1	イ１い	
0x24126D	3	FF	1	ズペて	
0x24143E	3	FD	1	イうお	
0x241446	3	FD	1	ペ）を	
0x24151E	3	FD	1	ゼ３い	
0x24161A	3	FD	1	ペ）ャ	
0x241653	3	FE	1	建ァ	
0x241AC2	3	FC	1	ペてろ	
0x2432F6	3	FD	1	ア１い	
0x2433C6	3	FF	1	ぁ）ぽ	
0x24357A	3	FC	1	あ（ふ	
0x243776	3	F800	1	ぽ１う	
0x2442CA	3	FF	1	プおあ	
0x24448E	3	FF	1	エ）き	
0x2446EA	3	FF	1	ペ）マ	
0x24470E	3	FF	1	ペ）ニ	
0x24473E	3	FC	1	ペ）コ	
0x24486E	3	FD	1	ぽ）つ	
0x24487A	3	FD	1	ペ「さ	
0x244886	3	FD	1	ペ「く	
0x244892	3	FD	1	ペ「お	
0x24489E	3	FD	1	ペ「い	
0x2448AA	3	FD	1	ペ「か	
0x2449F3	3	FD	1	巾あ	
0x2449F7	3	FD	1	筋あ	
0x2449FB	3	FD	1	砧い	
0x244D1A	3	FD	1	カうＢ	
0x244E82	3	F801	1	オ）い	
0x2450DA	3	FD	1	ュ）あ	
0x2452AF	3	FF	1	裟ら	
0x2452CF	3	FF	1	坤ら	
0x245329	3	F800	1	ァョ（	
0x24532F	3	FF	1	』ヅく	
0x2453DF	3	FF	1	８ぉら	
0x24540B	3	FF	1	８ぷら	
0x245437	3	FF	1	８ぢら	
0x245463	3	FF	1	８がら	
0x245CD2	3	FD	1	ゥない	
0x245CDA	3	FD	1	ゥおＥ	
0x245CEE	3	FD	1	ゥな９	
0x245D2A	3	FD	1	アうい	
0x245D32	3	FD	1	ゥおブ	
0x245D5A	3	FD	1	ゥなズ	
0x245D9E	3	FD	1	ゥなヴ	
0x245DE2	3	FD	1	ゥなホ	
0x245E26	3	FD	1	ゥなス	
0x245E5E	3	FD	1	ゥなぺ	
0x245E92	3	FD	1	ゥ３だ	
0x245EB2	3	FD	1	ゥ３ぐ	
0x245EE6	3	FD	1	ゥ３を	
0x245F26	3	FD	1	ゥ３へ	
0x246432	3	FD	1	ペ）ゃ	
0x2464AF	3	FF	1	宮あ	
0x2464B3	3	FF	1	桁あ	
0x2464B7	3	FF	1	境あ	
0x2464BF	3	FF	1	斤あ	
0x2464C3	3	FF	1	戟あ	
0x2464C7	3	FF	1	狗あ	
0x2464CF	3	FF	1	迎あ	
0x2464D3	3	FF	1	芸あ	
0x2464D7	3	FF	1	鶏あ	
0x2464DB	3	FF	1	屈あ	
0x2464E3	3	FF	1	形あ	
0x2464FB	3	FF	1	こＹあ	
0x2464FF	3	FF	1	球ポ	
0x246513	3	FF	1	究ポ	
0x24656F	3	FD	1	こ５あ	
0x2465C3	3	FF	1	劫あ	
0x2465DB	3	FF	1	こゲあ	
0x246643	3	FF	1	硬あ	
0x24665B	3	FF	1	こフあ	
0x24668F	3	FF	1	慌あ	
0x2466A7	3	FF	1	こケあ	
0x2466DF	3	FF	1	厚あ	
0x2466F7	3	FF	1	こであ	
0x246713	3	FF	1	圭あ	
0x24674B	3	FF	1	こぃあ	
0x24674F	3	FF	1	契ま	
0x2468DF	3	FD	1	漁み	
0x246BD2	3	FF	1	Ｙおせ	
0x247342	3	FF	1	カ）き	
0x24743F	3	FF	1	救あ	
0x247443	3	FF	1	狭あ	
0x247493	3	FF	1	こヤあ	
0x2474E3	3	FF	1	抗あ	
0x2474F7	3	FF	1	庚あ	
0x24750F	3	FF	1	こオあ	
0x24753B	3	FF	1	勾あ	
0x24755B	3	FF	1	こだあ	
0x247577	3	FF	1	語あ	
0x24758B	3	FD	1	悟あ	
0x24759F	3	FF	1	呉あ	
0x24760B	3	FD	1	啓ち	
0x247737	3	FE	1	熊ふ	
0x24781B	3	FD	1	恐る	
0x2478FF	3	FD	1	型と	
0x2479E3	3	FF	1	櫛ボ	
0x2479FA	3	FF	1	ォおは	
0x247D4B	3	FF	1	駒く	
0x247DF6	3	FF	1	ぁ）カ	
0x248516	3	FF	1	ぁ）こ	
0x24873E	3	FC	1	ゥ）こ	
0x248952	3	FC	1	ゥ）え	
0x249712	3	F84F	1	ナＧお	
0x249BE2	3	FD	1	ョ）し	
0x249F9B	3	F840	1	峡あ	
0x24A4BA	3	FC	1	ィおえ	
0x24A602	3	FF	1	イちあ	
0x24A65F	3	FF	1	こゾう	
0x24ABAA	3	FF	1	ィＪョ	
0x24AD3E	3	F9	1	ヂおし	
0x24AF1A	3	FF	1	ガ塊	
0x24AF49	3	FF	1	ミペう	
0x24AF76	3	FF	1	ぞ（い	
0x24AFAA	3	FF	1	Ｙなつ	
0x24B112	3	F800	1	キＦし	
0x24B122	3	F800	1	キＶく	
0x24B132	3	F800	1	カＦえ	
0x24B15A	3	F800	1	アてせ	
0x24B346	3	FD	1	カ）ク	
0x24B6CA	3	F880	1	ォ尉	
0x24B742	3	FF	1	ォ哀	
0x24B796	3	FF	1	ォ姶	
0x24B7A5	3	FD	1	ぅゼ・	
0x24BD2A	3	FD	1	ペ）ま	
0x24C16E	3	F84F	1	シう『	
0x24C186	3	FF	1	サああ	
0x24C2DE	3	FF	1	ッ逢	
0x24C31A	3	FF	1	ペうＫ	
0x24C31E	3	FF	1	ェ）あ	
0x24C8AA	3	FD	1	ガつさ	
0x24C8AE	3	FD	1	ペうＳ	
0x24C979	3	FF	1	だダ・	
0x24CABE	3	FF	1	ョいみ	
0x24CAC2	3	FF	1	グおお	
0x24CADA	3	FF	1	ョいた	
0x24CADE	3	FF	1	グおあ	
0x24CC2A	3	FD	1	ペ）わ	
0x24CE1E	3	FD	1	ぽ）た	
0x24D12A	3	F843	1	ぽてう	
0x24DB2E	3	F88F	1	ゴ唖	
0x24DD52	3	FF	1	ペ）チ	
0x24E2B6	3	FD	1	ァつＦ	
0x24E8D7	3	FF	1	はァお	
0x24E922	3	FF	1	ぁ）つ	
0x24EAE6	3	F8FC	1	ペ）ぃ	
0x24F3DE	3	FF	1	ゲＪう	
0x24F3E6	3	FF	1	ゲ３ぺ	
0x24F3FE	3	FF	1	ゲＪい	
0x24F406	3	FF	1	ゲ３ば	
0x24F4D9	3	FF	1	ポデき	
0x24F4DD	3	FF	1	ポヅぬ	
0x24F53E	3	FF	1	イああ	
0x24F5C2	3	FC	1	お（ね	
0x24F8E6	3	FC	1	エ）ね	
0x24F9B2	3	FC	1	カ）ぬ	
0x24FACA	3	FC	1	ペ１も	
0x24FB4A	3	FC	1	ペ１ぐ	
0x24FC22	3	FD	1	アあっ	
0x24FC26	3	FD	1	ヅおう	
0x24FC2A	3	FD	1	ぽあい	
0x24FD7E	3	FC	1	エ）ち	
0x24FDEE	3	FF	1	タつし	
0x24FDF2	3	FF	1	ゴな」	
0x24FDFA	3	FF	1	エ）お	
0x24FE4E	3	FF	1	エ）し	
0x25000E	3	F810	1	ゥおす	
0x250022	3	F810	1	ゥおく	
0x25010A	3	FC	1	ク）な	
0x250196	3	FE	1	ク）え	
0x2501AA	3	FE	1	ク）は	
0x250222	3	FC	1	ク）そ	
0x25022E	3	FC	1	ク）し	
0x25026E	3	FC	1	ク）エ	
0x25027A	3	FC	1	ク）ア	
0x2502D1	3	FF	1	あダ・	
0x25043E	3	FC	1	ぽてさ	
0x25051E	3	F830	1	アちや	
0x250522	3	F830	1	ゾなう	
0x250546	3	F883	1	Ｒねぜ	
0x250576	3	F883	1	Ｒねべ	
0x250596	3	F883	1	Ｒねぽ	
0x2505DA	3	F883	1	Ｒねア	
0x25061E	3	F883	1	Ｒくエ	
0x25063E	3	F883	1	Ｒねオ	
0x25065A	3	F883	1	Ｒくサ	
0x25068A	3	F883	1	Ｒねミ	
0x2506A6	3	F883	1	Ｒくム	
0x2507CA	3	FF	1	ペ）バ	
0x2508EA	3	FF	1	ク）ろ	
0x2508F2	3	FF	1	ク）る	
0x250962	3	FF	1	キ）て	
0x25097A	3	FF	1	ウちき	
0x250992	3	FF	1	イうき	
0x250C7E	3	F840	1	カ）よ	
0x250CD2	3	FF	1	ぁ）ち	
0x2511AA	3	FD	1	ペぢや	
0x251222	3	FD	1	プおた	
0x251272	3	FC	1	アあう	
0x251632	3	FF	1	ア）ほ	
0x251636	3	FF	1	ぁＶが	
0x251662	3	FF	1	アあふ	
0x251666	3	FF	1	プおほ	
0x25199F	3	F88F	1	はぜえ	
0x2519A7	3	F88F	1	傾え	
0x251CCF	3	FC	1	はヤう	
0x251EC7	3	FF	1	郡く	
0x251F67	3	FF	1	欽あ	
0x252006	3	FA	1	ゲ（あ	
0x252093	3	FA	1	はずえ	
0x2520AF	3	FA	1	刑え	
0x2520E6	3	FA	1	ぽうぬ	
0x252147	3	FC	1	継い	
0x25268D	3	FD	1	ミゥ（	
0x252816	3	FD	1	ペ１め	
0x25285A	3	FC	1	ペ１さ	
0x25288A	3	FC	1	キ）ひ	
0x2528C6	3	FC	1	ペＦば	
0x252A06	3	FC	1	エ）つ	
0x252A51	3	FC	1	むピ・	
0x252B53	3	FC	1	ぐトＳ	
0x252C1E	3	FF	1	コ）お	
0x252C91	3	FC	1	ィギ（	
0x252D41	3	FC	1	ズャ（	
0x252E05	3	FC	1	つギ（	
0x252FBB	3	FC	1	ぐべＲ	
0x253097	3	FC	1	ぐてＲ	
0x25320E	3	F88F	1	オ）に	
0x25321A	3	F88F	1	オ）て	
0x253256	3	F88F	1	ペ）オ	
0x253C3A	3	FC	1	ペ１か	
0x253CF2	3	FC	1	ペ）ッ	
0x253DA2	3	F880	1	シ）い	
0x253DAE	3	F880	1	シ）に	
0x253E46	3	F840	1	ぞつぃ	
0x253F06	3	F880	1	Ｒくと	
0x2542CD	3	FD	1	た「お	
0x2542D2	3	FD	1	アうニ	
0x254422	3	F8E2	1	あ（ゾ	
0x2544AA	3	F8E2	1	ペ）ヨ	
0x2544CB	3	F8E2	1	こＯた	
0x2544F7	3	FD	1	珪た	
0x25452F	3	FD	1	こてあ	
0x254756	3	FD	1	ア）な	
0x254762	3	FD	1	ア）つ	
0x25493E	3	FC	1	ぽ）ト	
0x254946	3	FC	1	シああ	
0x2549F2	3	FD	1	ズ）お	
0x254A06	3	FD	1	ペぢト	
0x254A0A	3	FD	1	ャでぁ	
0x254A2A	3	FD	1	ア）ト	
0x254A2E	3	FD	1	ャ３よ	
0x254A6E	3	FD	1	ャ３に	
0x254ACE	3	FD	1	ャ３り	
0x254ADA	3	FD	1	イ）ト	
0x254AE2	3	FD	1	エああ	
0x25527E	3	FC	1	エ）ぴ	
0x25529A	3	FC	1	ア）ぞ	
0x2552A6	3	FC	1	ア）じ	
0x25548A	3	F88F	1	サ）く	
0x255876	3	FF	1	カ）し	
0x25587E	3	FF	1	カちい	
0x255972	3	F880	1	ア）と	
0x255E0B	3	FF	1	謹い	
0x255E0F	3	FF	1	襟い	
0x255E23	3	FF	1	砧あ	
0x255E27	3	FF	1	禽い	
0x255E2B	3	FF	1	享あ	
0x255E33	3	FF	1	欽い	
0x255E3B	3	FF	1	仰あ	
0x255E3F	3	FF	1	怯あ	
0x255E43	3	FF	1	捲あ	
0x255E47	3	FF	1	均い	
0x255E4B	3	FF	1	勤い	
0x255E4F	3	FF	1	僅い	
0x255E53	3	FF	1	粁い	
0x255E57	3	FF	1	魚い	
0x255E5B	3	FF	1	胸い	
0x255E6F	3	FF	1	こヅヒ	
0x255E87	3	FF	1	孝い	
0x255E9F	3	FF	1	こぷい	
0x255EA3	3	FF	1	契ツ	
0x255EB7	3	FF	1	形ツ	
0x255F67	3	FF	1	戸い	
0x255F7F	3	FF	1	こにい	
0x255F83	3	FF	1	月ヒ	
0x255F97	3	FF	1	権ヒ	
0x255FBF	3	FF	1	厳い	
0x25600B	3	FF	1	肴あ	
0x25602B	3	FF	1	こ顕	
0x2560F7	3	FF	1	梱あ	
0x256103	3	FF	1	昏あ	
0x25611B	3	FF	1	こＤあ	
0x25615B	3	FF	1	穀あ	
0x25617B	3	FF	1	こドあ	
0x256227	3	FF	1	洪あ	
0x256233	3	FF	1	梗あ	
0x256257	3	FF	1	研ハ	
0x256353	3	FF	1	糊あ	
0x25636B	3	FF	1	こひあ	
0x25639B	3	FF	1	言あ	
0x2563B3	3	FF	1	こけあ	
0x25654F	3	FD	1	郡ン	
0x2565D7	3	FC	1	慧お	
0x2565EB	3	FC	1	捲お	
0x25667B	3	FF	1	況パ	
0x25668F	3	FF	1	矯パ	
0x2566C2	3	FC	1	ゲ哀	
0x256732	3	FF	1	Ｙなる	
0x256756	3	FF	1	Ｙおみ	
0x256A67	3	FF	1	圭ネ	
0x256C23	3	FF	1	具ラ	
0x256CF3	3	FF	1	究あ	
0x256D2F	3	FF	1	峡ラ	
0x256D4B	3	FF	1	こダあ	
0x256DA7	3	FF	1	肱あ	
0x256DBB	3	FF	1	絞あ	
0x256DBF	3	FF	1	笈ラ	
0x256E63	3	FF	1	向あ	
0x256E8B	3	FF	1	嫌ヨ	
0x256EA7	3	FF	1	こごあ	
0x256ED7	3	FF	1	午あ	
0x256EEB	3	FF	1	顧あ	
0x256F33	3	FF	1	系ヨ	
0x256F6F	3	FF	1	源あ	
0x256F83	3	FF	1	原あ	
0x25701F	3	FF	1	愚ヨ	
0x257063	3	FF	1	近ヨ	
0x25710B	3	FF	1	況ヨ	
0x2572AB	3	FF	1	局セ	
0x2572C2	3	FF	1	ォおゃ	
0x257356	3	FF	1	ォおせ	
0x2575B7	3	FF	1	糾ユ	
0x25769F	3	FF	1	券ヤ	
0x25790D	3	FC	1	たペ１	
0x257941	3	FC	1	ちヂ・	
0x257F4A	3	FD	1	ペ）づ	
0x2580EA	3	FC	1	ョ姶	
0x2582DE	3	FC	1	ォちが	
0x2587C6	3	FC	1	ペうワ	
0x2587DB	3	FC	1	えけい	
0x2590E7	3	FF	1	玖ソ	
0x25A57E	3	FC	1	ッ茜	
0x25C507	3	FF	1	狂チ	
0x25C55F	3	FF	1	侠チ	
0x25C58E	3	FF	1	ぁ）ん	
0x25C79E	3	FF	1	ぁ）ヂ	
0x25C8BA	3	FF	1	ッおお	
0x25C8D2	3	FF	1	ペてし	
0x25C8D6	3	FF	1	ッなお	
0x25D719	3	F84F	1	たぞ（	
0x25D796	3	FF	1	ゲ或	
0x25DE1E	3	FF	1	シ）め	
0x25DE76	3	FF	1	セ）し	
0x25E94A	3	FF	1	ペ）デ	
0x25ECB2	3	F80E	1	ガ（ね	
0x25ECB6	3	F80E	1	ち）や	
0x25EE09	3	FF	1	ぜタＧ	
0x25F00A	3	FF	1	カちせ	
0x25F0DE	3	FF	1	ペ）た	
0x25F0F6	3	FF	1	タＷた	
0x25F0FA	3	FF	1	ォＺえ	
0x25F20E	3	FC	1	カちさ	
0x25F566	3	F843	1	ッ（の	
0x25F56A	3	F843	1	ち）え	
0x25F70E	3	FF	1	ズおた	
0x25F732	3	FF	1	プおタ	
0x25F736	3	FF	1	プなィ	
0x25F95A	3	FF	1	エ）く	
0x25F97A	3	FF	1	エ）よ	
0x25F9AA	3	FF	1	エ）ア	
0x25F9B6	3	FF	1	エちろ	
0x25FA4A	3	FF	1	ぁ）る	
0x25FA66	3	FF	1	ぁ）め	
0x25FA86	3	FF	1	ぁ）は	
0x25FB5A	3	FD	1	ペあほ	
0x25FF26	3	FF	1	ィ）し	
0x2603A6	3	FF	1	ペうこ	
0x2603B2	3	FF	1	ペうき	
0x2603FE	3	F800	1	エ）ぺ	
0x260446	3	F800	1	アてあ	
0x2604BA	3	FF	1	ィ（せ	
0x2604CE	3	FF	1	ゥ・し	
0x260886	3	FF	1	アちへ	
0x26088E	3	FF	1	アちほ	
0x2608A2	3	FF	1	アちう	
0x2608AE	3	FF	1	ィ（あ	
0x260932	3	FD	1	ア）ゆ	
0x26093E	3	FD	1	ア）め	
0x260961	3	FD	1	ぜォ）	
0x26097E	3	FF	1	ペ）ポ	
0x2609B6	3	FF	1	イてえ	
0x260BF6	3	FF	1	ぁ、あ	
0x260BFE	3	FF	1	ぁちあ	
0x2611B6	3	FF	1	ィ）ら	
0x26188E	3	FF	1	ッ亜	
0x261A7F	3	FC	1	隅う	
0x261A87	3	FC	1	脚え	
0x261A8F	3	FC	1	愚え	
0x261A97	3	FC	1	逆お	
0x261A9F	3	FC	1	屑お	
0x261AA7	3	FC	1	久か	
0x261AAF	3	FC	1	寓か	
0x261AB7	3	FC	1	吸き	
0x261ABF	3	FC	1	繋き	
0x261AC7	3	FC	1	許く	
0x261B02	3	FC	1	ァ（ね	
0x261B43	3	FC	1	球う	
0x261B4B	3	FC	1	局う	
0x261B5B	3	FC	1	業え	
0x261B63	3	FC	1	件え	
0x261B6B	3	FC	1	錦お	
0x261B73	3	FC	1	倦お	
0x261B7B	3	FC	1	桐か	
0x261B83	3	FC	1	剣か	
0x261B8B	3	FC	1	隈き	
0x261D5B	3	FF	1	稿ち	
0x263BC7	3	FC	1	憲な	
0x263BDF	3	FC	1	啓に	
0x263F1A	3	FC	1	ェ）み	
0x2641DE	3	FF	1	キああ	
0x2651EE	3	FF	1	セああ	
0x265A3A	3	FC	1	コ）な	
0x265A46	3	FC	1	ペ）み	
0x265A66	3	FC	1	オ）こ	
0x265A72	3	FC	1	ペ）ね	
0x265ACA	3	FF	1	パおお	
0x265ACE	3	FF	1	ぽああ	
0x265B8A	3	FC	1	か（う	
0x265BE2	3	F800	1	ュ宴	
0x266A87	3	FC	1	采い	
0x266A9B	3	FC	1	荒い	
0x266B2F	3	FC	1	こサい	
0x266BF3	3	FF	1	これい	
0x266CEB	3	FF	1	こ策	
0x266D13	3	FF	1	はヌう	
0x266D1B	3	FF	1	袈う	
0x266E1B	3	FF	1	こペあ	
0x26700B	3	FF	1	こやあ	
0x267157	3	FF	1	潔い	
0x2677F9	3	FC	1	Ｕペう	
0x267A96	3	FC	1	ズ３み	
0x267EBB	3	FC	1	禦お	
0x267ED3	3	FC	1	検お	
0x267FE6	3	FC	1	エうく	
0x268312	3	FC	1	ぽてヴ	
0x268852	3	FC	1	ェおＥ	
0x2688C2	3	FC	1	う（ゥ	
0x2689F6	3	FC	1	エうき	
0x268BBA	3	FC	1	ェおァ	
0x268EF6	3	FC	1	ェおＩ	
0x26915A	3	FC	1	ぽうす	
0x26923A	3	FC	1	し（あ	
0x2692B2	3	FC	1	Ｘなえ	
0x269662	3	F89D	1	あ険	
0x26989A	3	FF	1	Ｚなお	
0x269973	3	F82A	1	虚い	
0x26997F	3	F82A	1	拠い	
0x26998F	3	F82A	1	去い	
0x2699A3	3	F82A	1	こほい	
0x2699AF	3	F82A	1	こひい	
0x2699C7	3	F82A	1	こない	
0x2699D7	3	F82A	1	こちい	
0x2699E3	3	F82A	1	こせい	
0x269B83	3	FC	1	こギお	
0x269B87	3	FC	1	枯い	
0x269B9B	3	FC	1	己い	
0x269CA3	3	FF	1	こ？あ	
0x269D17	3	FF	1	こＯあ	
0x269D9B	3	FF	1	こビあ	
0x269E0B	3	FF	1	こヲあ	
0x269F07	3	FF	1	こじあ	
0x26A223	3	FF	1	挙き	
0x26A2F2	3	FF	1	ペ１い	
0x26A302	3	FF	1	ペＨい	
0x26A473	3	FF	1	ギェい	
0x26A4CE	3	FC	1	ィ（り	
0x26A4D7	3	FC	1	』ハい	
0x26A543	3	FC	1	こぺい	
0x26A6FB	3	FC	1	こＡい	
0x26A70F	3	FC	1	こ辿	
0x26AD99	3	FF	1	ぜペも	
0x26AF62	3	FF	1	ア）は	
0x26AF8F	3	FF	1	鍵た	
0x26B44D	3	FF	1	えィ）	
0x26B569	3	FF	1	たペむ	
0x26B5C1	3	FF	1	ぃペも	
0x26BEF2	3	FA	1	シ）つ	
0x26BEFE	3	FA	1	イ）そ	
0x26BF62	3	FA	1	プなみ	
0x26BFEA	3	FF	1	ウ）ほ	
0x26BFEE	3	FF	1	ぁあえ	
0x26C62A	3	FD	1	ぽ）ぐ	
0x26C66E	3	FD	1	アてる	
0x26C6D6	3	FD	1	アてそ	
0x26C762	3	F881	1	Ｒくふ	
0x26C83A	3	F841	1	ョ（う	
0x26C852	3	F841	1	ョ（え	
0x26CA9E	3	FF	1	ぁ）ズ	
0x26CAAE	3	FF	1	ぁ）ペ	
0x26CADE	3	FF	1	ァ（う	
0x26CAF6	3	FF	1	ァ（え	
0x26CB0E	3	FF	1	ァ（お	
0x26CF7E	3	F88F	1	Ｒくい	
0x26CFDB	3	F88F	1	彊う	
0x26CFE3	3	F88F	1	兇あ	
0x26CFE7	3	F88F	1	遣あ	
0x26CFF7	3	F88F	1	圏あ	
0x26CFFB	3	F88F	1	喧あ	
0x26D003	3	F88F	1	券あ	
0x26D007	3	F88F	1	兼あ	
0x26D00B	3	F88F	1	教い	
0x26D00F	3	F88F	1	挟い	
0x26D013	3	F88F	1	侠う	
0x26D017	3	F88F	1	県い	
0x26D01B	3	F88F	1	京う	
0x26D01F	3	F88F	1	享う	
0x26D023	3	F88F	1	亨う	
0x26D027	3	F88F	1	倦い	
0x26D02B	3	F88F	1	禦う	
0x26D033	3	F88F	1	慧い	
0x26D047	3	F88F	1	こりう	
0x26D123	3	F88F	1	こ飯	
0x26D12F	3	F88F	1	こ醒	
0x26D253	3	F88F	1	こ３い	
0x26D25F	3	F88F	1	こ０い	
0x26D4D7	3	F88F	1	こえい	
0x26D4DB	3	F88F	1	矯っ	
0x26D70B	3	F88F	1	こラあ	
0x26D7EE	3	F88F	1	ぽてて	
0x26D943	3	F88F	1	こ峨	
0x26DD2E	3	F88F	1	ァ（せ	
0x26DD42	3	F88F	1	ィ（し	
0x26E31E	3	FD	1	ァ（ハ	
0x26E346	3	FD	1	ク）せ	
0x26E376	3	FD	1	ァ（エ	
0x26E536	3	FD	1	ァ（テ	
0x26E5F6	3	FD	1	ベ姶	
0x26E612	3	FD	1	ボ姶	
0x26E691	3	FF	1	あド・	
0x26E6D9	3	FF	1	あデ・	
0x26EAEA	3	FF	1	ア）さ	
0x26EBC6	3	FF	1	ァてい	
0x26F609	3	FD	1	律い	
0x26F921	3	F800	1	ぜぢ（	
0x26F961	3	FF	1	ぜセ（	
0x26FB9E	3	F88F	1	Ｒくペ	
0x26FBB3	3	F88F	1	はがぢ	
0x27012A	3	FC	1	ィなあ	
0x270262	3	FD	1	ぽ）ら	
0x2709F7	3	F814	1	こゆあ	
0x2713E6	3	FC	1	ペてう	
0x27140A	3	FC	1	あ（や	
0x2714B9	3	FC	1	ちペ）	
0x271622	3	FC	1	き（き	
0x27180E	3	FC	1	ぜつい	
0x2718C6	3	FC	1	あ（え	
0x27199E	3	FC	1	ペェせ	
0x271E2A	3	FF	1	ク）き	
0x272203	3	FD	1	はわあ	
0x27220B	3	FD	1	桑い	
0x272723	3	F840	1	こたあ	
0x27274E	3	F840	1	ィなへ	
0x272A8E	3	FD	1	ズ医	
0x273073	3	F841	1	匡あ	
0x273077	3	F841	1	決あ	
0x27307F	3	F841	1	急う	
0x273FF3	3	FF	1	硬ッ	
0x2740AF	3	FF	1	県ス	
0x2740F3	3	FF	1	は・ス	
0x2740FF	3	FF	1	伍ッ	
0x27415F	3	FF	1	姑ッ	
0x2744D7	3	FD	1	はノこ	
0x2744DF	3	FD	1	罫さ	
0x2744E7	3	FD	1	傾し	
0x274857	3	FB	1	瑚け	
0x274BC6	3	FF	1	ァてぃ	
0x2750C2	3	FF	1	ぽ）の	
0x275116	3	FF	1	ゴＺプ	
0x27512A	3	FF	1	ゴ３ブ	
0x2751CA	3	FF	1	ゴＺメ	
0x2751DE	3	FF	1	ゴ３ヘ	
0x275246	3	FF	1	ゴＺウ	
0x27525A	3	FF	1	ゴ３ぷ	
0x2752FA	3	FF	1	ゴＺよ	
0x27530E	3	FF	1	ゴ３む	
0x275376	3	FF	1	ゴＺき	
0x27538A	3	FF	1	ゴ３い	
0x27543E	3	FB	1	ア）も	
0x275456	3	FF	1	オちり	
0x275682	3	FC	1	ェ（あ	
0x27568E	3	FC	1	い（ね	
0x2756A1	3	FC	1	ぜペ「	
0x2756D6	3	FF	1	ァつう	
0x2756E3	3	FF	1	窮う	
0x27584E	3	FD	1	ペ）ぬ	
0x27681A	3	F88F	1	Ｒくし	
0x276A4A	3	F843	1	ク）い	
0x276C42	3	FB	1	ュ（あ	
0x276ECA	3	FF	1	ェおた	
0x276EDA	3	FF	1	ェおし	
0x276EEA	3	FF	1	ェおく	
0x276EFA	3	FF	1	ェおえ	
0x277102	3	FF	1	ペＸぽ	
0x277186	3	FC	1	ペＨぽ	
0x27760D	3	FE	1	ぅダ・	
0x27761A	3	FF	1	セ）ぜ	
0x27761E	3	FF	1	ャおあ	
0x277857	3	F880	1	桔あ	
0x27785B	3	F880	1	巨あ	
0x277903	3	FC	1	客い	
0x277B63	3	FC	1	芹あ	
0x277C2B	3	FC	1	卿あ	
0x277CF7	3	FC	1	逆あ	
0x277D42	3	FC	1	イあい	
0x277E87	3	FD	1	は「た	
0x27872B	3	FF	1	櫛あ	
0x278733	3	FF	1	隅あ	
0x27873F	3	FF	1	偶あ	
0x27874B	3	FF	1	虞あ	
0x27875B	3	FF	1	球あ	
0x27875F	3	FF	1	矯あ	
0x27884F	3	FD	1	は×き	
0x278857	3	FD	1	繰こ	
0x27892A	3	FF	1	て）い	
0x278A23	3	FD	1	休し	
0x278CFD	3	FC	1	ちボ・	
0x278DF6	3	FF	1	ゥ（ク	
0x278E36	3	FF	1	ゥ）く	
0x278FAB	3	FF	1	串ボ	
0x2794AB	3	FF	1	幸え	
0x27977B	3	F879	1	は３う	
0x279E0E	3	FF	1	あ（し	
0x279E1A	3	FF	1	パなあ	
0x279E1E	3	FF	1	ぽちさ	
0x27A3EE	3	FF	1	ウてへ	
0x27A412	3	FF	1	ぽちき	
0x27AA7E	3	FF	1	つ）お	
0x27AA8F	3	FF	1	諺あ	
0x27AB27	3	F84F	1	８ヅら	
0x27AE02	3	FC	1	こ（こ	
0x27AE96	3	FC	1	ガ・お	
0x27B24A	3	FD	1	オちこ	
0x27B61A	3	FD	1	オちう	
0x27B756	3	FD	1	つ）ぶ	
0x27B892	3	FB	1	オ）ッ	
0x27B99A	3	FD	1	つ）ら	
0x27B9AE	3	FD	1	ク）あ	
0x27BDA7	3	FE	1	はさあ	
0x27BE07	3	FE	1	ははい	
0x27BE0F	3	FE	1	圭い	
0x27BE33	3	FE	1	はそい	
0x27BE3B	3	FE	1	群い	
0x27BF1A	3	FF	1	エ）い	
0x27C22A	3	FF	1	ぁＶい	
0x27C22E	3	FF	1	ウ）あ	
0x27C236	3	FF	1	ぁＶく	
0x27C23E	3	FF	1	イあも	
0x27C726	3	FF	1	セ）さ	
0x27C77E	3	FF	1	キ）さ	
0x27C85E	3	FF	1	ペ）ユ	
0x27C86A	3	FC	1	ペ）メ	
0x27C896	3	FF	1	アてお	
0x27CB4E	3	FF	1	オ）さ	
0x27CC23	3	FF	1	戟え	
0x27CCFF	3	FF	1	８ッけ	
0x27CDC3	3	FF	1	はムＱ	
0x27D50A	3	FB	1	ッ（あ	
0x27D81E	3	FB	1	ぽてか	
0x27DE8A	3	FC	1	い（う	
0x27E123	3	FB	1	橋い	
0x27E256	3	FF	1	わ（せ	
0x27E293	3	FC	1	兼め	
0x27E2D2	3	FF	1	Ｗおび	
0x27E782	3	FE	1	ぽてォ	
0x27EC99	3	FF	1	シさい	
0x27ECD3	3	F883	1	詰あ	
0x27ECD7	3	F883	1	虚あ	
0x27ECE3	3	F883	1	区あ	
0x27F29A	3	F883	1	ゥ）お	
0x27F4DF	3	FC	1	蕎ほ	
0x280723	3	FB	1	効い	
0x280753	3	FB	1	護い	
0x2807AF	3	FB	1	虎い	
0x2807DF	3	FB	1	庫い	
0x280816	3	FB	1	ペうか	
0x280ABB	3	FB	1	攻あ	
0x2814B6	3	FF	1	ャ案	
0x2814CA	3	FF	1	ヌ）と	
0x28158A	3	FB	1	ニ）ぜ	
0x2817CE	3	F88F	1	ネ）く	
0x28201E	3	FF	1	ぽ）ほ	
0x282471	3	F801	1	みッ（	
0x28247D	3	F801	1	ポペ）	
0x2824A6	3	FF	1	エてぁ	
0x2824F2	3	FF	1	ウ）わ	
0x28251E	3	FF	1	サ）む	
0x282662	3	FF	1	ォ亜	
0x28275D	3	FF	1	ぅィ（	
0x282AEF	3	FF	1	鹸い	
0x282B1B	3	FF	1	鷺あ	
0x282B6F	3	FF	1	斎あ	
0x282B9B	3	FF	1	才あ	
0x282D9B	3	FB	1	巷あ	
0x283B27	3	FF	1	こはあ	
0x283C36	3	FF	1	ペ）サ	
0x283C8E	3	FF	1	ペ）で	
0x284717	3	FF	1	はらピ	
0x285643	3	FF	1	はどあ	
0x2856A2	3	FF	1	ピ俄	
0x2856AA	3	FF	1	ゲ逢	
0x285D06	3	FF	1	イ）か	
0x285D82	3	FF	1	ゥ（く	
0x285E22	3	FF	1	ペもた	
0x285E26	3	FF	1	ゴゆほ	
0x285E2E	3	FF	1	ク）ふ	
0x285E6A	3	FF	1	サ）け	
0x2862AA	3	FC	1	ペ）ぅ	
0x28654E	3	FF	1	ギ）れ	
0x2866BD	3	FF	1	たガ（	
0x2869AA	3	FF	1	ケ）ド	
0x286BE2	3	FF	1	ギ）ぶ	
0x286F33	3	FB	1	鍵ミ	
0x28700A	3	FF	1	ベ阿	
0x287112	3	FF	1	ケ）カ	
0x2882AE	3	FF	1	ブ旭	
0x288567	3	FF	1	こＳあ	
0x2887F3	3	FF	1	弧あ	
0x2897F2	3	F84F	1	き（え	
0x2898A2	3	F84F	1	ォ）づ	
0x289B0E	3	FF	1	え（え	
0x289B3E	3	FF	1	グ）ぃ	
0x289C32	3	FF	1	ぽ）ま	
0x289E6A	3	FF	1	か（か	
0x28A0EE	3	FF	1	ウ）り	
0x28A112	3	FF	1	サ）ま	
0x28A201	3	FF	1	ちィ（	
0x28AF67	3	FF	1	こトあ	
0x28B076	3	FF	1	ペ）ア	
0x28B0CE	3	FF	1	ペ）げ	
0x28B1FA	3	FF	1	イ）し	
0x28B67B	3	FC	1	はょう	
0x28B683	3	FC	1	月う	
0x28B73B	3	FF	1	光き	
0x28B76F	3	FF	1	共き	
0x28B946	3	FC	1	ァいし	
0x28B96E	3	FF	1	ァいた	
0x28B996	3	FF	1	ァいと	
0x28BA42	3	FF	1	ィ（う	
0x28BBA9	3	FF	1	みペ１	
0x28BCC3	3	FB	1	細お	
0x28C5BF	3	FB	1	昆し	
0x28C6FF	3	FE	1	８ギす	
0x28C89F	3	FF	1	財い	
0x28CC13	3	FF	1	Ｏたい	
0x28CE33	3	FC	1	はねけ	
0x28CE3B	3	FC	1	剣こ	
0x28CF26	3	FF	1	ェなす	
0x28D8BF	3	FF	1	彊あ	
0x28D8C7	3	FF	1	旧え	
0x28E4B2	3	FB	1	イちう	
0x28F38A	3	FF	1	ィなお	
0x28F85E	3	FB	1	ギ・え	
0x28FBD6	3	FC	1	エちけ	
0x28FE3E	3	FC	1	エちこ	
0x28FFC2	3	FC	1	ウ）き	
0x290232	3	FF	1	ア）の	
0x290BB2	3	FF	1	アてパ	
0x290F47	3	FF	1	吸フ	
0x292632	3	FF	1	オてん	
0x292672	3	FC	1	ケ）う	
0x292676	3	FC	1	イあへ	
0x292BEB	3	FF	1	はＯい	
0x292BF3	3	FF	1	強い	
0x292BFB	3	FF	1	謹あ	
0x292C67	3	FB	1	個う	
0x292F1A	3	FB	1	ペダく	
0x2933CE	3	FF	1	ペぢお	
0x2933DA	3	FF	1	ペＸい	
0x2938F3	3	FD	1	挙あ	
0x293A32	3	FE	1	ェ）お	
0x293CD6	3	FF	1	ッ哀	
0x293E2E	3	FF	1	ぁ）バ	
0x293E8A	3	FF	1	ぁ）ご	
0x294953	3	FF	1	こざＺ	
0x2949DA	3	FC	1	ペダか	
0x294BF3	3	FC	1	れズバ	
0x294C93	3	FC	1	欣バ	
0x29512E	3	F883	1	ペぢほ	
0x295132	3	FF	1	ぁぞお	
0x29513E	3	FF	1	ぁＶあ	
0x29553B	3	FB	1	こヲて	
0x295552	3	FF	1	ぁ）ね	
0x2955DA	3	FF	1	ぁ）た	
0x2959B2	3	FF	1	ペうご	
0x2959B6	3	FF	1	ィおい	
0x295BA6	3	FF	1	ぽてヤ	
0x295BDA	3	FF	1	ズない	
0x295BDE	3	FF	1	ぽてご	
0x295C86	3	FF	1	さいね	
0x295CAE	3	FF	1	さいが	
0x295CE6	3	FF	1	ペ１が	
0x295CEA	3	FF	1	ィ３ほ	
0x295D26	3	FF	1	ぽうほ	
0x295D2A	3	FF	1	ぁちふ	
0x295D7E	3	FF	1	、おい	
0x295DC2	3	FB	1	えぜり	
0x295DEA	3	FE	1	ペてぃ	
0x295DEE	3	FE	1	ィなほ	
0x296066	3	F880	1	ペ）ぶ	
0x296336	3	FC	1	オうれ	
0x2966C7	3	FB	1	午カ	
0x296A1B	3	FF	1	空あ	
0x296A1F	3	FF	1	釧あ	
0x296A2F	3	FB	1	咋い	
0x296A8B	3	FF	1	郡ッ	
0x296AFF	3	FF	1	空ッ	
0x296B73	3	FF	1	禁ッ	
0x296BE7	3	FF	1	胸ッ	
0x296C5B	3	FF	1	亨ッ	
0x296CCF	3	FF	1	救ッ	
0x296D2A	3	FF	1	あ（く	
0x296D52	3	FF	1	つ）ガ	
0x296DC3	3	FD	1	はエあ	
0x296DCB	3	FD	1	携あ	
0x296FCB	3	FB	1	はプＰ	
0x296FD7	3	FC	1	はぶＰ	
0x29709E	3	FF	1	つ）こ	
0x29764E	3	FF	1	ト）え	
0x297A0A	3	FB	1	ペ）に	
0x297B5E	3	FB	1	ウ）ガ	
0x297D57	3	FB	1	はィＬ	
0x298071	3	FC	1	ァペう	
0x29823A	3	FF	1	さ（ぴ	
0x298246	3	FF	1	ァ（と	
0x2982C6	3	F9	1	け（と	
0x298366	3	FB	1	ェ）し	
0x2983DA	3	FB	1	ョ）ね	
0x298402	3	F9	1	け（た	
0x2984A6	3	FC	1	ゥ）し	
0x2984C2	3	FF	1	カてね	
0x298602	3	FB	1	グ（わ	
0x2986B6	3	FB	1	グ（り	
0x2987DA	3	FE	1	グ（み	
0x29895E	3	FB	1	グ（ね	
0x298A12	3	FB	1	グ（と	
0x298B36	3	FB	1	グ（し	
0x298CDF	3	FB	1	謹ヴ	
0x298D6F	3	FC	1	はじい	
0x298D77	3	FC	1	朽う	
0x298D7B	3	FC	1	攻ゥ	
0x29979A	3	FB	1	ゼなし	
0x29979E	3	FB	1	ァつづ	
0x299C9B	3	FF	1	Ｏつお	
0x299D6B	3	FF	1	こハヅ	
0x299F3B	3	FB	1	皇お	
0x299F3F	3	FB	1	彩え	
0x29A1BE	3	FF	1	ぽ）ち	
0x29A1FA	3	FF	1	ィＪい	
0x29A20A	3	FF	1	ィＪっ	
0x29A227	3	FF	1	こげあ	
0x29A283	3	F8FB	1	浩あ	
0x29A287	3	F8FB	1	原え	
0x29A28B	3	F8FB	1	告え	
0x29A2A3	3	FF	1	戸あ	
0x29A327	3	FF	1	候あ	
0x29A32B	3	FF	1	済う	
0x29A32F	3	FF	1	糠え	
0x29A347	3	FF	1	減け	
0x29A597	3	FF	1	交う	
0x29A59B	3	FF	1	採う	
0x29A5AF	3	FF	1	溝く	
0x29A61F	3	FF	1	湖う	
0x29A623	3	FF	1	根う	
0x29A68B	3	FF	1	元う	
0x29A68F	3	FF	1	刻う	
0x29A6DB	3	FF	1	胡く	
0x29B156	3	FC	1	ゥィに	
0x29B16E	3	FC	1	ゥィた	
0x29B19E	3	FC	1	ゥィえ	
0x29C012	3	FB	1	オうお	
0x29C555	3	FB	1	ぽェ（	
0x29C5EE	3	FB	1	ォ）か	
0x29C61A	3	FB	1	ォ）う	
0x29C6FA	3	FB	1	ォ）の	
0x29C9A6	3	FF	1	タ）か	
0x29D0F3	3	FB	1	際ゾ	
0x29D1D2	3	FF	1	ペＸく	
0x29D31A	3	FC	1	ヅ）え	
0x29D4C2	3	FF	1	ぽうた	
0x29DD7A	3	FD	1	ゲ亜	
0x29E00A	3	FC	1	ャ（あ	
0x29E13E	3	FC	1	ガ（い	
0x29E52E	3	FC	1	ペ）ど	
0x29E577	3	FC	1	こっピ	
0x29E5DB	3	FC	1	こひピ	
0x29E66A	3	FC	1	ぽ）わ	
0x29E927	3	FF	1	催ぢ	
0x29E937	3	FF	1	坐ぢ	
0x29E947	3	FF	1	砂ぢ	
0x29E957	3	FF	1	差ぢ	
0x29EECA	3	FB	1	カ）ね	
0x29EFBE	3	FB	1	ァうい	
0x29F02A	3	FB	1	ペうＥ	
0x29F58E	3	FF	1	ヂ我	
0x29F7AF	3	FC	1	こ４ビ	
0x29F98F	3	FB	1	唆ョ	
0x29F996	3	FB	1	ッ・ま	
0x29F9CB	3	FB	1	婚ョ	
0x29F9D2	3	FB	1	ッ・た	
0x29FA13	3	FB	1	酷ョ	
0x29FA1A	3	FB	1	ッ・や	
0x29FA32	3	FB	1	ゼ・あ	
0x29FBD6	3	FB	1	ペ）も	
0x29FCBA	3	FB	1	ペ）け	
0x29FD3A	3	FB	1	ペうァ	
0x2A021A	3	F883	1	Ｒねご	
0x2A06A5	3	FF	1	えとが	
0x2A06B5	3	FF	1	おなぎ	
0x2A06C5	3	FF	1	かにぐ	
0x2A06F8	3	FF	1	えいコ	
0x2A0738	3	FF	1	いいほ	
0x2A0748	3	FF	1	ういと	
0x2A0947	3	FF	1	ヴァぅ	
0x2A0EA6	3	FF	1	ペぞえ	
0x2A130C	3	FF	1	あいそ	
0x2A1322	3	FF	1	あそす	
0x2A152D	3	FF	1	ゅたい	
0x2A1ED2	3	FF	1	しいわ	
0x2A1FBA	3	FA	1	すいゲ	
0x2A2670	3	F85A	1	ギプス	깁스
0x2A30DE	3	F8EA	1	ていぱ	
0x2A456A	3	FA	1	せいＡ	
0x2A6C45	3	F899	1	０そい	
0x2A8956	3	F8A8	1	えつさ	
0x2A8B35	3	FF	1	たねく	
0x2A8CAB	3	FF	1	クたい	
0x2A8EDF	3	FF	1	えとさ	
0x2A995F	3	FF	1	スタず	
0x2AA9C7	3	FF	1	がねい	
0x2AAAB1	3	FF	1	むひか	
0x2AB0E3	3	FF	1	びぃい	
0x2AB1CA	3	FF	1	びみい	
0x2AB1D4	3	FF	1	あくお	
0x2AB1D9	3	FF	1	びえお	
0x2ABC00	3	FF	1	くみお	
0x2ABC23	3	FF	1	ョみお	
0x2AC17B	3	FF	1	びりい	
0x2AC185	3	FF	1	あこお	
0x2AC592	3	F800	1	さい❤	
0x2ADCB4	3	FF	1	がぜあ	
0x2ADCEC	3	FF	1	ズぽこ	
0x2ADD0B	3	FF	1	かしさ	
0x2ADD40	3	FF	1	ズタこ	
0x2ADD66	3	FF	1	おせさ	
0x2ADE4A	3	FF	1	いああ	
0x2AE1BB	3	FF	1	ごりと	
0x2A2440	2	MENU	1	はい	예
0x2A2448	4	MENU	1	システム	설정
0x2A2450	4	MENU	1	システム	설정
0x2A2458	4	MENU	1	システム	설정
0x2A2478	8	MENU	1	試合開始	시합개시
0x2A249C	8	MENU	1	回復をします	회복한다
0x2A24D8	10	MENU	1	能力を上げます	능력올린다
0x2A24F0	10	MENU	1	能力を上げます	능력올린다
0x2A24FC	11	MENU	1	他の星に行きます	다른 별
0x2A2508	11	MENU	1	ナゾの箱を開けます	상자 열기
0x2A252C	12	MENU	1	初めからやり直します	처음부터
0x2A24CC	10	MENU	1	はい やり直します	예 다시 합니다
0x2A258C	12	MENU	1	イベント短縮 ＯＦＦ	이벤트 단축 ＯＦＦ
