n	occurrences	jp	ko
1	47	はい。	네。
2	47	え？	에？
3	40	ああ。	아아。
4	37	えっ？	엣？
5	31	あれ？	어라？
6	31	わかったでやんす！	알겠습죠！
7	20	ええ。	네。
8	19	あ、	아、
9	19	わかりました。	알겠습니다。
10	17	ハッ！	헛！
11	17	（バタッ！）	（털썩！）
12	16	なんだって？	뭐라고？
13	14	ああ、	아아、
14	14	ん？	응？
15	14	そうでやんすね。	그렇습죠。
16	14	そうだね。	그렇네。
17	14	逃がさないぞ！	놓치지 않겠다！
18	13	おい、	어이、
19	13	はっ！	핫！
20	13	なんだ？	뭐냐？
21	12	（バキ！）	（퍽！）
22	12	そうか。	그런가。
23	12	わかった。	알겠다。
24	11	キャプテン	선장
25	11	そうね。	그렇네요。
26	10	どうしたんでやんす？	무슨 일입죠？
27	10	なに？	뭐？
28	10	うん。	응。
29	9	あっ！	앗！
30	9	む～～～～～～ん。	으～～～～～～음。
31	9	（ピッ！）	（삑！）
32	9	はい！	네！
33	9	ありがとう。	고마워。
34	8	そうだ。	그렇다。
35	8	ええ！？	에엣！？
36	8	（ドカーン！）	（쾅！）
37	8	（バン！）	（탕！）
38	8	では、こちらに来てください。	그럼、이쪽으로 와 주세요。
39	8	そうだな。	그렇군。
40	7	今日は、共に冒険をする仲間と	오늘은、함께 모험할 동료와
41	7	（ゲームオーバー）	（게임 오버）
42	7	よし、	좋아、
43	7	なあ、	저기、
44	7	そうですか。	그렇습니까。
45	7	さあ？	글쎄？
46	7	そうです。	그렇습니다。
47	7	（ドーン！！）	（쿠웅！！）
48	7	どうしたでやんすか？	어떻게 된 겁죠？
49	7	他の依頼を確認しよう。	다른 의뢰를 확인하자。
50	7	よし、これに決めた！	좋아、이걸로 정했다！
51	6	なんでやんす？	뭡죠？
52	6	では、	그럼、
53	6	へ？	헤？
54	6	どうした？	무슨 일이냐？
55	6	（スタスタ・・・）	（뚜벅뚜벅・・・）
56	6	えっ？！	엣？！
57	6	（ドガーーーン！）	（콰아아앙！）
58	6	大変でやんす！	큰일입죠！
59	6	うあああああああ！	우아아아아아아아！
60	6	（ボカーン！）	（퍼엉！）
61	6	さあ！	자！
62	6	は、はあ。	하、하아。
63	6	そだね。	그러네。
64	6	わー、	와아、
65	6	くそ！賞金稼ぎか！	젠장！현상금 사냥꾼인가！
66	5	失礼ですが、あなたの	실례합니다만、당신의
67	5	ああっ、	아앗、
68	5	（ドガーン！）	（콰앙！）
69	5	・・・あれ？	・・・어라？
70	5	こら、	이봐、
71	5	ええっ？	에엣？
72	5	む？	음？
73	5	ふむ。	흠。
74	5	あ！	아！
75	5	・・・なに？	・・・뭐？
76	5	なるほど。	과연。
77	5	（総員退避、総員退避！	（전원 대피、전원 대피！
78	5	いいえ。	아뇨。
79	5	どうしたんだい？	무슨 일이야？
80	5	なんだって？！	뭐라고？！
81	5	でも、	그래도、
82	5	む～～～～～ん。	으～～～～～음。
83	5	また	또
84	5	ええっ？！	에엣？！
85	5	ちょっと待て！	잠깐 기다려！
86	5	む～～～～～～～ん。	으～～～～～～～음。
87	5	そう。	그래。
88	5	あら、	어머、
89	5	（パリーン！）	（쨍그랑！）
90	5	は、はい。	네、네。
91	5	あっち	저쪽
92	5	無理だ。	무리다。
93	5	ウホッ！	우홋！
94	5	へい！	헤이！
95	5	そうですね。	그렇네요。
96	5	ワクチン	백신
97	5	助かります。	도움이 됩니다。
98	4	待て！	기다려！
99	4	了解でやんす！	라저입죠！
100	4	・・・了解。	・・・알겠다。
101	4	あ！？	아！？
102	4	購入するワクチンの量を	구입할 백신의 양을
103	4	まいどあり！	매번 감사합니다！
104	4	（ザザッ！）	（지지직！）
105	4	よお、異星の人。	여어、외계인 양반。
106	4	む～～～～～～～～ん。	으～～～～～～～～음。
107	4	あ、あれ？	어、어라？
108	4	うわっ！	우왓！
109	4	（パカッ！）	（딸깍！）
110	4	やあ、	안녕、
111	4	うわ、	우와、
112	4	どうしたんだ？	무슨 일이야？
113	4	いたぞ、侵入者だ！	있다、침입자다！
114	4	よし！	좋아！
115	4	む～～～～～～～～～～～ん。	으～～～～～～～～～～～음。
116	4	（パッ！）	（팟！）
117	4	（ピ！）	（삐！）
118	4	ああっ！？	아앗！？
119	4	大変です！	큰일입니다！
120	4	ありがとうございます。	감사합니다。
121	4	あ、ああ。	아、아아。
122	4	いや・・・	아니・・・
123	4	（そうだそうだ）	（옳소 옳소）
124	4	やったでやんす！	해냈습죠！
125	4	そうでやんす！	그렇습죠！
126	4	どうするでやんすか？	어떻게 합죠？
127	4	（グサッ！）	（푹！）
128	4	うわあああああああ！	우와아아아아아아！
129	4	はあはあはあはあ・・・・・・。	하아하아하아하아・・・・・・。
130	4	グギャアアアアア！	그갸아아아아아！
131	4	どのくらい欲しいんだ？	얼마나 필요한 거냐？
132	3	とくになにもなかったな。	특별히 아무것도 없었군。
133	3	そうなのか？	그런 건가？
134	3	無事に	무사히
135	3	・・・はい。	・・・네。
136	3	さて、どこに行こうかな。	자、어디로 가볼까。
137	3	ああっ！	아앗！
138	3	む～～～～ん。	으～～～～음。
139	3	な、なんでやんす？	무、뭡죠？
140	3	そうか？	그런가？
141	3	ぎゃあああ！	갸아아아！
142	3	よーし、お前ら全員逮捕だ！	좋아、너희들 전원 체포다！
143	3	これで	이걸로
144	3	次に、どの要素を伸ばそう？	다음으로、어느 요소를 키울까？
145	3	さらに、どの要素を伸ばそう？	더불어、어느 요소를 키울까？
146	3	じゃあ、どの要素を犠牲にしよう？	그럼、어느 요소를 희생할까？
147	3	（ドガーーン！）	（콰아앙！）
148	3	・・・あ、そうだ。	・・・아、맞다。
149	3	・・・わかった。	・・・알겠다。
150	3	うわ、撃ってきた！？	우와、쏘기 시작했다！？
151	3	（ズバドーーーン！！）	（콰지지익！！）
152	3	もしもし？	여보세요？
153	3	はぁ・・・	하아・・・
154	3	あれ、	어라、
155	3	・・・どうぞ。	・・・받아。
156	3	はぁ？	하아？
157	3	どうした、	무슨 일이냐、
158	3	・・・キャプテン	・・・선장
159	3	ところで、	그런데、
160	3	はいはい。	네네。
161	3	（バンバンバン！）	（탕탕탕！）
162	3	所属不明の小型宇宙船を発見しました。	소속 불명의 소형 우주선을 발견했습니다。
163	3	ラジャー！	라저！
164	3	・・・すまない、	・・・미안하다、
165	3	（ガキッ！）	（깡！）
166	3	くそっ！	젠장！
167	3	はあ？	하？
168	3	おい・・・	어이・・・
169	3	あら？	어머？
170	3	お、おい、	어、어이、
171	3	なんですって？！	뭐라고요？！
172	3	（連邦首都	（연방 수도
173	3	やあやあ、こんにちわ～。	안녕안녕、반가워요～。
174	3	おーい、	어어이、
175	3	ハイ！	넷！
176	3	（ドサッ！）	（쿵！）
177	3	ええと・・・	그러니까・・・
178	3	（バスッ！）	（푹！）
179	3	えっ、	엣、
180	3	ワクチン？	백신？
181	3	ど、どうしたんだ？	무、무슨 일이야？
182	3	え？！	에？！
183	3	カカカカカ！	카카카카카！
184	3	なんだそれは？	그건 뭐냐？
185	3	それなら、	그렇다면、
186	3	そうそう。	그래그래。
187	3	まあ、	뭐、
188	3	（ボン！）	（펑！）
189	3	ああ・・・	아아・・・
190	3	まったく、	정말、
191	3	了解しました。	알겠습니다。
192	3	まあね。	뭐 그렇지。
193	3	（ガチャ）	（철컥）
194	3	さあね。	글쎄。
195	3	（ドガガーン！）	（콰가가앙！）
196	3	（バン！バン！）	（탕！탕！）
197	3	はっ？	헛？
198	3	とりあえず、	일단、
199	3	そう？	그래？
200	3	いいじゃん。	괜찮잖아。
201	3	（タタタタタタタタタ！）	（타타타타타타타타타！）
202	3	（タタタタタタタ！）	（타타타타타타타！）
203	3	うわあああああ！	우와아아아아아！
204	3	それじゃあ、どれだけ買ってくれる？	그럼、얼마나 사줄 건데？
205	3	うわああああああ！	우와아아아아아아！
206	3	どうしたの	무슨 일이야
207	3	何を見ているんだよ。	뭘 보고 있는 거야。
208	3	た、助かったでやんす・・・・・。	사、살았습죠・・・・・。
209	3	うわああああああああ！	우와아아아아아아아아！
210	3	（ドーン！）	（쿠웅！）
211	3	うおおおおおおおお！	우오오오오오오오오！
212	3	（ドドドドドドドド！！）	（두두두두두두두두！！）
213	3	（ザッパーン！）	（철써억！）
214	3	親分！	두목！
215	3	邪魔だ！	방해다！
216	3	おい！	어이！
217	3	どうしたでやんすか	어떻게 된 겁죠
218	3	（ヒューン！）	（휘잉！）
219	3	はいは～い。	네에～。
220	3	オイラでやんす！	나입죠！
221	3	（シュルリ）	（스르륵）
222	3	アハハハハハハ！	아하하하하하하！
223	3	そうでやんすか。	그렇습죠。
224	3	ウッ！	윽！
225	3	だけど・・・・・・。	하지만・・・・・・。
226	3	ふ～ん。	흐～음。
227	3	どうしたの？	무슨 일이야？
228	3	なあに？	뭔데？
229	3	じゃあ、これとこ	그럼、이것과 이
230	3	はいよ。	자 여기。
231	3	（食事をしました）	（식사를 했습니다）
232	3	うん、おいしい。	응、맛있다。
233	3	「オオカミ退治」	「늑대 퇴치」
234	3	（ふむふむ・・・	（흠흠・・・
235	3	さすが、	역시、
236	3	なんでもないわ。	아무것도 아니야。
237	3	任せてください。	맡겨 주세요。
238	3	いやあ、今日は、助かりました。	아이고、오늘은、도움이 됐습니다。
239	3	では、これは報酬の	그럼、이건 보수인
240	3	じゃあね。	그럼 안녕。
241	3	（ガサガサ・・・）	（부스럭부스럭・・・）
242	3	（コンコン）	（똑똑）
243	3	大丈夫よ、	괜찮아、
244	2	ご協力、ありがとうでやんす。	협조해 주셔서、고맙습죠。
245	2	・・・・・・へ？	・・・・・・헤？
246	2	ふーん。	흐음。
247	2	うわぁあああ！？	우와아아아！？
248	2	女王モグラ討伐成功でやんす！	여왕 두더지 토벌 성공입죠！
249	2	了解でやんす。	라저입죠。
250	2	あ、キャプテン！	아、선장님！
251	2	いや、ここに星があるはずなんだが	아니、여기 별이 있을 텐데
252	2	うむ。	음。
253	2	でも、急がないとまずいでやんす。	그래도、서두르지 않으면 곤란합죠。
254	2	うわっ、モンスターでやんす！	우왓、몬스터입죠！
255	2	ポンコツロボットのくせに	고물 로봇 주제에
256	2	うおっ、雪モグラでやんす！	우옷、눈두더지입죠！
257	2	（ブォーン、ブォーン！）	（부웅、부웅！）
258	2	ふぅ。	휴。
259	2	よく考えたらお金がないので、	생각해 보니 돈이 없어서、
260	2	（ダダダダダダ！）	（다다다다다다！）
261	2	失礼ですが、あなたの現在の	실례합니다만、당신의 현재
262	2	なにい？	뭐어？
263	2	くそー・・・	젠장・・・
264	2	なんとか切り抜けたな。	그럭저럭 넘겼군。
265	2	やれやれでやんす。	이런 이런입죠。
266	2	大事なワクチンを取られてたまるか！	소중한 백신을 빼앗길 순 없다！
267	2	ああ、そうだけど。	아아、그렇긴 한데。
268	2	わっ、コラ！	왓、이봐！
269	2	そこの船、ただちに停船せよ！	거기 배、즉시 정선하라！
270	2	あの船を	저 배를
271	2	・・・おい。	・・・어이。
272	2	ほほう。	호오。
273	2	ああ、ごくろうさん。	아아、수고했다。
274	2	あ、５００ペラも持ってなかった。	아、５００페라도 없었다。
275	2	なんだよ、期待させやがって。	뭐야、기대하게 해놓고。
276	2	ちぇっ、足元見やがって。	쳇、약점을 잡고 말이야。
277	2	そうか、しかたがないな。	그런가、어쩔 수 없군。
278	2	あれ、電話だ。	어라、전화다。
279	2	うむ、ごくろう。	음、수고했다。
280	2	まあまあ。	자자。
281	2	・・・ん？	・・・응？
282	2	（シュタッ！）	（착！）
283	2	う・・・	으・・・
284	2	はぁ・・・。	하아・・・。
285	2	さあな。	글쎄다。
286	2	不審な小型宇宙船を発見しました。	수상한 소형 우주선을 발견했습니다。
287	2	あ。	아。
288	2	・・・報告書をまとめておけよ。	・・・보고서를 정리해 둬라。
289	2	近くをビームが通過しただけでやんす。	근처를 빔이 지나갔을 뿐입죠。
290	2	・・・警告射撃か。	・・・경고 사격인가。
291	2	それでも、衝撃波で船体に	그래도、충격파로 선체에
292	2	とりあえず、逃げよう。	일단、도망치자。
293	2	ああ、助けて	아아、살려
294	2	ねえ、	저기、
295	2	うわっ、	우왓、
296	2	急いで逃げるぞ！	서둘러 도망친다！
297	2	（ズガーン！）	（쿠과앙！）
298	2	後ろから撃たれたでやんす。	뒤에서 맞았습죠。
299	2	くそ、逃げられないか。	젠장、도망칠 수 없나。
300	2	（うぎゃあああ！）	（으갸아아아！）
301	2	ククク、楽しかったですよ。	크크크、즐거웠어요。
302	2	くっ！	큭！
303	2	えっ！	엣！
304	2	ちぇ、しょうがねえな。	쳇、어쩔 수 없군。
305	2	よし、契約成立だ。	좋아、계약 성립이다。
306	2	よくやってくれた！	잘해 줬다！
307	2	・・・なるほど。	・・・과연。
308	2	は？	예？
309	2	・・・ごめん。	・・・미안。
310	2	なるほど、そういうことか。	과연、그런 거였군。
311	2	あ・・・	아・・・
312	2	ええ、そうです。	네、그렇습니다。
313	2	あの子は	그 아이는
314	2	じゃあ、	그럼、
315	2	先輩の仇、今日こそ	선배의 원수、오늘이야말로
316	2	あの手品オヤジでやんす！	그 마술 아저씨입죠！
317	2	わたし	나
318	2	そのうさんくさい顔を	그 수상쩍은 얼굴을
319	2	それは・・・	그건・・・
320	2	そうなの？	그래？
321	2	（ドロン！）	（뿅！）
322	2	（バキッ！）	（퍼억！）
323	2	なんでやんす、それは？	뭡죠、그건？
324	2	そうかなぁ？	그런가？
325	2	・・・そう。	・・・그래。
326	2	まさか、	설마、
327	2	ふざけるな。	장난치지 마라。
328	2	先輩の仇！	선배의 원수！
329	2	（うわぁあああ？！）	（우와아아아？！）
330	2	そういえば、	그러고 보니、
331	2	うふふふふふ。	우후후후후후。
332	2	いえいえ。	아뇨아뇨。
333	2	と、とにかく！	어、어쨌든！
334	2	・・・ああ。	・・・아아。
335	2	（ガコン！）	（덜컹！）
336	2	別に	딱히
337	2	む～～～～ん！	으～～～～음！
338	2	どういうことなんだ？	무슨 소리야？
339	2	ハハハハハ。	하하하하하。
340	2	（ずびびびー）	（훌쩍훌쩍）
341	2	正義パンチ！	정의의 펀치！
342	2	はあ。	하아。
343	2	むっ？	으음？
344	2	（ドガシャ！）	（와장창！）
345	2	うるさい！	시끄러워！
346	2	しまった、見つかった？！	큰일이다、들켰나？！
347	2	・・・わかったよ。	・・・알았어。
348	2	そう・・・	그래・・・
349	2	というわけで、	그런 이유로、
350	2	うわあああ！	우와아아아！
351	2	あ、近くの宇宙船から通信が	아、근처 우주선에서 통신이
352	2	（プチン！）	（뚝！）
353	2	（バタッ）	（털썩）
354	2	コラー！	이봐아！
355	2	おい、しっかりしろ！	어이、정신 차려！
356	2	・・・・・・・・・フン。	・・・・・・・・・흥。
357	2	気にするな。	신경 쓰지 마라。
358	2	はぁ～。	하아～。
359	2	おやおや。	이런 이런。
360	2	え、	에、
361	2	あれ・・・	어라・・・
362	2	はぁ。	하아。
363	2	ヘイ！	헤이！
364	2	行くぞ、	간다、
365	2	いや、	아니、
366	2	まったく４０００万、４０００万と	정말 ４０００만、４０００만이라고
367	2	お前は・・・	너는・・・
368	2	（パチン）	（딱）
369	2	（ドガッ！）	（퍽！）
370	2	やあ！	야！
371	2	・・・そうだろうな。	・・・그렇겠지。
372	2	あの	저
373	2	ハハハ。	하하하。
374	2	しまった、	큰일이다、
375	2	貴様は、キャプテン	네놈은、선장
376	2	よし。	좋아。
377	2	いいえ？	아뇨？
378	2	ふーん？	흐음？
379	2	（ドン！）	（쿵！）
380	2	大丈夫でやんすか？	괜찮습죠？
381	2	そうかな？	그럴까？
382	2	・・・・・・カニ？	・・・・・・게？
383	2	いや、あれは・・・	아니、저건・・・
384	2	なんだと？	뭐라고？
385	2	俺は	나는
386	2	うわー、巨大な虫でやんす！	우와、거대한 벌레입죠！
387	2	ああ？	아앙？
388	2	オッケーでやんす！	오케이입죠！
389	2	はあ？！	하아？！
390	2	なっ！？	뭣！？
391	2	へぇ～。	헤에～。
392	2	（・・・そして、現在）	（・・・그리고、현재）
393	2	あ、はい。	아、네。
394	2	俺たちの任務はワクチン集めだ。	우리 임무는 백신 수집이다。
395	2	（その後、	（그 후、
396	2	ありがとうございます！	감사합니다！
397	2	・・・あら？	・・・어머？
398	2	どうしました？	무슨 일입니까？
399	2	くそ、	젠장、
400	2	やれやれ、	이런 이런、
401	2	やった！	해냈다！
402	2	なんだと！	뭐라고！
403	2	すみません。	죄송합니다。
404	2	し、しまった。	크、큰일이다。
405	2	何とか切り抜けたぞ！	그럭저럭 넘겼다！
406	2	帰ってきてないでやんす！	안 돌아왔습죠！
407	2	まだ、いるっすか？	아직 있어요？
408	2	よし！割れたぞ！	좋아！깨졌다！
409	2	それで何があったの？	그래서 무슨 일이 있었어？
410	2	わかったでやんす。	알겠습죠。
411	2	じゃあ、ここから動けないのか？	그럼、여기서 움직일 수 없는 건가？
412	2	（ドガーーーーン！）	（콰아아아앙！）
413	2	おっす！	안녕！
414	2	よし！こちらから仕掛けよう！	좋아！이쪽에서 먼저 걸자！
415	2	ふう。	휴。
416	2	し、しまった！	크、큰일이다！
417	2	では、いきますよ！	그럼、갑니다！
418	2	毎度あり	매번 감사
419	2	違います！	아닙니다！
420	2	遅いっ！	느려！
421	2	逃げられたか・・・・・・。	놓쳤나・・・・・・。
422	2	今度は向こうから襲って来るかもしれない	이번엔 저쪽에서 덮쳐 올지도 모른다
423	2	仕方がない。その時はその時だ。	어쩔 수 없다。그때는 그때다。
424	2	よいオトコォォォォオ！	좋은 사나이이이이이！
425	2	ゆ、油断した！	바、방심했다！
426	2	ふう。なんとか撃退したな。	휴。그럭저럭 격퇴했군。
427	2	疲れたでやんす～。	피곤합죠～。
428	2	まあ、これでこの宙域の海賊船が	뭐、이걸로 이 우주 구역의 해적선이
429	2	そうでやんすね！	그렇습죠！
430	2	えええええええええぇぇぇぇえ！	에에에에에에에에에에에에엣！
431	2	そっちは、なんかあったでやんすか	그쪽은、뭔가 있었습죠
432	2	いいや、こっちは何にもないな。	아니、이쪽은 아무것도 없군。
433	2	こっちでやんすか？	이쪽입죠？
434	2	真っ直ぐだ！	직진이다！
435	2	左だ！	왼쪽이다！
436	2	ん？なんか画面に映っているぞ？	응？뭔가 화면에 비치는데？
437	2	たぶん、さっき撃退した	아마、아까 격퇴한
438	2	何かわからないけど。	뭔지 모르겠지만。
439	2	仕方がない！	어쩔 수 없다！
440	2	今日はこのクリスタルを素手で	오늘은 이 크리스탈을 맨손으로
441	2	前回は失敗したからな！	지난번엔 실패했으니까！
442	2	ありがとう。お兄さん	고마워요。오빠
443	2	では始めましょう。	그럼 시작하죠。
444	2	なんだって！	뭐라고！
445	2	は、はあ・・・・・・。	하、하아・・・・・・。
446	2	では、よいオトコを！！	그럼、좋은 사나이를！！
447	2	あ、ああ・・・・・。	아、아아・・・・・。
448	2	本当だ。	정말이다。
449	2	はあはあはあはあ・・・・・・・。	하아하아하아하아・・・・・・・。
450	2	うわああああ！	우와아아아아！
451	2	何を言っているんだ？	무슨 소리를 하는 거야？
452	2	（ドーーーーン！）	（쿠우우웅！）
453	2	壊れるでやんすぅぅぅぅ！！	부서집죠오오오오！！
454	2	ん・・・・・・・？	응・・・・・・・？
455	2	何を言っているのかわからん。	무슨 소리를 하는지 모르겠다。
456	2	（ガキーーーン！）	（까아앙！）
457	2	あのう・・・・・・・。	저기・・・・・・・。
458	2	襲ったお詫びです。	습격한 사과입니다。
459	2	自分は戦ってないからって元気だなあ。	자기는 안 싸웠다고 기운도 좋구나。
460	2	やっと、外に出れたでやんすよ。	겨우、밖에 나왔습죠。
461	2	本当だよ。	정말이야。
462	2	そうはいかないでやんすよ！	그렇게는 안 됩죠！
463	2	も、もう、勘弁してくれ～！	이、이제、봐줘～！
464	2	おう！すまん！	오냐！미안！
465	2	もちろんです！	물론입니다！
466	2	わかったでやんすよ！	알겠습죠！
467	2	び、びぼう？	미、미모？
468	2	（そこまでいくと美貌関係ない・・・・）	（거기까지 가면 미모는 상관없다・・・・）
469	2	じゃあ一トン、何ペラですか。	그럼 １톤에、몇 페라입니까。
470	2	そうですね。３５００ペラでしょうか。	글쎄요。３５００페라쯤일까요。
471	2	ちょ、ちょっと高くないですか？	자、좀 비싸지 않나요？
472	2	僕達、	우리들、
473	2	というわけで、貴方には３	그런 이유로、당신에게는 ３
474	2	うん！	응！
475	2	ああ！	아아！
476	2	はあはあはあ・・・・・・倒したぞ。	하아하아하아・・・・・・쓰러뜨렸다。
477	2	なんで？	어째서？
478	2	わかった！	알겠다！
479	2	だから	그러니까
480	2	では、こちらに・・・・・・	그럼、이쪽으로・・・・・・
481	2	確かに・・・・・・。	확실히・・・・・・。
482	2	う～ん。	으～음。
483	2	はあ・・・・・・。	하아・・・・・・。
484	2	あたしは	나는
485	2	そ、そうかな？	그、그런가？
486	2	大丈夫です。	괜찮습니다。
487	2	本当でやんす！	정말입죠！
488	2	なんでだ？	어째서냐？
489	2	ウガアアアアアア！	우가아아아아아！
490	2	（シュッ！）	（슉！）
491	2	その通り。	그렇다。
492	2	（ドーーーン！）	（쿠우웅！）
493	2	なんですか？	무슨 일인가요？
494	2	あったでやんす！	있었습죠！
495	2	な、なるほど！	과、과연！
496	2	お願いします。	부탁드립니다。
497	2	たぶん、	아마、
498	2	（ドゴーーーーン！）	（콰고오오옹！）
499	2	（ザック！ザック！）	（푹！푹！）
500	2	安い！	싸다！
501	2	（バッシャーーーーン！）	（철써어어억！）
502	2	うるさい！黙れ！	시끄러워！닥쳐！
503	2	いらっしゃいませ～	어서 오세요～
504	2	仕方がない。	어쩔 수 없다。
505	2	やった～！	해냈다～！
506	2	ちょ、ちょっと待て！	자、잠깐 기다려！
507	2	わかったよ。	알았어。
508	2	久しぶりね。	오랜만이네。
509	2	待ちなさい！	기다리세요！
510	2	（ブオーーン！）	（부우웅！）
511	2	アハハハハハ！	아하하하하하！
512	2	どうしたんですか？	무슨 일인가요？
513	2	あたし？	나？
514	2	どういう意味だ・・・・・・。	무슨 뜻이냐・・・・・・。
515	2	アハハハハハハハハハ！	아하하하하하하하하하！
516	2	くそ、数が多い！	젠장、수가 많다！
517	2	くそ！	젠장！
518	2	少し休憩しよう。	조금 쉬자。
519	2	あ、気が付かれましたか。	아、정신이 드셨나요。
520	2	いえ、何でもありません。	아뇨、아무것도 아닙니다。
521	2	いえ。	아뇨。
522	2	いや、まだやれる！	아니、아직 할 수 있다！
523	2	おや、まだ生き残りがいたか。	이런、아직 생존자가 있었나。
524	2	放っておけ。	내버려 둬라。
525	2	みたいでやんす。	그런 것 같습죠。
526	2	お頭！	두령！
527	2	放っておこう！	내버려 두자！
528	2	それより、	그보다、
529	2	痛っ！	아얏！
530	2	ど、どうしたの！？	무、무슨 일이야！？
531	2	なんだ、よかった。	뭐야、다행이다。
532	2	（今は、ちょうど	（지금은、마침
533	2	（今は、	（지금은、
534	2	（タタタタタッ）	（타타타타탓）
535	2	あ、いました。	아、있었습니다。
536	2	あ、また来ます！	아、또 옵니다！
537	2	休憩している暇はありませんよ！	쉴 틈은 없어요！
538	2	ようやく一段落ですね。	겨우 한숨 돌렸네요。
539	2	そうよ。	그래。
540	2	うーん。	으음。
541	2	お兄様	오라버니
542	2	よろしく、	잘 부탁해、
543	2	ふう、なんとかなったな。	휴、어떻게든 됐군。
544	2	よく来てくださいました。	잘 와 주셨습니다。
545	2	なぜ？	어째서？
546	2	え！？	에！？
547	2	あ、そうなんだ。	아、그렇구나。
548	2	（バンッ！）	（탕！）
549	2	さあ、今日も列車の護衛だ。	자、오늘도 열차 호위다。
550	2	うーん、気持ち悪	으음、속이 안 좋
551	2	宇宙船は大丈夫なのに、	우주선은 괜찮은데、
552	2	そうみたいね。	그런 것 같네。
553	1	何をしようかな	뭘 해볼까
554	1	ああ、やっぱり生まれ故郷は落ちつくなぁ。	아아、역시 고향은 마음이 놓이는구나。
555	1	・・・多くの異性によって、	・・・많은 이성에 의해、
556	1	今日は平和な一日だったな。	오늘은 평화로운 하루였군。
557	1	やっぱり、この宙域には	역시、이 우주 구역에는
558	1	時間のムダだったでやんす。	시간 낭비였습죠。
559	1	オウ、間違えました。	오우、틀렸습니다。
560	1	水の星	물의 별
561	1	宇宙に広げるべきものでーす。	우주에 퍼뜨려야 할 것입니다아。
562	1	機械の星	기계의 별
563	1	ええ、ちょっと。	네、좀。
564	1	ああ、ちょっと直接的すぎたな。	아아、좀 너무 직접적이었군。
565	1	それ、大事なことね。	그거、중요한 일이네。
566	1	ははは、まあ大事なものだな。	하하하、뭐 중요한 거지。
567	1	でも、せっかく女王モグラが！	그래도、모처럼 여왕 두더지가！
568	1	こはがまんするんだ。	여긴 참는 거다。
569	1	お墓でも作ってあげるでやんす。	무덤이라도 만들어 주는 겁죠。
570	1	ああ～、愛だぁ？	아아～、사랑이라고？
571	1	ついてくるなよ！	따라오지 마！
572	1	じゃ、このお金はアタシが	그럼、이 돈은 내가
573	1	ご協力、ありがたくないでやんす。	협조해 주셔서、고맙지 않습죠。
574	1	あっ、あの女王モグラだ！	앗、저 여왕 두더지다！
575	1	こんどこそ逃がさないでやんす！	이번엔 놓치지 않습죠！
576	1	フム、言葉で示すよりも	흠、말로 보이기보다
577	1	（うあああああ！	（우아아아아아！
578	1	いや、別にプレゼントの希望を	아니、딱히 선물 희망을
579	1	しまった、見つかった！	큰일이다、들켰다！
580	1	・・・今日はこれで引き上げよう。	・・・오늘은 이만 철수하자。
581	1	ああ、助かるよ。	아아、고맙다。
582	1	でもさぁ・・・	그래도 말이야・・・
583	1	ストレートでやんすね。	직설적입죠。
584	1	しょうがねえだろ、	어쩔 수 없잖아、
585	1	ああ、愛ね・・・	아아、사랑 말이지・・・
586	1	なんか、変でやんすねぇ？	뭔가、이상합죠？
587	1	どこに行ったんでやんすかねぇ？	어디로 간 겁죠？
588	1	本当に、お金だけなんでやんすか？	정말로、돈뿐입죠？
589	1	もうダメでやんす～！	이제 글렀습죠～！
590	1	へへへ、報告書は俺が書くからさ。	헤헤헤、보고서는 내가 쓸 테니까。
591	1	あ、そうか！	아、그렇구나！
592	1	おや？	이런？
593	1	誰かの落し物でやんすかね？	누군가 흘린 물건입죠？
594	1	もしくは、この森の生き物に	아니면、이 숲의 생물에게
595	1	これ以上アイテムは持てないので	더 이상 아이템을 가질 수 없어서
596	1	そうだよ。	그래。
597	1	なんだよ、だめだなお前は。	뭐야、넌 안 되겠구나。
598	1	うわあ、もうだめでやんす！	우와아、이제 글렀습죠！
599	1	くそ・・・	젠장・・・
600	1	そういうものじゃなくて、	그런 게 아니라、
601	1	本が好きなんでやんすね。	책을 좋아합죠。
602	1	よし、歩兵は俺が引き受ける。	좋아、보병은 내가 맡는다。
603	1	よし、片付いたな。	좋아、정리됐군。
604	1	ふう、なんとか切り抜けたぞ。	휴、그럭저럭 넘겼다。
605	1	とりあえず、やっつけるぞ！	일단、해치운다！
606	1	はずれか・・・。	꽝인가・・・。
607	1	あ、でもこの雪モグラの死体は	아、그래도 이 눈두더지 시체는
608	1	うわ、ゲリラだ！	우와、게릴라다！
609	1	わあ、モンスターだ！	와아、몬스터다！
610	1	ふう、生きのびたか。	휴、살아남았나。
611	1	よし、女王モグラを探しに行くぞ！	좋아、여왕 두더지를 찾으러 간다！
612	1	レッツゴーでやんす！	레츠고입죠！
613	1	おお、ぶさいくなロボも	오오、못생긴 로봇도
614	1	（カーン！）	（깡！）
615	1	あれは・・・！？	저건・・・！？
616	1	うーん、大スクープなんだがなぁ。	으음、특종인데 말이야。
617	1	発表するべきかどうか、だな。	발표해야 할지 말지、로군。
618	1	とりあえず、文章にはしとくよ。	일단、글로는 써 두겠어。
619	1	・・・それがいいかもな。	・・・그게 좋을지도。
620	1	・・・ああ、そうだ。	・・・아아、맞다。
621	1	あれ、俺が取材されんの？	어라、내가 취재당하는 거야？
622	1	愛についてのコメントでやんす！	사랑에 대한 코멘트입죠！
623	1	・・・さあ、わかんねえなぁ。	・・・글쎄、모르겠는데。
624	1	うわっ、非人間型でやんす！	우왓、비인간형입죠！
625	1	あの？	저기？
626	1	友好の踊りです。	우호의 춤입니다。
627	1	・・・ナラバ、我々ノ敵ダナ。	・・・그렇다면、우리의 적이군。
628	1	変な船が攻撃してきたでやんす！	이상한 배가 공격해 왔습죠！
629	1	ギャスビゴーの攻撃船だ！	갸스비고의 공격선이다！
630	1	遠慮しなくていいんでやんすよ？	사양 안 해도 됩죠？
631	1	・・・必要なものは全部ある。	・・・필요한 건 전부 있다。
632	1	（どこでそんな言い回しを	（어디서 그런 말투를
633	1	遠慮しなくてもいいんでやんすよ？	사양하지 않아도 됩죠？
634	1	・・・いらない。	・・・필요 없다。
635	1	おい、そこのアンタ！	어이、거기 당신！
636	1	・・・お守り？	・・・부적？
637	1	ああ、あんたの運命を変えてくれるぜ。	아아、당신 운명을 바꿔 준다고。
638	1	・・・ごめん、買えないんだ。	・・・미안、살 수가 없어。
639	1	なんだ、残念だなぁ。	뭐야、아쉽구나。
640	1	ちぇっ。	쳇。
641	1	じゃあ、どのお守りか選んでくれ。	그럼、어느 부적인지 골라 줘。
642	1	（侵入禁止区域に不審人物！）	（침입 금지 구역에 수상한 인물！）
643	1	ひょっとして、不審人物って俺たち？	혹시、수상한 인물이 우리？
644	1	おお、よくぞ女王モグラを	오오、잘도 여왕 두더지를
645	1	おめでとうございます。	축하합니다。
646	1	おお、覚えておるぞ。	오오、기억하고 있느니라。
647	1	（そう言えば、くれるんじゃなくて	（그러고 보니、주는 게 아니라
648	1	あ、野球人形のパーツだ。	아、야구 인형 부품이다。
649	1	えっ、ワクチン？！	엣、백신？！
650	1	ええ？	네？
651	1	遠慮せずに受け取るんだなぁ～。	사양 말고 받는 거다～。
652	1	悪いなぁ・・・。	미안하네・・・。
653	1	ちょっと待つでやんす！	잠깐 기다립죠！
654	1	さっきの希望を要約すると、	아까 희망을 요약하면、
655	1	もっと抽象的なものはないので	더 추상적인 건 없어서
656	1	抽象的？	추상적？
657	1	その前に、	그전에、
658	1	む！	음！
659	1	突撃しろ、撃沈するぞ！	돌격하라、격침시킨다！
660	1	・・・いつか、きっと。	・・・언젠가、반드시。
661	1	よし、やっつけるぞ！	좋아、해치운다！
662	1	どうです、やっつけましたよ。	어떻습니까、해치웠어요。
663	1	・・・コレじゃない。	・・・이게 아니다。
664	1	女王モグラは、もっと大きい。	여왕 두더지는、더 크다。
665	1	教えてくれないんでやんすか？	안 가르쳐 줍죠？
666	1	そうですわねぇ。	글쎄요。
667	1	どうしても教えて欲しいでやんす！	꼭 알려 줬으면 합죠！
668	1	・・・ダ～メ。	・・・안～돼。
669	1	ああ、無事に研究所まで来られた	아아、무사히 연구소까지 올 수 있었
670	1	（ワクチンを１トン購入した！）	（백신을 １톤 구입했다！）
671	1	ふう、無事に帰ることが出来たぞ。	휴、무사히 돌아올 수 있었다。
672	1	・・・撃墜されちゃったよ。	・・・격추당하고 말았어。
673	1	上手いじゃないか！	잘하잖아！
674	1	まあ、敵が強いと思ったら、	뭐、적이 강하다 싶으면、
675	1	さあ、急いで先を・・・	자、서둘러 앞으로・・・
676	1	お待ちしておりましたよ。	기다리고 있었습니다。
677	1	貴様は！	네놈은！
678	1	ぐわっ！	크왓！
679	1	（ばたばた）	（파닥파닥）
680	1	ニンジャの得意技は	닌자의 특기는
681	1	なあ、キャプテン。	저기、선장님。
682	1	よし、まず操作の説明をするぞ。	좋아、우선 조작 설명을 하겠다。
683	1	じゃあ、始めよう。	그럼、시작하자。
684	1	了解です！	알겠습니다！
685	1	（ドカーン！ドカーン！）	（쾅！쾅！）
686	1	煙幕って、ただの爆弾じゃ	연막이라니、그냥 폭탄이잖
687	1	いや、雪煙で視界がさえぎられてる。	아니、눈보라로 시야가 가려졌다。
688	1	えへへ、まかせてください。	에헤헤、맡겨 주세요。
689	1	（爆弾と煙幕弾をまちがえて投げた	（폭탄과 연막탄을 잘못 던졌다
690	1	む！？	음！？
691	1	ん！	응！
692	1	護衛艦がいるでやんす！	호위함이 있습죠！
693	1	これ以上	더 이상
694	1	・・・もうじき、期限でやんすね。	・・・이제 곧、기한입죠。
695	1	・・・ところで	・・・그런데
696	1	・・・そろそろ	・・・슬슬
697	1	（宇宙船に一緒に乗せる仲間も	（우주선에 함께 태울 동료도
698	1	うわ、武装した失業者が襲ってきた！	우와、무장한 실업자가 덮쳐 왔다！
699	1	（ただいまより、このエリアでは	（지금부터、이 구역에서는
700	1	掃除ロボットが道をふさいだまま	청소 로봇이 길을 막은 채
701	1	（がさがさがさ・・・）	（부스럭부스럭부스럭・・・）
702	1	うわああああ！？	우와아아아아！？
703	1	・・・危険な星だな。	・・・위험한 별이군。
704	1	よーし、迎えうつぞ！	좋아、맞받아친다！
705	1	ややっ、お前たちは指名手配の	이런、너희들은 지명수배된
706	1	ペラヘブン駐屯の	페라헤븐 주둔
707	1	・・・有名人はつらいな。	・・・유명인은 괴롭군。
708	1	あ、連中の落し物でやんす。	아、저 녀석들이 흘린 물건입죠。
709	1	あんたが	당신이
710	1	気に入らないのか？	마음에 안 드나？
711	1	放っておけば、そういうことを	내버려 두면、그런 짓을
712	1	そうだとしても、俺は	그렇다 해도、나는
713	1	これは、単なるレクリエーション	이건、단순한 오락
714	1	そうねぇ・・・	글쎄・・・
715	1	一応、言ってみるでやんす！	일단、말해 보는 겁죠！
716	1	じゃ、永遠の生命！	그럼、영원한 생명！
717	1	ま、まじでやんすか？	지、진심입죠？
718	1	（なにか変なものでも	（뭔가 이상한 거라도
719	1	交代完了！	교대 완료！
720	1	それ、どういう芸風でやんすか？	그거、무슨 개그입죠？
721	1	生きる権利を確認するために、	살 권리를 확인하기 위해、
722	1	ははは、邪魔者は片付いたか。	하하하、방해꾼은 치웠나。
723	1	ああ・・・そんな。	아아・・・그런。
724	1	ありがとう、ございます。	감사、합니다。
725	1	ああ、お姫様が！	아아、공주님이！
726	1	大丈夫、気絶しているだけだ。	괜찮다、기절했을 뿐이다。
727	1	・・・そろそろ出てきたら	・・・슬슬 나오는 게
728	1	おそらく	아마도
729	1	けがらわしい	더러운
730	1	・・・さあな。	・・・글쎄다。
731	1	突然攻撃されたでやんす！	갑자기 공격당했습죠！
732	1	くそ、ステルス船の攻撃か！？	젠장、스텔스선의 공격인가！？
733	1	レーダーには何も映っていない。	레이더에는 아무것도 안 잡힌다。
734	1	そんなのとどうやって	그런 걸 어떻게
735	1	幸い、敵は攻撃してくれている。	다행히、적은 공격해 주고 있다。
736	1	本日の事件は王宮を占拠した	오늘 사건은 왕궁을 점거한
737	1	・・・うさんくさい放送だな。	・・・수상쩍은 방송이군。
738	1	でもこれで、この星も	그래도 이걸로、이 별도
739	1	あら、あれは先日の。	어머、저건 지난번의。
740	1	お待ちください姫様！	기다려 주세요 공주님！
741	1	まあ。	어머。
742	1	事情が判明するまで、	사정이 밝혀질 때까지、
743	1	なんだか、すごいチャンスを	뭔가、엄청난 기회를
744	1	たぶん、気のせいでやんすよ。	아마、기분 탓입죠。
745	1	あ、なにか落ちてたぞ。	아、뭔가 떨어져 있다。
746	1	・・・すげえよ。	・・・대단하다고。
747	1	じゃあ、引退するか？	그럼、은퇴할 건가？
748	1	とんでもない！	당치도 않다！
749	1	あの男は、	저 남자는、
750	1	彼は	그는
751	1	そうだとしても、私は	그렇다 해도、나는
752	1	はぁああああ・・・	하아아아아아・・・
753	1	・・・いないのは、	・・・없는 것은、
754	1	・・・落ち着いたか？	・・・진정됐나？
755	1	すまん、キャプテン。	미안하다、선장。
756	1	他に誰がいるんでやんす。	달리 누가 있습죠。
757	1	お前は身体が大きすぎるんでやんす。	당신은 몸이 너무 큽죠。
758	1	おいおい、	어이어이、
759	1	アイツはロボットのくせに	저 녀석은 로봇 주제에
760	1	（たしかに	（확실히
761	1	ふんふふ	흥후후
762	1	うわ、アンタ誰でやんす？！	우와、당신 누굽죠？！
763	1	アタシ？	나？
764	1	ううむ、中身は女の子だったでやんすか。	으음、속은 여자애였습죠。
765	1	・・・いや待つでやんす。	・・・아니 기다립죠。
766	1	いったいなんの騒ぎ・・・	대체 무슨 소란・・・
767	1	・・・正義の鉄槌よ！	・・・정의의 철퇴다！
768	1	強行突破でやんすか？	강행 돌파입죠？
769	1	それしか方法はないだろ。	그것밖에 방법이 없잖아。
770	1	どうして、こんな危険な宙域に	어째서、이런 위험한 우주 구역에
771	1	どうせ、たいした額には	어차피、대단한 액수는
772	1	・・・実は、俺もデータが欲しいんだ。	・・・실은、나도 데이터가 필요해。
773	1	今のは聞き流してくれ。	방금 건 흘려들어 줘。
774	1	早く逃げた方がいいでやんす。	빨리 도망치는 게 좋습죠。
775	1	ちょっとだけ我慢しろ。	조금만 참아라。
776	1	あ、あなたでしたか。	아、당신이었군요。
777	1	また新しい古文書を発掘してな。	또 새 고문서를 발굴해서 말이야。
778	1	（あまり期待しないで聞いてみよう。）	（너무 기대하지 말고 들어 보자。）
779	1	それは一体なんです？	그건 대체 뭔가요？
780	1	うむ、それは	음、그건
781	1	へえ、ちょっと意外・・・	헤에、좀 의외・・・
782	1	教育は、すべて会社ごとに	교육은、전부 회사별로
783	1	なんか、この星は白いでやんすね？	뭔가、이 별은 하얗습죠？
784	1	今は	지금은
785	1	とにかく、行ってみるしかない	어쨌든、가 보는 수밖에 없다
786	1	ふーん、オイラ初めて野球人形の	흐음、나 처음으로 야구 인형의
787	1	まあな。	뭐 그렇지。
788	1	光速に近いボール？！	광속에 가까운 공？！
789	1	親父の残してくれた野球人形に	아버지가 남겨 준 야구 인형에
790	1	へー、面白いでやんすねぇ。	헤에、재미있습죠。
791	1	ビーム直撃！	빔 직격！
792	1	よーし、よくやった！	좋아、잘했다！
793	1	・・・勲章もらえるかなぁ㎞	・・・훈장 받을 수 있으려나㎞
794	1	・・・かすっただけでやんす。	・・・스쳤을 뿐입죠。
795	1	あぶなかった。	위험했다。
796	1	さて、人食い	자、식인
797	1	フフフ、わかるか小娘。	후후후、알겠느냐 계집애。
798	1	・・・名前を聞いてもよろしいかしら？	・・・이름을 물어도 될까요？
799	1	フッ、なんのために？	훗、무엇 때문에？
800	1	・・・あんたの墓石に、なんて	・・・당신 묘비에、뭐라고
801	1	そうか、それはありがたい。	그런가、그거 고맙군。
802	1	ちょっと待ちなさい！	잠깐 기다리세요！
803	1	なにぃ、そうなのか？	뭐어、그런가？
804	1	・・・あの２人、意外に	・・・저 ２명、의외로
805	1	そうか、安産にきくのかぁ・・・	그런가、순산에 좋은 건가・・・
806	1	いいからもう、	됐으니까 이제、
807	1	あ～～～～、もう！	아～～～～、정말！
808	1	・・・しかし、その前に	・・・하지만、그전에
809	1	ええい、お前の言いわけは	에잇、네 변명은
810	1	まったく、最近のロボットは	정말、요즘 로봇은
811	1	手伝おうか？	도와줄까？
812	1	・・・もうじき終わる。	・・・이제 곧 끝난다。
813	1	・・・別にいい。	・・・딱히 됐다。
814	1	（やれやれ、こっちの方が	（이런 이런、이쪽이
815	1	よし、ワームホールに突入！	좋아、웜홀에 돌입！
816	1	・・・ワームホールだ。	・・・웜홀이다。
817	1	宇宙の空間がねじれて、	우주 공간이 뒤틀려서、
818	1	いくつか発見されてるんだが、	몇 개인가 발견됐지만、
819	1	知識として知っていても、	지식으로 알고 있어도、
820	1	なあに、船のコンピュータに	뭘、배의 컴퓨터에
821	1	えっ、突入してたでやんすか？！	엣、돌입했었습죠？！
822	1	（遠くの地点に移動しました！）	（먼 지점으로 이동했습니다！）
823	1	外に飛び出しちゃったでやんすよ？！	밖으로 튀어나와 버렸습죠？！
824	1	（まさか、気づかれたか？	（설마、들킨 건가？
825	1	・・・撃沈されてたみたい。	・・・격침당한 모양이야。
826	1	しまったなぁ・・・	큰일이네・・・
827	1	・・・ロボットはミイラにならない。	・・・로봇은 미라가 되지 않는다。
828	1	あっ、自分だけずるい！	앗、자기만 치사해！
829	1	やたっ、	앗싸、
830	1	・・・あの船、かわいそう。	・・・저 배、불쌍해。
831	1	よし、みんな行くぞ！	좋아、다들 간다！
832	1	ええっ、やめた方がいいでやんす！	에엣、그만두는 게 좋습죠！
833	1	（ビシッ！）	（철썩！）
834	1	あああ、	아아아、
835	1	寝起きした時に、食事の後は必ず。	자고 일어났을 때、식사 후에는 반드시。
836	1	化粧は女の銃であり剣なのです。	화장은 여자의 총이자 검입니다。
837	1	そんなものなのかなぁ・・・	그런 건가・・・
838	1	それより、あなたこそ	그보다、당신이야말로
839	1	えっ、俺？	엣、나？
840	1	あら、残念。	어머、아쉽네。
841	1	他星からの旅行者の遭難現場で	다른 별에서 온 여행자의 조난 현장에서
842	1	「ボクは	「나는
843	1	・・・なんだこれは？	・・・이건 뭐냐？
844	1	消化吸収した犠牲者の記憶を元に、	소화한 희생자의 기억을 바탕으로、
845	1	また、とんでもない新種だな！	또、말도 안 되는 신종이군！
846	1	実は	실은
847	1	よし、前向きに対応しておいてくれ。	좋아、긍정적으로 대응해 둬。
848	1	（ゲームオーバー！）	（게임 오버！）
849	1	おーい、宇宙船の故障個所	어어이、우주선 고장 부위
850	1	あと、これはキッチンで	그리고、이건 주방에서
851	1	いやあ、俺って役に立ってるよね！？	아이고、나 도움이 되고 있지！？
852	1	なんだよ、俺がみんなのために	뭐야、내가 다들을 위해서
853	1	そうか、すまなかったな。	그런가、미안했다。
854	1	俺のサービス、役に立ってるよね！	내 서비스、도움이 되고 있지！
855	1	（そういうことか・・・）	（그런 거였나・・・）
856	1	そうだ、キャプテン！	맞다、선장！
857	1	へえ。	헤에。
858	1	喜びを分かち合うために、	기쁨을 나누기 위해、
859	1	あ、どうもすみません。	아、정말 죄송합니다。
860	1	オイラも、イイものを	나도、좋은 걸
861	1	ああ、もう全部使ったよ。	아아、벌써 다 썼어。
862	1	残りの半分は？	나머지 절반은？
863	1	飲み食いして、ギャンブルで負けて。	먹고 마시고、도박으로 잃고。
864	1	あの、まさか・・・	저기、설마・・・
865	1	どうして？	어째서？
866	1	・・・いや、なんでもないです。	・・・아니、아무것도 아닙니다。
867	1	なんだよう、固いこと言うなよぉ。	뭐야、딱딱하게 굴지 마。
868	1	レーザーで警告射撃だ。	레이저로 경고 사격이다。
869	1	ええっ、シャレになってねえぞ？！	에엣、농담이 아니잖아？！
870	1	（プツン！）	（뚝！）
871	1	ワクチンの任務が終わるまでは	백신 임무가 끝날 때까지는
872	1	この映像からすると、	이 영상으로 보면、
873	1	ははは、気のせいよ、気のせい！	하하하、기분 탓이야、기분 탓！
874	1	（あいつは役に立つでやんす。）	（저 녀석은 도움이 됩죠。）
875	1	ああ～、	아아～、
876	1	ウム、協力ごくろう！	음、협조 수고했다！
877	1	連中が倉庫を調べている時に、	저 녀석들이 창고를 뒤지고 있을 때、
878	1	そうか、よくやってくれた！	그런가、잘해 줬다！
879	1	（ねえ、	（저기、
880	1	あたしの方が戦闘経験は豊富だよ。	내가 전투 경험은 더 많아。
881	1	（でも、あなただと	（그래도、당신이면
882	1	まあ、それはそうだけど。	뭐、그건 그렇지만。
883	1	それはそうだけど。	그건 그렇지만。
884	1	（ありがとう、	（고마워、
885	1	・・・さっきから、なに一人で	・・・아까부터、뭘 혼자서
886	1	あ、ところでこんなもの	아、그런데 이런 걸
887	1	なんですか、この箱は。	뭔가요、이 상자는。
888	1	使われてない倉庫から見つけてきた	안 쓰는 창고에서 찾아낸
889	1	あ、２５０ペラも持ってなかった。	아、２５０페라도 없었다。
890	1	まったく、がっかりだ。	정말、실망이다。
891	1	いやあ、あぶなかったなぁ。	아이고、위험했구나。
892	1	よくやった、	잘했다、
893	1	今回の件は、わが社の宇宙船の	이번 건은、우리 회사 우주선의
894	1	お前はわが社の宣伝部長に昇格だ！	너는 우리 회사 선전부장으로 승격이다！
895	1	えっ、５０％もアップですか！？	엣、５０％나 오르는 건가요！？
896	1	・・・５０倍だ。	・・・５０배다。
897	1	お姉さま、お茶が入りましたわ	언니、차 준비됐어요
898	1	うん、ありがと。	응、고마워。
899	1	・・・・・・・・・お姉さま？	・・・・・・・・・언니？
900	1	ちょいと個人レッスンをね・・・	잠깐 개인 레슨을 말이지・・・
901	1	力押しじゃ勝てないから	힘으로만은 못 이기니까
902	1	はーい㎞	네에㎞
903	1	これシビレ薬入れすぎ！	이거 마비약 너무 많이 넣었어！
904	1	・・・え。	・・・에。
905	1	というわけで、教育的指導。	그런 이유로、교육적 지도。
906	1	きゃあああああああ・・・	꺄아아아아아아아・・・
907	1	ええい、先にこの巨大モグラを倒すぞ！	에잇、먼저 이 거대 두더지를 쓰러뜨린다！
908	1	・・・・・・・・・ふむ。	・・・・・・・・・흠。
909	1	（ズガン！	（쾅！
910	1	うわっ、死体だらけじゃないですか。	우왓、시체투성이잖아요。
911	1	こっちだ、	이쪽이다、
912	1	ああ、ずっと隠れていたからな。	아아、계속 숨어 있었으니까。
913	1	・・・寒かったでやんす。	・・・추웠습죠。
914	1	まあ、生きてさえいれば、	뭐、살아만 있으면、
915	1	これは助けてくれの・・・	이건 살려 달라는・・・
916	1	（パクッ！）	（덥석！）
917	1	よくやってくれた。	잘해 줬다。
918	1	・・・ワクチンを俺に渡したことが	・・・백신을 나에게 넘긴 것이
919	1	いえ、そうではなく・・・	아뇨、그게 아니라・・・
920	1	なに、万が一の時のために	뭘、만일을 위해
921	1	さて、この箱を開けてみるか。	자、이 상자를 열어 볼까。
922	1	（カチッ！）	（딸깍！）
923	1	・・・ワナがかかってた。	・・・덫이 걸려 있었다。
924	1	この船の備品を利用して、	이 배의 비품을 이용해서、
925	1	・・・発明した？	・・・발명했다？
926	1	凡人にその違いはわかりません！	범인은 그 차이를 모릅니다！
927	1	デザインが画期的です！	디자인이 획기적입니다！
928	1	製造コストが５％ダウンです！	제조 비용이 ５％ 내려갑니다！
929	1	自然に優しい仕様になってます！	자연 친화적인 사양입니다！
930	1	マイナスイオンが出てます！	음이온이 나옵니다！
931	1	ふーむ、君の構造は科学者として	흐음、자네 구조는 과학자로서
932	1	では、失礼して。	그럼、실례하겠네。
933	1	（うおおおおおっ？！）	（우오오오오옷？！）
934	1	ど、どうしたんです博士。	무、무슨 일입니까 박사님。
935	1	どうしたもなにも、	무슨 일이고 뭐고、
936	1	いったいどういうことなんです？	대체 무슨 일인가요？
937	1	君は、この子のことについて	자네는、이 아이에 대해
938	1	いえ・・・それほど多くは。	아뇨・・・그렇게 많이는。
939	1	そうかそうか。	그런가 그런가。
940	1	今後は私がじっくりと分解調査・・・	앞으로는 내가 차분히 분해 조사・・・
941	1	・・・博士、それはダメ。	・・・박사님、그건 안 돼。
942	1	そんな、格好の研究素材なのに！	그런、더없이 좋은 연구 소재인데！
943	1	影が３人ともやられた。	그림자가 ３명 다 당했다。
944	1	・・・・・・ならん。	・・・・・・안 된다。
945	1	・・・崩壊します。	・・・붕괴합니다。
946	1	（ドガガガーーーン！）	（콰가가가아앙！）
947	1	あ、レーダーに反応が！	아、레이더에 반응이！
948	1	よかった、無事だったのか！	다행이다、무사했나！
949	1	すぐにヒーローを迎えに行きましょう！	당장 영웅을 마중하러 갑시다！
950	1	脱出成功でやんす！	탈출 성공입죠！
951	1	（まあ、これからが大変なんだがな。	（뭐、지금부터가 큰일이지만。
952	1	（・・・数ケ月後・・・）	（・・・몇 달 후・・・）
953	1	どれどれ・・・	어디 보자・・・
954	1	うまく節約したでやんすからね。	잘 아꼈습죠。
955	1	ああ、助かるよ！	아아、고맙다！
956	1	うわ、これは厳しいな。	우와、이건 빡빡하군。
957	1	そっちの予算からこっちに	그쪽 예산에서 이쪽으로
958	1	仕方がないな。	어쩔 수 없군。
959	1	今回の一件では、あなた方に	이번 일에서는、당신들에게
960	1	どうも、ありがとうございます。	정말、감사합니다。
961	1	・・・あ、	・・・아、
962	1	それと、これもあなたに。	그리고、이것도 당신에게。
963	1	・・・次は	・・・다음은
964	1	・・・・・・はい。	・・・・・・네。
965	1	「最初のサル」の話だが・・・	「최초의 원숭이」 이야기인데・・・
966	1	ああ、それで？	아아、그래서？
967	1	ある日、幼い私は	어느 날、어린 나는
968	1	小さい女の子をか？	어린 여자애를 말인가？
969	1	ここの人間は信念で支えられている。	여기 사람들은 신념으로 지탱된다。
970	1	だが・・・	하지만・・・
971	1	・・・その疑問が出ただけでも	・・・그 의문이 나온 것만으로도
972	1	んー、なんだ？	응、뭐냐？
973	1	なかなかカワイイ娘だろ？	제법 귀여운 아가씨지？
974	1	（ビリビリビリ）	（찌릿찌릿찌릿）
975	1	ええい、恥を知れ！	에잇、부끄러운 줄 알아라！
976	1	・・・何の騒ぎだ？	・・・무슨 소란이냐？
977	1	気をつけーーーい！！	차렷～～～！！
978	1	は、はい？	네、네？
979	1	今から特訓である。	지금부터 특훈이다。
980	1	（・・・ヤレヤレ。）	（・・・이런 이런。）
981	1	・・・ん！？	・・・응！？
982	1	ややっ、貴様らは？！	이런、네놈들은？！
983	1	貴様はキャプテン	네놈은 선장
984	1	なんとか撃退したか・・・。	그럭저럭 격퇴했나・・・。
985	1	あ、連中の落し物でやんす！	아、저 녀석들이 흘린 물건입죠！
986	1	つまり、インタビューがしたい	즉、인터뷰를 하고 싶다
987	1	えーと・・・そうだな。	그러니까・・・그렇군。
988	1	確実に標的に当てられる状況に	확실히 표적을 맞힐 수 있는 상황에
989	1	近づいてこなかったら？	다가오지 않으면？
990	1	次の機会を待つ。	다음 기회를 기다린다。
991	1	ええと・・・なんていうかさ、	그러니까・・・뭐랄까、
992	1	そんなものを使っていたら、	그런 걸 쓰고 있으면、
993	1	ああ、そりゃそうなんだろうけどさ。	아아、그야 그렇겠지만 말이야。
994	1	（参ったな、時間がかかりそうだ。）	（난감하네、시간이 걸리겠어。）
995	1	・・・いくらなんでも、	・・・아무리 그래도、
996	1	いくらカワイイからって、これじゃ	아무리 귀엽다고 해도、이건
997	1	まあ、惑星のアイドルなんだから	뭐、행성의 아이돌이니까
998	1	・・・いやいや、姫様は単なる	・・・아니아니、공주님은 단순한
999	1	というと？	그러니까？
1000	1	オイコラ、そこの者！	이봐 거기、그대！
1001	1	うわー！！	우와아！！
1002	1	この星も、いろいろと大変な	이 별도、여러모로 힘든
1003	1	おい	어이
1004	1	しかし、みんなはそう呼んでるぞ。	하지만、다들 그렇게 부르는데。
1005	1	オレは許可した覚えはないがな。	나는 허락한 기억이 없다만。
1006	1	宇宙の男なら、そんな細かいことを	우주의 사나이라면、그런 사소한 걸
1007	1	オレは宇宙の男ではなく、	나는 우주의 사나이가 아니라、
1008	1	そうだとも。	그렇고말고。
1009	1	・・・まいったな。	・・・난감하군。
1010	1	（カッ！カッ！カッ！）	（팍！팍！팍！）
1011	1	ひええ、手裏剣でやんす！	히이익、수리검입죠！
1012	1	うわあ、味方ですよ！	우와아、아군이에요！
1013	1	無理だ、話が通じる様子じゃない！	무리다、말이 통할 기색이 아니다！
1014	1	オホホホ！	오호호호！
1015	1	ニンジャだ、来るぞ！	닌자다、온다！
1016	1	あ、あの・・・	저、저기・・・
1017	1	おのれ、裏切り者ー！	이놈、배신자～！
1018	1	どうしてこうなっちゃうんでしょう？	어째서 이렇게 되는 걸까요？
1019	1	まあ、しょうがないとあきらめよう。	뭐、어쩔 수 없다고 포기하자。
1020	1	さて、どうしようか。	자、어떻게 할까。
1021	1	いらっしゃいませ。	어서 오세요。
1022	1	ええい、てこずらせやがって！	에잇、애먹이는군！
1023	1	（ザシュ！）	（서걱！）
1024	1	悪いね？	미안하네？
1025	1	あ・・・れ？	어・・・라？
1026	1	先輩が助けに・・・？	선배가 구하러・・・？
1027	1	誰が先輩だ、誰が！	누가 선배냐、누가！
1028	1	・・・でも、勘違いしてくれた方が	・・・그래도、착각해 주는 편이
1029	1	うーん、なんだか	으음、뭔가
1030	1	・・・この子はどうする？	・・・이 아이는 어떻게 하지？
1031	1	脱出する適当な船に投げ込んどこう。	탈출하는 적당한 배에 던져 넣어 두자。
1032	1	こんにちは。	안녕하세요。
1033	1	はじめまして、	처음 뵙겠습니다、
1034	1	あら、やだ。	어머、싫어라。
1035	1	（二重人格？！）	（이중인격？！）
1036	1	とりあえず・・・	일단・・・
1037	1	もう、	정말、
1038	1	（ゴメンゴメン。	（미안미안。
1039	1	ん・・・もう眠たくなってきた。	응・・・벌써 졸리기 시작했어。
1040	1	次、なにか食べたいものある？	다음에、뭔가 먹고 싶은 거 있어？
1041	1	（そうね。	（글쎄。
1042	1	わかった、任しといて！	알겠어、맡겨 둬！
1043	1	じゃ、冒険に行きましょうか。	그럼、모험하러 갈까요。
1044	1	あ、それ片付けないでね。	아、그거 치우지 마。
1045	1	・・・なんのおまじないだ？	・・・무슨 주술이냐？
1046	1	「お約束」ってヤツかしらね。	「클리셰」라는 거려나。
1047	1	それって、ひょっとしてその人物が	그거、혹시 그 인물이
1048	1	うん、そうよ。	응、그래。
1049	1	じゃあ、縁起が悪いじゃないか！	그럼、재수가 없잖아！
1050	1	あたしさあ、「お約束」って	나 말이야、「클리셰」라는 거
1051	1	だから、わざとそうしてるのよ。	그래서、일부러 그러는 거야。
1052	1	理解してほしいなんて思ってないよ。	이해해 달라고는 생각 안 해。
1053	1	ここが炎の惑星	여기가 불꽃의 행성
1054	1	思ってたより熱くないでやんすね？	생각보다 덥지 않습죠？
1055	1	そりゃあ、俺たちがいるのは	그야、우리가 있는 건
1056	1	この星は連中が支配してるらしい。	이 별은 저 녀석들이 지배한다더군。
1057	1	ものすごく遠くに故郷がある	엄청나게 먼 곳에 고향이 있는
1058	1	あいつら何を食ってるんでやんすかね？	저 녀석들 뭘 먹고 사는 겁죠？
1059	1	化石燃料	화석 연료
1060	1	その通りだ。	그렇다。
1061	1	貴様、どういうことだ！	네놈、무슨 소리냐！
1062	1	今回の件に	이번 건에
1063	1	そんなことは当然だ。	그런 건 당연하다。
1064	1	それを私に尋ねられても・・・	그걸 나에게 물어봐도・・・
1065	1	ええい、この役立たず！	에잇、이 쓸모없는 놈！
1066	1	（そのエサにつられたくせに、	（그 미끼에 걸려 놓고서、
1067	1	ゴミ、カス、虫けら！	쓰레기、찌꺼기、벌레！
1068	1	こういう義理堅い	이런 의리 있는
1069	1	ええ、料金は格安で。	네、요금은 아주 싸게。
1070	1	タダじゃないんでやんすか～！	공짜가 아닙죠～！
1071	1	・・・タダですって？	・・・공짜라고요？
1072	1	（オイラ、	（나、
1073	1	さて、どうしようかな？	자、어떻게 할까？
1074	1	この前、あなたが買っていってから	지난번에、당신이 사 간 뒤로
1075	1	そうですか・・・。	그렇습니까・・・。
1076	1	仕方がない、	어쩔 수 없다、
1077	1	キャプテン、キミの戦闘力は高い。	선장、자네 전투력은 높다。
1078	1	そこで、これをプレゼントしよう。	그래서、이걸 선물하지。
1079	1	あ、銃じゃないですか。	아、총이잖아요。
1080	1	それと、こういうものは、	그리고、이런 것은、
1081	1	おや、あんた運がいいな。	이런、당신 운이 좋군。
1082	1	・・・持ち合わせが足りません。	・・・가진 돈이 모자랍니다。
1083	1	なんだ、残念だったね。	뭐야、아쉽게 됐군。
1084	1	（・・・ここはガマンだ。）	（・・・여긴 참아야 한다。）
1085	1	さて、このパーツの設定は	자、이 부품 설정은
1086	1	・・・名前をつけよう。	・・・이름을 붙이자。
1087	1	よし、完成だ！	좋아、완성이다！
1088	1	ああ、じゃあ秘密の地下道から	아아、그럼 비밀 지하도로
1089	1	いや、君のおかげで	아니、자네 덕분에
1090	1	こんな道があるなんて驚きだな。	이런 길이 있다니 놀랍군。
1091	1	いいですか、この道はニンジャだけが	잘 들으세요、이 길은 닌자만이
1092	1	後ろから声が？	뒤에서 목소리가？
1093	1	そこの方、助けてください！	거기 분、도와주세요！
1094	1	ええい、あの曲者どもを殺せ！	에잇、저 수상한 자들을 죽여라！
1095	1	どっちが曲者だ！	어느 쪽이 수상한 자냐！
1096	1	・・・大領領閣下。	・・・대통령 각하。
1097	1	なんだ、	뭐냐、
1098	1	たとえ	설령
1099	1	それには一つ問題がありますね。	거기엔 한 가지 문제가 있네요。
1100	1	これからの宇宙に	앞으로의 우주에
1101	1	大統領親子でやんす！	대통령 부자입죠！
1102	1	いったい誰がこんなことを？	대체 누가 이런 짓을？
1103	1	（・・・これで、戦いを速やかに	（・・・이걸로、싸움을 신속히
1104	1	こうなったら、	이렇게 된 이상、
1105	1	お仕事、ごくろうさまです。	일하시느라、수고 많으십니다。
1106	1	（また、丸め込んでるでやんす。）	（또、구워삶고 있습죠。）
1107	1	（ここはプロに	（여긴 프로에게
1108	1	・・・ごめんなさい、	・・・죄송합니다、
1109	1	ああ、まあしかたないよ。	아아、뭐 어쩔 수 없지。
1110	1	それはどういう意味だ？	그건 무슨 뜻이냐？
1111	1	あら、積荷に損害が出た場合、	어머、적재물에 손해가 난 경우、
1112	1	（げ、まずいな・・・	（윽、곤란하네・・・
1113	1	あー、よくわかりました。	아、잘 알겠습니다。
1114	1	ああ、待ちたまえ。	아아、기다리게。
1115	1	子供の頃は、どんな遊びを	어릴 적엔、어떤 놀이를
1116	1	うーん、すぐに兵隊になったからな。	으음、바로 군인이 됐으니까。
1117	1	・・・その先は聞きたくないぞ。	・・・그다음은 듣고 싶지 않다。
1118	1	ああ、それならあったな。	아아、그거라면 있었지。
1119	1	戦争と関係ないので頼む！	전쟁과 상관없는 걸로 부탁한다！
1120	1	それなら、神への願い事を	그렇다면、신에게 소원을
1121	1	へえ、それなら	헤에、그렇다면
1122	1	私は「敵を１００人殺す」と	나는 「적을 １００명 죽인다」고
1123	1	まあ、夢がかなったのだから	뭐、꿈이 이루어졌으니
1124	1	暗いでやんす！	어둡습죠！
1125	1	なんとか、元気づけられない	어떻게든、기운을 북돋울 수 없
1126	1	うわっ、マグマスライムが	우왓、마그마 슬라임이
1127	1	怪シイ奴メ！	수상한 놈！
1128	1	（ズビビー！！）	（쥐이이잉！！）
1129	1	わあっ！	와앗！
1130	1	あいつら、いったい	저 녀석들、대체
1131	1	・・・くやしいですわ。	・・・분하네요。
1132	1	１０かせげば１００！	１０을 벌면 １００！
1133	1	すげえ技術だと俺は思うんだけどな。	대단한 기술이라고 나는 생각하는데。
1134	1	あ・・・待ちなさいよ・・・	아・・・기다리라니까・・・
1135	1	今、手持ちが２０００もないんだけど。	지금、가진 게 ２０００도 안 되는데。
1136	1	大丈夫です！	괜찮습니다！
1137	1	・・・チッ！	・・・쳇！
1138	1	さあ、完成しました。	자、완성됐습니다。
1139	1	・・・あれ、おかしいですね。	・・・어라、이상하네요。
1140	1	あれ・・・普通だ。	어라・・・평범하다。
1141	1	・・・内部機構は画期的なんですが。	・・・내부 기구는 획기적입니다만。
1142	1	おい、個人用武器って	어이、개인용 무기라니
1143	1	・・・そうでしたっけ？	・・・그랬던가요？
1144	1	前回は、任務に失敗したでやんすね？	지난번엔、임무에 실패했습죠？
1145	1	それとも、セーブせずに電源を	아니면、저장하지 않고 전원을
1146	1	ゲーム機の電源が切れそうなときは	게임기 전원이 꺼질 것 같을 때는
1147	1	いや、こっちは戦闘ですぐに	아니、이쪽은 전투로 바로
1148	1	そりゃあよかった。	그거 다행이군。
1149	1	でも、ペナルティーはあるんでやんす。	그래도、페널티는 있습죠。
1150	1	さあ、ゲーム再開でやんす！	자、게임 재개입죠！
1151	1	ああっ？！	아앗？！
1152	1	あらあら？	어머어머？
1153	1	違うわ。	아니야。
1154	1	あ～あ、あんたら運が悪いね。	아～아、너희들 운이 나쁘구나。
1155	1	・・・敵がかわいそう。	・・・적이 불쌍해。
1156	1	ククク・・・	크크크・・・
1157	1	強大な力に反抗して、それでも	강대한 힘에 반항하고、그래도
1158	1	すごいでやんすよ。	대단합죠。
1159	1	・・・また、ということは	・・・또、라는 것은
1160	1	ククク、当然でやんす。	크크크、당연합죠。
1161	1	おいメガネ。	어이 안경。
1162	1	まあ、そうだな。	뭐、그렇군。
1163	1	・・・それのどこが実用的なんだ？	・・・그게 어디가 실용적이냐？
1164	1	死んでからも爆発物を、３m	죽고 나서도 폭발물을、３미터
1165	1	バッキャロウ、まず最初に	이 바보 자식、우선 처음에
1166	1	・・・違うな。	・・・아니군。
1167	1	ケッ！	쳇！
1168	1	（オイラの話は、誰も	（내 얘기는、아무도
1169	1	さて、どうしよう。	자、어떻게 하지。
1170	1	現在、ワクチンの在庫は	현재、백신 재고는
1171	1	残念ながら、現在ワクチンの在庫は	아쉽게도、현재 백신 재고는
1172	1	そうか、仕方がないな。	그런가、어쩔 수 없군。
1173	1	（宇宙港のあたりでもうろつくか。）	（우주항 근처나 어슬렁거릴까。）
1174	1	アイタタタ・・・。	아야야야・・・。
1175	1	よし、とどめだ！	좋아、마무리다！
1176	1	え、なんだ？	에、뭐냐？
1177	1	・・・ええと、その。	・・・그러니까、그게。
1178	1	別に情けをかけてもらわなくても、	딱히 동정 안 받아도、
1179	1	な、なによ。	뭐、뭐야。
1180	1	あなたとは、改めて決着をつけます。	당신과는、다시 결착을 내겠어요。
1181	1	・・・今日は	・・・오늘은
1182	1	あーっ、こいつ中で笑ってんな！？	아앗、이 녀석 속으로 웃고 있잖아！？
1183	1	あれでいいのか？	저래도 되는 건가？
1184	1	あはは、こんなことじゃ	아하하、이런 걸로는
1185	1	なにを熱心にやっているかと思ったら、	뭘 열심히 하나 했더니、
1186	1	おいおい、だからといって	어이어이、그렇다고 해서
1187	1	・・・まあ、オイラもその意見には	・・・뭐、나도 그 의견에는
1188	1	そのあたりはバランスの問題だな。	그 부분은 균형의 문제군。
1189	1	まあ、明日死ぬかもしれないのに	뭐、내일 죽을지도 모르는데
1190	1	あ、仕事をサボる口実にはするなよ！	아、일 땡땡이치는 핑계로 쓰지 마라！
1191	1	一体、なんですか？	대체、뭔가요？
1192	1	宇宙ワクチン１トンだ。	우주 백신 １톤이다。
1193	1	野球人形のパーツだ。	야구 인형 부품이다。
1194	1	ちゃんと動くと思うが、	제대로 움직일 거라고 보는데、
1195	1	１０００ペラで買ってくれ。	１０００페라에 사 줘。
1196	1	あ、１０００ペラも持ってないや。	아、１０００페라도 없네。
1197	1	やれやれ。	이런 이런。
1198	1	なんだって！？	뭐라고！？
1199	1	おいおい、そんなに身構えるなよ。	어이어이、그렇게 경계하지 마。
1200	1	伝道師？	전도사？
1201	1	かつて、この世界には	예전에、이 세계에는
1202	1	へえ！	헤에！
1203	1	しかし、古文書には	하지만、고문서에는
1204	1	まず、Ａボタンには、この船の	우선、Ａ버튼에는、이 배의
1205	1	ブースターは加速だな。	부스터는 가속이군。
1206	1	武器を連射してエネルギー切れに	무기를 연사해서 에너지가 떨어지
1207	1	武器の照準は？	무기 조준은？
1208	1	武器は、四角いカーソルが	무기는、네모난 커서가
1209	1	ただし、すれ違ったりして	다만、스쳐 지나가거나 해서
1210	1	なあ、ワクチンを探してるのって	저기、백신을 찾고 있는 건
1211	1	・・・そうか。	・・・그런가。
1212	1	しまった、おとり捜査でやんす！	큰일이다、함정 수사입죠！
1213	1	外へ逃げろ！	밖으로 도망쳐！
1214	1	やれやれ、ひどい目にあった。	이런 이런、험한 꼴 당했다。
1215	1	宇宙船にいったん戻るでやんす。	우주선으로 일단 돌아갑죠。
1216	1	１トンだけだが、９００ペラで	１톤뿐이지만、９００페라에
1217	1	・・・オレのじゃないな。	・・・내 것은 아니군。
1218	1	この機会に、	이 기회에、
1219	1	おいおい・・・。	어이어이・・・。
1220	1	おお、すごいでやんす！	오오、대단합죠！
1221	1	・・・ふーん、やるな。	・・・흐음、제법이군。
1222	1	・・・アレ？	・・・어라？
1223	1	おいおい、勝手に他人の	어이어이、함부로 남의
1224	1	惑星を別にしてある理由か？	행성을 따로 둔 이유인가？
1225	1	ということは、これ全部	그렇다는 건、이거 전부
1226	1	現役？	현역？
1227	1	ああ、いや、なんでもない。	아아、아니、아무것도 아니다。
1228	1	（さては、	（그렇다면、
1229	1	ワクチンを持ち帰りました。	백신을 가지고 돌아왔습니다。
1230	1	これは、政府からの謝礼だ。	이건、정부에서 주는 사례다。
1231	1	この船には何人まで乗れるのかな？	이 배에는 몇 명까지 탈 수 있지？
1232	1	普通は４人が限界ですね。	보통은 ４명이 한계네요。
1233	1	お元気そうですね。	건강해 보이시네요。
1234	1	なに、レストランの	뭘、레스토랑의
1235	1	・・・寝るところは？	・・・잘 곳은？
1236	1	今は使われてない区画を	지금은 안 쓰는 구역을
1237	1	なんだか、サバイバルですね。	뭔가、서바이벌이네요。
1238	1	あのなぁ。	저기 말이야。
1239	1	それに、ごくまれにだが再就職に	게다가、아주 드물게지만 재취업에
1240	1	がんばってください。	힘내세요。
1241	1	（・・・としか言えないよな？）	（・・・라고밖에 못 하지？）
1242	1	このぉ！	이 녀석！
1243	1	・・・なるほど、手品のタネが	・・・과연、마술의 속임수가
1244	1	そりゃどうも。	그거 고맙군。
1245	1	・・・タネがわかれば、対処法もある。	・・・속임수를 알면、대처법도 있다。
1246	1	・・・へえ・・・。	・・・헤에・・・。
1247	1	はああっ！	하아앗！
1248	1	ふざけるなあっ！	장난치지 마라！
1249	1	待て、	기다려、
1250	1	（ザクッ！）	（푹！）
1251	1	・・・そっちのタネもわかったよ。	・・・그쪽 속임수도 알아냈어。
1252	1	（よし、連携が乱れた！）	（좋아、연계가 흐트러졌다！）
1253	1	終わりだ、量産品！	끝이다、양산품！
1254	1	・・・聞こえてるか、同志達よ。	・・・들리는가、동지들이여。
1255	1	イテテテテッ！	아야야야얏！
1256	1	・・・雰囲気を壊すな。	・・・분위기를 깨지 마라。
1257	1	足をやられた。	다리를 당했다。
1258	1	みえみえのウソをつくな。	뻔한 거짓말 하지 마라。
1259	1	いや、マジでそのあと	아니、진짜로 그 뒤에
1260	1	ハァ・・・	하아・・・
1261	1	カッコつけるより、生きてる方が	폼 잡는 것보다、살아 있는 게
1262	1	なにをワケのわからんことを。	무슨 영문 모를 소리를。
1263	1	（こうでもしねえと、コイツ	（이렇게라도 안 하면、이 녀석
1264	1	なにか言ったか？	뭐라고 했나？
1265	1	いや～、なんにも？	아니～、아무것도？
1266	1	機械の星、	기계의 별、
1267	1	でも、この星についてはなぜかデータが	그래도、이 별에 대해서는 어째선지 데이터가
1268	1	住民がほとんどロボットというのは	주민이 대부분 로봇이라는 건
1269	1	・・・それは	・・・그건
1270	1	永遠の生命でやんすか・・・	영원한 생명입죠・・・
1271	1	もうひとつの話だと、	또 다른 얘기로는、
1272	1	さっきの話と全然違うじゃ	아까 얘기랑 전혀 다르잖
1273	1	だから、よくわかってないんだよ。	그러니까、잘 모른다는 거야。
1274	1	なんだと、もういっぺん言ってみろ！	뭐라고、한 번 더 말해 봐라！
1275	1	何度でも言ってやるでやんす！	몇 번이라도 말해 주는 겁죠！
1276	1	いいか、言っとくけどな～	잘 들어、말해 두는데～
1277	1	宇宙一？	우주 제일？
1278	1	ちがうちがう！	아니아니！
1279	1	なんだか、実感のない数字でやんすね。	뭔가、실감이 안 나는 숫자입죠。
1280	1	それでも一番暮らしやすくて	그래도 가장 살기 좋고
1281	1	オイラが聞いていたのと	내가 듣던 것과
1282	1	たしかに上下の格差は大きいけど・・・	확실히 상하 격차는 크지만・・・
1283	1	（奴隷でやんす・・・）	（노예입죠・・・）
1284	1	ん・・・部屋の外か？	응・・・방 밖인가？
1285	1	あっ、お前たちは！	앗、너희들은！
1286	1	む～～～ん。	으～～～음。
1287	1	なんだ、その	뭐냐、그
1288	1	よく言うよ・・・	잘도 말하는군・・・
1289	1	なら返せよ！	그럼 돌려줘！
1290	1	いや、返してないぞ！	아니、안 돌려줬다！
1291	1	む～～～～～～～～～～～～～～ん。	으～～～～～～～～～～～～～～음。
1292	1	あ、おい、ちょっと待て！	아、어이、잠깐 기다려！
1293	1	・・・おい、見ろよアレ。	・・・어이、저것 좀 봐。
1294	1	ケッ、人間に	쳇、인간에게
1295	1	ロボットの風上にも置けねえな！	로봇 취급도 못 받을 놈이군！
1296	1	オラ、何とか言ってみろ！	야、뭐라고 말 좀 해 봐！
1297	1	おい、やめないか！	어이、그만두지 못해！
1298	1	ええい、全員しめちまえ！	에잇、전부 조져 버려！
1299	1	くそー、覚えてやがれ！	젠장、두고 보자！
1300	1	・・・ありがとう。	・・・고마워。
1301	1	まあ、キャプテンとして当然の事を	뭐、선장으로서 당연한 일을
1302	1	あれ、これは？	어라、이건？
1303	1	・・・さっきの連中から取り上げた。	・・・아까 그 녀석들에게서 빼앗았다。
1304	1	大丈夫、気にしてないから。	괜찮아、신경 안 쓰니까。
1305	1	おおっ、すげえぞアレ！	오옷、대단하다 저거！
1306	1	なんてロボットらしい！	얼마나 로봇다운가！
1307	1	・・・なんだか大人気でやんすね。	・・・뭔가 대인기입죠。
1308	1	ああ、そうだな。	아아、그렇군。
1309	1	・・・アイテムもらった。	・・・아이템 받았다。
1310	1	見たことのない子が操縦席にいる！	처음 보는 애가 조종석에 있다！
1311	1	うわ、本当でやんす！	우와、정말입죠！
1312	1	・・・こちらが本来の身体。	・・・이쪽이 본래의 몸。
1313	1	なんだってー！！	뭐라고～！！
1314	1	な、なにをしてるんでやんす？	무、뭘 하고 있습죠？
1315	1	・・・通路の塗装。	・・・통로 도장。
1316	1	いや、そのぐらいの傷なら	아니、그 정도 흠집이라면
1317	1	捨てないでやんす。	버리지 않습죠。
1318	1	じゃあ、さび止めオイル・・・	그럼、녹 방지 오일・・・
1319	1	かけないでやんす！	뿌리지 않습죠！
1320	1	そうでやんすか～、	그렇습죠～、
1321	1	・・・・・・・・・平和です。	・・・・・・・・・평화롭습니다。
1322	1	（キキー！）	（끼익！）
1323	1	はて、なんの音ですか？	이런、무슨 소리인가요？
1324	1	（バタン！）	（쾅！）
1325	1	よかったでやんすね！	다행입죠！
1326	1	・・・平和・・・・・・・・・。	・・・평화・・・・・・・・・。
1327	1	いよいよ決戦かぁ。	드디어 결전인가。
1328	1	ええと、今から・・・ですか？	그러니까、지금부터・・・인가요？
1329	1	もちろんだ。	물론이다。
1330	1	なにをふざけている。	뭘 장난치고 있나。
1331	1	あれえ、おっかしいなぁ。	어라、이상하네。
1332	1	おいっ！	어이！
1333	1	おお、やるでやんすねぇ。	오오、제법입죠。
1334	1	なあ、なあ、後で謝ったら	저기、저기、나중에 사과하면
1335	1	どうやら・・・カッコいいのは	아무래도・・・멋있는 건
1336	1	言い訳は聞きたくないでやんす！	변명은 듣고 싶지 않습죠！
1337	1	・・・今から？	・・・지금부터？
1338	1	当然でやんす！	당연합죠！
1339	1	・・・・・・了解。	・・・・・・알겠다。
1340	1	まったく、あのロボットは	정말、저 로봇은
1341	1	いや、そんなことはないでやんす。	아니、그렇지 않습죠。
1342	1	ちょっといいか？	잠깐 괜찮나？
1343	1	・・・何？	・・・뭐？
1344	1	君の体なんだが、	자네 몸 말인데、
1345	1	・・・戦車の装甲板が貼ってある。	・・・전차 장갑판이 붙어 있다。
1346	1	・・・この身体は特別設計。	・・・이 몸은 특별 설계。
1347	1	・・・あれ、待てよ？	・・・어라、잠깐？
1348	1	どうも、こんにちは。	안녕하세요。
1349	1	それで、２人のしゃべり方の違いが	그래서、２명의 말투 차이가
1350	1	じゃあ、戦闘中の君に	그럼、전투 중인 자네에게
1351	1	夢を見ています。	꿈을 꾸고 있습니다。
1352	1	ご、ごめんなさいー！	죄、죄송합니다！
1353	1	あーあ、まきぞえくらわしちゃったか。	아～아、휘말리게 해버렸나。
1354	1	・・・俺を勝手に殺すな。	・・・멋대로 나를 죽이지 마라。
1355	1	あら、生きてたの？	어머、살아 있었어？
1356	1	・・・ゴミの分際で	・・・쓰레기 주제에
1357	1	く、くそー！	제、젠장！
1358	1	あの子は？	그 애는？
1359	1	たぶん、ニンジャの下っ端。	아마、닌자의 말단。
1360	1	それ、なつかれてるのと違うぞ。	그거、따르는 거랑은 다르다。
1361	1	違わないって。	다르지 않다니까。
1362	1	それで、逃がしてやってるのか。	그래서、놓아주고 있는 건가。
1363	1	ええ、本気になるほどの力もないし。	네、진심 낼 만한 힘도 없고。
1364	1	優しいじゃないか。	상냥하잖아。
1365	1	冗談でしょ？	농담이겠지？
1366	1	やあ、君がワクチンの買い手かね？	여어、자네가 백신 구매자인가？
1367	1	しかし、トンあたり２５００ペラ	하지만、톤당 ２５００페라
1368	1	まあ、ちょっと待ちたまえ。	자、잠깐 기다리게。
1369	1	ええ、もちろんですとも。	네、물론이고말고요。
1370	1	うむ、それを聞いて安心した。	음、그 말을 들으니 안심이군。
1371	1	ええ、安心してください。	네、안심하세요。
1372	1	（お互いにわざとらしい・・・	（서로 속 보이는군・・・
1373	1	ですから、２５００ペラというのは	그러니까、２５００페라라는 건
1374	1	では、実際の取り引きは	그럼、실제 거래는
1375	1	すでに、お話はうかがっております。	이미、말씀은 들었습니다。
1376	1	いかん、いかんぞう！	안 된다、안 돼！
1377	1	な、なんだよ、いきなり。	뭐、뭐야、갑자기。
1378	1	いいか、ロボットというのは	잘 들어라、로봇이라는 것은
1379	1	ええと、まあ・・・そうかな。	그러니까、뭐・・・그런가。
1380	1	つまりロボットに懸想（けそう）する	즉 로봇에게 연정을 품는
1381	1	け、懸想？！	여、연정？！
1382	1	・・・さて、ここで究極の問題だ。	・・・자、여기서 궁극의 문제다。
1383	1	そうかそうか、では相思相愛と	그런가 그런가、그럼 상사상애라
1384	1	オイ、どうしてそうなる！？	어이、어째서 그렇게 되냐！？
1385	1	ええい、キャプテンの間違いを	에잇、선장의 잘못을
1386	1	もちろん、意思確認の・・・	물론、의사 확인의・・・
1387	1	（ドスン！、バタン！）	（쿵！、쾅！）
1388	1	・・・倉庫の整理が終わった。	・・・창고 정리가 끝났다。
1389	1	コラー、その前にこっちを助けろ！	이봐아、그전에 이쪽을 도와라！
1390	1	そりゃあ、お金だよ。	그야、돈이지。
1391	1	そんなにお金をためてどうするんだ？	그렇게 돈을 모아서 뭘 하려고？
1392	1	だってさ、お金がいっぱいあったら	왜냐면 말이야、돈이 많으면
1393	1	それで？	그래서？
1394	1	それで子供をいっぱい作るだろ。	그래서 아이를 잔뜩 만들잖아。
1395	1	だから、そんなにお金をかせいで	그러니까、그렇게 돈을 벌어서
1396	1	そりゃあ、死んだ後に	그야、죽은 뒤에
1397	1	あれ、知らないの？	어라、몰라？
1398	1	そんなの、	그런 건、
1399	1	ちょ、ちょっとまて。	자、잠깐 기다려。
1400	1	おいおい、変なこと言うなよ。	어이어이、이상한 소리 하지 마。
1401	1	・・・そ、そうなのかな？	・・・그、그런 건가？
1402	1	まったく、これだから	정말、이래서
1403	1	・・・ところで、あんた	・・・그런데、당신
1404	1	もうだまされないでやんす！	이제 안 속습죠！
1405	1	持ってないか。	안 가지고 있나。
1406	1	え、いいんでやんすか？	에、괜찮습죠？
1407	1	もちろんよ。	물론이지。
1408	1	どうやらニセ札じゃないでやんすね。	아무래도 위조지폐는 아닙죠。
1409	1	わーい、もうかったでやんす。	와아、벌었습죠。
1410	1	ああっ、本当でやんす！	아앗、정말입죠！
1411	1	どうしたんだよ。	무슨 일이야。
1412	1	オイラの新しい財布が	내 새 지갑이
1413	1	そういえば、さっき、	그러고 보니、아까、
1414	1	じゃあ、またやられたな。	그럼、또 당했군。
1415	1	（でも、どうやって	（그래도、어떻게
1416	1	ですが、	하지만、
1417	1	おや、緊急メールだ。	이런、긴급 메일이다。
1418	1	たった今入った情報によると	방금 들어온 정보에 따르면
1419	1	目的地は不明だが、	목적지는 불명이지만、
1420	1	あ・・・そういえばそうか。	아・・・그러고 보니 그렇군。
1421	1	姫っ！	공주님！
1422	1	・・・あわてては	・・・당황해서는
1423	1	しかし・・・	하지만・・・
1424	1	案ずることはありません。	걱정할 것 없습니다。
1425	1	（それにしてもこの時期に・・・	（그건 그렇고 이 시기에・・・
1426	1	大変でやんす、大変でやんす！	큰일입죠、큰일입죠！
1427	1	いったい、どうしたんだ？	대체、무슨 일이냐？
1428	1	えええっ？！	에에엣？！
1429	1	住民の命を守るための決断、	주민의 목숨을 지키기 위한 결단、
1430	1	まあ、この司令部はオイラたちの	뭐、이 사령부는 우리
1431	1	閣下、	각하、
1432	1	ああ、別にかまわないでやんすよ。	아아、딱히 상관없습죠。
1433	1	な、なんですって？	뭐、뭐라고요？
1434	1	これから、どうするでやんす？	이제부터、어떻게 합죠？
1435	1	いったんアステロイドに逃げよう。	일단 소행성대로 도망치자。
1436	1	アラ、こんにちは。	어머、안녕하세요。
1437	1	（今持っているワクチンを	（지금 가진 백신을
1438	1	（でも、今は８００ペラも	（그래도、지금은 ８００페라도
1439	1	最近は景気が悪いから、大歓迎！	요즘 경기가 안 좋으니까、대환영！
1440	1	前と同じ８００ペラでいいかい？	전과 같은 ８００페라면 되겠나？
1441	1	うーん、まあいいでしょ。	으음、뭐 괜찮겠죠。
1442	1	・・・というわけで、	・・・그런 이유로、
1443	1	ワクチンの輸送？	백신 수송？
1444	1	これをネタにして、工作員が	이걸 빌미로、공작원이
1445	1	そっちの景気はどうだい？	그쪽 경기는 어떤가？
1446	1	ぜんぜんだめね。	전혀 안 좋아。
1447	1	ハハハ、あったら俺がまっ先に	하하하、있었으면 내가 제일 먼저
1448	1	（楽しく会話しました。）	（즐겁게 대화했습니다。）
1449	1	あのときの手品オヤジでやんす！	그때 그 마술 아저씨입죠！
1450	1	やい、オイラの財布を返せでやんす！	야、내 지갑 돌려주라는 겁죠！
1451	1	どうしてオイラがお金を	어째서 내가 돈을
1452	1	ああっ、それでやんす！	아앗、그겁죠！
1453	1	オイラが１００ペラ札を	내가 １００페라 지폐를
1454	1	じゃ、アンタ得してるじゃないか。	그럼、당신 이득 본 거잖아。
1455	1	だ・か・ら！	그・러・니・까！
1456	1	ふむふむ。	흠흠。
1457	1	それで、アンタがこれを	그래서、당신이 이걸
1458	1	どうやって？	어떻게？
1459	1	だから、杖を振って	그러니까、지팡이를 흔들어서
1460	1	つまり、こう？	즉、이렇게？
1461	1	うわあ、また	우와아、또
1462	1	・・・すごい手品だな。	・・・대단한 마술이군。
1463	1	よし、全艦で攻撃を行なう。	좋아、전함으로 공격을 실시한다。
1464	1	ノコノコやってくるとは間抜けめ！	태평하게 오다니 얼간이 같으니！
1465	1	すぐに攻撃だ！	당장 공격이다！
1466	1	よくもぬけぬけと・・・	잘도 뻔뻔하게・・・
1467	1	宇宙のもくずにしてくれる！	우주의 먼지로 만들어 주마！
1468	1	なにぃ、	뭐어、
1469	1	なに、しまった？！	뭐야、큰일이다？！
1470	1	（ズドドーーーン！！）	（쿠두두우웅！！）
1471	1	くそっ、やられた！	젠장、당했다！
1472	1	急いで戦闘準備だ！	서둘러 전투 준비다！
1473	1	おかげで、知り合いからは裏切り者って	덕분에、아는 사람들한테는 배신자라고
1474	1	それなら、やっぱり	그렇다면、역시
1475	1	ああ、「艦隊」ならな。	아아、「함대」라면 말이지。
1476	1	あーら、レディに向かって	어머나、숙녀를 향해
1477	1	どうでもいい！	아무래도 좋다！
1478	1	・・・いやだ、と言ったら？	・・・싫다、고 하면？
1479	1	実力で排除する！	실력으로 배제한다！
1480	1	・・・・・・ウフフ。	・・・・・・우후후。
1481	1	こ、このクソ女～～！！	이、이 망할 여자～～！！
1482	1	オーホホホホ！	오호호호호！
1483	1	全員、あの女を追え！	전원、저 여자를 쫓아라！
1484	1	しかし、キャプテン	하지만、선장
1485	1	えーい、融通の利かない奴だな。	에잇、융통성 없는 녀석이군。
1486	1	いいのかなぁ。	괜찮을까。
1487	1	お前には、いつも感心させられる	너에게는、늘 감탄하게 된다
1488	1	もちろん、荒立てるつもりは	물론、일을 키울 생각은
1489	1	なるほど、大統領閣下への	과연、대통령 각하에 대한
1490	1	オイラは大統領閣下に	나는 대통령 각하에게
1491	1	・・・ですが、当然その先のことも	・・・하지만、당연히 그 앞일도
1492	1	ククク、好奇心はネコを殺すでやんすよ。	크크크、호기심은 고양이를 죽입죠。
1493	1	しかし、ネズミを捕るのは良いネコです。	하지만、쥐를 잡는 건 좋은 고양이입니다。
1494	1	クックック。	크크크。
1495	1	あれ、近くの宇宙船から通信が	어라、근처 우주선에서 통신이
1496	1	ど、どうしてわかったんでやんす？	어、어떻게 알았습죠？
1497	1	あはは、やっぱ図星だ。	아하하、역시 정곡이군。
1498	1	（・・・次からは別の星の信号を	（・・・다음부터는 다른 별 신호를
1499	1	で、そっちの船に行ってもいいかな？	그래서、그쪽 배로 가도 될까？
1500	1	・・・あんたは	・・・당신은
1501	1	現在の活動については、	현재 활동에 대해서는、
1502	1	じゃあさ、	그럼 말이야、
1503	1	最初に弱者が被害をこうむる、	처음엔 약자가 피해를 입는다、
1504	1	それじゃあ、次に大統領について	그럼、다음은 대통령에 대해
1505	1	いろいろ話を聞けて助かったよ。	여러 얘기를 들을 수 있어서 도움이 됐어。
1506	1	あのクソ女め～！！	그 망할 여자～～！！
1507	1	ぐっ・・・	큭・・・
1508	1	ふむふむ、それで？	흠흠、그래서？
1509	1	アイツ、	그 녀석、
1510	1	おお、それは男として最大級の	오오、그건 남자로서 최대급의
1511	1	なに、お前もか？	뭐야、너도냐？
1512	1	・・・いや、それは単純にお前が	・・・아니、그건 단순히 네가
1513	1	とにかく、あの高慢ちきな冷血女を	어쨌든、그 오만한 냉혈 여자를
1514	1	お、おー。	오、오오。
1515	1	うーむ・・・	으음・・・
1516	1	どうしたんだ、悩みか？	무슨 일이냐、고민이냐？
1517	1	戦場の勘が、なまっているようだ。	전장의 감이、무뎌진 모양이다。
1518	1	この船に来て、安心してるって	이 배에 와서、안심하고 있다는
1519	1	・・・フッ、情けないことだ。	・・・훗、한심한 일이다。
1520	1	で、誰が入ってたんだ？	그래서、누가 들어 있었냐？
1521	1	さあ、誰だったかな？	글쎄、누구였더라？
1522	1	いつ来ても息苦しい星でやんす。	언제 와도 숨 막히는 별입죠。
1523	1	なに言ってんだよ。	무슨 소리야。
1524	1	俺の部屋のこと？	내 방 말이야？
1525	1	家族はどうなってるんでやんす？	가족은 어떻게 되는 겁죠？
1526	1	さあ・・・	글쎄・・・
1527	1	なにがおかしいんでやんす？	뭐가 이상합죠？
1528	1	愛なんて古くさい概念は	사랑 따위 낡아빠진 개념은
1529	1	愛が古い概念なら、	사랑이 낡은 개념이라면、
1530	1	お金に決まってるだろ？	돈에 정해져 있잖아？
1531	1	あと、この星では全ての価値を	그리고、이 별에서는 모든 가치를
1532	1	愛とか友情なんて単語を使ったら	사랑이나 우정 같은 단어를 쓰면
1533	1	つくづく嫌な星でやんす。	진절머리 나는 별입죠。
1534	1	こら、そこのおばさん！	이봐、거기 아줌마！
1535	1	おばさん？	아줌마？
1536	1	ついに耳まで遠くなったようね。	드디어 귀까지 멀었나 보네。
1537	1	うん、そうかも。	응、그럴지도。
1538	1	うっ！	윽！
1539	1	ふーん、そうなんだ。	흐음、그렇구나。
1540	1	この船に戦う女は２人いらない！	이 배에 싸우는 여자는 ２명 필요 없어！
1541	1	アタシが思ったからいいの！	내가 그렇게 생각했으니 됐어！
1542	1	あ、ケンカ売ってたんだ。	아、시비 걸고 있었구나。
1543	1	なんだ、来ないの？	뭐야、안 와？
1544	1	おー、飛んだ、飛んだ。	오오、날았다、날았다。
1545	1	こ、この馬鹿力っ！	이、이 괴력！
1546	1	（ガシッ！	（턱！
1547	1	きゃああああああっ！	꺄아아아아아앗！
1548	1	あれ、取れちゃった。	어라、빠져 버렸다。
1549	1	・・・外壁の修理完了。	・・・외벽 수리 완료。
1550	1	了解。	알겠다。
1551	1	君って、いつもそっけないけど	자네는、늘 무뚝뚝하지만
1552	1	・・・効率的でない冗長な会話での	・・・효율적이지 않은 장황한 대화로
1553	1	あ、そうか。	아、그렇구나。
1554	1	・・・え、えと、表情は？	・・・저、그러니까、표정은？
1555	1	あんさん、ムチャ言うたらあかん！	그쪽、무리한 소리 하면 안 되지！
1556	1	・・・ごめん、	・・・미안、
1557	1	・・・ライブラリーがあなたの	・・・라이브러리가 당신의
1558	1	・・・遠慮しておくよ。	・・・사양하겠어。
1559	1	ようやく王宮に到着だ！	겨우 왕궁에 도착이다！
1560	1	ちょっと気になる気配があってね。	좀 신경 쓰이는 기척이 있어서。
1561	1	・・・ああ、わかった。	・・・아아、알겠다。
1562	1	そうだ、念のために	맞다、만일을 위해
1563	1	・・・無茶はするなよ。	・・・무리는 하지 마라。
1564	1	あなたこそ、気をつけて。	당신이야말로、조심해요。
1565	1	やれやれ、せいぜい暴れてろだなんて	이런 이런、실컷 날뛰라니
1566	1	曲者！	수상한 놈！
1567	1	ああ、やっぱりあんたか。	아아、역시 당신인가。
1568	1	（スッ）	（휙）
1569	1	あら分身の術？	어머 분신술？
1570	1	（ワクチンを無許可で	（백신을 무허가로
1571	1	それには反対でやんす！	그건 반대합죠！
1572	1	本来の任務？	본래 임무？
1573	1	クッ・・・	큭・・・
1574	1	（こいつ、オイラがワクチンを	（이 녀석、내가 백신을
1575	1	で、	그래서、
1576	1	・・・いやあ、いい考えでやんすね。	・・・아이고、좋은 생각입죠。
1577	1	ならば、即座に実行だ。	그렇다면、즉시 실행이다。
1578	1	今日は、特になにもなかったな。	오늘은、특별히 아무 일도 없었군。
1579	1	まあ、そういうときもあるでやんす。	뭐、그럴 때도 있습죠。
1580	1	（ガチャン！）	（쨍그랑！）
1581	1	わりぃな・・・	미안하군・・・
1582	1	なにかあったのか？	무슨 일 있었나？
1583	1	いや、別にたいしたことじゃない。	아니、딱히 대단한 일은 아니다。
1584	1	オイラ知ってるでやんす。	나 알고 있습죠。
1585	1	な！？	뭣！？
1586	1	おお、図星でやんすか！	오오、정곡입죠！
1587	1	くっ・・・	큭・・・
1588	1	まあなんというか・・・	뭐랄까・・・
1589	1	・・・なんだその棒読みのセリフは。	・・・뭐냐 그 발연기 대사는。
1590	1	難しい年頃でやんすねぇ。	예민한 나이입죠。
1591	1	ちょいと、今の聞きましたか	잠깐、방금 들었나요
1592	1	聞いたでやんすワ～。	들었습죠오～。
1593	1	おるぁあああああ！！	오라아아아아！！
1594	1	この雪原の向こうでは、今も	이 설원 너머에서는、지금도
1595	1	そこに戻りたいのか。	거기로 돌아가고 싶은가。
1596	1	いや、今はお前の任務に協力しよう。	아니、지금은 네 임무에 협력하지。
1597	1	そうか、では聞いてくれ。	그런가、그럼 들어 줘。
1598	1	「けもの」とは、	「짐승」이란、
1599	1	わははは、そんなわけがあるか。	와하하하、그럴 리가 있나。
1600	1	ああ、ではこうしましょう。	아아、그럼 이렇게 하죠。
1601	1	なんと？	뭐라고요？
1602	1	そうすれば、問題が起こっても	그러면、문제가 생겨도
1603	1	ふうむ。	흐음。
1604	1	・・・おお、そうだ。	・・・오오、맞다。
1605	1	なんですか、それは？	그건 뭔가요？
1606	1	まず、雪モグラというものがおってな。	우선、눈두더지라는 게 있는데 말이야。
1607	1	では、その	그럼、그
1608	1	察しが良くて助かる。	눈치가 빨라 다행이군。
1609	1	ほほう、今日の戦いは	호오、오늘 싸움은
1610	1	オレとお前は、２機ペアで	나와 너는、２기 짝으로
1611	1	そんな略称ではなく	그런 약칭이 아니라
1612	1	そんな余計なことを考えていると	그런 쓸데없는 걸 생각하고 있으면
1613	1	あ、そうだ。	아、맞다。
1614	1	ぶっ！	풋！
1615	1	フフフ、前に	후후후、전에
1616	1	（オイオイ、それ逆だよ、逆！）	（어이어이、그거 반대야、반대！）
1617	1	状況？	상황？
1618	1	（・・・大丈夫かね。）	（・・・괜찮으려나。）
1619	1	おっ、敵が団体でやってきたぞ。	옷、적이 떼로 몰려왔다。
1620	1	あたしは行かないわよ！	나는 안 가！
1621	1	しかし、このままじゃ！	하지만、이대로는！
1622	1	・・・わかったわよ。	・・・알겠어。
1623	1	こう？	이렇게？
1624	1	（がさがさがさっ！）	（부스럭부스럭부스럭！）
1625	1	もういいかい？	이제 됐어？
1626	1	ええと、オイラ	그러니까、나
1627	1	なにを？	뭘？
1628	1	虫の足というか触手・・・	벌레 다리랄까 촉수・・・
1629	1	（ドドドドドド！）	（두두두두두두！）
1630	1	（ザパーーッ）！	（철써어억）！
1631	1	ばあっ！	와앗！
1632	1	（ドンドンドン！）	（쿵쿵쿵！）
1633	1	うわっ、ちょっとタンマ！	우왓、잠깐 타임！
1634	1	人間が雪の下から出てきた？！	인간이 눈 밑에서 나왔다？！
1635	1	参ったな～、散弾銃を持ってるなんて。	난감하네～、산탄총을 갖고 있다니。
1636	1	（まったく、	（정말、
1637	1	ええと、わたしたち	그러니까、우리는
1638	1	では、なぜ一緒に行動していた！	그럼、왜 함께 행동하고 있었나！
1639	1	ええと、それには事情が・・・	그러니까、거기엔 사정이・・・
1640	1	しまった、新手が！	큰일이다、새 적이！
1641	1	もう、めんどくさいから	정말、귀찮으니까
1642	1	私は女性だからな。	나는 여성이니까。
1643	1	スナイパーだって銃が重いだろ？	저격수도 총이 무겁잖아？
1644	1	機動行軍の必要な一般兵士と違い、	기동 행군이 필요한 일반 병사와 달리、
1645	1	女性は体調の波が	여성은 몸 상태의 기복이
1646	1	生理のことを言っているのなら	생리를 말하는 거라면
1647	1	とまあ、とぼけてみせたわけだが。	뭐、시치미를 떼 보인 거지만。
1648	1	ああ、そうなんだ。	아아、그렇구나。
1649	1	そうするのが自然だと思ったからだ。	그렇게 하는 게 자연스럽다고 생각해서다。
1650	1	今でもそうなのか？	지금도 그런가？
1651	1	・・・さあ、どうだろうな。	・・・글쎄、어떨까。
1652	1	いや、だからさ、なんていうの？	아니、그러니까 말이야、뭐랄까？
1653	1	お前は真実の重みを知らんのか。	너는 진실의 무게를 모르는가。
1654	1	あ、そうなの？	아、그래？
1655	1	もし、貴様がこのような文章を	만약、네놈이 이런 문장을
1656	1	ひざ？	무릎？
1657	1	そうだ、ひざだ。	그렇다、무릎이다。
1658	1	いや、ここは雪原じゃないし・・・	아니、여긴 설원도 아니고・・・
1659	1	ならば背骨を撃とう。	그렇다면 등뼈를 쏘지。
1660	1	とにかく、伝記の話は	어쨌든、전기 얘기는
1661	1	いやあ、おっかなかったでやんすね。	아이고、무서웠습죠。
1662	1	・・・書きてえなぁ・・・	・・・쓰고 싶다・・・
1663	1	真実の重みか、いいねぇ！	진실의 무게라、좋은데！
1664	1	・・・ぜんぜんこりてないでやんす。	・・・전혀 질리지 않았습죠。
1665	1	ねえねえ、	저기저기、
1666	1	（うっひゃあああああ？！）	（으히야아아아아？！）
1667	1	ドクター、いまの悲鳴は何事です？	박사님、방금 비명은 무슨 일인가요？
1668	1	こ、この子、やわらかい！	이、이 아이、부드러워！
1669	1	・・・えーと、キャプテン？	・・・그러니까、선장？
1670	1	よろしいですか？	괜찮으신가요？
1671	1	ロボットが人間の形をしてるのも	로봇이 인간 형태인 것도
1672	1	もちろんですよー。	물론이죠。
1673	1	まあ、機械的すぎる外見や	뭐、너무 기계적인 외견이나
1674	1	ところで、彼女の目的は戦闘用・・・	그런데、그녀의 목적은 전투용・・・
1675	1	よく意味がわからないけど？	무슨 뜻인지 잘 모르겠는데？
1676	1	（気になるな・・・）	（신경 쓰이는군・・・）
1677	1	えい！	에잇！
1678	1	ヤァ！	얏！
1679	1	（ドスン！）	（쿵！）
1680	1	おい、大丈夫か？	어이、괜찮나？
1681	1	いや、俺も体がなまってたから	아니、나도 몸이 굳어 있었으니까
1682	1	普通はそうなんですけどね・・・	보통은 그런데 말이죠・・・
1683	1	（写真記憶が目当てか・・・）	（사진 기억이 목적인가・・・）
1684	1	先輩っていい人だったのか？	선배는 좋은 사람이었나？
1685	1	そりゃあもう！	그럼요！
1686	1	ということは女だったのか？	그렇다는 건 여자였나？
1687	1	ええ！	네！
1688	1	（そんな風に、組織の情報を	（그런 식으로、조직 정보를
1689	1	・・・・・・でも、そんな先輩も	・・・・・・그래도、그런 선배도
1690	1	（どんな表現だよ！）	（무슨 표현이야！）
1691	1	まあまあ、落ち着いて。	자자、진정하고。
1692	1	ウソだ、ウソだ！	거짓말이다、거짓말이야！
1693	1	うぎゃっ！	으갹！
1694	1	・・・いいえ、これで全滅よ。	・・・아니、이걸로 전멸이야。
1695	1	・・・活動状況に影響なし。	・・・활동 상황에 영향 없음。
1696	1	あはは、そりゃそうだ。	아하하、그야 그렇지。
1697	1	その前に、医療キット持ってない？	그전에、의료 키트 없어？
1698	1	・・・ダメージを受けた？	・・・손상을 입었나？
1699	1	いやあ、ちょっと調子に乗っちゃって。	아이고、좀 우쭐했어。
1700	1	・・・私が運ぼうか？	・・・내가 옮길까？
1701	1	いいっていいって。	됐다니까 됐어。
1702	1	・・・そうは言ったけど、	・・・그렇게 말했지만、
1703	1	（トス）	（툭）
1704	1	・・・・・・え？	・・・・・・에？
1705	1	（・・・ついに来た。	（・・・드디어 왔다。
1706	1	おいおい、勝手にどんどん先に	어이어이、멋대로 자꾸 앞서
1707	1	・・・・・・どうしてついてくる。	・・・・・・어째서 따라오나。
1708	1	まあ、なんていうか・・・	뭐、뭐랄까・・・
1709	1	・・・私がどこで死のうと、	・・・내가 어디서 죽든、
1710	1	それだ、それ！	그거다、그거！
1711	1	・・・お前も兵士なら、	・・・너도 병사라면、
1712	1	オレが？	내가？
1713	1	お前と一緒にいると目立つ。	너와 함께 있으면 눈에 띈다。
1714	1	ああ、そうかい。	아아、그런가。
1715	1	私は危険度の高いやつを	나는 위험도 높은 놈을
1716	1	たった２人だ！	겨우 ２명이다！
1717	1	・・・１つ。	・・・하나。
1718	1	（ドン！ドン！ドン！）	（쿵！쿵！쿵！）
1719	1	こっちのミサイルは賞味期限が	이쪽 미사일은 유통기한이
1720	1	（どがーーん！）	（콰아앙！）
1721	1	現時点でワクチンの集まり具合は	현시점에서 백신이 모인 정도는
1722	1	彼には後でなにか報奨を用意しないと	그에게는 나중에 뭔가 포상을 준비해야
1723	1	その代わり、宇宙船のパイロットが	그 대신、우주선 조종사가
1724	1	ワクチン製造設備が完成していない	백신 제조 설비가 완성되지 않은
1725	1	そうか・・・	그런가・・・
1726	1	それにしても、	그건 그렇고、
1727	1	まあ、いざとなれば圧倒的な	뭐、정 안 되면 압도적인
1728	1	・・・私には想像もつかんよ。	・・・나로서는 상상도 안 되는군。
1729	1	・・・無事？	・・・무사한가？
1730	1	お前達が	너희들이
1731	1	くそ、問答無用か！	젠장、문답무용인가！
1732	1	よし、今のうちに別の宇宙港へ行こう。	좋아、지금 다른 우주항으로 가자。
1733	1	お、	오、
1734	1	困ったなぁ、困ったなぁ。	난감하네、난감해。
1735	1	これは困惑のおどり。	이건 곤혹의 무용。
1736	1	オイ、ソコ！	이봐、거기！
1737	1	うひゃあ！	으히야아！
1738	1	よし、まかせろ！	좋아、맡겨라！
1739	1	ム、貴様タチ	음、네놈들
1740	1	（どか～ん！）	（콰앙～！）
1741	1	うわ、正義の味方でやんす！	우와、정의의 사도입죠！
1742	1	現われたな！	나타났군！
1743	1	・・・マタ変ナノガアラワレタナ。	・・・또 이상한 게 나타났군。
1744	1	トリアエズ様子ヲ見ヨウ。	일단 상황을 지켜보자。
1745	1	おほほほほ、なかなか手強い悪党ね。	오호호호호、제법 만만찮은 악당이네。
1746	1	・・・ヨクワカランガ、	・・・잘 모르겠지만、
1747	1	でも、どうしてワクチンのことが	그래도、어째서 백신 얘기가
1748	1	あのワクチン、実は	그 백신、실은
1749	1	なるほど、だから話題にするだけで	과연、그래서 화제로 삼기만 해도
1750	1	（・・・へえ、ワクチンがねぇ。	（・・・헤에、백신이라。
1751	1	なんだ、この星は？	뭐냐、이 별은？
1752	1	空を飛ぶ鳥までロボットでやんす！	하늘 나는 새까지 로봇입죠！
1753	1	あー、そこのキミたち。	아、거기 자네들。
1754	1	はい、そうですが？	네、그런데요？
1755	1	人間は、この町を出てはいけないよ。	인간은、이 마을을 나가면 안 돼。
1756	1	そういう決まりなんだ。	그런 규칙이야。
1757	1	この星には何か秘密がありそうだな。	이 별에는 뭔가 비밀이 있을 것 같군。
1758	1	（ぞろぞろぞろ・・・）	（우르르우르르・・・）
1759	1	はいはい、みなさん	네네、여러분
1760	1	（はーい！）	（네에！）
1761	1	ひょっとして観光ですか？	혹시 관광인가요？
1762	1	このツアーへの参加費は	이 투어 참가비는
1763	1	あたしは食事をしなくていいって	나는 식사를 안 해도 된다고
1764	1	ボクは会社の命令で来たから	나는 회사 명령으로 왔으니까
1765	1	なんとなく、イヤな予感がするのは	어쩐지、불길한 예감이 드는 건
1766	1	キャプテン、キミの操縦技術は	선장、자네 조종 기술은
1767	1	教官にほめられると、	교관에게 칭찬받으면、
1768	1	いやいや、これは本気だよ。	아니아니、이건 진심이야。
1769	1	ああ、同じ船に乗ったこともある。	아아、같은 배를 탄 적도 있다。
1770	1	親父は宇宙に出てほとんど家に	아버지는 우주에 나가 거의 집에
1771	1	まあ、「宇宙の男」という呼び方が	뭐、「우주의 사나이」라는 호칭이
1772	1	へえ、宇宙の男ですか。	헤에、우주의 사나이인가요。
1773	1	宇宙でも惑星上でも	우주에서도 행성 위에서도
1774	1	・・・はあ。	・・・하아。
1775	1	ハハハ、おいおい。	하하하、어이어이。
1776	1	じゃあ、オイラのパパは	그럼、내 아빠는
1777	1	・・・・・・うっ！	・・・・・・윽！
1778	1	博士、	박사님、
1779	1	そんな出所不明のソフトなど	그런 출처 불명의 소프트웨어 따위
1780	1	おーい、コイツでどうだ？	어어이、이걸로 어떠냐？
1781	1	ひぃいい、なんなんだよ	히이이、뭐냐고
1782	1	よし、ではキミに尋ねよう！	좋아、그럼 자네에게 묻겠다！
1783	1	・・・え？	・・・에？
1784	1	博士、そんなことより	박사님、그것보다
1785	1	しかし、せっかくだから	하지만、모처럼이니
1786	1	言います、言います！	말할게요、말할게요！
1787	1	あんたたち、早くしてくれよ！	당신들、빨리 좀 해 줘！
1788	1	大丈夫ですよー。	괜찮아요。
1789	1	（ぷちゅ！）	（찌익！）
1790	1	はひゅあふあぁひゃあ～！	하휴아후아아햐아～！
1791	1	うーん、この薬は失敗か。	으음、이 약은 실패인가。
1792	1	そんなことより、やっぱり５００ペラは	그것보다、역시 ５００페라는
1793	1	俺はパワードスーツに乗ってるから	나는 파워드 슈트를 타고 있으니까
1794	1	（・・・・・・そういえば、	（・・・・・・그러고 보니、
1795	1	その実力を見込んでちょっと	그 실력을 보고 좀
1796	1	いいぜ、日給１５ペラでいいだろう。	좋아、일당 １５페라면 되겠지。
1797	1	・・・そんなにお金は持ってない。	・・・그렇게 돈은 없다。
1798	1	よし、よろしく頼むぜ！	좋아、잘 부탁한다！
1799	1	よし、じゃさっそく仲間に！	좋아、그럼 당장 동료로！
1800	1	あー、だめだ。	아、안 되겠다。
1801	1	今、連れてる仲間が一杯だからさ、	지금、데리고 있는 동료가 꽉 차서 말이야、
1802	1	・・・ちぇ、わかったよ。	・・・쳇、알겠어。
1803	1	じゃあ、縁がなかったな。	그럼、인연이 없었군。
1804	1	この前の貧乏人じゃないか。	지난번 그 가난뱅이잖아。
1805	1	研究所から勝手に帰ったりして	연구소에서 멋대로 돌아가거나 해서
1806	1	おいおい、オレの仕事は	어이어이、내 일은
1807	1	く、くっそー！	제、젠장！
1808	1	それじゃあな！	그럼 이만！
1809	1	この星は、緑一色でやんすね。	이 별은、온통 초록입죠。
1810	1	惑星改造って知ってるだろ？	행성 개조라고 알지？
1811	1	人間の住めない星を住めるようにする	인간이 못 사는 별을 살 수 있게 하는
1812	1	それに失敗したんだ。	거기에 실패한 거다。
1813	1	植物なんて、焼いてしまえば	식물 따위、태워 버리면
1814	1	それが無理みたいなんだ。	그게 무리인 모양이야。
1815	1	大変でやんすねぇ。	힘들겠습죠。
1816	1	さっそくですが、あなたの船の	바로 본론입니다만、당신 배의
1817	1	ワ、ワクチンなんて	배、백신 같은 건
1818	1	こんな星でまでワクチンの調査か。	이런 별에서까지 백신 조사인가。
1819	1	そんなものが問題になるのか？	그런 게 문제가 되나？
1820	1	それでどうなったんだ？	그래서 어떻게 됐나？
1821	1	その昆虫を殺す毒物を放出する	그 곤충을 죽이는 독물을 방출하는
1822	1	ということは、出る時も？	그렇다는 건、나갈 때도？
1823	1	（ということは、ワクチンの持ち出しは	（그렇다는 건、백신 반출은
1824	1	なあ、ちょっと行き先が変更に	저기、행선지가 좀 변경돼
1825	1	もう、うるさいなぁ。	정말、시끄럽네。
1826	1	（・・・タスケテー、タスケテー！）	（・・・살려 줘、살려 줘！）
1827	1	おおい、誰かいないのか～！	어어이、아무도 없나～！
1828	1	・・・何やってんの？	・・・뭐 하는 거야？
1829	1	あ、お前は何者だ！	아、너는 누구냐！
1830	1	この状況で、敵も味方もないでしょ。	이 상황에서、적도 아군도 없잖아。
1831	1	・・・実は、爆発の影響でドアが歪んで	・・・실은、폭발 여파로 문이 뒤틀려서
1832	1	へえ、それでここに残ったの？	헤에、그래서 여기 남은 거야？
1833	1	いや、しかし、アンタはいいのか？	아니、하지만、당신은 괜찮은 건가？
1834	1	なんだ、この格好見て気づかないの？	뭐야、이 차림 보고 눈치 못 챘어？
1835	1	あ、開いた！	아、열렸다！
1836	1	助かったであります～。	살았습니다～。
1837	1	時間がないから、感動の対面はあとでね。	시간이 없으니까、감동의 대면은 나중에。
1838	1	お、おい・・・？	어、어이・・・？
1839	1	隊長、なんでありますか	대장님、무슨 일입니까
1840	1	う～～～～ん。	으～～～～음。
1841	1	最近どうも食料の減りが早いんだ。	요즘 아무래도 식량이 빨리 줄어。
1842	1	オイラが食ったんじゃないでやんす！	내가 먹은 게 아닙죠！
1843	1	（サッ！）	（휙！）
1844	1	なんだろうなぁ～。	뭘까～。
1845	1	ウソつくなでやんす！	거짓말하지 말라는 겁죠！
1846	1	お前らのどこに愛があるんでやんすか！	너희들 어디에 사랑이 있습죠！
1847	1	いらないから、	필요 없으니까、
1848	1	・・・待てよ、お前達だな？	・・・잠깐、너희들이지？
1849	1	勝手に食っておいて	멋대로 먹어 놓고
1850	1	・・・お礼？	・・・사례？
1851	1	その中身をくれるっていうのか？	그 안에 든 걸 준다는 건가？
1852	1	じゃあ、遠慮なくもらうぞ。	그럼、사양 않고 받겠다。
1853	1	本当にいい物なのか？	정말 좋은 물건인가？
1854	1	今日こそ、	오늘이야말로、
1855	1	おー。	오오。
1856	1	ウサギのヌイグルミじゃないか？	토끼 인형이잖아？
1857	1	クックック、かかったでやんす。	크크크、걸려들었습죠。
1858	1	ああいうクールでプライド高そうな女は	저런 쿨하고 자존심 높아 보이는 여자는
1859	1	似たようなのはいるな。	비슷한 건 있군。
1860	1	では、次の作戦でやんす！	그럼、다음 작전입죠！
1861	1	（カサカサカサ・・・）	（바스락바스락바스락・・・）
1862	1	あ、あの女・・・	저、저 여자・・・
1863	1	ああ、すまん。	아아、미안。
1864	1	・・・虫は平気なのか？	・・・벌레는 괜찮은가？
1865	1	冗談だろう！	농담이겠지！
1866	1	（空腹で虫を食ったことのある女が	（배고파서 벌레를 먹어 본 여자가
1867	1	私は、栄養が取れればなんでもいい。	나는、영양만 되면 뭐든 좋다。
1868	1	ええと、辛いものとか甘いものとか、	그러니까、매운 거라든가 단 거라든가、
1869	1	苦手はない。	못 먹는 건 없다。
1870	1	（・・・作戦失敗、だな。）	（・・・작전 실패、로군。）
1871	1	君の腕は・・・	자네 팔은・・・
1872	1	アーラ、気づいてなかったの？	어머나、눈치 못 챘어？
1873	1	・・・サイボーグ化してたのか。	・・・사이보그화하고 있었나。
1874	1	（金属の塊で殴ってるんだもんな。）	（금속 덩어리로 때리는 거니까。）
1875	1	それだけじゃなくて、	그것뿐만 아니라、
1876	1	（シュッ！	（슉！
1877	1	ほれほれ㎞	자자㎞
1878	1	コラ、やめろ！	이봐、그만해！
1879	1	でも、やっぱりバランスが	그래도、역시 균형이
1880	1	・・・その次は足と心肺の強化？	・・・그다음은 다리와 심폐 강화？
1881	1	しかし、効率的ではありませんね。	하지만、효율적이지는 않네요。
1882	1	あ・の・ね。	저・기・요。
1883	1	（あれ？	（어라？
1884	1	ああああああああ・・・	아아아아아아아아・・・
1885	1	改造したいっ！	개조하고 싶다！
1886	1	へっ？	헤？
1887	1	あの機械の腕なら、それに見合う	저 기계 팔이라면、거기 걸맞은
1888	1	メンバー選択、間違えたかな？	멤버 선택、잘못했나？
1889	1	（３日前・・・）	（３일 전・・・）
1890	1	むううう・・・	으으으음・・・
1891	1	ふん、そんなもの。	흥、그런 것쯤。
1892	1	それに、広域無差別爆撃は	게다가、광역 무차별 폭격은
1893	1	そのあたりはなんとでもごまかせる。	그 부분은 얼마든지 얼버무릴 수 있다。
1894	1	ああ、そうや。	아아、그렇지。
1895	1	やっぱ、先日のプラント爆破が	역시、지난번 플랜트 폭파가
1896	1	それで、こちらの対応は？	그래서、이쪽 대응은？
1897	1	ああ、この基地を放棄して、	아아、이 기지를 포기하고、
1898	1	ゲリラ戦の常道だな。	게릴라전의 정석이군。
1899	1	おいおい、脅かすなよ。	어이어이、겁주지 마。
1900	1	（・・・そして現在。）	（・・・그리고 현재。）
1901	1	（大統領親子の関係は、	（대통령 부자의 관계는、
1902	1	おお、わが息子	오오、내 아들
1903	1	わーい！	와아！
1904	1	・・・不満か？	・・・불만이냐？
1905	1	ええ～？	에에～？
1906	1	ボクは絶対勝てるゲームの方がいい！	나는 무조건 이기는 게임이 더 좋아！
1907	1	・・・やれやれ。	・・・이런 이런。
1908	1	難しい年頃でやんすね。	예민한 나이입죠。
1909	1	教育方針を間違えたかな。	교육 방침을 잘못 잡았나。
1910	1	いや、必要なのは	아니、필요한 것은
1911	1	なんだと。	뭐라고。
1912	1	いえ、大統領閣下はお忙しい身。	아뇨、대통령 각하는 바쁘신 몸。
1913	1	むう・・・。	으음・・・。
1914	1	その前に母親でやんす。	그전에 어머니입죠。
1915	1	閣下は	각하는
1916	1	いや、それは・・・	아니、그건・・・
1917	1	ククク、少々。	크크크、조금。
1918	1	よかろう、お前に任せる。	좋다、너에게 맡기마。
1919	1	うぉー！	우오！
1920	1	やぁー！	야아！
1921	1	たぁー！	타아！
1922	1	もちろん修行です！	물론 수행입니다！
1923	1	・・・まあ、ある意味	・・・뭐、어떤 의미로는
1924	1	（意味は違うと思うけど・・・）	（의미는 다른 것 같지만・・・）
1925	1	それで、その先輩の仇を取るのが	그래서、그 선배의 원수를 갚는 게
1926	1	いえ、任務の内容は先輩しか	아뇨、임무 내용은 선배만
1927	1	化物って、大げさだな。	괴물이라니、과장이군。
1928	1	本当なんです。	정말이에요。
1929	1	殺気を感じたのか？	살기를 느꼈나？
1930	1	いえ、文字通りジロって見たんですよ。	아뇨、말 그대로 빤히 봤다고요。
1931	1	それだけじゃないんです！	그것뿐만이 아니에요！
1932	1	あー・・・ええと。	아・・・그러니까。
1933	1	ワクチンですか？	백신인가요？
1934	1	国家が管理？	국가가 관리？
1935	1	ああ、ご存知ないかもしれませんが	아아、모르실지도 모르겠지만
1936	1	じゃあ、その雇われている医者たちが	그럼、그 고용된 의사들이
1937	1	ワクチンを探しているのは	백신을 찾고 있는 건
1938	1	ああ、そうだけど・・・	아아、그런데・・・
1939	1	ちょっと来るカニ！	잠깐 오라게！
1940	1	今、５トンのワクチンを	지금、５톤의 백신을
1941	1	５トンだって？！	５Ｔ이라고？！
1942	1	金では渡せないカニ。	돈으로는 못 넘기게。
1943	1	俺たちは、	우리는、
1944	1	ああ、わかった。	아아、알겠다。
1945	1	私たち、ここで生涯の愛を	우리、여기서 평생의 사랑을
1946	1	・・・ということは、	・・・그렇다는 건、
1947	1	見た目じゃ全然わからないでやんす。	겉보기로는 전혀 모르겠습죠。
1948	1	いえ、	아뇨、
1949	1	ううむ、ややこしいでやんすね。	으음、복잡합죠。
1950	1	ソコマデダ、反逆者メ！	거기까지다、반역자 놈！
1951	1	ええっ、どうして？！	에엣、어째서？！
1952	1	これは恐怖のおど・・・	이건 공포의 무・・・
1953	1	ウルサイ、処分ダ！	시끄럽다、처분이다！
1954	1	きゃああああ！	꺄아아아아！
1955	1	うわっ、なんてことを！	우왓、무슨 짓을！
1956	1	フン、ザマアミロ。	흥、꼴좋다。
1957	1	くそー、許せないでやんす！	젠장、용서 못 합죠！
1958	1	あっ？！	앗？！
1959	1	ウワッ、	우왓、
1960	1	ああっ、逃げた！	아앗、도망쳤다！
1961	1	この隙にボクたちも！	이 틈에 우리도！
1962	1	あれ、君たち大丈夫だったの？！	어라、자네들 괜찮았어？！
1963	1	さあ、残るはあなただけよ！	자、남은 건 당신뿐이야！
1964	1	ふふん、なかなかやるわね。	후훗、제법이네。
1965	1	うう・・・	으으・・・
1966	1	これで・・・こうやって。	이렇게・・・이렇게 해서。
1967	1	必殺・・・？	필살・・・？
1968	1	無理だよ！	무리야！
1969	1	でも、先輩のほかの技は	그래도、선배의 다른 기술은
1970	1	ええと？	그러니까？
1971	1	ああ、それそれ！	아아、그거 그거！
1972	1	参ったな。	난감하군。
1973	1	ええー！	에에！
1974	1	君のは、いわば完全動体視力だ。	자네 건、말하자면 완전 동체시력이다。
1975	1	・・・無理だよ。	・・・무리야。
1976	1	ふう～ん？	흐～음？
1977	1	（しかし龍眼か・・・	（하지만 용안인가・・・
1978	1	で、ロン・・・なんでしたっけ？	그래서、롱・・・뭐였죠？
1979	1	（でも性格的には・・・どうかなぁ？）	（그래도 성격적으로는・・・어떨까？）
1980	1	（しまった、駐屯している	（큰일이다、주둔하고 있는
1981	1	・・・どうも怪しいな。	・・・아무래도 수상하군。
1982	1	やあ、キャプテン。	여어、선장。
1983	1	なあに、ただの取引相手だがね。	뭘、그저 거래 상대일 뿐이지만。
1984	1	これは失礼いたしました！	이거 실례했습니다！
1985	1	どうも、助かりました。	정말、도움이 됐습니다。
1986	1	・・・なに、ウソは言っておらん。	・・・뭘、거짓말은 하지 않았다。
1987	1	それが微妙な問題があってね。	그게 미묘한 문제가 있어서 말이야。
1988	1	ハァ？	하아？
1989	1	そんなに不思議な話じゃないさ。	그렇게 이상한 얘기는 아니야。
1990	1	・・・それで、無関係な連中に	・・・그래서、무관한 사람들에게
1991	1	そういうことだ。	그런 거다。
1992	1	・・・急ぐんでしょうか？	・・・서둘러야 하나요？
1993	1	まあ、なるべく急いで欲しいな。	뭐、되도록 서둘러 줬으면 하는군。
1994	1	しかし、この前の連中は	하지만、지난번 그 녀석들은
1995	1	え、そうなのか？！	에、그런가？！
1996	1	キャプテンが戦ってる兵隊のほとんどは	선장이 싸우고 있는 병사 대부분은
1997	1	じゃあ、そんな	그럼、그런
1998	1	（冗談じゃないんだけどな。）	（농담이 아닌데 말이지。）
1999	1	お前なぁ、さすがに女性の部屋に	너 말이야、아무리 그래도 여성 방에
2000	1	あっ、おい・・・	앗、어이・・・
2001	1	・・・殺風景だな。	・・・휑하군。
2002	1	ほほう、それはチェックでやんす！	호오、그건 체크입죠！
2003	1	なんだ「弁証法的環境論」って？	뭐냐 「변증법적 환경론」이라니？
2004	1	こりゃあ、全然ダメでやんす。	이건、전혀 안 되겠습죠。
2005	1	・・・お前たち。	・・・너희들。
2006	1	うわっ、見つかったでやんす！	우왓、들켰습죠！
2007	1	あやまるなら、今のうちでやんす。	사과할 거면、지금입죠。
2008	1	メガネ、お前は黙ってろ！	안경、너는 입 다물어！
2009	1	あいにくと、あまり多くの	공교롭게도、그리 많은
2010	1	無駄になってるのは部屋じゃなくて	낭비되는 건 방이 아니라
2011	1	答えはとても簡単だ。	답은 아주 간단하다。
2012	1	壁の内側は、誰にも見せないのか？	벽 안쪽은、아무에게도 안 보이나？
2013	1	・・・・・・・・・それは必要がない。	・・・・・・・・・그건 필요 없다。
2014	1	なんか、怒られなかった	뭔가、혼나지 않았
2015	1	・・・・・・・・・ケッ！	・・・・・・・・・쳇！
2016	1	・・・オイラ、放置でやんすか？	・・・나、방치입죠？
2017	1	・・・なりつつある？	・・・되어 가고 있다？
2018	1	むちゃくちゃでやんす！	엉망진창입죠！
2019	1	・・・一定時間内に弾が完全に	・・・일정 시간 내에 탄이 완전히
2020	1	そんなの弱点になってないでやんす。	그건 약점이 안 됩죠。
2021	1	だが、前の戦争中に	하지만、지난 전쟁 중에
2022	1	過去に	과거에
2023	1	だが、重力波を展開するには	하지만、중력파를 전개하려면
2024	1	オイラ、とっとと	나、얼른
2025	1	・・・とにかく、	・・・어쨌든、
2026	1	なあなあ、みんな戦ってるのに	저기저기、다들 싸우고 있는데
2027	1	・・・戦ってますわよ。	・・・싸우고 있어요。
2028	1	株式の売り買いが？	주식 매매가？
2029	1	この戦いの意義を理解できないと	이 싸움의 의의를 이해 못 하면
2030	1	へーい。	네에。
2031	1	やりましたわ！	해냈어요！
2032	1	なんだよ、いきなり！	뭐야、갑자기！
2033	1	それっていいことなのか？	그거 좋은 일인가？
2034	1	ああ、俺の作った８割方ウソの	아아、내가 만든 ８할이 거짓인
2035	1	そうですわね・・・	그렇네요・・・
2036	1	いっそ、死んだことにしない？	차라리、죽은 걸로 하지 않을래？
2037	1	最終的にはそうするとして・・・	최종적으로는 그렇게 한다 쳐도・・・
2038	1	いやあ、	아이고、
2039	1	でも、野球人形が趣味って言ったら	그래도、야구 인형이 취미라고 했더니
2040	1	・・・それは親父の遺品だよ。	・・・그건 아버지 유품이야。
2041	1	運が悪かった？	운이 나빴다？
2042	1	ああ、いや、そうじゃなくて。	아아、아니、그게 아니라。
2043	1	な、なんてことを言うんでやんす！	무、무슨 소리를 하는 겁죠！
2044	1	えっ、俺なにか	엣、내가 뭔가
2045	1	まったく、最低でやんす！	정말、최악입죠！
2046	1	いや、すみません、すみません。	아니、죄송합니다、죄송합니다。
2047	1	（でも、何が悪かったんだろう？）	（그래도、뭐가 잘못됐던 걸까？）
2048	1	勝手に船の中を調べられてたまるもんか。	멋대로 배 안을 조사당할 순 없지。
2049	1	よし、積荷を調査するぞ。	좋아、적재물을 조사한다。
2050	1	うわっ、なにをするんでやんす！	우왓、뭘 하는 겁죠！
2051	1	ん、なんだよ。	응、뭐야。
2052	1	キミ、自分でこのネジを	자네、직접 이 나사를
2053	1	もう。	정말。
2054	1	はい、お大事に。	네、몸조심하세요。
2055	1	けっ、なんだよ。	쳇、뭐야。
2056	1	ちょっと聞きたいことがある。	좀 묻고 싶은 게 있다。
2057	1	医者がドクター	의사가 닥터
2058	1	・・・まあね。	・・・뭐 그렇지。
2059	1	どうして他に修理屋はいないんだ？	어째서 달리 수리점은 없나？
2060	1	じゃあ、医者はいないのか。	그럼、의사는 없나。
2061	1	・・・だからさ。	・・・그러니까 말이야。
2062	1	（あれは白衣でも、実験着だけどな。）	（저건 흰 가운이라도、실험복이지만。）
2063	1	・・・なあ、あんた。	・・・저기、당신。
2064	1	あんないい子が、	그런 착한 아이가、
2065	1	そういえば、毎日	그러고 보니、매일
2066	1	・・・俺はダメなロボットだけどさ、	・・・나는 못난 로봇이지만、
2067	1	あら、ついにその身体で出撃？	어머、드디어 그 몸으로 출격？
2068	1	・・・祭は派手にやらないと。	・・・축제는 화려하게 해야지。
2069	1	な～るほど㎞	과～연㎞
2070	1	・・・いつものおまじない？	・・・늘 하던 주술？
2071	1	今回のは本気。	이번 건 진심。
2072	1	・・・ついていっていい？	・・・따라가도 돼？
2073	1	あったりまえでしょ？	당연하잖아？
2074	1	すごい、パワードスーツに戦車もいる！	대단해、파워드 슈트에 전차도 있어！
2075	1	な、なにを言ってるんだこの女。	뭐、무슨 소리를 하는 거냐 이 여자。
2076	1	ヒャッホー！	히얏호！
2077	1	（ズパ！ズパ！ズパ！）	（슈팍！슈팍！슈팍！）
2078	1	・・・敵が、かわいそう。	・・・적이、불쌍해。
2079	1	ど、どこだ？！	어、어디냐？！
2080	1	（ドガ！）	（퍽！）
2081	1	・・・やっぱり、かわいそう。	・・・역시、불쌍해。
2082	1	おお、	오오、
2083	1	でも、ここには	그래도、여기에는
2084	1	ようこそ、	어서 오세요、
2085	1	いっそ永住したいでやんすけどね。	차라리 영주하고 싶습죠。
2086	1	残念ながら、この惑星は人口調整のため	아쉽게도、이 행성은 인구 조정 때문에
2087	1	じゃあ、この星の本来の住民は	그럼、이 별의 본래 주민은
2088	1	わたしどもは水中でも呼吸できる	저희는 수중에서도 숨을 쉴 수 있는
2089	1	・・・たしか、もともとこの惑星に	・・・분명、원래 이 행성에
2090	1	この星に適応して進化したのですよ。	이 별에 적응해 진화한 겁니다。
2091	1	そういえば、この星って・・・	그러고 보니、이 별은・・・
2092	1	あっ、お待ちください！	앗、기다려 주세요！
2093	1	（みなさん、おはようございます。	（여러분、안녕하십니까。
2094	1	立体映像でやんすか？	입체 영상입죠？
2095	1	そこら中で放送されてるぞ。	여기저기서 방송되고 있다。
2096	1	うおぉーっ、女王様バンザイ！	우오오옷、여왕님 만세！
2097	1	今のが	방금 그게
2098	1	ふふふふ、遅かったわね。	후후후후、늦었네。
2099	1	あ、やっぱわかる？	아、역시 알아？
2100	1	さっきみたいな悪趣味なセリフ	아까 같은 악취미한 대사
2101	1	このコがいきなり攻撃してきてさ、	이 애가 갑자기 공격해 와서 말이야、
2102	1	まあ、スキをついて身体を	뭐、빈틈을 노려 몸을
2103	1	・・・どうして？	・・・어째서？
2104	1	あいつには、精神寄生体	그 녀석에게는、정신 기생체
2105	1	・・・・・・・・・でも。	・・・・・・・・・그래도。
2106	1	そうね、	그래、
2107	1	・・・・・・悪趣味。	・・・・・・악취미。
2108	1	所詮、あたしはモンスターなのかな。	결국、나는 몬스터인 걸까。
2109	1	・・・うん。	・・・응。
2110	1	それじゃ、私はこいつの宇宙船で！	그럼、나는 이 녀석 우주선으로！
2111	1	実は、同志から連絡があった。	실은、동지에게서 연락이 왔다。
2112	1	おいおい・・・	어이어이・・・
2113	1	ああ、ワクチンの任務が	아아、백신 임무가
2114	1	ダメだ、そこは	안 된다、거기는
2115	1	・・・報酬として、	・・・보수로서、
2116	1	一人で任務を達成しに行ったな。	혼자서 임무를 완수하러 갔군。
2117	1	あそこか。	저기인가。
2118	1	なんだ、なんだ？	뭐야、뭐야？
2119	1	ゲリラの襲撃だ！	게릴라 습격이다！
2120	1	まだだ、あれを突破しないとダメだ！	아직이다、저걸 돌파하지 않으면 안 된다！
2121	1	（ドガガーーーン！）	（콰가가아앙！）
2122	1	どうも、外部の者が	아무래도、외부인이
2123	1	・・・フウム。	・・・흐음。
2124	1	待った。	잠깐。
2125	1	おや、どこかで会ったかね？	이런、어디서 만났던가？
2126	1	ああ、何回か魔法を見せてもらった。	아아、몇 번 마법을 봤지。
2127	1	意外と早く調査結果が出て驚いたよ。	의외로 빨리 조사 결과가 나와 놀랐어。
2128	1	ハハハ、バレたか。	하하하、들켰나。
2129	1	周囲にＥＳＰジャマー（超能力妨害器）	주위에 ＥＳＰ재머（초능력 방해기）
2130	1	ア、そういうことね。	아、그런 거네。
2131	1	いててて・・・	아파파파・・・
2132	1	最悪でやんす。	최악입죠。
2133	1	マイッタ、マイッタ。	졌다、졌어。
2134	1	これほどの力がありながら	이 정도 힘이 있으면서
2135	1	わたし、とても強い。	나、아주 강해。
2136	1	・・・取り引きか？	・・・거래인가？
2137	1	そのときはそのときだ。	그때는 그때다。
2138	1	じゃ、いいよ。	그럼、좋아。
2139	1	偉そうな奴でやんすね～	잘난 척하는 녀석입죠～
2140	1	オマエよりは	너보다는
2141	1	むっか～！	욱～！
2142	1	わはははははははははははははははは	와하하하하하하하하하하하하하하하하
2143	1	うわあああ？！	우와아아아？！
2144	1	これは・・・安物の宝石？	이건・・・싸구려 보석？
2145	1	・・・高い物を渡して、	・・・비싼 걸 건네서、
2146	1	ハハ、あいつらしいな。	하하、그 녀석답군。
2147	1	（ガゴン！）	（덜컹！）
2148	1	まさか・・・	설마・・・
2149	1	しかたがない、退治しに行こう。	어쩔 수 없다、퇴치하러 가자。
2150	1	宇宙船の速度が落ちたでやんすね。	우주선 속도가 떨어졌습죠。
2151	1	・・・しょうがないな。	・・・어쩔 수 없군。
2152	1	小惑星やアステロイドの鉱物を食べて	소행성이나 운석의 광물을 먹고
2153	1	・・・じゃあ、害はないのか？	・・・그럼、해는 없나？
2154	1	やつらの食い物は、鉱物で	그 녀석들 먹이는、광물이라
2155	1	そ、それは大変だ！	그、그건 큰일이다！
2156	1	宇宙の虫は強かったでやんすー！！	우주의 벌레는 강했습죠～！！
2157	1	（・・・こうして、キャプテン	（・・・이렇게 해서、선장
2158	1	なんとかやっつけたぞ。	그럭저럭 해치웠다。
2159	1	・・・かじられた部分は、	・・・갉아먹힌 부분은、
2160	1	死体は後でお金にするからな！	시체는 나중에 돈으로 바꾸니까！
2161	1	ところで、これって珍しい生物だよな？	그런데、이거 희귀한 생물이지？
2162	1	（ぎく！）	（뜨끔！）
2163	1	あなたは	당신은
2164	1	ああ、まったくクソったれな	아아、정말 빌어먹을
2165	1	ハハハ、生ぬるいね！	하하하、물러 터졌군！
2166	1	それでは、	그럼、
2167	1	ヤイコラ大統領！	이봐 대통령！
2168	1	先日の取材の放送されたやつ。	지난번 취재가 방송된 거。
2169	1	俺の回答と全然違うじゃないか！	내 대답이랑 전혀 다르잖아！
2170	1	あのなぁ、	저기 말이야、
2171	1	その割には、	그런 것치고는、
2172	1	そう、それそれ！	그래、그거 그거！
2173	1	・・・お前には、真実を報道する気は	・・・너에게는、진실을 보도할 마음은
2174	1	・・・報道で真実ねぇ？	・・・보도로 진실이라。
2175	1	この船から、出て行けー！	이 배에서、나가라！
2176	1	別の星からやってきた	다른 별에서 온
2177	1	でも、あなたたちがいるのに	그래도、당신들이 있는데
2178	1	それは、その・・・	그건、그게・・・
2179	1	オイ、ソコノオマエ！	이봐、거기 너！
2180	1	反逆者ダ、連レテ行ケ。	반역자다、데려가라。
2181	1	うわぁあああ・・・	우와아아아・・・
2182	1	・・・というわけです。	・・・그런 겁니다。
2183	1	なるほど、	과연、
2184	1	あの、この話題はその辺で	저기、이 화제는 그쯤에서
2185	1	おびえの踊りです。	겁먹음의 무용입니다。
2186	1	そ、それはその・・・	그、그건 그게・・・
2187	1	正義の味方～？！	정의의 사도～？！
2188	1	あ、いえ、間違えました。	아、아뇨、틀렸습니다。
2189	1	あまり追求しないでね、	너무 캐묻지 마、
2190	1	どうです、すばらしいでしょう	어떻습니까、훌륭하죠
2191	1	ええっ、まさか	에엣、설마
2192	1	（ずびびー！）	（쥐이잉！）
2193	1	うぎゃあああ！！	으갸아아아！！
2194	1	反逆者ヲ見ツケタ！	반역자를 찾았다！
2195	1	どうやら、この星には	아무래도、이 별에는
2196	1	でも、探すのは大変みたいでやんす。	그래도、찾는 건 힘들 것 같습죠。
2197	1	ええっ、あたしの？！	에엣、내 거？！
2198	1	ははは、私は	하하하、나는
2199	1	いや、それ・・・	아니、그건・・・
2200	1	（ぐるるるるウォアァアア！！）	（그르르르르 우오아아아아！！）
2201	1	・・・なんの叫び声でやんす？	・・・무슨 비명입죠？
2202	1	（ズシーーン！）	（쿠우웅！）
2203	1	ば、ばけものが出たでやんす！	괴、괴물이 나왔습죠！
2204	1	な、なんだこいつは？	뭐、뭐냐 이 녀석은？
2205	1	あちゃあ～・・・	아이고～・・・
2206	1	だから、あれって	그러니까、저건
2207	1	長官、危険です。	장관님、위험합니다。
2208	1	ウム、すぐに逃げよう！	음、당장 도망치자！
2209	1	変なものとは何よ！	이상한 거라니 뭐야！
2210	1	ケンカしてる場合じゃないでやんす！	싸울 때가 아닙죠！
2211	1	・・・自分自身にやられるって	・・・자기 자신에게 당한다는 건
2212	1	もっといろいろ話もしてみたかったけど	좀 더 여러 얘기도 해보고 싶었지만
2213	1	いやあ、自分自身を倒すのって	아이고、자기 자신을 쓰러뜨리는 건
2214	1	いや、今は	아니、지금은
2215	1	うーん、まあ説明は難しいね。	으음、뭐 설명은 어렵네。
2216	1	そこの船、停船しろ。	거기 배、정선하라。
2217	1	やっかいなのに、また遭遇したな。	성가신 것과、또 마주쳤군。
2218	1	どうするんでやんす？	어떻게 합죠？
2219	1	ワクチンの移動を、厳しく	백신 이동을、엄격히
2220	1	でも、ここは	그래도、여기는
2221	1	・・・抗議したって無駄さ。	・・・항의해 봐야 소용없어。
2222	1	乗り込まれるとやっかいだ。	올라타면 성가시다。
2223	1	・・・追いかけて撃沈しろ。	・・・쫓아가서 격침하라。
2224	1	よし、積荷を検査するぞ。	좋아、적재물을 검사한다。
2225	1	うわっ、乱暴でやんす！	우왓、난폭합죠！
2226	1	ロ、	로、
2227	1	待て、話せばわかるでやんす！	기다려、말하면 압죠！
2228	1	オイラを殺さないでやんすよね？	나를 안 죽이는 겁죠？
2229	1	それが	그게
2230	1	まあ、あわてないで。	자、당황하지 말고。
2231	1	マジでやんすか！？	진심입죠！？
2232	1	ウーム、そうだったでやんすか。	으음、그랬습죠。
2233	1	しかし、そんなロボットの話は	하지만、그런 로봇 얘기는
2234	1	当然でしょ。	당연하지。
2235	1	・・・と、いうことは？	・・・라는 건？
2236	1	・・・おかしいな。	・・・이상하군。
2237	1	この船のマップは本当に	이 배의 지도는 정말
2238	1	惑星データは結構高かったんだ。	행성 데이터는 꽤 비쌌다。
2239	1	しょうがないんだよ。	어쩔 수 없어。
2240	1	情報が金になることを知ってた、	정보가 돈이 된다는 걸 알고 있었다、
2241	1	うーん、さすがに不便だから	으음、아무래도 불편하니까
2242	1	あ、重力計が反応してるでやんす。	아、중력계가 반응하고 있습죠。
2243	1	あやしまれないように、	의심받지 않도록、
2244	1	・・・あれが	・・・저게
2245	1	これ以上近づく気はないよ。	더 이상 다가갈 생각은 없어。
2246	1	いや、なんでもない。	아니、아무것도 아니다。
2247	1	どっちも	어느 쪽도
2248	1	あ、所属惑星不明の方から	아、소속 행성 불명 쪽에서
2249	1	ハーイ、こちら愛の伝道師	하이、여기는 사랑의 전도사
2250	1	ラジャーでやんす！	라저입죠！
2251	1	オウ、ノー！	오、노！
2252	1	（聞こえない、聞こえない・・・）	（안 들려、안 들려・・・）
2253	1	なんだか嫌な予感がするけど	어쩐지 불길한 예감이 들지만
2254	1	同じく、気が進まないでやんす。	마찬가지로、내키지 않습죠。
2255	1	いやあ、助かりましたでーす。	아이고、살았습니다아。
2256	1	どういう事情だったんだ？	무슨 사정이었나？
2257	1	わたし、宇宙に野球を伝道する仕事	나、우주에 야구를 전도하는 일
2258	1	オウ！？	오！？
2259	1	しかし、この恩を返さないわけには	하지만、이 은혜를 갚지 않을 수는
2260	1	どうするでやんす？	어떻게 합죠？
2261	1	どうもこうも、こいつを	어떻고 자시고、이 녀석을
2262	1	ハハハ、呉越同舟というやつですね！	하하하、오월동주라는 거네요！
2263	1	勝手なこと言うなー！！	멋대로 말하지 마～！！
2264	1	あなたとわたし、今後ともよろしく。	당신과 나、앞으로도 잘 부탁해요。
2265	1	ようやくわかりましたよ！	드디어 알겠어요！
2266	1	あんたが事あるごとに変な薬を	당신이 사사건건 이상한 약을
2267	1	大丈夫ですか？	괜찮으신가요？
2268	1	は、はひー、なんふぉか。	하、하히、어떠케든。
2269	1	・・・・・・あら？	・・・・・・어머？
2270	1	いざ、それでは自爆コードを！	자、그럼 자폭 코드를！
2271	1	・・・こら、このタコ！	・・・이봐、이 문어야！
2272	1	ああ、そうしよう。	아아、그렇게 하자。
2273	1	あ、私はちょっと用事が。	아、나는 볼일이 좀。
2274	1	なんだよ、困った奴だな。	뭐야、곤란한 녀석이군。
2275	1	・・・さてと。	・・・자 그럼。
2276	1	いけね、通路があちこち崩れてやがる。	이런、통로가 여기저기 무너져 있잖아。
2277	1	まったく、そんな奴ほっとけよ！	정말、그런 녀석 내버려 둬！
2278	1	ふふふ、そんなこと言いながら	후후후、그런 말 하면서
2279	1	（ガラガラガラッ！）	（와르르르！）
2280	1	きゃあああああっ！？	꺄아아아아앗！？
2281	1	おい、ドクター！	어이、박사！
2282	1	ああ、神様！	아아、하느님！
2283	1	ふふ、ロボットがですか？	후후、로봇이 말인가요？
2284	1	・・・いいじゃねえか。	・・・괜찮잖아。
2285	1	誰でやんす？	누굽죠？
2286	1	宇宙船訓練学校の	우주선 훈련학교의
2287	1	ははは、もう訓練学校はやめたんだ。	하하하、이제 훈련학교는 그만뒀다。
2288	1	今は、何をしているんです？	지금은、뭘 하고 계신가요？
2289	1	いや、実はね・・・	아니、실은 말이야・・・
2290	1	さいわい、この星の近くだったから	다행히、이 별 근처였으니까
2291	1	それは、もったいないですね。	그건、아깝네요。
2292	1	なあに、宇宙の男はどこに行ったって	뭘、우주의 사나이는 어딜 가든
2293	1	そうだ、一緒に行きませんか？	맞다、같이 가지 않으실래요？
2294	1	そうだ、俺に協力してくれませんか？	맞다、저에게 협력해 주지 않으실래요？
2295	1	そりゃあ、ありがたい申し出だが・・・	그거、고마운 제안이다만・・・
2296	1	あ、どうも。	아、고맙습니다。
2297	1	気にするな、オレの部屋にあっても	신경 쓰지 마라、내 방에 있어도
2298	1	これからよろしくな、キャプテン！	앞으로 잘 부탁한다、선장！
2299	1	ああ、そりゃ悪かったな。	아아、그거 미안했군。
2300	1	宇宙船の在庫の中にあったんだ。	우주선 재고 안에 있었다。
2301	1	フム、私の持っているものより	흠、내가 가진 것보다
2302	1	えっ、君・・・	엣、자네・・・
2303	1	当たり前だ。	당연하다。
2304	1	そうなのか・・・	그런가・・・
2305	1	いや、これはありがたく	아니、이건 고맙게
2306	1	化粧も軍隊で訓練したのか？	화장도 군대에서 훈련했나？
2307	1	君がパーティに？	자네가 파티에？
2308	1	・・・すまん、取り乱した。	・・・미안、흐트러졌다。
2309	1	・・・やはり、この化粧品は	・・・역시、이 화장품은
2310	1	そんなことじゃ体によくないぞ。	그래서는 몸에 안 좋다。
2311	1	いや、それは、そうだけどね。	아니、그건、그렇지만。
2312	1	わ、	와、
2313	1	・・・はい、なんでしょうか。	・・・네、무슨 일인가요。
2314	1	ＥＳＰ探知機が反応してるんだ。	ＥＳＰ탐지기가 반응하고 있다。
2315	1	まあ待て。	자 기다려。
2316	1	やや！	이런！
2317	1	さあ、君も我々の仲間にならないか？	자、자네도 우리 동료가 되지 않겠나？
2318	1	とっとと、あっち行くね！	얼른、저쪽으로 갈래！
2319	1	（ばりばりばりばり！）	（우드득우드득！）
2320	1	ぎゃあああああ？！	갸아아아아아？！
2321	1	むう、	으음、
2322	1	わあ、こんな展開に？！	와아、이런 전개로？！
2323	1	・・・なあ、	・・・저기、
2324	1	・・・無理ね。	・・・무리네。
2325	1	（道理で、出歩きたがらないわけだ。）	（그러니、돌아다니기 싫어하는 거군。）
2326	1	ハハハハハハ！	하하하하하하！
2327	1	・・・元気だな、アンタ。	・・・기운도 좋군、당신。
2328	1	オレ様のスコアはなんと１２７機撃破！	이 몸의 스코어는 무려 １２７기 격파！
2329	1	・・・まあ、戦う前にあんなこと	・・・뭐、싸우기 전에 그런 걸
2330	1	ん、引退の話か？	응、은퇴 얘기인가？
2331	1	おい・・・今だから言うがな。	어이・・・이제니까 말하는데。
2332	1	ああ、知ってるぞ。	아아、알고 있다。
2333	1	貴様、オレを誰だと思ってる。	네놈、나를 누구라고 생각하나。
2334	1	・・・ああ、たいした男だよ。	・・・아아、대단한 남자지。
2335	1	お前さん、撃墜スコアを自慢してるが	자네、격추 스코어를 자랑하지만
2336	1	フン、そういう興ざめなことを言うな。	흥、그런 흥 깨는 소리 하지 마라。
2337	1	ああ、１２７機目は相打ちだ。	아아、１２７기째는 동귀어진이다。
2338	1	・・・おい、	・・・어이、
2339	1	なに・・・目的は達成した。	뭘・・・목적은 달성했다。
2340	1	（ドカーン！！）	（쾅！！）
2341	1	ええい、うるさいでやんす！	에잇、시끄럽습죠！
2342	1	クククククッ、正義の勝利でやんす！	크크크크큭、정의의 승리입죠！
2343	1	・・・俺は、まだ戦える！	・・・나는、아직 싸울 수 있다！
2344	1	また負けちゃったでやんす～	또 지고 말았습죠～
2345	1	（スゥ・・・）	（스윽・・・）
2346	1	別の宇宙に逃げたんだろうよ。	다른 우주로 도망친 거겠지。
2347	1	パパ～！	아빠～！
2348	1	おお、息子よ。	오오、아들아。
2349	1	（ドガーン）	（콰앙）
2350	1	うわーっ！	우와앗！
2351	1	おい、そこにいるのは何者だ！	어이、거기 있는 건 누구냐！
2352	1	２つの勢力の間で戦争が起こるかどうか	２개 세력 사이에 전쟁이 일어날지 어떨지
2353	1	フン、ワシを捕虜にしたところで	흥、나를 포로로 잡아 봐야
2354	1	いえ、むしろ命を助けに参りました。	아뇨、오히려 목숨을 구하러 왔습니다。
2355	1	では、望みは？	그럼、바라는 건？
2356	1	とりあえずは停戦を。	우선은 정전을。
2357	1	交渉相手もなく、	협상 상대도 없이、
2358	1	・・・いまいましいが、	・・・분하지만、
2359	1	ええ、宇宙港の宇宙船の積荷の検査？！	네、우주항의 우주선 적재물 검사？！
2360	1	そ、それは困る！	그、그건 곤란하다！
2361	1	そう言われましてもねぇ。	그렇게 말씀하셔도요。
2362	1	そこ、何をもめている。	거기、뭘 다투고 있나。
2363	1	はい、例の全宇宙船の積荷検査の件で。	네、예의 전 우주선 적재물 검사 건으로。
2364	1	（へえ、気が強そうだけど	（헤에、기가 세 보이지만
2365	1	・・・船長。	・・・선장님。
2366	1	ああ、昔ちょっとな。	아아、옛날에 좀。
2367	1	おい、気安く呼ぶな！	어이、함부로 부르지 마라！
2368	1	評議会議長？！	평의회 의장？！
2369	1	この星で一番偉い人だよ！	이 별에서 가장 높은 사람이야！
2370	1	じゃあ、何のための検査なんだ？	그럼、무엇을 위한 검사냐？
2371	1	これって、意図的な手抜きでやんすか？	이거、의도적으로 대충 한 겁죠？
2372	1	そうだろうな。	그렇겠지。
2373	1	で、あっちはどうするでやんす？	그래서、저쪽은 어떻게 합죠？
2374	1	ま、放っておくしかないだろ。	뭐、내버려 둘 수밖에 없겠지。
2375	1	でも、理由は言えませーん。	그래도、이유는 말 못 해요。
2376	1	あっ、そう。	앗、그래。
2377	1	やった、宇宙港までたどりついた	해냈다、우주항까지 도착했
2378	1	なんとか脱出できそうだな！	그럭저럭 탈출할 수 있겠군！
2379	1	・・・お待ちなさい。	・・・기다리세요。
2380	1	あ、お前は！	아、너는！
2381	1	できれば遠慮したいけどな。	가능하면 사양하고 싶다만。
2382	1	はははは、楽しい人だ。	하하하하、재미있는 사람이군。
2383	1	そのロボットは、万が一にも	그 로봇은、만에 하나라도
2384	1	（カチッ）	（딸깍）
2385	1	我々の忠実な道具になると、	우리의 충실한 도구가 된다고、
2386	1	ど、どうした！	무、무슨 일이냐！
2387	1	（カチッ！カチッ！）	（딸깍！딸깍！）
2388	1	なぜだ、なぜ反応しない！	어째서냐、어째서 반응하지 않나！
2389	1	・・・一世代前なら、	・・・한 세대 전이라면、
2390	1	・・・そう、私は１人。	・・・그래、나는 하나。
2391	1	な、なるほど。	과、과연。
2392	1	・・・私はあなたの知ってる	・・・나는 당신이 아는
2393	1	宇宙ワクチン？	우주 백신？
2394	1	そうですか！	그렇습니까！
2395	1	そりゃあ、個人的に使う分には	그야、개인적으로 쓰는 분량은
2396	1	ああ、そうだよ。	아아、그래。
2397	1	どこで生産してるんですか？	어디서 생산하고 있나요？
2398	1	たぶん、ジャングルの中にある	아마、정글 안에 있는
2399	1	それで、その研究所まで	그래서、그 연구소까지
2400	1	そこと直接交渉して、	거기와 직접 협상해서、
2401	1	しかし、どうしてこんなジャングルの	하지만、어째서 이런 정글
2402	1	本来、このジャングルの環境調査が	원래、이 정글의 환경 조사가
2403	1	前人未踏のこのジャングルで、	전인미답의 이 정글에서、
2404	1	・・・なにしてる。	・・・뭐 하고 있나。
2405	1	いやあ、探検番組でも	아이고、탐험 프로그램이라도
2406	1	道がある時点で前人未踏じゃないだろ！	길이 있는 시점에서 전인미답이 아니잖아！
2407	1	もっと町の近くにすればいい・・・	좀 더 마을 가까이에 두면 될 텐데・・・
2408	1	道、これで合ってるんでやんすか？	길、이게 맞습죠？
2409	1	たぶん、そうだと思うけど。	아마、그럴 거라고 보는데。
2410	1	行き止まりでやんす。	막다른 길입죠。
2411	1	（しゅるしゅるしゅる）	（스르륵스르륵스르륵）
2412	1	うわっ、木からヘビがいっぱい	우왓、나무에서 뱀이 잔뜩
2413	1	わーっ、これは人喰い植物でやんす！	와앗、이건 식인 식물입죠！
2414	1	すげえ、シャッターチャンスだ！	대단해、셔터 찬스다！
2415	1	うわあ、よく見たら道の両側に	우와아、잘 보니 길 양쪽에
2416	1	いったん、町まで退却するぞ！	일단、마을까지 후퇴한다！
2417	1	はぁはぁはぁ・・・。	하아하아하아・・・。
2418	1	ひどい目にあったでやんす。	험한 꼴 당했습죠。
2419	1	また、すぐに行こうぜ！	또、바로 가자！
2420	1	しっかし、この宇宙港の建物は	그런데、이 우주항 건물은
2421	1	着陸する時に星を見なかったのか。	착륙할 때 별을 안 봤나。
2422	1	なんでやんすと？	뭐라굽죠？
2423	1	９０００億人？！	９０００억 명？！
2424	1	ハハハ、	하하하、
2425	1	撲滅って・・・	박멸이라니・・・
2426	1	だって、あいつら邪魔じゃないか。	왜냐면、저 녀석들 방해되잖아。
2427	1	だから、建物の外は有毒な大気と	그래서、건물 밖은 유독한 대기와
2428	1	あなたが	당신이
2429	1	昨日、	어제、
2430	1	あいかわらず、やりたい放題ですね。	여전히、하고 싶은 대로 하시네요。
2431	1	この星の実力者の	이 별 실력자의
2432	1	２５００ペラ？！	２５００페라？！
2433	1	だが、	하지만、
2434	1	でも、４トンで１万ペラですよ？	그래도、４톤에 １만 페라예요？
2435	1	結局、あちこちの星をまわらないと	결국、여기저기 별을 돌지 않으면
2436	1	（あ、そうだ！	（아、맞다！
2437	1	へえ、賢そうなお嬢さんですね。	헤에、똑똑해 보이는 아가씨네요。
2438	1	１万ペラの娘です。	１만 페라짜리 딸입니다。
2439	1	いや、相場から言えば５千程度	아니、시세로 따지면 ５천 정도
2440	1	・・・愛ですか。	・・・사랑인가요。
2441	1	なに、簡単ですよ。	뭘、간단해요。
2442	1	へえ、そうなんですか？	헤에、그런가요？
2443	1	あれ、そういえば	어라、그러고 보니
2444	1	せっかくおぜん立てした	모처럼 판을 깔았는데
2445	1	こら、そこの２人、	이봐、거기 ２명、
2446	1	（ビシビシッ！！）	（핑핑！！）
2447	1	ゲリラの狙撃です！	게릴라의 저격입니다！
2448	1	うぉー、撃つな！	우오、쏘지 마！
2449	1	早く隠れろでやんす！	빨리 숨으라는 겁죠！
2450	1	・・・予定は変更だ。	・・・예정은 변경이다。
2451	1	（この連中の感性が、いまだに	（이 사람들의 감성이、아직도
2452	1	お前を狙撃したのは、おそらく	너를 저격한 건、아마
2453	1	一日の労働時間が長すぎる！	하루 노동 시간이 너무 길다！
2454	1	（そうだそうだ！）	（옳소 옳소！）
2455	1	やや、先住民のデモ行進でやんすね。	이런、선주민 시위 행진입죠。
2456	1	オイ、オマエタチ。	이봐、너희들。
2457	1	せめて、交渉だけでも	적어도、협상만이라도
2458	1	ダメダ！	안 된다！
2459	1	くそ～、横暴だぁ～！	젠장～、횡포다～！
2460	1	これは怒りのおどり。	이건 분노의 무용。
2461	1	イイカゲンニシロ！	적당히 해라！
2462	1	そんなこと言われても、	그런 말을 들어도、
2463	1	（ずびびびび！）	（쥐이이이잉！）
2464	1	スグ仕事ニ	당장 일하러
2465	1	うわぁ？！	우와아？！
2466	1	大変なことになってきたな。	큰일이 되어 가는군。
2467	1	こ、こうなったら、	이、이렇게 된 이상、
2468	1	そこまでよ！	거기까지야！
2469	1	おおっ、なんでやんす？	오옷、뭡죠？
2470	1	とおっ！	타앗！
2471	1	ぎゃあー！	갸아！
2472	1	チョ、チョットマテ。	자、잠깐 기다려。
2473	1	正義キック！	정의의 킥！
2474	1	正義スラッシャー！	정의의 슬래셔！
2475	1	正義ビーム！	정의의 빔！
2476	1	（ばりばりばり）	（우드득우드득）
2477	1	うひゃあああああ！	으히야아아아아！
2478	1	ふっ、このとおり悪者は全滅よ。	훗、보다시피 악당은 전멸이야。
2479	1	・・・・・・・・・なるほど、	・・・・・・・・・과연、
2480	1	おそろしいでやんす。	무섭습죠。
2481	1	（まあ、結果的に暴動が起きず	（뭐、결과적으로 폭동이 안 일어나
2482	1	ええい、どうして	에잇、어째서
2483	1	惑星ごと破壊する必要はなかった、	행성째 파괴할 필요는 없었다、
2484	1	・・・しかしだな、モノは生物兵器だ。	・・・하지만 말이다、물건은 생물병기다。
2485	1	惑星の封鎖、	행성 봉쇄、
2486	1	ム？	음？
2487	1	４０００万、４０００万というが	４０００만、４０００만이라지만
2488	1	ああ・・・それはちょっと大変だな。	아아・・・그건 좀 큰일이군。
2489	1	その上で、ご自分の人生が	그 위에、자기 인생이
2490	1	４０００万の被害は許容できない、と。	４０００만의 피해는 허용할 수 없다、고。
2491	1	（・・・８桁です、閣下。）	（・・・８자리입니다、각하。）
2492	1	閣下！！	각하！！
2493	1	公の場では、そんなことは	공적인 자리에서는、그런 것은
2494	1	（たとえ心の中で思っていても	（설령 마음속으로 생각하고 있어도
2495	1	ほう、よくわかりましたね。	호오、잘도 알아채셨군요。
2496	1	何者だ！	누구냐！
2497	1	名乗るほどの者ではありませんが、	이름을 댈 만한 자는 아닙니다만、
2498	1	ハハハ、私も有名になりましたか。	하하하、나도 유명해졌나。
2499	1	長官みずから始末しに来るとは	장관이 직접 처리하러 오다니
2500	1	さて、前置きはこのくらいで。	자、서론은 이쯤에서。
2501	1	俺のクローンだ！	내 클론이다！
2502	1	まあ、情報収集は専門ですからね。	뭐、정보 수집은 전문이니까요。
2503	1	くそ、自分自身を倒すなんて	젠장、자기 자신을 쓰러뜨리다니
2504	1	やはり、普通の人間のコピーじゃ	역시、평범한 인간의 복제로는
2505	1	ふざけるな！	장난치지 마라！
2506	1	さて、今度は本命ですよ。	자、이번엔 진짜배기입니다。
2507	1	この宇宙でもっとも強力な戦士の	이 우주에서 가장 강력한 전사의
2508	1	な、なんだあれは？！	뭐、뭐냐 저건？！
2509	1	とんでもない怪物でやんす！	말도 안 되는 괴물입죠！
2510	1	まったく、何がクローンだ。	정말、뭐가 클론이냐。
2511	1	あれ・・・おかしいですね？	어라・・・이상하네요？
2512	1	長官、危険です！	장관님、위험합니다！
2513	1	ウ、ウム。	으、음。
2514	1	わわっ、こっち来たでやんす！	와왓、이쪽으로 왔습죠！
2515	1	・・・しかし、こいつは	・・・하지만、이 녀석은
2516	1	よっしゃ、来い！	좋았어、와라！
2517	1	あ～、楽しかった。	아～、즐거웠다。
2518	1	ついに会得した先輩の必殺技を	마침내 터득한 선배의 필살기를
2519	1	・・・あ。	・・・아。
2520	1	ふーん・・・	흐음・・・
2521	1	そ、そんな・・・	그、그런・・・
2522	1	あー、なんかアンタ根本的に	아、뭔가 당신 근본적으로
2523	1	それじゃあ、あたしの気持ちは	그럼、내 마음은
2524	1	いや、そんなこともないけどさ。	아니、그렇지도 않지만。
2525	1	（ばたっ！）	（털썩！）
2526	1	はい、レッスン終～了～❤	네、레슨 끝～❤
2527	1	・・・親切なヤツだな。	・・・친절한 녀석이군。
2528	1	一生懸命な人は好きだからね。	열심인 사람은 좋아하니까。
2529	1	それじゃあ、子守りよろしく。	그럼、애 보기 잘 부탁해。
2530	1	練習熱心なのはいいんだけど。	연습에 열심인 건 좋은데。
2531	1	そ、そんなことはありません！	그、그렇지 않습니다！
2532	1	・・・それが何なのか、	・・・그게 뭔지、
2533	1	彼女は、自分の力を過信しています。	그녀는、자기 힘을 과신하고 있습니다。
2534	1	（・・・無理だと思う。）	（・・・무리라고 생각해。）
2535	1	ふんふんふんふん	흥흥흥흥
2536	1	・・・・・・なあ。	・・・・・・저기。
2537	1	あら、なにかしら？	어머、뭘까？
2538	1	そりゃあ、普通の義手よりも	그야、평범한 의수보다는
2539	1	どうやって手に入れたんだ？	어떻게 손에 넣었나？
2540	1	開発実験に協力したのよ。	개발 실험에 협력했어。
2541	1	・・・試作品、というわけか。	・・・시제품、이라는 건가。
2542	1	イヌにかまれた傷が悪化したのよ。	개에게 물린 상처가 악화됐어。
2543	1	イヌ？	개？
2544	1	そう、イヌよイヌ。	그래、개야 개。
2545	1	・・・それで、	・・・그래서、
2546	1	だめだめ、どんなに上手にひいたって	안 돼 안 돼、아무리 잘 켜도
2547	1	水の惑星、	물의 행성、
2548	1	・・・何の話だ？	・・・무슨 얘기냐？
2549	1	だからさ、今の宇宙だと	그러니까 말이야、지금 우주에서는
2550	1	あっちは大手だからね。	저쪽은 대기업이니까。
2551	1	おかしな人ね？	이상한 사람이네？
2552	1	さあて、調整完了！	자、조정 완료！
2553	1	何をしていたんだ？	뭘 하고 있었나？
2554	1	この前	지난번
2555	1	あはっ、全力で敵を殴ったら	아핫、전력으로 적을 때렸더니
2556	1	わかっていたら、なぜ？	알고 있었다면、어째서？
2557	1	相手は	상대는
2558	1	（カポ！）	（퐁！）
2559	1	それじゃあね！	그럼 안녕！
2560	1	やあ、キャプテン	여어、선장
2561	1	またしても長官みずからご出勤か？	또다시 장관이 직접 출근인가？
2562	1	どうとでもお好きなように。	뭐라 하시든 마음대로。
2563	1	（ボム！）	（펑！）
2564	1	ガス？！	가스？！
2565	1	だったら、	그렇다면、
2566	1	それだと、面白くないじゃないですか。	그러면、재미없잖아요。
2567	1	こいつ！	이 녀석！
2568	1	おやおや、残念ですね。	이런 이런、아쉽네요。
2569	1	（フッ）	（훗）
2570	1	じ、地獄で	지、지옥에서
2571	1	おい、どういうことだ？！	어이、무슨 소리냐？！
2572	1	馬鹿なことを！	바보 같은 짓을！
2573	1	・・・あれを見てもそう言える？	・・・저걸 보고도 그렇게 말할 수 있어？
2574	1	（ぐぇええおぅおおおおっ！）	（끄에에에오오오오옷！）
2575	1	正確には暴走した	정확히는 폭주한
2576	1	・・・・・・倒した。	・・・・・・쓰러뜨렸다。
2577	1	・・・あの２人には、私がついてないと	・・・저 ２명에게는、내가 붙어 있지 않으면
2578	1	・・・おやすみ、	・・・잘 자、
2579	1	なあ、さっきはそう言ってたけど。	저기、아까는 그렇게 말했지만。
2580	1	・・・そう思いたい。	・・・그렇게 믿고 싶어。
2581	1	大統領閣下！	대통령 각하！
2582	1	・・・ああ、そうか。	・・・아아、그런가。
2583	1	しかし医薬品を禁じる	하지만 의약품을 금하는
2584	1	それでは、すぐに連中を	그럼、당장 그 녀석들을
2585	1	これはこれは	이거 이거
2586	1	・・・了解いたしました。	・・・알겠습니다。
2587	1	我々の要求を受け入れれば、	우리 요구를 받아들이면、
2588	1	要求と言いますと？	요구라 하시면？
2589	1	（生命維持システムを他国に渡す？！	（생명 유지 시스템을 타국에 넘긴다？！
2590	1	もしヤツらが	만약 그 녀석들이
2591	1	まったく、なにが名案だ。	정말、뭐가 명안이냐。
2592	1	・・・やはりな。	・・・역시나。
2593	1	奴をなんとかしなくては。	그 녀석을 어떻게든 해야 한다。
2594	1	しかし、肝心の大統領閣下が	하지만、정작 대통령 각하가
2595	1	ハァ～。	하아～。
2596	1	まあ、そういう星だからな。	뭐、그런 별이니까。
2597	1	おい、お前たち！	어이、너희들！
2598	1	わっ、	왓、
2599	1	・・・ここの総督に依頼されて、	・・・여기 총독에게 의뢰받아서、
2600	1	ふふふ、こっちも化物退治だ。	후후후、이쪽도 괴물 퇴치다。
2601	1	みなさん、すごい銃を	여러분、대단한 총을
2602	1	ふふふ、この星では風が強いからな。	후후후、이 별은 바람이 세니까。
2603	1	（ドサッ）	（털썩）
2604	1	うわっ、中尉が一発で！	우왓、중위가 한 방에！
2605	1	狙撃だ、周囲を警戒！	저격이다、주위를 경계！
2606	1	（バスバスッ！）	（퍽퍽！）
2607	1	（ドサドサッ）	（털썩털썩）
2608	1	ど、どこから撃ってるんだよ？！	어、어디서 쏘는 거야？！
2609	1	・・・４つ。	・・・넷。
2610	1	バカ、頭を上げるな！	바보、고개 들지 마！
2611	1	（バスン、バスン！）	（퍼억、퍼억！）
2612	1	・・・６つ。	・・・여섯。
2613	1	どうだ？	어떠냐？
2614	1	・・・黙れ。	・・・입 다물어라。
2615	1	ああ、スマン。	아아、미안。
2616	1	オイ、このままだと全滅だぞ！	어이、이대로면 전멸이다！
2617	1	まあ待て、監視衛星に接続してる。	자 기다려、감시위성에 접속하고 있다。
2618	1	（ドババーーン！！）	（콰바바앙！！）
2619	1	で、でかっ！	크、크다！
2620	1	間違いなく女王モグラだ！	틀림없이 여왕 두더지다！
2621	1	うぉー、シャッターチャーンス！	우오、셔터 찬스！
2622	1	狙撃のことは気にするな！	저격은 신경 쓰지 마라！
2623	1	な、なんとか勝ったでやんすね。	그、그럭저럭 이겼습죠。
2624	1	とにかく、女王モグラ討伐成功でやんす！	어쨌든、여왕 두더지 토벌 성공입죠！
2625	1	チョト、そこの人。	잠깐、거기 사람。
2626	1	へえ、やってみてくれ。	헤에、해 봐라。
2627	1	このタマゴよく見る。	이 알 잘 봐。
2628	1	おお、なかなかやるな。	오오、제법이군。
2629	1	じゃあ、アンタのお札を２倍にするよ。	그럼、당신 지폐를 ２배로 해주지。
2630	1	じゃあ、１００ペラ札でやんす。	그럼、１００페라 지폐입죠。
2631	1	ハイハイ、わかったよ。	네네、알겠어。
2632	1	ほほう、すごいでやんすね。	호오、대단합죠。
2633	1	では、２枚ともドウゾ。	그럼、２장 다 가져가。
2634	1	もうかったでやんす！	벌었습죠！
2635	1	なるほど、片方は偽物なんだな。	과연、한쪽은 가짜군。
2636	1	それどころか、シワのつき方まで	그뿐 아니라、주름 잡힌 모양까지
2637	1	す、すごいでやんす！	대、대단합죠！
2638	1	いや、魔法は自分のために	아니、마법은 자신을 위해
2639	1	じゃあ、オイラのために使うでやんす！	그럼、나를 위해 쓰라는 겁죠！
2640	1	イイよ。	좋아。
2641	1	すぐにやれでやんす！	당장 하라는 겁죠！
2642	1	ときどき魔法は失敗するのね。	가끔 마법은 실패하지。
2643	1	じょ、冗談じゃないでやんす！	노、농담이 아닙죠！
2644	1	わかったわかった。	알겠어 알겠어。
2645	1	うわあ、今度は	우와아、이번엔
2646	1	どういうことでやんす？	무슨 일입죠？
2647	1	これ、２枚のお札の番号のところを	이거、２장의 지폐 번호 부분을
2648	1	・・・つまり、オイラは	・・・즉、나는
2649	1	そういうことになるな。	그렇게 되는군。
2650	1	姫様は、今どちらに？	공주님은、지금 어디에？
2651	1	お忍びで街に遊びに行かれたようです。	몰래 거리로 놀러 가신 모양입니다。
2652	1	・・・ここに。	・・・여기에。
2653	1	姫の現在地は？	공주의 현재 위치는？
2654	1	インプラントによる現在地測定は？	임플란트에 의한 현재 위치 측정은？
2655	1	ご自分で無効にされたご様子。	직접 무효화하신 모양입니다。
2656	1	まったく、あの方も	정말、그분도
2657	1	この街中にある	이 시내에 있는
2658	1	うっとおしいでやんすよね。	성가십죠。
2659	1	これには監視機能がついているんじゃ	여기엔 감시 기능이 달려 있는 게
2660	1	なんでやんすと！？	뭐라굽죠！？
2661	1	この前、王室侮辱罪で	지난번、왕실 모욕죄로
2662	1	どうしてまたそんなことを・・・	어째서 또 그런 짓을・・・
2663	1	ああ、この立体映像にしよう。	아아、이 입체 영상으로 하자。
2664	1	（ぐに）	（물컹）
2665	1	ぐに？	물컹？
2666	1	あ・・・あああ。	아・・・아아아。
2667	1	こ、このホログラム、実体がある？！	이、이 홀로그램、실체가 있다？！
2668	1	どうした、どうした？	무슨 일이냐、무슨 일이야？
2669	1	街中で、姫様が異星人に	거리에서、공주님이 외계인에게
2670	1	なにィ！	뭐어！
2671	1	ちっ、ちがうっ！！	아、아니야！！
2672	1	怒れる群集が、こっちに	성난 군중이、이쪽으로
2673	1	なんだってぇー！	뭐라고～！
2674	1	はっ？！	헛？！
2675	1	あ、気がついたでやんすか？	아、정신이 드셨습죠？
2676	1	あれ、群集に袋叩きにされて？	어라、군중에게 몰매를 맞고？
2677	1	な、なんとか切り抜けたぞ。	그、그럭저럭 넘겼다。
2678	1	ひどい目にあったなぁ・・・	험한 꼴 당했구나・・・
2679	1	私の船を盾にいたしましょう。	제 배를 방패로 삼죠。
2680	1	私の大型船なら、あなたの船を	제 대형선이라면、당신 배를
2681	1	よしわかった、すぐに行こう！	좋아 알겠다、당장 가자！
2682	1	くっ、なんとか王宮の前まで来たぞ。	큭、그럭저럭 왕궁 앞까지 왔다。
2683	1	私の船は４発被弾で限界です。	제 배는 ４발 피탄이 한계입니다。
2684	1	ああ、ここまでよくやってくれた！	아아、여기까지 잘해 줬다！
2685	1	ああ、だめでやんす！	아아、안 됩죠！
2686	1	な、なんだってー！？	뭐、뭐라고～！？
2687	1	岩場があって無理でやんす！	바위밭이 있어서 무리입죠！
2688	1	・・・私の船を、宇宙港の観光船に	・・・제 배를、우주항의 관광선에
2689	1	もう敵の攻撃でボロボロですわ。	이미 적 공격으로 너덜너덜해요。
2690	1	そうじゃなくて、君の船の船長だ！	그게 아니라、자네 배의 선장 말이다！
2691	1	もちろん、殉職しますわね。	물론、순직하겠죠。
2692	1	そんな作戦は許可できない！	그런 작전은 허가할 수 없다！
2693	1	では、本人に聞いてみましょう。	그럼、본인에게 물어보죠。
2694	1	喜んで、やらせていただきます！	기꺼이、하겠습니다！
2695	1	ば、ばか、やめるんだ！	바、바보、그만둬！
2696	1	・・・勇敢な男でしたね。	・・・용감한 남자였네요。
2697	1	君は・・・・・・	자네는・・・・・・
2698	1	さあ、彼の死と私の投資を	자、그의 죽음과 내 투자를
2699	1	まったく、いつまで不機嫌なんですの？	정말、언제까지 기분이 안 좋으신가요？
2700	1	俺は元からこういう顔なんだよ！	나는 원래 이런 얼굴이야！
2701	1	ああ、この地下道ですわね。	아아、이 지하도네요。
2702	1	（・・・人の声？）	（・・・사람 목소리？）
2703	1	そこの方！	거기 분！
2704	1	ええい、おとなしくしろ！	에잇、얌전히 있어라！
2705	1	ああ、宇宙は広いなあ。	아아、우주는 넓구나。
2706	1	む～～～～～～～～～～～～～～～～ん。	으～～～～～～～～～～～～～～～～음。
2707	1	だれだ、お前は！	누구냐、너는！
2708	1	そういう意味で言ったのか？	그런 뜻으로 말한 건가？
2709	1	まさか、外宇宙からか？	설마、외우주에서 왔나？
2710	1	そんな事情があったのか。	그런 사정이 있었나。
2711	1	・・・で、ここにはどうやって	・・・그래서、여기는 어떻게
2712	1	む～～～～～～～～～～～～～ん。	으～～～～～～～～～～～～～음。
2713	1	あっ、消えた！	앗、사라졌다！
2714	1	なるほど、テレポートか！	과연、텔레포트인가！
2715	1	あ、二人目？	아、두 번째？
2716	1	む～～～～～～ん！	으～～～～～～음！
2717	1	うわ、三人も！	우와、셋이나！
2718	1	あああ、やっぱり！	아아아、역시！
2719	1	いや、この人たちは外宇宙から	아니、이 사람들은 외우주에서
2720	1	話は聞かなくていいでやんす！	얘기는 안 들어도 됩죠！
2721	1	とっとと帰るでやんす！	얼른 돌아가라는 겁죠！
2722	1	む～～～～～～～～～～～～ん。	으～～～～～～～～～～～～음。
2723	1	あ、逃げた。	아、도망쳤다。
2724	1	今後は気をつけるでやんす。	앞으로는 조심하는 겁죠。
2725	1	ああ、わかったよ。	아아、알겠어。
2726	1	大事な話？	중요한 얘기？
2727	1	言っとくけど、勘違いしないでね。	말해 두는데、오해하지 마。
2728	1	この身体はそもそも	이 몸은 애초에
2729	1	どういうことか、さっぱりだよ。	무슨 소린지、전혀 모르겠어。
2730	1	最初から説明しないとダメか・・・	처음부터 설명해야 하나・・・
2731	1	さあ・・・？	글쎄・・・？
2732	1	そのときは誰にもわからなかった。	그때는 아무도 몰랐다。
2733	1	それが、つまり・・・	그게、즉・・・
2734	1	痛み？	통증？
2735	1	つまり、この身体では骨も肉も	즉、이 몸으로는 뼈도 살도
2736	1	じゃあ、今も？	그럼、지금도？
2737	1	うん、今でも。	응、지금도。
2738	1	じゃあ、そういうことだから。	그럼、그런 거니까。
2739	1	・・・真面目に聞いてよ。	・・・진지하게 들어 줘。
2740	1	ああ、そうだ。	아아、맞다。
2741	1	やれやれ、話にならないなぁ。	이런 이런、말이 안 통하네。
2742	1	・・・大丈夫かな？	・・・괜찮을까？
2743	1	前にお前と会ってから、	전에 너와 만난 뒤로、
2744	1	ああ、そうか。	아아、그런가。
2745	1	・・・ひどいもんだな。	・・・심하군。
2746	1	そらそうよ。	그야 그렇지。
2747	1	・・・報道規制されているのか。	・・・보도 규제를 받고 있나。
2748	1	いいや、とんでもない！	아니、당치도 않아！
2749	1	圧力に屈せず報道するような局や	압력에 굴하지 않고 보도하는 방송사나
2750	1	そんなもん、もう絶滅しちまったよ！	그런 건、벌써 멸종했다고！
2751	1	それで、俺への取材を勝手に	그래서、나에 대한 취재를 멋대로
2752	1	・・・何が原因かわからないが、	・・・뭐가 원인인지 모르겠지만、
2753	1	そうであって欲しいな。	그랬으면 좋겠군。
2754	1	なあ、俺もあんたについていかせて	저기、나도 당신을 따라가게 해
2755	1	言っておくが、ウソの記事は	말해 두는데、거짓 기사는
2756	1	あ、異星からの方ですね。	아、다른 별에서 오신 분이군요。
2757	1	機械の身体になれば、この世の	기계 몸이 되면、이 세상의
2758	1	しかし、	하지만、
2759	1	カルト宗教というか、ものすごく	사이비 종교랄까、엄청나게
2760	1	（どすん！）	（쿵！）
2761	1	おうおうおう！	어이어이어이！
2762	1	ああ、悪かった。	아아、미안했다。
2763	1	誠意はきちんと形で見せて欲しいね！	성의는 제대로 형태로 보여 줬으면 하는데！
2764	1	・・・「機械の身体になります」？	・・・「기계 몸이 되겠습니다」？
2765	1	うるせーっ、こうなったら	시끄러、이렇게 된 이상
2766	1	よーし、これでお前は機械の身体だ。	좋아、이걸로 너는 기계 몸이다。
2767	1	こ、こんちくしょう。	이、이 자식。
2768	1	あ、いや、その・・・	아、아니、그게・・・
2769	1	・・・まったく困った人ですね。	・・・정말 곤란한 사람이네요。
2770	1	君は？	자네는？
2771	1	自分は	저는
2772	1	（白衣だから見るからに博士だぞ。）	（흰 가운이라 딱 봐도 박사다。）
2773	1	それじゃあ、半年前から	그럼、반년 전부터
2774	1	君も機械に？	자네도 기계로？
2775	1	そりゃあ、合理的だからですよ。	그야、합리적이니까요。
2776	1	それは、よくわからないけど・・・	그건、잘 모르겠지만・・・
2777	1	そうなんですよ！	그렇습니다！
2778	1	おーい、ドクター！	어어이、박사！
2779	1	はい、なんでしょう？	네、무슨 일인가요？
2780	1	足の関節の調子が、昨日から	다리 관절 상태가、어제부터
2781	1	ええ、いいですよ。	네、좋아요。
2782	1	ああ、いつも助かるよ。	아아、늘 고맙다。
2783	1	あ、そういえば。	아、그러고 보니。
2784	1	・・・え、ええ。	・・・네、네。
2785	1	・・・結論から申し上げますと、	・・・결론부터 말씀드리면、
2786	1	前に、自分は彼女の体温について	전에、저는 그녀의 체온에 대해
2787	1	いや、その例はよく判らないよ。	아니、그 예는 잘 모르겠어。
2788	1	彼女は戦闘用に作られたんじゃ	그녀는 전투용으로 만들어진 게
2789	1	・・・自己修復能力。	・・・자기 수복 능력。
2790	1	そうか、それで！	그런가、그래서！
2791	1	もちろん、全身の部品はコテツの	물론、온몸의 부품은 코테츠의
2792	1	でも、それって部品交換の必要が	그래도、그건 부품 교환이 필요
2793	1	子供が産めるとしても？	아이를 낳을 수 있다 해도？
2794	1	「生命」の定義から解釈すれば、	「생명」의 정의로 해석하면、
2795	1	次世代ねぇ・・・	다음 세대라・・・
2796	1	自分もそう思いますけど、	저도 그렇게 생각합니다만、
2797	1	じゃあ、逆にどうして	그럼、반대로 어째서
2798	1	この宇宙に１人きりの種族だから、	이 우주에 혼자뿐인 종족이니까、
2799	1	・・・今の話は胸の奥にしまって、	・・・방금 얘기는 가슴 깊이 묻어 두고、
2800	1	単純にこれまで通りってことだろ？	단순히 지금까지대로란 거지？
2801	1	（パチッ！）	（딱！）
2802	1	ぐうぅ～・・・	으으～・・・
2803	1	これで宇宙囲碁は、	이걸로 우주 바둑은、
2804	1	たぁ～！！	타아～！！
2805	1	な、なにをするんだ！	무、무슨 짓이냐！
2806	1	ああ、すみません！	아아、죄송합니다！
2807	1	おいおい、冗談じゃないぞ。	어이어이、농담이 아니다。
2808	1	そんなことないでやんすよ？	그렇지 않습죠？
2809	1	く、くっそぉ～！	제、젠장～！
2810	1	げげっ！	으윽！
2811	1	そんなのウソでやんす！	그건 거짓말입죠！
2812	1	チラッと見た？	힐끗 봤어？
2813	1	碁石は、コマじゃないでやんす！	바둑돌은、말이 아닙죠！
2814	1	まてまて、	기다려 기다려、
2815	1	それじゃ、こっちか。	그럼、이쪽인가。
2816	1	なんです？	뭔가요？
2817	1	今一瞬見せた写真、覚えてる？	방금 순간 보여준 사진、기억나？
2818	1	じゃあ、宇宙船は・・・	그럼、우주선은・・・
2819	1	あ、ゲームですね！	아、게임이군요！
2820	1	ペン？	펜？
2821	1	（宇宙船の数を聞こうと	（우주선 수를 물으려고
2822	1	どうです！	어떻습니까！
2823	1	・・・ええと、とりあえず	・・・그러니까、일단
2824	1	しかし、宇宙船の特徴は完璧だ。	하지만、우주선 특징은 완벽하다。
2825	1	なんです、それ？	그건 뭔가요？
2826	1	「先輩」が君を連れ歩くわけだ。	「선배」가 자네를 데리고 다닐 만하군。
2827	1	でも、忘れっぽいんですよ？	그래도、잘 잊어버리는데요？
2828	1	写真記憶の持ち主なら、普通そうさ。	사진 기억의 소유자라면、보통 그렇지。
2829	1	へえ～。	헤에～。
2830	1	画家には近い能力の持ち主は多いが	화가 중엔 비슷한 능력 소유자가 많지만
2831	1	そうですねぇ・・・	그렇네요・・・
2832	1	そんなものまでできるのか！	그런 것까지 되는 건가！
2833	1	でも、とりあえずオイラたちの役には	그래도、일단 우리에게 도움은
2834	1	先輩の仇を取るのにも	선배의 원수를 갚는 데도
2835	1	くそっ、	젠장、
2836	1	いや、俺たちの目的は	아니、우리 목적은
2837	1	（ギャオオオオオウ！）	（갸오오오오오우！）
2838	1	くそっ、みんな行くぞ！	젠장、다들 간다！
2839	1	それで、私をどうするつもりだ。	그래서、나를 어쩔 셈이냐。
2840	1	この星にいる限り、	이 별에 있는 한、
2841	1	お前の言っていることは	네가 하는 말은
2842	1	えっ、なんだって？	엣、뭐라고？
2843	1	悪いが、これは信義の問題だ。	미안하지만、이건 신의의 문제다。
2844	1	でも、俺の宇宙船は定員一杯で	그래도、내 우주선은 정원이 꽉 차서
2845	1	・・・・・・いいのか？	・・・・・・괜찮나？
2846	1	これは・・・？	이건・・・？
2847	1	昔の部品工場でやんすね。	옛날 부품 공장입죠。
2848	1	戦争前の遺跡か。	전쟁 전의 유적인가。
2849	1	せっかくだから、もらっておくでやんす。	모처럼이니、받아 두는 겁죠。
2850	1	・・・ふむ、まあ仕方あるまい。	・・・흠、뭐 어쩔 수 없겠지。
2851	1	いや、その前に仲間のことについて	아니、그전에 동료에 대해
2852	1	そうそう、礼金を渡しておこう。	맞다맞다、사례금을 건네 두지。
2853	1	は、はあ・・・	하、하아・・・
2854	1	（・・・慎重派・・・）	（・・・신중파・・・）
2855	1	だから、時期尚早だ。	그러니까、시기상조다。
2856	1	これは悲しみの踊り。	이건 슬픔의 무용。
2857	1	（・・・過激派・・・）	（・・・과격파・・・）
2858	1	これは怒りの踊り。	이건 분노의 무용。
2859	1	ひどい話だな。	심한 얘기군。
2860	1	アンタはその場にいなかったから	당신은 그 자리에 없었으니까
2861	1	じゃ、君はその場に・・・	그럼、자네는 그 자리에・・・
2862	1	この考えなしの暴れ屋め！	이 생각 없는 난동꾼아！
2863	1	この裏切り者め！	이 배신자야！
2864	1	ハーイ、みなさん！	하이、여러분！
2865	1	（ざわっ）	（웅성）
2866	1	あーあ、せっかく昼寝をしてたのに	아～아、모처럼 낮잠 자고 있었는데
2867	1	お、おのれ・・・	이、이놈・・・
2868	1	（うぉー！！）	（우오！！）
2869	1	やることは一つでしょ！	할 일은 하나잖아！
2870	1	なぁにぃい！？！	뭐어어！？！
2871	1	まだやってくる！	아직 몰려온다！
2872	1	うわ、まだ来るのか！？	우와、아직 오는 건가！？
2873	1	はいはい、暴徒鎮圧ごくろうさん。	네네、폭도 진압 수고했어。
2874	1	本当に、これは正しいことなのか？	정말로、이게 옳은 일인가？
2875	1	正しいことのためには、多少の	옳은 일을 위해서는、다소의
2876	1	おい、茶化すなよ。	어이、놀리지 마。
2877	1	もう、真面目な人ってやだなぁ。	정말、진지한 사람은 싫다니까。
2878	1	オホホホホ、どうかしら。	오호호호호、글쎄。
2879	1	ちょっと出かけてくる。	잠깐 나갔다 올게。
2880	1	昔の知り合いに、呼び出されてね。	옛 지인이、불러서 말이야。
2881	1	へえ、キミの知り合いね・・・	헤에、자네 지인이라。
2882	1	ちがうわよ。	아니야。
2883	1	じゃ、昼には戻るから。	그럼、점심에는 돌아올 테니까。
2884	1	どうも・・・姐（あね）さん。	안녕하세요・・・누님。
2885	1	で、あたしを呼んだりなんかして	그래서、나를 부르고 그러다니
2886	1	俺、あれから結婚して	나、그 뒤로 결혼해서
2887	1	それで、仕事から足を洗ったんだけど	그래서、일에서 손을 씻었는데
2888	1	あはは、よくある話だね。	아하하、흔한 얘기네。
2889	1	聞いてのとおりだ、	들은 대로다、
2890	1	ストッープ！	스토오옵！
2891	1	（タッ）	（탁）
2892	1	全員、撃て！撃て！撃て！	전원、쏴라！쏴라！쏴라！
2893	1	あああ？！	아아아？！
2894	1	あとは・・・	남은 건・・・
2895	1	（ガシッ！）	（턱！）
2896	1	ぎゃああああ！！	갸아아아아！！
2897	1	やだ。	싫어。
2898	1	（ブチブチッ！）	（뚝뚝！）
2899	1	あたしらが無傷？	우리가 멀쩡하다고？
2900	1	・・・あああ・・・	・・・아아아・・・
2901	1	さて、と。	자、그럼。
2902	1	み、見逃してください！	노、놓아주세요！
2903	1	うん、さっき聞いたから知ってる。	응、아까 들어서 알아。
2904	1	あら、電話？	어머、전화？
2905	1	はい、こちら	네、여기는
2906	1	お前、カード忘れていっただろ？	너、카드 두고 갔지？
2907	1	・・・クレジットカード？	・・・신용카드？
2908	1	ふふふ、そそっかしいわね。	후후후、덜렁대네。
2909	1	あれ、もう帰ってきたのか？	어라、벌써 돌아왔나？
2910	1	うん、向こうに急用ができて	응、저쪽에 급한 일이 생겨서
2911	1	怪力で引きちぎられた	괴력으로 뜯겨 나간
2912	1	町が騒がしいでやんすね。	마을이 소란스럽습죠。
2913	1	たたたた、大変なんです！	크크크큰일입니다！
2914	1	いったい、なんの騒ぎだ？	대체、무슨 소란이냐？
2915	1	これは、あわてている	이건、당황하고 있는
2916	1	ああ、踊りの説明はいいから！	아아、무용 설명은 됐으니까！
2917	1	・・・どういうことだ？	・・・무슨 소리냐？
2918	1	東の大陸の採掘キャンプで	동쪽 대륙의 채굴 캠프에서
2919	1	いつ？	언제？
2920	1	さ、さあ・・・？	그、글쎄・・・？
2921	1	・・・常識的な正しい判断ね。	・・・상식적이고 옳은 판단이네。
2922	1	何を言ってる？	무슨 소리냐？
2923	1	・・・ここでお別れよ。	・・・여기서 작별이야。
2924	1	どこまでできるかわからないが、	어디까지 할 수 있을지 모르지만、
2925	1	でも、無駄じゃないかしら？	그래도、헛수고 아닐까？
2926	1	それでもだ！	그래도다！
2927	1	・・・いいわぁ。	・・・좋아。
2928	1	・・・でも、宇宙じゃ	・・・그래도、우주에서는
2929	1	イテテテ、	아야야야、
2930	1	空母を護衛している艦隊か。	항모를 호위하는 함대인가。
2931	1	タコの船ではありません！	문어 배가 아닙니다！
2932	1	ああ、どうでもいい。	아아、아무래도 좋다。
2933	1	船内各所から出火！	선내 각처에서 화재！
2934	1	くそーっ！	젠장！
2935	1	やったー、逃げていくでやんす！	해냈다、도망칩죠！
2936	1	よし、あとは・・・	좋아、남은 건・・・
2937	1	反乱を起こしていた	반란을 일으키고 있던
2938	1	そこなら爆撃は大丈夫なのか？	거기라면 폭격은 괜찮은가？
2939	1	こっちは	이쪽은
2940	1	はい、そんなあなたに・・・	네、그런 당신에게・・・
2941	1	なんだこれは？	이건 뭐냐？
2942	1	さて、あっちの方も見てみるか。	자、저쪽도 봐 볼까。
2943	1	お待ちください！	기다려 주세요！
2944	1	失業者？	실업자？
2945	1	ええと、どうして失業者が	그러니까、어째서 실업자가
2946	1	あら、失業者になっても	어머、실업자가 되어도
2947	1	だから、なんのために？	그러니까、무엇을 위해？
2948	1	マヌケな連中を襲って、身分証明証や	얼빠진 녀석들을 덮쳐서、신분증이나
2949	1	警察は取り締まらないのか？	경찰은 단속하지 않나？
2950	1	このあたりは収入の低い人たちの	이 근처는 수입이 낮은 사람들의
2951	1	収入が関係あるのか？	수입이 관계있나？
2952	1	税金を取りすぎることが	세금을 너무 걷는 것이
2953	1	いや・・・あの？	아니・・・저기？
2954	1	・・・ああ、どうして失業者を	・・・아아、어째서 실업자를
2955	1	そう、それだ！	그래、그거다！
2956	1	現状のシステムは、社会にとって	현행 시스템은、사회에
2957	1	汚染事故だって？！	오염 사고라고？！
2958	1	・・・いやな星だ。	・・・싫은 별이군。
2959	1	あ、異星の方には	아、다른 별에서 오신 분에게는
2960	1	はい、死ぬまで失業者です。	네、죽을 때까지 실업자입니다。
2961	1	この星に住んでる限り、不法入居者か！	이 별에 사는 한、불법 입주자인가！
2962	1	はい、そのとおりです。	네、그렇습니다。
2963	1	ですから、失業者たちは	그래서、실업자들은
2964	1	それでは、お気をつけて。	그럼、조심하세요。
2965	1	ああ、俺から説明するよ。	아아、내가 설명하지。
2966	1	すると、失業者って・・・	그러면、실업자란・・・
2967	1	ああ、死ぬまで失業者だよ。	아아、죽을 때까지 실업자야。
2968	1	武装って、武器はどうするんだ？	무장이라니、무기는 어떻게 하나？
2969	1	失業者になっても、最初のうちは	실업자가 되어도、처음에는
2970	1	とんでもない星だな・・・。	말도 안 되는 별이군・・・。
2971	1	おお、博士をつれてきたカニか。	오오、박사를 데려왔게。
2972	1	あれ、博士のお知り合い	어라、박사님 지인
2973	1	私はカニは好物ですが、	나는 게를 좋아합니다만、
2974	1	たとえお会いしたことがなくとも	설령 뵌 적이 없더라도
2975	1	（うわ、節操のない人だ！）	（우와、절조 없는 사람이다！）
2976	1	そういうことになりますかね！	그런 셈이 되겠네요！
2977	1	それなら、問題ないカニ。	그렇다면、문제없게。
2978	1	（こっちも節操がないぞ！）	（이쪽도 절조가 없다！）
2979	1	（そこまでだ！）	（거기까지다！）
2980	1	な、なんだカニ？！	뭐、뭐게？！
2981	1	え、テロリスト？	에、테러리스트？
2982	1	ものども、かかれ！	다들、덤벼라！
2983	1	・・・私は様子を見ましょうかね？	・・・나는 상황을 지켜볼까요？
2984	1	テロリストっていうのは	테러리스트라는 건
2985	1	そんなことは関係ないカニ！	그런 건 상관없게！
2986	1	我々の崇高な目的に文句をつけるとは	우리의 숭고한 목적에 트집을 잡다니
2987	1	・・・なにが崇高な目的だ。	・・・뭐가 숭고한 목적이냐。
2988	1	・・・そういえば、お前達も	・・・그러고 보니、너희들도
2989	1	あいつらお金は落としていったけど、	저 녀석들 돈은 떨어뜨리고 갔지만、
2990	1	いいよ。	좋아。
2991	1	なかなか、面白そうなお話ですな。	제법、재미있어 보이는 얘기군요。
2992	1	え、博士？	에、박사님？
2993	1	というよりも、テロリストにだまされて	그보다도、테러리스트에게 속아서
2994	1	は、ははは・・・	하、하하하・・・
2995	1	笑い事ではありません。	웃을 일이 아닙니다。
2996	1	・・・はい、申しわけない。	・・・네、죄송합니다。
2997	1	ともかく、こうなったら	어쨌든、이렇게 된 이상
2998	1	じゃあ、約束どおり	그럼、약속대로
2999	1	じゃあ、私はこのカニ君と	그럼、나는 이 게 군과
3000	1	これでよかったんでやんすかねぇ？	이걸로 됐던 겁죠？
3001	1	この星は５０年前までは、こんな	이 별은 ５０년 전까지는、이런
3002	1	俺も本で読んだことはある。	나도 책에서 읽은 적은 있다。
3003	1	爆撃の影響と、その後の気候変化による	폭격의 영향과、그 뒤 기후 변화에 따른
3004	1	今、この星にいる	지금、이 별에 있는
3005	1	もう数千万人ってとこじゃないですか？	이제 수천만 명쯤 아닐까요？
3006	1	もちろん、	물론、
3007	1	あたりまえです！	당연합니다！
3008	1	いや・・・あの・・・	아니・・・저기・・・
3009	1	ええ、安価な労働力なので	네、값싼 노동력이라서
3010	1	そりゃあ、ゲリラですよ！	그야、게릴라죠！
3011	1	・・・あの、こうは考えられませんか？	・・・저기、이렇게는 생각 못 하시나요？
3012	1	そんなことを言われても困りますねぇ。	그런 말을 들어도 곤란하네요。
3013	1	あとは合成獣ですね。	그리고 합성수네요。
3014	1	ええと、するとなんですか？	그러니까、그러면 뭔가요？
3015	1	大量に発掘される？	대량으로 발굴된다？
3016	1	ええ、この星はもともと	네、이 별은 원래
3017	1	それで、ワクチンの情報は？	그래서、백신 정보는？
3018	1	本来	본래
3019	1	明日、	내일、
3020	1	もしもし、	여보세요、
3021	1	ええ、肝に銘じておきますわ。	네、명심해 두겠어요。
3022	1	・・・なんのことかな。	・・・무슨 소린지。
3023	1	あら、会長はご存知ない？	어머、회장님은 모르시나요？
3024	1	あれは事実無根の言いがかりだ。	그건 사실무근의 트집이다。
3025	1	わたしの調査によると、その２日後に	제 조사에 따르면、그 ２일 후에
3026	1	ははは、最近は治安も悪化しているから	하하하、요즘은 치안도 나빠졌으니까
3027	1	あら、どうもご親切に。	어머、정말 친절하시네요。
3028	1	・・・どんな映像だ？	・・・어떤 영상이냐？
3029	1	なに、	뭘、
3030	1	そ、それは、おもしろそうだな。	그、그건、재미있겠군。
3031	1	・・・１００万までは出そう。	・・・１００만까지는 내지。
3032	1	ふふふ、	후후후、
3033	1	・・・ふう。	・・・휴。
3034	1	なあ、本当にあの映像素材を全部	저기、정말로 그 영상 소재를 전부
3035	1	これからどうなる？	앞으로 어떻게 되나？
3036	1	やっぱり、あの映像を公にした方が	역시、그 영상을 공개하는 편이
3037	1	そんなことをすれば映像はデッチあげ	그런 짓을 하면 영상은 조작으로
3038	1	しかし、１００万ペラか。	하지만、１００만 페라인가。
3039	1	あなたの取り分は半分の５０万です。	당신 몫은 절반인 ５０만입니다。
3040	1	あ、そうだっけ？	아、그랬던가？
3041	1	今お渡しできるのは１万ペラです。	지금 드릴 수 있는 건 １만 페라입니다。
3042	1	うかつに	섣불리
3043	1	でも、ワクチンの任務のためには	그래도、백신 임무를 위해서는
3044	1	ですから、１万ペラ。	그러니까、１만 페라。
3045	1	（なんだか、だまされたような	（뭔가、속은 것 같은
3046	1	あんな偶然、２回あるものじゃ	그런 우연이、２번 있을 리가
3047	1	でもそれって、偶然でなければ	그래도 그건、우연이 아니라면
3048	1	そういうことでやんす。	그런 겁죠。
3049	1	一国の元首を、「出た」だなんて	한 나라 원수를、「나왔다」라니
3050	1	（周囲のいたるところから	（주위 곳곳에서
3051	1	またお会いしましたね。	또 만났네요。
3052	1	ああ、お姫様！	아아、공주님！
3053	1	あら、私は気にしてませんよ。	어머、저는 신경 안 써요。
3054	1	はあ、どうも。	하아、고맙습니다。
3055	1	（イメージダウンになると判断されたら	（이미지가 나빠진다고 판단되면
3056	1	あなたは、	당신은、
3057	1	・・・調査でそこまで？	・・・조사로 거기까지？
3058	1	少し歩きませんか？	좀 걷지 않으실래요？
3059	1	えっ、ワクチン４トンを寄付して	엣、백신 ４톤을 기부해
3060	1	あのような形ではあれ、	그런 형태이긴 하지만、
3061	1	しかしタダというわけには・・・	하지만 공짜라는 건・・・
3062	1	ミスター	미스터
3063	1	じゃあ、ただの	그럼、그냥
3064	1	では	그럼
3065	1	（ザパン！！）	（철써억！！）
3066	1	姫様！	공주님！
3067	1	まったく、しょうがないな。	정말、어쩔 수 없군。
3068	1	（ドボン！）	（풍덩！）
3069	1	うふふ、ごめんなさい。	우후후、미안해요。
3070	1	なんですって？	뭐라고요？
3071	1	・・・どうせなら、お姫様からの	・・・기왕이면、공주님에게서
3072	1	私には個人的な行動など	나에게는 개인적인 행동 따위
3073	1	でも、思っていたより	그래도、생각보다
3074	1	私、女王になるなんて	나、여왕이 된다니
3075	1	・・・まさか、そのために他の	・・・설마、그 때문에 다른
3076	1	・・・さあ、どうでしょう。	・・・글쎄요、어떨까요。
3077	1	うふふ、私もそうなんですよ。	우후후、저도 그렇답니다。
3078	1	姫様、ご無事ですか！	공주님、무사하십니까！
3079	1	楽しい時間はすぐに終わりますね。	즐거운 시간은 금방 끝나네요。
3080	1	うわあああ！！	우와아아아！！
3081	1	死ぬのはイヤでやんすー！	죽는 건 싫습죠～！
3082	1	・・・ふう、間に合ったか。	・・・휴、늦지 않았나。
3083	1	なにが、でやんす？	뭐가 말입죠？
3084	1	無敵弾の衝撃で停止した	무적탄의 충격으로 정지한
3085	1	ええっ、そうだったでやんすか？	에엣、그랬습죠？
3086	1	よし、奥へ進むぞ。	좋아、안쪽으로 진행한다。
3087	1	こちらの迎撃システムが復活する前に	이쪽 요격 시스템이 부활하기 전에
3088	1	・・・大統領はどこでやんす？	・・・대통령은 어디입죠？
3089	1	いや・・・最後に見たときは	아니・・・마지막으로 봤을 때는
3090	1	ええい、あのバカとは	에잇、그 바보와는
3091	1	オイラたち、いったい	우리、대체
3092	1	（そう、うまくいくでやんすかね！）	（그렇게 잘될 것 같습죠！）
3093	1	・・・誰だ？	・・・누구냐？
3094	1	強そうな巨大ロボットでやんす！	강해 보이는 거대 로봇입죠！
3095	1	アンタがキャプテン	당신이 선장
3096	1	そして、今回の	그리고、이번
3097	1	じゃあ、一番悪いヤツでやんすね！	그럼、가장 나쁜 녀석입죠！
3098	1	・・・そして、その正体は	・・・그리고、그 정체는
3099	1	別の宇宙？	다른 우주？
3100	1	ああ、距離的なものではなく	아아、거리적인 게 아니라
3101	1	・・・パラレルワールドのことか？	・・・평행세계 말인가？
3102	1	この宇宙を救いに来たのでやんす。	이 우주를 구하러 왔습죠。
3103	1	オイラが	내가
3104	1	なにわけのわからないこと	무슨 영문 모를 소리를
3105	1	この３０年間、内戦はあっても	이 ３０년간、내전은 있어도
3106	1	大勢の人間が幸福な生活を送るためには	많은 인간이 행복한 생활을 하기 위해서는
3107	1	・・・よく聞く理屈だな。	・・・흔히 듣는 논리군。
3108	1	やめろ、そのデータに手を出すな！	그만둬라、그 데이터에 손대지 마！
3109	1	危ない！	위험해！
3110	1	（ヒュウ、間一髪。）	（휴、간발의 차。）
3111	1	大丈夫だ、わざわざ盾になるほど	괜찮다、일부러 방패가 될 정도로
3112	1	（ガチャッ！）	（철컥！）
3113	1	少しでも動いたら殺しますよ。	조금이라도 움직이면 죽입니다。
3114	1	・・・細菌やウイルスだって？	・・・세균이나 바이러스라고？
3115	1	なにがおかしいのです？	뭐가 우스운가요？
3116	1	あんた、完全に勘違いしてるよ！	당신、완전히 착각하고 있어！
3117	1	つまらない・・・？	시시하다・・・？
3118	1	え・・・これは人間？	에・・・이건 인간？
3119	1	いいや、「	아니、「
3120	1	バカな！	말도 안 돼！
3121	1	この星の指導者だった男は	이 별의 지도자였던 남자는
3122	1	・・・・・・ロ、ロマンだと？！	・・・・・・로、로망이라고？！
3123	1	くそっ、とんだ無駄骨を！	젠장、쓸데없는 헛수고를！
3124	1	そこまでだ、	거기까지다、
3125	1	な、なんですか、あなた方は？	뭐、뭔가요、당신들은？
3126	1	おや、またあなたですか？	이런、또 당신인가요？
3127	1	それはこっちのセリフだ。	그건 이쪽 대사다。
3128	1	フン、とんだ茶番でしたね。	흥、어이없는 촌극이었네요。
3129	1	（バン！バン！バン！）	（탕！탕！탕！）
3130	1	さて、全部片付きましたから	자、전부 정리됐으니
3131	1	ええい、とんだ時間の無駄です。	에잇、엄청난 시간 낭비입니다。
3132	1	別に助けてくれなくても、	딱히 도와주지 않아도、
3133	1	ああ、そうかもな。	아아、그럴지도。
3134	1	私は、あの恥ずかしいデータを	나는、그 부끄러운 데이터를
3135	1	ああ、そうだろうな。	아아、그렇겠지。
3136	1	どういたしまして。	천만에요。
3137	1	・・・３年前・・・	・・・３년 전・・・
3138	1	・・・勝手な男だ。	・・・제멋대로인 남자군。
3139	1	おい、宇宙港にプレゼントがある！	어이、우주항에 선물이 있다！
3140	1	で・・・	그래서・・・
3141	1	さすがは評議会議長！	역시 평의회 의장！
3142	1	・・・名前以外はな。	・・・이름 말고는 말이지。
3143	1	・・・名前？	・・・이름？
3144	1	その名前で登録されてるでやんす。	그 이름으로 등록돼 있습죠。
3145	1	・・・ないよ。	・・・없어。
3146	1	おい、ヒマつぶしに	어이、심심풀이로
3147	1	もちろん。	물론。
3148	1	ははは、	하하하、
3149	1	オイラもでやんすか？	나도 말입죠？
3150	1	チップはこのコインで代用しよう。	칩은 이 코인으로 대신하자。
3151	1	一回勝負じゃないんでやんすか？	한 판 승부가 아닙죠？
3152	1	・・・何を言ってるんだ？	・・・무슨 소리냐？
3153	1	ははは、さすが	하하하、역시
3154	1	じゃあ、まず５枚ずつカードを	그럼、우선 ５장씩 카드를
3155	1	あれ、そうだったでやんすか？	어라、그랬습죠？
3156	1	よし、まかせろ。	좋아、맡겨라。
3157	1	・・・あ？	・・・아？
3158	1	親決めはカードを使わないのか？	딜러 정하기는 카드를 안 쓰나？
3159	1	そうじゃなくて、どうして	그게 아니라、어째서
3160	1	・・・何を言ってる。	・・・무슨 소리냐。
3161	1	違う違う！	아니아니！
3162	1	えええ？！	에에에？！
3163	1	たぶん、そういうことで	아마、그런 걸로
3164	1	じゅ、１３枚！？	여、１３장！？
3165	1	俺の知ってるポーカーは	내가 아는 포커는
3166	1	（豆知識・そういうルールの	（토막 상식・그런 규칙의
3167	1	なんだか、みんなバラバラ	뭔가、다들 제각각
3168	1	・・・やれやれ、	・・・이런 이런、
3169	1	なにぃ？	뭐어？
3170	1	・・・いいだろう。	・・・좋다。
3171	1	・・・あああああ。	・・・아아아아아。
3172	1	（宇宙船の中でケンカ発生！）	（우주선 안에서 싸움 발생！）
3173	1	しょうがない。	어쩔 수 없다。
3174	1	ええ～？！	에에～？！
3175	1	まあ、そう言うな。	뭐、그러지 마라。
3176	1	（楽しい時間を過ごしました。）	（즐거운 시간을 보냈습니다。）
3177	1	これで、俺の勝ちだな。	이걸로、내 승리군。
3178	1	チクショー、	젠장、
3179	1	・・・まあ、それでも私は２位だが。	・・・뭐、그래도 나는 ２위다만。
3180	1	クッソ～、	젠자앙～、
3181	1	えっ、これは遊び・・・	엣、이건 놀이・・・
3182	1	勝った奴に最下位が何か渡すのは	이긴 놈에게 꼴찌가 뭔가 건네는 건
3183	1	そんなこと言ってて、	그런 말 해놓고、
3184	1	うるせえ！	시끄러！
3185	1	そりゃあ、アンタ。	그야、당신。
3186	1	さっきの人の話によると、	아까 그 사람 얘기에 따르면、
3187	1	で、誰に声をかけるんでやんす？	그래서、누구에게 말을 겁죠？
3188	1	生物化学研究所まで行きたいんだが、	생물화학연구소까지 가고 싶은데、
3189	1	（ざわざわざわ・・・）	（웅성웅성웅성・・・）
3190	1	生物化学研究所？	생물화학연구소？
3191	1	いや、オレが行く。	아니、내가 간다。
3192	1	てめー、やりやがったな！	이 자식、저질렀겠다！
3193	1	（ドスン！バタン！）	（쿵！쾅！）
3194	1	・・・というわけで、オレに決定だ。	・・・그런 이유로、나로 결정이다。
3195	1	（オイラ達に選ぶ権利は	（우리에게 고를 권리는
3196	1	じゃあ、よろしく頼む。	그럼、잘 부탁한다。
3197	1	それって高くないか？	그거 비싸지 않나？
3198	1	イヤなら半額でもいいが、	싫으면 반값이라도 좋다만、
3199	1	すまないが、今は手持ちが	미안하지만、지금은 가진 게
3200	1	よし、行こうか。	좋아、갈까。
3201	1	しゃがめ。	엎드려。
3202	1	こっちの花が変な花粉を出してる！	이쪽 꽃이 이상한 꽃가루를 내고 있다！
3203	1	どけ。	비켜。
3204	1	よし、着いたぜ。	좋아、도착했다。
3205	1	障害を全部、銃とロケット弾で	장애물을 전부、총과 로켓탄으로
3206	1	ま、しょうがねえな。	뭐、어쩔 수 없군。
3207	1	ああ、さっさとやっつけないと	아아、빨리 해치우지 않으면
3208	1	戦ってくれないんでやんすか？	안 싸워 주십죠？
3209	1	あたりまえだ。	당연하다。
3210	1	よし、ここが目的の場所だぞ。	좋아、여기가 목적지다。
3211	1	・・・なるほど、そういう事情なら	・・・과연、그런 사정이라면
3212	1	よかった！	다행이다！
3213	1	１トン６００ペラでどうでしょう。	１톤에 ６００페라로 어떨까요。
3214	1	（安い！）	（싸다！）
3215	1	じゃあ、とりあえず５トンほど・・・	그럼、일단 ５톤 정도・・・
3216	1	無理です。	무리입니다。
3217	1	生産能力がそんなに高くないんですよ。	생산 능력이 그렇게 높지 않아요。
3218	1	そうですか・・・	그렇습니까・・・
3219	1	それと、どうやって宇宙港まで	그리고、어떻게 우주항까지
3220	1	その事情なら、ワクチンの取り引きは	그 사정이라면、백신 거래는
3221	1	じゃあ、俺たちが運ばないと	그럼、우리가 옮기지 않으면
3222	1	重力軽減ベッドを用意しますから、	중력 경감 침대를 준비할 테니까、
3223	1	仲間に一人非戦闘員がいますから	동료 중에 비전투원이 한 명 있으니까
3224	1	つまりオイラが運ぶんでやんすね。	즉 내가 옮기는 겁죠。
3225	1	それで、今日は買っていきますか？	그래서、오늘은 사 가시겠습니까？
3226	1	さあ、帰るぞ・・・？	자、돌아간다・・・？
3227	1	たぶん、５００ペラ払わなかった	아마、５００페라 안 낸
3228	1	いやな予感がするな・・・	불길한 예감이 드는군・・・
3229	1	ほら、やっぱり帰り道で	봐라、역시 돌아가는 길에
3230	1	あの傭兵めぇ～！！	그 용병 자식～！！
3231	1	無責任すぎるでやんす！！	너무 무책임합죠！！
3232	1	ここが東の倉庫か。	여기가 동쪽 창고인가。
3233	1	おほほほほほ㎞	오호호호호호㎞
3234	1	お前は	너는
3235	1	どうしてオイラたちが	어째서 우리가
3236	1	だって、あなたたちは	왜냐면、당신들은
3237	1	いや、それはそうだけど。	아니、그건 그렇지만。
3238	1	人助けのためでも犯罪を犯して	남을 돕기 위해서라도 범죄를 저질러
3239	1	そ、そもそも！	애、애초에！
3240	1	だって、この星は	왜냐면、이 별은
3241	1	くっ、むかつくでやんすけど・・・	큭、열받습죠만・・・
3242	1	一応、筋が通ってるな・・・	일단、말은 되는군・・・
3243	1	ええい、口ではかなわないから	에잇、말로는 못 이기니까
3244	1	（なんだか、本当にこっちが	（뭔가、정말로 이쪽이
3245	1	なあんだ、チョ～期待はずれ。	뭐야、완전 기대 이하。
3246	1	くっそ～！！	젠자앙～！！
3247	1	フフフ、やるわね。	후후후、제법이네。
3248	1	いつから君とライバルになったんだ！	언제부터 자네와 라이벌이 된 거냐！
3249	1	イタゾ、アイツダ！	있다、저 녀석이다！
3250	1	きゃっ！？	꺅！？
3251	1	ウルサイ！	시끄럽다！
3252	1	やあねえ～。	싫어라～。
3253	1	ダマレ！	닥쳐！
3254	1	よし、どさくさにまぎれて	좋아、혼란한 틈을 타서
3255	1	どうして助けてくれたの？	어째서 도와준 거야？
3256	1	今は間違ってるけど、	지금은 틀렸지만、
3257	1	アタシのどこが間違ってるって言うのよ？	내가 어디가 틀렸다는 거야？
3258	1	弱い者を助けて、強いものを倒すのが	약한 자를 돕고、강한 자를 쓰러뜨리는 게
3259	1	ハハーン、なるほど！	하하안、과연！
3260	1	（ザザザザザッ！）	（자자자자잣！）
3261	1	大丈夫、ここはアタシにまかせて。	괜찮아、여긴 나에게 맡겨。
3262	1	エ？	에？
3263	1	強大な	강대한
3264	1	（ドガシャーーン！）	（콰장창！）
3265	1	なんてことするんでやんす！	무슨 짓을 하는 겁죠！
3266	1	ウワアアアア！！！	우와아아아아！！！
3267	1	ふっ、かっこよく	훗、멋있게
3268	1	（ポカッ！）	（콩！）
3269	1	な、なにするのよ！	무、무슨 짓이야！
3270	1	ワクチンが全部	백신이 전부
3271	1	フッ、大丈夫よ。	훗、괜찮아。
3272	1	というわけで、今後はあなたが	그런 이유로、앞으로는 당신이
3273	1	正義の味方には、それを	정의의 사도에게는、그걸
3274	1	じゃあ、アタシは	그럼、나는
3275	1	（反	（반
3276	1	お目にかかるのは初めてですな？	뵙는 건 처음이지요？
3277	1	お父上のこと、残念でした。	부친 일은、안타까웠습니다。
3278	1	・・・それより、この会合の	・・・그보다、이 회합의
3279	1	フウム。	흐음。
3280	1	ハハハ、いや失敬。	하하하、아니 실례。
3281	1	同盟ですと？	동맹이라고요？
3282	1	あなた方は正気ですか？	당신들은 제정신입니까？
3283	1	さよう、わが惑星	그렇소、우리 행성
3284	1	もっと危険なもの、ですって？	더 위험한 것、이라고요？
3285	1	・・・そして、	・・・그리고、
3286	1	えっ！？	엣！？
3287	1	・・・それでも、	・・・그래도、
3288	1	これは、宇宙経済上の必然なのだ。	이건、우주 경제상의 필연이다。
3289	1	・・・どういう意味ですか？	・・・무슨 뜻인가요？
3290	1	かつて宇宙は戦争と海賊に満ち、安全な	예전에 우주는 전쟁과 해적으로 가득해、안전한
3291	1	だから、滅ぼすしかないと？	그래서、멸망시킬 수밖에 없다고？
3292	1	結論を言っていただけませんか？	결론을 말씀해 주시겠습니까？
3293	1	なぜ	어째서
3294	1	大規模な戦闘行為があれば、	대규모 전투 행위가 있으면、
3295	1	もちろんだとも。	물론이고말고。
3296	1	当然、監視はしているのでしょうな？	당연히、감시는 하고 있겠지요？
3297	1	いや、宇宙一の諜報機関を持つ	아니、우주 제일의 첩보기관을 가진
3298	1	ハハハ、小生も命は惜しい。	하하하、소생도 목숨은 아깝소。
3299	1	オイ、入れ！	이봐、들어와！
3300	1	は、ははははは。	하、하하하하하。
3301	1	部下の非礼はわびましょう。	부하의 무례는 사과하지요。
3302	1	いきなり誘拐されたかと思えば	갑자기 납치됐나 했더니
3303	1	ほう、ここがどこかおわかりの	호오、여기가 어딘지 아시는
3304	1	ワガハイをなめてもらっては困る。	이 몸을 얕보면 곤란하다。
3305	1	・・・残念ながら、はずれです。	・・・아쉽게도、틀렸습니다。
3306	1	なに？！	뭐？！
3307	1	これは	이건
3308	1	ところで元帥、確認しておくでやんす。	그런데 원수님、확인해 두겠습죠。
3309	1	そもそも、この	애초에、이
3310	1	なに、惑星全部を吸い込む前に	뭘、행성 전부를 삼키기 전에
3311	1	これが、わが秘密警察の入手した	이것이、우리 비밀경찰이 입수한
3312	1	このウイルスを、	이 바이러스를、
3313	1	くっ・・・！	큭・・・！
3314	1	さて、元帥。	자、원수님。
3315	1	そんなことをしてどうする。	그런 짓을 해서 어쩔 셈이냐。
3316	1	逮捕？！	체포？！
3317	1	よく考えたら、誰も	잘 생각해 보면、아무도
3318	1	・・・はい・・・	・・・네・・・
3319	1	さあ、発射でやんす！	자、발사입죠！
3320	1	や、やめろー！！	그、그만둬～！！
3321	1	（どがーーーん！）	（콰아아앙！）
3322	1	ああああああ・・・	아아아아아아・・・
3323	1	ふむ、面白い反応でやんすね。	흠、재미있는 반응입죠。
3324	1	おのれ、おのれ	이놈、이놈
3325	1	（ドサ！）	（털썩！）
3326	1	（せっかく、２年もかけて	（모처럼、２년이나 들여
3327	1	せっかく苦労して証拠を集めたのに	애써 고생해서 증거를 모았는데
3328	1	・・・余計なことは、	・・・쓸데없는 짓은、
3329	1	ふーん、これが例のウイルス？	흐음、이게 그 바이러스？
3330	1	（ごくん！）	（꿀꺽！）
3331	1	おっ、おい？！	어、어이？！
3332	1	んー、この組成かぁ。	으음、이 조성인가。
3333	1	・・・お前には注射していない。	・・・너에게는 주사하지 않았다。
3334	1	アハハ、あたしなら	아하하、나라면
3335	1	（・・・一週間前・・・）	（・・・일주일 전・・・）
3336	1	まあ、こちらが	뭐、이쪽이
3337	1	それで、エースって	그래서、에이스라는 건
3338	1	（ああ、空しい。	（아아、허무하다。
3339	1	・・・すげえなぁ、15機か。	・・・대단하네、15기인가。
3340	1	おいおい、人ごとだと思って	어이어이、남 일이라고
3341	1	お前たち、なんの話をしている。	너희들、무슨 얘기를 하고 있나。
3342	1	ハッ、中尉殿！	옛、중위님！
3343	1	正式な報告ではありませんが、	정식 보고는 아닙니다만、
3344	1	フン、きっと誇張された数字に	흥、분명 과장된 숫자일
3345	1	いいかげん勘弁して欲しいでやんす！	이제 그만 좀 봐줬으면 합죠！
3346	1	やあやあやあ！	안녕안녕안녕！
3347	1	なんでやんす、アレは？	뭡죠、저건？
3348	1	ハハハハハ、なんだ。	하하하하하、뭐냐。
3349	1	フン、逃がしはせんぞ！	흥、놓치지 않겠다！
3350	1	（ブヒュウウウウン・・・）	（부휴우우우웅・・・）
3351	1	うおっ、やられたーーーっ！	우옷、당했다아아앗！
3352	1	おや、気がついたでやんすね。	이런、정신이 드셨습죠。
3353	1	な、なにをするでやんす！	무、무슨 짓입죠！
3354	1	ええい、この	에잇、이
3355	1	ツッコミどころ満載の回答を	딴죽 걸 데 투성이인 대답을
3356	1	いや、宇宙船じゃなくて	아니、우주선이 아니라
3357	1	おい、貴様。	어이、네놈。
3358	1	そうだけど・・・？	그런데・・・？
3359	1	いいか、貴様に負けたわけではない！	잘 들어라、네놈에게 진 게 아니다！
3360	1	・・・お前だけには完敗した。	・・・너에게만은 완패했다。
3361	1	あれ、俺ってエースだっけ？	어라、내가 에이스였던가？
3362	1	ああ、いちいち数えていられないよな。	아아、일일이 세고 있을 수는 없지。
3363	1	・・・さっきからなにを大声で	・・・아까부터 뭘 큰 소리로
3364	1	・・・亡命だ。	・・・망명이다。
3365	1	オレは	나는
3366	1	えええええ？！	에에에에에？！
3367	1	ともに	함께
3368	1	（いいのかな？）	（괜찮은 걸까？）
3369	1	とりあえず、よろしく	일단、잘 부탁한다
3370	1	全員整列！	전원 정렬！
3371	1	（ザッザッザッ・・・）	（척척척・・・）
3372	1	・・・大変でやんす。	・・・큰일입죠。
3373	1	そうなんだ。	그렇구나。
3374	1	この星で長年研究されてきた	이 별에서 오랜 세월 연구돼 온
3375	1	それは大変だ！	그건 큰일이다！
3376	1	でも、なんか戦車を出して	그래도、뭔가 전차를 내보내
3377	1	うっ、それはちょっときついな。	윽、그건 좀 힘들군。
3378	1	ああ、それは正しい判断だ。	아아、그건 옳은 판단이다。
3379	1	悪いね、個人的な用事でね。	미안하네、개인적인 볼일이라서。
3380	1	これが植物に関するデータで	이게 식물에 관한 데이터고
3381	1	ほほう、これが	호오、이게
3382	1	これが実際に使用される危険性ゆえに	이게 실제로 사용될 위험성 때문에
3383	1	・・・取り引き成立だな。	・・・거래 성립이군。
3384	1	まあ、念のためということですよ。	뭐、만일을 위해서라는 겁니다。
3385	1	なに、３つ目？	뭐、３번째？
3386	1	ははははは。	하하하하하。
3387	1	はたして、宇宙の征服をたくらんだのか	과연、우주 정복을 꾀한 것인지
3388	1	そのような事実はない！	그런 사실은 없다！
3389	1	一種類の生物兵器なら、容易に	한 종류의 생물병기라면、쉽게
3390	1	・・・そんなことは知らない。	・・・그런 건 모른다。
3391	1	困りましたねえ。	곤란하네요。
3392	1	おい、なにをする気だ！	어이、뭘 할 셈이냐！
3393	1	ああ、３つ目のデータのありかは	아아、３번째 데이터의 소재는
3394	1	くっ、私はこんな連中に	큭、나는 이런 녀석들에게
3395	1	歩兵と戦車が陣取ってるな。	보병과 전차가 진을 치고 있군。
3396	1	よし、デカイのはオレがやる。	좋아、큰 놈은 내가 맡는다。
3397	1	よっしゃ、こっちも片付いたぜ！	좋았어、이쪽도 정리됐다！
3398	1	・・・戦車は私に任せてくれ。	・・・전차는 나에게 맡겨 줘。
3399	1	ああ、こっちも任務完了だ。	아아、이쪽도 임무 완료다。
3400	1	・・・戦車隊はあたしがやるわ。	・・・전차대는 내가 맡을게。
3401	1	ただいまー。	다녀왔어。
3402	1	・・・戦車は私が。	・・・전차는 내가。
3403	1	おい、無理はするなよ！	어이、무리하지 마라！
3404	1	・・・ごめん、一発くらった。	・・・미안、한 방 맞았어。
3405	1	・・・あ、治ってる。	・・・아、나았다。
3406	1	ナノマシンの効果か？！	나노머신의 효과인가？！
3407	1	・・・・・・残念。	・・・・・・아쉽네。
3408	1	こんなときに、何やってるんだ。	이런 때에、뭘 하고 있냐。
3409	1	・・・・・・ごめん。	・・・・・・미안。
3410	1	・・・やっぱりおかしいな。	・・・역시 이상하군。
3411	1	ちょっと前方に	좀 전방에
3412	1	探知機の調子が悪いとかじゃ	탐지기 상태가 나쁜 게
3413	1	いや、この船の探知機は	아니、이 배의 탐지기는
3414	1	前の船で爆発が起こったでやんす！	앞 배에서 폭발이 일어났습죠！
3415	1	いや、何かに攻撃されているんだ！	아니、뭔가에게 공격당하고 있다！
3416	1	まきぞえはごめんだ！	휘말리는 건 사양이다！
3417	1	どこから攻撃されているのです？	어디서 공격받고 있는 겁니까？
3418	1	それが、まったく探知できません！	그게、전혀 탐지되지 않습니다！
3419	1	まったく頼りないことですわ。	정말 못 미덥네요。
3420	1	・・・クビにしますわよ。	・・・해고하겠어요。
3421	1	はっ、はい、ただちに！	옛、네、즉시！
3422	1	ああ、何者かが乗り込んできました！	아아、누군가가 올라탔습니다！
3423	1	・・・やはり、来ましたわね。	・・・역시、왔군요。
3424	1	この船でまちがいないな。	이 배가 틀림없군。
3425	1	よし、司令室を目指そう。	좋아、사령실을 목표로 하자。
3426	1	待て待て待てぇ～い！	기다려 기다려 기다려～！
3427	1	（うぉー！うぉー！）	（우오！우오！）
3428	1	・・・さすが	・・・역시
3429	1	（うわー、ぎゃあー！）	（우와아、갸아！）
3430	1	失業者部隊、押されています。	실업자 부대、밀리고 있습니다。
3431	1	どうやら、海賊ではなく	아무래도、해적이 아니라
3432	1	しかし、やつらの宇宙船が	하지만、저 녀석들 우주선이
3433	1	私の脱出後、３秒後にこの船を	제가 탈출한 뒤、３초 후에 이 배를
3434	1	これまでのあなたの献身に対し、	지금까지의 당신 헌신에 대해、
3435	1	では、よりよき次の人生を。	그럼、더 나은 다음 인생을。
3436	1	（ピーピーピー！）	（삐삐삐！）
3437	1	助けが来たようです。	도움이 온 모양입니다。
3438	1	ええっ！？	에엣！？
3439	1	無効にしたりはいたしません。	무효로 하지는 않겠습니다。
3440	1	うわっ、撃たれてるでやんす！	우왓、맞고 있습죠！
3441	1	やっぱりステルス船だ！	역시 스텔스선이다！
3442	1	ともかく、さっき襲われていた船を	어쨌든、아까 습격당하던 배를
3443	1	それより、この船に侵入者が	그보다、이 배에 침입자가
3444	1	ニンジャなら退却しましたよ。	닌자라면 퇴각했어요。
3445	1	ニンジャ・・・ですか？	닌자・・・인가요？
3446	1	・・・なるほど、それでは	・・・과연、그럼
3447	1	（ちょうど在庫がありましたから	（마침 재고가 있었으니까
3448	1	ところで、どうしてニンジャに	그런데、어째서 닌자에게
3449	1	おそらく、私が	아마도、제가
3450	1	アラ？	어머？
3451	1	でも	그래도
3452	1	ええと・・・俺ですか？	그러니까・・・저 말인가요？
3453	1	私、運命を信じますの。	저、운명을 믿어요。
3454	1	運命を信じるなんて、	운명을 믿다니、
3455	1	それがセレブというものよ。	그게 상류층이라는 거야。
3456	1	では、資金援助をしていただける？	그럼、자금 지원을 해주시겠어요？
3457	1	協力はいたしますが、	협력은 하겠습니다만、
3458	1	（ひょっとして、単に	（혹시、단순히
3459	1	あっ、でも今は仲間がいっぱいです。	앗、그래도 지금은 동료가 꽉 찼습니다。
3460	1	私はタダで同行いたしますし	저는 공짜로 동행하고
3461	1	おっ、いい所で会ったな。	옷、마침 잘 만났군。
3462	1	面白いところ？	재미있는 곳？
3463	1	ほら、このあたりから行ける。	봐、이 근처에서 갈 수 있다。
3464	1	（これなら、今後はこの場所から	（이거라면、앞으로는 이 장소에서
3465	1	で、目的地はどこなんだ？	그래서、목적지는 어디냐？
3466	1	そんなに遠くはない。	그렇게 멀지는 않다。
3467	1	しかし、宇宙から見たときと	하지만、우주에서 봤을 때와
3468	1	行けども行けども、廃工場だ。	가도 가도、폐공장이다。
3469	1	カカカカカ。	카카카카카。
3470	1	ロボットの数が減っている・・・？	로봇 수가 줄고 있다・・・？
3471	1	それを説明してやろうと思ってな。	그걸 설명해 주려고 했다。
3472	1	ロボットの自殺スポットの一つ、	로봇 자살 명소 중 하나、
3473	1	じ、自殺だって？！	자、자살이라고？！
3474	1	おっ、ちょうど１人来たぜ。	옷、마침 하나 왔다。
3475	1	おい、そこのあんた！	어이、거기 당신！
3476	1	私は誰なんでしょう？	나는 누구일까요？
3477	1	私の身体は規格品で構成されています。	제 몸은 규격품으로 구성돼 있습니다。
3478	1	ええと、それは・・・	그러니까、그건・・・
3479	1	あなたがた有機生命体は、たとえ	당신들 유기생명체는、설령
3480	1	それだけではありません。	그것뿐만이 아닙니다。
3481	1	ああ、そんなことをしてはだめ！	아아、그런 짓을 하면 안 돼！
3482	1	（ガシャン！）	（콰장！）
3483	1	おい、自殺をできないように	어이、자살을 못 하게
3484	1	・・・もちろん試したさ。	・・・물론 시도했지。
3485	1	「死にたがり」？	「죽고 싶어 하는 자」？
3486	1	意図的かどうかわからないけどな。	의도적인지 어떤지는 모르겠지만。
3487	1	そうだ、プログラムを誘導したら！	맞다、프로그램을 유도하면！
3488	1	やってはみたさ。	해보기는 했지。
3489	1	じゃあ、カウンセラーを作れよ！	그럼、상담사를 만들어라！
3490	1	カカカカカ、ムダムダ！	카카카카카、소용없어 소용없어！
3491	1	・・・お前は、平気なのか？	・・・너는、괜찮은가？
3492	1	オレは旧式だからな。	나는 구식이니까。
3493	1	お前、野球人形を作ってるんだって？	너、야구 인형을 만들고 있다며？
3494	1	ああ、それはいいけど。	아아、그건 좋은데。
3495	1	それなら	그렇다면
3496	1	・・・私は、１人だけだから。	・・・나는、하나뿐이니까。
3497	1	やりたいこと？	하고 싶은 일？
3498	1	・・・秘密。	・・・비밀。
3499	1	・・・私？	・・・나？
3500	1	そもそも、アンタみたいな	애초에、당신 같은
3501	1	（宇宙ステーション	（우주 정거장
3502	1	はい、本日	네、오늘
3503	1	うむ、ここ最近の政治情勢は	음、최근의 정치 정세는
3504	1	知ってのとおり、宇宙中の生命体が	알다시피、온 우주의 생명체가
3505	1	自由商人たちと交渉して、	자유상인들과 협상해서、
3506	1	もちろん、交渉はしている。	물론、협상은 하고 있다。
3507	1	つまり、	즉、
3508	1	そこで、この	그래서、이
3509	1	つまり、宇宙を旅して	즉、우주를 여행하며
3510	1	それは、かなりの量ですね。	그건、상당한 양이네요。
3511	1	そして、ここに	그리고、여기에
3512	1	すると、ワクチン購入資金も	그러면、백신 구입 자금도
3513	1	強制することはできんが・・・	강제할 수는 없다만・・・
3514	1	まあ、いいですよ。	뭐、좋아요。
3515	1	すまん、我々	미안하다、우리
3516	1	ええ～、タダ働きでやんすか！	에에～、공짜 노동입죠！
3517	1	文句を言うなよ、	불평하지 마라、
3518	1	そんなこと言ったって、	그렇게 말해도、
3519	1	君は誰だ？	자네는 누구냐？
3520	1	あなたの船を製造した	당신 배를 제조한
3521	1	ああ、なるほど。	아아、과연。
3522	1	アンタでやんすと！？	당신이라굽죠！？
3523	1	それはＡランク契約の場合だけですよ。	그건 Ａ랭크 계약인 경우뿐입니다。
3524	1	うわ、すっごく小さな字で	우와、엄청 작은 글씨로
3525	1	なんにせよ、買ったばかりの	어쨌든、막 산
3526	1	いやあ、そういってもらえると	아이고、그렇게 말해 주시면
3527	1	よし、すぐに	좋아、당장
3528	1	（貿易のために、	（무역을 위해、
3529	1	おいおい、ちょっと待った！	어이어이、잠깐 기다려！
3530	1	ある星で商品を買って、他の星に売る。	어떤 별에서 상품을 사서、다른 별에 판다。
3531	1	うわあ、	우와아、
3532	1	あの部屋へ１人ずつ進んでください。	저 방으로 한 명씩 들어가 주세요。
3533	1	おや、あれは・・・	이런、저건・・・
3534	1	ちょっと気になるな。	좀 신경 쓰이는군。
3535	1	それでは、この機械で	그럼、이 기계로
3536	1	有機物を残すと、その部分を生かすため	유기물을 남기면、그 부분을 살리기 위해
3537	1	はあ、そういうものなんですか。	하아、그런 건가요。
3538	1	精神を安定させるため、麻酔をかけますが	정신을 안정시키기 위해、마취를 합니다만
3539	1	・・・・・・・・・意外だな。	・・・・・・・・・의외군。
3540	1	（ガチン！）	（철컹！）
3541	1	・・・終わりました。	・・・끝났습니다。
3542	1	あ、どうも・・・って！	아、고맙습니・・・니！
3543	1	なにって、機械の身体ですが。	뭐라니、기계 몸입니다만。
3544	1	あなたと同じじゃない。	당신과 같잖아。
3545	1	しかし、機能的ですよ。	하지만、기능적이에요。
3546	1	た、たしかにそうだけど・・・	화、확실히 그렇지만・・・
3547	1	では、その身体の説明をいたします。	그럼、그 몸의 설명을 하겠습니다。
3548	1	すごい機械ですね！	대단한 기계네요！
3549	1	あまり大声を出すなよ。	너무 큰 소리 내지 마라。
3550	1	この装置でコピーするのは	이 장치로 복제하는 건
3551	1	じゃあ、さっきのロボットは？	그럼、아까 그 로봇은？
3552	1	元は人間だったという印象は	원래 인간이었다는 인상은
3553	1	と、いうことは・・・？	그、그렇다는 건・・・？
3554	1	おお、この装置で人間の精神を	오오、이 장치로 인간의 정신을
3555	1	博士、どうしたんです？	박사님、무슨 일인가요？
3556	1	これはサギですよ。	이건 사기예요。
3557	1	意味がよく・・・？	뜻이 잘・・・？
3558	1	つまり、ロボットはロボット。	즉、로봇은 로봇。
3559	1	ふーん、この装置で人間の精神を	흐음、이 장치로 인간의 정신을
3560	1	・・・でも	・・・그래도
3561	1	まあ、そんな気もするな。	뭐、그런 느낌도 드는군。
3562	1	とにかく、オイラはこの機械に	어쨌든、나는 이 기계에
3563	1	いかん、さっきのとは別の	안 되겠다、아까와는 다른
3564	1	・・・う、うーん・・・	・・・으、으음・・・
3565	1	大変だ、すぐに次の工程に移動だ！	큰일이다、당장 다음 공정으로 이동이다！
3566	1	・・・次の工程？	・・・다음 공정？
3567	1	で、この人間の適正は？	그래서、이 인간의 적성은？
3568	1	うーん、骨も筋肉も弱いなぁ。	으음、뼈도 근육도 약하구나。
3569	1	よし、じゃあそっちのミキサーに	좋아、그럼 저쪽 믹서에
3570	1	おい、ちょっと待て！	어이、잠깐 기다려！
3571	1	あれ、人間じゃないか？	어라、인간 아닌가？
3572	1	見たところ材料じゃないぞ？	보아하니 재료가 아닌데？
3573	1	その人は生きてるぞ。	그 사람은 살아 있다。
3574	1	だって、この人間はもう	왜냐면、이 인간은 이미
3575	1	あの装置はロボットに元人間だった	저 장치는 로봇에게 원래 인간이었다는
3576	1	おい、いいかげんなこと言うなよ。	어이、엉터리 소리 하지 마라。
3577	1	オレたちだって、あの装置で	우리도、저 장치로
3578	1	そうだ、そうだ。	옳소、옳소。
3579	1	それでも、その人は	그래도、그 사람은
3580	1	人間に俺たちの苦労がわかるか！	인간이 우리 고생을 알기나 하나！
3581	1	おい、警備隊を呼べ！	어이、경비대를 불러라！
3582	1	よし、お前たちもここで加工してやる！	좋아、너희들도 여기서 가공해 주마！
3583	1	やばいでやんす！	큰일입죠！
3584	1	くそー！	젠장！
3585	1	よし、お前はこの人間の足を持て。	좋아、너는 이 인간의 다리를 잡아라。
3586	1	コイツは体格がいいから、	이 녀석은 체격이 좋으니까、
3587	1	（うわー、いやだー！！）	（우와아、싫어어！！）
3588	1	うーん・・・？	으음・・・？
3589	1	気がついたか。	정신이 들었나。
3590	1	いや、あれはサギだったんだ。	아니、그건 사기였다。
3591	1	君はお金をだまし取られた上に	자네는 돈을 사기당한 데다
3592	1	・・・わかったわ。	・・・알겠어。
3593	1	さて、これがウワサになって	자、이게 소문이 나서
3594	1	もう、信じられない！	정말、믿을 수 없어！
3595	1	ムダ骨だったでやんすね。	헛수고였습죠。
3596	1	あの装置、やっぱりロボットの自殺対策	그 장치、역시 로봇 자살 대책
3597	1	たった一つの存在だ、という	단 하나뿐인 존재다、라는
3598	1	それにしても、人間の身体で	그건 그렇고、인간의 몸으로
3599	1	まったくです！	정말입니다！
3600	1	（・・・５日前・・・）	（・・・５일 전・・・）
3601	1	オーブール特産の宇宙忍者とは	오브르 특산의 우주 닌자라니
3602	1	あたし達は、ニンジャを	우리는、닌자를
3603	1	・・・いいじゃない、	・・・괜찮잖아、
3604	1	いいかげんにしろ。	적당히 해라。
3605	1	（ガッ！	（턱！
3606	1	あはははははっ！	아하하하하핫！
3607	1	・・・・・・・・・まだだ。	・・・・・・・・・아직이다。
3608	1	残念でした、５９点で不合格ぅ～㎞	아쉽네요、５９점으로 불합격～㎞
3609	1	・・・ターゲットの死亡確認。	・・・타깃 사망 확인。
3610	1	んー・・・・・・	으음・・・・・・
3611	1	（がたがたがた・・・）	（덜덜덜・・・）
3612	1	ねぇ、アンタなんで後ろから	저기、당신 어째서 뒤에서
3613	1	ひ・・・	히・・・
3614	1	・・・ニンジャは逃がすとやっかい。	・・・닌자는 놓치면 성가셔。
3615	1	ああ、そうね。	아아、그렇네。
3616	1	さて、おなか空いたし	자、배도 고프고
3617	1	・・・ロボットは、ご飯食べない。	・・・로봇은、밥 안 먹어。
3618	1	アハハ、そうだっけ？	아하하、그랬던가？
3619	1	（・・・現在・・・）	（・・・현재・・・）
3620	1	あの女の子を見てみろよ。	저 여자애를 봐라。
3621	1	（じーーーーっ）	（빤히이이이）
3622	1	なんでやんすかね、あれは。	뭡죠、저건。
3623	1	あっちの２人の様子を、こっそり	저쪽 ２명의 모습을、몰래
3624	1	どの２人でやんす？	어느 ２명입죠？
3625	1	あれはまた、わかりやすい	저건 또、알기 쉬운
3626	1	ねぇ君、何してるんだ？	저기 자네、뭐 하고 있나？
3627	1	わっ！	왓！
3628	1	・・・秘密任務？	・・・비밀 임무？
3629	1	・・・ひょっとして、	・・・혹시、
3630	1	え。	에。
3631	1	いやどうしても何も、	아니 아무래도고 뭐고、
3632	1	君ってニンジャなの？	자네 닌자야？
3633	1	ひぇえ、なぜそんなことまで	히에엑、어째서 그런 것까지
3634	1	自分でさっき言ってたぞ。	본인이 아까 말했다。
3635	1	ああーっ！	아아앗！
3636	1	（もぐもぐもぐ）	（우물우물우물）
3637	1	ごはん食べたら機嫌が直ったよ。	밥 먹었더니 기분이 풀렸어。
3638	1	（子供か？）	（애냐？）
3639	1	すると、アンタ本当に	그러면、당신 정말로
3640	1	オイラのニンジャのイメージが	내 닌자 이미지가
3641	1	じ、実戦経験が少ないだけです！	시、실전 경험이 적을 뿐입니다！
3642	1	（まず性格に問題があるような	（우선 성격에 문제가 있는 것 같은
3643	1	それで、その先輩は今どこに？	그래서、그 선배는 지금 어디에？
3644	1	・・・事情はなんとなくわかった。	・・・사정은 대충 알겠다。
3645	1	バ、バカにしないでください！	무、무시하지 마세요！
3646	1	本当に家に帰れないとはな。	정말 집에 못 돌아가다니。
3647	1	この子、かわいいでやんすけど	이 애、귀엽습죠만
3648	1	とりあえず	일단
3649	1	ねえ、君達。	저기、자네들。
3650	1	ハイ、なあに？	네、뭔데요？
3651	1	なんだか、変な子が君達を	뭔가、이상한 애가 자네들을
3652	1	あ～あ、逃げちゃった。	아～아、도망쳐 버렸다。
3653	1	気づいていたのか。	눈치채고 있었나。
3654	1	そりゃそうでしょ？	그야 그렇죠？
3655	1	敵が多い？	적이 많다？
3656	1	いいえ「運び屋」よ。	아니「운반책」이야。
3657	1	ええ、お値段次第ってとこかしら。	네、값 나름이려나。
3658	1	・・・俺の勘だが、たぶん３人とも	・・・내 감이지만、아마 ３명 다
3659	1	あのロボット連れてる美人は	저 로봇 데리고 다니는 미인은
3660	1	あんなロボットを連れていてか？	저런 로봇을 데리고 다니면서？
3661	1	・・・納得でやんす。	・・・납득입죠。
3662	1	あれ、なにか落ちてるぞ。	어라、뭔가 떨어져 있다。
3663	1	（お金が足りないな・・・）	（돈이 모자라군・・・）
3664	1	よし、それじゃあ頼むよ。	좋아、그럼 부탁한다。
3665	1	じゃあ、またの機会に頼む。	그럼、다음 기회에 부탁한다。
3666	1	・・・よろしく。	・・・잘 부탁해。
3667	1	俺はキャプテン	나는 선장
3668	1	アハハハ、中身が黒いんだよね？	아하하하、속이 검다는 거지？
3669	1	（しばらく前の出来事）	（얼마 전의 일）
3670	1	あなたがたに、	당신들에게、
3671	1	あんたの仕事なら、いつでも大歓迎。	당신 일이라면、언제든 대환영。
3672	1	いえ、単なる害虫退治ですよ。	아뇨、단순한 해충 퇴치예요。
3673	1	なあんだ、つまんない。	뭐야、시시하네。
3674	1	ああ、あの男。	아아、그 남자。
3675	1	おや、お知り合いですか？	이런、아는 사이인가요？
3676	1	だとしても、関係ないでしょ。	그렇다 해도、상관없잖아。
3677	1	ハハハ、さすがですな。	하하하、역시군요。
3678	1	仕事よ、	일이야、
3679	1	ふーん、その虫は刺すの？	흐음、그 벌레는 쏘나？
3680	1	手強い、と聞いています。	만만찮다、고 들었습니다。
3681	1	よし、受けた！	좋아、받았다！
3682	1	２隻もいるでやんす！	２척이나 있습죠！
3683	1	そこの不審船、止まれ！	거기 수상한 배、멈춰라！
3684	1	・・・艦長？	・・・함장？
3685	1	・・・邪魔。	・・・방해야。
3686	1	（どがががーん！）	（콰가가가앙！）
3687	1	巡視船が二隻とも大破したぞ。	순시선이 두 척 다 대파됐다。
3688	1	後ろから、変な船が現われたでやんす！	뒤에서、이상한 배가 나타났습죠！
3689	1	あれは、	저건、
3690	1	いまわしき大悪魔、	저주스러운 대악마、
3691	1	あの船から通信でやんす！	저 배에서 통신입죠！
3692	1	こんにちは、	안녕하세요、
3693	1	・・・偶然じゃないわ。	・・・우연이 아니야。
3694	1	そうか・・・・・・	그런가・・・・・・
3695	1	ヤッホー！	야호！
3696	1	・・・先に確認してるくせに。	・・・먼저 확인해 놓고서。
3697	1	こんなのは、ノリよ、ノリ。	이런 건、분위기야、분위기。
3698	1	攻撃してくるでやんす！	공격해 옵죠！
3699	1	油断しちゃダメです！	방심하면 안 됩니다！
3700	1	・・・やれやれ、これでもう	・・・이런 이런、이걸로 이제
3701	1	いったい、何者だったんだ？	대체、뭐 하는 자였나？
3702	1	（ズズン！）	（쿠웅！）
3703	1	なんだ、今の衝撃は？	뭐냐、방금 충격은？
3704	1	外壁に穴が開いてるでやんす。	외벽에 구멍이 뚫렸습죠。
3705	1	そんなのありえないでやんす！	그런 건 있을 수 없습죠！
3706	1	ほら、言ったとおりじゃないですか！	봐요、말한 대로잖아요！
3707	1	どうして、うれしそうなんでやんす！	어째서、기뻐 보입죠！
3708	1	現実から目をそらすな。	현실에서 눈을 돌리지 마라。
3709	1	おかしな構造の船ね？	이상한 구조의 배네？
3710	1	ふうん？	흐음？
3711	1	あら。	어머。
3712	1	・・・ぜんぜん相手になってない。	・・・전혀 상대가 안 돼。
3713	1	え・・・・・・・・・マジ！？	에・・・・・・・・・진심！？
3714	1	なにを誰のものにするって？	뭘 누구 것으로 한다고？
3715	1	あんたの命と財産全部。	당신 목숨과 재산 전부。
3716	1	どこまでもふざけた奴だ！	끝까지 뻔뻔한 녀석이군！
3717	1	はい、任務完了。	네、임무 완료。
3718	1	・・・おめでとう。	・・・축하해。
3719	1	お祝いのパーティーは	축하 파티는
3720	1	・・・ロボットは食事しない。	・・・로봇은 식사 안 해。
3721	1	あら、あたしが言ったのは	어머、내가 말한 건
3722	1	くっ、なかなか強いね。	큭、제법 강하네。
3723	1	なによ、うるさいわね。	뭐야、시끄럽네。
3724	1	・・・この船の解析、完了。	・・・이 배의 해석、완료。
3725	1	やあ、アハハハ。	여어、아하하하。
3726	1	なんでやんす、こいつ？	뭡죠、이 녀석？
3727	1	高っ！？	비싸！？
3728	1	食費よ、食費。	식비야、식비。
3729	1	他人の宇宙船に穴あけといて、	남의 우주선에 구멍 뚫어 놓고、
3730	1	ムカーッ！	욱！
3731	1	どうしたんです？	무슨 일인가요？
3732	1	（そのころ・・・）	（그 무렵・・・）
3733	1	ふん、ゲリラどもめ	흥、게릴라 놈들
3734	1	（・・・ヒューン・・・）	（・・・휘잉・・・）
3735	1	なに、広域爆撃ではよくあること。	뭘、광역 폭격에서는 흔한 일。
3736	1	それより、なんと言ったかな？	그보다、뭐라고 했더라？
3737	1	そう、その者だ。	그래、그 자다。
3738	1	いや～、	아이고～、
3739	1	な、な、なななんのことやら	무、무、무무무슨 소린지
3740	1	以前、	이전에、
3741	1	ええと、そんなことありましたっけ？	그러니까、그런 일이 있었던가요？
3742	1	さては、	그렇다면、
3743	1	ワクチンの件でお世話になったのは	백신 건으로 신세 진 것은
3744	1	そうですか・・・わかりました。	그렇습니까・・・알겠습니다。
3745	1	（どがーん！）	（콰앙！）
3746	1	・・・東の村も炎上している。	・・・동쪽 마을도 불타고 있다。
3747	1	でも・・・	그래도・・・
3748	1	そんな顔するなよ。	그런 얼굴 하지 마라。
3749	1	（さて、行くんは天国か地獄か？	（자、가는 건 천국인가 지옥인가？
3750	1	おい、ゲリラだ！	어이、게릴라다！
3751	1	やっつけろ！	해치워라！
3752	1	爆撃は終わっているみたいだな。	폭격은 끝난 모양이군。
3753	1	よし、これだ！	좋아、이거다！
3754	1	ああ、それなら真っ先に	아아、그거라면 제일 먼저
3755	1	そこまでだ！	거기까지다！
3756	1	わっ、何だおまえたちは？！	왓、뭐냐 너희들은？！
3757	1	結構、簡単な任務だったでやんすね。	제법、간단한 임무였습죠。
3758	1	（ヒュン！ヒュン！ヒュン！）	（휙！휙！휙！）
3759	1	武装ヘリでやんす！	무장 헬기입죠！
3760	1	ゲリラ討伐に、	게릴라 토벌에、
3761	1	宇宙船で脱出するぞ！	우주선으로 탈출한다！
3762	1	上空に	상공에
3763	1	なに！？	뭐！？
3764	1	あ、戦闘機を繰り出してきたでやんす！	아、전투기를 내보냈습죠！
3765	1	くそ、逃げ切るぞ！	젠장、빠져나간다！
3766	1	ええっ、	에엣、
3767	1	味方の部隊を犠牲にしたあげく、	아군 부대를 희생시킨 끝에、
3768	1	・・・君ねぇ。	・・・자네 말이야。
3769	1	ここは宇宙港の宇宙船の中。	여기는 우주항의 우주선 안。
3770	1	・・・私の仲間はどうなった？	・・・내 동료는 어떻게 됐나？
3771	1	山岳地帯でまだ戦闘は続いてる。	산악 지대에서 아직 전투는 계속되고 있다。
3772	1	・・・・・・それでも、戻りたい。	・・・・・・그래도、돌아가고 싶다。
3773	1	すまないな。	미안하군。
3774	1	これから、	이제부터、
3775	1	あ、司令部から通信だ。	아、사령부에서 통신이다。
3776	1	至急、司令部に集まってくれ。	급히、사령부로 모여 줘。
3777	1	あ、緊急メールを受信したぞ。	아、긴급 메일을 수신했다。
3778	1	至急、	급히、
3779	1	大変なことになったでやんす・・・	큰일이 났습죠・・・
3780	1	ちょ、ちょっと	자、잠깐
3781	1	・・・そうかな。	・・・그럴까。
3782	1	まったく、強情な連中です。	정말、고집 센 녀석들입니다。
3783	1	病気で死ぬ	병으로 죽는
3784	1	おかげで、	덕분에、
3785	1	見逃せないショーの始まりでやんす。	놓칠 수 없는 쇼의 시작입죠。
3786	1	それにしては数が多すぎるでやんす。	그치고는 수가 너무 많습죠。
3787	1	押すな！	밀지 마라！
3788	1	順番を守れ！	순서를 지켜라！
3789	1	避難用の宇宙船はまだなのか？！	피난용 우주선은 아직인가？！
3790	1	俺たちの乗る船は、	우리가 탈 배는、
3791	1	迎撃の宇宙船は？	요격 우주선은？
3792	1	武装しているものを全て向かわせましたがあの要塞を止めることなど・・・	무장한 것을 전부 보냈습니다만 저 요새를 막는 것 따위・・・
3793	1	引き続き市民の避難作業を進めてくれ。	계속해서 시민 피난 작업을 진행해 줘。
3794	1	なんか、大変なことになったでやんすね。	뭔가、큰일이 났습죠。
3795	1	・・・いよいよだ。	・・・드디어다。
3796	1	この船を設計した時、こういう時が	이 배를 설계할 때、이런 때가
3797	1	そういえば、この船は	그러고 보니、이 배는
3798	1	・・・・・・・・・まあな。	・・・・・・・・・뭐 그렇지。
3799	1	どうやら、キャプテン	아무래도、선장
3800	1	わが身を盾にするつもりで	제 몸을 방패로 삼을 생각으로
3801	1	くだらんヒロイズムだ。	하찮은 영웅주의다。
3802	1	えっ、これは・・・	엣、이건・・・
3803	1	なにぃい？！	뭐어어？！
3804	1	こんな仕掛けがしてあったなんて・・・	이런 장치가 돼 있었다니・・・
3805	1	それは無敵弾のコース次第だ。	그건 무적탄의 코스 나름이다。
3806	1	でも、惑星すら貫通する	그래도、행성조차 관통하는
3807	1	バットじゃなく、発生させた	배트가 아니라、발생시킨
3808	1	あの、まさかこれは・・・	저기、설마 이건・・・
3809	1	クックックック・・・	크크크크・・・
3810	1	・・・回避モードを切れ。	・・・회피 모드를 꺼라。
3811	1	大統領？！	대통령？！
3812	1	うるさい、わたしは大統領だぞ？！	시끄럽다、나는 대통령이란 말이다？！
3813	1	だ、大統領～！！！	대、대통령～！！！
3814	1	（ドガガガガ・・・）	（콰가가가가・・・）
3815	1	だから、回避しろと	그러니까、회피하라고
3816	1	・・・ふふふ、勝ったな。	・・・후후후、이겼군。
3817	1	な、なにを言ってるんでやんす！？	무、무슨 소리입죠！？
3818	1	大統領・・・	대통령・・・
3819	1	あ、そういえば大統領は	아、그러고 보니 대통령은
3820	1	だから、コースは予測できたんだ。	그러니까、코스는 예측할 수 있었다。
3821	1	ああ・・・それと。	아아・・・그리고。
3822	1	対立派閥に属する	대립 파벌에 속한
3823	1	ええい、	에잇、
3824	1	で、ですが・・・	하、하지만・・・
3825	1	いやあ、白々しいですなぁ。	아이고、속 보이는군요。
3826	1	ちがう！	아니다！
3827	1	んん～？	으음～？
3828	1	（・・・通信終了）	（・・・통신 종료）
3829	1	あ、あの野郎・・・	저、저 자식・・・
3830	1	（・・・オーブール王宮・・・）	（・・・오브르 왕궁・・・）
3831	1	ああ、本日姫様と	아아、오늘 공주님과
3832	1	しかし、それが１０００トン級の	하지만、그게 １０００Ｔ급의
3833	1	まったく、企業のトップは見え張りで	정말、기업 수뇌는 허세가 심해서
3834	1	なんだ、何事だ？	뭐냐、무슨 일이냐？
3835	1	（ダダダダダ！）	（다다다다다！）
3836	1	よし、突入！	좋아、돌입！
3837	1	どうした、何事か！？	무슨 일이냐、무슨 일인가！？
3838	1	王宮前宇宙港に着陸した	왕궁 앞 우주항에 착륙한
3839	1	そ、それが・・・	그、그게・・・
3840	1	（ざわざわざわ）	（웅성웅성웅성）
3841	1	これは、なんの騒ぎだ？	이건、무슨 소란이냐？
3842	1	大変でやんす、王宮のあたりで	큰일입죠、왕궁 근처에서
3843	1	戦争？！	전쟁？！
3844	1	大気圏外から、ビームで撃たれてる	대기권 밖에서、빔으로 맞고 있다
3845	1	司令！	사령관！
3846	1	これはウワサの	이건 소문의
3847	1	状況はわかりました。	상황은 알겠습니다。
3848	1	改造生物ですって？！	개조 생물이라고요？！
3849	1	姫様、水中移動は危険です。	공주님、수중 이동은 위험합니다。
3850	1	オイラたち、どうするでやんす？	우리、어떻게 합죠？
3851	1	でも、どうやって行くんでやんす？	그래도、어떻게 갑죠？
3852	1	まっすぐに王宮へ飛べば狙い撃ちだな。	곧장 왕궁으로 날면 표적이 되겠군。
3853	1	そんなのムチャでやんす！	그건 무리입죠！
3854	1	時間が多少かかるが他に手はない。	시간이 다소 걸리지만 달리 방법이 없다。
3855	1	３番艦と４番艦が離脱しましたが、	３번함과 ４번함이 이탈했습니다만、
3856	1	よーし、これで一息つけるな。	좋아、이걸로 한숨 돌리겠군。
3857	1	民間船か？	민간선인가？
3858	1	はい、ええと・・・・・・・・	네、그러니까・・・・・・・・
3859	1	ラッキーだ、	운이 좋다、
3860	1	それにしても・・・	그건 그렇고・・・
3861	1	だが、反応が鈍い。	하지만、반응이 둔하다。
3862	1	ええい！	에잇！
3863	1	（ああ・・・なんということ。）	（아아・・・이런 일이。）
3864	1	おい、そこで何をしている！	어이、거기서 뭘 하고 있나！
3865	1	フン、邪魔者は片付いたか。	흥、방해꾼은 치웠나。
3866	1	ハッ、了解しました！	옛、알겠습니다！
3867	1	あ、お姫様！	아、공주님！
3868	1	私の死は、どうか内密に。	제 죽음은、부디 비밀로。
3869	1	姫様、しっかりしてください！	공주님、정신 차리세요！
3870	1	よし、頼んだぞ！	좋아、부탁한다！
3871	1	毒を飲んだね？	독을 마셨지？
3872	1	期待しているから、	기대하고 있으니까、
3873	1	くそ、結局	젠장、결국
3874	1	・・・間に合わなかったか。	・・・늦었나。
3875	1	・・・今回の	・・・이번
3876	1	おお、姫様は無事でなによりだったな。	오오、공주님이 무사해서 다행이군。
3877	1	それにしても	그건 그렇고
3878	1	みんな、あれがホログラムだとは	다들、저게 홀로그램이라고는
3879	1	しばらく、	당분간、
3880	1	（死んでからも、その姿が	（죽고 나서도、그 모습이
3881	1	・・・・・・そうか。	・・・・・・그런가。
3882	1	足らないっすよおぉぉぉぉ！	모자라다고요오오오오！
3883	1	よし！街の方に向かおう！	좋아！거리 쪽으로 가자！
3884	1	ごめんね。売り切れちゃったよ。	미안해。다 팔렸어。
3885	1	よし！宇宙港へ戻ろう！	좋아！우주항으로 돌아가자！
3886	1	私は顔を変えましたよ！	저는 얼굴을 바꿨어요！
3887	1	私はまだ顔を変えていませんよ！！	저는 아직 얼굴을 안 바꿨어요！！
3888	1	じゃあ、任せてもいいかな？	그럼、맡겨도 될까？
3889	1	ああ！僕に任せてくれ！	아아！나에게 맡겨 줘！
3890	1	ああ！頼んだぞ！	아아！부탁한다！
3891	1	うお！目にゴミが！！	우오！눈에 티가！！
3892	1	お兄さ～ん。	오빠아～。
3893	1	遅いなあ。	늦네。
3894	1	違いますよ！	아닙니다！
3895	1	ここは我慢だ。	여긴 참아야 한다。
3896	1	ここは我慢だ！	여긴 참아야 한다！
3897	1	ここは我慢しよう。	여긴 참자。
3898	1	こんなのやってられるか！	이런 걸 하고 있을 수 있나！
3899	1	大して何もなかったなあ。	별일 없었네。
3900	1	次はしっかりしてください！	다음엔 제대로 해주세요！
3901	1	今のが最後でしたね。	방금 게 마지막이었네요。
3902	1	はあはあはあ・・・・・。	하아하아하아・・・・・。
3903	1	ふう～。あぶなかったでやんすね～。	휴～。위험했습죠～。
3904	1	そう思っているなら、	그렇게 생각한다면、
3905	1	じゃあ、今日は真ん中付近まで行こうか。	그럼、오늘은 중간 부근까지 갈까。
3906	1	目が乾いてきたぞおおおおおおお！	눈이 마르기 시작했다아아아아아아！
3907	1	正解です。	정답입니다。
3908	1	では本番に参りましょう！	그럼 본무대로 가시죠！
3909	1	じゃあ、今日はじっとしていよう。	그럼、오늘은 가만히 있자。
3910	1	じゃあ、今日はこの付近で探そうか。	그럼、오늘은 이 부근에서 찾을까。
3911	1	このまま隠れていよう。	이대로 숨어 있자。
3912	1	じゃあ、今日は少し先まで行こうか。	그럼、오늘은 조금 앞까지 갈까。
3913	1	（ガブリ！！）	（덥석！！）
3914	1	逆に	반대로
3915	1	次だ！来い！	다음이다！와라！
3916	1	次で最後だ！	다음이 마지막이다！
3917	1	正解です！	정답입니다！
3918	1	では次にまいりましょう！	그럼 다음으로 가시죠！
3919	1	おや？今のが最後でしたね。	이런？방금 게 마지막이었네요。
3920	1	・・・・・・・・・ん？	・・・・・・・・・응？
3921	1	ただの箱でやんす。	그냥 상자입죠。
3922	1	そりゃ、そうだろね。	그야、그렇겠지。
3923	1	ん～。サンポ～。	으～음。산책～。
3924	1	オッケ～！	오케이～！
3925	1	まっだまっだ来るよ～	아직 아직 온다～
3926	1	こんな状況で楽しむなあ～！	이런 상황에서 즐기지 마～！
3927	1	ああああああ！	아아아아아아！
3928	1	い、いま目を逸らしましたね！	지、지금 눈을 돌리셨죠！
3929	1	す、すみません。	죄、죄송합니다。
3930	1	わ、わかりました。	아、알겠습니다。
3931	1	このまま逃げよう。	이대로 도망치자。
3932	1	じゃあ、ゆっくりと気付かれないように	그럼、천천히 들키지 않게
3933	1	こんな奴と戦っていられるか～！	이런 녀석과 싸우고 있을 수 있나～！
3934	1	逃げるでやんす！	도망칩죠！
3935	1	こんな時にウマい事を言わなくてもいい！	이런 때에 말장난 안 해도 된다！
3936	1	（ダダダダダダダ！）	（다다다다다다다！）
3937	1	今はないわ。	지금은 없어。
3938	1	ああ、頼んだぞ。	아아、부탁한다。
3939	1	少し赤くなっているな。	조금 붉어졌군。
3940	1	しかも、同じ攻撃でこの回数とは	게다가、같은 공격으로 이 횟수라니
3941	1	は、はい。そうです。	네、네。그렇습니다。
3942	1	じゃあ、これを一本だけ、	그럼、이걸 한 개만、
3943	1	・・・・・・・・ウホッ！	・・・・・・・・우훗！
3944	1	今日はやめておこう。	오늘은 그만두자。
3945	1	俺達を捕まえられないと思って、	우리를 못 잡을 거라 생각하고、
3946	1	本当にいい迷惑でやんす！	정말 민폐입죠！
3947	1	ああ、まったくだ。	아아、정말이다。
3948	1	ちょうど、	마침、
3949	1	４回以上正解で合格です。	４회 이상 정답이면 합격입니다。
3950	1	その条件で買おう。	그 조건으로 사지。
3951	1	ぐはっ！	커헉！
3952	1	それぐらいで俺が倒せるか！	그 정도로 내가 쓰러지겠나！
3953	1	俺達をなめるなよ！まだ居るぞ！	우리를 얕보지 마라！아직 있다！
3954	1	まとめて倒してやるから、かかって来い！	한꺼번에 쓰러뜨려 줄 테니、덤벼라！
3955	1	目を閉じよう！	눈을 감자！
3956	1	では今日も私に敏感になってください。	그럼 오늘도 저에게 민감해져 주세요。
3957	1	では、もう一度やりますよ！	그럼、한 번 더 하겠습니다！
3958	1	ダメです！ダメです！	안 됩니다！안 됩니다！
3959	1	は、はあ・・・・・。	하、하아・・・・・。
3960	1	もっと頑張ってください！	더 힘내 주세요！
3961	1	おお！やっと見つけたんだ！	오오！드디어 찾았다！
3962	1	まだまだですね。	아직 멀었네요。
3963	1	う、腕と足が痛い・・・・・・・。	으、팔이랑 다리가 아파・・・・・・・。
3964	1	それは美しくないからですよ！	그건 아름답지 않으니까요！
3965	1	は、はい・・・・・・・。	네、네・・・・・・・。
3966	1	いらっしゃいませご主人様	어서 오세요 주인님
3967	1	どうやら向こうは、	아무래도 저쪽은、
3968	1	では練習してみましょう。	그럼 연습해 보죠。
3969	1	（ガン！）	（쾅！）
3970	1	そろそろ疲れてきた。	슬슬 지치기 시작했다。
3971	1	よ、よいオトコ・・・・・・。	조、좋은 사나이・・・・・・。
3972	1	今日はどうするっすか？	오늘은 어떻게 해요？
3973	1	船は大ダメージを受けたでやんすよ！	배가 큰 손상을 입었습죠！
3974	1	海賊はどうした！	해적은 어떻게 됐나！
3975	1	この船の積荷を奪った後、	이 배의 적재물을 빼앗은 뒤、
3976	1	神のデバッグです。	신의 디버그입니다。
3977	1	ふう。なんとか撃退したぞ。	휴。그럭저럭 격퇴했다。
3978	1	相変わらず、ここは無法地帯でやんす！	여전히、여기는 무법지대입죠！
3979	1	リコちゃんのデバッグだよ～。	리코의 디버그야～。
3980	1	小さいでやんすが、	작습죠만、
3981	1	そんなスピードじゃ、もう遅い・・・・・	그런 속도로는、이미 늦었다・・・・・
3982	1	（ブオーーーーン！！）	（부우우우웅！！）
3983	1	た、たすかったああああ！	사、살았다아아아아！
3984	1	当たらなかったでやんす・・・・・・。	안 맞았습죠・・・・・・。
3985	1	今日は、もう戻ろうか	오늘은、이제 돌아갈까
3986	1	今日もこの中を探索するでやんす！	오늘도 이 안을 탐색합죠！
3987	1	てやっ！	얏！
3988	1	よっしゃああ！	좋았어어！
3989	1	今度も左の道と真っ直ぐの道に	이번에도 왼쪽 길과 직진 길로
3990	1	あの～。	저기～。
3991	1	ああ、貴方はあの時の。	아아、당신은 그때의。
3992	1	なんかムカツクな・・・・・・・。	뭔가 열받네・・・・・・・。
3993	1	人間でない者に興味はない！	인간이 아닌 자에겐 흥미 없다！
3994	1	な、なんで、	어、어째서、
3995	1	しかも、かなり大きいでやんす！	게다가、꽤 큽죠！
3996	1	そんなこと言っても、もう肉眼で見えてる	그런 말 해도、이미 육안으로 보인다
3997	1	帰ってきてないでやんすよ。	안 돌아왔습죠。
3998	1	仕方がない・・・・・・・あきらめよう。	어쩔 수 없다・・・・・・・포기하자。
3999	1	待たないでやんすか！	안 기다립죠！
4000	1	もう、かなりの時間が経った。	이미、꽤 시간이 지났다。
4001	1	わかったでやんす・・・・・・・。	알겠습죠・・・・・・・。
4002	1	ぎゃあああああああ！	갸아아아아아아아！
4003	1	それは無理だ！	그건 무리다！
4004	1	え？俺の選択肢は？	에？내 선택지는？
4005	1	いや、だから・・・・・・	아니、그러니까・・・・・・
4006	1	ダメだ！危険過ぎる！	안 된다！너무 위험하다！
4007	1	そうか。わかった。	그런가。알겠다。
4008	1	では、行きます！	그럼、갑니다！
4009	1	それでも向かってみるか。	그래도 가 볼까。
4010	1	おー！でやんす！	오오！입죠！
4011	1	あたしにとっては好きな人と同じ事をして	나에게는 좋아하는 사람과 같은 일을 해서
4012	1	そんな事を言わずに一人でやってろ！	그런 말 말고 혼자서 해라！
4013	1	いらっしゃい。お兄さん	어서 와요。오빠
4014	1	今回も流れて来るクリスタルを割って	이번에도 흘러오는 크리스탈을 깨서
4015	1	どうでやんすか？	어떻습죠？
4016	1	思った通り、これは他で使用されてるのと	생각한 대로、이건 다른 데서 쓰이는 것과
4017	1	じゃあ、これをあの人から買えばいいで	그럼、이걸 그 사람에게서 사면 되
4018	1	わかったわ！！	알겠어！！
4019	1	って	라니
4020	1	ん～。サンポー！	으～음。산책！
4021	1	俺達は必死でワクチンを探しているって	우리는 필사적으로 백신을 찾고 있다는
4022	1	まあ、いいけどな。	뭐、상관없지만。
4023	1	ん～。	으～음。
4024	1	（ゴゴゴゴゴ・・・・）	（고고고고고・・・・）
4025	1	た、大変でやんす！	크、큰일입죠！
4026	1	な、なんだってーーー！	뭐、뭐라고～！
4027	1	かなり奥まで来たでやんすが、	꽤 안쪽까지 왔습죠만、
4028	1	仕方がないよ。	어쩔 수 없어。
4029	1	そうでやんすね	그렇습죠
4030	1	何かあるでやんす！	뭔가 있습죠！
4031	1	仕方がないなあ・・・・・。	어쩔 수 없네・・・・・。
4032	1	あれは	저건
4033	1	そうか！	그런가！
4034	1	（船を修理してもらいました）	（배를 수리받았습니다）
4035	1	小惑星に隠れていたから、	소행성에 숨어 있었으니까、
4036	1	限界が近いな・・・・・。	한계가 가깝군・・・・・。
4037	1	大丈夫でやんす！	괜찮습죠！
4038	1	心の中の友情を燃やして、	마음속 우정을 불태워서、
4039	1	さあ、進むでやんす～！	자、나아갑죠～！
4040	1	うおおおおおおお！	우오오오오오오오！
4041	1	そろそろ戻ろうか	슬슬 돌아갈까
4042	1	まあ、こんな日もあるさ。	뭐、이런 날도 있지。
4043	1	ダメです！美しくないです！	안 됩니다！아름답지 않습니다！
4044	1	き、気持ちなんか関係ないんじゃあ。	기、기분 따위 상관없잖아。
4045	1	そんな事を言っているようじゃあ、	그런 소리를 하고 있어서는、
4046	1	では今回は失敗という事で。	그럼 이번엔 실패로 하죠。
4047	1	たぶん、襲う船を探しているでやんす！	아마、덮칠 배를 찾고 있습죠！
4048	1	本当に迷惑な奴らだ。	정말 민폐인 녀석들이군。
4049	1	今だ！	지금이다！
4050	1	うわあああああでやんす！	우와아아아아입죠！
4051	1	はあはあはあ！	하아하아하아！
4052	1	あれじゃあ、近づけないでやんす。	저래서는、다가갈 수 없습죠。
4053	1	諦めた方がいいな。	포기하는 게 좋겠군。
4054	1	逃げよう！	도망치자！
4055	1	というわけで、全速前進！！	그런 이유로、전속 전진！！
4056	1	・・・・・・・・・・・あっ！	・・・・・・・・・・・앗！
4057	1	いい加減、諦めたらどうだ？	이제 그만、포기하는 게 어떠냐？
4058	1	い、いやだ。	시、싫다。
4059	1	（ポイッ！）	（툭！）
4060	1	ダメだ！	안 된다！
4061	1	な、なんの事だ。	무、무슨 소리냐。
4062	1	アイツじゃ俺を満足させる事はできん！	그 녀석으로는 나를 만족시킬 수 없다！
4063	1	な、なにを言っているんだ！	무、무슨 소리를 하는 거냐！
4064	1	次は頼むぞ	다음엔 부탁한다
4065	1	何をだ・・・・・・・・・。	뭘 말이냐・・・・・・・・・。
4066	1	ダ、ダメだ	아、안 된다
4067	1	誰でやんすか！美しい魚と言った奴は！	누굽죠！아름다운 물고기라고 한 녀석은！
4068	1	この星の人からしてみれば、	이 별 사람 입장에서 보면、
4069	1	ど、どこに？	어、어디에？
4070	1	ど、どうした？	무、무슨 일이냐？
4071	1	まあ、いいだろう。	뭐、좋다。
4072	1	おい・・・・・・・。	어이・・・・・・・。
4073	1	あんな感じも、たまにはＯＫだ。	저런 느낌도、가끔은 ＯＫ다。
4074	1	く、食べ物の話・・・・・だよな？	으、음식 얘기・・・・・지？
4075	1	（ゴン！！）	（쿵！！）
4076	1	かすっただけなのに揺れるでやんす！！	스쳤을 뿐인데 흔들립죠！！
4077	1	かすっただけなので、	스쳤을 뿐이라서、
4078	1	そ、そうだね。	그、그렇네。
4079	1	戻るでやんす・・・・・・。	돌아갑죠・・・・・・。
4080	1	申し訳ありません。	죄송합니다。
4081	1	そうか。私を受け入れる気になったか。	그런가。나를 받아들일 마음이 들었나。
4082	1	受け入れる？	받아들인다？
4083	1	理由はなんだっていい。	이유는 뭐든 좋다。
4084	1	俺はどこにも飛び込む気なんてないけど。	나는 어디에도 뛰어들 생각 없는데。
4085	1	怖がる事はない。	무서워할 것 없다。
4086	1	だ、大丈夫なんだろうか？	괘、괜찮은 걸까？
4087	1	お宝があったでやんす！	보물이 있었습죠！
4088	1	へえ～。こんな事もあるんだなあ。	헤에～。이런 일도 있구나。
4089	1	来て良かったでやんす！	오길 잘했습죠！
4090	1	さあ！見てくれ！	자！봐 줘！
4091	1	ちょ！ちょっと近い	자！잠깐 가까
4092	1	さあ！僕も見てくれ！	자！나도 봐 줘！
4093	1	なんでアンタまで混ざってくるんだよ！	어째서 당신까지 끼어드는 거야！
4094	1	うわあああでやんす！	우와아아아입죠！
4095	1	追い着いて来たな！	따라잡았군！
4096	1	無理と言っているだろう。	무리라고 하잖나。
4097	1	それは俺のセリフじゃないのか？	그건 내 대사 아닌가？
4098	1	主導権はいつだって俺だ。	주도권은 언제나 나다。
4099	1	おいおい・・・・・・・。	어이어이・・・・・・・。
4100	1	うわあああああでやんす～！	우와아아아아입죠～！
4101	1	くそっ！数が多いな！	젠장！수가 많군！
4102	1	くそ！ここは突っ込むぞ！	젠장！여긴 돌진한다！
4103	1	いいオトコォォォォォオ！	좋은 사나이이이이이이！
4104	1	まかせろハンサム！	맡겨라 핸섬！
4105	1	現在、	현재、
4106	1	一トンあたり	１톤당
4107	1	ありがとう、ございます！	감사、합니다！
4108	1	やっぱりダメだ！危険過ぎる！	역시 안 된다！너무 위험하다！
4109	1	そうか・・・・・・・わかった。	그런가・・・・・・・알겠다。
4110	1	未確認飛行人間が！	미확인 비행 인간이！
4111	1	また現れたのか？	또 나타났나？
4112	1	近づいてくるでやんす！	다가옵죠！
4113	1	な、なにーーー！	뭐、뭐라고～！
4114	1	本当に何を食ったら、	정말 뭘 먹으면、
4115	1	俺達みたいなのを食べてるから	우리 같은 걸 먹고 있으니까
4116	1	とっとと、ここから逃げるでやんすよ！	얼른、여기서 도망칩죠！
4117	1	（バタ！）	（털썩！）
4118	1	お、お前ら何者だ！	너、너희들 누구냐！
4119	1	あたしの基地より、小さいね。	내 기지보다、작네。
4120	1	どこかで見たような	어디서 본 것 같은
4121	1	誰が破壊神だ！	누가 파괴신이냐！
4122	1	俺はワクチンを買いにきただけだ！	나는 백신을 사러 왔을 뿐이다！
4123	1	い、いや、	아、아니、
4124	1	・・・・チン？	・・・・친？
4125	1	小さかったから、	작았으니까、
4126	1	そ、それでもとりあえず	그、그래도 일단
4127	1	結果は同じじゃないか！	결과는 같잖아！
4128	1	そこから始まる愛もありじゃないか？	거기서 시작되는 사랑도 있지 않나？
4129	1	お、おい！なんの話だ？	어、어이！무슨 얘기냐？
4130	1	なにを言っているでやんすか・・・・・。	무슨 소리를 하는 겁죠・・・・・。
4131	1	妖精は愛の化身さ。	요정은 사랑의 화신이야。
4132	1	船はダメージを受けて、	배는 손상을 입어서、
4133	1	海賊はどうしたんだ！	해적은 어떻게 됐나！
4134	1	素早い行動で積荷を奪った後、	재빠른 행동으로 적재물을 빼앗은 뒤、
4135	1	ぎゃあ～！行き止まりでやんす～！	갸아～！막다른 길입죠～！
4136	1	なんか理由があって作ったんだろう。	뭔가 이유가 있어서 만들었겠지。
4137	1	わかってるさ！	알고 있어！
4138	1	何を見ているんだ？	뭘 보고 있나？
4139	1	これはお前の趣味なのか？	이건 네 취미인가？
4140	1	何の話をしているんだ？	무슨 얘기를 하고 있나？
4141	1	誤魔化さなくていい。	얼버무리지 않아도 된다。
4142	1	いや、俺は何も	아니、나는 아무것도
4143	1	俺がこの旅でお前を正しい道に	내가 이 여행에서 너를 올바른 길로
4144	1	その響きはなんか嫌だ・・・・・。	그 어감은 뭔가 싫다・・・・・。
4145	1	ほ、ほぼ半壊でやんす。	거、거의 반파입죠。
4146	1	じゃ、じゃあ、戻ろうか。	그、그럼、돌아갈까。
4147	1	一刻も早く、	한시라도 빨리、
4148	1	なんで宇宙船の周りを飛び回って	어째서 우주선 주위를 날아다니며
4149	1	・・・・・・・・・ッ！	・・・・・・・・・윽！
4150	1	ふむ、合格だ。	흠、합격이다。
4151	1	何がだ・・・・・・・。	뭐가 말이냐・・・・・・・。
4152	1	そりゃね。	그야。
4153	1	なんでウットリしているんだよ。	어째서 넋을 놓고 있는 거야。
4154	1	・・・・な、なんだよ？	・・・・뭐、뭐야？
4155	1	ふむ。やはり、お前だな。	흠。역시、너로군。
4156	1	何がやはりなんだ？	뭐가 역시라는 거냐？
4157	1	他の奴ではダメだ。	다른 녀석으로는 안 된다。
4158	1	ナニイッテンダ？	무슨 소리냐？
4159	1	これから先は長いんだ。	앞으로 갈 길이 멀다。
4160	1	す、すぐに	다、당장
4161	1	なかなか、やるじゃないですか！	제법、하시네요！
4162	1	初心者用じゃないのかよ・・・・・。	초보자용 아니었냐・・・・・。
4163	1	それでは合格した貴方には、	그럼 합격하신 당신에게는、
4164	1	それではこれからも、	그럼 앞으로도、
4165	1	ここは道が一つしかないでやんす！	여긴 길이 하나뿐입죠！
4166	1	出口が一つしかないから、	출구가 하나뿐이니까、
4167	1	でも、道がわからないでやんすよ！	그래도、길을 모르겠습죠！
4168	1	だからって、ここに止まっていても	그렇다고、여기 멈춰 있어도
4169	1	そうでやんすが・・・・・・。	그렇습죠만・・・・・・。
4170	1	チッ！また出てきやがった！	쳇！또 나왔군！
4171	1	あそこに船が見えないか？	저기 배가 보이지 않나？
4172	1	あっ！本当でやんす！	앗！정말입죠！
4173	1	あれは救難信号だな。	저건 구난 신호군。
4174	1	ここからじゃハッキリ見えないで	여기서는 확실히 안 보이
4175	1	いや、何でもないよ。	아니、아무것도 아니야。
4176	1	早く助けに行くでやんすよ！	빨리 구하러 갑죠！
4177	1	あたしの勝ちだよ！	내 승리야！
4178	1	ああ！お前の勝ちだ！	아아！네 승리다！
4179	1	だから約束通り、	그러니까 약속대로、
4180	1	疲れている暇は無いでやんす！	지쳐 있을 틈은 없습죠！
4181	1	死ぬ思いまでしたのに、何の収穫も無いで	죽을 뻔했는데、아무 수확도 없
4182	1	た、倒した・・・・・。	쓰、쓰러뜨렸다・・・・・。
4183	1	おや？包帯の所に何かあるぞ！	이런？붕대 있는 곳에 뭔가 있다！
4184	1	美しい宝石には霊が宿ると聞くでやんす。	아름다운 보석에는 영이 깃든다고 듣습죠。
4185	1	かもね。	그럴지도。
4186	1	えっ？いや、そういうわけじゃ・・・・	엣？아니、그런 건・・・・
4187	1	それじゃあ、ダメだあああああ！	그래서는、안 된다아아아아！
4188	1	い、いや、そんな事はちっとも・・・・・	아、아니、그런 건 조금도・・・・・
4189	1	人と話す時は、相手の腹筋、	사람과 얘기할 때는、상대의 복근、
4190	1	目じゃないのか。	눈 아닌가。
4191	1	貴方にこれを贈呈しよう。	당신에게 이걸 증정하지。
4192	1	じゃあ、今度の会う時を楽しみに	그럼、다음에 만날 때를 기대하며
4193	1	それじゃあ、ダメなんだ。	그래서는、안 된다。
4194	1	で、でも・・・・・・・	그、그래도・・・・・・・
4195	1	大丈夫だ！	괜찮다！
4196	1	えっ？どうしてでやんすか？	엣？어째서입죠？
4197	1	ほら、聞こえるだろ？	봐라、들리지？
4198	1	どんどん音が大きくなってきているで	점점 소리가 커지고 있
4199	1	見過ぎだ！	너무 본다！
4200	1	おう！	오냐！
4201	1	こっちを見て、ウットリするな。	이쪽을 보고、넋 놓지 마라。
4202	1	だから見過ぎだって・・・・・・。	그러니까 너무 본다니까・・・・・・。
4203	1	このパーティーは、	이 파티는、
4204	1	見過ぎだ！見過ぎ！	너무 본다！너무 봐！
4205	1	美しい物というものは、	아름다운 것이란、
4206	1	「もの」という言い方が	「것」이라는 표현이
4207	1	しかし、安心しろ。	하지만、안심해라。
4208	1	あ、安心できない・・・・・・。	아、안심 못 하겠다・・・・・・。
4209	1	さ、さすがですね！	여、역시네요！
4210	1	なぜですか？	어째서인가요？
4211	1	私に美しいと思わせるなんてえええ！	나에게 아름답다고 생각하게 하다니이이이！
4212	1	は、はあ。そうですか。	하、하아。그렇습니까。
4213	1	が、しかし、美しい事は称えられて	하、하지만、아름다운 것은 칭송받아
4214	1	では、これに慢心せず、これからも	그럼、이에 자만하지 말고、앞으로도
4215	1	逃げるぞ！	도망친다！
4216	1	どうやって逃げるでやんすか！	어떻게 도망칩죠！
4217	1	こんな時の為に・・・・・・・。	이런 때를 위해・・・・・・・。
4218	1	なんでやんすかそれ？	뭡죠 그건？
4219	1	お腹が空いた時に食べようと思っていたん	배고플 때 먹으려고 했던
4220	1	（ポイッ！！）	（툭！！）
4221	1	奴らがあれに群がっている間に逃げよう！	저 녀석들이 저기 몰려 있는 사이에 도망치자！
4222	1	引き伸ばされて、千切られて、	늘어나고、찢기고、
4223	1	ここに居たら、俺達もあんな風になるぞ！	여기 있으면、우리도 저렇게 된다！
4224	1	ぐっ	큭
4225	1	やった！これで親分は！	해냈다！이걸로 두목은！
4226	1	ちょっとしっかりしてよ！	좀 정신 차려！
4227	1	親分・・・・・・全ては終わりました。	두목・・・・・・모든 게 끝났습니다。
4228	1	・・・・・・・いいたい事はそれだけ？	・・・・・・・하고 싶은 말은 그게 다야？
4229	1	あたしはおもしろい事が好きなの。	나는 재미있는 일을 좋아해。
4230	1	だから、これからは・・・・・・・	그러니까、앞으로는・・・・・・・
4231	1	これはおもしろくないよ・・・・・・。	이건 재미없어・・・・・・。
4232	1	（ブン！）	（붕！）
4233	1	これで、もう終わりかあ～。	이걸로、벌써 끝인가～。
4234	1	そうですか？	그런가요？
4235	1	じゃあ、全力前進！	그럼、전력 전진！
4236	1	どこへ行くんですか？	어디로 가는 겁니까？
4237	1	おもしろい事がある方に	재미있는 일이 있는 쪽으로
4238	1	お疲れ様です。	수고하셨습니다。
4239	1	お、終わり？	끄、끝？
4240	1	そ、そうなのか？	그、그런가？
4241	1	貴方は３	당신은 ３
4242	1	ポイントゲットしたので、	포인트 획득했으니、
4243	1	ワ、ワクチン、２トンだ！	배、백신、２톤이다！
4244	1	いえいえ、これからも	아뇨아뇨、앞으로도
4245	1	ナイスオトコ！	나이스 사나이！
4246	1	グホッ！	커헉！
4247	1	お前じゃない！	너가 아니다！
4248	1	グハッ！	커학！
4249	1	どいつもこいつも俺の興味がない顔ばかり	이놈도 저놈도 내 흥미가 없는 얼굴뿐
4250	1	おい！お前！	어이！너！
4251	1	だから、お前らじゃないと言っている	그러니까、너희들이 아니라고 하잖
4252	1	ゴファーーー！	고파아아！
4253	1	さあ！出て来い！	자！나와라！
4254	1	待って。	기다려。
4255	1	なんで止めるんだよ	어째서 말리는 거야
4256	1	この状況って	이 상황은
4257	1	えっ？お前、何を言っているんだ？	엣？너、무슨 소리를 하는 거냐？
4258	1	巨大サソリに囲まれて絶体絶命状態。	거대 전갈에 둘러싸여 절체절명 상태。
4259	1	だからなんだ？	그래서 뭐냐？
4260	1	あたし達も飛び込もう！！	우리도 뛰어들자！！
4261	1	ウソッ！	거짓말！
4262	1	じゃあ、全部倒しちゃえええええ！	그럼、전부 쓰러뜨려어어어어！
4263	1	無茶言うなああああああああああ！	무리한 소리 하지 마아아아아아아아아아！
4264	1	はあはあはあ・・・・・	하아하아하아・・・・・
4265	1	しゃべってる暇は無いでやんす！	떠들 틈은 없습죠！
4266	1	全員が疲れてしまったら、	전원이 지쳐 버리면、
4267	1	じゃあ、少しは手伝ってくれよ。	그럼、좀 도와줘。
4268	1	進むでやんす～！	나아갑죠～！
4269	1	誤魔化したな・・・・・・・。	얼버무렸군・・・・・・・。
4270	1	今度は右と左でやんす！	이번엔 오른쪽과 왼쪽입죠！
4271	1	よし！右だ！	좋아！오른쪽이다！
4272	1	よし！左だ！	좋아！왼쪽이다！
4273	1	誰が破壊神よ！	누가 파괴신이야！
4274	1	破壊神だ・・・・・・・。	파괴신이다・・・・・・・。
4275	1	まずいな。	곤란하군。
4276	1	・・・・・・という事はさ、	・・・・・・그렇다는 건 말이야、
4277	1	ああ、たぶんな。	아아、아마도。
4278	1	じゃあ、ここで一気に勝負をつけよう。	그럼、여기서 단숨에 승부를 내자。
4279	1	突っ込むよ	돌진한다
4280	1	も、もうどうにでもしてくれ！	이、이제 어떻게든 해줘！
4281	1	あっ・・・・・・・。	앗・・・・・・・。
4282	1	やっちゃった	저질러 버렸다
4283	1	・・・・・・くそっ！	・・・・・・젠장！
4284	1	（すまん・・・・・	（미안・・・・・
4285	1	そういえば、貴方は私のようになりたいん	그러고 보니、당신은 나처럼 되고 싶은
4286	1	は、はあ。そうですね。	하、하아。그렇네요。
4287	1	この美貌なら片手で一トンぐらい	이 미모라면 한 손으로 １톤 정도
4288	1	いえ、貴方は	아뇨、당신은
4289	1	だから、僕は人間に興味があるのさ。	그러니까、나는 인간에게 흥미가 있는 거야。
4290	1	ま、まともな事を言っているでやんす。	제、제대로 된 소리를 하고 있습죠。
4291	1	街から巨大な物が見えたから何かと思って	거리에서 거대한 게 보여서 뭔가 했더니
4292	1	お前はそれでいいのか？	너는 그걸로 괜찮은가？
4293	1	なにがいいんだ・・・・・。	뭐가 괜찮다는 거냐・・・・・。
4294	1	いや、待て。	아니、기다려。
4295	1	いま頭を悩ませている理由は	지금 머리를 앓고 있는 이유는
4296	1	素晴らしい！いや、オトコらしい！	훌륭하다！아니、사나이답다！
4297	1	や、やったあああ！	해、해냈다아아！
4298	1	では、これからも美しくなるように	그럼、앞으로도 아름다워지도록
4299	1	・・・・・・・はい。	・・・・・・・네。
4300	1	許さない。	용서 못 한다。
4301	1	えっ？なんて？	엣？뭐라고？
4302	1	聞こえなかったか？	못 들었나？
4303	1	なんで！	어째서！
4304	1	なんでって、	어째서라니、
4305	1	じゃあ、どうやったら・・・・・・・。	그럼、어떻게 하면・・・・・・・。
4306	1	俺に勝ったら許してやるよ！	나에게 이기면 용서해 주지！
4307	1	俺が勝ったら、俺はお前達を許さない。	내가 이기면、나는 너희들을 용서 안 한다。
4308	1	勝負だ！！	승부다！！
4309	1	オトコらしい。	사나이답다。
4310	1	この美貌なら、片手で一トンぐらい	이 미모라면、한 손으로 １톤 정도
4311	1	いえ、そうですね。	아뇨、그렇네요。
4312	1	大きかったねえ～。	컸네～。
4313	1	お、おもしろくないわい。	재、재미없구먼。
4314	1	あっ！飛んでいっちゃった	앗！날아가 버렸다
4315	1	お前が飛ばしたんだろう！	네가 날린 거잖아！
4316	1	（カンカラカラカラカラ！）	（깡그르르르르！）
4317	1	ま、まさか・・・・・・。	서、설마・・・・・・。
4318	1	う～ん。もう一匹いたみたいだね～。	으～음。한 마리 더 있었나 보네～。
4319	1	だから、しみじみ言うなあ～！	그러니까、담담하게 말하지 마～！
4320	1	前から思っていたでやんすが、	전부터 생각했습죠만、
4321	1	目の前に居るじゃないか！	눈앞에 있잖아！
4322	1	どう見ても人間でやんす！	아무리 봐도 인간입죠！
4323	1	じゃあ、僕の欲しい物は妖精らしく	그럼、내가 원하는 건 요정답게
4324	1	そんな事を言っているから、	그런 소리를 하고 있으니까、
4325	1	まさか、さっきと同じサイズのが出てくる	설마、아까와 같은 크기가 나오
4326	1	何が？どのへんが？	뭐가？어디가？
4327	1	やっぱり	역시
4328	1	突然、襲われたのはお前がアキカンを	갑자기、습격당한 건 네가 빈 캔을
4329	1	疲れたねえ～。さっさと街に戻ろうよ。	지쳤네～。얼른 거리로 돌아가자。
4330	1	なに言っているんだ？	무슨 소리냐？
4331	1	ステーキが出たら。	스테이크가 나오면。
4332	1	そんなわけっ・・・・・・・	그럴 리가・・・・・・・
4333	1	ちょっと！やめろ！	잠깐！그만해！
4334	1	お前、	너、
4335	1	じゃあ、俺は勝手にそう思っておくよ。	그럼、나는 멋대로 그렇게 생각해 두지。
4336	1	これ、あげるわ。	이거、줄게。
4337	1	えっ？マジで？	엣？진짜？
4338	1	私が持っていても意味がないからよ。	내가 갖고 있어도 의미가 없으니까。
4339	1	合格です！	합격입니다！
4340	1	ふう。良かったあ。	휴。다행이다。
4341	1	貴方の気持ちは、	당신 마음은、
4342	1	私のようになりたいという気持ちは	나처럼 되고 싶다는 마음은
4343	1	そんな物は送ってないけど・・・・・・	그런 건 보내지 않았는데・・・・・・
4344	1	貴方の真剣な眼差しを見ていれば	당신의 진지한 눈빛을 보고 있으면
4345	1	これはそういう試験じゃないか。	이건 그런 시험 아닌가。
4346	1	そんな貴方には３	그런 당신에게는 ３
4347	1	あ、ありがとう。	고、고마워。
4348	1	私のような神々しさを持つのは、	나 같은 신성함을 지니는 건、
4349	1	た、辿り着きたくない・・・・・・。	도、도달하고 싶지 않다・・・・・・。
4350	1	やられた～！	당했다～！
4351	1	約束どおり、俺達の為に働いてもらうぞ。	약속대로、우리를 위해 일해 줘야겠다。
4352	1	おもしろかったね！	재미있었어！
4353	1	ああ。そうだな。	아아。그렇군。
4354	1	確かにそんな選択肢もあるけど・・・・	확실히 그런 선택지도 있지만・・・・
4355	1	（カン！）	（깡！）
4356	1	えっ？何だ？今の音？	엣？뭐냐？방금 소리？
4357	1	何か穴の中から聞こえたでやんすよ？	뭔가 구멍 안에서 들렸습죠？
4358	1	ごめ～ん。穴の中にアキカンを	미안～。구멍 안에 빈 캔을
4359	1	投げちゃったじゃって	던져 버렸다니까
4360	1	ウソはつきたくないもん。	거짓말은 하기 싫은걸。
4361	1	気休めでもいいから、	위안이라도 좋으니까、
4362	1	きっと大きいんだろうねえ～。	분명 크겠지～。
4363	1	しみじみ言うなあ～！	담담하게 말하지 마～！
4364	1	さあ、なんで俺を襲ったか	자、어째서 나를 습격했는지
4365	1	お、親分を返せ！	두、두목을 돌려줘！
4366	1	返せ？どういう意味だ？	돌려줘？무슨 뜻이냐？
4367	1	俺達は親分と一緒にいるのが楽しいから、	우리는 두목과 함께 있는 게 즐거우니까、
4368	1	バカだねアンタ達。	바보구나 너희들。
4369	1	お、親分！	두、두목！
4370	1	お前、どうしてここに居るんだ？	너、어째서 여기 있는 거냐？
4371	1	アイツ、この場所までかぎ付けてたのか。	그 녀석、이 장소까지 냄새 맡았나。
4372	1	あのさ・・・・・・	저기 말이야・・・・・・
4373	1	こいつら許してくれないかな？	이 녀석들 용서해 주지 않을래？
4374	1	なんでアンタがあたしの番号を	어째서 당신이 내 번호를
4375	1	まあ、いいけど。	뭐、괜찮지만。
4376	1	愛？	사랑？
4377	1	似合わないでやんす。	안 어울립죠。
4378	1	どうしたのですか神よ！	무슨 일이십니까 신이시여！
4379	1	あれを見てみろ！	저걸 봐라！
4380	1	どれをですか？	어느 걸 말인가요？
4381	1	あれだ！	저거다！
4382	1	えっ？オレ？	엣？나？
4383	1	ちょ、ちょっと何で俺をジロジロ	자、잠깐 어째서 나를 빤히
4384	1	よく見ると、凄いですね。	잘 보니、대단하네요。
4385	1	そうだろう！	그렇지！
4386	1	ああ！もちろんだ！	아아！물론이다！
4387	1	ははっ！	하핫！
4388	1	２ポイントゲットオオオオオ！	２포인트 획득오오오오오！
4389	1	い、意味がわからん・・・・・・。	무、무슨 뜻인지 모르겠다・・・・・・。
4390	1	この星はどういう星でやんすか？	이 별은 어떤 별입죠？
4391	1	実を言うと、俺もあまり知らないんだ。	사실을 말하자면、나도 잘 모른다。
4392	1	それ以外はわからないという事で	그 밖에는 모른다는 걸로
4393	1	まあ、この星の住人に聞けば、	뭐、이 별 주민에게 물으면、
4394	1	そうだといいな。	그랬으면 좋겠군。
4395	1	オ、オイラも何か見えたでやんす。	나、나도 뭔가 봤습죠。
4396	1	だ、だと、いいな。	그、그러면、좋겠군。
4397	1	いや、それ以前の問題だよ。	아니、그 이전의 문제야。
4398	1	それ以前の問題？	그 이전의 문제？
4399	1	ここにはワクチンなんかないって事だよ。	여기엔 백신 따위 없다는 거야。
4400	1	そんな星なんてあるわけないでやんすよ！	그런 별이 있을 리 없습죠！
4401	1	だけど、この星の人に聞いてみたら、	하지만、이 별 사람에게 물어봤더니、
4402	1	どういう事でやんすかねえ？	무슨 일입죠？
4403	1	さあ？俺にもわからない。	글쎄？나도 모른다。
4404	1	そんな事より	그것보다
4405	1	当たり前でやんす。	당연합죠。
4406	1	いったい、何がしたいんだろう？	대체、뭘 하고 싶은 걸까？
4407	1	なにもかもがわかんらない星でやんす。	뭐 하나 알 수 없는 별입죠。
4408	1	さっきから何かが鳴いてるでやんすね。	아까부터 뭔가 울고 있습죠。
4409	1	こんな放置された場所には自然の生き物	이런 방치된 장소에는 자연의 생물
4410	1	それじゃあ、せっかく静かに住んでいる	그럼、모처럼 조용히 살고 있는
4411	1	やっぱり、こんな場所に人間が入ったら、	역시、이런 장소에 인간이 들어오면、
4412	1	さあ？お腹が空いてるとそうするんじゃ	글쎄？배가 고프면 그러는 게
4413	1	さっき骨を見たでやんす。	아까 뼈를 봤습죠。
4414	1	ここは	여기는
4415	1	ああ、小惑星が集中している地域、	아아、소행성이 집중된 지역、
4416	1	ここを通るでやんすか？	여기를 지납죠？
4417	1	大丈夫だよ。	괜찮아。
4418	1	でも、逆に待ち構えられても、	그래도、반대로 매복당해도、
4419	1	ここを本当に通るでやんすか？	여기를 정말 지납죠？
4420	1	だ、大丈夫だよ。	괘、괜찮아。
4421	1	素晴らしい！	훌륭하다！
4422	1	いやあ～。それほどでも。	아이고～。그 정도까지는。
4423	1	それほどまでに私を手本にしたいなんて、	그토록 나를 본보기로 삼고 싶다니、
4424	1	その気持ちがあれば、	그 마음이 있으면、
4425	1	いや、別にそんな気持ちはない・・・・。	아니、딱히 그런 마음은 없다・・・・。
4426	1	照れなくてもいいです。	쑥스러워하지 않아도 됩니다。
4427	1	まじっすか！	진짜？
4428	1	この宇宙の約７割が私の写真を飾っている	이 우주의 약 ７할이 내 사진을 걸어두고 있다
4429	1	誰が調べて、	누가 조사해서、
4430	1	では貴方には５	그럼 당신에게는 ５
4431	1	おお～。	오오～。
4432	1	あと私の等身大ポスターを・・・・・・	그리고 내 등신대 포스터를・・・・・・
4433	1	ありがとう！	고마워！
4434	1	現在の貴方では、これ以上、	지금의 당신으로는、더 이상、
4435	1	それはどうしてですか？	그건 어째서인가요？
4436	1	これまでやってきたのは、	지금까지 해온 것은、
4437	1	では次は一年後に予約しておきましょう。	그럼 다음은 １년 후로 예약해 두죠。
4438	1	一年後、再び試験を受けに来てください。	１년 후、다시 시험을 보러 오세요。
4439	1	このまま順調に行けば、	이대로 순조롭게 가면、
4440	1	（絶対に、こんな試験を二度と	（절대로、이런 시험을 두 번 다시
4441	1	さすがに、そろそろキツイな・・・・・。	아무래도、슬슬 힘들군・・・・・。
4442	1	という事は出口に近いのか！	그렇다는 건 출구가 가까운 건가！
4443	1	ああ、やっと・・・・・・・。	아아、드디어・・・・・・・。
4444	1	こんなとこまで・・・・・・。	이런 데까지・・・・・・。
4445	1	出て行くんだから、見逃せでやんす！	나가는 거니까、봐주라는 겁죠！
4446	1	侵入者を許さないんだろう。	침입자를 용납 안 하는 거겠지。
4447	1	じゃあ、入れるなでやんす！	그럼、들이지 말라는 겁죠！
4448	1	入る時にもコイツラを壊した	들어올 때도 이 녀석들을 부쉈
4449	1	とりあえず倒さないと外には出れない	일단 쓰러뜨리지 않으면 밖으로 못 나간다
4450	1	お前達！	너희들！
4451	1	お、親分・・・・そんな話は・・・・。	두、두목・・・・그런 얘기는・・・・。
4452	1	誰にも言ってないよ。	아무에게도 말 안 했어。
4453	1	俺達は何があっても	우리는 무슨 일이 있어도
4454	1	そうだね。アンタ達もおもしろい事が	그렇네。너희들도 재미있는 일을
4455	1	切っていい？	끊어도 돼？
4456	1	まだ、何も言ってないでやんす。	아직、아무 말도 안 했습죠。
4457	1	どうせ、また今回も	어차피、또 이번에도
4458	1	ひどいでやんす。	심합죠。
4459	1	で、今日は何を聞きたいの。	그래서、오늘은 뭘 묻고 싶어。
4460	1	星一個。	별 하나。
4461	1	星って、惑星でやんすか？	별이라니、행성입죠？
4462	1	そんな惑星には行きたくないでやんすよ。	그런 행성에는 가고 싶지 않습죠。
4463	1	もちろん、アンタと	물론、당신과
4464	1	オイラ達もでやんすか！	우리도 말입죠！
4465	1	終わっちゃったね。	끝나 버렸네。
4466	1	十分にスリルを味わったよ。	충분히 스릴을 맛봤어。
4467	1	そこらへん探検してくるよ。	그 근처 탐험하고 올게。
4468	1	アイツには怖い物が無いのか・・・・。	그 녀석에게는 무서운 게 없는 건가・・・・。
4469	1	だ、大丈夫でやんす～！	괘、괜찮습죠～！
4470	1	俺達が暴れたからだろうな。	우리가 날뛰었기 때문이겠지。
4471	1	（リコの奴、それを計算に	（리코 녀석、그걸 계산에
4472	1	サソリは全滅したみたいでやんすね。	전갈은 전멸한 모양입죠。
4473	1	宝石じゃないか！	보석이잖아！
4474	1	たぶん置いた本人達も、	아마 놓아둔 본인들도、
4475	1	ありえる話だね。	있을 법한 얘기네。
4476	1	だが、その条件を飲む事はできない。	하지만、그 조건을 받아들일 수는 없다。
4477	1	そう。残念だね。	그래。아쉽네。
4478	1	だけど君達の信頼を得れば、	하지만 자네들의 신뢰를 얻으면、
4479	1	ありがとうございました	감사했습니다
4480	1	大丈夫だよ、	괜찮아、
4481	1	見えたもの？	보인 것？
4482	1	でも暗くなると危険だから、	그래도 어두워지면 위험하니까、
4483	1	はい。この星でオトコ行為をするとあがる	네。이 별에서 사나이 행위를 하면 오르는
4484	1	他にはクリスタルを素手で叩き割り、	그 밖에는 크리스탈을 맨손으로 깨부수고、
4485	1	というわけで、貴方は何もオトコ行為を	그런 이유로、당신은 아무 사나이 행위도
4486	1	というわけで貴方はいま３	그런 이유로 당신은 지금 ３
4487	1	じゃあ、俺はいろいろなオトコ行為という	그럼、나는 여러 사나이 행위라는
4488	1	仕方がない。わかった。	어쩔 수 없다。알겠다。
4489	1	またアンタか。	또 당신인가。
4490	1	嫌そうでやんすね。	싫어하는 것 같습죠。
4491	1	そう？否定はしないよ。	그래？부정은 안 해。
4492	1	そこは否定して欲しいでやんす。	거긴 부정해 줬으면 합죠。
4493	1	突撃してないじゃん。	돌격 안 했잖아。
4494	1	いいでやんす！	됐습죠！
4495	1	まあ、いいけどね。	뭐、괜찮지만。
4496	1	そだね	그러네
4497	1	暇つぶしで破壊しまくるのは	심심풀이로 마구 파괴하는 건
4498	1	あんなの暇つぶしにもなってないわよ。	그런 건 심심풀이도 안 돼。
4499	1	その割には笑顔で破壊してるで	그런 것치고는 웃으면서 파괴하고 있
4500	1	や、やばい！やられる！	크、큰일이다！당한다！
4501	1	（ガキーン！）	（까아앙！）
4502	1	この星を	이 별을
4503	1	た、倒したのか？	쓰、쓰러뜨린 건가？
4504	1	ん～。大丈夫だよ。	으～음。괜찮아。
4505	1	助けてくれて、ありがとな。	도와줘서、고마워。
4506	1	助けた？なんのことかなあ～？	도왔다고？무슨 소린지～？
4507	1	素直じゃないな。	솔직하지 못하군。
4508	1	ああ、俺もだ。	아아、나도다。
4509	1	また、現れたでやんす！	또、나타났습죠！
4510	1	あれか！	저건가！
4511	1	本当に何者でやんすかね～？	정말 뭐 하는 자입죠～？
4512	1	何してるでやんすかねえ～？	뭘 하고 있는 겁죠～？
4513	1	なんで、そんな説明的なの？	어째서、그렇게 설명적이야？
4514	1	あっ！動き出したでやんす！	앗！움직이기 시작했습죠！
4515	1	ううむ・・・・・	으음・・・・・
4516	1	一緒にこっちに来るがいい。	함께 이쪽으로 오는 게 좋다。
4517	1	えっ？俺はまったく何も始める気は	엣？나는 전혀 아무것도 시작할 마음은
4518	1	いいから！さあ！	됐으니까！자！
4519	1	わかった！お前を仲間に加えるから！	알겠다！너를 동료로 넣을 테니까！
4520	1	そんな事はどうでもいいんだ！	그런 건 아무래도 좋다！
4521	1	あの方は凄いですね。	저분은 대단하네요。
4522	1	耐えてるとかじゃなくて、	참고 있는 게 아니라、
4523	1	あの方にこれをお渡しください。	저분에게 이걸 전해 주세요。
4524	1	そんな薬はいらないでやんす・・・・・。	그런 약은 필요 없습죠・・・・・。
4525	1	そんな事ないよ。	그렇지 않아。
4526	1	何があったでやん	무슨 일이 있었
4527	1	たぶん、突然変異かなんかで	아마、돌연변이 같은 걸로
4528	1	なに冷静に判断してるでやんすか！	뭘 냉정하게 판단하고 있는 겁죠！
4529	1	あの街も同じだろうな。	저 거리도 마찬가지겠지。
4530	1	まだ街から離れているこの距離なら、	아직 거리에서 떨어진 이 거리라면、
4531	1	あれ？もしかして、ちょっとピンチ？	어라？혹시、좀 위기？
4532	1	ちょっとどころじゃない。	좀 정도가 아니다。
4533	1	はあ～。仕方がないなあ。	하아～。어쩔 수 없네。
4534	1	謝っておくよ。	사과해 둘게。
4535	1	この中に飛び込んだ事か？	이 안에 뛰어든 것 말인가？
4536	1	違うわよ。	아니야。
4537	1	謝れよ！	사과해！
4538	1	ここ爆破するから？	여기 폭파할 거라서？
4539	1	アキカンが爆発したああああああ！	빈 깡통이 폭발했다아아아아아아！
4540	1	ふう～。スッキリ爽快だね！	휴～。개운하고 상쾌하네！
4541	1	爽快じゃない！	상쾌하지 않아！
4542	1	じゃあ、あたしはそこらへんを	그럼、나는 그 근처를
4543	1	オイラは大丈夫だったでやんすが、	나는 괜찮았습죠만、
4544	1	まあ、命が助かったと思えば。	뭐、목숨을 건졌다고 생각하면。
4545	1	仕方がないでやんすが・・・・・・・	어쩔 수 없습죠만・・・・・・・
4546	1	いえ、そこまで高度な事を	아뇨、그렇게 고도의 일을
4547	1	えっ？クリスタルを破壊して、その破片を	엣？크리스탈을 파괴해서、그 파편을
4548	1	いいえ。私達のような美しい人間が	아뇨。우리 같은 아름다운 인간이
4549	1	だから、今日は壊すだけでいいです。	그러니까、오늘은 부수기만 하면 됩니다。
4550	1	蹴りでも構いません。	발차기라도 상관없습니다。
4551	1	いや、それも素手だけど・・・・・・。	아니、그것도 맨몸이지만・・・・・・。
4552	1	ちょっと待って。	잠깐 기다려。
4553	1	一つ目はこれです！	첫 번째는 이겁니다！
4554	1	旧型ロボットだけあって、	구형 로봇답게、
4555	1	あったでやんす！！	있었습죠！！
4556	1	うそ！本当に？	거짓말！정말？
4557	1	見るでやんす！	봅죠！
4558	1	あれ？それって・・・・・・	어라？그건・・・・・・
4559	1	ここから移動した住民達も、	여기서 이동한 주민들도、
4560	1	何でこんなのを守っていたんでやんすか！	어째서 이런 걸 지키고 있었던 겁죠！
4561	1	こんな旧型ロボットはプログラムで	이런 구형 로봇은 프로그램으로
4562	1	こんなのいらないから	이런 건 필요 없으니까
4563	1	そこに行くでやんす！	거기로 갑죠！
4564	1	こんな目に遭ったのに、	이런 꼴을 당했는데、
4565	1	ボスが負けたああああああ！	보스가 졌다아아아아아아！
4566	1	うわあああああああああ！	우와아아아아아아아아아！
4567	1	どうやら、ここに居たギャング達は	아무래도、여기 있던 갱들은
4568	1	これで、ここを心置きなく爆破できるね。	이걸로、여기를 마음 놓고 폭파할 수 있겠네。
4569	1	なっ？爆破するつもりなのか？	뭐？폭파할 셈인가？
4570	1	もっちろん！	무울론！
4571	1	でも、その前に	그래도、그전에
4572	1	あたしはコイツラが壊滅してくれる事が	나는 이 녀석들이 궤멸해 주는 것이
4573	1	でも・・・・・・宝探しは早くしてね。	그래도・・・・・・보물찾기는 빨리 해줘。
4574	1	な、なんで？	어、어째서？
4575	1	早く爆破させたいんだよ。	빨리 폭파시키고 싶은 거야。
4576	1	は、破壊神だ・・・・・・。	파、파괴신이다・・・・・・。
4577	1	なんだか薄気味悪い場所でやんすね～。	뭔가 으스스한 장소입죠～。
4578	1	捨てられた場所だからね。	버려진 장소니까。
4579	1	さすがにこんな場所で、そんな事を	아무리 그래도 이런 장소에서、그런 걸
4580	1	ハハハ。まあ、そんなの居ないと	하하하。뭐、그런 게 없다고
4581	1	いや。俺はここから動いてないけど。	아니。나는 여기서 안 움직였는데。
4582	1	ウソ言わないで欲しいでやんす。	거짓말 안 했으면 합죠。
4583	1	聞こえると言われても、	들린다고 해도、
4584	1	後ろ？	뒤？
4585	1	後ろって何でやんすか？	뒤라니 뭡죠？
4586	1	だから、俺はここから・・・・・・・・	그러니까、나는 여기서・・・・・・・・
4587	1	どうしたんだよ	무슨 일이야
4588	1	変なのが飛んでるでやんす！	이상한 게 날고 있습죠！
4589	1	変なのって、誰かの宇宙船の形が	이상한 거라니、누군가의 우주선 모양이
4590	1	違うでやんす！	아닙죠！
4591	1	なにわけがわからない事を	무슨 영문 모를 소리를
4592	1	いいから見るでやんす！	됐으니까 봅죠！
4593	1	仕方ないなあ	어쩔 수 없네
4594	1	オイラにわかるわけないでやんす。	내가 알 리 없습죠。
4595	1	じゃあ、宇宙人？	그럼、우주인？
4596	1	オイラ達、全員そうでやんす。	우리、전원 그렇습죠。
4597	1	じゃあ、いったい何者なんだろう？	그럼、대체 뭐 하는 자일까？
4598	1	わかんないでやんす。	모르겠습죠。
4599	1	そんな言葉で片付けて	그런 말로 정리해
4600	1	僕に任せてくれたまえ。	나에게 맡겨 주게。
4601	1	僕の弓なら、あいつらを近づけさせずに	내 활이라면、저 녀석들을 못 다가오게 하고
4602	1	あんた、本当に妖精か？	당신、정말 요정인가？
4603	1	もちろんだよ。	물론이지。
4604	1	どこからどう見ても、	어디를 어떻게 봐도、
4605	1	ふう～。倒したよ。	휴～。쓰러뜨렸어。
4606	1	さすがだな。	역시군。
4607	1	おや？何か落ちているな。	이런？뭔가 떨어져 있군。
4608	1	たぶん、あの鳥が飲み込んでいたんじゃ	아마、저 새가 삼키고 있었던 게
4609	1	そうか、じゃあこれは君に渡そう。	그런가、그럼 이건 자네에게 주지。
4610	1	いや、だから、	아니、그러니까、
4611	1	美しいオトコというのは、	아름다운 사나이라는 것은、
4612	1	服とか話題とかですね。	옷이나 화제 같은 거네요。
4613	1	はい。だから今日は、私のする事に敏感に	네。그러니까 오늘은、제가 하는 일에 민감하게
4614	1	えっと、どういう事でしょうか？	그러니까、무슨 뜻인가요？
4615	1	私がこれから表情を変えます。	제가 지금부터 표정을 바꾸겠습니다。
4616	1	流行の話はどこへ？	유행 얘기는 어디로？
4617	1	いち早く、美しい物を真似するのは	재빨리、아름다운 것을 흉내 내는 것은
4618	1	それでは始めます。	그럼 시작합니다。
4619	1	それ無理っ！！	그건 무리！！
4620	1	いいです。	됐습니다。
4621	1	ここに着陸する前に見えた星の姿は	여기 착륙하기 전에 보인 별의 모습은
4622	1	今は砂漠ばかりで街もわずかしかないが、	지금은 사막뿐이고 거리도 얼마 없지만、
4623	1	それが、どうしてこんな砂ばかりの星に	그게、어째서 이런 모래뿐인 별이
4624	1	人工太陽？	인공 태양？
4625	1	ひどい話でやんすね。	심한 얘기입죠。
4626	1	こんな星にワクチンなんてあるで	이런 별에 백신이 있을
4627	1	さあな、それは行ってみないと	글쎄、그건 가 보지 않으면
4628	1	まっ！	앗！
4629	1	はあ！	하앗！
4630	1	ハア！	핫！
4631	1	ハアハア・・・・・	하아하아・・・・・
4632	1	さっきから俺の後ろに来て、	아까부터 내 뒤에 와서、
4633	1	でも気になるんですけど・・・・・。	그래도 신경 쓰이는데요・・・・・。
4634	1	俺が気になるのか？	내가 신경 쓰이나？
4635	1	そりゃ、さっきから後ろにピッタリと	그야、아까부터 뒤에 딱 붙어서
4636	1	そうか、という事は全てを見れば、	그런가、그렇다는 건 전부 보면、
4637	1	じゃあ、行こうか。	그럼、갈까。
4638	1	ちょ、ちょっと待って！	자、잠깐 기다려！
4639	1	２ポイントゲェェェェェット！	２포인트 획드으으으으윽！
4640	1	今回もクリスタルを割っていただきます。	이번에도 크리스탈을 깨 주셔야겠습니다。
4641	1	美術品である	미술품인
4642	1	今回は少し大きいです。	이번엔 조금 큽니다。
4643	1	何発も殴れという事ですね。	몇 발이나 때리라는 거네요。
4644	1	はあ～。そうなんですか。	하아～。그런가요。
4645	1	そ、そんな事できるのか？	그、그런 게 되는 건가？
4646	1	できます。	됩니다。
4647	1	想いだけではできない気が	마음만으로는 안 될 것 같은
4648	1	５個のうち、３個壊せたら合格です。	５개 중、３개 부수면 합격입니다。
4649	1	後ろから砲撃？	뒤에서 포격？
4650	1	親ぶ～ん！	두목～！
4651	1	あれ？お前達？	어라？너희들？
4652	1	自分だけ楽しい思いしようなんて、	자기만 즐기려 하다니、
4653	1	でも、さすがにここは・・・・・・	그래도、아무리 그래도 여긴・・・・・・
4654	1	おもしろそうじゃないっすか！	재밌겠네요！
4655	1	じゃあ、行こう！	그럼、가자！
4656	1	せ～の！	하나～둘！
4657	1	結局、この星の住民でワクチンの事を	결국、이 별 주민 중 백신에 대해
4658	1	わかったよ・・・・・・。	알겠어・・・・・・。
4659	1	あの～。すみません！	저기～。실례합니다！
4660	1	（ずっと俺達の周りでポージングしてた	（계속 우리 주위에서 포즈를 잡고 있던
4661	1	ワクチンはどこに行けば手に入れる事が	백신은 어디로 가면 손에 넣을 수
4662	1	やっぱりこの人もワクチンの事を・・・。	역시 이 사람도 백신에 대해・・・。
4663	1	この美しい肉体を持つ私達が病気になんて	이 아름다운 육체를 지닌 우리가 병 따위
4664	1	そ、そうですか・・・・・・・。	그、그렇습니까・・・・・・・。
4665	1	それに私が販売している、この	게다가 제가 판매하는、이
4666	1	ん	응
4667	1	貴方も私のようになりたいと	당신도 나처럼 되고 싶다고
4668	1	この遺跡にはロボットはいないで	이 유적에는 로봇이 없
4669	1	どうだろう？	글쎄？
4670	1	ロボットがいない遺跡なんて、	로봇이 없는 유적 따위、
4671	1	どこにもないでやんすね～。	어디에도 없습죠～。
4672	1	どこに？	어디에？
4673	1	あそこでやんす！	저기입죠！
4674	1	本当だ。なんか箱が置いてある。	정말이다。뭔가 상자가 놓여 있다。
4675	1	さっそく開けるでやんす！	당장 엽죠！
4676	1	ん？なんか箱の周りがおかしくないか？	응？뭔가 상자 주위가 이상하지 않나？
4677	1	何が入っているでやんすかね～！	뭐가 들어 있습죠～！
4678	1	そこを動くなよ	거기서 움직이지 마라
4679	1	おや？なんだか	이런？뭔가
4680	1	さあ？わかんないでやんす！	글쎄？모르겠습죠！
4681	1	お、お前、何をしているんだ？	너、너、뭘 하고 있는 거냐？
4682	1	顔色が悪いでやんすよ	안색이 안 좋습죠
4683	1	どうかしたのはお前だ！	어떻게 된 건 너다！
4684	1	あたしがここに居たら悪いって言うの！	내가 여기 있으면 나쁘다는 거야！
4685	1	いや、悪いだろ！	아니、나쁘잖아！
4686	1	向こうで運転してるんじゃない？	저쪽에서 운전하고 있지 않아？
4687	1	疑問系で答えるな！	의문형으로 답하지 마라！
4688	1	え～。暇だったから。	에～。심심했으니까。
4689	1	誇らしく語るな・・・・・・・。	자랑스럽게 말하지 마라・・・・・・・。
4690	1	まあ、もうちょっとしたら戻るからさ、	뭐、조금 있으면 돌아갈 테니까、
4691	1	・・・・・・・・はあ。	・・・・・・・・하아。
4692	1	イエッサー！キャプテン！	충성！선장！
4693	1	さっき、外でこんなのが飛んでたから	아까、밖에서 이런 게 날고 있었으니까
4694	1	やっぱり、ここじゃいろいろな物が	역시、여기선 여러 가지 물건이
4695	1	見ての通り、小惑星が多いから、	보다시피、소행성이 많으니까、
4696	1	じゃあ、この宙域一帯を探索すれば、	그럼、이 우주 구역 일대를 탐색하면、
4697	1	そうだけど。実際は難しいよ。	그렇지만。실제로는 어려워。
4698	1	なるほどでやんす・・・・・・。	과연입죠・・・・・・。
4699	1	でも俺も宝探しは嫌いじゃないからね。	그래도 나도 보물찾기는 싫어하지 않으니까。
4700	1	じゃあ、今度やってみるでやんすよ！	그럼、다음에 해봅죠！
4701	1	はあはあはあ・・・・・・。	하아하아하아・・・・・・。
4702	1	くそう！僕はまだ全てを見せていない。	젠장！나는 아직 전부를 보이지 않았다。
4703	1	それは貴方が弱いからです。	그건 당신이 약하기 때문입니다。
4704	1	貴方が弱いから相手に全てを見せる事が	당신이 약하니까 상대에게 전부를 보일 수
4705	1	わかるわけがないでやんす。	알 리가 없습죠。
4706	1	そうだと思いたいな・・・・・・・。	그랬으면 좋겠군・・・・・・・。
4707	1	ええ！貴方ならきっとなれるでしょう！	네！당신이라면 분명 될 수 있을 겁니다！
4708	1	なんとなく、この星に来た人間が、	어쩐지、이 별에 온 인간이、
4709	1	確かに思い出したくないでやんすね。	확실히 떠올리고 싶지 않습죠。
4710	1	いいオトコオオオオオ！	좋은 사나이이이이이！
4711	1	はあはあはあはあ・・・・・・	하아하아하아하아・・・・・・
4712	1	食べるどころか、	먹기는커녕、
4713	1	まったく美しくなんてなかったな。	전혀 아름답지 않았군。
4714	1	名前からは想像なんてできないでやんす。	이름으로는 상상도 못 하겠습죠。
4715	1	うっ・・・・・・・。	윽・・・・・・・。
4716	1	どうでしょう？	어떻습니까？
4717	1	うまい！	맛있다！
4718	1	そうでしょう。	그렇죠。
4719	1	オトコらしい魚ってなんだ？	사나이다운 물고기가 뭐냐？
4720	1	では、また獲りに行かれますか？	그럼、또 잡으러 가시겠습니까？
4721	1	心の底から遠慮させてもらいます。	진심으로 사양하겠습니다。
4722	1	そうですか。残念です。	그렇습니까。아쉽네요。
4723	1	喜んでもらえて光栄です。	기뻐해 주셔서 영광입니다。
4724	1	お断りします。	거절하겠습니다。
4725	1	どうだ？今日もオトコをあげているか？	어떠냐？오늘도 사나이를 올리고 있나？
4726	1	か、神！	시、신이시여！
4727	1	そんなに驚かなくてもいいだろう。	그렇게 놀라지 않아도 되잖나。
4728	1	いえ、私は神に一度も勝った事が	아뇨、저는 신에게 한 번도 이긴 적이
4729	1	この方は現在、	이분은 현재、
4730	1	な、なんですか？	무、뭔가요？
4731	1	い～いオトコじゃないか～。	조～은 사나이잖아～。
4732	1	そ、そうですね。	그、그렇네요。
4733	1	なら、俺がお前について行ってやろうか？	그럼、내가 너를 따라가 줄까？
4734	1	いや、別にいいです。	아니、딱히 됐습니다。
4735	1	遠慮するな。	사양 마라。
4736	1	いや、遠慮とかじゃなくて。	아니、사양이 아니라。
4737	1	俺は役に立つぞ！	나는 도움이 된다！
4738	1	なんのだよ！	뭐에 말이냐！
4739	1	さあって・・・・・・・	글쎄라니・・・・・・・
4740	1	今日はこのクリスタルに映った自分を、	오늘은 이 크리스탈에 비친 자신을、
4741	1	これのどこがオトコらしいんですか？	이게 어디가 사나이답습니까？
4742	1	オトコらしいじゃないですかっ！	사나이답잖습니까！
4743	1	それは、そういう意味じゃないと	그건、그런 뜻이 아니라고
4744	1	自分の姿を見ているのに、	자기 모습을 보고 있는데、
4745	1	もし目を閉じたら、どうなるのですか？	만약 눈을 감으면、어떻게 되나요？
4746	1	その行為を私が見つけた時点で失格です。	그 행위를 제가 발견한 시점에서 실격입니다。
4747	1	わ・・・・・わかりました。	아・・・・・알겠습니다。
4748	1	そろそろ一時間ぐらい経つけど、	슬슬 한 시간쯤 지났는데、
4749	1	それでオメオメと逃げ帰ってきたと？	그래서 뻔뻔하게 도망쳐 돌아왔다고？
4750	1	ちゃんと破壊はしてきたわよ。	제대로 파괴는 하고 왔어。
4751	1	逃げた事には変わりがないでしょ？	도망친 건 변함없잖아？
4752	1	勝てば官軍よ・・・・・・。	이기면 관군이야・・・・・・。
4753	1	貴女に似合わない言葉ね。	당신에게 안 어울리는 말이네。
4754	1	まだまだね。	아직 멀었네。
4755	1	こ、今回は	이、이번엔
4756	1	なになにだからなんて言葉は	이러이러하니까 같은 말은
4757	1	そ、そんな事ないもん！	그、그렇지 않은걸！
4758	1	これで何回目かしら。	이걸로 몇 번째려나。
4759	1	す、すぐよ！すぐ！	고、곧이야！곧！
4760	1	期待しないで待ってるわ。	기대하지 않고 기다릴게。
4761	1	すぐだからね！	곧이라니까！
4762	1	予定通りか	예정대로인가
4763	1	何の話？	무슨 얘기？
4764	1	お前、いざとなった時に俺が居たら、	너、막상 그때가 되면 내가 있으면、
4765	1	どうだったでやんすか？	어땠습죠？
4766	1	いろいろと聞いてみたが、	여러 가지 물어봤지만、
4767	1	いや、この星にないわけじゃないんだ。	아니、이 별에 없는 건 아니다。
4768	1	どういう事でやんすか？	무슨 일입죠？
4769	1	言ったとおり、ここはもともと文明が発展	말한 대로、여기는 원래 문명이 발전
4770	1	なんで、そんな隠れるようなマネを	어째서、그렇게 숨는 짓을
4771	1	じゃあ、その作っている場所に行って、	그럼、그 만드는 장소에 가서、
4772	1	じゃあ、そこに行くでやんす！	그럼、거기로 갑죠！
4773	1	確かにその通りだな。	확실히 그렇군。
4774	1	さっそく戻るでやんす！	당장 돌아갑죠！
4775	1	お兄さん、ありがとう。	오빠、고마워。
4776	1	じゃあ、俺達の事を信用してくれたか？	그럼、우리를 믿어 준 건가？
4777	1	少しだけね。	조금만。
4778	1	ちょっと待てよ。それでも高いぞ。	잠깐 기다려。그래도 비싸다。
4779	1	少しだけって言ったじゃん。	조금만이라고 했잖아。
4780	1	それだけで信用できると思う？	그것만으로 믿을 수 있다고 봐？
4781	1	・・・・・・わかった。	・・・・・・알겠다。
4782	1	わかってるさ。	알고 있어。
4783	1	じゃあ、また買いに来てね。お兄さん	그럼、또 사러 와。오빠
4784	1	（少し高いが、いつでも買う事ができる	（조금 비싸지만、언제든 살 수 있는
4785	1	お腹が空いたでやんす。	배가 고파 죽겠습죠。
4786	1	朝に食べたきりで、もうこんな時間だ。	아침에 먹은 뒤로、벌써 이런 시간이다。
4787	1	せっかく	모처럼
4788	1	この星では魚料理がおいしいですよ。	이 별에서는 생선 요리가 맛있어요。
4789	1	私達は美しい肉体を維持する為に、	우리는 아름다운 육체를 유지하기 위해、
4790	1	おいしいかどうかの話のはずなのに	맛있는지 아닌지 얘기였을 텐데
4791	1	じゃあ、それはどこに行けば	그럼、그건 어디로 가면
4792	1	私の所に運んできてもらえれば、	제게 가져다주시면、
4793	1	運ぶ？	옮긴다？
4794	1	お、俺達が自分で獲ってくれば	우、우리가 직접 잡아 오면
4795	1	じゃあ、時間ができた時にでも	그럼、시간이 나면
4796	1	ここは明るいでやんすね。	여기는 밝습죠。
4797	1	もしかしてロボット達はこれを守って	혹시 로봇들은 이걸 지키고
4798	1	あれは何でやんすかね？	저건 뭡죠？
4799	1	（ガチャ！）	（철컥！）
4800	1	本当に宝だったんだ・・・・・・。	정말 보물이었구나・・・・・・。
4801	1	やったでやんす！！	해냈습죠！！
4802	1	だが・・・・・一つ問題がある。	하지만・・・・・한 가지 문제가 있다。
4803	1	何でやんすか？	뭡죠？
4804	1	ここから、どうやって外に出るかだ。	여기서、어떻게 밖으로 나가느냐다。
4805	1	あっ・・・・・・・・。	앗・・・・・・・・。
4806	1	いくら宝を見つけてもここから	아무리 보물을 찾아도 여기서
4807	1	なんか空から降ってきたでやんす！	뭔가 하늘에서 떨어졌습죠！
4808	1	これを開けたら、落ちてくるようになって	이걸 열면、떨어지게 되어
4809	1	目の前に現れたんだ。	눈앞에 나타났다。
4810	1	やばいね。撤退しよう	큰일이네。철수하자
4811	1	今頃になって冷静に判断するな！	이제 와서 냉정하게 판단하지 마라！
4812	1	伏せてて！	숙이고 있어！
4813	1	（ヒューーーーーン！）	（휘이이이잉！）
4814	1	今のうちに逃げるよ	지금 도망친다
4815	1	ふう～。危なかったよ	휴～。위험했어
4816	1	ひどい目に遭ったでやんすね。	험한 꼴 당했습죠。
4817	1	本当に	정말
4818	1	なんか聞こえないか？	뭔가 안 들리나？
4819	1	ってええええええええええ！	라고오오오오오오오오오！
4820	1	（ドーーーーーン！）	（쿠우우우웅！）
4821	1	（ボガーーーーン！）	（콰가아아앙！）
4822	1	アイツ！入り口を破壊しやがった！	그 녀석！입구를 파괴했겠다！
4823	1	やるなら、最初からそうしたら	할 거면、처음부터 그렇게 하면
4824	1	自分の手でやりたかったんだろ。	자기 손으로 하고 싶었겠지。
4825	1	百個ぐらいじゃないでやんすか？	백 개쯤 아닙죠？
4826	1	人じゃ無理という事じゃないか。	사람으로는 무리라는 거잖아。
4827	1	はあはあはあ・・・・・・勝ったぞ。	하아하아하아・・・・・・이겼다。
4828	1	わ、わからないでやんす。	모、모르겠습죠。
4829	1	縁起でもない事を言わないでくれ。	불길한 소리 하지 말아 줘。
4830	1	ほら、何かが近づいてくる音が	봐라、뭔가 다가오는 소리가
4831	1	う、うそだろ？	거、거짓말이지？
4832	1	も、もう、そこまで来てるでやんす！	벌、벌써、거기까지 왔습죠！
4833	1	これ以上は・・・・・・	더 이상은・・・・・・
4834	1	ザッパーン！	철써어억！
4835	1	お疲れ様	수고했어
4836	1	本当に？	정말？
4837	1	じゃあ！	그럼！
4838	1	そうだね	그렇네
4839	1	じゃあ、今は持っていないから、	그럼、지금은 안 갖고 있으니까、
4840	1	ああ。行くよ。	아아。갈게。
4841	1	あと、ワームを倒してくれたお礼に	그리고、그 벌레를 쓰러뜨려 준 답례로
4842	1	こ、このロボット他のロボットに	이、이 로봇 다른 로봇에게
4843	1	コイツ、こんな攻撃もできたのか・・・。	이 녀석、이런 공격도 됐던 건가・・・。
4844	1	（ガラガラガラガラ）	（와르르르르）
4845	1	爆発した場所の壁が崩れて、	폭발한 장소의 벽이 무너져서、
4846	1	た、助かったあ。	사、살았다。
4847	1	死にそうになった分、	죽을 뻔한 만큼、
4848	1	たぶん、そうでやんす。	아마、그렇습죠。
4849	1	じゃあ、さっさと獲って帰ろう。	그럼、얼른 잡아서 돌아가자。
4850	1	でも「魚を釣る」じゃないんでやんすね。	그래도 「물고기를 낚는다」가 아닙죠。
4851	1	相変わらず、よくわからない星でやんす。	여전히、잘 모르겠는 별입죠。
4852	1	じゃあ、さっそく獲るでやんすよ。	그럼、당장 잡습죠。
4853	1	飛び出てくるでやんすかね？	튀어나옵죠？
4854	1	なんでやんすか？	뭡죠？
4855	1	なんか巨大な物が跳ねたみたいな音だった	뭔가 거대한 게 튀어오른 것 같은 소리였다
4856	1	ちょ、ちょっと！	자、잠깐！
4857	1	これじゃあ、	이래서는、
4858	1	あのう・・・・・・。	저기・・・・・・。
4859	1	あれ？貴方達は・・・・・・・。	어라？당신들은・・・・・・・。
4860	1	だれ？	누구？
4861	1	貴女と喧嘩しに来たわけじゃないわ。	당신과 싸우러 온 게 아니야。
4862	1	知らないわよ。	몰라。
4863	1	遅かった・・・・・・。	늦었다・・・・・・。
4864	1	何が？	뭐가？
4865	1	ここで	여기서
4866	1	ちょっと手伝って欲しいとの事なので。	좀 도와줬으면 한다고 해서요。
4867	1	ふ～ん。こんな所で俺に何をさせようって	흐～음。이런 데서 나에게 뭘 시키려고
4868	1	さあ？わからないですが、とりあえず	글쎄요？모르겠지만、일단
4869	1	チッ！やっぱりか！	쳇！역시인가！
4870	1	（ブン！！）	（붕！！）
4871	1	こんな事だろうと思ったよ。	이럴 줄 알았어。
4872	1	随分、奥まで来たでやんすね～。	꽤、안쪽까지 왔습죠～。
4873	1	そうだね、ここは光が微かにしか入って	그렇네、여긴 빛이 희미하게만 들어
4874	1	こんな所に連れ込んで俺をどうする気だ	이런 데로 데려와서 나를 어쩔 셈이냐
4875	1	えっ？どうするって？	엣？어쩔 셈이라니？
4876	1	いや、聞き間違えたな。	아니、잘못 들었군。
4877	1	ちょ、ちょっと何を言っているんだ？	자、잠깐 무슨 소리를 하는 거냐？
4878	1	こんな場所に誘い込んだのはお前だ。	이런 장소로 꾀어낸 건 너다。
4879	1	いや、誘い込んだも何も・・・・・	아니、꾀어냈고 뭐고・・・・・
4880	1	わかっている。何も言うな。	알고 있다。아무 말 마라。
4881	1	言っている意味がわからない。	하는 말의 뜻을 모르겠다。
4882	1	さあ、あっちの方に行こうか？	자、저쪽으로 갈까？
4883	1	吹っ飛ばしたああああ！	날려버렸다아아아아！
4884	1	これで、お前と俺には何の障害もない。	이걸로、너와 나에게는 아무 장애도 없다。
4885	1	来いとか言っていながら、	오라고 해놓고서、
4886	1	あれは・・・・・	저건・・・・・
4887	1	お～い！	어어이！
4888	1	で、何をやっているんだ？	그래서、뭘 하고 있나？
4889	1	ちょっと気になった事があったから、	좀 신경 쓰이는 게 있어서、
4890	1	情報屋ってのも大変だな。	정보상도 힘들군。
4891	1	まだ、はっきりした事はわからない。	아직、확실한 건 모른다。
4892	1	不穏な空気？	불온한 공기？
4893	1	ええ	네
4894	1	俺に？	나에게？
4895	1	貴方はこれからきっと、	당신은 앞으로 분명、
4896	1	まあ、それでも、ありがとな。	뭐、그래도、고마워。
4897	1	ええ、気をつけてね。	네、조심해요。
4898	1	お、お前、怖くないのか？	너、너、안 무섭나？
4899	1	ねえねえ！	저기저기！
4900	1	てい！	얏！
4901	1	火炎カーーン！	화염 카아앙！
4902	1	あれ？いなくなっちゃった！	어라？사라져 버렸다！
4903	1	あ、さあ？い、いるんじゃないか？	아、글쎄？이、있지 않을까？
4904	1	よっし！	좋았어！
4905	1	じゃね～！	그럼 안녕～！
4906	1	いや、安心してくれ。俺もだ。	아니、안심해라。나도다。
4907	1	いや、ミイラが消えた場所に何かあると	아니、미라가 사라진 장소에 뭔가 있다고
4908	1	あのミイラが持っていたでやんすかねえ？	그 미라가 갖고 있었던 겁죠？
4909	1	遠くから聞こえるけど・・・・・	멀리서 들리는데・・・・・
4910	1	止めに行こう。	말리러 가자。
4911	1	今日も飽きずに、この星の住民は自分の姿	오늘도 질리지도 않고、이 별 주민은 자기 모습
4912	1	この星の人はみんな自分が好きだからね。	이 별 사람은 다들 자기를 좋아하니까。
4913	1	人間らしいだって！	인간답다고！
4914	1	いま人間らしいと言わなかったかい？	방금 인간답다고 하지 않았나？
4915	1	言ったけど・・・・・・。	말했지만・・・・・・。
4916	1	なるほど！	과연！
4917	1	いや、違う！	아니、아니다！
4918	1	どうかしましたか？	무슨 일 있으신가요？
4919	1	そんなこと一言も言ってないし、	그런 말 한마디도 안 했고、
4920	1	そんな事を言わずに、いくらでも僕の胸筋	그런 말 말고、얼마든지 내 가슴 근육
4921	1	頼むから、あのクリスタルに映った自分に	부탁이니까、저 크리스탈에 비친 자신에게
4922	1	恥ずかしがらずに、	부끄러워하지 말고、
4923	1	これが人間か！	이게 인간인가！
4924	1	違うに決まってるでやんす。	아닌 게 당연합죠。
4925	1	ああ、許してやるよ。	아아、용서해 주지。
4926	1	あたしの顔に免じてって言ったじゃない。	내 얼굴을 봐서라고 했잖아。
4927	1	少しの間だけど、楽しかったよ。	잠깐이었지만、즐거웠어。
4928	1	どういう意味だ？	무슨 뜻이냐？
4929	1	じゃあね！	그럼 안녕！
4930	1	あの子らしいんじゃないの？	그 애답지 않아？
4931	1	この場所に	이 장소에
4932	1	そっか。	그렇구나。
4933	1	あの子の罰は自分の手で	그 애의 벌은 내 손으로
4934	1	でも・・・・・・たぶん、	그래도・・・・・・아마、
4935	1	さあ！お前達！	자！너희들！
4936	1	とりあえず、どこかで情報を集めよう。	일단、어딘가에서 정보를 모으자。
4937	1	あの店とか、どうでやんすか？	저 가게 같은 건、어떻습죠？
4938	1	そうだな。行ってみるか。	그렇군。가 볼까。
4939	1	ああ。よくわかったな。	아아。잘 알았군。
4940	1	そんな砂だらけになりそうな格好で、	그렇게 모래투성이가 될 것 같은 차림으로、
4941	1	なるほどな。	과연。
4942	1	それで、お兄さん達はこの星に旅行？	그래서、오빠들은 이 별에 여행？
4943	1	いや、違う。	아니、아니야。
4944	1	本当か？	정말인가？
4945	1	うん！本当に知らない。	응！정말 몰라。
4946	1	お兄さん達は	오빠들은
4947	1	当たり前だろう。	당연하지。
4948	1	力になれなくてごめんね～。お兄さん。	도움이 못 돼서 미안～。오빠。
4949	1	気にしなくてもいいよ。	신경 쓰지 않아도 돼。
4950	1	とりあえず他にも当たってみようか、	일단 다른 데도 알아볼까、
4951	1	何がしたいんだアイツは・・・・・・。	뭘 하고 싶은 거냐 저 녀석은・・・・・・。
4952	1	危険でやんすね！	위험합죠！
4953	1	どうしたの？何が危険なの？	무슨 일이야？뭐가 위험해？
4954	1	そうじゃないでやんす！	그게 아닙죠！
4955	1	何か知っているのか？	뭔가 알고 있나？
4956	1	思い出してみるでやんす。	떠올려 봅죠。
4957	1	ある星・・・・・・・？	어떤 별・・・・・・・？
4958	1	よく考えるでやんす！	잘 생각해 봅죠！
4959	1	も、もしかして・・・・・	서、설마・・・・・
4960	1	という事は、あの星だけの暑苦しさが、	그렇다는 건、그 별만의 답답함이、
4961	1	もうなってるでやんす。	이미 그렇게 됐습죠。
4962	1	誰かアイツに正しい人間ってのを	누가 저 녀석에게 올바른 인간이란 걸
4963	1	・・・・・・・・ホッ！	・・・・・・・・훗！
4964	1	今日もあたしがやる～！	오늘도 내가 한다～！
4965	1	またかよ・・・・・・。	또냐・・・・・・。
4966	1	面白い事に遠慮なんかしてたからダメだよ	재미있는 일에 사양이나 하고 있으니 안 되는 거야
4967	1	お前はもっと、	너는 좀 더、
4968	1	いやあ、貴方の言う通りです。	아이고、당신 말대로입니다。
4969	1	あたしは女だ。	나는 여자다。
4970	1	美しい！	아름답다！
4971	1	前に言った言葉が余計だね。	전에 한 말이 쓸데없었네。
4972	1	では今日は貴方で。	그럼 오늘은 당신으로。
4973	1	あのね、	저기 말이야、
4974	1	言っている意味がわからな・・・・・	하는 말의 뜻을 모르겠・・・・・
4975	1	なるほど・・・・・・・	과연・・・・・・・
4976	1	さて、宇宙船に戻ろうか	자、우주선으로 돌아갈까
4977	1	貴女、本当に海賊の頭なの	당신、정말 해적 두목이야
4978	1	アンタが化け物なだけ。	당신이 괴물일 뿐이야。
4979	1	そんな物に頼ってるから未熟なのよ。	그런 것에 의지하니까 미숙한 거야。
4980	1	だからアンタは化け物って言われるの！	그러니까 당신은 괴물이라 불리는 거야！
4981	1	あの子は私みたいにはならないわ。	그 애는 나처럼은 되지 않아。
4982	1	いいのよ。私に似なくて。	괜찮아。나를 닮지 않아서。
4983	1	相変わらず、妹を溺愛してるね。	여전히、여동생을 끔찍이 아끼네。
4984	1	自分から話を振っておいて、	자기가 말을 꺼내 놓고서、
4985	1	ふ～んだ！	흥이다！
4986	1	できるものなら、やってみなさい。	할 수 있으면、해 보시지。
4987	1	ベ～だ！	메～롱！
4988	1	ここはどこでやんすか？	여기는 어딥죠？
4989	1	遺跡だよ。	유적이야。
4990	1	じゃあ、お宝とかあるかもしれないで	그럼、보물 같은 게 있을지도 모르
4991	1	どうかな？	글쎄？
4992	1	ええ～。	에에～。
4993	1	昔の人に対して、本当に失礼だな。	옛사람에게、정말 실례군。
4994	1	本当でやんすか！	정말입죠！
4995	1	まあ、あるとも言い切れないけどな。	뭐、있다고 단언할 수도 없지만。
4996	1	いや、絶対にあるでやんす！	아니、분명히 있습죠！
4997	1	年代ものだけど、	오래된 물건이지만、
4998	1	狙っているでやんす！	노리고 있습죠！
4999	1	盗賊と間違われているんだろう。	도적으로 오해받고 있겠지。
5000	1	どうするでやんすか！	어떻게 합죠！
5001	1	どうするって	어떻게라니
5002	1	ああ、いいよ。	아아、좋아。
5003	1	だけど	하지만
5004	1	じゃあ、そのポイントまで行かないなら、	그럼、그 지점까지 안 간다면、
5005	1	それなら他の船も行ける範囲だから、	그렇다면 다른 배도 갈 수 있는 범위니까、
5006	1	この辺りはどうでやんすか？	이 근처는 어떻습죠？
5007	1	この辺はまだ見渡しもいいし、	이 근처는 아직 전망도 좋고、
5008	1	なるほど、だいたいはわかったでやんす。	과연、대충은 알겠습죠。
5009	1	（ちょっと待てよ・・・・・確か	（잠깐만・・・・・분명
5010	1	ちょっと待って、	잠깐 기다려、
5011	1	あれはダメだ！	저건 안 된다！
5012	1	どうしてでやんすか！	어째서입죠！
5013	1	よく考えてみろ！	잘 생각해 봐라！
5014	1	そんなのわかんないでやんす！	그런 건 모르겠습죠！
5015	1	こんな場所に一人で来るか？	이런 장소에 혼자서 오나？
5016	1	他人はどう考えているかなんて、	남이 어떻게 생각하는지 따위、
5017	1	それに、よく見てみろ！	게다가、잘 봐라！
5018	1	疑い過ぎでやんす！	너무 의심합죠！
5019	1	オニでやんす。	귀신입죠。
5020	1	だから聞けよ！	그러니까 들어라！
5021	1	（ピューーン！）	（퓨우웅！）
5022	1	な、なんだ？	뭐、뭐냐？
5023	1	あっ！あの船が動いてるでやんす！	앗！저 배가 움직이고 있습죠！
5024	1	なんで突然、襲ってくるんだよ！	어째서 갑자기、덮쳐 오는 거야！
5025	1	あっ！逃げられた！	앗！놓쳤다！
5026	1	くっそ！	젠장！
5027	1	いくらお前でも、	아무리 너라도、
5028	1	無理かどうかなんてわかんないじゃん。	무리인지 어떤지 모르잖아。
5029	1	こんなおもしろそうな事を	이런 재미있어 보이는 일을
5030	1	誰だ？	누구냐？
5031	1	アンタ達・・・・・・。	너희들・・・・・・。
5032	1	ここは俺達にやらせてくださいよ親分。	여긴 저희에게 맡겨 주세요 두목。
5033	1	親分が欲張りだと、	두목이 욕심쟁이면、
5034	1	そりゃ、親分の部下ですから。	그야、두목의 부하니까요。
5035	1	でも、絶対に一人も死ぬんじゃないよ。	그래도、절대 한 명도 죽지 마。
5036	1	わかりやした！	알겠습니다요！
5037	1	じゃあ！楽しんでおいで！	그럼！즐기고 와！
5038	1	その情報は一般には	그 정보는 일반에는
5039	1	私を一般人だと思っているの？	나를 일반인이라고 생각해？
5040	1	情報屋か・・・・・。	정보상인가・・・・・。
5041	1	その情報は情報屋じゃくても、	그 정보는 정보상이 아니어도、
5042	1	そんな事より、	그것보다、
5043	1	良かったじゃない	잘됐잖아
5044	1	面白い情報？	재미있는 정보？
5045	1	知り合いか？	아는 사이인가？
5046	1	そろそろ私は行くわ。	슬슬 나는 갈게。
5047	1	ああ、ありがとう。	아아、고마워。
5048	1	友人にお祝いしただけよ。	친구를 축하했을 뿐이야。
5049	1	そういえば	그러고 보니
5050	1	アイツと知り合って、もう数年か。	그 녀석과 알고 지낸 지、벌써 몇 년인가。
5051	1	いいや。	아니。
5052	1	ワクチンを集めて	백신을 모아서
5053	1	ワクチンが欲しいんでしょ？	백신이 필요하지？
5054	1	君はいったい何者だ？	자네는 대체 누구냐？
5055	1	私はこの星で唯一ワクチンの売買を	나는 이 별에서 유일하게 백신 매매를
5056	1	そうだが・・・・・・。	그렇다만・・・・・・。
5057	1	むしろ、こんな場所でワクチンを	오히려、이런 장소에서 백신을
5058	1	ちなみに言っておくけど、何があっても	참고로 말해 두는데、무슨 일이 있어도
5059	1	この星をこんな風にしたのは	이 별을 이렇게 만든 건
5060	1	そんなの関係無いよ。	그런 건 상관없어。
5061	1	そんな私達が貴方にワクチンを	그런 우리가 당신에게 백신을
5062	1	だけど、ここまで来て、	하지만、여기까지 와서、
5063	1	そんなの知らないよ。	그런 건 몰라。
5064	1	調子はどう？	컨디션은 어때？
5065	1	いつも通りってとこだな。	여느 때와 같지。
5066	1	なあ、前から気になってたんだけど、	저기、전부터 신경 쓰였는데、
5067	1	なぜなんだ？	어째서냐？
5068	1	貴方はまだ自分の船を持ったばかり。	당신은 아직 자기 배를 가진 지 얼마 안 됐어。
5069	1	もしかして、おれ評価されてる？	혹시、나 평가받고 있나？
5070	1	私の中では高評価よ。	내 안에서는 고평가야。
5071	1	じゃあ、あたしは？	그럼、나는？
5072	1	あら	어머
5073	1	その言い方やめてくれる？	그 말투 그만해 줄래？
5074	1	ほとんどタダ同然の情報を売って	거의 공짜나 다름없는 정보를 팔아서
5075	1	役に立たない情報しか、	쓸모없는 정보밖에、
5076	1	それ以上の情報は貴女には	그 이상의 정보는 당신에게는
5077	1	言うね～！	말하네～！
5078	1	こんな事ぐらいでキレてるようじゃ、	이 정도로 발끈해서는、
5079	1	ちゃんとした情報をあたしに売ってない	제대로 된 정보를 나에게 안 파는
5080	1	（ブオーン！）	（부우웅！）
5081	1	やれやれ・・・・・またか。	이런 이런・・・・・또인가。
5082	1	これ。	이거。
5083	1	ふう～。	휴～。
5084	1	中に入れてくれてありがとう。	안에 들여보내 줘서 고마워。
5085	1	どこをどう見て、そう言っているんだ？	어디를 어떻게 보고、그렇게 말하는 거냐？
5086	1	当然さ。	당연하지。
5087	1	ああ、この宇宙に存在する妖精だよ。	아아、이 우주에 존재하는 요정이야。
5088	1	そのまんまじゃないか！	그대로잖아！
5089	1	君達が人間だからだ。	자네들이 인간이기 때문이다。
5090	1	人間だから？	인간이라서？
5091	1	僕は昔から人間に興味があったんだ。	나는 옛날부터 인간에게 흥미가 있었어。
5092	1	たぶん、一緒だと思うけど・・・・・。	아마、같을 거라고 보는데・・・・・。
5093	1	いや、違うんだ。	아니、달라。
5094	1	だから、君達と一緒に行きたいんだ！	그러니까、자네들과 함께 가고 싶어！
5095	1	すんごく嫌な言い方だな・・・・・。	엄청 기분 나쁜 말투군・・・・・。
5096	1	おお、ありがとう！	오오、고마워！
5097	1	本村？変わった名前だな。	모토무라？별난 이름이군。
5098	1	絶対にウソだ・・・・・・。	분명 거짓말이다・・・・・・。
5099	1	ウソじゃない！本当だ！	거짓말 아니야！정말이야！
5100	1	その	그
5101	1	じゃあ、行こうじゃないか！	그럼、가자고！
5102	1	ちなみに聞くが、どうして俺達なんだ？	참고로 묻는데、어째서 우리냐？
5103	1	誰も止まってくれなかったのさ！	아무도 멈춰 주지 않았거든！
5104	1	どうだった？	어땠어？
5105	1	あの子らしいわね。	그 애답네。
5106	1	その言い方。	그 말투。
5107	1	そこを退いて！	거기서 비켜！
5108	1	残念ね。	아쉽네。
5109	1	冷静な顔で・・・・・・・。	냉정한 얼굴로・・・・・・・。
5110	1	情報は情報よ。	정보는 정보야。
5111	1	ほっほ～。そう来るか！	호호～。그렇게 나오나！
5112	1	やっと気付いたのね	드디어 눈치챘구나
5113	1	バカにして！	무시하고！
5114	1	やれるもんなら、やってみなさいな。	할 수 있으면、해 보시지。
5115	1	じゃあね	그럼 안녕
5116	1	ねえ。	저기。
5117	1	どうやら、	아무래도、
5118	1	ふ～ん。おもしろそうだね～。	흐～음。재미있어 보이네～。
5119	1	できるわけないじゃん、	될 리가 없잖아、
5120	1	よって、貴方のような美しい方は当然、	따라서、당신 같은 아름다운 분은 당연히、
5121	1	じゃあ、今日はあたしがやる～！	그럼、오늘은 내가 한다～！
5122	1	お、おい。ちょっと待て。	어、어이。잠깐 기다려。
5123	1	はあ～。わかったよ。	하아～。알겠어。
5124	1	オトコらしいというのは、	사나이답다는 것은、
5125	1	貴方のような、	당신 같은、
5126	1	（ヒューーーーン！）	（휘이이이잉！）
5127	1	１ポイントゲエエエエエエット！	１포인트 획드으으으으으윽！
5128	1	なんでだ！	어째서냐！
5129	1	あ～！おもしろかった！	아～！재미있었다！
5130	1	そんなの無理だろう。	그런 건 무리잖아。
5131	1	いけますよ。	됩니다。
5132	1	いけるのかよ！	되는 거냐！
5133	1	この方は貴方の恋人ですよね。	이분은 당신 애인이시죠。
5134	1	違う！	아니다！
5135	1	だったら、このポイントは貴方の物	그렇다면、이 포인트는 당신 것
5136	1	聞けよ！	들어라！
5137	1	美しい女性とラブラブするのも、	아름다운 여성과 알콩달콩하는 것도、
5138	1	ラブラブって言うな！	알콩달콩이라고 하지 마라！
5139	1	ん？あれは	응？저건
5140	1	もちろん決まっているでやんすよ！	물론 정해져 있습죠！
5141	1	あのう、すみません。	저기、실례합니다。
5142	1	そうです！その通りです！	그렇습니다！그대로입니다！
5143	1	私には見えますよ。	저에게는 보여요。
5144	1	俺達には見えないよな・・・・	우리에게는 안 보이지・・・・
5145	1	当然でやんす。	당연합죠。
5146	1	そんな美しいオーラを持つ貴方が	그런 아름다운 오라를 지닌 당신이
5147	1	僕は人間に興味があります。	나는 인간에게 흥미가 있습니다。
5148	1	人間になりたいと思いました！	인간이 되고 싶다고 생각했습니다！
5149	1	多くの人に見てもらう？	많은 사람에게 보여준다？
5150	1	では、行きなさい！	그럼、가세요！
5151	1	いいオトコ！！	좋은 사나이！！
5152	1	待ちたまえ！	기다리게！
5153	1	見つかったあああああ！	들켰다아아아아！
5154	1	さあ！見たまえ僕を！	자！나를 보게！
5155	1	人間へ興味はどうした！	인간에 대한 흥미는 어쨌나！
5156	1	今は自分への興味でいっぱいなのさ！	지금은 자신에 대한 흥미로 가득해！
5157	1	じゃあ、早速助けようか	그럼、당장 도우러 갈까
5158	1	オー！でやんす！	오오！입죠！
5159	1	大丈夫だったかい？	괜찮았나？
5160	1	助けてくれてありがとうございます。	도와주셔서 감사합니다。
5161	1	いえいえ、助けるのは当然の事だよ。	아뇨아뇨、돕는 건 당연한 일이야。
5162	1	そんな事は・・・・・・。	그런 건・・・・・・。
5163	1	じゃあ、優しいついでに	그럼、친절한 김에
5164	1	いつの間にか、かなり近くまで	어느새、꽤 가까이까지
5165	1	そんなバカな・・・・・・。	그런 말도 안 되는・・・・・・。
5166	1	（ジャキッ！）	（철컥！）
5167	1	気付くのが遅いよ？	눈치채는 게 늦어？
5168	1	くそっ！お前は誰だ？	젠장！너는 누구냐？
5169	1	くそっ・・・・・・。	젠장・・・・・・。
5170	1	親分！終わりやした！	두목！끝났습니다요！
5171	1	じゃあ、行こっか！	그럼、갈까！
5172	1	貴方も面白くなかったね。	당신도 재미없었네。
5173	1	じゃあね～。バイバイ！	그럼 안녕～。바이바이！
5174	1	大丈夫でやんすか！	괜찮습죠！
5175	1	オイラも大丈夫でやんす！	나도 괜찮습죠！
5176	1	他の被害は？	다른 피해는？
5177	1	荷物とペラを奪われたのと、	짐과 페라를 빼앗긴 것과、
5178	1	そうか・・・・・・・。	그런가・・・・・・・。
5179	1	いや、別に何にもないよ。	아니、딱히 아무것도 없어。
5180	1	とりあえず船を修理しないと	일단 배를 수리하지 않으면
5181	1	（面白くなかった？	（재미없었다？
5182	1	なんか派手にやったらしいわね。	뭔가 화려하게 했다더군。
5183	1	派手にやったのは	화려하게 한 건
5184	1	あの子らしいわ。	그 애답네。
5185	1	ああ、笑顔だったよ。	아아、웃는 얼굴이었어。
5186	1	予想通りね。	예상대로네。
5187	1	何が予想通りよ。	뭐가 예상대로야。
5188	1	無表情がベースのアンタに	무표정이 기본인 당신에게
5189	1	なに？不満？	뭐？불만？
5190	1	不満じゃないけど・・・・・・・。	불만은 아니지만・・・・・・・。
5191	1	なんでアンタが困るのよ。	어째서 당신이 곤란한 거야。
5192	1	貴女の情報は高く売れる。	당신 정보는 비싸게 팔려。
5193	1	アンタ！あたしの個人情報を売ってるの！	당신！내 개인정보를 팔고 있는 거야！
5194	1	私は情報屋よ。	나는 정보상이야。
5195	1	覚えておきなさい！	기억해 둬！
5196	1	楽しみにしてるわよ	기대하고 있을게
5197	1	絶対に調べてやるから！	반드시 조사해 줄 테니까！
5198	1	さあ、わからないわよ。	글쎄、모르겠는데。
5199	1	そうかい。	그런가。
5200	1	なんで	어째서
5201	1	何の用だ	무슨 볼일이냐
5202	1	うん！行こう行こう！	응！가자 가자！
5203	1	ここなんだろね？	여기겠지？
5204	1	お前はこの付近がテリトリーなんだろ？	너는 이 근처가 세력권이잖아？
5205	1	そう言われても、小惑星の数なんて	그렇게 말해도、소행성 수 따위
5206	1	そりゃそうだな。	그야 그렇군。
5207	1	今度はどれだけ大量なんだろうな？	이번엔 얼마나 대량일까？
5208	1	ウヒャヒャヒャヒャヒャ。	우햐햐햐햐햐。
5209	1	なるほどね。	과연。
5210	1	アイツラ？	저 녀석들？
5211	1	そんな奴ら居たのか。	그런 녀석들이 있었나。
5212	1	あたしはコイツラが嫌い。	나는 이 녀석들이 싫어。
5213	1	だからね、ずっと探してたんだ。	그래서 말이야、계속 찾고 있었어。
5214	1	相変わらず鬼のような情報網ね。	여전히 귀신 같은 정보망이네。
5215	1	アイツを手の平で泳がさせる事が	그 녀석을 손바닥 위에서 놀게 하는 게
5216	1	溺愛してるもんね～。	끔찍이 아끼니까～。
5217	1	えっ？どこにだ？	엣？어디에？
5218	1	そこに。	거기에。
5219	1	敵のギャングの本拠地にいるんだよ。	적 갱단의 본거지에 있어。
5220	1	や、やっぱり！	여、역시！
5221	1	ぶっ潰す～！	짓뭉개 준다～！
5222	1	何人いると思っているんだあああああ！	몇 명 있다고 생각하는 거야아아아아！
5223	1	いらっしゃいませ。お兄さん	어서 오세요。오빠
5224	1	あれ	어라
5225	1	久しぶりじゃないですよ！	오랜만이 아니에요！
5226	1	そんな事で怒っていると	그런 걸로 화내고 있으면
5227	1	そうだね～。	그렇네～。
5228	1	ひ、ひどい・・・・・・。	시、심하다・・・・・・。
5229	1	そだよ。	그래。
5230	1	先に言ええええ！	먼저 말해에에에！
5231	1	知ってるよ。	알고 있어。
5232	1	はい。そうです。	네。그렇습니다。
5233	1	嫌がらせか？お前は俺の事が嫌いなのか？	괴롭히는 건가？너는 내가 싫은 건가？
5234	1	そんなわけないじゃん。大好きだよ	그럴 리 없잖아。정말 좋아해
5235	1	お前だけだ・・・・・・。	너뿐이다・・・・・・。
5236	1	昨日はありがとうございました。	어제는 감사했습니다。
5237	1	あれ？知っているんだ？	어라？알고 있구나？
5238	1	な～んだ。	뭐～야。
5239	1	楽しそうに笑っていらっしゃる	즐겁게 웃고 계시는
5240	1	その発言だけで、死の世界を見せる事が	그 발언만으로、죽음의 세계를 보여줄 수
5241	1	ごめんなさい。	죄송합니다。
5242	1	このお兄さん達は信用できる人達ですか？	이 오빠들은 믿을 수 있는 사람들인가요？
5243	1	そうですか・・・・・・・。	그렇습니까・・・・・・・。
5244	1	お兄さん。	오빠。
5245	1	えっ？本当に？	엣？정말？
5246	1	うん。だって	응。왜냐면
5247	1	それじゃあ・・・・	그럼・・・・
5248	1	そだね・・・・・１トン８００ペラで	그러네・・・・・１톤에 ８００페라로
5249	1	そだね・・・・・１トン１０００ペラで	그러네・・・・・１톤에 １０００페라로
5250	1	それじゃあ、さっそく買う？	그럼、당장 살래？
5251	1	また店によってね。お兄さん	또 가게에 들러。오빠
5252	1	検討しとく～。	검토해 둘게～。
5253	1	それでは。	그럼。
5254	1	お前はいったい何者だ？	너는 대체 누구냐？
5255	1	気にしない気にしない。	신경 쓰지 마 신경 쓰지 마。
5256	1	まあ、こんな場所でも平和だな～。	뭐、이런 장소에서도 평화롭군～。
5257	1	前にオイラ達にレーザーを放ってきた、	전에 우리에게 레이저를 쏜、
5258	1	な、な、なんだってえええ！	뭐、뭐、뭐라고오오오！
5259	1	中から、緑の髪をした・・・・・・・	안에서、초록 머리를 한・・・・・・・
5260	1	あんた邪魔！	당신 방해！
5261	1	うわあああああああ！でやんす～！	우와아아아아아아아！입죠～！
5262	1	お前か！この船に突っ込んで来たのは！	너냐！이 배에 돌진해 온 건！
5263	1	何が目的だ！	뭐가 목적이냐！
5264	1	すんごく面白かったあ！	엄청 재미있었다！
5265	1	おい・・・・・・。	어이・・・・・・。
5266	1	おいってば！	어이라니까！
5267	1	えっ？なに？	엣？뭐？
5268	1	それはお前だ！	그건 너다！
5269	1	ああ、そうだね。	아아、그렇네。
5270	1	俺が知るか！	내가 알 게 뭐냐！
5271	1	ああ、そうそう。思い出したよ。	아아、맞다맞다。생각났어。
5272	1	宇宙船に乗って帰れ。	우주선을 타고 돌아가라。
5273	1	ひっど～い。	너무해～。
5274	1	俺は遊んでいる暇はないんだ。	나는 놀고 있을 틈이 없다。
5275	1	なんで？何をしてるの？	어째서？뭘 하고 있어？
5276	1	俺はこの宇宙を回ってワクチンを	나는 이 우주를 돌며 백신을
5277	1	ふ～ん・・・・・・・。	흐～음・・・・・・・。
5278	1	ふ～んって・・・・・・・。	흐음이라니・・・・・・・。
5279	1	そっか！	그렇구나！
5280	1	こっちは真面目な話をしているんだぞ！	이쪽은 진지한 얘기를 하고 있다！
5281	1	こっちも真面目な話をしているのよ！	이쪽도 진지한 얘기를 하고 있어！
5282	1	無視すんなよ・・・・・・。	무시하지 마라・・・・・・。
5283	1	だから、あたしも貴方の仲間になるよ！	그러니까、나도 당신 동료가 될게！
5284	1	決まってるのかよ。	정해진 거냐。
5285	1	なんで知ってるの？	어째서 알고 있어？
5286	1	へえ～。あたしもなかなか有名だねえ。	헤에～。나도 제법 유명하네。
5287	1	はあ・・・・・・わかったよ。	하아・・・・・・알겠어。
5288	1	やったあ！	해냈다！
5289	1	じゃあ、よろしくな。	그럼、잘 부탁한다。
5290	1	だけど、大勢いるんだね～。	그래도、많이 있네～。
5291	1	あっ！そういえば、うちの船から出る時に	앗！그러고 보니、우리 배에서 나올 때
5292	1	覚えていてくれて良かったよ。	기억해 줘서 다행이야。
5293	1	そうかい？	그런가？
5294	1	なんだか腕が、かゆい	뭔가 팔이、가렵다
5295	1	この森は、何かおかしい。	이 삼림은、뭔가 이상하다。
5296	1	よーし！	좋아！
5297	1	仕事の依頼	일 의뢰
5298	1	ご苦労さん。	수고했다。
5299	1	ステージ選択	스테이지 선택
5300	1	換金できる賞金首を、	환금 가능한 현상범을、
5301	1	必要な事は聞いた	필요한 건 들었다
5302	1	新たに入った情報は・・・	새로 들어온 정보는・・・
5303	1	（無いのかよ・・・）	（없는 거냐・・・）
5304	1	さっさと、捕まった賞金首の	얼른、잡힌 현상범의
5305	1	賞金首の情報は、ありませんね。	현상범 정보는、없네요。
5306	1	賞金首のリストは、	현상범 목록은、
5307	1	見つけたぞ、賞金首！	찾았다、현상범！
5308	1	あと少し！	조금만 더！
5309	1	でも、仕事は失敗でやんすね。	그래도、일은 실패입죠。
5310	1	命があっただけでもよかったさ。	목숨이 붙어 있는 것만으로도 다행이지。
5311	1	あの植物っ	저 식물
5312	1	まだ来るでやんす！	아직 옵죠！
5313	1	だめだ！	안 된다！
5314	1	「輸送列車の護衛」	「수송 열차 호위」
5315	1	「森の主退治」	「삼림의 주인 퇴치」
5316	1	シカッ！	사슴！
5317	1	狩りの途中だったのに、すみません。	사냥 중이었는데、죄송합니다。
5318	1	いえいえ、お気になさらずに。	아뇨아뇨、신경 쓰지 마세요。
5319	1	寝てたのは、	자고 있었던 건、
5320	1	もう過ぎた事でやんす！	이미 지난 일입죠！
5321	1	「輸送車の護衛」	「수송차 호위」
5322	1	「シカ退治」	「사슴 퇴치」
5323	1	どうして、こんな物が	어째서、이런 게
5324	1	捕まえに行くぞ！	잡으러 간다！
5325	1	よし、森を探索するぞ！	좋아、삼림을 탐색한다！
5326	1	せっかく、	모처럼、
5327	1	本日は、どういったご用件でしょう？	오늘은、어떤 용건이신가요？
5328	1	オオカミッ！	늑대！
5329	1	オオカミの方	늑대 쪽
5330	1	あのあと、他の者と協力して、	그 뒤、다른 사람과 협력해서、
5331	1	あ、そうなんですか。	아、그런가요。
5332	1	いえいえ、あなたが弱らせてくれた	아뇨아뇨、당신이 약하게 만들어 준
5333	1	賞金首速報！！	현상범 속보！！
5334	1	（お、賞金首の情報だ）	（오、현상범 정보다）
5335	1	最後は、ブラザー達おまちかね！	마지막은、브라더들이 기다리던！
5336	1	（ピッ）	（삑）
5337	1	なんだ、この番組・・・	뭐냐、이 프로그램・・・
5338	1	まあまあ、	자자、
5339	1	えーと・・・賞金稼ぎ組合？	그러니까・・・현상금 사냥꾼 조합？
5340	1	何の用っ	무슨 볼일
5341	1	まあ、副業としてだけどね。	뭐、부업으로서지만。
5342	1	なるほどでやんす。	과연입죠。
5343	1	どうだったでやんす？	어땠습죠？
5344	1	それがいいかもね。	그게 좋을지도。
5345	1	仕入れて他の星に持っていけば、	사들여서 다른 별에 가져가면、
5346	1	これ？	이거？
5347	1	私は、いいわ。	나는、됐어。
5348	1	いいから	됐으니까
5349	1	私の大切な物よ。	내 소중한 물건이야。
5350	1	管理が	관리가
5351	1	待たせたな。	기다리게 했군。
5352	1	今日、狩って来てもらいたいのは、	오늘、사냥해 와 줬으면 하는 건、
5353	1	そう、シカだ。	그래、사슴이다。
5354	1	まあ、普通のものより凶暴といっても、	뭐、평범한 것보다 흉포하다고 해도、
5355	1	なんだ、シカ	뭐냐、사슴
5356	1	あのシカ、なんか変でやんす。	저 사슴、뭔가 이상합죠。
5357	1	（キシャァァァッ！）	（키샤아아앗！）
5358	1	うわ！	우와！
5359	1	植物のツル？	식물 덩굴？
5360	1	そうみたいでやんす。	그런 것 같습죠。
5361	1	ですね。	그렇네요。
5362	1	（お兄様が盗賊団のリーダー？	（오라버니가 도적단 리더？
5363	1	さて、どこへ行こうかな。	자、어디로 갈까。
5364	1	おう、来たな。	오냐、왔군。
5365	1	もう無理でやんす！	이제 무리입죠！
5366	1	おっと、	이런、
5367	1	助けて欲しいか？	도움을 받고 싶나？
5368	1	おまえらなんかに、	너희들 따위에게、
5369	1	ははは、威勢がいいな。	하하하、기세가 좋군。
5370	1	レーダーに、機影多数！	레이더에、기영 다수！
5371	1	まあ、落ち着きなよ。	자、진정해。
5372	1	監視用モニター艦？	감시용 모니터함？
5373	1	そんな、星に近づいて、	그런、별에 다가가서、
5374	1	宇宙港で、貿易するだけなら	우주항에서、무역만 한다면
5375	1	そんなものでやんすか。	그런 겁죠。
5376	1	まあ、そんなものだよ。	뭐、그런 거야。
5377	1	この間は、	지난번엔、
5378	1	気になるなら、	신경 쓰이면、
5379	1	確かこの辺りから森が急	분명 이 근처부터 삼림이 갑
5380	1	うん、この森	응、이 삼림
5381	1	なんだか、嫌な感じの森でやんす。	뭔가、기분 나쁜 삼림입죠。
5382	1	調査も兼ねて、	조사도 겸해서、
5383	1	それにしても、すごい森だな。	그건 그렇고、대단한 삼림이군。
5384	1	まるで、	마치、
5385	1	よし、捕まえに行こう。	좋아、잡으러 가자。
5386	1	どこにいるんだい？	어디에 있나？
5387	1	今、この星にいるでやんす！	지금、이 별에 있습죠！
5388	1	今の「よし！」は、なんでやんすか！	방금 「좋아！」는、뭡죠！
5389	1	いやぁ・・・	아이고・・・
5390	1	大儲けじゃないでやんすか。	큰돈 버는 거 아닙죠。
5391	1	少し前までは、	얼마 전까지는、
5392	1	うん、	응、
5393	1	オイラも一度でいいから、	나도 한 번이면 되니까、
5394	1	楽しみでやんす。	기대됩죠。
5395	1	触るな！	만지지 마라！
5396	1	大丈夫？	괜찮아？
5397	1	知らないわ。	몰라。
5398	1	まったく・・・この狭い船で	정말・・・이 좁은 배에서
5399	1	・・・あの時か？	・・・그때인가？
5400	1	おお。	오오。
5401	1	列車だけじゃなく、	열차뿐만 아니라、
5402	1	うん、軌道エレベーターと	응、궤도 엘리베이터와
5403	1	よーし。	좋아。
5404	1	向こうみたいでやんす。	저쪽인 것 같습죠。
5405	1	では、今から簡単に説明を行う。	그럼、지금부터 간단히 설명하겠다。
5406	1	バナナは、おやつに入るでやんすか？	바나나는、간식에 들어갑죠？
5407	1	食事は、こちらで用意する。	식사는、이쪽에서 준비한다。
5408	1	つまらない答えでやんす。	시시한 대답입죠。
5409	1	ほかに質問のある者は？	그 밖에 질문 있는 자는？
5410	1	なかなか、快適な旅でやんす。	제법、쾌적한 여행입죠。
5411	1	お、そろそろ	오、슬슬
5412	1	（今は、自由行動中で、	（지금은、자유 행동 중이라、
5413	1	やめよう。	그만두자。
5414	1	もったいないでやん	아깝습
5415	1	宇宙港がなかった頃は、	우주항이 없던 시절엔、
5416	1	お待ちなさい！	기다리세요！
5417	1	（ムギュッ）	（뭉개）
5418	1	あら、何か踏んでしまったわ。	어머、뭔가 밟아 버렸네。
5419	1	いたた。	아야야。
5420	1	まあ、大丈夫？	어머、괜찮아？
5421	1	昼寝ってそん	낮잠이라니 그
5422	1	いけない、こんな事をしていては、	안 되겠다、이러고 있어서는、
5423	1	まあ、大丈	어머、괜
5424	1	到着して早々ついてないでやんすね。	도착하자마자 운이 없습죠。
5425	1	まったくだよ。	정말이야。
5426	1	シカ退治の依頼を受けて	사슴 퇴치 의뢰를 받고
5427	1	お待ちしておりました。	기다리고 있었습니다。
5428	1	やはり	역시
5429	1	よし、行くぞ！	좋아、간다！
5430	1	よし、来い！	좋아、와라！
5431	1	もう	이제
5432	1	しばらく休憩したら、	잠시 쉬었다가、
5433	1	お兄様の復讐	오라버니의 복수
5434	1	終わったよ。	끝났어。
5435	1	さあ、そこのキミ！	자、거기 자네！
5436	1	よかったでやんすか？	괜찮았습죠？
5437	1	詳しい話は、よくわかりません	자세한 얘기는、잘 모릅니다
5438	1	俺は、賞金稼ぎに狙われているんだぞ？	나는、현상금 사냥꾼에게 쫓기고 있다？
5439	1	本人は、	본인은、
5440	1	俺も協力します。	저도 협력하겠습니다。
5441	1	見つけたわよ、	찾았어、
5442	1	クソッ、賞金稼ぎか！	젠장、현상금 사냥꾼인가！
5443	1	賞金稼ぎなんかに	현상금 사냥꾼 따위에게
5444	1	あなた、なかなかやるわね。	당신、제법이네。
5445	1	いや、俺なんてたいした事無いよ。	아니、나 따위 대단할 것 없어。
5446	1	賞金稼ぎの登録をしたいのです	현상금 사냥꾼 등록을 하고 싶습니다
5447	1	はい、それでしたら、	네、그러시면、
5448	1	はい、確かに２０００ペラ	네、분명히 ２０００페라
5449	1	ライセンスの有効期限は、	라이선스 유효기간은、
5450	1	２０００ペラも払って、	２０００페라나 내고、
5451	1	まあ、なんとかなるよ。	뭐、어떻게든 되겠지。
5452	1	そうなんです。	그렇습니다。
5453	1	じゃあ、行きましょう。	그럼、갑시다。
5454	1	町の様子は見た？	마을 상황은 봤어？
5455	1	そうなのよ。	그래。
5456	1	今回は、すでに犠牲者が出ているの。	이번엔、이미 희생자가 나왔어。
5457	1	ええ・・・	네・・・
5458	1	二桁も殺されてるのに？	두 자릿수나 살해당했는데？
5459	1	なんで、見た人がいないのに	어째서、본 사람이 없는데
5460	1	あー、正確にはオオカミかどうか	아、정확히는 늑대인지 어떤지
5461	1	ああ、なるほ	아아、과
5462	1	まあ、そういう事になるな。	뭐、그런 셈이 되는군。
5463	1	そうですわ。	그래요。
5464	1	そんな事なんておっしゃらないで！	그런 말씀 하지 마세요！
5465	1	じゃあ、俺を捕まえに来たんだね。	그럼、나를 잡으러 온 거군。
5466	1	はい、お兄様。	네、오라버니。
5467	1	なんか話がよくわからない方向に	뭔가 얘기가 이상한 방향으로
5468	1	ふう、しかたないな。	휴、어쩔 수 없군。
5469	1	犯罪者の前に、私のお兄様です。	범죄자이기 전에、제 오라버니입니다。
5470	1	俺は、キミの命を助けてやった	나는、자네 목숨을 구해 줬다
5471	1	シカでやんす！	사슴입죠！
5472	1	オオカミでやんす！	늑대입죠！
5473	1	変なところに出たでやんす。	이상한 데로 나왔습죠。
5474	1	急に森の雰囲気が変わったぞ？	갑자기 삼림 분위기가 바뀌었다？
5475	1	で、でたでやんす！	나、나왔습죠！
5476	1	よし！いくぞ！	좋아！간다！
5477	1	狼退治の依頼を受けて	늑대 퇴치 의뢰를 받고
5478	1	最近、この町にオオカミの一群が	최근、이 마을에 늑대 무리가
5479	1	それは、今までになかった事	그건、지금까지 없던 일
5480	1	何か思い当たる原因は、あるんですか？	뭔가 짚이는 원인은、있습니까？
5481	1	ははあ、なるほど。	하아、과연。
5482	1	そういうことです。	그런 겁니다。
5483	1	オオカミの群れでやんす！	늑대 무리입죠！
5484	1	よし、行くぞ。	좋아、간다。
5485	1	まだまだいるでやんす！	아직 많이 있습죠！
5486	1	もう一息でやんす！	조금만 더입죠！
5487	1	だといいですね。	그러면 좋겠네요。
5488	1	別に、寝てたわけじゃ	딱히、자고 있던 건
5489	1	踏みつけたのも何かの縁ね。	밟은 것도 무슨 인연이네。
5490	1	俺は、	나는、
5491	1	（仲間に誘ってみようかな？）	（동료로 권해 볼까？）
5492	1	よかったら、	괜찮다면、
5493	1	ダメかな？	안 될까？
5494	1	一応、持ってるけ	일단、갖고 있는데
5495	1	そう、それならいいわ。	그래、그렇다면 됐어。
5496	1	よろしく。	잘 부탁해。
5497	1	持ってるわよ？	갖고 있는데？
5498	1	（どんな操縦するんだろ	（어떤 조종을 할까
5499	1	あんまり言われる物だから、	하도 그런 말을 들어서、
5500	1	それで、あなたの船は	그래서、당신 배는
5501	1	それが、今	그게、지금
5502	1	えーと、ちょっと待ってよ？	그러니까、잠깐 기다려？
5503	1	信じられないわ。	믿을 수 없어。
5504	1	ワクチンの情報でも聞き込みに行くか。	백신 정보라도 알아보러 갈까。
5505	1	ちょっといいですか？	잠깐 괜찮을까요？
5506	1	注文かい？	주문인가？
5507	1	いえ、ワクチンについて	아뇨、백신에 대해
5508	1	ちょっと待ちな。	잠깐 기다려。
5509	1	（あ、	（아、
5510	1	話の続きは、	얘기의 계속은、
5511	1	で、注文は？	그래서、주문은？
5512	1	あ、じゃあ	아、그럼
5513	1	今、ワクチンの事を聞くなんて、	지금、백신 얘기를 묻다니、
5514	1	仕事の斡旋なんかもやってるんでね。	일 알선 같은 것도 하고 있어서 말이야。
5515	1	おいおい、そんな顔	어이어이、그런 얼굴
5516	1	だから、なんとかしてやるって	그러니까、어떻게든 해주겠다고
5517	1	本当ですか！	정말입니까！
5518	1	まあ、俺達も	뭐、우리도
5519	1	ただ、まあ、今ワクチンを	다만、뭐、지금 백신을
5520	1	ですよね。	그렇죠。
5521	1	そこで、こちらからも一つ頼みたい事が	그래서、이쪽에서도 한 가지 부탁할 게
5522	1	ワクチンを安く譲るかわりに、	백신을 싸게 넘기는 대신、
5523	1	なに、簡単な仕事だ。	뭘、간단한 일이다。
5524	1	（確かに、張り紙がたくさん	（확실히、벽보가 잔뜩
5525	1	あれ全部、仕事の依頼なんだ	저거 전부、일 의뢰인 거다
5526	1	わざわざ危険を冒して	굳이 위험을 무릅쓰고
5527	1	別に、ぼったくろうって訳じゃない。	딱히、바가지 씌우려는 건 아니다。
5528	1	乗った！	받아들이지！
5529	1	じゃあ、受ける仕事が決まったら	그럼、받을 일이 정해지면
5530	1	行こう！	가자！
5531	1	確かこの辺りでやんす。	분명 이 근처입죠。
5532	1	俺を探してるのかな？	나를 찾고 있는 걸까？
5533	1	また賞金稼ぎ	또 현상금 사냥꾼
5534	1	まったく、賞金稼ぎというのは、	정말、현상금 사냥꾼이라는 것은、
5535	1	まさか、俺が負けると	설마、내가 질 줄은
5536	1	あなたも、強かったです。	당신도、강했습니다。
5537	1	本気でやんすか？	진심입죠？
5538	1	よし、決まったらすぐ行動だ。	좋아、정해지면 바로 행동이다。
5539	1	こっちだ、ついて来てくれ。	이쪽이다、따라와 줘。
5540	1	組むわけ無いだろ。	손잡을 리 없잖아。
5541	1	ははは、正しい判断だ。	하하하、옳은 판단이다。
5542	1	つまらない	시시한
5543	1	俺が助けた命を、俺が奪うなん	내가 구한 목숨을、내가 빼앗다니
5544	1	あの時、見逃したのが失敗だったな。	그때、놓아준 게 실수였군。
5545	1	いや、そうでもない。	아니、그렇지도 않다。
5546	1	さあ、行こうか。	자、갈까。
5547	1	もう少し早く出ればよかったわね。	조금 더 일찍 나올 걸 그랬네。
5548	1	お久しぶりです。	오랜만입니다。
5549	1	でも、帰ってきたのは、	그래도、돌아온 것은、
5550	1	（バサッ）	（툭）
5551	1	まあ、見つかったら見つかったで	뭐、들키면 들키는 대로
5552	1	お兄様は、見張ってないと	오라버니는、지켜보지 않으면
5553	1	仕事？	일？
5554	1	はい、先生。	네、선생님。
5555	1	何？	뭐？
5556	1	あー、あれ？	아、어라？
5557	1	あ、じゃあ、格闘技の先生？	아、그럼、격투기 선생님？
5558	1	まあ、そう言うこと。	뭐、그런 셈이지。
5559	1	えーと、先生って事は、	그러니까、선생님이라는 건、
5560	1	んー？	응？
5561	1	先生！	선생님！
5562	1	じゃあ、オオカミ退治は明日にして	그럼、늑대 퇴치는 내일로 하고
5563	1	たしかに、すごいんだけ	확실히、대단하긴 한데
5564	1	（早く報告しないと、	（빨리 보고하지 않으면、
5565	1	平気でやんす！	괜찮습죠！
5566	1	助かったでやんす。	살았습죠。
5567	1	どこに、危険が潜んでいるかも	어디에、위험이 숨어 있을지도
5568	1	ごめんでやんす。	미안합죠。
5569	1	え？なんでやんす？	에？뭡죠？
5570	1	宇宙船だよ、	우주선이야、
5571	1	本当でやんす。	정말입죠。
5572	1	わからないけ	모르겠지만
5573	1	密輸でやんすか？	밀수입죠？
5574	1	じゃあ、このお宝は、	그럼、이 보물은、
5575	1	みたいだね。	그런 것 같네。
5576	1	もう持ち主はいないから、	이제 주인은 없으니까、
5577	1	ほほう、そんな事があったのか。	호오、그런 일이 있었나。
5578	1	たぶん	아마
5579	1	それより、被害者っていうのは？	그보다、피해자라는 건？
5580	1	あー、うん。	아、응。
5581	1	残念。	아쉽네。
5582	1	あら、来ちゃったのね。	어머、와 버렸네。
5583	1	・・・っ許さないわ！	・・・용서 안 해！
5584	1	邪魔ものは、いなくなったわね。	방해꾼은、사라졌네。
5585	1	植物ね。	식물이네。
5586	1	嘘だろ？	거짓말이지？
5587	1	鹿退治の依頼を受けて	사슴 퇴치 의뢰를 받고
5588	1	最近、この町	최근、이 마을
5589	1	原因は、判っているんですか？	원인은、알고 계신가요？
5590	1	その農場が原因なんですか？	그 농장이 원인인가요？
5591	1	いえ、規模こそ違いますが、	아뇨、규모야 다르지만、
5592	1	オオカミは、稀に人を襲う事も	늑대는、드물게 사람을 덮치는 일도
5593	1	天敵がいなくなって、シカが増える。	천적이 없어져서、사슴이 늘어난다。
5594	1	増えすぎたシカは、	너무 늘어난 사슴은、
5595	1	それを、防ぐためには、	그것을、막기 위해서는、
5596	1	町の者でも手分けして少しずつ	마을 사람들도 나눠서 조금씩
5597	1	任せてください！	맡겨 주세요！
5598	1	案内は、私がしますので、	안내는、제가 하겠으니、
5599	1	はい、シカです。	네、사슴입니다。
5600	1	（想像していた物と、	（상상했던 것과、
5601	1	いや、まさか鹿が空を飛んでいるとは、	아니、설마 사슴이 하늘을 날고 있을 줄은、
5602	1	シカは、空を飛ぶ物ですよ。	사슴은、하늘을 나는 겁니다。
5603	1	あ、そうですね。	아、그렇네요。
5604	1	じゃあ、もう少し狩ったら帰りますか。	그럼、조금 더 사냥하고 돌아갈까요。
5605	1	結局、終点まで	결국、종점까지
5606	1	ああ、準備の方は？	아아、준비 쪽은？
5607	1	完璧です！	완벽합니다！
5608	1	交代時間だ。	교대 시간이다。
5609	1	なんだ！？	뭐냐！？
5610	1	何が起こったでやんす。	무슨 일이 일어났습죠。
5611	1	（うわっ、急ブレーキ！？）	（우왓、급브레이크！？）
5612	1	盗賊団！？	도적단！？
5613	1	まだでやんす	아직입죠
5614	1	ああ、歩いて帰らないと	아아、걸어서 돌아가지 않으면
5615	1	疲れたでやん	지쳤습
5616	1	街が見えたでやん	거리가 보였습
5617	1	今回は、すまなかったな。	이번엔、미안했다。
5618	1	これは、お詫びの気持ちだ。	이건、사과의 뜻이다。
5619	1	あの、	저기、
5620	1	やっぱりそうだ。	역시 그렇다。
5621	1	さ、乗ってください。	자、타세요。
5622	1	そうですよ。	그렇습니다。
5623	1	なんだか、馬車のように	뭔가、마차처럼
5624	1	馬車ですよ？	마차인데요？
5625	1	（街中を走っている馬車は	（거리를 달리는 마차는
5626	1	列車ですか。	열차인가요。
5627	1	はい？	네？
5628	1	積荷は、なんですか？	적재물은、뭔가요？
5629	1	あ、そうですよね。	아、그렇죠。
5630	1	へぇ。	헤에。
5631	1	あ、ちょっと待ってください。	아、잠깐 기다려 주세요。
5632	1	（ゴソゴソ）	（부스럭부스럭）
5633	1	あ、いいんですか？	아、괜찮은가요？
5634	1	さあ、そろそろ	자、슬슬
5635	1	最近、この辺りは物騒なんですか？	최근、이 근처는 뒤숭숭한가요？
5636	1	うーん、そうですねぇ。	으음、그렇네요。
5637	1	それは、やっぱり宇宙港ができたから？	그건、역시 우주항이 생겨서？
5638	1	それが大きな要因だとは、思いますよ。	그게 큰 요인이라고는、생각해요。
5639	1	まだ来るぞ！	아직 온다！
5640	1	（お、これは貰っておこう）	（오、이건 받아 두자）
5641	1	着きましたよ。	도착했어요。
5642	1	あ、お帰り	아、어서 와
5643	1	ただいま、	다녀왔어、
5644	1	１週間やそこら	１주일 남짓
5645	1	いいの！	됐어！
5646	1	べっつに～？	별～로？
5647	1	今日は、ゆっくり休んでくださいね。	오늘은、푹 쉬세요。
5648	1	（ゆっくり休みました）	（푹 쉬었습니다）
5649	1	やっぱり、追いかけよう。	역시、쫓아가자。
5650	1	え？何が？	에？뭐가？
5651	1	私、気付いちゃったの！	나、눈치채 버렸어！
5652	1	俺には、本当の事なのか	나로서는、정말인지 어떤지
5653	1	ありがとう、	고마워、
5654	1	それで、どうするの？	그래서、어떻게 할 거야？
5655	1	（行こうとしてたのは、	（가려고 했던 건、
5656	1	おかしいな。	이상하군。
5657	1	そこに、転がってるわ。	거기에、굴러다녀。
5658	1	あら、あたしのせいじゃないわよ？	어머、내 탓이 아니야？
5659	1	黙れ！化け物！	닥쳐！괴물！
5660	1	（ドスッ！）	（푹！）
5661	1	（ダン！ダン！ダン！）	（탕！탕！탕！）
5662	1	まあ、生きてます・・・	뭐、살아 있습니다・・・
5663	1	それは、よかった。	그거、다행이군。
5664	1	やってくれるわね、	해주는군、
5665	1	キミは、普通じゃなかったみたいだな。	자네는、평범하지 않았던 모양이군。
5666	1	お兄様！	오라버니！
5667	1	よかった。	다행이다。
5668	1	あーあ、これで勢ぞろいね。	아～아、이걸로 총집합이네。
5669	1	これで、終わりか？	이걸로、끝인가？
5670	1	それは、先生じゃないわ。	그건、선생님이 아니야。
5671	1	植物の化け	식물 괴
5672	1	（道場で見つかった	（도장에서 발견된
5673	1	信じてくれてありがとう。	믿어 줘서 고마워。
5674	1	おはようございます。	안녕하세요。
5675	1	あ、おはよう	아、안녕
5676	1	朝、早いんですね。	아침、일찍이시네요。
5677	1	いや、なんか目が覚めちゃって。	아니、뭔가 잠이 깨서。
5678	1	あ、私は、朝食の準備とか	아、저는、아침 식사 준비라든가
5679	1	ヨハンが！	요한이！
5680	1	ヨハン？	요한？
5681	1	朝の畑仕事から帰ってこないと	아침 밭일에서 안 돌아온다고
5682	1	と、とりあえず	이、일단
5683	1	は、はい！	네、넷！
5684	1	私のせいだ	내 탓이다
5685	1	だって！	왜냐면！
5686	1	それは、そうだけ	그건、그렇지만
5687	1	だいたい、	애초에、
5688	1	こんな時に、	이런 때에、
5689	1	あ、いや	아、아니
5690	1	過ぎた事を、いつまでも悔やんでいても	지난 일을、언제까지나 후회해 봐야
5691	1	そう言うことだから、	그런 거니까、
5692	1	じゃあ、あたし達は向うを探すわ。	그럼、우리는 저쪽을 찾을게。
5693	1	オオカミって、たくさんいるの？	늑대가、많이 있어？
5694	1	じゃあ、お昼になったら	그럼、점심때가 되면
5695	1	大丈夫。	괜찮아。
5696	1	まだ、息があるでやん	아직、숨이 붙어 있습
5697	1	（クルッ・・・ダダダダダッ）	（휙・・・다다다다닷）
5698	1	逃げたでやん	도망쳤습
5699	1	しかたない	어쩔 수 없다
5700	1	落ち着いて、	진정하고、
5701	1	どこで襲われたんですか？	어디서 습격당했나요？
5702	1	俺達が、逃がしたすぐ後か・・・！	우리가、놓아준 직후인가・・・！
5703	1	オオカミをしとめたぞ！	늑대를 잡았다！
5704	1	オオカミ避けのワナに	늑대 방지용 덫에
5705	1	そうなんですか。	그런가요。
5706	1	最後はワナ	마지막은 덫
5707	1	本当に、今から帰るんですか？	정말로、지금 돌아가시나요？
5708	1	いや、今日は、帰るよ。	아니、오늘은、돌아갈게。
5709	1	ダメよ	안 돼
5710	1	先生、動いて大丈夫なの？	선생님、움직여도 괜찮아요？
5711	1	もう、無茶しないで！	이제、무리하지 마세요！
5712	1	わかったわ。	알겠어。
