offset	budget	opcode	occurrences	jp	ko
0x0C153D	3	FE	105	みペ）	
0x0EEE8E	3	FD	80	エ）え	
0x0DA516	3	F881	75	イ）き	
0x0BE725	3	FD	70	たペ）	
0x12B715	3	F844	56	メヂ・	
0x140FA0	3	F800	54	めむも	
0x0BE5C6	3	FD	53	ッ（か	
0x128BF9	4	FF	48	いッ（え	
0x128C11	4	FF	48	いッ（く	
0x128C29	4	FF	48	いッ（し	
0x136415	11	FF	46	ヴブヴっヴハツテあブつ	
0x136C39	6	FA	41	なヨけつあＣ	
0x105D16	3	FB	40	オ）え	
0x12B482	3	FF	40	エ、え	
0x12B50E	3	FF	40	アＶえ	
0x0C265E	3	FF	38	ウ）き	
0x0BF9E9	3	FE	37	ぜペ）	
0x0C1B0D	3	FE	37	ぽペ）	
0x0FC258	3	F88F	37	ぜヌう	
0x0DDE66	3	FF	35	ィ（え	
0x134AC5	6	FF	34	ヴＨヴぜあ…	
0x0C3366	3	FE	33	ォ（か	
0x128C9C	5	F84F	32	た。ゴつほ	
0x12B48D	3	FF	32	だヂ・	
0x0E0CB2	3	FF	30	ペＸぢ	
0x12B579	3	FF	29	ゾヂ・	
0x0EFBDA	3	FC	27	ズ姶	
0x0C55E2	3	FE	26	ぽ）お	
0x0CAF45	3	FE	26	ぃペ）	
0x0E2B3E	3	FF	24	ぽ）あ	
0x11B67A	3	FF	24	ゼ・ぇ	
0x0CC89E	3	FD	23	ア）い	
0x0F43FA	3	F830	23	イ）く	
0x0E4F7E	3	FC	22	ぽ）き	
0x11B66A	3	FF	22	い（あ	
0x12B795	3	FF	21	メゼ・	
0x139B99	7	FF	20	ヴＭヴアヴ○ア	
0x139BC0	5	FF	20	／くＯえヂ	
0x128A02	3	FF	20	オ、え	
0x128A8E	3	FF	20	イＶえ	
0x139FD1	7	FF	19	ヴＭヴアヴけコ	
0x0BE971	4	FE	19	みペ）え	
0x0E5192	3	F880	19	ぽ）い	
0x12B7F5	8	FF	18	いヅ・けィズ・た	
0x13819B	7	FF	18	ムＵタァぱタヲ	
0x0C7ED2	3	FE	17	ド旭	
0x0E0D2A	3	FF	17	ア）え	
0x12D6B6	11	FF	16	ペて瀞Ｒねた。ゴつほ	
0x1363C8	11	F896	16	まずピんふほドな（さネ	
0x128B9E	10	FF	16	ケうあたペうクたＵお	
0x137598	7	FF	16	』えデえウえん	
0x128C3B	6	FF	16	はかぃペ）き	
0x0BDC91	4	FE	16	ァＲ阿	
0x0BE9DD	4	FE	16	たペ）く	
0x0DCE99	4	FF	16	あゼ・ぃ	
0x128CED	4	FF	16	ミペても	
0x140F88	4	FF	16	とめむも	
0x0DDEB2	3	FF	16	ぁ）い	
0x0DEE36	3	FD	16	ア）あ	
0x128C62	3	FF	16	ベ哀	
0x131948	3	FF	16	たバい	
0x137F98	7	FF	15	Ｔくブえユえイ	
0x0C8656	3	FF	15	ャ逢	
0x0C937E	3	FE	15	ぽ）え	
0x0D8EAA	3	FE	15	ぽうあ	
0x0E87CA	3	FD	15	イ）こ	
0x105B56	3	F80E	15	オ）あ	
0x0BDD4D	4	FE	14	ァＲ亜	
0x0BDD5D	4	FE	14	ァＲ愛	
0x12B71D	4	FF	14	タペても	
0x0C41F2	3	FE	14	ぽてお	
0x0D2EE6	3	FD	14	ぽ）う	
0x0D563E	3	FF	14	ぽてか	
0x0DF8AA	3	FC	14	ア）う	
0x121132	3	FF	14	ペダほ	
0x13EAB0	3	FF	14	タ釆	
0x0C34E5	3	FE	13	タペ）	
0x0DE696	3	F818	13	ィ（ね	
0x114DB2	3	FF	13	ぁ）う	
0x1371D1	7	FF	12	ヴコヒＪカヒを	
0x0C7F26	3	FE	12	ィ（く	
0x0DA4C6	3	F881	12	ア）か	
0x0DE6BE	3	F818	12	ィ（し	
0x0DE6D2	3	F818	12	ィ（た	
0x0DF76E	3	F811	12	ア）き	
0x0F0336	3	FC	12	ゼ姶	
0x0FC672	3	FF	12	ペてえ	
0x0FCECA	3	F80E	12	ゥ（え	
0x131930	3	FF	12	タオえ	
0x141D58	3	F8F8	12	Ｐおし	
0x141DB8	3	FE	12	でかし	
0x0FA083	5	FE	11	険みペ）	
0x0C1B22	3	FE	11	ャ（か	
0x0D3CD1	3	FD	11	ねペ）	
0x0DDE06	3	FD	11	ぽてあ	
0x0DE6AA	3	F818	11	ィ（ふ	
0x0DE701	3	F818	11	あペ）	
0x0E9E1A	3	FB	11	あ険	
0x0F2CF2	3	FC	11	ウ）く	
0x0F30F2	3	FC	11	ペ）あ	
0x0FB786	3	FF	11	ぽ）か	
0x137628	16	FF	10	６ぜそだヒを（う（う（う（う（う	
0x0BDC15	8	-	10	覆ズミァＲ挨	
0x0C8679	8	FF	10	たで（ああペ）え	
0x12B659	8	FF	10	いヅ・かィズ・た	
0x13A399	7	FF	10	ヴＭヴアヴ７ぴ	
0x13A799	7	FF	10	キンぢ❤んＩな	
0x0BEC5A	3	FD	10	ペてこ	
0x0DF52E	3	FF	10	ぜつづ	
0x0E8A06	3	FE	10	エ）け	
0x0E9EA6	3	FB	10	カてさ	
0x0EFBEA	3	FC	10	ダ姶	
0x0F6ABA	3	FF	10	ペＨえ	
0x0FD15E	3	FF	10	ゼ）あ	
0x0FDBC6	3	FF	10	ペうＱ	
0x10193A	3	FE	10	エ）き	
0x12B55D	3	FF	10	ちゼ・	
0x12B5F9	3	FF	10	ゾゼ・	
0x131928	3	FF	10	火う	
0x1348A7	3	FF	10	ヴ（う	
0x13685D	3	FF	10	っみヨ	
0x0BEC3D	8	FD	9	しペ）みせペ）あ	
0x128DD1	8	FF	9	いヅ・くチズ・た	
0x0F4BE1	7	FC	9	みペ）あぃペ）	
0x0D2BC9	4	FD	9	ぜペ）お	
0x0D2A74	3	FF	9	リ准	
0x0D5622	3	FF	9	。おく	
0x0DB766	3	FD	9	ァ（か	
0x0E51AA	3	F880	9	ペＸえ	
0x0E8F2E	3	FD	9	エ）う	
0x0EC9A2	3	FD	9	ペてい	
0x0FCEAE	3	F80E	9	だ（え	
0x101C68	3	FF	9	みポき	
0x11D29A	3	FF	9	ペうひ	
0x11D2FA	3	FF	9	ペてう	
0x134C35	3	FF	9	ヴズヴ	
0x141D5F	3	F8F8	9	波あ	
0x141D73	3	F8F8	9	くビあ	
0x13A170	23	FF	8	（う（う（う（うまらみくまずピんふほドな（さネ	
0x12B566	7	FF	8	イ）えぜゼ＋う	
0x12B5E6	7	FF	8	イ）えたゼＺう	
0x12B702	7	FF	8	イ）しぜゼ＋う	
0x12B782	7	FF	8	イ）したゼＺう	
0x12B89E	7	FF	8	イ）とぜゼ＋う	
0x12B91E	7	FF	8	イ）とたゼＺう	
0x12BA3A	7	FF	8	イ）ふぜゼ＋う	
0x12BAC6	7	FF	8	イ）ふたゼＺう	
0x1377D1	7	FF	8	ヴケロＧメュオ	
0x1379D1	7	FF	8	ヴケロＧメ６ケ	
0x0C1379	4	FE	8	たペ）が	
0x11CF91	4	FF	8	ふペ）か	
0x0C157E	3	FE	8	ペうあ	
0x0C159A	3	FE	8	ペうき	
0x0C8522	3	FE	8	デ旭	
0x0D4026	3	FD	8	ア）こ	
0x0D68B2	3	F811	8	イ）え	
0x0F4DE2	3	FF	8	ペうほ	
0x0FE512	3	FF	8	ェ・ほ	
0x103F3E	3	F88F	8	イ）け	
0x111B5E	3	FF	8	ゾ・そ	
0x1120BA	3	FF	8	ゾ・お	
0x112E8E	3	FC	8	チ）あ	
0x12B519	3	FF	8	つゼ・	
0x1367F0	3	FF	8	６オい	
0x1367F4	3	FF	8	ミゥう	
0x102EFD	8	FC	7	みペ）あぃペ）さ	
0x128BE5	8	FF	7	いヅ・きチズ・た	
0x0E5D2D	7	FD	7	くペ）ぜくペ）	
0x121E5E	7	FF	7	ペうムけＷおほ	
0x121FCA	7	FF	7	ペてムけＷなほ	
0x1349DF	7	FF	7	ヴＢゃレあただ	
0x136FD1	7	FF	7	ヴケモＨツ９ざ	
0x13A5D1	7	FF	7	ヴＭヴアヴ顎	
0x13B1D1	7	FF	7	ヴＮヴモヴョア	
0x13B3D1	7	FF	7	ヴＭヴアヴ咽	
0x0FEACF	6	FF	7	檎ァＲ俄	
0x0FEB23	6	FF	7	檎ァＲ唖	
0x10F4B3	6	FB	7	険ぽペ）か	
0x0FBB49	4	FE	7	はィ）あ	
0x12BA55	4	FF	7	タペてよ	
0x12BA8D	4	FF	7	メゼ・ね	
0x13E756	4	FF	7	ーコるゆ	
0x0BE566	3	FE	7	ペてが	
0x0BEB0A	3	FE	7	ペ）く	
0x0C3D6E	3	FE	7	ペうお	
0x0C74AA	3	FE	7	ヅ旭	
0x0D4922	3	FD	7	。おき	
0x0DCFBA	3	FD	7	ェ（や	
0x0E0E3A	3	FF	7	ペＨぢ	
0x0E5662	3	FD	7	ペうち	
0x0E5A5E	3	FD	7	ぜつこ	
0x0E758E	3	FF	7	ウ）お	
0x0ECB2D	3	FD	7	ペペ）	
0x0EE9AA	3	FD	7	ぽ）け	
0x0F3DAE	3	FB	7	シ）か	
0x0F49D2	3	FF	7	イ）し	
0x0F5B22	3	FC	7	エ）さ	
0x0F6FF2	3	FD	7	ウ）い	
0x0F79AA	3	FF	7	ウ）か	
0x1010FE	3	FF	7	カ）か	
0x10152A	3	FF	7	イ）う	
0x102928	3	FF	7	ズ俄	
0x105B4A	3	F80E	7	オ）う	
0x106786	3	FF	7	カ）ち	
0x109170	3	FF	7	ズソあ	
0x114DBA	3	FF	7	ぁ）あ	
0x11D59E	3	FF	7	ペＨあ	
0x13BFBD	3	FF	7	あケあ	
0x0E289D	14	FD	6	ァＲ荷紡いヌニニニＸ喫	
0x139BB1	12	FF	6	ヴＭヴアヴ○ア／くＯえヂ	
0x1368E1	11	FF	6	ヲきをァン院ぽぢドも	
0x0DDC4D	8	FD	6	しペ）みそＥ）た	
0x0F59A9	8	FC	6	みペ）あぃペ）え	
0x0CCDE6	7	FF	6	ぽ）えぃペあい	
0x0DCF39	7	FD	6	ァＲ圧律い	
0x0FD4B9	7	FC	6	しペ）ぜしペ）	
0x136BD1	7	FF	6	ヴぎヌモぷヒを	
0x13B39F	7	FF	6	ヨ餌づヴペン	
0x108057	6	FF	6	険タペ）え	
0x118D07	6	FF	6	諺ァＲ亜	
0x141DBC	6	FE	6	ゆ坊くビあ	
0x0C3D30	5	FE	6	ハた、おあ	
0x1084E3	5	FF	6	はあふペ）	
0x134C4D	5	FF	6	ぇざほっあ	
0x141DE4	5	FE	6	ゆ坊くヌ	
0x0D1469	4	FC	6	あゾ・し	
0x0D9215	4	FC	6	たペ）あ	
0x0DE595	4	FD	6	ぜペ）か	
0x128B01	4	FF	6	ァペても	
0x0BEC16	3	FD	6	ペてす	
0x0C149A	3	FF	6	イ）か	
0x0C2DEA	3	FF	6	シ）け	
0x0D1426	3	FC	6	ぽ）め	
0x0D2BB2	3	FF	6	ア）お	
0x0D7B0A	3	FF	6	ペうい	
0x0DDE26	3	FD	6	ペェい	
0x0E12FE	3	FF	6	ア）く	
0x0E563A	3	FD	6	ペてひ	
0x0E8F96	3	FD	6	エ）お	
0x0ECB01	3	FC	6	ミペ）	
0x0ECDBE	3	FF	6	エ）あ	
0x0EF2E6	3	FC	6	イ）お	
0x0EFE86	3	FF	6	ド姶	
0x0F1B30	3	FD	6	（ダえ	
0x0F1DE2	3	FF	6	ぽてい	
0x0F46A6	3	FC	6	アうき	
0x0F6806	3	FE	6	ケＦく	
0x0F6966	3	FC	6	ペ）お	
0x0F6A7E	3	FF	6	ペＨほ	
0x0FD352	3	FC	6	ゼ）う	
0x10236A	3	FB	6	ウ）こ	
0x105DF6	3	FF	6	シ）う	
0x1367CC	3	FF	6	Ｕぼう	
0x1367D4	3	FF	6	ぃ』え	
0x1367E8	3	FF	6	クゾあ	
0x1367EC	3	FF	6	ぃテう	
0x1367FC	3	FF	6	リぼお	
0x0DF4E8	10	FF	5	れ」ていぱけけいプい	
0x138770	10	FF	5	（う（う（う（うまら	
0x13036F	9	FF	5	こゥ）ゼ・ゥぞィ（	
0x0F0895	8	FC	5	たペうしたＵおう	
0x0E0D8A	7	FF	5	ぁ）Ａ紡いみ	
0x0E0DB6	7	FF	5	ぁ）Ａ紡いが	
0x137DD1	7	FF	5	ヴロマーコヒを	
0x13BF99	7	FF	5	ヴＮヴウヴ６ア	
0x0BE7B2	6	FE	5	ペ）あみペ）	
0x0CB69B	6	F8FD	5	甲ァＲ唖	
0x0F5DEA	6	F81C	5	ペ）ぞふペ）	
0x11BAFB	6	F817	5	檎ァＲ娃	
0x11D2E3	6	FF	5	決に。）あ	
0x0BDD15	4	FE	5	覆ズこ	
0x0C30AD	4	FD	5	ぃペ）た	
0x0C5581	4	FE	5	ァＲ依	
0x107B11	4	FF	5	ふペ）き	
0x0BE8F2	3	FE	5	ぽ）も	
0x0C3412	3	F8EC	5	プおほ	
0x0DBA62	3	FF	5	ぁちと	
0x0DCFE6	3	FD	5	ゥ（り	
0x0DE096	3	FF	5	ィ（い	
0x0EBCD9	3	FD	5	ふペ）	
0x0EC932	3	FD	5	エ）か	
0x0EFBB6	3	FC	5	バ姶	
0x0F3756	3	F820	5	イ）い	
0x0F6B2E	3	FF	5	ペてき	
0x0FE086	3	FC	5	ペてあ	
0x0FF2CA	3	FC	5	ぽてぜ	
0x0FFC6E	3	FF	5	セ）う	
0x0FFD92	3	FF	5	セ）お	
0x10123D	3	F84F	5	ァペ）	
0x101CF6	3	F84F	5	ウ）う	
0x101DC7	3	F88F	5	供あ	
0x1022B2	3	F88F	5	イ）さ	
0x102E3A	3	FC	5	ぽＨこ	
0x1070FA	3	FF	5	オ）き	
0x108E82	3	FF	5	オ）く	
0x10A8A1	3	FF	5	みゥ（	
0x11045A	3	FF	5	カ）す	
0x111232	3	FF	5	エてあ	
0x111E8A	3	FF	5	ゾ）あ	
0x11D55E	3	FF	5	ペＨい	
0x134FB5	3	FF	5	ヴヤヴ	
0x135475	3	FF	5	ヴオヴ	
0x134B4D	21	FF	4	ぇざほっあフをけむフをフをけむけむけむフを	
0x0DD759	17	FD	4	ァＲ圧律いＡ紡いヂ紡いョて	
0x0D3931	15	FD	4	みペ）ぞくペ）いねペ）ぞねペ）	
0x11E02F	14	FC	4	（おぃど（ぢっペ）ダうみ（え	
0x0C1BDE	11	FE	4	ズなおたペてふたァない	
0x0F63B5	11	FC	4	あデ・えだッ（いぽェ（	
0x11EBBF	10	FE	4	険みペ）あぃペ）け	
0x0FC246	9	F88F	4	Ｒ円れないみポき	
0x0D4169	8	FF	4	しペ）みそペ）い	
0x0D5931	8	FC	4	しペ）みほペ）え	
0x0D9BBD	8	FF	4	そペ）みそＥ）や	
0x0BDEF1	7	FE	4	ァＲ運しい	
0x10488E	7	FC	4	ぽ）あぽペ「こ	
0x128AE6	7	FF	4	ウ）えぽゾ＋え	
0x128B66	7	FF	4	ウ）えみゾＺえ	
0x128CD2	7	FF	4	ウ）しぽゾ＋え	
0x128D52	7	FF	4	ウ）しみゾＺえ	
0x128EBE	7	FF	4	ウ）とぽゾ＋え	
0x128F3E	7	FF	4	ウ）とみゾＺえ	
0x1290AA	7	FF	4	ウ）ふぽゾ＋え	
0x129136	7	FF	4	ウ）ふみゾＺえ	
0x13B5DD	7	FB	4	あ煩ずうパい	
0x0F5DF7	6	F81C	4	険ぽペ）え	
0x0F73EA	6	FF	4	ぁ）ボれない	
0x0FB0A3	6	FF	4	弦ァＲ唖	
0x0FB0BF	6	FF	4	弦ァＲ娃	
0x1109C6	6	FF	4	ウ）ミァＲく	
0x0C1B1B	5	FE	4	こッあナ（	
0x11EBAB	5	FB	4	顕ぃペ）	
0x0CA001	4	FF	4	たぱ（ィ	
0x0CB629	4	FE	4	ァＲ唖	
0x0CBEEA	4	F9	4	ていキい	
0x0CC9F9	4	FD	4	律いェ	
0x0D3285	4	FD	4	ぜペ）く	
0x0D540D	4	FD	4	ぽペ）え	
0x0D75B6	4	FF	4	オ）ぜ	
0x0E4E65	4	FC	4	ぽペ）か	
0x0EAD5D	4	FF	4	いィ（え	
0x0EEDC5	4	FC	4	タペ）き	
0x104875	4	FC	4	ぽペＨち	
0x10A8CD	4	FF	4	たェ・ほ	
0x11E041	4	FC	4	たペ１も	
0x1290C5	4	FF	4	ミペてよ	
0x1397EB	4	FC	4	しダくイ	
0x0BF346	3	FE	4	ぽ）ら	
0x0C6535	3	FF	4	ぽペう	
0x0CCA0A	3	FB	4	ていＭ	
0x0CD202	3	FE	4	ョ（か	
0x0CEF7A	3	FD	4	ィなあ	
0x0CFEFA	3	FE	4	ぽ）さ	
0x0D3846	3	FD	4	ウ）え	
0x0D3A1A	3	FD	4	ィ（か	
0x0D4EBA	3	FD	4	ぽ）こ	
0x0D55FA	3	FF	4	ザ亜	
0x0D57A6	3	FF	4	ピ阿	
0x0D5A4A	3	FF	4	ぽうこ	
0x0D8B0A	3	F880	4	ァ（せ	
0x0DAAC9	3	FD	4	むゾ・	
0x0DB97A	3	FF	4	ぁ）ほ	
0x0DBA22	3	FD	4	ぜつＥ	
0x0DBE1A	3	FF	4	ぽうく	
0x0DBE2E	3	FF	4	ぽてう	
0x0DC366	3	FD	4	ォ亜	
0x0DE63E	3	F818	4	ェ（く	
0x0DE656	3	F818	4	ィ（と	
0x0DF756	3	FF	4	ア）す	
0x0EADDA	3	FF	4	、おあ	
0x0EBAE1	3	FD	4	しペ）	
0x0EFC9E	3	FC	4	ア）さ	
0x0F18DE	3	FC	4	ウ）け	
0x0F5B55	3	FC	4	ぜペＦ	
0x0F78D6	3	FF	4	アうい	
0x0F937E	3	F801	4	イ）あ	
0x0FC01A	3	FC	4	カ）け	
0x0FC02E	3	FC	4	カ）え	
0x0FC766	3	F80E	4	ィ…え	
0x0FD1FA	3	FF	4	ペＸお	
0x0FE50E	3	FF	4	ゥ（あ	
0x0FE542	3	FF	4	だ（あ	
0x10238A	3	FB	4	エ）い	
0x102CD2	3	FC	4	オ）し	
0x103B92	3	F82E	4	オ）い	
0x10461D	3	FF	4	ズペ）	
0x10862A	3	FF	4	ペもつ	
0x10863A	3	FF	4	ペうせ	
0x108CA6	3	FF	4	エ）く	
0x10969E	3	FF	4	ア）る	
0x109746	3	FF	4	ペＸほ	
0x10A8B1	3	FF	4	みゲ・	
0x10A8BD	3	FF	4	たィ（	
0x10A9D2	3	FF	4	ゥ・ほ	
0x10CAD2	3	FA	4	ァ（い	
0x110482	3	FF	4	カ）う	
0x11083E	3	FF	4	ウ）し	
0x110B86	3	FF	4	シ）ち	
0x111E9E	3	FF	4	ぽうお	
0x119315	3	FF	4	むゼ・	
0x11D03A	3	FC	4	ペＨす	
0x11DFEA	3	FC	4	ペ１つ	
0x128ACF	3	FF	4	菌あ	
0x12B6AE	3	FF	4	ブ逢	
0x12D54F	3	FF	4	挙あ	
0x13E588	3	FC	4	Ｅジか	
0x13E5A0	3	FC	4	Ｕらけ	
0x14010C	3	FC	4	臼う	
0x140E84	3	FF	4	（うう	
0x134D7B	15	FF	3	ヴぎヌたあ・ふべるべる・ふ（う	
0x139F78	15	FF	3	まらみくまずピんふほドな（さネ	
0x0C4245	13	FE	3	律いが個いＥ怪いキい	
0x0C536B	13	FF	3	８ポずペ）あそテ（タそェ（	
0x0D1655	13	FD	3	ァＲ珂いといワしいキい	
0x103BD0	12	FF	3	ブビビビビビ各くょかい	
0x13777B	12	FA	3	たまずピんふほドな（さネ	
0x0D8D7E	11	FE	3	ア）けたペうこたペてこ	
0x1363D5	11	FF	3	ヴブヴっヴ鼠テあブつ	
0x0C5382	10	FF	3	ペ）みそィ（ぜあペ）	
0x0FD4AB	10	FC	3	甲ァＲ佳ち。）い	
0x1039E3	10	F82E	3	（ドいあ（Ｕオッ（し	
0x12347B	9	FC	3	却ァペ）バえこ（	
0x0BE729	8	FD	3	みペ）えぃペ）え	
0x0C2751	8	FF	3	みペうごみァおけ	
0x0CF956	8	FD	3	といワしいキい	
0x0D9C89	8	FF	3	そペ）みそＥ）あ	
0x0DA629	8	F881	3	そペ）みそＥ）ま	
0x0DD931	8	FF	3	しペ）みそＥ）あ	
0x0F4E09	8	FF	3	覆ズたァＲ娃	
0x0FE659	8	FF	3	覆ズがァＲ阿	
0x102B51	8	FC	3	みペ）あぃペ）お	
0x107342	8	F805	3	だ（ぜやペ）ゾい	
0x12CFF5	8	FF	3	いヅ・くゼズ・た	
0x141E8E	8	FE	3	頭ゆ坊くビあ	
0x0C1FC2	7	FE	3	ペうがァＲくあ	
0x0C53E5	7	FC	3	たペ）いむダ・	
0x0CE581	7	FC	3	たペ）いぃペ）	
0x0DE00D	7	FD	3	ァＲ央紡い	
0x0E10EA	7	FF	3	ぁ）Ａ紡いし	
0x0E357E	7	FD	3	ＶなくァＲねク	
0x0E3752	7	FD	3	ＶなくァＲねト	
0x0FDBCA	7	FF	3	ＶあミァＲくか	
0x105ACA	7	F80E	3	カ）あタャＧう	
0x107A86	7	F88F	3	イ）わわズＪあ	
0x1116F6	7	F880	3	ペうぜうＶおあ	
0x11D31A	7	FF	3	ペう念Ｒ亜	
0x11E0E2	7	FC	3	ペ１廼Ｒ娃	
0x121E16	7	FF	3	ペうムけＶおほ	
0x121E36	7	FF	3	ペてムけＶなほ	
0x134C65	7	FF	3	ヴＨヴ苳６た	
0x1371C0	7	FF	3	ヴへひなＫしホ	
0x1385F1	7	FF	3	ヴビロぉラォチ	
0x13AD99	7	FF	3	もソひＴにブお	
0x141ECA	7	FE	3	たみゆ坊くヌ	
0x0BDC33	6	-	3	菌ァＲ医	
0x0C400F	6	FD	3	こかあィ（ハ	
0x0CDDBB	6	F8FD	3	弦ァＲ亜	
0x0DF743	6	FF	3	はつ…）こ	
0x0F3E9A	6	FA	3	ア）わふゾ３	
0x0FC8F2	6	FF	3	タ）えたゥ（	
0x0FD4D3	6	FF	3	甲ァＲ哀	
0x0FEBDB	6	FC	3	険ぜペ）く	
0x1000C2	6	FE	3	ペうたァＲく	
0x101B0F	6	FF	3	檎ァＲ亜	
0x10602B	6	F805	3	鷺ジＲ娃	
0x1123BA	6	FC	3	ぽうく。ゴつ	
0x11958F	6	FF	3	こがァＲ亜	
0x11BA23	6	FF	3	檎ァＲ阿	
0x11EB9B	6	FB	3	険ズペ）く	
0x0F86FB	5	F827	3	）いちゼ・	
0x123473	5	FC	3	客ァペ）	
0x0C0679	4	FE	3	ぜペ）あ	
0x0CF951	4	FD	3	ァＲ円	
0x0D30C9	4	FD	3	ぜペ）し	
0x0D33F1	4	FD	3	ぽペ）く	
0x0DE5AD	4	FD	3	どペ）し	
0x0DE5CD	4	FD	3	ぜペ）え	
0x0DEF34	4	FF	3	と律い	
0x0E4E85	4	FC	3	たペ）お	
0x0F59FD	4	FC	3	みペ）お	
0x106355	4	FF	3	ペペ）お	
0x1066F1	4	FF	3	ぽペてさ	
0x10B335	4	FC	3	覆ズそ	
0x11D505	4	FF	3	ふペ）お	
0x132E31	4	FF	3	たぽえお	
0x135160	4	FC	3	ソす／あ	
0x1358EF	4	FF	3	んへせし	
0x141EA2	4	FE	3	頭～す	
0x141EB6	4	FE	3	たみ～す	
0x0C0952	3	FE	3	ヅ阿	
0x0C1D9E	3	FE	3	。なあ	
0x0C2119	3	FF	3	律い	
0x0C236E	3	FE	3	ペうふ	
0x0C3432	3	FF	3	ぁ）ぽ	
0x0C3FDA	3	FD	3	ペうま	
0x0C4A36	3	FD	3	。おあ	
0x0C7F92	3	FF	3	バ旭	
0x0C89F9	3	FF	3	タペＸ	
0x0C900A	3	FF	3	ィ）と	
0x0C955E	3	FE	3	アてこ	
0x0CDF5E	3	FE	3	イ）た	
0x0D07FA	3	FD	3	ぽ）し	
0x0D0BA2	3	FE	3	ぽ）せ	
0x0D56AA	3	FC	3	ぽうす	
0x0D5A62	3	FF	3	ぽてえ	
0x0D8DDA	3	FE	3	ピ姶	
0x0DA6EE	3	F881	3	Ｕうい	
0x0DA6F2	3	F881	3	ァてし	
0x0DA71A	3	F881	3	い（い	
0x0DB726	3	FD	3	ッ亜	
0x0DDD22	3	FF	3	ァ（え	
0x0DE0D2	3	FF	3	ペうす	
0x0DE0D6	3	FF	3	Ｖおあ	
0x0DE12A	3	FF	3	ゥつえ	
0x0DE16E	3	FA	3	ァぇあ	
0x0DE172	3	FA	3	Ｖゃあ	
0x0DE542	3	FC	3	イ）づ	
0x0E0CD6	3	FF	3	ペ「ぢ	
0x0E0F76	3	FF	3	ぽＸか	
0x0E5B8A	3	FD	3	ア）け	
0x0E8E4E	3	FD	3	ぽうた	
0x0EB02A	3	FF	3	ぽ）ふ	
0x0EB1C6	3	FE	3	ぽうそ	
0x0EDA02	3	FC	3	ぽうう	
0x0F0682	3	FF	3	ぁ）お	
0x0F17D2	3	FF	3	イうら	
0x0F1C32	3	FF	3	シ）あ	
0x0F4660	3	FC	3	ゲさお	
0x0F4762	3	FE	3	アうお	
0x0F4E2E	3	FF	3	イうき	
0x0F5B76	3	FC	3	イ）て	
0x0F67DA	3	FE	3	コてて	
0x0F685A	3	FE	3	コてと	
0x0F6F92	3	FD	3	ウ）あ	
0x0F6FFE	3	FD	3	シ）お	
0x0F78BA	3	FF	3	アてか	
0x0F79F0	3	FF	3	ペャあ	
0x0F7BDA	3	FC	3	イ）ほ	
0x0F981E	3	FF	3	アてい	
0x0F987A	3	FF	3	ぁああ	
0x0FB28A	3	FE	3	アＦい	
0x0FB4FE	3	FE	3	ぽＨく	
0x0FB632	3	FE	3	ぽ１い	
0x0FB93C	3	FF	3	ぃキお	
0x0FC0CE	3	F821	3	エ）し	
0x0FD366	3	FC	3	ペてお	
0x0FD55E	3	FF	3	ア）ど	
0x0FFD86	3	FF	3	シ）く	
0x101F92	3	FC	3	キ）さ	
0x102352	3	FB	3	ア）ん	
0x10285A	3	F88F	3	ペ）み	
0x102A9A	3	FC	3	ぽあだ	
0x102D09	3	FC	3	ぽペＦ	
0x1034E6	3	F803	3	オ）か	
0x10545D	3	F88F	3	タ恭	
0x105461	3	F88F	3	タ挟	
0x10637E	3	FF	3	ペ）い	
0x1065B2	3	FC	3	ペ）き	
0x107D32	3	FF	3	シ）き	
0x108042	3	FF	3	ぶ（こ	
0x108242	3	FD	3	び（こ	
0x10965A	3	FF	3	ア）ぐ	
0x109686	3	FF	3	ア）ぁ	
0x1096AE	3	FF	3	ア）ゆ	
0x1096C6	3	FF	3	ア）ま	
0x1096EE	3	FF	3	ア）な	
0x1098AE	3	FF	3	ア）へ	
0x10AD46	3	F880	3	アＦう	
0x10B31E	3	FB	3	。なえ	
0x10F46E	3	FB	3	ぽ）く	
0x1108CE	3	FF	3	シ）こ	
0x110B96	3	FF	3	シ）す	
0x11B61A	3	FF	3	ゾ・ぇ	
0x11D856	3	FF	3	ぽ）に	
0x1272AA	3	FF	3	ぁ、く	
0x12B84A	3	FF	3	ブ延	
0x12B9E6	3	FF	3	ブ異	
0x12BB8E	3	FF	3	ブ乙	
0x12CD79	3	FF	3	ゥヂ・	
0x132E2D	3	FF	3	あいお	
0x134813	3	FF	3	む」ヴ	
0x134E8B	3	FF	3	ヴみた	
0x135100	3	FF	3	ソすパ	
0x13E594	3	FC	3	ズＧく	
0x13E598	3	FC	3	ペべさ	
0x140130	3	FC	3	ゼゆう	
0x137198	39	FF	2	ぼる綾４とトしぼる綾４とトしぼる綾４とトしぼる綾４とトしヴへひなＫしホ	
0x131B7E	35	FF	2	とみズネはせてなみズリひそとにみズョふたなぬみズバへちにねみズ６へつぬ	
0x139C28	32	FF	2	６ぜそだヒを（う（う（う（う（うーコイべ嫡ヒを（う（う（う（う	
0x137219	31	FF	2	ヴコヒＪカヒをぼる綾４とトし６ぜそだヒを（う（う（う（う（う	
0x137819	31	FF	2	ヴケロＧメュオよルＹフゥタむぽ６ぜそだヒを（う（う（う（う（う	
0x137A19	31	FF	2	ヴケロＧメ６ケこユ５トづエいび６ぜそだヒを（う（う（う（う（う	
0x137E19	31	FF	2	ヴロマーコヒをべる・ふ３とテし６ぜそだヒを（う（う（う（う（う	
0x130DFD	25	FF	2	あいうえおかきくけこさしすせそたちつてとなにぬねの	
0x134AAD	23	FF	2	ぇざほっあャヴＹンャヴャヴＹンＹンォンュヴタい	
0x134AED	23	FF	2	ぇざほっあぢヲゥリぢヲぢヲゥリゥリゥリぢヲずう	
0x13534D	23	FF	2	ぇざほっあみンタヲみンみンタヲタヲタヲみン❤ヴ	
0x1353CD	23	FF	2	ぇざほっあフをけむフをフをけむけむけむフをずい	
0x137801	23	FF	2	ヴケロＧメュオよルＹフゥタむぽ（う（う（う（う	
0x137A01	23	FF	2	ヴケロＧメ６ケこユ５トづエいび（う（う（う（う	
0x13A770	23	FF	2	（う（う（う（うまらぜえまずピんふほドな（さネ	
0x13540D	21	FF	2	ぇざほっあもヲＵリもヲもヲＵリＵリＵリもヲ	
0x13554D	21	FF	2	ぇざほっあヘをさむヘをヘをさむさむさむヘを	
0x128362	19	FF	2	ぁ）ボれないエ朦いミ朦いっないそ	
0x13382B	18	FF	2	Ｅがえおうきたタがえかいきたたがおか	
0x0DE281	15	FD	2	ァＲ寡紡いシけといと律い	
0x0E372E	15	FD	2	さいぜをさいぜぁさいくぜを開	
0x0E61BE	15	FD	2	う（Ｘうペ）みしェ（ぜえペ）ご	
0x0E61F2	15	FD	2	え（Ｙうペ）みしォ（ぜえペ）た	
0x0E6226	15	FD	2	え（Ｙうペ）みしォ（ぜえペ）え	
0x10EC2F	15	FF	2	鷺ジＲ遠…といネ…といズは	
0x138DD0	15	FF	2	（う（う（う（う』えデえウえん	
0x13F059	15	F838	2	ょまいエょまい。ゅまいごょまい	
0x0ECCF6	14	FD	2	あ（ぞえペ）ペさィ（Ｕえペ）	
0x127E36	14	FC	2	ゾ（えたポ（みかペ）あこァ）	
0x1285EE	14	FF	2	ゼ（きたＣ（みかペ）あこァ）	
0x12B096	14	FF	2	ゼ（くた９（みかペ）あこァ）	
0x13357A	14	FF	2	おみたズけすえかみた６こせお	
0x138019	14	FF	2	ヴロマーコヒをＴくブえユえイ	
0x135D87	13	FF	2	ヴ（うただくむセぉプいただ	
0x13820B	13	FF	2	ムＵタァぱ（う（う（う（う	
0x13B401	13	FF	2	ヴＭヴアヴ咽餌づヴペン	
0x0D7265	12	FF	2	ぜペェァそペ）ペそＥ）た	
0x0E1B20	12	FC	2	と律い８かといーおとい	
0x0F380C	12	F880	2	くょかいミぜを峨タペ）	
0x0F39BD	12	FC	2	くペ）みくペ）ぜいペ）ァ	
0x123646	12	F88F	2	Ｒ円れないＭ紡いゴい	
0x0C6512	11	FF	2	ゴＧィあズＬ乳ァＨき	
0x0CD446	11	FE	2	ウ）ノみ…おぜむュおい	
0x0D308A	11	FF	2	ィ（ズかあ（ゼきう（え	
0x0F074E	11	FF	2	ぁ）ボれないくぜを峨	
0x1271FA	11	F800	2	シ）くみダ＋たたパ＋あ	
0x127292	11	FF	2	シ）くみダＺたたパＺあ	
0x134C39	11	FF	2	ヴズヴぜヲペシみンタル	
0x101A73	10	FC	2	（かたゾ・Ｕおィ（か	
0x105B1F	10	F80E	2	（ドいあ（Ｕオッ（た	
0x1076EF	10	FF	2	はあしペ）ぜふペ）く	
0x11EC6B	10	FB	2	険みペ）あぃペ）く	
0x11ECCB	10	FB	2	険みペ）あぃペ）え	
0x11FDA3	10	FB	2	険くペ）みくペ）む	
0x10107F	9	F88F	2	険タペ）こたペ）	
0x101574	9	FF	2	ミぜを峨ぽペ）Ｑ	
0x104313	9	F883	2	鷺ェＲ唖たュ（	
0x105B7A	9	F88F	2	Ｒ円れないズ俄	
0x11161F	9	FC	2	はダうい（デよも（	
0x11BBE7	9	F817	2	檎ァＲ卸ぬ、あ	
0x1303D7	9	FF	2	はゥ）ゼ・ゥぞィ（	
0x1303EF	9	FF	2	駈）ゼ・ゥぞィ（	
0x13442E	9	FF	2	ちうつかてかとかな	
0x139A01	9	FF	2	ヴブヴとヴ顎タヲ	
0x0C7B25	8	FF	2	覆ズくァＲ旭	
0x0C9C9D	8	FD	2	たづ（ああペ）え	
0x0CFF15	8	FE	2	Ｖド・いぅゥ（く	
0x0D3066	8	FF	2	び（ズえく（バお	
0x0D8AC1	8	F840	2	しペ）みそＥ）て	
0x0DDD5D	8	FF	2	しペ）みそＥ）い	
0x0DDDE5	8	FD	2	しペ）みそＥ）う	
0x0DF1B1	8	FF	2	そペ）ペそＥ）あ	
0x0DFBB5	8	FF	2	しペ）みそＥ）せ	
0x0EBFB9	8	FD	2	しペ）ぜぱペ）え	
0x0ECC61	8	FD	2	くペ）ぜくペ）バ	
0x0F7496	8	F88F	2	Ｒ亜ゲこいえさ	
0x0FD0A9	8	F80E	2	覆ズミァＲ阿	
0x102B65	8	FC	2	みペ）あぃペ）ぃ	
0x102B79	8	FC	2	みペ）あぃペ）わ	
0x102ED5	8	FC	2	みペ）あぃペ）き	
0x102EE9	8	FC	2	みペ）あぃペ）っ	
0x103075	8	FC	2	みペ）あぃペ）が	
0x10325D	8	FC	2	みペ）あぃペ）ぜ	
0x103271	8	FC	2	みペ）あぃペ）ご	
0x1035F1	8	FC	2	みペ）あぃペ）づ	
0x105091	8	FC	2	ぜペェうぜペダあ	
0x109752	8	FF	2	ぁ）ボれない。ギ	
0x10F266	8	F88F	2	Ｒ委６こいねて	
0x11134A	8	F806	2	ぞ（ぜとペ）ゼあ	
0x112AE5	8	FE	2	覆ズたァＲ挨	
0x11F28A	8	FF	2	ぁ）ボれないぃユ	
0x127EF9	8	F860	2	たゾ（まいづいむ	
0x13538D	8	FF	2	ぇざほっあソおＲ	
0x0C64AE	7	FE	2	ぽ）あタャつか	
0x0C6676	7	FE	2	ぽ）あぽッつか	
0x0CCB2E	7	FF	2	ぽ）あぃペあい	
0x0CD45A	7	FE	2	イ）ぜぅュおあ	
0x0CEF8E	7	FD	2	ペ）あみペ）く	
0x0D2C4A	7	FD	2	オ）あぽペＶえ	
0x0D2C76	7	FD	2	イ）デただＷえ	
0x0D2C7E	7	FD	2	アＶ薩ェＺき	
0x0D2C8A	7	FD	2	イ）デたゥＧえ	
0x0D2C92	7	FD	2	アＦ思ェ３い	
0x0D2CB6	7	FD	2	イ）デただＷお	
0x0D2CBE	7	FD	2	アＶ筒ェＺき	
0x0D2CCA	7	FD	2	イ）デたゥＧお	
0x0D2CD2	7	FD	2	アＦ呑ェ３い	
0x0D2CFE	7	FD	2	アＶ舉ェＺき	
0x0D2D12	7	FD	2	アＦ尅ェ３い	
0x0DC38A	7	FD	2	ペてたァＲねた	
0x0DE151	7	FF	2	みＶおしちダ・	
0x0E0EBE	7	FF	2	ぁ）Ａ紡いぜ	
0x0E0F4E	7	FF	2	ぁ）Ａ紡いク	
0x0EBC41	7	FD	2	しペ）ぜしィ（	
0x0EBF91	7	FD	2	しペ）ぜしォ（	
0x0F2CAA	7	FC	2	イ）びわズ＋あ	
0x0F37B2	7	F880	2	ペ）筒ゾ）あ	
0x0FD686	7	FF	2	ゥ）ミァＲ挨	
0x0FDC0E	7	FF	2	ＶあミァＲくあ	
0x0FDC2E	7	FF	2	ＶあミァＲくい	
0x0FEC6A	7	FC	2	ペ）ぞふペ）ェ	
0x0FEDD2	7	FC	2	ィむあこァぇＪ	
0x0FEE2A	7	FC	2	ィああこぜつＪ	
0x105381	7	FC	2	みッ（えあゼ・	
0x105D54	7	FF	2	くょかいズ俄	
0x10771A	7	FF	2	コ）こたガＥか	
0x10F15C	7	FF	2	み律い。メう	
0x1128C6	7	FF	2	ぽう～か「あえ	
0x11B682	7	FF	2	ィ・がァＲ哀	
0x11D5A2	7	FF	2	ペ１念Ｒ亜	
0x11FEE6	7	FB	2	ゼ・ぜあぜ（え	
0x1271D2	7	F800	2	を雅ぜを起	
0x12FDEA	7	FE	2	タいＥき○あの	
0x12FE52	7	FE	2	タいＥき○あと	
0x131D4C	7	FF	2	くあたたがああ	
0x131D8B	7	FF	2	くあたたがけあ	
0x1349FF	7	FF	2	ヴごちレあンの	
0x134DAF	7	FF	2	んへせぜぽやユ	
0x134E8F	7	FF	2	んへせタっタヲ	
0x135C9F	7	FF	2	ヴニンレあニン	
0x135D15	7	FF	2	ヴぼヴＸンろヴ	
0x135D1F	7	FF	2	ヴれヴレあぼヴ	
0x135D95	7	FF	2	ヴただＢゃＢゃ	
0x1381D1	7	FF	2	ヴブヴとヴ○オ	
0x1383F9	7	FF	2	ヴケモダツノぅ	
0x13ABD1	7	FF	2	ヴＭヴアヴ烏	
0x13ADD1	7	FF	2	ヴＭヴアヴガぞ	
0x13B9C0	7	FF	2	リあっあちあＢ	
0x13C1B9	7	FF	2	ヴＭヴアヴくハ	
0x0C0D13	6	FF	2	菌ァＲ意	
0x0C3486	6	FF	2	ぁ）ワしい	
0x0C42C2	6	FE	2	ゼおあたペう	
0x0C50F7	6	FF	2	脚ァＲ梓	
0x0C7AF2	6	FF	2	ぁ）ぃずすい	
0x0CE5A0	6	FD	2	びチこいキい	
0x0D0C75	6	FD	2	せペあみすゥ	
0x0D2CF6	6	FD	2	イ）デただＷ	
0x0D2D0A	6	FD	2	イ）デたゥＧ	
0x0DA707	6	F881	2	は暝＋）や	
0x0DB776	6	FD	2	ペうミァＲく	
0x0DC1DA	6	FD	2	ギつた。ゴつ	
0x0DD616	6	F880	2	Ｒ圧律い	
0x0E91A3	6	FF	2	ぐがァＲ圧	
0x0E9B67	6	FF	2	ギあたガ（じ	
0x0F5DE3	6	F81C	2	８えふペ）け	
0x0F7D1B	6	F837	2	）いちゼ・あ	
0x0FD17A	6	FF	2	タ）おたゥ（	
0x0FD9CB	6	FC	2	血ち。）い	
0x0FEEAA	6	FC	2	ペうがァＲく	
0x0FFF9E	6	FF	2	ア）わふゾＪ	
0x10041B	6	F840	2	峨ぽペ）Ｑ	
0x10106B	6	F88F	2	８くふペ）え	
0x1039C2	6	F82E	2	カ）あタャＧ	
0x103F5B	6	FA	2	はかぃペ）う	
0x1060AB	6	FC	2	はあふペ）え	
0x10AD3E	6	F880	2	イ）わふゼＪ	
0x10CF67	6	FF	2	鯨ほ。）あ	
0x10D2C6	6	FF	2	ぽてた。ゴつ	
0x1115C6	6	FF	2	イうタわゼお	
0x1116FE	6	F880	2	ペてぜうＶな	
0x1128CE	6	FF	2	ぽう／か「あ	
0x1128E6	6	FF	2	ぽ）く。ゴい	
0x112AA0	6	F88F	2	ぜをさいズは	
0x112DE7	6	FC	2	こくァＲ茨	
0x112DFF	6	FC	2	こくァＲ隠	
0x112E27	6	FC	2	こくァＲ宴	
0x114183	6	FF	2	険たペ）く	
0x1147BE	6	F88F	2	ア）ズつゾＪ	
0x11D85B	6	FF	2	はャあゲ（ヂ	
0x11DD6E	6	FF	2	ペう廼Ｒく	
0x11EC4F	6	FB	2	険ァペ）き	
0x12098F	6	FB	2	険たペ）お	
0x1209AB	6	FB	2	険タペ）き	
0x1209BF	6	FB	2	険たペ）か	
0x121563	6	FF	2	結や「）あ	
0x121733	6	FC	2	硯が…）あ	
0x12777A	6	FF	2	ペ（むにペ）	
0x1285D6	6	FF	2	ポ（めよペ）	
0x12FD37	6	FE	2	は忙『）も	
0x12FD4F	6	FE	2	は忙『）の	
0x133A77	6	FF	2	Ｅぽうえいき	
0x133D87	6	FF	2	がリせしきあ	
0x133D8E	6	FF	2	タリそすくい	
0x133D95	6	FF	2	ョリたせけう	
0x133D9C	6	FF	2	Ｅリちそこえ	
0x133DA3	6	FF	2	！リしたさつ	
0x134B2D	6	FF	2	ぇざほっあセ	
0x0C34F3	5	FE	2	こャあニ（	
0x0C3FE8	5	FD	2	ハみ…おあ	
0x0C8C64	5	FE	2	がぜを峨	
0x0CC9E8	5	FD	2	タドくいっ	
0x0D0C7C	5	FD	2	６あズおあ	
0x0E5157	5	FD	2	（ヅえみ（	
0x0F5F4B	5	F88F	2	険ぜペ）	
0x107F67	5	FF	2	険タペ）	
0x107F73	5	FF	2	険ミペ）	
0x10F1DF	5	FC	2	は！てぽ）	
0x1128B3	5	F88F	2	こあたュ（	
0x118B98	5	F8D2	2	えみペうい	
0x12770C	5	F84F	2	た。ゴ…ほ	
0x131B78	5	FF	2	みズクのす	
0x133D80	5	FF	2	たリすちか	
0x13421C	5	FE	2	ゅかょかょ	
0x134224	5	FE	2	ほかまかま	
0x13495F	5	FC	2	ヴフぉレあ	
0x134E6F	5	FF	2	んへせズえ	
0x134E85	5	FF	2	くＪえ（う	
0x1350C7	5	FF	2	ヴ苳６た	
0x13517F	5	FF	2	い及（い	
0x135396	5	FF	2	ソおソおＴ	
0x135965	5	FF	2	ヴウヴ（う	
0x135ACF	5	FF	2	んへせつあ	
0x135AD5	5	FF	2	うべぅべぅ	
0x1381CB	5	FF	2	ムＵタァぱ	
0x0BEE98	4	F881	2	ォしい	
0x0C33D9	4	F8EC	2	覆ズう	
0x0C6501	4	FF	2	ミペＦえ	
0x0C9111	4	FE	2	ァＲ握	
0x0CD2FD	4	F823	2	ぃェ（あ	
0x0CE2ED	4	FE	2	覆ズの	
0x0CEBD5	4	FE	2	覆ズゅ	
0x0D0535	4	FE	2	覆ズゆ	
0x0D1DA5	4	FD	2	ァＲ医	
0x0D3C51	4	FF	2	ぽペ）そ	
0x0D9109	4	FF	2	た、おく	
0x0D91E9	4	FC	2	ぜペもえ	
0x0DA141	4	FF	2	ぃペ）あ	
0x0DD968	4	FF	2	Ｍ紡い	
0x0E0D12	4	FF	2	イ）ぜ	
0x0E4E71	4	FC	2	たペ）え	
0x0E5101	4	FD	2	ぽペ）あ	
0x0E5149	4	FD	2	ミペ）あ	
0x0EC9D1	4	FD	2	アダ・あ	
0x0F1581	4	FF	2	覆ズる	
0x0F2859	4	FC	2	覆ズぃ	
0x0F5901	4	FC	2	みペ）さ	
0x0F78D1	4	FF	2	た、おす	
0x100949	4	FC	2	覆ズシ	
0x101C6C	4	FF	2	ボれない	
0x1027FD	4	F88F	2	あィ（え	
0x102CC5	4	FC	2	ぽペ）さ	
0x102D82	4	FC	2	オ）尅	
0x105055	4	FC	2	ぜペぉせ	
0x105069	4	FC	2	ぜペぉけ	
0x10507D	4	FC	2	ぜペぉえ	
0x1074B5	4	FC	2	たペ１た	
0x107511	4	FC	2	みペ１ほ	
0x1076D1	4	F8FF	2	ズペ）き	
0x10894D	4	F801	2	ふペ）こ	
0x10A865	4	FF	2	覆ズほ	
0x1115C0	4	FF	2	がもズお	
0x11927A	4	FF	2	ペ）かう	
0x11DD7D	4	FC	2	みペうひ	
0x1256E1	4	FF	2	たペ）け	
0x127891	4	FF	2	れゥ）ネ	
0x1287E1	4	FB	2	れゥ）う	
0x1321DC	4	FF	2	くタええ	
0x132594	4	FF	2	しえァび	
0x1325AC	4	FF	2	たりてえ	
0x13271C	4	FF	2	すえァび	
0x132734	4	FF	2	たみてえ	
0x13355D	4	FF	2	かえァび	
0x133570	4	FF	2	うあこき	
0x133575	4	FF	2	たリくし	
0x134DCF	4	FF	2	んへせべ	
0x134F67	4	FF	2	ヴぜあ…	
0x13DC28	4	FE	2	がピとい	
0x13E11C	4	FC	2	ズＲとい	
0x0BE43A	3	FE	2	ぽ）っ	
0x0BE56A	3	FE	2	ェなけ	
0x0BE9A3	3	FE	2	こわあ	
0x0BF82B	3	FE	2	景あ	
0x0C1696	3	FE	2	Ｖなう	
0x0C2533	3	FF	2	嫌あ	
0x0C25B2	3	FF	2	ぁ）ぃ	
0x0C346A	3	FF	2	ぁ）ね	
0x0C3FBE	3	FD	2	ペてよ	
0x0C3FF2	3	FD	2	ペうの	
0x0C428A	3	FE	2	ぽ）ほ	
0x0C42BA	3	FE	2	イ）が	
0x0C48DA	3	FD	2	ペうに	
0x0C4986	3	FD	2	ペうた	
0x0C557B	3	FE	2	懇ん	
0x0C6233	3	FE	2	巾あ	
0x0C650E	3	FF	2	ア）り	
0x0C74AE	3	FE	2	ォ唖	
0x0C77ED	3	FF	2	覆ズ	
0x0C7F96	3	FF	2	ュ逢	
0x0C9C7A	3	FD	2	ッ逢	
0x0CB9C2	3	FA	2	ていた	
0x0CBA1E	3	FE	2	オ）ぇ	
0x0CC216	3	FE	2	ウ）れ	
0x0CE2BA	3	FE	2	ぽ）よ	
0x0D0713	3	F84F	2	暁い	
0x0D0C0A	3	FC	2	ァＨい	
0x0D3CB6	3	FF	2	ボ阿	
0x0D3D37	3	FD	2	衿あ	
0x0D3D3F	3	FD	2	駆あ	
0x0D3D6F	3	FD	2	球い	
0x0D3D77	3	FD	2	禦い	
0x0D41F9	3	FF	2	みペェ	
0x0D47AA	3	FF	2	ヂ阿	
0x0D4926	3	FD	2	ぽうつ	
0x0D4E7E	3	FD	2	ぽ）の	
0x0D555A	3	FF	2	アてた	
0x0D5626	3	FF	2	ぽうし	
0x0D6A42	3	FF	2	ペ１す	
0x0D6A5E	3	FF	2	ペ「す	
0x0D6D1A	3	FC	2	ェ）ヘ	
0x0D762A	3	FF	2	シ）い	
0x0D82DE	3	FF	2	ア）に	
0x0D8EA6	3	FE	2	。おお	
0x0D9376	3	FC	2	アうふ	
0x0DA52A	3	F881	2	ェＵえ	
0x0DB1CE	3	FD	2	い（け	
0x0DBB16	3	FD	2	Ｖちた	
0x0DC1AE	3	F88F	2	ァ（く	
0x0DC376	3	FD	2	ペ）さ	
0x0DC86A	3	FF	2	ペ）し	
0x0DD906	3	FF	2	アうす	
0x0DEB66	3	FD	2	。なく	
0x0DFBA2	3	FF	2	ア）と	
0x0E0E36	3	FF	2	ア）づ	
0x0E0E42	3	FF	2	ぁＦこ	
0x0E0E5E	3	FF	2	ア）ぇ	
0x0E1242	3	FF	2	ア）ほ	
0x0E133A	3	FF	2	ア）ち	
0x0E1CFA	3	FF	2	ぁ）シ	
0x0E2B1E	3	FF	2	ぽ）た	
0x0E3BCE	3	FD	2	Ｖッミ	
0x0E4483	3	FF	2	際い	
0x0E5356	3	FD	2	ェ（り	
0x0E5C06	3	FD	2	Ｖなほ	
0x0E731A	3	FD	2	ペェち	
0x0E7ACE	3	FD	2	ズ旭	
0x0E8C72	3	FE	2	ぽうふ	
0x0E914E	3	FC	2	シ）と	
0x0EAAE2	3	FD	2	ア）ぃ	
0x0EB6C2	3	FF	2	ぁ）み	
0x0EBB02	3	FD	2	オ）け	
0x0EC8B6	3	FC	2	ァ（こ	
0x0EC98A	3	FD	2	ペＨく	
0x0ECBF2	3	FA	2	ア）ょ	
0x0EF1BE	3	FE	2	ペうや	
0x0EFAAE	3	FC	2	ア）つ	
0x0EFCE2	3	FC	2	イ）つ	
0x0F0306	3	FC	2	ェ医	
0x0F13AA	3	FF	2	アてう	
0x0F21E2	3	FF	2	ぽうき	
0x0F22E2	3	FC	2	ア）た	
0x0F3F37	3	FF	2	恐あ	
0x0F4202	3	FC	2	ア）ぺ	
0x0F4D7E	3	FF	2	ぽうね	
0x0F4F1E	3	FF	2	ペ）ぐ	
0x0F5E76	3	F81C	2	オ）ぬ	
0x0F5FC2	3	FF	2	ウてき	
0x0F6046	3	FF	2	アうえ	
0x0F606E	3	F88F	2	イてく	
0x0F69F6	3	FC	2	ク）え	
0x0F6A86	3	FF	2	ペＸい	
0x0F6A8A	3	FF	2	ペ「ほ	
0x0F6AA6	3	FF	2	ぁＦお	
0x0F7016	3	FD	2	ウ）ち	
0x0F713A	3	FF	2	ぁ）た	
0x0F7BCA	3	FF	2	ぽちほ	
0x0F7D22	3	F837	2	ウ）た	
0x0F8FD6	3	FA	2	アてお	
0x0F9596	3	FF	2	ぁ）え	
0x0F9D46	3	FF	2	イ）よ	
0x0FB4FA	3	FE	2	ぽＦデ	
0x0FB539	3	FE	2	タデ（	
0x0FB576	3	FC	2	ゴおき	
0x0FB8C2	3	FF	2	ぞ（も	
0x0FBD42	3	FB	2	ク）あ	
0x0FC03A	3	FC	2	カ）あ	
0x0FC14A	3	F831	2	ぽ）へ	
0x0FD166	3	FF	2	ペぢお	
0x0FD2B6	3	FF	2	ウ）ぉ	
0x0FDA46	3	FF	2	ア）ぼ	
0x0FDEC2	3	FF	2	ペぢえ	
0x0FE3E2	3	FA	2	ぽてつ	
0x0FE4F2	3	FF	2	ぢ（あ	
0x0FE526	3	FF	2	ェ（あ	
0x0FEB8E	3	FC	2	ぽうえ	
0x0FEDCE	3	FC	2	ペもＪ	
0x0FFE0A	3	FC	2	ウてい	
0x10044A	3	F81F	2	アてあ	
0x100E9E	3	FC	2	ぽうい	
0x1012E6	3	FF	2	コ）お	
0x101C22	3	FF	2	セ）さ	
0x10204A	3	FC	2	キ）き	
0x1021CE	3	FC	2	コ）し	
0x102282	3	F88F	2	ペ）デ	
0x102BBA	3	FC	2	アＨく	
0x102D3D	3	FC	2	あゥ（	
0x102D55	3	FC	2	あィ（	
0x102E26	3	FC	2	ぽあぞ	
0x1040C6	3	F843	2	アＨき	
0x1052F2	3	FC	2	オ）さ	
0x105A2E	3	FB	2	べ（く	
0x105B5A	3	F80E	2	ペ「し	
0x105B5E	3	F80E	2	ゴ＋デ	
0x105B66	3	F80E	2	パＪあ	
0x105CF2	3	FB	2	エ）す	
0x10611E	3	FF	2	ッ（ほ	
0x1063A2	3	FE	2	ア）ケ	
0x106792	3	FF	2	カ）せ	
0x106BAE	3	FC	2	オ）つ	
0x106BDE	3	FC	2	セ）か	
0x107472	3	F8FF	2	ペＨう	
0x1077B2	3	F8FF	2	アＦお	
0x107BCA	3	FB	2	イＦう	
0x1083A0	3	FF	2	ァはか	
0x108536	3	FF	2	ぜ（も	
0x1089FB	3	FF	2	こＪい	
0x108A8A	3	FF	2	サ）せ	
0x108AB2	3	FF	2	キ）え	
0x108B8A	3	F9	2	キ）も	
0x108C0E	3	FF	2	ォ（お	
0x109586	3	FF	2	ア）マ	
0x1095F2	3	FF	2	ア）エ	
0x10960A	3	FF	2	ア）ぷ	
0x10961A	3	FF	2	ア）べ	
0x10964A	3	FF	2	ア）じ	
0x1096DE	3	FF	2	ア）の	
0x10989E	3	FF	2	ア）む	
0x109ACE	3	F88F	2	ケ）あ	
0x109FA6	3	F88F	2	アＸぜ	
0x10A86A	3	FF	2	ぁ）ご	
0x10A9CE	3	FF	2	ィ（う	
0x10A9FA	3	FF	2	ぞ（う	
0x10B322	3	FB	2	ぽてに	
0x10B524	3	F809	2	フ脱	
0x10D1B6	3	FF	2	ペてさ	
0x10D776	3	F857	2	オてえ	
0x10F158	3	FF	2	ぃ策	
0x10F472	3	FB	2	ペうく	
0x10F49B	3	FB	2	はヅお	
0x110343	3	FF	2	遣あ	
0x1105E2	3	FF	2	アうま	
0x11062A	3	FF	2	カ）こ	
0x1106C6	3	FF	2	カ）き	
0x1107CA	3	FF	2	オ）る	
0x1108AA	3	FF	2	シ）て	
0x1108B6	3	FF	2	シ）た	
0x11162E	3	FC	2	ウ）そ	
0x11170E	3	F880	2	ゼ・ぽ	
0x111AF6	3	FF	2	ゼ・ゥ	
0x111BAE	3	FF	2	ペＶお	
0x111C4A	3	FF	2	ペＦお	
0x11234E	3	FF	2	ゼ・ト	
0x112422	3	FF	2	キ）い	
0x112922	3	F88F	2	Ｒりい	
0x112DA6	3	FC	2	あ（ァ	
0x11332B	3	FD	2	こ醒	
0x114DCA	3	FF	2	ぁ）き	
0x1156CE	3	FF	2	セ）え	
0x117BD2	3	FC	2	エ）ゆ	
0x1189FA	3	FC	2	ウ）ん	
0x118FB6	3	FF	2	う（う	
0x119F02	3	FF	2	ぁ）め	
0x11AC86	3	FF	2	ペうえ	
0x11B472	3	FF	2	ァ…え	
0x11BBF2	3	F817	2	アうせ	
0x11C3F6	3	FD	2	う（あ	
0x11D7E2	3	FC	2	ペうぬ	
0x11DA61	3	FF	2	ミュ（	
0x11E786	3	FF	2	ク）い	
0x11F0E6	3	FF	2	ア）ナ	
0x11F298	3	FF	2	ぃ・い	
0x11F75A	3	FF	2	ぽあう	
0x1203E2	3	FF	2	ペうけ	
0x120A2A	3	FB	2	ゼ・ッ	
0x12118A	3	FF	2	ペェほ	
0x122276	3	FB	2	ダ・お	
0x122472	3	F88F	2	ゥＬけ	
0x12249A	3	F88F	2	ペＸあ	
0x122A8E	3	FF	2	ェ）え	
0x1250CE	3	FF	2	イ）ち	
0x1250DA	3	FF	2	イ）せ	
0x127206	3	F800	2	イ、お	
0x127712	3	FF	2	ぁ、や	
0x127732	3	FF	2	ヂ姶	
0x1277CA	3	FF	2	ゾ姶	
0x13085A	3	FF	2	ボ姶	
0x1318C0	3	FF	2	拝い	
0x131914	3	FF	2	りＷあ	
0x131AFE	3	FF	2	あしえ	
0x133A5B	3	FF	2	タくい	
0x133D52	3	FF	2	えつさ	
0x134134	3	FE	2	めかも	
0x1346DD	3	FF	2	おシお	
0x134941	3	FF	2	むレあ	
0x134D4B	3	FF	2	ヴぜと	
0x134DAB	3	FF	2	ヴみと	
0x134E0B	3	FF	2	ヴあた	
0x1352B5	3	FF	2	ヴぴヴ	
0x135380	3	FF	2	ソおＲ	
0x13556D	3	FF	2	ヴるヴ	
0x13FD58	3	FF	2	ョ・い	
0x1401CC	3	FC	2	慈う	
0x1401D0	3	FC	2	クヘう	
0x14045C	3	FF	2	ぁづあ	
0x14046C	3	FF	2	ぴとあ	
0x140474	3	FF	2	＋せあ	
0x140484	3	FF	2	ズゼあ	
0x1404D4	3	F80C	2	エトし	
0x1404E4	3	F80C	2	減す	
0x1404EC	3	F80C	2	狸す	
0x140E74	3	FF	2	み４い	
0x146288	3	FF	2	ぃノい	
0x0DEF39	45	FF	1	律いバ律いＭ紡いぃ律いぜをさい苛さいふやとい按といＡ紡いこさといＥこといヲい	
0x12312F	41	FC	1	い伊ないゲ３といくろない❤２といクろないボ４とい！れないふ３といりろないシ２とい	
0x13E933	41	FC	1	い内まいねオまいやオまいわじまいやオまいァわまいごりまいフオまいごりまい卯みい	
0x0D7C0E	40	F880	1	Ｒ丑ーていァ」ていぱ？ていＡ紡いぜをさいぜぁさいぜんさいＭ紡いぱけけいドい	
0x0DBF19	40	FC	1	ァＲ哀ずさいクェせい２ザといぜじさい６ザとい崑といペザといがぜを峨ぜペ）し	
0x13E0AC	40	FF	1	しハみいくヒみいヤネみいペノみい匂みい６ヌみいわヒみいづヒみいワとセしじくまえ	
0x13EAB8	40	FF	1	わカまいＥじまいづカまいＥじまいヤカまい」じまいゲカまい」じまい！ぐまいボろまい	
0x13F3D1	40	FC	1	イまいやざまいごどまいヤじまい❤でまいヤぇまいごどまいヤじまいみぽまい２ぇまいＵ	
0x0DBC6E	39	FD	1	プおゲたペうＧなＵあたァＲ圧律いＩぜさいぜぜさいぜざさいＱぜさいバぜさいや	
0x0F020E	38	FF	1	ぁ）くりないぜプといワピといくプとい遮といバナこいミぜを我タペ）いぽペ）	
0x0F2711	38	FF	1	律いＭ紡いぽチこいびチこいジＷるシジ抹）レとＣば）抹ぱチこいァぺつ	
0x130F87	38	FE	1	しすせそたきくけこさイイウエオドマアざまそせしこくかえゲホソぽぞとオリジナル	
0x13FA9F	38	FC	1	いえらまい潯まいしぶまいエぶまいづぁまいタぶまいやぶまいとがまいぃぶまいふ	
0x144EBA	38	F8BC	1	ひい２ＭひいびＰひいＱフひい❤ムひい❤ヒひいやマひい！ゼひいフゾひい鋭ひい	
0x0E353D	37	FD	1	ァＲ央紡いＵ紡いぜをさいぜぁさいぽ律いＡ紡いぜんさい苛さいＤぬ	
0x1324E7	37	FF	1	たミョすきしさみミバせくこしみミ６せけさこみＭョすこせせみＭバせさすすみミ	
0x13A198	37	FF	1	ＴマずキＳだはれＴマずキＳだはれＴマずキＳだはれＴマずキＳだはれ／くＯえヂ	
0x13A598	37	FF	1	ＷヲぞムＵタァぱＷヲぞムＵタァぱＷヲぞムＵタァぱＷヲぞムＵタァぱ／くＯえヂ	
0x13D628	37	FF	1	せそたちつてとなにぬねのはひふへほまみむめもやゆよらりるれろわのはゆべぼぱ	
0x0D6991	36	F9	1	「ていぞ」ていぜをさいぱけけい偉せいね律いＡ紡いぜぐさいぜごさい』	
0x0E3C45	36	FD	1	ァＲ寡紡いシけといぜをさいと律いぜづさい苛さいくぜを軌さい阪	
0x13D68D	36	FF	1	あいうえおかきくけこさしすせそたちつてとなにぬねのはひふへほさしぬざじず	
0x13E1BC	36	FF	1	エヌみいりフみいァネみいりフみいＭノみいＥネみいとネみいがネみいボＯとい	
0x0DBB1A	35	FD	1	プおズたペうＯのＵあたァＲ圧律い！ぜさいぜぜさいぜざさい（ぜさいや	
0x0FB98E	35	FF	1	ゼ（ボわＶ（さぃ１（えみゾ（みかペ）おたポ（めよペ）うこァ）あれゥ）い	
0x11618A	35	F8B1	1	といねＧといがＥといクＥといねＫといがＫといＭＨとい！Ｈといくぜを我	
0x11682A	35	F8B2	1	といねＨといがＦといクＦといリＬといバＬといバＩといＭＩといくぜを我	
0x127792	35	FF	1	ブ（かズ７（みかペ）けこァ）ダ２○（くぃブ（かズ７（もゅペ）けぐェ）う	
0x131B54	35	FF	1	せみクネとめすそみクリなもせたみクョにやそちみクバぬゆたつみク６ねよち	
0x131E9D	35	FF	1	せみクネとくすそみクリなけせたみクョにこそちみクバぬさたつみク６ねしち	
0x1320A7	35	FF	1	てみァぜのしつとみァぽはすてなみァタひせとにみァミふそなぬみァァへたに	
0x1320D1	35	FF	1	のみＭぜのてねはみＭぽはとのひみＭタひなはふみＭミふにひへみＭァへぬふ	
0x132C1C	35	FF	1	いみみクけいあうみみネこういえみみリさえうおみみョしおえかみみバすかお	
0x13383E	35	FF	1	きたくタききかくみくミくくきけみくァけけくこみくズここけさみくペささこ	
0x1182C2	34	F8B8	1	といネわないクＢとい６をないリＮといネをない！ＣといくをないバＮとい	
0x134A85	34	FF	1	ンタヴあえいえうえええおえかかけかこえをえんえぁえぃくぅえぇうそうた	
0x1359C5	34	FF	1	ヴヂヴあえいえうえええおえかえけえこえねえィえゥえェえォかッうャうめ	
0x134638	33	FF	1	セぉプいＴマまサピゅぐほなんＧゆがどげかごそげかがトげえごこげかが	
0x13FFC8	33	F850	1	シるまいえごまいＭれまいぃょまいＹらまいＱばまいァばまい道まいあ	
0x143B3F	33	FC	1	い州ひいネＭひい往ひいゲＭひいわＱひい２ペひいボペひいとペひい	
0x0E1C69	32	FD	1	律いぜをさい苛さいふやとい按とい斑さいくぜを季てい砂	
0x0E3021	32	FD	1	律いぜをさい苛さいふやとい按といＭ紡いぜぁさいくぜを甘	
0x12FA6E	32	F88F	1	Ｒ亜律いＭ紡いＡ紡い）レとＣば）抹ジＷるシジ抹ズは	
0x1353AC	32	FF	1	ＪカＪカＪカＪカＪカぅどＪカぅど・ふ・ふフをけむＢゃＢゃ苳６た	
0x0D1065	31	FA	1	な。）ＱなＵ）ＳゆＵ）くァＲ育チこいＩえといぜをさい（えとい	
0x0FAD69	31	FF	1	頬いり頬いぽ頬いぜをさいぜぁさいぜぃさいたぜを疑ち。）	
0x12783A	31	FF	1	ビ（かみ０（みかペ）いこァ）くみゼ（かた９（めよペ）あれゥ）い	
0x127A76	31	FB	1	ベ（かみ０（みかペ）いこァ）くみゼ（かたＣ（めよペ）あれゥ）い	
0x13114E	31	FA	1	ソつＰおょあさせてへひねのになほこけそしとまちはすぬたふつささ	
0x134A27	31	FF	1	ヴ（うただくむセぉプいただDただＢゃＢゃDDＢゃレあただ	
0x136C19	31	FF	1	ヴぎヌモぷヒをゲをくへ３たテく６ぜそだヒを（う（う（う（う（う	
0x137019	31	FF	1	ヴケモＨツ９ざヒるくへ３たテく６ぜそだヒを（う（う（う（う（う	
0x138219	31	FF	1	ヴブヴとヴ○オＸヲツユいノポぽ６ぜそだヒを（う（う（う（う（う	
0x138419	31	FF	1	ヴケモダツノぅゲをくへ３たテく６ぜそだヒを（う（う（う（う（う	
0x138819	31	FF	1	ヴロマーコヒをヒるくへ３たテく６ぜそだヒを（う（う（う（う（う	
0x13A3B1	31	FF	1	ヴＭヴアヴ７ぴＷヲぞムＵタァぱＷヲぞムＵタァぱＷヲぞムＵタァぱ	
0x13A419	31	FF	1	ヴＭヴアヴ７ぴＷヲぞムＵタァぱ６ぜそだヒを（う（う（う（う（う	
0x13A7B1	31	FF	1	キンぢ❤んＩなゥさあきィか（あゥさあきィか（あゥさあきィか（あ	
0x13A819	31	FF	1	ヴＭヴアヴ顎ゥさあきィか（あ６ぜそだヒを（う（う（う（う（う	
0x13A9B1	31	FF	1	ヴＭヴアヴけコゥさあきィか（あゥさあきィか（あゥさあきィか（あ	
0x13AA19	31	FF	1	ヴＭヴアヴけコゥさあきィか（あ６ぜそだヒを（う（う（う（う（う	
0x13ABF9	31	FF	1	ヴＭヴアヴ烏ゥさ）かぜいペあゥさ）かぜいペあ（う（う（う（う	
0x13AC19	31	FF	1	ヴＭヴアヴ烏ゥさ）かぜいペあ６ぜそだヒを（う（う（う（う（う	
0x13B219	31	FF	1	ヴＮヴモヴョアＷヲぞムＵタァぱ６ぜそだヒを（う（う（う（う（う	
0x13C019	31	FF	1	ヴＮヴウヴ６アヒをくむ３とテし６ぜそだヒを（う（う（う（う（う	
0x13C5B1	31	FF	1	ヴコヒＪカヒをーコぅどゲぅるゆーコぅどゲぅるゆーコぅどゲぅるゆ	
0x121100	30	FF	1	ロとＣば）レヂずぉぉぉぉ）レＩずブビビビビビ７ずくょかい肌	
0x14270D	30	FA	1	０だゾ濫』だいいいいいいいああいいいいいいコ濫ゾめいいメ	
0x143392	30	F891	1	ひいねＮひいとＮひいたＮひいしＮひいづフひいりフひいぃフひい	
0x0D0667	29	FF	1	Ｏ２辰諺ァＲ葦律いバ紡いワしいぱチこいォしい	
0x109A6B	29	FF	1	（うたぱ（ぞとペ）ゼあみ（くァＲ円れないＭＧといＱＧとい	
0x1206F8	29	FF	1	りＺといわＺといＭ紡いみ律いＷヌこいＹヌこいたぜを画	
0x1347AA	29	FF	1	あえいえうえええおえかかけかこえぬえねえのえはえひえふくへ	
0x13E818	29	FF	1	わネみいＥヒみいＩヌみいっフみいシネみいっフみいシネみいく	
0x145AF7	29	FC	1	い郞ひいびＮひいくＯひいＩフひい窺ひいっフひい２フひい	
0x0D9CCD	28	FD	1	そペ）みそＥ）ＹおプなィたペてＱおプおォたペうＳにＵ）あ	
0x0DAE71	28	FD	1	ァＲ縁紡いＭ紡いぽ律いぜださいづくといぐくといし	
0x0E3B85	28	FC	1	律いぜゅさいぜすいぜぐさい苛さいくぜを赫ねい険	
0x0E3D71	28	FD	1	律いぜをさいＭ紡いぽ律い苛さいくぜを甘さい差	
0x0E6D71	28	FD	1	律いぜをさい苛さいふやとい按といＭ紡いくぜを技	
0x0EB04C	28	FE	1	くァＲ架紡い６律いＡ紡いＱよといＵよといと律い	
0x0EB31D	28	F810	1	律い苛さいぜをさいＡ紡いぽチこいびチこいくぜを蒲	
0x0F1B06	28	FD	1	ペてマいＶなくァＲ円れないぽチこいと律い下といビい	
0x10D30E	28	F88F	1	Ｒ圧律い韮こいネぞないみ…といクごまいＭブちいズは	
0x11A946	28	F88F	1	Ｒ円れないＭ紡いびチこいタチこいみ律いぜ律いＵバ	
0x1237C4	28	FB	1	ズヨこいズゴこいズルこいズズこいズァこいズドこいャＶこい	
0x12B3FD	28	F810	1	ぃ１（やどペ）かコッ）うべォ）あれゥ）えたッ（あたゾ（あ	
0x1321E1	28	FF	1	おみくミおおえかみくァかかおきみくズききかくみくペくくき	
0x1337EA	28	FF	1	いみくァいいあうみくズうういえみくペええうおみくＥおおえ	
0x1361FC	28	FA	1	し！せいヂ』せいＡ～せい鉢せいシ／せいペ（せいバ）せい	
0x13DB20	28	FC	1	６ズひいぽＹひいＥＪひいぜパひい２ジひい！Ｋひいリハひい	
0x13E03C	28	FC	1	！ヌみいぃハみいズヌみいぃハみいＤをＴしＲラはソドべずだ	
0x13E24C	28	FC	1	２ネみいフハみい尼みいォハみいＤをはソＲラずだＴしドべ	
0x13E5B0	28	FC	1	ぱらまいぱらまいＹぉまいＹぉまいわぞまいＩっまいフＲとい	
0x140A3C	28	FA	1	クぎまいエぱまいワぎまいくるまいえぃまいやぱまいトぎまい	
0x0F04D9	27	F88F	1	ポといく『ふいね！ふいゲりないづポといね○そいズナこい	
0x115FEA	27	F8AF	1	とい！Ｂとい！ＪといねＬといリＨといバＣといくぜを我	
0x11668A	27	F8B0	1	といねＦとい！ＫといクＬといがＩといリＩといくぜを我	
0x125237	27	FB	1	檎ァＲ円れないズナこいネＷといづゆていズ３こいたら	
0x134772	27	FF	1	あえいえうえええおえかかけかこえさえしえすえせくよえら	
0x13478E	27	FF	1	あえいえうえええおえかかけかこえさえしえすえせくそえた	
0x13598F	27	FF	1	んへせァああきあきあきＴヌずぺたあずぺＴヌＴヌずぺ（う	
0x1359EF	27	FF	1	んへせァあぞきあきあき。ぼぱげたあィかぞきぞきィか（う	
0x135AAF	27	FF	1	んへせィあいうＷいＷいぎヲ父たあズフぎヲぎヲズフ（う	
0x13F069	27	F838	1	ょまいエょまいゲばまいくぁまいＡぼまいびろまいョぼまい	
0x13F349	27	FF	1	ょまいエょまいゲばまいくぁまいァるまいびろまい」ウまい	
0x1405CD	27	FF	1	どまいわばまいぃぱまいミぷまいやぢまいョれまいびぢまい	
0x142B2C	27	FA	1	ぽチメヤモソヤチツフナソエメノチホヌフナソルナフフマラ	
0x145F5A	27	F8BB	1	ひいＱＭひいくＱひいわフひいやミひい！ヒひいトマひいき	
0x10F7A2	26	F883	1	Ｒ円れないＹヌこいくネこいヤばない（＋といぜーとい	
0x11B35B	26	FF	1	コ念Ｒ円れないみ律いＭ紡いがぜを峨ぽペ）リ	
0x12CBDE	26	FF	1	ぁ）ボれない２ないづすないびすないぱすないぽすない	
0x12D3DE	26	FF	1	ぁ）ボれない２ない」しない！しない❤しない（しない	
0x13453B	26	FF	1	なボ４そい」ＡそいョＢそいざきじきしおすかせけよから	
0x0DF4CD	25	FF	1	律いぜをさい苛さいふやとい按といＭ紡いヴぬ	
0x0DF4F4	25	FF	1	ぜじさいぜざさいぜすいぜぐさいくぜを憾ぇい険	
0x0E2471	25	FF	1	律いぜをさい苛さいふやとい按といＭ紡いヲい	
0x0EAB39	25	FD	1	とペ）ポそペ）ゾちＸ（ぢがァ（うくペ）ぜくペ）ンよ	
0x13624B	25	FC	1	いヂ』せいＡ～せい鉢せいシ／せいペ（せいバ）せい	
0x1368A1	25	FF	1	ヲきをァン院ぽぢきをきをきをきをきをきをきを（う	
0x1368C1	25	FF	1	ヲきをァン院ぽぢドもきをきをきをきをきをきを（う	
0x13D65A	25	FF	1	をんぁぃぅぇとぉっゃゅょがぎぐげござじずぜぞだぢづ	
0x13D6BE	25	FF	1	まみむめもやかゆよらりるれろわをんぁぃぅぇぉっゃゅ	
0x13F087	25	F82F	1	いＡぼまいびろまいぱぎまいタぱまいＭぼまいびぱまい	
0x13F367	25	F82F	1	いァるまいびろまいごろまいタぱまいたらまいびぱまい	
0x13F3A3	25	FC	1	いＩイまいＭアまい鈍まいネるまいみウまい❤アまい	
0x142B10	25	FA	1	ぽチメヤモソヤチツフナソエメノチホヌフナソツフユナ	
0x0D9080	24	F80A	1	ぽチこいびチこいぱチこいゲベといＩベといぱけけい	
0x0E1B2D	24	FC	1	律いぜゅさいぜすいぜぐさいくぜを渇みい険	
0x0E4445	24	FF	1	律いぜをさいぜすいぜぐさい苛さいくぜを徽	
0x10FB07	24	FF	1	弦ァＲ円れないＭ紡いびチこいタチこいぜンお	
0x1233FC	24	F9	1	リ頬いペ頬いぜをさいと律いぜぁさいヤ？とい	
0x125992	24	F88F	1	Ｒ意×ていと律い韮こいネぞないクごまいズは	
0x131016	24	FF	1	あいうえおかきくけこさむめもやゆよらりるれろわを	
0x13B5F5	24	FB	1	あ煩いてィせみこタけいてィせみこタけ／くブえオ	
0x13F388	24	F853	1	たらまいびぱまいＹキまいペぎまいＭアまい鈍まい	
0x142AD8	24	FA	1	ぽチメヤモソヤチツフナソづメマミソモミマヤソぃぇ	
0x142AF4	24	FA	1	ぽチメヤモソヤチツフナソエメノチホヌフナソメナト	
0x0CA3CE	23	FE	1	プなＹ。ゴつエた。ないたィてエたＵな年Ｒねが	
0x0DC6C1	23	FD	1	みペ）ォぃォ（Ｘあペ）Ｗちペ）みせェ（むほゥ（	
0x0DCE9E	23	FF	1	ぁ）くァＲ央紡いフらといくぜを褐りい檎	
0x0EB482	23	FF	1	ぁ）苛さいぜをさいぉさいＡ紡いＭ紡いふ	
0x0F16FB	23	FF	1	ぐオ『あ檎ァＲ円れないみ律いくぜを賀あ	
0x114EB2	23	FF	1	ア）えたゲ（うみペＨえもＶＪえみペ１えもＶ３イ	
0x114ECE	23	FF	1	ウ）えたゲ（おみペＨえもＶＪえみペ１えもＶ３ぼ	
0x114EFE	23	FF	1	ア）えたゲ（きみペＨえもＶＪかみペ１えもＶ３ず	
0x114F1A	23	FF	1	イ）えたゲ（おみペＨえもＶＪかみペ１えもＶ３が	
0x114F62	23	FF	1	セ）えたゲ（うみペＨえもＶＪいみペ１えもＶ３よ	
0x114F7E	23	FF	1	ウ）えたゲ（あみペＨえもＶＪいみペ１えもＶ３ま	
0x11DCCE	23	FF	1	ペて念Ｒ円れないみ律い瀞を峨ミペ）リ	
0x123BCB	23	FF	1	』がァＲ箇ヤこいＱ×こいＵ×こいＹ×こいョて	
0x125FE3	23	FF	1	弦ァＲ珂Ｗといややていズヅこいボれないズぉ	
0x1344DB	23	FF	1	なズげそい❤じそいしぜそいこうふきぃつコちヤつ	
0x13475A	23	FF	1	ざうじいョかガかギかガおョおしうすうせえよおら	
0x1348E7	23	FF	1	ヴ（うボヲぱゃセぉプい）いボヲもうルムやうボヲ	
0x134CCD	23	FF	1	ぇざほっあボヲカユボヲいうぞいカユぞいいうべる	
0x134EAD	23	FF	1	ぇざほっあねテヂイねテＢゃべるヂイべるＢゃ嫡	
0x135BE7	23	FF	1	ヴ（うふキをへセぉプいヒをふキ『おクぇ『おふキ	
0x135C87	23	FF	1	ヴ（うニンゆざセぉプいやンぴヴおン５ヲニンぴヴ	
0x135CC7	23	FF	1	ヴ（う、ヲろゃセぉプいジヲＫンゼヲぴヲ、ヲＫン	
0x135D27	23	FF	1	ヴ（うニンゆざセぉプいニン！ヴおン５ヲニン！ヴ	
0x135DA7	23	FF	1	ヴ（うただくむセぉプいただＲラプぅＢゃＢゃＲラ	
0x136C01	23	FF	1	ヴぎヌモぷヒをゲをくへ３たテく（う（う（う（う	
0x137001	23	FF	1	ヴケモＨツ９ざヒるくへ３たテく（う（う（う（う	
0x137FE1	23	FF	1	ヴロマーコヒをまな～たＬしヂえまな～たＬしヂえ	
0x138401	23	FF	1	ヴケモダツノぅゲをくへ３たテく（う（う（う（う	
0x138570	23	FF	1	（う（う（う（うまらタたまずピんふほドな（さネ	
0x138B70	23	FA	1	（う（う（う（うまらみしまずピんふほドな（さネ	
0x139170	23	FA	1	（う（う（う（うまらあしまずピんふほドな（さネ	
0x139770	23	FA	1	（う（う（う（うまらゆえまずピんふほドな（さネ	
0x139970	23	FC	1	（う（う（う（うまらみたまずピんふほドな（さネ	
0x139B70	23	FA	1	（う（う（う（うまらぜたまずピんふほドな（さネ	
0x13A001	23	FF	1	ヴＭヴアヴけコヴヲはルＩヤモぽ（う（う（う（う	
0x13A1E1	23	FF	1	ヴＭヴアヴけコるン３ユめノィエるン３ユめノィエ	
0x13A401	23	FF	1	ヴＭヴアヴ７ぴＷヲぞムＵタァぱ（う（う（う（う	
0x13A601	23	FF	1	ヴＭヴアヴ顎ＷヲぞムＵタァぱ（う（う（う（う	
0x13A801	23	FF	1	キンぢ❤んＩなゥさあきィか（あ（う（う（う（う	
0x13AA01	23	FF	1	ヴＭヴアヴけコゥさあきィか（あ（う（う（う（う	
0x13ABE1	23	FF	1	ヴＭヴアヴ烏ゥさ）かぜいペあゥさ）かぜいペあ	
0x13ADE1	23	FF	1	ヴＭヴアヴガぞＴむワながすＫくＴむワながすＫく	
0x13B201	23	FF	1	ヴＮヴモヴョアＷヲぞムＵタァぱ（う（う（う（う	
0x13C601	23	FF	1	ヴコヒＪカヒをーコぅどゲぅるゆ（う（う（う（う	
0x13E139	23	FF	1	ヴつゅエヌみいりフみいァネみいりフみいフＲとい	
0x13EAE1	23	FF	1	ぺまい。ぷまいしぺまい❤ぷまい毒まい。ぷまい	
0x13FCA1	23	FC	1	っまい６ざまいづぇまいわぇまいＹエまいＵざまい	
0x0D0842	22	F88F	1	Ｒ運しいびチこいァしいワ席い９８８れ	
0x0D83F6	22	F88F	1	Ｒ育ーていＯ」てい４」ていし」ていと律い	
0x0DBA2A	22	FD	1	プおギたペうＳひＵあたァＲ圧律いぱチこい	
0x0E6953	22	FF	1	弦ァＲ央紡いボ律いＵ紡いくぜを廓	
0x0E9104	22	FD	1	とゆといやゆといっゆといぽやといしなといキい	
0x0EB6EA	22	FF	1	ぁ）２律いＡ紡い苛さいぜをさい６律い	
0x100F82	22	F880	1	Ｒ円れないブビビビビビ７Ｔぉぉぉぉニニニニ	
0x1101B4	22	F88F	1	ネぞないヤ律いぱ３こいヤばない（＋といバぐ	
0x12890A	22	FF	1	ク）きムヂ・せゼヂ・しぞヂ・かチゾ・あちゾ・	
0x135034	22	F870	1	ボヲカユボヲカユぜこァあいうぞいワヲボヲ（う	
0x137FF9	22	FF	1	ヴロマーコヒをまな～たＬしヂえＴくブえユえイ	
0x13D46C	22	FF	1	投手を威圧して、スタミナ消費＋１	
0x13E20C	22	FF	1	！ヌみいぃハみいズヌみいぃハみいテしむえむえ	
0x14531E	22	F8BA	1	ひいゲＮひいぱムひいヤマひい」ホひいがヘひい	
0x0D1A0D	21	FB	1	覧檎ァＲ珂いといワしいぜじさいキい	
0x0DFA45	21	FF	1	律いと律いみ」ていぜをさいぱけけいプい	
0x0EA0AB	21	FB	1	興律いね律いえりないＭ紡いみ律い	
0x0F3B35	21	FA	1	すペぉＯおＶぅミァＲ円れないくょかいＪＵ	
0x0F8040	21	FF	1	が１といぽ１といＥぐないＡ５といがぜを翫	
0x112562	21	F88F	1	Ｒ央紡いボれないみ律いシ。といぜンお	
0x12B316	21	FF	1	ぁ）ボれないびﾅいわﾅいぃないリ准	
0x1333F5	21	FF	1	おみたクけおえかみたリこかおきみたバさきか	
0x133411	21	FF	1	けみタクすおくこみタリせかけさみタバそきこ	
0x13342D	21	FF	1	すみＥクすけしせみＥリせこすそみＥバそさせ	
0x1337C0	21	FF	1	いみくァいいあうみくズうういえみくペええう	
0x134C0D	21	FF	1	ぇざほっあヒぅくゆヒぅヴヲ＋リくゆルワヴヲ	
0x134EED	21	FF	1	ぇざほっあ）せぞせ）せ）せぞせぞせくむＢぅ	
0x1350CD	21	FF	1	ぇざほっあみンタヲみンまンＲヤタヲぜヲ（ヲ	
0x13544D	21	FF	1	ぇざほっあチヲＵリチヲチヲＵリＵリＵリチヲ	
0x13550D	21	FF	1	ぇざほっあぱるさむぱるプぅＮとさむさむぱる	
0x13570D	21	FF	1	ぇざほっあチヲＵリチヲチヲＵリＵリＵリぜヲ	
0x13576D	21	FF	1	ぇざほっあヘをさむヘをプぅＮとさむさむヘを	
0x135D47	21	FF	1	ヴ（うただくむセぉプいただーコただＢゃＢゃ	
0x135E47	21	FF	1	ヴ（うただくむセぉプいただＴぐただＢゃＢゃ	
0x139A23	21	FF	1	ムＵタァぱ６ぜそだヒを（う（う（う（う（う	
0x13D40C	21	FF	1	投げ続けて、調子が上がってきた。	
0x142AC0	21	FA	1	ぽチメヤモソヤチツフナソづメマミソモミマヤ	
0x0BE170	20	FE	1	タドくいリ（ていペ（ていワしいと／てい	
0x0C33B0	20	F8EC	1	タドくいぽ庶いリ庶いペ庶いォしい	
0x0E3719	20	FD	1	ァＲ央紡いぽチこいＵ紡いヌニニニＹ	
0x0E45F1	20	FD	1	ァＲ央紡いＵ紡いぜをさいくぜを漢	
0x0EECD4	20	FF	1	ぽチこいと律いぃ律いバ紡い苛さい	
0x118AF6	20	F88F	1	Ｒ圧律いぜＴこいくごないトＶといズは	
0x11CE73	20	FF	1	檎ァＲ円れないみ律いＭ紡いァ７う	
0x12F80A	20	FF	1	ぁ）ボれないＹ朦いねないョない肌	
0x13A1F9	20	FF	1	ヴＭヴアヴけコるン３ユめノィエ／くＯえヂ	
0x13ADF9	20	FF	1	ヴＭヴアヴガぞＴむワながすＫく／くＯえヂ	
0x13D3AC	20	FF	1	投手のスタミナ消費が２倍になる	
0x13D3F4	20	FF	1	頭に血が昇って、コントロールー１０	
0x13DCC4	20	FE	1	ぽチメヤモソヤチツフナソマミがソフマホヌ	
0x13E07C	20	FF	1	２ぁまいえぼまいＱがまい（がまいびＲとい	
0x13E490	20	FF	1	ズぢまい！ぢまいボぢまいぽゃまいＵぢまい	
0x144614	20	FC	1	しゾひい縞ひいボゾひいトゾひい（Ｚひい	
0x0E137A	19	FF	1	ぁ）くァＲ央紡いふよといくぜを劾	
0x0E3D5D	19	FD	1	ァＲ寡紡いシけといバ律いと律い	
0x0E74F1	19	FD	1	ァＲ央紡いボ律いＵ紡いびぽこい	
0x0ECB6B	19	FD	1	（ヅこむ（Ｖうペ）みしィ（ぜえペ）Ｈと	
0x0ECD85	19	FD	1	おあ（グたあ）Ｖうペ）みしィ（ぜえペ）	
0x0F2A99	19	FC	1	ァＲ縁紡いと律いっ０といぽチこい	
0x0F79B6	19	FF	1	ウ）四ゥ３焙ゥ３笹ゥＪ崔ゥＪほ	
0x0F9E72	19	FC	1	ペ）くァＲ円れないと律いくぜを峨	
0x0FFD62	19	FF	1	シ）ロそセＨえたャＥけみペＨっもィＪザ	
0x12216E	19	F84F	1	ぞ（だだペ）ぜイペ）ヅおか（ヂえき（か	
0x1289B6	19	FF	1	ぁ）ボれないっないエ朦いミ朦いそ	
0x12C40E	19	FF	1	といえあないくあないしあないたあないづ	
0x12DBCE	19	FB	1	といえやないくやないしやないたやない２	
0x12F2FE	19	FA	1	とい貨とい春とい繁といＩかないＹ	
0x134732	19	FF	1	ざかじかをえんえぁえぃくぅうぇうそうた	
0x1348CB	19	FF	1	ヴべるセぉプいずあヴうヴうデヴただヴう	
0x134907	19	FF	1	ヴ（うヴホぁすセぉプいギンヴホギンプぶ	
0x135079	19	FF	1	ヴ禄ぜヲペシみンァヲーコーコ苳６た	
0x135339	19	FF	1	ヴズヴぜヲペタみンタヲタンタン苳３み	
0x135439	19	FF	1	ヴ舞ァネみシチヲＵワぜヲぜヲ苳３み	
0x1354F9	19	FF	1	ヴオヴこむ戸ぱるさむプぅプぅ苳６た	
0x0DC732	18	FD	1	し（ゼしＸ（うぃゲ（Ａそペ）ぢぐァ（	
0x0E31EC	18	F83A	1	くァＲ衣をさいＵ紡いぜぁさいＣぬ	
0x0E5006	18	F880	1	Ｒ逢ーていＭ紡いぜをさいＵ紡い	
0x0EBFC2	18	FD	1	ペ）がァＲ架紡いね律いＡ紡い	
0x0EC25F	18	FD	1	（ドえむ（Ｖうペ）みしィ（ぜトペ）か	
0x0ECF00	18	FC	1	まッ垢ﾃ』ぼダやぶゾっもといああ	
0x0F3D00	18	FC	1	ズ２こいごＷといＡごたいズ＋こいズは	
0x0FBEF6	18	FF	1	ぁ）ボれないくＹといしＹといたＹとい	
0x0FDCE2	18	F8A6	1	といシ５といび５といが６といぽ６とい	
0x10D26A	18	FF	1	ウうきぅヂぬくみＸなきぅヂきくたＸお	
0x118B0C	18	F88F	1	卯みい脛みいトナついボれないァＰ	
0x11B1B0	18	FF	1	ぜ律いＵ」といＭじないくごないＵバ	
0x11CF4E	18	FF	1	オ）ごあプＺあたペＸっあプ＋いたペ「	
0x11EE92	18	FB	1	ペＶミァＲ円れないＭＧといＱＧとい	
0x124604	18	FF	1	ぜぁさいぜをさいＭ紡いぽチこいダぃ	
0x12EB77	18	F814	1	いヂもないバもないボもないペもないや	
0x1301E2	18	F88F	1	Ｒ縁紡いジＷるシジ抹と律い	
0x134746	18	FF	1	レかロかレかロかレかロかワこっかツえ	
0x13D2A4	18	FF	1	攻撃側投手の不運により	
0x13DEF7	18	FC	1	い（ネみいＩハみいヤネみいペノみいあ	
0x142AAC	18	FA	1	ぽチメヤモソヤチツフナソウネチトマラ	
0x0CA4F1	17	FE	1	ァＲ運しい６溜いレ曚いキい	
0x0D2B79	17	FD	1	ァＲ圧律いヂ紡いＡ紡いョて	
0x0DAC9D	17	FD	1	かペ）あにペ）ぜくペ）ぞねペ）カト	
0x0DAFFD	17	FD	1	かペ）あにペ）ぜくペ）ぞねペ）ンテ	
0x0DB3F1	17	FD	1	かペ）あにペ）ぜくペ）ぞねペ）ィツ	
0x0DBE63	17	F881	1	えペザといぽチこいびチこいぱチこい	
0x0DC6D9	17	FD	1	かペ）あにペ）ぜくペ）ぞねペ）もタ	
0x0E5D15	17	FD	1	くペ）あねペ）ぜくペ）ぞねペ）ヂぐ	
0x0ECB41	17	FD	1	たぞ（Ｖうペ）みしィ（ぜえペ）Ｓと	
0x0F89D8	17	F817	1	灼といふ○といみ○といがぜを漢	
0x112A8E	17	F88F	1	Ｒ央紡いシ。といボれないぜンお	
0x1192F8	17	FF	1	えフみいワノみいくごないがぜを峨	
0x11D5B8	17	FF	1	ＭＧといＱＧといみ律い瀞を画	
0x123654	17	F88F	1	ぜぁさいぜをさいミ～こいくぜを峨	
0x13466C	17	FF	1	ざかじかィえゥおェおォかッえャえめ	
0x13467E	17	FF	1	がどがかぐそがかがトがえぐこがかが	
0x1346B4	17	FF	1	メせモくヤかユかモくヤかユかモたヨ	
0x1346C6	17	FF	1	ざかじかぬえねえのえはえひえふくへ	
0x1346EA	17	FF	1	ああいいういえあおあかかきいくうく	
0x134720	17	FF	1	ああいあうあえあおあかききいくえく	
0x1349A7	17	FF	1	ヴ（うヴの痘セぉプいヴのぎヌまな	
0x134B1B	17	FD	1	ヴあヲチタぢヲゥリろンろン苳ヌく	
0x134E9B	17	FF	1	ヴてヴたあＵタタヲタヲＵタ苳６た	
0x134FEC	17	FF	1	／う／いゲぎべぅ／う／いゲぎくる／	
0x13536C	17	FF	1	カラカラ／あまあカラ」ハ／あまあ『	
0x135E87	17	FF	1	ヴ（うヴの痘セぉプいヴのヴテまな	
0x13B427	17	FF	1	ヨ６ぜそだヒを（う（う（う（う（う	
0x13D254	17	FF	1	失投が絶好球になりにくい	
0x13D268	17	FF	1	失投が絶好球になりやすい	
0x13D49C	17	FF	1	左打者に強く、球速＋２	
0x13D4B8	17	FF	1	左打者に弱く、球速ー２	
0x13DA93	17	FC	1	い２ゼひい」ＹひいボＫひいミピひい	
0x13EF0F	17	FC	1	いズりまい酸まいＹをまいォりまい	
0x14082F	17	FC	1	いミびまいえびまいボょまい！ぱまい	
0x145A27	17	FC	1	いぽヘひいとホひいエミひいとダひい	
0x0BE15D	16	FE	1	ァＲ嘘ドくいり（ていぽ（ていた	
0x0BEE86	16	F881	1	Ｒ院・ていワしいと／ていキい	
0x0BF30A	16	F881	1	Ｒ粟・ていワしいと／ていキい	
0x0C1AA9	16	FE	1	ァＲ嘘ドくいネ・ていズ・ていた	
0x0C7459	16	FE	1	ァＲ嘘ドくいゲ吠いＩ吠いた	
0x0D33CD	16	FD	1	そペ）ペそＥ）く。ゴいがァＲくズ	
0x0D3B55	16	FD	1	律い８かといーおといくぜを樫	
0x0D8122	16	F88F	1	ペ）かたペ）えみペ）えぃペ）宛	
0x0DD746	16	F880	1	ゼなとたペてづたＵなえめい告ア	
0x0E13E1	16	FF	1	たァおくァＲ宇チこいたぜを峨	
0x0E3765	16	FD	1	ァＲ央紡いくぜを還ぬい孤	
0x0E4B7D	16	FD	1	ァＲ央紡いぽチこいＵ紡いＹ	
0x0E4BC5	16	FD	1	ァＲ央紡いくぜを桓つい孤	
0x0E5CC5	16	FD	1	くペ）あねペ）ぜくペ）ぞねＥ）う	
0x0E66ED	16	FD	1	ァＲ央紡いくぜを嬉さい狐	
0x0EBDAD	16	FD	1	ふペ）えしペ）ぞふペ）ぜしィ（き	
0x0EBE11	16	FD	1	ふペ）えしペ）ぞふペ）ぜしィ（あ	
0x0F811D	16	FC	1	がないヤヒみいクでたいズさいや	
0x1002B7	16	FF	1	檎ァＲ円れないＹヌこいくＲう	
0x108387	16	FF	1	鷺ェＲ円れないみ律いズ。う	
0x10C156	16	FF	1	（ずぱチこいＡ紡いぽチこいジぃ	
0x10C332	16	FF	1	ペ）たァＲ円れないぱチこいザい	
0x111F5A	16	FF	1	ペてぜうＶなミァＲ円れないズは	
0x118B20	16	F88F	1	ズナこいみ律い」Ｇといぽ律い	
0x11DA2E	16	FF	1	ペ１念Ｒ亜しペ）ぜしペ）杵	
0x11DC32	16	FF	1	ペ１念Ｒ亜しペ）ぜしペ）ノえ	
0x121486	16	F880	1	Ｒ円れないりＺといわＺといＵテ	
0x125AF4	16	F88F	1	ヤばないボれない」…といＹュみい	
0x126075	16	FF	1	たペうコつＵおあたペてコつＵなあ	
0x135A3A	16	FF	1	ヴぶケやたあケやソぶヴぶケや（う	
0x135B7A	16	FF	1	まうＵこたあみこＵこＵこみこ（う	
0x139840	16	FA	1	（う（う（う（うーコモぷただヒを	
0x13C578	16	FA	1	まらテしねテヂイぅどＢゃ（さ・ふ	
0x13D150	16	FF	1	次打者が投手を威圧	
0x13D1B4	16	FF	1	攻撃側投手のツキにより	
0x13D22C	16	FF	1	打たれ強く、動揺しにくい	
0x13DEE4	16	F8DB	1	み２といボヌみいズハみいとヒみい	
0x13ECF4	16	F83E	1	Ｑわまいヂらまいふずまい」ぇまい	
0x1405BC	16	FF	1	たでまいりでまいぱエまいミエまい	
0x1409AD	16	F84D	1	ぅまいねりまいシげまい（ぽまいト	
0x142A84	16	FA	1	ぽチメヤモソヤチツフナソだチフフ	
0x142A98	16	FA	1	エメノチホヌフナソルナフフマラぅ	
0x0C25E6	15	FF	1	ぁ）Ｍ紡いワしいくぜを騎	
0x0D04D7	15	F8FD	1	檎ァＲ壱あといワしいキい	
0x0D0B0E	15	F887	1	Ｒ嘘ドくいヤうといボうといた	
0x0D27B5	15	FD	1	みペ）ぞくペ）いねペ）ぞりペ）	
0x0D6A06	15	FF	1	（てＥあＹちだそペうＥあＹあぃ	
0x0D6CBD	15	FF	1	たど（ありペ）ヅかＶ（め６ペ）	
0x0DB96A	15	F809	1	といねことい葵とい！けといほ	
0x0DBA7A	15	FF	1	ぁ）と律いぜぜさいたぜを漢	
0x0E7B36	15	FC	1	ぜつＥいＶちた。ゴつくァＲねバ	
0x0EBB8F	15	FD	1	』２そォ（ァさペ）ぜぱペ）きあ	
0x0EBE69	15	FD	1	ふペ）えしペ）ぞふペ）ぜしィ（	
0x0F6222	15	F88F	1	ペ）あツゥ（おたペ）かみペ）Ｃ	
0x0F70DC	15	FF	1	Ｍ紡いズＪこいぜをさいぜヌう	
0x0FC832	15	F80E	1	アてぇたペてＱたＵちミァＲねえ	
0x111497	15	FF	1	檎ァＲ愛しペ）ぜしペ））９	
0x1114DB	15	FF	1	檎ァＲ愛しペ）ぜしペ）ナあ	
0x1114EB	15	FF	1	檎ァＲ愛しペ）ぜしペ）ベい	
0x113FCB	15	FF	1	檎ァＲ円れないＹヌこいくき	
0x12093A	15	F84F	1	ぶ（ぜイペ）ヅおか（ヂえき（か	
0x123D54	15	FF	1	ズズこいズァこいズドこいＵでえ	
0x13069F	15	FF	1	』たァＲ央紡いＡ紡いタヘ	
0x130F39	15	FF	1	そたちつてとなにぬねのおえいあ	
0x1345E8	15	FE	1	いあうあえあおあかかきいくうく	
0x134628	15	FF	1	くいきうかいおいえいういいいあ	
0x13465C	15	FE	1	いいういえいおいかききいくえく	
0x134692	15	FE	1	いいういえいおあかききいくえく	
0x134DFB	15	FF	1	ヴゅヴたあ４トるルるル４ト（う	
0x134E1B	15	FF	1	ヴオヴたあゆク近近ゆク（う	
0x13591B	15	FF	1	ヴ／ンたあ・ふべるべる・ふ（う	
0x13597B	15	FF	1	ヴウヴたあＵタァヲァヲＵタ（う	
0x135A5B	15	FF	1	ヴウヴたあＵヤァヲァヲＵヤ（う	
0x136D78	15	FA	1	まらタたまずピんふほドな（さネ	
0x137378	15	FF	1	まらみしまずピんふほドな（さネ	
0x137F78	15	FF	1	まらゆえまずピんふほドな（さネ	
0x138178	15	FF	1	まらみたまずピんふほドな（さネ	
0x138A40	15	FA	1	（う（う（う（うヴへひなＫしホ	
0x139D78	15	FF	1	まらぜたまずピんふほドな（さネ	
0x13AB78	15	FF	1	まらァくまずピんふほドな（さネ	
0x13BB78	15	FA	1	まらいくまずピんふほドな（さネ	
0x13C209	15	FF	1	ヴＭヴアヴくハ（う（う（う（う	
0x13C378	15	FA	1	まらむえまずピんふほドな（さネ	
0x13D0C4	15	FF	1	投手が混乱しやすくなる	
0x13ED5D	15	FC	1	ぜまい。キまい萎まい❤キまい	
0x13F31D	15	FF	1	んまい６ぢまいヤゃまいがゃまい	
0x142754	15	FA	1	迄いいいいいああいいいいは』	
0x145AE5	15	F89E	1	ゼひいクゼひいシゾひいＱヂひい	
0x0CF803	14	FE	1	檎ァＲ運しいびチこいボ	
0x0D8A86	14	F88F	1	Ｒ衣をさいぱけけいぷをさい	
0x0DAEE6	14	FF	1	ぁ）Ｍ紡いぽ律いぜださい	
0x0DBA43	14	FC	1	いぜぜさいぜざさいえぞさいや	
0x0E005C	14	FD	1	ぜじさいぜざさい苛さいンぬ	
0x0EB3AC	14	FE	1	くァＲ架紡いＡ紡いグい	
0x0EC2A2	14	FD	1	ペ）ヂきい（みそィ（ぜあゥ（	
0x0EC6F7	14	F815	1	こぞむペ）０んィ（Ｗちィ（え	
0x0ECDA3	14	FD	1	脚しペ）ぜしペ）けたペ）ナ	
0x0ED91E	14	FF	1	ペェむまＥ）ごとプおァむゾき	
0x0EF554	14	FC	1	れ」ていぜをさいぱけけいプい	
0x0EFDF0	14	FF	1	シプといワプといズナこいョて	
0x0F0716	14	FC	1	ペ）たァＲ壱チこいボれない	
0x0F7628	14	F88F	1	ボれないネＷといシぐたい６チ	
0x0F9906	14	FF	1	ぁ）ボれないたぜを峨ぜペ）	
0x10040A	14	FC	1	ペＸたァＲ円れないみ律い	
0x101BC7	14	FF	1	檎ァＲ円れないたぜを蛾	
0x10544E	14	F88F	1	Ｒ円れないＭＧといＱＧとい	
0x1057F6	14	F88F	1	Ｒ円れないＱＧといＭＧとい	
0x105976	14	F88F	1	ァ（たァＲ円れないト～とい	
0x10734B	14	F805	1	（うぃづ（ぢっペ）ダうめ（き	
0x107A4A	14	FF	1	ぁ）ボれない周とい鴎とい	
0x10B528	14	FF	1	ぱチこいＡ紡いぽチこいジぃ	
0x110CE0	14	FF	1	ボＪといＭＧといＱＧといズは	
0x1114CB	14	FF	1	檎ァＲ愛しペ）ぜしペ）す	
0x1114FB	14	FF	1	檎ァＲ愛しペ）ぜしペ）ギ	
0x114FAA	14	FF	1	セ）えたゲ（きみペＨえもＶＪ	
0x114FC6	14	FF	1	ア）えたゲ（あみペＨえもＶＪ	
0x115BB7	14	FF	1	弦ァＲ円れないがぜを蛾	
0x120106	14	FE	1	ぜ（えみゼ（廼Ｒびえたぞ（	
0x12A526	14	FF	1	ぁ）ボれないＵない洟ない	
0x13304C	14	FF	1	ＭョくうきけあＭペけえくおた	
0x134FBE	14	FF	1	３ふゲぎくる／う／う苳６た	
0x134FFE	14	FF	1	３ふゲぎくる／うゲぎ苳６た	
0x13505D	14	FF	1	ヴたあ１りびざびざ１りぜあ…	
0x13520D	14	FF	1	ぇざほっあみンタルみンソすパ	
0x13528D	14	FF	1	ぇざほっあ／マスサ／マソすボ	
0x13549D	14	FF	1	ヴたあ・ふべるべる・ふぜあ…	
0x13565D	14	FF	1	ヴたあ０シやユやユ０シぜあ…	
0x135B4E	14	FF	1	ねテイぷ嫡DヒをＢゃＪカ	
0x13BA19	14	FF	1	ヴＮヴウヴギゃリあっあちあＢ	
0x13D044	14	FF	1	左投手にとても強く、	
0x142A74	14	FA	1	エメノチホヌフナソツフユナぅ	
0x1430BE	14	F8A5	1	ひい杷ひい莫ひいバＳひい	
0x0C50AB	13	FF	1	ＯミァＲ亜律いワしい	
0x0C52D3	13	FD	1	８６まペ）くそチ（タそィ（	
0x0C5899	13	FE	1	ァＲ架庶いワしいキい	
0x0C7AD5	13	FE	1	ァＲ維吠いワしいカい	
0x0D28C0	13	FD	1	Ａ紡いぜざさいぜをさいＱ	
0x0D69C4	13	FF	1	と律いがぜを峨ぜペ）す	
0x0DD96D	13	FF	1	律いぜをさいぽチこいデい	
0x0E18C8	13	FF	1	Ｍ紡いぜをさいくぜを峨	
0x0EB770	13	FD	1	くァＲ衣をさい苛さいほ	
0x0EB7B4	13	FD	1	くァＲ架紡いぜをさいほ	
0x0F3D1C	13	FC	1	ヂＷといぃざたいズさいズ	
0x1011E7	13	FF	1	詰ぽガつえみゥたユイＷな	
0x10147B	13	FF	1	詰ぜガつせたィたユだＶな	
0x105E16	13	FF	1	ペ）廼Ｒ円れないズ俄	
0x111148	13	FF	1	ボＪといたぜを峨ぜペ）か	
0x11322C	13	FF	1	ボれないがぜを峨ぃペ）Ｑ	
0x118B32	13	F8D2	1	といガョョョ」０といぜヌう	
0x11A90C	13	FC	1	ぬつＸおくぃェたねいＸなう	
0x11D09C	13	FF	1	み律い椴を峨ぽペ）リ	
0x11DFAB	13	FC	1	（おぽど（でエペ）ヅおみ（	
0x130FAE	13	FF	1	Ｉベュリホトげござじずぜぞ	
0x131258	13	FF	1	くねねけみねこぃねさがねそ	
0x134556	13	FF	1	ざきじきしおすかせけそかた	
0x134571	13	FF	1	なラこリかルかラかっかツか	
0x13458D	13	FF	1	なそうといらとぃたトたリと	
0x13459B	13	FF	1	なずおぜおずおぜおっくツお	
0x1345AA	13	FF	1	づこでくどくばこどくでくづ	
0x1347E7	13	FF	1	ヴ（うただくむセぉプい『ヲ	
0x134827	13	FF	1	ヴ（うギンるをセぉプいギン	
0x134887	13	FF	1	ヴ（う餌ニざセぉプい（ヴ	
0x134967	13	FF	1	ヴ（うＡンハゃセぉプいＡン	
0x1349B9	13	F9	1	とヴのぎヌぎヌヴのレあヴの	
0x134A47	13	FF	1	ヴ（うせぷくむセぉプい＠で	
0x134A77	13	FF	1	うずう餌タヴにヲムワみみ	
0x134C57	13	FF	1	ヒ及やうプぺゆき及Ｔあ	
0x134DBD	13	FF	1	ヴたあ０シやユやユ０シ（う	
0x134F37	13	FF	1	ヴDぅどDぅどDヂイ	
0x13500D	13	FF	1	ぇざほっあヒゃくる／う／う	
0x13504F	13	FF	1	んへせチみびざらぎらぎギで	
0x1351D7	13	FF	1	ヴ及（いヤヴ（い及／あ	
0x135257	13	FF	1	ヴみンタルヤヴタル（ヲＵヲ	
0x13582F	13	FF	1	んへせめエるル４トけムるヲ	
0x13583D	13	FF	1	ヴたあ４トるルるル４ト（う	
0x13584F	13	FF	1	んへせうぽ近近近わヲ	
0x13585D	13	FF	1	ヴたあゆク近近ゆク（う	
0x13587D	13	FF	1	ヴたあ・ふべるべる・ふ（う	
0x1358DD	13	FF	1	ヴたあＵタタヲタヲＵタ（う	
0x135A7D	13	FF	1	ヴたあァワ（ル（ルァワ（う	
0x135B3D	13	FF	1	ヴたあるヴ槌槌るヴ（う	
0x135B8F	13	FF	1	んへせ・ふゲぅゲぅゲぅＪカ	
0x135C27	13	FF	1	ヴ（うフぉ８むセぉプいぼぁ	
0x135D07	13	FF	1	ヴ（うぼヴもざセぉプい５ン	
0x135D67	13	FF	1	ヴ（うぼヴもざセぉプいけヴ	
0x135DE7	13	FF	1	ヴ（うンのぁすセぉプいぅど	
0x135E27	13	FF	1	ヴ（う。ヲろゃセぉプい、ヲ	
0x13690D	13	FF	1	うずうきをきをきをきを（う	
0x13692D	13	FF	1	うずうヴいきをきをきを（う	
0x13694D	13	FF	1	うずうヴいプあきをきを（う	
0x13696D	13	FF	1	うずうヴいプあまあきを（う	
0x13BE00	13	FF	1	ヒをくむ３とテし／くＯえヂ	
0x13DF2C	13	FC	1	ぽ２といヤヒみいぜノみいあ	
0x13DF3C	13	FC	1	づ２とい！ハみいＵハみいあ	
0x13EA0B	13	FC	1	いとげまい６ろまいびぺまい	
0x13EBEC	13	F832	1	ヂキまいミキまいＡキまいえ	
0x13ED3F	13	FC	1	いズぜまいふをまいＭぉまい	
0x13ED4F	13	FC	1	いＵぜまい酸まい❤キまい	
0x13EEFF	13	FC	1	いゲづまいふをまいＥづまい	
0x13EFDF	13	F838	1	いヤぁまいたぼまいァぁまい	
0x13F4EB	13	FC	1	い當まいォぺまい當まい	
0x140B47	13	FC	1	いわがまいがるまい屯まい	
0x142775	13	FA	1	』はいいいいああいいいいゥ	
0x1428F6	13	FA	1	ゥいいいいああいいいいは』	
0x142A64	13	FA	1	エメノチホヌフナソメナトぅ	
0x0BDC6A	12	F839	1	ペ）かたペ）えみペ）ぇず	
0x0BDDE6	12	FE	1	ペ）かたペ）えみペ）「じ	
0x0BE8C0	12	FE	1	セ・ていま・てい（×てい	
0x0BF762	12	FE	1	ペ）かたペ）えみペ）ヤが	
0x0C0BE1	12	FF	1	律いワしいくぜを棋	
0x0C1776	12	FE	1	ペ）かたペ）えみペ）マぃ	
0x0C2F36	12	FE	1	ペ）かたペ）えみペ）ヴれ	
0x0C7622	12	FF	1	ペ）こたペ）いぃペ）７コ	
0x0C7782	12	FF	1	ペ）けたペ）いぃペ）アコ	
0x0CA56E	12	FE	1	ペ）かたペ）えみペ）否	
0x0CACCE	12	FE	1	ペ）かたペ）えみペ）のさ	
0x0CB526	12	FE	1	ペ）かたペ）えみペ）うけ	
0x0CC5DE	12	FD	1	ペ）かたペ）えみペ）＋え	
0x0CD689	12	FE	1	みペ）うぃォ（ニ舜険	
0x0CF166	12	F880	1	ペ）えたペ）かみペ）壺	
0x0CF176	12	FD	1	ペ）えたペ）おみペ）塘	
0x0D09CD	12	FD	1	たべ（いむド・あぅィ（け	
0x0D2C21	12	FD	1	ぽペ「やあプ＋おぜペ、え	
0x0D3B71	12	FD	1	しペ）みそＥ）くァＲねづ	
0x0D7966	12	F880	1	ペ）かみペ）かぃペ）！の	
0x0D79A2	12	FF	1	ペ）かみペ）かぃペ）○の	
0x0DBF45	12	FC	1	そペ）ペそＥ）がァＲくミ	
0x0DC80A	12	FF	1	ぁ）たぜを峨ぜペ）スぐ	
0x0DCEF1	12	FD	1	ァＲ央紡いくぜを蛙	
0x0E3791	12	FD	1	ァＲ央紡いくぜを峨	
0x0E6721	12	FD	1	ァＲ央紡いくぜを翰	
0x0EBD99	12	FD	1	ぜペ）あせペ）みせペ）き	
0x0EBDFD	12	FD	1	ぜペ）あせペ）みせペ）こ	
0x0EBE55	12	FD	1	ぜペ）あせペ）みせペ）く	
0x0F05FD	12	FC	1	ァＲ逢『ふいくぜを峨	
0x0F2F31	12	FF	1	覆ペがァＲ為ァＲ右	
0x0F3859	12	FC	1	くペ）みくペ）ぜめペ）ぜ	
0x0F5906	12	FC	1	ペ）あぃペ）こたペ）コミ	
0x0F5936	12	FC	1	ペ）あぃペ）こたペ）パム	
0x0F597E	12	FC	1	ペ）あぃペ）おたペ）ごミ	
0x0F5A02	12	FC	1	ペ）あぃペ）きたペ）ひミ	
0x0F5A32	12	FC	1	ペ）あぃペ）きたペ）セム	
0x0F7738	12	F88F	1	ズナこいネＷといやごたい	
0x0F9E2D	12	FC	1	くペ）ぜくウ）あたペ１こ	
0x0F9E5D	12	FC	1	くペ）ぜくシ）あたペ「あ	
0x0FE225	12	F880	1	覆ズたァＲ葦ァＲ娃	
0x0FF8B1	12	FF	1	たペてＭぬＵちたァＲ瓜	
0x101072	12	F88F	1	ペ）きみペ）ぞふペ）Ｋそ	
0x1010DE	12	F88F	1	ペ）さみペ）ぞふペ）ベそ	
0x101ACE	12	FC	1	ゥ・念Ｒ円れない（Ｆ	
0x101EAE	12	FC	1	ペ）くたペ）けみペ）ルか	
0x101EEE	12	F88F	1	ペ）くたペ）けみペ）。か	
0x101FDA	12	FC	1	ペ）けみペ）Ｖたペ）ヅか	
0x102D16	12	FC	1	ペ）かたペ）きみペ）／い	
0x10341E	12	FC	1	ペ）きたペ）かみペ）ォあ	
0x103CE2	12	FC	1	ペ）くたペ）きみペ）やき	
0x10643E	12	F88F	1	ぞ（ぢとペ）ぜっペ）ダう	
0x10C8E5	12	FA	1	ふ。ちおたぞつＯふＵちい	
0x10EC40	12	FF	1	ボれないバＪといボＪとい	
0x10F270	12	F88F	1	ヤばないボれないＹュみい	
0x1101A6	12	F88F	1	Ｒ円れないへていズは	
0x1148CB	12	F88F	1	鷺ジＲ円れないァはか	
0x114D1B	12	FD	1	檎ァＲ円れないァはか	
0x115338	12	FD	1	ＭＪとい椴を我ぽペ）	
0x11CB5D	12	FF	1	覆ズミァＲ嘘ァＲ唖	
0x11CF3E	12	FF	1	ペ）ぞふペ）だわペ）＋き	
0x11D77B	12	FF	1	８廼Ｒ円れないみポき	
0x120B0E	12	F88F	1	Ｒ円れない」Ｗとい肌	
0x12218E	12	FB	1	ペ）えたペ）おみペ）ぇあ	
0x123A24	12	F88F	1	ぜぁさいぜをさいミ～こい	
0x1270D1	12	F800	1	くペ）みくペ）ぜめペ）み	
0x12B436	12	FF	1	ぁ）ボれないぃない（Ｆ	
0x1310C4	12	F8EC	1	あいうえいいいいうこさあ	
0x132F6D	12	FF	1	あいうあいうえおかきくけ	
0x1337A2	12	FF	1	いああたたがあいいいたバ	
0x134517	12	FF	1	なへくほくまくほくまくま	
0x134564	12	FF	1	てけはくまけごすコしホす	
0x134580	12	FF	1	ておねえふおぃつコちホつ	
0x134608	12	FF	1	りぞそいＡべそいぽオそい	
0x134F80	12	FF	1	まちＯえまちまち苳６た	
0x13A219	12	FF	1	ヴＭヴアヴけコ／くＯえヂ	
0x13ADB1	12	FF	1	もソひＴにブお／くＯえヂ	
0x13AE19	12	FF	1	ヴＭヴアヴガぞ／くＯえヂ	
0x13B019	12	FF	1	ヴＮヴウヴ５オ／くブえオ	
0x13B619	12	FF	1	ヴＮヴウヴ４ス／くブえオ	
0x13B640	12	FA	1	（う（う（う（うずうパい	
0x13C001	12	FF	1	ヴＮヴウヴ６ア／くＯえヂ	
0x13C1C9	12	FF	1	ヴＭヴアヴくハ／くＯえヂ	
0x13C219	12	FF	1	ヴＭヴアヴ尭／くＯえヂ	
0x13CE90	12	FF	1	おえういあくきか変化	
0x13D0B4	12	FF	1	追いつめられて、ミート	
0x13D0E4	12	FF	1	相手の変化球を	
0x13DA30	12	FF	1	フパひいトズひいペＬひい	
0x13E12C	12	FC	1	ＤをはソＲラずだＴしドべ	
0x13EBDC	12	F832	1	ヂキまいっキまいＥるまい	
0x13EEB8	12	FF	1	ヂらまいふずまい」ぇまい	
0x13F73C	12	F82C	1	！０といく６といふＡとい	
0x13F7A8	12	F82C	1	怨とい盃といＡ９とい	
0x13F7CC	12	F82C	1	❤０といネ６といヤ９とい	
0x13F838	12	F82C	1	勺といァ６といゲＡとい	
0x13F85C	12	F82C	1	（０といバＹといゲＶとい	
0x13FD3B	12	FC	1	いづーそいゲーそいリ准	
0x1402EC	12	FF	1	ヤＰといし４といふ４とい	
0x140354	12	FC	1	（Ｐといシ４といワ２とい	
0x140388	12	FC	1	ぽＰといフ３といご３とい	
0x1403F0	12	F8EE	1	バＰといぱ４といＱ２とい	
0x1428B7	12	FA	1	コいいいああいいいは濫	
0x1428D6	12	FA	1	朴いいいああいいいいゥ	
0x0C16BE	11	FE	1	Ｖなり。ゴつミァＲねり	
0x0C58BA	11	FF	1	ぁ）（ふすいくぜを奇	
0x0C701E	11	FD	1	プなやな。ないたィてい	
0x0C7271	11	FE	1	ァＲ運しいァしい	
0x0CDD1E	11	FF	1	ぁ）づポすいくぜを翫	
0x0CE852	11	FF	1	ぁ）リＡすいくぜを観	
0x0D03AA	11	FD	1	ペ）あみペ）あじ醐	
0x0D1522	11	FD	1	ペ）あみペ）１亡瑚	
0x0D1536	11	FD	1	ペ）あみペ）ピ亡険	
0x0D18DE	11	FD	1	ペ）あみペ）Ｉ販瑚	
0x0D18F2	11	FD	1	ペ）あみペ）Ｄ販険	
0x0D2D41	11	FD	1	ァＲ縁紡いぉさい	
0x0D3232	11	FD	1	プおびふ。おいたＶうい	
0x0D77F6	11	FD	1	プゃＶたペぉＫとＵぅえ	
0x0DA301	11	F881	1	そペ）ペそＥ）え。ゴい	
0x0DAECA	11	FF	1	プおォたペうＳにＵあほ	
0x0DB0C2	11	F880	1	ゲ）暝＋）ああダ・く	
0x0DB639	11	FD	1	そペ）ペそＥ）た。ゴい	
0x0DBCBE	11	FF	1	ぁ）と律いぜぜさいや	
0x0DC5BA	11	FD	1	プなゲに。ないたィてい	
0x0DCE4E	11	FF	1	ぁ）ぜじさいぜざさいし	
0x0DCE6A	11	FF	1	ぁ）ぜざさいくぜを劾	
0x0DDF9E	11	FF	1	プおぶたペうＧとＵあタ	
0x0DDFEE	11	FD	1	プおぼたペうＫにＵあり	
0x0DE46E	11	F810	1	プおべたペうＫにＵあゲ	
0x0DEB59	11	FD	1	しペ）みそＥ）くえプな	
0x0DEC1D	11	FD	1	しペ）みそＥ）づうプな	
0x0E0B3A	11	FF	1	ぁ）づコぬいくぜを刊	
0x0E1346	11	FF	1	ぁ）Ａ紡いくぜを劾	
0x0E1D36	11	FF	1	ゼヅあたペダづたＵヅふ	
0x0E3C26	11	FF	1	プおぼたペうＫにＵあや	
0x0E5019	11	F880	1	律いぜぁさい苛さい	
0x0E86F2	11	FC	1	Ｖなし。ゴつ撚Ｒねえ	
0x0EAAA2	11	FD	1	プおしつ。おいたＶうお	
0x0EB4BA	11	FF	1	ぁ）ぜをさい苛さいわ	
0x0EB52A	11	FF	1	ぁ）ぜをさい苛さいぽ	
0x0ECD35	11	FD	1	しペ）ぜしペ）づしァ（	
0x0F0487	11	FC	1	客みペ）えぃペ）身	
0x0F460A	11	FC	1	プゃあたペぉＩまＵゃき	
0x0F6345	11	FC	1	あデ・えだッ（いイェ（	
0x0F64AA	11	FC	1	ペ）おたペ）かみペ）す	
0x0F89C8	11	F817	1	」０といみ１といタ桔	
0x0FB3A2	11	FE	1	イ）びわバ３ォなプ３あ	
0x0FBF2E	11	FF	1	アうづぱズおびシズおう	
0x0FC5A2	11	FC	1	イ）Ｍめプなかむゾぬえ	
0x0FDBDA	11	FF	1	ＶあミァＲ恩み、）き	
0x0FEC5E	11	FC	1	ぽ）ミァＲくえふペ）か	
0x0FED82	11	FC	1	ア）ミァＲくえふペ）か	
0x101A52	11	FC	1	ヂ・ぞちぞ（Ｘおァ（か	
0x101B96	11	F821	1	ズな・ちＵながァＲねや	
0x101C4E	11	FF	1	ペＨみうォＪたァＲＭむ	
0x1021EA	11	FC	1	ォＥうたペＨいてＵＪか	
0x1029E3	11	FF	1	阪ィＲ円れないズは	
0x1045EB	11	F883	1	鷺ェＲ円れないＥご	
0x104F82	11	F84F	1	ウ）やふズおわわズおう	
0x105866	11	F88F	1	エ）うみペＨえみペ１ゃ	
0x105876	11	F88F	1	セ）おみペＨえみペ１ぅ	
0x10589A	11	F88F	1	エ）きみペＨかみペ１り	
0x1058AA	11	F88F	1	ア）おみペＨかみペ１や	
0x1058E2	11	F88F	1	イ）うみペＨいみペ１に	
0x1058F2	11	F88F	1	セ）あみペＨいみペ１つ	
0x107BBE	11	FB	1	キ）舉プＪきみャＥあ	
0x107E4A	11	FF	1	ア）うたァＥズつゼＪい	
0x10837A	11	FF	1	ペ）かたペ）きみペ）か	
0x109174	11	FF	1	ＭＧといＱＧといァがあ	
0x1099C6	11	FF	1	プおぃみプなあ（ザつわ	
0x10B3FB	11	FF	1	（だとペ）ゼあみ（サＱ	
0x10BF93	11	FF	1	（だとペ）ゼあみ（ユＮ	
0x10C1D6	11	FF	1	ペ）かたペ）勘あ原	
0x10C256	11	FF	1	ゼないたペて）のＵなた	
0x10C696	11	FF	1	パなあミァつきちッ（こ	
0x10D182	11	FF	1	ぽうああベきくペＵおい	
0x10D426	11	F88F	1	ぽていぃペううぃペてご	
0x10D51E	11	F88F	1	ぽＨあぃペ１おぃペＨう	
0x10E0D7	11	FF	1	諺ァＲ円れないとお	
0x10F692	11	FC	1	ィ）ｱゼ）きたィ（あ	
0x1102D7	11	FF	1	諺ァＲ衣あペ）べゴ	
0x1102E3	11	FF	1	諺ァＲ円れないＭョ	
0x110357	11	FF	1	はおしペ）ぜしペ）バＲ	
0x110393	11	FF	1	はおしペ）ぜしペ）１さ	
0x1103EF	11	FF	1	黍しペ）ぜしペ）ゲさ	
0x1104F3	11	FF	1	こおしペ）ぜしペ）ぼさ	
0x1106FB	11	FF	1	原しペ）ぜしペ）すＮ	
0x11091B	11	FF	1	原しペ）ぜしペ）ッＭ	
0x110DC3	11	FF	1	原しペ）ぜしペ）サＬ	
0x110E17	11	FF	1	はおしペ）ぜしペ）往	
0x111027	11	FF	1	黍しペ）ぜしペ）ＷＫ	
0x11273F	11	FF	1	弦ァＲ円れないズは	
0x113F8A	11	FF	1	アういふッい！て、ああ	
0x114DDA	11	FF	1	ぁ）椴を峨タペ）Ｑ	
0x115032	11	FF	1	イ）統プなェちゼぬあ	
0x11503E	11	FF	1	イち鯵プなェちゼぬあ	
0x11528E	11	FF	1	ア）ヂみプなェむゾぬい	
0x11529A	11	FF	1	アちゲみプなェむゾぬい	
0x11634A	11	F8B3	1	といねＯといくぜを我	
0x11AE93	11	FF	1	こおしペ）ぜしペ）７ま	
0x11AEAF	11	FF	1	こおしペ）ぜしペ）？ま	
0x11AED3	11	FF	1	こおしペ）ぜしペ）ワほ	
0x11B3E2	11	FF	1	ウてがァＲく❤に、）え	
0x11CB2A	11	FF	1	どい『か。ちあタァつあ	
0x11CB4A	11	FF	1	ペ）ぞふペ）だわペ）じ	
0x11F61A	11	FF	1	ぽ）いたペういたＹきす	
0x1205CA	11	FF	1	ペてハけＷな廼Ｒねけ	
0x1206EB	11	FF	1	阪ュＲ円れないバぐ	
0x120E0D	11	FA	1	たダ）没ダ）Ｌぃヂ）	
0x12137A	11	FB	1	ぜ（ぜＹペ）ボごみ（い	
0x1215BA	11	FF	1	ウういみペうナるＵおほ	
0x1215FA	11	FF	1	ウうえみペうナるＵおせ	
0x12163A	11	FF	1	イうあみペうナるＵおが	
0x12174A	11	FC	1	イううみペうニるＵおき	
0x12315A	11	F82A	1	ないＡ４といくぜを峨	
0x123B06	11	F88F	1	Ｒ円れないくぜを峨	
0x1254AF	11	FF	1	（だとペ）ゼあみ（んエ	
0x126BDE	11	FA	1	ペぉだしＶゃたァＲがい	
0x1272C2	11	FF	1	ぁ）ボれないネないそ	
0x12738E	11	FF	1	イ）くみゼＺたたパＺあ	
0x1273BE	11	FF	1	ぁ）ボれないぽないそ	
0x1274F2	11	FF	1	ぁ）ボれないぱないそ	
0x12755E	11	FF	1	ぁ）ボれないペないそ	
0x1283FA	11	FF	1	ペう頓Ｒくた。ゴいほ	
0x1289F6	11	FF	1	ウ）ぃぜパ＋とぽゾ＋え	
0x128A82	11	FF	1	ウ）ぃぜパＺとみゾＺえ	
0x12933A	11	FF	1	ウ）ぃぜパ＋ふぽゾ＋え	
0x1293C6	11	FF	1	ウ）ぃぜパＺふみゾＺえ	
0x129C7E	11	FF	1	ウ）ぃぜパ＋えぽゾ＋え	
0x129D0A	11	FF	1	ウ）ぃぜパＺえみゾＺえ	
0x12A5C2	11	FC	1	ウ）ぃぜパ＋しぽゾ＋え	
0x12A64E	11	FF	1	ウ）ぃぜパＺしみゾＺえ	
0x12B476	11	FF	1	イ）ぃぃパ＋とぜゼ＋う	
0x12B502	11	FF	1	イ）ぃぃパＺとたゼＺう	
0x12BC76	11	FC	1	イ）ぃぃパ＋ふぜゼ＋う	
0x12BD02	11	FF	1	イ）ぃぃパＺふたゼＺう	
0x12C476	11	FE	1	イ）ぃぃパ＋えぜゼ＋う	
0x12C502	11	FF	1	イ）ぃぃパＺえたゼＺう	
0x12CC76	11	F8F5	1	イ）ぃぃパ＋しぜゼ＋う	
0x12CD02	11	FF	1	イ）ぃぃパＺしたゼＺう	
0x12D476	11	FC	1	イ）りぃパ＋とぜゼ＋う	
0x12D502	11	FF	1	イ）りぃパＺとたゼＺう	
0x12DC36	11	F9	1	イ）りぃパ＋ふぜゼ＋う	
0x12DCC2	11	FF	1	イ）りぃパＺふたゼＺう	
0x12E3F6	11	FD	1	イ）りぃパ＋えぜゼ＋う	
0x12E482	11	FF	1	イ）りぃパＺえたゼＺう	
0x12EBB6	11	F9	1	イ）りぃパ＋しぜゼ＋う	
0x12EC42	11	FF	1	イ）りぃパＺしたゼＺう	
0x12F2DE	11	FF	1	ぁ）ボれないＱないヤ	
0x1307EE	11	FF	1	ぽてあタペう」タゴおモ	
0x13102F	11	FF	1	じざほＴヌ／べモけ請	
0x1344F3	11	FF	1	なせうふきもかぃきヨた	
0x1344FF	11	FF	1	なせうふさもこぃさヨた	
0x13450B	11	FF	1	なしうつきひかもきユつ	
0x134807	11	FF	1	ヴ（う／ロホなセぉプい	
0x134867	11	FF	1	ヴ（うヴなをむセぉプい	
0x13491B	11	FF	1	むヴホヴホギンレあヴホ	
0x134C6D	11	FF	1	ぇざほっあプヲＲヤプヲ	
0x134C8D	11	FF	1	ぇざほっあふキリゅふキ	
0x134DEF	11	FF	1	んへせめエるル４トけム	
0x134E0F	11	FF	1	んへせうぽ近近近	
0x134F19	11	FF	1	ヴD嫡ヒをDイべ	
0x134F27	11	FF	1	ヴ苳ォたDモぷゲぅ	
0x134F59	11	FF	1	ヴズヴもヴぜニ７ヴかヴ	
0x134F8D	11	FF	1	ぇざほっあまちＯえまち	
0x13508D	11	FF	1	ぇざほっあみンタヲみン	
0x1350B9	11	FF	1	ヴズヴぜヲペシみンァヲ	
0x1351F9	11	FF	1	マソぺぜあＵあ及もう	
0x1352B9	11	FF	1	ヴぴヴ？ネにトロヲ』ワ	
0x135579	11	FF	1	ヴＩヴＹンペヲャヴＹン	
0x1355B9	11	FF	1	ヴみンペヲペタみンタヲ	
0x1356B9	11	FF	1	ヴオヴタルタトもヲＵワ	
0x1356F9	11	FB	1	ヴアヴ（ワァクチヲＵリ	
0x135799	11	FF	1	ヴオヴヘをさむヘをさむ	
0x1357D9	11	FF	1	ヴぴヴＹンぜヲャヴＹン	
0x13594F	11	FF	1	んへせＵぱァヲァヲァヲ	
0x1359AF	11	FF	1	んへせァああきあきあき	
0x135A4F	11	FF	1	んへせマたヴぶァヲァヲ	
0x136428	11	FF	1	ソに❤けクあ履（さネ	
0x138D70	11	FA	1	（う（う（う（うまらえ	
0x13AD70	11	FF	1	（う（う（う（うまらば	
0x13B5D1	11	FF	1	ヴＮヴウヴくハずうパい	
0x13B970	11	FA	1	（う（う（う（うまらゆ	
0x13BFC5	11	FF	1	あケあヒをくむ３とテし	
0x13C170	11	FF	1	（う（う（う（うまらも	
0x13C589	11	FF	1	ヴボモねテＪカべるブつ	
0x13CF30	11	FF	1	左投手に強く、	
0x13CF48	11	FF	1	左投手に弱く、	
0x13D2B8	11	FF	1	打球が飛びにくい	
0x13F32D	11	FF	1	んまいづゃまいヤづまい	
0x1400CD	11	FC	1	ざまいぽがまいわわまい	
0x1428A7	11	FA	1	綿いいいいいいメ濫	
0x145691	11	F8C5	1	ダひい！ＰひいバＯひい	
0x0C0D4A	10	FE	1	ペ）かたペ）えみペ）	
0x0C6EEE	10	FF	1	ぽてふ。ゴいリァＲく	
0x0C7B63	10	FF	1	脚ァＲ逢ァＲ囲	
0x0CB486	10	F880	1	Ｒ印「ていワしい	
0x0CE0D2	10	FC	1	ペ）えたペ）うみペ）	
0x0CE8DB	10	FF	1	幻じ弦ァＲ亜	
0x0CF1B3	10	FF	1	再娑鷺ァＲ亜	
0x0CF5BF	10	FC	1	いやあといワしいボ	
0x0CFCF7	10	FD	1	険亡弦ァＲ亜	
0x0CFF86	10	F887	1	Ｒ嘘ドくい」あとい	
0x0D2A55	10	FD	1	律いズナこいモ 	
0x0D5187	10	FD	1	こうずペ）１ずＥ）す	
0x0D6B3B	10	FF	1	作びい険ぃペ）お	
0x0D6B53	10	FF	1	個ぶい険ぃペ）お	
0x0D83D6	10	FF	1	ペうＫかＷあク。ゴい	
0x0DB95E	10	FD	1	ペ）たァＲ圧律い	
0x0DBCF2	10	FF	1	ぁ）と律いぜぜさい	
0x0DD5D7	10	FF	1	ぐ×めい膏もい後	
0x0DE203	10	FF	1	こ×ぜ故ぜ降	
0x0DE3EB	10	FF	1	こテぜ獄ぜ咲	
0x0DF513	10	FF	1	この剖幸剖候	
0x0E7762	10	FF	1	ぁ）くァＲ央紡い	
0x0E859B	10	FC	1	険くペ）みねペ）❤	
0x0EC083	10	FD	1	こエいプなりホズなえ	
0x0EC49B	10	FD	1	袈そュ（Ｕミペ）き	
0x0EF0EE	10	FF	1	ァでぉさいＡ紡い	
0x0EF593	10	FC	1	はさない弦ァＲ縁	
0x0F2748	10	FF	1	くぜを悔 攻ろ	
0x0F37BE	10	F880	1	ペ）搭ゾ）ゼかい（	
0x0F3926	10	FC	1	ペ）搭ゾ）ゼおい（	
0x0F3E0E	10	FB	1	アうあたペてコつＵな	
0x0F4322	10	F800	1	ぽてく。ゴいたァＲく	
0x0F5A7A	10	FC	1	ペ）あぃペ）えたペ）	
0x0FBDEA	10	F88F	1	Ｒ円れないＭＣとい	
0x0FC192	10	FF	1	ペ（むにペ）しれゥ）	
0x0FEA5A	10	FF	1	イういわゲい銅…あ	
0x0FFFE0	10	FD	1	ＱＣといＭＣといつあ	
0x100393	10	FE	1	）ィねペ）ぞびペ）に	
0x1003D3	10	FE	1	）ィねペ）ぞびペ）か	
0x10122A	10	F883	1	Ｒ袷律いボれない	
0x1013D6	10	F88F	1	Ｒ円れないみ律い	
0x101AA3	10	FC	1	（かぃヂ・Ｕおェ（か	
0x102DEE	10	FC	1	キ）わしゼＪぱ。ゴＧ	
0x1034F6	10	F803	1	オ）やしゼＪぱ。ゴＧ	
0x105D46	10	F88F	1	Ｒ円れない鴎とい	
0x105E4B	10	FF	1	はあふペ）ぞふペ）ぴ	
0x106373	10	FF	1	はあしペ）ぜふペ）け	
0x11532C	10	FD	1	シ、といタ、といぃユ	
0x115433	10	FB	1	険くペ）みくペ）あ	
0x1154E7	10	FB	1	険くペ）みくペ）う	
0x11559F	10	FB	1	険くペ）みくペ）え	
0x115657	10	FB	1	険くペ）みくペ）き	
0x11633E	10	F8AD	1	といクＫといリＫとい	
0x11A876	10	FC	1	ペ）おたペ）おみペ）	
0x11F062	10	F88F	1	Ｒ円れないＭＧとい	
0x11F0FE	10	FF	1	ア）ズつダＪョあプＪ	
0x11F2F2	10	FF	1	ア）ョつダＪョあプＪ	
0x11F36A	10	FF	1	ア）ズつダＪとあプＪ	
0x11F917	10	FC	1	弦ァＲ杏めゼおえ	
0x11F952	10	FC	1	ペうロいＶおくァＲく	
0x11F9EA	10	FF	1	ゲ（えたペうワつＵお	
0x11FDE7	10	FB	1	険くペ）みくペ）た	
0x11FE0F	10	FB	1	険くペ）みくペ）か	
0x11FE97	10	FB	1	（えたヅ・Ｕおィ（え	
0x11FF5E	10	FF	1	（ずこ？１ミざこ５ず	
0x1202FE	10	FF	1	アちけシゥつ』４＋ち	
0x1205DF	10	FF	1	阪ュＲ価か。）え	
0x120D67	10	FB	1	険くペ）みくペ）の	
0x120DAB	10	FB	1	険くペ）みくペ）く	
0x121572	10	FF	1	イうあみペうナるＵお	
0x122677	10	FB	1	険くペ）みくペ）７	
0x123DFE	10	FF	1	ペ）０めあ弦たペ）	
0x125268	10	FB	1	わスたいぜをさいクひ	
0x125F18	10	FF	1	卯みい脛みいァＰ	
0x126D2F	10	FB	1	険みペ）あぃペ）ボ	
0x126D5B	10	FB	1	険みペ）あぃペ）ミ	
0x126F7B	10	FB	1	険みペ）あぃペ）ペ	
0x126FC7	10	FB	1	険みペ）あぃペ）シ	
0x126FF3	10	FB	1	険みペ）あぃペ）ぃ	
0x1288BE	10	FF	1	く（ェムェ（ェタェ（	
0x12F47F	10	FE	1	』きミぞ（けたぱ（く	
0x130200	10	F88F	1	Ｍ紡いトらないとお	
0x130B7C	10	FF	1	Ｍ紡いみ律いＭさ	
0x132F7C	10	FF	1	あいうえおかきくけこ	
0x134405	10	FF	1	なづかでかどかでかづ	
0x13445F	10	FF	1	なけおさかしかすほす	
0x1344A5	10	FF	1	なフかヘかホかヘかフ	
0x134524	10	FF	1	ぺほぽこマせテくトト	
0x134530	10	FF	1	しうつさねこみさユす	
0x13461C	10	F856	1	ソかセかソかっくツえ	
0x134CC2	10	F801	1	カあふキふキ苳６た	
0x135135	10	FF	1	ヴゃマずぐプぅソあぺ	
0x135275	10	FF	1	ヴズヴ網ネンソあヘ	
0x136292	10	FB	1	せいやぎそいぃぎそい	
0x13698D	10	FF	1	うずうヴいプあまあま	
0x139A40	10	FA	1	（う（う（う（うタヲ	
0x13CFE4	10	FF	1	ランナーの走力が	
0x13D240	10	FF	1	打球がよく飛ぶ	
0x13DF4F	10	FC	1	いがヒみいみヒみいあ	
0x1427D7	10	FA	1	コいいいああいいい０	
0x1427F7	10	FA	1	０いいいああいいいＷ	
0x142877	10	FA	1	Ｗいいいああいいい０	
0x142897	10	FA	1	０いいいああいいいコ	
0x142A58	10	FA	1	トメマミソモミマヤっ	
0x145ADA	10	F89E	1	ひいァプひいヂプひい	
0x145E1A	10	F86C	1	ひいえミひいとミひい	
0x0C0FB5	9	FD	1	たペ）えむゾ・ねＦ	
0x0C15CD	9	F9	1	たペ）えむゾ・ゾＤ	
0x0C164D	9	FD	1	たペ）えむゾ・メＤ	
0x0C1F05	9	FE	1	みペ）うぃォ（ばは	
0x0C5D15	9	FD	1	たペ）いぃペ）象	
0x0C6B69	9	FE	1	律いワ席いカい	
0x0C73D9	9	FD	1	たペ）いぃペ）ごサ	
0x0C8325	9	FC	1	たペ）えむゾ・ごヂ	
0x0CB9C8	9	FA	1	タドくいワしいペ	
0x0CE05D	9	FD	1	たペ）いぃペ）ひぜ	
0x0CFD2B	9	FD	1	弦ァＲ運しい	
0x0D2571	9	FD	1	くペ）みくペ）ゴね	
0x0D2ABD	9	FD	1	ァＲ益紡いョて	
0x0D8A9B	9	FD	1	いぽをさいイをさい	
0x0D9667	9	FC	1	はいチピ・ゾウや（	
0x0DA7CF	9	FF	1	（あチデ・ボうあ（	
0x0DAC59	9	FD	1	くペ）ぜくペ）ポト	
0x0DACC5	9	FD	1	かペ）ぜくペ）ャト	
0x0DBE59	9	F881	1	ボといやボといぽた	
0x0E31B1	9	FF	1	くペ）みくペ）ヲ＋	
0x0E36DD	9	FF	1	くペ）みくペ）ぇ」	
0x0E395D	9	FD	1	くペ）みくペ）ゾ「	
0x0E8061	9	FC	1	ぃペ）えみ…・緒	
0x0E9069	9	FC	1	ぃペ）えたペ）諺	
0x0EBB79	9	FD	1	さペ）ぜぱペ）せあ	
0x0EC323	9	FF	1	険ぽＥ）ト。ゴい	
0x0EFD5D	9	FC	1	たペ）かぽＸ・ナペ	
0x0F0654	9	FC	1	ボれないたぜを玩	
0x0F0EE4	9	FF	1	Ｍ紡いくぜを峨	
0x0F46B5	9	FC	1	くペ）みくペ）ブＧ	
0x0F4AB1	9	FC	1	くペ）みくペ）ベＦ	
0x0F5069	9	FC	1	くペ）みくペ）をＥ	
0x0F50BD	9	FC	1	くペ）みくペ）ねＥ	
0x0FCA5F	9	F80E	1	Ｏいねペ）ぞりペ）	
0x101157	9	F88F	1	鷺ジＲ円れない	
0x10156A	9	FF	1	ぁ）ボれないびぜ	
0x1019B5	9	FB	1	くペ）みくペ）マぞ	
0x10394D	9	FB	1	くペ）みくペ）ガぎ	
0x103AE9	9	FB	1	くペ）みくペ）めぎ	
0x104082	9	F88F	1	Ｒ円れない（ダえ	
0x10424B	9	F883	1	鷺ェＲ姶たィ（	
0x105A4D	9	FB	1	くペ）みくペ）ぶぅ	
0x107CAE	9	F88F	1	Ｒ円れないぃキお	
0x10B29B	9	FB	1	険くペ）ぜくペ）	
0x10C146	9	F887	1	Ｒ円れないァはか	
0x10DA51	9	FF	1	いィゆたァＲ云え	
0x10E1AD	9	FB	1	くペ）みくペ）ムそ	
0x111437	9	FB	1	こおしペ）ぜしペ）	
0x11150B	9	FF	1	檎ァＲ円れない	
0x113FDC	9	FF	1	瀞を峨ァペ）Ｑ	
0x114123	9	FF	1	険ペペ）きたペ）	
0x11D794	9	FF	1	椴を峨タペ）リ	
0x11FF46	9	F880	1	Ｒ円れない臼う	
0x12B444	9	FF	1	びﾅいわﾅいそ	
0x1301F5	9	F88F	1	律い６らないズは	
0x130257	9	F840	1	櫛チボ・ザアゲ（	
0x13026F	9	F840	1	櫛チダ・ザアェ（	
0x130287	9	F840	1	櫛チゾ・ザアゥ（	
0x130547	9	FF	1	こゥぞゼ・ゥ）ィ（	
0x130729	9	FB	1	Ｅペ）ぞえペ）いャ	
0x132E46	9	FF	1	Ｕバかかおかたなボ	
0x1343FB	9	FF	1	なへけごすコしモす	
0x134424	9	FF	1	てあアかイきウきウ	
0x134438	9	FF	1	もえやえゆえとえな	
0x13444C	9	FF	1	りうるかれかろかな	
0x13446A	9	FF	1	げかなかごかなかな	
0x134877	9	FF	1	ヴへおヴなヴなヴな	
0x1348AB	9	FF	1	ヴべるコヒーコモぷ	
0x13494B	9	FF	1	ヴ８むセぉプいぼぁ	
0x134A55	9	FF	1	ヴすぷ８ぞ８ぞＨニ	
0x135099	9	FF	1	ヴぁヴタヲぜヲ（ヲ	
0x135175	9	FF	1	ヴズヴ凱ナぬタう	
0x1354BB	9	FD	1	ヴペシぜタぢヲゥワ	
0x135C4B	9	FF	1	マ８むセぉプいぼぁ	
0x135C6B	9	FF	1	ヴニぎセぉプいＡン	
0x13D024	9	FF	1	打者のパワーを	
0x13D104	9	FF	1	元気なアイツに	
0x13D380	9	FF	1	低めに投げれば	
0x13D484	9	FF	1	代打は得意	
0x13DCAC	9	FE	1	ヤナモヤフマホヌぃ	
0x13DCB8	9	FE	1	ヤナモヤフマホヌぇ	
0x13DF20	9	FC	1	くネみい次みいあ	
0x13DF68	9	FC	1	たノみいえノみいろ	
0x13DF80	9	FC	1	廃といト責いあ	
0x13DF8C	9	FC	1	び１といヂ責いあ	
0x13DF98	9	FC	1	ク１といシ責いあ	
0x13DFC8	9	FC	1	り１といＭ責いあ	
0x13E010	9	FC	1	リ１といフ責いお	
0x13E107	9	FC	1	い」ネみいやＲとい	
0x13FEB0	9	FF	1	がＤといクＤといえ	
0x142A4C	9	FA	1	トメマミソモミマヤ	
0x0BE59E	8	FE	1	ペ）あみペ）ォざ	
0x0BE79E	8	FD	1	ペ）あみペ）えざ	
0x0BEA0A	8	FD	1	ペ）あみペ）ノご	
0x0BEC6E	8	FE	1	ペ）かたペ）ーづ	
0x0BEDBA	8	FD	1	ペ）あみペ）ヲげ	
0x0BEDCE	8	FE	1	ペ）あみペ）リげ	
0x0BEFDA	8	FE	1	ペ）あみペ）げ	
0x0BF0E6	8	FD	1	ペ）かたペ）Ａぢ	
0x0BF0F2	8	FE	1	ペ）かたペ）Ｊぢ	
0x0BF23E	8	FD	1	ペ）あみペ）シぐ	
0x0BF252	8	FE	1	ペ）あみペ）キぐ	
0x0BF46E	8	FE	1	ペ）あみペ）。ぎ	
0x0BF5FE	8	FD	1	ペ）あみペ）フぎ	
0x0BF612	8	FE	1	ペ）あみペ）ヌぎ	
0x0BFCCA	8	FE	1	ペ）あみペ）Ｎょ	
0x0BFE36	8	FD	1	ペ）あみペ）セょ	
0x0BFE4A	8	FE	1	ペ）あみペ）ケょ	
0x0C005E	8	FE	1	ペ）あみペ）」ゅ	
0x0C01EA	8	FD	1	ペ）あみペ）ムゅ	
0x0C01FE	8	FE	1	ペ）あみペ）フゅ	
0x0C0406	8	FE	1	ペ）あみペ）侠	
0x0C058A	8	FD	1	ペ）あみペ）ガゃ	
0x0C059E	8	FE	1	ペ）あみペ）ォゃ	
0x0C070D	8	FD	1	覆ズくァＲ挨	
0x0C0A31	8	FF	1	ぜゼおエあォおあ	
0x0C1392	8	FE	1	ペ）あみペ）きぇ	
0x0C14D2	8	FD	1	ペ）あみペ）Ｌぅ	
0x0C14E6	8	FE	1	ペ）あみペ）Ｇぅ	
0x0C1D5E	8	FD	1	ペ）おたペ）ザが	
0x0C1D6A	8	FE	1	ペ）おたペ）ドが	
0x0C1E7E	8	FD	1	ペ）あみペ）ぱぁ	
0x0C1E92	8	FE	1	ペ）あみペ）ばぁ	
0x0C2D45	8	FE	1	たペうごたァおけ	
0x0C3376	8	FE	1	ペ）あみペ）せれ	
0x0C36C2	8	FD	1	ペ）あみペ）げる	
0x0C3911	8	FE	1	ぃペ）ふイプおえ	
0x0C39E2	8	FD	1	ペ）あみペ）モり	
0x0C39F6	8	FE	1	ペ）あみペ）ホり	
0x0C3BB9	8	FE	1	みペ）かぃペ）え	
0x0C3D9A	8	FE	1	ペ）かたペ）ヴぃ	
0x0C3DA6	8	FE	1	ペ）かたペ）ョぃ	
0x0C3DB2	8	FE	1	ペ）かたペ）ゼぃ	
0x0C4036	8	FD	1	ペ）かたペ）！ぁ	
0x0C4042	8	FE	1	ペ）かたペ））ぁ	
0x0C41B6	8	FD	1	ペ）あみペ）ンよ	
0x0C41CA	8	FE	1	ペ）あみペ）ルよ	
0x0C4506	8	FD	1	ペ）かたペ）２ん	
0x0C4512	8	FE	1	ペ）かたペ）Ｂん	
0x0C4686	8	FD	1	ペ）あみペ）べゆ	
0x0C469A	8	FE	1	ペ）あみペ）でゆ	
0x0C4ABE	8	FD	1	ペ）かたペ）ぷを	
0x0C4C32	8	FD	1	ペ）あみペ）／も	
0x0C4C46	8	FE	1	ペ）あみペ）』も	
0x0C4D72	8	FE	1	ペ）えたペ）ガわ	
0x0C4D7E	8	FE	1	ペ）えたペ）ゾわ	
0x0C4D8A	8	FE	1	ペ）えたペ）ベわ	
0x0C4FB6	8	F811	1	ペ）えたペ）たわ	
0x0C5305	8	FD	1	ぇペ）あむビ・き	
0x0C5856	8	FD	1	ペ）あみペ）ーみ	
0x0C586A	8	FE	1	ペ）あみペ）、み	
0x0C629E	8	FD	1	ペ）あみペ）づほ	
0x0C63E2	8	F81D	1	ペ）あみペ）旅	
0x0C66A1	8	FF	1	ミペ１ぽムァ３い	
0x0C6DC0	8	FF	1	ァしいォしい	
0x0C746C	8	FE	1	タドくい❤吠い	
0x0C798A	8	FE	1	ペ）あみペ）ガね	
0x0C7A2A	8	FD	1	ペ）あみペ）チね	
0x0C7A3E	8	FE	1	ペ）あみペ）シね	
0x0C82B5	8	FF	1	たど（ああペ）え	
0x0C872A	8	FD	1	ペ）あみペ）むな	
0x0C8AFE	8	FD	1	ペ）あみペ）わと	
0x0C8B12	8	FE	1	ペ）あみペ）らと	
0x0C8E71	8	FE	1	せペ）みしィ）た	
0x0C96D2	8	FD	1	ペ）あみペ）ょち	
0x0C9A66	8	FD	1	ペ）あみペ）イた	
0x0C9A7A	8	FE	1	ペ）あみペ）ぴた	
0x0C9D86	8	FD	1	ペ）あみペ）ギそ	
0x0CA90E	8	FE	1	ペ）あみペ）６し	
0x0CAA2E	8	FD	1	ペ）あみペ）タし	
0x0CAB66	8	FD	1	ペ）あみペ）つし	
0x0CAB7A	8	FE	1	ペ）あみペ）すし	
0x0CB06D	8	FD	1	ァＲ嘘ドくいト	
0x0CB1EA	8	FD	1	ペ）あみペ）ムこ	
0x0CB272	8	FD	1	ペ）あみペ）ぺこ	
0x0CB286	8	FE	1	ペ）あみペ）べこ	
0x0CB4BD	8	FF	1	覆ズミァＲ穐	
0x0CB9B5	8	FE	1	ァＲ嘘ドくいぱ	
0x0CBB6A	8	FD	1	ペ）あみペ）ちく	
0x0CBE1E	8	FD	1	ペ）あみペ）トき	
0x0CBE32	8	FE	1	ペ）あみペ）ソき	
0x0CBE71	8	FE	1	たペ）ピじ険	
0x0CBFC9	8	FF	1	みペ）ぬ覧険	
0x0CBFD5	8	FF	1	たペ）でじ顕	
0x0CC326	8	FE	1	ペ）あみペ）めか	
0x0CC3D6	8	FF	1	ペ）きたペ）くそ	
0x0CC3E2	8	FE	1	ペ）かたペ）初	
0x0CC3EE	8	FE	1	ペ）かたペ）そ	
0x0CC482	8	FD	1	ペ）あみペ）＠お	
0x0CC566	8	F9	1	ていワしいキい	
0x0CC7D9	8	FD	1	たペ）づじ顕	
0x0CCC66	8	FD	1	ペ）あみペ）…う	
0x0CCFFE	8	FD	1	ペ）あみペ）索	
0x0CD012	8	FE	1	ペ）あみペ）・い	
0x0CD0D5	8	FF	1	たペ）お覧舷	
0x0CD39A	8	F823	1	ペ）あみペ）おい	
0x0CD41A	8	FE	1	ペ）おたペ）源	
0x0CD63E	8	FD	1	ペ）あみペ）シあ	
0x0CD652	8	FE	1	ペ）あみペ）キあ	
0x0CD9FE	8	FF	1	ペ）おたペ）ニけ	
0x0CDA0A	8	FE	1	ペ）おたペ）マけ	
0x0CE0EA	8	FC	1	ペ）あみペ）だあ	
0x0CE3E9	8	FD	1	たペＨクちァＪち	
0x0CE401	8	FD	1	たペ１クちァ３さ	
0x0CE41D	8	FD	1	たペＨクちァＪえ	
0x0CE435	8	FD	1	たペ１クちァ３う	
0x0CEBC9	8	FE	1	律いくぜを蛾	
0x0CEFFA	8	FD	1	ペ）あみペ）聖	
0x0CF00E	8	FD	1	ペ）あみペ）貨	
0x0CF0E5	8	FD	1	律いワしいヤ	
0x0CF5A5	8	FE	1	ァＲ嘘ドくいＡ	
0x0CFEAD	8	FD	1	むデ・あぅィ（く	
0x0D1BF6	8	FD	1	ペ）あみペ）沢	
0x0D3335	8	FD	1	ぽペ）いあゼ・え	
0x0D4879	8	FD	1	せペ）みんペ）お	
0x0D4D65	8	FD	1	しペ）みそＥ）く	
0x0D4E49	8	FD	1	そペ）ペそペ）あ	
0x0D5725	8	FC	1	しペ）みんペ）え	
0x0D6349	8	FF	1	たペ「すたＵ＋か	
0x0D639D	8	FF	1	くペ）みくペ）ふ	
0x0D6B2D	8	FF	1	くペ）みクペ）お	
0x0D6BED	8	F84F	1	ズペ）えぽゥ（し	
0x0D7001	8	FD	1	くペ）ぜりペ）や	
0x0D81C9	8	FD	1	そペ）みそＥ）え	
0x0D85CD	8	FF	1	ズペ）おぜェ（し	
0x0D87C9	8	FD	1	ァペ）おぜェ（し	
0x0D8921	8	F84F	1	ペペ）おタォ（し	
0x0D9AD9	8	FD	1	ぽペ）こあャ（え	
0x0D9C11	8	FD	1	ぜペ）こあヅ・え	
0x0D9F45	8	FD	1	ぽペ）こあデ・え	
0x0DA575	8	FD	1	ミペ）いあゼ・え	
0x0DA6FD	8	F881	1	そペ）ペそＥ）け	
0x0DABCD	8	FD	1	そペ）ペそＥ）き	
0x0DAE91	8	FD	1	そペ）ペそＥ）ほ	
0x0DAEC1	8	FF	1	そペ）みそＥ）み	
0x0DAF25	8	F840	1	そペ）ペそＥ）く	
0x0DB6FD	8	FD	1	ぜペ）お（ペ）そ	
0x0DB7E9	8	FD	1	律いたぜを画	
0x0DC6A1	8	FD	1	くペ）ぜクペ）お	
0x0DC819	8	FD	1	くペ）みくペ）Ｑ	
0x0DD251	8	FD	1	たペう）はＵおフ	
0x0DD349	8	FD	1	まペ）ポまＥ）よ	
0x0DD5ED	8	FF	1	しペ）みそＥ）り	
0x0DD774	8	FF	1	ぜをさいＭ紡い	
0x0DD991	8	FF	1	しペ）みそＥ）え	
0x0DE12E	8	FF	1	Ｘなラハい浩ご	
0x0E07C5	8	FD	1	律いくぜを革	
0x0E0B25	8	FD	1	たペェじたＵッほ	
0x0E1B55	8	FD	1	ァＲ杏とい鷺	
0x0E3BB1	8	FD	1	ァＲ芦しい鉱	
0x0E3E3E	8	FD	1	ペう）こＷお）ょ	
0x0E546D	8	FC	1	Ｕペて６Ｕペうネ	
0x0E5D01	8	FD	1	くペ）ぜくペ）け	
0x0E7191	8	FF	1	たペうアはＵおそ	
0x0E7A09	8	FD	1	くペ）みねペ）ゲ	
0x0E7A81	8	FD	1	ァＲ嘘ドくいた	
0x0E93BD	8	F84F	1	そペ）みそＥ）る	
0x0E9831	8	FF	1	せペ）みせア）に	
0x0E9F39	8	FB	1	せペ）みせア）せ	
0x0EA69D	8	F802	1	しペ）みせペ）か	
0x0EA7B1	8	F9	1	しペ）みせペ）こ	
0x0EAB81	8	FA	1	くペ）みえペ）Ｏ	
0x0EB069	8	FE	1	律いぉさいそ	
0x0EBC49	8	FD	1	しペ）ぜぱペ）』	
0x0EBD01	8	FD	1	しペ）ぜぱペ）Ａ	
0x0EBD4D	8	FD	1	しペ）ぜぱペ）ビ	
0x0EBD85	8	FD	1	せペ）みせペ）き	
0x0EBDC1	8	FD	1	しペ）ぜぱペ）ワ	
0x0EBDE9	8	FD	1	せペ）みせペ）こ	
0x0EBE25	8	FD	1	しペ）ぜぱペ）テ	
0x0EBE41	8	FD	1	せペ）みせペ）く	
0x0EBE79	8	FD	1	しペ）ぜぱペ）ぷ	
0x0EBE9D	8	FD	1	せペ）みせペ）さ	
0x0EBED1	8	FD	1	しペ）ぜぱペ）が	
0x0EBF1D	8	FD	1	しペ）ぜぱペ）ゆ	
0x0EBF35	8	FD	1	しペ）ぜしペ）い	
0x0EBF41	8	FD	1	しペ）ぜぱペ）ふ	
0x0EBF79	8	FD	1	しペ）ぜぱペ）み	
0x0EBF99	8	FD	1	しペ）ぜぱペ）り	
0x0EBFF6	8	FD	1	づ（あァペ）ダぬ	
0x0EC599	8	F815	1	タどたびきい険	
0x0EC855	8	FC	1	ふペ）ぞしァ（こ	
0x0EC861	8	FC	1	しペ）ぜぱペ）は	
0x0EC879	8	FD	1	しペ）ぜしペ）な	
0x0EC885	8	FD	1	しペ）ぜぱペ）ぃ	
0x0EC8BD	8	FC	1	しペ）ぜぱペ）ほ	
0x0EC8D9	8	FD	1	しペ）ぜぱペ）く	
0x0EC8F5	8	FD	1	しペ）ぜしペ）に	
0x0EC901	8	FD	1	しペ）ぜぱペ）へ	
0x0EC921	8	FD	1	しペ）ぜぱペ）け	
0x0EC9FE	8	FD	1	ペ）おたペ）Ｇベ	
0x0ECA11	8	FC	1	くペ）ぜネペ）チ	
0x0ECABA	8	FD	1	ペ）おたペ）ェベ	
0x0ECACD	8	FC	1	くペ）ぜネペ）ぇ	
0x0ECC01	8	FA	1	くペ）ぜョペ）ぇ	
0x0ECD05	8	FD	1	しペ）ぜしづ（さ	
0x0ECD1A	8	FD	1	ペ）あぱペ）ギふ	
0x0ECD99	8	FD	1	しペ）ぜしペ）あ	
0x0ED02E	8	FD	1	ペ）えたペ）よブ	
0x0ED049	8	FC	1	しペ）ぜぱペ）ト	
0x0ED86D	8	F88F	1	律いぽチこいＹ	
0x0EE9BD	8	FD	1	せペ）みそＥ）う	
0x0EEA26	8	FD	1	ペ）おぜぞ（ドし	
0x0EECFD	8	F840	1	せペ）みそＥ）ち	
0x0EEDCA	8	FC	1	ペ）かたペ）Ｇジ	
0x0EEDFD	8	FC	1	くペ）ぜびペ）ち	
0x0F03A2	8	FF	1	ぁ）くぜを棋っ	
0x0F083A	8	FC	1	ぜＷタしィＺＣす	
0x0F0AB2	8	F820	1	ぜＷタしィＺたす	
0x0F0B7A	8	F820	1	ぜＷタしィＺ・し	
0x0F0F1E	8	FC	1	ぜＷタしィＺし	
0x0F1036	8	FC	1	ぜＷタしィＺＤさ	
0x0F1EEA	8	FF	1	ペ）くたペ）よぺ	
0x0F204D	8	FF	1	たダおやいＶおい	
0x0F3714	8	FF	1	ボれないくょかい	
0x0F3802	8	F880	1	Ｒ円れないみぷ	
0x0F38F9	8	FC	1	くペＦぜクペＦか	
0x0F58E2	8	FC	1	ペ）あペペ）ヂム	
0x0F595A	8	FC	1	ペ）あぽペ）ヨム	
0x0F59B2	8	FC	1	ペ）おたペ）ヴム	
0x0F59DE	8	FC	1	ペ）あミペ）オム	
0x0F5A56	8	FC	1	ペ）あぜペ）ょム	
0x0F5AAE	8	FC	1	ペ）おたペ）ぜム	
0x0F5DFE	8	F81C	1	ペ）かたペ）チず	
0x0F5E6A	8	F81C	1	ペ）かたペ）どず	
0x0F5F42	8	F88F	1	ペ）あみペ）うご	
0x0F69A5	8	FC	1	みペ）あぃペ）２	
0x0F69C9	8	FC	1	みペ）あぃペ）ァ	
0x0F6D65	8	FC	1	みペ）あぃペ）ペ	
0x0F761A	8	F88F	1	Ｒ叡○こいびつ	
0x0F772A	8	F88F	1	Ｒ叡ペこいズは	
0x0F7C79	8	FF	1	覆ズたァＲ阿	
0x0F8241	8	FC	1	がないボれないや	
0x0F9999	8	FA	1	覆ズたァＲ姶	
0x0F9CE5	8	FC	1	くペ）みくペ）あ	
0x0FC419	8	FA	1	くペ、ぜ宴、い	
0x0FEECD	8	FC	1	みペ１Ｈみォポう	
0x101C5B	8	FF	1	諺ァＲ葦バい	
0x101E52	8	F88F	1	ペ）いミぶ（パど	
0x101F76	8	F88F	1	ペ）いァぶ（エど	
0x1023D6	8	F88F	1	ペ）あみペ）ドお	
0x102789	8	F88F	1	ズィ（くたュ（け	
0x102916	8	F88F	1	Ｒ円れない肌	
0x102B22	8	FC	1	だ（あミペ）えざ	
0x102B5A	8	FC	1	ペ）えたペ）スづ	
0x102EA6	8	FC	1	ば（あペペ）もご	
0x102EDE	8	FC	1	ペ）おたペ）ワぢ	
0x102F06	8	FC	1	ペ）かたペ）～ぐ	
0x1030A6	8	FC	1	ペ）きたペ）モぐ	
0x10322A	8	FC	1	ペ）あぽペ）だげ	
0x103252	8	FC	1	ペ）おたペ）プだ	
0x1035E6	8	FC	1	ペ）かたペ）Ｏぞ	
0x10360E	8	FC	1	ペ）きたペ）のぎ	
0x10377D	8	FC	1	みペ）あぃペ）こ	
0x103786	8	FC	1	ペ）おたペ）イぞ	
0x103791	8	FC	1	みペ）あぃペ）び	
0x1037AE	8	FC	1	ペ）かたペ）Ｆが	
0x103D12	8	FC	1	ペ）いミば（昌	
0x103E0E	8	FC	1	ペ）いァび（Ｃじ	
0x104C5E	8	FF	1	ぢ（あただ（ぽ！	
0x104F4A	8	F88F	1	Ｒ円れないくき	
0x104F54	8	F88F	1	Ｍ紡いふ。とい	
0x1050F5	8	FC	1	みペ）あぃペ）り	
0x10518A	8	FC	1	ペ）あぽペ）めが	
0x10525A	8	FC	1	ペ）あぽペ）ゅぉ	
0x105292	8	FC	1	ペ）あぽペ）（ょ	
0x105595	8	FC	1	みペ）あぃペ）と	
0x1055C5	8	FC	1	みペ）あぃペ）ね	
0x1055F2	8	FC	1	ペ）あぽペ）ぽぇ	
0x105611	8	FC	1	みペ）あぃペ）ふ	
0x10564A	8	FC	1	ペ）おたペ）ケぇ	
0x105682	8	FC	1	ペ）あＥペ）わぇ	
0x1056A1	8	FC	1	みペ）あぃペ）み	
0x1056D1	8	FC	1	みペ）あぃペ）や	
0x1056FA	8	FC	1	ペ）あぽペ）せぇ	
0x105722	8	FC	1	ペ）おたペ）」ぃ	
0x105732	8	FC	1	ペ）あぽペ）Ｍゅ	
0x105752	8	FC	1	ペ）おたペ）ぬぇ	
0x105C16	8	F84F	1	だ（えたぞ（ツ」	
0x1071B9	8	F84F	1	ミペ）きあゾ・た	
0x107AF5	8	FF	1	タペ）ュあィ（ズ	
0x109163	8	FF	1	繰れない（ダえ	
0x10AB15	8	FF	1	覆ズがァＲ易	
0x10B9CC	8	FF	1	ブビビビビビ○Ｔ	
0x10DB32	8	FF	1	ザ（あたゲ（ャＪ	
0x10DC8A	8	FF	1	ザ（あたゲ（ぃＪ	
0x10DF26	8	FF	1	ザ（あたゲ（ガＩ	
0x10E066	8	FF	1	ザ（あたゲ（ぎＩ	
0x10EBAA	8	FF	1	ッ（あたォ（ネＦ	
0x10EF32	8	FF	1	ッ（あたォ（ャＥ	
0x10F1B2	8	FF	1	ペ）いぃペ）１ん	
0x10F442	8	FF	1	ペ）えたペ）キＣ	
0x10F4C6	8	FC	1	ペ）あぽペ）ベこ	
0x10F502	8	FC	1	ペ）おたペ）よす	
0x10F50D	8	FC	1	たペェいたペダね	
0x10F52E	8	FC	1	ペ）あぽペ）ィこ	
0x10F56A	8	FC	1	ペ）おたペ）しす	
0x10F5D6	8	FC	1	ペ）あぽペ）キこ	
0x10F63E	8	FC	1	ペ）あぽペ）ざこ	
0x110191	8	FC	1	しペ）ぜフペ）く	
0x1106F2	8	FC	1	ペ）ゥむダ・ルＹ	
0x110906	8	FF	1	ペ）ゥむダ・え	
0x110F5A	8	FF	1	ペ）ゥむダ・ソＷ	
0x1126B2	8	F88F	1	Ｒ円れないズは	
0x114FB9	8	FF	1	みペ１えもＶ３と	
0x114FD5	8	FF	1	みペ１えもＶ３す	
0x11507D	8	FD	1	ウＸゃ念Ｒがか	
0x115426	8	FF	1	ぜ（あただ（セデ	
0x1154DA	8	FF	1	ぜ（あただ（ぅデ	
0x115592	8	FF	1	ぜ（あただ（うデ	
0x11564A	8	FF	1	ぜ（あただ（＋ヅ	
0x1185CD	8	FF	1	しペ）みせペ）う	
0x118605	8	FF	1	しペ）みせペ）け	
0x11A2AA	8	F88F	1	Ｒ殴「こいりと	
0x11A785	8	FF	1	しペ）ぜＡペ）え	
0x11B025	8	FF	1	たペうくたＵおう	
0x11CB41	8	FF	1	わペ）かふペ）お	
0x11CB7A	8	FF	1	ペ）ぞふペ）ジい	
0x11CD25	8	FF	1	（ペてし（Ｘぬあ	
0x11D50A	8	FF	1	ペ）ぞふペ）ピポ	
0x11D876	8	FF	1	ペ）ぞふペ）Ｘペ	
0x11D9F2	8	FF	1	ペ）ぞふペ）トペ	
0x11DA82	8	FF	1	ペ）ぞふペ）ぜペ	
0x11DADA	8	FF	1	ペ）ぞふペ）れペ	
0x11DB1A	8	FF	1	ペ）ぞふペ）はペ	
0x11DC86	8	FF	1	ペ）ぞふペ）Ｔプ	
0x11DFA2	8	FC	1	ぢ（ぜっペ）ダう	
0x11E1DE	8	FF	1	ペ）ぞふペ）ノピ	
0x11E266	8	FF	1	ペ）ぞふペ）ばピ	
0x11E742	8	FF	1	ペ）ぞふペ）たパ	
0x11E802	8	FF	1	ペ）ぞふペ）（ボ	
0x11EA2A	8	FF	1	ペ）ぞふペ）カボ	
0x11EA86	8	FF	1	ペ）ぞふペ）ずボ	
0x11EBDA	8	FB	1	ペ）あペペ）ザ、	
0x11EBFA	8	FB	1	ペ）こたペ）遂	
0x11EC46	8	FB	1	ペ）くたペ）グ＠	
0x11EC56	8	FB	1	ペ）あズペ）マ、	
0x11ECD6	8	FB	1	ペ）けたペ）ヌ＠	
0x11ECE6	8	FB	1	ペ）あズペ）ぼ、	
0x11ED4E	8	FB	1	ペ）くたペ）ぶ＠	
0x11ED5E	8	FB	1	ペ）あズペ）を、	
0x11F9F5	8	FF	1	たペてワつＵなほ	
0x11FD26	8	F840	1	ぢ（あただ（ほフ	
0x11FF50	8	F880	1	りＺといわＺとい	
0x11FF89	8	FC	1	ズペ）えぽペ）う	
0x12002A	8	FE	1	ペ）くたペ）モえ	
0x120079	8	FE	1	くペ）ぜクペ）て	
0x1200B1	8	FE	1	くペ）ぜびペ）お	
0x1200CD	8	FE	1	くペ）ぜびペ）リ	
0x120276	8	FE	1	ペ）くたペ）もあ	
0x1205D6	8	FF	1	ペ）きぜＺ・ョえ	
0x120BF2	8	F84F	1	ど（あたで（ヒネ	
0x120C22	8	FB	1	ど（あたで（ソネ	
0x120C4E	8	FB	1	ど（あたで（エネ	
0x120C7A	8	FB	1	ど（いたで（ぶネ	
0x120C9E	8	FB	1	ど（あたで（ぜネ	
0x122809	8	F811	1	しペ）ぜふペ）Ｍ	
0x122851	8	F811	1	しペ）ぜふペ）ミ	
0x1232E9	8	FB	1	ぃペ）ル咋険	
0x12349E	8	FC	1	ぢ（あただ（ぜセ	
0x12386A	8	FB	1	ぢ（あただ（ぴス	
0x123AD2	8	FB	1	ぢ（あただ（Ｈシ	
0x123F2C	8	FC	1	ぜをさいぜぃさい	
0x123F89	8	FB	1	ぃペ）ア迦険	
0x123FB5	8	FB	1	ぃペ）ど迦険	
0x123FE1	8	FB	1	ぃペ）げ迦険	
0x1256E6	8	FF	1	ペ）いぃペ）カ＋	
0x125A16	8	FF	1	ペ）いぃペ）ギ」	
0x125B36	8	F84F	1	ペ）いぃペ）だ」	
0x125C36	8	FF	1	ペ）いぃペ）い」	
0x12610A	8	FF	1	ぁ）ボれないＭさ	
0x12694E	8	FF	1	ぢ（あただ（とア	
0x12785D	8	FF	1	たブ（まいどいむ	
0x127A99	8	FB	1	たボ（まいどいむ	
0x128005	8	FB	1	はィ）あぽャ（ベ	
0x1286B1	8	FF	1	たボ（まいばいも	
0x12AFE1	8	FF	1	ぐェ）あれゥ）う	
0x12B159	8	FF	1	たブ（まいびいも	
0x12CE59	8	FF	1	いヅ・かゼズ・た	
0x12F65D	8	FE	1	たゾ（まいぷいむ	
0x12FBB1	8	FB	1	せペ）みせペ）あ	
0x13100C	8	FF	1	あいくおうえきけ	
0x13350F	8	FF	1	あけあァたりああ	
0x134201	8	FF	1	なぁかぃかぅかぅ	
0x134456	8	FF	1	ひおぃつコちモつ	
0x1344D2	8	FE	1	ふさごすコしヤす	
0x134A6D	8	FF	1	ヴずンずムＴあピ	
0x134B6C	8	FF	1	フをＢぞフをＢぞ	
0x134CAC	8	FF	1	ふキＮべふキＮべ	
0x134D0C	8	FF	1	ねテＪカねテＪカ	
0x134FDB	8	FF	1	いヤヴくるヒゃ／	
0x13501B	8	FF	1	い／いくるヒゃ／	
0x13506C	8	FF	1	ーコイべーコイべ	
0x135384	8	FF	1	ゅヴ／あ苳ハし	
0x1355F5	8	FF	1	ヴエヴ／あまあ『	
0x1358BA	8	FF	1	DモぷたあＪえ	
0x136124	8	FF	1	かかといクおとい	
0x1371C8	8	FF	1	ぼる綾４とトし	
0x1397F8	8	FC	1	ーコモぷただヒを	
0x13A5C8	8	FF	1	ＷヲぞムＵタァぱ	
0x13DA18	8	FF	1	くりないっりない	
0x13DFA4	8	FC	1	ネ１といリ責い	
0x13E5F8	8	FC	1	ワぃまいワぃまい	
0x140320	8	FF	1	ぱＱといゲ２とい	
0x1403BC	8	FC	1	ミＱとい煙とい	
0x142783	8	FA	1	ゾいいいいいいだ	
0x14278D	8	FA	1	だいいいいいいゾ	
0x144224	8	FC	1	ペゾひい悦ひい	
0x0C0A1D	7	FF	1	ぜゼおぽあォお	
0x0C1D4A	7	FD	1	ペ）おたペ）ォ	
0x0C20FE	7	FF	1	ペ「がァＲ唖	
0x0C33A6	7	F8EC	1	ていや庶いた	
0x0C4AB6	7	FD	1	ペうぱあィおえ	
0x0C4D2A	7	FE	1	ペうがァＲくそ	
0x0C4D6A	7	FE	1	ペてがァＲねお	
0x0C5C11	7	FD	1	ぜペうみぜペて	
0x0C683E	7	FF	1	ペ１ぽあゥ３い	
0x0C7252	7	FE	1	ぽてくァＲくね	
0x0C76ED	7	F84F	1	ミ「おいミュう	
0x0C7A6E	7	FE	1	ペＨシあィＪト	
0x0C7AA2	7	FD	1	ペＸシあィＺぃ	
0x0C7ED6	7	FE	1	ャ哀ァペ）そ	
0x0C8186	7	FE	1	ャ哀ミペ）そ	
0x0C822D	7	FC	1	たペ）いむバ・	
0x0CB9D6	7	FA	1	てい繁ていね	
0x0CD962	7	FF	1	ペ）あみペ）ダ	
0x0CE0B9	7	FD	1	みペ）うぜペ）	
0x0CEBBE	7	FF	1	ていワしいヤ	
0x0CF086	7	FE	1	ぜつＵあィなく	
0x0CF5B5	7	FE	1	律いタドくい	
0x0CF9DE	7	FD	1	ペ）あみペ）ヤ	
0x0CFA56	7	FD	1	ペ）あみペ）カ	
0x0CFA6A	7	F8FD	1	ペ）あみペ）ア	
0x0D0106	7	FE	1	ぽ）くァＲくし	
0x0D0A8A	7	FD	1	ペて～じ漉	
0x0D0AF2	7	F8FD	1	ペてＶじ限	
0x0D2F1D	7	FD	1	ァＲ荷紡い	
0x0D2F30	7	FD	1	ヂ紡いリ准	
0x0D39A2	7	FD	1	ＹなミァＲ姶	
0x0D4546	7	FD	1	Ｚな念Ｒ亜	
0x0D457E	7	FD	1	Ｚゃ念Ｒ亜	
0x0D6A7E	7	FF	1	ペうＥあＹあと	
0x0D7B02	7	FF	1	ォいＩしＶあッ	
0x0D82A2	7	FF	1	ウ）おみァつい	
0x0DA021	7	FF	1	みュ・こあデ・	
0x0DA546	7	F881	1	イ）えみュ３え	
0x0DA74E	7	F881	1	ペうこれペうす	
0x0DA836	7	FF	1	ア）えたャ＋い	
0x0DA856	7	FF	1	ア）えたャ３え	
0x0DA952	7	FD	1	ペうＫあＺあぢ	
0x0DA9F2	7	FD	1	ペうＫあＺあひ	
0x0DAA5A	7	FD	1	ペぉＫあＺぅあ	
0x0DB69A	7	FD	1	ペてくァＲねぃ	
0x0DB737	7	FD	1	はえいザ（バナ	
0x0DB79A	7	FD	1	ペてミァＲねご	
0x0DB97E	7	FF	1	ぁ）たぜを鑑	
0x0DC699	7	FD	1	くペ）みくペ）	
0x0DC74A	7	FF	1	イ）がァＲくけ	
0x0DC8C6	7	FC	1	ぽ）ちた、おし	
0x0DCEE7	7	FD	1	はぷぃい根ウ	
0x0DD2D1	7	FD	1	律いＭ紡い	
0x0DD5F6	7	FF	1	プないたペてみ	
0x0DD6BA	7	F880	1	ぞＷ窄ゥＺボ	
0x0DD6D6	7	F880	1	ぽ）薩ゥＪァ	
0x0DDEC2	7	FF	1	ぁ）みがい険	
0x0DE1F6	7	FF	1	ぁ）ウょい険	
0x0DE3DE	7	FF	1	ぁ）『ゅい険	
0x0DE8A9	7	FF	1	みＶおえちダ・	
0x0DF532	7	FF	1	ＶなくァＲねも	
0x0DF7FB	7	FF	1	はきぜあ柵ぜ	
0x0E0A06	7	FF	1	ぁ）くぜを起	
0x0E0DFA	7	FF	1	ぁ）Ａ紡いヤ	
0x0E1102	7	FF	1	ぁ）Ａ紡いシ	
0x0E11F2	7	FF	1	ぁ）Ａ紡いタ	
0x0E12B6	7	FF	1	ぁ）Ａ紡いォ	
0x0E13C6	7	FF	1	ぁ）くぜを峨	
0x0E1672	7	FD	1	さいくぜを儀	
0x0E16EE	7	FD	1	ぞＷ窄ゥＺリ	
0x0E170A	7	FD	1	ぽ）薩ゥＪシ	
0x0E1822	7	F800	1	ぽ）薩ゥＪョ	
0x0E34BA	7	FF	1	ペうアこＶおせ	
0x0E398E	7	FD	1	さいくぜを峨	
0x0E39C3	7	FD	1	鈷すい弦○	
0x0E45E7	7	FF	1	弦ァＲ蝦ゃ	
0x0E55D2	7	F868	1	Ｋ哀ぽペ）そ	
0x0E6F52	7	FF	1	ア）あたＷッシ	
0x0E7266	7	FD	1	ＶおくァＲ姻	
0x0E750A	7	FF	1	ぁ）伐ういほ	
0x0EA981	7	FF	1	たペぉじたＵゃ	
0x0EACF2	7	FF	1	ゥＪおきペ１え	
0x0EB77E	7	FF	1	ぁ）くぜを崖	
0x0EB7C2	7	FF	1	ぁ）くぜを概	
0x0EBBB5	7	FD	1	しペ）ぜぱペ）	
0x0EBF71	7	FD	1	せペ）みせォ（	
0x0EC04B	7	FD	1	（デおむ（ドき	
0x0ECB8A	7	FD	1	ぽ）ワテプ３う	
0x0ED1F2	7	FD	1	ゼなおけァつが	
0x0ED836	7	F88F	1	Ｒくね唖胡	
0x0EE02E	7	FF	1	イうあぜペうへ	
0x0EE042	7	FF	1	イううぜペうね	
0x0EE07A	7	FF	1	ウうあぜペうこ	
0x0EE08A	7	FF	1	ウううぜペうか	
0x0EE09A	7	FF	1	ウうあぜペうい	
0x0EE0AA	7	FF	1	ウううぜペうさ	
0x0EEE0D	7	FC	1	くペちぜびペち	
0x0EF535	7	FC	1	ァＲ沖紡い	
0x0F03C1	7	FC	1	ァＲ課のへい	
0x0F0456	7	F88F	1	ペ）かたペ）け	
0x0F0CF1	7	F811	1	た。おあたィい	
0x0F17CA	7	FF	1	イうッめ、おあ	
0x0F2EB4	7	FC	1	Ａ紡いぃキお	
0x0F3709	7	FC	1	ァＲ姻チこい	
0x0F371F	7	F840	1	峨ミペ）Ｆゼ	
0x0F58AE	7	F84F	1	ォめかぱァめあ	
0x0F5B91	7	FC	1	たペ）あつィ（	
0x0F5C0A	7	FC	1	ぽ）っふゥ３け	
0x0F5EF2	7	F81C	1	ア）ルい「おけ	
0x0F99FE	7	FF	1	ペもＫあＹむと	
0x0F9E6A	7	FC	1	ペ）くァＲ唖	
0x0FB09A	7	FF	1	ザ（あたゲ（わ	
0x0FB27E	7	FE	1	ア）がふバＪが	
0x0FB3AE	7	FE	1	イポあぽペＨぜ	
0x0FB3BE	7	FE	1	ぽ）あぽペ「ご	
0x0FB3F6	7	FE	1	ぽ１あぽペ１ん	
0x0FB456	7	FF	1	ア）あぽペＨに	
0x0FB46A	7	FF	1	ア）あぽペＨち	
0x0FB4F2	7	FE	1	ぽ）くたパＪあ	
0x0FB56E	7	FC	1	ケうＵうプおふ	
0x0FB57E	7	FC	1	ケうＥうプおね	
0x0FB5D6	7	FE	1	ア）がふバＪペ	
0x0FBAAE	7	FE	1	ウ）あタペＨと	
0x0FBAEE	7	FE	1	ア）あタペＨえ	
0x0FBE32	7	FF	1	シあえＷ「おけ	
0x0FC1B9	7	FB	1	ズペ）かミペ）	
0x0FC45A	7	FA	1	ペうトいＶおＱ	
0x0FC7CE	7	FF	1	ぽてミァＲねえ	
0x0FC976	7	FF	1	アてミァＲねえ	
0x0FD4E7	7	FF	1	甲ァＲ員ネ	
0x0FD4FA	7	FF	1	ゲ）ミァＲ挨	
0x0FD673	7	FF	1	甲ァＲ茄ヌ	
0x0FD83B	7	FF	1	甲ァＲ営ヌ	
0x0FDBFE	7	FF	1	ＶあミァＲ亜	
0x0FDC9A	7	FA	1	ＶあミァＲ恩	
0x0FE32A	7	FA	1	ＸあたァＲ挨	
0x0FEBC2	7	FC	1	ぽうくぜペうえ	
0x0FED8E	7	FC	1	ペ）ぞふペ）ヴ	
0x0FF11E	7	FF	1	ペＨネいィＪあ	
0x0FF19E	7	FF	1	ペうついＶお」	
0x0FF1CA	7	FF	1	ペもッいＶゆい	
0x0FF4BA	7	FF	1	アう～ど❤ああ	
0x10102E	7	F88F	1	ペうメいＶおい	
0x101341	7	FF	1	ペペ）ぞふペ）	
0x10139E	7	FF	1	ペェユいＶッか	
0x101F11	7	F88F	1	こプＪうたペＨ	
0x101FF2	7	FC	1	ズ＋ぱふズ＋く	
0x10209E	7	FC	1	ペ）けみペ）せ	
0x102156	7	FC	1	ズ＋ぽわズ＋く	
0x10268B	7	FB	1	険ミペ）３レ	
0x102792	7	F88F	1	ア）うたゥ（ち	
0x102896	7	F88F	1	イ）うズィ（そ	
0x103A02	7	F82E	1	エ）あズペ「ト	
0x103B9E	7	F82E	1	オ）あズペ「ト	
0x104DB9	7	F84F	1	ミゴおズメドな	
0x105223	7	FE	1	厳たペ）。ゅ	
0x1054AE	7	F84F	1	ぽあり。ゴいお	
0x105952	7	F88F	1	ペうたァＲくう	
0x105E06	7	FF	1	セ）あミペ、あ	
0x105EB2	7	F84F	1	ぽ）ズつゼ＋い	
0x105F4E	7	FB	1	ぽ）ズいゾ＋あ	
0x1061EE	7	FF	1	ペ）ぞふペ）ナ	
0x106676	7	F88F	1	ペ１うたペポメ	
0x106E46	7	FF	1	ペ）ぞふペ）ぺ	
0x106F12	7	F8FF	1	ペ）ぞふペ）ふ	
0x107B16	7	FF	1	ペ）ぞふペ）ひ	
0x107BFE	7	FF	1	ぽ）ゆイＷなあ	
0x107F46	7	FF	1	ァ。ズいズ＋い	
0x109AF2	7	F88F	1	ウ）ズめゾＪあ	
0x109D1A	7	F88F	1	Ｒ閲あえ（え	
0x10A840	7	F88F	1	ト！といリ准	
0x10B202	7	F880	1	シ）わわダＪあ	
0x10B24F	7	F880	1	Ｏだとペ）ゼあ	
0x10B407	7	FB	1	鯉うペ）＠は	
0x10C1CE	7	FF	1	ペ）Ｃィあ減	
0x10C2AE	7	FC	1	ペ）たァＲ泳	
0x10C551	7	FA	1	ァＲ円れない	
0x10D28E	7	FF	1	コ）きぅヂ・さ	
0x10D44E	7	F88F	1	シてあぃペうぉ	
0x10D48A	7	F88F	1	ぽてあぃペうや	
0x10D4E2	7	F88F	1	シてあぃペうせ	
0x10DA5B	7	FF	1	諺ァＲ井う	
0x10E42E	7	FF	1	ペうぉおＶおわ	
0x10F6B6	7	FC	1	ィ）きたィ（く	
0x10F6CA	7	FC	1	ィ）きたィ（う	
0x110277	7	FF	1	境あペ）Ｑゴ	
0x1103E6	7	FF	1	ぞゥメいＷッい	
0x11061A	7	FF	1	カ）しみザ（す	
0x110736	7	FF	1	ペてサしＸなく	
0x11074A	7	FF	1	ペてサしＸなう	
0x110782	7	FC	1	ペうサしＷおお	
0x110927	7	FF	1	甲ァＲ挨と	
0x110AD6	7	FF	1	ぽ）ミァＲねえ	
0x110AEA	7	FF	1	ア）ミァＲねぃ	
0x110E7E	7	FF	1	シ）せみャ（す	
0x111236	7	FF	1	ペうたァＲくき	
0x111296	7	FF	1	ペうたァＲくか	
0x1112CA	7	FF	1	ペてたァＲ挨	
0x111306	7	FF	1	ペてたァＲ唖	
0x1114C3	7	FF	1	檎ァＲ河Ａ	
0x111AFE	7	FF	1	ィ・ミァＲ挨	
0x111E72	7	FF	1	ザ？おすぱＷお	
0x112706	7	FF	1	イ）くァＲねえ	
0x112737	7	FF	1	弦ァＲ恩Ｇ	
0x11278A	7	FF	1	ウ）たァＲねえ	
0x112795	7	FF	1	たザたくつ、な	
0x113156	7	FC	1	ゥ・くァＲ沖	
0x1140CE	7	FF	1	エう廼Ｒねけ	
0x114E1E	7	FF	1	オあ念Ｒくえ	
0x114E91	7	FF	1	ウＵゃ念Ｒが	
0x11538A	7	FF	1	カ）念Ｒねう	
0x118736	7	FF	1	ペてＩおＶちお	
0x11873E	7	FF	1	ペうＩおＶあう	
0x11A11A	7	FF	1	ペてネけＶなほ	
0x11A122	7	FF	1	ぁちズつむ（あ	
0x11A212	7	FF	1	ペうっい○おう	
0x11A5DE	7	FF	1	ペぉちいＶゃ・	
0x11A77A	7	FF	1	ァぇたいＶゃあ	
0x11A7FA	7	FF	1	ペＸわいェＺあ	
0x11A9BA	7	FD	1	イ）わわズ＋あ	
0x11AF06	7	FF	1	ぽ）えたゥ？え	
0x11B622	7	FF	1	ゥ・がァＲ哀	
0x11BC2E	7	F817	1	ィ・がァＲ娃	
0x11BD6E	7	F814	1	ィ・がァＲ阿	
0x11BF96	7	F814	1	ィ・がァＲ亜	
0x11C072	7	FD	1	ィ・がァＲ唖	
0x11C64A	7	FD	1	ぽてくァＲ葦	
0x11CE07	7	FF	1	檎ァＲ鴛う	
0x11CFDE	7	FF	1	ペ１ミァＲ阿	
0x11D07E	7	FF	1	ペてミァＲねあ	
0x11D0DA	7	F834	1	キ）わワピＪう	
0x11D4BA	7	FF	1	ペて念Ｒねう	
0x11D4C6	7	FF	1	ペう念Ｒくお	
0x11D4E2	7	FF	1	ペて念Ｒねけ	
0x11D562	7	FF	1	ペ１念Ｒ唖	
0x11D5FE	7	FF	1	ウ）わごヂＪい	
0x11DB4E	7	FF	1	ペ１念Ｒ娃	
0x11DD46	7	FF	1	ペう廼Ｒくけ	
0x11E17A	7	FF	1	ペて廼Ｒねか	
0x11E1A2	7	FF	1	ペう廼Ｒ唖	
0x11E3CA	7	FF	1	ペ１廼Ｒ唖	
0x11E476	7	FF	1	ペう廼Ｒ葵	
0x11E706	7	FF	1	ペう廼Ｒくあ	
0x11E78E	7	FF	1	ペＨ廼Ｒ哀	
0x11E79E	7	FF	1	ペて廼Ｒねあ	
0x11EB05	7	FF	1	ァペ）ゾつみ（	
0x11EBE3	7	FB	1	原たペ）タ。	
0x11EC5F	7	FB	1	原たペ）ぞ。	
0x11ECEF	7	FB	1	原たペ）へ。	
0x11ED97	7	FB	1	元たペ）儂	
0x11EDAF	7	FB	1	原たペ）錘	
0x11EDE1	7	FB	1	・８びボれない	
0x11EDEA	7	FB	1	もぜミぜを臥	
0x11F412	7	FF	1	ア）ズつダＪネ	
0x11F752	7	FF	1	シ）ユつ「おあ	
0x11FABE	7	FF	1	ペてロいＸなほ	
0x11FB16	7	FF	1	ペてロいＶなほ	
0x1203D2	7	FF	1	ケ）プまェいけ	
0x1203FA	7	FF	1	ぽ）プまェいけ	
0x120987	7	FB	1	玄たペ） 	
0x1209B7	7	FB	1	玄たペ）砂	
0x1214E2	7	FF	1	ぽうくァＲくあ	
0x121536	7	FF	1	セ）くァＲくあ	
0x1215A2	7	FF	1	ペぉヌけＷゃゆ	
0x1215E2	7	FF	1	ペうナけＷおな	
0x121622	7	FF	1	ペうナけＷおお	
0x1216B2	7	FF	1	ぽあくァＲくあ	
0x12171E	7	FC	1	ウあ❤え。ああ	
0x121742	7	FC	1	ウあ❤や…あう	
0x121766	7	FC	1	ウあ❤や…あお	
0x121A16	7	FF	1	イうミァＲねい	
0x121A32	7	FF	1	オあプまィいお	
0x121AAA	7	FF	1	ペうレいＶおあ	
0x121B1A	7	FF	1	ァ…ァいィ＋リ	
0x121C0E	7	FF	1	ぞ（ぜえペ）ズ	
0x1221BF	7	FB	1	源たペ）企	
0x1235A6	7	FF	1	ァいぜいィおヂ	
0x123972	7	FF	1	ァいぜいィおバ	
0x123D48	7	FB	1	ズルこいＥＢあ	
0x1254BB	7	FB	1	鯉うペ）ピＧ	
0x125BCE	7	F88F	1	Ｊ哀ァペ）そ	
0x1266C6	7	FF	1	ウ）わわズＺあ	
0x1267CA	7	FF	1	シ）わ蕊３あ	
0x126924	7	FF	1	ぜをさいぜヌう	
0x1273CA	7	FF	1	を雅ぜを我	
0x12774E	7	FF	1	ェ鴬そペ）ト	
0x12798A	7	FB	1	ェ荻そペ）リ	
0x129586	7	FF	1	ベ菓 険	
0x129772	7	FF	1	ベ云 険	
0x12995E	7	FF	1	ベ亜 険	
0x129B56	7	FF	1	ベ嬰ぜ険	
0x129ECA	7	FF	1	ベ沿ぜ険	
0x12A0B6	7	FF	1	ベ伊ぜ険	
0x12A2A2	7	FF	1	ベ薗ぜ険	
0x12A49A	7	FF	1	ベ威ぜ険	
0x12A80E	7	FF	1	ベ印媚険	
0x12A9FA	7	FF	1	ベ仮吏険	
0x12ABE6	7	FF	1	ベ院吏険	
0x12ADDE	7	FF	1	ベ嘉剖険	
0x12B32E	7	FF	1	を誼ぢを蛾	
0x12C432	7	FF	1	ないじといや	
0x12D04A	7	FF	1	ブ延 険	
0x12D1E6	7	FF	1	ブ異 険	
0x12D38E	7	FF	1	ブ乙ぜ険	
0x12DC06	7	F9	1	といヤくないそ	
0x12F31E	7	FB	1	といヂきないっ	
0x12FD82	7	FE	1	…おしみ…おう	
0x12FD8A	7	FE	1	…なすみ…なお	
0x12FD9E	7	FE	1	…おすみ…おい	
0x12FDA6	7	FE	1	…なしみ…なう	
0x12FDF2	7	FE	1	タつＥき○ちゆ	
0x12FE26	7	FE	1	タつＥき○ちね	
0x12FE5A	7	FE	1	タつＥき○ちさ	
0x12FE8E	7	FE	1	タつＥき○ちか	
0x130872	7	FF	1	ぽ）あタペＨウ	
0x1308C6	7	FF	1	ぽうあタペうじ	
0x1308EE	7	FF	1	コ）ズつプ３あ	
0x1308F6	7	FF	1	クポあタペＨぇ	
0x130906	7	FF	1	ぽ）あタペ「ん	
0x130946	7	FF	1	ぽうあタペうほ	
0x130982	7	FF	1	サ）あタペＨそ	
0x130992	7	FF	1	ケ）あタペＨさ	
0x130AFA	7	FB	1	パな！ぽゴなＹ	
0x1318A1	7	FF	1	あいうえおかき	
0x1319C4	7	FF	1	くあぜががああ	
0x131A03	7	FF	1	くあたくがああ	
0x131A42	7	FF	1	くあたくがけあ	
0x132364	7	FF	1	くあぜぽがああ	
0x1323FE	7	FF	1	けあぜぽぃああ	
0x132452	7	FF	1	けあたたぃああ	
0x1324A6	7	FF	1	けあたたぃこあ	
0x132C14	7	FF	1	かあみみびくあ	
0x1337B8	7	FF	1	えあみくミああ	
0x1337E2	7	FF	1	おあみくミああ	
0x134272	7	FF	1	おかかかきかき	
0x1342B2	7	FF	1	ピくプくペくペ	
0x1342E2	7	FF	1	ぬかねかのかの	
0x13432A	7	FF	1	ヅくデくドくド	
0x13433A	7	FF	1	ルかレかロかロ	
0x13434A	7	FF	1	るかれかろかろ	
0x13435A	7	FF	1	さかしかすかす	
0x13439A	7	FF	1	もかやかゆかゆ	
0x1343CA	7	FF	1	じうぃかたうち	
0x1343D2	7	FF	1	よからかりかり	
0x134412	7	FE	1	ネくノくネくヌ	
0x13441C	7	FE	1	ぷかぺきぽきぽ	
0x134476	7	FE	1	エかワかエかワ	
0x134480	7	FE	1	なかごかなかな	
0x13448A	7	FE	1	なかじかなかな	
0x1344B2	7	FE	1	びくばほびかび	
0x1344BC	7	FE	1	べかぶほべくべ	
0x1347F5	7	FF	1	ヴひンＢゃひン	
0x1347FF	7	FF	1	ヴひンレあただ	
0x134835	7	F9	1	ヴヴホるンギン	
0x13483F	7	FF	1	ヴギンレあグン	
0x134895	7	FF	1	ヴ餌ぢヴ（ヴ	
0x13489F	7	FF	1	ヴ餌レあ餌	
0x1348B5	7	FF	1	ヴモぷ？コモぷ	
0x1348FF	7	FF	1	ヴもうレあボヲ	
0x13492B	7	FF	1	サホなセぉプい	
0x13497F	7	FC	1	ヴＡンレあＡン	
0x13498B	7	FF	1	ヴホなセぉプい	
0x134A1F	7	FF	1	ヴこンレあこン	
0x134A5F	7	FF	1	ヴ８ぞレあせぷ	
0x134AE5	7	FF	1	ヴヂツ苳チわ	
0x134B45	7	FF	1	ヴＨヴ苳ッた	
0x134BA5	7	FF	1	ヴＨヴ苳ヌく	
0x134C05	7	FF	1	ヴＨヴ苳３ね	
0x134C79	7	FF	1	ンぜヲＲヤぜヲ	
0x134C99	7	FB	1	あキあリゅキあ	
0x134CB9	7	FF	1	ヴ…ヴべる搭	
0x134E7B	7	FF	1	ヴプどたあＪえ	
0x134F05	7	FF	1	ヴＨヴぜあヒを	
0x134F99	7	FF	1	ヴアロＮえアロ	
0x135145	7	FF	1	ヴずぐ苳６し	
0x135185	7	FF	1	ヴ凱苳６た	
0x135285	7	FF	1	ヴ網苳６た	
0x135605	7	FF	1	ヴ／あ苳ハし	
0x1358FB	7	FF	1	ヴエヴたあエヴ	
0x13595B	7	FF	1	ヴウヴたあウヴ	
0x1359BB	7	FF	1	ヴヂヴたあヂヴ	
0x135A2F	7	FF	1	んへせタがタヲ	
0x135A75	7	FF	1	ヴＵワＵワぅど	
0x135BFF	7	FF	1	ヴ『おレあふキ	
0x135C17	7	FF	1	ヴペヲぜンD	
0x135C1F	7	FF	1	ヴぜンレあぜン	
0x135C35	7	FA	1	ヒフぉ貝フぉ	
0x135C75	7	FF	1	ヴＡンダヴＡン	
0x135CDF	7	FF	1	ヴ、ヲレあ、ヲ	
0x135DDF	7	FF	1	ヴかンレあこン	
0x135DF5	7	FF	1	ヴンのぐけンの	
0x135E35	7	FF	1	ヴゼヲぱヲ、ヲ	
0x135E3F	7	FF	1	ヴ、ヲレあ。ヲ	
0x135E9F	7	FF	1	ヴヴのレあヴの	
0x13623E	7	FB	1	せい下せいゲ	
0x1399F9	7	FF	1	ヴブヴとヴ顎	
0x13B9F9	7	FF	1	ヴＮヴウヴギゃ	
0x13C3F9	7	FF	1	ヴＮヴモヴ６オ	
0x13D682	7	FF	1	とでどばびぶで	
0x13D6E6	7	FF	1	かょがぎぐげょ	
0x13DFD5	7	FC	1	１といォ責い	
0x13E059	7	FF	1	ヴつゅみＳとい	
0x140450	7	F8EE	1	２責いＩグあ	
0x143991	7	F895	1	Ｔひいみ７ひい	
0x0BF72B	6	FF	1	菌ァＲ違	
0x0C173F	6	F816	1	菌ァＲ易	
0x0C2EBA	6	FF	1	ぁ）粛しい	
0x0C2EFF	6	FF	1	菌ァＲ域	
0x0C3347	6	FE	1	険ぜペ）ぱ	
0x0C3D73	6	FE	1	こかあァ（ハ	
0x0C49E7	6	FD	1	はえあィ（ハ	
0x0C4ACA	6	FE	1	ペ）かたペ）	
0x0C4D4B	6	FE	1	こえあァ（ハ	
0x0C4FC2	6	FE	1	ペ）えたペ）	
0x0C58F3	6	FF	1	脚ァＲ絢	
0x0C5DCF	6	FC	1	いや披いた	
0x0C7B43	6	FF	1	脚ァＲ姐	
0x0CA537	6	FE	1	菌ァＲ慰	
0x0CB4DB	6	FF	1	菌ァＲ移	
0x0CC1DE	6	FB	1	ていォしい	
0x0CC286	6	FE	1	ズおあたペう	
0x0CC3AF	6	FD	1	』ああゥ（ハ	
0x0CCF97	6	FF	1	こえあゥ（ノ	
0x0CDD57	6	FF	1	脚ァＲ宛	
0x0CE893	6	FF	1	拒じ顕	
0x0CF12B	6	F880	1	県ァＲ安	
0x0CF133	6	F880	1	遣娑顕	
0x0CFC2F	6	FF	1	脚ァＲ威	
0x0CFC5B	6	FF	1	供亡顕	
0x0D06CB	6	F84F	1	熊辰顕	
0x0D071B	6	F84F	1	絞辰古	
0x0D076B	6	F84F	1	はオ辰険	
0x0D0773	6	F84F	1	鏡辰砂	
0x0D082A	6	FD	1	ペ）きたペ）	
0x0D1317	6	FD	1	こくァＲ哀	
0x0D131F	6	FD	1	弦ァＲ卸	
0x0D3DDF	6	FD	1	尭タい険	
0x0D60CB	6	FD	1	は○べい険	
0x0D6127	6	FD	1	形べい険	
0x0D69B8	6	FF	1	ぜげさいんあ	
0x0D6A9B	6	FF	1	こ糖」）キ	
0x0D6ABF	6	FF	1	検あ」）く	
0x0D7FA3	6	FD	1	こたァＲ茨	
0x0D8E9E	6	FE	1	ぽう（あプお	
0x0D946B	6	FC	1	はォぞゼ・あ	
0x0DA4CB	6	F881	1	』うぃァ（う	
0x0DA51B	6	F881	1	』うたァ（あ	
0x0DA522	6	F881	1	イ）えみュ＋	
0x0DA7E3	6	FF	1	』うぃゥ（う	
0x0DA7FF	6	FF	1	８いぃぢ（う	
0x0DA923	6	FD	1	こ暝＋）あ	
0x0DA977	6	FD	1	はい＋）あ	
0x0DAA2B	6	FD	1	献ち＋）あ	
0x0DB6C6	6	FD	1	ペてくァＲね	
0x0DB7CA	6	FD	1	ペてミァＲね	
0x0DBE52	6	F881	1	Ｒ葦！てい	
0x0DC3D2	6	FD	1	ペてたァＲね	
0x0DC692	6	FD	1	タＧあしタ０	
0x0DCA33	6	FC	1	沓ろＸ（ギ	
0x0DCECF	6	FD	1	件りい孤	
0x0DD8FE	6	FF	1	アうくた。お	
0x0DDD2F	6	FF	1	こぬソい険	
0x0DDDEF	6	FD	1	はＫぁい険	
0x0DDDFB	6	FD	1	こくァＲ亜	
0x0DE0A3	6	FF	1	は暁い現	
0x0DE2DF	6	FD	1	はサコい現	
0x0DEA2F	6	FD	1	はもじい険	
0x0DEAA3	6	FC	1	Ｏかじい険	
0x0DED6B	6	FC	1	響ざい険	
0x0DEF70	6	FF	1	びチこいブい	
0x0DFA5C	6	FF	1	Ｉケ辿ェぬ	
0x0DFC83	6	FD	1	はイぃい険	
0x0DFDE3	6	FD	1	はきぃい険	
0x0DFDFF	6	FD	1	犬ぁい鹸	
0x0E0398	6	FD	1	Ａ紡いドい	
0x0E0B2E	6	FF	1	ぁ）Ｍ紡い	
0x0E0C23	6	FD	1	兄そゲ（Ｕ	
0x0E13DA	6	FF	1	プおあたペう	
0x0E1E43	6	FF	1	悟ぅい貢	
0x0E22E3	6	FC	1	はぃい険	
0x0E23B7	6	FD	1	』Ｖぁい険	
0x0E23DB	6	FD	1	掲ぁい険	
0x0E248C	6	FF	1	Ａ紡いルい	
0x0E2797	6	F801	1	鶏ねい険	
0x0E4A4C	6	FD	1	ぜんさいＤぬ	
0x0E556B	6	FD	1	は？ちい険	
0x0E6377	6	FD	1	は、まい険	
0x0E63AF	6	FD	1	』Ｘまい険	
0x0E63DB	6	FD	1	』Ｍまい険	
0x0E63FF	6	FD	1	珪まい険	
0x0E6816	6	FC	1	ＶなくァＲね	
0x0E68DF	6	FF	1	唆鍵糠	
0x0E9147	6	FC	1	）ゲあフ）う	
0x0E9207	6	FE	1	）ボああ（う	
0x0E94CF	6	F84F	1	ブずこい険	
0x0E983B	6	FF	1	ぐトけい険	
0x0E9D5B	6	FF	1	こふくい険	
0x0E9DBB	6	FF	1	こえくい険	
0x0EAD13	6	FF	1	はぜいペ）そ	
0x0EBB72	6	FD	1	ペ）みそォ（	
0x0EBBEB	6	FF	1	は…李険	
0x0EBEEF	6	FD	1	こみせペ）た	
0x0EBF27	6	FD	1	給せペ）せ	
0x0EC467	6	F82A	1	こビ頒険	
0x0EC4D6	6	F815	1	ペェゼタよァ	
0x0EC823	6	F815	1	はＹ東険	
0x0EEBCE	6	FD	1	イ）をけぜＧ	
0x0EED1B	6	F840	1	こギ將険	
0x0EF1CF	6	FE	1	曲李険	
0x0EF367	6	FE	1	こ あ険	
0x0F04D2	6	F88F	1	Ｒ圧ポとい	
0x0F1143	6	FC	1	こフ「あ呼	
0x0F115F	6	FC	1	こナ「あ舷	
0x0F1173	6	FC	1	こタ「あ減	
0x0F117B	6	FC	1	極「あ幻	
0x0F1197	6	FC	1	こキ「あ険	
0x0F119F	6	FC	1	饗「あ鼓	
0x0F134B	6	FF	1	はえたペ）シ	
0x0F1597	6	FF	1	橘ぜペ）も	
0x0F16D3	6	FF	1	はあぅヅ・せ	
0x0F1AB6	6	FD	1	イ）わわダＪ	
0x0F1B28	6	FD	1	ね律いヅぃ	
0x0F1EAA	6	FF	1	アう廼Ｒく	
0x0F2643	6	FF	1	吸ァＲ綾	
0x0F2E98	6	FC	1	ネ短いゾう	
0x0F2F63	6	FF	1	こがァＲ茨	
0x0F2F7B	6	F800	1	こがァＲ隠	
0x0F3D14	6	FC	1	ズ／こいみぷ	
0x0F4062	6	FF	1	ペう施プな	
0x0F484B	6	FE	1	ＯしたィＵト	
0x0F4993	6	FF	1	系いぜ（ボ	
0x0F4B93	6	FF	1	系いぜ（ふ	
0x0F5C13	6	FC	1	罫みペ）こ	
0x0F5E43	6	F81C	1	結ニ。）え	
0x0F5F26	6	F88F	1	アう～か。あ	
0x0F61AA	6	F88F	1	Ｒ円れない	
0x0F6357	6	FC	1	血ぅ…）え	
0x0F680B	6	FE	1	８きぽッ（か	
0x0F681F	6	FE	1	ＯきズッＵト	
0x0F688F	6	FE	1	８きタャ（か	
0x0F68A3	6	FE	1	ＯきズャＵト	
0x0F69FB	6	FC	1	』えァョ（あ	
0x0F6E28	6	FC	1	ぉぉぉぉゾい	
0x0F738A	6	FF	1	ぁ）クチこい	
0x0F7A3F	6	FF	1	険たペ）っ	
0x0F7B94	6	FF	1	ズ駕いァＰ	
0x0F7FDA	6	FC	1	ペうぉいＹお	
0x0F8130	6	FF	1	ズさいァＰ	
0x0F8293	6	FF	1	険たペ）ぇ	
0x0F8AA4	6	FC	1	ズ徂いァＰ	
0x0F9553	6	F801	1	こ暝。）と	
0x0F9D14	6	FF	1	Ｍ紡いゲぬ	
0x0FB00F	6	FF	1	弦ァＲ依	
0x0FB073	6	FF	1	弦ァＲ温	
0x0FB4AE	6	FF	1	ぽ１あぽペ１	
0x0FB502	6	FE	1	ゴＪいぽペＨ	
0x0FBABE	6	FE	1	ぽ）あタペ「	
0x0FBE12	6	FF	1	イ）おめ「お	
0x0FC5AE	6	FC	1	イちミァＲく	
0x0FDBB3	6	FF	1	菌ァＲ為	
0x0FE6B2	6	FE	1	ア）がァＲく	
0x0FEA52	6	FF	1	イう２めボお	
0x0FF272	6	FC	1	アていたペて	
0x0FFC4E	6	FF	1	ウ）あたペ１	
0x100012	6	FE	1	ア）クふ…お	
0x10001A	6	FE	1	アうおつ…お	
0x1000B6	6	FE	1	ぽう６いゼお	
0x101036	6	F88F	1	ペてメいＶな	
0x1012C2	6	FF	1	ペ）こたペ）	
0x1016F6	6	FE	1	ペてがァＲね	
0x101FEA	6	FC	1	キ）やけプ＋	
0x1020DA	6	F88F	1	ペ）いァべ（	
0x102323	6	FB	1	険ぃペ）か	
0x102957	6	FF	1	』うぜォ（あ	
0x102B32	6	FC	1	ペ）あぜペ）	
0x102DC6	6	FC	1	キ）ョイヅＪ	
0x10316E	6	FC	1	ペ）おたペ）	
0x1034CE	6	F803	1	オ）ズツデＪ	
0x1044FA	6	F883	1	Ｒ逢たァ（	
0x1048FF	6	FC	1	険ペペ）ヅ	
0x1049D3	6	FC	1	険ペペ）タ	
0x104A97	6	FC	1	険ペペ）ぁ	
0x104B5B	6	FC	1	険ペペ）と	
0x104C12	6	FA	1	ペ）かみゥ（	
0x104E3B	6	F84F	1	８きたィ（か	
0x104E4F	6	F84F	1	ＯきズィＵト	
0x104EDF	6	F84F	1	ＯきズゲＵト	
0x104FEA	6	F84F	1	ウあび。ゴい	
0x10500E	6	F88F	1	ウ）び。ゴい	
0x10535B	6	FC	1	険ぽッ（ぅ	
0x1053CF	6	FF	1	はかあィ（ァ	
0x10541B	6	FF	1	桔ぽッ（び	
0x10546E	6	F88F	1	もぜォ５とい	
0x10562A	6	FC	1	ペ）あぽペ）	
0x105903	6	F88F	1	８ピああ（い	
0x105912	6	F88F	1	イ）きみペＨ	
0x105922	6	F88F	1	ア）あみペＨ	
0x105D26	6	FB	1	オ）あたペ「	
0x10644B	6	F88F	1	（ゼあみ（え	
0x106E3F	6	FF	1	はあふペ）き	
0x106F0B	6	F8FF	1	はきふペ）く	
0x106F97	6	FF	1	険ぜペ）え	
0x1070A2	6	FF	1	ペち念Ｒね	
0x1073E7	6	F81F	1	）あたォ（か	
0x107467	6	F8FF	1	元たど（あ	
0x107D46	6	FF	1	ア）ズつゾ＋	
0x107F5B	6	FF	1	鷺ェＲ俄	
0x108063	6	FF	1	険ミペ）Ｗ	
0x1080EB	6	FF	1	険ミペ）ペ	
0x108173	6	FF	1	険ミペ）ン	
0x108263	6	FD	1	険ミペ）だ	
0x1082EB	6	FF	1	険ミペ）み	
0x108373	6	FF	1	険ミペ）え	
0x1084CF	6	FB	1	はギあェ（ズ	
0x1091B3	6	FF	1	はあふペ）こ	
0x109AD2	6	F88F	1	ケちぃ。ゴつ	
0x109CF7	6	F88F	1	』ビあう（う	
0x10B316	6	FB	1	ぽてたいプな	
0x10B5C6	6	FC	1	イ）わふダＪ	
0x10BE1E	6	FC	1	ぽてがうプな	
0x10CCEE	6	F81F	1	ィ（いしァつ	
0x10D18F	6	FF	1	こあむベ・あ	
0x10D32C	6	F88F	1	ボれないァＰ	
0x10D94E	6	FF	1	ザ（あたゲ（	
0x10DBA3	6	FF	1	諺ァＲ圧	
0x10F1EF	6	FF	1	欠てぽ）お	
0x10FAD2	6	FF	1	アＦづふゾＪ	
0x10FADA	6	FF	1	アＦびふゾＪ	
0x10FEE2	6	FF	1	ぽうけちバき	
0x10FEF3	6	FF	1	こけちバ・あ	
0x1104DE	6	FF	1	ェたくい。な	
0x110DDF	6	FF	1	は）ち。おお	
0x111E96	6	FF	1	ぽあクし「お	
0x11240A	6	FF	1	コう／ゅ「あ	
0x112516	6	FC	1	ペうッいＸお	
0x112DDB	6	FC	1	こくァＲ葦	
0x113953	6	FF	1	檎ァＲ委	
0x1141C3	6	FF	1	阪ュＲ亜	
0x1141EB	6	FF	1	阪ュＲ依	
0x1144D2	6	F88F	1	く（くたィ（	
0x114F9B	6	FF	1	８ダいあ（せ	
0x1150C6	6	FD	1	ペ）えみィ（	
0x11544B	6	FB	1	ギ念Ｒ亜	
0x1154FF	6	FB	1	ギ念Ｒ唖	
0x1155B7	6	FB	1	ギ念Ｒ娃	
0x11571C	6	FF	1	み律いバぐ	
0x117C9F	6	FC	1	はヅいえ（Ｅ	
0x11892F	6	FF	1	源あデ・た	
0x118FFF	6	FF	1	諺ァＲ瓜	
0x11A23F	6	FF	1	は？ほぽ）え	
0x11A6C2	6	FF	1	ヂなくミＵな	
0x11A6CA	6	FF	1	ヂおくＥＵお	
0x11AE27	6	FF	1	決よ。）う	
0x11B01E	6	FF	1	アうおあズき	
0x11B3C2	6	FF	1	ウう＋ゅ、あ	
0x11B3CA	6	FF	1	ウうーゅ、あ	
0x11B55F	6	FC	1	檎ァＲ愛	
0x11B7C7	6	FF	1	こがァＲ謂	
0x11B7DF	6	FF	1	こがァＲ違	
0x11B7EF	6	FF	1	こがァＲ芋	
0x11B7FB	6	FF	1	こがァＲ鋭	
0x11B81F	6	FF	1	こがァＲ営	
0x11B82F	6	FF	1	こがァＲ嬰	
0x11B84F	6	FF	1	こがァＲ怨	
0x11B957	6	FF	1	こがァＲ愛	
0x11BF4B	6	F814	1	檎ァＲ芦	
0x11CB73	6	FF	1	却ふペ）お	
0x11CC7E	6	FE	1	エう』ど・あ	
0x11CDD7	6	FF	1	檎ァＲ以	
0x11CEBA	6	FF	1	イ）びわダＪ	
0x11D487	6	FF	1	決ニ。）か	
0x11D4EF	6	FF	1	れッあザ（ズ	
0x11D592	6	FF	1	ア）わふピＪ	
0x11D64A	6	FF	1	イう？よーあ	
0x11D993	6	FF	1	決ゅ…）う	
0x11D9D7	6	FF	1	はャあゲ（ズ	
0x11E443	6	FC	1	はえあゼ・た	
0x11E526	6	FF	1	ペて廼Ｒね	
0x11EBD3	6	FB	1	険ズペ）か	
0x11ECDF	6	FB	1	険ぜペ）か	
0x11EDA3	6	FB	1	荒ぜペ）き	
0x11F567	6	FF	1	脚ァＲ茜	
0x11F58F	6	FF	1	弦ァＲ浦	
0x11F597	6	FF	1	弦ァＲ握	
0x11F5BB	6	FF	1	弦ァＲ丑	
0x11F922	6	FC	1	イうくァＲね	
0x120083	6	FE	1	桁か、）え	
0x12109E	6	F88F	1	え（きたィ（	
0x121276	6	F880	1	Ｒびうたッ（	
0x12129A	6	F880	1	イう？よ、あ	
0x1212A2	6	F880	1	イう、ぬ、あ	
0x12131A	6	F880	1	ア）く。ゴつ	
0x1214DA	6	FF	1	ぽあ…き「あ	
0x1216DF	6	FF	1	結や…）う	
0x122187	6	FB	1	険ペペ）さ	
0x1221D7	6	FB	1	険ぽペ）さ	
0x123B2E	6	FB	1	ペうくァＲく	
0x125254	6	FB	1	ズＺこいズは	
0x125260	6	FB	1	ワ琉いゾう	
0x1255EE	6	FC	1	ぜ（いむゼ・	
0x1256EF	6	FB	1	砿ちグ（ぃ	
0x125A57	6	FF	1	欠てぽ）あ	
0x125E93	6	FF	1	源あヅ・た	
0x126114	6	FF	1	ズ３こいっむ	
0x126746	6	FF	1	イ）わわダＺ	
0x126F9B	6	FB	1	険みペ）ヂ	
0x127867	6	FF	1	こＺそペ）ヤ	
0x1286BB	6	FF	1	こ＠そペ）ご	
0x12AA1F	6	FF	1	はウぜ険	
0x12AA33	6	FF	1	繰 険	
0x12AC0B	6	FF	1	は！ぜ険	
0x12AC1F	6	FF	1	旧 険	
0x12AE03	6	FF	1	はコぜ険	
0x12AE17	6	FF	1	群ぜ険	
0x12B163	6	FF	1	こ○そペ）っ	
0x12DBF3	6	F814	1	いやきないヂ	
0x12F5AE	6	FE	1	ポ（めにペ）	
0x12F667	6	FE	1	こＹそペ）ぜ	
0x12F8DB	6	FB	1	険タペ）っ	
0x12F983	6	FB	1	８きみゥ（か	
0x12F997	6	FB	1	ＯきズゥＵト	
0x12FA07	6	FB	1	８きぃェ（か	
0x12FA1B	6	FB	1	ＯきズェＵト	
0x12FE03	6	FE	1	は忙『）と	
0x12FE37	6	FE	1	は忙『）つ	
0x12FE6B	6	FE	1	は忙『）た	
0x12FEB7	6	FE	1	検き『）こ	
0x12FF57	6	FE	1	はかー）ァ	
0x1300E2	6	FF	1	ぽ）あたペＨ	
0x130A3E	6	FF	1	ゴＪいタペＨ	
0x130A8F	6	FB	1	険ミペ）く	
0x130FBC	6	FF	1	あいうえおか	
0x1329D6	6	FF	1	くクかいあう	
0x1329DD	6	FF	1	くリくういき	
0x1329EB	6	FF	1	ョがおあえか	
0x1329F2	6	FF	1	ョクかいおく	
0x132E38	6	FF	1	シぽおうあえ	
0x132E3F	6	FF	1	６ぽうえいか	
0x132F96	6	FF	1	くタきいあう	
0x132F9D	6	FF	1	くァくういえ	
0x132FB2	6	FF	1	ョぜかあおき	
0x132FB9	6	FF	1	ョタきいかく	
0x133022	6	FF	1	ぽミきいあう	
0x133029	6	FF	1	ぽョくういえ	
0x13303E	6	FF	1	Ｍクかあおき	
0x133045	6	FF	1	Ｍミきいかく	
0x133A70	6	FF	1	タぽおうあか	
0x133AA8	6	FF	1	タぽおうあえ	
0x133D2C	6	FF	1	たりあおしか	
0x133D3A	6	FF	1	タりうあせく	
0x133D41	6	FF	1	ョりえいそけ	
0x133D48	6	FF	1	Ｅりおうたこ	
0x133D5D	6	FF	1	がぽくかあす	
0x133D64	6	FF	1	タぽけきいせ	
0x133D6B	6	FF	1	ョぽこくうそ	
0x133D72	6	FF	1	Ｅぽさけえた	
0x133D79	6	FF	1	！ぽかこおち	
0x133ECC	6	FF	1	たねあおしか	
0x133EDA	6	FF	1	タねうあせく	
0x133EE1	6	FF	1	ョねえいそけ	
0x133EE8	6	FF	1	Ｅねおうたこ	
0x133EFD	6	FF	1	がびくかあす	
0x133F04	6	FF	1	タびけきいせ	
0x133F0B	6	FF	1	ョびこくうそ	
0x133F12	6	FF	1	Ｅびさけえた	
0x133F19	6	FF	1	！びかこおち	
0x1342DA	6	FF	1	にかっかツか	
0x1343F4	6	FE	1	ぬえふおノつ	
0x13449E	6	FE	1	はくみけノす	
0x134F45	6	FF	1	ヴコヒぜあ…	
0x135104	6	FF	1	プンプン（う	
0x13521C	6	FF	1	タヲタル（ヲ	
0x1352F9	6	FF	1	ヴズヴソあぺ	
0x135479	6	FF	1	ヴオヴ・ふぼ	
0x135A1A	6	FF	1	ずキヴゅたあ	
0x135B73	6	FF	1	あＵこヒをＴ	
0x136490	6	FB	1	Ｃけといｱ	
0x136498	6	FB	1	とけとい尅	
0x1364A0	6	FB	1	わけとい煩	
0x1364A8	6	FB	1	くけとい循	
0x1364B0	6	FB	1	ヨくとい険	
0x1364B8	6	FB	1	ペけとい峨	
0x13B398	6	FF	1	餌づヴペン	
0x13D358	6	FF	1	満塁だと	
0x13DFBC	6	FC	1	ト）とい６あ	
0x13FEA0	6	FF	1	りＱというァ	
0x142862	6	FA	1	めいいいコＷ	
0x142870	6	FA	1	Ｗコいいいめ	
0x142889	6	FA	1	ゾめゥゥめゾ	
0x142A44	6	FA	1	モネチトマラ	
0x1438B2	6	F8C1	1	ひいご１ひい	
0x145AD2	6	F8BA	1	ひい６プひい	
0x0BDD6D	5	FE	1	ァＲ温が	
0x0BDEE9	5	FE	1	ァＲ姥が	
0x0BDFDD	5	FD	1	たペ）ぢん	
0x0BE11D	5	FD	1	たペ）じじ	
0x0BE1E1	5	FD	1	ぃペ）ぜル	
0x0BE239	5	FD	1	ぃペ）れル	
0x0BE26D	5	FD	1	たペ）プを	
0x0BE3AD	5	FD	1	たペ）ブざ	
0x0BE4E1	5	FE	1	たペ）いを	
0x0BE6F9	5	FE	1	みペ）ぼり	
0x0BE851	5	FE	1	たペ）よわ	
0x0BE881	5	FE	1	たペ）はわ	
0x0BF85D	5	FE	1	ァＲ姐ぇ	
0x0BF8C9	5	FD	1	ぃペ）ャモ	
0x0BF921	5	FD	1	ぃペ）ミモ	
0x0BFB05	5	FD	1	たペ）Ｙょ	
0x0BFC39	5	FE	1	たペ）わら	
0x0BFE15	5	FE	1	みペ）ォめ	
0x0BFED9	5	FE	1	たペ）ォよ	
0x0C0E0D	5	FE	1	ァＲ縁わ	
0x0C0E79	5	FD	1	ぃペ）はホ	
0x0C0ED1	5	FD	1	ぃペ）えホ	
0x0C0F05	5	FD	1	たペ）ルめ	
0x0C10A1	5	FD	1	たペ）スぇ	
0x0C1529	5	FE	1	たペ）騰	
0x0C1841	5	FE	1	ァＲ粟れ	
0x0C18AD	5	FD	1	ぃペ）ゴヒ	
0x0C1905	5	FD	1	ぃペ）ラヒ	
0x0C196D	5	FE	1	たペ）／ま	
0x0C19B9	5	FE	1	たペ）べヒ	
0x0C1A61	5	FD	1	たペ）宵	
0x0C1B45	5	FE	1	たペ）ノま	
0x0C1DF5	5	FE	1	たペ）Ｒほ	
0x0C1ED1	5	FE	1	たペ）ャほ	
0x0C21D9	5	FD	1	みペ）×ノ	
0x0C2205	5	FD	1	みペ）…ノ	
0x0C23D1	5	FE	1	ァＲ移ら	
0x0C3045	5	FE	1	ァＲ或や	
0x0C3175	5	FD	1	たペ）×の	
0x0C332D	5	FD	1	たペ）Ｏる	
0x0C3545	5	FE	1	たペ）拐	
0x0C3621	5	FE	1	たペ）Ｇね	
0x0C3A65	5	FE	1	たペ）ポぬ	
0x0C3AA9	5	FE	1	たペ）ズぬ	
0x0C3AE1	5	FE	1	たペ）ゥぬ	
0x0C3B25	5	FE	1	律いキい	
0x0C3B5D	5	FE	1	ぽペ）マわ	
0x0C42F1	5	FE	1	みペ）ぴち	
0x0C47BD	5	FE	1	みペ）はた	
0x0C4DD7	5	FE	1	こおむァ（	
0x0C516D	5	FE	1	ァＲ温ひ	
0x0C51D9	5	FD	1	ぃペ）だス	
0x0C5231	5	FD	1	ぃペ）わス	
0x0C53ED	5	FC	1	ぃペ）さペ	
0x0C540D	5	FE	1	みペ）レや	
0x0C5719	5	FC	1	ぃペ）ぜプ	
0x0C5841	5	FC	1	ぃペ）ま	
0x0C595D	5	FE	1	ァＲ引あ	
0x0C5989	5	FE	1	ァＲ臆の	
0x0C59F9	5	FD	1	ぃペ）ぐサ	
0x0C5A4D	5	FD	1	ぃペ）ゆサ	
0x0C5A81	5	FD	1	たペ）ブそ	
0x0C5AC9	5	FD	1	みペ）ポサ	
0x0C5AF5	5	FD	1	みペ）デサ	
0x0C5B1D	5	FD	1	みペ）ゲサ	
0x0C5B45	5	FD	1	みペ）ゥサ	
0x0C5DA9	5	FE	1	みペ）プこ	
0x0C6079	5	F83E	1	みペ）減	
0x0C60E5	5	FE	1	みペ）。け	
0x0C61D1	5	FE	1	みペ）ヅけ	
0x0C6215	5	FE	1	覆ズぢい	
0x0C6425	5	FE	1	たペ）ぅす	
0x0C6B74	5	FE	1	ミぜを技	
0x0C6DB9	5	FF	1	りないねけ	
0x0C6F75	5	FE	1	ぃペ）ゆ３	
0x0C72D9	5	FD	1	ぃペ）いオ	
0x0C732D	5	FD	1	ぃペ）粧	
0x0C7BA1	5	FE	1	ァＲ娃い	
0x0C7BCD	5	FE	1	ァＲ維ち	
0x0C8141	5	FE	1	みペ）をの	
0x0C8351	5	FC	1	たペ）ぇヂ	
0x0C8715	5	FC	1	たペ）ぞダ	
0x0C8879	5	FC	1	たペ）液	
0x0C89A5	5	FC	1	たペ）パゾ	
0x0C8AE9	5	FC	1	たペ）ぱゾ	
0x0C8C09	5	FC	1	たペ）えゾ	
0x0C96BD	5	FC	1	たペ）キジ	
0x0C9815	5	FC	1	たペ）あジ	
0x0C990D	5	FC	1	たペ）Ｘザ	
0x0C9A51	5	FC	1	たペ）メザ	
0x0C9B71	5	FC	1	たペ）れザ	
0x0C9D11	5	FC	1	たペ）Ｗゴ	
0x0C9D3D	5	FC	1	たペ）Ｌゴ	
0x0C9E4D	5	FC	1	たペ）モゴ	
0x0C9E79	5	FC	1	たペ）ネゴ	
0x0CA635	5	FE	1	ァＲ怨か	
0x0CA6A1	5	FD	1	ぃペ）たび	
0x0CA7F9	5	FE	1	みペ）つき	
0x0CA8B5	5	FD	1	たペ）クし	
0x0CAD91	5	FE	1	ァＲ屋え	
0x0CADFD	5	FD	1	ぃペ）ぎど	
0x0CAE55	5	FD	1	ぃペ）もど	
0x0CB001	5	FD	1	たペ）ッこ	
0x0CB080	5	F813	1	タドくいＩ	
0x0CB5F1	5	FE	1	ァＲ塩い	
0x0CB609	5	FE	1	ァＲ淫い	
0x0CB711	5	FD	1	ぃペ）璋	
0x0CB765	5	FD	1	ぃペ）／ぢ	
0x0CB96D	5	FD	1	たペ）れく	
0x0CC21B	5	FE	1	こェあテ（	
0x0CC678	5	FC	1	２じ校	
0x0CC6C0	5	FE	1	ミァＲ亜	
0x0CC831	5	FE	1	たペ）Ａず	
0x0CC93D	5	FD	1	たペ）ゅえ	
0x0CD115	5	FF	1	たペ）ぇ	
0x0CD1FB	5	FE	1	こォあト（	
0x0CDD99	5	FD	1	ァＲ央し	
0x0CDDAD	5	FD	1	ァＲ塩し	
0x0CDDCD	5	FD	1	ァＲ猿し	
0x0CDE4D	5	FD	1	ぃペ）ゆぐ	
0x0CDEA5	5	FD	1	ぃペ）そぐ	
0x0CDFD8	5	FC	1	６むズおい	
0x0CE96D	5	FD	1	ぃペ）スょ	
0x0CE9C1	5	FD	1	ぃペ）びょ	
0x0CEA89	5	FC	1	みペ）Ｆょ	
0x0CFD91	5	FD	1	ぃペ）エぇ	
0x0CFDE5	5	FD	1	ぃペ）ずぇ	
0x0D00A1	5	FD	1	ぃペ）さが	
0x0D08B5	5	FD	1	ぃペ）グぁ	
0x0D0909	5	FD	1	ぃペ）ヨぁ	
0x0D11AB	5	FC	1	）おあピ・	
0x0D221D	5	FD	1	たペ）ゾを	
0x0D238D	5	FD	1	ぃペ）Ｅグ	
0x0D239D	5	FD	1	ぃペ）Ａグ	
0x0D2841	5	FD	1	ぃペ）ェギ	
0x0D297F	5	FF	1	はいた、・	
0x0D2989	5	FF	1	ぃペ）ぅモ	
0x0D2AD0	5	FF	1	くぜを管	
0x0D2F15	5	FD	1	ァＲ夏て	
0x0D2F5D	5	FC	1	ぃペ）どろ	
0x0D2F99	5	FD	1	みペ）ぴわ	
0x0D34E1	5	FD	1	ぃペ）サュ	
0x0D34F5	5	FD	1	ぃペ）カュ	
0x0D3D0D	5	FD	1	覆ズぶい	
0x0D3E99	5	FD	1	ぃペ）殖	
0x0D3EA9	5	FD	1	ぃペ）喚	
0x0D3F6D	5	FD	1	ぃペ）Ｍォ	
0x0D3F7D	5	FD	1	ぃペ）Ｉォ	
0x0D408D	5	FD	1	ぃペ）ミォ	
0x0D40A1	5	FD	1	ぃペ）ヒォ	
0x0D40DD	5	FD	1	ぃペ）シォ	
0x0D40F1	5	FD	1	ぃペ）キォ	
0x0D4109	5	FD	1	ぃペ）アォ	
0x0D429D	5	FD	1	ぃペ）室	
0x0D42B1	5	FD	1	ぃペ）・ェ	
0x0D44ED	5	FD	1	ぃペ）クェ	
0x0D44FD	5	FD	1	ぃペ）エェ	
0x0D48BD	5	FD	1	ぃペ）トゥ	
0x0D48D1	5	FD	1	ぃペ）ソゥ	
0x0D4DB5	5	FD	1	ぃペ）よィ	
0x0D4DD1	5	FD	1	ぃペ）まィ	
0x0D5051	5	FD	1	ぃペ）まや	
0x0D58BB	5	FC	1	はォちゼ・	
0x0D6055	5	FD	1	ぃペ）ほみ	
0x0D6505	5	FF	1	ぃペ）❤へ	
0x0D6555	5	FD	1	ぃペ）・ほ	
0x0D6569	5	FD	1	ぃペ）『ほ	
0x0D657D	5	FD	1	ぃペ）」ほ	
0x0D6C19	5	F84F	1	ぃペ）をへ	
0x0D6C41	5	FD	1	ぃペ）もへ	
0x0D6E49	5	FD	1	ぃペ）ポふ	
0x0D6FD1	5	FD	1	ぃペ）ずふ	
0x0D6FE5	5	FD	1	ぃペ）ぐふ	
0x0D6FF9	5	FD	1	ぃペ）ゃふ	
0x0D7B99	5	FD	1	ぃペ）ぴの	
0x0D85F9	5	FF	1	ぃペ）Ｊに	
0x0D8621	5	FD	1	ぃペ）９に	
0x0D87F5	5	FD	1	ぃペ）ゅに	
0x0D8E01	5	FD	1	みペ）くそ	
0x0D8EB5	5	FE	1	たペ）フつ	
0x0D980D	5	F84F	1	たペ）にた	
0x0DC8B5	5	FF	1	ぃペ）『だ	
0x0DC915	5	FF	1	ぃペ）Ｖだ	
0x0DD945	5	FD	1	だい狐ア	
0x0E0385	5	FD	1	律いィぬ	
0x0E06D0	5	FD	1	くぜを棋	
0x0E1A0D	5	FF	1	ぃペ）たぷ	
0x0E1A1D	5	FD	1	ぃペ）しぷ	
0x0E3A81	5	FD	1	ぃペ）令	
0x0E515D	5	FD	1	かペ）えオ	
0x0E647C	5	FF	1	くぜを崖	
0x0E779D	5	FC	1	たペ）ぇ！	
0x0E77D5	5	FC	1	みペ）セ」	
0x0E77E5	5	FC	1	みペ）コ」	
0x0E7869	5	FC	1	みペ）ホ」	
0x0E7909	5	FC	1	ぃペ）ヨ「	
0x0E7E05	5	FC	1	ぃペ）の…	
0x0E7E31	5	FC	1	ぃペ）わ…	
0x0E7E61	5	FC	1	ぃペ）み…	
0x0E7E8D	5	FC	1	ぃペ）な…	
0x0E7ED9	5	FC	1	みペ）パ…	
0x0E8005	5	FD	1	たペ）おな	
0x0E92F1	5	FC	1	たペ）ス、	
0x0E9E83	5	FB	1	ギあたゥ（	
0x0EC139	5	FD	1	かペ）すぎ	
0x0EC155	5	FD	1	かペ）×パ	
0x0EC1C1	5	FA	1	あ！）チま	
0x0EC1F9	5	FA	1	あ。）ウま	
0x0EC219	5	FA	1	あ！）ぼま	
0x0EC255	5	FA	1	あ。）ごま	
0x0EC2B1	5	FD	1	かペ）Ｄが	
0x0EC2CD	5	FD	1	かペ）ヴパ	
0x0EC84D	5	FD	1	いペ）まボ	
0x0ECB31	5	FA	1	あ！）おへ	
0x0ECB95	5	FD	1	えペ）ぴベ	
0x0ECED1	5	FF	1	律いオお	
0x0ED66B	5	FF	1	ここあビ・	
0x0EEB59	5	FD	1	どペ）らし	
0x0EF56C	5	FC	1	くぜを机	
0x0F0569	5	FC	1	たペ）フり	
0x0F1825	5	FF	1	あゼ・ズ❤	
0x0F1E4B	5	FF	1	こうみペ）	
0x0F2789	5	FC	1	あダ・ょろ	
0x0F27CD	5	FC	1	あダ・よろ	
0x0F2825	5	FC	1	あダ・たろ	
0x0F2A59	5	FC	1	あダ・ェれ	
0x0F2A7D	5	FC	1	あダ・レれ	
0x0F38CD	5	FC	1	ミペ）クゼ	
0x0F3D2A	5	FB	1	こいペャあ	
0x0F5F55	5	F88F	1	たペ）しず	
0x0F91C9	5	FC	1	ぃペ）Ｖダ	
0x0F9201	5	FC	1	ぃペ）Ｈダ	
0x0F96AD	5	FC	1	たペ）ョゾ	
0x0F971D	5	F830	1	たペ）フゾ	
0x0F9755	5	FC	1	ぃペ）セゾ	
0x0F9ED5	5	FC	1	ぃペ）ンズ	
0x0FA065	5	FC	1	ぃペ）はズ	
0x0FA091	5	FE	1	ぃペ）そズ	
0x0FA0BD	5	FC	1	ぃペ）えズ	
0x0FA661	5	FC	1	ぃペ）ベザ	
0x0FA72D	5	FC	1	ぃペ）ネザ	
0x0FAB19	5	FC	1	ぃペ）ヘゴ	
0x0FAB45	5	FC	1	ぃペ）ツゴ	
0x0FAB71	5	FC	1	ぃペ）キゴ	
0x0FABF5	5	FC	1	ぃペ）ゅゴ	
0x0FC213	5	F88F	1	こいたェ（	
0x0FCB27	5	FF	1	Ｏいねペ）	
0x0FFC73	5	FF	1	』えたャ（	
0x1004E5	5	FE	1	覆ズ窄	
0x1012CF	5	FF	1	源たペ）	
0x102D9F	5	FC	1	ギえぽィ（	
0x1034A7	5	F803	1	ギえタィ（	
0x104E5B	5	F84F	1	』きたィ（	
0x10504D	5	FC	1	タペ）つょ	
0x105119	5	FC	1	たペ）てょ	
0x105195	5	FC	1	たペ）焙	
0x10529D	5	FC	1	たペ）Ｇゅ	
0x1052E5	5	FC	1	たペ）ペゅ	
0x10543A	5	FF	1	ぽ）けあィ	
0x105440	5	FF	1	Ｅぽァおお	
0x1054F1	5	FC	1	タペ）骸	
0x1055B9	5	FC	1	たペ）御	
0x1056C5	5	FC	1	たペ）６ゃ	
0x10573D	5	FC	1	たペ）ギゃ	
0x105785	5	FC	1	たペ）リゃ	
0x10C9C7	5	FA	1	はけたィ（	
0x10D61B	5	F843	1	具あゥ（	
0x10D643	5	F843	1	具あィ（	
0x10E8FF	5	FC	1	愚ちゾ・	
0x10EDCF	5	FC	1	具あゼ・	
0x1122EB	5	FF	1	８えたェ・	
0x112427	5	FF	1	はくい、お	
0x11266C	5	F88F	1	しめ…おい	
0x114D28	5	FD	1	」Ｇといあ	
0x118ADE	5	FC	1	アてうたォ	
0x118AE4	5	FC	1	ヒるＶおう	
0x11A24F	5	FF	1	傑ほぽ）	
0x11B09B	5	FF	1	こえたゲ・	
0x11B0DF	5	FF	1	こえみェ・	
0x11CB8C	5	FD	1	ミァＲ愛	
0x11CB98	5	FE	1	ミァＲ焔	
0x11EB1D	5	FB	1	ぽペ）セ。	
0x11ED67	5	FB	1	原たペ）	
0x11F6F3	5	FF	1	べしぃザ（	
0x12103F	5	F88F	1	はきたィ（	
0x127074	5	F830	1	うＵぱ（い	
0x1271CC	5	F800	1	くょかいそ	
0x127E84	5	F860	1	Ｕそペ）わ	
0x12F334	5	FC	1	えくない」	
0x12F348	5	FE	1	２こないそ	
0x130D56	5	FF	1	ぁ）ズ俄	
0x13124E	5	FF	1	くおくきか	
0x131360	5	FF	1	いあああＦ	
0x1313BF	5	FC	1	ちうあこう	
0x1313CE	5	FC	1	もうあしあ	
0x1313DD	5	FC	1	のうあくう	
0x1313E6	5	FC	1	といあこい	
0x1318A9	5	FF	1	あいう。き	
0x13203F	5	FF	1	いたぃさえ	
0x132070	5	FF	1	みびぃつえ	
0x1320A1	5	FF	1	みァぃねさ	
0x1320CB	5	FF	1	みＭぃねつ	
0x1329F9	5	FF	1	くバけきう	
0x132FA4	5	FF	1	くペけえう	
0x133030	5	FF	1	ぽペけえう	
0x13340B	5	FF	1	みタがしえ	
0x133427	5	FF	1	みＥがしく	
0x13396F	5	FF	1	ああたみネ	
0x134114	5	FF	1	てくとくて	
0x13412C	5	FF	1	っうぉうっ	
0x134138	5	FF	1	エくオくエ	
0x134150	5	FF	1	えこおこえ	
0x134168	5	FF	1	だほぢくぢ	
0x134174	5	FF	1	えからかり	
0x134192	5	FF	1	ケおァかァ	
0x134198	5	FF	1	いくうくい	
0x1341B0	5	FF	1	えかへかほ	
0x1341B6	5	FF	1	ぎうぐうぐ	
0x1341C8	5	FF	1	かかたかち	
0x1341CE	5	FF	1	じかへかほ	
0x1341D4	5	FF	1	ザくジくジ	
0x1341E6	5	FF	1	カくキくカ	
0x13420C	5	FE	1	ダくヂくヂ	
0x13422C	5	FE	1	ホかマかマ	
0x134234	5	FE	1	どえばえば	
0x13423C	5	FE	1	ちかつかつ	
0x134244	5	FE	1	ぢかづかづ	
0x13424C	5	FE	1	やかゆかゆ	
0x13425C	5	FE	1	むかめかめ	
0x134264	5	FE	1	いいうええ	
0x134284	5	FE	1	ぃかぅかぅ	
0x13428C	5	FE	1	ゅうょうょ	
0x13429C	5	FE	1	ぱいぴいぼ	
0x1342A4	5	FE	1	イかウおウ	
0x1342AC	5	FE	1	まかみかむ	
0x1342BC	5	FE	1	ぉかっかっ	
0x1342C4	5	FE	1	けかこかこ	
0x1342D4	5	FE	1	ぬ…ぬ…ぬ	
0x1342EC	5	FE	1	ヤかユかユ	
0x1342F4	5	FE	1	ツかテかテ	
0x1342FC	5	FE	1	ひかふかふ	
0x134304	5	FE	1	ボくパくパ	
0x13430C	5	FE	1	ぱえぴえぼ	
0x134314	5	FE	1	れかろかろ	
0x13431C	5	FE	1	ぜかぞかぞ	
0x134334	5	FE	1	ぃかたうち	
0x134344	5	FE	1	そえちとち	
0x134364	5	FE	1	ィかゥかゥ	
0x13436C	5	FE	1	うかえかえ	
0x134374	5	FE	1	ぱあぴあぼ	
0x13437C	5	FE	1	をかんかん	
0x13438C	5	FE	1	ネかノかノ	
0x134394	5	FE	1	そえたとた	
0x1343AC	5	FE	1	ねかのかの	
0x1343BC	5	FE	1	ビくブくブ	
0x1343C4	5	FE	1	けおこここ	
0x1343DC	5	FE	1	ォかッかッ	
0x1343E4	5	FE	1	シかスかス	
0x1343EC	5	FE	1	ぎかぐかぐ	
0x13481B	5	FF	1	む」ヴ」ヴ	
0x134821	5	FF	1	むレあ／ロ	
0x13485F	5	FF	1	ぬただレあ	
0x134881	5	FF	1	ヴレあヴな	
0x1348BF	5	FF	1	ヴモぷーコ	
0x1348DF	5	FF	1	ヴただレあ	
0x134957	5	FC	1	ぉぜフぉ	
0x134977	5	FC	1	むハンＡン	
0x134ACF	5	FF	1	ヴヂツヂツ	
0x134C47	5	FF	1	ヴ苳おち	
0x13512F	5	FF	1	ヴずぐずぐ	
0x1351B9	5	FF	1	ヴズヴタう	
0x135207	5	FF	1	マ苳４ふ	
0x135247	5	FF	1	ヴ苳２み	
0x13526F	5	FF	1	ヴ網網	
0x135307	5	FF	1	ヴ苳７し	
0x1354C7	5	FD	1	ヲ苳チわ	
0x135587	5	FF	1	ヴ苳ッた	
0x1355C7	5	FF	1	ヴ苳ポみ	
0x1355EF	5	FF	1	ラ／あまあ	
0x13562F	5	FF	1	ヴモぷヂツ	
0x135645	5	FF	1	ヴモぷ（う	
0x1356C7	5	FF	1	ヴ苳ゥわ	
0x135707	5	FB	1	ヴ苳テみ	
0x1357A7	5	FF	1	ヴ苳６と	
0x135825	5	FF	1	ヴＨヴ（う	
0x135905	5	FF	1	ヴエヴ（う	
0x13590F	5	FF	1	んへせけや	
0x135A6F	5	FF	1	んへせペぽ	
0x135A9D	5	FF	1	ヴたあカだ	
0x135AA5	5	FB	1	イカだ（う	
0x135AFD	5	FF	1	ちたあウヴ	
0x135B17	5	FF	1	ヴまちまち	
0x135B22	5	FF	1	まちまちビ	
0x135B5D	5	FF	1	ヴべるＪカ	
0x135B65	5	FF	1	ヴＪカ（う	
0x135C41	5	FD	1	ぉレあフぉ	
0x135C57	5	FC	1	ぉヴばフぉ	
0x135C7F	5	FF	1	ヴＡンレあ	
0x135E99	5	F9	1	とヴのヴテ	
0x135F10	5	FF	1	れかといぽ	
0x136408	5	FF	1	ユすちおＢ	
0x136448	5	FF	1	ぃおといむ	
0x136450	5	FF	1	だきといに	
0x136458	5	FF	1	つかといと	
0x136460	5	FF	1	Ｑくといつ	
0x136468	5	FF	1	ォけといそ	
0x136470	5	FF	1	ふくといさ	
0x136478	5	FF	1	涛といく	
0x136480	5	FF	1	ぽけといえ	
0x1364C0	5	FB	1	つくとい／	
0x1364C8	5	FB	1	はかとい！	
0x1364D0	5	FB	1	ギかといァ	
0x13D10E	5	FF	1	のせられて	
0x13DF0C	5	FC	1	！１といり	
0x13DFB0	5	FC	1	ペ「といタ	
0x13DFEC	5	FC	1	タ」といタ	
0x13E028	5	FC	1	み＋といタ	
0x13E0FF	5	F868	1	い」ネみい	
0x13E657	5	F841	1	いＩょまい	
0x13EB17	5	FF	1	コりＱとい	
0x13EE94	5	F83E	1	ＱわまいＵ	
0x13F65C	5	F82C	1	がＣという	
0x13F680	5	F82C	1	ねＤという	
0x13F6A4	5	F82C	1	バＨという	
0x13F6C8	5	F82C	1	ねＮという	
0x13F6EC	5	F82C	1	シ・といか	
0x13F710	5	F82C	1	杓といか	
0x13F734	5	F82C	1	わ２といあ	
0x13F77C	5	F82C	1	ボ１といあ	
0x13F7A0	5	F82C	1	Ｉ１といあ	
0x13F7C4	5	F82C	1	６１といあ	
0x13F7E8	5	F82C	1	ト×といか	
0x13F80C	5	F82C	1	ト❤といか	
0x13F830	5	F82C	1	拝といあ	
0x13F854	5	F82C	1	Ｕ１といあ	
0x13F878	5	F82C	1	ト（といか	
0x13F89C	5	F82C	1	フ２といか	
0x13F8C0	5	F82C	1	ぱ３といか	
0x13F8E4	5	F82C	1	ワ４といか	
0x13F908	5	F82C	1	ト／といか	
0x13F92C	5	F82C	1	Ａ３といか	
0x13F950	5	F82C	1	シ救いか	
0x13F974	5	F82C	1	Ｑ３といか	
0x13F998	5	F82C	1	ご４といか	
0x13F9BC	5	F82C	1	ト・といか	
0x140318	5	FF	1	ぱ短いけ	
0x14034C	5	FC	1	と短いけ	
0x140380	5	FC	1	ぃ短いけ	
0x1403B4	5	FC	1	（責いけ	
0x14272D	5	FA	1	メいいめゾ	
0x143B63	5	FC	1	い！ゾひい	
0x0C0C45	4	FF	1	た（うァ	
0x0C0CD0	4	FF	1	ァしい	
0x0C1315	4	FE	1	覆ズ。	
0x0C16EC	4	F816	1	ね…てい	
0x0C1A96	4	FE	1	プなばぃ	
0x0C1B06	4	FE	1	ペ）ッっ	
0x0C1E2A	4	FD	1	ゴ姦る	
0x0C20EE	4	FF	1	セ）媚	
0x0C2141	4	FF	1	覆ズ１	
0x0C237D	4	FE	1	覆ズか	
0x0C260D	4	FD	1	じ坐	
0x0C33C5	4	F8EC	1	律いＭ	
0x0C438A	4	FE	1	ペ）こよ	
0x0C5141	4	FE	1	ァＲ沖	
0x0C52E1	4	FD	1	あペ）う	
0x0C538D	4	FF	1	だペ）あ	
0x0C5665	4	FD	1	むェ・お	
0x0C56B9	4	FD	1	イペ）あ	
0x0C6492	4	FE	1	ペ）むり	
0x0C651E	4	FF	1	ペ）ダあ	
0x0C66BA	4	FF	1	ペ）わあ	
0x0C67F6	4	FD	1	ペ）びら	
0x0C6B64	4	FE	1	が…てい	
0x0C6B86	4	FE	1	ペ）トよ	
0x0C6DD5	4	F84F	1	タペ）け	
0x0C6DF1	4	FE	1	ァペ）け	
0x0C6DF6	4	FE	1	ペ）ばぬ	
0x0C6E35	4	FE	1	みペ）か	
0x0C7129	4	FF	1	覆ズぢ	
0x0C76F5	4	F84F	1	ミＸおき	
0x0C7955	4	FD	1	覆ズエ	
0x0C7B7D	4	FE	1	ァＲ畏	
0x0C7BD5	4	FE	1	ァＲ逢	
0x0C7FB9	4	FF	1	たで（ィ	
0x0C911D	4	FE	1	ァＲ娃	
0x0CA355	4	FE	1	たぷ（ィ	
0x0CA4A9	4	FD	1	ァＲ衣	
0x0CA6FD	4	FD	1	たペ）ロ	
0x0CAABD	4	FE	1	ぅェ（あ	
0x0CABD9	4	FE	1	たペ）づ	
0x0CAE89	4	FD	1	たペ）バ	
0x0CB2C9	4	FE	1	たペ）ョ	
0x0CB5F9	4	FE	1	ァＲ葵	
0x0CB619	4	FE	1	ァＲ穐	
0x0CB7C5	4	FF	1	たペ）ぶ	
0x0CB9A2	4	FE	1	プなォく	
0x0CC1E5	4	FB	1	律いわ	
0x0CC3CE	4	FD	1	ア）ぜ	
0x0CC6E1	4	FD	1	ァＲ浦	
0x0CC9F4	4	FD	1	ワしい	
0x0CCA51	4	FB	1	ヌプなき	
0x0CCE51	4	FE	1	テプなき	
0x0CCF51	4	FE	1	ツプなき	
0x0CDDE1	4	FD	1	ァＲ凹	
0x0CE11C	4	FD	1	タドくい	
0x0CE848	4	FD	1	ぜじさい	
0x0CF459	4	FB	1	娑舷	
0x0CF812	4	FE	1	といキい	
0x0CFEF2	4	FF	1	ペ）ガあ	
0x0D0149	4	FE	1	むゾ・し	
0x0D12CD	4	FD	1	ァＲ印	
0x0D1FCD	4	FA	1	辰険	
0x0D2BFD	4	FD	1	ぽペ「い	
0x0D2D89	4	FD	1	ぽペ「あ	
0x0D2EF2	4	FD	1	ペ）急	
0x0D3185	4	FD	1	ぜペ）と	
0x0D5A79	4	FC	1	ァＲ嘉	
0x0D5D0D	4	FC	1	ァＲ哀	
0x0D69D9	4	FF	1	覆ズじ	
0x0D8C4E	4	FF	1	ぽ）投	
0x0DA4ED	4	F881	1	ぃぢ（う	
0x0DA88D	4	FD	1	あゼ・え	
0x0DA8CD	4	FD	1	覆ズテ	
0x0DADE9	4	FD	1	ァＲ映	
0x0DAE15	4	FD	1	ァＲ胤	
0x0DBEF5	4	FD	1	たヂ・っ	
0x0DC1CE	4	F88F	1	ペ）聯	
0x0DC1FA	4	F88F	1	ペ）いテ	
0x0DC6BA	4	FD	1	ペ）ブセ	
0x0DE31A	4	FD	1	Ｖな臨	
0x0DE851	4	FF	1	クい現	
0x0DE88A	4	FF	1	Ｖなドぐ	
0x0DEDF5	4	FD	1	ぃペてへ	
0x0DEEDD	4	FD	1	ァＲ宇	
0x0DF285	4	FC	1	覆ズナ	
0x0DFB55	4	FF	1	た、ヅあ	
0x0E0695	4	F9	1	よい険	
0x0E0755	4	FD	1	ァＲ挨	
0x0E0C46	4	FA	1	ぽ）ぜ	
0x0E2A65	4	FF	1	みペ「も	
0x0E4D09	4	FC	1	ぜぷ（さ	
0x0E4E6A	4	FC	1	ペ）梱	
0x0E4EB9	4	FC	1	ぽペ）き	
0x0E508A	4	F840	1	だ（マぉ	
0x0E50B6	4	F880	1	ぞ（トぉ	
0x0E50E2	4	F880	1	ぞ（ケぉ	
0x0E5106	4	FD	1	だ（ぽぉ	
0x0E512A	4	FD	1	だ（ばぉ	
0x0E514E	4	FD	1	だ（じぉ	
0x0E5E91	4	FF	1	みタＧあ	
0x0E6C25	4	FD	1	ァＲ茨	
0x0E6C45	4	FD	1	ァＲ杏	
0x0E7231	4	FD	1	覆ズお	
0x0E72D9	4	FD	1	ァＲ温	
0x0E7641	4	FF	1	みゥ（あ	
0x0E82AD	4	FF	1	みガ・ぢ	
0x0E83C5	4	FF	1	みョ・づ	
0x0E8479	4	FF	1	みョ・で	
0x0E919E	4	FF	1	エ）ぜ	
0x0E9391	4	F84F	1	タペてあ	
0x0E98A9	4	FF	1	あィ（こ	
0x0EA761	4	F9	1	おい険	
0x0EAB71	4	FA	1	ちプ３い	
0x0EB015	4	FF	1	たゥＪぃ	
0x0EB074	4	FF	1	ぜをさい	
0x0EBA69	4	FD	1	ぽペ）ぜ	
0x0EBD15	4	FD	1	ぜペ）さ	
0x0EBEE9	4	FD	1	せペ）す	
0x0EBFF1	4	FD	1	ムヅ・い	
0x0EC012	4	FD	1	づ（ゴぬ	
0x0EC02A	4	FD	1	び（ュぬ	
0x0EC042	4	FD	1	び（ィぬ	
0x0EC0BE	4	FB	1	ぞ（ツぬ	
0x0EC0E2	4	FD	1	だ（ケぬ	
0x0EC106	4	FC	1	だ（ぽぬ	
0x0EC12A	4	FD	1	だ（ばぬ	
0x0EC201	4	FD	1	えあ（デ	
0x0EC209	4	FD	1	たぞ（と	
0x0EC272	4	FD	1	ペ）ぬ	
0x0EC27E	4	FD	1	ペ）僕	
0x0EC285	4	FD	1	ミペ）く	
0x0EC28A	4	FD	1	ペ）箪	
0x0EC291	4	FD	1	タペ）く	
0x0EC296	4	FD	1	ペ）鮫	
0x0EC9D6	4	FD	1	だ（ふな	
0x0ECA92	4	FC	1	だ（緒	
0x0ECB39	4	FD	1	こあ（デ	
0x0ECC6D	4	FD	1	ァペ）ね	
0x0ECCEE	4	FD	1	ペ）デふ	
0x0ECD72	4	FD	1	ペ）山	
0x0ECD7E	4	FD	1	ペ）メふ	
0x0ECDB9	4	FF	1	たペ）い	
0x0ED001	4	FF	1	ぞダ・あ	
0x0ED006	4	FF	1	だ（ズて	
0x0ED0B5	4	FD	1	みだ（ほ	
0x0ED129	4	FD	1	みだ（と	
0x0ED199	4	FD	1	みだ（こ	
0x0ED92D	4	FF	1	たゼおう	
0x0EDB0E	4	FC	1	だ（マド	
0x0EDB46	4	FC	1	だ（チド	
0x0EDBD6	4	FC	1	ペ）ざド	
0x0EDE9D	4	FF	1	たゥＪズ	
0x0EEA0E	4	FD	1	ペ）ピし	
0x0EEA1A	4	FD	1	ペ）ベし	
0x0EEA21	4	FD	1	たォ（お	
0x0EEA31	4	FD	1	タペ）お	
0x0EEA36	4	FD	1	ペ）ヂし	
0x0EEB42	4	FD	1	ペ）アし	
0x0EEB49	4	FD	1	ぜペ）ご	
0x0EED8A	4	F880	1	ぜ（もゼ	
0x0EEDBE	4	FC	1	ィ（にゼ	
0x0EEDD5	4	FC	1	ミペぅき	
0x0F0209	4	FF	1	みィ・ほ	
0x0F03CD	4	F84F	1	ペペ）ひ	
0x0F054D	4	FC	1	ぜペ）リ	
0x0F098D	4	F810	1	覆ズ４	
0x0F0EDC	4	FF	1	クチこい	
0x0F1111	4	FC	1	覆ズめ	
0x0F1D84	4	FD	1	ユつＺお	
0x0F5949	4	FC	1	ペペ）え	
0x0F594E	4	FC	1	ペ）レム	
0x0F59C1	4	FC	1	ぜペ）ざ	
0x0F5ABD	4	FC	1	ぜペ）こ	
0x0F5B06	4	FC	1	ペ）ムラ	
0x0F5B1A	4	FC	1	ペ）フラ	
0x0F5B8A	4	FC	1	ゥ（ぽラ	
0x0F5BF1	4	FC	1	いァたづ	
0x0F5EC6	4	F81C	1	ペ）づを	
0x0F61B2	4	F88F	1	もぜズは	
0x0F6351	4	FC	1	ツィ（ウ	
0x0F63C1	4	FC	1	ツィ（ょ	
0x0F640D	4	FC	1	ツィ（や	
0x0F6459	4	FC	1	ツィ（ち	
0x0F64A5	4	FC	1	ツィ（え	
0x0F699E	4	FC	1	ペ）ニヘ	
0x0F69C2	4	FC	1	ペ）スヘ	
0x0FB1AA	4	FF	1	ケ）ゴあ	
0x0FB2BD	4	FE	1	ぽペ）ヲ	
0x0FB6D5	4	FB	1	たぞ（ふ	
0x0FB9B2	4	FF	1	ァ（套	
0x0FB9C5	4	FB	1	ズペＶく	
0x0FB9EE	4	F88F	1	Ｒ雨え	
0x0FBA71	4	FF	1	タペうゅ	
0x0FBAC5	4	FE	1	タペＸそ	
0x0FBB99	4	FF	1	ミペ）け	
0x0FC1A2	4	FF	1	ゥ（墫	
0x0FC6AD	4	FF	1	アボ・お	
0x0FC9AE	4	FF	1	ぽ）窄	
0x0FD28A	4	FF	1	ペ）ェえ	
0x0FD4A6	4	FC	1	ペ）じニ	
0x0FD4CE	4	FF	1	ペ）ら	
0x0FD65A	4	FF	1	ペ）ゾニ	
0x0FD7FA	4	FC	1	ペ）ノナ	
0x0FD822	4	FF	1	ペ）みニ	
0x0FDB2E	4	FC	1	ペ）ボト	
0x0FDB56	4	FF	1	ペ）ウナ	
0x0FDE05	4	FF	1	覆ズＰ	
0x0FED9D	4	FC	1	覆ズん	
0x0FF30A	4	FC	1	ペ）セィ	
0x0FF4CD	4	FF	1	ぜペ１せ	
0x0FF67A	4	FF	1	ペ）ゥァ	
0x0FFD3D	4	FF	1	たチＧあ	
0x0FFF7E	4	FF	1	ペ）やあ	
0x10019E	4	FF	1	ペ）べお	
0x10022A	4	FF	1	ペ）らお	
0x1002A2	4	FF	1	ペ）けお	
0x100926	4	FC	1	ぽうぅあ	
0x100CD5	4	FC	1	覆ズを	
0x101325	4	FF	1	ふペ）く	
0x1017F1	4	FC	1	覆ズぁ	
0x101C9E	4	F84F	1	ぽうノい	
0x101D0E	4	F88F	1	ペ）娚	
0x101D82	4	FB	1	ペ）はう	
0x101E66	4	FC	1	ペ）ビど	
0x101F8A	4	FC	1	ペ）ぽど	
0x10233A	4	FB	1	ペ）オき	
0x1024F6	4	FB	1	ペ）ざあ	
0x102506	4	FB	1	ペ）ざ	
0x102592	4	F88F	1	ペ）にあ	
0x10267D	4	F88F	1	みゥ（う	
0x1027B9	4	F88F	1	ァガ（く	
0x10290A	4	F88F	1	ペ）ご	
0x102A42	4	FF	1	ペ）ざざ	
0x102A66	4	FC	1	ペ）っざ	
0x102C02	4	FC	1	だ（ぇぢ	
0x102D72	4	FC	1	ペ）いさ	
0x102DCD	4	FC	1	みビＪい	
0x10321E	4	FC	1	ぞ（どげ	
0x103225	4	FC	1	ミペ）お	
0x1032FE	4	FC	1	だ（モぞ	
0x1033D2	4	FC	1	ペ）じぞ	
0x10347A	4	FC	1	ペ）ぜけ	
0x1034D5	4	F803	1	みバＪい	
0x1035B2	4	FC	1	で（チぐ	
0x10368E	4	FC	1	で（ジぜ	
0x103832	4	FC	1	ぜ（よぜ	
0x103BE1	4	F84F	1	タペ）か	
0x103CBE	4	F88F	1	び（うず	
0x103D26	4	FC	1	ペ）嚇	
0x10410E	4	F843	1	だ（嫡	
0x1043B2	4	F883	1	だ（どざ	
0x10446E	4	FC	1	だ（ぬざ	
0x104D3C	4	FF	1	Ｙヌこい	
0x104DD1	4	F84F	1	ァヂなく	
0x105062	4	FC	1	ペ）すょ	
0x105076	4	FC	1	ペ）くょ	
0x105356	4	FC	1	ペ）ぁあ	
0x105376	4	FC	1	ペ）らあ	
0x105389	4	FC	1	ぽゥ（よ	
0x1053A2	4	FC	1	ペ）ふあ	
0x105429	4	FF	1	ぽッ（ふ	
0x105919	4	F88F	1	みペ１こ	
0x105929	4	F88F	1	みペ１か	
0x105C01	4	F84F	1	ぃペうく	
0x1061E9	4	FF	1	ふペ）え	
0x106455	4	F88F	1	ぃペ１へ	
0x106B11	4	FF	1	ぽペてし	
0x106F4A	4	FF	1	ペ）ホけ	
0x1070A9	4	FF	1	みペてそ	
0x10723D	4	F88F	1	たペ１み	
0x1072CD	4	F88F	1	みペ１み	
0x10735A	4	F805	1	ペ）たえ	
0x1073EE	4	F81F	1	ア）ぎあ	
0x10791D	4	F88F	1	覆ズば	
0x107B91	4	FF	1	ふペ）け	
0x107F19	4	FF	1	ぜペＨそ	
0x108052	4	FF	1	ペ）ぱか	
0x10805E	4	FF	1	ペ）ネか	
0x1080DA	4	FF	1	ペ）れか	
0x1080E6	4	FF	1	ペ）どか	
0x108162	4	FF	1	ペ）くか	
0x10816E	4	FF	1	ペ）やか	
0x10825E	4	FD	1	ペ）愛	
0x108362	4	FF	1	ペ）ョお	
0x108435	4	FF	1	べォ）え	
0x108742	4	FF	1	ペ）ミう	
0x109C66	4	F88F	1	ヅ謁ユ	
0x109DC6	4	FF	1	ズ萎ユ	
0x109E52	4	FF	1	ズ綾ユ	
0x109ECA	4	FF	1	ズ蚊ヤ	
0x109F56	4	FF	1	ズ伽ヤ	
0x109FE6	4	FF	1	ズ凹ヤ	
0x10A072	4	FF	1	ズ益ヤ	
0x10A0F6	4	FF	1	ズ蔚ヤ	
0x10A182	4	FF	1	ズ茨ヤ	
0x10A1FA	4	FF	1	ズ尉ヤ	
0x10A286	4	F801	1	ズ旭ヤ	
0x10A2FE	4	FF	1	ズ花モ	
0x10A38A	4	FF	1	ズ桶モ	
0x10A402	4	FF	1	ズ遠モ	
0x10A48E	4	FF	1	ズ頴モ	
0x10A51E	4	FF	1	ズ卯モ	
0x10A5AA	4	FF	1	ズ亥モ	
0x10A62E	4	FF	1	ズ案モ	
0x10A6BA	4	FF	1	ズ娃モ	
0x10A732	4	FF	1	ズ寡メ	
0x10A7BE	4	FF	1	ズ王メ	
0x10AE6A	4	FA	1	ド扱ム	
0x10AF26	4	FA	1	ド果ミ	
0x10B082	4	FA	1	ド詠ミ	
0x10B27A	4	FB	1	ズ堰ミ	
0x10B296	4	FB	1	ズ穐ミ	
0x10B76A	4	FA	1	ベ斡マ	
0x10BBB6	4	FA	1	ブ映ヘ	
0x10BC1E	4	F887	1	ゼ架ヘ	
0x10BD26	4	F887	1	ゼ演ヘ	
0x10C422	4	FA	1	ブ焔ヒ	
0x10C4DE	4	FA	1	ズ閏ヒ	
0x10C53A	4	FA	1	ゼ延ヒ	
0x10C5AA	4	FF	1	ャ（ユジ	
0x10C679	4	FF	1	あッ（こ	
0x10D56D	4	F843	1	覆ズご	
0x10ED61	4	FC	1	ァョ（け	
0x10EFD9	4	F88F	1	みゴゆあ	
0x10F1A2	4	FF	1	ュ（ラォ	
0x10F1F6	4	FF	1	ペ）トォ	
0x10F4BA	4	FB	1	ペ）プこ	
0x10F522	4	FB	1	ペ）ッこ	
0x10F5CA	4	FB	1	ペ）サこ	
0x10F632	4	FB	1	ペ）ぞこ	
0x10FA79	4	FF	1	いィＪあ	
0x10FA81	4	FF	1	いィ３の	
0x10FE1E	4	FF	1	ペ）横	
0x10FE6A	4	FF	1	ペ）ウお	
0x10FFDE	4	FF	1	ペ）テザ	
0x1102D2	4	FF	1	ペ）ぴゴ	
0x110652	4	FF	1	ペ）鄭	
0x110792	4	F806	1	ペ）わく	
0x1107A2	4	F806	1	ペ）姶	
0x11087A	4	FF	1	ペ）じき	
0x11101E	4	FF	1	ペ）継	
0x1117E5	4	F802	1	覆ズだ	
0x1119AA	4	FF	1	ペ）剥	
0x111B31	4	FF	1	覆ズポ	
0x11208D	4	FF	1	覆ズザ	
0x112836	4	FF	1	ウ）ぜ	
0x11317D	4	FC	1	ァＲ援	
0x1131A1	4	FC	1	ァＲ叡	
0x114BD9	4	FD	1	ぃペうさ	
0x114BF9	4	FD	1	ぃペＨう	
0x115345	4	FD	1	タペ）え	
0x11832A	4	FF	1	ョ（なタ	
0x118C0A	4	FF	1	ペ）べう	
0x118C12	4	FF	1	ペ）ペえ	
0x118D02	4	FF	1	ペ）ンあ	
0x118D8A	4	FF	1	ペ）シあ	
0x118E3E	4	FF	1	ペ）ゃう	
0x11908E	4	FF	1	ペ）ィう	
0x1190E6	4	FF	1	ペ）ヒう	
0x1192D2	4	FF	1	ペ）桃	
0x11A1DE	4	FF	1	ュ（ネク	
0x11A246	4	FF	1	ペ）ぽク	
0x11A7D9	4	FF	1	たゾ（く	
0x11ACFE	4	FF	1	ペ）ビあ	
0x11AE4E	4	FF	1	ペ）フへ	
0x11AEE6	4	FF	1	ペ）ぬま	
0x11B018	4	FF	1	がのゼお	
0x11B042	4	FF	1	ペ）ザつ	
0x11B08D	4	FF	1	たピ・え	
0x11B53A	4	FF	1	ペ）ヒお	
0x11B55A	4	FC	1	ペ）テお	
0x11B95E	4	FF	1	ペ）じい	
0x11B9BE	4	FF	1	ペ）ヅい	
0x11BA1E	4	FF	1	ペ）せい	
0x11BA8A	4	F817	1	ペ）李	
0x11BBE2	4	F817	1	ペ）パあ	
0x11BCA2	4	F817	1	ペ）ヘあ	
0x11BD0E	4	F817	1	ペ）イあ	
0x11BD22	4	F817	1	ペ）ぴあ	
0x11BDE2	4	F814	1	ペ）ゲあ	
0x11BE52	4	F814	1	ペ）ミあ	
0x11BEC2	4	F814	1	ペ）エあ	
0x11BF32	4	F814	1	ペ）があ	
0x11BF46	4	F814	1	ペ）ぉあ	
0x11C00A	4	F814	1	ペ）いあ	
0x11D0B4	4	F834	1	あぜペ）	
0x11D0E2	4	F834	1	キＦむあ	
0x11D0F1	4	F834	1	ぃペ１な	
0x11D155	4	F834	1	たペ１や	
0x11D215	4	FC	1	たペうひ	
0x11D24D	4	FC	1	たペＨす	
0x11D54A	4	FF	1	ペ）よか	
0x11DDB5	4	FC	1	みペＨす	
0x11DE95	4	FF	1	みペ１め	
0x11DFC2	4	FC	1	ペ）ろえ	
0x11E21A	4	FF	1	ペ）まえ	
0x11EE1D	4	FB	1	ぽぞ（こ	
0x11F874	4	FC	1	ユい。お	
0x11FF95	4	FA	1	ぷペうい	
0x120059	4	FE	1	くペ）い	
0x1202CA	4	FE	1	ペ）陳	
0x1206E6	4	FF	1	ペ）ヲえ	
0x120845	4	FC	1	たチＷォ	
0x12087D	4	FC	1	たチＷぱ	
0x120925	4	F84F	1	ァェ（い	
0x120C1D	4	FB	1	ぽォ（い	
0x120C49	4	FB	1	ぽェ（い	
0x120C75	4	FB	1	タェ（あ	
0x121195	4	FF	1	覆ズぬ	
0x122A15	4	FA	1	き。あい	
0x1245F4	4	FC	1	ぜ律い	
0x124ACD	4	FB	1	覆ズピ	
0x1256D6	4	FF	1	ョ（れろ	
0x125A06	4	FF	1	ュ（セれ	
0x125C1E	4	FC	1	ュ（ァる	
0x126000	4	FF	1	ズ２こい	
0x127212	4	F800	1	ズ丑ふ	
0x127246	4	FF	1	ズ稲ほ	
0x12727A	4	FF	1	ズ欝ね	
0x1272B2	4	FF	1	ズ印は	
0x12730E	4	FF	1	ズ逸こ	
0x127342	4	FF	1	ズ液し	
0x127376	4	FF	1	ズ液お	
0x1273AE	4	FF	1	ズ穏き	
0x127442	4	FF	1	ズ亜と	
0x127476	4	FF	1	ズ茄な	
0x1274AA	4	FF	1	ズ暇そ	
0x1274E2	4	FF	1	ズ化ち	
0x12762A	4	FF	1	ウＸヲあ	
0x1278E1	4	FF	1	みゥ（ミ	
0x1278EA	4	FF	1	ぜ（ぼぼ	
0x127ACD	4	FB	1	れゥ）ワ	
0x127B1D	4	FB	1	みゥ（ォ	
0x127BA2	4	FB	1	イ）我	
0x127F2D	4	F860	1	れゥ）ボ	
0x1281FA	4	FB	1	ぜ（きぶ	
0x128422	4	FF	1	ク）なあ	
0x128691	4	FF	1	れゥ）し	
0x12873D	4	FF	1	みョ（が	
0x128921	4	FF	1	あゾ・ま	
0x128971	4	FF	1	れゥ）え	
0x12AC91	4	FF	1	ァペてよ	
0x12B085	4	FF	1	れゥ）ク	
0x12B139	4	FF	1	れゥ）と	
0x12B1E5	4	FF	1	みェ（ぃ	
0x12B1EE	4	FF	1	ぜ（こざ	
0x12D6AA	4	FF	1	ブ闇き	
0x12D836	4	FF	1	ブ襖か	
0x12D9C2	4	FF	1	ブ隠か	
0x12DB5A	4	FF	1	ブ貨お	
0x12DE6A	4	FF	1	ブ易お	
0x12DFF6	4	FF	1	ブ恩え	
0x12E182	4	FF	1	ブ嘘え	
0x12E31A	4	FF	1	ブ茜え	
0x12E62A	4	FF	1	ブ亥う	
0x12E7B6	4	FF	1	ブ家い	
0x12E942	4	FF	1	ブ叡い	
0x12EADA	4	FF	1	ブ飴い	
0x12EDEA	4	FF	1	ブ員あ	
0x12F19D	4	FF	1	ゾゼ・ね	
0x12F411	4	FE	1	ぅボ・し	
0x12F41D	4	FE	1	むボ・く	
0x12F429	4	FE	1	ちボ・え	
0x12F442	4	FE	1	シ）険	
0x12F44A	4	FE	1	シ）峨	
0x12F691	4	FE	1	れゥ）っ	
0x12F6E1	4	FE	1	みゥ（ご	
0x12F789	4	FB	1	べォ）き	
0x12FA90	4	F88F	1	やらない	
0x130045	4	FE	1	覆ズセ	
0x1300D6	4	FF	1	バ縁い	
0x130191	4	FC	1	ぜペＶく	
0x1310D1	4	F8EC	1	いうあい	
0x1310D6	4	F8EC	1	いあえあ	
0x131A3D	4	FF	1	たくりけ	
0x131D86	4	FF	1	たたりけ	
0x1321C4	4	FF	1	くえァび	
0x1321D0	4	FF	1	うあくえ	
0x1321D7	4	FF	1	ういくえ	
0x132203	4	FF	1	けえァび	
0x13220F	4	FF	1	うあけえ	
0x132216	4	FF	1	ういけえ	
0x1325A7	4	FF	1	たあそす	
0x132664	4	FF	1	うあそす	
0x13266B	4	FF	1	ういつた	
0x13272F	4	FF	1	ちあたせ	
0x1327F3	4	FF	1	うあたせ	
0x1327FA	4	FF	1	ういつち	
0x1329CF	4	FF	1	くがおあ	
0x132C40	4	FF	1	みぽがせ	
0x132E1C	4	FF	1	たたあい	
0x132F8F	4	FF	1	くぜかあ	
0x13301B	4	FF	1	ぽクかあ	
0x1331CF	4	FF	1	ういねす	
0x1331D4	4	FF	1	たりすえ	
0x1332A1	4	FF	1	ういねせ	
0x1332A6	4	FF	1	たみせえ	
0x1333F0	4	FF	1	たがくえ	
0x1335D9	4	FF	1	ういせさ	
0x133813	4	FF	1	さかァび	
0x13381F	4	FF	1	うあさお	
0x133826	4	FF	1	ういさえ	
0x133867	4	FF	1	しかァび	
0x133873	4	FF	1	うあしお	
0x13387A	4	FF	1	ういしえ	
0x133978	4	FF	1	あバがあ	
0x133A54	4	FF	1	たくあい	
0x133D56	4	FF	1	たぽきさ	
0x133EF6	4	FF	1	たびきさ	
0x1341F4	4	FF	1	へけトす	
0x1341FC	4	FF	1	へおトつ	
0x134354	4	FE	1	ミくムと	
0x134AA8	4	FF	1	苳２ぃ	
0x134DDD	4	FF	1	コたあぉ	
0x134FB9	4	FF	1	ヴヤヴ／	
0x135157	4	FC	1	ろソすパ	
0x135317	4	FF	1	ヴソすパ	
0x13575D	4	FF	1	ヴたあぉ	
0x135768	4	FA	1	苳６と	
0x13596F	4	FF	1	んへせさ	
0x135976	4	FF	1	ァヲァヲ	
0x135B0F	4	FF	1	んへせグ	
0x135B1D	4	FF	1	ヴたあビ	
0x135EF8	4	FF	1	べきとい	
0x135F00	4	FF	1	めきとい	
0x135F08	4	FF	1	』きとい	
0x136488	4	FF	1	みけとい	
0x13DA28	4	FF	1	ミＺひい	
0x13DB10	4	FC	1	くピひい	
0x13DC88	4	FE	1	２ペとい	
0x13DFE1	4	FC	1	」といタ	
0x13E06C	4	FF	1	リＯとい	
0x13E19C	4	FF	1	ボヴ・ヴ	
0x13E22C	4	FF	1	ヂＱとい	
0x13E5D0	4	FC	1	くＰとい	
0x13E5E8	4	FC	1	わＰとい	
0x13E7A8	4	FF	1	（ヒみい	
0x13E8A4	4	FF	1	ァてい	
0x13E8A9	4	FF	1	ていっ	
0x13EB12	4	FF	1	ぎたソと	
0x13EB20	4	FF	1	えＱとい	
0x13F512	4	FC	1	バいスう	
0x13FFC0	4	F83B	1	エぅまい	
0x140888	4	FC	1	Ｕぐまい	
0x140890	4	FC	1	ヂぷまい	
0x1408B4	4	F84D	1	びぐまい	
0x1410A0	4	F800	1	がガみい	
0x142707	4	FA	1	冶だ０	
0x142882	4	FA	1	だいコＷ	
0x142892	4	FA	1	Ｗコいだ	
0x142A3C	4	FA	1	ツチフフ	
0x1460C4	4	F8BB	1	クボひい	
0x0BDC3B	3	-	1	匡ぎ	
0x0BDD2B	3	FE	1	掲あ	
0x0BDD33	3	FE	1	兼い	
0x0BDD3B	3	FE	1	驚え	
0x0BDD43	3	FE	1	金お	
0x0BDD47	3	FE	1	罪が	
0x0BDDB7	3	FE	1	血が	
0x0BDEA7	3	FE	1	尭あ	
0x0BDEAF	3	FE	1	愚い	
0x0BDEB7	3	FE	1	絹う	
0x0BDEBF	3	FE	1	求お	
0x0BDEC3	3	FE	1	項が	
0x0BE2F7	3	FC	1	栽く	
0x0BF733	3	FF	1	矩ぇ	
0x0BF833	3	FE	1	群い	
0x0BF837	3	FE	1	午ぇ	
0x0BFBA2	3	FE	1	ぽ）ゆ	
0x0C00AA	3	FD	1	ぽてべ	
0x0C0D1B	3	FF	1	杵を	
0x0C0DE7	3	FE	1	差わ	
0x0C122E	3	FE	1	ぽ）ゃ	
0x0C1582	3	FE	1	ァつき	
0x0C1602	3	FD	1	ぜつき	
0x0C1747	3	F816	1	倶れ	
0x0C1817	3	FE	1	絃じ	
0x0C1A92	3	FE	1	プおが	
0x0C1B16	3	FE	1	オ）ゅ	
0x0C1DA7	3	FE	1	はく）	
0x0C1E03	3	FD	1	紘し	
0x0C201E	3	FE	1	イうあ	
0x0C20EA	3	FF	1	ァいし	
0x0C2167	3	FF	1	権ら	
0x0C2372	3	FE	1	ィおふ	
0x0C2482	3	FE	1	ィおく	
0x0C2523	3	FF	1	虐あ	
0x0C252B	3	FF	1	均あ	
0x0C2F07	3	FF	1	偶や	
0x0C2FFF	3	FE	1	距あ	
0x0C3007	3	FE	1	鶏い	
0x0C300F	3	FE	1	屑え	
0x0C3017	3	FE	1	経お	
0x0C301B	3	FE	1	現が	
0x0C340E	3	F8EC	1	プなワ	
0x0C3416	3	FF	1	ぁ）フ	
0x0C342A	3	FF	1	プなネ	
0x0C3446	3	FF	1	プなエ	
0x0C344E	3	FF	1	ぁ）っ	
0x0C3462	3	FF	1	プなぜ	
0x0C347E	3	FF	1	プなわ	
0x0C34EE	3	FE	1	カ）エ	
0x0C3663	3	FE	1	こむあ	
0x0C3747	3	FD	1	虐ゆ	
0x0C3B6E	3	FE	1	カ）ゆ	
0x0C3B8E	3	FE	1	ぽてへ	
0x0C3C27	3	FE	1	こリあ	
0x0C3D16	3	FE	1	ペうわ	
0x0C3D3A	3	FE	1	ペうも	
0x0C3D52	3	FE	1	ペうへ	
0x0C3DD7	3	FE	1	こィえ	
0x0C4067	3	FE	1	こ×う	
0x0C4327	3	FE	1	こ険	
0x0C4537	3	FE	1	こ７い	
0x0C47F3	3	FE	1	こもあ	
0x0C490E	3	FD	1	ペてけ	
0x0C49D6	3	FD	1	ペてず	
0x0C4A1A	3	FD	1	ペてん	
0x0C4A3E	3	FD	1	ペうゆ	
0x0C4AE3	3	FE	1	こじあ	
0x0C4E31	3	F811	1	たペう	
0x0C50FF	3	FF	1	丘ふ	
0x0C5147	3	FE	1	罪ひ	
0x0C54AF	3	FD	1	はグプ	
0x0C563E	3	FE	1	イてえ	
0x0C578D	3	FD	1	ぅッ・	
0x0C57A5	3	FD	1	たペＸ	
0x0C58FB	3	FF	1	久は	
0x0C5963	3	FE	1	菜の	
0x0C5BFB	3	FD	1	懇え	
0x0C621B	3	FE	1	強い	
0x0C6227	3	FE	1	喬い	
0x0C622B	3	FE	1	叫い	
0x0C6237	3	FE	1	警あ	
0x0C63D7	3	F81D	1	哉あ	
0x0C6A1A	3	FF	1	ペ）エ	
0x0C6B7F	3	FE	1	こそぜ	
0x0C6BB1	3	FE	1	ぅダ・	
0x0C707A	3	FD	1	オうい	
0x0C7086	3	FD	1	…ない	
0x0C708E	3	FD	1	Ｗない	
0x0C714F	3	FF	1	絹て	
0x0C718F	3	FE	1	峡あ	
0x0C71FF	3	FE	1	些て	
0x0C723B	3	FE	1	はポて	
0x0C7502	3	FD	1	あ（あ	
0x0C7882	3	FE	1	ぽ）ぃ	
0x0C7B6F	3	FF	1	芹ち	
0x0C7BA7	3	FE	1	孝ち	
0x0C7C96	3	FE	1	ぽてづ	
0x0C7DEF	3	FD	1	はヤむ	
0x0C8182	3	FE	1	ブ旭	
0x0C8437	3	FE	1	はむえ	
0x0C843F	3	FE	1	倹お	
0x0C8483	3	FE	1	はャか	
0x0C848B	3	FE	1	券き	
0x0C84C3	3	FE	1	祭め	
0x0C857F	3	F819	1	こ０あ	
0x0C85A2	3	F819	1	アてそ	
0x0C953B	3	FE	1	こゴあ	
0x0C9F1B	3	FE	1	こまあ	
0x0CA53F	3	FE	1	謙か	
0x0CA60B	3	FC	1	鴻は	
0x0CAC9F	3	FF	1	去お	
0x0CAD6B	3	FD	1	斎え	
0x0CAF3F	3	FF	1	玄き	
0x0CB049	3	FF	1	ァＲく	
0x0CB0BE	3	FE	1	ぽ）ろ	
0x0CB11B	3	FD	1	はヂか	
0x0CB2DB	3	FD	1	はやか	
0x0CB4F7	3	FF	1	仇う	
0x0CB5C3	3	F8FD	1	幻あ	
0x0CB5C7	3	F8FD	1	鵠に	
0x0CB697	3	F8FD	1	哉い	
0x0CB99E	3	FE	1	プおご	
0x0CB9BE	3	FA	1	ていヤ	
0x0CB9DE	3	FB	1	ていル	
0x0CBB0B	3	F8FD	1	こ亜	
0x0CBC33	3	FD	1	芸う	
0x0CBCE7	3	FE	1	薫う	
0x0CC1D6	3	FB	1	ていネ	
0x0CC1DA	3	FB	1	ていズ	
0x0CC6AB	3	FC	1	圭い	
0x0CC6B3	3	FC	1	及え	
0x0CC6B7	3	FC	1	晃つ	
0x0CC98A	3	FE	1	プおフ	
0x0CC98E	3	FE	1	プなき	
0x0CC9A6	3	FE	1	プおク	
0x0CCA4D	3	FB	1	ヌプお	
0x0CCA9A	3	FE	1	オ）エ	
0x0CCC0F	3	FE	1	こぞあ	
0x0CCC92	3	FF	1	ァつい	
0x0CCCD2	3	FF	1	ァいい	
0x0CCE4D	3	FE	1	テプお	
0x0CCF02	3	FD	1	ェ（シ	
0x0CCF4D	3	FE	1	ツプお	
0x0CD1F6	3	FE	1	エ）ろ	
0x0CD3E6	3	FD	1	ゥ（タ	
0x0CD49F	3	FE	1	はべＨ	
0x0CD776	3	FE	1	オ）ぃ	
0x0CD85B	3	FA	1	このあ	
0x0CE122	3	F8FD	1	ていみ	
0x0CE187	3	FD	1	はオワ	
0x0CE253	3	FD	1	膏さ	
0x0CEBBA	3	FF	1	ていシ	
0x0CECFA	3	FF	1	ていＡ	
0x0CECFE	3	FF	1	てい」	
0x0CED0A	3	FC	1	といぱ	
0x0CED0E	3	FC	1	といヤ	
0x0CED5B	3	FD	1	はタル	
0x0CEE27	3	FD	1	砿く	
0x0CEEEE	3	FD	1	ぽ）て	
0x0CF5AE	3	FE	1	とい」	
0x0CF69A	3	F8FD	1	ペ）ペ	
0x0CF74E	3	FD	1	ペ）モ	
0x0CFE9D	3	FD	1	あァ（	
0x0D06FF	3	F84F	1	玉い	
0x0D0717	3	F84F	1	此い	
0x0D0733	3	F84F	1	郷い	
0x0D115D	3	FF	1	ぽエ（	
0x0D11A5	3	FE	1	ぽづ（	
0x0D125B	3	FD	1	型い	
0x0D129F	3	FD	1	は＋い	
0x0D12A7	3	FD	1	掘う	
0x0D1B5A	3	FD	1	ぽ）ス	
0x0D1F2A	3	FD	1	イ）セ	
0x0D201A	3	FA	1	イ）め	
0x0D21FB	3	FD	1	こ５あ	
0x0D2247	3	FD	1	済は	
0x0D230F	3	FC	1	暁え	
0x0D25F7	3	FD	1	はバの	
0x0D25FF	3	FD	1	粂と	
0x0D269B	3	FF	1	痕な	
0x0D27E7	3	FE	1	坂け	
0x0D2A60	3	FF	1	わ媚	
0x0D2C03	3	FD	1	』グワ	
0x0D2C2F	3	FD	1	』ァワ	
0x0D2D8F	3	FD	1	』りワ	
0x0D2DAF	3	FD	1	』みワ	
0x0D2ED7	3	FD	1	（ヲい	
0x0D33BE	3	FD	1	」おい	
0x0D33C2	3	FD	1	Ｕうし	
0x0D33C6	3	FD	1	Ｙおし	
0x0D399A	3	FD	1	」ない	
0x0D399E	3	FD	1	Ｕてし	
0x0D3B13	3	FD	1	はざッ	
0x0D3D23	3	FD	1	去あ	
0x0D3D27	3	FD	1	凶あ	
0x0D3D2B	3	FD	1	強あ	
0x0D3D2F	3	FD	1	錦あ	
0x0D3D33	3	FD	1	欽あ	
0x0D3D3B	3	FD	1	倶あ	
0x0D3D43	3	FD	1	偶あ	
0x0D3D47	3	FD	1	屈あ	
0x0D3D4B	3	FD	1	隈あ	
0x0D3D4F	3	FD	1	薫あ	
0x0D3D57	3	FD	1	経あ	
0x0D3D5B	3	FD	1	僑い	
0x0D3D5F	3	FD	1	侠い	
0x0D3D67	3	FD	1	絹あ	
0x0D3D6B	3	FD	1	杵い	
0x0D3D73	3	FD	1	魚い	
0x0D3D7B	3	FD	1	漁い	
0x0D3D7F	3	FD	1	鋸い	
0x0D3D83	3	FD	1	距い	
0x0D3D87	3	FD	1	許い	
0x0D3D8B	3	FD	1	虚い	
0x0D3D8F	3	FD	1	渠い	
0x0D3D93	3	FD	1	挙い	
0x0D3D97	3	FD	1	拠い	
0x0D3D9B	3	FD	1	拒い	
0x0D3D9F	3	FD	1	巨い	
0x0D3DA3	3	FD	1	居い	
0x0D3DA7	3	FD	1	去い	
0x0D3DAB	3	FD	1	牛い	
0x0D3DAF	3	FD	1	旧い	
0x0D3DB3	3	FD	1	給い	
0x0D3DB7	3	FD	1	糾い	
0x0D3DBB	3	FD	1	級い	
0x0D3DBF	3	FD	1	笈い	
0x0D3DC3	3	FD	1	窮い	
0x0D3DC7	3	FD	1	究い	
0x0D3DCF	3	FD	1	灸い	
0x0D3DD3	3	FD	1	泣い	
0x0D3DD7	3	FD	1	汲い	
0x0D3DDB	3	FD	1	求い	
0x0D457A	3	FD	1	ペぉす	
0x0D47AE	3	FF	1	ザ圧	
0x0D54ED	3	FD	1	タ柵	
0x0D583A	3	FC	1	ぽうと	
0x0D74FE	3	FF	1	ゥ（ね	
0x0D757A	3	FF	1	ゲ（あ	
0x0D75BE	3	FF	1	シ）ふ	
0x0D7922	3	F880	1	Ｒねふ	
0x0D7C61	3	F880	1	たペて	
0x0D83E2	3	F88F	1	Ｒくこ	
0x0D862E	3	FD	1	ケ）け	
0x0D8632	3	FD	1	ペゼト	
0x0D86A6	3	FD	1	ケダや	
0x0D8DDE	3	FE	1	ゲ唖	
0x0D900A	3	FD	1	ぽうヤ	
0x0D9016	3	FD	1	ぽうて	
0x0D906B	3	F80A	1	歳あ	
0x0D910E	3	FF	1	アうひ	
0x0D9BAD	3	FF	1	ぃュ・	
0x0D9C05	3	FD	1	あヅ・	
0x0D9D7B	3	FC	1	鯉き	
0x0D9D7F	3	FC	1	鹸あ	
0x0DA18F	3	FB	1	紘か	
0x0DA1B2	3	FD	1	ぽうせ	
0x0DA45E	3	F881	1	シうい	
0x0DA46A	3	F881	1	シうち	
0x0DA4D5	3	F881	1	たュ＋	
0x0DA4F5	3	F881	1	たュ３	
0x0DA6C6	3	F881	1	デ阿	
0x0DAE9A	3	FF	1	ぁあづ	
0x0DAEAE	3	FF	1	ぁぅっ	
0x0DAED6	3	FF	1	ぁあた	
0x0DBA26	3	FD	1	Ｖちと	
0x0DBC4A	3	FD	1	Ｖちぃ	
0x0DBDCD	3	FC	1	みデ・	
0x0DBDD1	3	FC	1	ぃャ（	
0x0DC149	3	F84F	1	みダ・	
0x0DC14D	3	F84F	1	ぃェ（	
0x0DC212	3	F88F	1	Ｒねあ	
0x0DC37B	3	FD	1	はョツ	
0x0DC89E	3	FF	1	ギ（え	
0x0DC8CE	3	FC	1	パおあ	
0x0DC8D2	3	FC	1	ぽああ	
0x0DC8E6	3	FC	1	ェ（ち	
0x0DCC1A	3	FC	1	ァ（て	
0x0DCEC7	3	FF	1	ブハモ	
0x0DD0EB	3	FF	1	ぐょウ	
0x0DD227	3	FF	1	近イ	
0x0DD28F	3	FD	1	はねゥ	
0x0DD2A7	3	FD	1	は色	
0x0DD323	3	F840	1	はポォ	
0x0DD33B	3	FD	1	はバュ	
0x0DD99B	3	FF	1	こョ）	
0x0DDBFF	3	FF	1	硬ぽ	
0x0DDE0A	3	FD	1	ぞつづ	
0x0DDE47	3	FF	1	跨ざ	
0x0DFB5A	3	FF	1	アダし	
0x0DFB62	3	FF	1	。ヅあ	
0x0DFB66	3	FF	1	ぽダえ	
0x0DFC0E	3	FD	1	、ゃえ	
0x0DFC12	3	FD	1	ぽぉＱ	
0x0DFCC7	3	FF	1	鯉び	
0x0DFF37	3	FD	1	はＭム	
0x0E009E	3	FD	1	…ゃう	
0x0E00A2	3	FD	1	ぽぉさ	
0x0E0A42	3	FF	1	ぽてひ	
0x0E0BEA	3	FD	1	ペ「や	
0x0E0EE6	3	FF	1	ぽＸく	
0x0E115E	3	FF	1	ぽＸけ	
0x0E1252	3	FF	1	ぽＸさ	
0x0E187E	3	FC	1	ペてづ	
0x0E1882	3	FC	1	Ｖなご	
0x0E3013	3	FF	1	浩げ	
0x0E370A	3	FF	1	ペもか	
0x0E3967	3	FF	1	孤ぎ	
0x0E39BF	3	FD	1	はゲえ	
0x0E3BE6	3	FF	1	ぁ）ク	
0x0E3CE6	3	FF	1	Ｘなォ	
0x0E44C2	3	FF	1	Ｗおこ	
0x0E44CA	3	FF	1	ペェた	
0x0E44CE	3	FF	1	Ｗッき	
0x0E44E2	3	FF	1	ィゥた	
0x0E44E6	3	FF	1	Ｗッあ	
0x0E469B	3	FF	1	裟ゃ	
0x0E5A3A	3	FD	1	ア）ゼ	
0x0E5A62	3	FD	1	Ｖなュ	
0x0E5AC2	3	FD	1	Ｖなマ	
0x0E5B1E	3	FD	1	ペＸけ	
0x0E5B2E	3	FD	1	Ｖなエ	
0x0E5B9A	3	FD	1	Ｖなぎ	
0x0E5BDA	3	FD	1	ゥ３る	
0x0E5C46	3	FD	1	ゥ＋せ	
0x0E5CAA	3	FD	1	アェぇ	
0x0E5CB6	3	FD	1	アぉぁ	
0x0E5CE2	3	FD	1	ペ「つ	
0x0E5CEF	3	FD	1	』ポぐ	
0x0E5D86	3	FF	1	。ッワ	
0x0E5D8A	3	FF	1	ぽェれ	
0x0E60FE	3	FC	1	ィＺお	
0x0E619A	3	FC	1	ペ）に	
0x0E6812	3	FC	1	ペてだ	
0x0E6B5B	3	FC	1	こンＥ	
0x0E6DFE	3	FF	1	ぁ）ヂ	
0x0E6FA7	3	FF	1	鉱ろ	
0x0E725E	3	FD	1	Ｖなあ	
0x0E7262	3	FD	1	ペうだ	
0x0E72D3	3	FF	1	はＲれ	
0x0E72F2	3	FD	1	Ｗおけ	
0x0E731E	3	FD	1	Ｖッゲ	
0x0E747A	3	FC	1	Ｖッリ	
0x0E7596	3	FF	1	イ）わ	
0x0E75A6	3	FF	1	ウ）り	
0x0E7789	3	FC	1	ァＲね	
0x0E79A6	3	FC	1	。なき	
0x0E79AA	3	FC	1	ぽては	
0x0E853E	3	FD	1	ぽうは	
0x0E86EE	3	FC	1	ぜつい	
0x0E8A3A	3	FE	1	、おお	
0x0E8D66	3	FE	1	オ）テ	
0x0E8DBE	3	FD	1	ぽうま	
0x0E8ECA	3	FD	1	オ）こ	
0x0E943E	3	F84F	1	ケてこ	
0x0E952E	3	F84F	1	ケてさ	
0x0E9652	3	FF	1	アうを	
0x0E96D6	3	FF	1	ケてほ	
0x0E9CC2	3	FF	1	ペ）す	
0x0E9D4A	3	FF	1	ァ（リ	
0x0EA05A	3	FB	1	カてる	
0x0EA11A	3	FF	1	ズおた	
0x0EA892	3	F9	1	、おう	
0x0EA896	3	F9	1	ぽうさ	
0x0EA8FA	3	F9	1	、ヅお	
0x0EA8FE	3	F9	1	ぽダさ	
0x0EAB6D	3	FA	1	くペポ	
0x0EABA3	3	FA	1	こタゆ	
0x0EABCB	3	FD	1	驚ゆ	
0x0EACB6	3	FF	1	ィＺう	
0x0EADDE	3	FF	1	ぽうど	
0x0EAF1E	3	FC	1	ザ（え	
0x0EAF2E	3	FC	1	ぽうめ	
0x0EAFDF	3	FC	1	はか５	
0x0EAFFA	3	FF	1	ィＺぱ	
0x0EB4A6	3	FF	1	ぁちた	
0x0EB4D6	3	FF	1	ぁちふ	
0x0EB56A	3	FF	1	ぁちや	
0x0EB63E	3	FF	1	ィＪさ	
0x0EB686	3	FF	1	ぜつへ	
0x0EB68A	3	FF	1	Ｗなほ	
0x0EB68E	3	FF	1	ぁちト	
0x0EB6BA	3	FF	1	ァぇふ	
0x0EB6BE	3	FF	1	Ｖゃほ	
0x0EB6CA	3	FF	1	ぁあけ	
0x0EB6E2	3	FF	1	ぜつふ	
0x0EB847	3	FF	1	ギ７い	
0x0EBA7A	3	FD	1	エ）つ	
0x0EBC12	3	FF	1	オ）せ	
0x0EC1A5	3	FC	1	アボ・	
0x0EC1B7	3	FA	1	こ～ま	
0x0EC20F	3	FD	1	茎ま	
0x0EC31A	3	FF	1	デ姶	
0x0EC31E	3	FF	1	ッ芋	
0x0EC3F6	3	F82A	1	ペ１な	
0x0EC4B1	3	F815	1	タャ（	
0x0ECA52	3	FC	1	ペＨお	
0x0ECB27	3	FA	1	こヴへ	
0x0ECB57	3	FD	1	謹へ	
0x0ECD16	3	FD	1	あ（か	
0x0ED072	3	FC	1	ペェふ	
0x0ED2A2	3	FD	1	ァ０ぜ	
0x0ED6EE	3	F88F	1	Ｒくい	
0x0ED80E	3	F88F	1	Ｒねミ	
0x0ED84E	3	F88F	1	Ｒねぃ	
0x0ED992	3	FE	1	ペ）ゥ	
0x0EDA92	3	FC	1	タ）あ	
0x0EDB26	3	FC	1	ぜ（た	
0x0EDC2A	3	FC	1	ェ（え	
0x0EDC42	3	FC	1	ゥ（た	
0x0EDDDA	3	FF	1	ゲ亜	
0x0EDE66	3	FF	1	ァ（し	
0x0EDEB2	3	FF	1	ぽ）ワ	
0x0EDECE	3	FF	1	ィＪネ	
0x0EDF96	3	FF	1	ペうさ	
0x0EE232	3	FF	1	ぽてさ	
0x0EE292	3	FF	1	ォ位	
0x0EEA9B	3	FD	1	こキし	
0x0EEAAF	3	FD	1	こイし	
0x0EEABB	3	FD	1	脅し	
0x0EEB0D	3	FD	1	よペ）	
0x0EEBA2	3	FD	1	ィＺみ	
0x0EEBD6	3	FD	1	ェＪて	
0x0EEBFE	3	FE	1	ア）し	
0x0EEC02	3	FE	1	ゥＺく	
0x0EEC2A	3	FE	1	ィＪペ	
0x0EEE65	3	FD	1	たォ（	
0x0EEEE9	3	FC	1	っペ）	
0x0EEF31	3	FC	1	やペ）	
0x0EF12A	3	FF	1	ウ、か	
0x0EF1C2	3	FE	1	Ｖおき	
0x0EF1C6	3	FE	1	ペてや	
0x0EF1CA	3	FE	1	Ｖなつ	
0x0EF20E	3	FE	1	、おい	
0x0EF2F6	3	FC	1	ウ、あ	
0x0EF5D2	3	FC	1	ペェせ	
0x0EF60E	3	FC	1	ペェす	
0x0EF612	3	FC	1	Ｖッっ	
0x0EF95D	3	FC	1	ぃペて	
0x0F0386	3	FF	1	ぁ）ァ	
0x0F059A	3	FC	1	う（ぃ	
0x0F09AB	3	F810	1	胸け	
0x0F09B3	3	F810	1	硯ョ	
0x0F09BB	3	F810	1	頚の	
0x0F09BF	3	F810	1	左ネ	
0x0F09C3	3	F810	1	鹸フ	
0x0F09C7	3	F810	1	祭ハ	
0x0F0CB3	3	FC	1	剤う	
0x0F0CB7	3	FC	1	侯え	
0x0F177E	3	FF	1	ぽもＵ	
0x0F179E	3	FF	1	ぽうＭ	
0x0F1ABE	3	FD	1	イＦか	
0x0F1C02	3	FF	1	ァＧさ	
0x0F1CF6	3	FF	1	コ）た	
0x0F1D0A	3	FF	1	クうさ	
0x0F21DE	3	FF	1	。おす	
0x0F21E7	3	FF	1	はバジ	
0x0F2766	3	FC	1	ぽてせ	
0x0F2B2F	3	FC	1	互つ	
0x0F2B33	3	FC	1	鋼ム	
0x0F2B37	3	FC	1	剤ヅ	
0x0F2B3B	3	FC	1	購つ	
0x0F2B3F	3	FC	1	拷パ	
0x0F2B43	3	FC	1	嵯は	
0x0F2BBF	3	FF	1	限へ	
0x0F2BC3	3	FF	1	高ほ	
0x0F2BC7	3	FF	1	攻の	
0x0F2CB2	3	FC	1	イ、い	
0x0F2D16	3	FC	1	イ、あ	
0x0F2EBC	3	FC	1	ぷフい	
0x0F2EC0	3	FC	1	コしあ	
0x0F2EC4	3	FC	1	ぃＲあ	
0x0F2ECC	3	FC	1	ヤ４け	
0x0F2ED0	3	FC	1	ァがあ	
0x0F2ED4	3	FC	1	のはあ	
0x0F2EE0	3	FC	1	が＋き	
0x0F3CD3	3	FC	1	拘さ	
0x0F3EA2	3	FA	1	アポこ	
0x0F3F3F	3	FF	1	桑あ	
0x0F4087	3	FF	1	はちサ	
0x0F409F	3	FF	1	はわス	
0x0F40A3	3	FF	1	甲あ	
0x0F40A7	3	FF	1	控さ	
0x0F457B	3	FC	1	は」ケ	
0x0F4593	3	FC	1	はそス	
0x0F4693	3	FC	1	矩あ	
0x0F47D6	3	FE	1	ウてぢ	
0x0F47F2	3	FE	1	アうご	
0x0F4826	3	FE	1	イＦす	
0x0F4852	3	FE	1	アＸい	
0x0F48A6	3	FE	1	アＦそ	
0x0F48D6	3	FE	1	ァＵト	
0x0F48DA	3	FE	1	ぽＸい	
0x0F4C72	3	FC	1	Ｖおほ	
0x0F4D4E	3	FF	1	ぽうや	
0x0F4E1B	3	FF	1	挟あ	
0x0F531E	3	FC	1	Ｖおモ	
0x0F5CAA	3	F81C	1	ぽ）ギ	
0x0F5EA2	3	F81C	1	ケうけ	
0x0F5EFE	3	F88F	1	Ｒねか	
0x0F5F32	3	F88F	1	Ｒねえ	
0x0F5F86	3	F88F	1	ウ）ッ	
0x0F6002	3	F88F	1	アうタ	
0x0F60EA	3	F88F	1	イてよ	
0x0F6426	3	FC	1	ヌ）ズ	
0x0F6472	3	FC	1	ヌ）フ	
0x0F64C9	3	FC	1	ぱ×ぜ	
0x0F652A	3	FE	1	ぽうび	
0x0F657E	3	FA	1	ぽ）ぉ	
0x0F6696	3	FA	1	ゥ（け	
0x0F67C5	3	FE	1	ぽッＥ	
0x0F684D	3	FE	1	タどＵ	
0x0F696B	3	FC	1	８モヘ	
0x0F6983	3	FC	1	筋ヘ	
0x0F6A82	3	FF	1	ぁＦう	
0x0F6AAA	3	FF	1	ペＸか	
0x0F6ABE	3	FF	1	ペ１ほ	
0x0F6BDF	3	FC	1	はーフ	
0x0F6BFF	3	FC	1	芸フ	
0x0F6C8B	3	FC	1	刑フ	
0x0F6CE7	3	FC	1	こヂフ	
0x0F6D07	3	FC	1	隅フ	
0x0F6E76	3	FC	1	シポぢ	
0x0F6F96	3	FD	1	シＦて	
0x0F7102	3	FF	1	あ（タ	
0x0F712A	3	FF	1	ぁＦギ	
0x0F7146	3	FF	1	ぁ）ぜ	
0x0F7162	3	FF	1	ぁ）ペ	
0x0F717E	3	FF	1	ぁ）ズ	
0x0F7312	3	FF	1	ぁ）リ	
0x0F78A2	3	FF	1	アうし	
0x0F818E	3	F837	1	ウ）せ	
0x0F84DF	3	FC	1	宮あ	
0x0F854A	3	F85E	1	オ）っ	
0x0F88EB	3	FC	1	）ッタ	
0x0F90B6	3	FF	1	セ）い	
0x0F9396	3	F801	1	Ｙポい	
0x0F93DA	3	F801	1	Ｙポき	
0x0F94AA	3	FF	1	ツ）ョ	
0x0F94D6	3	F801	1	」ポく	
0x0F9562	3	F801	1	アＨう	
0x0F9B7E	3	FC	1	ァぇえ	
0x0F9CF3	3	FC	1	ギキゲ	
0x0F9D9A	3	FC	1	ぽ）そ	
0x0FAE8A	3	FF	1	ペ１こ	
0x0FB0BB	3	FF	1	はゼう	
0x0FB0FB	3	FF	1	は×い	
0x0FB1B6	3	FF	1	き（と	
0x0FB252	3	FF	1	ぽ１バ	
0x0FB2AA	3	FE	1	エてえ	
0x0FB2AE	3	FE	1	ぽてィ	
0x0FB3D6	3	FE	1	ア１ょ	
0x0FB48E	3	FF	1	ぽ１け	
0x0FB4C6	3	FF	1	オうせ	
0x0FB586	3	FC	1	ゴおぺ	
0x0FB616	3	FE	1	ぽ１に	
0x0FB742	3	FF	1	ケうい	
0x0FB74E	3	FF	1	ケうえ	
0x0FB7E2	3	FF	1	ケ）ェ	
0x0FB8FA	3	FF	1	パ＋あ	
0x0FBB01	3	FE	1	タペＨ	
0x0FBB4E	3	FE	1	ゥ（ョ	
0x0FBB56	3	FB	1	キ）た	
0x0FBBA2	3	FF	1	ク）き	
0x0FBBD2	3	FF	1	コ）ベ	
0x0FBD22	3	F820	1	ゥ（て	
0x0FBD2A	3	FB	1	キ）お	
0x0FBE3A	3	FF	1	シうう	
0x0FBE4A	3	FF	1	ペぉほ	
0x0FBF62	3	FF	1	オＦお	
0x0FC00E	3	FC	1	カ）し	
0x0FC08A	3	F821	1	オＦい	
0x0FC126	3	F831	1	アてぃ	
0x0FC1AA	3	FB	1	ケ）え	
0x0FC354	3	F811	1	タＬあ	
0x0FC3E2	3	FA	1	ウうす	
0x0FC48A	3	FA	1	カ）わ	
0x0FC816	3	F80E	1	ゥ？っ	
0x0FC8C2	3	F80E	1	ぜＷえ	
0x0FC9E2	3	F80E	1	ゥ？あ	
0x0FC9E6	3	F80E	1	ぞＷえ	
0x0FD2B1	3	FF	1	あゼ・	
0x0FD2C2	3	FF	1	お（お	
0x0FD3B7	3	FC	1	巨あ	
0x0FD3BB	3	FC	1	熊あ	
0x0FD3D6	3	FC	1	エ）で	
0x0FD4E3	3	FF	1	は２ヌ	
0x0FD66F	3	FF	1	はぞヌ	
0x0FD9FF	3	FF	1	はスニ	
0x0FDA07	3	FF	1	及ヌ	
0x0FDB6B	3	FF	1	はいニ	
0x0FDB73	3	FF	1	恵ニ	
0x0FDE72	3	FF	1	カ）ペ	
0x0FDF02	3	FF	1	オ）ワ	
0x0FDF96	3	FF	1	オ）キ	
0x0FDFE9	3	FF	1	あゾ・	
0x0FDFEE	3	FF	1	ウ）ず	
0x0FE072	3	FC	1	ゾ）う	
0x0FE0AF	3	FF	1	はごテ	
0x0FE0D3	3	FF	1	ギ聚	
0x0FE0E3	3	FF	1	は２ト	
0x0FE0EB	3	FF	1	驚ナ	
0x0FE326	3	FA	1	ペうＳ	
0x0FE4C2	3	FF	1	ぁ）を	
0x0FE92A	3	F801	1	オ）ヲ	
0x0FEA66	3	FF	1	イうか	
0x0FEBA2	3	FC	1	ぜＷお	
0x0FEDDA	3	FC	1	ィぅま	
0x0FEE06	3	FC	1	ィぅと	
0x0FEE32	3	FC	1	ィちけ	
0x0FEE5E	3	FC	1	ィちと	
0x0FEEDE	3	FC	1	ォ）え	
0x0FF0BA	3	FF	1	ぽうけ	
0x0FF0FE	3	FF	1	ぽうぬ	
0x0FF11A	3	FF	1	ぽ１う	
0x0FF336	3	FC	1	イうぬ	
0x0FF4C2	3	FF	1	エうど	
0x0FF516	3	FF	1	エ）ぅ	
0x0FF6A6	3	FF	1	イうさ	
0x0FFAA2	3	F885	1	ク）て	
0x0FFAC2	3	F885	1	ウ）さ	
0x0FFBBE	3	F885	1	ウぉよ	
0x0FFBDA	3	F885	1	ぽ）ま	
0x0FFC55	3	FF	1	たペＨ	
0x0FFCC6	3	FF	1	ウ）の	
0x0FFD42	3	FF	1	セＦう	
0x0FFD7A	3	FF	1	セＨふ	
0x0FFE0E	3	FC	1	ウてか	
0x0FFE3A	3	FC	1	ウてお	
0x0FFFC2	3	FC	1	ペ）む	
0x100066	3	FE	1	シ）に	
0x10023A	3	FF	1	ペ）ェ	
0x1002B2	3	FF	1	ペ）ナ	
0x100302	3	FF	1	イうえ	
0x10036E	3	F8EF	1	セうほ	
0x10087A	3	FE	1	ウうう	
0x1008B3	3	FF	1	極あ	
0x1008BF	3	FF	1	業あ	
0x100936	3	FC	1	ぽ）ミ	
0x100BC3	3	FD	1	懇づ	
0x100F56	3	FC	1	ペ）て	
0x100FD6	3	F88F	1	エうお	
0x10100A	3	F88F	1	アうさ	
0x101092	3	FF	1	カ）む	
0x10135A	3	FF	1	ゥ（お	
0x10169E	3	FC	1	ペ）ぞ	
0x101906	3	FE	1	ぽ）ム	
0x101B06	3	FF	1	イああ	
0x101B52	3	F821	1	セ）な	
0x101B5E	3	F821	1	セ）つ	
0x101B6E	3	F821	1	エ）せ	
0x101C2E	3	FF	1	セ）く	
0x101C3E	3	FF	1	シ）え	
0x101DC3	3	F88F	1	急あ	
0x101E32	3	F88F	1	ウ）づ	
0x10205A	3	FC	1	キ）う	
0x10206A	3	FC	1	キ）そ	
0x1021BE	3	FC	1	コ）う	
0x1022EE	3	F88F	1	ペ）ロ	
0x1023A2	3	FB	1	ペ）ぷ	
0x10242E	3	F88F	1	ペ）ろ	
0x1024A6	3	FB	1	アうぁ	
0x1024BA	3	FB	1	アちと	
0x1026B2	3	FB	1	ぽ）す	
0x1026DA	3	FB	1	ぽちう	
0x1026E2	3	FB	1	ペ）ズ	
0x1027A6	3	F88F	1	キ）す	
0x1028B6	3	F88F	1	ガ（い	
0x102924	3	FF	1	びぜ	
0x1029BA	3	FF	1	セ）き	
0x102A3A	3	FF	1	ぽあち	
0x102DB6	3	FC	1	キ）に	
0x102DD2	3	FC	1	オＦそ	
0x102DDE	3	FC	1	キ）か	
0x102FD6	3	F818	1	ウＨけ	
0x103283	3	FE	1	元げ	
0x1034BE	3	F803	1	オ）に	
0x1034DA	3	F803	1	カＦそ	
0x103542	3	F803	1	イＨこ	
0x1036CA	3	FC	1	イあだ	
0x1036DE	3	FC	1	イＨけ	
0x103C82	3	F88F	1	イＨか	
0x103CD2	3	FC	1	キ）テ	
0x103CF2	3	FC	1	ぽ）サ	
0x103D7E	3	FC	1	ウＨか	
0x103DCE	3	FC	1	コ）や	
0x104162	3	FC	1	ウ）ぎ	
0x104172	3	FC	1	ウ）ゃ	
0x104186	3	FC	1	ウＨく	
0x10436A	3	F883	1	イＨく	
0x10440A	3	FC	1	ウ）ぐ	
0x10441A	3	FC	1	ウ）ゅ	
0x10444E	3	FC	1	ィ（せ	
0x104BEE	3	FA	1	オてつ	
0x104C67	3	FB	1	伍ム	
0x104DC1	3	F84F	1	ミゴな	
0x104DC9	3	F84F	1	ァヅお	
0x104DD6	3	F84F	1	キ）ケ	
0x104F01	3	F84F	1	ズヅお	
0x104FE6	3	F84F	1	コ）こ	
0x105043	3	FB	1	紅が	
0x1053CA	3	FF	1	ペてた	
0x105415	3	FF	1	ぽッ（	
0x1054E7	3	FB	1	口ょ	
0x1057DA	3	FC	1	ペ）せ	
0x105D2D	3	FB	1	たゴ＋	
0x105DFE	3	FF	1	セ）あ	
0x105EBA	3	F84F	1	ア、れ	
0x105F56	3	FB	1	ぽ、う	
0x105F8A	3	FC	1	ナ）お	
0x1060E2	3	FE	1	ア）ヨ	
0x10621E	3	FE	1	ア）ら	
0x1063EE	3	F88F	1	ペ１に	
0x10641E	3	F88F	1	ぢ（き	
0x106642	3	F88F	1	ペ１メ	
0x106697	3	F88F	1	逆あ	
0x10669F	3	F88F	1	近あ	
0x106A46	3	F83F	1	セ）ち	
0x106A52	3	F83F	1	セ）せ	
0x106BBA	3	FC	1	オ）そ	
0x106BD2	3	FC	1	セ）け	
0x106D1B	3	FF	1	Ｏぴう	
0x106D7F	3	FF	1	供う	
0x106F3E	3	FF	1	オ）ダ	
0x106F9E	3	FF	1	オ）て	
0x10711E	3	FF	1	ぽ）ひ	
0x10744A	3	FF	1	エ）こ	
0x1076FA	3	FF	1	ペ）も	
0x107722	3	FF	1	アＦや	
0x10773A	3	F88F	1	ゾ詠	
0x107956	3	F88F	1	イ）ぎ	
0x107972	3	FF	1	イ）ぇ	
0x1079BE	3	FF	1	イ）ま	
0x107A8E	3	F88F	1	イＦえ	
0x107B3A	3	F8FF	1	カ）ら	
0x107C3E	3	F88F	1	カ）な	
0x107D4E	3	FF	1	ア、あ	
0x107F4E	3	FF	1	ぽ、い	
0x107FD2	3	FF	1	カ）ネ	
0x107FDE	3	FF	1	キ）ナ	
0x108182	3	FF	1	ぽ）ロ	
0x1081CE	3	FC	1	で（そ	
0x1081DE	3	F883	1	カ）ト	
0x1084B6	3	FB	1	セ、ぉ	
0x1085C7	3	FF	1	こＷう	
0x108842	3	FF	1	ク）ぁ	
0x108873	3	FF	1	こぬう	
0x108A02	3	FF	1	オ）ぐ	
0x108B7E	3	F9	1	サ）よ	
0x108D32	3	FF	1	オ）ニ	
0x108F3E	3	FF	1	ア）わ	
0x109192	3	FF	1	オ）ソ	
0x10933E	3	FF	1	オ）チ	
0x109502	3	FF	1	ァ０ほ	
0x10955E	3	FF	1	ア）ル	
0x109576	3	FF	1	ア）モ	
0x10959E	3	FF	1	ア）ノ	
0x1095B6	3	FF	1	ア）テ	
0x1095C6	3	FF	1	ア）ソ	
0x1097B6	3	FF	1	ア）サ	
0x1097C6	3	FF	1	ア）キ	
0x109A3E	3	FF	1	プない	
0x109AAA	3	F84F	1	アぉか	
0x109ABA	3	F84F	1	ケちき	
0x109ABE	3	F84F	1	ケてお	
0x109B66	3	F88F	1	Ｒくう	
0x109C56	3	F88F	1	ァ（わ	
0x109D77	3	F88F	1	吸あ	
0x109D7B	3	F88F	1	興あ	
0x109D7F	3	F88F	1	屑あ	
0x109D83	3	F88F	1	鯨あ	
0x10A9B2	3	FF	1	う（ペ	
0x10A9DE	3	FF	1	う（ヤ	
0x10AA0A	3	FF	1	う（び	
0x10AA36	3	FF	1	う（ふ	
0x10ABB2	3	FF	1	ぞ（く	
0x10AC56	3	FF	1	ォ（く	
0x10ACC2	3	FF	1	づ（く	
0x10B24A	3	F880	1	イ１え	
0x10B26E	3	FB	1	ペ１さ	
0x10B2D2	3	FB	1	アポぎ	
0x10B3DB	3	FC	1	は４う	
0x10B3DF	3	FC	1	鷺ダ	
0x10B78B	3	FA	1	はスう	
0x10B91F	3	FC	1	虞の	
0x10B977	3	FC	1	菌の	
0x10BD52	3	F887	1	アポヌ	
0x10BF3A	3	F887	1	ぽうむ	
0x10BF77	3	F887	1	乎ゼ	
0x10C686	3	FF	1	ペうし	
0x10C68A	3	FF	1	ゴおし	
0x10C832	3	FF	1	あ（け	
0x10CE86	3	FF	1	ァ（け	
0x10D41A	3	F88F	1	ィつい	
0x10D422	3	F88F	1	ゥつい	
0x10D486	3	F88F	1	ゥつお	
0x10D4DA	3	F88F	1	ゥつか	
0x10D51A	3	F88F	1	ゥＧき	
0x10D52A	3	F88F	1	ペ）ほ	
0x10D85F	3	FF	1	鋸あ	
0x10D863	3	FF	1	狗あ	
0x10D867	3	FF	1	軽あ	
0x10D877	3	FF	1	咋い	
0x10D9AB	3	FF	1	后い	
0x10E2BE	3	F80E	1	ゴ＋し	
0x10E7BE	3	F84F	1	オてぷ	
0x10EC8E	3	F84F	1	エてぷ	
0x10F0BE	3	FF	1	ア）は	
0x10F40E	3	F883	1	ガ）の	
0x10F44B	3	FB	1	悟ば	
0x10F496	3	FB	1	ぽちげ	
0x10F575	3	FC	1	たペェ	
0x10F5A6	3	FC	1	ぽちず	
0x10F622	3	FC	1	ペダね	
0x10F6A2	3	FC	1	ペうＥ	
0x10F6A6	3	FC	1	Ｖあす	
0x10F7FE	3	F819	1	ァつた	
0x10FA5F	3	FF	1	はりＦ	
0x10FAE2	3	FF	1	アＦあ	
0x10FCF2	3	FC	1	ガ渥	
0x10FCF6	3	FC	1	シ）れ	
0x10FE06	3	FF	1	ぽち×	
0x10FE16	3	FF	1	カう『	
0x10FE36	3	FF	1	ペ「あ	
0x10FE53	3	FF	1	はよあ	
0x10FE5B	3	FF	1	群う	
0x10FEEE	3	FF	1	Ｖおい	
0x10FF6E	3	FF	1	カ）ヌ	
0x10FFAE	3	FF	1	ペ）ャ	
0x110046	3	FF	1	イ）ぅ	
0x11017E	3	FF	1	ペ）じ	
0x11033B	3	FF	1	句あ	
0x11033F	3	FF	1	珪あ	
0x110372	3	FF	1	ア）オ	
0x110492	3	FF	1	ウ）バ	
0x1104E6	3	FF	1	ぽてぎ	
0x110522	3	FF	1	オ）ヤ	
0x110596	3	FF	1	ウ）キ	
0x110696	3	FF	1	カ）て	
0x1106A2	3	FF	1	カ）た	
0x110DE6	3	FF	1	アあこ	
0x110E12	3	FF	1	ぽあい	
0x110E32	3	FF	1	ぽ）や	
0x110F8A	3	FF	1	ペ）ホ	
0x1111AE	3	FF	1	ぽ１ち	
0x1112AA	3	FF	1	ペ）の	
0x1112FA	3	FF	1	ぽちき	
0x11140B	3	FB	1	郡お	
0x1114BF	3	FF	1	こ人	
0x11159F	3	FF	1	はルの	
0x11181A	3	FF	1	ィ・ゃ	
0x111842	3	FF	1	ィ・ろ	
0x111856	3	FF	1	ィ・よ	
0x11187E	3	FF	1	ィ・ふ	
0x111892	3	FF	1	ィ・ぬ	
0x1118BA	3	FF	1	ィ・す	
0x1118CE	3	FF	1	ィ・く	
0x111E0E	3	FF	1	ゾ）い	
0x111E6E	3	FF	1	ぱ…お	
0x111ED2	3	FF	1	ィ・う	
0x111F7A	3	FF	1	え（あ	
0x111FB2	3	FF	1	ウ）ら	
0x112136	3	FF	1	ィＬト	
0x112162	3	FF	1	ィＬケ	
0x1121BE	3	FF	1	ィＬだ	
0x1121EA	3	FF	1	ィＬょ	
0x1122E6	3	FF	1	イ）に	
0x112412	3	FF	1	ウうぱ	
0x11242E	3	FF	1	ぽうで	
0x112456	3	FC	1	ぽ）げ	
0x1124D2	3	FC	1	コ）ふ	
0x1124E2	3	FC	1	イ）ね	
0x11253F	3	FF	1	こんＩ	
0x1125DE	3	F88F	1	ケ）ほ	
0x1125EA	3	F88F	1	ケ）ひ	
0x112606	3	F88F	1	ケ）と	
0x112612	3	F88F	1	ケ）ち	
0x112672	3	F88F	1	ぽあこ	
0x1127CE	3	FF	1	アうあ	
0x1127D3	3	FF	1	こガＨ	
0x1128D6	3	FF	1	ぽうニ	
0x11296A	3	FF	1	ぽうぞ	
0x11298E	3	FC	1	ぽ）が	
0x112A02	3	FC	1	ア）ひ	
0x112A12	3	FC	1	ア）ぬ	
0x112A42	3	F88F	1	Ｒねづ	
0x113326	3	FD	1	オて・	
0x113337	3	FD	1	こ験	
0x11335F	3	FD	1	こ）い	
0x11336B	3	FD	1	こ・い	
0x11338F	3	FA	1	こ＋い	
0x11339F	3	FA	1	こ、い	
0x1133D3	3	FA	1	こＹい	
0x1133DF	3	FA	1	こＶい	
0x11341F	3	F800	1	こＦい	
0x11342B	3	F800	1	こＣい	
0x113443	3	F801	1	こ６い	
0x113453	3	F801	1	こ２い	
0x11345F	3	F801	1	こポい	
0x113483	3	F801	1	こバい	
0x113493	3	F801	1	こヂい	
0x11349F	3	F801	1	こゼい	
0x1134B7	3	FB	1	こグい	
0x1134C7	3	FB	1	こュい	
0x1134D3	3	FB	1	こォい	
0x114136	3	FF	1	コ）か	
0x114496	3	FF	1	ペ）え	
0x1144E2	3	F88F	1	Ｒねけ	
0x11477E	3	F88F	1	Ｒくく	
0x1147C6	3	F88F	1	アＦえ	
0x1148FE	3	F88F	1	え（え	
0x114D2E	3	FD	1	み（ぽ	
0x114D9A	3	FF	1	ぁ）か	
0x114DD2	3	FF	1	ぁ）け	
0x11504A	3	FF	1	イちし	
0x115179	3	FF	1	あダ・	
0x1152A6	3	FF	1	アちた	
0x1152DA	3	FD	1	カぉう	
0x11542F	3	FB	1	護ぁ	
0x1154E3	3	FB	1	諺ぁ	
0x11559B	3	FB	1	祭ん	
0x117DBB	3	FE	1	詰あ	
0x1189DA	3	FC	1	ウＸゅ	
0x118A2E	3	FF	1	アてむ	
0x118A53	3	FF	1	こＭェ	
0x118B77	3	F8D2	1	旧あ	
0x118B7F	3	F8D2	1	暁あ	
0x118B83	3	F8D2	1	畦あ	
0x119B3A	3	F880	1	Ｒくリ	
0x119E49	3	FF	1	みド・	
0x119F0A	3	FF	1	ぁ）ず	
0x11A35B	3	FF	1	砂お	
0x11A35F	3	FF	1	験か	
0x11A3A7	3	FF	1	昏お	
0x11A3AB	3	FF	1	坂お	
0x11A537	3	FE	1	妻お	
0x11A622	3	FF	1	アてぅ	
0x11A75E	3	FF	1	イてい	
0x11A7AA	3	FF	1	ぽもに	
0x11A7EE	3	FF	1	ゼ（う	
0x11A996	3	FC	1	アもほ	
0x11AB4A	3	FF	1	アうぇ	
0x11AC72	3	FF	1	ゼ）え	
0x11AC8A	3	FF	1	Ｖきえ	
0x11ACFA	3	FF	1	ィＶお	
0x11AE67	3	FF	1	こブに	
0x11AF02	3	FF	1	ゾ・あ	
0x11AFA9	3	FF	1	いプ３	
0x11B092	3	FF	1	ボ・あ	
0x11B396	3	FF	1	ぞつＩ	
0x11B6A7	3	FF	1	業う	
0x11C51E	3	FD	1	エうよ	
0x11CC86	3	FE	1	エうあ	
0x11CD82	3	FF	1	セうあ	
0x11CE03	3	FF	1	はツい	
0x11CE42	3	FF	1	ア１う	
0x11CE52	3	FF	1	ア、う	
0x11CE57	3	FF	1	』ブゼ	
0x11CEAA	3	FF	1	カてぷ	
0x11CEC2	3	FF	1	イＦき	
0x11D1F2	3	F834	1	ウ）ジ	
0x11D4CE	3	FF	1	エ）や	
0x11D552	3	FF	1	ッ（こ	
0x11D606	3	FF	1	ウＦけ	
0x11D75E	3	FC	1	アちあ	
0x11DAB2	3	FF	1	キ）あ	
0x11DF2E	3	FF	1	ペ１み	
0x11DFBA	3	FC	1	イ）ぼ	
0x11E292	3	FF	1	カ）い	
0x11E78A	3	FF	1	ペ１あ	
0x11E79A	3	FF	1	ぽちあ	
0x11EA66	3	FF	1	ぽ）ぬ	
0x11EB26	3	FB	1	ペぅせ	
0x11EB3A	3	FB	1	ペぉけ	
0x11EB4E	3	FB	1	ペぉえ	
0x11EB62	3	FB	1	ペェう	
0x11EB66	3	FB	1	ペダあ	
0x11F046	3	FB	1	ペ「え	
0x11F04A	3	FB	1	ゴ＋え	
0x11F0CA	3	FF	1	ア）フ	
0x11F0DA	3	FF	1	ア）ネ	
0x11F10A	3	FF	1	アＦシ	
0x11F15E	3	FF	1	ア）ば	
0x11F176	3	FF	1	ア）ぞ	
0x11F186	3	FF	1	ア）ざ	
0x11F2FE	3	FF	1	アＦス	
0x11F30A	3	FF	1	ア）コ	
0x11F332	3	FF	1	ア）ぽ	
0x11F33E	3	FF	1	ア）ぴ	
0x11F376	3	FF	1	アＦず	
0x11F382	3	FF	1	ア）ご	
0x11F3A6	3	FF	1	アＦぉ	
0x11F41E	3	FF	1	アＦな	
0x11F69E	3	FF	1	シ）ひ	
0x11F6FD	3	FF	1	ぃペ「	
0x11F87A	3	FC	1	シあう	
0x11FA9A	3	FF	1	アうう	
0x11FA9E	3	FF	1	ぽうほ	
0x11FB86	3	F840	1	ペＸむ	
0x11FB96	3	F840	1	ペＨへ	
0x11FBB6	3	F840	1	ペＸな	
0x11FBC6	3	F840	1	ペＸち	
0x11FBE2	3	F840	1	ペＨこ	
0x11FC56	3	F840	1	ェ・く	
0x11FCBA	3	F840	1	ェ・か	
0x11FCDA	3	F840	1	ェ・う	
0x11FD7E	3	F811	1	イうわ	
0x11FF06	3	FB	1	ィ・が	
0x12022E	3	FE	1	ウぉら	
0x120246	3	FE	1	イ）む	
0x12030A	3	FF	1	コてう	
0x1203E6	3	FF	1	Ｖきく	
0x120592	3	FF	1	ケ）う	
0x1205EE	3	FF	1	ぢＧき	
0x12065A	3	FF	1	ペうか	
0x12065E	3	FF	1	Ｗきョ	
0x1209EA	3	FB	1	ぞ（こ	
0x1209EE	3	FB	1	ゥ・え	
0x120A02	3	FB	1	ィ（こ	
0x120A2E	3	FB	1	ぜ（こ	
0x120A32	3	FB	1	ィ・お	
0x120AE6	3	FA	1	ゼ）と	
0x120AF6	3	FA	1	ぜつＯ	
0x120D33	3	FB	1	こゼＹ	
0x120FA2	3	F88F	1	Ｗきあ	
0x121186	3	FF	1	ペダお	
0x1212AF	3	F880	1	はジい	
0x1213D2	3	F880	1	ヂ（こ	
0x1213EA	3	F880	1	ヅ（え	
0x12141A	3	F880	1	ペ）ビ	
0x121456	3	F880	1	Ｒびり	
0x121476	3	F880	1	Ｒねき	
0x121498	3	FF	1	タ桔	
0x1217C6	3	FC	1	ゥＦぃ	
0x12194A	3	FF	1	イ１あ	
0x12196E	3	FF	1	ゲ（う	
0x121A2E	3	FF	1	ウうい	
0x121BF6	3	FF	1	アうね	
0x121D16	3	FF	1	ぁちい	
0x121D5E	3	FF	1	ぁ）ツ	
0x121D76	3	FF	1	ぁ）ゥ	
0x121D7E	3	FF	1	ぁ、ゾ	
0x121F82	3	FF	1	ぁあい	
0x12205A	3	FF	1	ぁちあ	
0x1220AE	3	FF	1	ぁちう	
0x12223E	3	FB	1	ぢ（く	
0x122242	3	FB	1	ォ・え	
0x12227A	3	FB	1	ぜ（く	
0x12227E	3	FB	1	ェ・き	
0x122532	3	F88F	1	ゾ・ほ	
0x12255A	3	F88F	1	シ）を	
0x12261E	3	F88F	1	ザ）あ	
0x12262A	3	F88F	1	ゥ・わ	
0x1226EA	3	F811	1	イ）も	
0x122A1E	3	FA	1	ェいＧ	
0x122A82	3	FF	1	ェポせ	
0x122A96	3	FF	1	ぁ）レ	
0x122AAE	3	FF	1	ェポう	
0x122AC2	3	FF	1	ぁ）ミ	
0x122B36	3	FF	1	ペてほ	
0x122DF2	3	FF	1	ぁ）ふ	
0x1232BF	3	FB	1	公い	
0x1233A3	3	FF	1	沙ス	
0x1233A7	3	FF	1	斎あ	
0x123437	3	FB	1	はグう	
0x12343B	3	FB	1	紅え	
0x1234A7	3	FB	1	互い	
0x123803	3	FB	1	はバい	
0x123807	3	FB	1	衡う	
0x123B66	3	FB	1	ウてこ	
0x123B6A	3	FB	1	ウてそ	
0x123B6E	3	FB	1	ウてた	
0x123B72	3	FB	1	ウてて	
0x123B76	3	FB	1	ウては	
0x123B7A	3	FB	1	ウてひ	
0x123B7E	3	FB	1	ウてほ	
0x123B82	3	FB	1	ウても	
0x123B86	3	FB	1	ウてら	
0x123B8A	3	FB	1	ウてろ	
0x123B8E	3	FB	1	ウてあ	
0x123F28	3	FC	1	ァ７う	
0x12495F	3	FB	1	巧あ	
0x1249AF	3	FB	1	堺お	
0x124AE7	3	FB	1	鍵が	
0x124B3F	3	FB	1	禁ぶ	
0x124B43	3	FF	1	控バ	
0x124B47	3	FF	1	黒ベ	
0x124B4B	3	FF	1	行ブ	
0x124C1F	3	F820	1	饗お	
0x124E0F	3	FB	1	採え	
0x124EE3	3	FF	1	呼え	
0x124F3F	3	FB	1	阪い	
0x124F43	3	FB	1	穀い	
0x124F47	3	FB	1	弧う	
0x125278	3	F809	1	屯い	
0x1255EA	3	FC	1	ぜ（お	
0x125696	3	FF	1	ド阿	
0x125AB2	3	FF	1	ュ（う	
0x1261CF	3	FF	1	険デ	
0x1261E7	3	FF	1	はＮゾ	
0x1261FF	3	FF	1	は」ヂ	
0x126203	3	FF	1	詐あ	
0x1262F6	3	F800	1	ぽ１あ	
0x12633B	3	FE	1	腰ヅ	
0x126353	3	FF	1	はセゾ	
0x12636B	3	FF	1	はルヂ	
0x12636F	3	FF	1	港あ	
0x1267D2	3	FF	1	セポち	
0x12682A	3	FF	1	セＦそ	
0x12688E	3	FF	1	セ）と	
0x126A9A	3	FE	1	ぽうか	
0x126BC2	3	FA	1	イ）す	
0x126ECF	3	FC	1	ははＡ	
0x126F77	3	FB	1	こ輩	
0x127302	3	FF	1	セ、お	
0x1274FE	3	FF	1	を樫	
0x127552	3	FF	1	ぁＦあ	
0x12760B	3	FF	1	はッあ	
0x1277EA	3	FF	1	ぞ（び	
0x127A26	3	FB	1	ぞ（が	
0x127E76	3	FC	1	ぞ（ぃ	
0x1280EA	3	FB	1	ぞ（ね	
0x12829E	3	FB	1	エ）れ	
0x1282C2	3	FB	1	ウ）む	
0x1282D6	3	FB	1	ウ）ふ	
0x12857A	3	FF	1	ッ泳	
0x128602	3	FF	1	ゲ（が	
0x128616	3	FF	1	ゲ鰻	
0x12862E	3	FF	1	ぞ（と	
0x1287EA	3	FB	1	ャ（と	
0x12881A	3	FB	1	コ）く	
0x12883E	3	FB	1	ペ１ク	
0x128C42	3	FF	1	ベ域	
0x128E2E	3	FF	1	ベ憶	
0x12901A	3	FF	1	ベ芋	
0x129212	3	FF	1	ベ恩	
0x129797	3	FF	1	はげ	
0x12B022	3	FF	1	ェ瓜	
0x12B0AA	3	FF	1	ギ（ぃ	
0x12B0BE	3	FF	1	ギ宇	
0x12B0D6	3	FF	1	ぞ（ふ	
0x12B106	3	FF	1	だ（し	
0x12B292	3	FB	1	ャ（は	
0x12B2B2	3	FB	1	コ）つ	
0x12B2C2	3	FB	1	コ）せ	
0x12C422	3	FF	1	といヂ	
0x12C426	3	FF	1	ないバ	
0x12C42A	3	FF	1	ないボ	
0x12C42E	3	FF	1	ないペ	
0x12C43A	3	FF	1	ないり	
0x12C43E	3	FF	1	ないわ	
0x12C442	3	FF	1	ないぃ	
0x12C446	3	FF	1	ないト	
0x12CDF9	3	FF	1	ゥゼ・	
0x12DBFA	3	F9	1	といバ	
0x12DBFE	3	F9	1	といボ	
0x12DC02	3	F9	1	といペ	
0x12E392	3	FA	1	といく	
0x12E396	3	FA	1	といし	
0x12E39A	3	FA	1	といた	
0x12E39E	3	FA	1	といォ	
0x12EB8A	3	F9	1	といそ	
0x12EF76	3	FF	1	ブ茄	
0x12F102	3	FF	1	ブ詠	
0x12F29A	3	FF	1	ブ伊	
0x12F2EA	3	FA	1	といリ	
0x12F2EE	3	FA	1	といワ	
0x12F2F2	3	FA	1	といァ	
0x12F31A	3	FB	1	とい。	
0x12F516	3	FE	1	ッ姶	
0x12F5BE	3	FE	1	ュ（ご	
0x12F5DA	3	FE	1	ぞ（り	
0x12F792	3	FB	1	ッ（ぬ	
0x12F7A2	3	FB	1	ウ）て	
0x12F7B2	3	FB	1	イ）そ	
0x12F8AF	3	FB	1	耕ガ	
0x12F8D7	3	FB	1	溝ガ	
0x12F8FF	3	FB	1	晃ガ	
0x12F912	3	FB	1	オ）ぼ	
0x12FA32	3	FB	1	ァ（き	
0x12FAD3	3	FB	1	阪ョ	
0x12FB46	3	FB	1	ェ・え	
0x1300D2	3	FF	1	ャ旭	
0x1300E9	3	FF	1	たペ１	
0x1305FA	3	FF	1	イ）な	
0x13071F	3	FB	1	災ッ	
0x130747	3	FB	1	哉ッ	
0x1307C2	3	FF	1	コＦえ	
0x13085E	3	FF	1	ザ価	
0x130866	3	FF	1	ズ沖	
0x130916	3	FF	1	ク１ろ	
0x1309AE	3	FF	1	ク１お	
0x130A1A	3	FF	1	ザ寡	
0x130A22	3	FF	1	ズ引	
0x130AAE	3	FB	1	エう」	
0x130C6B	3	FB	1	告ォ	
0x130D2E	3	FB	1	ペ「く	
0x130F7C	3	FF	1	もむめ	
0x13103B	3	FA	1	ちエあ	
0x131206	3	FA	1	ァどた	
0x1313C8	3	FC	1	もああ	
0x1319FE	3	FF	1	ぜくり	
0x132024	3	FF	1	くくさ	
0x1324A2	3	FF	1	たみこ	
0x132519	3	FF	1	たりけ	
0x1329C8	3	FF	1	くねえ	
0x1329E4	3	FF	1	ョねえ	
0x132C10	3	FF	1	みがき	
0x132CD3	3	FF	1	あ姻	
0x132E23	3	FF	1	シたい	
0x132E53	3	FF	1	あざボ	
0x132E5A	3	FF	1	いナボ	
0x132E61	3	FF	1	うゴボ	
0x132F88	3	FF	1	くみお	
0x132FAB	3	FF	1	ョみお	
0x133037	3	FF	1	Ｍぜお	
0x1331BC	3	FF	1	しえァ	
0x13328E	3	FF	1	すえァ	
0x133551	3	FF	1	たバぽ	
0x13379E	3	FF	1	たタが	
0x133964	3	FF	1	みがあ	
0x133D33	3	FF	1	がりい	
0x133ED3	3	FF	1	がねい	
0x1340FC	3	FF	1	ぴくぷ	
0x134100	3	FF	1	ぺくぽ	
0x134104	3	FF	1	ぼくぱ	
0x134108	3	FF	1	つえつ	
0x13410C	3	FF	1	つえて	
0x13411C	3	FE	1	さここ	
0x134122	3	FE	1	にくな	
0x134128	3	FE	1	クかク	
0x134145	3	FF	1	くあく	
0x13414C	3	FE	1	たかち	
0x134158	3	FE	1	はかは	
0x134164	3	FE	1	チかが	
0x134170	3	FE	1	ふほふ	
0x134182	3	FE	1	ぇうぇ	
0x1341A0	3	FE	1	きこか	
0x1341AC	3	FE	1	ニけヌ	
0x1341BE	3	FE	1	けこく	
0x1341C4	3	FE	1	ヒかフ	
0x1341E2	3	FE	1	コかコ	
0x1341EE	3	FE	1	らかり	
0x13426A	3	FF	1	かあに	
0x134495	3	FE	1	かそか	
0x1344C9	3	FE	1	リわく	
0x1346D9	3	FF	1	こサお	
0x1346E1	3	FF	1	おサお	
0x134817	3	FF	1	むソヒ	
0x134873	3	FF	1	ヴヴな	
0x134937	3	FF	1	むずょ	
0x134997	3	FF	1	むダヴ	
0x134BD5	3	FF	1	ヴデヴ	
0x134C53	3	FF	1	ヒプぺ	
0x134CB5	3	FF	1	ヴ…ヴ	
0x134EE0	3	FF	1	ヴけＲ	
0x134FD7	3	FF	1	ヴ／う	
0x135075	3	FF	1	ヴ禄	
0x13516F	3	FF	1	ヴ凱	
0x1351F5	3	FF	1	マソぺ	
0x135280	3	FF	1	ソすボ	
0x13529C	3	FF	1	スサパ	
0x13531C	3	FF	1	ヤヴパ	
0x1353F5	3	FF	1	ヴユヴ	
0x135435	3	FF	1	ヴ舞	
0x135575	3	FF	1	ヴＩヴ	
0x135659	3	FF	1	ヲャヲ	
0x135675	3	FF	1	モずキ	
0x1356F5	3	FB	1	ヴアヴ	
0x135759	3	FA	1	くスな	
0x1358D9	3	FF	1	ヲァヲ	
0x135A27	3	FF	1	は（う	
0x135AAB	3	FF	1	ヴうし	
0x135ADD	3	FF	1	ちたあ	
0x135B6F	3	FF	1	んへせ	
0x1360AA	3	FB	1	せいＥ	
0x1360B2	3	FF	1	せいァ	
0x13623A	3	F9	1	せいク	
0x136410	3	FF	1	（さネ	
0x1365DC	3	FB	1	窄り	
0x1365E0	3	FB	1	窄ぜ	
0x1365E4	3	FB	1	くあり	
0x1365E8	3	FB	1	くあぜ	
0x1365EC	3	FB	1	やあり	
0x1365F0	3	FB	1	やあぜ	
0x1365F4	3	FB	1	ぜあり	
0x1365F8	3	FB	1	ぜあぜ	
0x1365FC	3	FB	1	シあり	
0x136600	3	FB	1	シあぜ	
0x136604	3	FB	1	リあり	
0x136608	3	FB	1	リあぜ	
0x13663C	3	FB	1	窄タ	
0x136640	3	FB	1	窄リ	
0x136644	3	FB	1	くあタ	
0x136648	3	FB	1	くあリ	
0x13664C	3	FB	1	やあタ	
0x136650	3	FB	1	やあリ	
0x136654	3	FB	1	ぜあタ	
0x136658	3	FB	1	ぜあリ	
0x13665C	3	FB	1	シあタ	
0x136660	3	FB	1	シあリ	
0x136664	3	FB	1	リあタ	
0x136668	3	FB	1	リあリ	
0x137578	3	FA	1	まらえ	
0x13C595	3	FF	1	そべる	
0x13DE96	3	F8DB	1	ふいあ	
0x13E18D	3	FF	1	ヴずる	
0x13EB49	3	FF	1	Ｒとい	
0x13F78D	3	F82C	1	Ａとい	
0x13FD48	3	FF	1	ォ鍵	
0x14019C	3	FF	1	びソう	
0x1401A0	3	FF	1	。メう	
0x1401A4	3	FF	1	タサう	
0x1401A8	3	FF	1	リキう	
0x1403C5	3	FC	1	８とい	
0x1403EA	3	F8EE	1	といけ	
0x14048C	3	FF	1	Ｉグあ	
0x14127E	3	F889	1	みいき	
0x143159	3	F8A5	1	５ひい	
0x143389	3	F89C	1	ゾひい	
0x1433D9	3	F86D	1	Ｍひい	
