offset	budget	opcode	occurrences	jp	ko
0x5E5920	6	F85A	1	わかったわ。	알겠어。
0x5E58D8	12	F85A	1	もう、無茶しないで！	이제、무리하지 마세요！
0x5E5899	18	F85A	1	先生、動いて大丈夫なの？	선생님、움직여도 괜찮아요？
0x5E584A	3	F85A	1	ダメよ	안 돼
0x5E581D	14	F85A	1	いや、今日は、帰るよ。	아니、오늘은、돌아갈게。
0x5E57EC	18	F85A	1	本当に、今から帰るんですか？	정말로、지금 돌아가시나요？
0x5E57AB	7	F85A	1	最後はワナ	마지막은 덫
0x5E577E	11	F85A	1	オオカミ避けのワナに	늑대 방지용 덫에
0x5E5764	11	F85A	1	オオカミをしとめたぞ！	늑대를 잡았다！
0x5E56CA	13	F85A	1	どこで襲われたんですか？	어디서 습격당했나요？
0x5E5614	8	F85A	1	落ち着いて、	진정하고、
0x5E54F9	5	F85A	1	しかたない	어쩔 수 없다
0x5E54D0	7	F85A	1	逃げたでやん	도망쳤습
0x5E5480	11	F85A	1	まだ、息があるでやん	아직、숨이 붙어 있습
0x5E544F	7	F85A	1	そうみたいね。	그런 것 같네。
0x5E52BE	12	F85A	1	じゃあ、お昼になったら	그럼、점심때가 되면
0x5E5244	15	F85A	1	オオカミって、たくさんいるの？	늑대가、많이 있어？
0x5E5216	19	F85A	1	じゃあ、あたし達は向うを探すわ。	그럼、우리는 저쪽을 찾을게。
0x5E51E4	11	F85A	1	そう言うことだから、	그런 거니까、
0x5E51D6	6	F85A	1	わかったわ。	알겠어。
0x5E5181	21	F85A	1	過ぎた事を、いつまでも悔やんでいても	지난 일을、언제까지나 후회해 봐야
0x5E5150	4	F85A	1	あ、いや	아、아니
0x5E512E	7	F85A	1	こんな時に、	이런 때에、
0x5E5102	5	F85A	1	だいたい、	애초에、
0x5E50DE	8	F85A	1	それは、そうだけ	그건、그렇지만
0x5E5035	4	F85A	1	だって！	왜냐면！
0x5E5009	6	F85A	1	私のせいだ	내 탓이다
0x5E4FF4	6	F85A	1	わかったわ。	알겠어。
0x5E4F89	5	F85A	1	行こう！	가자！
0x5E4F4C	19	F85A	1	朝の畑仕事から帰ってこないと	아침 밭일에서 안 돌아온다고
0x5E4EFD	4	F85A	1	ヨハン？	요한？
0x5E4EE0	5	F85A	1	ヨハンが！	요한이！
0x5E4E72	17	F85A	1	あ、私は、朝食の準備とか	아、저는、아침 식사 준비라든가
0x5E4E3C	17	F85A	1	いや、なんか目が覚めちゃって。	아니、뭔가 잠이 깨서。
0x5E4E26	11	F85A	1	朝、早いんですね。	아침、일찍이시네요。
0x5E4E0E	6	F85A	1	あ、おはよう	아、안녕
0x5E4DDC	3	F85A	1	よし。	좋아。
0x5E4D6B	13	F85A	1	信じてくれてありがとう。	믿어 줘서 고마워。
0x5E4CA2	12	F85A	1	（道場で見つかった	（도장에서 발견된
0x5E4C41	8	F85A	1	植物の化け	식물 괴
0x5E4C01	5	F85A	1	嘘だろ？	거짓말이지？
0x5E4BD5	14	F85A	1	それは、先生じゃないわ。	그건、선생님이 아니야。
0x5E4BAA	7	F85A	1	そうみたいね。	그런 것 같네。
0x5E4B98	10	F85A	1	これで、終わりか？	이걸로、끝인가？
0x5E4AEA	14	F85A	1	あーあ、これで勢ぞろいね。	아～아、이걸로 총집합이네。
0x5E4AAB	6	F85A	1	お兄様！	오라버니！
0x5E4A80	20	F85A	1	キミは、普通じゃなかったみたいだな。	자네는、평범하지 않았던 모양이군。
0x5E4A3E	9	F85A	1	やってくれるわね、	해주는군、
0x5E47AB	10	F85A	1	黙れ！化け物！	닥쳐！괴물！
0x5E474A	16	F85A	1	あら、あたしのせいじゃないわよ？	어머、내 탓이 아니야？
0x5E46E9	12	F85A	1	そこに、転がってるわ。	거기에、굴러다녀。
0x5E46B2	3	F85A	1	あら、	어머、
0x5E4674	6	F85A	1	おかしいな。	이상하군。
0x5E4640	6	F85A	1	（コンコン）	（똑똑）
0x5E45F9	12	F85A	1	（行こうとしてたのは、	（가려고 했던 건、
0x5E4574	15	F85A	1	俺には、本当の事なのか	나로서는、정말인지 어떤지
0x5E4470	14	F85A	1	私、気付いちゃったの！	나、눈치채 버렸어！
0x5E4465	6	F85A	1	え？何が？	에？뭐가？
0x5E43B9	6	F85A	1	（コンコン）	（똑똑）
0x5E435E	13	F85A	1	やっぱり、追いかけよう。	역시、쫓아가자。
0x5E432D	12	F85A	1	（ゆっくり休みました）	（푹 쉬었습니다）
0x5E4247	6	F85A	1	べっつに～？	별～로？
0x5E41FB	4	F85A	1	いいの！	됐어！
0x5E41CF	9	F85A	1	１週間やそこら	１주일 남짓
0x5E40F8	6	F85A	1	あ、お帰り	아、어서 와
0x5E40D5	8	F85A	1	着きましたよ。	도착했어요。
0x5E4047	14	F85A	1	（お、これは貰っておこう）	（오、이건 받아 두자）
0x5E3FEB	7	F85A	1	まだ来るぞ！	아직 온다！
0x5E3F80	9	F85A	1	任せてください。	맡겨 주세요。
0x5E3F32	7	F85A	1	どうしました？	무슨 일입니까？
0x5E3EEE	22	F85A	1	それが大きな要因だとは、思いますよ。	그게 큰 요인이라고는、생각해요。
0x5E3ED1	21	F85A	1	それは、やっぱり宇宙港ができたから？	그건、역시 우주항이 생겨서？
0x5E3EA0	11	F85A	1	うーん、そうですねぇ。	으음、그렇네요。
0x5E3E83	21	F85A	1	最近、この辺りは物騒なんですか？	최근、이 근처는 뒤숭숭한가요？
0x5E3E47	7	F85A	1	さあ、そろそろ	자、슬슬
0x5E3DC8	15	F85A	1	あ、ちょっと待ってください。	아、잠깐 기다려 주세요。
0x5E3D4F	9	F85A	1	あ、そうですよね。	아、그렇죠。
0x5E3D22	12	F85A	1	積荷は、なんですか？	적재물은、뭔가요？
0x5E3C86	8	F85A	1	列車ですか。	열차인가요。
0x5E3C25	17	F85A	1	（街中を走っている馬車は	（거리를 달리는 마차는
0x5E3BBA	8	F85A	1	馬車ですよ？	마차인데요？
0x5E3B54	11	F85A	1	さ、乗ってください。	자、타세요。
0x5E3B3A	9	F85A	1	任せてください。	맡겨 주세요。
0x5E3AF8	8	F85A	1	やっぱりそうだ。	역시 그렇다。
0x5E3AD7	3	F85A	1	あの、	저、
0x5E3A22	16	F85A	1	これは、お詫びの気持ちだ。	이건、사과의 뜻이다。
0x5E39E9	14	F85A	1	今回は、すまなかったな。	이번엔、미안했다。
0x5E39B1	10	F85A	1	街が見えたでやん	거리가 보였습
0x5E3941	7	F85A	1	疲れたでやん	지쳤습
0x5E390F	13	F85A	1	ああ、歩いて帰らないと	아아、걸어서 돌아가지 않으면
0x5E38F9	6	F85A	1	まだでやんす	아직입죠
0x5E38A4	3	F85A	1	くそ！	젠장！
0x5E3898	8	F85A	1	盗賊団！？	도적단！？
0x5E37EF	13	F85A	1	何が起こったでやんす。	무슨 일이 일어났습죠。
0x5E37E2	5	F85A	1	なんだ！？	뭐냐！？
0x5E379A	10	F85A	1	交代時間だ。	교대 시간이다。
0x5E371D	7	F85A	1	完璧です！	완벽합니다！
0x5E370C	12	F85A	1	ああ、準備の方は？	아아、준비 쪽은？
0x5E36E0	4	F85A	1	お頭！	두령！
0x5E367A	11	F85A	1	結局、終点まで	결국、종점까지
0x5E35CF	17	F85A	1	宇宙船は大丈夫なのに、	우주선은 괜찮은데、
0x5E35B4	11	F85A	1	うーん、気持ち悪	으음、속이 안 좋
0x5E356B	19	F85A	1	さあ、今日も列車の護衛だ。	자、오늘도 열차 호위다。
0x5E347C	17	F85A	1	宇宙船は大丈夫なのに、	우주선은 괜찮은데、
0x5E3461	11	F85A	1	うーん、気持ち悪	으음、속이 안 좋
0x5E3418	19	F85A	1	さあ、今日も列車の護衛だ。	자、오늘도 열차 호위다。
0x5E3375	11	F85A	1	では、これは報酬の	그럼、이건 보수인
0x5E32CA	18	F85A	1	いやあ、今日は、助かりました。	아이고、오늘은、도움이 됐습니다。
0x5E3292	21	F85A	1	じゃあ、もう少し狩ったら帰りますか。	그럼、조금 더 사냥하고 돌아갈까요。
0x5E3278	8	F85A	1	あ、そうですね。	아、그렇네요。
0x5E325C	16	F85A	1	シカは、空を飛ぶ物ですよ。	사슴은、하늘을 나는 겁니다。
0x5E3237	21	F85A	1	いや、まさか鹿が空を飛んでいるとは、	아니、설마 사슴이 하늘을 날고 있을 줄은、
0x5E3221	14	F85A	1	ようやく一段落ですね。	겨우 한숨 돌렸네요。
0x5E3136	9	F85A	1	あ、また来ます！	아、또 옵니다！
0x5E3100	13	F85A	1	（想像していた物と、	（상상했던 것과、
0x5E306A	8	F85A	1	はい、シカです。	네、사슴입니다。
0x5E303E	7	F85A	1	あ、いました。	아、있었습니다。
0x5E3011	15	F85A	1	案内は、私がしますので、	안내는、제가 하겠으니、
0x5E2FE8	9	F85A	1	任せてください！	맡겨 주세요！
0x5E2FA5	19	F85A	1	町の者でも手分けして少しずつ	마을 사람들도 나눠서 조금씩
0x5E2F75	12	F85A	1	それを、防ぐためには、	그것을、막기 위해서는、
0x5E2F58	10	F85A	1	増えすぎたシカは、	너무 늘어난 사슴은、
0x5E2F38	20	F85A	1	天敵がいなくなって、シカが増える。	천적이 없어져서、사슴이 늘어난다。
0x5E2EF3	18	F85A	1	オオカミは、稀に人を襲う事も	늑대는、드물게 사람을 덮치는 일도
0x5E2E74	16	F85A	1	いえ、規模こそ違いますが、	아뇨、규모야 다르지만、
0x5E2E5E	17	F85A	1	その農場が原因なんですか？	그 농장이 원인인가요？
0x5E2E51	5	F85A	1	そうです。	그렇습니다。
0x5E2DB9	17	F85A	1	原因は、判っているんですか？	원인은、알고 계신가요？
0x5E2D8A	9	F85A	1	最近、この町	최근、이 마을
0x5E2D72	8	F85A	1	よろしいですか？	괜찮으신가요？
0x5E2D51	13	F85A	1	よく来てくださいました。	잘 와 주셨습니다。
0x5E2D27	16	F85A	1	鹿退治の依頼を受けて	사슴 퇴치 의뢰를 받고
0x5E2CB1	5	F85A	1	嘘だろ？	거짓말이지？
0x5E2CA3	6	F85A	1	植物ね。	식물이네。
0x5E2C00	3	F85A	1	あら、	어머、
0x5E2BCB	17	F85A	1	邪魔ものは、いなくなったわね。	방해꾼은、사라졌네。
0x5E2AE0	14	F85A	1	それは、先生じゃないわ。	그건、선생님이 아니야。
0x5E2A9E	5	F85A	1	それより、	그보다、
0x5E2A8C	4	F85A	1	さすが、	역시、
0x5E2988	12	F85A	1	あら、来ちゃったのね。	어머、와 버렸네。
0x5E28F3	5	F85A	1	残念。	아쉽네。
0x5E281E	18	F85A	1	それより、被害者っていうのは？	그보다、피해자라는 건？
0x5E272B	6	F85A	1	（コンコン）	（똑똑）
0x5E26F2	3	F85A	1	たぶん	아마
0x5E2644	16	F85A	1	ほほう、そんな事があったのか。	호오、그런 일이 있었나。
0x5E2571	14	F85A	1	もう持ち主はいないから、	이제 주인은 없으니까、
0x5E2542	11	F85A	1	じゃあ、このお宝は、	그럼、이 보물은、
0x5E2512	4	F85A	1	さあね。	글쎄。
0x5E2500	10	F85A	1	密輸でやんすか？	밀수입죠？
0x5E2468	9	F85A	1	本当でやんす。	정말입죠。
0x5E242F	9	F85A	1	宇宙船だよ、	우주선이야、
0x5E2406	9	F85A	1	え？なんでやんす？	에？뭡죠？
0x5E23C0	8	F85A	1	ごめんでやんす。	미안합죠。
0x5E238A	17	F85A	1	どこに、危険が潜んでいるかも	어디에、위험이 숨어 있을지도
0x5E2378	10	F85A	1	助かったでやんす。	살았습죠。
0x5E22A2	9	F85A	1	平気でやんす！	괜찮습죠！
0x5E21FC	13	F85A	1	（早く報告しないと、	（빨리 보고하지 않으면、
0x5E21A6	11	F85A	1	たしかに、すごいんだけ	확실히、대단하긴 한데
0x5E2082	20	F85A	1	じゃあ、オオカミ退治は明日にして	그럼、늑대 퇴치는 내일로 하고
0x5E203F	5	F85A	1	先生！	선생님！
0x5E1FD1	14	F85A	1	えーと、先生って事は、	그러니까、선생님이라는 건、
0x5E1FBE	11	F85A	1	まあ、そう言うこと。	뭐、그런 셈이지。
0x5E1FA4	18	F85A	1	あ、じゃあ、格闘技の先生？	아、그럼、격투기 선생님？
0x5E1E5B	8	F85A	1	はい、先生。	네、선생님。
0x5E1E2E	5	F85A	1	仕事？	일？
0x5E1D2E	16	F85A	1	お兄様は、見張ってないと	오라버니는、지켜보지 않으면
0x5E1D0C	17	F85A	1	まあ、見つかったら見つかったで	뭐、들키면 들키는 대로
0x5E1CD7	5	F85A	1	（バサッ）	（툭）
0x5E1C82	12	F85A	1	でも、帰ってきたのは、	그래도、돌아온 것은、
0x5E1C5F	9	F85A	1	お久しぶりです。	오랜만입니다。
0x5E1BF9	19	F85A	1	もう少し早く出ればよかったわね。	조금 더 일찍 나올 걸 그랬네。
0x5E1B73	9	F85A	1	さあ、行こうか。	자、갈까。
0x5E1B57	10	F85A	1	いや、そうでもない。	아니、그렇지도 않다。
0x5E1B39	22	F85A	1	あの時、見逃したのが失敗だったな。	그때、놓아준 게 실수였군。
0x5E1AEF	19	F85A	1	俺が助けた命を、俺が奪うなん	내가 구한 목숨을、내가 빼앗다니
0x5E1A94	5	F85A	1	つまらない	시시한
0x5E19EF	14	F85A	1	ははは、正しい判断だ。	하하하、옳은 판단이다。
0x5E19DC	11	F85A	1	組むわけ無いだろ。	손잡을 리 없잖아。
0x5E1915	14	F85A	1	こっちだ、ついて来てくれ。	이쪽이다、따라와 줘。
0x5E18DC	17	F85A	1	よし、決まったらすぐ行動だ。	좋아、정해지면 바로 행동이다。
0x5E18CA	10	F85A	1	本気でやんすか？	진심입죠？
0x5E18B2	5	F85A	1	よろしく、	잘 부탁해、
0x5E185B	13	F85A	1	あなたも、強かったです。	당신도、강했습니다。
0x5E182E	12	F85A	1	まさか、俺が負けると	설마、내가 질 줄은
0x5E17E1	18	F85A	1	まったく、賞金稼ぎというのは、	정말、현상금 사냥꾼이라는 것은、
0x5E176C	9	F85A	1	また賞金稼ぎ	또 현상금 사냥꾼
0x5E1737	12	F85A	1	俺を探してるのかな？	나를 찾고 있는 걸까？
0x5E1715	13	F85A	1	確かこの辺りでやんす。	분명 이 근처입죠。
0x5E1686	5	F85A	1	行こう！	가자！
0x5E15D3	19	F85A	1	じゃあ、受ける仕事が決まったら	그럼、받을 일이 정해지면
0x5E15C9	5	F85A	1	乗った！	받아들이지！
0x5E15AF	5	F85A	1	乗った！	받아들이지！
0x5E157B	19	F85A	1	別に、ぼったくろうって訳じゃない。	딱히、바가지 씌우려는 건 아니다。
0x5E1516	13	F85A	1	わざわざ危険を冒して	굳이 위험을 무릅쓰고
0x5E14D5	19	F85A	1	あれ全部、仕事の依頼なんだ	저거 전부、일 의뢰인 거다
0x5E14B1	16	F85A	1	（確かに、張り紙がたくさん	（확실히、벽보가 잔뜩
0x5E1484	14	F85A	1	なに、簡単な仕事だ。	뭘、간단한 일이다。
0x5E1444	16	F85A	1	ワクチンを安く譲るかわりに、	백신을 싸게 넘기는 대신、
0x5E140F	21	F85A	1	そこで、こちらからも一つ頼みたい事が	그래서、이쪽에서도 한 가지 부탁할 게
0x5E1405	5	F85A	1	ですよね。	그렇죠。
0x5E13D9	13	F85A	1	ただ、まあ、今ワクチンを	다만、뭐、지금 백신을
0x5E13B7	8	F85A	1	まあ、俺達も	뭐、우리도
0x5E137F	14	F85A	1	だから、なんとかしてやるって	그러니까、어떻게든 해주겠다고
0x5E1341	10	F85A	1	おいおい、そんな顔	어이어이、그런 얼굴
0x5E12D1	21	F85A	1	仕事の斡旋なんかもやってるんでね。	일 알선 같은 것도 하고 있어서 말이야。
0x5E1296	18	F85A	1	今、ワクチンの事を聞くなんて、	지금、백신 얘기를 묻다니、
0x5E1275	5	F85A	1	あ、じゃあ	아、그럼
0x5E1265	8	F85A	1	で、注文は？	그래서、주문은？
0x5E1237	8	F85A	1	話の続きは、	얘기의 계속은、
0x5E11FD	9	F85A	1	ちょっと待ちな。	잠깐 기다려。
0x5E11DD	11	F85A	1	いえ、ワクチンについて	아뇨、백신에 대해
0x5E11D1	7	F85A	1	注文かい？	주문인가？
0x5E11BC	10	F85A	1	ちょっといいですか？	잠깐 괜찮을까요？
0x5E1190	23	F85A	1	ワクチンの情報でも聞き込みに行くか。	백신 정보라도 알아보러 갈까。
0x5E1116	9	F85A	1	信じられないわ。	믿을 수 없어。
0x5E10CD	14	F85A	1	えーと、ちょっと待ってよ？	그러니까、잠깐 기다려？
0x5E10A5	6	F85A	1	それが、今	그게、지금
0x5E108B	11	F85A	1	それで、あなたの船は	그래서、당신 배는
0x5E102A	15	F85A	1	あんまり言われる物だから、	하도 그런 말을 들어서、
0x5E100C	13	F85A	1	（どんな操縦するんだろ	（어떤 조종을 할까
0x5E0FAE	8	F85A	1	持ってるわよ？	갖고 있는데？
0x5E0F4E	11	F85A	1	そう、それならいいわ。	그래、그렇다면 됐어。
0x5E0F33	11	F85A	1	一応、持ってるけ	일단、갖고 있는데
0x5E0EFC	5	F85A	1	ダメかな？	안 될까？
0x5E0E93	17	F85A	1	（仲間に誘ってみようかな？）	（동료로 권해 볼까？）
0x5E0E3A	16	F85A	1	踏みつけたのも何かの縁ね。	밟은 것도 무슨 인연이네。
0x5E0DC7	12	F85A	1	別に、寝てたわけじゃ	딱히、자고 있던 건
0x5E0CF0	11	F85A	1	では、これは報酬の	그럼、이건 보수인
0x5E0CE3	8	F85A	1	だといいですね。	그러면 좋겠네요。
0x5E0CA6	18	F85A	1	いやあ、今日は、助かりました。	아이고、오늘은、도움이 됐습니다。
0x5E0C28	11	F85A	1	もう一息でやんす！	조금만 더입죠！
0x5E0BD1	11	F85A	1	まだまだいるでやんす！	아직 많이 있습죠！
0x5E0B7D	8	F85A	1	よし、行くぞ。	좋아、간다。
0x5E0B68	13	F85A	1	オオカミの群れでやんす！	늑대 무리입죠！
0x5E0B4E	9	F85A	1	任せてください。	맡겨 주세요。
0x5E0ACA	9	F85A	1	そういうことです。	그런 겁니다。
0x5E0A8B	9	F85A	1	ははあ、なるほど。	하아、과연。
0x5E0A28	23	F85A	1	何か思い当たる原因は、あるんですか？	뭔가 짚이는 원인은、있습니까？
0x5E09B3	15	F85A	1	それは、今までになかった事	그건、지금까지 없던 일
0x5E0986	20	F85A	1	最近、この町にオオカミの一群が	최근、이 마을에 늑대 무리가
0x5E096E	8	F85A	1	よろしいですか？	괜찮으신가요？
0x5E094D	13	F85A	1	よく来てくださいました。	잘 와 주셨습니다。
0x5E0923	16	F85A	1	狼退治の依頼を受けて	늑대 퇴치 의뢰를 받고
0x5E0855	9	F85A	1	よくやってくれた！	잘해 줬다！
0x5E0776	7	F85A	1	よし！いくぞ！	좋아！간다！
0x5E0756	9	F85A	1	で、でたでやんす！	나、나왔습죠！
0x5E0726	9	F85A	1	なんだ、よかった。	뭐야、다행이다。
0x5E0701	8	F85A	1	なんでもないわ。	아무것도 아니야。
0x5E06F0	9	F85A	1	ど、どうしたの！？	무、무슨 일이야！？
0x5E06E4	4	F85A	1	痛っ！	아얏！
0x5E06AB	20	F85A	1	急に森の雰囲気が変わったぞ？	갑자기 삼림 분위기가 바뀌었다？
0x5E0694	15	F85A	1	変なところに出たでやんす。	이상한 데로 나왔습죠。
0x5E0662	12	F85A	1	ふう、なんとかなったな。	휴、어떻게든 됐군。
0x5E060C	9	F85A	1	オオカミでやんす！	늑대입죠！
0x5E05C2	12	F85A	1	ふう、なんとかなったな。	휴、어떻게든 됐군。
0x5E056E	7	F85A	1	シカでやんす！	사슴입죠！
0x5E04D6	5	F85A	1	よろしく、	잘 부탁해、
0x5E0456	17	F85A	1	俺は、キミの命を助けてやった	나는、자네 목숨을 구해 줬다
0x5E042C	22	F85A	1	犯罪者の前に、私のお兄様です。	범죄자이기 전에、제 오라버니입니다。
0x5E03F1	5	F85A	1	お兄様	오라버니
0x5E03D3	10	F85A	1	ふう、しかたないな。	휴、어쩔 수 없군。
0x5E0307	18	F85A	1	なんか話がよくわからない方向に	뭔가 얘기가 이상한 방향으로
0x5E02C1	9	F85A	1	はい、お兄様。	네、오라버니。
0x5E02A6	19	F85A	1	じゃあ、俺を捕まえに来たんだね。	그럼、나를 잡으러 온 거군。
0x5E026B	17	F85A	1	そんな事なんておっしゃらないで！	그런 말씀 하지 마세요！
0x5E0207	6	F85A	1	そうですわ。	그래요。
0x5E01BB	14	F85A	1	まあ、そういう事になるな。	뭐、그런 셈이 되는군。
0x5E011D	5	F85A	1	お兄様	오라버니
0x5E006F	6	F85A	1	ああ、なるほ	아아、과
0x5E002B	17	F85A	1	あー、正確にはオオカミかどうか	아、정확히는 늑대인지 어떤지
0x5DFFF0	15	F85A	1	なんで、見た人がいないのに	어째서、본 사람이 없는데
0x5DFF70	14	F85A	1	二桁も殺されてるのに？	두 자릿수나 살해당했는데？
0x5DFEE4	23	F85A	1	今回は、すでに犠牲者が出ているの。	이번엔、이미 희생자가 나왔어。
0x5DFE54	12	F85A	1	町の様子は見た？	마을 상황은 봤어？
0x5DFDF8	7	F85A	1	そうなんです。	그렇습니다。
0x5DFD0D	11	F85A	1	まあ、なんとかなるよ。	뭐、어떻게든 되겠지。
0x5DFBFC	16	F85A	1	ライセンスの有効期限は、	라이선스 유효기간은、
0x5DF9BB	10	F85A	1	はい、それでしたら、	네、그러시면、
0x5DF998	19	F85A	1	賞金稼ぎの登録をしたいのです	현상금 사냥꾼 등록을 하고 싶습니다
0x5DF4F5	19	F85A	1	いや、俺なんてたいした事無いよ。	아니、나 따위 대단할 것 없어。
0x5DF4E0	13	F85A	1	あなた、なかなかやるわね。	당신、제법이네。
0x5DF4D0	5	F85A	1	（バタッ）	（털썩）
0x5DF4AA	11	F85A	1	賞金稼ぎなんかに	현상금 사냥꾼 따위에게
0x5DF407	13	F85A	1	クソッ、賞金稼ぎか！	젠장、현상금 사냥꾼인가！
0x5DF3EE	8	F85A	1	見つけたわよ、	찾았어、
0x5DF3A0	11	F85A	1	俺も協力します。	저도 협력하겠습니다。
0x5DEF14	6	F85A	1	本人は、	본인은、
0x5DEECB	23	F85A	1	俺は、賞金稼ぎに狙われているんだぞ？	나는、현상금 사냥꾼에게 쫓기고 있다？
0x5DEE63	16	F85A	1	詳しい話は、よくわかりません	자세한 얘기는、잘 모릅니다
0x5DEDDD	10	F85A	1	よかったでやんすか？	괜찮았습죠？
0x5DED76	9	F85A	1	さあ、そこのキミ！	자、거기 자네！
0x5DECE3	7	F85A	1	終わったよ。	끝났어。
0x5DECBC	10	F85A	1	お兄様の復讐	오라버니의 복수
0x5DEC24	11	F85A	1	では、これは報酬の	그럼、이건 보수인
0x5DEBBE	18	F85A	1	いやあ、今日は、助かりました。	아이고、오늘은、도움이 됐습니다。
0x5DEB71	12	F85A	1	しばらく休憩したら、	잠시 쉬었다가、
0x5DEB5B	14	F85A	1	ようやく一段落ですね。	겨우 한숨 돌렸네요。
0x5DEA69	7	F85A	1	よし、来い！	좋아、와라！
0x5DEA58	9	F85A	1	あ、また来ます！	아、또 옵니다！
0x5DE9F7	8	F85A	1	よし、行くぞ！	좋아、간다！
0x5DE9E8	7	F85A	1	あ、いました。	아、있었습니다。
0x5DE9CE	9	F85A	1	任せてください。	맡겨 주세요。
0x5DE99D	3	F85A	1	やはり	역시
0x5DE989	12	F85A	1	お待ちしておりました。	기다리고 있었습니다。
0x5DE95F	16	F85A	1	シカ退治の依頼を受けて	사슴 퇴치 의뢰를 받고
0x5DE929	7	F85A	1	まったくだよ。	정말이야。
0x5DE90C	21	F85A	1	到着して早々ついてないでやんすね。	도착하자마자 운이 없습죠。
0x5DE8F4	7	F85A	1	まあ、大丈	어머、괜
0x5DE8CD	8	F85A	1	（タタタタタッ）	（타타타타탓）
0x5DE87A	17	F85A	1	いけない、こんな事をしていては、	안 되겠다、이러고 있어서는、
0x5DE862	8	F85A	1	昼寝ってそん	낮잠이라니 그
0x5DE830	10	F85A	1	まあ、大丈夫？	어머、괜찮아？
0x5DE824	4	F85A	1	いたた。	아야야。
0x5DE80C	16	F85A	1	あら、何か踏んでしまったわ。	어머、뭔가 밟아 버렸네。
0x5DE7FE	6	F85A	1	（ムギュッ）	（뭉개）
0x5DE7E4	7	F85A	1	待ちなさい！	기다리세요！
0x5DE7B4	6	F85A	1	邪魔だ！	방해다！
0x5DE7A4	8	F85A	1	（タタタタタッ）	（타타타타탓）
0x5DE73B	3	F85A	1	くそ！	젠장！
0x5DE71F	8	F85A	1	お待ちなさい！	기다리세요！
0x5DE6D7	15	F85A	1	宇宙港がなかった頃は、	우주항이 없던 시절엔、
0x5DE6C8	8	F85A	1	そうでやんすね。	그렇습죠。
0x5DE61E	9	F85A	1	もったいないでやん	아깝습
0x5DE5C6	5	F85A	1	やめよう。	그만두자。
0x5DE55C	17	F85A	1	（今は、自由行動中で、	（지금은、자유 행동 중이라、
0x5DE529	9	F85A	1	（今は、ちょうど	（지금은、마침
0x5DE478	9	F85A	1	（今は、ちょうど	（지금은、마침
0x5DE3E8	6	F85A	1	わかったわ。	알겠어。
0x5DE2EB	6	F85A	1	お、そろそろ	오、슬슬
0x5DE2D2	17	F85A	1	なかなか、快適な旅でやんす。	제법、쾌적한 여행입죠。
0x5DE27D	14	F85A	1	ほかに質問のある者は？	그 밖에 질문 있는 자는？
0x5DE26B	13	F85A	1	つまらない答えでやんす。	시시한 대답입죠。
0x5DE23A	17	F85A	1	食事は、こちらで用意する。	식사는、이쪽에서 준비한다。
0x5DE223	18	F85A	1	バナナは、おやつに入るでやんすか？	바나나는、간식에 들어갑죠？
0x5DE156	21	F85A	1	では、今から簡単に説明を行う。	그럼、지금부터 간단히 설명하겠다。
0x5DE139	12	F85A	1	向こうみたいでやんす。	저쪽인 것 같습죠。
0x5DE0C5	14	F85A	1	うん、軌道エレベーターと	응、궤도 엘리베이터와
0x5DE0A1	11	F85A	1	列車だけじゃなく、	열차뿐만 아니라、
0x5DE03F	3	F85A	1	くそ！	젠장！
0x5DE010	9	F85A	1	なんだ、よかった。	뭐야、다행이다。
0x5DDFEB	8	F85A	1	なんでもないわ。	아무것도 아니야。
0x5DDFDA	9	F85A	1	ど、どうしたの！？	무、무슨 일이야！？
0x5DDFCE	4	F85A	1	痛っ！	아얏！
0x5DDEC1	8	F85A	1	そうでやんすか。	그렇습죠。
0x5DDEB5	7	F85A	1	知らないわ。	몰라。
0x5DDE92	5	F85A	1	それより、	그보다、
0x5DDE82	8	F85A	1	なんでもないわ。	아무것도 아니야。
0x5DDDBB	5	F85A	1	触るな！	만지지 마라！
0x5DDD71	9	F85A	1	楽しみでやんす。	기대됩죠。
0x5DDD0F	14	F85A	1	オイラも一度でいいから、	나도 한 번이면 되니까、
0x5DDBC6	8	F85A	1	そうでやんすね。	그렇습죠。
0x5DDB70	9	F85A	1	少し前までは、	얼마 전까지는、
0x5DDAED	15	F85A	1	大儲けじゃないでやんすか。	큰돈 버는 거 아닙죠。
0x5DDAA7	18	F85A	1	今の「よし！」は、なんでやんすか！	방금 「좋아！」는、뭡죠！
0x5DDA97	8	F85A	1	放っておこう！	내버려 두자！
0x5DDA4E	15	F85A	1	今、この星にいるでやんす！	지금、이 별에 있습죠！
0x5DDA3D	9	F85A	1	どこにいるんだい？	어디에 있나？
0x5DD996	8	F85A	1	放っておこう！	내버려 두자！
0x5DD979	13	F85A	1	よし、捕まえに行こう。	좋아、잡으러 가자。
0x5DD949	6	F85A	1	わかったわ。	알겠어。
0x5DD874	4	F85A	1	まるで、	마치、
0x5DD85D	15	F85A	1	それにしても、すごい森だな。	그건 그렇고、대단한 삼림이군。
0x5DD830	10	F85A	1	調査も兼ねて、	조사도 겸해서、
0x5DD820	8	F85A	1	そうでやんすね。	그렇습죠。
0x5DD7C4	19	F85A	1	なんだか、嫌な感じの森でやんす。	뭔가、기분 나쁜 삼림입죠。
0x5DD7AD	7	F85A	1	うん、この森	응、이 삼림
0x5DD796	8	F85A	1	あったでやんす！	있었습죠！
0x5DD773	15	F85A	1	確かこの辺りから森が急	분명 이 근처부터 삼림이 갑
0x5DD728	8	F85A	1	気になるなら、	신경 쓰이면、
0x5DD6DC	6	F85A	1	この間は、	지난번엔、
0x5DD658	11	F85A	1	まあ、そんなものだよ。	뭐、그런 거야。
0x5DD645	11	F85A	1	そんなものでやんすか。	그런 겁죠。
0x5DD5FF	18	F85A	1	宇宙港で、貿易するだけなら	우주항에서、무역만 한다면
0x5DD5D8	13	F85A	1	そんな、星に近づいて、	그런、별에 다가가서、
0x5DD563	13	F85A	1	監視用モニター艦？	감시용 모니터함？
0x5DD518	12	F85A	1	まあ、落ち着きなよ。	자、진정해。
0x5DD508	8	F85A	1	やばいでやんす！	큰일입죠！
0x5DD4C8	15	F85A	1	レーダーに、機影多数！	레이더에、기영 다수！
0x5DD4A2	8	F85A	1	みたいでやんす。	그런 것 같습죠。
0x5DD45D	7	F85A	1	放っておけ。	내버려 둬라。
0x5DD3FA	13	F85A	1	ははは、威勢がいいな。	하하하、기세가 좋군。
0x5DD3D9	9	F85A	1	おまえらなんかに、	너희들 따위에게、
0x5DD3C7	10	F85A	1	助けて欲しいか？	도움을 받고 싶나？
0x5DD361	4	F85A	1	おっと、	이런、
0x5DD334	4	F85A	1	お頭！	두령！
0x5DD309	16	F85A	1	おや、まだ生き残りがいたか。	이런、아직 생존자가 있었나。
0x5DD2BB	11	F85A	1	もう無理でやんす！	이제 무리입죠！
0x5DD2AA	9	F85A	1	いや、まだやれる！	아니、아직 할 수 있다！
0x5DD242	8	F85A	1	うん、おいしい。	응、맛있다。
0x5DD22F	11	F85A	1	（食事をしました）	（식사를 했습니다）
0x5DD223	4	F85A	1	はいよ。	자 여기。
0x5DD204	8	F85A	1	じゃあ、これとこ	그럼、이것과 이
0x5DD180	8	F85A	1	おう、来たな。	오냐、왔군。
0x5DD119	13	F85A	1	さて、どこへ行こうかな。	자、어디로 갈까。
0x5DD031	19	F85A	1	（お兄様が盗賊団のリーダー？	（오라버니가 도적단 리더？
0x5DD01E	8	F85A	1	みたいでやんす。	그런 것 같습죠。
0x5DCFD9	7	F85A	1	放っておけ。	내버려 둬라。
0x5DCF44	16	F85A	1	おや、まだ生き残りがいたか。	이런、아직 생존자가 있었나。
0x5DCF32	4	F85A	1	ですね。	그렇네요。
0x5DCEC2	9	F85A	1	いや、まだやれる！	아니、아직 할 수 있다！
0x5DCE89	10	F85A	1	くそ、数が多い！	젠장、수가 많다！
0x5DCC27	10	F85A	1	そうみたいでやんす。	그런 것 같습죠。
0x5DCBF1	8	F85A	1	植物のツル？	식물 덩굴？
0x5DCB4B	10	F85A	1	（キシャァァァッ！）	（키샤아아앗！）
0x5DCB26	15	F85A	1	あのシカ、なんか変でやんす。	저 사슴、뭔가 이상합죠。
0x5DCAF9	6	F85A	1	なんだ、シカ	뭐냐、사슴
0x5DCA78	22	F85A	1	まあ、普通のものより凶暴といっても、	뭐、평범한 것보다 흉포하다고 해도、
0x5DC9DE	7	F85A	1	そう、シカだ。	그래、사슴이다。
0x5DC9A8	20	F85A	1	今日、狩って来てもらいたいのは、	오늘、사냥해 와 줬으면 하는 건、
0x5DC991	7	F85A	1	待たせたな。	기다리게 했군。
0x5DC95E	5	F85A	1	管理が	관리가
0x5DC8E9	12	F85A	1	私の大切な物よ。	내 소중한 물건이야。
0x5DC81E	4	F85A	1	いいから	됐으니까
0x5DC7DC	8	F85A	1	私は、いいわ。	나는、됐어。
0x5DC6D9	20	F85A	1	仕入れて他の星に持っていけば、	사들여서 다른 별에 가져가면、
0x5DC69F	9	F85A	1	それがいいかもね。	그게 좋을지도。
0x5DC666	8	F85A	1	そうでやんすか。	그렇습죠。
0x5DC607	10	F85A	1	どうだったでやんす？	어땠습죠？
0x5DC5C7	9	F85A	1	なるほどでやんす。	과연입죠。
0x5DC56D	15	F85A	1	まあ、副業としてだけどね。	뭐、부업으로서지만。
0x5DC504	6	F85A	1	何の用っ	무슨 볼일
0x5DC49D	5	F85A	1	まあまあ、	자자、
0x5DC3A7	18	F85A	1	最後は、ブラザー達おまちかね！	마지막은、브라더들이 기다리던！
0x5DC34A	16	F85A	1	（お、賞金首の情報だ）	（오、현상범 정보다）
0x5DC307	12	F85A	1	賞金首速報！！	현상범 속보！！
0x5DC26D	17	F85A	1	いえいえ、あなたが弱らせてくれた	아뇨아뇨、당신이 약하게 만들어 준
0x5DC24C	10	F85A	1	あ、そうなんですか。	아、그런가요。
0x5DC225	18	F85A	1	あのあと、他の者と協力して、	그 뒤、다른 사람과 협력해서、
0x5DC211	7	F85A	1	オオカミの方	늑대 쪽
0x5DC1BF	14	F85A	1	あ、気が付かれましたか。	아、정신이 드셨나요。
0x5DC1B4	6	F85A	1	オオカミッ！	늑대！
0x5DC16B	13	F85A	1	いえ、何でもありません。	아뇨、아무것도 아닙니다。
0x5DC0F8	13	F85A	1	いえ、何でもありません。	아뇨、아무것도 아닙니다。
0x5DC0AE	21	F85A	1	本日は、どういったご用件でしょう？	오늘은、어떤 용건이신가요？
0x5DC068	5	F85A	1	せっかく、	모처럼、
0x5DBFB4	14	F85A	1	よし、森を探索するぞ！	좋아、삼림을 탐색한다！
0x5DBEC3	4	F85A	1	さすが、	역시、
0x5DBEAE	4	F85A	1	さすが、	역시、
0x5DBDFA	10	F85A	1	捕まえに行くぞ！	잡으러 간다！
0x5DBDA3	11	F85A	1	どうして、こんな物が	어째서、이런 게
0x5DBC96	11	F85A	1	よし、これに決めた！	좋아、이걸로 정했다！
0x5DBBE2	16	F85A	1	他の依頼を確認しよう。	다른 의뢰를 확인하자。
0x5DBBA3	8	F85A	1	「シカ退治」	「사슴 퇴치」
0x5DBB6A	11	F85A	1	よし、これに決めた！	좋아、이걸로 정했다！
0x5DBAD7	16	F85A	1	他の依頼を確認しよう。	다른 의뢰를 확인하자。
0x5DBA93	13	F85A	1	「輸送車の護衛」	「수송차 호위」
0x5DB946	13	F85A	1	もう過ぎた事でやんす！	이미 지난 일입죠！
0x5DB91E	7	F85A	1	寝てたのは、	자고 있었던 건、
0x5DB82C	18	F85A	1	あのあと、他の者と協力して、	그 뒤、다른 사람과 협력해서、
0x5DB81C	15	F85A	1	いえいえ、お気になさらずに。	아뇨아뇨、신경 쓰지 마세요。
0x5DB803	20	F85A	1	狩りの途中だったのに、すみません。	사냥 중이었는데、죄송합니다。
0x5DB7B1	14	F85A	1	あ、気が付かれましたか。	아、정신이 드셨나요。
0x5DB7A8	4	F85A	1	シカッ！	사슴！
0x5DB753	11	F85A	1	よし、これに決めた！	좋아、이걸로 정했다！
0x5DB6DA	16	F85A	1	他の依頼を確認しよう。	다른 의뢰를 확인하자。
0x5DB697	11	F85A	1	「森の主退治」	「삼림의 주인 퇴치」
0x5DB65D	11	F85A	1	よし、これに決めた！	좋아、이걸로 정했다！
0x5DB5EC	16	F85A	1	他の依頼を確認しよう。	다른 의뢰를 확인하자。
0x5DB5AB	10	F85A	1	「オオカミ退治」	「늑대 퇴치」
0x5DB39A	11	F85A	1	よし、これに決めた！	좋아、이걸로 정했다！
0x5DB32C	16	F85A	1	他の依頼を確認しよう。	다른 의뢰를 확인하자。
0x5DB2EB	10	F85A	1	「オオカミ退治」	「늑대 퇴치」
0x5DB2D1	11	F85A	1	よし、これに決めた！	좋아、이걸로 정했다！
0x5DB244	16	F85A	1	他の依頼を確認しよう。	다른 의뢰를 확인하자。
0x5DB203	10	F85A	1	「オオカミ退治」	「늑대 퇴치」
0x5DB1C8	11	F85A	1	よし、これに決めた！	좋아、이걸로 정했다！
0x5DB161	16	F85A	1	他の依頼を確認しよう。	다른 의뢰를 확인하자。
0x5DB11B	15	F85A	1	「輸送列車の護衛」	「수송 열차 호위」
0x5DAEF8	8	F85A	1	うん、おいしい。	응、맛있다。
0x5DAEE5	11	F85A	1	（食事をしました）	（식사를 했습니다）
0x5DAED9	4	F85A	1	はいよ。	자 여기。
0x5DAEBA	8	F85A	1	じゃあ、これとこ	그럼、이것과 이
0x5DAE16	8	F85A	1	うん、おいしい。	응、맛있다。
0x5DAE03	11	F85A	1	（食事をしました）	（식사를 했습니다）
0x5DADF7	4	F85A	1	はいよ。	자 여기。
0x5DADD8	8	F85A	1	じゃあ、これとこ	그럼、이것과 이
0x5DAC7D	6	F85A	1	逃げよう！	도망치자！
0x5DAC6B	4	F85A	1	だめだ！	안 된다！
0x5DAC2D	3	F85A	1	くそ！	젠장！
0x5DAB1B	7	F85A	1	あの植物っ	저 식물
0x5DAA1B	12	F85A	1	くそ！賞金稼ぎか！	젠장！현상금 사냥꾼인가！
0x5DAA03	8	F85A	1	逃がさないぞ！	놓치지 않겠다！
0x5DA9EA	12	F85A	1	くそ！賞金稼ぎか！	젠장！현상금 사냥꾼인가！
0x5DA9D2	8	F85A	1	逃がさないぞ！	놓치지 않겠다！
0x5DA9BD	8	F85A	1	逃がさないぞ！	놓치지 않겠다！
0x5DA9A4	12	F85A	1	くそ！賞金稼ぎか！	젠장！현상금 사냥꾼인가！
0x5DA98C	8	F85A	1	逃がさないぞ！	놓치지 않겠다！
0x5DA973	12	F85A	1	くそ！賞金稼ぎか！	젠장！현상금 사냥꾼인가！
0x5DA93C	16	F85A	1	命があっただけでもよかったさ。	목숨이 붙어 있는 것만으로도 다행이지。
0x5DA922	18	F85A	1	でも、仕事は失敗でやんすね。	그래도、일은 실패입죠。
0x5DA8D8	6	F85A	1	あと少し！	조금만 더！
0x5DA7C9	12	F85A	1	くそ！賞金稼ぎか！	젠장！현상금 사냥꾼인가！
0x5DA7B1	8	F85A	1	逃がさないぞ！	놓치지 않겠다！
0x5DA79C	8	F85A	1	逃がさないぞ！	놓치지 않겠다！
0x5DA787	8	F85A	1	逃がさないぞ！	놓치지 않겠다！
0x5DA772	8	F85A	1	逃がさないぞ！	놓치지 않겠다！
0x5DA75D	8	F85A	1	逃がさないぞ！	놓치지 않겠다！
0x5DA744	12	F85A	1	くそ！賞金稼ぎか！	젠장！현상금 사냥꾼인가！
0x5DA72C	8	F85A	1	逃がさないぞ！	놓치지 않겠다！
0x5DA638	14	F85A	1	見つけたぞ、賞金首！	찾았다、현상범！
0x5DA560	12	F85A	1	賞金首のリストは、	현상범 목록은、
0x5DA52D	20	F85A	1	賞金首の情報は、ありませんね。	현상범 정보는、없네요。
0x5DA4E1	17	F85A	1	さっさと、捕まった賞金首の	얼른、잡힌 현상범의
0x5DA21F	12	F85A	1	必要な事は聞いた	필요한 건 들었다
0x5DA169	15	F85A	1	換金できる賞金首を、	환금 가능한 현상범을、
0x5D9EEE	7	F85A	1	助かります。	도움이 됩니다。
0x5D9ED2	4	F85A	1	ワクチン	백신
0x5D9CE0	6	F85A	1	逃げよう！	도망치자！
0x5D9C89	10	F85A	1	くそ、数が多い！	젠장、수가 많다！
0x5D9C07	12	F85A	1	どのくらい欲しいんだ？	얼마나 필요한 거냐？
0x5D9BF2	7	F85A	1	助かります。	도움이 됩니다。
0x5D9BD6	4	F85A	1	ワクチン	백신
0x5D9AA7	8	F85A	1	ステージ選択	스테이지 선택
0x5D98EB	12	F85A	1	どのくらい欲しいんだ？	얼마나 필요한 거냐？
0x5D988C	8	F85A	1	ご苦労さん。	수고했다。
0x5D985F	8	F85A	1	逃がさないぞ！	놓치지 않겠다！
0x5D984A	8	F85A	1	逃がさないぞ！	놓치지 않겠다！
0x5D9835	8	F85A	1	逃がさないぞ！	놓치지 않겠다！
0x5D9820	8	F85A	1	逃がさないぞ！	놓치지 않겠다！
0x5D9802	7	F85A	1	助かります。	도움이 됩니다。
0x5D97E6	4	F85A	1	ワクチン	백신
0x5D96EF	12	F85A	1	どのくらい欲しいんだ？	얼마나 필요한 거냐？
0x5D967E	7	F85A	1	助かります。	도움이 됩니다。
0x5D9662	4	F85A	1	ワクチン	백신
0x5D95E9	9	F85A	1	仕事の依頼	일 의뢰
0x5D9407	12	F85A	1	どのくらい欲しいんだ？	얼마나 필요한 거냐？
0x5D9385	7	F85A	1	今日こそ、	오늘이야말로、
0x5D935E	7	F85A	1	助かります。	도움이 됩니다。
0x5D9342	4	F85A	1	ワクチン	백신
0x5D92F4	14	F85A	1	この森は、何かおかしい。	이 삼림은、뭔가 이상하다。
0x5D9078	11	F85A	1	なんだか腕が、かゆい	뭔가 팔이、가렵다
0x5D79D1	16	F85A	1	覚えていてくれて良かったよ。	기억해 줘서 다행이야。
0x5D7992	22	F85A	1	あっ！そういえば、うちの船から出る時に	앗！그러고 보니、우리 배에서 나올 때
0x5D792D	15	F85A	1	だけど、大勢いるんだね～。	그래도、많이 있네～。
0x5D78C6	10	F85A	1	じゃあ、よろしくな。	그럼、잘 부탁한다。
0x5D7809	20	F85A	1	へえ～。あたしもなかなか有名だねえ。	헤에～。나도 제법 유명하네。
0x5D77A9	10	F85A	1	なんで知ってるの？	어째서 알고 있어？
0x5D7768	10	F85A	1	決まってるのかよ。	정해진 거냐。
0x5D7729	22	F85A	1	だから、あたしも貴方の仲間になるよ！	그러니까、나도 당신 동료가 될게！
0x5D766D	21	F85A	1	こっちも真面目な話をしているのよ！	이쪽도 진지한 얘기를 하고 있어！
0x5D764C	22	F85A	1	こっちは真面目な話をしているんだぞ！	이쪽은 진지한 얘기를 하고 있다！
0x5D75F6	4	F85A	1	そっか！	그렇구나！
0x5D7550	19	F85A	1	俺はこの宇宙を回ってワクチンを	나는 이 우주를 돌며 백신을
0x5D753C	12	F85A	1	なんで？何をしてるの？	어째서？뭘 하고 있어？
0x5D751A	17	F85A	1	俺は遊んでいる暇はないんだ。	나는 놀고 있을 틈이 없다。
0x5D74F0	6	F85A	1	ひっど～い。	너무해～。
0x5D74D9	15	F85A	1	宇宙船に乗って帰れ。	우주선을 타고 돌아가라。
0x5D7475	17	F85A	1	ああ、そうそう。思い出したよ。	아아、맞다맞다。생각났어。
0x5D7465	8	F85A	1	俺が知るか！	내가 알 게 뭐냐！
0x5D73E5	8	F85A	1	それはお前だ！	그건 너다！
0x5D73CF	6	F85A	1	えっ？なに？	엣？뭐？
0x5D73C1	6	F85A	1	おいってば！	어이라니까！
0x5D7342	13	F85A	1	すんごく面白かったあ！	엄청 재미있었다！
0x5D72F6	9	F85A	1	何が目的だ！	뭐가 목적이냐！
0x5D72C5	23	F85A	1	お前か！この船に突っ込んで来たのは！	너냐！이 배에 돌진해 온 건！
0x5D727F	16	F85A	1	うわあああああああ！でやんす～！	우와아아아아아아아！입죠～！
0x5D726B	8	F85A	1	あんた邪魔！	당신 방해！
0x5D723D	13	F85A	1	な、な、なんだってえええ！	뭐、뭐、뭐라고오오오！
0x5D71F9	21	F85A	1	前にオイラ達にレーザーを放ってきた、	전에 우리에게 레이저를 쏜、
0x5D7137	20	F85A	1	まあ、こんな場所でも平和だな～。	뭐、이런 장소에서도 평화롭군～。
0x5D700B	14	F85A	1	お前はいったい何者だ？	너는 대체 누구냐？
0x5D6FFF	4	F85A	1	なあに？	뭔데？
0x5D6FBA	9	F85A	1	検討しとく～。	검토해 둘게～。
0x5D6F5B	15	F85A	1	また店によってね。お兄さん	또 가게에 들러。오빠
0x5D6F17	18	F85A	1	あと、ワームを倒してくれたお礼に	그리고、그 벌레를 쓰러뜨려 준 답례로
0x5D6E3C	18	F85A	1	あと、ワームを倒してくれたお礼に	그리고、그 벌레를 쓰러뜨려 준 답례로
0x5D6DFA	11	F85A	1	ありがとう。お兄さん	고마워요。오빠
0x5D6DBA	14	F85A	1	それじゃあ、さっそく買う？	그럼、당장 살래？
0x5D6DAE	4	F85A	1	安い！	싸다！
0x5D6C7B	6	F85A	1	うん。だって	응。왜냐면
0x5D6C47	6	F85A	1	お兄さん。	오빠。
0x5D6BB7	25	F85A	1	このお兄さん達は信用できる人達ですか？	이 오빠들은 믿을 수 있는 사람들인가요？
0x5D6BAB	4	F85A	1	なあに？	뭔데？
0x5D6B5C	25	F85A	1	その発言だけで、死の世界を見せる事が	그 발언만으로、죽음의 세계를 보여줄 수
0x5D6B09	16	F85A	1	楽しそうに笑っていらっしゃる	즐겁게 웃고 계시는
0x5D6ADF	5	F85A	1	な～んだ。	뭐～야。
0x5D6A7D	12	F85A	1	あれ？知っているんだ？	어라？알고 있구나？
0x5D6A57	17	F85A	1	昨日はありがとうございました。	어제는 감사했습니다。
0x5D6A4B	4	F85A	1	なあに？	뭔데？
0x5D69D9	18	F85A	1	そんなわけないじゃん。大好きだよ	그럴 리 없잖아。정말 좋아해
0x5D69A7	24	F85A	1	嫌がらせか？お前は俺の事が嫌いなのか？	괴롭히는 건가？너는 내가 싫은 건가？
0x5D6985	8	F85A	1	はい。そうです。	네。그렇습니다。
0x5D690C	10	F85A	1	先に言ええええ！	먼저 말해에에에！
0x5D68C2	4	F85A	1	そだよ。	그래。
0x5D67F0	13	F85A	1	そんな事で怒っていると	그런 걸로 화내고 있으면
0x5D67B6	13	F85A	1	久しぶりじゃないですよ！	오랜만이 아니에요！
0x5D673F	14	F85A	1	いらっしゃいませ。お兄さん	어서 오세요。오빠
0x5D66A6	21	F85A	1	何人いると思っているんだあああああ！	몇 명 있다고 생각하는 거야아아아아！
0x5D6697	7	F85A	1	ぶっ潰す～！	짓뭉개 준다～！
0x5D6688	7	F85A	1	や、やっぱり！	여、역시！
0x5D665A	21	F85A	1	敵のギャングの本拠地にいるんだよ。	적 갱단의 본거지에 있어。
0x5D6631	4	F85A	1	そこに。	거기에。
0x5D6621	8	F85A	1	えっ？どこにだ？	엣？어디에？
0x5D65FE	12	F85A	1	溺愛してるもんね～。	끔찍이 아끼니까～。
0x5D65CE	19	F85A	1	アイツを手の平で泳がさせる事が	그 녀석을 손바닥 위에서 놀게 하는 게
0x5D6547	21	F85A	1	相変わらず鬼のような情報網ね。	여전히 귀신 같은 정보망이네。
0x5D644A	16	F85A	1	だからね、ずっと探してたんだ。	그래서 말이야、계속 찾고 있었어。
0x5D63FC	13	F85A	1	あたしはコイツラが嫌い。	나는 이 녀석들이 싫어。
0x5D63E8	12	F85A	1	そんな奴ら居たのか。	그런 녀석들이 있었나。
0x5D637F	5	F85A	1	アイツラ？	저 녀석들？
0x5D62C6	20	F85A	1	今度はどれだけ大量なんだろうな？	이번엔 얼마나 대량일까？
0x5D6284	8	F85A	1	そりゃそうだな。	그야 그렇군。
0x5D6239	21	F85A	1	そう言われても、小惑星の数なんて	그렇게 말해도、소행성 수 따위
0x5D6210	21	F85A	1	お前はこの付近がテリトリーなんだろ？	너는 이 근처가 세력권이잖아？
0x5D6200	8	F85A	1	ここなんだろね？	여기겠지？
0x5D619A	12	F85A	1	うん！行こう行こう！	응！가자 가자！
0x5D60D1	6	F85A	1	何の用だ	무슨 볼일이냐
0x5D5EEC	11	F85A	1	さあ、わからないわよ。	글쎄、모르겠는데。
0x5D5E8E	14	F85A	1	絶対に調べてやるから！	반드시 조사해 줄 테니까！
0x5D5E4D	10	F85A	1	楽しみにしてるわよ	기대하고 있을게
0x5D5DE7	10	F85A	1	覚えておきなさい！	기억해 둬！
0x5D5D59	11	F85A	1	私は情報屋よ。	나는 정보상이야。
0x5D5D39	24	F85A	1	アンタ！あたしの個人情報を売ってるの！	당신！내 개인정보를 팔고 있는 거야！
0x5D5CE7	18	F85A	1	貴女の情報は高く売れる。	당신 정보는 비싸게 팔려。
0x5D5CD2	13	F85A	1	なんでアンタが困るのよ。	어째서 당신이 곤란한 거야。
0x5D5BEE	8	F85A	1	なに？不満？	뭐？불만？
0x5D5BA9	15	F85A	1	無表情がベースのアンタに	무표정이 기본인 당신에게
0x5D5B80	3	F85A	1	あら、	어머、
0x5D5B4F	12	F85A	1	何が予想通りよ。	뭐가 예상대로야。
0x5D5B2F	9	F85A	1	予想通りね。	예상대로네。
0x5D5ACE	12	F85A	1	ああ、笑顔だったよ。	아아、웃는 얼굴이었어。
0x5D5AAA	9	F85A	1	あの子らしいわ。	그 애답네。
0x5D5A55	10	F85A	1	派手にやったのは	화려하게 한 건
0x5D5A3C	17	F85A	1	なんか派手にやったらしいわね。	뭔가 화려하게 했다더군。
0x5D59A3	11	F85A	1	（面白くなかった？	（재미없었다？
0x5D5976	16	F85A	1	とりあえず船を修理しないと	일단 배를 수리하지 않으면
0x5D5960	14	F85A	1	いや、別に何にもないよ。	아니、딱히 아무것도 없어。
0x5D594E	10	F85A	1	どうしたでやんすか？	어떻게 된 겁죠？
0x5D590D	16	F85A	1	荷物とペラを奪われたのと、	짐과 페라를 빼앗긴 것과、
0x5D58FC	9	F85A	1	他の被害は？	다른 피해는？
0x5D58CF	15	F85A	1	オイラも大丈夫でやんす！	나도 괜찮습죠！
0x5D5899	12	F85A	1	大丈夫でやんすか！	괜찮습죠！
0x5D5876	11	F85A	1	じゃあね～。バイバイ！	그럼 안녕～。바이바이！
0x5D5846	16	F85A	1	貴方も面白くなかったね。	당신도 재미없었네。
0x5D5810	3	F85A	1	へい！	헤이！
0x5D57E9	13	F85A	1	親分！終わりやした！	두목！끝났습니다요！
0x5D576F	12	F85A	1	くそっ！お前は誰だ？	젠장！너는 누구냐？
0x5D575B	12	F85A	1	気付くのが遅いよ？	눈치채는 게 늦어？
0x5D56FA	16	F85A	1	いつの間にか、かなり近くまで	어느새、꽤 가까이까지
0x5D5693	9	F85A	1	大変でやんす！	큰일입죠！
0x5D567C	9	F85A	1	ど、どうしたんだ？	무、무슨 일이야？
0x5D5609	12	F85A	1	じゃあ、優しいついでに	그럼、친절한 김에
0x5D55A7	21	F85A	1	いえいえ、助けるのは当然の事だよ。	아뇨아뇨、돕는 건 당연한 일이야。
0x5D558D	18	F85A	1	助けてくれてありがとうございます。	도와주셔서 감사합니다。
0x5D557C	12	F85A	1	大丈夫だったかい？	괜찮았나？
0x5D554B	8	F85A	1	オー！でやんす！	오오！입죠！
0x5D552B	14	F85A	1	じゃあ、早速助けようか	그럼、당장 도우러 갈까
0x5D551C	7	F85A	1	そうでやんす！	그렇습죠！
0x5D5450	3	F85A	1	さあ！	자！
0x5D5436	22	F85A	1	今は自分への興味でいっぱいなのさ！	지금은 자신에 대한 흥미로 가득해！
0x5D5422	15	F85A	1	人間へ興味はどうした！	인간에 대한 흥미는 어쨌나！
0x5D5400	12	F85A	1	さあ！見たまえ僕を！	자！나를 보게！
0x5D53EC	12	F85A	1	見つかったあああああ！	들켰다아아아아！
0x5D53E0	7	F85A	1	待ちたまえ！	기다리게！
0x5D539E	8	F85A	1	そうでやんすね。	그렇습죠。
0x5D5353	7	F85A	1	いいオトコ！！	좋은 사나이！！
0x5D532B	10	F85A	1	では、行きなさい！	그럼、가세요！
0x5D52AF	14	F85A	1	多くの人に見てもらう？	많은 사람에게 보여준다？
0x5D5250	17	F85A	1	人間になりたいと思いました！	인간이 되고 싶다고 생각했습니다！
0x5D51A7	18	F85A	1	僕は人間に興味があります。	나는 인간에게 흥미가 있습니다。
0x5D517A	19	F85A	1	そんな美しいオーラを持つ貴方が	그런 아름다운 오라를 지닌 당신이
0x5D50CC	11	F85A	1	私には見えますよ。	저에게는 보여요。
0x5D5087	13	F85A	1	そうです！その通りです！	그렇습니다！그대로입니다！
0x5D504C	10	F85A	1	あのう、すみません。	저기、실례합니다。
0x5D4FE6	17	F85A	1	もちろん決まっているでやんすよ！	물론 정해져 있습죠！
0x5D4FC1	5	F85A	1	ん？あれは	응？저건
0x5D4F76	7	F85A	1	アハハハハハ！	아하하하하하！
0x5D4EE2	11	F85A	1	ラブラブって言うな！	알콩달콩이라고 하지 마라！
0x5D4EB8	18	F85A	1	美しい女性とラブラブするのも、	아름다운 여성과 알콩달콩하는 것도、
0x5D4EAB	5	F85A	1	聞けよ！	들어라！
0x5D4E8A	19	F85A	1	だったら、このポイントは貴方の物	그렇다면、이 포인트는 당신 것
0x5D4E63	19	F85A	1	この方は貴方の恋人ですよね。	이분은 당신 애인이시죠。
0x5D4E54	7	F85A	1	いけるのかよ！	되는 거냐！
0x5D4E46	6	F85A	1	いけますよ。	됩니다。
0x5D4E26	12	F85A	1	そんなの無理だろう。	그런 건 무리잖아。
0x5D4DF5	11	F85A	1	あ～！おもしろかった！	아～！재미있었다！
0x5D4DD7	5	F85A	1	なんでだ！	어째서냐！
0x5D4DB4	15	F85A	1	１ポイントゲエエエエエエット！	１포인트 획드으으으으으윽！
0x5D4D94	7	F85A	1	アハハハハハ！	아하하하하하！
0x5D4C95	9	F85A	1	貴方のような、	당신 같은、
0x5D4C34	12	F85A	1	オトコらしいというのは、	사나이답다는 것은、
0x5D4C00	10	F85A	1	はあ～。わかったよ。	하아～。알겠어。
0x5D4BBF	13	F85A	1	お、おい。ちょっと待て。	어、어이。잠깐 기다려。
0x5D4B9A	17	F85A	1	じゃあ、今日はあたしがやる～！	그럼、오늘은 내가 한다～！
0x5D4B6F	24	F85A	1	よって、貴方のような美しい方は当然、	따라서、당신 같은 아름다운 분은 당연히、
0x5D4B5C	11	F85A	1	できるわけないじゃん、	될 리가 없잖아、
0x5D4B35	12	F85A	1	オトコらしいというのは、	사나이답다는 것은、
0x5D4B2D	7	F85A	1	もちろんです！	물론입니다！
0x5D4AF5	14	F85A	1	ふ～ん。おもしろそうだね～。	흐～음。재미있어 보이네～。
0x5D4ABA	5	F85A	1	どうやら、	아무래도、
0x5D4965	4	F85A	1	じゃあね	그럼 안녕
0x5D491F	8	F85A	1	アハハハハハハ！	아하하하하하하！
0x5D48E0	17	F85A	1	やれるもんなら、やってみなさいな。	할 수 있으면、해 보시지。
0x5D48BB	6	F85A	1	バカにして！	무시하고！
0x5D488A	11	F85A	1	やっと気付いたのね	드디어 눈치챘구나
0x5D4810	12	F85A	1	ほっほ～。そう来るか！	호호～。그렇게 나오나！
0x5D47C7	11	F85A	1	情報は情報よ。	정보는 정보야。
0x5D473E	6	F85A	1	残念ね。	아쉽네。
0x5D4711	9	F85A	1	うるさい！黙れ！	시끄러워！닥쳐！
0x5D46C1	7	F85A	1	久しぶりね。	오랜만이네。
0x5D4662	8	F85A	1	そこを退いて！	거기서 비켜！
0x5D4631	8	F85A	1	その言い方。	그 말투。
0x5D44B5	17	F85A	1	誰も止まってくれなかったのさ！	아무도 멈춰 주지 않았거든！
0x5D4476	21	F85A	1	ちなみに聞くが、どうして俺達なんだ？	참고로 묻는데、어째서 우리냐？
0x5D43F1	13	F85A	1	ウソじゃない！本当だ！	거짓말 아니야！정말이야！
0x5D4397	17	F85A	1	本村？変わった名前だな。	모토무라？별난 이름이군。
0x5D4367	9	F85A	1	おお、ありがとう！	오오、고마워！
0x5D42E3	22	F85A	1	だから、君達と一緒に行きたいんだ！	그러니까、자네들과 함께 가고 싶어！
0x5D42AE	9	F85A	1	いや、違うんだ。	아니、달라。
0x5D424C	23	F85A	1	僕は昔から人間に興味があったんだ。	나는 옛날부터 인간에게 흥미가 있었어。
0x5D423C	8	F85A	1	人間だから？	인간이라서？
0x5D4226	14	F85A	1	君達が人間だからだ。	자네들이 인간이기 때문이다。
0x5D41BD	23	F85A	1	ああ、この宇宙に存在する妖精だよ。	아아、이 우주에 존재하는 요정이야。
0x5D4185	6	F85A	1	当然さ。	당연하지。
0x5D412F	20	F85A	1	どこをどう見て、そう言っているんだ？	어디를 어떻게 보고、그렇게 말하는 거냐？
0x5D40F6	16	F85A	1	中に入れてくれてありがとう。	안에 들여보내 줘서 고마워。
0x5D3FEB	7	F85A	1	待ちなさい！	기다리세요！
0x5D3FA2	7	F85A	1	この場所に	이 장소에
0x5D3F14	21	F85A	1	ちゃんとした情報をあたしに売ってない	제대로 된 정보를 나에게 안 파는
0x5D3ED4	18	F85A	1	こんな事ぐらいでキレてるようじゃ、	이 정도로 발끈해서는、
0x5D3E92	6	F85A	1	言うね～！	말하네～！
0x5D3E6B	18	F85A	1	それ以上の情報は貴女には	그 이상의 정보는 당신에게는
0x5D3E3E	15	F85A	1	役に立たない情報しか、	쓸모없는 정보밖에、
0x5D3E10	20	F85A	1	ほとんどタダ同然の情報を売って	거의 공짜나 다름없는 정보를 팔아서
0x5D3DE1	14	F85A	1	その言い方やめてくれる？	그 말투 그만해 줄래？
0x5D3DAE	9	F85A	1	じゃあ、あたしは？	그럼、나는？
0x5D3D8A	15	F85A	1	私の中では高評価よ。	내 안에서는 고평가야。
0x5D3D71	17	F85A	1	もしかして、おれ評価されてる？	혹시、나 평가받고 있나？
0x5D3CD2	23	F85A	1	貴方はまだ自分の船を持ったばかり。	당신은 아직 자기 배를 가진 지 얼마 안 됐어。
0x5D3C72	6	F85A	1	なぜなんだ？	어째서냐？
0x5D3C31	19	F85A	1	なあ、前から気になってたんだけど、	저기、전부터 신경 쓰였는데、
0x5D3C11	13	F85A	1	いつも通りってとこだな。	여느 때와 같지。
0x5D3BFC	8	F85A	1	調子はどう？	컨디션은 어때？
0x5D3B03	11	F85A	1	そんなの知らないよ。	그런 건 몰라。
0x5D3ADD	12	F85A	1	だけど、ここまで来て、	하지만、여기까지 와서、
0x5D3A96	18	F85A	1	そんな私達が貴方にワクチンを	그런 우리가 당신에게 백신을
0x5D3A2A	13	F85A	1	そんなの関係無いよ。	그런 건 상관없어。
0x5D39F3	15	F85A	1	この星をこんな風にしたのは	이 별을 이렇게 만든 건
0x5D3990	20	F85A	1	ちなみに言っておくけど、何があっても	참고로 말해 두는데、무슨 일이 있어도
0x5D3943	17	F85A	1	むしろ、こんな場所でワクチンを	오히려、이런 장소에서 백신을
0x5D38B1	22	F85A	1	私はこの星で唯一ワクチンの売買を	나는 이 별에서 유일하게 백신 매매를
0x5D389C	13	F85A	1	君はいったい何者だ？	자네는 대체 누구냐？
0x5D3871	14	F85A	1	ワクチンが欲しいんでしょ？	백신이 필요하지？
0x5D37FB	9	F85A	1	ワクチンを集めて	백신을 모아서
0x5D3748	9	F85A	1	いらっしゃいませ～	어서 오세요～
0x5D36E4	20	F85A	1	アイツと知り合って、もう数年か。	그 녀석과 알고 지낸 지、벌써 몇 년인가。
0x5D366B	15	F85A	1	友人にお祝いしただけよ。	친구를 축하했을 뿐이야。
0x5D3646	12	F85A	1	そろそろ私は行くわ。	슬슬 나는 갈게。
0x5D3615	4	F85A	1	さあね。	글쎄。
0x5D3605	8	F85A	1	知り合いか？	아는 사이인가？
0x5D34FC	10	F85A	1	面白い情報？	재미있는 정보？
0x5D3461	9	F85A	1	良かったじゃない	잘됐잖아
0x5D342D	8	F85A	1	そんな事より、	그것보다、
0x5D33DC	19	F85A	1	その情報は情報屋じゃくても、	그 정보는 정보상이 아니어도、
0x5D33AC	19	F85A	1	私を一般人だと思っているの？	나를 일반인이라고 생각해？
0x5D3388	13	F85A	1	その情報は一般には	그 정보는 일반에는
0x5D3318	7	F85A	1	久しぶりね。	오랜만이네。
0x5D32F4	3	F85A	1	へい！	헤이！
0x5D32DF	13	F85A	1	じゃあ！楽しんでおいで！	그럼！즐기고 와！
0x5D32D3	7	F85A	1	わかりやした！	알겠습니다요！
0x5D3270	23	F85A	1	でも、絶対に一人も死ぬんじゃないよ。	그래도、절대 한 명도 죽지 마。
0x5D3265	3	F85A	1	へい！	헤이！
0x5D3219	18	F85A	1	そりゃ、親分の部下ですから。	그야、두목의 부하니까요。
0x5D31B6	13	F85A	1	親分が欲張りだと、	두목이 욕심쟁이면、
0x5D3175	22	F85A	1	ここは俺達にやらせてくださいよ親分。	여긴 저희에게 맡겨 주세요 두목。
0x5D3111	13	F85A	1	こんなおもしろそうな事を	이런 재미있어 보이는 일을
0x5D3055	20	F85A	1	無理かどうかなんてわかんないじゃん。	무리인지 어떤지 모르잖아。
0x5D3031	9	F85A	1	いくらお前でも、	아무리 너라도、
0x5D2FAC	4	F85A	1	くっそ！	젠장！
0x5D2E56	10	F85A	1	あっ！逃げられた！	앗！놓쳤다！
0x5D2DFA	18	F85A	1	なんで突然、襲ってくるんだよ！	어째서 갑자기、덮쳐 오는 거야！
0x5D2DBF	18	F85A	1	あっ！あの船が動いてるでやんす！	앗！저 배가 움직이고 있습죠！
0x5D2D50	8	F85A	1	だから聞けよ！	그러니까 들어라！
0x5D2D1B	7	F85A	1	オニでやんす。	귀신입죠。
0x5D2C57	11	F85A	1	疑い過ぎでやんす！	너무 의심합죠！
0x5D2C18	12	F85A	1	それに、よく見てみろ！	게다가、잘 봐라！
0x5D2BF2	18	F85A	1	他人はどう考えているかなんて、	남이 어떻게 생각하는지 따위、
0x5D2BBC	18	F85A	1	こんな場所に一人で来るか？	이런 장소에 혼자서 오나？
0x5D2BA6	14	F85A	1	そんなのわかんないでやんす！	그런 건 모르겠습죠！
0x5D2B7A	9	F85A	1	よく考えてみろ！	잘 생각해 봐라！
0x5D2B68	10	F85A	1	どうしてでやんすか！	어째서입죠！
0x5D2B59	7	F85A	1	あれはダメだ！	저건 안 된다！
0x5D2B47	10	F85A	1	どうしたでやんすか？	어떻게 된 겁죠？
0x5D29F9	19	F85A	1	なるほど、だいたいはわかったでやんす。	과연、대충은 알겠습죠。
0x5D2923	17	F85A	1	この辺はまだ見渡しもいいし、	이 근처는 아직 전망도 좋고、
0x5D290D	14	F85A	1	この辺りはどうでやんすか？	이 근처는 어떻습죠？
0x5D2846	22	F85A	1	それなら他の船も行ける範囲だから、	그렇다면 다른 배도 갈 수 있는 범위니까、
0x5D2836	8	F85A	1	どうでやんすか？	어떻습죠？
0x5D2821	20	F85A	1	じゃあ、そのポイントまで行かないなら、	그럼、그 지점까지 안 간다면、
0x5D263F	6	F85A	1	どうするって	어떻게라니
0x5D2618	10	F85A	1	どうするでやんすか！	어떻게 합죠！
0x5D25DE	19	F85A	1	盗賊と間違われているんだろう。	도적으로 오해받고 있겠지。
0x5D25B8	11	F85A	1	狙っているでやんす！	노리고 있습죠！
0x5D2553	10	F85A	1	年代ものだけど、	오래된 물건이지만、
0x5D246C	15	F85A	1	いや、絶対にあるでやんす！	아니、분명히 있습죠！
0x5D2451	19	F85A	1	まあ、あるとも言い切れないけどな。	뭐、있다고 단언할 수도 없지만。
0x5D243F	10	F85A	1	本当でやんすか！	정말입죠！
0x5D23F1	23	F85A	1	昔の人に対して、本当に失礼だな。	옛사람에게、정말 실례군。
0x5D235F	18	F85A	1	じゃあ、お宝とかあるかもしれないで	그럼、보물 같은 게 있을지도 모르
0x5D22FA	7	F85A	1	遺跡だよ。	유적이야。
0x5D22E7	11	F85A	1	ここはどこでやんすか？	여기는 어딥죠？
0x5D21AA	16	F85A	1	できるものなら、やってみなさい。	할 수 있으면、해 보시지。
0x5D217D	5	F85A	1	ふ～んだ！	흥이다！
0x5D213D	17	F85A	1	自分から話を振っておいて、	자기가 말을 꺼내 놓고서、
0x5D20F9	20	F85A	1	相変わらず、妹を溺愛してるね。	여전히、여동생을 끔찍이 아끼네。
0x5D20C9	14	F85A	1	いいのよ。私に似なくて。	괜찮아。나를 닮지 않아서。
0x5D205B	18	F85A	1	あの子は私みたいにはならないわ。	그 애는 나처럼은 되지 않아。
0x5D2027	21	F85A	1	だからアンタは化け物って言われるの！	그러니까 당신은 괴물이라 불리는 거야！
0x5D1FE4	21	F85A	1	そんな物に頼ってるから未熟なのよ。	그런 것에 의지하니까 미숙한 거야。
0x5D1FA7	13	F85A	1	アンタが化け物なだけ。	당신이 괴물일 뿐이야。
0x5D1F5D	19	F85A	1	貴女、本当に海賊の頭なの	당신、정말 해적 두목이야
0x5D1EED	15	F85A	1	さて、宇宙船に戻ろうか	자、우주선으로 돌아갈까
0x5D1EC3	8	F85A	1	アハハハハハハ！	아하하하하하하！
0x5D1EA3	9	F85A	1	やれやれでやんす。	이런 이런입죠。
0x5D1E7E	6	F85A	1	その通り。	그렇다。
0x5D1C55	13	F85A	1	では今日は貴方で。	그럼 오늘은 당신으로。
0x5D1C3A	19	F85A	1	前に言った言葉が余計だね。	전에 한 말이 쓸데없었네。
0x5D1C2D	5	F85A	1	美しい！	아름답다！
0x5D1C1D	8	F85A	1	あたしは女だ。	나는 여자다。
0x5D1BF7	18	F85A	1	いやあ、貴方の言う通りです。	아이고、당신 말대로입니다。
0x5D1BC2	8	F85A	1	お前はもっと、	너는 좀 더、
0x5D1B8F	24	F85A	1	面白い事に遠慮なんかしてたからダメだよ	재미있는 일에 사양이나 하고 있으니 안 되는 거야
0x5D1B37	13	F85A	1	今日もあたしがやる～！	오늘도 내가 한다～！
0x5D1A84	19	F85A	1	誰かアイツに正しい人間ってのを	누가 저 녀석에게 올바른 인간이란 걸
0x5D1A57	11	F85A	1	もうなってるでやんす。	이미 그렇게 됐습죠。
0x5D1A26	22	F85A	1	という事は、あの星だけの暑苦しさが、	그렇다는 건、그 별만의 답답함이、
0x5D1990	7	F85A	1	そうでやんす！	그렇습죠！
0x5D1929	11	F85A	1	よく考えるでやんす！	잘 생각해 봅죠！
0x5D18D8	14	F85A	1	思い出してみるでやんす。	떠올려 봅죠。
0x5D1869	11	F85A	1	そうじゃないでやんす！	그게 아닙죠！
0x5D1829	16	F85A	1	どうしたの？何が危険なの？	무슨 일이야？뭐가 위험해？
0x5D1817	10	F85A	1	危険でやんすね！	위험합죠！
0x5D1703	19	F85A	1	とりあえず他にも当たってみようか、	일단 다른 데도 알아볼까、
0x5D1687	12	F85A	1	気にしなくてもいいよ。	신경 쓰지 않아도 돼。
0x5D166B	20	F85A	1	力になれなくてごめんね～。お兄さん。	도움이 못 돼서 미안～。오빠。
0x5D15FE	10	F85A	1	当たり前だろう。	당연하지。
0x5D15DB	8	F85A	1	お兄さん達は	오빠들은
0x5D1585	14	F85A	1	うん！本当に知らない。	응！정말 몰라。
0x5D1577	6	F85A	1	本当か？	정말이냐？
0x5D151C	7	F85A	1	いや、違う。	아니、아니야。
0x5D14FE	22	F85A	1	それで、お兄さん達はこの星に旅行？	그래서、오빠들은 이 별에 여행？
0x5D1491	20	F85A	1	そんな砂だらけになりそうな格好で、	그렇게 모래투성이가 될 것 같은 차림으로、
0x5D147E	11	F85A	1	ああ。よくわかったな。	아아。잘 알았군。
0x5D1442	9	F85A	1	いらっしゃいませ～	어서 오세요～
0x5D13FE	13	F85A	1	そうだな。行ってみるか。	그렇군。가 볼까。
0x5D13D4	15	F85A	1	あの店とか、どうでやんすか？	저 가게 같은 건、어떻습죠？
0x5D13B7	21	F85A	1	とりあえず、どこかで情報を集めよう。	일단、어딘가에서 정보를 모으자。
0x5D1364	9	F85A	1	さあ！お前達！	자！너희들！
0x5D12AD	16	F85A	1	あの子の罰は自分の手で	그 애의 벌은 내 손으로
0x5D1226	5	F85A	1	あの子は	그 아이는
0x5D1170	7	F85A	1	この場所に	이 장소에
0x5D1141	14	F85A	1	あの子らしいんじゃないの？	그 애답지 않아？
0x5D1090	18	F85A	1	少しの間だけど、楽しかったよ。	잠깐이었지만、즐거웠어。
0x5D1043	22	F85A	1	あたしの顔に免じてって言ったじゃない。	내 얼굴을 봐서라고 했잖아。
0x5D1006	11	F85A	1	ああ、許してやるよ。	아아、용서해 주지。
0x5D0FDB	15	F85A	1	違うに決まってるでやんす。	아닌 게 당연합죠。
0x5D0FC4	9	F85A	1	これが人間か！	이게 인간인가！
0x5D0F7C	10	F85A	1	うわあああああああ！	우와아아아아아아！
0x5D0F4B	10	F85A	1	恥ずかしがらずに、	부끄러워하지 말고、
0x5D0F20	23	F85A	1	頼むから、あのクリスタルに映った自分に	부탁이니까、저 크리스탈에 비친 자신에게
0x5D0EEF	24	F85A	1	そんな事を言わずに、いくらでも僕の胸筋	그런 말 말고、얼마든지 내 가슴 근육
0x5D0EAE	18	F85A	1	そんなこと一言も言ってないし、	그런 말 한마디도 안 했고、
0x5D0E5C	9	F85A	1	どうかしましたか？	무슨 일 있으신가요？
0x5D0E1F	7	F85A	1	いや、違う！	아니、아니다！
0x5D0DA4	20	F85A	1	いま人間らしいと言わなかったかい？	방금 인간답다고 하지 않았나？
0x5D0D72	11	F85A	1	人間らしいだって！	인간답다고！
0x5D0D1A	24	F85A	1	この星の人はみんな自分が好きだからね。	이 별 사람은 다들 자기를 좋아하니까。
0x5D0CE3	28	F85A	1	今日も飽きずに、この星の住民は自分の姿	오늘도 질리지도 않고、이 별 주민은 자기 모습
0x5D0CBE	3	F85A	1	ウッ！	윽！
0x5D0CAB	3	F85A	1	ウッ！	윽！
0x5D0C98	3	F85A	1	ウッ！	윽！
0x5D0C12	9	F85A	1	止めに行こう。	말리러 가자。
0x5D0B92	20	F85A	1	あのミイラが持っていたでやんすかねえ？	그 미라가 갖고 있었던 겁죠？
0x5D0B63	22	F85A	1	いや、ミイラが消えた場所に何かあると	아니、미라가 사라진 장소에 뭔가 있다고
0x5D0B51	10	F85A	1	どうしたでやんすか？	어떻게 된 겁죠？
0x5D0B2A	17	F85A	1	いや、安心してくれ。俺もだ。	아니、안심해라。나도다。
0x5D0AC2	5	F85A	1	じゃね～！	그럼 안녕～！
0x5D0AA0	4	F85A	1	よっし！	좋았어！
0x5D0A84	16	F85A	1	あ、さあ？い、いるんじゃないか？	아、글쎄？이、있지 않을까？
0x5D0A4A	13	F85A	1	あれ？いなくなっちゃった！	어라？사라져 버렸다！
0x5D0A29	9	F85A	1	ウガアアアアアア！	우가아아아아아！
0x5D09D9	3	F85A	1	てい！	얏！
0x5D0941	14	F85A	1	お、お前、怖くないのか？	너、너、안 무섭나？
0x5D0915	9	F85A	1	うわああああああ！	우와아아아아아아！
0x5D08C7	11	F85A	1	ええ、気をつけてね。	네、조심해요。
0x5D08B1	14	F85A	1	まあ、それでも、ありがとな。	뭐、그래도、고마워。
0x5D084E	13	F85A	1	貴方はこれからきっと、	당신은 앞으로 분명、
0x5D07A2	10	F85A	1	不穏な空気？	불온한 공기？
0x5D0724	18	F85A	1	まだ、はっきりした事はわからない。	아직、확실한 건 모른다。
0x5D06C8	17	F85A	1	情報屋ってのも大変だな。	정보상도 힘들군。
0x5D069E	19	F85A	1	ちょっと気になった事があったから、	좀 신경 쓰이는 게 있어서、
0x5D0689	13	F85A	1	で、何をやっているんだ？	그래서、뭘 하고 있나？
0x5D052A	10	F85A	1	うわあああああああ！	우와아아아아아아！
0x5D04A7	14	F85A	1	来いとか言っていながら、	오라고 해놓고서、
0x5D047C	23	F85A	1	これで、お前と俺には何の障害もない。	이걸로、너와 나에게는 아무 장애도 없다。
0x5D0467	13	F85A	1	吹っ飛ばしたああああ！	날려버렸다아아아아！
0x5D0432	6	F85A	1	邪魔だ！	방해다！
0x5D03A7	16	F85A	1	さあ、あっちの方に行こうか？	자、저쪽으로 갈까？
0x5D038E	17	F85A	1	言っている意味がわからない。	하는 말의 뜻을 모르겠다。
0x5D0347	15	F85A	1	わかっている。何も言うな。	알고 있다。아무 말 마라。
0x5D02FE	22	F85A	1	こんな場所に誘い込んだのはお前だ。	이런 장소로 꾀어낸 건 너다。
0x5D02E3	19	F85A	1	ちょ、ちょっと何を言っているんだ？	자、잠깐 무슨 소리를 하는 거냐？
0x5D02BA	14	F85A	1	いや、聞き間違えたな。	아니、잘못 들었군。
0x5D02A8	10	F85A	1	えっ？どうするって？	엣？어쩔 셈이라니？
0x5D0285	23	F85A	1	こんな所に連れ込んで俺をどうする気だ	이런 데로 데려와서 나를 어쩔 셈이냐
0x5D0247	21	F85A	1	そうだね、ここは光が微かにしか入って	그렇네、여긴 빛이 희미하게만 들어
0x5D022C	19	F85A	1	随分、奥まで来たでやんすね～。	꽤、안쪽까지 왔습죠～。
0x5D01BF	9	F85A	1	うるさい！黙れ！	시끄러워！닥쳐！
0x5D012C	9	F85A	1	チッ！やっぱりか！	쳇！역시인가！
0x5D00F8	17	F85A	1	さあ？わからないですが、とりあえず	글쎄요？모르겠지만、일단
0x5D00CF	22	F85A	1	ふ～ん。こんな所で俺に何をさせようって	흐～음。이런 데서 나에게 뭘 시키려고
0x5D00B1	22	F85A	1	ちょっと手伝って欲しいとの事なので。	좀 도와줬으면 한다고 해서요。
0x5D008E	3	F85A	1	ここで	여기서
0x5D0064	4	F85A	1	たぶん、	아마、
0x5CFFD2	22	F85A	1	貴女と喧嘩しに来たわけじゃないわ。	당신과 싸우러 온 게 아니야。
0x5CFE1C	6	F85A	1	これじゃあ、	이래서는、
0x5CFDFB	9	F85A	1	うわああああああ！	우와아아아아아아！
0x5CFD8A	24	F85A	1	なんか巨大な物が跳ねたみたいな音だった	뭔가 거대한 게 튀어오른 것 같은 소리였다
0x5CFD02	15	F85A	1	飛び出てくるでやんすかね？	튀어나옵죠？
0x5CFC1D	22	F85A	1	相変わらず、よくわからない星でやんす。	여전히、잘 모르겠는 별입죠。
0x5CFBBE	21	F85A	1	でも「魚を釣る」じゃないんでやんすね。	그래도 「물고기를 낚는다」가 아닙죠。
0x5CFB97	17	F85A	1	じゃあ、さっさと獲って帰ろう。	그럼、얼른 잡아서 돌아가자。
0x5CFB84	11	F85A	1	たぶん、そうでやんす。	아마、그렇습죠。
0x5CFA14	12	F85A	1	死にそうになった分、	죽을 뻔한 만큼、
0x5CF9F4	13	F85A	1	そうはいかないでやんすよ！	그렇게는 안 됩죠！
0x5CF96D	17	F85A	1	やっと、外に出れたでやんすよ。	겨우、밖에 나왔습죠。
0x5CF947	9	F85A	1	た、助かったあ。	사、살았다。
0x5CF900	19	F85A	1	爆発した場所の壁が崩れて、	폭발한 장소의 벽이 무너져서、
0x5CF8F1	10	F85A	1	（ガラガラガラガラ）	（와르르르르）
0x5CF7F1	16	F85A	1	こ、このロボット他のロボットに	이、이 로봇 다른 로봇에게
0x5CF797	18	F85A	1	あと、ワームを倒してくれたお礼に	그리고、그 벌레를 쓰러뜨려 준 답례로
0x5CF787	8	F85A	1	ああ。行くよ。	아아。갈게。
0x5CF759	17	F85A	1	じゃあ、今は持っていないから、	그럼、지금은 안 갖고 있으니까、
0x5CF74D	4	F85A	1	安い！	싸다！
0x5CF719	4	F85A	1	じゃあ！	그럼！
0x5CF5F7	6	F85A	1	お疲れ様	수고했어
0x5CF5CF	10	F85A	1	うわあああああああ！	우와아아아아아아！
0x5CF5C0	6	F85A	1	ザッパーン！	철써어억！
0x5CF586	18	F85A	1	も、もう、そこまで来てるでやんす！	벌、벌써、거기까지 왔습죠！
0x5CF574	10	F85A	1	（ザック！ザック！）	（푹！푹！）
0x5CF564	7	F85A	1	う、うそだろ？	거、거짓말이지？
0x5CF542	17	F85A	1	ほら、何かが近づいてくる音が	봐라、뭔가 다가오는 소리가
0x5CF530	10	F85A	1	（ザック！ザック！）	（푹！푹！）
0x5CF510	20	F85A	1	縁起でもない事を言わないでくれ。	불길한 소리 하지 말아 줘。
0x5CF4D8	12	F85A	1	わ、わからないでやんす。	모、모르겠습죠。
0x5CF481	19	F85A	1	人じゃ無理という事じゃないか。	사람으로는 무리라는 거잖아。
0x5CF468	17	F85A	1	百個ぐらいじゃないでやんすか？	백 개쯤 아닙죠？
0x5CF42C	18	F85A	1	自分の手でやりたかったんだろ。	자기 손으로 하고 싶었겠지。
0x5CF409	16	F85A	1	やるなら、最初からそうしたら	할 거면、처음부터 그렇게 하면
0x5CF3ED	20	F85A	1	アイツ！入り口を破壊しやがった！	그 녀석！입구를 파괴했겠다！
0x5CF338	11	F85A	1	なんか聞こえないか？	뭔가 안 들리나？
0x5CF326	10	F85A	1	どうしたでやんすか？	어떻게 된 겁죠？
0x5CF2CE	16	F85A	1	ひどい目に遭ったでやんすね。	험한 꼴 당했습죠。
0x5CF2B1	11	F85A	1	ふう～。危なかったよ	휴～。위험했어
0x5CF266	11	F85A	1	今のうちに逃げるよ	지금 도망친다
0x5CF204	6	F85A	1	伏せてて！	숙이고 있어！
0x5CF1BC	21	F85A	1	今頃になって冷静に判断するな！	이제 와서 냉정하게 판단하지 마라！
0x5CF183	12	F85A	1	やばいね。撤退しよう	큰일이네。철수하자
0x5CF0CF	13	F85A	1	目の前に現れたんだ。	눈앞에 나타났다。
0x5CF0BD	10	F85A	1	どうするでやんすか？	어떻게 합죠？
0x5CF073	21	F85A	1	これを開けたら、落ちてくるようになって	이걸 열면、떨어지게 되어
0x5CF059	18	F85A	1	なんか空から降ってきたでやんす！	뭔가 하늘에서 떨어졌습죠！
0x5CF014	16	F85A	1	いくら宝を見つけてもここから	아무리 보물을 찾아도 여기서
0x5CEFE6	19	F85A	1	ここから、どうやって外に出るかだ。	여기서、어떻게 밖으로 나가느냐다。
0x5CEFD6	8	F85A	1	何でやんすか？	뭡죠？
0x5CEFAB	9	F85A	1	やったでやんす！！	해냈습죠！！
0x5CEF23	12	F85A	1	あれは何でやんすかね？	저건 뭡죠？
0x5CEED5	19	F85A	1	もしかしてロボット達はこれを守って	혹시 로봇들은 이걸 지키고
0x5CEE50	13	F85A	1	ここは明るいでやんすね。	여기는 밝습죠。
0x5CEDA3	19	F85A	1	お、俺達が自分で獲ってくれば	우、우리가 직접 잡아 오면
0x5CED21	4	F85A	1	運ぶ？	옮긴다？
0x5CECFD	18	F85A	1	私の所に運んできてもらえれば、	제게 가져다주시면、
0x5CECD7	14	F85A	1	じゃあ、それはどこに行けば	그럼、그건 어디로 가면
0x5CECCA	5	F85A	1	そうです。	그렇습니다。
0x5CEC71	17	F85A	1	おいしいかどうかの話のはずなのに	맛있는지 아닌지 얘기였을 텐데
0x5CEC09	24	F85A	1	私達は美しい肉体を維持する為に、	우리는 아름다운 육체를 유지하기 위해、
0x5CEBD7	21	F85A	1	この星では魚料理がおいしいですよ。	이 별에서는 생선 요리가 맛있어요。
0x5CEB8A	7	F85A	1	いいでやんす！	됐습죠！
0x5CEB5E	4	F85A	1	せっかく	모처럼
0x5CEB35	22	F85A	1	朝に食べたきりで、もうこんな時間だ。	아침에 먹은 뒤로、벌써 이런 시간이다。
0x5CEB20	13	F85A	1	お腹が空いたでやんす。	배가 고파 죽겠습죠。
0x5CEAC1	22	F85A	1	（少し高いが、いつでも買う事ができる	（조금 비싸지만、언제든 살 수 있는
0x5CEA87	7	F85A	1	わかってるさ。	알고 있어。
0x5CEA34	6	F85A	1	毎度あり	매번 감사
0x5CEA10	18	F85A	1	それじゃあ、どれだけ買ってくれる？	그럼、얼마나 사줄 건데？
0x5CE9A8	17	F85A	1	それだけで信用できると思う？	그것만으로 믿을 수 있다고 봐？
0x5CE909	15	F85A	1	少しだけって言ったじゃん。	조금만이라고 했잖아。
0x5CE8EF	18	F85A	1	ちょっと待てよ。それでも高いぞ。	잠깐 기다려。그래도 비싸다。
0x5CE8C4	3	F85A	1	そだね	그러네
0x5CE8B9	7	F85A	1	少しだけね。	조금만。
0x5CE89A	23	F85A	1	じゃあ、俺達の事を信用してくれたか？	그럼、우리를 믿어 준 건가？
0x5CE82D	12	F85A	1	さっそく戻るでやんす！	당장 돌아갑죠！
0x5CE7D6	12	F85A	1	確かにその通りだな。	확실히 그렇군。
0x5CE702	15	F85A	1	じゃあ、そこに行くでやんす！	그럼、거기로 갑죠！
0x5CE683	22	F85A	1	じゃあ、その作っている場所に行って、	그럼、그 만드는 장소에 가서、
0x5CE61B	4	F85A	1	たぶん、	아마、
0x5CE5F7	17	F85A	1	なんで、そんな隠れるようなマネを	어째서、그렇게 숨는 짓을
0x5CE57A	24	F85A	1	言ったとおり、ここはもともと文明が発展	말한 대로、여기는 원래 문명이 발전
0x5CE51C	19	F85A	1	いや、この星にないわけじゃないんだ。	아니、이 별에 없는 건 아니다。
0x5CE4F2	8	F85A	1	そうでやんすか。	그렇습죠。
0x5CE4CB	13	F85A	1	いろいろと聞いてみたが、	여러 가지 물어봤지만、
0x5CE4B8	11	F85A	1	どうだったでやんすか？	어땠습죠？
0x5CE406	21	F85A	1	お前、いざとなった時に俺が居たら、	너、막상 그때가 되면 내가 있으면、
0x5CE3F8	6	F85A	1	何の話？	무슨 얘기？
0x5CE3E1	8	F85A	1	予定通りか	예정대로인가
0x5CE3BA	7	F85A	1	すぐだからね！	곧이라니까！
0x5CE398	15	F85A	1	期待しないで待ってるわ。	기대하지 않고 기다릴게。
0x5CE378	9	F85A	1	す、すぐよ！すぐ！	고、곧이야！곧！
0x5CE344	13	F85A	1	これで何回目かしら。	이걸로 몇 번째려나。
0x5CE306	12	F85A	1	そ、そんな事ないもん！	그、그렇지 않은걸！
0x5CE2B0	15	F85A	1	なになにだからなんて言葉は	이러이러하니까 같은 말은
0x5CE269	7	F85A	1	こ、今回は	이、이번엔
0x5CE22E	6	F85A	1	まだまだね。	아직 멀었네。
0x5CE1EE	18	F85A	1	貴女に似合わない言葉ね。	당신에게 안 어울리는 말이네。
0x5CE1BB	19	F85A	1	逃げた事には変わりがないでしょ？	도망친 건 변함없잖아？
0x5CE1A3	16	F85A	1	ちゃんと破壊はしてきたわよ。	제대로 파괴는 하고 왔어。
0x5CE188	19	F85A	1	それでオメオメと逃げ帰ってきたと？	그래서 뻔뻔하게 도망쳐 돌아왔다고？
0x5CE10B	19	F85A	1	そろそろ一時間ぐらい経つけど、	슬슬 한 시간쯤 지났는데、
0x5CE03C	27	F85A	1	その行為を私が見つけた時点で失格です。	그 행위를 제가 발견한 시점에서 실격입니다。
0x5CE020	20	F85A	1	もし目を閉じたら、どうなるのですか？	만약 눈을 감으면、어떻게 되나요？
0x5CDFCF	16	F85A	1	自分の姿を見ているのに、	자기 모습을 보고 있는데、
0x5CDF74	5	F85A	1	そうです。	그렇습니다。
0x5CDF22	17	F85A	1	それは、そういう意味じゃないと	그건、그런 뜻이 아니라고
0x5CDED9	15	F85A	1	オトコらしいじゃないですかっ！	사나이답잖습니까！
0x5CDEC0	17	F85A	1	これのどこがオトコらしいんですか？	이게 어디가 사나이답습니까？
0x5CDE92	23	F85A	1	今日はこのクリスタルに映った自分を、	오늘은 이 크리스탈에 비친 자신을、
0x5CDE54	15	F85A	1	では、こちらに来てください。	그럼、이쪽으로 와 주세요。
0x5CDE26	3	F85A	1	さあ！	자！
0x5CDE18	6	F85A	1	なんのだよ！	뭐에 말이냐！
0x5CDDF3	11	F85A	1	俺は役に立つぞ！	나는 도움이 된다！
0x5CDDDC	15	F85A	1	いや、遠慮とかじゃなくて。	아니、사양이 아니라。
0x5CDDCC	8	F85A	1	遠慮するな。	사양 마라。
0x5CDDB9	11	F85A	1	いや、別にいいです。	아니、딱히 됐습니다。
0x5CDD9B	22	F85A	1	なら、俺がお前について行ってやろうか？	그럼、내가 너를 따라가 줄까？
0x5CDD3E	13	F85A	1	い～いオトコじゃないか～。	조～은 사나이잖아～。
0x5CDD2E	8	F85A	1	な、なんですか？	무、무슨 일입니까？
0x5CDCAB	10	F85A	1	この方は現在、	이분은 현재、
0x5CDBC7	21	F85A	1	いえ、私は神に一度も勝った事が	아뇨、저는 신에게 한 번도 이긴 적이
0x5CDB8A	17	F85A	1	そんなに驚かなくてもいいだろう。	그렇게 놀라지 않아도 되잖나。
0x5CDB50	20	F85A	1	どうだ？今日もオトコをあげているか？	어떠냐？오늘도 사나이를 올리고 있나？
0x5CDAB7	4	F85A	1	ウホッ！	우홋！
0x5CDAA7	8	F85A	1	お断りします。	거절하겠습니다。
0x5CDA77	15	F85A	1	喜んでもらえて光栄です。	기뻐해 주셔서 영광입니다。
0x5CDA24	13	F85A	1	そうですか。残念です。	그렇습니까。아쉽네요。
0x5CDA08	20	F85A	1	心の底から遠慮させてもらいます。	진심으로 사양하겠습니다。
0x5CD9EF	17	F85A	1	では、また獲りに行かれますか？	그럼、또 잡으러 가시겠습니까？
0x5CD9A5	14	F85A	1	オトコらしい魚ってなんだ？	사나이다운 물고기가 뭐냐？
0x5CD94D	7	F85A	1	そうでしょう。	그렇죠。
0x5CD918	4	F85A	1	うまい！	맛있다！
0x5CD909	7	F85A	1	どうでしょう？	어떻습니까？
0x5CD8D2	8	F85A	1	そうでやんすね。	그렇습죠。
0x5CD870	23	F85A	1	名前からは想像なんてできないでやんす。	이름으로는 상상도 못 하겠습죠。
0x5CD841	17	F85A	1	まったく美しくなんてなかったな。	전혀 아름답지 않았군。
0x5CD81E	9	F85A	1	食べるどころか、	먹기는커녕、
0x5CD7C6	11	F85A	1	いいオトコオオオオオ！	좋은 사나이이이이이！
0x5CD789	20	F85A	1	確かに思い出したくないでやんすね。	확실히 떠올리고 싶지 않습죠。
0x5CD74E	20	F85A	1	なんとなく、この星に来た人間が、	어쩐지、이 별에 온 인간이、
0x5CD6EB	20	F85A	1	ええ！貴方ならきっとなれるでしょう！	네！당신이라면 분명 될 수 있을 겁니다！
0x5CD632	13	F85A	1	わかるわけがないでやんす。	알 리가 없습죠。
0x5CD561	26	F85A	1	貴方が弱いから相手に全てを見せる事が	당신이 약하니까 상대에게 전부를 보일 수
0x5CD541	16	F85A	1	それは貴方が弱いからです。	그건 당신이 약하기 때문입니다。
0x5CD4F3	21	F85A	1	くそう！僕はまだ全てを見せていない。	젠장！나는 아직 전부를 보이지 않았다。
0x5CD3E2	22	F85A	1	でも俺も宝探しは嫌いじゃないからね。	그래도 나도 보물찾기는 싫어하지 않으니까。
0x5CD329	17	F85A	1	そうだけど。実際は難しいよ。	그렇지만。실제로는 어려워。
0x5CD2F0	23	F85A	1	じゃあ、この宙域一帯を探索すれば、	그럼、이 우주 구역 일대를 탐색하면、
0x5CD286	21	F85A	1	見ての通り、小惑星が多いから、	보다시피、소행성이 많으니까、
0x5CD260	17	F85A	1	やっぱり、ここじゃいろいろな物が	역시、여기선 여러 가지 물건이
0x5CD208	19	F85A	1	さっき、外でこんなのが飛んでたから	아까、밖에서 이런 게 날고 있었으니까
0x5CD151	12	F85A	1	イエッサー！キャプテン！	충성！선장！
0x5CD0F4	19	F85A	1	まあ、もうちょっとしたら戻るからさ、	뭐、조금 있으면 돌아갈 테니까、
0x5CD0A0	11	F85A	1	え～。暇だったから。	에～。심심했으니까。
0x5CD060	13	F85A	1	疑問系で答えるな！	의문형으로 답하지 마라！
0x5CD046	18	F85A	1	向こうで運転してるんじゃない？	저쪽에서 운전하고 있지 않아？
0x5CD000	9	F85A	1	いや、悪いだろ！	아니、나쁘잖아！
0x5CCFE3	21	F85A	1	あたしがここに居たら悪いって言うの！	내가 여기 있으면 나쁘다는 거야！
0x5CCFBA	12	F85A	1	どうかしたのはお前だ！	어떻게 된 건 너다！
0x5CCFA8	10	F85A	1	どうしたでやんすか？	어떻게 된 겁죠？
0x5CCF95	13	F85A	1	顔色が悪いでやんすよ	안색이 안 좋습죠
0x5CCF7D	16	F85A	1	お、お前、何をしているんだ？	너、너、뭘 하고 있는 거냐？
0x5CCF5D	13	F85A	1	さあ？わかんないでやんす！	글쎄？모르겠습죠！
0x5CCED4	7	F85A	1	おや？なんだか	이런？뭔가
0x5CCE37	8	F85A	1	そこを動くなよ	거기서 움직이지 마라
0x5CCD83	17	F85A	1	何が入っているでやんすかね～！	뭐가 들어 있습죠～！
0x5CCD38	20	F85A	1	ん？なんか箱の周りがおかしくないか？	응？뭔가 상자 주위가 이상하지 않나？
0x5CCD23	13	F85A	1	さっそく開けるでやんす！	당장 엽죠！
0x5CCD04	19	F85A	1	本当だ。なんか箱が置いてある。	정말이다。뭔가 상자가 놓여 있다。
0x5CCCF4	8	F85A	1	あそこでやんす！	저기입죠！
0x5CCCD8	8	F85A	1	あったでやんす！	있었습죠！
0x5CCC81	13	F85A	1	どこにもないでやんすね～。	어디에도 없습죠～。
0x5CCC0A	16	F85A	1	ロボットがいない遺跡なんて、	로봇이 없는 유적 따위、
0x5CCBC0	17	F85A	1	この遺跡にはロボットはいないで	이 유적에는 로봇이 없
0x5CCB72	8	F85A	1	はい。そうです。	네。그렇습니다。
0x5CCB51	16	F85A	1	貴方も私のようになりたいと	당신도 나처럼 되고 싶다고
0x5CCB41	5	F85A	1	そうです。	그렇습니다。
0x5CCAAA	17	F85A	1	それに私が販売している、この	게다가 제가 판매하는、이
0x5CCA43	27	F85A	1	この美しい肉体を持つ私達が病気になんて	이 아름다운 육체를 지닌 우리가 병 따위
0x5CC9E8	5	F85A	1	ワクチン？	백신？
0x5CC9C1	22	F85A	1	ワクチンはどこに行けば手に入れる事が	백신은 어디로 가면 손에 넣을 수
0x5CC99F	21	F85A	1	（ずっと俺達の周りでポージングしてた	（계속 우리 주위에서 포즈를 잡고 있던
0x5CC970	10	F85A	1	あの～。すみません！	저기～。실례합니다！
0x5CC8CB	23	F85A	1	結局、この星の住民でワクチンの事を	결국、이 별 주민 중 백신에 대해
0x5CC885	3	F85A	1	へい！	헤이！
0x5CC851	9	F85A	1	じゃあ、行こう！	그럼、가자！
0x5CC846	3	F85A	1	へい！	헤이！
0x5CC7AC	14	F85A	1	おもしろそうじゃないっすか！	재밌겠네요！
0x5CC73E	20	F85A	1	自分だけ楽しい思いしようなんて、	자기만 즐기려 하다니、
0x5CC72D	9	F85A	1	あれ？お前達？	어라？너희들？
0x5CC71F	6	F85A	1	親ぶ～ん！	두목～！
0x5CC6FB	10	F85A	1	後ろから砲撃？	뒤에서 포격？
0x5CC651	8	F85A	1	アハハハハハハ！	아하하하하하하！
0x5CC581	10	F85A	1	では始めましょう。	그럼 시작하죠。
0x5CC574	5	F85A	1	は、はあ。	하、하아。
0x5CC54D	22	F85A	1	５個のうち、３個壊せたら合格です。	５개 중、３개 부수면 합격입니다。
0x5CC52B	14	F85A	1	想いだけではできない気が	마음만으로는 안 될 것 같은
0x5CC500	5	F85A	1	できます。	됩니다。
0x5CC4EB	13	F85A	1	そ、そんな事できるのか？	그、그런 게 되는 건가？
0x5CC483	6	F85A	1	その通り。	그렇다。
0x5CC421	12	F85A	1	はあ～。そうなんですか。	하아～。그런가요。
0x5CC3D7	5	F85A	1	そうです。	그렇습니다。
0x5CC3BE	17	F85A	1	何発も殴れという事ですね。	몇 발이나 때리라는 거네요。
0x5CC386	15	F85A	1	今回は少し大きいです。	이번엔 조금 큽니다。
0x5CC348	9	F85A	1	美術品である	미술품인
0x5CC32A	22	F85A	1	今回もクリスタルを割っていただきます。	이번에도 크리스탈을 깨 주셔야겠습니다。
0x5CC2EC	15	F85A	1	では、こちらに来てください。	그럼、이쪽으로 와 주세요。
0x5CC2BA	14	F85A	1	２ポイントゲェェェェェット！	２포인트 획드으으으으윽！
0x5CC282	12	F85A	1	ちょ、ちょっと待って！	자、잠깐 기다려！
0x5CC208	19	F85A	1	そうか、という事は全てを見れば、	그런가、그렇다는 건 전부 보면、
0x5CC1AA	18	F85A	1	そりゃ、さっきから後ろにピッタリと	그야、아까부터 뒤에 딱 붙어서
0x5CC197	11	F85A	1	俺が気になるのか？	내가 신경 쓰이나？
0x5CC148	16	F85A	1	さっきから俺の後ろに来て、	아까부터 내 뒤에 와서、
0x5CC0D7	3	F85A	1	ハア！	핫！
0x5CC077	3	F85A	1	はあ！	하앗！
0x5CC008	15	F85A	1	では、こちらに来てください。	그럼、이쪽으로 와 주세요。
0x5CBFC5	3	F85A	1	まっ！	앗！
0x5CBF5B	15	F85A	1	さあな、それは行ってみないと	글쎄、그건 가 보지 않으면
0x5CBF3B	16	F85A	1	こんな星にワクチンなんてあるで	이런 별에 백신이 있을
0x5CBEF0	11	F85A	1	ひどい話でやんすね。	심한 얘기입죠。
0x5CBE02	9	F85A	1	人工太陽？	인공 태양？
0x5CBDB6	20	F85A	1	それが、どうしてこんな砂ばかりの星に	그게、어째서 이런 모래뿐인 별이
0x5CBD85	23	F85A	1	今は砂漠ばかりで街もわずかしかないが、	지금은 사막뿐이고 거리도 얼마 없지만、
0x5CBD58	22	F85A	1	ここに着陸する前に見えた星の姿は	여기 착륙하기 전에 보인 별의 모습은
0x5CBCEF	5	F85A	1	いいです。	됐습니다。
0x5CBC7F	9	F85A	1	それ無理っ！！	그건 무리！！
0x5CBC03	10	F85A	1	それでは始めます。	그럼 시작합니다。
0x5CBB66	21	F85A	1	いち早く、美しい物を真似するのは	재빨리、아름다운 것을 흉내 내는 것은
0x5CBB52	12	F85A	1	流行の話はどこへ？	유행 얘기는 어디로？
0x5CBB21	18	F85A	1	私がこれから表情を変えます。	제가 지금부터 표정을 바꾸겠습니다。
0x5CBB09	16	F85A	1	えっと、どういう事でしょうか？	그러니까、무슨 뜻인가요？
0x5CBAD5	25	F85A	1	はい。だから今日は、私のする事に敏感に	네。그러니까 오늘은、제가 하는 일에 민감하게
0x5CBABF	14	F85A	1	服とか話題とかですね。	옷이나 화제 같은 거네요。
0x5CBA92	13	F85A	1	美しいオトコというのは、	아름다운 사나이라는 것은、
0x5CBA54	15	F85A	1	では、こちらに来てください。	그럼、이쪽으로 와 주세요。
0x5CB996	18	F85A	1	そうか、じゃあこれは君に渡そう。	그런가、그럼 이건 자네에게 주지。
0x5CB973	21	F85A	1	たぶん、あの鳥が飲み込んでいたんじゃ	아마、저 새가 삼키고 있었던 게
0x5CB95D	14	F85A	1	おや？何か落ちているな。	이런？뭔가 떨어져 있군。
0x5CB92F	6	F85A	1	さすがだな。	역시군。
0x5CB91D	10	F85A	1	ふう～。倒したよ。	휴～。쓰러뜨렸어。
0x5CB8FB	9	F85A	1	グギャアアアアア！	그갸아아아아아！
0x5CB8AE	9	F85A	1	グギャアアアアア！	그갸아아아아아！
0x5CB82F	11	F85A	1	どこからどう見ても、	어디를 어떻게 봐도、
0x5CB7F9	7	F85A	1	もちろんだよ。	물론이지。
0x5CB7E2	15	F85A	1	あんた、本当に妖精か？	당신、정말 요정인가？
0x5CB7A1	21	F85A	1	僕の弓なら、あいつらを近づけさせずに	내 활이라면、저 녀석들을 못 다가오게 하고
0x5CB77B	13	F85A	1	僕に任せてくれたまえ。	나에게 맡겨 주게。
0x5CB70E	14	F85A	1	そんな言葉で片付けて	그런 말로 정리해
0x5CB6E3	10	F85A	1	わかんないでやんす。	모르겠습죠。
0x5CB6C9	18	F85A	1	じゃあ、いったい何者なんだろう？	그럼、대체 뭐 하는 자일까？
0x5CB6B0	17	F85A	1	オイラ達、全員そうでやんす。	우리、전원 그렇습죠。
0x5CB69D	11	F85A	1	じゃあ、宇宙人？	그럼、우주인？
0x5CB64F	16	F85A	1	オイラにわかるわけないでやんす。	내가 알 리 없습죠。
0x5CB5BC	8	F85A	1	仕方ないなあ	어쩔 수 없네
0x5CB5A8	12	F85A	1	いいから見るでやんす！	됐으니까 봅죠！
0x5CB56C	13	F85A	1	なにわけがわからない事を	무슨 영문 모를 소리를
0x5CB51A	21	F85A	1	変なのって、誰かの宇宙船の形が	이상한 거라니、누군가의 우주선 모양이
0x5CB503	15	F85A	1	変なのが飛んでるでやんす！	이상한 게 날고 있습죠！
0x5CB4E0	7	F85A	1	どうしたんだよ	무슨 일이야
0x5CB16C	9	F85A	1	ウガアアアアアア！	우가아아아아아！
0x5CB11A	13	F85A	1	後ろって何でやんすか？	뒤라니 뭡죠？
0x5CB10E	4	F85A	1	後ろ？	뒤？
0x5CB100	6	F85A	1	（シュルリ）	（스르륵）
0x5CB0CA	13	F85A	1	聞こえると言われても、	들린다고 해도、
0x5CB08A	17	F85A	1	ウソ言わないで欲しいでやんす。	거짓말 안 했으면 합죠。
0x5CB07C	6	F85A	1	（シュルリ）	（스르륵）
0x5CB05D	19	F85A	1	いや。俺はここから動いてないけど。	아니。나는 여기서 안 움직였는데。
0x5CB030	6	F85A	1	（シュルリ）	（스르륵）
0x5CB00C	16	F85A	1	ハハハ。まあ、そんなの居ないと	하하하。뭐、그런 게 없다고
0x5CAFDD	19	F85A	1	さすがにこんな場所で、そんな事を	아무리 그래도 이런 장소에서、그런 걸
0x5CAF80	15	F85A	1	捨てられた場所だからね。	버려진 장소니까。
0x5CAE8C	15	F85A	1	早く爆破させたいんだよ。	빨리 폭파시키고 싶은 거야。
0x5CADFE	21	F85A	1	あたしはコイツラが壊滅してくれる事が	나는 이 녀석들이 궤멸해 주는 것이
0x5CAD61	6	F85A	1	もっちろん！	무울론！
0x5CAD4C	16	F85A	1	なっ？爆破するつもりなのか？	뭐？폭파할 셈인가？
0x5CAD2D	23	F85A	1	これで、ここを心置きなく爆破できるね。	이걸로、여기를 마음 놓고 폭파할 수 있겠네。
0x5CAD01	18	F85A	1	どうやら、ここに居たギャング達は	아무래도、여기 있던 갱들은
0x5CACB3	14	F85A	1	ボスが負けたああああああ！	보스가 졌다아아아아아아！
0x5CA95A	13	F85A	1	こんな目に遭ったのに、	이런 꼴을 당했는데、
0x5CA932	11	F85A	1	そこに行くでやんす！	거기로 갑죠！
0x5CA8E5	10	F85A	1	こんなのいらないから	이런 건 필요 없으니까
0x5CA8A5	18	F85A	1	こんな旧型ロボットはプログラムで	이런 구형 로봇은 프로그램으로
0x5CA888	21	F85A	1	何でこんなのを守っていたんでやんすか！	어째서 이런 걸 지키고 있었던 겁죠！
0x5CA85A	18	F85A	1	ここから移動した住民達も、	여기서 이동한 주민들도、
0x5CA7FF	8	F85A	1	見るでやんす！	봅죠！
0x5CA7EE	9	F85A	1	うそ！本当に？	거짓말！정말？
0x5CA7D3	9	F85A	1	あったでやんす！！	있었습죠！！
0x5CA775	14	F85A	1	旧型ロボットだけあって、	구형 로봇답게、
0x5CA72A	11	F85A	1	一つ目はこれです！	첫 번째는 이겁니다！
0x5CA6A0	12	F85A	1	蹴りでも構いません。	발차기라도 상관없습니다。
0x5CA67D	5	F85A	1	は、はあ。	하、하아。
0x5CA63B	20	F85A	1	だから、今日は壊すだけでいいです。	그러니까、오늘은 부수기만 하면 됩니다。
0x5CA5E0	21	F85A	1	いいえ。私達のような美しい人間が	아뇨。우리 같은 아름다운 인간이
0x5CA5AC	23	F85A	1	えっ？クリスタルを破壊して、その破片を	엣？크리스탈을 파괴해서、그 파편을
0x5CA562	15	F85A	1	いえ、そこまで高度な事を	아뇨、그렇게 고도의 일을
0x5CA51E	18	F85A	1	今日はこのクリスタルを素手で	오늘은 이 크리스탈을 맨손으로
0x5CA4E0	15	F85A	1	では、こちらに来てください。	그럼、이쪽으로 와 주세요。
0x5CA479	17	F85A	1	まあ、命が助かったと思えば。	뭐、목숨을 건졌다고 생각하면。
0x5CA3CC	14	F85A	1	じゃあ、あたしはそこらへんを	그럼、나는 그 근처를
0x5CA3B2	9	F85A	1	爽快じゃない！	상쾌하지 않아！
0x5CA39B	15	F85A	1	ふう～。スッキリ爽快だね！	휴～。개운하고 상쾌하네！
0x5CA384	18	F85A	1	アキカンが爆発したああああああ！	빈 깡통이 폭발했다아아아아아아！
0x5CA329	11	F85A	1	ここ爆破するから？	여기 폭파할 거라서？
0x5CA30C	5	F85A	1	謝れよ！	사과해！
0x5CA2C5	16	F85A	1	この中に飛び込んだ事か？	이 안에 뛰어든 것 말인가？
0x5CA2AE	8	F85A	1	謝っておくよ。	사과해 둘게。
0x5CA280	14	F85A	1	はあ～。仕方がないなあ。	하아～。어쩔 수 없네。
0x5CA263	12	F85A	1	ちょっとどころじゃない。	좀 정도가 아니다。
0x5CA24D	17	F85A	1	あれ？もしかして、ちょっとピンチ？	어라？혹시、좀 위기？
0x5CA1A2	21	F85A	1	まだ街から離れているこの距離なら、	아직 거리에서 떨어진 이 거리라면、
0x5CA162	13	F85A	1	あの街も同じだろうな。	저 거리도 마찬가지겠지。
0x5CA10C	20	F85A	1	なに冷静に判断してるでやんすか！	뭘 냉정하게 판단하고 있는 겁죠！
0x5CA09F	17	F85A	1	たぶん、突然変異かなんかで	아마、돌연변이 같은 걸로
0x5CA057	9	F85A	1	何があったでやん	무슨 일이 있었
0x5C9F53	9	F85A	1	どうしたでやんすか	어떻게 된 겁죠
0x5C9EE2	17	F85A	1	あの方にこれをお渡しください。	저분에게 이걸 전해 주세요。
0x5C9EB7	13	F85A	1	耐えてるとかじゃなくて、	참고 있는 게 아니라、
0x5C9E8E	12	F85A	1	あの方は凄いですね。	저분은 대단하네요。
0x5C9E43	3	F85A	1	さあ！	자！
0x5C9E30	15	F85A	1	そんな事はどうでもいいんだ！	그런 건 아무래도 좋다！
0x5C9DFD	21	F85A	1	わかった！お前を仲間に加えるから！	알겠다！너를 동료로 넣을 테니까！
0x5C9DED	8	F85A	1	いいから！さあ！	됐으니까！자！
0x5C9DCC	20	F85A	1	えっ？俺はまったく何も始める気は	엣？나는 전혀 아무것도 시작할 마음은
0x5C9DA1	16	F85A	1	一緒にこっちに来るがいい。	함께 이쪽으로 오는 게 좋다。
0x5C9D4E	6	F85A	1	無理だ。	무리다。
0x5C9A6B	15	F85A	1	あっ！動き出したでやんす！	앗！움직이기 시작했습죠！
0x5C9A53	16	F85A	1	なんで、そんな説明的なの？	어째서、그렇게 설명적이야？
0x5C9A10	14	F85A	1	何してるでやんすかねえ～？	뭘 하고 있는 겁죠～？
0x5C9921	17	F85A	1	本当に何者でやんすかね～？	정말 뭐 하는 자입죠～？
0x5C98DB	4	F85A	1	あれか！	저건가！
0x5C98B7	12	F85A	1	また、現れたでやんす！	또、나타났습죠！
0x5C9811	8	F85A	1	ああ、俺もだ。	아아、나도다。
0x5C97CD	10	F85A	1	素直じゃないな。	솔직하지 못하군。
0x5C977F	15	F85A	1	助けた？なんのことかなあ～？	도왔다고？무슨 소린지～？
0x5C9769	14	F85A	1	助けてくれて、ありがとな。	도와줘서、고마워。
0x5C9745	12	F85A	1	ん～。大丈夫だよ。	으～음。괜찮아。
0x5C96F8	9	F85A	1	た、倒したのか？	쓰、쓰러뜨린 건가？
0x5C9658	5	F85A	1	この星を	이 별을
0x5C9611	11	F85A	1	や、やばい！やられる！	크、큰일이다！당한다！
0x5C95D7	19	F85A	1	その割には笑顔で破壊してるで	그런 것치고는 웃으면서 파괴하고 있
0x5C9597	19	F85A	1	あんなの暇つぶしにもなってないわよ。	그런 건 심심풀이도 안 돼。
0x5C9576	16	F85A	1	暇つぶしで破壊しまくるのは	심심풀이로 마구 파괴하는 건
0x5C955B	3	F85A	1	そだね	그러네
0x5C951C	9	F85A	1	まあ、いいけどね。	뭐、괜찮지만。
0x5C94F0	7	F85A	1	いいでやんす！	됐습죠！
0x5C94C2	12	F85A	1	突撃してないじゃん。	돌격 안 했잖아。
0x5C9485	18	F85A	1	そこは否定して欲しいでやんす。	거긴 부정해 줬으면 합죠。
0x5C9470	13	F85A	1	そう？否定はしないよ。	그래？부정은 안 해。
0x5C945E	10	F85A	1	嫌そうでやんすね。	싫어하는 것 같습죠。
0x5C944F	7	F85A	1	またアンタか。	또 당신인가。
0x5C943F	8	F85A	1	オイラでやんす！	나입죠！
0x5C9431	6	F85A	1	はいは～い。	네에～。
0x5C93C5	21	F85A	1	今日は、共に冒険をする仲間と	오늘은、함께 모험할 동료와
0x5C9379	11	F85A	1	では、よいオトコを！！	그럼、좋은 사나이를！！
0x5C9355	13	F85A	1	仕方がない。わかった。	어쩔 수 없다。알겠다。
0x5C92F3	5	F85A	1	そうです。	그렇습니다。
0x5C92AB	22	F85A	1	じゃあ、俺はいろいろなオトコ行為という	그럼、나는 여러 사나이 행위라는
0x5C9281	14	F85A	1	というわけで貴方はいま３	그런 이유로 당신은 지금 ３
0x5C924D	23	F85A	1	というわけで、貴方は何もオトコ行為を	그런 이유로、당신은 아무 사나이 행위도
0x5C91C4	22	F85A	1	他にはクリスタルを素手で叩き割り、	그 밖에는 크리스탈을 맨손으로 깨부수고、
0x5C915A	22	F85A	1	はい。この星でオトコ行為をするとあがる	네。이 별에서 사나이 행위를 하면 오르는
0x5C90D6	16	F85A	1	でも暗くなると危険だから、	그래도 어두워지면 위험하니까、
0x5C9063	7	F85A	1	見えたもの？	보인 것？
0x5C8F2B	18	F85A	1	だけど君達の信頼を得れば、	하지만 자네들의 신뢰를 얻으면、
0x5C8F03	10	F85A	1	そう。残念だね。	그래。아쉽네。
0x5C8EE6	21	F85A	1	だが、その条件を飲む事はできない。	하지만、그 조건을 받아들일 수는 없다。
0x5C8E76	9	F85A	1	ありえる話だね。	있을 법한 얘기네。
0x5C8E3F	15	F85A	1	たぶん置いた本人達も、	아마 놓아둔 본인들도、
0x5C8E2D	10	F85A	1	宝石じゃないか！	보석이잖아！
0x5C8DC9	19	F85A	1	サソリは全滅したみたいでやんすね。	전갈은 전멸한 모양입죠。
0x5C8DA4	15	F85A	1	（リコの奴、それを計算に	（리코 녀석、그걸 계산에
0x5C8D79	16	F85A	1	俺達が暴れたからだろうな。	우리가 날뛰었기 때문이겠지。
0x5C8D40	14	F85A	1	だ、大丈夫でやんす～！	괘、괜찮습죠～！
0x5C8CD6	15	F85A	1	そこらへん探検してくるよ。	그 근처 탐험하고 올게。
0x5C8CBE	16	F85A	1	十分にスリルを味わったよ。	충분히 스릴을 맛봤어。
0x5C8CA6	10	F85A	1	終わっちゃったね。	끝나 버렸네。
0x5C8C69	12	F85A	1	オイラ達もでやんすか！	우리도 말입죠！
0x5C8C48	9	F85A	1	もちろん、アンタと	물론、당신과
0x5C8C30	16	F85A	1	ご協力、ありがとうでやんす。	협조해 주셔서、고맙습죠。
0x5C8C19	22	F85A	1	そんな惑星には行きたくないでやんすよ。	그런 행성에는 가고 싶지 않습죠。
0x5C8BAE	15	F85A	1	星って、惑星でやんすか？	별이라니、행성입죠？
0x5C8B9F	7	F85A	1	星一個。	별 하나。
0x5C8B4D	17	F85A	1	で、今日は何を聞きたいの。	그래서、오늘은 뭘 묻고 싶어。
0x5C8B3D	8	F85A	1	ひどいでやんす。	심합죠。
0x5C8B07	11	F85A	1	どうせ、また今回も	어차피、또 이번에도
0x5C8AEE	17	F85A	1	まだ、何も言ってないでやんす。	아직、아무 말도 안 했습죠。
0x5C8ADF	7	F85A	1	切っていい？	끊어도 돼？
0x5C8ACF	8	F85A	1	オイラでやんす！	나입죠！
0x5C8AC1	6	F85A	1	はいは～い。	네에～。
0x5C8A55	21	F85A	1	今日は、共に冒険をする仲間と	오늘은、함께 모험할 동료와
0x5C89C0	19	F85A	1	そうだね。アンタ達もおもしろい事が	그렇네。너희들도 재미있는 일을
0x5C8968	12	F85A	1	俺達は何があっても	우리는 무슨 일이 있어도
0x5C88D2	12	F85A	1	誰にも言ってないよ。	아무에게도 말 안 했어。
0x5C87F9	6	F85A	1	お前達！	너희들！
0x5C876F	20	F85A	1	とりあえず倒さないと外には出れない	일단 쓰러뜨리지 않으면 밖으로 못 나간다
0x5C8729	16	F85A	1	入る時にもコイツラを壊した	들어올 때도 이 녀석들을 부쉈
0x5C8713	14	F85A	1	じゃあ、入れるなでやんす！	그럼、들이지 말라는 겁죠！
0x5C86FA	17	F85A	1	侵入者を許さないんだろう。	침입자를 용납 안 하는 거겠지。
0x5C86DD	21	F85A	1	出て行くんだから、見逃せでやんす！	나가는 거니까、봐주라는 겁죠！
0x5C8612	17	F85A	1	という事は出口に近いのか！	그렇다는 건 출구가 가까운 건가！
0x5C8555	20	F85A	1	（絶対に、こんな試験を二度と	（절대로、이런 시험을 두 번 다시
0x5C854B	5	F85A	1	は、はあ。	하、하아。
0x5C8500	14	F85A	1	このまま順調に行けば、	이대로 순조롭게 가면、
0x5C849C	27	F85A	1	一年後、再び試験を受けに来てください。	１년 후、다시 시험을 보러 오세요。
0x5C8470	25	F85A	1	では次は一年後に予約しておきましょう。	그럼 다음은 １년 후로 예약해 두죠。
0x5C83A1	12	F85A	1	これまでやってきたのは、	지금까지 해온 것은、
0x5C838E	11	F85A	1	それはどうしてですか？	그건 어째서인가요？
0x5C8360	19	F85A	1	現在の貴方では、これ以上、	지금의 당신으로는、더 이상、
0x5C8316	4	F85A	1	ウホッ！	우홋！
0x5C827A	9	F85A	1	では貴方には５	그럼 당신에게는 ５
0x5C8256	8	F85A	1	誰が調べて、	누가 조사해서、
0x5C8227	27	F85A	1	この宇宙の約７割が私の写真を飾っている	이 우주의 약 ７할이 내 사진을 걸어두고 있다
0x5C8219	6	F85A	1	まじっすか！	진짜？
0x5C81E8	12	F85A	1	照れなくてもいいです。	쑥스러워하지 않아도 됩니다。
0x5C8190	12	F85A	1	その気持ちがあれば、	그 마음이 있으면、
0x5C8151	22	F85A	1	それほどまでに私を手本にしたいなんて、	그토록 나를 본보기로 삼고 싶다니、
0x5C813D	12	F85A	1	いやあ～。それほどでも。	아이고～。그 정도까지는。
0x5C810E	8	F85A	1	素晴らしい！	훌륭하다！
0x5C80AE	17	F85A	1	ここを本当に通るでやんすか？	여기를 정말 지납죠？
0x5C803A	17	F85A	1	でも、逆に待ち構えられても、	그래도、반대로 매복당해도、
0x5C7F54	12	F85A	1	ここを通るでやんすか？	여기를 지납죠？
0x5C7F1C	23	F85A	1	ああ、小惑星が集中している地域、	아아、소행성이 집중된 지역、
0x5C7E09	14	F85A	1	さっき骨を見たでやんす。	아까 뼈를 봤습죠。
0x5C7DE7	20	F85A	1	さあ？お腹が空いてるとそうするんじゃ	글쎄？배가 고프면 그러는 게
0x5C7DB2	24	F85A	1	やっぱり、こんな場所に人間が入ったら、	역시、이런 장소에 인간이 들어오면、
0x5C7D53	9	F85A	1	グギャアアアアア！	그갸아아아아아！
0x5C7CFA	20	F85A	1	それじゃあ、せっかく静かに住んでいる	그럼、모처럼 조용히 살고 있는
0x5C7CB8	26	F85A	1	こんな放置された場所には自然の生き物	이런 방치된 장소에는 자연의 생물
0x5C7C9C	20	F85A	1	さっきから何かが鳴いてるでやんすね。	아까부터 뭔가 울고 있습죠。
0x5C7C5C	19	F85A	1	なにもかもがわかんらない星でやんす。	뭐 하나 알 수 없는 별입죠。
0x5C7C47	16	F85A	1	いったい、何がしたいんだろう？	대체、뭘 하고 싶은 걸까？
0x5C7C2F	4	F85A	1	ウホッ！	우홋！
0x5C7BE8	11	F85A	1	当たり前でやんす。	당연합죠。
0x5C7B8E	8	F85A	1	そうでやんすね。	그렇습죠。
0x5C7B60	13	F85A	1	さあ？俺にもわからない。	글쎄？나도 모른다。
0x5C7B0B	20	F85A	1	だけど、この星の人に聞いてみたら、	하지만、이 별 사람에게 물어봤더니、
0x5C7AEF	20	F85A	1	そんな星なんてあるわけないでやんすよ！	그런 별이 있을 리 없습죠！
0x5C7AD3	20	F85A	1	ここにはワクチンなんかないって事だよ。	여기엔 백신 따위 없다는 거야。
0x5C7ABF	12	F85A	1	どういう事でやんすか？	무슨 일입죠？
0x5C7AB2	12	F85A	1	それ以前の問題？	그 이전의 문제？
0x5C7A99	17	F85A	1	いや、それ以前の問題だよ。	아니、그 이전의 문제야。
0x5C7A73	10	F85A	1	どうしたでやんすか？	어떻게 된 겁죠？
0x5C7A3B	9	F85A	1	だ、だと、いいな。	그、그러면、좋겠군。
0x5C79E4	18	F85A	1	オ、オイラも何か見えたでやんす。	나、나도 뭔가 봤습죠。
0x5C799E	4	F85A	1	ウホッ！	우홋！
0x5C797F	8	F85A	1	そうだといいな。	그랬으면 좋겠군。
0x5C7924	18	F85A	1	まあ、この星の住人に聞けば、	뭐、이 별 주민에게 물으면、
0x5C78F9	18	F85A	1	それ以外はわからないという事で	그 밖에는 모른다는 걸로
0x5C788F	22	F85A	1	実を言うと、俺もあまり知らないんだ。	사실을 말하자면、나도 잘 모른다。
0x5C785B	17	F85A	1	この星はどういう星でやんすか？	이 별은 어떤 별입죠？
0x5C75B2	14	F85A	1	２ポイントゲットオオオオオ！	２포인트 획득오오오오오！
0x5C7590	4	F85A	1	ははっ！	하핫！
0x5C755F	9	F85A	1	ああ！もちろんだ！	아아！물론이다！
0x5C7519	6	F85A	1	そうだろう！	그렇지！
0x5C7506	14	F85A	1	よく見ると、凄いですね。	잘 보니、대단하네요。
0x5C74D5	17	F85A	1	ちょ、ちょっと何で俺をジロジロ	자、잠깐 어째서 나를 빤히
0x5C7493	6	F85A	1	えっ？オレ？	엣？나？
0x5C7465	4	F85A	1	あれだ！	저거다！
0x5C7456	7	F85A	1	どれをですか？	어느 걸 말인가요？
0x5C7445	9	F85A	1	あれを見てみろ！	저걸 봐라！
0x5C7431	12	F85A	1	どうしたのですか神よ！	무슨 일이십니까 신이시여！
0x5C73D1	16	F85A	1	ご協力、ありがとうでやんす。	협조해 주셔서、고맙습죠。
0x5C73B2	12	F85A	1	似合わないでやんす。	안 어울립죠。
0x5C7297	16	F85A	1	なんでアンタがあたしの番号を	어째서 당신이 내 번호를
0x5C7287	8	F85A	1	オイラでやんす！	나입죠！
0x5C7279	6	F85A	1	はいは～い。	네에～。
0x5C720D	21	F85A	1	今日は、共に冒険をする仲間と	오늘은、함께 모험할 동료와
0x5C7172	15	F85A	1	こいつら許してくれないかな？	이 녀석들 용서해 주지 않을래？
0x5C7144	6	F85A	1	さすがだな。	역시군。
0x5C712D	22	F85A	1	アイツ、この場所までかぎ付けてたのか。	그 녀석、이 장소까지 냄새 맡았나。
0x5C70FB	17	F85A	1	お前、どうしてここに居るんだ？	너、어째서 여기 있는 거냐？
0x5C70DD	7	F85A	1	お、親分！	두、두목！
0x5C70CB	10	F85A	1	バカだねアンタ達。	바보구나 너희들。
0x5C7041	26	F85A	1	俺達は親分と一緒にいるのが楽しいから、	우리는 두목과 함께 있는 게 즐거우니까、
0x5C7028	14	F85A	1	返せ？どういう意味だ？	돌려줘？무슨 뜻이냐？
0x5C7015	11	F85A	1	お、親分を返せ！	두、두목을 돌려줘！
0x5C6FF5	14	F85A	1	さあ、なんで俺を襲ったか	자、어째서 나를 습격했는지
0x5C6F83	11	F85A	1	しみじみ言うなあ～！	담담하게 말하지 마～！
0x5C6F6C	15	F85A	1	きっと大きいんだろうねえ～。	분명 크겠지～。
0x5C6F2C	12	F85A	1	気休めでもいいから、	위안이라도 좋으니까、
0x5C6F18	12	F85A	1	ウソはつきたくないもん。	거짓말은 하기 싫은걸。
0x5C6ED7	11	F85A	1	投げちゃったじゃって	던져 버렸다니까
0x5C6EAC	16	F85A	1	ごめ～ん。穴の中にアキカンを	미안～。구멍 안에 빈 캔을
0x5C6E89	21	F85A	1	何か穴の中から聞こえたでやんすよ？	뭔가 구멍 안에서 들렸습죠？
0x5C6E70	13	F85A	1	えっ？何だ？今の音？	엣？뭐냐？방금 소리？
0x5C6D2F	11	F85A	1	襲ったお詫びです。	습격한 사과입니다。
0x5C6CB7	8	F85A	1	ああ。そうだな。	아아。그렇군。
0x5C6C73	9	F85A	1	おもしろかったね！	재미있었어！
0x5C6C32	25	F85A	1	約束どおり、俺達の為に働いてもらうぞ。	약속대로、우리를 위해 일해 줘야겠다。
0x5C6C16	6	F85A	1	やられた～！	당했다～！
0x5C6B5F	19	F85A	1	私のような神々しさを持つのは、	나 같은 신성함을 지니는 건、
0x5C6B0E	10	F85A	1	そんな貴方には３	그런 당신에게는 ３
0x5C6AF5	17	F85A	1	これはそういう試験じゃないか。	이건 그런 시험 아닌가。
0x5C6AA3	22	F85A	1	貴方の真剣な眼差しを見ていれば	당신의 진지한 눈빛을 보고 있으면
0x5C6A53	19	F85A	1	私のようになりたいという気持ちは	나처럼 되고 싶다는 마음은
0x5C6A23	12	F85A	1	貴方の気持ちは、	당신 마음은、
0x5C6A11	10	F85A	1	ふう。良かったあ。	휴。다행이다。
0x5C6A02	7	F85A	1	合格です！	합격입니다！
0x5C6995	21	F85A	1	私が持っていても意味がないからよ。	내가 갖고 있어도 의미가 없으니까。
0x5C6980	7	F85A	1	えっ？マジで？	엣？진짜？
0x5C6970	8	F85A	1	これ、あげるわ。	이거、줄게。
0x5C6912	22	F85A	1	じゃあ、俺は勝手にそう思っておくよ。	그럼、나는 멋대로 그렇게 생각해 두지。
0x5C68F2	4	F85A	1	さあね。	글쎄。
0x5C67E2	9	F85A	1	どうしたでやんすか	어떻게 된 겁죠
0x5C679A	9	F85A	1	ちょっと！やめろ！	잠깐！그만해！
0x5C6701	10	F85A	1	ステーキが出たら。	스테이크가 나오면。
0x5C66EE	11	F85A	1	なに言っているんだ？	무슨 소리냐？
0x5C669E	12	F85A	1	何を見ているんだよ。	뭘 보고 있는 거야。
0x5C6589	21	F85A	1	疲れたねえ～。さっさと街に戻ろうよ。	지쳤네～。얼른 거리로 돌아가자。
0x5C6547	21	F85A	1	突然、襲われたのはお前がアキカンを	갑자기、습격당한 건 네가 빈 캔을
0x5C64CE	10	F85A	1	何が？どのへんが？	뭐가？어디가？
0x5C64BB	11	F85A	1	あ～！おもしろかった！	아～！재미있었다！
0x5C6498	21	F85A	1	まさか、さっきと同じサイズのが出てくる	설마、아까와 같은 크기가 나오
0x5C6452	16	F85A	1	ご協力、ありがとうでやんす。	협조해 주셔서、고맙습죠。
0x5C6431	15	F85A	1	そんな事を言っているから、	그런 소리를 하고 있으니까、
0x5C6408	21	F85A	1	じゃあ、僕の欲しい物は妖精らしく	그럼、내가 원하는 건 요정답게
0x5C63B7	15	F85A	1	どう見ても人間でやんす！	아무리 봐도 인간입죠！
0x5C6355	16	F85A	1	前から思っていたでやんすが、	전부터 생각했습죠만、
0x5C6321	5	F85A	1	僕達、	우리들、
0x5C62C5	21	F85A	1	今日は、共に冒険をする仲間と	오늘은、함께 모험할 동료와
0x5C6238	15	F85A	1	だから、しみじみ言うなあ～！	그러니까、담담하게 말하지 마～！
0x5C6216	19	F85A	1	う～ん。もう一匹いたみたいだね～。	으～음。한 마리 더 있었나 보네～。
0x5C61D8	13	F85A	1	（カンカラカラカラカラ！）	（깡그르르르르！）
0x5C61BB	14	F85A	1	お前が飛ばしたんだろう！	네가 날린 거잖아！
0x5C618C	13	F85A	1	あっ！飛んでいっちゃった	앗！날아가 버렸다
0x5C612C	12	F85A	1	お、おもしろくないわい。	재、재미없구먼。
0x5C6119	11	F85A	1	あ～！おもしろかった！	아～！재미있었다！
0x5C6100	10	F85A	1	大きかったねえ～。	컸네～。
0x5C6086	9	F85A	1	いえ、そうですね。	아뇨、그렇네요。
0x5C606E	16	F85A	1	ちょ、ちょっと高くないですか？	자、좀 비싸지 않나요？
0x5C6054	18	F85A	1	そうですね。３５００ペラでしょうか。	글쎄요。３５００페라쯤일까요。
0x5C603C	16	F85A	1	じゃあ一トン、何ペラですか。	그럼 １톤에、몇 페라입니까。
0x5C5FF8	21	F85A	1	この美貌なら、片手で一トンぐらい	이 미모라면、한 손으로 １톤 정도
0x5C5FEA	6	F85A	1	び、びぼう？	미、미모？
0x5C5F54	7	F85A	1	オトコらしい。	사나이답다。
0x5C5ED5	7	F85A	1	勝負だ！！	승부다！！
0x5C5E3B	24	F85A	1	俺が勝ったら、俺はお前達を許さない。	내가 이기면、나는 너희들을 용서 안 한다。
0x5C5DF6	16	F85A	1	俺に勝ったら許してやるよ！	나에게 이기면 용서해 주지！
0x5C5DA7	6	F85A	1	なんでって、	어째서라니、
0x5C5D9B	4	F85A	1	なんで！	어째서！
0x5C5D7B	10	F85A	1	聞こえなかったか？	못 들었나？
0x5C5D5E	6	F85A	1	許さない。	용서 못 한다。
0x5C5D06	17	F85A	1	では、これからも美しくなるように	그럼、앞으로도 아름다워지도록
0x5C5CF2	9	F85A	1	や、やったあああ！	해、해냈다아아！
0x5C5C84	14	F85A	1	というわけで、貴方には３	그런 이유로、당신에게는 ３
0x5C5C10	14	F85A	1	というわけで、貴方には３	그런 이유로、당신에게는 ３
0x5C5BDF	5	F85A	1	は、はあ。	하、하아。
0x5C5BA9	18	F85A	1	素晴らしい！いや、オトコらしい！	훌륭하다！아니、사나이답다！
0x5C5B62	9	F85A	1	どうしたでやんすか	어떻게 된 겁죠
0x5C5ABC	17	F85A	1	いま頭を悩ませている理由は	지금 머리를 앓고 있는 이유는
0x5C5A8E	7	F85A	1	いや、待て。	아니、기다려。
0x5C5A5A	12	F85A	1	お前はそれでいいのか？	너는 그걸로 괜찮은가？
0x5C5A46	12	F85A	1	何を見ているんだよ。	뭘 보고 있는 거야。
0x5C58E0	26	F85A	1	街から巨大な物が見えたから何かと思って	거리에서 거대한 게 보여서 뭔가 했더니
0x5C581E	16	F85A	1	ご協力、ありがとうでやんす。	협조해 주셔서、고맙습죠。
0x5C5809	20	F85A	1	ま、まともな事を言っているでやんす。	제、제대로 된 소리를 하고 있습죠。
0x5C5787	22	F85A	1	だから、僕は人間に興味があるのさ。	그러니까、나는 인간에게 흥미가 있는 거야。
0x5C571D	5	F85A	1	僕達、	우리들、
0x5C56B5	21	F85A	1	今日は、共に冒険をする仲間と	오늘은、함께 모험할 동료와
0x5C5650	8	F85A	1	いえ、貴方は	아뇨、당신은
0x5C5638	16	F85A	1	ちょ、ちょっと高くないですか？	자、좀 비싸지 않나요？
0x5C561E	18	F85A	1	そうですね。３５００ペラでしょうか。	글쎄요。３５００페라쯤일까요。
0x5C5606	16	F85A	1	じゃあ一トン、何ペラですか。	그럼 １톤에、몇 페라입니까。
0x5C55C3	20	F85A	1	この美貌なら片手で一トンぐらい	이 미모라면 한 손으로 １톤 정도
0x5C55B5	6	F85A	1	び、びぼう？	미、미모？
0x5C5544	11	F85A	1	は、はあ。そうですね。	하、하아。그렇네요。
0x5C54EF	22	F85A	1	そういえば、貴方は私のようになりたいん	그러고 보니、당신은 나처럼 되고 싶은
0x5C538D	6	F85A	1	やっちゃった	저질러 버렸다
0x5C52F0	14	F85A	1	も、もうどうにでもしてくれ！	이、이제 어떻게든 해줘！
0x5C52DE	7	F85A	1	突っ込むよ	돌진한다
0x5C52B5	22	F85A	1	じゃあ、ここで一気に勝負をつけよう。	그럼、여기서 단숨에 승부를 내자。
0x5C52A5	8	F85A	1	ああ、たぶんな。	아아、아마도。
0x5C524B	5	F85A	1	まずいな。	곤란하군。
0x5C51B4	11	F85A	1	誰が破壊神よ！	누가 파괴신이야！
0x5C5176	7	F85A	1	よし！左だ！	좋아！왼쪽이다！
0x5C514A	7	F85A	1	よし！右だ！	좋아！오른쪽이다！
0x5C511D	15	F85A	1	今度は右と左でやんす！	이번엔 오른쪽과 왼쪽입죠！
0x5C50DE	9	F85A	1	進むでやんす～！	나아갑죠～！
0x5C509D	15	F85A	1	全員が疲れてしまったら、	전원이 지쳐 버리면、
0x5C507E	23	F85A	1	自分は戦ってないからって元気だなあ。	자기는 안 싸웠다고 기운도 좋구나。
0x5C504B	17	F85A	1	しゃべってる暇は無いでやんす！	떠들 틈은 없습죠！
0x5C4FA4	19	F85A	1	無茶言うなああああああああああ！	무리한 소리 하지 마아아아아아아아아아！
0x5C4F82	19	F85A	1	じゃあ、全部倒しちゃえええええ！	그럼、전부 쓰러뜨려어어어어！
0x5C4F57	4	F85A	1	ウソッ！	거짓말！
0x5C4F40	15	F85A	1	あたし達も飛び込もう！！	우리도 뛰어들자！！
0x5C4EED	26	F85A	1	巨大サソリに囲まれて絶体絶命状態。	거대 전갈에 둘러싸여 절체절명 상태。
0x5C4ED2	19	F85A	1	えっ？お前、何を言っているんだ？	엣？너、무슨 소리를 하는 거냐？
0x5C4EA4	8	F85A	1	この状況って	이 상황은
0x5C4E78	10	F85A	1	なんで止めるんだよ	어째서 말리는 거야
0x5C4C9E	10	F85A	1	さあ！出て来い！	자！나와라！
0x5C4C4F	19	F85A	1	だから、お前らじゃないと言っている	그러니까、너희들이 아니라고 하잖
0x5C4C40	7	F85A	1	おい！お前！	어이！너！
0x5C4BF4	23	F85A	1	どいつもこいつも俺の興味がない顔ばかり	이놈도 저놈도 내 흥미가 없는 얼굴뿐
0x5C4BDF	4	F85A	1	グハッ！	커학！
0x5C4BA0	4	F85A	1	グホッ！	커헉！
0x5C4B7B	6	F85A	1	邪魔だ！	방해다！
0x5C4AF6	7	F85A	1	ナイスオトコ！	나이스 사나이！
0x5C4A9B	10	F85A	1	いえいえ、これからも	아뇨아뇨、앞으로도
0x5C4A7D	12	F85A	1	ワ、ワクチン、２トンだ！	배、백신、２톤이다！
0x5C4A49	12	F85A	1	ポイントゲットしたので、	포인트 획득했으니、
0x5C4A3F	5	F85A	1	は、はあ。	하、하아。
0x5C4A2C	11	F85A	1	おめでとうございます。	축하합니다。
0x5C4A0D	6	F85A	1	貴方は３	당신은 ３
0x5C49FD	8	F85A	1	そ、そうなのか？	그、그런가？
0x5C499F	7	F85A	1	お、終わり？	끄、끝？
0x5C498E	9	F85A	1	お疲れ様です。	수고하셨습니다。
0x5C4967	13	F85A	1	おもしろい事がある方に	재미있는 일이 있는 쪽으로
0x5C4954	11	F85A	1	どこへ行くんですか？	어디로 가는 겁니까？
0x5C493F	13	F85A	1	じゃあ、全力前進！	그럼、전력 전진！
0x5C4930	7	F85A	1	もちろんです！	물론입니다！
0x5C4871	14	F85A	1	これで、もう終わりかあ～。	이걸로、벌써 끝인가～。
0x5C4852	5	F85A	1	親分！	두목！
0x5C465A	5	F85A	1	親分！	두목！
0x5C45EB	18	F85A	1	あたしはおもしろい事が好きなの。	나는 재미있는 일을 좋아해。
0x5C4556	12	F85A	1	ちょっとしっかりしてよ！	좀 정신 차려！
0x5C4548	5	F85A	1	親分！	두목！
0x5C4524	13	F85A	1	やった！これで親分は！	해냈다！이걸로 두목은！
0x5C447E	23	F85A	1	ここに居たら、俺達もあんな風になるぞ！	여기 있으면、우리도 저렇게 된다！
0x5C444B	18	F85A	1	引き伸ばされて、千切られて、	늘어나고、찢기고、
0x5C442C	23	F85A	1	奴らがあれに群がっている間に逃げよう！	저 녀석들이 저기 몰려 있는 사이에 도망치자！
0x5C441B	9	F85A	1	グギャアアアアア！	그갸아아아아아！
0x5C43DE	24	F85A	1	お腹が空いた時に食べようと思っていたん	배고플 때 먹으려고 했던
0x5C437D	15	F85A	1	どうやって逃げるでやんすか！	어떻게 도망칩죠！
0x5C4365	6	F85A	1	逃げるぞ！	도망친다！
0x5C4320	16	F85A	1	何を言っているのかわからん。	무슨 소리를 하는지 모르겠다。
0x5C42D7	18	F85A	1	では、これに慢心せず、これからも	그럼、이에 자만하지 말고、앞으로도
0x5C4260	19	F85A	1	が、しかし、美しい事は称えられて	하、하지만、아름다운 것은 칭송받아
0x5C424D	11	F85A	1	は、はあ。そうですか。	하、하아。그렇습니까。
0x5C4231	20	F85A	1	私に美しいと思わせるなんてえええ！	나에게 아름답다고 생각하게 하다니이이이！
0x5C4223	6	F85A	1	なぜですか？	어째서인가요？
0x5C41DE	9	F85A	1	さ、さすがですね！	여、역시네요！
0x5C416D	11	F85A	1	しかし、安心しろ。	하지만、안심해라。
0x5C4145	13	F85A	1	「もの」という言い方が	「것」이라는 표현이
0x5C40FA	13	F85A	1	美しい物というものは、	아름다운 것이란、
0x5C40E5	13	F85A	1	見過ぎだ！見過ぎ！	너무 본다！너무 봐！
0x5C4025	9	F85A	1	このパーティーは、	이 파티는、
0x5C4007	7	F85A	1	おう！すまん！	오냐！미안！
0x5C3FB1	7	F85A	1	おう！すまん！	오냐！미안！
0x5C3F99	16	F85A	1	こっちを見て、ウットリするな。	이쪽을 보고、넋 놓지 마라。
0x5C3F6D	7	F85A	1	見過ぎだ！	너무 본다！
0x5C3E6A	19	F85A	1	どんどん音が大きくなってきているで	점점 소리가 커지고 있
0x5C3E28	11	F85A	1	ほら、聞こえるだろ？	봐라、들리지？
0x5C3E13	13	F85A	1	えっ？どうしてでやんすか？	엣？어째서입죠？
0x5C3DDC	8	F85A	1	大丈夫だ！	괜찮다！
0x5C3D76	12	F85A	1	それじゃあ、ダメなんだ。	그래서는、안 된다。
0x5C3D1C	20	F85A	1	じゃあ、今度の会う時を楽しみに	그럼、다음에 만날 때를 기대하며
0x5C3D0F	5	F85A	1	は、はあ。	하、하아。
0x5C3CC6	16	F85A	1	貴方にこれを贈呈しよう。	당신에게 이걸 증정하지。
0x5C3CB5	9	F85A	1	目じゃないのか。	눈 아닌가。
0x5C3C85	20	F85A	1	人と話す時は、相手の腹筋、	사람과 얘기할 때는、상대의 복근、
0x5C3C20	15	F85A	1	それじゃあ、ダメだあああああ！	그래서는、안 된다아아아아！
0x5C3B3A	25	F85A	1	美しい宝石には霊が宿ると聞くでやんす。	아름다운 보석에는 영이 깃든다고 듣습죠。
0x5C3AE7	18	F85A	1	おや？包帯の所に何かあるぞ！	이런？붕대 있는 곳에 뭔가 있다！
0x5C3A20	25	F85A	1	死ぬ思いまでしたのに、何の収穫も無いで	죽을 뻔했는데、아무 수확도 없
0x5C3A00	13	F85A	1	そうはいかないでやんすよ！	그렇게는 안 됩죠！
0x5C39AE	17	F85A	1	やっと、外に出れたでやんすよ。	겨우、밖에 나왔습죠。
0x5C397A	23	F85A	1	自分は戦ってないからって元気だなあ。	자기는 안 싸웠다고 기운도 좋구나。
0x5C3952	17	F85A	1	疲れている暇は無いでやんす！	지쳐 있을 틈은 없습죠！
0x5C3887	11	F85A	1	襲ったお詫びです。	습격한 사과입니다。
0x5C380D	11	F85A	1	だから約束通り、	그러니까 약속대로、
0x5C37F8	12	F85A	1	ああ！お前の勝ちだ！	아아！네 승리다！
0x5C37E6	10	F85A	1	あたしの勝ちだよ！	내 승리야！
0x5C35EC	16	F85A	1	早く助けに行くでやんすよ！	빨리 구하러 갑죠！
0x5C35C7	10	F85A	1	どうしたでやんすか？	어떻게 된 겁죠？
0x5C3588	16	F85A	1	ここからじゃハッキリ見えないで	여기서는 확실히 안 보이
0x5C3572	14	F85A	1	あれは救難信号だな。	저건 구난 신호군。
0x5C354F	12	F85A	1	あっ！本当でやんす！	앗！정말입죠！
0x5C3535	14	F85A	1	あそこに船が見えないか？	저기 배가 보이지 않나？
0x5C3523	10	F85A	1	どうしたでやんすか？	어떻게 된 겁죠？
0x5C34D3	4	F85A	1	左だ！	왼쪽이다！
0x5C346C	14	F85A	1	チッ！また出てきやがった！	쳇！또 나왔군！
0x5C3413	17	F85A	1	だからって、ここに止まっていても	그렇다고、여기 멈춰 있어도
0x5C33D2	17	F85A	1	でも、道がわからないでやんすよ！	그래도、길을 모르겠습죠！
0x5C33A6	13	F85A	1	何とか切り抜けたぞ！	그럭저럭 넘겼다！
0x5C32F8	15	F85A	1	出口が一つしかないから、	출구가 하나뿐이니까、
0x5C3260	18	F85A	1	ここは道が一つしかないでやんす！	여긴 길이 하나뿐입죠！
0x5C3217	16	F85A	1	何を言っているのかわからん。	무슨 소리를 하는지 모르겠다。
0x5C31C6	10	F85A	1	それではこれからも、	그럼 앞으로도、
0x5C316F	17	F85A	1	それでは合格した貴方には、	그럼 합격하신 당신에게는、
0x5C3102	15	F85A	1	なかなか、やるじゃないですか！	제법、하시네요！
0x5C309E	5	F85A	1	す、すぐに	다、당장
0x5C306B	13	F85A	1	これから先は長いんだ。	앞으로 갈 길이 멀다。
0x5C305B	8	F85A	1	ナニイッテンダ？	무슨 소리냐？
0x5C3034	11	F85A	1	他の奴ではダメだ。	다른 녀석으로는 안 된다。
0x5C3022	10	F85A	1	何がやはりなんだ？	뭐가 역시라는 거냐？
0x5C300D	13	F85A	1	ふむ。やはり、お前だな。	흠。역시、너로군。
0x5C2F8A	15	F85A	1	なんでウットリしているんだよ。	어째서 넋을 놓고 있는 거야。
0x5C2EC4	9	F85A	1	ふむ、合格だ。	흠、합격이다。
0x5C2DD6	21	F85A	1	なんで宇宙船の周りを飛び回って	어째서 우주선 주위를 날아다니며
0x5C2CE7	9	F85A	1	一刻も早く、	한시라도 빨리、
0x5C2CD2	13	F85A	1	じゃ、じゃあ、戻ろうか。	그、그럼、돌아갈까。
0x5C2CA7	13	F85A	1	ほ、ほぼ半壊でやんす。	거、거의 반파입죠。
0x5C2BFE	14	F85A	1	壊れるでやんすぅぅぅぅ！！	부서집죠오오오오！！
0x5C2B74	19	F85A	1	俺がこの旅でお前を正しい道に	내가 이 여행에서 너를 올바른 길로
0x5C2B51	9	F85A	1	いや、俺は何も	아니、나는 아무것도
0x5C2B3C	13	F85A	1	誤魔化さなくていい。	얼버무리지 않아도 된다。
0x5C2B10	13	F85A	1	何の話をしているんだ？	무슨 얘기를 하고 있나？
0x5C2AF9	15	F85A	1	これはお前の趣味なのか？	이건 네 취미인가？
0x5C2AE6	11	F85A	1	何を見ているんだ？	뭘 보고 있나？
0x5C2A19	7	F85A	1	わかってるさ！	알고 있어！
0x5C29C2	20	F85A	1	なんか理由があって作ったんだろう。	뭔가 이유가 있어서 만들었겠지。
0x5C295C	18	F85A	1	ぎゃあ～！行き止まりでやんす～！	갸아～！막다른 길입죠～！
0x5C2879	9	F85A	1	ゆ、油断した！	바、방심했다！
0x5C2843	22	F85A	1	素早い行動で積荷を奪った後、	재빠른 행동으로 적재물을 빼앗은 뒤、
0x5C282F	12	F85A	1	海賊はどうしたんだ！	해적은 어떻게 됐나！
0x5C2806	13	F85A	1	船はダメージを受けて、	배는 손상을 입어서、
0x5C27DE	16	F85A	1	ご協力、ありがとうでやんす。	협조해 주셔서、고맙습죠。
0x5C27BD	14	F85A	1	妖精は愛の化身さ。	요정은 사랑의 화신이야。
0x5C26E1	21	F85A	1	今日は、共に冒険をする仲間と	오늘은、함께 모험할 동료와
0x5C2622	12	F85A	1	お、おい！なんの話だ？	어、어이！무슨 얘기냐？
0x5C25FC	19	F85A	1	そこから始まる愛もありじゃないか？	거기서 시작되는 사랑도 있지 않나？
0x5C258A	6	F85A	1	無理だ。	무리다。
0x5C2566	8	F85A	1	そうでやんすね。	그렇습죠。
0x5C2547	11	F85A	1	そ、それでもとりあえず	그、그래도 일단
0x5C251F	9	F85A	1	小さかったから、	작았으니까、
0x5C2476	14	F85A	1	壊れるでやんすぅぅぅぅ！！	부서집죠오오오오！！
0x5C238B	5	F85A	1	い、いや、	아、아니、
0x5C237E	5	F85A	1	ワクチン？	백신？
0x5C2364	18	F85A	1	俺はワクチンを買いにきただけだ！	나는 백신을 사러 왔을 뿐이다！
0x5C232A	6	F85A	1	無理だ。	무리다。
0x5C22C4	11	F85A	1	誰が破壊神だ！	누가 파괴신이냐！
0x5C2285	10	F85A	1	どこかで見たような	어디서 본 것 같은
0x5C222B	12	F85A	1	お、お前ら何者だ！	너、너희들 누구냐！
0x5C21BF	19	F85A	1	とっとと、ここから逃げるでやんすよ！	얼른、여기서 도망칩죠！
0x5C2172	17	F85A	1	俺達みたいなのを食べてるから	우리 같은 걸 먹고 있으니까
0x5C2123	14	F85A	1	本当に何を食ったら、	정말 뭘 먹으면、
0x5C1F75	10	F85A	1	どうするでやんすか？	어떻게 합죠？
0x5C1F0A	12	F85A	1	近づいてくるでやんす！	다가옵죠！
0x5C1EF9	9	F85A	1	また現れたのか？	또 나타났나？
0x5C1EE1	16	F85A	1	未確認飛行人間が！	미확인 비행 인간이！
0x5C1D7B	17	F85A	1	やっぱりダメだ！危険過ぎる！	역시 안 된다！너무 위험하다！
0x5C1C3B	11	F85A	1	では、よいオトコを！！	그럼、좋은 사나이를！！
0x5C1C28	12	F85A	1	ありがとう、ございます！	감사、합니다！
0x5C1BFB	7	F85A	1	一トンあたり	１톤당
0x5C1BD5	5	F85A	1	現在、	현재、
0x5C1BB9	4	F85A	1	ウホッ！	우홋！
0x5C1BA8	9	F85A	1	まかせろハンサム！	맡겨라 핸섬！
0x5C1B8C	12	F85A	1	いいオトコォォォォォオ！	좋은 사나이이이이이이！
0x5C1B71	11	F85A	1	よいオトコォォォォオ！	좋은 사나이이이이이！
0x5C1AE7	14	F85A	1	くそ！ここは突っ込むぞ！	젠장！여긴 돌진한다！
0x5C1A7C	12	F85A	1	くそっ！数が多いな！	젠장！수가 많군！
0x5C1A50	13	F85A	1	うわあああああでやんす～！	우와아아아아입죠～！
0x5C196D	3	F85A	1	さあ！	자！
0x5C1959	16	F85A	1	主導権はいつだって俺だ。	주도권은 언제나 나다。
0x5C192D	16	F85A	1	それは俺のセリフじゃないのか？	그건 내 대사 아닌가？
0x5C1916	15	F85A	1	無理と言っているだろう。	무리라고 하잖나。
0x5C18AE	12	F85A	1	追い着いて来たな！	따라잡았군！
0x5C189C	10	F85A	1	うわあああでやんす！	우와아아아입죠！
0x5C1838	9	F85A	1	大変でやんす！	큰일입죠！
0x5C1802	8	F85A	1	真っ直ぐだ！	직진이다！
0x5C17B5	3	F85A	1	さあ！	자！
0x5C17A4	3	F85A	1	さあ！	자！
0x5C1793	3	F85A	1	さあ！	자！
0x5C1782	3	F85A	1	さあ！	자！
0x5C1761	19	F85A	1	なんでアンタまで混ざってくるんだよ！	어째서 당신까지 끼어드는 거야！
0x5C1740	12	F85A	1	さあ！僕も見てくれ！	자！나도 봐 줘！
0x5C1717	10	F85A	1	ちょ！ちょっと近い	자！잠깐 가까
0x5C16F9	9	F85A	1	さあ！見てくれ！	자！봐 줘！
0x5C1657	13	F85A	1	来て良かったでやんす！	오길 잘했습죠！
0x5C162E	17	F85A	1	へえ～。こんな事もあるんだなあ。	헤에～。이런 일도 있구나。
0x5C1611	12	F85A	1	お宝があったでやんす！	보물이 있었습죠！
0x5C15FE	11	F85A	1	それで何があったの？	그래서 무슨 일이 있었어？
0x5C15A2	15	F85A	1	だ、大丈夫なんだろうか？	괘、괜찮은 걸까？
0x5C157A	10	F85A	1	怖がる事はない。	무서워할 것 없다。
0x5C155B	23	F85A	1	俺はどこにも飛び込む気なんてないけど。	나는 어디에도 뛰어들 생각 없는데。
0x5C152F	13	F85A	1	理由はなんだっていい。	이유는 뭐든 좋다。
0x5C1500	8	F85A	1	受け入れる？	받아들인다？
0x5C14E5	22	F85A	1	そうか。私を受け入れる気になったか。	그런가。나를 받아들일 마음이 들었나。
0x5C1269	10	F85A	1	かすっただけなので、	스쳤을 뿐이라서、
0x5C11F7	19	F85A	1	かすっただけなのに揺れるでやんす！！	스쳤을 뿐인데 흔들립죠！！
0x5C11E8	10	F85A	1	うわあああああああ！	우와아아아아아아！
0x5C1179	16	F85A	1	あんな感じも、たまにはＯＫだ。	저런 느낌도、가끔은 ＯＫ다。
0x5C1033	6	F85A	1	ど、どこに？	어、어디에？
0x5C0FD6	6	F85A	1	無理だ。	무리다。
0x5C0F48	15	F85A	1	この星の人からしてみれば、	이 별 사람 입장에서 보면、
0x5C0F14	23	F85A	1	誰でやんすか！美しい魚と言った奴は！	누굽죠！아름다운 물고기라고 한 녀석은！
0x5C0EDD	5	F85A	1	ダ、ダメだ	아、안 된다
0x5C0E9D	7	F85A	1	次は頼むぞ	다음엔 부탁한다
0x5C0E87	14	F85A	1	な、なにを言っているんだ！	무、무슨 소리를 하는 거냐！
0x5C0E69	22	F85A	1	アイツじゃ俺を満足させる事はできん！	그 녀석으로는 나를 만족시킬 수 없다！
0x5C0E58	9	F85A	1	な、なんの事だ。	무、무슨 소리냐。
0x5C0E42	4	F85A	1	ダメだ！	안 된다！
0x5C0E2E	12	F85A	1	何を見ているんだよ。	뭘 보고 있는 거야。
0x5C0B43	6	F85A	1	い、いやだ。	시、싫다。
0x5C0AFB	16	F85A	1	いい加減、諦めたらどうだ？	이제 그만、포기하는 게 어떠냐？
0x5C0AEE	6	F85A	1	無理だ。	무리다。
0x5C0A41	17	F85A	1	というわけで、全速前進！！	그런 이유로、전속 전진！！
0x5C0A22	8	F85A	1	そうでやんすね！	그렇습죠！
0x5C09FA	6	F85A	1	逃げよう！	도망치자！
0x5C089C	11	F85A	1	諦めた方がいいな。	포기하는 게 좋겠군。
0x5C0883	17	F85A	1	あれじゃあ、近づけないでやんす。	저래서는、다가갈 수 없습죠。
0x5C0852	7	F85A	1	はあはあはあ！	하아하아하아！
0x5C0825	12	F85A	1	うわあああああでやんす！	우와아아아아입죠！
0x5C0812	4	F85A	1	今だ！	지금이다！
0x5C07AE	10	F85A	1	どうするでやんすか？	어떻게 합죠？
0x5C0797	15	F85A	1	本当に迷惑な奴らだ。	정말 민폐인 녀석들이군。
0x5C077A	21	F85A	1	たぶん、襲う船を探しているでやんす！	아마、덮칠 배를 찾고 있습죠！
0x5C06E7	18	F85A	1	では今回は失敗という事で。	그럼 이번엔 실패로 하죠。
0x5C0681	18	F85A	1	そんな事を言っているようじゃあ、	그런 소리를 하고 있어서는、
0x5C0664	21	F85A	1	き、気持ちなんか関係ないんじゃあ。	기、기분 따위 상관없잖아。
0x5C062E	14	F85A	1	ダメです！美しくないです！	안 됩니다！아름답지 않습니다！
0x5C060C	13	F85A	1	まあ、こんな日もあるさ。	뭐、이런 날도 있지。
0x5C05E6	8	F85A	1	そうでやんすね。	그렇습죠。
0x5C05CB	9	F85A	1	そろそろ戻ろうか	슬슬 돌아갈까
0x5C05A5	9	F85A	1	こっちでやんすか？	이쪽입죠？
0x5C0577	16	F85A	1	いいや、こっちは何にもないな。	아니、이쪽은 아무것도 없군。
0x5C0559	16	F85A	1	そっちは、なんかあったでやんすか	그쪽은、뭔가 있었습죠
0x5C050E	12	F85A	1	さあ、進むでやんす～！	자、나아갑죠～！
0x5C04D9	17	F85A	1	心の中の友情を燃やして、	마음속 우정을 불태워서、
0x5C0154	8	F85A	1	仕方がない！	어쩔 수 없다！
0x5C012B	16	F85A	1	小惑星に隠れていたから、	소행성에 숨어 있었으니까、
0x5C00EA	8	F85A	1	どうしたんだい？	무슨 일이야？
0x5C008E	17	F85A	1	（船を修理してもらいました）	（배를 수리받았습니다）
0x5BFF8F	10	F85A	1	何かあるでやんす！	뭔가 있습죠！
0x5BFF58	7	F85A	1	そうでやんすね	그렇습죠
0x5BFF39	9	F85A	1	仕方がないよ。	어쩔 수 없어。
0x5BFF14	16	F85A	1	かなり奥まで来たでやんすが、	꽤 안쪽까지 왔습죠만、
0x5BFE61	9	F85A	1	ど、どうしたんだ？	무、무슨 일이야？
0x5BFDEE	9	F85A	1	まあ、いいけどな。	뭐、상관없지만。
0x5BFD9A	23	F85A	1	俺達は必死でワクチンを探しているって	우리는 필사적으로 백신을 찾고 있다는
0x5BFD56	7	F85A	1	わかったわ！！	알겠어！！
0x5BFC13	20	F85A	1	じゃあ、これをあの人から買えばいいで	그럼、이걸 그 사람에게서 사면 되
0x5BFBBE	24	F85A	1	思った通り、これは他で使用されてるのと	생각한 대로、이건 다른 데서 쓰이는 것과
0x5BFBAE	8	F85A	1	どうでやんすか？	어떻습죠？
0x5BF805	10	F85A	1	では始めましょう。	그럼 시작하죠。
0x5BF7E0	15	F85A	1	前回は失敗したからな！	지난번엔 실패했으니까！
0x5BF7BA	22	F85A	1	今回も流れて来るクリスタルを割って	이번에도 흘러오는 크리스탈을 깨서
0x5BF77C	15	F85A	1	では、こちらに来てください。	그럼、이쪽으로 와 주세요。
0x5BF74E	11	F85A	1	ありがとう。お兄さん	고마워요。오빠
0x5BF6EB	18	F85A	1	それじゃあ、どれだけ買ってくれる？	그럼、얼마나 사줄 건데？
0x5BF6B4	12	F85A	1	いらっしゃい。お兄さん	어서 와요。오빠
0x5BF629	21	F85A	1	そんな事を言わずに一人でやってろ！	그런 말 말고 혼자서 해라！
0x5BF5E2	23	F85A	1	あたしにとっては好きな人と同じ事をして	나에게는 좋아하는 사람과 같은 일을 해서
0x5BF59E	8	F85A	1	おー！でやんす！	오오！입죠！
0x5BF4F6	13	F85A	1	それでも向かってみるか。	그래도 가 볼까。
0x5BF4B7	9	F85A	1	では、行きます！	그럼、갑니다！
0x5BF48E	15	F85A	1	前回は失敗したからな！	지난번엔 실패했으니까！
0x5BF46A	18	F85A	1	今日はこのクリスタルを素手で	오늘은 이 크리스탈을 맨손으로
0x5BF42C	15	F85A	1	では、こちらに来てください。	그럼、이쪽으로 와 주세요。
0x5BF37F	9	F85A	1	そうか。わかった。	그런가。알겠다。
0x5BF353	13	F85A	1	ダメだ！危険過ぎる！	안 된다！너무 위험하다！
0x5BF2B0	3	F85A	1	さあ！	자！
0x5BF29B	13	F85A	1	え？俺の選択肢は？	에？내 선택지는？
0x5BF28A	9	F85A	1	それは無理だ！	그건 무리다！
0x5BF1D7	10	F85A	1	ぎゃあああああああ！	갸아아아아아아아！
0x5BF15E	17	F85A	1	もう、かなりの時間が経った。	이미、꽤 시간이 지났다。
0x5BF14E	11	F85A	1	待たないでやんすか！	안 기다립죠！
0x5BF111	14	F85A	1	帰ってきてないでやんすよ。	안 돌아왔습죠。
0x5BF079	8	F85A	1	仕方がない！	어쩔 수 없다！
0x5BF02E	3	F85A	1	あっち	저쪽
0x5BEFDA	23	F85A	1	そんなこと言っても、もう肉眼で見えてる	그런 말 해도、이미 육안으로 보인다
0x5BEFCA	8	F85A	1	やばいでやんす！	큰일입죠！
0x5BEFB9	16	F85A	1	しかも、かなり大きいでやんす！	게다가、꽤 큽죠！
0x5BEF66	3	F85A	1	あっち	저쪽
0x5BEEF6	11	F85A	1	何かわからないけど。	뭔지 모르겠지만。
0x5BEEC3	13	F85A	1	たぶん、さっき撃退した	아마、아까 격퇴한
0x5BEEA1	18	F85A	1	ん？なんか画面に映っているぞ？	응？뭔가 화면에 비치는데？
0x5BEE4F	6	F85A	1	な、なんで、	어、어째서、
0x5BEE13	18	F85A	1	人間でない者に興味はない！	인간이 아닌 자에겐 흥미 없다！
0x5BED6B	11	F85A	1	何かわからないけど。	뭔지 모르겠지만。
0x5BED38	13	F85A	1	たぶん、さっき撃退した	아마、아까 격퇴한
0x5BED16	18	F85A	1	ん？なんか画面に映っているぞ？	응？뭔가 화면에 비치는데？
0x5BEC7F	14	F85A	1	ああ、貴方はあの時の。	아아、당신은 그때의。
0x5BEB9F	9	F85A	1	うわああああああ！	우와아아아아아아！
0x5BEB6B	4	F85A	1	左だ！	왼쪽이다！
0x5BEB3F	8	F85A	1	真っ直ぐだ！	직진이다！
0x5BEAE8	21	F85A	1	今度も左の道と真っ直ぐの道に	이번에도 왼쪽 길과 직진 길로
0x5BEA5B	7	F85A	1	よっしゃああ！	좋았어어！
0x5BEA24	4	F85A	1	てやっ！	얏！
0x5BE9FA	8	F85A	1	どうしたんだい？	무슨 일이야？
0x5BE9C9	9	F85A	1	こっちでやんすか？	이쪽입죠？
0x5BE99B	16	F85A	1	いいや、こっちは何にもないな。	아니、이쪽은 아무것도 없군。
0x5BE97D	16	F85A	1	そっちは、なんかあったでやんすか	그쪽은、뭔가 있었습죠
0x5BE8C8	21	F85A	1	今日もこの中を探索するでやんす！	오늘도 이 안을 탐색합죠！
0x5BE87B	8	F85A	1	そうでやんすね。	그렇습죠。
0x5BE83B	13	F85A	1	今日は、もう戻ろうか	오늘은、이제 돌아갈까
0x5BE80F	12	F85A	1	た、たすかったああああ！	사、살았다아아아아！
0x5BE78D	10	F85A	1	小さいでやんすが、	작습죠만、
0x5BE73A	3	F85A	1	あっち	저쪽
0x5BE691	14	F85A	1	リコちゃんのデバッグだよ～。	리코의 디버그야～。
0x5BE60C	9	F85A	1	よし！割れたぞ！	좋아！깨졌다！
0x5BE4DC	8	F85A	1	そうでやんすね。	그렇습죠。
0x5BE4A1	20	F85A	1	まあ、これでこの宙域の海賊船が	뭐、이걸로 이 우주 구역의 해적선이
0x5BE48F	10	F85A	1	疲れたでやんす～。	피곤합죠～。
0x5BE47B	15	F85A	1	ふう。なんとか撃退したな。	휴。그럭저럭 격퇴했군。
0x5BE428	8	F85A	1	そうでやんすね！	그렇습죠！
0x5BE3DE	24	F85A	1	相変わらず、ここは無法地帯でやんす！	여전히、여기는 무법지대입죠！
0x5BE3C7	15	F85A	1	ふう。なんとか撃退したぞ。	휴。그럭저럭 격퇴했다。
0x5BE374	8	F85A	1	そうでやんすね。	그렇습죠。
0x5BE339	20	F85A	1	まあ、これでこの宙域の海賊船が	뭐、이걸로 이 우주 구역의 해적선이
0x5BE327	10	F85A	1	疲れたでやんす～。	피곤합죠～。
0x5BE313	15	F85A	1	ふう。なんとか撃退したな。	휴。그럭저럭 격퇴했군。
0x5BE260	10	F85A	1	神のデバッグです。	신의 디버그입니다。
0x5BE20B	9	F85A	1	ゆ、油断した！	바、방심했다！
0x5BE1DA	17	F85A	1	この船の積荷を奪った後、	이 배의 적재물을 빼앗은 뒤、
0x5BE1C8	10	F85A	1	海賊はどうした！	해적은 어떻게 됐나！
0x5BE19E	20	F85A	1	船は大ダメージを受けたでやんすよ！	배가 큰 손상을 입었습죠！
0x5BE135	13	F85A	1	今日はどうするっすか？	오늘은 어떻게 해요？
0x5BE10F	11	F85A	1	よいオトコォォォォオ！	좋은 사나이이이이이！
0x5BE058	11	F85A	1	そろそろ疲れてきた。	슬슬 지치기 시작했다。
0x5BDF9A	16	F85A	1	よし！こちらから仕掛けよう！	좋아！이쪽에서 먼저 걸자！
0x5BDF61	9	F85A	1	次で最後だ！	다음이 마지막이다！
0x5BDF04	7	F85A	1	し、しまった！	크、큰일이다！
0x5BDD6C	5	F85A	1	遅いっ！	느려！
0x5BDD3F	6	F85A	1	違います！	아닙니다！
0x5BDD05	14	F85A	1	では練習してみましょう。	그럼 연습해 보죠。
0x5BDCAB	10	F85A	1	どうするでやんすか？	어떻게 합죠？
0x5BDC86	10	F85A	1	どうやら向こうは、	아무래도 저쪽은、
0x5BDC4E	3	F85A	1	あっち	저쪽
0x5BDBF9	19	F85A	1	仕方がない。その時はその時だ。	어쩔 수 없다。그때는 그때다。
0x5BDBD2	24	F85A	1	今度は向こうから襲って来るかもしれない	이번엔 저쪽에서 덮쳐 올지도 모른다
0x5BDAB9	15	F85A	1	それは美しくないからですよ！	그건 아름답지 않으니까요！
0x5BDA69	8	F85A	1	まだまだですね。	아직 멀었네요。
0x5BD96D	19	F85A	1	仕方がない。その時はその時だ。	어쩔 수 없다。그때는 그때다。
0x5BD946	24	F85A	1	今度は向こうから襲って来るかもしれない	이번엔 저쪽에서 덮쳐 올지도 모른다
0x5BD8AA	14	F85A	1	おお！やっと見つけたんだ！	오오！드디어 찾았다！
0x5BD7A9	14	F85A	1	もっと頑張ってください！	더 힘내 주세요！
0x5BD749	10	F85A	1	ダメです！ダメです！	안 됩니다！안 됩니다！
0x5BD712	5	F85A	1	遅いっ！	느려！
0x5BD6E5	6	F85A	1	違います！	아닙니다！
0x5BD6AA	15	F85A	1	では、もう一度やりますよ！	그럼、한 번 더 하겠습니다！
0x5BD67C	9	F85A	1	では、いきますよ！	그럼、갑니다！
0x5BD652	23	F85A	1	では今日も私に敏感になってください。	그럼 오늘도 저에게 민감해져 주세요。
0x5BD614	15	F85A	1	では、こちらに来てください。	그럼、이쪽으로 와 주세요。
0x5BD56E	9	F85A	1	目を閉じよう！	눈을 감자！
0x5BD47D	21	F85A	1	まとめて倒してやるから、かかって来い！	한꺼번에 쓰러뜨려 줄 테니、덤벼라！
0x5BD463	18	F85A	1	俺達をなめるなよ！まだ居るぞ！	우리를 얕보지 마라！아직 있다！
0x5BD446	15	F85A	1	それぐらいで俺が倒せるか！	그 정도로 내가 쓰러지겠나！
0x5BD43D	4	F85A	1	ぐはっ！	커헉！
0x5BD333	6	F85A	1	毎度あり	매번 감사
0x5BD30F	18	F85A	1	それじゃあ、どれだけ買ってくれる？	그럼、얼마나 사줄 건데？
0x5BD2FB	12	F85A	1	その条件で買おう。	그 조건으로 사지。
0x5BD23B	9	F85A	1	では、いきますよ！	그럼、갑니다！
0x5BD1CE	19	F85A	1	４回以上正解で合格です。	４회 이상 정답이면 합격입니다。
0x5BD103	9	F85A	1	次で最後だ！	다음이 마지막이다！
0x5BD0AA	7	F85A	1	し、しまった！	크、큰일이다！
0x5BD012	5	F85A	1	ちょうど、	마침、
0x5BCF41	16	F85A	1	本当にいい迷惑でやんす！	정말 민폐입죠！
0x5BCF1C	19	F85A	1	俺達を捕まえられないと思って、	우리를 못 잡을 거라 생각하고、
0x5BCEAB	8	F85A	1	そうでやんすね。	그렇습죠。
0x5BCE56	12	F85A	1	今日はやめておこう。	오늘은 그만두자。
0x5BCE2C	4	F85A	1	ウホッ！	우홋！
0x5BCDD4	14	F85A	1	じゃあ、これを一本だけ、	그럼、이걸 한 개만、
0x5BCDC2	10	F85A	1	は、はい。そうです。	네、네。그렇습니다。
0x5BCC9A	16	F85A	1	よし！こちらから仕掛けよう！	좋아！이쪽에서 먼저 걸자！
0x5BCC0A	20	F85A	1	しかも、同じ攻撃でこの回数とは	게다가、같은 공격으로 이 횟수라니
0x5BCBBA	13	F85A	1	少し赤くなっているな。	조금 붉어졌군。
0x5BCB5D	9	F85A	1	ああ、頼んだぞ。	아아、부탁한다。
0x5BCB25	7	F85A	1	今はないわ。	지금은 없어。
0x5BCA3A	10	F85A	1	（ダダダダダダダ！）	（다다다다다다다！）
0x5BCA15	22	F85A	1	こんな時にウマい事を言わなくてもいい！	이런 때에 말장난 안 해도 된다！
0x5BC9E3	9	F85A	1	逃げるでやんす！	도망칩죠！
0x5BC9CD	17	F85A	1	こんな奴と戦っていられるか～！	이런 녀석과 싸우고 있을 수 있나～！
0x5BC994	20	F85A	1	じゃあ、ゆっくりと気付かれないように	그럼、천천히 들키지 않게
0x5BC962	8	F85A	1	そうでやんすね。	그렇습죠。
0x5BC93A	10	F85A	1	このまま逃げよう。	이대로 도망치자。
0x5BC892	9	F85A	1	わ、わかりました。	아、알겠습니다。
0x5BC85E	8	F85A	1	す、すみません。	죄、죄송합니다。
0x5BC83E	16	F85A	1	い、いま目を逸らしましたね！	지、지금 눈을 돌리셨죠！
0x5BC7BB	4	F85A	1	ウホッ！	우홋！
0x5BC739	16	F85A	1	こんな状況で楽しむなあ～！	이런 상황에서 즐기지 마～！
0x5BC722	11	F85A	1	まっだまっだ来るよ～	아직 아직 온다～
0x5BC6F9	5	F85A	1	オッケ～！	오케이～！
0x5BC522	7	F85A	1	そうでやんす！	그렇습죠！
0x5BC50A	16	F85A	1	じゃあ、ここから動けないのか？	그럼、여기서 움직일 수 없는 건가？
0x5BC4ED	9	F85A	1	大変でやんす！	큰일입죠！
0x5BC08E	7	F85A	1	そうでやんす！	그렇습죠！
0x5BC076	16	F85A	1	じゃあ、ここから動けないのか？	그럼、여기서 움직일 수 없는 건가？
0x5BC059	9	F85A	1	大変でやんす！	큰일입죠！
0x5BC024	10	F85A	1	そりゃ、そうだろね。	그야、그렇겠지。
0x5BC000	10	F85A	1	ただの箱でやんす。	그냥 상자입죠。
0x5BBFED	11	F85A	1	それで何があったの？	그래서 무슨 일이 있었어？
0x5BBEB1	16	F85A	1	おや？今のが最後でしたね。	이런？방금 게 마지막이었네요。
0x5BBE88	13	F85A	1	では次にまいりましょう！	그럼 다음으로 가시죠！
0x5BBE6C	7	F85A	1	正解です！	정답입니다！
0x5BBE3C	9	F85A	1	次で最後だ！	다음이 마지막이다！
0x5BBE1D	8	F85A	1	次だ！来い！	다음이다！와라！
0x5BBE05	9	F85A	1	よし！割れたぞ！	좋아！깨졌다！
0x5BBB8A	22	F85A	1	じゃあ、今日は少し先まで行こうか。	그럼、오늘은 조금 앞까지 갈까。
0x5BBA26	12	F85A	1	このまま隠れていよう。	이대로 숨어 있자。
0x5BB7EE	22	F85A	1	じゃあ、今日はこの付近で探そうか。	그럼、오늘은 이 부근에서 찾을까。
0x5BB6A2	18	F85A	1	じゃあ、今日はじっとしていよう。	그럼、오늘은 가만히 있자。
0x5BB5AA	15	F85A	1	では本番に参りましょう！	그럼 본무대로 가시죠！
0x5BB561	7	F85A	1	正解です。	정답입니다。
0x5BB504	18	F85A	1	目が乾いてきたぞおおおおおおお！	눈이 마르기 시작했다아아아아아아！
0x5BB486	26	F85A	1	じゃあ、今日は真ん中付近まで行こうか。	그럼、오늘은 중간 부근까지 갈까。
0x5BB321	11	F85A	1	そう思っているなら、	그렇게 생각한다면、
0x5BB2F9	17	F85A	1	ふう～。あぶなかったでやんすね～。	휴～。위험했습죠～。
0x5BB24E	13	F85A	1	今のが最後でしたね。	방금 게 마지막이었네요。
0x5BB216	14	F85A	1	次はしっかりしてください！	다음엔 제대로 해주세요！
0x5BB0AE	8	F85A	1	そうでやんすね。	그렇습죠。
0x5BB022	6	F85A	1	逃げるぞ！	도망친다！
0x5BB015	12	F85A	1	こんなのやってられるか！	이런 걸 하고 있을 수 있나！
0x5BAF8C	9	F85A	1	まだ、いるっすか？	아직 있어요？
0x5BAE26	9	F85A	1	ここは我慢だ！	여긴 참아야 한다！
0x5BAE08	9	F85A	1	まだ、いるっすか？	아직 있어요？
0x5BAD1A	9	F85A	1	ここは我慢だ。	여긴 참아야 한다。
0x5BABFE	7	F85A	1	し、しまった。	크、큰일이다。
0x5BABBA	7	F85A	1	違いますよ！	아닙니다！
0x5BAA1D	13	F85A	1	帰ってきてないでやんす！	안 돌아왔습죠！
0x5BA7AE	7	F85A	1	お兄さ～ん。	오빠아～。
0x5BA75E	11	F85A	1	うお！目にゴミが！！	우오！눈에 티가！！
0x5BA729	13	F85A	1	帰ってきてないでやんす！	안 돌아왔습죠！
0x5BA6F5	9	F85A	1	ああ！頼んだぞ！	아아！부탁한다！
0x5BA6D2	13	F85A	1	ああ！僕に任せてくれ！	아아！나에게 맡겨 줘！
0x5BA6BF	14	F85A	1	じゃあ、任せてもいいかな？	그럼、맡겨도 될까？
0x5BA5C6	5	F85A	1	行こう！	가자！
0x5BA5B5	13	F85A	1	何とか切り抜けたぞ！	그럭저럭 넘겼다！
0x5BA1E7	7	F85A	1	し、しまった。	크、큰일이다。
0x5BA1C2	19	F85A	1	私はまだ顔を変えていませんよ！！	저는 아직 얼굴을 안 바꿨어요！！
0x5BA152	14	F85A	1	私は顔を変えましたよ！	저는 얼굴을 바꿨어요！
0x5B9C86	15	F85A	1	よし！宇宙港へ戻ろう！	좋아！우주항으로 돌아가자！
0x5B9C32	17	F85A	1	ごめんね。売り切れちゃったよ。	미안해。다 팔렸어。
0x5B9B92	15	F85A	1	よし！街の方に向かおう！	좋아！거리 쪽으로 가자！
0x5B9A91	14	F85A	1	足らないっすよおぉぉぉぉ！	모자라다고요오오오오！
0x5B6F11	14	F85A	1	（死んでからも、その姿が	（죽고 나서도、그 모습이
0x5B6ECB	5	F85A	1	しばらく、	당분간、
0x5B6EA1	15	F85A	1	みんな、あれがホログラムだとは	다들、저게 홀로그램이라고는
0x5B6E39	22	F85A	1	おお、姫様は無事でなによりだったな。	오오、공주님이 무사해서 다행이군。
0x5B6D9B	7	F85A	1	くそ、結局	젠장、결국
0x5B6D2E	11	F85A	1	期待しているから、	기대하고 있으니까、
0x5B6CAB	9	F85A	1	毒を飲んだね？	독을 마셨지？
0x5B6C69	9	F85A	1	よし、頼んだぞ！	좋아、부탁한다！
0x5B6BB5	16	F85A	1	姫様、しっかりしてください！	공주님、정신 차리세요！
0x5B6B8B	16	F85A	1	私の死は、どうか内密に。	제 죽음은、부디 비밀로。
0x5B6B3D	16	F85A	1	姫様、しっかりしてください！	공주님、정신 차리세요！
0x5B6AFC	8	F85A	1	あ、お姫様！	아、공주님！
0x5B6AA5	12	F85A	1	ハッ、了解しました！	옛、알겠습니다！
0x5B6A59	18	F85A	1	フン、邪魔者は片付いたか。	흥、방해꾼은 치웠나。
0x5B6A09	11	F85A	1	貴様は、キャプテン	네놈은、선장
0x5B69EF	5	F85A	1	しまった、	큰일이다、
0x5B69C6	14	F85A	1	おい、そこで何をしている！	어이、거기서 뭘 하고 있나！
0x5B6934	4	F85A	1	ええい！	에잇！
0x5B67A4	12	F85A	1	だが、反応が鈍い。	하지만、반응이 둔하다。
0x5B6757	6	F85A	1	ラッキーだ、	운이 좋다、
0x5B666F	8	F85A	1	民間船か？	민간선인가？
0x5B6600	16	F85A	1	よーし、これで一息つけるな。	좋아、이걸로 한숨 돌리겠군。
0x5B65CE	22	F85A	1	３番艦と４番艦が離脱しましたが、	３번함과 ４번함이 이탈했습니다만、
0x5B65B7	5	F85A	1	行くぞ！	간다！
0x5B659D	22	F85A	1	時間が多少かかるが他に手はない。	시간이 다소 걸리지만 달리 방법이 없다。
0x5B6586	12	F85A	1	そんなのムチャでやんす！	그건 무리입죠！
0x5B6532	23	F85A	1	まっすぐに王宮へ飛べば狙い撃ちだな。	곧장 왕궁으로 날면 표적이 되겠군。
0x5B64B4	17	F85A	1	でも、どうやって行くんでやんす？	그래도、어떻게 갑죠？
0x5B6497	9	F85A	1	了解でやんす。	라저입죠。
0x5B6456	19	F85A	1	俺たちの任務はワクチン集めだ。	우리 임무는 백신 수집이다。
0x5B640D	15	F85A	1	オイラたち、どうするでやんす？	우리、어떻게 합죠？
0x5B63B0	21	F85A	1	姫様、水中移動は危険です。	공주님、수중 이동은 위험합니다。
0x5B6351	14	F85A	1	改造生物ですって？！	개조 생물이라고요？！
0x5B62CD	12	F85A	1	状況はわかりました。	상황은 알겠습니다。
0x5B6286	7	F85A	1	これはウワサの	이건 소문의
0x5B6268	3	F85A	1	ああ？	어？
0x5B61B7	5	F85A	1	司令！	사령관！
0x5B6189	21	F85A	1	大気圏外から、ビームで撃たれてる	대기권 밖에서、빔으로 맞고 있다
0x5B610B	18	F85A	1	大変でやんす、王宮のあたりで	큰일입죠、왕궁 근처에서
0x5B60F4	12	F85A	1	これは、なんの騒ぎだ？	이건、무슨 소란이냐？
0x5B60E1	8	F85A	1	（ざわざわざわ）	（웅성웅성웅성）
0x5B606C	19	F85A	1	王宮前宇宙港に着陸した	왕궁 앞 우주항에 착륙한
0x5B6058	12	F85A	1	どうした、何事か！？	무슨 일이냐、무슨 일인가！？
0x5B6018	8	F85A	1	よし、突入！	좋아、돌입！
0x5B5FF7	8	F85A	1	（ダダダダダ！）	（다다다다다！）
0x5B5FD6	10	F85A	1	なんだ、何事だ？	뭐냐、무슨 일이냐？
0x5B5EBB	21	F85A	1	まったく、企業のトップは見え張りで	정말、기업 수뇌는 허세가 심해서
0x5B5E6E	16	F85A	1	しかし、それが１０００トン級の	하지만、그게 １０００Ｔ급의
0x5B5E31	12	F85A	1	ああ、本日姫様と	아아、오늘 공주님과
0x5B5C86	4	F85A	1	ちがう！	아니다！
0x5B5C39	15	F85A	1	いやあ、白々しいですなぁ。	아이고、속 보이는군요。
0x5B5B6D	4	F85A	1	ええい、	에잇、
0x5B5AF5	13	F85A	1	対立派閥に属する	대립 파벌에 속한
0x5B5949	18	F85A	1	だから、コースは予測できたんだ。	그러니까、코스는 예측할 수 있었다。
0x5B5920	14	F85A	1	あ、そういえば大統領は	아、그러고 보니 대통령은
0x5B58B5	17	F85A	1	な、なにを言ってるんでやんす！？	무、무슨 소리입죠！？
0x5B587A	11	F85A	1	だから、回避しろと	그러니까、회피하라고
0x5B57FE	10	F85A	1	（うわぁあああ？！）	（우와아아아？！）
0x5B5769	19	F85A	1	うるさい、わたしは大統領だぞ？！	시끄럽다、나는 대통령이란 말이다？！
0x5B5747	8	F85A	1	大統領？！	대통령？！
0x5B55FD	15	F85A	1	バットじゃなく、発生させた	배트가 아니라、발생시킨
0x5B55BD	15	F85A	1	でも、惑星すら貫通する	그래도、행성조차 관통하는
0x5B558B	19	F85A	1	それは無敵弾のコース次第だ。	그건 무적탄의 코스 나름이다。
0x5B550F	6	F85A	1	なにぃい？！	뭐어어？！
0x5B5497	11	F85A	1	くだらんヒロイズムだ。	하찮은 영웅주의다。
0x5B5479	14	F85A	1	わが身を盾にするつもりで	제 몸을 방패로 삼을 생각으로
0x5B5454	10	F85A	1	どうやら、キャプテン	아무래도、선장
0x5B53B8	3	F85A	1	これで	이걸로
0x5B52E0	11	F85A	1	そういえば、この船は	그러고 보니、이 배는
0x5B52B2	21	F85A	1	この船を設計した時、こういう時が	이 배를 설계할 때、이런 때가
0x5B5213	27	F85A	1	引き続き市民の避難作業を進めてくれ。	계속해서 시민 피난 작업을 진행해 줘。
0x5B51AA	13	F85A	1	迎撃の宇宙船は？	요격 우주선은？
0x5B5153	12	F85A	1	俺たちの乗る船は、	우리가 탈 배는、
0x5B5136	21	F85A	1	避難用の宇宙船はまだなのか？！	피난용 우주선은 아직인가？！
0x5B5125	9	F85A	1	順番を守れ！	순서를 지켜라！
0x5B5118	5	F85A	1	押すな！	밀지 마라！
0x5B5112	5	F85A	1	押すな！	밀지 마라！
0x5B5088	19	F85A	1	それにしては数が多すぎるでやんす。	그치고는 수가 너무 많습죠。
0x5B5016	20	F85A	1	見逃せないショーの始まりでやんす。	놓칠 수 없는 쇼의 시작입죠。
0x5B4FCA	5	F85A	1	おかげで、	덕분에、
0x5B4F7A	8	F85A	1	病気で死ぬ	병으로 죽는
0x5B4F64	17	F85A	1	まったく、強情な連中です。	정말、고집 센 녀석들입니다。
0x5B4D17	5	F85A	1	至急、	급히、
0x5B4CF9	18	F85A	1	あ、緊急メールを受信したぞ。	아、긴급 메일을 수신했다。
0x5B4CDE	20	F85A	1	至急、司令部に集まってくれ。	급히、사령부로 모여 줘。
0x5B4CC2	16	F85A	1	あ、司令部から通信だ。	아、사령부에서 통신이다。
0x5B4B63	5	F85A	1	これから、	이제부터、
0x5B4A6B	22	F85A	1	山岳地帯でまだ戦闘は続いてる。	산악 지대에서 아직 전투는 계속되고 있다。
0x5B4A23	8	F85A	1	俺はキャプテン	나는 선장
0x5B4A0E	20	F85A	1	ここは宇宙港の宇宙船の中。	여기는 우주항의 우주선 안。
0x5B49AC	5	F85A	1	（ドサッ）	（털썩）
0x5B4934	21	F85A	1	味方の部隊を犠牲にしたあげく、	아군 부대를 희생시킨 끝에、
0x5B48DD	4	F85A	1	ええっ、	에엣、
0x5B4869	11	F85A	1	くそ、逃げ切るぞ！	젠장、빠져나간다！
0x5B4816	5	F85A	1	上空に	상공에
0x5B47E4	15	F85A	1	宇宙船で脱出するぞ！	우주선으로 탈출한다！
0x5B476B	9	F85A	1	ゲリラ討伐に、	게릴라 토벌에、
0x5B4751	11	F85A	1	武装ヘリでやんす！	무장 헬기입죠！
0x5B473B	14	F85A	1	（ヒュン！ヒュン！ヒュン！）	（휙！휙！휙！）
0x5B46DF	23	F85A	1	結構、簡単な任務だったでやんすね。	제법、간단한 임무였습죠。
0x5B4699	14	F85A	1	わっ、何だおまえたちは？！	왓、뭐냐 너희들은？！
0x5B45DA	13	F85A	1	ああ、それなら真っ先に	아아、그거라면 제일 먼저
0x5B44EA	7	F85A	1	よし、これだ！	좋아、이거다！
0x5B4494	18	F85A	1	爆撃は終わっているみたいだな。	폭격은 끝난 모양이군。
0x5B4432	6	F85A	1	やっつけろ！	해치워라！
0x5B4422	8	F85A	1	おい、ゲリラだ！	어이、게릴라다！
0x5B43D0	20	F85A	1	（さて、行くんは天国か地獄か？	（자、가는 건 천국인가 지옥인가？
0x5B4352	10	F85A	1	そんな顔するなよ。	그런 얼굴 하지 마라。
0x5B40C8	19	F85A	1	ワクチンの件でお世話になったのは	백신 건으로 신세 진 것은
0x5B405B	4	F85A	1	さては、	그렇다면、
0x5B403F	17	F85A	1	ええと、そんなことありましたっけ？	그러니까、그런 일이 있었던가요？
0x5B3F86	5	F85A	1	以前、	이전에、
0x5B3F62	13	F85A	1	な、な、なななんのことやら	무、무、무무무슨 소린지
0x5B3DCC	9	F85A	1	そう、その者だ。	그래、그 자다。
0x5B3D95	15	F85A	1	それより、なんと言ったかな？	그보다、뭐라고 했더라？
0x5B3D2C	20	F85A	1	なに、広域爆撃ではよくあること。	뭘、광역 폭격에서는 흔한 일。
0x5B3CE4	7	F85A	1	大変です！	큰일입니다！
0x5B3C56	9	F85A	1	ふん、ゲリラどもめ	흥、게릴라 놈들
0x5B3BC8	5	F85A	1	ムカーッ！	욱！
0x5B3B61	20	F85A	1	他人の宇宙船に穴あけといて、	남의 우주선에 구멍 뚫어 놓고、
0x5B3AA1	11	F85A	1	食費よ、食費。	식비야、식비。
0x5B3942	11	F85A	1	なんでやんす、こいつ？	뭡죠、이 녀석？
0x5B38E8	8	F85A	1	やあ、アハハハ。	여어、아하하하。
0x5B382F	11	F85A	1	なによ、うるさいわね。	뭐야、시끄럽네。
0x5B37F2	12	F85A	1	くっ、なかなか強いね。	큭、제법 강하네。
0x5B37B0	13	F85A	1	あら、あたしが言ったのは	어머、내가 말한 건
0x5B3779	11	F85A	1	お祝いのパーティーは	축하 파티는
0x5B3740	12	F85A	1	はい、任務完了。	네、임무 완료。
0x5B36FD	13	F85A	1	どこまでもふざけた奴だ！	끝까지 뻔뻔한 녀석이군！
0x5B36B1	16	F85A	1	あんたの命と財産全部。	당신 목숨과 재산 전부。
0x5B3698	14	F85A	1	なにを誰のものにするって？	뭘 누구 것으로 한다고？
0x5B3598	8	F85A	1	先輩の仇！	선배의 원수！
0x5B351D	4	F85A	1	ふうん？	흐음？
0x5B34CE	13	F85A	1	おかしな構造の船ね？	이상한 구조의 배네？
0x5B34A2	14	F85A	1	現実から目をそらすな。	현실에서 눈을 돌리지 마라。
0x5B3486	17	F85A	1	どうして、うれしそうなんでやんす！	어째서、기뻐 보입죠！
0x5B3469	18	F85A	1	ほら、言ったとおりじゃないですか！	봐요、말한 대로잖아요！
0x5B3444	14	F85A	1	そんなのありえないでやんす！	그런 건 있을 수 없습죠！
0x5B33DA	18	F85A	1	外壁に穴が開いてるでやんす。	외벽에 구멍이 뚫렸습죠。
0x5B33C2	13	F85A	1	なんだ、今の衝撃は？	뭐냐、방금 충격은？
0x5B3373	15	F85A	1	いったい、何者だったんだ？	대체、뭐 하는 자였나？
0x5B330D	12	F85A	1	油断しちゃダメです！	방심하면 안 됩니다！
0x5B3234	13	F85A	1	攻撃してくるでやんす！	공격해 옵죠！
0x5B320E	13	F85A	1	こんなのは、ノリよ、ノリ。	이런 건、분위기야、분위기。
0x5B3196	5	F85A	1	ヤッホー！	야호！
0x5B30BD	6	F85A	1	こんにちは、	안녕하세요、
0x5B3090	15	F85A	1	あの船から通信でやんす！	저 배에서 통신입죠！
0x5B3057	12	F85A	1	いまわしき大悪魔、	저주스러운 대악마、
0x5B302D	4	F85A	1	あれは、	저건、
0x5B3000	22	F85A	1	後ろから、変な船が現われたでやんす！	뒤에서、이상한 배가 나타났습죠！
0x5B2FDF	21	F85A	1	巡視船が二隻とも大破したぞ。	순시선이 두 척 다 대파됐다。
0x5B2FCE	9	F85A	1	な、なんでやんす？	무、뭡죠？
0x5B2F3C	15	F85A	1	そこの不審船、止まれ！	거기 수상한 배、멈춰라！
0x5B2F23	11	F85A	1	２隻もいるでやんす！	２척이나 있습죠！
0x5B2EB6	8	F85A	1	よし、受けた！	좋아、받았다！
0x5B2E9C	15	F85A	1	手強い、と聞いています。	만만찮다、고 들었습니다。
0x5B2E7A	14	F85A	1	ふーん、その虫は刺すの？	흐음、그 벌레는 쏘나？
0x5B2E37	6	F85A	1	仕事よ、	일이야、
0x5B2DE9	11	F85A	1	ハハハ、さすがですな。	하하하、역시군요。
0x5B2DBB	16	F85A	1	だとしても、関係ないでしょ。	그렇다 해도、상관없잖아。
0x5B2DA2	14	F85A	1	おや、お知り合いですか？	이런、아는 사이인가요？
0x5B2D8F	8	F85A	1	ああ、あの男。	아아、그 남자。
0x5B2D2A	11	F85A	1	なあんだ、つまんない。	뭐야、시시하네。
0x5B2D0C	19	F85A	1	いえ、単なる害虫退治ですよ。	아뇨、단순한 해충 퇴치예요。
0x5B2CC2	22	F85A	1	あんたの仕事なら、いつでも大歓迎。	당신 일이라면、언제든 대환영。
0x5B2C9B	7	F85A	1	あなたがたに、	당신들에게、
0x5B2C84	15	F85A	1	（しばらく前の出来事）	（얼마 전의 일）
0x5B2C1A	18	F85A	1	アハハハ、中身が黒いんだよね？	아하하하、속이 검다는 거지？
0x5B2BB1	8	F85A	1	俺はキャプテン	나는 선장
0x5B2B4A	16	F85A	1	じゃあ、またの機会に頼む。	그럼、다음 기회에 부탁한다。
0x5B2B32	13	F85A	1	よし、それじゃあ頼むよ。	좋아、그럼 부탁한다。
0x5B2A45	13	F85A	1	あれ、なにか落ちてるぞ。	어라、뭔가 떨어져 있다。
0x5B2A0A	16	F85A	1	あんなロボットを連れていてか？	저런 로봇을 데리고 다니면서？
0x5B29E2	16	F85A	1	あのロボット連れてる美人は	저 로봇 데리고 다니는 미인은
0x5B2988	20	F85A	1	ええ、お値段次第ってとこかしら。	네、값 나름이려나。
0x5B2931	12	F85A	1	いいえ「運び屋」よ。	아니「운반책」이야。
0x5B290C	7	F85A	1	敵が多い？	적이 많다？
0x5B28D4	9	F85A	1	そりゃそうでしょ？	그야 그렇죠？
0x5B28BF	10	F85A	1	気づいていたのか。	눈치채고 있었나。
0x5B28AB	12	F85A	1	あ～あ、逃げちゃった。	아～아、도망쳐 버렸다。
0x5B2871	16	F85A	1	なんだか、変な子が君達を	뭔가、이상한 애가 자네들을
0x5B2862	7	F85A	1	ハイ、なあに？	네、뭔데요？
0x5B284F	8	F85A	1	ねえ、君達。	저기、자네들。
0x5B27BA	15	F85A	1	この子、かわいいでやんすけど	이 애、귀엽습죠만
0x5B279E	17	F85A	1	本当に家に帰れないとはな。	정말 집에 못 돌아가다니。
0x5B271A	14	F85A	1	バ、バカにしないでください！	무、무시하지 마세요！
0x5B263B	17	F85A	1	それで、その先輩は今どこに？	그래서、그 선배는 지금 어디에？
0x5B2617	18	F85A	1	（まず性格に問題があるような	（우선 성격에 문제가 있는 것 같은
0x5B25CC	20	F85A	1	じ、実戦経験が少ないだけです！	시、실전 경험이 적을 뿐입니다！
0x5B25A6	14	F85A	1	オイラのニンジャのイメージが	내 닌자 이미지가
0x5B2567	12	F85A	1	すると、アンタ本当に	그러면、당신 정말로
0x5B253A	19	F85A	1	ごはん食べたら機嫌が直ったよ。	밥 먹었더니 기분이 풀렸어。
0x5B2527	8	F85A	1	（もぐもぐもぐ）	（우물우물우물）
0x5B24B7	5	F85A	1	ああーっ！	아아앗！
0x5B249D	15	F85A	1	自分でさっき言ってたぞ。	본인이 아까 말했다。
0x5B2466	13	F85A	1	ひぇえ、なぜそんなことまで	히에엑、어째서 그런 것까지
0x5B2441	11	F85A	1	君ってニンジャなの？	자네 닌자야？
0x5B23EB	11	F85A	1	いやどうしても何も、	아니 아무래도고 뭐고、
0x5B238C	5	F85A	1	そうです。	그렇습니다。
0x5B2347	3	F85A	1	わっ！	왓！
0x5B232F	13	F85A	1	ねぇ君、何してるんだ？	저기 자네、뭐 하고 있나？
0x5B22A4	12	F85A	1	あれはまた、わかりやすい	저건 또、알기 쉬운
0x5B227A	10	F85A	1	どの２人でやんす？	어느 ２명입죠？
0x5B2241	18	F85A	1	あっちの２人の様子を、こっそり	저쪽 ２명의 모습을、몰래
0x5B2229	13	F85A	1	なんでやんすかね、あれは。	뭡죠、저건。
0x5B21FC	15	F85A	1	あの女の子を見てみろよ。	저 여자애를 봐라。
0x5B21EA	10	F85A	1	どうしたんでやんす？	무슨 일입죠？
0x5B21A7	10	F85A	1	アハハ、そうだっけ？	아하하、그랬던가？
0x5B2167	11	F85A	1	さて、おなか空いたし	자、배도 고프고
0x5B2135	7	F85A	1	ああ、そうね。	아아、그렇네。
0x5B20E9	9	F85A	1	うわああああああ！	우와아아아아아아！
0x5B2090	14	F85A	1	ねぇ、アンタなんで後ろから	저기、당신 어째서 뒤에서
0x5B1E46	9	F85A	1	いいかげんにしろ。	적당히 해라。
0x5B1D95	12	F85A	1	あたし達は、ニンジャを	우리는、닌자를
0x5B1D40	20	F85A	1	オーブール特産の宇宙忍者とは	오브르 특산의 우주 닌자라니
0x5B1C92	7	F85A	1	まったくです！	정말입니다！
0x5B1C5D	17	F85A	1	それにしても、人間の身体で	그건 그렇고、인간의 몸으로
0x5B1BFA	16	F85A	1	たった一つの存在だ、という	단 하나뿐인 존재다、라는
0x5B1B98	24	F85A	1	あの装置、やっぱりロボットの自殺対策	그 장치、역시 로봇 자살 대책
0x5B1B65	13	F85A	1	ムダ骨だったでやんすね。	헛수고였습죠。
0x5B1B13	11	F85A	1	もう、信じられない！	정말、믿을 수 없어！
0x5B1AD0	13	F85A	1	さて、これがウワサになって	자、이게 소문이 나서
0x5B1A30	18	F85A	1	君はお金をだまし取られた上に	자네는 돈을 사기당한 데다
0x5B1A0D	14	F85A	1	いや、あれはサギだったんだ。	아니、그건 사기였다。
0x5B1998	8	F85A	1	気がついたか。	정신이 들었나。
0x5B1915	14	F85A	1	コイツは体格がいいから、	이 녀석은 체격이 좋으니까、
0x5B18FB	21	F85A	1	よし、お前はこの人間の足を持て。	좋아、너는 이 인간의 다리를 잡아라。
0x5B18A1	8	F85A	1	やばいでやんす！	큰일입죠！
0x5B1869	21	F85A	1	よし、お前たちもここで加工してやる！	좋아、너희들도 여기서 가공해 주마！
0x5B183B	14	F85A	1	おい、警備隊を呼べ！	어이、경비대를 불러라！
0x5B181C	20	F85A	1	人間に俺たちの苦労がわかるか！	인간이 우리 고생을 알기나 하나！
0x5B17FB	10	F85A	1	それでも、その人は	그래도、그 사람은
0x5B17D8	8	F85A	1	そうだ、そうだ。	옳소、옳소。
0x5B179F	15	F85A	1	オレたちだって、あの装置で	우리도、저 장치로
0x5B1786	17	F85A	1	おい、いいかげんなこと言うなよ。	어이、엉터리 소리 하지 마라。
0x5B1746	21	F85A	1	あの装置はロボットに元人間だった	저 장치는 로봇에게 원래 인간이었다는
0x5B16F4	13	F85A	1	だって、この人間はもう	왜냐면、이 인간은 이미
0x5B16B5	12	F85A	1	その人は生きてるぞ。	그 사람은 살아 있다。
0x5B1689	16	F85A	1	見たところ材料じゃないぞ？	보아하니 재료가 아닌데？
0x5B1674	13	F85A	1	あれ、人間じゃないか？	어라、인간 아닌가？
0x5B1622	15	F85A	1	よし、じゃあそっちのミキサーに	좋아、그럼 저쪽 믹서에
0x5B15F8	18	F85A	1	うーん、骨も筋肉も弱いなぁ。	으음、뼈도 근육도 약하구나。
0x5B15E4	15	F85A	1	で、この人間の適正は？	그래서、이 인간의 적성은？
0x5B158D	23	F85A	1	大変だ、すぐに次の工程に移動だ！	큰일이다、당장 다음 공정으로 이동이다！
0x5B1500	13	F85A	1	いかん、さっきのとは別の	안 되겠다、아까와는 다른
0x5B14B7	16	F85A	1	とにかく、オイラはこの機械に	어쨌든、나는 이 기계에
0x5B14A2	13	F85A	1	まあ、そんな気もするな。	뭐、그런 느낌도 드는군。
0x5B1424	21	F85A	1	ふーん、この装置で人間の精神を	흐음、이 장치로 인간의 정신을
0x5B140D	8	F85A	1	なんですって？！	뭐라고요？！
0x5B13D0	14	F85A	1	つまり、ロボットはロボット。	즉、로봇은 로봇。
0x5B1385	9	F85A	1	これはサギですよ。	이건 사기예요。
0x5B1373	13	F85A	1	博士、どうしたんです？	박사님、무슨 일인가요？
0x5B12DA	20	F85A	1	おお、この装置で人間の精神を	오오、이 장치로 인간의 정신을
0x5B1266	18	F85A	1	元は人間だったという印象は	원래 인간이었다는 인상은
0x5B124D	14	F85A	1	じゃあ、さっきのロボットは？	그럼、아까 그 로봇은？
0x5B11FC	14	F85A	1	この装置でコピーするのは	이 장치로 복제하는 건
0x5B11A8	14	F85A	1	あまり大声を出すなよ。	너무 큰 소리 내지 마라。
0x5B1123	11	F85A	1	すごい機械ですね！	대단한 기계네요！
0x5B10D2	21	F85A	1	では、その身体の説明をいたします。	그럼、그 몸의 설명을 하겠습니다。
0x5B108C	14	F85A	1	しかし、機能的ですよ。	하지만、기능적이에요。
0x5B1067	12	F85A	1	あなたと同じじゃない。	당신과 같잖아。
0x5B1050	18	F85A	1	なにって、機械の身体ですが。	뭐라니、기계 몸입니다만。
0x5B0F79	25	F85A	1	精神を安定させるため、麻酔をかけますが	정신을 안정시키기 위해、마취를 합니다만
0x5B0F56	15	F85A	1	はあ、そういうものなんですか。	하아、그런 건가요。
0x5B0EFB	25	F85A	1	有機物を残すと、その部分を生かすため	유기물을 남기면、그 부분을 살리기 위해
0x5B0EAB	12	F85A	1	それでは、この機械で	그럼、이 기계로
0x5B0E89	11	F85A	1	ちょっと気になるな。	좀 신경 쓰이는군。
0x5B0E38	21	F85A	1	あの部屋へ１人ずつ進んでください。	저 방으로 한 명씩 들어가 주세요。
0x5B0DB0	4	F85A	1	うわあ、	우와아、
0x5B0C27	25	F85A	1	ある星で商品を買って、他の星に売る。	어떤 별에서 상품을 사서、다른 별에 판다。
0x5B0BE5	14	F85A	1	おいおい、ちょっと待った！	어이어이、잠깐 기다려！
0x5B0BB7	10	F85A	1	（貿易のために、	（무역을 위해、
0x5B0B8D	6	F85A	1	よし、すぐに	좋아、당장
0x5B0B55	14	F85A	1	いやあ、そういってもらえると	아이고、그렇게 말해 주시면
0x5B0AFF	5	F85A	1	よろしく、	잘 부탁해、
0x5B0ACF	14	F85A	1	なんにせよ、買ったばかりの	어쨌든、막 산
0x5B0A9A	14	F85A	1	うわ、すっごく小さな字で	우와、엄청 작은 글씨로
0x5B0A66	22	F85A	1	それはＡランク契約の場合だけですよ。	그건 Ａ랭크 계약인 경우뿐입니다。
0x5B0A1E	10	F85A	1	アンタでやんすと！？	당신이라굽죠！？
0x5B096A	13	F85A	1	あなたの船を製造した	당신 배를 제조한
0x5B095B	7	F85A	1	君は誰だ？	자네는 누구냐？
0x5B08E8	12	F85A	1	そんなこと言ったって、	그렇게 말해도、
0x5B08B0	11	F85A	1	文句を言うなよ、	불평하지 마라、
0x5B0880	15	F85A	1	ええ～、タダ働きでやんすか！	에에～、공짜 노동입죠！
0x5B07EC	8	F85A	1	すまん、我々	미안하다、우리
0x5B079C	9	F85A	1	まあ、いいですよ。	뭐、좋아요。
0x5B067A	17	F85A	1	すると、ワクチン購入資金も	그러면、백신 구입 자금도
0x5B0610	4	F85A	1	ワクチン	백신
0x5B0607	7	F85A	1	そして、ここに	그리고、여기에
0x5B05DC	14	F85A	1	それは、かなりの量ですね。	그건、상당한 양이네요。
0x5B05C5	4	F85A	1	ワクチン	백신
0x5B052E	4	F85A	1	ワクチン	백신
0x5B051F	13	F85A	1	つまり、宇宙を旅して	즉、우주를 여행하며
0x5B04EF	6	F85A	1	そこで、この	그래서、이
0x5B04C6	4	F85A	1	ワクチン	백신
0x5B04C0	4	F85A	1	つまり、	즉、
0x5B0442	15	F85A	1	もちろん、交渉はしている。	물론、협상은 하고 있다。
0x5B0423	4	F85A	1	ワクチン	백신
0x5B040E	18	F85A	1	自由商人たちと交渉して、	자유상인들과 협상해서、
0x5B03C2	4	F85A	1	ワクチン	백신
0x5B0375	23	F85A	1	知ってのとおり、宇宙中の生命体が	알다시피、온 우주의 생명체가
0x5B0362	8	F85A	1	なんですって？！	뭐라고요？！
0x5B0294	19	F85A	1	うむ、ここ最近の政治情勢は	음、최근의 정치 정세는
0x5B0250	7	F85A	1	はい、本日	네、오늘
0x5B0214	8	F85A	1	うむ、ごくろう。	음、수고했다。
0x5B0199	11	F85A	1	（宇宙ステーション	（우주 정거장
0x5B0001	12	F85A	1	そもそも、アンタみたいな	애초에、당신 같은
0x5AFFA6	7	F85A	1	やりたいこと？	하고 싶은 일？
0x5AFE77	11	F85A	1	ああ、それはいいけど。	아아、그건 좋은데。
0x5AFD50	23	F85A	1	お前、野球人形を作ってるんだって？	너、야구 인형을 만들고 있다며？
0x5AFC97	12	F85A	1	オレは旧式だからな。	나는 구식이니까。
0x5AFBFA	11	F85A	1	カカカカカ、ムダムダ！	카카카카카、소용없어 소용없어！
0x5AFBD4	16	F85A	1	じゃあ、カウンセラーを作れよ！	그럼、상담사를 만들어라！
0x5AFB76	8	F85A	1	やってはみたさ。	해보기는 했지。
0x5AFB38	18	F85A	1	そうだ、プログラムを誘導したら！	맞다、프로그램을 유도하면！
0x5AFAE7	19	F85A	1	意図的かどうかわからないけどな。	의도적인지 어떤지는 모르겠지만。
0x5AFAD9	9	F85A	1	「死にたがり」？	「죽고 싶어 하는 자」？
0x5AFA6D	15	F85A	1	おい、自殺をできないように	어이、자살을 못 하게
0x5AF9A4	15	F85A	1	ああ、そんなことをしてはだめ！	아아、그런 짓을 하면 안 돼！
0x5AF892	12	F85A	1	それだけではありません。	그것뿐만이 아닙니다。
0x5AF7BC	20	F85A	1	あなたがた有機生命体は、たとえ	당신들 유기생명체는、설령
0x5AF6FC	26	F85A	1	私の身体は規格品で構成されています。	제 몸은 규격품으로 구성돼 있습니다。
0x5AF6E1	12	F85A	1	私は誰なんでしょう？	나는 누구일까요？
0x5AF6C2	10	F85A	1	おい、そこのあんた！	어이、거기 당신！
0x5AF688	15	F85A	1	おっ、ちょうど１人来たぜ。	옷、마침 하나 왔다。
0x5AF652	11	F85A	1	じ、自殺だって？！	자、자살이라고？！
0x5AF62F	18	F85A	1	ロボットの自殺スポットの一つ、	로봇 자살 명소 중 하나、
0x5AF5DF	19	F85A	1	それを説明してやろうと思ってな。	그걸 설명해 주려고 했다。
0x5AF531	19	F85A	1	行けども行けども、廃工場だ。	가도 가도、폐공장이다。
0x5AF4B9	16	F85A	1	しかし、宇宙から見たときと	하지만、우주에서 봤을 때와
0x5AF482	11	F85A	1	そんなに遠くはない。	그렇게 멀지는 않다。
0x5AF468	15	F85A	1	で、目的地はどこなんだ？	그래서、목적지는 어디냐？
0x5AF438	19	F85A	1	（これなら、今後はこの場所から	（이거라면、앞으로는 이 장소에서
0x5AF3FC	5	F85A	1	おやおや。	이런 이런。
0x5AF3BD	15	F85A	1	ほら、このあたりから行ける。	봐、이 근처에서 갈 수 있다。
0x5AF379	9	F85A	1	面白いところ？	재미있는 곳？
0x5AF2F8	14	F85A	1	おっ、いい所で会ったな。	옷、마침 잘 만났군。
0x5AF2A7	16	F85A	1	私はタダで同行いたしますし	저는 공짜로 동행하고
0x5AF278	5	F85A	1	それなら、	그렇다면、
0x5AF259	20	F85A	1	あっ、でも今は仲間がいっぱいです。	앗、그래도 지금은 동료가 꽉 찼습니다。
0x5AF1FF	11	F85A	1	（ひょっとして、単に	（혹시、단순히
0x5AF183	12	F85A	1	協力はいたしますが、	협력은 하겠습니다만、
0x5AF154	20	F85A	1	では、資金援助をしていただける？	그럼、자금 지원을 해주시겠어요？
0x5AF13F	13	F85A	1	それがセレブというものよ。	그게 상류층이라는 거야。
0x5AF115	13	F85A	1	運命を信じるなんて、	운명을 믿다니、
0x5AF0DE	15	F85A	1	私、運命を信じますの。	저、운명을 믿어요。
0x5AF04E	3	F85A	1	アラ？	어머？
0x5AEFF3	8	F85A	1	おそらく、私が	아마도、제가
0x5AEFCD	14	F85A	1	ところで、どうしてニンジャに	그런데、어째서 닌자에게
0x5AEF6F	17	F85A	1	（ちょうど在庫がありましたから	（마침 재고가 있었으니까
0x5AEDE5	16	F85A	1	ニンジャなら退却しましたよ。	닌자라면 퇴각했어요。
0x5AEDBE	17	F85A	1	それより、この船に侵入者が	그보다、이 배에 침입자가
0x5AED3F	18	F85A	1	ともかく、さっき襲われていた船を	어쨌든、아까 습격당하던 배를
0x5AEC4E	12	F85A	1	やっぱりステルス船だ！	역시 스텔스선이다！
0x5AEC34	15	F85A	1	うわっ、撃たれてるでやんす！	우왓、맞고 있습죠！
0x5AEBF2	16	F85A	1	無効にしたりはいたしません。	무효로 하지는 않겠습니다。
0x5AEBD7	5	F85A	1	ええっ！？	에엣！？
0x5AEBB3	12	F85A	1	助けが来たようです。	도움이 온 모양입니다。
0x5AEBA7	7	F85A	1	どうしました？	무슨 일입니까？
0x5AEB3E	16	F85A	1	では、よりよき次の人生を。	그럼、더 나은 다음 인생을。
0x5AEAF0	18	F85A	1	これまでのあなたの献身に対し、	지금까지의 당신 헌신에 대해、
0x5AEA85	21	F85A	1	私の脱出後、３秒後にこの船を	제가 탈출한 뒤、３초 후에 이 배를
0x5AEA5C	15	F85A	1	しかし、やつらの宇宙船が	하지만、저 녀석들 우주선이
0x5AE9E9	13	F85A	1	どうやら、海賊ではなく	아무래도、해적이 아니라
0x5AE9CA	20	F85A	1	失業者部隊、押されています。	실업자 부대、밀리고 있습니다。
0x5AE8F1	13	F85A	1	待て待て待てぇ～い！	기다려 기다려 기다려～！
0x5AE8D1	17	F85A	1	よし、司令室を目指そう。	좋아、사령실을 목표로 하자。
0x5AE8BC	13	F85A	1	この船でまちがいないな。	이 배가 틀림없군。
0x5AE87E	21	F85A	1	ああ、何者かが乗り込んできました！	아아、누군가가 올라탔습니다！
0x5AE840	11	F85A	1	はっ、はい、ただちに！	옛、네、즉시！
0x5AE7C2	15	F85A	1	まったく頼りないことですわ。	정말 못 미덥네요。
0x5AE7A8	18	F85A	1	それが、まったく探知できません！	그게、전혀 탐지되지 않습니다！
0x5AE78F	17	F85A	1	どこから攻撃されているのです？	어디서 공격받고 있는 겁니까？
0x5AE71C	9	F85A	1	オッケーでやんす！	오케이입죠！
0x5AE6F0	10	F85A	1	まきぞえはごめんだ！	휘말리는 건 사양이다！
0x5AE6B6	19	F85A	1	いや、何かに攻撃されているんだ！	아니、뭔가에게 공격당하고 있다！
0x5AE68D	21	F85A	1	前の船で爆発が起こったでやんす！	앞 배에서 폭발이 일어났습죠！
0x5AE63B	15	F85A	1	いや、この船の探知機は	아니、이 배의 탐지기는
0x5AE613	19	F85A	1	探知機の調子が悪いとかじゃ	탐지기 상태가 나쁜 게
0x5AE5CC	9	F85A	1	ちょっと前方に	좀 전방에
0x5AE5BA	10	F85A	1	どうしたんでやんす？	무슨 일입죠？
0x5AE4E1	17	F85A	1	でも、急がないとまずいでやんす。	그래도、서두르지 않으면 곤란합죠。
0x5AE49C	16	F85A	1	こんなときに、何やってるんだ。	이런 때에、뭘 하고 있냐。
0x5AE45C	13	F85A	1	ナノマシンの効果か？！	나노머신의 효과인가？！
0x5AE409	10	F85A	1	おい、しっかりしろ！	어이、정신 차려！
0x5AE3C1	13	F85A	1	おい、無理はするなよ！	어이、무리하지 마라！
0x5AE34E	6	F85A	1	ただいまー。	다녀왔어。
0x5AE2D4	17	F85A	1	ああ、こっちも任務完了だ。	아아、이쪽도 임무 완료다。
0x5AE254	17	F85A	1	よっしゃ、こっちも片付いたぜ！	좋았어、이쪽도 정리됐다！
0x5AE20D	14	F85A	1	よし、デカイのはオレがやる。	좋아、큰 놈은 내가 맡는다。
0x5AE1C3	19	F85A	1	歩兵と戦車が陣取ってるな。	보병과 전차가 진을 치고 있군。
0x5AE178	14	F85A	1	くっ、私はこんな連中に	큭、나는 이런 녀석들에게
0x5AE12E	16	F85A	1	ああ、３つ目のデータのありかは	아아、３번째 데이터의 소재는
0x5AE117	12	F85A	1	おい、なにをする気だ！	어이、뭘 할 셈이냐！
0x5AE0BE	9	F85A	1	困りましたねえ。	곤란하네요。
0x5AE014	23	F85A	1	一種類の生物兵器なら、容易に	한 종류의 생물병기라면、쉽게
0x5ADFFF	13	F85A	1	そのような事実はない！	그런 사실은 없다！
0x5ADF37	22	F85A	1	はたして、宇宙の征服をたくらんだのか	과연、우주 정복을 꾀한 것인지
0x5ADE22	17	F85A	1	まあ、念のためということですよ。	뭐、만일을 위해서라는 겁니다。
0x5ADCCF	24	F85A	1	これが実際に使用される危険性ゆえに	이게 실제로 사용될 위험성 때문에
0x5ADC7F	7	F85A	1	ほほう、これが	호오、이게
0x5ADC56	16	F85A	1	これが植物に関するデータで	이게 식물에 관한 데이터고
0x5ADBC5	19	F85A	1	悪いね、個人的な用事でね。	미안하네、개인적인 볼일이라서。
0x5ADB7C	16	F85A	1	ああ、それは正しい判断だ。	아아、그건 옳은 판단이다。
0x5ADB3F	19	F85A	1	俺たちの任務はワクチン集めだ。	우리 임무는 백신 수집이다。
0x5ADAFD	15	F85A	1	うっ、それはちょっときついな。	윽、그건 좀 힘들군。
0x5ADAD1	15	F85A	1	でも、なんか戦車を出して	그래도、뭔가 전차를 내보내
0x5ADABD	9	F85A	1	それは大変だ！	그건 큰일이다！
0x5ADA75	18	F85A	1	この星で長年研究されてきた	이 별에서 오랜 세월 연구돼 온
0x5AD984	9	F85A	1	全員整列！	전원 정렬！
0x5AD935	10	F85A	1	とりあえず、よろしく	일단、잘 부탁한다
0x5AD926	8	F85A	1	（いいのかな？）	（괜찮은 걸까？）
0x5AD8F9	3	F85A	1	ともに	함께
0x5AD85D	7	F85A	1	えええええ？！	에에에에에？！
0x5AD748	19	F85A	1	ああ、いちいち数えていられないよな。	아아、일일이 세고 있을 수는 없지。
0x5AD690	14	F85A	1	あれ、俺ってエースだっけ？	어라、내가 에이스였던가？
0x5AD5B9	20	F85A	1	いいか、貴様に負けたわけではない！	잘 들어라、네놈에게 진 게 아니다！
0x5AD57B	8	F85A	1	おい、貴様。	어이、네놈。
0x5AD53C	14	F85A	1	いや、宇宙船じゃなくて	아니、우주선이 아니라
0x5AD4DE	17	F85A	1	ツッコミどころ満載の回答を	딴죽 걸 데 투성이인 대답을
0x5AD45E	6	F85A	1	ええい、この	에잇、이
0x5AD447	12	F85A	1	な、なにをするでやんす！	무、무슨 짓입죠！
0x5AD414	15	F85A	1	おや、気がついたでやんすね。	이런、정신이 드셨습죠。
0x5AD3B7	13	F85A	1	うおっ、やられたーーーっ！	우옷、당했다아아앗！
0x5AD36F	12	F85A	1	フン、逃がしはせんぞ！	흥、놓치지 않겠다！
0x5AD2A1	10	F85A	1	ハハハハハ、なんだ。	하하하하하、뭐냐。
0x5AD227	11	F85A	1	なんでやんす、アレは？	뭡죠、저건？
0x5AD19E	7	F85A	1	やあやあやあ！	안녕안녕안녕！
0x5AD148	20	F85A	1	いいかげん勘弁して欲しいでやんす！	이제 그만 좀 봐줬으면 합죠！
0x5AD0C8	18	F85A	1	フン、きっと誇張された数字に	흥、분명 과장된 숫자일
0x5AD0A2	18	F85A	1	正式な報告ではありませんが、	정식 보고는 아닙니다만、
0x5AD027	10	F85A	1	ハッ、中尉殿！	옛、중위님！
0x5AD00E	17	F85A	1	お前たち、なんの話をしている。	너희들、무슨 얘기를 하고 있나。
0x5ACFC1	15	F85A	1	おいおい、人ごとだと思って	어이어이、남 일이라고
0x5ACEC4	9	F85A	1	（ああ、空しい。	（아아、허무하다。
0x5ACE49	9	F85A	1	それで、エースって	그래서、에이스라는 건
0x5ACDD3	7	F85A	1	まあ、こちらが	뭐、이쪽이
0x5ACD49	9	F85A	1	アハハ、あたしなら	아하하、나라면
0x5ACCE3	12	F85A	1	んー、この組成かぁ。	으음、이 조성인가。
0x5ACCAB	15	F85A	1	ふーん、これが例のウイルス？	흐음、이게 그 바이러스？
0x5ACC5C	21	F85A	1	せっかく苦労して証拠を集めたのに	애써 고생해서 증거를 모았는데
0x5ACBF4	13	F85A	1	（せっかく、２年もかけて	（모처럼、２년이나 들여
0x5ACB72	7	F85A	1	おのれ、おのれ	이놈、이놈
0x5ACB43	18	F85A	1	ふむ、面白い反応でやんすね。	흠、재미있는 반응입죠。
0x5ACAD7	12	F85A	1	さあ、発射でやんす！	자、발사입죠！
0x5ACA87	11	F85A	1	よく考えたら、誰も	잘 생각해 보면、아무도
0x5AC966	13	F85A	1	そんなことをしてどうする。	그런 짓을 해서 어쩔 셈이냐。
0x5AC90D	8	F85A	1	さて、元帥。	자、원수님。
0x5AC884	8	F85A	1	このウイルスを、	이 바이러스를、
0x5AC857	21	F85A	1	これが、わが秘密警察の入手した	이것이、우리 비밀경찰이 입수한
0x5AC703	21	F85A	1	なに、惑星全部を吸い込む前に	뭘、행성 전부를 삼키기 전에
0x5AC684	7	F85A	1	そもそも、この	애초에、이
0x5AC5CB	22	F85A	1	ところで元帥、確認しておくでやんす。	그런데 원수님、확인해 두겠습죠。
0x5AC597	3	F85A	1	では、	그럼、
0x5AC460	17	F85A	1	ワガハイをなめてもらっては困る。	이 몸을 얕보면 곤란하다。
0x5AC443	14	F85A	1	ほう、ここがどこかおわかりの	호오、여기가 어딘지 아시는
0x5AC413	17	F85A	1	いきなり誘拐されたかと思えば	갑자기 납치됐나 했더니
0x5AC3CC	17	F85A	1	部下の非礼はわびましょう。	부하의 무례는 사과하지요。
0x5AC37F	8	F85A	1	は、ははははは。	하、하하하하하。
0x5AC370	7	F85A	1	オイ、入れ！	이봐、들어와！
0x5AC285	17	F85A	1	ハハハ、小生も命は惜しい。	하하하、소생도 목숨은 아깝소。
0x5AC20D	22	F85A	1	いや、宇宙一の諜報機関を持つ	아니、우주 제일의 첩보기관을 가진
0x5AC1DB	21	F85A	1	当然、監視はしているのでしょうな？	당연히、감시는 하고 있겠지요？
0x5AC18C	8	F85A	1	もちろんだとも。	물론이고말고。
0x5AC0A3	20	F85A	1	大規模な戦闘行為があれば、	대규모 전투 행위가 있으면、
0x5AC006	18	F85A	1	結論を言っていただけませんか？	결론을 말씀해 주시겠습니까？
0x5ABEBA	14	F85A	1	だから、滅ぼすしかないと？	그래서、멸망시킬 수밖에 없다고？
0x5ABD93	27	F85A	1	かつて宇宙は戦争と海賊に満ち、安全な	예전에 우주는 전쟁과 해적으로 가득해、안전한
0x5ABD5A	23	F85A	1	これは、宇宙経済上の必然なのだ。	이건、우주 경제상의 필연이다。
0x5ABC80	16	F85A	1	もっと危険なもの、ですって？	더 위험한 것、이라고요？
0x5ABC0E	10	F85A	1	さよう、わが惑星	그렇소、우리 행성
0x5ABBC1	5	F85A	1	だいたい、	애초에、
0x5ABB76	14	F85A	1	あなた方は正気ですか？	당신들은 제정신입니까？
0x5ABB13	8	F85A	1	同盟ですと？	동맹이라고요？
0x5ABA49	11	F85A	1	ハハハ、いや失敬。	하하하、아니 실례。
0x5AB9D9	4	F85A	1	フウム。	흐음。
0x5AB953	17	F85A	1	お父上のこと、残念でした。	부친 일은、안타까웠습니다。
0x5AB8FF	17	F85A	1	お目にかかるのは初めてですな？	뵙는 건 처음이지요？
0x5AB86B	8	F85A	1	じゃあ、アタシは	그럼、나는
0x5AB829	15	F85A	1	正義の味方には、それを	정의의 사도에게는、그걸
0x5AB7F6	16	F85A	1	というわけで、今後はあなたが	그런 이유로、앞으로는 당신이
0x5AB775	9	F85A	1	ワクチンが全部	백신이 전부
0x5AB764	9	F85A	1	な、なにするのよ！	무、무슨 짓이야！
0x5AB70E	8	F85A	1	ふっ、かっこよく	훗、멋있게
0x5AB6D5	9	F85A	1	ウワアアアア！！！	우와아아아아！！！
0x5AB6BD	13	F85A	1	なんてことするんでやんす！	무슨 짓을 하는 겁죠！
0x5AB6A1	4	F85A	1	ワクチン	백신
0x5AB699	5	F85A	1	ああっ！？	아앗！？
0x5AB63A	5	F85A	1	強大な	강대한
0x5AB5BE	19	F85A	1	大丈夫、ここはアタシにまかせて。	괜찮아、여긴 나에게 맡겨。
0x5AB57F	9	F85A	1	（ザザザザザッ！）	（자자자자잣！）
0x5AB4D7	10	F85A	1	ハハーン、なるほど！	하하안、과연！
0x5AB47F	22	F85A	1	弱い者を助けて、強いものを倒すのが	약한 자를 돕고、강한 자를 쓰러뜨리는 게
0x5AB461	22	F85A	1	アタシのどこが間違ってるって言うのよ？	내가 어디가 틀렸다는 거야？
0x5AB429	13	F85A	1	今は間違ってるけど、	지금은 틀렸지만、
0x5AB414	13	F85A	1	どうして助けてくれたの？	어째서 도와준 거야？
0x5AB39A	9	F85A	1	オッケーでやんす！	오케이입죠！
0x5AB38C	6	F85A	1	逃げるぞ！	도망친다！
0x5AB36F	12	F85A	1	よし、どさくさにまぎれて	좋아、혼란한 틈을 타서
0x5AB327	4	F85A	1	ダマレ！	닥쳐！
0x5AB2DF	6	F85A	1	やあねえ～。	싫어라～。
0x5AB296	5	F85A	1	ウルサイ！	시끄럽다！
0x5AB259	5	F85A	1	きゃっ！？	꺅！？
0x5AB22D	9	F85A	1	イタゾ、アイツダ！	있다、저 녀석이다！
0x5AB1FC	18	F85A	1	いつから君とライバルになったんだ！	언제부터 자네와 라이벌이 된 거냐！
0x5AB1DB	9	F85A	1	フフフ、やるわね。	후후후、제법이네。
0x5AB18F	16	F85A	1	なあんだ、チョ～期待はずれ。	뭐야、완전 기대 이하。
0x5AB13E	15	F85A	1	（なんだか、本当にこっちが	（뭔가、정말로 이쪽이
0x5AB115	15	F85A	1	ええい、口ではかなわないから	에잇、말로는 못 이기니까
0x5AB07E	9	F85A	1	だって、この星は	왜냐면、이 별은
0x5AB040	7	F85A	1	そ、そもそも！	애、애초에！
0x5AAFF4	19	F85A	1	人助けのためでも犯罪を犯して	남을 돕기 위해서라도 범죄를 저질러
0x5AAFC5	12	F85A	1	いや、それはそうだけど。	아니、그건 그렇지만。
0x5AAF8F	10	F85A	1	だって、あなたたちは	왜냐면、당신들은
0x5AAF6E	10	F85A	1	どうしてオイラたちが	어째서 우리가
0x5AAF21	12	F85A	1	ここが東の倉庫か。	여기가 동쪽 창고인가。
0x5AAEC4	15	F85A	1	無責任すぎるでやんす！！	너무 무책임합죠！！
0x5AAEB1	11	F85A	1	あの傭兵めぇ～！！	그 용병 자식～！！
0x5AAE41	13	F85A	1	ほら、やっぱり帰り道で	봐라、역시 돌아가는 길에
0x5AADF6	16	F85A	1	たぶん、５００ペラ払わなかった	아마、５００페라 안 낸
0x5AAD48	16	F85A	1	よく考えたらお金がないので、	생각해 보니 돈이 없어서、
0x5AAD21	19	F85A	1	それで、今日は買っていきますか？	그래서、오늘은 사 가시겠습니까？
0x5AAD05	17	F85A	1	つまりオイラが運ぶんでやんすね。	즉 내가 옮기는 겁죠。
0x5AACD7	23	F85A	1	仲間に一人非戦闘員がいますから	동료 중에 비전투원이 한 명 있으니까
0x5AACA9	22	F85A	1	重力軽減ベッドを用意しますから、	중력 경감 침대를 준비할 테니까、
0x5AAC88	15	F85A	1	じゃあ、俺たちが運ばないと	그럼、우리가 옮기지 않으면
0x5AAC14	21	F85A	1	その事情なら、ワクチンの取り引きは	그 사정이라면、백신 거래는
0x5AABE4	17	F85A	1	それと、どうやって宇宙港まで	그리고、어떻게 우주항까지
0x5AAB87	23	F85A	1	生産能力がそんなに高くないんですよ。	생산 능력이 그렇게 높지 않아요。
0x5AAB6E	7	F85A	1	無理です。	무리입니다。
0x5AAB30	16	F85A	1	１トン６００ペラでどうでしょう。	１톤에 ６００페라로 어떨까요。
0x5AAA9E	18	F85A	1	よし、ここが目的の場所だぞ。	좋아、여기가 목적지다。
0x5AAA36	7	F85A	1	あたりまえだ。	당연하다。
0x5AA9FB	14	F85A	1	ああ、さっさとやっつけないと	아아、빨리 해치우지 않으면
0x5AA9E0	16	F85A	1	うわー、巨大な虫でやんす！	우와、거대한 벌레입죠！
0x5AA9BD	10	F85A	1	ま、しょうがねえな。	뭐、어쩔 수 없군。
0x5AA972	3	F85A	1	ああ？	어？
0x5AA940	20	F85A	1	障害を全部、銃とロケット弾で	장애물을 전부、총과 로켓탄으로
0x5AA92F	9	F85A	1	よし、着いたぜ。	좋아、도착했다。
0x5AA915	9	F85A	1	（ダダダダダダ！）	（다다다다다다！）
0x5AA903	3	F85A	1	どけ。	비켜。
0x5AA8E3	21	F85A	1	こっちの花が変な花粉を出してる！	이쪽 꽃이 이상한 꽃가루를 내고 있다！
0x5AA8CB	9	F85A	1	（バンバンバン！）	（탕탕탕！）
0x5AA8B7	5	F85A	1	しゃがめ。	엎드려。
0x5AA89C	16	F85A	1	うわー、巨大な虫でやんす！	우와、거대한 벌레입죠！
0x5AA819	15	F85A	1	すまないが、今は手持ちが	미안하지만、지금은 가진 게
0x5AA7D5	14	F85A	1	イヤなら半額でもいいが、	싫으면 반값이라도 좋다만、
0x5AA7C5	11	F85A	1	それって高くないか？	그거 비싸지 않나？
0x5AA780	12	F85A	1	じゃあ、よろしく頼む。	그럼、잘 부탁한다。
0x5AA74F	15	F85A	1	（オイラ達に選ぶ権利は	（우리에게 고를 권리는
0x5AA70C	10	F85A	1	（ドスン！バタン！）	（쿵！쾅！）
0x5AA6F1	12	F85A	1	てめー、やりやがったな！	이 자식、저질렀겠다！
0x5AA6DF	10	F85A	1	いや、オレが行く。	아니、내가 간다。
0x5AA690	15	F85A	1	生物化学研究所？	생물화학연구소？
0x5AA642	25	F85A	1	生物化学研究所まで行きたいんだが、	생물화학연구소까지 가고 싶은데、
0x5AA626	17	F85A	1	で、誰に声をかけるんでやんす？	그래서、누구에게 말을 겁죠？
0x5AA5D9	14	F85A	1	さっきの人の話によると、	아까 그 사람 얘기에 따르면、
0x5AA59B	9	F85A	1	そりゃあ、アンタ。	그야、당신。
0x5AA54D	5	F85A	1	うるせえ！	시끄러！
0x5AA52C	11	F85A	1	そんなこと言ってて、	그런 말 해놓고、
0x5AA4E4	22	F85A	1	勝った奴に最下位が何か渡すのは	이긴 놈에게 꼴찌가 뭔가 건네는 건
0x5AA4B2	5	F85A	1	クッソ～、	젠자앙～、
0x5AA469	6	F85A	1	チクショー、	젠장、
0x5AA457	13	F85A	1	これで、俺の勝ちだな。	이걸로、내 승리군。
0x5AA427	19	F85A	1	（楽しい時間を過ごしました。）	（즐거운 시간을 보냈습니다。）
0x5AA3AD	10	F85A	1	まあ、そう言うな。	뭐、그러지 마라。
0x5AA369	7	F85A	1	しょうがない。	어쩔 수 없다。
0x5AA339	20	F85A	1	（宇宙船の中でケンカ発生！）	（우주선 안에서 싸움 발생！）
0x5AA2A3	4	F85A	1	なにぃ？	뭐어？
0x5AA1F9	12	F85A	1	なんだか、みんなバラバラ	뭔가、다들 제각각
0x5AA17C	13	F85A	1	俺の知ってるポーカーは	내가 아는 포커는
0x5AA10A	11	F85A	1	たぶん、そういうことで	아마、그런 걸로
0x5A9FF2	7	F85A	1	違う違う！	아니아니！
0x5A9F4B	18	F85A	1	親決めはカードを使わないのか？	딜러 정하기는 카드를 안 쓰나？
0x5A9E37	15	F85A	1	じゃあ、まず５枚ずつカードを	그럼、우선 ５장씩 카드를
0x5A9DF8	7	F85A	1	ははは、さすが	하하하、역시
0x5A9D4B	19	F85A	1	一回勝負じゃないんでやんすか？	한 판 승부가 아닙죠？
0x5A9D31	18	F85A	1	チップはこのコインで代用しよう。	칩은 이 코인으로 대신하자。
0x5A9D0F	10	F85A	1	オイラもでやんすか？	나도 말입죠？
0x5A9C6C	9	F85A	1	おい、ヒマつぶしに	어이、심심풀이로
0x5A9C08	3	F85A	1	ヘイ！	헤이！
0x5A9B76	20	F85A	1	その名前で登録されてるでやんす。	그 이름으로 등록돼 있습죠。
0x5A9AE3	15	F85A	1	さすがは評議会議長！	역시 평의회 의장！
0x5A9A8A	19	F85A	1	おい、宇宙港にプレゼントがある！	어이、우주항에 선물이 있다！
0x5A992B	10	F85A	1	ああ、そうだろうな。	아아、그렇겠지。
0x5A9904	16	F85A	1	私は、あの恥ずかしいデータを	나는、그 부끄러운 데이터를
0x5A98F3	9	F85A	1	ああ、そうかもな。	아아、그럴지도。
0x5A98C5	14	F85A	1	別に助けてくれなくても、	딱히 도와주지 않아도、
0x5A9881	19	F85A	1	ええい、とんだ時間の無駄です。	에잇、엄청난 시간 낭비입니다。
0x5A9835	17	F85A	1	さて、全部片付きましたから	자、전부 정리됐으니
0x5A97FF	4	F85A	1	ああっ、	아앗、
0x5A97E5	15	F85A	1	フン、とんだ茶番でしたね。	흥、어이없는 촌극이었네요。
0x5A979F	12	F85A	1	それはこっちのセリフだ。	그건 이쪽 대사다。
0x5A9779	12	F85A	1	おや、またあなたですか？	이런、또 당신인가요？
0x5A973F	15	F85A	1	な、なんですか、あなた方は？	뭐、뭔가요、당신들은？
0x5A9714	6	F85A	1	そこまでだ、	거기까지다、
0x5A96EE	15	F85A	1	くそっ、とんだ無駄骨を！	젠장、쓸데없는 헛수고를！
0x5A9686	17	F85A	1	この星の指導者だった男は	이 별의 지도자였던 남자는
0x5A9665	4	F85A	1	バカな！	말도 안 돼！
0x5A9621	5	F85A	1	いいや、「	아니、「
0x5A955C	19	F85A	1	あんた、完全に勘違いしてるよ！	당신、완전히 착각하고 있어！
0x5A9546	11	F85A	1	なにがおかしいのです？	뭐가 우스운가요？
0x5A9499	17	F85A	1	少しでも動いたら殺しますよ。	조금이라도 움직이면 죽입니다。
0x5A9446	19	F85A	1	大丈夫だ、わざわざ盾になるほど	괜찮다、일부러 방패가 될 정도로
0x5A9432	13	F85A	1	（ヒュウ、間一髪。）	（휴、간발의 차。）
0x5A9391	18	F85A	1	やめろ、そのデータに手を出すな！	그만둬라、그 데이터에 손대지 마！
0x5A929A	27	F85A	1	大勢の人間が幸福な生活を送るためには	많은 인간이 행복한 생활을 하기 위해서는
0x5A9174	18	F85A	1	この３０年間、内戦はあっても	이 ３０년간、내전은 있어도
0x5A9152	12	F85A	1	なにわけのわからないこと	무슨 영문 모를 소리를
0x5A907A	20	F85A	1	この宇宙を救いに来たのでやんす。	이 우주를 구하러 왔습죠。
0x5A8FE5	16	F85A	1	ああ、距離的なものではなく	아아、거리적인 게 아니라
0x5A8FB7	8	F85A	1	別の宇宙？	다른 우주？
0x5A8F6A	19	F85A	1	じゃあ、一番悪いヤツでやんすね！	그럼、가장 나쁜 녀석입죠！
0x5A8F3A	9	F85A	1	そして、今回の	그리고、이번
0x5A8EC6	7	F85A	1	はじめまして、	처음 뵙겠습니다、
0x5A8EB4	9	F85A	1	アンタがキャプテン	당신이 선장
0x5A8E97	18	F85A	1	強そうな巨大ロボットでやんす！	강해 보이는 거대 로봇입죠！
0x5A8E4A	17	F85A	1	（そう、うまくいくでやんすかね！）	（그렇게 잘될 것 같습죠！）
0x5A8DF8	10	F85A	1	オイラたち、いったい	우리、대체
0x5A8D6E	10	F85A	1	ええい、あのバカとは	에잇、그 바보와는
0x5A8CC9	22	F85A	1	こちらの迎撃システムが復活する前に	이쪽 요격 시스템이 부활하기 전에
0x5A8C98	11	F85A	1	よし、奥へ進むぞ。	좋아、안쪽으로 진행한다。
0x5A8C7E	15	F85A	1	ええっ、そうだったでやんすか？	에엣、그랬습죠？
0x5A8C40	18	F85A	1	無敵弾の衝撃で停止した	무적탄의 충격으로 정지한
0x5A8C2F	9	F85A	1	なにが、でやんす？	뭐가 말입죠？
0x5A8AC8	13	F85A	1	死ぬのはイヤでやんすー！	죽는 건 싫습죠～！
0x5A8ABC	7	F85A	1	うわあああ！！	우와아아아！！
0x5A8A25	20	F85A	1	楽しい時間はすぐに終わりますね。	즐거운 시간은 금방 끝나네요。
0x5A8A0C	14	F85A	1	姫様、ご無事ですか！	공주님、무사하십니까！
0x5A89DE	15	F85A	1	うふふ、私もそうなんですよ。	우후후、저도 그렇답니다。
0x5A88AE	13	F85A	1	私、女王になるなんて	나、여왕이 된다니
0x5A8889	11	F85A	1	でも、思っていたより	그래도、생각보다
0x5A884F	17	F85A	1	私には個人的な行動など	나에게는 개인적인 행동 따위
0x5A8758	11	F85A	1	うふふ、ごめんなさい。	우후후、미안해요。
0x5A86CE	13	F85A	1	まったく、しょうがないな。	정말、어쩔 수 없군。
0x5A86AC	5	F85A	1	姫様！	공주님！
0x5A8658	7	F85A	1	じゃあ、ただの	그럼、그냥
0x5A8616	4	F85A	1	ミスター	미스터
0x5A8607	4	F85A	1	ミスター	미스터
0x5A85B9	3	F85A	1	あら、	어머、
0x5A855E	12	F85A	1	あのような形ではあれ、	그런 형태이긴 하지만、
0x5A8537	17	F85A	1	えっ、ワクチン４トンを寄付して	엣、백신 ４톤을 기부해
0x5A850A	11	F85A	1	少し歩きませんか？	좀 걷지 않으실래요？
0x5A84C7	5	F85A	1	あなたは、	당신은、
0x5A849B	20	F85A	1	（イメージダウンになると判断されたら	（이미지가 나빠진다고 판단되면
0x5A8443	7	F85A	1	はあ、どうも。	하아、고맙습니다。
0x5A840A	16	F85A	1	あら、私は気にしてませんよ。	어머、저는 신경 안 써요。
0x5A83E1	9	F85A	1	ああ、お姫様！	아아、공주님！
0x5A83CF	4	F85A	1	ミスター	미스터
0x5A83C2	12	F85A	1	またお会いしましたね。	또 만났네요。
0x5A83A2	14	F85A	1	（周囲のいたるところから	（주위 곳곳에서
0x5A834C	20	F85A	1	一国の元首を、「出た」だなんて	한 나라 원수를、「나왔다」라니
0x5A8317	11	F85A	1	そういうことでやんす。	그런 겁죠。
0x5A82ED	16	F85A	1	でもそれって、偶然でなければ	그래도 그건、우연이 아니라면
0x5A82C8	17	F85A	1	あんな偶然、２回あるものじゃ	그런 우연이、２번 있을 리가
0x5A81F5	14	F85A	1	（なんだか、だまされたような	（뭔가、속은 것 같은
0x5A81C9	11	F85A	1	ですから、１万ペラ。	그러니까、１만 페라。
0x5A819F	17	F85A	1	でも、ワクチンの任務のためには	그래도、백신 임무를 위해서는
0x5A80CA	4	F85A	1	うかつに	섣불리
0x5A80A2	19	F85A	1	今お渡しできるのは１万ペラです。	지금 드릴 수 있는 건 １만 페라입니다。
0x5A807A	8	F85A	1	あ、そうだっけ？	아、그랬던가？
0x5A8044	22	F85A	1	あなたの取り分は半分の５０万です。	당신 몫은 절반인 ５０만입니다。
0x5A7FA4	19	F85A	1	そんなことをすれば映像はデッチあげ	그런 짓을 하면 영상은 조작으로
0x5A7F78	20	F85A	1	やっぱり、あの映像を公にした方が	역시、그 영상을 공개하는 편이
0x5A7EDC	9	F85A	1	これからどうなる？	앞으로 어떻게 되나？
0x5A7E66	23	F85A	1	なあ、本当にあの映像素材を全部	저기、정말로 그 영상 소재를 전부
0x5A7DE5	4	F85A	1	ふふふ、	후후후、
0x5A7D8E	3	F85A	1	あら、	어머、
0x5A7D02	15	F85A	1	そ、それは、おもしろそうだな。	그、그건、재미있겠군。
0x5A7C92	3	F85A	1	なに、	뭘、
0x5A7C1B	13	F85A	1	あら、どうもご親切に。	어머、정말 친절하시네요。
0x5A7BD1	24	F85A	1	ははは、最近は治安も悪化しているから	하하하、요즘은 치안도 나빠졌으니까
0x5A7B99	21	F85A	1	わたしの調査によると、その２日後に	제 조사에 따르면、그 ２일 후에
0x5A7B65	20	F85A	1	あれは事実無根の言いがかりだ。	그건 사실무근의 트집이다。
0x5A7AF5	16	F85A	1	あら、会長はご存知ない？	어머、회장님은 모르시나요？
0x5A7AA8	16	F85A	1	ええ、肝に銘じておきますわ。	네、명심해 두겠어요。
0x5A7997	5	F85A	1	明日、	내일、
0x5A796A	5	F85A	1	それなら、	그렇다면、
0x5A78CF	15	F85A	1	それで、ワクチンの情報は？	그래서、백신 정보는？
0x5A786E	12	F85A	1	ええ、この星はもともと	네、이 별은 원래
0x5A7859	13	F85A	1	大量に発掘される？	대량으로 발굴된다？
0x5A77E5	4	F85A	1	ですね。	그렇네요。
0x5A7780	13	F85A	1	ええと、するとなんですか？	그러니까、그러면 뭔가요？
0x5A76EB	13	F85A	1	あとは合成獣ですね。	그리고 합성수네요。
0x5A764A	20	F85A	1	そんなことを言われても困りますねぇ。	그런 말을 들어도 곤란하네요。
0x5A75B2	12	F85A	1	そりゃあ、ゲリラですよ！	그야、게릴라죠！
0x5A755A	17	F85A	1	ええ、安価な労働力なので	네、값싼 노동력이라서
0x5A74C8	8	F85A	1	あたりまえです！	당연합니다！
0x5A74A3	5	F85A	1	もちろん、	물론、
0x5A73EC	22	F85A	1	もう数千万人ってとこじゃないですか？	이제 수천만 명쯤 아닐까요？
0x5A73CE	10	F85A	1	今、この星にいる	지금、이 별에 있는
0x5A7281	27	F85A	1	爆撃の影響と、その後の気候変化による	폭격의 영향과、그 뒤 기후 변화에 따른
0x5A722F	16	F85A	1	俺も本で読んだことはある。	나도 책에서 읽은 적은 있다。
0x5A7194	18	F85A	1	この星は５０年前までは、こんな	이 별은 ５０년 전까지는、이런
0x5A712D	16	F85A	1	これでよかったんでやんすかねぇ？	이걸로 됐던 겁죠？
0x5A7107	14	F85A	1	じゃあ、私はこのカニ君と	그럼、나는 이 게 군과
0x5A70E1	11	F85A	1	じゃあ、約束どおり	그럼、약속대로
0x5A7082	11	F85A	1	ともかく、こうなったら	어쨌든、이렇게 된 이상
0x5A705A	13	F85A	1	笑い事ではありません。	웃을 일이 아닙니다。
0x5A700A	18	F85A	1	というよりも、テロリストにだまされて	그보다도、테러리스트에게 속아서
0x5A6FFB	7	F85A	1	え、博士？	에、박사님？
0x5A6FCF	19	F85A	1	なかなか、面白そうなお話ですな。	제법、재미있어 보이는 얘기군요。
0x5A6F62	19	F85A	1	あいつらお金は落としていったけど、	저 녀석들 돈은 떨어뜨리고 갔지만、
0x5A6E6D	25	F85A	1	我々の崇高な目的に文句をつけるとは	우리의 숭고한 목적에 트집을 잡다니
0x5A6DA0	15	F85A	1	そんなことは関係ないカニ！	그런 건 상관없게！
0x5A6CEA	11	F85A	1	テロリストっていうのは	테러리스트라는 건
0x5A6C7E	9	F85A	1	ものども、かかれ！	다들、덤벼라！
0x5A6C6B	8	F85A	1	え、テロリスト？	에、테러리스트？
0x5A6C22	9	F85A	1	な、なんだカニ？！	뭐、뭐게？！
0x5A6C12	8	F85A	1	（そこまでだ！）	（거기까지다！）
0x5A6BF8	15	F85A	1	（こっちも節操がないぞ！）	（이쪽도 절조가 없다！）
0x5A6BDF	14	F85A	1	それなら、問題ないカニ。	그렇다면、문제없게。
0x5A6BC6	14	F85A	1	そういうことになりますかね！	그런 셈이 되겠네요！
0x5A6B54	16	F85A	1	（うわ、節操のない人だ！）	（우와、절조 없는 사람이다！）
0x5A6A11	16	F85A	1	たとえお会いしたことがなくとも	설령 뵌 적이 없더라도
0x5A69E9	14	F85A	1	私はカニは好物ですが、	나는 게를 좋아합니다만、
0x5A69C8	15	F85A	1	あれ、博士のお知り合い	어라、박사님 지인
0x5A698A	17	F85A	1	おお、博士をつれてきたカニか。	오오、박사를 데려왔게。
0x5A6843	20	F85A	1	失業者になっても、最初のうちは	실업자가 되어도、처음에는
0x5A6825	19	F85A	1	武装って、武器はどうするんだ？	무장이라니、무기는 어떻게 하나？
0x5A67A2	17	F85A	1	ああ、死ぬまで失業者だよ。	아아、죽을 때까지 실업자야。
0x5A6732	15	F85A	1	ああ、俺から説明するよ。	아아、내가 설명하지。
0x5A670A	13	F85A	1	それでは、お気をつけて。	그럼、조심하세요。
0x5A66BB	14	F85A	1	ですから、失業者たちは	그래서、실업자들은
0x5A66AA	9	F85A	1	ああ、そうだけど。	아아、그렇긴 한데。
0x5A6656	11	F85A	1	はい、そのとおりです。	네、그렇습니다。
0x5A6631	26	F85A	1	この星に住んでる限り、不法入居者か！	이 별에 사는 한、불법 입주자인가！
0x5A65EA	17	F85A	1	はい、死ぬまで失業者です。	네、죽을 때까지 실업자입니다。
0x5A656D	11	F85A	1	あ、異星の方には	아、다른 별에서 오신 분에게는
0x5A6539	4	F85A	1	いいえ？	아뇨？
0x5A64FB	13	F85A	1	汚染事故だって？！	오염 사고라고？！
0x5A6436	19	F85A	1	現状のシステムは、社会にとって	현행 시스템은、사회에
0x5A6424	7	F85A	1	そう、それだ！	그래、그거다！
0x5A6366	14	F85A	1	税金を取りすぎることが	세금을 너무 걷는 것이
0x5A634D	14	F85A	1	収入が関係あるのか？	수입이 관계있나？
0x5A6311	19	F85A	1	このあたりは収入の低い人たちの	이 근처는 수입이 낮은 사람들의
0x5A62F5	17	F85A	1	警察は取り締まらないのか？	경찰은 단속하지 않나？
0x5A62A1	25	F85A	1	マヌケな連中を襲って、身分証明証や	얼빠진 녀석들을 덮쳐서、신분증이나
0x5A628B	11	F85A	1	だから、なんのために？	그러니까、무엇을 위해？
0x5A6254	14	F85A	1	あら、失業者になっても	어머、실업자가 되어도
0x5A6217	15	F85A	1	ええと、どうして失業者が	그러니까、어째서 실업자가
0x5A61EC	7	F85A	1	失業者？	실업자？
0x5A61B3	9	F85A	1	お待ちください！	기다려 주세요！
0x5A6190	17	F85A	1	さて、あっちの方も見てみるか。	자、저쪽도 봐 볼까。
0x5A60B7	7	F85A	1	なんだこれは？	이건 뭐냐？
0x5A603D	4	F85A	1	さあね。	글쎄。
0x5A6022	19	F85A	1	そこなら爆撃は大丈夫なのか？	거기라면 폭격은 괜찮은가？
0x5A5FEC	12	F85A	1	反乱を起こしていた	반란을 일으키고 있던
0x5A5F66	5	F85A	1	くそーっ！	젠장！
0x5A5F3A	15	F85A	1	船内各所から出火！	선내 각처에서 화재！
0x5A5EAE	10	F85A	1	ああ、どうでもいい。	아아、아무래도 좋다。
0x5A5E99	13	F85A	1	タコの船ではありません！	문어 배가 아닙니다！
0x5A5E46	7	F85A	1	大変です！	큰일입니다！
0x5A5DB7	19	F85A	1	空母を護衛している艦隊か。	항모를 호위하는 함대인가。
0x5A5D3F	5	F85A	1	イテテテ、	아야야야、
0x5A5C9A	6	F85A	1	それでもだ！	그래도다！
0x5A5C54	15	F85A	1	でも、無駄じゃないかしら？	그래도、헛수고 아닐까？
0x5A5C26	15	F85A	1	どこまでできるかわからないが、	어디까지 할 수 있을지 모르지만、
0x5A5B99	9	F85A	1	何を言ってる？	무슨 소리냐？
0x5A5A76	17	F85A	1	東の大陸の採掘キャンプで	동쪽 대륙의 채굴 캠프에서
0x5A5A1D	17	F85A	1	ああ、踊りの説明はいいから！	아아、무용 설명은 됐으니까！
0x5A59E7	13	F85A	1	いったい、なんの騒ぎだ？	대체、무슨 소란이냐？
0x5A59D1	14	F85A	1	たたたた、大変なんです！	크크크큰일입니다！
0x5A59B4	14	F85A	1	町が騒がしいでやんすね。	마을이 소란스럽습죠。
0x5A5955	13	F85A	1	怪力で引きちぎられた	괴력으로 뜯겨 나간
0x5A5914	9	F85A	1	大変でやんす！	큰일입죠！
0x5A58B6	16	F85A	1	うん、向こうに急用ができて	응、저쪽에 급한 일이 생겨서
0x5A58A0	14	F85A	1	あれ、もう帰ってきたのか？	어라、벌써 돌아왔나？
0x5A5839	13	F85A	1	ふふふ、そそっかしいわね。	후후후、덜렁대네。
0x5A580E	4	F85A	1	ああっ！	아앗！
0x5A57BE	17	F85A	1	お前、カード忘れていっただろ？	너、카드 두고 갔지？
0x5A57A7	6	F85A	1	はい、こちら	네、여기는
0x5A576F	6	F85A	1	うわあああ！	우와아아아！
0x5A5762	8	F85A	1	あら、電話？	어머、전화？
0x5A572A	18	F85A	1	うん、さっき聞いたから知ってる。	응、아까 들어서 알아。
0x5A5708	13	F85A	1	み、見逃してください！	노、놓아주세요！
0x5A56D4	5	F85A	1	さて、と。	자、그럼。
0x5A569D	10	F85A	1	あたしらが無傷？	우리가 멀쩡하다고？
0x5A5689	8	F85A	1	（ブチブチッ！）	（뚝뚝！）
0x5A5673	3	F85A	1	やだ。	싫어。
0x5A564D	8	F85A	1	ぎゃああああ！！	갸아아아아！！
0x5A55F5	5	F85A	1	あああ？！	아아아？！
0x5A54EA	17	F85A	1	全員、撃て！撃て！撃て！	전원、쏴라！쏴라！쏴라！
0x5A5460	6	F85A	1	ストッープ！	스토오옵！
0x5A542F	10	F85A	1	聞いてのとおりだ、	들은 대로다、
0x5A53B1	13	F85A	1	あはは、よくある話だね。	아하하、흔한 얘기네。
0x5A5373	21	F85A	1	それで、仕事から足を洗ったんだけど	그래서、일에서 손을 씻었는데
0x5A5334	13	F85A	1	俺、あれから結婚して	나、그 뒤로 결혼해서
0x5A5314	16	F85A	1	で、あたしを呼んだりなんかして	그래서、나를 부르고 그러다니
0x5A52EA	3	F85A	1	やあ！	야！
0x5A52BA	13	F85A	1	じゃ、昼には戻るから。	그럼、점심에는 돌아올 테니까。
0x5A5258	6	F85A	1	ちがうわよ。	아니야。
0x5A522F	16	F85A	1	へえ、キミの知り合いね・・・	헤에、자네 지인이라。
0x5A5212	21	F85A	1	昔の知り合いに、呼び出されてね。	옛 지인이、불러서 말이야。
0x5A5194	12	F85A	1	オホホホホ、どうかしら。	오호호호호、글쎄。
0x5A5117	19	F85A	1	もう、真面目な人ってやだなぁ。	정말、진지한 사람은 싫다니까。
0x5A5101	11	F85A	1	おい、茶化すなよ。	어이、놀리지 마。
0x5A50B6	17	F85A	1	正しいことのためには、多少の	옳은 일을 위해서는、다소의
0x5A5028	19	F85A	1	本当に、これは正しいことなのか？	정말로、이게 옳은 일인가？
0x5A500C	20	F85A	1	はいはい、暴徒鎮圧ごくろうさん。	네네、폭도 진압 수고했어。
0x5A4F66	12	F85A	1	うわ、まだ来るのか！？	우와、아직 오는 건가！？
0x5A4F2F	8	F85A	1	まだやってくる！	아직 몰려온다！
0x5A4ED0	8	F85A	1	なぁにぃい！？！	뭐어어！？！
0x5A4EAD	12	F85A	1	やることは一つでしょ！	할 일은 하나잖아！
0x5A4DC9	18	F85A	1	あーあ、せっかく昼寝をしてたのに	아～아、모처럼 낮잠 자고 있었는데
0x5A4D88	9	F85A	1	ハーイ、みなさん！	하이、여러분！
0x5A4D75	8	F85A	1	（そうだそうだ）	（옳소 옳소）
0x5A4D59	11	F85A	1	この裏切り者め！	이 배신자야！
0x5A4D46	8	F85A	1	（そうだそうだ）	（옳소 옳소）
0x5A4D33	15	F85A	1	この考えなしの暴れ屋め！	이 생각 없는 난동꾼아！
0x5A4C6C	16	F85A	1	アンタはその場にいなかったから	당신은 그 자리에 없었으니까
0x5A4C5C	8	F85A	1	ひどい話だな。	심한 얘기군。
0x5A4B9B	8	F85A	1	（そうだそうだ）	（옳소 옳소）
0x5A4B1B	8	F85A	1	（そうだそうだ）	（옳소 옳소）
0x5A4AFE	3	F85A	1	あの、	저、
0x5A4AC1	14	F85A	1	だから、時期尚早だ。	그러니까、시기상조다。
0x5A4A80	9	F85A	1	大変でやんす！	큰일입죠！
0x5A4A03	18	F85A	1	そうそう、礼金を渡しておこう。	맞다맞다、사례금을 건네 두지。
0x5A499D	19	F85A	1	いや、その前に仲間のことについて	아니、그전에 동료에 대해
0x5A4888	19	F85A	1	せっかくだから、もらっておくでやんす。	모처럼이니、받아 두는 겁죠。
0x5A4856	13	F85A	1	戦争前の遺跡か。	전쟁 전의 유적인가。
0x5A483D	17	F85A	1	昔の部品工場でやんすね。	옛날 부품 공장입죠。
0x5A4752	3	F85A	1	では、	그럼、
0x5A46BF	22	F85A	1	でも、俺の宇宙船は定員一杯で	그래도、내 우주선은 정원이 꽉 차서
0x5A4634	19	F85A	1	悪いが、これは信義の問題だ。	미안하지만、이건 신의의 문제다。
0x5A456B	13	F85A	1	お前の言っていることは	네가 하는 말은
0x5A44D1	11	F85A	1	この星にいる限り、	이 별에 있는 한、
0x5A4478	16	F85A	1	それで、私をどうするつもりだ。	그래서、나를 어쩔 셈이냐。
0x5A4459	20	F85A	1	女王モグラ討伐成功でやんす！	여왕 두더지 토벌 성공입죠！
0x5A4415	12	F85A	1	くそっ、みんな行くぞ！	젠장、다들 간다！
0x5A43B1	11	F85A	1	（ギャオオオオオウ！）	（갸오오오오오우！）
0x5A4379	13	F85A	1	いや、俺たちの目的は	아니、우리 목적은
0x5A4351	4	F85A	1	くそっ、	젠장、
0x5A4285	14	F85A	1	先輩の仇を取るのにも	선배의 원수를 갚는 데도
0x5A425D	18	F85A	1	でも、とりあえずオイラたちの役には	그래도、일단 우리에게 도움은
0x5A4238	13	F85A	1	そんなものまでできるのか！	그런 것까지 되는 건가！
0x5A4194	24	F85A	1	画家には近い能力の持ち主は多いが	화가 중엔 비슷한 능력 소유자가 많지만
0x5A412B	25	F85A	1	写真記憶の持ち主なら、普通そうさ。	사진 기억의 소유자라면、보통 그렇지。
0x5A4112	14	F85A	1	でも、忘れっぽいんですよ？	그래도、잘 잊어버리는데요？
0x5A40CC	20	F85A	1	「先輩」が君を連れ歩くわけだ。	「선배」가 자네를 데리고 다닐 만하군。
0x5A40BC	8	F85A	1	なんです、それ？	그건 뭔가요？
0x5A4082	22	F85A	1	しかし、宇宙船の特徴は完璧だ。	하지만、우주선 특징은 완벽하다。
0x5A404D	5	F85A	1	どうです！	어떻습니까！
0x5A400A	16	F85A	1	（宇宙船の数を聞こうと	（우주선 수를 물으려고
0x5A3FC0	3	F85A	1	ペン？	펜？
0x5A3F9F	9	F85A	1	あ、ゲームですね！	아、게임이군요！
0x5A3F54	21	F85A	1	今一瞬見せた写真、覚えてる？	방금 순간 보여준 사진、기억나？
0x5A3F14	10	F85A	1	それじゃ、こっちか。	그럼、이쪽인가。
0x5A3EE7	4	F85A	1	いいえ？	아뇨？
0x5A3EAF	5	F85A	1	まてまて、	기다려 기다려、
0x5A3E93	17	F85A	1	碁石は、コマじゃないでやんす！	바둑돌은、말이 아닙죠！
0x5A3E5E	8	F85A	1	チラッと見た？	힐끗 봤어？
0x5A3DFE	11	F85A	1	そんなのウソでやんす！	그건 거짓말입죠！
0x5A3DD8	4	F85A	1	げげっ！	으윽！
0x5A3DA2	8	F85A	1	く、くっそぉ～！	제、젠장～！
0x5A3D3A	13	F85A	1	そんなことないでやんすよ？	그렇지 않습죠？
0x5A3D04	15	F85A	1	おいおい、冗談じゃないぞ。	어이어이、농담이 아니다。
0x5A3C8E	9	F85A	1	ああ、すみません！	아아、죄송합니다！
0x5A3C79	10	F85A	1	な、なにをするんだ！	무、무슨 짓이냐！
0x5A3C20	13	F85A	1	これで宇宙囲碁は、	이걸로 우주 바둑은、
0x5A3BA4	19	F85A	1	単純にこれまで通りってことだろ？	단순히 지금까지대로란 거지？
0x5A3AF3	21	F85A	1	この宇宙に１人きりの種族だから、	이 우주에 혼자뿐인 종족이니까、
0x5A3A5B	11	F85A	1	じゃあ、逆にどうして	그럼、반대로 어째서
0x5A3979	15	F85A	1	自分もそう思いますけど、	저도 그렇게 생각합니다만、
0x5A38D4	21	F85A	1	「生命」の定義から解釈すれば、	「생명」의 정의로 해석하면、
0x5A38A0	14	F85A	1	子供が産めるとしても？	아이를 낳을 수 있다 해도？
0x5A385A	21	F85A	1	でも、それって部品交換の必要が	그래도、그건 부품 교환이 필요
0x5A37EB	19	F85A	1	もちろん、全身の部品はコテツの	물론、온몸의 부품은 코테츠의
0x5A37D8	8	F85A	1	そうか、それで！	그런가、그래서！
0x5A3708	20	F85A	1	彼女は戦闘用に作られたんじゃ	그녀는 전투용으로 만들어진 게
0x5A36EC	17	F85A	1	いや、その例はよく判らないよ。	아니、그 예는 잘 모르겠어。
0x5A365D	22	F85A	1	前に、自分は彼女の体温について	전에、저는 그녀의 체온에 대해
0x5A3534	8	F85A	1	あ、そういえば。	아、그러고 보니。
0x5A34DF	12	F85A	1	ああ、いつも助かるよ。	아아、늘 고맙다。
0x5A3464	20	F85A	1	足の関節の調子が、昨日から	다리 관절 상태가、어제부터
0x5A33BB	8	F85A	1	そうなんですよ！	그렇습니다！
0x5A32FA	18	F85A	1	そりゃあ、合理的だからですよ。	그야、합리적이니까요。
0x5A32DC	9	F85A	1	君も機械に？	자네도 기계로？
0x5A3283	14	F85A	1	それじゃあ、半年前から	그럼、반년 전부터
0x5A325F	22	F85A	1	（白衣だから見るからに博士だぞ。）	（흰 가운이라 딱 봐도 박사다。）
0x5A3218	5	F85A	1	自分は	저는
0x5A314A	10	F85A	1	こ、こんちくしょう。	이、이 자식。
0x5A310F	22	F85A	1	よーし、これでお前は機械の身体だ。	좋아、이걸로 너는 기계 몸이다。
0x5A30C9	12	F85A	1	うるせーっ、こうなったら	시끄러、이렇게 된 이상
0x5A305F	22	F85A	1	誠意はきちんと形で見せて欲しいね！	성의는 제대로 형태로 보여 줬으면 하는데！
0x5A304E	9	F85A	1	ああ、悪かった。	아아、미안했다。
0x5A3021	7	F85A	1	おうおうおう！	어이어이어이！
0x5A2FB2	17	F85A	1	カルト宗教というか、ものすごく	사이비 종교랄까、엄청나게
0x5A2EF6	19	F85A	1	機械の身体になれば、この世の	기계 몸이 되면、이 세상의
0x5A2EC4	15	F85A	1	あ、異星からの方ですね。	아、다른 별에서 오신 분이군요。
0x5A2E2C	16	F85A	1	言っておくが、ウソの記事は	말해 두는데、거짓 기사는
0x5A2D4D	17	F85A	1	なあ、俺もあんたについていかせて	저기、나도 당신을 따라가게 해
0x5A2D39	12	F85A	1	そうであって欲しいな。	그랬으면 좋겠군。
0x5A2C78	18	F85A	1	それで、俺への取材を勝手に	그래서、나에 대한 취재를 멋대로
0x5A2B80	19	F85A	1	そんなもん、もう絶滅しちまったよ！	그런 건、벌써 멸종했다고！
0x5A2B54	21	F85A	1	圧力に屈せず報道するような局や	압력에 굴하지 않고 보도하는 방송사나
0x5A2A70	11	F85A	1	いいや、とんでもない！	아니、당치도 않아！
0x5A29EE	6	F85A	1	そらそうよ。	그야 그렇지。
0x5A2995	7	F85A	1	ああ、そうか。	아아、그런가。
0x5A2954	14	F85A	1	前にお前と会ってから、	전에 너와 만난 뒤로、
0x5A2926	4	F85A	1	だめだ！	안 된다！
0x5A28E7	12	F85A	1	やあやあ、こんにちわ～。	안녕안녕、반가워요～。
0x5A28A3	19	F85A	1	あ、近くの宇宙船から通信が	아、근처 우주선에서 통신이
0x5A2800	15	F85A	1	やれやれ、話にならないなぁ。	이런 이런、말이 안 통하네。
0x5A2770	14	F85A	1	じゃあ、そういうことだから。	그럼、그런 거니까。
0x5A2709	8	F85A	1	うん、今でも。	응、지금도。
0x5A26FC	8	F85A	1	じゃあ、今も？	그럼、지금도？
0x5A266B	18	F85A	1	つまり、この身体では骨も肉も	즉、이 몸으로는 뼈도 살도
0x5A265F	4	F85A	1	痛み？	통증？
0x5A2509	17	F85A	1	そのときは誰にもわからなかった。	그때는 아무도 몰랐다。
0x5A23F5	15	F85A	1	どういうことか、さっぱりだよ。	무슨 소린지、전혀 모르겠어。
0x5A2395	11	F85A	1	この身体はそもそも	이 몸은 애초에
0x5A2317	19	F85A	1	言っとくけど、勘違いしないでね。	말해 두는데、오해하지 마。
0x5A22AA	8	F85A	1	大事な話？	중요한 얘기？
0x5A21E8	16	F85A	1	今後は気をつけるでやんす。	앞으로는 조심하는 겁죠。
0x5A21D9	7	F85A	1	あ、逃げた。	아、도망쳤다。
0x5A2145	12	F85A	1	とっとと帰るでやんす！	얼른 돌아가라는 겁죠！
0x5A2074	16	F85A	1	話は聞かなくていいでやんす！	얘기는 안 들어도 됩죠！
0x5A204A	18	F85A	1	いや、この人たちは外宇宙から	아니、이 사람들은 외우주에서
0x5A2017	9	F85A	1	あああ、やっぱり！	아아아、역시！
0x5A2003	9	F85A	1	うわ、三人も！	우와、셋이나！
0x5A1FE1	9	F85A	1	あ、二人目？	아、두 번째？
0x5A1FBD	12	F85A	1	なるほど、テレポートか！	과연、텔레포트인가！
0x5A1F83	8	F85A	1	あっ、消えた！	앗、사라졌다！
0x5A1E90	14	F85A	1	まさか、外宇宙からか？	설마、외우주에서 왔나？
0x5A1E3A	16	F85A	1	そういう意味で言ったのか？	그런 뜻으로 말한 건가？
0x5A1DA4	9	F85A	1	だれだ、お前は！	누구냐、너는！
0x5A1D67	3	F85A	1	よし。	좋아。
0x5A1C92	14	F85A	1	ああ、宇宙は広いなあ。	아아、우주는 넓구나。
0x5A1652	11	F85A	1	貴様は、キャプテン	네놈은、선장
0x5A1638	5	F85A	1	しまった、	큰일이다、
0x5A15F9	7	F85A	1	ああ、助けて	아아、살려
0x5A15A9	12	F85A	1	ええい、おとなしくしろ！	에잇、얌전히 있어라！
0x5A158F	6	F85A	1	そこの方！	거기 분！
0x5A154A	16	F85A	1	ああ、この地下道ですわね。	아아、이 지하도네요。
0x5A1509	18	F85A	1	俺は元からこういう顔なんだよ！	나는 원래 이런 얼굴이야！
0x5A14EC	21	F85A	1	まったく、いつまで不機嫌なんですの？	정말、언제까지 기분이 안 좋으신가요？
0x5A1499	17	F85A	1	さあ、彼の死と私の投資を	자、그의 죽음과 내 투자를
0x5A1430	11	F85A	1	ば、ばか、やめるんだ！	바、바보、그만둬！
0x5A1412	16	F85A	1	喜んで、やらせていただきます！	기꺼이、하겠습니다！
0x5A138B	18	F85A	1	では、本人に聞いてみましょう。	그럼、본인에게 물어보죠。
0x5A1375	17	F85A	1	そんな作戦は許可できない！	그런 작전은 허가할 수 없다！
0x5A135B	15	F85A	1	もちろん、殉職しますわね。	물론、순직하겠죠。
0x5A133C	20	F85A	1	そうじゃなくて、君の船の船長だ！	그게 아니라、자네 배의 선장 말이다！
0x5A1300	18	F85A	1	もう敵の攻撃でボロボロですわ。	이미 적 공격으로 너덜너덜해요。
0x5A1251	17	F85A	1	岩場があって無理でやんす！	바위밭이 있어서 무리입죠！
0x5A122B	10	F85A	1	な、なんだってー！？	뭐、뭐라고～！？
0x5A11E4	10	F85A	1	ああ、だめでやんす！	아아、안 됩죠！
0x5A11C2	16	F85A	1	ああ、ここまでよくやってくれた！	아아、여기까지 잘해 줬다！
0x5A1195	21	F85A	1	私の船は４発被弾で限界です。	제 배는 ４발 피탄이 한계입니다。
0x5A1172	21	F85A	1	くっ、なんとか王宮の前まで来たぞ。	큭、그럭저럭 왕궁 앞까지 왔다。
0x5A114E	15	F85A	1	よしわかった、すぐに行こう！	좋아 알겠다、당장 가자！
0x5A10B4	19	F85A	1	私の大型船なら、あなたの船を	제 대형선이라면、당신 배를
0x5A108D	17	F85A	1	私の船を盾にいたしましょう。	제 배를 방패로 삼죠。
0x5A104B	15	F85A	1	な、なんとか切り抜けたぞ。	그、그럭저럭 넘겼다。
0x5A0FD2	18	F85A	1	あれ、群集に袋叩きにされて？	어라、군중에게 몰매를 맞고？
0x5A0FBF	14	F85A	1	あ、気がついたでやんすか？	아、정신이 드셨습죠？
0x5A0F3E	14	F85A	1	怒れる群集が、こっちに	성난 군중이、이쪽으로
0x5A0F0F	9	F85A	1	ちっ、ちがうっ！！	아、아니야！！
0x5A0EBC	4	F85A	1	なにィ！	뭐어！
0x5A0E95	18	F85A	1	街中で、姫様が異星人に	거리에서、공주님이 외계인에게
0x5A0E83	10	F85A	1	どうした、どうした？	무슨 일이냐、무슨 일이야？
0x5A0E4C	19	F85A	1	こ、このホログラム、実体がある？！	이、이 홀로그램、실체가 있다？！
0x5A0DCE	3	F85A	1	ぐに？	물컹？
0x5A0D99	18	F85A	1	ああ、この立体映像にしよう。	아아、이 입체 영상으로 하자。
0x5A0CC2	16	F85A	1	この前、王室侮辱罪で	지난번、왕실 모욕죄로
0x5A0CAE	9	F85A	1	なんでやんすと！？	뭐라굽죠！？
0x5A0C86	21	F85A	1	これには監視機能がついているんじゃ	여기엔 감시 기능이 달려 있는 게
0x5A0C6E	13	F85A	1	うっとおしいでやんすよね。	성가십죠。
0x5A0C43	9	F85A	1	この街中にある	이 시내에 있는
0x5A0BC5	10	F85A	1	まったく、あの方も	정말、그분도
0x5A0BA6	20	F85A	1	ご自分で無効にされたご様子。	직접 무효화하신 모양입니다。
0x5A0B8C	21	F85A	1	インプラントによる現在地測定は？	임플란트에 의한 현재 위치 측정은？
0x5A0B46	11	F85A	1	姫の現在地は？	공주의 현재 위치는？
0x5A0ABF	22	F85A	1	お忍びで街に遊びに行かれたようです。	몰래 거리로 놀러 가신 모양입니다。
0x5A0AAA	13	F85A	1	姫様は、今どちらに？	공주님은、지금 어디에？
0x5A0A66	11	F85A	1	そういうことになるな。	그렇게 되는군。
0x5A09DD	20	F85A	1	これ、２枚のお札の番号のところを	이거、２장의 지폐 번호 부분을
0x5A09CA	11	F85A	1	どういうことでやんす？	무슨 일입죠？
0x5A0968	9	F85A	1	うわあ、今度は	우와아、이번엔
0x5A092C	9	F85A	1	わかったわかった。	알겠어 알겠어。
0x5A08FF	16	F85A	1	じょ、冗談じゃないでやんす！	노、농담이 아닙죠！
0x5A08C8	18	F85A	1	ときどき魔法は失敗するのね。	가끔 마법은 실패하지。
0x5A0867	10	F85A	1	すぐにやれでやんす！	당장 하라는 겁죠！
0x5A083E	4	F85A	1	イイよ。	좋아。
0x5A07E7	19	F85A	1	じゃあ、オイラのために使うでやんす！	그럼、나를 위해 쓰라는 겁죠！
0x5A07C0	16	F85A	1	いや、魔法は自分のために	아니、마법은 자신을 위해
0x5A0786	10	F85A	1	す、すごいでやんす！	대、대단합죠！
0x5A0729	4	F85A	1	ああっ！	아앗！
0x5A0708	16	F85A	1	それどころか、シワのつき方まで	그뿐 아니라、주름 잡힌 모양까지
0x5A06B6	19	F85A	1	なるほど、片方は偽物なんだな。	과연、한쪽은 가짜군。
0x5A0675	10	F85A	1	もうかったでやんす！	벌었습죠！
0x5A063D	12	F85A	1	では、２枚ともドウゾ。	그럼、２장 다 가져가。
0x5A0628	13	F85A	1	ほほう、すごいでやんすね。	호오、대단합죠。
0x5A05E8	11	F85A	1	ハイハイ、わかったよ。	네네、알겠어。
0x5A05BB	16	F85A	1	じゃあ、１００ペラ札でやんす。	그럼、１００페라 지폐입죠。
0x5A0567	20	F85A	1	じゃあ、アンタのお札を２倍にするよ。	그럼、당신 지폐를 ２배로 해주지。
0x5A052B	11	F85A	1	おお、なかなかやるな。	오오、제법이군。
0x5A04FD	11	F85A	1	このタマゴよく見る。	이 알 잘 봐。
0x5A04E7	11	F85A	1	へえ、やってみてくれ。	헤에、해 봐라。
0x5A04C0	10	F85A	1	チョト、そこの人。	잠깐、거기 사람。
0x5A0475	25	F85A	1	とにかく、女王モグラ討伐成功でやんす！	어쨌든、여왕 두더지 토벌 성공입죠！
0x5A0449	5	F85A	1	どうやら、	아무래도、
0x5A0417	16	F85A	1	な、なんとか勝ったでやんすね。	그、그럭저럭 이겼습죠。
0x5A03C2	15	F85A	1	狙撃のことは気にするな！	저격은 신경 쓰지 마라！
0x5A035B	15	F85A	1	うぉー、シャッターチャーンス！	우오、셔터 찬스！
0x5A0324	16	F85A	1	間違いなく女王モグラだ！	틀림없이 여왕 두더지다！
0x5A0306	6	F85A	1	で、でかっ！	크、크다！
0x5A024D	23	F85A	1	まあ待て、監視衛星に接続してる。	자 기다려、감시위성에 접속하고 있다。
0x5A0238	16	F85A	1	オイ、このままだと全滅だぞ！	어이、이대로면 전멸이다！
0x5A0220	7	F85A	1	ああ、スマン。	아아、미안。
0x5A01EE	4	F85A	1	どうだ？	어떠냐？
0x5A01C3	10	F85A	1	（バスン、バスン！）	（퍼억、퍼억！）
0x5A01A4	12	F85A	1	バカ、頭を上げるな！	바보、고개 들지 마！
0x5A010A	16	F85A	1	ど、どこから撃ってるんだよ？！	어、어디서 쏘는 거야？！
0x5A00FB	7	F85A	1	（ドサドサッ）	（털썩털썩）
0x5A00E0	8	F85A	1	（バスバスッ！）	（퍽퍽！）
0x5A00BD	16	F85A	1	狙撃だ、周囲を警戒！	저격이다、주위를 경계！
0x5A00A3	15	F85A	1	うわっ、中尉が一発で！	우왓、중위가 한 방에！
0x5A008F	5	F85A	1	（ドサッ）	（털썩）
0x59FFF3	20	F85A	1	ふふふ、この星では風が強いからな。	후후후、이 별은 바람이 세니까。
0x59FFD0	11	F85A	1	みなさん、すごい銃を	여러분、대단한 총을
0x59FF92	18	F85A	1	ふふふ、こっちも化物退治だ。	후후후、이쪽도 괴물 퇴치다。
0x59FF1B	9	F85A	1	おい、お前たち！	어이、너희들！
0x59FF02	14	F85A	1	まあ、そういう星だからな。	뭐、그런 별이니까。
0x59FE88	20	F85A	1	しかし、肝心の大統領閣下が	하지만、정작 대통령 각하가
0x59FE73	13	F85A	1	奴をなんとかしなくては。	그 녀석을 어떻게든 해야 한다。
0x59FCE0	14	F85A	1	まったく、なにが名案だ。	정말、뭐가 명안이냐。
0x59FC49	6	F85A	1	もしヤツらが	만약 그 녀석들이
0x59FC0F	24	F85A	1	（生命維持システムを他国に渡す？！	（생명 유지 시스템을 타국에 넘긴다？！
0x59FB92	12	F85A	1	要求と言いますと？	요구라 하시면？
0x59FB22	19	F85A	1	我々の要求を受け入れれば、	우리 요구를 받아들이면、
0x59FAA8	6	F85A	1	これはこれは	이거 이거
0x59FA42	13	F85A	1	それでは、すぐに連中を	그럼、당장 그 녀석들을
0x59FA0C	14	F85A	1	しかし医薬品を禁じる	하지만 의약품을 금하는
0x59F9A6	11	F85A	1	大統領閣下！	대통령 각하！
0x59F927	9	F85A	1	（連邦首都	（연방 수도
0x59F880	17	F85A	1	なあ、さっきはそう言ってたけど。	저기、아까는 그렇게 말했지만。
0x59F7FE	10	F85A	1	おい、しっかりしろ！	어이、정신 차려！
0x59F72E	12	F85A	1	正確には暴走した	정확히는 폭주한
0x59F6FE	14	F85A	1	（ぐぇええおぅおおおおっ！）	（끄에에에오오오오옷！）
0x59F6C5	9	F85A	1	馬鹿なことを！	바보 같은 짓을！
0x59F659	12	F85A	1	おい、どういうことだ？！	어이、무슨 소리냐？！
0x59F61E	7	F85A	1	じ、地獄で	지、지옥에서
0x59F552	13	F85A	1	おやおや、残念ですね。	이런 이런、아쉽네요。
0x59F53A	9	F85A	1	（バンバンバン！）	（탕탕탕！）
0x59F529	4	F85A	1	こいつ！	이 녀석！
0x59F50A	20	F85A	1	それだと、面白くないじゃないですか。	그러면、재미없잖아요。
0x59F3C7	14	F85A	1	どうとでもお好きなように。	뭐라 하시든 마음대로。
0x59F38F	20	F85A	1	またしても長官みずからご出勤か？	또다시 장관이 직접 출근인가？
0x59F36E	8	F85A	1	やあ、キャプテン	여어、선장
0x59F32E	7	F85A	1	それじゃあね！	그럼 안녕！
0x59F2D5	5	F85A	1	相手は	상대는
0x59F2BF	11	F85A	1	わかっていたら、なぜ？	알고 있었다면、어째서？
0x59F28F	17	F85A	1	あはっ、全力で敵を殴ったら	아핫、전력으로 적을 때렸더니
0x59F1EE	4	F85A	1	この前	지난번
0x59F1DF	10	F85A	1	何をしていたんだ？	뭘 하고 있었나？
0x59F1CD	13	F85A	1	さあて、調整完了！	자、조정 완료！
0x59F1A7	8	F85A	1	おかしな人ね？	이상한 사람이네？
0x59F152	13	F85A	1	あっちは大手だからね。	저쪽은 대기업이니까。
0x59F0EA	14	F85A	1	だからさ、今の宇宙だと	그러니까 말이야、지금 우주에서는
0x59F072	8	F85A	1	水の惑星、	물의 행성、
0x59EFFC	19	F85A	1	だめだめ、どんなに上手にひいたって	안 돼 안 돼、아무리 잘 켜도
0x59EF4A	9	F85A	1	そう、イヌよイヌ。	그래、개야 개。
0x59EF3F	3	F85A	1	イヌ？	개？
0x59EF24	19	F85A	1	イヌにかまれた傷が悪化したのよ。	개에게 물린 상처가 악화됐어。
0x59EEB0	18	F85A	1	開発実験に協力したのよ。	개발 실험에 협력했어。
0x59EE5D	17	F85A	1	そりゃあ、普通の義手よりも	그야、평범한 의수보다는
0x59EDFA	9	F85A	1	あら、なにかしら？	어머、뭘까？
0x59ED4C	24	F85A	1	彼女は、自分の力を過信しています。	그녀는、자기 힘을 과신하고 있습니다。
0x59ECF8	14	F85A	1	そ、そんなことはありません！	그、그렇지 않습니다！
0x59ECA8	18	F85A	1	練習熱心なのはいいんだけど。	연습에 열심인 건 좋은데。
0x59EC89	3	F85A	1	やあ！	야！
0x59EC5E	16	F85A	1	それじゃあ、子守りよろしく。	그럼、애 보기 잘 부탁해。
0x59EC05	20	F85A	1	一生懸命な人は好きだからね。	열심인 사람은 좋아하니까。
0x59EBC0	14	F85A	1	はい、レッスン終～了～❤	네、레슨 끝～❤
0x59EAE7	15	F85A	1	いや、そんなこともないけどさ。	아니、그렇지도 않지만。
0x59EA23	16	F85A	1	あー、なんかアンタ根本的に	아、뭔가 당신 근본적으로
0x59E906	21	F85A	1	ついに会得した先輩の必殺技を	마침내 터득한 선배의 필살기를
0x59E8B8	10	F85A	1	あ～、楽しかった。	아～、즐거웠다。
0x59E880	9	F85A	1	よっしゃ、来い！	좋았어、와라！
0x59E838	14	F85A	1	先輩の仇、今日こそ	선배의 원수、오늘이야말로
0x59E780	15	F85A	1	わわっ、こっち来たでやんす！	와왓、이쪽으로 왔습죠！
0x59E72F	5	F85A	1	ウ、ウム。	으、음。
0x59E71B	12	F85A	1	長官、危険です！	장관님、위험합니다！
0x59E6BF	14	F85A	1	まったく、何がクローンだ。	정말、뭐가 클론이냐。
0x59E6A1	15	F85A	1	とんでもない怪物でやんす！	말도 안 되는 괴물입죠！
0x59E692	10	F85A	1	な、なんだあれは？！	뭐、뭐냐 저건？！
0x59E674	15	F85A	1	（ぐるるるるウォアァアア！！）	（그르르르르 우오아아아아！！）
0x59E65F	5	F85A	1	（パチン）	（딱）
0x59E628	21	F85A	1	この宇宙でもっとも強力な戦士の	이 우주에서 가장 강력한 전사의
0x59E5FF	16	F85A	1	さて、今度は本命ですよ。	자、이번엔 진짜배기입니다。
0x59E586	19	F85A	1	やはり、普通の人間のコピーじゃ	역시、평범한 인간의 복제로는
0x59E559	18	F85A	1	くそ、自分自身を倒すなんて	젠장、자기 자신을 쓰러뜨리다니
0x59E4FF	22	F85A	1	まあ、情報収集は専門ですからね。	뭐、정보 수집은 전문이니까요。
0x59E4D6	9	F85A	1	俺のクローンだ！	내 클론이다！
0x59E479	5	F85A	1	（パチン）	（딱）
0x59E43A	16	F85A	1	さて、前置きはこのくらいで。	자、서론은 이쯤에서。
0x59E40A	19	F85A	1	長官みずから始末しに来るとは	장관이 직접 처리하러 오다니
0x59E39F	19	F85A	1	ハハハ、私も有名になりましたか。	하하하、나도 유명해졌나。
0x59E322	19	F85A	1	名乗るほどの者ではありませんが、	이름을 댈 만한 자는 아닙니다만、
0x59E311	6	F85A	1	何者だ！	누구냐！
0x59E2D9	13	F85A	1	ほう、よくわかりましたね。	호오、잘도 알아채셨군요。
0x59E1C4	14	F85A	1	公の場では、そんなことは	공적인 자리에서는、그런 것은
0x59E0C1	23	F85A	1	４０００万の被害は許容できない、と。	４０００만의 피해는 허용할 수 없다、고。
0x59E05E	17	F85A	1	その上で、ご自分の人生が	그 위에、자기 인생이
0x59DEDF	10	F85A	1	惑星の封鎖、	행성 봉쇄、
0x59DDEA	22	F85A	1	惑星ごと破壊する必要はなかった、	행성째 파괴할 필요는 없었다、
0x59DD99	8	F85A	1	ええい、どうして	에잇、어째서
0x59DCD7	20	F85A	1	（まあ、結果的に暴動が起きず	（뭐、결과적으로 폭동이 안 일어나
0x59DCC5	10	F85A	1	おそろしいでやんす。	무섭습죠。
0x59DBA4	19	F85A	1	ふっ、このとおり悪者は全滅よ。	훗、보다시피 악당은 전멸이야。
0x59DB8C	9	F85A	1	うひゃあああああ！	으히야아아아아！
0x59DB71	8	F85A	1	（ばりばりばり）	（우드득우드득）
0x59DB5C	8	F85A	1	正義ビーム！	정의의 빔！
0x59DB2A	11	F85A	1	正義スラッシャー！	정의의 슬래셔！
0x59DAF4	8	F85A	1	正義パンチ！	정의의 펀치！
0x59DAC5	8	F85A	1	正義キック！	정의의 킥！
0x59DA96	10	F85A	1	チョ、チョットマテ。	자、잠깐 기다려。
0x59D9EC	4	F85A	1	とおっ！	타앗！
0x59D9BE	11	F85A	1	おおっ、なんでやんす？	오옷、뭡죠？
0x59D9A5	6	F85A	1	そこまでよ！	거기까지야！
0x59D977	9	F85A	1	こ、こうなったら、	이、이렇게 된 이상、
0x59D95D	15	F85A	1	大変なことになってきたな。	큰일이 되어 가는군。
0x59D940	5	F85A	1	うわぁ？！	우와아？！
0x59D919	7	F85A	1	スグ仕事ニ	당장 일하러
0x59D909	8	F85A	1	（ずびびびび！）	（쥐이이이잉！）
0x59D8CF	12	F85A	1	そんなこと言われても、	그런 말을 들어도、
0x59D8A6	9	F85A	1	イイカゲンニシロ！	적당히 해라！
0x59D882	12	F85A	1	くそ～、横暴だぁ～！	젠장～、횡포다～！
0x59D85C	4	F85A	1	ダメダ！	안 된다！
0x59D83E	12	F85A	1	せめて、交渉だけでも	적어도、협상만이라도
0x59D80C	9	F85A	1	オイ、オマエタチ。	이봐、너희들。
0x59D7EB	22	F85A	1	やや、先住民のデモ行進でやんすね。	이런、선주민 시위 행진입죠。
0x59D7D7	9	F85A	1	（そうだそうだ！）	（옳소 옳소！）
0x59D7A4	20	F85A	1	一日の労働時間が長すぎる！	하루 노동 시간이 너무 길다！
0x59D6EA	17	F85A	1	お前を狙撃したのは、おそらく	너를 저격한 건、아마
0x59D6BE	18	F85A	1	（この連中の感性が、いまだに	（이 사람들의 감성이、아직도
0x59D612	12	F85A	1	早く隠れろでやんす！	빨리 숨으라는 겁죠！
0x59D5F2	9	F85A	1	うぉー、撃つな！	우오、쏘지 마！
0x59D5C7	11	F85A	1	ゲリラの狙撃です！	게릴라의 저격입니다！
0x59D545	10	F85A	1	こら、そこの２人、	이봐、거기 ２명、
0x59D4DB	12	F85A	1	せっかくおぜん立てした	모처럼 판을 깔았는데
0x59D42C	11	F85A	1	へえ、そうなんですか？	헤에、그런가요？
0x59D3EE	11	F85A	1	なに、簡単ですよ。	뭘、간단해요。
0x59D2D9	20	F85A	1	いや、相場から言えば５千程度	아니、시세로 따지면 ５천 정도
0x59D2BC	11	F85A	1	１万ペラの娘です。	１만 페라짜리 딸입니다。
0x59D2A6	17	F85A	1	へえ、賢そうなお嬢さんですね。	헤에、똑똑해 보이는 아가씨네요。
0x59D156	19	F85A	1	結局、あちこちの星をまわらないと	결국、여기저기 별을 돌지 않으면
0x59D0E3	16	F85A	1	でも、４トンで１万ペラですよ？	그래도、４톤에 １만 페라예요？
0x59D016	12	F85A	1	この星の実力者の	이 별 실력자의
0x59CFEA	19	F85A	1	あいかわらず、やりたい放題ですね。	여전히、하고 싶은 대로 하시네요。
0x59CF1C	4	F85A	1	あなたが	당신이
0x59CEF3	6	F85A	1	そうかなぁ？	그런가？
0x59CEA4	22	F85A	1	だから、建物の外は有毒な大気と	그래서、건물 밖은 유독한 대기와
0x59CE81	18	F85A	1	だって、あいつら邪魔じゃないか。	왜냐면、저 녀석들 방해되잖아。
0x59CE24	4	F85A	1	ハハハ、	하하하、
0x59CD80	8	F85A	1	なんでやんすと？	뭐라굽죠？
0x59CD3D	21	F85A	1	着陸する時に星を見なかったのか。	착륙할 때 별을 안 봤나。
0x59CD0E	19	F85A	1	しっかし、この宇宙港の建物は	그런데、이 우주항 건물은
0x59CCEC	5	F85A	1	無事に	무사히
0x59CCB2	12	F85A	1	また、すぐに行こうぜ！	또、바로 가자！
0x59CC8D	14	F85A	1	ひどい目にあったでやんす。	험한 꼴 당했습죠。
0x59CC4B	17	F85A	1	いったん、町まで退却するぞ！	일단、마을까지 후퇴한다！
0x59CC19	18	F85A	1	うわあ、よく見たら道の両側に	우와아、잘 보니 길 양쪽에
0x59CBC8	15	F85A	1	すげえ、シャッターチャンスだ！	대단해、셔터 찬스다！
0x59CB98	21	F85A	1	わーっ、これは人喰い植物でやんす！	와앗、이건 식인 식물입죠！
0x59CB55	15	F85A	1	うわっ、木からヘビがいっぱい	우왓、나무에서 뱀이 잔뜩
0x59CB3F	11	F85A	1	（しゅるしゅるしゅる）	（스르륵스르륵스르륵）
0x59CAE2	12	F85A	1	行き止まりでやんす。	막다른 길입죠。
0x59CACC	14	F85A	1	たぶん、そうだと思うけど。	아마、그럴 거라고 보는데。
0x59CAB5	18	F85A	1	道、これで合ってるんでやんすか？	길、이게 맞습죠？
0x59CA56	25	F85A	1	道がある時点で前人未踏じゃないだろ！	길이 있는 시점에서 전인미답이 아니잖아！
0x59CA2D	14	F85A	1	いやあ、探検番組でも	아이고、탐험 프로그램이라도
0x59C9D0	18	F85A	1	前人未踏のこのジャングルで、	전인미답의 이 정글에서、
0x59C97D	22	F85A	1	本来、このジャングルの環境調査が	원래、이 정글의 환경 조사가
0x59C956	17	F85A	1	しかし、どうしてこんなジャングルの	하지만、어째서 이런 정글
0x59C926	14	F85A	1	そこと直接交渉して、	거기와 직접 협상해서、
0x59C905	14	F85A	1	それで、その研究所まで	그래서、그 연구소까지
0x59C8C7	15	F85A	1	たぶん、ジャングルの中にある	아마、정글 안에 있는
0x59C8AD	15	F85A	1	どこで生産してるんですか？	어디서 생산하고 있나요？
0x59C7F5	19	F85A	1	そりゃあ、個人的に使う分には	그야、개인적으로 쓰는 분량은
0x59C7C3	6	F85A	1	そうですか！	그렇습니까！
0x59C7A0	9	F85A	1	宇宙ワクチン？	우주 백신？
0x59C62D	7	F85A	1	な、なるほど。	과、과연。
0x59C4FB	14	F85A	1	なぜだ、なぜ反応しない！	어째서냐、어째서 반응하지 않나！
0x59C4E9	10	F85A	1	（カチッ！カチッ！）	（딸깍！딸깍！）
0x59C4D5	7	F85A	1	ど、どうした！	무、무슨 일이냐！
0x59C487	19	F85A	1	我々の忠実な道具になると、	우리의 충실한 도구가 된다고、
0x59C465	5	F85A	1	（カチッ）	（딸깍）
0x59C409	15	F85A	1	そのロボットは、万が一にも	그 로봇은、만에 하나라도
0x59C39E	13	F85A	1	はははは、楽しい人だ。	하하하하、재미있는 사람이군。
0x59C37E	15	F85A	1	できれば遠慮したいけどな。	가능하면 사양하고 싶다만。
0x59C2BF	7	F85A	1	あ、お前は！	아、너는！
0x59C28B	15	F85A	1	なんとか脱出できそうだな！	그럭저럭 탈출할 수 있겠군！
0x59C268	18	F85A	1	やった、宇宙港までたどりついた	해냈다、우주항까지 도착했
0x59C228	6	F85A	1	あっ、そう。	앗、그래。
0x59C210	16	F85A	1	でも、理由は言えませーん。	그래도、이유는 말 못 해요。
0x59C1E7	3	F85A	1	ヘイ！	헤이！
0x59C1C1	15	F85A	1	ま、放っておくしかないだろ。	뭐、내버려 둘 수밖에 없겠지。
0x59C17F	15	F85A	1	で、あっちはどうするでやんす？	그래서、저쪽은 어떻게 합죠？
0x59C102	23	F85A	1	これって、意図的な手抜きでやんすか？	이거、의도적으로 대충 한 겁죠？
0x59C09E	18	F85A	1	じゃあ、何のための検査なんだ？	그럼、무엇을 위한 검사냐？
0x59C01D	17	F85A	1	この星で一番偉い人だよ！	이 별에서 가장 높은 사람이야！
0x59BFF3	12	F85A	1	評議会議長？！	평의회 의장？！
0x59BFB5	13	F85A	1	おい、気安く呼ぶな！	어이、함부로 부르지 마라！
0x59BF7B	11	F85A	1	ああ、昔ちょっとな。	아아、옛날에 좀。
0x59BF18	5	F85A	1	おやおや。	이런 이런。
0x59BEAC	14	F85A	1	（へえ、気が強そうだけど	（헤에、기가 세 보이지만
0x59BE85	28	F85A	1	はい、例の全宇宙船の積荷検査の件で。	네、예의 전 우주선 적재물 검사 건으로。
0x59BE71	12	F85A	1	そこ、何をもめている。	거기、뭘 다투고 있나。
0x59BE53	13	F85A	1	そう言われましてもねぇ。	그렇게 말씀하셔도요。
0x59BDCF	9	F85A	1	そ、それは困る！	그、그건 곤란하다！
0x59BD58	28	F85A	1	ええ、宇宙港の宇宙船の積荷の検査？！	네、우주항의 우주선 적재물 검사？！
0x59BCC3	12	F85A	1	交渉相手もなく、	협상 상대도 없이、
0x59BC5C	12	F85A	1	とりあえずは停戦を。	우선은 정전을。
0x59BC4C	8	F85A	1	では、望みは？	그럼、바라는 건？
0x59BBC8	20	F85A	1	いえ、むしろ命を助けに参りました。	아뇨、오히려 목숨을 구하러 왔습니다。
0x59BB9F	17	F85A	1	フン、ワシを捕虜にしたところで	흥、나를 포로로 잡아 봐야
0x59BAE6	24	F85A	1	２つの勢力の間で戦争が起こるかどうか	２개 세력 사이에 전쟁이 일어날지 어떨지
0x59BA69	16	F85A	1	おい、そこにいるのは何者だ！	어이、거기 있는 건 누구냐！
0x59BA52	5	F85A	1	うわーっ！	우와앗！
0x59BA0C	9	F85A	1	おお、息子よ。	오오、아들아。
0x59B9B9	18	F85A	1	別の宇宙に逃げたんだろうよ。	다른 우주로 도망친 거겠지。
0x59B966	14	F85A	1	また負けちゃったでやんす～	또 지고 말았습죠～
0x59B8A8	21	F85A	1	クククククッ、正義の勝利でやんす！	크크크크큭、정의의 승리입죠！
0x59B851	13	F85A	1	ええい、うるさいでやんす！	에잇、시끄럽습죠！
0x59B705	18	F85A	1	ああ、１２７機目は相打ちだ。	아아、１２７기째는 동귀어진이다。
0x59B66D	20	F85A	1	フン、そういう興ざめなことを言うな。	흥、그런 흥 깨는 소리 하지 마라。
0x59B62C	22	F85A	1	お前さん、撃墜スコアを自慢してるが	자네、격추 스코어를 자랑하지만
0x59B592	18	F85A	1	貴様、オレを誰だと思ってる。	네놈、나를 누구라고 생각하나。
0x59B557	10	F85A	1	ああ、知ってるぞ。	아아、알고 있다。
0x59B4D2	11	F85A	1	ん、引退の話か？	응、은퇴 얘기인가？
0x59B459	22	F85A	1	オレ様のスコアはなんと１２７機撃破！	이 몸의 스코어는 무려 １２７기 격파！
0x59B329	22	F85A	1	（道理で、出歩きたがらないわけだ。）	（그러니、돌아다니기 싫어하는 거군。）
0x59B23B	13	F85A	1	わあ、こんな展開に？！	와아、이런 전개로？！
0x59B20E	3	F85A	1	むう、	으음、
0x59B1E0	9	F85A	1	ぎゃあああああ？！	갸아아아아아？！
0x59B1CD	11	F85A	1	（ばりばりばりばり！）	（우드득우드득！）
0x59B1AD	13	F85A	1	とっとと、あっち行くね！	얼른、저쪽으로 갈래！
0x59B157	22	F85A	1	さあ、君も我々の仲間にならないか？	자、자네도 우리 동료가 되지 않겠나？
0x59B126	3	F85A	1	やや！	이런！
0x59B02E	6	F85A	1	まあ待て。	자 기다려。
0x59AFD3	20	F85A	1	ＥＳＰ探知機が反応してるんだ。	ＥＳＰ탐지기가 반응하고 있다。
0x59AFAC	9	F85A	1	おい、お前たち！	어이、너희들！
0x59AF59	14	F85A	1	いや、それは、そうだけどね。	아니、그건、그렇지만。
0x59AEC9	16	F85A	1	そんなことじゃ体によくないぞ。	그래서는 몸에 안 좋다。
0x59AB94	9	F85A	1	君がパーティに？	자네가 파티에？
0x59AB31	19	F85A	1	化粧も軍隊で訓練したのか？	화장도 군대에서 훈련했나？
0x59AAD7	11	F85A	1	いや、これはありがたく	아니、이건 고맙게
0x59AA6B	8	F85A	1	当たり前だ。	당연하다。
0x59AA0C	16	F85A	1	フム、私の持っているものより	흠、내가 가진 것보다
0x59A9C8	21	F85A	1	宇宙船の在庫の中にあったんだ。	우주선 재고 안에 있었다。
0x59A8F3	13	F85A	1	ああ、そりゃ悪かったな。	아아、그거 미안했군。
0x59A88F	16	F85A	1	これからよろしくな、キャプテン！	앞으로 잘 부탁한다、선장！
0x59A820	19	F85A	1	気にするな、オレの部屋にあっても	신경 쓰지 마라、내 방에 있어도
0x59A699	20	F85A	1	そうだ、俺に協力してくれませんか？	맞다、저에게 협력해 주지 않으실래요？
0x59A681	17	F85A	1	そうだ、一緒に行きませんか？	맞다、같이 가지 않으실래요？
0x59A636	21	F85A	1	なあに、宇宙の男はどこに行ったって	뭘、우주의 사나이는 어딜 가든
0x59A5BB	18	F85A	1	さいわい、この星の近くだったから	다행히、이 별 근처였으니까
0x59A573	15	F85A	1	今は、何をしているんです？	지금은、뭘 하고 계신가요？
0x59A533	21	F85A	1	ははは、もう訓練学校はやめたんだ。	하하하、이제 훈련학교는 그만뒀다。
0x59A4F4	15	F85A	1	宇宙船訓練学校の	우주선 훈련학교의
0x59A4E2	7	F85A	1	誰でやんす？	누굽죠？
0x59A482	10	F85A	1	ふむふむ、なるほど。	흠흠、과연。
0x59A40D	12	F85A	1	ふふ、ロボットがですか？	후후、로봇이 말인가요？
0x59A3EA	8	F85A	1	ああ、神様！	아아、하느님！
0x59A3AE	8	F85A	1	おい、ドクター！	어이、박사！
0x59A395	10	F85A	1	きゃあああああっ！？	꺄아아아아앗！？
0x59A386	10	F85A	1	（ガラガラガラッ！）	（와르르르！）
0x59A358	15	F85A	1	ふふふ、そんなこと言いながら	후후후、그런 말 하면서
0x59A31F	16	F85A	1	まったく、そんな奴ほっとけよ！	정말、그런 녀석 내버려 둬！
0x59A2BE	21	F85A	1	いけね、通路があちこち崩れてやがる。	이런、통로가 여기저기 무너져 있잖아。
0x59A1F1	14	F85A	1	なんだよ、困った奴だな。	뭐야、곤란한 녀석이군。
0x59A1DD	15	F85A	1	あ、私はちょっと用事が。	아、나는 볼일이 좀。
0x59A123	16	F85A	1	いざ、それでは自爆コードを！	자、그럼 자폭 코드를！
0x59A0DF	19	F85A	1	（総員退避、総員退避！	（전원 대피、전원 대피！
0x59A0CE	12	F85A	1	は、はひー、なんふぉか。	하、하히、어떠케든。
0x59A0BF	10	F85A	1	大丈夫ですか？	괜찮으신가요？
0x59A083	17	F85A	1	あんたが事あるごとに変な薬を	당신이 사사건건 이상한 약을
0x59A058	12	F85A	1	ようやくわかりましたよ！	드디어 알겠어요！
0x599F9F	3	F85A	1	では、	그럼、
0x599F6A	19	F85A	1	あなたとわたし、今後ともよろしく。	당신과 나、앞으로도 잘 부탁해요。
0x599F54	14	F85A	1	勝手なこと言うなー！！	멋대로 말하지 마～！！
0x599F37	21	F85A	1	ハハハ、呉越同舟というやつですね！	하하하、오월동주라는 거네요！
0x599EFD	11	F85A	1	どうもこうも、こいつを	어떻고 자시고、이 녀석을
0x599EEC	9	F85A	1	どうするでやんす？	어떻게 합죠？
0x599EA3	18	F85A	1	しかし、この恩を返さないわけには	하지만、이 은혜를 갚지 않을 수는
0x599E88	7	F85A	1	と、とにかく！	어、어쨌든！
0x599DB4	24	F85A	1	わたし、宇宙に野球を伝道する仕事	나、우주에 야구를 전도하는 일
0x599D9E	14	F85A	1	どういう事情だったんだ？	무슨 사정이었나？
0x599D87	15	F85A	1	いやあ、助かりましたでーす。	아이고、살았습니다아。
0x599D01	18	F85A	1	同じく、気が進まないでやんす。	마찬가지로、내키지 않습죠。
0x599CD8	16	F85A	1	なんだか嫌な予感がするけど	어쩐지 불길한 예감이 들지만
0x599C7B	9	F85A	1	ラジャーでやんす！	라저입죠！
0x599BD3	16	F85A	1	ハーイ、こちら愛の伝道師	하이、여기는 사랑의 전도사
0x599B9B	19	F85A	1	あ、所属惑星不明の方から	아、소속 행성 불명 쪽에서
0x599B59	4	F85A	1	どっちも	어느 쪽도
0x599AC2	17	F85A	1	これ以上近づく気はないよ。	더 이상 다가갈 생각은 없어。
0x599949	11	F85A	1	あやしまれないように、	의심받지 않도록、
0x5998D1	29	F85A	1	所属不明の小型宇宙船を発見しました。	소속 불명의 소형 우주선을 발견했습니다。
0x599853	21	F85A	1	あ、重力計が反応してるでやんす。	아、중력계가 반응하고 있습죠。
0x59981F	15	F85A	1	うーん、さすがに不便だから	으음、아무래도 불편하니까
0x5997D1	19	F85A	1	情報が金になることを知ってた、	정보가 돈이 된다는 걸 알고 있었다、
0x599779	10	F85A	1	しょうがないんだよ。	어쩔 수 없어。
0x599726	20	F85A	1	惑星データは結構高かったんだ。	행성 데이터는 꽤 비쌌다。
0x5996E1	14	F85A	1	この船のマップは本当に	이 배의 지도는 정말
0x5996B9	17	F85A	1	いや、ここに星があるはずなんだが	아니、여기 별이 있을 텐데
0x5996A7	10	F85A	1	どうしたんでやんす？	무슨 일입죠？
0x5995B0	15	F85A	1	しかし、そんなロボットの話は	하지만、그런 로봇 얘기는
0x599565	4	F85A	1	つまり、	즉、
0x599552	15	F85A	1	ウーム、そうだったでやんすか。	으음、그랬습죠。
0x599519	9	F85A	1	マジでやんすか！？	진심입죠！？
0x599497	10	F85A	1	まあ、あわてないで。	자、당황하지 말고。
0x599330	16	F85A	1	オイラを殺さないでやんすよね？	나를 안 죽이는 겁죠？
0x5992C8	16	F85A	1	待て、話せばわかるでやんす！	기다려、말하면 압죠！
0x599279	3	F85A	1	こら、	이봐、
0x5991F3	3	F85A	1	こら、	이봐、
0x5990DF	13	F85A	1	しまった、見つかった？！	큰일이다、들켰나？！
0x59905F	13	F85A	1	うわっ、乱暴でやんす！	우왓、난폭합죠！
0x599003	16	F85A	1	よし、積荷を検査するぞ。	좋아、적재물을 검사한다。
0x598EFA	15	F85A	1	乗り込まれるとやっかいだ。	올라타면 성가시다。
0x598E18	15	F85A	1	ワクチンの移動を、厳しく	백신 이동을、엄격히
0x598DC4	10	F85A	1	どうするんでやんす？	어떻게 하는 겁죠？
0x598DAA	18	F85A	1	やっかいなのに、また遭遇したな。	성가신 것과、또 마주쳤군。
0x598D60	13	F85A	1	そこの船、停船しろ。	거기 배、정선하라。
0x598D0D	17	F85A	1	うーん、まあ説明は難しいね。	으음、뭐 설명은 어렵네。
0x598CB4	6	F85A	1	いや、今は	아니、지금은
0x598C56	19	F85A	1	いやあ、自分自身を倒すのって	아이고、자기 자신을 쓰러뜨리는 건
0x598BB8	19	F85A	1	もっといろいろ話もしてみたかったけど	좀 더 여러 얘기도 해보고 싶었지만
0x598BA3	10	F85A	1	おい、しっかりしろ！	어이、정신 차려！
0x598B11	19	F85A	1	ケンカしてる場合じゃないでやんす！	싸울 때가 아닙죠！
0x598AE7	11	F85A	1	変なものとは何よ！	이상한 거라니 뭐야！
0x598A9A	12	F85A	1	ウム、すぐに逃げよう！	음、당장 도망치자！
0x598A89	12	F85A	1	長官、危険です。	장관님、위험합니다。
0x598A4F	8	F85A	1	だから、あれって	그러니까、저건
0x5989F0	10	F85A	1	な、なんだこいつは？	뭐、뭐냐 이 녀석은？
0x5989D2	15	F85A	1	とんでもない怪物でやんす！	말도 안 되는 괴물입죠！
0x5989C2	15	F85A	1	ば、ばけものが出たでやんす！	괴、괴물이 나왔습죠！
0x59897E	15	F85A	1	（ぐるるるるウォアァアア！！）	（그르르르르 우오아아아아！！）
0x59891E	7	F85A	1	ははは、私は	하하하、나는
0x5988E7	10	F85A	1	ええっ、あたしの？！	에엣、내 거？！
0x5988A1	20	F85A	1	でも、探すのは大変みたいでやんす。	그래도、찾는 건 힘들 것 같습죠。
0x598887	4	F85A	1	ワクチン	백신
0x598879	11	F85A	1	どうやら、この星には	아무래도、이 별에는
0x59880E	13	F85A	1	反逆者ヲ見ツケタ！	반역자를 찾았다！
0x5987FE	5	F85A	1	（バタッ）	（털썩）
0x5987E3	8	F85A	1	うぎゃあああ！！	으갸아아아！！
0x59878E	7	F85A	1	ええっ、まさか	에엣、설마
0x598739	14	F85A	1	どうです、すばらしいでしょう	어떻습니까、훌륭하죠
0x5986EC	5	F85A	1	それなら、	그렇다면、
0x5986CA	13	F85A	1	あまり追求しないでね、	너무 캐묻지 마、
0x598655	14	F85A	1	あ、いえ、間違えました。	아、아뇨、틀렸습니다。
0x59863E	12	F85A	1	正義の味方～？！	정의의 사도～？！
0x598600	10	F85A	1	おびえの踊りです。	겁먹음의 무용입니다。
0x5985DE	15	F85A	1	あの、この話題はその辺で	저기、이 화제는 그쯤에서
0x5985AB	5	F85A	1	なるほど、	과연、
0x59853E	16	F85A	1	反逆者ダ、連レテ行ケ。	반역자다、데려가라。
0x59850E	10	F85A	1	オイ、ソコノオマエ！	이봐、거기 너！
0x5984C9	13	F85A	1	でも、あなたたちがいるのに	그래도、당신들이 있는데
0x59844C	12	F85A	1	別の星からやってきた	다른 별에서 온
0x59841B	15	F85A	1	この船から、出て行けー！	이 배에서、나가라！
0x59832F	8	F85A	1	そう、それそれ！	그래、그거 그거！
0x598301	7	F85A	1	その割には、	그런 것치고는、
0x5982AB	5	F85A	1	あのなぁ、	저기 말이야、
0x598250	21	F85A	1	俺の回答と全然違うじゃないか！	내 대답이랑 전혀 다르잖아！
0x59820B	20	F85A	1	先日の取材の放送されたやつ。	지난번 취재가 방송된 거。
0x598184	11	F85A	1	ヤイコラ大統領！	이봐 대통령！
0x59811A	11	F85A	1	ハハハ、生ぬるいね！	하하하、물러 터졌군！
0x5980A5	13	F85A	1	ああ、まったくクソったれな	아아、정말 빌어먹을
0x59806F	4	F85A	1	あなたは	당신은
0x598023	12	F85A	1	やあやあ、こんにちわ～。	안녕안녕、반가워요～。
0x597FE3	19	F85A	1	あ、近くの宇宙船から通信が	아、근처 우주선에서 통신이
0x597F3F	21	F85A	1	ところで、これって珍しい生物だよな？	그런데、이거 희귀한 생물이지？
0x597F1E	18	F85A	1	死体は後でお金にするからな！	시체는 나중에 돈으로 바꾸니까！
0x597ED3	11	F85A	1	なんとかやっつけたぞ。	그럭저럭 해치웠다。
0x597E3D	20	F85A	1	宇宙の虫は強かったでやんすー！！	우주의 벌레는 강했습죠～！！
0x597E1E	6	F85A	1	うわあああ！	우와아아아！
0x597DC7	11	F85A	1	そ、それは大変だ！	그、그건 큰일이다！
0x597D8A	16	F85A	1	やつらの食い物は、鉱物で	그 녀석들 먹이는、광물이라
0x597D16	23	F85A	1	小惑星やアステロイドの鉱物を食べて	소행성이나 운석의 광물을 먹고
0x597C40	22	F85A	1	宇宙船の速度が落ちたでやんすね。	우주선 속도가 떨어졌습죠。
0x597C0A	18	F85A	1	しかたがない、退治しに行こう。	어쩔 수 없다、퇴치하러 가자。
0x597952	11	F85A	1	ハハ、あいつらしいな。	하하、그 녀석답군。
0x59770A	14	F85A	1	ククク、楽しかったですよ。	크크크、즐거웠어요。
0x5976C8	5	F85A	1	むっか～！	욱～！
0x5976B4	6	F85A	1	オマエよりは	너보다는
0x59769F	13	F85A	1	偉そうな奴でやんすね～	잘난 척하는 녀석입죠～
0x597632	7	F85A	1	じゃ、いいよ。	그럼、좋아。
0x59761C	11	F85A	1	そのときはそのときだ。	그때는 그때다。
0x597524	11	F85A	1	わたし、とても強い。	나、아주 강해。
0x5974F7	13	F85A	1	これほどの力がありながら	이 정도 힘이 있으면서
0x5974DE	10	F85A	1	マイッタ、マイッタ。	졌다、졌어。
0x5974B4	9	F85A	1	最悪でやんす。	최악입죠。
0x597439	10	F85A	1	ア、そういうことね。	아、그런 거네。
0x5973F7	26	F85A	1	周囲にＥＳＰジャマー（超能力妨害器）	주위에 ＥＳＰ재머（초능력 방해기）
0x5973CE	9	F85A	1	ハハハ、バレたか。	하하하、들켰나。
0x59737A	26	F85A	1	意外と早く調査結果が出て驚いたよ。	의외로 빨리 조사 결과가 나와 놀랐어。
0x597315	22	F85A	1	ああ、何回か魔法を見せてもらった。	아아、몇 번 마법을 봤지。
0x5972FC	14	F85A	1	おや、どこかで会ったかね？	이런、어디서 만났던가？
0x5972BF	5	F85A	1	待った。	잠깐。
0x5972A6	14	F85A	1	あの手品オヤジでやんす！	그 마술 아저씨입죠！
0x597296	8	F85A	1	どうしたんだい？	무슨 일이야？
0x59728C	5	F85A	1	ああっ！？	아앗！？
0x597220	12	F85A	1	どうも、外部の者が	아무래도、외부인이
0x597157	19	F85A	1	まだだ、あれを突破しないとダメだ！	아직이다、저걸 돌파하지 않으면 안 된다！
0x597115	10	F85A	1	ゲリラの襲撃だ！	게릴라 습격이다！
0x597105	8	F85A	1	なんだ、なんだ？	뭐야、뭐야？
0x5970AC	5	F85A	1	あそこか。	저기인가。
0x597045	22	F85A	1	一人で任務を達成しに行ったな。	혼자서 임무를 완수하러 갔군。
0x596F6D	7	F85A	1	ダメだ、そこは	안 된다、거기는
0x596ECE	13	F85A	1	ああ、ワクチンの任務が	아아、백신 임무가
0x596E42	19	F85A	1	実は、同志から連絡があった。	실은、동지에게서 연락이 왔다。
0x596DEA	20	F85A	1	それじゃ、私はこいつの宇宙船で！	그럼、나는 이 녀석 우주선으로！
0x596D65	19	F85A	1	所詮、あたしはモンスターなのかな。	결국、나는 몬스터인 걸까。
0x596C7D	4	F85A	1	そうね、	그래、
0x596C04	16	F85A	1	あいつには、精神寄生体	그 녀석에게는、정신 기생체
0x596BB1	14	F85A	1	まあ、スキをついて身体を	뭐、빈틈을 노려 몸을
0x596B45	18	F85A	1	このコがいきなり攻撃してきてさ、	이 애가 갑자기 공격해 와서 말이야、
0x596B15	17	F85A	1	さっきみたいな悪趣味なセリフ	아까 같은 악취미한 대사
0x596B01	9	F85A	1	あ、やっぱわかる？	아、역시 알아？
0x596A9F	13	F85A	1	ふふふふ、遅かったわね。	후후후후、늦었네。
0x59695A	4	F85A	1	今のが	방금 그게
0x59692D	17	F85A	1	うおぉーっ、女王様バンザイ！	우오오옷、여왕님 만세！
0x596912	16	F85A	1	そこら中で放送されてるぞ。	여기저기서 방송되고 있다。
0x5968FF	14	F85A	1	立体映像でやんすか？	입체 영상입죠？
0x5968B6	16	F85A	1	（みなさん、おはようございます。	（여러분、안녕하십니까。
0x59689F	12	F85A	1	あっ、お待ちください！	앗、기다려 주세요！
0x596847	22	F85A	1	この星に適応して進化したのですよ。	이 별에 적응해 진화한 겁니다。
0x5967C5	19	F85A	1	わたしどもは水中でも呼吸できる	저희는 수중에서도 숨을 쉴 수 있는
0x59679C	19	F85A	1	じゃあ、この星の本来の住民は	그럼、이 별의 본래 주민은
0x5966F6	26	F85A	1	残念ながら、この惑星は人口調整のため	아쉽게도、이 행성은 인구 조정 때문에
0x5966DC	18	F85A	1	いっそ永住したいでやんすけどね。	차라리 영주하고 싶습죠。
0x5966B1	5	F85A	1	ようこそ、	어서 오세요、
0x596648	10	F85A	1	どうしたんでやんす？	무슨 일입죠？
0x596606	7	F85A	1	でも、ここには	그래도、여기에는
0x5964E3	3	F85A	1	むっ？	으음？
0x596493	9	F85A	1	（うぎゃあああ！）	（으갸아아아！）
0x596436	6	F85A	1	ヒャッホー！	히얏호！
0x59640A	17	F85A	1	な、なにを言ってるんだこの女。	뭐、무슨 소리를 하는 거냐 이 여자。
0x5963BD	20	F85A	1	すごい、パワードスーツに戦車もいる！	대단해、파워드 슈트에 전차도 있어！
0x596382	12	F85A	1	いたぞ、侵入者だ！	있다、침입자다！
0x596321	10	F85A	1	あったりまえでしょ？	당연하잖아？
0x596279	11	F85A	1	今回のは本気。	이번 건 진심。
0x5961E0	18	F85A	1	あら、ついにその身体で出撃？	어머、드디어 그 몸으로 출격？
0x59609A	10	F85A	1	そういえば、毎日	그러고 보니、매일
0x596065	9	F85A	1	あんないい子が、	그런 착한 아이가、
0x59601B	23	F85A	1	（あれは白衣でも、実験着だけどな。）	（저건 흰 가운이라도、실험복이지만。）
0x595FD5	15	F85A	1	じゃあ、医者はいないのか。	그럼、의사는 없나。
0x595F4D	20	F85A	1	どうして他に修理屋はいないんだ？	어째서 달리 수리점은 없나？
0x595EF8	9	F85A	1	医者がドクター	의사가 닥터
0x595E79	15	F85A	1	ちょっと聞きたいことがある。	좀 묻고 싶은 게 있다。
0x595E58	8	F85A	1	けっ、なんだよ。	쳇、뭐야。
0x595DFD	10	F85A	1	はい、お大事に。	네、몸조심하세요。
0x595D9E	3	F85A	1	もう。	정말。
0x595D66	13	F85A	1	キミ、自分でこのネジを	자네、직접 이 나사를
0x595D37	7	F85A	1	ん、なんだよ。	응、뭐야。
0x595C0D	13	F85A	1	しまった、見つかった？！	큰일이다、들켰나？！
0x595B4C	15	F85A	1	うわっ、なにをするんでやんす！	우왓、뭘 하는 겁죠！
0x595AED	16	F85A	1	よし、積荷を調査するぞ。	좋아、적재물을 조사한다。
0x595A58	5	F85A	1	あの船を	저 배를
0x595A25	5	F85A	1	ラジャー！	라저！
0x5959D9	24	F85A	1	勝手に船の中を調べられてたまるもんか。	멋대로 배 안을 조사당할 순 없지。
0x595908	17	F85A	1	そこの船、ただちに停船せよ！	거기 배、즉시 정선하라！
0x5958D5	18	F85A	1	（でも、何が悪かったんだろう？）	（그래도、뭐가 잘못됐던 걸까？）
0x5958BF	15	F85A	1	いや、すみません、すみません。	아니、죄송합니다、죄송합니다。
0x5958A2	14	F85A	1	まったく、最低でやんす！	정말、최악입죠！
0x59582E	8	F85A	1	えっ、俺なにか	엣、내가 뭔가
0x595815	17	F85A	1	な、なんてことを言うんでやんす！	무、무슨 소리를 하는 겁죠！
0x5957C0	14	F85A	1	ああ、いや、そうじゃなくて。	아아、아니、그게 아니라。
0x595772	9	F85A	1	運が悪かった？	운이 나빴다？
0x595587	23	F85A	1	でも、野球人形が趣味って言ったら	그래도、야구 인형이 취미라고 했더니
0x5954AA	4	F85A	1	いやあ、	아이고、
0x595455	15	F85A	1	いっそ、死んだことにしない？	차라리、죽은 걸로 하지 않을래？
0x595353	18	F85A	1	ああ、俺の作った８割方ウソの	아아、내가 만든 ８할이 거짓인
0x595298	12	F85A	1	それっていいことなのか？	그거 좋은 일인가？
0x59521F	10	F85A	1	なんだよ、いきなり！	뭐야、갑자기！
0x595213	7	F85A	1	やりましたわ！	해냈어요！
0x5951A3	20	F85A	1	この戦いの意義を理解できないと	이 싸움의 의의를 이해 못 하면
0x59518E	13	F85A	1	株式の売り買いが？	주식 매매가？
0x59514C	15	F85A	1	なあなあ、みんな戦ってるのに	저기저기、다들 싸우고 있는데
0x595057	8	F85A	1	オイラ、とっとと	나、얼른
0x594FF3	18	F85A	1	だが、重力波を展開するには	하지만、중력파를 전개하려면
0x594FA6	5	F85A	1	過去に	과거에
0x594F4A	13	F85A	1	だが、前の戦争中に	하지만、지난 전쟁 중에
0x594F20	19	F85A	1	そんなの弱点になってないでやんす。	그건 약점이 안 됩죠。
0x594E8F	11	F85A	1	むちゃくちゃでやんす！	엉망진창입죠！
0x594C5F	12	F85A	1	なんか、怒られなかった	뭔가、혼나지 않았
0x594C20	21	F85A	1	壁の内側は、誰にも見せないのか？	벽 안쪽은、아무에게도 안 보이나？
0x594BF8	13	F85A	1	答えはとても簡単だ。	답은 아주 간단하다。
0x594BA6	20	F85A	1	無駄になってるのは部屋じゃなくて	낭비되는 건 방이 아니라
0x594B7D	13	F85A	1	あいにくと、あまり多くの	공교롭게도、그리 많은
0x594B29	14	F85A	1	メガネ、お前は黙ってろ！	안경、너는 입 다물어！
0x594B0C	17	F85A	1	あやまるなら、今のうちでやんす。	사과할 거면、지금입죠。
0x594A94	15	F85A	1	うわっ、見つかったでやんす！	우왓、들켰습죠！
0x594A45	16	F85A	1	こりゃあ、全然ダメでやんす。	이건、전혀 안 되겠습죠。
0x5949FB	22	F85A	1	なんだ「弁証法的環境論」って？	뭐냐 「변증법적 환경론」이라니？
0x5949BF	16	F85A	1	ほほう、それはチェックでやんす！	호오、그건 체크입죠！
0x5948EB	20	F85A	1	お前なぁ、さすがに女性の部屋に	너 말이야、아무리 그래도 여성 방에
0x594880	16	F85A	1	（冗談じゃないんだけどな。）	（농담이 아닌데 말이지。）
0x5947F0	7	F85A	1	じゃあ、そんな	그럼、그런
0x594769	21	F85A	1	キャプテンが戦ってる兵隊のほとんどは	선장이 싸우고 있는 병사 대부분은
0x594549	9	F85A	1	え、そうなのか？！	에、그런가？！
0x5944DB	14	F85A	1	しかし、この前の連中は	하지만、지난번 그 녀석들은
0x59445D	17	F85A	1	まあ、なるべく急いで欲しいな。	뭐、되도록 서둘러 줬으면 하는군。
0x59436D	19	F85A	1	そんなに不思議な話じゃないさ。	그렇게 이상한 얘기는 아니야。
0x59434F	3	F85A	1	ハァ？	하아？
0x594302	18	F85A	1	それが微妙な問題があってね。	그게 미묘한 문제가 있어서 말이야。
0x5941CD	12	F85A	1	どうも、助かりました。	정말、도움이 됐습니다。
0x5941AE	14	F85A	1	これは失礼いたしました！	이거 실례했습니다！
0x594190	19	F85A	1	なあに、ただの取引相手だがね。	뭘、그저 거래 상대일 뿐이지만。
0x594148	9	F85A	1	やあ、キャプテン。	여어、선장。
0x5940F5	14	F85A	1	（しまった、駐屯している	（큰일이다、주둔하고 있는
0x5940DC	3	F85A	1	むっ？	으음？
0x594024	5	F85A	1	ふう～ん？	흐～음？
0x593F77	22	F85A	1	君のは、いわば完全動体視力だ。	자네 건、말하자면 완전 동체시력이다。
0x593F1B	6	F85A	1	参ったな。	난감하군。
0x593EFC	8	F85A	1	ああ、それそれ！	아아、그거 그거！
0x593EAC	4	F85A	1	ええと？	그러니까？
0x593E26	14	F85A	1	でも、先輩のほかの技は	그래도、선배의 다른 기술은
0x593E14	7	F85A	1	無理だよ！	무리야！
0x593C51	4	F85A	1	とおっ！	타앗！
0x593C27	13	F85A	1	ふふん、なかなかやるわね。	후훗、제법이네。
0x593BEB	14	F85A	1	さあ、残るはあなただけよ！	자、남은 건 당신뿐이야！
0x593BD0	19	F85A	1	あれ、君たち大丈夫だったの？！	어라、자네들 괜찮았어？！
0x593BAD	11	F85A	1	この隙にボクたちも！	이 틈에 우리도！
0x593B99	9	F85A	1	ああっ、逃げた！	아앗、도망쳤다！
0x593B74	4	F85A	1	ウワッ、	우왓、
0x593B38	8	F85A	1	正義パンチ！	정의의 펀치！
0x593AEA	14	F85A	1	くそー、許せないでやんす！	젠장、용서 못 합죠！
0x593AAC	9	F85A	1	フン、ザマアミロ。	흥、꼴좋다。
0x593A96	11	F85A	1	うわっ、なんてことを！	우왓、무슨 짓을！
0x593A80	7	F85A	1	きゃああああ！	꺄아아아아！
0x593A4E	11	F85A	1	ウルサイ、処分ダ！	시끄럽다、처분이다！
0x593A25	10	F85A	1	ええっ、どうして？！	에엣、어째서？！
0x593A0C	14	F85A	1	ソコマデダ、反逆者メ！	거기까지다、반역자 놈！
0x5939F2	15	F85A	1	ううむ、ややこしいでやんすね。	으음、복잡합죠。
0x5939B3	3	F85A	1	いえ、	아뇨、
0x593993	21	F85A	1	見た目じゃ全然わからないでやんす。	겉보기로는 전혀 모르겠습죠。
0x59394B	16	F85A	1	私たち、ここで生涯の愛を	우리、여기서 평생의 사랑을
0x593816	6	F85A	1	俺たちは、	우리는、
0x5936FB	12	F85A	1	金では渡せないカニ。	돈으로는 못 넘기게。
0x5936D9	8	F85A	1	５トンだって？！	５Ｔ이라고？！
0x5936B7	12	F85A	1	今、５トンのワクチンを	지금、５톤의 백신을
0x59368C	10	F85A	1	ちょっと来るカニ！	잠깐 오라게！
0x59365B	13	F85A	1	ワクチンを探しているのは	백신을 찾고 있는 건
0x593618	20	F85A	1	じゃあ、その雇われている医者たちが	그럼、그 고용된 의사들이
0x5935A0	18	F85A	1	ああ、ご存知ないかもしれませんが	아아、모르실지도 모르겠지만
0x59357D	10	F85A	1	国家が管理？	국가가 관리？
0x593530	8	F85A	1	ワクチンですか？	백신인가요？
0x593470	12	F85A	1	それだけじゃないんです！	그것뿐만이 아니에요！
0x593435	22	F85A	1	いえ、文字通りジロって見たんですよ。	아뇨、말 그대로 빤히 봤다고요。
0x593413	12	F85A	1	殺気を感じたのか？	살기를 느꼈나？
0x5933CE	9	F85A	1	本当なんです。	정말이에요。
0x5933B5	14	F85A	1	化物って、大げさだな。	괴물이라니、과장이군。
0x5932E5	19	F85A	1	いえ、任務の内容は先輩しか	아뇨、임무 내용은 선배만
0x5932BA	19	F85A	1	それで、その先輩の仇を取るのが	그래서、그 선배의 원수를 갚는 게
0x5931F3	11	F85A	1	もちろん修行です！	물론 수행입니다！
0x59311D	14	F85A	1	よかろう、お前に任せる。	좋다、너에게 맡기마。
0x5930A3	5	F85A	1	閣下は	각하는
0x593085	14	F85A	1	その前に母親でやんす。	그전에 어머니입죠。
0x593031	22	F85A	1	いえ、大統領閣下はお忙しい身。	아뇨、대통령 각하는 바쁘신 몸。
0x593011	5	F85A	1	なんだと。	뭐라고。
0x592FF4	10	F85A	1	いや、必要なのは	아니、필요한 것은
0x592FCE	18	F85A	1	教育方針を間違えたかな。	교육 방침을 잘못 잡았나。
0x592FBB	14	F85A	1	難しい年頃でやんすね。	예민한 나이입죠。
0x592F84	21	F85A	1	ボクは絶対勝てるゲームの方がいい！	나는 무조건 이기는 게임이 더 좋아！
0x592DFE	9	F85A	1	おお、わが息子	오오、내 아들
0x592DA1	18	F85A	1	（大統領親子の関係は、	（대통령 부자의 관계는、
0x592D77	9	F85A	1	（連邦首都	（연방 수도
0x592CFC	12	F85A	1	おいおい、脅かすなよ。	어이어이、겁주지 마。
0x592CCE	13	F85A	1	ゲリラ戦の常道だな。	게릴라전의 정석이군。
0x592CAA	17	F85A	1	ああ、この基地を放棄して、	아아、이 기지를 포기하고、
0x592C94	14	F85A	1	それで、こちらの対応は？	그래서、이쪽 대응은？
0x592C6F	18	F85A	1	やっぱ、先日のプラント爆破が	역시、지난번 플랜트 폭파가
0x592C13	7	F85A	1	ああ、そうや。	아아、그렇지。
0x592B8B	17	F85A	1	そのあたりはなんとでもごまかせる。	그 부분은 얼마든지 얼버무릴 수 있다。
0x592B4B	19	F85A	1	それに、広域無差別爆撃は	게다가、광역 무차별 폭격은
0x592A91	9	F85A	1	ふん、そんなもの。	흥、그런 것쯤。
0x5929A9	7	F85A	1	大変です！	큰일입니다！
0x592959	18	F85A	1	メンバー選択、間違えたかな？	멤버 선택、잘못했나？
0x5928DC	20	F85A	1	あの機械の腕なら、それに見合う	저 기계 팔이라면、거기 걸맞은
0x5928D1	3	F85A	1	へっ？	헤？
0x5928C0	9	F85A	1	改造したいっ！	개조하고 싶다！
0x5928AF	9	F85A	1	ど、どうしたんだ？	무、무슨 일이야？
0x5927C1	19	F85A	1	しかし、効率的ではありませんね。	하지만、효율적이지는 않네요。
0x59271B	12	F85A	1	でも、やっぱりバランスが	그래도、역시 균형이
0x592709	7	F85A	1	コラ、やめろ！	이봐、그만해！
0x5926E6	5	F85A	1	（シュッ！	（슉！
0x5926BA	10	F85A	1	それだけじゃなくて、	그것뿐만 아니라、
0x59269A	21	F85A	1	（金属の塊で殴ってるんだもんな。）	（금속 덩어리로 때리는 거니까。）
0x592648	15	F85A	1	アーラ、気づいてなかったの？	어머나、눈치 못 챘어？
0x59256C	8	F85A	1	苦手はない。	못 먹는 건 없다。
0x592540	19	F85A	1	ええと、辛いものとか甘いものとか、	그러니까、매운 거라든가 단 거라든가、
0x592520	21	F85A	1	私は、栄養が取れればなんでもいい。	나는、영양만 되면 뭐든 좋다。
0x5924C0	21	F85A	1	（空腹で虫を食ったことのある女が	（배고파서 벌레를 먹어 본 여자가
0x59244B	8	F85A	1	冗談だろう！	농담이겠지！
0x59235F	15	F85A	1	では、次の作戦でやんす！	그럼、다음 작전입죠！
0x5922D5	12	F85A	1	似たようなのはいるな。	비슷한 건 있군。
0x592266	20	F85A	1	ああいうクールでプライド高そうな女は	저런 쿨하고 자존심 높아 보이는 여자는
0x592240	15	F85A	1	クックック、かかったでやんす。	크크크、걸려들었습죠。
0x592223	15	F85A	1	ウサギのヌイグルミじゃないか？	토끼 인형이잖아？
0x5921DC	7	F85A	1	今日こそ、	오늘이야말로、
0x59218D	13	F85A	1	本当にいい物なのか？	정말 좋은 물건인가？
0x592124	15	F85A	1	じゃあ、遠慮なくもらうぞ。	그럼、사양 않고 받겠다。
0x5920AD	17	F85A	1	その中身をくれるっていうのか？	그 안에 든 걸 준다는 건가？
0x59200C	12	F85A	1	勝手に食っておいて	멋대로 먹어 놓고
0x591F84	7	F85A	1	いらないから、	필요 없으니까、
0x591F48	20	F85A	1	お前らのどこに愛があるんでやんすか！	너희들 어디에 사랑이 있습죠！
0x591F15	10	F85A	1	ウソつくなでやんす！	거짓말하지 말라는 겁죠！
0x591EBE	9	F85A	1	なんだろうなぁ～。	뭘까～。
0x591E4E	18	F85A	1	オイラが食ったんじゃないでやんす！	내가 먹은 게 아닙죠！
0x591E25	22	F85A	1	最近どうも食料の減りが早いんだ。	요즘 아무래도 식량이 빨리 줄어。
0x591E13	10	F85A	1	どうしたんでやんす？	무슨 일입죠？
0x591DB2	13	F85A	1	隊長、なんでありますか	대장님、무슨 일입니까
0x591D75	25	F85A	1	時間がないから、感動の対面はあとでね。	시간이 없으니까、감동의 대면은 나중에。
0x591D40	19	F85A	1	（総員退避、総員退避！	（전원 대피、전원 대피！
0x591D2F	12	F85A	1	助かったであります～。	살았습니다～。
0x591D1D	7	F85A	1	あ、開いた！	아、열렸다！
0x591CA0	21	F85A	1	なんだ、この格好見て気づかないの？	뭐야、이 차림 보고 눈치 못 챘어？
0x591C8B	16	F85A	1	いや、しかし、アンタはいいのか？	아니、하지만、당신은 괜찮은 건가？
0x591C5C	19	F85A	1	（総員退避、総員退避！	（전원 대피、전원 대피！
0x591C0E	15	F85A	1	へえ、それでここに残ったの？	헤에、그래서 여기 남은 거야？
0x591BC4	22	F85A	1	この状況で、敵も味方もないでしょ。	이 상황에서、적도 아군도 없잖아。
0x591B92	19	F85A	1	（総員退避、総員退避！	（전원 대피、전원 대피！
0x591B81	12	F85A	1	あ、お前は何者だ！	아、너는 누구냐！
0x591B52	14	F85A	1	おおい、誰かいないのか～！	어어이、아무도 없나～！
0x591AED	10	F85A	1	もう、うるさいなぁ。	정말、시끄럽네。
0x591ABD	19	F85A	1	（総員退避、総員退避！	（전원 대피、전원 대피！
0x5918B5	13	F85A	1	よし、契約成立だ。	좋아、계약 성립이다。
0x59189F	11	F85A	1	ちぇ、しょうがねえな。	쳇、어쩔 수 없군。
0x591669	18	F85A	1	なあ、ちょっと行き先が変更に	저기、행선지가 좀 변경돼
0x591621	20	F85A	1	（ということは、ワクチンの持ち出しは	（그렇다는 건、백신 반출은
0x591594	14	F85A	1	ということは、出る時も？	그렇다는 건、나갈 때도？
0x59153D	21	F85A	1	その昆虫を殺す毒物を放出する	그 곤충을 죽이는 독물을 방출하는
0x59152A	11	F85A	1	それでどうなったんだ？	그래서 어떻게 됐나？
0x5914B0	16	F85A	1	そんなものが問題になるのか？	그런 게 문제가 되나？
0x591472	5	F85A	1	ワクチン？	백신？
0x591451	19	F85A	1	こんな星でまでワクチンの調査か。	이런 별에서까지 백신 조사인가。
0x591431	9	F85A	1	ワ、ワクチンなんて	배、백신 같은 건
0x5913EF	15	F85A	1	さっそくですが、あなたの船の	바로 본론입니다만、당신 배의
0x5913C7	11	F85A	1	大変でやんすねぇ。	힘들겠습죠。
0x591387	14	F85A	1	それが無理みたいなんだ。	그게 무리인 모양이야。
0x59135D	16	F85A	1	植物なんて、焼いてしまえば	식물 따위、태워 버리면
0x591301	12	F85A	1	それに失敗したんだ。	거기에 실패한 거다。
0x5912D7	22	F85A	1	人間の住めない星を住めるようにする	인간이 못 사는 별을 살 수 있게 하는
0x5912BD	18	F85A	1	惑星改造って知ってるだろ？	행성 개조라고 알지？
0x5912A3	18	F85A	1	この星は、緑一色でやんすね。	이 별은、온통 초록입죠。
0x591260	7	F85A	1	それじゃあな！	그럼 이만！
0x591206	13	F85A	1	おいおい、オレの仕事は	어이어이、내 일은
0x5911D8	20	F85A	1	研究所から勝手に帰ったりして	연구소에서 멋대로 돌아가거나 해서
0x5911BF	17	F85A	1	この前の貧乏人じゃないか。	지난번 그 가난뱅이잖아。
0x5911A2	13	F85A	1	じゃあ、縁がなかったな。	그럼、인연이 없었군。
0x59111C	22	F85A	1	今、連れてる仲間が一杯だからさ、	지금、데리고 있는 동료가 꽉 차서 말이야、
0x5910EC	15	F85A	1	よし、じゃさっそく仲間に！	좋아、그럼 당장 동료로！
0x5910D0	12	F85A	1	よし、よろしく頼むぜ！	좋아、잘 부탁한다！
0x591030	19	F85A	1	いいぜ、日給１５ペラでいいだろう。	좋아、일당 １５페라면 되겠지。
0x591000	17	F85A	1	その実力を見込んでちょっと	그 실력을 보고 좀
0x590F6D	18	F85A	1	俺はパワードスーツに乗ってるから	나는 파워드 슈트를 타고 있으니까
0x590F3A	18	F85A	1	そんなことより、やっぱり５００ペラは	그것보다、역시 ５００페라는
0x590EA8	15	F85A	1	うーん、この薬は失敗か。	으음、이 약은 실패인가。
0x590E94	12	F85A	1	はひゅあふあぁひゃあ～！	하휴아후아아햐아～！
0x590DA7	15	F85A	1	あんたたち、早くしてくれよ！	당신들、빨리 좀 해 줘！
0x590D7E	12	F85A	1	言います、言います！	말할게요、말할게요！
0x590D47	11	F85A	1	しかし、せっかくだから	하지만、모처럼이니
0x590D28	12	F85A	1	博士、そんなことより	박사님、그것보다
0x590CBE	14	F85A	1	よし、ではキミに尋ねよう！	좋아、그럼 자네에게 묻겠다！
0x590C8A	11	F85A	1	ひぃいい、なんなんだよ	히이이、뭐냐고
0x590C5A	12	F85A	1	おーい、コイツでどうだ？	어어이、이걸로 어떠냐？
0x590C16	17	F85A	1	そんな出所不明のソフトなど	그런 출처 불명의 소프트웨어 따위
0x590BE0	5	F85A	1	博士、	박사님、
0x590ABB	7	F85A	1	と、とにかく！	어、어쨌든！
0x590A4E	10	F85A	1	どうしたんでやんす？	무슨 일입죠？
0x590A12	11	F85A	1	じゃあ、オイラのパパは	그럼、내 아빠는
0x5909BE	9	F85A	1	ハハハ、おいおい。	하하하、어이어이。
0x5908F2	14	F85A	1	宇宙でも惑星上でも	우주에서도 행성 위에서도
0x5908D9	14	F85A	1	へえ、宇宙の男ですか。	헤에、우주의 사나이인가요。
0x5908A8	21	F85A	1	まあ、「宇宙の男」という呼び方が	뭐、「우주의 사나이」라는 호칭이
0x590869	20	F85A	1	親父は宇宙に出てほとんど家に	아버지는 우주에 나가 거의 집에
0x590814	19	F85A	1	ああ、同じ船に乗ったこともある。	아아、같은 배를 탄 적도 있다。
0x5907C2	15	F85A	1	いやいや、これは本気だよ。	아니아니、이건 진심이야。
0x59079E	12	F85A	1	教官にほめられると、	교관에게 칭찬받으면、
0x59077B	18	F85A	1	キャプテン、キミの操縦技術は	선장、자네 조종 기술은
0x590738	18	F85A	1	なんとなく、イヤな予感がするのは	어쩐지、불길한 예감이 드는 건
0x590704	4	F85A	1	いやあ、	아이고、
0x590682	18	F85A	1	ボクは会社の命令で来たから	나는 회사 명령으로 왔으니까
0x59062B	17	F85A	1	あたしは食事をしなくていいって	나는 식사를 안 해도 된다고
0x5905B0	14	F85A	1	このツアーへの参加費は	이 투어 참가비는
0x59055C	14	F85A	1	ひょっとして観光ですか？	혹시 관광인가요？
0x590521	9	F85A	1	な、なんでやんす？	무、뭡죠？
0x5904DC	9	F85A	1	はいはい、みなさん	네네、여러분
0x5904A6	21	F85A	1	この星には何か秘密がありそうだな。	이 별에는 뭔가 비밀이 있을 것 같군。
0x59047D	12	F85A	1	そういう決まりなんだ。	그런 규칙이야。
0x590431	21	F85A	1	人間は、この町を出てはいけないよ。	인간은、이 마을을 나가면 안 돼。
0x590423	9	F85A	1	はい、そうですが？	네、그런데요？
0x590403	11	F85A	1	あー、そこのキミたち。	아、거기 자네들。
0x5903E5	19	F85A	1	空を飛ぶ鳥までロボットでやんす！	하늘 나는 새까지 로봇입죠！
0x5903C0	10	F85A	1	なんだ、この星は？	뭐냐、이 별은？
0x590354	18	F85A	1	なるほど、だから話題にするだけで	과연、그래서 화제로 삼기만 해도
0x590320	10	F85A	1	あのワクチン、実は	그 백신、실은
0x5902FC	15	F85A	1	でも、どうしてワクチンのことが	그래도、어째서 백신 얘기가
0x590214	21	F85A	1	おほほほほ、なかなか手強い悪党ね。	오호호호호、제법 만만찮은 악당이네。
0x5901DE	15	F85A	1	トリアエズ様子ヲ見ヨウ。	일단 상황을 지켜보자。
0x590173	7	F85A	1	現われたな！	나타났군！
0x59015A	17	F85A	1	うわ、正義の味方でやんす！	우와、정의의 사도입죠！
0x5900F3	8	F85A	1	ム、貴様タチ	음、네놈들
0x5900B5	5	F85A	1	うひゃあ！	으히야아！
0x590084	6	F85A	1	オイ、ソコ！	이봐、거기！
0x590057	14	F85A	1	困ったなぁ、困ったなぁ。	난감하네、난감해。
0x59001D	4	F85A	1	ワクチン	백신
0x58FE69	24	F85A	1	よし、今のうちに別の宇宙港へ行こう。	좋아、지금 다른 우주항으로 가자。
0x58FE42	4	F85A	1	うわあ、	우와아、
0x58FDF2	18	F85A	1	よーし、お前ら全員逮捕だ！	좋아、너희들 전원 체포다！
0x58FDCE	4	F85A	1	ああっ、	아앗、
0x58FDAA	6	F85A	1	ぎゃあああ！	갸아아아！
0x58FD54	13	F85A	1	くそ、問答無用か！	젠장、문답무용인가！
0x58FD00	6	F85A	1	お前達が	너희들이
0x58FC76	5	F85A	1	無事に	무사히
0x58FB1F	16	F85A	1	まあ、いざとなれば圧倒的な	뭐、정 안 되면 압도적인
0x58FA55	22	F85A	1	ワクチン製造設備が完成していない	백신 제조 설비가 완성되지 않은
0x58F9B0	20	F85A	1	その代わり、宇宙船のパイロットが	그 대신、우주선 조종사가
0x58F956	23	F85A	1	彼には後でなにか報奨を用意しないと	그에게는 나중에 뭔가 포상을 준비해야
0x58F8D8	21	F85A	1	現時点でワクチンの集まり具合は	현시점에서 백신이 모인 정도는
0x58F8B7	10	F85A	1	（うわぁあああ？！）	（우와아아아？！）
0x58F863	18	F85A	1	こっちのミサイルは賞味期限が	이쪽 미사일은 유통기한이
0x58F7FE	8	F85A	1	たった２人だ！	겨우 ２명이다！
0x58F7D7	16	F85A	1	私は危険度の高いやつを	나는 위험도 높은 놈을
0x58F778	18	F85A	1	お前と一緒にいると目立つ。	너와 함께 있으면 눈에 띈다。
0x58F761	12	F85A	1	いたぞ、侵入者だ！	있다、침입자다！
0x58F724	4	F85A	1	オレが？	내가？
0x58F6A6	7	F85A	1	それだ、それ！	그거다、그거！
0x58F5F4	17	F85A	1	おいおい、勝手にどんどん先に	어이어이、멋대로 자꾸 앞서
0x58F4E0	8	F85A	1	先輩の仇！	선배의 원수！
0x58F3F6	4	F85A	1	なんだか	뭔가
0x58F3DB	9	F85A	1	いいっていいって。	됐다니까 됐어。
0x58F384	21	F85A	1	いやあ、ちょっと調子に乗っちゃって。	아이고、좀 우쭐했어。
0x58F356	20	F85A	1	その前に、医療キット持ってない？	그전에、의료 키트 없어？
0x58F313	11	F85A	1	あはは、そりゃそうだ。	아하하、그야 그렇지。
0x58F28A	5	F85A	1	うぎゃっ！	으갹！
0x58F230	8	F85A	1	ウソだ、ウソだ！	거짓말이다、거짓말이야！
0x58F11E	12	F85A	1	（どんな表現だよ！）	（무슨 표현이야！）
0x58F068	18	F85A	1	（そんな風に、組織の情報を	（그런 식으로、조직 정보를
0x58F01B	3	F85A	1	ええ！	네！
0x58F002	14	F85A	1	ということは女だったのか？	그렇다는 건 여자였나？
0x58EFB2	16	F85A	1	先輩っていい人だったのか？	선배는 좋은 사람이었나？
0x58EE82	16	F85A	1	いや、俺も体がなまってたから	아니、나도 몸이 굳어 있었으니까
0x58EE17	3	F85A	1	ヤァ！	얏！
0x58EE0C	3	F85A	1	えい！	에잇！
0x58ED19	15	F85A	1	よく意味がわからないけど？	무슨 뜻인지 잘 모르겠는데？
0x58EC96	17	F85A	1	まあ、機械的すぎる外見や	뭐、너무 기계적인 외견이나
0x58EC06	18	F85A	1	ロボットが人間の形をしてるのも	로봇이 인간 형태인 것도
0x58EB8A	8	F85A	1	よろしいですか？	괜찮으신가요？
0x58EB0F	13	F85A	1	こ、この子、やわらかい！	이、이 아이、부드러워！
0x58EAF0	20	F85A	1	ドクター、いまの悲鳴は何事です？	박사님、방금 비명은 무슨 일인가요？
0x58EAD8	13	F85A	1	（うっひゃあああああ？！）	（으히야아아아아？！）
0x58E9F7	15	F85A	1	真実の重みか、いいねぇ！	진실의 무게라、좋은데！
0x58E9AF	17	F85A	1	いやあ、おっかなかったでやんすね。	아이고、무서웠습죠。
0x58E986	13	F85A	1	とにかく、伝記の話は	어쨌든、전기 얘기는
0x58E92B	13	F85A	1	ならば背骨を撃とう。	그렇다면 등뼈를 쏘지。
0x58E8A8	8	F85A	1	そうだ、ひざだ。	그렇다、무릎이다。
0x58E89D	3	F85A	1	ひざ？	무릎？
0x58E867	18	F85A	1	もし、貴様がこのような文章を	만약、네놈이 이런 문장을
0x58E85B	7	F85A	1	あ、そうなの？	아、그래？
0x58E7DA	20	F85A	1	お前は真実の重みを知らんのか。	너는 진실의 무게를 모르는가。
0x58E776	15	F85A	1	いや、だからさ、なんていうの？	아니、그러니까 말이야、뭐랄까？
0x58E736	6	F85A	1	ふざけるな。	장난치지 마라。
0x58E718	4	F85A	1	ああっ！	아앗！
0x58E671	10	F85A	1	今でもそうなのか？	지금도 그런가？
0x58E60B	20	F85A	1	そうするのが自然だと思ったからだ。	그렇게 하는 게 자연스럽다고 생각해서다。
0x58E5BD	16	F85A	1	とまあ、とぼけてみせたわけだが。	뭐、시치미를 떼 보인 거지만。
0x58E51E	17	F85A	1	生理のことを言っているのなら	생리를 말하는 거라면
0x58E4F9	13	F85A	1	女性は体調の波が	여성은 몸 상태의 기복이
0x58E46C	27	F85A	1	機動行軍の必要な一般兵士と違い、	기동 행군이 필요한 일반 병사와 달리、
0x58E450	17	F85A	1	スナイパーだって銃が重いだろ？	저격수도 총이 무겁잖아？
0x58E389	12	F85A	1	私は女性だからな。	나는 여성이니까。
0x58E332	11	F85A	1	もう、めんどくさいから	정말、귀찮으니까
0x58E31F	11	F85A	1	しまった、新手が！	큰일이다、새 적이！
0x58E2C9	19	F85A	1	では、なぜ一緒に行動していた！	그럼、왜 함께 행동하고 있었나！
0x58E29F	9	F85A	1	ええと、わたしたち	그러니까、우리는
0x58E277	6	F85A	1	（まったく、	（정말、
0x58E241	6	F85A	1	ふざけるな。	장난치지 마라。
0x58E1ED	23	F85A	1	参ったな～、散弾銃を持ってるなんて。	난감하네～、산탄총을 갖고 있다니。
0x58E1A9	19	F85A	1	人間が雪の下から出てきた？！	인간이 눈 밑에서 나왔다？！
0x58E187	12	F85A	1	うわっ、ちょっとタンマ！	우왓、잠깐 타임！
0x58E172	9	F85A	1	（ドンドンドン！）	（쿵쿵쿵！）
0x58E161	4	F85A	1	ばあっ！	와앗！
0x58E10D	9	F85A	1	（ドドドドドド！）	（두두두두두두！）
0x58E0CE	4	F85A	1	なにを？	뭘？
0x58E0A3	7	F85A	1	ええと、オイラ	그러니까、나
0x58E079	7	F85A	1	もういいかい？	이제 됐어？
0x58E06A	10	F85A	1	（がさがさがさっ！）	（부스럭부스럭부스럭！）
0x58E05E	3	F85A	1	こう？	이렇게？
0x58E00D	11	F85A	1	しかし、このままじゃ！	하지만、이대로는！
0x58DF89	18	F85A	1	おっ、敵が団体でやってきたぞ。	옷、적이 떼로 몰려왔다。
0x58DF1E	5	F85A	1	状況？	상황？
0x58DF05	17	F85A	1	（オイオイ、それ逆だよ、逆！）	（어이어이、그거 반대야、반대！）
0x58DEA8	7	F85A	1	フフフ、前に	후후후、전에
0x58DE85	3	F85A	1	ぶっ！	풋！
0x58DDD9	18	F85A	1	そんな余計なことを考えていると	그런 쓸데없는 걸 생각하고 있으면
0x58DD47	11	F85A	1	そんな略称ではなく	그런 약칭이 아니라
0x58DD01	14	F85A	1	オレとお前は、２機ペアで	나와 너는、２기 짝으로
0x58DCD4	13	F85A	1	ほほう、今日の戦いは	호오、오늘 싸움은
0x58DC0D	13	F85A	1	察しが良くて助かる。	눈치가 빨라 다행이군。
0x58DBEC	5	F85A	1	では、その	그럼、그
0x58DB25	19	F85A	1	まず、雪モグラというものがおってな。	우선、눈두더지라는 게 있는데 말이야。
0x58DB10	10	F85A	1	なんですか、それは？	그건 뭔가요？
0x58DA82	4	F85A	1	ふうむ。	흐음。
0x58DA59	17	F85A	1	そうすれば、問題が起こっても	그러면、문제가 생겨도
0x58DA4D	4	F85A	1	なんと？	뭐라고요？
0x58DA26	13	F85A	1	ああ、ではこうしましょう。	아아、그럼 이렇게 하죠。
0x58D9E9	6	F85A	1	お前達が	너희들이
0x58D9D9	15	F85A	1	わははは、そんなわけがあるか。	와하하하、그럴 리가 있나。
0x58D939	4	F85A	1	ほほう。	호오。
0x58D8D8	13	F85A	1	さて、どこに行こうかな。	자、어디로 가볼까。
0x58D857	8	F85A	1	「けもの」とは、	「짐승」이란、
0x58D666	13	F85A	1	そうか、では聞いてくれ。	그런가、그럼 들어 줘。
0x58D5BA	23	F85A	1	いや、今はお前の任務に協力しよう。	아니、지금은 네 임무에 협력하지。
0x58D5A7	11	F85A	1	そこに戻りたいのか。	거기로 돌아가고 싶은가。
0x58D580	17	F85A	1	この雪原の向こうでは、今も	이 설원 너머에서는、지금도
0x58D512	6	F85A	1	わっ、コラ！	왓、이봐！
0x58D4FD	10	F85A	1	おるぁあああああ！！	오라아아아아！！
0x58D486	11	F85A	1	聞いたでやんすワ～。	들었습죠오～。
0x58D461	15	F85A	1	ちょいと、今の聞きましたか	잠깐、방금 들었나요
0x58D43D	15	F85A	1	難しい年頃でやんすねぇ。	예민한 나이입죠。
0x58D2F4	13	F85A	1	おお、図星でやんすか！	오오、정곡입죠！
0x58D2AE	13	F85A	1	オイラ知ってるでやんす。	나 알고 있습죠。
0x58D292	17	F85A	1	いや、別にたいしたことじゃない。	아니、딱히 대단한 일은 아니다。
0x58D281	9	F85A	1	なにかあったのか？	무슨 일 있었나？
0x58D1C5	17	F85A	1	まあ、そういうときもあるでやんす。	뭐、그럴 때도 있습죠。
0x58D1A9	18	F85A	1	今日は、特になにもなかったな。	오늘은、특별히 아무 일도 없었군。
0x58CDCB	15	F85A	1	ならば、即座に実行だ。	그렇다면、즉시 실행이다。
0x58CD41	14	F85A	1	（こいつ、オイラがワクチンを	（이 녀석、내가 백신을
0x58CC62	10	F85A	1	本来の任務？	본래 임무？
0x58CC1A	13	F85A	1	それには反対でやんす！	그건 반대합죠！
0x58CB48	13	F85A	1	（ワクチンを無許可で	（백신을 무허가로
0x58CA75	10	F85A	1	あら分身の術？	어머 분신술？
0x58CA2F	12	F85A	1	ああ、やっぱりあんたか。	아아、역시 당신인가。
0x58C995	5	F85A	1	曲者！	수상한 놈！
0x58C968	18	F85A	1	やれやれ、せいぜい暴れてろだなんて	이런 이런、실컷 날뛰라니
0x58C8EA	13	F85A	1	あなたこそ、気をつけて。	당신이야말로、조심해요。
0x58C8A5	10	F85A	1	そうだ、念のために	맞다、만일을 위해
0x58C857	19	F85A	1	ちょっと気になる気配があってね。	좀 신경 쓰이는 기척이 있어서。
0x58C7F8	15	F85A	1	ようやく王宮に到着だ！	겨우 왕궁에 도착이다！
0x58C683	17	F85A	1	あんさん、ムチャ言うたらあかん！	그쪽、무리한 소리 하면 안 되지！
0x58C5B0	6	F85A	1	あ、そうか。	아、그렇구나。
0x58C503	15	F85A	1	君って、いつもそっけないけど	자네는、늘 무뚝뚝하지만
0x58C4D4	5	F85A	1	了解。	알겠다。
0x58C3B8	11	F85A	1	あれ、取れちゃった。	어라、빠져 버렸다。
0x58C3A3	10	F85A	1	きゃああああああっ！	꺄아아아아아앗！
0x58C37E	5	F85A	1	（ガシッ！	（턱！
0x58C347	13	F85A	1	おー、飛んだ、飛んだ。	오오、날았다、날았다。
0x58C318	10	F85A	1	なんだ、来ないの？	뭐야、안 와？
0x58C2E5	13	F85A	1	あ、ケンカ売ってたんだ。	아、시비 걸고 있었구나。
0x58C29B	14	F85A	1	アタシが思ったからいいの！	내가 그렇게 생각했으니 됐어！
0x58C24E	19	F85A	1	この船に戦う女は２人いらない！	이 배에 싸우는 여자는 ２명 필요 없어！
0x58C1F7	6	F85A	1	そうかなぁ？	그런가？
0x58C1A0	8	F85A	1	うん、そうかも。	응、그럴지도。
0x58C187	17	F85A	1	ついに耳まで遠くなったようね。	드디어 귀까지 멀었나 보네。
0x58C16F	5	F85A	1	おばさん？	아줌마？
0x58C15F	11	F85A	1	こら、そこのおばさん！	이봐、거기 아줌마！
0x58C132	14	F85A	1	つくづく嫌な星でやんす。	진절머리 나는 별입죠。
0x58C0E4	21	F85A	1	愛とか友情なんて単語を使ったら	사랑이나 우정 같은 단어를 쓰면
0x58C0A0	18	F85A	1	あと、この星では全ての価値を	그리고、이 별에서는 모든 가치를
0x58C078	13	F85A	1	お金に決まってるだろ？	돈에 정해져 있잖아？
0x58C04D	13	F85A	1	愛が古い概念なら、	사랑이 낡은 개념이라면、
0x58BFF9	15	F85A	1	愛なんて古くさい概念は	사랑 따위 낡아빠진 개념은
0x58BFE4	13	F85A	1	なにがおかしいんでやんす？	뭐가 이상합죠？
0x58BF3D	17	F85A	1	家族はどうなってるんでやんす？	가족은 어떻게 되는 겁죠？
0x58BED8	11	F85A	1	俺の部屋のこと？	내 방 말이야？
0x58BE1C	19	F85A	1	いつ来ても息苦しい星でやんす。	언제 와도 숨 막히는 별입죠。
0x58BDDC	11	F85A	1	さあ、誰だったかな？	글쎄、누구였더라？
0x58BDC7	13	F85A	1	で、誰が入ってたんだ？	그래서、누가 들어 있었냐？
0x58BD8C	18	F85A	1	この船に来て、安心してるって	이 배에 와서、안심하고 있다는
0x58BD48	19	F85A	1	戦場の勘が、なまっているようだ。	전장의 감이、무뎌진 모양이다。
0x58BD34	12	F85A	1	どうしたんだ、悩みか？	무슨 일이냐、고민이냐？
0x58BCD7	21	F85A	1	とにかく、あの高慢ちきな冷血女を	어쨌든、그 오만한 냉혈 여자를
0x58BC13	9	F85A	1	なに、お前もか？	뭐야、너도냐？
0x58BBD8	18	F85A	1	おお、それは男として最大級の	오오、그건 남자로서 최대급의
0x58BB7B	4	F85A	1	アイツ、	그 녀석、
0x58BB6D	9	F85A	1	ふむふむ、それで？	흠흠、그래서？
0x58BAF6	10	F85A	1	どうしたんでやんす？	무슨 일입죠？
0x58BAE4	10	F85A	1	あのクソ女め～！！	그 망할 여자～～！！
0x58BA96	18	F85A	1	いろいろ話を聞けて助かったよ。	여러 얘기를 들을 수 있어서 도움이 됐어。
0x58BA6B	19	F85A	1	それじゃあ、次に大統領について	그럼、다음은 대통령에 대해
0x58BA20	20	F85A	1	最初に弱者が被害をこうむる、	처음엔 약자가 피해를 입는다、
0x58B9EC	5	F85A	1	じゃあさ、	그럼 말이야、
0x58B9C1	15	F85A	1	現在の活動については、	현재 활동에 대해서는、
0x58B951	4	F85A	1	だめだ！	안 된다！
0x58B930	19	F85A	1	で、そっちの船に行ってもいいかな？	그래서、그쪽 배로 가도 될까？
0x58B896	13	F85A	1	あはは、やっぱ図星だ。	아하하、역시 정곡이군。
0x58B85E	16	F85A	1	ど、どうしてわかったんでやんす？	어、어떻게 알았습죠？
0x58B7FC	12	F85A	1	やあやあ、こんにちわ～。	안녕안녕、반가워요～。
0x58B7B7	20	F85A	1	あれ、近くの宇宙船から通信が	어라、근처 우주선에서 통신이
0x58B749	6	F85A	1	クックック。	큭큭큭。
0x58B72C	21	F85A	1	しかし、ネズミを捕るのは良いネコです。	하지만、쥐를 잡는 건 좋은 고양이입니다。
0x58B70A	23	F85A	1	ククク、好奇心はネコを殺すでやんすよ。	크크크、호기심은 고양이를 죽입죠。
0x58B6EB	4	F85A	1	おそらく	아마도
0x58B653	15	F85A	1	オイラは大統領閣下に	나는 대통령 각하에게
0x58B630	17	F85A	1	なるほど、大統領閣下への	과연、대통령 각하에 대한
0x58B5ED	15	F85A	1	もちろん、荒立てるつもりは	물론、일을 키울 생각은
0x58B568	18	F85A	1	お前には、いつも感心させられる	너에게는、늘 감탄하게 된다
0x58B487	9	F85A	1	（連邦首都	（연방 수도
0x58B45F	7	F85A	1	いいのかなぁ。	괜찮을까。
0x58B419	19	F85A	1	えーい、融通の利かない奴だな。	에잇、융통성 없는 녀석이군。
0x58B3E2	9	F85A	1	しかし、キャプテン	하지만、선장
0x58B3CC	14	F85A	1	全員、あの女を追え！	전원、저 여자를 쫓아라！
0x58B3A7	7	F85A	1	オーホホホホ！	오호호호호！
0x58B24E	12	F85A	1	実力で排除する！	실력으로 배제한다！
0x58B20A	7	F85A	1	どうでもいい！	아무래도 좋다！
0x58B1E2	13	F85A	1	あーら、レディに向かって	어머나、숙녀를 향해
0x58B1AD	12	F85A	1	いたぞ、侵入者だ！	있다、침입자다！
0x58B0DF	13	F85A	1	ああ、「艦隊」ならな。	아아、「함대」라면 말이지。
0x58B00D	9	F85A	1	それなら、やっぱり	그렇다면、역시
0x58AF4A	23	F85A	1	おかげで、知り合いからは裏切り者って	덕분에、아는 사람들한테는 배신자라고
0x58ADB6	14	F85A	1	急いで戦闘準備だ！	서둘러 전투 준비다！
0x58AD51	9	F85A	1	くそっ、やられた！	젠장、당했다！
0x58AD1B	9	F85A	1	なに、しまった？！	뭐야、큰일이다？！
0x58AC85	9	F85A	1	すぐに攻撃だ！	당장 공격이다！
0x58AC79	4	F85A	1	なにぃ、	뭐어、
0x58AC44	15	F85A	1	宇宙のもくずにしてくれる！	우주의 먼지로 만들어 주마！
0x58ABD2	9	F85A	1	すぐに攻撃だ！	당장 공격이다！
0x58AB9A	18	F85A	1	ノコノコやってくるとは間抜けめ！	태평하게 오다니 얼간이 같으니！
0x58AB62	18	F85A	1	よし、全艦で攻撃を行なう。	좋아、전함으로 공격을 실시한다。
0x58AAB8	6	F85A	1	うわあ、また	우와아、또
0x58AA88	7	F85A	1	つまり、こう？	즉、이렇게？
0x58AA66	11	F85A	1	だから、杖を振って	그러니까、지팡이를 흔들어서
0x58AA3E	11	F85A	1	それで、アンタがこれを	그래서、당신이 이걸
0x58A9C3	17	F85A	1	じゃ、アンタ得してるじゃないか。	그럼、당신 이득 본 거잖아。
0x58A98D	12	F85A	1	オイラが１００ペラ札を	내가 １００페라 지폐를
0x58A954	11	F85A	1	ああっ、それでやんす！	아앗、그겁죠！
0x58A90B	12	F85A	1	どうしてオイラがお金を	어째서 내가 돈을
0x58A8B0	11	F85A	1	そのうさんくさい顔を	그 수상쩍은 얼굴을
0x58A85C	20	F85A	1	やい、オイラの財布を返せでやんす！	야、내 지갑 돌려주라는 겁죠！
0x58A83A	17	F85A	1	あのときの手品オヤジでやんす！	그때 그 마술 아저씨입죠！
0x58A82A	8	F85A	1	どうしたんだい？	무슨 일이야？
0x58A820	5	F85A	1	ああっ！？	아앗！？
0x58A7EB	15	F85A	1	（楽しく会話しました。）	（즐겁게 대화했습니다。）
0x58A7C9	16	F85A	1	ハハハ、あったら俺がまっ先に	하하하、있었으면 내가 제일 먼저
0x58A7A7	8	F85A	1	ぜんぜんだめね。	전혀 안 좋아。
0x58A78E	14	F85A	1	そっちの景気はどうだい？	그쪽 경기는 어떤가？
0x58A6FC	16	F85A	1	これをネタにして、工作員が	이걸 빌미로、공작원이
0x58A6C3	10	F85A	1	ワクチンの輸送？	백신 수송？
0x58A644	12	F85A	1	うーん、まあいいでしょ。	으음、뭐 괜찮겠죠。
0x58A62B	17	F85A	1	前と同じ８００ペラでいいかい？	전과 같은 ８００페라면 되겠나？
0x58A609	23	F85A	1	最近は景気が悪いから、大歓迎！	요즘 경기가 안 좋으니까、대환영！
0x58A544	14	F85A	1	（今持っているワクチンを	（지금 가진 백신을
0x58A51C	9	F85A	1	アラ、こんにちは。	어머、안녕하세요。
0x58A4B1	17	F85A	1	いったんアステロイドに逃げよう。	일단 소행성대로 도망치자。
0x58A498	14	F85A	1	これから、どうするでやんす？	이제부터、어떻게 합죠？
0x58A3A9	9	F85A	1	な、なんですって？	뭐、뭐라고요？
0x58A368	17	F85A	1	ああ、別にかまわないでやんすよ。	아아、딱히 상관없습죠。
0x58A30A	5	F85A	1	閣下、	각하、
0x58A2CB	18	F85A	1	まあ、この司令部はオイラたちの	뭐、이 사령부는 우리
0x58A293	19	F85A	1	住民の命を守るための決断、	주민의 목숨을 지키기 위한 결단、
0x58A23A	12	F85A	1	いったい、どうしたんだ？	대체、무슨 일이냐？
0x58A220	18	F85A	1	大変でやんす、大変でやんす！	큰일입죠、큰일입죠！
0x58A19F	13	F85A	1	案ずることはありません。	걱정할 것 없습니다。
0x58A11D	4	F85A	1	姫っ！	공주님！
0x58A04D	14	F85A	1	目的地は不明だが、	목적지는 불명이지만、
0x58A03D	8	F85A	1	なんですって？！	뭐라고요？！
0x58A00D	17	F85A	1	たった今入った情報によると	방금 들어온 정보에 따르면
0x589FF9	12	F85A	1	おや、緊急メールだ。	이런、긴급 메일이다。
0x589F36	7	F85A	1	大変です！	큰일입니다！
0x589EDE	9	F85A	1	（でも、どうやって	（그래도、어떻게
0x589ECB	12	F85A	1	じゃあ、またやられたな。	그럼、또 당했군。
0x589E92	10	F85A	1	そういえば、さっき、	그러고 보니、아까、
0x589E63	13	F85A	1	オイラの新しい財布が	내 새 지갑이
0x589E53	8	F85A	1	どうしたんだよ。	무슨 일이야。
0x589E07	13	F85A	1	ああっ、本当でやんす！	아앗、정말입죠！
0x589D95	18	F85A	1	どうやらニセ札じゃないでやんすね。	아무래도 위조지폐는 아닙죠。
0x589D87	6	F85A	1	もちろんよ。	물론이지。
0x589D77	11	F85A	1	え、いいんでやんすか？	에、괜찮습죠？
0x589D52	8	F85A	1	持ってないか。	안 가지고 있나。
0x589D26	13	F85A	1	もうだまされないでやんす！	이제 안 속습죠！
0x589CCA	11	F85A	1	そのうさんくさい顔を	그 수상쩍은 얼굴을
0x589C46	14	F85A	1	あの手品オヤジでやんす！	그 마술 아저씨입죠！
0x589C36	8	F85A	1	どうしたんだい？	무슨 일이야？
0x589C2C	5	F85A	1	ああっ！？	아앗！？
0x589BD6	10	F85A	1	まったく、これだから	정말、이래서
0x589B69	16	F85A	1	おいおい、変なこと言うなよ。	어이어이、이상한 소리 하지 마。
0x589B16	10	F85A	1	ちょ、ちょっとまて。	자、잠깐 기다려。
0x589AEC	5	F85A	1	そんなの、	그런 건、
0x589A67	12	F85A	1	そりゃあ、死んだ後に	그야、죽은 뒤에
0x589A43	16	F85A	1	だから、そんなにお金をかせいで	그러니까、그렇게 돈을 벌어서
0x5899FF	18	F85A	1	それで子供をいっぱい作るだろ。	그래서 아이를 잔뜩 만들잖아。
0x5899BC	17	F85A	1	だってさ、お金がいっぱいあったら	왜냐면 말이야、돈이 많으면
0x58999F	18	F85A	1	そんなにお金をためてどうするんだ？	그렇게 돈을 모아서 뭘 하려고？
0x589969	11	F85A	1	そりゃあ、お金だよ。	그야、돈이지。
0x589901	18	F85A	1	コラー、その前にこっちを助けろ！	이봐아、그전에 이쪽을 도와라！
0x589849	16	F85A	1	ええい、キャプテンの間違いを	에잇、선장의 잘못을
0x58982F	13	F85A	1	オイ、どうしてそうなる！？	어이、어째서 그렇게 되냐！？
0x58980D	18	F85A	1	そうかそうか、では相思相愛と	그런가 그런가、그럼 상사상애라
0x589730	19	F85A	1	つまりロボットに懸想（けそう）する	즉 로봇에게 연정을 품는
0x5896E7	4	F85A	1	つまり、	즉、
0x5896BD	13	F85A	1	いいか、ロボットというのは	잘 들어라、로봇이라는 것은
0x5896A6	12	F85A	1	な、なんだよ、いきなり。	뭐、뭐야、갑자기。
0x589691	10	F85A	1	いかん、いかんぞう！	안 된다、안 돼！
0x589630	18	F85A	1	すでに、お話はうかがっております。	이미、말씀은 들었습니다。
0x5895BB	15	F85A	1	では、実際の取り引きは	그럼、실제 거래는
0x58956B	16	F85A	1	ですから、２５００ペラというのは	그러니까、２５００페라라는 건
0x589525	14	F85A	1	ええ、安心してください。	네、안심하세요。
0x5894CB	17	F85A	1	うむ、それを聞いて安心した。	음、그 말을 들으니 안심이군。
0x5894A6	12	F85A	1	ええ、もちろんですとも。	네、물론이고말고요。
0x589409	14	F85A	1	まあ、ちょっと待ちたまえ。	자、잠깐 기다리게。
0x5893DF	15	F85A	1	しかし、トンあたり２５００ペラ	하지만、톤당 ２５００페라
0x58939F	19	F85A	1	やあ、君がワクチンの買い手かね？	여어、자네가 백신 구매자인가？
0x58932C	8	F85A	1	冗談でしょ？	농담이겠지？
0x589317	10	F85A	1	優しいじゃないか。	상냥하잖아。
0x5892FB	20	F85A	1	ええ、本気になるほどの力もないし。	네、진심 낼 만한 힘도 없고。
0x5892E3	16	F85A	1	それで、逃がしてやってるのか。	그래서、놓아주고 있는 건가。
0x589269	8	F85A	1	違わないって。	다르지 않다니까。
0x58924E	16	F85A	1	それ、なつかれてるのと違うぞ。	그거、따르는 거랑은 다르다。
0x5891DC	15	F85A	1	たぶん、ニンジャの下っ端。	아마、닌자의 말단。
0x5891CB	6	F85A	1	あの子は？	그 애는？
0x589168	10	F85A	1	あら、生きてたの？	어머、살아 있었어？
0x589116	18	F85A	1	あーあ、まきぞえくらわしちゃったか。	아～아、휘말리게 해버렸나。
0x5890FE	10	F85A	1	ご、ごめんなさいー！	죄、죄송합니다！
0x5890B0	14	F85A	1	先輩の仇、今日こそ	선배의 원수、오늘이야말로
0x58900B	10	F85A	1	夢を見ています。	꿈을 꾸고 있습니다。
0x588FE9	14	F85A	1	じゃあ、戦闘中の君に	그럼、전투 중인 자네에게
0x588F2C	19	F85A	1	それで、２人のしゃべり方の違いが	그래서、２명의 말투 차이가
0x588E58	5	F85A	1	あの子は	그 아이는
0x588C91	10	F85A	1	君の体なんだが、	자네 몸 말인데、
0x588C70	8	F85A	1	ちょっといいか？	잠깐 괜찮나？
0x588C07	16	F85A	1	いや、そんなことはないでやんす。	아니、그렇지 않습죠。
0x588BBB	12	F85A	1	まったく、あのロボットは	정말、저 로봇은
0x588B71	9	F85A	1	当然でやんす！	당연합죠！
0x588B30	18	F85A	1	言い訳は聞きたくないでやんす！	변명은 듣고 싶지 않습죠！
0x588AE7	3	F85A	1	こら、	이봐、
0x588A68	14	F85A	1	なあ、なあ、後で謝ったら	저기、저기、나중에 사과하면
0x5889E9	12	F85A	1	おお、やるでやんすねぇ。	오오、제법입죠。
0x5889B9	4	F85A	1	おいっ！	어이！
0x588973	12	F85A	1	あれえ、おっかしいなぁ。	어라、이상하네。
0x58895E	10	F85A	1	なにをふざけている。	뭘 장난치고 있나。
0x58887B	5	F85A	1	もしもし？	여보세요？
0x588830	11	F85A	1	いよいよ決戦かぁ。	드디어 결전인가。
0x5884E3	10	F85A	1	よかったでやんすね！	다행입죠！
0x5883F5	12	F85A	1	はて、なんの音ですか？	이런、무슨 소리인가요？
0x588222	9	F85A	1	そうでやんすか～、	그렇습죠～、
0x5881EB	9	F85A	1	かけないでやんす！	뿌리지 않습죠！
0x5881C2	10	F85A	1	捨てないでやんす。	버리지 않습죠。
0x588188	13	F85A	1	いや、そのぐらいの傷なら	아니、그 정도 흠집이라면
0x58812C	14	F85A	1	な、なにをしてるんでやんす？	무、뭘 하고 있습죠？
0x588113	8	F85A	1	なんだってー！！	뭐라고～！！
0x588057	12	F85A	1	うわ、本当でやんす！	우와、정말입죠！
0x58803A	21	F85A	1	見たことのない子が操縦席にいる！	처음 보는 애가 조종석에 있다！
0x58802B	10	F85A	1	どうしたんでやんす？	무슨 일입죠？
0x587F7C	11	F85A	1	なんてロボットらしい！	얼마나 로봇다운가！
0x587F69	11	F85A	1	おおっ、すげえぞアレ！	오옷、대단하다 저거！
0x587F2F	17	F85A	1	大丈夫、気にしてないから。	괜찮아、신경 안 쓰니까。
0x587EBE	7	F85A	1	あれ、これは？	어라、이건？
0x587E81	19	F85A	1	まあ、キャプテンとして当然の事を	뭐、선장으로서 당연한 일을
0x587E4B	12	F85A	1	くそー、覚えてやがれ！	젠장、두고 보자！
0x587E05	14	F85A	1	ええい、全員しめちまえ！	에잇、전부 조져 버려！
0x587DF1	9	F85A	1	おい、やめないか！	어이、그만두지 못해！
0x587DD8	14	F85A	1	オラ、何とか言ってみろ！	야、뭐라고 말 좀 해 봐！
0x587D96	18	F85A	1	ロボットの風上にも置けねえな！	로봇 취급도 못 받을 놈이군！
0x587D81	8	F85A	1	ケッ、人間に	쳇、인간에게
0x587CE0	13	F85A	1	あ、おい、ちょっと待て！	아、어이、잠깐 기다려！
0x587CA0	11	F85A	1	いや、返してないぞ！	아니、안 돌려줬다！
0x587C0E	7	F85A	1	なら返せよ！	그럼 돌려줘！
0x587B5C	6	F85A	1	なんだ、その	뭐냐、그
0x587B24	10	F85A	1	あっ、お前たちは！	앗、너희들은！
0x587962	12	F85A	1	オイラが聞いていたのと	내가 듣던 것과
0x58793C	16	F85A	1	それでも一番暮らしやすくて	그래도 가장 살기 좋고
0x58791B	22	F85A	1	なんだか、実感のない数字でやんすね。	뭔가、실감이 안 나는 숫자입죠。
0x5878AE	7	F85A	1	ちがうちがう！	아니아니！
0x587887	7	F85A	1	宇宙一？	우주 제일？
0x587856	13	F85A	1	いいか、言っとくけどな～	잘 들어、말해 두는데～
0x587811	17	F85A	1	何度でも言ってやるでやんす！	몇 번이라도 말해 주는 겁죠！
0x5877F7	18	F85A	1	なんだと、もういっぺん言ってみろ！	뭐라고、한 번 더 말해 봐라！
0x5877BE	16	F85A	1	だから、よくわかってないんだよ。	그러니까、잘 모른다는 거야。
0x58779A	16	F85A	1	さっきの話と全然違うじゃ	아까 얘기랑 전혀 다르잖
0x58772B	11	F85A	1	もうひとつの話だと、	또 다른 얘기로는、
0x587622	18	F85A	1	住民がほとんどロボットというのは	주민이 대부분 로봇이라는 건
0x5875B1	19	F85A	1	でも、この星についてはなぜかデータが	그래도、이 별에 대해서는 어째선지 데이터가
0x58754B	8	F85A	1	機械の星、	기계의 별、
0x58751F	9	F85A	1	いや～、なんにも？	아니～、아무것도？
0x58750E	9	F85A	1	なにか言ったか？	뭐라고 했나？
0x5874E6	13	F85A	1	（こうでもしねえと、コイツ	（이렇게라도 안 하면、이 녀석
0x58749C	14	F85A	1	なにをワケのわからんことを。	무슨 영문 모를 소리를。
0x58745E	17	F85A	1	カッコつけるより、生きてる方が	폼 잡는 것보다、살아 있는 게
0x58740A	10	F85A	1	いや、マジでそのあと	아니、진짜로 그 뒤에
0x5873E2	12	F85A	1	みえみえのウソをつくな。	뻔한 거짓말 하지 마라。
0x5873BC	8	F85A	1	足をやられた。	다리를 당했다。
0x587390	7	F85A	1	イテテテテッ！	아야야야얏！
0x587328	19	F85A	1	（総員退避、総員退避！	（전원 대피、전원 대피！
0x58727A	13	F85A	1	終わりだ、量産品！	끝이다、양산품！
0x587264	15	F85A	1	（よし、連携が乱れた！）	（좋아、연계가 흐트러졌다！）
0x58718B	4	F85A	1	待て、	기다려、
0x587174	8	F85A	1	ふざけるなあっ！	장난치지 마라！
0x587142	5	F85A	1	はああっ！	하아앗！
0x5870A8	7	F85A	1	そりゃどうも。	그거 고맙군。
0x58702A	4	F85A	1	このぉ！	이 녀석！
0x586D2C	10	F85A	1	がんばってください。	힘내세요。
0x586CB4	18	F85A	1	それに、ごくまれにだが再就職に	게다가、아주 드물게지만 재취업에
0x586C37	5	F85A	1	あのなぁ。	저기 말이야。
0x586C11	14	F85A	1	なんだか、サバイバルですね。	뭔가、서바이벌이네요。
0x586BB6	15	F85A	1	今は使われてない区画を	지금은 안 쓰는 구역을
0x586B36	9	F85A	1	なに、レストランの	뭘、레스토랑의
0x586AFC	11	F85A	1	お元気そうですね。	건강해 보이시네요。
0x586AE0	11	F85A	1	よお、異星の人。	여어、외계인 양반。
0x5869C0	17	F85A	1	普通は４人が限界ですね。	보통은 ４명이 한계네요。
0x5869A4	20	F85A	1	この船には何人まで乗れるのかな？	이 배에는 몇 명까지 탈 수 있지？
0x5868D7	17	F85A	1	これは、政府からの謝礼だ。	이건、정부에서 주는 사례다。
0x5868BD	9	F85A	1	よくやってくれた！	잘해 줬다！
0x5868A3	15	F85A	1	ワクチンを持ち帰りました。	백신을 가지고 돌아왔습니다。
0x586820	5	F85A	1	（さては、	（그렇다면、
0x586808	13	F85A	1	ああ、いや、なんでもない。	아아、아니、아무것도 아니다。
0x5867F3	5	F85A	1	現役？	현역？
0x5867D3	13	F85A	1	ということは、これ全部	그렇다는 건、이거 전부
0x58677B	18	F85A	1	惑星を別にしてある理由か？	행성을 따로 둔 이유인가？
0x586723	15	F85A	1	おいおい、勝手に他人の	어이어이、함부로 남의
0x586643	8	F85A	1	この機会に、	이 기회에、
0x5865BB	13	F85A	1	よし、契約成立だ。	좋아、계약 성립이다。
0x5865A8	11	F85A	1	ちぇ、しょうがねえな。	쳇、어쩔 수 없군。
0x58652F	14	F85A	1	１トンだけだが、９００ペラで	１톤뿐이지만、９００페라에
0x5864F4	19	F85A	1	宇宙船にいったん戻るでやんす。	우주선으로 일단 돌아갑죠。
0x5864DD	15	F85A	1	やれやれ、ひどい目にあった。	이런 이런、험한 꼴 당했다。
0x586463	8	F85A	1	外へ逃げろ！	밖으로 도망쳐！
0x586447	17	F85A	1	しまった、おとり捜査でやんす！	큰일이다、함정 수사입죠！
0x586395	16	F85A	1	なあ、ワクチンを探してるのって	저기、백신을 찾고 있는 건
0x5862AC	12	F85A	1	くそ、逃げられないか。	젠장、도망칠 수 없나。
0x586295	15	F85A	1	後ろから撃たれたでやんす。	뒤에서 맞았습죠。
0x58621C	5	F85A	1	ラジャー！	라저！
0x58620A	10	F85A	1	急いで逃げるぞ！	서둘러 도망친다！
0x58612D	29	F85A	1	所属不明の小型宇宙船を発見しました。	소속 불명의 소형 우주선을 발견했습니다。
0x5860B2	13	F85A	1	ただし、すれ違ったりして	다만、스쳐 지나가거나 해서
0x585FEB	16	F85A	1	武器は、四角いカーソルが	무기는、네모난 커서가
0x585FDB	11	F85A	1	武器の照準は？	무기 조준은？
0x585F67	20	F85A	1	武器を連射してエネルギー切れに	무기를 연사해서 에너지가 떨어지
0x585F55	13	F85A	1	ブースターは加速だな。	부스터는 가속이군。
0x585EAE	15	F85A	1	まず、Ａボタンには、この船の	우선、Ａ버튼에는、이 배의
0x585DD1	12	F85A	1	しかし、古文書には	하지만、고문서에는
0x585D1B	3	F85A	1	へえ！	헤에！
0x585CE0	12	F85A	1	かつて、この世界には	예전에、이 세계에는
0x585CD4	7	F85A	1	伝道師？	전도사？
0x585C86	18	F85A	1	おいおい、そんなに身構えるなよ。	어이어이、그렇게 경계하지 마。
0x585C74	7	F85A	1	なんだって！？	뭐라고！？
0x585C54	11	F85A	1	よお、異星の人。	여어、외계인 양반。
0x585BCA	15	F85A	1	ちぇっ、足元見やがって。	쳇、약점을 잡고 말이야。
0x585B99	17	F85A	1	あ、５００ペラも持ってなかった。	아、５００페라도 없었다。
0x585B4A	6	F85A	1	まいどあり！	매번 감사합니다！
0x585B2A	16	F85A	1	なんだよ、期待させやがって。	뭐야、기대하게 해놓고。
0x585B0E	17	F85A	1	あ、１０００ペラも持ってないや。	아、１０００페라도 없네。
0x585AC0	14	F85A	1	１０００ペラで買ってくれ。	１０００페라에 사 줘。
0x585A93	13	F85A	1	ちゃんと動くと思うが、	제대로 움직일 거라고 보는데、
0x585A75	14	F85A	1	野球人形のパーツだ。	야구 인형 부품이다。
0x585A52	13	F85A	1	宇宙ワクチン１トンだ。	우주 백신 １톤이다。
0x585A33	11	F85A	1	一体、なんですか？	대체、뭔가요？
0x585A01	11	F85A	1	よお、異星の人。	여어、외계인 양반。
0x5859C1	21	F85A	1	あ、仕事をサボる口実にはするなよ！	아、일 땡땡이치는 핑계로 쓰지 마라！
0x58595F	18	F85A	1	まあ、明日死ぬかもしれないのに	뭐、내일 죽을지도 모르는데
0x5858F5	18	F85A	1	そのあたりはバランスの問題だな。	그 부분은 균형의 문제군。
0x585837	12	F85A	1	おいおい、だからといって	어이어이、그렇다고 해서
0x5857D9	21	F85A	1	なにを熱心にやっているかと思ったら、	뭘 열심히 하나 했더니、
0x585733	11	F85A	1	あはは、こんなことじゃ	아하하、이런 걸로는
0x5856AC	8	F85A	1	あれでいいのか？	저래도 되는 건가？
0x585682	18	F85A	1	あーっ、こいつ中で笑ってんな！？	아앗、이 녀석 속으로 웃고 있잖아！？
0x585617	20	F85A	1	あなたとは、改めて決着をつけます。	당신과는、다시 결착을 내겠어요。
0x585606	6	F85A	1	な、なによ。	뭐、뭐야。
0x5855A9	18	F85A	1	別に情けをかけてもらわなくても、	딱히 동정 안 받아도、
0x585562	6	F85A	1	え、なんだ？	에、뭐냐？
0x585545	8	F85A	1	よし、とどめだ！	좋아、마무리다！
0x585409	20	F85A	1	（宇宙港のあたりでもうろつくか。）	（우주항 근처나 어슬렁거릴까。）
0x5853F5	13	F85A	1	そうか、仕方がないな。	그런가、어쩔 수 없군。
0x5853D0	22	F85A	1	残念ながら、現在ワクチンの在庫は	아쉽게도、현재 백신 재고는
0x585338	15	F85A	1	現在、ワクチンの在庫は	현재、백신 재고는
0x5852DC	9	F85A	1	さて、どうしよう。	자、어떻게 하지。
0x5852A2	12	F85A	1	（オイラの話は、誰も	（내 얘기는、아무도
0x585274	3	F85A	1	ケッ！	쳇！
0x585219	14	F85A	1	バッキャロウ、まず最初に	이 바보 자식、우선 처음에
0x5851B9	18	F85A	1	死んでからも爆発物を、３m	죽고 나서도 폭발물을、３미터
0x58513A	8	F85A	1	まあ、そうだな。	뭐、그렇군。
0x58510C	6	F85A	1	おいメガネ。	어이 안경。
0x5850DF	13	F85A	1	ククク、当然でやんす。	크크크、당연합죠。
0x585088	9	F85A	1	すごいでやんすよ。	대단합죠。
0x584FC8	19	F85A	1	強大な力に反抗して、それでも	강대한 힘에 반항하고、그래도
0x584E48	14	F85A	1	ククク、楽しかったですよ。	크크크、즐거웠어요。
0x584DF0	9	F85A	1	（うぎゃあああ！）	（으갸아아아！）
0x584D9E	16	F85A	1	あ～あ、あんたら運が悪いね。	아～아、너희들 운이 나쁘구나。
0x584D63	12	F85A	1	いたぞ、侵入者だ！	있다、침입자다！
0x584C88	5	F85A	1	違うわ。	아니야。
0x584C6B	4	F85A	1	あなたは	당신은
0x584C2B	5	F85A	1	あらあら？	어머어머？
0x584BB0	15	F85A	1	さあ、ゲーム再開でやんす！	자、게임 재개입죠！
0x584B66	18	F85A	1	でも、ペナルティーはあるんでやんす。	그래도、페널티는 있습죠。
0x584B55	9	F85A	1	そりゃあよかった。	그거 다행이군。
0x584B1F	15	F85A	1	いや、こっちは戦闘ですぐに	아니、이쪽은 전투로 바로
0x584AB1	20	F85A	1	ゲーム機の電源が切れそうなときは	게임기 전원이 꺼질 것 같을 때는
0x5849B6	16	F85A	1	それとも、セーブせずに電源を	아니면、저장하지 않고 전원을
0x584980	23	F85A	1	前回は、任務に失敗したでやんすね？	지난번엔、임무에 실패했습죠？
0x58491E	15	F85A	1	おい、個人用武器って	어이、개인용 무기라니
0x58481C	12	F85A	1	さあ、完成しました。	자、완성됐습니다。
0x5847A2	9	F85A	1	大丈夫です！	괜찮습니다！
0x584785	21	F85A	1	今、手持ちが２０００もないんだけど。	지금、가진 게 ２０００도 안 되는데。
0x58467A	21	F85A	1	すげえ技術だと俺は思うんだけどな。	대단한 기술이라고 나는 생각하는데。
0x58442C	12	F85A	1	くそ、逃げられないか。	젠장、도망칠 수 없나。
0x584415	15	F85A	1	後ろから撃たれたでやんす。	뒤에서 맞았습죠。
0x5843A0	5	F85A	1	ラジャー！	라저！
0x58438E	10	F85A	1	急いで逃げるぞ！	서둘러 도망친다！
0x5842A5	25	F85A	1	不審な小型宇宙船を発見しました。	수상한 소형 우주선을 발견했습니다。
0x58401E	13	F85A	1	なんとか切り抜けたな。	그럭저럭 넘겼군。
0x583FCA	9	F85A	1	あいつら、いったい	저 녀석들、대체
0x583EB4	4	F85A	1	わあっ！	와앗！
0x583E78	8	F85A	1	怪シイ奴メ！	수상한 놈！
0x583E44	12	F85A	1	うわっ、マグマスライムが	우왓、마그마 슬라임이
0x583E1F	14	F85A	1	うわっ、モンスターでやんす！	우왓、몬스터입죠！
0x583DCA	12	F85A	1	とりあえず、逃げよう。	일단、도망치자。
0x583DA2	17	F85A	1	それでも、衝撃波で船体に	그래도、충격파로 선체에
0x583D70	21	F85A	1	近くをビームが通過しただけでやんす。	근처를 빔이 지나갔을 뿐입죠。
0x583C6D	11	F85A	1	うわ、撃ってきた！？	우와、쏘기 시작했다！？
0x583BCD	29	F85A	1	所属不明の小型宇宙船を発見しました。	소속 불명의 소형 우주선을 발견했습니다。
0x583B90	15	F85A	1	なんとか、元気づけられない	어떻게든、기운을 북돋울 수 없
0x583B7D	8	F85A	1	暗いでやんす！	어둡습죠！
0x583B20	14	F85A	1	まあ、夢がかなったのだから	뭐、꿈이 이루어졌으니
0x583AE5	17	F85A	1	私は「敵を１００人殺す」と	나는 「적을 １００명 죽인다」고
0x583AB8	7	F85A	1	へえ、それなら	헤에、그렇다면
0x583A83	15	F85A	1	それなら、神への願い事を	그렇다면、신에게 소원을
0x583A6A	17	F85A	1	戦争と関係ないので頼む！	전쟁과 상관없는 걸로 부탁한다！
0x583A3B	12	F85A	1	ああ、それならあったな。	아아、그거라면 있었지。
0x5839B5	19	F85A	1	うーん、すぐに兵隊になったからな。	으음、바로 군인이 됐으니까。
0x58398F	16	F85A	1	子供の頃は、どんな遊びを	어릴 적엔、어떤 놀이를
0x58391E	10	F85A	1	ああ、待ちたまえ。	아아、기다리게。
0x5838E4	3	F85A	1	では、	그럼、
0x58379C	3	F85A	1	では、	그럼、
0x583749	14	F85A	1	購入するワクチンの量を	구입할 백신의 양을
0x583706	12	F85A	1	あー、よくわかりました。	아、잘 알겠습니다。
0x583668	21	F85A	1	あら、積荷に損害が出た場合、	어머、적재물에 손해가 난 경우、
0x583650	13	F85A	1	それはどういう意味だ？	그건 무슨 뜻이냐？
0x5835C5	12	F85A	1	ああ、まあしかたないよ。	아아、뭐 어쩔 수 없지。
0x58355B	7	F85A	1	（ここはプロに	（여긴 프로에게
0x583541	18	F85A	1	（また、丸め込んでるでやんす。）	（또、구워삶고 있습죠。）
0x58350E	15	F85A	1	お仕事、ごくろうさまです。	일하시느라、수고 많으십니다。
0x5832AF	7	F85A	1	こうなったら、	이렇게 된 이상、
0x58326E	14	F85A	1	いったい誰がこんなことを？	대체 누가 이런 짓을？
0x583255	15	F85A	1	大統領親子でやんす！	대통령 부자입죠！
0x5831F3	10	F85A	1	これからの宇宙に	앞으로의 우주에
0x5831B8	9	F85A	1	（バンバンバン！）	（탕탕탕！）
0x583184	18	F85A	1	それには一つ問題がありますね。	거기엔 한 가지 문제가 있네요。
0x58311D	3	F85A	1	たとえ	설령
0x5830D2	4	F85A	1	なんだ、	뭐냐、
0x583087	8	F85A	1	俺はキャプテン	나는 선장
0x583075	10	F85A	1	どっちが曲者だ！	어느 쪽이 수상한 자냐！
0x583059	17	F85A	1	ええい、あの曲者どもを殺せ！	에잇、저 수상한 자들을 죽여라！
0x583033	15	F85A	1	そこの方、助けてください！	거기 분、도와주세요！
0x583019	7	F85A	1	ああ、助けて	아아、살려
0x582FA2	9	F85A	1	後ろから声が？	뒤에서 목소리가？
0x582F53	18	F85A	1	いいですか、この道はニンジャだけが	잘 들으세요、이 길은 닌자만이
0x582F3A	17	F85A	1	こんな道があるなんて驚きだな。	이런 길이 있다니 놀랍군。
0x582F01	10	F85A	1	いや、君のおかげで	아니、자네 덕분에
0x582E6D	19	F85A	1	ああ、じゃあ秘密の地下道から	아아、그럼 비밀 지하도로
0x582E38	12	F85A	1	とりあえず、逃げよう。	일단、도망치자。
0x582E10	17	F85A	1	それでも、衝撃波で船体に	그래도、충격파로 선체에
0x582DDE	21	F85A	1	近くをビームが通過しただけでやんす。	근처를 빔이 지나갔을 뿐입죠。
0x582CF1	11	F85A	1	うわ、撃ってきた！？	우와、쏘기 시작했다！？
0x582C55	25	F85A	1	不審な小型宇宙船を発見しました。	수상한 소형 우주선을 발견했습니다。
0x582C2A	9	F85A	1	よし、完成だ！	좋아、완성이다！
0x582B57	14	F85A	1	さて、このパーツの設定は	자、이 부품 설정은
0x582B33	6	F85A	1	まいどあり！	매번 감사합니다！
0x582AD4	13	F85A	1	なんだ、残念だったね。	뭐야、아쉽게 됐군。
0x582A59	13	F85A	1	おや、あんた運がいいな。	이런、당신 운이 좋군。
0x5826AC	12	F85A	1	それと、こういうものは、	그리고、이런 것은、
0x582658	12	F85A	1	あ、銃じゃないですか。	아、총이잖아요。
0x582640	16	F85A	1	そこで、これをプレゼントしよう。	그래서、이걸 선물하지。
0x5825E7	20	F85A	1	キャプテン、キミの戦闘力は高い。	선장、자네 전투력은 높다。
0x582550	8	F85A	1	仕方がない、	어쩔 수 없다、
0x5824F5	18	F85A	1	この前、あなたが買っていってから	지난번에、당신이 사 간 뒤로
0x582313	5	F85A	1	（オイラ、	（나、
0x5822A6	14	F85A	1	タダじゃないんでやんすか～！	공짜가 아닙죠～！
0x582290	14	F85A	1	ええ、料金は格安で。	네、요금은 아주 싸게。
0x582267	11	F85A	1	こういう義理堅い	이런 의리 있는
0x5820F0	14	F85A	1	（そのエサにつられたくせに、	（그 미끼에 걸려 놓고서、
0x5820A0	13	F85A	1	ええい、この役立たず！	에잇、이 쓸모없는 놈！
0x58203D	12	F85A	1	そんなことは当然だ。	그런 건 당연하다。
0x581FCD	8	F85A	1	今回の件に	이번 건에
0x581F8A	13	F85A	1	貴様、どういうことだ！	네놈、무슨 소리냐！
0x581F31	8	F85A	1	化石燃料	화석 연료
0x581EB5	20	F85A	1	あいつら何を食ってるんでやんすかね？	저 녀석들 뭘 먹고 사는 겁죠？
0x581E46	16	F85A	1	ものすごく遠くに故郷がある	엄청나게 먼 곳에 고향이 있는
0x581E29	21	F85A	1	この星は連中が支配してるらしい。	이 별은 저 녀석들이 지배한다더군。
0x581DA4	14	F85A	1	そりゃあ、俺たちがいるのは	그야、우리가 있는 건
0x581D8A	18	F85A	1	思ってたより熱くないでやんすね？	생각보다 덥지 않습죠？
0x581D70	10	F85A	1	ここが炎の惑星	여기가 불꽃의 행성
0x581D2D	20	F85A	1	理解してほしいなんて思ってないよ。	이해해 달라고는 생각 안 해。
0x581CBD	15	F85A	1	だから、わざとそうしてるのよ。	그래서、일부러 그러는 거야。
0x581C90	15	F85A	1	あたしさあ、「お約束」って	나 말이야、「클리셰」라는 거
0x581C73	18	F85A	1	じゃあ、縁起が悪いじゃないか！	그럼、재수가 없잖아！
0x581C61	7	F85A	1	うん、そうよ。	응、그래。
0x581C35	18	F85A	1	それって、ひょっとしてその人物が	그거、혹시 그 인물이
0x581BEE	16	F85A	1	「お約束」ってヤツかしらね。	「클리셰」라는 거려나。
0x581BA9	14	F85A	1	あ、それ片付けないでね。	아、그거 치우지 마。
0x581B65	17	F85A	1	じゃ、冒険に行きましょうか。	그럼、모험하러 갈까요。
0x581B2D	12	F85A	1	わかった、任しといて！	알겠어、맡겨 둬！
0x581B10	5	F85A	1	（そうね。	（글쎄。
0x581AEE	16	F85A	1	次、なにか食べたいものある？	다음에、뭔가 먹고 싶은 거 있어？
0x581A9A	8	F85A	1	（ゴメンゴメン。	（미안미안。
0x581991	6	F85A	1	あら、やだ。	어머、싫어라。
0x581963	7	F85A	1	はじめまして、	처음 뵙겠습니다、
0x5818C8	24	F85A	1	脱出する適当な船に投げ込んどこう。	탈출하는 적당한 배에 던져 넣어 두자。
0x58188D	8	F85A	1	うーん、なんだか	으음、뭔가
0x58184B	13	F85A	1	誰が先輩だ、誰が！	누가 선배냐、누가！
0x5817B0	5	F85A	1	悪いね？	미안하네？
0x58177C	14	F85A	1	ええい、てこずらせやがって！	에잇、애먹이는군！
0x581595	10	F85A	1	さて、どうしようか。	자、어떻게 할까。
0x5814E9	17	F85A	1	まあ、しょうがないとあきらめよう。	뭐、어쩔 수 없다고 포기하자。
0x5814D0	17	F85A	1	どうしてこうなっちゃうんでしょう？	어째서 이렇게 되는 걸까요？
0x5814B5	13	F85A	1	おのれ、裏切り者ー！	이놈、배신자～！
0x581411	11	F85A	1	ニンジャだ、来るぞ！	닌자다、온다！
0x5813D8	5	F85A	1	オホホホ！	오호호호！
0x5813A8	22	F85A	1	無理だ、話が通じる様子じゃない！	무리다、말이 통할 기색이 아니다！
0x581386	12	F85A	1	うわあ、味方ですよ！	우와아、아군이에요！
0x58134A	15	F85A	1	ひええ、手裏剣でやんす！	히이익、수리검입죠！
0x58124C	6	F85A	1	そうだとも。	그렇고말고。
0x5811DD	15	F85A	1	オレは宇宙の男ではなく、	나는 우주의 사나이가 아니라、
0x5811B0	20	F85A	1	宇宙の男なら、そんな細かいことを	우주의 사나이라면、그런 사소한 걸
0x581166	18	F85A	1	オレは許可した覚えはないがな。	나는 허락한 기억이 없다만。
0x58114D	17	F85A	1	しかし、みんなはそう呼んでるぞ。	하지만、다들 그렇게 부르는데。
0x5810B5	16	F85A	1	この星も、いろいろと大変な	이 별도、여러모로 힘든
0x58106B	11	F85A	1	オイコラ、そこの者！	이봐 거기、그대！
0x581001	5	F85A	1	というと？	그러니까？
0x580FAA	17	F85A	1	まあ、惑星のアイドルなんだから	뭐、행성의 아이돌이니까
0x580F7F	16	F85A	1	いくらカワイイからって、これじゃ	아무리 귀엽다고 해도、이건
0x580EAA	20	F85A	1	（参ったな、時間がかかりそうだ。）	（난감하네、시간이 걸리겠어。）
0x580E95	17	F85A	1	ああ、そりゃそうなんだろうけどさ。	아아、그야 그렇겠지만 말이야。
0x580E3A	14	F85A	1	そんなものを使っていたら、	그런 걸 쓰고 있으면、
0x580DF4	12	F85A	1	次の機会を待つ。	다음 기회를 기다린다。
0x580DE0	12	F85A	1	近づいてこなかったら？	다가오지 않으면？
0x580D8E	21	F85A	1	確実に標的に当てられる状況に	확실히 표적을 맞힐 수 있는 상황에
0x580D2D	14	F85A	1	つまり、インタビューがしたい	즉、인터뷰를 하고 싶다
0x580CAD	17	F85A	1	あ、連中の落し物でやんす！	아、저 녀석들이 흘린 물건입죠！
0x580C17	10	F85A	1	貴様はキャプテン	네놈은 선장
0x580B32	12	F85A	1	ややっ、貴様らは？！	이런、네놈들은？！
0x580A5D	12	F85A	1	今から特訓である。	지금부터 특훈이다。
0x580A53	5	F85A	1	は、はい？	네、네？
0x580985	11	F85A	1	ええい、恥を知れ！	에잇、부끄러운 줄 알아라！
0x58095E	8	F85A	1	（ビリビリビリ）	（찌릿찌릿찌릿）
0x580949	13	F85A	1	なかなかカワイイ娘だろ？	제법 귀여운 아가씨지？
0x58078C	22	F85A	1	ここの人間は信念で支えられている。	여기 사람들은 신념으로 지탱된다。
0x580775	12	F85A	1	小さい女の子をか？	어린 여자애를 말인가？
0x58071B	11	F85A	1	ある日、幼い私は	어느 날、어린 나는
0x58070C	7	F85A	1	ああ、それで？	아아、그래서？
0x58060E	4	F85A	1	ですね。	그렇네요。
0x5805BA	12	F85A	1	それと、これもあなたに。	그리고、이것도 당신에게。
0x5804C3	18	F85A	1	今回の一件では、あなた方に	이번 일에서는、당신들에게
0x58044B	14	F85A	1	そっちの予算からこっちに	그쪽 예산에서 이쪽으로
0x580423	12	F85A	1	うわ、これは厳しいな。	우와、이건 빡빡하군。
0x5803FF	9	F85A	1	ああ、助かるよ！	아아、고맙다！
0x5803C2	17	F85A	1	うまく節約したでやんすからね。	잘 아꼈습죠。
0x58027D	8	F85A	1	うむ、ごくろう。	음、수고했다。
0x5801FF	19	F85A	1	（まあ、これからが大変なんだがな。	（뭐、지금부터가 큰일이지만。
0x5801D7	13	F85A	1	脱出成功でやんす！	탈출 성공입죠！
0x5801B5	20	F85A	1	すぐにヒーローを迎えに行きましょう！	당장 영웅을 마중하러 갑시다！
0x5801A1	15	F85A	1	よかった、無事だったのか！	다행이다、무사했나！
0x58017F	13	F85A	1	あ、レーダーに反応が！	아、레이더에 반응이！
0x57FEF4	13	F85A	1	影が３人ともやられた。	그림자가 ３명 다 당했다。
0x57FE69	21	F85A	1	そんな、格好の研究素材なのに！	그런、더없이 좋은 연구 소재인데！
0x57FDED	7	F85A	1	そうかそうか。	그런가 그런가。
0x57FDB5	15	F85A	1	君は、この子のことについて	자네는、이 아이에 대해
0x57FDA1	15	F85A	1	いったいどういうことなんです？	대체 무슨 일인가요？
0x57FD53	9	F85A	1	どうしたもなにも、	무슨 일이고 뭐고、
0x57FD3A	14	F85A	1	ど、どうしたんです博士。	무、무슨 일입니까 박사님。
0x57FD24	11	F85A	1	（うおおおおおっ？！）	（우오오오오옷？！）
0x57FD08	10	F85A	1	では、失礼して。	그럼、실례하겠네。
0x57FCBF	21	F85A	1	ふーむ、君の構造は科学者として	흐음、자네 구조는 과학자로서
0x57FC5C	20	F85A	1	じゃあ、どの要素を犠牲にしよう？	그럼、어느 요소를 희생할까？
0x57FBA7	17	F85A	1	さらに、どの要素を伸ばそう？	더불어、어느 요소를 키울까？
0x57FAB7	17	F85A	1	次に、どの要素を伸ばそう？	다음으로、어느 요소를 키울까？
0x57FA53	14	F85A	1	マイナスイオンが出てます！	음이온이 나옵니다！
0x57FA35	20	F85A	1	自然に優しい仕様になってます！	자연 친화적인 사양입니다！
0x57FA03	14	F85A	1	デザインが画期的です！	디자인이 획기적입니다！
0x57F9E7	18	F85A	1	凡人にその違いはわかりません！	범인은 그 차이를 모릅니다！
0x57F8D3	17	F85A	1	この船の備品を利用して、	이 배의 비품을 이용해서、
0x57F6FE	16	F85A	1	さて、この箱を開けてみるか。	자、이 상자를 열어 볼까。
0x57F664	15	F85A	1	なに、万が一の時のために	뭘、만일을 위해
0x57F5B8	9	F85A	1	よくやってくれた。	잘해 줬다。
0x57F4B2	13	F85A	1	まあ、生きてさえいれば、	뭐、살아만 있으면、
0x57F458	16	F85A	1	ああ、ずっと隠れていたからな。	아아、계속 숨어 있었으니까。
0x57F3C4	5	F85A	1	こっちだ、	이쪽이다、
0x57F37D	19	F85A	1	うわっ、死体だらけじゃないですか。	우왓、시체투성이잖아요。
0x57F34C	5	F85A	1	（ズガン！	（쾅！
0x57F2F9	22	F85A	1	ええい、先にこの巨大モグラを倒すぞ！	에잇、먼저 이 거대 두더지를 쓰러뜨린다！
0x57F276	18	F85A	1	というわけで、教育的指導。	그런 이유로、교육적 지도。
0x57F224	13	F85A	1	これシビレ薬入れすぎ！	이거 마비약 너무 많이 넣었어！
0x57F1D7	14	F85A	1	力押しじゃ勝てないから	힘으로만은 못 이기니까
0x57F123	17	F85A	1	お姉さま、お茶が入りましたわ	언니、차 준비됐어요
0x57F05A	24	F85A	1	お前はわが社の宣伝部長に昇格だ！	너는 우리 회사 선전부장으로 승격이다！
0x57EFE4	21	F85A	1	今回の件は、わが社の宇宙船の	이번 건은、우리 회사 우주선의
0x57EFC3	6	F85A	1	よくやった、	잘했다、
0x57EF86	5	F85A	1	もしもし？	여보세요？
0x57EF41	13	F85A	1	いやあ、あぶなかったなぁ。	아이고、위험했구나。
0x57EEC0	15	F85A	1	ちぇっ、足元見やがって。	쳇、약점을 잡고 말이야。
0x57EEA5	11	F85A	1	まったく、がっかりだ。	정말、실망이다。
0x57EE89	17	F85A	1	あ、２５０ペラも持ってなかった。	아、２５０페라도 없었다。
0x57EE54	6	F85A	1	まいどあり！	매번 감사합니다！
0x57EE37	16	F85A	1	なんだよ、期待させやがって。	뭐야、기대하게 해놓고。
0x57EE1B	17	F85A	1	あ、５００ペラも持ってなかった。	아、５００페라도 없었다。
0x57EDAA	20	F85A	1	使われてない倉庫から見つけてきた	안 쓰는 창고에서 찾아낸
0x57ED96	12	F85A	1	なんですか、この箱は。	뭔가요、이 상자는。
0x57ED65	11	F85A	1	あ、ところでこんなもの	아、그런데 이런 걸
0x57ECF0	7	F85A	1	（ありがとう、	（고마워、
0x57EBFA	12	F85A	1	まあ、それはそうだけど。	뭐、그건 그렇지만。
0x57EBCE	9	F85A	1	（でも、あなただと	（그래도、당신이면
0x57EBB2	23	F85A	1	あたしの方が戦闘経験は豊富だよ。	내가 전투 경험은 더 많아。
0x57EB46	13	F85A	1	そうか、よくやってくれた！	그런가、잘해 줬다！
0x57EAFC	20	F85A	1	連中が倉庫を調べている時に、	저 녀석들이 창고를 뒤지고 있을 때、
0x57EAC4	12	F85A	1	ウム、協力ごくろう！	음、협조 수고했다！
0x57EA12	17	F85A	1	（あいつは役に立つでやんす。）	（저 녀석은 도움이 됩죠。）
0x57E9DD	17	F85A	1	ははは、気のせいよ、気のせい！	하하하、기분 탓이야、기분 탓！
0x57E924	12	F85A	1	この映像からすると、	이 영상으로 보면、
0x57E88E	17	F85A	1	ワクチンの任務が終わるまでは	백신 임무가 끝날 때까지는
0x57E856	16	F85A	1	ええっ、シャレになってねえぞ？！	에엣、농담이 아니잖아？！
0x57E825	15	F85A	1	レーザーで警告射撃だ。	레이저로 경고 사격이다。
0x57E7CF	18	F85A	1	なんだよう、固いこと言うなよぉ。	뭐야、딱딱하게 굴지 마。
0x57E733	20	F85A	1	飲み食いして、ギャンブルで負けて。	먹고 마시고、도박으로 잃고。
0x57E721	10	F85A	1	残りの半分は？	나머지 절반은？
0x57E6F0	15	F85A	1	ああ、もう全部使ったよ。	아아、벌써 다 썼어。
0x57E6B0	10	F85A	1	オイラも、イイものを	나도、좋은 걸
0x57E69A	11	F85A	1	あ、どうもすみません。	아、정말 죄송합니다。
0x57E646	15	F85A	1	喜びを分かち合うために、	기쁨을 나누기 위해、
0x57E5F7	10	F85A	1	そうだ、キャプテン！	맞다、선장！
0x57E57F	19	F85A	1	俺のサービス、役に立ってるよね！	내 서비스、도움이 되고 있지！
0x57E50E	12	F85A	1	そうか、すまなかったな。	그런가、미안했다。
0x57E4C3	15	F85A	1	なんだよ、俺がみんなのために	뭐야、내가 다들을 위해서
0x57E492	20	F85A	1	いやあ、俺って役に立ってるよね！？	아이고、나 도움이 되고 있지！？
0x57E477	10	F85A	1	ああ、ごくろうさん。	아아、수고했다。
0x57E459	11	F85A	1	あと、これはキッチンで	그리고、이건 주방에서
0x57E44A	10	F85A	1	ああ、ごくろうさん。	아아、수고했다。
0x57E41F	19	F85A	1	おーい、宇宙船の故障個所	어어이、우주선 고장 부위
0x57E3C0	21	F85A	1	よし、前向きに対応しておいてくれ。	좋아、긍정적으로 대응해 둬。
0x57E348	16	F85A	1	また、とんでもない新種だな！	또、말도 안 되는 신종이군！
0x57E2EB	26	F85A	1	消化吸収した犠牲者の記憶を元に、	소화한 희생자의 기억을 바탕으로、
0x57E2C1	4	F85A	1	「ボクは	「나는
0x57E27D	23	F85A	1	他星からの旅行者の遭難現場で	다른 별에서 온 여행자의 조난 현장에서
0x57E1FF	8	F85A	1	あら、残念。	어머、아쉽네。
0x57E1A3	10	F85A	1	それより、あなたこそ	그보다、당신이야말로
0x57E12A	20	F85A	1	化粧は女の銃であり剣なのです。	화장은 여자의 총이자 검입니다。
0x57E0B4	23	F85A	1	寝起きした時に、食事の後は必ず。	자고 일어났을 때、식사 후에는 반드시。
0x57E03F	3	F85A	1	では、	그럼、
0x57DEF7	3	F85A	1	では、	그럼、
0x57DEA4	14	F85A	1	購入するワクチンの量を	구입할 백신의 양을
0x57DC93	4	F85A	1	あああ、	아아아、
0x57DBBC	17	F85A	1	ええっ、やめた方がいいでやんす！	에엣、그만두는 게 좋습죠！
0x57DABE	4	F85A	1	やたっ、	앗싸、
0x57DA9C	13	F85A	1	あっ、自分だけずるい！	앗、자기만 치사해！
0x57D9B6	13	F85A	1	（まさか、気づかれたか？	（설마、들킨 건가？
0x57D95F	20	F85A	1	外に飛び出しちゃったでやんすよ？！	밖으로 튀어나와 버렸습죠？！
0x57D714	20	F85A	1	じゃあ、どの要素を犠牲にしよう？	그럼、어느 요소를 희생할까？
0x57D687	17	F85A	1	さらに、どの要素を伸ばそう？	더불어、어느 요소를 키울까？
0x57D5BF	17	F85A	1	次に、どの要素を伸ばそう？	다음으로、어느 요소를 키울까？
0x57D596	20	F85A	1	（遠くの地点に移動しました！）	（먼 지점으로 이동했습니다！）
0x57D57A	17	F85A	1	えっ、突入してたでやんすか？！	엣、돌입했었습죠？！
0x57D541	14	F85A	1	なあに、船のコンピュータに	뭘、배의 컴퓨터에
0x57D513	15	F85A	1	知識として知っていても、	지식으로 알고 있어도、
0x57D4A8	16	F85A	1	いくつか発見されてるんだが、	몇 개인가 발견됐지만、
0x57D476	15	F85A	1	宇宙の空間がねじれて、	우주 공간이 뒤틀려서、
0x57D431	15	F85A	1	よし、ワームホールに突入！	좋아、웜홀에 돌입！
0x57D3CB	13	F85A	1	（やれやれ、こっちの方が	（이런 이런、이쪽이
0x57D34E	8	F85A	1	手伝おうか？	도와줄까？
0x57D2FD	15	F85A	1	まったく、最近のロボットは	정말、요즘 로봇은
0x57D29D	14	F85A	1	ええい、お前の言いわけは	에잇、네 변명은
0x57D24F	3	F85A	1	こら、	이봐、
0x57D150	7	F85A	1	いいからもう、	됐으니까 이제、
0x57CFD8	10	F85A	1	なにぃ、そうなのか？	뭐어、그런가？
0x57CF6D	13	F85A	1	そうか、それはありがたい。	그런가、그거 고맙군。
0x57CF31	10	F85A	1	フッ、なんのために？	훗、무엇 때문에？
0x57CEFF	13	F85A	1	フフフ、わかるか小娘。	후후후、알겠느냐 계집애。
0x57CEDB	4	F85A	1	ほほう。	호오。
0x57CD1C	8	F85A	1	さて、人食い	자、식인
0x57CCF6	10	F85A	1	急いで逃げるぞ！	서둘러 도망친다！
0x57CCEB	7	F85A	1	あぶなかった。	위험했다。
0x57CC6B	10	F85A	1	よーし、よくやった！	좋아、잘했다！
0x57CC4F	8	F85A	1	ビーム直撃！	빔 직격！
0x57CBCE	11	F85A	1	うわ、撃ってきた！？	우와、쏘기 시작했다！？
0x57CB98	4	F85A	1	なにい？	뭐어？
0x57CB36	3	F85A	1	では、	그럼、
0x57CACC	12	F85A	1	失礼ですが、あなたの	실례합니다만、당신의
0x57CA5E	12	F85A	1	失礼ですが、あなたの	실례합니다만、당신의
0x57CA0E	17	F85A	1	失礼ですが、あなたの現在の	실례합니다만、당신의 현재
0x57C9B4	14	F85A	1	購入するワクチンの量を	구입할 백신의 양을
0x57C98E	15	F85A	1	へー、面白いでやんすねぇ。	헤에、재미있습죠。
0x57C935	21	F85A	1	親父の残してくれた野球人形に	아버지가 남겨 준 야구 인형에
0x57C8FD	13	F85A	1	光速に近いボール？！	광속에 가까운 공？！
0x57C838	20	F85A	1	ふーん、オイラ初めて野球人形の	흐음、나 처음으로 야구 인형의
0x57C7D2	15	F85A	1	とにかく、行ってみるしかない	어쨌든、가 보는 수밖에 없다
0x57C66B	18	F85A	1	なんか、この星は白いでやんすね？	뭔가、이 별은 하얗습죠？
0x57C40A	16	F85A	1	教育は、すべて会社ごとに	교육은、전부 회사별로
0x57C3BD	6	F85A	1	うむ、それは	음、그건
0x57C3A9	12	F85A	1	それは一体なんです？	그건 대체 뭔가요？
0x57C38D	21	F85A	1	（あまり期待しないで聞いてみよう。）	（너무 기대하지 말고 들어 보자。）
0x57C359	21	F85A	1	また新しい古文書を発掘してな。	또 새 고문서를 발굴해서 말이야。
0x57C344	10	F85A	1	あ、あなたでしたか。	아、당신이었군요。
0x57C328	11	F85A	1	よお、異星の人。	여어、외계인 양반。
0x57C2B6	13	F85A	1	ちょっとだけ我慢しろ。	조금만 참아라。
0x57C29D	17	F85A	1	早く逃げた方がいいでやんす。	빨리 도망치는 게 좋습죠。
0x57C26B	14	F85A	1	今のは聞き流してくれ。	방금 건 흘려들어 줘。
0x57C224	12	F85A	1	どうせ、たいした額には	어차피、대단한 액수는
0x57C19C	18	F85A	1	どうして、こんな危険な宙域に	어째서、이런 위험한 우주 구역에
0x57C0E1	5	F85A	1	あの船を	저 배를
0x57C08F	14	F85A	1	それしか方法はないだろ。	그것밖에 방법이 없잖아。
0x57C079	14	F85A	1	強行突破でやんすか？	강행 돌파입죠？
0x57BFF4	17	F85A	1	そこの船、ただちに停船せよ！	거기 배、즉시 정선하라！
0x57BEC7	23	F85A	1	ううむ、中身は女の子だったでやんすか。	으음、속은 여자애였습죠。
0x57BE98	4	F85A	1	アタシ？	나？
0x57BE7F	14	F85A	1	うわ、アンタ誰でやんす？！	우와、당신 누굽죠？！
0x57BE63	4	F85A	1	ふんふふ	흥후후
0x57BDF6	3	F85A	1	これで	이걸로
0x57BDAE	4	F85A	1	うわあ、	우와아、
0x57BD5E	18	F85A	1	よーし、お前ら全員逮捕だ！	좋아、너희들 전원 체포다！
0x57BD3A	4	F85A	1	ああっ、	아앗、
0x57BD1A	6	F85A	1	ぎゃあああ！	갸아아아！
0x57BCBE	20	F85A	1	大事なワクチンを取られてたまるか！	소중한 백신을 빼앗길 순 없다！
0x57BC69	5	F85A	1	（たしかに	（확실히
0x57BC2E	12	F85A	1	アイツはロボットのくせに	저 녀석은 로봇 주제에
0x57BBA0	21	F85A	1	お前は身体が大きすぎるんでやんす。	당신은 몸이 너무 큽죠。
0x57BB70	14	F85A	1	他に誰がいるんでやんす。	달리 누가 있습죠。
0x57BB33	3	F85A	1	こら、	이봐、
0x57BADA	10	F85A	1	すまん、キャプテン。	미안하다、선장。
0x57BA57	6	F85A	1	わっ、コラ！	왓、이봐！
0x57BA3E	10	F85A	1	おるぁあああああ！！	오라아아아아！！
0x57B913	11	F85A	1	そうだとしても、私は	그렇다 해도、나는
0x57B855	6	F85A	1	あの男は、	저 남자는、
0x57B844	9	F85A	1	ああ、そうだけど。	아아、그렇긴 한데。
0x57B6DF	7	F85A	1	とんでもない！	당치도 않다！
0x57B6C8	12	F85A	1	じゃあ、引退するか？	그럼、은퇴할 건가？
0x57B64B	12	F85A	1	あ、なにか落ちてたぞ。	아、뭔가 떨어져 있다。
0x57B628	15	F85A	1	たぶん、気のせいでやんすよ。	아마、기분 탓입죠。
0x57B602	13	F85A	1	なんだか、すごいチャンスを	뭔가、엄청난 기회를
0x57B5F0	10	F85A	1	どうしたんでやんす？	무슨 일입죠？
0x57B59C	14	F85A	1	事情が判明するまで、	사정이 밝혀질 때까지、
0x57B51A	13	F85A	1	お待ちください姫様！	기다려 주세요 공주님！
0x57B506	12	F85A	1	あら、あれは先日の。	어머、저건 지난번의。
0x57B4CE	11	F85A	1	でもこれで、この星も	그래도 이걸로、이 별도
0x57B3FD	5	F85A	1	それでは、	그럼、
0x57B38B	21	F85A	1	本日の事件は王宮を占拠した	오늘 사건은 왕궁을 점거한
0x57B2D2	19	F85A	1	幸い、敵は攻撃してくれている。	다행히、적은 공격해 주고 있다。
0x57B2B3	10	F85A	1	そんなのとどうやって	그런 걸 어떻게
0x57B27E	17	F85A	1	レーダーには何も映っていない。	레이더에는 아무것도 안 잡힌다。
0x57B262	17	F85A	1	くそ、ステルス船の攻撃か！？	젠장、스텔스선의 공격인가！？
0x57B22F	16	F85A	1	突然攻撃されたでやんす！	갑자기 공격당했습죠！
0x57AEBE	20	F85A	1	じゃあ、どの要素を犠牲にしよう？	그럼、어느 요소를 희생할까？
0x57AE4A	17	F85A	1	さらに、どの要素を伸ばそう？	더불어、어느 요소를 키울까？
0x57AD9B	17	F85A	1	次に、どの要素を伸ばそう？	다음으로、어느 요소를 키울까？
0x57AD6E	3	F85A	1	これで	이걸로
0x57AD26	4	F85A	1	うわあ、	우와아、
0x57ACD6	18	F85A	1	よーし、お前ら全員逮捕だ！	좋아、너희들 전원 체포다！
0x57ACB2	4	F85A	1	ああっ、	아앗、
0x57AC92	6	F85A	1	ぎゃあああ！	갸아아아！
0x57AC36	20	F85A	1	大事なワクチンを取られてたまるか！	소중한 백신을 빼앗길 순 없다！
0x57ABFD	9	F85A	1	やれやれでやんす。	이런 이런입죠。
0x57ABE8	13	F85A	1	なんとか切り抜けたな。	그럭저럭 넘겼군。
0x57AB60	6	F85A	1	けがらわしい	더러운
0x57AB2E	4	F85A	1	おそらく	아마도
0x57AA62	19	F85A	1	大丈夫、気絶しているだけだ。	괜찮다、기절했을 뿐이다。
0x57AA4D	10	F85A	1	ああ、お姫様が！	아아、공주님이！
0x57A979	19	F85A	1	ははは、邪魔者は片付いたか。	하하하、방해꾼은 치웠나。
0x57A884	19	F85A	1	生きる権利を確認するために、	살 권리를 확인하기 위해、
0x57A862	17	F85A	1	それ、どういう芸風でやんすか？	그거、무슨 개그입죠？
0x57A831	9	F85A	1	交代完了！	교대 완료！
0x57A80E	4	F85A	1	ええと、	음、
0x57A7C4	11	F85A	1	（なにか変なものでも	（뭔가 이상한 거라도
0x57A780	10	F85A	1	ま、まじでやんすか？	지、진심입죠？
0x57A745	13	F85A	1	じゃ、永遠の生命！	그럼、영원한 생명！
0x57A72A	16	F85A	1	一応、言ってみるでやんす！	일단、말해 보는 겁죠！
0x57A6D4	16	F85A	1	これは、単なるレクリエーション	이건、단순한 오락
0x57A351	11	F85A	1	そうだとしても、俺は	그렇다 해도、나는
0x57A307	15	F85A	1	放っておけば、そういうことを	내버려 두면、그런 짓을
0x57A2AD	11	F85A	1	気に入らないのか？	마음에 안 드나？
0x57A205	4	F85A	1	あんたが	당신이
0x57A102	17	F85A	1	あ、連中の落し物でやんす。	아、저 녀석들이 흘린 물건입죠。
0x57A005	10	F85A	1	ペラヘブン駐屯の	페라헤븐 주둔
0x579FE4	19	F85A	1	ややっ、お前たちは指名手配の	이런、너희들은 지명수배된
0x579DF3	11	F85A	1	よーし、迎えうつぞ！	좋아、맞받아친다！
0x579D90	4	F85A	1	なにい？	뭐어？
0x579D28	6	F85A	1	まいどあり！	매번 감사합니다！
0x579A04	13	F85A	1	さて、どこに行こうかな。	자、어디로 가볼까。
0x579940	8	F85A	1	うわああああ！？	우와아아아아！？
0x5798E4	18	F85A	1	掃除ロボットが道をふさいだまま	청소 로봇이 길을 막은 채
0x5798B5	15	F85A	1	（ただいまより、このエリアでは	（지금부터、이 구역에서는
0x579879	23	F85A	1	うわ、武装した失業者が襲ってきた！	우와、무장한 실업자가 덮쳐 왔다！
0x5795C8	22	F85A	1	（宇宙船に一緒に乗せる仲間も	（우주선에 함께 태울 동료도
0x57949A	3	F85A	1	では、	그럼、
0x579438	12	F85A	1	失礼ですが、あなたの	실례합니다만、당신의
0x5793E8	17	F85A	1	失礼ですが、あなたの現在の	실례합니다만、당신의 현재
0x579394	14	F85A	1	購入するワクチンの量を	구입할 백신의 양을
0x5792E8	6	F85A	1	これ以上	더 이상
0x5792A2	14	F85A	1	護衛艦がいるでやんす！	호위함이 있습죠！
0x5791DB	22	F85A	1	（爆弾と煙幕弾をまちがえて投げた	（폭탄과 연막탄을 잘못 던졌다
0x5791C7	13	F85A	1	えへへ、まかせてください。	에헤헤、맡겨 주세요。
0x579193	21	F85A	1	いや、雪煙で視界がさえぎられてる。	아니、눈보라로 시야가 가려졌다。
0x579172	16	F85A	1	煙幕って、ただの爆弾じゃ	연막이라니、그냥 폭탄이잖
0x579131	7	F85A	1	了解です！	알겠습니다！
0x579105	10	F85A	1	じゃあ、始めよう。	그럼、시작하자。
0x5790CA	19	F85A	1	よし、まず操作の説明をするぞ。	좋아、우선 조작 설명을 하겠다。
0x57903B	9	F85A	1	なあ、キャプテン。	저기、선장님。
0x578FB5	12	F85A	1	ニンジャの得意技は	닌자의 특기는
0x578FA6	4	F85A	1	ああっ！	아앗！
0x578F98	6	F85A	1	（ばたばた）	（파닥파닥）
0x578F84	4	F85A	1	ぐわっ！	크왓！
0x578F68	9	F85A	1	（ダダダダダダ！）	（다다다다다다！）
0x578F4F	6	F85A	1	貴様は！	네놈은！
0x578F2A	13	F85A	1	お待ちしておりましたよ。	기다리고 있었습니다。
0x578EAE	16	F85A	1	まあ、敵が強いと思ったら、	뭐、적이 강하다 싶으면、
0x578D99	21	F85A	1	ふう、無事に帰ることが出来たぞ。	휴、무사히 돌아올 수 있었다。
0x578D59	17	F85A	1	（ワクチンを１トン購入した！）	（백신을 １톤 구입했다！）
0x578D1B	16	F85A	1	よく考えたらお金がないので、	생각해 보니 돈이 없어서、
0x578CEB	21	F85A	1	ああ、無事に研究所まで来られた	아아、무사히 연구소까지 올 수 있었
0x578C7B	18	F85A	1	どうしても教えて欲しいでやんす！	꼭 알려 줬으면 합죠！
0x578C45	8	F85A	1	そうですわねぇ。	글쎄요。
0x578C2B	15	F85A	1	教えてくれないんでやんすか？	안 가르쳐 줍죠？
0x578BCA	9	F85A	1	な、なんでやんす？	무、뭡죠？
0x578B58	17	F85A	1	女王モグラは、もっと大きい。	여왕 두더지는、더 크다。
0x578B25	14	F85A	1	どうです、やっつけましたよ。	어떻습니까、해치웠어요。
0x578ADC	10	F85A	1	よし、やっつけるぞ！	좋아、해치운다！
0x578AA4	14	F85A	1	うおっ、雪モグラでやんす！	우옷、눈두더지입죠！
0x578A5D	12	F85A	1	ポンコツロボットのくせに	고물 로봇 주제에
0x57890D	15	F85A	1	突撃しろ、撃沈するぞ！	돌격하라、격침시킨다！
0x5788B0	6	F85A	1	その前に、	그전에、
0x57872E	7	F85A	1	抽象的？	추상적？
0x57870C	17	F85A	1	もっと抽象的なものはないので	더 추상적인 건 없어서
0x5786DE	17	F85A	1	さっきの希望を要約すると、	아까 희망을 요약하면、
0x578602	19	F85A	1	遠慮せずに受け取るんだなぁ～。	사양 말고 받는 거다～。
0x5785A0	9	F85A	1	えっ、ワクチン？！	엣、백신？！
0x57856A	16	F85A	1	あ、野球人形のパーツだ。	아、야구 인형 부품이다。
0x57852D	17	F85A	1	（そう言えば、くれるんじゃなくて	（그러고 보니、주는 게 아니라
0x5784EC	11	F85A	1	おお、覚えておるぞ。	오오、기억하고 있느니라。
0x578467	14	F85A	1	おお、よくぞ女王モグラを	오오、잘도 여왕 두더지를
0x578305	4	F85A	1	ああっ！	아앗！
0x578285	22	F85A	1	ひょっとして、不審人物って俺たち？	혹시、수상한 인물이 우리？
0x578265	24	F85A	1	（侵入禁止区域に不審人物！）	（침입 금지 구역에 수상한 인물！）
0x578225	18	F85A	1	じゃあ、どのお守りか選んでくれ。	그럼、어느 부적인지 골라 줘。
0x578211	4	F85A	1	ちぇっ。	쳇。
0x5781D3	12	F85A	1	なんだ、残念だなぁ。	뭐야、아쉽구나。
0x57817E	21	F85A	1	ああ、あんたの運命を変えてくれるぜ。	아아、당신 운명을 바꿔 준다고。
0x57814C	10	F85A	1	おい、そこのアンタ！	어이、거기 당신！
0x5780E8	18	F85A	1	遠慮しなくてもいいんでやんすよ？	사양하지 않아도 됩죠？
0x5780B1	14	F85A	1	（どこでそんな言い回しを	（어디서 그런 말투를
0x578075	17	F85A	1	遠慮しなくていいんでやんすよ？	사양 안 해도 됩죠？
0x577FB8	15	F85A	1	ギャスビゴーの攻撃船だ！	갸스비고의 공격선이다！
0x577F9A	19	F85A	1	変な船が攻撃してきたでやんす！	이상한 배가 공격해 왔습죠！
0x577EEF	11	F85A	1	友好の踊りです。	우호의 춤입니다。
0x577E86	17	F85A	1	うわっ、非人間型でやんす！	우왓、비인간형입죠！
0x577DB8	16	F85A	1	愛についてのコメントでやんす！	사랑에 대한 코멘트입죠！
0x577CDC	17	F85A	1	とりあえず、文章にはしとくよ。	일단、글로는 써 두겠어。
0x577CC1	16	F85A	1	発表するべきかどうか、だな。	발표해야 할지 말지、로군。
0x577CA8	17	F85A	1	うーん、大スクープなんだがなぁ。	으음、특종인데 말이야。
0x577A5C	11	F85A	1	おお、ぶさいくなロボも	오오、못생긴 로봇도
0x5779AE	10	F85A	1	レッツゴーでやんす！	레츠고입죠！
0x577992	20	F85A	1	よし、女王モグラを探しに行くぞ！	좋아、여왕 두더지를 찾으러 간다！
0x57794C	13	F85A	1	さて、どこに行こうかな。	자、어디로 가볼까。
0x57792D	11	F85A	1	ふう、生きのびたか。	휴、살아남았나。
0x5778AA	10	F85A	1	わあ、モンスターだ！	와아、몬스터다！
0x57788C	8	F85A	1	うわ、ゲリラだ！	우와、게릴라다！
0x577839	17	F85A	1	あ、でもこの雪モグラの死体は	아、그래도 이 눈두더지 시체는
0x5777DE	13	F85A	1	とりあえず、やっつけるぞ！	일단、해치운다！
0x5777B0	14	F85A	1	うおっ、雪モグラでやんす！	우옷、눈두더지입죠！
0x577772	12	F85A	1	ポンコツロボットのくせに	고물 로봇 주제에
0x5776C4	16	F85A	1	ふう、なんとか切り抜けたぞ。	휴、그럭저럭 넘겼다。
0x577620	14	F85A	1	うわっ、モンスターでやんす！	우왓、몬스터입죠！
0x5775FD	11	F85A	1	よし、片付いたな。	좋아、정리됐군。
0x57756B	19	F85A	1	よし、歩兵は俺が引き受ける。	좋아、보병은 내가 맡는다。
0x577552	17	F85A	1	でも、急がないとまずいでやんす。	그래도、서두르지 않으면 곤란합죠。
0x577343	12	F85A	1	そういうものじゃなくて、	그런 게 아니라、
0x57725F	13	F85A	1	うわあ、もうだめでやんす！	우와아、이제 글렀습죠！
0x5771BA	5	F85A	1	無事に	무사히
0x577083	14	F85A	1	なんだよ、だめだなお前は。	뭐야、넌 안 되겠구나。
0x576FE5	18	F85A	1	これ以上アイテムは持てないので	더 이상 아이템을 가질 수 없어서
0x576F98	16	F85A	1	もしくは、この森の生き物に	아니면、이 숲의 생물에게
0x576F80	16	F85A	1	誰かの落し物でやんすかね？	누군가 흘린 물건입죠？
0x576F2C	6	F85A	1	あ、そうか！	아、그렇구나！
0x576EF9	21	F85A	1	へへへ、報告書は俺が書くからさ。	헤헤헤、보고서는 내가 쓸 테니까。
0x576EB0	8	F85A	1	あ、キャプテン！	아、선장님！
0x576E1F	10	F85A	1	もうダメでやんす～！	이제 글렀습죠～！
0x576E0C	8	F85A	1	うわぁあああ！？	우와아아아！？
0x576D90	19	F85A	1	本当に、お金だけなんでやんすか？	정말로、돈뿐입죠？
0x576D29	16	F85A	1	どこに行ったんでやんすかねぇ？	어디로 간 겁죠？
0x576CFA	13	F85A	1	なんか、変でやんすねぇ？	뭔가、이상합죠？
0x576CD5	17	F85A	1	いや、ここに星があるはずなんだが	아니、여기 별이 있을 텐데
0x576CC3	10	F85A	1	どうしたんでやんす？	무슨 일입죠？
0x576CB8	6	F85A	1	おかしいな。	이상하군。
0x576B85	9	F85A	1	しょうがねえだろ、	어쩔 수 없잖아、
0x576B6F	11	F85A	1	ストレートでやんすね。	직설적입죠。
0x576AFB	9	F85A	1	ああ、助かるよ。	아아、고맙다。
0x576AB4	8	F85A	1	あ、キャプテン！	아、선장님！
0x5769FC	9	F85A	1	了解でやんす。	라저입죠。
0x57699C	12	F85A	1	しまった、見つかった！	큰일이다、들켰다！
0x5767E9	17	F85A	1	いや、別にプレゼントの希望を	아니、딱히 선물 희망을
0x576637	8	F85A	1	（うあああああ！	（우아아아아아！
0x5765F3	14	F85A	1	フム、言葉で示すよりも	흠、말로 보이기보다
0x5765C5	20	F85A	1	女王モグラ討伐成功でやんす！	여왕 두더지 토벌 성공입죠！
0x57657D	16	F85A	1	こんどこそ逃がさないでやんす！	이번엔 놓치지 않습죠！
0x576564	14	F85A	1	あっ、あの女王モグラだ！	앗、저 여왕 두더지다！
0x576420	18	F85A	1	ご協力、ありがたくないでやんす。	협조해 주셔서、고맙지 않습죠。
0x576186	8	F85A	1	ついてくるなよ！	따라오지 마！
0x575D06	17	F85A	1	お墓でも作ってあげるでやんす。	무덤이라도 만들어 주는 겁죠。
0x575C93	10	F85A	1	こはがまんするんだ。	여긴 참는 거다。
0x575C7B	16	F85A	1	でも、せっかく女王モグラが！	그래도、모처럼 여왕 두더지가！
0x575BA8	4	F85A	1	ああっ、	아앗、
0x575B91	8	F85A	1	うわぁあああ！？	우와아아아！？
0x5759A7	16	F85A	1	ははは、まあ大事なものだな。	하하하、뭐 중요한 거지。
0x575947	12	F85A	1	それ、大事なことね。	그거、중요한 일이네。
0x5758A1	18	F85A	1	ああ、ちょっと直接的すぎたな。	아아、좀 너무 직접적이었군。
0x57585C	3	F85A	1	あの、	저、
0x5757F2	8	F85A	1	ええ、ちょっと。	네、좀。
0x5756FA	7	F85A	1	機械の星	기계의 별
0x57557F	12	F85A	1	とくになにもなかったな。	특별히 아무것도 없었군。
0x575448	5	F85A	1	水の星	물의 별
0x57532B	21	F85A	1	今日は、共に冒険をする仲間と	오늘은、함께 모험할 동료와
0x575108	12	F85A	1	オウ、間違えました。	오우、틀렸습니다。
0x574FE0	15	F85A	1	時間のムダだったでやんす。	시간 낭비였습죠。
0x574FBF	13	F85A	1	やっぱり、この宙域には	역시、이 우주 구역에는
0x574F24	12	F85A	1	とくになにもなかったな。	특별히 아무것도 없었군。
0x574E94	19	F85A	1	今日は平和な一日だったな。	오늘은 평화로운 하루였군。
0x574DC6	12	F85A	1	失礼ですが、あなたの	실례합니다만、당신의
0x574D86	12	F85A	1	失礼ですが、あなたの	실례합니다만、당신의
0x574D4C	12	F85A	1	とくになにもなかったな。	특별히 아무것도 없었군。
0x574BE0	24	F85A	1	ああ、やっぱり生まれ故郷は落ちつくなぁ。	아아、역시 고향은 마음이 놓이는구나。
0x574A3F	16	F85A	1	ご協力、ありがとうでやんす。	협조해 주셔서、고맙습죠。
0x571D60	6	FC	23	搭さいあい	
0x5DCCDE	5	FB	18	賞金は	상금
0x5DCCEA	4	F822	18	ペラだ。	페라다。
0x5721F4	4	FE	16	搭さい	
0x594D19	4	F808	16	ドラッカ	드라
0x581FA5	4	F808	15	ニンゲツ	닌게
0x5942E2	6	F808	14	ギャスビゴー	갸스비
0x5BCC66	5	F808	14	オトコ薬	정력
0x593716	4	F808	14	ゲフェン	게펜
0x5DCD1A	6	F80B	13	名前は、	이름은
0x57B404	4	F808	13	ソネムラ	소네
0x57B824	6	F808	12	エドゥアルト	에두아
0x5BC7AD	4	F808	12	ピカーリ	피카
0x575703	3	F808	11	コテツ	코테츠
0x5DCC97	22	FA	10	新しい賞金首の情報が入ったぜ。	새 현상범 정보 왔다。
0x5DCCFF	22	FA	10	賞金首の目撃情報が入ったぜ。	현상범 목격정보 왔다
0x56FB6C	8	FF	10	ミラクルスパイス	미라클
0x5DCC8F	7	F822	10	ょ伏中の、	잠복 중인、
0x5C4CE3	5	F808	10	パストール	파스
0x575708	9	F809	9	に到着したぞ。	도착했다。
0x5BADB4	9	F808	9	アステロイドベルト	소행성대
0x5D076B	9	F808	9	海賊の姫君	해적 공주
0x570B65	5	FC	9	あさいせい	
0x571925	5	FA	9	あさいづい	
0x5753F6	5	F808	9	ドマグニー	도마
0x57ADEF	4	F815	9	球速	구속
0x575456	7	F809	8	に着いたぞ。	에 도착
0x582274	7	F808	8	ペラヘブン人	페라인
0x57871E	5	FA	8	やんすか？	습죠？
0x57BB38	4	F808	8	ロボ男	로봇
0x56F889	3	FC	8	あさい	
0x57534F	15	FA	7	突撃インタビューでやんす！	돌격인터뷰입죠！
0x575341	13	FA	7	結束を深めるために、	결속을 위해、
0x5BBC36	12	F825	7	君がやられたでやんす！	당했습죠！
0x571A5F	9	FC	7	いぱろへい２ろへい	
0x5781EC	8	F815	7	よし、買った！	샀다！
0x5DB145	8	F8F8	7	内容確認	내용확인
0x57275A	7	FC	7	さいみあさいす	
0x5DB13C	7	F815	7	他の依頼	딴 의뢰
0x5DB14F	7	F8F8	7	これに決定	결정
0x5D938E	5	F808	7	森の主	숲왕
0x5B7E5E	4	F822	7	さいＹあ	
0x5BAE9E	3	F8F8	7	その５	그５
0x5BAEA3	3	F8F8	7	その６	그６
0x5BB346	3	F815	7	断る	거절한다
0x57949E	19	FA	6	またのお越しをお待ちしております。	또 오시길 바랍니다。
0x5D9024	16	FB	6	オイラだけでも逃げるでやんす。	저라도 도망칩죠。
0x5614E1	12	F9	6	たペ「づたァ＋がァＲ鴬	
0x5D9017	12	FA	6	負けちゃったでやんす。	져버렸습죠。
0x57ADF5	10	F8F8	6	ヨコ方向変化	가로 변화
0x57D625	10	F8F8	6	タテ方向変化	세로 변화
0x5D8312	10	FC	6	さい尅さいゲビもい	
0x56FB54	7	FF	6	ピカクリスタル	피카석
0x5BF2DA	7	F8F8	6	絶対断る	꼭 거절
0x57CD26	6	F808	6	サラマンダー	도롱뇽
0x5944EC	6	F808	6	市民権	시민권
0x59F0A0	6	F808	6	ウインダスト	윈다스
0x5720D0	5	FC	6	搭さい（	
0x57AD2D	5	F829	6	退却！	퇴각！
0x5719EC	4	FC	6	尅さい	
0x573382	4	FC	6	さいあい	
0x58120E	4	F808	6	ロバート	로벗
0x59416E	4	F808	6	オオガミ	오가
0x5DB1B2	4	F822	6	あうペラ	
0x5793C1	3	F8F8	6	１トン	１톤
0x5ABA39	3	F808	6	プアゾ	푸아조
0x5DA03B	3	F8F8	6	戻る	돌아간다
0x574D93	18	FA	5	支払い能力を超えています。	지불 능력 초과。
0x574DA9	17	FE	5	もっと少ない量にしてください。	더 적은 양으로 해 주세요。
0x5DBEDF	16	F85A	5	（賞金首を捕まえました。	（현상범 체포。
0x5B89B4	13	F800	5	っあさいがあさいごあさいせ	
0x5DBEFD	13	F809	5	の賞金稼ぎ組合で	현상금 조합
0x5C19A2	11	F8F8	5	誠心誠意断る	성심껏 거절
0x5D934C	10	FB	5	確かに渡したぞ。	건넸다。
0x5DBF0B	9	FA	5	受け取れます）	받습니다）
0x5BA77F	7	F815	5	目を閉じる	눈감기
0x56FB4C	6	FF	5	コテツプラグ	코테츠
0x5719F8	6	FA	5	尅さい（い	
0x571C64	6	FA	5	尅さいいい	
0x571E78	6	FC	5	搭さい６あ	
0x5839F0	6	F808	5	連邦兵	연방병
0x5A4705	6	F808	5	フローラ人	플로라
0x5DB2A2	5	FB	5	報酬は	보수
0x5DBEF0	5	FB	5	お金は、	돈은、
0x5732CA	4	FC	5	さいＡあ	
0x5BD87D	4	F822	5	いあっち	
0x5C51D0	4	F808	5	アキカン	빈캔
0x55FE92	3	FD	5	ペＨエ	
0x569D58	3	FF	5	ェぺみ	
0x5733EA	3	FC	5	さい（	
0x5793C6	3	F8F8	5	２トン	２톤
0x5BA901	3	F8F8	5	その９	그９　　
0x5BAE99	3	F8F8	5	その４	그４
0x575020	13	F8F8	4	この星の特産物は？	이 별 특산？
0x5B8E40	13	F800	4	えあさいぃあさいえぞふい」	
0x5793B3	12	F815	4	購入を中止する。	구입 중지。
0x575013	11	F8F8	4	この星の危険は？	이 별 위험？
0x5BE902	11	F815	4	真ん中付近まで	중앙까지
0x5DB296	11	FB	4	退治してください。	퇴치해줘요。
0x5BBC65	10	FE	4	逃げるでやんす！！	도망칩죠！！
0x57260C	9	FE	4	搭さいみあさいす	
0x5793A3	9	FA	4	お教えください。	알려줘요。
0x5C0B72	9	F8F8	4	意地でも断る	굳이 거절
0x5CDCCA	9	F808	4	スペースパイロット	파일럿
0x5DD93F	9	FA	4	潜伏場所が	잠복 장소
0x571DD2	8	FC	4	さい尅さいｲ	
0x572DBC	8	FC	4	窄さい尅さい	
0x5BE921	8	F8F8	4	じっとしておこう	가만있자
0x5D942D	8	F8F8	4	やっぱりいらない	역시됐어
0x5BC46E	7	F8F8	4	ラストイベント	최종전
0x5BE90F	7	F8F8	4	少し先まで	조금 앞
0x5BE918	7	F8F8	4	この付近で	이 근처
0x5D941B	7	F815	4	１トン欲しい	１톤 줘
0x5D9424	7	F8F8	4	２トン欲しい	２톤 줘
0x5DE2B3	7	F805	4	（ガタンゴトン	（덜커덩
0x5DE2BE	7	F829	4	ガタンゴトン）	덜커덩）
0x56FA0F	6	F808	4	ビタミン剤	비타민
0x5B8148	6	FC	4	フジむいＸあ	
0x5BBC77	6	F815	4	一回目	첫번째
0x5DD92F	6	F829	4	賞金首	현상범
0x56714C	5	FF	4	ほとそそそ	
0x56FB44	5	FF	4	ドマオイル	오일
0x570B6C	5	FC	4	やあさい（	
0x571CAC	5	FA	4	搭さいう	
0x572478	5	FC	4	搭さいこ	
0x57398C	5	FC	4	みあさいす	
0x5DF00E	5	F80B	4	こいつは、	얘는、
0x572042	4	FC	4	さいｲ	
0x5725C6	4	FE	4	さいダあ	
0x57C79E	4	F808	4	アオシマ	아오
0x59174E	4	F809	4	５トンを	５톤
0x5A4B03	4	F808	4	ティンパ	팀파
0x55F271	3	F9	4	たペ）	
0x55FBDA	3	F88F	4	ゼＺあ	
0x55FBDE	3	F88F	4	ァＷぽ	
0x572DFB	3	FC	4	い６あ	
0x57EE13	3	F834	4	あじ	
0x5BA8F7	3	F815	4	その７	그７
0x5BA8FC	3	F8F8	4	その８	그８
0x5BAE94	3	F8F8	4	その３	그３
0x5723B0	25	FE	3	っあさいがあさいごあさいトぁへいやあさいわぁへい（	
0x57ACEC	23	FE	3	生きて再び故郷に帰れると思うなよ？	살아 고향에 못돌아간다？
0x575E82	22	FE	3	私の専門ではない、と言っておきます。	제 분야가 아닙니다。
0x57ADD3	20	F809	3	・・・大きいと重力の影響減）	・・・크면 중력감소）
0x5B88B1	20	FC	3	あさいえあさいＡダむいっデむい亜さい（	
0x5BBC43	20	FB	3	お宝なんて言ってる場合じゃないで	보물 따질 때가 아니
0x593829	18	F808	3	自由貿易推進委員会	자유무역추진위원회
0x5DB9D0	18	F829	3	捕まった賞金首の情報だ。	잡힌 현상범 정보。
0x574B25	17	FA	3	どういう意味があるでやんすか？	무슨 뜻이 있습죠？
0x57ADBB	16	F809	3	・・・大きいと変化が急）	・・・크면 급변화）
0x586562	16	FA	3	持ち合わせが足りないんだ。	가진 돈이 모자라
0x5E4814	15	FB	3	あなたも、すぐ楽になるから。	곧 편해져요。
0x5835DC	14	F85A	3	（ワクチンを、没収されて	（백신、몰수당해
0x5B930F	14	FC	3	いっあさいがあさいごあさいせ	
0x57796C	13	F8F8	3	雪原をうろついてみる。	설원 산책。
0x57ACC1	13	FD	3	もう降参でやんすぅ～。	항복입죠～。
0x5BCCB5	13	F809	3	君！戦闘準備だ！	너！전투 준비！
0x5DB2F6	13	FA	3	（滞在期間２日）	（체류기간２일）
0x574B18	12	F809	3	」って、自分にとって	」란、자기한텐
0x579DDD	11	FA	3	見つかったでやんす！	찾았습죠！
0x5806FC	11	FA	3	聞かせる話なんだ。	얘기해줄게。
0x56438C	10	F882	3	ェぺェゲェフィサェネ	
0x5643A4	10	F882	3	ェゴェぽェツェヌゾナ	
0x5719C4	10	FC	3	搭さい尅さい（い	
0x575F09	10	FE	3	・・・これでいいか？	・・・이걸로 됐나？
0x57F3E4	10	F825	3	さんじゃないですか。	씨 아녜요。
0x58658E	10	F8F8	3	いや、やめておこう。	아니、말자。
0x58B7CC	10	FA	3	入ってるでやんす。	들어있죠。
0x5DD961	10	F8F8	3	捕まえに行かない	안 잡는다
0x5C106D	9	F8F8	3	気合いで断る	힘껏 거절
0x5642F0	8	F882	3	ェミェジェヨェゴ	
0x582CAF	6	F823	3	あやしいな。	수상해。
0x5835EB	8	FA	3	しまいました。）	말았다。）
0x598769	8	F808	3	宇宙ワクチン	우주백신
0x5A7B0B	8	F808	3	ニンゲツ旅行	닌게츠행
0x5CF7AA	8	FA	3	これをあげるね。	이거줄게
0x5DD957	8	F815	3	捕まえに行く	잡는다
0x563F08	7	FA	3	ガ物ボデ坊	
0x56FB60	7	FF	3	コスモカーボン	코스모
0x5703E0	7	FF	3	ミートカーソル	미트커서
0x5821EB	7	F809	3	と申します。	입니다。
0x58DAFC	7	F808	3	女王モグラ	여왕쥐
0x5D9715	7	F8F8	3	３トン欲しい	３톤필요
0x56F95B	6	F808	3	回復薬	회복약
0x571D74	6	FC	3	搭さい８あ	
0x571E3C	6	FC	3	尅さいｲ	
0x572A5C	6	FE	3	搭さいＡあ	
0x573678	6	FC	3	尅さいそい	
0x574A65	6	F808	3	欲しいもの	찾는것
0x585288	6	F809	3	の連中は	무리는
0x5ACC2E	6	F808	3	無敵弾	무적탄
0x5B97DE	6	FE	3	さいボろへい	
0x5BA788	6	F8F8	3	我慢する	참는다
0x5BC178	6	F815	3	到着時	도착시
0x5CD95C	6	F808	3	ピカグッピー	빛구피
0x5DADE9	6	FB	3	あとこれも。	이것도
0x5DE970	6	FA	3	来たんです	왔어요
0x5E26FC	6	F809	3	さんの所へ	씨에게
0x568424	5	FF	3	やにせそそ	
0x570260	5	FF	3	ブラスター	블래스터
0x5704A0	5	FF	3	倉庫が	창고가
0x571C74	5	FA	3	尅さい（	
0x572030	5	FC	3	搭さいて	
0x5729A0	5	FE	3	搭さいに	
0x572F18	5	FC	3	搭さいお	
0x585382	5	F809	3	ペラです。	페라。
0x5BB8E9	5	F815	3	笑い顔	미소
0x5BFC28	5	FA	3	やんすね。	군요。
0x5C4ACC	5	FA	3	ください。	줘요。
0x5DB9B8	5	F829	3	なるほど）	과연）
0x56F88E	4	F800	3	さい將	
0x56FB2C	4	FF	3	姫水	공주물
0x5700EC	4	FF	3	シュート	슈트
0x570104	4	FF	3	シンカー	싱커
0x570134	4	FF	3	フォーク	포크
0x57192C	4	FA	3	２ろへい	
0x573342	4	FC	3	さい６あ	
0x58271D	4	F808	3	やる気	의욕
0x587191	4	F808	3	伍番	５번
0x589F77	4	F809	3	ではなく	아닌
0x592291	4	FA	3	やんす！	죠！
0x5B8D3E	4	F800	3	さいＶあ	
0x5BC180	4	F8F8	3	探索	탐색
0x5D85FA	4	FC	3	さいＭあ	
0x55FE4E	3	FD	3	ペＸエ	
0x56252E	3	FF	3	ぁ）ァ	
0x57007C	3	FF	3	カーブ	커브
0x570084	3	FF	3	ソード	소드
0x570C77	3	FC	3	いそい	
0x574B13	3	F808	3	戦い	전투
0x57C9EC	3	F8F8	3	３トン	３톤
0x58CE17	3	F808	3	フジタ	후지타
0x58D6AB	3	F808	3	けもの	짐승
0x5B9BA8	3	F822	3	あ尅	
0x5728A2	24	FA	2	さいがあさいごあさいトぁへいやあさいみ３はい６あ	
0x5BE1EC	23	FA	2	すぐに船を離して逃げて行ったでやんす！	배를 떼고 도망쳤습죠！
0x5C5583	23	FA	2	限界がありますが、一トンやら二トンなら	한계가 있지만、１～２톤이면
0x582C89	22	FE	2	少しでも妙な動きをしたら報告しろ。	수상하면 바로 보고해。
0x5BD114	20	F823	2	今のが最後だったのに・・・・・・。	방금 게 마지막인데・・・。
0x5C3893	22	FB	2	これからは俺達もよろしくお願いします。	우리도 잘 부탁합니다。
0x5C5C38	22	FE	2	そして、これが私からのささやかな贈り物	그리고、내 작은 선물
0x582CB6	21	FB	2	警告後、威嚇射撃を行なえ。	경고 후 위협사격하라。
0x58B998	21	FA	2	宇宙を回ってワクチンを確保してる	우주 돌며 백신 모으는
0x576ABD	20	FB	2	ちょっと上司と相談したんだけど、	상사와 상의해봤는데、
0x584E57	20	FB	2	これで、ようやく私の時代が来る。	드디어 내 시대다。
0x5BE358	20	FB	2	襲われる事も前よりは減るだろう。	습격도 줄어들겠지。
0x576918	19	FE	2	もしよかったら、使ってみてください。	괜찮으면、써 보세요。
0x5BD0C3	19	FD	2	クリスタルが落ちていく・・・・・・。	크리스탈 낙하・・・・・・
0x5C39C0	19	FB	2	本当に死ぬかと思ったでやんす！	죽는 줄 알았습죠！
0x5C556F	19	FB	2	さすがに一回にお渡しする量には	한번에 드릴 양에는
0x5CFF4A	19	FB	2	いつもなら、あたしがどこかに行っても	평소면 나 어디 가도
0x570748	18	FF	2	スライダー系オリジナル変化球	슬라이더 오리지널
0x579557	18	F85A	2	宇宙船の武器やシールドは、	우주선 무기 실드는
0x579585	18	FA	2	各ボタンに割り当ててください。	로 각 버튼에 할당。
0x57FB11	18	F8F8	2	ヨコに曲がる（スライダー方向）	옆으로（슬라이더）
0x582D70	18	FD	2	直撃して撃沈しちゃいました。	직격 격침됐습니다。
0x59DD70	18	FA	2	どいつもこいつも騒ぎすぎでやんす。	다들 너무 떠듭죠。
0x5C39E0	18	FB	2	もう遺跡なんて近づくのはやめて	이제 유적엔 안가고
0x5C559B	18	FA	2	私の美貌でなんとかしましょう。	내미모로 해결하죠。
0x5D9CA8	18	FB	2	逃げた方が、よくないでやんすか？	도망치는게 낫습죠？
0x5E095B	18	FB	2	さっそく、説明させていただいても	곧바로、설명드려도
0x570670	17	FF	2	シンカー系オリジナル変化球	싱커계 오리지널
0x5706A0	17	FF	2	シュート系オリジナル変化球	슈트계 오리지널
0x570700	17	FF	2	フォーク系オリジナル変化球	포크계 오리지널
0x57FB25	17	F8F8	2	ヨコに曲がる（シュート方向）	옆으로 휘게（슈트）
0x584D73	17	FE	2	・・・なんだ、たったの二人か。	・・・뭐야、둘뿐인가。
0x585361	17	FB	2	ただいまの相場では、ワクチンは	현 시세로、백신은
0x590298	17	FD	2	こっちが負けたと思ったんだが。	진 줄 알았는데。
0x5D86DC	17	FC	2	ヂブもいっあさいがあさいごあさいせ	
0x5D8B9C	17	FC	2	搭さいっあさいがあさいごあさいせ	
0x56F664	16	FF	2	ェミェジェヨェゴィぜェゲェリェグ	
0x570620	16	FF	2	カーブ系オリジナル変化球	커브계 오리지널
0x571944	16	FC	2	２ろへいヂわへいぱろへい２ろへい	
0x574A23	16	F809	2	」ってなんだと思うでやんすか？	」란 뭐라고 봅죠？
0x5793FA	16	FA	2	資金では購入できません。	자금 부족합니다。
0x57956C	16	F808	2	宇宙船の装備を変更	우주선 장비 변경
0x58431B	16	FE	2	よし、わが艦で排除するぞ。	우리 함이 제거。
0x5843D5	16	F85A	2	（無事に逃げられました。）	（무사히 도망침。）
0x5BE75A	16	FA	2	突っ込んでくるでやんすよ！！	돌진해 옵죠！！
0x5D6E2B	16	FA	2	この値段で売ってあげるよ。	이값에 팔아줄게。
0x5DDFF8	16	FB	2	少し枝に引っかけただけよ。	가지에 걸렸을뿐。
0x5DF1CB	16	F809	2	護送中に逃げたらしいぜ！	호송중 도망쳤대！
0x57C006	15	FB	2	積荷の臨検を行なう。	화물 검사한다。
0x5842E2	15	F809	2	には一応報告しておけ。	엔 일단 보고해。
0x589CB3	15	FB	2	別の人と間違えてるね。	사람 잘못봤네。
0x589CD6	15	FA	2	まちがえるはずがないでやんす！	틀릴 리 없습죠！
0x58AABF	15	FA	2	あのオヤジが消えたでやんす！	영감 사라졌죠！
0x58FD36	15	FB	2	抵抗すると射殺するぞ。	저항하면 쏜다。
0x5BF3B8	15	FB	2	どこを探索するでやんすか！	어딜 탐색합죠！
0x5C555F	15	FB	2	貴方にお売りしましょう。	당신께 팔지요。
0x5DCF58	15	FE	2	なかなか、しぶといじゃないか。	꽤 끈질기잖아。
0x5DF5FD	15	FB	2	また、どこかで会いましょう。	언젠가 또 봐요。
0x5E349F	15	FE	2	酔い止めをもらってきたから	멀미약 받아왔어
0x564750	14	FC	2	ェぼェダェソィサェゴェロゥア	
0x582E22	14	FA	2	ダメージを受けたでやんす。	피해 입었죠。
0x587345	14	F809	2	崩壊まであと１０分！）	붕괴 １０분전！）
0x59CE6B	14	FA	2	大丈夫なんでやんすか？	괜찮은겁죠？
0x5BC063	14	FB	2	エンジンがやられたでやんす！	엔진 당했죠！
0x5BD0E2	14	FD	2	気を取り直して次だ！	다시 마음잡자！
0x5BD718	14	FB	2	もっと、早くううううう！！	더、빨리이이！！
0x5C9892	14	F825	2	君！外を見るでやんす！	군！밖을 봅죠！
0x5CEEAC	14	F825	2	君！あれを見るでやんす！	군！저걸 봅죠！
0x5D19C0	14	FA	2	アピールしているでやんすよ。	어필하는겁죠。
0x5DA1DF	14	F815	2	賞金首を確認したい	현상범을 확인
0x5E2CB7	14	FB	2	だって普通にしゃべってた	근데 말 잘했어
0x56FBBB	13	FA	2	宇宙の反対側から	우주 반대편서
0x575004	13	F815	2	この星の歴史について	이 별의 역사
0x57509C	13	F815	2	この星の現状について	이 별의 현황
0x579D7B	13	F825	2	の宇宙船を発見！	우주선 발견！
0x57A380	13	FB	2	もう会うこともあるまい。	다신 못보지。
0x582DAC	13	FD	2	・・・めんどうくさいなぁ。	・・・귀찮구나。
0x589CA5	13	FE	2	あなたのこと知らないよ。	당신 몰라요。
0x58A59D	13	F8F8	2	ワクチンを届けてもらう。	백신 가져와。
0x595CA8	13	FA	2	ダメージを受けました。）	피해 입었다。）
0x5A3126	13	FB	2	良かったな、カカカカカ！	잘됐군、카카！
0x5B858B	13	FC	2	いヂドむいごドむいゲゾむい	
0x5BED7E	13	F809	2	君！回収しておいて！	군！회수해둬！
0x5BF49E	13	FB	2	今回は合格するぞ！	이번엔 합격！
0x5D89C8	13	FC	2	搭さい尅さいしぃへい」	
0x5DB20E	13	FA	2	（滞在期間１日）	（체류기간１일）
0x5E348E	13	FA	2	列車はダメでやんすか？	열차 안됩죠？
0x5645B0	12	FC	2	ェぼェダェソィサェゴェロ	
0x5752A7	12	FA	2	わたしの使命でーす。	제 사명이죠。
0x575C10	12	F809	2	が見えてきたでやんす。	가 보입죠。
0x577588	12	F809	2	、あんたは先に行け。	、넌 먼저 가。
0x5775A4	12	FD	2	わかった、感謝する！	알았어、감사！
0x578061	12	FE	2	・・・今は特にない。	・・・지금은 딱히 없다。
0x578D2C	12	FA	2	またの機会にします。	다음 기회에。
0x57AD5A	12	FD	2	今のうちに逃げるぞ！	지금 도망！
0x57BA61	12	FD	2	パワードスーツ着たまま	슈트 입은 채
0x57BA6E	12	FA	2	船内で暴れるなぁ！	날뛰지 마라！
0x58443C	12	FD	2	反転して反撃だ！	반전해 반격！
0x59C33E	12	F809	2	の仇も、まだだったな。	원수도 아직。
0x5A5DA0	12	F809	2	を発見したでやんす！	발견했습죠！
0x5ADB68	12	FA	2	使命が果たせない。	사명 못이뤄。
0x5BB0B7	12	FB	2	仕方がないでやんす。	할수없습죠。
0x5BE74D	12	FE	2	の方から小惑星が	쪽 소행성이
0x5C00D6	12	F825	2	君、大変でやんす！	군、큰일입죠！
0x5C1EBE	12	F825	2	君！大変でやんす！	군！큰일입죠！
0x5D19B3	12	F809	2	はオイラ達に自分を	는 우리에게
0x5DCFC3	12	F805	2	お頭・・・こいつらは？	두목・・・얘넨？
0x5DE089	12	F808	2	大陸横断鉄道	대륙횡단철도
0x5E2A21	12	FB	2	先生のような物よ。	선생 같은거。
0x5E3BFF	12	F805	2	ははは・・・そうですね。	하하・・・그래。
0x5632BA	11	F9	2	プなうたペてシたァなけ	
0x56F9EF	11	F82E	2	起こらなかった・・・	없었다・・・
0x576CE7	11	FA	2	見当たらないんだ。	안보이는데。
0x57BEF4	11	FA	2	思っていたでやんす。	생각했습죠。
0x582CCC	11	FB	2	当たってもかまわん。	맞아도된다。
0x584D88	11	FE	2	すぐに片付けるぞ。	바로 처리。
0x5890BF	11	FA	2	取らせてもらいます！	받아가겠다！
0x592111	11	FB	2	あげるんだなぁ～～～。	주는구나～～。
0x595C2A	11	F8F8	2	こうなったら戦うぞ！	싸울수밖에！
0x5B7F2E	11	F800	2	さいトヅむいフズむい（	
0x5BD6EC	11	FB	2	もっと、よく見て！！	더、잘 봐！！
0x5C3AB4	11	F825	2	君！見るでやんす！	군！보십죠！
0x5D8767	11	FC	2	いがオふいぱボもいＯあ	
0x5E34AF	11	FA	2	飲んでおくでやんす。	마셔둡죠。
0x561352	10	F9	2	ペ）みそォ（ぜあペ）	
0x564374	10	F882	2	ェユェガェクェセィサ	
0x5644C4	10	F882	2	ェワィサェキェダェぺ	
0x56FBC9	10	FA	2	出ることができる。	나갈수있다
0x571D9C	10	FC	2	搭さい尅さいｲ	
0x571F38	10	FE	2	搭さい！１はいダあ	
0x57262F	10	FC	2	いォをへいみあさいす	
0x57AD79	10	F809	2	にマークされちゃった	에게 찍혀
0x57EF13	8	F820	2	じゃあ、またな！	그럼、또 보자！
0x57EF66	9	F822	2	あれ、電話だ。	어라、전화다。
0x5806F1	10	F809	2	では子供に必ず	선 애한테
0x58A99A	10	FA	2	渡したんでやんす！	건넸습죠！
0x58F165	10	FE	2	先輩、仇はこの	선배、원수는 이
0x597C2E	10	F800	2	なんだ今の音は？	뭐지 방금 그 소리는？
0x5A6593	10	F809	2	では生まれたときに	태어날때
0x5BA37B	10	F8F8	2	宇宙港に戻る	우주항으로
0x5BB25C	10	FB	2	これで終わりです。	이걸로 끝。
0x5C1410	10	FA	2	ゲットしていますね。	얻었네요。
0x5C5C2A	10	FA	2	を差し上げます。	드립니다。
0x5C8C07	10	FB	2	おもしろそうでしょ？	재밌겠죠？
0x5C91A3	10	FE	2	オトコらしいですね。	사나이답네요。
0x5D7F9F	10	FC	2	いぱボもいふあさい（	
0x5D8464	10	FC	2	やあさいワブもいＭあ	
0x5DADB5	10	F8F8	2	食事をして帰る	식사후귀가
0x5DB382	10	F809	2	用意しました。」	준비했다。」
0x5DCE49	10	FA	2	持ってるらしいぜ。	갖고있대。
0x5DCFEA	10	FB	2	どうせ何もできん。	어차피못해
0x5E1E82	10	FA	2	帰ってこないんだか	안돌아와서
0x56FB84	9	FF	2	ゲフェンの家具	게펜의 가구
0x56FBA8	9	FF	2	時空のトンネル	시공의 터널
0x574A6D	9	F809	2	はなんでやんすか？	은 뭡죠？
0x57C033	9	F809	2	の巡視船か。	순시선？
0x58029A	9	FA	2	聞いているかね？	듣고있나？
0x5827BA	9	F808	2	パーツを買います	부품 구입
0x584350	9	F809	2	のパトロール艦に	순찰함에
0x5879EE	9	FE	2	あ、課長様！	아、과장님！
0x58A592	9	F815	2	今はやめておく。	나중에。
0x58F175	9	F809	2	が必ずとります！	꼭 딴다！
0x595BF9	9	FB	2	ワクチン発見！	백신발견！
0x595C1F	9	F815	2	おとなしく渡す。	그냥준다。
0x5B95B8	9	F800	2	搭さいふドむいあ	
0x5BA1D6	9	FB	2	不正解です！	오답이야！
0x5BE34E	9	FA	2	一つ減ったな。	줄었구나。
0x5BE9AF	9	FD	2	そっちはどうだい？	그쪽은 어때？
0x5BF47D	9	FA	2	壊してください。	부숴줘요。
0x5D9C9E	9	FB	2	もうダメでやんす！	글렀습죠！
0x5DB7ED	9	F829	2	気絶したんだ。	기절했어。
0x5DE487	9	FA	2	行動しているけ	행동중인
0x5DE4F6	9	F809	2	君と二人だけ	군과 둘만
0x5DEBD1	9	FB	2	これで、しばらくは	당분간은
0x5DEC16	9	FB	2	考えておきます。	생각할게。
0x5624A9	8	FF	2	たペ「づたァ＋ほ	
0x562CC1	8	F9	2	たペうクたァおふ	
0x562D21	8	F9	2	たペうクたァおい	
0x56FBB2	8	FA	2	ここに入ると、	들어가면
0x570488	8	FF	2	サークルチェンジ	서클체인지
0x5718BC	8	FA	2	搭さい２ろへい	
0x571C24	8	FC	2	尅さいわわへい	
0x573D76	8	F801	2	さいボろへいＡあ	
0x579183	8	FA	2	ないでやんすか！	아닙죠！
0x57C334	8	FB	2	また会ったな。	또 봤군。
0x581F6D	8	FA	2	調べてみよう。	살펴본다
0x588E65	8	F809	2	という名前を	라는이름
0x58B5FD	8	FA	2	ないでやんすよ。	아닙죠。
0x58D609	8	FA	2	知っているか？	알아？
0x59CF9F	8	F809	2	の宇宙船が	우주선이
0x59E5C5	8	FA	2	ありませんから。	없으니。
0x5AB5A0	8	F809	2	の大部隊が	대부대가
0x5B24E3	8	FD	2	どうしよう・・・	어쩌지・・・
0x5B64E1	8	F808	2	連邦艦隊	연방함대
0x5BE635	8	F80B	2	アイタタタタタ！	아야야！
0x5C888E	8	FE	2	だから、あたしは	그러니까、나는
0x5CDF64	8	FA	2	いいんですよね。	괜찮죠。
0x5D9056	8	F808	2	戦闘結果	전투결과
0x5DA1FD	8	F8F8	2	特に用はない	용무없다
0x5DB844	8	FA	2	なりましたから。	됐으니。
0x5DCFE1	8	FB	2	この人数だ。	이 인원。
0x5DEBDB	8	FB	2	大丈夫だと	괜찮다고
0x5E2CC8	8	F805	2	じゃないか・・・	아냐・・・
0x562C8E	7	F9	2	さいミぜを革	
0x562CEE	7	F9	2	さいミぜを括	
0x5631B6	7	F802	2	プおぃぽズおか	
0x569C36	7	FF	2	將のあおそそ	
0x56F20E	7	FF	2	わあのあおそそ	
0x56F426	7	FF	2	將そこここほ	
0x56F963	7	F809	2	』を飲んだ！	』마심！
0x5700FC	7	FF	2	終了します	종료
0x5703C8	7	FF	2	ドロップカーブ	드롭커브
0x570404	7	FF	2	チェンジアップ	체인지업
0x571C8E	7	FA	2	さいワれへい（	
0x5739AB	7	FC	2	い！１はいあい	
0x574A5C	7	FF	2	今、一番	지금、가장
0x57DA08	7	F808	2	ペリュトン号	페리톤
0x585359	7	F809	2	トンあります。	톤 있어
0x585373	7	FA	2	１トン当たり	１톤당
0x587A49	7	F808	2	ワギリ造船	와기리
0x5986D8	7	FA	2	の踊りです。	춤이죠。
0x5AA116	7	FA	2	やんすかねぇ。	일까요。
0x5B0258	7	F86B	2	宇宙港で	우주항
0x5B8371	7	F800	2	あさいエダむい	
0x5BA3B2	7	F815	2	街に向かう	거리로
0x5BA71D	7	F809	2	帰ってきた？	왔어？
0x5BED29	7	FB	2	なんだコレは？	뭐야？
0x5C2F7B	7	FB	2	楽しみだな。	기대돼。
0x5C55D8	7	FA	2	余裕です。	여유죠。
0x5C9DE1	7	FA	2	ないんだけど。	없는데。
0x5D19A4	7	F830	2	たぶん、今の	아마、방금 그
0x5D991A	7	F8F8	2	４トン欲しい	４톤필요
0x5E2A08	7	F809	2	さんじゃない？	씨아냐？
0x56230A	6	FF	2	イ）あたペＨ	
0x563EF0	6	FA	2	ゼソゲゥザ…	
0x563F20	6	FA	2	ェシィサェネ	
0x563FC8	6	FC	2	ェミェダェタ	
0x5702C0	6	FF	2	Ｓスライダー	Ｓ슬라이더
0x5702E4	6	FF	2	Ｖスライダー	Ｖ슬라이더
0x570338	6	FF	2	あばたボール	곰보볼
0x570380	6	FF	2	Ｈスライダー	Ｈ슬라이더
0x570398	6	FF	2	カットボール	컷볼
0x5703B0	6	FF	2	スローカーブ	슬로커브
0x571908	6	FA	2	！１はいダあ	
0x5719B8	6	FC	2	搭さいＢあ	
0x57328A	6	FC	2	さい尅さい	
0x573578	6	FC	2	ごれへい６あ	
0x574320	6	FC	2	搭さいＤあ	
0x5788F8	6	F808	2	不審船	괴선박
0x57957E	6	F809	2	のコマンドで	커맨드
0x57A6E5	6	FA	2	でやんすよ。	죠。
0x57AD84	6	FA	2	でやんす～。	버렸죠
0x58B842	6	F809	2	の船だろ？	배지？
0x59803D	6	F809	2	なんだけど、	인데、
0x5AAC98	6	FA	2	ダメですね。	안돼。
0x5AD182	6	FA	2	でやんすよ？	죠？
0x5B81BC	6	FC	2	ゲドむいＶあ	
0x5B8328	6	FC	2	ワれへいＵあ	
0x5B83A2	6	FC	2	さいえあさい	
0x5BBC86	6	F8F8	2	三回目	세번째
0x5BC573	6	F8F8	2	二回目	두번째
0x5BEB27	6	F815	2	真っ直ぐ	직진
0x5C142F	6	FA	2	しましょう。	하죠。
0x5C22A6	6	F808	2	アステロイド	소행성
0x5C5C59	6	F809	2	１トンです。	１톤。
0x5CADD4	6	F825	2	にあげるよ。	줄게。
0x5D83A4	6	FC	2	ヂブもいあい	
0x5D8484	6	FC	2	ごあさいＯあ	
0x5D8604	6	FC	2	搭さいＯあ	
0x563DF0	5	FC	2	ズばザ亜	
0x567AB8	5	FF	2	ぇふねそぇ	
0x569C4C	5	FF	2	ァきぃあき	
0x56A6B0	5	FF	2	のとととこ	
0x56AE04	5	FF	2	ととあここ	
0x56B770	5	FF	2	のそここそ	
0x56BCAC	5	FF	2	とととこお	
0x56CB54	5	FF	2	のたそそこ	
0x56D090	5	FF	2	のおおとお	
0x56D3C8	5	FF	2	ァきぃッヴ	
0x56E68C	5	FF	2	のにせそそ	
0x56FB3C	5	FF	2	サンダスト	선더스트
0x57020C	5	FF	2	Ｈシュート	Ｈ슈트
0x570278	5	FF	2	スクリュー	스크류
0x5702A8	5	FF	2	Ｈシンカー	Ｈ싱커
0x572418	5	FC	2	搭さいけ	
0x5726B8	5	FC	2	搭さい」	
0x57291C	5	FC	2	搭さいか	
0x572E74	5	FC	2	っあさい」	
0x57300C	5	FE	2	搭さいた	
0x573318	5	FC	2	搭さい❤	
0x57337C	5	FC	2	っをへい❤	
0x574E38	5	FE	2	以上！	이상！
0x57EDFC	5	F8F8	2	いらない。	됐다。
0x580F51	5	FA	2	この星は	별은
0x581394	5	F800	2	味方！	아군！
0x584376	5	F8F8	2	逃げろ！	도망！
0x587B3F	5	F808	2	のりか星	노리
0x58F01F	5	FB	2	名前は	이름
0x59FAB5	5	F809	2	大臣。	장관。
0x5A0D43	5	F809	2	に対する	대한
0x5A1646	5	F809	2	の者か？	자냐？
0x5AC4FD	5	F809	2	元帥。	원수。
0x5B6FE8	5	F823	2	ォゼむい（	
0x5B839C	5	FC	2	亜さい（	
0x5B95C4	5	F800	2	とデむいい	
0x5B95CC	5	F800	2	ぱザむいう	
0x5B95E0	5	FE	2	わヅむいお	
0x5B9604	5	FC	2	搭さいＺ	
0x5B9620	5	FC	2	づヂむいロ	
0x5BBC7F	5	F8F8	2	ニ回目	２회
0x5C23FE	5	F8F8	2	こ、断る	거절
0x5C39F3	5	FA	2	おこうよ。	두자。
0x5C3E7E	5	FA	2	やんす～！	죠～！
0x5C6CDC	5	FE	2	これからも	앞으로도
0x5C7DFC	5	FA	2	ないかな。	없나。
0x5C89FC	5	FB	2	わかった？	알지？
0x5CA46C	5	FA	2	やんすよ。	죠。
0x5DC6B6	5	F809	2	といえば、	라면、
0x5E274A	5	F825	2	さんいる？	씨는？
0x55F4B9	4	F9	2	ぃペ）く	
0x561291	4	F9	2	ちゼ・み	
0x563DD8	4	FC	2	ダウゲパ	
0x563E50	4	FA	2	ゾコゲヅ	
0x56F89C	4	FC	2	２ぬえい	
0x56F97D	4	F830	2	あしかし	
0x57011C	4	FF	2	ナックル	너클
0x570154	4	FF	2	ドロップ	드롭
0x572E1E	4	FA	2	さい８あ	
0x57909F	4	F808	2	Ｒボタン	Ｒ키
0x57BE68	4	F86B	2	ふふふん	후훗
0x584370	4	F815	2	戦う！	싸움
0x584AFF	4	F809	2	みたいに	처럼
0x586A83	4	F808	2	給料	급료
0x589CE9	4	FD	2	アンタは	당신은
0x58B94B	4	F815	2	いいぞ。	좋군
0x58B993	4	F809	2	のために	위해
0x592812	4	FB	2	効率	효율
0x5A7397	4	F809	2	といえば	라면
0x5AF34A	4	F809	2	さんが、	씨가
0x5B2B69	4	FE	2	これから	앞으로
0x5B59B7	4	F809	2	戦艦	전함
0x5B80CE	4	FC	2	さいＵあ	
0x5B8B4C	4	F800	2	やあさい	
0x5B95E8	4	FE	2	とダむい	
0x5BB9AF	4	F815	2	いん石	운석
0x5C0004	4	F809	2	の船？	배？
0x5C1F93	4	F8F8	2	逃げる	도망
0x5D6954	4	FE	2	確か、	아마、
0x5DB19C	4	FB	2	報酬	보수
0x5DB83F	4	FA	2	何とか	겨우
0x5DBEB4	4	F825	2	さんね。	씨네
0x55F55A	3	F9	2	ゴ唖	
0x55F5E1	3	FF	2	ミゥ３	
0x55FE1E	3	FD	2	ゾ・エ	
0x55FE96	3	FD	2	ィＪき	
0x55FEE2	3	FD	2	ィ（エ	
0x56002A	3	FF	2	ペうク	
0x56152A	3	F9	2	ペ「づ	
0x5622FA	3	FF	2	さいね	
0x562486	3	FF	2	ぁ）や	
0x562ADA	3	FF	2	さい６	
0x56327E	3	F9	2	ペＸう	
0x567CE6	3	FF	2	びあこ	
0x568546	3	FF	2	くァへ	
0x573A86	3	FE	2	さいい	
0x56F9EB	3	F82E	2	何も	아무것도
0x5700BC	3	FF	2	パーム	팜
0x57200F	3	FC	2	いＤあ	
0x573C26	3	FC	2	さいえ	
0x5775C5	3	FF	2	盛ア	
0x5792CA	3	FB	2	例の	그
0x57DEE1	3	F8F8	2	４トン	４톤
0x57DEE6	3	F8F8	2	５トン	５톤
0x59A9F2	3	F809	2	製の	제
0x5A4CD8	3	FD	2	それと	그리고
0x5BAE8F	3	F8F8	2	その２	그２
0x5BB585	3	F8F8	2	いいえ	노
0x5BC476	3	F8F8	2	その１	그１
0x5DDFF4	3	FB	2	腕を	팔
0x5A9D95	46	FE	1	弱い役を強い役に見せかけたり、その逆をやって、チップを大量に獲得するのが	약한 패를 강한 패로 속이거나、그 반대를 해서 칩을 대량으로 따내는 것이
0x5A39BB	44	FA	1	親の記憶を次世代が完璧に受け継ぐことのできる生命体ですからね。	부모 기억을 다음세대가 완벽히 잇는 생명체죠。
0x5721C4	42	FE	1	搭さいヂわへいぱろへい尅さいっあさいがあさいごあさいトぁへいやあさいわぁへいＢあ	
0x5723E8	42	FC	1	搭さい！１はい司へいっあさいがあさいやれへいトぁへいやあさいみ３はい！１はいＥあ	
0x5724E8	42	FC	1	搭さいワれへいっあさいごあさい尅さいがあさいごぃへいトぁへいやあさいわぁへい６あ	
0x5D84C3	41	FC	1	いァアふいぱボもいみあさい謝もいエカふいっあさいぜあさい諫もいづぇへいぜあさい	
0x572A7E	40	FE	1	さい！１はいっあさいがあさいごあさいトぁへいやあさいわぁへいぱるへいワれへいＡあ	
0x5746BA	40	FC	1	さいシるへいヤぃへいォゃへいシぃへいォろへいぱをへいボぇへいっぃへいォぅへいＤあ	
0x57C863	40	FE	1	野球人形って、いろいろ使っていい部品に制限があるんでやんすね？	야구 인형은、쓸 수 있는 부품에 이런저런 제한이 있습죠？
0x596B6D	40	FB	1	その前の戦闘でずいぶんムチャしてたからあたしの力でも助けられなかった。	전투에서 무리해서 내 힘으론 못 구했어。
0x5B70D4	40	FC	1	みネもいフピむいＱゃめいリＢむいフ？むいネ８むいヂぶめいエゼむいＩＬむいＵピむい	
0x5B78FC	40	FE	1	ぽけめいねＦむいしＴむい納むいＭュめいわ０むい（ネめいた３むいバ）むいクＢむい	
0x5B8D44	40	F800	1	萎ふいえあさいァぜふいくあさい」ドむいＱぜふいねあさいトベむい窄さいしあさい	
0x5D7B5C	40	F8AD	1	わＥもいヤバもいＹＦもい６パもいぱ＠もいヤプもいＡづやい勺もいごＫもいぽパもい	
0x5D8E9C	40	FF	1	！Ｍもい邯もいＭＰもい２５もいタＣもい２０もい餃もいワペもいがＰもいフ５もい	
0x5722C3	39	FC	1	いた３はいぱろへいっあさいがあさいごあさいトぁへいやあさいね３はい！１はい６あ	
0x5D81EE	39	FC	1	さいごベもいエボもいエブもいぜあさいごあさいがあさい２ボもいシブもいＡビもい（	
0x58607A	38	FB	1	カーソルの色が赤く変わって、その標的をこの船が追いかけるんだ。	커서가 빨개지면 그 표적을 배가 쫓는다。
0x5708EF	37	FC	1	いくみへいエまへいぱまへいわまへいごまへいっまへいふむへい安へい浣へい	
0x5726CC	37	FC	1	搭さいっあさいがあさいごあさいトぁへいやあさい！１はいっあさい尅さい」	
0x5731E4	37	FC	1	ヂぅへいＱれへい２れへい」るへいＡんへい❤わへい史へいヤんへいボぉへい（	
0x573484	37	FC	1	搭さいっあさいがあさいごあさいトぁへいやあさいみ３はい！１はいた３はい❤	
0x5734D0	37	FC	1	み３はい！１はいっあさいがあさいごあさいトぁへいやあさいっをへいヤるへいそ	
0x570E04	36	F876	1	ァ８へいズだへい。ノへい。ぞへいリビへいボウへいネみほいエげへいっホほい	
0x572200	36	FE	1	尅さい！１はいっあさい尅さいがあさいごあさいトぁへいやあさいわぁへい	
0x57277A	36	FC	1	さいＩれへいごるへいふるへいしれへいごんへいワぃへいしぉへいトをへい６あ	
0x572F26	36	FC	1	さいシっへいやぉへいっあさいがあさいごあさいトぁへいやあさいわぁへいダあ	
0x572FE0	36	FC	1	ワをへいみ３はいみ３はいっあさいがあさいごあさいトぁへいやあさいわぁへい	
0x5B9374	36	FC	1	やあさいヂズむいしバむいヤベむいＱぜふいねあさいごヂむい窄さいしあさい	
0x5B93CA	36	F800	1	さいワれへいぃあさい❤ヂむい写むい２バむいやブむいシビもいぜあさいあい	
0x5D814A	36	FC	1	さいしブもいっビもいぜあさいごあさいがあさいワベもいぱブもいシブもいダあ	
0x5D7CEA	35	F89D	1	もいＡ（もいＭ１もいゲ淹いク３もいくＤもいリバもいわブもいがあさいや	
0x5D82DA	35	FC	1	さいエビもい煮もいォブもい❤ビもいとブもいヂビもいヂブもい」ビもい（	
0x560102	34	F88D	1	ふいぱとへいクとへいフとへいリとへいォとへいョとへいゲとへいたザふい	
0x5716C6	34	F89A	1	ほいフアへいが折いぜょへい６ＺへいクじへいゲまいえげへいＵ＋へい	
0x5720EE	34	FC	1	さいトぉへいボれへいっあさいがあさいごあさいトぁへいやあさいわぁへい	
0x572590	34	FE	1	ごぃへいみ３はいね３はいっあさいがあさいごあさいトぁへいやあさいＢあ	
0x5729E4	34	FE	1	搭さいがあさい尅さいっあさいごあさいトぁへいやあさいわぁへいＤあ	
0x5733C0	34	FC	1	っあさいがあさいごあさいトぁへいやあさいわぁへいね３はい尅さい（い	
0x5B8D1A	34	F800	1	さいふドむいとデむいぱザむいとジむいわヅむいとダむいわヂむい尅さい	
0x572293	33	FC	1	いみ３はいっあさいがあさいごあさいトぁへいやあさいわぁへい２ろへい	
0x5D8610	33	FC	1	２バもいっベもいシボもいがあさいっあさいっあさいがあさいごあさいせ	
0x5B766E	32	F8D6	1	むいタ３むいた（むい！ＢむいネＺむいズ０むいがＲむいＵ２むいＸあ	
0x5B820E	32	F800	1	さい２ブむいわビむい２ダむい尅さい射むいＱデむいＡベむいＶあ	
0x5D8DF2	32	FC	1	さいＩブもいシビもいぜあさいふボもいぃあさい敦ふい尅さいい	
0x572D47	31	FC	1	いみ３はいっあさいがあさいごあさいトぁへいやあさいみ３はいＡあ	
0x5B8DFA	31	F800	1	さい者むいぱドむいシヅむいボドむいぱビむいヂゾむいフドむい（	
0x5B8F7A	31	FC	1	さいエジむいわデむい２ザむいＡブむいワヅむいえズむいやデむい（	
0x5B903A	31	FC	1	さいＹビむいづドむいふベむいフデむいしゼむいフゾむいごベむい（	
0x5D7FEA	31	FC	1	さいエビもい煮もいヂビもいヂクふい窄さい尅さいワれへい（	
0x570B46	30	FC	1	さいた３はいＱんへい瀉へい」レまいくるへいＹカまいぽぢへい	
0x571F60	30	FE	1	っあさいがあさいごあさいトぁへいやあさいわぁへい！１はいＧあ	
0x5726F2	30	FC	1	さいがあさいごあさいトぁへいやあさいわぁへいぱるへい！１はい	
0x572FBC	30	FC	1	搭さいっあさいがあさいごあさいトぁへいやあさいわぁへいあい	
0x5730D4	30	FE	1	づゃへい炸へいフるへいわれへいＹっへいＩわへいわわへいあい	
0x573298	30	FC	1	ごあさいっあさいがあさいトぁへいやあさいわぁへいぱるへいｲ	
0x5737A0	30	FC	1	み３はいっあさいがあさいごあさいトぁへいやあさいわぁへい８あ	
0x573D94	30	F801	1	ぱぇへい！１はいワビもいぜあさいォゾむいぃあさい澡へい９あ	
0x574028	30	F801	1	しぃへいボろへいワビもいぜあさいォゾむいぃあさい澡へい９あ	
0x5B8CAA	30	FC	1	さいシドむいエズむいえジむいＩブむいわドむいとバむいボダむい	
0x5B8D6E	30	F800	1	さいワれへい」ドむい（ぜふいねあさいトベむい窄さいとあさい	
0x5D8B6C	30	FC	1	ぜあさいごブもい尅さい窄さい２オふいごあさいぱブもいＯあ	
0x572684	29	FC	1	搭さいっあさいがあさいごあさいトぁへいやあさいみ３はい（	
0x572C80	29	FC	1	っあさいがあさいごあさいトぁへいやあさいわぁへいぱるへい（	
0x572D8C	29	FC	1	があさいトぁへいやあさいわぁへい！１はいワれへいみあさいす	
0x5954B7	29	F809	1	中の人間が見てくれると思うと、やりがいあるなぁ。	안의 인간이 봐준다니 보람있네
0x5A8D05	29	FD	1	各地区の防衛隊に出撃命令を出します。	각 지구 방위대에 출격 명령。
0x5B6611	29	FB	1	各艦、戦闘機の回収と補給作業急げ。	각함、전투기 회수・보급 서둘러。
0x5B8E81	29	FC	1	あさいえあさいくあさいしあさいたあさいＹゼむい尅さいｲ	
0x5B9588	29	F800	1	搭さいづザむいくあさいやザむいフザむいヂベむいフバむいナ	
0x5D7F74	29	F9	1	フビもいふクふい窄さい尅さいヂウふい６カふい尅さい（	
0x5D849F	29	FC	1	い！ぽふいぱボもいみあさい謝もいエカふいっあさいぜあさい	
0x5DCA1F	29	FB	1	農地拡大の為、森に踏み入った者が数名	농지확장 위해 숲에 든 자 몇명
0x570CCC	28	F828	1	ズフへいＵがへいくーまいョエへいネワほい！りへい！（へい	
0x5715AE	28	F881	1	へいとぎへいりミへいクょへいぃュみいミぞへい尅さいい	
0x571A2A	28	FA	1	さい❤ぁへい！１はい２ろへい❤るへいぱろへい！１はいＡあ	
0x572274	28	F800	1	搭さいっあさい尅さいがあさいごあさいトぁへいやあさい	
0x572E7A	28	FC	1	さいがあさいごあさいトぁへいやあさいわぁへいみ３はいあい	
0x573BBA	28	FC	1	さいっあさいがあさいごあさいトぁへいやあさいわぁへいあい	
0x58B8A4	28	FB	1	識別信号で所属惑星を隠してる船なんて	신호로 행성 숨기는 배라니
0x59BB12	28	FE	1	一歩間違えれば宇宙全体が戦争になる。	자칫하면 우주가 전쟁이다。
0x59C5BD	28	FA	1	私は自分の身体を分解し、再構成した。	난 몸을 분해하고、재구성했다。
0x5AD4BA	28	FA	1	美人の天使複数による接待を要求する！	미녀천사 여럿의 접대를 요구！
0x5B56D1	28	FB	1	正面の野球人形を大きく迂回するコースで	정면 야구인형 크게 우회코스
0x5B733C	28	FC	1	がＹむいふパむいズケもいヤビむいぜブめいトＧむいズぁめい	
0x5B7DD4	28	FA	1	。Ｑむい２０むいりＸむいぱパむいエ旧いワＣむいズ×むい	
0x5D54CC	28	FB	1	救難信号を出している宇宙船を助けるのは	구조신호 내는 우주선 돕는 건
0x5D5E5F	28	FB	1	短気な貴女が、そんな細々した情報集めを	성급한 당신이 그런 정보수집
0x572E3F	27	FC	1	いっあさいがあさいやれへいトぁへいやあさい尅さいいい	
0x58CB9A	27	FB	1	宇宙ワクチンを宇宙船に乗せる許可証？	우주백신 우주선 반입허가증？
0x5915FE	27	FA	1	生物兵器研究所が設置されたほどです。	생물병기 연구소가 생길정도。
0x592E69	27	FD	1	いいか、野球人形は数百年の歴史のある	야구인형은 수백 년 역사의
0x59347D	27	FB	1	先輩と戦ってる間、微妙に手足の長さが	선배와 싸울 때 손발 길이가
0x5946B2	27	FB	1	階級で待遇の差が激しくて、上の連中は	계급 대우차가 심해 윗놈들은
0x599F11	27	F809	1	当局に突き出せば、俺たちまで逮捕される。	당국에 넘기면 우리도 잡혀。
0x5A4C39	27	FA	1	その二十倍の先住民を爆撃で殺したの。	이십배 원주민 폭격 살해。
0x5A7243	27	FD	1	軌道上からの爆撃による粉塵の影響で、	궤도 폭격의 분진 영향으로、
0x5ABF41	27	FD	1	だがその結果、他の惑星の活力は低下し	그 결과 행성의 활력이 저하
0x5AFAFB	27	FB	1	危険な状況で、突然不注意になるんだ。	위험 상황서 갑자기 방심해
0x5AFC2F	27	FA	1	生産と部品交換が可能な所にあるんだ。	생산・교환 가능한 곳에 있어。
0x5B01D2	27	FB	1	その防衛軍司令室から物語は始まる。）	방위군 사령실서 시작된다。）
0x5B09A9	27	FA	1	保証期間の一年間、お世話になります。	보증기간 일년간 신세지죠。
0x5B522F	27	FB	1	全員は無理でも、一人でも多くの人間を	전원은 무리라도 한명이라도
0x5B7C82	27	FC	1	さい尅さいふダむい（＠むい！ゴむいづＴむい❤プむいＭ	
0x5B8453	27	FC	1	いしジむいトヂむいＹズむい尅さいＡザむいとゼむいＶあ	
0x5C31F4	27	FE	1	合言葉は「真夏の夜の私は美しい」です。	암호는 「한여름 밤의 나는 아름답다」입니다。
0x5CDBE7	27	FE	1	私の中では現在でも宇宙一美しいオトコは	지금도 우주 제일 미남은
0x5CEA53	27	FB	1	この値段は別の惑星の人間に売るにしては	이 값은 딴 행성인에 팔기엔
0x5CED37	27	FE	1	この星では皆、自分の美しい肉体を使って	이 별에선 다들 육체를 써서
0x5D3B22	27	FE	1	安く売って欲しいなら、失った私達の信用	싸게 원하면、우리 신용을
0x5D5A6B	27	FD	1	あそこを出て行く時に内部を爆破した後、	나갈 때 내부를 폭파한 뒤、
0x5D5A87	27	FA	1	外から入り口を宇宙船で破壊したからな。	밖서 우주선으로 입구 부쉈어
0x5D84EF	27	FC	1	いァぼふいぱボもいふあさいごボもいボボもいＩビもいＮあ	
0x5D854F	27	FC	1	い」ブもいふあさいＹボもい謝もいごブもい尅さいＱあ	
0x5D88FF	27	FC	1	いごビもいふあさいＹボもい謝もいごブもい尅さいＱあ	
0x5DF218	27	F822	1	有名な格闘技大会の常連だった男だ。	격투기 대회 단골 남자다。
0x5600E6	26	F813	1	へいえとへいやとへいがとへいごとへいぜとへいたロふい	
0x570F6B	26	FC	1	いみゆまいＡぇへいズＭへいヂぇへい❤ヒほいズぢへい（	
0x571AA2	26	FC	1	さい尅さい！１はい２ろへい❤るへいぱろへい２ろへい	
0x571D04	26	FC	1	２ろへい❤るへい搭さいぱろへいた３はいぜ３はいよあ	
0x571F90	26	FE	1	っあさいがあさいごあさいトぁへいやあさいわぁへい９あ	
0x572556	26	FE	1	さいがあさいっあさいトぁへいやあさいわぁへいぱるへい	
0x572D6C	26	FC	1	搭さい炬へいわろへいシっへいっあさいごあさいＡあ	
0x573E6C	26	F801	1	ごれへいォゾむいぃあさいワビもいぜあさい澡へいあい	
0x57866B	26	F822	1	は最新の機器を設置した研究設備と	는 최신 기기 연구설비와
0x57C6BB	26	FB	1	かつて宇宙でも有数の強大な国だったけど	한때 우주 최강국이었지만
0x588304	26	FB	1	研究開発と実験に明け暮れた日々も	연구개발에 몰두하던 나날도
0x58CB56	26	FA	1	宇宙船に乗せることを禁止する法律を、	우주선에 못싣게 하는 법을、
0x58E407	26	FA	1	長時間運転できる耐久力が必要だ。	장시간 운전할 지구력 필요。
0x58EBA4	26	FA	1	目的達成のために設計・製造されるもの	목적 위해 설계・제조되는 것
0x58F239	26	FB	1	機甲大隊がたった２人相手に全滅？！	기갑대대가 ２명한테 전멸？！
0x5914F5	26	FB	1	以前、不注意な商人が植物を枯らす	예전 부주의한 상인이 식물
0x594259	26	FA	1	スライムや有機物を食べる大型生物だ。	슬라임・유기물 먹는대형생물
0x59439B	26	FA	1	知的種族では、ごく当たり前の行為だ。	지적종족엔 당연한 행위다。
0x595429	26	FB	1	その際、進路を妨害した味方の軍艦に	진로를 방해한 아군 군함에
0x598190	26	FB	1	最後に勝つのは我々だ、覚悟してやがれ！	이기는 건 우리다、각오해라！
0x598D6E	26	FB	1	宇宙ワクチンの所持の有無を調査する。	우주백신 소지여부 조사。
0x5994E9	26	FA	1	完全武装の１個大隊を全滅させられる	완전무장 １개대대 전멸시킬
0x59A7B1	26	FB	1	宇宙の片隅からお前さんを応援してるぞ。	우주 구석에서 널 응원한다。
0x5A13C4	26	FA	1	生涯給料に加えて退職金は３倍です。	평생급료에 퇴직금은 ３배。
0x5A41AD	26	FA	1	本物の写真記憶なら貴重な人材だ。	진짜 사진기억이면 인재다。
0x5A5A88	26	FA	1	大規模な武装蜂起が発生したんです。	대규모 무장봉기 발생했죠。
0x5A7A30	26	FD	1	業界の新参者として、若さと無知ゆえに	신참이라、젊음과 무지로
0x5AB0A2	26	FB	1	秩序を守り、平和を守ることこそ正義！	질서와 평화를 지킴이 정의！
0x5ABFE7	26	FA	1	経済を圧迫し、収益を悪化させている。	경제 압박해 수익 악화시켜。
0x5ADCA5	26	FB	1	膨大な情報量も、こうして記録してみると	방대한 정보량도 기록해보니
0x5AF4E0	26	FE	1	オイラ、惑星全部が機械化されてるから、	행성 전부가 기계화돼서、
0x5B138F	26	FB	1	人間の表層意識をロボットに転写してる	인간 표층의식 로봇에 전사
0x5B47F4	26	FB	1	大気圏外を経由して宇宙港に戻る！	대기권 경유해 우주항 복귀！
0x5B5406	26	FA	1	ちょうど中間の地点に、宇宙船が一隻	딱 중간지점에、우주선 한척
0x5B72BE	26	FC	1	さいトヅむいＱダめいＡＨむいズおもい６６むいバ。むい	
0x5B81F2	26	FC	1	さい２ベむいしザむいＹズむい尅さいづズむいＹザむい	
0x5B8818	26	FE	1	Ｙズむいしあさいゲヅむい」ビむいシゼむい煮むいＷあ	
0x5B8A0A	26	F800	1	さいヤバむいエヅむいＱベむいえゼむいゲバむいＩドむい	
0x5BCE89	26	FD	1	もう少し、宇宙港で情報を集めてみよう。	우주항에서 정보 모아보자。
0x5BD8C4	26	FB	1	他の奴に見付かる前に回収しに行こう！	들키기 전에 회수하러 가자！
0x5C296F	26	FB	1	無駄に何にも無い部屋を作るなでやんす！	쓸데없는 빈방 만들지 맙죠！
0x5C53F6	26	FB	1	自分で巻き込んでおいて勝手に倒れるな！	끌어들여놓고 쓰러지지마！
0x5C8405	26	FE	1	しかし、現在、大勢のいいオトコ予備軍が	현재、많은 미남 예비군이
0x5CBE6C	26	FB	1	近い将来、この銀河の中心の一つになる	곧 이 은하의 중심이 된다
0x5CD6BA	26	FE	1	そして、宇宙全ての視線が僕に釘付けに	그리고、우주의 시선이 내게
0x5CDFF7	26	FE	1	私なら自分の姿だけで、三日間はウットリ	내 모습만으로、사흘은 황홀
0x5CE530	26	FB	1	この宇宙港には売る程の数が無いだけで、	우주항엔 팔 물량이 없을뿐、
0x5CF193	26	FB	1	やっぱり敵の本拠地の真ん中で戦うのは、	역시 적 본거지서 싸우는 건
0x5D06E9	26	FE	1	でも、今回のは情報屋とは関係ない事で	이번엔 정보상과 무관한 일
0x5D1FB5	26	FB	1	この宇宙を素手で情報屋の商売してる	이 우주서 맨손 정보상 장사
0x5D2220	26	FE	1	素直で元気で、表情が豊かなところとか、	솔직하고 밝고、표정 풍부한
0x5D2320	26	FD	1	人工太陽のせいで住める場所が限られて	인공태양 탓에 살 곳이 한정
0x5D28B4	26	FE	1	だけど小惑星に当たる確率がグンと減る。	소행성 충돌 확률이 준다。
0x5D6390	26	FB	1	最近、この界隈に非道なギャング行為を	최근 근방에 잔혹한 갱 행위
0x5D7854	26	FE	1	とりあえず、一緒に行く時は船の維持費	일단、같이 갈 땐 배 유지비
0x5D82BF	26	FC	1	いＥべふいぱボもいふあさいＱビもいＩボもい❤ベもい（	
0x5DBB16	26	FB	1	街道に出没する盗賊団から輸送品を	가도 도적단에게서 수송품을
0x56FDF7	25	FC	1	いシのへいとのへいみのへいがのへいえのへい晒へい	
0x572F54	25	FC	1	っあさいがあさいごあさいトぁへいやあさいぜ３はい（	
0x57831D	25	FA	1	「関係者以外の立ち入りを禁ず」って	「관계자 외 출입금지」라고
0x57A35D	25	FA	1	卑怯な犯罪者と共に戦うことはできん。	비겁한 범죄자와 못싸운다。
0x5875F6	25	FD	1	外に出た連中もあまり自分の星のことは	밖에 나간 무리도 그다지 자기 별에 대해서는
0x588F8B	25	FB	1	本来、戦いの時は全ての能力が使える	본래 싸울땐 모든 능력을
0x589744	25	FA	1	のは、男相手以上に異常なことなのだ！	건 남자 상대보다 이상！
0x591AF8	25	FB	1	・・・この際、この要塞と運命を共にして	・・・이참에 요새와 운명을
0x592747	25	FA	1	背骨と腰の骨を強化骨格にしないと。	척추와 허리뼈 강화골격。
0x592EDC	25	FD	1	つまり、宇宙最高の権力者たるワシでも	즉、우주 최고의 권력자인 나라도
0x5935B3	25	FA	1	この星の住民の医療はすべて国が管理	주민 의료 전부 국가관리
0x595DB6	25	FD	1	他の本当に困ってる人の迷惑になるから	정말로 곤란한 다른 사람들에게 폐가 되니까
0x59893C	25	FB	1	宇宙で最も強力な人造人間だとね！	우주 최강 인조인간이라고！
0x59A5F2	25	FE	1	それ以来、この宇宙港で作業員として	그 이후로、이 우주항에서 작업원으로
0x59DDBD	25	FB	1	宇宙の平和へ脅威を、１つ取り除いた	우주 평화 위협 하나 제거
0x5A4867	25	FD	1	あ、これは野球人形にも使える部品だ！	아、이건 야구 인형에도 쓸 수 있는 부품이다！
0x5A4AD0	25	FB	1	無計画な行動は、悲劇を生むだけだ。	무계획은 비극을 낳을 뿐。
0x5A6475	25	FE	1	組織への忠誠心と、クビへの恐怖心を	조직에 대한 충성심과、해고에 대한 공포심을
0x5A783B	25	FA	1	工業の発展している星で高く売れます。	공업별에서 비싸게 팔림。
0x5A7A6B	25	FD	1	まあ一日も早く我々の慣習というものを	뭐 하루라도 빨리 우리 관습이라는 것을
0x5A91D4	25	FA	1	この宇宙は戦国時代に突入でやんす！	우주는 전국시대 돌입합죠！
0x5AB965	25	FB	1	・・・お父上は宇宙の未来を見据えた	・・・아버님은 우주 미래를
0x5ABF8D	25	FD	1	その結果、宇宙全体の経済活動は	그 결과、우주 전체의 경제 활동은
0x5ABFCD	25	FB	1	そして増大する一方の連邦負担金は	늘어만 가는 연방부담금은
0x5ACF18	25	FB	1	わが一族には58機撃墜の者がいるし	일족엔 58기 격추자 있어
0x5AD2E7	25	FB	1	宇宙船の装備を強化しておきましょう）	우주선 장비 강화해둡시다）
0x5AE8FF	25	FB	1	オレたちは泣く子もだまる失業者部隊！	우린 무서운 실업자부대！
0x5AED8E	25	FB	1	この船の人命と資産を保護していただき	배 인명・자산 보호해주셔
0x5AFE86	25	FD	1	俺の宇宙船は、いま定員一杯なんだ。	내 우주선은、지금 정원이 꽉 찼다。
0x5B0486	25	FB	1	しかも我々が他の星に持っていた資産は	게다가 딴 별의 우리 자산
0x5B0642	25	FB	1	現在、我々は資産凍結されているから	현재 우린 자산동결 상태라
0x5B5ED7	25	FB	1	わかった、今宇宙港にある近衛部隊の	알았다 우주항의 근위부대
0x5B675E	25	FA	1	一発も撃たれずに同じ軌道に入れたぞ！	한발도 안맞고 같은 궤도！
0x5B6EE5	25	FA	1	外交的に有利という判断なんだろうな。	외교상 유리하단 판단이지。
0x5B89E0	25	F800	1	やあさいっビむいォブむいっあさいがあさいごあさいせ	
0x5B8A4F	25	FC	1	い２ビむいＩダむいＹゼむいえあさいくあさいたあさい	
0x5B8B14	25	F800	1	やあさいフビむいＡゼむいっあさいがあさいごあさいせ	
0x5B8B30	25	F800	1	やあさいゲゼむいＡゼむいっあさいがあさいごあさいせ	
0x5B8BA0	25	FC	1	やあさいわズむい訃むいっあさいがあさいごあさいせ	
0x5B8BBC	25	FC	1	やあさいやゼむい訃むいっあさいがあさいごあさいせ	
0x5B9245	25	FC	1	あさいえあさいくあさいしあさいたあさいＹゼむいＵあ	
0x5B94C4	25	F800	1	やあさいわゼむい誂むいＩジむい毒ふいえあさい❤	
0x5BF361	25	FB	1	今日は宇宙船で探索する事にするよ。	오늘은 우주선 탐색한다。
0x5C3B54	25	FB	1	長い間、放置された宝石に、きっと霊が	오래 방치된 보석에 영이
0x5C4202	25	FB	1	そして私は、そんな貴方に少し嫉妬です。	그런 당신이 좀 질투나요。
0x5C4AB2	25	FA	1	頑張って上げて、究極の美を目指して	힘내서 궁극의 미를 향해
0x5C5911	25	FB	1	これは街の住民全員でかからないと骨ね。	마을 주민 전원 나서야해。
0x5C7A08	25	FB	1	この星はきっと美術品が特産品らしく、	별은 미술품이 특산품인듯、
0x5C83DD	25	FA	1	これ以上は大勢のいいオトコの試験官が	이상 좋은 남자 시험관이
0x5C84B8	25	FB	1	それまでにも試験を実行する事ができる日	그전에도 시험 가능한 날
0x5C94CF	25	FB	1	こんなの使っている時点で長距離だよね。	이런 걸 쓰면 장거리지。
0x5C979F	25	FB	1	あたしは目の前にいる虫が気持ち悪いから	난 눈앞 벌레가 징그러워서
0x5CB670	25	FA	1	あんなに宇宙を自由に飛び回れる人間	우주를 자유로이 나는 인간
0x5CBE0C	25	FB	1	それって、あの小型超高熱爆弾の事で	그건 그 소형초고열폭탄？
0x5CBEB6	25	FA	1	戦争を仕掛け、当時、開発中だった	전쟁 걸고 당시 개발중이던
0x5CBFA4	25	FD	1	ド田舎の星以外なら普通に売れるよ。	깡시골 별 말고는 보통 팔려。
0x5CC1D5	25	FD	1	どうも見られている部分が背中の下あたり	아무래도 보이는 부분이 등 아래쯤
0x5CD9BA	25	FE	1	まあ。確かに大変な目にあって獲って来る	뭐。확실히 험한 꼴을 당하며 잡아 오는
0x5CE649	25	FB	1	最低限度の貿易はするが、ワクチンなどは	최소한 무역은 하지만 백신
0x5CEEEF	25	FB	1	その証拠に、他のロボット達がこの部屋に	증거로 다른 로봇들이 방에
0x5D0641	25	FD	1	むしろ、こんな砂漠の星にお前が居る方が	오히려、이런 사막 별에 네가 있는 쪽이
0x5D0883	25	FE	1	だから私の大きな固定客になってくれる人	그러니 내 큰 고정 고객이 되어 줄 사람
0x5D27F9	25	FA	1	気をつけても当たってしまう可能性の方も	조심해도 맞을 가능성 쪽도
0x5D35A5	25	FB	1	おもしろい事が大好きだから、部下の手を	재밌는 걸 좋아해 부하 손
0x5D39D2	25	FA	1	他の惑星の住民を信用していないから。	딴 행성 주민을 안 믿어서。
0x5D3B3E	25	FA	1	を取り戻す事から始めた方がいいと思うよ	되찾는 것부터 시작하는 게
0x5D483F	25	FB	1	アンタから情報をもらった他の人間に話を	너한테 정보 받은 인간에게
0x5D5141	25	FE	1	そんな事より、あの二人が揃うと暑苦しい	그보다、저 둘이 모이면 후덥지근해
0x5D5D76	25	FE	1	貴女の情報は、どれも購入者にとっては	당신의 정보는、어느 것이나 구매자에게는
0x5D6574	25	FA	1	ここぞって時は最高の情報を提供する。	중요할 땐 최고 정보 제공。
0x5D73EE	25	FB	1	他人の宇宙船に突っ込んできておいて、	남 우주선에 들이받아놓고、
0x5D80E8	25	FC	1	やあさいヂウふいみあさいふブもいしビもいゲボもい（	
0x5D8380	25	FC	1	ヂウふいみあさい者もいゲベもいボベもいＹウふいせ	
0x5D83BB	25	FC	1	い２エふいぱボもいごあさいぜあさいがあさい２ボもい	
0x5D8524	25	FC	1	ヂブもいごベもいヂブもいっあさいがあさいごあさいせ	
0x5DE1DC	25	FB	1	自由時間は、休んでもらって結構だが、	자유시간엔、쉬어도 좋지만、
0x5DE1F6	25	FA	1	戦闘が始まったら全員参加してもらう。	전투 시작되면 전원참가다。
0x5DF9C6	25	FA	1	そこの用紙に、必要事項を記入して、	용지에 필요사항 기입하고、
0x5E42EA	25	FB	1	明日の朝、乗り合い馬車が来ますから	내일아침 합승마차 오니까
0x56F844	24	FF	1	シぉへいＹぬへいがにへいたぬへいぱにへい。にへい	
0x56F860	24	FF	1	ネぬへいトにへいみねへいョにへいＭにへいえにへい	
0x571128	24	F81D	1	逸へいミィへいヤぐへいみぱほいふぜへい❤ヌへい	
0x571594	24	F836	1	ヤーみい。だへいョとほいづぴへいバ９へいペじへい	
0x571F1A	24	FE	1	さいＩぃへいごぁへいっぁへい使へいぱれへいあい	
0x572D2C	24	FC	1	搭さいっあさいがあさいごあさいトぁへいやあさい	
0x573458	24	FC	1	づゃへい炸へいフるへいわれへいＹっへいＩわへい	
0x573812	24	FC	1	さいボるへいしぇへい２わへいトぅへいシんへいＢあ	
0x573E02	24	F801	1	さいＹろへいえをへいぱんへいボぁへい伺へい６あ	
0x5763B9	20	F822	1	・・・そうね、お小遣いが欲しいわ。	・・・그래、용돈이 갖고 싶어。
0x5773DC	24	FE	1	ただ一人、心を落ち着けて本を読む。	홀로、마음을 가라앉히고 책을 읽는다。
0x57B91F	24	FA	1	卑怯な殺し屋と共に戦うことはできん。	비겁한 살수와 못싸운다。
0x57C8B3	24	FB	1	ほぼ光速に近いボールを投げる投手やら	광속에 가까운 공 던지는
0x57F00D	24	FE	1	お前はこの一大事件の当事者として	너는 이 일대 사건의 당사자로서
0x57FF53	24	FB	1	今は屈辱に耐えて次の機会を待て。	지금은 참고 기회를 봐라。
0x581F0E	24	FB	1	ここは重要な資源の産出地だからな。	여긴 중요 자원 산출지다。
0x5822E8	24	FE	1	あ、料金なら長官から振り込まれてます	아、요금이라면 장관님이 입금하셨습니다
0x584301	22	F823	1	その船は指名手配船かもしれん。。	그 배는 수배선일지도。。
0x585EBE	24	FA	1	固定装備のレーザーが設定されている。	고정장비 레이저 설정됐다
0x58834D	24	FE	1	なにより、理論と実測値の違いに悩み	무엇보다、이론과 실측값의 차이로 고민하고
0x588366	24	FA	1	技術的な問題の解決に命を削った	기술문제 해결에 목숨걸어
0x58A37A	24	FB	1	宇宙港の整備士を全員連行して	우주항 정비사 전원 연행
0x58AFEA	24	FA	1	人間以外は、利用されてるだけなのよ。	인간 외엔 이용만 당해。
0x58B3F9	24	FE	1	我々の任務は、キャプテンの迎撃では？	우리 임무는、캡틴의 요격 아닙니까？
0x58BE6C	24	FB	1	重力はあるし、買い物も便利なんだから	중력 있고 쇼핑 편리하니
0x58BF5C	24	FD	1	でも、遺産相続の連絡が来てないから	하지만、유산 상속 연락이 오지 않았으니까
0x58C10F	24	FB	1	彼らにとっては時代遅れの思想なんだ。	그들에겐 낡은 사상이다。
0x58CBE5	24	FB	1	もし無許可でワクチンを所持していたら、	무허가 백신 소지했다면、
0x58CDF4	24	FA	1	宇宙船のワクチンの所持を検査する。	우주선 백신 소지 검사。
0x58DD88	24	FD	1	過去最高の撃墜スコアは109、	과거 최고 격추 스코어는 １０９、
0x58E208	24	FE	1	これ以上接近すると、さすがに危険ね。	이 이상 접근하면、아무래도 위험해。
0x58E3CD	24	FB	1	強烈な加速度に耐える体力がないと	가속도 견딜 체력 없으면
0x58FF7D	24	F85A	1	（戦闘で使う道具は、野球人形の	（전투 도구는 야구인형의
0x591325	24	FA	1	植物の生育に適しない高所以外は	생육 부적합한 고지대 외
0x5914CC	24	FB	1	この星の植物に、新たな突然変異を	별 식물에 새 돌연변이를
0x5915B1	24	FE	1	この星の植物の種を持ち出したおかげで	이 별의 식물 씨앗을 가지고 나온 덕분에
0x59355D	24	FA	1	薬品は一般人には購入できませんよ。	약품은 일반인 구입 불가。
0x594496	24	FA	1	わが社の決算に影響が出るのは困る。	결산에 영향 나면 곤란해。
0x5945E2	24	FA	1	あとの一生、高額の年金がもらえるよ。	남은 평생 고액연금 받아。
0x594A25	24	FB	1	こっちは詩集だが、戦場の詩人だとよ。	이건 시집、전장 시인이래。
0x594B4E	24	FB	1	お前、資源の無駄遣いという言葉を	너、자원 낭비란 말을
0x596F1B	24	FB	1	衛星監視システムが強化されたおかげで	위성감시 시스템 강화덕에
0x5970CA	24	FB	1	無駄な戦闘は避けて一気に行くぞ！	쓸데없는 전투 피해 간다！
0x59745C	24	FA	1	わたしの力、完全に無効にはできないよ？	내 힘 완전무효는 못해？
0x5983A5	24	FE	1	少なくとも、番組は視聴率かせがないと	적어도、방송은 시청률을 벌어야
0x5983D0	24	FD	1	だから、報道も視聴者が喜ぶ内容に	그러니까、보도도 시청자가 좋아하는 내용으로
0x599A6A	24	FB	1	全周をカバーする二千門のプラズマ砲、	전방위 이천 플라즈마포
0x59B685	24	FD	1	これは、オレ様が相手に勝った回数だ！	이건、이 몸이 상대에게 이긴 횟수다！
0x59BD9C	24	FA	1	ワクチンの所有の有無を調査することに	백신 소유여부 조사하기로
0x59C9E3	24	FA	1	この先、我々取材班を待っているのは	앞으로 취재반을 기다리는
0x59DEAE	24	FE	1	外交交渉などやっていて、他の場所に	외교 교섭 따위를 하고 있어서、다른 곳에
0x59DEFD	24	FA	1	生産設備の捜査、感染防止と、	생산설비 수사、감염방지、
0x59E070	24	FA	1	たった一言の数字で表現されて終わる	한마디 숫자로 표현되고
0x59EAFD	24	FE	1	意志の力が強ければ、準備や実行を	의지의 힘이 강하면、준비나 실행을
0x59EB52	24	FA	1	圧倒的な差の前では、意志や気力	압도적 차 앞엔 의지 기력
0x59F4C2	24	FA	1	攻撃する毒を作る方が効果的です。	공격독 만드는 게 효과적。
0x59FA71	24	FA	1	将来的には必要になるものを禁じるのが	장래에 필요할 걸 금지함
0x5A24A7	24	FE	1	でも、ほとんどの実験生物は失敗した。	하지만、대부분의 실험 생물은 실패했다。
0x5A252F	24	FA	1	姿まで怪物に成り果てて処分される。	모습까지 괴물돼 처분된다
0x5A2582	24	FA	1	戦闘力が人間並みになってしまったり。	전투력이 인간수준 되고。
0x5A323F	24	FD	1	こう見えて機械工学博士なんですよ。	이래 봬도 기계공학 박사랍니다。
0x5A3600	24	FA	1	彼女の機能はまったく矛盾してません。	그녀 기능은 모순없다。
0x5A362F	24	FA	1	実現のために機能が構成されています。	실현 위해 기능 구성됐다
0x5A37A0	24	FB	1	ナノマシンの活動には一定の温度・・・	나노머신 활동엔 온도・・・
0x5A391B	24	FA	1	研究所が破壊されたため、次世代が	연구소 파괴돼서 차세대가
0x5A39A2	24	FB	1	長い寿命と優れた運動能力を持ち	긴 수명 뛰어난 운동능력
0x5A3FE1	24	FB	1	さっき見た宇宙船の絵を全部描けば	아까 본 우주선 다 그리면
0x5A5B79	24	FA	1	常識とも正しい判断とも無縁なのよ。	상식도 판단도 무관해。
0x5A67DD	24	FA	1	家から追い出されて、行く場所もない。	쫓겨나 갈 곳도 없다。
0x5A6B9D	24	FA	1	お金さえ出せば武器の研究をしてくれる	돈만 내면 무기 연구해줘
0x5A6EB2	24	FD	1	単なる異星人排斥運動じゃないか！	단순한 외계인 배척 운동이잖아！
0x5A739C	24	FA	1	宇宙の危険分子ですから、この星から	우주 위험분자니까 이 별
0x5A88E6	24	FE	1	でも、この星の主力製品は水でしょう？	하지만、이 별의 주력 제품은 물이잖아요？
0x5AAC47	24	FE	1	ここと宇宙港の間の定期輸送便は	여기와 우주항 사이의 정기 수송편은
0x5ABC52	24	FB	1	だから兵器工場や、もっと危険なものを	병기공장 더 위험한 걸
0x5AC8C3	24	FD	1	これほどの陰謀、今回は手加減なしに	이만한 음모、이번엔 봐주지 않고
0x5AF810	24	FB	1	筋肉や骨は、食事や練習で変化し	근육뼈는 식사와 연습으로
0x5AF8C4	24	FB	1	また、容易に改変することも可能です。	또 쉽게 바꿀수도 있어요
0x5B03EB	24	FA	1	数十万人の死者が出てしまうらしい。	수십만 사망자가 나온대。
0x5B07A6	24	FB	1	冒険は目的があった方がやりがいがある。	모험은 목적 있어야 보람。
0x5B0D1C	24	FB	1	また、惑星ごとに売れる値段は違うので	또 행성마다 값이 달라서
0x5B1717	24	FB	1	同じ人間が２人いたら大変じゃないか。	같은 인간 ２명이면 큰일。
0x5B1C6F	24	FA	1	機械部品を作るだなんて悪趣味だ。	기계부품 만들다니 악취미
0x5B64C6	24	FB	1	王宮へ宇宙船で行ったら軌道上の	왕궁에 우주선 가면 궤도
0x5B6951	24	FD	1	今晩の記者会見は、合成音声と	오늘 밤 기자회견은、합성 음성과
0x5B6C1D	24	FB	1	機械だろうが生命だろうが、関係なし！	기계든 생명이든 상관없다
0x5B70A4	24	FC	1	ネＱむいバ２むい」Ｒむい援むいＹＮむいォヅむい	
0x5B72DC	24	FC	1	ボぇめいぱポむいみむめいとボむいヤほめいォビむい	
0x5B7566	24	F8A6	1	めいねＣむいぃサめいゲ６むいペＯむいフベむいＸあ	
0x5B8CEA	24	F800	1	さい萎ふいえあさいシゾむいワれへいフジむいＸあ	
0x5BCBE2	24	FD	1	少し気になるけど、終わりまで頑張ろう！	조금 신경 쓰이지만、끝까지 힘내자！
0x5BF504	24	FB	1	独自で生産しているって事は、輸入に	독자생산한다는 건 수입에
0x5BF5FA	24	FA	1	同じ事を考えて、同じ物を見る事は、	같은 걸 생각하고 보는 건
0x5C2F3B	24	FB	1	この宇宙には様々な人種や生き物が	우주엔 다양한 인종 생물
0x5C3308	24	FA	1	普段は隠れていろとでも命令されているん	평소엔 숨으라 명령받았나
0x5C3828	24	FB	1	おもしろい場所に！おもしろい出来事に！	재밌는 곳에！재밌는 일에！
0x5C3A4D	24	FE	1	次の遺跡では絶対に何かを見つけるで	다음 유적에서는 반드시 뭔가 찾을 거
0x5C45A5	24	FB	1	また、俺達と宇宙を暴れまわりましょう！	또、우리와 우주를 누비자！
0x5C5414	24	FD	1	巻き込んだんなら、最後まで付き合え！	끌어들였으면、끝까지 함께해！
0x5C596C	24	FE	1	もしかして私達を助ける為に戦ってくれた	혹시 우리를 돕기 위해 싸워 준
0x5C63E8	24	FB	1	妖精なら妖精らしく振舞うでやんすよ！	요정이면 요정답게 굽죠！
0x5C6884	24	FB	1	アイツが一人で突っ込んで行く性格を	그놈 혼자 돌진하는 성격
0x5C706F	24	FB	1	だけど、最近は親分は俺達と一緒に	근데 최근 두목은 우리와
0x5C7F34	24	FB	1	いわゆる小惑星帯と呼ばれる場所だ。	이른바 소행성대라는 곳。
0x5C8013	24	FA	1	逃げ込んで助かったという話は、よく耳に	도망쳐 살았단 얘긴 자주
0x5C806C	24	FB	1	この場所でよく海賊に襲われたって話も	여기서 해적 습격당했단
0x5C850F	24	FA	1	すぐに貴方もいいオトコの仲間入りです。	곧 당신도 좋은남자 대열。
0x5C852B	24	FE	1	宇宙一美しいのは私ですがねえええええ！	우주 제일 아름다운 건 나인데에에에에！
0x5C85E1	24	FA	1	この道の先に微かな光が見えるでやんす！	길 끝에 희미한 빛 보입죠
0x5C8BDE	24	FA	1	変な生き物とか全部詰め込むんだよ。	이상한 생물 다 쑤셔넣어。
0x5C8F3E	24	FA	1	俺は君からワクチンを安く手にいれる事が	난 너한테 백신 싸게 얻을
0x5C90E7	24	FA	1	今日じゃなくて別の日にそこに向かおう。	오늘 말고 딴 날에 가자。
0x5C9954	24	FA	1	普通の人間じゃない事に間違いないん	보통 인간이 아닌 건 확실
0x5CA1D0	24	FE	1	そうすれば、この星の住人達が何とかして	그러면、이 별의 주민들이 어떻게든 해서
0x5CA2E4	24	FB	1	なんでこの中に飛び込んだ事を謝らないと	왜 안에 뛰어든 걸 사과를
0x5CA6E8	24	FB	1	初心者なので、１０個中５個壊れたら	초보라 １０중 ５개 부서지면
0x5CB6EE	24	FB	1	宇宙には不思議がいっぱいでやんすから。	우주엔 신기한 게 많죠。
0x5CBC2B	24	FE	1	私が目を閉じれば、貴方も目を閉じて	내가 눈을 감으면、당신도 눈을 감고
0x5CBED0	24	FA	1	人工太陽をこの星に打ち込んだのさ。	인공태양을 별에 박았지
0x5CC4A2	24	FB	1	落ちてきているクリスタルを空中で破壊し	낙하 크리스탈 공중파괴
0x5CD5CD	24	FA	1	相手は貴方を見ずにはおれなくなります。	상대는 당신만 보게돼요
0x5CDEE9	24	FB	1	時間をかけて、己の姿を見詰めなおす！	시간 들여 제 모습 돌아봐
0x5CE2E6	24	FB	1	試合に勝って、勝負に負けましたって。	시합 이기고 승부 졌다고。
0x5CE5A0	24	FD	1	だから独自のワクチンの製造法があっても	그러니 독자적인 백신 제조법이 있어도
0x5CE75B	24	FB	1	移動だけで半日以上かかってしまうし、	이동만 반나절 넘게 걸려、
0x5CE965	24	FA	1	向かって来てる事を報告しただけじゃん。	다가온다 보고했을 뿐야。
0x5CF61D	24	FD	1	街から巨大な物が見えたから来てみたん	마을에서 거대한 것이 보여서 와 봤는데
0x5CFA31	24	FE	1	次の遺跡でも絶対に何かを見つけるで	다음 유적에서도 반드시 뭔가 찾을 거
0x5D036E	24	FE	1	それに誰もが外では開放的になるからな。	게다가 누구나 밖에서는 개방적이 되니까。
0x5D1B6F	24	FA	1	知らないから、止める側は大変なんだよ。	말리는 쪽이 힘든거야。
0x5D23CC	24	FB	1	お宝が無い遺跡に来ても意味がないで	보물없는 유적 와도 의미
0x5D274D	24	FB	1	どのポイントを重点的に探索すればいいで	어느 포인트 중점탐색할지
0x5D29B4	24	FD	1	小惑星が飛んで来たら、すぐに回避。	소행성이 날아오면、즉시 회피。
0x5D3C82	24	F809	1	と初めて会った時に自分で情報屋と	처음 만날 때 정보상이라
0x5D3D31	24	FE	1	貴方はきっと、私の情報を最大限に	당신은 분명、내 정보를 최대한으로
0x5D3EE7	24	FA	1	私がちゃんとした情報を貴女に売るのは	제대로 된 정보를 파는 건
0x5D50D8	24	FB	1	貴方から、人間には発する事ができない	당신한테 인간이 못 내는
0x5D56B8	24	FA	1	オイラ達の船に突っ込んで来たでやんす！	우리 배에 들이받았습죠！
0x5D5FED	24	FB	1	こんな所に来ても、小惑星しかないのに。	이런 데 와봐야 소행성뿐。
0x5D67C4	24	FB	1	この星を飛び出してから何年経ってると	별 떠난 지 몇 년 됐는데
0x5D714C	24	FB	1	小惑星帯でも平和な時はあるんだよ。	소행성대도 평화로울 때
0x5D79A9	24	FA	1	こんなのを持ってきたから、船の改修費に	이런 걸 가져와 개수비에
0x5D80BA	24	FC	1	さいみあさいフベもいゲブもいヂブもいぜあさいＴあ	
0x5D8116	24	FC	1	さいエビもい煮もいォブもいヂビもいごベもいＭあ	
0x5DB70E	24	FB	1	森の主と呼ばれる獣を退治した者に、	숲의 주인을 잡은 자에게、
0x5DC314	24	FB	1	今日も、賞金稼ぎのブラザー達だけに、	오늘도 현상금 사냥꾼들만
0x5DC580	24	FD	1	俺達は、貿易でいろんな星に行くだろ？	우리는、무역으로 여러 별에 가잖아？
0x5DECEB	24	FB	1	あの列車には、スパイス農場の視察で、	열차엔 향신료농장 시찰
0x5DF0A3	24	FB	1	自信がないなら同じ土俵に上がるなよ！	자신 없으면 덤비지 마라！
0x5E2EB4	24	FA	1	安全確保の為と言って、オオカミなどの	안전확보 위해 늑대 같은
0x5E56D8	24	FB	1	俺達も、一度追い詰めたんだけど・・・	우리도 한번 몰았는데・・・
0x570778	23	FF	1	やる気を上げて戦闘命中率をアップ	의욕을 올려 전투 명중률을 상승
0x570B16	23	FC	1	さいトぉへい！１はいＩっへいり３はいぽ３はい（	
0x57553F	23	FE	1	生きることが戦いの連続だと思うんだ。	사는 것이 싸움의 연속이라고 생각해。
0x575EAB	23	F822	1	、愛はエゴの要素が入っている時点で	
0x576C17	23	FA	1	犯罪や戦争の口実に使われることが	범죄 전쟁 구실로 쓰이는
0x576C45	23	FE	1	オレも、時代遅れの概念だと思うよ。	나도、시대에 뒤떨어진 개념이라고 생각해。
0x578686	23	FA	1	すぐれたライブラリーを持つ情報端末。	라이브러리 풍부한 단말。
0x5794FD	23	FD	1	長かったこの任務も、ようやく終わりだ。	길었던 이 임무도、드디어 끝이다。
0x57A761	23	FB	1	お部屋に飾るためのお花を一輪・・・	방 장식할 꽃 한송이・・・
0x57B698	23	FE	1	今日の体験だけで、もう一生食える	오늘의 체험만으로、평생 먹고살
0x57C6A3	23	FA	1	惑星が氷河期に入ってしまったんだ。	행성이 빙하기 들어갔다。
0x57C95F	23	FB	1	でも、これは野球人形の公式試合	근데 야구인형 공식시합
0x57CEE0	23	FB	1	そこの兄さん、相当腕が立つようだね。	형씨 실력 상당한가봐。
0x57E53A	23	FB	1	うちの会社、宇宙船を購入してから	우리 회사 우주선 구입후
0x580A08	23	FA	1	この宇宙船を綱紀粛正してくれる。	이 우주선 기강 잡아줘。
0x582018	23	F809	1	大臣は、必ず見返りを用意している	장관은 꼭 대가를 준비해
0x582235	23	FE	1	その時のお礼に、この星での案内役を	그때의 답례로、이 별에서의 안내역을
0x582B66	23	FA	1	一回しか出来ないから慎重にやろう。	한번뿐이니 신중히 하자。
0x585165	23	FE	1	例えば、走ってる時に撃たれた人間は	예를 들면、달릴 때 총에 맞은 인간은
0x58591F	23	FA	1	趣味への支出は許容範囲内さ。	취미 지출은 허용범위내。
0x585CA9	23	FA	1	失業者って言ってもいろいろあるんだぞ。	실업자도 여러 종류 있다
0x587674	23	FA	1	惑星をあげて、全住民のロボット化を	행성 전체 전주민 로봇화
0x5876E0	23	FA	1	移植して、永遠の生命を得たんだ。	이식해 영생을 얻었다。
0x588332	23	FB	1	規則正しい生活と適度な運動。	규칙적 생활 적당한 운동
0x5899CE	23	FA	1	お金持ちの女性と結婚できるんだぜ。	부자 여자랑 결혼한다고。
0x589BE1	23	FA	1	他の星の連中は無知で困るよなぁ。	딴 별 놈들 무지해 곤란。
0x58AB2B	23	FD	1	指名手配中の宇宙船を発見！	지명수배 중인 우주선을 발견！
0x58B750	23	FB	1	たしかに有能な人間は大事でやんす。	유능한 인간은 중요합죠。
0x58CC70	23	FD	1	はて、惑星周辺のパトロール任務では	이런、행성 주변 순찰 임무로는
0x58D4D3	23	FA	1	同じ失敗を繰り返すのでやんすよね～。	같은 실수 반복입죠～。
0x58DA04	23	FA	1	捕まれば、ワシの責任問題となろうよ。	잡히면 내 책임문제다。
0x58DA9E	23	FD	1	得られるものに比べ危険が大きすぎる。	얻는 것에 비해 위험이 너무 크다。
0x58DD10	23	FA	1	要塞に突入する連中の援護だな。	요새 돌입 놈들 엄호구나
0x58E399	23	FE	1	兵士として女性に向いている職種は	병사로서 여성에게 맞는 직종은
0x58E49C	23	FB	1	あとは忍耐力と集中力の勝負だ。	인내력 집중력 승부다。
0x58ECFA	23	FB	1	相反する機能を実現してるんですよ。	상반된 기능을 실현하죠。
0x58F9E0	23	FB	1	彼らの働きには、本当に頭が下がる。	그들 노고엔 정말 감탄。
0x58FBA4	23	FD	1	残念ながら、その計画を誰かに伝える	안타깝지만、그 계획을 누군가에게 전할
0x5906C3	23	FE	1	最近、仕事でいろいろ失敗しまして。	요즘、일에서 이것저것 실패해서요。
0x590840	23	FE	1	・・・教官時代は、あえてこの話題は	・・・교관 시절에는、일부러 이 화제는
0x5923D2	23	FE	1	表情も変えずに素手でつぶしやがった。	표정도 안 바꾸고 맨손으로 짓뭉갰다。
0x592A3C	23	FE	1	よし、ゲリラどもの出撃拠点を叩こう！	좋아、게릴라 놈들의 출격 거점을 치자！
0x592EC1	23	FA	1	センス、そして勝負の度胸が必要だ。	센스와 승부 배짱 필요。
0x5938C9	23	FB	1	自力では星の外に移動できないから、	자력으론 별 밖 못나가니
0x594900	23	FA	1	不法侵入するのはどうかと思うんだが。	불법침입은 좀 아닌듯。
0x594AD1	23	FB	1	・・・部屋に勝手に侵入した奴から	・・・방 무단침입한 놈한테
0x594F76	23	FE	1	重力波で、無敵弾の軌道をそらす	중력파로、무적탄의 궤도를 빗나가게 한다
0x594FC5	23	FB	1	重力波で、無敵弾は軌道をそらす	중력파로 무적탄 궤도를
0x59565F	23	FA	1	強力な野球人形を作ってください。	강력한 야구인형 만들어。
0x597BD7	23	FA	1	宇宙船の航路とやつらの移動路が	우주선 항로와 놈들 길이
0x59813A	23	FA	1	神の名のもとに天誅を加えてやるのに。	신의 이름으로 천벌을。
0x5986A9	23	FA	1	この星の現住生物と反逆者です。	별 현주생물과 반역자죠。
0x599533	23	FB	1	だから、口の利き方には注意しようね。	그러니 말투에 주의하자。
0x599784	23	FB	1	惑星情報の開示には、テロ対策で	행성정보 공개엔 대테러
0x599A30	23	FA	1	あっちは無敵の宇宙要塞でやんすよ！	저긴 무적 우주요새입죠！
0x59A6F7	23	FD	1	悪いが、オレは自分の腕を安売りする	미안하지만、나는 내 실력을 싸게 파는
0x59A8B5	23	FE	1	あれ、契約金とか要求しないんですか？	어라、계약금 같은 건 요구하지 않습니까？
0x59AD25	23	FB	1	犠牲者の中に子供が含まれていても	희생자 중 아이가 있어도
0x59B104	23	FA	1	年金で優雅な生活がおくれるんだぞ。	연금으로 우아한 생활
0x59B524	23	FA	1	引退するとか言うと、高確率で死ぬ	은퇴한다면 거의 죽어
0x59BB7D	23	F809	1	大統領閣下とお見受けしましたが？	대통령 각하 아니신지？
0x59C648	23	FA	1	自分自身を産み落としたわけですか。	자기 자신을 낳은 셈인가
0x59E3B6	23	FE	1	ですが、あなたも最近は有名人ですよ。	하지만、당신도 요즘은 유명인이라고요。
0x59E5AD	23	FE	1	オリジナルのように戦闘経験や知識も	오리지널처럼 전투 경험이나 지식도
0x59EEC3	23	FB	1	結局、軍隊には採用されなかったけど	결국 군대엔 채용 안됐지
0x59F4AA	23	FA	1	クローンを作るよりも特定の遺伝子を	클론보다 특정 유전자를
0x59FBF0	23	FA	1	我々に永久に逆らえなくなるでやんす。	우릴 영영 못거스릅죠。
0x5A13E2	23	FD	1	任務を断ってもペナルティは与えません。	임무를 거절해도 페널티는 주지 않습니다。
0x5A25E8	23	FE	1	すでに完成している精神を寄生させて	이미 완성되어 있는 정신을 기생시켜서
0x5A2AE0	23	FB	1	で、末端の俺たちも生活があるからな。	말단인 우리도 살아야지
0x5A3327	23	FA	1	押し付けあう人間的思考が嫌で、	떠넘기는 인간사고 싫어、
0x5A3404	23	FB	1	自分は、なぜか他の旅行者と同じで	왠지 딴 여행자와 같아서
0x5A37B9	23	FA	1	人間並みの体温が必要なんですよ。	인간수준 체온이 필요해。
0x5A3AD1	23	FA	1	研究所を破壊したのかもしれませんね。	연구소를 파괴했을지도。
0x5A4963	23	FA	1	この星の治安も大幅に改善された。	별 치안 대폭 개선됐다。
0x5A4B4C	23	F809	1	の英雄達の行為に泥を塗る気か！	영웅들 행위에 먹칠하냐！
0x5A5494	23	FB	1	なにが悲しいって、こんな人数と装備で	슬프게도 이 인원 장비로
0x5A7428	23	FA	1	正確な人口は把握してないんですよ。	정확한 인구는 파악못해。
0x5A7728	23	FA	1	大量の人工生物をばらまいたんです。	대량 인공생물 뿌렸다。
0x5A7BAF	23	FA	1	その女性は行方不明になってますわ。	그 여성은 행방불명이죠。
0x5A83EE	23	FD	1	先日のあれは、とても不幸な事故で！	요전의 그건、매우 불행한 사고라서！
0x5A9232	23	FA	1	決定的な破滅をもたらしていたはずだ。	결정적 파멸을 불렀겠지。
0x5A9632	23	FB	1	バッタ怪人、クモ怪人、コウモリ怪人	메뚜기・거미・박쥐 괴인
0x5AAAB4	23	FE	1	さっさと行って用事を済ませて来いよ。	얼른 가서 볼일을 마치고 와라。
0x5ABC22	23	FA	1	交易ルートからはずれている辺境の星。	교역루트 밖 변경의 별。
0x5ABD08	23	FA	1	取り扱いを間違えると宇宙規模の	취급 잘못하면 우주규모
0x5ABDAF	23	FA	1	惑星間交易など望むべくもなかった。	행성간 교역은 무리였다。
0x5AC73E	23	FB	1	まあ、それでも惑星表面を壊滅させる	그래도 행성표면 괴멸할
0x5ACF00	23	FA	1	オレの撃墜した敵はたったの12機。	내 격추는 겨우 12기。
0x5AD16A	23	FD	1	でも、これって戦闘機がたった一機だけ	하지만、이건 전투기가 겨우 한 기만
0x5AD478	23	F809	1	創設以来の名門の出身であるぞ！	창설이래 명문 출신이다！
0x5ADA2E	23	FE	1	だが、狙いはこの惑星の占領じゃない。	하지만、노림수는 이 행성의 점령이 아니다。
0x5ADF09	23	FB	1	惑星全体を実験場にするためにね。	행성 전체 실험장으로。
0x5AE044	23	FD	1	だから、複数の致命的な生命体を	그러니까、복수의 치명적인 생명체를
0x5AF7D1	23	FA	1	クローンであってもこの世に出た瞬間から	클론이어도 나온순간부터
0x5AF83F	23	FB	1	しかし機械は、どんなに年輪を刻んでも	기계는 세월이 쌓여도
0x5AF92E	23	FB	1	ソノ可能性を排除することハできナイ。	그 가능성을 배제 못한다
0x5AFB4E	23	FD	1	危険な方向へ思考が行かないように	위험한 방향으로 사고가 가지 않도록
0x5AFB94	23	FB	1	そもそも思考の方向を制限することは	애초에 사고방향 제한은
0x5AFDDA	23	FE	1	機械は機能的でなければならないはず。	기계는 기능적이어야 하는 법이다。
0x5AFE1D	23	FB	1	自分を宇宙に連れて行ってください。	저를 우주로 데려가줘요。
0x5B0AE4	23	FA	1	詳しい人間は絶対に必要だからな。	잘 아는 인간은 꼭 필요
0x5B0B36	23	FD	1	それと堅苦しいしゃべり方は必要ない。	그리고 딱딱한 말투는 필요 없다。
0x5B2116	23	FB	1	後で別の仲間が復讐にやって来る。	나중에 동료가 복수하러。
0x5B422B	23	FA	1	南の山を越えないと包囲されてしまう。	남쪽산 못넘으면 포위。
0x5B4E1E	23	FD	1	圧倒的な力を見せつけたいんだろうが、	압도적인 힘을 과시하고 싶겠지만、
0x5B57A0	23	FE	1	最高の速球で、ど真ん中勝負だ！	최고의 속구로、한가운데 승부다！
0x5B585B	23	FA	1	周囲の構造物を飲み込んでいます！	주위 구조물을 삼키는중！
0x5B5E06	23	FA	1	王宮前宇宙港に着陸の許可を	왕궁앞 우주항 착륙허가
0x5B637A	23	FA	1	数百年守ってきたこの星の環境を、	수백년 지켜온 별 환경、
0x5B67B4	23	FD	1	今のうちに全部沈めるつもりで行くぞ！	지금 사이에 전부 침몰시킬 생각으로 간다！
0x5B6CB5	23	FB	1	超能力で毒素を中和すればなんとか	초능력으로 독소중화하면
0x5B759D	23	F8A6	1	ＰむいォデむいＵずめいＡ５むい６グめいＹ６むい	
0x5B7D96	23	F8B2	1	さいとベむいエＬむいえパむいびＭむいＭゴむい（	
0x5B7E9E	23	FC	1	さいふヂむいえドむいっあさいがあさいごあさい（	
0x5B7EDA	23	F800	1	さいＱバむいぱブむい尅さいシザむいトデむい（	
0x5B7EF2	23	F800	1	さいトヅむいフズむい尅さいえズむいトゼむい（	
0x5B80F6	23	FC	1	さいボズむいぱゼむいっあさいがあさいごあさい（	
0x5B8522	23	F800	1	さいＡバむいわザむいしベむい蹉むいくあさいＮ	
0x5B85D3	23	FC	1	いぽじふいえあさいシジむい❤ダむい２ズむいゼあ	
0x5B87A2	23	FE	1	さいフヅむいごズむいワバむいゲデむいわバむい（	
0x5BAFB6	23	FB	1	ここまで頑張って、見付かったらシャレに	여기까지 애쓰고 들키면
0x5BD1F9	23	FA	1	表情を変えると不正解になりますので	표정을 바꾸면 오답이니
0x5BD341	23	FB	1	今度来ても、貴方にはちゃんと売って	다음에 와도 당신껜 잘
0x5BE0A5	23	FD	1	自分の腕がどうなっているのか気になる！	자기 팔이 어떻게 됐는지 궁금하다！
0x5BFBE4	23	FD	1	ただ、この星ではこれを別の薬だと思って	다만、이 별에서는 이걸 다른 약이라 여겨
0x5C0039	23	F809	1	の部下達が船を修理してくれるらしい	부하들이 배 수리해준대
0x5C08B3	23	FA	1	俺達の体力で倒しきれるものじゃない。	우리 체력으론 무리다。
0x5C0AA7	23	FE	1	今度こそは人間と知り合いになるぞ。	이번에야말로 인간과 아는 사이가 되겠어。
0x5C1436	23	FB	1	これまで頑張った貴方にいいオトコからの	여태 힘낸 당신께 좋은
0x5C1DA2	23	FA	1	小惑星だって止まっているわけじゃない、	소행성도 멈춰있진 않아、
0x5C3D86	23	FD	1	信頼してもらう為には体を張らないと！	신뢰받으려면 몸을 던져야지！
0x5C417C	23	FE	1	俺の幅はお前が思っているよりも広い。	내 폭은 네가 생각하는 것보다 넓다。
0x5C5F6E	23	FA	1	貴方の気持ちは本当にオトコらしい。	당신 마음 참 남자답다。
0x5C6AC5	23	FE	1	私の姿を一瞬たりとも逃さないでおこう	내 모습을 한순간도 놓치지 말아야지
0x5C7948	23	FE	1	きっと美術品が特産品の星らしく、	분명 미술품이 특산품인 별답게、
0x5C7960	23	FA	1	美人の女の子がいっぱいいるでやすんよ。	미녀들이 잔뜩 있습죠。
0x5C83C5	23	FE	1	だから試験監督の私も楽なのですが、	그래서 시험 감독인 저도 편합니다만、
0x5C89A1	23	FB	1	だから俺達も一緒に連れってください！	우리도 같이 데려가줘요！
0x5C8F79	23	FA	1	私が貴方を信頼する事ができたらね。	내가 당신을 신뢰하면。
0x5C9000	23	FA	1	簡単に得る事なんてできないでやんすよ。	간단히 얻을 수 없습죠。
0x5C9E9B	23	FB	1	神の魅力にあれ程まで耐えれるなんて。	신의 매력을 견디다니。
0x5CA183	23	FA	1	あっという間にあの街は崩壊してしまう。	순식간에 마을은 붕괴。
0x5CA901	23	FE	1	この星には他にもいっぱい遺跡があるんで	이 별에는 다른 유적도 잔뜩 있어서
0x5CAF90	23	FB	1	お化けの一匹や二匹、遺跡にいても	유령 한둘 유적에 있어도
0x5CAFB6	23	FD	1	こういう場所は霊的スポットになりやすい	이런 곳은 영적 장소가 되기 쉽다
0x5CBAA0	23	FA	1	やはり流行りに敏感でないといけません。	역시 유행에 민감해야죠。
0x5CBF76	23	FD	1	それにこの星で取れる液体エネルギーは、	게다가 이 별에서 나는 액체 에너지는、
0x5CD351	23	FA	1	そういった事を職業にしている人もいる。	걸 직업삼는 이도 있다
0x5CD588	23	FD	1	気持ちだけでは相手は見てくれません。	마음만으로는 상대가 봐 주지 않습니다。
0x5CD5B5	23	FB	1	しかし気持ちと力と肉体美があれば、	마음 힘 육체미 있으면、
0x5CD71D	23	FD	1	なぜなら私は宇宙一美しいのですから！	왜냐하면 나는 우주 제일 아름다우니까요！
0x5CDC15	23	FB	1	確かに俺の肉体は素晴らしいからな。	확실히 내 육체 훌륭해。
0x5CDF7D	23	FE	1	けして、自分の姿から目を逸らさないで	결코、자신의 모습에서 눈을 돌리지 말고
0x5CE291	23	FA	1	なんとかしてでも内部から破壊してたわ。	어떻게든 안에서 부쉈어。
0x5CE5C4	23	FB	1	宇宙港へは、その製造している所から	우주항엔 제조하는 곳서
0x5CE7E6	23	FD	1	よし！街にこのワームの事を報告しよう。	좋아！마을에 이 웜에 대해 보고하자。
0x5CE930	23	FB	1	もちろん負傷者だって、この街の住人	물론 부상자도 마을주민
0x5CEE5E	23	FB	1	何か他の部屋と違うような・・・・・。	뭔가 딴 방과 달라・・・・・。
0x5CF0DD	23	FB	1	宝を持って帰る、帰らないに関わらず、	보물 갖고 가든 말든、
0x5D0B02	23	FA	1	可哀想だと思ってしまったのはオイラだけ	불쌍하다 생각한 건 나뿐
0x5D0E27	23	FB	1	あの行為が人間らしいと言ったわけじゃ	행위가 인간답다곤 안했
0x5D1245	23	FA	1	犠牲者となった前代表の娘なのよ。	희생된 전대표의 딸이야。
0x5D14A6	23	FA	1	屋外を歩く人なんてこの街にいないよ。	밖을 걷는 사람은 없어
0x5D215E	23	FB	1	仕事の邪魔だから、早く帰りなさい。	일 방해니 빨리 돌아가。
0x5D2183	23	FB	1	いつか、そのクールな表情を驚きに変えて	언젠가 그 쿨한 표정을
0x5D277C	23	FB	1	ここからじゃ中心に向かえば向かう程、	여기선 중심에 갈수록、
0x5D2885	23	FA	1	俺達以外に探索している人達が、	우리 외 탐색하는 사람들
0x5D2D23	23	FB	1	ここで、あの宇宙船を放っておくなんて、	여기서 우주선 방치라니、
0x5D3703	23	FD	1	俺も自分の船の持つようになるわけだ。	나도 내 배를 갖게 되는 셈이다。
0x5D3CEA	23	FB	1	そんな貴方に情報を売るのは早いわ。	당신껜 정보 팔기 일러。
0x5D3D05	23	FE	1	もっと宇宙を見て、いろんな事を知って	더 우주를 보고、여러 가지를 알고
0x5D415C	23	FB	1	何も着ずに宇宙を飛び回ってるなんて	안입고 우주를 날다니
0x5D45E8	23	FD	1	会えたも何も俺の船に突っ込んできた	만나고 자시고 내 배에 들이받아 온
0x5D4600	23	FA	1	あげく、無理やり仲間に入ってきたよ。	결국 억지로 동료 됐어。
0x5D4748	23	FE	1	私は貴女の友人だと思っていたけど？	나는 당신의 친구라고 생각했는데？
0x5D47EA	23	FB	1	それが悪いかどうかは私の関知するところ	그게 나쁜지는 내 알 바
0x5D4820	23	FD	1	アンタ、あたしにその手の情報しか渡して	당신、나에게 그런 종류의 정보밖에 주지
0x5D51CB	23	FA	1	僕達とどう違うのか興味がありました。	우리와 뭐가 다른지 궁금
0x5D5AFF	23	FA	1	の拠点だと知って怒りを見せてたけど、	거점인 걸 알고 화냈지만
0x5D5C14	23	FD	1	普段のアンタなら、こんな情報はあたしに	평소의 당신이라면、이런 정보는 나에게
0x5D69F3	23	FB	1	一緒にいたら、おもしろい事ばっか起きる	같이 있으면 재밌는 일뿐
0x5D6B39	23	FD	1	邪魔なんてしたら後でどんな目にあうか。	방해했다간 나중에 어떤 꼴을 당할지。
0x5D7821	23	FE	1	まあ、部下を巻き添えにはできないから、	뭐、부하를 말려들게 할 수는 없으니까、
0x5D7839	23	FA	1	あたし一人でついて行く事になるのかな。	나 혼자 따라가게 되나。
0x5D819E	23	FC	1	さいエビもい煮もいォブもい❤ビもいヂビもい（	
0x5D8337	23	FC	1	いネイふいぱボもいぜあさいフボもいぃあさいせい	
0x5D864A	23	FC	1	さいフビもいヂブもいっあさいがあさいごあさいせ	
0x5D8CA2	23	FC	1	さいづボもいぜあさいっあさいがあさいごあさいせ	
0x5D9A65	23	FB	1	あの事件の主犯に賞金がかかったぜ！	주범에 현상금 걸렸다！
0x5DAA7D	23	F8F8	1	ミサイル艦１、護衛艦２、戦闘機２	미사일１、호위함２、전투기２
0x5DACCE	23	F8F8	1	巡洋艦１、護衛艦１、戦闘機４	순양함１、호위함１、전투기４
0x5DB091	23	F8F8	1	護衛艦１、巡視船１、戦闘機３	호위함１、순시선１、전투기３
0x5DDBE5	23	FA	1	今、劇的に変化している星でやんす。	급변하고있는 별입죠。
0x5DDC65	23	FE	1	数年前までは、一握りで宇宙船が	몇 년 전까지는、한 줌으로 우주선이
0x5DE24C	23	FB	1	必要のないものは、持ち込み禁止だ。	필요없는 건、반입금지다。
0x5DE311	23	F805	1	（一日目は、何事もなく過ぎました）	（첫날 별일없이 지남）
0x5DE66D	23	FB	1	数年前は、宇宙港すらなかったのに、	몇년전엔 우주항 없었다、
0x5DF952	23	FB	1	不意打ちには、十分気をつけてくれ。	기습엔、충분히 조심해줘。
0x5E0862	23	FE	1	これで、安心して農地を拡大できる。	이걸로、안심하고 농지를 확대할 수 있다。
0x5E200F	23	FE	1	あたしは、田舎の道場の先生だから。	나는、시골 도장의 선생이니까。
0x5E2523	23	FA	1	何かの事故があった事だけは確かだね。	사고가 있었던 건 확실。
0x5E34FC	23	F805	1	（二日目は、何事もなく過ぎました）	（２일째 별일없이 지남）
0x5E364F	23	F805	1	（三日目は、何事もなく過ぎました）	（３일째 별일없이 지남）
0x5E396C	23	F805	1	（五日目は、何事もなく過ぎました）	（５일째 별일없이 지남）
0x5E503A	23	FB	1	私達、昨日には町に着いていたのよ。	우린 어제 마을에 왔어。
0x5E50B2	23	FB	1	昨日は、もう夕方で、探しに行っても	어제는 저녁이라 찾아도
0x570C8A	22	F828	1	へいやはまいごづへいがィほいぜぽへい特ほい	
0x571CB4	22	FA	1	２ろへいヂわへいり３はいた３はい尅さいｲ	
0x571ED6	22	FE	1	さいふろへいＡぉへいＩをへい」ゃへい２ろへい	
0x571FC8	22	FE	1	搭さい尅さいォぃへいふをへい尅さいｲ	
0x5724C8	22	FC	1	ワぁへいＹゃへい尅さいぱんへい！１はいｲ	
0x5736EC	22	FC	1	搭さいぱぅへいフぅへいＱんへい瀉へいよあ	
0x573908	22	FC	1	しぃへいボろへいォゾむいぃあさい澡へい６あ	
0x573F04	22	FE	1	ボをへいぱっへいふっへいエぉへいＱるへいＢあ	
0x573F38	22	FC	1	ヂぉへいふぉへい❤をへいＩぅへいゲゃへいゼあ	
0x5743B0	22	FC	1	えれへい尅さいしをへいとぇへい❤ぅへいＩあ	
0x57567E	22	FA	1	合理的に解決する手段じゃない？	합리적 해결수단 아냐？
0x575782	22	FE	1	うん、落ち着いて暮らせる家がいいな。	응、편히 살 수 있는 집이 좋겠어。
0x575A3C	22	FE	1	未来を信じることって大事ですよね？	미래를 믿는 건 중요하죠？
0x575AD7	22	FE	1	戦わずに勝つのが最上の方針です。	싸우지 않고 이기는 것이 최상의 방침입니다。
0x575DD2	22	FE	1	あなたに分かるように別の言葉にすれば	당신이 알 수 있게 다른 말로 하자면
0x575E51	22	FA	1	楽しむのとは同じ意味ではありません。	즐긴다는 뜻 아닙니다。
0x575EC3	22	FA	1	献身の要素を持つ友情に劣る。	헌신적 우정보다 못해。
0x576307	22	FA	1	入れ替えできます。Ｂボタンで終了です	교체 가능。Ｂ버튼 종료
0x578495	22	FA	1	前任者を悩ませた怪物だったのよ。	전임자 괴롭힌 괴물이야
0x5789DE	22	FB	1	それは私に対し説得力を持たない。	그건 내게 설득력 없어。
0x578EBF	22	FA	1	武器を強化するとか、強い仲間を	무기 강화나 센 동료를
0x57AB98	22	FB	1	だが、こっちを殺る気は満々のようだ。	죽일 마음은 가득한듯。
0x57B445	22	FA	1	まだこの星にも多数潜伏しています。	아직 별에 다수 잠복중。
0x57B725	22	FA	1	絶対、この体験を報道してやるぞ！	꼭 이 체험 보도해주마！
0x57B9B0	22	FE	1	この宇宙に、星の数ほど女はいるのに	이 우주에、별의 수만큼 여자가 있는데
0x57C6D6	22	FA	1	今では単なる資源の供給元だな。	이젠 단순 자원공급원。
0x57C718	22	FB	1	そんな星に降りて大丈夫でやんすか？	그런 별 내려 괜찮습죠？
0x57C741	22	F809	1	の管理下だからこそ、盲点なんだよ。	관리하니 오히려 맹점
0x57D08F	22	FD	1	で、この気持ちの悪い像は何なんだ？	그래서、이 기분 나쁜 상은 뭐냐？
0x57D3AD	22	FB	1	ロボットは人間に奉仕するものだから。	로봇은 인간에 봉사하니
0x57D4EA	22	FD	1	これを利用すると、遠方への移動が	이걸 이용하면、먼 곳으로의 이동이
0x57D999	22	FD	1	なるほど、常識で判断しちゃだめだな。	과연、상식으로 판단하면 안 되겠군。
0x57E142	22	FE	1	武装もせずに戦場へは行けませんわ。	무장도 없이 전장에는 갈 수 없답니다。
0x57E703	22	FE	1	まあ、借金で半分消えたんだけどな。	뭐、빚으로 절반 사라졌지만 말이다。
0x580048	22	FE	1	これ持って帰ったら機嫌直るかなあ？	이거 가져가면 기분이 풀리려나아？
0x58104A	22	FA	1	謎の病気や事故で亡くなって・・・	괴질・사고로 죽어・・・
0x58221B	22	FA	1	長官にいろいろとお世話になりました。	장관님께 신세졌습니다。
0x582678	22	F85A	1	（このゲームでは、武器はたくさん持つと	（게임선 무기 많이 들면
0x5827CD	22	FA	1	ほとんどの星で買うことが出来ます。）	대부분 별서 살수있다
0x582A38	22	FD	1	オリジナル変化球のパーツが売ってる！	오리지널 변화구 부품을 팔고 있어！
0x584098	22	FA	1	宇宙には混乱の時代がやってきた。	우주엔 혼란기가 왔다。
0x5845C2	22	FA	1	空前の利益をあげることができたのに。	공전의 이익 냈을텐데。
0x5845E1	22	FB	1	でも、さっき利益が１兆ペラ越えたとか	이익 １조페라 넘었대
0x5847AC	22	FB	1	幸運なことに、私にはツケが効きます。	다행히 난 외상이 돼요。
0x5851FE	22	FA	1	走ることができれば、爆破は成功だ。	달릴수있으면 폭파성공。
0x5858B6	22	FE	1	宇宙船の装備にかけるべきお金まで	우주선 장비에 써야 할 돈까지
0x5866F3	22	FE	1	この１０名、全部星が違うでやんす。	이 １０명、전부 별이 다릅죠。
0x586B5F	22	FB	1	ゴミ処理業者も生ゴミの処分には	쓰레기업자도 음식물엔
0x587737	22	FA	1	ロボットが反乱を起こして人間達を	로봇이 반란해 인간을
0x5878FD	22	FE	1	ええと、あとは惑星総生産とか・・・	그러니까、나머지는 행성 총생산이라든가・・・
0x588980	22	FB	1	課長の声が急に聞こえなくなったぞ？	과장 목소리가 안들려？
0x58903F	22	FB	1	そういった精神上の悪影響からも、	그런 정신적 악영향도、
0x589978	22	FE	1	むしろ、お金以上に必要なものなんて	오히려、돈 이상으로 필요한 것 따위
0x589A12	22	FB	1	子供は資産価値が大きいからな。	애는 자산가치가 커。
0x58A07F	22	FB	1	各自、状況を判断して移動して	각자 상황 판단해 이동
0x58A31E	22	FA	1	宇宙船のデータが消去されています。	우주선 데이터 삭제됐다
0x58AFB4	22	F809	1	の上納金が高くて不景気だから。	상납금 높아 불경기라。
0x58C0B3	22	FA	1	お金で換算して考える習慣がある。	돈으로 환산하는 습관。
0x58C695	22	FB	1	表情を形作るための筋肉組織が	표정 만드는 근육조직이
0x58CA8D	22	FB	1	優秀な者をクローンで増やしたわけか。	우수자 클론으로 늘렸나
0x58CC88	22	FA	1	そもそも海賊の摘発のために、怪しい	해적 적발 위해 수상한
0x58CD0D	22	FB	1	水際ではなく、もっと広く取り締まる	차단 아닌 폭넓은 단속
0x58D237	22	FD	1	もうちょっと機械は丁寧にあつかえよ。	기계는 조금 더 정중하게 다뤄라。
0x58D2BF	22	FD	1	付き合ってた女に振られたんでやんす。	사귀던 여자에게 차였습죠。
0x58D4BC	22	FA	1	どうせすぐにまた別の女に夢中になって	어차피 딴 여자에 빠져
0x58DAB9	22	FE	1	なにより、ワシの地位こそが大事なり。	무엇보다、내 지위야말로 중요하니라。
0x58DBB3	22	FE	1	その中で特別大きなボス的存在を	그중에서 특별히 큰 보스 같은 존재를
0x58DE2A	22	FB	1	この戦いで、めでたく記録を達成した	이 싸움에서 기록 달성
0x58EC3C	22	FE	1	人間用に作られた道具や装備を	인간용으로 만들어진 도구나 장비를
0x58ED87	22	FA	1	自分か、この子自身に修理させて	나나 얘 스스로 수리
0x58FC24	22	FB	1	一体どういう方法だったのでしょうね。	대체 어떤 방법이었을까
0x5902D2	22	FB	1	ワクチンなら、宇宙港の東の倉庫に	백신은 우주항 동쪽창고
0x5904EF	22	FB	1	私の旗を目印に行動してください。	내 깃발 보고 행동해줘。
0x590A75	22	FA	1	見かけたら、兄弟の可能性を・・・	보이면 형제 가능성・・・
0x59147B	22	FE	1	いえ、この星に他の星の植物や虫を	아뇨、이 별에 다른 별의 식물이나 벌레를
0x591492	22	FA	1	持ち込んでいないかどうかの調査です。	반입 안했는지 조사다。
0x5915CA	22	FA	1	これまでに４つの植民星が滅びました。	여태 ４개 식민성 멸망。
0x591B12	22	FA	1	謎のヒーローのまま消え去ってやろうか。	익명 히어로로 사라질까
0x591FDB	22	FB	1	宇宙食はあんまり好きじゃないんだけど	우주식은 별로 안좋은데
0x59249F	22	FE	1	つ、次の作戦は、実は食いしん坊！	다、다음 작전은、실은 먹보！
0x592827	22	FB	1	生き方ってのにはスタイルが大事なの。	삶엔 스타일이 중요해
0x59285C	22	FA	1	これ以上置き換えてたまるもんですか。	더는 바꿔치기 못해요
0x5928F1	22	FA	1	ボディに装着すれば戦闘力は５倍！	장착하면 전투력 ５배！
0x5938E1	22	FA	1	仲間がいっぱいだと連れ出せないカニ。	동료 많으면 못나가게。
0x594274	22	FB	1	普通は奥地に生息しているのだが、	보통 오지에 서식하지만
0x594384	22	FE	1	強力な肉食動物を崇拝するのは	강력한 육식 동물을 숭배하는 것은
0x594969	22	FE	1	見事に、何にもない部屋でやんすね。	멋지게도、아무것도 없는 방입죠。
0x594DFB	22	FA	1	光速に近い速度で発射するんだ。	광속급 속도로 발사한다
0x594E48	22	FA	1	全部吸収されるから迎撃できない。	다 흡수돼서 요격못한다
0x5955ED	22	FA	1	野球人形の熱心なファンらしいね！	야구인형 열혈팬인가봐！
0x5965D2	22	FE	1	１０年連続で、移住したい惑星の	１０년 연속으로、이주하고 싶은 행성
0x596711	22	FA	1	移住の審査は厳しくなっております。	이주 심사 엄격해졌다。
0x5967D9	22	FA	1	水棲（せい）人なので、海中に家を	수생인이라 바닷속에 집
0x59696D	22	FD	1	国家元首が、毎朝はげましてくれる	국가 원수가、매일 아침 격려해 주는
0x596D7C	22	FD	1	でも、退治されるのがお約束だとしても	하지만、퇴치되는 게 정해진 수순이라 해도
0x596E74	22	FA	1	新しく作られた衛星監視システムを	새 위성감시 시스템을
0x596F4F	22	FB	1	同志達を見捨てるわけにはいかない。	동지들을 버릴 순 없다。
0x597E8E	22	FA	1	宇宙船は、宇宙生命体のエサに	우주선은 우주생물 먹이
0x5982E0	22	FA	1	公共の電波に出られるわけないだろ。	공공전파에 못 나오지。
0x598E7C	22	FB	1	強い者の当然の権利、ってことだ。	강자의 당연한 권리다。
0x598F7B	22	F809	1	の威光に逆らう者だ、容赦するな。	거스르는 자、용서마라。
0x5993F2	22	FA	1	その星の人間が、外に出て行けない	그 별 사람이 못 나가는
0x59AA77	22	FE	1	いざという時、民間人に紛れるために	만일의 때에、민간인 속에 섞이기 위해
0x59B5A5	22	FB	1	宇宙の記録を塗り替える男だぞ？	우주기록 깰 남자다？
0x59B807	22	FB	1	宇宙の男、また１人ここに散る、か。	우주 남자、또 １명 진다。
0x59BF8A	22	FD	1	今は評議会議長閣下だけどな、	지금은 평의회 의장 각하지만 말이다、
0x59C809	22	FA	1	病院ですぐに手に入ると思うけどね。	병원서 바로 구할수있다
0x59D12A	22	FB	1	購入代金は、惑星間の貿易で	구입대금은 행성간 무역
0x59D205	22	FB	1	出発前に、次の星で売る商品を	출발전 다음별 팔 상품
0x59D492	22	FA	1	まだ総督には会いに行かないんですか？	총독 만나러 안가나요？
0x59DE01	22	FA	1	というのが反対意見の主な所です。	라는 게 반대의견 요지。
0x59EB3B	22	FB	1	だから、力と技術と経験と装備の	힘 기술 경험 장비의
0x59F26E	22	FA	1	１トンの反動が君の体にかかるんだぞ。	１톤 반동이 몸에 온다。
0x59F9B2	22	FB	1	ワクチン禁輸の件、お聞きしましたぞ。	백신 금수 건、들었소。
0x59FA8A	22	FA	1	こういう場合、効果的なのでやんす。	이런 경우 효과적입죠。
0x59FB01	22	FB	1	閣下の判断なら間違いありません。	각하 판단이면 확실。
0x59FC28	22	FB	1	そんな要求を彼らが呑むはずがない。）	그런 요구 안받는다。）
0x59FE2D	22	FD	1	宇宙の平和を守ってきた誇り高き	우주의 평화를 지켜 온 자랑스러운
0x5A08DE	22	FE	1	お客さん、投資に危険はつきものよ。	손님、투자에 위험은 따르기 마련이야。
0x5A0AFD	22	FB	1	もう少し自重していただかないと困る。	좀 더 자중해주셔야。
0x5A129A	22	FE	1	それで宇宙港に空き地を作ります。	그래서 우주항에 빈터를 만듭니다。
0x5A259B	22	FB	1	そこで、試作４０２号では画期的な	시제 ４０２호는 획기적
0x5A26B6	22	FA	1	空気の動きすら痛みに感じてしまう。	공기 흐름도 아프다。
0x5A26CD	22	FB	1	その痛みに幼い精神は耐えられない。	어린 정신은 못견뎌。
0x5A2AF8	22	FB	1	採用されない記事を何本書いても	안실리는 기사 써봐야
0x5A2ED4	22	FB	1	どうです、機械の身体になりませんか？	어때、기계 몸 되지않나？
0x5A3310	22	FE	1	非論理的かつ主観的な思考を	비논리적이고 주관적인 사고를
0x5A333F	22	FA	1	論理的な存在になりたいと願うのは	논리적 존재를 바라는
0x5A33ED	22	FA	1	この町の外に連れて行ってもらえるのに	마을 밖으로 데려가줄
0x5A36AA	22	FB	1	・・・目的地に早くたどり着くために	・・・목적지에 빨리 가려
0x5A380D	22	FA	1	容易には交換不可能なものです。	쉽게 교환 못하는거야
0x5A3827	22	FE	1	だから、少しでも衝撃を吸収するため	그러니까、조금이라도 충격을 흡수하기 위해
0x5A39EB	22	FE	1	いずれ人類に取って代わるかもしれない	언젠가 인류를 대신할지도 모르는
0x5A3A2B	22	FE	1	ロボットとして、画期的な傑作なのに	로봇으로서、획기적인 걸작인데
0x5A3ABA	22	FE	1	・・・ひょっとしたら、彼女を救うために	・・・어쩌면、그녀를 구하기 위해
0x5A458F	22	FA	1	我々に勝ち目がないのはわかっている。	우리 승산 없는 건 안다
0x5A4CEB	22	FA	1	どんなに無慈悲で過酷だったかをね。	얼마나 무자비했는지。
0x5A4DF5	22	FB	1	・・・ところで安眠妨害は犯罪よ。	・・・수면방해 범죄야。
0x5A5262	22	FE	1	以前、仕事で手を組んだ相手。	예전에、일로 손을 잡은 상대。
0x5A546A	22	FD	1	あんたらが何者なのか知りたくもないわ。	당신들이 누구인지 알고 싶지도 않아。
0x5A54FC	22	FB	1	武装してないからといって油断するな！	무장 안했다 방심마라！
0x5A5C7C	22	FA	1	また別の部隊が爆撃するでしょうね。	또 딴 부대가 폭격하죠。
0x5A644A	22	FA	1	ある程度有効に活用されている、と	어느정도 유효히 활용중
0x5A6613	22	FA	1	住居は会社の持ち物ですから・・・	주거는 회사 것이라・・・
0x5A6759	22	FA	1	会社が決まって、あとで別の会社に	회사 정해진 뒤 딴 회사
0x5A6DB0	22	FB	1	異星人たちが、我々の美しい星で	외계인들이 우리 별에서
0x5A6F9D	22	FD	1	あんな犯罪組織に手を貸さなくても	저런 범죄 조직에 손을 빌려주지 않아도
0x5A71BC	22	FB	1	でも、かなりの軍事力を持っていたので	상당한 군사력 가져서
0x5A71EB	22	FB	1	宇宙の平和に対する危険だという	우주평화에 대한 위험
0x5A74D7	22	FE	1	この星には、まだ豊かな地下資源が	이 별에는、아직 풍부한 지하자원이
0x5A756C	22	FA	1	ここでの資源発掘に役立ってます。	여기 자원발굴에 도움。
0x5A780B	22	FA	1	宇宙港で安価に入手できますよ。	우주항서 싸게 구입。
0x5A7BEA	22	FA	1	面倒ごとにでも巻き込まれたんだろう。	귀찮은 일에 휘말렸나。
0x5A7FDF	22	FE	1	結局、真実が明らかになった時には	결국、진실이 밝혀졌을 때에는
0x5A828B	22	FD	1	先日の事件以来、このホログラムを	요전 사건 이후로、이 홀로그램을
0x5A9123	22	FB	1	アンタは、この宇宙の秩序と平和を	당신 우주 질서 평화를
0x5A94C1	22	FB	1	ククク、これが一番欲しかったんですよ。	크크、이게 제일 원했다。
0x5A9D62	22	FE	1	チップを使うなんて本格的でやんすね。	칩을 쓰다니 본격적입죠。
0x5A9E66	22	FB	1	最初に伏せて配るのは一枚だけだ！	처음 엎는 건 딱 한장！
0x5A9FFA	22	FB	1	表と裏のカードを交互に５枚配って	앞뒤 카드 교대로 ５장씩
0x5AB0BD	22	FB	1	この程度の理屈もわからないのかしら？	이 정도 이치도 모르나？
0x5ABCF1	22	FB	1	あそこに記録されている生物兵器は	거기 기록된 생물병기는
0x5ABFA7	22	FA	1	非活性化し、ゆるやかな不景気が	비활성화로 완만한 불황
0x5AC15C	22	FB	1	ここまでの話を聞いて、私に選択する	여기까지 듣고 선택할
0x5AC425	22	FA	1	このような場所に招待されるとは・・・	이런 곳에 초대라니・・・
0x5AC669	22	FB	1	ブラックホールを標的に撃ち込むとか。	블랙홀을 표적에 쏜다
0x5AC69A	22	FA	1	その絶対無敵弾を発射するために	절대무적탄 발사하려고
0x5AC820	22	FA	1	ウイルスの培養設備を作っておいて？	바이러스 배양설비를？
0x5AC9F4	22	FE	1	ハハハハハ、よその国の元首を逮捕！	하하하하하、남의 나라 원수를 체포！
0x5ACC39	22	FA	1	使わずともこの状況を解決できた！）	안쓰고 상황 해결했다！）
0x5ACD09	22	FE	1	念のために全員に抗体を注射して	혹시 모르니 전원에게 항체를 주사해서
0x5AD06F	22	FE	1	15機とかいう単語が聞こえたが、	１５기라는 단어가 들렸는데、
0x5AD786	22	F804	1	そうか、考えてみると至極当たり前の	생각해보면 지극히 당연
0x5ADA88	22	FA	1	危険な生物の遺伝子情報だ。	위험생물 유전자정보。
0x5ADD11	22	FB	1	くれぐれも厳重な管理をお願いする。	부디 엄중한 관리 부탁。
0x5ADD6A	22	FA	1	中止して、設備は撤収しましょう。	중지하고 설비 철수。
0x5ADDDF	22	FB	1	こちらはデータの引渡しに合意している	이쪽은 데이터인도 합의
0x5ADFCB	22	FB	1	表向きは事故ということになってますが	표면상 사고로 돼있지만
0x5AE6FE	22	FD	1	航路を変更して、迂回していくぞ！	항로를 변경해서、우회해서 간다！
0x5AE972	22	FD	1	船に傭兵部隊を乗せているとはな。	배에 용병 부대를 태우고 있다니。
0x5AF73A	22	FB	1	規格さえ合えば、まったく違うパーツで	규격 맞으면 딴부품으로
0x5AF767	22	FB	1	手も足も体も頭も、プログラムさえも。	손발 머리 프로그램까지
0x5AF78C	22	FA	1	どこから先が別の存在なのでしょうか？	어디부터 딴 존재일까？
0x5AF7F9	22	FB	1	脳の神経は、経験を元に成長し	뇌신경은 경험으로 성장
0x5AFC61	22	FA	1	自我の否定にたどり着いちまうんだ。	자아 부정에 다다른다。
0x5B0568	22	FE	1	宇宙船を所持している他の者にも	우주선을 소지한 다른 자들에게도
0x5B065C	22	FA	1	君に資金を提供することもできない。	너에게 자금 제공 불가。
0x5B0D05	22	FB	1	ほとんどの惑星に特産物があります。	대부분 행성에 특산물。
0x5B0EB8	22	FA	1	あなたの精神をロボットに移植します。	당신 정신 로봇에 이식。
0x5B163D	22	FB	1	早いところ処分しないと目が覚める。	빨리 처분않으면 깬다。
0x5B1BCF	22	FD	1	でも、元々人間だったという記憶で	하지만、원래 인간이었다는 기억으로
0x5B2771	22	FD	1	任務達成まで組織に戻れません！	임무 달성까지 조직에 돌아갈 수 없습니다！
0x5B2F5C	22	FB	1	もう一隻、変な船が後方から・・・	또 한척、이상한 배・・・
0x5B3864	22	FD	1	アンタ、あたしらの華麗なる戦闘中に	당신、우리의 화려한 전투 중에
0x5B3AB0	22	FE	1	あたしらエンゲル係数メチャ高いのよね。	우리 엔겔 계수 엄청 높단 말이야。
0x5B3DD6	22	FB	1	できれば死体ぐらいは回収するように。	가능하면 시체는 회수。
0x5B41A5	22	FB	1	あの村は我々と関係なかったのにな。	마을은 우리와 무관한데
0x5B4243	22	FB	1	さいわい、敵も爆撃で混乱している。	다행히 적도 어수선해。
0x5B5B1C	22	FF	1	わが派閥の軍艦に一斉に攻撃！	우리 파벌의 군함에 일제히 공격！
0x5B5EF1	22	FA	1	宇宙船を別の港に移動させよう。	우주선 딴 항구로 옮겨。
0x5B60AC	22	FB	1	周辺の防衛部隊を呼び寄せろ！	주변 방위부대 불러라！
0x5B6363	22	FE	1	私達が自分自身を改造してまで	우리가 자기 자신을 개조하면서까지
0x5B7F3A	22	F800	1	さいトヅむいフズむいっあさいがあさいごあさい	
0x5B8EAE	22	FC	1	さい縞むいＱビむいＡズむい窄さい尅さい	
0x5BC6C1	22	FE	1	ちゃんと後で合流するから安心して。	나중에 제대로 합류할 테니 안심해。
0x5BC96B	22	FB	1	無駄な戦いはしない方がいいでやんす。	무의미한 싸움은 말죠。
0x5BF389	22	FB	1	じゃあ、また探索する時に声をかけると	그럼 탐색할 때 부르면
0x5BF51D	22	FA	1	頼っている星よりも安く売ってもらえる	의존하는 별보다 싸게
0x5C07B9	22	FB	1	見付かったら、きっと襲われるでやんす！	들키면 꼭 습격당합죠！
0x5C0FE0	22	FE	1	新しい世界が見たいと思わないのか？	새로운 세계를 보고 싶지 않은가？
0x5C0FF7	22	FB	1	違った世界が見たいと思わないのか？	딴 세계 보고싶지 않나？
0x5C1149	22	FB	1	ワイルド系は俺の趣味ではないんだが。	와일드계 내 취향 아냐。
0x5C153D	22	FB	1	何事にも飛び込む勇気が必要だ	뛰어드는 용기가 필요해
0x5C2529	22	FA	1	大きな被害はないでやんすが・・・・・。	큰 피해는 없습죠・・・・・。
0x5C25B3	22	FA	1	俺は無理やりお前と一緒に行く。	난 억지로 너랑 간다。
0x5C2B1E	22	FB	1	俺の趣味は野球人形・・・・・・	내 취미는 야구인형・・・
0x5C33B4	22	FB	1	今のうちに何とかして、外に逃げよう！	지금 밖으로 도망치자！
0x5C3599	22	FA	1	やんすが、操縦席にいるのは女の子で	조종석에 있는 건 여자
0x5C35FD	22	FB	1	あのままじゃ、いつ小惑星に当たっても	저대로면 소행성 부딪힐
0x5C3B88	22	FD	1	こういった不思議な事が起こるのも、	이런 신기한 일이 일어나는 것도、
0x5C3E34	22	FB	1	穴から何かが這い上がってくる音が。	구멍서 올라오는 소리
0x5C41EB	22	FE	1	究極の美を目指すだけの事はある！	궁극의 미를 지향하는 만큼은 있다！
0x5C48E0	22	FD	1	でも、この宇宙にはもっとおもしろい事が	하지만、이 우주에는 더 재미있는 일이
0x5C5F20	22	FB	1	だから貴方は、私のようになりたくないと	너는 나처럼 되기싫다고
0x5C659F	22	FB	1	誰かに報告する必要もあるんでしょ？	보고할 필요도 있죠？
0x5C66C9	22	FA	1	これはお前からの合図と受け取っても	이건 네 신호로 받아도
0x5C731E	22	FB	1	だって、そんな事を考えた事がないもん。	그런 생각 해본적 없어。
0x5C78DB	22	FA	1	が特産品となっていると書いてあった。	특산품이라 적혀있었다。
0x5C885F	22	FB	1	あたしのお母さんやお父さんを消しさった	내 엄마와 아빠를 지운
0x5C95AB	22	FB	1	あたしが危機に陥ってない戦いなんて、	내가 위기 없는 싸움은、
0x5C9A2A	22	FA	1	仲間にして欲しそうにこっちを見ている	동료 되고싶은듯 본다
0x5C9D66	22	FA	1	俺を知ってもらう為には仕方がない。	알리려면 어쩔수없다。
0x5CA01E	22	FD	1	たぶん俺が見たのに間違いないのなら、	아마 내가 본 것이 틀림없다면、
0x5CA081	22	FB	1	凄い大きい穴が開いてるでやんすよ！！	큰 구멍이 뚫렸습죠！！
0x5CAE29	22	FB	1	だから宝はお礼だと思ってくれていいよ。	보물은 사례라 여겨。
0x5CBB34	22	FB	1	貴方はそれを真似して欲しいのです。	당신이 그걸 따라하길。
0x5CBB8C	22	FE	1	まずは美しい物を自分に吸収する。	우선은 아름다운 것을 자신에게 흡수한다。
0x5CBBA3	22	FB	1	そして、それを踏まえて自分というものを	그걸 바탕으로 자신이란
0x5CBC11	22	FE	1	私が笑えば、貴方も笑ってください。	내가 웃으면、당신도 웃어 주세요。
0x5CBC61	22	FA	1	当然、貴方も光を発してください。	당신도 빛을 발하세요。
0x5CBDE4	22	F809	1	に人工太陽を打ち込まれたんだよ。	에 인공태양이 박혔다。
0x5CBE2C	22	FB	1	一つ作るのに何十億ぺラってかかる。	하나 만드는데 수십억
0x5CC774	22	FB	1	俺達だけ置いてけぼりなんてなしですよ！	우리만 두고 가기 없기！
0x5CCA6B	22	FB	1	ウイルスなんて、この素晴らしい胸筋が	바이러스는 이 가슴근육
0x5CCDA2	22	FE	1	あれ？オイラの周りが何か黒いでやんす？	어라？내 주위가 뭔가 검습죠？
0x5CD242	22	FA	1	何が飛んでても不思議じゃないかな。	뭐가 날아도 안이상해。
0x5CD509	22	FB	1	これじゃあ、僕の全てを見せる事なんて	이래선 전부 보여주지
0x5CD703	22	FD	1	しかし、宇宙一の座は渡しませんよ。	하지만、우주 제일의 자리는 넘기지 않겠어요。
0x5CDA46	22	FA	1	ご馳走になりましたので、お礼にこれを。	잘 먹었으니 답례로。
0x5CDC5D	22	FE	1	私も気を抜くと神の肉体にウットリ	나도 방심하면 신의 육체에 넋을 잃고
0x5CE0BF	22	FA	1	見ていますので、終わる時間になったら	보고있으니 끝날 시간엔
0x5CE143	22	FA	1	見ているから、目もうかつに閉じる事が	보고있으니 눈도 못감아
0x5CE326	22	FB	1	貴女にさすがねって言わせてあげるから！	당신이 역시라 말하게！
0x5CE355	22	FE	1	まだ一回もさすがなんて言った記憶が	아직 한 번도 역시라고 말한 기억이
0x5CE4FE	22	FE	1	じゃあ、さっさと他の星に行くでやんす。	그럼、얼른 다른 별로 갑죠。
0x5CE80F	22	FA	1	俺を信用してくれるようになるだろうし。	날 믿어주게 될 테고。
0x5CE860	22	FB	1	お兄さん達が、あの巨大ワームの事を	형씨들이 그 거대웜을
0x5CE919	22	FB	1	そのワームを倒したのはこの街の住人。	웜을 잡은 건 마을주민。
0x5CED64	22	FD	1	そして自らの肉体で魚を切り裂き、	그리고 스스로의 육체로 물고기를 가르고、
0x5CEE0B	22	FA	1	いつでも好きな時に行ってみてください。	언제든 좋을 때 가봐요。
0x5CF0F5	22	FA	1	コイツを倒さないと俺達は生きてここを	이놈을 안잡으면 여길
0x5CF68A	22	FB	1	前よりも穴が街に近づいているからな。	전보다 구멍이 가까워져
0x5D0784	22	FB	1	何だか不穏な空気が流れてるから。	왠지 불온한 기운이라。
0x5D0830	22	FA	1	俺の為に情報を集めてくれてるのか？	날 위해 정보 모아주냐？
0x5D1260	22	FE	1	だから・・・・・たぶん、あの子は貴方と	그러니까・・・・・아마、그 아이는 당신과
0x5D14CC	22	FB	1	この星は風が強いから、確かにこまめに	별은 바람이 세니 자주
0x5D1527	22	FD	1	少し尋ねたいんだが、この星のワクチンが	조금 묻고 싶은데、이 별의 백신이
0x5D15BD	22	FA	1	から、一般にも公開していないんだな。	라서 일반 공개 안한다。
0x5D18A0	22	FB	1	この状況では、すでに遅いかもしれないで	이 상황선 늦었을지도
0x5D1AA0	22	FB	1	このままじゃ、毎日、悪夢を見るぞ！	이대론 매일 악몽꾼다！
0x5D1B58	22	FB	1	お前は面白そうなのには遠慮ってのを	넌 재밌는 건 사양없어
0x5D2206	22	FE	1	本当に似てるわね・・・・・あの子に。	정말 닮았네・・・・・그 아이와。
0x5D2293	22	F809	1	の事を本当に気に入っているんだな。	를 정말 마음에 들어해。
0x5D239B	22	FA	1	たぶんそんなのは星の住民の手によって	아마 그런 건 주민 손에
0x5D2421	22	FA	1	お宝が無いとは言い切れないないけど。	보물 없다곤 단언못해
0x5D24C1	22	F807	1	この星は昔は発展していた星だから、	이 별은 옛날에는 발전했던 별이니까、
0x5D257C	22	FA	1	あんな風に警備ロボがおかれていたんだ。	경비로봇이 놓여있었다。
0x5D285D	22	FA	1	レアな物がある可能性は低くなるよ。	레어템 가능성 낮아져。
0x5D2965	22	FE	1	そのかわり、いいのはあまり期待しない方	그 대신、좋은 건 별로 기대하지 않는 편이
0x5D2BCF	22	FB	1	危険なのがわかっているのに来るわけない	위험 알면서 올리없다
0x5D32A3	22	FE	1	アンタ達全員とおもしろい事をしないと	당신들 전원과 재미있는 일을 하지 않으면
0x5D35BF	22	FA	1	使わずに自分で仕掛けて来るわよ。	안쓰고 직접 걸어온다。
0x5D39A5	22	FA	1	製造場所は教える事はできないよ。	제조장소는 못 알려줘。
0x5D3A38	22	FB	1	あの時に他の惑星は、どこもこの星を	그때 딴 행성들은 이 별
0x5D3C9B	22	FA	1	言っておきながら、まったく俺には売ろう	말해놓고 나한텐 팔려
0x5D41EB	22	FD	1	でも、あんな姿を見たからには信じるしか	하지만、그런 모습을 본 이상 믿을 수밖에
0x5D43BC	22	F809	1	語で光り輝く王子という意味だ。	어로 빛나는 왕자란 뜻。
0x5D451E	22	F801	1	仲間に入れて良かったのか・・・・・？	동료로 들인 것이 잘한 걸까・・・・・？
0x5D471B	22	FB	1	あたしはアンタを友人なんて思った事は	난 널 친구라 생각한 적
0x5D48C2	22	FB	1	絶対にこの手で真っ二つにしてやる！	꼭 내 손으로 두동강！
0x5D497D	22	FE	1	あと、これはこの子に久しぶりに会わせて	그리고、이건 이 아이를 오랜만에 만나게 해
0x5D5095	22	FB	1	みなさん、僕を人間と勘違いされるの	다들 절 인간으로 착각
0x5D52F6	22	FD	1	そうすれば、おのずと貴方は美しくなるで	그러면、자연히 당신은 아름다워질 거
0x5D54F5	22	FD	1	そして、女の子を助けるのは男として、	그리고、여자아이를 돕는 것은 남자로서、
0x5D5B8B	22	FB	1	相変わらず不満そうな顔してるわね。	여전히 불만인 얼굴。
0x5D5C8E	22	FE	1	貴女がつまらなそうな顔をしてたからよ。	당신이 심심한 얼굴을 하고 있었으니까。
0x5D5DF9	22	FB	1	今から戻って、アンタの個人情報を	지금 돌아가 개인정보를
0x5D5E2F	22	FB	1	いや、ばら撒いてやるから覚悟しなさい！	아니、뿌릴테니 각오！
0x5D5ECE	22	F809	1	の個人情報なんて売ってないくせに。	개인정보는 안팔면서。
0x5D64B0	22	FB	1	あたし達でも見つける事ができなかった、	우리조차 못 찾아냈던、
0x5D655D	22	FB	1	普段は適当なのしかよこさないクセに、	평소엔 대충 주면서、
0x5D6D0F	22	FE	1	この人は好き嫌いがはっきりしてるから、	이 사람은 호불호가 분명하니까、
0x5D720F	22	FA	1	あの小型宇宙船がオイラ達の船に	소형우주선이 우리 배에
0x5D735D	22	FE	1	他人の宇宙船に突っ込むなんて、	남의 우주선에 들이받다니、
0x5D7374	22	FA	1	今まで生きてきて初めての経験だよ！	살면서 처음 겪는 일！
0x5D7686	22	FE	1	あたしはね、面白い事が大好きなの。	나는 말이야、재미있는 일을 아주 좋아해。
0x5D76BE	22	FE	1	でもね、それ以上に面白い事があると	하지만 말이야、그 이상으로 재미있는 일이 있으면
0x5D77EB	22	FA	1	って話を、ある人物から聞いたんだよ。	란 얘길 어떤 인물에게
0x5D878C	22	FC	1	ごあさいがあさいワベもいヂブもいぜあさいＴあ	
0x5D893C	22	FC	1	ふあさいＹボもい謝もいごブもい尅さいＱあ	
0x5DB6F9	20	F823	1	「農地拡大の妨げとなっている、	「농지확대를 방해하는、
0x5DB8CD	22	FD	1	なにせ、二日は待たないと次が来ない	어쨌든、이틀은 기다려야 다음 것이 오니까
0x5DBAF6	20	F823	1	「輸送車を護衛してくれる方を	「수송차 호위해줄 분을
0x5DC4B0	22	FD	1	今日は、ここに用があって来たんだよ。	오늘은、여기 볼일이 있어서 왔단다。
0x5DC528	22	FA	1	賞金稼ぎとして登録に来たんだよ。	현상사냥꾼 등록하러
0x5DC54C	22	FB	1	オイラ達、賞金稼ぎになるでやんすか？	우리 현상사냥꾼 됩죠？
0x5DC648	22	F809	1	の役人か、警備の兵士だけらしい。	관리나 경비병사뿐인듯
0x5DD067	22	F805	1	（こうして、四日目が終わった・・・）	（이렇게 ４일째 끝・・・）
0x5DDCF1	22	FB	1	やっぱり、高価な物には違いないよな。	역시 비싼 물건 확실해。
0x5DE685	22	FA	1	今では、軌道エレベーターで地上まで	궤도엘리베이터로 지상
0x5DE73F	22	FB	1	こんな田舎惑星まで逃げてきたのに、	시골행성까지 도망왔다
0x5DFC2B	22	FA	1	賞金稼ぎ行為は、犯罪ですので、	현상사냥은 범죄라서、
0x5E000D	22	FB	1	連続殺人犯かもしれないじゃないか。	연쇄살인범일지도 몰라。
0x5E0A6D	22	FA	1	大規模なオオカミ狩りがあったんです。	대규모 늑대사냥이었다。
0x5E0B1B	22	FB	1	私達も、あまり気は進まないのですが、	우리도 별로 안내켜、
0x5E0F90	22	FB	1	賞金稼ぎなのに、船を持ってないの？	사냥꾼인데 배 없어？
0x5E1615	22	FB	1	依頼の紙を持って、声をかけてくれ。	의뢰서 들고 말 걸어줘。
0x5E2ECD	22	FA	1	危険な動物を狩ってしまったんです。	위험동물을 사냥했어요。
0x5E4304	22	FA	1	それに乗って、宇宙港まで帰れます。	그걸 타면 우주항까지。
0x5E509B	22	FA	1	今日、大丈夫だったとでも言うの？	오늘 괜찮았다는거야？
0x570AEB	21	FC	1	いヂぃへい尅さい！１はいた３はい！１はい	
0x5736C4	21	FC	1	シろへいっあさいごあさいトぁへいやあさい（	
0x5745A4	21	FC	1	っあさいがあさいごあさいトぁへいみ３はいせ	
0x57579C	21	FE	1	気が向いたら、仲間から抜けるから	내키면、동료에서 빠질 테니까
0x575A91	21	FE	1	わざわざ戦いを仕事にする連中って	굳이 싸움을 직업으로 삼는 무리는
0x575EDD	21	FE	1	戦場において重要なのはエゴではなく	전장에서 중요한 것은 에고가 아니라
0x5761C9	21	FA	1	論議するのは、そもそも問題がある。	논의 자체가 문제다。
0x57646A	21	FE	1	・・・だが、この宇宙に空気はない。	・・・하지만、이 우주에 공기는 없다。
0x576483	21	FE	1	しかし、いずれ私にとって必要になる。	하지만、언젠가 나에게 필요해진다。
0x576D5F	21	FE	1	てかさ、金以外に必要なものなんて	그보다、돈 말고 필요한 것 따위
0x577B66	20	F851	1	ヒマにあかせて、この船の装甲版を	한가한 틈에、이 배의 장갑판을
0x5780FB	21	FB	1	機械油とか、トイレ用クリーナーとか	기계유 화장실 클리너
0x579045	21	FB	1	この船で宇宙戦闘をやる場合の	이 배로 우주전투 할때
0x579224	21	FA	1	熱源探知で狙撃できるのに・・・	열원탐지로 저격할텐데
0x57930D	21	FB	1	今回こそ、絶対に撃沈するのだ！	이번엔 꼭 격침시킨다！
0x57A79C	21	FE	1	お部屋が殺風景だからなのですけど	방이 살풍경하기 때문입니다만
0x57B871	21	FA	1	連邦のパイロットの一員ではないか。	연방 파일럿 아닌가。
0x57BBB9	21	FD	1	座席にいるとき、隣のオイラのとこまで	자리에 있을 때、옆의 내 자리까지
0x57BC7C	21	FA	1	動きが遅いし、体も大きすぎるよな。	움직임 느리고 몸도 커
0x57C3ED	21	FD	1	そうか、この星に学校はないんですね。	그렇군요、이 별에 학교는 없군요。
0x57C457	21	FA	1	昔は無計画なシステムだったんだな。	옛날엔 무계획 시스템。
0x57C7B5	21	FA	1	協力してくれる人物もいるらしいし。	협력해줄 인물도 있대。
0x57C8CC	21	FA	1	それを打ち返す打者とかが現われて	받아치는 타자도 나와
0x57CFE3	21	FA	1	てっきりオレは、墓石まで作ってくれる	난 묘비까지 만들어줄
0x57D9C7	21	FD	1	いや、それだと逃げる意味が・・・？）	아니、그러면 도망치는 의미가・・・？）
0x57DA5A	21	FE	1	運良く宇宙船が通らなかったら、	운 좋게 우주선이 지나가지 않으면、
0x57DC3B	21	FB	1	一般人と思ったが、こっちへ来る。	일반인인줄 알았는데
0x57E0F2	21	FD	1	君は化粧なんかなくても美人だろ。	자네는 화장 같은 거 없어도 미인이잖아。
0x57E393	21	FA	1	商品化の申し入れが来ています。	상품화 제안이 왔다。
0x58030F	21	FA	1	食事、宇宙港費などの経費を	식사、우주항비 등 경비
0x5804D6	21	FA	1	大変な恩義ができてしまいましたね。	대단한 은혜를 졌네요
0x580505	21	FA	1	喜んで報酬をお支払いいたします。	기꺼이 보수 지불하죠。
0x5807A6	21	FE	1	その信念に疑問を投げかけることは	그 신념에 의문을 던지는 것은
0x580BD6	21	FD	1	うわ、こいつら指名手配の奴らだ！	우와、이놈들 지명수배범이잖아！
0x581193	21	FA	1	そのように勝手に変えられては困る。	멋대로 바뀌면 곤란해。
0x581486	21	FD	1	一応、手加減しておきましたから。	일단、봐주었으니까요。
0x581B89	21	FD	1	おーい、お菓子が半分残ってるぞ。	어이、과자가 절반 남았어。
0x581CE3	21	FA	1	生き残る闘志が湧いてくるでしょ？	살아남을 투지가 솟죠？
0x581E8A	21	FA	1	その距離を時間をかけて旅してきた	그 거리를 오래 여행한
0x582068	21	FD	1	株主への説明責任があるのだぞ？	주주에 대한 설명 책임이 있다고？
0x582732	21	FB	1	できれば常に上位を維持したいな。	되도록 상위 유지하자。
0x58314C	21	FB	1	いろいろな惑星に軍隊も金もある。	여러 행성에 군대와 돈
0x583295	21	FA	1	終わらせる方法が失われたか・・・）	끝낼 방법 사라졌나・・・
0x583633	21	FB	1	それと、所属する部隊の名前と。	그리고 소속부대 이름。
0x583F61	21	FD	1	精神操作能力のあるモンスターが	정신 조작 능력이 있는 몬스터가
0x584DB2	21	FD	1	あたし、今ちょっと機嫌が悪いんだ。	나、지금 좀 기분이 안 좋아。
0x584F17	21	FE	1	やはり通常兵器では無理ですか。	역시 통상 병기로는 무리입니까。
0x584F64	21	FB	1	ヘタをすればお互い生きて帰れないぞ。	잘못하면 못돌아가。
0x585FAD	21	FB	1	撃てない時は、ブースターで加速して	못쏠 땐 부스터 가속
0x586427	21	FB	1	ワクチンの不法取引で逮捕する！	백신 불법거래 체포！
0x5871FF	21	FE	1	姿形は同じでも、経験と能力は	모습은 같아도、경험과 능력은
0x587227	21	FE	1	ならば、まず弱い奴を集中攻撃！	그렇다면、우선 약한 놈을 집중 공격！
0x5874F4	21	FA	1	絶対に生きて帰ってこねえからな。）	절대 살아 못돌아온다）
0x587591	21	FE	1	これは大もうけの予感がするでやんす！	이건 크게 벌 예감이 듭죠！
0x5878B9	21	FE	1	住んでる人間の平均収入だよ。	사는 인간의 평균 수입이야。
0x5879C5	21	FB	1	でも「奴隷」はちょっと言いすぎだろ！	「노예」는 좀 심하잖아！
0x588B7E	21	FD	1	早くやらないと、宇宙にポイでやんす！	빨리 하지 않으면、우주에 내던져집죠！
0x588D76	21	FB	1	ということは、前は違う体だったのか。	그럼 전엔 딴 몸였나。
0x588EF2	21	FB	1	身体の痛みを弱める薬を打って。	몸 통증 줄이는 약 놔
0x5892B6	21	FA	1	個人的な感情で来られてもねぇ。	개인감정으로 오셔도。
0x589418	21	FB	1	最初に言っておくが、私から買った	미리 말하는데 내게 산
0x589B8C	21	FA	1	宇宙中の人間が、一生懸命	온 우주 인간이 열심히
0x58A335	21	FB	1	これでは、ワクチン輸送を行なっていた	이래선 백신수송 하던
0x58B215	21	FE	1	何者か知らんが、さっさとそこをどけ！	누군지 모르겠지만、얼른 거기서 비켜！
0x58B5C7	21	FA	1	証拠があっても、事を荒立てるのは	증거 있어도 일 키우는
0x58B768	21	FB	1	お前の活躍に期待してるでやんす。	네 활약을 기대합죠。
0x58BE96	21	FB	1	ま、自分の星だからかもしれないけど。	내 별이라 그럴지도。
0x58CC42	21	FA	1	本来の任務が果たせないでやんす！	본래 임무 못하겠습죠！
0x58CCB6	21	FD	1	あくまで、その延長線上のことです。	어디까지나、그 연장선상의 일입니다。
0x58CD24	21	FA	1	ことこそ、重要だと思う次第です。	게 중요하다 봅니다。
0x58D7C0	21	FA	1	武器を持ち、火を発明しました。	무기 들고 불 만들었다
0x58DDB5	21	FA	1	宇宙最高の撃墜王になるのだ。	우주최고 격추왕 된다。
0x58E1CD	21	FB	1	しかし、こっちの射撃をよけるとは・・・	이쪽 사격 피하다니・・・
0x58E4DC	21	FA	1	好結果を残したというデータもある。	좋은 결과 냈단 자료
0x58E563	21	FA	1	そういうものを全部止めてしまうんだ。	그런 걸 전부 멈춘다。
0x58E806	21	FA	1	真実のワインは薄れ、だいなしになる。	진실의 와인은 옅어져。
0x58E8C9	21	FA	1	雪原に放置すれば確実に死ぬ。	설원에 방치하면 죽어。
0x58EC76	21	FA	1	デザインとして一般的なことなのです！	디자인상 일반적이죠！
0x58FE85	21	FD	1	・・・しかし、攻撃が当たりにくいな。	・・・하지만、공격이 잘 맞지 않는군。
0x590647	21	FD	1	食事代が浮くと、それだけ貯金が	식비가 뜨면、그만큼 저금이
0x59065D	21	FA	1	増えるのが早いし、病気の心配も	빨리 늘고 병 걱정도
0x59094C	21	FE	1	冒険、遊び、ギャンブルが大好きで	모험、놀이、도박을 아주 좋아하고
0x590CDF	21	FA	1	いかにもヤバそうな泡だつ緑の液体。	위험한 거품 녹색액체。
0x590CF8	21	FD	1	どちらの薬を注射して欲しいですか？	어느 쪽 약을 주사받고 싶습니까？
0x590F4D	21	FA	1	相場より、かなり高かったじゃないか。	시세보다 꽤 비쌌잖아。
0x591231	21	FB	1	帰り道までは仕事に入ってないぜ。	돌아갈 길은 일 아냐。
0x591510	21	FA	1	昆虫を持ち込んだ事がありました。	곤충 반입한 적 있다。
0x591574	21	FA	1	千人以上の人が亡くなりました。	천 명 이상이 죽었다。
0x59227B	21	FA	1	意外な弱点を持っているものなので	의외의 약점이 있어서
0x592908	21	FB	1	いえ、私の力で１０倍にしてみせます！	아뇨、내 힘으로 １０배！
0x5929EA	21	FB	1	あのプラントはワシの就任一年目に	플랜트는 내 취임 첫해
0x592A00	21	FA	1	完成した記念すべき物であるのに。	완성된 기념할 것인데。
0x592A5F	21	FD	1	・・・と申しましても、ゲリラの拠点は	・・・라고 말씀드려도、게릴라의 거점은
0x592E95	21	FD	1	勝利するためには、資金だけではなく	승리하기 위해서는、자금뿐만이 아니라
0x592EAB	21	FA	1	反射神経とプログラミング、デザイン	반사신경 프로그래밍
0x5930C3	21	FB	1	この際、手に入れられてはいかがです？	이참에 손에 넣으시죠？
0x593547	21	FA	1	国家が管理していますから、そういう	국가가 관리하니 그런
0x5935E7	21	FE	1	さらに高級な治療を受けたい方は	더 고급 치료를 받고 싶은 분은
0x59362D	21	FA	1	薬を手に入れるルートがあるはずだな。	약 구할 루트 있겠지。
0x593F33	21	FB	1	君の能力は写真記憶じゃない。	능력은 사진기억 아냐。
0x593FA3	21	FA	1	動いてるものを停止して見れるんだ。	움직이는 걸 멈춰본다。
0x593FF5	21	FD	1	しかも、それは格闘技の達人にしか	게다가、그것은 격투기의 달인에게만
0x594128	21	FE	1	おい、宇宙船のデータを調べさせろ！	이봐、우주선 데이터를 조사하게 해라！
0x5945CC	21	FE	1	１０年から２０年間、兵隊をやれば	１０년에서 ２０년간、병사를 하면
0x5946CE	21	FA	1	下の連中をいじめるのが大好きよ。	아랫것 괴롭히길 좋아。
0x594AE9	21	FA	1	そんな言葉をもらうとは思わなかった。	그런 말 들을줄 몰랐어
0x594B38	21	FB	1	なんなんだ、この色気のない部屋は。	뭐야、이 삭막한 방은。
0x594BC5	21	FB	1	いつも氷みたいな壁を作って他人を	늘 얼음벽 쌓고 남을
0x594E5F	21	FB	1	その上、どんな物質も貫通するから	게다 물질도 관통하니
0x59537B	21	FB	1	まあ、ウソといっても確認する方法が	거짓말이라도 확인법이
0x5956B6	21	F85A	1	なお、６０トン以上輸送すると・・・	６０톤 이상 수송하면・・・
0x595E3B	21	FA	1	前に俺に因縁をつけてきた奴だな？	전에 시비 건 놈이지？
0x595F24	21	FA	1	全部さっきみたいに修理してるのか？	전부 아까처럼 수리？
0x596298	21	FA	1	戦わなきゃいけない道理はないのよね。	싸울 이유는 없어。
0x5963EA	21	FB	1	ねえママー、これ全部食べていいのお？	엄마、이거 다 먹어도？
0x5965E9	21	FA	1	ランキング一位の星なんでやんすよね。	랭킹 １위 별이랍죠。
0x596EDC	21	FA	1	お前にとって一番なのはわかっている。	네게 제일인 건 안다。
0x597D2E	21	FA	1	増える、虫みたいな生き物でやんす。	번식하는 벌레같은거
0x597D59	21	FA	1	宇宙空間を移動するのでやんす。	우주공간을 이동합죠。
0x597EF5	21	FA	1	オイラが応急処置しておくでやんす。	내가 응급처치 해둡죠。
0x598C19	21	FB	1	あの娘には保護者が必要だから。	애한텐 보호자 필요해。
0x599415	21	FD	1	その星は自給自足できなかったから	그 별은 자급자족을 하지 못했으니까
0x59973E	21	FD	1	この船を購入する時に、ぎりぎりまで	이 배를 구입할 때에、빠듯할 때까지
0x5997FF	21	FB	1	俺たち社員には、どうしようもないよ。	사원들은 어쩔수없어。
0x59A29B	21	FD	1	いやあ、今から内容が楽しみですね！	이야、벌써부터 내용이 기대되네요！
0x59A2FF	21	FA	1	この人を運ぶの手伝ってくださいよ。	사람 옮기게 도와줘요。
0x59A5CE	21	FA	1	宇宙港と連絡をとって救助して	우주항 연락해 구조해
0x59ACC6	21	F805	1	だから、私は喜んでその連中を・・・	난 기꺼이 그놈들을・・・
0x59B07C	21	FD	1	もし有効な超能力の持ち主なら	만약 유효한 초능력의 소유자라면
0x59B601	21	FE	1	お前さんも、立派な宇宙の男だ。	자네도、훌륭한 우주의 남자다。
0x59B746	21	FB	1	お前の戦闘機、直撃を食らって	네 전투기、직격 당해서
0x59C000	21	FB	1	なんだか、偉そうな肩書きでやんすね。	뭔가 거창한 직함입죠。
0x59C597	21	FD	1	でも、能力を応用することはできる。	하지만、능력을 응용할 수는 있다。
0x59C823	21	FE	1	たくさん購入するのは難しくないかな。	많이 구입하는 건 어렵지 않을까。
0x59C8D7	21	FA	1	生物化学研究所じゃないかな？	생물화학연구소 아냐？
0x59D177	21	FD	1	・・・他の星にはもっと安い値段で	・・・다른 별에는 더 싼 값에
0x59D3A8	21	FB	1	共有できないアナログな価値観は、	공유 못하는 가치관은、
0x59D3BE	21	FA	1	犯罪と不正の元になるということで	범죄 부정의 근원이라
0x59D723	21	FA	1	成功させている悪魔のような奴だ。	성공시킨 악마같은 놈。
0x59DBC4	21	F805	1	労働者ガ・・・全員大ケガ・・・	노동자・・・전원중상・・・
0x59E089	21	FA	1	無念を想像なされば、おわかりかと。	원통함 상상해보시죠。
0x59E6CE	21	FB	1	人工的な戦闘生物じゃないか！	인공 전투생물 아닌가！
0x59F2EB	21	FB	1	戦うと決めた時点で、命のチップは	싸운 시점에 목숨칩은
0x59F3D9	21	FE	1	今日であなたがたの旅も終わりです。	오늘로 당신들의 여행도 끝입니다。
0x59FB5E	21	FB	1	もし、ワクチン不足で死者が出れば	백신부족 사망자 나면
0x59FBB9	21	FA	1	我々の指名した業者にやらせると	지명한 업자에 맡기면
0x59FC6A	21	FB	1	宇宙の平和を脅かす存在として	우주 평화 위협 존재로
0x59FD78	21	FA	1	ワクチンの買占めを行なっております。	백신 매점매석 중이다。
0x59FE4D	21	FA	1	私腹をこやすのに利用しおって・・・	사복 채우는데 이용・・・
0x59FE9D	21	FA	1	あの男を信頼なさっておいでだからな。	그 남자를 신뢰하시니
0x59FEE5	21	FB	1	行けども行けども雪ばっかりでやんす。	가도가도 눈뿐입죠。
0x5A0A1C	21	FD	1	君が渡したのとは、違うお札なんだ。	자네가 건넨 것과는、다른 지폐다。
0x5A0BD0	21	FA	1	見た目どおりの単なるお飾りであれば	겉보기대로 단순장식
0x5A0CD3	21	FA	1	目の前で逮捕された人がいただろ。	눈앞서 체포된 사람。
0x5A10C8	21	FA	1	傘のようにカバーすることが出来ます。	우산처럼 덮어줍니다。
0x5A10E1	21	FE	1	２隻の航法コンピュータをリンクさせて	２척의 항법 컴퓨터를 링크시켜서
0x5A2451	21	FA	1	究極の兵士が研究されてたんだ。	궁극 병사를 연구했다。
0x5A2479	21	FA	1	反射神経と耐久力に優れた、	반사신경 지구력 우수
0x5A2636	21	FA	1	それまでの実験が失敗した原因は	그전 실험 실패 원인은
0x5A2B97	21	FE	1	そうとも、昔は戦場で命の危険を	그렇고말고、옛날엔 전장에서 목숨의 위험을
0x5A2BAD	21	FA	1	冒して取材する奴は大勢いたさ。	취재하는 놈은 많았어
0x5A2BF8	21	FB	1	そんな連中は世の中のためと信じて	그놈들은 세상 위해서
0x5A2C0E	21	FA	1	自分の人生犠牲にして戦って、	제 인생 희생해 싸우고
0x5A2FD8	21	FD	1	本当に機械の身体にしてくれるか	정말로 기계의 몸으로 만들어 주는지
0x5A3905	21	FE	1	残念ながら、彼女が作られただけで	안타깝지만、그녀가 만들어졌을 뿐이고
0x5A3AA1	21	FA	1	作り出せない。」と言ってたそうです。	만들수없다。」라 했대。
0x5A3D6D	21	FE	1	ああ、披露できなくて残念でやんす。	아아、선보이지 못해 아쉽습죠。
0x5A4218	21	FE	1	もう線が入り組んでて大変でした。	선이 너무 뒤얽혀서 힘들었습니다。
0x5A4579	21	FA	1	よくわからんが、この星だけで戦う限り	이 별서만 싸우는 한
0x5A5576	21	FD	1	どこに行ったか俺は知らないけど・・・	어디로 갔는지 나는 모르지만・・・
0x5A5656	21	FB	1	やめてやめて、せめて武器を使って～！	그만、적어도 무기 써～！
0x5A56EE	21	FA	1	裏切りの意味ぐらいわかってるよね？	배신 의미 정돈 알지？
0x5A5CC5	21	FB	1	その正義の味方の行動原理、	정의의 편 행동원리、
0x5A5EBC	21	FE	1	・・・どのみち、敵は撃沈するだけだ。	・・・어차피、적은 격침할 뿐이다。
0x5A6005	21	FA	1	火山の中に逃げ込んだらしいわね。	화산 속으로 도망쳤대。
0x5A6375	21	FA	1	経済の発展を阻害する以上、	경제발전 저해 이상、
0x5A6677	21	FA	1	失業者は犯罪者なのであります。	실업자는 범죄자다。
0x5A66DB	21	FB	1	お手持ちの身分証を奪うために。	가진 신분증 빼앗으려。
0x5A6877	21	FB	1	武器さえ持っていれば、警備として	무기만 있으면 경비로
0x5A68B2	21	FA	1	傭兵として使われることもあるからな。	용병으로 쓰이기도。
0x5A6D80	21	FB	1	富は再分配されてるんじゃないのか？	부는 재분배되잖아？
0x5A72B4	21	FA	1	ことですから、大変な事件ですよね。	라서 대단한 사건이죠。
0x5A7473	21	FA	1	巣窟であるこの星を破壊しろという	소굴인 이 별 파괴하란
0x5A768E	21	FA	1	採掘作業をしてるだけなんですから。	채굴작업 할 뿐인데요。
0x5A76A4	21	FB	1	どうせ攻撃をするなら、私たちじゃなく	공격할거면 우리 말고
0x5A7A4B	21	FA	1	いろいろと肩身の狭い思いもしている	여러모로 눈치보는
0x5A7E97	21	FE	1	不誠実な取り引きをすれば、命が	불성실한 거래를 하면、목숨이
0x5A7F30	21	FA	1	何人か責任を取らされて処分。	몇 명 책임지고 처분。
0x5A81D8	21	FE	1	私からの精一杯のお支払いです。	제가 드릴 수 있는 최대한의 지불입니다。
0x5A8F1A	21	FA	1	ワクチンの禁輸を進言したと聞く。	백신금수 진언했다고
0x5A8F97	21	FA	1	別の宇宙から来たヒーローでやんす。	딴 우주서 온 히어로。
0x5A91A4	21	F809	1	が絶対的な存在だったからでやんす	가 절대적 존재였습죠
0x5A924D	21	FD	1	むしろ、お前こそ権力を握った後に	오히려、너야말로 권력을 쥔 뒤에
0x5A932D	21	FD	1	結局、それは犠牲者が出ることを	결국、그건 희생자가 나오는 것을
0x5A9597	21	FE	1	細菌やウイルス、なんてものの研究は	세균이나 바이러스 같은 것의 연구는
0x5A9A2F	21	F804	1	今じゃ、あんたは責任ある立場だ。	이젠 책임있는 자리다。
0x5AB2AB	21	FA	1	工場ヤ宇宙船、採掘設備ガ	공장 우주선 채굴설비
0x5ABF11	21	FA	1	都合の悪い勢力を排除するのに	불편한 세력 배제하려
0x5AC051	21	FB	1	もしくは、最後に残った強国である	혹은 마지막 남은 강국
0x5AC0B8	21	FA	1	宇宙経済は活性化するからだ。	우주경제 활성화되니。
0x5AC719	21	FA	1	反粒子を放出してブラックホールは	반입자 방출로 블랙홀
0x5AC788	21	FB	1	絶対無敵弾の発射準備を。	절대무적탄 발사준비。
0x5AD5D1	21	FE	1	オレの戦闘機が整備不良だった	내 전투기가 정비 불량이었던
0x5AD6FF	21	FA	1	何隻やっつけたとか、数えてないのか？	몇 척 잡았는지 세나？
0x5AD7C9	21	F809	1	の敵には圧倒的な数の獲物が！	적엔 압도적인 먹잇감！
0x5ADED8	21	FA	1	惑星改造の失敗なんかじゃない。	행성개조 실패 아니다。
0x5ADF4E	21	FA	1	進化の可能性に魅せられたのか。	진화 가능성에 홀렸나。
0x5ADFA5	21	FA	1	開発した生物兵器で、いくつかの	개발한 생물병기로
0x5ADFE2	21	FA	1	あれは有効性をテストしたんでしょう？	저건 유효성 테스트？
0x5AEA08	21	FE	1	失業者たちがいかに勇敢であろうと	실업자들이 아무리 용감하다 해도
0x5AEB03	21	FA	1	あなたと家族に１０万ペラの報酬を	당신 가족에 보수 １０만
0x5AF1CD	21	FE	1	あなたの冒険にわたしが同行します。	당신의 모험에 제가 동행하겠습니다。
0x5AF34F	21	FA	1	おもしろい場所に連れて行ってくれる	재밌는 곳에 데려가줄
0x5AF3CD	21	FB	1	監視カメラもないし、警備もいない。	카메라도 경비도 없다。
0x5AF418	21	FD	1	管理責任はどうなってるんでしょう？	관리 책임은 어떻게 된 것입니까？
0x5AF511	21	FA	1	住民でいっぱいだと思ってたでやんす。	주민 많은줄 알았죠。
0x5AF751	21	FA	1	置き換えてみても問題がありません。	바꿔봐도 문제 없어요。
0x5AF829	21	FB	1	そして老いと成長が色を加えます。	노화와 성장이 색 더해
0x5AF89F	21	FB	1	人格を構成するプログラムは、コピー	인격 프로그램은 복사
0x5AF8DD	21	FB	1	私の記憶と人格は、ひょっとしたら	내 기억 인격은 어쩌면
0x5AFCA4	21	FB	1	哲学的思考とか興味ないんだ。	철학적 사고 흥미없다。
0x5AFFE4	21	FB	1	私は、まだ人生に退屈していない。	난 아직 인생 안질려。
0x5B092D	21	FE	1	宇宙船があれば、すぐに貧乏なんて	우주선이 있으면、금방 가난 따위
0x5B0A7D	21	FB	1	ほら、契約書のここをごらん下さい。	자、계약서 여길 봐요。
0x5B0CD8	21	FA	1	そういう部品類は高く売れるから。	그런 부품은 비싸니까。
0x5B1171	21	FA	1	人間の精神をコピーするんでしょう？	인간 정신을 복사하죠？
0x5B121E	21	FB	1	人間の人格はおろか、記憶だって	인격은커녕 기억조차
0x5B1283	21	FB	1	最近の記憶も持ってるでしょうし。	최근 기억도 갖고있죠。
0x5B12FE	21	FB	1	しかもロボットの身体を制御するには	로봇 몸을 제어하려면
0x5B13DF	21	FB	1	ロボットに、以前は人間だったという	로봇에 전엔 인간이란
0x5B1485	21	FB	1	元の人間とは別の存在でやんす。	원래 인간과 딴 존재。
0x5B1573	21	FB	1	この人間、麻酔が切れかけてるぞ！	인간 마취 풀려간다！
0x5B331A	21	FB	1	あの２人を常識で判断しては・・・	그 둘을 상식으론・・・
0x5B3CF8	21	FA	1	第１１２大隊が、味方の艦隊に	제１１２대대 아군 함대에
0x5B4402	21	F804	1	（くそ、感情がコントロールできない！）	（젠장、감정제어 안돼！）
0x5B4538	21	FB	1	キレイな顔して１０人も殺しやがった。	예쁜 얼굴에 １０명 살해
0x5B45FE	21	FE	1	あの大隊長、キライだったんだよな～。	그 대대장、싫었단 말이지이～。
0x5B4961	21	FB	1	この作戦の件は中央司令部に	작전 건 중앙사령부에
0x5B4A85	21	FD	1	だが、今戻るのは自殺行為だな。	하지만、지금 돌아가는 건 자살 행위군。
0x5B4F93	21	FA	1	見逃せないで、ステーション全滅とは	스테이션 전멸이라니
0x5B55CD	21	FA	1	ブラックホールになりかけの無敵弾を、	블랙홀 직전 무적탄을、
0x5B5E90	21	FB	1	王宮前の宇宙港は狭いですから	왕궁앞 우주항 좁으니
0x5B6728	21	FB	1	しまった、迎撃態勢に移行しろ！	이런、요격태세 전환！
0x5B6A88	21	F809	1	に従順な偽物を作れるかもしれん。	순종적 가짜 만들지도。
0x5B91D8	21	F800	1	やあさい」ブむいエバむいＹズむいみあさいす	
0x5B9450	21	F800	1	搭さいシヂむいっあさいがあさいごあさいせ	
0x5B947C	21	F800	1	搭さいえダむいっあさいがあさいごあさいせ	
0x5B94AC	21	F800	1	搭さいふジむいっあさいがあさいごあさいせ	
0x5BC945	21	FB	1	気付かれていないのなら好都合だ。	안 들켰다면 잘됐다。
0x5BEFF2	21	FA	1	のに避けてる時間なんて・・・・・・・	인데 피할 틈 따위・・・
0x5C05EF	21	FB	1	今日はオイラも、もう飽きたでやんす。	오늘은 나도 질렸죠。
0x5C118A	21	FB	1	同じ物ばかりだと飽きてしまうからな。	같은 것만 계속 질려。
0x5C1DDF	21	FB	1	君達の役に立てるかもと思ったが、	도움이 될까 싶었는데、
0x5C2106	21	FA	1	何でもかんでも巨大化し過ぎだろ！	뭐든 너무 거대화잖아！
0x5C2143	21	FB	1	そんなに大きくなれるぐらいに食べ物が	그렇게 커질 만큼 먹이
0x5C2CB5	21	FB	1	これ以上の探索は無理でやんす。	더 탐색은 무리입죠。
0x5C3CF2	21	FA	1	貴方も私のように素敵スマイルさ！	당신도 멋진 미소를！
0x5C4303	21	FE	1	合言葉は「美しい私は罪」です。	암호는 「아름다운 나는 죄」입니다。
0x5C438D	21	FB	1	鳥から逃げれるとは思えないでやんす！	새한테서 못 도망칠듯！
0x5C49C6	21	FA	1	見惚れてしまうと、帰ってこなくなって	넋 놓고 보면 못돌아와
0x5C4C15	21	FD	1	この基地にも一人ぐらいいるだろう。	이 기지에도 한 명쯤 있겠지。
0x5C58FB	21	FA	1	やってきたら、こんな所にワームの穴が。	와보니 여기 웜구멍이。
0x5C5E57	21	FD	1	だから・・・・・俺達の為に働けよ！	그러니까・・・・・우리를 위해 일해라！
0x5C7098	21	FD	1	俺達は親分と一緒にいたいんだ！	우리는 두목과 함께 있고 싶단 말이다！
0x5C70AE	21	FB	1	だから、お前が居なくなれば・・・・・。	네가 없어지면・・・・・。
0x5C7542	21	FE	1	神よ！それを見抜かれていたのですね！	신이여！그것을 꿰뚫어 보셨군요！
0x5C7B71	21	FD	1	とりあえず、もっと情報を集めないと。	일단、더 정보를 모아야 해。
0x5C8168	21	FA	1	その気持ちは本当に素晴らしい！	그 마음 정말 훌륭해！
0x5C81AD	21	FB	1	安心して、私のようになってください。	안심하고 나처럼 돼。
0x5C84D2	21	FA	1	があれば、その時に報告いたしますよ。	가 있으면 그때 보고。
0x5C898B	21	F809	1	が親分の敵なら、俺達の敵です！	두목 적이면 우리 적！
0x5C8F0E	21	FB	1	せっかく売ってあげると言っているのに。	모처럼 팔아준다는데。
0x5C9046	21	FA	1	俺が思っている通りならば・・・・・。	내 생각대로라면・・・・・。
0x5C92C2	21	FA	1	のをこの星でやって、ポイントを上げれば	이 별서 포인트 올리면
0x5C94A5	21	FA	1	今回も突撃インタビューでやんすよ！	이번도 돌격인터뷰죠！
0x5C9673	21	FA	1	もう二度と壊させてたまるかああああ！	다신 못 부수게 한다！
0x5C993E	21	FD	1	宇宙服もなしに動いてるって事は、	우주복도 없이 움직인다는 것은、
0x5C9EC5	21	FA	1	心の底からきっと嫌がってたでやんす。	진심 싫어했을겁죠。
0x5C9FF4	21	FE	1	このまま進んでも砂しかないでやんすよ。	이대로 나아가도 모래뿐입죠。
0x5CA57D	21	FB	1	あれは美しいオトコが壊す事によって、	아름다운 남자가 부숴
0x5CA5F6	21	FA	1	クリスタルを割ると、すでに美しくカット	크리스탈 깨면 이미 컷
0x5CA683	21	FB	1	でも、こんなの素手で壊せるんですか？	이걸 맨손으로 부숴요？
0x5CAD68	21	FB	1	そうしないと、またここを根城にされちゃ	안그러면 또 소굴 되면
0x5CB0A7	21	FA	1	何かを引きずっている音が聞こえるで	뭔가 끄는 소리 들립죠
0x5CB635	21	FB	1	もう、どこかに飛んで消えちゃったけど。	이젠 어딘가 날아갔어。
0x5CB7C5	21	FE	1	昔はよく、こうやって狩りをしたものだ。	옛날엔 자주、이렇게 사냥을 했었지。
0x5CB939	21	FD	1	ますます妖精かどうか疑う結果には	점점 요정인지 의심스러운 결과가
0x5CBC98	21	FB	1	貴方の為に今回は二つだけにして	당신 위해 이번은 둘만
0x5CC466	21	FA	1	無さそうですが・・・・・・滝しかない。	없는듯・・・폭포뿐이다。
0x5CC7BB	21	FB	1	俺達はこんなのを待っていたんですよ！	우린 이걸 기다렸어요！
0x5CD071	21	FD	1	お前の命令で運転しているんだろ？	네 명령으로 운전하고 있는 거잖아？
0x5CD199	21	FB	1	こんなのオイラに運転できるわけがないで	이걸 내가 운전 못하죠
0x5CD33B	21	FB	1	この宙域と言っても、かなり広いし、	이 우주역도 꽤 넓고、
0x5CD763	21	FA	1	この星の事を話したがらない理由が	별 얘기 꺼리는 이유를
0x5CD853	21	FB	1	むしろ、宇宙一狂暴な魚だった。	우주제일 흉포한 고기。
0x5CE9BD	21	FE	1	でも報告してくれなかったらと思うと、	하지만 보고해 주지 않았다면 생각하니、
0x5CE9E0	21	FE	1	だから少しだけ信用してあげたんだよ。	그래서 조금만 믿어 준 거야。
0x5CEC98	21	FE	1	言っている意味がよくわかりませんが、	하시는 말씀의 뜻을 잘 모르겠습니다만、
0x5CED7B	21	FA	1	美しい手刀でお腹を二つに割り、	고운 손날로 배가르고、
0x5CF895	21	FB	1	こんなのくらったら確実にやられていた。	이걸 맞았으면 당해。
0x5CF8AE	21	FD	1	どうやら最後の力だったみたいだけど。	아무래도 마지막 힘이었던 모양이지만。
0x5CF9B8	21	FB	1	今回はこうやって収穫があったけど、	이번엔 수확 있었지만、
0x5D0970	21	FE	1	この包帯見てよ！面白いじゃない！	이 붕대 좀 봐！재미있잖아！
0x5D0D33	21	FB	1	だけど欲望に忠実な部分なんて、	욕망에 충실한 부분은、
0x5D105A	21	FB	1	そんなあたしが何の罰も受けないなんて	그런 내가 벌 안받다니
0x5D1622	21	FA	1	回収する為に、この街に来たんだ。	회수하려 마을에 왔다。
0x5D1946	21	FA	1	自分の姿をアピールしてくる住人が	제 모습 어필하는 주민
0x5D19CF	21	FB	1	しかも、一緒に行動していない時に	같이 행동 안할 때에
0x5D1BCB	21	FA	1	謙虚って文字の意味を覚えろ。	겸허란 뜻을 외워라。
0x5D1D00	21	FA	1	に行ったから、ここで待っているんだよ。	갔으니 여기서 기다려。
0x5D1D68	21	FD	1	じゃあ、最初から行ってフルで疲れる	그럼、처음부터 가서 완전히 지치는
0x5D1F8A	21	FA	1	いい加減、故郷の星に戻ったら？	슬슬 고향별로 돌아가？
0x5D200A	21	FA	1	武器を使わなくてもいいと思わない？	무기 안써도 되잖아？
0x5D206E	21	FB	1	あの子は痛みを知っている子だから。	그 앤 아픔 아는 애다。
0x5D209F	21	FB	1	素直で元気で表情も豊かだし、	솔직 밝고 표정도 풍부
0x5D27BC	21	FA	1	あまり近づかないから、レアな物とかある	별로 안가니까 레어템
0x5D27E3	21	FD	1	もちろん、細かい小惑星が多いから	물론、자잘한 소행성이 많으니까
0x5D2987	21	FD	1	あと、ここで外を眺めているだけってのも	그리고、여기서 밖을 바라보고만 있는 것도
0x5D2DD2	21	FB	1	しかも、こっちを狙ってレーザーを打って	이쪽 노려 레이저 쏴서
0x5D2E0D	21	FB	1	これじゃワナの意味が無いじゃないか！	이래선 함정 의미없어！
0x5D37AD	21	FD	1	自分でこの星で作っていると言って	직접 이 별에서 만들고 있다고 하며
0x5D39BC	21	FB	1	この星の住民はあの戦争以来、	별 주민은 전쟁 이래、
0x5D3E4E	21	FA	1	あたしには生かす事ができないってこと？	난 살릴수 없단 거야？
0x5D42FD	21	FE	1	そして様々な人間の本性を僕に	그리고 여러 인간의 본성을 나에게
0x5D47AA	21	FA	1	ほとんど良い事がなかったじゃないのよ。	거의 좋은 일 없었어。
0x5D58DF	21	FB	1	怪我人は一人もいないでやんすよ！	부상자 한명도 없습죠！
0x5D591E	21	FA	1	宇宙船がダメージを受けたでやんす。	우주선 피해 입었습죠。
0x5D5BC6	21	FD	1	そんな事より、なんで今回の情報を	그보다、왜 이번 정보를
0x5D5C5B	21	FD	1	そんなの、あたしに情報を渡したような	그런 건、나에게 정보를 건넨 것 같은
0x5D652A	21	FB	1	連れて行ったら、きっと喜ぶからって。	데려가면 분명 기뻐해。
0x5D68E4	21	FB	1	この星の事は何でも知っているから、	별 일은 뭐든 아니까、
0x5D6A95	21	FB	1	なにか巨大な物が街から見えたので	뭔가 거대한 게 보여서
0x5D6BDD	21	FB	1	信用できるできないかはわかんないけど、	믿을지 모르겠지만、
0x5D6D26	21	FA	1	信用できない人間には、そんな事は	못믿을 인간에겐 그런
0x5D76E3	21	FE	1	そりゃ、他人の意思を無視しても	그야、남의 의사를 무시해도
0x5D7D6B	21	FC	1	いズ按いと０もいみＷもいＹブもいぜＢもい	
0x5DC080	21	FD	1	賞金稼ぎ組合に寄って行こう。	현상금 조합에 들렀다 가자。
0x5DC286	21	FB	1	お金のほうは、全額と言うわけには、	돈은 전액까지는 좀、
0x5DC32D	21	FA	1	ＨＯＴな情報をガンガン流していくぜ！	ＨＯＴ한 정보 팍팍 쏜다！
0x5DC4E4	21	FB	1	こんな所に、何の用があるんでやんす？	이런 곳에 볼일입죠？
0x5DC974	21	FA	1	急速に拡大しているらしいでやんす。	급속히 확대중이라죠。
0x5DD693	21	FA	1	いろいろと必要な物もあるだろうしね。	필요한 것도 있겠지。
0x5DD803	21	FA	1	かけ離れた雰囲気が漂っているな。	동떨어진 분위기다。
0x5DD8B1	21	FB	1	とりあえず、もう少し探索してみよう。	일단 더 탐색해보자。
0x5DDEE0	21	FA	1	よく行方不明になれるもんでやんす。	잘도 행방불명 되네요。
0x5DE3F8	21	FA	1	絶好の機会だと思うのだけど・・・	절호의 기회인데・・・
0x5DEE7F	21	FD	1	あなたの復讐は、終わったんでしょう？	당신의 복수는、끝난 거죠？
0x5DF167	21	FB	1	こいつの鋭い牙には、要注意だぜ！	이놈 이빨은 조심해！
0x5DF801	21	F822	1	なんでも、動物を従えているらしいぜ。	뭐든、동물을 거느리고 있다더군。
0x5DFD65	21	FB	1	なんだか、以前来た時と雰囲気	예전 왔을때랑 분위기
0x5E01EA	21	FB	1	お前は、賞金稼ぎになったんだろう？	넌 현상사냥꾼 됐잖아？
0x5E18EE	21	FB	1	ここは、賞金稼ぎに知られているから	여긴 사냥꾼에 알려져
0x5E1A5B	21	FB	1	キミは、あの時の生き残りじゃないか。	넌 그때 생존자 아냐。
0x5E1CEF	21	FB	1	あなた、こんな所にいて大丈夫なの？	이런 곳에 있어도 돼？
0x5E267E	21	FA	1	すぐにでも、調査隊を派遣しないと	당장 조사대 파견해야
0x5E2E85	21	FA	1	農場自体は、昔からあるものです。	농장 자체는 옛날부터。
0x5E4213	21	FA	1	強い護衛の人とも知り合えたし。	강한 호위도 알았고。
0x5E4CC4	21	FB	1	例の化け物が、記憶を得るために	그 괴물이 기억 얻으려
0x562C79	20	F9	1	たペＨタたァＪあたペ１タたァ３くァＲ鴬	
0x56F8FC	20	F823	1	りにへいみにへいたにへいぃにへいくにへい	
0x5706D0	20	FF	1	低賃金で作られた高級家具	저임금으로 만들어진 고급 가구
0x570730	20	FF	1	惑星間移動の日数を減らす	행성 간 이동 일수를 줄인다
0x570DD4	20	F876	1	！マへいネげへいし９まい！ケへい。ミへい	
0x570E2C	20	F876	1	び？へいワげへいタさみいとぐへいＵヌへい	
0x5711BC	20	FE	1	ョパまい❤りへいやＦみいっイへいぃへい	
0x57126C	20	F83D	1	蜥へいエぶへいがベへい四へいえフへい	
0x5714DA	20	FA	1	さいみメへいたょへい皐まい届へいダあ	
0x571A00	20	FA	1	っをへい２ろへいヂわへいぱろへい尅さい	
0x572F6E	20	FC	1	さいみ３はいワれへいわぁへい尅さいいい	
0x5732D4	20	FC	1	っあさいがあさいごあさいトぁへいやあさい	
0x57566D	16	F822	1	言葉で解決できないことを	말로 해결할 수 없는 것을
0x575C9E	20	FB	1	兵士達のやられ方を見ただろう？	병사들 당한 꼴 봤지？
0x575E3C	20	FB	1	国家が戦うのと、個人がゲームで	국가전과 개인 게임
0x576035	20	FE	1	忍者って、よく誤解されてますけど	닌자란、자주 오해받습니다만
0x576767	20	FB	1	こういうの正義の味方っぽくない？	정의의 편 같지않아？
0x577CF1	20	FE	1	最悪の場合、俺の死後にでも	최악의 경우、내가 죽은 뒤에라도
0x5786F0	20	FA	1	研究設備、ということになります。	연구설비인 셈이죠。
0x5789B9	20	FB	1	ライブラリーからいくつかの模範的な	자료실서 모범적인
0x578B8A	20	FD	1	・・・とっとと出直して来るがよい！	・・・얼른 다시 오는 게 좋을 것이다！
0x5798C5	20	FA	1	清掃活動を実行いたします。）	청소활동을 실행。）
0x57A926	20	FE	1	そもそも平和なんて本当にあるの？	애초에 평화라는 게 정말 있어？
0x57AA8B	20	FD	1	よし、安全な所まで避難するぞ。	좋아、안전한 곳까지 피난한다。
0x57B3E5	20	FA	1	感謝の意を表したいと思います。	감사의 뜻을 표한다。
0x57B8AE	20	FA	1	女子供をも大量に殺したのだ！	여자애도 대량학살！
0x57B9F2	20	FA	1	彼女になってくれる女だけでやんす。	애인 되어줄 여자만。
0x57BF5C	20	FD	1	ちょっと確認させて欲しいでやんす！	잠깐 확인하게 해 줍쇼！
0x57C89E	20	FD	1	５０年程前にエスカレートしすぎて、	５０년쯤 전에 너무 격해져서、
0x57CD7F	20	FA	1	私の勘だと、このあたりじゃないかな。	내 감으론 이 근처。
0x57D0B6	20	FB	1	我が女王様の人形なんだなぁ～	여왕님 인형이구나～
0x57D25F	20	FD	1	倉庫の掃除をサボったでやんすね。	창고 청소를 땡땡이쳤습죠。
0x57DA42	20	FE	1	カッコつけて飛び出さなきゃよかった。	폼 잡고 뛰어나가지 말 걸 그랬다。
0x57E10B	20	FD	1	なにより、時間がもったいなくないか？	무엇보다、시간이 아깝지 않나？
0x57E16F	20	FA	1	その人間の信用にもかかわります。	인간 신용에도 관계。
0x57E295	20	FA	1	新種の植物が発見されました。	신종 식물 발견됐다。
0x57E306	20	FA	1	犠牲者の声そっくりの音を出す	희생자 목소리 흉내
0x57E3D6	20	FB	1	うまくいけば、特産品になるかもな。	잘되면 특산품 될듯。
0x57E4E4	20	FE	1	俺だって、この船の一員なんだから	나도、이 배의 일원이니까
0x57E552	20	FA	1	一年後に顧客アンケートってのが	일년후 고객설문이란
0x57EC71	20	F809	1	を倒せば私たちも自由になれる。）	이기면 우리도 자유。）
0x57F25A	20	FE	1	そんな、あの量でも平気だなんて！？	설마、그 양으로도 멀쩡하다니！？
0x57F3A5	20	FB	1	おーい、だれか生きてる人はいますか？	누구 살아있는 사람？
0x57F46C	20	FD	1	女王モグラは、兵士を腹いっぱい	여왕 두더지는、병사를 배불리
0x580759	20	FE	1	・・・鼻血が出るほど殴られたよ。	・・・코피가 날 만큼 얻어맞았어。
0x580812	20	FE	1	本当に「けもの」は退治しなくては	정말로 「짐승」은 퇴치하지 않으면
0x580DB4	20	FE	1	風が吹いているなら収まるまで待ち	바람이 불고 있다면 그칠 때까지 기다리고
0x581C16	20	FB	1	未練を残して戦場に行くやつ。	미련 두고 전장 가는
0x581E75	20	FD	1	いま俺たちが目にすることができるのは	지금 우리가 볼 수 있는 것은
0x581FB1	20	FA	1	惑星上の資産を凍結したぞ！	행성 자산 동결했다！
0x5820FF	20	FA	1	失敗したらこの態度ですか・・・）	실패하면 이 태도・・・）
0x582498	20	F815	1	研究所にワクチンを買いに行く。	연구소에 백신 사러。
0x582EC0	20	FE	1	これ、ニンジャ以外の人に言っちゃ	이거、닌자 이외의 사람에게 말하면
0x582F66	20	FA	1	知ってる秘密の通路なんですから	아는 비밀 통로니까
0x5839CC	20	FE	1	覚えているのは銃殺ごっこぐらいか。	기억나는 건 총살 놀이 정도인가。
0x5840D6	20	FB	1	結局、我々みんなが苦労して、	결국 우리가 고생해서
0x5845AD	20	FA	1	直々に株式売買を指揮して	직접 주식매매 지휘해
0x58463B	20	FD	1	こんなチャンス、二度とないというのに	이런 기회、두 번 다시 없는데
0x584F2D	20	FB	1	では、私自らがお相手しましょう！	그럼 내가 직접 상대！
0x585011	20	FA	1	いつまでたっても権力に反抗的な	늘 권력에 반항적인
0x585705	20	FE	1	先輩だって、本当はわたしを・・・	선배도、사실은 저를・・・
0x585755	20	FE	1	次は一人で、絶対に勝ちます！	다음은 혼자서、반드시 이기겠습니다！
0x585871	20	FA	1	健全な精神のために必要だよ。	건전한 정신에 필요。
0x585CED	20	FA	1	ペラでは買えない大切なものがあった	돈으로 못사는 소중한
0x585E00	20	FB	1	現代ではギャンブルといえば、賭けや	현대 도박이라면 내기
0x585E28	20	FB	1	昔はもっとすばらしい意味があったに	옛날엔 더 좋은 뜻이
0x5860C0	20	FA	1	視界の外に出るとはずれてしまう。	시야 밖 나가면 풀려。
0x586791	20	FE	1	そりゃあ、別の女と一緒のところを	그야、다른 여자와 함께 있는 걸
0x586A22	20	FB	1	連れている仲間を替えたいときは、	데린 동료 바꾸려면、
0x587061	20	FB	1	お前は手足の長さを変化させて	넌 손발 길이 바꿔서
0x587199	20	FB	1	この敵は３人同時に当たらねば！	이 적은 ３명 동시에！
0x5875D4	20	FD	1	ここのロボットたちは、あまりこの星から	여기 로봇들은、그다지 이 별에서
0x58765F	20	FD	1	よくわからないが、２００年ぐらい前に	잘 모르겠지만、２００년쯤 전에
0x5876CB	20	FB	1	自分達の記憶をプログラムとして	기억을 프로그램으로
0x58776F	20	FA	1	名前と記憶を奪って、本物と	이름 기억 뺏어 진짜
0x58783A	20	FA	1	お金に結びつける変な星でやんす！	돈과 엮는 이상한 별！
0x58788F	20	FB	1	まさか物価とかじゃないでやんすよね。	설마 물가는 아닙죠？
0x588263	20	FA	1	スペアから本来のものに変わった！）	스페어서 본래로！）
0x588E80	20	FE	1	私は実験体４０２号でしたけど、	저는 실험체 ４０２호였습니다만、
0x58902A	20	FE	1	ちょっと楽しく感じる時もあるけど、	조금 즐겁게 느껴질 때도 있지만、
0x58958F	20	FA	1	値段設定とお考えいただきたい。	가격설정으로 봐주길。
0x5897B7	20	FA	1	男にしか見えない女のどっちがいい？	남자같은 여자 쪽？
0x589E9D	20	FA	1	あいつがこの札を出した財布・・・	그놈이 낸 지갑・・・
0x58AAD2	20	FD	1	しかも、またお金を取られたでやんす。	게다가、또 돈을 뜯겼습죠。
0x58AEF5	20	FB	1	反乱鎮圧任務とか言われて、	반란진압임무라며、
0x58B42D	20	FB	1	そんな奴は他の部隊に任せとけ！	그놈은 딴 부대 맡겨！
0x58BB80	20	FA	1	「すまん、気づかなかった」とか言って	「미안、몰랐다」라고
0x58BF24	20	FA	1	オレの宿舎を用意してもらってる。	내 숙소 마련해줬다。
0x58C01D	20	FB	1	いや、まあ他の星の人間にとっては	뭐 다른 별 인간에겐
0x58C80F	20	FD	1	みんな、急いでお姫様を探すんだ！	모두、서둘러 공주님을 찾는 거다！
0x58C9D5	20	FA	1	この程度って事はないと思うけど。	이 정도는 아닐텐데。
0x58CD64	20	FA	1	妨害しようと思ってるでやんすね！）	방해할 생각입죠！）
0x58CE6C	20	FA	1	ワクチンの所持が検査されます。）	백신 소지가 검사。）
0x58D305	20	FD	1	昨日、メール見て硬直してたから	어제、메일 보고 굳어 있었으니까
0x58D6C8	20	FA	1	木から降りようと言い出しました。	나무서 내리자 했다。
0x58D761	20	FA	1	また別のサルが地面に降りました。	딴 원숭이 내려왔다。
0x58D78A	20	FA	1	大勢のサルが地面に降りました。	원숭이들 내려왔다。
0x58D965	20	FA	1	禁輸命令が出されておるのじゃ。	금수명령 내려졌다네。
0x58DB66	20	FE	1	そやつらが、ここの環境に適応して	그놈들이、이곳 환경에 적응해서
0x58DB8F	20	FB	1	採掘設備や基地を襲うので、	채굴설비 기지 습격、
0x58DC1B	20	FB	1	あれを退治したという功績があれば	저거 퇴치 공적있으면
0x58DD70	20	FD	1	なにしろ、今日は記念すべき日！	어쨌든、오늘은 기념할 만한 날！
0x58DFF1	20	FB	1	物陰から出て３歩も進めないわ。	그늘서 ３걸음도 못가。
0x58E57C	20	FE	1	多少の頭痛と腹痛が続くが、	다소의 두통과 복통이 이어지지만、
0x58E786	20	FB	1	記事には脚色ってもんがないとさ、	기사엔 각색 없으면、
0x58E82F	20	FA	1	貴様が戦場にいたことがないことは	네가 전장 안가본 건
0x58E8B4	20	FE	1	急所ではないから痛みが長引き、	급소가 아니니까 통증이 오래가고、
0x58EBC8	20	FE	1	合理的、と言ってもいいでしょう。	합리적、이라고 해도 좋겠지요。
0x58ED54	20	FA	1	今後の調査を待ってですね・・・	향후 조사 기다려・・・
0x58EE57	20	FE	1	それより、練習につきあっていただいて	그보다、연습에 함께해 주셔서
0x58F13F	20	FB	1	そのための訓練を今してるんだから。	그 훈련 지금 하니까。
0x58F39D	20	FD	1	４つある心臓も３つ潰れちゃったし。	４개 있는 심장도 ３개 망가졌고。
0x58F6CC	20	FA	1	もうちょっと命を大切にしてくれよ。	좀 더 목숨 아껴줘。
0x58F739	20	FB	1	ちゃんと毎回生きて帰ってるだろ。	매번 살아 돌아오지。
0x58FA13	20	FB	1	各宇宙船はがんばっているのですが	각 우주선 애쓰지만
0x58FA9D	20	FB	1	生産設備の建設も思うように	생산설비 건설 뜻대로
0x58FACE	20	FD	1	では、最悪の場合を覚悟せねば	그럼、최악의 경우를 각오해야
0x58FBE8	20	F809	1	が邪魔な人物を排除したのでは	가 방해인물 배제했나
0x58FF24	20	FA	1	簡単に敵をやっつけられるでやんす！	쉽게 적을 해치웁죠！
0x590447	20	FB	1	町の外で見つかったら、殺されても	마을밖서 들키면 죽어
0x590587	20	FA	1	機械の身体にしてくれるらしくて。	기계 몸으로 해준대。
0x590901	20	FA	1	自分の行動スタイルを崩さない。	행동스타일 안바꿔。
0x590916	20	FB	1	細かいことを気にせず、大雑把。	신경 안쓰고 대범해
0x590C67	20	FB	1	名札から見て、システム担当者	명찰상 시스템 담당자
0x590E05	20	FB	1	自分も博士も、宇宙有数の	나도 박사도 우주유수
0x59133E	20	FA	1	人間が住めなくなってしまったんだ。	인간이 못 살게 됐다。
0x5913AB	20	FA	1	そもそも燃えない材質だったりして。	안타는 재질일지도。
0x591DDD	20	FE	1	通りがかりの親切な人・・・かな？	지나가던 친절한 사람・・・일까？
0x591EEE	20	FB	1	僕たちは、宇宙の平和の使者	우린 우주평화 사자
0x592094	20	FB	1	どっちか好きな方を選ぶんだなぁ～。	좋은 쪽 골라라～。
0x592457	20	FE	1	あんなもの、よっぽど腹が減ってる時	저런 것、어지간히 배가 고플 때
0x592793	20	FB	1	そんなことしてたら、自分の体なんて	그런 짓 하면 제 몸은
0x592847	20	FB	1	この美しい肉体を、金属になんて	고운 육체를 금속으로
0x592C1B	20	FB	1	こっちに、２個師団近い戦力で	이쪽에 ２개사단 전력
0x592E40	20	FB	1	なんだ、また野球人形のパーツか。	또 야구인형 부품。
0x593215	20	FE	1	「お前がいまから剣の修行をしても	「네가 지금부터 검 수행을 해도
0x593313	20	FA	1	先輩に同行しただけだったんです。	선배 따라갔을 뿐。
0x593759	20	FD	1	それはいったい、どういう人物なんだ。	그것은 대체、어떤 인물이냐。
0x594064	20	FD	1	ニンジャとしての素質は最高だな。	닌자로서의 소질은 최고군。
0x5942B9	20	FA	1	採掘場のそばに住みついたらしい。	채굴장 옆에 산대。
0x594333	20	FA	1	神聖な生き物とみなしているんだ。	신성한 생물로 여겨。
0x594727	20	FA	1	まで生き残れる人間は少ないね。	까지 사는 놈은 적어
0x594994	20	FB	1	これは銃の部品と弾薬だし・・・	이건 총부품 탄약・・・
0x594EBC	20	FA	1	小型ブラックホールになってしまうから	소형 블랙홀이 되니까
0x5951B8	20	FA	1	言うのならば、そのうるさい口をとじて	말할거면 그 입 닫고
0x5952B0	20	FB	1	戦場で銃弾を撃ちあう以上の	전장 총탄전 이상의
0x595366	20	FA	1	ニュースをじゃんじゃん発信してるよ。	뉴스 팍팍 내보낸다。
0x59555B	20	FA	1	美人のアンドロイドでも買った方が	미녀 안드로이드나
0x595677	20	FB	1	クリアしたときに、その野球人形の	클리어하면 야구인형
0x595873	20	FA	1	金もうけ以外に興味はないんだ。	돈벌이 외 관심없다。
0x595C93	20	F809	1	の強引な調査で、船と積荷が	강압조사로 배와 짐이
0x595E8C	20	FD	1	宇宙ワクチンを手に入れたいんだが	우주 백신을 손에 넣고 싶은데
0x595ECD	20	FB	1	そもそも医者だって、さっきのドクター	의사도 아까 그 닥터
0x595F81	20	FB	1	ロボットてのは、調子が悪くなったら	로봇은 상태 나빠지면
0x595F96	20	FA	1	自分である程度直して、それでも	스스로 좀 고치고도
0x595FAB	20	FA	1	ダメになったら全部交換するんだ。	안되면 전부 교환한다
0x596042	20	FB	1	連れて行ってくれねえかな、あの子。	데려가주려나、그 애。
0x5960B0	20	FA	1	大勢の人間が来ているけど・・・	많은 인간 왔는데・・・
0x596236	20	FB	1	あたし達さあ、この戦いが終わったら	우리 이 싸움 끝나면
0x59624B	20	FA	1	ヤバイ仕事やめようと思うんだけど。	위험한 일 그만둘까。
0x5962F1	20	FD	1	まあ、いろいろ選択肢はあるわけよ。	뭐、여러 선택지가 있는 거야。
0x59632F	20	FD	1	あたしたち３人の友情は永遠よ。	우리 ３명의 우정은 영원해。
0x5963D5	20	FD	1	よっしゃ合格、これなら楽しめるね❤	좋았어 합격、이거면 즐길 수 있겠네❤
0x5965B9	20	FE	1	宇宙に浮かぶリゾート地でやんす。	우주에 떠 있는 리조트입죠。
0x596667	20	FA	1	何かが写ったような気がしたんだが。	뭔가 찍힌 것 같은데。
0x596728	20	FB	1	そもそも、異星からの移住の方は	외계서 이주하는 쪽은
0x5970B5	20	FD	1	いいか、目的は施設の破壊だ。	잘 들어라、목적은 시설의 파괴다。
0x5971DC	20	FB	1	まあ、壊されたものはまた作り直せば	부서지면 다시 만들면
0x597505	20	FA	1	どうしてセコイ詐欺なんてしてるんだ？	왜 그런 사기치냐？
0x597562	20	FD	1	俺は大勢の人間を助けるために	나는 많은 인간을 구하기 위해
0x5975F1	20	FE	1	おまえの財産を奪って、テレポートで	네 재산을 빼앗아서、텔레포트로
0x597BC2	20	FE	1	重力に引かれる性質があるので、	중력에 끌리는 성질이 있으므로、
0x597D44	20	FB	1	仮死状態で、何万年もかけて	가사상태로 몇만년씩
0x597DA8	20	FE	1	宇宙船が食べられちゃうでやんす！	우주선이 먹혀 버립죠！
0x598269	20	FD	1	しかも、映像も加工しまくりだし！	게다가、영상도 마구 가공했고！
0x599165	20	F809	1	の強引な検査で、船と積荷が	강압검사로 배와 짐이
0x599245	20	FB	1	あんた、そんな名前で呼ばれてんの？	그런 이름으로 불려？
0x599642	20	FD	1	あの子は、この宇宙に一体だけの	그 아이는、이 우주에 단 하나뿐인
0x59979C	20	FA	1	高額の税金がかかってるんだから。	고액 세금 붙으니까。
0x5999AB	20	FB	1	いくつもの星を焼き払った災厄。	여러 별 태운 재앙。
0x599A83	20	FB	1	そして一万を越えるビーム兵器と	만 넘는 빔병기와
0x599B2F	20	FB	1	なんだか前方で宇宙船同士が	전방에서 우주선끼리
0x599DD7	20	FE	1	あの船、古代の野球の道具を	저 배、고대의 야구 도구를
0x59A71B	20	FE	1	ここで、ようやく整備士の仕事に	여기서、드디어 정비사 일에
0x59A76D	20	FD	1	うーん、今はあまりお金がないんです。	으음、지금은 돈이 별로 없습니다。
0x59A785	20	FD	1	申しわけないですが、またの機会に。	죄송하지만、다음 기회에。
0x59AC4D	20	FA	1	男たちは株価とスポーツの話題。	남자는 주가・스포츠。
0x59AD61	20	FE	1	不安も恐怖も知らない連中が	불안도 공포도 모르는 무리가
0x59B05A	20	F809	1	は常に特殊な能力の持ち主を	는 늘 특수능력자를
0x59B643	20	FA	1	それはお前が相手を殺した数でも	그건 네가 죽인 수도
0x59B6E2	20	FB	1	さっきは１２７機と言ってなかったか？	아까 １２７기라 안했나？
0x59C075	20	FE	1	そもそも積荷を没収する権限は	애초에 짐을 몰수할 권한은
0x59C160	20	FA	1	いい感情を持ってないということだ。	좋은 감정 없단 거。
0x59C448	20	FE	1	だから、こうして信号を送ると・・・	그러니까、이렇게 신호를 보내면・・・
0x59C567	20	FB	1	お前は宇宙でたった１人のはずだ！	넌 우주에 단 １명！
0x59C9A5	20	FB	1	ワクチン製造は副業の１つらしい。	백신제조는 부업이래。
0x59CC2C	20	FA	1	同じ木がいっぱい生えてるでやんす！	같은 나무 잔뜩입죠！
0x59CE3C	20	FB	1	自然なんて、とっくに撲滅したぜ。	자연 따윈 진작 박멸。
0x59D066	20	FD	1	相場の２倍以上じゃないですか。	시세의 ２배 이상이잖습니까。
0x59D70E	20	FB	1	これまでに１００回以上の狙撃を	여태 １００회 이상 저격
0x59D9CD	20	FE	1	正義の味方の登場でやんすか！	정의의 사도 등장입죠！
0x59E0DC	20	FD	1	まあ・・・そのような世論が広がって	뭐・・・그런 여론이 퍼져서
0x59E360	20	FB	1	なにが名乗るほどの者じゃない、だ。	이름댈 것 없다니、
0x59E380	20	F809	1	の秘密警察の長官じゃないか！	비밀경찰 장관 아냐！
0x59EA42	20	FE	1	気持ちだけじゃ、なんにもならないよ。	마음만으로는、아무것도 되지 않아。
0x59EFAD	20	F804	1	アタシさ、昔ピアノ得意だったんだ。	옛날 피아노 잘했어。
0x59F222	20	FE	1	悔しいから、リミッター解除機能	분하니까、리미터 해제 기능
0x5A0734	20	FE	1	お札の通し番号が同じでやんす！	지폐 일련번호가 같습죠！
0x5A0882	19	F822	1	オヤ、財布が消えてしまいました！	어라、지갑이 사라져 버렸습니다！
0x5A09AE	20	FA	1	番号のところだけ細工されてるよ。	번호 부분만 손댔다。
0x5A0A04	20	FA	1	折りたたんで用意してたんだろうな。	접어서 준비해뒀겠지。
0x5A0FEB	20	F825	1	君が気絶した後で、警官隊が	네가 기절한 뒤 경찰
0x5A110B	20	FB	1	まあ、せいぜい１発か２発の被弾を	기껏 １～２발 피탄을
0x5A1120	20	FA	1	身代わりに受ける程度ですけど、	대신 받는 정도지만、
0x5A13AF	20	FE	1	先の任務を達成すれば、あなたは	앞선 임무를 달성하면、당신은
0x5A14BB	20	FB	1	がんばって女王を救出しましょう。	힘내서 여왕 구출。
0x5A155B	20	FB	1	抜け穴・・・というところでしょうか？	빠져나갈 구멍・・・？
0x5A1E0F	20	FB	1	この宇宙からすると、生き物なんて	우주 입장선 생물따위
0x5A2214	20	FD	1	しかし、宇宙って本当に広いな。	하지만、우주란 정말 넓구나。
0x5A2427	20	FE	1	そうね、あれは１５年ほど前のことよ。	그래、그건 １５년쯤 전의 일이야。
0x5A248F	20	FA	1	知的生命体を作ろうとしたの。	지적생명체 만들려고。
0x5A24C0	20	FB	1	なぜだか実験体は、みんな凶暴で	실험체는 다들 흉폭해
0x5A256D	20	FB	1	今度は、知性がまったくなかったり	이번엔 지성이 없거나
0x5A2600	20	FA	1	肉体をコントロールしようとしたわけ。	육체 제어하려 했지。
0x5A2724	20	FB	1	目につく全てをぶちこわしたいくらい。	다 부수고 싶을 만큼。
0x5A2B1E	20	FA	1	チョウチン記事でお茶を濁すんだ。	아부기사로 얼버무려。
0x5A2BC3	20	FB	1	権力に屈せず、腐敗や不正を	권력에 안굴하고 부패
0x5A2D8E	20	FE	1	まあそれと・・・行く所がなくってさ。	뭐 그리고・・・갈 곳이 없어서 말이야。
0x5A2E10	20	FA	1	放送局の規定にふれちまってさ。	방송국 규정에 걸려。
0x5A3356	20	FB	1	それほど不自然な欲求じゃないと	그리 부자연한 욕구는
0x5A383E	20	FA	1	皮膚はやわらかい必要があります。	피부는 부드러울 필요
0x5A3DB9	20	FB	1	ゲーム盤を元どおりにしておきました！	게임판을 원래대로！
0x5A41C8	20	FB	1	先輩は、君にどんなゲームをさせた？	선배가 무슨 게임을？
0x5A4A26	20	F82E	1	あの悪魔めは、絶対に捕まえる！	그 악마 놈은、반드시 잡는다！
0x5A4C8B	20	FB	1	お望みなら、後で話してあげようか？	원하면 나중에 말해？
0x5A4E0C	20	FB	1	子供の頃に教えてもらわなかった？	어릴 때 안 배웠어？
0x5A512E	20	FE	1	えーとね、その理想実現のためには	그러니까、그 이상 실현을 위해서는
0x5A558C	20	FB	1	そう遠くないだろうし、呼び出すか。	멀지 않으니 부를까。
0x5A5C67	20	FB	1	妨害しても、アタシたちが去った後	방해해도 우리 떠난뒤
0x5A5E75	20	FB	1	タコどもが宇宙船を持っているなど	문어들이 우주선을
0x5A6408	20	FA	1	再雇用しないのかということですね。	재고용 안하냐는 거。
0x5A648F	20	FA	1	高めるために、失業者の存在は	높이려 실업자 존재는
0x5A64B9	20	FE	1	あと、使い捨てにできる労働力が	그리고、쓰고 버릴 수 있는 노동력이
0x5A650C	20	FD	1	それこそ特殊な装備とか技術が	그야말로 특수한 장비나 기술이
0x5A67B7	20	FE	1	おまけに家は会社の持ち物だろ？	게다가 집은 회사 소유잖아？
0x5A6912	20	FB	1	クビになったという過去さえ消せれば	잘린 과거만 지우면
0x5A6F76	20	FA	1	ワクチンは手に入らなかったでやんす。	백신은 못 구했습죠。
0x5A71A7	20	FA	1	極寒の惑星じゃなかったんですよ。	극한 행성이 아녔죠。
0x5A7513	20	FA	1	経済というものを理解していない！	경제란 걸 이해 못해！
0x5A778E	20	FB	1	この星は環境を破壊された上に	별은 환경파괴된 데다
0x5A7B7A	20	FB	1	現に、その女もすぐに取り下げた。	그 여자도 바로 철회。
0x5A7CAF	20	FE	1	ま、材料が普通とは、ちょっとだけ	뭐、재료가 평범하다고는、조금
0x5A7D63	20	FB	1	もちろん、映像素材はコピーなしで	영상소재는 사본없이
0x5A7DF8	20	FA	1	今後の付き合いもありますからね。	앞으로 거래도 있으니
0x5A7E24	20	FB	1	今後もよろしくご指導願います。	앞으로도 잘 부탁。
0x5A7F5C	20	FA	1	すべてその幹部の責任になります。	전부 그 간부 책임。
0x5A805B	20	FB	1	事前に、そうお話ししたはずですよ。	사전에 말씀드렸을걸
0x5A8086	20	FD	1	まあ、５０万でも結構な額だよな。	뭐、５０만이라도 상당한 액수지。
0x5A85E0	20	FE	1	気になるようなら、先日の事件の	신경 쓰인다면、요전 사건의
0x5A86B2	20	FB	1	おい、海上警備隊に連絡を！	해상경비대에 연락！
0x5A871E	20	FA	1	お姫様は水棲人じゃないですか！	공주는 수생인 아냐！
0x5A8912	20	FA	1	元首になった方が都合がいいって	원수 되는 게 편하다
0x5A8CA7	20	FD	1	急がないと、守備隊が出てくる。	서두르지 않으면、수비대가 나온다。
0x5A905B	20	FA	1	一体何の目的でここにいるんだ？	대체 무슨 목적으로？
0x5A9187	20	FA	1	惑星同士の戦争がなかったのは	행성간 전쟁 없던 건
0x5A9305	20	FA	1	自分を「少数の犠牲」の側に	「소수의 희생」쪽에
0x5A94D8	20	FB	1	植物や虫の研究と並行して、	식물・벌레 연구 병행、
0x5A99EC	20	F803	1	父も兄もお前も、みんな勝手だ！	다들 제멋대로야！
0x5A9A9E	20	FB	1	感謝のしるしに持って行ってくれ！	감사 표시로 가져가！
0x5A9CA1	20	FE	1	ロイヤルストレートフラッシュが最強で	로열 스트레이트 플러시가 최강이고
0x5A9FBE	20	FB	1	ポーカーは、順番に欲しい場札を	포커는 차례로 원하는
0x5A9FD3	20	FA	1	取っていって役を作るゲームだろう。	족보 짜는 게임이지
0x5AA011	20	FA	1	その都度チップを賭けるゲームだよ！	매번 칩 거는 게임！
0x5AA1B2	20	FA	1	それぞれの役で勝負するやつだけど。	각자 족보로 승부하는
0x5AA2B4	20	FA	1	本気でやるのが傭兵の流儀だ。	진심으로 하는 용병식
0x5AA6A0	20	FB	1	そりゃあ距離も近くて楽勝だな。	거리도 가까워 낙승。
0x5AA993	20	FE	1	用事が済むまでここで待ってるぜ。	볼일이 끝날 때까지 여기서 기다릴게。
0x5AAB9F	20	FB	1	設備は他のことにも使いますから。	설비는 딴 데도 쓰니。
0x5AB2E6	20	FB	1	正義の味方が悪を倒すためなら	정의의 편이 악 치면
0x5AB437	20	FA	1	君が本当の正義の味方になる	네가 진짜 정의의 편
0x5AB4E2	20	FB	1	そういえばそういう条件もあったわね。	그러고보니 그런 조건
0x5AB72E	20	FB	1	オホホホホ、正義は必ず勝つのよ！	호호호、정의는 이겨！
0x5AB9BA	20	FA	1	目的をお聞きしてもよろしいですか？	목적 여쭤도 될까요？
0x5AB9F1	20	FA	1	父親はあなたに何も伝えていない？	아버지가 말 안했나？
0x5ABE65	20	FA	1	民主的に運営されているが故に	민주적 운영이라서
0x5AC0D1	20	FD	1	せいぜい数年しか効果はないがね。	기껏해야 몇 년밖에 효과는 없지만。
0x5AC1A7	20	FA	1	協力は自分の意志でなくては。	협력은 제 의지라야죠
0x5AD1A6	20	FB	1	そこにいるのは最近世間を騒がす	있는 건 요즘 화제의
0x5AD490	20	FB	1	天国に来たからには、お前の様な	천국 왔으면 너같은
0x5AD4A5	20	FA	1	メガネ天使ではなく、もっと優雅な	안경천사 말고 우아한
0x5AD54B	20	FA	1	戦闘機だったから、救助しないと	전투기였으니 구조를
0x5ADB53	20	FB	1	余計な事をして消耗していては、	쓸데없이 소모하면、
0x5ADB90	20	FE	1	じゃ、オレはちょっと用事があるから。	그럼、나는 볼일이 좀 있으니까。
0x5ADBDC	20	FE	1	キャプテン、運があったらまた会おう。	캡틴、운이 있으면 또 만나자。
0x5ADCE8	20	FA	1	代々の指導者は、これを決して	역대 지도자는 이걸
0x5ADEC3	20	FD	1	この星での植物の爆発進化は	이 별에서의 식물 폭발 진화는
0x5ADF79	20	FA	1	使用することは考えていたはずです。	사용은 생각했을거요
0x5AE02C	20	FA	1	対抗手段を発見されてしまう。	대항수단 발견된다。
0x5AE810	20	FB	1	でも早く逃げた方がよろしいのでは？	빨리 도망가시죠？
0x5AEA1E	20	FA	1	戦闘力の差は埋められませんわ。	전투력 차는 못메꿔。
0x5AEAA6	20	FB	1	その爆発に紛れて加速を行ない	폭발에 섞여 가속하고
0x5AEE81	20	FA	1	きな臭い状況の一環でしょうね。	수상한 상황 일환이죠
0x5AF2B8	20	FA	1	自分の戦闘艦も持っています。	제 전투함도 있어요。
0x5AF579	20	FB	1	ロボットの数は減る一方だからな。	로봇 수는 줄기만 해。
0x5AF904	20	FB	1	私と同じ存在が存在することは	나같은 존재가 있다는
0x5AF919	20	FA	1	意図的であろうと偶然であろうと	의도적이든 우연이든
0x5AFB7F	20	FB	1	だがな、オレたちは道具じゃないんだ。	우린 도구가 아니다。
0x5AFE38	20	FE	1	ここのロボットさんたちを救う方法が	여기 로봇들을 구할 방법이
0x5B0021	20	FA	1	旧式かつオンリーワンでやんすからね！	구식이자 유일무이죠！
0x5B01BD	20	FA	1	人口２０００万の独立都市。	인구 ２０００만 독립시。
0x5B0220	20	FE	1	君も、いよいよ自分の宇宙船で	자네도、드디어 자기 우주선으로
0x5B0260	20	FA	1	宇宙船を受け取る予定です。	우주선 받을 예정。
0x5B0278	20	FD	1	それで長官、ご用は何でしょうか？	그래서 장관님、용건은 무엇입니까？
0x5B03D6	20	FB	1	衛生局の予測では、このままだと	위생국 예측 이대로면
0x5B0471	20	FA	1	確保は遅々として進んでいない。	확보는 더디기만 해。
0x5B0503	20	FA	1	君達スペースパイロットの出番だ。	우주조종사 차례다。
0x5B062D	20	FA	1	封鎖線を突破しないといけない。	봉쇄선을 돌파해야해。
0x5B08C9	20	FD	1	大勢の人の命がかかってるんだぞ。	많은 사람의 목숨이 걸려 있다。
0x5B0C83	20	FA	1	友人から２トン購入したけど・・・	친구한테 ２톤 샀다・・・
0x5B0F15	20	FA	1	さまざまな装置が必要になります。	여러 장치가 필요해。
0x5B0F2A	20	FB	1	そこだけが病気になることもあります。	거기만 병이 나기도。
0x5B0FD0	20	FA	1	生命エネルギーでも抜き取るのかと	생명에너지라도 뺏나
0x5B11B7	20	FB	1	町の外で人間が見つかると・・・	밖서 인간 들키면・・・
0x5B16D5	20	FA	1	機械の部品にするとは何事だ！	기계부품 만들다니！
0x5B1702	20	FA	1	ロボットに記憶を移動したんだぞ。	로봇에 기억 옮겼다。
0x5B19E5	20	FA	1	苦労してお金を貯めて来たのに！	고생해 돈 모았는데！
0x5B1DDF	20	FB	1	まだ、ニンジャと９９人も戦ってない。	닌자 ９９명 안싸웠다。
0x5B2CA3	20	FA	1	ひとつ仕事をお願いしたいのですが。	일 하나 부탁드려요。
0x5B3A63	20	FE	1	じゃ、あたしらの給料はこんなとこで。	그럼、우리 급료는 이쯤에서。
0x5B3B99	20	FB	1	これ以上戦ったって不毛でしょ？	더 싸워봐야 무의미。
0x5B3D55	20	FA	1	大きな効果は得られないであろう？	큰 효과는 못 얻겠지？
0x5B3F22	20	FE	1	ゲリラの象徴である彼女が死ぬと	게릴라의 상징인 그녀가 죽으면
0x5B413B	20	FA	1	おとなしくなったと報道されました。）	얌전해졌다 보도됐다）
0x5B41CE	20	FB	1	味方も吹っ飛ばすような連中に	아군까지 날리는 놈들
0x5B425A	20	FB	1	さあ立て、今のうちに脱出するぞ。	일어나、지금 탈출。
0x5B4283	20	FD	1	オレは無理やから、置いてってくれ。	나는 무리니까、두고 가 줘。
0x5B4E54	20	FA	1	俺達ではどうしようもなかったからな。	우리론 어쩔수없었다。
0x5B54E3	20	FB	1	正面の宇宙船が変形します！	정면 우주선이 변형！
0x5B61EC	20	FB	1	いいか、この作戦は王宮の近くに	이 작전은 왕궁 근처
0x5B6201	20	FA	1	近づく飛行物体を１時間だけ	접근 비행물체 １시간
0x5B6424	20	F815	1	王宮へ行ってお姫様を救助。	왕궁 가서 공주 구조。
0x5B646A	20	FB	1	・・・こんな戦争に参加していては	・・・이런 전쟁 참가는
0x5B654D	20	FD	1	ここは、あえて軌道上まで上がって	여기는、굳이 궤도상까지 올라가서
0x5B6678	20	FB	1	それなら、突入部隊の船だろう。	그럼 돌입부대 배군。
0x5B6D0F	20	FE	1	マァ、あまり期待しないで見てるよ。	뭐、그다지 기대하지 않고 보고 있을게。
0x5B6E17	20	FA	1	政府は断固として抗議を・・・	정부는 단호 항의・・・
0x5B7324	20	FC	1	わなめいく４むいＵケめいァプむいネ・むい	
0x5B7498	20	F832	1	えあさいバぅめいふ１むい（ラもいぃ１むい	
0x5B76CC	20	F8AC	1	ねーむいエゾむいズをめい（ボむいぁむい	
0x5B7E2A	20	F822	1	むいＱぽもいみボむいＵをもいづボむいＶあ	
0x5B8550	20	F800	1	搭さいトゾむい❤ゼむいえあさいリだふい	
0x5BAFDC	20	FD	1	し、しかし、目から涙がああああああ！	그、그러나、눈에서 눈물이아아아아아아！
0x5BC876	20	FA	1	今回は失敗とさせていただきます。	이번은 실패로 처리。
0x5BCB09	20	F809	1	！nw何か面白い話でもるか？	！nw재밌는 얘긴？
0x5BCC4F	20	FB	1	そして、私からはオトコらしい貴方に	난 남자다운 당신께
0x5BCDF3	20	FB	1	これを飲んで貴方もハンサム、いや、	마시면 당신도 핸섬、
0x5BD2E1	20	F807	1	今のうちにオイラは逃げるでやんすよ！	지금 사이에 나는 도망칩죠！
0x5BD5D4	20	FB	1	目を閉じただけで、涙が出そうだ。	눈 감아도 눈물난다。
0x5BDC0D	20	FB	1	ここを探索する時は注意しよう。	여기 탐색시 조심。
0x5BDFAB	20	FB	1	このままだと、いつか見付かってしまう	이대론 언젠가 들킨다
0x5BE862	20	FA	1	いつか当りそうな気がしてならないよ。	언젠가 맞을 것 같아。
0x5BEC8E	20	FB	1	私の次に美しい人じゃないですか！	내 다음가는 미인！
0x5BF191	20	F801	1	（その後、本村の姿を見たものは	（그 후、모토무라의 모습을 본 자는
0x5BF23C	20	FB	1	どうやって逃げればいいでやんす・・・・	어떻게 도망칩죠・・・
0x5BF56E	20	FA	1	そこに着くから、向こうに泊まって、	도착하면 저쪽서 묵고
0x5C0064	20	FB	1	じゃあ、頼んだって言っておいてくれ。	그럼 부탁한다 전해。
0x5C04F2	20	F809	1	君への憎しみが生まれ始めてるよ。	네게 미움이 생겨。
0x5C0F2C	20	FB	1	名前からして、全部ウソでやんす！	이름부터 전부 거짓！
0x5C1862	20	FD	1	戻ってさっきの道を左に曲がろう！	돌아가서 아까 그 길을 왼쪽으로 꺾자！
0x5C25E0	20	FB	1	そんなので仲間になって嬉しいのか！	그런 동료가 기쁘냐！
0x5C29A0	20	FA	1	ジオラマで勝手に作っていればいいで	디오라마나 만들면
0x5C29DA	20	FD	1	とりあえず、さっきの部屋に戻ろう！	일단、아까 그 방으로 돌아가자！
0x5C2DF2	20	FB	1	チラチラとこっちを見ているみたいだし。	힐끔힐끔 이쪽 보는
0x5C2E07	20	FB	1	いったい何がやりたいんだ・・・・・・。	대체 뭘 하려나・・・。
0x5C2F54	20	FA	1	住んでいるからな、いろんな男がいると	사니까 여러 남자가
0x5C33E4	20	FB	1	オイラ達、闇雲に進んできたから、	우리 무작정 왔으니、
0x5C3DAD	20	FA	1	きっと信頼してくれるようになるはず。	분명 신뢰해줄 거야。
0x5C402F	20	FA	1	ちょっと考えた方がいいかもしれない。	좀 생각해보는 편이
0x5C411D	20	FE	1	そして美しい者は、どれだけ愛でても	그리고 아름다운 자는、아무리 아껴도
0x5C4897	20	FB	1	俺達は十分、楽しみましたけど。	우린 충분히 즐겼다。
0x5C550F	20	FE	1	みんな私達のようになりたいと願う。	모두 우리처럼 되고 싶어 한다。
0x5C576B	20	FB	1	それは良い事かもしれないでやんすが。	그건 좋은 일일지도
0x5C57A1	20	FE	1	いろんな事を理由に戦おうとする。	여러 가지를 이유로 싸우려 한다。
0x5C59BA	20	FE	1	お兄さんの事を信頼してあげるよ。	오빠를 신뢰해 줄게。
0x5C5E99	20	FB	1	そして、おもしろい場所に連れてって	재밌는 곳에 데려가
0x5C6501	20	FE	1	あんな巨大な虫に襲われるなんて、	저런 거대한 벌레에게 습격당하다니、
0x5C6C7D	20	FB	1	やられる緊張感と避ける快感。	긴장과 회피의 쾌감。
0x5C738B	20	FA	1	同じような事で楽しんで、笑って、	같은 걸 웃고 즐기고
0x5C7B20	20	FA	1	ワクチンなんて知らないって言うんだ。	백신 따윈 모른대。
0x5C7B97	20	FB	1	もう少し、話を聞いてみるでやんす！	좀 더 얘기 들어봅죠！
0x5C7D63	20	F825	1	君・・・・・なんか肉食獣の声が	군・・・・・육식수 소리가
0x5C7DCB	20	FA	1	そういう獣って襲ってくるでやんすか？	그런 짐승 덮쳐옵죠？
0x5C7FC7	20	FE	1	しかし、ここは隠れるのにはもってこいの	하지만、여기는 숨기에는 안성맞춤인
0x5C892E	20	FB	1	だけど、これはあたし個人の問題。	이건 내 개인 문제。
0x5C8BC9	20	FB	1	そこにね、不思議な生き物とか、	거기 신기한 생물이나
0x5C8E4F	20	FA	1	このサソリ達のおかげで取れなくなって	전갈들 때문에 못잡게
0x5C931B	20	FB	1	私が貴方と一緒にそこへ行き、	내가 당신과 같이 가、
0x5CA1B8	20	FA	1	街の人に報告すればいいでやんす！	마을에 보고하면 됩죠
0x5CA457	20	FA	1	爆発で箱がどこかに飛んでいったで	폭발로 상자 날아갔
0x5CA5C4	20	FA	1	どこかで加工するんじゃないんですか？	어딘가서 가공하나？
0x5CA653	20	FE	1	私達がそれを再び細かく壊して、	우리가 그것을 다시 잘게 부수어서、
0x5CA93E	20	FB	1	そこに行って、お宝を探すでやんす！	거기 가서 보물 찾죠！
0x5CAE9C	20	FB	1	こんな大きいの爆発させるのなんて、	이런 큰 걸 폭파라니、
0x5CC1BD	20	FA	1	つけられていたら、気にもなるでしょう。	미행당하면 신경쓰여。
0x5CC48D	20	FE	1	あの滝からクリスタルは流れてきます。	저 폭포에서 크리스탈이 흘러옵니다。
0x5CC4BB	20	FA	1	それをバラバラにして落としてください。	그걸 산산조각내줘。
0x5CC506	20	FB	1	貴方が美しくなりたいと願うなら、	아름다워지고 싶다면、
0x5CC82A	20	FA	1	初めて楽しかったと言えるんだから！	비로소 즐거웠다니까！
0x5CCC50	20	FA	1	人間が一番怖いなと感じるよ。	인간이 제일 무서워。
0x5CCC8F	20	FB	1	やっぱりロボットが守っているところじゃ	역시 로봇 지키는 곳
0x5CCDC8	20	FA	1	こんなに黒くなかったような・・・・・・	이렇게 안검었던듯・・・
0x5CD0AC	20	FB	1	向こうにいるのがつまんなかったんだよ。	저쪽이 심심했거든。
0x5CD5A0	20	FB	1	力だけでは強制になってしまいます。	힘만으론 강제가 돼요
0x5CDC30	20	FD	1	この筋肉は自分で見てもウットリ	이 근육은 스스로 봐도 넋을 잃을
0x5CE0AA	20	FB	1	私も隣で同じように自分の姿を	나도 옆서 제 모습을
0x5CE6E6	20	FA	1	一応、ついてはいるんだが・・・・・。	일단 있긴 한데・・・。
0x5CE712	20	FB	1	そこに行けば何かわかるかもしれないで	가면 뭔가 알지도。
0x5CE774	20	FA	1	帰りもそれぐらいかかってしまうだろう。	돌아올때도 그만큼。
0x5CEB75	20	FA	1	から、この星でしか食べられない物が	이 별서만 먹는 게
0x5CECAE	20	FA	1	魚料理がおいしいという事ですね。	생선요리 맛있단 거。
0x5CF1E5	20	FE	1	囲まれてて、ここから逃げれ・・・・・	포위돼서、여기서 도망칠・・・・・
0x5CF2DF	20	FB	1	オイラ、船にいて良かったでやんすよ。	배에 있어 다행입죠。
0x5CF636	20	FA	1	だけど、そしたらお兄さん達がワームと	그럼 형씨들이 웜과
0x5CF657	20	FE	1	この穴から考えて、このまま行くと、	이 구멍으로 미루어、이대로 가면、
0x5CF76B	20	FA	1	また店に買いに来てね。お兄さん。	또 사러 와요。형씨。
0x5CFB68	20	FA	1	魚が獲れるという場所はここかな？	고기 잡히는 곳 여기？
0x5CFC01	20	FA	1	だから獲るって言うんじゃないのかな。	그래서 잡는다 하나。
0x5CFCD2	20	FD	1	確か、この湖の先に立っていれば、	아마、이 호수 너머에 서 있으면、
0x5CFE23	20	FA	1	食べるどころか食べられ・・・・・・・	먹기는커녕 먹히・・・
0x5CFEE2	20	FD	1	まあ、すぐに帰ってくるとは思うけど。	뭐、금방 돌아오리라 생각하지만。
0x5D0028	20	FA	1	待っていてくれるはずなのに・・・・・。	기다려줄텐데・・・・・。
0x5D0197	20	F809	1	が言っていた不穏な空気ってのは	가 말한 불온한 기운
0x5D0BA7	20	FB	1	あの包帯に引っ掛かっていたとか。	그 붕대에 걸렸다든가
0x5D0ED3	20	FB	1	とりあえず、ややこしいから戻ってくれ。	복잡하니 돌아가줘。
0x5D12FE	20	FA	1	すぐに自分の手でやろうとするわよ。	바로 제 손으로 한다。
0x5D136E	20	FB	1	これからどんなおもしろい事をしようか！	이제 어떤 재밌는 일！
0x5D1F28	20	FD	1	あの二人は仲が良いのか悪いのか	저 둘은 사이가 좋은 건지 나쁜 건지
0x5D2275	20	F809	1	が誰もいない場所で笑っているぞ。	가 빈 곳에서 웃는다。
0x5D240C	20	FD	1	まあ、隠していたりするかもしれないから	뭐、숨기고 있을지도 모르니까
0x5D2623	20	FB	1	どこまでも追いかけて来るでやんすよ！	어디까지든 쫓아옵죠！
0x5D2B84	20	FB	1	こんな場所に一人で居るなんて、	이런 곳에 혼자라니、
0x5D31C4	20	FA	1	子分の不満は積もるばかりっす！	부하 불만만 쌓여요！
0x5D34D0	20	FB	1	じゃあ、船を手に入れたお祝いに、	그럼 배 얻은 축하로、
0x5D356D	20	FA	1	カワイイ女の子がキャプテンをしている	귀여운 여자애가 선장
0x5D361D	20	FE	1	とりあえず気をつけなさいと言うこと。	일단 조심하라는 말이다。
0x5D37C3	20	FA	1	おきながら、自信がなくなってきたよ。	해놓고 자신없어졌다。
0x5D3880	20	FB	1	だから売ってあげるって言っているの。	그러니 팔아준다잖아。
0x5D38E3	20	FE	1	売ってあげるって言っているんだから、	팔아 준다고 하고 있으니까、
0x5D3955	20	FA	1	売っているなんて、誰も思わないから	판다곤 아무도 모르니
0x5D4107	20	FB	1	僕の為にこんな盛大なパーティまで	날 위해 성대한 파티
0x5D4147	20	FD	1	そんな事より、あんたは何者なんだ？	그보다、당신은 누구냐？
0x5D4275	20	FA	1	どのような生き物なのかという事に。	어떤 생물인지에 대해
0x5D42B8	20	FB	1	たぶん根本的に違うと思うんだ。	아마 근본부터 달라。
0x5D4859	20	FA	1	聞いたら、ほとんどあたしみたいにひどい	들어보니 거의 나처럼
0x5D486E	20	FA	1	目に遭った奴なんていなかったわよ！	꼴 당한 놈은 없었어！
0x5D506B	20	FD	1	おや？貴方、人間じゃないですね？	이런？당신、인간이 아니군요？
0x5D5D90	20	FA	1	最大限に生かされてると思うわ。	최대한 활용된다 봐。
0x5D5E1A	20	FB	1	それで、その情報を売ってあげるわ！	그래서 그 정보 팔게！
0x5D6054	20	FA	1	ポイントはこの辺りだったと思うけど。	포인트는 이 근처。
0x5D6104	20	FB	1	なんか、あそこの小惑星おかしいよ。	왠지 저 소행성 이상。
0x5D64EB	20	FB	1	この場所、誰に教えてもらったの？	이 장소 누구한테서？
0x5D6AC3	20	FA	1	ワームを倒しているのを目にしました。	웜을 잡는 걸 봤어요。
0x5D6F9E	20	FA	1	たまには店に顔を出してくださいよ。	가끔 가게에 들러줘。
0x5D7179	20	FA	1	見ながらお茶もたまには・・・・・・・	보며 차도 가끔은・・・
0x5D748A	20	FE	1	カヨワイ女の子を見捨てるなんて、	가녀린 여자아이를 저버리다니、
0x5D808A	20	FC	1	さいみあさいシベもいゲブもいヂブもいＯあ	
0x5D81B6	20	FC	1	さいふボもいぃあさい敦ふい尅さいい	
0x5D831E	20	F800	1	さいしボもいしパもいボブもいぃあさいせい	
0x5DA1B5	20	FB	1	今回の報酬は、こちらになります。	이번 보수는 이거예요
0x5DA35B	20	F809	1	に大打撃を与えた張本人だ。	큰 타격 준 장본인。
0x5DB281	20	FB	1	家畜が心配で夜も眠れません。	가축 걱정에 잠 못자。
0x5DCD4D	20	FB	1	自信のないやつは、手を出すなよ！	자신없인 손대지마！
0x5DD664	20	FB	1	犯罪者の収容所といったって、	범죄자 수용소라도、
0x5DD7EE	20	FD	1	明らかに、この星の生態系とは、	명백히、이 별의 생태계와는、
0x5DDD55	20	FD	1	現地なら、安く食べられるかもよ。	현지라면、싸게 먹을 수 있을지도。
0x5DDEFC	20	FD	1	あ！トイレ調べるの忘れてたでやんす！	아！화장실 살피는 걸 잊었습죠！
0x5DE441	20	FB	1	今を逃すとチャンスは無いでやんす！	놓치면 기회 없죠！
0x5DE784	20	FB	1	なんだか向こうの方が、騒がしいな。	왠지 저쪽 시끄럽네。
0x5DE83E	20	FD	1	でも、そんなところで、昼寝をしている	하지만、그런 곳에서、낮잠을 자고 있는
0x5DEEE3	20	FB	1	そんな人間が、傍にいて何になる。	그런 인간 곁에 뭐해。
0x5E1556	20	FA	1	ワクチンを交換するって事でどうだ？	백신 교환으로 어때？
0x5E1781	20	FE	1	こちらとしては、キミ達に何の恨みも	이쪽으로서는、자네들에게 아무 원한도
0x5E198E	20	FB	1	というか、俺の何を信用したのかも	아니 내 뭘 믿었는지
0x5E1F88	20	FB	1	あたし、この町で道場やってるから。	난 이 마을서 도장해。
0x5E215D	20	FB	1	なんだか少し開けたところに出たな。	좀 트인 곳에 나왔군。
0x5E21BA	20	FB	1	素直に喜ぶ気には、なれないなぁ。	기뻐할 맘은 안드네。
0x5E3337	20	FB	1	その時は、またよろしくお願いします。	그땐 또 잘 부탁해요。
0x5E408A	20	FE	1	さすが、マスターからの紹介だけあって	과연、마스터의 소개인 만큼
0x5E415F	20	FB	1	だから、あたしが帰りも護衛するって	내가 귀로도 호위한다
0x5E41A1	20	FB	1	そんなに長い間、ほったらかしにしたら	그렇게 오래 방치하면
0x5E43FD	20	FB	1	この大事な時に、なんでいないのよ！	중요한 때에 왜 없어！
0x5E4CDA	20	FA	1	使ったのではないか、という事だったが	썼던 게 아닌가 했다
0x5E4DE0	20	FB	1	今日は、オオカミ退治がんばるぞ。	오늘 늑대퇴치 힘내。
0x5E5086	20	FE	1	昨日、オオカミ狩りに行っていたら	어제、늑대 사냥을 갔더니
0x5E5290	20	FB	1	なんでも、銀色の毛並みをしている	듣자니 은색 털을 한
0x55F53E	19	F9	1	ペ）かたペ）くぃペ）Ｕくゴ欧精幻	
0x563CDF	19	FC	1	いしりへいえりへいぜヌへいクヌへい。き	
0x56F82C	19	FF	1	アステロイドベルト１に到着しました	
0x570A7C	19	FF	1	アステロイドベルト１を探検しました	소행성대 １을 탐험했습니다
0x574EFD	19	FE	1	しょうがないよ、そういう世の中だ。	어쩔 수 없어、그런 세상이야。
0x575370	18	F822	1	傭兵にとっちゃ、メシの種だな。	용병에게는、밥벌이지。
0x57548E	19	FB	1	野球愛を宇宙に広げることが	야구사랑 우주 전파
0x575528	19	FE	1	いや、戦いに生きるわけじゃないよ。	아니、싸움으로 사는 건 아니야。
0x5756A2	19	FA	1	自分の力を示すチャンスかしら。	내 힘 보일 기회일까
0x575968	19	FB	1	でも、みんなが違うものを持ってる。	다들 다른 걸 가져。
0x575A25	19	FE	1	でも、一生懸命努力します！	하지만、열심히 노력하겠습니다！
0x575AF1	19	FE	1	まあ、戦った方が手っ取り早い	뭐、싸우는 편이 빠르다
0x575DBB	19	F822	1	、面白いことをお尋ねになるのね。	、재미있는 것을 물으시네。
0x575DE9	19	FA	1	それは「情熱」なのではないかしら。	그건 「열정」 아닐까。
0x575E6B	19	FE	1	定義をまずしっかりしてくれないと。	정의를 우선 확실히 해 주지 않으면。
0x57615E	19	FE	1	そんなこと、オレは興味ねえからな！	그런 것、나는 흥미 없으니까！
0x5762F3	19	FA	1	十字ボタンやタッチペンでアイテムを	십자키・터치펜으로
0x57677C	19	FB	1	ウフフ、アタシって現実的なのよ。	후후、난 현실적이야
0x576AD2	19	FA	1	またうちの会社の製品のテストに	또 우리 제품 테스트
0x576BA5	19	FE	1	なんだよ、宇宙平和とか愛とか	뭐야、우주 평화라느니 사랑이라느니
0x576C70	19	FA	1	ずっと幸せに生活できるのになぁ。	쭉 행복하게 살텐데。
0x57731E	19	FB	1	あと、オイル止めシリコン剤でしょ、	오일막이 실리콘제、
0x577B11	19	F834	1	ぽこの宇宙船の故障個所を	이 우주선의 고장 부위를
0x577E07	19	FB	1	みんなが幸せになるための愛もあれば	모두 행복할 사랑도
0x577E36	19	FB	1	そういうの、全部「愛」だもんな。	그런 거 다 「사랑」。
0x577EFB	19	FB	1	さて、なにかお聞きになりたいことは？	뭔가 묻고싶은 게？
0x578E7A	19	F8F8	1	操作説明からもう一度・・・	조작설명부터 또・・・
0x578FE4	19	FA	1	普通の兵隊と変わりませんね。	보통 병사랑 같군요。
0x579283	19	F809	1	の封鎖線が強化されているな。	의 봉쇄선 강화됐군。
0x579529	19	FB	1	宇宙船の武器とかは、ちゃんと	우주선 무기 제대로
0x5797A0	19	FB	1	これより全艦で攻撃を行なう。	지금부터 전함 공격。
0x579D98	19	FE	1	わが艦は、ただちに迎撃に移る！	우리 함은、즉시 요격에 들어간다！
0x57A24A	19	FE	1	さっきの発言はカットしてください。	방금 발언은 잘라 주세요。
0x57A8BB	19	FA	1	生命にとって必要だと思うよ。	생명엔 필요하다 봐。
0x57A8E4	19	FE	1	ほら、自分が相手より強いって	봐라、자신이 상대보다 강하다고
0x57B2E6	19	FB	1	これなら、エネルギーの跡で位置は	에너지 자취로 위치
0x57B76F	19	FE	1	こんなすばらしい体験をさせてくれた	이렇게 훌륭한 체험을 하게 해 준
0x57C0C3	19	FB	1	停船命令を無視しています！	정선명령 무시한다！
0x57C372	19	FE	1	失われた価値を発見したのだ！	잃어버린 가치를 발견한 것이다！
0x57C443	19	FA	1	わかってもいないのに教育するとは、	모르면서 교육이라니
0x57C482	19	FE	1	いや、バカにするつもりはなかったんだ。	아니、무시할 생각은 없었다。
0x57C8E2	19	FB	1	大幅にルールが改定されたんだ。	대폭 룰이 개정됐다。
0x57C94B	19	FA	1	その打撃プログラムも残ってるよ。	타격프로그램 남았어
0x57D108	19	FD	1	って、俺には関係ないじゃないか！	라니、나와는 상관없잖아！
0x57D2BC	19	FD	1	とっととやらないと、さび止めオイルを	얼른 하지 않으면、방청유를
0x57D4C8	19	FA	1	航路として利用されているのは、	항로로 이용되는 건、
0x57DCA2	19	FA	1	頭を撃ち抜かれちゃったでやんす！	머리 관통당했습죠！
0x57E748	19	FB	1	まあ、そんな感じでキレイさっぱりだ。	그런 식으로 깨끗이。
0x57E8A0	19	FA	1	あまり目立たないほうがいいからな。	안띄는 게 좋으니까。
0x57EA3A	19	FB	1	目の前にワクチンが出現したぞ。	눈앞에 백신 출현！
0x57F1B2	19	FE	1	あの子、ちっとも変わってないから。	그 아이、조금도 변하지 않았으니까。
0x57F1E6	19	FA	1	闇討ちするモードに変わっただけ。	기습 모드로 바뀜。
0x57F638	19	FD	1	貴重なワクチン供給元ですから	귀중한 백신 공급원이니까요
0x57FD72	19	FE	1	これを作った人間は天才・・・	이걸 만든 인간은 천재・・・
0x57FD86	19	FB	1	いや、ものすごい天才で悪魔だ！	엄청난 천재 악마다！
0x580286	19	FB	1	・・・ここ最近の政治情勢は	・・・요즘 정치정세는
0x5808E1	19	FE	1	まったく、何度言ったら貴様は	정말이지、몇 번을 말해야 네놈은
0x580D65	19	FB	1	まずはその百発百中の腕前の	우선 백발백중 실력
0x581025	19	FA	1	継承権は９番目だったのです。	계승권 ９번째였다。
0x5815B5	19	F8F8	1	宇宙港の周りをうろついてみる。	우주항 주변 둘러봄。
0x5819DE	19	FB	1	では、とても驚かれたことでしょうね。	선 무척 놀라셨겠죠。
0x581BBB	19	FE	1	戻ってきてから残りを食べるから。	돌아와서 나머지를 먹을 테니까。
0x581C02	19	FE	1	ほら、よく映画なんかにあるでしょ？	봐、영화 같은 데 자주 있잖아？
0x582752	19	F85A	1	（個人戦闘時の命中率は	（개인전투 명중률은
0x5831FE	19	FA	1	無能な政治家は必要ない。	무능 정치가 불필요
0x584650	19	FB	1	ああ、どうして超空間通信って	아、왜 초공간통신은
0x584998	19	FB	1	セーブした所からやり直しでやんす。	세이브 지점부터죠。
0x584B04	19	FA	1	こっちも５回でデータが消えるのか？	이쪽도 ５회면 지워져
0x584F99	19	FB	1	気に入らないんですよね、あなたが。	당신이 맘에 안들어。
0x585044	19	FA	1	死んでいただかないと困るんですよ。	죽어주셔야 합니다。
0x5858CD	19	FA	1	野球人形の強化に使うのは	야구인형 강화용은
0x58590B	19	FD	1	命がけで任務をやってるんだから、	목숨 걸고 임무를 하고 있으니까、
0x585937	19	FB	1	それに、明日死ぬかもしれないのに	내일 죽을지 모를
0x585FC3	19	FA	1	エネルギーがたまるまで逃げるといい。	충전될때까지 도망쳐
0x58668F	19	FE	1	通信相手に女性が１０名も	통신 상대에 여성이 １０명이나
0x5867B8	19	FE	1	オレも修羅場は避けたいからな。	나도 수라장은 피하고 싶으니까。
0x586833	19	FA	1	全員「引退」なんでやんすね。）	전원 「은퇴」죠。）
0x5868E9	19	FB	1	今後の活動の足しにしてくれ。	앞으로 활동에 보태。
0x586CD6	19	FB	1	犯罪者を捕まえたり、会社に	범죄자 잡거나 회사
0x586CEA	19	FA	1	有益な情報を提供すればな。	유익한 정보를 주면。
0x586D01	19	FE	1	ま、そういうわけで希望を捨てずに	뭐、그런 이유로 희망을 버리지 말고
0x587076	19	FA	1	間合いを微妙に変えているな。	간격 미묘하게 바꿔。
0x58708A	19	FB	1	「わたし」が不覚を取ったはずだ。	「나」가 실수했을걸
0x5870C6	19	FA	1	ぺらぺらしゃべって、周りの人間に	떠들어 주변 인간에
0x5873EF	19	FB	1	さっきまで普通に歩いてたくせに。	아까까지 잘 걷더니。
0x58775B	19	FB	1	ロボットたちは、かつての住民達の	로봇들은 옛 주민들
0x5878CF	19	FB	1	他の星より１０倍は多いんだぜ！	딴 별보다 １０배야！
0x5878E6	19	FE	1	ま、物価も少しは高いけど・・・	뭐、물가도 조금은 비싸지만・・・
0x587B71	19	FB	1	お前ら、単なる泥棒じゃないか！	너희 그냥 도둑이냐！
0x58837F	19	FA	1	あの苦しみも、もはや遠い過去。	고통도 이젠 과거。
0x588AF7	19	FD	1	また通路に傷をつけたでやんすね！	또 통로에 흠집을 냈습죠！
0x588B46	19	FD	1	さっさと塗りなおして来いでやんす！	얼른 다시 칠하고 옵쇼！
0x588D12	19	F809	1	と組んだ時に、役割を分けた。	와 짤때 역할 나눔。
0x588EDE	19	FB	1	研究所で教育を受けました。	연구소서 교육받았어
0x588FB8	19	FE	1	でも、あたしが戦いを嫌がっていると	하지만、내가 싸움을 싫어한다고
0x589201	19	FA	1	依頼人を護衛したんだけどさ、	의뢰인 호위했는데、
0x589D34	19	FB	1	絶対にお金は渡さないでやんす！	절대 돈은 안줍죠！
0x58A122	19	FB	1	念のため、宇宙船に移動して	혹시 몰라 우주선에
0x58A2EC	19	FA	1	アンタはとっとと出て行くでやんす。	넌 냉큼 나가십죠。
0x58A40F	19	FB	1	せいぜい抵抗して欲しいでやんす。	실컷 저항해주십죠。
0x58A43B	19	FB	1	あなたには犯罪行為の容疑が	당신에겐 범죄혐의가
0x58A8ED	19	FE	1	とりあえず１００ペラこっちに渡すね。	일단 １００페라 이쪽에 건넬게。
0x58A9A8	19	FD	1	それをアンタは２枚にしたんでやんす！	그걸 당신은 ２장으로 만들었습죠！
0x58B9D1	19	FA	1	極秘事項なのでお話できない。	극비사항이라 못해
0x58BB1B	19	FD	1	恥ずかしい話だが、告白しよう。	부끄러운 이야기지만、고백하마。
0x58BBA9	19	FD	1	立ち去る前にオレの裸を見て、	떠나기 전에 내 알몸을 보고、
0x58C009	19	FA	1	ここじゃ、とっくに廃止されたんだ。	여긴 진작 폐지됐다。
0x58C032	19	FA	1	まだ大事なものかもしれないけどさ。	아직 중요할지도。
0x58C401	19	FB	1	ただのコスプレ馬鹿じゃなさそうね。	코스프레 바보 아냐。
0x58C746	19	FB	1	次は「オヤジギャグ１００連発」の	「아재개그 １００연발」
0x58CBC1	19	FB	1	ワクチンを販売している業者には	백신 판매업자에겐
0x58CC9F	19	FA	1	船を調査しているではないですか。	배를 조사중이잖아。
0x58CCF9	19	FA	1	ワクチンを集めつづけているとのこと。	백신 계속 모은다고。
0x58CD50	19	FA	1	横流しして儲けているのを知って	빼돌려 버는 걸 알고
0x58D350	19	FE	1	情けないが、オレは一晩泣いた。	한심하지만、나는 밤새 울었다。
0x58D3CB	19	FD	1	きっともっといい出会いがあるって。	분명 더 좋은 만남이 있을 거라고。
0x58D776	19	FB	1	そうして、長い長い年月が過ぎ	그렇게 긴 세월 흘러
0x58DB7B	19	FA	1	我々のコントロールを離れたのだ。	우리 통제를 벗어남。
0x58DC30	19	FA	1	ワクチンの件ぐらいどうにでもなろう。	백신 건은 어떻게든。
0x58DDA1	19	FA	1	今日、オレはこの数字を越えて	오늘 이 숫자 넘어서
0x58DE50	19	FB	1	オレは軍人を引退して田舎で	군인 은퇴해 시골서
0x58DECB	19	FB	1	これは困難な戦いの前に、必ず	힘든 싸움 전에 꼭
0x58DF47	19	FD	1	ハハハハ、お前は冗談がうまいな！	하하하하、너는 농담을 잘하는군！
0x58DFDD	19	FE	1	この距離でこれだけの命中率。	이 거리에서 이만한 명중률。
0x58E3B9	19	FB	1	看護兵、スパイ、狙撃手だ。	간호병・스파이・저격
0x58E3F3	19	FB	1	戦車兵は狭くて臭い車内で	전차병 좁은 차내서
0x58E435	19	FA	1	まず筋力がないとお話にもならん。	근력 없으면 안된다。
0x58E488	19	FA	1	狙撃ポイントまでの移動ですむ。	저격지점까지 이동만
0x58E7F2	19	FE	1	たった一滴のウソが混じっただけで	단 한 방울의 거짓이 섞였을 뿐으로
0x58E87A	19	FA	1	私の名前で公にするならば・・・	내 이름 공표하면・・・
0x58EA11	19	FB	1	あの女のセリフをそのまま書き移す	그 여자 대사 그대로
0x58EEB2	19	FA	1	格闘を基礎からきちんと教えて	격투 기초부터 잘
0x58EF3C	19	FA	1	厳しい訓練をするんじゃないのか？	혹독한 훈련 아냐？
0x58EF6F	19	FE	1	わたし、先輩にスカウトされたので。	저는、선배에게 스카우트되어서요。
0x58EFE7	19	FE	1	男なんて目じゃない、って感じで。	남자 따위 눈에 안 찬다、는 느낌으로。
0x58F0F0	19	FD	1	先輩と同じく、ネズミやゴキブリや	선배와 마찬가지로、쥐나 바퀴벌레나
0x58F33B	19	FB	1	速やかに引き上げるのが正解。	신속히 철수가 정답。
0x58F407	19	FD	1	どこかから医療キット持ってきて。	어딘가에서 의료 키트 가져와。
0x58FFAE	19	FA	1	コマンドで買うことが出来ます。）	커맨드로 살수있다。）
0x5907DB	19	FA	1	お父さんの血が流れているんだな。	아버지 피가 흐르네。
0x5908BE	19	FA	1	あれほど似合う人はいなかったな。	그리 어울린 이 없어
0x590962	19	FA	1	将来設計とか貯金なんかとは	장래설계 저축 같은
0x590BB2	19	FD	1	端末は旧式なのに、プログラムの	단말은 구식인데、프로그램의
0x590F9F	19	FA	1	しっかりとあんたらを護衛しただろ？	제대로 호위했잖아？
0x591214	19	FA	1	あんたらを研究所まで護衛する	연구소까지 호위한다
0x591311	19	FD	1	そして植物が異常繁殖して、	그리고 식물이 이상 번식해서、
0x591FB7	19	FB	1	この船の食料を食ってる奴は！	이 배 식량 먹는 놈！
0x5920FD	19	FB	1	謙虚な気持ちはよい心掛け。	겸허함은 좋은 자세。
0x592299	19	FE	1	たとえばかわいい物が大好きとか！	예를 들면 귀여운 걸 아주 좋아한다든가！
0x592309	19	FA	1	ナイフで仕留めるのが楽しいんだ。	칼로 끝내는게 좋아。
0x5924D6	19	FA	1	食いしん坊とは思えないが・・・）	먹보 같진 않은데
0x5927D5	19	FB	1	現に、そのマニピュレーターのパワーも	매니퓰레이터 파워도
0x592ACD	19	FB	1	まさか広域無差別爆撃を？	설마 무차별폭격을？
0x592BB0	19	FA	1	地上軍の協力が必要じゃ。	지상군 협력 필요해。
0x592F24	19	FA	1	必ず勝てるゲームの方がいいなぁ。	이기는 게임이 좋아。
0x5931C7	19	FA	1	刀を振り回しながら走り回って	칼을 휘두르며 뛰어
0x5933DB	19	FE	1	だって、私が後ろから飛びかかろう	왜냐면、내가 뒤에서 덤벼들려고
0x5935CD	19	FA	1	していて、医療費はタダなんです。	해서 의료비 공짜다。
0x5935FD	19	FA	1	医者を雇っておられるようですが。	의사를 고용하신듯。
0x59378F	19	FA	1	投獄された方なのだ！・・・カニ。	투옥되신 분이다！
0x593860	19	FA	1	なので、あんまり名前は出さないで	그러니 이름 안내고
0x593D3F	19	FB	1	今日は必殺技の訓練です。	오늘은 필살기 훈련。
0x593DF9	19	FB	1	一回見ただけで十分ですよね？	한번 봤으면 충분？
0x593E91	19	FA	1	君についてなにか言ってなかったか？	네 얘기 뭐 안했나？
0x594619	19	FA	1	しぼり取ってる上納金だけどね。	쥐어짠 상납금이다。
0x59477F	19	FA	1	そういう仕組みに気づいてないか、	그런 구조 모르거나、
0x5951F8	19	FA	1	俺がこんなことを・・・ブツブツ・・・	내가 이런 걸・・・중얼
0x5953BB	19	FA	1	真っ先にレポートしたのが俺だから	먼저 보고한 게 나라
0x5953CF	19	FA	1	何書いたって信用されるわけだ。	뭘 써도 믿어주는거。
0x595547	19	FD	1	野球をするだけのロボットなんかより	야구만 하는 로봇 따위보다
0x5955BA	19	FA	1	裕福でないとできない趣味だし。	부유해야 할 취미고。
0x59564B	19	FB	1	その合い間にパーツを買い揃えて	그 사이 부품 사모아
0x59568C	19	FA	1	能力の選手が登録されます。	능력 선수 등록된다。
0x595D4B	19	FB	1	午後から仕事があるんだからよ。	오후부터 일 있어。
0x5960F5	19	FA	1	それでも言えねえことってあるわけよ。	못할 말도 있는거야。
0x5962B1	19	FD	1	どこかの惑星で畑をたがやしたり、	어딘가의 행성에서 밭을 갈거나、
0x5967F0	19	FA	1	建てられますから問題ありません。	지을수있어 괜찮다。
0x59682C	19	FA	1	バイオテクノロジーの成果だったな。	생명공학 성과였군。
0x596C35	19	FA	1	寄生型生命体だってバレたら	기생형 생명체란 걸
0x596CD6	19	FA	1	名誉の戦死ってことにしといて。	명예 전사로 해둬。
0x596EF5	19	FE	1	それに、これはお前の戦いじゃない。	게다가、이건 네 싸움이 아니다。
0x597C57	19	FB	1	いん石にでもぶつかったでやんすかね？	운석에 부딪혔습죠？
0x597E25	19	FB	1	こいつ、意外に強いじゃないかー！	이놈 의외로 강해！
0x597F96	19	FB	1	一人じめしようと考えていたな。）	독차지하려 했구나。）
0x598338	19	FB	1	他の惑星の連中がやる分には	딴 행성 놈들이 하면
0x59834C	19	FA	1	放送局も文句言わねえんだ。	방송국도 불평 안해。
0x598519	19	FB	1	ワタシヲ反抗的ナ目デ見タナ。	날 반항적으로 봤군。
0x5986FE	19	FB	1	小型の乗り物の燃料としては	소형 탈것 연료로는
0x598900	19	FA	1	まずいというか、やめといた方が・・・	그만두는 편이・・・
0x598CCC	19	FA	1	自分をコントロールできるはずだよ。	자기 제어할수있어。
0x598CE3	19	FE	1	所詮こいつはニセモノってことだね。	결국 이건 가짜라는 것이네。
0x5994A5	19	FD	1	その星が、秘密プロジェクトとして	그 별이、비밀 프로젝트로서
0x5995F7	19	FA	1	その研究所をぶっつぶしたからね。	연구소를 부쉈으니。
0x599901	19	FE	1	少しでも正気の残ってる奴なら	조금이라도 제정신이 남은 놈이라면
0x5999D3	19	FA	1	自分の目で見るのは初めてだ。	직접 보긴 처음이다。
0x599DF8	19	FE	1	研究のため、ちょっと拝借したら	연구를 위해、잠깐 빌렸더니
0x59A17C	19	FB	1	ああ、もう・・・結局ムダ骨かよ。	아・・・결국 헛수고냐。
0x59A7CC	19	FB	1	・・・ま、片隅ったってここだがな。	・・・구석이라도 여기。
0x59ABFA	19	FA	1	そのときまでは相手も真面目に	그때까진 상대도
0x59AC0E	19	FA	1	命がけで戦っていると思っていた。	목숨걸고 싸운다 봄。
0x59AC22	19	FB	1	だがそのパーティで気づいてしまった。	그 파티서 깨달았다。
0x59AC39	19	FE	1	女たちはファッションの話に忙しく	여자들은 패션 이야기로 바쁘고
0x59AC8E	19	F803	1	命をかけた闘争ではなかったのだ！	목숨건 투쟁 아녔다！
0x59AFEB	19	FE	1	お前達の中に、超能力者が	너희 중에、초능력자가
0x59B0DA	19	F809	1	が手に入れば、老後は安心！	있으면 노후 안심！
0x59B470	19	FB	1	宇宙史上に残る記録だぞ。	우주사상 남을 기록。
0x59B4B0	19	FA	1	言っておいて、よく生き残れたな。	그러고 잘도 살았군。
0x59B510	19	FB	1	あれは意味が逆で、戦いの前に	뜻이 반대라 싸움 전
0x59B6AE	19	FA	1	正面から戦って勝利したのだ！	정면으로 싸워 승리！
0x59B871	19	FA	1	お前だけは始末してやるでやんす！	너만은 끝장내줍죠！
0x59BACB	19	F809	1	も立て直しのために必死ですね。	도 재건에 필사적。
0x59BC34	19	F809	1	は、宇宙にとってまだ必要です。	는 우주에 아직 필요
0x59BCD0	19	FA	1	泥沼の戦争になるよりマシです。	수렁 전쟁보단 낫다。
0x59BF31	19	FB	1	もっと肩の力を抜いたらどうだい？	좀 더 힘 빼지 그래？
0x59C3C7	19	FF	1	しかし、そのロボットを連れてきている	하지만、그 로봇을 데려오고 있는
0x59C431	19	FA	1	プログラムが設定してあるんですよ。	프로그램 설정됐다。
0x59C5F3	19	FA	1	余分なプログラムは排除できた。	여분 프로그램 배제。
0x59C713	19	F809	1	君、大統領親子と一緒に	군、대통령 부자와
0x59C73C	19	FD	1	・・・こいつを片付けてから行く。	・・・이 녀석을 처리하고 나서 간다。
0x59C888	19	FB	1	新型のウイルスが発生したときに	신형 바이러스 발생
0x59D6A0	19	FA	1	５００ペラの利益に相当するぞ。	５００페라 이익 해당。
0x59D761	19	FA	1	もうじき問題が解決するだろう。	곧 문제 해결되겠지。
0x59DC30	19	FB	1	正義の味方はボランティアだから	정의의 편은 봉사
0x59DC44	19	FA	1	感謝の気持ちだけで十分よ。	감사 마음만 충분해。
0x59DEC7	19	FA	1	移されたら意味がないではないか。	옮겨지면 의미없다。
0x59DF64	19	FE	1	・・・しかし、たしかに今回の件は	・・・하지만、분명 이번 건은
0x59E24D	19	FA	1	バランス感覚を崩してしまうのか？	균형감각 무너지나？
0x59E700	19	FB	1	どうしてこんなものが出てきたんです。	왜 이런 게 나왔죠。
0x59E975	19	FD	1	そういえば、その必殺技を使って	그러고 보니、그 필살기를 써서
0x59EA5A	19	FE	1	そもそも憎しみで人が殺せるなら、	애초에 증오로 사람을 죽일 수 있다면、
0x59EA6E	19	FA	1	政治家や企業のトップなんて、	정치가 기업 수뇌는、
0x59EC28	19	FE	1	今のセリフはなかったことにしといて。	방금 대사는 없었던 걸로 해 둬。
0x59EE33	19	F8F8	1	どうして正義の味方になろうと？	정의의 편이 되려고？
0x59EF72	19	FA	1	正義の味方を目指したのか。	정의의 편 목표했나。
0x59F20B	19	FB	1	この義手のパワーを抑えてるって。	의수 힘을 억누른대。
0x59FDAB	19	FA	1	ワクチンの価格は跳ね上がって、	백신 가격 치솟아서、
0x5A001E	19	FA	1	長距離での射撃は無理だ。	장거리 사격 무리다。
0x5A0035	19	FE	1	だが、この特製レーザーライフルなら	하지만、이 특제 레이저 라이플이라면
0x5A060E	18	F822	1	ハイ、お札が２枚に増えました。	자、지폐가 ２장으로 늘었습니다。
0x5A07FE	19	FD	1	まずは、このオイラの財布を２倍に	우선은、이 내 지갑을 ２배로
0x5A099A	19	FD	1	この２枚になったお札、よく見たら	２장이 된 이 지폐、잘 보니
0x5A0CFC	19	FA	1	マイクとカメラが仕込んであるんだ。	마이크 카메라 심어
0x5A10F7	19	FA	1	同じ機動で飛行すれば・・・。	같은 기동이면・・・
0x5A1202	19	FA	1	大型の観光船で塞がれていて	대형 관광선에 막혀
0x5A1EAE	19	FB	1	僕らの住む星が死滅したから、	우리 사는 별 죽어서
0x5A228F	19	FB	1	ちょっと大事な話があるんだけど。	좀 중요한 얘기가。
0x5A267E	19	FA	1	常に別のものに変化しようとして	늘 딴 걸로 변하려
0x5A2B36	19	FE	1	ハハハ、言論の自由バンザイだ。	하하하、언론의 자유 만세다。
0x5A2C50	19	F809	1	が諸悪の根源だってわかってても	악의 근원인걸 알아
0x5A2D6B	19	FE	1	この宇宙で何が起こっているのが	이 우주에서 무엇이 일어나고 있는지
0x5A2DFC	19	FE	1	・・・２回だと良かったらしいけど、	・・・２회였으면 좋았던 모양이지만、
0x5A2F3F	19	FB	1	その機械の身体が、なんとタダ！	기계 몸이 공짜！
0x5A341C	19	FA	1	この町から出してもらえないんです。	이 마을서 못나가요。
0x5A3885	19	FD	1	新しい人類だなんて大げさだよ。	새로운 인류라니 과장이야。
0x5A395B	19	FD	1	ちょっと見てみたかった気もするな。	조금 보고 싶었던 것도 같군。
0x5A3A14	19	FA	1	研究所を破壊したんでしょう。	연구소 파괴했겠죠。
0x5A3A8D	19	FA	1	「アダムなしでは、イブは新世界を	「아담 없인 신세계를
0x5A3E75	19	FB	1	だからコマの位置は覚えてました。	말 위치는 외웠어요。
0x5A3ECF	19	FD	1	えーと、君は記憶力のいい方？	그러니까、자네는 기억력이 좋은 편？
0x5A4148	19	FD	1	見た光景を全部覚えていたら	본 광경을 전부 기억하고 있으면
0x5A45F0	19	FB	1	そんな奴と肩を並べて戦うことは	그런 놈과 나란히는
0x5A494F	19	FB	1	あの悪魔を捕まえてくれたおかげで	그 악마 잡아준 덕에
0x5A4A8D	19	FE	1	先住民同士がケンカでやんす！	선주민끼리 싸움입죠！
0x5A4CA0	19	FB	1	・・・先住民達が、どんなふうに	・・・선주민들이 어떤
0x5A4E83	19	FD	1	みんな、こっちに押し寄せてくるぞ！	다들、이쪽으로 몰려온다！
0x5A50C8	19	FA	1	犠牲は仕方がありません、って？	희생은 어쩔수없다？
0x5A527F	19	FE	1	まあ、嫌いな相手じゃなかったね。	뭐、싫은 상대는 아니었지。
0x5A56DA	19	FB	1	あんたもこの世界にいたんだったら、	이 세계 있었으면、
0x5A5963	19	FA	1	数十人の死体が、店の中に	수십명 시체 가게 안
0x5A5B0A	19	FA	1	宇宙港で補給を受けたとか。	우주항서 보급받았대
0x5A5B65	19	FB	1	でもさ、正義の味方というものは	정의의 편이란 건
0x5A5C36	19	FA	1	これを見逃すべきではないと思う。	이건 못본척 못해。
0x5A5CB1	19	FB	1	無駄と知って、なお行動する。	헛된줄 알고도 행동。
0x5A60EA	19	FA	1	あのワクチンらしいから、知り合いの	그 백신같으니 아는
0x5A638E	19	FE	1	たくさんの税金を納める人間を	많은 세금을 내는 인간을
0x5A65B0	19	FA	1	途中入社は、まずありえません。	중도입사 거의 없다。
0x5A6770	19	FA	1	雇ってもらえることは、まずないんだ。	고용될 일 거의 없어
0x5A6A3B	19	FA	1	拒否した博士の武勇談は、	거부한 박사 무용담、
0x5A6AC7	19	FA	1	自由に研究させてくれるわけじゃ	자유 연구시켜주진
0x5A6B28	19	FA	1	自由な研究をさせてくれるんなら	자유 연구 시켜주면
0x5A6E01	19	FA	1	全員が金持ちになってやるカニ！	다들 부자로 만들게！
0x5A7331	19	F809	1	の軍隊による組織的抵抗は	군대 조직적 저항은
0x5A7375	19	FA	1	散発的なテロを実行してます。	산발적 테러 실행중。
0x5A767A	19	FA	1	なんですし、私たちはお金を払って	이고 우린 돈 내고
0x5A789C	19	FA	1	いくらでも資源が出てくるんです。	얼마든 자원이 나와。
0x5A7B26	19	FA	1	との触れ込みで大勢の人間を	란 선전에 많은 인간
0x5A7D2E	19	FD	1	ワシのニュース会社で素材として	내 뉴스 회사에서 소재로
0x5A7D42	19	FA	1	利用できるから、放映権として	이용가능하니 방영권
0x5A8114	19	FB	1	たとえば、違法行為の礼金が	예로 불법행위 사례
0x5A8170	19	FA	1	４９万ペラを受け取ってください。	４９만페라 받으세요。
0x5A8184	19	FB	1	一年後から現金化できます。	일년후 현금화 가능。
0x5A8516	19	FB	1	ここでは街の人の迷惑でしょう。	여긴 마을에 폐죠。
0x5A88CF	19	FE	1	継承権だって下のほうだったし。	계승권도 아래쪽이었고。
0x5A8988	19	FE	1	それより、町じゅうにあるホログラム。	그보다、마을 곳곳에 있는 홀로그램。
0x5A89EE	19	FB	1	もう、全部捨てちゃいたいぐらい。	이젠 다 버리고파。
0x5A8C53	19	FA	1	迎撃システムが復旧していたら、	요격시스템 복구되면
0x5A8FF6	19	FA	1	時空的な別の宇宙でやんす。	시공적 딴 우주입죠。
0x5A94ED	19	FA	1	かならず細菌やウイルスの研究を	세균・바이러스 연구
0x5A998C	19	FB	1	どうして連れて行ってくれなかった。	왜 안 데려가줬어。
0x5A99B2	19	FD	1	宇宙の男は気楽が一番だ。	우주의 남자는 마음 편한 것이 최고다。
0x5AA039	19	FE	1	オイラ、何枚かカードをチェンジして	나는、카드를 몇 장 체인지해서
0x5AA506	19	FB	1	いいんだよ、どうせ次で取り返して	됐어 어차피 다음에
0x5AA5A5	19	FB	1	森を行くなら、森にくわしい人を	숲 가려면 밝은 사람
0x5AAF9A	19	FA	1	このワクチンを盗むつもりなんでしょ？	이 백신 훔칠 셈？
0x5AB1A0	19	FB	1	もう少し楽しめると思ったのにな。	더 즐길줄 알았다。
0x5AB2C1	19	FA	1	ドノクライ破壊サレタト思ッテル！	얼마나 파괴됐다 봐！
0x5AB4AC	19	FD	1	強い奴なら、誰かが助けなくても	강한 녀석이라면、누가 돕지 않아도
0x5AB839	19	FA	1	サポートする仲間が必要なのよ。	서포트할 동료 필요。
0x5AB97F	19	FA	1	立派な方で、これからの宇宙に	훌륭한 분、우주에
0x5ABA19	19	FA	1	あまりほめられる事ではありませんな！	칭찬받을 일 아니오！
0x5ABA78	19	F809	1	議長、以後お見知りおきを。	의장、앞으로 부탁。
0x5ABAAC	19	FE	1	本当になにもご存知ないとなると	정말로 아무것도 모르신다면
0x5ABBEC	19	FA	1	ろくな軍事力を持たない星では	군사력 없는 별에선
0x5ABCC4	19	FE	1	まさか遺伝子ライブラリーのことを	설마 유전자 라이브러리를
0x5ABEA2	19	FA	1	その地位を維持できないからだ。	지위를 유지 못하니。
0x5AC117	19	FA	1	自身の生き残りを図るだろう。	제 생존을 꾀하겠지。
0x5AC241	19	FB	1	ま、いざとなれば父親のように・・・	여차하면 아버지처럼
0x5AC26A	19	FE	1	余計なことはおっしゃらないように。	쓸데없는 말씀은 하지 마시도록。
0x5AC8AC	19	FA	1	ばらまく計画だったんでやんすよね？	뿌릴 계획이었습죠？
0x5ACF69	19	FA	1	恐れている今、もはやこれ以上の	겁먹은 지금 더 이상
0x5AD2AC	19	FB	1	やはりウワサだけの相手であったか！	소문뿐인 상대였나！
0x5AD8A6	19	F804	1	撃墜王の記録達成という、	격추왕 기록달성이란
0x5ADA06	19	FA	1	行政庁舎を占領したって？！	행정청사 점령했다？！
0x5ADAA2	19	FE	1	・・・生物兵器のヒントになる。	・・・생물 병기의 힌트가 된다。
0x5ADD81	19	FB	1	このデータがあれば、新しい研究は	데이터 있으면 연구
0x5ADDBF	19	FE	1	だが、軍隊まで派遣してくるとは	하지만、군대까지 파견해 오다니
0x5ADE34	19	FB	1	直前で、あなたの気が変わるかも	직전에 맘 바뀔지도
0x5ADEEE	19	FB	1	あきらかに意図的に仕組まれた	명백히 의도적으로
0x5AE06C	19	FD	1	・・・事故では起こり得ません。	・・・사고로는 일어날 수 없습니다。
0x5AE0C8	19	FB	1	私も子供の使いじゃないんです。	저도 애가 아녜요。
0x5AE35B	19	FD	1	思ってたより弱くて、超がっかり。	생각보다 약해서、완전 실망。
0x5AEDF9	19	FE	1	彼らの装備は宇宙でもしばらく	그들의 장비는 우주에서도 한동안
0x5AEE6D	19	FE	1	まあ、最近宇宙で起こっている	뭐、요즘 우주에서 일어나고 있는
0x5AEF9A	19	F85A	1	（ワクチン３トンを納入しました。）	（백신 ３톤 납입。）
0x5AF055	19	FE	1	私はとっくに独立していましてよ。	저는 진작에 독립했답니다。
0x5AF1B6	19	FA	1	ワクチン購入に使っちゃうでしょ？	백신 구입에 쓰죠？
0x5AF58E	19	FB	1	この辺りだって、５０年前ぐらいは	근처도 ５０년쯤 전엔
0x5AF726	19	FA	1	いつでも新品に変更できますし、	언제든 교체되고、
0x5AF865	19	FA	1	簡単に交換できてしまうのです。	쉽게 교환할수있다。
0x5AFC1B	19	FB	1	いいか、ロボット・機械の特長は	로봇・기계 특징은
0x5AFCBA	19	FB	1	こいつら性能が上がったおかげで、	이놈들 성능 오른 덕
0x5AFCD9	19	FB	1	それに一時期、減ったロボットを	한때 줄었던 로봇을
0x5AFE4D	19	FA	1	必ず宇宙のどこかにあるはずです。	우주 어딘가 있겠죠。
0x5B0235	19	FA	1	宇宙に出る時が来たようだな。	우주로 나갈 때인듯。
0x5B0310	19	FA	1	発表されていない事なのだが・・・	미발표 사항이나・・・
0x5B038D	19	FA	1	やってくるこの宇宙ステーションでは	이 우주정거장에선
0x5B03A1	19	FA	1	様々な病気が発生しやすく、	여러 병 잘 생기고、
0x5B06F7	19	FD	1	大勢の人々のためなら喜んで。	많은 사람들을 위해서라면 기꺼이。
0x5B0750	19	FD	1	割り当て量まで決まってるのに？	할당량까지 정해져 있는데？
0x5B0A39	19	FA	1	女性の整備士が付いてくると	여성 정비사 붙으면
0x5B0D35	19	FA	1	なるべく高いところで売りましょう。	되도록 비싸게 팔죠。
0x5B1074	19	FB	1	女性ならそれなりのデザインを・・・	여성이면 디자인・・・
0x5B1132	19	FE	1	この機械があれば、自分もすぐに	이 기계가 있으면、나도 금방
0x5B115D	19	FE	1	でも、あんなに短時間でどうやって	하지만、그렇게 짧은 시간에 어떻게
0x5B1299	19	FB	1	でも、この人とは別の存在です。	이 사람과 딴 존재。
0x5B132A	19	FE	1	どうやってその難問をクリアしたのか	어떻게 그 난문을 해결했는지
0x5B145F	19	FE	1	あれって、人間の記憶を持った	그거、인간의 기억을 가진
0x5B153B	19	FB	1	さっきここで話し声がしてたんだが。	여기 말소리 났는데。
0x5B19C0	19	FE	1	どうしてそんな余計なことするのよ！	어째서 그런 쓸데없는 짓을 하는 거야！
0x5B1B30	19	FA	1	もう一度お願いしに行こうっと！	다시 부탁하러 가자！
0x5B1C0B	19	FA	1	自信が得られるかもしれませんね。	자신감 얻을지도요。
0x5B1CAB	19	FA	1	オカルトな行為をしてしまうなんて！	오컬트 행위 하다니！
0x5B2426	19	FA	1	知られたからには死んでもらいます！	알았으니 죽어주셔！
0x5B25E1	19	FB	1	体術は先輩にもほめられたことも	체술은 선배도 칭찬
0x5B28E1	19	FE	1	まあ、あたし達は敵も多いからね。	뭐、우리는 적도 많으니까。
0x5B29C4	19	FA	1	まともな人物じゃないと思うんだ。	멀쩡한 인물 아닌듯。
0x5B2CEE	19	FB	1	暗殺とか反乱のデッチあげとか。	암살・반란 조작 등。
0x5B32D3	19	FA	1	一般的な宇宙船じゃないか。	일반적 우주선 아냐。
0x5B33F7	19	FE	1	船内に侵入者２名でやんす！	선내에 침입자 ２명입죠！
0x5B3419	19	FB	1	まさか、さっきの宇宙戦闘中に	설마 아까 우주전투
0x5B3750	19	FE	1	そして、新しい宇宙船ゲット～！	그리고、새 우주선 획득～！
0x5B37FF	19	FB	1	こうなったら、ちょっと本気で・・・	된 이상 진심으로・・・
0x5B3AEA	19	FD	1	君たちを雇うかどうかはそれからだ。	자네들을 고용할지는 그다음이다。
0x5B3D0E	19	FA	1	軌道上から爆撃されています！	궤도상서 폭격당해！
0x5B3D41	19	FB	1	最前線ぎりぎりを爆撃しないと	최전선 코앞 폭격을
0x5B3DF0	19	FE	1	ああ、生きて捕まえればなお良し。	아아、산 채로 잡으면 더 좋고。
0x5B4617	19	FE	1	・・・おっと、やっと衛星回線で	
0x5B4907	19	FA	1	ゲリラの活動を一気におとなしく	게릴라 활동 단숨에
0x5B4A30	19	FB	1	とある人の依頼で君を助けた。	어떤 의뢰로 도왔다。
0x5B4A9E	19	FD	1	それに、君は１２ケ所撃たれてる。	게다가、자네는 １２군데 총을 맞았다。
0x5B4B8A	19	FB	1	そこでケガを直して、気が向いたら	거기서 상처 고치고
0x5B5192	19	F809	1	が星系内に侵入してきました。	가 성계에 침입했다。
0x5B556D	19	FA	1	バットで打ち返すつもりでやんすか？	배트로 받아칠 셈？
0x5B55A2	19	FD	1	シミュレーションでは成功している。	시뮬레이션에서는 성공하고 있다。
0x5B56BD	19	FA	1	と思ったら、大間違いでやんす。	라 여기면 큰 오산
0x5B6643	19	FE	1	惑星からわが艦隊へ、まっすぐに	행성에서 우리 함대로、곧장
0x5B6690	19	FE	1	それより、わが艦の損害状況は	그보다、우리 함의 손해 상황은
0x5B6CF8	19	F809	1	、治療系は苦手なんだけどね。	、치료계는 서투른데。
0x5B6F6A	19	FA	1	ワクチンと報酬をもらったでやんす。	백신 보수 받았습죠。
0x5B6FF6	19	F823	1	さい」ドむいワビむいヤデむい芝むい（	
0x5B70BD	19	FC	1	、むいやヂむいぜＯむいＵゴむいＭふめい	
0x5B90CF	19	FC	1	いやあさいシブむいシビむいっヅむいＹあ	
0x5B91FB	19	FC	1	いやあさいシブむいシビむいっヅむいあい	
0x5BAA36	19	FB	1	どこまで行ったんだろう・・・・・・。	어디까지 갔을까・・・。
0x5BAD44	19	FD	1	し、しかし、ムズムズするうううううう！	그、그러나、근질근질해어어어어어！
0x5BBD2A	19	FA	1	オイラも食べられてしまうでやんすよ！	나도 먹혀버립죠！
0x5BCB42	19	FA	1	連絡してあげるから待ってなさい。	연락줄테니 기다려。
0x5BCBCB	19	FD	1	だけど、これぐらいなら大丈夫だ。	하지만、이 정도라면 괜찮다。
0x5BCE63	19	FB	1	勢いで行って、見つからなかったら	그냥 갔다 못찾으면
0x5BCEB4	19	FB	1	じゃあ、オイラも調べてみるでやんす。	그럼 나도 알아봅죠。
0x5BD1E5	19	FE	1	私が表情を変えていない時に、	내가 표정을 바꾸지 않았을 때에、
0x5BD75F	19	FB	1	流行というのものは生き物です！	유행이란 건 생물！
0x5BDAC9	19	FB	1	頑張って、美しくなってください！	힘내서 아름다워져！
0x5BEBC6	19	FD	1	そんなのを見つけてくるなあああああ！	그런 걸 찾아오지 마아아아아아！
0x5BEE76	19	FB	1	どこから、どう見ても人間だろう。	어디로 봐도 인간。
0x5BF583	19	FA	1	探すのは明日の朝からにしよう。	수색은 내일아침부터
0x5BFEC6	19	FB	1	被害状況はどうなっているんだ？	피해상황은 어떤가？
0x5C0465	19	FB	1	これ以上は、もたないかもしれない。	더는 못버틸지도。
0x5C06A5	19	FE	1	早く！早く！私のように美しく！	빨리！빨리！나처럼 아름답게！
0x5C06B9	19	FA	1	そして、素晴らしくなってください。	그리고 훌륭해져요。
0x5C141B	19	FB	1	ですから、こちらを貴方にプレゼント	그러니 이걸 당신께
0x5C193E	19	FB	1	なんで主導権がアンタにあるんだ？	왜 주도권이 너한테？
0x5C1A89	19	FB	1	さっきから何体も倒しているのに、	아까부터 여럿 잡아
0x5C2238	19	FB	1	この基地がどこかわかっているのか！	기지가 어딘지 아나！
0x5C2814	19	FA	1	積荷やペラを奪われたでやんすよ！	짐과 돈 뺏겼습죠！
0x5C3040	19	FB	1	他の奴はイマイチ俺に合わない。	딴 놈은 나랑 안맞아
0x5C3ACC	19	FB	1	包帯だけが残っているでやんすよ！	붕대만 남았습죠！
0x5C3C9A	19	FA	1	もしくは胸筋を見て話したまえ！	아니면 가슴근육 봐！
0x5C49B2	19	FB	1	さすがに初心者が自分の姿に	역시 초보가 제 모습
0x5C505D	19	FB	1	奴ら、後ろから追いかけて来るで	뒤에서 쫓아옵죠
0x5C57D9	19	FB	1	そして、本当に幸せになれるのか？	정말 행복해질까？
0x5C598D	19	FE	1	本当のところはよくわからないけど、	사실은 잘 모르겠지만、
0x5C6093	19	FE	1	貴方はすでにオトコらしい行為を	당신은 이미 사나이다운 행위를
0x5C673E	19	FA	1	連れてきたのは、そういった合図が	데려온 건 그런 신호
0x5C6EFD	19	FB	1	普通、落としたとか言うだろう！	보통 떨궜다 하지！
0x5C78A9	19	FD	1	本にはクリスタルで構成されている	책에는 크리스탈로 구성되어 있다고
0x5C7A7E	19	FB	1	ワクチンが売ってなかったでやんすか？	백신 안팔았습죠？
0x5C7BF4	19	FB	1	さっきから、ずっとオイラ達の周りで	아까부터 우리 주변
0x5C7F8A	19	FA	1	なんとか通り抜ける事ができるさ。	어떻게든 빠져나간다
0x5C81F5	19	FB	1	私に憧れているのは貴方だけでは	날 동경하는 건 당신
0x5C825F	19	FA	1	なんでそんなウソをつくんだ・・・・・。	왜 그런 거짓말・・・。
0x5C83AE	19	FA	1	まだ簡単な試験ばかりなのです。	아직은 쉬운 시험뿐。
0x5C8829	19	FE	1	終わればすぐに戻るつもりだったよ。	끝나면 바로 돌아올 생각이었어。
0x5C889A	19	FA	1	一緒に行こうって決めたんだよ。	같이 가자고 정했다。
0x5C8943	19	FB	1	アンタ達にはあたしの事で傷ついて	너흰 나 때문에 상처
0x5C8DDD	19	FB	1	これでこの箱を開ける事ができるで	이걸로 상자 여는
0x5C90BB	19	FB	1	その場所に行ってみるでやんすよ！	그 장소에 가봅죠！
0x5C92D8	19	FA	1	安く売ってくれるという事なのか？	싸게 팔아준단 거냐？
0x5CA133	19	FE	1	こんなのが襲ってきたらオイラ達は、	이런 게 덮쳐 오면 우리는、
0x5CA147	19	FA	1	あっという間にやられちゃうでやんす！	순식간에 당합죠！
0x5CA86D	19	FA	1	いらないから捨てていったんだろうな。	필요없어 버렸겠지。
0x5CA8B8	19	FA	1	制御されているだけだから、ここには	제어될뿐이라 여기엔
0x5CAFF1	19	FA	1	言われるとちょっと怖いでやんすよ。	그런 말은 무섭죠。
0x5CBC4D	19	FE	1	そして私が光を体から発すれば、	그리고 내가 몸에서 빛을 내면、
0x5CBE99	19	FD	1	しかし、それを面白くないと感じた	하지만、그것을 재미없다고 느낀
0x5CCA1E	19	FD	1	じゃあ、病気はどうやって予防を	그럼、병은 어떻게 예방을
0x5CCB11	19	FD	1	ちょっと、それを見せてもらえますか？	저기、그것을 보여 주시겠습니까？
0x5CD136	19	FD	1	気が済んだら、すぐに戻るんだぞ。	마음이 풀리면、바로 돌아와야 한다。
0x5CD2C2	19	F809	1	に襲われた船の積荷や武器が	습격당한 배 짐 무기
0x5CD308	19	FA	1	それらを回収できるかもしれないんで	그것들 회수할지도
0x5CD39C	19	FA	1	小惑星だっていつ飛んでくるのか	소행성도 언제 날지
0x5CD888	19	FB	1	これって本当においしいでやんすか？	이거 정말 맛있습죠？
0x5CD927	19	FB	1	今まで食べた魚料理の中でも	먹은 생선요리 중에
0x5CD9D4	19	FA	1	だけの価値はある、おいしさですね。	만한 가치 있는 맛。
0x5CDB6F	19	FB	1	このような場所にどうしたのですか？	이런 곳에 웬일이죠？
0x5CDBAC	19	FA	1	宇宙一美しいオトコなんだから。	우주제일 미남이라。
0x5CDFE0	19	FA	1	目を閉じるなんてオトコらしくない！	눈 감다니 남자답나！
0x5CE23C	19	FB	1	これぐらいで手こずっているようじゃ、	이 정도로 애먹으면、
0x5CE54B	19	FA	1	ワクチン自体はあるみたいなんだよ。	백신 자체는 있는듯。
0x5CE5DC	19	FA	1	供給されているって感じだったな。	공급되는 느낌이다。
0x5CE6B8	19	FB	1	でも、その製造している場所が、	근데 제조 장소가、
0x5CE951	19	FE	1	お兄さん達は、あのワームがこちらに	오빠들은、저 웜이 이쪽으로
0x5CF6AF	19	FB	1	街を代表して、お礼を言うよ。	마을 대표로 고맙다
0x5CFCE7	19	FA	1	中から出て来ると言っていたな。	안에서 나온다 했지。
0x5D0357	19	FB	1	この暗闇じゃあ、何も見えない。	이 어둠에선 안보여。
0x5D03FA	19	FB	1	警備ロボットが出てきたでやんす！	경비로봇 나왔습죠！
0x5D0DDB	19	FB	1	あれが人間らしいという事なのか！	저게 인간답다는거！
0x5D0E88	19	FE	1	何やら美しいとか、肉体美とか	무슨 아름답다느니、육체미라느니
0x5D11FD	19	F809	1	はこの星の前代表の子供よ。	는 별 전대표 아이。
0x5D1456	19	FE	1	お兄さん、この街の人じゃないね？	오빠、이 마을 사람이 아니지？
0x5D14E3	19	FA	1	払わないと砂まみれになってしまう。	안털면 모래범벅돼
0x5D1694	19	FA	1	俺も簡単に情報が集まるとは	나도 쉽게 정보 모일
0x5D1C93	19	FD	1	どうなっても知らないぞ・・・・・・。	어떻게 되든 나는 모른다・・・・・・。
0x5D2040	19	FD	1	この姉なのに、よく妹はグレないね。	이런 언니인데、용케 동생은 안 삐뚤어지네。
0x5D233B	19	FA	1	しまったから、こんな風に捨てられて	그래서 이리 버려져
0x5D266F	19	FB	1	逃げる為には壊すしかないだろう！	도망치려면 부숴야！
0x5D2794	19	FA	1	細かい小惑星が多くなるかな。	잔 소행성 많아질까。
0x5D2CBA	19	FB	1	女の子が助けてと言っているのに	여자애가 도와달라며
0x5D322C	19	FB	1	おもしろい事が大好きなんですよ。	재밌는 일 좋아해요。
0x5D33FF	19	FB	1	隠しきれる情報じゃないでしょう。	숨길수 없는 정보죠。
0x5D343B	19	FB	1	自分の船を手に入れたそうね。	네 배를 얻었다며。
0x5D34B0	19	FA	1	それはここで言う話じゃないだろう。	여기서 할 말 아냐。
0x5D382D	19	FE	1	じゃあさ、そんなお兄さんに免じて、	그럼、그런 오빠를 봐서、
0x5D3AA9	19	FA	1	売ってあげるって言っているんだよ。	팔아준다고 하잖아。
0x5D3C4B	19	F809	1	は俺には情報を売らないんだな？	는 내겐 정보 안팜？
0x5D4760	19	FB	1	なのに、なんでそんなに怒っているのか	왜 그렇게 화났는지
0x5D47D6	19	FE	1	でも、その通りの事はあったでしょ？	하지만、그대로인 일은 있었잖아？
0x5D4C41	19	FA	1	極めるとあの大きいクリスタルさえも	극하면 큰 크리스탈
0x5D4C55	19	FA	1	一撃で破壊する事ができます。	일격에 파괴할수있다
0x5D4DDD	19	FB	1	ポイントがもらえる基準がわからん。	포인트 기준 모른다。
0x5D4FF8	19	FB	1	例の人に会いに行くでやんすよ！	그분 만나러 갑죠！
0x5D56DF	19	FB	1	なんで今まで気付かなかったんだ！	왜 여태 몰랐을까！
0x5D5D10	19	FE	1	だから、貴女がそんな顔をしてると	그러니까、당신이 그런 얼굴을 하고 있으면
0x5D6069	19	FB	1	やっぱり何にもないなあ・・・・・・。	역시 아무것도 없다。
0x5D6307	19	FB	1	たぶん、かなりの量になると思うぜ。	아마 꽤 많은 양。
0x5D63BA	19	FB	1	船だけじゃなく、星すらも荒らす。	배뿐 아니라 별까지。
0x5D641C	19	FB	1	そんなのあたしの美学に反するよ。	내 미학에 어긋나。
0x5D646B	19	FA	1	ぶっ潰してやろうと思っていたから。	박살내려 했으니까。
0x5D64D7	19	FA	1	見つける事なんてできないはずだよ。	찾을수 있을리 없어。
0x5D6844	19	FD	1	お前、この子と知り合いなのか？	너、이 아이와 아는 사이냐？
0x5D691A	19	FD	1	それじゃあ、まさかこの星のワクチンが	그럼、설마 이 별의 백신이
0x5D692E	19	FA	1	どこで作られているのかも・・・・・・	어디서 만드는지・・・
0x5D7165	19	FB	1	ゆっくりはできないけど、小惑星を	여유 없지만 소행성
0x5D74F7	19	FB	1	せっかく面白い事に出会えると	모처럼 재밌는 일을
0x5D75FB	19	FB	1	じゃあ、あたしも仲間に加えてよ！	그럼 나도 동료로！
0x5D774D	19	FE	1	というか、もう決定事項だから。	그보다、이미 결정된 사항이니까。
0x5D8353	19	FC	1	いネイふいぱボもいぜあさいフボもいＭあ	
0x5D8677	19	FC	1	いごビもいヂブもい尅さいごビもいゼあ	
0x5D8737	19	FC	1	いがキふいぱボもいふあさいＡブもいゼあ	
0x5D89AF	19	FC	1	いぽべふいぱボもいふあさいワボもい６あ	
0x5D89E7	19	FC	1	いみぼふいぱボもいふあさいっボもい６あ	
0x5D8E16	19	F800	1	さい尅さいっあさいがあさいごあさいせ	
0x5DB89A	19	FD	1	馬車に乗り遅れるかと思った。	마차를 놓치는 줄 알았다。
0x5DC59C	19	FD	1	登録しておけば、思わぬチャンスが	등록해 두면、뜻밖의 기회가
0x5DC746	19	FD	1	さっさと、貿易品を積み込んで	얼른、무역품을 실어서
0x5DC9F1	19	FB	1	普通のシカよりもかなり凶暴な、	사슴보다 꽤 흉폭한、
0x5DD2C7	19	FB	1	周りを見ても、もう立ってるのは、	둘러봐도 서있는 건、
0x5DD369	19	F829	1	正確には、こいつらで最後です。	정확힌 이놈들이 끝。
0x5DD391	19	FE	1	どうやら、ここまで生き残ったのは、	아무래도、여기까지 살아남은 것은、
0x5DDC7D	19	FA	1	買えるとまで言われていたでやんす。	살수있다고 했습죠。
0x5DDE9D	19	FA	1	どこへ行ったか知らないでやんすか？	어디 갔는지 모릅죠？
0x5DE1B8	19	FA	1	１日で宇宙港まで戻ってくる。	１일에 우주항 복귀。
0x5DED0C	19	F809	1	の要人が何人も乗っていてね。	요인이 여럿 탔어。
0x5DF030	19	FA	1	今まで何人もやられてるらしいぜ！	여태 여럿 당했대！
0x5DF536	19	FB	1	あなたと一緒に仕事ができたら、	당신과 같이 일하면、
0x5DF6BA	19	F822	1	パワードスーツに乗っているらしいぜ。	파워슈트를 타고 있다더군。
0x5E0CBA	19	F801	1	これに懲りて、町に来なくなったら	이걸로 질려서、마을에 오지 않게 되면
0x5E1049	19	FA	1	船を操縦しない事に決めたの。	배 조종 안하기로。
0x5E1455	19	FA	1	仕事を引き受けてもらえないか？	일 맡아주지 않겠나？
0x5E1493	19	FB	1	ほら、あそこに張り紙があるだろう？	봐、저기 벽보 있지？
0x5E239C	19	FA	1	知れなんだから、かってな行動は、	니 멋대로 행동은、
0x5E2703	19	FA	1	行くだけだろうし大丈夫だろう。	가기만 하면 괜찮아。
0x5E2CE9	19	FB	1	道場には、先生の頭がないわ。	도장엔 선생 머리가
0x5E2D9E	19	FA	1	シカの数が急速に増えています。	사슴 수 급증중이다。
0x5E3DF8	19	FE	1	はい、これよかったら使ってください。	자、이거 괜찮으시면 쓰세요。
0x5E436C	19	FB	1	こんな時に、一人で外出なんて	이런 때 혼자 외출을
0x5E5392	19	F809	1	さん達と、情報を交換しよう。	씨들과 정보교환하자
0x5E55EA	19	FB	1	一緒に行った町の人が・・・！	같이 간 마을사람・・・
0x5705F8	18	FF	1	一定時間ダメージを受けない	일정시간 피해 무효
0x57060C	18	FF	1	宇宙船の耐久力が上がる	우주선 내구력 상승
0x570B03	18	FC	1	い！１はい」ぇへいた３はいワれへい（	
0x570CB4	18	F828	1	ボうほいＭょへいネァへい（ざへいダあ	
0x5713DE	18	F85D	1	さいみ３はいわュへいＭじへいぃまい	
0x572CB8	18	FC	1	づぇへい澡へい❤ろへいヤぅへいＤあ	
0x573560	18	FC	1	尅さいぱぇへい！１はいエわへいＢあ	
0x5738E4	18	FC	1	尅さいぱぇへい！１はいゲるへいＢあ	
0x573A20	18	FC	1	❤ゃへい２ぅへいＹぁへいＡゃへいＢあ	
0x574010	18	F801	1	尅さいぱぇへい！１はいわぃへい６あ	
0x57546B	18	F822	1	い宇宙に広げるべきものでーす。	
0x575830	17	F822	1	そ、そんなこと急に聞かれても。	그、그런 것을 갑자기 물어봐도。
0x575EF3	18	FA	1	献身であり、すなわち友情だ。	헌신이며 곧 우정。
0x57604D	18	FE	1	仕事のほとんどはスパイ活動で	일의 대부분은 첩보 활동이고
0x576080	18	FE	1	・・・先輩の仇だけは別です！	・・・선배의 원수만은 별개입니다！
0x57670D	14	F822	1	ええ、アレは便利よね～。	응、그건 편리하지이～。
0x57671C	18	FB	1	アタシも良く使うけど、要するに	나도 자주 쓰지만
0x576741	18	FB	1	それをいかにも立派なことみたいに	그걸 대단한 일처럼
0x576754	18	FA	1	言ってるんだから、あきれるわよね。	말하니까 어이없지。
0x5767D2	18	FA	1	新型が出るから、それで頼む。	신형 나오니 그걸로
0x576B8F	18	FA	1	正直に答えてやってるんだから。	솔직히 답해주는데。
0x576C2F	18	FA	1	多かったんで、禁止されたんだ。	많아서 금지됐다。
0x576F12	18	FE	1	タダで装備がもらえてお得だろ？	공짜로 장비를 받으니 이득이지？
0x577734	18	FA	1	私が参加するのに反対する。	내 참가에 반대한다
0x57784B	18	FA	1	ウチの会社で買い取りますよ。	우리 회사서 매입。
0x577B42	18	FA	1	見つけたら、落ち着かなくって。	찾으면 안절부절。
0x577D3C	18	FB	1	この体験をさせてくれたお礼だ、	체험 시켜준 사례、
0x577DF4	18	FE	1	でも、愛ったっていろいろあるだろ？	하지만、사랑이라 해도 여러 가지 있잖아？
0x577F64	18	F809	1	カラ指名手配サレテル船ダ。	서 지명수배된 배。
0x578111	18	FA	1	さび落しの金属製タワシとか。	녹제거 금속수세미。
0x578482	18	FB	1	あの化物は、５年間に渡って	그 괴물은 ５년동안
0x578739	18	FE	1	そういうふうに限定されてしまうと	그런 식으로 한정되어 버리면
0x578C11	18	FE	1	・・・絶対におしえてあげません！	・・・절대로 안 알려줄 거예요！
0x578C61	18	FA	1	教えて差し上げてもよくってよ。	가르쳐드려도 좋아。
0x57923D	18	FD	1	ふむ、こうなったら接近戦だな。	흠、이렇게 되면 접근전이군。
0x57A1C0	18	FB	1	生きていく上で、それは本当に	살면서 그건 정말
0x57A322	18	FB	1	仲間にすることで、それ以外の	동료 삼아 그 외의
0x57A6B7	18	FA	1	あたしにくれるわけじゃないんでしょ？	내게 주는 건 아냐？
0x57AC0D	18	FE	1	やや、連中の落し物でやんす。	이런、놈들이 흘린 물건입죠。
0x57B88A	18	FE	1	卑怯にもこちらの手の届かない	비겁하게도 이쪽 손이 닿지 않는
0x57C430	18	FE	1	それにしても、将来なにになるのか	그건 그렇고、장래에 뭐가 될 것인지
0x57C84D	18	FA	1	ルールブックを読んだでやんすけど。	룰북을 읽었습죠만。
0x57CDE3	18	FD	1	・・・あのあたりで、何か動いた。	・・・저쯤에서、무언가 움직였다。
0x57CE3F	18	FB	1	オレのパワードスーツの探知機に	파워슈트 탐지기에
0x57D187	18	FB	1	言われなくても、ゴハンがまずいから	안해도 밥 맛없으니
0x57D1DA	18	FA	1	箱の隅にパーツがあるじゃないか！	상자 구석에 부품！
0x57E15C	18	FE	1	それに企業の重役ともなれば、	게다가 기업의 중역쯤 되면、
0x57E2AA	18	FB	1	ちょっとこれを聞いてみてください。	이거 좀 들어봐요。
0x57E322	18	FB	1	次の獲物を、声で誘い込む	먹이를 소리로 유인
0x57EA90	18	F809	1	の調査を楽にしてどうするんだ！	조사 쉽게 해 뭐해！
0x57EB23	18	FA	1	積荷の配置を変えたんだよ。	짐 배치를 바꿨다。
0x57EB91	18	FB	1	次から私が戦いに出てみようと	다음부터 내가 나가
0x57EC3B	18	FB	1	あなたが優しいのは知ってるけど、	당신 착한 건 알아、
0x57ED1D	18	FA	1	ブツブツ言ってるんでやんすかねぇ？	중얼거리는 겁죠？
0x57ED71	18	FA	1	ひろったんだけど買ってくれないか？	주웠는데 사줄래？
0x57F167	18	FE	1	この前、部屋に連れて行って	요전에、방에 데려가서
0x57F5C5	18	FE	1	報酬は君の船まで届けよう。	보수는 자네 배까지 보내겠다。
0x57F8E5	18	FA	1	ちょっとしたものを発明しました。	소소한 걸 발명。
0x58056C	18	FE	1	これは個人的な贈り物です。	이건 개인적인 선물입니다。
0x5807BC	18	FA	1	生き方を否定することなんだ。	삶의 방식 부정이야
0x580871	18	FA	1	宇宙に出た意味があったな。	우주 나온 보람있다
0x580ADC	18	FD	1	お前は指名手配のキャプテン	너는 지명수배된 캡틴
0x580DC9	18	FB	1	遠い場合は近づくのを待つ。	멀면 접근 대기。
0x580E7E	18	FA	1	量産品以外は使わないぞ。	양산품 외엔 안써。
0x5813ED	18	FB	1	スピード勝負と参りましょうか。	스피드 승부 갈까。
0x5818FF	18	FB	1	手間がかかって仕方がないわ！	손이 너무 많이 가！
0x581A44	18	FB	1	ちょっと今は忙しいので、これで。	지금 바빠서 이만。
0x581CD0	18	FE	1	なにがお約束だ、ふざけんな！って	뭐가 정해진 수순이냐、장난하냐！고
0x581DB3	18	FA	1	空調の効いた屋内だからな。	냉난방 실내니까。
0x581E0F	18	FA	1	何度か見たことがあるでやんす。	몇번 본 적 있습죠。
0x581EE9	18	FD	1	とにかく、宇宙貿易をするなら	어쨌든、우주 무역을 할 거라면
0x5826C7	18	FB	1	必ず命を救うことになるからな。	목숨 구하게 된다。
0x582799	18	FA	1	武器の射程が変化します。	무기 사거리 변해요
0x582A6A	18	FE	1	これ、なかなか入荷しないんだけど	이거、좀처럼 입고되지 않는데
0x583611	18	F85B	1	・・・ところで、作業の手順を	・・・그런데、작업 순서를
0x583FAD	18	FA	1	踊りながらいっぱいこっちに来た！	춤추며 잔뜩 왔다！
0x584085	18	FA	1	一勢力に過ぎなくなった今、	일개 세력인 지금、
0x584116	18	FA	1	今後の活躍に期待するぞ。	앞으로 기대하겠다。
0x5846CC	18	FB	1	これで最後にしなけりゃいいのよ。	이게 끝이 아니면。
0x584CAD	18	FE	1	こんなチャンスは見逃せないから、	이런 기회는 놓칠 수 없으니까、
0x584CF4	18	FD	1	じゃあ、今は見逃してあげます。	그럼、지금은 봐주겠습니다。
0x584FDC	18	FA	1	生きのびるような人間がいたら、	살아남는 자 있으면
0x5851CE	18	FA	1	敵陣に近づけられるじゃないか。	적진에 다가가잖아
0x58580E	18	FE	1	ワクチンの任務で大変なときに	백신 임무로 바쁠 때에
0x585A0D	18	FB	1	・・・あんたが興味を持ちそうな	・・・네가 관심가질
0x585D4C	18	FE	1	昔の人々は金と同じくらいに	옛사람들은 금과 같은 정도로
0x585E15	18	FA	1	ハイリスクのことを示してはいるが、	고위험을 뜻하지만、
0x585E57	18	FA	1	相当するのか、見当もつかん！	짐작도 안된다！
0x585F8D	18	FB	1	エネルギーの残量は下画面の	에너지 잔량은 하단
0x58600E	18	FA	1	そもそも当たらないと考えてくれ。	애초에 안맞는다
0x58605A	18	FB	1	四角いカーソルが出ているときに	네모 커서 나올 때
0x586A0F	18	FA	1	だんだん仲間が増えていきます。	점점 동료가 는다。
0x586B0B	18	FD	1	ところで、あなたたち失業者は、	그런데、당신들 실업자는、
0x586BF7	18	FA	1	しょっちゅう場所は変えてるよ。	자주 장소 바꿔요。
0x5870B3	18	FE	1	・・・アンタ、手品のタネあかしを	・・・당신、마술의 트릭을 밝히는 건
0x5873C5	18	FB	1	宇宙船まで運んでくれないか。	우주선까지 옮겨줘。
0x58743C	18	FB	1	お前は、自分がカッコ悪いとは	넌 자기가 안멋있단
0x5874C0	18	FB	1	まずはその重そうなスーツを脱げ。	무거운 슈트 벗어。
0x5876A4	18	FB	1	住民がロボットになっちゃったんで	주민이 로봇 돼서
0x587990	18	FA	1	ビンボー人は奴隷みたいだとか。	가난뱅인 노예같다。
0x587A25	18	FB	1	いえいえ、会社に奉仕するのは	회사에 봉사하는 건
0x587BB8	18	FD	1	この間、この船から盗んでいった	요전에、이 배에서 훔쳐 간
0x587C66	18	FD	1	待て、これはゴミパーツじゃないか！	기다려、이건 쓰레기 부품이잖아！
0x588159	18	FA	1	まだこっちの身体に慣れてない。	아직 이 몸 안익숙。
0x588196	18	FA	1	別に放っておいてもいいでやんす。	딱히 놔둬도 됩죠。
0x58831F	18	FA	1	今となっては遠い夢のようです。	이젠 먼 꿈 같아요。
0x58849E	18	FB	1	どうして私はここにいるのでしょう。	왜 난 여기 있을까。
0x588A87	18	FB	1	みんな一緒に謝ってくれよぉ～。	다들 같이 사과해～。
0x588AB0	18	FA	1	一瞬だけだったみたいでやんすね。	한순간뿐이었죠。
0x588FCC	18	FA	1	知って、役割を変えたんです。	알고 역할 바꿨다。
0x5893C5	18	FB	1	君達が買ってくれると助かる。	사주면 도움되겠다。
0x58954E	18	FB	1	オトナの世界は汚いでやんす。）	어른세계 더럽죠。）
0x58957C	18	FA	1	そのあたりの危険を加味しての	그런 위험을 감안한
0x589B4C	18	FA	1	そんなことを信じてるからなのか？！	그런 걸 믿어서？！
0x589EEF	18	F809	1	君の財布を取ったんだろう？）	네 지갑 가져갔지？）
0x58A1E9	18	FE	1	こちらの動きが漏れたのかしら？）	이쪽 움직임이 샌 걸까？）
0x58A34B	18	FA	1	連中の情報が得られません。	놈들 정보 못얻어。
0x58AF1B	18	FE	1	・・・自分の生まれた星でね。	・・・자신이 태어난 별에서 말이야。
0x58AF99	18	FE	1	宇宙に貧しい星が多いのは、	우주에 가난한 별이 많은 것은、
0x58B6BE	18	FB	1	国の象徴たる姫を奪われて、	상징인 공주 뺏겨、
0x58B81F	18	FA	1	なんだけど、取材させてくれない？	인데 취재 될까？
0x58BA06	18	FA	1	現状に関してはどう思うわけ？	현상황 어떻게 봐？
0x58BA35	18	FA	1	最悪の政策だと思っている。	최악 정책이라 봐。
0x58BE30	18	FB	1	これなら宇宙ステーションの方が	이럼 우주정거장이
0x58C05B	18	FA	1	一体なにが大事なんでやんす。	대체 뭐가 중요죠。
0x58C6CD	18	FA	1	ないソデは振れん、ちゅうヤツやな！	없는 돈 못쓴다！
0x58C733	18	FA	1	好みに適合してなかったみたい。	취향에 안맞았나봐。
0x58C97B	18	FA	1	アバウトな命令もらっちゃったな。	대충 명령 받았군。
0x58C9ED	18	FE	1	今のところ、拍子抜けよねぇ。	지금으로선、맥이 빠지네。
0x58CA3F	18	FE	1	また戦うような予感がしたのよ。	또 싸울 것 같은 예감이 들었어。
0x58CAA7	18	FE	1	１人じゃかなわないから３人がかり	혼자서는 당해내지 못하니 셋이서
0x58D3AB	18	FD	1	宇宙には、それこそ星の数ほど	우주에는、그야말로 별의 수만큼
0x58D495	18	FE	1	プププ、青クサくて死ぬでやんす。	푸푸푸、풋내 나서 죽겠습죠。
0x58D678	18	FE	1	むかしむかし、サル達は木の上で	옛날 옛적에、원숭이들은 나무 위에서
0x58D740	18	FA	1	別のサルが地面に降りました。	딴 놈이 내려왔다。
0x58D8EA	18	F815	1	連邦の総督に会いに行く。	연방 총독 만나러。
0x58D9AB	18	FD	1	総督殿は私に売っただけで、	총독님은 나에게 팔았을 뿐이고、
0x58DA6B	18	FA	1	私が責任を問われるだけです。	내 책임만 추궁돼。
0x58DE64	18	FA	1	平和に暮らそうと思うんだが。	평화롭게 살려는데。
0x58DF27	18	FD	1	これほど胸おどる狩りの時間に	이토록 가슴 뛰는 사냥의 시간에
0x58DFAE	18	FB	1	狩り尽くす心配がないからな！	씨 마를 걱정 없어！
0x58E224	18	FE	1	オーイ、あんた降参してくんない？	어어이、당신 항복해 주지 않을래？
0x58E4B7	18	FE	1	実際に男と女で比較して、	실제로 남자와 여자를 비교해서、
0x58E5D1	18	FE	1	本当は、なぜ兵士になったのか	사실은、왜 병사가 되었는지
0x58E6A3	18	FB	1	それに、やめられるわけでもないしな。	그만둘 수도 없고。
0x58E844	18	FA	1	兵士であれば、即座にわかる！	병사면 즉시 안다！
0x58EA8C	18	FB	1	あなたの構造にちょっと興味が	당신 구조에 흥미가
0x58ECDF	18	FB	1	それも非常に高度なものです。	그것도 아주 고도。
0x58F104	18	FA	1	ハエの子供のエサにしてやる～！！	파리새끼 먹이로！！
0x58F455	18	FB	1	あーあ、こりゃしばらく入院かね。	이건 한동안 입원。
0x58F503	18	FA	1	思いっきりお約束な展・・・？	완전 뻔한 전개・・・？
0x58F63D	18	FE	1	お前、どうも危なっかしいからな。	너는、아무래도 위태로우니까 말이다。
0x58F70A	18	FA	1	もう少しまじめに戦ったらどうだ。	좀 진지하게 싸워。
0x58F987	18	FB	1	これならば、なんとか死者はゼロで	이러면 사망자 제로
0x58F9CD	18	F809	1	との戦闘で犠牲になっている。	와 전투로 희생됐다
0x590238	18	FB	1	最後に勝つのは正義なのよ。	이기는 건 정의야。
0x5905BF	18	FA	1	決して安くはなかったんですけど、	결코 싸진 않았다、
0x5905D2	18	FA	1	なにしろ機械の身体でしょう？	어쨌든 기계몸이죠？
0x5905E8	18	FE	1	疲れないし眠らなくてもいいから、	지치지도 않고 자지 않아도 되니까、
0x59060E	18	FA	1	元なんて取り返せるでしょうし。	본전은 되찾겠죠。
0x5907FA	18	FB	1	親父のことを知ってるんですか？	아버지를 아시나요？
0x590A62	18	F805	1	・・・宇宙でキミのそっくりさんを	・・・우주서 판박이를
0x590BC6	18	FA	1	セキュリティは意外に高いです。	보안 의외로 높다。
0x590E1A	18	FA	1	マッドサイエンティストなんですから。	미친 과학자니까요。
0x590F8C	18	FB	1	その分、戦闘では役に立つし	그만큼 전투엔 쓸모
0x591553	18	FA	1	植物だけが異常繁殖して、	식물만 이상번식해、
0x591685	18	FB	1	積荷の処理に困ってるんだ。	짐 처리가 곤란해。
0x591A89	18	FB	1	・・・もう一生分走ったかも。	・・・평생치 달린듯。
0x591CC4	18	FA	1	おせっかい焼きの馬鹿なんだから	오지랖 넓은 바보라
0x591CD7	18	FA	1	せいぜい利用してやればいいのよ。	실컷 이용하면 돼。
0x591FF2	18	FA	1	この船にはそれしかないんだなぁ～。	이 배엔 그것뿐이네
0x5925D5	18	FD	1	ずいぶん動きがスムーズになったわ。	움직임이 꽤 부드러워졌네。
0x592AAF	18	FB	1	あとは適当に爆撃すればよい。	나머진 적당히 폭격
0x592E11	18	FB	1	今日はお前のためにプレゼントを	오늘 널 위해 선물
0x592F6A	18	FB	1	そんなもの、楽しくないじゃないか。	그런 건 재미없어。
0x593017	18	FB	1	ワシがあの子を愛してないとでも？	그 앨 사랑 안해？
0x59306E	18	FD	1	せめて友達でもいればいいのだが。	최소한 친구라도 있으면 좋으련만。
0x593391	18	FE	1	任務中、突然あの化物に	임무 중에、갑자기 그 괴물에게
0x5934F9	18	FB	1	本当に、わたし見たんですから！	정말 제가 봤어요！
0x5937A6	18	FE	1	その高潔な方を救出するのは	그 고결한 분을 구출하는 것은
0x5939D5	18	FB	1	結婚の習慣はありますけどね。	결혼 습관 있어요。
0x593E35	18	FA	1	ちゃんと真似できたんだけどなぁ。	제대로 흉내냈는데。
0x593EC0	18	FB	1	ロンがどうしたとか言ってたような。	론 어쨌다 했던듯。
0x59402D	18	FE	1	それなら写真記憶じゃなくても	그렇다면 사진 기억이 아니어도
0x5943E5	18	FA	1	暴動が起きかねん状況でね。	폭동 날 상황이라。
0x594587	18	F809	1	目当てに入隊した連中よ。	노리고 입대한 놈들
0x59459D	18	FE	1	貧しい植民星の連中とか、	가난한 식민성의 무리라든가、
0x59483F	18	FE	1	・・・でも、なんか気持ちいいね。	・・・하지만、왠지 기분 좋네。
0x594A12	18	FB	1	これは「遊撃戦要綱」・・・	이건「유격전요강」
0x594A70	18	FE	1	他人の部屋で何をしている。	남의 방에서 뭘 하고 있느냐。
0x594C09	18	FE	1	・・・それが居心地いいからだ。	・・・그게 편하기 때문이다。
0x594D7B	18	FA	1	惑星が崩壊してしまったんだ。	행성이 붕괴했다。
0x594DC7	18	F809	1	を無敵にしている超兵器さ。	무적 만드는 초병기
0x594E35	18	FD	1	どんな物理手段もエネルギーも	어떤 물리 수단도 에너지도
0x594E75	18	FA	1	惑星核だって打ち抜かれる。	행성핵도 뚫린다。
0x594EE3	18	FB	1	発射設備が大掛かりなので	발사설비 대규모라
0x595006	18	FA	1	大規模な設備が必要だ。	대규모 설비 필요해
0x595281	18	F809	1	関連の株価は逆に暴落。	관련 주가는 폭락。
0x59540C	18	F809	1	会長が戦場から逃げ出した	회장이 전장서 도망
0x59573A	18	FA	1	５年前に亡くなったんでやんす。	５년전 돌아가셨죠。
0x5957A3	18	FA	1	運行していたのが原因なんだ。	운행한 게 원인。
0x596080	18	FB	1	機械になんてならねえ方がいい。	기계 안됨이 낫다。
0x5960C8	18	FD	1	本当にロボットにしてくれるのか？	정말로 로봇으로 만들어 주는 거냐？
0x596109	18	FB	1	だから、ご想像におまかせするよ。	상상에 맡길게요。
0x596365	18	FA	1	いっちょう派手にやらかしますか。	화려하게 해볼까！
0x5966C2	18	FB	1	短期滞在のお客様ですね。	단기체류 손님이네。
0x59674E	18	FA	1	点在する島にしか住めません。	섬에만 살 수 있다。
0x5968E2	18	FA	1	一生懸命がんばりましょう。）	열심히 힘냅시다。）
0x596D26	18	FA	1	ニンジャどもを皆殺しに行くか！	닌자들 몰살하러！
0x596D93	18	FA	1	そういうお約束には、できるかぎり	그런 뻔한 전개엔
0x596F3C	18	F809	1	のゲリラは重大な危機にある。	게릴라는 중대위기。
0x596F80	18	FA	1	厳重に警戒しているんだろう？	엄중히 경계중이지？
0x597395	18	FB	1	・・・本名を使っていたんだな。	・・・본명을 썼었군。
0x59763A	18	FB	1	バカをだますのにも飽きたところだ。	바보 속이기 질려。
0x5977E8	18	F805	1	・・・勝手に決着をつけるな。	・・・멋대로 끝내지。
0x597C72	18	FB	1	なんか空気が漏れてるでやんす。	왠지 공기 새는듯。
0x598681	18	FA	1	はむかう反逆者を罰してくれる	덤비는 반역자 벌함
0x5987A4	18	FB	1	そんなこと大声で言っちゃ・・・	그걸 큰소리로・・・
0x598A6C	18	FD	1	すっかり暴走しちゃってるけどね。	완전히 폭주해 버렸지만。
0x5993CA	18	FA	1	なめられてるって思ったらしいのよ。	무시당한다 여겼대。
0x59943C	18	FA	1	最後には降服したんだけどね。	결국엔 항복했지만。
0x5996FD	18	FB	1	買ったときには、惑星情報の	샀을 때 행성정보
0x599A98	18	FA	1	シールドで武装してるのでやんす！	실드로 무장했습죠！
0x599E0C	18	FA	1	怒って攻撃して来たのでーす。	화나서 공격해왔죠。
0x599ECF	18	FA	1	野球の神様も言ってまーす。	야구 신도 말해요。
0x59A0A2	18	FA	1	もっと早くできてたんじゃないのか！	더 빨리 됐잖아！
0x59A25B	18	FB	1	おお、すっかりコピーが終わってる。	복사가 다 끝났네。
0x59A3F3	18	FB	1	・・・思わずオレ祈っちまったよ。	・・・무심코 빌었다。
0x59A9AE	18	FB	1	ほほう・・・化粧品のセットか。	・・・화장품 세트군。
0x59ABA1	18	FD	1	じゃあ、軍服じゃなくてドレスか。	그럼、군복이 아니라 드레스인가。
0x59AC67	18	F805	1	・・・連中にとって、ゲリラなどは	・・・놈들에겐 게릴라
0x59AD76	18	FA	1	存在することが・・・憎かった。	존재가・・・미웠다。
0x59ADC4	18	FA	1	なんの責任もなかったというのに！	책임도 없었는데！
0x59AE79	18	FA	1	部屋に閉じこもりっぱなしだな。	방에 틀어박혀있군。
0x59B4DE	18	FB	1	ふむ、御利益があったようだな。	흠、효험 있었나봐。
0x59B7A1	18	FA	1	オレの命などどうということはない。	내 목숨 상관없다。
0x59BC78	18	FA	1	お望みの場所で解放します。	원하는 곳서 석방。
0x59BFD3	18	FB	1	検査には協力をお願いする。	검사에 협조 부탁。
0x59C635	18	FB	1	あのぶざまな巨体の中に隠れて	꼴사나운 거체 속에
0x59CFBF	18	FB	1	積荷のチェックを拒否したら、	짐 검사 거부하면、
0x59D3D4	18	FA	1	全部なくなっちゃったんですよね。	전부 없어져버렸죠。
0x59D3FD	18	FD	1	あなたが、娘さんの価値を倍に	당신이、따님의 가치를 배로
0x59D44D	18	FA	1	時代遅れの発想だとしても、	낡은 발상이라도、
0x59D4BE	18	F809	1	の人間と会うのは、ちょっとね。	인간과 만나긴 좀。
0x59D550	18	FA	1	このあたりは立ち入り禁止だ！	이 부근 출입금지！
0x59D563	18	FB	1	ゲリラが出るから危険なんだぞ。	게릴라 나와 위험。
0x59D816	18	FB	1	休憩時間ハ終ワッテイルゾ。	휴식시간은 끝났다。
0x59DD25	18	F809	1	破壊はやりすぎだという意見が	파괴 과하단 의견이
0x59DE61	18	F809	1	君、キミも同意見のようだな。	군、너도 같은 의견。
0x59DFC7	18	FA	1	言い訳になさるおつもりですか！？	변명하실 셈이오！？
0x59E18C	18	FE	1	まあ、実際に「宇宙のゴミ」に	뭐、실제로 「우주의 쓰레기」가
0x59E210	18	F822	1	う（たとえ心の中で思っていても	
0x59E5D1	18	FE	1	ま、これは単なるイヤガラセですが。	뭐、이건 단순한 괴롭힘입니다만。
0x59EA82	18	FA	1	絶対に長生きできないでしょ？	절대 오래 못 살죠？
0x59EB16	18	FA	1	必死になってやるから、結果が	필사적이라 결과가
0x59EE0E	18	F815	1	どうして軍用サイボーグの腕を？	왜 군용 사이보그？
0x59F010	18	FA	1	みんなサイボーグの腕のプログラムに	사이보그 프로그램
0x59F033	18	FE	1	・・・そんな思いをする女の子は	・・・그런 일을 겪는 여자아이는
0x59F160	18	FB	1	でも、押し売りの偽物でしょ？	근데 강매 가짜죠？
0x59F42A	18	FE	1	あなたに始末してもらうんですよ。	당신에게 처리를 부탁하는 겁니다。
0x59F6AB	18	FB	1	私なら彼女達を殺せるから。	나라면 죽일수있어。
0x59F8A6	18	FA	1	自分を止めてもらうためだけじゃ	날 멈춰달라고만은
0x59F95A	18	F809	1	も、決して一枚板ではない。）	도 한통속은 아냐。）
0x59FB4B	18	FA	1	引き渡すことになってるでやんす。	인도하기로 됐습죠。
0x59FE17	18	FA	1	システム管理を行なうのだろう。	시스템 관리하겠지。
0x5A0265	18	FB	1	地上の熱源を探知すれば、	지상 열원 탐지
0x5A0512	17	F822	1	ハイ、タマゴが２つに増えました。	자、달걀이 ２개로 늘었습니다。
0x5A0699	18	FB	1	片方しか使わない方がいいよ。	한쪽만 쓰는게 나아
0x5A0C54	18	FA	1	立体映像の装置なんだが。	입체영상 장치인데。
0x5A0CE9	18	FB	1	たぶん、ホログラム発生装置に	홀로그램 발생장치
0x5A0D49	18	FA	1	反抗をたくらんでるというウワサは	반항 꾸민다는 소문
0x5A1D2C	18	FB	1	エンジンの調子が悪いのかなぁ？	엔진 상태 나쁜가？
0x5A1DAE	18	FB	1	どうやってこの船に乗り込んだ？	어떻게 배에 탔나？
0x5A1DD3	18	FB	1	ゴミには理解できないんだなぁ～。	쓰레긴 이해 못해～。
0x5A1EC2	18	FA	1	こうやって、移住できる場所を	이렇게 이주할 곳을
0x5A1EFA	18	FD	1	困ったことがあったら言ってくれ。	곤란한 일이 있으면 말해 줘。
0x5A20AC	18	FB	1	こうやって宇宙船に現れては、	우주선에 나타나서、
0x5A212B	18	FB	1	今日はこの辺で帰るんだなぁ～	오늘은 이쯤 간다～
0x5A232E	18	FE	1	あたしらは二重人格じゃなくて	우리는 이중인격이 아니라
0x5A2548	18	FB	1	しかたがないから薬を投与して、	어쩔수없이 투약、
0x5A2799	18	FE	1	彼女、痛みに耐えられないから	그녀는、고통을 견디지 못하니까
0x5A2A98	18	F809	1	に不利な報道は、スポンサーや	불리한 보도 스폰서
0x5A2F0C	18	F808	1	あらゆる苦しみや悩みから解放	고통 고민서 해방
0x5A34C8	18	FE	1	ちゃちゃと修理しちゃいましょう。	후딱 수리해 버립시다。
0x5A361C	18	FE	1	むしろ、１つの明確なコンセプトの	오히려、하나의 명확한 콘셉트의
0x5A3686	18	FA	1	ようなものだ、って言いましたよね？	같은 거라 하셨죠？
0x5A36C1	18	FA	1	とんでもなく速く走れるようにした	엄청 빨리 달리게
0x5A3C98	18	FB	1	華麗にゲーム盤を飛び越えて	화려하게 판을 넘어
0x5A3E0D	18	FE	1	だってさっき部屋に入ったばかり	왜냐면 아까 막 방에 들어왔
0x5A40F5	18	FA	1	脳に完璧に記憶できるんだ。	뇌에 완벽히 기억。
0x5A41F4	18	FE	1	コンピューターチップの回路図は	컴퓨터 칩의 회로도는
0x5A44E7	18	FA	1	狙撃事件を起こすだけだろ？	저격사건 일으킬뿐？
0x5A47FE	18	FE	1	そこの南の斜面を掘ってみろ。	거기 남쪽 비탈을 파 봐라。
0x5A49B1	18	FA	1	きびしく尋問をしているところよ。	엄히 심문하는 중。
0x5A4EEB	18	FA	1	仲間の助けが受けられない！）	동료 도움 못받아！）
0x5A5069	18	FA	1	仲良く暮らすのが理想だろ！	사이좋게 사는 게！
0x5A605B	18	FB	1	・・・謎の宇宙船探しでね。	・・・수상한 우주선。
0x5A61D5	18	FA	1	失業者にお気をつけください。	실업자 조심하세요。
0x5A64CE	18	FA	1	必要になるときがありますからね。	필요할 때 있으니。
0x5A64E1	18	FB	1	汚染事故の後処理とか。	오염사고 뒤처리。
0x5A6690	18	FE	1	あなた方は異星の方ですよね？	당신들은 다른 별 분이시죠？
0x5A680B	18	FA	1	武装集団を形成するんだ。	무장집단 형성한다。
0x5A688D	18	FA	1	雇ってもらえることはあるらしいし、	고용되는 일 있대、
0x5A6938	18	FA	1	必死になって奪いに来るんだ。	필사적으로 뺏으러。
0x5A6D18	18	F809	1	の貿易は、一部の金持ちや	무역은 일부 부자와
0x5A6D2B	18	FA	1	異星人が独占しているカニ！	외계인이 독점하게！
0x5A6D3E	18	FB	1	富がこちらには流れてこないカニ！	부가 여기 안오게！
0x5A6EDD	18	FA	1	お前達に渡すわけにはいかない。	너희에겐 못넘긴다。
0x5A6F18	18	FB	1	こうなったら、実力行使カニ！	힘으로 해결하게！
0x5A72FD	18	FB	1	さっさと降服すればよかったのに。	진작 항복할걸。
0x5A7489	18	FA	1	とんでもない意見もあるぐらいで。	황당한 의견도 있어
0x5A762D	18	FA	1	奪っていくのに抵抗していると。	뺏어가는 데 저항。
0x5A7750	18	FA	1	適応して増えちゃったみたいで。	적응해서 늘어난듯。
0x5A7901	18	FA	1	ワクチンが、この星の宇宙港で	백신이 별 우주항에
0x5A7923	18	FB	1	少なくとも１０トンはあるようです。	최소 １０톤 있는듯。
0x5A7950	18	F809	1	も処理に困ってるみたいですよ。	도 처리 곤란한듯。
0x5A79B8	18	FA	1	今日はゆっくりお休みください。	오늘은 푹 쉬세요。
0x5A7A85	18	FA	1	勉強して、和を乱さないように	공부해 화합 안깨게
0x5A7F49	18	FE	1	今後、このことで追及されても	앞으로、이 일로 추궁당해도
0x5A8101	18	FA	1	仕掛けられているかもしれません。	설치돼있을지도。
0x5A8128	18	FA	1	こちらに振り込まれてくるとかね。	이쪽으로 입금된대。
0x5A844E	18	FD	1	あれ・・・どうして俺の名前を？	어라・・・어째서 내 이름을？
0x5A8776	18	FA	1	気楽に話せませんでしたからね。	편히 얘기 못했죠。
0x5A8832	18	FA	1	個人的プレゼントがよかったな。	개인 선물이 좋아。
0x5A88FF	18	FB	1	その販売イメージのためには私が	판매 이미지 위해선
0x5A89C4	18	FA	1	ちょっと多すぎて、邪魔かなと。	좀 많아 방해될까。
0x5A8D51	18	FA	1	ご子息を探しておられましたが。	아드님 찾으셨는데。
0x5A901A	18	FA	1	と言った方が正しいでやんすね。	라는 게 맞습죠。
0x5A9263	18	FA	1	そうするつもりだったんじゃないのか？	그럴 셈이었잖아？
0x5A92F2	18	FD	1	そういうことを言う奴は多いが、	그런 말을 하는 녀석은 많지만、
0x5A9343	18	FA	1	正当化するための言い訳だ。	정당화하려는 변명。
0x5A94AE	18	FD	1	・・・これが３つ目のデータですか。	・・・이게 세 번째 데이터입니까。
0x5A9A69	18	FD	1	・・・さて、オレはそろそろ行くよ。	・・・자、나는 슬슬 가 볼게。
0x5A9B59	18	FD	1	クソッタレ死んじまえバカ」号？！	빌어먹을 죽어버려 바보」호？！
0x5A9EEB	18	FB	1	最初に一枚ずつ配って・・・	처음 한장씩・・・
0x5AA04D	18	FA	1	役を作るゲームだと、思っていた	족보 짜는 게임인줄
0x5AA18A	18	FA	1	まず全員に１３枚ずつ配って、	전원에 １３장씩、
0x5AA65C	18	FA	1	案内してくれる人は、いないか？	안내해줄 사람은？
0x5AA955	18	FA	1	吹っ飛ばすとは思わなかったよ。	날려버릴줄 몰랐다。
0x5AB14E	18	FA	1	悪党のような気がしてきたぞ。）	악당 같은 기분이。）
0x5AB496	18	FA	1	正義の味方の条件なんだ。	정의의 편 조건。
0x5AB9DE	18	FB	1	その発言から察すると、どうやら	발언으로 보면 아마
0x5ABA06	18	FB	1	秘密保守の点ではともかく、	비밀유지는 몰라도、
0x5ABB1C	18	FB	1	それはまた控えめな形容ですな。	참 겸손한 표현이오
0x5ABB46	18	FA	1	陰謀グループとでも言った方が	음모집단이라 함이
0x5ABB59	18	FA	1	実態に近いのではないですかな？	실태에 가깝잖소？
0x5ABB9E	18	FA	1	我らが連携した所で、そもそも	우리 연계해도 애초
0x5ABDD5	18	F809	1	が結成され、宇宙に平和を	결성돼 우주 평화를
0x5ABF77	18	FA	1	引き受ける形になってしまった。	떠맡는 꼴이 됐다。
0x5AC3B2	18	F809	1	元帥と知っての扱いですかな。	원수인 걸 아나？
0x5AC7D5	18	FA	1	ワガハイだけで、惑星を挙げての	나만으로 행성 전체
0x5AC83A	18	FD	1	もう全部わかってるんでやんすよ。	이미 전부 알고 있습죠。
0x5AC916	18	FB	1	オイラの望みは一つだけでやんす。	내 바람은 하나뿐。
0x5AC944	18	FA	1	参加していたことを、証言して	참가한 걸 증언해
0x5AC99A	18	FA	1	つながりが太くて、攻撃できない	연줄 굵어 공격불가
0x5ACB94	18	FA	1	わが国民の復讐をしてやるぞ！	우리 국민 복수다！
0x5ACCF3	18	FE	1	あ、心配しなくても大丈夫。	아、걱정하지 않아도 괜찮아。
0x5AD0E5	18	FE	1	このオレが化けの皮をはいでやる！	이 내가 정체를 벗겨 주마！
0x5AD1EE	18	FB	1	いざ、尋常に勝負、勝負！	자、정정당당 승부！
0x5AD260	18	FA	1	挑まれたのなら、相手をしよう。	도전이면 상대하마。
0x5AD502	18	FD	1	とりあえず、ここは天国じゃなくて	일단、여기는 천국이 아니라
0x5AD6C6	18	FA	1	そういう話になったんでやんすかね。	그런 얘기 됐습죠。
0x5AD8BA	18	FA	1	男子一生の目的のためには	남자 일생의 목적엔
0x5ADA49	18	FE	1	おそらくは遺伝子ライブラリー。	아마도 유전자 라이브러리。
0x5AE1DA	18	FD	1	あれを突破しないと、官庁まで	저걸 돌파하지 않으면、관청까지
0x5AE2A4	18	FD	1	最近、大物をしとめていない。	요즘、거물을 잡지 못했다。
0x5AE423	18	FD	1	ちょっと待て、無傷じゃないか。	잠깐、상처 하나 없잖아。
0x5AE5F6	18	FA	1	別のエネルギー反応があるんだ。	딴 에너지 반응이。
0x5AE7F6	18	FA	1	ただちに救難信号を発信。	즉각 구조신호 발신
0x5AEE1C	18	FA	1	仲間が回収するのでしょうね。	동료가 회수하겠죠。
0x5AF20B	18	FA	1	お金持ちの人がヒマつぶししたい	부자가 심심풀이로
0x5AF4CA	18	FA	1	ずいぶん印象が違うでやんすね。	꽤 인상이 다릅죠。
0x5AF609	18	FB	1	ロボットの部品の山じゃないか。	로봇 부품 더미네。
0x5AFAC2	18	FB	1	そいつらは「死にたがり」になった。	「죽고파」가 됐다。
0x5AFCFD	18	FA	1	大量生産したのもまずかった。	대량생산도 실수。
0x5AFD68	18	FB	1	こいつらの部品、持って帰って	이놈들 부품 가져가
0x5AFD87	18	FB	1	ここで朽ち果てていくだけってのは	여기서 썩어가기만
0x5AFDF5	18	FE	1	自分自身を破壊するのは、	자기 자신을 파괴하는 것은、
0x5B000E	18	FA	1	変なロボットは、心配しなくても	이상한 로봇은 걱정
0x5B0170	18	FA	1	ワクチンを５０トン集める任務を	백신 ５０톤 모으는
0x5B068C	18	FA	1	自力で稼がないといけませんね。	자력으로 벌어야죠。
0x5B071B	18	FD	1	まあ、ここが生まれ故郷ですから	뭐、여기가 태어난 고향이니까요
0x5B0773	18	FA	1	決め付けてるんじゃないんですか？	단정짓는 거 아냐？
0x5B0893	18	FE	1	オイラたちは商売人でやんすよ？	우리는 장사꾼입죠？
0x5B0907	18	FA	1	オイラたちは貧乏なんでやんすよ！	우린 가난하답죠！
0x5B0BFA	18	FE	1	まさか船の倉庫がカラッポなのに	설마 배의 창고가 텅 비었는데
0x5B0C41	18	FB	1	これが宇宙船を持ってる人の	우주선 가진 사람의
0x5B0F3F	18	FB	1	これが一番いい方法なのです。	이게 최선의 방법。
0x5B120B	18	FA	1	このメモリチップたった一枚分。	메모리칩 딱 한장。
0x5B1314	18	FA	1	人間の精神だけでは無理！	인간 정신만으론！
0x5B160B	18	FB	1	バラバラにしてネジに加工しよう。	조각내 나사 가공。
0x5B17E1	18	FB	1	オレは、まちがいなく元人間だ！	난 분명 원래 인간！
0x5B1C22	18	FE	1	だからこそ、あそこで作業していた	그렇기에、저기서 작업하고 있던
0x5B1CBF	18	FB	1	こんなことは絶対やめさせないと！	이런 건 꼭 막아야！
0x5B1F3E	18	F804	1	冥途の土産に教えてあげても	저승 선물로 알려줌
0x5B2483	18	FB	1	さてはどこかの諜報部員・・・	어딘가 첩보부원・・・
0x5B2914	18	FB	1	賞金稼ぎか何かやってるのか？	현상사냥꾼인가？
0x5B31B6	18	FE	1	あ、ひと間違いだったらゴメンね！	아、사람을 잘못 봤다면 미안해！
0x5B36C5	18	FE	1	あ、借金は引き継がないわよ？	아、빚은 물려받지 않을 거야？
0x5B36DB	18	FE	1	それは遺族に残しておいてあげる	그건 유족에게 남겨 주는
0x5B3C71	18	FD	1	だが、こちらの爆撃が始まれば、	하지만、이쪽 폭격이 시작되면、
0x5B3F37	18	FA	1	武器が売れなくなって困るって	무기 안팔려 곤란
0x5B4128	18	FA	1	この戦闘で大損害を受けて	이 전투로 큰 손해
0x5B45E8	18	FA	1	爆撃をくらって消し飛んだぜ。	폭격 맞아 날아갔다
0x5B462B	18	FA	1	師団司令部とつながったぞ。	사령부와 연결됐다
0x5B4714	18	F809	1	さん、今のお気持ちをひと言。	씨、심경 한마디。
0x5B48F4	18	FD	1	ムウ、あの女さえ捕らえてしまえば	음、저 여자만 붙잡아 버리면
0x5B49C5	18	FD	1	そういうことは、黙ってやらないと。	그런 것은、말없이 해야지。
0x5B4ADA	18	F809	1	を倒したいなら、いくら雪の中で	잡으려면 아무리 눈
0x5B4F3F	18	FA	1	ワクチンのことで降参してくれると	백신 건 항복해주면
0x5B55E3	18	FA	1	どうやってバットで打つんでやんす？	어찌 배트로 칩죠？
0x5B560D	18	FA	1	擬似重力ではじき返すんだ。	의사중력으로 튕김。
0x5B595F	18	FD	1	さて、最後の決着をつけよう。	자、마지막 결착을 짓자。
0x5B5B53	18	F838	1	こちらに攻撃を開始しました！	이쪽으로 공격을 개시했습니다！
0x5B5F4A	18	F809	1	大臣の頼みだから聞いたのだ。	장관 부탁이라서。
0x5B616F	18	FD	1	空で宇宙船が爆発したぞ？	하늘에서 우주선이 폭발했다고？
0x5B61CF	18	FA	1	そろそろこちらに気づいたようです。	슬슬 눈치챈듯해요。
0x5B626C	18	FB	1	隣の味方の船がやられました！	옆 아군 배 당했다！
0x5B62A9	18	FE	1	弾幕を張って近づけさせるな！	탄막을 펼쳐 접근하지 못하게 해라！
0x5B632B	18	FB	1	近衛隊が交戦していますが、	근위대 교전중이나、
0x5B697C	18	FB	1	必要なホログラムの機械なら、	홀로그램 기계라면、
0x5B698F	18	FA	1	街中にあふれかえっているからな。	거리에 넘쳐나니까。
0x5B6C0A	18	FB	1	困ったときこそ、あなたに科学。	곤란할 땐 과학을。
0x5B6C39	18	FE	1	大丈夫、この程度の毒なら	괜찮아、이 정도의 독이라면
0x5B6C4C	18	FA	1	自分が何とか出来ますよー。	제가 어떻게든 해요
0x5B73AE	18	FA	1	さいっザむいみいめい」ズむい２安い	
0x5B843E	18	FC	1	さいＡベむい射むいＱデむいくあさい	
0x5B86CB	18	FC	1	いヂドむいごドむいゲゾむいくあさいァ	
0x5B8B53	18	FC	1	いトバむいっあさいがあさいごあさいせ	
0x5B92F0	18	F800	1	やあさい褪むいしデむいＡヅむいあい	
0x5B9404	18	F800	1	ぱビむい尅さいワドむい誅むいＵあ	
0x5B9494	18	F800	1	やあさいしヂむいボヂむいＡヂむいあい	
0x5B9644	18	F800	1	Ｑだふいえあさいぱドむいシヅむいあい	
0x5B9750	18	F800	1	搭さいＡバむいォゾむいぃあさいＸあ	
0x5B9894	18	F800	1	づドむい尅さい覬むい誅むいＸあ	
0x5BBA33	18	FB	1	ここなら、この小惑星のおかげで	여기면 소행성 덕에
0x5BBA66	18	FB	1	あの海賊船が居なくなるまで、	해적선 갈 때까지、
0x5BC9FB	18	FB	1	そしてオイラ達も退散でやんす！	우리도 물러갑죠！
0x5BD077	18	FB	1	なんとか見付からなかったようだ。	어떻게든 안들킨듯。
0x5BD157	18	FD	1	お、お化けなんかに勝てるわけない	귀、귀신 따위에게 이길 리가 없다
0x5BDA84	18	FB	1	今回は不合格という事で。	이번엔 불합격으로。
0x5BDC91	18	FA	1	こちらに気付いてないみたいだな。	이쪽 눈치 못챈듯。
0x5BE40E	18	FA	1	いつでも気を引き締めないとな。	늘 정신 차려야지。
0x5BEB0A	18	FB	1	今度はどちらに行くでやんすか！	이번엔 어디 갑죠！
0x5BF229	18	FE	1	オイラはまだ囲まれているでんすよ！	나는 아직 포위돼 있습죠！
0x5BF55B	18	FB	1	今から行けば今日の夜には、	지금 가면 오늘밤、
0x5BF63F	18	FB	1	他人に迷惑をかけないでくれ！	남한테 폐끼치지마！
0x5BFDD4	18	FA	1	サンポぐらいしないともったいないよ。	산책이라도 해야지。
0x5C0869	18	FA	1	あの箱の周りにはまだまだいたな。	상자 주변엔 많다。
0x5C0F67	18	FD	1	そんな事より、さっさと逃げよう！	그보다、얼른 도망치자！
0x5C298D	18	FE	1	そんなところに金をつぎ込むなら、	그런 데에 돈을 쏟아부을 거라면、
0x5C32DE	18	FB	1	こいつら隠れていやがったでやんす！	이놈들 숨어있었죠！
0x5C3329	18	FD	1	ここを通る抜けるには、コイツラを	여기를 지나가려면、이놈들을
0x5C33F9	18	FA	1	まったく道を覚えてないでやんす！	전혀 길 못외웠죠！
0x5C3488	18	FB	1	道が二つに別れているでやんす！	길이 둘로 갈립죠！
0x5C3B9F	18	FA	1	古い遺跡だからなんだろうなあ。	오래된 유적이라서。
0x5C4153	18	FA	1	微妙に違うように聞こえたぞ。	미묘하게 다르게。
0x5C4574	18	FB	1	こんなの、ちっともおもしろくないよ！	이런 건 재미없어！
0x5C4A56	18	FA	1	私からのささやかな贈り物です。	제가 드리는 선물。
0x5C4F08	18	FB	1	しかも、数え切れない程の数。	셀수없이 많은 수。
0x5C4F61	18	FA	1	そんな事したら逃げられなくなる！	그러면 못도망쳐！
0x5C5031	18	FA	1	警備してる物って何なんだよ！	경비하는 게 뭐야！
0x5C528B	18	FA	1	ボスも戻ってきてるって事だよね？	보스도 돌아왔단거？
0x5C53B3	18	FA	1	もう、面白い事ができないのか。	재밌는 일 못하나。
0x5C5BC5	18	FB	1	合格です！おめでとうございます！	합격！축하합니다！
0x5C60C3	18	FB	1	だったら３２００ペラでどうでしょう。	그럼 ３２００페라로？
0x5C672B	18	FE	1	それらと同じように、お前が奴を	그것들과 마찬가지로、네가 그놈을
0x5C6B83	18	FE	1	しかし、きっと辿り着くでしょう！	하지만、분명 다다를 것입니다！
0x5C705C	18	FA	1	親分とギャングをやってきたんだ。	두목과 갱 해왔다。
0x5C7D0F	18	FA	1	のに邪魔しちゃ悪いでやんすね。	인데 방해는 미안。
0x5C7D98	18	FB	1	なんかどう猛な声が聞こえたね。	사나운 소리 들려。
0x5C804C	18	FA	1	気付かないかもしれないでやんす。	눈치 못챌지도 몰라
0x5C8374	18	FA	1	試験を受ける事ができません。	시험 볼 수 없어요。
0x5C8666	18	F825	1	君！外が見えて来たでやんす！	군！밖이 보입죠！
0x5C8D8A	18	FB	1	動く物に寄って来たんだろう。	움직임에 왔겠지。
0x5C9033	18	FB	1	この街に来る時に見えたものが	마을 올 때 본 게
0x5C9206	18	FA	1	形に気をつけなければなりません。	형태에 신경써야죠。
0x5C9DB2	18	FB	1	まず、そこから始めようじゃないか。	거기부터 시작하자。
0x5CA170	18	FB	1	突然、こんなのが襲ってきたら、	갑자기 이게 덮치면
0x5CA81D	18	FA	1	野球人形のパーツじゃないか？	야구인형 부품인가？
0x5CB12A	18	F825	1	君が音を出しているんじゃないで	군이 소리 내는 거
0x5CB9AC	18	FE	1	僕は久しぶりにこうやって狩りが	나는 오랜만에 이렇게 사냥을
0x5CBAEF	18	FA	1	反応してもらおうと思ってます。	반응해주길 바라요。
0x5CBF8E	18	FA	1	どこの星でも使われているからな。	어느 별서든 쓰여。
0x5CC407	18	FA	1	叩いていけば簡単に割れます。	두드리면 쉽게 깸。
0x5CC86B	18	FB	1	ずっと笑っているんだよアンタ達！	너희 계속 웃잖아！
0x5CC917	18	FA	1	あきらめてあの人に聞くでやんす！	그분께 물읍죠！
0x5CC92A	18	FB	1	残っているのは、あの人ぐらいしか	남은 건 그분뿐이야
0x5CCE1D	18	FB	1	いつのまにか囲まれているでやんす！	어느새 포위됐습죠！
0x5CCF07	18	FA	1	につけるか、先行してそうなのに。	붙을까、앞서갈듯。
0x5CD2D6	18	FA	1	そこらじゅうに散ばっているんだよ。	여기저기 흩어졌다。
0x5CD36C	18	FD	1	見つけるのは大変だと思うよ。	찾는 것은 힘들 거라고 생각해。
0x5CDF51	18	FD	1	とりあえず、ずっと見詰めていれば	일단、계속 응시하고 있으면
0x5CE422	18	F809	1	が撤退するのとわかっていたから、	철수할 걸 알아서、
0x5CE97E	18	FB	1	自分達は何も傷ついてない。	자기들은 멀쩡하다。
0x5CEDF8	18	FB	1	では場所を教えておきますので、	장소 알려둘테니、
0x5CEEBB	18	FB	1	あんなところに箱があるでやんすよ！	저런 곳에 상자가！
0x5CEF09	18	FA	1	入った瞬間から追ってこない。	들어가면 안쫓아와。
0x5CF0A3	18	FA	1	最後のロボットだっていう事だ！	마지막 로봇이란다！
0x5CF66C	18	FA	1	このワームは街を襲ってたんだね。	웜이 마을 습격했군
0x5CF6C6	18	FE	1	そして、私は貴方を信じるよ。	그리고、나는 당신을 믿을게。
0x5CFBEE	18	FA	1	素手でつかめって言っていたし、	맨손으로 잡으랬고、
0x5CFD1D	18	FB	1	でもとりあえず見逃さないように、	일단 놓치지않게、
0x5CFE05	18	FA	1	近づいてくるでやんすうううううう！	다가옵죠오오오！
0x5D08D6	18	FE	1	私も、もう少し調べてみるから。	나도、조금 더 조사해 볼 테니까。
0x5D0A6A	18	FE	1	この遺跡には他にもいるかな～？	이 유적에는 또 있으려나아～？
0x5D0D00	18	FA	1	を見てウットリしてるでやんすね～。	를 보고 넋나갔죠～。
0x5D0D49	18	FA	1	凄く人間らしい気もするけど。	꽤 인간답기도 해。
0x5D0F87	18	FB	1	俺はそんなの見たくねえええええ！	그런 거 보기싫어！
0x5D13E4	18	FB	1	人が集まりそうな店でやんすよ。	사람 모일 가게죠。
0x5D153E	18	FA	1	どこで作られているか知らないか？	어디서 만드는지？
0x5D18EF	18	F809	1	が、こんな風になったのはある星に	이리 된 건 어떤 별
0x5D1A3D	18	FA	1	普段から感じるようになるのか？	평소에도 느껴지나？
0x5D1D7E	18	FA	1	よりも、ここで待っていて、ちょっと	보다 여기서 기다려
0x5D2388	18	FD	1	この星は滅んだわけじゃないから、	이 별은 멸망한 것이 아니니까、
0x5D2539	18	FA	1	こちらに向かって来たでやんすよ！	이쪽으로 다가옵죠！
0x5D25C4	18	FB	1	オイラ達、狙われているでやんす！	우리 표적됐습죠！
0x5D25F5	18	FD	1	実際に似たような事をしようと	실제로 비슷한 일을 하려고
0x5D26F2	18	F825	1	君、この中を探索しに行くで	군、안 탐색하러 감
0x5D2C25	18	FB	1	外傷がどこにも無いじゃないか！	외상이 전혀 없어！
0x5D303B	18	FA	1	この人数相手では無理だ。	이 인원엔 무리다。
0x5D3359	18	FB	1	いまここは話題の場所だから。	여긴 화제 장소라。
0x5D378B	18	FB	1	街の人に話しを聞いてみたが、	마을서 물어봤는데、
0x5D38F8	18	FA	1	私の事なんて関係ないでしょ？	내 일은 상관없죠？
0x5D3D4A	18	FA	1	生かす事ができる人間になると	살릴수있는 인간이
0x5D44DF	18	FE	1	だから君達しかないと思ったね！	그래서 자네들뿐이라고 생각했지！
0x5D4AC0	18	FA	1	この星限定のポイントらしいぞ。	별 한정 포인트래。
0x5D4B42	18	FA	1	美しいと訳す事ができますから。	아름답다 번역되니。
0x5D4F18	18	FA	1	止めないとこの星が壊れますよ。	안막으면 별 망해요
0x5D51E6	18	FE	1	そんな時、貴方を見たのです。	그런 때에、당신을 본 것입니다。
0x5D51F9	18	FB	1	人間らしいと言った貴方に！	인간답다던 당신께！
0x5D5262	18	FB	1	貴方のような美しい人間に！	당신 같은 미인에！
0x5D52D1	18	FD	1	貴方のありのままを見てもらい、	당신의 있는 그대로를 보여 주고、
0x5D5339	18	FD	1	貴方の全てをお見せするです！	당신의 모든 것을 보여드리는 겁니다！
0x5D57A2	18	FB	1	とりあえず、もう少しで終わるから	일단 곧 끝나니까
0x5D5CB8	18	FA	1	そんな顔してもらったら困るのよ。	그런 얼굴은 곤란。
0x5D5CFA	18	FB	1	貴女のファンは大勢いるのよ。	당신 팬은 많다고。
0x5D624F	18	FA	1	数え切れないぐらいあるんだから。	셀수없을만큼 있어。
0x5D649D	18	FE	1	ここの場所、誰から聞いたの？	여기 장소、누구한테 들었어？
0x5D659A	18	FB	1	手の平で泳がされてるみたいで。	손바닥 위서 노는듯
0x5D6B23	18	FA	1	邪魔なんてできるわけないですよ。	방해 따위 못하죠。
0x5D6CA1	18	FE	1	だったら私達も信用しないと。	그렇다면 우리도 믿어야지。
0x5D6E18	18	F830	1	あこれからも買いに来てくれたら、	앞으로도 사러 와 주면、
0x5D702A	18	FE	1	あたしはおもしろい事が大好きな	나는 재미있는 일을 아주 좋아하는
0x5D7588	18	FA	1	俺はそれをする必要があるんだ。	난 그걸 해야 한다。
0x5D75A6	18	F809	1	の横暴を、もう俺は許す事が	횡포를 더는 못봐줘
0x5D7967	18	FE	1	どこかに行く時は声をかけてね！	어딘가에 갈 때는 말을 걸어 줘！
0x5D7C14	18	F8AD	1	ぱＡもいとベもいぱＮもいりピもいＭあ	
0x5D8592	18	FC	1	さい蹉もいヂブもいぱベもいぜあさい	
0x5DA90B	18	FB	1	ここまで来れば大丈夫だろう。	여기까지면 괜찮다。
0x5DB60B	16	F823	1	「また、オオカミが現れました。	「또 늑대 나타났다。
0x5DBC0D	18	F830	1	「シカが増えすぎて困っています。	「사슴이 너무 늘어 곤란합니다。
0x5DBC37	18	F82F	1	このままでは、森を喰いあらされ、	이대로면、숲이 다 뜯어 먹혀서、
0x5DC427	18	F85A	1	（最新、賞金首の情報を	（최신 현상범 정보
0x5DC62D	18	FB	1	地上に降りることができるのは、	지상에 내리는 건、
0x5DC70D	18	F809	1	の兵士が、うろうろしているような	병사가 서성이는듯
0x5DC720	18	FA	1	宇宙港で、ワクチン探しなんて	우주항서 백신 찾기
0x5DCDB5	18	FA	1	ピンと来るブラザーも多いだろう。	감 오는 형제 많지。
0x5DD189	18	FB	1	仕事ならそこの張り紙を見て	일이면 저 벽보 봐
0x5DD731	18	FA	1	もう一度、行ってみるでやんす！	다시 한번 가봅죠！
0x5DDCC6	18	FB	1	今は、輸出されるようになって、	이젠 수출하게 돼、
0x5DE6AE	18	FD	1	本当に便利になったんだなぁ。	정말로 편리해졌구나。
0x5DEB97	18	FB	1	それが終わったら帰りましょうか。	끝나면 돌아갈까요。
0x5DF93F	18	F822	1	某国のヒットマンだったらしいぜ。	모 국가의 히트맨이었다더군。
0x5DFA0B	18	FB	1	結構記入欄が多いな・・・	기입란 꽤 많네・・・
0x5DFC78	18	FB	1	これで、俺も賞金稼ぎか・・・	나도 사냥꾼인가・・・
0x5DFF56	18	FB	1	どんなオオカミなのかもわからないわ。	어떤 늑대인지도。
0x5E02E0	18	FA	1	お兄様を捕まえて離しませんわ	오라버니 잡고 안놔
0x5E07F0	18	FE	1	さあ、首を持って帰るでやんす！	자、목을 가지고 돌아갑죠！
0x5E0AF8	18	FB	1	今のままだと、家畜が襲われ、	이대론 가축 습격돼
0x5E0FBA	18	FE	1	でも、私と組むと、みんなそろって	하지만、나와 짜면、다들 하나같이
0x5E1240	18	FA	1	あの二人が出て行った後だ。	그 둘이 나간 뒤다。
0x5E17F4	18	FA	1	命を粗末にする生き物だな。	목숨 하찮게 여기는
0x5E2446	18	FD	1	ほら、この木の隙間から見えて	봐、이 나무 틈으로 보여
0x5E2E3A	18	F809	1	の管理下に、あるんでしたよね？	관리하에 있었죠？
0x5E2F06	18	FA	1	ありますが、シカの天敵なんです。	있지만 사슴 천적。
0x5E307C	18	FB	1	シカは群れると襲ってくるんです！	사슴은 떼면 덮쳐！
0x5E311F	18	FA	1	ちょっと動揺してしまった・・・）	좀 동요했다・・・）
0x5E3A33	18	FB	1	何も言わずに受け取ってくれ。	말 없이 받아줘。
0x5E3C9A	18	FB	1	住民の反対を押し切って、	주민반대 무릅쓰고、
0x5E3D91	18	FB	1	私、町で薬屋をしているので、	마을서 약국해서、
0x5E3EB7	18	FA	1	治安はかなり悪くなりましたよ。	치안 꽤 나빠졌다。
0x5E40DE	18	FB	1	今回は、ありがとうございました。	이번엔 감사합니다。
0x5E42A5	18	FE	1	これは、今回の仕事料です。	이건、이번 일의 보수입니다。
0x5E44D3	18	F803	1	見た目、行動、言動全て	외모・행동・언동 다
0x5E5136	18	FA	1	お兄様の名前を出さないで！	형님 이름 대지마！
0x564848	17	FB	1	ドスドエゥ濃７ゥＮゥＹゥ０ゥ峨	
0x5725D0	17	FE	1	っあさいごあさいトぁへいやあさい（	
0x572748	17	FC	1	ごぉへい❤ゃへいォっへい尅さい」	
0x572AE0	17	FE	1	！１はいやぅへいづれへいわぉへいけ	
0x5735F8	17	FC	1	尅さいトわへいボぉへい」をへいさ	
0x574E23	17	FE	1	俺様にささげられるべきものだ。	이 몸에게 바쳐져야 할 것이다。
0x575295	17	FB	1	野球を宇宙に広げることが	야구 우주에 전파
0x575513	17	F822	1	きるってことと同じかもしれない。	는 것과 같을지도 모른다。
0x57597F	17	FE	1	・・・それも仕方ないことだね。	・・・그것도 어쩔 수 없는 일이지。
0x5759BB	17	FE	1	人間にとってハートじゃないか？	인간에게는 마음이 아닐까？
0x575A6E	17	FE	1	だって、怪我したら痛いだろ？	왜냐면、다치면 아프잖아？
0x575B05	17	FA	1	ことが多いのも事実ですけど。	많은 것도 사실。
0x576063	17	FE	1	戦うのはやむをえない場合だけ	싸우는 것은 부득이한 경우뿐
0x5761B7	17	FB	1	そういう定義のあいまいなものを	그런 애매한 정의
0x57625E	17	FE	1	とはいえ、欲望に限りはない。	그렇다고는 해도、욕망에 끝은 없다。
0x5763F2	17	F822	1	班ヒいじゃ、このお金はアタシが	
0x576444	16	F822	1	生まれたときから、私にとって	태어났을 때부터、나에게
0x576455	17	FA	1	空気のように自然なものだ。	공기같이 자연스런
0x57649C	17	FE	1	やはり、空気のようなものだな。	역시、공기 같은 것이군。
0x576602	17	FA	1	まずは実際にやってみることから	실제로 해보기부터
0x57672F	17	FA	1	「固執してる」ってことでしょ？	「고집」이란 거죠？
0x576C05	17	FB	1	歴史の授業で習ったけど、	역사 수업서 배움、
0x576ECE	17	FA	1	うちの会社の製品のテストに	우리 제품 테스트
0x576FA9	17	FA	1	やられた人の持ち物かも・・・	당한 자 물건・・・
0x57730C	17	FB	1	まずは３号規格のネジですね。	３호규격 나사네요。
0x5773C8	16	F822	1	・・・静かな空間だろうな。	・・・조용한 공간이겠지。
0x577AC8	17	FD	1	ひきつけてロケット弾を使うか。	끌어들여서 로켓탄을 쓸까。
0x577DDF	17	FB	1	ないよりはあった方がいいのかな？	없는것보단 낫나？
0x577E1B	17	FA	1	自分のためだけの愛、ってのも	자기만의 사랑도
0x5784AC	17	FB	1	これでワシの昇進まちがいなし！	이걸로 승진 확실！
0x57853F	17	FA	1	「売る」って約束だったな。）	「판다」 약속했지。）
0x578A34	17	FB	1	ただ、人間の行動を決める	인간 행동 정하는
0x578B75	17	FA	1	ワクチンを売ることはできんのう。	백신은 못 판다네。
0x578FD2	17	FD	1	狭い通路で銃で狙われては	좁은 통로에서 총으로 겨냥당해서는
0x57A335	17	FA	1	生き方を教えることもできる。	삶의 방식 가르쳐
0x57A6A5	17	FE	1	だって、そんなのあんたに言っても	왜냐면、그런 걸 당신에게 말해도
0x57A701	17	FE	1	まあ、アンタには逆立ちしたって	뭐、당신에게는 물구나무를 서도
0x57A83E	17	FE	1	ええと、戦いの意味についての	그러니까、싸움의 의미에 대한
0x57A8F8	17	FA	1	確認できるのは楽しいじゃん。	확인되니 즐겁지。
0x57AA76	17	FB	1	緊張の糸が切れたんだろう。	긴장이 풀렸겠지。
0x57BB43	17	FD	1	もうちょっとそっちにどけでやんす！	조금 더 그쪽으로 비키십죠！
0x57BEE2	17	FD	1	オイラ、てっきり中身は男だと	나는、당연히 안은 남자일 거라고
0x57C040	17	FD	1	まだ気づかれていないみたいだけど	아직 들키지 않은 것 같지만
0x57C2E2	17	FA	1	報酬が振り込まれました。）	보수가 입금됐다。）
0x57C41B	17	FA	1	専門的に行なわれるからな。	전문적으로 하니。
0x57CF54	17	FA	1	きざんだらいいか知りたくてねぇ？	뭐라 새길지 궁금？
0x57CFAE	17	FB	1	「墓石にきざむから」というのは	「묘비에 새긴다」
0x57D0CB	17	FB	1	すごく御利益があるんだなぁ～	엄청 효험 있구나～
0x57D30D	17	FA	1	人間様の言うことも聞かず	인간님 말 안듣고
0x57D486	17	FB	1	別の場所とつながっちゃってる	딴 곳과 이어졌다
0x57DBE9	17	FA	1	頭を撃ち抜かれてるでやんす！	머리 관통당했죠！
0x57E366	17	FB	1	なにかに利用できないか、それ？	그거 이용 못하나？
0x57E613	17	FA	1	宇宙宝くじに当たったんだ。	우주복권 당첨。
0x57E952	17	F809	1	のキャンペーンに利用されるとは	캠페인 이용되다니
0x57ECA9	17	FB	1	戦闘中はこっちがサポートね。	전투중 이쪽 지원。
0x57ECCE	17	FA	1	予告なしに切り替わるから、	예고없이 바뀌니、
0x57F026	17	FA	1	一部始終を見たわけだな？	전부 봤단 거지？
0x57F235	17	FD	1	元の味が、だいなしじゃないの。	원래 맛이、엉망이잖아。
0x57F28C	17	FD	1	大人のスキンシップ第２弾！	어른의 스킨십 제２탄！
0x57F412	17	FA	1	ゲリラと女王モグラの攻撃で	게릴라・두더지공격
0x57F43C	17	F825	1	さんたちは無事だったんですね。	씨들은 무사했네。
0x57F481	17	FA	1	食べたら満足して帰ったよ。	먹고 만족해 갔다。
0x57FA7A	17	FE	1	はて、どうして私はこんなものを？	이런、어째서 나는 이런 것을？
0x57FD5D	17	FA	1	どうなってるんだ、このロボットは。	이 로봇 왜 이래。
0x57FFB5	17	FB	1	この充実感、やめられないね！	충실감、못 끊겠네！
0x580033	17	FB	1	・・・野球人形のパーツか。	・・・야구인형 부품。
0x580166	17	FB	1	位置は確認できないのか？！	위치 확인 안돼？！
0x58064D	17	FB	1	ワクチンを５トンお持ちください。	백신 ５톤 가져와。
0x580744	17	FA	1	暮らしていたらダメなの？」とな。	살면 안되냐？」고。
0x5809A9	17	FA	1	大事なものが欠如している！	중요한 게 빠졌다！
0x5809D4	17	FB	1	それに、オレは軍人じゃないぞ。	난 군인이 아니다。
0x580D05	17	FA	1	ゲリラたちも勇気付けられると	게릴라도 힘얻으면
0x58121C	17	FA	1	これは動かせない真実なのだ！	이건 확고한 진실！
0x5817BC	17	FA	1	あたしの大事なおもちゃなんだ。	내 소중한 장난감。
0x5818ED	17	FA	1	早く強くなって欲しいものね。	빨리 강해지길。
0x581D14	17	FD	1	なんていうか、コメントしづらいな。	뭐랄까、논평하기 어렵군。
0x581EFC	17	FA	1	この星は大きな意味がある。	별은 큰 의미가。
0x582353	17	FA	1	この星について聞きたいですか？	별에 대해 듣고파？
0x582B7E	17	FB	1	まずは変化の方向だな・・・	우선 변화 방향・・・
0x583215	17	FD	1	これからは軍人の時代です。	앞으로는 군인의 시대입니다。
0x583713	17	FB	1	検査は形だけのものですから。	검사는 형식일뿐。
0x5840B2	17	FE	1	だれかが守ってくれる平和など	누군가가 지켜 주는 평화 따위
0x5840C4	17	FA	1	正しいものではなかったのだろう。	옳은 게 아니었지。
0x584664	17	FA	1	こんなに時間がかかるんですの！	이리 오래 걸려요！
0x5849E1	17	FB	1	ペナルティーで、お金やアイテムが	페널티로 돈이나
0x584FFF	17	FB	1	そんな伝説が残ってしまえば、	그런 전설 남으면、
0x5850F0	17	FD	1	前は、芸人の奥さんと・・・	전에는、연예인의 부인과・・・
0x585228	17	FA	1	兵隊が考えなきゃいけないのは	병사가 생각할 건
0x58525B	17	FE	1	兵士の本分は殺すことだ。	병사의 본분은 죽이는 것이다。
0x5856D9	17	FE	1	・・・本当はわかってたんです、	・・・사실은 알고 있었습니다、
0x585D02	17	FA	1	ことを人々に伝えているんだ。	걸 사람들에 전해
0x585DA6	17	FD	1	ええと、そもそもギャンブルと金は	그러니까、애초에 도박과 돈은
0x585FFC	17	FA	1	敵の上に出ていない時には、	적 위에 없을 땐、
0x586600	17	F807	1	誰かこんなところに通信機を	누가 이런 곳에 통신기를
0x586733	17	FA	1	通信機のデータを見るなよ。	통신기록 보지마。
0x586AB0	17	FA	1	連れ歩かないようにしましょう！	데리고 다니지 마！
0x586C3D	17	FB	1	将来のことなんて考えていたら	장래 일 생각하면
0x587374	17	F809	1	の牙城が崩れる瞬間だぞ。	아성 무너질 순간。
0x5874AE	17	FE	1	まったく、世話の焼ける・・・	정말이지、손이 많이 가는・・・
0x587AB8	17	FB	1	エアコンの調子が悪いのかな？	에어컨 고장인가？
0x587C44	17	FD	1	こんなにいっぱい返してくれるとは	이렇게나 많이 돌려주다니
0x58883F	17	FD	1	なんだか俺、ドキドキしてきたよ。	왠지 나、두근거리기 시작했어。
0x5888D9	17	F809	1	のわが社の資産を守るんだ。	우리 자산 지킨다。
0x5888F6	17	F809	1	の攻撃が迫っているんだろう？	공격이 임박했지？
0x588A01	17	F809	1	君のことを会社の奴隷だと	널 회사 노예라고
0x588BC8	17	FA	1	気が利かなくて困るでやんす！	눈치없어 곤란！
0x588E42	17	FA	1	名前は、研究所の人が？	이름은 연구소서？
0x5891EF	17	FE	1	前にニンジャに命を狙われてる	전에 닌자에게 목숨을 노려지고 있다는
0x5893B3	17	FB	1	あれは処分に困っておってね。	저건 처분 곤란해。
0x5894FC	17	FB	1	もし、そんなことが表ざたになれば	그런 게 알려지면
0x5896FE	17	FA	1	たまたまその体になってるだけだ。	우연히 그 몸일뿐。
0x589771	17	FD	1	誰もそんなこと言ってないだろ！	아무도 그런 말 안 했잖아！
0x5897A5	17	FE	1	お前は、美女に見える男と	너는、미녀로 보이는 남자와
0x589A74	17	FA	1	いい世界に行けるじゃないか。	좋은 세계 가잖아。
0x589AB8	17	FA	1	生きてる間にかせいだ金額で	살아 번 금액으로
0x589B3A	17	FA	1	一生懸命お金をかせぐのは	열심히 돈 버는 건
0x589C78	17	FA	1	よくもオイラをだましたでやんすね！	잘도 날 속였습죠！
0x589D5E	17	FE	1	じゃ、アンタに１００ペラあげるよ。	그럼、당신에게 １００페라 줄게。
0x589E18	17	FE	1	でもまあ、今回はもうかったから	하지만 뭐、이번엔 벌었으니까
0x589EB2	17	FB	1	オイラのにそっくりだったでやんす！	내 것과 똑같았죠！
0x58A3CF	17	FA	1	宇宙の果てまで追い詰めて	우주 끝까지 몰아
0x58A3EF	17	FE	1	ま、狩りは多少難しい方が	뭐、사냥은 다소 어려운 쪽이
0x58A6E3	17	FA	1	禁止している品物なんだぞ。	금지된 물품이다。
0x58A740	17	FA	1	絶対に細工はしちゃダメよ。	절대 손대면 안돼。
0x58A755	17	FE	1	「運び屋」としての表の顔に	「운반책」으로서의 겉모습에
0x58A7B0	17	FB	1	なんかいいもうけ話、知らない？	좋은 돈벌이 몰라？
0x58B07F	17	F809	1	がどれだけ強いか知ってるのよ。	얼마나 센지 안다。
0x58B0AE	17	FA	1	１つや２つ全滅させたところで、	１２개 전멸시켜도、
0x58B326	17	FB	1	そこの地雷には気をつけてね。	거기 지뢰 조심해。
0x58B617	17	FA	1	姫を差し出させるのでやんす。	공주 내놓게 합죠。
0x58B663	17	FA	1	忠誠を誓っているのでやんす。	충성 맹세했습죠。
0x58BC4A	17	FA	1	シャワールームに入ろうとしたら、	샤워실 들어가다、
0x58BDEB	17	FE	1	蒸気に驚いてすぐに出たから	증기에 놀라 금방 나왔으니까
0x58BF75	17	FA	1	元気にやってるんじゃないかな。	잘 지내고 있겠지。
0x58C513	17	FA	1	人間らしい思考ができるのは	인간다운 사고가
0x58C5C7	17	FA	1	「できる」って答えただけなのか。	「된다」 답했을뿐？
0x58C6AC	17	FA	1	そもそもあらへんねんからムリムリ！	애초에 없으니까！
0x58C703	17	FE	1	なんだか痛々しくなってきたから	어쩐지 안쓰러워졌으니까
0x58C932	17	FE	1	さて、邪魔者は行ったわよ。	자、방해꾼은 갔어。
0x58CBFE	17	FA	1	そのワクチンは没収いたします。	그 백신 몰수한다。
0x58D5D5	17	FE	1	ワクチンの件が終わるまでだが。	백신 건이 끝날 때까지지만。
0x58D70B	17	FB	1	そのサルは地面に降りましたが	그놈은 내려왔지만
0x58D87D	17	FB	1	今はダメでも、いつか必ず・・・	지금 안돼도 꼭・・・
0x58DA34	17	FB	1	私にワクチンを売ってください。	내게 백신 팔아줘。
0x58E03F	17	FA	1	みんな、ちょっと目をつぶってて。	다들 잠깐 눈감아。
0x58E4CA	17	FA	1	この任務だけは女性の方が	임무만은 여성이
0x58E551	17	FB	1	戦場での緊張の連続は、	전장 긴장 연속은、
0x58E63B	17	FA	1	復讐する人生にあこがれた。	복수 인생 동경。
0x58E71D	17	FB	1	それはまだ書きかけなんだってば。	아직 쓰다만 거야。
0x58E73D	17	FB	1	私の名前を使ってはいるが、	내 이름을 쓰지만、
0x58E74F	17	FA	1	全部言った覚えのないことが	말한 기억없는 게
0x58E95E	17	FE	1	・・・なにより、いい声で鳴く。	・・・무엇보다、우는 소리가 좋다。
0x58EB58	17	FE	1	キミ、それがどのくらいとんでもない	자네、그게 얼마나 터무니없는
0x58EB6A	17	FA	1	ことなのか、判ってないでしょう？	건지 모르고 있죠？
0x58EC64	17	FE	1	また、女性の姿をしているのも	또、여성의 모습을 하고 있는 것도
0x58EFD2	17	FB	1	クールでカッコよくて、強くって。	쿨하고 멋지고。
0x58F443	17	FA	1	こりゃ結構ダメージ大きいわ。	피해가 꽤 크네。
0x58FB30	17	FA	1	戦力で脅しにかかってくるさ。	전력으로 협박해。
0x58FB76	17	FA	1	方法を考えた男がいたとか。	방법 낸 남자 있대
0x58FEEA	17	FA	1	回復することが出来ます。）	회복할 수 있다。）
0x5906EF	17	FA	1	この星で機械になってこいと。	별서 기계 되라고。
0x59082B	17	FE	1	オレの方が部下だったけどな。	내 쪽이 부하였지만 말이다。
0x5909C8	17	FB	1	宇宙に飛び出して、あちこち	우주로 나가 곳곳
0x5909EB	17	FB	1	一般のスケールに収まるような	일반 스케일에 든
0x590AD4	17	FA	1	立派な宇宙の男だったぞ！	훌륭한 우주 남자！
0x590CCD	17	FB	1	この毒々しいピンクの液体と	이 독한 핑크 액체
0x590D8B	17	FB	1	パスワード言わせていただきます！	패스워드 말한다！
0x591052	17	FA	1	５００ペラを別に払ってもらう。	５００페라 따로 낸다
0x591399	17	FD	1	燃やすと有毒ガスになったり、	태우면 유독가스가 되거나、
0x591636	17	FA	1	ちょっと難しいかもしれないな。）	좀 어려울지도。）
0x5917BE	17	F830	1	いみ２３８０で買ってくれないか？	２３８０에 사 주지 않겠나？
0x591BF8	17	FA	1	部下３名が出れなくなった。	부하 ３명 못나왔다
0x592019	17	FA	1	内容にまで文句をつけるな！	내용까지 트집마！
0x592056	17	FB	1	ちゃんと、お礼はするんだなぁ～。	사례는 하는거네～
0x59246C	17	FA	1	以外は食べるもんじゃないぞ。	외엔 먹으면 안돼。
0x592658	17	FB	1	その鈍さに、むしろびっくりだわ。	그 둔함에 놀랍다。
0x592685	17	FD	1	道理で、パンチが重いはずだ。	어쩐지、펀치가 무겁더라니。
0x592735	17	FE	1	その重い両腕を支えるには、	그 무거운 두 팔을 지탱하려면、
0x5929C9	17	FA	1	ゲリラによって爆破されました！	게릴라가 폭파！
0x592A75	17	FA	1	どこにあるのかわかっておりません。	어디 있는지 모름。
0x592B6F	17	FA	1	実行してはいけないことに・・・	하면 안될 일・・・
0x592F4B	17	FD	1	絶対に勝てるゲームというのは	절대로 이길 수 있는 게임이라는 것은
0x5930B1	17	F809	1	の姫君にご執心の様子。	공주님께 집착하는
0x593243	17	FA	1	武器を振り回しておけ」と！	무기 휘두르라」고！
0x593301	17	FB	1	現場での感覚をつかむために	현장 감각 잡으려
0x59377D	17	F809	1	の兵器開発を断ったために	무기개발 거절해서
0x59391B	17	FB	1	君達ここで何をしているんだ。	너희 여기서 뭐해。
0x593DAA	17	FA	1	必殺技を真似しようかと。	필살기 흉내낼까。
0x593F5B	17	FE	1	せっかく、その気になってたのに。	모처럼、그럴 마음이 들었는데。
0x593F91	17	FD	1	時間感覚を変化させて、	시간 감각을 변화시켜서、
0x593FCE	17	FB	1	普通の人はできないんですか？	보통 사람은 못해？
0x59400B	17	FA	1	本来ないはずの能力だから。	본래 없는 능력。
0x594174	17	F809	1	会長のお知り合いでしたか。	회장 지인이셨나。
0x5941F9	17	FE	1	君に、少し話があるのだがね。	자네에게、할 이야기가 좀 있네만。
0x594638	17	F809	1	の生まれた星、貧しかったから	태어난 별 가난해
0x5946A0	17	F809	1	は最低の生活だったからね。	는 최저 생활이라。
0x59473F	17	FE	1	バカバカしくてやってられないのよ。	어처구니없어서 못 해 먹겠어。
0x59482A	17	FE	1	ハハハ、あんた無茶を言うね。	하하하、당신 무리한 소리를 하는군。
0x594858	17	FE	1	そういうことを冗談でも言える	그런 것을 농담으로라도 말할 수 있는
0x5949D3	17	FE	1	メルヘンな少女趣味な本を	동화 같은 소녀 취향의 책을
0x594D69	17	F809	1	を惑星核に打ち込まれて、	을 행성핵에 박혀、
0x594DE9	17	FA	1	ブラックホールになりつつある弾を	블랙홀 되는 탄을
0x594ED1	17	FA	1	射程がそんなに長くないのと、	사거리가 안길고、
0x594F61	17	FA	1	防衛手段を発見したぞ。	방어수단 발견。
0x594FB3	17	F809	1	は防衛に成功したと聞く。	는 방어 성공했대。
0x595031	17	FA	1	重力波で完全に守るには	중력파로 지키기엔
0x595259	17	F809	1	関連の株値が、反転して	관련 주가 반전해
0x595963	17	FD	1	まずいな、ワクチンが見つかったら	곤란하군、백신이 발견되면
0x595EA1	17	FA	1	この星では手に入らないかな？	이 별선 못구하나？
0x5964B2	17	FB	1	（戦車がぁ、戦車がぁ～！）	（전차가、전차가～！）
0x596626	17	FE	1	十分気をつけた方がいいな。	충분히 조심하는 편이 좋겠군。
0x59685E	17	FB	1	その点でサイボーグと同じように	점서 사이보그처럼
0x596CFE	17	FA	1	またアンタと連絡を取るから。	또 너와 연락하마。
0x596F09	17	FB	1	だが、追い詰められているのだ。	허나 몰리고 있다。
0x5971CA	17	FE	1	監視システムが破壊された？	감시 시스템이 파괴됐다고？
0x5971FA	17	FB	1	ゲリラがどうやってあんな場所に	게릴라가 저 곳에
0x597340	17	FA	1	あれは手品じゃ無理だよな。	저건 마술론 무리。
0x597352	17	FB	1	それで、ちょっと調べてみたんだ。	그래서 조사했다。
0x5975A6	17	FB	1	どうか仲間になってくれないか？	부디 동료 돼주게？
0x5975BB	17	FD	1	その代わり、一緒にいる間は	그 대신、함께 있는 동안은
0x597813	17	F804	1	みんな、これが最後の戦いだ！	이게 마지막 싸움！
0x597939	17	FA	1	誤解されるといけないからって。	오해받으면 안돼。
0x597983	17	FE	1	そんなところでカッコつけてないで、	그런 데서 폼 잡지 말고、
0x597F58	17	FD	1	死体は売れるんじゃないのか？	시체는 팔리지 않나？
0x5980CB	17	FB	1	こっちはボロイ商売で、しこたま	이쪽은 좋은 장사
0x598281	17	FD	1	そもそも、どうして取材したのが	애초에、어째서 취재한 것이
0x598625	17	FB	1	やっぱり、正義の味方・・・	역시、정의의 편・・・
0x598E28	17	FA	1	取り締まることにしたんだろう。	단속하기로 했지。
0x598F0E	17	FD	1	全力加速で逃げ切るぞ！	전력 가속으로 도망친다！
0x599203	17	FD	1	また仕事をサボったでやんすね！	또 일을 땡땡이쳤습죠！
0x599285	17	FB	1	よりにもよって、あたしの親友に	하필이면 내 절친
0x5993E0	17	FD	1	そこで宇宙港を爆撃して、	거기서 우주항을 폭격해서、
0x5994C7	17	F809	1	用の秘密兵器があの娘。	비밀병기가 그 애。
0x599869	17	FB	1	巨大な質量がどこかに・・・	거대질량 어딘가・・
0x599999	17	F809	1	の首都にして移動要塞。	수도이자 이동요새
0x599E43	17	FD	1	じゃあ、君は泥棒じゃないか！	그럼、자네는 도둑이잖아！
0x599E5E	17	FB	1	でも、すぐに返すつもりだったのに	돌려줄 셈이었는데
0x59A15E	17	FD	1	いまさら自爆コード入れたって	이제 와서 자폭 코드를 넣어도
0x59A1B0	17	F809	1	の人をつれて脱出しましょう！	사람 데리고 탈출！
0x59A438	17	FB	1	ロボットが神様に祈っちゃダメ	로봇 기도는 안돼
0x59A7F9	17	FE	1	これ、いらないからもってってくれ。	이거、필요 없으니 가져가 줘。
0x59AAED	17	FB	1	時々は訓練しておかないと、	가끔 훈련해둬야、
0x59AC7A	17	FA	1	単なる災害の１つににすぎず、	단순 재해 하나뿐、
0x59AEDD	17	FD	1	さあ、一緒に外へ出るんだ。	자、같이 밖으로 나가는 거다。
0x59B85F	17	FB	1	この宇宙から逃げ出す前に	우주서 도망 전에
0x59BDE7	17	FD	1	調査は別にいいが、こちらにも	조사는 상관없지만、이쪽에도
0x59BED9	17	FB	1	緊急で申しわけありませんが、	긴급이라 죄송、
0x59BEFC	17	FB	1	よろしく協力をお願いします。	잘 협력 부탁해요。
0x59C134	17	F809	1	に言われたからやってるだけ・・・	가 시켜서 할뿐・・・
0x59C3DB	17	FA	1	とは、まったく好都合ですね。	란 아주 잘됐네요。
0x59C663	17	FE	1	ククク、さすがは超人類・・・	크크크、과연 초인류・・・
0x59C727	17	FA	1	先に宇宙船へ行ってくれ。	먼저 우주선 가줘。
0x59C7AA	17	FB	1	それならこの星でも使ってるよ。	그럼 이 별도 써。
0x59CB09	17	FD	1	大きな木が前を塞いでるよ。	큰 나무가 앞을 막고 있어。
0x59CDA6	17	FA	1	全部ビルで覆われているんだ。	전부 빌딩뿐이다。
0x59CDEC	17	FE	1	・・・惑星にはもっと自然が	・・・행성에는 더 자연이
0x59CEBB	17	FA	1	酸性雨でめちゃくちゃらしい。	산성비로 엉망。
0x59D02F	17	FA	1	５トンのワクチンを売ってくれる。	５톤 백신 팔아줌。
0x59D041	17	FB	1	１トンあたり２５００ペラだそうだ。	１톤당 ２５００페라。
0x59D0BB	17	FA	1	考えると、売ってくれるだけでも	생각하면 팔아주는
0x59D2FD	17	FA	1	大事な一人娘ですからね。	소중한 외동딸。
0x59D312	17	FE	1	なんとか価値をあげてあげたい。	어떻게든 가치를 올려 주고 싶다。
0x59D410	17	FA	1	考えたいと思う心が愛です。	그 마음이 사랑。
0x59D43B	17	FE	1	ははは、あなた方の言ってるのが	하하하、당신들이 말하는 것이
0x59D985	17	F807	1	かなわぬまでも反抗してやる～！	당해내지 못해도 반항해 주마아～！
0x59DCEC	17	FA	1	死者ゼロですんで良かった。）	사망자 ０라 다행。）
0x59DF86	17	FB	1	・・・今後の反省としよう。	・・・향후 반성으로。
0x59DFF3	17	FA	1	いったい、どういう数字なのだ！	대체 무슨 숫자냐！
0x59E02D	17	FA	1	声に出して数えてみられては？	소리내 세어보죠？
0x59E127	17	FB	1	たった７桁の数字でやんすよ！	겨우 ７자리 숫자！
0x59E41E	17	FA	1	まったく有名になるとつらいな。	유명하면 힘들군。
0x59E44E	17	FE	1	まず、あなた用の特別ゲストを	우선、당신용 특별 게스트를
0x59E4E3	17	FD	1	どうやって遺伝子情報を？	어떻게 유전자 정보를？
0x59E63E	17	FA	1	クローンと戦ってもらいましょう。	클론과 싸워주죠。
0x59EA95	17	FB	1	それがのうのうと生きてるんだから	태평히 살고있으니
0x59EB29	17	FA	1	出やすいってだけのことなのよね。	나오기 쉽다는거。
0x59EB6B	17	FA	1	だけじゃ、どーにもなんないでしょ。	만으론 안되죠。
0x59EEDB	17	FA	1	アタシの手元には残ったのね。	내 손엔 남았네。
0x59F301	17	FA	1	全部使うつもりでいかないと。	전부 쓸 셈으로。
0x59FABB	17	FB	1	なるほど、あなたの発案ですか？	과연、당신 발안？
0x5A04CE	17	FE	1	いまから面白い手品するよ。	지금부터 재미있는 마술을 할게。
0x5A06EF	17	FA	1	両方が本物に見えるけど。	둘 다 진짜같은데。
0x5A0913	17	FD	1	オイラの財布を返せでやんす！	내 지갑을 돌려줍쇼！
0x5A09F2	17	FA	1	同じに書き換えて、そっくりに	똑같이 고쳐써、
0x5A0EC1	17	FB	1	そんなやつはバラバラにしてしまえ！	그런 놈은 조각내！
0x5A1135	17	FA	1	それで距離をかせげるはずです。	그럼 거리 벌겠죠。
0x5A1CB5	17	FA	1	オレたち生き物は、ゴミみたいな	우리 생물 쓰레기
0x5A1D71	17	FE	1	ちょっとエンジンの様子を・・・	잠깐 엔진 상태를・・・
0x5A20F7	17	FE	1	テレポートの超能力があるから	텔레포트 초능력이 있으니까
0x5A23DC	17	FA	1	この身体を動かしているんだ。	이 몸을 움직인다。
0x5A2467	17	FB	1	遺伝子をいろいろいじくって、	유전자 이것저것、
0x5A255B	17	FA	1	おとなしくさせようともしたけれど、	얌전히 해봤지만、
0x5A27EA	17	FD	1	ここで急いで作業をしないと。	여기서 서둘러 작업을 해야 해。
0x5A2AAB	17	FA	1	視聴者から苦情が来る、	시청자 항의 온다、
0x5A2BE6	17	FB	1	・・・で、その結果どうなった？	・・・그래서 결과는？
0x5A2D10	17	FB	1	ひょっとすると、俺はとんでもない	어쩌면 난 엄청난
0x5A2DE7	17	FA	1	３回言っちゃったんだよなぁ～。	３번 말해버렸다～。
0x5A3397	17	FD	1	でも、いまだに機械の身体に	하지만、아직도 기계의 몸에
0x5A33C7	17	FE	1	毎日ツアーでたくさんやってくる	매일 투어로 잔뜩 찾아오는
0x5A34B3	17	FE	1	単純なベアリング割れですね。	단순한 베어링 파손이네요。
0x5A3674	17	FA	1	スポーツカーにクレーンがついている	스포츠카에 크레인
0x5A3870	17	FA	1	あまりないロボット、ってだけだろ。	별로 없는 로봇뿐。
0x5A3A02	17	FA	1	可能性を排除しようとして	가능성 배제하려
0x5A3B77	17	FA	1	どうかあの子のことは、普通の	부디 그 앤 평범한
0x5A3CB6	17	FA	1	ついつい余計な衝動が・・・	그만 괜한 충동・・・
0x5A3D4E	17	FE	1	オイラ、実は逆転の秘策が	나、실은 역전의 비책이
0x5A3EEF	17	FE	1	だって、昨日食べた料理も	왜냐면、어제 먹은 요리도
0x5A4178	17	FE	1	これってすごい能力なんですか？	이거 대단한 능력인 겁니까？
0x5A43DA	17	F809	1	の兵士達は、全員モグラに	병사들 두더지에게
0x5A43EC	17	FA	1	食べられちゃったみたいでやんす！	먹혀버린듯합죠！
0x5A45DE	17	FB	1	その女は卑劣なテロリストだ。	그 여잔 테러범
0x5A479C	17	FB	1	君達には戦う理由がある。	너흰 싸울 이유가。
0x5A49CD	17	FA	1	痛覚を持って生まれたことを	통각 갖고 태어난
0x5A4FDA	17	FD	1	そうか、群集に踏み潰されて	그런가、군중에게 짓밟혀서
0x5A55A8	17	FD	1	まあ、どこに行ったかわからないし	뭐、어디로 갔는지 모르겠고
0x5A55FB	17	FB	1	さ、３０人がかりで撃ちまくって	３０명이 쏴대도
0x5A560D	17	FA	1	かすり傷ひとつつけられないだと？	찰과상 하나 못내？
0x5A5CDB	17	FA	1	アタシも全力で協力するわ！	나도 전력 협력해！
0x5A5D01	17	FA	1	君は役に立たないじゃないか。	넌 쓸모없잖아。
0x5A5F4D	17	FD	1	ああ、誘爆が発生してます！	아아、유폭이 발생하고 있습니다！
0x5A6263	17	FA	1	武器が買えるぐらいのお金は	무기 살 정도 돈은
0x5A64A4	17	FA	1	なにかと都合がよろしいのです。	여러모로 편해요。
0x5A659E	17	FA	1	所属する会社が決定し、	소속 회사 결정、
0x5A6665	17	FE	1	ですから、資産家でない限り	그러니까、자산가가 아닌 한
0x5A67F9	17	FE	1	そういう連中が、ヤケをおこして	그런 무리가、자포자기해서
0x5A68A0	17	FB	1	企業同士のいざこざのときに	기업간 분쟁 때에
0x5A6AB5	17	FB	1	兵器の仕様が決まっていて	병기 사양 정해져
0x5A6B16	17	FB	1	たっぷり資金援助してくれて	듬뿍 자금지원해줘
0x5A6E29	17	FA	1	島を全部吹っ飛ばすカニ！	섬 전부 날리게！
0x5A7356	17	FB	1	それ以来、宇宙の各地で	그후 우주 각지서
0x5A73B5	17	FA	1	出ることさえ禁じられています。	나가는 것도 금지。
0x5A7701	17	F809	1	の地上制圧に手を焼いた	지상제압에 애먹은
0x5A787B	17	FA	1	緑の豊かな星だったんですよ。	녹음 풍부한 별。
0x5A7936	17	FB	1	でも、この星じゃ需要がなくて	이 별선 수요 없어
0x5A7C29	17	FB	1	ところで・・・おもしろい映像が	근데・・・재밌는 게
0x5A7CD5	17	FE	1	とてもショッキングな映像なので	매우 충격적인 영상이라서
0x5A7FB8	17	FA	1	ということになって、私もあなたも	그럼 나도 당신도
0x5A7FCA	17	FA	1	あらゆる方面から叩かれます。	온갖 데서 맞는다。
0x5A8148	17	FA	1	私が管理させていただきます。	제가 관리하겠다。
0x5A856B	17	FA	1	あなたと知り合いになりました。	당신과 알게 됐다。
0x5A85F5	17	FA	1	口止め料とお考えください、	입막음료로 봐、
0x5A8764	17	FB	1	あそこだと警護の人が多くて	저긴 경호 많아서
0x5A8D8B	17	FB	1	こうなったら、オイラ自らの手で	이러면 내 손으로
0x5A90E1	17	FB	1	・・・でも、こうなってしまっては、	・・・이리 됐으니、
0x5A9104	17	FB	1	アンタは、自分が何をしたのか	당신 뭘 했는지
0x5A92B6	17	FA	1	少しぐらいの犠牲が出るのは	조금쯤 희생 나옴
0x5A9573	17	FE	1	この星の昔の指導者たちが	이 별의 옛 지도자들이
0x5A966A	17	FB	1	こんなものに実用性などない！	이건 실용성 없다！
0x5A9895	17	FB	1	全軍、宇宙船に撤退！	전군、우주선 철수！
0x5A9948	17	FB	1	すまない、素直になれないんだ。	미안、솔직 못해서。
0x5A9C0C	17	FB	1	わたしにもプレゼントありませんか？	제겐 선물 없나요？
0x5A9EB5	17	FA	1	ポーカーのルールも知らないのか。	포커 룰도 모르나。
0x5AA1A0	17	FD	1	５枚２セットと３枚に分けて、	５장 ２세트와 ３장으로 나눠서、
0x5AA287	17	FA	1	たかがゲームで気の短い男だ。	게임에 성급한 놈。
0x5AA3C5	17	FE	1	それに、私は全員のポーカーの	게다가、나는 전원의 포커
0x5AA470	17	FA	1	オレの知ってるルールと違うから	아는 룰과 달라서
0x5AA553	17	FB	1	とっとと次の手を配りやがれ！	얼른 다음패 돌려！
0x5AA7F4	17	FB	1	・・・安全は保障しないぜ。	・・・안전보장 못해。
0x5AADDA	17	FD	1	まさか、勝手に帰ったのか？！	설마、멋대로 돌아간 거냐？！
0x5AAFD8	17	FE	1	でも、これは人助けのため・・・	하지만、이건 사람을 돕기 위해서・・・
0x5AC195	17	FB	1	秘密は守っていただきたいが、	비밀은 지켜주길、
0x5AC6D5	17	F809	1	の惑星中心に発生したら	행성 중심 생기면
0x5ACA4E	17	FB	1	無敵弾の発射命令を。	무적탄 발사명령。
0x5ACD5B	17	FA	1	生物兵器じゃ殺せないよ。	생물병기론 안돼。
0x5ACEEE	17	FA	1	天才パイロットと呼ばれたのに	천재 파일럿인데
0x5ACF3A	17	F809	1	のトップスコアは102機。	의 최고 102기。
0x5AD03B	17	F809	1	宙域でわが軍を悩ませている	역서 아군 괴롭힌
0x5AD658	17	FA	1	まったく男子の鑑（かがみ）！	정말 남자의 귀감！
0x5AD6B4	17	F809	1	の船とは何度も戦ってるから	배와 여러번 싸워
0x5AD6ED	17	FE	1	すると、お前たちはこれまで敵を	그러면、너희는 지금까지 적을
0x5AD727	17	F809	1	って、毎回いっぱい出てくるで	매번 잔뜩 나오는
0x5AD86B	17	FD	1	でも、ついさっきまで味方だった	하지만、바로 조금 전까지 아군이었던
0x5ADAE1	17	FA	1	道路を封鎖してるでやんす。	도로 봉쇄중입죠。
0x5ADE5F	17	FA	1	３つ目のデータもいただかないと。	３번째도 받아야
0x5ADEAE	17	FA	1	見てみればわかったはずですがね。	봤으면 알았을걸。
0x5ADF67	17	FD	1	まあ、いずれにしても兵器として	뭐、어쨌든 병기로서
0x5AEA43	17	FB	1	高速シャトルを用意なさい。	고속셔틀 준비。
0x5AF0A1	17	FE	1	もっと面白そうな投資先が	더 재미있어 보이는 투자처가
0x5AF0F1	17	FE	1	あなたなら、私に富をもたらして	당신이라면、나에게 부를 가져다
0x5AF1A4	17	FE	1	だって、あなたにお金を渡したら	왜냐면、당신에게 돈을 건네면
0x5AF3E3	17	FB	1	・・・管理がずさんなんだよな。	・・・관리 허술하군。
0x5AF672	17	FD	1	でも、どうして自殺なんか・・・	하지만、어째서 자살 따위・・・
0x5AF949	17	FD	1	だから・・・ゼロゼロイチイチ・・・	그러니까・・・제로제로이치이치・・・
0x5AFA19	17	FA	1	物理的に破壊したんです。	물리적으로 부쉈다
0x5AFA3C	17	FB	1	ロボットの自我崩壊病さ。	로봇 자아붕괴병。
0x5AFBAC	17	FA	1	それ自体受け入れられない。	그 자체를 못받아。
0x5AFC09	17	FD	1	・・・そもそも全部試したさ。	・・・애초에 전부 시험해 봤지。
0x5AFC4F	17	FB	1	ロボット哲学の終着点は、	로봇철학 종착점、
0x5AFF8D	17	FB	1	・・・それに、やりたいこともある。	・・・하고픈 것도。
0x5B02C5	17	F809	1	との外交関係が悪化して	외교관계 악화돼서
0x5B072E	17	FA	1	見捨てるわけにもいきませんが。	버릴수도 없다。
0x5B08F5	17	FA	1	この宇宙船を買ったおかげで	이 우주선 산 덕에
0x5B0EDA	17	FB	1	脳を手術で移植するんじゃ	뇌를 수술 이식은
0x5B1234	17	FA	1	記録できるか怪しいものです！	기록될지도 의심！
0x5B133E	17	FA	1	とても興味があるところですね！	아주 흥미로운 데！
0x5B1473	17	FA	1	ロボットなんじゃないんでやんすか？	로봇이 아닙죠？
0x5B176A	17	FB	1	その人とは別の存在なんだ！	사람과 딴 존재다！
0x5B1924	17	FA	1	特別に「支柱」にしてやる。	「지주」로 해주마。
0x5B1ADE	17	FA	1	犠牲者が減ればいいんだが。	희생자 줄었으면。
0x5B1DB6	17	FD	1	あんたでちょうど１００人目よ！	당신으로 딱 １００번째야！
0x5B1EC0	17	FA	1	確かに当たったはずの攻撃が	분명 맞은 공격이
0x5B1F01	17	FD	1	あんた、自分の方が強いって	당신、자기 쪽이 강하다고
0x5B20B0	17	FB	1	そういう段取りだったんでしょ？	그런 계획이었죠？
0x5B2140	17	FD	1	どうせなら団体で来てくれると	이왕이면 단체로 와 주면
0x5B2254	17	FA	1	うかがっているみたいに見えるな。	엿보고 있는듯。
0x5B25FB	17	FE	1	・・・えーと、何回かあります！	・・・그러니까、몇 번 있습니다！
0x5B267E	17	F809	1	っていう、滅茶苦茶に強い	라는、엄청 강한
0x5B26DE	17	FD	1	それで、家に帰る道はわかる？	그래서、집에 가는 길은 알아？
0x5B26F3	17	FD	1	そろそろ帰らないと、家の人が	슬슬 돌아가지 않으면、집사람이
0x5B273A	17	FE	1	しかも、ニンジャなんです、わたし。	게다가、닌자입니다、저。
0x5B2A84	17	FA	1	ワクチンを運ぶとしたらいくらだ？	백신 운반 얼마냐？
0x5B2CDC	17	FE	1	ねえねえ、それって汚い仕事？	있잖아、그거 더러운 일이야？
0x5B31CC	17	FE	1	まあ、とにかく死んでもらうから。	뭐、어쨌든 죽어 줘야겠으니까。
0x5B3666	17	FB	1	あたし達のお気に入りだから、	우리 맘에 드니까、
0x5B3972	17	F804	1	でさあ、モノは相談だけど・・・	근데 상의인데・・・
0x5B3984	17	FB	1	あたしらも仲間にしてくんない？	우리도 동료 껴줘？
0x5B3B76	17	FA	1	それでいいと思ってるでやんすか！	그걸로 됐다 봅죠！
0x5B3EC0	17	FE	1	彼女を失うことは、この星の	그녀를 잃는 것은、이 별의
0x5B3ED2	17	FA	1	未来にとってよくない影響を	미래에 나쁜 영향
0x5B40DC	17	FA	1	確かですが、戦場へ行くのは	확실하나 전장 감
0x5B41E3	17	FA	1	なにを・・・期待してんねんな？	뭘・・・기대하냐？
0x5B4313	17	F805	1	わりぃな、グレネード貸してくれ。	미안、폭탄 빌려줘。
0x5B436E	17	F805	1	敵を道連れに・・・するから。	적 길동무로・・・
0x5B4790	17	FB	1	簡単な任務のわけないだろ！	쉬운 임무 아니다！
0x5B491B	17	FA	1	させることが出来たというのに。	하게 할수있었다。
0x5B4C38	17	F809	1	から報酬を受け取りました）	에게 보수 받음）
0x5B4E09	17	FA	1	出動してくれたのはありがたい。	출동해줘 고맙다。
0x5B4E42	17	F809	1	が艦隊だけで攻撃していたら	함대만 공격했으면
0x5B539C	17	FB	1	エネルギーチャージ開始します！	에너지 충전 개시！
0x5B53C3	17	F809	1	に逆らう連中も終わりだな。	거스르는 놈들 끝。
0x5B5516	17	FB	1	巨大な野球人形だと！？	거대 야구인형？！
0x5B5750	17	FB	1	いったいどういうつもりでやんす！？	대체 무슨 셈이죠？
0x5B59FE	17	F809	1	の軍艦が突入していきます！	군함이 돌입한다！
0x5B5A32	17	FA	1	攻撃計画Ａを発動せよ。	공격계획Ａ 발동。
0x5B5CF5	17	FA	1	前からわかってることじゃないか！	전부터 알던 거！
0x5B6224	17	FE	1	わが第５艦隊は１時間だけ	우리 제５함대는 １시간만
0x5B62EA	17	FA	1	王宮に到着しないのですか？	왕궁 도착 안하나？
0x5B6319	17	FA	1	改造生物をばらまきました。	개조생물 뿌렸다。
0x5B66F8	17	F82E	1	交戦信号を出しています！	교전 신호를 내고 있습니다！
0x5B696A	17	FA	1	立体映像でデッチあげるぞ。	입체영상 조작。
0x5B6B9C	17	FB	1	あとのことは、長老たちが・・・	나머진 장로들・・・
0x5B6BD4	17	F803	1	おい、誰かなんとかできないのか！	누구 어떻게 못해！
0x5B6F20	17	FA	1	利用され続けるのか・・・。）	계속 이용당하나・・
0x5B739C	17	FA	1	りＮむいヂ１むいふぐめいぽプむい（	
0x5B8881	17	FC	1	あさいえあさいＡダむいっデむいあい	
0x5B88F9	17	FC	1	あさいえあさいＡダむいっデむいＶあ	
0x5B8B8C	17	FC	1	尅さいっあさいがあさいごあさいせ	
0x5B8C63	17	FC	1	いヂドむいごドむいゲゾむいボダむい	
0x5B8F29	17	FC	1	あさいえあさいくあさいしジむいＵあ	
0x5B9668	17	F800	1	わデむいＡブむい！ょふいえあさい❤	
0x5BC00B	17	FB	1	何にも入ってなかったでやんす。	아무것도 없었죠。
0x5BC162	17	FD	1	アステロイドベルトのデバッグだよ！	소행성대의 디버그야！
0x5BCB30	17	FE	1	何か面白そうな話があったら	뭔가 재미있어 보이는 이야기가 있으면
0x5BD7DB	15	F851	1	リンイベント六回目勝ち	링 이벤트 여섯 번째 승리
0x5BD981	17	FB	1	ここを通る時は注意しよう。	여기 지날땐 조심。
0x5BDA72	17	FB	1	これじゃあ、オトコらしくないです。	이건 남자답잖아。
0x5BDF0C	17	FB	1	違う場所を殴ってしまった！	딴 곳을 때렸다！
0x5BE064	17	FB	1	もう、自分の姿なんか見たく	이젠 내 모습 싫어
0x5BEEDD	17	FA	1	の船から落ちてきたでやんすよ！	배에서 떨어졌죠！
0x5BF060	17	FB	1	オイラ達に気付いたでやんす！	우릴 눈치챘습죠！
0x5C048C	17	FB	1	限界だと思っているところは、	한계라 여기는 건、
0x5C04C0	17	FA	1	きっと何かが生まれるでやんす！	분명 뭔가 나옵죠！
0x5C0B2A	17	FA	1	俺とお前で見ようじゃないか。	나와 너로 보자。
0x5C1509	17	FB	1	まあ、強い仲間は居る事に	강한 동료 있는게
0x5C3112	17	FB	1	これをクリアできるとは思いません	이걸 클리어 못할
0x5C333C	17	FA	1	倒さないと進めないみたいだな！	안잡으면 못가네！
0x5C3425	17	FA	1	やられるのは時間の問題だ！	당함은 시간문제！
0x5C4108	17	FA	1	どれだけ見ても飽きないものだ。	봐도봐도 안질려。
0x5C4858	17	FB	1	敵艦隊が引いていくっすよ！	적함대가 물러가！
0x5C5263	17	FD	1	ここの本体が戻ったみたいだ。	여기 본체가 돌아온 모양이다。
0x5C5446	17	FB	1	オイラの周りからサソリが引いた	주변 전갈 빠졌다
0x5C545E	17	FB	1	逃げるなら今しかないでやんす！	도망갈거면 지금！
0x5C57C7	17	FB	1	戦いの後には何が残るのか？	싸움 뒤 뭐 남나？
0x5C57F0	17	FE	1	本当に興味深い事だよ。	정말로 흥미로운 일이야。
0x5C58A7	17	FE	1	だからオイラは逃げるでやんすよ！	그러니 나는 도망칩죠！
0x5C5DAE	17	FA	1	俺はこいつらに襲われたんだぞ。	난 이놈들에 당해
0x5C5F5C	17	FB	1	私より美しくなりたいと願う、	나보다 아름답길、
0x5C63C7	17	FB	1	むしろ、そこらへんの人間よりも	오히려 보통 인간
0x5C64EC	17	FA	1	おもしろい事が絶えないねえ～。	재밌는 일 안끊겨～
0x5C652E	17	FA	1	突然襲われるとかありえない。	갑자기 습격이라니
0x5C65C5	17	FD	1	まあ、今日は休んで後日、	뭐、오늘은 쉬고 나중에、
0x5C66B7	17	FB	1	奴を連れて来たという事は、	놈을 데려왔단 건、
0x5C6860	17	F809	1	にちゃんとした情報を渡さない	정보를 안주는
0x5C6872	17	FA	1	のは、アイツが心配だからだろ？	건 저놈 걱정돼서？
0x5C689D	17	FA	1	知っているから教えないんだろ？	알면서 안알려줘？
0x5C69B7	17	FB	1	じゃあ、ありがたくもらっておくよ。	그럼 고맙게 받지。
0x5C6C92	17	FB	1	このままずっと続いていけばいいと	이대로 쭉 갔으면
0x5C7182	17	FB	1	こいつらはあたしの為を思って、	이놈들 날 위해서、
0x5C7338	17	FE	1	まあ、そのうち嫌でも知るように	뭐、머지않아 싫어도 알게
0x5C7379	17	F829	1	自分の好きな人は自分と	좋아하는 사람은
0x5C7CE1	17	FB	1	鳥か何かが鳴いているんだろ。	새라도 울겠지。
0x5C7D22	17	FB	1	仕方がないから帰るでやんす。	할수없이 돌아감。
0x5C8431	17	FA	1	いいオトコの空きがないのですよ。	좋은남자 자리가。
0x5C883D	17	FB	1	あたしはこの星をこんな風にした	난 이 별을 이렇게
0x5C8B13	17	FA	1	突撃インタビューでやんす！とか	돌격인터뷰입죠！
0x5C8D4F	17	FB	1	いつの間にかオイラの周りからは	어느새 내 주변엔
0x5C917C	17	FE	1	例えばクリスタルで一日中、	예를 들어 크리스탈로 하루 종일、
0x5C918E	17	FA	1	自分の姿を眺める行為。	제 모습을 보기。
0x5C91F4	17	FE	1	しかし、これは美術品なので、	하지만、이건 미술품이라서、
0x5C9265	17	FA	1	していないので現在０なのです。	안해서 현재 ０。
0x5C97F8	17	FB	1	疲れたから、さっさと寝たいよ。	피곤해 얼른 자자。
0x5CA3E9	17	FE	1	何かおもしろい事があるかなっ！	뭔가 재미있는 일이 있으려나！
0x5CA593	17	FA	1	初めて美術品になるのです。	비로소 미술품 돼
0x5CA841	17	FB	1	こんなのお宝じゃないでやんすよ！	이건 보물 아닙죠！
0x5CA8CC	17	FA	1	何もないなんてわからないんだよ。	아무것도 없는지。
0x5CAD14	17	FA	1	全員逃げて行ったようだな。	전원 도망간듯。
0x5CB83B	17	FA	1	普通の人間にしか見えん。	그냥 보통 인간。
0x5CBD9D	17	FA	1	昔は緑溢れる星だったんだ。	옛날엔 푸른 별。
0x5CC24A	17	FB	1	隠された自分をさらけ出し。	숨은 자신 드러내。
0x5CC3A5	17	FA	1	一撃で壊す事はできません。	일격에 못 부순다。
0x5CC454	17	FD	1	だけど、この周りにはクリスタルは	그렇지만、이 주변에는 크리스탈은
0x5CCEF5	17	F800	1	いつものアイツなら、この船の横	평소의 그 녀석이라면、이 배의 옆
0x5CD087	17	FB	1	何でこんな事をしているんだよ！	왜 이런 짓 하냐！
0x5CD828	17	FA	1	食べられるところだったでやんす。	먹힐 뻔했습죠。
0x5CDDFF	17	FB	1	たぶんお前も俺の役に立つ！	너도 도움될거다！
0x5CE250	17	FA	1	私の情報は生かせないわよ。	내 정보 못살린다。
0x5CE2D4	17	FE	1	いい加減、負けを認めたら？	이제 그만、패배를 인정하지 그래？
0x5CE4D9	17	FA	1	ここにはワクチンがないみたいだな。	여긴 백신 없는듯。
0x5CE69A	17	FA	1	ワクチンを売ってもらうでやんす！	백신 팔아달랍죠！
0x5CEC48	17	FE	1	その魚を食べている私達は、	그 물고기를 먹는 우리는、
0x5CEF4A	17	FB	1	ここまで来たら何が入ってるか	여기까지 왔으면
0x5CF4E5	17	FB	1	何にも聞こえない気もするし、	아무것도 안들리는
0x5CF4F7	17	FA	1	何か聞こえる気もするでんす。	뭔가 들리는듯도。
0x5CF605	17	FB	1	このワームを倒してくれたんだね。	이 웜 잡아준거군。
0x5CF700	17	FA	1	信じないわけにはいかないでしょ。	안믿을 수 없잖아。
0x5CF9CE	17	FA	1	さすがに毎回こんな感じしゃ、	매번 이런 식이면、
0x5CFC44	17	FD	1	魚の名前なんて言ったっけ？	물고기 이름이 뭐라고 했더라？
0x5CFC7A	17	FB	1	なんだか、かわいい名前だよね。	왠지 귀여운 이름。
0x5CFD71	17	FA	1	この大きな水の跳ねる音は？	이 큰 물소리는？
0x5CFECD	17	FA	1	どこかに一人で出かけたのか。	어디 혼자 나갔나。
0x5D0168	17	FB	1	不意打ちだったのに避けた！	기습인데 피했다！
0x5D025D	17	FA	1	こないから、ちょっと薄暗いね。	안들어와 좀 어둑。
0x5D062C	17	FA	1	ここに居てもおかしくないだろう。	여기 있을만하지。
0x5D0670	17	FB	1	私もここには滅多にこないわ。	나도 여긴 잘안와。
0x5D0C1C	17	FB	1	じゃないと遺跡が壊れそうだ。	안그럼 유적 붕괴。
0x5D0EC1	17	FA	1	言っててもアンタの事じゃない。	네 얘긴 아니야。
0x5D1233	17	F809	1	が打ち込んだ人工太陽の	박아넣은 인공태양
0x5D1DF2	17	FA	1	美しい物が全てなくなります！	고운 게 다 사라져
0x5D1F78	17	FB	1	私一人も倒せないようじゃ、	나 하나 못이기면、
0x5D20D8	17	FB	1	あの子はあのまま育ってくれたら	그 앤 저대로 크면
0x5D2941	17	F809	1	達を先に見つける事ができる	들을 먼저 찾겠다
0x5D2A45	17	FA	1	考えて判断できるでやんすよ！	생각해 판단가능！
0x5D2FB1	17	FB	1	待ち構えていたのか・・・・・。	기다리고 있었나・・
0x5D306D	17	FE	1	それにこの人数相手だなんて	게다가 이 인원수를 상대라니
0x5D3475	17	FA	1	ついに貴方の夢が叶うわね。	드디어 꿈 이뤄져。
0x5D3ABD	17	FB	1	１トン２５００ペラなら破格だと	１톤 ２５００이면 파격
0x5D3AEA	17	FA	1	その値段じゃ割に合わない。	그 값으론 안맞아。
0x5D3B99	17	F815	1	その条件を飲む事はできない	그 조건은 못받아
0x5D3CB9	17	FB	1	知り合って結構経つのに。	안지 꽤 됐는데。
0x5D3DF7	17	FA	1	あたしの評価を言いなさいよ。	내 평가를 말해봐。
0x5D3E25	17	FA	1	あげている事で気付かないの？	주는데 눈치 못채？
0x5D40B7	17	FB	1	何か話をしたそうに見えるし。	뭔가 말하고픈듯。
0x5D434E	17	FA	1	一緒に連れて行ってやるよ。	같이 데려가주마。
0x5D44CA	17	FE	1	だけど君達は止まってくれた！	하지만 자네들은 멈춰 주었다！
0x5D4994	17	FA	1	くれたお礼よ。受け取ってて。	준 사례야。받아둬。
0x5D518E	17	FA	1	私になんの用があるのでしょう？	제게 무슨 볼일？
0x5D5296	17	FB	1	多くの人に見てもらうのです。	많은 사람이 본다。
0x5D53A7	17	FB	1	オイラもそんな気がするでやんす。	나도 그런 느낌。
0x5D5B5C	17	FB	1	あたしは、またアンタの手の平で	난 또 네 손바닥서
0x5D640A	17	FB	1	おもしろくないし、楽しくもない。	재미없고 안즐거워
0x5D69C0	17	FB	1	なあ、そうだろ？そうに違いない。	그렇지？틀림없어。
0x5D6CED	17	F809	1	さんが、おもしろいって言っている	씨가 재밌다 하는
0x5D6EF4	17	F82E	1	これからも買いに来てくれたら、	앞으로도 사러 와 주면、
0x5D7436	17	FB	1	面白すぎて忘れちゃってたよ。	재밌어서 잊었다。
0x5D80D4	17	FC	1	エブもいっあさいがあさいごあさいせ	
0x5D8BD0	17	FC	1	尅さいごベもい」ベもいヂブもい❤	
0x5D9A7D	17	FB	1	賞金は、なんと６０００ペラだ！	현상금 ６０００페라！
0x5DA8DF	17	FB	1	安全な場所まで、走るぞ！	안전한 곳까지！
0x5DAB47	17	FB	1	あの森から来た物なのかしら？	그 숲서 온 걸까？
0x5DABB4	17	FE	1	この星は、もう手遅れなのかも	이 별은、이미 손쓸 수 없는 걸지도
0x5DAF71	17	FB	1	今日は、見つからなかったな。	오늘은 못 찾았군。
0x5DBF59	17	FB	1	今日は、ここで野宿するか。	오늘 여기서 노숙。
0x5DC257	17	FB	1	役に立てなくて申し訳ない。	도움 못돼 미안。
0x5DC46A	17	FB	1	他の星に行かないでやんすか？	다른 별에 안갑죠？
0x5DC516	17	FD	1	賞金稼ぎ組合なんだから、	현상금 조합이니까、
0x5DCD3B	17	FA	1	反抗組織のリーダー格だ。	반항조직 리더급。
0x5DD341	17	F809	1	どもの掃除が終わりましたぜ！	들 청소 끝났어요！
0x5DD61F	17	FB	1	さすがに、地上に降りることは	역시 지상 내리긴
0x5DD681	17	F809	1	の連中も働いているんだから、	놈들도 일하니까、
0x5DD83B	17	FA	1	もう少し奥まで行ってみるか。	좀 더 깊이 갈까。
0x5DED84	17	FB	1	連邦に突き出すなりなんなり	연방에 넘기든지
0x5DF091	17	F822	1	剣の腕前は一流らしいぜ！	검 실력은 일류라더군！
0x5DF3B7	17	FB	1	足手まといには、ならないでね。	발목잡진 말아줘。
0x5DF71B	17	F822	1	こいつは、なんとロボットらしいぜ。	이 녀석은、무려 로봇이라더군。
0x5DF8DB	17	F822	1	特殊弾の撃てる拳銃を、	특수탄을 쏠 수 있는 권총을、
0x5DFC19	17	FB	1	ライセンスが切れた状態での、	라이선스 만료중、
0x5DFCE3	17	FA	1	捕まえた後、ここに戻らないと	잡은 뒤 여기 와야
0x5DFE6C	17	FB	1	なんだか、人が少なく感じたけ	왠지 사람 적은듯
0x5E0335	17	FB	1	俺達、賞金首を捕まえに	현상범을 잡으러
0x5E046F	17	FB	1	命の恩人みたいな物だろう？	생명의 은인 아냐？
0x5E0A48	17	FB	1	森をはさんで向こう側にある、	숲 건너편에 있는、
0x5E197C	17	FE	1	キミは、人を信用しすぎだよ。	자네는、사람을 너무 믿어。
0x5E1F00	17	FB	1	今日は、もう日も落ちるし。	오늘은 해도 지고。
0x5E217F	17	FB	1	大きな木が生えてるでやんす。	큰 나무가 자랍죠。
0x5E2F82	17	FA	1	シカを狩らなくては、いけません。	사슴 사냥해야죠。
0x5E36F3	17	F809	1	の列車が通る時間ですぜ。	열차 지날 시간。
0x5E3B14	17	FE	1	今日は、輸送車の護衛	오늘은、수송차 호위
0x5E3DA4	17	FA	1	その仕入れに来てたんですよ。	그 매입하러 왔죠。
0x5E44F6	17	FB	1	なんだか違和感があるの・・・	왠지 위화감이・・・
0x5E491E	17	FB	1	こんな時に一人で外出した	이런 때 혼자 나간
0x5647D0	16	FB	1	ゲイドミェラェギェイェヨェセィサ	
0x5647F8	16	FB	1	ェぴェェェクェメェウィサズＤズフ	
0x56480C	16	FB	1	ェぞェツェヨェナェダェワダトヂヌ	
0x564820	16	FB	1	ェエェナェガェぢェヌェメィサェァ	
0x56FCC5	16	FA	1	現在、連邦の管理下	현재、연방 관리하
0x56FE4B	16	FA	1	星間貿易の中心地。	성간무역 중심지。
0x56FEF0	16	FA	1	環境汚染、生態系の	환경오염、생태계
0x56FFCE	16	FA	1	宇宙経済の中心地で	우주경제중심지라
0x5705E4	16	FF	1	あらゆる機械に使われている	모든 기계에 쓰임
0x570A54	16	F820	1	ワームホール１を探検しました	웜홀 １을 탐험했습니다
0x570A68	16	FF	1	ワームホール０を探検しました	웜홀 ０을 탐험했습니다
0x5710FC	16	FC	1	ネほほいフごへい（しほいぃずへい	
0x571548	16	FD	1	２りへいタラみいＱイへいョれほい	
0x5716B4	16	FC	1	ぜヒへいＡりへいゲミほいたケへい	
0x5718F0	16	FA	1	２ろへい２ぃへいぱろへい尅さい	
0x571C7A	16	FA	1	さいゲっへいとわへい尅さい（い	
0x571DFA	16	FC	1	さい❤ぁへい！１はい尅さいいい	
0x571EF4	16	FE	1	搭さい❤るへいぱろへい２ろへい	
0x572322	16	FC	1	さいシぉへいボろへい刺へいあい	
0x572C9E	16	FC	1	さいとんへいえわへいヤをへいＡあ	
0x5733EE	16	FC	1	さい仔へい澤へいワぉへいＤあ	
0x575273	16	F822	1	囲の無理解と戦うことは	위의 몰이해와 싸우는 것은
0x575284	16	FA	1	必要なことだと思いまーす。	필요한 일이죠。
0x5753A1	16	FE	1	・・・っと、こんなもんでいいか？	・・・자、이 정도면 됐나？
0x5758F7	16	FE	1	一人前の男であるならば、	어엿한 남자라면、
0x575957	16	FE	1	みんながそれ持つ、いいことだ。	모두가 그걸 갖는다、좋은 일이다。
0x5759D8	16	F800	1	これ以上は勘弁してくれ。	이 이상은 봐줘라。
0x575AC4	15	F822	1	エレガントではありませんわね。	우아하지 않네요。
0x575C2F	16	F809	1	の軍艦が見当たらないな。	군함이 안보이네。
0x575C43	16	FD	1	よし、全速で入港するぞ！	좋아、전속력으로 입항한다！
0x575E00	16	FE	1	・・・これ以上の説明は、	・・・이 이상의 설명은、
0x5761E2	16	FE	1	その割には広く広まっている	그런 것치고는 널리 퍼져 있는
0x5767A3	16	F822	1	もいきなり言われてもなぁ・・・	
0x5767C1	16	FE	1	ちょうどミュージックプレイヤーの	마침 뮤직 플레이어의
0x5767FB	16	FA	1	聞いてるわけじゃないでやんす。	듣는 건 아닙죠。
0x576D75	16	FA	1	世の中にないだろ、普通。	세상에 없지 보통
0x5772A1	16	FA	1	無駄に時間を使ったか。	괜히 시간 썼나。
0x57736F	16	FE	1	じゃあ充電式ブロッサーとか	그럼 충전식 블로서라든가
0x577392	16	FE	1	あれがあると整備の効率が	그게 있으면 정비 효율이
0x577701	16	FE	1	・・・そのために作られたから。	・・・그걸 위해 만들어졌으니까。
0x577D83	16	F822	1	いあれ、俺が取材されんの？	
0x577E9B	16	FD	1	オイラ、初めて見たでやんす。	나는、처음 봤습죠。
0x5780C0	16	FA	1	覚えたんでやんすかねぇ・・・）	외웠을까요・・・）
0x57869E	16	FB	1	そして優秀な助手と・・・	우수한 조수와・・・
0x5786C6	16	FD	1	一つに絞れないのでやんすか？	하나로 좁힐 수 없습죠？
0x5788E6	16	FB	1	あれは指名手配されている	저건 지명수배된
0x57A147	16	FE	1	そうね、昔はあこがれてた時も	그래、옛날엔 동경하던 때도
0x57A16A	16	FE	1	いや、今でもあこがれてるかも。	아니、지금도 동경하고 있을지도。
0x57A17E	16	FE	1	あはは、なんだか恥ずかしいね。	아하하、왠지 부끄럽네。
0x57A898	16	FA	1	必要な行為じゃないかな。	필요한 행위 아냐
0x57A90D	16	FE	1	生きてるって実感がするもの	살아 있다는 실감이 드는걸
0x57B434	16	FA	1	破壊しようとしたテロリストは	파괴하려던 범인
0x57B610	16	FA	1	逃したような気がしたんだが。	놓친 것 같은데。
0x57B6FA	16	FA	1	まだ報道できないじゃないか。	아직 보도 못해。
0x57B89D	16	FA	1	ところから、兵士だけではなく	병사뿐 아니라
0x57B9C7	16	FA	1	どうしていい女はいないのかね。	좋은 여자 없나。
0x57BC92	16	FB	1	なにか理由でもあるのかな？）	뭔가 이유 있나？）
0x57BF3F	16	FD	1	まだ女性と決まったわけじゃ	아직 여성이라고 정해진 것은
0x57BFAD	16	F809	1	君が変わり果てた姿に？！	군이 변한 모습？！
0x57C1E5	16	F809	1	政府が買い取ってくれる。	정부가 사들인다。
0x57C7A4	16	F809	1	中佐の話では、この星には	중좌 말론 이 별
0x57C90E	16	FE	1	それはそれで面白そうな気が	그건 그것대로 재미있을 것 같은
0x57CEAA	16	FD	1	おい、あのあたりになにかいたぞ！	이봐、저쯤에 뭔가 있었어！
0x57CFC0	16	FA	1	ケンカを売るときのお約束！	싸움 걸때 뻔한말
0x57CFF9	16	FA	1	熱烈なファンかと思ったぞ。	열혈팬인가 했다。
0x57D158	16	FA	1	この船には関わらないでくれ！	이 배엔 관여마！
0x57D285	16	FA	1	空調の修理をやらないと。	냉난방 수리해야。
0x57E0DE	16	FA	1	化粧を直してるじゃないか。	화장 고치잖아。
0x57E1DB	16	FE	1	いや、俺は遠慮しておくよ。	아니、나는 사양하겠어。
0x57E6D5	16	F809	1	は賞金を何に使うんです？	현상금 뭐 쓰죠？
0x57E8E0	16	FB	1	追い詰められたステーションの	몰린 스테이션의
0x57E9B6	16	FE	1	積荷が、突然目の前で	짐이、갑자기 눈앞에서
0x57EA51	16	FE	1	・・・とりあえず没収するか。	・・・일단 몰수할까。
0x57EDBF	16	FA	1	んだけど、なかなか立派だろ？	인데 꽤 훌륭해？
0x57F073	16	FB	1	給料も５０倍に増えるぞ。	급료도 ５０배로。
0x57F394	16	FE	1	ここでなにがあったんですかねぇ。	여기서 무슨 일이 있었던 걸까요。
0x57F5F2	16	FA	1	バレても大丈夫なんですか？	들켜도 괜찮나요？
0x57F610	16	FB	1	私を脅迫でもする気かね？	날 협박할 셈？
0x57F9B0	16	FD	1	ええと、これって従来のものと	그러니까、이건 기존 것과
0x57FCE4	16	FB	1	ちょっと見せてもらっていいか？	잠깐 보여줄래？
0x57FF0E	16	FA	1	オリジナルである私が出よう。	오리지널인 내가。
0x57FFA4	16	FB	1	生きてる、生きてるよぉ・・・	살아있다、살아・・・
0x580216	16	FD	1	今はこの勝利を喜ぶか。）	지금은 이 승리를 기뻐할까。）
0x5802FE	16	F809	1	君は、宇宙船の燃料や	군은 우주선 연료
0x580325	16	FA	1	独自に運用しています。）	독자 운용합니다）
0x5803A7	16	FD	1	お、ちょっと余裕があるのか。	오、조금 여유가 있는 건가。
0x5803E4	16	FA	1	お金を移動させるでやんす。	돈을 이동시킵죠
0x5807FE	16	FA	1	疑問がいくつも湧いてきた。	의문이 여럿 솟다
0x580844	16	FA	1	殺しあわなくてはならないのか？	서로 죽여야해？
0x580909	16	FB	1	そんなことよりも、ちょっとこれを	그보다 이걸 좀
0x580D79	16	FA	1	秘訣から教えてくれないか。	비결부터 알려줘。
0x580E22	16	FB	1	ほら、銃が特別製とかさ。	총이 특별제라고。
0x580E49	16	FA	1	なくしたときに困るじゃないか。	잃으면 곤란해。
0x580E5D	16	FE	1	使用する前には試射して	사용하기 전에는 시사해서
0x580FBC	16	FA	1	仕方がないんじゃないのかな。	어쩔 수 없잖아。
0x580FE9	16	FA	1	アイドルなんかじゃないんですよ。	아이돌 아녜요。
0x581014	16	F809	1	は王家の傍系の末っ子	왕가 방계 막내
0x581039	16	FB	1	しかし、上の８人が次々と	위 ８명이 차례로
0x5817CE	16	FB	1	お前なんかにゃもったいないよ。	너한텐 아깝다。
0x581AA3	16	FB	1	でもタイミングが難しくってさ。	타이밍이 어려워。
0x581EA0	16	FA	1	移民の子孫というわけだ。	이민 자손인 셈。
0x58204A	16	FB	1	だから、何をしてもらえるのかと	그래서 뭘 해주나
0x5820D8	16	FA	1	わしが独り占めしていたのだ！	내가 독차지했다！
0x582559	16	FA	1	今日は町でのんびりしよう。	오늘 마을서 쉬자
0x582A90	16	FE	1	５０００ペラだけど、買ってく？	５０００페라인데、사 갈래？
0x5832B7	16	FA	1	引き上げるしかないでやんす。	철수밖에 없죠。
0x58368C	16	FA	1	抗議させてもらうからですわ。	항의할테니까요。
0x583E51	16	FA	1	いっぱい襲って来たでやんす！	잔뜩 덮쳐왔습죠！
0x583FD4	16	FA	1	なにを考えてるんでやんすー？！	뭘 생각합죠？！
0x5840EB	16	FA	1	平和を守らねばならんのだ。	평화를 지켜야해。
0x584627	16	FD	1	それが欲望というものですわ。	그것이 욕망이라는 것이랍니다。
0x584740	16	FB	1	あなたの個人的な武器を	당신 개인 무기를
0x584751	16	FA	1	２０００ペラで作ってあげようと	２０００페라로 하나
0x584B3D	16	FA	1	回数制限はないでやんす。	횟수제한 없습죠。
0x584C45	16	FE	1	どう、先輩の仇はとれそう？	어때、선배의 원수는 갚을 수 있을 것 같아？
0x584CD2	16	FA	1	自主的に参加してるの。	자발적 참가야。
0x585113	16	FB	1	お前のクソつまんねぇ雑学は	네 재미없는 잡학
0x58557E	16	FE	1	なんていうか、違うんですよね。	뭐랄까、다르단 말이죠。
0x5855DB	16	FA	1	そろそろ本気を出して・・・	슬슬 진심으로・・・
0x585993	16	FE	1	よし、オイラも溜め込んでいた	좋아、나도 모아 두었던
0x585D5F	16	FA	1	２つのことを大事にしていた。	２가지 중시했다。
0x585DDE	16	FA	1	「金と女とギャンブル」という	「돈・여자・도박」란
0x585DEF	16	FA	1	一節が良く出てくるのだ。	구절이 자주 나와
0x585E46	16	FB	1	金額にしてどのくらいのペラに	금액으로 얼마쯤
0x585F7C	16	FA	1	なると、しばらく撃てなくなる。	되면 한동안 못쏴
0x5860D8	16	FE	1	相手の後ろを取ったときに	상대의 뒤를 잡았을 때에
0x586745	16	FB	1	立派な犯罪行為だぞ。	엄연한 범죄행위。
0x586A5F	16	FA	1	選んで入れ替えてください。	골라서 교체해요。
0x586B1E	16	FA	1	どうやって生活してるんです？	어떻게 생활하죠？
0x586BD6	16	FB	1	同じところに長期間いると	한곳에 오래살면
0x586C5D	16	FB	1	とりあえず、生きてりゃいいさ。	일단 살면 돼。
0x586C81	16	FA	1	会社にしばられない生活も	회사에 안묶인 삶
0x587BE6	16	FB	1	それは誤解なんだなぁ～～～。	그건 오해다～～～。
0x588518	16	FB	1	これも運命というものですか。	이것도 운명인가。
0x58892A	16	FB	1	さて、倉庫の番号は・・・	창고 번호는・・・
0x588C1B	16	FE	1	だいたいブリキのおもちゃのくせに	애초에 양철 장난감 주제에
0x588C2C	16	FA	1	図体ばかりでかくて邪魔で	덩치만 크고 방해
0x589016	16	FB	1	暴力が吹き荒れる夢を。	폭력 몰아치는 꿈
0x58912C	16	FD	1	・・・お墓は立ててあげるから	・・・무덤은 세워 줄 테니까
0x589215	16	FB	1	そのときに、あの子の先輩を	그때 걔 선배를
0x589236	16	FE	1	そしたら、なつかれちゃってさぁ。	그랬더니、따르게 돼 버려서 말이야。
0x589275	16	FE	1	あの子の先輩も、あたしらも	그 아이의 선배도、우리도
0x5894B3	16	FB	1	ワクチンは他に転売します。	백신은 되팔아요。
0x589888	16	FE	1	うおおおっ、もう我慢できん！	우오오옷、더는 못 참겠다！
0x5898DE	16	FB	1	次、洗濯に行って来る。	빨래하러 갈게。
0x589DDD	16	FB	1	君がお札を見ている間に、	지폐 보는 사이、
0x58A0E7	16	FA	1	相手には通じないでやんす。	상대엔 안통합죠。
0x58A17C	16	FA	1	疑惑を強めてくるでしょう。	의혹을 키우겠죠。
0x58A918	16	FA	1	出さないといけないんでやんす！	내드려야 합죠！
0x58B03A	16	F809	1	も強い力を持ってるんだから	도 힘이 세니까
0x58B1C7	16	FB	1	なんだ、このコスプレ野郎は。	코스프레 놈이네。
0x58B606	16	FB	1	やつらにちょいと脅しをかけて、	놈들한테 겁주고、
0x58B675	16	FB	1	大統領閣下の幸福は	각하의 행복은
0x58B90A	16	FA	1	偽造しておくことにしよう。）	위조해 두자。）
0x58BB32	16	FD	1	さっきシャワールームでシャワーを	아까 샤워실에서 샤워를
0x58BB95	16	FA	1	すぐに出て行ったんだが・・・	바로 나갔는데・・・
0x58BBBD	16	FA	1	「フッ」と鼻で笑いやがった！	「훗」코웃음쳤다！
0x58BC39	16	FA	1	気づかない振りをしてこっそり	모른 척하고 몰래
0x58BD5C	16	FB	1	先客がいるのに、気づかずに	손님을 못 보고
0x58BE85	16	FA	1	ステーションよりよっぽどいいぜ。	정거장보다 낫지。
0x58C4BC	16	FE	1	以後、船室にて待機。	이후、선실에서 대기。
0x58C53F	16	FA	1	応答ってのはできないのかな？	응답은 못하나？
0x58C60C	16	FB	1	ほんじゃ、試しにライブラリーを	그럼 라이브러리
0x58CAF4	16	F803	1	ちょっと、マジでヤバイじゃない！	진짜 위험하잖아！
0x58D33C	16	FE	1	しかし、女というのはわからん！	하지만、여자라는 건 모르겠다！
0x58D4AB	16	FE	1	そういうクサイこと言うヤツって	그런 낯간지러운 소리를 하는 녀석은
0x58D592	16	FA	1	同志達が戦っているのだ。	동지들이 싸운다。
0x58D6FA	16	FB	1	「おれが最初のサルなんだ。」	「내가 첫 원숭이」
0x58D7D6	16	FB	1	そうして、槍で、弓で、銃で	창과 활과 총으로
0x58D93E	16	FB	1	お主、ワクチンが欲しいのか？	백신이 필요한가？
0x58D9BE	16	FA	1	責任は問われないはずです。	책임은 안물어요。
0x58DA8A	16	FE	1	・・・いやいや、ダメのダメなり。	・・・아니아니、안 되는 건 안 되느니라。
0x58DCE2	16	FA	1	敵がよりどりみどりのようだな。	적이 널렸구나。
0x58E7AA	16	FB	1	あんたの大活躍を読めば、	네 활약을 보면、
0x58EB93	16	FB	1	機械というものは、すべからく	기계란 건 무릇
0x58ED76	16	F804	1	この子に問題が起こっても	얘가 문제 생겨도
0x58ED9E	16	FA	1	他の人には触らせないこと。	남은 못 만지게。
0x58EEF0	16	FB	1	だって、わたし、ニンジャになって	난 닌자가 돼서
0x58EF2B	16	FD	1	ニンジャって、子供のころから	닌자라는 건、어릴 적부터
0x58F3B2	16	FB	1	ちょっと歩けそうにないみたい。	좀 못 걷겠어。
0x58F3E5	16	FB	1	あんたに抱えられて帰ったら、	네게 안겨 가면、
0x58F46B	16	FD	1	あ、でも、看病してもらうのも	아、하지만、간병받는 것도
0x58F66A	16	FA	1	とか、いかにもやっちまいそうで。	정말 저지를듯。
0x58FA30	16	F809	1	によって撃沈・捕獲されて	에 격침・나포되어
0x58FA6C	16	FA	1	現状では、彼らのがんばりに	지금은 그들 노력
0x58FBBC	16	FA	1	前に事故で亡くなったが。	사고로 죽었지만。
0x59018E	16	F809	1	の治安を乱す異星人！	치안 흐리는 놈！
0x5906DE	16	FE	1	これはクビかなー、と思ってたら	이건 잘리려나ー、하고 생각했더니
0x5909DA	16	FA	1	放浪し続ける人間だぞ。	떠도는 인간이다。
0x590AC3	16	FB	1	キミの父親もタイプこそ違え	네 아버지도 타입
0x590D53	16	FA	1	この新薬の人体実験も	신약 인체실험도
0x590F17	16	FE	1	この前の雇い主じゃないか。	요전의 고용주잖아。
0x59115D	16	FE	1	だが、そのまま忘れさるってのは	하지만、그대로 잊어버린다는 것은
0x5913FF	16	FA	1	積荷の検査をいたします。	짐 검사를 하죠。
0x591A9C	16	FB	1	今日は、何があっても・・・	오늘은 반드시・・・
0x5922E8	16	FE	1	すばしっこいんだが、銃の弾が	재빠르긴 한데、총알이
0x592372	16	FE	1	実は虫が苦手、作戦！	실은 벌레가 질색、작전！
0x592417	16	FE	1	コンソールを汚してしまったか？	콘솔을 더럽혀 버렸나？
0x592A28	16	FA	1	少々甘やかしすぎたようだ。	좀 오냐오냐했나。
0x592A9E	16	FE	1	大体でよいのだ、大体で。	대충이면 된다、대충으로。
0x592BC4	16	FB	1	それ、さっさと用意にかかれ！	얼른 준비해라！
0x592EF6	16	FA	1	必ず勝てるわけではないのだ。	꼭 이기진 않아。
0x592F13	16	FB	1	ボクはお金を持っている方が	난 돈 있는 쪽이
0x5931B6	16	FD	1	さっきから、宇宙船の中で	아까부터、우주선 안에서
0x593258	16	FE	1	さすが先輩、機動戦こそ	역시 선배、기동전이야말로
0x59336F	16	FA	1	一緒にいた女の人だよな？	같이 있던 여자？
0x5933FB	16	FB	1	ジロって、こっちを見たんです！	빤히 이쪽 봤어！
0x5937EA	16	FA	1	ここに連れてくればいいんだな？	데려오면 되나？
0x5937FE	16	FD	1	ところで、あんたらの名前は？	그런데、당신들 이름은？
0x5939C4	16	FA	1	男女の区別はありません。	남녀 구별은 없어
0x593CD2	16	FD	1	しかし、ひどい星だな、ここは。	하지만、지독한 별이군、여기는。
0x593DC9	16	FD	1	それって一回見ただけだろ？	그거 한 번 본 것뿐이잖아？
0x593E80	16	F809	1	先輩が君をスカウトした時	선배가 널 뽑을때
0x594079	16	FB	1	スカウトされたのも当然だ。）	뽑힌 것도 당연。）
0x594248	16	F809	1	の熱い泥の中に生息し、	뜨거운 진흙 속에
0x594708	16	FA	1	連中が送り込まれるから、	놈들이 보내지니、
0x594801	16	FA	1	とっとと倒さないといけないな。	얼른 해치워야지。
0x594926	16	F809	1	の弱点を探るためでやんす！	약점을 찾으려고！
0x594B8B	16	FA	1	私物を持つ趣味はない。	물건 욕심 없다。
0x595096	16	FA	1	元の位置に戻ったそうだ。	제자리로 갔다네。
0x5951CD	16	FA	1	命じておいた作業をなさい。	시킨 작업을 해。
0x59548F	16	FA	1	もっと活躍してもらわないと。	더 활약해줘야지。
0x595615	16	F85A	1	（このゲームの目的について）	（이 게임의 목적）
0x59563A	16	FA	1	ワクチンを輸送することです。	백신 수송입니다。
0x5957ED	16	FA	1	がっぽりとれたのに、と思って。	듬뿍 벌었을텐데、
0x595837	16	FA	1	失礼なことを言っちゃった？	무례한 말 했어？
0x595B9C	16	FA	1	そこら中ひっぺがして調べろ！	죄다 뒤져라！
0x595E61	16	FB	1	そんなのいちいち覚えてねえよ。	그런거 기억못해。
0x595F70	16	FB	1	あんたなんにも知らねえんだな。	아무것도 모르네。
0x595FF5	16	FB	1	なんかいいんだよな、ああいうの。	저런거 좋단말야。
0x59606F	16	FA	1	こんな星にいちゃあダメなんだ。	이 별엔 안돼。
0x5964E7	16	FB	1	あっちのやつは普通っぽいぞ！	저쪽은 평범해！
0x59673D	16	FA	1	この星の数少ない陸地、	이 별 귀한 육지、
0x596870	16	FA	1	考えていただいては困ります。	그럼 곤란합니다。
0x596984	16	FA	1	惑星というのもめずらしいな。	행성이란 드물지。
0x596A84	16	FB	1	医療キットを持って来た。	의료키트 왔어。
0x596C24	16	FD	1	まさか、本当は実体のある	설마、실은 실체가 있는
0x596CED	16	FD	1	しばらくたったら別の名前で	얼마간 지나면 다른 이름으로
0x596EB3	16	FA	1	俺たちを巻き込むつもりか？	우릴 끌어들일셈？
0x59732F	16	FD	1	で、いろいろ考えてみたんだけど	그래서、이것저것 생각해 봤는데
0x5973AB	16	FD	1	特Ａランクの超能力者、	특Ａ랭크의 초능력자、
0x59741E	16	FD	1	テレポートじゃ逃げられないぞ。	텔레포트로는 도망칠 수 없다。
0x59744B	16	F807	1	でも、この程度の妨害じゃ	하지만、이 정도 방해로는
0x597533	16	FE	1	だから、みんなわたしを恐れる。	그래서、모두 나를 두려워한다。
0x597BEF	16	FA	1	交わることは多いのでやんす。	엮일 일 많답죠。
0x598129	16	FD	1	いっそのこと攻めてきてくれれば	차라리 공격해 와 준다면
0x598235	16	FA	1	なかなか、評判良かったぜ。	꽤、평판 좋았어。
0x598293	16	FA	1	お前じゃなくて別人なんだ！	너 말고 딴사람！
0x5989FB	16	FB	1	私はこんな奴は知らないぞ？	난 이런 놈 몰라？
0x598AF6	16	FD	1	仮にもこれはあたしなんだから！	그래도 이건 나란 말이야！
0x59934A	16	F805	1	・・・いいから、黙って聞け。	닥치고 들어。
0x5993A4	16	FA	1	つまらないことだったんだけどね。	별거 아니었지만。
0x59942B	16	FA	1	大勢の人が飢えて死んで	많은 사람이 굶어
0x5997EE	16	F809	1	の偉い人がそう決めたんだ。	의 윗분이 정했어
0x599B80	16	FA	1	所属惑星不明艦か。	소속행성불명함。
0x599CE9	16	FA	1	・・・一応助けに行くか。	일단 도우러 갈까
0x599E70	16	FA	1	攻撃してくるのはひどいです。	공격은 너무해요。
0x599EBE	16	FB	1	これから、あなたと共に行けと	이제 당신과 함께
0x59A24A	16	FA	1	遺伝子ライブラリーは・・・	유전자 자료실은
0x59A287	16	FA	1	ファイルもコピー完了ですか。	파일도 복사완료？
0x59A2D4	16	FB	1	こりゃあ本格的にまずいぞ？	이건 진짜 큰일？
0x59A8D0	16	FD	1	安売りしないとか言うから、	싸게 팔지 않는다고 하니까、
0x59A904	16	FE	1	じゃあ、そこでホットコーヒー１つ	그럼、거기서 핫커피 １개
0x59AA2C	16	FE	1	だが、このサイズだと戦場では	하지만、이 크기면 전장에서는
0x59AE68	16	F809	1	は、宇宙船が星についても	는、우주선이 와도
0x59B035	16	FB	1	別にどうこうしようってわけじゃ	딱히 어쩌자는 건
0x59B2BE	16	FB	1	ＥＳＰ波を抑えられないのか？	ＥＳＰ파를 못 막나？
0x59B311	16	FA	1	テレポートで逃げるんだけどね。	텔레포트로 도망。
0x59B3E2	16	F809	1	は戦いをやめて逃げ出した。	는 도망쳐버렸다。
0x59B5BF	16	FD	1	そんな男がジンクスの１つや２つ	그런 남자가 징크스 １개나 ２개
0x59B75C	16	FA	1	爆発しかかってるじゃないか！	폭발 직전이잖아！
0x59B790	16	FD	1	その偉業に比べれば、ハハ、	그 위업에 비하면、하하、
0x59BCF7	16	FA	1	ワシのストレートを打った男は	내 직구 친 놈은
0x59BEEB	16	FA	1	この惑星の方針なのです。	이 별의 방침이죠
0x59C0C3	16	F809	1	に資料として渡すそうです。	에 자료로 준대。
0x59C994	16	FA	1	目的の施設らしいからな。	목적 시설인가봐。
0x59CB83	16	FD	1	ヘビじゃなくて植物のつるだ！	뱀이 아니라 식물 덩굴이다！
0x59D001	16	FD	1	ワクチンの件はどうなってます？	백신 건은 어떻게 됐습니까？
0x59D18D	16	FA	1	ワクチンを売ってくれるところが	백신을 파는 곳이
0x59D1C3	16	FA	1	忘れずに売っておかないと。）	잊지말고 팔아。）
0x59D4E8	16	FA	1	私の身にもなってくださいよ。	내 입장도 봐줘。
0x59D68F	16	FB	1	この幸運は、わが社にとって	이 행운은、회사에
0x59D7B9	16	FB	1	せめて休憩時間を３０分	적어도 휴식 ３０분
0x59DBF3	16	FB	1	今月ノ出荷のるまガ・・・	이달 출하 할당이
0x59DD3F	16	F809	1	の内部でも強まってきた。）	내부서도 커졌다）
0x59DE37	16	F809	1	運動には無関係だったと	운동엔 무관했다
0x59DF16	16	FA	1	たしかにやることは多いですな。	할일은 많네요。
0x59DF37	16	FA	1	単に面倒くさかったのです。	그냥 귀찮았어요。
0x59E01C	16	F804	1	それでは、１から４０００万まで	１부터 ４０００만까지
0x59E1E2	16	FE	1	・・・まったく、どいつもこいつも	・・・정말이지、이놈도 저놈도
0x59E1F3	16	FA	1	気が小さすぎるでやんす・・・	너무 소심하답죠。
0x59E223	16	FA	1	口に出すようなことではない。	말할 게 아냐。
0x59E460	16	FA	1	ご用意させていただきました。	준비해뒀습니다。
0x59EACF	16	FA	1	全部ムダってことなんですか？	다 헛수고인가요？
0x59ECCF	16	FD	1	まだまだ、力の差がありすぎる	아직、힘의 차이가 너무 크다
0x59EE7E	16	FB	1	もちろんケンカに限ってだけど。	물론 싸움 한정。
0x59EFC2	16	FB	1	サイボーグの腕になる前はね。	사이보그 전에는。
0x59F046	16	FA	1	なるべく少ない方がいいよね？	적을수록 좋지？
0x59F0BD	16	FB	1	だって、水なんてないんだもの。	그야、물이 없어。
0x59F0F9	16	FA	1	どこに行っても「正義」って	어딜가도「정의」란
0x59F137	16	F809	1	がそこら中で売ってるけどな。	가 사방에 팔려。
0x59F560	16	FB	1	ここにいる私はホログラムです。	난 홀로그램이죠。
0x59F5D4	16	FB	1	・・・コ、コントロールできない！	컨、컨트롤 안돼！
0x59F895	16	FD	1	２人が君を連れていたのは、	두 사람이 자네를 데리고 있던 것은、
0x59F8D8	16	FE	1	けど、そう思わない方が楽。	하지만、그렇게 생각하지 않는 편이 편해。
0x59FA60	16	FB	1	今すぐには必要ないけれど、	당장은 필요없어、
0x59FC80	16	FA	1	やつらを絶滅させねばならん。	놈들을 몰살시켜。
0x59FC94	16	FE	1	それが宇宙の平和を守る	그것이 우주의 평화를 지키는
0x5A0050	16	FA	1	先の標的だって一発だ！	표적도 한방이다！
0x5A05F4	16	FB	1	スペースマンは用心深いね。	우주인 신중하네。
0x5A06DE	16	FD	1	あれっ、どっちもまったく同じで	어라、둘 다 완전히 똑같아서
0x5A0B77	16	FA	1	未だ特定できておりません。	아직 특정못해요。
0x5A0BE6	16	FA	1	こちらも仕事が楽なのだが。	이쪽 일도 편한데
0x5A1000	16	FA	1	やってきて、なんとか殺されずに	와서、겨우 안죽고
0x5A1239	16	FD	1	周辺に着水できないのか？	주변에 착수할 수는 없나？
0x5A1CA4	16	FD	1	こんな広い宇宙の中では、	이렇게 넓은 우주 속에서는、
0x5A1F0D	16	FB	1	できる範囲で協力しよう。	되는 만큼 돕자。
0x5A20CF	16	FB	1	勝手に燃料やら食料を	멋대로 연료 식량
0x5A20E0	16	FA	1	パクっていく奴らなんでやんす！	훔쳐가는 놈들죠！
0x5A21AD	16	FB	1	この恩は返さないんだなぁ～。	이 은혜 안갚네～。
0x5A2375	16	F8F8	1	わかった、なるほど納得した！	알았어、납득했다！
0x5A251E	16	FE	1	そのうちに細胞が暴走して	머지않아 세포가 폭주해서
0x5A2615	16	FB	1	・・・実験は成功したわ。	실험은 성공했어。
0x5A26A5	16	FE	1	おまけに神経は敏感すぎて	게다가 신경은 너무 예민해서
0x5A27AC	16	FA	1	短時間しかいられないんだ。	잠깐밖에 못있어。
0x5A2816	16	FE	1	わかった、今後はあたしだけが	알았어、앞으로는 나만이
0x5A2859	16	FD	1	宇宙での生活はストレスも	우주에서의 생활은 스트레스도
0x5A2908	16	FA	1	ちょっと船に乗せてくれない？	배에 태워줄래？
0x5A2A7C	16	FB	1	全部、自主規制だよ。	전부、자율규제야。
0x5A2CA9	16	FA	1	本当はお前のセリフなんだ。	사실 네 대사야。
0x5A2CFF	16	FA	1	この宇宙は変わりつつある。	우주는 변해간다。
0x5A2FC4	16	FA	1	うさんくさいものを感じるよな。	수상한 냄새가나。
0x5A3076	16	FB	1	オラ、この書類にサインしな！	자、서류에 사인！
0x5A31AF	16	FB	1	おっ、急用を思い出した！	앗、급한 일 났다！
0x5A32B0	16	FE	1	機械の身体にあこがれて、	기계의 몸을 동경해서、
0x5A32C1	16	FA	1	この星に来たんですけどねー。	이 별에 왔는데。
0x5A35B5	16	F825	1	が他の人に話さないのなら。	남에게 말안하면。
0x5A3727	16	FE	1	おそらく、新しい人類として	아마도、새로운 인류로서
0x5A3773	16	FB	1	彼女、少々のケガだったら	그녀、좀 다치면
0x5A3784	16	FA	1	体内のナノマシンが勝手に	체내 나노머신이
0x5A3934	16	FA	1	誕生することはありませんが。	탄생하진 않아요。
0x5A3B89	16	FA	1	ロボットとして接してください。	로봇으로 대해줘。
0x5A40E4	16	FD	1	君は一度見た光景を、	자네는 한 번 본 광경을、
0x5A42C7	16	F803	1	でも、すごい能力なんだよ？！	대단한 능력이야？
0x5A4387	16	FA	1	女王モグラだから、じゃまさえ	여왕쥐니、방해만
0x5A464D	16	F825	1	、また機会があれば会おう。	、기회되면 보자。
0x5A4713	16	FA	1	これまで戦ってこれたと思う？	여태 싸워왔겠어？
0x5A47EA	16	FD	1	宇宙港の南に丘がある。	우주항의 남쪽에 언덕이 있다。
0x5A509B	16	FA	1	必要なことなんじゃないのか？	필요한 일 아냐？
0x5A50DC	16	FB	1	あなたにも「正義」って奴が	당신에게「정의」란
0x5A515F	16	FA	1	やめさせないとダメなんじゃない？	말려야 하지않아？
0x5A5296	16	FE	1	・・・ちょっと好きだったかも。	・・・조금 좋아했을지도。
0x5A5399	16	FA	1	そう思っちゃくれないみたいで。	그렇겐 안보나봐。
0x5A5BB7	16	FB	1	ええ、これは単なる気まぐれ。	네、단순한 변덕。
0x5A5BD5	16	FA	1	再会することもあるでしょう。	다시 만나겠죠。
0x5A5E4E	16	FB	1	護衛艦隊を突破して、	호위함대 돌파해、
0x5A61C4	16	F807	1	あちらの区画へ行くのなら、	저쪽 구역으로 갈 거라면、
0x5A61FF	16	FB	1	しかも、かなり武装してます。	게다가、무장했죠。
0x5A62CD	16	FE	1	ときどき失業者同士でも	가끔 실업자끼리도
0x5A6325	16	FA	1	居住区だから、パトロールは	거주구라、순찰은
0x5A63CF	16	FB	1	なんだか根本的に、なにかが	근본적으로 뭔가
0x5A6461	16	FA	1	申し上げればよろしいかしら？	뭐라 말씀드릴까？
0x5A66CA	16	FA	1	必死になって襲ってきます。	기를쓰고 덤벼요。
0x5A67CC	16	FB	1	会社をクビになった瞬間に	회사 잘린 순간에
0x5A68F1	16	FE	1	まあ、とにかく身分証だけは	뭐、어쨌든 신분증만큼은
0x5A6927	16	FA	1	雇ってもらえるかもしれないから	써줄지도 모르니
0x5A6A2A	16	F809	1	の兵器開発への協力を	의 무기개발 협력
0x5A6C3F	16	F809	1	の平和を乱すテロリストめ。	평화 깨는 테러범
0x5A6C50	16	FB	1	全員まとめて成敗いたす！	전원 처단하겠다！
0x5A6E18	16	FE	1	そのためには、異星人のいる	그러기 위해서는、외계인이 있는
0x5A6F07	16	FA	1	よその星の連中だったカニ。	딴 별 놈들이야。
0x5A6FB4	16	FA	1	他でなんとか手に入れるさ。	딴데서 구해오지。
0x5A6FE3	16	FB	1	私もよせてもらってよろしいか？	나도 껴도 될까？
0x5A7032	16	FA	1	責任を取ってもらわないと。	책임을 져야지。
0x5A70A0	16	FE	1	私も本気を出しますよー！	나도 진심을 낼 거예요오ー！
0x5A7345	16	FA	1	３０年前に終了しました。	３０년전 종료됐죠。
0x5A74F9	16	FB	1	そんな星を破壊するなんて、	그런 별 부수다니
0x5A77FA	16	FA	1	輸送する船が足りなくて、	수송선이 부족해、
0x5A7B15	16	F809	1	が、機械の身体がもらえる	가、기계몸을 받는
0x5A7CE7	16	FA	1	子供には見せられませんわ。	애들한텐 못보여。
0x5A80F0	16	FB	1	資金の流れに、なにかワナが	자금흐름에、함정
0x5A85CC	16	FA	1	商売をさせるおつもりですか？	장사시킬 생각？
0x5A87FF	16	FE	1	だから、ワクチンは政府からの	그러니까、백신은 정부로부터의
0x5A8871	16	FE	1	こういう瞬間を除いてはね。	이런 순간을 빼고는 말이야。
0x5A8C00	16	F809	1	内へ突入成功でやんす！	내부 돌입성공죠！
0x5A8E32	16	FB	1	それで、この戦いは終わりだ。	이제 싸움은 끝。
0x5A90F3	16	FA	1	なにもかも台無しでやんすね。	죄다 엉망이죠。
0x5A9411	16	FB	1	まさか、私をかばって撃たれて	설마、날 감싸다니
0x5A9468	16	FD	1	・・・だが、ちょっとピンチだな。	・・・하지만、조금 위기로군。
0x5A964A	16	FA	1	それにミスターハエトリ草・・・	게다가 파리지옥
0x5A9A06	16	F805	1	・・・正直、うらやましいよ。	솔직히、부럽다。
0x5A9B8E	16	FE	1	あと、オイラたちにもプレゼントが	그리고、우리에게도 선물이
0x5A9CB6	16	FA	1	２のワンペアが最弱の役だ。	２원페어가 최약。
0x5A9DD5	16	FE	1	チップがないと、ゲームそのものが	칩이 없으면、게임 자체가
0x5A9F5E	16	FB	1	サイコロを使うローカルルールも	주사위 쓰는 룰도
0x5A9F8D	16	FA	1	カードの表の見えてる場札	카드의 보이는 패
0x5AA097	16	F815	1	全部、別のポーカーなんだ。	전부、딴 포커다。
0x5AA3FB	16	FB	1	お前らに付き合ってやるよ。	너희 상대해주지。
0x5AAC60	16	FA	1	内容がチェックされますから、	내용이 검사되니、
0x5AB44C	16	FA	1	チャンスをあげようと思ってね。	기회를 주려고。
0x5AB61F	16	FB	1	ソレハ、オマエガ勝手ニ・・・	그건、네가 멋대로
0x5AB7B4	16	F809	1	なんて、このアタシがぶっつぶす！	따위、내가 부숴！
0x5ABB8D	16	F809	1	の軍事力は圧倒的で、	군사력은 압도적、
0x5ABC6B	16	FA	1	建設してもバレないわけです。	지어도 안들키죠。
0x5ABD20	16	FA	1	災害を招くことになります！	재해를 부르죠！
0x5ABE0B	16	FA	1	立派に果たしたことになる。	훌륭히 해낸 셈。
0x5ABE3B	16	FA	1	縮小できる者がいないのだ。	줄일 자가 없다。
0x5AC040	16	FA	1	数年以内に破綻する。	몇년내 파탄난다。
0x5AC529	16	FB	1	いや、初対面のはずですぞ。	아니、초면일텐데。
0x5AC8DC	16	FA	1	徹底的に攻撃できると、	철저히 공격하면、
0x5AC8ED	16	FA	1	大統領もお喜びでやんす。	대통령도 기쁘죠。
0x5AC9B8	16	FD	1	でも、十分な証拠があれば	하지만、충분한 증거가 있으면
0x5ACA13	16	F809	1	のその思い上がりがある限り	그 오만이 있는한
0x5ACB83	16	FB	1	たとえ７回生まれ変わっても	７번 태어나도
0x5ACC72	16	FA	1	全部ムダになっちゃったわね。	전부 헛수고됐네。
0x5ACE70	16	F809	1	の規定では、１０機以上	규정상 １０기 이상
0x5ACF7D	16	FA	1	撃墜スコアの伸びは・・・）	격추점수 증가는）
0x5AD560	16	FA	1	死んでしまうかと思ったんだ。	죽는줄 알았어。
0x5AD7B0	16	F809	1	の戦力が圧倒的な今！	전력이 압도적！
0x5ADC67	16	FA	1	こちらが昆虫類のデータだ。	곤충류 자료다。
0x5ADC94	16	FA	1	遺伝子ライブラリーですか。	유전자 자료실？
0x5ADD4B	16	FA	1	この惑星上で行なっている	이 행성에서 하는
0x5AE0DC	16	FB	1	力づくでも持ち帰りますよ。	힘으로 가져가요。
0x5AE14B	16	FD	1	地下の保管庫でしょう？	지하 보관고죠？
0x5AE7D5	16	FE	1	・・・減俸を覚悟なさい。	・・・감봉을 각오하세요。
0x5AE919	16	FB	1	もう一度クビになるくらいなら	한번 더 잘릴바엔
0x5AE92A	16	FA	1	戦場で死ぬ方がマシだー！	전사가 낫다！
0x5AEC6E	16	FA	1	ここまで近ければ、この船なら	이리 가까우면、
0x5AED19	16	FE	1	でも、レーダーに映らないなんて	하지만、레이더에 잡히지 않다니
0x5AEE59	16	F809	1	の非合法工作員です。	의 불법 공작원。
0x5AEE99	16	FE	1	さて、こんなところで立ち話も	자、이런 데서 선 채로 이야기하는 것도
0x5AF190	16	FA	1	資金提供はいたしません。	자금지원 안해요。
0x5AF21E	16	FA	1	だけなんじゃないでやんすかね？）	그뿐 아닐깝쇼？）
0x5AF548	16	FD	1	生き物どころか、ロボットすら	생물은커녕、로봇조차
0x5AF8F3	16	FA	1	別の私のコピーかもしれない。	다른 복제일지도。
0x5AFA55	16	F809	1	最大の社会問題だよ。	최대 사회문제야。
0x5B02DF	16	F809	1	が圧力をかけてきているとか。	가 압력 넣는대。
0x5B04A8	16	F809	1	によって凍結されてしまった。	때문에 동결됐다。
0x5B04D4	16	FA	1	お金もない、というわけですか。	돈도 없단거죠。
0x5B0943	16	FA	1	脱出できますよ、お客さん。	탈출됩니다、손님。
0x5B0D5C	16	FA	1	誰かが買い占めてしまうので	누가 싹 사버려서
0x5B0FBF	16	FD	1	だまして連れてきた連中から	속여서 데려온 무리에게서
0x5B109B	16	FB	1	それに機械になった以上、	기계가 된 이상、
0x5B13F5	16	FA	1	思い込みを与えるだけです。	착각을 줄뿐이죠。
0x5B169A	16	FB	1	どうしてこんなところにいるんだ。	왜 이런데 있어。
0x5B19D4	16	FB	1	機械の身体になるために、	기계몸이 되려고、
0x5B1A55	16	FD	1	この証拠のビデオを持って、	이 증거 영상을 가지고、
0x5B1A95	16	FB	1	こうなったら、裁判で訴えて	이리 됐으니 재판
0x5B1AB2	16	F809	1	から賠償金を取ってやる！	배상금 받아낸다！
0x5B1C45	16	FA	1	処分しようとしたんでしょう。	처분하려 했겠죠。
0x5B1C9A	16	FB	1	機械ともあろうものが、こんな	기계나 돼서、이런
0x5B1DA2	16	FA	1	これまで９９人倒してきたわ。	９９명 쓰러뜨렸어。
0x5B1E0F	16	FB	1	こういうのは、言った者勝ち	말한 놈이 이겨
0x5B1E2B	16	FE	1	どうせ相手にはわかんないし？	어차피 상대는 모를 테고？
0x5B1EAF	16	F804	1	避けたはずの攻撃をくらって	피한 공격을 맞고
0x5B2051	16	FD	1	なんか嫌な予感がするんだ。	왠지 불길한 예감이 든다。
0x5B209F	16	FA	1	不意打ちしてこなかったの？	기습은 안했어？
0x5B22B1	16	FA	1	デザインのロボットでやんすね～。	디자인 로봇이죠。
0x5B22EF	16	F8F8	1	見張られてる２人と話す。	２명과 얘기한다。
0x5B234B	16	FB	1	今、秘密任務中なので	지금、비밀임무중
0x5B23B4	16	FA	1	あの２人を見張ってるとか？	저 ２명을 감시중？
0x5B24EF	16	FE	1	せ、責任とってください・・・	채、책임져 주세요・・・
0x5B2690	16	FA	1	怪物にやられちゃったんです！	괴물에게 당했죠！
0x5B2AB1	16	FA	1	現金で８００ペラってとこね。	현금 ８００페라네。
0x5B2DF8	16	FD	1	では、吉報をお待ちします。	그럼、좋은 소식을 기다리겠습니다。
0x5B32F2	16	F809	1	だなんて名前負けしてたな。	이름값 못했군。
0x5B3358	16	FA	1	ワクチンは運んでもらえないな。	백신은 못옮기네。
0x5B3580	16	FE	1	あなたもこの船に乗ってたの？	당신도 이 배에 타고 있었어？
0x5B3678	16	FA	1	あなた達も殺さないであげる。	너희도 안죽일게。
0x5B3996	16	FB	1	給料は低めにしとくからさ。	급료는 낮게 해둬
0x5B3F4A	16	FA	1	はっきり言ったらどうなんです？	확실히 말해봐요？
0x5B42BF	16	FB	1	一分一秒でも生きのびて	일분일초 더 살아
0x5B43E5	16	FB	1	ま、どっちでもここよりマシか。）	여기보단 낫겠지）
0x5B4573	16	FB	1	そんなもったいないことできるか。	아까워서 못한다。
0x5B4B36	16	FA	1	もっと宇宙を見て欲しい。	더 우주를 봐줘。
0x5B4ED6	16	F839	1	いみ急いで出撃準備だ！	서둘러 출격 준비다！
0x5B524B	16	FA	1	助けるために努力するんだ。	구하려 노력한다。
0x5B52EE	16	F825	1	君の設計だったでやんすね。	자네 설계였답죠。
0x5B554D	16	FE	1	でも、まさか亜光速で来る	하지만、설마 아광속으로 올
0x5B5623	16	FD	1	大丈夫だ、必ず打てる！	괜찮다、반드시 칠 수 있다！
0x5B567F	16	FA	1	意思表示なんでしょうか？	의사표시일까요？
0x5B5DF5	16	F809	1	グループ所属の宇宙船が	그룹소속 우주선
0x5B5E4B	16	FA	1	会見の予定になっている。	회견 예정이다。
0x5B5E7F	16	FA	1	大型観光船なんですよ。	대형관광선이죠。
0x5B5F2B	16	FA	1	ご協力に感謝いたします。	협력 감사드려요。
0x5B5F99	16	FA	1	交代することになりますから。	교대하게 되니까。
0x5B656E	16	F809	1	を蹴散らして再突入だ！	쫓아내고 재돌입！
0x5B65E5	16	FA	1	敵艦も後退したようです。	적함도 후퇴한듯。
0x5B6657	16	FA	1	上昇してくる船があります。	올라오는 배예요。
0x5B691F	16	FA	1	地上と連絡がとれません！	지상과 연락불통！
0x5B6A6F	16	FD	1	姫の死体は持ち帰るぞ！	공주의 시체는 가져간다！
0x5B6E6B	16	FE	1	姫様になにかあったらただじゃ	공주님께 무슨 일이 생기면 가만
0x5B7555	16	F8A6	1	ゃもいぱ３むいクしめいゲペむいく	
0x5B7B24	16	FC	1	ふ○むいＩゴむい！Ｓむいボペむい	
0x5B7FFA	16	FC	1	さいやダむいっバむいフジむいＸあ	
0x5B811A	16	FC	1	さいボズむいＩベむいフジむいＸあ	
0x5B8132	16	FC	1	さい」ヅむいォジむいフジむいＸあ	
0x5B834E	16	F800	1	さいボデむいっダむい２ダむいＵあ	
0x5B84AE	16	FC	1	さいォゾむいぃあさい」デむいＶあ	
0x5B8566	16	F800	1	さいォズむいワダむいえデむいＹあ	
0x5B8E4E	16	F800	1	さいしドむいォベむい尅さいｲ	
0x5B919C	16	F800	1	とでふいえあさいエヅむいＱベむい	
0x5B9798	16	F800	1	搭さい」ヅむいォゾむいぃあさい	
0x5BA6E0	16	FB	1	じゃあ、さっそく行ってくるよ！	그럼、바로 갈게！
0x5BAE43	16	FB	1	欠伸だ！欠伸をしてやる！	하품！하품해주지！
0x5BB096	16	FD	1	今日はここで一泊するか。	오늘은 여기서 하룻밤 묵을까。
0x5BB32D	16	FA	1	もう探検するのはやめてくれ。	탐험은 그만해줘。
0x5BB517	16	FB	1	光がしみるううううううううう！	빛이 시려어어어！
0x5BBD76	16	F8F8	1	突撃インタビュー欲しい物	돌격취재 찾는것
0x5BC913	16	FE	1	だけど、オイラは何とかしてでも	하지만、나는 어떻게든 해서라도
0x5BD578	16	FB	1	一瞬だけなら大丈夫だ！	잠깐이면 괜찮다！
0x5BD773	16	FB	1	そんなんじゃ、いつまで経っても	그럼、언제까지고
0x5BE083	16	FD	1	はっ！腕がかゆいいいいいいい！	앗！팔이 가려워어어어어어어！
0x5BE884	16	FB	1	今日はもう撤収でやんす。	오늘은 철수랍죠。
0x5BED53	16	FA	1	船から落ちてきたでやんすよ！	배서 떨어졌답죠！
0x5BFD72	16	FA	1	お前、どこに行っていたんだ？	너、어디 갔었냐？
0x5BFEA2	16	FA	1	体当たりをくらったでやんす！	박치기 당했답죠！
0x5C0106	16	F809	1	が突然、出てきたでやんす！	갑자기 나왔답죠！
0x5C013C	16	FA	1	感知できなかったでやんすよ！	감지 못했답죠！
0x5C049E	16	FA	1	実は限界でないでやんすよ！	한계가 아니랍죠！
0x5C04AF	16	FB	1	心の中の何かを燃やせば、	마음속을 태우면、
0x5C064C	16	FA	1	気持ちが足らないからです！	마음이 모자라서！
0x5C1842	16	FB	1	また！行き止まりでやんすよ！	또！막다른길이죠！
0x5C1AAC	16	FB	1	いったい何を守っているんだ！	대체 뭘 지키냐！
0x5C1DBA	16	FA	1	本村一人じゃ危険だ。	혼자선 위험하다。
0x5C2132	16	FA	1	あんなに大きくなるでやんすか！	저렇게 커진답죠！
0x5C234C	16	FB	1	お前もそのつもりだったんだろ？	너도 그럴 생각？
0x5C25A2	16	FE	1	これでお前がうなずかなければ、	이래도 네가 고개를 끄덕이지 않으면、
0x5C2CF1	16	FA	1	ここから撤収するでやんすよ！	여기서 철수하죠！
0x5C2F08	16	F809	1	もいいオトコがいっぱい居たが、	좋은남자 많았다、
0x5C329B	16	FB	1	あんまり前に行っちゃダメだ！	앞으로 가지마！
0x5C3B13	16	FD	1	この宝石に霊がやどっていた	이 보석에 영이 깃들어 있었다
0x5C3CD7	16	FB	1	一本、飲んでみればわかる。	마셔보면 안다。
0x5C4197	16	FE	1	むしろ、お前がド真ん中だ。	오히려、네가 한가운데다。
0x5C4563	16	FB	1	なんでこんなとこで寝てるのよ！	이런데서 왜 자！
0x5C5011	16	FA	1	いったい何があるっていうんだ！	대체 뭐있냐고！
0x5C575A	16	FA	1	本当に何もないでやんすね。	아무것도 없답죠。
0x5C57B6	16	FB	1	そこにどんな意味があるのか？	거기 무슨 의미？
0x5C5958	16	FA	1	このワームと戦っていたんだね。	이 웜과 싸웠군。
0x5C5DC0	16	FB	1	そんな事で許せると思うか？	그걸로 용서될까？
0x5C6441	16	FA	1	妖精に見えないでやんすよ。	요정같지 않답죠。
0x5C68B2	16	FD	1	今回は俺が一緒にいた。	이번에는 내가 함께 있었다。
0x5C6A30	16	FA	1	ちゃんと私に伝わりましたよ。	제대로 전해졌죠。
0x5C6ADD	16	FA	1	とする、その瞳を見ていれば！	그 눈동자 보면！
0x5C6B96	16	FB	1	私の美しさまでええええ！！！	내 아름다움까지！
0x5C6F39	16	FA	1	こんな時はウソを吐いてくれ！	이럴땐 거짓말해！
0x5C71A0	16	FB	1	だからさ、あたしの顔に免じて	내 얼굴 봐서라도
0x5C7357	16	FA	1	今はまだ知らなくていいかな。	아직 몰라도 돼。
0x5C757B	16	FD	1	俺の物だ。お前にはやらん。	내 것이다。너에게는 주지 않겠다。
0x5C79C4	16	FB	1	俺、いま凄いのを見たような	굉장한걸 본듯한
0x5C7C08	16	FA	1	ポージングしているでやんすから。	포즈 잡고있답죠。
0x5C8117	16	FB	1	全て私の真似をするとは！	다 내 흉내라니！
0x5C8420	16	FA	1	試験待ちになっているので、	시험 대기중이라、
0x5C85FA	16	FB	1	あれは太陽の光でやんすよ！	태양빛이랍죠！
0x5C878C	16	FD	1	これが最後になってくれよ！！	이게 마지막이어 다오！！
0x5C8D61	16	FA	1	サソリが居なくなったでやんす。	전갈이 사라졌죠。
0x5C8E03	16	FB	1	いったい何が入っているんだ？	대체 뭐 들었냐？
0x5C907B	16	FA	1	オイラにはわからないでやんすが、	전 모르겠지만、
0x5C908E	16	F825	1	君には考えがあるでやんすね。	자넨 생각있답죠。
0x5C99E8	16	FB	1	止まってこっちを見ているな。	멈춰서 이쪽 봐。
0x5C9F06	16	FA	1	かわいがってもえらえるでしょう。	예뻐해주시겠죠。
0x5C9FDA	16	F825	1	君、なんでこんな所に来たで	자네、왜 여기 왔
0x5CADB6	16	FB	1	たぶん、結構あると思うよ。	아마、꽤 있을걸。
0x5CB547	16	FB	1	人間が飛んでるでやんすよ！	인간이 날고있죠！
0x5CBBCA	16	FE	1	それが美しいオトコになる為に	그것이 아름다운 사나이가 되기 위해
0x5CC21C	16	FA	1	お前は気にならないわけだな。	넌 신경 안쓰네。
0x5CC25C	16	FB	1	隠した部分をさらけ出し。	숨긴곳을 드러내。
0x5CC36E	16	FA	1	誰も想像できないだろうな。	누구도 상상못해。
0x5CC4D3	16	FE	1	それを私がキャッチしますから。	그것을 제가 받을 테니까요。
0x5CC8E3	16	FA	1	知っている人はいなかったな。	아는이는 없었지。
0x5CCAD8	16	FE	1	これを飲んでハンサムになれば、	이걸 마시고 핸섬이 되면、
0x5CCBE6	16	FB	1	見た感じロボットらしきものは	보기엔 로봇같은
0x5CCF32	16	F809	1	の調子が悪いみたいだけど、	상태가 안좋은듯
0x5CD188	16	FB	1	助けてくれでやんすううううう！	살려달랍죠오오！
0x5CD42B	16	FB	1	ちょっと、ドキドキするでやんす！	좀、두근두근하죠！
0x5CD971	16	FA	1	中身もしっかりしているという	속도 제대로라는
0x5CDF9B	16	FB	1	目を閉じる事もいけません。	눈 감아도 안돼。
0x5CDFB7	16	FB	1	目を閉じてもダメなんですか？	눈 감아도 안돼？
0x5CE204	16	FE	1	卑怯な事が嫌いなクセに。	비겁한 짓을 싫어하는 주제에。
0x5CE66B	16	F809	1	に渡したくないんじゃないかな。	에겐 주기싫은듯。
0x5CE73D	16	FD	1	でも、その場所はここからは、	하지만、그 장소는 여기서는、
0x5CEA6F	16	FA	1	破格の値段なんだからね。	파격 가격이니까。
0x5CEAD8	16	FA	1	だけマシだと思って諦めよう）	다행이라 여기자）
0x5CEC34	16	FE	1	この星の魚は全て美しい！	이 별의 물고기는 전부 아름답다！
0x5CF811	16	FD	1	やっぱりこれを守る・・・・・・	역시 이걸 지킨다・・・・・・
0x5CF82E	16	F825	1	君！まだ動いているでやんす！	아직 움직인답죠！
0x5CF92F	16	FB	1	これで外に出られるでやんす！	이제 나갈수있죠！
0x5D07EE	16	FE	1	どうなってるのかはわからないけど	어떻게 되어 있는지는 모르겠지만
0x5D085C	16	FA	1	宇宙でも名を馳せるような	우주에 이름날릴
0x5D095C	16	FB	1	こんなの普通、見れないよ。	이런건 보통 못봐
0x5D0E66	16	FB	1	僕を呼んだような気がして、	날 부른듯해서、
0x5D0F08	16	FA	1	を見てもらって結構ですよ！	를 봐도 좋아요！
0x5D16C4	16	FE	1	じゃあ、また来てね。お兄さん	그럼、또 와 줘。오빠
0x5D1935	16	FB	1	こんな風にオイラ達の前で、	이렇게 우리앞서、
0x5D1A63	16	FB	1	美しい！とか言い出したら、	아름답다！그러면、
0x5D1D1F	16	F825	1	君は行かなかったでやんすか？	자넨 안갔답죠？
0x5D2302	16	FB	1	この星にはこういった場所が	이 별엔 이런곳이
0x5D255E	16	FA	1	ここを守っていたロボットだな。	지키던 로봇이군。
0x5D27AB	16	FD	1	だけど、その辺りは他の船も	그렇지만、그 근처는 다른 배도
0x5D289D	16	FA	1	もっとも多い宙域だからね。	가장 많은 구역。
0x5D28F5	16	FA	1	そっちの方も気をつけないと。	그쪽도 조심해야。
0x5D2C63	16	FB	1	もっと人を信じるでやんすよ！	사람을 믿읍죠！
0x5D2D3B	16	FA	1	人のする事じゃないでやんす！	사람할짓 아니죠！
0x5D3199	16	FA	1	俺達にわけてくれないなんて、	우리한텐 안줘、
0x5D3D1D	16	FA	1	から私を利用して欲しい。	날 이용해줬으면。
0x5D3EB1	16	FD	1	アンタを生かしておく事だけは	당신을 살려 두는 것만은
0x5D40A6	16	F809	1	君、中に入れてやってくれ。	안으로 들여줘。
0x5D4264	16	FB	1	僕達に似ている人間は、	우리 닮은 인간、
0x5D4A12	16	F809	1	が手玉に取られてるなんて。	가 놀아나다니。
0x5D51BA	16	FB	1	僕達に似ている人間が、	우리 닮은 인간이
0x5D55BD	16	FB	1	困った時はお互い様だよ。	힘들땐 서로돕지。
0x5D59AF	16	FB	1	いったい、どういう意味だ？）	대체、무슨 뜻？）
0x5D5B17	16	FA	1	すぐにいつものアイツに戻った。	곧 원래 그놈으로
0x5D6367	16	FB	1	ここはアイツラの本拠地か。	놈들 본거지인가。
0x5D647F	16	FB	1	だけど見つからなかったんだよ。	하지만 못찾았어。
0x5D6519	16	F809	1	がお前をここに連れてけって。	여기로 데려가래。
0x5D6670	16	FB	1	そんなのやる事は一つでしょ？	할일은 하나잖아？
0x5D6BF3	16	FA	1	おもしろい、おもしろくないなら、	재밌나 재미없나、
0x5D6C52	16	FE	1	私は貴方達を信じるよ。	나는 당신들을 믿을게。
0x5D77B4	16	FB	1	あたしがキャプテンだって事を？	내가 캡틴이란걸？
0x5D787C	16	FB	1	あとは自分で何とかする～！	뒤는 알아서 해～！
0x5D7B46	16	F8AD	1	もいバピもいとＬもいミバもいＯあ	
0x5D8102	16	FC	1	さいぃあさい敦ふい尅さいい	
0x5D8184	16	FC	1	っあさいぃあさいごあさいぜあさい	
0x5D88EC	16	FC	1	やあさいヤベもい尅さいしボもい	
0x5D8D24	16	FC	1	やあさい紗もいごベもい尅さい	
0x5D9F65	16	FB	1	狙っていたブラザー、残念！	노린 브라더、유감
0x5D9F76	16	FB	1	捕まえたブラザー、おめでとう！	브라더、축하한다！
0x5DA388	16	FA	1	ちょっと変わった銃らしいぜ。	특이한 총이라네。
0x5DB18B	16	FB	1	３交代制、食事付き。	３교대、식사제공。
0x5DBC23	16	F82E	1	「また、シカが増えてきました。	「또、사슴이 늘어났습니다。
0x5DBC4A	16	FA	1	木が立ち枯れてしまいます。	나무가 말라죽죠。
0x5DC3BA	16	FB	1	星座占いのコーナーだ・・・	별자리 운세 코너
0x5DC687	16	FA	1	帰ったほうがいいでやんすかね？	돌아가는게 낫죠？
0x5DCA0E	16	F809	1	と呼ばれている変異種だ。	라 불리는 변이종
0x5DD417	16	FA	1	殺そうかと思っていたが・・・	죽일까 했었지만
0x5DD9B5	16	FB	1	私一人で行ってくるから。	나 혼자 갈테니。
0x5DDACB	16	FB	1	でもさ、６０００ペラも賞金が	６０００페라 상금이
0x5DDC20	16	FA	1	やっぱり、そのきっかけとなった、	역시、그 계기인、
0x5DDCA4	16	F809	1	は、長い間、他の惑星と	는、오래 딴 행성
0x5DDCB5	16	FA	1	関わりを持たなかったからね。	교류가 없었으니。
0x5DE0AD	16	FA	1	駅もなかなか立派でやんす。	역도 훌륭하답죠。
0x5DE0D4	16	FA	1	直結している所を見ると、	직결된걸 보면、
0x5DE28C	16	FB	1	なければ、さっさと乗り込め。	없으면、얼른 타。
0x5DFB6B	16	FA	1	ライセンス用の写真をとって	면허용 사진 찍고
0x5DFB7C	16	FA	1	１時間ほどお待ちください。	１시간만 기다려。
0x5DFCAD	16	FB	1	賞金稼ぎとして働かないと	사냥꾼 일을 해야
0x5DFCF5	16	FA	1	お金が貰えないでやんすよ！？	돈 못받는답죠！？
0x5DFDE0	16	FD	1	また、オオカミが出たんだって？	또、늑대가 나왔다면서？
0x5DFF9A	16	FB	1	そのオオカミを見た人間は、	그 늑대 본 인간、
0x5E027D	16	FB	1	お兄様を見つけるためなら、	오빠 찾기위해선、
0x5E028E	16	FA	1	どんな努力も惜しみません！	노력을 안아껴요！
0x5E099B	16	FA	1	顔を見せるようになりました。	얼굴 보이게됐죠。
0x5E09E2	16	FA	1	町に迷い込んでしまう事は	마을에 들어오는
0x5E0A06	16	FB	1	町まで来るようになったのは、	마을까지 온것은、
0x5E0AE7	16	FA	1	私達にも生活があります。	우리도 생활있죠。
0x5E0F1B	16	FE	1	あなた、船は持ってるわよね？	당신、배는 갖고 있지？
0x5E1545	16	FB	1	そこにある依頼の報酬と、	거기 의뢰 보수、
0x5E1D3F	16	FA	1	何をするかわかりませんからね。	뭘 할지 모르죠。
0x5E1E16	16	FB	1	じゃあ、仕事もやりやすいな。	그럼、일 쉽겠네。
0x5E1E43	16	FA	1	オオカミ退治にきてくれたの？	늑대잡으러 왔어？
0x5E2027	16	FB	1	とっくに追い抜かれてるかも。	벌써 앞질렸을듯。
0x5E2045	16	FB	1	お話しましょうと言ったのは、	얘기하자고 한건、
0x5E220A	16	FA	1	どんどん被害が広がりそうだ	피해가 점점 커져
0x5E227A	16	FA	1	危ないかもしれないじゃないか！	위험할지도 몰라！
0x5E23D8	16	FB	1	こんなに、お宝があるでやんす。	보물이 많답죠。
0x5E2FF2	16	FB	1	鹿くらい、ささっと片付けて	사슴쯤 후딱 치워
0x5E3686	16	FA	1	何も起きなかったでやんすね。	아무일 없었답죠。
0x5E36C3	16	FB	1	（線路の見える丘の上）	（철길 보이는 곳）
0x5E3880	16	FB	1	もう、みんな戦ってるでやんす！	다들 싸운답죠！
0x5E3A02	16	FA	1	仕事を紹介してしまった。	일을 소개했다。
0x5E3BDB	16	FE	1	他の星では、あまり使われて	다른 별에서는、그다지 쓰이지
0x5E3CB5	16	F809	1	の皆さんが作ってくれました。	분들이 만들었죠。
0x5E3F92	16	FA	1	俺が蹴散らしてやりますよ。	내가 쫓아내주죠。
0x5E45E1	16	F809	1	の所へ行こうと思ってたの。	한테 가려했어。
0x5E490D	16	FB	1	よく考えてみたら、おかしいよ！	생각하면 이상해！
0x5E49B4	16	FB	1	急所を外しちゃったかしら。	급소를 빗나갔나。
0x5E522C	16	F825	1	さん達は、あっちを探してね。	씨들은 저쪽 찾아
0x5E5506	16	FB	1	戻って一度報告しよう。	돌아가 보고하자。
0x56F8BD	15	FB	1	あさい窄さいえあさいねにへい	
0x56FC45	15	FA	1	連邦の支配の象徴。	연방지배 상징。
0x56FC93	15	FA	1	犯罪者は生涯この星	평생 이 별에서
0x56FF78	15	FA	1	小惑星との接触に注	소행성 접촉에
0x5705B4	15	FF	1	あやしい成分が入っている	수상한 성분
0x5705C4	15	FF	1	一度使うとやみつきになる	쓰면 중독된다
0x5705D4	15	FF	1	開けると何かが起こります	열면 뭔가 생김
0x571C0B	15	FC	1	いた３はい！１はい尅さい將	
0x571C46	15	FA	1	さいヂぁへいワゃへい２をへい（	
0x571CDB	15	FC	1	いみ３はいぱろへいた３はいダあ	
0x5720D6	15	FC	1	さいトぉへいボれへいみあさいす	
0x57315A	15	FE	1	さい２んへいみ３はい司へい（	
0x573502	15	FC	1	さいみ３はい！１はいみあさいす	
0x573EF2	15	FE	1	さいしんへいボわへい尅さいっ	
0x574D0C	14	F822	1	ええ、意味なんかねえよ！	이봐、의미 따위 없어！
0x574EEA	15	FB	1	でも仕方ないこと多いね。	어쩔수없지 뭐。
0x5750C7	15	F8F8	1	ありがとう、もう十分です。	고마워、충분해。
0x5750E7	15	F822	1	のバットと銀のバットでーす。	배트와 은 배트입니다。
0x57547E	15	FB	1	私とあなたで広めましょう！	둘이서 퍼뜨려！
0x5757DB	15	FE	1	まだ出発してなかったのか？	아직 출발하지 않았던 거냐？
0x57590B	15	FE	1	己の価値を高めるために	자신의 가치를 높이기 위해
0x575A12	15	FE	1	うーん、まだわからないですね。	으음、아직 모르겠네요。
0x575B3C	15	FA	1	緊張が高まっているとか。	긴장 고조된대。
0x575BC6	15	FA	1	今のうちに逃げるでやんす！	지금 도망칩죠！
0x575E11	15	FA	1	野暮というものでしょうね。	촌스러운거죠。
0x5761F3	15	FA	1	概念ですからこまりますね。	개념이니 곤란해
0x5768F6	15	FE	1	倉庫にあったあまりパーツで	창고에 있던 남은 부품으로
0x577038	15	F804	1	え、それで終わりでやんすか？	엥、그게 끝이죠？
0x577350	15	FA	1	もっと大事なものでやんす！	더 소중한거죠！
0x5773A3	15	FA	1	すごく改善できるんですよ！	엄청 개선돼요！
0x577712	15	FB	1	逃げることは、出来ない。	도망칠순 없다。
0x57775B	15	FA	1	さらしたくないのだ、と思う。	보이기 싫은듯。
0x577A68	15	FA	1	たまには役に立つでやんす！	가끔 도움되죠！
0x577D06	15	FA	1	発見されてくれればいいや。	발견되면 좋지。
0x57830D	15	FE	1	・・・こんなところに、小さく	・・・이런 곳에、작게
0x5785D0	15	FB	1	せめてもの償いなんだなぁ～。	작은 보상이야。
0x5789CE	15	FA	1	回答は用意できるけど、	답은 낼수있지만
0x578A46	15	FA	1	重大な衝動だと思う。	중대한 충동이야
0x578A6A	15	FA	1	偉そうに言うでやんすね～。	잘난척 하십죠～。
0x578BB4	14	F822	1	・・・あらあら、おほほほほ！	・・・어머어머、오호호호호！
0x578BE5	15	FE	1	私が、そんなことを軽々と	내가、그런 것을 가볍게
0x578C51	15	FE	1	どうしても、とおっしゃるのなら	굳이、그러시겠다면
0x578ED6	15	FA	1	連れて行くとかするんだな。	데려가든가 해。
0x57905B	15	FA	1	シミュレーションをやらないか？	모의전 해볼까？
0x5791F2	15	FA	1	ことは、黙っておこう・・・）	건、입다물자）
0x5792FD	15	FA	1	傷つけさせるわけにはいかん。	다치게 못한다。
0x57A134	15	FE	1	・・・ろくなもんじゃないわね。	・・・변변한 게 아니네。
0x57A19D	15	FA	1	どうってことのないものだよね。	별거 아닌거야。
0x57A299	15	FA	1	というのはどういうことなんだ？	란건 무슨 소리？
0x57A713	15	FA	1	用意するのはムリかしらね。	준비는 무린가。
0x57A999	15	FB	1	いっしょに来てもらいますぞ。	같이 와주셔야。
0x57A9F4	15	FB	1	この屈辱、忘れませんよ、	이 굴욕、못잊어、
0x57AB72	15	FA	1	秘密警察のザコどもだ！	비밀경찰 잡졸！
0x57B5AD	15	F825	1	との接触はおやめ下さい。	접촉은 삼가요。
0x57C763	15	F809	1	を恐れる必要がないから、	겁낼것 없으니、
0x57C977	15	FA	1	では使用禁止だけどな。	에선 사용금지。
0x57D051	15	FA	1	タイプと相性がいいからな。	타입과 궁합좋다
0x57D31F	15	FA	1	いちいち生意気でやんす！	일일이 건방져！
0x57D523	15	FA	1	これをくぐるのは勇気がいる	지나려면 용기다
0x57DAD5	15	FB	1	とりあえず、あれをいただこう！	일단、저걸 받자！
0x57DBD9	15	F809	1	の兵士は、みんな一発で	병사들은 한방에
0x57E082	15	F809	1	、また化粧をしているのか？	、또 화장하냐？
0x57E3A9	15	FB	1	インテリアとしてどうかと・・・	인테리어 어떨까
0x57E433	15	FA	1	ちょっと修理しておいたぜ。	좀 수리해뒀어。
0x57E910	15	FB	1	で・・・映ってるのは誰だ？	비친건 누구야？
0x57EAE5	15	FB	1	ワクチンに気づかなかったぞ。	백신을 몰랐다。
0x57EC0A	15	FD	1	本音を言うとさ、あんたに	속마음을 말하자면、당신에게
0x57ECBE	15	FD	1	言っとくけど、やばくなったら	말해 두겠는데、위험해지면
0x57EFFA	15	FA	1	最高の宣伝になったぞ。	최고 선전됐다。
0x57F8F8	15	FB	1	どうぞ、使ってみてください。	자、써보세요。
0x5801E8	15	FE	1	オイラ達、ヒーローでやんす！	우리는、히어로입죠！
0x58045A	15	FA	1	援助が欲しいのでやんす。	지원이 필요죠。
0x58046D	15	FE	1	５００ペラで十分でやんす。	５００페라면 충분합죠。
0x580734	15	FE	1	「どうして木の上で楽しく	「어째서 나무 위에서 즐겁게
0x5809C4	15	F805	1	こういうのはプライベートだろ。	이런건 사생활。
0x5809F8	15	F804	1	このオレ様が軍規となって	내가 군법이 돼
0x580E6E	15	FA	1	弾道のくせは見ておくが、	탄도는 보지만、
0x580F57	15	FA	1	お姫様の立体映像を	공주님 입체영상
0x580F90	15	FA	1	さすがに食傷ぎみでやんす。	역시 좀 질립죠。
0x58107C	15	FB	1	侮辱罪で逮捕するー！	모욕죄로 체포！
0x5815A4	15	F815	1	ワクチンを購入しに行く。	백신 사러간다。
0x5819AC	15	FA	1	説明してなかったんですか？	설명 안했었나？
0x581AB4	15	FB	1	今度、説明しとくよ。）	나중에 설명할게
0x581E57	15	FA	1	宇宙人なんでやんすよね？	우주인이랍죠？
0x58224D	15	FA	1	買って出たというわけです。	자청했다는거죠。
0x582329	15	FA	1	一生うまくやっていけないと	평생 못지낸다고
0x58268F	15	FA	1	それだけ効果があります！）	그만큼 효과가！）
0x582A7D	15	FA	1	今朝１個だけ入ってね。	아침에 １개 왔다
0x582E9D	15	F805	1	・・・秘密の地下道？	비밀 지하도？
0x582F7B	15	FA	1	誰にも言っちゃだめですよ！	아무한테도 비밀
0x58394A	15	FE	1	今後ともよろしく頼むよ。	앞으로도 잘 부탁하네。
0x583A93	15	FA	1	紙に書いて木にぶらさげる	종이에 써 걸어
0x583ACB	15	FA	1	似たようなのがあるでやんす。	비슷한거 있죠。
0x583B2F	15	FA	1	神に感謝するべきだろう。	신께 감사해야。
0x583E81	15	FB	1	ココハ立チ入リ禁止ダ！	여긴 출입금지！
0x584762	15	FA	1	思うのですが、どうでしょう。	만들까 싶은데。
0x584AD5	15	FA	1	スリープモードにするでやんす。	슬립모드 갑죠。
0x584FEF	15	FA	1	それは英雄ではないですか。	그건 영웅아닌가
0x585152	15	FA	1	実用的でなくてはいかん。	실용적이라야지。
0x5852AF	15	FA	1	聞いてくれないでやんすか？）	안들어줍죠？）
0x58558F	15	FB	1	わたしが望んでいたものとは。	내가 바라던 것。
0x5856C6	15	FE	1	ちょっとすっきりしましたけど。	조금 후련해졌습니다만。
0x585852	15	FA	1	そのうちにパンクしてしまうぞ？	곧 펑크나겠어？
0x585972	15	FA	1	今日楽しんでおかないのは	오늘 안즐겨두면
0x5859A4	15	FA	1	プラモを作ってくるでやんす！	프라모 만들죠！
0x585C99	15	FB	1	なにを聞いたか知らないが、	뭘 들었건간에、
0x585D2E	15	FB	1	ぜひ話を聞かせてください。	꼭 얘기 들려줘。
0x58603A	15	FB	1	そして、最も重要なことは	그리고、중요한건
0x58650E	15	FE	1	あ・・・戦利品でやんす！	・・・전리품입죠！
0x586B4F	15	FA	1	くず食材をもらってるんだ。	남은 재료 받아。
0x586BC6	15	FA	1	こっそり使わせてもらってる。	몰래 쓰고있어。
0x586BE7	15	FA	1	警察に追い出されるから	경찰에 쫓겨나서
0x586C23	15	FD	1	でも将来はどうするんです？	하지만 장래는 어쩔 겁니까？
0x586C71	15	FE	1	まあ長生きはできんだろうが	뭐 오래 살지는 못하겠지만
0x586D15	15	FA	1	のんびりやらせてもらってるよ。	느긋하게 지내。
0x58702F	15	FB	1	チッ、ちょこまかと逃げるな！	칫、도망가지마！
0x58742C	15	FB	1	女に運ばれてご帰還か？	업혀 귀환하냐？
0x58747B	15	FB	1	それに、運んでもらえるんなら	옮겨준다면야、
0x58757E	15	FA	1	工業惑星でやんすよね。	공업행성이죠。
0x587870	15	F809	1	は宇宙一の星なんだぞ。	우주제일의 별。
0x587A15	15	FB	1	すぐにやらさせていただきます！	곧 하겠습니다！
0x587BF7	15	FB	1	借りていただけなんだなぁ～。	빌렸을 뿐이야～。
0x58822C	15	FA	1	無理しちゃダメでやんすよ。	무리하면 안돼요
0x5883A3	15	FB	1	マッドサイエンティストとしての	미친과학자로서
0x58845C	15	FD	1	さあ、くわしい話は後です！	자、자세한 이야기는 나중입니다！
0x588A77	15	FA	1	会社は許してくれるかな？	회사가 봐줄까？
0x588D26	15	FB	1	私は盾で、彼女は剣。	난 방패、걘 검。
0x588D8C	15	FB	1	どんな外見だったんだろう。	어떤 외모였나。
0x588F5F	15	F809	1	は、ちょっと乱暴な口調	는、좀 거친 말투
0x588FA5	15	FA	1	あたしの方がメインなんです。	내가 메인이죠。
0x589286	15	FA	1	自分のビジネスを、きっちり	제 사업 제대로
0x5892CF	15	FE	1	お子様にはホント困るわ。	애들한테는 정말 곤란해。
0x589338	15	FE	1	あの子が強くなってくるのが	그 아이가 강해지는 것이
0x5893EF	15	FA	1	というのは、いささか高・・・	라기엔、좀 비싸
0x589444	15	FA	1	持っていってはいけませんぞ。	가져가면 안돼。
0x589484	15	F809	1	君、しばらく黙っていろ！）	자네、좀 조용히）
0x58950E	15	FA	1	わが社の信用に関わる。	회사 신용문제。
0x58994F	15	F809	1	君って、今なにが欲しい？	지금 뭘 원해？
0x589A29	15	FB	1	すごく有効な投資だよ。	아주 좋은 투자。
0x589AA8	15	FE	1	死んだ後いける場所は、	죽은 뒤에 갈 수 있는 곳은、
0x589BA2	15	FA	1	お金をもうけようとするはずが	돈 벌려던 것이
0x589F47	15	F809	1	が移動を開始しました。	가 이동 시작。
0x589F9E	15	FB	1	よかったと言っていいのかな？	다행이라 할까？
0x589FBD	15	F809	1	の狙いがわかりませんからね。	속셈을 모르니。
0x58A0D7	15	FB	1	メールだから、何を言っても	메일이라 뭐래도
0x58A158	15	FE	1	ここでこちらが動揺すれば、	여기서 이쪽이 동요하면、
0x58A69A	15	FA	1	この積荷を運んでおいて。	이 짐을 옮겨둬。
0x58A963	15	FD	1	それにひっかかったんでやんす！	거기에 걸려들었습죠！
0x58B1F0	15	FA	1	「野郎」はないんじゃない？	「자식」은 아냐？
0x58B287	15	FB	1	さあどうぞ、お通りください。	자、지나가세요。
0x58BB56	15	FA	1	気づかずに入ってきたんだ。	모르고 들어왔어
0x58BBF9	15	FE	1	オイラもひどい目にあわされた	나도 험한 꼴을 당했다
0x58BC90	15	FE	1	ちなみに、これがそのときできた	참고로、이게 그때 생긴
0x58BCED	15	FA	1	ギャフンと言わせるでやんす。	코납작 만들죠。
0x58BD6D	15	FA	1	シャワールームに入ろうとして	샤워실 들어가려
0x58BEFF	15	FA	1	会社が回収したからな。	회사가 회수했다
0x58C086	15	FB	1	なに当たり前のことを・・・	뭘 당연한 소릴
0x58C419	15	FB	1	この子、ちょっと借りるよ。	이 애 빌릴게。
0x58CBD5	15	FA	1	無料で交付いたします。	무료 발급해요。
0x58CD8C	15	F809	1	治安大臣の意見は？	치안대신 의견？
0x58D26D	15	FB	1	ちょっとムシャクシャしててな。	좀 짜증나서。
0x58D364	15	FB	1	オレはもう誰も、愛さねぇ！	이제 사랑안해！
0x58D400	15	FE	1	そんな形だけの慰めなんて、	그런 형식뿐인 위로 따위、
0x58D6DD	15	FB	1	他のサルたちが止めましたが	놈들이 말렸지만
0x58D79F	15	FB	1	やがて地面に降りたサルは	땅에 내린 놈은
0x58D80D	15	FB	1	地上は、こうしてサルたちの	지상은 원숭이
0x58DDF9	15	FE	1	状況を冷静に考えろ。	상황을 냉정하게 생각해라。
0x58E0AB	15	FA	1	なんだか見てはいけないものを	봐선 안될것을
0x58E1BD	15	FB	1	いや、ロボットかサイボーグか。	로봇인가 뭔가。
0x58E425	15	FE	1	一般の兵士にいたっては	일반 병사에 이르러서는
0x58E591	15	FA	1	耐えられないレベルではない。	견딜만 하다。
0x58E7C3	15	F809	1	のゲリラたちも大喜び・・・	게릴라도 대환영
0x58E81F	15	FE	1	・・・だいたい、これを読めば	・・・대체로、이걸 읽으면
0x58E94B	15	FA	1	苦しみは相当なものだぞ。	고통은 상당해。
0x58E9C4	15	FE	1	これにこりたら、あんたも・・・	이걸로 질렸으면、당신도・・・
0x58EA25	15	FA	1	だけで、ベストセラーいけるよ！	만으로 대박나！
0x58EBE0	15	FE	1	スポーツカーにクレーンをつける	스포츠카에 크레인을 다는
0x58ED2C	15	FD	1	相反する機能って何？	상반되는 기능이라니 뭐야？
0x58EEA2	15	FD	1	それより、ニンジャの訓練で	그보다、닌자 훈련에서
0x58F049	15	FA	1	一目置かれてたんですよ！	인정받았었죠！
0x58F07B	15	FA	1	ぺらぺらしゃべっていいのか？）	떠들어도 돼？）
0x58F0A7	15	FA	1	もう死んじゃったんですよね。	이미 죽어버렸어
0x58F0C5	15	FA	1	ハエの子供のエサに・・・・	파리새끼 먹이로
0x58F2EF	15	FB	1	それに、そもそもロボットだから	애초에 로봇이니
0x58F6E1	15	FB	1	宇宙の損失だぞ、コラ。	우주의 손실이다
0x58F7AA	15	FE	1	じゃあ、早めに慣れとけよ！	그럼、빨리 익숙해져 둬라！
0x58F882	15	FB	1	今日は盛大に行くぜ！	오늘은 성대하게
0x58F93F	15	FA	1	ワクチンを収集しています。	백신을 모읍니다
0x58FB4B	15	F809	1	は無敵の要塞だからな。	무적 요새니까。
0x58FBD0	15	FD	1	・・・あれは事故ではなく、	・・・그건 사고가 아니라、
0x5900C9	15	FA	1	ワクチンのことを話します～！	백신 얘기할게～！
0x5903CE	15	FD	1	野良犬までロボットだぞ！	들개까지 로봇이다！
0x5907AB	15	FA	1	お世辞でもうれしいですよ。	빈말도 기뻐요。
0x59087E	15	FA	1	帰ってきませんでしたからね。	안돌아왔으니까。
0x59092B	15	FB	1	誰とでもすぐ仲良くなって	누구와도 친해져
0x5909A4	15	FA	1	あまり立派じゃないような。	별로 안훌륭한듯
0x590BF6	15	FA	1	こちらのツールを使ってみては	이 툴을 써보면
0x590D64	15	FA	1	済ませておきたいじゃないか。	끝내두고 싶어。
0x590FC8	15	FA	1	たしかに実力はあったな。）	실력은 있었지。）
0x5914E5	15	FA	1	起こすことになりかねません。	일으킬지도 몰라
0x59182A	15	F82E	1	１７８０で買ってくれないか？	１７８０에 사 주지 않겠나？
0x591C2B	15	FB	1	このドアを開ければいいのね？	이 문 열면 돼？
0x591F8C	15	FA	1	とっとと出て行くでやんす！	얼른 나갑죠！
0x59216A	15	FB	1	こっちのハコはいい物だぁ～。	이 상자 좋은거～
0x5922F9	15	FA	1	もったいないから、追いかけて	아까우니、쫓아가
0x592B03	15	FA	1	穏健派の村もあります。	온건파 마을도。
0x592B24	15	FE	1	・・・どうせ、裏ではゲリラを	・・・어차피、뒤에서는 게릴라를
0x592B34	15	FA	1	支援しているにちがいない。	지원하는게 분명
0x592B5F	15	FA	1	大統領命令でなければ	대통령령 아니면
0x592BA0	15	FE	1	それより、ゲリラの壊滅には	그보다、게릴라의 궤멸에는
0x592D13	15	F809	1	の勘は、よう当たるからな。	감이 잘 맞으니。
0x592DD8	15	FA	1	大統領に接近する。）	대통령에 접근。）
0x593202	15	FE	1	かつて先輩は言いました。	예전에 선배가 말했습니다。
0x59332B	15	FE	1	それがまさかあんなことに・・・	그게 설마 그런 일이・・・
0x5934E9	15	FB	1	さては本気にしてませんね！	진심 아니시죠！
0x5938B9	15	FA	1	あの星に捕まってるのカニ。	저 별에 잡혔다。
0x59397C	15	FA	1	君達は男と女なわけか？	너희 남녀인가？
0x593AC6	15	FA	1	私ヨリはっぴーニナロウトハ、	나보다 행복하려
0x593C35	15	FB	1	今日のところはこのくらいで	오늘은 이쯤에서
0x593D24	15	FD	1	今日も訓練してるのか？	오늘도 훈련하고 있나？
0x594152	15	FB	1	ようやく到着したようだな。	겨우 도착한듯。
0x594353	15	FB	1	自分たちを食べてるのに？	자길 먹는데도？
0x594564	15	F809	1	の兵隊の半分ぐらいは、	병사 절반쯤은、
0x5946E7	15	FE	1	危険な任務には、必ず	위험한 임무에는、반드시
0x5947D6	15	FA	1	とっとと逃げ出したけどね。	얼른 도망쳤지만
0x594D48	15	FA	1	その話題で持ちきりだよ。	그 얘기 뿐이야。
0x595309	15	F809	1	の勝利は大穴ですもの、	승리는 대이변、
0x59532A	15	FA	1	ガタガタにしてさしあげますわ。	박살내드리죠。
0x595570	15	FA	1	いいと思うんでやんすけどね。	좋다고 봅죠만。
0x5955AA	15	FB	1	パーツの値段が高いから、	부품값 비싸서、
0x595888	15	FB	1	悪意があったわけじゃない。	악의는 없었다。
0x595999	15	FA	1	大丈夫と思うけど・・・	괜찮을것 같지만
0x595D87	15	FB	1	い、いや、そんなことねえって！	아、아냐、그런거！
0x596288	15	FD	1	よく考えたら、強いからって	잘 생각해 보면、강하다고 해서
0x5962D3	15	FB	1	好きな人と一緒に・・・	좋아하는 사람과
0x596355	15	FB	1	お客さんもいらっしゃったし、	손님도 오셨고、
0x59641F	15	FE	1	こっちは機甲大隊・・・	이쪽은 기갑대대・・・
0x5964F8	15	FB	1	とりあえず、まずあっちを・・・	일단、먼저 저쪽
0x596D3C	15	FD	1	クックックック・・・楽しみ。	쿡쿡쿡쿡・・・기대되네。
0x596FB9	15	FA	1	ワクチンを４トン用意した。	백신 ４톤 준비。
0x5972C5	15	FB	1	今回は俺に任せてくれ。	이번엔 맡겨줘。
0x597596	15	FB	1	だから君の力を借りたい。	네 힘이 필요해。
0x59765C	15	FB	1	オマエのバカにつきあってやる。	바보짓 놀아주마
0x5977FE	15	FD	1	こっちは・・・まだ戦えるぞ。	이쪽은・・・아직 싸울 수 있다。
0x5980F8	15	F809	1	によるワクチン封鎖について	백신봉쇄에 대해
0x5982D0	15	FB	1	俺みたいなむさくるしい男が	나같은 촌놈이
0x59846B	15	FA	1	統治をなさっておいでです。	통치하고 계셔。
0x5984D7	15	FA	1	どうして別の星の種族が	왜 딴 별 종족이
0x5985B9	15	F809	1	と手を組んで軍事力で	손잡고 군사력
0x59871F	15	FA	1	宇宙で大人気ですよ。	우주 대인기죠。
0x598AD0	15	FD	1	こんな変なもの置いてくな！	이런 이상한 것을 두고 가지 마라！
0x598B28	15	FD	1	こっち襲ってくるでやんすー！	이쪽으로 덮쳐옵죠ー！
0x598E01	15	FA	1	積荷を調べるんでやんす？	짐을 조사합죠？
0x598E9D	15	F815	1	おとなしく検査を受ける。	순순히 검사받아
0x599297	15	FA	1	そんな扱いをするなんて・・・	그런 취급이라니
0x5992AE	15	F807	1	よほど命がいらないらしいね。	어지간히 목숨이 필요 없나 보군。
0x599394	15	FB	1	それも輸入品がどうとか、	그것도 수입품이
0x59945C	15	F809	1	のことを深く憎んだわけよ。	를 깊이 증오해。
0x5994D9	15	FB	1	彼女が本気を出せば、	걔가 진심내면、
0x599955	15	FA	1	とっとと逃げるでやんす・・・	얼른 도망칩죠
0x5999C3	15	FD	1	データは散々見たけれど、	데이터는 실컷 봤지만、
0x59A3D0	15	FB	1	奇跡的に助かってます。	기적적으로 살아
0x59A549	15	FB	1	教官と呼ばないでくれよ。	교관이라 부르지
0x59A595	15	FB	1	事故で船をなくしたんだ。	사고로 배 잃다。
0x59A65B	15	FB	1	実力とハートさえあればな。	실력과 근성이면
0x59A6C5	15	FA	1	信頼できるから安心だ。	믿을만해 안심。
0x59A98F	15	FB	1	君にプレゼントがあるんだが。	자네 선물 있어。
0x59AA9E	15	FE	1	まあ、この船に乗ってからは	뭐、이 배에 탄 뒤로는
0x59AB6B	15	FA	1	パーティへの潜入任務。	파티 잠입임무。
0x59AD8C	15	FE	1	・・・あれは間違いだった。	・・・그건 잘못이었다。
0x59AD9F	15	FE	1	彼らはただの民間人で、	그들은 그저 민간인이고、
0x59AEAF	15	FB	1	外に出ると疲れるからよ。	나가면 피곤하니
0x59B2EB	15	F809	1	の超能力強すぎるから。	초능력이 너무세
0x59B3F6	15	FE	1	どうやら、終わったようだな。	아무래도、끝난 모양이군。
0x59B5D0	15	FA	1	ひっくり返せなくてどうする！	뒤집지 못하면！
0x59B9CF	15	FD	1	・・・迷惑な奴だったな。	・・・민폐인 녀석이었군。
0x59BAFF	15	FA	1	非常に微妙なところだ。	매우 미묘하다。
0x59BDF9	15	FA	1	いろいろと都合があるんだ。	여러 사정있다。
0x59BF21	15	FD	1	・・・あいかわらず堅いねぇ。	・・・여전히 딱딱하네。
0x59C0E2	15	FA	1	渡しませんからご安心を。	안넘기니 안심。
0x59C18F	15	FB	1	ブルー入りまくりでやんすよ。	완전 우울합죠。
0x59C1EB	15	FB	1	わたしもちょっとブルーでーす。	저도 좀 우울해。
0x59C533	15	FA	1	その信号は有効だった。	신호는 유효했어
0x59C5AD	15	FB	1	・・・あのスペアの体の中で	예비 몸속에서
0x59C6EF	15	F82E	1	・・・生きては帰しません。	・・・살려서 보내지 않습니다。
0x59C93F	15	FA	1	ために生産してもらうんだ。	위해 생산시켜。
0x59CA3C	15	FA	1	作れないかなぁと思ってさ。	만들까 싶어서。
0x59CDBB	15	FD	1	この星には９０００億人も	이 별에는 ９０００억 명이나
0x59CDFE	15	FA	1	あるんだと思ってたでやんす。	있는줄 알았죠。
0x59CED0	15	FD	1	・・・開発のやりすぎだな。	・・・개발이 과했군。
0x59D07E	15	FD	1	こちらが困ってると知って、	이쪽이 곤란하다는 걸 알고、
0x59D0F7	15	FD	1	そんなにお金はありませんよ。	그렇게 돈은 없어요。
0x59D11A	15	F809	1	政府も今はお金がない。	정부도 돈없다。
0x59D27C	15	FE	1	・・・ほら、見てくださいよ。	・・・자、보십시오。
0x59D379	15	FA	1	よくわからない概念ですね。	잘 모르는 개념。
0x59DC89	15	F804	1	オイ、オマエ達シッカリシロ！	야、정신차려라！
0x59DF27	15	FB	1	・・・閣下はそれらのことが	각하는 그것들이
0x59E272	15	FA	1	ついて行ったものやら・・・）	따라갔는지 원）
0x59E56C	15	FA	1	悪夢のような体験だよ。	악몽같은 체험。
0x59E59A	15	FA	1	たいしたことはありませんねぇ。	별거 아니네요。
0x59E766	15	FD	1	変なもの置いて逃げるな！	이상한 것을 두고 도망치지 마라！
0x59E98F	15	F809	1	の先輩は負けたんだよな。	의 선배는 졌지。
0x59E9FC	15	FB	1	あなたを倒したい気持ちは	이기고픈 맘만은
0x59EA0C	15	FA	1	誰にも負けないというのに！	아무에게도 안져
0x59ED65	15	FB	1	その隙をつけば、勝てます！	그 틈에 이겨요！
0x59EE22	15	F8F8	1	・・・両腕をなぜ失った？	두팔 왜 잃었나？
0x59F10A	15	FA	1	大繁盛すると思わない？	대박날것 같지？
0x59F49A	15	FB	1	サンプル細胞があるのなら、	표본세포 있으면
0x59F980	15	F809	1	大臣をなんとかしなくては！	장관을 어떻게든
0x59FA50	15	FA	1	追い詰めてしまうでやんす。	몰아붙여버립죠。
0x59FC5A	15	FA	1	逆らいつづけるというのなら、	계속 거스르면、
0x59FF6C	15	FA	1	女王モグラ退治ですよ。	여왕쥐 퇴치죠。
0x59FFA5	15	FB	1	ただし、相手はテロリストの	단、상대는 테러
0x5A027F	15	F809	1	の位置も割り出せるさ。	위치도 알아내지
0x5A07A6	15	FA	1	すぐに大金持ちでやんす！	곧 큰부자랍죠！
0x5A0B67	15	F809	1	を捜索に向かわせましたが	수색 보냈지만
0x5A0D6D	15	FD	1	・・・ちょっと調べてみるか。	・・・조금 조사해 볼까。
0x5A11AB	15	FB	1	そろそろ離脱させましょう。	슬슬 이탈시켜。
0x5A11F2	15	FE	1	王宮前の宇宙港は、	왕궁 앞 우주항은、
0x5A1325	15	FA	1	この損害は許容します。	이 손해는 허용。
0x5A14AB	15	FA	1	無駄にしないためにも・・・	헛되지 않도록
0x5A1665	15	F82F	1	ええい、あの連中を殺せ！	에이、저 무리를 죽여라！
0x5A1E52	15	F807	1	それより、お前は何者だ！	그보다、너는 누구냐！
0x5A1F9E	15	FB	1	瞬間に移動できる力が	순간이동 능력이
0x5A209C	15	FA	1	っていう連中なんでやんす！	라는 놈들이죠！
0x5A20BF	15	FA	1	もっともらしい事を言って、	그럴듯한 말하고
0x5A216C	15	FB	1	色々拝借したんだなぁ～	이것저것 빌렸네
0x5A218C	15	FB	1	ありがとうなんだなぁ～～～～。	고맙다네～～～。
0x5A23CC	15	F809	1	という精神が寄生して、	정신이 기생해、
0x5A24D5	15	FA	1	攻撃的になっちゃうのよ。	공격적으로 돼。
0x5A2626	15	FB	1	寄生してみてわかったけど、	기생해보니 알아
0x5A2692	15	FA	1	細胞が代謝しているの。	세포가 대사해。
0x5A273C	15	FE	1	・・・まあ、大人のあたしは	・・・뭐、어른인 나는
0x5A2A00	15	F809	1	と無関係な企業なんて	무관한 기업따위
0x5A2A2E	15	F809	1	を中傷するようなニュースは	중상하는 뉴스는
0x5A2C99	15	FD	1	あのテープでの俺のセリフは、	그 테이프에서의 내 대사는、
0x5A2D22	15	FA	1	時代にいるのかもしれねえ。	시대에 있을지도
0x5A30A6	15	FD	1	どうしてこんな書類にサイン	어째서 이런 서류에 서명
0x5A317E	15	FB	1	そこで何をやってるんですか。	거기서 뭐해요。
0x5A31F2	15	FD	1	あ、お怪我はありませんか？	아、다치지는 않으셨습니까？
0x5A3292	15	FA	1	この星で生活してるのか？	이 별에서 사냐？
0x5A38F2	15	F809	1	は完全に生命体です。	는 완전 생명체。
0x5A3992	15	FA	1	恐怖を感じたんでしょう。	공포를 느꼈겠지
0x5A3B11	15	F809	1	に危険はないというわけか。	에 위험은 없나。
0x5A3B3B	15	FA	1	見逃してもらっていた・・・	봐주고 있었다
0x5A3F72	15	FB	1	宇宙港が写ってました。	우주항이 찍혔어
0x5A4551	15	FA	1	戦いを考えて欲しいんだ。	싸움을 생각해。
0x5A47B1	15	FD	1	俺に止めることはできない。	내가 막을 수는 없다。
0x5A493F	15	FE	1	いや、実によくやってくれた！	아니、정말 잘해 주었다！
0x5A4A3B	15	FB	1	いずれ、お主らに協力して	언젠가 협력을
0x5A5389	15	FB	1	どうも昔の取引相手は	예전 거래상대는
0x5A5484	15	FD	1	それにしても悲しいねぇ・・・	그건 그렇고 슬프구나・・・
0x5A5977	15	FA	1	散乱してたらしいでやんす！	흩어져있었답죠！
0x5A5AB0	15	F809	1	が爆撃を予告して・・・	가 폭격 예고해
0x5A5F6F	15	FE	1	爆撃任務を中断して	폭격 임무를 중단하고
0x5A60C2	15	FD	1	宇宙港の倉庫のカギ？	우주항 창고의 열쇠？
0x5A6116	15	FB	1	そのうちの一部をプレゼント	그중 일부 선물
0x5A62DE	15	FA	1	ナワバリをめぐって争うとか。	영역 다툼인가。
0x5A63A2	15	FA	1	優先的に保護するのが	우선 보호하는게
0x5A653E	15	FB	1	だって、使い捨てですもの。	그야、일회용인걸
0x5A65D0	15	FB	1	じゃあ、失業者って・・・	그럼、실업자란
0x5A6858	15	FA	1	少しは金を持ってるから、	돈은 좀 있으니、
0x5A6902	15	FA	1	奪われないようにしてくれよ。	안뺏기게 해줘。
0x5A6A4F	15	FB	1	広く知られているのでカニ。	널리 알려졌다。
0x5A70ED	15	FA	1	ワクチン５トンをわたすでカニ。	백신 ５톤 준다。
0x5A71DB	15	F809	1	に目をつけられたんですよね。	에게 찍혔죠。
0x5A725F	15	FA	1	太陽光線がさえぎられて	태양빛이 가려져
0x5A75E7	15	FA	1	テロ行為をしてくるんです。	테러행위 해요。
0x5A76C2	15	F809	1	の軍隊にやってくれないと。	의 군대에 해줘。
0x5A7740	15	FB	1	そのうちいくつかが、この星に	몇개가 이 별에
0x5A77EA	15	FB	1	大量に発掘されるのに、	대량 발굴되는데
0x5A7C04	15	FD	1	ま、キミも注意することだ。	뭐、자네도 조심하는 게 좋아。
0x5A7C9C	15	F809	1	のネジ工場の映像です。	나사공장 영상。
0x5A800A	15	FA	1	平然としているでしょうね。	태연하겠죠。
0x5A80E0	15	FA	1	使っては問題があります。	쓰면 문제있죠。
0x5A82A2	15	FA	1	見ると、本物じゃないかと	보면、진짜같은데
0x5A8429	15	FA	1	驚いてしまいましたけれどね。	놀라긴 했죠。
0x5A84B0	15	FA	1	どうなっていたんだろう・・・）	어떻게 됐을까）
0x5A88BC	15	FA	1	思ってもみませんでしたから。	생각도 못했죠。
0x5A8975	15	FE	1	私には、何も言えません。	저는、아무 말도 할 수 없습니다。
0x5A8C67	15	FA	1	近づく前にやられていたぞ。	접근전에 당했어
0x5A8E03	15	FA	1	どこへ向かってるんでやんす？	어디로 향합죠？
0x5A8E22	15	F809	1	の大統領を確保する。	의 대통령 확보。
0x5A900A	15	FB	1	別の可能性の宇宙、	딴 가능성 우주、
0x5A904B	15	FD	1	で、その自称ヒーロー様が	그래서、그 자칭 히어로님이
0x5A90D1	15	FA	1	すべて解決できたのやんす。	전부 해결했습죠
0x5A931A	15	FA	1	置く奴は見たことがない。	두는 놈 못봤다。
0x5A9501	15	FA	1	行なっていたはずですからね。	했을테니까요。
0x5A95AD	15	FA	1	「ありふれててつまらない」から	「흔해 시시하다」
0x5A95DD	15	FB	1	じゃあ、このデータは一体！	그럼、이 자료는！
0x5A98DC	15	F809	1	は勝手に引き上げたさ。	는 멋대로 철수。
0x5A99C6	15	FB	1	しばられるのがイヤだったんだ。	묶이는게 싫었어
0x5A9CDF	15	FA	1	このゲームは知ってるんだな。	이 게임 알겠지。
0x5AA07A	15	FA	1	説明して欲しいでやんす！	설명 부탁합죠！
0x5AA0A9	15	F8F8	1	１３枚配るんじゃないのか？	１３장 나누잖아？
0x5AA0DB	15	FA	1	ポーカーと呼ばれてるゲームが	포커란 게임이
0x5AA264	15	FB	1	そんなルールでプレイできるか！	그런 룰로 하냐！
0x5AA3D7	15	FA	1	ルールが知りたくなってきた。	룰이 궁금해졌어
0x5AA5B9	15	FA	1	連れて行かないとダメだよ。	데려가야 한다。
0x5AA5F7	15	FA	1	雇っていくのがいいらしいな。	고용해가면 좋대
0x5AA7E4	15	FA	1	弾を節約しなきゃいかん。	탄약 아껴야해。
0x5AA976	15	FB	1	それ以外にどんな方法が	그외 어떤 방법
0x5AAAFA	15	FA	1	お売りしてもよろしいですよ。	팔아드릴게요。
0x5AABB4	15	FB	1	今も、せいぜい１トン分しか	지금도 겨우 １톤
0x5AAC71	15	FA	1	利用するわけにいきません。	이용할순 없죠。
0x5AACC0	15	FA	1	それで押していってください。	그걸로 밀어봐。
0x5AAF40	15	FB	1	待っていたわ、悪党ども！	기다렸다、악당들
0x5AB016	15	FB	1	・・・犯罪は犯罪です。	범죄는 범죄죠。
0x5AB026	15	FB	1	きちんと罰せられてください。	제대로 벌받아。
0x5AB1E5	15	FB	1	それでこそアタシのライバルよ！	그래야 라이벌！
0x5AB2FB	15	FA	1	多少の破壊行為には	약간의 파괴행위
0x5AB37C	15	FA	1	ワクチンを車に積み込んで	백신 차에 싣고
0x5AB4C0	15	FA	1	自分でなんとかできるだろ。	스스로 하겠지。
0x5AB993	15	FA	1	必要な人物だったのに。	필요한 인물인데
0x5ABAED	15	FA	1	秘密同盟なのですから。	비밀동맹이니까。
0x5ABE82	15	F809	1	の権益を縮小するような	의 권익 줄이는
0x5ABE92	15	FA	1	政策をとる大統領は、	쓰는 대통령은、
0x5AC13A	15	F800	1	宇宙経済の崩壊だ。	우주 경제의 붕괴다。
0x5AC388	15	FB	1	まったくどういうことですかな。	대체 무슨 일이。
0x5AC6BD	15	FB	1	さて、小型ブラックホールが	자、소형 블랙홀
0x5AC7C5	15	F809	1	グループに参加していたのは	그룹 참가했던건
0x5ACAAC	15	FE	1	だから、証拠はデッチあげで	그러니까、증거는 조작이고
0x5ACC02	15	FA	1	証拠を集めたのに・・・・	증거를 모았는데
0x5ADB11	15	F815	1	とにかく連邦を止めるぞ！	연방을 막자！
0x5ADC29	15	FA	1	引き上げて行きました。）	철수해 갔어요。）
0x5ADFBB	15	FA	1	植民星を滅ぼしている。	식민성을 멸한다
0x5AE097	15	FE	1	とにかく３つ目のデータなどと	어쨌든 세 번째 데이터라는 둥
0x5AE0A7	15	FA	1	いうものは存在しないんだ！	란건 존재안해！
0x5AE187	15	FA	1	あんな危険なデータを・・・	저 위험한 자료
0x5AEBC0	15	FB	1	あなた、死なずにすみそうよ。	당신、안죽겠네。
0x5AEF34	15	FE	1	それで今回の件のお礼と	그래서 이번 건의 답례와
0x5AEFDC	15	FA	1	命を狙われていたんですか？	목숨을 노렸나？
0x5AF2D3	15	FE	1	・・・お役に立ちますわよ？	・・・도움이 될 거예요？
0x5AF307	15	FB	1	ちょっとお前らもつきあえよ。	너희도 좀 껴라。
0x5AF405	15	FD	1	あまり感心できませんねー？	그다지 감탄스럽지 않네요ー？
0x5AF5A2	15	FA	1	ちゃんと稼動してたんだぜ。	제대로 가동했어
0x5AF7E9	15	FA	1	異なるものに成長します。	다르게 성장해。
0x5AF967	15	FB	1	オンリーワンで００１あることを	온리원 ００１인것
0x5AFA09	15	FB	1	メモリーユニットを、自分で	메모리유닛、직접
0x5AFA8F	15	FD	1	自分で自分のメモリーを	스스로 자신의 메모리를
0x5AFCED	15	FA	1	補充しようと、このタイプを	보충하려、이타입
0x5AFD24	15	FA	1	自信をなくしちまったんだ。	자신감 잃었다。
0x5B034B	15	F809	1	の輸入を禁止してきた。	수입을 금지했어
0x5B0830	15	FB	1	そこに我々のエージェントが	거기 우리 요원
0x5B0C54	15	FA	1	お金もうけの基本ですよ。	돈벌이의 기본。
0x5B0E72	15	F809	1	から来た人たちでやんすね。	에서 온 사람들。
0x5B10E8	15	FB	1	どうぞ、向こうの部屋へ。	자、저쪽 방으로。
0x5B14C8	15	FA	1	かかるのだけはゴメンでやんす。	걸리긴 싫답죠。
0x5B16C5	15	FD	1	いいや、仮に死んでいたって	아니、설령 죽었다 해도
0x5B18AA	15	FB	1	あちこちからロボットたちが！？	사방에 로봇들！？
0x5B1F90	15	FE	1	最終奥義「蓮華」！	최종 오의 「연화」！
0x5B22C5	15	FE	1	すごく目立ってるでやんす。	굉장히 눈에 잘 보입죠。
0x5B2392	15	FB	1	だから内容は話せません。	내용은 못말해。
0x5B23F7	15	FA	1	そうとしか見えないんだけど。	그리 보이는데。
0x5B24C3	15	FE	1	・・・いつのまにか、あの２人	・・・어느새、저 ２명
0x5B258F	15	FE	1	詳しいことは話せませんが！	자세한 것은 말할 수 없습니다만！
0x5B25B5	15	FA	1	一気にダウンしたでやんす。	단번에 다운됐죠
0x5B27CA	15	FA	1	間違いなくバカでやんすね。	확실히 바보죠。
0x5B28F5	15	FB	1	中にはあんなのもいるわけよ。	개중엔 저런것도
0x5B2941	15	FE	1	ただし、何でも運ぶけどね。	다만、뭐든 옮기지만。
0x5B2DCF	15	FE	1	・・・始末すればいいのね？	・・・처리하면 되는 거지？
0x5B2F0C	15	F809	1	の巡視船に見つかった！	순시선에 들켰어
0x5B30E2	15	FB	1	こんなところで、偶然だな。	이런데서 우연。
0x5B342D	15	FA	1	こっちに乗り移ったのか？！	이쪽에 옮겨탔나
0x5B34E8	15	FA	1	油圧バルブがあるのかしら。	유압판 있나。
0x5B353D	15	FA	1	じっくりと調査しましょう。	찬찬히 조사하죠
0x5B39EC	15	F809	1	が強いから従ってただけよ。	세니까 따랐을뿐
0x5B3A50	15	FB	1	話のわかる人でよかったわ。	말통해서 다행。
0x5B3BB1	15	FE	1	お互い歩み寄らないとね。	서로 다가서야지。
0x5B3BF9	15	FB	1	緊急のお願いがあります！	긴급 부탁이요！
0x5B3FB0	15	FA	1	やられたことがありましたよね。	당한적 있었죠。
0x5B4028	15	FA	1	あそこで何をしていたんです？	저기서 뭐했죠？
0x5B4528	15	F804	1	まったく、とんでもない女だ。	참、엄청난 여자。
0x5B4B7A	15	FA	1	送り届けることになってる。	보내주기로 됐어
0x5B4B9E	15	FA	1	俺の旅に協力してくれ。	내 여행 도와줘。
0x5B4D31	15	F82F	1	大変なことになってるんだ！	큰일이 벌어지고 있단 말이다！
0x5B4E8D	15	F809	1	は、最強の宇宙要塞	최강의 우주요새
0x5B4F83	15	F86B	1	たかだか数万人程度を	고작 수만명을
0x5B4FB3	15	FA	1	お馬鹿な連中でやんす。	멍청한 놈들죠。
0x5B50B3	15	F809	1	、見張りを頼むでやんす。	、망 좀 봐줍죠。
0x5B5302	15	FE	1	じゃ、なにかすごい兵器でも	그럼、뭔가 굉장한 병기라도
0x5B536E	15	F809	1	まで、一万宇宙ヤード！	까지、１만 야드！
0x5B538C	15	F809	1	の射程内に入りました！	사정권 진입！
0x5B5A22	15	F809	1	系列の全艦に命令。	계열 전함 명령。
0x5B5B79	15	F809	1	に歯向かう馬鹿どもめ！	맞서는 바보들！
0x5B5C6F	15	FA	1	死をもって謝罪しなさい。	죽음으로 사죄。
0x5B5F5D	15	FB	1	・・・面倒事は困るぞ。	귀찮은건 곤란。
0x5B6236	15	FA	1	この宙域を死守するぞ！	이 구역 사수！
0x5B62DA	15	FB	1	でも、なぜ海からの援軍が	왜 바다 원군이
0x5B6392	15	FA	1	なんだと思っているのですか、	뭐라 생각해요、
0x5B690F	15	F804	1	ダメです、戦闘が激しくて	안돼、전투 격해
0x5B6A1F	15	FE	1	ええい、全員で迎えうて！	에이、전원 요격하라！
0x5B6ADB	15	FA	1	この屈辱、忘れませんよ！	이 굴욕、못잊어！
0x5B6B24	15	FB	1	助けに来てくれたんですね。	도우러 와주셨네
0x5B6EB1	15	FA	1	思ってないみたいでやんすね。	생각안하는듯죠。
0x5B700E	15	F823	1	さいワれへいワビむいトデむい（	
0x5B863D	15	F800	1	あさいづビむいシズむいＡデむい	
0x5B9142	15	FC	1	さいわダむいゲズむいみあさいす	
0x5BA583	15	F8F8	1	宇宙港周辺でうろつく	우주항 주변에서
0x5BABDA	15	F82E	1	私は目を閉じたでしょう！	나는 눈을 감았잖아！
0x5BAE54	15	FB	1	眠気よ、襲ってきてくれ！	졸음아、덮쳐줘！
0x5BC6E5	15	FB	1	後でちゃんと戻ってこいよ。	나중에 꼭 와라。
0x5BCDE3	15	FA	1	貴方に贈呈しましょう。	당신께 드리죠。
0x5BCE17	15	FB	1	さあ！貴方もご一緒に！	자！당신도 함께！
0x5BD362	15	FE	1	値段は変わらないけどね。	값은 달라지지 않지만。
0x5BD7EC	15	F8F8	1	リンイベント六回目負け	린이벤트 ６회 패
0x5BD893	15	FE	1	の方に何かあるでやんすよ！	쪽에 뭔가 있습죠！
0x5BE6B0	15	F8F8	1	海賊の姫君（前編）	해적 공주（전편）
0x5BE6C1	15	F8F8	1	海賊の姫君（後編）	해적 공주（후편）
0x5BF1A6	15	FA	1	誰一人としていなかった）	아무도 없었다）
0x5BFBFC	15	FA	1	使用しているみたいだけど。	쓰는것 같은데。
0x5C0A0B	15	FB	1	あれはあきらかに怪しいだろ！	저건 딱 수상해！
0x5C0EED	15	FB	1	このままじゃ、食べるどころか	이대론 먹기커녕
0x5C0EFD	15	FA	1	本当に食べられてしまう。	정말 먹혀버려。
0x5C1640	15	FB	1	本当にラッキーじゃないか。	정말 럭키잖아。
0x5C1DF5	15	FA	1	そこまで心配してくれるなら	그리 걱정해주면
0x5C226E	15	FA	1	あたしが誰だかわかってんの？	내 정체 알아？
0x5C233C	15	FB	1	何の為にここに来たんだ？	뭐하러 왔냐？
0x5C278D	15	F809	1	である僕自身だと思う。	인 나 자신이라
0x5C2D4A	15	FD	1	何をやっているんだアイツは？	뭘 하고 있는 거냐 저 녀석은？
0x5C30B3	15	FB	1	何かが物凄く危険だ。	뭔가 엄청 위험。
0x5C445E	15	FA	1	どんどん減っていくでやんす！	점점 줄어듭죠！
0x5C48C4	15	FD	1	アンタ達が楽しんだんなら、	당신들이 즐거웠다면、
0x5C48FF	15	FB	1	こんな事で満足してたら、	이걸로 만족하면
0x5C490F	15	FA	1	あたしに付いて来れないよ。	나를 못따라와。
0x5C49E6	15	FB	1	こうやって止めてあげないと。	이리 막아줘야지
0x5C50AD	15	FA	1	奴らの思うツボでやんすよ！	놈들 뜻대로죠！
0x5C5894	15	FA	1	命を失っちゃダメでやんす！	목숨 잃지맙죠！
0x5C592E	15	FE	1	あれ？あそこに倒れてるのは？	어라？저기 쓰러져 있는 것은？
0x5C5E89	15	FA	1	あたし達を許してもらうよ！	우릴 용서해줘！
0x5C6389	15	FA	1	種族いるわけないでやんす！	종족 있을리없죠
0x5C651E	15	FB	1	しかも何の準備もせずに、	게다가 준비없이
0x5C68C6	15	FD	1	だから俺に教えたんだよな？	그래서 나에게 가르쳐 준 거지？
0x5C786D	15	FB	1	オイラ、あまりこの星の事を	저、이 별을 별로
0x5C819D	15	FA	1	いつか私のようになれますよ。	언젠가 저처럼。
0x5C8BF7	15	FB	1	変な植物とかもありだね。	이상한 식물도。
0x5C94F8	15	FB	1	そんなツッコミは無視して、	그런 태클 무시、
0x5C978F	15	FA	1	何のことか知らないなあ～。	무슨 소린지～。
0x5C98C4	15	FB	1	未確認飛行人間！	미확인 비행인간
0x5C9986	15	FA	1	こっちを見ているでやんすよ。	이쪽 보고있죠。
0x5C99F9	15	FB	1	何か観察しているような。	뭔가 관찰하는듯
0x5C9A8B	15	FA	1	いったい何がしたいんだろう？	대체 뭐하려나？
0x5CADA6	15	FA	1	ここの宝をもらって帰ろう。	보물 챙겨가자。
0x5CB040	15	F825	1	君、なんか引きずっているで	뭔가 끌고있는데
0x5CB660	15	FB	1	人間に見えるでやんすが、	인간 같습죠만、
0x5CC35E	15	FA	1	こうやって作られているなんて	이리 만들어질줄
0x5CC764	15	FE	1	俺達も混ぜてくださいよ！	우리도 끼워 주세요！
0x5CC85B	15	FB	1	そして楽しもう！全員で！	다같이 즐기자！
0x5CCAE9	15	FA	1	病気になんてかかりません！	병 따위 안걸려！
0x5CDB9C	15	FB	1	今はお前が俺に代わって	이젠 네가 대신
0x5CDD74	15	FA	1	危険がつきものなのだろう？	위험은 따르는법
0x5CDF02	15	FB	1	これのどこがオトコらしくないと	어디가 사내답지
0x5CEC5A	15	FA	1	常に美しいというわけです。	늘 아름답다는거
0x5CECE6	15	FA	1	食べる事ができるんですか？	먹을수 있나요？
0x5CEE83	15	FB	1	綺麗というか何というか、	예쁘달까 뭐랄까
0x5CEE93	15	FA	1	特別って感じがするよね。	특별한 느낌이지
0x5CF117	15	FD	1	だから倒すしかないだろう！！	그러니 쓰러뜨릴 수밖에 없잖아！！
0x5CF442	15	FD	1	アイツと一緒にいる為には	그 녀석과 함께 있기 위해서는
0x5CF736	15	FE	1	１トン１０００ペラでどうかな？	１톤 １０００페라로 어떨까？
0x5CFDC1	15	FB	1	水面に巨大な影が！！	수면에 그림자！！
0x5D02CC	15	FE	1	俺にどうしてもらいたいんだ？	나에게 어떻게 해 주길 바라는 거냐？
0x5D05FE	15	FB	1	こんな所で何をしているの？	이런데서 뭐해？
0x5D0F56	15	FA	1	目の前で見ていいですよ。	눈앞에서 봐도돼
0x5D11A9	15	F809	1	。あいつのやりたかった事って	。그놈이 하려던
0x5D11E5	15	FE	1	さあね。私にはわからないわ。	글쎄。나는 모르겠어。
0x5D1284	15	F809	1	を倒したかったんでしょうね。	이기고싶었겠지。
0x5D1313	15	FB	1	おもしろい事が好きだから。	재밌는걸 좋아해
0x5D1654	15	FA	1	他の人にも聞いてみるか。	다른이에게 묻자
0x5D1D55	15	FA	1	行かなくても同じなんだよ。	안가도 똑같아。
0x5D1D91	15	FA	1	疲れるだけの方がいいだろ？	피곤한게 낫지？
0x5D1DDA	15	FA	1	彼女を止めてくださ～い。	그녀를 말려줘～。
0x5D247C	15	FB	1	あるに決まっているでやんす！	당연히 있답죠！
0x5D28E5	15	FA	1	その辺りから現れだすから、	근처서 나오니까
0x5D29E2	15	FA	1	先に発見できるだろうし。	먼저 발견하겠지
0x5D2A35	15	F825	1	君の方が船の状況とか	네가 배 상황을
0x5D324E	15	FB	1	ここはアンタ達に任せるよ。	너희에게 맡길게
0x5D34E5	15	FA	1	面白い情報をあげるわ。	재밌는 정보줄게
0x5D375C	15	FE	1	あっ、お兄さん達じゃない。	앗、오빠들 아니야。
0x5D376F	15	FE	1	どう？ワクチンは見つかった？	어때？백신은 찾았어？
0x5D3921	15	FD	1	こんな所で売っているんて、	이런 곳에서 팔고 있다니、
0x5D3A4F	15	FA	1	助けてくれなかったじゃない。	안도와줬잖아。
0x5D3B0F	15	FB	1	それはそっちの都合でしょ？	그건 그쪽 사정？
0x5D420F	15	FD	1	それで何で俺達の船に？	그래서 왜 우리 배에？
0x5D4440	15	F809	1	語自体が怪し過ぎる。	말 자체가 수상。
0x5D479A	15	FD	1	アンタからもらった情報は、	당신에게 받은 정보는、
0x5D4ECB	15	FA	1	いいオトコと言えるでしょう。	좋은 남자겠죠。
0x5D5AB7	15	FE	1	でも楽しそうにしてたでしょ？	하지만 즐거워 보였잖아？
0x5D6044	15	F809	1	からもらった紙に書いている	받은 종이에 쓴
0x5D61BC	15	FB	1	じゃあ、中に入ってみよう！	그럼、들어가자！
0x5D62E7	15	FE	1	でも今回は、どこかの星で	하지만 이번에는、어딘가의 별에서
0x5D62F7	15	FA	1	金品を奪っているんだろ。	금품 뺏는거지。
0x5D63D1	15	FE	1	はむかう者は全て排除。	거스르는 자는 모두 배제。
0x5D65B7	15	F809	1	を手の平で泳がせたいな。	손바닥에서 놀려
0x5D68AB	15	FA	1	この星の出身だったよな？	이 별 출신이지？
0x5D68C8	15	F800	1	あたしはこの星で生まれて、	나는 이 별에서 태어나서、
0x5D695F	15	F809	1	のお父さんの工場だよね？	아버지 공장이지
0x5D6C87	15	F809	1	さんが信用している人間	씨가 믿는 인간
0x5D7226	15	FA	1	突っ込んで来たでやんす！	돌진해왔답죠！
0x5D7416	15	FB	1	用事があるのはそっちだろ！	볼일있는건 그쪽
0x5D7B35	15	F8B3	1	Ｈもいァ０もいォＡもいがパもい	
0x5D7FDA	15	FC	1	さいみあさい踵もいゲブもい（	
0x5D8C0E	15	FC	1	さいっあさいがあさいごあさいせ	
0x5D9462	15	F825	1	君、少し疲れたでやんす。	자네、좀 지쳤죠。
0x5D960C	15	FB	1	えーと、俺が受けられそうな	음、내가 받을만
0x5DA399	15	FB	1	潜伏場所は、不明。	잠복장소 불명。
0x5DA7E6	15	F85A	1	（全員仲間になった！）	（전원 동료됐다）
0x5DAA6C	15	F8F8	1	ミサイル艦１、戦闘機４	미사일１、전투기４
0x5DAB2B	15	FB	1	シカモドキみたいなものだよね。	사슴비슷한거지。
0x5DAB99	15	FB	1	あの森から来た物だとする	저 숲에서 온것
0x5DACAF	15	F815	1	モニター艦３、戦闘機５	모니터３、전투기５
0x5DACF5	15	F8F8	1	巡洋艦１、護衛艦３	순양함１、호위함３
0x5DADA4	15	F815	1	もう一度、依頼を見る	다시、의뢰 보기
0x5DB04D	15	F8F8	1	巡視船１、戦闘機１	순시선１、전투기１
0x5DB05E	15	F8F8	1	巡視船２、戦闘機２	순시선２、전투기２
0x5DB06F	15	F8F8	1	巡視船３、戦闘機３	순시선３、전투기３
0x5DB080	15	F8F8	1	護衛艦１、戦闘機２	호위함１、전투기２
0x5DB268	15	F823	1	オオカミが現れるようになり、	늑대가 나타나고
0x5DB34B	13	F823	1	「村を襲うオオカミを、	「마을 습격 늑대
0x5DB907	15	FA	1	寝てるのが悪いんでやんす。	자는게 잘못이죠
0x5DBD60	15	FA	1	気味の悪い植物だな。	기분나쁜 식물。
0x5DC5B0	15	FA	1	来るかもしれないじゃないか。	올지도 모르잖아
0x5DC6EE	15	FA	1	きっと高く売れるでやんす！	분명 비싸겠죠！
0x5DC7F6	15	FB	1	この星を出る気もないし。	별 나갈 맘없어
0x5DC8B7	15	F809	1	の名札が並んでるんだよ？	명패가 줄섰어？
0x5DCE39	15	F822	1	なんでも、不思議な力を	뭐든、신기한 힘을
0x5DD1B4	15	FB	1	もちろん、何か食べるなら、	물론、뭘 먹으면、
0x5DD3E3	15	FA	1	助けて欲しくないでやんす！	도움 필요없죠！
0x5DD574	15	FE	1	こんなに、たくさんでやんすか？	이렇게、많이 말입죠？
0x5DD6AF	15	FD	1	さあ、宇宙港に入るぞ。	자、우주항에 들어간다。
0x5DDCD9	15	FA	1	価格も落ち着いてきたけ	가격도 안정됐지
0x5DDF82	15	FB	1	腕の傷から、植物の芽	팔 상처에서 싹
0x5DE1A8	15	FB	1	帰りは、どこにも停車せず	귀로는、무정차로
0x5DE1CC	15	FB	1	見張りは、３交代制。	감시는、３교대제。
0x5DE6E7	15	FA	1	惑星に着陸するだけで、	행성 착륙만으로
0x5DE6F7	15	FA	1	大変だったらしいでやんす。	힘들었답죠。
0x5DE9B7	15	FB	1	また、よろしくお願いします。	또、잘 부탁해요。
0x5DEAC8	15	FB	1	さすがに少し疲れてきたな。	역시 좀 지치네。
0x5DED31	15	FB	1	おかげで、賞金首になった	덕에、현상범됐다
0x5DF2E3	15	FE	1	あなた達、また会ったわね。	당신들、또 만났네。
0x5DF478	15	FB	1	俺が、賞金稼ぎなんかに	내가、사냥꾼따위
0x5DF78E	15	F822	1	得物は、拳銃らしいぜ。	무기는、권총이라더군。
0x5DF87E	15	FA	1	ブラザーなら大丈夫だろ。	브라더면 괜찮아
0x5DFD8C	15	FB	1	歩いている人が少ないわ。	걷는 사람 적네。
0x5E09D2	15	FB	1	群れからはぐれたオオカミが、	무리 잃은 늑대
0x5E0A98	15	FD	1	追い立てられた狼達が、	쫓겨난 늑대들이、
0x5E0AA8	15	FA	1	町にまで姿を見せるように	마을까지 나오게
0x5E0B0B	15	FA	1	畑も荒らされてしまいます。	밭도 망가져요。
0x5E0EC8	15	FA	1	一緒に仕事をしないか？	같이 일 안할래？
0x5E1307	15	F809	1	の事も、大体の事情は	일도、대충 사정
0x5E13E7	15	FA	1	手に入れるとなると結構	손에 넣기엔 꽤
0x5E19B4	15	FE	1	・・・もう聞こえていないか。	・・・이제 들리지 않는 건가。
0x5E1A71	15	FB	1	俺を捕まえに来たのかい？	날 잡으러 왔나？
0x5E1CB5	15	FD	1	この怪しげなフードの奴って	이 수상한 후드 쓴 녀석은
0x5E1DBF	15	FB	1	この町にいる人の顔なら、	마을 사람얼굴은
0x5E1E72	15	F809	1	は、本当に理由がないと	정말 이유없으면
0x5E1EB6	15	FE	1	あっちで、休憩しましょう。	저쪽에서、휴식합시다。
0x5E2244	15	FB	1	お宝がたくさんあるでやんす！	보물 잔뜩있죠！
0x5E22AC	15	FB	1	それよりこれを見るでやんす！	그보다 이걸봅죠
0x5E249C	15	FA	1	宇宙船があるんでやんす？	우주선 있답죠？
0x5E24E9	15	FB	1	運んでいたのかもしれないね。	옮기던걸지도。
0x5E2AA4	15	FA	1	いったいどういう事なんだい？	대체 무슨 일？
0x5E2F19	15	FB	1	そんなオオカミを狩ってしまう	그런 늑대 사냥
0x5E3327	15	FB	1	増えてしまうかもしれません。	늘어날지도 몰라
0x5E3C0E	15	FB	1	馬車は、あまりないですね。	마차는 별로없죠
0x5E4391	15	F809	1	さんの家まで送っていこう。	씨 집까지 가자。
0x5E4508	15	FB	1	今も、確かめようと思って	지금 확인하려고
0x5E475D	15	F825	1	さんが、部屋にいないから、	씨가、방에없어서
0x5E4794	15	FA	1	楽しませてくれないと嫌よ？	즐겁게 해줘야해
0x5E4A51	15	FB	1	いきなり、銃で撃つなんて、	갑자기、총쏘다니
0x5E4B08	15	FE	1	まとめて相手してあげるわ！	한꺼번에 상대해 주지！
0x5E57C4	15	FA	1	ちょっと納得いかないなぁ。	좀 납득안가네。
0x5E586F	15	F809	1	は、何か事件がおきないと	사건이 나야한다
0x560313	14	FD	1	禁辰合軒狐覧険	
0x5646E0	14	FC	1	ェマェギェぞダキギべゼヅゾユ	
0x5646F0	14	FC	1	ガ論駈Ｒェゴェロェツェヌ	
0x564700	14	FC	1	ェミェぢェゴェぱェフェカェク	
0x564730	14	FC	1	ェミェジィサェネェクィサェテ	
0x564740	14	FC	1	ズフグ木０ェウェぱェユェギ	
0x564760	14	FC	1	ェムィサェゴィサェぱェツェぷ	
0x564780	14	FB	1	ェぽェダェフェグェネェツェぺ	
0x564790	14	FB	1	ェギェンェツェセィサェぶェヤ	
0x5647B0	14	FB	1	ェぼェダェソィサェミェダェタ	
0x5647C0	14	FB	1	ェぼェダェソィサェメィサェァ	
0x56FC7F	14	FA	1	犯罪者を閉じ込めて	범죄자를 가둬
0x56FCE0	14	FA	1	破壊活動を続ける。	게릴라 활동중。
0x56FE5C	14	FA	1	主人公達の故郷。	주인공들 고향。
0x56FED5	14	FA	1	環境破壊を嫌う星	환경파괴 싫은
0x56FF01	14	FA	1	破壊を極端に恐れる	파괴를 겁낸다
0x56FF35	14	FA	1	戦争後生き延びたウ	전후 살아남은
0x56FFB0	14	FA	1	拝金主義と企業の	배금과 기업의
0x56FFBF	14	FA	1	論理が支配する星。	논리가 지배。
0x570514	14	FF	1	敵全体に攻撃できる	적 전체 공격
0x570524	14	FF	1	いろんなものをつくる材料	여러 물건 재료
0x570534	14	FF	1	キケンなほどにおいしいバナナ	위험한 바나나
0x570544	14	FF	1	工業用のエネルギー源	공업용 에너지
0x570574	14	FF	1	最も基本的な武器	가장 기본적인 무기
0x570584	14	FF	1	一定時間加速する	일정 시간 가속한다
0x570594	14	FF	1	もっと小型化に成功	더 소형화에 성공
0x57166C	14	FC	1	ミ』へいＩぱへい尅さいい	
0x571E18	14	FC	1	えぅへいワれへい尅さい（い	
0x571E50	14	FC	1	搭さい尅さいた３はい６あ	
0x571EA0	14	FC	1	搭さいぽ３はいた３はい６あ	
0x571FEC	14	FE	1	ワれへい！１はいＹぃへい６あ	
0x5725E2	14	FE	1	さいがあさいごをへいＡわへい	
0x5725F8	14	FE	1	Ｅ１はいた３はい！１はいあい	
0x572988	14	FE	1	搭さいぜあさい尅さいいい	
0x572FA8	14	FC	1	ヤるへいふぃへいっをへい６あ	
0x5730AC	14	FE	1	み３はいがあさいごをへい６あ	
0x5732B8	14	FC	1	ワれへい！１はい尅さいｲ	
0x573538	14	FC	1	搭さいえろへいワれへい８あ	
0x573584	14	FC	1	しぃへいボろへい澡へい９あ	
0x5735BC	14	FC	1	搭さいた３はい尅さいいい	
0x5735D4	14	FC	1	Ｉぇへいしわへい！１はい９あ	
0x573C0C	14	FC	1	えろへい❤ぉへいワれへい６あ	
0x573D50	14	F801	1	搭さいヂぁへい尅さい６あ	
0x5740A4	14	F801	1	❤ぇへいシビもいぜあさい８あ	
0x5740B8	14	F801	1	エゃへいえをへいづっへい９あ	
0x57413C	14	F801	1	ヤんへいトわへいえをへい９あ	
0x5743CC	14	FC	1	搭さい尅さいトろへいＢあ	
0x574D1B	14	FB	1	痛いし、怖いんだってば！	아프고、무섭다！
0x574D2A	14	FB	1	避けるにこしたことないよ。	피하는게 낫다。
0x574EDC	13	F822	1	・・・カビンダ、嫌いね。	・・・카빈다、싫어。
0x57502F	14	F8F8	1	いや、もう十分わかった。	아니、잘 알았어
0x57591B	14	FA	1	常に何かと戦うものだ。	늘 뭔가와 싸워
0x575BB7	14	FE	1	こうなったら、オイラだけでも	이렇게 된 이상、나만이라도
0x576023	14	F822	1	べく避けるべきことですね。	가급적 피해야 할 일이네요。
0x576292	14	FE	1	欲しいものなどあろうか！！	원하는 것 따위 있겠는가！！
0x576404	14	FA	1	有効利用しとくから。	유용하게 쓸게。
0x576906	14	FA	1	エンジンを作ってみました。	엔진 만들었죠。
0x577055	14	FB	1	いいこと言っただろ、俺。	좋은 말 했지。
0x57706D	14	F805	1	そ、そうでやんすかねぇ・・・	그、그렇답죠
0x577380	14	FA	1	お願いしてもいいんですか？	부탁해도 될까？
0x5773F8	14	FE	1	これにまさる喜びはないぞ。	이보다 나은 기쁨은 없다。
0x577D4F	14	FA	1	どうか、受け取ってくれ。	부디、받아줘。
0x578194	14	FB	1	１００ペラだけど、どうだい？	１００페라、어때？
0x5784F8	14	FB	1	１トン当たり１０００ペラで	１톤당 １０００페라
0x5788C7	14	FA	1	なんとかしないといけないな。	손 좀 써야겠군
0x578AB6	14	FE	1	結構、大きいでやんす！	제법、큽죠！
0x579139	14	FB	1	では、煙幕を張ります！	연막을 칩니다！
0x57953D	14	FA	1	装備してるでやんすよね？	장비해뒀답죠？
0x5795B3	14	FA	1	何かやってきそうだからな。	뭔가 할듯하니。
0x579764	14	F809	1	の艦隊をなんとかしないと	함대 어떻게든
0x57A158	14	FA	1	あったかもしれないけど・・・	있었을지도。
0x57A2D3	14	FA	1	一般人も殺している。	일반인도 죽여。
0x57A7D0	14	FA	1	食べたんでやんすかねぇ？）	먹었을깝쇼？）
0x57A8AC	14	FE	1	あたしだけじゃなく、すべての	나뿐만이 아니라、모든
0x57B3CD	14	FD	1	私は王室を代表して	나는 왕실을 대표해서
0x57BC49	14	FB	1	しっかり言い聞かせないと	잘 타일러야
0x57BEAE	14	FE	1	いまさら、なに言ってんの？	이제 와서、무슨 소리를 하는 거야？
0x57C1CD	14	F809	1	の情報は、どんなものでも	정보는、뭐든지
0x57C211	14	FA	1	データは手に入るからな。	자료는 구해져。
0x57C470	14	FE	1	あ、君達は今もそうか？	아、자네들은 지금도 그런가？
0x57C77B	14	F809	1	から派遣された総督と	파견된 총독과
0x57C78A	14	FA	1	交渉できるかもしれない。	협상될지도。
0x57CC58	14	FB	1	標的は爆散しました。	표적 폭파됐죠。
0x57D0DD	14	FB	1	安産にもきくんだなぁ～。	순산에도 좋다。
0x57D38D	14	FA	1	いじめてるみたいだけど・・・	괴롭히는듯한데
0x57D3D9	14	FA	1	人間が出来てるよ。）	인간이 됐어。）
0x57D4B9	14	FB	1	安全性がチェックされて	안전성 체크돼
0x57D561	14	FD	1	・・・ほら、もう終わりだ。	・・・봐라、이제 끝이다。
0x57DA70	14	FA	1	あたしらミイラ確定かな？	우린 미라확정？
0x57E0CF	14	FD	1	それ以外でも気がつけば	그 밖에도 정신을 차리면
0x57E1B8	14	FB	1	男性用のセットですわ。	남성용 세트죠。
0x57E20B	14	FE	1	・・・磨けば光るのにね。	・・・닦으면 빛날 텐데。
0x57E630	14	FB	1	それはおめでとうございます。	그거 축하해요。
0x57E773	14	FA	1	おいておかなかったんですか？	안놔뒀나요？
0x57E9C7	14	FA	1	消えたような気がしたが。	사라진듯한데。
0x57EC1A	14	FA	1	汚れ役をやらせたくない。	궂은일 안시켜。
0x57EDD0	14	FB	1	オレには開けられないんだ。	나로선 못열어。
0x57F335	14	FB	1	今日の狩りは楽だな。	오늘 사냥 편해
0x57F403	14	F809	1	の部隊と会ったんだが、	부대와 만났다、
0x57F424	14	FA	1	兵士達は全滅だよ。	병사들은 전멸。
0x57F674	14	FA	1	いろいろと準備してある。	여러 준비했다。
0x57F9C1	14	FA	1	いったい、どこが違うんだ？	대체 뭐가 달라
0x57FCD5	14	FA	1	興味のあるところですね。	흥미로운 부분。
0x58000C	14	FE	1	早く合流しないと・・・	빨리 합류하지 않으면・・・
0x58099A	14	F809	1	の軍人には軍規という	군인에겐 군법
0x580CED	14	FB	1	あんたの伝記を書けば、	네 전기 쓰면、
0x580D17	14	FA	1	思うんだけど、どうだろう。	싶은데、어떨까。
0x58125C	14	F809	1	などという略称ではなく、	약칭이 아니라、
0x5813DE	14	FB	1	いらっしゃい、ニンジャさん。	어서와、닌자씨。
0x5815CA	14	F8F8	1	スラム街をうろついてみる。	슬럼가 돌아봐。
0x581C48	14	FA	1	死ぬやつなんじゃないのか？	죽을 놈 아냐？
0x581F5E	14	FD	1	とにかく、この星をいろいろ	어쨌든、이 별을 이것저것
0x582514	14	FA	1	生産できてないんですよ。	생산 못해요。
0x5825FF	14	FE	1	だが、これからキミがやろうと	하지만、앞으로 자네가 하려는
0x582723	14	F809	1	は、ものすごく大事だぞ。	은 아주 중요해
0x582E81	14	FA	1	行けばいいじゃないですか。	가면 되잖아요。
0x5830E6	14	FE	1	敵かと思って驚いたぞ。	적인 줄 알고 놀랐다。
0x58313D	14	F809	1	まだ宇宙艦隊がある。	아직 우주함대。
0x583624	14	FA	1	教えていただけないかしら。	알려주실래요。
0x5836C5	14	FB	1	これが身分証明証。	이것이 신분증。
0x583A22	14	FD	1	お祭りとかはなかったのか？	축제 같은 건 없었나？
0x583EEE	14	FD	1	どこかから見られてるような	어딘가에서 보이고 있는 듯한
0x583F12	14	F805	1	・・・気のせいでやんすよ。	기분탓이랍죠。
0x58469C	14	F809	1	まで往復１時間だろ？	왕복 １시간？
0x584AC6	14	FA	1	セーブするか、フタを閉じて	저장하고 닫아
0x585095	14	FD	1	また財閥の御曹司の	또 재벌 후계자의
0x5851E4	14	FE	1	言い換えれば、敵陣の	바꿔 말하면、적진의
0x5855CC	14	FE	1	身体も温まってきたし、	몸도 따뜻해졌고、
0x585CC1	14	FB	1	ちなみにオレは伝道師。	참고로 전도사。
0x585D1F	14	FB	1	こういう人もいるんだなぁ。	이런사람 있네。
0x585DB8	14	FA	1	ほぼ同じ意味なのでは？	거의 같은 뜻？
0x585EF3	14	FA	1	ブースターを装備できる。	부스터 장비돼。
0x5860F7	14	FE	1	よし、さっそくやってみるか。	좋아、당장 해 볼까。
0x5866A3	14	FA	1	登録されているでやんす！	등록돼있답죠！
0x5866C8	14	FD	1	だが、人数ならオレだって	하지만、인원수라면 나도
0x5867A6	14	FA	1	見られないためじゃないか。	안보이려는거지
0x586B40	14	FA	1	フードプロセッサーから出る	식품가공기에서
0x586CC7	14	FA	1	成功するやつもいるんだ。	성공도 한다。
0x58711D	14	FE	1	よし、こっちも奥の手だ！	좋아、이쪽도 비장의 수다！
0x587215	14	FA	1	３人ともバラバラなんだね。	３명 다 제각각。
0x58756F	14	F809	1	に次ぐ、宇宙最大の	에 이은 최대의
0x58796F	14	FA	1	ずいぶん違うでやんすねぇ。	많이 다릅죠。
0x587981	14	FD	1	貧富の差が激しくて、	빈부의 차가 심해서、
0x587A38	14	FA	1	義務であり、喜びです。	의무이자 기쁨。
0x587B46	14	F809	1	の三兄弟なんだなぁ～。	삼형제라네～。
0x587C8A	14	FB	1	ちゃんと返したんだなぁ～。	제대로 갚았네。
0x58816F	14	FE	1	また、傷をつけてしまった。	또、흠집을 내고 말았다。
0x5883BB	14	F809	1	は死に、ここで一市民	죽고、여긴 시민
0x588B1A	14	FB	1	この船に慣れてないから。	배가 낯설어서。
0x588E6E	14	FA	1	自分でつけたみたいです。	직접 붙인듯해。
0x588F13	14	F809	1	はその間、寝てましたわ。	그동안 잤어요。
0x58905E	14	F809	1	は私を守ってくれているん	는 날 지켜주는
0x589296	14	FA	1	果たそうとしただけでしょ？	해내려 했을뿐？
0x589389	14	FB	1	ワクチンの件で来ました。	백신 일로 왔죠
0x5895CB	14	FA	1	ウチの社員に任せよう。	사원에게 맡겨。
0x5895F1	14	FB	1	君には期待しているよ。	자네 기대한다。
0x5897F1	14	F8F8	1	待て、なんだその質問は	잠깐、그 질문은
0x589AFD	14	FA	1	子供だって知ってるぞ。	애들도 안다。
0x589B7D	14	FE	1	これがもし間違っていたら	이게 만약 틀렸다면
0x58A0B1	14	FB	1	いったい、なんの目的で！	대체、무슨 목적
0x58A393	14	FA	1	尋問すればいいでやんす。	심문하면 됩죠。
0x58A44F	14	FA	1	ありますので連行します。	있으니 연행。
0x58A479	14	F825	1	、生きのびてくれよ・・・）	、살아남아줘）
0x58A4D7	14	FD	1	これで勝ったと思うなよ！	이걸로 이겼다고 생각하지 마라！
0x58A569	14	FB	1	たしか８００ペラだったな。）	아마 ８００페라。）
0x58A8DB	14	FB	1	しょうがないね、お客さん。	할수없죠、손님。
0x58A93B	14	F809	1	の魔法で２倍にするよ。	마법으로 ２배。
0x58AE8C	14	FB	1	生まれた星はあるけれど。	태어난 별은。
0x58B445	14	FD	1	いいから、全員突撃！	됐으니까、전원 돌격！
0x58B53A	14	FA	1	もはや間違いありません。	이제 틀림없죠。
0x58B6AF	14	FA	1	考えておられるのでしょう？	생각하시겠죠？
0x58B8CA	14	F809	1	の船か、海賊船ぐらい	배나、해적선쯤
0x58BC7E	14	FA	1	頭を強打したでやんす。	머리 세게쳤죠。
0x58BEF0	14	FB	1	今の仕事についたときに	이 일 시작할때
0x58C1D7	14	FB	1	ちょっとキャラがかぶってると	캐릭터 겹친다
0x58C42C	14	FD	1	ほれ、このパーツあげるから。	자、이 부품 줄 테니까。
0x58C5DC	14	FD	1	じゃあ、試しにやってみて。	그럼、시험 삼아 해 봐。
0x58C61D	14	FA	1	切り替えてみましたわ～。	바꿔봤어요～。
0x58C75A	14	FA	1	ライブラリーを試してみる？	자료실 써볼래？
0x58CAC8	14	FA	1	やり方が徹底してるわ。	방식이 철저해。
0x58CC28	14	FB	1	そんな任務をやらせたら、	그런 임무 주면
0x58D31A	14	FA	1	カマをかけてみたんでやんす。	떠본거랍죠。
0x58D88F	14	FB	1	はかなくとも強い願いだ。	허무해도 강해
0x58D999	14	FA	1	別に問題はありません。	딱히 문제없죠。
0x58DB54	14	FA	1	人造生物なのだがな。	인조생물이지。
0x58DD5E	14	FA	1	呼んでいただきたいものだ。	불러주셨으면。
0x58DE41	14	FA	1	その後の事なんだが・・・	그 후의 일인데
0x58DF9F	14	FD	1	敵は多くて好都合！	적이 많아서 잘됐다！
0x58E250	14	F809	1	が捕えたゲリラをどうするか	게릴라 어쩔지
0x58E5E4	14	FA	1	聞きたかったのではないか？	묻고싶었잖아？
0x58E694	14	FB	1	あまり、考えたことがない。	생각안해봤다。
0x58E79B	14	FA	1	ユーザーも喜ばないんだよ。	유저도 싫어해。
0x58E8DF	14	FB	1	そうやった奴をおとりにして	그 놈을 미끼로
0x58E93C	14	FE	1	こっちは長生きできないが	이쪽은 오래 살 수 없지만
0x58EBF0	14	FA	1	設計者などはいません。	설계자는 없죠。
0x58EED4	14	FD	1	素人同然じゃないか。	초보나 다름없잖아。
0x58F03A	14	F809	1	のニンジャ組織の中でも	닌자조직 중에
0x58F6BD	14	FD	1	それだけ美人なんだから、	그만큼 미인이니까、
0x58F7BD	14	FE	1	・・・前衛はオレがやる。	・・・전위는 내가 맡는다。
0x58F930	14	FA	1	トン数をクリアして、さらに	톤수 채우고、더
0x58F99A	14	FA	1	抑えられるかもしれません。	억제될지도。
0x58FF49	14	F809	1	があれば安心でやんすね。	있으면 안심죠。
0x5902E9	14	FA	1	保管されているはずです。	보관돼있겠죠。
0x59045C	14	FA	1	文句は言えないからね。	불평 못하니까。
0x590578	14	FB	1	なんでも、この星に来ると	이 별에 오면
0x5911ED	14	FA	1	こっちは迷惑したんだぞ！	이쪽은 민폐야！
0x59136E	14	FA	1	いいんじゃないんでやんすか？	좋지않을깝쇼？
0x5915E4	14	FE	1	おかげで、興味を持った	덕분에、흥미를 갖게 된
0x591C3B	14	FB	1	ほら、手伝ってあげるから	자、도와줄테니
0x591F32	14	FB	1	愛の使者なんだなぁ～。	사랑의 사자다。
0x5926C5	14	FA	1	鋭くて動きも正確よ。	예리하고 정확。
0x592784	14	FD	1	ふふ、冗談じゃないわね。	후후、농담이 아니네。
0x5927A8	14	FA	1	なくなっちゃうんじゃないの？	없어지잖아？
0x5929BA	14	F809	1	の鉱物精製プラントが	광물정제공장을
0x592CE6	14	F800	1	どうも嫌な予感がする。	아무래도 불길한 예감이 든다。
0x592FE1	14	FB	1	まったく、わがままで困る。	참、제멋대로군。
0x593234	14	FB	1	とりあえず走り回りながら	일단 뛰어다니
0x593269	14	FA	1	ニンジャの基本ですよね！	닌자 기본이죠！
0x59344C	14	FB	1	・・・後頭部の目で。	뒤통수 눈으로。
0x5936E5	14	FD	1	いくらで譲ってくれるんだ。	얼마에 넘겨주는 거냐。
0x593A35	14	F822	1	あこれは恐怖のおど・・・	
0x593EB1	14	FB	1	わたしって忘れっぽいから。	잘 까먹으니까。
0x5944F4	14	F809	1	とか言ってたでやんすけど。	라고 했답죠만。
0x594503	14	FB	1	なんのことなんでやんすかね？	무슨 소린깝쇼？
0x5945BA	14	FA	1	失業者とかが多いね。	실업자가 많네。
0x59486A	14	FA	1	キャプテンがうらやましいよ。	캡틴이 부럽다。
0x5949A9	14	FB	1	あ、本が何冊かあるぞ。	아、책 몇권있다
0x5949E5	14	FA	1	こっそりと読んでいるかも！	몰래 읽는지도！
0x594DDA	14	FB	1	原理はよくわからないが、	원리는 모르나、
0x59516A	14	FA	1	こんなことしてていいのかな？	이래도 되나？
0x59533D	14	FD	1	で、そっちの状況はどう？	그래서、그쪽 상황은 어때？
0x595794	14	F809	1	の軍艦がコースを外れて	군함 항로이탈
0x59598A	14	FD	1	積荷にワクチンがないから	짐에 백신이 없으니까
0x595B7F	14	FA	1	ワクチンを隠してるんだろ。	백신 숨겼잖아。
0x595EBE	14	FB	1	そりゃあ無理ってもんだ。	그건 무리지。
0x595EE2	14	FA	1	一人っきりだと思うぜ。	혼자뿐일거야。
0x5969A4	14	F809	1	長官がはげましてくれても	장관이 격려해
0x5969B3	14	FA	1	オイラうれしくないでやんす。	전 안기뻐요。
0x596FCC	14	FE	1	それで受けてもらえないか。	그걸로 받아 주지 않겠나。
0x597577	14	FA	1	この宇宙を旅している。	우주를 여행중。
0x597606	14	FA	1	逃げ出すかもしれないよ？	도망칠지도？
0x59764D	14	FB	1	お前の船に案内しろ。	네 배로 안내。
0x597853	14	FB	1	そ、そんなバカなああああ！！	그、그런 바보！！
0x597B94	14	FB	1	また宇宙生命体か？	또 우주생명체？
0x597BAD	14	F86B	1	ぶつかっちゃったでやんすね。	부딪혔답죠。
0x598044	14	FA	1	また取材させてくれない？	또 취재해도돼？
0x5980BC	14	FA	1	おかげで、えらい迷惑だ。	덕분에 민폐다。
0x598316	14	FA	1	言わせまくったでやんすね？	실컷 말시켰죠？
0x5983BE	14	FA	1	スポンサーがつかねえからな。	스폰서 안붙어。
0x598C6A	14	FA	1	いやな気分だわ、ホント。	기분나빠、정말。
0x599317	14	FD	1	ちょいと昔話をしようか？	잠깐 옛날이야기를 해 볼까？
0x599385	14	F809	1	に逆らった星があってさ。	거스른 별 있어
0x599630	14	F809	1	の同型は存在しない。	같은형은 없다。
0x599710	14	FA	1	メモリーがカラッポだなんて。	메모리 비다니。
0x599754	14	FA	1	オプションを削ったからな。	옵션 뺀거니까。
0x599915	14	FA	1	ここを攻撃しようなどとは	여길 공격하려
0x599982	14	F809	1	の力と恐怖の象徴。	힘과 공포 상징
0x599AD7	14	FD	1	だけど、いずれあいつと・・・	하지만、언젠가 그 녀석과・・・
0x599BAF	14	FA	1	通信が入ったでやんす！	통신 들어왔죠！
0x59A0FC	14	F809	1	崩壊まであと１５分！）	붕괴까지 １５분）
0x59A368	14	FA	1	手伝ってくれるんですね。	도와주시는군。
0x59A51D	14	F809	1	ではお世話になりました！	그럼 신세졌죠！
0x59A64C	14	FA	1	なんとか生きていくものさ。	어떻게든 산다。
0x59A744	14	F815	1	一緒にがんばりましょう！	같이 힘냅시다！
0x59A922	14	FD	1	それを契約金にしよう。	그것을 계약금으로 하자。
0x59AAAE	14	FA	1	滅多に使っていないが。	거의 안쓰지만。
0x59AB7B	14	FB	1	そのときが初めてだったな。	그때가 처음。
0x59ABB4	14	FB	1	ちょっと見てみたかったな。	좀 보고싶었다。
0x59AD3D	14	FA	1	特になにも感じなかった。	딱히 못느꼈다。
0x59AD4F	14	FE	1	・・・ただ、憎かったんだ。	・・・그저、미웠던 것이다。
0x59B12A	14	FB	1	反応してるのは、どうやら	반응하는건、
0x59B17D	14	FE	1	もう、あんたら、うるさいよ。	정말、너희들、시끄러워。
0x59BD08	14	FA	1	よくできた人物のようだ。	잘된 인물인듯。
0x59C6CA	14	FE	1	ええい、ここで死になさい！	에이、여기서 죽어라！
0x59C9FC	14	FA	1	いかなる驚異であろうか？	어떤 경이일까？
0x59CB1E	14	FD	1	どうなってるんだ、まったく。	어떻게 된 거냐、정말이지。
0x59CD67	14	FA	1	全部つながってるんだぞ。	전부 연결됐다。
0x59CF60	14	FE	1	それにしても、よく無事に	그건 그렇고、용케 무사히
0x59CFB0	14	F809	1	の艦隊に撃沈された。	의 함대에 격침
0x59D1DF	14	F85A	1	（積荷の売り買いは、	（화물 매매는、
0x59D2EE	14	FA	1	なのは判ってるんですけど、	인건 알지만요、
0x59D576	14	FB	1	早く建物の中に・・・	빨리 건물 안에
0x59D5FC	14	FB	1	俺は報道カメラマンだ！	난 보도기자다！
0x59D6D1	14	FA	1	理解できないでやんす。）	이해못합죠。）
0x59D752	14	FA	1	計画しているらしいから、	계획중인듯해서
0x59D86C	14	FA	1	ワレワレノタメニ働クノダ！	우릴 위해 일해
0x59D8DC	14	FA	1	これは身体の構造上	이건 몸구조상
0x59D8EB	14	FA	1	やむをえないわけでして・・・	어쩔수없어서
0x59DAAC	14	FA	1	工場ガ、工場ガ・・・	공장이、공장이
0x59DCB2	14	FA	1	あれが正義の味方か。	저게 정의의 편
0x59DF52	14	FE	1	い、いや、そんなことはない！	아、아니、그런 일은 없다！
0x59DFB8	14	F803	1	それで４０００万殺害の	４０００만 살해의
0x59E7CF	14	FA	1	一体なんだったんだろう？	대체 뭐였을까？
0x59E7ED	14	F809	1	の連中も予想外って	놈들도 예상외
0x59EC3F	14	FE	1	ハイ、これは口止め料。	자、이건 입막음 값。
0x59EC92	14	FB	1	次は絶対に勝ちます！	다음엔 꼭 이겨
0x59ED14	14	FA	1	ちょっとヒントを得ました！	힌트 얻었어요！
0x59EE6F	14	FA	1	性能がいいからじゃない？	성능이 좋아서？
0x59F25F	14	FD	1	１トンのパワーで殴ったら、	１톤의 힘으로 때리면、
0x59F683	14	FA	1	殺人ロボットである私を	살인로봇 나를
0x59F9F6	14	FA	1	少しおとなしくなるだろう。	좀 얌전해지지。
0x59FA29	14	FB	1	いっそ燃料の方が・・・	차라리 연료가
0x59FADC	14	FB	1	了承したのはワシだがな。	승낙한건 나다。
0x59FCEF	14	FB	1	医薬品の禁輸など、	의약품 금수등、
0x59FCFE	14	FA	1	悪党の行いではないか！	악당 짓 아냐！
0x5A000F	14	F809	1	が使ってる実体弾では	쓰는 실체탄
0x5A02ED	14	F807	1	（キシャアアアアアアアッ！）	（키샤아아아아아아앗！）
0x5A0437	14	F809	1	の兵士達は全滅か。	병사 전멸인가。
0x5A05CF	14	FD	1	絶対に返すでやんすよ！	반드시 돌려줍죠！
0x5A0C21	14	FB	1	ちょっと考えてみたんだが。	좀 생각해봤다。
0x5A0E33	14	F804	1	ど、どうなってるんでやんす！	어、어찌된겁죠！
0x5A0EEB	14	F825	1	さんが、私たちのあこがれの	씨가、우리 동경
0x5A0F4D	14	FA	1	押し寄せてくるでやんす！	밀려오고있죠！
0x5A1316	14	FE	1	先行投資と考えて、	선행 투자라고 생각하고、
0x5A1522	14	FD	1	それより、さっきこのあたりで	그보다、아까 이 근처에서
0x5A1E24	14	FA	1	ちっぽけなゴミなんだなぁ～。	하찮은 쓰레기。
0x5A22C4	14	F800	1	ちゃんと説明しとかないと	제대로 설명해 두지 않으면
0x5A264C	14	FA	1	全身の痛みだったのね。	온몸의 통증。
0x5A2715	14	FE	1	痛くて痛くてたまらない。	아프고 아파서 견딜 수 없다。
0x5A2787	14	F809	1	に会ったら優しくしてね。	만나면 잘해줘。
0x5A299D	14	FB	1	それで、あんたの感想は？	그래、감상은？
0x5A29CE	14	F809	1	側のコメントの受け売り	측 논평의 재탕
0x5A2AD1	14	FA	1	編集に圧力をかける、	편집 압력넣고、
0x5A2B0F	14	FA	1	仕方がないから、せいぜい	어쩔수없으니、
0x5A2DCD	14	FB	1	例のテープで「クソったれな	그 테이프「젠장
0x5A2F26	14	F808	1	大きなものへの一体感	큰것과 일체감
0x5A2FEE	14	FA	1	どうかすら、怪しいもんだ。	인지조차 수상。
0x5A3029	14	FB	1	道の真ん中で、ボケッと	길 한복판에서
0x5A3038	14	FA	1	突っ立ってんじゃねえぞ！	우뚝 서있지마！
0x5A31A0	14	FA	1	ノルマ達成のために・・・	할당 달성위해
0x5A358F	14	FA	1	キャプテンに話してもいい？	캡틴에 말해도？
0x5A3A42	14	FA	1	・・・もったいないことです。	아까운 일이죠。
0x5A3D17	14	FD	1	もう終わってたじゃないか。	이미 끝나 있었잖아。
0x5A3FD2	14	FE	1	先輩とよくやりましたよ。	선배와 자주 했었어요。
0x5A42DD	14	F804	1	なにか用途があるはずだ！	뭔가 용도 있어
0x5A4538	14	FD	1	君にも、もっと広い目で	자네도、더 넓은 눈으로
0x5A460A	14	FB	1	俺は抜けさせてもらうぞ。	난 빠지겠다。
0x5A4740	14	FA	1	思わないものは多いのだ。	안그런게 많다。
0x5A4B85	14	FA	1	戦士として死ぬべきだ！	전사답게 죽자！
0x5A4E97	14	FB	1	一体、どうするつもりだ？	대체、어쩔셈？
0x5A51AD	14	FA	1	やってるだけだから、あんまり	할뿐이라、별로
0x5A53E2	14	FB	1	妻と娘が人質で・・・	아내와 딸 인질
0x5A54BB	14	FA	1	思われたのが悲しいわね。	그리 보여 슬퍼
0x5A553A	14	FA	1	忘れていってるじゃないか。	잊고 가잖아。
0x5A58FB	14	FD	1	なんだか元気なかったな。	어쩐지 기운이 없었지。
0x5A5A07	14	FA	1	感情を表現する・・・	감정 표현하는
0x5A5D4F	14	FA	1	思い切り殴りやがって。	실컷 때리다니。
0x5A604C	14	F809	1	もそれどころじゃないみたい。	그럴때 아닌듯。
0x5A6275	14	FA	1	持っているものなのですわ。	갖고있는 거죠。
0x5A62BB	14	FA	1	ペラを奪うためでしょうね。	페라 노린거죠。
0x5A63E0	14	FA	1	間違っているような・・・	잘못된것 같은
0x5A6868	14	FA	1	そこらの店で買うんだよ。	가게에서 산다。
0x5A6CF6	14	FA	1	いったいどういうことなんだ？	대체 무슨 일？
0x5A6ECE	14	FD	1	そういうことなら、博士を	그런 거라면、박사를
0x5A708E	14	FA	1	もはや行くべき所もない！	갈곳도 없다！
0x5A7219	14	FA	1	今じゃこんなありさまです。	이제 이꼴이죠。
0x5A72EE	14	F809	1	に逆らい続けたんですよ。	계속 거슬렀죠。
0x5A7403	14	FB	1	なにしろこの環境でしょ。	이 환경이니까。
0x5A7440	14	FB	1	あちこちに、隠れ集落が	곳곳에、은신처
0x5A7464	14	F809	1	の一部には、テロリストの	일부엔、테러범
0x5A77BF	14	FB	1	まあ、そういうことですかね。	뭐、그런거겠죠。
0x5A788D	14	FB	1	だから、雪の下を掘れば	눈밑을 파면、
0x5A7914	14	FA	1	差し押さえられましてね。	압류당했어요。
0x5A797E	14	FA	1	なんとかなるかもしれないな。	어떻게든 될듯。
0x5A7B42	14	FA	1	送り込んでいるでしょう？	보내고 있겠죠？
0x5A7D78	14	FA	1	全部こちらにいただこう。	전부 우리꺼다。
0x5A7EAD	14	FA	1	いくつあっても足りません。	얼마든 모자라。
0x5A82B2	14	FA	1	一瞬、疑ってしまうな。	순간、의심되네。
0x5A82FE	14	FA	1	ありうるということですよね。	있을수있죠。
0x5A8361	14	FA	1	とても失礼な方ですね。	무례한 분이죠。
0x5A84DF	14	FA	1	集めておられるようですね。	모으시는듯해요
0x5A8895	14	FA	1	ずっと気さくな方ですね。	참 소탈하시네
0x5A894B	14	FA	1	継承権保持者が？	계승권 보유자？
0x5A8D7C	14	FA	1	つきあってられないでやんす！	상대 못합죠！
0x5A90C2	14	FA	1	この宇宙の問題点を	이 우주 문제점
0x5A91C5	14	F809	1	という恐怖がなくなれば、	란 공포 없으면
0x5A9281	14	F809	1	の人達をそうしたように！	사람들 그랬듯！
0x5A9585	14	FA	1	どうかしてたのは認めるよ。	내잘못 인정해。
0x5A9915	14	FA	1	見られたくなかっただけだ。	보이기 싫었다。
0x5A9A17	14	FB	1	でも、もうやり直せないな。	이젠 못돌려。
0x5A9ACD	14	F800	1	プレゼントってのはコレかい。	선물이라는 게 이거인가。
0x5A9AF6	14	FD	1	いい宇宙船じゃないか。	좋은 우주선이잖아。
0x5A9EFE	14	FB	1	場札は４枚で行くぞ。	패는 ４장이다。
0x5AA06B	14	F825	1	君、ちょっとこっちに来て	자네、잠깐 이쪽
0x5AA1E3	14	FA	1	ポーカーも存在します。）	포커도 있죠。）
0x5AA2D3	14	FB	1	拳で決着をつけてやる。	주먹으로 결판。
0x5AA5E8	14	FA	1	ここにいる傭兵を一人	여기 용병 한명
0x5AAB1A	14	FD	1	それで値段の方は・・・	그래서 값은・・・
0x5AAC2A	14	FA	1	あまり表ざたにしない方が	안알리는 편이
0x5AB125	14	FA	1	実力で勝負でやんす！	실력으로 승부！
0x5AB25F	14	FB	1	ちょっと、危ないじゃない。	좀、위험하잖아。
0x5AB26E	14	FB	1	どうしてアタシを撃つのよ？	왜 날 쏘냐고？
0x5AB27D	14	FB	1	悪者はあっちよ、あっち。	악당은 저쪽。
0x5AB29C	14	FB	1	オマエノオカゲデ、ワレワレノ	네 덕분에、우리
0x5AB50B	14	F804	1	この宇宙で強いといえば	이 우주서 강한
0x5AB557	14	FA	1	おかしな理屈だけど・・・	이상한 논리다
0x5AB6A7	14	F809	1	のケースを全部壊した！	케이스 다 부숴
0x5AB77F	14	FA	1	なくなっちゃったじゃないか！	없어졌잖아！
0x5AB7D1	14	FA	1	いくらでも輸入できるわ。	얼마든 수입돼。
0x5AB807	14	FA	1	アタシの面倒を見てね。	나를 돌봐줘。
0x5ABD44	14	FA	1	やらなければならないのです。	해야만 합니다。
0x5ABEE9	14	F809	1	繁栄の歴史でもある。	번영의 역사다。
0x5ABF2F	14	F809	1	を利用したこともあった。	이용한적 있다。
0x5ABFBE	14	FA	1	ここ何年も続いている。	몇년째 계속돼。
0x5AC173	14	FA	1	権利はあるのでしょうか？	권리가 있나요？
0x5AC2BD	14	FB	1	くれぐれも抜かりなき様に	부디 빈틈없게
0x5AC472	14	FB	1	これは宇宙空間・・・	이건 우주공간
0x5AC503	14	FB	1	お久しぶり、でやんすかね。	오랜만이랍죠。
0x5AC72F	14	FA	1	蒸発してしまうでやんす。	증발해버립죠。
0x5AC756	14	FA	1	には十分でやんすけどね。	엔 충분합죠만。
0x5ACA6E	14	FB	1	しかし、証言はまだ・・・	하지만、증언은
0x5ACB56	14	FB	1	星が爆発したでやんす。	별이 폭발했죠。
0x5AD4F0	14	FA	1	どうも、ありがとうでやんす！	정말、고맙습죠！
0x5AD63B	14	FE	1	戦いで負けただけではなく	싸움에서 진 것뿐만이 아니라
0x5AD8CD	14	FA	1	鬼とも悪魔ともなろう！	귀신도 악마도！
0x5ADD3C	14	FD	1	それでは、お約束どおりに	그럼、약속대로
0x5ADD95	14	FA	1	必要ないはずですからね。	필요없을테니。
0x5ADE9F	14	FB	1	このデータをほんの少しでも	이 자료 조금만
0x5AE15C	14	FB	1	では、いただいていきますよ。	그럼、받아갈게。
0x5AE228	14	F809	1	、ヒーローになって来いよ。	、영웅되어 와。
0x5AE507	14	F809	1	は俺たちで引き受ける。	우리가 맡는다。
0x5AE5E7	14	FA	1	いるんだが、そのすぐ後ろに	있는데、그 뒤에
0x5AEA6C	14	FA	1	この近くに隠れています！	근처에 숨었죠！
0x5AEE0D	14	FA	1	生存できるそうですから、	생존가능하대서
0x5AEEC4	14	FA	1	私のキャビンでおもてなしを	제 선실서 대접
0x5AF48E	14	FB	1	歩いて行ける距離だ。	걸어갈 거리다。
0x5AF559	14	FA	1	滅多に見かけないよな？	좀처럼 못보지？
0x5AF8B5	14	FA	1	することができてしまいます。	할수있게 돼요。
0x5AFA7D	14	FA	1	プログラムしたらどうなんだ？	프로그램 하면？
0x5AFBBE	14	FB	1	だから、うまくいかなかった。	그래서、안됐다。
0x5AFE08	14	FA	1	絶対にまちがっています！	절대 틀렸어요！
0x5B0327	14	FE	1	我々への制裁として、	우리에 대한 제재로서、
0x5B0429	14	F809	1	を購入できないのですか？	를 살수없나요？
0x5B0598	14	FB	1	・・・君の割り当ては、	자네 할당은、
0x5B05EE	14	FD	1	何度も往復しないと。	몇 번이나 왕복해야 해。
0x5B06D3	14	F8F8	1	あまり気は進みませんね。	별로 안내키네。
0x5B099A	14	FE	1	アフターサービスの一環で	애프터서비스의 일환으로
0x5B09F6	14	FD	1	買ったばかりの船のことは	막 산 배에 대해서는
0x5B0A4D	14	FA	1	書いてあったはずでやんす！	적혀있었답죠！
0x5B0B24	14	FA	1	いろいろと教えてもらおう。	이것저것 듣자。
0x5B0DF2	14	FA	1	ちょっかいをかけてこないさ。	집적대진 않아。
0x5B0E04	14	FD	1	・・・帰りはともかく、な。	・・・돌아갈 때는 어떨지 몰라도、말이다。
0x5B0F66	14	FB	1	・・・痛くないんですよね？	아프지 않죠？
0x5B0FEF	14	F800	1	ちゃんと機械の身体に	제대로 기계의 몸에
0x5B10AC	14	FA	1	男女の差はありません。	남녀차는 없죠。
0x5B1146	14	FA	1	機械になれるわけですねー	기계가 되는군
0x5B12EF	14	FA	1	ロボットに移せるのですか！	로봇에 옮겨요！
0x5B15A5	14	FB	1	おい、お前は足を持て！	야、다리 잡아！
0x5B184A	14	FB	1	この人間たちを逃がすと	인간들 놓치면
0x5B1A43	14	FA	1	殺されるところだったんだ。	죽을뻔한거다。
0x5B1A72	14	F809	1	の大使館に行くんだ。	대사관에 간다。
0x5B1D55	14	FA	1	何度も戦ったけど・・・	몇번 싸웠지만
0x5B22DF	14	F815	1	後ろの子に声をかける。	뒤에 말건다。
0x5B235C	14	FA	1	話し掛けないでください！	말걸지 마세요！
0x5B23D5	14	FE	1	ど、どうしてわかったんです。	어、어떻게 아셨습니까。
0x5B2474	14	FA	1	知っちゃってるんですかぁ？	알고 계신거죠？
0x5B2788	14	FB	1	今帰ると殺されます～。	지금 가면 죽어
0x5B3033	14	F808	1	むさぼり喰うペリュトン号	탐식 페리톤호
0x5B3172	14	FB	1	話が早くて助かるわね。	말 빨라서 좋네
0x5B3386	14	FD	1	まあ、やっつけたからいいか。	뭐、해치웠으니 됐나。
0x5B352E	14	FE	1	あたしたちのものにしてから、	우리 것으로 만든 다음에、
0x5B3607	14	F809	1	、ちょっと気になることが。	、좀 걸리는게。
0x5B3785	14	FA	1	ステーキ２人分かしらね？	스테이크 ２인분
0x5B39FC	14	FB	1	可能性があるなら・・・	가능성 있다면
0x5B3A0B	14	FB	1	そうね、そっちに賭けたい。	그쪽에 걸겠어。
0x5B3A88	14	FD	1	なんでやんすか、この額は？	뭡죠、이 금액은？
0x5B3E07	14	FE	1	前線に伝達しておけ。	전선에 전달해 둬라。
0x5B3E37	14	F809	1	を救出して欲しいって？	를 구출해달라？
0x5B4070	14	FA	1	ゲリラに武器や情報を	게릴라에 무기
0x5B408F	14	FE	1	それで、どうするんでやんす？	그래서、어떻게 하십죠？
0x5B4325	14	FB	1	たぶん・・・返せへんけど。	아마 못갚겠지。
0x5B435D	14	FB	1	きっちりあと一人くらいは	확실히 한명쯤
0x5B4389	14	F804	1	・・・先に行っててくれ。	먼저 가있어줘。
0x5B43BB	14	FB	1	ま・・・急がんでもええで。	뭐、안급해도돼。
0x5B45B2	14	FA	1	まだ連絡がつかないのか？	아직 연락안돼？
0x5B45C1	14	FB	1	大隊本部はどうした？	대대본부 어때？
0x5B4977	14	FA	1	報告させていただきます。	보고드립니다。
0x5B4AED	14	FA	1	がんばっていても無駄だ。	애써도 헛되다。
0x5B4D60	14	F809	1	が実力行使に出た。	실력행사 했다。
0x5B4FD7	14	F809	1	の実力を宇宙にしめす	실력 보일
0x5B509C	14	FB	1	どうも気になるでやんすね。	왠지 신경쓰죠。
0x5B578E	14	FA	1	こそこそ敬遠などはせん。	비겁하게 안해。
0x5B5BD2	14	FA	1	こちらを攻撃しています！	이쪽을 공격중！
0x5B5D13	14	FD	1	はて、よく聞こえませんな。	이런、잘 들리지 않는군요。
0x5B5D3D	14	F800	1	新しき時代に乾杯。	새로운 시대에 건배。
0x5B611E	14	FA	1	戦争になってるでやんす！	전쟁중이랍죠！
0x5B630A	14	F809	1	は、水中に肉食性の	、물속에 육식성
0x5B633E	14	FA	1	なかなかの強敵で・・・。	꽤나 강적이라。
0x5B6B57	14	F805	1	ふふ・・・ちょっとあきらめが	후후 좀 포기가
0x5B6D3A	14	FA	1	死ぬ気でがんばってくれ！	목숨걸고 힘내！
0x5B738A	14	F8AA	1	むい６りめいタピむい尅さい	
0x5B73F3	14	FC	1	いＵでめいし２むいフブむい❤	
0x5B78C6	14	F821	1	さいトヅむいトァめいトドむい	
0x5B78D8	14	FE	1	ヤボむいＥＸむいＥボむいＹあ	
0x5B7998	14	FD	1	しＤむいみすめいふ０むいＸあ	
0x5B807E	14	FC	1	さいぱジむいＱジむいしあさい	
0x5B82AE	14	F800	1	さいづゾむいＩバむい２ダむい	
0x5B83DA	14	FC	1	さいくあさいしあさいたあさい	
0x5B8654	14	F800	1	ァぃふい窄さい尅さいＵあ	
0x5B8A27	14	FC	1	い尅さいしあさいくあさい（	
0x5B8B68	14	FC	1	やあさいふゼむいＹヅむいあい	
0x5B90F8	14	FC	1	やあさい社むいヂバむいＵあ	
0x5B91B0	14	F800	1	えゼむい２ジむいワゼむいＹあ	
0x5B9320	14	FC	1	やあさいＱゾむいＹヅむいあい	
0x5B9468	14	F800	1	やあさいＱダむいォヂむいあい	
0x5B96F4	14	F800	1	Ｙベむいぃあさい尅さいあい	
0x5B97C0	14	FE	1	ボドむいワビもいぜあさい６あ	
0x5B98FC	14	FB	1	えべふいやあさいヤバむいＹあ	
0x5BB30B	14	FB	1	遺跡は危険でやんす！	유적은 위험죠！
0x5BBA46	14	FA	1	見付からないだろうから。	못찾을테니까。
0x5BBD12	14	F825	1	君が食べられたでやんす！	자네가 먹혔죠！
0x5BCE08	14	FA	1	私の様になってください。	저처럼 되세요。
0x5BCE77	14	FA	1	時間の無駄だからな。	시간낭비니까。
0x5BD2CB	14	F825	1	君に群がってるでやんす！	자네에 몰립죠！
0x5BE853	14	FB	1	なんだか、このまま居ると、	왠지、이대론、
0x5BEA03	14	FB	1	何か見付かったのかい？	뭔가 찾았어？
0x5BFC31	14	FE	1	これで何とかなるでやんす！	이걸로 어떻게든 됩죠！
0x5BFDF8	14	FB	1	あまり、うろちょろするなよ。	돌아다니지마。
0x5C05AF	14	FB	1	こっちも何もないでやんす。	이쪽도 없답죠。
0x5C063D	14	FB	1	きっと、美しくなろうという	분명、예뻐지려
0x5C085A	14	FB	1	なんとか逃げ切れたけど、	겨우 도망쳤다、
0x5C0A2B	14	FB	1	やっぱり怪しいでやんすね！	역시 수상합죠！
0x5C0B1B	14	FE	1	流され辿り着く先を、	떠밀려 다다르는 곳을、
0x5C1011	14	FE	1	じゃあ、俺が見せてやる。	그럼、내가 보여 주마。
0x5C1298	14	FA	1	今日はもうやめにしよう。	오늘은 그만。
0x5C13F1	14	FE	1	ですが、貴方は現在、	하지만、당신은 현재、
0x5C158C	14	FB	1	お前は一人じゃないぞ。	넌 혼자 아냐。
0x5C1A9D	14	FA	1	次から次へと出てくる。	잇달아 나온다。
0x5C1E0E	14	FB	1	では、また機会があれば。	그럼、기회되면。
0x5C2184	14	FA	1	大きくなるんじゃ・・・・・	커지는거 아냐
0x5C2746	14	F809	1	の僕には愛っていう物が	의 내겐 사랑이
0x5C2A24	14	FD	1	突っ込むしかないだろう！	돌진하는 수밖에 없잖아！
0x5C319F	14	F809	1	を１トン贈呈しましょう。	１톤 증정하죠。
0x5C3276	14	FE	1	あそこから進むでやんすよ！	저기서부터 나아갑죠！
0x5C355C	14	FB	1	なんか光っているでやんす！	뭔가 빛납죠！
0x5C3819	14	FA	1	連れってってもらうからね！	데려가줘야해！
0x5C3964	14	FB	1	早く外に出るでやんす！	얼른 나갑죠！
0x5C3C30	14	FB	1	貴方も思っているはず！	당신도 그럴걸！
0x5C3D9E	14	FB	1	俺達がコイツを倒せば、	이놈을 잡으면、
0x5C42B2	14	FA	1	２トン差し上げましょう！	２톤 드리죠！
0x5C5022	14	FB	1	こんなに大量のロボットが	이 많은 로봇이
0x5C51DC	14	FA	1	吹っ飛ばしてやろうかな。	날려버려볼까。
0x5C5251	14	FB	1	どうも囲まれたみたいだぞ。	포위된듯하다。
0x5C552E	14	F809	1	のように美しくなりたいと！	처럼 예뻐지고
0x5C5AE6	14	FB	1	我慢させて悪かったな。	참게해서 미안。
0x5C6332	14	F809	1	には何かを欲しがるという	뭔가 원한다는
0x5C63D9	14	FA	1	人間に見えるでやんす！	인간 같습죠！
0x5C68FC	14	F825	1	君の想像に任せるわ。	상상에 맡길게。
0x5C6943	14	FE	1	そういえば野球人形が	그러고 보니 야구 인형이
0x5C6A67	14	FA	1	私にしっかり届きました。	잘 전해졌어요。
0x5C71B1	14	FA	1	許してやって欲しいんだ。	용서해줬으면。
0x5C7569	14	FB	1	素晴らしい逸材だよ！	훌륭한 인재다！
0x5C7D78	14	FA	1	聞こえなかったでやんすか？	못들었답죠？
0x5C89ED	14	F825	1	のバックアップに回る事！	백업으로 돌기！
0x5C8A05	14	FE	1	だから！一緒に行こう！	그러니까！같이 가자！
0x5C9EF7	14	FE	1	これを飲めば、もっと神に	이걸 마시면、더욱 신에
0x5CA0B1	14	FA	1	巨大化したワームだよ。	거대화한 웜。
0x5CA0F6	14	FA	1	いつか街を襲うだろうな。	언젠가 덮친다。
0x5CA121	14	FB	1	さっさと逃げるでやんすよ！	얼른 도망칩죠！
0x5CA4A6	14	FA	1	ちょっとやり過ぎでやんす。	좀 지나칩죠。
0x5CA625	14	F809	1	住人！す、すげええええ！	주민！대단해！
0x5CADE8	14	FB	1	お前も戦ったじゃないか？	너도 싸웠잖아？
0x5CB592	14	FB	1	何かの見間違いだよ。	뭔가 잘못봤어。
0x5CB801	14	FB	1	どこから、どう見ても僕は	어디서 봐도 난
0x5CBCBC	14	FE	1	その前に練習しますか？	그 전에 연습하시겠습니까？
0x5CBD6F	14	FA	1	砂ばかりだったでやんすね。	모래뿐이었죠。
0x5CBE4E	14	FB	1	この星は緑だけじゃなく、	이 별은 초록뿐
0x5CBE5D	14	FA	1	文明も発達していた。	아닌 문명국。
0x5CBE87	14	FA	1	だろうと言われていたんだ。	라고 들었었다。
0x5CC683	14	FD	1	でも、あたしはこんな戦いを	하지만、나는 이런 싸움을
0x5CC6C2	14	FA	1	全て飲み込んでもらうよ	전부 삼켜줘
0x5CC80C	14	FB	1	絶対に死なないように！	절대 죽지않게！
0x5CC81B	14	FB	1	おもしろい事は生きていて	재밌는 일은
0x5CC989	14	FB	1	なにか私に用でしょうか？	저에게 볼일？
0x5CCAC6	14	FA	1	皆さん飲んでますからね。	다들 마시니까。
0x5CCC1B	14	FA	1	まったく怖くないでやんす！	전혀 안무섭죠！
0x5CCDB9	14	FB	1	地面の色は、さっきまで	땅색은、아까엔
0x5CD401	14	FA	1	たまにはいいかもしれないな。	가끔 좋을지도。
0x5CD61C	14	FB	1	言っている事がわかるか？	내말 알겠나？
0x5CD6A8	14	FB	1	僕はもっと強くなります。	더 강해질게요。
0x5CD6D5	14	FA	1	なれるように頑張ります。	되게 노력할게。
0x5CD79E	14	FB	1	こんな暑苦しい奴らは。	답답한 놈들은。
0x5CDEAA	14	FA	1	ずっと見続けてください。	계속 봐주세요。
0x5CE134	14	F809	1	さんは定期的にこちらを	씨는 수시로
0x5CE382	14	FB	1	すぐに言わせてあげるから！	곧 말하게할게！
0x5CE877	14	FA	1	報告してくれたおかげで、	보고해준 덕에、
0x5CEC22	14	FA	1	主に魚を食べています。	주로 생선먹죠。
0x5CF094	14	FD	1	つまり、コイツがこれを守る	즉、이 녀석이 이것을 지키는
0x5CF452	14	FA	1	命がいくつ必要なんだ？	목숨 몇개 필요
0x5D01C9	14	FB	1	貴様はここで倒れろ！！	여기서 쓰러져！
0x5D03EB	14	F825	1	君！気をつけるでやんす！	자네！조심합죠！
0x5D04B6	14	FA	1	追いかけて来るなあああ！	쫓아온다아아！
0x5D04F8	14	FB	1	何か落ちているでやんす。	뭔가 떨어졌죠。
0x5D06B2	14	FA	1	情報を集めに来たの。	정보 수집하러。
0x5D1020	14	FB	1	じゃあ、ここでお別れだね。	그럼、작별이네。
0x5D1891	14	FA	1	理解してしまうでやんす。	이해돼버립죠。
0x5D195C	14	FA	1	多い星があるでやんすよ！	많은 별 있죠！
0x5D1CC8	14	F825	1	君。なにしてるでやんすか？	자네。뭐합죠？
0x5D1D46	14	FB	1	結果は俺が行っても、	내가 가도 결과
0x5D214F	14	FA	1	つまんないなんて失礼ね。	시시하다니 참。
0x5D251B	14	FB	1	何か飛んできたでやんす！	뭔가 날아왔죠！
0x5D252A	14	FB	1	しかも、何かしょっぼいのが	게다、뭔가 허접
0x5D2A10	14	FE	1	でも、どこを探しにいくかは	하지만、어디를 찾으러 갈지는
0x5D2E26	14	FD	1	とりあえず逃げろおおおお！	일단 도망쳐어어어어！
0x5D2E97	14	FE	1	久しぶりに熱中してた？	오랜만에 열중했었어？
0x5D3004	14	F809	1	！お前、こいつら相手に	！너、이놈들에게
0x5D311F	14	FA	1	一人占めしようなんて、	독차지하다니、
0x5D3396	14	FA	1	公表されてないはずだぞ。	공표 안됐을걸。
0x5D33F0	14	FA	1	そこらで噂になってるわよ。	근처 소문났어。
0x5D35D9	14	FE	1	あと短気で、わがままで、	게다가 성급하고、제멋대로고、
0x5D46D7	14	FB	1	久しぶりに会う友人に	오랜만에 친구
0x5D521D	14	FD	1	それで貴方は私の事を	그래서 당신은 나를
0x5D52E4	14	FA	1	貴方の全てを見せる。	당신 전부 보여
0x5D570B	14	FA	1	接近していたでやんすよ！	접근중이었죠！
0x5D5C2C	14	FA	1	滅多に渡さないでしょ。	좀처럼 안주지。
0x5D5DA8	14	FE	1	どのように使われてるのかは	어떻게 쓰이고 있는지는
0x5D60F5	14	F825	1	！あの小惑星を見て！	！저 소행성 봐！
0x5D6168	14	F809	1	の言っていたのはあれか？）	말한게 저거？）
0x5D6184	14	F809	1	！あの中に入ってみるか？	！저 안에 갈까？
0x5D6262	14	FB	1	私が知っているのなんて、	내가 아는건、
0x5D63AB	14	FA	1	する奴らが現れたんだよ。	놈들이 나왔다。
0x5D703D	14	FA	1	ただの宇宙海賊だよ。	그냥 우주해적。
0x5D70A8	14	FB	1	おもしろい事を見つけに。	재밌는거 찾아。
0x5D7300	14	FB	1	積荷か？ペラか？それとも	짐？페라？아니면
0x5D749F	14	FA	1	どういう神経してるのよ？	무슨 신경이야？
0x5D76F9	14	FA	1	ついていかなきゃダメでしょ！	따라가야지！
0x5D8370	14	FC	1	ヂブもいごベもいぜあさいＴあ	
0x5D8474	14	FC	1	フビもいヂブもいぃあさいせい	
0x5D87C4	14	FC	1	ごベもいボビもいぜあさいＴあ	
0x5D8E2C	14	F800	1	やあさいふビもいエブもいあい	
0x5D9F32	14	FB	1	誰も捕まってないな・・・	아무도 안잡혀
0x5DA320	14	F80B	1	まずは、こいつを見てくれ！	먼저、이걸 봐！
0x5DAB6A	14	FB	1	あの森って、かなり遠いよ	저 숲、꽤 멀어
0x5DC400	14	FB	1	意味ないじゃないか・・・	의미없잖아・・・
0x5DCA3D	14	FA	1	すでに被害にあっている。	이미 피해봤다。
0x5DCC63	14	FD	1	なんだか嫌な予感がする	어쩐지 불길한 예감이 든다
0x5DD19C	14	FA	1	気に入った奴があったら	마음에 들면
0x5DD1C4	14	FA	1	そっちの注文も頼むぜ。	그쪽 주문 부탁
0x5DD408	14	FB	1	助けてくれと言うようなら	도와달라 하면
0x5DD540	14	F809	1	の監視用モニター艦が	감시용 모니터
0x5DD5AF	14	F808	1	犯罪者収容惑星	범죄자수용행성
0x5DDBA1	14	FD	1	宇宙港を見る限り、	우주항을 보는 한、
0x5DDBB0	14	FA	1	他の星と変わらないな。	딴 별과 같다。
0x5DE113	14	FB	1	護衛に雇われた者は、	호위 고용된자、
0x5DE8A9	14	FA	1	もう少し場所を考えて	좀 장소 생각해
0x5DEEA8	14	FD	1	今度は、妹さんのために	이번에는、여동생분을 위해
0x5DF54A	14	FA	1	面白いかもしれないわね。	재밌을지도。
0x5DF79E	14	FB	1	これといった特徴は・・・	이렇다할 특징
0x5DFCD4	14	FE	1	その、賞金首にしても、	그、현상수배자라고 해도、
0x5DFD30	14	FA	1	働けるようになりました！）	일하게됐어요！）
0x5DFEBA	14	FD	1	この前のオオカミの時は、	요전 늑대 때는、
0x5DFEFC	14	FB	1	昨日で二桁を越えた	어제 두자리째。
0x5E0093	14	FB	1	目撃者のいないオオカミ	증인 없는 늑대
0x5E049B	14	FB	1	すばらしいですわ。お兄様	훌륭해요。오빠
0x5E082E	14	FD	1	また、今度来てみよう。	또、다음에 와 보자。
0x5E0DB1	14	FE	1	地面で寝ていた人ね。	땅바닥에서 자던 사람이네。
0x5E103A	14	FB	1	私、誰かと組む時は、	난、팀 짤때는、
0x5E112B	14	FA	1	お断りさせていただきます。	거절하겠어요。
0x5E196A	14	FB	1	こっちが聞きたいくらいだ。	내가 묻고싶다。
0x5E1AA5	14	FB	1	ただの賞金稼ぎか・・・	그냥 사냥꾼
0x5E1DF7	14	FA	1	この町の生まれだからね。	여기 태생이라。
0x5E1EA4	14	FA	1	長旅で疲れたでしょう？	먼길에 지쳤죠？
0x5E1EC6	14	FB	1	久しぶりに会ったんだし、	오랜만이니까、
0x5E1FE7	14	F809	1	さんよりも強いんですよね？	씨보다 강하죠？
0x5E2360	14	FB	1	やっと動かなくなった・・・	드디어 멈췄다
0x5E266F	14	FB	1	話を聞いた限りじゃあ、	들은 얘기로는、
0x5E27EF	14	FA	1	外に出るのを見かけたか	나간걸 봤나
0x5E29E8	14	FE	1	あれは、先生じゃないわ。	저건、선생님이 아니야。
0x5E2B4B	14	FB	1	道場の下・・・かしら。	도장 아래일까。
0x5E2B6E	14	F829	1	まだ、終わってないみたい！	아직 안끝났어！
0x5E2F63	14	FA	1	森をダメにしてしまいます。	숲을 망칩니다。
0x5E4518	14	FA	1	家に行ったんだけど・・・	집에 갔었는데
0x5E48FE	14	F809	1	さんの事を信じられない。	씨를 못믿겠어。
0x5E4A6A	14	FB	1	普通なら死んでるわよ？	보통은 죽었어？
0x5E4CF2	14	F829	1	おそらく、そうなのだろう。）	아마 그렇겠지）
0x5E4F23	14	FB	1	オオカミに決まってるだろ！	당연 늑대잖아！
0x5E530C	14	FB	1	お金は、きちんと払うから	돈은 꼭 낼테니
0x5E567B	14	FE	1	いやぁ・・・かっこ悪いね。	이야・・・볼품없네。
0x5E5694	14	FB	1	一緒に行った連中も	같이 간 놈들도
0x5E56F5	14	FE	1	あたし達が襲われたのは、	우리가 습격당한 것은、
0x5E57FF	14	FB	1	もう少しゆっくりしていって	조금 더 쉬다가
0x5E58FF	14	FB	1	今度は、何もない時に	담엔、한가할때
0x564670	13	FC	1	ダＺダトヂヌヂＢズＫギ循	
0x56F8E9	13	FC	1	あさい窄さいえあさいい	
0x56FC55	13	FA	1	その絶対無敵弾は	절대무적탄은
0x56FC63	13	FA	1	惑星をも破壊する。	행성도 부순다
0x56FD0C	13	FA	1	旅行者は宇宙港	우주항 도시서
0x56FD89	13	FA	1	失敗により、植物が	실패로、식물이
0x56FF1C	13	FA	1	全体の約４分の３が	전체 ４분의３이
0x56FF5C	13	FF	1	小惑星の集合体	소행성의 집합체
0x56FF6A	13	FA	1	ここを通過する場合	여길 통과할땐
0x5704F4	13	FF	1	敵単体に大ダメージ	단일 큰 피해
0x570504	13	FF	1	広範囲に攻撃する	광범위 공격
0x5714CC	13	FA	1	Ｕハへいバぎへい尅さい❤	
0x571D80	13	FC	1	やぇへい！１はいみ３はい（	
0x571F0C	13	FE	1	搭さい２ぃへいぱろへい（	
0x572CEC	13	FC	1	フんへいシれへい司へい（	
0x572DD0	13	F800	1	ォをへい尅さいわわへい（	
0x572EB8	13	FC	1	尅さいエをへいっわへい（	
0x5730C0	13	FE	1	搭さいとゃへい尅さいお	
0x57332C	13	FC	1	えろへいふぁへい尅さいむ	
0x573620	13	FC	1	２れへいＱれへい尅さい❤	
0x573694	13	FC	1	搭さい！１はいぱぁへいそ	
0x57375C	13	FC	1	みＬむいえをへいシゃへい（	
0x57377C	13	FC	1	搭さいづわへいォぁへいつ	
0x573958	13	FC	1	やろへいシんへいトぅへいえ	
0x5739B8	13	FC	1	搭さいＱをへいォをへいい	
0x573A10	13	FC	1	尅さいォっへいえをへいく	
0x573BAC	13	FC	1	えんへいとをへい！１はい（	
0x573D2C	13	F801	1	」ぃへいシビもいぜあさいけ	
0x573E40	13	F801	1	尅さいしぃへいとぅへい」	
0x574118	13	F801	1	！１はいヂぃへい」ろへい❤	
0x57412C	13	F801	1	❤わへいシビもいぜあさいほ	
0x574150	13	F801	1	搭さいＩれへい尅さいせ	
0x5741CC	13	F801	1	ごあさい」ぅへいえをへい（	
0x574468	13	FC	1	フをへいエれへいフわへい（	
0x5744A4	13	FD	1	やをへいとれへいＡをへいち	
0x57453C	13	FC	1	搭さい澪へいやわへいう	
0x575115	13	FB	1	泉の妖精さんでーす。	연못요정이죠。
0x57523E	13	F86A	1	トンを納入しました。）	톤을 납품했습니다。）
0x575390	13	FA	1	平和なんてクソくらえ！	평화 엿먹어！
0x5757B2	13	FA	1	あとはのんびり暮らすよ。	느긋하게살아。
0x575A80	13	FB	1	死んだらそれっきりだぜ？	죽으면 그만？
0x575B58	13	FB	1	その２つの星の調停を	두 별 조정을
0x575CEE	13	FD	1	行き倒れのロボットか。	쓰러져 있던 로봇인가。
0x575F6B	13	FA	1	それを乗り越えるための	그걸 극복하려
0x57624D	13	FE	1	このオレに集まっている！	이 나에게 모여 있다！
0x576273	13	FE	1	更なる栄光と高み！	더한 영광과 높이！
0x576AE6	13	FA	1	協力してくれないかな？	협력해주겠나？
0x576BB9	13	FA	1	言って欲しかったのか？	듣고싶었나？
0x576BCC	13	FB	1	・・・傭兵をなめるな！	용병 얕보지마
0x5770AE	13	F804	1	ほら、これで満足だろ！	자、만족하냐！
0x57745F	13	FA	1	格別のごちそうになる。	특별한 진미。
0x577747	13	FB	1	おそらく、私の存在を	아마、내 존재
0x57777F	13	FA	1	愛されてるでやんすね～。	사랑받죠～。
0x5777C9	13	F800	1	女王じゃないでやんす。	여왕이 아닙죠。
0x577A22	13	FB	1	私が盾になりますから、	제가 방패니까
0x577A30	13	FA	1	後ろから来てください。	뒤에서 와요。
0x577AAB	13	FD	1	重装甲のロボットか。	중장갑 로봇인가。
0x577B34	13	FE	1	いやあ、壊れてるところを	이야、고장 난 걸
0x577DA6	13	FE	1	えっと、なんの話だっけ？	그러니까、무슨 얘기였더라？
0x578E1E	13	FE	1	本番だと戦死だね。	실전이면 전사네。
0x5790A5	13	F809	1	でロックオンを忘れるな！	로 록온해라！
0x5795DF	13	FA	1	ちゃんと決めておこう。）	확실히 정해）
0x579792	13	F825	1	の宇宙船を発見。	우주선 발견。
0x57AB0A	13	F807	1	なんでやんす、こいつらは？	뭡죠、이놈들은？
0x57B3BC	13	FA	1	して発生したものです。	해서 생겼죠。
0x57B6B0	13	FA	1	ぐらいの本が書けるぜ！	쯤 책 쓰겠다！
0x57B863	13	F809	1	を無差別爆撃した	무차별 폭격한
0x57B8ED	13	F809	1	の無差別爆撃には	무차별폭격엔
0x57B8FB	13	FA	1	参加していないはずだ。	참가 안했다。
0x57BAF2	13	F809	1	から罰金を取った！）	벌금 받았다！）
0x57BBCF	13	FA	1	はみだしているんでやんす！	삐져나왔답죠！
0x57BC3B	13	FA	1	どんくさいでやんすからね。	굼뜨답죠。
0x57BF16	13	FA	1	そういうウワサもあったか。	그런 소문도。
0x57C1AF	13	FA	1	とどまっているんでやんす？	머물고있답죠？
0x57D550	13	FA	1	まかせておけば一瞬さ。	맡기면 금방。
0x57E4D3	13	FA	1	なんかしたら変だっての？	하면 이상해？
0x57E4F9	13	FA	1	がんばるのは当然だろ。	당연한거지。
0x57E656	13	FA	1	キャプテンにプレゼントだ。	캡틴께 선물。
0x57E8D2	13	F809	1	船が記者に暴行！	배、기자 폭행！
0x57E964	13	FA	1	まったく困ったものだね。	참 곤란하네。
0x57EBE5	13	FA	1	一瞬遅れるでしょ？）	순간 늦잖아？）
0x57F0B2	13	FE	1	よく聞こえなかったのか？	잘 들리지 않았던 거냐？
0x57F17A	13	FA	1	いったい、何をしたんだ？	대체 뭘 했어？
0x57F4C0	13	FA	1	またチャンスはありますよ。	또 기회 있죠。
0x57F64C	13	FA	1	心配になっただけです。	걱정돼서요。
0x57FDF5	13	FB	1	では、この子の構造を	이 애 구조를
0x57FE03	13	FA	1	決して調べないように！	절대 보지마！
0x57FFFB	13	F825	1	のことすっかり忘れてた。	완전 잊었다。
0x580433	13	FD	1	・・・赤字じゃないか。	・・・적자잖아。
0x580E14	13	FA	1	もっと派手なのないの？	더 화려한건？
0x580F67	13	FA	1	使いすぎじゃないのかな。	과용 아닌가。
0x5811C5	13	FA	1	気にするものじゃないぞ。	신경쓰지마。
0x581FE8	13	FA	1	いることは、ごまかしようも	있는건 못속여
0x582176	13	FA	1	あなたに返してあげます！	돌려드릴게요！
0x5826B9	13	FA	1	たくさん持っておくんだ。	많이 챙겨둬。
0x58278B	13	FB	1	宇宙戦闘時には、	우주전투시엔、
0x582FC9	13	FE	1	・・・なんだお前たちは。	・・・뭐냐 너희들은。
0x58319A	13	FD	1	あなたたち、邪魔です。	당신들、방해입니다。
0x5835B0	13	FA	1	ごまかしきれませんでした。	못속였어요。
0x58367E	13	FA	1	ちゃんとしかるべき筋から	정식 경로로
0x58392C	13	FE	1	君達に、サービスとして	자네들에게、서비스로
0x583F45	13	F809	1	君の様子がおかしい！	자네 이상해！
0x584889	13	FB	1	失敗してしまいました。	실패했어요。
0x5849C7	13	FA	1	切ったのかもしれないな。	끊었을지도。
0x584B2F	13	FA	1	死んじゃうでやんすから、	죽어버린답죠、
0x584C34	13	FE	1	妙なところで会うわね。	묘한 곳에서 만나네。
0x584F7A	13	FB	1	どうしてそこまでするんだ？	왜 그렇게까지
0x585026	13	FA	1	人間はいなくならない。	인간은 남는다
0x5850C7	13	FA	1	前科があるのだろうな。	전과 있겠지。
0x58523A	13	FA	1	生き残ることだろうが！	살아남는거지！
0x585844	13	FA	1	気を張ってばかりじゃ、	긴장만 해선、
0x585982	13	FA	1	もったいないでやんすよね。	아깝답죠。
0x585AA1	13	FA	1	買うまで見せるわけには	살때까진 못
0x585AE0	13	F8F8	1	５００ペラなら買うけど？	５００페라면 사。
0x585EE5	13	FA	1	倉庫にある武器や、	창고 무기나、
0x58602C	13	FB	1	さけた方が賢明だな。	피함이 현명해
0x5866D7	13	FA	1	８名は登録してるぞ。	８명 등록됐다。
0x586A01	13	F85A	1	宇宙を旅するうちに、	우주 여행중에
0x586B83	13	FB	1	オレ達が取っていくのを	우리가 갖는걸
0x586B91	13	FA	1	黙認してくれてるんだ。	묵인해준다。
0x586C4F	13	FA	1	こんな生活できるかよ。	이렇겐 못살아
0x587B96	13	FB	1	そんなことないんだなぁ～。	안그렇다～。
0x588067	13	FE	1	あんた、どこからこの船に	당신、어디서 이 배에
0x588203	13	FB	1	とりあえず、やりかけだから	일단 하던거라
0x588A3E	13	FD	1	ど、どどど、どうしよう？！	어、어어어、어쩌지？！
0x588A4C	13	FB	1	やっちまったよ、俺～！！	해버렸어、나～！
0x588C3D	13	FA	1	生意気なんでやんす！	건방지답죠！
0x588C9C	13	FA	1	いったいどういう目的で	무슨 목적으로
0x588CAA	13	FA	1	設計されたものなんだ。	설계된거다。
0x588CBB	13	FD	1	あまりにも重過ぎるぞ。	너무나도 무겁다。
0x5892A8	13	FE	1	それなのに「仇」だなんて	그런데도 「원수」라니
0x5896CB	13	FA	1	チップさえ差し替えれば	칩만 바꿔끼면
0x5896D9	13	FA	1	どんな肉体にもなれる。	어떤 몸이든。
0x589D11	13	FA	1	１００ペラ札もってるか？	１００페라 있나？
0x58A028	13	F809	1	が移動を開始した。	이동 시작。
0x58A1AD	13	FB	1	わたくしを信じるのです。	절 믿으세요。
0x58A2A7	13	FA	1	まことに立派でやんす。	참 훌륭합죠。
0x58A2DE	13	FA	1	モノになったでやんすから、	쓸만해졌답죠、
0x58A401	13	FA	1	面白いでやんすからね。	재밌으니깝쇼。
0x58A6B1	13	FB	1	もうひと仕事あるから。	한건 더 있어。
0x58A716	13	F809	1	に潜入できると思えば	잠입가능하면
0x58A9F0	13	FE	1	まず、オイラが１００ペラを	먼저、내가 １００페라를
0x58AA22	13	FB	1	あなたの１００ペラ札を、	당신 １００페라、
0x58AE57	13	FA	1	どこの星なんでやんすか？	어느 별입죠？
0x58AF0A	13	FA	1	一生懸命やったよ。	열심히 했어。
0x58AF62	13	FA	1	呼ばれるようになったよ。	불리게 됐어。
0x58AF7F	13	F809	1	も世の中の仕組みが	도 세상 구조
0x58B10C	13	F809	1	、ちょっとだけがんばるよ。	、조금 힘낼게。
0x58B270	13	FB	1	銃を突きつけられちゃ、	총 들이대면、
0x58B2B3	13	FB	1	お前なんぞにかかわってる	너따위 상대할
0x58B52C	13	F809	1	が中心になっているのは	가 중심인건
0x58B556	13	FA	1	すでに押さえてあります。	이미 확보했죠
0x58B686	13	FA	1	オイラの幸福でやんす。	제 행복입죠。
0x58B6DD	13	F809	1	が黙っているはずがない。	가만 안있지。
0x58BA56	13	F809	1	は封鎖をやめるべきだ。	봉쇄 풀어야。
0x58BC2B	13	F809	1	がシャワー浴びてる時に	샤워하는 사이
0x58BCC2	13	FA	1	悪いような気がするが。	좀 미안한데。
0x58C175	13	FB	1	ひょっとしてあたしのこと？	혹시 내 얘기？
0x58C3C4	13	FB	1	あんた、義手だったの？	너、의수였어？
0x58C531	13	FD	1	もうちょっとうるおいのある	조금 더 정취 있는
0x58C658	13	FA	1	ウケましたんやけどなぁ～。	웃겼는데예～
0x58C832	13	FB	1	ちょっと先に行ってて。	먼저 가있어
0x58C86E	13	FE	1	あとから追いかけるから。	나중에 뒤쫓아 갈게。
0x58CABA	13	FA	1	だなんて、さすがニンジャは	역시 닌자는
0x58CE24	13	FB	1	覚えていろ！でやんす。）	두고봅죠！）
0x58D6BA	13	FB	1	あるとき、一匹のサルが	어느날、원숭이
0x58D753	13	FB	1	そのサルが食べられると、	그놈이 먹히자
0x58DB46	13	F809	1	に我々が持ち込んだ	우리가 들여온
0x58DE8C	13	FE	1	おい、お前そのセリフは！	이봐、너 그 대사는！
0x58E031	13	FE	1	なんとかできると思うから	어떻게든 될 거라고 생각하니까
0x58E0EB	13	FE	1	な、なんでもないでやんす！	아、아무것도 아닙죠！
0x58E761	13	FA	1	書かれているじゃないか。	적혀있잖아。
0x58E8FF	13	F809	1	を大勢殺してやった。	많이 죽였다。
0x58E994	13	FA	1	なかったことにしてもらう。	없던일로 해。
0x58EAAA	13	FD	1	見せてもらっていいかな？	보여 줄 수 있을까？
0x58EC53	13	FA	1	そのまま使えますからね。	그대로 쓰죠。
0x58ECA8	13	FA	1	むさくるしい外見よりは	추레한 꼴보단
0x58EF01	13	FA	1	２年も経ってませんし。	２년도 안됐죠。
0x58F0B7	13	FB	1	それで、ネズミやゴキブリや	쥐랑 바퀴벌레
0x58F5D4	13	FB	1	ここが連邦の中枢、	여긴 연방중추
0x58F807	13	FB	1	一気に押しつぶ・・・	단숨에 짓뭉개
0x58F979	13	F837	1	ほぼ、計画どおりです。	거의、계획대로입니다。
0x58FB0D	13	FA	1	アプローチがありませんね？	접근로 없죠？
0x58FCEB	13	FB	1	ここがお前の墓場だ！	여긴 네 무덤！
0x58FD18	13	FA	1	いうことはわかってるんだ。	란건 알아。
0x58FEB6	13	F809	1	が攻撃の命中率に	공격 명중률에
0x59006C	13	F822	1	いこれは困惑のおどり。	
0x59022A	13	FB	1	でも、覚えてらっしゃい。	근데、두고봐。
0x5905FB	13	FA	1	いくらでも残業できて、	얼마든 야근해
0x590A8C	13	FA	1	その、疑った方がいい。	그、의심하는게
0x590AA3	13	F804	1	どういう意味でやんす？	무슨 뜻입죠？
0x590DE4	13	FA	1	戦力はないんだからさ！	전력 없다고！
0x591012	13	FA	1	相談があるんだが・・・	상의할게 있어
0x591044	13	FB	1	ただし、支度金として	단、준비금으로
0x591566	13	FA	1	その毒ガスの影響で、	독가스 탓에、
0x591BAF	13	F809	1	崩壊まであと９分！）	붕괴까지 ９분）
0x591C4A	13	FA	1	あなたもがんばりなさいよ。	당신도 힘내。
0x591C79	13	F809	1	崩壊まであと８分！）	붕괴까지 ８분）
0x591CB6	13	FB	1	正義の味方ってのは	정의의 편이란
0x591D5D	13	F809	1	崩壊まであと７分！）	붕괴까지 ７분）
0x592508	13	FA	1	何が食べたいでやんす？	뭘 먹고싶죠？
0x592554	13	FA	1	苦手な食材は・・・	못먹는 식재료
0x592C4B	13	F809	1	からの確かな情報や。	확실한 정보。
0x59304F	13	F809	1	様はさびしいのでやんす。	님은 외롭죠。
0x5931DB	13	FA	1	一体何をしてるんだ？	대체 뭐하냐？
0x59328C	13	FA	1	的確なアドバイスだな。	적절한 조언。
0x593361	13	F809	1	って、あの変なロボットと	그 이상한로봇
0x5934CA	13	FD	1	さあ、仕事、仕事。	자、일이다、일。
0x593539	13	FB	1	この星の医療はすべて	이 별 의료는
0x593588	13	FB	1	この星はそうなんですか。	그렇습니까。
0x5936C4	13	FA	1	こっちは持っているカニ！	이쪽엔 있다！
0x59372D	13	F809	1	博士と交換だカニ。	박사와 바꿔
0x593852	13	F809	1	と対立している組織	대립하는 조직
0x593CA6	13	FB	1	体中が痛いでやんす。	온몸 아픕죠。
0x593F25	13	FD	1	考え違いをしていたよ。	생각을 잘못하고 있었어。
0x594430	13	FB	1	報酬はワクチン５トン。	보수 백신５톤。
0x59466F	13	F809	1	は脱走兵だったのか？	탈영병이었나？
0x594BDB	13	FA	1	寄せ付けようとしない。	곁에 안둔다。
0x594D05	13	F825	1	君、聞いたでやんすか？	자네、들었죠？
0x594D1F	13	F809	1	が破壊されたでやんす！	가 파괴됐죠！
0x594DA7	13	FA	1	どういうものなんでやんす？	어떤 건답죠？
0x59515C	13	FA	1	俺達だけこんなところで	우리만 이런데
0x5951EA	13	FB	1	・・・それにしても、なんで	그나저나、왜
0x59526B	13	FA	1	上昇に転じたそうよ。	올랐다더라。
0x59531C	13	FD	1	足腰立たないぐらい、	다리가 풀릴 정도로、
0x595536	13	F825	1	君の趣味でやんすよ。	자네 취미죠。
0x595711	13	FA	1	パイロットだったでやんす。	파일럿이었죠。
0x595975	13	FA	1	取り上げられてしまう。	빼앗겨버린다。
0x595B8E	13	FB	1	おいみんな、かまわないから	야、상관없으니
0x595DA5	13	FD	1	しょうがない人ですねー。	어쩔 수 없는 사람이네요ー。
0x595DD0	13	FA	1	あんまりこういうイタズラは	이런 장난은
0x595FC0	13	FB	1	・・・腕なら腕ごとな。	팔이면 팔째。
0x596006	13	FB	1	白衣の天使っての？	백의의 천사？
0x5962C5	13	FB	1	保育園で働いたり、	보육원 일도、
0x596441	13	FB	1	てめえらの墓場だぜぇ！	네놈들 무덤！
0x596615	13	F809	1	の連中も大勢いる。	놈들도 많다。
0x5967B0	13	FA	1	どこに住んでいるんです？	어디 사세요？
0x59681E	13	FA	1	住んでいたんじゃなくて、	산게 아니라、
0x596C49	13	FA	1	きっと、嫌われちゃうよ。	분명 싫어해。
0x596C9B	13	FA	1	あたしの方がダメなのよ。	내가 못났어。
0x59705F	13	FD	1	・・・幸運を祈ろう。	・・・행운을 빌지。
0x59722D	13	FA	1	関わっているようですな。	관여한듯하군。
0x5973D8	13	FB	1	じゃ、そういうことで・・・	그럼、그런걸로
0x5975CD	13	FA	1	俺が必ず君を守る。	내가 꼭 지켜。
0x597EA5	13	FA	1	なってしまいました・・・）	되어버렸어요）
0x5983F5	13	FB	1	エンターテインメントなら、	오락이라면、
0x598403	13	FA	1	すごく当然のことだろ？	당연한거지？
0x5985C9	13	FA	1	押さえ込んでいるのか。	억누르고있나。
0x598B8E	13	FA	1	かっこ悪いよね、ホント。	멋없지、정말。
0x599504	13	FA	1	戦闘能力があるわ。	전투능력 있다
0x59982F	13	FA	1	どこかで買ってみるかな？	어디서 살까？
0x599A08	13	F803	1	冗談じゃないでやんす！	농담 아닙죠！
0x599A4D	13	F804	1	あらゆるものを破壊する	모든걸 부수는
0x599B44	13	FA	1	ドンパチやってるでやんす！	총질중이랍죠！
0x599BF5	13	FE	1	急いで、ヘルプミーです！	서둘러、헬프미입니다！
0x599C2E	13	F8F8	1	面倒事は回避だ。	귀찮은건 피해
0x599C55	13	F809	1	君、コースを変更して	항로를 변경해
0x599C63	13	FA	1	戦闘を避けていこう。	전투 피하자。
0x59A200	13	FB	1	先に行くから、ちゃんと	먼저 갈테니까
0x59A41A	13	FB	1	キミ、変わってますねー。	너、특이하네ー。
0x59A6B7	13	F809	1	なら実力もわかっていて	실력도 알테고
0x59AB0B	13	FA	1	怪しまれてしまうからな。	의심받으니까。
0x59AE11	13	FB	1	どうやら、最近の私は	아무래도 요즘
0x59AE1F	13	FA	1	気がゆるんでいたようだ。	방심했던모양。
0x59B0F6	13	F809	1	の支配するどの星でも	지배하는 별도
0x59B226	13	FB	1	この連中を捕らえろ！	이놈들 잡아！
0x59B835	13	FA	1	呼んで欲しかったがな。	불러줬으면。
0x59B9A1	13	F809	1	が消えちゃったでやんす！	가 사라졌죠！
0x59BC0E	13	F809	1	という絶対の兵器を	라는 절대병기
0x59BCA0	13	FE	1	殺しておけば良かったと	죽여 둘 걸 그랬다고
0x59BCAE	13	FA	1	後悔することになるぞ。	후회할거다。
0x59BEBB	13	FA	1	すごい美人だな・・・）	굉장한 미인）
0x59C0D4	13	FB	1	あ、あなたの船のデータは	아、배 자료는
0x59C839	13	FB	1	ここで必要な分しか、	필요한 만큼만
0x59C968	13	FA	1	奥にあるんでやんすかね。	안에 있겠죠。
0x59CF6F	13	FA	1	この星まで来られたな。	여기까지 왔네
0x59D141	13	FA	1	かせいでもらうしかないな。	벌어야겠군。
0x59D39A	13	FA	1	あったらしいんですがねぇ。	있었다던데요。
0x59D829	13	FB	1	サッサト作業ニ戻レ！	빨리 작업해！
0x59DBDC	13	F804	1	アアア・・・ナンテコトヲ。	아아、어쩌나。
0x59DC04	13	FB	1	工場ノ生産ガ・・・	공장의 생산이
0x59DDAF	13	FA	1	こんなに騒いでいるのだ。	이리 시끄럽다
0x59DF78	13	FA	1	いささか拙速であった。	좀 성급했다。
0x59E17B	13	FA	1	ゴミみたいなものでやんす。	쓰레기 같죠。
0x59ECE0	13	FA	1	ような気がするんだけど。	같은 느낌인데
0x59EDE2	13	FB	1	ちょっと聞きたいんだが。	좀 물어볼게。
0x59EEED	13	FB	1	アタシってば、ついてるぅ！	난、운이 좋아！
0x59F0AF	13	FA	1	めちゃくちゃに売れるね？	엄청 팔리지？
0x59F2A5	13	FA	1	こっちが潰れちゃうかもね	이쪽이 망할듯
0x59F3FD	13	FB	1	またあたしらのクローンでも	또 우리 클론
0x59FDC6	13	F809	1	は大もうけというわけだ。	큰돈 번거다。
0x59FE09	13	F809	1	の息のかかった企業が	의 손댄 기업
0x59FEB3	13	FB	1	さて、どうしたものか・・・	자、어떻게할까
0x5A03D2	13	FB	1	女王モグラを倒すぞ！	여왕쥐 잡자！
0x5A045D	13	FA	1	引き上げたみたいだな。	철수한듯하다。
0x5A0552	13	FD	1	あんなの普通でやんす。	저런 건 보통입죠。
0x5A0758	13	FB	1	さっきの手品チガウね。	아까랑 다르다
0x5A076E	13	F809	1	の魔法で２つにしたよ。	마법으로 ２개。
0x5A084F	13	F809	1	に魔法使え言うね？	마법 쓰라고？
0x5A08B3	13	FD	1	ど、どういうことでやんす？	어、어떻게 된 겁죠？
0x5A0A45	13	FA	1	まんまとサギにひっかかった	제대로 당했다
0x5A0D5C	13	FA	1	かなり前からあるからな。	예전부터 있다
0x5A0EFA	13	FA	1	姫様にセクハラを・・・	공주께 성희롱
0x5A1216	13	FA	1	着陸できないでやんす！	착륙 못합죠！
0x5A1289	13	FA	1	体当たりさせましょう。	박치기 하죠。
0x5A1531	13	FA	1	銃声がしたんだが・・・	총소리 났는데
0x5A2366	13	F8F8	1	・・・どういう意味だ？	무슨 뜻이냐？
0x5A26E7	13	FE	1	それだけのことだったのよ。	그것뿐인 일이었어。
0x5A274C	13	FA	1	そんなことはしないけどね。	그런짓 안해。
0x5A2BD8	13	FA	1	報道した連中もな。	보도한 놈들도
0x5A2C24	13	FA	1	どんどん倒れていっても、	계속 쓰러져도
0x5A2CCC	13	FD	1	だが、希望はあるんだ。	하지만、희망은 있다。
0x5A2F8D	13	FA	1	こんなに宗教的だとは	이리 종교적일
0x5A3155	13	FB	1	お前、強いじゃねえか！	너、강하잖아！
0x5A336B	13	FA	1	自分は思いますよー。	전 그리 봐요。
0x5A369C	13	FE	1	大きな間違いでした。	큰 착각이었습니다。
0x5A36D4	13	FA	1	クレーン車だったんです。	크레인차였죠。
0x5A3738	13	FA	1	デザインされたのでしょう。	디자인됐겠죠。
0x5A37FF	13	FA	1	ロボットさんたちと違って	로봇들과 달리
0x5A3E3C	13	FE	1	だって、ジャンプする前に	왜냐면、점프하기 전에
0x5A406A	13	FA	1	絵はヘタクソでやんすね。	그림 엉망죠。
0x5A4207	13	FA	1	ちょっと難しかったかな。	좀 어려웠나。
0x5A4270	13	FA	1	立たなさそうでやんすね。	소용없을듯죠。
0x5A4398	13	FA	1	してくれなければいいんだ。	안하면 된다。
0x5A451D	13	F809	1	の人々を助けるために	사람들 구하려
0x5A49DF	13	FA	1	後悔しているだろうな！	후회하겠지！
0x5A4AF0	13	F822	1	あこれは悲しみの踊り。	
0x5A4B77	13	FB	1	奴隷でいるぐらいなら、	노예로 살바엔
0x5A4C7D	13	FA	1	そんな感想ですむのよ。	그런 감상뿐。
0x5A4CC7	13	FA	1	女子供を殺したか。	부녀자 죽였나
0x5A4E46	13	FB	1	この人数なら勝てる！	이 인원이면！
0x5A517F	13	FD	1	だから俺の手助けを？	그래서 내 도움을？
0x5A5243	13	FD	1	昔の恋人かなんかか？	옛 연인이나 뭐 그런 거냐？
0x5A5921	13	FE	1	モンスターが宇宙港で	몬스터가 우주항에서
0x5A592F	13	FA	1	暴れてるらしいでやんす！	날뛰고있답죠！
0x5A6521	13	FA	1	必要なんじゃないのか。	필요하잖아。
0x5A6579	13	FA	1	おわかりになられませんか。	모르시겠어요。
0x5A69B3	13	FD	1	このカニは何者ですか？	이 게는 뭐 하는 자입니까？
0x5A6A7D	13	FA	1	博士の力を借りて、	박사 힘 빌려、
0x5A6B3C	13	FA	1	気にしませんよ、私は。	신경 안써요。
0x5A6D72	13	FA	1	宇宙一と聞いたぞ？	우주최고라며？
0x5A6DC7	13	FA	1	大きな顔をしているのが	큰소리 치는게
0x5A7583	13	FB	1	保険もいりませんしね。	보험 필요없죠
0x5A75D9	13	FA	1	あちこちにいて、私たちに	곳곳에 있어、
0x5A77A3	13	FB	1	怪物まで放たれたと。	괴물도 풀렸다
0x5A7822	13	FB	1	工業材料ですから、	공업재료라서、
0x5A78F3	13	F809	1	に輸送されるはずだった	수송될 예정
0x5A7CC4	13	FA	1	変わってるんですけどね。	좀 특이하죠。
0x5A7DA5	13	FA	1	２００万ペラで買うって	２００만페라래
0x5A7EC7	13	F809	1	はそれだけの組織です。	그만한 조직。
0x5A7F09	13	F809	1	は手を引くでしょうね。	는 손 떼겠죠。
0x5A7FFC	13	FA	1	なんの損害も受けずに	아무 손해없이
0x5A81B1	13	FA	1	今、お金がいるんだよ！	지금 돈 급해！
0x5A858A	13	FA	1	大事にしたいですから。	소중하니까요。
0x5A87EE	13	F809	1	への圧力は弱くなる。	압력은 약해져
0x5A8F52	13	FA	1	オイラの進言でやんす。	제 진언입죠。
0x5A8FCD	13	F809	1	よりも遠くからきたのか？	멀리서 왔나？
0x5A913A	13	FA	1	破壊したのでやんすよ！	파괴했답죠！
0x5A920F	13	FA	1	とっくに腐敗していた。	진작 썩었다。
0x5A96AA	13	F805	1	「悪のロマンだ」ってね。	「악의 로망」。
0x5A995A	13	FB	1	助けてくれてありがとう。	고마워、구해줘
0x5A9DC4	13	FA	1	ポーカーのキモじゃないか。	포커의 묘미다
0x5A9F1C	13	FA	1	私はクラブのジャックだ。	난 클럽 Ｊ。
0x5AA40F	13	FD	1	チッ、めんどくせえな・・・	쳇、성가시군・・・
0x5AA7B0	13	FE	1	料金は５００ペラだな。	요금은 ５００페라군。
0x5AAA3E	13	FB	1	道案内はしてやるが、	길안내 해주지
0x5AAE4F	13	FA	1	モンスターに襲われたぞ！	몬스터 습격！
0x5AB008	13	FA	1	いいわけがないじゃないの。	좋을리 없지。
0x5AB34F	13	F8F8	1	このすきにワクチンを奪う	틈에 백신뺏기
0x5AB5A9	13	FA	1	やってきちゃったでやんす！	와버렸답죠！
0x5ABCAA	13	FA	1	切り札を持っている。	비장의 패가。
0x5AC233	13	FA	1	これは愚問でしたかな。	우문이었나요。
0x5AC2AF	13	FA	1	命を賭けているのです。	목숨 걸었죠。
0x5AC5FC	13	FA	1	加わっているでやんすね？	가담중이랍죠？
0x5AC63E	13	F809	1	って知ってるでやんすか？	라고 아십죠？
0x5AC65B	13	F809	1	の持つ超兵器・・・	가진 초병기
0x5AC7E8	13	FA	1	活動ではなかったのだ！	활동이 아냐！
0x5AC9D2	13	F809	1	を逮捕できるでやんす。	를 체포합죠。
0x5ACC12	13	FB	1	デッチあげで十分だと？	날조로 충분？
0x5ACE53	13	FA	1	どうすればなれるんですか？	어떻게 되죠？
0x5ACFD1	13	FA	1	適当なこと言うなよ。	대충 말하지마
0x5AD086	13	FA	1	よもや、そいつのスコアでは	그놈 점수로는
0x5AD64A	13	FA	1	命まで助けられるとは、	목숨까지 구해
0x5ADB22	13	F8F8	1	ここは様子を見よう。	여긴 두고보자
0x5AE9F7	13	FA	1	ニンジャだったようですね。	닌자였던모양。
0x5AEB61	13	F809	1	様、どうかご無事で！	님、부디 무사！
0x5AEBDD	13	FB	1	では、さっきの報酬は？	아까 보수는？
0x5AEC5D	13	F808	1	レーダーには映っていない	레이더엔 없다
0x5AED2A	13	FA	1	一体何者でやんす？	대체 정체가？
0x5AEEFE	13	FA	1	ワクチンをお探しですか？	백신 찾나요？
0x5AEF44	13	FA	1	させていただいてよろしい？	해도 될까요？
0x5AEF81	13	FA	1	安く上がりましたわ。）	싸게 먹혔죠。）
0x5AF661	13	FD	1	これが全部そうなのか？	이게 전부 그런 거냐？
0x5AF698	13	FB	1	自分で聞いてみなよ。	직접 물어봐。
0x5AF77E	13	FB	1	それでは、どこまでが私で	어디까지 나고
0x5AF857	13	FA	1	それを別の新しいものに	그걸 새것으로
0x5AFA9F	13	FA	1	壊せないようにするとか！	안부서지게！
0x5AFBE8	13	FD	1	人生相談とか・・・	인생 상담이라든가・・・
0x5AFF58	13	FB	1	キミの意見はどうなの？	자네 의견은？
0x5B01AF	13	FB	1	ここは宇宙に浮かぶ、	우주에 떠있는
0x5B02FF	13	FB	1	そして、これは一般には	이건 일반에는
0x5B03C8	13	F809	1	はなくてはならないものだ。	없어선 안돼。
0x5B058A	13	FA	1	いかんせん数が少ない。	수가 적다。
0x5B0BCD	13	FA	1	２トン購入しました。）	２톤 샀어요。）
0x5B0CB1	13	FA	1	安く買えたんだけどな。	싸게 샀는데。
0x5B0DC3	13	FA	1	パトロールしてるでやんす。	순찰중이랍죠。
0x5B0F93	13	FA	1	痛くはないと思います。	안아플거예요。
0x5B175C	13	FA	1	ような気にさせるだけだ！	기분만 줄뿐！
0x5B1B22	13	FE	1	とりあえず、ロボットたちに	일단、로봇들에게
0x5B2065	13	FD	1	それと・・・もう一人。	그리고・・・한 사람 더。
0x5B2705	13	FA	1	心配するんじゃないか？	걱정되잖아？
0x5B2729	13	FB	1	子供じゃないんですよ。	애 아니에요。
0x5B2BE5	13	FB	1	そっちのロボットはどうして	저 로봇은 왜
0x5B2D45	13	F809	1	の名前はなんていうの？	이름은 뭐야？
0x5B39B9	13	F809	1	に雇われていた人間が	고용됐던 인간
0x5B3B4C	13	FB	1	そこでお別れしましょう。	거기서 작별。
0x5B3C60	13	FA	1	なかなかがんばっているな。	꽤 열심이군。
0x5B3EEE	13	F800	1	シミュレーションの結果	시뮬레이션 결과
0x5B3FF0	13	FA	1	資源を略奪している	자원을 약탈중
0x5B40EE	13	FA	1	危険が大きすぎます。	너무 위험해。
0x5B42F0	13	F800	1	オレの傷、こんなやから。	내 상처、이러니까。
0x5B4661	13	FB	1	通信機が爆発？！	통신기 폭발？！
0x5B4BE1	13	FB	1	助けてくれて、その・・・	도와줘서、그
0x5B4D88	13	FA	1	移動を開始したぞ！	이동 개시！
0x5B4EAB	13	FE	1	どうしようもないでやんす！	어쩔 도리가 없습죠！
0x5B4F52	13	FA	1	思ったんでやんすけどね。	생각했습죠만。
0x5B4FE6	13	FA	1	いい機会になりました。	좋은 기회였다
0x5B52C8	13	FA	1	来ることはわかっていた。	올줄 알았다。
0x5B5312	13	FA	1	積んであるんでやんすか！	실려있답죠！
0x5B5780	13	FE	1	勝負を挑まれたなら、	승부를 걸어왔다면、
0x5B5B94	13	F809	1	に救援を要請しろ！	에 구원요청！
0x5B5D25	13	FD	1	では、さようなら会長。	그럼、안녕히 회장님。
0x5B5EA6	13	FA	1	泊められるかどうか・・・	묵을수 있을지
0x5B6080	13	FA	1	大型観光船より、	관광선보다、
0x5B6298	13	FA	1	ステルス船の攻撃だ！	스텔스 공격！
0x5B63C6	13	FB	1	地下道で退避を！	지하도 대피！
0x5B66E7	13	F825	1	の宇宙船と判明！	우주선 판명！
0x5B678C	13	FA	1	いっぱいいるでやんすねぇ。	잔뜩 있답죠。
0x5B705B	13	FC	1	いァボめいやズむいくＳむい	
0x5B7B38	13	F80B	1	２７むい」きめいふ６むいえ	
0x5B8010	13	FC	1	尅さいＩゼむい」ジむい（	
0x5B89FC	13	F800	1	やあさいボバむいヂバむい（	
0x5B8DAC	13	F800	1	やあさいトダむいヂバむい（	
0x5B8EC7	13	FC	1	いやあさい捨むい」ゾむい	
0x5B8ED7	13	FC	1	いたあさいえあさいしブむい	
0x5B90A8	13	FC	1	ぃぞふいえあさいづゼむい（	
0x5B94E8	13	F800	1	搭さいフザむいくあさいカ	
0x5B9570	13	F800	1	ごザむいワごふいえあさい❤	
0x5B9684	13	F800	1	搭さいづザむいくあさいイ	
0x5B9C44	13	FB	1	今日はもうないんだ～。	오늘은 없어～。
0x5BA161	13	FB	1	ちゃんと見ていましたか？	제대로 봤나？
0x5BA740	13	FB	1	もう少し待ってみよう。	좀더 기다리자
0x5BA76A	13	FB	1	痛い！目を閉じたい！	아파！눈 감자！
0x5BAD24	13	FB	1	虫に刺されたぐらいで、	벌레 물린걸로
0x5BAD32	13	FA	1	失格にはなりたくない。	실격은 싫다。
0x5BB56C	13	FE	1	もう一度、やりますか？	한 번 더、하시겠습니까？
0x5BBA79	13	FA	1	じっとしているでやんすよ！	가만있읍죠！
0x5BBD67	13	F815	1	突撃インタビュー戦い	돌격취재 싸움
0x5BBF6E	13	F8F8	1	海賊に突っ込まれる	해적이 돌진해
0x5BC45F	13	F815	1	パワーーーーアップイベント	파워업 이벤트
0x5BC57B	13	F8F8	1	探索イベントの結果	탐색 결과
0x5BC9ED	13	FB	1	悪霊退散でやんす！	악령퇴산입죠！
0x5BD0B2	13	FB	1	殴れなかったあああああ！	못때렸다아아！
0x5BE094	13	FB	1	虫に刺されたみたいだ！	벌레 물린듯！
0x5BE1B3	13	FB	1	かなりの痛手でやんす！	상당한 타격！
0x5BE798	13	FA	1	かなりのスピードでやんす！	꽤 빠릅죠！
0x5BEA8E	13	FB	1	足が！足があああああ！	다리！다리가！
0x5BF54D	13	F809	1	君。さっそく向かおう。	자네。바로 가。
0x5BF6CB	13	FE	1	ワクチンを買いにきたの？	백신을 사러 온 거야？
0x5BFF43	13	FB	1	だから、そろそろ帰ろう。	슬슬 가자고。
0x5C0694	13	FA	1	私のようになれませんよ。	저처럼 못돼。
0x5C0A53	13	FB	1	高速で移動だ！！！	고속 이동！！
0x5C0AC2	13	FE	1	他の船はどこかなあ～。	다른 배는 어디려나아～。
0x5C0F97	13	FA	1	獲りに来ないでやんす！	잡으러 오지마
0x5C17DD	13	FB	1	暑苦しいいいいいいい！	답답해에에에！
0x5C3079	13	FB	1	いくらでも時間はある。	시간은 많다。
0x5C349B	13	FB	1	どっちに行くでやんすか？	어디로 갑죠？
0x5C3C54	13	FB	1	私が彫刻のようだと！	내가 조각같아
0x5C4EBD	13	FE	1	もの凄く面白くない？	굉장히 재미있지 않아？
0x5C5681	13	FA	1	これでも安いぐらいです。	이래도 싼거죠
0x5C5A96	13	FB	1	状況を整理しよう。	상황 정리。
0x5C5AA7	13	FE	1	俺か？俺が原因か？	나냐？내가 원인이냐？
0x5C5D86	13	FB	1	許さないと言ったんだ。	안봐준다 했지
0x5C5E7B	13	FE	1	じゃあ、あたしが勝ったら	그럼、내가 이기면
0x5C610B	13	FA	1	あんなの見たことないよ。	저런거 처음봐
0x5C6140	13	FE	1	とりあえず、これ以上は	일단、이 이상은
0x5C671A	13	FA	1	いろいろな合図がある。	신호가 여럿。
0x5C6752	13	FA	1	込められておるのだろう。	담겨있을테지。
0x5C6B2F	13	FB	1	そして、その瞳に２トンの	그 눈에 ２톤의
0x5C72BA	13	F825	1	君から聞いたでやんす。	자네께 들었죠
0x5C7937	13	FA	1	いろいろわかるでやんすね。	여러모로 알죠
0x5C79FA	13	FE	1	でも、気のせいでやんす。	하지만、기분 탓입죠。
0x5C7B35	13	FB	1	ワクチンの存在をだよ。	백신 존재를。
0x5C7CD3	13	FA	1	とかも住んでいるからね。	도 사니까요。
0x5C7FF7	13	FD	1	連邦に追われた船が	연방에 쫓기던 배가
0x5C8128	13	FB	1	本当に素晴らしい！	정말 훌륭해！
0x5C8679	13	FB	1	やっと出口でやんすよ！	겨우 출구죠！
0x5C88FC	13	F809	1	に反乱を起こすつもり	반란 일으킬셈
0x5C8975	13	FA	1	親分についていきます！	두목 따를게！
0x5C8FE4	13	F825	1	君、どうするでやんすか？	자네、어쩝죠？
0x5C8FF2	13	FB	1	他人の信頼なんて、	남의 신뢰란、
0x5C95C2	13	FA	1	ちっともおもしろくないわ。	전혀 재미없어
0x5C97DE	13	FD	1	とりあえず街に帰るか。	일단 마을로 돌아갈까。
0x5C9D58	13	FE	1	こんなマネは嫌だったが、	이런 짓은 하기 싫었지만、
0x5CA42E	13	F809	1	君、無事だったのか！	자네、무사해！
0x5CA668	13	FA	1	美しくしてあげますから。	예쁘게 해줄게
0x5CA784	13	FA	1	そんなに強くなかったな。	별로 안세네。
0x5CB0D8	13	FA	1	俺は動いていないんだが	난 안움직였어
0x5CB584	13	FB	1	そんなはずが無いだろう。	그럴리 없다。
0x5CBBDB	13	FA	1	必要な事なのですよ！	필요한거예요！
0x5CC159	13	FA	1	何をやっているんですか？	뭐하시는거죠？
0x5CC26D	13	FB	1	そう！新しい世界へ！	그래！새 세계！
0x5CC672	13	FA	1	生きて帰れないかもね！	못돌아올지도！
0x5CC753	13	FA	1	みずくさいじゃないっすか！	서운하잖아요！
0x5CCF6B	13	FB	1	どうしたでやんすかねえ～。	왜 그럽죠～。
0x5CD108	13	FA	1	それまで相手をしてよ。	그때까지 놀아
0x5CD653	13	FB	1	オイラ達がわからなくて、	우릴 몰라봐서
0x5CDA38	13	FE	1	そういえば今日は私も	그러고 보니 오늘은 나도
0x5CE091	13	FB	1	じゃあ、始めてください。	그럼、시작해。
0x5CE6CC	13	FA	1	はっきりわからないんだよ。	확실히 몰라。
0x5CE801	13	FD	1	たぶん、これで街の人は	아마、이걸로 마을 사람은
0x5CEA45	13	FE	1	勘違いしちゃダメだよ。	착각하면 안 돼。
0x5CF344	13	FB	1	何かを溜めているような	뭔가 모으는듯
0x5CF6F2	13	FB	1	街を助けてくれたのに、	마을 구했는데
0x5CFBA9	13	FB	1	お腹も空いてきたしね。	배도 고프고。
0x5D073A	13	FE	1	でも、これだけは言える。	하지만、이것만은 말할 수 있다。
0x5D0776	13	F809	1	の周りには気をつけて。	의 주변 조심。
0x5D07C6	13	FE	1	それも貴方に向けて。	그것도 당신을 향해서。
0x5D092C	13	FB	1	包帯だあああああああ！	붕대다아아아！
0x5D0BC8	13	F800	1	とりあえずもらっておこう。	일단 받아 두자。
0x5D0E77	13	FA	1	こちらに来てみましたが。	여기 와봤는데
0x5D11BE	13	FB	1	俺に任せるってなんだ？	나한테 맡겨？
0x5D1614	13	F809	1	の目を盗んでワクチンを	몰래 백신을
0x5D1854	13	FA	1	危険かもしれないけど。	위험할지도。
0x5D1E04	13	FB	1	もし止めていただけたら、	막아주신다면、
0x5D1E12	13	FA	1	２ポイント渡しますから！	２포인트 줄게！
0x5D2091	13	F809	1	にはもったいない妹だね。	아까운 동생。
0x5D210E	13	FB	1	そんなアンタを見ていると	그런 널 보면
0x5D23B2	13	FA	1	運ばれていると思うよ。	옮겨졌을거야。
0x5D248F	13	FE	1	探しに行くでやんすよ！	찾으러 갑죠！
0x5D27D2	13	FA	1	可能性が高いんだ。	가능성 높다。
0x5D2877	13	FD	1	無いとは言わないけど、	없다고는 하지 않겠지만、
0x5D29A3	13	FB	1	流れて来るのを待つ。	흘러오길 대기
0x5D2E70	13	FA	1	タダじゃおかないからねっ！	가만 안둔다！
0x5D30D2	13	FA	1	止まってられないじゃん。	멈출순 없어。
0x5D312E	13	FA	1	親分もみずくさいなあ。	두목도 서운해
0x5D3841	13	FA	1	１トン２５００ペラでいいよ	１톤 ２５００페라
0x5D38D2	13	F800	1	それ以上は内緒ね。	그 이상은 비밀이야。
0x5D3FB9	13	FB	1	たぶん喜ぶと思うから。	아마 좋아할걸
0x5D441D	13	FE	1	言葉通りじゃないか！	말 그대로잖아！
0x5D448F	13	FD	1	ああやって飛んでいたら、	저렇게 날고 있으면、
0x5D44FE	13	F809	1	の目に狂いはないっ！！	눈은 정확해！！
0x5D4AD3	13	FB	1	オトコらしい事をすると、	남자답게 굴면
0x5D4D44	13	F809	1	でクリスタルが粉々だ。	크리스탈 박살
0x5D523B	13	FD	1	この美しい私を見て！	이 아름다운 나를 봐！
0x5D540D	13	FB	1	もっと美しくなる為に！	더 예뻐지려！
0x5D5D24	13	FA	1	ファンが減ってしまうわ。	팬이 줄어들어
0x5D5D65	13	FB	1	売れる情報は売る。	팔릴 정보는。
0x5D5E7C	13	FA	1	できるかどうか見物ね。	될지 볼만해。
0x5D5EF8	13	FB	1	私は情報屋だから。	난 정보상이야
0x5D614C	13	FB	1	何かの入り口がある。	입구가 있다。
0x5D6290	13	FD	1	とりあえず進んでみるか。	일단 나아가 볼까。
0x5D6CC4	13	F809	1	は信用できるかどうかは	믿을만한지는
0x5D7073	13	FD	1	まあ、言いたくないなら、	뭐、말하기 싫다면、
0x5D7408	13	FA	1	何が「なんかよう？」だ！	「왜？」라니！
0x5D74C4	13	FE	1	もう、どうでもいいけどね。	이제、아무래도 상관없지만。
0x5D7564	13	FA	1	集めないとダメなんだよ。	모아야 돼。
0x5D8818	13	F800	1	搭さいっあさいがあさいせ	
0x5D8EDD	13	FB	1	まあ、それならいいんだが。	뭐、그럼 됐다。
0x5D9306	13	FD	1	もう少し探索するぞ！	조금 더 탐색한다！
0x5D95FE	13	FD	1	どれか受けてみようかな？	어느 걸 받아 볼까？
0x5D98A2	13	FB	1	ワクチンと交換するか？	백신과 교환？
0x5D9A4E	13	F809	1	で起きた列車事故	의 열차사고
0x5DA3A9	13	FB	1	がんばって見つけてくれ！	잘 찾아줘！
0x5DA66A	13	F85A	1	（全員パワーアップ！）	（전원 파워업）
0x5DAA4E	13	F8F8	1	空母１、戦闘機５	항모１、전투기５
0x5DAA5D	13	F8F8	1	ドマグニー上空決戦	도마그니 결전
0x5DAD06	13	F8F8	1	オーブール上空決戦	오브르 결전
0x5DB12B	13	FA	1	（滞在期間４日）	（체류기간４일）
0x5DBD8E	13	FB	1	なんか落ちてるでやんす。	뭔가 떨어졌죠
0x5DC13A	13	F8F8	1	報酬を受け取りたい	보수 받고싶다
0x5DC842	13	FB	1	もう道場なくなっちゃう	도장 없어진다
0x5DCAAB	13	F809	1	の奴らも、大げさだな。	놈들도 과장。
0x5DCBC0	13	FB	1	いったい、何だったんだ。	대체、뭐였나。
0x5DCCBD	13	F822	1	双子の殺人鬼だ。	쌍둥이 살인귀다。
0x5DCD2D	13	F809	1	からも目をつけられている	에게도 찍혔다
0x5DCF1D	13	FB	1	無事とも言えないわ。	무사하진 않지
0x5DD2DB	13	FA	1	オイラ達くらいでやんす！	우리 정도죠！
0x5DD5C3	13	FB	1	警備も厳重なんだ。	경비도 삼엄해
0x5DDE04	13	F829	1	私、何かオカシイ・・・	나、뭔가 이상
0x5DDF16	13	F825	1	くん！トイレでやんすか～？	군！화장실죠～？
0x5DE16C	13	FB	1	まず、護衛の予定だ	우선 호위예정
0x5DE5CC	13	FB	1	準備が整ってないのに	준비 안됐는데
0x5DE89B	13	FD	1	あなたも、今度からは、	당신도、다음부터는、
0x5DE9A1	13	F86B	1	増えてしまったんですね。	늘어버렸군요。
0x5DEB7E	13	FA	1	もう少し狩りましょう。	좀더 사냥하자
0x5DED23	13	FE	1	残らず殺してやったさ。	남김없이 죽여 줬지。
0x5DEEFF	13	F809	1	を巻き込むだけだろう！	끌어들일뿐！
0x5DEFB9	13	FA	1	ロケット弾をぶっ放す。	로켓탄 쏜다。
0x5DF100	13	FB	1	適当に捕まえてくれ！	대충 잡아줘！
0x5E0191	13	F809	1	は、私のお兄様です。	는、제 오빠죠。
0x5E0221	13	FB	1	きっと賞金首になると	분명 현상범이
0x5E0347	13	FA	1	来たんじゃなかったっけ？	온거 아니었나
0x5E0AB8	13	FA	1	なってしまったわけですね。	돼버린거군요。
0x5E12ED	13	FB	1	噂が入って来るんだ。	소문이 들어와
0x5E1505	13	FA	1	ちょっと溜まってるんだ。	좀 쌓여있어。
0x5E1846	13	FE	1	キミは、なかなか強いな。	자네는、제법 강하군。
0x5E1F20	13	FB	1	じゃあ、行きましょうか。	그럼、갈까요。
0x5E20AF	13	FA	1	聞かせてあげましょうか。	들려드릴까요。
0x5E226C	13	FB	1	そんなに木に近づくと、	나무에 붙으면
0x5E248E	13	FE	1	でもどうしてこんな所に、	하지만 어째서 이런 곳에、
0x5E24D1	13	F829	1	元は種子だったのかも	원래 씨앗인듯
0x5E254E	13	FA	1	この船の物でやんすね。	이 배 것입죠。
0x5E2655	13	FB	1	その件は、俺の方から	그건 내쪽에서
0x5E2781	13	FB	1	また、犠牲者が出た	또 희생자가
0x5E2FCB	13	FB	1	どうにも、はかどらないもの	도무지 안되네
0x5E3B72	13	FB	1	これ、輸送車ですか？	이거 수송차？
0x5E3C37	13	FA	1	観光用じゃなかったの	관광용 아냐
0x5E3D32	13	FD	1	一応、聞いておかない	일단、물어 두지 않으면
0x5E4193	13	F809	1	は、道場があるでしょ？	도장 있잖아？
0x5E41E6	13	FA	1	そんなに変わらないわよ。	별로 안달라。
0x5E493F	13	F809	1	さんは偽者だ、みたいな	씨는 가짜라는
0x5E494D	13	FA	1	よくわからない事を言う	알수없는 소릴
0x5E4A01	13	F825	1	君、間に合ったかな？	제때 왔나요？
0x5E4BC0	13	F809	1	さんは、なぜこんな事を？	왜 이런짓을？
0x5E4F02	13	FB	1	やられたって何にですか？	뭐한테 당했죠
0x5E51B1	13	FE	1	今日中に、オオカミを	오늘 안에、늑대를
0x5E526C	13	FE	1	はぐれたオオカミらしくて、	무리에서 떨어진 늑대인 듯해서、
0x5E52D6	13	FB	1	お互いがんばりましょう。	서로 힘내죠。
0x5E5586	13	FE	1	これは、私の血じゃなく	이건、내 피가 아니라
0x56358E	12	F88F	1	Ｒくせくペ）みくペ）アブ	
0x564590	12	FC	1	ゼソゥ０ゥ覗嬰／ゥＲ	
0x5645A0	12	FC	1	ェエェぢェユェゲィサェネ	
0x5645C0	12	FC	1	ジドガ２ズ）ェゥェぺェガ	
0x5645D0	12	FC	1	ェエェガェヲェダェソィサ	
0x5645E0	12	FC	1	ドトゥＪゥ０ェぶィサェガ	
0x5645F0	12	FC	1	ェホェギェぱェギェぼェク	
0x564600	12	FC	1	グゲゲセェゴェロェツェヌ	
0x564610	12	FC	1	ェモェべェぺェツェモィサ	
0x564620	12	FC	1	ズＩゼワェヲェカィサェダ	
0x564630	12	FC	1	ェナェゲェぱェフェカェク	
0x564640	12	FC	1	ェエェぢェヤェギィサェケ	
0x564650	12	FC	1	ェエェぢェマィサヂでザ…	
0x564660	12	FC	1	ゲリヂえゴェロェツェヌ	
0x564680	12	FC	1	ェタェどィサェダェシィサ	
0x56F6E4	12	FF	1	Ａとへい刺へいりなへい	
0x56FCB8	12	FA	1	レジスタンスの惑星。	저항군 행성。
0x56FE76	12	FA	1	圧力を受けている。	압력 받는다。
0x56FE8E	12	FA	1	この宇宙の重要な	이 우주의
0x56FE9B	12	FA	1	エネルギー供給源。	에너지공급원
0x56FF8D	12	FA	1	宇宙ギャングが潜ん	우주갱 잠복
0x5704C4	12	FF	1	乗り物用の燃料	탈것용 연료
0x5704D4	12	FF	1	他のパーツを守ります	부품을 지킴
0x5704E4	12	FF	1	倉庫を整理します	창고 정리
0x570C14	12	FC	1	ズョほい溽へい６ヌへい	
0x570C7C	12	FC	1	。Ｍまいォぱへいリ旅い	
0x5717A4	12	F849	1	ぽ３はい！１はいョユへい	
0x572AB2	12	FE	1	さい！１はい尅さいｲ	
0x572E30	12	FA	1	使へい！１はい司へい	
0x57301E	12	FE	1	さいＡっへい尅さいｲ	
0x57316A	12	FE	1	さい！１はい尅さいいい	
0x5736DA	12	FC	1	さいがあさいヂれへい６あ	
0x57376A	12	FC	1	さいぽ３はいた３はいあい	
0x57386A	12	FD	1	さい！１はいわんへい６あ	
0x573B02	12	FE	1	さいがあさいＡわへいあい	
0x573CA4	12	FC	1	シろへい窄さい尅さい	
0x57410A	12	F801	1	さい尅さいえぃへい將	
0x574F7E	12	FE	1	でも、あまりいいことじゃ	하지만、그다지 좋은 일은
0x574F97	12	FE	1	平和が一番です。	평화가 제일입니다。
0x575695	12	FB	1	それと、アタシにとっては	그리고、내겐
0x57571F	12	F822	1	・愛をつらぬくためには	・사랑을 관철하기 위해서는
0x575745	12	FE	1	うん、いい言葉だな！	응、좋은 말이군！
0x5758E8	11	F822	1	高貴な義務だ。	고귀한 의무다。
0x575C67	12	FB	1	命を捨てるつもりか。	목숨 버릴셈。
0x576135	12	FE	1	なにをこっぱずかしいこと	무슨 낯간지러운 소리를
0x576376	12	F809	1	に無事に到着だ。	에 무사도착。
0x576640	12	FB	1	いきなりなにをするんだ！	갑자기 뭐야！
0x57687A	12	F809	1	へ無事に到着だ。	무사히 도착。
0x576B5B	12	FB	1	あと、ギャンブルと女。	도박과 여자。
0x576D50	11	F822	1	そりゃお金だろうな。	그야 돈이겠지。
0x577279	12	F809	1	が爆発するでやんす！	가 폭발합죠！
0x57743F	12	F809	1	製の合成コーヒーは	합성커피 맛
0x57795E	12	F815	1	女王モグラを探す。	여왕쥐 찾기。
0x577E4A	12	FB	1	そりゃあ、わかんないよ。	그건、모르지。
0x578157	12	FB	1	お守りを買わないか？	부적 안살래？
0x578AC8	12	FE	1	きっと女王でやんす！	분명 여왕입죠！
0x578C01	12	FB	1	ええ、秘密ですわね。	네、비밀이죠。
0x578FC2	12	F86B	1	隠蔽と奇襲・・・	은폐와 기습
0x578FFB	12	FD	1	さあ姫様、こちらへ。	자 공주님、이쪽으로。
0x579217	12	FD	1	通常の煙幕なら、	통상의 연막이라면、
0x579DD0	12	F809	1	の戦闘機部隊に	전투기부대에
0x57A1E9	12	F809	1	も本当は理解して	도 실은 이해
0x57A93E	12	FE	1	あはは、うそくさいよね。	아하하、거짓말 같지。
0x57A9E7	12	FB	1	あと一歩のところで！	한발 남기고！
0x57AB3A	12	F809	1	の工作員だろうな。	공작원이겠군
0x57B5CF	12	F809	1	の言うことですからね。	의 말이니까。
0x57B833	12	FA	1	仲間にいるようだが？	동료에 있나？
0x57B8D8	12	F809	1	のパイロットというだけで	파일럿이라고
0x57BBED	12	FB	1	以後、注意する。	앞으로、주의。
0x57BC6F	12	F86B	1	いくら旧式といっても	구식이라도
0x57C05D	12	F809	1	と戦った事がばれたら	싸움 들키면
0x57C0FA	12	FB	1	攻撃を開始せよ。	공격 개시。
0x57C10A	12	FE	1	撃沈もやむをえない！	격침도 어쩔 수 없다！
0x57C696	12	F809	1	との戦争の影響で	전쟁 영향에
0x57CBA0	12	FE	1	撃て、吹き飛ばせ！	쏴라、날려 버려라！
0x57CC76	12	FB	1	私は報告してくる。	난 보고하러
0x57D044	12	F809	1	は、ああいう手のかかる	저런 손가는
0x57D13C	12	FB	1	バチがあたるんだなぁ～。	천벌받네～。
0x57D16C	12	FD	1	もう二度と来るな！	두 번 다시 오지 마라！
0x57D19A	12	FA	1	もう来ないんだなぁ～。	이제 안와～。
0x57D2AC	12	FA	1	聞き飽きたでやんす！	질렸답죠！
0x57D977	12	FD	1	宇宙服もつけずに！	우주복도 없이！
0x57DC02	12	F815	1	やっぱり隠れていよう。	역시 숨자。
0x57E0A0	12	FB	1	・・・気になるかしら？	신경쓰이나？
0x57E2CB	12	FB	1	こっちは安全だよ！」	여긴 안전！」
0x57E4AF	12	FD	1	・・・なにかあったのか？	・・・무슨 일 있었나？
0x57E7E2	12	FB	1	な、行ってもいいよな？	야、가도되지？
0x57E838	12	FD	1	当たってもかまわない。	맞아도 상관없다。
0x57EBD8	12	FA	1	肉体のコントロールが	육체 제어가
0x580026	12	FE	1	あれ、なんか落ちてる。	어라、뭔가 떨어져 있다。
0x5802D5	12	FA	1	見て欲しいでやんす。	봐주셨으면。
0x5803D7	12	FE	1	だから、そっちにちょっと	그러니까、그쪽으로 조금
0x5804F8	12	F809	1	政府は、あなた方に	정부는、당신
0x580640	12	FA	1	協力いたしましょう。	협력하겠어요
0x580DA4	12	FA	1	なるまで、待つだけだ。	기다릴뿐이야
0x5810C6	12	FA	1	気がしてきたでやんす。	느낌이 듭죠。
0x581186	12	F809	1	という高貴な響きを	고귀한 울림
0x581A0D	12	FA	1	管理してるんですよ。	관리중이죠。
0x581ED9	12	FD	1	俺もよくは知らない。	나도 잘은 모른다。
0x58212E	12	F822	1	あゴミ、カス、虫けら！	
0x58260E	12	FA	1	していることを考えると	하는걸 보면
0x58261B	12	FA	1	まだまだ力不足だ。	아직 역부족。
0x582ED5	12	FA	1	いけない秘密だった。	금지된 비밀。
0x582F16	12	FA	1	助かるかもしれないぞ！	살지도 몰라！
0x58393A	12	FA	1	１トンプレゼントしよう。	１톤 선물。
0x583AF7	12	FA	1	毎年書いていたな。	매년 썼었지。
0x584038	12	FF	1	そのための下準備に	그걸 위한 사전 준비에
0x584578	12	F809	1	が勝ったみたいなのに。	이긴듯한데。
0x584C77	12	F809	1	に雇われてるんですか？	고용됐나요？
0x584C9D	12	F809	1	とは因縁があってね。	악연이 있어。
0x584DC8	12	FB	1	ミナゴロシ・決・定！	몰살 확정！
0x585187	12	FA	1	は前に進めるとかな。	앞으로 간다。
0x5855BC	12	FA	1	まだやれるよ、こっちは。	아직 할만해。
0x585695	12	FB	1	引きずり出してやる！	끌어내주마！
0x5856EB	12	FA	1	わたし、ニンジャになんて	나、닌자따위
0x5857FB	12	F809	1	のプログラムでやんすか？	의 프로그램？
0x5858A3	12	FA	1	賛成でやんすけどね。	찬성입죠만。
0x585C60	12	FB	1	オレは失業者だよ。	난 실업자다。
0x585E89	12	FA	1	俺がバカだった・・・）	내가 바보）
0x585FA0	12	FA	1	左で確認できるぞ。	왼쪽서 봐라。
0x58606D	12	FA	1	Ｒボタンを押すと・・・	Ｒ버튼 누르면
0x586977	12	F809	1	に無事に戻れたぞ。	무사히 복귀。
0x586A49	12	F85A	1	仲間を入れ替える	동료를 교체
0x586B76	12	FA	1	いつも困っているから、	늘 힘드니까、
0x587635	12	FA	1	まちがいないでやんすね？	틀림없습죠？
0x587714	12	FB	1	うらやましいでやんすね。	부럽답죠。
0x58774E	12	FA	1	追い出したと言う。	쫓아냈단다。
0x587C56	12	FA	1	思わなかったなぁ・・・	생각못했네
0x588075	12	FA	1	潜り込んだでやんす？	잠입했답죠？
0x588396	12	FE	1	ああ、なんとすばらしい！	아아、이 얼마나 훌륭한가！
0x5884CF	12	FA	1	依頼されたんですよ。	의뢰받았죠。
0x588A13	12	FA	1	思っていたでやんすが、	여겼습죠만、
0x588E00	12	F809	1	が説明してくださった	설명해주신듯
0x588F40	12	FA	1	どうしてなのかわかった。	왜인지 알아。
0x588F7E	12	FE	1	でも、優しいんですよ。	하지만、다정하답니다。
0x589226	12	FA	1	倒しちゃったんだよね。	이겨버렸지。
0x5897E3	12	F8F8	1	男にしか見えない女	남자같은여자
0x58A072	12	F809	1	の可能性が高い。	가능성 높다。
0x58A3C2	12	F809	1	に逆らった連中は、	거스른 놈들、
0x58A55C	12	F809	1	へ運んでもらおうかな？	로 옮겨줄까？
0x58A5C3	12	FA	1	持ってないよな・・・）	안갖고있지）
0x58AA4A	12	FA	1	２枚にしたんでやんす！	２장 됐답죠！
0x58B04B	12	FA	1	その力を使わないと。	힘을 써야지
0x58B3AF	12	FB	1	じゃあ、ごめんあそばせ！	그럼、실례！
0x58B549	12	FB	1	その証拠も、いくつか	증거도、몇개
0x58B9F9	12	F809	1	によるワクチン封鎖の	의 백신봉쇄
0x58BC71	12	FA	1	ドアを蹴飛ばされて、	문이 차여서、
0x58BFD0	12	FB	1	あ、いや、ごめんごめん。	아、미안미안。
0x58C1AC	12	FD	1	それで、用事はなに？	그래서、볼일은 뭐야？
0x58C287	12	F825	1	は、ああ言ってるけど？	저리 말하네？
0x58C2AD	12	FE	1	それにアンタうざったい。	게다가 당신 성가셔。
0x58C3E9	12	FB	1	こ、こんなことでぇ・・・	이、이런걸로
0x58C57B	12	FE	1	・・・もちろん可能。	・・・물론 가능。
0x58C5BA	12	FD	1	できるかと聞いたから、	할 수 있냐고 물었으니까、
0x58C62F	12	FD	1	とりあえず、こんなもんで	일단、이 정도로
0x58C794	12	F809	1	には好評だったけど。	호평이었지。
0x58C8B0	12	FA	1	これを持って行って。	이걸 갖고가。
0x58C947	12	FE	1	いいかげん出てきたら？	이제 그만 나오지 그래？
0x58CB79	12	F809	1	が勝手に作った。）	멋대로 제작）
0x58CCEC	12	F809	1	は封鎖にもかかわらず	는 봉쇄에도
0x58D24E	12	FB	1	壊れたらどうするんだ。	부수면 어째。
0x58D5F5	12	FB	1	「最初のサル」という	「첫 원숭이」
0x58D695	12	FB	1	木の下の地上には	나무밑 땅엔
0x58D6ED	12	FA	1	そのサルは答えました。	놈은 답했다。
0x58D7AF	12	FA	1	木につかまる代わりに	나무 대신에
0x58E28C	12	FA	1	してくれないわね・・・）	안해주는군）
0x58E36E	12	F809	1	は、どうしてスナイパーに	는、왜 저격수
0x58E3E6	12	FA	1	パイロットは難しいし、	조종 어렵고、
0x58E507	12	FA	1	激しいんじゃないのか？	격하지 않나？
0x58E650	12	FE	1	違う生き方は・・・	다른 삶의 방식은・・・
0x58E701	12	FB	1	なんだ、この文章は。	뭐야、이 문장
0x58EF83	12	FB	1	まだ新人なんですよ。	아직 신입。
0x58F2FF	12	FA	1	私は「生きて」ない。	난「안살아」。
0x58F692	12	FA	1	お前には関係ない。	넌 상관없다。
0x58F72C	12	FE	1	オレはいつもまじめだぜ。	나는 언제나 진지하다고。
0x58FA41	12	FA	1	しまうものも多く・・・	버리는것도
0x58FA7D	12	FA	1	期待するしかないな。	기대할뿐이야
0x58FD29	12	FE	1	とりあえず拘束する！	일단 구속한다！
0x590095	12	FA	1	何ヲ話シテイルンダ！	뭘 얘기하냐！
0x5901A8	12	F809	1	が成敗してあげます。	처단해주죠。
0x59030C	12	FA	1	そんなに秘密なんだ？	그렇게 비밀？
0x590340	12	FA	1	猛毒らしいんですよ。	맹독이래요。
0x59040F	12	FB	1	この星は初めてかね？	이 별 처음？
0x59074B	12	FA	1	オイラだけでやんすかね？	저 혼자입죠？
0x590891	12	FD	1	・・・どんな人でした？	・・・어떤 사람이었습니까？
0x590976	12	FA	1	無縁の人だったな。	무관한 사람。
0x590997	12	FD	1	なんだか、聞いていると	어쩐지、듣고 있으면
0x590A1E	12	FA	1	どうだったでやんすか！？	어땠습죠！？
0x590C28	12	FA	1	必要ではありません。	필요없어요。
0x590E45	12	FA	1	ちょちょいのちょいです。	식은죽이죠。
0x591A7C	12	FB	1	ああ・・・走ったなぁ。	많이 뛰었다。
0x591C1E	12	FB	1	・・・いいとこあるわね。	좋은면 있네。
0x591F70	12	FB	1	キムチあげるんだなぁ～。	김치 줄게～。
0x592049	12	FA	1	思ってないんだなぁ～。	그리 안봐～。
0x59233B	12	FD	1	あまり、カワイイ物には	그다지、귀여운 것에는
0x592348	12	FA	1	興味ないみたいだな。	관심없나봐。
0x592575	12	FB	1	適当に決めてくれ。	대충 정해줘。
0x592C30	12	FA	1	攻めて来るらしいで。	공격해온대。
0x592E85	12	FA	1	高貴な遊びなのだ。	고귀한 놀이。
0x592F5D	12	FA	1	もはやゲームではないぞ。	게임 아니다。
0x5937DD	12	FB	1	博士を助け出して	박사 구출해
0x593CC2	12	F809	1	君、無事だったか！	자네、무사해！
0x594040	12	FA	1	ちょっとカッコいいかな。	좀 멋있는데。
0x594413	12	FA	1	退治してもらおうと？	퇴치해달라？
0x59447D	12	F809	1	が何人食われようと	몇명 먹히든
0x5947B3	12	FE	1	そういう連中なのよ。	그런 무리인 거야。
0x594D3B	12	FB	1	宇宙中のニュースが	우주 뉴스가
0x594EFF	12	F809	1	にしか設置できない、	에만 되는게
0x594F0C	12	FA	1	というのが弱点だな。	약점이지。
0x595043	12	FA	1	今からだと無理だ。	지금은 무리。
0x5952F0	12	F809	1	系の企業ですわね。	계 기업이죠。
0x59539C	12	FB	1	それに一番ウソっぽい	제일 수상한
0x595444	12	FA	1	発砲したことにして。	발포한걸로。
0x595482	12	FD	1	おいしいキャラですもの、	맛있는 캐릭터인걸、
0x5957FE	12	FB	1	まったく、もったいない。	정말、아깝다。
0x595A76	12	FE	1	かまわん、攻撃しろ！	상관없다、공격해라！
0x596B60	12	F809	1	を切り刻んじゃって。	잘게 썰어서。
0x596BC0	12	FA	1	のっとってやったけどね。	가로챘지만。
0x596C8E	12	FD	1	でも、もしそうだとしても	하지만、만약 그렇다고 해도
0x596F96	12	FD	1	危険が大きすぎる。	위험이 너무 크다。
0x59720C	12	FA	1	やってこれたのであろう？	버텨왔겠지？
0x5974A3	12	FB	1	くそー、逃げられたか。	젠장、놓쳤나。
0x597589	12	FD	1	だが、力が足りない。	하지만、힘이 부족하다。
0x597C95	12	FB	1	ちょっと見に行こう。	좀 보고오자。
0x597DD6	12	FD	1	早く退治しないと！	빨리 퇴치해야 해！
0x598228	12	F809	1	編集入ってるけど、	편집됐지만、
0x59849D	12	FA	1	あそこにもいるでやんす。	저기도 있죠。
0x598712	12	FA	1	もっとも性能がよくて	성능 최고고
0x5988CC	12	F809	1	、あなたのクローンです！	、당신 클론！
0x598C35	12	FE	1	それじゃ・・・おやすみ。	그럼・・・잘 자。
0x598D22	12	FE	1	・・・そのうちわかるよ。	・・・머지않아 알게 될 거야。
0x598DE9	12	FE	1	どうしてこんな場所で	어째서 이런 장소에서
0x598EAE	12	F8F8	1	全力で逃げ出す！	죽어라 도망！
0x5995DC	12	FB	1	量産前に、あたしが	양산전、내가
0x5996F0	12	FA	1	どうなってるんでやんす！	어찌된겁죠！
0x599AAB	12	FB	1	危険すぎるでやんす！	너무 위험죠！
0x59A095	12	FA	1	使おうとしなかったら、	안썼더라면、
0x59A730	12	FA	1	ありついたばかりだしな。	막 얻었으니。
0x59A754	12	F8F8	1	じゃあ、やめておきます。	그럼、관두죠。
0x59AA8E	12	FA	1	必要な装備だぞ。	필요한 장비。
0x59ADB7	12	F809	1	の現状に、一切、	현상에、전혀
0x59AE04	12	FA	1	お前に返しておこう。	돌려주겠다。
0x59B01A	12	F800	1	なにかの間違いでは？	뭔가 착오가 아닐까요？
0x59B219	12	F809	1	に逆らうテロリストだ！	반역 테러범！
0x59B53C	12	FA	1	というジンクスなんだぞ。	란 징크스다。
0x59BC1C	12	FA	1	手に入れたからです。	얻었으니까。
0x59BD8F	12	F809	1	政府からの要請で	정부 요청에
0x59C08A	12	FA	1	与えられてませんから。	안받았으니까
0x59C2DE	12	F809	1	での礼がまだでしたね。	답례가 아직。
0x59C49B	12	FA	1	そういうわけなんですよ。	그런 거예요。
0x59C55A	12	FB	1	そんなことはありえない！	그럴린 없어！
0x59C7DE	12	FA	1	ご存知ありませんか。	모르시나요。
0x59C847	12	FA	1	生産してないからね。	생산 안해서。
0x59D21C	12	FA	1	買っておきましょう！）	사둡시다！）
0x59D84B	12	FA	1	受けてくださいよぉ～。	받아줘요～。
0x59D895	12	F822	1	あこれは怒りのおどり。	
0x59D929	12	FA	1	痛イ目ニアワセルゾ！	혼내주겠다！
0x59D946	12	FB	1	ついに発砲でやんす！	드디어 발포！
0x59DA31	12	FE	1	そっちを攻撃するの？	그쪽을 공격하는 거야？
0x59E161	12	F809	1	の人口に比べたら、	인구에 비해
0x59E16E	12	FA	1	たった２万分の１で、	２만분의１로、
0x59E234	12	FB	1	・・・圧倒的すぎる	너무 압도적
0x59E7FC	12	FA	1	感じだったでやんすね。	느낌이었죠。
0x59EAA7	12	FA	1	少しは考えなさいよ。	좀 생각해봐。
0x59F023	12	FA	1	感心するだけだもん。	감탄할뿐이야
0x59F092	12	FB	1	でも、砂漠の惑星	근데、사막별
0x59F40B	12	FA	1	繰り出してくる気？	밀어붙일 셈？
0x59F86C	12	FB	1	約束は果たしたよ。	약속 지켰다。
0x59FBAC	12	F809	1	内のシステム管理を	시스템 관리
0x59FBD9	12	FB	1	実現のあかつきには、	실현되면、
0x59FD3D	12	F809	1	の名前に傷がつく。	이름에 흠이。
0x59FD9E	12	FB	1	この先どう転んでも、	어찌되든、
0x59FDF2	12	F809	1	が屈服した場合も	가 굴복해도
0x59FFDC	12	FA	1	持ってるでやんすね～。	갖고있죠～。
0x5A02A0	12	FD	1	ほら、データが来たぞ。	자、데이터가 왔다。
0x5A02C2	12	FA	1	なんかでっかいのが・・・	뭔가 큰게
0x5A0310	12	FE	1	なんでやんすかこれは？！	뭡죠 이건？！
0x5A0338	12	FD	1	くそ、こんな時に・・・	젠장、이럴 때에・・・
0x5A058A	12	FD	1	本当でやんすかぁ～？	정말입죠오～？
0x5A0719	12	FA	1	そっくりでやんすね・・・	똑닮았습죠
0x5A0794	12	FD	1	こんなことができるなら、	이런 게 가능하다면、
0x5A0AE7	12	F809	1	が姫様を狙っている	공주 노린다
0x5A0EA8	12	FA	1	いたずらされたらしいぞ！	장난당했대！
0x5A205D	12	FA	1	やってきたらしくて・・・	온 모양이라
0x5A2109	12	FA	1	タチが悪いんでやんす！	질이 나빠요！
0x5A2341	12	FA	1	そもそも２人いるんだ。	애초 ２명이야
0x5A2358	12	F815	1	ああ、うん、そうだとも。	아、그렇지。
0x5A25B2	12	FA	1	試みを行なったのね。	시도를 했군。
0x5A2A19	12	F809	1	にはほとんどないからな。	거의 없으니。
0x5A2A3E	12	FA	1	絶対に流れないね。	절대 안나가。
0x5A2C64	12	FA	1	どうしようもねえんだよ。	어쩔수없어。
0x5A2F9B	12	FA	1	思わなかったでやんす。	생각못했죠。
0x5A3B4B	12	FB	1	そういうところだろうな。	그런 점이지。
0x5A3BBB	12	FD	1	なら、問題はないさ。	그렇다면、문제는 없지。
0x5A3C2E	12	FA	1	俺の三連勝だな！	내 ３연승！
0x5A3E4A	12	FA	1	チラッと見ましたから。	살짝 봤어요。
0x5A3EBF	12	FB	1	問題はそこじゃない。	문제는 딴거。
0x5A401B	12	FA	1	思ってたんだが・・・）	생각했는데）
0x5A415C	12	FA	1	脳がパンクするからな。	뇌 터지니까。
0x5A4401	12	FD	1	こっちに来るでやんす！	이쪽으로 옵죠！
0x5A4493	12	F815	1	ルナリングへ来ないか？	루나링 올래？
0x5A44A1	12	F8F8	1	好きなところへ行け。	맘대로 가라。
0x5A44AF	12	F8F8	1	総督に突き出す。	총독에 넘겨。
0x5A4989	12	F809	1	は処刑するのですか？	처형하나요？
0x5A4B6A	12	F822	1	いこれは怒りの踊り。	
0x5A4BD9	12	FB	1	先住民の暴徒が	원주민 폭도
0x5A4D92	12	FB	1	盛り上がってるわね。	달아올랐네。
0x5A4DDC	12	FA	1	あんたたちがうるさいから	시끄러우니까
0x5A50ED	12	FA	1	わかってきたじゃないの。	알게됐잖아。
0x5A5342	12	FA	1	ガキもできちまって・・・	애도 생겨서
0x5A5716	12	FB	1	俺には家族が・・・	내겐 가족이
0x5A58C7	12	FA	1	中止になっちゃった。	중지됐어。
0x5A5B25	12	F815	1	爆撃を妨害する。	폭격 방해。
0x5A5BC8	12	FB	1	またお互い命があれば	살아있다면
0x5A5F7F	12	FA	1	基地に退却せよ！	기지로 퇴각！
0x5A5FCF	12	FE	1	こっちも逃げるだけだ！	이쪽도 도망칠 뿐이다！
0x5A6081	12	F809	1	にますます狙われるな。	더 표적이다。
0x5A6109	12	F809	1	に集めてもらってたの。	에게 시켰지。
0x5A6336	12	FA	1	してないと思いますわ。	안했을거예요
0x5A63B2	12	FA	1	自然ではないかしら。	자연스럽나。
0x5A6E4E	12	F8F8	1	それは、むちゃくちゃだ！	그건 엉망！
0x5A7116	12	FA	1	一緒に行くからね！	같이 갈거야！
0x5A72A7	12	F809	1	の死者は５０億って	사망자 ５０억
0x5A7412	12	FB	1	この星を管理してる	별 관리하는
0x5A744F	12	FA	1	あるみたいですから・・・	있는듯하니까
0x5A74B1	12	F809	1	さんは反対ですよね？	씨는 반대죠？
0x5A7662	12	FE	1	だって、いまやこの星は	왜냐면、이제 이 별은
0x5A771B	12	F809	1	が、ゲリラ狩りのために	게릴라사냥에
0x5A7A10	12	FD	1	なんだ、誰かと思えば	뭐야、누군가 했더니
0x5A7B51	12	FB	1	・・・訴えられたとか。	고소당했대。
0x5A7D15	12	FD	1	ワシも見てみたい・・・	나도 보고 싶다・・・
0x5A7D56	12	FA	1	１０万ペラでどうかね？	１０만페라로？
0x5A7DB3	12	FA	1	言ってくれましたのに。	말해줬는데。
0x5A7EF4	12	F809	1	への人身売買から	인신매매에서
0x5A7F8D	12	FA	1	よかったんじゃないのか？	잘된거 아냐？
0x5A813B	12	FB	1	しばらく、この資金は	당분간、자금
0x5A847B	12	FA	1	つながるかもしれないと、	이어질지도、
0x5A8671	12	FB	1	少し泳ぎましょうか？	좀 헤엄칠까？
0x5A8736	12	FD	1	・・・あやうく途中で	・・・하마터면 도중에
0x5A8861	12	FA	1	ほとんどできませんから。	거의 못해요。
0x5A8927	12	FA	1	みんなが無理やりね。	다들 억지로。
0x5A899C	12	FB	1	あれ、どう思われます？	저거 어때요？
0x5A8D9F	12	F825	1	を葬ってやるでやんす！	묻어드립죠！
0x5A9116	12	FA	1	わかってるんでやんすか！	아시는겁죠！
0x5A92C8	12	FA	1	しかたがないのでやんす。	어쩔수없죠。
0x5A952F	12	FE	1	プッ・・・あははははは！	풋・・・아하하하하하！
0x5A9698	12	FA	1	こう言っていたそうだ。	이리 말했대。
0x5A9D1D	12	FE	1	しょうがないでやんすね。	어쩔 수 없습죠。
0x5A9F37	12	FB	1	ナニやってんだ、てめえ。	뭐하냐、네놈。
0x5AA0CE	12	FD	1	たぶん、それぞれの星で	아마、각각의 별에서
0x5AA0F6	12	FB	1	・・・役だけ同じで。	역만 같아서。
0x5AA75F	12	FA	1	ないみたいでやんすね。）	없는듯죠。）
0x5AAA4C	12	FA	1	護衛の仕事までは	호위 일까진
0x5AAFAE	12	FB	1	泥棒は犯罪よォ？	도둑은 범죄？
0x5AB30B	12	FA	1	目をつむってくれないと	눈감아줘야지
0x5AB525	12	FB	1	そうか、真の巨悪は	진짜 거악은
0x5AB652	12	FA	1	お前達はすべて悪！	너흰 다 악！
0x5AB721	12	F809	1	を撃退しちゃったわ。	격퇴했어。
0x5ABAC0	12	FA	1	少々困りましたね。	좀 곤란하네。
0x5ABAE0	12	F809	1	の支配に対抗する	지배에 대항
0x5ABBB1	12	FA	1	勝負になどならない！	승부도 안돼！
0x5ABCE4	12	FB	1	冗談ではありません！	농담 아녜요！
0x5AC48C	12	F809	1	の空母の中ですな。	항모 안이네。
0x5AC86D	12	FA	1	ウイルスのサンプルです。	바이러스표본
0x5AC89F	12	F809	1	の支配する惑星に	지배 행성에
0x5ACC20	12	FB	1	・・・私がトップなら、	내가 최고면、
0x5ACC97	12	FA	1	言わなくてもよろしい。	말안해도 돼。
0x5ACDEC	12	FD	1	へえ、すごいんですねぇ。	허어、대단하네요。
0x5ACE19	12	F809	1	に存在するエースは、	있는 에이스
0x5ACE35	12	F809	1	ただ一人ですからな！	딱 한명이죠！
0x5ACED3	12	F808	1	連邦宇宙学校	연방우주학교
0x5ACEE1	12	F809	1	では、開校以来の	선、개교이래
0x5ACFAD	12	FD	1	敵ながらやるもんだね。	적이지만 제법이군。
0x5AD1E1	12	FA	1	決闘を申し込む！	결투를 신청！
0x5AD253	12	FD	1	何者かわからないが、	누구인지는 모르겠지만、
0x5AD846	12	F809	1	の船を沈めまくるぞ！	배를 격침！
0x5ADC1C	12	F809	1	は目的を達したのか	목적 달성？
0x5ADE81	12	FE	1	・・・そんなものはない。	・・・그런 것은 없다。
0x5AE05C	12	FA	1	同時に投入する。	동시 투입。
0x5AE1ED	12	FA	1	行くことはできないぞ。	갈수는 없다。
0x5AE324	12	FD	1	ザコはあんたにまかせた！	잡졸은 당신에게 맡겼다！
0x5AE7E9	12	FE	1	エンジンを停止して、	엔진을 정지하고、
0x5AE962	12	F809	1	有数の資産家。	큰 자산가。
0x5AEA36	12	FE	1	・・・船を捨てます。	・・・배를 버립니다。
0x5AEC03	12	FB	1	・・・ご安心なさい。	안심하세요。
0x5AED06	12	FE	1	逃げていったでやんす！	도망갔습죠！
0x5AF091	12	F809	1	びいきもこれでおしまい。	편들기도 끝。
0x5AF0B3	12	FA	1	目の前にいますから。	눈앞에 있죠。
0x5AF455	12	F809	1	も調べられそうだな。）	조사되겠군）
0x5AF6D0	12	FD	1	バカなことはやめるんだ。	바보 같은 짓은 그만둬라。
0x5AFD9A	12	FA	1	あまりにもかわいそうだ。	너무 불쌍해。
0x5B0A2C	12	FD	1	たしか、契約書には	분명、계약서에는
0x5B0AB8	12	FD	1	だまされたでやんす・・・	속았습죠・・・
0x5B143A	12	FA	1	ロボットに移せるのか。	로봇에 옮겨。
0x5B17AF	12	FA	1	ロボットになったんだぞ。	로봇이 됐다。
0x5B1BE6	12	FA	1	何が変わるんだろう？	뭐가 변할까？
0x5B2041	12	FA	1	それ焼いといてくれる？	그거 구워줘？
0x5B2269	12	FD	1	・・・丸見えだけど。	・・・훤히 보이지만。
0x5B24D3	12	FA	1	どっか行っちゃってる。	어디 갔어。
0x5B2574	12	FA	1	ニンジャなんでやんすか？	닌자입죠？
0x5B2828	12	FD	1	あとでなんとかするから。	나중에 어떻게든 할 테니까。
0x5B2882	12	FA	1	つけ回してるんだけど。	쫓아다니는데
0x5B29F3	12	FA	1	まともそうでやんすけど？	멀쩡한듯죠？
0x5B2C03	12	FB	1	ちっとも黒くないのに。	전혀 안검어。
0x5B38F4	12	FE	1	参った、参りました。	졌다、졌습니다。
0x5B392E	12	FE	1	あたしら降参するわ。	우리는 항복할게。
0x5B3EFC	12	FA	1	はっきりしているのです！	확실합니다！
0x5B407F	12	FA	1	売っていたでやんすね！	팔았었답죠！
0x5B4B0C	12	F800	1	残酷なことを言う。	잔혹한 소리를 하는군。
0x5B4DB5	12	F809	1	君、すぐに出発だ！	자네、출발！
0x5B5077	12	FA	1	が目的ではないかと。	목적 아닌가。
0x5B5160	12	FA	1	ちゃんとあるんだろうな？	제대로 있지？
0x5B5200	12	F809	1	を止める方法、か）	막을 방법？）
0x5B5462	12	FA	1	宇宙船のようです！	우주선인듯！
0x5B56B0	12	F809	1	がまっすぐしか飛ばない	직진만 한다
0x5B590C	12	FA	1	あんたの勝ちだったな。	네 승리였다。
0x5B64EB	12	F809	1	に狙い撃ちでやんす！	에 당합죠！
0x5B68ED	12	FD	1	くそ、毒を飲んだか！	젠장、독을 마셨나！
0x5B6B66	12	FA	1	早すぎ・・・ましたね。	너무 빨랐죠。
0x5B6CCD	12	FA	1	ならないこともないかね。	안될것 없지。
0x5B6DA3	12	F86B	1	間に合わなかったか！	제때 못왔나！
0x5B71AC	12	FA	1	ワハめいがプむいＥせめい	
0x5B76E4	12	F8AC	1	と）むいフポむいォ・むい	
0x5B77E4	12	F9	1	Ｅつめいミパむいズわめい	
0x5B78EC	12	FE	1	ペ～むいし０むい！めい	
0x5B792C	12	FE	1	Ｅナめいフ１むいみ闘い	
0x5B7A9C	12	FC	1	」ワめいＱゴむいゲ殆い	
0x5B7AAC	12	FC	1	っＱむいＭ０むいヂへめい	
0x5B7BBD	12	FC	1	Ｄめいズ３むいみあさいす	
0x5B7FA6	12	FC	1	さい２ヅむい紗むいＵあ	
0x5B81AA	12	FC	1	さいエザむい蕊むいＶあ	
0x5B83CD	12	FC	1	あさいえあさい亜さい（	
0x5B908C	12	FC	1	やあさいゲブむいづヅむい	
0x5BABCA	12	F830	1	私は笑ったでしょう！	나는 웃었잖아！
0x5BC58A	12	F8F8	1	通常探索イベント	탐색 이벤트
0x5BCD34	12	F8F8	1	リンイベント一回目	린이벤트 １회
0x5BCD4F	12	F8F8	1	リンイベント三回目	린이벤트 ３회
0x5BCD5D	12	F8F8	1	リンイベント四回目	린이벤트 ４회
0x5BCD6B	12	F8F8	1	リンイベント五回目	린이벤트 ５회
0x5BCF08	12	F809	1	が引いていくでやんす！	가 물러갑죠！
0x5BD3A6	12	FD	1	本村のデバッグです。	모토무라의 디버그입니다。
0x5BD824	12	F8F8	1	突撃インタビュー愛	돌격취재 애
0x5BDCBD	12	F815	1	こちらから仕掛けよう	이쪽서 걸자
0x5BE8EE	12	FA	1	探索するでやんすか？	탐색합죠？
0x5BEBA9	12	FB	1	なんか現れたでやんす！	뭔가 나왔죠！
0x5BF053	12	F809	1	がやって来るでやんす！	가 다가옵죠！
0x5BFF25	12	FA	1	何もないでやんすね～。	없답죠～。
0x5C07D7	12	F815	1	こっちから仕掛けよう	이쪽서 걸자
0x5C151B	12	FA	1	越した事はないから。	그게 최고야。
0x5C1703	12	FB	1	僕をもっと見てくれ！	날 더 봐줘！
0x5C174D	12	FB	1	僕ももっと見てくれ！	나도 봐줘！
0x5C17D0	12	FB	1	助けてくれえええええ！	살려줘어어！
0x5C1AD3	12	FB	1	行き止まりでやんす！	막다른길！
0x5C2F21	12	F809	1	の外にもいるものだな。	밖에도 있군。
0x5C308A	12	FE	1	かわいがってやるからな。	귀여워해 주마。
0x5C3DF5	12	F804	1	もう逃げてる時間は	도망칠 시간
0x5C4295	12	FA	1	５ポイント贈呈です！	５포인트 증정
0x5C4A69	12	FB	1	お受け取りください。	받아주세요。
0x5C4AD5	12	FE	1	私のようにぃぃぃぃぃ！	나처럼에에에에에！
0x5C5887	12	FB	1	信頼を得る前に、	신뢰 얻기전、
0x5C5D28	12	FE	1	いいオトコォォォォォォ！	멋진 사나이이이이이이！
0x5C6341	12	FA	1	気持ちなんてないさ。	그런맘 없어。
0x5C64AE	12	FA	1	とは思わなかったよね。	라곤 몰랐지。
0x5C670D	12	F800	1	髪を触ったらなどと、	머리를 만지면 어쩌고 하며、
0x5C6B73	12	FA	1	大変だと思います。	힘들겠어요。
0x5C7088	12	FA	1	暴れまわってくれない。	안날뛰어주네
0x5C734A	12	FA	1	なるだろうと思うけど、	될거같은데、
0x5C7E4D	12	FD	1	なんか飛んできたよ！！	뭔가 날아왔어！！
0x5C7F7D	12	FB	1	気をつけてさえいれば、	조심만 하면、
0x5C887E	12	F809	1	を許す事ができない。	를 용서못해。
0x5C8C55	12	FA	1	そこに詰め込むから。	거기 채워。
0x5C906E	12	FE	1	何を言っているのか、	무슨 소리를 하는 건지、
0x5C930E	12	FA	1	私に言ってください。	제게 말해요。
0x5C9498	12	FB	1	まあ、それはおいといて、	뭐、그건 됐고
0x5C9508	12	FA	1	話を進めるでやんす！	얘기 진행！
0x5C9755	12	FE	1	ちょっと疲れたけどね。	조금 지치긴 했지만。
0x5C97B9	12	FA	1	踏み潰しただけだし。	밟아버렸을뿐
0x5CA792	12	FB	1	でも、こんな事はあまり	이런건 별로
0x5CB558	12	FB	1	しかも生身でやんす！	게다 맨몸죠！
0x5CB9BF	12	FA	1	できただけで満足だ。	된것만 만족。
0x5CBB7C	12	FA	1	当然の事でしょう！	당연한거죠！
0x5CBBBA	12	FA	1	アピールしていくのです。	어필하는거죠
0x5CBEFC	12	FB	1	でも、その話を聞くと	얘길 들으면
0x5CC9F1	12	FE	1	ワクチンって何ですか？	백신이란 게 뭡니까？
0x5CCB7C	12	F8F8	1	そういうわけじゃ・・・・	그런게 아냐
0x5CCC2A	12	FB	1	とっとと進むでやんす！	얼른 나갑죠！
0x5CCD4D	12	FB	1	影が動いているような	뭔가 움직여
0x5CCEE1	12	F809	1	の船が遅れているな。	배가 늦는군。
0x5CD272	12	FA	1	飛んでいるでやんすか？	날고있습죠？
0x5CD29C	12	FA	1	事故を起こしたり、	사고 내거나、
0x5CD3B7	12	FB	1	危険もいっぱいだよ。	위험도 많아。
0x5CD8BE	12	FA	1	持って行ってみよう。	갖고 가보자。
0x5CD964	12	F809	1	は美しいだけではなく、	는 예쁠뿐만
0x5CD991	12	FE	1	略してオトコウオッ！！	줄여서 사나이물고기！！
0x5CE06F	12	FA	1	差し上げられません。	드릴수없어요
0x5CE63C	12	F809	1	に負けたわけだからな。	졌으니까요。
0x5CE74E	12	FA	1	少し遠いんだよなあ。	좀 멀단말야。
0x5CE886	12	FA	1	この街は助かったよ。	마을 살았어。
0x5CEF30	12	FB	1	開けてみるでやんすよ！	열어봅죠！
0x5CF9E0	12	FA	1	いつかやられてしまうよ。	언젠간 당해。
0x5CFA21	12	FA	1	嬉しさは倍でやんす！	기쁨이 배죠！
0x5CFF5E	12	FA	1	居てくれるはずなのに。	있어줄텐데。
0x5CFFEE	12	F825	1	君がどこに行ったかを	어디 갔는지
0x5D0097	12	F809	1	が俺を呼んでるのか？	날 부르나？
0x5D0318	12	FE	1	なら文句は無いな。	그렇다면 불만은 없군。
0x5D089D	12	FA	1	を失くすのは惜しい。	잃긴 아깝다。
0x5D16A8	12	FA	1	思っていなかったしな。	몰랐으니까。
0x5D1884	12	F809	1	は人間を間違って	인간을 잘못
0x5D1FD0	12	FA	1	人間なんていないわ。	인간은 없어。
0x5D1FFD	12	FE	1	一撃で倒せるなら、	일격에 쓰러뜨릴 수 있다면、
0x5D20B5	12	FA	1	ちっとも似てやしない。	전혀 안닮아。
0x5D2129	12	FD	1	もう帰る！つまんない！	이제 갈래！재미없어！
0x5D256F	12	FB	1	こういった場所には、	이런 곳에는、
0x5D2726	12	F825	1	君が言ったみたいに、	자네 말대로、
0x5D2740	12	F809	1	の中は広いでやんす。	속은 넓습죠。
0x5D2A21	12	F825	1	君にまかせるでやんす！	자네 믿습죠！
0x5D2B04	12	F809	1	とか言ってなかったか？	라고 안했나？
0x5D2C43	12	FA	1	ハメようとしているんだ！	속이려한다！
0x5D318C	12	FB	1	こんなおもしそうな事を	이 재밌는걸
0x5D3288	12	FB	1	あたしは欲張りだから	난 욕심쟁이
0x5D3A5F	12	FB	1	見て見ぬフリをして。	못본척 하고。
0x5D3D5D	12	FA	1	私は思っているから。	그리 보니까。
0x5D3DCD	12	FB	1	どこから湧いてきたの？	어디서 났어？
0x5D3E7E	12	FA	1	もったいないって事よ。	아깝다는거지
0x5D3F00	12	FA	1	いつの事になるのやら。	언제가 될지。
0x5D402C	12	FA	1	何が書いてあるんだ？	뭐라 적혔어？
0x5D4043	12	F809	1	のこのポイントに行け？	이 포인트로？
0x5D4053	12	FD	1	なんだ？このポイントは？	뭐지？이 포인트는？
0x5D4402	12	FE	1	見てわからないのかい？	보고도 모르겠나？
0x5D48A3	12	FE	1	相変わらずカワイイわ	여전히 귀엽네
0x5D48F2	12	FB	1	どこぞの姫君なんかに	공주따위에게
0x5D4AE1	12	FA	1	ポイントがあがるらしい。	포인트 상승。
0x5D5289	12	FE	1	では見てもらいなさい。	그럼 보여 드리거라。
0x5D562A	12	F807	1	荷物をもらえませんか	짐을 받을 수 없을까요
0x5D5C4B	12	FA	1	連れて行けだなんて。	데려가라니。
0x5D645E	12	FE	1	あたし達が、コイツラを	우리가、이놈들을
0x5D6A69	12	FB	1	ワームを倒してくれて。	웜 잡아줘서。
0x5D6AAB	12	FA	1	見に行ったら、そこで	보러 가니、
0x5D6AEC	12	F809	1	なら声をかけてくれても	라면 말걸지
0x5D6C04	12	FA	1	おもしろいと言えるよ。	재밌다고 봐。
0x5D6CFF	12	FA	1	だけで信用できるよ。	만으로 믿어。
0x5D7109	12	F801	1	いっけええええええええ！	가라아아아아아아아아！
0x5D71BB	12	FB	1	何が起こったんだあ！	무슨 일이야！
0x5D7629	12	F809	1	と喧嘩するんでしょ？	와 싸우잖아？
0x5D7795	12	FB	1	そっちはどうするんだよ？	그쪽은 어째？
0x5D786F	12	FA	1	だけ出して欲しいな。	만 내줬으면。
0x5D8250	12	FC	1	やあさい窄さい尅さい	
0x5D82FE	12	FC	1	さいぃあさい敦ふいＭあ	
0x5D8416	12	FC	1	さいＹバもいづビもいＯあ	
0x5D8490	12	FC	1	搭さいっブもいトブもい	
0x5D886A	12	FC	1	さい尅さいゲビもいＭあ	
0x5D8882	12	F800	1	さいしボもいえベもいＰあ	
0x5D8892	12	F800	1	さいＱバもいＩバもいＭあ	
0x5D8A2A	12	F800	1	さいしボもいＡボもいゼあ	
0x5D8A66	12	F800	1	さいしボもいぱビもいゼあ	
0x5D8AA2	12	F800	1	さいしボもいォボもいゼあ	
0x5D8ADE	12	F800	1	さいしボもいづブもいゼあ	
0x5D8B1A	12	F800	1	さいしボもいとボもいゼあ	
0x5D8CC6	12	FC	1	さいワれへいヂブもいＭあ	
0x5D8E4C	12	F800	1	Ｙベもいヂブもいしボもい	
0x5D9895	12	FB	1	で、報酬はどうする？	보수는 어째？
0x5D98C4	12	F8F8	1	ワクチンと交換しない	백신과 교환？
0x5D9F4B	12	FA	1	ガンガン稼いでくれよ！	팍팍 벌어줘！
0x5DA179	12	FA	1	捕まえていないようです	못잡은듯해요
0x5DA1EF	12	F8F8	1	賞金に換金したい	현상금 환전
0x5DA2A3	12	F8F8	1	ギャス２、戦闘機３	갸스２、전투３
0x5DA37B	12	FB	1	詳細は不明だが、	자세힌 불명、
0x5DA56D	12	FA	1	こちらになっております。	이쪽입니다。
0x5DACC0	12	F8F8	1	フローラ上空決戦	플로라 결전
0x5DACE7	12	F8F8	1	イベント途中決戦	이벤트 결전
0x5DB180	10	F823	1	「護衛募集！	「호위모집！
0x5DB8AE	12	FB	1	これに乗れなかったら、	이걸 못타면、
0x5DC489	12	FA	1	する事がないでやんす。	할일 없습죠。
0x5DC620	12	FB	1	やっぱりダメみたいだな。	역시 안되네。
0x5DCA4C	12	FB	1	気をつけてもらいたい。	조심해줘요。
0x5DCCCB	12	FB	1	詳しい情報は・・・	자세한 정보
0x5DCDD0	12	FB	1	殺し屋だった男だ。	암살자였다。
0x5DCEEB	12	FB	1	無事だったんですね。	무사했군요。
0x5DD3A5	12	FA	1	おまえ達だけだそうだ。	너희뿐이래。
0x5DD4F2	12	FB	1	ワクチンを探してるのが	백신 찾는게
0x5DD612	12	FA	1	大丈夫のはずだよ。	괜찮을거야。
0x5DD631	12	FA	1	できないと思うけどね。	못할거같은데
0x5DDB1C	12	F805	1	情けないでやんす・・・	한심하답죠
0x5DDB59	12	F809	1	に到着したでやんす。	에 도착했죠。
0x5DDD35	12	FA	1	食べてみたいでやんす。	먹어보고파。
0x5DE122	12	FA	1	こちらに集まってくれ。	이쪽에 모여。
0x5DE19B	12	FA	1	終点まで３日間。	종점까지３일。
0x5DEEB7	12	FA	1	使ってあげてください。	써주세요。
0x5DEF1B	12	FA	1	気にしていないようです	신경안쓰는듯
0x5DF15A	12	F822	1	猟奇殺人犯だ。	엽기 살인범이다。
0x5DF733	12	FB	1	賞金がかかるなんて、	현상금 걸려。
0x5DFA8E	12	FB	1	ライセンスの発行は、	면허 발행은、
0x5DFB5E	12	FB	1	では、奥の部屋で、	안쪽 방에서、
0x5DFC42	12	FA	1	注意してくださいね。	주의하세요。
0x5DFEA0	12	FA	1	あまり出歩かないわ。	잘 안나다녀。
0x5E0000	12	FA	1	オオカミってわかるんだ？	늑대 알아봐？
0x5E04BA	12	F805	1	全然違います・・・	전혀 달라요
0x5E0C89	12	FB	1	まあ、こんなところかな。	뭐、이 정도。
0x5E0D50	12	FB	1	どこかで、会った事が	어디서 본적
0x5E0E03	12	FE	1	人が寝ているなんて、	사람이 자고 있다니、
0x5E0FCD	12	FA	1	同じ事を言うのよ。	같은말 해요。
0x5E10EA	12	FB	1	船に乗せられないのに	배 못타는데
0x5E159B	12	FA	1	ワクチン１トン渡そう。	백신 １톤。
0x5E187C	12	FB	1	俺と組んでみないか。	나랑 짜볼래。
0x5E1B19	12	F829	1	今日は、ついてない。	오늘 운없어。
0x5E1DB2	12	FB	1	先生だけじゃないわ。	선생뿐 아냐。
0x5E1F6D	12	FA	1	先生って呼ぶのは？	선생이라고？
0x5E20ED	12	FB	1	あの子、喜ぶわよ～？	걔、좋아해～？
0x5E2237	12	FB	1	ちょっと来るでやんす！	잠깐 와봅죠！
0x5E22E9	12	FB	1	その木、動いてるぞ！	나무 움직여！
0x5E2413	12	FE	1	それより、こんなにお宝	그보다、이렇게나 보물이
0x5E247E	12	F809	1	の輸送船でやんす。	수송선입죠。
0x5E2C73	12	FB	1	もう大丈夫かしら。	이제 괜찮나。
0x5E3CC6	12	FB	1	勝手な話ですよね。	멋대로네요。
0x5E41D9	12	F86B	1	道場閉めたからって	도장 닫아서
0x5E461F	12	F809	1	さんのところだったのか）	씨 집이었나）
0x5E4876	12	FB	1	そうしてあげてください。	그리 해줘요。
0x5E50CA	12	FA	1	すぐ夜になっていたわ。	곧 밤이됐어。
0x5E555A	12	FB	1	血、血だらけじゃない	피、피투성이
0x56002E	11	FF	1	ェおャ霞枯霞合	
0x5600D2	11	F88F	1	Ｒ衣ラやいミドくいた	
0x5608AA	11	F88F	1	Ｒ衣ラやいたロふいＹ	
0x56127F	11	FF	1	こいくペ）みくペ）な１	
0x5621E7	11	F9	1	こいくペ）みくペ）げプ	
0x5631BE	11	F802	1	オうきぽペうぃぽァおあ	
0x5631DE	11	F802	1	オうきぽペうぃぽァおぱ	
0x564458	11	F882	1	ゥ❤ゥ拭Ｊジイゥ亜	
0x564524	11	FC	1	ゴゥグガガ物ボデ坊	
0x564578	11	FC	1	ドフザムゥ濃７ゥ峨	
0x56FD42	11	FA	1	豊富な水資源	과 풍부한물
0x56FD97	11	FA	1	爆発的に増えて	폭발적 증식
0x56FEE4	11	FA	1	暮らしやすい気候	온화한 기후
0x56FFA4	11	FF	1	大都市の惑星	대도시의 행성
0x57047C	11	FF	1	男のためのクリスタル	사나이를 위한 크리스탈
0x5704AC	11	FF	1	小型化に成功	소형화 성공
0x5704B8	11	FF	1	倉庫に入りません	창고 불가
0x570648	11	FF	1	装備を変更して	장비를 변경해서
0x570B2E	11	FC	1	さいみ３はいやぃへい（	
0x570B3A	11	FC	1	さいやぃへいみ３はい（	
0x571225	11	FE	1	ﾎいぽゅへいヂわほい	
0x5712D5	11	F83D	1	オほいタづへいォホまい	
0x571933	11	FC	1	いぱろへいた３はいダあ	
0x57197B	11	FC	1	いぱろへい尅さい（い	
0x571CF6	11	FC	1	さい尅さいぱゃへいむ	
0x573473	11	FC	1	いぽ３はいぜ３はい６あ	
0x574FCD	11	FA	1	なにもないみたいだな。	없는것같군。
0x5753FD	11	F809	1	に無事到着だ。	에 무사도착
0x575807	11	FB	1	まあいいけど・・・ね。	뭐 됐지만。
0x575A04	10	F822	1	えっ、愛ですか？！	으엇、사랑입니까？！
0x575AA7	11	FA	1	理解できないよな。	이해못하지。
0x575B70	11	FA	1	行なうことになった。	하게 됐다。
0x5761AC	10	F822	1	・・・知りません。	・・・모릅니다。
0x576948	11	FD	1	いったい、どうやって！	대체、어떻게！
0x576DC9	11	FE	1	会社での地位！	회사에서의 지위！
0x576EE0	11	FA	1	協力してくれない？	협력해줄래？
0x576FF8	11	FA	1	置いていくでやんす。	두고갑죠。
0x577094	11	F803	1	わかったよ、特ダネ。	알았어、특종
0x5770A0	11	FB	1	あと、金と名声！	돈과 명성！
0x577453	11	F800	1	それでも寒い時には	그래도 추울 때는
0x577AB9	11	FB	1	少々やっかいだな。	좀 까다롭군
0x577B25	11	FA	1	直しておきましたよ。	고쳐뒀어요。
0x577D97	11	FE	1	なんか新鮮だね～。	왠지 신선하네에～。
0x578337	11	FA	1	書いてあるでやんす。	적혀있습죠。
0x578476	11	FA	1	退治してくれたな！	퇴치해줬군！
0x5789AD	11	FE	1	・・・よくわからない。	・・・잘 모르겠다。
0x578BF5	11	FA	1	口にするとお思い？	말할것같아？
0x57908E	11	FB	1	じゃあ、一言だけ。	한마디만。
0x579748	11	F809	1	に戻ってきたが・・・	돌아왔지만
0x579A16	11	F815	1	町の外を調査。	마을밖 조사
0x57A1B4	11	FE	1	必要なものですわ。	필요한 것이랍니다。
0x57A22A	11	FE	1	あ、ああ、そうですか。	아、아아、그렇습니까。
0x57A2C7	11	F809	1	は兵士だけではなく	병사뿐 아냐
0x57B45C	11	FB	1	これからしばらくの間	이제 당분간
0x57C0EE	11	F809	1	の敵と認定する。	적으로 규정
0x57C28D	11	F809	1	のデータを集めるぞ。	자료 모아。
0x57C702	11	F809	1	が管理している星	관리하는 별
0x57C91F	11	FA	1	するでやんすけど・・・	하겠습죠만
0x57D026	11	FA	1	仲がいいでやんすね。	사이좋습죠。
0x57D11F	11	FD	1	こんなものいらないよ！	이런 건 필요 없어！
0x57D1CE	11	FD	1	・・・あ、よく見たら	・・・아、잘 보니
0x57D2D0	11	FA	1	ぶっかけるでやんすよ！	부어버립죠！
0x57E335	11	FA	1	つもりなんでしょうね。	속셈이겠죠。
0x57EC53	11	F825	1	さんがやっていることに	씨 하는일에
0x57ECE0	11	FA	1	先にあやまっとくよ？	먼저 사과？
0x57EF92	11	FE	1	わっ、課長様！！	앗、과장님！！
0x57EFB0	11	FD	1	ほんの出来心で。	그저 우발적으로。
0x57FF02	11	FB	1	・・・かくなる上は、	된 이상엔、
0x58026A	11	FA	1	出頭いたしました。	출두했어요。
0x5802C9	11	F825	1	この予算状況を	이 예산상황
0x5807F2	11	F800	1	宇宙をまわってみて	우주를 돌아보고
0x580838	11	FE	1	どちらかが滅びるまで	어느 한쪽이 멸망할 때까지
0x5812D0	11	F809	1	が本名なんだよな。	가 본명이야
0x58149C	11	FB	1	じゃ、そういうことで！	그런걸로！
0x581896	11	FA	1	釈然としないなぁ。	개운찮네。
0x5819A0	11	F809	1	は私のことをまったく	는 날 전혀
0x581A87	11	FA	1	思われたじゃないの。	여겨졌잖아。
0x581FF6	11	FA	1	ありませんからね・・・	없으니까요
0x582005	11	FE	1	しかし、ご安心を。	하지만、안심하시길。
0x582508	11	FA	1	まだワクチンが１トンも	백신 １톤도
0x5830BF	11	FB	1	ここにおられましたか。	계셨군요。
0x58310A	11	F809	1	はこれからどうなるの？	어찌 되나？
0x58316E	11	F809	1	ごとき、ひとひねりだ！	따위 한방！
0x5836A0	11	FD	1	申し遅れましたが、	늦게 말씀드렸습니다만、
0x5836F4	11	F809	1	の有力者だよ。）	유력자다。）
0x584F58	11	F809	1	は崩壊寸前だ。	붕괴직전。
0x5850A4	11	FA	1	スキャンダルでやんす！	스캔들입죠！
0x585124	11	FA	1	聞きたくねえんだよ。	듣기싫다고。
0x585146	11	FE	1	雑学というものは、	잡학이라는 것은、
0x585821	11	FA	1	不謹慎でやんす！	불경합죠！
0x585865	11	FD	1	適度な娯楽は、	적당한 오락은、
0x585A20	11	FA	1	品物があるんだが。	물건 있어。
0x586612	11	FA	1	忘れているでやんす。	잊고있습죠。
0x58676B	11	FB	1	ひょっとしてこれ・・・	혹시 이거
0x5870DA	11	FA	1	ウザがられてなかった？	안귀찮았나？
0x5875C5	11	FA	1	ほとんどないんだよな。	거의 없지。
0x587650	11	F86B	1	たぶん、まちがいない。	틀림없어。
0x587784	11	FA	1	すりかわったらしいな。	바꿔친듯해。
0x587A09	11	FE	1	ハイッ、わかりました！	예！알겠습니다！
0x587C2A	11	FB	1	返すんだなぁ～～～。	갚는다네～～。
0x58814D	11	FB	1	ひさしぶりだったので、	오랜만이라、
0x5888B0	11	F809	1	の倉庫へ向かえ。	창고로 가。
0x5889A9	11	F809	1	の妨害電波だ！	방해전파다！
0x588A20	11	FA	1	見直したでやんす。	다시봤습죠。
0x588EAC	11	FA	1	つけてくれたんですよ。	붙여줬어요。
0x588F6F	11	FA	1	を好んでますからね。	를 좋아해。
0x588FF8	11	FA	1	意識はないのかな？	의식 없나？
0x58919D	11	FA	1	いきがるんじゃねえよ。	잘난척마라。
0x58942E	11	FA	1	ワクチンは、絶対に	백신은 절대
0x589466	11	FD	1	それは困るでやんす。	그건 곤란합죠。
0x5897D6	11	F815	1	美女に見える男	미녀같은 놈
0x589E71	11	FA	1	なくなってるでやんす！	없어졌습죠！
0x58A6CE	11	FB	1	しかしこれは、われわれ	이건、우리
0x58AAFF	11	FD	1	どうやってるんだろう？	어떻게 하는 걸까？
0x58B094	11	FE	1	キャプテンががんばって	캡틴이 힘내서
0x58B509	11	FA	1	どうなってるでやんす？	어찌된겁죠？
0x58B5DD	11	FA	1	得策ではないかと。	낫지않을까。
0x58B6F7	11	F809	1	が起こるでしょうね。	일어나겠죠。
0x58B9AE	11	FA	1	ってことでいいのかな？	그걸로 돼？
0x58BFA2	11	FA	1	愛がないでやんすね。	사랑 없죠。
0x58C103	11	F809	1	人にバカにされるぞ。	무시당한다。
0x58C1C2	11	F800	1	・・・やりにくいわね。	・・・하기 껄끄럽네。
0x58C21E	11	F8F8	1	・・・似てるかもな。	닮았을지도。
0x58C56C	11	FA	1	コミュニケートのこと？	소통 얘기？
0x58C6C1	11	FE	1	まあ、いわゆるひとつの	뭐、이른바 일종의
0x58CE4B	11	F809	1	以外の場所でも	외의 장소도
0x58D7E7	11	FA	1	けものを狩りました。	짐승 잡았다
0x58D98D	11	F809	1	以外なら売っても	외엔 팔아도
0x58D9F8	11	F809	1	に持ち込もうとして	반입하려다
0x58DBA4	11	FA	1	大変困っておる。	곤란하구나。
0x58DEBF	11	FA	1	教えてもらったのだ。	배웠다네。
0x58E0BB	11	FA	1	見ちゃったでやんす。	봐버렸습죠。
0x58E65E	11	F800	1	卑怯だと思った。	비겁하다고 생각했다。
0x58EB1D	11	FB	1	しかも体温がある！	체온까지！
0x58EC19	11	FA	1	合理的なのかい？	합리적인가？
0x58EE93	11	FA	1	ちょうど良かったよ。	마침 잘됐다
0x58F254	11	FB	1	そんな、ウソだぁ～！！	그런 거짓말
0x58F32F	11	F809	1	に崩壊の兆候。	붕괴 조짐。
0x58F481	11	FA	1	楽しいかもしれない。	즐거울지도。
0x58F4A1	11	FB	1	すごく早かったわね。	엄청 빨랐어
0x58F4F7	11	FB	1	ひょっとして、これって	혹시、이게
0x58F7E8	11	FA	1	優先的につぶす。	우선 부숴。
0x58F876	11	FA	1	切れかかってるんだ。	끊길것같아。
0x58FA91	11	FE	1	あまりよくないですね。	그다지 좋지 않네요。
0x58FBFD	11	FA	1	ないかと私は思う。	아닐까싶다。
0x58FFDB	11	F809	1	の落し物でやんす。	분실물입죠。
0x59026D	11	FA	1	ワレワレモ逃ゲルゾ！	우리도 도망
0x590367	11	FA	1	反乱扱いなのか。	반란 취급。
0x59038D	11	FB	1	いいこと聞いちゃった	좋은거 들어
0x590BA3	11	FB	1	これは、いけませんね。	안되겠네요。
0x590C38	11	FD	1	必要なのは、すばり	필요한 것은、바로
0x590E39	11	F809	1	の自爆コードなんて	의 자폭코드
0x590EBB	11	FD	1	メモしておきましょう。	메모해 둡시다。
0x590EFC	11	FB	1	ああ、誰かと思えば	누군가 했네
0x590F80	11	FA	1	お金がかかるんだよ。	돈이 든다。
0x5912EE	11	FA	1	作業でやんすよね？	작업입죠？
0x59143B	11	FA	1	積んでないでやんす！	안실었습죠！
0x5922C2	11	F809	1	にもウサギはいるのか？	토끼 있나？
0x592DB4	11	FA	1	うまくいっていない。）	잘 안된다）
0x592DCC	11	F809	1	は、それを利用して	그걸 이용해
0x593346	11	F809	1	は、私が倒します！	제가 잡죠！
0x5933EF	11	FA	1	かな～と思ったとき、	할까 했을때
0x593499	11	FA	1	変化してたんです！	변해있었죠！
0x5937B9	11	FA	1	重要なことだカニ。	중요하다。
0x5938A0	11	FB	1	わかってると思うが、	알겠지만、
0x593C45	11	FA	1	勘弁してあげるわ！	용서해줄게！
0x593E6A	11	FD	1	ちょっと待てよ・・・	잠깐 기다려・・・
0x593F05	11	FB	1	そのロンなんたらです。	그 론이란거
0x5942AA	11	F808	1	人喰いサラマンダー	식인 도롱뇽
0x5942EC	11	FA	1	何もしないんですか？	안하시나요？
0x59448A	11	FA	1	どうでもよいことだが、	상관없지만、
0x594680	11	FD	1	じゃあ、どうして・・・	그럼、어째서・・・
0x5948D2	11	F809	1	のドアのカギが開いた	문이 열렸다
0x595244	11	FA	1	通信が来ました。	통신 왔어。
0x59572E	11	F809	1	の軍艦にぶつかって	군함에 충돌
0x59575C	11	F800	1	運が悪かったなぁ。	운이 나빴구나。
0x595D3F	11	FB	1	早く直してくれよ。	얼른 고쳐줘
0x595F18	11	FD	1	この辺りのロボットを	이 근처의 로봇을
0x596483	11	F807	1	（ドガドガドゴーン！）	（쾅쾅 콰아앙！）
0x596764	11	FD	1	それらの島も、今は	그 섬들도、지금은
0x596AC5	11	F809	1	様が始末したわ！	님이 처리！
0x596AEE	11	F809	1	、身体変えたの？	、몸 바꿨어？
0x596BE4	11	FA	1	もう会えないよねぇ。	이젠 못봐。
0x596C15	11	FA	1	だって言ってあるの！	라고 해뒀다
0x596DA6	11	FA	1	抵抗してやるんだ！	저항해주마！
0x596DD7	11	FB	1	必ず、また会おう。	꼭 만나자。
0x596E8B	11	FA	1	破壊して欲しい。	부숴줬으면。
0x597544	11	FB	1	ま、それだけのことね。	뭐、그뿐이지
0x5980DD	11	FA	1	もうけたいってのによ！	벌고싶은데！
0x598166	11	F809	1	大統領については	대통령 얘긴
0x5982BB	11	F809	1	は過激な表現が	과격한 표현
0x59830A	11	F825	1	君には過激なこと	네겐 과격한
0x5983E9	11	FA	1	しないとダメなんだよ。	해야 한다。
0x5984E7	11	FA	1	統治してるんです？	통치하나요？
0x598664	11	FB	1	正義の味方は、	정의의 편、
0x598694	11	FA	1	すばらしいお方です。	훌륭한 분。
0x598778	11	FA	1	なにか知らないかな？	뭔가 알아？
0x598836	11	FD	1	ど、どうなってるんだ？	어、어떻게 된 거냐？
0x598930	11	FA	1	知っているんですよ。	알고있어요。
0x598A39	11	F809	1	、どういうことなんだ？	、무슨 소리？
0x598C9E	11	FA	1	あんな風になるのか？	저리 되나？
0x5995C0	11	FA	1	聞いたことがないぞ。	못들어봤다。
0x599924	11	FA	1	思いもしないはずだ。	생각못하지。
0x5999F0	11	F809	1	よりも小さいんだな。	보다 작군。
0x59A14F	11	F809	1	は崩壊するっての！	붕괴한다고！
0x59A170	11	FA	1	しょうがないだろうが！	어쩔수없어！
0x59A20E	11	FA	1	追いかけて来いよ！	쫓아와라！
0x59A834	11	FA	1	じゃまなだけだからな！	방해만 돼！
0x59A9F6	11	FA	1	ちゃんとしたものだよ。	멀쩡한거야。
0x59AA1D	11	FA	1	はるかに立派だな。	훨씬 낫군。
0x59AAFF	11	FA	1	ヘタクソな化粧では	서툰 화장은
0x59AEA3	11	F809	1	それで問題ないね。	문제없겠네。
0x59B562	11	FB	1	そう教えてもらった。	그리 배웠어
0x59B821	11	FE	1	・・・別れのセリフは	・・・이별의 대사는
0x59BA21	11	FB	1	すぐに逃げ出すぞ。	곧 도망간다
0x59BB42	11	F809	1	の責任は重いぞ。	책임 무거워
0x59BC6C	11	FD	1	閣下の身柄は、	각하의 신병은、
0x59C425	11	F809	1	に逆らえないように、	못거스르게、
0x59C7D2	11	FD	1	どこで購入できるか	어디서 구입할 수 있는지
0x59C869	11	FD	1	ここで生産してる？	여기서 생산하고 있어？
0x59CD2D	11	FB	1	窓もほとんどないし。	창문도 없어
0x59CDCB	11	FA	1	住んでるんだからな。	사는거니까
0x59CEFA	11	FB	1	便利なんだけどな。	편리하긴해。
0x59D08E	11	FA	1	ふっかけてきましたね。	바가지네요。
0x59D0CD	11	FA	1	よしとしないといかん。	용납못한다。
0x59D1B7	11	FB	1	持ってきた積荷は	가져온 짐은
0x59D257	11	FB	1	こんなところで何を？	여기서 뭘？
0x59D344	11	FA	1	判りにくいでやんす。	알기어렵죠。
0x59D460	11	FA	1	もうかった気持ちに	돈번 기분이
0x59D515	11	FA	1	助けられるんですか？	구할수있나？
0x59D65D	11	FD	1	すぐに撤退しよう。	즉시 철수하자。
0x59DA51	11	F809	1	星の秩序を乱す	별의 질서를
0x59DC13	11	F800	1	私ノ評価ガ・・・	내 평가가・・・
0x59DEF1	11	F809	1	政府との交渉、	정부 교섭、
0x59E1D3	11	FA	1	言わないでやんすよ。	말안합죠。
0x59E261	11	FB	1	私も、あの大臣に	저도、장관에
0x59E516	11	FB	1	死んでもらいますよ？	죽어주시죠？
0x59E742	11	FB	1	あとは任せましたよ。	뒤는 맡긴다
0x59E9D4	11	FE	1	まさかとは思うけど、	설마 하지만、
0x59EFDD	11	F86B	1	ひけばいいじゃないか。	빼면 되지。
0x59F086	11	FA	1	水は売れないよね。	물은 안팔려
0x59F1F9	11	F809	1	さんに言われちゃった	씨께 들었다
0x59F3A7	11	FD	1	よっぽどヒマなんだな、	어지간히 한가한가 보군、
0x59F4EC	11	F825	1	用の毒でも作れば	독을 만들면
0x59F574	11	FE	1	それでは、さようなら。	그럼、안녕히。
0x59F5C3	11	FA	1	死なない、けど・・・	안죽어、근데
0x59F626	11	F86B	1	お先に待ってるぜ！	먼저 기다려
0x59FE63	11	FB	1	あの寄生虫めが。	저 기생충。
0x59FF25	11	FB	1	ここで何をしている。	여기서 뭐해
0x5A02B6	11	FB	1	俺たちの真下に、	우리 밑에、
0x5A038E	11	F815	1	女王モグラと戦う	여왕쥐 격퇴
0x5A03A6	11	F8F8	1	ヘルガを倒しに行く	헬가 잡으러
0x5A0543	11	F825	1	君は甘いでやんす。	자넨 물러。
0x5A07D1	11	FA	1	使ってはいけないね。	쓰면 안돼。
0x5A12B4	11	FE	1	船長、聞こえた？	선장、들렸어？
0x5A12ED	11	FB	1	君の船はどうなる？	배는 어째？
0x5A1E71	11	FB	1	はるか遠くの星から	아득한 별서
0x5A1E7D	11	FA	1	やってきたんだなぁ～。	왔다네～。
0x5A1ED5	11	FA	1	探してるんだなぁ～。	찾고있다네～
0x5A1F2A	11	FB	1	ありがとうなんだなぁ～	고맙다네～
0x5A2034	11	FA	1	出て行くでやんす！	나가겠습죠！
0x5A22D3	11	FA	1	いけないと思ってさ。	안될듯해서。
0x5A2445	11	F809	1	で、新商品として	신상품으로
0x5A2979	11	F809	1	のニュースをいろいろと	여러 뉴스를
0x5A2985	11	FA	1	送ってもらったんだ。	보내줬거든。
0x5A2AC5	11	FB	1	さけたい放送局は	피할 방송국
0x5A2B6A	11	FA	1	記者はいないのか？	기자 없나？
0x5A2D7F	11	FA	1	俺も知りたいんだ。	나도 알고파
0x5A2E3D	11	FA	1	今後やめてくれよ。	앞으론 그만
0x5A30B6	11	FA	1	しないといけないんだ！	해야한다고！
0x5A31C0	11	FB	1	フルスピードダッシュ！	전속 돌진！
0x5A3554	11	FA	1	何かわかりましたか？	뭔가 알았나
0x5A3CE5	11	FE	1	これでさっきのゲームは	이걸로 아까 그 게임은
0x5A3F01	11	FA	1	覚えてないんですよ。	기억안나요。
0x5A4294	11	FA	1	役に立たないです。	쓸모없어요。
0x5A4363	11	FB	1	さっさと殺すがいい！	빨리 죽여！
0x5A46D6	11	FA	1	君は乗せられない。	넌 못탄다。
0x5A47CD	11	FB	1	お前に感謝する。	네게 감사。
0x5A4A4B	11	FA	1	もらうかもしれんのう。	받을지도。
0x5A4D65	11	FB	1	臆病者に死を！	겁쟁이 죽어
0x5A4DE9	11	FA	1	目が覚めちゃった。	잠 깨버렸다
0x5A4FEC	11	FA	1	気絶していたのか。	기절했었나。
0x5A51A1	11	FB	1	アタシはやりたいことを	난 하고픈걸
0x5A5744	11	FE	1	でも関係ないよね？	하지만 상관없지？
0x5A5823	11	F809	1	のカードじゃないか？！	카드잖아？！
0x5A59FB	11	F822	1	いこれは、あわてている	
0x5A5AFE	11	F809	1	の艦隊はこの星の	함대는 여기
0x5A5DCE	11	FD	1	まずは突破するぞ！	우선 돌파한다！
0x5A6DD5	11	FA	1	気に食わないカニ！	맘에 안들어
0x5A6E87	11	FA	1	どういうつもりだカニ！	무슨 속셈！
0x5A7ACF	11	FA	1	お聞きしましたけど。	들었는데요。
0x5A7E0D	11	FB	1	その値段で喜んで	그 값이면
0x5A8204	11	FA	1	気もするけど・・・）	느낌도 들어
0x5A8267	11	F809	1	にいらっしゃいませ！）	어서옵쇼！）
0x5A8488	11	FA	1	調査をさせました。	조사시켰죠。
0x5A878F	11	FE	1	・・・ワクチンの件、	・・・백신 건은、
0x5A87D9	11	FA	1	集めれば集めるほど	모을수록 더
0x5A90B6	11	F809	1	の権力を握れば、	권력 쥐면、
0x5A9203	11	F809	1	の力ずくの秩序は	힘의 질서는
0x5A95BD	11	FA	1	やらなかったらしいぜ。	라 안했대。
0x5A96DB	11	F804	1	どうします、長官？	어쩌죠、장관
0x5A9760	11	F825	1	だ、よく覚えておけ！	다、기억해！
0x5A9C85	11	FD	1	ポーカー、わかるよな？	포커、알지？
0x5A9E08	11	FA	1	わかってるじゃないか。	알고있잖아。
0x5A9E47	11	FA	1	みんなに配って・・・	모두 나눠서
0x5A9F10	11	FE	1	親決めのドローは、	선을 정하는 드로는、
0x5A9F9E	11	FA	1	なんてものがあるんだ！	란게 있다！
0x5AA2A8	11	FB	1	カードゲームといえども	카드게임도
0x5AA38A	11	FA	1	ルールで始めようか。	룰로 시작。
0x5AA4BA	11	F825	1	、これでも持ってけ！	、이거 가져！
0x5AA829	11	FA	1	５００ペラもないんだ。	５００페라도。
0x5AABC4	11	FA	1	用意できませんね。	준비 못해。
0x5AABF6	11	FA	1	運ぶつもりなんです？	옮길 셈？
0x5AACEF	11	FA	1	彼に任せましょう。	그에게 맡겨
0x5AAF79	11	FA	1	悪党なんでやんす！	악당입죠！
0x5AB04E	11	FE	1	どうして圧制者の	어째서 압제자의
0x5AB32C	11	FB	1	ココデヤッツケテヤル！	여기서 끝！
0x5AB5E9	11	FB	1	よくもアタシをだまして	잘도 속여서
0x5AB7C5	11	FB	1	だから、ワクチンなんて	백신 따위는
0x5ABB3A	11	F809	1	を破滅させるための	파멸시키려
0x5ABCD8	11	FA	1	言っているのですか？	말하는거죠？
0x5ABE1F	11	FD	1	だが、肥大化した	하지만、비대해진
0x5ABEF8	11	FB	1	実際、過去には	실제、과거엔
0x5AC07A	11	F809	1	は攻撃するだろう。	공격하겠지。
0x5AC2CC	11	FA	1	おねがいいたしますぞ。	부탁드리오。
0x5AC4B5	11	FD	1	ここは移動要塞	여기는 이동 요새
0x5AC6B1	11	FA	1	作られたのでやんす。	만들어졌죠。
0x5AC6E7	11	FA	1	どうなるでやんすかね？	어찌될깝쇼？
0x5ACA9D	11	FA	1	逆らえないでやんす。	못거스릅죠。
0x5ACFF8	11	FA	1	配属されるんだぜ。	배속된다고。
0x5AD0B5	11	FA	1	もっぱらのウワサです。	자자한 소문
0x5AD60B	11	FA	1	いずれ決着を・・・	언젠간 결판
0x5ADD05	11	F809	1	に渡さなかったのだ。	에 안넘겼어
0x5ADDD3	11	FA	1	やりすぎではないのか？	너무하잖아？
0x5ADDF6	11	FA	1	のだし、市民の対	고、시민에
0x5ADE0F	11	FA	1	悪い影響がある。	악영향 있다
0x5AE64B	11	FA	1	最高レベルのものが	최고 수준의
0x5AE6A6	11	FE	1	事故でやんすかね？	사고입죠？
0x5AF5CF	11	FD	1	どうしてそんなことが？	어째서 그런 일이？
0x5AF61F	11	FD	1	ものすごい量だけど。	엄청난 양이지만。
0x5AF95B	11	FA	1	ゼロイチゼロゼロ・・・	영일영영・・・
0x5AFB25	11	FD	1	いっぱい起こったぜ。	잔뜩 일어났다。
0x5AFD7B	11	FA	1	使ってやってくれよ。	잘 써줘라。
0x5B01FE	11	FA	1	出頭いたしました！	출두했어요！
0x5B045F	11	F809	1	を恐れる者は多く	겁내는 자가
0x5B0618	11	FA	1	持ち込むためには、	반입하려면、
0x5B0767	11	FD	1	断らないはずだって、	거절하지 않을 거라고、
0x5B07D6	11	F809	1	は父の仇ですから。	부친 원수라
0x5B0811	11	FE	1	それでは、まず惑星	그럼、우선 행성
0x5B0A05	11	FA	1	よくわからないからな。	잘 모르니까
0x5B0AA9	11	FA	1	書いてあるでやんす！	적혀있습죠！
0x5B0C0D	11	FA	1	出航する気かい？	출항할 셈？
0x5B0CF9	11	F85A	1	（システムの説明）	（조작설명）
0x5B1040	11	FB	1	なに、この身体！？	뭐야、이 몸！
0x5B11D8	11	F825	1	さん、これはサギです！	이건 사기！
0x5B150E	11	FA	1	ロボットたちが来た！	로봇 왔다！
0x5B151D	11	FD	1	急いで隠れるんだ！	서둘러 숨어라！
0x5B1806	11	FA	1	まだ生きてるんだぞ？	아직 살았다
0x5B1859	11	FA	1	大変なことになる！	큰일 난다！
0x5B19A1	11	FB	1	ここは宇宙港だ。	여긴 우주항
0x5B1F13	11	FA	1	そう思ってたでしょ？	그리 봤지？
0x5B20C5	11	FE	1	まあ、隠れているのは	뭐、숨어 있는 것은
0x5B20D1	11	FA	1	バレバレだったけどさ。	빤히 보였지
0x5B2301	11	F8F8	1	どちらも無視する。	둘다 무시。
0x5B241A	11	F809	1	のニンジャの任務を	닌자 임무를
0x5B3115	11	FB	1	あなたを待ってたの。	널 기다렸다
0x5B34DC	11	FB	1	どうしてこんなところに	왜 이런곳에
0x5B3645	11	FE	1	フ、フフン、キャプテン	흐、흐흥、캡틴
0x5B3654	11	FB	1	あんた運がいいわね。	너 운 좋네。
0x5B37BE	11	FA	1	原材料のことよ。	원재료 얘기
0x5B387B	11	FA	1	そんなことやってたの？	그런짓 했어
0x5B3B28	11	FE	1	ま、仕方ないよね。	뭐、어쩔 수 없지。
0x5B3CEC	11	FB	1	ゲリラと交戦中の	게릴라 교전
0x5B3E49	11	FD	1	どういうことなんです。	어떻게 된 겁니까。
0x5B3F70	11	FA	1	さっぱりわかりません！	전혀 몰라！
0x5B4398	11	FB	1	私も後から行く。	나도 나중에
0x5B444D	11	F809	1	がこんなところまで？！	여기까지？！
0x5B45A6	11	F804	1	おい、司令部とは	야、사령부는
0x5B4B2A	11	FD	1	だが、君には生きて	하지만、자네는 살아서
0x5B54C3	11	FA	1	打ち抜いてしまえ！	쏴버려라！
0x5B56F7	11	F809	1	にぶち込むでやんす！	에 처넣죠！
0x5B584F	11	FD	1	ブラックホール化して	블랙홀이 되어
0x5B5886	11	FA	1	言ったんでやんすぅ～	말했답죠～
0x5B5A87	11	F809	1	長官に通信を。	장관에 통신
0x5B5CC7	11	F837	1	わしを攻撃している	나를 공격하고 있는
0x5B5E1E	11	FA	1	求めていますが・・・	요구하는데
0x5B5F7E	11	FE	1	本日をもちまして、	오늘부로、
0x5B68FA	11	FB	1	医療班を呼べ！	의료반 불러
0x5B6D7C	11	FD	1	亡くなったでやんす。	돌아가셨습죠。
0x5B6ED9	11	F809	1	の死は隠した方が	죽음은 숨겨
0x5B711A	11	F8CE	1	さいォ＠むいね９むいＡ	
0x5B72FD	11	FC	1	ヨめい頴むいふきめい	
0x5B7EB6	11	FC	1	さいえベむいしビむい（	
0x5B7ECE	11	F800	1	さいっダむい２ダむい（	
0x5B7F16	11	F800	1	さいわビむい２ダむい（	
0x5B7F52	11	F800	1	さいシダむい２ダむい（	
0x5B7F82	11	F800	1	さいＩバむい２ダむい（	
0x5B7FBE	11	FC	1	さい❤ザむいワベむい（	
0x5B7FCA	11	FC	1	さいフヂむいォザむい（	
0x5B7FEE	11	FC	1	さい踪むい２ドむい（	
0x5B801E	11	FC	1	さいエドむいＱブむい（	
0x5B8042	11	FC	1	さいヤドむいエヂむい（	
0x5B804E	11	FC	1	さいトズむいわジむい（	
0x5B8072	11	FC	1	さい諚むいヤズむい（	
0x5B810E	11	FC	1	さいボズむいえヅむい（	
0x5B8303	11	FC	1	いっヂむいワドむいＶあ	
0x5B8516	11	F800	1	さいワジむいヤザむい（	
0x5B8696	11	FC	1	さい尅さいくあさいＤ	
0x5B8A41	11	FC	1	あさいくあさいたあさい	
0x5B90B6	11	FC	1	さいぱベむいみあさいす	
0x5B9422	11	F800	1	さい２バむいやブむい❤	
0x5B9866	11	F800	1	さい（ぁふいえあさいし	
0x5BA3BB	11	F8F8	1	宇宙港でうろつく	우주항 배회
0x5BC253	11	F815	1	独自の製造法	독자 제조법
0x5BCD42	11	F8F8	1	リンイベントニ回目	린이벤트２회
0x5BD211	11	FA	1	気をつけてください。	조심하세요。
0x5BD283	11	FD	1	し、自然の脅威	、자연의 위협
0x5BD589	11	FB	1	大丈夫のはずだ！	괜찮을거다！
0x5BD784	11	FA	1	美しくなれませんよ！	안예뻐져요！
0x5BE174	11	F8F8	1	オトコポイントをあげる	사나이 점수
0x5BE63E	11	FB	1	割れねええええええ！	안깨져어어！
0x5BEAFE	11	FA	1	別れているでやんす！	갈라졌습죠！
0x5BEE5D	11	F809	1	が人間じゃないって	인간 아니래
0x5BF1E2	11	FB	1	刺されたあああああ！	찔렸다아아！
0x5BF613	11	FA	1	大事な事だもん。	중요한걸。
0x5BFF9A	11	FB	1	行ってみるでやんす！	가보겠습죠！
0x5C0167	11	F809	1	君！迎え撃つぞ！	자네！요격！
0x5C0742	11	FB	1	あれを見るでやんす！	저걸 봅죠！
0x5C07E5	11	F8F8	1	このまま隠れていよう	이대로 숨자
0x5C0B0C	11	FB	1	流されるのもいいぞ。	떠내려가도。
0x5C0F58	11	FA	1	きっと美しいんだろ。	분명 예쁘지
0x5C0F8B	11	FB	1	二度とこんな魚、	다신 이런것
0x5C1B4F	11	F809	1	を売ってくれないか。	팔아주겠나。
0x5C1C0B	11	FB	1	いくつ欲しいですか？	몇개 필요？
0x5C20FA	11	FB	1	この星の遺跡は、	이 별 유적、
0x5C2761	11	FE	1	でも、しいて言うなら	하지만、굳이 말하자면
0x5C2A36	11	FD	1	うおりゃああああああ！	우오랴아아아아아아！
0x5C31E5	11	FA	1	努力してください。	노력하세요。
0x5C3614	11	FA	1	おかしくないでやんす！	안이상합죠！
0x5C3AC0	11	FB	1	消えていくでやんす！	사라져갑죠！
0x5C4132	11	FA	1	飽きないものなのだ。	질리지않아。
0x5C4CA9	11	FB	1	俺が待っているぞ！	내가 기다려
0x5C51C3	11	FE	1	こんなところ、特殊	이런 곳、특수
0x5C542D	11	FB	1	おい！返事しろよ！	야！대답해！
0x5C572E	11	F809	1	には戦いというものが	싸움이란게
0x5C5D18	11	FA	1	精進してください！	정진하세요！
0x5C6372	11	F809	1	はウソ臭いでやんす！	거짓말같죠！
0x5C641E	11	FA	1	振舞う自分だ！	구는 나다！
0x5C65D7	11	FA	1	報告しに行くか。	보고 갈까。
0x5C6952	11	FA	1	趣味だったわよね。	취미였잖아。
0x5C6CA4	11	FA	1	思ってしまう程に！	그럴 정도！
0x5C6EBD	11	FA	1	投げちゃった。てへっ	던져버렸다
0x5C711A	11	F809	1	に教えてもらったの。	에게 배웠다
0x5C7194	11	FA	1	こんな事をしたんだ。	이런짓 했어
0x5C7520	11	FB	1	あれはなかなかいいぞ！	저건 좋아！
0x5C7BD5	11	FD	1	気付いているよね？	눈치채고 있지？
0x5C7FA7	11	F825	1	君がそう言うなら、	네가 그러면
0x5C8085	11	FA	1	よく耳にするからな。	자주 듣지。
0x5C8243	11	FA	1	と統計がでてます。	통계가 나와
0x5C85C8	11	FB	1	まだなのか出口は！	출구 아직！
0x5C8916	11	F825	1	の話を聞いた時、	얘기 들을때
0x5C8922	11	FA	1	チャンスだと思った。	기회라 봤어
0x5C8F6D	11	F800	1	私達じゃなくても、	우리가 아니어도、
0x5CA075	11	FA	1	これは何でやんすか！	이건 뭡죠！
0x5CA0D1	11	F804	1	前に見た時よりも	전에 봤을때
0x5CA0DD	11	FA	1	街に近づいている。	마을에 근접
0x5CA8F2	11	F825	1	君にあげるでやんす！	자네 줍죠！
0x5CB68A	11	FA	1	なんていないでやんす。	따윈 없죠。
0x5CBFD5	11	FA	1	言ってみるでやんす。	말해봅죠。
0x5CC399	11	FE	1	美しい私達でも、	아름다운 우리라도、
0x5CC65A	11	FB	1	いいね！おもしろいね！	좋아！재밌다
0x5CC666	11	FB	1	こんなに敵がいたら、	적이 많으면
0x5CC6B6	11	FD	1	あたしの好奇心を	나의 호기심을
0x5CC7EF	11	FB	1	バカだね。アンタ達。	바보네。너희
0x5CCA5F	11	FA	1	なるわけないでしょう！	될리 없죠！
0x5CCBF7	11	FA	1	見当たらないけど。	안보이는데。
0x5CD01C	11	F809	1	君の姿が見えない	모습 안보여
0x5CD21C	11	FA	1	回収したでやんす。	회수했습죠。
0x5CD661	11	FA	1	当然なんでやんす。	당연합죠。
0x5CD779	11	FA	1	わかった気がするよ。	알것같아。
0x5CD982	11	FA	1	オトコらしい魚です。	사나이 생선
0x5CE6DA	11	FB	1	だいたいの目星は、	대략 짐작은
0x5CF1D2	11	FB	1	でも、どうするんだよ！	근데、어째！
0x5CF4C8	11	FB	1	も、もう、いないよな。	이제 없겠지
0x5CF802	11	FA	1	比べて強かったぞ。	비해 강했어
0x5CFBE2	11	F809	1	さんも魚が現れたら	씨도 고기가
0x5CFF3E	11	F825	1	どこに行ったんだろ？	어디 갔지？
0x5D01AC	11	FA	1	これの事だったのか！	이거였구나！
0x5D0F38	11	FA	1	ウットリしていてくれ。	황홀해 있어
0x5D0F69	11	FE	1	ほら、行きましょう！	자、갑시다！
0x5D10BC	11	FA	1	あったんだけど、それは	있었는데、그
0x5D15EB	11	F809	1	の人間じゃないの？	인간 아냐？
0x5D1902	11	FA	1	行ってからでやんす。	가고나서죠。
0x5D1BAF	11	FE	1	もっと楽しまないと！	더 즐겨야지！
0x5D1C0A	11	FB	1	さすがいいオトコです！	역시 멋져！
0x5D1E65	11	F809	1	は暴れるというわけで	날뛴다는거
0x5D21BB	11	FB	1	楽しみにしてるわよ。	기대할게。
0x5D2C05	11	FA	1	わかんないでやんすよ！	모르겠습죠！
0x5D2CD8	11	F803	1	助けに来ないのよ！	도우러 안와
0x5D2E64	11	FE	1	今度見つけたら、	다음에 발견하면、
0x5D2FEB	11	FB	1	後で追いつくから。	이따 따라가
0x5D3013	11	FA	1	一人でやる気か！	혼자 할셈！
0x5D3206	11	FB	1	バカだね！アンタ達！	바보네！너희
0x5D32BA	11	FA	1	気が済まないんだ。	성에 안차。
0x5D379E	11	FA	1	誰も知らなかった。	다들 몰랐어
0x5D3BAC	11	F8F8	1	その条件で買おう	그 조건으로
0x5D411C	11	FA	1	開いてくれるなんて。	열어주다니。
0x5D4463	11	FB	1	あっはっはっはっはっ！	아하하하하！
0x5D490C	11	FE	1	私は負けないわよ。	나는 지지 않아。
0x5D4F01	11	FD	1	ポイントがもらえるから	포인트를 받을 수 있으니까
0x5D522C	11	FA	1	どう思ったのですか？	어찌 봤죠？
0x5D538B	11	FB	1	嫌な予感がする。	불길한 예감
0x5D57B5	11	FA	1	大人しくしててよ。	얌전히 있어
0x5D58BC	11	F809	1	君も大丈夫か？	너도 괜찮아
0x5D5FE1	11	FA	1	向かっているんだろ？	가고있겠지？
0x5D6226	11	FB	1	何か知らないのか？	뭔가 알아？
0x5D6271	11	FA	1	ほんの一握りだよ。	극히 일부다
0x5D660B	11	FB	1	じゃ！さて行こうか！	자！가볼까！
0x5D67DD	11	FA	1	思っているんですか！	생각하세요！
0x5D68D8	11	FA	1	この星で育ったの。	여기서 컸어
0x5D6D3C	11	FA	1	一切言わないよ。	절대 말안해
0x5D7639	11	FE	1	面白そうじゃない！	재미있어 보이잖아！
0x5D78A6	11	FE	1	それで手を打とう。	그걸로 합의하자。
0x5D88CB	11	FC	1	いごビもいヂブもいＭあ	
0x5D98B7	11	F815	1	ワクチンと交換する	백신과 교환
0x5DA347	11	F809	1	の列車事故で、	열차사고로、
0x5DAD8C	11	F823	1	あれ、今ので最後	지금걸로 끝
0x5DAF83	11	FB	1	また明日にしよう。	내일 하자。
0x5DB033	11	F815	1	ペラ１、戦闘機３	페라１、전투３
0x5DB040	11	F8F8	1	ペラ２、戦闘機４	페라２、전투４
0x5DB7CB	11	FB	1	確かシカを狩ってい	사슴 사냥을
0x5DB8E4	11	FA	1	とか言ってたもんな。	라고 했었어
0x5DBF4D	11	FB	1	遅くなってしまった。	늦어버렸다。
0x5DC0DF	11	F8F8	1	ライセンスを取りたい	면허 따고파
0x5DC1D9	11	FB	1	確かオオカミと戦っ	늑대랑 싸운
0x5DC75A	11	FA	1	別の星に行こう。	딴 별 가자。
0x5DC7C9	11	F809	1	、一緒に来ない？	、같이 갈래？
0x5DC836	11	FE	1	これ、渡しておくね。	이거、건네줄게。
0x5DC871	11	FB	1	秘伝書じゃない。	비전서 아냐
0x5DCA8F	11	FA	1	シカには違いないんだ	사슴은 맞아
0x5DCBDB	11	FB	1	これを見るでやんす！	이걸 봅죠！
0x5DCC0B	11	FB	1	じゃあ、このシカって、	이 사슴은、
0x5DCDA9	11	F822	1	名前を聞いたら、	이름을 물었더니、
0x5DD6F3	11	FA	1	まっすぐ帰ってきたけ	곧장 돌아와
0x5DD715	11	FA	1	なんか気になるよな。	왠지 걸리네
0x5DDC14	11	F809	1	の介入と言えば、	개입이라면、
0x5DDF6B	11	FB	1	いったいどうして・・・	대체 어째서
0x5DE0F8	11	FA	1	使ってるんだろうね。	쓰고있겠지。
0x5DE210	11	FB	1	質問のある者は？	질문 있나？
0x5DE2F2	11	F86B	1	交代の時間だ。	교대 시간。
0x5DE5DA	11	FA	1	行くのは危険だ。	가는건 위험
0x5DE728	11	FB	1	逃げても無駄よ？	도망쳐도？
0x5DE88C	11	FA	1	逃げられてしまうわ。	도망쳐버려。
0x5DF018	11	F822	1	毒のエキスパートだ。	독의 전문가다。
0x5DF024	11	FB	1	その毒の短剣に、	독 단검에、
0x5DF29E	11	FB	1	マニアもほどほどにな！	적당히 해！
0x5DF488	11	FA	1	やられるわけないだろ。	당할리 없지
0x5DF510	11	F809	1	さんの動きの方が、	씨 움직임이
0x5DF51C	11	FA	1	すごかったじゃないか。	굉장했잖아。
0x5DF667	11	F822	1	ナイフ使いらしいぜ。	나이프를 쓴다더군。
0x5DF872	11	F829	1	まあ、これを聞いてる	이거 듣는건
0x5DF9E0	11	FA	1	提出してください。	제출하세요。
0x5DFC0D	11	FA	1	１年間になります。	１년간이에요
0x5DFCA1	11	FA	1	よかったんでやんすか？	괜찮았습죠？
0x5DFD24	11	F85A	1	（賞金稼ぎとして	（사냥꾼으로
0x5DFDC6	11	FB	1	来てくれたんですね。	와주셨군요。
0x5DFE94	11	FB	1	みんな怖がっちゃって	다들 겁먹고
0x5DFEC9	11	FA	1	そんな事なかったんじ	그런적 없는
0x5DFF35	11	F801	1	しかも、今回はまだ	게다가、이번에는 아직
0x5E02CB	11	FB	1	賞金稼ぎになった	사냥꾼이 된
0x5E031A	11	FA	1	進んできたでやんす。	나아왔습죠。
0x5E0F62	11	FE	1	しばらく、よろしくね。	당분간、잘 부탁해。
0x5E0FE0	11	FB	1	操縦してくれるなっ	조종해주네
0x5E1359	11	F809	1	が絡んでるくらいで、	낀 정도로、
0x5E1365	11	FA	1	断ったりはしないぜ。	거절 안해。
0x5E15E7	11	FA	1	また声をかけてくれ。	또 말걸어줘
0x5E1609	11	FB	1	まあ、気が向いたら	뭐、내키면
0x5E1E37	11	FE	1	じゃあ、あなたたちが、	그럼、당신들이、
0x5E1E98	11	FE	1	まあ、なにはともあれ、	뭐、어찌 됐든、
0x5E20C6	11	FB	1	何が、いいかしらね。	뭐가 좋을까
0x5E2106	11	F805	1	（その日は、楽しく	（그날은、
0x5E23CC	11	FE	1	でも、見るでやんす。	하지만、봅죠。
0x5E2580	11	FA	1	持っていくでやんす！	갖고갑죠！
0x5E2663	11	FA	1	伝えておいてやるよ。	전해두겠다。
0x5E29BB	11	FD	1	訳が判らないんだけ	영문을 모르겠지만
0x5E3113	11	FA	1	かけ離れていたので、	동떨어져서、
0x5E3303	11	F829	1	天敵のいないシカは	천적없는 놈
0x5E330F	11	FA	1	すごい繁殖力なの	번식력 굉장
0x5E3860	11	FB	1	盗賊団でやんす！	도적단입죠！
0x5E3874	11	FB	1	迎え撃つでやんす！	요격합죠！
0x5E3CFC	11	FB	1	話は変わるんですけ	다른 얘긴데
0x5E3E4F	11	F86B	1	出発しましょうか。	출발할까요。
0x5E3F0C	11	FE	1	たくさん訪れるように	많이 찾아오도록
0x5E409F	11	FA	1	腕が立つんですね。	솜씨 좋으셔
0x5E4140	11	FA	1	大変だったんだよ。	힘들었다고。
0x5E4598	11	FD	1	とりあえず信じるよ。	일단 믿을게。
0x5E4AC7	11	F825	1	君は、無事だよ。	넌、무사해。
0x5E4C62	11	F809	1	の家を調べてみれば	집 조사하면
0x5E4E5F	11	FA	1	早いじゃないですか。	빠르잖아요。
0x5E5052	11	FB	1	すぐ、オオカミ狩りに	곧、늑대사냥
0x5E5284	11	FA	1	目撃されているわ。	목격됐어。
0x5E5349	11	F805	1	見つからないわ・・・	못찾겠네
0x5E53B5	11	FB	1	・・・そうしましょう。	그리 하죠。
0x5E563B	11	FA	1	連れて行ってくれ。	데려가줘。
0x5E573A	11	FB	1	まあ、気にしないで。	뭐、신경꺼。
0x56080A	10	FD	1	ペ）こたペ）さみペ）	
0x56120B	10	FF	1	ＯがァＲ衣ラやいＹ	
0x5637B3	10	F840	1	こつあに）ワみァなふ	
0x564368	10	F882	1	ガ物ボゼ１ズノゴ❤	
0x564380	10	F882	1	ェぞェグェリェグェヌ	
0x564398	10	F882	1	ェばェネェぞェグェヌ	
0x56441C	10	F882	1	ェヲェぺェガェぢェァ	
0x564434	10	F882	1	ェニェクェエェシェギ	
0x564440	10	F882	1	ズフグ木０ズぞヅ６	
0x56444C	10	F882	1	ェカェべェゥェネェぱ	
0x56447C	10	F882	1	ェエェダェソィサェク	
0x564494	10	F882	1	ズフグ木０ェぷェゥ	
0x5644B8	10	F882	1	ダァゲグェユェゲェク	
0x5644DC	10	F882	1	ェべェでェダェセィサ	
0x5644E8	10	F882	1	ェジェぢェケェヲェダ	
0x56450C	10	FC	1	ェネェヲェヤェだェダ	
0x564554	10	FC	1	ェヤェぺェギィサェヘ	
0x56456C	10	FC	1	ゾュギ」ゥ濃Ｙゥ」	
0x56F8DC	10	FC	1	２ぬえいくあさいあい	
0x56FB9C	10	FF	1	情報はありません	정보는 없습니다
0x56FC08	10	FF	1	クリスタルの惑星	크리스탈의 행성
0x56FC1C	10	FA	1	この星はクリスタル	별은 수정
0x56FC74	10	FF	1	犯罪者惑星	범죄자 행성
0x56FD24	10	FA	1	外に出られない。	못나간다。
0x56FD54	10	FA	1	住民が働かずに	일 안해도
0x56FD5F	10	FA	1	暮らせる星として	사는 별로
0x56FD74	10	FF	1	ジャングルの惑星	정글의 행성
0x56FE6B	10	FA	1	現在、連邦の	지금 연방
0x56FEB2	10	FA	1	先住民の間で	과 원주민
0x56FEBD	10	FA	1	争いが絶えない。	분쟁 계속。
0x56FF2A	10	FA	1	砂で覆われている	모래덮였다
0x56FF44	10	FA	1	インダスト人がオア	인더스트인
0x56FF4F	10	FA	1	シスに暮らしている	거기 산다
0x56FFE7	10	FA	1	この星に集まる。	에 모인다。
0x57041C	10	FF	1	ＨＰを回復します	ＨＰ를 회복합니다
0x57044C	10	FF	1	レーザーより強力	레이저보다 강력
0x570464	10	FF	1	在庫がありません	재고가 없습니다
0x570470	10	FF	1	お金が足りません	돈이 부족합니다
0x57079D	10	F85A	1	ここでは売れません	안팔려요
0x570C06	10	FC	1	みいヤぴへいミむまい	
0x570C24	10	FC	1	ヂマみいぜげへいダあ	
0x570DC6	10	F876	1	へいバゅへいみげほい	
0x571964	10	FC	1	！１はいた３はいＤあ	
0x5719D0	10	FC	1	ヤるへい！１はい６あ	
0x571A18	10	FA	1	ワれへい尅さい）い	
0x571BFE	10	FC	1	さいゲろへいふれへい	
0x571CCE	10	FA	1	さいぱゃへい２ろへい	
0x571D2C	10	FC	1	搭さいみ３はいあい	
0x571E2A	10	FC	1	さいっをへいヤるへい	
0x572088	10	FC	1	搭さいた３はいＢあ	
0x572098	10	FC	1	２ろへい２ぃへいＤあ	
0x5720A8	10	FC	1	搭さいぱろへいＢあ	
0x572178	10	FE	1	搭さい６１はいよあ	
0x572188	10	FE	1	２ろへいヂわへいＤあ	
0x572264	10	F800	1	シぁへいＹぃへい６あ	
0x57230C	10	FC	1	搭さいみ３はいダあ	
0x5723A0	10	FE	1	ワれへいっをへい９あ	
0x572428	10	FC	1	フれへいＹぅへいＦあ	
0x572518	10	FC	1	搭さいた３はいダあ	
0x572828	10	FA	1	やんへい！１はいあい	
0x5729D4	10	FE	1	ふわへい濱へい９あ	
0x572A1C	10	FE	1	わをへい尅さい（い	
0x572C3C	10	FC	1	しっへいふぇへいあい	
0x573074	10	FE	1	！１はいみ３はいよあ	
0x5732F0	10	FC	1	搭さいワれへい６あ	
0x573308	10	FC	1	！１はい尅さい（い	
0x573354	10	FC	1	！１はい搭さいダあ	
0x573370	10	FC	1	！１はい尅さいいい	
0x573438	10	FC	1	搭さい潯へい８あ	
0x5735E8	10	FC	1	搭さいヂぅへい６あ	
0x573720	10	FC	1	搭さいフゃへいＩあ	
0x573730	10	FC	1	尅さいトろへいＢあ	
0x5738C8	10	FC	1	搭さいトるへいＡあ	
0x5739CC	10	FC	1	ごぅへいＱわへい９あ	
0x573AB8	10	FE	1	えんへいフっへいあい	
0x573B64	10	FC	1	搭さい尅さいそい	
0x573B70	10	FC	1	えぅへいっぅへい６あ	
0x573DB8	10	F801	1	搭さいＡっへいＡあ	
0x573E20	10	F801	1	搭さいＩぃへい８あ	
0x573E5C	10	F801	1	ぱぇへい！１はいＢあ	
0x573F54	10	FC	1	トっへいとっへいダあ	
0x573FD8	10	FD	1	搭さいふろへい９あ	
0x574060	10	F801	1	尅さい澤へいあい	
0x5740CC	10	F801	1	搭さいしぁへいＡあ	
0x574270	10	FC	1	」れへいトれへいあい	
0x574448	10	FC	1	Ｙるへいえぃへい８あ	
0x5744C4	10	FD	1	ＱぉへいわゃへいＢあ	
0x5745E0	10	FC	1	シわへいふぁへいあい	
0x57572C	10	FA	1	必要なことだな。	필요한 일。
0x575737	10	FB	1	「愛をつらぬく」？	「사랑관철」
0x575F28	9	F822	1	必殺技です！	필살기입니다！
0x575F85	10	F809	1	が必要なのです！	가 필요해！
0x576127	10	F822	1	いああ～、愛だぁ？	
0x576142	10	FA	1	聞きやがるんだよ。	캐묻잖아。
0x576239	10	FE	1	すべての栄光は、	모든 영광은、
0x576284	10	FE	1	ああ、これ以上に	아아、이 이상으로
0x576821	10	FB	1	その気だったのに。	그럴 맘이
0x576B1A	10	FE	1	壊すのはいいけど、	부수는 건 좋은데、
0x576C65	10	FE	1	それを捨てられれば	그것을 버릴 수 있다면
0x576D18	10	F809	1	はここにはいないな。	여긴 없군。
0x577428	10	FE	1	あとはコーヒーだな。	나머지는 커피군。
0x577EBD	10	F809	1	君、失礼だぞ。	너、무례해。
0x5784DD	10	F800	1	お約束の物を。	약속한 물건을。
0x5790EB	10	F8F8	1	説明はいらない。	설명 됐다。
0x5791B2	10	F809	1	、ナイス判断だ！	、잘했다！
0x579773	10	FA	1	いけないみたいだな。	해야겠군。
0x5797C1	10	F809	1	の威信にかけて、	위신 걸고、
0x5797D5	10	F809	1	には入れさせるな！	못들이게！
0x5798F7	10	FA	1	突進してくるぞ！	돌진해와！
0x579C34	10	F8F8	1	もっと別なのがいい	딴게 좋아
0x57A192	10	FE	1	まあ、なけりゃないで	뭐、없으면 없는 대로
0x57A1D3	10	FA	1	大事なことです。	중요한 일。
0x57A2F2	10	F809	1	という手段でだ！	수단으로！
0x57A317	10	FA	1	続けていただろう。	계속했지。
0x57A7B2	10	FA	1	なにか、変かしら。	뭔가 이상。
0x57A850	10	FA	1	質問だったよね？	질문이지？
0x57B429	10	F809	1	の友好関係を	우호관계를
0x57B494	10	F809	1	が担当することと	담당하는것
0x57B783	10	FA	1	お礼をしないとな！	사례해야！
0x57C06A	10	FA	1	捕まってしまうな。	잡혀버려。
0x57C0A1	10	FD	1	全速前進だ！	전속 전진이다！
0x57C231	10	FA	1	ならないでやんすよ。	안됩죠。
0x57CE52	10	FA	1	反応があったぞ。	반응 있다。
0x57D4DC	10	FA	1	この場所だけだ。	여기뿐이야
0x57D501	10	FA	1	便利なんだよな。	편리하지。
0x57E465	10	FA	1	作った料理な。	만든 요리。
0x57ED84	10	FB	1	５００ペラでいいぞ。	５００페라로。
0x57EDF0	10	F8F8	1	２５０ペラでどうだ？	２５０페라는？
0x57F1A4	10	FE	1	でも、安心して。	하지만、안심해。
0x57F510	10	F809	1	じゃないでやんすか。	아니잖죠。
0x57F686	10	FE	1	・・・いろいろとな。	・・・이것저것 말이다。
0x57FDC5	10	FA	1	どこまで知ってる？	어디까지？
0x57FF48	10	FA	1	最強の戦力。	최강 전력。
0x580A6A	10	FB	1	さあ、オレに続け！	자、따라와！
0x580D47	10	FE	1	別に構わないが。	딱히 상관없지만。
0x580EF8	10	F809	1	の美しい自然を	고운 자연
0x5810F8	10	F809	1	、調子はどうだ？	、좀 어때？
0x58111B	10	FE	1	オレ様の名前は	이 몸의 이름은
0x5811ED	10	FA	1	天才パイロットの	천재조종사
0x5819F5	10	FE	1	この身体、私と	이 몸、나와
0x581A7C	10	FB	1	おかしな人みたいに	이상한 놈
0x581ADC	10	FB	1	そろそろ交代ね。	슬슬 교대。
0x581D45	10	FE	1	でも、これがあたしの	하지만、이게 나의
0x581FDD	10	F809	1	グループが関わって	그룹 관여
0x582147	10	F809	1	の腰ぎんちゃくめ！	앞잡이놈！
0x5821AD	10	FB	1	こっちです、こっち！	이쪽、이쪽！
0x582301	10	FA	1	から、ご安心を。	니、안심을。
0x5824AE	10	F8F8	1	町をぶらぶらする。	마을 산책。
0x5824BA	10	F8F8	1	森を探検する。	숲 탐험。
0x5839A0	10	FA	1	していたんでやんす？	했었습죠？
0x5839E4	10	FD	1	仲間の一人を	동료 한 명을
0x5839F8	10	F809	1	に見立てて・・・	에 빗대어
0x583A58	10	F809	1	をさらってきて・・・	를 납치해
0x583AA3	10	FA	1	行事があったな。	행사있었군
0x583B42	10	FE	1	たとえ、それが・・・	설령、그것이・・・
0x584052	10	F809	1	へ出発してくれ。	로 출발해。
0x58410B	10	F809	1	を守った英雄の	지킨 영웅
0x5847D0	10	F815	1	じゃあ、頼もうか？	그럼、부탁？
0x584C19	10	FD	1	こんなところに・・・	이런 곳에・・・
0x584D2B	10	FB	1	なによ、偉そうに。	잘난척은。
0x585058	10	FB	1	死ねぇ、キャプテン	죽어、캡틴
0x585747	10	F809	1	に笑われますよね。	비웃겠죠。
0x586021	10	FB	1	無駄な連射は	헛된 연사
0x5860E9	10	FA	1	特に有効だな。	특히 유효。
0x586651	10	F809	1	の通信相手を	통신상대를
0x5867E1	10	FA	1	現役なのか・・・	현역인가
0x586A77	10	FB	1	仲間には毎日	동료 매일
0x586A89	10	F809	1	が支払われます。	가 지급돼。
0x586A94	10	FB	1	お金のないときに、	돈 없을때、
0x587470	10	FA	1	楽しいじゃねえか。	재밌잖아。
0x587610	10	FA	1	しゃべらないらしい。	말안한대。
0x58782F	10	F809	1	は、なんでもかんでも	는、뭐든지
0x58794D	10	FA	1	安全な星なの！	안전한 별！
0x5880FB	10	FE	1	これまでのはスペア。	지금까지 것은 예비。
0x5884C4	10	F809	1	であなたの救出を	당신 구출
0x58850D	10	FE	1	まあ、いいでしょう。	뭐、좋겠지요。
0x58967C	10	F809	1	は、よく働くなぁ。	잘 일하네。
0x5896F3	10	F809	1	が女に見えるのは	여자같은건
0x589E2A	10	FA	1	よしとするでやんす。	좋다 합죠。
0x589F85	10	F809	1	方面のようです。	방면인듯。
0x58A25A	10	F809	1	が降服しちゃった	항복했다고
0x58A3E1	10	FA	1	皆殺しでやんす。	몰살입죠。
0x58A5EA	10	F809	1	へワクチンを運んで	백신 옮겨
0x58AEEA	10	F809	1	まじめだったからね。	성실했으니
0x58B0CA	10	F809	1	はびくともしないよ。	끄떡없어。
0x58B0F3	10	FB	1	そうか、なるほどね。	아하、과연。
0x58B4B9	10	F809	1	一派の狙いは、	일파 목적、
0x58B4FE	10	F809	1	グループの動向は	그룹 동향
0x58B5BC	10	F809	1	とのつながりが太く	연줄 굵고
0x58BBEB	10	FA	1	屈辱でやんすね！	굴욕입죠！
0x58BC66	10	FB	1	中から思い切り	속에서 확
0x58BDFD	10	FA	1	よく見てないんだ。	잘 안봤다。
0x58C265	10	FE	1	あなたと勝負よ！	당신과 승부다！
0x58C715	10	FA	1	元に戻ってくれ。	원래대로。
0x58CDE9	10	F809	1	宙域以外でも	구역 밖도
0x58CE61	10	F809	1	の軍艦によって、	의 군함에、
0x58D735	10	FB	1	その、しばらく後に	그、좀 후에
0x58D81D	10	FA	1	ものになったのです。	것이 됐다。
0x58DBDA	10	F809	1	と呼んでおるのだ。	라 부른다。
0x58E091	10	FD	1	どこに行ったんだ。	어디로 간 거냐。
0x58E120	10	FB	1	雪の下から・・・	눈 아래서
0x58EEC6	10	FA	1	もらっていないのか？	못배웠나？
0x58F606	10	FA	1	進むんじゃねえよ。	가지마라。
0x58FAB2	10	FA	1	進んではいません。	안나가요。
0x58FC19	10	F809	1	を阻止する・・・	를 저지해
0x58FC9F	10	FB	1	はたして、そうかな。	그럴까。
0x58FF64	10	F809	1	もあったほうが・・・	도 있는게
0x5900BE	10	FE	1	た、助けてくれたら	사、살려 주면
0x59054A	10	F809	1	から来たんですよ。	서 왔어요。
0x590695	10	FA	1	もっと得をしたな。	더 벌었군。
0x5906AB	10	F809	1	グループに勤めてる	그룹 근무
0x59093B	10	FA	1	すぐにケンカもする。	곧 싸운다。
0x5909FD	10	FA	1	タイプじゃないのさ。	타입 아냐。
0x590D35	10	FA	1	パスワードでしょー！	암호겠지！
0x590DC4	10	F809	1	に潜り込んだけど	잠입했는데
0x590DD9	10	F809	1	とドンパチできるほど	싸울만큼
0x590E68	10	F809	1	の自爆コード？！	자폭코드？
0x590F28	10	FB	1	景気はどうだい？	경기 어때？
0x59109B	10	F815	1	その条件でＯＫ！	그 조건 ＯＫ
0x591E3C	10	FB	1	何か知らないか？	뭔가 알아？
0x591E7E	10	FA	1	わけじゃないんだよ。	건 아니야。
0x591ED7	10	FD	1	また、お前達か！	또、너희들이냐！
0x59203E	10	FB	1	タダでもらおうなんて	공짜라니
0x5921F1	10	FA	1	言わせるでやんす！	말시킵죠！
0x592C82	10	FA	1	効いたんやろなぁ。	먹혔겠지。
0x592CBC	10	FA	1	奥地に逃げる。	오지 도망。
0x593423	10	FD	1	すごい達人だな。	굉장한 달인이군。
0x5934BC	10	FD	1	うん、よくわかった。	응、잘 알았어。
0x59395C	10	FA	1	誓っていたのです。	맹세했었죠
0x593D8E	10	FE	1	ですから、先輩が	그러니까、선배가
0x5940E0	10	FB	1	おい、そこのお前！	야、거기 너
0x5943DA	10	F809	1	を殺したとなると、	죽였다면、
0x5947A5	10	F809	1	から逃げ出せない	못도망쳐
0x594F8E	10	FA	1	ことができたらしい。	할수있었대
0x5952D2	10	F809	1	に与えていますの。	주고있죠。
0x595391	10	FA	1	ないのがミソだよな。	없는게핵심
0x59551F	10	FB	1	野球人形だ。	야구인형。
0x59559F	10	FA	1	すごくカッコいいよ。	엄청 멋져。
0x59562F	10	F809	1	になるべくたくさんの	많이많이
0x595706	10	F825	1	君のお父さんは、	네 아버지、
0x5959BB	10	F8F8	1	強行突破だ！	강행돌파！
0x595B6F	10	FD	1	どうせ、お前たちは	어차피、너희들은
0x5964A7	10	FB	1	（なんだこいつは！）	（뭐야이놈）
0x596B27	10	FA	1	本当に言うのは	진짜 말은
0x5978EE	10	F809	1	から預かっていた。	맡고있었다
0x597CEE	10	F808	1	宇宙生命体	우주생명체
0x598108	10	FA	1	どうお考えですか？	어찌 보죠？
0x598172	10	FA	1	どう思われますか？	어찌 생각？
0x5981F6	10	FD	1	あの・・・なにコレ？	저기・・・이게 뭐야？
0x5988F5	10	FD	1	・・・いや、そりゃあ	・・・아니、그거야
0x598A1F	10	FB	1	やっぱそうなったか。	그리 됐나。
0x598BCC	10	FA	1	これでお別れだね。	이제 작별。
0x598BEE	10	F809	1	とあの世で２人、	저승서 둘、
0x598BF9	10	FA	1	また暴れてくるわ。	또 날뛴다。
0x598CFE	10	F837	1	どういうことなんだ。	어떻게 된 거냐。
0x598E58	10	FA	1	宙域でやんすよ？	구역입죠？
0x598F4A	10	FB	1	あいつら逃げます！	놈들 도망！
0x59957F	10	F809	1	だったんでやんすね。	였었습죠。
0x599A25	10	F809	1	は宇宙都市、	우주도시、
0x59A06E	10	F809	1	の自爆コードが！	자폭코드！
0x59A27C	10	F809	1	の生物兵器の	생물병기의
0x59A44A	10	FA	1	・・・って理論は	란 이론은
0x59A5E4	10	FA	1	もらったんだが・・・	받았는데
0x59A7A6	10	FE	1	じゃあ、がんばれよ！	그럼、힘내라！
0x59AF3C	10	F804	1	ほら、外に出ると	자、나가면
0x59AF47	10	FA	1	気が晴れるだろ？	기분 풀려？
0x59AF91	10	F809	1	の兵士でやんす！	병사입죠！
0x59B139	10	FA	1	この男のようです。	이 남자다。
0x59BA16	10	FB	1	こんな所にいたか。	여기 있군。
0x59BAB5	10	F809	1	を設立するとか。	설립한대。
0x59BBFA	10	F809	1	が道を誤ったのは	잘못든것은
0x59BE3E	10	F809	1	の言いなりなんだ。	시키는대로
0x59C914	10	FA	1	行くんでやんすか？	가는겁죠？
0x59CD22	10	FA	1	大きいでやんすね。	꽤 큽죠。
0x59CE31	10	F809	1	は進んでるからな。	앞서있으니
0x59CF2B	10	FA	1	エージェントですか？	요원이죠？
0x59CF44	10	FB	1	私は情報部の	전 정보부
0x59D19E	10	FA	1	あるかもしれないし。	있을지도。
0x59D339	10	F809	1	の愛情表現は	애정표현은
0x59D38F	10	FE	1	昔はそういうものも	옛날에는 그런 것도
0x59D684	10	F809	1	よく生きていたな。	잘 살았군。
0x59D703	10	F809	1	というテロリストだ。	란 테러범。
0x59D747	10	F809	1	もそいつの討伐を	그놈 토벌
0x59D861	10	FB	1	オマエタチハ黙ッテ	너흰 닥쳐
0x59DA66	10	FB	1	正義の味方、	정의의 편、
0x59DA81	10	FA	1	やっつけてあげるわ！	혼내주지！
0x59DAA1	10	FB	1	全員ヤッツケタラ	모두 처치
0x59DE48	10	FA	1	思われますからな。	여겨지니까
0x59E005	10	FB	1	現実感がない！	실감 안나！
0x59E33E	10	F809	1	とお呼びください。	라 불러줘。
0x59E8C3	10	FB	1	それじゃあ、またね！	그럼 또 봐
0x59EA34	10	FA	1	勘違いしてない？	착각 아냐？
0x59ED37	10	FA	1	聞いてもいいかい？	물어봐도？
0x59EE48	10	F8F8	1	いや、やっぱりいい。	아니、됐다。
0x59F37A	10	FB	1	また会いましたね。	또 만났네。
0x59F678	10	F809	1	たちが、なんのために	뭘 위해서
0x59FB36	10	FA	1	即座にワクチンは	즉각 백신
0x59FB80	10	F809	1	の責任でやんす。	의 책임죠。
0x59FD25	10	FA	1	ようなことになれば、	그리 되면、
0x59FD5E	10	FB	1	調査の結果、	조사 결과、
0x5A05A6	10	F809	1	、ウソ言わないよ。	、안속인다。
0x5A0C9C	10	FA	1	ないかと思うんだ。	없을까싶다
0x5A13A1	10	FD	1	もしもし、船長？	여보세요、선장？
0x5A1CC7	10	FA	1	ものかもしれないな。	것일지도。
0x5A1DF5	10	FB	1	今なんて言った？	방금 뭐래？
0x5A2029	10	FE	1	とっととこの船から	얼른 이 배에서
0x5A208F	10	F808	1	スペースコックローチ	우주바퀴
0x5A22EA	10	F809	1	と会ったんでしょ？	와 만났지？
0x5A23B9	10	F800	1	寄生してるだけ。	기생하고 있을 뿐。
0x5A2C8B	10	FA	1	編集したんだな。	편집했군。
0x5A30D6	10	FA	1	実力行使だ！	실력행사！
0x5A3224	10	F809	1	という名前です。	란 이름。
0x5A33A9	10	FA	1	なっていないんだね。	안돼있군。
0x5A33E2	10	F809	1	からの人は、すぐに	서 온 사람
0x5A3479	10	FA	1	どうもおかしいんだ。	왠지 이상。
0x5A3484	10	FB	1	見てもらえるかな？	좀 봐줄래？
0x5A3795	10	FA	1	直しちゃうんです。	고쳐버리죠
0x5A3B30	10	F809	1	の役に立つことで	도움 되어
0x5A3CAB	10	FA	1	カッコをつけようと、	폼 잡으려
0x5A3E20	10	FA	1	じゃないでやんすか！	아니잖죠！
0x5A45A9	10	FE	1	いいだろう、この命	좋다、이 목숨
0x5A45B4	10	FE	1	お前にあずけよう。	너에게 맡기마。
0x5A4929	10	F809	1	の件であるが・・・	의 건인데
0x5A4B09	10	F809	1	の悲劇のように！	의 비극！
0x5A4EE0	10	F85A	1	（敵が多いので、	（적이 많아
0x5A5090	10	F809	1	同士の対立も	간 대립도
0x5A5325	10	FA	1	なんか面倒ごと？	귀찮은 일？
0x5A535E	10	FD	1	それは、おめでとう。	그건、축하해。
0x5A552F	10	F809	1	、クレジットカードを	、신용카드
0x5A554C	10	FD	1	無用心だなぁ。	부주의하구나。
0x5A55BA	10	FA	1	帰ってくるだろう。	돌아오겠지
0x5A57EE	10	FB	1	そんなわけないけど。	그럴린없지
0x5A5E5F	10	FA	1	敵がやってきます！	적이 와요！
0x5A6227	10	FA	1	武装してるんだ？	무장했나？
0x5A6A99	10	FA	1	目指すのでカニ。	목표로 해。
0x5A6ADB	10	FA	1	なかったからですが。	없었으니까
0x5A6D67	10	F809	1	の社会保障は	사회보장은
0x5A726F	10	FA	1	しまってるんだよな。	닫혀있다고
0x5A72CD	10	FE	1	おまけに、その後も	게다가、그 후에도
0x5A74EE	10	FA	1	残ってるんですよ。	남아있죠。
0x5A7545	10	F809	1	の人たちのことは？	사람들은？
0x5A75CE	10	F809	1	に逆らう連中が	맞서는 놈
0x5A79AD	10	F809	1	と交渉するとして	교섭한다면
0x5A79F7	10	FB	1	お久しぶりですわ。	오랜만이네
0x5A7D9A	10	F809	1	の映画監督は	영화감독은
0x5A7E19	10	FB	1	お受けしましょう。	받아들이죠
0x5A7E7E	10	FA	1	渡してしまうのか？	넘길건가？
0x5A8032	10	FB	1	それだけあれば・・・	그만큼이면
0x5A8337	10	FE	1	で、出たでやんす！	나、나왔습죠！
0x5A841E	10	FE	1	・・・ただ、ちょっと	・・・다만、조금
0x5A8549	10	FA	1	いただけるんですか？	주시나요？
0x5A8635	10	F825	1	とお呼びした方が	라 부르는
0x5A8743	10	FA	1	おぼれかけましたよ。	빠질뻔했죠
0x5A879B	10	FA	1	あなたはおとりです。	넌 미끼야。
0x5A8DC4	10	F809	1	大臣どちらへ？！	장관 어디？
0x5A8EFC	10	F809	1	の大臣だったな。	장관이었군
0x5A915F	10	FA	1	言ってるでやんす！	말합죠！
0x5A921D	10	FB	1	こうしなければ、この	이래야만
0x5A945A	10	FA	1	バカじゃないんでね。	바보 아냐。
0x5A9A53	10	F809	1	は、逃げ出したり	도망치거나
0x5A9DE6	10	FA	1	成り立たないぞ。	성립안돼。
0x5AA0EB	10	FA	1	違うルールなんだ。	딴 룰이야。
0x5AA4FB	10	FA	1	傭兵のルールだ。	용병의 룰。
0x5AA538	10	FA	1	いいんでやんすか～？	괜찮죠～？
0x5AAC39	10	FA	1	お互いのためです。	서로 위해。
0x5AB069	10	FA	1	協力してるんだ！	협력중이야
0x5AB097	10	FA	1	統治してるのよ？	통치중이야
0x5AB647	10	F809	1	にくみする以上、	편든 이상、
0x5AB78E	10	FB	1	どうしてくれるんだ！	어쩔거야！
0x5AB887	10	FB	1	それじゃ、またね～❤	그럼、또～❤
0x5AB8E2	10	FA	1	活動している。）	활동중。）
0x5ABC47	10	F809	1	の目も届かない。	눈도안닿아
0x5ABF5D	10	FA	1	宇宙の経済は	우주 경제
0x5AC12E	10	FD	1	その結果は・・・	그 결과는・・・
0x5AC34A	10	F809	1	が破壊された。）	파괴됐다。）
0x5AC550	10	FA	1	ないはずですからな。	없을테니까
0x5AC56F	10	FA	1	来ているでやんす。	와있습죠。
0x5AC957	10	FA	1	欲しいのでやんす。	원합죠。
0x5ACA2F	10	F809	1	も滅びると知れ！	도 망한다！
0x5ACD85	10	FA	1	あたしも呼んでね。	나도 불러。
0x5ACE81	10	FA	1	敵を撃墜すると	적 격추시
0x5ACF4F	10	FE	1	しかし、どこの星も	하지만、어느 별이나
0x5AD136	10	F809	1	の宇宙船だよ。	우주선이야
0x5AD584	10	FB	1	貴様がキャプテン	네가 캡틴
0x5ADCC0	10	FA	1	小さなものですね。	작은 거죠。
0x5ADE54	10	FD	1	ああ・・・そうそう、	아아・・・참참、
0x5AE46D	10	FD	1	すごい能力だな。	굉장한 능력이군。
0x5AE657	10	FA	1	積んであるんだぞ。	실려있다고
0x5AEA9B	10	FA	1	自爆させなさい。	자폭시켜。
0x5AEAC4	10	F809	1	へ逃げ込みます。	로 도망쳐。
0x5AEB19	10	FA	1	振り込みました。	입금했어요
0x5AEDD0	10	FA	1	いたようですが・・・	있던듯한데
0x5AEF60	10	FD	1	そりゃあ、もちろん！	그야、물론！
0x5AF003	10	F809	1	派だからでしょう。	파라서겠지
0x5AF027	10	FD	1	あなたのお父さんが	당신의 아버지가
0x5AF103	10	FA	1	いただけそうですわ。	받을듯하네
0x5AFB1A	10	FD	1	悲惨な事故が	비참한 사고가
0x5AFCCE	10	FA	1	たぶんヒマなんだよ。	한가한거지
0x5B0165	10	F809	1	の封鎖を破って	봉쇄 뚫고
0x5B057F	10	FA	1	声をかけているが、	말걸었지만
0x5B0803	10	FA	1	君に感謝する。	네게 감사。
0x5B0B64	10	FA	1	やりがいがあるなぁ。	보람 있네。
0x5B0CC2	10	FE	1	まあ、これから行く	뭐、이제부터 갈
0x5B1361	10	FE	1	なんですか、これは。	뭡니까、이건。
0x5B1632	10	FA	1	投げ込んでくれ。	던져넣어줘
0x5B2152	10	FA	1	おもしろいんだけど。	재밌는데。
0x5B217B	10	FA	1	ご飯食べよっか？	밥 먹을까？
0x5B262A	10	FA	1	気がするけどな。）	느낌인데。）
0x5B2AA6	10	F809	1	なら全部運んで	다 옮겨서
0x5B2E62	10	FA	1	馬鹿げているわ。	바보같아。
0x5B3075	10	F809	1	の宇宙船です！	우주선이죠
0x5B319C	10	FB	1	あんたら、キャプテン	너희、캡틴
0x5B350B	10	F809	1	製の特注船。	제 특주선。
0x5B39CF	10	F809	1	に敵対するのか？	에 맞서나？
0x5B3C84	10	FA	1	すぐに決着がつく	곧 결판나
0x5B3EB2	10	FA	1	なっているのですよ。	돼있는거죠
0x5B4220	10	F809	1	が進んでくる前に	오기 전에
0x5B445C	10	FE	1	ええい、そこをどけ！	에이、거기서 비켜라！
0x5B44B5	10	F809	1	の通信でやんす。	통신입죠。
0x5B44F6	10	F807	1	そっちに向かうぞ。	그쪽으로 향한다。
0x5B4785	10	FA	1	展開してるんだ。	전개중이야
0x5B4823	10	F809	1	の空母でやんす！	항모입죠！
0x5B494A	10	FA	1	この結末ですか。	이런 결말。
0x5B4BC8	10	FE	1	おい、待ってくれ！	이봐、기다려 줘！
0x5B4D4A	10	F809	1	が降服しないので	항복안해서
0x5B5421	10	FA	1	存在しています！	존재해요！
0x5B5674	10	F809	1	を打ち返すという	쳐낸다는
0x5B5732	10	F809	1	の加速に使え！	가속에 써！
0x5B5841	10	F809	1	中央で停止！	중앙 정지！
0x5B58F6	10	F800	1	これが野球なら、	이게 야구라면、
0x5B5901	10	FA	1	ピッチャーライナーで	직선타로
0x5B59EA	10	F809	1	の混乱をついて、	혼란 틈타、
0x5B5AE0	10	FB	1	なにが起こってる？	뭔 일이야？
0x5B5C27	10	FE	1	これはいったい・・・	이건 대체・・・
0x5B5C56	10	F809	1	に歯向かうとは。	맞서다니。
0x5B5C96	10	F809	1	に逆らっているのは	거스르는건
0x5B5D81	10	F800	1	裏切りやがった。	배신했군。
0x5B5E5C	10	FB	1	なにか問題でも？	무슨 문제？
0x5B6216	10	FA	1	阻止すればよい！	막으면 돼！
0x5B6710	10	FD	1	あ、あれは敵です！	아、저건 적입니다！
0x5B6B76	10	FE	1	でも、うれしい・・・	하지만、기뻐・・・
0x5B70FE	10	F8CE	1	むいふＥむいＡおめい	
0x5B7314	10	FC	1	尅さいＱヅむいＹあ	
0x5B748A	10	F89C	1	むいＹ僚いっ２むい	
0x5B796C	10	FE	1	がめい！３むいＹあ	
0x5B7A8E	10	FC	1	さいＩヂむいボツめい	
0x5B7C36	10	FC	1	さいトヅむい２燦い	
0x5B7EC2	10	FC	1	さい詢むいごザむい	
0x5B7F0A	10	F800	1	さいワゾむい紗むい	
0x5B7F6A	10	F800	1	さいボズむいしヅむい	
0x5B7F8E	10	F800	1	さいワゾむいヂブむい	
0x5B7F9B	10	FC	1	いしジむいトヂむい（	
0x5B8366	10	F800	1	さい尅さいＩゾむい	
0x5B85C6	10	FE	1	さい捨むい」ゾむい	
0x5B8916	10	FC	1	さい❤ジむいとドむい	
0x5B8EF4	10	FC	1	ワれへい尅さいｲ	
0x5B9120	10	FC	1	ボベむいＡビむいダあ	
0x5B9540	10	F800	1	搭さいボゼむいあい	
0x5B9788	10	F800	1	尅さいわザむいＵあ	
0x5BAE83	10	F815	1	惑星ウインダスト	윈다스트별
0x5BB228	10	FE	1	じゃあ、いきますよ！	그럼、갑니다！
0x5BB3AB	10	F815	1	オニザメがいるその１	식인상어 １
0x5BB3B7	10	F8F8	1	オニザメがいるその２	식인상어 ２
0x5BB9DC	10	F8F8	1	なにも見つからない	못찾겠다
0x5BBF62	10	F8F8	1	海賊に襲われる	해적 습격
0x5BC02F	10	FB	1	じゃあ、帰ろうか。	그럼、갈까。
0x5BC280	10	F8F8	1	遺跡一回目	유적 １회차
0x5BC924	10	FA	1	逃げるでやんすよ！	도망칩죠！
0x5BC9A9	10	FA	1	逃げるでやんすよ。	도망칩죠。
0x5BCA57	10	F815	1	遺跡二個目	유적 ２개째
0x5BCA63	10	F8F8	1	遺跡三個目	유적 ３개째
0x5BCA6F	10	F8F8	1	遺跡四個目	유적 ４개째
0x5BCA7B	10	F8F8	1	遺跡五個目	유적 ５개째
0x5BCA87	10	F8F8	1	遺跡六個目	유적 ６개째
0x5BCC44	10	FA	1	贈呈しましょう。	드리지요。
0x5BD08D	10	FD	1	よし！頑張るぞ！	좋아！힘내겠어！
0x5BD754	10	FB	1	乗り遅れてます！	못탔어요！
0x5BE283	10	F8F8	1	パーティにアルベルト	알베르트가
0x5BE29A	10	F8F8	1	パーティにエドアルト	에드아르트
0x5BE403	10	F801	1	ここを通る時は、	여기를 지날 때는、
0x5BE8E3	10	F825	1	君、どのポイントを	어느 지점
0x5BECBE	10	FD	1	そんな事より、あの	그보다、저
0x5BF170	10	FB	1	仕方がないんだ。	어쩔수없어
0x5BF534	10	FA	1	かもしれないもんな。	일지도。
0x5BFDC9	10	FE	1	せっかく来たのに、	모처럼 왔는데、
0x5C0015	10	F809	1	の部下の船か。	부하 배군。
0x5C08A8	10	FB	1	さすがにあの数は、	역시 저 수
0x5C2594	10	FE	1	これが最後だぞ。	이게 마지막이다。
0x5C2610	10	FB	1	俺はそう思うぞ。	난 그리 봐
0x5C3B6E	10	FA	1	宿ったでやんすよ。	깃들었죠。
0x5C3C49	10	FB	1	私がカッコイイと！	내가 멋져！
0x5C42F5	10	F809	1	を上げてください。	올려주세요
0x5C4975	10	FA	1	決まってるじゃん！	당연하잖아
0x5C4A1E	10	F809	1	を獲得しました。	획득했어요
0x5C5676	10	F809	1	が０の貴方には、	０인 당신은
0x5C5A67	10	FB	1	本当にいいのか？	정말 되나？
0x5C5F37	10	FA	1	答えたわけですね。	답한거군요
0x5C637E	10	FB	1	そんな偽善的な	그런 위선
0x5C73A0	10	FA	1	夢を見たいなあ。	꿈꾸고싶다
0x5C787D	10	FA	1	知らないでやんす。	모릅죠。
0x5C79D5	10	FA	1	気がするんだけど。	느낌인데。
0x5C7F61	10	FB	1	危ないでやんすよ。	위험합죠。
0x5C7FDC	10	FA	1	場所でやんすね。	장소입죠。
0x5C83F7	10	FA	1	必要になります。	필요해져요
0x5C89E0	10	FE	1	これからは全員、	앞으로는 전원、
0x5C8B5F	10	FB	1	答えてあげるわよ。	답해줄게。
0x5C8DB4	10	FA	1	入れていたのか？）	넣었었나？）
0x5C8E64	10	FA	1	しまったでやんすよ！	큰일났죠！
0x5C9A41	10	FA	1	って感じでやんす。	느낌입죠。
0x5CA212	10	F815	1	それじゃあダメなんだ	그럼 안돼
0x5CA3DB	10	FA	1	探検してくるよ。	탐험하고와
0x5CA572	10	FA	1	求めてはいません。	안바라요。
0x5CA6DD	10	FE	1	それではいきますよ！	그럼 갑니다！
0x5CA7C1	10	FB	1	どこに行ったんだ？	어디 갔지？
0x5CAE1E	10	FE	1	それだけで十分。	그것만으로 충분。
0x5CAFA8	10	FA	1	おかしくないだろう。	안이상하지
0x5CB7B7	10	FA	1	倒す事ができる。	이길수있다
0x5CB85B	10	FD	1	じゃあ、頼んだよ。	그럼、부탁할게。
0x5CBF19	10	FA	1	気はうせるでんす。	맥빠집죠。
0x5CC3DD	10	FB	1	大きなクリスタルは	큰 수정은
0x5CC692	10	FA	1	望んでいたんだよ！	바랐었다고
0x5CC7D1	10	FB	1	親分と同じで！	두목처럼！
0x5CC801	10	FE	1	全員に告ぐよ！	전원에게 알린다！
0x5CCC45	10	F809	1	君を見ていると、	널 보면、
0x5CCCA4	10	FA	1	ないと、お宝なんて	없인 보물
0x5CCDEB	10	F809	1	君、気をつけろ！	자네、조심！
0x5CCDF6	10	FB	1	そいつらはサソリだ！	저건 전갈！
0x5CCE01	10	FB	1	しかも大量の！！	게다 대량！
0x5CD0C9	10	F825	1	に会いにきました。	만나러왔죠
0x5CD520	10	FA	1	できないじゃないか！	못하잖아！
0x5CD93B	10	FA	1	抜群にうまいぞ！	엄청 맛나！
0x5CE058	10	FB	1	今回は貴方に	이번엔
0x5CE11F	10	FA	1	結構しんどいな。	꽤 힘들군。
0x5CE27A	10	FA	1	撤退しただけよ。	철수했을뿐
0x5CE435	10	FA	1	俺に教えただろ？	내게말했지
0x5CE5B9	10	FA	1	おかしくないんだよ。	안이상해。
0x5CE609	10	FA	1	しているでやんすか？	하고있죠？
0x5CEB4C	10	FB	1	何か食べようか？	뭐 먹을까？
0x5CEB6A	10	F809	1	に来ているでやんす	에 왔으니
0x5CEBA2	10	FD	1	でも、この星でしか	하지만、이 별에서만
0x5CED53	10	FA	1	魚の獲るのです。	고기 잡죠。
0x5CF41A	10	FA	1	良かったでやんす。	다행입죠。
0x5CFB5D	10	F809	1	さんが言っていた、	씨가 말한、
0x5D04ED	10	FE	1	なんでやんすかコレ？	뭡죠 이건？
0x5D09B2	10	F800	1	包帯だからさ～！	붕대니까아～！
0x5D0A38	10	F807	1	（シュウウウウウウ）	（쉬이이이이이이）
0x5D0DEF	10	FB	1	確かにあんな事は	저런 일은
0x5D0E9C	10	FA	1	聞こえたのですが。	들렸는데요
0x5D15B2	10	F809	1	にバレるかわからない	들킬지몰라
0x5D2C38	10	FB	1	あれはこっちをワナに	저건 덫에
0x5D2DE8	10	FA	1	きているでやんすよ！	오고있죠！
0x5D2FE0	10	F825	1	。先に行ってて。	。먼저 가。
0x5D30C7	10	FB	1	じゃあ、こんな所で	이런곳에서
0x5D352C	10	F809	1	が現れるって話。	나타난대。
0x5D37E9	10	FE	1	頑張ってるね～。	열심히 하고 있네에～。
0x5D3931	10	FA	1	怪しいじゃないか。	수상하잖아
0x5D3B68	10	FE	1	別惑星の方。	다른 행성 분。
0x5D3EC2	10	FA	1	あたしが許さない！	난 안봐줘！
0x5D3F34	10	FB	1	叩き斬ってやる！	베어주지！
0x5D4021	10	F809	1	からもらった紙には	받은 종이
0x5D4343	10	FB	1	そこまで言うなら、	그렇다면、
0x5D440F	10	FB	1	名は体を表す！	이름값이다
0x5D4774	10	FA	1	私にはわからない。	난 몰라。
0x5D496F	10	FB	1	また会いましょう。	또 만나요。
0x5D4A36	10	F809	1	をオモチャ扱いして	장난감취급
0x5D4B04	10	FB	1	ねえ、それってさあ、	저기、그거、
0x5D4B0F	10	FA	1	あたしももらえるの？	나도 받나？
0x5D4B88	10	FA	1	参加できますよ。	참가돼요。
0x5D4CC0	10	F809	1	ちゃん振りかぶって	휘둘러서
0x5D4E04	10	FE	1	なんかしらないけど、	뭔지 모르겠지만、
0x5D4F0D	10	FA	1	別にいいですけど、	뭐 괜찮아、
0x5D5B6E	10	FA	1	泳がされてたわけ？	놀아난거야
0x5D68FA	10	FA	1	いろいろ聞いてね。	잘 물어봐。
0x5D6B76	10	FA	1	できるけどいいかな？	할순있는데
0x5D74B6	10	FA	1	言いたかったんだ。	말하고팠어
0x5D757D	10	F809	1	を敵に回しても、	적이 돼도、
0x5D76D5	10	FA	1	知ったらどうする？	알면 어째？
0x5D793D	10	FB	1	とりあえず、あたしは	일단、나는
0x5D7D5E	10	FB	1	もいづペもいがすやい	
0x5D7F68	10	F9	1	えパもいぜあさいＴあ	
0x5D7F92	10	F9	1	さいしベもいヂビもい	
0x5D7FC2	10	FC	1	さいシベもいＱボもい	
0x5D81D4	10	FC	1	ヂブもいぜあさいＴあ	
0x5D81E0	10	FC	1	エブもいぜあさいＴあ	
0x5D82A0	10	FC	1	ヂブもいぃあさいせい	
0x5D86F0	10	FC	1	やあさいＱブもいブあ	
0x5D8714	10	FC	1	やあさい」ベもいあい	
0x5D8750	10	FC	1	搭さいトビもいＮあ	
0x5D8BC4	10	FC	1	ぜあさいぜあさいＴあ	
0x5D8C50	10	FC	1	ワれへい」ブもいＯあ	
0x5D8C90	10	FC	1	があさい尅さいいい	
0x5D9A94	10	F822	1	、いつもの行くぜ！	、늘 하던 걸로 간다！
0x5D9F27	10	F822	1	っと思ったが・・・	하고 생각했지만・・・
0x5DA370	10	FB	1	得物は拳銃。	무기 권총。
0x5DBB0B	10	FA	1	募集しています。	모집중이죠
0x5DC23D	10	FA	1	追い払いました。	쫓아냈어요
0x5DC88F	10	F809	1	、言ってなかった？	、말안했나？
0x5DD70A	10	FD	1	やっぱりあの森は、	역시 그 숲은、
0x5DDBDA	10	F809	1	の介入があって、	개입 있고、
0x5DDD2A	10	F809	1	を使った料理が	쓴 요리가
0x5DDE70	10	FB	1	何してるでやんす？	뭐하십죠？
0x5DE190	10	F809	1	農場経由で、	농장 경유、
0x5DE756	10	FA	1	捕まってたまるか！	안잡힌다！
0x5DE853	10	FA	1	あなたも悪いのよ？	너도 나빠。
0x5DECD1	10	F829	1	終わったんですか？	끝났나요？
0x5DED50	10	FB	1	どうでもいいことだ。	상관없다。
0x5DEFC7	10	FB	1	イカれた野郎だ！	미친놈이야
0x5DFB53	10	FA	1	受け取りました。	받았어요。
0x5DFCBE	10	FA	1	損じゃないでやんす	손해아닙죠
0x5E0052	10	FE	1	傷口を調べたら	상처를 살펴봤더니
0x5E005D	10	FE	1	そうじゃないかって。	그런 게 아닐까 하고。
0x5E00DA	10	FA	1	危険はないかな？	위험 없나？
0x5E022F	10	FA	1	信じていましたわ！	믿었어요！
0x5E0411	10	F809	1	さん、そいつ犯罪	씨、그놈 죄
0x5E0AD4	10	FB	1	オオカミ達に罪は	늑대 죄는
0x5E1120	10	FB	1	今の話、やっぱり	지금 얘긴
0x5E1317	10	FA	1	知ってるつもりだ。	안다고 봐。
0x5E13CB	10	FA	1	いろいろあるからな。	여럿있으니
0x5E14FA	10	FB	1	ケガしてしまってな、	다쳐버려서
0x5E1524	10	FA	1	ワクチンを集めてる	백신 모아
0x5E189A	10	F8F8	1	ハルツグと組まない	하르츠구와
0x5E19A3	10	FA	1	理解できないな。	이해안돼。
0x5E1C43	10	F829	1	久しぶりじゃない！	오랜만이네
0x5E1C8F	10	FA	1	私だけじゃないわ。	나뿐 아냐。
0x5E1D9C	10	F809	1	さんと知り合い？	씨랑 알아？
0x5E1DCF	10	FA	1	だいたいわかるわよ？	대충 알아？
0x5E2001	10	FB	1	今は、どうかしら？	이젠 어때？
0x5E2056	10	FA	1	先生ではなくて？	선생 아냐？
0x5E20A4	10	F809	1	の思い出話でも	추억얘기나
0x5E2191	10	FB	1	すごいでやんすねぇ。	굉장합죠。
0x5E2CDC	10	F805	1	予想だけど・・・	예상이지만
0x5E324D	10	FA	1	思いませんでした。	생각못했죠
0x5E3744	10	FB	1	狩りの始まりだ！	사냥 시작！
0x5E37A5	10	FB	1	さーて、休憩休	자、휴식。
0x5E3846	10	FB	1	どうなったんだ・・・	어찌 됐어
0x5E38B5	10	F800	1	俺達も戦うぞ！	우리도 싸운다！
0x5E3EAC	10	FB	1	以前と比べて、	예전보다、
0x5E4135	10	FE	1	盗賊に襲われて	도적에게 습격당해서
0x5E41BD	10	FA	1	いなくなっちゃうよ？	없어져버려
0x5E460D	10	F809	1	さんの家じゃなくて	씨 집 아냐
0x5E4CB9	10	FA	1	頭部がなかった。	머리 없다。
0x5E4F16	10	F805	1	何ってあんた・・・	뭐라니 너
0x5E5026	10	F809	1	のせいじゃないわよ。	탓 아냐。
0x5E51BF	10	FA	1	なんとかしましょう。	어떻게든。
0x5E52CB	10	FA	1	いったん戻ってね。	일단 와。
0x5E5301	10	FE	1	こっちがしとめても、	이쪽이 처치해도、
0x5E5366	10	FB	1	きっと見つかるさ。	분명 찾아。
0x5E53E6	10	FE	1	絶対許さない！	절대 용서 못 해！
0x5E590E	10	FA	1	帰ってきなさいよ。	돌아와요。
0x55F090	9	FA	1	ぜラやいたぜを官	
0x564158	9	FC	1	ギＸゥ０ゴィゥ亜	
0x564284	9	F882	1	ェィェギィサゾ循	
0x56429C	9	F882	1	ヂ木、ジイゥ亜	
0x56FAF1	9	F808	1	仲間の体力	동료 체력
0x56FB90	9	FF	1	万色キャンディ	만색 캔디
0x56FC27	9	FA	1	と水でできている	과 물이다
0x56FC31	9	FA	1	ポージングが好き	포즈 좋아
0x56FCD6	9	FA	1	にあるが、ゲリラが	이지만、
0x56FCF0	9	FF	1	機械の惑星	기계의 행성
0x56FCFA	9	FA	1	住民がロボット	주민 로봇
0x56FD1A	9	FA	1	のある都市から	여행자는
0x56FD38	9	FA	1	美しい自然と	고운 자연
0x56FD7F	9	FA	1	テラフォーミングの	테라포밍
0x56FDA3	9	FA	1	惑星全体を	행성 전체
0x56FE84	9	FF	1	火山の惑星	화산의 행성
0x56FEA8	9	FA	1	ギャスビゴー人と	갸스비고
0x5702D8	9	FF	1	普通の宝石	평범한 보석
0x570350	9	FF	1	とてもおいしい水	아주 맛있는 물
0x570368	9	FF	1	敵を追尾する	적을 추적한다
0x570374	9	FF	1	敵に大ダメージ	적에게 큰 피해
0x5710B7	9	FC	1	いォぐへいやくまい	
0x57111C	9	FC	1	づんみいＥざへいＹ	
0x57165B	9	FC	1	いぃ…ほいふごへい	
0x5718DF	9	FC	1	いぱろへい尅さい	
0x571D3C	9	FC	1	搭さい６１はい（	
0x571DDC	9	FC	1	ワろへいワれへい（	
0x571DF0	9	FC	1	っぅへいワれへい（	
0x572838	9	FA	1	搭さい尅さいつ	
0x572898	9	FA	1	搭さいっあさい」	
0x572C4C	9	FC	1	搭さいトぇへいこ	
0x573130	9	FE	1	搭さいエぃへいた	
0x5731C8	9	FC	1	とぁへいトんへい（	
0x573448	9	FC	1	Ｉぁへい尅さいお	
0x5734F8	9	FC	1	シわへいシっへい（	
0x57354C	9	FC	1	搭さいォぇへい」	
0x5737C4	9	FC	1	搭さいゲろへい」	
0x5737D8	9	FC	1	尅さいふれへいて	
0x573860	9	FD	1	ぱぃへいやろへい（	
0x5739FC	9	FC	1	ごぉへい！１はい（	
0x573C74	9	FC	1	ごぅへいわっへいす	
0x573CE8	9	FC	1	搭さいえゃへいと	
0x573D6C	9	F801	1	しぃへいわんへい」	
0x573DC8	9	F801	1	Ａろへい尅さいえ	
0x573EAC	9	FE	1	ヤぁへい２っへいせ	
0x573EE8	9	FE	1	ゲをへいＩろへい（	
0x57404C	9	F801	1	搭さい仔へい」	
0x574308	9	FC	1	ォぃへい❤ろへいい	
0x5744B8	9	FD	1	２ぇへいシぇへいき	
0x5744F8	9	FC	1	ボぃへいエっへいお	
0x57451C	9	FC	1	ふんへいごっへいく	
0x5745C0	9	FC	1	炬へいわろへいけ	
0x5745CC	9	FC	1	！１はいワれへいち	
0x5746B0	9	FC	1	づぅへいＩろへい（	
0x574950	9	FC	1	フぉへいワぅへいゲ	
0x574A91	9	F809	1	のいる宙域だ。	있는 구역
0x574F71	9	F822	1	よくわかりません。	잘 몰라。
0x575386	9	FE	1	戦争バンザイ、	전쟁 만세、
0x57575D	9	F825	1	に使ってみよう。	써보자。
0x5759E9	9	FB	1	さすがに照れる。	부끄럽네。
0x575F61	9	FE	1	かなわぬ以上、	당해낼 수 없는 이상、
0x5762D9	9	F85A	1	倉庫を整理	창고 정리
0x576614	9	FA	1	始めるべきだな。	시작해야。
0x576988	9	F800	1	人間がいるぞ！	인간이 있다！
0x576F6C	9	FD	1	これはなんだろう。	이건 뭘까。
0x577A3E	9	FB	1	では、行きます。	그럼、가죠
0x577B7B	9	FA	1	作ってみました。	만들었죠。
0x578E54	9	FB	1	もうバッチリだな。	완벽하군。
0x57A698	9	FE	1	教えてあげない。	안 가르쳐 줄 거야。
0x57A8D7	9	FE	1	ほら、楽しいし？	봐、즐겁잖아？
0x57B2A2	9	F809	1	のステルス船か？	스텔스선？
0x57B2BE	9	FA	1	戦うんでやんす！	싸웁죠！
0x57B2FA	9	FA	1	だいたいわかるぞ。	대충 알아
0x57B30B	9	FD	1	よし、応戦だ！	좋아、응전이다！
0x57B3B2	9	F809	1	が排除しようと	배제하려
0x57B52E	9	FE	1	あそこにいるのは、	저기 있는 것은、
0x57B70E	9	FE	1	よーし、がんばって	좋았어、힘내서
0x57BB8F	9	FB	1	それで問題は？	문제는？
0x57BC58	9	FA	1	ダメなんでやんす！	안됩죠！
0x57C1F9	9	FD	1	この距離でも、	이 거리에서도、
0x57C2D8	9	F809	1	のデータに対して	자료 대해
0x57C70E	9	FA	1	なんでやんすよね。	이랍죠。
0x57E1AE	9	FA	1	これなんていかが？	이건 어때
0x57E6BB	9	FA	1	もらったでやんす！	받았습죠！
0x57EB19	9	F809	1	の超能力で、	초능력에、
0x57EBA4	9	FA	1	思うんだけど。）	싶은데。）
0x57EC5F	9	FA	1	協力したいの。	협력할래。
0x57EF52	9	FD	1	間一髪だぜ。	간발의 차다。
0x57EFA2	9	FD	1	さっきはその・・・	아까는 그・・・
0x57F046	9	F800	1	まあ、そうですが。	뭐、그렇습니다만。
0x57F0F5	9	F800	1	おーい、どうした？	어이、무슨 일이냐？
0x57F310	9	FB	1	全員攻撃！	전원공격！
0x580727	9	F86B	1	こう尋ねたんだ。	이리 물어
0x58091A	9	FA	1	見てくれないか。	봐주겠나。
0x580F03	9	FA	1	守りましょう！）	지키죠！）
0x58187C	9	F809	1	も都合がいい。	도 좋다。
0x581AFF	9	FB	1	用意しとくよ。	준비해둬。
0x58205B	9	FA	1	聞いているのだ！	듣고있다！
0x5820B1	9	FD	1	そもそも貴様が	애초에 네놈이
0x58227F	9	FA	1	いるのでやんすね！	있습죠！
0x58239D	9	F8F8	1	いや、特にない。	아니、없다
0x583563	9	F86B	1	まかせておこう。）	맡기자。）
0x5849F3	9	FA	1	減っちゃったぜ。	줄었잖아。
0x584CC8	9	F809	1	をぶっつぶすのに、	부수는데、
0x585034	9	FB	1	だから、あなたには	당신에겐
0x5852EA	9	F815	1	ワクチンを買う。	백신 산다
0x5856F8	9	FA	1	向いてないって。	안맞는대。
0x5858E1	9	FA	1	どうなんでやんす？	어떻습죠？
0x58594B	9	FA	1	いつ楽しむんだ？	언제 즐겨
0x5863DD	9	FB	1	そんならいいんだ。	그럼 됐어
0x58665C	9	FA	1	調べるでやんす！	조사합죠！
0x586AA6	9	F809	1	の高い仲間を	높은 동료
0x587415	9	FA	1	ひねったんだって。	삐끗했대。
0x58748B	9	FA	1	死んでもいいや。	죽어도돼。
0x5875E9	9	FA	1	出たがらないし。	안나오네。
0x58768C	9	FA	1	行なったらしい。	했다더라。
0x588211	9	FA	1	最後までやる。	끝까지 해
0x5889BE	9	FB	1	いいかげんに・・・	적당히 좀
0x588BF3	9	F809	1	をいじめてないか？	괴롭히나？
0x588ECB	9	F809	1	が君の教師？	네 선생？
0x58913F	9	F825	1	、成仏してね。	、성불해。
0x5894F2	9	FA	1	困りますからな。	곤란하네。
0x5895E7	9	F825	1	君と言ったね？	자네랬지？
0x58985A	9	FA	1	修正してやる！	고쳐주지！
0x589DF6	9	F809	1	に逃げられたぞ。	놓쳤잖아。
0x58A5F5	9	FA	1	欲しいんだけど。	원하는데。
0x58A724	9	FA	1	ラッキーじゃない。	럭키잖아。
0x58A767	9	FA	1	傷がつくからね。	흠나니까。
0x58A7DA	9	FA	1	飛びついてるよ。	달려들어。
0x58AE82	9	F809	1	、故郷ないね。	、고향없어
0x58B642	9	FA	1	プレゼントですか。	선물인가。
0x58BAA9	9	FB	1	これは謝礼だ。	이건 사례
0x58BB01	9	FB	1	怒りに燃えて。	분노해서。
0x58BC5C	9	FB	1	ドアが開く前に	문 열기전
0x58BD9F	9	FA	1	ことじゃないのか？	거 아냐？
0x58BEC7	9	FA	1	どこなんでやんす？	어디랍죠？
0x58C1E6	9	FA	1	思わないかしら？	안그럴까？
0x58C45B	9	F807	1	きゃああああ・・・	꺄아아아아・・・
0x58C63C	9	FA	1	どないでっしゃろ？	우째예？
0x58C64E	9	F809	1	はんには、結構	씨한텐、꽤
0x58D414	9	FA	1	いらねえよぉー！！	필요없어！
0x58D68B	9	FA	1	暮らしていました	살았었다。
0x58D7F3	9	FB	1	やがて、地上に	곧、지상서
0x58D803	9	FA	1	いなくなりました。	사라졌다。
0x58D837	9	F809	1	で子供に必ず	애에게 꼭
0x58DBFC	9	F809	1	を退治しろと？	퇴치하라？
0x58DD28	9	FB	1	よろしく頼むぞ、	잘 부탁、
0x58DDEC	9	FA	1	命を落とすぞ。	죽는다고。
0x58DEDF	9	FA	1	生還するための	생환 위한
0x58DF3A	9	FA	1	冷静でいろと？	침착하라？
0x58E13C	9	F809	1	の新兵器か？	신병기？
0x58E263	9	FA	1	よく知ってるぞ。	잘 안다。
0x58E2B5	9	FA	1	ないんだけどな～❤	없는데❤
0x58E530	9	FA	1	心配はいらん。	걱정마라。
0x58E53D	9	FE	1	人間というのは	인간이라는 것은
0x58E547	9	FE	1	よくできていてな。	잘 만들어져 있어서 말이다。
0x58E628	9	F809	1	をあんな星にした	저리 만든
0x58EA07	9	FB	1	ノンフィクション！	논픽션！
0x58FF96	9	FA	1	部品と同じで	부품처럼
0x590040	9	F809	1	の人たちの命が	사람 목숨
0x59008B	9	FB	1	仕事ヲサボッテ	일 안하고
0x5906B6	9	FA	1	んですけどね・・・	입니다만
0x590858	9	FA	1	避けていたんだ。	피했었다。
0x590CB0	9	F809	1	さん、ナイスです！	씨、멋져！
0x590FDC	9	F815	1	仲間に誘う。	동료 권유
0x590FE7	9	F8F8	1	仲間にしない。	동료 안해
0x59113C	9	F809	1	で待っててくれ。	서 기다려
0x591AAD	9	FA	1	もう走らないぞ。	안뛴다고。
0x591EAD	9	FB	1	今のは、なんだ？	방금 뭐야
0x59208A	9	FB	1	このふたつの箱。	두 상자。
0x5924FE	9	F809	1	、次の食事は	、다음밥은
0x592728	9	FA	1	よくありませんよ。	안좋아요。
0x592A1E	9	F809	1	のテロリストどもを	테러범을
0x59322A	9	FA	1	ものにはならない。	못쓴다고。
0x5932D4	9	F809	1	の任務なのか？	임무인가？
0x5933A4	9	FA	1	襲われたんです！	당했어요！
0x59370B	9	FE	1	監獄の惑星	감옥의 행성
0x593AD6	9	FA	1	ズウズウシスギル！	뻔뻔하다！
0x593D81	9	F809	1	には勝てません！	못이겨요！
0x593DA0	9	F809	1	相手に使った	상대에 쓴
0x594538	9	FA	1	よく知ってるよ。	잘 알아。
0x5945FE	9	FE	1	ま、その元手は	뭐、그 밑천은
0x59460F	9	F809	1	が各惑星から	각 행성서
0x594BBB	9	FA	1	あんただ、あんた！	너다、너！
0x594FDD	9	FA	1	ことができるんだ。	틀수있어。
0x59523A	9	F809	1	のエージェントから	요원한테
0x5953E6	9	FE	1	で、次のネタは？	그래서、다음 소재는？
0x59541F	9	FA	1	ことにしましょう。	한걸로。
0x5959B0	9	F815	1	おとなしく停船	정선하라
0x595A14	9	F809	1	に逃げ込むぞ。	로 도망쳐
0x595A44	9	FB	1	やつら逃げます！	놈들 도망
0x595A5F	9	F808	1	封鎖線破り	봉쇄 돌파
0x595D74	9	FA	1	はずしたでしょう。	빗나갔죠。
0x595DDE	9	FA	1	しちゃだめですよ！	하면안돼！
0x5968D8	9	F809	1	の繁栄の為、	번영 위해
0x596D1C	9	FD	1	こいつの仲間の	이 녀석 동료의
0x596EA9	9	FD	1	ここでの戦いに、	여기서의 싸움에、
0x596FE2	9	F815	1	今回だけだぞ！	이번뿐！
0x596FED	9	F8F8	1	絶対にダメだ。	절대안돼。
0x597031	9	F809	1	がいないでやんす！	가 없죠！
0x597732	9	F815	1	勝手なことを！	멋대로！
0x597D9B	9	FA	1	やんすからね・・・	이니깝쇼
0x59888D	9	F809	1	があるみたいだな。	있는듯해。
0x598926	9	F86B	1	あなたの正体を	네 정체를
0x598AAE	9	F825	1	よ、また会おう！	여、또보자
0x598C0F	9	F809	1	のことをよろしく。	잘 부탁。
0x598CC2	9	F809	1	も成長したから	컸으니까
0x599483	9	FA	1	どうつながるんだ？	어찌 연결
0x599657	9	FA	1	スペシャルレアよ。	초레어야。
0x599882	9	F807	1	ぎゃあああああ！？	갸아아아아아！？
0x599FAB	9	F809	1	で待ってまーす。	서 기다려
0x59A233	9	FB	1	先ほど見つけた	아까 찾은
0x59A333	9	FD	1	ほら、来いって！	자、오라니까！
0x59A60C	9	FA	1	働いているんだ。	일한다고。
0x59A915	9	FA	1	買ってきてくれ。	사다줘라。
0x59AAE3	9	FA	1	いただいておこう。	받아두지。
0x59ABF0	9	F809	1	を憎んでいたが、	미워했다、
0x59AFFF	9	FA	1	いるんじゃないか？	있잖아？
0x59B06F	9	FA	1	募集している！	모집중！
0x59B092	9	FA	1	たった１０年間	겨우 １０년
0x59BA9F	9	F809	1	が中心になって	중심 되어
0x59C05A	9	FB	1	検査するだけ？	검사뿐？
0x59C149	9	FD	1	この星の人も、	이 별의 사람도、
0x59C89C	9	FA	1	困るじゃないか。	곤란해。
0x59CAFC	9	FD	1	あれ、本当だ。	어라、정말이네。
0x59CD9C	9	F809	1	星の地表は、	별 지표、
0x59CFD9	9	FA	1	みなされたらしい。	여겨졌대。
0x59D0B1	9	F809	1	にらまれるリスクを	찍힐 위험
0x59D16A	9	FA	1	だめみたいですね。	안되나봐。
0x59D8B0	9	FB	1	キモチワルイカラ、	역겨워서、
0x59DA77	9	F809	1	が全員まとめて	전원 한번
0x59E2F7	9	F85B	1	あなたがキャプテン	당신이 캡틴
0x59E3D5	9	FE	1	さすがはキャプテン	역시 캡틴
0x59E735	9	FB	1	それではキャプテン	그럼 캡틴
0x59E864	9	F8F8	1	全員でかかる！	다 덤벼！
0x59ED0A	9	FE	1	それに今回は、	게다가 이번에는、
0x59F692	9	FA	1	連れていたのか。	데려왔나。
0x59FBCF	9	FA	1	いうものでやんす。	란거랍죠。
0x59FC50	9	F86B	1	それでも我々に	우리에겐
0x59FCB1	9	F809	1	の使命なのだ！	사명이다！
0x59FFBC	9	F809	1	という奴だがな。	란 놈이지
0x5A0193	9	FE	1	ん、収まったか？	음、가라앉았나？
0x5A039B	9	F8F8	1	じっと隠れておく	가만 숨어
0x5A0659	9	FD	1	いいんでやんすか？	괜찮습죠？
0x5A068F	9	FB	1	デモ、そのお札。	근데、그거
0x5A0936	9	FB	1	それじゃ行くよ。	그럼 간다
0x5A0F19	9	FB	1	これは事故だ！	사고다！
0x5A1011	9	FA	1	すんだのでやんす。	끝났습죠。
0x5A1598	9	F800	1	助けてください！	도와주세요！
0x5A2C3E	9	F809	1	はそこにあるんだ。	거기 있어
0x5A2DB4	9	FD	1	クビになったのか？	잘린 거냐？
0x5A3444	9	FB	1	ドクターはいるか？	의사 있나
0x5A3573	9	FB	1	まあ、だいたいは。	뭐、대충。
0x5A3CD8	9	F809	1	、ナイスでやんす！	、멋집죠！
0x5A3D26	9	FB	1	俺の勝ちだよ！	내 승리！
0x5A3D60	9	FA	1	あったんでやんす。	있었습죠。
0x5A40A8	9	F809	1	の持ち主だな。	주인이군。
0x5A4249	9	FD	1	そりゃ本物だ！	그건 진짜다！
0x5A450A	9	F809	1	と対立している	와 대립중
0x5A452B	9	FA	1	活動している。	활동한다。
0x5A4736	9	F809	1	の支配を快く	지배 곱게
0x5A4BB6	9	F809	1	って何のことだ？	무슨 소리
0x5A4C1B	9	F809	1	の助けを借りて	도움 빌려
0x5A4C2F	9	F809	1	は、報復として	、보복으로
0x5A4E54	9	FB	1	みんなでかかるぞ！	다 덤빈다
0x5A5443	9	FB	1	俺たちは、かつて	우린 예전
0x5A57D0	9	FB	1	テーブルの上に。	탁자 위에
0x5A598A	9	FE	1	怖いでやんす～！	무섭습죠오～！
0x5A6718	9	FB	1	よいご旅行を。	좋은 여행
0x5A69D8	9	FA	1	じゃないんですか。	아니에요。
0x5A6B0C	9	F809	1	だってどこだって、	어디든지、
0x5A7028	9	F809	1	から連れ出した	서 데려낸
0x5A720F	9	F809	1	に攻撃されて、	공격당해、
0x5A7763	9	FB	1	代表的なのは	대표적인
0x5A7C3B	9	FA	1	あるのですけれど。	있는데요。
0x5A7F26	9	F809	1	の幹部クラスが	간부급이
0x5A80D6	9	F809	1	からの支払いを	의 지불을
0x5A8166	9	F809	1	グループの社債	그룹 사채
0x5A8471	9	F809	1	のイメージダウンに	평판하락
0x5A84D5	9	F809	1	へ送るワクチンを	보낼 백신
0x5A8580	9	FE	1	人とのつながりは	사람과의 인연은
0x5A89BA	9	FD	1	正直に言うと	솔직히 말하면
0x5A8CF0	9	F809	1	内への侵入を	내부 침입
0x5A9373	9	F809	1	を追いかけるぞ。	를 쫓는다
0x5A9ED1	9	F809	1	、続きを頼む。	、계속해줘
0x5A9F6F	9	FA	1	あると聞いたが。	있다더군。
0x5AA0BA	9	F8F8	1	オチタが正しい。	오치타가
0x5AA2C9	9	FB	1	倉庫に来い！	창고로 와
0x5AA3B8	9	FB	1	旅は長いんだ。	여행 길다
0x5AA846	9	F815	1	半額にしよう。	반값으로
0x5AA986	9	FA	1	あるっていうんだ。	있다잖아。
0x5AADCD	9	F809	1	はどこに行った。	어디 갔나
0x5AB608	9	FA	1	いじめさせたわね！	괴롭혔네！
0x5AB6F1	9	FB	1	ミンナニゲロー！！	다 도망！！
0x5AB87D	9	F809	1	で待ってるから。	서 기다려
0x5ABDF1	9	FB	1	言い換えれば、	즉、말하면
0x5AC0E6	9	FB	1	そして、その次は	그다음은、
0x5AC10D	9	F809	1	をコントロールして	를 제어해
0x5AC398	9	FB	1	ワガハイを惑星	날 행성에
0x5AC3E1	9	FD	1	どうぞ、お席に。	자、자리에。
0x5AC3F8	9	F809	1	秘密警察の	비밀경찰
0x5AC452	9	FA	1	ご様子ですね。	모양이군。
0x5AC4D3	9	F809	1	の中枢ですよ。	중추예요。
0x5AC546	9	F809	1	に来られたことは	오신것은
0x5ACABC	9	FA	1	十分でやんす。	충분합죠。
0x5ACE8C	9	FA	1	エースとなります。	에이스가
0x5ACEA2	9	FB	1	お強いんですね。	강하시군。
0x5AD054	9	F825	1	のことであります。	에 대해서
0x5AD601	9	F809	1	のエース同士、	에이스간、
0x5AED52	9	FA	1	助けに行くぞ！	구하러 가
0x5AEEBA	9	F809	1	に到着するまで	도착까지
0x5AEF27	9	F809	1	にワクチン３トン。	백신 ３톤。
0x5AF03D	9	FA	1	ということですか？	라는거죠？
0x5AF12E	9	F809	1	らしくないですね。	답지않군。
0x5AF286	9	F809	1	でお待ちします。	기다리죠。
0x5AF365	9	FA	1	らしいんですよー。	거래요。
0x5AF5F3	9	FB	1	ほら、到着だ。	자、도착。
0x5AFD10	9	FB	1	おかげで、こいつら	덕에、이놈
0x5AFD1A	9	FB	1	ますます自分に	점점 나를
0x5B03B6	9	F800	1	万能薬である	만능약이다
0x5B0544	9	F809	1	まで持ち帰れば	까지 가면
0x5B05CB	9	F809	1	を集めることだ。	모으는것
0x5B06E3	9	F8F8	1	断れるんですか？	거절되나？
0x5B0840	9	FA	1	待機している。	대기중。
0x5B0B1A	9	F809	1	まで行く間に、	가는동안、
0x5B0BA1	9	F809	1	へ出発するぞ。	로 출발。
0x5B0DE8	9	F809	1	から出る船には	나가는 배
0x5B0FFE	9	FA	1	してくれるんだな。	해주는군。
0x5B1279	9	FA	1	持つでしょうね。	가지겠죠。
0x5B1F51	9	FA	1	いいんだけど・・・	괜찮은데
0x5B201F	9	FB	1	任務完了。	임무완료。
0x5B296E	9	F809	1	に禁じられている	금지된
0x5B3148	9	F809	1	に雇われたのか。	고용됐나。
0x5B35A1	9	FB	1	うわぁあああああ！	우와아아！
0x5B3A27	9	F815	1	信用できない。	못믿는다。
0x5B3D6A	9	FB	1	勝利のためには	승리 위해
0x5B3DA5	9	FB	1	ゲリラのあの女。	그 게릴라
0x5B3FD5	9	FA	1	撃たれなかった。	안맞았다。
0x5B400A	9	FA	1	敵のはずなのに。	적일텐데。
0x5B42A8	9	FB	1	貴様、それでも	네놈、그래
0x5B42D8	9	F809	1	と戦ってみせろ！	와 싸워！
0x5B4688	9	F809	1	はもらっていくぞ。	받아간다。
0x5B4FA9	9	FA	1	算数のできない	산수 못해
0x5B5982	9	F809	1	に乗り込むぞ！	올라탄다！
0x5B5A47	9	FE	1	攻撃目標は	공격 목표는
0x5B5A58	9	F809	1	派の艦隊だ。	파 함대。
0x5B66A4	9	FA	1	どうなっている？。	어찌됐어？
0x5B7047	9	FC	1	いたパむいらむい	
0x5B720C	9	FA	1	ゲザむいやビむいク	
0x5B75EC	9	FC	1	タ説いクパむいふ	
0x5B7F77	9	FC	1	いしジむいトヂむい	
0x5B8190	9	FC	1	！ょふいえあさい❤	
0x5B81E8	9	FC	1	ワれへいＹズむい（	
0x5B86B8	9	FC	1	Ｅぇふいえあさい❤	
0x5B8BFB	9	FC	1	い訃むいボダむい	
0x5B8F40	9	FC	1	搭さいやヅむいえ	
0x5B910C	9	FC	1	搭さいえブむいい	
0x5B9138	9	FC	1	搭さいフダむい（	
0x5B9290	9	F800	1	搭さい❤ヂむいか	
0x5B950C	9	F800	1	搭さいっジむいい	
0x5B965C	9	F800	1	ネづふいゲバむいい	
0x5B9694	9	F800	1	フバむいトザむいぴ	
0x5B96B4	9	F800	1	トぎふいえあさい❤	
0x5B97D4	9	FE	1	尅さいしぃへい」	
0x5B97F0	9	F800	1	ぃずふいえあさいす	
0x5B9814	9	F800	1	トブむいォドむいし	
0x5B984C	9	F800	1	搭さいとゾむいそ	
0x5BA472	9	F815	1	砂漠に向かう	사막으로
0x5BAFCE	9	FA	1	ならないかならな。	안될려나。
0x5BB715	9	F8F8	1	魚料理の話	생선요리
0x5BB720	9	F8F8	1	魚料理その２	생선요리２
0x5BB94D	9	F8F8	1	インタビュー戦い	취재 싸움
0x5BB958	9	F8F8	1	インタビューほしい	취재 희망
0x5BC3DB	9	F815	1	パーティにハルツグ	하르츠구
0x5BC3F0	9	F8F8	1	パーティにブラッド	브래드가
0x5BC404	9	F8F8	1	パーティに本村	모토무라
0x5BC6A4	9	FB	1	どこへ行くんだ？	어디 가나
0x5BCB77	9	FD	1	もう、無理だ！	이제、무리다！
0x5BCC1F	9	FA	1	恐れいりました。	황송해요。
0x5BCF30	9	FA	1	諦めたんだろう。	포기했나。
0x5BD4FB	9	FD	1	旧型のクセに、	구형인 주제에、
0x5BDCCB	9	F8F8	1	このまま逃げよう	그냥 도망
0x5BE169	9	F815	1	オトコ薬を買う	정력 산다
0x5BE278	9	F8F8	1	パーティにヒラヤマ	히라야마
0x5BE28F	9	F8F8	1	パーティにエーベル	에베르가
0x5BE2A6	9	F8F8	1	パーティにカビンダ	카빈다가
0x5BE7A6	9	FB	1	やばいでやんすよ！	위험합죠！
0x5BECD7	9	FA	1	もらえないですか？	못받나요？
0x5BFBD7	9	FA	1	同じワクチンだ。	같은 백신
0x5BFE88	9	FB	1	突然、現れた	갑자기 온
0x5C0E47	9	FB	1	アイツじゃダメだ！	그놈 안돼
0x5C3941	9	FB	1	つ、疲れたあ～。	지쳤다아～
0x5C3A40	9	F800	1	悔しいでやんす！	분합죠！
0x5C3C3F	9	FB	1	私が美しいと！	내가 예뻐
0x5C3CE8	9	FB	1	明日になれば、	내일이면、
0x5C3E02	9	FA	1	無いみたいだよ。	없는듯해。
0x5C427F	9	FE	1	だから貴方には	그러니 당신에게는
0x5C4496	9	FB	1	早く逃げよう！	얼른 도망
0x5C49DC	9	FA	1	しまいますからね。	버리니까。
0x5C5378	9	F809	1	！大丈夫か！	！괜찮나！
0x5C59A1	9	FA	1	もしそうだとしたら	만약 그럼
0x5C5AF8	9	FE	1	じゃあ、行くか。	그럼、갈까。
0x5C60B9	9	FA	1	３ポイントですね。	３포인트요
0x5C6789	9	F807	1	さあ、行こうか！	자、가 볼까！
0x5C6A92	9	FA	1	配達ミスじゃ？	배달실수？
0x5C6B25	9	FA	1	差し上げます。	드립니다。
0x5C6C1D	9	FB	1	あたしの負け～！	내 패배～！
0x5C6EF3	9	FD	1	わざとじゃないか！	일부러잖아！
0x5C7004	9	FA	1	話してもらうぞ。	말해봐라。
0x5C7301	9	FA	1	思うでやんすか？	생각합죠？
0x5C78BD	9	FA	1	綺麗な星で、	고운 별、
0x5C78D1	9	F809	1	という美術品	란 미술품
0x5C8957	9	FA	1	欲しくないんだ。	필요없다。
0x5C8D14	9	FD	1	はっ！そういえば！	앗！그러고 보니！
0x5C9304	9	F809	1	を上げたい時は	올리려면
0x5C933B	9	F809	1	を上げてもいいか	올려도 돼
0x5CA0EC	9	FD	1	このまま進むと、	이대로 나아가면、
0x5CA60C	9	FA	1	されているのです。	돼있어요。
0x5CA701	9	FA	1	合格にします。	합격시켜。
0x5CA7DD	9	FB	1	お宝でやんす！！	보물입죠！
0x5CB4F2	9	FB	1	そんなに慌てて。	왜 서둘러
0x5CB57A	9	FA	1	言っているのさ。	그말이야。
0x5CBDCB	9	FA	1	なったでやんすか？	됐습죠？
0x5CCA32	9	FA	1	しているんですか？	하고있죠？
0x5CCA82	9	FA	1	よせつけませんよ。	못붙어요。
0x5CCD95	9	FB	1	ドキドキでやんす！	두근두근！
0x5CCE4A	9	FB	1	すぐに行くから！	곧 갈게！
0x5CCF43	9	FA	1	何か知ってる？	뭔가 알아
0x5CD91D	9	FB	1	なんだこの魚は！	무슨 고기
0x5CE287	9	F825	1	が居なかったら、	없었다면、
0x5CE2C0	9	FA	1	聞きたくなわよ。	듣기싫어。
0x5CE593	9	FA	1	していた星だろ？	하던 별？
0x5CE9D3	9	FA	1	ゾッとするからね。	오싹하니
0x5CED10	9	FA	1	料理しますよ。	요리하죠。
0x5CFC8C	9	FB	1	美しい魚だって	예쁜 고기
0x5D051A	9	FA	1	あげるでやんすよ。	드립죠。
0x5D0704	9	FA	1	動いているのよ。	움직인다。
0x5D09BD	9	FB	1	燃えるのかなあ！	타는걸까！
0x5D0AA6	9	F800	1	探検してくる！	탐험하고 오겠어！
0x5D0E0E	9	FA	1	見た事がない！	본적없다！
0x5D117D	9	F809	1	を連れてきたのは	데려온건
0x5D12C6	9	F809	1	を倒せないこと。	못이긴다。
0x5D146D	9	FE	1	外から来たの？	밖에서 왔어？
0x5D1E88	9	FD	1	じゃあ、行こうか	그럼、가 볼까
0x5D1F3D	9	FA	1	さっぱりわからん。	전혀 몰라
0x5D211C	9	FA	1	シラケちゃったよ。	흥깨졌어。
0x5D2313	9	FA	1	いっぱいあるんだ。	잔뜩 있어
0x5D2659	9	FA	1	原因のクセに。	원인 주제
0x5D2CED	9	FE	1	説教してやる！	설교해 주마！
0x5D30BD	9	F809	1	を倒すんでしょ？	잡을거죠？
0x5D358E	9	F809	1	が現れるそうよ。	나타난대。
0x5D359B	9	FE	1	気をつけなさい。	조심하거라。
0x5D3695	9	FD	1	妹は元気か？	여동생은 잘 지내냐？
0x5D396A	9	FA	1	いいんじゃないの？	괜찮잖아？
0x5D3F2A	9	FA	1	って認めたわね！	인정했네！
0x5D3FAF	9	F809	1	と行ってあげて。	와 가줘。
0x5D4063	9	FD	1	まあ、せっかくだし	뭐、모처럼이니
0x5D4072	9	F809	1	を連れて行って	데려가서
0x5D4174	9	FA	1	人間じゃない。	인간아냐。
0x5D4202	9	FA	1	ないんだろうけど。	없겠지만。
0x5D4597	9	F809	1	に戻ってたのね。	돌아왔네。
0x5D4703	9	FE	1	貴女らしいわ。	당신답네。
0x5D4BCD	9	FB	1	俺のポイントは？	내 포인트
0x5D4BE8	9	FE	1	今日はあたしね	오늘은 나 말이야
0x5D50F1	9	FA	1	美しいオーラを。	고운 오라
0x5D5381	9	F809	1	君。逃げるぞ。	자네、도망
0x5D5467	9	FE	1	見つめたまえ！！	똑똑히 보아라！！
0x5D55DF	9	FE	1	優しいんですね。	다정하시네요。
0x5D56AE	9	F809	1	の船が現れて、	배 나타나
0x5D5ADE	9	FD	1	最初、あそこが	처음에는、저기가
0x5D5BB9	9	FA	1	言われたくない。	듣기싫다。
0x5D5E10	9	FA	1	調べてやるから！	조사한다！
0x5D6649	9	FA	1	何をする気だ！	뭘 할셈！
0x5D67A5	9	FD	1	久しぶりだね～。	오랜만이네에～。
0x5D68A1	9	FE	1	そういえばお前、	그러고 보니 너、
0x5D709E	9	FB	1	さあ、行こうよ！	자、가자！
0x5D7350	9	FB	1	こんなの初めて！	처음이야！
0x5D7740	9	FB	1	連れってってよ！	데려가줘！
0x5D8C04	9	FC	1	ワれへいごベもい（	
0x5D8CBC	9	FC	1	やあさいワブもい❤	
0x5D8DC0	9	FD	1	搭さいＩベもいす	
0x5D9F41	9	FB	1	ガンガン捕まえて	팍팍 잡아
0x5DA4F3	9	FA	1	情報にいくぜ！	정보 간다
0x5DA8BF	9	FB	1	もう無理でやん	이제 무리
0x5DAC70	9	FB	1	数が多すぎる！	너무많다！
0x5DAFBD	9	F815	1	森の主を探す	숲왕 찾기
0x5DBB31	9	FA	1	守ってください。	지켜줘요。
0x5DBCF6	9	FB	1	またシカモドキだ！	또 사슴！
0x5DBD56	9	FB	1	なんど戦っても、	몇번 싸워
0x5DC43A	9	FA	1	手にいれました）	입수했죠）
0x5DC47F	9	FE	1	この星にいても、	이 별에 있어도、
0x5DC66F	9	FB	1	ここは、おとなしく	얌전하게
0x5DC94D	9	FB	1	すごい広さだな。	엄청 넓다
0x5DCC4E	9	FA	1	植物のモンスタ	식물괴물
0x5DCDE8	9	F829	1	必要ないよな！	필요없지！
0x5DD135	9	F8F8	1	森を調べてみる	숲을 조사
0x5DD4D8	9	FB	1	識別信号も	식별신호
0x5DD54F	9	FA	1	映ってるんだよ。	찍혀있어。
0x5DD751	9	FB	1	行ってみようか。	가볼까요。
0x5DDADC	9	FA	1	かかってるんだろ？	걸렸잖아？
0x5DDC3E	9	F809	1	が有名だよな。	유명하지。
0x5DE4B7	9	F809	1	さんと二人だけ	씨와 둘만
0x5DE8B8	9	FA	1	昼寝なさいね。	낮잠 자요
0x5DEE95	9	FB	1	どうでもいいという	상관없단
0x5DF0F2	9	F822	1	詳しい説明は	자세한 설명은
0x5DF294	9	F822	1	忍者マニアだ。	닌자 마니아다。
0x5DF65D	9	F822	1	身軽な動きの	날렵한 움직임의
0x5DF85D	9	F822	1	ナイフ使いだが、	나이프를 쓰지만、
0x5DFE12	9	F809	1	に聞いた方が、	에게 물어
0x5DFF41	9	F801	1	目撃証言が	목격 증언이
0x5DFFAB	9	FA	1	みんな殺されてる	다들 죽어
0x5E003D	9	FA	1	わかってないんだけ	모르는데
0x5E0217	9	FB	1	お兄様の事！	오빠 일！
0x5E0250	9	FB	1	そんな事のために	그걸 위해
0x5E025A	9	FB	1	賞金稼ぎに？	사냥꾼？
0x5E0A17	9	FA	1	ここ最近です。	요즘이죠。
0x5E0DA4	9	FE	1	思い出したわ。	기억났어。
0x5E0E17	9	FA	1	思っていたのよ。	생각했어。
0x5E0E59	9	FB	1	賞金稼ぎよ。	사냥꾼요。
0x5E0F0E	9	FB	1	どうしようかしら。	어쩔까나。
0x5E10F7	9	FA	1	私を誘ったの？	날 불렀나
0x5E1C4E	9	FB	1	元気にしてた？	잘 지냈어
0x5E1C9D	9	FE	1	ねえ、お兄様。	저기、오라버니。
0x5E206E	9	FB	1	今、行くわよ。	지금 간다
0x5E20E3	9	F809	1	も呼ばないとね。	도 불러야
0x5E228E	9	FD	1	戻って来いよ！	돌아와라！
0x5E24DF	9	FA	1	しれないけど・・・	모르지만
0x5E2D94	9	F86B	1	周辺の森で、	주변 숲서
0x5E2E9B	9	FB	1	ただ、そこで働く	거기 일꾼
0x5E2FB9	9	FA	1	狩っているのです	사냥하죠
0x5E3003	9	FA	1	帰ってきますよ。	돌아와요。
0x5E375F	9	F803	1	（うぉぉぉぉぉ！）	（우오오！）
0x5E380B	9	F805	1	（キキキキキーッ）	（키키킥）
0x5E391D	9	FA	1	いけなくなったから	못가게돼
0x5E39CD	9	F805	1	戻ってきた・・・	돌아왔다
0x5E39F8	9	FB	1	よく調べもせず、	잘 안보고
0x5E3BEC	9	FA	1	いないんでしたね。	없었었죠。
0x5E3D5C	9	FE	1	心配ですよね。	걱정되시죠。
0x5E3E0C	9	FB	1	回復薬です。	회복약요。
0x5E4856	9	FB	1	俺は、ここに残	난、여기남
0x5E4AB4	9	F829	1	間に合った！？	제때 왔나
0x5E4E84	9	FA	1	しないといけないの	해야해
0x5E4EEC	9	F829	1	ヨハンがやられた！	요한 당해
0x5E5163	9	FE	1	まあ、それはともか	뭐、그건 그렇다 치
0x5E527A	9	FA	1	一匹のところを	한마리를
0x5E568A	9	FB	1	やられちゃったよ。	당했잖아。
0x5E578A	9	FA	1	かかっていたんだ。	걸렸었다。
0x55F182	8	F9	1	ペ）あみペ）ギプ	
0x5607FE	8	F8FD	1	ペ）こたペ）筏	
0x560FE1	8	FE	1	ァＲ衣ラやいＹ	
0x5624C5	8	FF	1	たペ１ったァ３ほ	
0x564080	8	FC	1	ェユェガェツェぷ	
0x564098	8	FC	1	ェマェグェべェダ	
0x5640B0	8	FC	1	ェホェグェテェぺ	
0x5640BC	8	FC	1	ェコェぢェマィサ	
0x5640C8	8	FC	1	ェユェガェツェネ	
0x5640D4	8	FC	1	ェムェガェォェヲ	
0x5640EC	8	FC	1	ェィェギィサゲコ	
0x5640F8	8	FC	1	ズ）ェぶェゴェタ	
0x564104	8	FC	1	ズフグ木０ガ」	
0x564110	8	FC	1	ゥＲゥＦズＤズフ	
0x56411C	8	FC	1	ェべェハガちフ	
0x564128	8	FC	1	ェヤェぺガちフ	
0x564134	8	FC	1	ェイェダェネェグ	
0x564164	8	FC	1	ェぶェぶェべェン	
0x564170	8	FC	1	ダウェミェぢェヨ	
0x56417C	8	FC	1	グレゲゲガ物ボ	
0x564188	8	FC	1	ェシェフェァェガ	
0x5641AC	8	FC	1	ェクェガェぢェァ	
0x5641B8	8	FC	1	ェカェグェマィサ	
0x5641C4	8	FC	1	ェべェメェダェソ	
0x5641D0	8	FC	1	ヂＧゥ９ゲゥゥＴ	
0x5641DC	8	FC	1	ェぞェツェカェッ	
0x5641E8	8	FC	1	ェばィサェリェグ	
0x5641F4	8	FC	1	ェぶェツェぷェク	
0x564200	8	FC	1	ェぽェダェフェグ	
0x56420C	8	FC	1	ズ）ェゥェぺェガ	
0x564230	8	F882	1	ェカェどェぢェネ	
0x56423C	8	F882	1	ヅモョ「ゼＺゥＴ	
0x564248	8	F882	1	ェミェギェダェぺ	
0x564254	8	F882	1	ェぞェぱェべェダ	
0x564260	8	F882	1	ェヤェぜェダェぺ	
0x56426C	8	F882	1	ェヲェツェぷェク	
0x564278	8	F882	1	ェァェガェぷェゥ	
0x564290	8	F882	1	ェヘェジィサェグ	
0x5642A8	8	F882	1	ェぷェゴィサェダ	
0x5642B4	8	F882	1	ェぢェカェノェべ	
0x5642C0	8	F882	1	ズフグ木０ゼズ	
0x5642D8	8	F882	1	ズ）ェぱェギェダ	
0x5642E4	8	F882	1	ェぶェハェオェィ	
0x5642FC	8	F882	1	ェオェイェティサ	
0x564314	8	F882	1	ェヲェユェツェヌ	
0x564320	8	F882	1	ェンェエェぢェグ	
0x56435C	8	F882	1	ェグィサェぷェク	
0x56568D	8	F85C	1	くぜァ（スふいぞ	
0x5657D1	8	F85C	1	くぽぜタソふいぜ	
0x56FB78	8	FF	1	人喰いバナナ	식인 바나나
0x56FC13	8	FA	1	ナルシストの星	나르시스
0x56FC3C	8	FF	1	移動要塞	이동 요새
0x56FCA3	8	FA	1	から出られない	못나간다
0x56FECC	8	FF	1	田舎惑星	시골 행성
0x56FF9A	8	FA	1	でいることもある	하기도해
0x57055A	8	FF	1	少し広くなる	조금 넓어진다
0x57056A	8	FF	1	かなり広くなる	꽤 넓어진다
0x5706F4	8	F85A	1	』にもっていこう	』로 가자
0x5710AC	8	FA	1	ぃぜみいエぐへい	
0x5711B0	8	FE	1	Ｍりへいァ惨い	
0x57191C	8	FA	1	搭さい！１はい	
0x571C56	8	FA	1	さいた３はいダあ	
0x571C96	8	FA	1	さいた３はいＤあ	
0x571D8E	8	FC	1	さい６１はいＢあ	
0x571FE2	8	FE	1	さい！１はい（い	
0x572198	8	FE	1	搭さいぱろへい	
0x5721B4	8	FE	1	み３はい２ろへい	
0x57223A	8	F800	1	さいワれへい９あ	
0x5726BE	8	FC	1	さいワれへいＤあ	
0x572A4C	8	FE	1	Ｉんへいえぇへい	
0x572B14	8	FE	1	み３はいＥ１はい	
0x573048	8	FC	1	Ｙろへいゲわへい	
0x5731D2	8	FC	1	さいしぁへいあい	
0x57331E	8	FC	1	さいワれへいあい	
0x5737E4	8	FC	1	ぱぇへい！１はい	
0x573932	8	FC	1	さい尅さいＤあ	
0x573970	8	FC	1	しぇへいボるへい	
0x573C86	8	FC	1	さいみあさいあい	
0x574476	8	FC	1	さい尅さいそい	
0x574490	8	FC	1	ぱぁへいＹんへい	
0x574594	8	FC	1	シぁへいＹぃへい	
0x574F8B	8	FA	1	ないんですよね。	없잖아요
0x575E33	8	F822	1	・知りません。	
0x575F4E	8	F804	1	はい、技です。	네、기술。
0x575F7B	8	F808	1	超絶奥義	초절오의
0x576B25	8	FA	1	すぐに売るのは	곧 팔면
0x5772B5	8	FD	1	脱出するぞ、	탈출한다、
0x577304	7	F822	1	ええとですね。	그러니까요。
0x577E2D	8	FA	1	あるじゃないか。	있잖아。
0x5780A1	8	FB	1	ぜいたくは敵。	사치 적。
0x578507	8	FA	1	売ってやろう！	팔아주마
0x5788BE	8	F809	1	の巡視船を	순시선을
0x579A23	8	F8F8	1	町をうろつく。	마을배회
0x57A23E	8	F800	1	困りましたね。	곤란하네요。
0x57A290	8	F809	1	を仲間にした	동료됐다
0x57A2E2	8	FB	1	それも卑怯な	비겁하게
0x57A81A	8	F809	1	と替わります。	교대해요
0x57A990	8	FD	1	さあ、姫様！	자、공주님！
0x57B573	8	F809	1	の情報部の	정보부의
0x57B6F1	8	FE	1	この内容は、	이 내용은、
0x57BF50	8	FA	1	ないでやんすね。	없습죠。
0x57CD76	8	F809	1	暮らしの長い	오래살아
0x57CD97	8	FD	1	ほら、あそこよ！	봐、저기야！
0x57D498	8	FA	1	んでやんすよね。	인거죠。
0x57DC10	8	F8F8	1	いや、突撃！	야、돌격！
0x57DC99	8	F825	1	君が一発で	한방에
0x57E60A	8	FB	1	実は、この前	저번에
0x57E907	8	F809	1	の番組かね。	방송인가
0x57EA78	8	F809	1	失敗したよ。	실패했어
0x57FF3F	8	FA	1	ニンジャ組織	닌자조직
0x57FFF0	8	FE	1	あっ、いけない！	앗、안 돼！
0x580637	8	F809	1	も、できる限り	최대한
0x580975	8	FB	1	なにをするんだ！	뭐하냐！
0x580F21	8	F809	1	の特産品、	특산품、
0x580F32	8	F809	1	をおみやげに！）	선물로！）
0x58126B	8	FA	1	オレは貴様を	난 널
0x5812B5	8	FA	1	オレの場合、	내 경우、
0x581CA0	8	FA	1	大嫌いなの。	질색이야
0x5820BB	8	FD	1	しくじらなければ	실수하지 않으면
0x582169	8	F825	1	め、この屈辱	이 굴욕
0x5821C9	8	FD	1	あの、あなたは？	저기、당신은？
0x5821FE	8	F809	1	勤務ですが、	근무지만
0x5822D2	8	F808	1	違法行為	위법행위
0x5822DC	8	F809	1	、できませんよ！	、안돼요！
0x583129	8	F809	1	を失おうとも、	잃어도、
0x583EFD	8	FA	1	気がしないか？	안 그래？
0x583F26	8	F803	1	ウケケケケケケ！	케케케！
0x584E70	8	F815	1	いいや、まだだ！	아직！
0x58528F	8	FA	1	どうかしてるぜ！	미쳤군！
0x5857F1	8	F808	1	野球人形	야구인형
0x585E3D	8	FA	1	ちがいないのだ！	틀림없어
0x5881B2	8	FB	1	宇宙にポイ？	우주로？
0x588423	8	F809	1	博士ですね！	박사군요
0x589348	8	FA	1	楽しいだけよ。	즐거울뿐
0x589A54	8	FA	1	どうするんだよ。	어쩔거야
0x589ACA	8	FA	1	決まるんだぜ。	정해진다
0x589BB2	8	FA	1	ないじゃないか。	없잖아。
0x589C6F	8	FB	1	２度にわたって	２번 걸쳐
0x58A737	8	FE	1	このワクチンには	이 백신에는
0x58A97D	8	FB	1	どういう風に？	어떤 식？
0x58AA0C	8	FD	1	こういう風に！	이런 식으로！
0x58AD61	8	FE	1	反撃するぞ！	반격한다！
0x58AF8D	8	FA	1	見えてきたね。	보이는군
0x58B026	8	FA	1	だめじゃないか。	안되잖아
0x58B27E	8	FA	1	かなわないわね。	못당하네
0x58B2C1	8	FA	1	ヒマはないのだ。	여유없다
0x58B809	8	FB	1	俺は記者で	난 기자
0x58BD00	8	FE	1	ファイト、オー！	파이팅、오！
0x58BEE7	8	FD	1	そんなのないよ。	그런 건 없어。
0x58C1CE	8	FB	1	アタシとあなた！	나랑 너！
0x58C2F6	8	FD	1	じゃあ、どうぞ。	그럼、하시죠。
0x58C525	8	FA	1	わかってるんだ。	알고있어
0x58D6B1	8	F809	1	がいたからです。	있어서죠
0x58E33E	8	FA	1	やっつけちゃえ！	해치워！
0x58EB34	8	FB	1	すごいですよね。	대단하죠
0x58EDC4	8	FB	1	それでいいけど。	그럼 돼。
0x58F3FB	8	FA	1	かっこ悪いし。	볼품없고
0x58F6AE	8	FB	1	かわいくねえぞ？	안귀엽다
0x58F927	8	F825	1	は、与えられた	주어진
0x58FA0A	8	FE	1	遅れています。	늦어지고 있습니다。
0x58FD0F	8	F809	1	のパイロットだと	파일럿
0x58FD62	8	FB	1	抵抗するぞ、	저항한다
0x58FEA6	8	F85A	1	（戦闘では、	（전투선、
0x58FEC4	8	FA	1	影響します。	영향준다
0x58FEE1	8	F809	1	やイベントなどで	이벤트등
0x59004A	8	FA	1	かかってるんだ。	걸려있어
0x5900A2	8	FB	1	コッチヘ来イ！	이리 와！
0x5904E6	8	FA	1	こちらですよー。	이쪽이요
0x59052B	8	FB	1	この集団は。	이 집단
0x59078E	8	FA	1	たいしたものだ。	대단하군
0x5907D2	8	FB	1	やはり、キミには	역시 넨
0x590C06	8	FA	1	どうでしょうか？	어떨까？
0x59116E	8	FA	1	ナシで頼むぜ！	없기로！
0x591228	8	FA	1	ことだっただろ？	일이었지
0x59167C	8	FA	1	なっちまってさ。	돼버려서
0x591CEA	8	FB	1	さあ、いくわよ？	자、간다？
0x591CF3	8	FB	1	イチ、ニ、サン！	일이삼！
0x591DC0	8	FA	1	さっきの方は？	아까 분？
0x591E75	8	F809	1	君を疑ってる	널 의심
0x5925C9	8	FD	1	ウン、ありがと。	응、고마워。
0x59261E	8	FB	1	なんか用事？	뭔 볼일？
0x59283E	8	FB	1	アタシはいやよ。	난 싫어。
0x592AFA	8	F809	1	に友好的な	우호적인
0x592C03	8	F809	1	軍が出撃？	군 출격？
0x592E24	8	FA	1	持ってきたぞ。	가져왔다
0x593102	8	FD	1	あてがあるのか？	가망이 있는 거냐？
0x593669	8	FA	1	お前たちカニ？	너희냐？
0x59371C	8	F809	1	に捕まっている	에 잡힌
0x5938AD	8	F808	1	エーベル博士	에벨박사
0x593D71	8	FE	1	今のままでは、	지금 이대로는、
0x59429A	8	F809	1	の味をおぼえた	맛들인
0x594793	8	FA	1	気づいていても	눈치채도
0x595028	8	F809	1	のサイズのものを	사이즈를
0x595067	8	F809	1	に降参したく	에 항복
0x595070	8	FA	1	なったでやんす！	됐습죠！
0x5950A7	8	FB	1	気をつけよう。	조심하자
0x5952E0	8	FD	1	さて、次は親	자、다음은 부모
0x595A6A	8	F809	1	と認定する。	로 인정。
0x595E32	8	F809	1	って名前なら	란 이름
0x595F0F	8	FD	1	じゃ、あの娘は	그럼、저 아이는
0x59665E	8	F800	1	さっきレーダーに	아까 레이더에
0x596789	8	FA	1	いっぱいでして。	가득해서
0x596D13	8	FD	1	さて、この姿で	자、이 모습으로
0x596DC0	8	F809	1	、元気でね。	、잘있어。
0x5971F1	8	FA	1	よいとして・・・	좋다치고
0x597412	8	FA	1	を設置した。	를 설치。
0x597995	8	FA	1	急ぐでやんす！	서둡죠！
0x597CD6	8	FB	1	わっ、バケモノ！	왓、괴물！
0x5981AE	8	FD	1	ギャハハハハハ！	갸하하하하하！
0x5982C7	8	FA	1	キライなんだぜ？	싫다고？
0x5986A0	8	FB	1	危険なのは、	위험한건
0x59896A	8	F800	1	誤解だから。	오해라니까。
0x598A60	8	F809	1	のクローンなの。	클론이야
0x598C8C	8	FF	1	君がいないと、	자네가 없으면、
0x598E4F	8	F809	1	に無関係な	무관한
0x5992F0	8	FB	1	私はいいから。	난 됐어。
0x5993C1	8	F809	1	は自分達が	자기들이
0x599409	8	FA	1	ようにしたわけ。	그리했다
0x599DEC	8	FA	1	運んでました。	옮겼어요
0x599E93	8	FD	1	どこかに行け！	어딘가로 가라！
0x59A563	8	F809	1	」でけっこうさ。	」면 충분
0x59A70F	8	FA	1	つもりはないぜ。	생각없다
0x59A9E1	8	FD	1	ああ、内容は	아아、내용은
0x59B0A5	8	F809	1	で勤務すると	서 근무
0x59BAAB	8	F808	1	宇宙連合	우주연합
0x59BF6B	8	F809	1	の知り合い？	지인？
0x59C5DA	8	FB	1	その過程で、	그 과정
0x59C5EA	8	F809	1	が付け加えた	덧붙인
0x59D1FC	8	FA	1	で行ないます。	서 해요。
0x59D296	8	F809	1	の写真です。	사진이죠
0x59D370	8	F809	1	育ちの私には	자란 난
0x59D5D3	8	FB	1	早く隠れて！	숨어라！
0x59D7CA	8	FA	1	増やしてくれ～	늘려줘～
0x59D8BF	8	FA	1	スルンジャナイ！	하지마！
0x59DA5D	8	FA	1	悪党どもめ。	악당놈들
0x59DBEA	8	FB	1	ド、ドウシヨウ。	어쩌지。
0x59DDD7	8	FA	1	だけではないか！	뿐이잖아
0x59E85A	8	F815	1	エリにまかせる。	에리한테
0x59E9E0	8	FA	1	それでおしまい？	그게 끝？
0x59EFEC	8	FD	1	できるはずだろ？	할 수 있을 텐데？
0x59F253	8	FD	1	おい、やめとけ！	이봐、그만둬！
0x59F60B	8	FB	1	後はまかせて。	뒤 맡겨。
0x59F828	8	FA	1	ダメだから・・・	안돼・・・
0x59F8B9	8	FA	1	ないと思うぞ。	없을듯。
0x59F9DE	8	FB	1	これでこしゃくな	건방진
0x59FD6F	8	F809	1	配下の者が	부하가
0x59FF7F	8	FD	1	あの、そちらは？	저기、그쪽은？
0x5A015B	8	F809	1	君、伏せろ！	군、숙여！
0x5A01F5	8	F800	1	まだ狩れるか？	아직 사냥할 수 있나？
0x5A0AF4	8	FA	1	というのに・・・	인데・・・
0x5A0F25	8	F800	1	もののはずみだ！	얼떨결이었다！
0x5A24E8	8	FE	1	なぜだかわかる？	왜인지 알아？
0x5A2827	8	FA	1	あんたと話す。	얘기하자
0x5A2833	8	FE	1	それでいいよね？	그걸로 됐지？
0x5A286A	8	FA	1	大きいからな。	크니까。
0x5A2D5F	8	FA	1	もらえねえかな？	못 받나？
0x5A2E91	8	F809	1	で待ってるぜ！	서 대기！
0x5A2F36	8	F809	1	も得られます。	도 얻죠。
0x5A2F84	8	F809	1	のロボットたちが	로봇들이
0x5A3A70	8	FA	1	助かったんだ？	살았나？
0x5A3CF1	8	FA	1	なかったことに。	없던걸로
0x5A3FFA	8	FA	1	いいんですよね？	괜찮죠？
0x5A409E	8	F808	1	写真記憶	사진기억
0x5A46F0	8	F809	1	まで行けるか？	까지 가？
0x5A49C4	8	FB	1	まあ、今ごろは	지금쯤은
0x5A4C06	8	F809	1	を殺したのよ。	죽였어。
0x5A54B2	8	FA	1	どうこうできると	어쩔 수
0x5A562E	8	F800	1	あんただけだね❤	당신뿐이네❤
0x5A5A44	8	F809	1	の爆撃です！	폭격이다
0x5A69F8	8	FA	1	知り合いには	지인에겐
0x5A6BB6	8	FA	1	ということカニ？	란 거냐？
0x5A7A24	8	F809	1	君じゃないか。	군 아냐。
0x5A7A98	8	FA	1	してくれたまえ。	해주게。
0x5A8640	8	FA	1	よかったかしら。	잘됐을까
0x5A8715	8	FD	1	よく考えたら、	잘 생각해 보니까、
0x5A8810	8	FA	1	プレゼントです。	선물이죠
0x5A9422	8	FA	1	いないだろうな？	없겠지？
0x5A9847	8	FA	1	帰りましょう。	돌아가죠
0x5A9B9F	8	FA	1	あったでやんす。	있었습죠
0x5A9CFC	8	F809	1	も参加しろ。	도 참가。
0x5AA2F3	8	FB	1	望むところだ。	바라던바
0x5AA381	8	F809	1	君の知ってる	군 아는
0x5AB345	8	F815	1	ピンクを助ける	핑크구출
0x5AB5E0	8	F809	1	め、よく聞け！	잘 들어！
0x5AB66C	8	F809	1	が成敗する！	가 응징！
0x5ABAD0	8	FE	1	なにしろ、これは	어쨌든、이건
0x5ABDE8	8	FA	1	もたらしたのだ。	가져왔다
0x5ABE02	8	F809	1	はその役割を	그 역할
0x5ABE32	8	F809	1	という組織を	란 조직
0x5ABE5C	8	F809	1	は組織として	조직으로
0x5AC028	8	F809	1	を倒さなければ	이겨야
0x5AC5A3	8	F809	1	の移動先は	이동처는
0x5AC80E	8	FA	1	データを元に、	데이터로
0x5AD2DE	8	F809	1	は強敵です。	는 강적。
0x5AD37C	8	FB	1	ブースターオン！	부스터온
0x5AD7F7	8	FA	1	わめいてるんだ？	소리쳐？
0x5AD82E	8	F809	1	に亡命する！	에 망명！
0x5ADE48	8	FA	1	しれませんしね。	모를지도
0x5AE13F	8	FA	1	判ってますよ。	알고있죠
0x5AEC7F	8	FA	1	探知できる！	탐지된다
0x5AEED3	8	FA	1	いたしましょう。	하지요。
0x5AF642	8	FA	1	クズ鉄山さ。	고철산。
0x5AFB66	8	FA	1	すればいいんだ。	하면 돼。
0x5AFDCE	8	F800	1	おかしいですよ。	이상해요。
0x5AFEB4	8	F809	1	で待ってます。	기다려요
0x5B0183	8	FA	1	与えられた！）	받았다！）
0x5B05B7	8	F808	1	５０宇宙トン	５０우주톤
0x5B06B7	8	FB	1	やってくれるか？	해줄까？
0x5B0827	8	FA	1	向かってくれ。	향해줘。
0x5B0983	8	F809	1	の整備士、	정비사、
0x5B0D77	8	F809	1	は買えません。	못 사요。
0x5B0FE5	8	FA	1	思ってたけど、	여겼지만
0x5B1198	8	FE	1	ああ、これは？！	아아、이건？！
0x5B13AA	8	FA	1	だけのことです。	그뿐이죠
0x5B1BB1	8	FA	1	なんでしょうね。	겠지요。
0x5B1D64	8	FB	1	アンタ、少しは	너、좀은
0x5B1D6D	8	FB	1	強いみたいね？	센 듯？
0x5B1ED2	8	FA	1	なぜはずれる？！	빗나가？！
0x5B281C	8	F809	1	へ行ってくれ。	로 가줘。
0x5B2978	8	FA	1	品物とかも？	물건도？
0x5B2D70	8	F825	1	という者です。	란 자다。
0x5B2E4A	8	FE	1	今の宇宙で	지금의 우주에서
0x5B2E89	8	FB	1	毒はありそう？	독 있나？
0x5B31AA	8	FA	1	合ってるよね？	맞지요？
0x5B34B5	8	FD	1	迎撃するぞ！	요격한다！
0x5B3E97	8	F809	1	という兵士は	란 병사
0x5B3EE4	8	FA	1	与えることが、	주는 게、
0x5B3F92	8	F809	1	が狙撃をして	가 저격
0x5B3FE7	8	F809	1	のゲリラにとって	게릴라엔
0x5B4067	8	F809	1	さんの会社は	씨 회사
0x5B48E8	8	F809	1	に逃げられた？	놓쳤나？
0x5B4B71	8	F809	1	まで別の船で	딴 배로
0x5B4BF2	8	FE	1	すまなかったな。	미안했다。
0x5B4D25	8	F809	1	に戻ってくれ。	로 와줘。
0x5B5051	8	F809	1	の艦隊です。	함대다。
0x5B506E	8	F809	1	のデータ収集	자료수집
0x5B5720	8	FE	1	全エネルギーを	전 에너지를
0x5B5825	8	F809	1	はどうなった？！	어찌됐어
0x5B5D33	8	FB	1	クックック・・・	쿡쿡・・・
0x5B6099	8	FA	1	出てきました！	나왔어요
0x5B61C6	8	F809	1	の宇宙軍が	우주군이
0x5B63FD	8	FA	1	さらうことだな。	납치다。
0x5B6E7C	8	FA	1	おかなかったぞ。	안 뒀다。
0x5B77FC	8	F9	1	。こめいＱポむい	
0x5B7E7E	8	F822	1	さいワれへいＹあ	
0x5B7FE5	8	FC	1	あさいづビむい（	
0x5B83A9	8	FC	1	あさい亜さい（	
0x5B8626	8	F800	1	さい❤ヂむいＵあ	
0x5B8AEE	8	F800	1	さい写むいＵあ	
0x5B9634	8	FC	1	搭さいエジむい	
0x5B97B0	8	F800	1	ヂぢふいえあさい	
0x5BA7B7	8	F800	1	足らないよ～。	모자라아～。
0x5BB633	8	F815	1	普通特殊	보통특수
0x5BB70B	8	F815	1	惑星ピカーリ	피카리별
0x5BB943	8	F8F8	1	インタビュー愛	인터뷰애
0x5BB9C3	8	F8F8	1	海賊発見	해적발견
0x5BBB0F	8	F815	1	ピカクリスタル２	피카석２
0x5BBB1D	8	F8F8	1	これにて終了	종료
0x5BBB34	8	F8F8	1	リコがいるその２	리코２
0x5BBD21	8	FB	1	ここに居たら、	있으면、
0x5BBD88	8	F8F8	1	ランダムチェック	랜덤체크
0x5BBE74	8	FB	1	美しいですね。	아름답네
0x5BBF7D	8	F8F8	1	海賊を襲う	해적습격
0x5BC3E6	8	F8F8	1	パーティにフグリ	후그리
0x5BC5A0	8	F8F8	1	ノーマル特殊	노멀특수
0x5BCA93	8	F8F8	1	遺跡汎用	유적범용
0x5BD220	8	FE	1	わかりましたか？	아셨습니까？
0x5BD3D7	8	F8F8	1	アピールその1	어필１
0x5BD7B8	8	FB	1	わかりましたね！	알겠네요
0x5BDB50	8	F8F8	1	遺跡イベント	유적사건
0x5BEBBA	8	FD	1	えっ？うそだろ？	엇？거짓말이지？
0x5BF1EE	8	FB	1	毒が！毒が！	독！독！
0x5C1023	8	FE	1	だから落ちろ。	그러니 떨어져라。
0x5C144E	8	FA	1	ご褒美です。	포상이다
0x5C161E	8	FB	1	ラッキーでやんす	럭키입죠
0x5C18BE	8	FD	1	突っ込むぞ！	돌진한다！
0x5C1D99	8	F809	1	もいるだろうし、	도 있고、
0x5C1E05	8	FA	1	止めておくよ。	관둘게。
0x5C2265	8	FB	1	あんた達こそ、	너희들、
0x5C2755	8	FA	1	わからないんだ。	모르겠어
0x5C2B88	8	FA	1	戻してやるぞ！	돌려주마
0x5C313B	8	F809	1	中級者用	중급자용
0x5C31DC	8	F809	1	が上がるよう、	오르도록
0x5C3D58	8	F809	1	を手にいれた。	를 획득。
0x5C43CE	8	FB	1	骨付き肉？	뼈고기？
0x5C446E	8	FB	1	怖いでやんす！	무섭죠！
0x5C4880	8	FB	1	つまんないの～。	심심해～。
0x5C48D4	8	FA	1	それでいいかな。	그럼 돼。
0x5C53A0	8	FB	1	しくっちゃったな	실수했군
0x5C5485	8	FD	1	撤退するぞ！	철수한다！
0x5C5BBC	8	FB	1	そして美しい！	아름답다
0x5C5E0A	8	FD	1	おもしろいだろ？	재미있지？
0x5C5E2B	8	FE	1	そだね！やろう！	그래！하자！
0x5C655D	8	FA	1	投げたからだ！	던진탓！
0x5C72A8	8	FA	1	知ってるのよ。	알고있어
0x5C74E7	8	FA	1	見ているんだ。	보고있다
0x5C8291	8	FB	1	そして、３トンの	３톤짜리
0x5C89D4	8	FA	1	好きだもんね。	좋아하니
0x5C8B25	8	FA	1	言うんでしょ？	말하지？
0x5C8B7B	8	F809	1	の今、一番	지금가장
0x5C8CB1	8	FB	1	つまんないな～。	심심해～。
0x5C8F57	8	FA	1	できるわけだな。	가능하군
0x5C9345	8	FA	1	チェックします。	체크한다
0x5C9587	8	FA	1	やめるでやんす。	관둡죠。
0x5C997D	8	F825	1	君！あの人、	군！저분、
0x5CA1E9	8	FA	1	くれるでやんす！	줍죠！
0x5CA270	8	FB	1	かなりピンチだ！	꽤 위기！
0x5CA315	8	FD	1	だったら何だ！	그렇다면 뭐냐！
0x5CA3BC	8	FB	1	やり過ぎだあ！	심했다！
0x5CACC2	8	FB	1	に、逃げるぞ！	로 도망！
0x5CADCA	8	FE	1	それは全部、	그건 전부、
0x5CAEB1	8	FA	1	初めてだから。	처음이라
0x5CB09E	8	F825	1	君の方から、	군 쪽서、
0x5CB62C	8	F809	1	君。なにアレ？	저게 뭐？
0x5CB81F	8	FA	1	見えないだろ？	안보이지
0x5CBF10	8	F809	1	に逆らおうって	대들려고
0x5CC51B	8	FA	1	必ずできます。	꼭 돼요。
0x5CC564	8	FB	1	よろしいですね？	괜찮죠？
0x5CC6A0	8	FD	1	しかも相手は	게다가 상대는
0x5CC93D	8	FA	1	いないでやんす！	없습죠！
0x5CC9D8	8	FA	1	できるんですか？	가능해요
0x5CCB62	8	FA	1	いうわけですか！	그런거군
0x5CD2AD	8	FD	1	それらに隠れた	그것들에 숨은
0x5CD382	8	FD	1	それに、ここには	게다가、여기에는
0x5CD57C	8	FA	1	できないのです。	안 돼요。
0x5CDC74	8	FA	1	してしまいます。	해버려요
0x5CDC9B	8	FB	1	こいつは誰だ？	누구냐？
0x5CDF12	8	FA	1	言うのですか！	않냐고！
0x5CE0D6	8	FA	1	声をかけます。	말 건다。
0x5CE316	8	FD	1	見てなさいよ！	보고 있어！
0x5CEDE4	8	FA	1	行ってみます。	가볼게요
0x5CF554	8	FA	1	するでやんすよ。	합죠。
0x5CF64B	8	FA	1	戦ってたから。	싸웠으니
0x5CFCA0	8	FA	1	言っていたし。	말했었고
0x5CFF6E	8	FE	1	おかしいなあ～。	이상하네에～。
0x5CFFFB	8	FA	1	尋ねているの。	묻고있어
0x5D0494	8	FB	1	さあ、来たまえ	자、오게
0x5D065B	8	FA	1	不思議だ。	신기하다
0x5D0A5E	8	F800	1	つまんないの～！	재미없어어～！
0x5D0B1A	8	FA	1	でやんすかねえ？	입죠？
0x5D0C02	8	FA	1	いいでやんすか？	좋습죠？
0x5D0E05	8	F809	1	でしている奴を	하는 놈
0x5D19E5	8	FA	1	までもでやんす。	까지랍죠
0x5D1A74	8	FA	1	アウトでやんす！	아웃입죠
0x5D1E3F	8	FB	1	すぐに行くよ。	곧 갈게。
0x5D234F	8	FA	1	しまったんだよ。	버린거야
0x5D2608	8	FA	1	したわけだけど。	그런 셈。
0x5D2766	8	FA	1	やんすかねえ～。	습죠～。
0x5D29D9	8	F809	1	達が来ても、	들 와도、
0x5D2B99	8	FA	1	おかしいだろう！	이상하지
0x5D38C8	8	FA	1	許されてるの。	허용돼。
0x5D4374	8	FE	1	僕の名前は	내 이름은
0x5D49E0	8	F808	1	リィィィィィィン	리이잉
0x5D54E9	8	FA	1	当然だよな。	당연하지
0x5D550C	8	FA	1	当然だよな！	당연！
0x5D5BDE	8	F825	1	に渡したのよ。	에 줬어。
0x5D5DB7	8	FA	1	知らないけど。	모르지만
0x5D6591	8	FE	1	むかつくなあ～。	짜증 나는구나아～。
0x5D65EE	8	F809	1	の妹だけだよ。	동생뿐。
0x5D6800	8	F825	1	みたいになるよ。	처럼 돼。
0x5D6AF9	8	FA	1	良かったのに。	좋았는데
0x5D752C	8	FB	1	忙しいんだよ。	바쁘다고
0x5D778C	8	F809	1	の頭なんだろ？	머리지？
0x5D795B	8	F825	1	を待ってるよ。	기다린다
0x5D7B24	8	FF	1	ＡＩもい」ピもい	
0x5D800A	8	FC	1	さいヂブもいＯあ	
0x5D8272	8	FC	1	さい尅さいいい	
0x5D86A8	8	FC	1	ヂブもいぃあさい	
0x5D8C2C	8	FC	1	搭さい尅さい	
0x5D9091	8	FB	1	かまれたかしら？	물렸나？
0x5D9395	8	F809	1	を見つけるぞ。	찾아낸다
0x5D9A34	8	F85B	1	まずは、ビッグな	우선은、커다란
0x5D9A5C	8	FA	1	知ってるかい？	아나？
0x5D9AD4	8	F8F8	1	武器取得	무기획득
0x5D9F5C	8	F82E	1	が捕まったぜ！	가 붙잡혔다！
0x5DA031	8	F8F8	1	ゲフェン上空	게펜상공
0x5DA59C	8	F822	1	で、最後か。	그래서、마지막인가。
0x5DAD15	8	F8F8	1	最終決戦	최종결전
0x5DB278	8	FA	1	困っています。	곤란해요
0x5DB8FE	8	F825	1	君がいつまでも	군이 늘
0x5DC6BE	8	F808	1	高級家具	고급가구
0x5DC7E5	8	FB	1	ただの薬屋だ	그냥약방
0x5DC96B	8	F809	1	に移ってから、	옮긴 뒤、
0x5DCC17	8	FA	1	植物なのか？	식물？
0x5DCC45	8	F809	1	のような森に、	같은 숲、
0x5DD12B	8	F815	1	仕事を探す	일 찾기
0x5DD1AB	8	FA	1	持って来な。	가져와。
0x5DD1DD	8	F815	1	依頼を見る	의뢰보기
0x5DD4E9	8	F809	1	の物でやんす！	것입죠！
0x5DD4FF	8	FA	1	バレたでやんす！	들켰죠！
0x5DD9AC	8	FB	1	それならいいわ。	그럼 돼。
0x5DDB88	8	FA	1	有名だったの	유명했어
0x5DE3EF	8	FB	1	捕まえるには、	잡으려면
0x5DE603	8	FB	1	しかたが無いわ	별수없어
0x5DF30A	8	FD	1	仕事ですか？	일입니까？
0x5DF575	8	FB	1	気が向いたら	내키면
0x5DF57E	8	FB	1	連絡してね。	연락해。
0x5DFAD1	8	F805	1	そうだった・・・	맞다・・・
0x5DFE03	8	FE	1	あ、詳しくは、	아、자세한 것은、
0x5E00D1	8	F809	1	さんの家だから	씨 집
0x5E020E	8	FB	1	連邦を憎む	연방증오
0x5E06C0	8	FB	1	この森は、まる	이 숲은
0x5E087A	8	FB	1	さあ、報酬の	자、보수
0x5E08A5	8	FA	1	がんばってくれ。	힘내줘。
0x5E10AC	8	F86B	1	船の定員が	배 정원
0x5E10B5	8	FA	1	いっぱいなんだけ	가득한데
0x5E138E	8	FA	1	言ってるんだ。	말한다고
0x5E14C2	8	FA	1	張ってあるな）	붙어있군
0x5E14F1	8	FB	1	腕のいいやつが	실력자가
0x5E1890	8	F815	1	ハルツグと組む	하루쓰구
0x5E1D1E	8	FA	1	なんとかするさ。	어떻게든
0x5E1ED5	8	FA	1	話もしたいわ。	얘기하자
0x5E2117	8	FE	1	過ごしました）	지냈습니다）
0x5E23B0	8	FA	1	しないでくれよ。	하지마。
0x5E251A	8	FD	1	まあ、なんにせよ	뭐、어쨌든
0x5E28FB	8	FB	1	遅かったわね。	늦었네。
0x5E2A5C	8	F829	1	道場の下よ	도장아래
0x5E2C93	8	FB	1	結局これは？	결국 뭐？
0x5E3046	8	FB	1	あれがシカです。	사슴이죠
0x5E3073	8	FB	1	あ、来ました！	아、왔다！
0x5E3C73	8	FA	1	できたんですよ。	됐어요。
0x5E3F50	8	F829	1	囲まれました。	포위됐다
0x5E3F68	8	FE	1	ど、どうしましょ	어、어쩌죠
0x5E420A	8	F825	1	さんって言う、	씨라는、
0x5E44ED	8	F809	1	なんだけど・・・	인데・・・
0x5E4584	8	FA	1	よくわからないけ	잘 몰라
0x5E477F	8	FB	1	あなたもやるの？	너도 해？
0x5E4A61	8	FA	1	ひどいじゃない。	심하잖아
0x5E4AFC	8	FE	1	しかたないわね。	어쩔 수 없네。
0x5E4D79	8	FB	1	でも残念ね。	아쉽네。
0x5E4FB0	8	FE	1	すぐ行きます。	곧 가겠습니다。
0x5E5551	8	F80B	1	大丈夫！？	괜찮아！？
0x5E55CC	8	F809	1	が大変なの！	가 큰일！
0x5E56B8	8	FA	1	られなくて・・・	못해・・・
0x55F087	7	FA	1	弦ァＲ益ぃ	
0x55F8AE	7	FA	1	ペＨいあィＬそ	
0x560435	7	FE	1	ァＲ衣ラやい	
0x560D96	7	F88F	1	ペてしあォぬぱ	
0x562C42	7	FF	1	さいくぜを滑	
0x563202	7	F802	1	プおぃたズおき	
0x56323E	7	F88F	1	さい瀞を奇	
0x56329E	7	F9	1	ね）あみペちち	
0x5632A6	7	F9	1	の）あみペてち	
0x5633BE	7	F883	1	さい瀞を毅	
0x563426	7	F9	1	の）あみペてあ	
0x563A8D	7	FA	1	ちボ・いあゥ（	
0x563B2A	7	FA	1	ペＦあちィ（あ	
0x563F10	7	FA	1	ザＭヂモゴ窄	
0x563F18	7	FA	1	ゲリヂけあ	
0x564000	7	FC	1	ドＢゥ／ゥ峨	
0x564030	7	FC	1	ダ４ゥＥゥ峨	
0x564F62	7	F85B	1	えァＥテふいぞ	
0x564FAA	7	F85B	1	くァネシふいぞ	
0x56556E	7	F85D	1	あァトセふいぞ	
0x5656B2	7	F85C	1	ぃァペテふいぷ	
0x5658CE	7	F85C	1	こァ！ツふいば	
0x565916	7	FC	1	れァくテふいば	
0x56593A	7	FC	1	ぞァみテふいば	
0x56595E	7	FC	1	たォづテふいば	
0x565982	7	FC	1	０ェ捺ふいぶ	
0x569D42	7	FF	1	わあもほおとこ	
0x569E4E	7	FF	1	わありほおとこ	
0x569F5A	7	FF	1	わあをほおとと	
0x56B126	7	FF	1	將りとあここ	
0x56B662	7	FF	1	ズありとあとと	
0x56BDB6	7	FF	1	わあもととこお	
0x56BEC2	7	FF	1	ぜあほねここぇ	
0x56BFCE	7	FF	1	わあふほととり	
0x56C0DA	7	FF	1	わあほねおほほ	
0x56F8A1	7	FC	1	あさいねにへい	
0x56FB01	7	F807	1	回復した！	회복했다！
0x56FCB0	7	FF	1	雪の惑星	눈의 행성
0x56FD04	7	FA	1	ばかりの星。	뿐인별。
0x56FD30	7	FF	1	水の惑星	물의 행성
0x56FDAD	7	FA	1	覆っている。	덮는다。
0x56FF14	7	FF	1	砂漠の星	사막의 별
0x56FFDF	7	FA	1	あらゆる物が	온갖 것
0x5700D4	7	FF	1	安い宝石	싼 보석
0x5700F4	7	FF	1	こわれたパーツ	망가진 부품
0x57010C	7	FF	1	高い宝石	비싼 보석
0x5705AB	7	FF	1	やり直します	재시도
0x570CA1	7	F828	1	るへい拾ほい	
0x5712E1	7	F83D	1	ずへい。ネへい	
0x5717E5	7	F849	1	あさいごあさい	
0x5717ED	7	F849	1	ヒへいォぉへい	
0x5718C7	7	FC	1	いぱろへい８あ	
0x571957	7	FC	1	いぱろへい９あ	
0x572677	7	FC	1	いォをへい６あ	
0x57290F	7	FC	1	いわわへいＥあ	
0x572C17	7	FC	1	い司へいＩあ	
0x573282	7	FC	1	さいた３はい」	
0x57342B	7	FC	1	い炬へい６あ	
0x57352B	7	FC	1	いっをへいあい	
0x5736B7	7	FC	1	いみあさいあい	
0x575777	7	F822	1	ね、家かな。	응、집이려나。
0x5758B7	7	FE	1	ここはひとつ、	여기서 하나、
0x5758CB	7	FA	1	どうだろうか？	어떨까？
0x575A63	7	F822	1	、やばいよな。	、위험하지。
0x576075	7	FA	1	なんですよぉ？	라고요？
0x576B2E	7	FA	1	やめてくれよ？	관둬줘？
0x576F36	7	FD	1	ありがとう！！	고마워！！
0x578B6D	7	FE	1	これでは、まだ	이래서는、아직
0x578CA3	7	FE	1	おほほほほほ！	오호호호호호！
0x578E68	7	F815	1	終了する。	종료。
0x579CA6	7	F8F8	1	巨大な人	거인
0x57A1F6	7	FA	1	いるはずです。	할거죠
0x57A211	7	F809	1	でやんすよね？	입죠？
0x57B299	7	F808	1	オーブール軍	오부르
0x57B3A1	7	FA	1	テロリストを、	테러범、
0x57B47D	7	F809	1	が駐屯し、	주둔해、
0x57BC1C	7	F809	1	にあたるなよ。	탓마라。
0x57D9FF	7	FE	1	で、あたしらの	
0x57E38B	7	F809	1	の企業から	기업서
0x57E602	7	FB	1	聞いてくれ。	들어줘。
0x57E938	7	F825	1	の船ですね。	배군요。
0x58015E	7	F825	1	はどうしたッ！	어쨌나！
0x5802C1	7	F825	1	君、ちょっと	군、잠깐
0x580827	7	FA	1	ならないのか？	안되나？
0x580C28	7	FD	1	死ねぇええ！	죽어어어！
0x580D3C	7	FA	1	ということか。	란 거군
0x581214	7	F809	1	であるように、	이도록、
0x5812BF	7	F808	1	ボブダ・ボブオ	보브다
0x582321	7	F809	1	の人間とは	인간과
0x5827C5	7	F809	1	のコマンドで、	커맨드、
0x582EEF	7	F809	1	のバカバカー！	바보야！
0x58407D	7	F809	1	が衰退して	쇠퇴해
0x5846C4	7	FD	1	ええ、そうよ。	응、그래。
0x585E81	7	F809	1	に期待した	기대한
0x586052	7	F809	1	でロックオン！	록온！
0x5863C1	7	F8F8	1	なんの話だ？	뭔 얘기
0x58653E	7	FA	1	買わないか？	살래？
0x5869DF	7	F809	1	君以外は	군 외엔
0x586C92	7	FA	1	悪くはない。	괜찮다。
0x587165	7	FE	1	え、逃げた？	어、도망쳤어？
0x58744F	7	FA	1	思わんのか。	모르나。
0x587D8A	7	F86B	1	こびてやがる。	아첨해。
0x58899A	7	FD	1	そうだ、たぶん	그래、아마
0x588E0D	7	FA	1	みたいですね。	하네요。
0x5894EA	7	F809	1	とのいざこざは	다툼은
0x589820	7	FA	1	いうことだな！	란 거군
0x58A174	7	F809	1	は私たちへの	우리에
0x58A265	7	FA	1	でやんすぅ～。	입죠～。
0x58ABDE	7	F800	1	逃がすなよ。	놓치지 마라。
0x58AC17	7	FB	1	撃破せよ！	격파！
0x58AE4F	7	F809	1	の故郷は、	고향은、
0x58AFE2	7	F809	1	の上の方の	위쪽의
0x58B01E	7	F809	1	は倒さないと	이겨야
0x58B06F	7	F809	1	にいたからね。	있어서。
0x58BB43	7	FA	1	あびていたら、	맞으면、
0x58BCA0	7	FA	1	コブでやんす。	혹입죠。
0x58BD7D	7	FA	1	しまったんだ。	버렸어。
0x58BE43	7	FA	1	ましでやんす。	낫습죠。
0x58BF12	7	FD	1	その代わり、	그 대신、
0x58C6E0	7	FB	1	アハハハハハ。	아하하。
0x58D725	7	FA	1	に食べられて	먹혀서
0x58D72D	7	FA	1	しまいました。	버렸죠。
0x58D952	7	FE	1	しかし、あれは	하지만、저건
0x58DEB7	7	F809	1	とかいう女に	란 여자
0x58E12C	7	F800	1	何か来る！	뭔가 온다！
0x58E30D	7	FB	1	無事かー？	무사해？
0x58E3B1	7	FA	1	３つしかない。	３개뿐。
0x58E891	7	FE	1	ひざを撃つ。	무릎을 쏜다。
0x58E8EE	7	FA	1	助けに来た	구하러
0x58EDAF	7	FB	1	いいですねっ？	좋죠？
0x58EF20	7	FD	1	なんだそりゃ。	그게 뭐야。
0x58F8EE	7	FA	1	どうだろうか。	어떨까。
0x58F918	7	FE	1	順調です。	순조롭습니다。
0x58FB6E	7	F809	1	を阻止する	를 저지
0x58FB99	7	F825	1	の父親だ。	아비다。
0x59013C	7	FB	1	炎の中から	불속서
0x590673	7	FA	1	なくなるもの。	없어져。
0x590714	7	F809	1	バンザイです。	만세죠。
0x590BEE	7	F809	1	からいただいた	께 받은
0x590C96	7	FA	1	あんたたちは？	너희는？
0x592214	7	FB	1	なんだこれは。	뭐지。
0x592639	7	F800	1	両方とも？	양쪽 다？
0x592AEB	7	FB	1	あのあたりには	그 근처
0x5932F9	7	FA	1	知らなくて。	몰라서。
0x593874	7	FA	1	欲しいカニ。	원한다。
0x593AB8	7	F808	1	どまぐにー人	도마구
0x594658	7	F809	1	に入ったね。	들었네。
0x594700	7	F809	1	を持ってない	안가진
0x5947CE	7	F809	1	はテレポートで	전송
0x594BE9	7	FB	1	なぜなんだよ！	왜냐고！
0x5955D1	7	FE	1	あ、そういえば	아、그러고 보니
0x59571F	7	FB	1	宇宙船が	우주선
0x5957E5	7	F809	1	慰謝料を	위자료
0x596948	7	F809	1	に栄えあれ！	영광을！
0x596AB5	7	FD	1	お友達は、	친구분은、
0x596BD8	7	FB	1	でも、これじゃ	이래선
0x596E24	7	FB	1	頼みがある。	부탁이。
0x598463	7	F809	1	星人様が	성인님
0x598495	7	FB	1	ああ、それなら	아、그럼
0x5985EE	7	FA	1	やめましょう。	관두죠。
0x599C9D	7	FB	1	ひどいでーす！	심해요！
0x599EB6	7	FA	1	いきませーん。	안가요。
0x59A2F7	7	F809	1	さん、ちょっと	씨、잠깐
0x59A4BB	7	FE	1	偶然だね。	우연이네。
0x59A509	7	F809	1	教官だよ。	교관。
0x59AA59	7	F800	1	持ってたの？	갖고 있었어？
0x59B0C8	7	F809	1	がもらえるぞ。	받는다。
0x59B309	7	F809	1	一人だと、	혼자면、
0x59BB32	7	FE	1	調停役の	중재역인
0x59BBB9	7	F809	1	はつぶれんぞ。	안망해。
0x59BE1F	7	F809	1	は独立した	독립한
0x59BE27	7	FA	1	惑星だろ！	행성！
0x59C327	7	FA	1	まだだったな。	아직。
0x59C693	7	FA	1	じゃないから。	아니라。
0x59CB65	7	FA	1	下りてきた！	내려와！
0x59CD5F	7	F809	1	の建物は、	건물은、
0x59CE63	7	F800	1	そんなことして	그런 짓을 해서
0x59D921	7	F86B	1	モドラナイト、	안돌아、
0x59D9AC	7	FB	1	悪党ども！	악당들！
0x59DE82	7	F86B	1	恐れながら。	황공히。
0x59E91C	7	FA	1	見るがいい！	보아라！
0x59E924	7	FB	1	うわぁあああ！	우와아！
0x59F4F8	7	FA	1	いいじゃない！	좋잖아！
0x59FA21	7	FA	1	どうでしょう。	어떨까。
0x59FD1D	7	F809	1	を破壊する	를 파괴
0x5A020E	7	F800	1	気が散る。	정신이 산만하다。
0x5A0455	7	F809	1	とかいう奴も	란 놈도
0x5A0812	7	FA	1	するでやんす！	합죠！
0x5A13FD	7	FE	1	いかがかしら？	어떠실까요？
0x5A15DB	7	F800	1	お姫様？！	공주님？！
0x5A1FAE	7	FA	1	あるんだなぁ～	있구나～
0x5A23A8	7	F809	1	の物なんだ。	것이다。
0x5A2ABD	7	FB	1	面倒ごとを	귀찮은
0x5A2E5B	7	F809	1	努力する！	노력！
0x5A4678	7	F809	1	と別れた！）	이별！）
0x5A4727	7	FE	1	この宇宙に	이 우주에
0x5A4BF5	7	FA	1	二千人の	２천명의
0x5A4CB4	7	FA	1	命乞いする	구걸
0x5A4CE3	7	F809	1	の爆撃が、	폭격이、
0x5A4E3E	7	F809	1	の手先め！	앞잡이！
0x5A52EE	7	FB	1	お久しぶり。	오랜만。
0x5A5AD7	7	F809	1	の規模は？	규모는？
0x5A5E8A	7	FA	1	初耳だな。	첨 듣네
0x5A6B7D	7	FB	1	ということは、	란 건、
0x5A6DE7	7	FD	1	ヤツラの富を	놈들의 부를
0x5A6DF0	7	F808	1	オーブール人	오부르
0x5A6DF9	7	F809	1	で分配して	분배해
0x5A7D23	7	F800	1	いや、そうだ。	아니、그렇다。
0x5A8CE0	7	FA	1	敵多数の	적 다수
0x5A8CFA	7	FA	1	許しました！	용서！
0x5A9A5E	7	FA	1	できないだろ？	못하지？
0x5AA482	7	FA	1	勝てねぇ～！	못이겨！
0x5AA51A	7	FA	1	やるんだから！	할거야！
0x5AAA0A	7	FA	1	危険だな。	위험해。
0x5AAE07	7	FA	1	からでやんす。	부터죠。
0x5AB54F	7	F800	1	それもちょっと	그것도 조금
0x5AB93A	7	F809	1	評議会の	평의회
0x5ABA69	7	F809	1	元帥です。	원수다。
0x5ABED8	7	F809	1	の歴史は、	역사는、
0x5AC806	7	F809	1	の提供した	제공한
0x5AC9AD	7	FA	1	のでやんすよ。	입죠。
0x5ACD20	7	FA	1	あるんでしょ？	있잖아？
0x5ACD53	7	F86B	1	この程度の	이 정도
0x5ACD7D	7	F809	1	をさらう時は	납치때
0x5ACE0A	7	FE	1	まあ、現在	뭐、현재
0x5ACF61	7	F809	1	と戦う事を	와 싸움
0x5ACFE2	7	FE	1	俺、今度	나、다음에
0x5AD5E7	7	FA	1	だけのことだ！	뿐이다！
0x5AD739	7	FA	1	やんすからね。	거죠。
0x5AD79D	7	FA	1	ことであった！	였다！
0x5AE6CE	7	F815	1	助けに行く	구하러
0x5AE85D	7	FD	1	完了です。	완료입니다。
0x5AF071	7	F809	1	びいきは私。	내 편애
0x5AFF50	7	FB	1	そっちのキミ！	거기 너
0x5B04CC	7	F809	1	を買うための	를 사려
0x5B054E	7	FA	1	いいんですね？	괜찮죠？
0x5B0871	7	F809	1	宇宙港）	우주항）
0x5B0CA9	7	F809	1	という星なら	란 별
0x5B0D49	7	FB	1	なお、今後	앞으로
0x5B1C35	7	FA	1	ロボットたちも	로봇들
0x5B1C3D	7	FA	1	さっきの人を	아까 분
0x5B1E20	7	FA	1	なんだからさ。	이니까。
0x5B1EF6	7	F800	1	くやしいよね！	분하지！
0x5B2C42	7	F809	1	、それひどい。	、심해。
0x5B2D66	7	F809	1	のパイロット、	파일럿、
0x5B2E5A	7	F809	1	に逆らうのは	대드는
0x5B3B44	7	F809	1	まで運んで。	옮겨줘。
0x5B3CB0	7	F800	1	なんの音だ。	무슨 소리냐。
0x5B3DBD	7	F809	1	でありますか？	입니까？
0x5B40AB	7	F815	1	救出する。	구출。
0x5B49FC	7	FE	1	ここはどこだ？	여기는 어디냐？
0x5B4FF7	7	FD	1	さて、そろそろ	자、슬슬
0x5B5007	7	F809	1	に着きます。	도착。
0x5B5B45	7	F809	1	の艦隊も、	함대도、
0x5B66CC	7	FE	1	さっきの船が	아까 그 배가
0x5B689D	7	F809	1	の女王は、	여왕은、
0x5B6E06	7	F809	1	の暴挙に、	폭거에、
0x5B808F	7	FC	1	いとヂむいＵあ	
0x5B857E	7	F800	1	さい尅さい（	
0x5B942E	7	F800	1	さい尅さいこ	
0x5BA27A	7	F8F8	1	時間切れ	시간끝
0x5BA372	7	F815	1	街をうろつく	배회
0x5BB63D	7	F8F8	1	バッド特殊	배드
0x5BB64D	7	F8F8	1	ノーマルパーツ	일반품
0x5BBC95	7	F8F8	1	自分の姿	제 모습
0x5BC26F	7	F8F8	1	ワーム退治	웜 퇴치
0x5BC3FB	7	F8F8	1	パーティにボブ	보브
0x5BC7B3	7	F809	1	のイベントだ！	이벤트！
0x5BC84F	7	FB	1	見ましたよ！	봤어요！
0x5BCC6D	7	F809	1	を２トンほど。	２톤쯤。
0x5BCD2B	7	F815	1	船の修理	배 수리
0x5BD01E	7	F809	1	さんはこちらを	이쪽을
0x5BD026	7	FA	1	見ていない。	안본다。
0x5BD3E1	7	F8F8	1	アピールその２	어필２
0x5BDB36	7	F809	1	のデバッグです	디버그
0x5BDD14	7	FB	1	行きますよ！	갑니다！
0x5BDFC0	7	FA	1	かもしれない！	일지도！
0x5BE26F	7	F815	1	仲間になる	동료로
0x5BE6A7	7	F815	1	リンと再会	린 재회
0x5BE6D2	7	F8F8	1	リンの心配	린 걱정
0x5BE6DB	7	F8F8	1	面白い事	재밌는
0x5BE6E4	7	F8F8	1	イタズラその１	장난１
0x5BEA63	7	FB	1	次！来い！	다음！와
0x5C172B	7	FB	1	は、離れろ！	떨어져！
0x5C1F8A	7	F815	1	中に入れる	안 넣기
0x5C22AE	7	F809	1	の破壊神	파괴신
0x5C2334	7	FE	1	強情だな。	고집불통이군。
0x5C3D31	7	FA	1	していますよ。	합니다。
0x5C4274	7	FA	1	当然です。	당연。
0x5C48F7	7	FA	1	きっとあるよ。	꼭 있어
0x5C4C2B	7	FB	1	いいオトコが。	좋은 놈
0x5C4F22	7	FE	1	ピンチだね～。	위기네에～。
0x5C5950	7	FE	1	お兄さんが、	오빠가、
0x5C622A	7	FB	1	大変だ～。	큰일～。
0x5C683B	7	F809	1	が大事か？	가 중요
0x5C6ABA	7	FA	1	わかるのです。	압니다。
0x5C72F9	7	F809	1	」ってなんだと	」란 뭐
0x5C82E8	7	FB	1	また来ます！	또 올게
0x5C881E	7	F809	1	との喧嘩が	와 싸움
0x5C8857	7	F809	1	が許せない。	못참아。
0x5C88ED	7	FE	1	あたしはいつか	나는 언젠가
0x5C8B2E	7	FB	1	つまんな～い。	심심해～
0x5C8D21	7	FD	1	大丈夫か	괜찮으냐
0x5C9171	7	FA	1	ポイントです。	포인트。
0x5C91DB	7	FA	1	それを売る。	판다。
0x5C9D85	7	F825	1	と言ったな。	라 했군
0x5CA7B9	7	F809	1	君がいない。	군 없다
0x5CAD7E	7	FA	1	困るでしょ。	곤란해。
0x5CAFCE	7	FA	1	って聞くし。	들었고。
0x5CB01D	7	FA	1	思うけどね。	싶은데。
0x5CBCAE	7	FA	1	おきましょう。	둡시다。
0x5CBF4C	7	FA	1	やんすかね～。	습죠～。
0x5CBF6B	7	FA	1	わからないさ。	몰라。
0x5CC706	7	FB	1	新手かな？	신참？
0x5CC90F	7	FD	1	いい加減、	이제 그만、
0x5CD3F9	7	FB	1	そういうのも、	그것도、
0x5CD64B	7	F809	1	語でやんす。	어입죠。
0x5CE272	7	F825	1	が居たから、	있어서、
0x5CE627	7	F809	1	のせいだろう。	탓이지。
0x5CEF5C	7	FA	1	気になるし。	궁금해。
0x5CF10C	7	FA	1	出れないさ。	못나가。
0x5CFFC3	7	F825	1	に何の用？	뭔 일？
0x5D0512	7	F825	1	君に渡して	군께
0x5D09A9	7	FB	1	やっぱりさ～！	역시～！
0x5D10B4	7	F825	1	としたい事が	하고픈
0x5D10DA	7	F809	1	を倒してね。	이겨줘。
0x5D15A3	7	FD	1	まあ、どこから	뭐、어디서부터
0x5D183D	7	FD	1	確かに今の	분명 방금 그
0x5D184C	7	F809	1	に近づくのは	접근은
0x5D1875	7	FB	1	このままいくと	이대론
0x5D1A98	7	FA	1	教えてやれ！	알려줘！
0x5D1DEA	7	FB	1	このままじゃ！	이대론！
0x5D1E58	7	FA	1	どちらにしても	어쨌든
0x5D20EA	7	FA	1	いいんだから。	되니까。
0x5D219B	7	FA	1	あげるからね！	줄게！
0x5D297C	7	FA	1	がいいかもね。	좋을듯。
0x5D30E3	7	FE	1	進まなきゃ。	나아가야지。
0x5D31AA	7	FA	1	ひどいっすよ。	심해요。
0x5D3345	7	F809	1	に居たのか。	있었나。
0x5D380D	7	F809	1	を助けないと	구해야
0x5D4313	7	FA	1	見せてくれ！	보여줘！
0x5D45CA	7	F809	1	には会えた？	만났어？
0x5D4CD9	7	FE	1	投げました！	던졌습니다！
0x5D4D66	7	FA	1	何なんだよ！	뭐냐고！
0x5D4E0F	7	FA	1	このポイントは	이 지점
0x5D50AC	7	FA	1	ですが、僕は	지만、난
0x5D578B	7	FE	1	あたしはただの	나는 그저
0x5D5987	7	FA	1	ダメでやんす。	안됩죠。
0x5D5C71	7	FA	1	もんじゃない。	아니다。
0x5D5FD9	7	F825	1	はこんな所に	이런 데
0x5D6015	7	FE	1	あれ？あれは？	어라？저건？
0x5D60A9	7	F809	1	から無線？	무전？
0x5D60B1	7	FB	1	何の用だ？	볼일？
0x5D61A7	7	FB	1	おもしろそう！	재밌다！
0x5D64C7	7	FA	1	この場所を	이 장소
0x5D7081	7	FA	1	それでいいか。	됐나。
0x5D750B	7	FA	1	思ったのに。	했는데。
0x5D76B3	7	FA	1	なったんだよ。	됐다고。
0x5D7779	7	FD	1	でも、お前は	하지만、너는
0x5D79C2	7	FA	1	回しといて。	돌려놔。
0x5D8263	7	FC	1	いシベもいＯあ	
0x5D8D37	7	FC	1	いごビもいゼあ	
0x5D8E5B	7	FC	1	いごビもいＭあ	
0x5D93C0	7	F808	1	メリー兄弟	메리형
0x5D95A7	7	F822	1	ょ伏場所	잠복 장소
0x5D9A3D	7	F85B	1	お知らせだ！	알림이다！
0x5D9C3F	7	F8F8	1	５トン欲しい	５톤원해
0x5DA01F	7	F815	1	海賊船２	해적선２
0x5DA028	7	F8F8	1	海賊船３	해적선３
0x5DAA33	7	F815	1	戦闘機４	전투기４
0x5DAA3C	7	F8F8	1	戦闘機６	전투기６
0x5DAA45	7	F8F8	1	戦闘機８	전투기８
0x5DBDAF	7	F86B	1	こんな所に？	이런데？
0x5DBE93	7	FB	1	つかまえたぞ！	잡았다！
0x5DBEC9	7	F825	1	君でやんす！	군입죠！
0x5DC075	7	F809	1	に来たんだ。	에 왔다
0x5DC29C	7	FA	1	いかないのです	안돼요
0x5DC733	7	FA	1	できそうもない	안될듯
0x5DCDC8	7	FB	1	超有名な	초유명
0x5DCF0C	7	FE	1	でも、この状	
0x5DD1E7	7	F8F8	1	食事をする	식사
0x5DD6EB	7	F809	1	を退治して	를 퇴치
0x5DDB7B	7	F808	1	田舎の星	시골 별
0x5DEFB1	7	F822	1	ところかまわず	장소를 가리지 않고
0x5DF31F	7	FB	1	ちょうど今か	딱 지금
0x5DF370	7	FB	1	見つけたわ。	찾았어。
0x5DF38B	7	F8F8	1	協力しない	비협력
0x5DF740	7	FA	1	珍しいよな。	드물지。
0x5DFA6D	7	FB	1	書けました。	썼어요。
0x5E00F1	7	F8F8	1	追いかけない	안 쫓아
0x5E0823	7	F829	1	気になるな。	궁금해。
0x5E0ADF	7	FB	1	ないのですが、	없는데、
0x5E0D6E	7	FB	1	えーと、たぶん	음、아마
0x5E0DFB	7	FE	1	あんなところで	저런 곳에서
0x5E11E9	7	FA	1	尋ねたい事	묻고픈
0x5E1535	7	FB	1	腕に覚えは	실력엔
0x5E153D	7	FB	1	あるんだろう？	있겠지？
0x5E20D5	7	FE	1	あ、その前に	아、그 전에
0x5E21D2	7	FD	1	どう見ても、	아무리 봐도、
0x5E2694	7	FA	1	まずいからな。	곤란해。
0x5E27DD	7	FB	1	えーと、さっき	음、아까
0x5E2995	7	FB	1	残念だわ。	아쉽네。
0x5E2AB7	7	FD	1	何がなんだか	뭐가 뭔지
0x5E2ABF	7	FD	1	わからないよ。	모르겠어。
0x5E2EAC	7	F809	1	の兵士が、	병사가、
0x5E308F	7	FB	1	気をつけて！	조심해！
0x5E372A	7	FB	1	行けますぜ。	갑니다。
0x5E386C	7	FB	1	早く起きて	빨리 깨
0x5E3BA3	7	FA	1	見えるんです	보여요
0x5E3C5A	7	F829	1	でも最近、	요즘은、
0x5E3F8A	7	FB	1	こんな奴ら、	놈들아、
0x5E40BD	7	FB	1	それほどでも。	별로。
0x5E4200	7	FB	1	それに、ほら！	게다가！
0x5E473B	7	FB	1	なんて事を！	뭔 짓！
0x5E4EC3	7	F807	1	たいへんだぁ！	큰일이다아！
0x5E5197	7	FA	1	しかたないわ。	어쩌랴。
0x5E5704	7	FA	1	ついさっきよ。	방금。
0x5E57BC	7	FB	1	いいんだけど、	좋지만、
0x55FB2B	6	FF	1	はァあゴ挨	
0x56022F	6	FA	1	業覧険	
0x562E6A	6	FF	1	さいまッ垢	
0x5632AE	6	F9	1	は）あみペて	
0x563352	6	F843	1	と）あぽペて	
0x56343E	6	F9	1	ア）あみペう	
0x563B5E	6	F9	1	さいあいたう	
0x563EC0	6	FA	1	デェズゲゾナ	
0x563EC8	6	FA	1	ェネェツェヌ	
0x563ED0	6	FA	1	ェぞェォェべ	
0x563EE0	6	FA	1	ヂＲゴ斜ミ	
0x563EE8	6	FA	1	ダＺダトヂヌ	
0x563EF8	6	FA	1	ゼソゲゥジナ	
0x563F00	6	FA	1	ヅぼザでグコ	
0x563F28	6	FA	1	ェぞェぱェン	
0x563F30	6	FA	1	ダＺェぼェク	
0x563F40	6	FA	1	ェマェギェぞ	
0x563F50	6	FC	1	ェウィサェヌ	
0x563F58	6	FC	1	ェぱェツェネ	
0x563F60	6	FC	1	ザオゾナジナ	
0x563F68	6	FC	1	ェタィサェヌ	
0x563F88	6	FC	1	ェロェぢェネ	
0x563F90	6	FC	1	ェぱェツェぷ	
0x563F98	6	FC	1	ヅクゲグゾナ	
0x563FA0	6	FC	1	グぜギージナ	
0x563FA8	6	FC	1	ェソェンィサ	
0x563FB0	6	FC	1	ヂでザ…ダィ	
0x563FB8	6	FC	1	ェナェガィサ	
0x563FC0	6	FC	1	ェべェぢェヌ	
0x563FD0	6	FC	1	ェンェぢェガ	
0x563FD8	6	FC	1	ザ謁ペゲヅ	
0x563FE0	6	FC	1	ェメィサェテ	
0x563FE8	6	FC	1	ドグゲゥゾナ	
0x563FF0	6	FC	1	ョＸザでジミ	
0x564008	6	FC	1	ゼマジＫゼＺ	
0x564018	6	FC	1	ェホェエェン	
0x564050	6	FC	1	ェヌェでェイ	
0x564058	6	FC	1	ェモェダェぷ	
0x564060	6	FC	1	ェラェグェぼ	
0x564C03	6	F85B	1	ァりセふいび	
0x564D6B	6	F85B	1	ァぃスふいぜ	
0x564DD7	6	F85B	1	ァがシふいぜ	
0x564ED3	6	F85B	1	ァタスふいぜ	
0x564F1B	6	F85B	1	ァたチふいぞ	
0x564F3F	6	F85B	1	たペトふいぞ	
0x564FCF	6	F85B	1	みペシふいづ	
0x564FF3	6	F85B	1	ＵＥスふいぞ	
0x5650CB	6	F85B	1	タねツふいば	
0x5651EB	6	FA	1	ズみナふいぜ	
0x565233	6	FA	1	６ぃナふいぜ	
0x565257	6	FA	1	ァぽトふいウ	
0x5652C3	6	FC	1	ァとタふいだ	
0x5652E7	6	FC	1	ァタツふいだ	
0x5653E3	6	FC	1	ァ楠ふいば	
0x565407	6	FC	1	ァ。サふいぜ	
0x56544F	6	FC	1	ぜァナふいぜ	
0x5654DF	6	F85D	1	ぜぃシふいづ	
0x565503	6	F85D	1	びリシふいぜ	
0x565527	6	F85D	1	ぜ！ソふいび	
0x56554B	6	F85D	1	ぜりチふいぞ	
0x5655FF	6	F85D	1	ァぽスふいぜ	
0x5656D7	6	F85C	1	ォねシふいぺ	
0x565743	6	F85C	1	ァくシふいぜ	
0x56578B	6	F85C	1	びごソふいぜ	
0x5657AF	6	F85C	1	Ｕエソふいぜ	
0x56583F	6	F85C	1	ぜォサふいぜ	
0x565A13	6	FC	1	ぜ！サふいべ	
0x565AA3	6	FC	1	ァ！スふいぜ	
0x565B57	6	FC	1	ァボツふいば	
0x565BE7	6	F860	1	ァぱセふいび	
0x565C2F	6	F860	1	ぜ。チふいぴ	
0x565C53	6	F860	1	ァ鍋ふいぜ	
0x565C77	6	F860	1	ァぃトふいぞ	
0x565C9B	6	F860	1	ァ（ナふいば	
0x565CBF	6	F860	1	タ淫ふいべ	
0x565CE3	6	F860	1	ァＥサふいぜ	
0x565D2B	6	F860	1	Ｕ蔭ふいぜ	
0x5700B4	6	FF	1	買えません	살 수 없습니다
0x5705A4	6	FF	1	最初から	첨부터
0x570BB7	6	FC	1	いＩぉへい（	
0x570FD4	6	FC	1	尅さいい	
0x57121A	6	FE	1	さいヤおほい	
0x5713F6	6	FA	1	まいクごへい	
0x5719E0	6	FC	1	た３はいダあ	
0x571A9B	6	FC	1	いぱろへい（	
0x571C1C	6	FC	1	！１はいい	
0x571E64	6	FC	1	搭さいダあ	
0x572038	6	FC	1	尅さいブあ	
0x57207C	6	FC	1	み３はい６あ	
0x5720C4	6	FC	1	た３はいあい	
0x57216C	6	FE	1	み３はいあい	
0x5723DC	6	FC	1	ヂろへいＢあ	
0x5726AC	6	FC	1	ヤっへいＢあ	
0x5727FC	6	FE	1	ね３はいよあ	
0x57288C	6	FA	1	ヂろへい６あ	
0x5728E7	6	FC	1	いォをへい」	
0x572A28	6	FE	1	づぃへいＤあ	
0x572C64	6	FC	1	ワれへいダあ	
0x57302C	6	FE	1	ＡろへいＡあ	
0x57303F	6	FC	1	いボぁへいえ	
0x573194	6	FC	1	ヂろへいＦあ	
0x573398	6	FC	1	シわへいダあ	
0x573404	6	FC	1	」わへいあい	
0x573418	6	FC	1	暫へいＢあ	
0x5734B4	6	FC	1	ワれへいあい	
0x573740	6	FC	1	溯へいＹあ	
0x573750	6	FC	1	者むいあい	
0x573CFC	6	FC	1	Ｑぅへいあい	
0x573D44	6	F801	1	Ａるへい８あ	
0x573F20	6	FE	1	❤ぃへいあい	
0x574098	6	F801	1	暫へいＤあ	
0x574178	6	F801	1	ごんへいあい	
0x5741A8	6	F801	1	ＡるへいＡあ	
0x574314	6	FC	1	ヤぅへいあい	
0x5743E0	6	FC	1	溯へいあい	
0x574424	6	FC	1	❤ぇへいづい	
0x5744DF	6	FC	1	いゲぅへいせ	
0x57454C	6	FC	1	❤んへい６あ	
0x5745F0	6	FC	1	搭さいＨあ	
0x5758C4	6	F809	1	ということで	그러니
0x575F5A	6	FE	1	力で敵に	힘으로 적에게
0x5762E5	6	F85A	1	しましょう！	하죠！
0x57681A	6	FB	1	もうすっかり	완전히
0x57693E	6	FD	1	エンジンを？	엔진을？
0x576980	6	FB	1	人間だ！	인간！
0x577E75	6	F809	1	へようこそ。	환영。
0x5785F4	6	FD	1	いいのかい？	괜찮은 거야？
0x578D01	6	FA	1	ようですね。	같군。
0x5792D7	6	F809	1	を発見！	발견！
0x5792F6	6	F809	1	の威信を	위신을
0x579CBA	6	F8F8	1	選びなおす	재선택
0x57A283	6	FB	1	テロリストの	테러범
0x57AADA	6	FA	1	どうなんだ？	어때？
0x57B49F	6	FA	1	いたします。	하죠。
0x57B543	6	FF	1	抜け忍の	탈주 닌자의
0x57B583	6	F809	1	という者。	란 자。
0x57B82C	6	F809	1	という男が	남자가
0x57CD2E	6	F809	1	を探すぞ。	찾자。
0x57D386	6	F809	1	君が君を	군이널
0x57E31B	6	FA	1	らしいです。	래요。
0x57FE14	6	FE	1	わかったね。	알겠지。
0x57FF2E	6	FB	1	お前こそ、	너부터
0x58001C	6	F800	1	いてててて。	아야야야야。
0x5808F5	6	FA	1	わかるのだ。	안다。
0x5809EF	6	F803	1	けしからん！	괘씸！
0x58127B	6	F809	1	と呼ぶぞ。	라 함。
0x5812A5	6	F809	1	の略称は	약칭은
0x58180F	6	F809	1	の視界）	시야）
0x581D50	6	FE	1	おまじない。	주문。
0x5820D1	6	F809	1	の利権は	이권은
0x582214	6	F809	1	にいた時は	있을땐
0x582702	6	F809	1	はともかく、	몰라도
0x583244	6	FD	1	こ、これは？	이、이건？
0x583F77	6	FA	1	このあたりに	근처에
0x5851F7	6	FE	1	手前まで	앞까지
0x5863A6	6	FA	1	あんたかい？	너냐？
0x5869D2	6	FB	1	だから俺と	나랑
0x586A58	6	F85A	1	」コマンドを	」명령
0x58705A	6	FA	1	わかったぞ。	알겠다
0x5879E4	6	F822	1	いもしもし？	
0x587A52	6	F809	1	ばんざーい！	만세～！
0x587E95	6	FA	1	したまでだ。	했을뿐
0x588950	6	F800	1	もしもーし！	여보세요오！
0x58906D	6	FA	1	でしょうね。	겠네요
0x589B33	6	F809	1	の人間が	인간이
0x58A096	6	FA	1	くれたまえ。	주게。
0x58A14E	6	F86B	1	いけません。	안돼요
0x58A6AA	6	FB	1	あたし達は	우리는
0x58A9D5	6	FB	1	よかったね。	잘됐네
0x58B0A7	6	F809	1	の艦隊を	함대를
0x58B3EF	6	FA	1	どうします？	어쩔까
0x58B4CD	6	F809	1	の姫だ。）	공주）
0x58B8D9	6	FA	1	だもんなぁ。	이니까
0x58BEC0	6	F809	1	君の家は	군 집
0x58C4E0	6	FD	1	あ、ところで	아、그런데
0x58C9CE	6	F809	1	の警備が	경비가
0x58D381	6	F815	1	なぐさめる。	위로。
0x58D478	6	F809	1	の奥様？	부인？
0x58D602	6	FB	1	おとぎ話を	동화를
0x58D6A2	6	FB	1	とても怖い	무서운
0x58D867	6	F809	1	のことだな。	얘기군
0x58E285	6	F809	1	もろくなこと	변변한
0x58E37B	6	FA	1	なったんだ？	됐나？
0x58F2CD	6	F809	1	生きてる？	살아？
0x58F96E	6	FA	1	いけないな。	안돼。
0x58FAE3	6	FA	1	ならないな。	안되지
0x58FF0B	6	F808	1	ロケット弾	로켓탄
0x58FF1D	6	F809	1	を使えば、	쓰면、
0x5901D1	6	FB	1	ドウシヨウ？	어쩌나
0x590339	6	F809	1	様にとって	님에겐
0x59063D	6	FA	1	聞いたわ！	들었어
0x590C7C	6	FA	1	みたいだぜ。	같은데
0x5920D9	6	F815	1	大きい箱	큰상자
0x5920E1	6	F8F8	1	小さい箱	작은 상자
0x5921EA	6	F809	1	をギャフンと	혼쭐을
0x59281C	6	FB	1	言わない！	안해！
0x592AE4	6	FD	1	いけません！	안 됩니다！
0x5930EE	6	FD	1	ウォッホン！	으흠！
0x593B82	6	FB	1	逃ゲロー！	도망！
0x594531	6	F809	1	にいたから、	있어서
0x594C6C	6	FA	1	でやんすね？	입죠？
0x59586C	6	F809	1	の人間は	인간은
0x596782	6	F809	1	の方々で	분들이
0x5974E9	6	FB	1	降参ね～	항복～
0x598097	6	FA	1	そうですが？	그런데
0x59926B	6	F809	1	には、そう。	그래。
0x5994B9	6	FA	1	作った対	만든
0x5995F0	6	F809	1	の依頼で	의뢰로
0x599A16	6	FB	1	大きくとも	커도
0x599B67	6	F809	1	じゃないな？	아냐？
0x599DCD	6	FA	1	やってます。	해요。
0x59B41C	6	FB	1	聞いてくれ	들어줘
0x59B658	6	FA	1	あるんだぞ。	있다。
0x59BDB5	6	FA	1	なりました。	됐어요
0x59BF52	6	FB	1	お前は！！	너는！！
0x59CF56	6	F809	1	中佐だ。	중좌。
0x59CFD2	6	FA	1	テロリストと	테러범
0x59D46C	6	FA	1	なりますね。	되겠네
0x59D4FF	6	FD	1	そんなことで	그런 걸로
0x59D50E	6	F809	1	のみなさんを	여러분
0x59E957	6	F800	1	この技ね。	이 기술이네。
0x59F2E4	6	F809	1	なんでしょ？	이지？
0x59F493	6	F804	1	ご名答。	정답。
0x59F742	6	F809	1	の肉体。	육체。
0x59F9EF	6	F809	1	の連中も	놈들도
0x5A0C4D	6	F86B	1	お姫様の	공주님
0x5A1F4C	6	FA	1	来たんだ？	왔나？
0x5A354D	6	F809	1	の体のこと	몸얘기
0x5A3DED	6	F809	1	、ナイスだ！	、좋아！
0x5A4BD2	6	F809	1	暴動よ。	폭동。
0x5A507F	6	FD	1	そのためには	그러기 위해서는
0x5A5158	6	F809	1	の支援を	지원을
0x5A53F4	6	F803	1	すんません！	죄송！
0x5A5563	6	F8F8	1	連絡する	연락
0x5A60A6	6	FE	1	これあげる。	이거 줄게。
0x5A60E3	6	F809	1	の弱点が	약점이
0x5A660C	6	F809	1	ではすべての	모든
0x5A6A92	6	F809	1	の打倒を	타도를
0x5A7618	6	FD	1	あなた方が	당신들이
0x5A7626	6	F809	1	の資源を	자원을
0x5A7977	6	F809	1	相手でも	상대도
0x5A7A61	6	FA	1	ことだろう。	겠지。
0x5A7DF1	6	F809	1	グループとは	그룹은
0x5A85C5	6	F809	1	の女王に	여왕께
0x5A87D2	6	F809	1	が戦力を	전력을
0x5A8EBF	6	F825	1	でやんすか。	입죠。
0x5A9E26	6	F809	1	が配れよ。	돌려。
0x5AAA59	6	FA	1	やらねえよ。	안줘。
0x5AAD74	6	F815	1	買います。	살게요
0x5AB539	6	F809	1	だったのね！	였네！
0x5AB5F5	6	FA	1	かわいそうな	가엾은
0x5AB65F	6	FB	1	よって、この	그래서
0x5AB8DB	6	F809	1	グループも、	그룹도
0x5ABC00	6	FA	1	ないですか！	없잖아
0x5ABF70	6	F809	1	が一手に	독점해
0x5AC039	6	F809	1	の経済は	경제는
0x5AC933	6	F809	1	グループに、	그룹에
0x5AD094	6	FA	1	あるまいな？	없겠지
0x5AD0DB	6	FA	1	違いない！	확실！
0x5AD677	6	F809	1	のエースだ！	에이스
0x5AD904	6	F809	1	と戦おう！	싸우자
0x5ADD63	6	F809	1	の実験は	실험은
0x5ADF02	6	FA	1	ものですよ。	거죠。
0x5ADF9E	6	F809	1	は過去に	과거에
0x5AEEAA	6	FA	1	なんですわ。	이죠。
0x5B0DBC	6	F809	1	の軍艦が	군함이
0x5B1F5C	6	F800	1	やめとくわ。	그만둘래。
0x5B203A	6	F800	1	念のために	혹시 모르니
0x5B2B84	6	F809	1	、この子は	、이 앤
0x5B3524	6	F800	1	まあいいわ。	뭐 됐어。
0x5B3AE0	6	F809	1	に向かう。	로 가。
0x5B3EAB	6	F809	1	のヒーローと	영웅과
0x5B3F9B	6	FA	1	目の前で	눈앞서
0x5B3FA9	6	F809	1	の兵士が	병사가
0x5B4EF4	6	F809	1	へ急ぐぞ！	서둘러
0x5B505A	6	FB	1	おそらくは、	아마도
0x5B59D9	6	F809	1	が大破！	대파！
0x5B5BCB	6	F809	1	の艦隊も	함대도
0x5B5CE2	6	F838	1	奴らが反	놈들이 반
0x5B5F92	6	F809	1	の政権は	정권은
0x5B619F	6	FA	1	のでやんす！	입죠！
0x5B63EC	6	F809	1	の目的は	목적은
0x5B68AC	6	F809	1	の手などに	손에
0x5B68B5	6	F805	1	落ちたりは	안뺏겨
0x5B6F63	6	F809	1	政府から	정부서
0x5B741E	6	FF	1	めいふペむい	
0x5B7452	6	F8A9	1	むいォぜもい	
0x5B74D2	6	F8A6	1	むいミ珊い	
0x5B7666	6	F821	1	さいふブむい	
0x5B7E92	6	F822	1	さいトビむい	
0x5B80C0	6	FC	1	尅さいＵあ	
0x5B8178	6	FC	1	わあさいせい	
0x5B825C	6	F800	1	えデむいＹあ	
0x5B8318	6	FC	1	ワれへいＶあ	
0x5B8794	6	FE	1	搭さいＸあ	
0x5B897C	6	FC	1	ワれへいＸあ	
0x5B8A36	6	FC	1	さいワブむい	
0x5B936B	6	FC	1	いＩザむいせ	
0x5B93F4	6	F800	1	搭さいＹあ	
0x5B9628	6	FC	1	ＹベむいＷあ	
0x5B9840	6	F800	1	っゼむいＵあ	
0x5B9884	6	F800	1	しゼむいＹあ	
0x5BA201	6	F8F8	1	宝があった	보물이
0x5BB93B	6	F815	1	もっと見ろ	더 봐
0x5BB9D4	6	F8F8	1	宝発見	보물！
0x5BC278	6	F8F8	1	リコとジュン	리코준
0x5BC40F	6	F8F8	1	パワーアップ	파워업
0x5BC4AA	6	F822	1	イベントなし	이벤트 없음
0x5BC598	6	F8F8	1	レア特殊	레어
0x5BC9B8	6	FD	1	頼んだよ。	부탁할게。
0x5BCB81	6	FB	1	気になる！	궁금해
0x5BCC2C	6	FE	1	貴方には	당신에게는
0x5BCC3D	6	F809	1	を５ポイント	５점을
0x5BD297	6	F804	1	恐るべし。	무섭다
0x5BD3CF	6	F8F8	1	ピカーリにて	피카리
0x5BE0C4	6	F815	1	腕を見る	실력
0x5C1585	6	FB	1	俺がいる。	내가。
0x5C229E	6	FE	1	お、お前は	너、너는
0x5C30AC	6	F809	1	に戻ろう。	가자。
0x5C3144	6	FA	1	ですからね。	이니까
0x5C4922	6	FD	1	わかってる？	알고 있어？
0x5C4DB6	6	F808	1	ウィンダスト	윈더스
0x5C4E8A	6	FB	1	このままじゃ	이대론
0x5C573A	6	FA	1	無いんだ。	없다。
0x5C5EAE	6	FA	1	もらうから！	받는다
0x5C6163	6	FE	1	って、おい！	라니、이봐！
0x5C66E0	6	FA	1	いいんだな。	됐구나
0x5C6CE2	6	FA	1	よろしくね！	부탁해
0x5C7317	6	F800	1	しらな～い。	몰라아～。
0x5C802C	6	FA	1	する話だ。	얘기다
0x5C82A2	6	F809	1	をプレゼント	선물로
0x5C890A	6	FA	1	だったんだ。	였어。
0x5C8CE6	6	FB	1	じゃあね～。	그럼～。
0x5C9568	6	F804	1	暇つぶし？	놀이？
0x5C966C	6	FE	1	この街を、	이 마을을、
0x5C996D	6	FA	1	だろうけど。	겠지만
0x5CA71C	6	FB	1	ま、まだっ！	아직！
0x5CA919	6	FA	1	やんすよね？	습죠？
0x5CB530	6	FA	1	変だとか？	이상？
0x5CB94F	6	FA	1	なったけど。	됐지만
0x5CC899	6	FD	1	つっこめ～！	돌진해라아～！
0x5CD813	6	FA	1	勝ったぞ。	이겼다
0x5CD8B7	6	F809	1	さんの所に	씨한테
0x5CDC45	6	FA	1	してしまう。	해버려
0x5CDCC2	6	FA	1	上げている	올리는
0x5CE012	6	FA	1	できますね。	가능해
0x5CE7A7	6	F8F8	1	向かわない	안간다
0x5CF1AE	6	FA	1	よくないよ。	안좋아
0x5CF249	6	FD	1	と、特殊	
0x5CF306	6	F809	1	は無茶を	무리를
0x5D00E6	6	FA	1	言うんだ？	말해？
0x5D011E	6	F807	1	くたばれ！！	죽어 버려！！
0x5D050A	6	FE	1	あとでこれを	나중에 이것을
0x5D0625	6	F809	1	なんだから、	이니까
0x5D0B84	6	FD	1	何だコレ？	이게 뭐야？
0x5D0E3F	6	FA	1	なくてだな！	아니라
0x5D1070	6	FA	1	ダメでしょ？	안돼？
0x5D10CB	6	FA	1	任せるよ。	맡긴다
0x5D1187	6	FA	1	私だから。	나니까
0x5D2813	6	FA	1	高くなる。	비싸져
0x5D2E81	6	FE	1	あれ？あたし	어라？나
0x5D336F	6	FE	1	ワクチンとか	백신이라든가
0x5D3518	6	F809	1	に最近、	요즘、
0x5D36B8	6	FE	1	元気よ。	잘 지내。
0x5D36F9	6	FB	1	早いなあ。	빠르네
0x5D3A1C	6	F809	1	じゃないぞ。	아니다
0x5D3ACF	6	FA	1	思わない？	안그래
0x5D3CB2	6	FA	1	とはしない。	안한다
0x5D4802	6	FA	1	じゃないわ。	아니야
0x5D4838	6	FA	1	ないでしょ！	없잖아
0x5D4A41	6	FA	1	いやがるな。	있구나
0x5D4D52	6	FB	1	だから、あの	그래서
0x5D64D0	6	F825	1	が簡単に	쉽게
0x5D65E2	6	FA	1	できるのは、	되는건
0x5D6C97	6	FA	1	なんだもん。	인걸。
0x5D73D7	6	F800	1	なんかよう？	무슨 볼일？
0x5D7B2E	6	F8B3	1	もい園もい	
0x5D8197	6	FC	1	い諫もい（	
0x5D8247	6	FC	1	いＹビもいす	
0x5D8294	6	FC	1	やあさいＯあ	
0x5D86D0	6	FC	1	搭さいＭあ	
0x5D87D6	6	FC	1	さいごベもい	
0x5D8990	6	FC	1	えあさいＱあ	
0x5D8998	6	FC	1	くあさいＲあ	
0x5D89A0	6	FC	1	しあさいＳあ	
0x5D8BB0	6	FC	1	やあさいダあ	
0x5D8C20	6	FC	1	やあさいあい	
0x5D8C37	6	FC	1	いォビもい❤	
0x5D8C68	6	FC	1	」ボもいＭあ	
0x5D8C7C	6	FC	1	わボもいあい	
0x5D8D74	6	FC	1	えあさいＰあ	
0x5D8D7C	6	FC	1	くあさいＱあ	
0x5D8D84	6	FC	1	しあさいＲあ	
0x5D8D8C	6	FC	1	たあさいＳあ	
0x5D8D94	6	FC	1	とあさいあい	
0x5D8DB0	6	FD	1	ふあさい９あ	
0x5DA3E1	6	F8F8	1	装甲版	장갑판
0x5DABC6	6	FA	1	しれないわ。	몰라。
0x5DAFE6	6	F809	1	を探すぞ！	찾자！
0x5DB263	4	F823	1	「町に	「마을
0x5DB73F	6	F809	1	与える。」	준다。」
0x5DB8BB	6	FA	1	危なかった	위험
0x5DBF89	6	F815	1	探索する	탐색
0x5DBF91	6	F8F8	1	休憩する	휴식
0x5DC0D7	6	F815	1	なんでもない	아무일
0x5DC27F	6	FA	1	おかげです。	덕분。
0x5DC680	6	F809	1	でも買って	사서
0x5DC8A9	6	F809	1	の隣には、	옆엔、
0x5DCCB2	6	F80B	1	こいつらは、	이놈들
0x5DD884	6	F809	1	の森みたい	숲같은
0x5DD9D7	6	F809	1	さん遅いな	늦는군
0x5DDC36	6	F808	1	香辛料	향신료
0x5DE0F1	6	F809	1	の運搬に	운반에
0x5DE69C	6	FA	1	一直線	일직선
0x5DED49	6	FB	1	それも、もう	그것도
0x5DF383	6	F815	1	協力する	협력
0x5DF4B6	6	FA	1	やられるなん	당하다
0x5E0494	6	F829	1	そうですの？	그런가
0x5E0A66	6	F809	1	農場で、	농장서
0x5E0D5D	6	FB	1	ないかしら？	없을까
0x5E0E10	6	FA	1	おかしいとは	이상한
0x5E0EEE	6	FE	1	突然ね。	갑작스럽네。
0x5E1097	6	F86B	1	どこかしら？	어디지
0x5E1226	6	F809	1	の兵士）	병사）
0x5E12B6	6	F809	1	の人だろ。	사람이
0x5E13F7	6	FA	1	大変だ。	큰일。
0x5E1796	6	FA	1	無いんだが	없지만
0x5E1904	6	FA	1	離れよう。	떠나자
0x5E1A9A	6	F86B	1	答えだな。	답이군
0x5E1DE7	6	FB	1	なんたって、	어쨌든
0x5E1EEE	6	FB	1	いいかしら？	괜찮나
0x5E1F66	6	F809	1	さんのことを	씨얘기
0x5E21E6	6	F809	1	の植物だ	식물이
0x5E2DE4	6	F809	1	の農場が	농장이
0x5E2E2B	6	F809	1	農場は、	농장은
0x5E305F	6	FD	1	あれが鹿？	저게 사슴？
0x5E3D8A	6	FE	1	お薬です。	약입니다。
0x5E41B6	6	FA	1	生徒さん	학생분
0x5E4276	6	F809	1	の護衛、	호위、
0x5E4380	6	FA	1	危ないし。	위험해
0x5E448F	6	F809	1	じゃないわ！	아니야
0x5E44B4	6	F809	1	じゃないの！	아냐！
0x5E4F99	6	F809	1	さん早く！	서둘러
0x5E505E	6	FA	1	行っていれ	갔으면
0x5E5379	6	FD	1	お昼だし。	점심때이기도 하고。
0x5E5856	6	FB	1	だまされちゃ	속으면
0x55F000	5	-	1	くぜを蛾	
0x55F349	5	F9	1	みペ）のプ	
0x55F375	5	F9	1	みペ）せプ	
0x560645	5	FD	1	みペ）く・	
0x563E18	5	FA	1	ズぼヂあ	
0x563E38	5	FA	1	ゼニザ亜	
0x563F48	5	FA	1	ガすち	
0x564A9C	5	F85B	1	クシふいが	
0x564AC0	5	F85B	1	Ｍスふいぎ	
0x564AE4	5	F85B	1	楢ふいぐ	
0x564B08	5	F85B	1	Ｕスふいご	
0x564B2C	5	F85B	1	ぽシふいざ	
0x564B50	5	F85B	1	わテふいじ	
0x564B74	5	F85B	1	がテふいぢ	
0x564B98	5	F85B	1	くニふいど	
0x564BBC	5	F85B	1	ミトふいで	
0x564BE0	5	F85B	1	えチふいぼ	
0x564C28	5	F85B	1	ぽテふいぽ	
0x564C4C	5	F85B	1	ぃニふいア	
0x564C70	5	F85B	1	ふニふいイ	
0x564C94	5	F85B	1	ぃセふいエ	
0x564CB8	5	F85B	1	っチふいぜ	
0x564CDC	5	F85B	1	（シふいぜ	
0x564D00	5	F85B	1	ぱチふいだ	
0x564D24	5	F85B	1	トチふいぜ	
0x564D90	5	F85B	1	ワセふいぜ	
0x564DB4	5	F85B	1	タテふいぜ	
0x564DFC	5	F85B	1	ミスふいぜ	
0x564E20	5	F85B	1	Ｍサふいぜ	
0x564E44	5	F85B	1	ペチふいぜ	
0x564E68	5	F85B	1	６サふいぜ	
0x564E8C	5	F85B	1	ァサふいぜ	
0x564EB0	5	F85B	1	Ｍシふいぜ	
0x564EF8	5	F85B	1	みスふいぜ	
0x565018	5	F85B	1	軟ふいぜ	
0x56503C	5	F85B	1	Ｕトふいぜ	
0x5650F0	5	F85B	1	シタふいば	
0x565114	5	FA	1	バサふいぜ	
0x565138	5	FA	1	がセふいぶ	
0x56515C	5	FA	1	クスふいぶ	
0x565180	5	FA	1	６スふいぶ	
0x5651A4	5	FA	1	ァシふいぶ	
0x5651C8	5	FA	1	ズソふいば	
0x565210	5	FA	1	Ｕシふいぞ	
0x56527C	5	FA	1	たシふいぜ	
0x56530C	5	FC	1	フツふいぜ	
0x565330	5	FC	1	肓ふいぜ	
0x565354	5	FC	1	ズツふいぞ	
0x565378	5	FC	1	Ｉツふいぞ	
0x56542C	5	FC	1	ミナふいぜ	
0x565498	5	F85D	1	くセふいべ	
0x5654BC	5	F85D	1	似ふいぜ	
0x565594	5	F85D	1	ミチふいぱ	
0x5655B8	5	F85D	1	ワチふいぱ	
0x5655DC	5	F85D	1	ぜスふいぱ	
0x565624	5	F85D	1	ペセふいび	
0x56566C	5	F85C	1	Ｙチふいぴ	
0x565720	5	F85C	1	ねソふいぷ	
0x5657F8	5	F85C	1	ぜシふいぜ	
0x56581C	5	F85C	1	ぜトふいぜ	
0x565864	5	F85C	1	びツふいぜ	
0x565888	5	F85C	1	リツふいぜ	
0x5658AC	5	F85C	1	ォツふいば	
0x5659A8	5	FC	1	クセふいぶ	
0x5659CC	5	FC	1	（タふいぶ	
0x5659F0	5	FC	1	みシふいぜ	
0x565A38	5	FC	1	くスふいぜ	
0x565A5C	5	FC	1	しソふいば	
0x565A80	5	FC	1	６シふいぜ	
0x565AC8	5	FC	1	ぃソふいぜ	
0x565AEC	5	FC	1	バスふいだ	
0x565B10	5	FC	1	ョスふいぜ	
0x565B34	5	FC	1	ぃツふいぞ	
0x565B7C	5	FC	1	ぽナふいば	
0x565C0C	5	F860	1	ゲタふいぜ	
0x567144	5	FF	1	Ｅタふいあ	
0x567250	5	FF	1	ヂセふいい	
0x567258	5	FF	1	ふちすとと	
0x56735C	5	FF	1	ズシふいう	
0x567364	5	FF	1	のたここほ	
0x567468	5	FF	1	ぜチふいえ	
0x567470	5	FF	1	もねみこと	
0x567574	5	FF	1	６ソふいお	
0x56757C	5	FF	1	とつおこり	
0x567680	5	FF	1	クチふいか	
0x567688	5	FF	1	ふなせそそ	
0x56778C	5	FF	1	（サふいき	
0x567794	5	FF	1	ねせふそあ	
0x567898	5	FF	1	２タふいく	
0x5678A0	5	FF	1	りぬかおこ	
0x5679A4	5	FF	1	ォソふいけ	
0x5679AC	5	FF	1	もたくこも	
0x567AB0	5	FF	1	リソふいこ	
0x567BBC	5	FF	1	リスふいさ	
0x567BC4	5	FF	1	たくおおり	
0x567CC8	5	FF	1	たセふいし	
0x567CD0	5	FF	1	つつひほそ	
0x567DD4	5	FF	1	ミセふいす	
0x567DDC	5	FF	1	ほにてのそ	
0x567EE0	5	FF	1	ねセふいせ	
0x567EE8	5	FF	1	やのにそあ	
0x567FEC	5	FF	1	とテふいそ	
0x5680F8	5	FF	1	ぜセふいた	
0x568100	5	FF	1	おりあおあ	
0x568204	5	FF	1	ョセふいち	
0x56820C	5	FF	1	れほてそと	
0x568310	5	FF	1	みセふいつ	
0x568318	5	FF	1	もつしとそ	
0x56841C	5	FF	1	りシふいて	
0x568530	5	FF	1	ふてちとそ	
0x568634	5	FF	1	びシふいな	
0x56863C	5	FF	1	はのしとそ	
0x568740	5	FF	1	ヂセふいに	
0x568748	5	FF	1	ほてすこと	
0x56884C	5	FF	1	ズシふいぬ	
0x568854	5	FF	1	ほなここほ	
0x568958	5	FF	1	ぜチふいね	
0x568960	5	FF	1	もねもとと	
0x568A64	5	FF	1	６ソふいの	
0x568A6C	5	FF	1	のぬおこり	
0x568B70	5	FF	1	クチふいは	
0x568B78	5	FF	1	ふなたそそ	
0x568C7C	5	FF	1	（サふいひ	
0x568C84	5	FF	1	はせほちあ	
0x568D88	5	FF	1	２タふいふ	
0x568D90	5	FF	1	りのかおこ	
0x568E94	5	FF	1	ォソふいへ	
0x568E9C	5	FF	1	りたくこり	
0x568FA0	5	FF	1	リソふいほ	
0x5690AC	5	FF	1	リスふいま	
0x5690B4	5	FF	1	たたおおり	
0x5691B8	5	FF	1	たセふいみ	
0x5691C0	5	FF	1	つとへみそ	
0x5692C4	5	FF	1	ミセふいむ	
0x5692CC	5	FF	1	めにてのそ	
0x5693D0	5	FF	1	ねセふいめ	
0x5693D8	5	FF	1	ゆはぬたあ	
0x5694DC	5	FF	1	とテふいも	
0x5694E4	5	FF	1	みねそそそ	
0x5695E8	5	FF	1	ぜセふいや	
0x5695F0	5	FF	1	もしもとぇ	
0x5696F4	5	FF	1	ョセふいゆ	
0x5696FC	5	FF	1	れほてとと	
0x569800	5	FF	1	みセふいよ	
0x569808	5	FF	1	りけしとそ	
0x56990C	5	FF	1	りシふいら	
0x569A20	5	FF	1	ふててねそ	
0x569B24	5	FF	1	びシふいる	
0x569B2C	5	FF	1	ふのしとそ	
0x569C30	5	FF	1	ミテふいれ	
0x569D3C	5	FF	1	ョチふいろ	
0x569E48	5	FF	1	ヂチふいわ	
0x569F54	5	FF	1	Ａチふいを	
0x56A060	5	FF	1	ズナふいん	
0x56A068	5	FF	1	ほとととこ	
0x56A16C	5	FF	1	Ｍチふいぁ	
0x56A174	5	FF	1	のしそそこ	
0x56A278	5	FF	1	ァトふいぃ	
0x56A384	5	FF	1	ズトふいぅ	
0x56A490	5	FF	1	ァテふいぇ	
0x56A498	5	FA	1	ほほこそほ	
0x56A5A4	5	FF	1	ほほこそそ	
0x56A6A8	5	FF	1	Ｍセふいっ	
0x56A7B4	5	FF	1	２ナふいゃ	
0x56A7BC	5	FF	1	としことこ	
0x56A8C0	5	FF	1	Ｙセふいゅ	
0x56A8C8	5	FF	1	そねおほほ	
0x56A9CC	5	FF	1	エツふいょ	
0x56A9D4	5	FF	1	ほほこそお	
0x56AAD8	5	FF	1	ズテふいが	
0x56AAE0	5	FF	1	もほそそほ	
0x56ABE4	5	FF	1	Ｍナふいぎ	
0x56ABEC	5	FF	1	のしとほほ	
0x56ACF0	5	FF	1	。セふいぐ	
0x56ACF8	5	FF	1	とこここり	
0x56ADFC	5	FF	1	❤チふいげ	
0x56AF08	5	FF	1	❤セふいご	
0x56AF10	5	FF	1	ほほそとと	
0x56B014	5	FF	1	院ふいざ	
0x56B01C	5	FF	1	ととそそそ	
0x56B120	5	FF	1	韻ふいじ	
0x56B22C	5	FF	1	綺ふいず	
0x56B234	5	FF	1	のことこお	
0x56B338	5	FF	1	罸ふいぜ	
0x56B340	5	FF	1	とこそそお	
0x56B444	5	FF	1	Ｅトふいぞ	
0x56B44C	5	FF	1	もほおこそ	
0x56B550	5	FF	1	Ｕテふいだ	
0x56B558	5	FF	1	りほおこそ	
0x56B65C	5	FF	1	。テふいぢ	
0x56B768	5	FF	1	Ｕサふいづ	
0x56B874	5	FF	1	（テふいで	
0x56B87C	5	FA	1	とほここお	
0x56B980	5	FF	1	バシふいど	
0x56B988	5	FF	1	としここお	
0x56BA8C	5	FF	1	！シふいば	
0x56BA94	5	FF	1	そこここお	
0x56BB98	5	FF	1	タシふいび	
0x56BBA0	5	FF	1	つくここお	
0x56BCA4	5	FF	1	やソふいぶ	
0x56BDB0	5	FF	1	。トふいべ	
0x56BEBC	5	FF	1	。スふいぼ	
0x56BFC8	5	FF	1	胤ふいぱ	
0x56BFE4	5	FA	1	ズュりあエ	
0x56C1E0	5	FF	1	しツふいぷ	
0x56C1E8	5	FF	1	にくここお	
0x56C2EC	5	FF	1	（トふいぺ	
0x56C3F8	5	FF	1	。シふいぽ	
0x56C400	5	FF	1	ぇほのとぇ	
0x56C414	5	FF	1	ァきみくゥ	
0x56C504	5	FF	1	たトふいア	
0x56C50C	5	FF	1	のしとそお	
0x56C610	5	FF	1	ペサふいイ	
0x56C618	5	FF	1	ほたのとと	
0x56C71C	5	FF	1	難ふいウ	
0x56C724	5	FF	1	ほほそそそ	
0x56C828	5	FF	1	やツふいエ	
0x56C830	5	FF	1	ほほここほ	
0x56C934	5	FF	1	ネタふいオ	
0x56C93C	5	FF	1	ものそそそ	
0x56CA40	5	FF	1	びソふいカ	
0x56CA48	5	FF	1	ほととそそ	
0x56CB4C	5	FF	1	ミシふいキ	
0x56CC58	5	FF	1	ズスふいク	
0x56CC60	5	FF	1	のとおおお	
0x56CD6C	5	FF	1	そくととお	
0x56CE70	5	FF	1	みトふいコ	
0x56CE78	5	FF	1	もことそそ	
0x56CF7C	5	FF	1	フソふいサ	
0x56D088	5	FF	1	がスふいシ	
0x56D194	5	FF	1	Ｅシふいス	
0x56D2A0	5	FF	1	ズサふいセ	
0x56D3AC	5	FF	1	たナふいソ	
0x56D4B8	5	FF	1	ボソふいタ	
0x56D4C0	5	FF	1	のしもとと	
0x56D5C4	5	FF	1	Ｉソふいチ	
0x56D5CC	5	FF	1	りほそそそ	
0x56D6D0	5	FF	1	ァスふいツ	
0x56D6D8	5	FF	1	ほにこそそ	
0x56D7DC	5	FF	1	ねスふいテ	
0x56D7E4	5	FF	1	のしことこ	
0x56D8E8	5	FF	1	Ｕソふいト	
0x56D8F0	5	FF	1	とねここと	
0x56D9F4	5	FF	1	ぜナふいナ	
0x56DB00	5	FF	1	たスふいニ	
0x56DB08	5	FF	1	とこそそほ	
0x56DC0C	5	FF	1	ごツふいヌ	
0x56DC14	5	FF	1	もにとそそ	
0x56DD18	5	FF	1	縄ふいネ	
0x56DD20	5	FF	1	のくこそそ	
0x56DE24	5	FF	1	りスふいノ	
0x56DE2C	5	FF	1	もつおそそ	
0x56DF30	5	FF	1	ョシふいハ	
0x56DF38	5	FF	1	ほつつほそ	
0x56E03C	5	FF	1	くタふいヒ	
0x56E044	5	FF	1	ほとととそ	
0x56E148	5	FF	1	ペスふいフ	
0x56E254	5	FF	1	みタふいヘ	
0x56E25C	5	FF	1	ととほそお	
0x56E360	5	FF	1	びスふいホ	
0x56E368	5	FF	1	ほとこそそ	
0x56E46C	5	FF	1	わタふいマ	
0x56E474	5	FF	1	とつそほそ	
0x56E578	5	FF	1	がタふいミ	
0x56E580	5	FF	1	のせほそと	
0x56E684	5	FF	1	Ａセふいム	
0x56E790	5	FF	1	づタふいメ	
0x56E89C	5	FF	1	ふチふいモ	
0x56E8A4	5	FF	1	とにせそふ	
0x56E9A8	5	FF	1	ぽタふいヤ	
0x56E9B0	5	FF	1	のこそそそ	
0x56EAB4	5	FF	1	６ツふいユ	
0x56EABC	5	FF	1	ほたくこほ	
0x56EBC0	5	FF	1	ヤタふいヨ	
0x56EBC8	5	FF	1	ほとおこほ	
0x56ECCC	5	FF	1	Ｕツふいラ	
0x56ECD4	5	FF	1	もとことほ	
0x56EEE4	5	FF	1	」タふいル	
0x56EEEC	5	FF	1	そほととこ	
0x56EFF0	5	FF	1	ァタふいレ	
0x56EFF8	5	FF	1	のねしほほ	
0x56F0FC	5	FF	1	バタふいロ	
0x56F104	5	FF	1	もくことお	
0x56F208	5	FF	1	タトふいワ	
0x56F314	5	FF	1	タナふいヲ	
0x56F420	5	FF	1	ョサふいン	
0x56F52C	5	FF	1	Ｑタふいヴ	
0x56F883	5	FC	1	い２ぬえい	
0x56FD4E	5	FA	1	を誇る。	자랑。
0x56FD6A	5	FA	1	有名。	유명。
0x57005C	5	FF	1	ゴミパーツ	쓰레기 부품
0x5704A6	5	FF	1	広くなる	확장
0x57066A	5	FF	1	で売れる	에 팔린다
0x571A24	5	FA	1	ワれへい（	
0x571EB4	5	FC	1	搭さいつ	
0x572000	5	FE	1	搭さいと	
0x572248	5	F800	1	搭さいね	
0x5722FC	5	FC	1	尅さいっ	
0x572420	5	FC	1	ヂんへいき	
0x572438	5	FC	1	搭さいき	
0x572440	5	FC	1	ヤをへいお	
0x5724A0	5	FC	1	Ａぁへいち	
0x5724C0	5	FC	1	２ぁへいち	
0x572550	5	FE	1	尅さい」	
0x572844	5	FA	1	っゃへいち	
0x572873	5	FC	1	い尅さい	
0x5728C0	5	FA	1	ォをへい」	
0x572924	5	FC	1	潭へいえ	
0x5729BC	5	FE	1	搭さいく	
0x5729C4	5	FE	1	シをへいか	
0x5729CC	5	FE	1	づろへいお	
0x572A14	5	FE	1	ヤれへいと	
0x572A34	5	FE	1	搭さいの	
0x572A3C	5	FE	1	斬へいぬ	
0x572BB4	5	FA	1	Ｉをへいつ	
0x572BBC	5	FA	1	」ゃへい（	
0x572C2C	5	FC	1	Ｑぃへいあ	
0x572CDC	5	FC	1	わぇへいあ	
0x572E28	5	FA	1	っぁへいそ	
0x572E6C	5	FC	1	搭さいせ	
0x572EAC	5	FC	1	Ｑろへいさ	
0x573140	5	FE	1	っぉへいこ	
0x573148	5	FE	1	えぉへいて	
0x573150	5	FE	1	っぇへいか	
0x5731A0	5	FC	1	搭さいえ	
0x5731B8	5	FC	1	しぅへいあ	
0x57334C	5	FC	1	ぽあさいね	
0x5735CC	5	FC	1	！１はいふ	
0x573610	5	FC	1	Ａんへいこ	
0x573618	5	FC	1	」るへいけ	
0x573638	5	FC	1	搭さいぽ	
0x5738A9	5	FC	1	あさいそい	
0x573948	5	FC	1	づるへいし	
0x573968	5	FC	1	２わへいう	
0x5739EC	5	FC	1	Ｑゃへいか	
0x5739F4	5	FC	1	とるへいき	
0x573A8C	5	FE	1	ォをへい（	
0x573C60	5	FC	1	Ｑをへいい	
0x573CF4	5	FC	1	ボっへいぬ	
0x573D18	5	F801	1	やぁへいね	
0x573D20	5	F801	1	ワっへいは	
0x573D84	5	F801	1	ワゃへいさ	
0x573D8C	5	F801	1	２をへいて	
0x573DD8	5	F801	1	とろへいう	
0x573DFC	5	F801	1	ゲわへい（	
0x573E38	5	F801	1	ごぁへいお	
0x573E9C	5	FE	1	づぁへいこ	
0x573EC8	5	FE	1	エんへいひ	
0x573ED0	5	FE	1	」んへいい	
0x573EE0	5	FE	1	２るへいあ	
0x574000	5	F801	1	Ａぉへい」	
0x574074	5	F801	1	ワぉへいし	
0x57407C	5	F801	1	」わへいす	
0x5740E8	5	F801	1	史へいけ	
0x5740F8	5	F801	1	Ａるへい（	
0x574160	5	F801	1	ごるへいそ	
0x574168	5	F801	1	ふるへいた	
0x574170	5	F801	1	しれへいち	
0x574198	5	F801	1	しぉへいけ	
0x574280	5	FC	1	搭さいち	
0x57429C	5	FC	1	❤っへいけ	
0x5742B8	5	FC	1	灑へいこ	
0x5742C8	5	FC	1	ごろへいて	
0x5742D0	5	FC	1	ヤゃへいた	
0x5742EC	5	FC	1	ゲんへいの	
0x5742F4	5	FC	1	Ｉるへいさ	
0x5742FC	5	FC	1	ワわへいお	
0x57432C	5	FC	1	灑へいう	
0x57433C	5	FC	1	フぁへいつ	
0x57434C	5	FC	1	とぉへいす	
0x574354	5	FC	1	Ｑぇへいた	
0x574368	5	FC	1	っろへいお	
0x574374	5	FC	1	残へいさ	
0x574380	5	FC	1	ワんへいた	
0x574388	5	FC	1	ぱぉへいけ	
0x57439C	5	FC	1	」れへいち	
0x5743A4	5	FC	1	トれへいて	
0x5743FC	5	FC	1	フっへいか	
0x574404	5	FC	1	しゃへいき	
0x574414	5	FC	1	っんへいこ	
0x574438	5	FC	1	えんへいか	
0x574458	5	FC	1	エゃへいた	
0x574528	5	FC	1	Ａわへい（	
0x5745FC	5	FC	1	Ｑぁへいく	
0x574608	5	FC	1	Ｙをへいて	
0x574614	5	FC	1	Ｙぉへいか	
0x574620	5	FC	1	ごわへいけ	
0x57462C	5	FC	1	ォるへいち	
0x574638	5	FC	1	フぇへいえ	
0x574644	5	FC	1	シぅへいそ	
0x57465C	5	FC	1	ゲぉへいこ	
0x574668	5	FC	1	Ｙわへいた	
0x574674	5	FC	1	Ａれへいさ	
0x574680	5	FC	1	２ぉへいき	
0x57468C	5	FC	1	トぃへいう	
0x5746A4	5	FC	1	仕へいつ	
0x5747F4	5	FC	1	ごろへいか	
0x574808	5	FC	1	エろへいさ	
0x574828	5	FC	1	シるへいく	
0x574834	5	FC	1	ヤぃへいい	
0x57483C	5	FC	1	ォゃへいう	
0x574844	5	FC	1	シぃへいけ	
0x574850	5	FC	1	ォろへいち	
0x57485C	5	FC	1	ぱをへいえ	
0x574868	5	FC	1	ボぇへいそ	
0x574874	5	FC	1	っぃへいお	
0x574880	5	FC	1	ォぅへいけ	
0x574888	5	FC	1	餐へいた	
0x574894	5	FC	1	Ｑっへいさ	
0x5748A0	5	FC	1	エぁへいき	
0x5748AC	5	FC	1	ヂゃへいう	
0x5748C4	5	FC	1	えっへいつ	
0x5748D0	5	FC	1	ワぇへいた	
0x5748D8	5	FC	1	ゲぇへいち	
0x5748E0	5	FC	1	ふゃへいつ	
0x5748E8	5	FC	1	瀰へいて	
0x5748F0	5	FC	1	づぉへいと	
0x5748F8	5	FC	1	ゲれへいな	
0x574900	5	FC	1	Ｙぇへいに	
0x574908	5	FC	1	ヤぉへいぬ	
0x574910	5	FC	1	フろへいね	
0x574918	5	FC	1	とぃへいの	
0x574920	5	FC	1	ヂっへいは	
0x574928	5	FC	1	っるへいひ	
0x574930	5	FC	1	わぅへいふ	
0x574940	5	FC	1	えぁへいほ	
0x574948	5	FC	1	ボんへいま	
0x574F6C	4	F822	1	私には	나에게는
0x575236	5	F85A	1	（ワクチン	（백신
0x576247	5	FE	1	今まさに	지금 막
0x576661	5	F807	1	（ドタン！	（쿵！
0x576667	5	F807	1	バタン！）	쾅！）
0x57729B	5	F809	1	と戦って	싸워
0x57744C	5	FA	1	まずいが、	없다、
0x577755	5	FB	1	危険に	위험
0x579077	5	F8F8	1	やらない。	안해。
0x579C27	5	F8F8	1	バファロー	물소
0x579CB3	5	F8F8	1	港の星	항구
0x57B40A	5	F809	1	長官。	장관。
0x57B485	5	FB	1	治安は	치안
0x57B71F	5	F809	1	を倒して	이겨
0x57C20B	5	F809	1	に関する	관한
0x57C496	5	FB	1	わははは。	하하。
0x57CE5D	5	FB	1	あそこだ！	저기！
0x57DF21	5	F834	1	う課もう	
0x57F363	5	F807	1	ズガン！）	쾅！）
0x580356	5	F83D	1	う課ツう	
0x581143	5	F809	1	でもない。	아냐。
0x581207	5	FE	1	貴様が	네놈이
0x5817B6	5	FB	1	このコは、	이 애
0x581A07	5	F809	1	の２人で	２명이
0x582030	5	FA	1	はずです。	일듯。
0x58213B	5	FB	1	無能な	무능
0x5836E6	5	FB	1	この女、	여자、
0x583BA0	5	FA	1	ものかな？	일까？
0x5845A7	5	F809	1	にいれば、	있음、
0x5847DC	5	F8F8	1	ダメダメ。	안돼。
0x584829	5	FB	1	これです！	이거！
0x584D53	5	F809	1	が来た。	왔다。
0x58503E	5	FB	1	この場で	여기
0x58517D	5	FA	1	死んでも	죽어
0x585664	5	F809	1	の負け。	패배。
0x585D73	5	FE	1	すなわち、	즉、
0x585D81	5	F808	1	ギャンブル	도박
0x58682D	5	F809	1	の８名は	８명은
0x5869E8	5	F808	1	２名まで	２명
0x586A71	5	F801	1	注意！	주의！
0x58825D	5	F809	1	のボディが	몸이
0x588948	5	FB	1	課長？	과장？
0x588EA6	5	F809	1	あの子が	그 애
0x58998F	5	FA	1	ないだろ？	없지？
0x58A318	5	F809	1	所属の	소속
0x58A435	5	F809	1	中佐！	중좌！
0x58A731	5	FE	1	あ、それと	아、그리고
0x58AEC2	5	F809	1	にいた話	얘기
0x58AEC8	5	F809	1	したよね？	했지？
0x58AFCB	5	FB	1	結局、	결국、
0x58CDDB	5	FB	1	今後、	차후、
0x58D389	5	F8F8	1	からかう。	놀려。
0x58DB39	5	FB	1	もともとは	원래
0x58DEEA	5	F808	1	お約束	약속
0x58DEF1	5	F809	1	らしいな！	답군！
0x58EBBF	5	FA	1	なのです！	이죠！
0x58ECB6	5	FA	1	いいかな。	될까。
0x58ED6E	5	F803	1	とにかく！	여튼！
0x58F02B	5	F809	1	先輩。	선배。
0x58F0DB	5	FE	1	ウワーン、	으아앙、
0x58FF16	5	F808	1	グレネード	폭탄
0x590104	5	FB	1	ウワッ？！	왓？！
0x59014A	5	F809	1	参上。	등장。
0x590C45	5	F808	1	パスワード	암호
0x591793	5	F808	1	キャンディ	캔디
0x59179A	5	F809	1	１０トンを	１０톤
0x5926EE	5	F829	1	シュッ！）	슉！）
0x5929B3	5	F808	1	エッツェン	엣센
0x593750	5	F809	1	博士？	박사？
0x593845	5	FE	1	ちなみに、	참고로、
0x593B19	5	F807	1	おい、よせ	이봐、그만둬
0x59422D	5	F809	1	退治？	퇴치？
0x5942A3	5	FA	1	危険な	위험
0x5943B6	5	FB	1	ともかく、	여튼、
0x594821	5	F809	1	を倒す？	이겨？
0x5952C5	5	FA	1	ダメージを	피해
0x5957D2	5	FE	1	相手が	상대가
0x5957DF	5	F809	1	でなければ	아님
0x595A06	5	FD	1	全速で	전속력으로
0x5968CA	5	FD	1	本日も	오늘도
0x5976BB	5	F86B	1	偉いヨ。	대단。
0x5978F9	5	FB	1	あなたに。	네게。
0x59944F	5	FB	1	当然、	당연、
0x599C27	5	F815	1	助ける。	구해。
0x59A455	5	FA	1	ないだろ。	없지。
0x59A4D2	5	F809	1	教官！	교관！
0x59AA42	5	FA	1	かさばる。	부피。
0x59AB65	5	F809	1	主催の	주최
0x59C15A	5	F809	1	にはあまり	별로
0x59C4B3	5	F825	1	を殺せ！	죽여！
0x59D63A	5	F809	1	、どうだ？	、어때
0x59DDA9	5	F809	1	議会は	의회
0x59E0F1	5	FA	1	おります。	있죠。
0x59FD30	5	FA	1	またしても	또
0x59FD58	5	F809	1	大臣！	대신！
0x5A0B27	5	F809	1	はおるか！	있나！
0x5A2088	5	FE	1	そいつらは	그놈들은
0x5A296A	5	F809	1	中佐に	중좌
0x5A3540	5	FD	1	ドクター、	박사님、
0x5A38C4	5	FD	1	はああ？！	하아아？！
0x5A435D	5	F809	1	のイヌめ。	개놈。
0x5A44FD	5	FD	1	俺たちは	우리는
0x5A4604	5	FA	1	できない。	안돼。
0x5A46E2	5	FB	1	自力で	자력
0x5A475E	5	F809	1	で会おう	보자
0x5A4BEF	5	F809	1	を襲い、	습격、
0x5A54AC	5	FA	1	あたしらを	우릴
0x5A6A01	5	FA	1	いません。	없죠。
0x5A7202	5	FA	1	理由で	이유
0x5A776E	5	F808	1	雪モグラ	눈쥐
0x5A79F1	5	F809	1	会長？	회장？
0x5A7FF6	5	FA	1	悪党は	악당
0x5A815A	5	FB	1	代わりに	대신
0x5A8F4C	5	F809	1	破壊も	파괴
0x5A9C76	5	F86B	1	カードでも	카드
0x5A9C7C	5	FA	1	やろうぜ。	하자。
0x5A9E1A	5	FD	1	さあ、まず	자、우선
0x5ABA99	5	F809	1	元首の	원수
0x5ABBCF	5	F809	1	はともかく	차치
0x5ABC3A	5	FB	1	それゆえ、	해서、
0x5ABE4F	5	FD	1	なぜなら、	왜냐하면、
0x5AC22D	5	F809	1	に対して	대해
0x5AC5F6	5	F809	1	グループに	그룹
0x5AC694	5	F809	1	自体が	자체
0x5ACFF2	5	F809	1	宙域に	우주
0x5AD1C2	5	F825	1	と見た！	봤다！
0x5AD1D0	5	F809	1	のエース、	간판、
0x5AD8DC	5	FB	1	ついては、	하여、
0x5ADE09	5	F809	1	感情に	감정
0x5AE77F	5	F808	1	オブリジェ	오블리제
0x5AF44E	5	F808	1	町の外	외곽
0x5B046B	5	F809	1	ワクチンの	백신
0x5B05B0	5	F809	1	以内に	이내
0x5B07FD	5	F809	1	政府は	정부
0x5B0ADE	5	F86B	1	この船に	이 배
0x5B1E91	5	F807	1	ザクッ！）	푹！）
0x5B1EEE	5	FB	1	くやしい？	분해？
0x5B2961	5	FD	1	たとえば、	예를 들어、
0x5B3660	5	FB	1	この子は	이 앤
0x5B4017	5	FD	1	あのとき、	그때、
0x5B4122	5	F809	1	のゲリラは	반군
0x5B4211	5	F804	1	地上の	지상
0x5B42B9	5	F809	1	の男か！	남자！
0x5B4D82	5	F809	1	に向けて	향해
0x5B53F2	5	F809	1	正面、	정면、
0x5B5400	5	F809	1	との間の	사이
0x5B59BD	5	F808	1	ハイレート	고율
0x5B5C09	5	F809	1	会長。	회장。
0x5B5C1E	5	F809	1	長官！	장관！
0x5B5C69	5	F809	1	グループは	그룹
0x5B5E45	5	F809	1	会長は	회장
0x5B5ED1	5	FA	1	困るな。	곤란。
0x5B5F25	5	F809	1	会長、	회장、
0x5B68D5	5	F803	1	（どさっ）	（쿵）
0x5B7114	5	F8CE	1	フブむい❤	
0x5B745B	5	FC	1	いねＺむい	
0x5B837B	5	FC	1	いＩゾむい	
0x5B84F0	5	FC	1	搭さいセ	
0x5B84F8	5	FC	1	くあさいＰ	
0x5B8504	5	FC	1	搭さいＱ	
0x5B8540	5	F800	1	搭さいＯ	
0x5B85C0	5	FE	1	Ａズむい（	
0x5B86A8	5	FC	1	搭さいＭ	
0x5B86E4	5	FC	1	搭さいィ	
0x5B86EC	5	FC	1	くあさいワ	
0x5B86F8	5	FC	1	搭さいヲ	
0x5B8700	5	FC	1	くあさいＲ	
0x5B870C	5	FC	1	搭さいＳ	
0x5B8714	5	FC	1	くあさい６	
0x5B8720	5	FC	1	搭さい７	
0x5B8728	5	FC	1	くあさいＡ	
0x5B8734	5	FC	1	搭さいＢ	
0x5B873C	5	FC	1	くあさいべ	
0x5B8748	5	FC	1	搭さいぼ	
0x5B8778	5	FE	1	くあさいＶ	
0x5B8784	5	FE	1	搭さいＷ	
0x5B8EE5	5	FC	1	あさいＶあ	
0x5B8F4C	5	FC	1	わゾむいく	
0x5B9118	5	FC	1	Ｑザむいく	
0x5B926C	5	FC	1	ワデむいく	
0x5B9274	5	FC	1	ごビむいえ	
0x5B929C	5	F800	1	写むいき	
0x5B94F8	5	F800	1	２ゼむいキ	
0x5B9518	5	F800	1	２ゾむいお	
0x5B9520	5	F800	1	ボジむいは	
0x5B9554	5	F800	1	ヂザむいな	
0x5B955C	5	F800	1	」バむいく	
0x5B9568	5	F800	1	詢むいぬ	
0x5B95A8	5	F800	1	Ｙベむい８	
0x5B9774	5	F800	1	とジむいお	
0x5B9780	5	F800	1	フヅむいは	
0x5B9830	5	F800	1	えビむいね	
0x5B9874	5	F800	1	Ｙビむいせ	
0x5B987C	5	F800	1	ふベむいた	
0x5BA1FA	5	F815	1	何もない	없다
0x5BA26D	5	F822	1	う勝った	
0x5BB646	5	F8F8	1	レアパーツ	레어
0x5BB9CD	5	F8F8	1	海賊１	해적１
0x5BBB2D	5	F8F8	1	リコがいる	리코
0x5BD359	5	FA	1	あげるよ。	줄게。
0x5BECD1	5	F809	1	を売って	팔아
0x5BECF1	5	F809	1	をですか？	를요？
0x5BF041	5	FE	1	の方から	
0x5BFDB2	5	FA	1	いうのに。	인데。
0x5C2B9A	5	F808	1	オトコ道	협도
0x5C2DEC	5	FA	1	いるんだ？	있냐？
0x5C3124	5	FA	1	でしたよ。	였죠。
0x5C3631	5	F8F8	1	助けない	방치
0x5C3B0A	5	F804	1	宝石？	보석？
0x5C4C0C	5	FA	1	しよって。	하네。
0x5C51D6	5	F809	1	で全員	전원
0x5C5506	5	FA	1	でしたね。	였네。
0x5C5663	5	F809	1	が０です。	０이야
0x5C5754	5	F809	1	ってのは、	란 건
0x5C60A7	5	FA	1	したので、	해서、
0x5C64E6	5	F825	1	といると、	곁엔、
0x5C68D6	5	FB	1	違うか？	달라？
0x5C71CC	5	F8F8	1	許さない	안돼
0x5C72DB	5	FE	1	で、なに？	그래서、뭐？
0x5C72EE	5	F809	1	にとって「	에겐「
0x5C8627	5	FD	1	行くよ！	간다！
0x5C929B	5	FA	1	なのです。	이죠。
0x5CA035	5	FA	1	この辺に	근처
0x5CAE14	5	FA	1	嬉しい。	기뻐。
0x5CCD6A	5	FD	1	あれは！！	저건！！
0x5CCEEE	5	FB	1	珍しい。	희귀。
0x5CD396	5	F809	1	もいれば、	있고、
0x5CDC03	5	FA	1	神です。	신。
0x5CDCD9	5	F825	1	さんです。	씨다。
0x5CDD6E	5	F809	1	とやらには	라는
0x5CE8E2	5	FA	1	とこかな。	곳이。
0x5CEEE9	5	FA	1	いたのか？	있나？
0x5D087A	5	F809	1	になるわ。	된다。
0x5D0B7A	5	FA	1	思って。	해서。
0x5D10AD	5	FE	1	あたしには	나에게는
0x5D1277	5	FA	1	一緒に	같이
0x5D1330	5	FB	1	なんたって	여튼
0x5D1342	5	F809	1	だもんな。	이지。
0x5D18B7	5	FA	1	やんすが。	죠만。
0x5D1CFA	5	F809	1	の試験	시험
0x5D223B	5	FA	1	そっくりよ	닮아。
0x5D2372	5	FA	1	やんすね！	습죠！
0x5D28CF	5	FB	1	そのかわり	대신
0x5D299D	5	FA	1	ありかな。	될까。
0x5D2A2E	5	FB	1	オイラより	보다
0x5D3A0F	5	FB	1	俺達は	우린
0x5D419B	5	F809	1	だからね！	이니！
0x5D45DF	5	F809	1	の事か？	얘기？
0x5D46ED	5	F809	1	を振るう	발휘
0x5D4D60	5	F809	1	はいったい	
0x5D4E9E	5	FA	1	でもある。	이다。
0x5D50BF	5	F809	1	なんです。	이죠。
0x5D569D	5	FB	1	突然、	돌연、
0x5D5732	5	FD	1	まさかっ！	설마！
0x5D5AED	5	F809	1	が嫌いな	싫은
0x5D5C45	5	F825	1	にあたしを	내게
0x5D6869	5	FE	1	部下？	부하？
0x5D6871	5	F829	1	手下？	부하？
0x5D6879	5	F829	1	下僕？	하인？
0x5D6881	5	F829	1	手足？	수족？
0x5D6ABD	5	F809	1	さん達が	씨들
0x5D78F6	5	FE	1	よろしくね	잘 부탁해
0x5D7954	5	FA	1	行って、	가서、
0x5D8144	5	FC	1	ヂブもい（	
0x5D83B0	5	FC	1	搭さいな	
0x5D8428	5	FC	1	搭さいあ	
0x5D8430	5	FC	1	やブもい（	
0x5D8540	5	FC	1	やあさい❤	
0x5D8780	5	FC	1	ぜあさいし	
0x5D8989	5	FC	1	あさいＰあ	
0x5D8A54	5	F800	1	ヂベもい（	
0x5D8ACC	5	F800	1	躬もい（	
0x5D8B08	5	F800	1	フブもい（	
0x5D8C88	5	FC	1	謝もいす	
0x5D8C9C	5	FC	1	っあさい（	
0x5D8D6D	5	FC	1	あさいＯあ	
0x5D8DA8	5	FD	1	ねあさいす	
0x5D8DCC	5	FD	1	Ａベもいさ	
0x5D8DDC	5	FC	1	トボもいか	
0x5D8DE4	5	FC	1	Ｑベもいと	
0x5D93EA	5	F808	1	ワイズマン	와이즈맨
0x5D9A13	5	F808	1	サンダース	선더스
0x5D9CC8	5	F8F8	1	逃げない	사수
0x5DAC36	5	FB	1	次へと！	다음！
0x5DB92C	5	F809	1	君の方	군 쪽
0x5DC792	5	FD	1	それ何？	그거 뭐야？
0x5DC823	5	F86B	1	いいから！	됐어！
0x5DC93F	5	F809	1	の農場	농장
0x5DD045	5	FB	1	そんなこと	그거
0x5DD5A7	5	F809	1	最大の	최대
0x5DED96	5	FA	1	したまえ！	하게！
0x5DEDB6	5	F815	1	捕まえる	포획
0x5DEE9F	5	FB	1	その命。	목숨。
0x5DF150	5	F80B	1	通称、	통칭、
0x5DF72D	5	FB	1	ロボットに	로봇
0x5DFB35	5	F8F8	1	払わない	미납
0x5E00C5	5	FD	1	あっちは、	저쪽은、
0x5E089F	5	F809	1	のために、	위해、
0x5E09F3	5	FA	1	ありました	존재
0x5E0CCE	5	FA	1	いいのです	돼요
0x5E0DD4	5	FA	1	ないんだけ	없지
0x5E0DF2	5	FE	1	そうよね。	맞아。
0x5E0E4B	5	FB	1	わたしは、	나는、
0x5E0E86	5	FD	1	もしてる。	도 하고 있다。
0x5E0EAE	5	F8F8	1	誘わない	제외
0x5E0F8A	5	FD	1	って、え？	라니、어？
0x5E0FDA	5	FB	1	頼むから	제발
0x5E12E7	5	FB	1	いろいろと	여러
0x5E152F	5	FA	1	あんただ。	너다。
0x5E20C0	5	FE	1	そうねぇ。	그렇네에。
0x5E2856	5	F807	1	あなたよ！	당신이야！
0x5E2DD3	5	FB	1	近くに、	근처、
0x5E2DEB	5	FA	1	あるんです	있죠
0x5E36E5	5	FB	1	そろそろ、	슬슬、
0x5E3934	5	FB	1	遠いぞ！	멀다！
0x5E3E71	5	F805	1	（ガタゴト	（덜컹
0x5E3E77	5	F805	1	ガタゴト）	덜컹）
0x5E411F	5	FE	1	聞いてよ	들어 봐
0x5E4174	5	FA	1	言ったの	말한
0x5E452A	5	F829	1	いないの！	없어！
0x5E4532	5	F829	1	信じて！	믿어！
0x5E476D	5	FA	1	しかたなく	억지
0x5E4779	5	F809	1	にしたの。	했어。
0x5E4E4E	5	FB	1	そう言う	그런
0x5E5119	5	F809	1	の時だっ	때다
0x5E5266	5	FE	1	群れから	무리에서
0x5E5385	5	FB	1	戻って、	가서、
0x55FDC1	4	FD	1	みペ）あ	
0x5600E0	4	F88F	1	タドくい	
0x56033D	4	FD	1	覆ズゃ	
0x560799	4	F8FD	1	みペ）グ	
0x56089A	4	FF	1	ェおヒ・	
0x560969	4	F88F	1	タッなえ	
0x561216	4	FF	1	さい・う	
0x5612E1	4	F9	1	覆ズら	
0x56334D	4	F843	1	ぽペてき	
0x563421	4	F9	1	みペてあ	
0x563559	4	FF	1	たペてけ	
0x5636DA	4	FF	1	さいみつ	
0x563AA1	4	FA	1	たペＶた	
0x563DC8	4	FC	1	ェオェイ	
0x563DD0	4	FC	1	ダズゼＤ	
0x563DE8	4	FC	1	ゲパジナ	
0x563E08	4	FA	1	デロゼＯ	
0x563E20	4	FA	1	ェばェギ	
0x563E40	4	FA	1	グレゲゲ	
0x563E48	4	FA	1	ェテェセ	
0x563E60	4	FA	1	ゾホズヒ	
0x563E68	4	FA	1	ェロェユ	
0x563E70	4	FA	1	ザ７ヂブ	
0x563E80	4	FA	1	ダＺズハ	
0x563E88	4	FA	1	ェギェイ	
0x563E90	4	FA	1	ギマズＶ	
0x563EA0	4	FA	1	ェカェべ	
0x563EA8	4	FA	1	ガボグコ	
0x563EB0	4	FA	1	ギぢゼＤ	
0x563EB8	4	FA	1	ェニェク	
0x5644FA	4	FC	1	ザオゾナ	
0x565061	4	F85B	1	トふいぜ	
0x565085	4	F85B	1	スふいぞ	
0x56539D	4	FC	1	セふいぞ	
0x5656FD	4	F85C	1	ソふいぺ	
0x565769	4	F85C	1	シふいぜ	
0x567038	4	F860	1	ネスふい	
0x569603	4	FF	1	くェぺぜ	
0x56C0D5	4	FF	1	ツふいぴ	
0x56CD65	4	FF	1	ナふいケ	
0x56FB34	4	FF	1	不明	불명
0x56FC8E	4	FA	1	おく星	둔별
0x56FF88	4	FA	1	意する	주의
0x570A44	4	F820	1	とりへい	
0x570A4C	4	F820	1	りりへい	
0x570CAC	4	F828	1	ゲずまい	
0x570E44	4	F876	1	びバほい	
0x5711D4	4	FE	1	びェまい	
0x571284	4	F83D	1	ゲぢほい	
0x5712EC	4	F83D	1	タノへい	
0x5713F1	4	F85D	1	ぜへいＵ	
0x571C6E	4	FA	1	さい（い	
0x571E46	4	FC	1	さいＢあ	
0x571EBC	4	FC	1	Ｙんへい	
0x572124	4	FE	1	み３はい	
0x5724A8	4	FC	1	ふぅへい	
0x572AD6	4	FE	1	さい９あ	
0x572C34	4	FC	1	ゲぃへい	
0x572CE4	4	FC	1	❤れへい	
0x573038	4	FE	1	とろへい	
0x5731C0	4	FC	1	ゲぁへい	
0x573424	4	FC	1	シぁへい	
0x573680	4	FC	1	ごっへい	
0x5736B0	4	FC	1	Ｙブむい	
0x573710	4	FC	1	ふんへい	
0x573B32	4	F800	1	さいＤあ	
0x573B98	4	FC	1	溯へい	
0x573E30	4	F801	1	ぱれへい	
0x573F2C	4	FE	1	ヤぇへい	
0x574188	4	F801	1	ワぃへい	
0x5746E8	4	FC	1	餐へい	
0x575B37	4	F809	1	の間で	사이
0x57664D	4	FB	1	やめろ、	마、
0x576BC7	4	FB	1	ああん？	응？
0x576C60	4	FE	1	みんなが	모두가
0x5790E5	4	F815	1	頼む。	부탁
0x579C12	4	F815	1	戦士	전사
0x579C18	4	F8F8	1	ライオン	사자
0x579C2E	4	F8F8	1	イヌワシ	수리
0x57A2EC	4	F808	1	狙撃	저격
0x57A8D2	4	FE	1	なにより	무엇보다
0x57AB6D	4	F809	1	の犬、	개、
0x57B4E1	4	F809	1	のもので	것
0x57BE9D	4	FB	1	アタシは	나는
0x57C3C5	4	F808	1	学歴	학력
0x57E76E	4	F800	1	ぜんぜん	전혀
0x57F358	4	F807	1	ズガン！	쾅！
0x57F565	4	FB	1	出た、	등장
0x581077	4	FB	1	王室	왕실
0x581A72	4	F809	1	ったら。	라니
0x581A77	4	FB	1	あたしが	내가
0x5820C4	4	FA	1	今ごろ	이제
0x583F7E	4	FA	1	いるぞ！	있다
0x584045	4	FA	1	ただちに	즉시
0x584C91	4	FE	1	ちょいと	잠깐
0x585AAF	4	FA	1	いかん。	보여
0x5883CA	4	FA	1	としての	로서
0x5888A3	4	FB	1	急いで	급히
0x589C99	4	F808	1	ダビンダ	다빈
0x58AEE5	4	F809	1	、昔は	예전
0x58AF73	4	FE	1	そのうち	머지않아
0x58B6F1	4	F808	1	事件	사건
0x58B81A	4	F809	1	って者	란자
0x58B835	4	FE	1	アンタら	당신들
0x58BB51	4	F809	1	の奴が	놈이
0x58BF9D	4	F809	1	人には	사람
0x58CB15	4	F804	1	死ね。	죽어
0x58ECF5	4	FE	1	なのに！	그런데도！
0x58F0E8	4	F809	1	のバカ！	바보
0x58FF5E	4	F808	1	武器	무기
0x590DB7	4	FB	1	なんとか	간신
0x5917AE	4	F809	1	４トンを	４톤
0x59383D	4	F809	1	だカニ。	다게
0x593AC1	4	F809	1	ノクセニ	녹세
0x593D08	4	FE	1	えいっ！	에잇！
0x593EE0	4	F808	1	ロンガン	롱간
0x593EE9	4	F808	1	龍眼	용안
0x594323	4	F809	1	たちが、	들이
0x59464A	4	FA	1	喜んで	흔쾌
0x594722	4	F809	1	もらえる	획득
0x5953B6	4	F809	1	の件を	건을
0x596AB0	4	FD	1	お前の	너의
0x596E64	4	F809	1	駐屯	주둔
0x5973EB	4	F822	1	らあれ？	
0x598773	4	F809	1	について	관해
0x5993B5	4	FB	1	とにかく	여튼
0x599579	4	F808	1	ロボ子	로보
0x59A26E	4	FB	1	こっちの	이쪽
0x59A47D	4	FD	1	ほほう？	호오？
0x59A559	4	FB	1	ただの「	그냥
0x59AA3D	4	FA	1	いささか	다소
0x59B1A1	4	FD	1	何ィ？	뭣이？
0x59B7B7	4	FD	1	さらばだ	잘 있어라
0x59B8C5	4	F815	1	まだだ！	아직
0x59C322	4	F809	1	の仇も	원수
0x59D02A	4	F809	1	氏が、	씨가
0x59D1F0	4	F85A	1	貿易	무역
0x59D1F7	4	F85A	1	コマンド	명령
0x59D8BA	4	FA	1	クネクネ	꿈틀
0x59DA29	4	FB	1	そっち？	그쪽
0x59DC60	4	FB	1	とうっ！	얍！
0x59DFA1	4	F808	1	反省	반성
0x59E248	4	F809	1	の力が	힘이
0x59E26D	4	FB	1	いつまで	언제
0x5A0843	4	FB	1	あなた、	당신
0x5A0B61	4	F808	1	陸番	육번
0x5A1D27	4	F800	1	まただ。	또다。
0x5A2024	4	FE	1	お前ら	너희들
0x5A25D2	4	F800	1	君か？	자네인가？
0x5A29C2	4	FD	1	ほとんど	거의
0x5A2C32	4	FB	1	それでも	허나
0x5A2E55	4	F808	1	なるべく	최대
0x5A322F	4	FB	1	ドクター	박사
0x5A5AF2	4	FB	1	あ、でも	근데
0x5A65FF	4	FE	1	ちなみに	참고로
0x5A7389	4	FB	1	今じゃ	이젠
0x5A75C2	4	FE	1	いまだに	아직도
0x5A79A7	4	F808	1	総督	총독
0x5A7ACA	4	F809	1	の件、	건、
0x5A9628	4	F808	1	怪人	괴인
0x5A9A48	4	FD	1	まじめな	진지한
0x5AB6E1	4	F808	1	わくちん	백신
0x5ABF0C	4	F809	1	にとって	에겐
0x5AC339	4	F809	1	によって	의해
0x5AC567	4	F809	1	になら、	라면
0x5AC5EA	4	F809	1	は、反	는、
0x5AD66A	4	FB	1	さすがは	역시
0x5ADF8E	4	FB	1	現に、	실제
0x5AEB9B	4	FE	1	フフフ。	후후후。
0x5B04FE	4	F809	1	に住む	사는
0x5B0534	4	F809	1	を集め	모아
0x5B2BBE	4	FA	1	こっちが	이쪽
0x5B2BC9	4	F809	1	君だ。	군。
0x5B2D39	4	FE	1	で、その	그래서、그
0x5B2D3F	4	F808	1	害虫	해충
0x5B38BF	4	F803	1	うそっ？	거짓
0x5B3E71	4	F809	1	側だと	쪽
0x5B40B4	4	F8F8	1	断る！	거절
0x5B456E	4	F804	1	やだね。	싫어
0x5B54BE	4	F809	1	もろとも	함께
0x5B5B0B	4	F809	1	艦が、	함이
0x5B5CDA	4	F809	1	派だ！	파！
0x5B5CF0	4	F809	1	なのは、	인건
0x5B7484	4	FC	1	ペＷむい	
0x5B771C	4	F8AC	1	ぃＰむい	
0x5B7A5C	4	F822	1	ズんめい	
0x5B83B9	4	FC	1	あさい（	
0x5B8638	4	F800	1	えあさい	
0x5B9280	4	FC	1	ヂビむい	
0x5B9706	4	F800	1	さいＸあ	
0x5B9860	4	F800	1	フデむい	
0x5BA274	4	F8F8	1	負けた	졌다　　
0x5BB5CD	4	F8F8	1	ランダム	랜덤　　
0x5BBB27	4	F8F8	1	試験	시험
0x5BDC62	4	FE	1	の方に	
0x5BE616	4	FB	1	次だ！	다음
0x5BF3A0	4	FA	1	するよ。	할게
0x5BFE9D	4	F809	1	の船に	배에
0x5C2678	4	F8F8	1	断る？	거절
0x5C277D	4	FE	1	愛とは	사랑이란
0x5C2B94	4	FE	1	正しい	올바른
0x5C3351	4	FD	1	いくぞ！	간다！
0x5C362B	4	F815	1	助ける	구조
0x5C5985	4	FA	1	のかな？	일까
0x5C69D7	4	FE	1	お守り	부적
0x5C8784	4	FA	1	わけだ。	셈。
0x5C88DF	4	FB	1	もちろん	물론
0x5C88E5	4	F825	1	にもね。	에도
0x5C8DF1	4	FA	1	やんす。	거죠
0x5CC402	4	F809	1	の順に	순서
0x5CC9B5	4	FA	1	クセに）	면서
0x5CCB35	4	F809	1	ですか？	죠？
0x5CDA8A	4	FE	1	ではまた	그럼 또
0x5CE7A1	4	F815	1	向かう	향해
0x5D28E0	4	F809	1	達も、	들도
0x5D2BE6	4	FA	1	だろう！	겠지
0x5D407C	4	FA	1	みるか。	볼까
0x5D4387	4	F808	1	モトムラ	모토
0x5D46E7	4	F808	1	セイバー	세이버
0x5D4732	4	FA	1	ないわ！	없어
0x5D492F	4	FD	1	斬る！	벤다！
0x5D5020	4	F809	1	さんか！	씨냐
0x5D530D	4	FA	1	しょう。	하죠
0x5D5456	4	F829	1	ぐっと！	꽉！
0x5D545D	4	F829	1	じっと！	가만
0x5D65AD	4	FB	1	あたしも	나도
0x5D6F99	4	F809	1	さんも。	씨도
0x5D7C2C	4	F8AD	1	やＹもい	
0x5D8760	4	FC	1	ふベもい	
0x5D897A	4	F800	1	さいＮあ	
0x5D89A8	4	FC	1	たあさい	
0x5D89E0	4	FA	1	２ブもい	
0x5D8B44	4	F800	1	❤ブもい	
0x5D8BE2	4	FC	1	さいゼあ	
0x5D908C	4	FB	1	何かに	뭔가
0x5D93D0	4	F808	1	ルークス	룩스
0x5D93DD	4	F808	1	ノワール	느와
0x5D961C	4	FA	1	依頼	의뢰
0x5D9974	4	F808	1	パリング	패링
0x5D998D	4	F808	1	ファング	팽
0x5D99A6	4	F808	1	マックス	맥스
0x5D99B3	4	F808	1	ムラクモ	무라
0x5D99C8	4	F808	1	アッシュ	애쉬
0x5D99D5	4	F808	1	オックス	옥스
0x5D99FA	4	F808	1	ケンネル	켄넬
0x5D9A21	4	F808	1	シェイド	셰이드
0x5D9ADE	4	F8F8	1	終了	종료
0x5DA1B0	4	F822	1	いはい。	
0x5DA29D	4	F8F8	1	ギャス２	갸２
0x5DA3CA	4	F8F8	1	ミサイル	미사일
0x5DA3D0	4	F8F8	1	プラズマ	플라즈마
0x5DA3D6	4	F8F8	1	リップル	리플
0x5DA4C5	4	F829	1	ないぜ！	없어
0x5DAC31	4	FB	1	次から	다음
0x5DAFC8	4	F8F8	1	休憩	휴식
0x5DB932	4	FA	1	じゃない	아냐
0x5DBC7E	4	F822	1	あかペラ	
0x5DC67A	4	F808	1	家具	가구
0x5DC9C0	4	F829	1	シカだ。	사슴
0x5DDB9C	4	FD	1	こうして	이렇게
0x5DE083	4	FB	1	これが、	이게
0x5DF7AF	4	F829	1	ないな！	없군
0x5E0A01	4	FB	1	群れが	무리
0x5E12A9	4	FA	1	あんた、	너、
0x5E134C	4	F86B	1	するな。	마라
0x5E1425	4	FA	1	あるんだ	있어
0x5E179D	4	FA	1	しかたな	어쩔
0x5E2C0A	4	F809	1	いたの？	있나
0x5E310E	4	FA	1	あまりに	너무
0x5E3281	4	FB	1	シカでし	사슴
0x5E3725	4	FB	1	いつでも	늘
0x5E392F	4	FB	1	まだまだ	아직
0x5E3B01	4	FB	1	あ、私	나
0x5E4130	4	FE	1	道中	도중
0x5E478F	4	F809	1	よりは、	보단
0x5E4E5A	4	F809	1	さんこそ	씨야
0x5E4F60	4	FA	1	思った	생각
0x5E5374	4	FD	1	そろそろ	슬슬
0x5E5836	4	F86B	1	来るわ	온다
0x5E58CA	4	FE	1	痛ッ！	아얏！
0x55F0C6	3	FA	1	づいね	
0x55F0CA	3	FA	1	ゥおい	
0x55F0D7	3	FA	1	朽え	
0x55F22F	3	F84F	1	求あ	
0x55F233	3	F84F	1	級あ	
0x55F237	3	F84F	1	極い	
0x55F23B	3	F84F	1	訓う	
0x55F23F	3	F84F	1	薫う	
0x55F243	3	F84F	1	君う	
0x55F247	3	F84F	1	勲う	
0x55F24B	3	F84F	1	鍬う	
0x55F24F	3	F84F	1	桑う	
0x55F253	3	F84F	1	繰う	
0x55F257	3	F84F	1	苦う	
0x55F25B	3	F84F	1	隅う	
0x55F25F	3	F84F	1	沓う	
0x55F3C9	3	F9	1	みペ）	
0x55F532	3	F9	1	コ）か	
0x55F706	3	FA	1	ィＪす	
0x55F792	3	FA	1	ィＪし	
0x55F922	3	FA	1	う（い	
0x55F932	3	FA	1	ペ）え	
0x55F9BE	3	FA	1	ィＪと	
0x55FA02	3	FA	1	ィＺう	
0x55FB26	3	FF	1	コ）き	
0x55FE3A	3	FD	1	ゥ（エ	
0x560273	3	FE	1	血ふ	
0x56038B	3	FE	1	求う	
0x5604B2	3	FD	1	ペてぽ	
0x5607D5	3	F8FD	1	ミァ３	
0x560906	3	F88F	1	ヅなと	
0x56091A	3	F88F	1	ォなり	
0x560975	3	F88F	1	タォな	
0x56121C	3	FF	1	ずだそ	
0x562226	3	F9	1	さいゲ	
0x5622D6	3	FF	1	ぞ（づ	
0x562342	3	FF	1	さいみ	
0x5624B6	3	FF	1	さいが	
0x5624CE	3	FF	1	ぁポに	
0x5624DE	3	FF	1	ぁポつ	
0x562556	3	FF	1	ぁ）え	
0x562582	3	FF	1	ぁ）く	
0x562656	3	FF	1	ぁ）た	
0x5626A6	3	FF	1	さいペ	
0x562AD2	3	FF	1	ァつほ	
0x562E5E	3	F9	1	ペＸり	
0x562E62	3	F9	1	ゥＺほ	
0x562ED2	3	FF	1	べ（ほ	
0x562EFE	3	FF	1	べ（ぇ	
0x563561	3	FF	1	たペて	
0x56367A	3	FF	1	ぁ）つ	
0x563682	3	FF	1	ぁ）ほ	
0x563686	3	FF	1	ぁ）し	
0x563692	3	FF	1	ぁ）う	
0x56382A	3	F880	1	お（づ	
0x563A7A	3	F88F	1	ヂ姶	
0x563ABE	3	FA	1	さいく	
0x563B0E	3	FF	1	ヅ姶	
0x563B32	3	FA	1	ぽ）あ	
0x564070	3	FC	1	デＨズ	
0x5644F4	3	F882	1	ザラゲ	
0x568DA6	3	FF	1	たァな	
0x569B42	3	FF	1	ァあに	
0x56AE18	3	FF	1	アぁァ	
0x56C307	3	FF	1	えェぺ	
0x56C62E	3	FF	1	びぜの	
0x56DF4E	3	FF	1	たえぎ	
0x56E8B4	3	FF	1	うたた	
0x56E9C0	3	FF	1	うツた	
0x56F6F9	3	F823	1	なへい	
0x56FDF1	3	FF	1	ふへい	
0x571216	3	FE	1	さい❤	
0x571221	3	FE	1	がへい	
0x571235	3	FE	1	ぺまい	
0x5724AF	3	FC	1	いＡあ	
0x57362E	3	FC	1	さいば	
0x57389F	3	FC	1	い８あ	
0x5738DE	3	FC	1	さいて	
0x573BFB	3	FC	1	いダあ	
0x574126	3	F801	1	さいへ	
0x574442	3	FC	1	さいき	
0x574A02	3	F803	1	イチ、	원、
0x574A08	3	F829	1	ニッ、	씩、
0x574A0E	3	F829	1	サン！	쓰리！
0x579072	3	F815	1	やる。	한다。
0x57911E	3	F823	1	きい・	
0x579C22	3	F8F8	1	カモメ	갈매기
0x579CA1	3	F8F8	1	ツバメ	제비
0x582172	3	FA	1	必ず	반드시
0x58459B	3	FD	1	私が	내가
0x585B06	3	F834	1	う霞	
0x58AC7F	3	F825	1	だと？	라고？
0x58D3BE	3	FA	1	女は	여자는
0x58D71D	3	FA	1	やがて	이윽고
0x58D7BC	3	FA	1	手に	손에
0x58DB05	3	F809	1	じゃ！	그럼！
0x58FB09	3	F809	1	からの	
0x5915FA	3	F809	1	軍の	군의
0x591845	3	F83D	1	かじ	
0x593B7A	3	F808	1	ぴんく	
0x595F08	3	F809	1	だけ？	뿐？
0x59643D	3	FB	1	ここが	여기가
0x596B3A	3	F809	1	だけ。	뿐。
0x59867D	3	F809	1	様に	
0x59B0AE	3	FA	1	なんと	무려
0x59D28C	3	FB	1	娘の	딸의
0x59D291	3	F808	1	ヒデコ	히데코
0x59F0AB	3	FA	1	水は	물은
0x59F2A1	3	FA	1	先に	먼저
0x59F640	3	FF	1	ぎア	
0x5A2DE3	3	F809	1	」って	
0x5A2F20	3	F809	1	されて	
0x5A514B	3	F809	1	による	
0x5A5D4B	3	F809	1	のやつ	
0x5A701D	3	FA	1	私を	나를
0x5A7676	3	F809	1	のもの	의 것
0x5ABAA0	3	F808	1	スズネ	스즈네
0x5ABDCA	3	FD	1	そこで	거기서
0x5AC481	3	FB	1	ズバリ	딱 잘라
0x5ACA24	3	FA	1	いつか	언젠가
0x5AE8E3	3	FB	1	むっ！	윽！
0x5AF039	3	F809	1	びいき	편애
0x5B1E85	3	F807	1	バキ！	빡！
0x5B244D	3	FB	1	しかも	또
0x5B3EA0	3	FA	1	すでに	이미
0x5B4D55	3	FA	1	ついに	마침내
0x5B5AB0	3	F808	1	ドラド	도라도
0x5B5CB5	3	F809	1	派と	
0x5B7385	3	FC	1	ぎめい	
0x5B7925	3	FE	1	ひめい	
0x5B7D92	3	F8B2	1	むい（	
0x5B838B	3	FC	1	いＶあ	
0x5B8B83	3	FC	1	いＵあ	
0x5B90A3	3	FC	1	いあい	
0x5B94DE	3	F800	1	さいホ	
0x5B957E	3	F800	1	さいヘ	
0x5B967A	3	F800	1	さいウ	
0x5BD2C6	3	FB	1	鳥が	새가
0x5C0DB3	3	F815	1	パンチ	펀치
0x5C0DB8	3	F8F8	1	キック	킥
0x5C2399	3	F809	1	をだ。	
0x5C2BA1	3	F809	1	にな！	
0x5C5134	3	F815	1	右だ	오른쪽이다
0x5C5139	3	F8F8	1	左だ	왼쪽이다
0x5C71C7	3	F815	1	許す	용서한다
0x5CB81B	3	F809	1	にしか	
0x5CE12A	3	FB	1	隣で	옆에서
0x5D0CC6	3	FE	1	ホッ！	휴！
0x5D418C	3	FB	1	僕は	나는
0x5D704F	3	FE	1	ただの	그저
0x5D705B	3	F804	1	ねっ。	응。
0x5D77E7	3	F809	1	がいる	
0x5D7950	3	F809	1	にでも	
0x5D882E	3	F800	1	さいし	
0x5D8983	3	FC	1	いＯあ	
0x5D8D67	3	FC	1	いＮあ	
0x5D95B4	3	F822	1	チ金	
0x5D95BD	3	F822	1	きペラ	
0x5D995C	3	F808	1	チート	치트
0x5D9968	3	F808	1	ドット	도트
0x5D9981	3	F808	1	ビーツ	비츠
0x5D999A	3	F808	1	ボイド	보이드
0x5D99E2	3	F808	1	カイト	카이트
0x5D99EE	3	F808	1	キッド	키드
0x5D9A07	3	F808	1	ゴート	고트
0x5DA3C5	3	F8F8	1	ビーム	빔
0x5DA3DC	3	F8F8	1	バリア	배리어
0x5DD8A5	3	F809	1	の森	
0x5DDB84	3	F809	1	として	
0x5DDE99	3	F825	1	くんが	
0x5DE7BD	3	F829	1	どけ！	비켜！
0x5DED80	3	FB	1	俺を	나를
0x5DF0FC	3	F822	1	なし！	없음！
0x5DFB30	3	F815	1	払う	지불한다
0x5DFE1C	3	FA	1	いいか	잘 들어라
0x5E0EA9	3	F815	1	誘う	권한다
0x5E13C7	3	F809	1	とは、	
0x5E1AA1	3	FB	1	キミも	
0x5E2C49	3	F805	1	だめよ	안 돼
0x5E3F08	3	FE	1	人が	사람이
0x5E4CB5	3	F809	1	には、	
0x5E55B8	3	F803	1	そう！	그래！
0x5771C1	5	F808	75	ペラヘブン	페라
0x57002C	4	FF	67	シルバー	실버
0x57544F	5	F808	65	オーブール	오브
0x57927B	6	F808	50	連邦軍	연방군
0x575B31	4	F808	33	フローラ	플로
0x5BCC34	7	F808	26	オトコポイント	남자P
0x5BF2CF	9	F815	22	仲間に入れる	동료로
0x5BCEFE	8	F808	21	宇宙ギャング	우주갱단
0x57636C	8	F808	16	ディープグリーン	딥그린
0x58196C	4	F808	15	ゴールド	골드
0x5C273C	8	F808	14	宇宙妖精	우주요정
0x594D5D	10	F808	12	絶対無敵弾	절대무적탄
0x5C4CEA	7	F809	11	に着いたぞ！	도착！
0x5B9C07	9	F815	10	購入をやめる。	안 산다。
0x57C7E2	6	F809	10	でやんすね。	입죠。
0x5BBC58	5	F809	10	やんすよ！	죠！
0x576DBF	6	F85A	1	あ、そうだ。	아、맞다。
0x577ECB	11	F85A	1	どうも、初めまして。	안녕하세요 처음 뵙겠습니다。
0x5785EE	5	F85A	1	本当に	정말로
0x578900	3	F85A	1	です！	입니다！
0x57BF13	2	F85A	1	じゃ	에선
0x57D37A	5	F85A	1	ところで、	그런데、
0x57EC4E	3	F85A	1	私は	나는
0x57FF9C	7	F85A	1	あははははは！	아하하하하！
0x5810F0	2	F85A	1	おい	어이
0x581318	5	F85A	1	あぶない！	위험해！
0x581972	3	F85A	1	です。	입니다。
0x581DFE	5	F85A	1	あいつら、	저것들、
0x581E0C	2	F85A	1	でも	근데
0x5821F3	3	F85A	1	今は	지금은
0x5830DE	4	F85A	1	君か。	군인가。
0x583AC8	2	F85A	1	でも	근데
0x583F3B	3	F85A	1	うわ、	우와、
0x584AF1	12	F85A	1	さすらいのナイスガイ編	사스라이의 나이스가이 편
0x58527B	5	F85A	1	まったく、	정말이지、
0x585D9F	3	F85A	1	はあ？	하아？
0x5867F9	7	F85A	1	なんのことだ。	무슨 소리야。
0x588455	3	F85A	1	です。	입니다。
0x58849A	3	F85A	1	あの？	저기？
0x589385	3	F85A	1	です。	입니다。
0x58A136	7	F85A	1	いただきます。	잘 먹겠습니다。
0x58B2AC	6	F85A	1	まあ、いい。	뭐、됐어。
0x58B2CA	11	F85A	1	よし、みんな行くぞ！	좋아、다들 가자！
0x58B31E	7	F85A	1	あ、そうそう。	아、맞다맞다。
0x58BFC9	6	F85A	1	あはははは！	아하하하하！
0x58C218	4	F85A	1	まさか！	설마！
0x58D619	4	F85A	1	いいや。	아니야。
0x58D63A	3	F85A	1	あれは	저건
0x58E25F	3	F85A	1	私は	나는
0x58FF3C	3	F85A	1	あと、	그리고、
0x58FF58	4	F85A	1	それから	그리고
0x591F03	7	F85A	1	なんだなぁ～。	인 거구나～。
0x59393A	12	F85A	1	気にしないでください。	신경 쓰지 마세요。
0x593E5D	6	F85A	1	なんだって？	뭐라고？
0x59428B	4	F85A	1	どうやら	아무래도
0x59699E	4	F85A	1	大村	오무라
0x5986FA	3	F85A	1	です。	입니다。
0x599571	5	F85A	1	じゃなくて	가 아니라
0x599E37	8	F85A	1	ちょっと待て！	잠깐 기다려！
0x59A3CC	3	F85A	1	はあ。	하아。
0x59ABDB	3	F85A	1	私は	나는
0x59ACAB	5	F85A	1	お、おい、	야、이봐、
0x59BB6E	3	F85A	1	です。	입니다。
0x59BE32	4	F85A	1	どうして	어째서
0x59C7CD	4	F85A	1	それなら	그렇다면
0x59F205	5	F85A	1	じゃない？	아니야？
0x59F5D0	3	F85A	1	だめ。	안 돼。
0x5A2308	7	F85A	1	ああ、まあな。	아、뭐 그렇지。
0x5A2F61	4	F85A	1	いいよ。	좋아。
0x5A3A88	4	F85A	1	さんは、	씨는、
0x5A470D	5	F85A	1	がどうして	가 어째서
0x5A4FD3	3	F85A	1	あれ？	어라？
0x5A5819	3	F85A	1	これは	이건
0x5A6042	2	F85A	1	でも	근데
0x5A6B9A	2	F85A	1	でも	근데
0x5A8649	4	F85A	1	それとも	아니면
0x5A9CDC	2	F85A	1	でも	근데
0x5A9CF2	3	F85A	1	おい、	어이、
0x5AA25D	6	F85A	1	ふざけるな！	까불지 마！
0x5AB948	3	F85A	1	です。	입니다。
0x5ABAA5	3	F85A	1	です。	입니다。
0x5AC997	2	F85A	1	との	와의
0x5AD83A	4	F85A	1	そして、	그리고、
0x5AF33D	5	F85A	1	今日は	오늘은
0x5B00AE	13	F85A	1	イベント短縮しますか？	이벤트 단축할까요？
0x5B00FD	16	F85A	1	オープニングを短縮しますか？	오프닝을 단축하시겠습니까？
0x5B06CA	7	F85A	1	もちろんです。	물론입니다。
0x5B2A81	2	F85A	1	まで	까지
0x5B2B6E	6	F85A	1	よろしくね。	잘 부탁해。
0x5B3FD1	3	F85A	1	さんは	씨는
0x5B4024	3	F85A	1	さんは	씨는
0x5B5B89	3	F85A	1	すぐに	금방
0x5B6F54	6	F85A	1	そういえば、	그러고 보니、
0x5BC699	3	F85A	1	おい、	어이、
0x5BE9D3	4	F85A	1	こっちは	이쪽은
0x5BF3AE	4	F85A	1	じゃあ、	그럼、
0x5BFD65	2	F85A	1	って	라니
0x5BFE6B	9	F85A	1	何があったんだ？	무슨 일이 있었어？
0x5C0A9A	9	F85A	1	また逃げられた。	또 놓쳤어。
0x5C1E26	4	F85A	1	じゃあ、	그럼、
0x5C2F69	5	F85A	1	思うぞ。	생각한다고。
0x5C312D	3	F85A	1	これは	이건
0x5C3DE8	3	F85A	1	それに	게다가
0x5C4F5C	4	F85A	1	やめろ！	그만해！
0x5C5F89	7	F85A	1	わかりました。	알겠습니다。
0x5C6831	4	F85A	1	そんなに	그렇게
0x5C68F7	3	F85A	1	それは	그건
0x5C69E8	7	F85A	1	お疲れ様。	수고했어。
0x5C6C59	3	F85A	1	ねえ、	있지、
0x5C8FA1	7	F85A	1	また来るよ。	또 올게。
0x5CAE4F	6	F85A	1	ありがとう。	고마워。
0x5CBD03	7	F85A	1	わかりました。	알겠습니다。
0x5CC297	11	F85A	1	うわああああああああ！	우와아아아아아아아！
0x5CF31B	3	F85A	1	あれ？	어라？
0x5CFC9C	3	F85A	1	さんも	씨도
0x5CFEC8	4	F85A	1	の奴、	의 녀석、
0x5CFFA5	4	F85A	1	君は！	군은！
0x5D081B	4	F85A	1	しかし、	하지만、
0x5D10F4	3	F85A	1	おい！	어이！
0x5D11A0	3	F85A	1	なあ、	있잖아、
0x5D11B9	4	F85A	1	なんだ？	뭐지？
0x5D1609	3	F85A	1	むしろ	오히려
0x5D1CEC	3	F85A	1	さんが	씨가
0x5D2655	3	F85A	1	君が	군이
0x5D2666	8	F85A	1	仕方がない。	어쩔 수 없지。
0x5D36BF	5	F85A	1	じゃあね。	잘 가。
0x5D3FCA	5	F85A	1	じゃあね。	잘 가。
0x5D4016	5	F85A	1	どれどれ？	어디 보자？
0x5D46F3	3	F85A	1	なんて	니 말이야
0x5D4A2C	4	F85A	1	の奴、	의 녀석、
0x5D4AAD	5	F85A	1	ってなに？	가 뭐야？
0x5D4FD5	9	F85A	1	どこに行くんだ？	어디 가는 거야？
0x5D6006	2	F85A	1	でも	근데
0x5D6793	2	F85A	1	あれ	그거
0x5D679C	5	F85A	1	じゃない？	아니야？
0x5D6833	3	F85A	1	おい、	어이、
0x5D6B96	4	F85A	1	それより	그것보다
0x5D9013	3	F85A	1	君が	군이
0x5D915C	3	F85A	1	君が	군이
0x5D9194	3	F85A	1	君が	군이
0x5D9248	3	F85A	1	君が	군이
0x5D9284	3	F85A	1	君が	군이
0x5D92C0	3	F85A	1	君が	군이
0x5DC82C	6	F85A	1	あ、そうだ。	아、맞다。
0x5DC89D	5	F85A	1	今でも、	지금도、
0x5DD534	4	F85A	1	これは、	이건、
0x5DDDFE	3	F85A	1	あれ？	어라？
0x5DE482	4	F85A	1	みんなで	다 같이
0x5DE533	4	F85A	1	みんなで	다 같이
0x5DEC0F	6	F85A	1	そうですね。	그렇네요。
0x5DECA9	3	F85A	1	あれ？	어라？
0x5DFFD5	9	F85A	1	ちょっと待って。	잠깐 기다려。
0x5E00B4	3	F85A	1	あれは	저건
0x5E0167	7	F85A	1	どういうこと？	무슨 소리야？
0x5E0811	4	F85A	1	しかし、	하지만、
0x5E1C29	3	F85A	1	あれ？	어라？
0x5E27AA	4	F85A	1	まさか、	설마、
0x5E27CD	5	F85A	1	どうして？	어째서？
0x5E27EB	3	F85A	1	さんが	씨가
0x5E3360	6	F85A	1	そうですね。	그렇네요。
0x5E3ADF	6	F85A	1	さんですか？	씨인가요？
0x5E415B	3	F85A	1	もう！	정말！
0x5E4559	4	F85A	1	信じる	믿는다
0x5E4BF8	5	F85A	1	じゃない？	아니야？
0x5E4C6E	14	F85A	1	何かわかるかもしれないな。	뭔가 알 수 있을지도 모르겠네。
0x5E4FFB	6	F85A	1	ありがとう。	고마워。
0x5E55AA	4	F85A	1	さんは？	씨는？
0x5768EF	3	F825	1	さん！	씨！
0x577AFF	3	F825	1	さん！	씨！
0x57F3D1	3	F809	1	さん。	씨。
0x580CE9	3	F809	1	さん。	씨。
0x5821A9	3	F825	1	さん！	씨！
0x582EB9	3	F804	1	あっ！	앗！
0x58473C	3	F825	1	さん。	씨。
0x585557	3	F825	1	さん！	씨！
0x5855FB	3	F809	1	さん！	씨！
0x58EA88	3	F809	1	さん。	씨。
0x594DA3	3	F809	1	って、	이、
0x595D2F	3	F809	1	さん。	씨。
0x59A1A2	3	F809	1	さん！	씨！
0x59D253	3	F809	1	さん？	씨？
0x59DE5C	3	F808	1	フジタ	후지타
0x59EC8E	3	F800	1	たあ！	얍！
0x59FD53	3	F808	1	フジタ	후지타
0x5A2F7F	3	F808	1	コテツ	코테츠
0x5A317A	3	F809	1	さん？	씨？
0x5A358B	3	F809	1	さん、	씨、
0x5A7C97	3	F808	1	コテツ	코테츠
0x5A7EEF	3	F808	1	コテツ	코테츠
0x5AC25E	3	F808	1	プアゾ	푸아조
0x5AC4F8	3	F808	1	プアゾ	푸아조
0x5AC625	3	F808	1	プアゾ	푸아조
0x5AFA50	3	F808	1	コテツ	코테츠
0x5B0CA4	3	F808	1	コテツ	코테츠
0x5B32CF	3	F809	1	製の	제
0x5B3BF5	3	F825	1	さん！	씨！
0x5B3F1B	3	F809	1	さん。	씨。
0x5BE9E9	3	FE	1	あっ！	앗！
0x5BFF6D	3	FE	1	あっ！	앗！
0x5C000C	3	FD	1	ああ、	아、
0x5C4504	3	F80B	1	はっ！	핫！
0x5C4E1F	3	F808	1	コテツ	코테츠
0x5C9530	3	F808	1	戦い	전투
0x5CA7AF	3	FD	1	って、	이、
0x5CEBFE	3	F809	1	さん。	씨。
0x5D0CA0	3	FE	1	ハッ！	핫！
0x5D0CB3	3	FE	1	ハッ！	핫！
0x5D579E	3	F809	1	だよ！	야！
0x5D6797	3	F808	1	ジュン	준
0x5D695A	3	F808	1	ジュン	준
0x5D6A40	3	F809	1	さん。	씨。
0x5D6AE7	3	F808	1	ジュン	준
0x5D6BA0	3	F809	1	さん。	씨。
0x5D78EF	3	F809	1	だよ。	야。
0x5DC78B	3	F809	1	さん。	씨。
0x5DCED5	3	F825	1	さん！	씨！
0x5DCEE7	3	F809	1	さん！	씨！
0x5DD922	3	F825	1	さん。	씨。
0x5DDC31	3	FA	1	例の	그
0x5DDDB0	3	F809	1	さん？	씨？
0x5DDDFA	3	F825	1	さん。	씨。
0x5DDE6C	3	F809	1	さん。	씨。
0x5DE3CE	3	F825	1	さん。	씨。
0x5DF303	3	F809	1	さん。	씨。
0x5DF355	3	F809	1	さん？	씨？
0x5DFDB2	3	F809	1	さん。	씨。
0x5DFDC2	3	F825	1	さん。	씨。
0x5E00BE	3	F809	1	さん。	씨。
0x5E017E	3	F825	1	さん。	씨。
0x5E070A	3	FB	1	腕を	팔
0x5E1D92	3	F809	1	さん、	씨、
0x5E1EEA	3	F825	1	さん。	씨。
0x5E1F3E	3	F809	1	さん。	씨。
0x5E277D	3	F825	1	さん。	씨。
0x5E27B5	3	F809	1	さん？	씨？
0x5E426B	3	F825	1	さん。	씨。
0x5E442B	3	F809	1	さん。	씨。
0x5E444D	3	F825	1	さん！	씨！
0x5E4655	3	F809	1	さん？	씨？
0x5E46A7	3	F809	1	さん！	씨！
0x5E46B7	3	F825	1	さん。	씨。
0x5E4C34	3	F825	1	さん。	씨。
0x5E4D95	3	F825	1	さん！	씨！
0x5E4E1B	3	F809	1	さん。	씨。
0x5E5531	3	F825	1	さん！	씨！
0x5E5674	3	F825	1	さん。	씨。
0x5E5938	3	F825	1	さん。	씨。
0x5BB5D3	3	F8F8	1	その９	그９　　
