offset	budget	opcode	occurrences	jp	ko
0x606F4C	4	F85A	1	どうだ？	어떠냐？
0x606D81	8	F85A	1	す、すみません。	죄、죄송합니다。
0x606A40	5	F85A	1	先生！	선생님！
0x6068FB	7	F85A	1	し、しまった。	크、큰일이다。
0x6066C4	22	F85A	1	（早口で戦いって口喧嘩の事か？	（빠른 말로 싸운다니 말다툼 얘긴가？
0x6065F1	7	F85A	1	し、しまった。	크、큰일이다。
0x60651F	22	F85A	1	（早口で戦いって口喧嘩の事か？	（빠른 말로 싸운다니 말다툼 얘긴가？
0x606315	14	F85A	1	（本当はやってないけど）	（사실은 안 했지만）
0x6059F4	7	F85A	1	し、しまった。	크、큰일이다。
0x6041FC	17	F85A	1	いや、でも、なんかコツとかあるんじ	아니、그래도、뭔가 요령 같은 게 있는 거
0x603F7F	3	F85A	1	いえ、	아뇨、
0x6033C1	14	F85A	1	なんか、納得いかないよう	뭔가、납득이 안 가는 것 같
0x60337A	13	F85A	1	では、明日の修行も	그럼、내일 수행도
0x603363	15	F85A	1	いえ、ありがとうございました。	아뇨、감사했습니다。
0x603333	5	F85A	1	でしょう？	그렇죠？
0x60331A	9	F85A	1	それは、そうですけ	그건、그렇습니다
0x603264	23	F85A	1	先生は、医者としての勉強をしたのに	선생님은、의사로서 공부를 했는데
0x603224	22	F85A	1	まあ、私が医者であると言う事実は	뭐、제가 의사라는 사실은
0x6031EE	16	F85A	1	あれくらいの事ができる人は、	그 정도 할 수 있는 사람은、
0x6031CE	16	F85A	1	あ、じゃあ、足をひねった時と	아、그럼、발목을 삐었을 때랑
0x6031BA	12	F85A	1	あれは、整体ですよ。	그건、정체술이에요。
0x603166	8	F85A	1	まあ、そうですけ	뭐、그렇습니다
0x60314B	19	F85A	1	でもって、お医者さんなんですよね？	그러면서、의사시죠？
0x6030F9	11	F85A	1	自分で言うのは、	스스로 말하기는、
0x6030D7	23	F85A	1	先生って、武術の達人なんですよね？	선생님은、무술의 달인이시죠？
0x60309F	17	F85A	1	いえいえ、お答えできる範囲で	아뇨아뇨、답할 수 있는 범위에서
0x603091	6	F85A	1	ダメですか？	안 되나요？
0x603083	9	F85A	1	私のことですか？	제 얘기인가요？
0x603023	16	F85A	1	いえいえ、こんな事でよければ、	아뇨아뇨、이런 걸로 괜찮다면、
0x602FF5	15	F85A	1	（お寺のことを聞きました）	（절에 대해 물었습니다）
0x602F79	19	F85A	1	いえいえ、こんな助言でいいのなら、	아뇨아뇨、이런 조언으로 괜찮다면、
0x602F38	23	F85A	1	（野球の練習について相談しました）	（야구 연습에 대해 상담했습니다）
0x602ED6	16	F85A	1	いえいえ、こんな事でよければ、	아뇨아뇨、이런 걸로 괜찮다면、
0x602EA2	21	F85A	1	（修行の事をいろいろ教わりました）	（수행에 대해 여러 가지 배웠습니다）
0x602E85	18	F85A	1	はい、修行についてなんですけど。	네、수행에 대해서인데요。
0x602E0D	10	F85A	1	ちょっといいですか？	잠깐 괜찮을까요？
0x602CD6	18	F85A	1	私の知識は、必要な時には	제 지식은、필요할 때는
0x602C03	13	F85A	1	じゃあ、先生の師匠	그럼、선생님의 스승
0x602B72	15	F85A	1	そう、病院が遠いんです。	그래요、병원이 멀어요。
0x602B59	6	F85A	1	あ、病院	아、병원
0x602AE2	5	F85A	1	そうです。	그렇습니다。
0x602AD0	7	F85A	1	もしもの時？	만일의 때？
0x602A80	12	F85A	1	ははは、そのとおりです。	하하하、그렇습니다。
0x602A53	21	F85A	1	先生は、患者を診ていないだけで、	선생님은、환자를 안 보고 있을 뿐이지、
0x6029B2	14	F85A	1	疑問は、あるんですけど、	의문은、있습니다만、
0x60298E	11	F85A	1	今日の修行で、	오늘 수행에서、
0x602973	5	F85A	1	先生！	선생님！
0x6028CF	9	F85A	1	それは良かった。	그거 다행이네요。
0x60288E	6	F85A	1	どうですか？	어떻습니까？
0x602840	10	F85A	1	（グッ、グッ、グッ）	（꾹、꾹、꾹）
0x602826	14	F85A	1	少し我慢してください。	조금 참아 주세요。
0x6027FD	10	F85A	1	（グッ、グッ、グッ）	（꾹、꾹、꾹）
0x6027DA	6	F85A	1	ここですか。	여기군요。
0x6027CA	8	F85A	1	あ、痛いです。	아、아픕니다。
0x6027B8	10	F85A	1	（グッ、グッ、グッ）	（꾹、꾹、꾹）
0x6027A8	7	F85A	1	ふむ、ここは？	흠、여기는？
0x602785	10	F85A	1	（グッ、グッ、グッ）	（꾹、꾹、꾹）
0x602757	11	F85A	1	痛いところがあるなら	아픈 데가 있으면
0x602728	14	F85A	1	まあ、お喋りはいいですから	자、잡담은 됐으니까
0x60270C	7	F85A	1	それなら別に	그렇다면 딱히
0x6026FD	7	F85A	1	そうですけど？	그런데요？
0x6026E1	5	F85A	1	ここって、	여기는、
0x602612	7	F85A	1	どうしました？	무슨 일입니까？
0x6024C1	21	F85A	1	（やっぱり武術の達人はちがうなぁ。	（역시 무술의 달인은 다르구나。
0x602462	8	F85A	1	とは言っても、	그렇다고는 해도、
0x602423	14	F85A	1	処置も早かったですし、	처치도 빨랐고、
0x6023D6	15	F85A	1	うん、大丈夫そうですね。	응、괜찮을 것 같네요。
0x60236D	9	F85A	1	どうしたでやんす？	무슨 일입죠？
0x602286	10	F85A	1	飛びつけばいける！	뛰어들면 된다！
0x602261	11	F85A	1	（よし、がんばろう！）	（좋아、힘내자！）
0x60224B	9	F85A	1	はい、そうですね。	네、그렇네요。
0x602189	21	F85A	1	日々の修行と両立させる事は、	매일의 수행과 병행하는 것은、
0x602175	8	F85A	1	そうなんですか？	그런가요？
0x602166	7	F85A	1	しんどいです。	힘듭니다。
0x60212B	11	F85A	1	いえ、冗談ですよ。	아뇨、농담이에요。
0x6020E3	16	F85A	1	日々の修行よりもですか？	매일의 수행보다도요？
0x6020D4	7	F85A	1	たのしいです。	즐겁습니다。
0x6020A8	7	F85A	1	順調です！	순조롭습니다！
0x602093	7	F85A	1	しんどいです。	힘듭니다。
0x60208A	7	F85A	1	たのしいです。	즐겁습니다。
0x602081	7	F85A	1	順調です！	순조롭습니다！
0x60205C	14	F85A	1	ええ、野球の事ですよ。	네、야구 말이에요。
0x602039	19	F85A	1	練習って言うと、修行じゃなく	연습이라면、수행이 아니라
0x602022	15	F85A	1	どうですか、練習の方は？	어떻습니까、연습 쪽은？
0x601F94	8	F85A	1	いいんですか！？	괜찮은가요！？
0x601E8F	7	F85A	1	いいんですよ。	괜찮아요。
0x601E15	21	F85A	1	先生は、山を下りてもいいんですね。	선생님은、산을 내려가도 되는군요。
0x601DD7	5	F85A	1	先生、	선생님、
0x601D3C	15	F85A	1	（追加で修行しました）	（추가로 수행했습니다）
0x601C99	15	F85A	1	（追加で修行しました）	（추가로 수행했습니다）
0x601C5B	12	F85A	1	それは頼もしいですね。	그거 믿음직하네요。
0x601C4A	9	F85A	1	もうばっちりです！	아주 좋습니다！
0x601C2A	9	F85A	1	もうばっちりです！	아주 좋습니다！
0x601BC8	12	F85A	1	調子は、どうですか？	컨디션은、어떻습니까？
0x601B1E	14	F85A	1	体が疲れているときでも、	몸이 피곤할 때라도、
0x601AF0	18	F85A	1	ほら、背中が曲がっていますよ。	자、등이 굽었어요。
0x601AD4	20	F85A	1	ほら、また背中が曲がっていますよ。	자、또 등이 굽었어요。
0x601A64	18	F85A	1	ふう、今日も一日つかれたな。	휴、오늘도 하루 피곤했군。
0x6019CF	13	F85A	1	（走れば間に合いそう	（뛰면 늦지 않을 것 같
0x601978	8	F85A	1	いいでやんすよ？	좋습죠？
0x60195C	20	F85A	1	よし、今日はキャッチボールをしよう。	좋아、오늘은 캐치볼을 하자。
0x6018C7	14	F85A	1	どこからでも来いでやんす！	어디서든 오라는 겁죠！
0x6018B4	11	F85A	1	さ、つづき行くぞー！	자、계속 간다！
0x601876	15	F85A	1	まあ、ケガしてもしょうがないし	뭐、다쳐도 어쩔 수 없고
0x601727	13	F85A	1	そんな事は、ないですよ？	그런 일은、없어요？
0x601656	5	F85A	1	（ダメだ！	（안 돼！
0x601248	14	F85A	1	（野球ネタをやる気は、	（야구 소재를 할 생각은、
0x60121D	15	F85A	1	オイラ、どうせカンフーものなら	나、어차피 쿵후물이라면
0x6011B1	15	F85A	1	そうか、他の２つのサクセスが	그런가、다른 ２개의 석세스가
0x6010E7	12	F85A	1	難しい言葉でいうと	어려운 말로 하면
0x601039	11	F85A	1	とんでもないでやんす！	당치도 않습죠！
0x600FFA	12	F85A	1	現在発売中の、	현재 발매 중인、
0x600FE0	19	F85A	1	年末に発売が予定されてる、	연말에 발매가 예정된、
0x600E23	8	F85A	1	そうでやんすよ。	그렇습죠。
0x600DFB	13	F85A	1	確認するけど、これって	확인하는데、이거
0x600DE4	15	F85A	1	いやあ、お疲れ様でやんす。	아이고、수고하셨습죠。
0x600CD8	3	F85A	1	ああ？	어？
0x600C3D	12	F85A	1	なんだよ、この機械。	뭐야、이 기계。
0x600B72	17	F85A	1	危ないな、こっちに飛ばすなよ。	위험하잖아、이쪽으로 날리지 마。
0x600B46	18	F85A	1	（おい、そっちにボール行ったぞ！）	（어이、그쪽으로 공 갔다！）
0x600AF0	11	F85A	1	まあ、そう言うなよ。	뭐、그런 말 마。
0x600ACC	18	F85A	1	あーあ、俺だけ野球の練習が	아아、나만 야구 연습이
0x6009F7	12	F85A	1	おーい。バスが来たぞ！	어어이。버스가 왔다！
0x600921	18	F85A	1	もしも何でもできる状態だったら	만약 뭐든 할 수 있는 상태였다면
0x6008B3	3	F85A	1	あの、	저、
0x600864	6	F85A	1	ほっほっほ。	호호호。
0x600813	17	F85A	1	やれることが限られているからこそ	할 수 있는 게 한정되어 있기에
0x600774	10	F85A	1	ほっほっほ、なるほど	호호호、과연
0x600730	15	F85A	1	いろいろと考えてみましたけど	여러 가지로 생각해 봤는데
0x600699	6	F85A	1	それでよい。	그것으로 되었다。
0x6005C0	18	F85A	1	修行が早く終わってほしいって	수행이 빨리 끝났으면 좋겠다고
0x60058F	9	F85A	1	ここでの生活も	여기서의 생활도
0x600562	16	F85A	1	よーし、もうじきバスが来るぞ。	좋아、곧 버스가 온다。
0x600538	10	F85A	1	（そして、翌日）	（그리고、다음 날）
0x6004BF	8	F85A	1	まあ、電話は	뭐、전화는
0x600486	14	F85A	1	わしの聞き違いでなければ	내가 잘못 들은 게 아니라면
0x600477	7	F85A	1	えええええ！？	에에에에엣！？
0x600454	23	F85A	1	ついでに、野球部にも連絡済みじゃ。	겸사겸사、야구부에도 연락해 뒀느니라。
0x60040C	22	F85A	1	修行の件なら、すでに連絡してある。	수행 건이라면、이미 연락해 두었다。
0x6003E8	11	F85A	1	でも、ここにいることを	그래도、여기 있다는 걸
0x600381	18	F85A	1	（いやあ、言ってみるもんだなぁ。）	（아이고、말해 보는 게 낫구나。）
0x600309	18	F85A	1	実は、家族に連絡したいので	실은、가족에게 연락하고 싶어서
0x6002C4	16	F85A	1	だ、大丈夫でやんすかねぇ？	괘、괜찮습죠？
0x6002A1	18	F85A	1	よし、思いついたら即実行だ！	좋아、생각났으면 즉시 실행이다！
0x600211	15	F85A	1	誰かに助けを求めるなんて	누군가에게 도움을 청하다니
0x6001AF	23	F85A	1	やっぱり、無断で人の携帯を見るのは	역시、무단으로 남의 휴대폰을 보는 건
0x6000FE	8	F85A	1	こっちによこせ。	이리 내놔。
0x6000E5	14	F85A	1	オイラ、知らないでやんす！	나、모르는 일입죠！
0x6000C7	13	F85A	1	うわっ、鳴り出したよ！	우왓、울리기 시작했어！
0x6000B4	8	F85A	1	（ピルルルル！）	（따르르르릉！）
0x600072	13	F85A	1	アレの恋人でやんすか？	저 사람 애인입죠？
0x60005E	9	F85A	1	じゃ、恋人か？	그럼、애인인가？
0x600023	15	F85A	1	女性の名前でやんすね。	여자 이름입죠。
0x5FFFE0	21	F85A	1	しっかし、古い機種を使ってるなぁ。	그런데、오래된 기종을 쓰고 있네。
0x5FFFCA	14	F85A	1	携帯電話でやんすね。	휴대전화입죠。
0x5FFF78	17	F85A	1	そりゃあ、普通は良くないよ。	그야、보통은 좋지 않지。
0x5FFF52	17	F85A	1	勝手に荷物を探るなんて、	멋대로 짐을 뒤지다니、
0x5FFF00	20	F85A	1	それなら、勝手に使わせてもらうさ。	그럼、마음대로 쓰게 해주면 되지。
0x5FFEB2	16	F85A	1	オイラたちと違って、電話を	우리들과 달리、전화를
0x5FFDF6	15	F85A	1	うわーん、もうダメでやんすー！	우와앙、이제 글렀습죠！
0x5FFDE6	8	F85A	1	だから、何が？	그러니까、뭐가？
0x5FFDC7	5	F85A	1	い、いや、	아、아니、
0x5FFCFF	9	F85A	1	大変でやんす！	큰일입죠！
0x5FFCDD	14	F85A	1	オイラが、やるんでやんすか？	내가、하는 겁죠？
0x5FFCB1	20	F85A	1	事務所の人を連れ出してくれ。	사무소 사람을 데리고 나와 줘。
0x5FFC5B	10	F85A	1	どうやってでやんす？	어떻게 하는 겁죠？
0x5FFBB3	11	F85A	1	オーバーでやんすねぇ。	오버합죠。
0x5FFB67	17	F85A	1	電話してみたら、どうでやんす？	전화해 보면、어떻습죠？
0x5FFB30	16	F85A	1	今日で、もう一週間か。	오늘로、벌써 일주일인가。
0x5FFAA5	15	F85A	1	さて、７人目は私ですね。	자、７번째는 저네요。
0x5FFA7E	16	F85A	1	（はぁ～、夢中で戦ったけど	（하아～、정신없이 싸웠지만
0x5FFA5C	18	F85A	1	はい、先生ありがとうございます。	네、선생님 감사합니다。
0x5FFA49	9	F85A	1	うむ、見事だ！	음、훌륭하다！
0x5FF93D	8	F85A	1	惜しかったな、	아까웠군、
0x5FF90C	13	F85A	1	時間切れ、そこまで！	시간 종료、거기까지！
0x5FF8E3	5	F85A	1	そこまで！	거기까지！
0x5FF8A7	5	F85A	1	先生！	선생님！
0x5FF898	5	F85A	1	うわーっ、	우와앗、
0x5FF888	8	F85A	1	次は俺だな。	다음은 나군。
0x5FF843	16	F85A	1	（何を言ってるのか早すぎて	（뭘 말하는지 너무 빨라서
0x5FF823	18	F85A	1	はい、先生ありがとうございます。	네、선생님 감사합니다。
0x5FF6D7	7	F85A	1	うわぁぁああ！	우와아아앗！
0x5FF656	8	F85A	1	時間切れ？	시간 종료？
0x5FF63E	13	F85A	1	時間切れ、そこまで！	시간 종료、거기까지！
0x5FF60D	5	F85A	1	そこまで！	거기까지！
0x5FF590	18	F85A	1	はい、先生ありがとうございます。	네、선생님 감사합니다。
0x5FF575	19	F85A	1	鍛練の成果が出たようですね。	단련의 성과가 나온 것 같네요。
0x5FF4B8	7	F85A	1	うわぁぁああ！	우와아아앗！
0x5FF47A	14	F85A	1	なかなか上達しましたね。	제법 늘었네요。
0x5FF466	9	F85A	1	ふう、助かった。	휴、살았다。
0x5FF44E	13	F85A	1	時間切れ、そこまで！	시간 종료、거기까지！
0x5FF40D	5	F85A	1	そこまで！	거기까지！
0x5FF39D	8	F85A	1	いいカオですね。	좋은 표정이네요。
0x5FF35E	10	F85A	1	いい返事ですね。	좋은 대답이네요。
0x5FF281	10	F85A	1	さあ、構えなさい。	자、자세를 잡으세요。
0x5FF233	10	F85A	1	ふむ、やはり我々	흠、역시 우리
0x5FF21A	17	F85A	1	なんだ、俺って強いじゃないか。	뭐야、나 강하잖아。
0x5FF176	15	F85A	1	どこの修行房でもいいから	어느 수행방이든 좋으니
0x5FF0BF	9	F85A	1	はい、すみません。	네、죄송합니다。
0x5FF092	10	F85A	1	ああ、良くないな。	아아、좋지 않군。
0x5FEFE4	15	F85A	1	どこの修行房でもいいから	어느 수행방이든 좋으니
0x5FEEE6	15	F85A	1	ふむ、いい反射神経だ。	흠、좋은 반사신경이군。
0x5FEE95	15	F85A	1	（次は、もっと厳しいって？	（다음은、더 혹독하다고？
0x5FEE24	15	F85A	1	（次は別の先生だって？	（다음은 다른 선생님이라고？
0x5FED91	15	F85A	1	どこの修行房でもいいから	어느 수행방이든 좋으니
0x5FED52	14	F85A	1	なんだ、上手じゃないか。	뭐야、잘하잖아。
0x5FEC7E	17	F85A	1	なに、心配する必要はない。	뭘、걱정할 필요는 없다。
0x5FEBDC	18	F85A	1	拳法の試合をやるんですか？！	권법 시합을 하는 건가요？！
0x5FEBC0	10	F85A	1	本日は、わたしが	오늘은、내가
0x5FEB2C	22	F85A	1	ここは一定の修行を修めた者のみが	여기는 일정한 수행을 마친 자만이
0x5FEAA8	14	F85A	1	前から気になっていたけど	전부터 궁금했는데
0x5FEA78	10	F85A	1	本日は、わたしが	오늘은、내가
0x5FEA4C	19	F85A	1	（この場所は、拳法の実戦を	（이 장소는、권법 실전을
0x5FE981	22	F85A	1	おまけに相手は巨大な虫でやんすか。	게다가 상대는 거대한 벌레입죠。
0x5FE961	7	F85A	1	ジャンケン？！	가위바위보？！
0x5FE8D2	16	F85A	1	いや、相手のやってくることを	아니、상대가 해오는 것을
0x5FE87D	14	F85A	1	まあ、それもあるでやんすね。	뭐、그것도 있습죠。
0x5FE7D3	15	F85A	1	そんなバカな練習をやっても	그런 바보 같은 연습을 해도
0x5FE798	4	F85A	1	ほほう。	호오。
0x5FE763	19	F85A	1	いや、虫と戦うのは模擬であって	아니、벌레와 싸우는 건 모의이지
0x5FE722	14	F85A	1	まあ、それもあるでやんすね。	뭐、그것도 있습죠。
0x5FE682	10	F85A	1	違わないでやんす。	다르지 않습죠。
0x5FE665	18	F85A	1	おい、そんなのと一緒にするなよ。	어이、그런 거랑 같이 취급하지 마。
0x5FE5E4	12	F85A	1	ちゃんと説明しないと	제대로 설명하지 않으면
0x5FE530	8	F85A	1	じゃあ、どうして	그럼、어째서
0x5FE50F	7	F85A	1	な、なんだよ。	뭐、뭐야。
0x5FE467	18	F85A	1	まず人間サイズに大きくなったと	우선 인간 크기로 커졌다고
0x5FE433	18	F85A	1	あの、一つ聞いていいでやんすか？	저기、하나 물어봐도 됩죠？
0x5FE404	18	F85A	1	しかしいろんなヤツらと戦ったなぁ。	그런데 별별 녀석들과 싸웠구나。
0x5FE3B1	7	F85A	1	アリンコのやつ	개미 녀석
0x5FE34D	5	F85A	1	せいや！！	이얍！！
0x5FE33A	3	F85A	1	くそ！	젠장！
0x5FE2C2	15	F85A	1	ちょ、ちょっと待ってくれよ！	자、잠깐 기다려 줘！
0x5FE292	4	F85A	1	ハイッ！	넷！
0x5FE216	14	F85A	1	いや、そんなこと言われても	아니、그런 말을 들어도
0x5FE208	3	F85A	1	ウム。	음。
0x5FE173	23	F85A	1	理由がなんであろうと、この寺院の門を	이유가 무엇이든、이 사원의 문을
0x5FE135	7	F85A	1	おい、待て。	어이、기다려。
0x5FE037	20	F85A	1	高校の野球部の連中ですよ。	고등학교 야구부 녀석들이요。
0x5FE016	13	F85A	1	あの、みんなはどこですか？	저기、다들 어디 있나요？
0x5FDFDE	16	F85A	1	お前が入門希望者か。	네가 입문 희망자냐。
0x5FDF89	20	F85A	1	よーし、じゃあ合宿でパワーアップして	좋아、그럼 합숙으로 파워업해서
0x5FDF68	12	F85A	1	そうか、それはすごいな。	그런가、그거 대단하군。
0x5FDF39	16	F85A	1	オレの親戚の寺なんだけどさ	내 친척 절인데 말이야
0x5FDF28	9	F85A	1	強化合宿？	강화 합숙？
0x5FDEED	7	F85A	1	なあ、みんな。	저기、다들。
0x5FDEB3	19	F85A	1	ああ、また試合に負けてしまった。	아아、또 시합에 지고 말았다。
0x5FDDFE	24	F85A	1	（まあ、野球の練習だし、修行かな。）	（뭐、야구 연습이니까、수행이려나。）
0x5FDDF2	5	F85A	1	修行？	수행？
0x5FDDD3	20	F85A	1	ほう、では修行の希望者ですか？	호오、그럼 수행 희망자입니까？
0x5FDDAD	17	F85A	1	ここで夏の間、お世話になる	여기서 여름 동안、신세를 지게 될
0x5FDD83	20	F85A	1	このような山奥にある、当寺院を	이런 깊은 산속에 있는、본 사원을
0x5FDD6F	9	F85A	1	ごめんくださーい！	실례합니다아！
0x5FDD0C	21	F85A	1	理由がなんであれ、当寺院の門を	이유가 무엇이든、본 사원의 문을
0x5FDCA5	12	F85A	1	（その年の夏休み、	（그해 여름방학、
0x5FDBE9	12	F85A	1	あれっ、時間切れ？	어랏、시간 종료？
0x5FDBB1	7	F85A	1	よし勝った！	좋아 이겼다！
0x5FDB83	10	F85A	1	（きぇえええーっ！）	（끄에에에엣！）
0x5FDB6B	12	F85A	1	さあ、来い３人目！	자、와라 ３번째！
0x5FDB19	15	F85A	1	２回目で負けてしまった。	２회째에 지고 말았다。
0x5FDAF9	12	F85A	1	あれっ、時間切れ？	어랏、시간 종료？
0x5FDABB	13	F85A	1	よし、２人目突破！	좋아、２번째 돌파！
0x5FDA8A	13	F85A	1	うわ、もう次が来た！？	우와、벌써 다음이 왔다！？
0x5FDA78	10	F85A	1	（きぇえええーっ！）	（끄에에에엣！）
0x5FDA1D	9	F85A	1	うむ、そのとおり！	음、그렇다！
0x5FD9FB	16	F85A	1	あの、これってあと７人戦えば	저기、이거 앞으로 ７명 싸우면
0x5FD9AA	14	F85A	1	いきなり、負けてしまった。	시작하자마자、지고 말았다。
0x5FD975	11	F85A	1	言い忘れていたが、	말하는 걸 잊었다만、
0x5FD95E	12	F85A	1	あれっ、時間切れ？	어랏、시간 종료？
0x5FD920	13	F85A	1	よし、なんとか勝ったぞ。	좋아、간신히 이겼다。
0x5FD8F2	10	F85A	1	（きぇえええーっ！）	（끄에에에엣！）
0x5FD88C	8	F85A	1	そうか、そうか。	그런가、그런가。
0x5FD849	6	F85A	1	ほっほっほ。	호호호。
0x5FD781	26	F85A	1	八人の拳士と連続して戦う試練じゃ。	여덟 명의 권사와 연속으로 싸우는 시련이니라。
0x5FD73C	9	F85A	1	そこで、お前には	그래서、너에게는
0x5FD72A	7	F85A	1	それは、まあ。	그건、뭐。
0x5FD70F	19	F85A	1	勝った、という事実は変わらん。	이겼다、는 사실은 변하지 않는다。
0x5FD62D	10	F85A	1	（ふう、やれやれ。）	（휴、이런 이런。）
0x5FD60F	19	F85A	1	これで、全員が終わったわけだな。	이걸로、전원이 끝난 셈이군。
0x5FD5D4	9	F85A	1	（あ、そういえば。	（아、그러고 보니。
0x5FD59B	17	F85A	1	さあ、急いで食事に行こう。	자、서둘러 식사하러 가자。
0x5FD572	9	F85A	1	はい、すみません。	네、죄송합니다。
0x5FD4A2	10	F85A	1	ああ、良くないな。	아아、좋지 않군。
0x5FD387	15	F85A	1	ふむ、いい反射神経だ。	흠、좋은 반사신경이군。
0x5FD32B	14	F85A	1	なんだ、上手じゃないか。	뭐야、잘하잖아。
0x5FD263	17	F85A	1	なに、心配する必要はない。	뭘、걱정할 필요는 없다。
0x5FD1ED	5	F85A	1	そもそも、	애초에、
0x5FD1B1	16	F85A	1	それなら、今日の修行にも	그렇다면、오늘 수행에도
0x5FD142	15	F85A	1	せっかくここへ修行に来て	모처럼 여기 수행하러 와서
0x5FD11F	15	F85A	1	ええ、たしかにその場所には	네、분명 그 장소에는
0x5FD0E8	19	F85A	1	そろそろ修行も終わりだというのに	슬슬 수행도 끝나가는데
0x5FD0D3	11	F85A	1	ところで、話がある。	그런데、할 얘기가 있다。
0x5FD0BC	15	F85A	1	どうも、申しわけありません。	정말、죄송합니다。
0x5FD024	9	F85A	1	おはようございます	안녕하세요
0x5FD014	5	F85A	1	おはよう、	좋은 아침、
0x5FCFA3	20	F85A	1	くそー、暗くなる前に見つけないと！	젠장、어두워지기 전에 찾아야 해！
0x5FCF82	9	F85A	1	まずはがんばって、	우선은 열심히 해서、
0x5FCECD	10	F85A	1	フン、悪いがオレは	흥、미안하지만 나는
0x5FCEAC	7	F85A	1	で、どうです？	그래서、어떻습니까？
0x5FCE48	20	F85A	1	オイラのは、去年の忘れ物の中に	내 건、작년 분실물 중에
0x5FCE05	13	F85A	1	ああ、事情を話したら	아아、사정을 말했더니
0x5FCDDA	17	F85A	1	ところで、そのグラブどうしたんだ？	그런데、그 글러브 어떻게 된 거야？
0x5FCDC0	19	F85A	1	（先生たちも、そそっかしいなぁ。）	（선생님들도、덜렁대는구나。）
0x5FCD08	17	F85A	1	いやあ、これでオイラも打つ側の	아이고、이걸로 나도 치는 쪽의
0x5FCCC0	11	F85A	1	えっ、そうなんですか？	엣、그런가요？
0x5FCC96	17	F85A	1	くそう、オレも負けてられないな。	젠장、나도 질 수 없지。
0x5FCC7C	15	F85A	1	まあ、好きでやってますから。	뭐、좋아서 하는 거니까요。
0x5FCC30	16	F85A	1	うわ、コイツらマジでやってるよ！	우와、이 녀석들 진심으로 하고 있어！
0x5FCC1C	9	F85A	1	まかせるでやんす。	맡기겠습죠。
0x5FCC06	14	F85A	1	よーし、じゃあ始めようか。	좋아、그럼 시작해 볼까。
0x5FCB48	22	F85A	1	なにしろ、毎日の修行後に裏庭で	아무튼、매일 수행 후에 뒷마당에서
0x5FCB20	13	F85A	1	（あれ、誰の話だろう。	（어라、누구 얘기지。
0x5FCAF0	20	F85A	1	ええ、特に修行に対する意欲は	네、특히 수행에 대한 의욕은
0x5FCA63	8	F85A	1	ここの先生は	여기 선생님은
0x5FCA18	20	F85A	1	（いつものように修行後の時間を	（여느 때처럼 수행 후 시간을
0x5FC9CA	19	F85A	1	（格闘技も、ちょっとイイかも。）	（격투기도、좀 괜찮을지도。）
0x5FC970	8	F85A	1	うむ、やったな。	음、해냈군。
0x5FC8A5	4	F85A	1	がはっ！	커헉！
0x5FC7FB	6	F85A	1	そうじゃよ？	그렇단다？
0x5FC7E6	16	F85A	1	あれ、ひょっとして俺の勝ち？	어라、혹시 내 승리？
0x5FC7C4	10	F85A	1	ふぉっふぉっふぉっ。	후오후오후오。
0x5FC767	6	F85A	1	ほっほっほ。	호호호。
0x5FC740	14	F85A	1	はい、最後の８人目は	네、마지막 ８번째는
0x5FC693	10	F85A	1	ははは、おめでとう。	하하하、축하한다。
0x5FC605	4	F85A	1	はうっ！	헉！
0x5FC5A3	15	F85A	1	いえいえ、大したものですよ。	아뇨아뇨、대단한 겁니다。
0x5FC55E	6	F85A	1	お見事！	훌륭합니다！
0x5FC502	5	F85A	1	それでは、	그럼、
0x5FC4EF	15	F85A	1	なるほど、良い覚悟です。	과연、좋은 각오네요。
0x5FC4CA	17	F85A	1	ここまで来たら、せっかくですから	여기까지 왔으니、모처럼이니까
0x5FC3E6	18	F85A	1	ちくしょう、俺の大事なグラブに	젠장、내 소중한 글러브에
0x5FC39D	14	F85A	1	うわっ、こんな汚いトイレに	우왓、이런 더러운 화장실에
0x5FC326	10	F85A	1	ハッ、いいざまだな。	흥、꼴좋군。
0x5FC277	16	F85A	1	申しわけありません、先生。	죄송합니다、선생님。
0x5FC22D	3	F85A	1	ハハ！	하하！
0x5FC1C4	8	F85A	1	あ、すみません。	아、죄송합니다。
0x5FC17D	11	F85A	1	ふう、引き分けか。	휴、무승부인가。
0x5FC167	11	F85A	1	時間だ、そこまで！	시간이다、거기까지！
0x5FC10B	24	F85A	1	約束だ、野球の道具の隠し場所を	약속이다、야구 도구 숨긴 곳을
0x5FC04F	5	F85A	1	それまで！	거기까지！
0x5FBFD5	10	F85A	1	返してほしけりゃ、	돌려받고 싶으면、
0x5FBFA6	13	F85A	1	お前のグラブとかボール。	네 글러브나 공。
0x5FBF67	18	F85A	1	野球の道具が、どこにいったか	야구 도구가、어디로 갔는지
0x5FBF57	8	F85A	1	な、なんですか？	무、무슨 일입니까？
0x5FBF1B	16	F85A	1	（先生と違って、絶対に	（선생님과 달리、절대로
0x5FBED3	3	F85A	1	ふむ？	흠？
0x5FBEB0	14	F85A	1	待ってください、先生。	기다려 주세요、선생님。
0x5FBE7D	26	F85A	1	さて、今日は生徒同士の対戦をやろう。	자、오늘은 학생끼리의 대전을 하자。
0x5FBD75	6	F85A	1	あ、そうか。	아、그렇구나。
0x5FBD21	12	F85A	1	ああ、負けてしまった。	아아、지고 말았다。
0x5FBC5D	10	F85A	1	くそっ、残念だ。	젠장、아쉽군。
0x5FBC05	17	F85A	1	（これで一件落着、かな。）	（이걸로 일단락、인가。）
0x5FBBDE	15	F85A	1	先生、オレはがんばります！	선생님、저는 열심히 하겠습니다！
0x5FBB89	13	F85A	1	今日負けたくやしさを	오늘 진 분함을
0x5FBB15	17	F85A	1	長い間がんばってきたといっても	오랫동안 노력해 왔다고 해도
0x5FBAB4	3	F85A	1	くそ！	젠장！
0x5FBAAE	3	F85A	1	くそ！	젠장！
0x5FBAA8	3	F85A	1	くそ！	젠장！
0x5FBA06	8	F85A	1	両者、礼！	양측、경례！
0x5FB989	16	F85A	1	どうして俺を目の敵にする。	어째서 나를 눈엣가시로 삼는 거야。
0x5FB96E	19	F85A	1	今度は、前のようにはいかないぞ。	이번엔、전처럼은 안 될 거다。
0x5FB921	4	F85A	1	ええっ、	에엣、
0x5FB8FA	5	F85A	1	先生、	선생님、
0x5FB8D1	19	F85A	1	修行者同士の対戦だって？	수행자끼리의 대전이라고？
0x5FB7F0	9	F85A	1	はい、そうですね。	네、그렇네요。
0x5FB7DA	14	F85A	1	わははは、オレの勝ちだな！	와하하하、내 승리군！
0x5FB78B	18	F85A	1	やっぱり、俺は野球以外は、	역시、나는 야구 말고는、
0x5FB767	8	F85A	1	引き分けか。	무승부인가。
0x5FB701	20	F85A	1	（なんだか口をはさみにくい雰囲気	（뭔가 끼어들기 힘든 분위기
0x5FB6C9	15	F85A	1	先生、オレはがんばります！	선생님、저는 열심히 하겠습니다！
0x5FB674	13	F85A	1	今日負けたくやしさを	오늘 진 분함을
0x5FB600	17	F85A	1	長い間がんばってきたといっても	오랫동안 노력해 왔다고 해도
0x5FB5A1	3	F85A	1	くそ！	젠장！
0x5FB59B	3	F85A	1	くそ！	젠장！
0x5FB595	3	F85A	1	くそ！	젠장！
0x5FB524	18	F85A	1	いや、せめてグラブは回収しないと	아니、적어도 글러브는 회수해야
0x5FB4D7	5	F85A	1	ふ、ふん。	흐、흥。
0x5FB4B6	22	F85A	1	さあ、俺の野球道具はどこにやった！	자、내 야구 도구는 어디다 뒀어！
0x5FB416	11	F85A	1	そいつが知りたきゃ、	그게 알고 싶으면、
0x5FB389	7	F85A	1	ええっ、俺？	에엣、나？
0x5FB2E9	13	F85A	1	うむ、気を使うでない。	음、신경 쓸 것 없다。
0x5FB231	22	F85A	1	まあ、急に改めろと言われても無理。	뭐、갑자기 고치라고 해도 무리。
0x5FB21B	11	F85A	1	（それみろでやんす。）	（그것 보라는 겁죠。）
0x5FB159	23	F85A	1	恥をかくのも、かかぬのも、当人次第。	창피를 당하는 것도、당하지 않는 것도、본인 나름。
0x5FB113	16	F85A	1	これ、何を言い争っておる。	이놈들、무엇을 다투고 있느냐。
0x5FB0FE	10	F85A	1	誰が聞くもんか！	누가 듣나 봐라！
0x5FB0E4	18	F85A	1	オイラの言う事を聞くでやんす！	내 말을 들으라는 겁죠！
0x5FB0CF	13	F85A	1	まだ子供でいいんだよ！	아직 애라도 되잖아！
0x5FB0B6	14	F85A	1	あんたは子供でやんすか！	당신은 애입죠！
0x5FB09A	20	F85A	1	恥をかくのは俺だからいいじゃないか！	창피당하는 건 나니까 상관없잖아！
0x5FB074	19	F85A	1	将来、そんな食べ方をしていたら	나중에、그런 식으로 먹다가는
0x5FB048	12	F85A	1	さっきからうるさいなぁ。	아까부터 시끄럽네。
0x5FB010	8	F85A	1	そうじゃなくて、	그게 아니라、
0x5FAFFC	9	F85A	1	ちゃんとあるけど。	멀쩡히 있는데。
0x5FAFE5	15	F85A	1	左手はどうしたんでやんす？	왼손은 어쨌습죠？
0x5FAFD0	10	F85A	1	まだ何かあるのか？	아직 뭐가 더 있어？
0x5FAF2C	17	F85A	1	ハシの先を向かいの人にむけて	젓가락 끝을 맞은편 사람에게 향하고
0x5FAF01	21	F85A	1	ハシの置き方が間違ってるでやんす。	젓가락 놓는 법이 틀렸습죠。
0x5FAED9	10	F85A	1	こらこら！でやんす。	이런이런！입죠。
0x5FAE8F	7	F85A	1	変でやんす。	이상합죠。
0x5FAE7E	9	F85A	1	えっ、そうかなぁ？	엣、그런가？
0x5FAE55	7	F85A	1	よく見たら、	잘 보니까、
0x5FAE24	10	F85A	1	えっ、音出てた？	엣、소리 났어？
0x5FADB0	14	F85A	1	やっと食事の時間だ。	드디어 식사 시간이다。
0x5FAD37	17	F85A	1	では、拙僧とともに今後とも	그럼、소승과 함께 앞으로도
0x5FAD0C	15	F85A	1	（ここにずっと住んでいる？）	（여기 계속 살고 있다？）
0x5FAC4D	3	F85A	1	おっ？	옷？
0x5FABF3	15	F85A	1	ああ、これは失礼しました。	아아、이거 실례했습니다。
0x5FABD2	9	F85A	1	そんなことはない！	그렇지 않다！
0x5FABA4	14	F85A	1	それで、豆と野菜だけ？	그래서、콩이랑 채소뿐？
0x5FAB63	18	F85A	1	精進料理ってやつでやんすよ。	사찰음식이라는 겁죠。
0x5FAB1B	19	F85A	1	やれやれ、やっと食事の時間か。	이런 이런、드디어 식사 시간인가。
0x5FAA75	6	F85A	1	こら、そこ！	이봐、거기！
0x5FAA65	5	F85A	1	先輩？	선배？
0x5FAA32	12	F85A	1	そういうことをしていると	그런 짓을 하고 있으면
0x5FA9FB	13	F85A	1	そんなところがあるのか？！	그런 곳이 있는 건가？！
0x5FA9A6	16	F85A	1	あまり無理な修行をすると	너무 무리한 수행을 하면
0x5FA961	11	F85A	1	あ、あの人もいたよ。	아、저 사람도 있었어。
0x5FA94F	7	F85A	1	あ、あいつだ！	아、저 녀석이다！
0x5FA90E	6	F85A	1	こら、そこ！	이봐、거기！
0x5FA8B2	7	F85A	1	ああ、あそこは	아아、저기는
0x5FA84C	4	F85A	1	さっき、	아까、
0x5FA770	6	F85A	1	は、はやく、	빠、빨리、
0x5FA71B	10	F85A	1	おお、悪い悪い。	오오、미안미안。
0x5FA63F	15	F85A	1	よし、見本を見せてやる。	좋아、본보기를 보여주마。
0x5FA5DA	14	F85A	1	だ、大丈夫でやんすか？	괘、괜찮습죠？
0x5FA550	12	F85A	1	（ドッガァアアアアン！）	（콰가아아아앙！）
0x5FA4CE	9	F85A	1	はい、こうですか？	네、이렇게요？
0x5FA4AE	11	F85A	1	ちょっと構えてみろ。	잠깐 자세를 잡아 봐라。
0x5FA425	20	F85A	1	（そこまで言われると断りづらいな。）	（그렇게까지 말하면 거절하기 힘든데。）
0x5FA396	7	F85A	1	待て待て！	기다려 기다려！
0x5FA363	17	F85A	1	せっかくですけど、遠慮します。	모처럼이지만、사양하겠습니다。
0x5FA331	13	F85A	1	オレが、しろうとのお前に	내가、초짜인 너에게
0x5FA321	5	F85A	1	先輩？	선배？
0x5FA2EF	8	F85A	1	ふははははは！！	후하하하하하！！
0x5FA2D3	17	F85A	1	さあ、今日はどこに行こうか。	자、오늘은 어디로 가볼까。
0x5FA2C0	8	F85A	1	ふははははは！！	후하하하하하！！
0x5FA282	16	F85A	1	だから、やめろって言ったのに。	그러니까、그만두라고 했잖아。
0x5FA26F	11	F85A	1	アイタタでやんすぅ～。	아야야입죠～。
0x5FA245	11	F85A	1	構えなくていいのか？	자세 안 잡아도 되나？
0x5FA21D	12	F85A	1	さっきの説明中に、	아까 설명 도중에、
0x5FA06B	19	F85A	1	いや、コン棒は難しいでやんすね～。	아니、곤봉은 어렵습죠～。
0x5FA059	10	F85A	1	そ、そうなんですよ。	그、그렇습니다。
0x5FA02F	19	F85A	1	そうか、こんな時間にも稽古か。	그런가、이런 시간에도 연습인가。
0x5FA01F	5	F85A	1	（ギクッ）	（뜨끔）
0x5F9FC5	11	F85A	1	なにを騒いでるんだ？	뭘 소란이냐？
0x5F9F2B	21	F85A	1	このコン棒で、オイラの怒りの一撃を	이 곤봉으로、내 분노의 일격을
0x5F9F11	9	F85A	1	いや、ちがうって。	아니、그게 아니라니까。
0x5F9E7F	8	F85A	1	えっ、だめだよ。	엣、안 돼。
0x5F9E67	13	F85A	1	ヤツに仕返しでやんす！	그 녀석에게 앙갚음입죠！
0x5F9E32	18	F85A	1	まあ、説明はそのくらいでいいよ。	뭐、설명은 그쯤이면 됐어。
0x5F9DC1	18	F85A	1	しかも、今日の献立はオイラの	게다가、오늘 식단은 내가
0x5F9DAB	11	F85A	1	ああ、それはひどいな。	아아、그건 심하군。
0x5F9D79	9	F85A	1	さっきの夕食、	아까 저녁 식사、
0x5F9D48	15	F85A	1	もう、ガマンできないでやんす！	이제、못 참겠습죠！
0x5F9C40	10	F85A	1	えっ、いいんですか？	엣、괜찮은가요？
0x5F9C1E	7	F85A	1	まあ、待て。	자、기다려라。
0x5F9BA9	26	F85A	1	ここは、毎日の修行で疲れが溜まった者が	여기는、매일의 수행으로 피로가 쌓인 자가
0x5F9B26	20	F85A	1	なに、オレは親切な先輩だからな。	뭘、나는 친절한 선배니까。
0x5F9B09	7	F85A	1	わっ、いきなり	왓、갑자기
0x5F9AD9	11	F85A	1	おい、なんか言えよ。	어이、뭐라고 말 좀 해。
0x5F9A6B	21	F85A	1	どうやら、本当に疲れているようだな。	아무래도、정말 피곤한 모양이군。
0x5F9A22	8	F85A	1	そ、そうですか。	그、그렇습니까。
0x5F99F5	17	F85A	1	おお、お前は正直な奴だな。	오오、너는 정직한 녀석이군。
0x5F99BD	6	F85A	1	あ、あれっ？	어、어라？
0x5F9982	8	F85A	1	あ、いや、その。	아、아니、그게。
0x5F991F	13	F85A	1	いちいち、そんなやり方で	일일이、그런 방식으로
0x5F98E4	11	F85A	1	なるほど、こってるな。	과연、뭉쳤군。
0x5F98D4	5	F85A	1	いててっ！	아얏！
0x5F983E	6	F85A	1	本当か？	정말이냐？
0x5F980E	19	F85A	1	ちょっと疲れがたまってるみたいなので	좀 피로가 쌓인 것 같아서
0x5F97AB	11	F85A	1	へへ、いいってことよ！	헤헤、괜찮다니까！
0x5F9773	18	F85A	1	俺も、久しぶりにキャッチボールが	나도、오랜만에 캐치볼이
0x5F9703	4	F85A	1	実は、	실은、
0x5F96BE	11	F85A	1	（見られていたか。）	（보고 있었나。）
0x5F9664	5	F85A	1	なるほど、	과연、
0x5F961B	13	F85A	1	ここで、何をしておった？	여기서、뭘 하고 있었느냐？
0x5F95E8	9	F85A	1	へへ、そうだろう？	헤헤、그렇지？
0x5F95CB	3	F85A	1	おお！	오오！
0x5F958D	4	F85A	1	へへへ！	헤헤헤！
0x5F9568	18	F85A	1	あ、全然説明してなかったのに	아、전혀 설명 안 했는데
0x5F9529	8	F85A	1	こうするんだよ。	이렇게 하는 거야。
0x5F9518	9	F85A	1	で、どうするんだ？	그래서、어떻게 하는 거야？
0x5F9502	8	F85A	1	そう、それそれ！	그래、그거 그거！
0x5F94EB	8	F85A	1	ほら、あったぜ！	봐、있었어！
0x5F9480	14	F85A	1	それなら、グラブと一緒に	그거라면、글러브와 함께
0x5F9427	10	F85A	1	野球の基本、	야구의 기본、
0x5F93EB	6	F85A	1	やってみる？	해볼래？
0x5F93C1	9	F85A	1	へえ、野球って	헤에、야구란 게
0x5F9376	10	F85A	1	ああ、ごめんごめん。	아아、미안미안。
0x5F933C	14	F85A	1	だから、オレは産まれてから	그러니까、나는 태어나서부터
0x5F9328	9	F85A	1	え、知らないの？	에、몰라？
0x5F929B	11	F85A	1	おみそれしたでやんす。	몰라뵀습죠。
0x5F926C	10	F85A	1	うむ、美味じゃ。	음、맛있구먼。
0x5F924A	7	F85A	1	（ムシャムシャ	（우적우적
0x5F91EA	12	F85A	1	申し訳ないでやんす。	죄송합죠。
0x5F9186	12	F85A	1	そんなこと聞いてない！	그런 건 안 물었어！
0x5F915F	10	F85A	1	お前、何様だ！	너、뭐라도 되는 줄 알아！
0x5F9145	18	F85A	1	アンタの方が軟弱者でやんす！	당신이 더 나약한 놈입죠！
0x5F912D	16	F85A	1	お前も軟弱者じゃないか！	너도 나약한 놈이잖아！
0x5F9117	11	F85A	1	オイラはイヤでやんす！	나는 싫습죠！
0x5F9100	12	F85A	1	なら、お前が食えよ！	그럼、네가 먹어！
0x5F90ED	8	F85A	1	食えでやんす！	먹으라는 겁죠！
0x5F90D9	9	F85A	1	なんだよ、お前！	뭐야、너！
0x5F90C0	14	F85A	1	つべこべ言うな、でやんす！	이러쿵저러쿵 말라는 겁죠！
0x5F9067	18	F85A	1	もったいないから、食べるでやんす！	아까우니까、먹는 겁죠！
0x5F9003	7	F85A	1	石でやんす。	돌입죠。
0x5F8FE1	6	F85A	1	か、硬っ！	따、딱딱해！
0x5F8F25	13	F85A	1	それが、あるんでやんすよ。	그게、있습죠。
0x5F8F09	17	F85A	1	えっ、この寺にハンバーガーが？！	엣、이 절에 햄버거가？！
0x5F8EE6	16	F85A	1	まあ、この寺にもないことはない	뭐、이 절에도 없는 건 아니
0x5F8EC1	9	F85A	1	しかたがないだろ。	어쩔 수 없잖아。
0x5F8E8C	14	F85A	1	いや、ハンバーガーじゃなくて	아니、햄버거가 아니라
0x5F8E6E	19	F85A	1	ハンバーガーのどこが軟弱なんだよ！	햄버거의 어디가 나약하다는 거야！
0x5F8DF3	10	F85A	1	どうしたんでやんす？	무슨 일입죠？
0x5F8DC4	17	F85A	1	う～、ハンバーガー食べたいなぁ。	으～、햄버거 먹고 싶다。
0x5F8CDE	19	F85A	1	すいません、すぐ修行に戻ります。	죄송합니다、바로 수행으로 돌아가겠습니다。
0x5F8CCB	11	F85A	1	申し訳ありません。	죄송합니다。
0x5F8CB8	4	F85A	1	あっ、お	앗、스
0x5F8C95	3	F85A	1	これ！	이놈！
0x5F8BB5	5	F85A	1	ええええ！	에에에에！
0x5F8B70	19	F85A	1	たしかに、坊主頭は少ないなぁ。	확실히、빡빡머리는 적지。
0x5F8AA3	19	F85A	1	でさぁ、外の世界ってどうなんだ？	그래서 말인데、바깥세상은 어때？
0x5F895B	15	F85A	1	まあ、そんなことはいいけどさ。	뭐、그런 건 됐고。
0x5F8948	8	F85A	1	あ、すみません。	아、죄송합니다。
0x5F88E8	3	F85A	1	やあ。	안녕。
0x5F8864	7	F85A	1	うるさいなぁ。	시끄럽네。
0x5F880F	10	F85A	1	まったく、あいつらは	정말、저 녀석들은
0x5F87FC	8	F85A	1	あ、逃げたか。	아、도망쳤나。
0x5F8744	16	F85A	1	別に、こいつが何かをしたって	딱히、이 녀석이 뭘 했다고
0x5F8727	18	F85A	1	うわっ、なに捕まえてるんでやんす！	우왓、뭘 잡고 있는 겁죠！
0x5F8717	5	F85A	1	（ひょい）	（잽싸게）
0x5F8645	10	F85A	1	まったく、あいつらは	정말、저 녀석들은
0x5F85B3	13	F85A	1	うわっ、ばっちいでやんす！	우왓、더럽습죠！
0x5F859E	10	F85A	1	よし、やっつけたぞ。	좋아、해치웠다。
0x5F8486	12	F85A	1	こいつはキングでやんす！	이 녀석은 킹입죠！
0x5F846B	16	F85A	1	うわあ、妙に大きいぞこいつ！	우와아、묘하게 크다 이 녀석！
0x5F841C	13	F85A	1	うわっ、ゴキブリでやんす！	우왓、바퀴벌레입죠！
0x5F83E2	12	F85A	1	そうか、強敵なのか。	그런가、강적인가。
0x5F83AC	21	F85A	1	一度、お手合わせ願いたいものだ！	한번、겨뤄 보고 싶군！
0x5F8380	19	F85A	1	（この人が、外に出たときの事を	（이 사람이、밖에 나갔을 때를
0x5F829D	15	F85A	1	ひょっとして、「女性」って	혹시、「여성」이라는 게
0x5F827B	5	F85A	1	女性？	여성？
0x5F8250	16	F85A	1	つまり、その本に載ってるのは	즉、그 책에 실린 건
0x5F8015	9	F85A	1	でも、すごいだろ。	그래도、대단하지。
0x5F7FD8	11	F85A	1	ほら、これなんだけど。	자、이건데。
0x5F7FB6	14	F85A	1	宇宙人の写真だよ。	우주인 사진이야。
0x5F7F2A	19	F85A	1	そんな本、持ち込んじゃダメだって	그런 책、가져오면 안 된다고
0x5F7EB9	4	F85A	1	ハイッ！	넷！
0x5F7E38	8	F85A	1	あれ、先生？	어라、선생님？
0x5F7DE6	5	F85A	1	先輩？	선배？
0x5F7DC8	5	F85A	1	待てぃ、	멈춰라、
0x5F7CFA	15	F85A	1	返すのはいつでもいいからな。	돌려주는 건 언제라도 좋으니까。
0x5F7C13	13	F85A	1	ははは、そうか似てるか？	하하하、그런가 닮았나？
0x5F7B93	7	F85A	1	こんにちびゃ。	안녕하시바。
0x5F7B5C	8	F85A	1	な、なんですか？	무、무슨 일입니까？
0x5F7B4F	5	F85A	1	シュッ！！	슉！！
0x5F7B33	17	F85A	1	（関わりたくないなー、この人）	（엮이고 싶지 않네、이 사람）
0x5F7B17	8	F85A	1	な、なんですか、	무、무슨 일입니까、
0x5F7AA0	19	F85A	1	そういう冗談を言う元気がある	그런 농담을 할 기운이 있다면
0x5F7A1C	10	F85A	1	（じゃあ、次回も	（그럼、다음번도
0x5F79D1	11	F85A	1	だが、これではいかん。	하지만、이래서는 안 된다。
0x5F79B7	15	F85A	1	（なんとか逃げ切ったぞ。）	（간신히 버텨냈다。）
0x5F798C	23	F85A	1	お互い一歩も譲らず、時間切れか。	서로 한 발도 물러서지 않고、시간 종료인가。
0x5F791F	21	F85A	1	あの先生はいい人なんだが、戦いでは	저 선생님은 좋은 분이지만、싸움에서는
0x5F78F0	19	F85A	1	（４人のうちの３人に勝ったのか。	（４명 중 ３명을 이긴 건가。
0x5F78BB	20	F85A	1	これで３人の先生に勝ったわけか？	이걸로 ３명의 선생님을 이긴 셈인가？
0x5F7891	12	F85A	1	おう、よくがんばったな。	오냐、잘 해냈군。
0x5F77F5	12	F85A	1	い、いえ、そんなことは。	아、아뇨、그런 건。
0x5F7791	20	F85A	1	さて、今日の題目はフェイントだ。	자、오늘의 주제는 페인트다。
0x5F7767	14	F85A	1	（こんな筋肉のカタマリに	（이런 근육 덩어리한테
0x5F775B	5	F85A	1	は、はぁ。	하、하아。
0x5F7722	16	F85A	1	ははは、あくまでも教師だから	하하하、어디까지나 교사니까
0x5F7700	7	F85A	1	げ、今日は	윽、오늘은
0x5F76EB	7	F85A	1	よく来たな、	잘 왔군、
0x5F76BE	18	F85A	1	今回は本気で殴らないように	이번엔 진심으로 때리지 않도록
0x5F7698	8	F85A	1	おお、今日は	오오、오늘은
0x5F7651	13	F85A	1	（しょうがない、今日は	（어쩔 수 없지、오늘은
0x5F761E	17	F85A	1	５つの房のうちから一つ選んで	５개의 방 중에서 하나를 골라
0x5F75E6	7	F85A	1	修行房？	수행방？
0x5F75AD	7	F85A	1	コラッ、そこ！	이놈、거기！
0x5F74F4	16	F85A	1	そんなに監視がきびしいのか？	그렇게 감시가 심한 건가？
0x5F73F2	15	F85A	1	修行期間が終われば、	수행 기간이 끝나면、
0x5F73D1	14	F85A	1	じゃあ、ここから出て行く	그럼、여기서 나가는
0x5F7356	9	F85A	1	俺の名前は、	내 이름은、
0x5F72A4	17	F85A	1	おお、アンタが昨日入門した	오오、당신이 어제 입문한
0x5F71EC	10	F85A	1	へえ、おかしなことも	헤에、이상한 것도
0x5F71AC	4	F85A	1	なんだか	뭔가
0x5F717E	10	F85A	1	どうしたんでやんす？	무슨 일입죠？
0x5F70B3	13	F85A	1	あの、筋肉を鍛えても	저기、근육을 단련해도
0x5F709D	11	F85A	1	わっ、なんだ、なんだ？	왓、뭐야、뭐야？
0x5F7081	3	F85A	1	あの、	저、
0x5F7074	5	F85A	1	（バタッ）	（털썩）
0x5F7022	10	F85A	1	はい、わかりました。	네、알겠습니다。
0x5F6FFA	12	F85A	1	はっはっは、当然だ。	하하하、당연하지。
0x5F6FE0	15	F85A	1	本当に大丈夫ですか？	정말 괜찮으신가요？
0x5F6FCF	6	F85A	1	む、なんだ？	음、뭐냐？
0x5F6FB3	3	F85A	1	あの、	저、
0x5F6F10	17	F85A	1	このように、この房での練習は	이처럼、이 방에서의 연습은
0x5F6EFF	6	F85A	1	すごいなぁ。	대단하네。
0x5F6EC1	6	F85A	1	痛くない！	아프지 않다！
0x5F6E93	18	F85A	1	あの、本当に大丈夫ですか？	저、정말 괜찮으신가요？
0x5F6E46	16	F85A	1	大丈夫、鍛えているから。	괜찮다、단련하고 있으니까。
0x5F6E17	12	F85A	1	この棒で、力いっぱい	이 봉으로、힘껏
0x5F6E0A	8	F85A	1	はい、なんです？	네、무슨 일인가요？
0x5F6DC0	20	F85A	1	（どうも、地味な修行ばかりだから	（아무래도、수수한 수행뿐이라
0x5F6D5B	15	F85A	1	言わんこっちゃないでやんす。	그러게 말했잖습죠。
0x5F6D28	11	F85A	1	まあ、遠慮するな。	뭘、사양 마라。
0x5F6CAD	7	F85A	1	ふははははは！	후하하하하하！
0x5F6C4C	18	F85A	1	今日は先輩と拳法の事で	오늘은 선배와 권법 일로
0x5F6BE0	14	F85A	1	本当にやるんでやんすか？	정말 하는 겁죠？
0x5F6B8E	19	F85A	1	オイラの知ってる限りないでやんす。	내가 아는 한 없습죠。
0x5F6B6D	22	F85A	1	他に気を引けそうな事ってないのかい？	달리 관심 끌 만한 건 없을까？
0x5F6AEA	17	F85A	1	でも、自分で言うだけの事は	그래도、스스로 말할 만은
0x5F6ABD	10	F85A	1	拳法の話、か。	권법 얘기、인가。
0x5F6A5E	12	F85A	1	ポジティブでやんすねぇ。	긍정적입죠。
0x5F6A03	6	F85A	1	ちがうよっ！	아니라니까！
0x5F69A2	12	F85A	1	ど、どうしたんでやんす？	무、무슨 일입죠？
0x5F6892	6	F85A	1	あ、そうか。	아、그렇구나。
0x5F6858	17	F85A	1	ははは、いつでも勝負してやるぜ	하하하、언제든 승부해 주지
0x5F6845	11	F85A	1	くそっ、また負けた！	젠장、또 졌다！
0x5F67DE	17	F85A	1	いや、俺は野球部員だから	아니、나는 야구부원이니까
0x5F674B	10	F85A	1	（あの調子だと、	（저 기세면、
0x5F6692	15	F85A	1	この前の借りは返したぞ。	지난번 빚은 갚았다。
0x5F65FD	8	F85A	1	両者、礼！	양측、경례！
0x5F65DF	19	F85A	1	今度は前のようには行かないぞ。	이번엔 전처럼은 안 될 거다。
0x5F65C8	15	F85A	1	ふん、また叩き潰してやる。	흥、또 짓뭉개 주마。
0x5F6571	4	F85A	1	ええっ、	에엣、
0x5F654A	5	F85A	1	先生、	선생님、
0x5F6535	17	F85A	1	（いいぜ、相手になってやる。）	（좋아、상대해 주지。）
0x5F651D	5	F85A	1	（チラッ）	（힐끔）
0x5F6505	16	F85A	1	修行者同士の対戦？	수행자끼리의 대전？
0x5F64C4	16	F85A	1	（いや、別に強くなれなくても	（아니、딱히 강해지지 않아도
0x5F6486	17	F85A	1	今回はわたしの勝ちだったが、	이번엔 내 승리였다만、
0x5F62A9	15	F85A	1	ふむ、いい反射神経だ。	흠、좋은 반사신경이군。
0x5F61D1	18	F85A	1	おお、進歩の跡が見られるな。	오오、진보의 흔적이 보이는군。
0x5F6181	20	F85A	1	さあ、今回は少しきつめで行くぞ。	자、이번엔 좀 세게 간다。
0x5F6159	18	F85A	1	（俺にも、どうして来てしまったか	（나도、어째서 와버렸는지
0x5F613C	18	F85A	1	ほう、またこの塔にやって来たか。	호오、또 이 탑에 왔나。
0x5F6117	13	F85A	1	（この先生、意外と	（이 선생님、의외로
0x5F60D0	16	F85A	1	おお、再び挑戦に来たか。	오오、다시 도전하러 왔나。
0x5F6068	11	F85A	1	（あっ、そうですね。）	（앗、그렇네요。）
0x5F6014	18	F85A	1	（あの様子じゃと、解決までに	（저 모양이면、해결까지
0x5F5FBF	9	F85A	1	（ほれ、あのように	（보아라、저렇게
0x5F5F8A	15	F85A	1	ほっほっほ、察しがいいのう。	호호호、눈치가 빠르구먼。
0x5F5F6C	7	F85A	1	じゃあ、まさか	그럼、설마
0x5F5F25	22	F85A	1	うむ、何度かここに訪ねて来ておるよ。	음、몇 번인가 여기 찾아왔었단다。
0x5F5F0C	7	F85A	1	えっと、じゃあ	그러니까、그럼
0x5F5E9C	13	F85A	1	やつは、どうやらこの寺が	그 녀석은、아무래도 이 절이
0x5F5E64	8	F85A	1	そうなんですか？	그런가요？
0x5F5E41	12	F85A	1	心配するな、あやつは	걱정 마라、그 녀석은
0x5F5E13	18	F85A	1	まったく、しかたのない奴じゃのう。	정말、어쩔 수 없는 녀석이구먼。
0x5F5DCC	7	F85A	1	わたしの親は	내 부모는
0x5F5D7D	22	F85A	1	幼いわたしをこの寺に放り出したんだ。	어린 나를 이 절에 내던진 거다。
0x5F5D21	11	F85A	1	なに、いつものことだ。	뭘、늘 있는 일이다。
0x5F5CFE	4	F85A	1	ええと、	음、
0x5F5CF5	5	F85A	1	先生！	선생님！
0x5F5CD4	13	F85A	1	わたしが不機嫌だと？	내가 기분이 나쁘다고？
0x5F5CA5	8	F85A	1	あれれ、なんだか	어라라、뭔가
0x5F5C29	15	F85A	1	ふむ、それがわかっているのなら	흠、그걸 알고 있다면
0x5F5BC4	17	F85A	1	貴様、なにを聞いていたんだ！	이놈、뭘 듣고 있었느냐！
0x5F5B81	16	F85A	1	うむ、がんばらなければいかんな。	음、열심히 해야겠군。
0x5F5A39	11	F85A	1	ははは、よし合格！	하하하、좋아 합격！
0x5F59F0	14	F85A	1	ええと、今日の練習は	그러니까、오늘 연습은
0x5F59E1	7	F85A	1	うむ、それで。	음、그래서。
0x5F5957	8	F85A	1	ばっかもーん！！	이 바보 녀석！！
0x5F5924	11	F85A	1	なにかまずかったかな？	뭔가 잘못됐나？
0x5F57F3	16	F85A	1	なるほど、それもそうでやんすね。	과연、그것도 그렇습죠。
0x5F57C6	9	F85A	1	おいおい、それじゃ	어이어이、그래서야
0x5F578E	10	F85A	1	いや、まさかオイラが	아니、설마 내가
0x5F56F6	7	F85A	1	フフフ、オイラ	후후후、나
0x5F56C8	7	F85A	1	いや、だから！	아니、그러니까！
0x5F56A8	8	F85A	1	いいんでやんす。	괜찮습죠。
0x5F5666	12	F85A	1	機を見て退くのは、	기회를 보아 물러나는 것은、
0x5F564C	15	F85A	1	先生、これはいいんですか？	선생님、이건 괜찮은 건가요？
0x5F5632	3	F85A	1	これで	이걸로
0x5F5626	11	F85A	1	何と言われようと、	뭐라고 하든、
0x5F55FD	11	F85A	1	ええっ、もう終わり？	에엣、벌써 끝？
0x5F555F	14	F85A	1	まあ、真剣にやってくれて	뭐、진지하게 해줘서
0x5F5540	7	F85A	1	悪い悪い。	미안미안。
0x5F54C6	17	F85A	1	ふむ、両者合意のようだな。	흠、양측 합의한 모양이군。
0x5F54A2	14	F85A	1	ふっふっふ、オイラをなめちゃ	후후후、나를 얕보면
0x5F547B	7	F85A	1	えっ、君と？	엣、너랑？
0x5F5461	18	F85A	1	今日は、オイラと戦うでやんす！	오늘은、나와 싸우는 겁죠！
0x5F5446	8	F85A	1	どうしたんだい、	무슨 일이야、
0x5F542D	14	F85A	1	ちょっと待った！でやんす。	잠깐 기다립죠！
0x5F53F7	14	F85A	1	（たわいのない話をした！）	（시시껄렁한 얘기를 했다！）
0x5F53C8	14	F85A	1	いや、ちょっと疲れてるから	아니、좀 피곤해서
0x5F52F5	13	F85A	1	俺の野球部の話？	내 야구부 얘기？
0x5F52D4	18	F85A	1	じゃ、野球部の話を聞かせて	그럼、야구부 얘기를 들려줘
0x5F5290	17	F85A	1	（つまらない話を聞き流して、	（시시한 얘기를 흘려듣고、
0x5F51F5	6	F85A	1	クックック。	큭큭큭。
0x5F51AD	19	F85A	1	（この後、イヤな話につきあっていて	（이 뒤로、싫은 얘기에 어울려 주다가
0x5F516E	22	F85A	1	小学校の体育で鉄棒ができなくて	초등학교 체육에서 철봉을 못 해서
0x5F515F	7	F85A	1	うん、それで？	응、그래서？
0x5F5130	3	F85A	1	オイラ	나
0x5F5110	11	F85A	1	ああ、別にいいけど。	아아、딱히 상관없지만。
0x5F505E	15	F85A	1	しかし、ここはヒマでやんすね。	그런데、여긴 한가합죠。
0x5F5042	8	F85A	1	ちょっと疲れが	좀 피로가
0x5F4FC2	8	F85A	1	あ、すみません。	아、죄송합니다。
0x5F4F13	16	F85A	1	そうですか、それはすごいですね。	그렇습니까、그거 대단하네요。
0x5F4EBE	8	F85A	1	どうしたんです、	왜 그러세요、
0x5F4E6D	7	F85A	1	ふははははは。	후하하하하하。
0x5F4E57	18	F85A	1	というわけで、もう一度行くぞ。	그런 이유로、한 번 더 간다。
0x5F4E3D	15	F85A	1	（かまって欲しかったのか？）	（관심받고 싶었던 건가？）
0x5F4E15	17	F85A	1	俺が意味深に笑ってるのに	내가 의미심장하게 웃고 있는데
0x5F4DF7	6	F85A	1	なんですか、	무슨 일입니까、
0x5F4DC5	8	F85A	1	そうでやんすね。	그렇습죠。
0x5F4DA8	21	F85A	1	さあ、今日も修行房に行こうか。	자、오늘도 수행방에 가볼까。
0x5F4D96	7	F85A	1	ふははははは。	후하하하하하。
0x5F4D29	14	F85A	1	オイラみたいなの以外にも	나 같은 것 말고도
0x5F4C8A	15	F85A	1	親と約束したんでやんす。	부모님과 약속했습죠。
0x5F4C2C	5	F85A	1	（どうやら	（아무래도
0x5F4BB1	17	F85A	1	じゃあ、そろそろ起きるでやんす。	그럼、슬슬 일어나는 겁죠。
0x5F4B72	17	F85A	1	さっきからダウンロードだのなんだの	아까부터 다운로드니 뭐니
0x5F4A28	17	F85A	1	あと、それとは別の話でやんすが	그리고、그것과는 별개 얘기입죠만
0x5F4A05	3	F85A	1	ハァ？	하아？
0x5F4960	14	F85A	1	ああ、それは違うでやんす。	아아、그건 아닙죠。
0x5F48EF	5	F85A	1	修行で	수행으로
0x5F48DD	10	F85A	1	どうしたんでやんす？	무슨 일입죠？
0x5F48CA	11	F85A	1	うーん、おかしいなぁ。	으음、이상하네。
0x5F4891	5	F85A	1	ボタンだの	단추라느니
0x5F47D9	5	F85A	1	先生！	선생님！
0x5F457A	19	F85A	1	すごく自信を持っているというか、	굉장히 자신감이 넘친다고 할까、
0x5F453C	8	F85A	1	わっはっはっは～	와하하하하～
0x5F451F	21	F85A	1	今は修行を励み精進するがよい！	지금은 수행에 힘써 정진하거라！
0x5F44A4	14	F85A	1	でも、学生である俺には	그래도、학생인 저에게는
0x5F4487	10	F85A	1	ふっはっはっはっ！！	후하하하핫！！
0x5F445D	15	F85A	1	ええと、新学期になったら	그러니까、새 학기가 되면
0x5F43E2	11	F85A	1	なかなか頼もしいな。	제법 믿음직하군。
0x5F43B4	14	F85A	1	そもそも、ここに来る人が	애초에、여기 오는 사람이
0x5F4354	10	F85A	1	うむ、まさにそこだ。	음、바로 그거다。
0x5F4327	17	F85A	1	やっぱり、修行が技中心に	역시、수행이 기술 중심으로
0x5F4281	10	F85A	1	うむ、その通りだ！	음、그렇다！
0x5F423A	16	F85A	1	そんな連中を放っておくと、	그런 무리를 내버려 두면、
0x5F41B2	15	F85A	1	まあ、俺に興味があるのは	뭐、내가 관심 있는 건
0x5F418D	5	F85A	1	おまえには	너에게는
0x5F40FF	10	F85A	1	ときどきいるんだよ。	가끔 있거든。
0x5F4074	13	F85A	1	修行に励んでおるか、	수행에 힘쓰고 있느냐、
0x5F4004	12	F85A	1	問題は疲れだけど、	문제는 피로지만、
0x5F3FCD	14	F85A	1	へえ、野球の修行とは	헤에、야구 수행이라니
0x5F3F71	8	F85A	1	いいや、できる！	아니、할 수 있다！
0x5F3F48	15	F85A	1	でも、さすがにバッティングとか	그래도、아무리 그래도 배팅 같은 건
0x5F3ED4	5	F85A	1	修行で	수행으로
0x5F3EC7	12	F85A	1	それならオイラ、昨日	그거라면 나、어제
0x5F3E5C	10	F85A	1	どうしたんでやんす？	무슨 일입죠？
0x5F3E10	13	F85A	1	いやいや、そうじゃないよ。	아니아니、그게 아니야。
0x5F3DEE	12	F85A	1	筋トレって、バーベルを	근력 운동이라면、바벨을
0x5F3DB7	10	F85A	1	まあ、この時期は	뭐、이 시기는
0x5F3D87	11	F85A	1	大変でやんすねぇ。	힘들겠습죠。
0x5F3CC8	15	F85A	1	（ここでも野球の練習が	（여기서도 야구 연습이
0x5F3B7E	8	F85A	1	しかたがないな。	어쩔 수 없군。
0x5F3B18	15	F85A	1	へえ、そういうものなんですか。	헤에、그런 건가요。
0x5F3A9E	16	F85A	1	ここじゃ、肉を食わないだろ？	여기선、고기를 안 먹잖아？
0x5F3A5F	17	F85A	1	ここで料理を覚えたんですか？	여기서 요리를 배우셨나요？
0x5F3A2B	16	F85A	1	まあ、もっとも料理自体は	뭐、하긴 요리 자체는
0x5F3A13	13	F85A	1	それは知りませんでした。	그건 몰랐습니다。
0x5F3986	14	F85A	1	いいか、面倒くさがらずに	잘 들어라、귀찮아하지 말고
0x5F3956	20	F85A	1	いや、今日は料理の手伝いだ。	아니、오늘은 요리 돕기다。
0x5F3944	10	F85A	1	畑仕事ですか？	밭일인가요？
0x5F3931	11	F85A	1	おーい、そこの２人！	어어이、거기 두 사람！
0x5F3549	13	F85A	1	しかたないさ、がんばろう。	어쩔 수 없지、힘내자。
0x5F3507	15	F85A	1	（取り損なうと、石だから	（놓치면、돌이니까
0x5F3374	17	F85A	1	でも、ボールの数が少ないから、	그래도、공 개수가 적으니까、
0x5F3312	12	F85A	1	お、なんだかそれっぽい！	오、뭔가 그럴듯하다！
0x5F32A4	9	F85A	1	行くでやんすよ！	갑죠！
0x5F3270	16	F85A	1	とりあえず、やってみるでやんす！	일단、해보는 겁죠！
0x5F3253	21	F85A	1	そりゃあ、ノックとか守備練習かな。	그야、노크나 수비 연습이려나。
0x5F3236	10	F85A	1	たとえば、どんなのが	예를 들면、어떤 게
0x5F3214	18	F85A	1	ううーん、２人じゃできる練習は	으으음、２명으로 할 수 있는 연습은
0x5F30B0	15	F85A	1	下界をナメるな、でやんす！	아랫세상을 얕보지 마는 겁죠！
0x5F3089	7	F85A	1	なっなんだと！	뭐、뭐라고！
0x5F304C	16	F85A	1	あんたみたいな無知なネンネが	당신 같은 무지한 애송이가
0x5F3031	16	F85A	1	いきなり出て来て、なんだよ。	갑자기 나와서、뭐야。
0x5F3010	6	F85A	1	ふはははは！	후하하하하！
0x5F2FD2	18	F85A	1	だって、お前は修行が終われば	왜냐면、너는 수행이 끝나면
0x5F2F9A	5	F85A	1	あははは！	아하하하！
0x5F2F29	13	F85A	1	でも、お前は間違って	그래도、너는 잘못
0x5F2EE4	15	F85A	1	ええと、まったく役にたたない	글쎄、전혀 도움이 안 되는
0x5F2EB4	18	F85A	1	なあ、ひょっとして外の世界じゃ	저기、혹시 바깥세상에서는
0x5F2E22	13	F85A	1	（ケンカに慣れてないから	（싸움에 익숙하지 않아서
0x5F2E0D	13	F85A	1	災難だったでやんすね。	고생하셨습죠。
0x5F2DD4	13	F85A	1	ええい、問答無用！	에잇、문답무용！
0x5F2D36	13	F85A	1	あー、いや、ごめんなさい。	아、아니、죄송합니다。
0x5F2D1E	17	F85A	1	（いかん、あわてて間違えた。）	（안 되겠다、당황해서 틀렸다。）
0x5F2C96	20	F85A	1	その前に、先輩から売られたような	그전에、선배가 시비를 건 것 같은
0x5F2C6F	8	F85A	1	な、なんだと？！	뭐、뭐라고？！
0x5F2B92	15	F85A	1	その顔つきが気にくわない。	그 표정이 마음에 안 든다。
0x5F2B80	10	F85A	1	はい、なんでしょう。	네、무슨 일이신가요。
0x5F2ACB	10	F85A	1	まあ、そうですかね。	뭐、그런가요。
0x5F2A8A	11	F85A	1	ええと、そうですかね。	글쎄요、그런가요。
0x5F29F9	13	F85A	1	かあ～っ、それじゃお話に	카아～、그래서야 얘기가
0x5F296B	10	F85A	1	さあ、勝負だあ！	자、승부다！
0x5F293C	8	F85A	1	よし、わかった！	좋아、알았다！
0x5F28DD	13	F85A	1	フッ、真似したいのなら	훗、따라 하고 싶다면
0x5F28A9	5	F85A	1	髪型？	머리 모양？
0x5F27B7	18	F85A	1	よし、なんとか鼻血に耐えたぞ。	좋아、어떻게든 코피를 참았다。
0x5F2794	5	F85A	1	先生、	선생님、
0x5F2752	18	F85A	1	この本は、わたしが預かっておく！	이 책은、내가 맡아 두겠다！
0x5F273E	12	F85A	1	ええっ、そんなはずは？！	에엣、그럴 리가？！
0x5F26C9	8	F85A	1	うわっ、やべぇ。	우왓、큰일이다。
0x5F26AC	18	F85A	1	こら、おまえ達、何をやっておる！	이놈들、너희들、뭘 하고 있느냐！
0x5F2663	10	F85A	1	へぇ～、なんですか？	헤에～、뭔가요？
0x5F2646	11	F85A	1	へっへっへ、いいものが	헤헤헤、좋은 게
0x5F25F0	19	F85A	1	自分に弱い部分があるならば、	자신에게 약한 부분이 있다면、
0x5F2559	23	F85A	1	お前は生徒たちに技を教える立場。	너는 학생들에게 기술을 가르치는 입장。
0x5F2548	6	F85A	1	そ、それは！	그、그건！
0x5F24C0	16	F85A	1	（うーん、なんだか悔しいな。）	（으음、뭔가 분하네。）
0x5F24AA	15	F85A	1	はい、ありがとうございました。	네、감사했습니다。
0x5F2243	15	F85A	1	はあ、よろしくおねがいします。	하아、잘 부탁드립니다。
0x5F21E2	7	F85A	1	よく来たな、	잘 왔군、
0x5F218F	13	F85A	1	ニンジンおいしいでやんす。	당근 맛있습죠。
0x5F20C2	23	F85A	1	そういう断片的な雑学は大事だが、	그런 단편적인 잡학도 중요하다만、
0x5F20A8	4	F85A	1	それだ！	그거다！
0x5F2075	13	F85A	1	でも、油でいためたほうが	그래도、기름에 볶는 편이
0x5F204F	15	F85A	1	へえ、身近な野菜なのに	헤에、흔한 채소인데
0x5F2023	13	F85A	1	いいや、普通のものだ。	아니、평범한 거다。
0x5F200C	15	F85A	1	特別な品種なんですか？	특별한 품종인가요？
0x5F1FF2	7	F85A	1	あれ、甘い？	어라、달다？
0x5F1F8B	16	F85A	1	水で洗ったら、かじってみろ。	물로 씻었으면、깨물어 봐라。
0x5F1F55	14	F85A	1	よーし、終わったようだな。	좋아、끝난 것 같군。
0x5F1ECC	17	F85A	1	（今日は早く終わったな。）	（오늘은 일찍 끝났군。）
0x5F1EAC	21	F85A	1	よし、本日の修行はこれで終了。	좋아、오늘 수행은 이걸로 종료。
0x5F1E89	17	F85A	1	次はクリアして欲しいでやんす！	다음엔 클리어해 주면 좋겠습죠！
0x5F1E65	11	F85A	1	そんなこと言われても	그런 말을 들어도
0x5F1DDD	13	F85A	1	（さては、作ってるうちに	（그러니까、만드는 사이에
0x5F1D69	4	F85A	1	もともと	원래
0x5F1D2B	7	F85A	1	じゃあ、なに？	그럼、뭔데？
0x5F1CB1	12	F85A	1	現在発売中の、	현재 발매 중인、
0x5F1C97	19	F85A	1	１２月に発売が予定されてる、	１２월에 발매가 예정된、
0x5F1C0B	6	F85A	1	お手軽な	손쉬운
0x5F1BCC	15	F85A	1	いやあ、おつかれさまでやんす。	아이고、수고하셨습죠。
0x5F1B73	12	F85A	1	では、始めてください。	그럼、시작해 주세요。
0x5F1B41	12	F85A	1	（妙な練習だなぁ？	（묘한 연습이군？
0x5F1AE1	16	F85A	1	鎧を着ているのは殴られても	갑옷을 입은 것은 맞아도
0x5F1A5B	14	F85A	1	十八銅人というのは、	십팔동인이라는 것은、
0x5F1A06	17	F85A	1	いや、バランスを失って落ちると	아니、균형을 잃고 떨어지면
0x5F19ED	14	F85A	1	あ、これは楽みたいですね。	아、이건 편할 것 같네요。
0x5F19BB	20	F85A	1	あそこに立ててある柱の上に乗って	저기 세워진 기둥 위에 올라서
0x5F19A1	10	F85A	1	はい、わかりました。	네、알겠습니다。
0x5F1942	22	F85A	1	映画の中では達人がやってますから。	영화에서는 달인이 하고 있으니까요。
0x5F1922	21	F85A	1	これなら、映画で見たことがあります。	이거라면、영화에서 본 적이 있습니다。
0x5F18CA	24	F85A	1	回転する柱に、横棒が取り付けられて	회전하는 기둥에、가로봉이 달려 있어서
0x5F180D	16	F85A	1	俺は何も言ってないですよ！	저는 아무 말도 안 했어요！
0x5F17E8	4	F85A	1	なにぃ！	뭐라고！
0x5F17C2	9	F85A	1	悪いけど、オイラ	미안하지만、나
0x5F17A6	6	F85A	1	（人間は	（인간은
0x5F1722	10	F85A	1	ふふふ、つまりだな。	후후후、즉 말이다。
0x5F16AE	8	F85A	1	黙って聞け！	잠자코 들어라！
0x5F167D	13	F85A	1	あの、アゴの話ですけど？	저기、턱 얘기입니다만？
0x5F163E	6	F85A	1	ぐふふふふ。	크흐흐흐흐。
0x5F1621	18	F85A	1	アゴは、どこに行ったんでやんすか？	턱은、어디 간 겁죠？
0x5F15AD	10	F85A	1	先輩をつかまえて	선배를 붙잡고
0x5F1524	17	F85A	1	よし、とりあえず許可も出たし	좋아、일단 허가도 났고
0x5F14D7	12	F85A	1	いえ、お気になさらず。	아뇨、신경 쓰지 마세요。
0x5F1491	11	F85A	1	ええ、かまいませんよ。	네、상관없어요。
0x5F146E	20	F85A	1	あの、練習に使うのでお借りしても	저、연습에 쓰게 빌려도
0x5F13D9	7	F85A	1	あ、先生。	아、선생님。
0x5F1384	19	F85A	1	拳法も、いつまでも変化なしでは	권법도、언제까지나 변화 없이는
0x5F1357	17	F85A	1	トレーニングに使う道具だよ。	트레이닝에 쓰는 도구야。
0x5F1302	15	F85A	1	変なボールがあったでやんす。	이상한 공이 있었습죠。
0x5F12CF	19	F85A	1	とりあえず、なにか使えるものがないか	일단、뭔가 쓸 만한 게 없는지
0x5F128C	19	F85A	1	さて、野球の練習をするわけだが	자、야구 연습을 하겠다만
0x5F120A	19	F85A	1	いや、でも高校野球ができるのは	아니、그래도 고교야구를 할 수 있는 건
0x5F1191	12	F85A	1	まあ、この寺におるのは	뭐、이 절에 있는 것은
0x5F1148	18	F85A	1	つまり、規則という不自由が	즉、규칙이라는 부자유가
0x5F1134	12	F85A	1	そりゃあ、そうでしょう。	그야、그렇겠죠。
0x5F10C5	20	F85A	1	「不自由の自由」という言葉	「부자유의 자유」라는 말
0x5F107A	21	F85A	1	人は、そもそも不自由なものじゃよ。	사람은、애초에 부자유한 존재란다。
0x5F1056	8	F85A	1	じゃが、こうして	하지만、이렇게
0x5F0FC8	15	F85A	1	ほう、野球の練習とな？	호오、야구 연습이라고？
0x5F0F9C	22	F85A	1	あーあ、このまま野球の練習ができずに	아아、이대로 야구 연습도 못 하고
0x5F0F50	11	F85A	1	そういえば、そうだな。	그러고 보니、그렇군。
0x5F0F20	17	F85A	1	野球の練習をしていることは	야구 연습을 하고 있다는 건
0x5F0E79	11	F85A	1	それで供養ですか？	그래서 공양인가요？
0x5F0E01	11	F85A	1	このボールは、いったい	이 공은、대체
0x5F0DB5	7	F85A	1	あ、先生。	아、선생님。
0x5F0D75	11	F85A	1	いや、心配するな。	아니、걱정 마라。
0x5F0D2A	23	F85A	1	寺の裏手で、供養されていたでやんす。	절 뒤편에서、공양되고 있었습죠。
0x5F0A7B	7	F85A	1	よく来たな、	잘 왔군、
0x5F0901	10	F85A	1	大丈夫ですか、	괜찮습니까、
0x5F0888	12	F85A	1	時間切れ、ですね。	시간 종료、네요。
0x5F0855	15	F85A	1	最終日って何のことだ？	최종일이라니 무슨 소리냐？
0x5F0822	21	F85A	1	これで４人全員に勝ったわけですか。	이걸로 ４명 전원을 이긴 셈인가요。
0x5F07F6	17	F85A	1	あなたの勝ちですね、おめでとう。	당신의 승리네요、축하합니다。
0x5F0761	10	F85A	1	やあ、来ましたね。	어서 오세요。
0x5F073C	17	F85A	1	あなたがどれだけ上達したのか、	당신이 얼마나 늘었는지、
0x5F0616	17	F85A	1	まあ、鳥なんてどうでもいいよな。	뭐、새 따위 아무래도 상관없지。
0x5F05C8	14	F85A	1	ああ、逃げられてしまった。	아아、놓쳐 버렸다。
0x5F03BA	11	F85A	1	おかしいでやんすねぇ？	이상합죠？
0x5F02D1	18	F85A	1	どうして、お前が出来るんだよ。	어째서、네가 되는 거야。
0x5F026D	9	F85A	1	えっ、俺ですか？	엣、저 말입니까？
0x5F0180	20	F85A	1	（修行中に、先生にほめられた。	（수행 중에、선생님께 칭찬받았다。
0x5F00AA	13	F85A	1	（だが、あきらめないぞ。）	（하지만、포기하지 않겠어。）
0x5F0076	17	F85A	1	（脱走は無理みたいだな。）	（탈주는 무리인 것 같군。）
0x5F0015	9	F85A	1	まったく、畑から	정말、밭에서
0x5EFFEA	15	F85A	1	（ガケに落ちる所だった。）	（절벽에서 떨어질 뻔했다。）
0x5EFF0A	18	F85A	1	（遠いけど、あの方角へまっすぐ	（멀지만、저 방향으로 곧장
0x5EFEE2	12	F85A	1	寺の外の畑なのか。	절 바깥 밭인가。
0x5EFE56	14	F85A	1	さーて、今日も元気に	자、오늘도 힘차게
0x5EFDD4	19	F85A	1	昨晩、共に修行を励むことを	어젯밤、함께 수행에 힘쓰기로
0x5EFD9B	6	F85A	1	おや、あれは	이런、저건
0x5EFC91	6	F85A	1	えっ、じゃあ	엣、그럼
0x5EFC3C	10	F85A	1	あれ、おじいさんだ。	어라、할아버지다。
0x5EFBFC	14	F85A	1	今日は門の掃除か。	오늘은 문 청소인가。
0x5EFB61	13	F85A	1	（だが、あきらめないぞ。）	（하지만、포기하지 않겠어。）
0x5EFB2D	17	F85A	1	（脱走は無理みたいだな。）	（탈주는 무리인 것 같군。）
0x5EFAEC	7	F85A	1	どうしました？	무슨 일입니까？
0x5EF9E5	15	F85A	1	（予想外の大人数。	（예상 밖의 대인원。
0x5EF9C0	15	F85A	1	よーし、それでは行きますよ。	좋아、그럼 갑니다。
0x5EF950	15	F85A	1	おい、ちょっとふもとの町まで	어이、잠깐 산기슭 마을까지
0x5EF907	4	F85A	1	ええと、	음、
0x5EF8B2	6	F85A	1	わからんか。	모르겠나。
0x5EF855	7	F85A	1	そうだ丸い。	그렇다 둥글다。
0x5EF803	18	F85A	1	まあ、こっちへ来てよく見てみろ。	자、이쪽으로 와서 잘 봐라。
0x5EF7C6	14	F85A	1	ダンゴ虫と戦うだなんて、	공벌레와 싸우다니、
0x5EF7B1	10	F85A	1	いっ、いえ、何も！	아、아뇨、아무것도！
0x5EF786	5	F85A	1	待てっ！	기다려！
0x5EF726	15	F85A	1	戦い方を考えていたのだ。	싸우는 법을 생각하고 있었다。
0x5EF700	6	F85A	1	ダンゴ虫？	공벌레？
0x5EF64A	18	F85A	1	それじゃあ、地方限定グッズを	그럼、지역 한정 상품을
0x5EF5B2	21	F85A	1	ああ、いやいや本当の息子ではない。	아아、아니아니 친아들은 아니다。
0x5EF515	11	F85A	1	私の実家は、ここ	내 본가는、여기
0x5EF4DF	7	F85A	1	いや、そりゃあ	아니、그야
0x5EF49A	10	F85A	1	おっ、おい、いきなり	어、어이、갑자기
0x5EF40C	10	F85A	1	どうだ、お前たち。	어떠냐、너희들。
0x5EF3EE	12	F85A	1	さあ、ゲーム再開だ！	자、게임 재개다！
0x5EF328	14	F85A	1	５回までは、こういう風に	５번까지는、이런 식으로
0x5EF2DF	18	F85A	1	まあ、次から気をつけてください。	뭐、다음부터는 조심하세요。
0x5EF14F	11	F85A	1	よし、がんばるんだぞ！	좋아、열심히 하는 거다！
0x5EF0C5	12	F85A	1	うむ、落ちると痛い。	음、떨어지면 아프다。
0x5EF080	15	F85A	1	あそこにある垂直な崖を、	저기 있는 수직 절벽을、
0x5EF044	15	F85A	1	端っこを引きずらないように	끝을 끌지 않도록
0x5EF023	13	F85A	1	一人、一本ずつだ。	한 사람에 하나씩이다。
0x5EEFFD	12	F85A	1	丸太ってこれですか？	통나무라면 이건가요？
0x5EEFD9	19	F85A	1	丸太を持って、ただ走るだけだ。	통나무를 들고、그저 달리기만 하면 된다。
0x5EEFB6	22	F85A	1	（これが一番簡単な修行だって？）	（이게 가장 쉬운 수행이라고？）
0x5EEF97	20	F85A	1	あ、両手は水平に伸ばすんだぞ！	아、두 손은 수평으로 뻗는 거다！
0x5EEF23	15	F85A	1	この房では最も簡単で、	이 방에서는 가장 쉽고、
0x5EEE19	5	F85A	1	お前との	너와의
0x5EEDAA	19	F85A	1	じゃ、もう応援するしかないですね。	그럼、이제 응원하는 수밖에 없네요。
0x5EED78	21	F85A	1	一応、話してみて止められたけどさ。	일단、말해 봤다가 말리긴 했지만。
0x5EECD4	22	F85A	1	お前に外の世界の話を聞いてさぁ、	너한테 바깥세상 얘기를 듣고 나서 말이야、
0x5EECAB	7	F85A	1	オレ、今から	나、지금부터
0x5EEC94	15	F85A	1	こんな夜中に、なんですか？	이런 한밤중에、무슨 일입니까？
0x5EEC80	12	F85A	1	なあ、ちょっといいかな？	저기、잠깐 괜찮을까？
0x5EEA02	9	F85A	1	よーし、がんばれ！	좋아、힘내라！
0x5EE9C4	20	F85A	1	ああ、耐えられるように励ましてやる。	아아、버틸 수 있게 격려해 주마。
0x5EE9AE	14	F85A	1	あ、助けてくれるんですね。	아、도와주시는 거군요。
0x5EE94E	20	F85A	1	まず、気をつけないと岩に潰される。	우선、조심하지 않으면 바위에 깔린다。
0x5EE932	20	F85A	1	これが一番きつい練習なんですか？	이게 가장 힘든 연습인가요？
0x5EE909	18	F85A	1	重い岩を担いでスクワットをする	무거운 바위를 지고 스쿼트를 하는
0x5EE8E7	5	F85A	1	（理には	（이치에는
0x5EE8B6	19	F85A	1	テコの原理で重く感じるからな。	지렛대 원리로 무겁게 느껴지니까。
0x5EE89F	15	F85A	1	うわっ、結構重いですね！	우왓、꽤 무겁네요！
0x5EE873	21	F85A	1	先に重りのついた２メートル弱の棒で	끝에 추가 달린 ２미터가 안 되는 봉으로
0x5EE836	5	F85A	1	できるまで	될 때까지
0x5EE824	10	F85A	1	できなかったときは？	못 했을 때는？
0x5EE7F3	15	F85A	1	逆さまに吊り下げられて、	거꾸로 매달려서、
0x5EE4FF	13	F85A	1	はははっ、いいってことよ。	하하핫、괜찮다니까。
0x5EE4ED	10	F85A	1	よろしくたのみます。	잘 부탁드립니다。
0x5EE4B6	13	F85A	1	これは夏の物だけどな。	이건 여름 거지만 말이야。
0x5EE462	23	F85A	1	ははは、お前、食い意地が張ってるな。	하하하、너、식탐이 대단하구나。
0x5EE412	13	F85A	1	たしかにびっくりしたけど、	확실히 놀라긴 했지만、
0x5EE39C	13	F85A	1	じゃあ、ひとつ頂きます。	그럼、하나 먹겠습니다。
0x5EE387	4	F85A	1	食う？	먹을래？
0x5EE372	13	F85A	1	それって、食べられるの？	그거、먹을 수 있어？
0x5EE363	10	F85A	1	これは山桃だよ。	이건 소귀나무 열매야。
0x5EE334	3	F85A	1	よお！	여어！
0x5EE2DB	11	F85A	1	よし、よく戦ったな。	좋아、잘 싸웠다。
0x5EE267	10	F85A	1	顔に出ていたぞ。	얼굴에 나와 있었다。
0x5EE246	13	F85A	1	ふふ、欲が出てきたか？	후후、욕심이 생겼나？
0x5EE1F2	8	F85A	1	よし、ここまで。	좋아、여기까지。
0x5EE1C6	12	F85A	1	これは先が楽しみだ。	이거 앞날이 기대되는군。
0x5EE19A	15	F85A	1	ふむ、なかなかやるじゃないか。	흠、제법 하는군。
0x5EE0F4	13	F85A	1	おお、今日も来たのか	오오、오늘도 왔나
0x5EE0B5	12	F85A	1	お前もそう思うだろ？	너도 그렇게 생각하지？
0x5EDFFF	7	F85A	1	え、鼻血？	에、코피？
0x5EDFD6	11	F85A	1	シッ、声が大きい。	쉿、목소리가 크다。
0x5EDF80	22	F85A	1	実はさ、これ先生に見つかったんだよ。	실은 말이야、이거 선생님한테 들켰어。
0x5EDF1A	16	F85A	1	いろいろと裏技があるんだよ。	여러 가지 비법이 있거든。
0x5EDED9	6	F85A	1	わっ、こら！	왓、이봐！
0x5EDE3D	8	F85A	1	うむ、そうだな。	음、그렇지。
0x5EDE01	11	F85A	1	俺も続けてみます。	저도 계속해 보겠습니다。
0x5EDCC9	18	F85A	1	俺も他の先生に笑われたよ。	나도 다른 선생님한테 비웃음당했어。
0x5EDC10	14	F85A	1	はっはっは、その意気だ。	하하하、그 기세다。
0x5EDBFB	10	F85A	1	俺、やってみます！	저、해보겠습니다！
0x5EDB91	24	F85A	1	人間相手では鍛錬にも限界がある。	인간이 상대로는 단련에도 한계가 있다。
0x5EDB3F	15	F85A	1	そのとおり、カギは忍耐だ。	그렇다、열쇠는 인내다。
0x5EDAD6	14	F85A	1	しかし丸くなっている間は	하지만 웅크리고 있는 동안은
0x5EDA5C	4	F85A	1	どうだ、	어떠냐、
0x5EDA01	22	F85A	1	この房では、３段階の練習ができる。	이 방에서는、３단계 연습을 할 수 있다。
0x5ED9F3	6	F85A	1	イエッサー！	옛썰！
0x5ED9A7	19	F85A	1	よーし、新入りという点に免じて	좋아、신입이라는 점을 봐서
0x5ED960	4	F85A	1	おまえは	너는
0x5ED92B	8	F85A	1	イ、イエッサー。	예、옛썰。
0x5ED914	12	F85A	1	（イエッサーでやんす！）	（옛썰입죠！）
0x5ED8E4	7	F85A	1	返事には、	대답은、
0x5ED86E	6	F85A	1	そう、ここは	그래、여기는
0x5ED855	4	F85A	1	ええと、	음、
0x5ED838	7	F85A	1	おい、おまえ！	어이、너！
0x5ED7A1	15	F85A	1	「この際だから、そのお寺で	「이참에、그 절에서
0x5ED6F8	18	F85A	1	とにかく、ここは修行が厳しくて	어쨌든、여기는 수행이 혹독해서
0x5ED69D	9	F85A	1	お寺で修行？	절에서 수행？
0x5ED65D	13	F85A	1	そのことなんだけど、実は	그 일 말인데、실은
0x5ED622	7	F85A	1	あ、母さん？	아、엄마？
0x5ED60C	14	F85A	1	はい、どなた様でしょうか？	네、누구신가요？
0x5ED5D7	5	F85A	1	うるせえ！	시끄러！
0x5ED5C3	12	F85A	1	な、なにをするんですか！	무、무슨 짓입니까！
0x5ED53C	15	F85A	1	なんだよ、情けない奴だな。	뭐야、한심한 녀석이군。
0x5ED4D4	14	F85A	1	なんだ、元気じゃねえか！	뭐야、멀쩡하잖아！
0x5ED4BF	13	F85A	1	な、なにをするんですか？！	무、무슨 짓입니까？！
0x5ED0F6	13	F85A	1	はっはっは、どうしてだい。	하하하、어째서지。
0x5ED0D4	4	F85A	1	うわあ、	우와아、
0x5ED096	14	F85A	1	これまで、ボクは生きてきて	지금까지、나는 살아오면서
0x5ED06B	11	F85A	1	いや、生きているって	아니、살아 있다는 건
0x5ECF89	15	F85A	1	ひょっとして、なにかまずいこと	혹시、뭔가 곤란한 걸
0x5ECF50	16	F85A	1	さあ、この話はもういいだろう。	자、이 얘기는 이제 됐겠지。
0x5ECEC9	10	F85A	1	わたしの故郷か。	내 고향인가。
0x5ECE8D	13	F85A	1	家に帰る頃、ですか。	집에 돌아갈 무렵、말입니까。
0x5ECDF4	4	F85A	1	どうだ、	어떠냐、
0x5ECD7C	9	F85A	1	そりゃそうだろう。	그야 그렇겠지。
0x5ECD66	11	F85A	1	「少し」なんですか？	「조금」인가요？
0x5ECCE2	24	F85A	1	よーし、次は東側の畑の雑草抜きだ。	좋아、다음은 동쪽 밭 잡초 뽑기다。
0x5ECCD1	9	F85A	1	はぁ～、疲れた。	하아～、피곤하다。
0x5ECBFC	4	F85A	1	（ざっく	（푹
0x5ECBC6	11	F85A	1	よし、さっそくやるぞ！	좋아、당장 시작하자！
0x5EC9D1	5	F85A	1	先生！	선생님！
0x5EC991	7	F85A	1	へ、鼻血？	헤、코피？
0x5EC93A	18	F85A	1	あ、その子とはなんにもないですよ。	아、그 애랑은 아무 사이도 아니에요。
0x5EC929	9	F85A	1	おい、やめてくれ。	어이、그만해 줘。
0x5EC8DA	12	F85A	1	お、女にバシバシと？！	여、여자한테 팍팍？！
0x5EC8AB	17	F85A	1	すごく気の強い女の子でね。	굉장히 기가 센 여자애라서。
0x5EC881	16	F85A	1	マネージャー、どうしてるのかな。	매니저、어떻게 지내려나。
0x5EC85B	8	F85A	1	ああ、そういえば	아아、그러고 보니
0x5EC831	18	F85A	1	いえ、野球部のみんなは今ごろ	아뇨、야구부 모두는 지금쯤
0x5EC80C	18	F85A	1	どうした、元気がないみたいだな。	무슨 일이냐、기운이 없어 보이는군。
0x5EC7EA	6	F85A	1	イエッサー！	옛썰！
0x5EC7D2	16	F85A	1	よし、みっちりと鍛えてやろう！	좋아、철저하게 단련시켜 주마！
0x5EC5BF	23	F85A	1	この房では、３段階の練習が選べる。	이 방에서는、３단계 연습을 고를 수 있다。
0x5EC589	14	F85A	1	そこ、私語はやめたまえ。	거기、잡담은 그만두게。
0x5EC557	16	F85A	1	真面目そうな先生だな。	성실해 보이는 선생님이군。
0x5EC51B	14	F85A	1	そこ、私語はやめたまえ。	거기、잡담은 그만두게。
0x5EC3FE	11	F85A	1	よし、さっそくやるぞ！	좋아、당장 시작하자！
0x5EC1A9	15	F85A	1	（やっぱり、体力がないのに	（역시、체력이 없는데
0x5EC0F3	3	F85A	1	よお！	여어！
0x5EC0B2	21	F85A	1	（そして、月日は流れて新学期）	（그리고、세월이 흘러 새 학기）
0x5EC060	14	F85A	1	ぎゃあああああああああっ！！	갸아아아아아아아아앗！！
0x5EBDA8	8	F85A	1	えっ、先輩。	엣、선배님。
0x5EBD8F	11	F85A	1	（そんなものかなぁ？）	（그런 건가？）
0x5EBD08	13	F85A	1	そうか、それは良かった。	그런가、그거 다행이군。
0x5EBCF1	15	F85A	1	はぁ、今日も疲れました。	하아、오늘도 피곤했습니다。
0x5EBCA1	11	F85A	1	おーい、そこの２人！	어어이、거기 두 사람！
0x5EBA54	10	F85A	1	（ちょっとどころか、	（잠깐은커녕、
0x5EBA42	10	F85A	1	はい、わかりました。	네、알겠습니다。
0x5EBA1A	6	F85A	1	えっ、俺が	엣、내가
0x5EB9E1	5	F85A	1	わああ！？	우와앗！？
0x5EB9D1	5	F85A	1	ごくろう、	수고했다、
0x5EB9BC	13	F85A	1	ふう、ずいぶん歩いたな。	휴、꽤 걸었군。
0x5EB900	13	F85A	1	おい、ちょっと門の外を	어이、잠깐 문 밖을
0x5EB7C1	13	F85A	1	この世は力こそ全て、	이 세상은 힘이야말로 전부、
0x5EB7B1	5	F85A	1	ハ、ハァ？	하、하아？
0x5EB769	10	F85A	1	どうしたんでやんす？	무슨 일입죠？
0x5EB705	14	F85A	1	修行をがんばるでやんす。	수행을 열심히 하는 겁죠。
0x5EB6BC	13	F85A	1	災難だったでやんすね。	고생하셨습죠。
0x5EB3CC	6	F85A	1	イエッサー！	옛썰！
0x5EB3B6	14	F85A	1	よし、全力で鍛練だ！	좋아、전력으로 단련이다！
0x5EB204	12	F85A	1	とにかく、これでさっそく	어쨌든、이걸로 당장
0x5EB1A6	19	F85A	1	だーっ、それ以上言うんじゃない！	으아、그 이상 말하지 마라！
0x5EB189	18	F85A	1	あ、ゴルフのクラブもあったでやんす。	아、골프 클럽도 있었습죠。
0x5EB119	21	F85A	1	今日、倉庫の掃除をやっていたら	오늘、창고 청소를 하고 있었더니
0x5EB062	16	F85A	1	（そんなもの、あってたまるか！）	（그런 게、있을 리가 있나！）
0x5EB028	17	F85A	1	楽してスポーツが上手くなって	편하게 스포츠를 잘하게 되는
0x5EB008	21	F85A	1	ま、結局は全部キミの選択だよ。	뭐、결국은 전부 네 선택이야。
0x5EAFC6	13	F85A	1	うーん、どうでやんすかね。	으음、어떻습죠。
0x5EAF9F	11	F85A	1	さあ、それはどうかな。	글쎄、그건 어떨까。
0x5EAF62	21	F85A	1	あれから少年野球でも続けていれば	그 뒤로 소년야구라도 계속했다면
0x5EAF44	19	F85A	1	野球の基礎中の基礎だな。	야구의 기초 중의 기초지。
0x5EAF04	18	F85A	1	今朝は、軽くキャッチボールだ。	오늘 아침은、가볍게 캐치볼이다。
0x5EAE18	10	F85A	1	ふむふむ、なるほど。	흠흠、과연。
0x5EADFE	18	F85A	1	はい、ここに来るのは初めてです。	네、여기 오는 건 처음입니다。
0x5EADD9	10	F85A	1	おや、そこのあなた。	이런、거기 당신。
0x5EADBD	16	F85A	1	どうも、よろしくお願いします。	안녕하세요、잘 부탁드립니다。
0x5EAD8E	17	F85A	1	おや、ここでは初めて見ますね。	이런、여기서는 처음 뵙네요。
0x5EAC3C	13	F85A	1	いや、今回は違うぞ。	아니、이번엔 다르다。
0x5EAC0E	11	F85A	1	えっ、本当ですか？	엣、정말입니까？
0x5EABD4	20	F85A	1	さて、今日ここで修行をした者は	자、오늘 여기서 수행한 자는
0x5EAB89	13	F85A	1	（しかし、食べてみたら、	（하지만、먹어 보니、
0x5EAB30	9	F85A	1	ああ、そのとおり。	아아、그렇다。
0x5EAAC9	13	F85A	1	で、おやつってなんですか？	그래서、간식이 뭔가요？
0x5EAA9E	9	F85A	1	（毎日、おかゆ	（매일、죽
0x5EAA82	11	F85A	1	えっ、本当ですか？	엣、정말입니까？
0x5EAA48	20	F85A	1	さて、今日ここで修行をした者は	자、오늘 여기서 수행한 자는
0x5EA9BD	16	F85A	1	これより、修行者同士の	지금부터、수행자끼리의
0x5EA8D3	8	F85A	1	さて、みなさん。	자、여러분。
0x5EA7E5	19	F85A	1	あれ、今日は何もされなかったな。	어라、오늘은 아무 일도 없었네。
0x5EA79D	15	F85A	1	ええまあ、心地いいですよ。	네 뭐、편안해서요。
0x5EA74C	13	F85A	1	おまえはよくここにいるな。	너는 자주 여기 있구나。
0x5EA70D	9	F85A	1	まったくでやんす。	정말입죠。
0x5EA6E4	11	F85A	1	そうだったな、ごめん。	그랬지、미안。
0x5EA6AF	13	F85A	1	元気を出すでやんす！	기운 내는 겁죠！
0x5EA67E	11	F85A	1	とにかく、ありがとう。	어쨌든、고마워。
0x5EA660	15	F85A	1	フフフ、こっそり持ち込んだ	후후후、몰래 들여온
0x5EA647	14	F85A	1	えっ、どうしてこんなものを？	엣、어째서 이런 걸？
0x5EA60B	14	F85A	1	仕方ないでやんすねぇ～。	어쩔 수 없습죠～。
0x5EA5D4	20	F85A	1	はぁ、今日の修行は疲れたなぁ。	하아、오늘 수행은 피곤했구나。
0x5EA56B	11	F85A	1	使えるでやんすよね？	쓸 수 있습죠？
0x5EA52E	11	F85A	1	取ってきたでやんす。	가져왔습죠。
0x5EA4F0	4	F85A	1	ネット？	네트？
0x5EA488	18	F85A	1	バッティングフォームの調整だよ。	배팅 폼 조정이야。
0x5EA476	10	F85A	1	どうするんでやんす？	어떻게 하는 겁죠？
0x5EA45C	18	F85A	1	今日は、ティー打撃をするぞ。	오늘은、티 배팅을 하겠다。
0x5EA3EB	14	F85A	1	よくわかんないでやんすけど、	잘 모르겠습죠만、
0x5EA27C	7	F85A	1	うまくよけない	잘 피하지 못하면
0x5EA262	15	F85A	1	物を投げないでくださいよ！	물건을 던지지 마세요！
0x5EA1EE	17	F85A	1	他人の名前を「似てる」で	남의 이름을 「비슷하다」로
0x5EA1D1	18	F85A	1	どっちでも似たようなものでやんす。	어느 쪽이든 비슷한 겁죠。
0x5E9F98	13	F85A	1	友であり、そして敵だ。	벗이자、그리고 적이다。
0x5E9F3A	8	F85A	1	さっきのスズメ、	아까 그 참새、
0x5E9F08	8	F85A	1	（チュンチュン、	（짹짹、
0x5E9EDD	5	F85A	1	先生！	선생님！
0x5E9EB0	9	F85A	1	（チュン、チュン）	（짹、짹）
0x5E9C7C	7	F85A	1	ふははははは！	후하하하하하！
0x5E9C14	7	F85A	1	どうでやんす？	어떻습죠？
0x5E9BD0	15	F85A	1	（この後、なんだかんだあって	（이 뒤로、이래저래 있어서
0x5E9BAA	14	F85A	1	じゃ、学校の話をしろ。	그럼、학교 얘기를 해라。
0x5E9B49	13	F85A	1	しかし、ここは何もなくて	그런데、여기는 아무것도 없어서
0x5E9B10	16	F85A	1	はっはっは、テレなくてもいいぞ。	하하하、쑥스러워하지 않아도 된다。
0x5E9A7C	7	F85A	1	ふははははは！	후하하하하하！
0x5E9A54	5	F85A	1	その分、	그만큼、
0x5E9A35	9	F85A	1	ごはんもおかずも、	밥도 반찬도、
0x5E9A21	12	F85A	1	予想通りでやんす。	예상대로입죠。
0x5E99E2	14	F85A	1	今日の食事当番は	오늘 식사 당번은
0x5E99B5	11	F85A	1	いや、今日はきっと	아니、오늘은 분명
0x5E9994	8	F85A	1	さあ、ご飯だ！	자、밥이다！
0x5E94C8	13	F85A	1	あーあ、もう夕方かぁ。	아아、벌써 저녁인가。
0x5E92CD	14	F85A	1	ああ、心が洗われるなぁ。	아아、마음이 씻기는구나。
0x5E92B6	15	F85A	1	（ためになる話を読んだ！）	（유익한 이야기를 읽었다！）
0x5E928C	13	F85A	1	あ、こんなところに本が。	아、이런 곳에 책이。
0x5E924F	10	F85A	1	カワイイでやんすね。	귀엽습죠。
0x5E9211	18	F85A	1	なんでも口に入れて確かめるのは	뭐든 입에 넣어 확인하는 건
0x5E91FA	5	F85A	1	ぺっぺっ！	퉤퉤！
0x5E91CA	13	F85A	1	オイラにもよこすでやんす！	나한테도 달라는 겁죠！
0x5E91B6	12	F85A	1	おっ、かすかに甘いぞ！	옷、희미하게 달다！
0x5E9058	12	F85A	1	気持ちのいい朝だ！	기분 좋은 아침이다！
0x5E8F60	19	F85A	1	今日は、なんだか早めに修行が	오늘은、웬일인지 일찍 수행이
0x5E8E17	14	F85A	1	真面目にやるでやんす！	성실하게 하는 겁죠！
0x5E8E01	14	F85A	1	あ～あ、めんどうくさいなぁ。	아～아、귀찮구나。
0x5E8DCF	11	F85A	1	とっとと終わらせて、	후딱 끝내고、
0x5E8D90	14	F85A	1	今日は、修行の後に	오늘은、수행 뒤에
0x5E8D0A	17	F85A	1	手伝ってもらって助かったよ。	도와줘서 살았어。
0x5E8CB8	15	F85A	1	おーい、ちょっと風呂場に	어어이、잠깐 목욕탕에
0x5E8C5D	19	F85A	1	お前がまじめに修行をしすぎるから	네가 너무 성실하게 수행하니까
0x5E8C14	18	F85A	1	そうですか、それは残念でしたね。	그렇습니까、그거 아쉬웠네요。
0x5E8AA8	17	F85A	1	手伝ってもらって助かったよ。	도와줘서 살았어。
0x5E8A58	13	F85A	1	おーい、ちょっと厨房に	어어이、잠깐 주방에
0x5E899A	15	F85A	1	（でも、ちょっと悔しいな。）	（그래도、좀 분하네。）
0x5E898A	9	F85A	1	ええ、そうですね。	네、그렇네요。
0x5E8942	10	F85A	1	じゃが、まあ、これは	하지만、뭐、이건
0x5E891F	10	F85A	1	残念じゃったな。	아쉬웠구먼。
0x5E87F0	14	F85A	1	あれ、こんなところに本が。	어라、이런 곳에 책이。
0x5E85FC	10	F85A	1	すまん、助かるよ。	미안、고맙다。
0x5E85DB	14	F85A	1	ああ、じゃあ仕方ないな。	아아、그럼 어쩔 수 없군。
0x5E8598	13	F85A	1	なあ、俺たちの掃除を	저기、우리 청소를
0x5E854E	10	F85A	1	厨房にあるんだ。	주방에 있어。
0x5E8540	7	F85A	1	氷砂糖？	얼음사탕？
0x5E8525	10	F85A	1	あ、気がついたか。	아、정신이 들었나。
0x5E844C	18	F85A	1	まあ、いい思い出が出来たよ。	뭐、좋은 추억이 됐어。
0x5E842F	21	F85A	1	ちょっと、相手が強すぎたでやんすね。	좀、상대가 너무 강했습죠。
0x5E8388	7	F85A	1	さて、あなたは	자、당신은
0x5E8357	13	F85A	1	もう、あきらめるでやんす。	이제、포기하는 겁죠。
0x5E8310	14	F85A	1	それにしても、俺のグラブは	그건 그렇고、내 글러브는
0x5E82D7	21	F85A	1	あーあ、野球の練習がやりたいなぁ。	아아、야구 연습이 하고 싶구나。
0x5E8224	19	F85A	1	よし、今日の修行が終わった。	좋아、오늘 수행이 끝났다。
0x5E80DC	7	F85A	1	さて、あなたは	자、당신은
0x5E8092	18	F85A	1	まあ、いい思い出が出来たよ。	뭐、좋은 추억이 됐어。
0x5E8073	13	F85A	1	残念だったでやんすね。	아쉬웠습죠。
0x5E7F60	13	F85A	1	おいおい、唐突だなぁ。	어이어이、뜬금없구나。
0x5E7D80	4	F85A	1	おまえは	너는
0x5E7D4C	6	F85A	1	はっ、はい！	옛、넷！
0x5E7D28	3	F85A	1	こら、	이봐、
0x5E7B9A	15	F85A	1	ダメだダメだ、お前はとっくに	안 돼 안 돼、너는 진작에
0x5E7B52	15	F85A	1	ダメだダメだ、お前はとっくに	안 돼 안 돼、너는 진작에
0x5E7B16	14	F85A	1	どうやら、お前はその技を	아무래도、너는 그 기술을
0x5E7ADA	14	F85A	1	どうやら、お前はその技を	아무래도、너는 그 기술을
0x5E7A62	14	F85A	1	どうやら、おまえはその技を	아무래도、너는 그 기술을
0x5E7A26	14	F85A	1	どうやら、おまえはその技を	아무래도、너는 그 기술을
0x5E7932	7	F85A	1	ああ、あなたは	아아、당신은
0x5E7906	7	F85A	1	ああ、あなたは	아아、당신은
0x5E787B	3	F85A	1	（ドカ	（퍽
0x5E693B	3	FC	17	いいあ	
0x5E6948	5	F800	15	尅さいお	
0x6072E2	4	F800	13	さいめあ	
0x5E6692	3	F800	13	さい（	
0x603A0B	5	F825	11	、シュッ！	、슉！
0x6036ED	4	F815	11	生麦	생밀
0x5E6708	6	F800	10	搭さい６あ	
0x5E6850	4	FC	9	搭さい	
0x5E6950	4	F800	8	やあさい	
0x5E62D6	4	F800	7	さいとあ	
0x5F6301	25	FB	6	的が出現した直後か、消える直前だと	나올 때나 사라질 때
0x5F6373	19	FA	6	ダメージを与えられる目安です。）	데미지 기준입니다）
0x5F631B	18	FA	6	相手にダメージが与えられます。	상대에게 데미지。
0x5F632E	15	FB	6	単に的をタッチするだけだと	터치만 하면
0x5F634C	15	FB	6	消える直前の場合は、	사라지기 직전엔
0x5F633E	13	FA	6	勝負には勝てません。	못 이깁니다。
0x5F6361	8	F808	6	タイマーが赤く	타이머가
0x5F636B	7	F809	6	なった時が、	때가、
0x5F635C	3	FA	6	的の	적
0x60340D	3	F851	6	あさい	
0x5E67B4	6	F800	5	搭さいＤあ	
0x5E8154	6	F808	5	青龍房	청룡방
0x604B28	5	F815	5	なまたまご	생란
0x5E673A	4	F800	5	さい６あ	
0x5E6782	4	F800	5	さいＣあ	
0x60492A	4	F815	5	なまむぎ	생밀
0x604A22	4	F815	5	なまごめ	생쌀
0x5EC285	17	F8F8	4	全般的に能力を上げたい	전반적 능력 상승
0x5FC92F	12	F808	4	少森寺八連闘	소림사８연투
0x5E7DDB	6	F808	4	玄武房	현무방
0x5E7E8F	6	F808	4	白虎房	백호방
0x6043A4	6	F825	4	よ、シュッ！	요、슉！
0x6012B6	4	FF	4	さいＭあ	
0x5E695E	3	F800	4	さい❤	
0x5EB260	20	F8F8	3	苦境に打ち勝つ強さを持ちたい	역경을 이길 힘
0x5FEDC2	20	FB	3	同じ場所に４回行ってもいいし、	같은 곳 ４번도 되고、
0x5FEDD7	20	FA	3	１回ずつすべての房に行ってもいい。	방마다 １회씩 가도 돼
0x5F0B6F	19	FA	3	文章を読むことが出来ます。）	문장을 볼 수 있다。）
0x5F62BC	19	FE	3	だが、守ってるだけでは勝てないぞ。	지키기만 해선 진다。
0x5F62D3	19	FE	3	もっと積極的に攻撃しないと。	좀 더 공격적으로。
0x5EB32A	18	F8F8	3	状況に動じない心を持ちたい	흔들리지 않는 마음
0x5EEF05	16	F8F8	3	さっそく修行開始します。	바로 수행 시작。
0x5FEDA1	16	FA	3	合わせて４回修行すれば、	총 ４회 수행하면、
0x605914	16	F804	3	ぐはっ！舌をかんでしまった！！	으윽！혀 깨물었다
0x5FEDB2	15	FA	3	またここに来れるようになる。	다시 올 수 있다
0x5E9077	13	F815	3	この寺から逃げ出す！	절에서 도망！
0x5F0B61	13	F809	3	を押すと、ちょっと前の	누르면 조금전
0x605985	13	F804	3	よし！なんとか言えたぞ！	좋아！말했다！
0x6059FC	11	FB	3	何も言えなかった。	말 못했다。
0x5E677A	7	F800	3	さい」のふい（	
0x5EA1BE	5	F808	3	しょうちく	송죽
0x5ED4F4	5	FF	3	俊カあと	
0x5F4E05	5	F809	3	先輩。	선배。
0x5FF415	5	F825	3	の勝ち！	의승！
0x604B2F	5	F8F8	3	なまたまこ	생랸
0x604B36	5	F8F8	3	なまたらこ	생랄
0x5EA18D	4	F808	3	マツタケ	송이
0x5EAAF0	4	F808	3	芋がゆ	토란
0x5EBA21	4	F86B	3	ですか？	죠？
0x5ECF36	4	F809	3	なのだ。	다。
0x5F6556	4	F808	3	平七	평칠
0x60359E	4	F800	3	さいＵあ	
0x604930	4	F8F8	3	なまむき	샘밀
0x604936	4	F8F8	3	たまねぎ	양파
0x604A28	4	F8F8	3	ならづけ	절임
0x604A2E	4	F8F8	3	なまこめ	샌쌀
0x604E80	4	F8F8	3	生加	생가
0x604E86	4	F8F8	3	生的	생적
0x5EB8AF	3	F808	3	こころ	마음
0x5EC0F7	29	FB	2	合宿の場所を間違えて、拳法の練習中に	합숙 장소 착각해 권법 연습중
0x606538	26	FB	2	突然、早口勝負を挑まれる状態って、	돌연 빠른말 승부 걸린 상황
0x606D3E	24	F803	2	これを言う事によって速くなるのだ、シュッ！	이 말로 빨라진다、슉！
0x6064CD	23	FB	2	しかし、調子が悪いなどの言葉は戦い	허나 상태 탓 말은 싸움
0x5FB636	22	FB	2	つねに修行を続け、おごらない態度が	늘 수행하고 겸손함이
0x5FB682	22	FA	2	明日からの修行の原動力にすれば	내일 수행의 원동력으로
0x5FD2C4	22	FB	2	出現した直後か、消える直前だと	출현 직후나 소멸 직전
0x5FD2AE	21	FB	2	下画面に出てくる的をタッチしろ！	아래화면 과녁 터치！
0x5E8103	20	FB	2	今日はひとつ、なにか特別なことを	오늘 뭔가 특별한 걸
0x603DB7	20	F803	2	諦めは早い方がいいだろう、シュッ！	포긴 빠른게 낫지、슉！
0x605939	20	FE	2	次までに練習しとくように、シュッ！	다음까지 연습해 두도록、휙！
0x5E8A66	19	FA	2	荷物を運ぶのを手伝ってくれ。	짐 나르는 것 도와줘
0x5E9BE0	19	FA	2	あまり休んだ気がしなかった・・・）	쉰 것 같지 않다・・・）
0x5FA915	19	FB	2	庭の掃除をさっさと終わらせろ。	마당 청소 얼른 끝내
0x5FB5D3	19	FA	2	「自分が勝って当然だ」という	「내가 이겨 당연」란
0x6058B4	19	F803	2	では、これから言う言葉を続けて	이제 말할 말을 따라
0x5EB8D7	18	FA	2	野球選手作成、失敗！	야구선수 작성실패！
0x5F1CD2	18	FA	2	こんな拳法のサクセスだけなのか？	권법 석세스뿐인가？
0x5F68EF	18	FA	2	格闘技から足を洗う気か？	격투기 그만둘 셈？
0x5FB623	18	FA	2	まだまだ差が出るところじゃない。	아직 차 날 때 아냐
0x5FB64D	18	FA	2	もっと後になって実を結ぶのだ。	훨씬 뒤에 결실난다
0x5FB6AF	18	FA	2	到達することが出来るだろう。	도달할 수 있으리라
0x5FD33D	18	FE	2	お前、才能があるんじゃないか？	너、재능이 있는 것 아니냐？
0x6064F4	18	FB	2	いつでも、言えるようにしておけよ、	언제든 말하게 해둬
0x5E7B73	17	FA	2	私が教えることは出来ない、	내가 못 가르친다、
0x5E818C	17	FA	2	お前に技を教えようと思う、	네게 기술 전한다、
0x5EBC4E	17	FA	2	すぐにとっとと急いで始めよう、	당장 서둘러 시작、
0x5F689C	17	FD	2	俺は野球部員だったんだ。	나는 야구부원이었어。
0x5F68B1	17	FD	2	じゃあ、負けても仕方ないか。	그럼、져도 어쩔 수 없나。
0x60647F	17	FB	2	それともさっきのはウソか、シュッ！	아까 건 거짓、슉！
0x5E7914	16	FA	2	すでに身につけておいでですよ。	이미 익히셨어요。
0x5E7A35	16	FA	2	すでに習得しているようだな。	이미 습득한듯。
0x5E7B62	16	FA	2	その技を身に付けているから	그 기술 익혔으니
0x5EBBB1	16	F8F8	2	もっと指先を柔軟にしたい	손끝 더 유연하게　
0x5F6238	16	FE	2	次はもっと手強い先生と	다음은 더 벅찬 선생님과
0x5FB612	16	FA	2	若いお前の年程度では、	젊은 네 나이론、
0x5FD2F5	16	FA	2	こちらがダメージを受けるぞ！）	내가 피해 입어！）
0x6045E4	15	F8F8	1	速いだけで何とかなりますか	빠르기만 하면　　　
0x60646E	16	FA	2	練習していたのではないのか？	연습한 거 아냐？
0x606788	16	F803	2	しっかり練習しておくのだぞ、	제대로 연습해둬、
0x5E7AE9	15	FA	2	すでに習得しているようだ。	이미 습득한듯。
0x5E9086	15	F8F8	2	もう少し様子を見よう。	좀 더 지켜보자。
0x5EB0B2	15	FE	2	いいものを見つけたでやんす。	좋은 것을 찾았습죠。
0x5EB33E	15	F8F8	2	疲れにくい身体になりたい	덜 지치는 몸
0x5F2302	15	FA	2	隠れている時もあります。）	숨어있을 때도。）
0x5F558F	15	FA	2	自信がついてきたでやんす。	자신 붙었습죠。
0x5F6249	15	FA	2	戦ってもらわないといかんな。	싸워줘야겠구나。
0x5FA929	15	FB	2	さもないと夕食抜きだぞ。	아님 저녁 굶어
0x603A1A	15	F804	2	はい。ありがとうございました。	예。감사합니다。
0x606759	15	FA	2	少しレベルをあげたらそれか？	레벨 좀 올리면？
0x5E8118	14	FA	2	教えようと思うのですが、	가르치려는데、
0x5E8127	14	FA	2	なにか希望はありますか？	희망 있나요？
0x5E817D	14	FA	2	そこで、今日は特別に	오늘은 특별히
0x5F48A0	14	FA	2	変なことばかり言うなよ、	이상한 말 마、
0x5FD277	14	F825	2	は今回が初めてだから、	는 첫 회니까、
0x5FD2E6	14	FB	2	消えるまでにタッチしないと	꺼지기 전 터치
0x6058C8	14	FA	2	速く言ってみろ、シュッ！	빨리 말해、슉！
0x6064E5	14	FA	2	では通用せんぞ、シュッ！	론 안통해、슉！
0x5E7AF9	13	FB	2	他のものを選びなさい。	딴 걸 골라요。
0x5E8FAE	13	F8F8	2	いや、宿舎に帰ろう。	숙소로 가자。
0x5EB28A	13	F8F8	2	もっと力が強くなりたい	더 강한 힘을
0x5EB421	13	F8F8	2	もっと身体を柔軟に	더 유연한 몸
0x5EBEA8	13	F8F8	2	もっと柔軟に動きたい	유연한 움직임
0x5F1E47	13	F837	2	絶賛発売中です！	절찬 발매 중입니다！
0x5F36AC	13	FA	2	よく聞こえなかったぞ。）	잘 안들렸다。）
0x5F657B	13	FA	2	指名されたでやんすよ？	지명됐습죠？
0x5F8650	13	FA	2	どこにでもいるでやんすね。	어디든 있습죠
0x5EAA6B	12	FB	2	おやつをごちそうしよう！	간식 사주마！
0x5EB746	12	F825	2	君、おはようでやんす。	군、안녕입죠。
0x5F68E2	12	FE	2	今のセリフだと、まさか	방금 그 말이면、설마
0x5FB6D9	12	FB	2	絶対にがんばります！	꼭 힘낼게요！
0x601552	12	FE	2	進藤イベントチェック	신도 이벤트 체크
0x602EE7	12	FA	2	いつでもかまいませんよ。	언제든 되죠。
0x5E8FA1	11	F8F8	2	こっそり休んじゃえ！	몰래 쉬자！
0x5EB565	11	FE	2	では、始めましょう。	그럼、시작합시다。
0x5EBAF2	11	F8F8	2	もっとすばやくなりたい	더 재빠르게
0x60649A	11	F804	2	う、うそじゃないです。	거짓 아뇨。
0x5E7A46	10	FB	2	他のものを選べ。	딴 걸 골라
0x5FB6A4	10	FE	2	もっと高いところに	더 높은 곳에
0x5FD2DB	10	FA	2	相手にダメージ！	상대 피해！
0x600DA0	10	F808	2	パワプロクンポケット	파워포켓
0x603586	10	F800	2	さい亜さい尅さい	
0x606555	10	FA	2	どんな状態だよ）	무슨 상태）
0x5EBB8B	9	F815	2	すばやく投げたい	빨리 투구
0x5FEA83	9	F86B	2	お相手しよう。	상대하마。
0x601374	9	F800	2	亜さいぃあさい（	
0x60168D	9	F8F8	2	うん、あきらめよう	응、포기다
0x5E689C	8	F800	2	ボのふいやねふい	
0x5EBAE8	8	F8F8	2	速く走りたい	빨리뛰기
0x5F1B2E	8	FA	2	言えませんね。	못하네。
0x5F660E	8	F800	2	試合はじめ！	시합 시작！
0x5FD2A5	8	F85A	2	（ゲームのルール	（게임 룰
0x601346	8	F800	2	さいぃあさいＭあ	
0x601A0B	8	F8F8	2	走ってキャッチ	달려잡기
0x602811	8	F803	2	いたたたた・・・	아야・・・
0x60530D	8	F803	2	なんだ、シュッ！	뭐냐、슉！
0x5EAA5D	7	FA	2	運がいいぞ。	운좋군。
0x5F655F	7	F825	2	と戦います！	와 대결
0x5FB69C	7	FE	2	きっとお前は	분명 너는
0x5E6932	6	F800	2	さいやねふい	
0x5E6F9C	6	F800	2	フねふい８あ	
0x5E7096	6	F800	2	さいＱなふい	
0x5EADAA	6	F809	2	へようこそ、	환영、
0x5F75CC	6	F808	2	修行房	수행방
0x5F8F8F	6	F808	2	繁歯我	번치아
0x5FD4B7	6	F800	2	冷静に、	냉정하게、
0x5FDCED	6	F808	2	しょうしんじ	정심사
0x601685	6	F815	2	あきらめよう	포기다
0x5E610C	5	FC	2	やあさい（	
0x5E66D4	5	F800	2	搭さいほ	
0x5E6734	5	F800	2	搭さい（	
0x5E6A28	5	FC	2	搭さいあ	
0x5E7159	5	F800	2	あさい６あ	
0x5E790E	5	F86B	2	その技を	기술
0x5E7DD4	5	FB	2	お前は、	너는、
0x5E9F4B	5	F809	2	先生の	선생
0x5EAA65	5	FB	2	特別に	특별
0x5EFD84	5	F808	2	お師匠	스승
0x5F1BFF	5	F809	2	とはいえ、	허나、
0x5FD4B0	5	FE	2	あわてず、	당황하지 말고、
0x601394	5	F800	2	ぃあさい❤	
0x601A04	5	F815	2	あきらめる	포기
0x5E687A	4	F800	2	さい８あ	
0x5E7DE3	4	F809	2	において	에서
0x5E815C	4	F809	2	に来て	에와
0x5EAE6C	4	F808	2	しんどう	신동
0x5EC441	4	F809	2	である。	다。
0x5EEE2A	4	FF	2	野球	야구
0x5EEE51	4	F82E	2	修行	수행
0x5F15E2	4	F808	2	松竹	송죽
0x5FDD22	4	FA	2	ひとたび	한번
0x606D2B	4	F803	2	実はな	실은
0x5EBC60	3	FA	2	シュ！	슉！
0x5F5523	3	F825	2	君も	너
0x5F7260	3	F808	2	サンダ	산
0x5FB5E7	3	FA	2	おごり	한턱
0x600018	3	F808	2	あけみ	아케미
0x605538	3	F804	2	シュッ	슉
0x606FF1	46	FE	1	お前は才能がある。あと５年も修行すればきっと感じる事ができるだろう、シュッ！	너는 재능이 있다。앞으로 ５년만 수행하면 분명 느낄 수 있게 될 것이다、휙！
0x605CA1	44	F804	1	声が聞こえるという事は、物凄いスピードで移動してるという事か・・・・・。	목소리 들린단 건 엄청 빠르게 이동중이란 건가
0x605AE2	43	FB	1	前に言った事を忠実に行っておれば、速くなっているにきまっておる、シュッ！	전에 말한 대로 하면 빨라지는게 당연、슉！
0x606B54	43	F804	1	でも、その割には修行に響くとか、まだ早いとか言っておられるではないですか。	근데 수행에 지장이라、아직 이르다 하시잖아요
0x604FB6	41	FE	1	まあ、いい。これまでとは違う修行方法を今日は教えてやろう、シュッ！	뭐、좋다。지금까지와는 다른 수행 방법을 오늘은 가르쳐 주마、휙！
0x5E7372	40	FC	1	さいごなふいワのふいワにふい杞ふいぱねふい２のふいシのふい晒ふい２にふい６あ	
0x60513C	40	FE	1	その時にはきっと、お前はもの凄いスピードを身につけているだろう、シュッ！	그때에는 분명、너는 엄청난 속도를 몸에 익히고 있을 것이다、휙！
0x6046F2	39	FE	1	そして、ただ自分は速くなると信じてやっていかなければならない、シュッ！	그리고、그저 자신은 빨라진다고 믿으며 해 나가야 한다、휙！
0x605C07	39	F800	1	私が攻撃無しで本気で動くから、その私を捕まえてみろ、シュッ！	내가 공격 없이 진심으로 움직일 테니、그런 나를 붙잡아 보아라、휙！
0x606AFF	39	F804	1	あのですね、その「シュッ」って言っている意味を教えて欲しいのですが。	저기요、「슉」이라 하시는 뜻을 알려주세요。
0x604421	38	F804	1	いや、そんな事を言った後ならら、普通その後に何かあるでしょう。	아니、그런 말 뒤엔 보통 뭔가 있잖아요。
0x604763	38	F803	1	しかし、一つの事を極める事によってでしかできない事もある、シュッ！	허나 하나를 극해야 되는 일도 있다、슉！
0x606F8D	37	F803	1	私のようになれば、速くなったように感じる事ができるだろう、シュッ！	나처럼 되면 빨라진듯 느낄 수 있다、슉！
0x5E635C	36	F800	1	エぁふいミてふいとぢふい傘ふいヤわふいヂにふいヤベふいシにふいびをふい	
0x603E35	36	F804	1	それは先生の体力が落ちてくるのを待てをという意味ですね。	선생 체력 떨어지길 기다리란 뜻이죠。
0x606BDA	35	FB	1	ここで修行した成果がやっと出てきたと言う事だな、シュッ！	여기 수행 성과가 겨우 나온 거군、슉！
0x607054	35	FB	1	私がお前だけ特別に修行を増やしておいてやるから、シュッ！	내가 너만 특별히 수행 늘려주마、슉！
0x6044DA	34	FB	1	でも秘奥義を伝授するとか、何かあってもいいじゃないかと。	근데 비오의 전수든 뭐든 있으면。
0x6047DE	34	FE	1	それは一つの事を極めた者だけが知る事なのだから、シュッ！	그것은 한 가지를 극한 자만이 아는 것이니까、휙！
0x6061C9	34	F803	1	わかったら、今日からいま言った事を心がけるのだぞ、シュッ！	알았으면 오늘부터 명심해라、슉！
0x606AB3	34	F804	1	いえ、その練習をしたいとは一言も言ってないですが・・・・。	아뇨、연습 하고싶단 말은 안했는데。
0x5E7644	33	FC	1	❤ぬふいＩなふいヤぬふい」ぬふいトとふいエねふいフにふいわねふい（	
0x6034D8	33	FC	1	づ海い（穆いエ鮎いシ惨い！・へいョへほいＩ鮎い尅さい❤	
0x60467F	33	FB	1	だけど他を捨てて一つの事だけを極めるとどうなるのかなと。	딴 것 버리고 하나만 극하면 어떨까
0x604812	33	FB	1	言ってみれば、極めた者へのご褒美みたいな物なんですね。	말하자면 극한 자의 상 같은 거죠。
0x5F474D	32	FA	1	こんなものを読んでいて貴様は恥ずかしくないのか、シュッ！	이런 걸 읽으며 부끄럽지 않나、슉！
0x6046AA	32	F803	1	「一つを極める」と言っても簡単な事ではない、シュッ！	「하나를 극한다」도 간단찮다、슉！
0x6043BB	31	FB	1	これだけ修行すれば、来た頃よりはマシにもなるでしょう。	이만큼 수행하면 처음보단 낫죠。
0x604587	31	F804	1	（まあ、答えてくれるって言っているんだから聞いてみるか）	（뭐、답해준다니 물어나 볼까）
0x605119	31	FE	1	トラの攻撃を全てかわし、そしてトラに勝つのだ、シュッ！	호랑이의 공격을 모두 피하고、그리고 호랑이를 이기는 것이다、휙！
0x607078	31	FB	1	これでお前はきっと３年で感じるようになるだろう、シュッ！	이걸로 ３년이면 느끼게 된다、슉！
0x5E6142	30	F800	1	さいォどへいァふふい肚へいたむふいぃぅふいＥてふいォぅふい	
0x5E66E4	30	F800	1	搭さい」のふい」のふいヂのふい柩ふいＱなふい尅さいＢあ	
0x5F5AB6	30	FA	1	拳法もまず基礎をしっかりやるべきだということですね。	권법도 기초를 다져야 하죠。
0x606061	30	F800	1	睡眠時間は約二時間ぐらいにしておけ、シュッ！	수면 시간은 약 두 시간 정도로 해 두어라、휙！
0x5FA09F	29	FE	1	中国拳法で使用する武器は非常に多い。	중국 권법에서 사용하는 무기는 매우 많다。
0x603F9A	29	F803	1	それではまだまだ修行が足らんのかもしれんな、シュッ！	그럼 아직 수행이 모자란가、슉！
0x604049	29	F825	1	の奴、逃げ足だけはかなり速くなったようだ、シュッ！	놈、도망은 꽤 빨라진듯하다、슉！
0x6044A5	29	FA	1	それに、この寺から出れるわけがないではないか、シュッ！	이 절서 나갈 리 없잖나、슉！
0x6046CB	29	FB	1	何年も何十年も同じ事を繰り返しやり続け	몇년 몇십년 같은 일 되풀이해
0x605250	29	FE	1	仕方がない。トラが嫌なら、熊にしておくか、シュッ！	어쩔 수 없군。호랑이가 싫다면、곰으로 해 둘까、휙！
0x606089	29	F804	1	い、いや、それは逆に健康に悪い気がするのですが。	아、아뇨、되레 건강에 나쁠듯。
0x5E60EC	28	FC	1	Ｕ５ふいふとふいボ０ふいＡぬふいしぱふいフはふいづぉへい	
0x5E62F4	28	F800	1	ズっふいＡてふいしじふいエにふいしぁふい到ふいＭツふい	
0x5E7666	28	FC	1	さいづなふいヂぬふいフぬふいゲとふい皿ふいとのふい６あ	
0x603F55	28	FE	1	それとも、もしや私の言った事をやってなかったのか？	아니면、혹시 내가 말한 것을 하지 않았던 것이냐？
0x604662	28	F804	1	いえ、強くなるには力も技術もいると思うんです。	아뇨、힘도 기술도 필요해요。
0x5F39ED	27	FB	1	実は、俺の実家は和食料理店なんだぞ。	실은、우리 집은 일식집이다。
0x5F437B	27	FB	1	実際問題として、短期間の合宿だけでは	실제로 단기간 합숙만으론
0x5FA103	27	FE	1	元々、拳法というのは相手を倒す手段は	원래、권법이란 상대를 쓰러뜨리는 수단은
0x5FD694	27	FF	1	教師３人相手に優秀な成績を残した。	교사 ３명을 상대로 우수한 성적을 남겼다。
0x5FD6B4	27	F837	1	教師２人相手に優秀な成績を残した。	교사 ２명을 상대로 우수한 성적을 남겼다。
0x603DD5	27	F804	1	もう少し夢を見させてくれてもいいじゃないですか。	좀 더 꿈꾸게 해줘도 되잖아。
0x603E6F	27	FA	1	いくら頑張っても無理なような気がしますけど。	아무리 애써도 무리일듯해요。
0x6069FE	27	F804	1	（やっぱり気になるよな、あの「シュッ」って言うの。	（역시「슉」이란 거 신경쓰여。
0x6072BB	27	FC	1	い洞ほいバゆほいＹわほいペらほいたをほいクらほいルあ	
0x5E63C6	26	FC	1	さいォねふいＵロふいくとふいＩフふいごひふいクトふい	
0x5FA0BD	26	FA	1	コン棒はその中でも最も基本的な武器で	곤봉은 그중 가장 기본 무기
0x5FA11F	26	FA	1	選ばないものだし、武器自体を手の延長	안 가리고、무기를 손 연장
0x605B69	26	FB	1	一応、やってはいるんですが実感がわかなくて。	하곤 있는데 실감이 없어。
0x606865	26	FE	1	毎日の積み重ねが結果を生むのだからな、	매일의 쌓임이 결과를 낳는 법이니까、
0x5EAE23	25	FB	1	途中参加の者がいると聞いていましたが、	도중 참가자 있다 들었는데
0x5EC462	25	FB	1	技の上達には、鍛練以外の道はない。	기술 향상엔 단련뿐이다。
0x5EDB0B	25	FA	1	相手が鉄壁の防御を解くまで待って、	상대 철벽 방어 풀 때까지、
0x5EE803	25	FA	1	一定の拍子で上体を持ち上げるんだ。	일정 박자로 상체를 든다。
0x5F1901	25	FA	1	回ってくる横棒を受け止める練習です。	도는 가로봉 받는 연습。
0x5F365E	25	FA	1	つまり、丸太の重心の位置に足をのせて	즉、통나무 중심에 발 얹고
0x5F470F	25	FA	1	だいたい税込み8400円は高すぎる	세금포함 ８４００엔은 비싸
0x5FA171	25	FA	1	それだけ武器の扱いは重要だって事だから	그만큼 무기 다룸이 중요해
0x5FDCB2	25	FA	1	野球部の合宿に参加しようとした俺は	야구부 합숙 참가하려던 난
0x603A47	25	FA	1	この調子で明日も頑張るがいい、シュッ！	이 기세로 내일도 힘내、슉！
0x604F74	25	F804	1	じゃあ、もっと速くなるにはどうしたらいいですか？	더 빨라지려면 어떻게？
0x605035	25	FD	1	トラって、あの動物園のあの黄色い野獣	호랑이라니、그 동물원의 그 노란 야수
0x6051D4	25	FD	1	（ヤバイな。先生なら、この調子で本当に	（큰일이군。선생님이라면、이 기세로 정말
0x6057ED	25	FB	1	そうやって話す言葉でさえも常に意識する	말하는 말조차 늘 의식하는
0x605807	25	FA	1	事によって、普段から速く動こうとする事	걸로 평소부터 빨리 움직임
0x606A1D	25	FD	1	今日こそは何の意味があるか聞いてやる）	오늘이야말로 무슨 의미가 있는지 물어봐야지）
0x5E6832	24	FC	1	さいシとふいエなふいふはふいＡなふいＱねふいＤあ	
0x5E8BF4	24	FE	1	今日、修行の事で先生に叱られた。	오늘、수행 일로 선생님께 혼났다。
0x5EB6E5	24	FD	1	理不尽な暴力と戦う力が欲しいよ。	부당한 폭력과 싸울 힘이 갖고 싶어。
0x5EC449	24	FE	1	修行において、必要なのはまず忍耐だ。	수행에 있어서、필요한 것은 우선 인내다。
0x5EC64B	24	F8F8	1	勝負を決める必殺の一撃を放ちたい	승부 가를 필살 일격을
0x5ECD46	24	FA	1	持久力の鍛練に、少しは役に立つ。	지구력 단련에 조금 도움。
0x5EE98E	24	FB	1	もう耐えられないと思ったら大声で叫べ。	못 견디겠으면 크게 외쳐。
0x5EF997	24	FD	1	これは脱走の千載一遇の大チャンス！	이건 탈주의 천재일우의 큰 기회！
0x5F2515	24	FB	1	女性の写真を見て鼻血を流したこと	여성 사진에 코피 흘린 것
0x5F384A	24	F803	1	密室で、四方から矢や弾が飛んでくる	밀실서 사방서 화살 총알
0x5F7275	24	FB	1	彼の話によると、この寺から脱出するのは	그 말론 이 절서 탈출은
0x5F7511	24	F804	1	この寺の僧侶は全員武術の達人で	절 승려는 전원 무술 달인
0x5F7C43	24	FE	1	修行する上で非常に役に立つ本だ。	수행하는 데 매우 도움이 되는 책이다。
0x5FA3A1	24	FE	1	今日は、まじめに先輩として教えてやる。	오늘은、진지하게 선배로서 가르쳐 주마。
0x5FB576	24	FA	1	格闘技一筋のオレが負けてしまうんだ！	격투기 외길 내가 지다니！
0x5FDD35	24	FA	1	奥義の伝授なくして帰すわけにはいかん！	오의 전수 없인 못 보내！
0x600231	24	FD	1	俺は自力でこの山から抜け出してやる！	나는 내 힘으로 이 산에서 빠져나가겠다！
0x6025DC	24	FD	1	修行中に、変な負担かけちゃったかな。	수행 중에、이상한 부담을 준 걸까。
0x603FBB	24	FD	1	これからは私と一緒に衣食住を・・・・	앞으로는 나와 함께 의식주를・・・・
0x604389	24	F803	1	最初の頃に比べると、かなり良くなったな	처음보단 꽤 좋아졌군
0x605FA9	24	F803	1	仕方が無い。お前には別の事もやっても	어쩔 수 없다。넌 딴 일도
0x60620A	24	F800	1	とりあえず何でも早く動けという事ですね。	일단 뭐든 빨리 움직이라는 말씀이네요。
0x607378	24	F800	1	ふあさいふよほい❤ゆほいっよほいふあさいふよほい	
0x607408	24	F800	1	ふあさいふよほい❤ゆほいごよほいふあさいふよほい	
0x5E6672	23	F800	1	さいフねふい２なふいフねふい柩ふいＱなふい（	
0x5E6696	23	F800	1	さいフねふい尅さい」のふいフねふい２なふい（	
0x5EB7EB	23	FD	1	武士道というは死ぬことと見つけたり！	무사도란 죽는 것이라 깨달았노라！
0x5EC47C	23	FB	1	そして、鍛練を続けさせるのが忍耐だ。	단련을 잇는게 인내다。
0x5ED01A	23	FD	1	今日も、世界は愛に満ちているなぁ。	오늘도、세상은 사랑으로 가득하구나。
0x5EDAB7	23	FB	1	その固さはどのような攻撃も受けつけん。	어떤 공격도 안통한다。
0x5EE099	23	FA	1	鼻血出す人なんて、本当にいたんだ。	코피내는 사람 정말 있네
0x5EE105	23	FB	1	お前は教師全員に勝っているのだな。	넌 교사 전원 이겼구나。
0x5EFEB5	23	FA	1	これから畑の野菜の収穫に行くぞお。	밭 채소 수확하러 간다。
0x5F0198	23	FD	1	ひょっとして、俺は格闘技の才能が？	혹시、나는 격투기에 재능이？
0x5F1972	23	FE	1	あなたが回す時も相手を怪我させない	자네가 돌릴 때도 상대를 다치게 하지 않는
0x5F1D7F	23	F809	1	の雰囲気だけを味わってもらおう、という	분위기만 맛보게 하려、는
0x5F1EEF	23	FA	1	これより野菜の収穫作業を行なう！	이제 채소 수확작업 실시
0x5F22A6	23	FB	1	大きさの違う的が、重なって出現する	크기 다른 과녁이 겹쳐
0x5F3770	23	FA	1	ためには一定以上の速さを維持する	하려면 일정속도 유지
0x5F3AEE	23	FA	1	作ろうとしたら、技術と知識と素材	만들려면 기술 지식 소재
0x5F3F04	23	FB	1	身体作りは、ここの修行でできるのか。	몸 만들긴 여기서 되나。
0x5F3F80	23	FD	1	場所なら本堂裏があるし、夕方から	장소라면 본당 뒤가 있고、저녁부터
0x5F6CBD	23	FB	1	今夜は、外で一晩中語り合おう！	오늘밤 밖서 밤새 얘기！
0x5F805E	23	FB	1	地球の外から来た奴らの写真だぜ。	지구 밖서 온 놈들 사진。
0x5FA19B	23	FE	1	それと練習する時は、動作の意味を	그리고 연습할 때는、동작의 의미를
0x5FA3D0	23	FA	1	知識だけなら先生方にも負けないぞ。	지식만은 선생들께 안져。
0x5FA3FE	23	FE	1	たまには後輩の面倒を見てやりたいんだ	가끔은 후배를 돌봐 주고 싶단 말이다
0x5FB269	23	FA	1	恥をかくも、かかぬも、当人次第じゃ。	창피하든 말든 본인 나름
0x5FB3BE	23	FE	1	その分じゃ、野球の道具を隠したのが	그 상태로는、야구 도구를 숨긴 것이
0x5FD66C	23	FF	1	４人の教師全員に勝利を収めた。	４명의 교사 전원에게 승리를 거두었다。
0x5FFB91	23	FD	1	そんな文明の利器がこの寺にあるのか？	그런 문명의 이기가 이 절에 있는 거냐？
0x6003B4	23	FB	1	家族や野球部と話をすれば、それだけ	가족 야구부와 얘기하면
0x600618	23	FB	1	「不自由の自由」体得できたかな？	「부자유의 자유」체득？
0x603B87	23	F803	1	しかし、今日はまったくと言っていい程、	허나 오늘은 정말이지
0x603D70	23	F804	1	じゃあ、俺は先生よりも速くなれますか？	난 선생보다 빨라져요？
0x604506	23	F803	1	何を言っているのかイマイチよくわからんが、	무슨 말인지 잘 모르나、
0x605054	23	FB	1	グルルルルとか叫んでいるあの野生動物	그르르 외치는 야생동물
0x605836	23	FE	1	そうすれば自然と勝手に、速く動ける	그렇게 하면 자연히 저절로、빠르게 움직일 수 있는
0x605FE4	23	F803	1	そうだ。これから言う事を毎日心がけて	그래。말할 걸 매일 명심
0x60615F	23	FA	1	なんでも早く生き急ぐように動けと言う	뭐든 서둘러 움직이란
0x60618B	23	F804	1	あの言葉から、そこまで読み取る事はで	그 말서 거기까지 읽어낼
0x60664C	23	FB	1	たまたま今のは調子が悪かっただけです。	방금은 상태 나빴을 뿐。
0x606DF7	23	F804	1	（変な事を言っていたように思えるけど、	（이상한 말 한 것 같은데
0x5E7DA8	22	FB	1	そこで今日は特別に技を授けよう。	오늘 특별히 기술 준다。
0x5E9B6A	22	FE	1	お前、何か面白い話を知らないか。	너、뭔가 재미있는 이야기 모르느냐。
0x5E9C87	22	FE	1	今日も、修行をつけるという名目で	오늘도、수행을 시킨다는 명목으로
0x5EA97C	22	F805	1	では、これより恒例の行事を始める。	이제 관례 행사 시작。
0x5EAC8C	22	FA	1	本来、人間の食べ物じゃないものが	본래 인간 음식 아닌게
0x5EBD5A	22	FA	1	このような労働で作られていると知れば	이런 노동으로 만든다면
0x5EBD71	22	FA	1	食べ物を粗末にしたりはしないだろう。	음식 함부로 안하겠지。
0x5EBDE7	22	F805	1	（それ、掘るの結構大変だったのに。	（그거 파기 힘들었는데。
0x5EC497	22	FE	1	つまり、何事も上達を欲するのならば	즉、무슨 일이든 향상을 바란다면
0x5EC8F5	22	FB	1	家が隣で、昔からのつき合いなんです。	옆집이고 옛 친구예요。
0x5ECD2F	22	FA	1	お前達の基礎的な肉体形成と	너희 기초적 육체형성과
0x5EDA64	22	FB	1	ダンゴ虫をどう攻めるか考えは出たか？	공벌레 공략법 나왔나？
0x5EDD5E	22	FA	1	決して人間相手では感じれません。	인간 상대론 못 느껴요。
0x5EE228	22	FD	1	次はもっと積極的に攻めてみよう。）	다음은 더 적극적으로 공격해 보자。）
0x5F0E4A	22	FB	1	捨てると試合でのツキが落ちそうなので	버리면 시합 운 떨어져
0x5F16ED	22	FA	1	頭と胴の一体化に成功したのだ！	머리 몸통 일체화 성공！
0x5F18EA	22	FB	1	他の人がその柱を回転させますから、	딴 사람이 기둥 돌리니、
0x5F2031	22	FB	1	ニンジンは、本来甘い食べ物なんだ。	당근은 본래 단 음식。
0x5F33E6	22	FB	1	地獄カラクリの設備を利用したい？	지옥장치 설비 이용？
0x5F3788	22	FA	1	必要があるから、かなりきつい練習だ。	필요하니 꽤 힘든 연습。
0x5F3D33	22	FD	1	俺には、あと２年しか甲子園行きの	나에게는、앞으로 ２년밖에 고시엔에 갈
0x5F3E21	22	FD	1	一見地味な練習が大事なんだ。	언뜻 수수한 연습이 중요한 것이다。
0x5F3F98	22	FA	1	余分に修行するのも認められてるし。	더 수행해도 인정된다。
0x5F4CE2	22	FB	1	この寺で規律正しい集団生活を	절서 규율바른 집단생활
0x5F5C39	22	FA	1	常に意識して練習を続けるように。	늘 의식하며 연습 잇길。
0x5F604A	22	FA	1	自分自身の問題で悩むとよい。）	제 문제로 고민해라。）
0x5F74B2	22	FE	1	修行がイヤになって逃げようとする奴は	수행이 싫어져 도망치려는 녀석은
0x5F7841	22	FB	1	ただし、そういう的の下に通常の的が	그 밑엔 통상 과녁이
0x5F7C8E	22	FB	1	このオレ様の好意を受けとれない・・・	내 호의를 못 받겠다・・・
0x5F80BA	22	FE	1	先生に聞いたら、いらないって言うから	선생님께 여쭤보니、필요 없다고 하셔서
0x5F80DF	22	FE	1	これ、見てるとなんだか心の奥の方から	이거、보고 있으면 어쩐지 마음속 깊은 곳에서
0x5F8133	22	FD	1	誰がこれを宇宙人って言ったんだい？	누가 이걸 우주인이라고 했지？
0x5F8B03	22	FD	1	拳法を使う人は、そんなにいないかな。	권법을 쓰는 사람은、그렇게 많지 않으려나。
0x5F8C12	22	FA	1	生活指導の先生に怒られるかな？	생활지도 선생 혼날까？
0x5F8D27	22	FA	1	生活指導の先生って言うのかな？	생활지도 선생이랄까？
0x5F9643	22	FD	1	受身と投げの練習をしておりました。	낙법과 던지기 연습을 하고 있었습니다。
0x5F9DE4	22	FE	1	・・・あの料理が出るたびに、今日の	・・・그 요리가 나올 때마다、오늘의
0x5FB019	22	FA	1	左手は、きちんと食べ物の器にそえて	왼손은 그릇에 대고
0x5FB9E5	22	FA	1	野球野郎になんぞに負けてられるか。	야구놈한테 질 순 없다。
0x5FC1CD	22	FB	1	終了の合図が聞こえてませんでした。	종료 신호 안 들렸어요。
0x5FCE7D	22	FE	1	それじゃ、先生は野球の練習だって	그럼、선생님은 야구 연습이라고
0x5FD981	22	FA	1	引き分けでも、その時点で終了だ。	무승부라도 그때 종료。
0x5FE07E	22	FB	1	今日この寺に来たのは、お前だけだ。	오늘 절에 온 건 너뿐。
0x5FE2FD	22	FA	1	俺の修行の日々が始まった・・・）	내 수행 나날 시작・・・）
0x5FE4EE	22	FB	1	頭の中で虫達と戦ったでやんすか！！	머릿속서 벌레와 싸웠죠
0x5FE777	22	FA	1	あくまで格闘技のカンを養うのが・・・	격투기 감 기르는게・・・
0x5FE810	22	FB	1	『相手が巨大アリなら自信がある』	『거대개미면 자신있다』
0x5FE921	22	FE	1	想像上の誰かとジャンケンをしてみたら	상상 속의 누군가와 가위바위보를 해 봤더니
0x5FEEA5	22	FB	1	ここには近寄らない方が賢明かな。）	여긴 안 가는 게 현명。）
0x5FF2C9	22	FD	1	先生になんて、絶対に勝てないです！	선생님에게는、절대 이길 수 없습니다！
0x5FFBE6	22	FA	1	この寺の事務所にはあるはずでやんす。	절 사무소에 있을겁죠。
0x5FFFF9	22	FD	1	あれ、着信記録が表示されてるぞ。	어라、착신 기록이 표시되어 있다。
0x600423	22	FB	1	もちろん、家族の許可は得ておるぞ。	물론 가족 허가 받았다。
0x600895	22	FA	1	最終的には福となったかもしれんのう。	결국엔 복이 됐을지도。
0x6035D7	22	FC	1	いご鮎いや鮎いわ鮎いっ鮎いヤ鮎い（	
0x603DFA	22	F803	1	そうだな。お前が今の倍の練習をあと	그래。지금 배로 연습을
0x6041DE	22	F804	1	（ぜ、絶対に「速さ」とは関係ない）	（절대「빠름」과 무관）
0x604448	22	FB	1	「もうお前には教える事が無い」とか、	「더 가르칠 게 없다」던、
0x604730	22	FA	1	万能な人間になるのも一つの道だ、	만능 인간도 한 길이다、
0x6047A6	22	F803	1	それは・・・・・お前自身で見つけるが	그건・・・・・스스로 찾아
0x604F97	22	F803	1	お前は最初からその質問していたな、	처음부터 그 질문 했지、
0x605350	22	F803	1	口癖だから気にするなと言っただろう、	입버릇이니 신경 마라、
0x6056A2	22	F804	1	先生。そろそろこの間言っていたコツを	선생。저번 말한 요령을
0x605B17	22	F804	1	（前に言った事って、もしかしてあれか！	（말한 거、설마 그건가！
0x605F60	22	FE	1	しかし、その割にはなかなか上達せんな、	하지만、그런 것치고는 좀처럼 늘지 않는군、
0x60603B	22	F804	1	早起きは三文の得と言いますしね。	일찍 일어나면 이득。
0x6060FF	22	F803	1	そして最後に早逝するのじゃ、シュッ！	끝엔 요절하는거다、슉！
0x606374	22	FB	1	練習しておるのならば大丈夫だろう、	연습중이면 괜찮다、
0x606B80	22	FB	1	そんな物がただの口癖とは思えません。	그냥 입버릇 아닌듯。
0x606C07	22	F804	1	（それって俺がまったく成長してないって	（내가 전혀 성장 못했단
0x606CF6	22	FE	1	一度しか言わないから聞き逃すなよ、	한 번밖에 말하지 않을 테니 놓치지 마라、
0x606FBC	22	F804	1	（それは先生がもともと速いだけじゃあ）	（선생이 원래 빠를 뿐）
0x5E65B4	21	FC	1	フゾふい曚ふい！ゆへいトひふいフねふい（	
0x5E7D2F	21	FB	1	今日は、もうちょっと修行していけ！	오늘 더 수행하고 가！
0x5E8412	21	FD	1	最後の最後にひどい目に遭った。	마지막의 마지막에 심한 꼴을 당했다。
0x5E8814	21	FD	1	・・・おお、これは拳法の技の本だ！	・・・오오、이건 권법 기술 책이다！
0x5E8D1C	21	FB	1	今日は早めに風呂に入れるように	오늘은 일찍 목욕하게
0x5EA8DC	21	FB	1	これまでよく修行に耐えてきましたね。	여태 잘 견뎌왔네요。
0x5EA9F4	21	FA	1	我々教師の前で披露すること！	교사들 앞서 선보일것！
0x5EAD01	21	FB	1	普段食べない「精力がつく」ものに	평소 안먹는「정력」것
0x5EB7D2	21	FD	1	唯我独尊、我思う故に我あり	유아독존、나는 생각한다 고로 존재한다
0x5EBD19	21	FE	1	いいか、労働は真理に近づくための	잘 들어라、노동은 진리에 다가가기 위한
0x5EBD44	21	FE	1	お前達が日常食べている野菜が	너희가 평소 먹는 채소가
0x5EC61E	21	F815	1	好機を逃さぬ勝負強さが欲しい	호기 안놓치는 승부력
0x5ECD97	21	FA	1	拳法で使う筋肉とは違うからな。	권법 쓰는 근육과 달라
0x5ED897	21	FA	1	動く筋肉のカタマリに訓練するのが	움직이는 근육 훈련
0x5EDD15	21	FD	1	確かに実在しない相手とイメージで	분명 실재하지 않는 상대와 이미지로
0x5EDDC5	21	FE	1	その経験は、あれからしか得られない。	그 경험은、그것으로만 얻을 수 있다。
0x5EDE0D	21	FB	1	そしてその経験を、日々の鍛錬に	그 경험을 나날 단련에
0x5EDFB9	21	FD	1	その見開き、血だらけじゃないですか！	그 펼침면、피투성이잖습니까！
0x5EE029	21	FB	1	でも、このアイドルのグラビア写真見て	이 아이돌 화보 보고
0x5EE442	21	FB	1	もっと食べられる所が多いといいのに。	더 먹을 데 많으면。
0x5EE8CA	21	FB	1	ドラを連続して鳴らすのは難しいぞ。	징 연속 울리긴 어려워
0x5EE96D	21	FB	1	しかも、途中で岩を落としてしまうと	도중 바위를 떨구면
0x5EECFB	21	FE	1	今のオレは、こんなちっぽけな世界しか	지금의 나는、이런 자그마한 세계밖에
0x5EED41	21	FB	1	それに、オレを捨てた親も探したいし。	날 버린 부모도 찾고파
0x5EEF33	21	FA	1	肉体への負担も少ない修行だ。	육체 부담 적은 수행。
0x5EF65D	21	FA	1	買ってきてもらうのは無理でやんすね。	사다 달라긴 무리입죠。
0x5EF794	21	F804	1	・・・おまえは何か勘違いしているな。	・・・넌 뭔가 착각중이다
0x5EFC47	21	FB	1	こんな山奥のお寺に何の用だろう？	산속 절에 무슨 볼일？
0x5F0298	21	FB	1	いいか、体重の移動と打ち込みを	체중 이동과 타격을
0x5F064C	21	FD	1	よく見たら鳥の巣が枝から落ちてる	잘 보니 새 둥지가 가지에서 떨어져 있다
0x5F076C	21	FB	1	私は、いろんな技を混ぜて攻めるので	여러 기술 섞어 치니까
0x5F119E	21	FA	1	長い人生の中での一瞬にすぎん。	긴 인생의 한순간일뿐
0x5F1959	21	FB	1	横棒が当たると結構痛いですよ。	가로봉 맞으면 꽤 아파
0x5F1A6A	21	FA	1	銅製の鎧を着た１８人の相手と	구리갑옷 １８명 상대와
0x5F226F	21	FA	1	今日は連続技について教えよう。	오늘 연속기 가르친다。
0x5F22C7	21	FB	1	大きい的の上に小さい的が乗って	큰 과녁 위 작은 과녁
0x5F2EC7	21	FA	1	拳法は役に立たないんじゃないのか？	권법은 쓸모없지 않나？
0x5F310E	21	FE	1	所要時間は、１時間ちょっと。）	소요 시간은、１시간 남짓。）
0x5F3333	21	FD	1	あれ、取ったボールを投げる先がない。	어라、잡은 공을 던질 곳이 없다。
0x5F34E7	21	FD	1	よーし、これで守備練習もできるぞ。	좋았어、이걸로 수비 연습도 할 수 있겠어。
0x5F360A	21	F804	1	あの丸太では、体重を支えられない	통나무론 체중 못버텨
0x5F3B46	21	FE	1	家で料理の手伝いとかしないのか？	집에서 요리 거들거나 하지 않느냐？
0x5F4014	21	FD	1	野球の練習したい気持ちをガマン	야구 연습하고 싶은 마음을 참고
0x5F428F	21	FE	1	しかし、お前が心配することではない。	하지만、네가 걱정할 일은 아니다。
0x5F45A1	21	FD	1	・・・でも、妙に説得力があったよ。	・・・하지만、묘하게 설득력이 있었어。
0x5F4AE6	21	FE	1	だから、サクセス中で能力を上げても	그러니까、석세스 중에 능력을 올려도
0x5F4C9D	21	FE	1	夏休みの間、この寺で修行すれば	여름방학 동안、이 절에서 수행하면
0x5F524D	21	FD	1	そのための人生計画も出来ている	그걸 위한 인생 계획도 세워져 있다
0x5F5AEE	21	FE	1	では、今後も練習をがんばるのだぞ。	그럼、앞으로도 연습을 열심히 하거라。
0x5F5FCF	21	FA	1	帰る両親の姿を見送っておる。）	가는 부모 배웅한다。）
0x5F621F	21	FA	1	教師の中では一番の若輩者。	교사 중 제일 젊은이。
0x5F6A2E	21	FD	1	それに、この寺から出るのに協力して	게다가、이 절에서 나가는 데 협력해
0x5F6D72	21	F85A	1	（一晩中、役に立たないウンチクを	（밤새 쓸모없는 잡학을
0x5F6ECB	21	FE	1	わたしは忍耐力を鍛えているからな！	나는 인내력을 단련하고 있으니까！
0x5F6F33	21	FB	1	・・・さあ、今日の練習はここまで。	・・・오늘 연습 여기까지
0x5F8B53	21	FB	1	坊主頭以外の奴も多いんだろ？	민머리 아닌 놈 많지？
0x5F9CCD	21	FD	1	殴られて、今まで気絶していたのか。	얻어맞고、지금까지 기절해 있었던 건가。
0x5FA0D8	21	FA	1	拳法より武術としての成り立ちは	권법보다 무술 성립은
0x5FA13A	21	FA	1	と考えるので、拳と武器の修行は	여기니 주먹 무기 수행
0x5FA15B	21	FA	1	拳だけを修行する門派はないんだ。	주먹만 하는 문파 없다
0x5FA6EB	21	FA	1	変な方向に曲がっちゃったでやんす！	이상한 방향 휘었습죠！
0x5FB1FB	21	FA	1	最低限の礼儀は必要じゃろう？	최소 예의는 필요하지？
0x5FB248	21	FB	1	要は、本人の心がけ次第じゃな。	본인 마음가짐 나름。
0x5FC334	21	FE	1	やっぱりお前は野球でもしていた方が	역시 너는 야구라도 하는 편이
0x5FCA2D	21	FA	1	利用して野球の練習をしていたら	이용해 야구 연습하다
0x5FCD68	21	FE	1	お前たち、野球の練習をしてたの？	너희들、야구 연습을 하고 있었어？
0x5FE487	21	FD	1	そしてこちらは武器は一切使わずに	그리고 이쪽은 무기를 일절 쓰지 않고
0x5FEBAA	21	FE	1	試合形式で拳法を学べるのだ。	시합 형식으로 권법을 배울 수 있는 것이다。
0x5FF7EC	21	FA	1	だがこの先も慢心せずにがんばるのだぞ	앞으론 자만말고 힘내
0x5FFB09	21	FA	1	ここで終わるという選択もありますよ。	여기서 끝낼 선택도。
0x60015F	21	FB	1	ハートのマークは「家族」って意味。	하트 마크는「가족」뜻。
0x600740	21	FA	1	やっぱり、不自由は不自由です。	역시 부자유는 부자유。
0x60087F	21	FA	1	お前にとって、はじめ災難じゃったが、	네겐 처음 재난이었지
0x600972	21	FA	1	ここでの不自由を忘れないようにな。	여기 부자유 잊지마라。
0x601740	21	FA	1	それ相応の指導をしているだけです。	상응하는 지도 할 뿐。
0x602AB3	21	FE	1	私の知識は、もしもの時のためです。	제 지식은、만일의 때를 위한 것입니다。
0x602B24	21	FE	1	このお寺って、山の上にあるでしょう？	이 절은、산 위에 있잖아요？
0x602C2A	21	FE	1	その事故が原因で亡くなりました。	그 사고가 원인으로 돌아가셨습니다。
0x602D19	21	FE	1	本意ではないにせよ、今を大切に、	본의는 아닐지라도、지금을 소중히、
0x603CF1	21	F804	1	捕まえる事なんて、できなかったと思う	잡는 건 못했을거다
0x603E11	21	FA	1	４０年やり続ければなんとかなるだろう、	４０년 계속하면 되겠지、
0x603EB2	21	F804	1	少しは優しい言葉をください・・・。	좀 상냥한 말 주세요。
0x60401E	21	F803	1	私と一緒なら今よりも、もっと早く	나와 함께면 더 빨리
0x604191	21	F803	1	お前の言いたい事など、言わなくても	네가 하고픈 말 안해도
0x604216	21	FB	1	上達するコツとか、これを毎日やれば	향상 요령 매일 하면
0x60425A	21	FA	1	そこまで聞きたいのなら特別にお前に	듣고싶다면 특별히
0x604568	21	FA	1	今日は何でも答えてやろう、シュッ！	오늘 뭐든 답한다、슉！
0x60471A	21	FB	1	そこまでするのなら別の部分を鍛え、	그럴거면 딴 부분 단련
0x6047C5	21	FB	1	いや、自身で見つけなければならない。	스스로 찾아야 한다。
0x60483D	21	F803	1	そうだ。だがそれを知るには並々ならぬ	그래。알려면 남다른
0x6050ED	21	FB	1	トラから逃げ切れとかじゃないんですか？	호랑이 도망치란 게？
0x60516E	21	F804	1	もの凄いスピードで死に近づいてるのは	빠르게 죽음에 가는 건
0x605197	21	F803	1	何事もやってみないとわからないだろう、	뭐든 해봐야 안다、
0x60562F	21	F804	1	（結局、なんだったんだ「シュッ」っての	（결국「슉」이란 뭐였나
0x605BCA	21	F803	1	違う。今回は私を捕まえる事だ、	아니。이번엔 날 잡기다
0x605D6B	21	F804	1	ええい！全く見えないんだから考えても	에잇！안보이는데 생각
0x605EDB	21	F803	1	ちゃんと早口の練習をやっておるか、	빠른말 연습 하고있나、
0x606149	21	F803	1	いや、早く死ねと言うわけではなくて、	빨리 죽으란 게 아니라
0x6061A3	21	FA	1	きませんし、僕はしっかり８０歳まで生	난 확실히 ８０세까지 살
0x6064A6	21	FB	1	たまたま今のは調子が悪かっただけで	방금은 상태 나빴을 뿐
0x606B30	21	F803	1	口癖だと何度も言っているだろう、	입버릇이라 몇번 말해、
0x606C61	21	F804	1	「シュッ」の言い方とかじゃないですよ。	「슉」말투 얘기 아녜요。
0x606CBC	21	F804	1	（これまでのはもしかして全部ワザとなの	（설마 여태 전부 고의
0x606DC7	21	FE	1	仕方が無い。これが最後だからな、	어쩔 수 없군。이게 마지막이니까、
0x606F5A	21	F804	1	そんなに速くなったように感じませんが。	그리 빨라진듯 안느껴
0x5E5E80	20	FF	1	ぽつふいフろふいクつふいっねふい」つふい	
0x5E6604	20	FC	1	ごょふいバてふいョ＋ふいズむふいバわふい	
0x5EA129	20	FA	1	次回は今回の経験を生かして	다음 이번 경험 살려
0x5EA9DF	20	FB	1	各人、これまでの修行の成果を	각자 여태 수행 성과
0x5EAAAE	20	FA	1	いいかげん飽き飽きしてたんだよな。）	슬슬 질려있었지。）
0x5EAEA5	20	F809	1	では、３段階の練習が選べます。	３단계 연습 선택 가능
0x5EAEDD	20	FB	1	どれか一つを選んで練習しなさい。	하나 골라 연습해라。
0x5EB0E7	20	FD	1	練習するのに欲しかったんだ、これ。	연습하는 데 갖고 싶었어、이거。
0x5EB24A	20	F815	1	相手を吹っ飛ばす技を持ちたい	상대 날려버리는 기술
0x5EC5F5	20	FB	1	どれか一つを選んで修行しなさい。	하나 골라 수행해라。
0x5ECE62	20	FB	1	家に帰る頃には、見違えるように	집 갈 땐 몰라보게
0x5ED636	20	FB	1	あんた野球部の合宿にも行かず	야구부 합숙도 안가고
0x5ED6D0	20	FA	1	行く場所を間違えたんだけどね。	갈 곳을 착각했지만。
0x5EDF55	20	FD	1	でも、先生に見つかったら怒られて	하지만、선생님께 들키면 혼나서
0x5EE11D	20	FB	1	では、今日はわたしが相手しよう。	오늘 내가 상대하마。
0x5EE4C4	20	FB	1	秋には、カキやミカンが出来るから、	가을엔 감 귤 열리니、
0x5EED2C	20	FA	1	人間としてもダメになると思うんだ。	인간으로도 못쓰게 돼
0x5EEE93	20	FD	1	いつか、外の世界で会いましょう。	언젠가、바깥 세상에서 만납시다。
0x5EEEB5	20	F809	1	が、新しい世界へ飛び出した！）	새 세계로 뛰어들다！）
0x5EF70A	20	FD	1	そんなもの観察してどうするんですか。	그런 것을 관찰해서 어쩌시려는 겁니까。
0x5EFC72	20	FE	1	あの方は、ここの僧院長でやんす！	저분은、이곳의 승원장이십죠！
0x5F0234	20	FE	1	今度は、踏み込みと打ち込みの	이번에는、파고들기와 내려치기의
0x5F0395	20	FD	1	ここに置いておいた野球の道具が	여기 놓아 두었던 야구 도구가
0x5F05DA	20	FD	1	やっぱり鳥を捕まえるのは無理か。	역시 새를 잡는 것은 무리인가。
0x5F0CFF	20	FA	1	ボールがたくさんあった方が楽だよな。	공 많은 쪽이 편하지。
0x5F0D56	20	FD	1	それはちょっと問題があるんじゃ・・・	그건 좀 문제가 있는 것 아닌지・・・
0x5F1011	20	F804	1	この寺での生活は不自由かな？	이 절 생활은 부자유？
0x5F115B	20	FA	1	野球の試合中における自由を	야구 시합중의 자유를
0x5F12A0	20	FA	1	ここには広いグラウンドもネットもない。	여긴 운동장도 없다。
0x5F1760	20	FB	1	攻撃される心配がなくなったんだ。	공격 걱정 없어졌다。
0x5F2100	20	FE	1	素材の本来の味を知ることから	재료 본래의 맛을 아는 것에서
0x5F2138	20	FA	1	あらゆることに通じる大事な事だ。	만사에 통할 중대사。
0x5F2589	20	FD	1	そのお前が、女性の写真ごときで	그런 네가、여성 사진 따위로
0x5F27EF	20	FE	1	自分の弱さを克服するためには、	자신의 약함을 극복하기 위해서는、
0x5F2948	20	FE	1	後輩の頼みとあっては断れないな。	후배의 부탁이라면 거절할 수 없지。
0x5F2B36	20	FB	1	じゃ、最後まで修行をがんばろう。	끝까지 수행 힘내자。
0x5F2C14	19	F822	1	（理不尽な暴力に遭った！）	（부당한 폭력을 당했다！）
0x5F3091	20	FB	1	この鍛えし身体がすぐに死ぬとな？	단련한 몸이 곧 죽어？
0x5F3139	20	FB	1	下界は、危険が待ち受けていて	하계엔 위험 기다리고
0x5F3484	20	F804	1	でも、ボールの数が足りないでやんす。	근데 공 수 모자랍죠。
0x5F35E9	20	FA	1	丸太を踏んで飛び越えるだけだ。	통나무 밟고 뛰어넘기
0x5F3697	20	F804	1	（ええと、早口すぎて最初の方が	（너무 빨라 앞부분이
0x5F375B	20	F803	1	いや、布が地面につかないようにする	천이 바닥에 안닿게
0x5F37DD	20	F804	1	（あれれ、早口すぎて最初の方が	（어라 빨라 앞부분이
0x5F3DC2	20	FA	1	主に技術的な練習になるよな。	주로 기술 연습이지。
0x5F4265	20	FA	1	なにより責任があると思うんですよ。	무엇보다 책임 있죠。
0x5F43C3	20	FA	1	技を教えてもらいに来てますからね。	기술 배우러 왔으니。
0x5F4B11	20	FE	1	このゲームをやって興味の出た人は	이 게임을 하고 흥미가 생긴 사람은
0x5F52A2	20	FA	1	たっぷり休息することが出来た！）	푹 휴식할 수 있었다！
0x5F5AA1	20	FD	1	料理の素材を知るのと同じで、	요리의 재료를 아는 것과 마찬가지로、
0x5F5D50	20	FA	1	八つ裂きにします、って答えたのだ。	찢어버린다 답했다。
0x5F5F3C	20	FB	1	しかし、八つ裂きにすると言うならば	허나 찢어버린다면
0x5F60E4	20	FE	1	鍛練こそ全ての武術の基本！	단련이야말로 모든 무술의 기본！
0x5F6729	20	FE	1	よーしその言葉、後悔させてやる！	좋았어 그 말、후회하게 해 주마！
0x5F6756	20	FA	1	本気で野球を始めかねないな。）	진짜 야구 시작할지도
0x5F6910	20	FE	1	オレの生涯のライバルになってくれー！	내 평생의 라이벌이 되어 다오ー！
0x5F6ACB	20	FD	1	自分でマニアだって言ってたもんな。	스스로 마니아라고 했었지。
0x5F70C1	20	FA	1	頭を殴られたら意味がないのでは？	머리 맞음 의미없죠？
0x5F7316	20	FE	1	まあ、とにかくを元気出すでやんす。	뭐、어쨌든 기운을 냅죠。
0x5F752A	20	FA	1	この山のこともよく知ってるでやんす。	이 산도 잘 안답죠。
0x5F7935	20	FA	1	なかなか意地が悪いところもあるから	꽤 심술궂은 데 있어
0x5F8364	20	FE	1	世界って、本当に広いんだなぁ。	세상이란、정말로 넓구나。
0x5F8B96	20	FA	1	髪の毛を染めてる奴とかいるけど。	머리 염색한 놈 있지。
0x5F8C99	20	FB	1	お前たち、いつまで油を売っておる。	너희 언제까지 농땡이
0x5F902E	20	FE	1	歯を鍛えるための物でやんすからね。	이를 단련하기 위한 물건입죠。
0x5F948F	20	FA	1	俺の荷物に入ってたんだけど・・・	내 짐에 들어있었는데
0x5F9DFB	20	FA	1	光景を思い出してしまうでやんす。	광경이 떠오릅죠。
0x5F9E13	20	FE	1	元気に泳ぎ回ってた、あの虫を！	활기차게 헤엄쳐 다니던、그 벌레를！
0x5F9E48	20	FD	1	・・・俺も気分が悪くなってきた。	・・・나도 속이 안 좋아졌다。
0x5FA1B3	20	FA	1	考えながら行うと上達が早いぞ。	생각하며 하면 는다
0x5FAB88	20	FA	1	料理に肉は入ってないのでやんす。	요리에 고기 없습죠。
0x5FB058	20	FD	1	いちいち食べ方に文句つけるなよ！	일일이 먹는 법에 트집 잡지 마라！
0x5FB185	20	FB	1	他人が強制するものでもあるまい。	남이 강제할 게 아냐。
0x5FBE0A	20	FA	1	技を磨いたオレの立場はどうなる？	기술 닦은 내 입장은？
0x5FD244	20	FB	1	じゃあ先生と試合をするんですか？	그럼 선생과 시합？
0x5FDE6C	20	FD	1	こんなすごい場所で、タダで合宿が	이렇게 대단한 곳에서、공짜로 합숙을
0x5FE04F	20	FD	1	俺だけ寝坊して、バスに乗り遅れ	나만 늦잠 자서、버스를 놓치고
0x5FE3C9	20	FD	1	キバもすごいけど、酸をかけてきた時は	이빨도 대단하지만、산을 뿌렸을 때는
0x5FE49D	20	FA	1	どちらかが動けなくなるまで戦うんだ。	못움직일 때까지 싸움
0x5FE6C0	20	FE	1	しっかり修行して体を鍛えたほうが	제대로 수행해서 몸을 단련하는 편이
0x5FE7E3	20	FA	1	絶対に強くなんてなれないでやんす。	절대 강해질 수 없죠。
0x5FE7FB	20	FE	1	他人に胸はって言えるでやんすか？	남에게 당당히 말할 수 있습죠？
0x5FE909	20	FE	1	格闘だから、わからないんでやんすね。	격투라서、모르는 겁죠。
0x5FF2FD	20	FE	1	無理やり戦っても意味がないので	억지로 싸워도 의미가 없으므로
0x5FF3C7	20	FB	1	・・・今回は、手加減ナシです。	・・・이번 봐주긴 없어
0x6003CC	20	FA	1	修行に集中できなくなるからのう。	수행 집중 못하게 돼。
0x600825	20	FA	1	その中で努力するし、努力しよう	그중서 노력하고 하자
0x600CB0	20	FB	1	お前、間違って行ってた寺って、	너、잘못 간 절이란、
0x601C6B	20	FE	1	では、もう少し修行していきますか？	그럼、조금 더 수행하고 가시겠습니까？
0x601ED5	20	FB	1	それの買出しに行っていただけです。	그거 사러 갔을 뿐。
0x602BE7	20	FA	1	師匠は助かったかもしれないんです。	스승은 살았을지도요。
0x602D2F	20	FA	1	学べる事を学んで帰ってください。	배울 것 배우고 가요。
0x60323B	20	FA	1	変わりませんから、続けていいですよ。	안 변하니 계속해도
0x6032C7	20	FB	1	その職業につかないといけないわけでは	그 직업 가져야만 할
0x603CDB	20	F804	1	（たぶん今のはあれをやっていたとしても	（아마 그걸 했어도
0x603E5A	20	FB	1	まあ、先生は確かに速いですから。	선생은 확실히 빨라
0x603FEE	20	FB	1	さあて！他の修行も頑張るぞ！！	자！딴 수행도 힘내자！
0x6042C3	20	F829	1	急いでも良い事などないぞ、シュッ！	서둘러 좋진 않다、슉！
0x60445F	20	FA	1	「この寺から出て行くがよい」とか。	「절서 나가라」라던가。
0x60447D	20	F803	1	何を言っているんだお前は、シュッ！	뭔 소리냐 넌、슉！
0x6051BB	20	F804	1	早計はあまり良くない気がします。	속단은 별로 안좋을듯
0x60531F	20	F804	1	会った時から気になってたんですが、	처음부터 궁금했는데、
0x605380	20	FA	1	なぜ今になって気になるのだ、シュッ！	왜 이제 궁금하냐、슉！
0x60539E	20	F804	1	これまでもずっと気にはなってましたよ。	여태 계속 궁금했죠。
0x605586	20	FB	1	このままやるともしかすると動けなくなる	이대로 하면 못움직여
0x605889	20	FE	1	それでは早口の練習をしてみるぞ。	그럼 빠르게 말하는 연습을 해 보겠다。
0x60599C	20	F803	1	よし！この調子で練習しておけよ！	좋아！이 기세 연습！
0x60684D	20	F803	1	しかし、日々の練習を怠るなよ。	매일 연습 게을리마。
0x606C3E	20	FE	1	お前にはこの意味を教えてやろう、	너에게는 이 의미를 가르쳐 주마、
0x5E602E	19	F800	1	さいヤなふい２なふいえのふいやねふい（	
0x5E7E49	19	F809	1	の鍛練を５回以上行なった。	단련 ５회 이상 했다。
0x5E7F45	19	FB	1	好きなプロの球団はどこでやんす？	좋아하는 프로구단？
0x5E8559	19	FB	1	１つやるから、みんなには内緒だぞ。	하나 줄테니 비밀。
0x5E895C	19	FB	1	お前の本来の目的とも違うし	네 본래 목적과 달라
0x5E9C25	19	F809	1	先輩と仲良くなる作戦」は。	선배와 친해질 작전」
0x5E9EE6	19	FD	1	あ、手のひらの上にスズメを・・・？	아、손바닥 위에 참새를・・・？
0x5EA2FE	19	FD	1	通れば寺院の外に出られるな。	지나가면 사원 밖으로 나갈 수 있겠군。
0x5EA33C	19	FD	1	寺院の外に出られても、その後	사원 밖으로 나갈 수 있어도、그 뒤
0x5EA39E	19	FB	1	そういえば、今日は夕食の時に	그러고보니 저녁때
0x5EA49E	19	FD	1	本当はネットめがけて打つんだけど	원래는 그물을 겨냥해 치는 거지만
0x5EA596	19	FB	1	何でも使えるものは使うとしよう。	쓸 건 쓰기로 하자。
0x5EA99F	19	F804	1	（なにか、ごほうびにもらえるのかな？）	（뭔가 상 받는건가？）
0x5EACD1	19	FE	1	・・・精力（スタミナ）がつくぞぉ。	・・・정력（스태미나）이 붙는다고오。
0x5EB03A	19	FA	1	モテモテでお金持ちになる方法は	인기 부자되는 법은
0x5EB8C3	19	FB	1	格闘技の道に目覚めたため、	격투기 길에 눈떠서、
0x5EC246	19	F815	1	長期間、調子を維持したい	장기간 상태 유지
0x5EC5D7	19	FB	1	「桶ランニング」「丸太ダッシュ」	「통달리기」「통나무」
0x5EC869	19	FA	1	望んでここに居るのではなかったな。	원해 있는 게 아녔군
0x5ECA22	19	F8F8	1	緊張感を瞬間的に高めたい	긴장감 순간적 상승
0x5ECC97	19	FB	1	見てないで、こっちにきて手伝え！	보지말고 와서 도와！
0x5ED132	19	FD	1	これからは、世界の人たちのために	앞으로는、세상 사람들을 위해
0x5ED7E8	19	FE	1	修行、一緒にがんばるでやんす。	수행、함께 힘냅죠。
0x5EDB52	19	FE	1	あせらず冷静に、好機を待つ！	서두르지 말고 냉정하게、호기를 기다린다！
0x5EDBAA	19	FB	1	だから、万物を相手にするのだ。	그러니 만물 상대다。
0x5EDC22	19	FE	1	この庭にはたくさんの強敵がいる。	이 정원에는 많은 강적이 있다。
0x5EDD2B	19	FA	1	戦っても、直接何か役に立つ	싸워도 직접 도움될
0x5EDDAE	19	FA	1	あの鍛練から感じていたと思う。	그 단련서 느꼈던듯。
0x5EDDE6	19	FA	1	あの練習を続けてみようと思う。	그 연습 계속해볼까。
0x5EE03F	19	FA	1	鼻血をブーッて出しちゃってさぁ。	코피를 팍 쏟아버려。
0x5EE053	19	FB	1	これ投げ捨てて逃げてったんだよ。	버리고 도망쳤어。
0x5EEDE8	19	FA	1	自分の生き方が見つかったぜ！	내 삶의 길 찾았다！
0x5EF090	19	FA	1	両手の力だけで登っていくのだ。	두손 힘으로 오른다。
0x5EF10A	19	FD	1	とにかく、この房では最も難しく、	어쨌든、이 방에서는 가장 어렵고、
0x5EF4F7	19	FA	1	いろいろと事情があるんだから・・・	여러 사정 있으니・・・
0x5EF60F	19	FE	1	・・・では、鍛練を続けるように。	・・・그럼、단련을 계속하도록。
0x5EF6D3	19	FD	1	そこの石の下に何かいるんですか。	거기 돌 밑에 뭔가 있는 겁니까。
0x5EF819	19	FE	1	・・・どうだ、ダンゴ虫の様子は？	・・・어떠냐、공벌레의 상태는？
0x5EF90C	19	FA	1	体長５メートルのダンゴ虫・・・・	５미터 공벌레・・・・
0x5EFA70	19	F804	1	やったぞ、隙をみて逃げ出せたぞ！	해냈다、틈타 도망！
0x5F0B04	19	FA	1	ワタシの口癖で深い意味はない	내 입버릇 뜻 없다
0x5F0B8F	19	F803	1	相手の攻撃など当たらなければ	상대 공격 안맞으면
0x5F0BB0	19	FB	1	逆に、こちらの攻撃を当てるには	반대로 공격 맞히려
0x5F0CEB	19	FD	1	これはちょっと汚いけど、練習には	이건 좀 더럽지만、연습에는
0x5F0E88	19	FD	1	そういえば、修理したものもあるな。	그러고 보니、수리한 것도 있군。
0x5F0ED2	19	FA	1	金ですむことは金ですませてしまう。	돈될 일은 돈으로。
0x5F1119	19	FA	1	競技として成り立たないじゃろ？	경기로 성립 안되지？
0x5F1D4B	19	FA	1	まったく無関係な別物なのか？	완전 무관한 별개？
0x5F2226	19	FA	1	今日の相手はワタシだ、シュッ！	오늘 상대 나다、슉！
0x5F238D	19	F803	1	次は別の教師と戦うがよいぞ、	다음 딴 교사와 싸워
0x5F27CD	19	FE	1	さて、この危険な本はどうしよう。	자、이 위험한 책은 어쩌지。
0x5F2AB0	19	FA	1	別に問題になるほどじゃないしな。	딱히 문제는 아냐。
0x5F314E	19	FA	1	失敗は死に結びつくのでやんす！	실패는 죽음이랍죠！
0x5F3177	19	FB	1	外は、そんなに怖い所だったのか！	밖은 그리 무서웠나！
0x5F3450	19	FB	1	大きさの違う石でも打ち出せる	크기 다른 돌도 발사
0x5F3464	19	FA	1	仕組みになっているからな、シュッ！	구조로 되어있다、슉！
0x5F35D5	19	FA	1	水の張った堀の上を、浮かんだ	물 채운 해자 위 뜬
0x5F388D	19	FD	1	でも、普通は避けられないんじゃ？	하지만、보통은 피할 수 없는 것 아닌가？
0x5F3AAF	19	FB	1	肉なんてのは、塩つけて焼いてりゃ	고기 소금 쳐 구우면
0x5F3AC3	19	FA	1	それだけで美味くなるものなんだよ。	그것만으로 맛있어。
0x5F3ADA	19	FE	1	ところが、野菜だけでおいしいものを	그런데、채소만으로 맛있는 것을
0x5F3D5C	19	FD	1	こんなところで、格闘技の練習	이런 곳에서、격투기 연습
0x5F3FB2	19	FD	1	道具は工夫すれば何とか・・・	도구는 궁리하면 어떻게든・・・
0x5F40AC	19	FE	1	・・・修行に熱心なのはよいが、	・・・수행에 열심인 것은 좋으나、
0x5F4339	19	FA	1	なりがちなのがいけないと思うんです。	그러기 쉬운 게 탈。
0x5F4694	19	F803	1	さっきから何を熱心に読んでいる	아까부터 뭘 열심히
0x5F4739	19	FA	1	この水着はいくらなんでもダメだろう	이 수영복은 안되지
0x5F4AB8	19	FE	1	今回はダウンロード版ということで	이번에는 다운로드판이라서
0x5F57A8	19	FE	1	オイラは弱いはずなんでやんすけどね？	나는 약할 텐데 말입죠？
0x5F580E	19	FA	1	なんだか自信がついてきたでやんす！	왠지 자신 붙었습죠！
0x5F5D2D	19	FB	1	本当の親が目の前に現れたら	진짜 부모가 눈앞에
0x5F5D94	19	FB	1	・・・別に、そういう風に思っても	・・・딱히 그리 여겨도
0x5F5EB6	19	FB	1	じゃから、立派に成長した今も	훌륭히 자란 지금도
0x5F5F51	19	FA	1	もちろん会わす訳にはいかんじゃろ。	물론 만나게 못하지。
0x5F60FC	19	FE	1	さあ、全力を尽くして来たまえ。	자、전력을 다해 오너라。
0x5F66DE	19	FD	1	いいけど、今回はお前の得意な	좋지만、이번에는 네가 잘하는
0x5F6B19	19	FA	1	半端な知識じゃないでやんすね。	어설픈 지식 아닙죠。
0x5F6B30	19	FE	1	まあ、そこまで腕がともなってないのが	뭐、거기까지 실력이 따라주지 않는 게
0x5F6EE4	19	FE	1	筋肉で衝撃を吸収したのだ。	근육으로 충격을 흡수한 것이다。
0x5F7007	19	FB	1	さあ、心配せずに行った行った。	자、걱정말고 가라。
0x5F7189	19	FB	1	夕食のときにいなかったでやんすね。	저녁때 없었습죠。
0x5F758F	19	FA	1	かなり大きな山の上にあったよな。	꽤 큰 산 위 있었지。
0x5F7607	19	FA	1	部屋とかそういう意味でやんす。	방 같은 뜻입죠。
0x5F7630	19	FA	1	今日の修行を積むのでやんす。	오늘 수행 쌓습죠。
0x5F77DA	19	FA	1	横文字を使うと不自然か。	외래어 쓰면 부자연。
0x5F79FE	19	FB	1	俺を倒せるように、がんばるんだぞ。	날 이기게끔 힘내라。
0x5F7D8C	19	FD	1	せっかくだから、こっそり見てみるか。	모처럼이니、몰래 봐 볼까。
0x5F8186	19	FE	1	ほらほら、お前もムズムズするだろう？	자자、너도 근질근질하지？
0x5F833C	19	FB	1	我々とは違う種族がいたのか。	우리와 다른 종족이。
0x5F8A0C	19	FA	1	この寺の前に捨てられてたんだぜ。	절 앞에 버려졌었다。
0x5F8A61	19	FA	1	寺の外に出たことすら無いんだ。	절 밖 나간 적 없다。
0x5F9B8E	19	FA	1	ちょっと様子を見に来たんです。	잠깐 보러 왔어요。
0x5F9D90	19	FA	1	元気な虫を入れられたでやんす！	팔팔한 벌레 넣었죠！
0x5FA378	19	FD	1	先生方に教えてもらいますから。	선생님들께 배울 테니까요。
0x5FA64F	19	FB	1	オレが構えるから拳で突いてこい！	받을테니 주먹 쳐！
0x5FA8D8	19	FB	1	体力が減ったままで修行すると	체력 준 채 수행하면
0x5FA988	19	F804	1	なれない練習で筋肉が痛いよ。	낯선 연습에 근육통。
0x5FB171	19	FB	1	好きなやり方で食べるがよかろう。	좋은 방식으로 먹어。
0x5FB537	19	FA	1	野球部に戻ったときに困るし。	야구부 갈 때 곤란。
0x5FB842	19	FA	1	格闘技はまったくの素人・・・	격투기는 완전 초보
0x5FBD43	19	FA	1	やっつけてやったぞ、野球野郎！	해치웠다、야구놈！
0x5FC725	19	F809	1	先生で７人目ということは・・・	선생으로 ７번째면・・・
0x5FCB8B	19	FA	1	修行をさせてはどうだろう、シュッ！	수행 시키자、슉！
0x5FCCCF	19	FD	1	じゃあ、ノックに協力してください。	그럼、노크에 협력해 주세요。
0x5FCED8	19	FA	1	格闘技にしか興味はないんだ。	격투기만 흥미있다。
0x5FD04C	19	FD	1	こんな朝早くから、どうしたんです？	이런 이른 아침부터、무슨 일입니까？
0x5FD7F6	19	FD	1	俺は、野球がうまくなりたいだけで	나는、야구를 잘하고 싶을 뿐이지
0x5FDF4A	19	FA	1	夏の間中、借りられそうなんだ。	여름 내내 빌릴듯해。
0x5FE1B0	19	FA	1	外の世界に帰すわけにはいかん。	밖 세계로 못보낸다。
0x5FE387	19	FB	1	実は今、アリと戦っていたんだよ。	실은 개미와 싸웠어。
0x5FE44C	19	FE	1	どうやってそいつらと戦ったでやんす？	어떻게 그놈들과 싸웠습죠？
0x5FE734	19	FE	1	巨大な虫と素手で戦うなんて	거대한 벌레와 맨손으로 싸우다니
0x5FE748	19	FA	1	まずありえない状況でやんすからね。	있을수없는 상황이죠
0x5FE8B4	19	FA	1	その練習に意味はないでやんす。	그 연습 의미없습죠。
0x5FEAC8	19	FD	1	開いている日と開いていない日が	여는 날과 열지 않는 날이
0x5FF706	19	FA	1	つい本気の突きを出してしまった	그만 진심 찌르기가
0x5FFAF5	19	FE	1	６人抜きでも立派なことですから	６명 제압만으로도 훌륭한 일이니까요
0x5FFEC3	19	FA	1	許可されているみたいでやんすねぇ。	허가된 모양입죠。
0x600083	19	FE	1	あんまり想像したくないでやんすね。	그다지 상상하고 싶지 않습죠。
0x600495	19	FA	1	皆、面白がっておったようじゃが。	다들 재밌어했던듯。
0x6006A0	19	FB	1	なまじ答えを得たつもりになるよりは	어설피 답 얻기보단
0x6006B4	19	FA	1	よほど真理に近づけるやもしれん。	훨씬 진리에 가깝다。
0x600759	19	FD	1	自由の方が俺には良いですね。	자유 쪽이 저에게는 좋네요。
0x60086B	19	FB	1	ま、今回の修行に関する限り	이번 수행에 관한 한
0x600A82	19	FB	1	だってさ、寺の名前を間違えて	절 이름을 착각해서
0x600BC9	19	FD	1	あ、バッティングマシーンが空いたな。	아、배팅 머신이 비었군。
0x600C4D	19	FD	1	もっと速い球は投げられないのか？	더 빠른 공은 던질 수 없느냐？
0x600D8A	19	F85A	1	以上をもちまして、ダウンロード版	이상으로、다운로드판
0x600EC0	19	FE	1	他のサクセスで作れる選手よりも	다른 석세스에서 만들 수 있는 선수보다도
0x600EFD	19	FA	1	パワフルな選手に変身でやんす！	파워풀 선수로 변신！
0x6011FC	19	FD	1	どっちも野球から離れているなぁ。	둘 다 야구에서 멀어져 있구나。
0x60122D	19	FA	1	敵討ちネタがやりたかったでやんす。	복수극 하고팠습죠。
0x601C00	19	F809	1	での修行は、慣れて来ましたか？	서 수행 익숙해졌나？
0x602895	19	FB	1	少しは楽になったと思うんですが。	좀 편해졌다 싶은데。
0x6029D4	19	FD	1	この間の話、やっぱりおかしいです。	요전의 이야기、역시 이상합니다。
0x602B05	19	FE	1	師匠は、このお寺で大怪我を	스승님은、이 절에서 큰 부상을
0x602BAD	19	FA	1	病院に着くまでの対処でした。	병원 갈 때까지 조치
0x603068	19	FB	1	先生の事を聞きたいんですけど。	선생 얘기 듣고싶어。
0x60349A	19	F800	1	さいエ故い（・へいわ序いゲ海い！	
0x603552	19	FC	1	さい❤鮎いし鮎いフ鮎い尅さい（	
0x603A33	19	F803	1	今日はなかなかいい動きだったぞ。	오늘 꽤 좋은 움직임
0x603B9F	19	FA	1	冴えない動きをしていたな、シュッ！	둔한 움직임이다、슉！
0x603BCC	19	F803	1	次からは、こんな事がないようにな、	다음엔 이런 일 없게
0x6042FC	19	F803	1	とりあえずしばらくはいつもの修行を	일단 당분간 늘 수행
0x6045CF	19	F8F8	1	俺は先生よりも速くなりますか？	난 선생보다 빨라져？
0x604879	19	FB	1	いつか、それを知る事ができるように	언젠가 그걸 알게
0x60536C	19	FB	1	それにこれまで気にならなかったのに、	여태 신경 안썼는데、
0x605572	19	FD	1	まあ、今日はこれまでにしておこう。	뭐、오늘은 이쯤 해 두자。
0x6055AF	19	F804	1	そこまで大げさな事には・・・・・。	그리 과장할 일은・・・
0x605B30	19	FB	1	二時間しか寝ないとかなんとか！	두시간만 잔다나！
0x605DF1	19	F804	1	真っ直ぐ手を伸ばせば当たって	곧게 손 뻗으면 맞아
0x6060E2	19	F804	1	それはさすがに消化に悪いですよ。	그건 소화에 나빠요。
0x6062DB	19	F803	1	ちゃんと早口の練習をしておるか	빠른말 연습 하는가
0x606F74	19	FE	1	それはお前の修行が足らんのだ。	그건 네 수행이 부족한 것이다。
0x6070A1	19	F804	1	そ、そういう意味じゃなくてですね。	그、그런 뜻 아니고。
0x5E5FBE	18	FF	1	さいぱにふいフねふい」のふいボのふい	
0x5E61CE	18	FC	1	さいゲねふい」ごふいととふいヂぼへい	
0x5E72D8	18	F800	1	えねふいぱのふいとぬふい」にふい８あ	
0x5E73EC	18	FC	1	搭さいヤとふいＱなふい」のふい８あ	
0x5E7E04	18	FB	1	そこで、なにか奥義を授けよう。	뭔가 오의 준다。
0x5E7E5D	18	FB	1	そこで、なにか奥義を授けよう！	뭔가 오의 준다！
0x5E7EA3	18	FA	1	修行を５回以上行なった。	수행 ５회이상 했다。
0x5E8970	18	FA	1	あんまり気にしてもしかたあるまい。	신경써도 소용없다。
0x5E90A2	18	FD	1	そんなに簡単に脱走できるとは	그렇게 쉽게 탈주할 수 있다고는
0x5E9518	18	FD	1	そんなに簡単に脱走できるなら	그렇게 쉽게 탈주할 수 있다면
0x5E9555	18	FD	1	よし、思い立ったら即実行！	좋아、마음먹었으면 즉시 실행！
0x5E9A84	18	FB	1	いやあ、今日の飯はうまいなぁ！	오늘 밥 맛있다！
0x5EA4B2	18	FA	1	ネットがないから、木にぶら下げた	그물 없어 나무에
0x5EA4D9	18	FD	1	ボールとは感覚が違うけど・・・	공과는 감각이 다르지만・・・
0x5EA82B	18	FD	1	あ、なにか茶色い物体が・・・	아、뭔가 갈색 물체가・・・
0x5EADE4	18	FB	1	ここでは、初めて見る顔ですね。	여긴 첨 보는 얼굴。
0x5EB1E4	18	FA	1	本来の用途で使いましょう）	본래 용도로 쓰죠）
0x5EB276	18	F8F8	1	集中力を高める力が欲しい	집중력 높이는 힘
0x5EB847	18	FD	1	俺は、拳の道を極めるぞぉ～！	나는、주먹의 길을 극하겠다아～！
0x5EBE94	18	F8F8	1	自分の調子を盛り上げたい	제 상태 끌어올리기
0x5EC271	18	F8F8	1	衝撃に耐えられる体になりたい	충격 견디는 몸
0x5EC705	18	F8F8	1	一気に相手を追い込みたい	단숨에 상대 몰기
0x5EC8BD	18	FB	1	いつもバシバシたたいてくるんですよ。	늘 팍팍 때려와요。
0x5EC90C	18	FB	1	だから遠慮がないっていうか・・・	사양이 없달까・・・
0x5EC950	18	FD	1	本当に、ただの幼なじみで・・・	정말로、그냥 어릴 적 친구라서・・・
0x5ECAF3	18	F8F8	1	状況に負けない強さが欲しい	상황에 안지는 강함
0x5ECDFC	18	FB	1	修行は順調に進んでいるか？	수행 순조로운가？
0x5ECFA8	18	FD	1	なにか、家に帰れない事情でも	뭔가、집에 돌아갈 수 없는 사정이라도
0x5ED727	18	FA	1	ここの人たちが許してくれないし。	여기 사람들 안봐줘
0x5ED884	18	FE	1	おまえ達のようなピーマン野郎を	너희 같은 풋내기 놈들을
0x5ED976	18	FA	1	今回は、大目に見てやろう。	이번은 봐주마。
0x5ED989	18	FB	1	・・・次からミスは許されないぞ。	・・・다음엔 안봐준다
0x5EDC39	18	FE	1	やつらと戦い鍛錬を積むのだ。	그놈들과 싸워 단련을 쌓는 것이다。
0x5EE842	18	FB	1	つまり、一日中逆さ吊りだ。	즉、하루종일 거꾸로
0x5EF8DE	18	F809	1	先生は何が言いたいんだろう。	선생 뭘 말하고픈지
0x5EFA87	18	FD	1	ここまで走れば大丈夫だろう。	여기까지 달렸으면 괜찮겠지。
0x5EFDA2	18	FA	1	新しく来た修行の者じゃな。	새로 온 수행자군。
0x5F0030	18	FE	1	お前の勇気は認めるが・・・。	네 용기는 인정한다만・・・。
0x5F03D7	18	FB	1	これじゃ練習できないじゃないか。	이래선 연습 못해。
0x5F0925	18	FD	1	ちょっと、大丈夫じゃないかも。	잠깐、괜찮지 않을지도。
0x5F0957	18	FE	1	あなたは若いから、この程度なら	자네는 젊으니까、이 정도라면
0x5F10A2	18	FA	1	無限に生きることも出来ぬ。	무한히 살 순 없다。
0x5F10F3	18	FA	1	不自由を生み出すものじゃ。	부자유를 낳는 것。
0x5F1106	18	FB	1	じゃが、野球に規則がなければ	야구에 규칙 없으면
0x5F1398	18	FA	1	時代に取り残されますからね。	시대에 뒤처지니。
0x5F14F2	18	FA	1	有効活用していただいた方が	유효활용 하는 쪽이
0x5F19D0	18	FA	1	いろんな拳法の型をとるんです。	여러 권법 자세죠。
0x5F1A23	18	FB	1	最初のうちはすぐに落ちますし。	첨엔 금방 떨어져。
0x5F1F38	18	FD	1	自給自足なんだな、ここって。	자급자족이구나、여기는。
0x5F20EA	18	FA	1	理解したつもりになってはならん。	이해한 셈 치지마。
0x5F2125	18	FE	1	これは料理やニンジンだけでなく、	이건 요리나 당근만이 아니라、
0x5F2175	18	FB	1	結局、どういうことなんだろう？）	결국 무슨 소린가？）
0x5F22DD	18	FA	1	どちらも見えている場合もあれば	둘 다 보이는 경우
0x5F23E5	18	FA	1	相手にダメージがいっていないな、	상대 피해 안갔군、
0x5F252E	18	FA	1	生徒の間で噂になっているぞ。	학생들 소문났다。
0x5F259E	18	FA	1	情けない姿をさらしてはいかんな。	한심한 꼴 보이지마
0x5F2604	18	FA	1	それを克服するよう精進せい。	극복하게 정진해라。
0x5F2804	18	FA	1	この本を研究するしかあるまい！	책 연구할 수밖에！
0x5F340E	18	F804	1	矢や石の代わりに、このボールが	화살 돌 대신 이 공
0x5F3421	18	FA	1	飛んでくるようにできるでしょうか。	날아오게 될까요。
0x5F3678	18	FA	1	すばやく次の丸太に移るのだ。	재빨리 다음 통나무
0x5F3704	18	F803	1	体の後ろに長い布をとりつけ、	몸 뒤에 긴 천 달고
0x5F379F	18	FA	1	それに、慣れてきたら布の長さを	익으면 천 길이를
0x5F38AD	18	F803	1	体を鍛えて普通じゃなくなれば	몸 단련해 남다르면
0x5F3CF6	18	FA	1	修行の合い間に練習だ！）	수행 틈틈이 연습！）
0x5F3D70	18	FA	1	なんかしてる場合じゃないんだよ！	그럴 때가 아니야！
0x5F3E3B	18	FD	1	こうやって手首を鍛えたり・・・	이렇게 손목을 단련하거나・・・
0x5F3F2E	18	FA	1	毎日の瞑想の時にやれるぞ！	매일 명상때 된다！
0x5F416A	18	F8F8	1	心の修行が足りないんですね。	마음 수행 부족해。
0x5F4208	18	FA	1	こんなところで拳法の修行を？	이런 데 권법 수행？
0x5F4397	18	FA	1	心の修行まではできないのだが。	마음수행까진 못해。
0x5F44E5	18	FE	1	悩むよりも、今できることをしろ。	고민하기보다、지금 할 수 있는 일을 해라。
0x5F4EF9	18	FA	1	この寺に修行に来ているんだ！	절에 수행 왔다！
0x5F5028	18	F825	1	君も今日はお休みでやんすか。	군도 오늘 쉽죠。
0x5F5224	18	FA	1	将来はおもちゃ評論家として	장래 장난감 평론가
0x5F5315	18	F805	1	ああ～、野球やりたくなってきた。	아～、야구 하고파。
0x5F586E	18	FA	1	俺が言った事を覚えているか？	내가 한 말 기억나？
0x5F59BD	18	FA	1	練習の意味も理解しないと	연습 의미 이해해야
0x5F5B50	18	FD	1	ニンジンの本来の味同様に、	당근의 본래 맛과 마찬가지로、
0x5F5E75	18	FB	1	全部、やつの顔に書いてある。	놈 얼굴에 써있다。
0x5F6597	18	FB	1	最終日だし、やられっぱなしじゃ	최종일에 당하기만
0x5F69C0	18	FA	1	そんなこと言うなんて変でやんす！	그런 말 이상합죠！
0x5F69E9	18	FD	1	そういう趣味だったんでやんすね？	그런 취향이었습죠？
0x5F6B44	18	FA	1	典型的なダメ先輩っぽくて、	전형적 못난 선배、
0x5F70FC	18	FA	1	頭以外のところを殴りなさい。	머리 외 딴 데 쳐라
0x5F753F	18	FB	1	うまく寺から抜け出したとしても	잘 절서 빠져나가도
0x5F7F05	18	F804	1	まったく最近の若い者は・・・	요즘 젊은것들은・・・
0x5F8261	18	FA	1	ハダカの女性の写真なんだよ。	알몸 여성 사진。
0x5F8786	18	FB	1	でも、普通は手では捕まえない	보통 손으론 못잡아
0x5F8A3E	18	FA	1	苗字を勝手につけられたんだ。	성 멋대로 붙였다。
0x5F8DD9	18	FD	1	でも、ここじゃ食べられないよなぁ。	하지만、여기서는 먹을 수 없겠구나。
0x5F91B7	18	FB	1	腹が減るだけ損というものじゃ。	배만 고파 손해다。
0x5F9229	18	FE	1	どれ小腹が空いておったのじゃ。	어디、출출하던 참이었느니라。
0x5F92D9	18	FB	1	ここに来る前、何してたんだよ？	여기 오기 전 뭐해？
0x5F934B	18	FA	1	ずっとこの寺でしか生きてないし、	쭉 절서만 살았고、
0x5F970F	18	F809	1	君と毎日練習してるんだけど	너와 매일 연습하는
0x5F9868	18	F815	1	いえ、本当に疲れているんです。	아뇨 정말 지쳤어。
0x5F9B41	18	FE	1	堂々と休めるように、ボロボロに	당당히 쉴 수 있도록、너덜너덜하게
0x5F9C01	18	FD	1	じゃあ、俺は別の場所へ・・・	그럼、나는 다른 곳으로・・・
0x5F9C26	18	FB	1	せっかく来たんだから休んでいけ。	모처럼 왔으니 쉬어
0x5F9F99	18	FE	1	隠れている所がバレるとまずいから	숨은 곳이 들키면 곤란하니까
0x5FA3E8	18	FB	1	腕だって、お前らよりは確かだ。	실력도 너희보단 위
0x5FA729	18	FE	1	腹に、鉄の防具をつけていたの	배에、쇠 방어구를 대고 있었던
0x5FA798	18	F809	1	なら元に戻してくれるでやんすー！	원래대로 돌려줍죠！
0x5FAC06	18	FE	1	しかし寺の者は、みな同じものを	하지만 절의 사람들은、모두 같은 것을
0x5FAC9A	18	FE	1	・・・とでも、言っておきましょう。	・・・라고나、말해 둡시다。
0x5FAE07	18	FA	1	音を立てないで欲しいでやんす。	소리 안냈으면 합죠
0x5FB82F	18	FD	1	そういえば、こいつ野球部員で	그러고 보니、이 녀석 야구부원이라
0x5FB9AC	18	FA	1	格闘技なんて興味ないんだ。	격투기엔 흥미없다。
0x5FBF2C	18	FA	1	手加減してくれそうにないし。）	봐줄 것 같지 않고）
0x5FC288	18	FB	1	少々、興奮してしまいました。	조금 흥분했습니다。
0x5FC357	18	FE	1	そうだな、あんまり気分がいいんで	그렇군、너무 기분이 좋아서
0x5FCB78	18	F803	1	この際、彼には新しい段階の	그에겐 새 단계의
0x5FCD1A	18	FA	1	練習ができて、野球のレベルも	연습 되고 야구레벨
0x5FD096	18	FB	1	これまで君とは、あまり接触する	여태 너와 접촉을
0x5FD64D	18	FB	1	お前は、この夏の修行において	넌 이 여름 수행서
0x5FDEF8	18	FD	1	今度の夏休みのことなんだが。	이번 여름방학 말인데。
0x5FDF0E	18	FE	1	みんなで強化合宿をしないか？	다 같이 강화 합숙을 하지 않겠나？
0x5FE250	18	FD	1	郷に入りては、郷に従うべし。	로마에 가면 로마법을 따라야 하는 법。
0x5FE613	18	FA	1	虫と戦って強くなれるなら・・・	벌레와 싸워 강해져
0x5FE88F	18	FE	1	結局勝ち負けを決めてるのが	결국 승패를 정하는 것이
0x5FE8E3	18	FA	1	全部想定して対処を・・・	다 상정해 대처・・・
0x5FEB5A	18	FB	1	ここは、より実践的な修行を	여긴 실전적 수행을
0x5FECA1	18	FA	1	ちゃんと手加減してやるからな。	제대로 봐줄테니까。
0x5FF7D9	18	FA	1	ワタシが見込んだだけのことはある	내가 본 보람 있군
0x5FF802	18	FA	1	これから、まだまだ伸びるのだからな	앞으로 더 늘테니까
0x5FFBC2	18	FE	1	オイラたちのは、山に入ったときに	우리 것은、산에 들어갔을 때
0x5FFE3E	18	F809	1	君に期待した俺がバカだった。	기대한 내가 바보。
0x5FFF9B	18	FA	1	修行させられている身だからな。	수행당하는 몸이라。
0x600343	18	FD	1	お前の修行ぶりは聞いておる。	네 수행하는 모습은 듣고 있느니라。
0x600AA8	18	FB	1	そんな面白いこと、邪魔しちゃ	재밌는 걸 방해하면
0x600F42	18	FA	1	拳法のミニゲームだけじゃないか。	권법 미니게임뿐。
0x600FAB	18	FA	1	ずいぶんと短かったでやんすけどね。	꽤 짧았습죠만。
0x6022FF	18	FB	1	今度から、もう少し気をつけて	다음부턴 좀 조심해
0x6024D7	18	FB	1	ケガの具合を診れるだけじゃなく	부상 상태만 아니라
0x6029F7	18	FA	1	格闘家になるわけじゃないって、	격투가 될 게 아냐、
0x602C82	18	FA	1	役に立てれば満足なんですよ。	도움되면 만족해요。
0x602F13	18	FB	1	野球の練習についてなんですけ	야구 연습에 대해서
0x6032B4	18	FE	1	何かについて学んだからといって、	무언가에 대해 배웠다고 해서、
0x603300	18	FA	1	格闘家には、ならないでしょう？	격투가는 안되겠죠？
0x603349	18	FE	1	他に、聞きたい事はありますか？	그 밖에、묻고 싶은 것은 있습니까？
0x6035EE	18	FC	1	さいＡ鮎いふ鮎い渋へいワ鮎い	
0x603CAD	18	F803	1	これらも日々、頑張るのだぞ。	이것도 매일 힘내。
0x6043E4	18	F803	1	そうだな。では今日はこれまでだ、	그래。오늘 여기까지
0x604492	18	FB	1	教える事はまだまだたくさんある。	가르칠 건 많다。
0x60541F	18	F804	1	（いったい・・・・どんな意味が）	（대체・・・무슨 뜻이）
0x605490	18	F800	1	そんな僕は「シュッ」という・・・・	그런 나는 「휙」이라는・・・・
0x6057AE	18	F803	1	とりあえずは早口で話す事から	일단 빠른말 말하기
0x605ABF	18	F804	1	僕は速くなっているんでしょうか？	난 빨라지고 있나？
0x605F11	18	F804	1	（そういえば最近やってないなあ。	（보니 요즘 안했네。
0x60601F	18	F803	1	まずは早寝早起きだ、シュッ！	우선 일찍자기、슉！
0x606A92	18	FE	1	ではその練習をこれからしようか、	그럼 그 연습을 이제부터 할까、
0x606EF7	18	FB	1	速くなっているのを感じるはずだ、	빨라진 걸 느낄거다
0x6070D8	18	F804	1	お願いですから、聞いてください。	부탁이니 들어줘요。
0x5E68C8	17	F800	1	搭さい」のふいフねふい２なふい（	
0x5E6CA0	17	FC	1	やあさいボのふいフねふい」のふい❤	
0x5E712B	17	FC	1	いえなふいづぬふい霸ふいしにふい	
0x5E850C	17	FB	1	先輩、なにを食べてるんです？	선배、뭘 먹어요？
0x5E9168	17	FB	1	見たことのない赤い木の実が	못 본 붉은 열매가
0x5E929D	17	FD	1	ヒマだし、ちょっと読んでみるか。	한가하니、좀 읽어 볼까。
0x5E9302	17	FD	1	あ、本が置いてあるじゃないか。	아、책이 놓여 있잖아。
0x5E9ADB	17	FE	1	なーんだ、お前もサボってるのか！	뭐야아、너도 땡땡이치고 있는 거냐！
0x5EA056	17	FA	1	最初からプレイしていただくよう	처음부터 플레이를
0x5EA0F7	17	FA	1	都合が悪かったのであろうか？	사정이 안좋았나？
0x5EA109	17	FA	1	あ、そういえば今日は燃えない	아、오늘은 안타는
0x5EA350	17	FA	1	山を下りられないからダメだな。	산 못내려가니까
0x5EA552	17	FD	1	これは蚊帳（かや）じゃないか！	이건 모기장이잖아！
0x5EA77B	17	F809	1	さんも、他人の事は言えない	씨도 남 말 못한다
0x5EBCBE	17	FE	1	今から畑仕事を手伝え。	지금부터 밭일을 도와라。
0x5EBD2F	17	FA	1	多くの道の中のひとつなのだ。	많은 길 중 하나。
0x5EC202	17	FA	1	回復できたんじゃないのかな。）	회복된 거 아닐까）
0x5EC4AE	17	FA	1	忍耐をまず鍛えるべきなのだ。	인내 먼저 단련해。
0x5EC537	17	FE	1	初めてこの房に来てくれたな。	이 방에 처음 와 주었구나。
0x5EC59B	17	FE	1	おや、そこにいるのは新顔だな。	이런、거기 있는 건 새 얼굴이군。
0x5ECC67	17	F809	1	先生の担当でやんすからね。	선생 담당입죠。
0x5ED10B	17	FD	1	これまで、野球とか勉強とか	지금까지、야구라든가 공부라든가
0x5ED11D	17	FA	1	小さなことにこだわりすぎていた。	작은 것에 집착。
0x5ED19C	17	F85A	1	なんと、悟りをひらいてしまった！	이런、깨달았다！
0x5ED684	17	FA	1	する羽目になっちゃってるんだ。	하는 처지가 됐다。
0x5ED9BB	17	FA	1	今日は大目に見てやろう。	오늘은 봐주마。
0x5EDA18	17	FB	1	「逆さ腹筋」、「ドラ打ち」	「역복근」「징치기」
0x5EDA89	17	FD	1	ダンゴ虫は丸まっているときには	공벌레는 웅크리고 있을 때는
0x5EDBBE	17	FB	1	小さな生き物も大きくすると	작은 생물 키우면
0x5EDF6A	17	FA	1	没収されるんじゃないんですか？	몰수당하지 않나？
0x5EE47D	17	FE	1	本当は、塩をまぶして食えば	원래는、소금을 뿌려 먹으면
0x5EE691	17	F8F8	1	飛んできた物を受け止めたい	날아온 것 받아내
0x5EED1A	17	FB	1	このままじゃ、拳法家としても	이대론 권법가로도
0x5EED91	17	FE	1	でもオレの決心は変わらない。	하지만 내 결심은 변하지 않는다。
0x5EEF49	17	FB	1	やり方は、両手と頭の上で	방법은 두손 머리
0x5EF00D	17	FD	1	で、これを何人で運ぶんです？	그래서、이걸 몇 명이서 옮깁니까？
0x5EF11E	17	FA	1	事故の起きやすい修行だ。	사고 잦은 수행。
0x5EF34A	17	FA	1	６回目は無理なのでやんす。	６회째는 무립죠。
0x5EF76A	17	F829	1	急用があるので失礼します！	급한 일로 갑니다！
0x5EF7D5	17	FA	1	おかしな奴だと思っていないか？	이상한 놈 같나？
0x5EFA36	17	FD	1	（絶対にチャンスがあるはずだ。	（반드시 기회가 있을 것이다。
0x5EFD44	17	FD	1	偉い人なら、事情を話せば	높은 분이라면、사정을 이야기하면
0x5EFEF2	17	FD	1	あれっ、ここから町が見えるぞ？	어라、여기서 마을이 보이는데？
0x5EFFA3	17	FD	1	いや、なんとか下に降りて・・・	아니、어떻게든 아래로 내려가서・・・
0x5F0455	17	F815	1	気配を消してこっそりと・・・	기척 죽이고 몰래
0x5F0726	17	F809	1	先生、よろしくお願いします。	선생、잘 부탁해요。
0x5F0A02	17	FB	1	ここは、ワタシが責任を持って	여긴 내가 책임져
0x5F0B18	17	FA	1	だから聞き流して問題はない	흘려들어도 된다
0x5F0C64	17	F803	1	ここでは３種類の練習がある	여긴 ３종류 연습
0x5F0C76	17	FA	1	「丸太ジャンプ」「布走り」	「통나무」「천달리」
0x5F0E9F	17	FD	1	でも、まだまだ使えますよ、これ。	하지만、아직 쓸 수 있어요、이거。
0x5F0EC0	17	FE	1	世の中が豊かになると、どうも	세상이 풍요로워지면、아무래도
0x5F1090	17	FB	1	道具もなしに空は飛べぬし、	도구없이 못 난다、
0x5F1505	17	FA	1	誰にとっても良いことですから。	누구에게나 좋으니
0x5F1654	17	FE	1	格闘家にとって大事なのは	격투가에게 중요한 것은
0x5F1A93	17	FE	1	鎧を着ていて動きが遅くとも	갑옷을 입어 움직임이 느려도
0x5F1AA5	17	FA	1	１８人がかりで襲ってくるので、	１８명이 덤벼드니、
0x5F1F64	17	FB	1	おい、全員一本ずつ持て。	전원 하나씩 들어。
0x5F1FB2	17	F803	1	つべこべ言わずにさっさと食え！	군말 말고 먹어！
0x5F22F0	17	FB	1	大きい的の下に小さい的が	큰 과녁 밑 작은게
0x5F248A	17	FE	1	これはあくまでも修行なのだから	이것은 어디까지나 수행이니까
0x5F2574	17	FD	1	皆の手本にならねばならない。	모두의 본보기가 되어야 한다。
0x5F28AF	17	FB	1	俺の髪型が、どうかしたのか？	내 머리가 어때서？
0x5F2D78	17	FB	1	・・・逃げ足の速い奴だな。	・・・도망 빠른 놈。
0x5F2E53	17	FA	1	あるいは抵抗できたかも・・・）	혹 저항했을지도）
0x5F2F10	17	FA	1	修行に来る人がいるんだし。	수행 오는 사람도。
0x5F305D	17	FA	1	この寺から一歩でも出たら、	절서 한발 나가면、
0x5F31BC	17	F809	1	君はオーバーに言ってただけで。	넌 과장했을 뿐。
0x5F364C	17	FA	1	一瞬なら支えることができる。	한순간이면 버틴다
0x5F3717	17	FA	1	その布が地面につかないように	천 바닥에 안닿게
0x5F3995	17	FA	1	豆のすじは、ちゃ～んと取れよ。	콩 심줄 잘 떼라。
0x5F3A3C	17	FA	1	ここに来てから鍛えられたがな。	여기 와 단련됐지。
0x5F3A82	17	FA	1	あまり、結びつかないような・・・	별로 안맞는듯・・・
0x5F3B8A	17	FE	1	よし、時間がかかってもいいから	좋아、시간이 걸려도 좋으니
0x5F3C22	17	FD	1	ほら、皮が残ってるじゃないか。	봐라、껍질이 남아 있잖아。
0x5F3E9B	17	FA	1	あって、肩の内側の筋肉を	어깨 안쪽 근육을
0x5F3F1C	17	FB	1	そういえば、メンタルトレーニングも	보니 멘탈훈련도
0x5F3F58	17	FA	1	ピッチングは無理でやんすよね。	피칭은 무립죠。
0x5F410A	17	FB	1	ここで学んだ武術を使って、	배운 무술 써서、
0x5F42BD	17	F806	1	どういうわけか、そういう連中は	어찌 된 영문인지、그런 무리는
0x5F43EE	17	FB	1	なにかよい知恵が浮かんだら、	좋은 꾀 떠오르면、
0x5F44F8	17	FB	1	己の弱さを見つめ直すんだ。	제 약함을 되본다。
0x5F48FF	17	FA	1	少しくらいは野球の能力も	좀은 야구 능력도
0x5F4911	17	FA	1	上がったかな、って思うんだけど	올랐으려나 싶은데
0x5F4947	17	FA	1	野球の練習は違うのかな。	야구 연습 다른가。
0x5F4A0C	17	FD	1	「コマンド」って・・・何の話？	「커맨드」라니・・・무슨 소리？
0x5F4AA3	17	FA	1	操作説明なんでやんすけど。	조작설명입죠만。
0x5F4AFC	17	FA	1	ほとんど意味がないのでやんす。	거의 의미 없습죠。
0x5F4D62	17	FE	1	出身の格闘技選手って	출신 격투기 선수라는
0x5F4E8F	17	F8F8	1	（仕方ない、付き合うか。）	（어쩔수없다 가자）
0x5F4FD1	17	F805	1	・・・みろ、怒られたじゃないか。	・・・봐라、혼났잖아。
0x5F5212	17	FE	1	誰よりもおもちゃのマニアになって	누구보다도 장난감 마니아가 되어
0x5F538B	17	F804	1	早くここから脱出したいなぁ。	빨리 탈출하고파。
0x5F5486	17	FD	1	いや・・・こっちは別にいいけど。	아니・・・이쪽은 딱히 상관없지만。
0x5F585C	17	FB	1	先日、ニンジンを掘った時に	일전에 당근 캘 때
0x5F58AD	17	F8F8	1	意味を理解して練習しろ	의미 알고 연습해
0x5F59FF	17	FA	1	腕の内側の筋肉を鍛える	팔 안쪽 근육 단련
0x5F5E4E	17	FA	1	実の親を恨んでなどおらんよ。	친부모 원망 안해。
0x5F6027	17	FA	1	そんなに時間はかからんじゃろ。	그리 시간 안걸려。
0x5F6498	17	FA	1	このまま修行を続けるように。	이대로 수행 잇길。
0x5F6BC7	17	FD	1	じゃ、その方針でやってみるか。	그럼、그 방침으로 해 볼까。
0x5F6C5F	17	FA	1	語り合いたい、と思いまして。	얘기 나누고파서。
0x5F6DD5	17	FA	1	みんなにやる気が見られないな。	다들 의욕이 없네。
0x5F7472	17	FD	1	やっぱり、逃げ出すしかないな。	역시、도망치는 수밖에 없군。
0x5F75B5	17	FB	1	いつまでもムダ話をしていないで、	언제까지 잡담말고
0x5F782F	17	FA	1	タッチするとダメージを受けます。	터치하면 피해받아
0x5F7D3D	17	FB	1	中に別の本が挟んであるぞ。	안에 딴 책 있다。
0x5F81AA	17	FD	1	ええと、確かにムラムラするけど。	그러니까、분명 욱신거리긴 하지만。
0x5F8316	17	F85A	1	（２時間かけて説明した。）	（２시간 설명했다）
0x5F896E	17	FE	1	ところでお前、外の世界から	그런데 너、바깥 세상에서
0x5F89C1	17	FB	1	オレなんて、この寺から出たこと	난 절서 나간 적
0x5F8AC6	17	FA	1	どんな拳法の技を使うんだ？	어떤 권법 쓰나？
0x5F8AD8	17	FB	1	やっぱり、達人とかすごいのか？	역시 달인 대단해？
0x5F8B41	17	FE	1	じゃあさぁ、どんな奴がいるんだ？	그럼 말이야、어떤 녀석이 있는데？
0x5F8BED	17	FD	1	まあ、個人の自由だし・・・	뭐、개인의 자유이고・・・
0x5F8C5A	17	F804	1	で、生活指導って、なんだ？	생활지도가 뭐냐？
0x5F8C79	17	FD	1	生活指導っていうのは・・・	생활 지도라는 것은・・・
0x5F8F65	17	FD	1	確かに見た目はハンバーガーに	분명 겉모습은 햄버거와
0x5F908E	17	FA	1	アンタは軟弱者なのでやんす。	당신은 약골입죠。
0x5F94C9	17	FB	1	俺、どこにあるか知ってるんだ。	어디 있는지 안다。
0x5F967E	17	FE	1	そろそろ、夕飯の時間じゃ。	슬슬、저녁 식사 시간이니라。
0x5F9822	17	FA	1	無理をせず休みに来ました。	무리않고 쉬러왔죠
0x5F9848	17	FE	1	サボりに来たんじゃないだろうな。	땡땡이치러 온 것은 아니겠지。
0x5F98F0	17	FB	1	じゃあ、今日はゆっくり休んで	오늘은 푹 쉬고
0x5F995D	17	F803	1	なにぃ、オレがここでサボってるって	뭐라、내가 농땡이
0x5F9B54	17	FA	1	してやろうという親心なんだよ。	해주려는 부모맘。
0x5F9B7C	17	FB	1	いや、ここはどういう場所なのか	여긴 어떤 곳인지
0x5F9BD8	17	FE	1	お前は、元気そうじゃないか。	너는、기운차 보이는구나。
0x5FA0EE	17	FA	1	早かったとの説もあるぐらいだ。	빨랐단 설도 있다。
0x5FA48F	17	F8F8	1	拳法って野球に役立つ？	권법 야구에 도움？
0x5FA599	17	FE	1	あー、今日はいい事したなー！	아ー、오늘은 좋은 일 했다아ー！
0x5FAA0C	17	FD	1	じゃあ、そこに毎日行ってれば	그럼、거기에 매일 가면
0x5FAA4C	17	FA	1	先輩たちにしごかれるでやんす。	선배들께 굴려집죠
0x5FAAFC	17	FA	1	ひどい目にあわされるでやんすよ。	심한 꼴 당합죠。
0x5FAB76	17	FB	1	一応、ここはお寺でやんすから	일단 여긴 절입죠
0x5FAC5E	17	FE	1	自己紹介がまだであったな。	자기소개가 아직이었구나。
0x5FAE62	17	FA	1	ハシの持ち方が変でやんすね。	젓가락질 이상습죠
0x5FAE97	17	FB	1	本当は、こう持つんでやんす。	실은 이리 쥡죠。
0x5FB124	17	FB	1	食事は楽しくするものじゃぞ。	식사는 즐겁게。
0x5FB2A4	17	FB	1	・・・しかし、今日のタクアンは	・・・오늘 단무지는
0x5FB99A	17	FB	1	俺は野球さえできればよくて、	난 야구만 되면 돼
0x5FBC7C	17	FA	1	乗り越えられると思ったのに。	넘을 줄 알았는데。
0x5FBCE0	17	FD	1	それじゃ、ありがとうございました。	그럼、감사했습니다。
0x5FC771	17	FE	1	ワシも久しぶりに試合ができて	나도 오랜만에 시합을 할 수 있어서
0x5FCABB	17	FE	1	あ、あそこに先生たちがいるぞ。	아、저기에 선생님들이 있다。
0x5FCD53	17	FE	1	ええと、状況を整理するぞ。	그러니까、상황을 정리하겠다。
0x5FCDEC	17	FB	1	来た時に没収されてただろ。	올 때 몰수됐잖아。
0x5FCEEF	17	FE	1	こんな野球のボールなんて・・・	이런 야구공 따위・・・
0x5FD5E1	17	FD	1	この後も修行があったんだ。）	이 뒤에도 수행이 있었지。）
0x5FD80A	17	FA	1	拳法は成り行きでやっていた	권법 어쩌다 했다
0x5FDE57	17	FD	1	それにしても大きなお寺だなぁ。	그건 그렇고 큰 절이구나。
0x5FDED4	17	FA	1	一勝ぐらいしておきたいよなぁ。	１승쯤은 하고싶다。
0x5FE41A	17	FD	1	ハエ、蚊、チョウ、ゲジゲジ・・・	파리、모기、나비、그리마・・・
0x5FE68D	17	FB	1	しょせん、ただの妄想でやんす。	결국 망상입죠。
0x5FE7AE	17	FA	1	口から酸を吐くんでやんすか？	입서 산 뱉습죠？
0x5FE998	17	FB	1	あきれて物も言えないでやんす。	기막혀 말 안나와。
0x5FEE60	17	F82E	1	次は、もう少し厳しくやるから	다음은、조금 더 엄하게 할 테니
0x5FF03F	17	FB	1	次は、なるべく勝てるようにな。	다음엔 꼭 이겨라。
0x5FF489	17	FB	1	今後も鍛練にはげむように。	앞으론 단련 힘써。
0x5FFC07	17	F815	1	よし、事務所に忍び込もう	사무소에 잠입하자
0x5FFC3C	17	F8F8	1	僧院長に頼んでみたら・・・	승원장께 부탁・・・
0x5FFEDA	17	FE	1	でも、頼んでも貸してくれないと	하지만、부탁해도 빌려주지 않으면
0x600266	17	FA	1	言うのなら、いいでやんすがねぇ。	그렇다면 좋습죠
0x600356	17	FB	1	喜んで許可を出すとしよう。	기꺼이 허가 내마。
0x600573	17	FB	1	それに乗って山を下りるんだ。	타고 산 내려간다。
0x600799	17	FA	1	今後は大切にすると良い。	앞으론 소중히 해。
0x600960	17	FB	1	それでは、この山を下りてからも	그럼 하산 후에도
0x600A4E	17	FB	1	誰も助けに来てくれないなんて	아무도 안 도우러
0x600A96	17	FA	1	拳法の修行をしてたんだろ？	권법 수행 했잖아？
0x60107A	17	FA	1	５倍ぐらい大きいそうでやんす。	５배쯤 크답죠。
0x601110	17	FE	1	まあ、いわゆる駅前で配ってる	뭐、이른바 역 앞에서 나눠 주는
0x601122	17	FA	1	ミニティッシュと同じでやんすね。	미니티슈와 같습죠
0x601D00	17	FE	1	では、早く慣れてもらうためにも	그럼、빨리 익숙해지시도록
0x601EB6	17	FE	1	薬なんかは、街まで行かないと	약 같은 건、마을까지 가지 않으면
0x602112	17	FB	1	やっぱり、やめたほうがいいですか？	역시 그만둘까요？
0x602145	17	FA	1	それが一番いいと思いますよ。	그게 제일 낫죠。
0x602A90	17	FE	1	でも、医者として働くつもりが	하지만、의사로서 일할 생각이었는데
0x602BD5	17	FB	1	適切な対処ができていれば、	적절히 대처했으면
0x604176	17	FB	1	まだ最後まで言ってないのに。	아직 다 안했는데。
0x604296	17	FB	1	それで何をすれば良いのですか？	그럼 뭘 하면 돼？
0x6042E1	17	F804	1	（あんたに言われたくない・・・）	（네게 듣기싫다）
0x604853	17	FA	1	努力が必要だがな、シュッ！	노력이 필요해、슉！
0x60543B	17	F803	1	ではお前も言ってみろ、シュッ！	너도 말해봐라、슉！
0x605603	17	F803	1	ではゆっくり休むがいい、シュッ！	푹 쉬어라、슉！
0x605821	17	FA	1	を心がけておく事ができるのだ。	를 명심할 수있다。
0x605F26	17	FB	1	でも、やってないとは言えないし）	안했다곤 못하고）
0x605F8E	17	FB	1	さ、才能が無いんですかね～。	재、재능이 없나요～
0x60611F	17	F804	1	さすがにそれはお断りしたいです。	그건 사양하고파。
0x606AE4	17	FB	1	では何が言いたいんだ、シュッ！	그럼 뭔 소리냐 슉
0x606BC8	17	F803	1	よくぞそこに気がついた、シュッ！	잘 알아챘다、슉！
0x606C88	17	FB	1	私をバカにしているのか、シュッ！	날 무시하나、슉！
0x606E98	17	FB	1	さすがにそんなんで速くなるはずが	그걸로 빨라질 리
0x606FDC	17	F803	1	頑張って修行するが良い。	힘내 수행하도록。
0x607029	17	F804	1	５年もここに居たくないんですが	５년이나 있긴 싫어
0x5E67FE	16	FC	1	さいフねふいやねふいフねふい６あ	
0x5E7118	16	F800	1	トねふいっなふいＹとふいわとふい	
0x5E71C6	16	F800	1	さい錆ふいボのふいやねふい８あ	
0x5E73A4	16	FC	1	ワなふいヤとふいＹぬふいゲにふい	
0x5E75A2	16	FC	1	さいＩぬふいづのふいォなふいＢあ	
0x5E80F2	16	FA	1	よく来て鍛練していますね。	자주 와 단련하네
0x5E958A	16	FA	1	計画を立ててからにしよう。	계획 세우고 하자
0x5E99A0	16	FD	1	毎日これだけが楽しみだな。	매일 이것만이 낙이구나。
0x5E9A61	16	F809	1	先輩のは山盛りでやんす。	선배 건 수북합죠
0x5E9FD5	16	FD	1	まあ、ずっとこのお寺にいたら、	뭐、계속 이 절에 있으면、
0x5EA0D6	16	FA	1	そういえば前作は何回でも	전작은 몇번이든
0x5EA14D	16	FA	1	がんばれと言うしかないわけだ、	힘내란 말뿐이다
0x5EA3FA	16	FA	1	大変だったみたいでやんすね。	힘드셨던듯 합죠。
0x5EA4C5	16	FA	1	紙くずを打とうと思うんだ。	종이공 치려한다。
0x5EA75A	16	FB	1	そんなに居心地がいいのか？	그리 편하냐？
0x5EA907	16	FA	1	夏の修行は終わりですよ。	여름 수행 끝이죠
0x5EA9CE	16	FA	1	模擬試合を開始する。	모의시합 개시。
0x5EAB3A	16	FB	1	これは山芋を薄切りにして	마를 얇게 썰어서
0x5EAB4B	16	FA	1	甘味を加えて煮たものだ。	단맛 더해 조린것
0x5EACA3	16	FA	1	入ってるように見えますけど。	든 듯 보이는데。
0x5EAF87	16	FA	1	スポーツマンだったでやんすかね？	운동선수였습죠？
0x5EAFAE	16	FD	1	でも、今から始めてみるかい？	하지만、지금부터 시작해 보겠나？
0x5EB161	16	FD	1	あえて、どうしてそこにあったかは	굳이、어째서 거기 있었는지는
0x5EB318	16	F815	1	もっと投げる力を強くしたい	더 강한 투구력
0x5EB3EE	16	F815	1	相手の視界をさえぎりたい	상대 시야 가리기
0x5EB5AF	16	FB	1	なんだ、お前強いじゃないか！	뭐야、너 세잖아！
0x5EB5D3	16	FA	1	このくらいで勘弁してやろう。	이쯤에서 봐주마。
0x5EB799	16	FD	1	この世で最強を目指す！	이 세상에서 최강을 목표로 한다！
0x5EBE82	16	F8F8	1	相手の動揺につけこみたい	상대 동요 파고들
0x5EC354	16	F8F8	1	ケガのしにくい身体になりたい	부상 안입는 몸
0x5EC719	16	F8F8	1	投げる力をもっと強くしたい	투구력 더 강하게
0x5ECAE1	16	F815	1	疲れからすばやく回復したい	피로서 빨리 회복
0x5ECB07	16	F8F8	1	強敵にひるまぬ心が欲しい	강적에 안굴할 맘
0x5ECC2C	16	F809	1	先生が畑を耕しているぞ。	선생이 밭 간다。
0x5ECD86	16	FB	1	畑仕事で使う筋肉は、	밭일 쓰는 근육、
0x5ECE3A	16	FA	1	心身ともに鍛えられました。	심신 다 단련됐죠
0x5ED0A5	16	FA	1	感謝の心を忘れていたよ。	감사 맘 잊었다。
0x5ED0B9	16	FD	1	ありがとう、世界の人たち！	고마워요、세계의 여러분！
0x5ED1B5	16	F809	1	の数値が上がりすぎました。	수치 너무 올랐다
0x5ED7B1	16	FA	1	根性を鍛え直してもらえ」	근성 다시 단련」
0x5ED965	16	F86B	1	この房に初めて来たことだし	이 방 첨 왔으니
0x5EDA2A	16	FA	1	そして「岩石スクワット」だ。	「암석스쿼트」다
0x5EDBD0	16	FA	1	恐ろしい強敵となるだろう。	무서운 강적 된다
0x5EDD4D	16	FB	1	でも、ああいう相手の動きは	그런 상대 움직임
0x5EE088	16	FD	1	いや、そもそもエッチなもの見て	아니、애초에 야한 걸 보고
0x5EE592	16	F8F8	1	コーナーリングを上手にしたい	코너링 잘하기
0x5EF054	16	FA	1	ちゃんと重心で持つんだぞ。	제대로 중심 잡아
0x5EF38C	16	FA	1	ゲームを終わるようにしなさい。	게임 끝내세요。
0x5EF5EE	16	FB	1	それをここまで育ててくれたのが	여기까지 키워준
0x5EFE04	16	FD	1	あっ、いや、それはちょっと・・・	앗、아니、그건 좀・・・
0x5EFF1D	16	FA	1	進めば逃げ出せるな・・・）	가면 도망칠듯・・・
0x5F00FF	16	FD	1	どうせ脱走なんて無理だ。	어차피 탈주 따위 무리다。
0x5F07BC	16	FA	1	どうも、いやな予感がする。）	왠지 나쁜 예감。）
0x5F0A58	16	FA	1	遠慮せずに聞いてくれたまえ	사양말고 물어봐
0x5F0BC4	16	FA	1	相手が防御するより早く	적 방어보다 빨리
0x5F0C88	16	FA	1	「地獄カラクリ」だ、シュッ！	「지옥장치」다、슉！
0x5F0DE3	16	FB	1	そのボールは俺が受付けた。	공은 내가 받았다
0x5F0E29	16	F86B	1	ふもとの学校の野球部が	기슭 학교 야구부
0x5F0E61	16	FA	1	持ってきたとか言っていたな。	가져왔다 했었지。
0x5F1423	16	FE	1	こういう理にかなった道具は	이런 이치에 맞는 도구는
0x5F1434	16	FA	1	どんどん採用すべきなのです。	자꾸 채용해야죠。
0x5F14A0	16	FE	1	・・・野球の練習ですね。	・・・야구 연습이네요。
0x5F172D	16	FB	1	こうして首のくびれがなくなった	이리 목선 사라져
0x5F173E	16	FA	1	ことにより、急所であるアゴも	로 급소인 턱도
0x5F174F	16	FA	1	見事にカモフラージュされた。	멋지게 위장됐다。
0x5F182B	16	FB	1	手近にいる貴様が悪い！	옆에 있는 네 탓！
0x5F1B51	16	FD	1	あの鎧のデザインも変だし。）	그 갑옷 디자인도 이상하고。）
0x5F2400	16	FE	1	次はタイミングを見計らって	다음은 타이밍을 가늠해서
0x5F25D8	16	FA	1	まだまだ未熟でございました。	아직 미숙했어요。
0x5F2625	16	FB	1	ご指導ありがとうございます。	지도 감사합니다。
0x5F26E9	16	F809	1	先生、このきわどい写真を	선생、야한 사진을
0x5F283C	16	FB	1	後輩として、お前から俺に	후배니 네가 내게
0x5F29B4	16	FE	1	あーっ、まさか、ひょっとして？！	아앗、설마、혹시？！
0x5F2A72	16	F809	1	なんて、普通の名前だろ。	란 평범한 이름。
0x5F2AE5	16	FB	1	いったい、何が問題なんだ？	대체 뭐가 문제？
0x5F2BBA	16	F8F8	1	ははは、先輩には負けます。	하하、선배껜 져요
0x5F2BCC	16	F8F8	1	なんですって、マツタケ先輩？	뭐라、송이선배？
0x5F2C7E	16	FE	1	お前、ケンカを売ってるのか！	너、싸움을 거는 거냐！
0x5F2E30	16	FA	1	とっさに反応できなかったな。	순간 반응 못했군
0x5F2FE5	16	FA	1	外の世界に戻れるんだろ？	밖 세계로 가잖아
0x5F334C	16	FD	1	・・・あの辺に布でも張って	・・・저쯤에 천이라도 쳐서
0x5F3386	16	FA	1	すぐに終わっちゃうでやんすね。	금방 끝나버립죠。
0x5F34A5	16	F803	1	同じぐらいの大きさの石なら	비슷한 크기 돌
0x5F363B	16	F803	1	じっとしていると沈んでしまうが	멈추면 가라앉아
0x5F3C46	16	F803	1	ジャガイモは皮がついてるほうが	감자는 껍질째가
0x5F3D1F	16	FB	1	野球の練習がしたいなぁ。	야구 연습 하고파
0x5F3D93	16	FB	1	ところで、野球の練習って	그런데 야구 연습
0x5F3FEC	16	FE	1	オイラも協力するでやんすよ。	나도 협력합죠。
0x5F411C	16	FA	1	仇討ちや、金もうけのための	복수나 돈벌이용
0x5F42FA	16	FD	1	それって、やっぱりそういうこと？	그거、역시 그런 뜻이야？
0x5F436A	16	F809	1	も同じことを言っておられた。	도 같은 말 하셔。
0x5F4562	16	FA	1	性格が変わったでやんすか？	성격 변했습죠？
0x5F477A	16	F804	1	うーん、あまり趣味がよいとは	으음、취향이 좋진
0x5F47E8	16	F805	1	・・・ああ、修行に励めよ。	・・・아、수행 힘써。
0x5F4C39	16	F809	1	は、格闘技の練習のため	는、격투기 연습용
0x5F4D38	16	FA	1	格闘技の勉強に来てる	격투기 공부하러
0x5F4D49	16	FA	1	学生も大勢いるでやんす。	학생도 많습죠。
0x5F4EE8	16	F804	1	実は俺も格闘技のために	실은 나도 격투기
0x5F4F34	16	F804	1	じゃ、修行に行ってきます。	수행 갔다올게요。
0x5F526D	16	FE	1	まずは、おもちゃを集めて・・・	우선은、장난감을 모아서・・・
0x5F53D7	16	FA	1	今日はおとなしくしておこう。	오늘 얌전히 있자
0x5F56D3	16	FD	1	勝ったことにならないって・・・	이긴 것이 되지 않는다니・・・
0x5F5A1E	16	FD	1	だから、それを意識して・・・	그러니까、그것을 의식해서・・・
0x5F5DE0	16	FA	1	ここだけが、わたしの家なのだ。	여기만 내 집이다
0x5F5ED8	16	FB	1	両親と会えば、この寺との	부모 만나면 절과
0x5F5EE9	16	FA	1	きずなが失われるのではないかと	인연이 끊길까봐
0x5F67C3	16	FB	1	また、機会があればやろうぜ。	기회 되면 하자。
0x5F6A1A	16	FA	1	いじめられる事もなくなるだろ？	괴롭힘도 없어져？
0x5F6B08	16	FE	1	特に中国拳法については	특히 중국 권법에 관해서는
0x5F6BA5	16	FE	1	アレは拳法馬鹿でやんす。	저건 권법 바보입죠。
0x5F6EA6	16	FB	1	なんだかイヤな音がしましたよ。	왠지 싫은 소리가
0x5F6F22	16	FA	1	非常に大事なことなのだ。	아주 중요한 일。
0x5F70EB	16	FB	1	そう思うんだったら、次からは	그렇다면 다음엔
0x5F71CC	16	FD	1	どうも、その前後の記憶が	아무래도、그 전후의 기억이
0x5F72C5	16	FE	1	はじめまして、よろしくでやんす。	처음 뵙겠습니다、잘 부탁합죠。
0x5F73B6	16	FA	1	何でも聞いてほしいでやんす。	뭐든 물어봅죠。
0x5F74D9	16	FA	1	誰も成功してないでやんす。	다 성공 못했습죠
0x5F7733	16	FA	1	本気で殴ったりはしないぞ。	진심으론 안때려。
0x5F7776	16	FA	1	本気で殴られてたまるか！）	진심으로 맞겠냐！
0x5F7904	16	FB	1	結構、俺ってすごいかも。）	나 꽤 대단한지도
0x5F7C2F	16	FE	1	よし、じゃあコレを貸してやる。	좋아、그럼 이걸 빌려주마。
0x5F7CC1	16	FD	1	なら、オレの拳を受け取れ！	그렇다면、내 주먹을 받아라！
0x5F7FFD	16	FD	1	ここで、こんな本を出したら。	여기서、이런 책을 꺼냈다가는。
0x5F8022	16	FE	1	宇宙人の写真集だぜ。	우주인 사진집이다。
0x5F80F6	16	FA	1	ムズムズする感じがするんだよ。	근질근질한 느낌。
0x5F82D2	16	FB	1	ほんっと、お前の言ってる事	정말、네 말은
0x5F8394	16	FA	1	考えると恐ろしいなぁ・・・）	생각하면 무섭다）
0x5F886F	16	FD	1	虫ごときでいちいち騒ぐなよ。	벌레 따위로 일일이 소란 피우지 마라。
0x5F8BCC	16	FB	1	そんなことして怒られないのか？	그러다 안혼나？
0x5F8E16	16	FD	1	なんだか猛烈にハンバーガーが	어쩐지 맹렬하게 햄버거가
0x5F8E27	16	FA	1	食べたくなってきちゃったんだ。	먹고싶어졌다。
0x5F8ECB	16	FB	1	食べたくなっちゃったんだから。	먹고싶어졌으니
0x5F8FEB	16	FD	1	何で出来てるんだよ、これ！	뭘로 만들어진 거야、이거！
0x5F9690	16	FB	1	キャッチボールはそのくらいにして	캐치볼은 그쯤 해
0x5F9BC4	16	FA	1	休息を取りに来る所だ。	쉬러 오는 곳。
0x5F9CFD	16	F804	1	くっそー、ひどい目にあったぞ。	젠장、된통 당했다
0x5F9EC4	16	FA	1	仕返してくるだけじゃないか。	되갚아올 뿐이다。
0x5FA22A	16	FA	1	思わず渡しちゃったでやんす！	얼떨결에 줬습죠！
0x5FA5AF	16	FB	1	またいつでも教えてやるからな。	언제든 알려주마。
0x5FA663	16	FB	1	ここのところを思いっきりだぞ。	이 부분을 힘껏。
0x5FA888	16	F809	1	ってところに行ってみたんだけど	란 데 가봤는데
0x5FAAEB	16	FE	1	まじめに掃除しないと、後で	제대로 청소하지 않으면、나중에
0x5FACDE	16	FA	1	ずーっと住んでいるのでやんす。	쭉 살고있습죠。
0x5FAF6F	16	FB	1	自分から見て、横向きに	내 기준 옆으로
0x5FB1D9	16	FE	1	一人で食べるならともかく、	혼자 먹는 거라면 몰라도、
0x5FB1EA	16	FA	1	こうして皆の前で食するなら	다들 앞서 먹으면
0x5FB9D4	16	FB	1	格闘技をやってきたオレが、	격투기 해온 내가
0x5FBAD7	16	FE	1	お前が勝てない理由はな、	네가 이기지 못하는 이유는 말이다、
0x5FBC6B	16	FE	1	今度こそ、お前を拳法で	이번에야말로、너를 권법으로
0x5FBCA9	16	FD	1	俺は野球に戻りますから、	나는 야구로 돌아갈 거니까、
0x5FBE98	16	FB	1	それでは、組み合わせは・・・	그럼 조합은・・・
0x5FC5B3	16	FB	1	修行、ご苦労様でした。	수행 수고했어요。
0x5FC8D0	16	FA	1	ちょっと深く入りすぎたかの？	너무 깊이 왔나？
0x5FC989	16	FB	1	あんなにすごいヤツだったなんて！	그리 대단한 놈！
0x5FCAA7	16	FA	1	こんなものが限界なのかなぁ。	이게 한계인가。
0x5FCB05	16	FA	1	なかなか注目に値しますね。	꽤 주목할 만하네
0x5FCE2D	16	F838	1	先生が返してくれたんです。	선생님이 돌려주셨습니다。
0x5FD286	16	FA	1	ちゃんと手加減してやろう。	제대로 봐주마。
0x5FD5BC	16	FA	1	腹ごしらえをしておかないとな！	배 채워둬야지！
0x5FD7D9	16	F8F8	1	せっかくですが、辞退します。	모처럼이나 사양。
0x5FE107	16	FD	1	しまった、場所をまちがえた。	이런、장소를 잘못 알았다。
0x5FE225	16	FA	1	こっちにも都合があるし・・・	이쪽도 사정 있고
0x5FE57C	16	F8F8	1	全部頭の中のことだから？	다 머릿속 일？
0x5FE58E	16	F8F8	1	君には理解できないんだよ。	넌 이해 못한다。
0x5FE639	16	FA	1	悪い宇宙人をやっつけて、	나쁜 우주인 잡고
0x5FE64A	16	FA	1	宇宙最強になるでやんす！	우주최강 됩죠！
0x5FE6A2	16	FE	1	そんなんじゃ、なんの練習にも	그래서는、아무 연습도
0x5FE79D	16	FB	1	いったい、どこの国の人間が	대체 어느 나라가
0x5FF377	16	FA	1	甲斐があったというものです。	보람이 있었어요。
0x5FF677	16	FA	1	攻めきれなかったとは、なかなか	다 못몰았다니 꽤
0x5FFB44	16	FD	1	今ごろ、野球部のみんなは	지금쯤、야구부 모두는
0x5FFBD5	16	FA	1	取り上げられたでやんすけど、	빼앗겼습죠만、
0x5FFC1A	16	F8F8	1	他に誰か持ってないのかな？	딴 누가 안가졌나
0x5FFE89	16	FA	1	持っているのを見たでやんす。	갖고있는 거 봤죠
0x600043	16	FA	1	ハートマークがついてるでやんす！	하트마크 붙었죠！
0x6003F4	16	FA	1	家族に連絡していません。	가족에 연락 안해
0x6004D4	16	FB	1	ここでの修行に励むのじゃ。	여기 수행 힘써。
0x600599	16	FA	1	今日で終わりかと思うと、	오늘로 끝이라니、
0x600642	16	F8F8	1	不自由は不自由です。	부자유는 부자유。
0x600944	16	FA	1	よくわからなかったと思います。	잘 몰랐을듯해요。
0x600E73	16	FE	1	この後に出てくるパスワードを	이 뒤에 나오는 패스워드를
0x600ED4	16	FA	1	ちょっと弱いでやんすけど・・・	좀 약합죠만・・・
0x600F73	16	FA	1	毎回そういうノリでやんすよ。	매번 그런 식입죠
0x601048	16	FE	1	全然別のテーマのサクセスが	전혀 다른 테마의 석세스가
0x601059	16	FA	1	あと２本入っているでやんす。	２개 더 들었습죠。
0x6010BB	16	FA	1	ダウンロード配信のためだけに	다운로드 배포만
0x6010CC	16	FA	1	作られたゲームだったってわけ？	만든 게임이란 것
0x601B3D	16	FA	1	少しは気分も違いますよ。	좀 기분이 다르죠
0x601D12	16	FA	1	もう少し修行しましょうか。	좀 더 수행할까요
0x601DDD	16	FA	1	どこかへ出かけていたんですか？	어딘가 나갔었나？
0x601E9A	16	FE	1	でも、別に遊んでいたわけでは	하지만、딱히 놀고 있었던 것은
0x601FC9	16	FA	1	練習もがんばってくださいね。	연습도 힘내세요。
0x60219F	16	FA	1	大変な事だと思いますが、	큰일이라 보지만、
0x6024EA	16	FA	1	治療までできるんだから・・・	치료까지 되니・・・
0x602637	16	FD	1	ちょっと、さっきの修行中に	잠깐、아까 수행 중에
0x60299A	16	FA	1	何か疑問でもありましたか？	뭔가 의문 있나？
0x602BC4	16	FE	1	後で知った事なんですけど、	나중에 안 일입니다만、
0x602C9B	16	FE	1	・・・こんな答えでいいですか？	・・・이런 대답이면 될까요？
0x60327C	16	FB	1	なんで、こんなお寺で武術を	왜 절서 무술을
0x6032EF	16	FB	1	ここで修行をしたからといって	여기 수행했다고
0x6035A4	16	F800	1	Ａそふいえあさい渋へいづ鮎い	
0x603FDD	16	F804	1	うわあ～！もっと頑張るぞ！！	우와～！더 힘내자！
0x604336	16	FD	1	だけどいつか教えてくださいよ！	그래도 언젠가 가르쳐 주세요！
0x60500F	16	F803	1	まずはトラが必要だ、シュッ！	호랑이 필요、슉！
0x605711	16	F803	1	では、まず私のマネをするのだ、	우선 내 흉내내라
0x605743	16	F803	1	いや、それはまだ早い、シュッ！	아직 이르다、슉！
0x605780	16	F803	1	あと五年は早いな、シュッ！	５년은 이르다、슉！
0x605D36	16	F8F8	1	真っ直ぐ前に手を伸ばす	곧장 앞으로 뻗기
0x607308	16	FC	1	❤ゆほいぱよほいふあさいふよほい	
0x607320	16	F800	1	❤ゆほいしよほいふあさいふよほい	
0x607338	16	F800	1	❤ゆほい纂ほいふあさいふよほい	
0x6073B0	16	F800	1	❤ゆほいワよほいふあさいふよほい	
0x6073C8	16	F800	1	❤ゆほいＹゆほいふあさいふよほい	
0x6073E0	16	F800	1	❤ゆほいわよほいふあさいふよほい	
0x5E7D98	15	FA	1	５回以上行なっている。	５회 이상 했다。
0x5E7DF4	15	F809	1	を５回以上鍛練した。	를 ５회이상 단련
0x5E816D	15	F809	1	の修行を十分受けた。	수행을 충분히
0x5E8340	15	FA	1	がんばれるようになってたのに。	힘낼 수 있는데。
0x5E94D9	15	FD	1	・・・まわりに誰もいないな。	・・・주위에 아무도 없군。
0x5E9B90	15	FD	1	そんなこと急に言われても。	그런 것을 갑자기 말해도。
0x5E9C9E	15	FA	1	意地悪してやるぞーーー！	심술 부려주마！
0x5E9D09	15	FA	1	仲良くなってるでやんすね。	친해졌습죠。
0x5EA091	15	F803	1	バッテリー切れもあるんだから	배터리 나가니까
0x5EA0E7	15	FA	1	やり直しができたけど、なにか	다시하기 됐지만
0x5EA320	15	F8F8	1	いやいや、うまくいかないって。	아니、잘 안된다。
0x5EA3D4	15	FB	1	そのうちに暗くなっちゃうし。	곧 어두워지고。
0x5EAD21	15	F809	1	を期待してはいけません。）	을 기대 마세요）
0x5EAF30	15	FB	1	親父とよくやったでやんす。	아버지와 했습죠
0x5EB0D4	15	FD	1	あ、金属バットじゃないか！	아、금속 배트잖아！
0x5EB0FF	15	FD	1	それで、どうしたんだい、これ？	그래서、어떻게 된 거야、이거？
0x5EB12F	15	FA	1	刀や槍に混じって、そこに	칼 창 섞여 거기
0x5EB1D4	15	FB	1	スポーツの道具は、正しく	스포츠 도구는
0x5EB400	15	F8F8	1	外側に視界を広げたい	바깥 시야 넓히
0x5EB4AF	15	F815	1	動きを読まれにくくなりたい	움직임 안읽히기
0x5EB5C3	15	FE	1	・・・フッ、今日のところは	・・・훗、오늘은 이쯤에서
0x5EB627	15	FB	1	お前・・・意外にやるな。	너・・・제법이군。
0x5EB974	15	FD	1	もう少しチャンスを待とう。	조금 더 기회를 기다리자。
0x5EB99F	15	FD	1	よし、こっそり逃げ出すぞ。	좋아、몰래 도망치겠어。
0x5EBDB4	15	FD	1	そのイモ残しちゃうんですか？	그 고구마 남기시는 겁니까？
0x5EC123	15	FE	1	その後、具合はどうだい？	그 후로、상태는 어때？
0x5EC1B9	15	FA	1	練習したのがまずかったか。	연습이 문제였나
0x5EC1DF	15	F809	1	に行っておけばよかったな。）	에 갈걸 그랬다）
0x5EC844	15	FA	1	どうしてるのかと思いまして。	어찌 지내나 해。
0x5ECA11	15	F8F8	1	ケガしにくい身体になりたい	부상 안입는 몸
0x5ECF61	15	FB	1	修行にもっと励むがいい。	수행 더 힘써라。
0x5ED421	15	F82E	1	最近、ここでよく見るな。	요즘、여기서 자주 보는군。
0x5ED4FF	15	FD	1	んオレも疲れてるし、いいか。	나도 지쳤고、됐나。
0x5ED6A7	15	FB	1	ちょっと、それはいったい・・・	잠깐、그게 대체
0x5ED717	15	FD	1	なんとか抜け出そうとしても	어떻게든 빠져나가려 해도
0x5ED77D	15	FA	1	連絡しておいてくれるって。	연락해준다더라。
0x5ED7C2	15	FA	1	って、親に言われちゃった。	라 부모가 그래。
0x5EDB25	15	FA	1	攻撃すれば良いはずです。	공격하면 될듯。
0x5EDBE4	15	FE	1	それを想像して戦うのだ。	그것을 상상하며 싸우는 것이다。
0x5EDCDC	15	FB	1	くだらないこと教えてすまん。	시시한 거 미안。
0x5EDE23	15	FA	1	取り入れようと思います。	받아들이려고요。
0x5EDE55	15	FA	1	その真価がわからぬものだ。	그 진가 모른다。
0x5EDEBF	15	FD	1	これは写真週刊誌だ。	이건 사진 주간지다。
0x5EE432	15	FD	1	でも、これ実が少ないなぁ。	하지만、이거 알맹이가 적구나。
0x5EE8ED	15	F86B	1	かなってる練習なのかな？）	맞는 연습일까？）
0x5EF43C	15	FB	1	日々精進しております。	날마다 정진해요
0x5EF483	15	FA	1	実家ってどこなんでやんす？	본가가 어딥죠？
0x5EF8F4	15	FD	1	とりあえず想像してみるか。	일단 상상해 볼까。
0x5EF960	15	FA	1	買出しに同行してくれ。	장보기 동행해라
0x5EFD56	15	FA	1	俺を解放してくれるはず！	날 풀어줄 거야！
0x5EFE65	15	FA	1	修行に励もうではないか！	수행 힘써보자！
0x5EFF90	15	FD	1	なんとか迂回できないかな？	어떻게든 우회할 수 없을까？
0x5F0300	15	FA	1	似てるから、なんとなく・・・	닮아서 왠지・・・
0x5F0329	15	F803	1	野球の話なんかするなよ！	야구 얘기 마라！
0x5F0838	15	FB	1	最終日が楽しみですね。	최종일 기대돼요
0x5F08B0	15	FA	1	次は私に勝てるでしょう。	담엔 이기겠죠。
0x5F0A48	15	FA	1	今後はなんでもこのワタシに	앞으론 뭐든지
0x5F0E3A	15	FA	1	練習に使っていたものだ。	연습에 쓰던거다
0x5F121E	15	FA	1	俺の場合、あと２年しか	내 경우 ２년밖에
0x5F1258	15	FA	1	あせっていても仕方がない、	조급해도 헛일
0x5F12B5	15	FB	1	できることは限られてくるな。	할 게 한정된다。
0x5F1448	15	FE	1	・・・まあ、まだ使用法が	・・・뭐、아직 사용법이
0x5F1666	15	FA	1	なにより首の筋肉なのだ。	뭣보다 목 근육。
0x5F16BA	15	FE	1	・・・そこで、ひたすらに俺は	・・・거기서、오로지 나는
0x5F16CA	15	FA	1	首の筋肉を鍛えてきた。	목 근육 단련해
0x5F16DD	15	FE	1	やがて首が太くなり、ついに	이윽고 목이 굵어지고、마침내
0x5F198A	15	FA	1	ように注意してくださいね。	도록 주의해요。
0x5F1A80	15	FA	1	組み手をする練習です。	겨루기 연습。
0x5F1AB7	15	FB	1	がんばらないとすぐに捕まって	안하면 곧 잡혀
0x5F1AC7	15	FA	1	押しつぶされてしまいますよ。	짓눌려버려요。
0x5F1C24	15	F82F	1	唐突なバッドエンドだなぁ。	뜬금없는 배드엔딩이구나。
0x5F1D11	15	FA	1	あと２本入ってるでやんす。	２개 더 들었습죠
0x5F20DA	15	FA	1	それでニンジンという野菜を	당근이란 채소를
0x5F21FB	15	FA	1	受けきってみるのだ、シュッ！	다 받아봐라、슉！
0x5F2357	15	F803	1	ふむ、なかなかやるではないか。	흠、꽤 하는군。
0x5F23D5	15	F803	1	ふむふむ、防御したはいいが	방어는 좋은데
0x5F279A	15	FA	1	弱点を克服したのかな？	약점 극복했나？
0x5F2910	15	FA	1	いえ、遠慮しておきます。）	아뇨、사양해요）
0x5F2F00	15	FD	1	だからこそ、この寺にわざわざ	그렇기에、이 절에 일부러
0x5F2F53	15	FA	1	仕方がないんじゃないのか？	어쩔 수 없잖나？
0x5F2F76	15	FD	1	俺も、どうしてここにいるのか	나도、어째서 여기 있는 것인지
0x5F306F	15	FB	1	すぐに死んでしまうでやんす！	금방 죽습죠！
0x5F31A1	15	F804	1	まあ、ウソは言ってないけど。	거짓말은 아냐。
0x5F32D4	15	FD	1	打てないなら、投げてくれ。	못 치겠으면、던져 줘。
0x5F335D	15	FA	1	そこへ向けて送球するか。	거기 송구할까。
0x5F3440	15	F803	1	それは大丈夫だ、シュッ！	그건 괜찮다、슉！
0x5F34B6	15	FA	1	かなりの数が用意できるぞ	꽤 많이 준비돼
0x5F34D4	15	F804	1	じゃあ、それでお願いします。	그걸로 부탁해요
0x5F37C1	15	FA	1	いくらでもきつくなっていくぞ。	얼마든 힘들어져
0x5F39C1	15	F809	1	先生が料理をするなんて	선생이 요리라니
0x5F3B9C	15	FA	1	とにかく丁寧にやってみろ。	정성껏 해봐라
0x5F3CD8	15	FA	1	できないことはないじゃないか！	못할 건 없잖아！
0x5F3DD7	15	FB	1	でも、筋トレも続けないと。	근력운동도 계속
0x5F3EDA	15	FA	1	同じ事をやったでやんすよ。	같은 짓 했습죠。
0x5F40CE	15	FA	1	外で悪用してはならんぞ。	밖서 악용 마라。
0x5F446D	15	FA	1	いろいろと大変だなぁ、と。	여러모로 힘들다
0x5F458E	15	FA	1	なんだか以前と違うよな。	왠지 전과 달라。
0x5F45C6	15	FA	1	悩んでいてもしょうがないし、	고민해도 헛일
0x5F4729	15	FA	1	ＤＶＤ付きとはどういうことだ	ＤＶＤ 포함이 뭐냐
0x5F4D06	15	FD	1	そういえば、同じ歳くらいの	그러고 보니、또래로 보이는
0x5F4D74	15	FA	1	結構いるらしいでやんすよ。	꽤 있답죠。
0x5F4EA2	15	F8F8	1	いや、そんなこと言われても。	그리 말해도。
0x5F5071	15	FE	1	・・・話でもするでやんすか？	・・・이야기라도 합죠？
0x5F51FF	15	FE	1	オイラには夢があるでやんす。	나에게는 꿈이 있습죠。
0x5F5237	15	FA	1	裕福に暮らすのでやんす！	부유하게 삽죠！
0x5F5339	15	F803	1	ちょっと、素振りしてくる！	스윙 하고 온다！
0x5F560C	15	FD	1	いくらなんでも、早すぎるよ。	아무리 그래도、너무 이르다。
0x5F56B1	15	FB	1	オイラの勝ち逃げでやんす。	제 승리랍죠。
0x5F59AD	15	FD	1	食材を理解するように、	식재료를 이해하듯이、
0x5F5A48	15	FE	1	おまえには期待できそうだ。	너에게는 기대할 수 있을 것 같다。
0x5F6125	15	FA	1	熱い性格だったんだな。）	뜨거운 성격이군
0x5F6701	15	FA	1	次は野球で勝負だぞ。	담엔 야구 승부。
0x5F6A44	15	FA	1	くれるかもしれないじゃないか。	줄지도 모르잖아
0x5F6AA6	15	FA	1	あの話題しかないでやんす。	그 얘기뿐입죠。
0x5F7265	15	F809	1	）君と知り合いになった。	）군과 알게됐다。
0x5F72F0	15	FD	1	俺・・・入門するつもりは	나・・・입문할 생각은
0x5F7393	15	FA	1	ここで修行するのでやんす。	여기 수행합죠。
0x5F73A6	15	FE	1	なにか判らないことがあったら	뭔가 모르는 것이 있으면
0x5F7402	15	FA	1	イヤでも出られるでやんすよ。	싫어도 나갑죠。
0x5F749F	15	F804	1	そりゃあ、無理でやんすね。	그건 무립죠。
0x5F74C9	15	FA	1	多いんでやんすけど、いまだに	많습죠만、아직도
0x5F765F	15	FA	1	ここの様子を知るためにも	여기 상황 알려
0x5F76D1	15	FA	1	注意するから安心しろ。	주의하니 안심해
0x5F781F	15	FB	1	「Ｘ」マークの書かれた的に	「Ｘ」표시 과녁에
0x5F809E	15	F809	1	先生の部屋のゴミ箱で	선생 방 휴지통
0x5F81D8	15	FE	1	ムラムラじゃなくて、ムズムズ！	욱신거리는 게 아니라、근질근질！
0x5F8225	15	FD	1	なんて言ったらいいんだろう。	뭐라고 하면 좋을까。
0x5F89FC	15	FB	1	オレなんて赤ん坊のころに、	난 갓난아기 때、
0x5F8C02	15	FD	1	でも俺たち学生がやると、	하지만 우리 학생이 하면、
0x5F8C42	15	FB	1	個人の自由なのか・・・	개인 자유인가
0x5F8D7E	15	FB	1	また、話聞かせてくれよな。	또 얘기 들려줘。
0x5F8E4A	15	FE	1	そんなものが食べたいなんて、	그런 것이 먹고 싶다니、
0x5F8E9B	15	FA	1	そういうものを食べたがるのが	그런 걸 먹고픈
0x5F94B9	15	FE	1	なら、それ取ってきてやるよ！	그럼、그거 가져다주마！
0x5F9902	15	FA	1	明日は修行するんだぞ。	내일 수행한다。
0x5F9CE8	15	F803	1	うわ、もう昼すぎになってる！	벌써 낮 지났다！
0x5F9EB4	15	F809	1	先輩が、さらにいやがらせを	선배가 괴롭힘을
0x5FA7E1	15	FE	1	オレは野球が嫌いなんだ！	나는 야구가 싫단 말이다！
0x5FA9C7	15	FE	1	体力が減っているときには	체력이 줄어 있을 때는
0x5FA9E1	15	F809	1	で休んだ方がいいでやんす。	서 쉬는 게 낫죠
0x5FAAB2	15	FA	1	あの人も先輩の一人？	그 사람도 선배？
0x5FACF2	15	FE	1	拳法の達人でやんすよ。	권법의 달인입죠。
0x5FB728	15	FA	1	ちゃんと戻ってくるのかな？）	잘 돌아올까？）
0x5FB866	15	FA	1	何にムキになっていたんだ？！	뭐에 열올렸나？！
0x5FC2F9	15	F825	1	君、だいじょうぶでやんすか？	군、괜찮습죠？
0x5FC3BE	15	FE	1	臭いがうつってるんじゃ・・・	냄새가 밴 것 아닌가・・・
0x5FC469	15	F825	1	くん、６人抜きおめでとう。	６인 연파 축하。
0x5FC7CF	15	FB	1	長生きはするもんじゃのう。	오래 살 일이군。
0x5FC839	15	FA	1	ワシの攻撃をしのいだのう。	내 공격 견뎠군。
0x5FCB5F	15	FA	1	練習に励んでますからね。	연습에 힘쓰니。
0x5FCDAD	15	FD	1	なんだ野球の練習かぁ。	뭐야 야구 연습이구나。
0x5FD227	15	FB	1	拳法の実戦訓練だ。	권법 실전훈련。
0x5FD6F5	15	FA	1	手加減してくれたからで。	봐줘서 그래요。
0x5FD7B0	15	F815	1	ええと、まあ、せっかくですし。	뭐、모처럼이니。
0x5FDE81	15	FA	1	できるなんて、ラッキーだよな。	된다니 운좋다。
0x5FE11B	15	FD	1	すみません、失礼しました！	죄송합니다、실례했습니다！
0x5FE15F	15	FA	1	ここに来たのはまちがい・・・	여기 온 건 실수
0x5FE361	15	F825	1	君、何やってるんでやんす？	군、뭐합죠？
0x5FE3DE	15	FA	1	さすがにやられると思ったよ。	당할 줄 알았다。
0x5FE548	15	FA	1	ちょっと考えてみるでやんす。	좀 생각해봅죠。
0x5FE603	15	FE	1	いいでやんすか、想像上の	잘 들읍쇼、상상 속의
0x5FE629	15	FE	1	オイラはガンダーロボに乗って	나는 간다 로보를 타고
0x5FE8A4	15	F825	1	君自身なんでやんすから、	군 자신입죠、
0x5FE938	15	FA	1	どれだけバカなことをやってるか	얼마나 바보짓
0x5FEC60	15	FE	1	やっぱり、試合をやらなきゃ	역시、시합을 해야
0x5FEE34	15	FB	1	じゃあ次は誰なんだろう。）	다음은 누굴까。）
0x5FF246	15	FA	1	出ないといけないようですな。	나가야 할듯하네
0x5FF3B7	15	FA	1	ずいぶんあなたも強くなった。	당신도 강해졌군
0x5FF667	15	F803	1	速さに自信のあるワタシが	속도 자신있는
0x5FFCC6	15	FB	1	その隙に電話するからさ。	그 틈에 전화해。
0x5FFDCF	15	F829	1	とにかく大変なんでやんす！	아무튼 힘듭죠！
0x60031C	15	FA	1	電話を貸りたいのですが。	전화 좀 빌려요。
0x600789	15	FB	1	では、その大事な自由を	그 소중한 자유
0x60083A	15	FA	1	という気持ちが生まれる。	란 맘이 생긴다。
0x60084D	15	FD	1	そういうことじゃないんですか。	그런 것 아닙니까。
0x600934	15	FA	1	どんな練習をやればいいのか	어떤 연습 할지
0x600AFC	15	FB	1	これから部活でその遅れを	앞으로 부활동서
0x600B0C	15	FA	1	取り戻せばいいじゃないか。	되찾으면 되잖아
0x600C7F	15	FD	1	ウソだろ、あんなに打ちやすい	거짓말이지、그렇게 치기 쉬운
0x600D1A	15	FD	1	それってどういう意味だよ。	그거 무슨 의미야。
0x600F32	15	FA	1	出てきたけど、やっていたのは	나왔는데 한 건
0x600F9B	15	FA	1	イベントも少ないし、ゲームも	이벤트도 적고
0x6011C1	15	FA	1	本来のサクセスだったのか。	본래 석세스였나
0x601257	15	FA	1	まったくないらしいな・・・。）	전혀 없다더군）
0x601B2D	15	FB	1	背筋を伸ばして歩けば、	등 펴고 걸으면、
0x601E34	15	F805	1	うーん・・・まあ、そうですね。	으음・・・그렇죠。
0x601F09	15	FB	1	それで、偶然なんですけど、	근데 우연인데、
0x601F19	15	FA	1	ボールが売っていたんですよ。	공을 팔더군요。
0x601FB9	15	FB	1	修行も大変でしょうが、	수행도 힘들겠죠
0x6021B3	15	FE	1	一度やると決めたのなら、	한번 하기로 정했다면、
0x6022E1	15	FA	1	すごいキャッチだったでやんす！	굉장한 캐치죠！
0x6029C1	15	FA	1	修行の事じゃありません。	수행 얘기 아뇨。
0x602A69	15	FA	1	医者には違いありません。	의사인 건 확실。
0x602B8E	15	FA	1	どうしようもない事ですから、	어쩔수없는 일이
0x602C46	15	FE	1	まあ、そんな事がきっかけで、	뭐、그런 일이 계기가 되어서、
0x602CFA	15	F825	1	君の、この修行はどこかで	이 수행 어딘가
0x602F8D	15	FA	1	いつでも相談にのりますよ。	언제든 상담해요
0x6041B3	15	FE	1	これが「速い」という事だ！	이것이 「빠르다」는 것이다！
0x604542	15	F804	1	そういうわけじゃないですけど。	그런 건 아닌데。
0x605337	15	F829	1	「シュッ」って何なのですか？	「슉」이란 뭐죠？
0x6056B9	15	FA	1	教えていただきたいのですが。	가르쳐주셨으면。
0x6056E0	15	F829	1	では、教えてやろう、シュッ！	알려주마、슉！
0x605B96	15	FE	1	ならテストしてやろう、シュッ！	그렇다면 시험해 주마、휙！
0x605CF2	15	FB	1	早く捕まえてみろ、シュッ！	빨리 잡아봐、슉！
0x6060BC	15	F800	1	食事は遅くても５分以	식사는 늦어도 ５분 이
0x606242	15	F804	1	（まあ、たぶんできないだろうと	（아마 못할거라
0x606334	15	F829	1	では修行の前にテストして	수행 전 테스트
0x606399	15	F804	1	いやまあ、そうですが・・・・。	뭐 그렇긴 한데
0x606CA3	15	F804	1	い、いや、そんな事ないです。	그런 일 없어요。
0x606DB4	15	F803	1	聞き逃すなと言ったのに。	놓치지 말랬는데
0x606E10	15	F804	1	きっと聞き間違いだよな）	잘못 들은거지）
0x5E6714	14	F800	1	搭さい」のふい尅さい６あ	
0x5E8260	14	F825	1	君は元気でやんすねぇ。	군은 팔팔합죠。
0x5E831F	14	FA	1	どこにいっちゃったんだろう？	어디로 갔을까？
0x5E8331	14	FD	1	せっかく野球の練習を	모처럼 야구 연습을
0x5E83AA	14	F809	1	を十分鍛練しました。	를 충분히 단련
0x5E8802	14	FD	1	誰か置き忘れたのかな？	누가 놓고 간 걸까？
0x5E894D	14	FA	1	あくまでも「祭」じゃから。	「축제」니까。
0x5E8F91	14	F815	1	よし、野球の練習だ！	좋아、야구연습！
0x5E9358	14	FA	1	意外と面白かったな。	의외로 재밌군。
0x5E952B	14	FA	1	みんな逃げ出してるよな。	다들 도망치네。
0x5E9B21	14	FB	1	みんなやってることだからな！	다들 하는거야！
0x5E9F24	14	FE	1	・・・今日はここまでか。	・・・오늘은 여기까지인가。
0x5EA0BB	14	FA	1	シリーズとしてこの処理は	시리즈 이 처리
0x5EA13E	14	FA	1	がんばってもらうしかないから	힘내는 수밖에
0x5EA516	13	F822	1	おーい、どこに行くんだ？	이봐아、어디 가는 거냐？
0x5EA620	14	FD	1	このキャラメルでも、食って	이 캐러멜이라도、먹고
0x5EAECE	14	FA	1	そして「十八銅人」。	「십팔동인」。
0x5EAF78	14	FA	1	今ごろはオイラもモテモテの	지금쯤 인기남
0x5EAFD4	14	FB	1	この修行が終わったら、	이 수행 끝나면
0x5EB1C5	14	F85A	1	（制作者から一言。	（제작자 한마디
0x5EB411	14	F8F8	1	動体視力を上げたい	동체시력 상승
0x5EB63A	14	FE	1	フッ、ついに俺のライバルが	훗、드디어 내 라이벌이
0x5EB649	14	FA	1	登場したというわけだな！	등장한 셈이군！
0x5EB783	14	F809	1	君、俺は目覚めたぞ。	군、난 눈떴다。
0x5EB8B4	14	F809	1	がゼロになってしまいました。	가 ０이 됐어요。
0x5EBA04	14	FA	1	寺まで運んでくれないか。	절까지 옮겨줘。
0x5EBAC6	14	F815	1	滑り込みがうまくなりたい	슬라이딩 향상
0x5EBE12	14	F803	1	それじゃ、俺がもらいます！	내가 받는다！
0x5EBE72	14	F815	1	遠くへ正確に投げたい	멀리 정확 송구
0x5EBF62	14	F8F8	1	低めに正確に投げたい	낮게 정확 송구
0x5EBF72	14	F8F8	1	調子にメリハリが欲しい	상태 기복 주기
0x5EC21E	14	F85A	1	選手作成、失敗！	선수작성 실패！
0x5ECC4E	14	F809	1	の畑の管理は、全部	밭 관리는、전부
0x5ECE2B	14	FB	1	日々の精進のおかげで	매일 정진 덕에
0x5ECE77	14	FA	1	強くなっていることだろう。	강해졌을거다。
0x5ED40E	14	FF	1	まさか、またサボってるのか。	설마、또 땡땡이치는 거냐。
0x5ED431	14	FB	1	ひょっとしてサボってるのか？	혹시 농땡이냐？
0x5ED58E	14	FB	1	黙ってちゃ、わからんだろ！	말 안하면 몰라
0x5ED73D	14	FD	1	迎えに来てくれないかな？	데리러 와 주지 않으려나？
0x5EDAE5	14	FA	1	向こうも何もできません。	상대도 못하죠。
0x5EDE46	14	FB	1	何事も続けてみないと、	뭐든 계속해야、
0x5EDF04	14	FD	1	でも、どうしてそんなものが。	하지만、어째서 그런 것이。
0x5EDF2B	14	FB	1	買出しの時に、こっそり	장볼 때 몰래
0x5EDF97	14	FB	1	ほら、このページ見てみな。	이 페이지 봐。
0x5EE01A	14	F809	1	先生に見つかったんだ。	선생께 들켰다。
0x5EE0C2	14	FB	1	ほんと、ウブな人だよなぁ。	참 순진한 사람
0x5EE889	14	FA	1	ドラを鳴らしつづけるんだ。	징 계속 울려라
0x5EEF5B	14	FA	1	合計３つの水の桶を、	총 ３개 물통을、
0x5EEF6A	14	FA	1	山の上まで運ぶだけだ。	산 위로 나른다
0x5EF22B	14	FA	1	やり直すことになりますね。	다시하게 되죠。
0x5EF4A5	14	FA	1	なんてこと聞いてるんだよ！	뭘 묻는거야！
0x5EF550	14	F809	1	がお父さんなんでやんすか！	가 아버지랍죠！
0x5EF876	14	FA	1	体長５メートルあったら、	체장 ５미터면、
0x5EF8B9	14	FB	1	では、宿題にしておこう。	숙제로 하자。
0x5EFAF7	14	FE	1	そろそろ山へ帰りますよ。	슬슬 산으로 돌아가겠습니다。
0x5EFBB6	14	FD	1	（まあ、そのうちにもっといい	（뭐、머지않아 더 좋은
0x5EFBC5	14	FA	1	チャンスが来るだろうし。）	기회 올거고。）
0x5EFC0E	14	FD	1	これ、ムダに大きいよなぁ。	이거、쓸데없이 크구나。
0x5F01FF	14	FB	1	もっと前の腕をまっすぐに	더 앞팔을 곧게
0x5F0676	14	FA	1	枝の上に戻してやるか。	가지로 돌려놔。
0x5F096A	14	FA	1	すぐに回復するでしょう。	곧 회복하겠죠。
0x5F0A9F	14	FB	1	そしてこのワタシはこの房の	난 이 방의
0x5F0AF5	14	F803	1	気にするな、これはあくまで	신경 마라、이건
0x5F0C2F	14	F809	1	のポイントが溜まります。）	포인트 쌓여요）
0x5F1040	14	FB	1	毎日修行ばっかりで。	매일 수행뿐。
0x5F105F	14	FA	1	ここで悩む自由はある。	고민할 자유는。
0x5F10E4	14	FB	1	規則というのは、もちろん	규칙이란 물론
0x5F1170	14	FA	1	成立させておるわけじゃ。	성립시키는 것。
0x5F12E3	14	FA	1	寺を調べてみるでやんす！	절 조사해봅죠！
0x5F1458	14	FA	1	確立されてませんけどね。	확립 안됐지만
0x5F15D1	14	FE	1	いいか、俺様の名前は	잘 들어라、이 몸의 이름은
0x5F178C	14	FE	1	お前たちもやってみないか？	너희도 해 보지 않겠나？
0x5F1AF2	14	FA	1	怪我しないためだとして、	부상 안당하려、
0x5F1B1F	14	FB	1	昔から決まっているとしか	예부터 정해진
0x5F1C5C	14	FA	1	クリアできるようになっている	클리어 가능한
0x5F1D6F	14	F808	1	パワプロクンポケットシリーズ	파워포켓시리즈
0x5F1DC7	14	FA	1	入ることになったでやんす。	들어가게 됐죠。
0x5F1DEB	14	FA	1	もったいなくなったな・・・）	아까워졌군・・・）
0x5F2083	14	FA	1	カロチンの吸収がいいって	카로틴 흡수가
0x5F2092	14	FA	1	テレビでやってたでやんすよ。	티비서 했습죠。
0x5F231B	14	F803	1	さっそく実践だ、シュッ！	당장 실천、슉！
0x5F2467	14	F803	1	まあ、この結果をそんなに	이 결과를 그리
0x5F267D	14	FB	1	・・・アイドル写真集。	・・・아이돌 화보
0x5F2861	14	F815	1	その髪型はいったい・・・	그 머리는 대체
0x5F28EB	14	FA	1	別に俺は気にしないぞ。	난 신경 안써。
0x5F29D3	14	F809	1	に一度も行ってないの？	에 한번도 안가
0x5F2E44	14	FD	1	どこかで練習していれば、	어딘가에서 연습하고 있으면、
0x5F35C6	14	F803	1	とても簡単な練習だ、	간단한 연습、
0x5F3620	14	FA	1	ような気がしますけど・・・	듯한 느낌・・・
0x5F3729	14	FA	1	走り回るだけだ、シュッ！	뛰어다닌다、슉！
0x5F37B2	14	FA	1	だんだんと伸ばしていくから	점점 늘려가니
0x5F3C10	14	F809	1	君のむいたこのイモは・・・	네가 깐 감자는
0x5F3D4A	14	FA	1	チャンスがないっていうのに。	기회 없다는데。
0x5F402A	14	FA	1	するより、よっぽどいいよな。	보다 훨씬 낫지
0x5F403C	14	FD	1	よーし、今日からやるぞ！	좋았어、오늘부터 하겠어！
0x5F412D	14	FA	1	悪事に用いる者がな。	악행에 쓰는 놈
0x5F419C	14	FA	1	なさそうだから安心だな。	없을듯해 안심。
0x5F46D9	14	F803	1	ふむ、アイドル写真集？	흠、아이돌화보？
0x5F4926	14	FD	1	ぜんぜん変わってないんだ。	전혀 변하지 않았어。
0x5F4938	14	FD	1	やっぱり拳法の修行と	역시 권법 수행과
0x5F4B59	14	FA	1	買って欲しいのでやんす。	사줬으면 합죠。
0x5F4C00	14	F805	1	・・・変な夢見たなぁ。	・・・이상한 꿈。
0x5F4C4A	14	FA	1	このお寺に来たようだ。）	이 절에 온 듯）
0x5F535E	14	F804	1	・・・熱血でやんすねぇ。	・・・열혈입죠。
0x5F54D8	14	FB	1	それでは、試合開始！	그럼 시합개시！
0x5F5527	14	FA	1	手加減なしでやんすね。	봐주기 없습죠。
0x5F568F	14	FA	1	勝ったことにはならないが？	이긴 건 아닌데
0x5F5B63	14	FA	1	知らなければならないことが	알아야 할 것이
0x5F5CBB	14	FA	1	機嫌が悪そうだったな。	기분 나빠보여。
0x5F5D41	14	FA	1	どうするかと、聞かれたから	어쩌냐 물어서
0x5F5F74	14	FA	1	今日も来てるんですか？	오늘도 왔나요？
0x5F66B1	14	FB	1	いいか、今日は負けたが	오늘은 졌지만
0x5F66F2	14	FA	1	格闘技だったんだから、	격투기였으니
0x5F697D	14	F809	1	先輩と仲良くなるには	선배와친하려면
0x5F6E24	14	FA	1	わたしを殴ってくれたまえ。	나를 때려주게。
0x5F6F49	14	FB	1	宿舎へ皆戻るように。	숙소로 다 가라
0x5F7129	14	FD	1	つまり、さっきのは痛・・・	즉、아까 그건 아파・・・
0x5F7552	14	FA	1	山道で迷って、ふもとに	산길서 헤매다
0x5F79E0	14	FE	1	次は、もっと積極的に	다음은、더 적극적으로
0x5F79EF	14	FA	1	勝ちを狙っていくように。	승리를 노리게。
0x5F7D7A	14	FD	1	先輩、気が利くなぁ。	선배、센스 있네。
0x5F7F3E	14	FA	1	注意したんですけどねー。	주의했는데요。
0x5F81FD	14	FA	1	鼻血が出るらしいんだ。	코피 난다더라。
0x5F82C3	14	F803	1	なんだよ、もったいぶるなよ！	뜸들이지 마라！
0x5F8446	14	F8F8	1	捕まえて、逃がしてやる。	잡아서 놔준다。
0x5F8762	14	FD	1	・・・外に逃がしてくる。	・・・밖으로 놓아주고 오겠다。
0x5F8A23	14	FE	1	名前も寺の前だから「	이름도 절 앞이니까 「
0x5F8AB7	14	FB	1	外の世界の連中って	밖 세계 놈들은
0x5F8B87	14	FD	1	そういえば、紫や黄色に	그러고 보니、보라색이나 노란색으로
0x5F8FA7	14	FE	1	まあ、食べてみるでやんす。	뭐、먹어 봅죠。
0x5F907F	14	F805	1	これが噛み砕けないなら、	이걸 못씹으면、
0x5F93D5	14	FE	1	オレもやりたくなってきたよ。	나도 하고 싶어졌어。
0x5F9432	14	FA	1	キャッチボールならできるよ。	캐치볼은 되지。
0x5F95CF	14	FB	1	案外楽しいじゃねえか！	의외로 재밌네！
0x5F9887	14	F8F8	1	実はそうなんです、えへへ。	실은 그래요。
0x5F9E9A	14	FA	1	先生方に怒られるし、	선생께 혼나고、
0x5F9EF1	14	FE	1	誰にもバレないようにやれば	아무에게도 들키지 않게 하면
0x5F9FAC	14	FA	1	ちょっと黙ってろでやんす！	좀 조용합죠！
0x5FA34D	14	FA	1	教えてやろうと思ってな。	알려주려 했다。
0x5FA3C1	14	FE	1	元々拳法マニアだから	원래 권법 마니아라서
0x5FA587	14	F804	1	どうだ、よくわかっただろう？	어때、잘 알겠나
0x5FA899	14	FA	1	あそこってどういう場所？	거긴 어떤 곳？
0x5FA8EC	14	FA	1	ケガしちゃうでやんすからね。	다쳐버립죠。
0x5FAC27	14	FE	1	君も、すぐに慣れますよ。	자네도、금방 익숙해질 겁니다。
0x5FADF8	14	FE	1	食べる時に、クチャクチャ	먹을 때에、쩝쩝
0x5FB422	14	FA	1	戦って勝ってみるんだな！	싸워 이겨봐라！
0x5FB5C4	14	FE	1	お前が負けた理由は、	네가 진 이유는、
0x5FB8AC	14	FA	1	ちゃんと返してくださいよ！	제대로 돌려줘！
0x5FB947	14	FB	1	あいつも、やられっぱなしじゃ	놈도 당하기만
0x5FBCCE	14	FA	1	絶対に強くなりますよ。	꼭 강해져요。
0x5FBDFB	14	FE	1	一生懸命修行して	열심히 수행해서
0x5FBE2B	14	FB	1	オレのライバルになってくれ！	내 라이벌 돼！
0x5FC3AC	14	FA	1	隠されていたんでやんすか！	숨겨져있었죠！
0x5FC479	14	FB	1	この夏のあなたの上達は	여름 네 향상은
0x5FCEB4	14	FB	1	一緒に練習しますか？	같이 연습할까？
0x5FD5AD	14	FB	1	この後の修行のためにも	이후 수행 위해
0x5FD82C	14	FB	1	そういえば、そうじゃったの。	보니 그랬군。
0x5FDA2B	14	FE	1	それと、言い忘れていたが	그리고、말하는 걸 잊었는데
0x5FDCCC	14	FA	1	遅刻してみんなとはぐれ、	지각해 놓쳐서、
0x5FE1EF	14	FA	1	修行をしていけってこと？	수행하고 가란？
0x5FE517	14	FB	1	すごく鍛錬になるんだぞ。	엄청 단련된다。
0x5FE539	14	FA	1	さっきオイラが笑ったのか、	아까 웃었나요、
0x5FE948	14	FA	1	わかるんじゃないでやんすか？	알잖습죠？
0x5FFA8F	14	FA	1	よく命があるなぁ、俺。）	용케 살아있네）
0x5FFAD8	14	FE	1	ですが、そろそろ疲れてきた	하지만、슬슬 지쳐 왔
0x5FFC2C	14	F8F8	1	いや、電話はやめておこう	전화는 말자。
0x5FFC7E	14	FA	1	ちょっとオトリになってくれ。	미끼 좀 돼줘。
0x600097	14	FB	1	きっとすごいブスでやんすよ！	분명 추녀입죠！
0x6005AA	14	FA	1	なんだかさびしいでやんすね。	왠지 쓸쓸합죠。
0x600A60	14	FA	1	薄情なチームメイトだよ！	박정한 팀원！
0x600BAB	14	FA	1	すごいキャッチしなかったか？	멋진 캐치였지？
0x6019BD	14	F809	1	君どこに投げてるんだよ！	군 어디 던져！
0x601A86	14	F829	1	もっと背筋を伸ばして！	더 등 펴고！
0x602399	14	FB	1	だれか呼んでくるでやんす！	누구 불러옵죠！
0x6023F3	14	FB	1	ちょっと、足のひねり方が	발 비트는 법이
0x602648	14	FA	1	腰を痛めたらしくて・・・	허리 다쳤대・・・
0x60269B	14	FB	1	ちょっとついてきてください。	잠깐 따라와요。
0x602737	14	FA	1	そこに横になってください。	거기 누우세요。
0x6029E8	14	FB	1	修行をしたからといって、	수행했다 해서、
0x602A32	14	FD	1	先生は、違いますよね。	선생님은、다르시죠。
0x602AEB	14	FE	1	私の師匠の話なんです	제 스승님 이야기입니다
0x602CE9	14	FA	1	間に合いませんでしたが、	못 맞췄지만、
0x602E18	14	FB	1	聞きたいことがあるんですけ	묻고픈 게 있는
0x602FD4	14	FB	1	このお寺についてなんですけ	이 절에 대해선
0x603127	14	F809	1	を任されているのですから、	를 맡고있으니、
0x60319C	14	F800	1	だって、腰を痛めた時と	왜냐면、허리를 다쳤을 때와
0x603566	14	FC	1	さいえ鮎いボ鮎いヂ鮎い	
0x603612	14	F800	1	さい亜さい尅さいりへい	
0x603632	14	FC	1	さいＹ鮎いォ鮎い２鮎い	
0x6041C6	14	F829	1	覚えておくがいい！シュッ！	기억해둬！슉！
0x60422C	14	FA	1	いいとか、なんかないですか？	좋다든가 없나？
0x604287	14	F804	1	本当ですか！！やった！！	정말요！！야호！
0x6042B1	14	F803	1	まあ、待て。そう焦るな。	기다려。조급마。
0x60488D	14	FA	1	頑張りたいと思います。	힘내고 싶어요。
0x6053E8	14	F804	1	では教えてくれるのですか？	그럼 알려줘요？
0x60550D	14	FB	1	そしてもっと歯切れよく！	더 또박또박！
0x60555D	14	F803	1	もっと大声で、シュッ！！	더 크게、슉！！
0x6055CC	14	F803	1	いや、今日はやめておけ。	오늘은 그만둬。
0x6056F9	14	F804	1	はい！ありがとうございます！	네！감사합니다！
0x605768	14	FD	1	というかただの口癖じゃ？	그보다 그냥 말버릇 아닌가？
0x605DC0	14	F804	1	ええい！なんとなく左だ！！	에잇！왼쪽！！
0x606835	14	F804	1	はい。ありがとうございます。	네。감사합니다。
0x606D8D	14	F829	1	聞き逃してしまいました。	놓쳐버렸어요。
0x606D9C	14	FB	1	もう一度お願いします。	다시 부탁해요。
0x5E5FB0	13	FF	1	Ｙなふい杠ふい」のふい（	
0x5E62C7	13	FC	1	いみまふい忍へいエやふい	
0x5E67C0	13	F800	1	搭さいボのふいわぬふい❤	
0x5E6884	13	F800	1	搭さいトなふいフねふい（	
0x5E6C58	13	F800	1	やねふい」のふい亜さい（	
0x5E6EA4	13	F800	1	ワぬふいワ鮎い」にふい❤	
0x5E71A4	13	FC	1	搭さいヤとふいＱなふい（	
0x5E7588	13	F800	1	ごとふいわにふいぱなふいけ	
0x5E8D9F	13	FA	1	こうして掃除でやんす。	이리 청소죠。
0x5E9C39	13	FB	1	うまくいってるでやんすか？	잘 되갑죠？
0x5E9FC4	13	FD	1	しかし、スズメが友達？	하지만、참새가 친구？
0x5EA0A1	13	FA	1	５回でゲームオーバーとは	５회 게임오버
0x5EA11B	13	FA	1	ゴミの回収日だった、	쓰레기 수거일
0x5EA2ED	13	FD	1	ここの壁に穴があるぞ。	여기 벽에 구멍이 있다。
0x5EA62F	13	FA	1	元気を出すでやんす。	기운 냅죠。
0x5EA81A	13	F809	1	さんがいたあたりからだな。	씨 있던 근처。
0x5EAFE3	13	FA	1	スポーツよりも他のことに	스포츠보다 딴
0x5EB4C0	13	F8F8	1	正確に球を投げたい	정확한 송구
0x5EB4CF	13	F8F8	1	常に平常心でいたい	늘 평상심으로
0x5EB93A	13	FD	1	まわりには誰もいないぞ。	주위에는 아무도 없다。
0x5EBBA2	13	F8F8	1	不意をついて投げたい	기습 투구
0x5EBF53	13	F815	1	球を正確に投げたい	공 정확 송구
0x5ECA02	13	F815	1	あきらめない心が欲しい	포기않는 맘
0x5ECD21	13	FD	1	しかし、こういう作業は	하지만、이런 작업은
0x5ECEB4	13	FA	1	どこの出身なんですか？	어디 출신？
0x5ED047	13	FE	1	いきなり、なに変なことを	갑자기、무슨 이상한 소리를
0x5ED0DE	13	FA	1	なんだかおかしいでやんす！	왠지 이상죠！
0x5ED456	13	F8F8	1	修行がきつくて・・・。	수행 힘들어。
0x5ED840	13	FA	1	ここは、なんという房だ？	여긴 무슨 방？
0x5EDA3B	13	FB	1	どれか一つを選ぶのだ！	하나 골라라！
0x5EDD3F	13	FA	1	ということはないですけど。	란 건 아닌데。
0x5EDD75	13	FB	1	いろんな動きのヒントには	움직임 힌트로
0x5EDDA0	13	FB	1	実は、わたしもそのことを	나도 그걸
0x5EE682	13	F8F8	1	とっさにミスをカバーしたい	실수 커버하기　　　
0x5EFA01	13	F809	1	先生が引率とは。）	선생이 인솔。）
0x5EFAAB	13	FD	1	どこの学校なんだろう。	어느 학교일까。
0x5EFD0D	13	FA	1	関係らしいでやんすよ。	관계랍죠。
0x5EFF32	13	F815	1	いや・・・無理だろう。	아니・・・무리。
0x5F001F	13	FA	1	こんな所まで来るとは。	이런 데까지。
0x5F0113	13	FD	1	無駄なことはしないぞ。	쓸데없는 짓은 하지 않는다。
0x5F02F2	13	FD	1	いや、バッティングのコツと	아니、배팅의 요령과
0x5F078E	13	FA	1	思って戦ってください。	여겨 싸워요。
0x5F0895	13	FB	1	しかし、私の攻撃には	허나 내 공격
0x5F0979	13	FB	1	まあ、一応テーピングを	일단 테이핑을
0x5F0A14	13	FA	1	管理しているところの、	관리하는、
0x5F0A3A	13	FB	1	わからないことがあったら、	모르는 건、
0x5F0A86	13	FB	1	ここは、すばやさを鍛える	민첩 단련하는
0x5F0AAE	13	FA	1	責任者であるところの	책임자인
0x5F0BD5	13	FA	1	動けばよいのだ、シュッ！	움직여라、슉！
0x5F0BF8	13	F804	1	（今回は主人公が	（이번 주인공
0x5F0E0D	13	FA	1	どういうものなのでやんす？	어떤 것입죠？
0x5F0EE9	13	FE	1	ふびんだから、そのボールは	가엾으니까、그 공은
0x5F0F32	13	FA	1	まったくおとがめナシなんで	전혀 처벌없는
0x5F0FB3	13	FA	1	この夏は終わるのかな。	여름 끝나나。
0x5F1312	13	FB	1	なんだか、重いでやんす。	왠지 무겁죠。
0x5F136C	13	FD	1	でも、どうしてこの寺に？	하지만、어째서 이 절에？
0x5F14E4	13	FB	1	倉庫の隅にあるよりは	창고 구석보단
0x5F15FB	13	FB	1	ようく覚えておくんだぞ。	잘 기억해둬。
0x5F177B	13	FE	1	どうだ、すばらしいだろう。	어떠냐、훌륭하지。
0x5F1B01	13	FA	1	どうして１８人なんです？	왜 １８인이죠？
0x5F1C4E	13	F809	1	の数値に気をつければ	수치 신경쓰면
0x5F1DAE	13	FB	1	でも、製品版にもこの	제품판에도 이
0x5F1E71	13	FA	1	・・・結構難しいよ。	・・・꽤 어렵다。
0x5F26D2	13	FB	1	そうだ、こうなったら・・・	그래、이리되면
0x5F2776	13	FB	1	あの本、高かったのに。	책 비쌌는데。
0x5F2871	13	F8F8	1	どのくらい強いんですか？	얼마나 세요？
0x5F2880	13	F8F8	1	変わった名前ですね。	특이한 이름。
0x5F2BDE	13	F8F8	1	（全力で逃げ出す）	（전력 도주）
0x5F2F37	13	FA	1	この寺に来たんだよな。	절에 왔었지。
0x5F2FB5	13	FD	1	あ～あ、お前はいいよな。	아아、너는 좋겠다。
0x5F3322	13	FD	1	よし、これを取って・・・	좋아、이걸 가지고・・・
0x5F3397	13	FB	1	効率が悪いでやんす。	효율 나쁩죠。
0x5F3744	13	F804	1	これは簡単そうですね。	이건 쉬울듯。
0x5F3A74	13	FD	1	でも、お寺と料理って	하지만、절과 요리라니
0x5F3BD9	13	FA	1	すじがとれてないでやんす！	심줄 안뗐죠！
0x5F3BFA	13	FD	1	で、でも、それを言うなら	하、하지만、그걸 말하자면
0x5F3C57	13	FA	1	栄養があるんでやんす！	영양 있습죠！
0x5F3DFB	13	FA	1	持ち上げるでやんすか？	들어올립죠？
0x5F40C0	13	FA	1	ここで学んだ武術を、	배운 무술을、
0x5F4257	13	F809	1	の評判も落ちますし、	평판도 떨어져
0x5F44B8	13	FA	1	重大な問題ですよ。	중대한 문제。
0x5F49BF	13	FA	1	コマンドがあるのでやんす。	커맨드 있죠。
0x5F4CBF	13	FA	1	買ってくれるのでやんす。	사주십죠。
0x5F4F60	13	FE	1	気に入らない奴だな。	마음에 안 드는 녀석이군。
0x5F5581	13	FE	1	オイラ、なんだか自分に	나는、어쩐지 자신에게
0x5F5637	13	F825	1	君とは互角でやんす。	군과 호각죠。
0x5F5673	13	FA	1	兵法としては正しい。	병법으론 옳다
0x5F589E	13	F8F8	1	一を聞いて十を知れ	하나로 열알라
0x5F5ECA	13	FA	1	この寺を離れたくない。	떠나기 싫다。
0x5F603C	13	FE	1	お前さんは心配せずに	자네는 걱정하지 말고
0x5F64AF	13	F825	1	は、きっと強くなれるぞ。	는 꼭 강해져
0x5F69B2	13	FE	1	あんなにいじめられてるのに	저렇게 괴롭힘당하는데도
0x5F6A7B	13	FA	1	まず話ができるようになる	말이 통해야
0x5F6A89	13	FA	1	必要があるでやんすね。	필요합죠。
0x5F6BEF	13	FB	1	オイラ、やめた方がいいと	저、그만두는게
0x5F6D88	13	FA	1	たっぷりと聞かされた！）	실컷 들었다！）
0x5F71BB	13	F809	1	で倒れていたらしいんだ。	서 쓰러졌대。
0x5F7385	13	FB	1	この夏休みの間だけ、	여름방학만、
0x5F743B	13	FA	1	終わっちゃうじゃないか！	끝나버리잖아！
0x5F7461	13	FA	1	しなくちゃいけないんだよ！	해야만 해！
0x5F7567	13	FA	1	捕まってしまうでやんす。	잡혀버립죠。
0x5F77CC	13	FB	1	こんな筋肉のカタマリが	이런 근육덩이
0x5F7F94	13	FB	1	いいもん見せてやろうか？	좋은 거 볼래？
0x5F815E	13	F804	1	さっきから言ってるだろ。	아까 말했지。
0x5F8175	13	F809	1	先生に聞いたんだよ。	선생께 들었어
0x5F89A1	13	FD	1	まあ、たしかにそうだけど。	뭐、확실히 그렇긴 하지만。
0x5F8F36	13	FE	1	厨房に行くでやんす。	주방에 갑죠。
0x5F8F77	13	FA	1	見えないこともないけど。	보이긴 하지만
0x5F904F	13	F803	1	こんなの食べられないよ！	이건 못먹어！
0x5F91A9	13	FB	1	争いは何も生まんぞ。	싸움은 헛되다
0x5F935E	13	FA	1	出た事が無いんだよ！	나간 적 없어！
0x5F9A84	13	FE	1	よし、中で休んでいろ。	좋아、안에서 쉬고 있어라。
0x5F9AAF	13	FA	1	俺って疲れてるのかな？	나 지쳤나？
0x5FA33F	13	FA	1	いろいろと拳法について	여러모로 권법
0x5FA77F	13	F809	1	のところへ行くでやんす！	께 갑죠！
0x5FA7F1	13	FB	1	そんな事、知るか！!	그런 거 알까！
0x5FA866	13	FA	1	ひどい目にあわされたよ。	된통 당했다。
0x5FAD49	13	FA	1	修行にはげみましょう。	수행 힘내요。
0x5FAD81	13	FA	1	どうなっちゃうんだろう。）	어찌 될까。）
0x5FAF80	13	FA	1	きちんと置くんでやんす。	제대로 둡죠。
0x5FB030	13	FA	1	食べるものなのでやんす。	먹는 것입죠。
0x5FB401	13	FD	1	どうしてそんなことを・・・	어째서 그런 짓을・・・
0x5FB4E5	13	FE	1	そんな物を取り戻して	그런 것을 되찾아서
0x5FB956	13	FA	1	格好つかないんだろう。	폼 안나겠지。
0x5FBF07	13	FD	1	いや、そんなのイヤですよ！	아니、그런 건 싫어요！
0x5FBFE0	13	FA	1	オレに勝ってみるんだな。	날 이겨봐라。
0x5FC3D1	13	FE	1	うわっ、くさいでやんすー！	우왁、고약합죠ー！
0x5FC488	13	FA	1	素晴らしかったですよ。	훌륭했어요。
0x5FC52A	13	FD	1	いや、ちょ、ちょっと・・・	아니、자、잠깐・・・
0x5FCCAB	13	FE	1	よし、オレも混ぜてくれ！	좋아、나도 끼워 줘！
0x5FCE5D	13	FA	1	あったものだそうでやんす！	있던 거랍죠！
0x5FCE94	13	FA	1	知ってるんじゃないか。）	알고있잖아。）
0x5FD10A	13	F809	1	に一回も来てないな。	한번도 안와。
0x5FD161	13	F809	1	で修行しないというのも	서 수행 안해
0x5FD1C2	13	FA	1	影響が出ないだろう？	영향 없겠지？
0x5FD1FF	13	FA	1	なにをするところなんです？	뭐하는 데죠？
0x5FD219	13	F800	1	説明していなかったか。	설명하지 않았던가。
0x5FD6E7	13	FD	1	でも、それは先生方が	하지만、그건 선생님들이
0x5FD83B	13	FB	1	いや、わしも老いたかな？	나도 늙었나？
0x5FD895	13	FB	1	よし、それでは皆の者！	그럼 다들！
0x5FDA43	13	FA	1	その時点で終了だ。	그 시점 종료。
0x5FDD27	13	FA	1	くぐった者であるならば、	지난 자라면、
0x5FDD98	13	FA	1	訪れたのはどなたですか？	찾아온 분은？
0x5FE190	13	FA	1	通った者であるならば、	거친 자라면、
0x5FE4E0	13	F825	1	くん、最高でやんす！！	군、최고입죠！！
0x5FE96C	13	FD	1	・・・たしかに不毛だ。	・・・확실히 불모다。
0x5FEA60	13	FA	1	鍛える場所だった！）	단련하는 곳！）
0x5FEAB7	13	FA	1	この塔はなんなんだろう。	이 탑은 뭘까。
0x5FF1D1	13	FB	1	次は、勝てるようにな。	담엔 이기게。
0x5FF369	13	FB	1	わたしたち教えた側も、	가르친 쪽도、
0x5FF3A9	13	FE	1	最初の頃からすると、	처음 무렵과 비교하면、
0x5FF4E7	13	FA	1	足りなかったようですね。	모자랐던듯。
0x5FF5CA	13	F803	1	次はワタシだな、シュッ！	담엔 나다、슉！
0x5FF854	13	FA	1	よくわからなかったけど。）	잘 몰랐지만。）
0x5FF94C	13	FE	1	だが、上達したものだ。	하지만、많이 늘었구나。
0x5FFB55	13	FA	1	心配しているだろうな。	걱정하겠지。
0x5FFD19	13	FA	1	変な鳥がいるでやんす！	이상한 새！
0x5FFD43	13	F834	1	ごよし、案内してくれ。	좋아、안내해 줘。
0x600E2F	13	FE	1	野球の試合で使う	야구 시합에서 쓰는
0x600EA0	13	F825	1	くんが野球の試合で	군이 야구시합
0x601886	13	FA	1	ゆっくり取りに行こう。	천천히 찾으러
0x601E51	13	FA	1	納得いかないかもしれま	납득 안될지도
0x602137	13	FB	1	楽しいと感じるのなら、	즐겁게 느끼면
0x602488	13	FA	1	いいとは思いますけどね。	좋다곤 보지만
0x602519	13	FB	1	今度、聞いてみよう）	담에 물어보자
0x6027E4	13	FE	1	では、少し痛いですよ？	그럼、조금 아플 겁니다？
0x602979	13	FB	1	ちょっと待ってください。	잠깐 기다려。
0x602AA2	13	FA	1	ないのは、本当ですよ。	없는 건 정말。
0x602E56	13	F8F8	1	野球の練習について	야구연습 대해
0x603136	13	FA	1	まあ、そうなんでしょうね。	뭐、그렇겠죠。
0x604143	13	F804	1	あ、あのう、てっとり早く	저、저기、빨리
0x604270	13	FA	1	は教えてやろう、シュッ！	알려주마、슉！
0x604325	13	F804	1	は、はあ～。わかりました。	네～。알겠어요。
0x6044CC	13	F804	1	それは、そうなんですけど。	그건 그렇지만
0x604FF8	13	FD	1	それで、どのようにすれば？	그래서、어떻게 하면 됩니까？
0x6053B3	13	FA	1	ただ尋ねなかっただけで。	안물었을 뿐。
0x60584E	13	FA	1	ようになるだろう、シュッ！	게 될거다、슉！
0x605E40	13	F804	1	右のような気がする！！	오른쪽 같다！！
0x605F41	13	F804	1	も、もちろんやってますよ。	물론 하고있죠
0x6062C4	13	F804	1	どうしたんですか先生？	선생 왜 그래？
0x606A65	13	F804	1	その「シュッ」っていうのは	그「슉」이란 건
0x606EBB	13	F803	1	なら、言ってみるがよい。	그럼 말해봐。
0x606EE9	13	F803	1	言いながら動いてみろ。	말하며 움직여
0x607C6E	13	F807	1	ケガをしてしまった・・・。	다쳤다・・・。
0x607CB1	13	FC	1	あさい窄さいづあさいああ	
0x5E5C29	12	F9	1	たペぉあコぜめあたペもえ	
0x5E5EA4	12	F823	1	ズつふいびつふいォつふい	
0x5E6384	12	F800	1	っペふいリひふいＵろふい	
0x5E675A	12	FC	1	さいごぬふい」のふいダあ	
0x5E6856	12	F800	1	さい❤なふいっにふい８あ	
0x5E69EA	12	FC	1	さいやねふいフねふい６あ	
0x5E6B4C	12	FC	1	搭さいフねふい」のふい	
0x5E6C7C	12	F800	1	搭さいトなふい」のふい	
0x5E6FD8	12	F800	1	搭さい尅さいヤにふい	
0x5E725E	12	FC	1	さいトぬふいゲにふい６あ	
0x5E76C4	12	FC	1	Ｙねふい」なふいエぬふい	
0x5E7EBF	12	FB	1	なにか技を教えよう。	기술 주마。
0x5E85A6	12	FA	1	手伝ってくれないか？	도와줄래？
0x5E85BF	12	F8F8	1	ちょっと用事が・・・	볼일이・・・
0x5E8F74	12	FA	1	終わっちゃったな・・・	끝났군・・・
0x5E936A	12	FD	1	さて、そろそろ帰るか。	자、슬슬 돌아갈까。
0x5E99C1	12	FA	1	楽しくないでやんすよ。	재미없습죠。
0x5E9BBC	12	FE	1	お前の学校の話！	네 학교 이야기！
0x5E9C58	12	F800	1	語り合った意味が	서로 이야기한 의미가
0x5E9C65	12	FA	1	全くないみたいなんだ。	전혀 없나봐。
0x5EA3B2	12	FA	1	いなかったんでやんすね。	없었습죠。
0x5EA4F5	12	FB	1	ネットならあるでやんす。	그물 있습죠。
0x5EA6C0	12	FE	1	それに疲れているのは、	게다가 지쳐 있는 것은、
0x5EA6CD	12	FA	1	オイラも同じでやんす。	저도 같습죠。
0x5EAC25	12	F809	1	が食べられるんですね。	를 먹는군요。
0x5EAC7F	12	FD	1	なんだか、ところどころに	어쩐지、군데군데에
0x5EAFF1	12	FA	1	熱中しそうでやんす。	빠질듯합죠。
0x5EB04E	12	FA	1	ないもんでやんすかね～。	없습죠～。
0x5EB13F	12	FA	1	置いてあったでやんす。	놓여있었죠。
0x5EB211	12	FA	1	素振りの練習だ！	스윙 연습！
0x5EB837	12	F806	1	うぉおおおおおおおー！！	우오오오오오오오오ー！！
0x5EB95B	12	F8F8	1	まじめに掃除しよう。	성실히 청소。
0x5EBA5F	12	FA	1	ずいぶん重いよ、これ）	꽤 무겁네）
0x5EC07B	12	F825	1	君が大変でやんす！	군이 큰일！
0x5EC08F	12	F85A	1	（ケガをしてしまった！）	（다쳤다！）
0x5EC4F8	12	F809	1	先生が責任者？	선생이 책임？
0x5EC966	12	FD	1	あれ、どうしたんですか？	어라、무슨 일입니까？
0x5EC9DA	12	FD	1	・・・どうしたんだろう？	・・・무슨 일일까？
0x5ECED7	12	FE	1	わたしに故郷はない。	나에게 고향은 없다。
0x5ECF22	12	FB	1	わたしにとっての親とは	내게 부모란
0x5EDA9B	12	FA	1	攻撃が効きません。	공격 안먹혀。
0x5EDF3A	12	FA	1	紛れ込ませるとかな。	몰래 섞는다。
0x5EE4D9	12	FA	1	また取ってきてやるぜ。	또 갖다주마。
0x5EE57A	12	F815	1	瞬発力を高めたい	순발력 상승
0x5EECEB	12	FA	1	色々考えたんだよ。	여러 생각을
0x5EEDDB	12	FB	1	お前のおかげで、オレ、	네 덕에 난、
0x5EF58B	12	FA	1	やるもんでやんすねぇ～！	제법입죠～！
0x5EF6C3	12	F809	1	先生どうしたんです？	선생 왜요？
0x5EF923	12	FD	1	うわ、気持ちわるっ！	우와、징그러워！
0x5EFC98	12	F86B	1	一番エライ人なの？	제일 높은분？
0x5EFCB5	12	F809	1	って呼んでるでやんす。	라 부릅죠。
0x5F0249	12	FA	1	拍子がずれているぞ。	박자 어긋나。
0x5F08A3	12	FA	1	対応できているので、	대응되니까、
0x5F0947	12	FB	1	骨折はしてませんね。	골절은 아냐。
0x5F0BA3	12	FA	1	意味がない、シュッ！	의미없다、슉！
0x5F0EFE	12	FA	1	もう少し使ってやれ。	좀 더 써줘。
0x5F0F5F	12	FD	1	さ、練習、練習！	자、연습、연습！
0x5F11BE	12	FA	1	考えてみてはどうかな。	생각해보게。
0x5F122E	12	FA	1	時間がないわけだし。	시간 없으니。
0x5F15C1	12	FA	1	とは、困った奴だな。	란 곤란한 놈
0x5F1D04	12	FE	1	別のテーマのサクセスが	다른 테마의 석세스가
0x5F2115	12	FA	1	料理は始まるのだ！	요리 시작！
0x5F21EE	12	FA	1	ワタシの技をしっかりと	내 기술을 잘
0x5F272D	12	FE	1	そんなモノは効かんぞ！	그런 것은 통하지 않는다！
0x5F284D	12	FA	1	聞きたいことはないか？	묻고픈 건？
0x5F288F	12	F8F8	1	いえ、特にありません。	아뇨、딱히。
0x5F2A15	12	FE	1	ちぇ、とんだ興ざめだ。	쳇、완전히 흥이 깨졌다。
0x5F2AA3	12	F809	1	はちょっと珍しいけど、	는 좀 드물다
0x5F301A	12	FD	1	甘い、甘いでやんす。	어설퍼요、어설픕죠。
0x5F30FE	12	F809	1	君が説明しました。	군 설명했다。
0x5F31E2	12	F809	1	、考えが甘かったー！	、생각 짧았다
0x5F3517	12	FA	1	痛そうでやんす・・・）	아플듯・・・）
0x5F39D1	12	FA	1	ちょっと意外でした。	좀 의외였다。
0x5F3FDC	12	FA	1	面白そうでやんすね。	재밌겠습죠。
0x5F41C2	12	FA	1	野球だけですからね。	야구뿐이라。
0x5F45D6	12	FA	1	今やれることをするか。	지금 할 걸。
0x5F5548	12	FB	1	ついムキになっちゃって。	그만 열올려。
0x5F5777	12	FD	1	なかなかやるじゃないか。	제법 하잖아。
0x5F57DC	12	FA	1	俺の立場がないよ。	내 입장 없어
0x5F5890	12	F815	1	ニンジンは本来甘い	당근은 달다
0x5F59D0	12	FA	1	ダメだということですね。	안된단 거네。
0x5F5D0A	12	F809	1	となにかあったんですか？	와 무슨 일？
0x5F5DA8	12	FA	1	仕方ないじゃないか。	어쩔수없잖아
0x5F65AA	12	FA	1	格好つかないもんな。	폼 안나잖아。
0x5F66C0	12	FA	1	次に勝つのはオレだ！	담엔 내가！
0x5F67F0	12	FA	1	遠慮しておきますよ。	사양할게요。
0x5F6A6E	12	FE	1	仲良くなるためには、	친해지기 위해서는、
0x5F6C7E	12	FB	1	オレと拳法の事を？	나와 권법을？
0x5F6CA0	12	FA	1	わかってきたみたいだな！	알겠나보군！
0x5F6CFA	12	F809	1	は朝が早いんだぞ？）	는 아침 일러
0x5F7747	12	FE	1	これは修行だからな！	이건 수행이니까！
0x5F8289	12	F800	1	宇宙人の事だろ？	우주인 얘기잖아？
0x5F82AD	12	FA	1	なんのことか知らない？	뭔 소린지？
0x5F8934	12	FE	1	いいかげん覚えろよな。	이제 그만 좀 외워라。
0x5F8A54	12	FE	1	以来２０年近く、	그 이후로 ２０년 가까이、
0x5F8D4F	12	FD	1	ちょっと違うかな・・・	조금 다르려나・・・
0x5F8E5A	12	FA	1	軟弱でやんすねぇ～。	약골입죠～。
0x5F8F97	12	F809	1	」と書くそうでやんす。	」라 쓴답죠。
0x5F90A9	12	F803	1	なんだよその理屈は！	뭐야 그 논리
0x5F9398	12	F85A	1	（野球の事を熱く	（야구 얘기를
0x5F946C	12	FB	1	それが無いじゃないか。	그게 없잖아。
0x5F96A1	12	FA	1	宿房に戻るように。	숙방 가라。
0x5F973F	12	FE	1	じゃあ、よろしく頼む！	그럼、잘 부탁한다！
0x5F992D	12	FA	1	確かめなくても・・・。	확인 안해도
0x5F99C7	12	FD	1	・・・どうしたんだろう。	・・・무슨 일일까。
0x5F9D1F	12	FD	1	とりあえず、夕方まで	일단、저녁까지
0x5F9DD4	12	FA	1	好物だったでやんす。	좋아했습죠。
0x5FA18B	12	FA	1	しっかり練習しろよ。	잘 연습해라。
0x5FA467	12	FE	1	じゃ、何を知りたい？	그럼、무엇을 알고 싶나？
0x5FA4BA	12	FB	1	見本を見せてやる。	시범 보이마。
0x5FA5C0	12	FB	1	気軽に声かけろよ。	편히 말 걸어
0x5FA74B	12	FE	1	悪気はなかったんだ。	악의는 없었다。
0x5FA8BB	12	F808	1	体力が減ったときに	체력 줄면
0x5FA9B7	12	FA	1	ケガをしちゃうでやんす。	다쳐버립죠。
0x5FAA3F	12	FA	1	サボっているとみなされて	농땡이 취급
0x5FAF3E	12	FA	1	置いちゃダメでやんす。	두면 안됩죠。
0x5FB1C9	12	FA	1	少々いただけんのぉ。	좀 못마땅해。
0x5FB3D6	12	FA	1	オレだってことにも、まだ	나란 것도、
0x5FB4FF	12	FB	1	もう、ここでの修行は	이제 이 수행
0x5FB79E	12	FA	1	全然ダメだよなぁ～。	전혀 안돼～。
0x5FB859	12	FE	1	いったい、どうしてオレは	대체、어째서 나는
0x5FBA93	12	FB	1	なぜ、勝てないんだ？！	왜 못이겨？！
0x5FC257	12	FD	1	これは修行であって、	이것은 수행이지、
0x5FC36A	12	FA	1	グラブは返してやるよ。	글러브 준다。
0x5FCB31	12	FE	1	ひょっとしてオレかな？）	혹시 나인가？）
0x5FCBC2	12	FA	1	ないように思いますが。	없는듯한데。
0x5FCC68	12	FB	1	よく体力が持つな？	용케 버티네？
0x5FCD2D	12	FA	1	グーンとアップでやんす。	쑥 오릅죠。
0x5FCF28	12	FB	1	３個しかないボールを！	３개뿐인 공！
0x5FCF65	12	F804	1	せいぜいがんばってくれ。	부디 힘내줘。
0x5FCF8C	12	FA	1	ボールを探すでやんす！	공 찾습죠！
0x5FD757	12	FA	1	権利を得たのじゃ。	권리 얻었다。
0x5FD79C	12	FB	1	どうじゃ、やってみるか？	어때、해볼까？
0x5FD8DA	12	FD	1	えっ、もう始まるの？！	엇、벌써 시작하는 거야？！
0x5FDCF8	12	FA	1	入門してしまった。）	입문했다。）
0x5FE1E2	12	FD	1	それって、つまり、ここで	그건、즉、여기서
0x5FE3B9	12	F86B	1	なかなか手強いんだ。	꽤 만만찮다。
0x5FEB6D	12	FA	1	行なう場所なのだ。	행하는 곳。
0x5FEB8A	12	FB	1	ひょっとして拳法の？	혹시 권법？
0x5FEE72	12	FA	1	覚悟しておくんだぞ。	각오해둬라。
0x5FF71A	12	FA	1	これでは相手にケガを	이래선 상대
0x5FFD0C	12	FD	1	あっちで見た事もない	저쪽에서 본 적도 없는
0x5FFF3E	12	FD	1	脱いだ服は・・・と。	벗은 옷은・・・하고。
0x600036	12	FE	1	あ、グループのところに、	아、그룹 자리에、
0x600221	12	FA	1	カッコ悪いじゃないか。	폼 안나잖아。
0x6005D3	12	FA	1	いつも言ってたくせに。	늘 말했잖아。
0x600654	12	F8F8	1	つまり、やる気ですね。	즉、의욕이군。
0x600662	12	F8F8	1	きっかけにはなりました。	계기는 됐죠
0x600E57	12	F809	1	の体験版でやんす。	체험판입죠。
0x60106D	12	FE	1	サクセスのボリュームも、	석세스의 분량도、
0x601100	12	F809	1	ってことらしいでやんす。	란 것 같죠。
0x6016D2	12	F8F8	1	やっぱり、あきらめない！	포기 안한다！
0x601713	12	FA	1	厳しくなかったですか？	안 힘들었나？
0x6017FC	12	F8F8	1	野球の練習をした	야구 연습한
0x601EC8	12	FA	1	手に入りませんから、	못 구하니까、
0x602103	12	F805	1	ははは・・・そうですね。	하하・・・그래。
0x6023E6	12	FB	1	骨は折れていません。	뼈는 무사。
0x602402	12	FA	1	悪かったんでしょうね。	나빴겠죠。
0x60247B	12	F809	1	で様子を見たほうが	서 지켜보는
0x6025CC	12	F829	1	なんだか腰が痛いぞ。	허리 아프네。
0x602B3D	12	FE	1	大怪我をしてしまう	큰 부상을 입고 만다
0x602C56	12	FA	1	医者を目指したの	의사 지망한
0x603339	12	FB	1	まあ、そういうことです。	뭐、그런 거。
0x60346C	12	FF	1	りせほいみ海いョかほい	
0x60347C	12	FF	1	ぜにほいぃ海いづ折い	
0x60424D	12	FE	1	と言いたいところだが、	라고 말하고 싶다만、
0x604350	12	F803	1	ああ、わかった、シュッ！	알겠다、슉！
0x60451F	12	F825	1	は私に何か尋ねたい	는 내게 뭔가
0x60452C	12	FA	1	という事だな、シュッ！	란 거군、슉！
0x60455B	12	F803	1	何でも尋ねるがよい。	뭐든 물어라。
0x60463A	12	F803	1	どういう事だ、シュッ！	뭔 소리냐、슉
0x60507A	12	F803	1	そうだ。トラだ、シュッ！	호랑이다、슉！
0x6050B4	12	F803	1	そうだ。毎日、トラと	매일 호랑이
0x6051FA	12	FD	1	今のうちに脱出を）	지금 사이에 탈출을）
0x605409	12	FA	1	教えてやろう、シュッ！	알려주마、슉！
0x605879	12	F803	1	そういうものだ、シュッ！	그런거다、슉！
0x605C70	12	FB	1	ど、どこに行ったんだ？	어디 갔지？
0x605D28	12	F8F8	1	左側に手を伸ばす	좌측 손 뻗기
0x605D48	12	F8F8	1	右側に手を伸ばす	우측 손 뻗기
0x6060CC	12	FA	1	内に食べろ、シュッ！	먹어라、슉！
0x60681F	12	F803	1	なかなかやるな、シュッ！	꽤 하네、슉！
0x606CE6	12	F803	1	それでは教えてやろう。	가르쳐주마。
0x606E61	12	F804	1	この人、本気だ！！	이 분 진심！！
0x606E77	12	F803	1	当たり前だ、シュッ！	당연하다、슉！
0x607C90	12	FF	1	Ｙぃほいクぃほいびぃほい	
0x5E5A4A	11	F9	1	プおあたペうクたァおか	
0x5E5A62	11	F9	1	プおいたペうクたァおう	
0x5E5ACE	11	F9	1	プおえたペうクたァおと	
0x5E6666	11	F800	1	さいＹねふい」なふい（	
0x5E66AE	11	F800	1	さい尅さいＱとふいむ	
0x5E77E1	11	F823	1	もふいみだふいネよふい	
0x5E81E1	11	F809	1	の修行を受けた。	수행 받았다
0x5E8C71	11	FA	1	オレが叱られるんだ！	내가 혼나！
0x5E8DDB	11	FA	1	野球の練習だ！	야구 연습！
0x5E932E	11	FD	1	つまらなさそうだなぁ。	재미없어 보이는구나。
0x5E9F5B	11	FB	1	よくなついてましたね。	잘 따랐죠。
0x5EA0AF	11	FA	1	ちときついのだろうか？	좀 빡센가？
0x5EA0CA	11	FA	1	どうかと思うのだが、	어떨까 싶다
0x5EC176	11	FA	1	ケガをするなんてなぁ。	다치다니。
0x5EC665	11	F8F8	1	もっと強くなりたい。	더 강해지고
0x5EC72B	11	F8F8	1	もっと強くなりたい！	더 강해져！
0x5ECEE4	11	FB	1	あえて言うなら、ここ	굳이 말하면
0x5ECF07	11	FB	1	でもご両親は・・・	근데 부모는
0x5ECF99	11	FA	1	聞いちゃったかなぁ。	들어버렸나。
0x5ECFBB	11	FA	1	あるのかもしれないな。	있을지도。
0x5ED055	11	FA	1	言ってるんでやんす？	말합죠？
0x5ED678	11	F809	1	ってところで修行を	란 데 수행
0x5ED9DD	11	F809	1	だ、よく覚えておけ。	다、잘 기억
0x5EDD06	11	FA	1	よかったと思います。	잘됐다 봐요
0x5EE2E7	11	FB	1	次はもっとがんばれ。	담엔 힘내라
0x5EE3F1	11	FB	1	すごく、すっぱいだろ？	엄청 시지？
0x5EE423	11	FD	1	・・・悪くないかも。	・・・나쁘지 않을지도。
0x5EECB9	11	FA	1	出ようと思うんだ。	나가려 한다
0x5EF0E6	11	FD	1	あの、命綱とかは？	저기、생명줄 같은 건？
0x5EF4C9	11	FA	1	あわててるんでやんす？	허둥댑죠？
0x5EF5CB	11	FE	1	わたしは、幼い頃に	나는、어릴 적에
0x5EF86A	11	FE	1	もし、そのダンゴ虫が	만약、그 공벌레가
0x5EFDE8	11	FA	1	約束いたしました。	약속했어요。
0x5EFF41	11	F8F8	1	試す価値はある。	시도할 가치
0x5F0043	11	FB	1	さあ、寺に帰るぞ。	절로 가자。
0x5F028C	11	F804	1	そう、それが正しい。	그게 옳다。
0x5F0355	11	FD	1	鍛練だ、鍛練。	단련이다、단련。
0x5F074E	11	FA	1	見せていただきます。	보겠습니다。
0x5F0782	11	FA	1	これまでのおさらいだと	복습이라
0x5F0CDC	11	FD	1	あ、ボールじゃないか！	아、공이잖아！
0x5F0D17	11	FD	1	どこで見つけたんだ？	어디서 찾은 거냐？
0x5F1645	11	FB	1	よくぞ聞いてくれた。	잘 물었다。
0x5F17D2	11	FA	1	やめたくないでやんす。	관두기 싫죠
0x5F1D3F	11	F809	1	って、製品版とは	란、제품판은
0x5F205F	11	FA	1	初めて知りました。	처음 알았다
0x5F214D	11	FB	1	よーく、覚えておけ！	잘 기억해！
0x5F2411	11	FA	1	戦うようにするのだ、	싸우도록、
0x5F2476	11	FA	1	気にすることはない、	신경 마라、
0x5F271E	11	FE	1	効かん、効かんぞ。	통하지 않는다、통하지 않아。
0x5F2CAB	11	FA	1	気がするんですけど。	느낌인데요。
0x5F3581	11	F815	1	丸太ジャンプって？	통나무점프？
0x5F38FC	11	F803	1	よし始めろ、シュッ！	시작、슉！
0x5F3DA4	11	FA	1	どんなのなんでやんす？	어떤 겁죠？
0x5F41FC	11	FD	1	じゃあ、どうして俺は	그럼、어째서 나는
0x5F45BA	11	FD	1	たしかに、先のことで	확실히、앞날의 일로
0x5F47F9	11	FB	1	わたしもがんばるから。	나도 힘낼게
0x5F49DB	11	F85A	1	経験値を使って	경험치 써서
0x5F4CB3	11	FA	1	なんでも好きなものを	뭐든 좋은걸
0x5F4D16	11	FA	1	奴も大勢いるな。	놈도 많군。
0x5F514F	11	FA	1	って名前でやんす。	란 이름죠。
0x5F5572	11	FA	1	うれしかったでやんす。	기뻤습죠。
0x5F5799	11	FA	1	勝ってしまうなんて。	이겨버리네。
0x5F57D0	11	FA	1	まじめにやって負けた	성실히 지면
0x5F58C0	11	F8F8	1	まず基礎が大事	기초가 중요
0x5F58CD	11	F8F8	1	無知を自覚しろ	무지를 자각
0x5F5EAA	11	FA	1	大好きなようじゃ。	좋아하나봐。
0x5F698C	11	FA	1	どうしたらいいかなぁ？	어쩌면 좋지
0x5F6B57	11	FA	1	いいところでやんすね。	좋은 뎁죠。
0x5F6BFD	11	FA	1	思うんでやんすけど。	싶습죠만。
0x5F704F	11	FA	1	見せられないからな。	못 보여줘。
0x5F71F7	11	FA	1	あるものでやんすねぇ？	있긴 있죠？
0x5F722F	11	F809	1	、一日目の朝）	、첫날 아침）
0x5F72B6	11	FA	1	新入りでやんすか。	신입입죠。
0x5F742F	11	F803	1	それじゃ、夏休みが	여름방학이
0x5F766F	11	FA	1	修行しておくか。）	수행해둘까）
0x5F794A	11	FA	1	楽しみにしておけよ。	기대해둬라。
0x5F7CA5	11	FA	1	と、そういう事だな。	그런 거군。
0x5F7E47	11	FD	1	どうしてここに・・・。	어째서 여기에・・・。
0x5F7E86	11	F803	1	い、いや、この本は！	아니 이 책！
0x5F8107	11	FB	1	やっぱり宇宙人は	역시 우주인
0x5F82E3	11	FA	1	全然わかんないよ！	전혀 몰라！
0x5F8EAB	11	FA	1	軟弱なんでやんす。	약골입죠。
0x5F9409	11	FE	1	でも、９人でやるって	하지만、９명이서 한다고
0x5F9592	11	FB	1	じゃ、オレも行くぜ！	나도 간다！
0x5F9786	11	FA	1	できてうれしかったよ。	돼서 기뻤다
0x5F996F	11	FA	1	お前は言うのか！？	넌 말하냐！？
0x5F9D2C	11	FA	1	ここで休んでいよう。	여기 쉬자。
0x5F9F68	11	FD	1	やっぱり、こんなことは	역시、이런 일은
0x5FA043	11	FB	1	感心なやつらだな。	기특한 놈。
0x5FA30E	11	FD	1	今日はなんですか、	오늘은 무슨 일이십니까、
0x5FA44B	11	FB	1	じゃ教えてください。	알려주세요。
0x5FA5FF	11	FD	1	やっぱりこうなるのか。	역시 이렇게 되는 건가。
0x5FA73C	11	FA	1	すっかり忘れてたよ。	완전 잊었다
0x5FA85A	11	F809	1	ってところに行ったら	란 데 가니
0x5FABBC	11	FD	1	力なんて出ないよ！	힘이 날 리가 없어！
0x5FB3E3	11	FA	1	気づいてないんだろ？	눈치 못챘나
0x5FB4F3	11	FA	1	どうなるっていうんだ。	어찌 되라고
0x5FB876	11	FB	1	うわあああああ・・・・	우와아・・・・
0x5FB8A0	11	FD	1	それより俺のグラブ、	그보다 내 글러브、
0x5FBFB4	11	FB	1	オレが隠したんだよ。	내가 숨겼다
0x5FC264	11	FA	1	ケンカではないんだぞ。	싸움 아냐。
0x5FC3F9	11	FA	1	なんてことをするんだ。	뭔 짓이냐。
0x5FC441	11	F8F8	1	はい、ここでやめます。	네、그만해요
0x5FC4DC	11	FA	1	最後までやります。	끝까지 해요
0x5FC510	11	F809	1	お相手しましょう。	상대해주죠。
0x5FC627	11	FA	1	はずしておきましたよ。	빼놨어요。
0x5FC680	11	FD	1	あれ、そうなんですか？	어라、그런 겁니까？
0x5FCA9B	11	FE	1	やっぱり、国内じゃ	역시、국내에서는
0x5FCBEA	11	FE	1	なに、そんなまさか！）	뭐야、그런 설마！）
0x5FD0A9	11	FA	1	機会がなかったな。	기회 없었군
0x5FD7CC	11	F8F8	1	・・・やめておきます。	・・・그만해요
0x5FE13D	11	FB	1	どこへ行くつもりだ。	어디 가냐。
0x5FE562	11	F815	1	見当もつかないよ！	짐작도 안돼
0x5FE56F	11	F8F8	1	相手が虫だから？	상대가 벌레
0x5FE5F1	11	FA	1	ダメでやんすかねぇ～。	안됩죠～。
0x5FEADC	11	FA	1	あるみたいだけど・・・	있는듯・・・
0x5FEB43	11	FA	1	入ることを許される	입장 허락된
0x5FF727	11	FA	1	させてしまうではないか	시켜버리네
0x5FF875	11	FD	1	この順番だと・・・	이 순서라면・・・
0x6000D5	11	FB	1	こっ、これどうしよう？	이거 어쩌나
0x600125	11	FE	1	元気にやってます。	잘 지내고 있습니다。
0x600190	11	FD	1	安心したでやんす。	안심했습죠。
0x600686	11	F800	1	まだよくわかりません。	아직 잘 모르겠습니다。
0x600B9F	11	FE	1	今、なんかさりげなく	지금、뭔가 슬쩍
0x600BE0	11	FD	1	俺、打ってくるよ。	나、치고 올게。
0x600C8F	11	FA	1	わけがないじゃないか！	그럴리없어！
0x600CC5	11	FA	1	なんて名前だっけ？	이름 뭐지？
0x601698	11	F8F8	1	やっぱり、あきらめよう	역시 포기다
0x6017EF	11	F8F8	1	進藤と出合った	신도와 만난
0x6021C8	11	FB	1	おろそかにすることなく	소홀히 않고
0x6025FF	11	F809	1	で休ませてもらおう。	서 쉬자。
0x602A1B	11	FD	1	確かにそうなんですけ	분명 그렇긴 합니다만
0x602B82	11	FB	1	でも、まあ遠いのは、	근데 먼 건、
0x602D0A	11	FA	1	活きるかもしれない。	살릴지도。
0x602E3C	11	FB	1	修行のことですか？	수행 얘기？
0x602F66	11	FB	1	参考になりました。	참고 됐다。
0x60317C	11	F825	1	君に話した事は、	군에 한 말、
0x60328D	11	FA	1	教えているんですか？	가르치나요？
0x603388	11	FA	1	がんばってくださいね。	힘내주세요。
0x603576	11	F800	1	さいと鮎い尅さい❤	
0x604310	11	FA	1	しておくんだ、シュッ！	해둬라、슉！
0x6045C2	11	F815	1	もっと速くなるには？	더 빨라지려
0x604650	11	F804	1	いえ、野球をうまく	아뇨、야구를
0x6050CF	11	FE	1	戦うがいい、シュッ！	싸우거라、휙！
0x605228	11	F803	1	とりあえず今日から	일단 오늘
0x6054AF	11	F803	1	遅い！もっと速く！	느려！빨리！
0x6057C1	11	FA	1	始めるのだ、シュッ！	시작、슉！
0x605B49	11	FD	1	やってるわけがねえ～）	하고 있을 리가 없어어～）
0x605C45	11	F803	1	では行くぞ、シュッ！	간다、슉！
0x605C83	11	F803	1	さあ、捕まえるがいい	자、잡아봐라
0x6063B2	11	F803	1	なら問題あるまい。	면 문제없다
0x60659F	11	F803	1	では、次だ、シュッ！	다음、슉！
0x6065B4	11	F804	1	え？まだあるんですか！	네？또 있나！
0x607444	11	FD	1	練習が終わった！	연습 끝！
0x607D55	11	F837	1	起こらなかった・・・	없었다・・・
0x5E629E	10	FC	1	さいっぬふい！ゃふい	
0x5E6546	10	F875	1	ふいミみふい」ろふい	
0x5E66C4	10	F800	1	搭さいやのふい６あ	
0x5E67DC	10	FC	1	トぬふい」のふい６あ	
0x5E67EC	10	FC	1	搭さいフねふい８あ	
0x5E6984	10	FC	1	霸ふい❤にふい６あ	
0x5E6A18	10	FC	1	しのふいぱぬふいＤあ	
0x5E6AB8	10	FC	1	Ａとふいとはふいダあ	
0x5E6C0C	10	F800	1	フにふいシなふいダあ	
0x5E6CF8	10	FC	1	フのふいぱとふいＣあ	
0x5E6F54	10	F800	1	搭さいＹのふいヴあ	
0x5E7014	10	F800	1	搭さいふなふいッあ	
0x5E7270	10	FC	1	搭さいボのふいＤあ	
0x5E72BC	10	F800	1	搭さいシねふいワあ	
0x5E7324	10	F800	1	とねふいふねふいＤあ	
0x5E740E	10	FC	1	さいフねふいＱなふい	
0x5E747C	10	F800	1	Ｉねふいごとふいとあ	
0x5E74E4	10	F800	1	トねふいっにふいＣあ	
0x5E8ABA	10	FB	1	ほれ、この漬物を	자、이 절임
0x5E9224	10	FA	1	危険でやんすよ。	위험합죠。
0x5E9FE9	10	FA	1	なっちゃうのかなぁ。	돼버리나。
0x5EA93B	10	F809	1	、なにかありますか？	、뭐 있나？
0x5EAB1B	10	F800	1	芋のおかゆですか？	고구마죽입니까？
0x5EAB5F	10	FE	1	甘くてうまいぞぉ！	달고 맛있다고오！
0x5EAE3D	10	FA	1	あなたのことですね。	당신 얘기。
0x5EB172	10	FA	1	追求しないことに	추궁않기로
0x5EB820	10	FA	1	食べたでやんすか？	먹었습죠？
0x5EBB96	10	F8F8	1	テンポよく投げたい	리듬 투구
0x5EC81F	10	FB	1	なにか悩み事か？	뭔가 고민？
0x5ED077	10	FA	1	スバラシイことだね。	훌륭하네。
0x5ED184	10	FA	1	こうなるんですよね。	이리 되죠。
0x5ED44A	10	F815	1	いえ、とんでもない。	아뇨、무슨。
0x5ED64B	10	FA	1	どこに行ってるの？	어디 가？
0x5EDD83	10	FA	1	なったと思います。	됐다 봐요。
0x5EDDDB	10	FB	1	わたしは、これからも	난 앞으론
0x5EDEE0	10	FB	1	返せよ、オレのだ！	내놔、내거！
0x5EE400	10	FE	1	でもくせになるんだ。	하지만 버릇이 된단 말이야。
0x5EE52C	10	FD	1	その頃には、俺は	그 무렵에는、나는
0x5EE7D2	10	F8F8	1	岩石スクワット？	암석운동？
0x5EE7DE	10	F8F8	1	さっそく始めます！	당장 시작！
0x5EE983	10	FA	1	やっぱりケガをする。	역시 다쳐。
0x5EED66	10	F809	1	や先生方には？	나 선생들？
0x5EEDBE	10	FB	1	がんばって下さい。	힘내세요。
0x5EEEE5	10	F815	1	桶ランニングって？	통달리기？
0x5EEEF1	10	F8F8	1	丸太ダッシュとは	통나무질주
0x5EF130	10	FB	1	注意するように！	주의해라！
0x5EF5E3	10	F809	1	に預けられたのだ。	에 맡겨져。
0x5EFA13	10	F815	1	・・・あきらめよう。	・・포기하자
0x5EFA1F	10	F8F8	1	いや、あきらめない！	포기 안해！
0x5EFA9D	10	FD	1	おや、グラウンドだ。	이런、운동장이다。
0x5EFAC2	10	F808	1	少森中学校	소삼중학교
0x5EFCD4	10	F809	1	、お疲れ様です。	、수고해요。
0x5EFD02	10	F809	1	は、親子みたいな	부자 같은
0x5EFE29	10	F809	1	をよろしく頼むぞ。	를 잘 부탁
0x5F0477	10	F815	1	しばらく見ている。	잠시 본다。
0x5F055D	10	FD	1	鳥を捕まえたぞ。	새를 붙잡았다。
0x5F09F4	10	F803	1	おお、よく来たな、	오、잘 왔군
0x5F0C50	10	F804	1	（早口だなぁ。）	（빠르네。）
0x5F1536	10	FA	1	練習開始だ！	연습 개시！
0x5F17AD	10	F86B	1	やめたくないよな。）	싫겠지。）
0x5F1894	10	F8F8	1	柱上練習とは	기둥 연습
0x5F18A0	10	F8F8	1	十八銅人！？	십팔동인！
0x5F1A18	10	FA	1	怪我をしますよ。	다칩니다。
0x5F221B	10	F825	1	、よく来たシュッ！	、잘왔다슉！
0x5F2A07	10	FA	1	ならないじゃないか。	안되잖아。
0x5F2F48	10	FE	1	じゃあ、ここにいても	그럼、여기 있어도
0x5F3227	10	FA	1	限られてくるなぁ。	한정되네。
0x5F3241	10	FA	1	やりたいのでやんす？	하고픕죠？
0x5F387F	10	F804	1	シ、シンプルですね。	심플하네。
0x5F38C0	10	FA	1	安全だ、シュッ！	안전、슉！
0x5F3B06	10	FA	1	がないとダメなんだ。	없음 안돼。
0x5F3CEB	10	FD	1	よーし、こうなったら	좋았어、이렇게 된 이상
0x5F4153	10	F815	1	困ったことですね。	곤란하네。
0x5F4400	10	FA	1	私に教えてくれ。	알려다오。
0x5F4492	10	FB	1	なんだそんなことか！	뭐야 그거！
0x5F4669	10	F809	1	が呼んでいますよ。	가 불러요。
0x5F4ACE	10	F808	1	野球ゲームがない	야구게임이
0x5F4C78	10	FA	1	どうしてこの寺へ？	왜 절로？
0x5F518D	10	F809	1	っていやなあだ名を	란 별명을
0x5F5198	10	FA	1	つけられたでやんす。	붙었습죠。
0x5F54B1	10	FA	1	いけないでやんすよ！	안됩죠！
0x5F5684	10	FE	1	・・・ただ、それでは	・・・다만、그래서는
0x5F590C	10	FE	1	もういい、わかった。	됐어、알았다。
0x5F5C64	10	FD	1	あー、びっくりした。	아ー、깜짝 놀랐다。
0x5F5EFA	10	FA	1	恐れておるのじゃ。	두려워해。
0x5F616C	10	FA	1	よくわかりません。）	잘 몰라요）
0x5F6199	10	FD	1	覚悟するように。	각오하도록。
0x5F6A9B	10	FE	1	・・・となると、もう	・・・그렇게 되면、이제
0x5F71DD	10	FA	1	あやふやなんだけど？	애매한데？
0x5F72E2	10	F805	1	ああ・・・よろしく。	아・・・부탁。
0x5F7300	10	FA	1	なかったんだけどね。	없었는데。
0x5F7368	10	FD	1	君も高校生？	자네도 고등학생？
0x5F73E0	10	FA	1	方法はないかな？	방법 없나？
0x5F7A27	10	F86B	1	この先生と？！）	이 선생？！）
0x5F7AB4	10	FA	1	なら、安心だな。	면 안심。
0x5F7BB3	10	F809	1	先生のマネだ！！	선생 흉내！
0x5F7DEF	10	FD	1	さっきはどうも・・・	아까는 고마웠어・・・
0x5F80D1	10	FA	1	オレがもらったんだ。	내가 받아。
0x5F8493	10	FB	1	モンスターでやんす！	몬스터죠！
0x5F8EF7	10	FA	1	のでやんすけど・・・	입죠만・・・
0x5F9B11	10	FA	1	なにをするんです？！	뭘 해요？！
0x5F9C5C	10	F808	1	休む必要がある	쉴 필요가
0x5F9E8F	10	FD	1	うまくいったとしても	잘된다고 해도
0x5F9F74	10	FA	1	やめた方がいいよ。	관두는 게
0x5FA006	10	FB	1	そのコン棒は・・・	그 곤봉・・・
0x5FA150	10	FA	1	平行して行う。	병행한다。
0x5FAADD	10	F809	1	）先輩でやんす。	）선배입죠。
0x5FAC19	10	FA	1	食べているのです。	먹고있죠。
0x5FAC73	10	FE	1	拙僧の名前は	소승의 이름은
0x5FACD3	10	F809	1	さんは、このお寺に	씨는、이 절
0x5FB088	10	FA	1	恥をかくでやんす。	창피합죠。
0x5FB25E	10	FB	1	さっきも言うたが、	말했다만、
0x5FB2B6	10	FA	1	少々硬いのぉ？	좀 딱딱해？
0x5FB2D7	10	FD	1	それは、お皿です。	그건、접시입니다。
0x5FB4A4	10	FB	1	オレがこんな奴に？	내가 이놈？
0x5FBEC4	10	F825	1	をやらせてください。	를 시켜줘。
0x5FBF7A	10	FA	1	知りたくないのか。	알기 싫냐。
0x5FC01E	10	FB	1	やらせてもらいます！	하겠어요！
0x5FC124	10	FA	1	教えてもらおうか！	알려달라！
0x5FC567	10	F825	1	くんの勝ちですよ。	군의 승리。
0x5FC948	10	FB	1	まったく見事だ！	정말 훌륭！
0x5FCA4B	10	F809	1	さんがやってきた。）	씨가 왔다）
0x5FCA76	10	FA	1	レベルが高いけど、	레벨 높다、
0x5FCA8D	10	FA	1	しっくり来ないな。	안 와닿네。
0x5FCD8C	10	FD	1	ええ、そうですけど。	네、그렇습니다만。
0x5FDE33	10	FB	1	では、中へどうぞ。	자、안으로。
0x5FE4CD	10	FE	1	ぶわっはっはっは！！	푸하하하하！！
0x5FF293	10	F815	1	それは無理です！	그건 무리！
0x5FF2B2	10	F8F8	1	（黙って構える）	（묵묵히）
0x5FF690	10	F805	1	・・・だでばだいか。	・・・괜차나
0x5FF6AF	10	FD	1	舌、かんでます。）	혀、깨물었습니다。）
0x5FF7C5	10	F803	1	おお、やるではないか	제법이군、
0x5FF9AC	10	FE	1	おい、大丈夫か	이봐、괜찮으냐
0x5FFAE7	10	FA	1	のではありませんか？	것 아닌가？
0x5FFFBB	10	FD	1	ああ、これだこれだ。	아아、이거다 이거야。
0x600154	10	F809	1	は姉の名前だ。	누나 이름。
0x600182	10	F800	1	そ、そうでやんすか？	그、그렇습죠？
0x600C64	10	FD	1	さっきの球は・・・	방금 그 공은・・・
0x600EAE	10	FA	1	使えるのでやんす。	쓸수있죠。
0x6011E8	10	F808	1	さすらいのナイスガイ	방랑 미남
0x60165E	10	F829	1	間に合わない！）	못 맞춰！）
0x601735	10	FB	1	私は、できる人に	난 되는 이
0x6017D9	10	F8F8	1	うろつき技術房	배회기술방
0x601D8A	10	F805	1	ふう・・・つかれた。	후・・・지쳐。
0x601E7D	10	F829	1	そういうつもりじゃ。	그럴 셈。
0x601F52	10	F829	1	せっかくなので一つ	모처럼이니
0x601F82	10	F825	1	君にあげましょう。	군께 주죠。
0x6020BE	10	FB	1	それならいいんです。	그럼 됐죠。
0x602432	10	FA	1	これ以上ひどくは	더 심하겐
0x602505	10	FB	1	何でそんな事まで	왜 그런 것
0x6028BD	10	FB	1	腰の痛みがない！	허리 멀쩡！
0x602C6E	10	FE	1	私は、この寺での	나는、이 절에서의
0x60350E	10	FC	1	さいト鮎いＡ梵い	
0x603537	10	FC	1	い。・へい尅さい❤	
0x603D91	10	F803	1	無理だ、シュッ！	무리다、슉！
0x60486E	10	F804	1	はい。わかりました。	네。알겠다。
0x605462	10	F803	1	ほら、言ってみろ、	자、말해봐、
0x6054DB	10	FE	1	ほら、もう一度！	자、한 번 더！
0x60559B	10	FA	1	かもしれん、シュッ！	일지도、슉！
0x6055DB	10	FB	1	わかったな、シュッ！	알겠지、슉！
0x6056D2	10	F803	1	おお、そうだったな。	오、그랬지。
0x60579A	10	F804	1	意外とながっ！！	꽤 기네！！
0x605865	10	F804	1	そういうものですか？	그런 건가？
0x605A11	10	F803	1	せめて何か言え！	뭐든 말해！
0x605B5E	10	F804	1	そ、そうですかねえ？	그、그런가？
0x605EA2	10	F804	1	お疲れさまでした。	수고했다。
0x6060B0	10	F803	1	そして早食いだ。	빨리먹기。
0x606177	10	FA	1	意味だ、シュッ！	뜻이다、슉！
0x6062B0	10	FE	1	おっと、その前に。	이런、그 전에。
0x606369	10	F803	1	何を驚いておる。	뭘 놀라나。
0x606D6D	10	F803	1	わかったか、シュッ！	알겠나、슉！
0x606E8D	10	F804	1	いや、しかしですね。	아니、허나。
0x5E6263	9	FC	1	い凹ふいとへふい	
0x5E62BB	9	F81C	1	い淫へいＵほふい	
0x5E63E4	9	FC	1	」のふいフねふい（	
0x5E646F	9	FC	1	い鮫ふいＵウふい	
0x5E6828	9	FC	1	搭さいわぬふい（	
0x5E6928	9	F800	1	搭さい亜さい（	
0x5E6994	9	FC	1	搭さいトにふいう	
0x5E6B70	9	F800	1	搭さいごにふいぱ	
0x5E6BB4	9	F800	1	搭さい」のふいこ	
0x5E6CC0	9	FC	1	搭さいォとふいぱ	
0x5E6D20	9	FC	1	ヤのふいゲぬふい❤	
0x5E6D38	9	FC	1	搭さい捌ふいべ	
0x5E6E0C	9	F800	1	搭さいエとふいニ	
0x5E6E38	9	F800	1	搭さいっとふいぱ	
0x5E6E64	9	F800	1	搭さいわなふいツ	
0x5E6EC0	9	F800	1	搭さいＹにふいク	
0x5E6F08	9	F800	1	❤ぬふい」ねふい（	
0x5E6FC4	9	F800	1	やあさいフねふいと	
0x5E6FF8	9	F800	1	やあさいフねふい。	
0x5E7168	9	F800	1	搭さい」のふいえ	
0x5E7220	9	F800	1	」ぬふい」ねふい（	
0x5E7368	9	FC	1	えなふいづぬふい（	
0x5E73D1	9	FC	1	あさいボのふい８あ	
0x5E743D	9	FC	1	あさいＹぬふい６あ	
0x5E753C	9	F800	1	ヂぬふいづなふい（	
0x5E761C	9	FC	1	三ふいふにふいぬ	
0x5E7748	9	F800	1	トとふいエねふいう	
0x5E7768	9	F800	1	ヤねふいボぬふいけ	
0x5E7D86	9	F808	1	岩石スクワット	바위앉기
0x5E90D8	9	FD	1	自由バンザイ！	자유 만세！
0x5E9200	9	FB	1	なんて苦いんだ。	너무 쓰다
0x5E99F8	9	F809	1	先輩でやんす。	선배입죠。
0x5E9CFF	9	FE	1	まあ、ある意味	뭐、어떤 의미로는
0x5E9F51	9	FA	1	ペットなんですか？	애완동물？
0x5EA193	9	F809	1	先輩でやんす！	선배입죠！
0x5EA200	9	FA	1	すませるなぁー！！	때우지마！
0x5EA58C	9	FD	1	まあ、この際だ。	뭐、이참에。
0x5EA78D	9	FA	1	と思うけどな。）	고 본다）
0x5EA841	9	FD	1	えっ、いやまさか？	엇、아니 설마？
0x5EAB10	9	FD	1	あのそれって・・・	저기 그건・・・
0x5EAC4A	9	FB	1	ほら、雑炊だ。	자、죽이다
0x5EB90E	9	FA	1	掃除してくれ。	청소해줘。
0x5EC575	9	F809	1	先生でやんす。	선생입죠。
0x5EC5EB	9	FA	1	「ガケ登り」だ。	「벼랑」。
0x5EDE68	9	FE	1	共にがんばろう、	함께 힘내자、
0x5EE7BD	9	F815	1	逆さ腹筋とは	역복근은
0x5EE963	9	FB	1	大ケガをするぞ。	크게 다쳐
0x5EEE68	9	F82F	1	、楽しかったぜ！	、즐거웠다！
0x5EF417	9	FB	1	修行の方は？	수행은？
0x5EF45B	9	FB	1	それはなによりだ。	다행이다。
0x5EF746	9	F805	1	ダンゴ虫と・・・	공벌레・・・
0x5EFA48	9	FB	1	あきらめないぞ。）	포기안해）
0x5F0438	9	FB	1	小鳥がいるな。	새 있군。
0x5F066C	9	FD	1	かわいそうだから、	가엾으니까、
0x5F0A22	9	FA	1	すばやさを鍛える	민첩 단련
0x5F1036	9	FD	1	まあ、そうですね。	뭐、그렇네요。
0x5F10DA	9	FA	1	知っておるかな。	알고있나。
0x5F11B4	9	FB	1	その間だけでも、	그동안만、
0x5F1889	9	F815	1	回転棒って？	회전봉？
0x5F1C6B	9	FA	1	のでやんすけどね。	거죠만。
0x5F1D99	9	F808	1	無謀な企画	무모한 짓
0x5F1DA4	9	F809	1	だったでやんすね。	였습죠。
0x5F2652	9	FA	1	手に入ったぜ。	얻었다。
0x5F26FA	9	FA	1	どう思われます？	어떠세요？
0x5F2F86	9	FA	1	よくわかりません！	잘 몰라！
0x5F3B36	9	F86B	1	なんて手つきだ。	손놀림이。
0x5F3BCF	9	F803	1	この豆、ちゃんと	콩、제대로
0x5F415F	9	F8F8	1	なんとかしないと。	어떻게든。
0x5F42D3	9	FA	1	いなくなるからな。	없어지니。
0x5F4558	9	F809	1	先生、なんだか	선생、왠지
0x5F48F5	9	F86B	1	きたえてるからさ、	단련하니、
0x5F49E7	9	FA	1	能力を上げる	능력 상승
0x5F4B32	9	FF	1	１２月発売の	１２월 발매인
0x5F4CF9	9	FA	1	学べってわけか。	배우란 건
0x5F52E7	9	FA	1	欲しいでやんす。	갖고픕죠。
0x5F5A11	9	FA	1	練習でしたね。	연습이죠。
0x5F64D5	9	FA	1	いいんですけど。）	괜찮은데）
0x5F686A	9	FA	1	野球野郎！	야구놈！
0x5F6A10	9	FD	1	仲良くなれば、	친해지면、
0x5F6C96	9	FB	1	お前も、ようやく	너도、겨우
0x5F6F86	9	FE	1	あ痛たたた・・・	아야야야야・・・
0x5F6F90	9	FB	1	ちょっと休むか。	좀 쉴까。
0x5F7453	9	F808	1	野球の練習	야구 연습
0x5F7490	9	F805	1	ここから逃げる？	도망칠까？
0x5F78D0	9	FA	1	じゃあ、最後は	그럼 끝은
0x5F7B75	9	F809	1	先生のマネだ！	선생흉내！
0x5F7D29	9	FA	1	じゃないだろうな。	아니겠지。
0x5F7D6D	9	F800	1	なんて過激な！	이 얼마나 과격한！
0x5F7EA5	9	F809	1	に連れて行け！	에 데려가
0x5F823F	9	FB	1	はっきり言えよ！	분명히 말
0x5F8755	9	FA	1	わけでもないだろ？	것도 아냐
0x5F8A8F	9	FB	1	すごいですね・・・	대단해・・・
0x5F919F	9	F805	1	こりゃこりゃ・・・	이런・・・
0x5F92FD	9	F800	1	あと野球かな。	그리고 야구려나。
0x5F97E7	9	FB	1	お前は、どうして	넌、어째서
0x5F97F1	9	FB	1	ここに来たんだ。	여기 왔어
0x5F9C6C	9	FA	1	なればいいんだよ。	되면 돼。
0x5F9F00	9	FA	1	いいんでやんすね。	좋습죠。
0x5F9F41	9	FA	1	加えるでやんす。	더합죠。
0x5FAA1E	9	FA	1	いいんじゃないか。	괜찮잖아。
0x5FB375	9	F825	1	を指名します！	를 지명！
0x5FC233	9	F800	1	弱いぜ、お前。	약하군、너。
0x5FC34A	9	FA	1	お似合いだぜ。	어울린다。
0x5FC436	9	F815	1	いいえ、やります！	아뇨、해요
0x5FCA6C	9	F86B	1	これまでの所より	여태보다
0x5FCBB2	9	F825	1	は、そういうことに	는、그렇게
0x5FDA0C	9	FA	1	いいんでしょうか？	괜찮을까？
0x5FDECA	9	FD	1	卒業までには、	졸업할 때까지는、
0x5FDF78	9	FD	1	行こう行こう！	가자 가자！
0x5FE1A6	9	F809	1	を終えることなく	를 못끝내
0x5FE1C4	9	FB	1	そういう決まりに	그런 규칙
0x5FE27C	9	F809	1	へ連れて行け。	로 데려가
0x5FE47A	9	FA	1	イメージするんだ。	떠올려라。
0x5FE6B3	9	FA	1	ならないでやんす。	안됩죠。
0x5FE827	9	FA	1	なんてバカなこと。	바보짓。
0x5FF29F	9	F8F8	1	ま、参りました。	졌습니다。
0x5FF5DB	9	FD	1	かまえろ、シュッ！	자세를 잡아라、휙！
0x5FFEEC	9	FA	1	思うでやんすよ。	싶습죠。
0x5FFF31	9	F809	1	入浴中だな。	목욕중。
0x5FFF64	9	FA	1	いいんでやんすか？	괜찮습죠？
0x6002F8	9	FB	1	なんの用じゃな？	뭔 볼일？
0x600637	9	F815	1	よくわかりません。	잘 몰라。
0x60077F	9	FA	1	それもそうかのう。	그렇군。
0x600A2C	9	FB	1	おまえさんも、な。	너도 말야
0x600ABB	9	FA	1	悪いじゃないか。	나쁘잖아。
0x600ADF	9	FA	1	遅れちゃったよ。	늦었다。
0x6011D9	9	F808	1	スペースキャプテン	우주선장
0x60133C	9	F800	1	搭さいぃあさい（	
0x601709	9	F86B	1	今日の修行	오늘 수행
0x60180A	9	F8F8	1	進藤と戦った	신도 대전
0x60198A	9	FE	1	投げるでやんす！	던집죠！
0x601CEA	7	F820	1	まだまだです。	아직 멀었습니다。
0x6021D4	9	FA	1	続けてみなさい。	계속해봐。
0x60243D	9	FA	1	ならないでしょう。	안되겠죠。
0x60266E	9	FA	1	思ってるんです。	생각해요。
0x602763	9	FA	1	言ってください。	말해줘요。
0x6030B1	9	FA	1	お答えしますよ。	답하죠。
0x603206	9	FA	1	たくさんいますよ。	많이 있죠
0x603684	9	FC	1	Ａ鮎いくあさいき	
0x604793	9	F804	1	それは何ですか？	그건 뭐죠
0x6048A5	9	F803	1	ああ、頑張れ。	아、힘내。
0x60510C	9	F803	1	逃げてどうする！	도망쳐서！
0x605184	9	FA	1	気のせいですか？	기분탓？
0x6053D5	9	F803	1	わかった、シュッ！	알았다、슉
0x605730	9	F804	1	「シュッ」ですか？	「슉」이요？
0x605BEE	9	F804	1	先生をですか？	선생을요？
0x605FFC	9	FA	1	おくのだ、シュッ！	둬라、슉！
0x606136	9	F804	1	というか無理。	그냥 무리
0x606356	9	F804	1	え！テストですか！	네！시험！
0x6063BE	9	FB	1	では早速やるぞ	당장 한다
0x606BA0	9	F803	1	そうか。さすがだな	그래。역시
0x5E5B95	8	F9	1	たペうクたァおと	
0x5E5DF1	8	FF	1	たペ「づたァ＋ほ	
0x5E5EBC	8	F823	1	タつふいづつふい	
0x5E647C	8	FC	1	２げふいづねふい	
0x5E65D4	8	F800	1	２ッふい動ふい	
0x5E6744	8	F800	1	搭さいフねふい	
0x5E6C32	8	F800	1	さいゲねふい８あ	
0x5E6C6E	8	F800	1	さいボのふい８あ	
0x5E6D82	8	F800	1	さい」のふいダあ	
0x5E6E82	8	F800	1	さい尅さいィあ	
0x5E6F34	8	F800	1	ボのふい尅さい	
0x5E6F42	8	F800	1	さい尅さいンあ	
0x5E7002	8	F800	1	さい尅さいォあ	
0x5E70C5	8	FC	1	あさい柩ふい❤	
0x5E70DC	8	FC	1	搭さいふぬふい	
0x5E71BC	8	FC	1	搭さい」のふい	
0x5E71DC	8	F800	1	わぬふい尅さい	
0x5E7255	8	FC	1	あさいフねふい❤	
0x5E72AA	8	F800	1	さい尅さいロあ	
0x5E7602	8	FC	1	さいとにふいＣあ	
0x5E7780	8	F800	1	皿ふいゲとふい	
0x5E7DEA	8	F808	1	丸太ダッシュ	통나무
0x5E7EB6	8	FB	1	そこで今日は	오늘은
0x5E8163	8	F808	1	地獄カラクリ	지옥장치
0x5E81D0	8	FA	1	５回以上、	５회이상、
0x5E83A0	8	F808	1	柱上練習	기둥연습
0x5E8530	8	FB	1	ほら、これだよ。	자、이거。
0x5E8BE8	8	F825	1	、聞いてくれ。	、들어줘。
0x5E8C43	8	FE	1	お前のせいだ。	네 탓이다。
0x5E8D32	8	FA	1	してやるからな。	해주마。
0x5E918F	8	F8F8	1	食べてみよう！	먹어보자
0x5E9F17	8	F807	1	バタバタバタ！）	푸드덕푸드덕！）
0x5EA284	8	F86B	1	お前が悪い！	네 탓！
0x5EA316	8	F815	1	よし、脱走！	자、탈주！
0x5EA7C6	8	FB	1	ゆっくり休め。	푹 쉬어。
0x5EA806	8	FB	1	なにか臭うぞ。	냄새나。
0x5EA8F2	8	FB	1	今日で、この	오늘로、
0x5EABA1	8	F809	1	おいしかった！）	맛있다！）
0x5EB9FB	8	F809	1	重い荷物を	무거운짐
0x5EBAD6	8	F8F8	1	相手の隙を	상대 틈
0x5EC1F3	8	F82E	1	たぶん、どこかで	아마、어딘가에서
0x5ED00E	8	F809	1	君、おはよう。	군、안녕。
0x5ED14E	8	FA	1	がんばるぞー！！	힘내자！！
0x5ED490	8	F834	1	り本当かな。	정말일까。
0x5ED70B	8	FA	1	大変なんだ。	큰일이야
0x5ED8B9	8	F809	1	での修行だ。	서 수행。
0x5EE278	8	FD	1	いい傾向だ。	좋은 경향이다。
0x5EE7C8	8	F8F8	1	ドラ打ちって？	징치기？
0x5EED11	8	FA	1	知らないだろ？	모르지？
0x5EEDD2	8	F825	1	、ありがとうな。	、고맙다。
0x5EEFED	8	FB	1	簡単だろう？	간단하지
0x5EF85E	8	F800	1	丸くて固い。	둥글고 단단하다。
0x5F01F6	8	F809	1	、そうじゃない。	、아니다。
0x5F03AA	8	FA	1	なくなってるぞ！	없어졌어
0x5F0987	8	FA	1	やっておきます。	해둘게。
0x5F1268	8	FA	1	ということかな。	란 건가。
0x5F1333	8	F808	1	メディシンボール	메디신볼
0x5F159A	8	FD	1	うわ、キノコ？！	우와、버섯？！
0x5F15B8	8	F86B	1	キノコ呼ばわり	버섯취급
0x5F22BE	8	FA	1	ことがあります。	적 있죠。
0x5F2EF4	8	FA	1	わけじゃないよ。	건 아냐。
0x5F2FFD	8	FE	1	うらやましいよ。	부럽구나。
0x5F4193	8	F86B	1	そんな心配は	그 걱정
0x5F444A	8	F825	1	、悩みごとか？	、고민？
0x5F49D0	8	FE	1	それを選んで、	그것을 골라서、
0x5F4ADA	8	F809	1	んでやんすよね。	인거죠。
0x5F4E27	8	FA	1	無視するな！	무시마！
0x5F4F8D	8	F803	1	ノリが悪いっ！	흥없어！
0x5F504B	8	F86B	1	たまってるしね。	쌓였고。
0x5F58DA	8	F8F8	1	パワーこそすべて	힘이 다
0x5F58E4	8	F8F8	1	まず己を知れ	널 알라
0x5F61FD	8	F825	1	、がんばったな。	、힘냈군。
0x5F6AFC	8	FA	1	あるでやんすよ。	있습죠。
0x5F728E	8	FA	1	難しそうだ。）	어렵겠다
0x5F75FE	8	F809	1	」って言うのは	」란 것은
0x5F7A7B	8	FB	1	生きているか？	살아있나
0x5F7D62	8	FD	1	こっ、これはっ！	이、이건！
0x5F80AE	8	FA	1	見つけたんだ。	찾았다。
0x5F81F4	8	F809	1	先生なんて、	선생따위
0x5F85C4	8	FE	1	片付けるのは	치우는 것은
0x5F85CE	8	F825	1	君でやんすよ！	군입죠！
0x5F8799	8	FA	1	でやんすよねぇ？	입죠？
0x5F8980	8	FA	1	来たんだよな？	왔었지？
0x5F8B26	8	F804	1	ええ、いないの？	어、없어？
0x5F9722	8	FA	1	一緒にやる？	같이 해？
0x5F9A0A	8	FE	1	正直な奴は	정직한 녀석은
0x5FA205	8	F809	1	君のコン棒が	군곤봉이
0x5FA47B	8	F815	1	攻撃について	공격편
0x5FA485	8	F8F8	1	防禦について	방어편
0x5FAB32	8	FD	1	いただきまーす。	잘 먹겠습니다아。
0x5FAD24	8	F825	1	です、よろしく。	다、부탁。
0x5FB511	8	FA	1	だっていうのに？	라는데？
0x5FB716	8	FA	1	なんだけど・・・	인데・・・
0x5FBD69	8	FD	1	あれ、野球？	어라、야구？
0x5FBF96	8	FD	1	どうしてそれを！	어째서 그것을！
0x5FBFFD	8	F825	1	、どうするんだ？	、어쩔래？
0x5FC41C	8	FD	1	、許さないぞ！	、용서하지 않겠다！
0x5FC643	8	FB	1	まちがえたかな。	틀렸나。
0x5FC93F	8	FA	1	完闘したな。	완투했군
0x5FD12F	8	FA	1	行ってません。	안 갔어。
0x5FD17A	8	FE	1	だから、今から	그러니까、지금부터
0x5FD1A1	8	FD	1	今からですか。	지금부터입니까。
0x5FD8B9	8	F809	1	を開始する！	를 개시！
0x5FDA3A	8	FA	1	引き分けでも	무승부도
0x5FDA54	8	FE	1	では、がんばれ！	그럼、힘내라！
0x5FE064	8	FA	1	ちゃったんです。	버렸죠。
0x5FE6D5	8	FA	1	良いでやんす。	좋습죠。
0x5FEBFC	8	FD	1	失礼します！	실례하겠습니다！
0x5FF318	8	FA	1	いたしましょう。	하지요。
0x5FF6FD	8	F803	1	いかん、いかん、	안돼안돼
0x5FFC75	8	F809	1	君、悪いけど	군、미안
0x5FFF8D	8	FD	1	だけど、こっちも	그렇지만、이쪽도
0x600A1B	8	F809	1	もお元気で。	도 안녕。
0x600E3E	8	F808	1	選手を作る	선수작성
0x6010B2	8	F809	1	編って、実は	편、실은
0x6010F6	8	F808	1	販売戦略	판매전략
0x6015EE	8	F8F8	1	修行汎用	수행범용
0x6015F8	8	F8F8	1	ランダム汎用	랜덤범용
0x6017CF	8	F815	1	進藤イベント	신도편
0x6017E5	8	F8F8	1	ランダムイベント	랜덤사건
0x601DFC	8	FB	1	少し街のほう	마을 쪽
0x601F2C	8	FE	1	偶然ですよ？	우연입니다？
0x602312	8	FA	1	投げてくれよ。	던져줘。
0x602510	8	FB	1	できるんだろう。	될거다。
0x602BA4	8	FB	1	そこじゃなくて、	거기말고
0x602C79	8	FE	1	もしもの時に、	만일의 때에、
0x602E4C	8	F815	1	修行について	수행편
0x602E65	8	F8F8	1	この寺について	절 소개
0x602E6F	8	F8F8	1	進藤について	신도편
0x603188	8	FA	1	ありましたっけ？	있었나？
0x603421	8	F851	1	あさい尅さい❤	
0x603648	8	F800	1	ったふいえあさい	
0x603690	8	FC	1	ふ鮎い渋へい	
0x60390D	8	F8F8	1	連続チェック	연속체크
0x603C2C	8	F803	1	よく捕まえたな	잘잡았군
0x603DA5	8	F804	1	返し、はやっ！	빠르다！
0x603F88	8	F804	1	やってましたよ。	했었죠。
0x60415D	8	F803	1	無理だあ！！	무리다！！
0x6041A7	8	FA	1	わかる、シュッ！	안다、슉！
0x6050E4	8	F804	1	戦うのかよ!	싸우냐!
0x605244	8	FA	1	逃げおったか。	도망갔나
0x605504	8	F803	1	声が小さい！	더 크게！
0x6057D6	8	F804	1	早口ですか？	빠른말？
0x605BB8	8	F800	1	また早口を？	또 빠르게 말하기를？
0x605C67	8	F804	1	き、消えたぞ。	사라졌다
0x605CE9	8	F803	1	さあ、どうした？	왜 그래？
0x605FC2	8	FA	1	らおう、シュッ！	겠다、슉！
0x6061F5	8	F804	1	聞いてないし。	안들었고
0x606344	8	FA	1	やろう、シュッ！	하자、슉！
0x6065D1	8	F800	1	いくぞ、シュッ！	간다、휙！
0x6070BE	8	F803	1	頑張るのだぞ	힘내라
0x60729C	8	FC	1	６をほいョらほい	
0x6072F4	8	F800	1	窄さいふあさい	
0x607368	8	F800	1	❤ゆほいヤよほい	
0x6073F8	8	F800	1	❤ゆほいとよほい	
0x607C84	8	FF	1	ぽぃほいァぃほい	
0x5E5AF6	7	F9	1	さい椴を丸	
0x5E5BEA	7	FF	1	さいミぜを粥	
0x5E62E9	7	F800	1	まふいごズふい	
0x5E6872	7	F800	1	さいやねふい（	
0x5E6906	7	F800	1	さい尅さいた	
0x5E6C4E	7	F800	1	さいフねふいあ	
0x5E6EEE	7	F800	1	さいエのふいひ	
0x5E7032	7	F800	1	さい尅さいろ	
0x5E70E6	7	F800	1	さい尅さいえ	
0x5E720A	7	F800	1	さいＩなふいき	
0x5E734E	7	F800	1	さいＹとふいさ	
0x5E745A	7	F800	1	さいワねふいき	
0x5E74BE	7	F800	1	さいわねふいき	
0x5E7526	7	F800	1	さいえにふいお	
0x5E76FE	7	F800	1	さい三ふいぬ	
0x5E823B	7	FD	1	さあ、行くぞ	자、간다
0x5E8AC5	7	FB	1	持っていけ。	가져가。
0x5E90B5	7	FA	1	思えないし。	안보여。
0x5E917A	7	FA	1	なっているぞ。	돼있다。
0x5E9186	7	F815	1	きれいだなぁ。	예쁘다。
0x5E9B57	7	FA	1	つまらないな。	지루해。
0x5E9F77	7	FB	1	やつは友だ。	친구다。
0x5EA856	7	FB	1	あの人のか？	그 분？
0x5EBADF	7	F8F8	1	うまくつきたい	찌르기
0x5ED146	7	FA	1	命を捨てて	결사로
0x5EDB69	7	FE	1	よくできたな、	잘했구나、
0x5EDCA1	7	FA	1	悪かったな、	미안해、
0x5EE493	7	FA	1	うまいんだぜ。	맛있다。
0x5EE923	7	F800	1	簡単だろ？	간단하지？
0x5EF4EF	7	F809	1	先生だって	선생도
0x5EF843	7	FD	1	丸いですね。	둥글군요。
0x5EF88A	7	FA	1	どう攻める？	공략법？
0x5F020E	7	FA	1	伸ばすんだ。	뻗는다。
0x5F025B	7	F825	1	、やってみろ。	、해봐。
0x5F02AE	7	FA	1	そろえるんだ！	맞춘다！
0x5F02B6	7	FB	1	さあ、全員	자、전원
0x5F0319	7	F805	1	バッティング？	배팅？
0x5F11EA	7	F815	1	考えてみる。	생각해。
0x5F11F3	7	F8F8	1	反発する。	반발해。
0x5F358E	7	F8F8	1	布走りとは	천달리
0x5F46A8	7	FA	1	のだ、シュッ！	다、슉！
0x5F4897	7	F86B	1	文章だの、	문장 등
0x5F49F3	7	F85A	1	んでやんすよ。	습죠。
0x5F4B3E	7	F840	1	発売中の	발매 중인
0x5F5881	7	FB	1	言ってみろ！	말해봐！
0x5F5B72	7	FA	1	多いですね。	많네요。
0x5F620C	7	FE	1	だが、わたしは	하지만、나는
0x5F6C8E	7	FE	1	そうかそうか！	그런가 그런가！
0x5F75D4	7	F809	1	へ行くんだ。	로 간다
0x5F76A1	7	F86B	1	よく来たな。	잘 왔군
0x5F78E1	7	F809	1	先生だな。	선생군。
0x5F7C21	7	FB	1	ふはははは！！	푸하하！
0x5F7C6F	7	F8F8	1	遠慮する。	사양해。
0x5F7FF2	7	FD	1	ま、まずいよ。	이、이건 곤란해。
0x5F8049	7	F804	1	宇宙人？	우주인？
0x5F8113	7	FB	1	すごいよなぁ。	대단해。
0x5F843D	6	F8F8	1	叩きつぶす	부순다　　　　
0x5F8A78	7	FE	1	あきれるだろ？	기가 막히지？
0x5F8BBB	7	FB	1	なんだよそれ！	뭐야！
0x5F8D1F	7	F809	1	みたいな人を	같은 이
0x5F93AC	7	F809	1	に語った。）	말했다。
0x5F93FE	7	F800	1	今、ここで？	지금、여기서？
0x5F957B	7	FA	1	よくとれたね。	잘 잡아
0x5F96E5	7	FE	1	楽しいなぁ。	즐겁구나。
0x5F9A13	7	FE	1	大好きだ。	아주 좋아한다。
0x5FA1F6	7	FB	1	いつの間にか	어느새
0x5FA20E	7	FA	1	取られてる。	뺏겼다。
0x5FA254	7	FE	1	では行くぞ！	그럼 간다！
0x5FA416	7	FB	1	な、頼むよ。	자、부탁
0x5FA4FE	7	F803	1	攻撃とは！	공격이！
0x5FA6E3	7	F825	1	くんの手が、	군 손이
0x5FA8D0	7	F809	1	なんでやんす。	입죠。
0x5FAC53	7	F800	1	いかんいかん。	안 되지 안 돼。
0x5FB36C	7	FB	1	相手には、	상대엔、
0x5FB720	7	F800	1	俺のグラブは	내 글러브는
0x5FB7FA	7	FB	1	参りました。	졌어요。
0x5FBED7	7	FB	1	指名された	지명된
0x5FBEE0	7	F825	1	はどうなんだ。	는 어때
0x5FC410	7	F809	1	先輩め～～	선배～
0x5FC8C8	7	F800	1	今の突きは	방금 그 찌르기는
0x5FCBA8	7	F804	1	どうでしょう。	어떨까。
0x5FD16F	7	FA	1	もったいない。	아깝다。
0x5FDDBF	7	FA	1	高校生の	고교생
0x5FDFA0	7	F808	1	秋の大会	가을전
0x5FE157	7	FB	1	いや、ですから	그러니、
0x5FF23E	7	F86B	1	先生陣も	선생진
0x5FF264	7	FD	1	まさか、次は	설마、다음은
0x5FF92B	7	F800	1	生きてるよ。	살아 있어。
0x6004C8	7	F86B	1	そのうちにな。	머잖아。
0x600E4E	7	F808	1	サクセスモード	석세스
0x600EE7	7	F808	1	俺のペナント	페넌트
0x600EF0	7	F809	1	で鍛えれば、	로 단련
0x601C35	7	F8F8	1	まだまだです。	아직요。
0x601EAB	7	FA	1	ありませんよ。	없어요。
0x601F5D	7	FA	1	買ってきたん	사왔단
0x602666	7	F809	1	に行こうかと	에 갈까
0x602B19	7	FA	1	したんですよ。	했어요。
0x602D4F	7	FB	1	がんばります。	힘낼게。
0x603489	7	FF	1	笈いヂ鮎い	
0x603492	7	F800	1	さい尅さい❤	
0x603917	7	F8F8	1	フラグリセット	플래그
0x604132	7	F803	1	ん？どうした？	응？왜？
0x60420E	7	FA	1	ゃないですか？	잖아요？
0x6047BD	7	FA	1	いい、シュッ！	좋다、슉
0x605090	7	F804	1	なんでトラって	호랑인
0x6051EE	7	FA	1	やりかねない。	할지도。
0x60575D	7	F804	1	え？早いの？	네？빨라
0x60592E	7	F803	1	まだまだだな！	멀었군！
0x605BAF	7	F804	1	テストですか？	시험？
0x605E05	7	FA	1	くれるかも！！	줄지도
0x606224	7	F800	1	心がけます。	명심하겠습니다。
0x606C80	7	F803	1	わかっておる。	안다。
0x60704C	7	F803	1	任せておけ。	맡겨둬。
0x607C3D	5	F820	1	うわあっ！	으아앗！
0x5E5C22	6	F9	1	ゆ（いコァぉ	
0x5E63BF	6	FC	1	い」てふい（	
0x5E668A	6	F800	1	さい」のふい	
0x5E6A5C	6	FC	1	Ｉとふいダあ	
0x5E6ADC	6	FC	1	ォねふいダあ	
0x5E6B10	6	FC	1	」のふいダあ	
0x5E6C00	6	F800	1	搭さいＣあ	
0x5E6EF8	6	F800	1	エぬふい８あ	
0x5E6F28	6	F800	1	」のふい６あ	
0x5E70BE	6	FC	1	さいっのふい	
0x5E744C	6	FC	1	搭さい８あ	
0x5E746C	6	F800	1	ぱなふいＣあ	
0x5E7490	6	FC	1	ごねふい６あ	
0x5E74AC	6	FC	1	エねふい８あ	
0x5E74FC	6	F800	1	❤ぬふい６あ	
0x5E759B	6	FC	1	いごねふい（	
0x5E76A4	6	FC	1	❤のふいＣあ	
0x5E76B8	6	FC	1	エのふい８あ	
0x5E76E8	6	F800	1	ヂねふいＣあ	
0x5E771C	6	F800	1	トねふい６あ	
0x5E7734	6	F800	1	ヂねふい８あ	
0x5E7D91	6	F809	1	の修行を	수행을
0x5E814C	6	F825	1	よ、お前は	야、넌
0x5E92F8	6	FD	1	ヒマだなぁ。	한가하구나。
0x5E9CAE	6	FB	1	ほら、来い	자、와
0x5EAD19	6	F808	1	まともな味	정상맛
0x5EAE4B	6	FE	1	私は、この	나는、이
0x5ECEAD	6	F809	1	先生って	선생은
0x5EE537	6	FD	1	いないよな。	없겠지。
0x5EEEFD	6	F8F8	1	ガケ登り？	벼랑？
0x5EF565	6	FE	1	お歳で！？	연세에！？
0x5EFDBE	6	F825	1	といいます。	래요。
0x5F0C1E	6	F809	1	では、なぜか	왠지
0x5F0C27	6	F808	1	変化球	변화구
0x5F0DD7	6	F808	1	ろくがくいん	육학원
0x5F0EF7	6	FA	1	お前たちで	너희가
0x5F18E3	6	FA	1	いるんです。	있죠。
0x5F1BF7	6	F808	1	体験版	체험판
0x5F1C13	6	F808	1	ミニサクセス	미니판
0x5F3A4E	6	FB	1	がはははは！	가하하
0x5F3E8D	6	F808	1	内転筋	내전근
0x5F44DB	6	F800	1	小さいぞ。	작구나。
0x5F7345	6	F809	1	）でやんす。	）입죠。
0x5F741C	6	F809	1	でやんすね。	입죠。
0x5F7AD7	6	FD	1	いてててて。	아야야야야。
0x5F7E9D	6	F808	1	懲罰房	징벌방
0x5F89D3	6	FA	1	ないんだぜ。	없어。
0x5F925B	6	F829	1	ゴックン！）	꿀꺽！）
0x5F93CB	6	F86B	1	すげえなぁ！	굉장해
0x5F94F4	6	FB	1	これだろう？	이거？
0x5F9A40	6	F86B	1	いかんよな。	안돼。
0x5F9CBB	6	F804	1	あれ、俺は	어、난
0x5FA1D8	6	FE	1	実践だ。	실전이다。
0x5FA698	6	F804	1	さあ、こい！	자、와！
0x5FA8C8	6	FA	1	行くところ	갈 곳
0x5FAB4C	6	FD	1	あれ、たった	어라、고작
0x5FAD5A	6	FE	1	わはははは。	와하하하하。
0x5FB56F	6	FD	1	こんなやつに	이런 녀석에게
0x5FBCC7	6	F809	1	さんの方が	씨 쪽
0x5FBEFD	6	F809	1	先輩と？	선배？
0x5FC057	6	F825	1	の勝ちだ。	의승。
0x5FC783	6	FA	1	うれしいぞ。	기뻐。
0x5FC927	6	F825	1	くん、よくぞ	군、잘
0x5FCF4A	6	FE	1	それじゃあ、	그럼、
0x5FD18C	6	F809	1	へ行くぞ。	로 가。
0x5FD8A3	6	FB	1	ただいまより	이제
0x5FE0BD	6	F808	1	小森寺	소삼사
0x5FE0CF	6	F809	1	）ですよね？	）죠？
0x5FE1CE	6	FB	1	なっておる。	됐다。
0x5FE266	6	FB	1	お前たち、	너희、
0x5FF688	6	FA	1	上達しッ	향상하
0x5FFAC6	6	F809	1	先生も？	선생？
0x600E15	6	FA	1	なんだよな？	맞지？
0x600E93	6	F809	1	に入れれば	넣으면
0x600F87	6	FE	1	ただ、これは	다만、이건
0x600F8F	6	F808	1	お試し版	체험판
0x601440	6	FC	1	えあさい８あ	
0x601448	6	FC	1	くあさいＣあ	
0x6022CD	6	F829	1	捕れたぞ！	잡았어
0x60246B	6	FA	1	明日は、	내일、
0x6024FE	6	FD	1	って、あれ？	라니、어라？
0x6028B6	6	FD	1	あ！すごい！	아！대단해！
0x60310B	6	FA	1	思いますけ	싶은데
0x6031FF	6	FA	1	このお寺に	이 절
0x6032E8	6	F825	1	君だって、	군도、
0x6034FA	6	FC	1	さい２序い	
0x6035CE	6	FC	1	さい」鮎い	
0x6038F7	6	F815	1	七回目	７회째
0x6038FF	6	F8F8	1	八回目	８회째
0x60396F	6	F815	1	一回目	첫번째
0x603977	6	F8F8	1	二回目	두번째　
0x60397F	6	F8F8	1	三回目	세번째　
0x603987	6	F8F8	1	四回目	４회째
0x60398F	6	F8F8	1	五回目	５회째
0x603997	6	F8F8	1	六回目	６회째
0x603F44	6	F803	1	まだまだだな	멀었군
0x60416F	6	F804	1	は、はやっ！	빨라！
0x605D20	6	F815	1	勘にたよる	직감형
0x605D81	6	FA	1	無駄だ！	헛일！
0x605FD4	6	F804	1	別の事？	딴 일？
0x6061B9	6	FA	1	きたいです。	싶어요
0x606254	6	FA	1	思うけど）	싶은데
0x6065C9	6	F803	1	当然だ！	당연！
0x607244	6	FC	1	窄さいるう	
0x6072B2	6	F826	1	ほい！んほい	
0x6072E8	6	F800	1	Ｑゆほいルあ	
0x607C53	4	F820	1	ウガッ！	우걱！
0x5E65AB	5	FC	1	いたザふい	
0x5E6754	5	FC	1	っねふい❤	
0x5E6798	5	F800	1	搭さいま	
0x5E67A4	5	F800	1	ごなふいし	
0x5E69A0	5	FC	1	Ｑのふいあ	
0x5E6A08	5	FC	1	搭さいえ	
0x5E6A10	5	FC	1	しぬふいう	
0x5E6A7C	5	FC	1	っぬふい（	
0x5E6AA8	5	FC	1	搭さいへ	
0x5E6AEC	5	FC	1	尅さいっ	
0x5E6B28	5	FC	1	搭さいい	
0x5E6BCC	5	F800	1	尅さいむ	
0x5E6BDC	5	F800	1	搭さいか	
0x5E6C48	5	F800	1	亜さい（	
0x5E6CE0	5	FC	1	搭さいな	
0x5E6CE8	5	FC	1	Ａにふいと	
0x5E6CF0	5	FC	1	ふにふいて	
0x5E6D08	5	FC	1	搭さいの	
0x5E6D18	5	FC	1	ワとふいぬ	
0x5E6DC8	5	F800	1	やあさいせ	
0x5E6DF4	5	F800	1	やあさいた	
0x5E6ECC	5	F800	1	尅さいえ	
0x5E6F1C	5	F800	1	搭さいう	
0x5E6F94	5	F800	1	やあさいつ	
0x5E70F4	5	F800	1	ＹにふいＶ	
0x5E7214	5	F800	1	ヤぬふいに	
0x5E724F	5	FC	1	いっのふい	
0x5E729D	5	F800	1	あさい８あ	
0x5E72CC	5	F800	1	となふいそ	
0x5E7300	5	F800	1	トのふいと	
0x5E7308	5	F800	1	しねふいつ	
0x5E7344	5	F800	1	っなふいこ	
0x5E7358	5	F800	1	わとふいし	
0x5E7404	5	FC	1	搭さいつ	
0x5E7464	5	F800	1	わにふいく	
0x5E74D8	5	F800	1	三ふいけ	
0x5E7534	5	F800	1	フぬふいう	
0x5E7688	5	FC	1	えにふいく	
0x5E76D8	5	F800	1	やにふいえ	
0x5E76F4	5	F800	1	搭さいに	
0x5E772C	5	F800	1	やにふいな	
0x5E7760	5	F800	1	❤のふいそ	
0x5E7778	5	F800	1	とのふいき	
0x5E7E42	5	F808	1	ガケ登り	절벽
0x5E7E88	5	FB	1	おまえは、	너는、
0x5E7E9A	5	F808	1	ドラ打ち	징타
0x5E81DA	5	F808	1	布走り	천달
0x5E8CA0	5	FF	1	ぎカあと	
0x5E9584	5	F86B	1	もう少し	좀 더
0x5EAAA8	5	F86B	1	ばっかりで	뿐이
0x5EAE5B	5	F809	1	をまとめる	정리
0x5EC115	5	FA	1	ケガをした	부상
0x5EC1FC	5	F82E	1	体力が	체력이
0x5EC9B0	5	FB	1	不覚！	실책！
0x5ED8F1	5	F809	1	をつけろ。	붙여。
0x5EE38F	5	FE	1	うまいぜ。	잘하는군。
0x5EE83C	5	F86B	1	やらせる。	시켜。
0x5EECB3	5	F86B	1	この寺を	이 절
0x5EF585	5	FA	1	やる時は	할 땐
0x5F02BE	5	FB	1	続けて。	계속。
0x5F0F40	5	FA	1	やんすね。	군요。
0x5F17CC	5	FA	1	人間を	인간
0x5F30F0	5	F809	1	に関して	관해
0x5F3C7F	5	FE	1	未熟。	미숙하다。
0x5F3E95	5	F809	1	というのが	란 게
0x5F46FD	5	F803	1	なんだこの	이 뭐
0x5F486A	5	FE	1	文章の	문장의
0x5F4871	5	F808	1	早送り	빨리
0x5F5FC9	5	F86B	1	こっそりと	몰래
0x5F69D6	5	FE	1	あ、まさか	아、설마
0x5F6C1E	5	F809	1	先輩！	선배！
0x5F7561	5	FA	1	つく前に	전에
0x5F7C68	5	F815	1	借りる。	빌려。
0x5F7CE8	5	FF	1	鋒カあと	
0x5F8BC6	5	FE	1	いいのか？	괜찮은 거냐？
0x5F98B3	5	FE	1	どれどれ。	어디 보자。
0x5F9D8A	5	F809	1	先輩に	선배
0x5FA1E1	5	F800	1	構えろ。	자세를 잡아라。
0x5FAB53	5	FD	1	これだけ？	이것뿐？
0x5FABB6	5	FD	1	これじゃあ	이래서는
0x5FBCBA	5	FA	1	そのうちに	곧
0x5FC509	5	F808	1	本気で	진심
0x5FC757	5	F809	1	様です。	님。
0x5FC833	5	F825	1	よ、よくぞ	자、잘
0x5FCA87	5	FA	1	いまひとつ	약간
0x5FCBBC	5	FA	1	関心は	관심
0x5FCF54	5	F808	1	野球の	야구
0x5FD152	5	FA	1	一回も	한번
0x5FDCDB	5	FB	1	まちがえて	잘못
0x5FE078	5	F86B	1	妙だな。	묘해。
0x5FE0C8	5	F808	1	こもりでら	소삼
0x5FE26D	5	FA	1	その者を	그 자
0x5FF312	5	FA	1	ここまでと	여기
0x5FFB88	5	F809	1	だって？！	뭐？！
0x5FFE83	5	F809	1	先輩が	선배
0x6003AE	5	FD	1	だめじゃ。	안 되느니라。
0x600F6D	5	F809	1	シリーズは	연작
0x6013F4	5	F800	1	搭さい❤	
0x601563	5	F815	1	ランダム１	랜덤１
0x60156E	5	F8F8	1	ランダム３	랜덤３
0x6015CB	5	F815	1	進藤１	신도１
0x6015D2	5	F8F8	1	進藤２	신도２
0x6015D9	5	F8F8	1	進藤３	신도３
0x6015E0	5	F8F8	1	進藤４	신도４
0x6015E7	5	F8F8	1	進藤５	신도５
0x601E4B	5	F825	1	君には、	군엔、
0x602657	5	FB	1	今から、	지금、
0x602A0A	5	FA	1	言いまし	말했
0x602B9E	5	FB	1	問題は	문제
0x603105	5	FA	1	どうかとも	글쎄
0x60352C	5	F8EE	1	尅さい❤	
0x603654	5	F800	1	」鮎いあ	
0x603664	5	FC	1	ご鮎いう	
0x60366C	5	FC	1	や鮎いえ	
0x603674	5	FC	1	わ鮎いお	
0x60367C	5	FC	1	っ鮎いか	
0x603D08	5	F804	1	んだけど）	는데）
0x6046E9	5	FA	1	ならない。	안돼。
0x60771C	5	FB	1	おおこ尅	
0x607722	5	FB	1	ここつ窄	
0x5E5C49	4	F9	1	たペてふ	
0x5E5E98	4	FF	1	みてふい	
0x5E5EB4	4	F823	1	Ａつふい	
0x5E6354	4	F800	1	❤ぃふい	
0x5E6394	4	F800	1	Ｑがふい	
0x5E63F9	4	FC	1	ほふい（	
0x5E661C	4	FC	1	タＵふい	
0x5E6774	4	FC	1	やねふい	
0x5E69D8	4	FC	1	しにふい	
0x5E6A30	4	FC	1	フなふい	
0x5E6B30	4	FC	1	えはふい	
0x5E6BC0	4	F800	1	フねふい	
0x5E6C40	4	F800	1	尅さい	
0x5E7024	4	F800	1	シぬふい	
0x5E702C	4	F800	1	ォなふい	
0x5E7074	4	FC	1	」のふい	
0x5E7106	4	F800	1	さいＤあ	
0x5E7520	4	F800	1	ボにふい	
0x5EB17D	4	FA	1	しよう。	하자
0x5EC185	4	FE	1	ぷぷっ。	푸훗。
0x5ECC11	4	F807	1	ざっく）	
0x5EDFED	4	F808	1	鼻血	코피
0x5EDFF3	4	F809	1	なんだ。	다。
0x5EE91C	4	FA	1	だけだ。	뿐。
0x5EF52D	4	FB	1	親は、	부모
0x5EF752	4	F829	1	戦う？	대전
0x5EFD3F	4	FD	1	一番	제일
0x5F0AC0	4	F808	1	利一	리일
0x5F0C07	4	F808	1	投手	투수
0x5F0C0D	4	F809	1	なので、	니、
0x5F1CFF	4	FE	1	全然	전혀
0x5F30D8	4	F808	1	犯罪	범죄
0x5F30E1	4	F808	1	事故	사고
0x5F30EA	4	F808	1	誘惑	유혹
0x5F386E	4	FE	1	よけろ。	피해라。
0x5F3E87	4	FD	1	他に、	그 밖에、
0x5F44B3	4	FA	1	結構	제법
0x5F4704	4	F808	1	ハレンチ	음란
0x5F470A	4	F809	1	な本は	책은
0x5F4D5D	4	FE	1	この寺	이 절
0x5F4FA8	4	F803	1	コラッ、	야、
0x5F513A	4	F808	1	輝家	휘가
0x5F5147	4	F808	1	てるいえ	휘가
0x5F5187	4	F808	1	ダメイエ	망가
0x5F5CB6	4	F809	1	先生	선생
0x5F5DDB	4	F809	1	だけで、	만、
0x5F6CB8	4	FE	1	ようし！	좋았어！
0x5F7C5C	4	FB	1	読め。	읽어
0x5F8437	4	F815	1	騒ぐ。	소란
0x5F8A39	4	F809	1	」なんて	」란
0x5F9254	4	F829	1	バキバキ	우둑
0x5FA6AD	4	FD	1	ハアッ！	하앗！
0x5FA75B	4	FE	1	許せ。	용서해라。
0x5FAAD7	4	F808	1	みつやま	삼산
0x5FB4E0	4	FE	1	今さら	이제 와서
0x5FB50C	4	FB	1	終わり	종료
0x5FCA82	4	F800	1	オレには	나에게는
0x5FCCF9	4	F804	1	ノック？	노크
0x5FCF23	4	F803	1	ああっ？	앗？
0x5FCF5B	4	F809	1	練習	연습
0x5FDFAC	4	F808	1	優勝	우승
0x5FE0B7	4	FD	1	ここって	여기는
0x5FF7D0	4	FA	1	さすがは	역시
0x5FFB82	4	F808	1	電話	전화
0x5FFD92	4	FD	1	これか。	이건가。
0x5FFF96	4	FD	1	むりやり	억지로
0x6008B8	4	F808	1	災難	재난
0x600CE6	4	F809	1	だけど。	지만
0x600E10	4	F809	1	のゲーム	게임
0x6011F4	4	F809	1	だって？	뭐？
0x6021C3	4	FB	1	どちらも	양쪽
0x60351C	4	FC	1	わうほい	
0x603608	4	F800	1	ワそふい	
0x603907	4	F8F8	1	汎用	범용
0x603C11	4	F804	1	ドン!	쿵!
0x603F2C	4	F804	1	スカッ！	휙！
0x604405	4	F804	1	はやっ！	빨라
0x60523F	4	FE	1	あっ!	앗!
0x605D99	4	FD	1	ここだ！	여기다！
0x605EF1	4	FA	1	シュッ？	슉？
0x6072DC	4	FC	1	窄さい	
0x60770C	4	FB	1	こ尅こ	
0x607712	4	FB	1	つ窄そ	
0x607CAC	4	FC	1	２ぬえい	
0x5E5ABA	3	F9	1	イてお	
0x5E5BBA	3	F9	1	さいや	
0x5E5CA6	3	FF	1	ぁ）い	
0x5E5CD2	3	FF	1	ぁ）え	
0x5E5CFE	3	FF	1	ぁ）く	
0x5E5D2A	3	FF	1	ぁ）た	
0x5E5D56	3	FF	1	ぁ）み	
0x5E5D82	3	FF	1	ぁ）ぜ	
0x5E5DAE	3	FF	1	ぁ）ァ	
0x5E5DFE	3	FF	1	さいい	
0x5E5E2C	3	FF	1	あうえ	
0x5E69DF	3	FC	1	い８あ	
0x5E6B66	3	F800	1	さいキ	
0x5E6CB6	3	FC	1	さいメ	
0x5E6D2E	3	FC	1	さいロ	
0x5E6E02	3	F800	1	さいチ	
0x5E6E2E	3	F800	1	さいヒ	
0x5E6E5A	3	F800	1	さいコ	
0x5E6EB6	3	F800	1	さいカ	
0x5E70D2	3	FC	1	さいぺ	
0x5E783D	3	F851	1	きいむ	
0x5E7886	3	F829	1	ボコ）	퍽）
0x5ECC07	3	F807	1	ざっく	
0x5ED107	3	FD	1	ボクは	나는
0x5EF9F5	3	FA	1	しかも	또
0x5F0ACD	3	F808	1	りいち	리
0x5F0FE1	3	F803	1	わあ、	와、
0x5F42CF	3	FA	1	じきに	곧
0x5F462A	3	FB	1	これ、	이、
0x5F5143	3	F808	1	さんだ	씨
0x5F580A	3	FD	1	フッ、	훗、
0x5F75C7	3	FA	1	早く	곧
0x5F8CC4	3	F809	1	さま！	님！
0x5F966B	3	F808	1	受け	받기
0x5F9673	3	F808	1	投げ	던지기
0x5F9C68	3	F809	1	ように	듯
0x5F9E8B	3	FD	1	仮に	가령
0x5FBEBF	3	FB	1	オレと	나
0x5FCF04	3	FE	1	それ！	그것！
0x5FEC70	3	FE	1	ダメ？	안 돼？
0x600E48	3	F809	1	ための	용
0x601433	3	FC	1	いノあ	
0x605C5A	3	F804	1	タッ！	탁！
0x605D8B	3	FD	1	勘で	감으로
0x6072FF	3	FC	1	いルあ	
0x6076FA	3	FB	1	こ徂	
0x607700	3	FB	1	つ殺	
0x607728	3	FB	1	そそお	
0x607730	3	FF	1	こ屁	
0x607736	3	FE	1	つ錯	
0x607D51	3	F837	1	何も	아무것도
0x5E7B85	4	FA	55	シュッ！	슉！
0x5E9ED4	5	F808	37	チャン太	짱타
0x5E99F2	4	F808	33	光山	광산
0x5EAE62	4	F808	16	進藤	신도
0x6037F5	4	F808	11	生米	생쌀
0x5ECC24	6	F808	9	六学院	육학원
0x5EC1D7	6	F808	8	回復房	회복방
0x5F29CB	6	F808	8	対決房	대결방
0x5E80E8	6	F808	7	朱雀房	주작방
0x5F6FBF	5	F809	6	先生？	선생？
0x604C4E	4	F808	6	生卵	생란
0x603A01	8	FA	9	よし！終了だ	좋아！끝
0x6036F9	4	F808	9	生青	생청
0x603801	4	F808	9	生本	생본
0x6036F3	4	F808	10	生俵	생섬
0x6037FB	4	F808	10	生木	생목
0x5E81B6	3	F85A	1	おい、	어이、
0x5E9852	4	F85A	1	セリーグ	센트럴
0x5EA1B7	5	F85A	1	じゃなくて	가 아니라
0x5EAE77	5	F85A	1	よろしく。	잘 부탁해。
0x5EAE8D	3	F85A	1	です。	입니다。
0x5EB795	3	F85A	1	俺は	나는
0x5EBE27	5	F85A	1	お、おう。	오、오냐。
0x5ECE25	5	F85A	1	先生。	선생님。
0x5ED0DA	3	F85A	1	君が	군이
0x5ED863	3	F85A	1	です。	입니다。
0x5EDCBC	5	F85A	1	先生。	선생님。
0x5EDEF9	7	F85A	1	はい、どうぞ。	자、여기요。
0x5EF436	5	F85A	1	先生。	선생님。
0x5EF4C5	3	F85A	1	君が	군이
0x5EF562	2	F85A	1	あの	저기
0x5EF580	4	F85A	1	なかなか	좀처럼
0x5EF75C	3	F85A	1	じゃ、	그럼、
0x5EF762	4	F85A	1	じゃあ、	그럼、
0x5EFACE	4	F85A	1	ですよ。	예요。
0x5EFCF7	3	F85A	1	さんと	씨와
0x5EFD37	4	F85A	1	そうだ！	맞다！
0x5F022C	4	F85A	1	違う。	아니야。
0x5F0345	3	F85A	1	おい、	어이、
0x5F0B5B	4	F85A	1	Ｙボタン	Ｙ버튼
0x5F1001	6	F85A	1	こんばんは。	안녕하세요。
0x5F132E	3	F85A	1	それは	그건
0x5F13C8	5	F85A	1	先生。	선생님。
0x5F1402	5	F85A	1	よろしく。	잘 부탁해。
0x5F1E0E	11	F85A	1	パワプロクンポケット９	파워프로군 포켓９
0x5F2D04	5	F85A	1	じゃなくて	가 아니라
0x5F33CB	4	F85A	1	そうだ！	맞다！
0x5F33E2	3	F85A	1	なに？	뭐야？
0x5F36C8	4	F85A	1	Ｙボタン	Ｙ버튼
0x5F380E	4	F85A	1	Ｙボタン	Ｙ버튼
0x5F39B5	2	F85A	1	でも	근데
0x5F3BF3	3	F85A	1	あれ？	어라？
0x5F4098	5	F85A	1	先生。	선생님。
0x5F4841	4	F85A	1	Ｙボタン	Ｙ버튼
0x5F4847	12	F85A	1	を押すと、少し前の	을 누르면 조금 전
0x5F4854	10	F85A	1	文章も見られる	문장도 볼 수 있어
0x5F487B	4	F85A	1	Ｘボタン	Ｘ버튼
0x5F4975	8	F85A	1	このゲームでは、	이 게임에서는、
0x5F4980	11	F85A	1	どんなに練習しても	아무리 연습해도
0x5F498C	17	F85A	1	それだけでは能力は上がらない	그것만으론 능력이 안 오른다
0x5F49A1	6	F85A	1	のでやんす。	인 겁죠。
0x5F49AB	19	F85A	1	「能力を上げる」という名前の	「능력을 올린다」는 이름의
0x5F4C74	3	F85A	1	君は	군은
0x5F551C	5	F85A	1	まったく、	정말이지、
0x5F5905	3	F85A	1	はぁ。	하아。
0x5F6577	3	F85A	1	君が	군이
0x5F68D6	8	F85A	1	ちょっと待て！	잠깐 기다려！
0x5F6964	2	F85A	1	なあ	이봐
0x5F6C3F	5	F85A	1	どうした？	왜 그래？
0x5F744E	3	F85A	1	俺は	나는
0x5F7E98	3	F85A	1	おい、	어이、
0x5F8924	3	F85A	1	じもん	지몬
0x5F8D78	5	F85A	1	じゃあな。	그럼 잘 있어。
0x5F9216	3	F85A	1	おお、	오오、
0x5F9558	5	F85A	1	パシッ！）	（찰싹！）
0x5F95BB	5	F85A	1	パシッ！）	（찰싹！）
0x5FAE5E	3	F85A	1	君は	군은
0x5FB39B	5	F85A	1	どうして？	어째서？
0x5FB56A	4	F85A	1	どうして	어째서
0x5FB927	3	F85A	1	君が	군이
0x5FBDCC	8	F85A	1	ちょっと待て！	잠깐 기다려！
0x5FCF41	5	F85A	1	はははは。	하하하하。
0x5FD1FC	2	F85A	1	って	라니
0x5FE0B0	3	F85A	1	あれ？	어라？
0x5FF2F2	7	F85A	1	わかりました。	알겠습니다。
0x5FFF2D	3	F85A	1	さんは	씨는
0x600DAC	9	F85A	1	を終了します。	을 종료합니다。
0x600F97	3	F85A	1	なので	이라서
0x60115A	11	F85A	1	パワプロクンポケット９	파워프로군 포켓９
0x601AB8	5	F85A	1	先生。	선생님。
0x601BE6	5	F85A	1	先生。	선생님。
0x601F74	6	F85A	1	そうですね。	그렇네요。
0x602015	5	F85A	1	先生。	선생님。
0x60262E	5	F85A	1	先生。	선생님。
0x6026F0	5	F85A	1	ですよね？	그렇죠？
0x602E04	5	F85A	1	先生。	선생님。
0x603C1F	3	F85A	1	おや？	어라？
0x603C9E	5	F85A	1	あ、はあ。	아、하아。
0x603F37	3	F85A	1	あれ？	어라？
0x604040	3	F85A	1	あれ？	어라？
0x6043B4	6	F85A	1	そうですね。	그렇네요。
0x604413	4	F85A	1	なんだ？	뭐지？
0x60480A	7	F85A	1	わかりました。	알겠습니다。
0x6050A6	4	F85A	1	まさか！	설마！
0x6052FE	5	F85A	1	先生。	선생님。
0x6053CA	3	F85A	1	そうか	그런가
0x605400	8	F85A	1	仕方がない。	어쩔 수 없지。
0x60561E	7	F85A	1	わかりました。	알겠습니다。
0x6057E8	4	F85A	1	そうだ。	맞아。
0x605A9E	5	F85A	1	先生。	선생님。
0x605ADB	6	F85A	1	もちろんだ。	물론이지。
0x605B8D	4	F85A	1	そうか。	그런가。
0x605C01	4	F85A	1	そうだ。	맞아。
0x605D0B	5	F85A	1	くっそ～。	젠장～。
0x605D12	9	F85A	1	仕方が無い。	어쩔 수 없지。
0x605EB6	8	F85A	1	ちょっと待て、	잠깐 기다려、
0x605ECB	6	F85A	1	なんですか？	뭔가요？
0x605F58	4	F85A	1	そうか。	그런가。
0x605F85	8	F85A	1	そ、そうですね。	그、그렇네요。
0x60605B	4	F85A	1	そうだ。	맞아。
0x606201	7	F85A	1	わかりました。	알겠습니다。
0x60630B	5	F85A	1	は、はい。	네、넵。
0x60632D	4	F85A	1	そうか。	그런가。
0x606468	5	F85A	1	どうした？	왜 그래？
0x6064C8	4	F85A	1	そうか。	그런가。
0x606515	5	F85A	1	は、はい。	네、넵。
0x60660E	5	F85A	1	どうした？	왜 그래？
0x60666D	4	F85A	1	そうか。	그런가。
0x6066BA	5	F85A	1	は、はい。	네、넵。
0x606753	5	F85A	1	どうした？	왜 그래？
0x6067A7	5	F85A	1	は、はい。	네、넵。
0x606918	5	F85A	1	どうした？	왜 그래？
0x60696C	5	F85A	1	は、はい。	네、넵。
0x606A4F	4	F85A	1	どうした	무슨 일이야
0x606A89	5	F85A	1	わかった。	알았어。
0x606ADF	4	F85A	1	そうか。	그런가。
0x606C31	9	F85A	1	仕方が無い。	어쩔 수 없지。
0x606DE8	5	F85A	1	は、はい。	네、넵。
0x5E85BA	3	F815	1	はい。	네。
0x5EBC6D	3	F804	1	はい！	네！
0x5EE349	3	F809	1	さん。	씨。
0x5EE7A2	3	F804	1	はい！	네！
0x5F01DE	3	F803	1	ハッ！	핫！
0x5F021F	3	F803	1	ハッ！	핫！
0x5F0376	3	FE	1	はい。	네。
0x5F1C49	3	F808	1	こころ	마음
0x5F1FD0	3	F804	1	はい！	네！
0x5F8912	3	F809	1	だよ。	야。
0x5F91D6	3	F804	1	あっ、	앗、
0x5F99AC	3	FB	1	フン！	흥！
0x5FCC53	3	F809	1	さん？	씨？
0x60014F	3	F808	1	あけみ	아케미
0x60044C	3	FD	1	えっ？	엇？
0x601A80	3	F803	1	はい！	네！
0x603A6A	3	F804	1	はい！	네！
0x603BEE	3	F804	1	はい。	네。
0x603C4F	3	F804	1	はい。	네。
0x604244	3	F803	1	ない！	마！
0x605542	3	F804	1	シュッ	슉
0x6058A7	3	F804	1	はい！	네！
0x6059BA	3	F804	1	はい！	네！
0x606235	3	F803	1	うむ。	음。
0x60688E	3	F804	1	はい！	네！
0x606D1B	3	F804	1	はい！	네！
0x606D60	3	F804	1	はっ？	엉？
0x5EE6A4	16	F8F8	1	もっと指先を柔軟にしたい	손끝 더 유연하게　
0x60399F	3	F8F8	1	次へ	다음　　
