offset	budget	opcode	occurrences	jp	ko
0x1ECB09	3	FD	62	たペ）	
0x228F61	3	FF	43	ヴイン	
0x1EDC46	3	FE	36	ア）あ	
0x1ED77D	3	FF	34	みペ）	
0x1EF0A6	3	FE	29	ペ）あ	
0x2065EE	3	F84F	29	ア）か	
0x2035CA	3	FF	28	ィ（え	
0x1F1C97	5	FD	27	険たペ）	
0x21806B	6	FD	25	険みペ）え	
0x1FC4A6	3	FD	25	ペうあ	
0x1F0242	3	FE	24	ぽ）あ	
0x1ECE9F	6	FF	23	厳あァ（け	
0x1F02BA	3	FE	21	ペてう	
0x207F1D	4	F88F	19	覆ズか	
0x1EEAAE	3	F840	19	ィ（そ	
0x1F2A8A	3	FD	19	エ）あ	
0x20572E	3	FF	19	ペうほ	
0x1F07AE	3	FE	18	ぽうく	
0x207C6D	4	F88F	17	たＵヅこ	
0x1F07AA	3	FE	17	ゼおあ	
0x1F8AFA	3	FF	17	ぽ）う	
0x1F9795	3	FF	17	ぜペ）	
0x1ECE02	3	FF	16	ア）う	
0x228F5B	5	FF	15	ヴデヴペヲ	
0x228F57	3	FF	15	ヴデヴ	
0x1EF0C7	5	FE	14	険ぽペ）	
0x1F15DD	4	FD	14	ぜペ）あ	
0x1F098D	4	F8C2	13	タィ（と	
0x1ECA6A	3	FF	13	ペうみ	
0x200AA2	3	FD	13	ア）お	
0x2057E6	3	FF	13	ペてほ	
0x1ECB0D	4	FD	12	ぃペ）く	
0x1ECE3E	4	FF	12	ぁ）あペ	
0x1EFA3A	4	FF	12	オ）ぜ	
0x1FC96E	4	F88F	12	Ｒ意え	
0x1EFBD5	3	FE	12	ぃペ）	
0x1F2AB6	3	FD	12	ペうか	
0x205B1A	7	F880	11	ペて年Ｒねえ	
0x1F097D	4	F8C2	11	タペＨい	
0x213F69	4	FF	11	ぽッ（い	
0x1F095A	3	F8C2	11	ペＨい	
0x206F56	3	FF	11	ぁ）い	
0x2275DA	3	FF	11	びみび	
0x2275DE	3	FF	11	ネみミ	
0x1FF7EB	6	FF	10	こかたペ）ボ	
0x1F05D5	4	FD	10	ミペ）と	
0x1ED9AD	3	FE	10	みペて	
0x1EF11E	3	FE	10	ペ）い	
0x1F1E2A	3	FD	10	ぽうま	
0x20BD76	3	F84F	10	ゴおあ	
0x229BD4	3	FF	10	いあお	
0x1F0031	7	FD	9	ぜペ）いぃペ）	
0x1EF7D9	3	F8CB	9	ペペ）	
0x1F1FA6	3	FD	9	ぽうう	
0x1F5986	3	FD	9	ぽ）い	
0x207F4A	3	F88F	9	Ｒくけ	
0x208F02	3	F88F	9	ガ（そ	
0x209DEE	3	F88F	9	ァ（か	
0x229C1C	3	FF	9	ああお	
0x206A9F	6	FF	8	険たペ）お	
0x1F46EF	5	FF	8	険タペ）	
0x1F0505	4	FD	8	ぜィ（と	
0x21D221	4	FD	8	ぜペＨく	
0x1ED269	3	FD	8	たペう	
0x1F21E6	3	FD	8	ペてし	
0x1F5EE9	3	FC	8	たペて	
0x1F9781	3	FF	8	ぽペ）	
0x1FCD51	3	F9	8	あゼ・	
0x204132	3	FF	8	ペてＳ	
0x205FCA	3	FF	8	ぁ）あ	
0x20D26A	3	FC	8	ペうえ	
0x1F414F	6	FF	7	険みペ）お	
0x1FB877	6	FF	7	険たペ）ボ	
0x1FC2A7	6	F88F	7	険たペ）か	
0x1FFABB	6	FF	7	険ぜペ）お	
0x1FCF38	4	FA	7	くァたい	
0x205F51	4	FF	7	たペてあ	
0x206D41	4	FF	7	ぜペてえ	
0x1ECFD2	3	FD	7	ヂおく	
0x1EE6AA	3	F881	7	Ｒくく	
0x1F466E	3	FF	7	ア）え	
0x1F64DA	3	FF	7	ア）い	
0x22235A	3	FF	7	ペうワ	
0x22B540	20	FF	6	二塁か三塁にランナーがいる時、	２루나 ３루에 주자가 있을 때、
0x1F9A45	7	FA	6	いペ）ペまペ）	
0x1F9A4D	7	FA	6	しチ（タしィ（	
0x219522	7	FF	6	ぁ）バＴたいえ	
0x20A92A	6	FF	6	ァつあぜォつ	
0x22AF38	6	FF	6	試合では	시합에서는
0x22AF3F	6	FF	6	影響なし	영향 없음
0x1EF6F0	5	FE	6	ミァＲ愛	
0x1FCE5F	5	FA	6	険ミペ）	
0x1F6545	4	FF	6	ぜペ）し	
0x207C15	4	F88F	6	覆ズき	
0x208D82	4	F88F	6	エ）ぜ	
0x209145	4	F88F	6	覆ズく	
0x21E915	4	FF	6	たぞ（お	
0x228834	4	F878	6	わほせい	
0x1EF18E	3	FE	6	ぽ）え	
0x1F01AA	3	FE	6	ズおあ	
0x1F01BA	3	FE	6	エ）は	
0x1F1EA2	3	FD	6	ォおあ	
0x1F21B6	3	FD	6	ャおあ	
0x1F3B7E	3	F871	6	ぽてい	
0x1F3DCE	3	FD	6	ぽてう	
0x1FA981	3	FF	6	ズペ）	
0x1FAA02	3	F88F	6	アうう	
0x206F6E	3	FF	6	ぽてあ	
0x20D9CA	3	FC	6	ペてえ	
0x211FB2	3	FF	6	ぁ）た	
0x21200A	3	FF	6	ぁ）つ	
0x21D872	3	FC	6	ペてＧ	
0x229CC4	3	FF	6	いあこ	
0x229DB4	3	FF	6	うあお	
0x1FC383	6	FF	5	険ぽペ）ボ	
0x1FD533	6	FD	5	険ぽペ）か	
0x22B453	6	FA	5	ヒットになる	안타로
0x1ED1A9	4	FF	5	ぽペ）あ	
0x1EE145	4	F843	5	ぽペ）と	
0x1EE7F1	4	FE	5	たペＨけ	
0x1EED45	4	FD	5	たペ）と	
0x1EF185	4	FE	5	たィ（え	
0x1EF271	4	FD	5	ぜペＨけ	
0x1F38AD	4	F84F	5	ズペ）あ	
0x207FD6	4	F88F	5	ク）ぜ	
0x210485	4	FF	5	覆ぽと	
0x21D429	4	FF	5	たペＨく	
0x2275E2	4	FF	5	ズみああ	
0x227A8E	4	F8B0	5	Ｍみああ	
0x2284E4	4	F878	5	シリすい	
0x228744	4	F878	5	２のせい	
0x22876C	4	F878	5	絢せい	
0x228794	4	F878	5	旭せい	
0x2287BC	4	F878	5	リつせい	
0x2287E4	4	F878	5	わなせい	
0x22880C	4	F878	5	ネぬせい	
0x1ECC0E	3	F841	5	オ）う	
0x1ED316	3	FD	5	ヅおく	
0x1EE66A	3	FD	5	ぽうか	
0x1EEA96	3	F840	5	ペＨけ	
0x1EEF7E	3	FD	5	エ）い	
0x1F1F2A	3	FF	5	ペもち	
0x1F3922	3	F88F	5	ぽ）か	
0x1F5B72	3	F881	5	エ）え	
0x1F809E	3	FD	5	ア）け	
0x1F815F	3	FD	5	柵た	
0x1FA18A	3	FF	5	ペてあ	
0x2036D2	3	FF	5	え（え	
0x205ABA	3	F880	5	ァ（え	
0x20650A	3	FF	5	い（え	
0x20F25E	3	FF	5	ぽ）け	
0x213ED2	3	FF	5	ペてＡ	
0x227A8A	3	F8B0	5	ズみバ	
0x1F0902	11	F8C2	4	ぽうし。ゴつ年ＲねＥ	
0x21D282	11	FD	4	エ）し。ゴい年Ｒくと	
0x21A79D	8	FF	4	すペ）ペそＥ）ず	
0x1EEB13	6	F880	4	幻あァ（け	
0x1EED0B	6	FD	4	原あァ（こ	
0x1F7E0B	6	FF	4	甲ァＲ亜	
0x1FA0FF	6	FF	4	険ぜペ）こ	
0x1FB696	6	FF	4	ペ）かたペ）	
0x1FC30B	6	FF	4	険ぜペ）け	
0x1FD46B	6	FA	4	険ぜペ）ボ	
0x1FD73F	6	F881	4	険タペ）ボ	
0x20186C	6	FC	4	たァＲ娃Ｅ	
0x206D3A	6	FF	4	ア）あぜペう	
0x206D4F	6	FF	4	険タペ）え	
0x20B1F2	6	FF	4	ア）あたペう	
0x211256	6	FF	4	ァつあタャつ	
0x217017	6	FF	4	いミタＶおお	
0x1F6F7C	5	FD	4	がつゼおい	
0x1F7AA0	5	FF	4	がつズおい	
0x201CC3	5	FB	4	険ァペ）	
0x2151D3	5	FF	4	原ちヂ・	
0x1ECC55	4	FD	4	タペてお	
0x1F57C9	4	FE	4	タペ）と	
0x1F6A89	4	FF	4	ぽペ）え	
0x20A789	4	FF	4	みペ）あ	
0x20C7CA	4	FF	4	エＨぜ	
0x213E2D	4	FF	4	ぽィ（い	
0x214029	4	FF	4	ぃペ）し	
0x21DCDD	4	FF	4	ぽペＨく	
0x21DDBD	4	FF	4	ぽィ（と	
0x21E8ED	4	FF	4	ミィ（け	
0x1EEB22	3	F880	4	Ｒくあ	
0x1F18CE	3	FD	4	ア）く	
0x1F3CA2	3	F871	4	ペうな	
0x1F3CAA	3	F871	4	ペてね	
0x1F5B1E	3	F881	4	ぽ）さ	
0x1F5B92	3	F881	4	ペ）う	
0x1F7ABE	3	FF	4	ペＨき	
0x1F7DB7	3	FF	4	局あ	
0x1F7E76	3	FF	4	ぽてお	
0x1F9DED	3	FF	4	タペ）	
0x201C6A	3	FB	4	キ）あ	
0x203C1A	3	F880	4	ぽうあ	
0x205756	3	FF	4	ペ）ほ	
0x20658E	3	FF	4	ズ・ほ	
0x209DFA	3	F88F	4	Ｖおお	
0x20A592	3	FF	4	ぁ）ほ	
0x20C0EA	3	FF	4	ペうく	
0x20E49B	3	FF	4	粁あ	
0x20E751	3	FF	4	ミペて	
0x21043E	3	FF	4	イてい	
0x2116EA	3	FD	4	ァいう	
0x211F9A	3	FF	4	ぁ）け	
0x215BFE	3	FC	4	ぽ）へ	
0x21AC05	3	FF	4	とィ）	
0x220B0E	3	FF	4	ぞ（ァ	
0x225126	3	FF	4	』おあ	
0x2259BE	3	FC	4	ペうＧ	
0x22BC72	3	F808	4	ふつう	보통
0x1EFEA7	13	FF	3	諺ァＲ葦ぜを峨ぜペ）	
0x22C747	13	FC	3	いしＭそいふＭそいわＭそい	
0x1ED05E	11	FD	3	ぽうえ。ゴつねァＲねＥ	
0x1EEE7E	11	FD	3	ぽうえ。ゴつねァＲねＧ	
0x1FDEA3	10	FB	3	険たペ）おみペ）ボ	
0x1FE113	10	FD	3	険みペ）おたペ）ボ	
0x1ECD15	8	F881	3	たペておみペ）え	
0x1F7DED	8	FF	3	たペダあたァ（あ	
0x1F86FD	8	FF	3	みペうゥたペ）Ｆ	
0x205089	8	FD	3	くペ）みくペ）う	
0x208DF9	8	FF	3	たＹＪあタャＧあ	
0x1ECC4A	7	FD	3	エ）あタペうＥ	
0x1EEA4A	7	FF	3	ア）わぃァおほ	
0x1F1EC7	7	FD	3	諺ァＲ茨ぼ	
0x1F84C3	7	FF	3	諺ァＲ因い	
0x1EF2AB	6	FD	3	元あァ（こ	
0x1F01EF	6	FE	3	険タＥ）し	
0x1F0423	6	FF	3	ギねぃァおほ	
0x1F1D2F	6	FF	3	諺ァＲ哀	
0x1F65FF	6	FF	3	諺ァＲ姐	
0x1F6A53	6	FF	3	諺ァＲ綾	
0x1FE653	6	FB	3	険ぽペ）あ	
0x1FF8E3	6	FF	3	はかたペ）ボ	
0x200277	6	FD	3	険Ｅペ）け	
0x206D6B	6	FF	3	険ぜペ）か	
0x206D77	6	FF	3	険タォ（お	
0x206FC3	6	F840	3	険タペ）き	
0x209C2B	6	FA	3	鷺ジＲ唖	
0x20A206	6	F84F	3	ア）あミペう	
0x20A7CF	6	FC	3	険ぜペ）あ	
0x20BBC3	6	FF	3	険ズペ）く	
0x20C60E	6	F84F	3	ア）あタペう	
0x20E757	6	FA	3	却たガ（お	
0x21268B	6	FF	3	険たペ）け	
0x2135A3	6	FB	3	原あァ（け	
0x1F312B	5	FE	3	険ぜペ）	
0x1F47AC	5	FE	3	ミァＲ唖	
0x21E2B4	5	FE	3	ミァＲ虻	
0x1ED241	4	FD	3	ぜペ）と	
0x1EE6BE	4	F881	3	Ｒ因い	
0x1EE81D	4	FE	3	たィ（お	
0x1EEAD9	4	F880	3	ミペＨけ	
0x1EECAD	4	FD	3	たィ（ね	
0x1EECD1	4	FD	3	ぽペＨけ	
0x1EF29D	4	FD	3	ぜィ（ね	
0x1F3111	4	FE	3	ぃペ）た	
0x1F54A1	4	FD	3	タペてえ	
0x1FB9C2	4	F887	3	Ｒ愛う	
0x1FC4CD	4	FF	3	ペペ）ボ	
0x203BC5	4	F880	3	ぽづ（お	
0x205F75	4	FF	3	覆ズな	
0x206ED1	4	FB	3	覆ズこ	
0x207EA5	4	FF	3	たＸヅこ	
0x208155	4	F88F	3	たＵおこ	
0x2086CE	4	F88F	3	ウ）ぜ	
0x20EA75	4	FD	3	ぜペ）さ	
0x217511	4	FC	3	タペ）き	
0x21B4D9	4	FF	3	みいつこ	
0x227708	4	F8B0	3	たりそお	
0x227808	4	F8B0	3	たみそお	
0x1ED0F6	3	FD	3	ペてみ	
0x1ED5AA	3	FF	3	ぽうさ	
0x1EFA0E	3	FF	3	オ）こ	
0x1F01AE	3	FE	3	ぽうへ	
0x1F38A2	3	F84F	3	ぽてね	
0x1F3C3E	3	F871	3	ペうね	
0x1F3C56	3	F871	3	ペうの	
0x1F4746	3	FF	3	ペてと	
0x1F49FE	3	FD	3	Ｙおな	
0x1F51D2	3	FF	3	ぁ）う	
0x1F6FE2	3	FD	3	カ）う	
0x1F7276	3	FB	3	ペ）た	
0x1F791F	3	FD	3	橘あ	
0x1F7DF6	3	FF	3	オ）し	
0x1F7E16	3	FF	3	ペうう	
0x1F857E	3	F880	3	ゾ）あ	
0x1F8ADE	3	FF	3	ウ）う	
0x1F8B46	3	FF	3	ペもあ	
0x1F9362	3	FD	3	ペうさ	
0x1F9696	3	FF	3	イ）し	
0x1F993E	3	FF	3	ペうペ	
0x1FA269	3	FF	3	ぽペて	
0x1FA34A	3	FD	3	ペうＳ	
0x1FF64F	3	FF	3	怯あ	
0x1FF657	3	FF	3	強あ	
0x1FF65B	3	FF	3	峡あ	
0x1FF663	3	FF	3	杵あ	
0x1FF667	3	FF	3	拒あ	
0x200A7B	3	FD	3	求う	
0x201B17	3	FF	3	尭あ	
0x201B1B	3	FF	3	業あ	
0x201B1F	3	FF	3	景あ	
0x2032A2	3	FF	3	イ）う	
0x203FD2	3	F8C1	3	イ）え	
0x204086	3	FF	3	イてう	
0x2045A6	3	FF	3	ペ）つ	
0x206C1A	3	F880	3	Ｒくお	
0x2174EA	3	FC	3	ペ）じ	
0x20781D	3	FC	3	ぃづ（	
0x2079BB	3	F88F	3	究あ	
0x2079C7	3	F88F	3	教あ	
0x2079D7	3	F88F	3	躯あ	
0x208A9E	3	F88F	3	Ｒくか	
0x20AC59	3	FC	3	みペう	
0x20B402	3	F883	3	キ）う	
0x20B97E	3	F88F	3	ペてけ	
0x20C1AE	3	FF	3	ぽ）き	
0x20C2CE	3	FF	3	『ない	
0x20D9E2	3	FC	3	ァ（く	
0x20E49F	3	FF	3	暁あ	
0x20E4EB	3	FF	3	鏡あ	
0x210032	3	FF	3	ペてお	
0x210412	3	FF	3	ペ）え	
0x2106E2	3	FF	3	ぽてえ	
0x211EC2	3	FF	3	ペ）か	
0x212DBF	3	FF	3	柵タ	
0x212F2A	3	F88F	3	ペ）し	
0x2148CE	3	FF	3	ッ（え	
0x21615A	3	FF	3	ぁ）ぜ	
0x216DA6	3	FF	3	ダ・ほ	
0x22513E	3	FF	3	ぽうせ	
0x229BEC	3	FF	3	ああこ	
0x2281CD	16	FF	2	かい。たズこせおきい。た６さそか	
0x22B500	16	FF	2	CPUがバント、走塁を	ＣＰＵ가 번트、주루를
0x22BA6A	16	FA	2	アウトパネルが全てヒットになる	아웃 전부 안타로
0x1F9902	15	FF	2	」）ペまペ）ァそチ（（そゼ（あ	
0x22B78A	15	FA	2	三振カードを無効にする	삼진카드 무효화
0x22B8C8	15	FF	2	イニング中、使用カードが	이닝 중、사용 카드가
0x1FBB3F	14	FF	2	はェぃァ（Ｋぃ「）ぢづペ）い	
0x22222A	14	FC	2	Ｙ）たァＲ葦ぜを峨ぜペ）	
0x2228FB	14	FF	2	昆た？）えくペ）みくペ）あ	
0x227216	14	FB	2	桔窄請煩履尅あ	
0x226E23	13	FF	2	諺ァＲ姻チこいＭ紡い	
0x21D2D9	12	FF	2	たペ）かみペ）きぃペ）え	
0x21D9D9	12	FF	2	たペ）きみペ）おぃペ）え	
0x22B734	12	FF	2	ファインプレーでなければ	호수비가 아니면
0x1F859A	11	F880	2	ウ）あたぜ０あたぢＧォ	
0x21525E	11	FF	2	ペちかぜペ）きぃペ）い	
0x216602	11	FF	2	ぁ）たぜを峨ぜペ）あ	
0x22B843	11	FA	2	盗塁がせいこうする	도루 성공
0x203B43	10	F880	2	県ァＲ課ァＲ袷	
0x2127FF	10	FF	2	減た」・ああァ（こ	
0x22485A	10	F883	2	ペ）けたペ）０むペ）	
0x1F71B8	9	FF	2	たぜを峨ぜペ）ぱ	
0x218B2C	9	FD	2	たぜを峨ぜペ）と	
0x22B651	9	FA	2	カード力が２倍	카드력２배
0x1EFC41	8	FE	2	たペ）えみペ）く	
0x1F1EED	8	F8F4	2	ぽペ）いぃペ）あ	
0x1F396C	8	F88F	2	たぜを峨ぜペ）	
0x2099B5	8	F88F	2	たＵおあぜォいう	
0x219375	8	FF	2	くペ）みくペ）ほ	
0x1F305E	7	FD	2	ＹちたァＲねえ	
0x1F49C2	7	FD	2	ＹなたァＲ悪	
0x1F88E6	7	F880	2	キ）しミッＷャ	
0x1FE88F	7	FD	2	諺ァＲ虻う	
0x207915	7	F84F	2	ぜペうあぜペて	
0x20CD15	7	FC	2	タペてあタペう	
0x2126C6	7	FF	2	ペて脳Ｒねお	
0x215256	7	FF	2	エ）うアゾぬう	
0x21A04A	7	FF	2	ぁ）たァＲ哀	
0x21A072	7	FF	2	ぁ）たァＲ逢	
0x2229C7	7	FF	2	鷺ァＲ咽い	
0x2250AE	7	FF	2	ア）がァＲねあ	
0x228F4D	7	F885	2	ン（うみヴァヲ	
0x22B2B2	7	FA	2	三振になる	삼진돼
0x1ECC2A	6	F881	2	エ）し。ゴい	
0x1EEA3B	6	FF	2	ギふぃァおほ	
0x1EEF8B	6	FF	2	甲ァＲ逢	
0x1EF3CF	6	FD	2	元あァ（け	
0x1EFE97	6	FF	2	険たペ）え	
0x1EFEBF	6	FF	2	険たペ）や	
0x1F1A47	6	FD	2	険たペ）ふ	
0x1F1A6B	6	FD	2	険りペ）ふ	
0x1F35FF	6	FF	2	険ぜペ）ね	
0x1F38B6	6	F84F	2	アてく。ゴつ	
0x1F394E	6	FD	2	ぽ）く。ゴい	
0x1F4347	6	FF	2	甲ァＲ圧	
0x1F4473	6	FF	2	甲ァＲ悪	
0x1F6767	6	F843	2	険ミペ）え	
0x1F687F	6	FE	2	険ぜペ）ぱ	
0x1F7337	6	FF	2	険ミペ）し	
0x1F86EB	6	FF	2	鷺ァＲ茜	
0x1F8B8F	6	FF	2	檎ァＲ唖	
0x1FC31E	6	FF	2	ペ）かみペ）	
0x1FD597	6	FD	2	厳たペ）ボ	
0x1FD7D7	6	F881	2	険ズペ）き	
0x1FDE53	6	FB	2	険ぽペ）う	
0x2002C7	6	FD	2	険たペ）き	
0x2013B7	6	FF	2	険ぽペ）こ	
0x2033EB	6	FF	2	険ミペ）く	
0x203677	6	FF	2	険ぜペ）く	
0x2040C6	6	FF	2	アうあたペう	
0x204BB3	6	FF	2	はおたペ）ボ	
0x205216	6	F887	2	イ）あぽペ１	
0x206623	6	F841	2	険ぽペ）さ	
0x2067B3	6	FF	2	弦たー・あ	
0x2070F7	6	F880	2	険ミペ）か	
0x207BFB	6	F88F	2	鷺ジＲ哀	
0x2098C7	6	F9	2	鷺ジＲ亜	
0x20A9B2	6	FF	2	ァつあぽッつ	
0x20B3AF	6	FF	2	険ミペ）テ	
0x20BBB7	6	FF	2	険タペ）く	
0x20C68F	6	FF	2	険ァペ）か	
0x20C6C7	6	FF	2	険ぽペ）き	
0x20E74A	6	FF	2	ぽうあミペう	
0x20E9EB	6	FF	2	Ｏかたガ（お	
0x20F82F	6	F88F	2	険タペ）け	
0x2115B7	6	FF	2	険みペ）あ	
0x2132EB	6	FF	2	険ミペ）と	
0x21345B	6	FF	2	険ペペ）と	
0x216B5E	6	FD	2	ォ桶いペ）	
0x21729E	6	FF	2	ペうミァＲく	
0x217482	6	FF	2	ペてゼＥみた	
0x21814B	6	FF	2	険みペ）く	
0x21924B	6	F843	2	８かアペ）き	
0x21A4FA	6	F843	2	ペ）あみペ）	
0x21D49F	6	FF	2	険ぽＥ）り	
0x21EC33	6	FF	2	婚ぽー）お	
0x21ECEB	6	FF	2	型ぜー）お	
0x2217B3	6	FF	2	険ぜペ）（	
0x2222AB	6	FE	2	れあちヅ・か	
0x22360F	6	FC	2	喰あッ（い	
0x223897	6	FF	2	険ぜペ）と	
0x2252E7	6	FF	2	険ァペ）く	
0x226447	6	FF	2	険ぽペ）し	
0x227AD6	6	F8B0	2	ういうおネＥ	
0x22A860	6	FF	2	ぅぇぉっゃゅ	
0x22A921	6	FF	2	Ｉベュリホト	
0x22B135	6	F822	2	くしゅカード	구종 카드
0x22B27B	6	FA	2	無効化	무효화
0x1EF0F0	5	FE	2	ミァＲ阿	
0x1EF114	5	FE	2	ミァＲ亜	
0x1F7379	5	FD	2	み…・ゼお	
0x1F7A52	5	FF	2	ヅおあちァ	
0x1FAD8F	5	FF	2	険みペ）	
0x21904F	5	FF	2	Ｏおミペ）	
0x228FE8	5	FF	2	ソあソあＴ	
0x228FEE	5	FF	2	（うソあオ	
0x22904B	5	FF	2	ンタヲ（う	
0x22941B	5	FF	2	うＴいペヲ	
0x22BD3F	5	F809	2	１パネルが	１패널
0x1EEFD9	4	FF	2	タペＨけ	
0x1EF005	4	FF	2	タィ（ね	
0x1EFB65	4	FF	2	ぜペ）お	
0x1EFBB9	4	FE	2	たィ（そ	
0x1F0289	4	FE	2	ミィ（と	
0x1F1CB5	4	FD	2	覆ズう	
0x1F3335	4	FF	2	みペ）と	
0x1F3B21	4	F871	2	ぽペ）か	
0x1F49DD	4	FD	2	むゾ・く	
0x1F4D09	4	FF	2	いペ）び	
0x1F4D39	4	FF	2	あゼ・そ	
0x1F673D	4	F843	2	ァペうう	
0x1F92F9	4	FD	2	たペ）え	
0x1FB97D	4	F887	2	タペ）あ	
0x1FBAED	4	FF	2	ぽペ）ぷ	
0x1FC64A	4	FF	2	カ）投	
0x1FD461	4	FA	2	ミペ）ボ	
0x1FD5D8	4	F881	2	ネァたい	
0x1FE66D	4	FD	2	ぃペ）あ	
0x203A0D	4	FF	2	ミづ（き	
0x203A35	4	FF	2	ミぷ（き	
0x20639A	4	F88F	2	Ｒ映ゆ	
0x206FB9	4	F840	2	ミペてお	
0x20876A	4	F88F	2	オ）剖	
0x208CD1	4	F88F	2	みＵおあ	
0x209745	4	F88F	2	覆ズと	
0x20C009	4	FF	2	たペうき	
0x21298D	4	FE	2	ミペ）あ	
0x213E25	4	FF	2	たッ（ク	
0x214179	4	FE	2	たッ（っ	
0x2192C1	4	F883	2	ミペ）の	
0x21958D	4	FF	2	ちゥ・ほ	
0x21ADED	4	FC	2	ァＲ茨	
0x21D421	4	FF	2	ミペ）お	
0x21DC4D	4	FF	2	ァペＨく	
0x21E8F9	4	FF	2	ァペＨけ	
0x21EC65	4	FF	2	ぜィ（け	
0x21F01D	4	F881	2	ぜペ）ワ	
0x2225ED	4	FF	2	あャ（や	
0x2276F2	4	F8B0	2	いあはそ	
0x2281C8	4	FF	2	たリけす	
0x22BC87	4	F808	2	ファイン	호수비
0x22CA76	4	F8A8	2	いあひの	
0x22CB6E	4	F8A8	2	うあひの	
0x22D15C	4	F8C0	2	クつたい	
0x22D164	4	F8C0	2	リとたい	
0x22D680	4	F8C0	2	ぱぐたい	
0x1ECBDE	3	F841	2	エ）く	
0x1ED02A	3	FD	2	ペてＥ	
0x1ED13E	3	FF	2	ペうＥ	
0x2133C2	3	FE	2	ペ）ず	
0x1F0076	3	FD	2	ゲ（こ	
0x1F1D1E	3	FD	2	ペうと	
0x1F2126	3	FD	2	ぽてぇ	
0x2151C2	3	FF	2	ペ）お	
0x1F2CA6	3	FF	2	ぽうね	
0x1F365A	3	FF	2	ペてす	
0x1F365E	3	FF	2	Ｚなさ	
0x1F3B72	3	F871	2	＋なあ	
0x1F40BF	3	FD	2	逆あ	
0x1F40C3	3	FD	2	久あ	
0x1F4752	3	FF	2	ペ）ぶ	
0x1F598E	3	FD	2	ペ）ま	
0x1F5BBA	3	F881	2	Ｒくと	
0x1F6EE2	3	FE	2	パおい	
0x1F720E	3	FD	2	ア）し	
0x1F7A7A	3	FF	2	アてて	
0x1F7DB3	3	FF	2	丘あ	
0x1F80DE	3	FD	2	」なワ	
0x1F80E2	3	FD	2	ぽてと	
0x1F8539	3	F853	2	たペェ	
0x1F8606	3	F880	2	ウ）お	
0x1F871E	3	FF	2	ペうＦ	
0x1F8F12	3	FF	2	ペ）ド	
0x1F8FD6	3	FF	2	ペてネ	
0x1F90CA	3	FF	2	ペ）る	
0x1F937E	3	FD	2	ペ）ワ	
0x1FAF2A	3	FF	2	ア）そ	
0x1FB64A	3	FF	2	ぽ）こ	
0x1FBE5A	3	FF	2	ク）お	
0x1FCA0A	3	FF	2	イちえ	
0x1FE692	3	FF	2	ゴ唖	
0x1FF65F	3	FF	2	境あ	
0x1FF6F2	3	FF	2	ペて９	
0x1FF742	3	FF	2	Ｖなあ	
0x200A57	3	FD	2	糾う	
0x200A77	3	FD	2	汲う	
0x200EA6	3	F861	2	ガ（り	
0x20101E	3	FF	2	ペ「あ	
0x201AFF	3	FF	2	旧あ	
0x201B03	3	FF	2	去あ	
0x201B0B	3	FF	2	居あ	
0x201B13	3	FF	2	魚あ	
0x201B2F	3	FF	2	欽い	
0x201B3F	3	FF	2	献い	
0x201B43	3	FF	2	糾あ	
0x2027E6	3	FF	2	ぽてつ	
0x20317D	3	FF	2	ァぞ（	
0x203596	3	FF	2	ぞ（い	
0x203836	3	FE	2	ぽうソ	
0x203A9A	3	FF	2	シうう	
0x20444A	3	FF	2	ウ）え	
0x2045AE	3	FF	2	ペもク	
0x2055AE	3	FF	2	ア）せ	
0x20605A	3	FF	2	ペちほ	
0x206512	3	FF	2	ズ）ほ	
0x206D96	3	FF	2	カ）え	
0x206E42	3	FB	2	カ）く	
0x206F3A	3	FF	2	ぁああ	
0x20764E	3	F880	2	ゥ（か	
0x20765A	3	F880	2	Ｙおう	
0x20776E	3	F840	2	あ（あ	
0x2079E3	3	F88F	2	卦あ	
0x2079FF	3	F88F	2	境い	
0x207A07	3	F88F	2	琴い	
0x207A4F	3	F88F	2	喧う	
0x207AD7	3	F88F	2	啓あ	
0x207ADB	3	F88F	2	空あ	
0x207B9E	3	F88F	2	ペ）や	
0x207D42	3	F88F	2	Ｒねョ	
0x2086E6	3	F88F	2	い（い	
0x2088A7	3	FF	2	供え	
0x208AFE	3	F88F	2	イてあ	
0x2094F2	3	F88F	2	Ｒくう	
0x209896	3	F88F	2	Ｒねォ	
0x209DF6	3	F88F	2	ぜいプ	
0x209E36	3	F88F	2	ぜいペ	
0x20AB72	3	F883	2	シ）さ	
0x20AB7E	3	F883	2	シ）く	
0x20B07E	3	FF	2	ゥ（あ	
0x20B686	3	FF	2	ペああ	
0x20BAE6	3	F84F	2	ぽ）お	
0x20BDB9	3	F84F	2	ァペ）	
0x20BEC2	3	FF	2	アてあ	
0x20C05A	3	FF	2	ァ（け	
0x20C61E	3	F84F	2	ギ（そ	
0x20CCFD	3	FC	2	ぜペて	
0x20D552	3	F805	2	。ない	
0x20DCAE	3	FF	2	ゴなあ	
0x20E41B	3	FF	2	蛍あ	
0x20E423	3	FF	2	携あ	
0x20E42B	3	FF	2	繋あ	
0x20E447	3	FF	2	挟あ	
0x20E44B	3	FF	2	恭あ	
0x20E503	3	FF	2	虞あ	
0x20E507	3	FF	2	愚あ	
0x20E50B	3	FF	2	隅あ	
0x20E50F	3	FF	2	寓あ	
0x20E533	3	FF	2	駈あ	
0x20E543	3	FF	2	玖あ	
0x20E5AB	3	FF	2	勤あ	
0x20E5C7	3	FF	2	曲あ	
0x20E5DF	3	FF	2	仰あ	
0x20E5F3	3	FF	2	郷あ	
0x20E85A	3	FF	2	ぽうけ	
0x20EE96	3	FF	2	ぽ）く	
0x20EEFA	3	F88F	2	ペてく	
0x20F5C7	3	F84F	2	休あ	
0x20F5CB	3	F84F	2	泣あ	
0x20F5E7	3	F84F	2	牛あ	
0x20F607	3	F84F	2	虚あ	
0x20F60B	3	F84F	2	渠あ	
0x20F60F	3	F84F	2	挙あ	
0x20F992	3	F88F	2	ィ（う	
0x20FA96	3	FF	2	カ）か	
0x2106BA	3	FF	2	エ）せ	
0x2106CA	3	FF	2	エ）こ	
0x210B46	3	F88F	2	ペ）ぱ	
0x211DA6	3	FF	2	イ）あ	
0x211F4A	3	FF	2	ぁ）え	
0x211F62	3	FF	2	ぁ）か	
0x211F72	3	FF	2	ぁ）き	
0x211F82	3	FF	2	ぁ）こ	
0x211F8A	3	FF	2	ぁ）し	
0x212FB6	3	F88F	2	ア）わ	
0x2136E6	3	FF	2	ペてた	
0x21376E	3	FF	2	ペうし	
0x213772	3	FF	2	ゴおお	
0x213BF3	3	FF	2	球あ	
0x213C03	3	FF	2	興う	
0x213DEA	3	FF	2	ペもＡ	
0x2141F9	3	FE	2	ぜガ（	
0x214222	3	FF	2	パおあ	
0x214C62	3	FF	2	ペぉＡ	
0x215082	3	FF	2	オ）い	
0x21524E	3	FF	2	カ）お	
0x21526E	3	FF	2	カ）き	
0x21582E	3	FF	2	ャ（い	
0x215AF6	3	F88F	2	ア）き	
0x2160FA	3	FF	2	ぁ）ペ	
0x216106	3	FF	2	ぁ）ヂ	
0x216112	3	FF	2	ぁ）ョ	
0x21611E	3	FF	2	ぁ）ワ	
0x21612A	3	FF	2	ぁ）ミ	
0x216136	3	FF	2	ぁ）ト	
0x216142	3	FF	2	ぁ）ク	
0x21614E	3	FF	2	ぁ）ぱ	
0x216166	3	FF	2	ぁ）っ	
0x216172	3	FF	2	ぁ）り	
0x21617E	3	FF	2	ぁ）ふ	
0x216852	3	FF	2	ァ（こ	
0x216B5A	3	FD	2	ゾ姶	
0x216DDA	3	FF	2	ぁあと	
0x216DE2	3	FF	2	あ（し	
0x216DEE	3	FF	2	ゼ・ほ	
0x216E46	3	FF	2	タ）あ	
0x217552	3	FC	2	ペ）は	
0x21755E	3	FC	2	ペ）ぬ	
0x217592	3	FC	2	ペ）こ	
0x21759E	3	FC	2	ペ）き	
0x219BEE	3	FF	2	ゥ・ほ	
0x21A9F7	3	FF	2	えびた	
0x21A9FF	3	FF	2	えべた	
0x21AA07	3	FF	2	えぶた	
0x21AA0F	3	FF	2	えぼた	
0x21ADF3	3	FC	2	えぽた	
0x21B7CE	3	FC	2	イ）お	
0x22069E	3	FF	2	ィ（み	
0x220D4A	3	FD	2	ぽうき	
0x22184E	3	F828	2	キ）り	
0x221C4A	3	FD	2	ッ（と	
0x222AA2	3	FF	2	ペポお	
0x223CA2	3	FE	2	ペうお	
0x223EC2	3	FF	2	ペうき	
0x2259C2	3	FC	2	Ｙあお	
0x2259EE	3	FC	2	Ｙおに	
0x226DFA	3	F871	2	い（タ	
0x22814B	3	FF	2	リＥリ	
0x22814F	3	FF	2	ズＥズ	
0x229051	3	FF	2	ンみナ	
0x229195	3	FF	2	ンみヴ	
0x229236	3	FF	2	ソあＴ	
0x229339	3	FF	2	だヴウ	
0x22933D	3	FF	2	だペヲ	
0x229417	3	FF	2	うＴい	
0x229B2C	3	FF	2	いあと	
0x22A054	3	FF	2	うあこ	
0x22CB5A	3	F8A8	2	いタく	
0x22CB2B	43	F8A8	1	乳ョふにいはい乳バへぬのひい乳６へねはいいミＭョふのへへい（Ｍバへはふふい（Ｍ６	
0x22CC23	43	F8A8	1	乳ョふにいはい乳バへぬのひい乳６へねはいいミＭョふのうへい（Ｍバへはふうい（Ｍ６	
0x1F6A63	37	FF	1	諺ァＲ逢だすいくばすいりばすいＱびすい！ばすいくびすいがぜを我ぜＥ）	
0x227A94	36	F8B0	1	Ｅが（びタがズびたがぜびくタVくミcくァsくズ⁸くペ くＥ 	
0x228E98	34	F885	1	そいそおもうほかおきこあこえほいほおこうこかおいおおほうほかときこく	
0x226CF0	33	FF	1	エＣたいォＣたいＩＣたい苑たいぜをさいぜじさいぜざさいくぜを崖	
0x2294A5	31	FF	1	ォたいシォたいしォたいペヴたいァゥたいゲゥたいＥゥたいねォたい	
0x1F59B6	30	FF	1	Ｙ）たァＲ意りすいとをすいたキたいタチこいがキたいワキたい	
0x20309C	30	FF	1	エかさいズセたいＵセたい馴たいみソたいぽソたいァソたいあＥ	
0x21C88E	30	FD	1	オうＥぽＹちがァＲ維ブそいォブそい（ブたいタチこいくベたい	
0x22D0AC	30	F8C0	1	すきあ畷ねうあせくあ之ねえいそけあ梅ねおうたこあ肌ね	
0x207357	29	FF	1	鷺ァＲ為ァたいぽゥたいヌニニニびタたいフタたい運たい	
0x22B360	29	FF	1	オエカキクケイぷぽアぺウコサシスセソタチツテテナニニヌネト	
0x22B3A0	29	FF	1	のねはひふへにつとなてぬほまみむめもやゆよららるれれたちり	
0x2016F6	28	FD	1	さいリしいた律いバ紡い燈けいＭ紡いまッ垢うＥ	
0x21CD94	28	F88F	1	ミドくいヤボたいタドくいボボたいＹボたい謝たい。ブたい	
0x227161	28	FF	1	あいうえくけおきかさこちつてとなにぬねのとにそたそたそと	
0x223AC6	27	FF	1	Ｚ）がァＲ迂ニニニと４たいがぜを峨ぽペ）Ｉた＋）つ	
0x2297E9	27	FC	1	ンたい蛟たいわゥたいがゥたい（ンたいみンたいくヴたい	
0x1EE3BF	26	FF	1	弦ァＲ価ぽたい蝿しいがＵしいたぜを峨ぜペ）い	
0x1EFFD3	26	FF	1	弦ァＲ越イたいえーしいみ』しいたぜを峨ぜペ）い	
0x203EFA	26	F880	1	Ｒ迂ニニニバシたいペシたいＭシたい椴を峨ぽペ）	
0x204136	26	FF	1	Ｚ）念Ｒ迂ニニニズシたいペシたい椴を峨ぽペ）	
0x204372	26	FF	1	Ｚ）念Ｒ迂ニニニバシたいペシたい椴を峨ぜペ）	
0x2045B6	26	FF	1	Ｙ）念Ｒ迂ニニニズシたいペシたい椴を峨ぜペ）	
0x2047FA	26	FF	1	Ｙ）念Ｒ迂ニニニバシたいペシたいミぜを峨タペ）	
0x207516	26	F883	1	Ｒ員オオオぽァたい。ヴたいぜヴたいネヴたいＵヴたい	
0x219B2A	26	F88F	1	Ｒ架○たい嬉たい詣たい詐たい曝たいこたい	
0x22001A	26	FF	1	Ｙ）がァＲ姐パたいヌニニニとパたいがぜを峨ぜペ）	
0x22013E	26	FF	1	Ｙ）がァＲ姐パたいヌニニニとパたいたぜを峨ぜペ）	
0x224483	26	FF	1	諺ァＲ依８たいＩはたい」またいたぜを峨ぜペ）い	
0x22B600	26	FF	1	ストレートを打てばアウトパネルが全てヒットになる	직구를 치면 아웃 패널이 전부 안타가 된다
0x22BDBE	26	FA	1	打てばｱｳﾄﾊﾈﾙが全てヒットになる	치면 아웃패널이 전부 안타가 된다
0x22B480	25	FF	1	ﾗﾝﾅｰｱｳﾄにならないバントをする	주자아웃이 되지 않는 번트를 한다
0x22B4A0	25	FF	1	対左打者の時、全てのカード力にｰ２	좌타자 상대 시、모든 카드력에 ｰ２
0x22B4C0	25	FF	1	対左打者の時、全てのカード力に+２	좌타자 상대 시、모든 카드력에 +２
0x22B9E0	25	FF	1	対左投手時、打てばアウトパネルが全て	좌투수 상대 시、치면 아웃 패널이 전부
0x22BCAA	25	FA	1	上がり率を２倍、自分の気合を+１０	상승률 ２배、내 기합 １０
0x22C15C	25	FF	1	ェべィサェネゲ嚢Ｌィノグぢゴュゥ涜ザヌドミィハ	
0x1F1368	24	FF	1	タドくいづウたいフウたいヂウたいぃイたいエかさい	
0x20B55E	24	F883	1	Ｒ茨ンたいりナたい瀞を峨ァペ）あミペ）・ょ	
0x227C5C	24	F8B0	1	くタVくミcくァsくズ⁸くペ くＥ 	
0x2290E8	24	FF	1	ぜヲプヲＴワ（う（ヲＵワ（ワプヲＴワプヲＴワペヲ	
0x229468	24	FF	1	Ｕいヴづなり（うＵいペあぜいヴづなりヴづなりペヲ	
0x229510	24	FF	1	やィたいぃィたいびィたいエィたいフィたいォィたい	
0x22995C	24	F861	1	南たい韻たいりチたいぃチたいぜチたいバタたい	
0x22B400	24	FF	1	イニング中、相手のカード力を1/2	이닝 중、상대의 카드력을 1/2
0x22BD70	24	FF	1	自分が前打席ヒットの場合、全ての	자신이 앞 타석 안타인 경우、모든
0x22BFA0	24	FF	1	先頭で二塁より先のランナーの場合、	선두이고 ２루보다 앞의 주자인 경우、
0x21566A	23	FF	1	ペ）かたペ）いぜぢ（おみペ）えぃペ）シぜ厳	
0x21CDB1	23	F88F	1	律いエかさいォベたいくベたいがぜを峨ぽペ）	
0x22993D	23	F87D	1	チたい吋たいねツたいたツたいくチたいクチたい	
0x22B2C0	23	FF	1	相手打者の全カード力をつねにｰ２	상대 타자의 전 카드력을 항상 ｰ２
0x22B2E0	23	FF	1	対左投手の時、全カード力にｰ２	좌투수 상대 시、전 카드력에 ｰ２
0x22B300	23	FF	1	対左投手の時、全カード力に+２	좌투수 상대 시、전 카드력에 +２
0x22B340	23	FF	1	ランナーがいる時、全カード力1/2	주자가 있을 때、전 카드력 1/2
0x22B3C0	23	FF	1	味方投手のスタミナげん少3/4	아군 투수 스태미나 감소 3/4
0x22B3E0	23	FF	1	味方投手のスタミナげん少1/2	아군 투수 스태미나 감소 1/2
0x22BA08	23	FF	1	先発で３回から全てのカード力に+１	선발로 ３회부터 모든 카드력에 +１
0x22D067	23	FF	1	がたびょネがびソネタびュネョびＤネＥび？ネ！び	
0x22D07F	23	FF	1	ネたリょバがリソバタリュバョリＤバＥリ？バ！リ	
0x1ECA8F	22	FF	1	諺ァＲ押ペしいふ２しいたぜを峨ぜペ）い	
0x1EE07A	22	FD	1	Ｚ）がァＲ援ぼたいペぼたいたぜを峨ぜペ）	
0x1F1486	22	F880	1	Ｒ綾イたいヌニニニねイたいたぜを峨ぜペ）	
0x1F1DF3	22	FF	1	弦ァＲ袷忿いぃいすいたぜを峨ぜペ）い	
0x1F36AA	22	FF	1	Ｚ）がァＲ迂ニニニ祗たいがぜを峨ぽペ）	
0x1F3A8B	22	FF	1	弦ァＲ央たすいぃふすいたぜを峨ぜペ）い	
0x1F4E63	22	FF	1	弦ァＲ詠やすいミらすいたぜを峨ぜペ）い	
0x1F61A0	22	F88F	1	タドくいとケたいごケたいトケたいゲケたいっえ	
0x2190DF	22	FF	1	Ｏ念Ｒ嘉つさい椴を峨ぜペ）あぽペ）お	
0x219E9E	22	F880	1	Ｒ歌○たい荻たい詐たい詣たい（○たい	
0x2239DE	22	FF	1	Ｚ）がァＲ迂ニニニと４たいがぜを峨ぽペ）	
0x225407	22	FC	1	諺ァＲ意れたいびんたいたぜを峨ぜペ）い	
0x225A5E	22	FF	1	ＹなたァＲ詠んたいォんたい６んたい」んたい	
0x226783	22	FF	1	弦ァＲ遠ざたいぱぜたいたぜを峨ぜペ）い	
0x227AE2	22	F8B0	1	ネペＥがおかうくあ（タがおきあくあ筒がかき	
0x22B918	22	FF	1	相手投手のスタミナ消費を３倍、	상대 투수의 스태미나 소비를 ３배、
0x22B990	22	FF	1	先頭打者時、打ってファインプレー	선두 타자 시、쳐서 호수비
0x22BBAC	22	FF	1	勝っている時、全打者のカード力が	이기고 있을 때、전 타자의 카드력이
0x22BD89	22	FA	1	選手のカード力+１、凡打はｰ１	선수 카드력 １、범타 １감
0x22BDE0	22	FF	1	どんな球でも打てる。長打がなくなり、	어떤 공이든 친다。장타가 없어지고、
0x22BE36	22	F801	1	（相手のヒットになるカードには負ける）	（상대의 안타가 되는 카드에는 진다）
0x22D050	22	F806	1	たねょががねソがタねュがョねＤがＥね？が！ね	
0x20D369	21	FF	1	ヲたいえヲたいがぜを峨ぽペ）あぜペ）ナぃ	
0x22B288	21	FF	1	コースが相手の打席の反対による	코스가 상대 타석의 반대에 따라
0x22B388	21	FF	1	いうあおしししししししししししせそそたちす	
0x22B620	21	FF	1	使用カードをよく曲がる変化球に	사용 카드를 잘 휘는 변화구로
0x22B6EC	21	FF	1	相手投手の変化球カード力が	상대 투수의 변화구 카드력이
0x22B710	21	FF	1	外野にとんだ場合、長打が全て	외야로 날아간 경우、장타가 전부
0x22B9B8	21	FF	1	ライン上にとんだ場合、アウトパネルが	라인상에 날아간 경우、아웃 패널이
0x22BC4C	21	FA	1	打げき時、長打を１パネル短打に	타격시 장타１패널 단타
0x22BDA8	21	FF	1	二塁か三塁にランナーがいない時、	２루나 ３루에 주자가 없을 때、
0x1F306C	20	FE	1	たァＲ運いすいがえすいミエたいタチこい	
0x1F6651	20	FF	1	せペ）あみゥつみえペ）いしァ）あよァ）く	
0x21513D	20	FF	1	タペちズぇら（えタペあデ０み（ヂぇろ（た	
0x21A3F2	20	F880	1	ペ）えぃぞ（ャぅゥ・ャむボ・かたペ）佗	
0x2221B2	20	FF	1	ペ）がァＲ箇３たい蝦そいぜをさい（た	
0x226000	20	FB	1	わＣたいワＡたいワ席いたぜを峨ぜペ）	
0x2294F8	20	FF	1	ごィたいタィたいリィたい６ィたい念たい	
0x229558	20	FF	1	とゥたいみゥたいづゥたいシゥたい２ゥたい	
0x22B218	20	FF	1	中ばんのリードで起用されやすくなる	중반 리드에서 기용되기 쉬워진다
0x22B234	20	FF	1	終ばんのリードで起用されやすくなる	종반 리드에서 기용되기 쉬워진다
0x22B250	20	FF	1	代打時、全てのカード力に+２	대타 시、모든 카드력에 +２
0x22BAFC	20	FF	1	イニング中、変化球を打たれたら	이닝 중、변화구를 맞으면
0x22BE90	20	FF	1	二塁か三塁にランナーがいる時で	２루나 ３루에 주자가 있을 때이고
0x22C178	20	FF	1	ィノグぢゴュゥ８ゼ９ゥ嬰❤ゥＮゥ部ハ	
0x1ECA1E	19	FF	1	ぁ）リムそいみペしいたぜを峨ぜペ）の	
0x1ECF2E	19	FF	1	ペ）Ｅぽガ）廼Ｒ為ぜを峨ぜペ）と	
0x1F1552	19	FF	1	ぁ）リムそいや現いたぜを峨ぜペ）い	
0x1F1803	19	FD	1	諺ァＲ焔斥いたぜを峨ぜペ）ふあ	
0x1F183F	19	FD	1	諺ァＲ雨斥いたぜを峨ぜペ）すあ	
0x1F9F0A	19	FF	1	」）ペまペ）ァそチ（（そゼ（東ーあみ	
0x207A93	19	F88F	1	県ジＲ課ジＲ課ジＲ課ジＲ淫お	
0x20E2C7	19	F840	1	峨ぜペ）あタペ）いぽペ）うミペ）ザわ	
0x2104EA	19	FF	1	ペ）かたペ）くみペ）おぃペ）ム 険	
0x2107A6	19	FF	1	ペ）かたペ）くみペ）おぃォ（Ｗぜ険	
0x210976	19	FF	1	ペ）かたペ）くみペ）えぃペ）ぷぜ険	
0x2156AA	19	FF	1	ペ）かたペ）おみペ）えぃペ）ぃ 険	
0x2156C6	19	FF	1	ペ）かたペ）おみペ）えぃペ）ヂ 険	
0x2182C7	19	FF	1	競ァＲ為ァＲ為ァＲ為ァＲ唄り	
0x222ABF	19	FF	1	鷺ァＲ課ぜを峨ミペ）あ？）ぃ』	
0x229799	19	F87C	1	ヴたいぃヴたいネンたいくンたいＥヴたい	
0x22A6BC	19	FF	1	りるれろにほぬまあえきこおえういノビ○	
0x22B1A8	19	FF	1	試合の時、調子が安定する	시합 때、컨디션이 안정된다
0x22B1C4	19	FF	1	相手チームの気合を1/2	상대 팀의 기합을 1/2
0x22B1E0	19	FF	1	長打が全てシングルヒットにかわる	장타가 전부 단타로 변한다
0x22B1FC	19	FF	1	CPUが強しんを使わなくなる	ＣＰＵ가 강습을 쓰지 않게 된다
0x22B4E0	19	FF	1	イニング中、ピヨリやスタミナぶ足が	이닝 중、휘청이나 스태미나 부족이
0x22B5C0	19	FF	1	ストレート、スローボールのカード力が	직구、슬로볼의 카드력이
0x22B680	19	FF	1	イニング中、変化球を投げれば	이닝 중、변화구를 던지면
0x22B7C4	19	FF	1	６回より後で負けている場合、	６회 이후 지고 있는 경우、
0x22BB54	19	FF	1	前の打席が安打なら、打てば	앞 타석이 안타면、치면
0x22BBD8	19	FF	1	盗塁時、アウトを３パネルセーフに	도루 시、아웃을 ３패널 세이프로
0x22BBEC	19	FA	1	打げき時、アウトを１パネルセーフに	타격시 아웃１ 세이프
0x22BC38	19	FF	1	盗塁時、セーフを３パネルアウトに	도루 시、세이프를 ３패널 아웃으로
0x22BF10	19	FF	1	エラーでない時、二塁か三塁に	실책이 아닐 때、２루나 ３루에
0x22BF50	19	FF	1	自分が一るいランナーの場合、	자신이 １루 주자인 경우、
0x203C46	18	F880	1	Ｒ迂ニニニズシたいペシたいＭシたい	
0x20BABF	18	F84F	1	鴻なゥ（０みペ）ヂつゥ（あみぜ（き	
0x20BCC7	18	FF	1	厳みペ）かぃペ）いた」・あぃェ（う	
0x2220EE	18	F88F	1	Ｒ運席いがぜを我（ペ）うぜペ）	
0x223CCB	18	FF	1	檎ァＲ為ぜを峨ぽペ）Ｋた＋）つ	
0x22B100	18	FF	1	全カードのカード力がつねに+２	전 카드의 카드력이 항상 +２
0x22B160	18	FF	1	３回まで、カード力がｰ１される	３회까지、카드력이 ｰ１된다
0x22B178	18	FF	1	低めを投げた時必ず三振に	낮게 던졌을 때 반드시 삼진으로
0x22B190	18	FF	1	CPUが強しんを多用する	ＣＰＵ가 강습을 많이 쓴다
0x22B440	18	FF	1	低めを打てばアウトパネルが全て	낮은 공을 치면 아웃 패널이 전부
0x22B560	18	FF	1	内野にとべばアウトパネルが全て	내야로 날면 아웃 패널이 전부
0x22B580	18	FF	1	流し打ちならアウトパネルが全て	밀어치기면 아웃 패널이 전부
0x22B5A0	18	FF	1	高めを打てばアウトパネルが全て	높은 공을 치면 아웃 패널이 전부
0x22B6A4	18	FF	1	必ず打つカードをつかわれなければ	반드시 치는 카드를 쓰지 않으면
0x22B758	18	FF	1	一るい、三塁、レフト、ライトに	１루、３루、좌익、우익으로
0x22B854	18	FF	1	ゴロでファインプレーでない場合、	땅볼이고 호수비가 아닌 경우、
0x22B8AD	18	FA	1	重なっていなければストライクになる	안겹치면 스트라익
0x22BA90	18	FA	1	ストレートならカード力1/2	직구면 카드력 반
0x22BB80	18	FF	1	ファインプレーでなく外野にとべば	호수비가 아니고 외야로 날면
0x22BC1D	18	FA	1	打てばアウトパネルが全てヒットに	치면 아웃 안타로
0x22BCCC	18	FF	1	内野にとんだときアウトが増える	내야로 날 때 아웃이 늘어난다
0x1F187F	17	FD	1	諺ァＲ依順いたぜを峨ぜペ）	
0x1F4033	17	FD	1	弦ァＲ胤にすいたぜを峨ぜペ）	
0x1FADC0	17	FF	1	影すいがッすいたぜを峨ぜペ）え	
0x2078F9	17	F84F	1	ズペ）あァペ）いペペ）うミペ）いば	
0x2125E9	17	FF	1	ペペ）あＥペ）いズペ）うァペ）繍	
0x21BED9	17	FD	1	くペ）みくペ）かたペ）きみペ）せ	
0x228EC8	17	F885	1	ァばたいミばたいゲばたいフばたいロ	
0x22B0A0	17	FF	1	５回より気合が+３増える	５회부터 기합이 +３ 늘어난다
0x22B0B8	17	FF	1	せんたくカードをストレートにかえる	선택 카드를 직구로 바꾼다
0x22B0D0	17	FF	1	CPUが盗塁しにくくなる	ＣＰＵ가 도루하기 어려워진다
0x22B0E8	17	FF	1	CPUが盗塁しやすくなる	ＣＰＵ가 도루하기 쉬워진다
0x22B5E0	17	FF	1	負けている時、チーム全員の	지고 있을 때、팀 전원의
0x22BA58	17	FF	1	前の打者がヒットなら打てば	앞 타자가 안타면 치면
0x22BAD0	17	FF	1	安打ならランナーがより進める	안타면 주자가 더 진루
0x22BAE2	17	FA	1	フライ時にダブルプレーが増える	플라이 병살 증가
0x22BB28	17	FF	1	ピヨリの時にカード力のかわりに	휘청일 때 카드력 대신에
0x22BB3A	17	FA	1	配られるカードがさらに１まいへる	카드 １장 더 감소
0x22BB93	17	FA	1	シングルヒットが全てホームランに	단타 전부 홈런
0x22BC98	17	FF	1	相手投手のピヨリポイントの	상대 투수의 휘청 포인트의
0x22BE6B	17	FA	1	長打パネルをひとつシングルに、	장타패널 １ 단타로
0x22BEF6	17	F801	1	打てばホームランせいの当たりに	치면 홈런성 타구로
0x1F485D	16	FF	1	たペうねたＵおあたペてにたＵなほ	
0x201A56	16	F880	1	ペ）きたペ）えみペ）かぃペ）宕	
0x20540A	16	FF	1	ぁ）Ｙホそいがぜを峨ぽペ）わス	
0x205606	16	FD	1	ペ）あつョ（Ｆみゾ）おたペ）ばぺ	
0x2078E4	16	FC	1	ゅムたいヌニニニまッ垢「ぴツた	
0x20B022	16	FF	1	ペてたァＲ葦ぜを峨ぜペ）がぎ	
0x210C86	16	FF	1	ぁ）ミぜを峨タペ）あぽペ）まめ	
0x2120E6	16	FF	1	ぁ）がぜを峨ぽペ）あぜペ）きへ	
0x21318A	16	FF	1	ペ）かたペ）おみペ）えぃペ）わた	
0x2135DA	16	FB	1	ペ）かたペ）おみペ）えぃペ）ねそ	
0x2180DC	16	FD	1	えキそいシクそいたぜを峨ぜペ）	
0x21BD22	16	FC	1	ペ）さたペ）ゥみゥ（おぃペ）そせ	
0x220250	16	FF	1	Ｊんさいヌニニニ９８８れぜをさい	
0x220C21	16	F843	1	ミペ）あタペ）いぽペ）うぜペ）そ	
0x222396	16	F9	1	そいぜそいたぜを峨ぜペ）げ❤	
0x2224F2	16	FB	1	そい❤いたい椴を峨タペ）ドモ	
0x227E5C	16	F80F	1	ズおすい６おすい！おすいＵおすい	
0x228410	16	FF	1	ォタすいＵチすい資すいＥスすい	
0x22AA48	16	FF	1	ぽュたいペトたいゥテェべィサェユ	
0x22AEFC	16	FF	1	ェエィサェぷェグェタェどェダェキ	
0x22B040	16	FF	1	打てば必ずバントヒットになる	치면 반드시 번트 안타가 된다
0x22B058	16	FF	1	調子の効果が２倍になる	컨디션 효과가 ２배가 된다
0x22B070	16	FF	1	長打の可能性を減らす	장타 가능성을 줄인다
0x22B088	16	FF	1	シングルヒットが全て長打に	단타가 전부 장타로
0x22B320	16	FF	1	この打席はすべての盗塁が	이 타석은 모든 도루가
0x22B640	16	FF	1	使用カードが変化球なら	사용 카드가 변화구면
0x22B660	16	FF	1	まんるいで打てばアウトパネルが	만루에서 치면 아웃 패널이
0x22BFF4	16	FF	1	７～９回ぎゃく転の場面で	７～９회 역전 상황에서
0x22D419	16	F81F	1	いい蕃クえいあうい蕃リおうい	
0x1EE352	15	FF	1	ぁ）リムそいワＮしいくぜを鎧	
0x1EEB66	15	F880	1	Ｒ為ぜを峨ぜペ）Ｇぽ」）お	
0x1EFF6A	15	FF	1	ぁ）リムそいヂ＋しいくぜを劾	
0x1F1C87	15	FD	1	諺ァＲ葦ぜを峨ぜペ）Ｔパ	
0x1F2CEE	15	FF	1	ア）Ｅた」）くあプなああズぬし	
0x1F3A4E	15	FF	1	ぁ）リムそいリたすいくぜを皆	
0x1F4E12	15	FF	1	ぁ）リムそいごやすいくぜを蛙	
0x1F4E9F	15	FD	1	諺ァＲ沖やすいくぜを奇え	
0x1F618E	15	F88F	1	Ｒ嘘ドくいＵクたい姻たいた	
0x1F646A	15	FF	1	ぁ）リムそいヂぐすいくぜを械	
0x1F6506	15	FF	1	ぁ）リムそいぃげすいくぜを械	
0x1F71A7	15	FF	1	諺ァＲ逢ハすいタチこいいＥ	
0x1F729E	15	FF	1	ぁ）たぜを峨ぜペ）Ｓな」）ほ	
0x1F7B56	15	FF	1	ア）あたづ０Ｈたッポァたッ（あ	
0x1F878A	15	F880	1	Ｒ歌０グん椴を峨ぜペ）ぱ	
0x1F8A5E	15	FF	1	Ｙむ念Ｒ為ぜを峨ぽペ）ぱ	
0x1FACFE	15	FF	1	ぁ）リムそいりェすいたぜを皆	
0x1FC026	15	FF	1	ぁ）リムそいぽデすいくぜを雅	
0x1FD13F	15	FD	1	弦ァＲ葦ぜを峨ぜペ）、ミ	
0x1FE577	15	FF	1	諺ァＲ葦ぜを峨ぜペ）Ｘヒ	
0x20584A	15	FF	1	ぁ）リムそいヤんせいくぜを会	
0x20770F	15	F840	1	峨ミペ）あタペ）いぜペ）ヲば	
0x207A6F	15	F88F	1	県ジＲ課ジＲ課ジＲ泳え	
0x207ABB	15	F88F	1	県ジＲ課ジＲ課ジＲ桶お	
0x209EAF	15	F88F	1	こミァＲ園ぜ甲ァＲ駅ざ	
0x20AFF6	15	F881	1	Ｒ迂ニニニまッ垢ァガたいほ	
0x20D617	15	F840	1	峨ミペ）あタペ）いぽペ）Ｐぁ	
0x210506	15	FF	1	ペ）おたペ）かみペ）こぃペ）ぇ	
0x210642	15	FF	1	ペ）きたペ）えぃペ）ふ 険	
0x21065A	15	FF	1	ペ）えたペ）きみペ）こぃペ）×	
0x2108CE	15	FF	1	ペ）きたペ）えぃペ）ルぜ険	
0x2108E6	15	FF	1	ペ）えたペ）きみペ）こぃペ）ぐ	
0x210992	15	FF	1	ペ）えたペ）かみペ）こぃペ）そ	
0x212133	15	FF	1	ＯがァＲ箇ぞを峨ミペ）梟	
0x212A8A	15	F883	1	ペ）くたペ）きみペ）えぃペ）だ	
0x212AA6	15	FF	1	ペ）くたペ）きみペ）えぃペ）○	
0x21598A	15	FF	1	ペ）おたペ）ざ 険ぜＥ）て	
0x215B52	15	F88F	1	ペ）くたペ）かみペ）えぃペ）Ｈ	
0x21718B	15	F88F	1	Ｏきたペ）かみペ）おぃペ）るけ	
0x2171A7	15	F88F	1	Ｏえたペ）こみペ）さぃペ）めけ	
0x217246	15	F88F	1	さいがＤたいがＤたいミぜを喫	
0x217FEB	15	FC	1	弦ァＲ葦ぜを峨ぜペ）桜	
0x218297	15	FF	1	競ァＲ為ァＲ為ァＲ鯵い	
0x21BF4A	15	F88F	1	Ｒ映べたいネ誰いョ誰いフ	
0x21BF66	15	FF	1	ぁ）リムそいズヅそいたぜを械	
0x21BFD2	15	F895	1	そいぃブそいたぜを峨ぜペ）い	
0x21CEFE	15	FF	1	ぁ）リムそいり３そいくぜを鎧	
0x2212FE	15	FF	1	ペ）きたペ）かみペ）おぃペ）・	
0x223867	15	FC	1	いり７たいぽ７たいリ７たい帽	
0x2240EE	15	FD	1	ペうえねペ）むえァ）ＫきＺ）Ｉ	
0x224406	15	FF	1	ぁ）リムそいぃはたいたぜを革	
0x2253C6	15	FF	1	ぁ）リムそい洞たいたぜを鰹	
0x226126	15	FF	1	Ｙ）たァＲ為ぜを峨ぜペ）わ	
0x22674E	15	FF	1	ぁ）リムそいリざたいくぜを械	
0x226D6E	15	FF	1	ぁ）リムそいわぢたいくぜを牙	
0x226DBA	15	F871	1	そい（ぢたいたぜを峨ぜペ）く	
0x226EF6	15	FF	1	ぁ）リムそいみでたいくぜを廓	
0x226FFE	15	F871	1	そいやどたいたぜを峨ぜペ）お	
0x22724E	15	F800	1	あ尅履煩請窄桔・	
0x22A9E8	15	FF	1	ネュたいョトたい打たれ弱い	
0x22AA18	15	FF	1	コぽぞをほとこおキャッチャー○	
0x22B741	15	FA	1	打てばシングルヒットが出る	치면 단타가
0x22B7A0	15	FF	1	バッターが強打者の時、	타자가 강타자일 때、
0x22B8D8	15	FA	1	ストレートならカード力２倍	직구면 카드２배
0x22BD12	15	FA	1	全てのカード力がｰ１され	전 카드력 １감소
0x22BE18	15	FF	1	イニング中、エラーでなければ	이닝 중、실책이 아니면
0x22BEE5	15	FA	1	三振になるカードをふせぎ、	삼진 카드 막고、
0x22C4CD	15	FE	1	ベそいＩベそいネボそいふパそい	
0x1ED626	14	F843	1	ペ）かたペ）おみペ）えぃペ）	
0x1F158B	14	FD	1	諺ァＲ於現いくぜを我	
0x1F37A6	14	FF	1	Ｚ）がァＲ迂ニニニ祗たい	
0x1F648F	14	FF	1	弦ァＲ押ぐすいＵぐすいほ	
0x1F652B	14	FF	1	弦ァＲ姻げすいシげすいほ	
0x1F686B	14	FE	1	鷺ェＲ箇ぞを峨ミペ）ぱ	
0x1F950A	14	FF	1	ペ）おたペ）えみペ）くぃペ）	
0x1FAB6A	14	F88F	1	Ｒ迂ニニニがぜを峨ぽペ）	
0x1FC463	14	FD	1	諺ァＲ葦ぜを峨ぜペ）え	
0x1FF5DF	14	FF	1	険タＥ）あミペうえミペちボ	
0x1FFF5B	14	FD	1	甲ァＲ葦ぜを峨ぜペ）ぷ	
0x2058D2	14	F84F	1	ャ娃Ｅペ）うァペ）えミペ）	
0x206C50	14	F880	1	ミぜを峨タペ）あぜペ）をべ	
0x206CD7	14	FF	1	ＯミァＲ嘘ぜを峨ぜペ）さ	
0x207993	14	F88F	1	県ジＲ課ジＲ課ジＲ頴	
0x20B847	14	F88F	1	卦まペ）ャそチ（（そゼ（こ	
0x20B937	14	F88F	1	卦まペ）ャそチ（（そゼ（あ	
0x20B953	14	F88F	1	卦まペ）ャそチ（（そゼ（え	
0x20B96F	14	F88F	1	卦まペ）ャそチ（（そゼ（き	
0x20B98B	14	F88F	1	卦まペ）ャそチ（（そゼ（く	
0x20BB36	14	F88F	1	Ｒ荷ァたいミタたい９８８８	
0x2101DE	14	FF	1	ぁ）ぜマたい椴を我ミペ）	
0x21314E	14	FF	1	ペ）念Ｒ課ぺを我ズペ）	
0x214E2E	14	FF	1	ペ）たァＲ課ぺを我ぜペ）	
0x21698A	14	FF	1	ぁ）づふけいくぜを峨Ｕペ）	
0x2169E2	14	FF	1	ぁ）臼そいミぜを牙ぜペ）	
0x216C4F	14	FF	1	弦ァＲ亜ぺさいくぜを峨	
0x2191F3	14	FF	1	Ｏ念Ｒ殴とさいァオさいほ	
0x21948B	14	FF	1	ＯくァＲ越ＴたいバＴたいえ	
0x2194EE	14	FD	1	ペ）くァＲ宴ＴたいバＴたい	
0x21CBFB	14	FF	1	向吏険ぜペ）ぼ吏鹸	
0x21DBEB	14	FF	1	８おァィ（ュちョ（きぃペ）あ	
0x21E9C7	14	FF	1	栽鍵険ぜペ）！鍵鹸	
0x21EB2F	14	FF	1	荒鍵険ぜペ）ン鍵鹸	
0x227614	14	FF	1	ミぃＥぜミぜＥぽミぽＥタＭぃ	
0x228A58	14	FF	1	オあそいぜタたいこかぇきりく	
0x228F88	14	FF	1	Ｕワぜヲペワ（うぜヲぜトペワ	
0x229068	14	FF	1	みヲぜヲペワ（うぜヲぜトペワ	
0x2293C8	14	FF	1	（いタうＵい（うタう（あ（う	
0x229408	14	FF	1	線（うみう（う（う（あミぷ	
0x229806	14	F87F	1	たいみァたいＭェたいＹェたい	
0x22AA31	14	FF	1	えおきけさすたミート多用	
0x22AEBC	14	FF	1	ェタェどェダェキェぞェツェヨ	
0x22B014	14	FF	1	自チームの気合を２倍	자기 팀 기합 ２배
0x22B26C	14	FF	1	ピヨリにならない、闘気を	휘청이지 않는다、투기를
0x22B42B	14	FA	1	全てのカード力に+3	카드력 ３증가
0x22B7B0	14	FA	1	全てのカード力に+2	카드력 ２증가
0x22B80C	14	FF	1	範囲１、カード力２倍	범위 １、카드력 ２배
0x22B952	14	FA	1	のぞく盗塁がしっぱいする	제외 도루 실패
0x22BB11	14	FA	1	アウトパネルがすべてヒットに	아웃 전부 안타
0x22C088	14	FF	1	ゼギザ盈ぢゴュガ物ボィぜ	
0x1F0934	13	F8C2	1	ふ『しいミぜを峨ぜペ）Ｅ	
0x1F71E4	13	FD	1	たァＲ葦ぜを峨ぜペ）づ	
0x1FCF3D	13	FA	1	ァたいがぜを峨ぽペ）イム	
0x1FD8A9	13	FD	1	ァたいたぜを峨ぜペ）T	
0x1FEBB5	13	FF	1	ァたいたぜを峨ぜペ）っハ	
0x1FEFA5	13	FF	1	ァたいたぜを峨ぜペ）がノ	
0x205893	13	FD	1	弦ァＲ悪んせいやんせい	
0x2063AD	13	F840	1	ミペ）かぜペ）えぽペ）セぱ	
0x20A1F1	13	F84F	1	ペペ）あズペ）うァペ）Ｚご	
0x20DA40	13	FE	1	ゲべズおかあョたがだズなお	
0x20E159	13	FC	1	たペてああズ・えアズ・鼓	
0x20EC19	13	F84F	1	ズペ）あァペ）いミペ）げれ	
0x21315D	13	FF	1	ペペ）いァペ）うミペ）ヲそ	
0x214E3D	13	FF	1	ペペ）いズペ）うァペ）ホ！	
0x215617	13	FF	1	鷺ジＲ箇ぞを牙ぽペ）	
0x21823C	13	FF	1	がぜを峨ぜペ）いぽペ）さ	
0x218D73	13	FF	1	ＯがァＲ葦ぜを峨ぜペ）	
0x218FE4	13	FF	1	椴を峨ぜペ）あぽペ）し	
0x220F11	13	F84F	1	ァペ）いタペ）うぽペ）ジ？	
0x225701	13	FC	1	ァＲ姻チこいっをたいキい	
0x2265B3	13	FF	1	檎ァＲ為ぜを鞠あ。）	
0x226E34	13	FF	1	クづたいくぜを峨みペ）く	
0x229029	13	FF	1	ヲぜヲペワ（うぜヲぜトペワ	
0x22AE2C	13	FF	1	ゆよらりるれろわをんぁぃぅ	
0x22AF24	13	FF	1	守備起用されやすい	
0x22AF9C	13	FF	1	ストレートはすべて三振	직구는 모두 삼진
0x22AFD8	13	FF	1	代走起用されやすい	대주자로 기용되기 쉽다
0x22AFEC	13	FF	1	代打起用されやすい	대타로 기용되기 쉽다
0x22B000	13	FF	1	と中交代しやすくなる	도중 교체되기 쉬워진다
0x22B2A4	13	FF	1	ピンチ×をつかわれなければ	핀치×를 쓰지 않으면
0x22C005	13	FA	1	全てのカード力+２、	카드력 ２증가、
0x1EDE3E	12	FD	1	ペ）かたペ）くズギ（めワ	
0x1EFA8A	12	FD	1	ペ）かたペ）けァギ（そユ	
0x1F02DD	12	FE	1	たペ）えみペ）かぃペ）く	
0x1F0721	12	FE	1	たペ）くみペ）きぃペ）く	
0x1F08D5	12	FE	1	たペ）おみペ）かぃペ）く	
0x1F12C2	12	FD	1	ペ）かたペ）くズギ（あマ	
0x1F3522	12	FD	1	ペ）かたペ）きァギ（ノニ	
0x1F4B7E	12	FD	1	ペ）かたペ）くズギ（…タ	
0x1F60C6	12	FD	1	ペ）かたペ）くズギ（ァサ	
0x1F61B8	12	F88F	1	員たい筐たいＩケたい	
0x1F7106	12	FF	1	ぁ）たぜを峨ぜペ）（ョ	
0x200A35	12	FD	1	ぜペ）いぽペ）うミペ）か	
0x201961	12	F840	1	ぽペ）いぜペ）うタペ）さ	
0x202DEE	12	FF	1	ペ）きたペ）けァギ（ゅり	
0x202E7E	12	FD	1	ペ）きたペ）けァギ（つり	
0x2034FA	12	FF	1	ペ）きたペ）かぃペ）○ア	
0x20384D	12	FE	1	タペ）えぽペ）くズペ）か	
0x205749	12	FF	1	たペもしめェ（うつＵゆい	
0x205F05	12	F880	1	みペていあズ・ああズ・ほ	
0x209F8D	12	F88F	1	ミペ）あぜペ）おタペ）た	
0x20A1BE	12	F840	1	ペ）かたペ）えみペ）Ｓざ	
0x20B006	12	FF	1	ぁ）たぜを峨ぜペ）ぜぎ	
0x20B37A	12	F880	1	ア）あぜペうおぜペちテが	
0x20BB89	12	F843	1	ミペてイ准険タペ）き	
0x20E295	12	F88F	1	ァＲ育ドたいくぜを乾	
0x213126	12	FF	1	ペ）えみペ）きぃペ）どた	
0x21563A	12	FF	1	ペ）かたペ）おみペ）褒	
0x21902E	12	FF	1	ペ）くたペ）かみペ）めい	
0x21908E	12	FF	1	ペ）きたペ）かみペ）こい	
0x219136	12	FF	1	ペ）えたペ）かみペ）（あ	
0x2191C6	12	FF	1	ペ）えたペ）かみペ）Ｑあ	
0x219392	12	FD	1	ペてくァＲ逢ぜを革さ	
0x21A4E4	12	F843	1	あミペ）うぽペ）いタペ）	
0x21BCA9	12	F84F	1	ぜペ）あペペ）うズペ）そ	
0x21BE16	12	FF	1	ペ）かたペ）きみペ）りせ	
0x21C4DD	12	FC	1	ビそいたぜを峨ぜペ）Ｅ	
0x21CAFE	12	FC	1	ペ）かたペ）くズギ（雄	
0x21DB65	12	FF	1	タペうあタペてャＵペ）Ｑ	
0x21FE11	12	FF	1	たペ）きみペ）かぃペ）え	
0x220DBC	12	F843	1	あタペ）いぜペ）うァペ）	
0x221316	12	F88F	1	Ｒ於べたいＹべたい（た	
0x227475	12	FF	1	あいうえおかきくこくかか	
0x227495	12	FF	1	あいうえおかきくけこさし	
0x228B40	12	F891	1	クタたいぽタたいタジたい	
0x228BB8	12	FC	1	エタたいシタたい悉たい	
0x228C50	12	FC	1	とあとえほいほお６ョたい	
0x228C60	12	FC	1	もあもえそいそおペズたい	
0x228E80	12	F885	1	ＥタたいＥトたいズダたい	
0x229114	12	FF	1	コあプぐ❤むプぐ❤むペヲ	
0x2294D4	12	FF	1	Ｍァたい❤ァたい叡たい	
0x22A6E0	12	FF	1	のむふやはめふゆムード○	
0x22AE1C	12	FF	1	ェべェツェヌェロィサェグ	
0x22AE3C	12	FF	1	ェクェゴィサェロィサェグ	
0x22AE4C	12	FF	1	ゥユェクェガェぢェソィサ	
0x22AE6C	12	FF	1	ェクェゴィサェべィサェユ	
0x22AE7C	12	FF	1	ゥヌェクェガェぢェソィサ	
0x22AE8C	12	FF	1	ゥメェクェガェぢェソィサ	
0x22AF10	12	FF	1	スロットが早く止まる	슬롯이 빨리 멈춘다
0x22B460	12	FF	1	盗塁が必ずアウトに	도루가 반드시 아웃으로
0x22B46D	12	FA	1	相手の気合+５	상대 기합５
0x22B8A0	12	FF	1	ランナーが盗塁する、	주자가 도루한다、
0x22BA45	12	FA	1	どんな球でも打たれる	모든 공 안타
0x22BD23	12	F801	1	スタミナのげん少２倍	스태미나 감소 ２배
0x22BE05	12	F801	1	アウトが３パネルヒットに	아웃이 ３패널 안타로
0x22BE28	12	FA	1	内野の球はアウトに	내야 공 아웃
0x22BE7E	12	F801	1	シングルをひとつアウトに	단타 하나를 아웃으로
0x22BF24	12	FA	1	ランナーがいる場合、	주자 있으면、
0x1ED31E	11	FD	1	ぽうえ。ゴつリァＲねＥ	
0x1EDF1D	11	FF	1	ぴたいがぜを峨ぽペ）	
0x1EE28A	11	F883	1	Ｒ嘘ぜを峨ぽペ）や	
0x1EF5A6	11	FF	1	ぽうえ。ゴつリァＲねＩ	
0x1EF622	11	FF	1	ぽうえ。ゴつねァＲねＩ	
0x1F0232	11	FE	1	エ）し。ゴい年ＲくＧ	
0x1F07B6	11	FE	1	ぽうた。ゴつ念ＲねＥ	
0x1F18FE	11	FF	1	ア）あこァいびぃァおほ	
0x1F224A	11	FD	1	エ）し。ゴいリァＲくね	
0x1F24C6	11	FD	1	エ）し。ゴいリァＲくく	
0x1F37EE	11	F84F	1	アあぽみ』おぃた』おあ	
0x1F37FA	11	F84F	1	イあＭも』あＥた』ああ	
0x1F3E32	11	FD	1	エ）と。ゴいリァＲくみ	
0x1F456F	11	FF	1	甲ァＲ綾ふすいあペ	
0x1F4FAA	11	FD	1	エ）し。ゴい年Ｒくぃ	
0x1F56B2	11	FD	1	ぽうふ。ゴつ脳ＲねＥ	
0x1F709A	11	FF	1	ク）し。ゴい脳Ｒくっ	
0x1F7923	11	FD	1	菌ァＲ嘘ァＲ阿あ	
0x1F87FE	11	F880	1	…）ェあチ）あみば（さ	
0x1F8E72	11	FF	1	ぁ）たぜを峨ぜペ）た	
0x1F8F06	11	FF	1	アあＥたＹちたァＲねえ	
0x1F8F3A	11	FF	1	アあＥたＹちたァＲねグ	
0x1F9122	11	FF	1	ャたＩみＵちミァＲねか	
0x1F917E	11	FF	1	ャたＩたＵちミァＲねか	
0x1FA1E2	11	FF	1	ヂ）めー）おたペ）か	
0x1FB78A	11	FF	1	ョみおこァめぜぷＵゆく	
0x1FCB76	11	FF	1	ニ）あＵゲ（ぢえペ）か	
0x1FD342	11	FF	1	パなああァた」めズない	
0x1FF499	11	FA	1	ァたいたぜを峨ぜペ）	
0x2017CE	11	FC	1	と）いぜペちあぜペあい	
0x2030D3	11	F840	1	峨ミペ）あタペ）２る	
0x2063CA	11	F840	1	ペ）かたペ）おみペ）４	
0x2063FA	11	F880	1	Ｒ課ぜを峨ミペ）の	
0x2064A6	11	F880	1	ウ）かぜ…ＺえぃゲＵせ	
0x206752	11	FF	1	ォたペそァたＵぜペちペ	
0x206922	11	F84F	1	ペ）みそィ（ぜムペ）お	
0x207036	11	F880	1	Ｒ葦ぜを峨ぜペ）お	
0x20761A	11	F880	1	Ｒ葦ぜを峨ぜペ）え	
0x20773E	11	F840	1	カ）ズあプなザまュつい	
0x20793E	11	FD	1	ク）タそプなザまガつい	
0x207987	11	F88F	1	県ジＲ課ジＲ横き	
0x2079CB	11	F88F	1	県ジＲ課ジＲ宇あ	
0x207A17	11	F88F	1	県ジＲ課ジＲ娃う	
0x207A3F	11	F88F	1	県ジＲ課ジＲ欧う	
0x207B23	11	F88F	1	県ジＲ課ジＲ羽き	
0x20A61E	11	FF	1	プなかあズぬあタ。ぬい	
0x20B05E	11	FF	1	イ）かぃ、ＺうみゲＵせ	
0x20B0AE	11	FF	1	エ）かミ、ＺきぜゲＵせ	
0x20BB9F	11	F843	1	険ァペ）かたペ）ズ・	
0x20D506	11	FC	1	ア）えミペああミペてき	
0x20D7A9	11	FC	1	ァＲ嘘ぜを峨ぜペ）	
0x20DE56	11	FF	1	パなこあァたがツズない	
0x20E1EA	11	FF	1	ペ）あみペ）おぃペ）シ	
0x20E2B9	11	FD	1	ァＲ茨ヘたいリドたい	
0x210AE6	11	FA	1	ペ）かみペ）えぃペ）Ｐ	
0x210C1A	11	F88F	1	ペ）きたペ）５ぜ険	
0x210C32	11	F88F	1	ペ）きみペ）えぃペ）ネ	
0x212CF6	11	FF	1	ケ）ザそギつさみァたう	
0x214D76	11	F88F	1	Ｒ迂ニニニたぜを芽	
0x214EB3	11	FF	1	こけたペ）かみペ）ヒＺ	
0x214EC3	11	FF	1	却たペ）けみペ）ヌＺ	
0x214F5A	11	FF	1	あ（あァペうあタギ（み	
0x214F69	11	FF	1	ァペてかＥペ）あミァ（	
0x2151C7	11	FF	1	こさたペ）くみペ）４Ｙ	
0x2151DF	11	FF	1	虐たペ）きみペ）ペＹ	
0x2152B9	11	F84F	1	ペペ）あミペ）いタペ）	
0x21539F	11	FF	1	丘たペ）くみペ）ぃＹ	
0x21560A	11	FF	1	ペ）けたペ）えみペ）ゆ	
0x215C9A	11	F88F	1	Ｒ宴ばたいまッ垢ソ	
0x21619E	11	FF	1	ぁ）ぃＤたい（バたいヌ	
0x217372	11	FF	1	ペ）かみペ）えぃペ）Ｈ	
0x217392	11	FF	1	ペ）きみペ）こぃペ）９	
0x217A97	11	FF	1	Ｏ念Ｒ為Ｄたいねけ	
0x2180CB	11	FD	1	諺ァＲ育チこいあペ	
0x2193AA	11	FD	1	ペてくァＲ逢ぜを棋	
0x2193F2	11	FD	1	プおあたペうたたァおゲ	
0x219612	11	FF	1	ぁ）バＴたいくぜを峨	
0x219666	11	FF	1	ぁ）がぜを峨ぽペ）い	
0x21A3E6	11	F880	1	ぞ（ャあゲ・ャちゾ・き	
0x21AD6E	11	FF	1	プなＥたＵちくァＲ亜	
0x21C1EE	11	FA	1	エ）し。ゴい年Ｒく❤	
0x21C41A	11	FF	1	ぁ）たぜを峨ぜペ）Ｅ	
0x21C87E	11	FD	1	オうがァＲくろ媚険	
0x21F1B6	11	FF	1	ぽうえ。ゴつリァＲねＧ	
0x21FC9E	11	F88F	1	Ｒ嘘ドくいト２たいた	
0x2203BE	11	FD	1	クてきみペうくみペてか	
0x22138E	11	FF	1	デ阿ミペ）っ。ゴめき	
0x2227AE	11	FF	1	オ）え。ゴいリァＲくあ	
0x22407E	11	FD	1	ペうえねペ）むとァ）う	
0x2240B6	11	FD	1	ペうえねペ）むとァ）お	
0x224926	11	FF	1	ア）え。ゴいねァＲくふ	
0x2280C8	11	F855	1	そつなしそつなしそつな	
0x229108	11	FF	1	コあプぐ❤む（うコあー	
0x229328	11	FF	1	ソあヴウ／じ（うソあょ	
0x2293A9	11	FF	1	ヴくヴでン（うみヴァヲ	
0x22B02C	11	FF	1	盗塁をしっぱいする	도루에 실패한다
0x22B867	11	FA	1	アウトをひとつヒットに	아웃１ 안타
0x22B97D	11	FA	1	パネルが全てエラーに	패널 에러로
0x22BEA5	11	FA	1	エラーでない場合、	에러 아니면
0x22C029	11	F809	1	をのぞきﾋｯﾄが	제외 안타가
0x22D0A0	11	F8C0	1	たねあおしかあ禿ねい	
0x1ED156	10	FF	1	ぽうた。ゴつミァＲね	
0x1EE0EA	10	FF	1	Ｙ）たァＲ運席い	
0x1F0613	10	FD	1	原むァ（えたペ）こ	
0x1F267C	10	FD	1	たぜを峨ぜペ）ェベ	
0x1F420F	10	FF	1	甲ァＲ芋投原	
0x1F4277	10	FF	1	甲ァＲ威俄原	
0x1F465F	10	FF	1	ギふぃォおミァＲ娃	
0x1F50DC	10	FE	1	ミぜを峨タペ）ぐえ	
0x1F5BCA	10	F881	1	Ｒ迂ニニニ酉たい	
0x1F663B	10	FE	1	鯉ねペ）ぜやペ）そ	
0x1F795F	10	FD	1	菌ァＲ嘘ァＲ黄	
0x1F796B	10	FD	1	菌ァＲ嘘ァＲ沖	
0x1F7977	10	FD	1	菌ァＲ嘘ァＲ億	
0x1F81E3	10	FF	1	甲ァＲ央た」）か	
0x1FA0EA	10	FF	1	ぁ）ミぜを峨タペ）	
0x1FAF5F	10	FF	1	競ァＲ為ァＲ惟	
0x1FB5FA	10	FF	1	カ）こぜペＦあぽペＦ	
0x1FB98B	10	FF	1	はきたペ）こみペ）ボ	
0x1FC234	10	FF	1	トバすいび（すいあペ	
0x1FD7C7	10	F881	1	険ぜペ）かたペ）ボ	
0x1FFEE3	10	FD	1	ギいぽペぉうぽペもえ	
0x2001C4	10	FF	1	ねすいリ担いあペ	
0x2003F7	10	FF	1	険みペ）けたペ）ボ	
0x2004A3	10	F810	1	険ミペ）かみ！・か	
0x200764	10	F88F	1	と」すいズ×すいズぬ	
0x2008BB	10	FD	1	険ぽペ）おあォ（ズ	
0x20296C	10	F8C2	1	Ｙ／すいと」すいいＥ	
0x2039C6	10	F883	1	Ｒ課ぜを峨タペ）	
0x2057FF	10	FF	1	弦ァＲ逢ぜを駕	
0x2059E6	10	F88F	1	Ｒ迂ニニニヤばたい	
0x2092FA	10	FF	1	アてきたペてくほァな	
0x20A16A	10	F880	1	Ｒ嘉つさいヌニニニ	
0x20A1E2	10	F880	1	Ｒ珂ヒたいりフたい	
0x20B302	10	F880	1	エ）くぃペううぃペて	
0x20B362	10	F880	1	Ｒ課ぢを峨ズペ）	
0x20BD0A	10	F883	1	Ｒ圧ばたいヌニニニ	
0x20C5DA	10	F88F	1	Ｒ押ヒたいヌニニニ	
0x20E23E	10	F88F	1	Ｒ圧ばたいＵツたい	
0x20E3AA	10	F880	1	ア）あタペうおた』・	
0x210ACA	10	FF	1	ペ）かたペ）くみペ）	
0x211B13	10	FF	1	険ミペ）かたペ）。	
0x21207E	10	FF	1	ぁ）づムたいエぶうい	
0x21274F	10	FF	1	腔達険ぜペ）お	
0x212A22	10	F843	1	ペてあァペ）きたガ（	
0x212AC6	10	FE	1	ガたあたペてひたＵな	
0x214F9A	10	FF	1	ペ）けたペ）きみペ）	
0x215002	10	FF	1	ぽ）あズペうさズペち	
0x215087	10	FF	1	８えＥペ）おペペ）せ	
0x215116	10	FF	1	エ）あたペうえたゴお	
0x21656A	10	FF	1	ぁ）ぃＤたい（バたい	
0x21771F	10	FF	1	こかあ！・かちペ）あ	
0x2192B6	10	F883	1	Ｒ課ぢを我タペ）	
0x2199A6	10	FF	1	ぁ）荻たい（○たい	
0x219BCA	10	FF	1	ゼ・がァＲ嘉○たい	
0x21A56F	10	F883	1	県ェＲ課ェＲ亜	
0x21B866	10	FF	1	プなあたペてだたＵな	
0x220DAE	10	F883	1	Ｒ衣ぼたいねぼたい	
0x2211EA	10	FF	1	ペ）こたペ）いぃペ）	
0x222673	10	FF	1	阪ィＲ衣４たいペ	
0x226A23	10	FF	1	諺ァＲ課じさいこ	
0x227154	10	FF	1	ぃぅぇぉっゃゅょがぎ	
0x228EBC	10	F885	1	Ｍンたいタタたいかい	
0x22AD44	10	FF	1	えわえわえわしシしシ	
0x22AD50	10	FF	1	ぬぬゃゃウウミミャャ	
0x22ADC8	10	FF	1	ゥヌェカェッィサェヌ	
0x22ADE0	10	FF	1	ェクェヌェゲィサェヌ	
0x22ADEC	10	FF	1	ェクェガェぢェソィサ	
0x22ADF8	10	FF	1	ェクェぷェギェッィサ	
0x22AE04	10	FF	1	ゥヌェカェダェべィサ	
0x22AECC	10	FF	1	必ず四球になる	반드시 볼넷이 된다
0x22AEDC	10	FF	1	相手を四球に	상대를 볼넷으로
0x22AEEC	10	FF	1	気合が２５になる	기합이 ２５가 된다
0x22B120	10	FF	1	ピヨリポイントゼロに	휘청 포인트 ０으로
0x22B420	10	FF	1	フルカウントの時、	풀카운트일 때、
0x22B905	10	FA	1	必ず三振をとる	꼭 삼진
0x22B9CE	10	FA	1	全てファウルになる	전부 파울
0x22BE60	10	F809	1	より上の場合、	보다 위면、
0x22C060	10	FF	1	ザ７ダＣヂＢダＣィぜ	
0x22C07C	10	FF	1	グぢゴュジＶヂ鎚ぜ	
0x22C1C4	10	FF	1	ダＶザ駒べィサェネ	
0x22C576	10	F8B0	1	いあねすずみたりすう	
0x22D00A	10	F806	1	たいづかたいァかたい	
0x1EF138	9	FE	1	ミァＲ鴛タ」）お	
0x1EF154	9	FE	1	ミァＲ亜たペＨけ	
0x1F401C	9	FD	1	ゲオたいくぜを顔	
0x1F5553	9	FA	1	原タペ）かみペ）	
0x1F741D	9	FF	1	たペ）ヂうう（坑	
0x1F7D78	9	FF	1	ミぜを峨ぜペ）ぱ	
0x1F9A55	9	FA	1	くペ）みくペ）麓	
0x1F9A89	9	FA	1	くペ）みくペ）・ン	
0x1F9FDD	9	FF	1	くペ）みくペ）ゼヲ	
0x1FA011	9	FF	1	くペ）みくペ）ォヲ	
0x1FB089	9	F840	1	ぜペうあぜペてみル	
0x1FB67B	9	FF	1	桔タペェあタペダ	
0x1FB6F8	9	FF	1	おこァいよん。おあ	
0x200EFD	9	FF	1	ぽペうあぽペてェチ	
0x20109D	9	FF	1	ぽペうあぽペてひチ	
0x2012F9	9	FF	1	たペ）きみペ）エカ	
0x201319	9	FF	1	たペ）きみペ）ぢカ	
0x204F5D	9	FF	1	くペ）みくペ）Ｆア	
0x204F91	9	FF	1	くペ）みくペ）２ア	
0x205931	9	F84F	1	くペ）みリペ）柵	
0x2065C5	9	F84F	1	ズペ）あァペ）、ぼ	
0x20680D	9	F84F	1	ペペ）あタペ）ずぼ	
0x206821	9	F84F	1	ァペうあァペてぐぼ	
0x206F99	9	F840	1	ぽペうあぽペてシぶ	
0x207545	9	F840	1	タペうあタペて漂	
0x20A2A9	9	FF	1	たペ）ェいタ）き）	
0x20ABFD	9	F841	1	ァペ）あミペ）ぢぐ	
0x20AC11	9	F841	1	ぽペうあぽペてじぐ	
0x20B1DD	9	FF	1	ぜペうあぜペて＠が	
0x20C5F9	9	F84F	1	ぽペうあぽペてＹぉ	
0x20CCD9	9	FC	1	ペペ）あズペ）しぇ	
0x20CE91	9	FD	1	ぜペ）あズペ）ピぅ	
0x20D631	9	F840	1	ぜペうあぜペてＫぁ	
0x20E171	9	FC	1	ズペうあズペて・わ	
0x20E395	9	F880	1	ぽペうきぽペちスわ	
0x20FDDD	9	F800	1	タペうあタペて＠ゆ	
0x2102F9	9	F84F	1	タペうあタペてォや	
0x210CA1	9	FF	1	ぜペうあぜペてはめ	
0x21214D	9	FF	1	ぽペうあぽペて鍛	
0x2135FF	9	FE	1	険ズペ）こたペ）	
0x215625	9	FF	1	ミペ）あタペ）ユー	
0x215A15	9	F84F	1	ペペ）あズペ）ル＋	
0x21712B	9	FF	1	ぐ廼Ｒ為Ｄたい	
0x217781	9	FF	1	ぽペ）いタペ）ハき	
0x21B6E4	9	FF	1	たぜを峨ぜペ）ァ	
0x21BDB7	9	FF	1	はかたペ）きみペ）	
0x21D76B	9	FF	1	はさ誓婚ミー）	
0x21E470	9	FD	1	ミァＲ遠タ＋）お	
0x2221C8	9	FF	1	たぜを峨ぜペ）す	
0x225109	9	F84F	1	ペペ）えズペ）ブ。	
0x226F59	9	FF	1	ぽペうあぽペてフ○	
0x228698	9	F878	1	６シたいＥシたいそ	
0x229057	9	FF	1	ヴデヴうンァヲペヲ	
0x229097	9	FF	1	ヴデヴまれずちペヲ	
0x2290B7	9	FF	1	ヴデヴＢゃくむペヲ	
0x229137	9	FF	1	うＴいＢゃくむペヲ	
0x229389	9	FF	1	うヴウ／じ（うペい	
0x2293D7	9	FF	1	ヴデヴペいＵあペヲ	
0x22944D	9	FF	1	ワ（うＴごょねペワ	
0x22AE9C	9	FF	1	交代されにくい	
0x22AEAC	9	FF	1	リリーフされにくい	
0x22B671	9	FA	1	全てヒットになる	전부 안타
0x22B76B	9	FA	1	とべばヒットになる	날면 안타
0x22B9A7	9	FA	1	でなければヒットに	아님 안타
0x22CFB8	9	F8A8	1	ゃっぇぁろよみのぽ	
0x22D0CB	9	F8C0	1	えつさあ筒びきさ	
0x22D3F7	9	F81F	1	いりみたいぜみたい	
0x1EDEED	8	FF	1	ぺたいりぺたいた	
0x1EE056	8	FD	1	ペ）えたペ）ボア	
0x1EE2FE	8	FF	1	エ）ミァＲくグＡ	
0x1EE6AE	8	F881	1	ペ）かたペ）ず	
0x1EE912	8	F881	1	Ｒ迂ニニニキい	
0x1EF065	8	FF	1	（シ（ミァＲねね	
0x1F06AE	8	FF	1	ペ）えたペ）せみ	
0x1F0862	8	FD	1	ペ）きたペ）ポま	
0x1F0C5D	8	FF	1	（シ（ミァＲねと	
0x1F4712	8	FF	1	ペ）おたペ）２ガ	
0x1F4805	8	FE	1	たペてねたＵなほ	
0x1F48AD	8	FF	1	たペ１ＥたＵポほ	
0x1F48C5	8	FF	1	たペうのたＵおほ	
0x1F5BE1	8	F84F	1	ペペ）えぽペ）と	
0x1F6569	8	FF	1	覆ズたァＲ葵	
0x1F675E	8	F843	1	ペ）おタペうツず	
0x1F70FD	8	FD	1	たペもＥにＵむほ	
0x1F8529	8	F853	1	ミペダボぅよ（さ	
0x1F89E5	8	FF	1	たペ１Ｊたォポえ	
0x1FA391	8	FF	1	そペ）ペそＥ）う	
0x1FA6B9	8	FF	1	ぽペもみぃィぇし	
0x1FA889	8	FF	1	ぃペも委ゥぇし	
0x1FAF21	8	FF	1	ぽペ）いぜペ）し	
0x1FB80A	8	F84F	1	ペ）えたペ）もリ	
0x1FB9DD	8	F887	1	ぽペ）あちゾ・え	
0x1FBCDE	8	FD	1	ペ）えたペ）ソじ	
0x1FBE06	8	FF	1	ペ）えたペ）ょじ	
0x1FBE62	8	FF	1	ペ）えたペ）みじ	
0x1FBF9A	8	FF	1	ペ）おたペ）Ｅざ	
0x1FC29E	8	F88F	1	ペ）おたペ）Ｂハ	
0x1FC2AE	8	F88F	1	ペ）おみペ）ぼハ	
0x1FC2F2	8	FF	1	ペ）さたペ）ゥハ	
0x1FC302	8	FF	1	ペ）おたペ）ペハ	
0x1FC34A	8	FF	1	ペ）えたペ）ザハ	
0x1FCD2D	8	F9	1	いプおＪまャいい	
0x1FDE25	8	FB	1	覆ズがァＲ愛	
0x1FF0B1	8	FF	1	覆ズがァＲ娃	
0x20028E	8	FD	1	ペ）さたペ）ウコ	
0x2002B2	8	FD	1	ペ）さたペ）Ｉコ	
0x2004AE	8	F810	1	ペ）きたペ）＠ケ	
0x2004C6	8	F810	1	ペ）きたペ）ぁコ	
0x201352	8	FF	1	ペ）かたペ）ァカ	
0x201362	8	FF	1	ペ）かみペ）ほカ	
0x2013BE	8	FF	1	ペ）おたペ）ムカ	
0x20143E	8	FF	1	ペ）おたペ）アカ	
0x20173D	8	FC	1	タペ）いぽペ）え	
0x201AA5	8	FF	1	ぽペ）あぃペ）あ	
0x201BF2	8	FF	1	ペ）ぇ鍵呼う	
0x201F0A	8	FD	1	ペ）Ａ准喉い	
0x201F8E	8	FD	1	ペ）ぃ誓互い	
0x201F9A	8	FD	1	ペ）カ脱顧い	
0x202BD5	8	FF	1	たペ）いぃペ）お	
0x203171	8	FF	1	ぽペ）おた」・か	
0x2033DD	8	FF	1	ァペ）けた～・け	
0x203516	8	FF	1	ペ）かぃペ）んイ	
0x203776	8	FF	1	ペ）えたペ）ェぴ	
0x20388E	8	FE	1	ペ）えたペ）でぴ	
0x2054CA	8	FD	1	ペ）きたペ）ペぺ	
0x2054DE	8	FD	1	ペ）きたペ）ベぺ	
0x2054F6	8	FD	1	ペ）えたペ）ヅぺ	
0x205A36	8	F880	1	ペ）おたペ）』だ	
0x206278	8	F84F	1	あタペ）いぜペ）	
0x20634A	8	FF	1	ペ）こたペ）２ぞ	
0x2064E2	8	F880	1	ペうがァＲくロて	
0x206E4A	8	FB	1	ペＨミァＲ遠ぶ	
0x20737D	8	F843	1	ァペ）あミペ）か	
0x2074BA	8	FF	1	ペ）けぜ、・ゼご	
0x207702	8	FF	1	ペ）がァＲ意え	
0x208662	8	FF	1	ペ）あみペ）ジき	
0x209969	8	FF	1	たＸＪあぜォＧあ	
0x209B4D	8	F88F	1	たＵＪあぜォＧあ	
0x20A51E	8	F88F	1	ペ）おみペ）・ご	
0x20A77A	8	FF	1	ぁ）くぜを穫げ	
0x20ABE5	8	F883	1	たペもＥのＵむほ	
0x20B41E	8	FF	1	ペ）えムゼ・ハわ	
0x20BB96	8	F843	1	ペ）かたペ）デわ	
0x20C615	8	F84F	1	タペていたペ）ィ	
0x20C709	8	FF	1	ズぶ（とズぶいう	
0x20CE1A	8	FC	1	ペ）きぃペ）ソぼ	
0x20D5F6	8	FF	1	ペ）念Ｒ意え	
0x20D6D5	8	F880	1	ぃペてうぅゾ・ョ	
0x20E065	8	FC	1	ァＲ逢ぜを我	
0x20E075	8	FC	1	みペ）Ｋざ顕	
0x20E2A9	8	F88F	1	あゼぬくァＲねく	
0x20E33E	8	F880	1	ペ）おたペ）ビめ	
0x20EC7D	8	F84F	1	アデ・ァむグ（え	
0x2101F1	8	FF	1	ァペ）いタＥ）ね	
0x210922	8	FF	1	ペ）さたペ）姐	
0x2113FA	8	FF	1	ペてえたペ）ブ、	
0x211AED	8	FC	1	ぽペ）いぜペ）す	
0x212169	8	FF	1	タペてかた」・お	
0x2121AE	8	FB	1	ペぉ念Ｒが・ふ	
0x21249E	8	FF	1	ペ）かたペ）ぞつ	
0x2124B6	8	FF	1	ペ）さたペ）ぽた	
0x2124C5	8	FF	1	タガなあミペてか	
0x21253E	8	FF	1	ペ）かたペ）のつ	
0x2127C6	8	FF	1	ペ）うァペ）ラち	
0x212B52	8	FF	1	ペ）さたペ）ホそ	
0x212B61	8	FF	1	ミョなあぽペてま	
0x212B91	8	FF	1	ミョなあぽペてて	
0x2131EE	8	FF	1	ペ）おたペ）初	
0x213535	8	F88F	1	ぽペ）いァペ）し	
0x213FA6	8	FF	1	ペ）いぃペ）メう	
0x21437A	8	FF	1	ィ（ダメむ（ぽな	
0x214E8E	8	FF	1	ペ）かたペ）ヒ！	
0x2154D1	8	FF	1	たペてきみギ（え	
0x2155A1	8	FF	1	タあい。た「）あ	
0x215715	8	FF	1	タペ）あぽペ）あ	
0x216581	8	FF	1	そペ）みそペ）ほ	
0x216591	8	FF	1	せペ）みそペ）ほ	
0x2165A1	8	FF	1	しペ）みせペ）ほ	
0x2165B9	8	FF	1	せペあみせペ）ほ	
0x2165D9	8	FF	1	せペ）みせペ）ほ	
0x2166DD	8	FD	1	しペ）みせイ）あ	
0x2169F1	8	FF	1	タペ）あぽペ）Ｐ	
0x217489	8	FF	1	タペうヤタズなえ	
0x218265	8	FF	1	覆ズがァＲ渥	
0x218DDD	8	FD	1	くペ）みねペ）う	
0x219062	8	FF	1	ペ）かみペ）にい	
0x21937E	8	FF	1	ぁ）くぜを掛さ	
0x21A425	8	FC	1	ぜＥ）しみぢ（び	
0x21A461	8	FC	1	きィ（ゆりペ）し	
0x21B6DA	8	FF	1	ぁ）ぜをさい（た	
0x21BEB5	8	FD	1	くペ）みくペ）き	
0x21E349	8	FF	1	Ｕエ（ミァＲねと	
0x21E59C	8	FE	1	ミァＲ迂ニニニ	
0x220C71	8	FC	1	くペ）みねＥ）え	
0x220DD1	8	FF	1	ぽペ）くミペぉえ	
0x220E21	8	FC	1	くペ）みネペ）て	
0x220E49	8	FC	1	くペ）みびペ）く	
0x221385	8	FF	1	ズペ）いぜペ）き	
0x22212E	8	FC	1	ペ）おたペ）ヌ９	
0x2225B2	8	FF	1	ぽ）あぽッつぜ	
0x22344D	8	FC	1	ぅデ・いちゥ（く	
0x2234B5	8	FD	1	Ｖド・いぅゥ（さ	
0x2235C6	8	FC	1	ペ）かたペ）ぞ４	
0x223878	8	FC	1	ペ７たいク５たい	
0x223884	8	FF	1	がぜを峨ぽペ）	
0x223A4A	8	FF	1	ＺあがァＲくズー	
0x224892	8	F883	1	Ｒ沖ほたいキい	
0x225DA2	8	FC	1	ペ）かたペ）べボ	
0x22642C	8	FF	1	がぜを鞠あ。）	
0x226CDD	8	FF	1	ァＲ嘘ドくいた	
0x2270F4	8	FF	1	つつないあしさす	
0x227F78	8	F855	1	Ｑび誌Ｑク次	
0x228020	8	F855	1	❤ほすいズほすい	
0x228B50	8	F891	1	ァンたいみヴたい	
0x228E68	8	F885	1	ＥタたいＥトたい	
0x2290CB	8	FF	1	ヴヘヴ（うソあょ	
0x2293EB	8	FF	1	きＴい（うソあょ	
0x229428	8	FF	1	みヲぜヲペワ（う	
0x22AA5C	8	FF	1	ェネェゴェツェヨ	
0x22AAA4	8	FF	1	前進守備	
0x22AAB0	8	FF	1	後退守備	
0x22AC60	8	FF	1	ェヤェびィサェぷ	
0x22AC6C	8	FF	1	ェカェダェべィサ	
0x22AC90	8	FF	1	ェカェッィサェヌ	
0x22ACE4	8	FF	1	ェノェツェぷェグ	
0x22B511	8	FA	1	しかけにくくなる	어려워져
0x22B531	8	FA	1	しかけやすくなる	쉬워진다
0x22B6B7	8	FA	1	三振を取る	삼진획득
0x22BAA8	8	FF	1	三塁ではなく	３루가 아니라
0x22BC68	8	FF	1	守備パネルの	수비 패널의
0x22BFE3	8	F809	1	なしの場合）	없을 때）
0x22D410	8	F81F	1	うあい蕃がえあ	
0x1ECCB3	7	F881	1	険ぜペ）ょ４	
0x1ECE2E	7	FF	1	ア）やぃァおほ	
0x1ECF7A	7	FD	1	プおあアズ・け	
0x1ECFDA	7	FD	1	ぽうがァＲねＥ	
0x1ED2BE	7	F800	1	プおあぞズ・け	
0x1ED7D3	7	FF	1	険ぜペ）カＤ	
0x1ED90B	7	FE	1	険ぜペ）む１	
0x1EDD13	7	FE	1	険ぜペ）ま０	
0x1EE2A5	7	F883	1	タペうあタペて	
0x1EE33F	7	FF	1	ＯミァＲ咽い	
0x1EE902	7	F881	1	ペ）おたペ）ソ	
0x1EEC4F	7	FD	1	険ぽペ）ょ８	
0x1EEDC6	7	FD	1	ぽうがァＲねＧ	
0x1EFE1E	7	F840	1	イ）いぃペてあ	
0x1F02AB	7	FE	1	険タペ）Ｎバ	
0x1F0432	7	FF	1	ア）みぃァおほ	
0x1F06EF	7	FE	1	険ミペ）６ド	
0x1F0753	7	FE	1	険ミペ）ジド	
0x1F08A3	7	FE	1	険タペ）げド	
0x1F10EB	7	FD	1	険タペ）るヅ	
0x1F1537	7	F9	1	弦ァＲ印た	
0x1F1D22	7	FD	1	ＹおたァＲ哀	
0x1F2867	7	FD	1	弦ァＲ因い	
0x1F2C42	7	FF	1	ア）っぃァおほ	
0x1F31B7	7	FF	1	険ぜペ）×バ	
0x1F32F7	7	FE	1	険ぜペ）ゴバ	
0x1F3383	7	FF	1	険ぜペ）ハバ	
0x1F380E	7	F84F	1	アあＱう』あう	
0x1F413F	7	FF	1	甲ァＲ夷う	
0x1F41A7	7	FF	1	甲ァＲ茨１	
0x1F42DF	7	FF	1	甲ァＲ億）	
0x1F474A	7	FF	1	ＹなミァＲねえ	
0x1F4A02	7	FD	1	ＹなたァＲ亜	
0x1F4A7A	7	FD	1	ＹなたァＲ唖	
0x1F4B16	7	FD	1	ＹなたァＲ遠	
0x1F5087	7	FE	1	険タペ）だッ	
0x1F5493	7	FD	1	険ァペ）ずォ	
0x1F57D7	7	FE	1	険ぽペ）ホェ	
0x1F59FD	7	F841	1	ぽエ（し。ゴつ	
0x1F5AC6	7	FF	1	イ）あタペあい	
0x1F5EA7	7	FC	1	険タペ）Ｏィ	
0x1F6953	7	FD	1	阪ィＲ意え	
0x1F6C76	7	FF	1	ペう委ゥつし	
0x1F7D6B	7	FF	1	ＯミァＲ唖ペ	
0x1F7E4E	7	FF	1	ぽてミァＲくぱ	
0x1F8447	7	FF	1	甲ァＲ因い	
0x1F855E	7	F880	1	カ）したゥつう	
0x1F858A	7	F880	1	Ｒ哀あッ（エ	
0x1F85C6	7	F880	1	カ）さたゥつう	
0x1F863A	7	F880	1	ぽ）したゥＷき	
0x1F8B22	7	FF	1	ゥ）がァＲ茜	
0x1F8C76	7	FF	1	ィ）がァＲ茜	
0x1F8D66	7	FF	1	エ）あぽペうぱ	
0x1F932E	7	FD	1	ペ）おたペ）ず	
0x1F9366	7	FD	1	ＹおがァＲくト	
0x1F9396	7	FF	1	ＹおがァＲくっ	
0x1F98A2	7	FF	1	ペ）おみペ）ニ	
0x1FA6E2	7	FF	1	ぽうあぜペうえ	
0x1FA7C6	7	FF	1	Ｕうく。ゴいみ	
0x1FA7CE	7	FF	1	ャお念Ｒくし	
0x1FA892	7	FF	1	ペぉボぃもぃか	
0x1FA942	7	FF	1	ォおたァＲくし	
0x1FB023	7	FD	1	檎ァＲ迦う	
0x1FB063	7	FD	1	檎ァＲ梓ペ	
0x1FB07B	7	F840	1	峨タペ）やル	
0x1FB7AF	7	FE	1	阪ィＲ斡ペ	
0x1FC03F	7	FF	1	弦ァＲ丑ヌ	
0x1FC22B	7	FF	1	ＯミァＲ丑ヌ	
0x1FD1E3	7	FD	1	険ぜペ）ッょ	
0x1FE23B	7	F9	1	檎ァＲ俄い	
0x1FF1C3	7	F9	1	檎ァＲ盈ぬ	
0x1FFDB6	7	FD	1	ペうぱうィおえ	
0x1FFDCE	7	FD	1	ペてぱうィなけ	
0x1FFEDA	7	FD	1	ぽ）あぽペェあ	
0x1FFFE3	7	FD	1	諺ァＲ阿Ｅ	
0x2007A7	7	FD	1	諺ァＲ詠ぬ	
0x200843	7	FD	1	険ぽペ）るト	
0x20092F	7	FD	1	檎ァＲ旭く	
0x200947	7	FD	1	檎ァＲ穐う	
0x200E32	7	FF	1	ペ）いたャ（へ	
0x201A67	7	FF	1	鷺ァＲ阿Ｅ	
0x20271A	7	FD	1	ペ）４媚厚	
0x20277E	7	FD	1	ペ）のぜ吾	
0x20278A	7	FD	1	ペ）にぜ伍	
0x203062	7	FF	1	ペ）えたペ）ね	
0x2031A6	7	F9	1	ペうえ。ゴいＦ	
0x20548A	7	FD	1	オ）念Ｒくお	
0x205656	7	FF	1	キ）念Ｒくく	
0x2056CF	7	FF	1	Ｏ念Ｒ俄ヴ	
0x2057EA	7	FF	1	ぁ）くぜを臥	
0x205837	7	FF	1	弦ァＲ姶Ｅ	
0x2058BA	7	F84F	1	ペ）えたペ）う	
0x2058CA	7	F84F	1	４哀ぽペ）う	
0x205AAE	7	F880	1	ザ挨あボ・ァ	
0x205AD2	7	F880	1	ペう年Ｒくか	
0x20628F	7	F84F	1	険ぽペ）Ｕぜ	
0x2064CA	7	F880	1	ウ）えぃゲＵせ	
0x2064D5	7	F880	1	ぃペ「あぃペＸ	
0x2066E6	7	FF	1	ぽ）こぜォいう	
0x206902	7	F84F	1	ア）ュミペィえ	
0x206A67	7	F840	1	峨タペ）７べ	
0x206D9E	7	FF	1	ペＨミァＲ愛	
0x206EBE	7	FB	1	ペＨミァＲ亜	
0x206F87	7	F840	1	峨ぜペ）チぶ	
0x207533	7	F840	1	峨ぽペ）く	
0x20797E	7	F88F	1	Ｒ課ジＲ閏	
0x2079DB	7	F88F	1	県ジＲ液あ	
0x207A53	7	F88F	1	県ジＲ栄い	
0x207AB3	7	F88F	1	県ジＲ往お	
0x207ADF	7	F88F	1	県ジＲ扱か	
0x207B03	7	F88F	1	県ジＲ苛か	
0x207B33	7	F88F	1	県ジＲ沿き	
0x207F72	7	F88F	1	Ｒねおたガ（え	
0x2080E6	7	F88F	1	ペ）ぴ 険	
0x208612	7	F88F	1	ペ）いぜ険	
0x2087FA	7	F88F	1	ペ）ョぜ険	
0x2088BA	7	F88F	1	ペ）クぜ険	
0x20A08A	7	F88F	1	ア）あぽペうお	
0x20B0D2	7	FF	1	エ）きぜッＵか	
0x20B0DD	7	FF	1	ぜペ「あぜペＸ	
0x20B0EA	7	FF	1	ペう念Ｒくし	
0x20B3BB	7	FF	1	険タペ）エが	
0x20B595	7	F883	1	ぜペ）おぃペ）	
0x20C571	7	F88F	1	みペうあみペて	
0x20CB3A	7	FF	1	ぁ）くぜを我	
0x20CD09	7	FC	1	たギ（のぽペう	
0x20D3BB	7	FF	1	檎ァＲ印ぃ	
0x20D516	7	FC	1	プなザまョつい	
0x20D672	7	F825	1	プなザまュつい	
0x20DBEA	7	FF	1	ペ）えたペ）ざ	
0x20DE3E	7	FF	1	コ）ごズペ１ま	
0x20DF2D	7	FC	1	たペ）けみペ）	
0x20E1DA	7	FF	1	ぽ）あぃペうき	
0x20E221	7	FF	1	たペ）いみッ（	
0x20E9FE	7	FF	1	ア）あミペェぷ	
0x20EA92	7	FD	1	ぽ「あミペ「る	
0x20EADA	7	FD	1	ア）あミペＨぬ	
0x20F4C5	7	F84F	1	アベ・ァチィ（	
0x20F89A	7	FF	1	ぽ）あペペうい	
0x20FFFA	7	FF	1	イ）あたペダく	
0x21020D	7	FF	1	ぜペてうぽペ）	
0x210343	7	F84F	1	険ァペ）メや	
0x21068F	7	FF	1	険ぜペ）５も	
0x2107CA	7	FF	1	ペ）かみペ）ェ	
0x21080B	7	FF	1	険ペペ）びも	
0x210D19	7	FF	1	ぽペうあぽペて	
0x21130B	7	FF	1	険タペ）ァみ	
0x211336	7	F802	1	プおえタズおし	
0x2113DF	7	FF	1	険ぜペ）ぼみ	
0x2116CA	7	FD	1	ァいぅせペてゃ	
0x211802	7	F821	1	ぽ）と。ゴいあ	
0x21180A	7	F821	1	ペうねァＲくう	
0x211DAA	7	FF	1	ペうたァＲくえ	
0x211E9E	7	FF	1	タ）あぃペてダ	
0x212091	7	F840	1	ミペ）いぽペ）	
0x21211E	7	FF	1	エ）がァＲくあ	
0x2124A7	7	FF	1	険ぽペ）ぷた	
0x212547	7	FF	1	険ぽペ）やた	
0x212606	7	FF	1	ペう脳Ｒくこ	
0x212627	7	FF	1	険ぜペ）石	
0x2126CE	7	FF	1	ペ）パ達顕	
0x21272E	7	FF	1	ペ）けたペ）ぼ	
0x21275A	7	FF	1	ペ）レ達険	
0x212816	7	FF	1	ペち脳Ｒねお	
0x2128CA	7	FC	1	ペ）さ達験	
0x212973	7	FE	1	険ミペ）のそ	
0x2129A6	7	FE	1	ペ）Ｖ製険	
0x2129AE	7	FE	1	ク）あタペＸか	
0x212D3E	7	FE	1	ウうあミュつあ	
0x21307A	7	F88F	1	ペ）けたペ）ド	
0x2133F5	7	FF	1	たド）あミペて	
0x214DE6	7	F88F	1	ぽてうＵペちく	
0x2150F9	7	F88F	1	ペペ）あぽペ）	
0x215396	7	FF	1	ィ（おあォ・お	
0x2154BA	7	FF	1	イ）あたペうう	
0x2155EA	7	FF	1	ぽ）あぜペぉテ	
0x2157CA	7	FF	1	キ）あペペうテ	
0x215856	7	FF	1	ペ）おたペ）あ	
0x21588A	7	FF	1	キ）けたャ（あ	
0x2158A2	7	FF	1	ア）あァペＸテ	
0x2158F2	7	FF	1	ペ）おたペ）い	
0x2159AA	7	FF	1	プなザまャつい	
0x2159F5	7	FF	1	えペ）えくァ）	
0x216A5E	7	FD	1	ペうミァＲ哀	
0x216AB2	7	FC	1	ペうミァＲ亜	
0x216AEA	7	FD	1	ァつたァＲねえ	
0x216B7A	7	FD	1	ペうたァＲ域	
0x216BCE	7	FC	1	ペうたァＲ亜	
0x216C46	7	FC	1	ペ）あてェ（ぺ	
0x2172AA	7	FF	1	ペうミァＲくき	
0x21751E	7	FC	1	カ）あぽペェぜ	
0x217566	7	FC	1	カ）あぽペェん	
0x2175A6	7	FC	1	カ）あぽペェほ	
0x2175EA	7	FF	1	ア）あぽペもか	
0x217626	7	FF	1	カ）あぽペもあ	
0x2176A1	7	FF	1	ミペうヤミズな	
0x2179A7	7	FF	1	原たペ） 	
0x2179EB	7	FF	1	原たペ）ご	
0x217B5E	7	FF	1	Ｊ哀タペ）そ	
0x218256	7	FF	1	ア）がァＲ亜	
0x2184FF	7	FD	1	檎ァＲ暇ら	
0x21885B	7	FF	1	檎ァＲ旺す	
0x218A1A	7	FF	1	オてがァＲくい	
0x218B0B	7	FD	1	檎ァＲ浦う	
0x218B17	7	FD	1	檎ァＲ斡ペ	
0x218FD2	7	FD	1	ペＸがァＲ亜	
0x219512	7	FF	1	ぁ）ペＴたいえ	
0x219636	7	FC	1	ペ）搭ゼ）ほ	
0x21963E	7	FF	1	ぁ）！ばたいう	
0x21964A	7	FF	1	ァ（いぃペＶう	
0x219676	7	FF	1	ペぉがァＲがら	
0x21967F	7	FF	1	狐しペ）ラ０	
0x2196BE	7	FC	1	でめがァＲ俄	
0x219BAA	7	FC	1	ダ・えたペ）げ	
0x21A09A	7	FF	1	ぁ）たァＲ圧	
0x21A0C2	7	FF	1	ぁ）たァＲ姐	
0x21A0EA	7	FF	1	ぁ）たァＲ葦	
0x21A112	7	FF	1	ぁ）たァＲ悪	
0x21A13A	7	FF	1	ぁ）たァＲ袷	
0x21A162	7	FF	1	ぁ）たァＲ綾	
0x21A18A	7	FF	1	ぁ）たァＲ暗	
0x21A1B2	7	FF	1	ぁ）たァＲ唖	
0x21A1E2	7	FF	1	ぁ）たァＲ娃	
0x21A252	7	FF	1	ぽてたァＲくね	
0x21A292	7	FF	1	ＷなくァＲねぜ	
0x21A37A	7	FF	1	ペうたァＲくサ	
0x21A661	7	F883	1	ぃダおァぃプな	
0x21B9CD	7	FF	1	ぽペ）ィしタ）	
0x21BA4E	7	FF	1	ペ）えたペ）で	
0x21BA69	7	FF	1	ミペ）いぜペ）	
0x21BEAD	7	FD	1	しペ）みくィ（	
0x21BF79	7	FB	1	ぜ険ぜペ）	
0x21C4FA	7	FC	1	Ｙ）すぜ険	
0x21C716	7	FF	1	Ｙ）ャ媚険	
0x21C8AD	7	FD	1	ビそいＹブたい	
0x21DF5B	7	FF	1	険タペ）ゴ）	
0x21E13F	7	FF	1	険ミペ）と）	
0x21EF47	7	FF	1	険ぽペ）ゾ×	
0x21F597	7	FF	1	鷺ェＲ因い	
0x21F8CF	7	FF	1	険ぜペ）ぬ・	
0x21F9DF	7	FF	1	険ぽペ）週	
0x21FB07	7	FF	1	険ぜペ）ガ・	
0x21FDE3	7	FF	1	険タペ）採	
0x2201F2	7	FF	1	ペもえたィ（え	
0x220247	7	FF	1	Ｏ念Ｒ嘉た	
0x220396	7	FD	1	ク）さみペあけ	
0x2203AE	7	FD	1	クうかみペうう	
0x220AFA	7	FF	1	ゲ逢ぽペぉえ	
0x220F25	7	FF	1	Ｅペ）くぜペぉ	
0x22139A	7	FF	1	ッ箇ェＲりけ	
0x221695	7	FD	1	ァＲ瓜しい	
0x222307	7	FF	1	甲ァＲ韻❤	
0x2224AE	7	FF	1	ぁ）リムそい！	
0x2224B6	7	FA	1	そいくぜを玩	
0x222562	7	FD	1	ぽ）おちャたや	
0x222CD6	7	F80F	1	ア）バぃァおほ	
0x223697	7	FF	1	険ぜペ）ヲ？	
0x2236D7	7	FF	1	険ぜペ）ヘ？	
0x223A16	7	FF	1	ペてァみォ（Ｉ	
0x224242	7	F84F	1	ぽ）ザみ』おヂ	
0x22424E	7	F84F	1	ぽあヅた』おズ	
0x224266	7	F84F	1	アあＥい』あう	
0x22426E	7	F84F	1	ぽあＧい』あい	
0x2249C2	7	FF	1	ア）づぃァおほ	
0x224B6E	7	FC	1	ＹおたァＲくか	
0x224BAE	7	FC	1	ＸらたァＲ遠	
0x22514E	7	FF	1	ぽ）れた』おね	
0x22515A	7	FF	1	アあろた』おの	
0x2253DB	7	FF	1	険ぜペ）ぱ。	
0x2256F2	7	FF	1	エ）がァＲくた	
0x2257A3	7	F880	1	鷺ァＲ永い	
0x225842	7	FF	1	ア）ぱぃァおほ	
0x22621A	7	FF	1	ア）だた』おに	
0x226226	7	FF	1	アあぢた』おぬ	
0x226A46	7	FF	1	ア）ねぃァおほ	
0x2270BA	7	FF	1	ア）くぃァおほ	
0x2270E0	7	FF	1	いえあうあうえ	
0x2270FF	7	FF	1	しけしせせちち	
0x22744E	7	FF	1	あいいいいうい	
0x227ACE	7	F8B0	1	うあいかネＥバ	
0x227C8A	7	F8B0	1	うあいおネＥバ	
0x227E27	7	F8B0	1	ぽリねういあう	
0x228688	7	F878	1	ざじだぜずぢで	
0x228690	7	F878	1	ざじでぢずぜだ	
0x2294E1	7	FF	1	ィたい念たい	
0x22A6B4	7	FF	1	ねみひもケガ○	
0x22A940	7	FF	1	きかおえういあ	
0x22AAD4	7	FF	1	トトトトどぇほ	
0x22AB95	7	FF	1	こおおとほとこ	
0x22AF88	7	FF	1	ピヨリポイント	휘청 포인트
0x22B118	7	FF	1	ピヨリ解除	휘청 해제
0x22B380	7	FF	1	きかくけこさえ	
0x22B940	7	FF	1	このイニングは	이 이닝은
0x22C566	7	F8B0	1	あうしうざたび	
0x1ECE1F	6	FF	1	ギとぃァおほ	
0x1ECEF3	6	FF	1	源あァ（け	
0x1ECF0B	6	FF	1	はえぽペ）と	
0x1EE10F	6	F843	1	元ちァ（ね	
0x1EE5C3	6	FE	1	険ミＥ）ぅ	
0x1EE6A2	6	FD	1	エあし。ゴい	
0x1EE85B	6	FF	1	険タＥ）め	
0x1EFB8B	6	FE	1	桔たペＨけ	
0x1EFC87	6	FE	1	恵タ＋）お	
0x1F0513	6	FD	1	原ちァ（と	
0x1F16E7	6	FD	1	諺ァＲ圧	
0x1F19EF	6	FD	1	弦ァＲ葦	
0x1F20DF	6	FF	1	険ぽＥ）カ	
0x1F25AF	6	FD	1	諺ァＲ威	
0x1F3806	6	F84F	1	イあＯて』あ	
0x1F4014	6	FD	1	がちすいキい	
0x1F44EB	6	FF	1	甲ァＲ泳	
0x1F4580	6	FF	1	６ひすいうＥ	
0x1F57A7	6	FE	1	型た」）と	
0x1F5AEB	6	FF	1	坤ミ！）お	
0x1F5B36	6	FD	1	キ）し。ゴつ	
0x1F6573	6	FF	1	吸ァＲ葵	
0x1F65AF	6	FF	1	こたァＲ斡	
0x1F65CF	6	FF	1	こたァＲ姐	
0x1F6677	6	FF	1	諺ァＲ逢	
0x1F684F	6	FE	1	鷺ェＲ亜	
0x1F69BB	6	FF	1	諺ァＲ援	
0x1F69C7	6	FF	1	諺ァＲ円	
0x1F69D3	6	FF	1	諺ァＲ壱	
0x1F6A3B	6	FF	1	諺ァＲ依	
0x1F6A47	6	FF	1	諺ァＲ暗	
0x1F72BB	6	FF	1	些お」）あ	
0x1F7473	6	FF	1	些な』）し	
0x1F78A3	6	FD	1	些お』）あ	
0x1F792F	6	FD	1	菌ァＲ茄	
0x1F7943	6	FD	1	甲ァＲ姐	
0x1F798B	6	FD	1	こミァＲ鮎	
0x1F7997	6	FD	1	こミァＲ亜	
0x1F7A2F	6	FF	1	恵ぃＺ）ぱ	
0x1F7CBB	6	FF	1	甲ァＲ壱	
0x1F7ECA	6	FD	1	」）ぱたヂお	
0x1F842F	6	FF	1	甲ァＲ葦	
0x1F84CF	6	F840	1	峨ぽペ）ぱ	
0x1F85BF	6	F880	1	はいたァ（あ	
0x1F85D3	6	F880	1	はえあッ（エ	
0x1F86B3	6	FF	1	ブえたぜ（さ	
0x1F876B	6	FF	1	鷺ァＲ央	
0x1F87DA	6	F880	1	ォ（あＵペェ	
0x1F8836	6	F880	1	ク）したッつ	
0x1F885F	6	F880	1	はおたュ（あ	
0x1F8866	6	F880	1	ク）さたッつ	
0x1F89AF	6	FF	1	阪ィＲ茜	
0x1F8A43	6	FF	1	阪ィＲ央	
0x1F8A8B	6	FF	1	競ァＲ萎	
0x1F8BC7	6	FF	1	競ァＲ井	
0x1F8CE3	6	FF	1	檎ァＲ亜	
0x1F8DBA	6	FF	1	ぽてミァＲく	
0x1F8DF7	6	FF	1	険みペ）ぱ	
0x1F8F47	6	FF	1	諺ァＲ価	
0x1F918F	6	FF	1	甲ァＲ茨	
0x1F91BF	6	FF	1	こミァＲ挨	
0x1F92EB	6	FA	1	こがァＲ寡	
0x1F9337	6	FF	1	檎ァＲ宴	
0x1F9353	6	FD	1	こがァＲ穐	
0x1F9383	6	FF	1	檎ァＲ穐	
0x1F98D7	6	FF	1	は東＋）か	
0x1FA43F	6	FF	1	菌ァＲ引	
0x1FA44B	6	FF	1	菌ァＲ亜	
0x1FA6C2	6	FF	1	ペぉヂぃゆぃ	
0x1FAD13	6	FF	1	険ぜペ）さ	
0x1FAF7F	6	FF	1	こがァＲ唖	
0x1FAF8F	6	FF	1	こがァＲ哀	
0x1FB04F	6	FD	1	檎ァＲ逢	
0x1FB913	6	F88F	1	険ミＥ）あ	
0x1FB91A	6	F88F	1	ペうきみョ（	
0x1FBC2F	6	FD	1	元たペ）ボ	
0x1FBD22	6	FD	1	ド）えたペ）	
0x1FC09F	6	FD	1	艮鍵鴻	
0x1FC0AB	6	FD	1	険みペ）ズ	
0x1FC0F7	6	FD	1	は！俄険	
0x1FC0FF	6	FD	1	軒俄合	
0x1FC10B	6	F9	1	険みペ）ヂ	
0x1FC163	6	F9	1	険みペ）バ	
0x1FC2FB	6	FF	1	険ぽペ）け	
0x1FC9AB	6	F88F	1	こたァＲ唖	
0x1FCF5F	6	FA	1	険ぜＥ）の	
0x1FD847	6	FD	1	幻たペ）ボ	
0x1FE19B	6	FD	1	檎ァＲ円	
0x1FE417	6	F9	1	諺ァＲ唖	
0x1FE48B	6	FF	1	諺ァＲ焔	
0x1FE4FB	6	FF	1	諺ァＲ煙	
0x1FF5F3	6	FF	1	険みガ（き	
0x1FFDC6	6	FD	1	ペうぱうィお	
0x1FFFC3	6	FD	1	諺ァＲ娃	
0x200153	6	FF	1	険みペ）る	
0x200287	6	FD	1	険みペ）け	
0x2002BB	6	FD	1	険ミペ）け	
0x2002F6	6	FF	1	ペてくみギ（	
0x20036F	6	FF	1	彩たベ）い	
0x200BAF	6	FF	1	厳あァ（く	
0x200E6A	6	FF	1	ペ）きァャ（	
0x2013C7	6	FF	1	険Ｅペ）こ	
0x2013D3	6	FF	1	険たペ）さ	
0x201728	6	FC	1	くァＲ娃Ｅ	
0x202964	6	F8C2	1	ァ／すいうう	
0x203073	6	FF	1	元たペ）あ	
0x20320F	6	F881	1	はかた」・お	
0x2033CB	6	FF	1	険ズペ）ボ	
0x203577	6	FF	1	はくたギ（け	
0x20359A	6	FF	1	ぽ）ミいプ＋	
0x20366B	6	FF	1	険たペ）く	
0x203763	6	FF	1	減た～・け	
0x2051CA	6	FD	1	エ）と。ゴい	
0x205262	6	F887	1	イ）おタペポ	
0x205296	6	F887	1	ペて念Ｒね	
0x2054EF	6	FD	1	こきぜペ）か	
0x20594A	6	FF	1	ペてきＥペ）	
0x205D0A	6	FA	1	ペて年Ｒね	
0x205DDA	6	FF	1	ペうたァＲく	
0x205F12	6	FF	1	ぁ）Ｕツたい	
0x205F3E	6	FF	1	ぁ）ミェたい	
0x20647E	6	F880	1	ペてがァＲね	
0x206516	6	FF	1	ぁ）ゅムたい	
0x20653E	6	FF	1	ぁ）ごムたい	
0x206592	6	FF	1	ぁ）ぜムたい	
0x2065BA	6	FF	1	ぁ）ゃムたい	
0x206607	6	F84F	1	険ペペ）き	
0x206617	6	F841	1	険Ｅペ）き	
0x2066D3	6	FF	1	こきたガ（か	
0x2066FA	6	FF	1	ぽ）とぜォ…	
0x206877	6	F84F	1	険ぽペ）く	
0x2068EF	6	F84F	1	Ｏけたギ（く	
0x20691B	6	F84F	1	こュたュ（Ｖ	
0x20698F	6	F88F	1	険ぃペ）え	
0x20718F	6	F840	1	我ミペ）き	
0x2074C3	6	FF	1	元みぜ（ト	
0x2076E2	6	F880	1	シ）おぃペＦ	
0x20779F	6	F840	1	郊たュ（き	
0x2078DC	6	FC	1	ゃムたい・う	
0x207926	6	FD	1	ア）あぽペう	
0x2079AF	6	F88F	1	県ジＲ禍	
0x208123	6	F88F	1	鷺ジＲ愛	
0x208867	6	F88F	1	鷺ジＲ娃	
0x20890E	6	F88F	1	イ）くぃペＦ	
0x208953	6	F88F	1	はおたガ（え	
0x208CAA	6	F88F	1	Ｒねいたペ）	
0x209DD3	6	F88F	1	元たガ（え	
0x209EEF	6	F88F	1	元たッ（え	
0x20A0F6	6	FF	1	ザ（あたェ（	
0x20A3D7	6	FF	1	険Ｅペ）ト	
0x20A3E3	6	FF	1	険みぼ（こ	
0x20AB77	6	F883	1	Ｏけァョ（く	
0x20B17A	6	FF	1	ゲ（あたゥ（	
0x20B4A6	6	FF	1	カ）あみゥ０	
0x20B6C3	6	FF	1	桔ぜペ）か	
0x20B79B	6	F88F	1	桔ァペ）か	
0x20BBCF	6	FF	1	荒たァ（ガ	
0x20BCDA	6	FF	1	ぽ）あみゥ０	
0x20BDEB	6	F84F	1	険タペ）か	
0x20BDFB	6	F84F	1	険タペ）い	
0x20BE43	6	FF	1	険タペ）コ	
0x20BEB3	6	FF	1	険タペ）じ	
0x20BEF7	6	FF	1	険タペ）を	
0x20BF6F	6	FF	1	険タペ）そ	
0x20BFB3	6	FF	1	険タペ）（	
0x20C19F	6	FF	1	険ぜペ）テ	
0x20C1E6	6	FF	1	カ）あたィ０	
0x20C4C3	6	FF	1	逆ぜペ）い	
0x20C6BB	6	FF	1	険Ｅペ）く	
0x20CD3B	6	FC	1	弦あァ（こ	
0x20CDAF	6	FC	1	険ぜペ）な	
0x20CFA6	6	FC	1	ペ）くぃペ）	
0x20D2D6	6	FC	1	ぽていたペう	
0x20D54A	6	F82F	1	プなヅァみた	
0x20D5CE	6	FF	1	ぽ）あたォつ	
0x20D60E	6	FF	1	ぁ）❤トたい	
0x20D652	6	F840	1	プなデミみた	
0x20DD1B	6	FF	1	険ぽＥ）そ	
0x20E3BF	6	F880	1	険Ｅペ）か	
0x20E72E	6	FF	1	ぽうあミペて	
0x20E76A	6	FA	1	ア）あミペぉ	
0x20E996	6	FF	1	ア）あミペェ	
0x20EAF3	6	FD	1	原た』・こ	
0x20EB2A	6	FD	1	ア）えた！お	
0x20EB32	6	FD	1	アああミペう	
0x20EBBA	6	FF	1	コてくペ。な	
0x20EC0E	6	F88F	1	Ｒ委ムたい	
0x20F222	6	FF	1	ヅゆ脳Ｒり	
0x20F38E	6	FF	1	ぽうく。ゴつ	
0x20FAAA	6	FF	1	ぽうね。ゴつ	
0x21092B	6	FF	1	険ペペ）く	
0x210B8F	6	F88F	1	ここたペ）セ	
0x210C03	6	F88F	1	はさたペ）あ	
0x211B2B	6	FF	1	険タペ）あ	
0x211C6B	6	FF	1	（あぃぢつい	
0x211D73	6	FF	1	鷺ァＲ姶	
0x2121D7	6	FB	1	はおた」・か	
0x2121F2	6	FB	1	ペぉ念Ｒが	
0x21222F	6	FF	1	ギつちペ）テ	
0x21255B	6	FF	1	険ァペ）お	
0x212613	6	FF	1	険ミペ）ュ	
0x21271A	6	FF	1	カ）し。ゴぇ	
0x21293E	6	FF	1	キ）と。ゴぇ	
0x2129CE	6	FE	1	オ）あタペＸ	
0x212A9B	6	FF	1	険タＥ）お	
0x212B33	6	FF	1	険タＥ）ろ	
0x212C37	6	F88F	1	険ァペ）け	
0x212C5B	6	FF	1	険ぽペ）お	
0x2131AF	6	FF	1	』ゥちョ（え	
0x213226	6	FF	1	ペ）けみペ）	
0x21327B	6	FF	1	険ぜＥ）く	
0x2133A7	6	FE	1	険たペ）ね	
0x2133BB	6	FE	1	幻Ｅペ）く	
0x2133C7	6	FF	1	険ぃＥ）ア	
0x213427	6	FF	1	源ぅァ（こ	
0x2135B6	6	FF	1	ペ）おたペ）	
0x213743	6	FF	1	広賢合	
0x213753	6	FF	1	梗賢鴻	
0x213AA3	6	F88F	1	険ぜペ）Ａ	
0x21400E	6	FF	1	ペ）さたペ）	
0x214E4E	6	FF	1	エ）あミペう	
0x214EE3	6	FF	1	は煩バ）Ｑ	
0x2152DA	6	FF	1	エ）あズペう	
0x2154CA	6	FF	1	イ）いたペう	
0x215516	6	FF	1	ペ）くたペ）	
0x2155B3	6	FF	1	Ｏかたで（の	
0x215647	6	FF	1	阪ィＲ亜	
0x215656	6	FF	1	ペておたュ（	
0x2157B3	6	FF	1	険ミペ）サ	
0x2157C3	6	FF	1	険ミペ）お	
0x215A86	6	FF	1	パゃり。ゴぇ	
0x215ABA	6	F88F	1	パゆり。ゴめ	
0x216A07	6	FF	1	８えたペ）そ	
0x217336	6	FF	1	ペ）きみペ）	
0x217443	6	FF	1	８こあペ）ふ	
0x21773B	6	FF	1	鴻ケむ（ャ	
0x21774B	6	FF	1	鴻コむ（ャ	
0x217B1F	6	FF	1	源たペ）あ	
0x217B93	6	FF	1	はドォる（ヤ	
0x217BE4	6	FF	1	ぜＪたいクこ	
0x217FD2	6	FF	1	ぁ）リムそい	
0x218277	6	FF	1	競ァＲ央	
0x21827F	6	FF	1	競ァＲ架	
0x219232	6	FF	1	ぁ）ォブたい	
0x219622	6	FF	1	ペうくァＲく	
0x219894	6	FF	1	ゲブたいマい	
0x21993E	6	FF	1	ぁ）荻たい	
0x219A83	6	F88F	1	こズけあ（Ｙ	
0x219AA3	6	F88F	1	屈けけ（２	
0x219C1F	6	FC	1	いミぜを改	
0x219C83	6	F840	1	峨ミペ）ふ	
0x219CDF	6	FF	1	こおみ」・の	
0x219F27	6	F843	1	こゼキみ（い	
0x21A2EE	6	FF	1	ぜつと。ゴつ	
0x21AE2F	6	FF	1	えくぜを峨	
0x21BC2E	6	FF	1	ぁ）ワズそい	
0x21BC82	6	FF	1	ぁ）リゴいい	
0x21CBBB	6	FF	1	弘吏減	
0x21CCE7	6	FF	1	在剖顕	
0x21D127	6	FD	1	栽釆顕	
0x21D1E7	6	FF	1	は８釆険	
0x21D1EF	6	FF	1	祁釆原	
0x21D3B3	6	FD	1	梧釆顕	
0x21D650	6	FF	1	バ４そいオい	
0x21D707	6	FD	1	控投顕	
0x21D7C7	6	FF	1	形ミー）お	
0x21DA08	6	FF	1	ぃＥそいオい	
0x21DC83	6	FF	1	弦あァ（け	
0x21E087	6	FD	1	はい誓険	
0x21E08F	6	FD	1	桔誓原	
0x21E0B3	6	FD	1	型ぜ＋）お	
0x21E623	6	FF	1	元ちァ（と	
0x21E637	6	FF	1	原あァ（あ	
0x21E647	6	FF	1	はＯ柵険	
0x21E677	6	F881	1	はＣ柵険	
0x21EFE2	6	FF	1	ぽうふ。ゴつ	
0x21F3B7	6	FF	1	鷺ェＲ圧	
0x22022F	6	FC	1	）うァば（は	
0x2207D2	6	FF	1	ペ）いぃペ）	
0x2208F3	6	FF	1	厳むァ（っ	
0x220E0F	6	FF	1	険バペ）た	
0x220F7A	6	FF	1	ペ）こたペ）	
0x2213A7	6	FF	1	弦むァ（け	
0x2214CF	6	F840	1	峨ぜペ）バ	
0x221AC3	6	FB	1	れきみ』・え	
0x221AF7	6	FF	1	はきぃ』・え	
0x222116	6	F88F	1	ペ）せぃペ）	
0x222407	6	FF	1	諺ァＲ鋭	
0x222497	6	FF	1	諺ァＲ寡	
0x2224EB	6	FF	1	弦ァＲ姐	
0x2225E3	6	FF	1	こォたャ（Ｉ	
0x2228EB	6	FF	1	こああュ（や	
0x222F2F	6	FF	1	甲ァＲ嘉	
0x2231B3	6	FF	1	諺ァＲ鯵	
0x22375F	6	FF	1	こああギ（や	
0x223A5B	6	FF	1	は將＋）あ	
0x224FAB	6	FF	1	坤た。）お	
0x2257AB	6	F880	1	鷺ァＲ葦	
0x226EB3	6	FF	1	こたァＲ杏	
0x2270A7	6	FF	1	弦ァＲ茜	
0x227108	6	FF	1	ううきちきち	
0x227C9E	6	F8B0	1	ネペくタおお	
0x2280C0	6	F855	1	ずぴざずずず	
0x228680	6	F878	1	ぬぬゃゃウウ	
0x22936D	6	FF	1	ワ（うソあょ	
0x229792	6	F87C	1	たいヤタたい	
0x22A898	6	FF	1	あかさたなは	
0x22A950	6	FF	1	ェミィサェァ	
0x22A980	6	FF	1	ェべィサェユ	
0x22A9A8	6	FF	1	ゥメゥナゥナ	
0x22AA8F	6	FF	1	おそこそとも	
0x22AB70	6	FF	1	こののそとお	
0x22B331	6	FA	1	しっぱいする	실패
0x22B5D4	6	FA	1	つねに+５	늘 ５증
0x22B702	6	FA	1	つねにｰ５	늘 ５감
0x22B726	6	FA	1	ホームランに	홈런
0x22BAB8	6	F809	1	されなければ	안되면
0x22BFD4	6	FA	1	（相手が	（상대
0x22C074	6	FF	1	ゥホゥナゥナ	
0x22C6F8	6	F8B0	1	ずぶでぞざず	
0x22D3B4	6	F8C0	1	いえけいさあ	
0x1ECA00	5	-	1	くぜを崖	
0x1ECF5D	5	FF	1	ぽペて　	
0x1ED2A1	5	FD	1	ぜペてめ６	
0x1EDA51	5	FD	1	ぃペ）２ヨ	
0x1EDAA5	5	FD	1	ぃペ）ジヨ	
0x1EF0BC	5	FE	1	ミァＲ姐	
0x1EF849	5	FD	1	ぃペ）よマ	
0x1EF8A1	5	FD	1	ぃペ）たマ	
0x1EF8D5	5	FD	1	たペ）ッも	
0x1EFB75	5	FF	1	たペ）×め	
0x1EFC59	5	FE	1	たペ）２め	
0x1EFC7D	5	FE	1	たペ）ベめ	
0x1F0265	5	FF	1	たペ）むむ	
0x1F0D08	5	FD	1	ミァＲ綾	
0x1F1045	5	FD	1	ぃペ）らノ	
0x1F109D	5	FD	1	ぃペ）ちノ	
0x1F1139	5	FD	1	たペ）フへ	
0x1F1145	5	FE	1	たペ）ノへ	
0x1F1383	5	F840	1	峨ぜペ）	
0x1F1924	5	FF	1	くぜを峨	
0x1F1975	5	FD	1	みペ）ぜフ	
0x1F2E09	5	FE	1	エたいぽぼ	
0x1F4758	5	FE	1	ミァＲ穐	
0x1F5994	5	FE	1	たァＲ愛	
0x1F5C8D	5	FD	1	ぃペ）なカ	
0x1F5D15	5	FD	1	たペ）ユこ	
0x1F66F8	5	F843	1	がだズおえ	
0x1F6791	5	F843	1	ミヌつ？ぽ	
0x1F6F76	5	FD	1	ビおあちァ	
0x1F7298	5	FD	1	たァＲ或	
0x1F7516	5	FF	1	ブおあちァ	
0x1F79E6	5	FD	1	ヅおうちァ	
0x1F7A58	5	FF	1	がだゼおい	
0x1F7ED4	5	FD	1	がめズおい	
0x1F7FD0	5	FD	1	がいズおい	
0x1F8362	5	FD	1	ヂおあちァ	
0x1F8368	5	FD	1	がイゼおい	
0x1F8D75	5	FF	1	ぽペて～ア	
0x1F90B6	5	FF	1	エうォたャ	
0x1F90BC	5	FF	1	Ｉた、ああ	
0x1F9304	5	FE	1	がァＲ乙	
0x1FAEAD	5	FD	1	たペ）賎	
0x1FB64F	5	FF	1	はくぃペ）	
0x1FB8D9	5	FF	1	ぃペ）ッご	
0x1FC051	5	FF	1	ぜペ）つヨ	
0x1FC38F	5	FF	1	原たギ（	
0x1FD53F	5	FD	1	原ぃペ）	
0x1FD7E3	5	F881	1	減ぃペ）	
0x1FDEF9	5	FB	1	ぽペてュま	
0x1FFDF4	5	F883	1	くぜを顔	
0x200029	5	FD	1	みペ）○を	
0x2010B5	5	FF	1	タペてべチ	
0x20148B	5	FF	1	厳たォ（	
0x2016F0	5	FD	1	と」すいＹ	
0x20195B	5	F840	1	我ミペ）	
0x201A70	5	FF	1	くぜを介	
0x201DC9	5	FE	1	みペ）チよ	
0x2029F1	5	FD	1	みペ）ニめ	
0x202A11	5	FD	1	みペ）セめ	
0x202A31	5	FD	1	みペ）カめ	
0x202A51	5	FD	1	みペ）ぷめ	
0x202C51	5	FD	1	みペ）グむ	
0x202C71	5	FD	1	みペ）Ｌめ	
0x202C91	5	FD	1	みペ）Ｄめ	
0x202CD1	5	FD	1	みペ）プめ	
0x202F59	5	FD	1	ミペＨ！チ	
0x203C5B	5	F840	1	峨タペ）	
0x2055A1	5	FF	1	ぜペ１ヒぺ	
0x2059F3	5	F840	1	我タペ）	
0x2059F9	5	F840	1	ミペ）・だ	
0x205DEB	5	FF	1	』あぅゾ・	
0x205E6F	5	FF	1	ブい）ド・	
0x2060ED	5	F84F	1	ぜペ）向	
0x207631	5	F880	1	たペ）いび	
0x2078D5	5	FC	1	ァＲ意え	
0x207D59	5	FA	1	たペ）がど	
0x208751	5	F88F	1	たペ）Ｏぢ	
0x2087A1	5	F88F	1	たペ）４ぢ	
0x208A25	5	F88F	1	たペ）おぢ	
0x208C95	5	F88F	1	たペ）ノだ	
0x2095DF	5	FF	1	橘ぜペ）	
0x2095E7	5	FF	1	桔ぜペ）	
0x209DCD	5	F88F	1	たペ）ひじ	
0x209EE9	5	F88F	1	たペ）」ざ	
0x20A719	5	F843	1	たペ）Ｕど	
0x20AAFC	5	F843	1	あぽペ）い	
0x20BD61	5	F84F	1	ムゼ・御	
0x20BDA1	5	F84F	1	ぜペてあわ	
0x20C4CB	5	FF	1	脚ぜペ）	
0x20C4D3	5	FF	1	客ぜペ）	
0x20C5E9	5	F84F	1	ペペ）○ぉ	
0x20C71A	5	FF	1	ぶいペそァ	
0x20C931	5	FF	1	ぃペ）マょ	
0x20C951	5	FF	1	ぃペ）ヌょ	
0x20C961	5	FF	1	みペ）げょ	
0x20CB89	5	FD	1	みペ）ペょ	
0x20CBF1	5	FF	1	みペ）ャょ	
0x20CC65	5	FF	1	みペ）レゅ	
0x20CC75	5	FF	1	みペ）ヨゅ	
0x20D019	5	FC	1	ペペ）ざぅ	
0x20DA3A	5	FE	1	ぽ）かあュ	
0x20E1B3	5	F825	1	』ああダ・	
0x20E60D	5	FF	1	ミペてぼあ	
0x20E675	5	FF	1	ミペ「ぅあ	
0x20E6ED	5	FF	1	ミペうてあ	
0x20E709	5	FF	1	ミペてしあ	
0x20E735	5	FF	1	ミペうああ	
0x20E771	5	FA	1	ミペも坊	
0x20EB59	5	F84F	1	ぜペ）ヘれ	
0x20F961	5	F88F	1	タペて虎	
0x2102E9	5	F84F	1	ズペ）ガや	
0x210311	5	F84F	1	ミペてヴや	
0x210330	5	F84F	1	こァ。おう	
0x2106E7	5	FF	1	はおたペ）	
0x2107BF	5	FF	1	こおたォ（	
0x211371	5	F802	1	チゼ・きや	
0x2117B1	5	FD	1	ァＲ旭う	
0x2118A7	5	FC	1	桔たペ）	
0x2118FD	5	FC	1	みペ）ヂ・	
0x211951	5	FC	1	みペ）ヴ・	
0x211991	5	FC	1	みペ）マ・	
0x2119E5	5	FC	1	みペ）コ・	
0x211A31	5	FC	1	みペ）ば・	
0x211A85	5	FC	1	みペ）ぇ・	
0x211B49	5	FF	1	みペ）Ｅも	
0x211BC1	5	FF	1	みペ）１め	
0x211D31	5	FF	1	みペ）ぐる	
0x2131A3	5	FF	1	こさみペ）	
0x2135C5	5	FB	1	ミペ）すし	
0x214501	5	FF	1	ぽッ（てと	
0x214888	5	FF	1	Ｕぽペあえ	
0x21489A	5	FF	1	ペあみそッ	
0x2148A0	5	FF	1	ぜアペあァ	
0x21496E	5	FC	1	ペあみそィ	
0x214974	5	FC	1	ぜちペあえ	
0x214EF3	5	FF	1	権たバ）	
0x2155F5	5	FF	1	ぜペもかた	
0x2157D5	5	FF	1	ペペてザそ	
0x2157DB	5	FF	1	幻たャ（	
0x2158FB	5	FF	1	こきみペ）	
0x215907	5	FD	1	客ぃペ）	
0x215CAD	5	F88F	1	覆ズがあ	
0x2161B1	5	FF	1	覆ズ桔	
0x217730	5	FF	1	あぜＵおけ	
0x217917	5	FE	1	厳たペ）	
0x217933	5	FF	1	Ｏえみペ）	
0x217B13	5	FF	1	ぐこたペ）	
0x2196AD	5	FC	1	たペ）ン０	
0x21A31B	5	FF	1	こおあド・	
0x21A334	5	FD	1	おちド・ぅ	
0x21C211	5	FA	1	たペ）ゅム	
0x21C8E1	5	FC	1	みペ）ヌＯ	
0x21C901	5	FC	1	みペ）ダＰ	
0x21C921	5	FC	1	みペ）グＰ	
0x21C941	5	FC	1	みペ）ェＰ	
0x21C961	5	FC	1	みペ）ロＰ	
0x21CA35	5	FC	1	たペ）をマ	
0x21D201	5	FF	1	たペ）ぐヘ	
0x21D269	5	FF	1	たペ）みヘ	
0x21D909	5	FC	1	たペ）リヒ	
0x21D969	5	FF	1	たペ）タヒ	
0x21E0A1	5	FD	1	たペ）ゾノ	
0x21E105	5	FF	1	たペ）ルノ	
0x21E3C4	5	FE	1	ミァＲ哀	
0x21E3F4	5	FD	1	ミァＲ旭	
0x21E4C0	5	FD	1	ミァＲ域	
0x21E594	5	FD	1	ミァＲ鯵	
0x21F775	5	FC	1	たペ）×テ	
0x21FA2D	5	FF	1	たペ）ぁテ	
0x21FD39	5	FF	1	たペ）フツ	
0x21FDA1	5	FF	1	たペ）イツ	
0x222511	5	FD	1	ぜペうワ４	
0x222CB4	5	FF	1	ぜそいぽ	
0x223225	5	FC	1	みペ）にペ	
0x223245	5	FC	1	みペ）だポ	
0x223265	5	FC	1	みペ）ぐポ	
0x223285	5	FC	1	みペ）ぇポ	
0x2232A5	5	FC	1	みペ）れポ	
0x223371	5	FC	1	ぃペ）シペ	
0x224C31	5	FC	1	みペ）ダビ	
0x224C51	5	FC	1	みペ）Ｔブ	
0x224C71	5	FC	1	みペ）Ｌブ	
0x224C91	5	FC	1	みペ）Ｄブ	
0x224CB1	5	FC	1	みペ）５ブ	
0x224D21	5	FC	1	ぃペ）波	
0x224D79	5	FC	1	ぃペ）』ビ	
0x225AE1	5	FC	1	みペ）・ヅ	
0x225B01	5	FC	1	みペ）てド	
0x225B21	5	FC	1	みペ）さド	
0x225B41	5	FC	1	みペ）うド	
0x225BD1	5	FC	1	ぃペ）づデ	
0x225C29	5	FC	1	ぃペ）んデ	
0x226AA9	5	FC	1	みペ）がゾ	
0x226AB9	5	FC	1	みペ）ゆダ	
0x226AC9	5	FC	1	みペ）むダ	
0x226B2D	5	FC	1	みペ）ざダ	
0x226B71	5	FC	1	ぃペ）シゾ	
0x226BE1	5	FC	1	ぃペ）Ｐバ	
0x226CE8	5	FF	1	タドくいた	
0x2270E8	5	FF	1	いうあえい	
0x227185	5	FF	1	ぜＲぺセ	
0x2272BC	5	FF	1	ぜ脱・	
0x227AC8	5	F8B0	1	あかネＥミ	
0x227C84	5	F8B0	1	あおネＥミ	
0x227E1F	5	F8B0	1	ペタねうい	
0x227FA8	5	F855	1	働すいス	
0x22871C	5	F878	1	ややせいせ	
0x228CA7	5	F864	1	いがョたい	
0x229131	5	FF	1	いプあべる	
0x22914B	5	FF	1	ぃのね（う	
0x22915B	5	FF	1	ぃのねペヲ	
0x22929B	5	FF	1	ンみルペヲ	
0x2292D6	5	FF	1	コヒDふ	
0x22934B	5	FF	1	ヴヘヴ（う	
0x229351	5	FF	1	ヲペワペヲ	
0x229393	5	FF	1	いペいヴウ	
0x22948B	5	FF	1	ヴょヴ（う	
0x229491	5	FF	1	うＯあミぷ	
0x2295F4	5	F882	1	うあえいい	
0x229630	5	F882	1	くああおお	
0x22963C	5	F882	1	うあいうう	
0x22A748	5	FF	1	どぇほとこ	
0x22A758	5	FF	1	わをんぁぃ	
0x22A7A0	5	FF	1	あいうえお	
0x22A808	5	FF	1	エンドラン	
0x22A909	5	FF	1	あうえかけ	
0x22AA6B	5	FF	1	ほそのとこ	
0x22ABC7	5	FF	1	そそほとこ	
0x22AD23	5	FF	1	ぇそとこお	
0x22AF90	5	FF	1	さい大に	
0x22B4F4	5	FA	1	見えない	숨김
0x22B830	5	FF	1	相手が	상대가
0x22B83D	5	F809	1	でなければ	아님
0x22BC80	5	F809	1	１パネルと	１패널
0x22BC8D	5	F809	1	１パネルに	１패널
0x22BD62	5	F809	1	にへん化	변화
0x22BE54	5	FF	1	スロットが	슬롯이
0x22C570	5	F8B0	1	しうずぃミ	
0x1ECBC6	4	F841	1	ペ）モあ	
0x1ECC02	4	F841	1	ペ）逝	
0x1ECC16	4	F841	1	ペ）ルい	
0x1ECD32	4	F881	1	Ｒ咽い	
0x1ECDDA	4	FD	1	ペ）ルァ	
0x1ECE51	4	FF	1	ズペ）ュ	
0x1ECF06	4	FF	1	カ）俄	
0x1ECF29	4	FF	1	ぽペＨュ	
0x1ED015	4	FD	1	ぜペ）フ	
0x1ED3CD	4	F84B	1	ぽペ）や	
0x1ED8CE	4	FE	1	ペ）駝	
0x1EDCD6	4	FE	1	ペ）友	
0x1EE0E1	4	FF	1	あゼ・め	
0x1EE0F9	4	F843	1	ズペ）ね	
0x1EE249	4	FF	1	たッ（と	
0x1EE325	4	FF	1	たャ（と	
0x1EE576	4	FE	1	ペ）スい	
0x1EE5B2	4	FE	1	ペ）ポい	
0x1EE5DA	4	FE	1	ペ）チあ	
0x1EE6C4	4	F881	1	ぜＴしい	
0x1EE7E9	4	FE	1	タペ）お	
0x1EE84A	4	FF	1	ペ）クい	
0x1EE872	4	FF	1	ペ）ぷい	
0x1EE9F6	4	FD	1	ペ）メル	
0x1EEB05	4	F880	1	ミィ（ね	
0x1EEC41	4	FD	1	ァＲ姐	
0x1EEC5D	4	FD	1	あッ（け	
0x1EECFD	4	FD	1	ぽィ（ね	
0x1EEE01	4	FD	1	ぜペ）ペ	
0x1EF35D	4	FD	1	みペＨヴ	
0x1EF389	4	FD	1	みィ（ヤ	
0x1EF535	4	FD	1	みペＨけ	
0x1EF561	4	FD	1	みィ（お	
0x1EF5E1	4	FF	1	ぜペ）ト	
0x1EFB51	4	FF	1	ぽペ）ね	
0x1EFFFE	4	FD	1	ペ）忘	
0x1F0196	4	FE	1	ペ）ツい	
0x1F01DE	4	FE	1	ペ）ヂい	
0x1F021E	4	FE	1	ペ）ムあ	
0x1F06E1	4	FE	1	ァペ）と	
0x1F0F21	4	FF	1	たペＨい	
0x1F0FD9	4	FB	1	ペペ）と	
0x1F1576	4	FD	1	ペ）峨	
0x1F15FE	4	FD	1	ペ）ポあ	
0x1F1A1D	4	FD	1	覆ズじ	
0x1F1EAA	4	FD	1	ペ）ぜか	
0x1F1EB2	4	FD	1	ペ）メえ	
0x1F21BE	4	FD	1	ペ）ロお	
0x1F258E	4	FD	1	ペ）ュえ	
0x1F2652	4	FD	1	ペ）カえ	
0x1F2716	4	FC	1	ペ）ゆえ	
0x1F2A66	4	FD	1	ペ）アう	
0x1F2DA2	4	FD	1	ペ）ゥい	
0x1F2E04	4	FE	1	たエたい	
0x1F2ED6	4	FD	1	ペ）ゃい	
0x1F353A	4	FF	1	ペ）タペ	
0x1F354A	4	FF	1	ペ）シペ	
0x1F37BD	4	F84F	1	ペペ）わ	
0x1F3ADE	4	FD	1	ペ）ぬえ	
0x1F3B56	4	F871	1	ペ）ハう	
0x1F3E9E	4	FD	1	ペ）バい	
0x1F4406	4	FD	1	ペ）租	
0x1F4556	4	FF	1	ペ）ブツ	
0x1F46FA	4	FF	1	ペ）ねギ	
0x1F4E8A	4	FD	1	ペ）ぽう	
0x1F4F0E	4	FD	1	ペ）ユい	
0x1F4F56	4	FD	1	ペ）パい	
0x1F550E	4	FA	1	ペ）ヴォ	
0x1F5972	4	FF	1	プなァだ	
0x1F5EB5	4	FC	1	ミペてえ	
0x1F5EF6	4	FC	1	ペ）おゥ	
0x1F60DE	4	FF	1	ペ）ラヅ	
0x1F66C5	4	F843	1	ズペ）な	
0x1F671D	4	F843	1	ぽペもう	
0x1F676E	4	F843	1	ペ）ョず	
0x1F6801	4	FE	1	ミペ１ぱ	
0x1F684A	4	FE	1	ペてベサ	
0x1F68F5	4	FD	1	ィＲ唖	
0x1F6D8E	4	FE	1	ペ）にけ	
0x1F6E6E	4	FE	1	ペてつコ	
0x1F6FCE	4	FD	1	ペてＯケ	
0x1F72D5	4	FF	1	ペペ）ぱ	
0x1F7D5A	4	FF	1	ペ）ビエ	
0x1F7D9D	4	FF	1	タペてう	
0x1F7E68	4	FF	1	がつズお	
0x1F7E8D	4	FD	1	ァＲ姶	
0x1F8049	4	FD	1	ァＲ挨	
0x1F81EE	4	FF	1	ペ）ぜょ	
0x1F832D	4	FD	1	ァＲ穐	
0x1F87E1	4	F880	1	Ｕペダさ	
0x1F9151	4	FF	1	ぃペダあ	
0x1F915D	4	FF	1	たェ。ォ	
0x1F9726	4	FF	1	ペ）蟹	
0x1F9966	4	FF	1	ペてユぅ	
0x1FA419	4	FF	1	覆ズワ	
0x1FA9B2	4	FF	1	ペ）だェ	
0x1FB0A5	4	F840	1	ぽペてい	
0x1FB29E	4	FF	1	ペ）ぁマ	
0x1FB2B2	4	FF	1	ペ）れマ	
0x1FB371	4	FF	1	たゲ（あ	
0x1FB382	4	FF	1	ぽ）投	
0x1FB536	4	FF	1	ペ）ガホ	
0x1FB5AE	4	FF	1	ペ）ヒホ	
0x1FB72A	4	FF	1	ペ）しホ	
0x1FB909	4	F88F	1	ァペ）ボ	
0x1FB99E	4	FF	1	ペ）テホ	
0x1FBD36	4	FD	1	ペ）ぇず	
0x1FBDBE	4	FD	1	ペ）カよ	
0x1FC249	4	F84F	1	ペペ）い	
0x1FC25A	4	F88F	1	Ｒねゴヤ	
0x1FC2C6	4	F88F	1	オ）媚	
0x1FC39E	4	FF	1	ペ）ホハ	
0x1FC3BA	4	FF	1	ペ）ヌハ	
0x1FC3D6	4	FF	1	ペ）ニの	
0x1FC486	4	FD	1	ぜつツヤ	
0x1FC55E	4	FF	1	ァ（パよ	
0x1FC6AE	4	F800	1	ァ（ぶよ	
0x1FC81E	4	FF	1	ケ）投	
0x1FD0BE	4	FD	1	ペ）ぱみ	
0x1FD2C5	4	FD	1	ぜペ）こ	
0x1FD489	4	FA	1	ぽペちけ	
0x1FD502	4	F881	1	ペ）ぇぼ	
0x1FD529	4	FD	1	たペ）ボ	
0x1FD53A	4	FD	1	ペ）カぢ	
0x1FD7C2	4	F881	1	ペ）ゥべ	
0x1FD812	4	F881	1	ペ）べも	
0x1FD905	4	FD	1	タペ）ボ	
0x1FE279	4	F9	1	ぜペ）ぷ	
0x1FE366	4	F9	1	ペ）つと	
0x1FE3DA	4	F9	1	ペ）すな	
0x1FE441	4	F9	1	覆ズで	
0x1FE6DA	4	FF	1	ペ）撮	
0x1FE812	4	FF	1	ペ）ピし	
0x1FF5C5	4	FF	1	ズペ）ボ	
0x1FF67E	4	FF	1	○ゃがあ	
0x1FF6F6	4	FF	1	Ｖなはあ	
0x1FFAC2	4	FF	1	ペ）よス	
0x1FFCD1	4	FF	1	覆ズそ	
0x1FFD36	4	FD	1	ペ）ピす	
0x1FFE46	4	FD	1	ペ）セっ	
0x1FFE6E	4	FF	1	ペ）エっ	
0x1FFE96	4	FF	1	ペ）べっ	
0x200082	4	FD	1	ペ）ザヘ	
0x20049E	4	F810	1	ペ）んコ	
0x200821	4	FD	1	ァＲ娃	
0x200A1E	4	FD	1	ペ）ひえ	
0x200AB2	4	FD	1	ア）プい	
0x200BAA	4	FF	1	ペ）誌	
0x200D7A	4	FF	1	オ）鍵	
0x200E85	4	F861	1	たガ（こ	
0x200EBA	4	F861	1	キ）喫	
0x200ED6	4	FF	1	ペてＫチ	
0x201022	4	FF	1	ペＸヒチ	
0x201036	4	FF	1	ペＸニチ	
0x20137A	4	FF	1	カ）媚	
0x2013CE	4	FF	1	ペ）ポカ	
0x201432	4	FF	1	ペ）ぶカ	
0x20149A	4	FF	1	ペ）ぁカ	
0x2014B6	4	FF	1	ペ）りカ	
0x20160E	4	FB	1	ペ）フん	
0x201636	4	FF	1	ペ）ツん	
0x20165E	4	FF	1	ペ）クん	
0x201682	4	FD	1	ペ）載	
0x202BDE	4	FF	1	ゴ危セ	
0x2031EA	4	F881	1	Ｒ仮ク	
0x203311	4	F881	1	ぜペ）ボ	
0x2033E6	4	FF	1	ペ）シぷ	
0x20340D	4	FF	1	たギ（ュ	
0x20367E	4	FF	1	ペ）ょぷ	
0x20375E	4	FF	1	ペ）蚊	
0x20376A	4	FF	1	ペ）ロぴ	
0x203814	4	F88F	1	Ｍ紡い	
0x203821	4	F843	1	ミペ）び	
0x203B29	4	F880	1	覆ペぞ	
0x203DB9	4	F880	1	覆ペべ	
0x204B01	4	FF	1	覆ズご	
0x204B35	4	FF	1	覆ズた	
0x20521D	4	F887	1	ぽペＨえ	
0x205269	4	F887	1	タペＨか	
0x205365	4	FF	1	タ（うあ	
0x205492	4	FD	1	ペ）けス	
0x205D3E	4	F9	1	ペて！ぴ	
0x205E16	4	FF	1	ア）媚	
0x205FF9	4	FF	1	ぃペうう	
0x20626A	4	F88F	1	Ｒ温テ	
0x206270	4	F88F	1	みＤたい	
0x206281	4	F84F	1	ミペ）か	
0x20629D	4	F84F	1	ペペてい	
0x2062A6	4	F84F	1	ペ）佼	
0x206326	4	FF	1	ペ）突	
0x2063A0	4	F88F	1	ぃムたい	
0x2064B5	4	F880	1	ぃペ「き	
0x206566	4	FF	1	ぁ）あう	
0x20656C	4	FF	1	づムたい	
0x2065FD	4	F84F	1	ミペてか	
0x206602	4	F84F	1	ペ）拡	
0x20661E	4	F841	1	ペ）すだ	
0x2066CD	4	FF	1	ぜォ（こ	
0x206841	4	F84F	1	ズペてく	
0x206846	4	F84F	1	ペ）クぞ	
0x206872	4	F84F	1	ペ）リぞ	
0x20687E	4	F84F	1	ペ）ユぞ	
0x206A21	4	FF	1	みペうき	
0x206AA6	4	FF	1	ペ）アづ	
0x206AD6	4	FF	1	ペ）ペぜ	
0x206AE2	4	FF	1	ペ）だづ	
0x206BE6	4	FF	1	ペ）シぜ	
0x206C1E	4	F880	1	ペ）ぷぜ	
0x206C2A	4	F880	1	ペ）鳶	
0x206D66	4	FF	1	ペ）むじ	
0x206D72	4	FF	1	ペ）みじ	
0x206D7E	4	FF	1	ペ）ひじ	
0x206D8A	4	FF	1	ペ）はじ	
0x206E2A	4	FB	1	ペ）栃	
0x206E36	4	FB	1	ペ）嫡	
0x206FBE	4	F840	1	ペ）レず	
0x206FDA	4	F840	1	ペ）ハざ	
0x206FEA	4	F840	1	ペ）ツざ	
0x2070FE	4	F880	1	ペ）ぉざ	
0x207146	4	F880	1	ペ）へざ	
0x20726E	4	FB	1	ペ）育	
0x207378	4	F843	1	いタペ）	
0x207492	4	FF	1	ペ）ボご	
0x207565	4	F840	1	ぜペてか	
0x20756A	4	F840	1	ペ）そじ	
0x2075AE	4	F880	1	ペ）ご	
0x2075D2	4	F880	1	ペ）移	
0x20788D	4	FC	1	ぃペ）き	
0x208915	4	F88F	1	みペＦき	
0x208C01	4	FF	1	たＹヅこ	
0x208E66	4	F88F	1	ペ）栖	
0x209252	4	F88F	1	ペ）洛	
0x2093CA	4	F88F	1	ペ）術	
0x209AAE	4	F88F	1	カ）釆	
0x209E9D	4	F88F	1	ぽペ）る	
0x20A092	4	F88F	1	ペ）ョぉ	
0x20A0C9	4	FF	1	たチ…あ	
0x20A20D	4	F84F	1	ミペてき	
0x20A212	4	F84F	1	ペ）たぉ	
0x20A456	4	FE	1	ペ）ぉ	
0x20A549	4	F88F	1	ぃペうこ	
0x20A562	4	FF	1	ク）鍵	
0x20A64A	4	FF	1	ズ・ひぅ	
0x20A7F2	4	FD	1	ペてろげ	
0x20A81E	4	FC	1	ペ）かぢ	
0x20A84A	4	FC	1	ペ）びぁ	
0x20A89D	4	FD	1	たペ）あ	
0x20AB99	4	F883	1	ミォなう	
0x20AF86	4	FF	1	ペ）みく	
0x20B0BD	4	FF	1	ぜペ「き	
0x20B1F9	4	FF	1	たペてけ	
0x20B3E9	4	FF	1	ァペ）け	
0x20B4A1	4	FF	1	ぽッ（お	
0x20B586	4	F883	1	ペてぉん	
0x20B601	4	FF	1	タＸおう	
0x20B6BD	4	FF	1	ぜペてく	
0x20B6D5	4	FF	1	ぜペてい	
0x20B701	4	FF	1	ペペ）ん	
0x20B73E	4	F88F	1	Ｒくエょ	
0x20B795	4	F88F	1	ァペてく	
0x20B7AD	4	F88F	1	ァペてい	
0x20BBB2	4	FF	1	ペ）ゲれ	
0x20BBBE	4	FF	1	ペ）グれ	
0x20BBCA	4	FF	1	ペ）ンれ	
0x20BBFE	4	FF	1	ペ）ロれ	
0x20BC0A	4	FF	1	ペ）ホれ	
0x20BCC2	4	FF	1	ペ）ウゅ	
0x20C035	4	FF	1	ぜペうえ	
0x20C052	4	FF	1	ペ）トる	
0x20C06E	4	FF	1	ペ）スる	
0x20C19A	4	FF	1	ペ）つる	
0x20C1B6	4	FF	1	ペ）にゃ	
0x20C1E1	4	FF	1	みゥ（い	
0x20C562	4	F88F	1	Ｒく娯	
0x20C659	4	FF	1	ぜペうき	
0x20C6E1	4	FF	1	ズぞ（さ	
0x20C720	4	FF	1	Ｕズペあ	
0x20CDE5	4	FC	1	ぜペてお	
0x20CE35	4	FD	1	みペ）え	
0x20CE56	4	FD	1	ペ）のぐ	
0x20CEFE	4	FD	1	ペうネぅ	
0x20CF62	4	FC	1	ペ）ゥゆ	
0x20CFC1	4	FC	1	みペ）き	
0x20CFDD	4	FC	1	たペ）き	
0x20D0F6	4	FC	1	ペ）わら	
0x20D151	4	FC	1	ズペてお	
0x20D1BE	4	FC	1	ペ）ずぎ	
0x20D291	4	FC	1	ぽーおふ	
0x20D2AE	4	FC	1	ペ）貝	
0x20D2CA	4	FC	1	ペてユぃ	
0x20D491	4	FC	1	ぃペ）そ	
0x20DA31	4	FE	1	ペィ（え	
0x20DA91	4	FE	1	ぜペ）ね	
0x20DAA2	4	FE	1	ズ・おや	
0x20DAFE	4	FF	1	ペ）竹	
0x20DCE1	4	FF	1	たペ）た	
0x20DCE9	4	FF	1	ざ孤	
0x20DD3E	4	FF	1	ペ）ソゅ	
0x20DD91	4	FF	1	ィュ・け	
0x20DE19	4	FF	1	ペュ（あ	
0x20E3BA	4	F880	1	ペ）ロめ	
0x20E77E	4	FA	1	ペ）ヨむ	
0x20E78A	4	FA	1	ペ）ィゆ	
0x20E8BD	4	FF	1	ミペてプ	
0x20E8D5	4	FF	1	ミペうビ	
0x20E8EE	4	FF	1	ペ）はむ	
0x20E8FA	4	FF	1	ペ）ゆゆ	
0x20E97D	4	FF	1	ミペうマ	
0x20E99D	4	FF	1	ミペダヌ	
0x20E9B1	4	FF	1	ミペぉツ	
0x20E9C5	4	FF	1	ミペェス	
0x20EA21	4	FF	1	ミペてど	
0x20EA39	4	FF	1	ミペうぜ	
0x20EA55	4	FF	1	ミペてぎ	
0x20EAEE	4	FD	1	ペ）ひむ	
0x20EB09	4	FD	1	ミペうし	
0x20EB1D	4	FD	1	ミペぉき	
0x20EBEA	4	FF	1	イ）脱	
0x20EEFE	4	F88F	1	ゴなォる	
0x20F43E	4	F84F	1	ゴなっり	
0x20F496	4	F84F	1	ぽ）ゴあ	
0x20F6A2	4	F88F	1	アてうあ	
0x2101D9	4	F88F	1	あゼ・ほ	
0x2106A1	4	FF	1	ぽペ１う	
0x210806	4	FF	1	ペ）ぃの	
0x210AD5	4	FA	1	ぜ険	
0x210D39	4	FC	1	タペてこ	
0x210D41	4	FC	1	覆ズュ	
0x210F7D	4	FA	1	ぜぞ（ッ	
0x21103E	4	F880	1	Ｒ果う	
0x21105D	4	F880	1	覆ズに	
0x211352	4	F802	1	ペ）ョと	
0x2117AA	4	FD	1	ァつ（に	
0x211815	4	F821	1	覆ズベ	
0x211AB1	4	FC	1	ぽペ）ォ	
0x211DFD	4	FF	1	ぃ（てダ	
0x211E99	4	FF	1	ぃ（うィ	
0x211EFD	4	FF	1	覆ズる	
0x211FB9	4	FF	1	覆ズら	
0x212105	4	FF	1	たペてん	
0x212526	4	F88F	1	ペ）ゴつ	
0x212556	4	FF	1	ペ）のた	
0x212652	4	FF	1	ペ）だつ	
0x212672	4	FF	1	ペ）ぁに	
0x212692	4	FF	1	ペ）まに	
0x212746	4	FF	1	ペ）バち	
0x2127E2	4	FF	1	ペ）ヨそ	
0x21281E	4	FF	1	ペ）スそ	
0x2128FD	4	FF	1	製顕	
0x21296E	4	FE	1	ペ）せち	
0x212982	4	FE	1	ペ）せそ	
0x212B06	4	F883	1	ペ）なち	
0x212B1E	4	FF	1	ペ）そち	
0x212B2E	4	FF	1	ペ）略	
0x212B9E	4	FF	1	ペ）歎	
0x212BAE	4	FF	1	ペ）じた	
0x212BCE	4	FF	1	ペ）ゅた	
0x212C01	4	F88F	1	ペペ）け	
0x212C2D	4	F88F	1	ァペうあ	
0x212C56	4	F88F	1	ペ）件	
0x212C76	4	FF	1	ペ）がた	
0x212C82	4	FF	1	ペ）ぢと	
0x212D4A	4	FE	1	ぽ）ぜ	
0x212D62	4	FF	1	ペ）ヒと	
0x212F16	4	F88F	1	Ｒ英の	
0x212FF2	4	F88F	1	Ｒ因の	
0x2130E2	4	F88F	1	ペ）ピそ	
0x2130FA	4	FF	1	ペ）バそ	
0x2131D2	4	FF	1	イ）ぜ	
0x213205	4	FF	1	ぽゴなそ	
0x213216	4	FF	1	ペ）アそ	
0x213239	4	FF	1	ぽゴない	
0x213286	4	FF	1	ペ）づに	
0x21351A	4	FF	1	ペ）ゥな	
0x21359E	4	FB	1	ペ）マせ	
0x213622	4	FD	1	ペ）紡	
0x2136FD	4	FF	1	たガ（さ	
0x213981	4	F88F	1	タガ（ペ	
0x2139D5	4	F88F	1	あァ（ク	
0x2139F9	4	F88F	1	あァ（ぱ	
0x213A1D	4	F88F	1	あァ（づ	
0x213A75	4	F88F	1	あァ（っ	
0x213ABD	4	F88F	1	あゼ・ァ	
0x213B22	4	FF	1	ゴＺォえ	
0x213D95	4	FF	1	たで（ボ	
0x213DA5	4	FF	1	たぞ（う	
0x213DEE	4	FF	1	ゴゆＷう	
0x213E06	4	FF	1	ゴッＱう	
0x213EBE	4	FF	1	ゴＺザう	
0x213ED6	4	FF	1	ゴなョう	
0x213F0E	4	FF	1	ゴＪレう	
0x213F56	4	FF	1	ゴＺネう	
0x213F96	4	FF	1	ぽ）クう	
0x213FBE	4	FF	1	ゴなぷう	
0x213FFE	4	FF	1	ぽ）じう	
0x21405E	4	FF	1	ゴ３よう	
0x21409E	4	FF	1	ぽ）にう	
0x21413E	4	FE	1	ぽ）醒	
0x214285	4	FF	1	たッ（シ	
0x21428D	4	FF	1	ぽィ（ゲ	
0x2142D2	4	FF	1	ゴＺガい	
0x214305	4	FF	1	たッ（づ	
0x214322	4	FF	1	ゴＺユい	
0x214356	4	FF	1	ゴＺネい	
0x214362	4	FF	1	ぽ）ナい	
0x2143B6	4	FF	1	ゴＪぽい	
0x2143F6	4	FF	1	ぽ）ぜい	
0x21441E	4	FF	1	ゴなゅい	
0x21442A	4	FF	1	ぽ）ぉい	
0x21445E	4	FF	1	つ）よい	
0x2144DE	4	FF	1	ゴ３かい	
0x21452E	4	FF	1	ゴＺ妨	
0x214679	4	FF	1	たッ（ぜ	
0x2146B6	4	FF	1	ゴＺズあ	
0x2146F6	4	FF	1	ぽ）ァあ	
0x214756	4	FF	1	ゴ３ネあ	
0x214796	4	FF	1	ぽ）クあ	
0x2147F6	4	FF	1	ゴ３ぜあ	
0x2148B6	4	FF	1	ぽうたあ	
0x2148D2	4	FF	1	ぽ）けあ	
0x214946	4	FC	1	ゴゆ窄	
0x214B2D	4	FF	1	ぽペうい	
0x215011	4	FF	1	ペ（てえ	
0x215489	4	FF	1	ァペてふ	
0x215591	4	FF	1	ぽあいい	
0x2155AE	4	FF	1	ぽ）剖	
0x2155DD	4	FF	1	ぜォ（テ	
0x215605	4	FF	1	ぃペもこ	
0x215682	4	FF	1	ペ）ソす	
0x2156E2	4	FF	1	ペ）ぺす	
0x215775	4	FF	1	覆ズヒ	
0x2157EA	4	FF	1	ペ）マお	
0x21586D	4	FD	1	ミペ）を	
0x215915	4	FE	1	ミペ）う	
0x215A31	4	FF	1	ァペ）ガ	
0x215C42	4	FC	1	ペ）ォえ	
0x216FFA	4	FF	1	ペ）ッけ	
0x21704A	4	F810	1	ペ）ムけ	
0x2170A2	4	FF	1	ペ）サけ	
0x2170F2	4	FF	1	ペ）ばけ	
0x217139	4	F84F	1	ぜペ）ゴ	
0x21725D	4	F88F	1	タペうし	
0x21727D	4	FF	1	タペうえ	
0x217295	4	FF	1	タゼ・こ	
0x21746D	4	FF	1	タペうか	
0x217612	4	FF	1	ペ）謙	
0x2179A2	4	FF	1	ペ）咋	
0x217AF6	4	FF	1	ペ）ァか	
0x217BAD	4	FF	1	あデぬミ	
0x217C51	4	FF	1	たボ・こ	
0x21812E	4	FC	1	ペてみお	
0x218C8E	4	FF	1	シ）鍵	
0x218D62	4	FF	1	シ）ぜ	
0x218D6E	4	FF	1	ウ）喫	
0x218E59	4	FD	1	ユむ（せ	
0x218E8E	4	F880	1	Ｒ俄ヴ	
0x218EE2	4	FD	1	ペ）ユせ	
0x218F72	4	FD	1	ペ）アせ	
0x218F79	4	FD	1	たペ）く	
0x218FDE	4	FF	1	ぁ）ぇけ	
0x21923C	4	F843	1	あタペ）	
0x219241	4	F843	1	ミペ）せ	
0x2194B1	4	FF	1	むゼ・ァ	
0x2194E9	4	FD	1	みペ）い	
0x219695	4	FC	1	たペ）や	
0x2197A9	4	FF	1	ちゲ・あ	
0x2197F9	4	FF	1	むォ・あ	
0x219802	4	FF	1	ぽ）釆	
0x21989C	4	FF	1	ァカわパ	
0x219CAA	4	FC	1	ペ）媚	
0x219DA5	4	FF	1	みＵなせ	
0x219FCD	4	F883	1	覆ズリ	
0x21A4F5	4	F843	1	ァペ）か	
0x21ADBD	4	FC	1	ァＲ亜	
0x21ADD9	4	FC	1	ァＲ葦	
0x21AE45	4	FC	1	ァＲ逢	
0x21B91D	4	FD	1	ぜペ）ズ	
0x21BA49	4	FF	1	みペてお	
0x21BFF2	4	FC	1	ペ）んい	
0x21C321	4	F810	1	ぽウ（ほ	
0x21C4D8	4	FC	1	Ｙブたい	
0x21CB16	4	FF	1	ペ）掬	
0x21CD41	4	FD	1	みェ（た	
0x21D122	4	FD	1	ペ）ごえ	
0x21D16A	4	FF	1	ペ）フえ	
0x21D192	4	FF	1	ペ）てう	
0x21D1AA	4	FF	1	ペ）ヂう	
0x21D3AE	4	FD	1	ペ）ざき	
0x21D48E	4	FF	1	ペ）ぢえ	
0x21D4B6	4	FF	1	ペ）ぎえ	
0x21D775	4	FF	1	ぽペ）お	
0x21DC36	4	FF	1	ウ）准	
0x21DC75	4	FF	1	ァィ（と	
0x21DD05	4	FF	1	ぽィ（は	
0x21E2C5	4	FE	1	タペＨく	
0x21E501	4	FD	1	みペＨく	
0x21F328	4	FF	1	ぃＥそい	
0x220271	4	F84F	1	ペペ）リ	
0x2202B9	4	F821	1	タペぢあ	
0x2203A1	4	FD	1	みペェき	
0x22074D	4	FD	1	ぃィ（け	
0x220A31	4	FF	1	たペＸき	
0x220F2D	4	FF	1	ペペぉく	
0x2211CD	4	FF	1	ズペ）そ	
0x2213A2	4	FF	1	ペ）胎	
0x22167E	4	FF	1	ペ）たコ	
0x221E31	4	FB	1	迦諺	
0x22235E	4	FF	1	ォおぱ❤	
0x22246A	4	FF	1	ォおけ❤	
0x2225A1	4	FF	1	ぽペてえ	
0x2226AA	4	FF	1	ペ）くお	
0x2226B2	4	FF	1	ペ）ッお	
0x222786	4	FF	1	ペ）ぽお	
0x222846	4	FF	1	ペ）みお	
0x2229D0	4	FF	1	ぜそい	
0x2229FA	4	FF	1	ペ）っえ	
0x222A3E	4	FF	1	ペ）ヨメ	
0x222B1E	4	FF	1	ペ）鹸	
0x222B26	4	FF	1	ペ）ネえ	
0x222B91	4	FF	1	あュ（や	
0x222C6E	4	FF	1	ュおく』	
0x222EBA	4	FF	1	ォおユ『	
0x222FDA	4	FF	1	ォおを『	
0x223492	4	FF	1	ペ）ポマ	
0x22370E	4	FF	1	ペ）巽	
0x223716	4	FF	1	ペ）フあ	
0x224211	4	F84F	1	ペペ）ゾ	
0x225476	4	FF	1	ペ）ィあ	
0x22580A	4	FF	1	ペＦ深	
0x226F6D	4	FF	1	ぜペてゅ	
0x227190	4	FB	1	まゼノ８	
0x2273B2	4	FF	1	脱ぜ	
0x227584	4	FF	1	ずぶぞざ	
0x2275A4	4	FF	1	ぜＪしい	
0x22774E	4	F8B0	1	ぶたたＭ	
0x227A04	4	F8B0	1	ずオアざ	
0x227A2C	4	F8B0	1	た＋しい	
0x227AC1	4	F8B0	1	きフズび	
0x227C14	4	F8B0	1	ペ会い	
0x227C1C	4	F8B0	1	Ｉ久い	
0x227C7D	4	F8B0	1	おフズび	
0x227E34	4	F8B0	1	ししすい	
0x227E3C	4	F8B0	1	！しすい	
0x227E44	4	F8B0	1	ゲそすい	
0x227F6C	4	F80F	1	（オたい	
0x227FA0	4	F855	1	ゲもすい	
0x2280B9	4	F855	1	あいうえ	
0x2280E4	4	F855	1	ぜぎすい	
0x2280EC	4	F855	1	たぐすい	
0x2281B2	4	FF	1	いあそし	
0x228232	4	FF	1	うあそし	
0x22823A	4	FF	1	ういそし	
0x228242	4	FF	1	うういき	
0x228460	4	F878	1	タタＵリ	
0x2284B4	4	F878	1	ヂヘすい	
0x2284BC	4	F878	1	ズィすい	
0x2284C4	4	F878	1	バヘすい	
0x2284CC	4	F878	1	えヤすい	
0x2284DC	4	F878	1	しラすい	
0x22850C	4	F878	1	ョヴすい	
0x2285D4	4	F878	1	づワすい	
0x22873C	4	F878	1	ぜよせい	
0x228864	4	F878	1	！みせい	
0x228A68	4	FF	1	タギたい	
0x228A80	4	FF	1	づッたい	
0x228A88	4	FF	1	（ョたい	
0x228A90	4	FF	1	しィたい	
0x228A98	4	FF	1	クゾたい	
0x228AA0	4	FF	1	バザたい	
0x228AB0	4	F891	1	みギたい	
0x228AB8	4	F891	1	クダたい	
0x228AC0	4	F891	1	クッたい	
0x228AC8	4	F891	1	Ｍゾたい	
0x228AD0	4	F891	1	フッたい	
0x228AE0	4	F891	1	Ｑォたい	
0x228AE8	4	F891	1	っャたい	
0x228AF0	4	F891	1	膿たい	
0x228B00	4	F891	1	ァゲたい	
0x228B08	4	F891	1	６ッたい	
0x228B10	4	F891	1	Ｑッたい	
0x228B18	4	F891	1	わザたい	
0x228B20	4	F891	1	。ッたい	
0x228B28	4	F891	1	ズャたい	
0x228B30	4	F891	1	ペグたい	
0x228B38	4	F891	1	リャたい	
0x228B60	4	FC	1	ァュたい	
0x228B68	4	FC	1	！ャたい	
0x228B70	4	FC	1	Ｅジたい	
0x228B78	4	FC	1	Ｕギたい	
0x228B80	4	FC	1	りズたい	
0x228B88	4	FC	1	ぜガたい	
0x228B90	4	FC	1	（ギたい	
0x228B98	4	FC	1	ペゲたい	
0x228BA0	4	FC	1	ふゼたい	
0x228BB0	4	FC	1	みゲたい	
0x228BC8	4	FC	1	がュたい	
0x228BD0	4	FC	1	ぃゴたい	
0x228BD8	4	FC	1	みガたい	
0x228BE8	4	FC	1	がヂたい	
0x228BF8	4	FC	1	タャたい	
0x228C00	4	FC	1	ァギたい	
0x228C08	4	FC	1	ヂッたい	
0x228C10	4	FC	1	Ｕャたい	
0x228C18	4	FC	1	Ｙゲたい	
0x228C20	4	FC	1	ボゴたい	
0x228C28	4	FC	1	がジたい	
0x228C30	4	FC	1	みュたい	
0x228C38	4	FC	1	（グたい	
0x228C40	4	FC	1	ぃッたい	
0x228C48	4	FC	1	ゲョたい	
0x228C70	4	FC	1	英たい	
0x228C78	4	FC	1	リズたい	
0x228C80	4	FC	1	バュたい	
0x228C88	4	FC	1	たジたい	
0x228C90	4	FC	1	ぜゲたい	
0x228C98	4	FC	1	６ャたい	
0x228CB8	4	F864	1	タガたい	
0x228CC0	4	F864	1	Ｕヅたい	
0x228CC8	4	F864	1	ペギたい	
0x228CD0	4	F864	1	タゲたい	
0x228CD8	4	F864	1	ぜギたい	
0x228CE0	4	F864	1	Ｕゴたい	
0x228CE8	4	F864	1	エョたい	
0x228CF8	4	F864	1	エゴたい	
0x228D00	4	F864	1	ョジたい	
0x228D10	4	F864	1	びャたい	
0x228D18	4	F864	1	（ガたい	
0x228D20	4	F864	1	Ｅュたい	
0x228D28	4	F864	1	Ｕザたい	
0x228D30	4	F864	1	とデたい	
0x228D38	4	F864	1	Ｅヂたい	
0x228D40	4	F864	1	ァッたい	
0x228D48	4	F864	1	舎たい	
0x228D50	4	F864	1	乃たい	
0x228D58	4	F864	1	くザたい	
0x228D60	4	F864	1	くュたい	
0x228D68	4	F864	1	ヤヂたい	
0x228D78	4	F864	1	穎たい	
0x228D80	4	F864	1	Ｙョたい	
0x228D98	4	F885	1	リゴたい	
0x228DA0	4	F885	1	ミヅたい	
0x228DA8	4	F885	1	ミョたい	
0x228DB8	4	F885	1	しャたい	
0x228DC0	4	F885	1	みグたい	
0x228DC8	4	F885	1	ぜグたい	
0x228DD0	4	F885	1	タグたい	
0x228DD8	4	F885	1	ョゾたい	
0x228DE0	4	F885	1	りゾたい	
0x228DE8	4	F885	1	ぃヅたい	
0x228DF0	4	F885	1	巴たい	
0x228DF8	4	F885	1	しゴたい	
0x228E08	4	F885	1	ぽズたい	
0x228E10	4	F885	1	みャたい	
0x228E18	4	F885	1	ァグたい	
0x228E20	4	F885	1	しッたい	
0x228E28	4	F885	1	！ジたい	
0x228E30	4	F885	1	ヤゼたい	
0x228E38	4	F885	1	びゼたい	
0x228E40	4	F885	1	Ｕグたい	
0x228E48	4	F885	1	ペゼたい	
0x228E50	4	F885	1	みダたい	
0x228E58	4	F885	1	ヤザたい	
0x228E60	4	F885	1	ふョたい	
0x228E78	4	F885	1	ぽザたい	
0x228E90	4	F885	1	ねィたい	
0x228F48	4	F885	1	タンみヴ	
0x229188	4	FF	1	みヴみヴ	
0x229334	4	FF	1	ソあヴウ	
0x2293F7	4	FF	1	ヴデヴプ	
0x2295DC	4	F882	1	かくうう	
0x229618	4	F882	1	かあうう	
0x22A9E0	4	FF	1	トタたい	
0x22AAE5	4	FF	1	そののほ	
0x22AB04	4	FF	1	とほほこ	
0x22AB10	4	FF	1	ことのそ	
0x22AB8D	4	FF	1	こともも	
0x22ABF4	4	FF	1	こそとと	
0x22AC3C	4	FB	1	こそとも	
0x22B141	4	F822	1	ぅ用！	
0x22B159	4	F822	1	つどう！	
0x22B636	4	FA	1	おきかえ	교체
0x22C06C	4	FF	1	ゥホゥヘ	
0x22C724	4	F8B0	1	ぱーそい	
0x22C72C	4	F8B0	1	ク」そい	
0x22C734	4	F8B0	1	ミ？そい	
0x22C7B2	4	FC	1	びみああ	
0x22C814	4	FC	1	たりおお	
0x22C85A	4	FC	1	う。ミョ	
0x22CB76	4	F8A8	1	ういへふ	
0x22CD66	4	F8A8	1	ういほふ	
0x22D004	4	F8A8	1	Ｑかたい	
0x22D13C	4	F8C0	1	２せたい	
0x22D144	4	F8C0	1	したたい	
0x22D14C	4	F8C0	1	リつたい	
0x22D154	4	F8C0	1	バとたい	
0x22D3AD	4	F8C0	1	あいうか	
0x22D3F0	4	F8C0	1	たみたい	
0x22D660	4	F8C0	1	わゅたい	
0x22D668	4	F8C0	1	！ゅたい	
0x22D670	4	F8C0	1	タげたい	
0x22D678	4	F8C0	1	屍たい	
0x22D688	4	F8C0	1	！げたい	
0x1ECA5F	3	FF	1	はどＧ	
0x1ECF76	3	FD	1	プなォ	
0x1ED02E	3	FD	1	Ｙちお	
0x1ED282	3	FD	1	エ）ぃ	
0x1ED287	3	FD	1	はセラ	
0x1ED48A	3	FD	1	ぽうウ	
0x1ED4D2	3	FD	1	Ｚちお	
0x1ED502	3	FD	1	ぽうゃ	
0x1ED6DB	3	FF	1	こヅＤ	
0x1EDB25	3	FE	1	ぃペう	
0x1EDC33	3	FE	1	犬ヤ	
0x1EDC9A	3	FD	1	ペ）ク	
0x1EDEAA	3	FF	1	プなネ	
0x1EDEAE	3	FF	1	プおね	
0x1EDF19	3	FF	1	ぷたい	
0x1EE58E	3	FE	1	オ）ず	
0x1EE617	3	FD	1	はハ、	
0x1EE662	3	FD	1	バおく	
0x1EE69A	3	FD	1	オ）や	
0x1EE79A	3	FE	1	エ）ウ	
0x1EE7DF	3	FE	1	は足	
0x1EE8BE	3	FE	1	ドおく	
0x1EE8FE	3	F881	1	Ｒくき	
0x1EECBB	3	FD	1	悟ピ	
0x1EF10E	3	FE	1	ペ）ヂ	
0x1EF25B	3	FD	1	挫ボ	
0x1EF433	3	FD	1	巷ボ	
0x1EFE26	3	F840	1	イ）け	
0x1F0206	3	FE	1	ペ）ジ	
0x1F0356	3	FE	1	ッ（こ	
0x1F04ED	3	FD	1	ぜペＨ	
0x1F0547	3	FD	1	個バ	
0x1F081F	3	FD	1	は沖	
0x1F0BBA	3	FD	1	ペ）め	
0x1F0E2A	3	FF	1	ペ）ャ	
0x1F0EBF	3	FF	1	Ｏボポ	
0x1F0EE3	3	FF	1	Ｏダポ	
0x1F0F27	3	FF	1	Ｏゥポ	
0x1F0F3A	3	FF	1	ア）ふ	
0x1F0F5F	3	FF	1	Ｏヤポ	
0x1F0F83	3	FF	1	Ｏヒポ	
0x1F0FB6	3	FF	1	ペ）も	
0x1F11D7	3	FD	1	宰ペ	
0x1F1233	3	FD	1	はドペ	
0x1F125B	3	FC	1	串ペ	
0x1F17BF	3	FD	1	厚ペ	
0x1F17C3	3	FD	1	五ポ	
0x1F18DE	3	FF	1	ぁィこ	
0x1F18E6	3	FF	1	ぁぅき	
0x1F1D2A	3	FD	1	ペ）ゃ	
0x1F1D36	3	FF	1	ペ）ッ	
0x1F1EFF	3	F8F4	1	降パ	
0x1F1FFF	3	F80C	1	口パ	
0x1F2097	3	FF	1	朔ボ	
0x1F20AA	3	FF	1	ぽうト	
0x1F20B6	3	FF	1	エ）チ	
0x1F212B	3	FD	1	は『ボ	
0x1F22BB	3	FD	1	告ボ	
0x1F2427	3	FD	1	はを５	
0x1F2513	3	FD	1	は癒	
0x1F269B	3	FD	1	はズ４	
0x1F2763	3	FD	1	稿ベ	
0x1F2826	3	FD	1	ペあえ	
0x1F283B	3	FF	1	Ｏわボ	
0x1F283F	3	FF	1	舷パ	
0x1F291F	3	FD	1	元ベ	
0x1F2B47	3	FD	1	はナ３	
0x1F2C0A	3	FB	1	しいフ	
0x1F2CFE	3	FF	1	ォない	
0x1F2D27	3	FC	1	は臣	
0x1F2DB7	3	FD	1	昆ビ	
0x1F2E43	3	FD	1	はダビ	
0x1F2E5B	3	FD	1	はペ２	
0x1F3173	3	FF	1	坂バ	
0x1F31B3	3	FF	1	犀バ	
0x1F333F	3	FF	1	肱バ	
0x1F337F	3	FF	1	洪バ	
0x1F343B	3	FF	1	呼バ	
0x1F354F	3	FF	1	攻ペ	
0x1F356E	3	FF	1	プおミ	
0x1F3572	3	FF	1	プなと	
0x1F3586	3	F88F	1	Ｒねい	
0x1F3613	3	FF	1	はプド	
0x1F36DF	3	FF	1	はフド	
0x1F3816	3	F84F	1	ぽあね	
0x1F3902	3	F88F	1	ペうぅ	
0x1F3B5B	3	F871	1	向デ	
0x1F3B8A	3	F871	1	エ）ヒ	
0x1F3BF3	3	F871	1	は桓	
0x1F3C1A	3	F871	1	ぽ）は	
0x1F3C2E	3	F871	1	シ）ね	
0x1F3C42	3	F871	1	Ｚおあ	
0x1F3C46	3	F871	1	ペてに	
0x1F3C4A	3	F871	1	Ｚなげ	
0x1F3C5A	3	F871	1	Ｚおょ	
0x1F3C86	3	F871	1	Ｚポわ	
0x1F3CAE	3	F871	1	Ｚなめ	
0x1F3CCE	3	F871	1	Ｚおな	
0x1F3CD2	3	F871	1	Ｚなの	
0x1F3EA3	3	FD	1	肯ヅ	
0x1F3ECA	3	FD	1	エ）る	
0x1F4002	3	FD	1	ペ）へ	
0x1F413B	3	FF	1	債デ	
0x1F4417	3	FF	1	Ｏゃヅ	
0x1F441B	3	FF	1	姑デ	
0x1F44E3	3	FF	1	Ｏいヅ	
0x1F44E7	3	FF	1	細ヅ	
0x1F456B	3	FF	1	左ヅ	
0x1F45EB	3	FF	1	叉ヂ	
0x1F45EF	3	FF	1	黒ヅ	
0x1F4693	3	FF	1	こルヅ	
0x1F4697	3	FF	1	壕ヂ	
0x1F469B	3	FF	1	絞ヅ	
0x1F471B	3	FF	1	国ュ	
0x1F4ABE	3	FD	1	ぽ）な	
0x1F4BAB	3	FF	1	坐ブ	
0x1F4BF6	3	FD	1	ゼおい	
0x1F4F13	3	FD	1	慌ゼ	
0x1F5023	3	FF	1	はひゼ	
0x1F502B	3	FF	1	灸ゼ	
0x1F5147	3	FF	1	坐ゾ	
0x1F51FA	3	FF	1	ぁちく	
0x1F53A7	3	FD	1	こツズ	
0x1F53E7	3	FD	1	こイズ	
0x1F54EF	3	FA	1	こたズ	
0x1F55BB	3	FF	1	孝ォ	
0x1F5727	3	FD	1	はよＪ	
0x1F5777	3	FD	1	はどジ	
0x1F577F	3	FD	1	怯ジ	
0x1F596E	3	FF	1	プおク	
0x1F5A06	3	F881	1	Ｒねと	
0x1F5A43	3	F881	1	は覧	
0x1F5ABE	3	FF	1	ョ（み	
0x1F5B3E	3	F881	1	Ｒねく	
0x1F5E1F	3	FD	1	はボゴ	
0x1F5E47	3	FC	1	掘ゴ	
0x1F5E7B	3	FC	1	沙ィ	
0x1F5EE2	3	FC	1	「なあ	
0x1F601B	3	FF	1	艮ィ	
0x1F60F3	3	FF	1	考ヅ	
0x1F6136	3	FF	1	プおズ	
0x1F613A	3	FF	1	プなふ	
0x1F614F	3	FF	1	は。ゲ	
0x1F6157	3	FF	1	芸ゲ	
0x1F615B	3	FF	1	座ゲ	
0x1F6232	3	FF	1	ペもす	
0x1F6236	3	FF	1	Ｙゆと	
0x1F6247	3	FF	1	哉ァ	
0x1F64C2	3	FF	1	ア）ほ	
0x1F64CE	3	FF	1	ぁぅう	
0x1F64DE	3	FF	1	アちほ	
0x1F65C6	3	FF	1	イてな	
0x1F65CA	3	FF	1	イてれ	
0x1F690A	3	FD	1	カ）ぱ	
0x1F69EA	3	FF	1	アてた	
0x1F69FB	3	FF	1	克ヂ	
0x1F69FF	3	FF	1	豪ス	
0x1F6B0F	3	FD	1	檎シ	
0x1F6B13	3	FD	1	鉱サ	
0x1F6D06	3	FF	1	ゥＺぱ	
0x1F6D2A	3	FF	1	ビ）お	
0x1F6D32	3	FF	1	ペもＦ	
0x1F6DCE	3	FE	1	イ）ぇ	
0x1F6DEF	3	FE	1	鍬ダ	
0x1F6EAE	3	FE	1	コあか	
0x1F6EE6	3	FE	1	ぽあえ	
0x1F6EFA	3	FE	1	エ）り	
0x1F6FFE	3	FD	1	ガ（フ	
0x1F7006	3	FD	1	キ）め	
0x1F704A	3	FD	1	ウ）か	
0x1F7307	3	FF	1	こナあ	
0x1F738A	3	FD	1	ぞ（う	
0x1F74AF	3	FF	1	催ケ	
0x1F74B3	3	FF	1	材コ	
0x1F74C3	3	FF	1	挙ケ	
0x1F7536	3	FF	1	ペ）タ	
0x1F757B	3	FF	1	Ｏワク	
0x1F760B	3	FF	1	はゴコ	
0x1F771A	3	FD	1	ぞ（え	
0x1F78CF	3	FD	1	ギねあ	
0x1F79C6	3	FD	1	アてぺ	
0x1F79CB	3	FD	1	こゴぴ	
0x1F7A7F	3	FF	1	こタぴ	
0x1F7DFA	3	FF	1	セてう	
0x1F7E4A	3	FF	1	ヂなあ	
0x1F7E7A	3	FF	1	、なあ	
0x1F7FAF	3	FD	1	ことぱ	
0x1F7FFD	3	FD	1	ぽペＨ	
0x1F838F	3	FD	1	こふぼ	
0x1F8566	3	F880	1	アちた	
0x1F85CE	3	F880	1	アちく	
0x1F8706	3	FF	1	ヅ）い	
0x1F870E	3	FF	1	ぜめＦ	
0x1F8712	3	FF	1	ッむえ	
0x1F8722	3	FF	1	ッあき	
0x1F8726	3	FF	1	ァつＦ	
0x1F8762	3	F880	1	Ｒがお	
0x1F8766	3	F880	1	ペ）キ	
0x1F877A	3	FF	1	ぜつＭ	
0x1F877E	3	FF	1	Ｚちう	
0x1F8782	3	FF	1	ペうＭ	
0x1F883E	3	F880	1	アちう	
0x1F885A	3	F880	1	セうこ	
0x1F886E	3	F880	1	アちお	
0x1F889E	3	F880	1	セ）お	
0x1F88AE	3	F880	1	ダ）あ	
0x1F88B6	3	F880	1	ェ）も	
0x1F8966	3	FD	1	ツ）い	
0x1F896A	3	FD	1	ィ（さ	
0x1F897A	3	FF	1	ば（さ	
0x1F8A3E	3	FF	1	ペ）イ	
0x1F8A52	3	FF	1	ァぇＭ	
0x1F8A5A	3	FF	1	ペもＭ	
0x1F8B3E	3	FF	1	ヅ）け	
0x1F8B4A	3	FF	1	ァぇＦ	
0x1F8C6E	3	FF	1	ゼ）あ	
0x1F8C9A	3	FF	1	ぜつけ	
0x1F8DAA	3	FF	1	ウ）し	
0x1F8DB2	3	FF	1	ウちさ	
0x1F90C2	3	FF	1	オあい	
0x1F90D6	3	FF	1	シ）ォ	
0x1F911E	3	FF	1	イあォ	
0x1F9156	3	FF	1	ぜ（さ	
0x1F917A	3	FF	1	アあォ	
0x1F93AE	3	FF	1	ペ）ミ	
0x1F94C3	3	FD	1	郊ョ	
0x1F969A	3	FF	1	ウてか	
0x1F96BE	3	FF	1	イ）ち	
0x1F987E	3	FF	1	ぽうえ	
0x1F9957	3	FF	1	傾で	
0x1F99CA	3	FF	1	アてね	
0x1F99CE	3	FF	1	アて』	
0x1F99F3	3	FA	1	こ坊	
0x1F99FF	3	FA	1	こ巽	
0x1F9A0F	3	FA	1	こ険	
0x1F9A1B	3	FA	1	こ亜	
0x1FA115	3	FF	1	ぽペう	
0x1FA166	3	FF	1	ぽてぁ	
0x1FA2E2	3	FF	1	ぽてで	
0x1FA346	3	FD	1	ペてレ	
0x1FA66E	3	FF	1	イてシ	
0x1FA68E	3	FF	1	ウうえ	
0x1FA776	3	FF	1	ーおい	
0x1FA77A	3	FF	1	Ｕうす	
0x1FA7A6	3	FF	1	タ）た	
0x1FA842	3	FF	1	アてぢ	
0x1FA862	3	FF	1	ウうう	
0x1FA8CA	3	FF	1	アうあ	
0x1FA93E	3	FF	1	Ｕうみ	
0x1FA9E6	3	F88F	1	Ｒねえ	
0x1FAA2A	3	F88F	1	ペもと	
0x1FAAF2	3	FE	1	イＦす	
0x1FAD67	3	FD	1	こォボ	
0x1FAEF7	3	FF	1	腔レ	
0x1FAEFB	3	FF	1	慌ロ	
0x1FAF8A	3	FF	1	ア）ぃ	
0x1FAFCA	3	FF	1	ぁ）ボ	
0x1FB01B	3	FD	1	後レ	
0x1FB01F	3	FD	1	固ロ	
0x1FB0C1	3	F840	1	たＵな	
0x1FB1EE	3	FF	1	ぽ）る	
0x1FB5EE	3	FF	1	オ）え	
0x1FB629	3	FF	1	ぜ、き	
0x1FB796	3	FF	1	ペ）ゅ	
0x1FBC0B	3	FF	1	糊ヨ	
0x1FBC2B	3	FD	1	は窒	
0x1FBD2E	3	FD	1	ぜつＮ	
0x1FBD32	3	FD	1	ュちか	
0x1FBD3B	3	FD	1	妻ユ	
0x1FBD4E	3	FD	1	コ）け	
0x1FBDE2	3	FD	1	い（ん	
0x1FBF8B	3	FF	1	交ユ	
0x1FC0EB	3	FD	1	剤ヤ	
0x1FC14B	3	F9	1	再ヤ	
0x1FC157	3	F9	1	はＭゆ	
0x1FC277	3	F88F	1	婚ヤ	
0x1FC47A	3	FD	1	だ（お	
0x1FC482	3	FD	1	ぜいあ	
0x1FC4A2	3	FD	1	ウ）あ	
0x1FC4AA	3	FD	1	Ｙきい	
0x1FC5C6	3	FF	1	カ）み	
0x1FC79E	3	FF	1	ケ）ま	
0x1FC8A2	3	F800	1	ペあさ	
0x1FCACB	3	FF	1	はろメ	
0x1FCB82	3	FF	1	ゲ・か	
0x1FCE5B	3	FA	1	はＹナ	
0x1FCF73	3	FA	1	はセメ	
0x1FCF9B	3	FA	1	はエメ	
0x1FCFBB	3	FA	1	はぱメ	
0x1FD00F	3	FA	1	九み	
0x1FD1EB	3	FD	1	穀レ	
0x1FD36A	3	FE	1	ぜつえ	
0x1FD36E	3	FE	1	Ｗなあ	
0x1FD4BA	3	F881	1	オ）き	
0x1FD523	3	F881	1	衡ヌ	
0x1FD7A2	3	F881	1	ア）が	
0x1FD817	3	F881	1	査ニ	
0x1FDA4B	3	FB	1	砂ツ	
0x1FDCB7	3	FB	1	こでぶ	
0x1FDD23	3	FB	1	乎ツ	
0x1FEA67	3	FF	1	こ『で	
0x1FEAD3	3	FF	1	甑セ	
0x1FEE57	3	FF	1	こ×づ	
0x1FEEC3	3	FF	1	狛ス	
0x1FF34B	3	FA	1	こペぢ	
0x1FF3B7	3	FA	1	浩シ	
0x1FF653	3	FF	1	彊あ	
0x1FF67A	3	FF	1	ァぇ６	
0x1FF707	3	FF	1	Ｏにあ	
0x1FFD26	3	FD	1	ぽてせ	
0x1FFD2A	3	FD	1	ぽてそ	
0x1FFEA7	3	FF	1	Ｏレナ	
0x1FFF2B	3	FD	1	幸ナ	
0x1FFF4F	3	FD	1	はゆ／	
0x1FFF57	3	FD	1	功ヌ	
0x1FFF93	3	FD	1	はずナ	
0x1FFF9F	3	FD	1	はゆ	
0x1FFFBE	3	FD	1	ペ）け	
0x20001B	3	FD	1	個マ	
0x2008E7	3	FD	1	こ僅	
0x2009E3	3	FD	1	砧つ	
0x200A42	3	FD	1	ア）と	
0x200A5B	3	FD	1	級う	
0x200A5F	3	FD	1	笈う	
0x200A63	3	FD	1	窮う	
0x200A67	3	FD	1	究う	
0x200A6B	3	FD	1	狗あ	
0x200A6F	3	FD	1	窮い	
0x200A73	3	FD	1	居い	
0x200A8E	3	FD	1	ア）に	
0x200AA7	3	FD	1	ギギい	
0x200C32	3	FF	1	ーおけ	
0x200C3A	3	FF	1	ペうい	
0x200DAA	3	FF	1	ャ（う	
0x200E26	3	FF	1	ペもぎ	
0x200EF3	3	FF	1	酵チ	
0x200F25	3	FF	1	ズォ（	
0x201032	3	FF	1	ペ「う	
0x201093	3	FF	1	湖チ	
0x20122A	3	FF	1	ペう９	
0x20123E	3	FF	1	ペうＢ	
0x201252	3	FF	1	ペうＤ	
0x20130F	3	FF	1	荒タ	
0x2014E7	3	FF	1	こ玉	
0x2015AF	3	FB	1	梱ソ	
0x2015BA	3	FB	1	オうお	
0x2016AB	3	FF	1	耕ソ	
0x2016CF	3	FF	1	はで『	
0x2016D7	3	FD	1	校チ	
0x201746	3	FC	1	ア）ぁ	
0x201776	3	FC	1	エうさ	
0x20197A	3	F840	1	キ）ぬ	
0x201986	3	F840	1	キ）わ	
0x201AF7	3	FF	1	饗う	
0x201B23	3	FF	1	倹あ	
0x201B27	3	FF	1	健あ	
0x201B2B	3	FF	1	彊い	
0x201B33	3	FF	1	禁い	
0x201B37	3	FF	1	軽い	
0x201B3B	3	FF	1	牽い	
0x201B47	3	FF	1	喬う	
0x201B4F	3	FF	1	及う	
0x201B53	3	FF	1	泣う	
0x201BA7	3	FF	1	鈷う	
0x201BD3	3	FF	1	枯う	
0x201BD7	3	FF	1	漁セ	
0x201C0B	3	FB	1	諺う	
0x201C47	3	FB	1	こチぎ	
0x201CBF	3	FB	1	はろイ	
0x201D83	3	FB	1	婚い	
0x201D93	3	FF	1	今い	
0x201DBB	3	FE	1	漉い	
0x201E73	3	FD	1	紘い	
0x201EDB	3	FD	1	康い	
0x201F03	3	FD	1	好い	
0x201F13	3	FD	1	玉ス	
0x201F1F	3	FD	1	はにス	
0x201F2B	3	FD	1	はケス	
0x201F5B	3	FD	1	向ス	
0x201F6F	3	FD	1	梧い	
0x201F7B	3	FD	1	後い	
0x201F87	3	FD	1	呉い	
0x201FAF	3	FD	1	休も	
0x201FC3	3	FD	1	袴い	
0x201FD7	3	FF	1	故い	
0x201FDB	3	FF	1	鋸ス	
0x201FFB	3	FF	1	菰ス	
0x202013	3	FF	1	湖ス	
0x202037	3	FD	1	固ス	
0x20205F	3	FD	1	咋あ	
0x20207F	3	FD	1	肴あ	
0x20208B	3	FD	1	阪あ	
0x2020CF	3	FD	1	こずが	
0x20213B	3	FD	1	現ア	
0x2021FF	3	FD	1	号あ	
0x202213	3	FE	1	勲シ	
0x20221F	3	FE	1	はカシ	
0x20222B	3	FE	1	はビシ	
0x202243	3	FF	1	号シ	
0x202263	3	FD	1	閤シ	
0x20228B	3	FD	1	甲あ	
0x2022AB	3	FD	1	校あ	
0x2022B7	3	FD	1	晃あ	
0x2022FB	3	FD	1	こＩょ	
0x202367	3	FD	1	行ぽ	
0x20242B	3	FD	1	弦あ	
0x20243F	3	FD	1	救シ	
0x20244B	3	FD	1	は＠サ	
0x202457	3	FD	1	はせシ	
0x20246F	3	FF	1	弦シ	
0x20248F	3	FD	1	険シ	
0x202527	3	FD	1	こるょ	
0x202593	3	FD	1	埼ぺ	
0x20266B	3	FD	1	偶サ	
0x202677	3	FD	1	はぜサ	
0x202683	3	FD	1	はェサ	
0x20269B	3	FF	1	腔サ	
0x2026BF	3	FD	1	糠サ	
0x202723	3	FD	1	業サ	
0x20272F	3	FD	1	はクサ	
0x202E2B	3	FF	1	鼓ツ	
0x20303B	3	FF	1	惚チ	
0x203143	3	FF	1	閤へ	
0x20326F	3	F881	1	はＭク	
0x20327B	3	F881	1	携ク	
0x2032DA	3	F881	1	Ｒねボ	
0x2032F6	3	F881	1	ペぉＦ	
0x203572	3	FF	1	ケうさ	
0x2035B6	3	FF	1	ィ（お	
0x20363A	3	FF	1	ィ）し	
0x2036BE	3	FF	1	ィ）さ	
0x203732	3	FF	1	ペもけ	
0x203832	3	FE	1	？おう	
0x203897	3	FE	1	乞ぼ	
0x203916	3	FF	1	ュおえ	
0x20394E	3	FF	1	ペ）フ	
0x203ABF	3	F880	1	頃べ	
0x203D4F	3	F880	1	減べ	
0x20412E	3	FF	1	ペうぐ	
0x20436A	3	FF	1	ペうご	
0x20483E	3	FF	1	ァだこ	
0x2048F6	3	FF	1	イうう	
0x20494E	3	FF	1	イてむ	
0x2049A2	3	FC	1	ッ（せ	
0x2051B2	3	FD	1	セ）く	
0x20522D	3	F887	1	タペＨ	
0x205292	3	F887	1	カてあ	
0x2052D5	3	FF	1	ミ（て	
0x20543B	3	FD	1	股ス	
0x2054A2	3	FD	1	オ）ろ	
0x2054C2	3	FD	1	ア）も	
0x20555E	3	FF	1	オ）め	
0x2055DA	3	FF	1	エ）う	
0x20585F	3	FF	1	庫シ	
0x20598A	3	FF	1	ケ）こ	
0x205A1E	3	F840	1	ペ「か	
0x205A4E	3	F880	1	ペ、か	
0x205A8E	3	F880	1	カてた	
0x205AAA	3	F880	1	ド姶	
0x205AB6	3	F880	1	ォ（お	
0x205E96	3	FF	1	ぽてか	
0x205EC6	3	F880	1	Ｒねあ	
0x20630E	3	FF	1	ケてリ	
0x206312	3	FF	1	ケてレ	
0x206316	3	FF	1	ケてせ	
0x206412	3	F880	1	ァ（の	
0x20654A	3	FF	1	プおほ	
0x20655A	3	FF	1	い（く	
0x20663A	3	F88F	1	Ｒねた	
0x2066F6	3	FF	1	ぜ（あ	
0x2067BE	3	FF	1	ペぉく	
0x2067E2	3	F88F	1	Ｒねテ	
0x2067F6	3	F88F	1	ペもく	
0x2067FA	3	F88F	1	Ｙらく	
0x2068DB	3	F84F	1	こへぼ	
0x206976	3	F88F	1	Ｒくわ	
0x206982	3	F88F	1	え（か	
0x206D9A	3	FF	1	ペ１か	
0x206E46	3	FB	1	ペ１き	
0x206EBA	3	FB	1	ペ１け	
0x20716E	3	FF	1	ズ）あ	
0x2071CD	3	F840	1	たィ（	
0x20721A	3	FF	1	ャ（け	
0x207456	3	FF	1	ィ（せ	
0x207502	3	FF	1	ィ（た	
0x207656	3	F880	1	ぜいき	
0x20766A	3	F880	1	ゥ（き	
0x20768A	3	F880	1	ぜいく	
0x20769E	3	F880	1	ゥ（く	
0x207979	3	FD	1	覆ズ	
0x2079BF	3	F88F	1	協あ	
0x2079E7	3	F88F	1	茎あ	
0x2079EB	3	F88F	1	圏あ	
0x2079EF	3	F88F	1	穴あ	
0x2079F3	3	F88F	1	献あ	
0x2079F7	3	F88F	1	虐い	
0x2079FB	3	F88F	1	拒い	
0x207A03	3	F88F	1	巾い	
0x207A0B	3	F88F	1	駆い	
0x207A0F	3	F88F	1	計い	
0x207A13	3	F88F	1	建い	
0x207A23	3	F88F	1	脚う	
0x207A2B	3	F88F	1	僑う	
0x207A2F	3	F88F	1	極う	
0x207A33	3	F88F	1	銀う	
0x207A37	3	F88F	1	遇う	
0x207A3B	3	F88F	1	郡う	
0x207A4B	3	F88F	1	月う	
0x207A5B	3	F88F	1	桑い	
0x207A5F	3	F88F	1	牽う	
0x207A63	3	F88F	1	欽え	
0x207A67	3	F88F	1	謹え	
0x207A6B	3	F88F	1	駆え	
0x207A7F	3	F88F	1	粂え	
0x207A83	3	F88F	1	祁え	
0x207A87	3	F88F	1	健え	
0x207A8B	3	F88F	1	賢え	
0x207A8F	3	F88F	1	蕎お	
0x207AA7	3	F88F	1	句お	
0x207AAB	3	F88F	1	寓お	
0x207AAF	3	F88F	1	繰お	
0x207ACB	3	F88F	1	喧お	
0x207ACF	3	F88F	1	研お	
0x207AD3	3	F88F	1	丘か	
0x207AE7	3	F88F	1	供か	
0x207AEB	3	F88F	1	恭か	
0x207AEF	3	F88F	1	響か	
0x207AF3	3	F88F	1	僅か	
0x207AF7	3	F88F	1	郡か	
0x207AFB	3	F88F	1	芸か	
0x207AFF	3	F88F	1	券か	
0x207B0B	3	F88F	1	桔き	
0x207B0F	3	F88F	1	協き	
0x207B13	3	F88F	1	橋き	
0x207B17	3	F88F	1	献え	
0x207B1B	3	F88F	1	砧え	
0x207B1F	3	F88F	1	及お	
0x207B2F	3	F88F	1	玖き	
0x207B3B	3	F88F	1	経き	
0x207B3F	3	F88F	1	結き	
0x207B43	3	F88F	1	犬き	
0x207B47	3	F88F	1	球く	
0x207B4B	3	F88F	1	挙く	
0x207B4F	3	F88F	1	僑く	
0x207B53	3	F88F	1	叫く	
0x207B57	3	F88F	1	驚く	
0x207B5B	3	F88F	1	極く	
0x207B5F	3	F88F	1	均く	
0x207B63	3	F88F	1	琴く	
0x207B67	3	F88F	1	菌く	
0x207B6B	3	F88F	1	偶く	
0x20831B	3	F88F	1	こゴづ	
0x2086BE	3	F88F	1	ペあや	
0x208782	3	F88F	1	か（か	
0x2088DE	3	F88F	1	Ｒねぜ	
0x208F4D	3	FF	1	ぜＷヅ	
0x2093C6	3	F88F	1	Ｒねけ	
0x2094E2	3	F88F	1	Ｒくい	
0x20957A	3	F88F	1	イてお	
0x209BBE	3	F88F	1	Ｒねッ	
0x20A07F	3	F88F	1	居ざ	
0x20A341	3	FF	1	みゥ（	
0x20A5D6	3	F840	1	ドなワ	
0x20A5DA	3	F840	1	ペうヤ	
0x20A642	3	FF	1	い（ク	
0x20AA83	3	FF	1	はぢじ	
0x20AB56	3	F883	1	セ）つ	
0x20AB66	3	F883	1	セ）せ	
0x20AC1B	3	F841	1	護ぐ	
0x20AC26	3	F841	1	キて『	
0x20B086	3	FF	1	ィＵい	
0x20B0F2	3	FF	1	セ）さ	
0x20B18A	3	FF	1	ぞ。あ	
0x20B1AE	3	FF	1	ィ（し	
0x20B1BA	3	FF	1	ぱペあ	
0x20B21E	3	FF	1	ペあう	
0x20B2F2	3	F880	1	ほ）え	
0x20B469	3	FF	1	たぞ（	
0x20B48E	3	FF	1	ィ（か	
0x20B5D3	3	FF	1	こそが	
0x20B7BD	3	F88F	1	ァペて	
0x20B856	3	F88F	1	ペてさ	
0x20B86E	3	F88F	1	Ｙきタ	
0x20B87E	3	F88F	1	Ｙきシ	
0x20B946	3	F88F	1	ペてい	
0x20B9B2	3	F88F	1	Ｙきそ	
0x20B9C2	3	F88F	1	Ｙきさ	
0x20B9CE	3	F88F	1	キてう	
0x20B9DE	3	F88F	1	Ｙきえ	
0x20C08E	3	FF	1	ぽてま	
0x20C16E	3	FF	1	ィ（ト	
0x20C176	3	FF	1	チＷか	
0x20C18A	3	FF	1	ゥ（ト	
0x20C37A	3	FF	1	ぽてく	
0x20C40B	3	FF	1	はぞっ	
0x20C58E	3	F88F	1	Ｒねか	
0x20C6F6	3	FF	1	ペてか	
0x20CA92	3	FF	1	エてお	
0x20D2A3	3	FC	1	庫ゆ	
0x20D392	3	FF	1	エ）け	
0x20D397	3	FF	1	はセぃ	
0x20D3B7	3	FF	1	浩や	
0x20D3DB	3	FF	1	昂や	
0x20D573	3	FF	1	は・ぁ	
0x20D58A	3	FF	1	キ）き	
0x20D592	3	FF	1	。おい	
0x20D5BE	3	FF	1	アてえ	
0x20D60A	3	FF	1	プなほ	
0x20D64E	3	F840	1	カ）ト	
0x20D66E	3	F825	1	カ）づ	
0x20D699	3	F825	1	ちダ・	
0x20D8C7	3	FC	1	こつぁ	
0x20DC9E	3	FF	1	ア）さ	
0x20DCA2	3	FF	1	ペあみ	
0x20DD7A	3	FF	1	タ）お	
0x20DD7E	3	FF	1	ぽ）ふ	
0x20DD85	3	FF	1	たペ１	
0x20DDFE	3	FF	1	い（ふ	
0x20DE0A	3	FF	1	ュ（さ	
0x20DE22	3	FF	1	コ）う	
0x20DE52	3	FF	1	ア）り	
0x20DEAA	3	FF	1	ペうげ	
0x20DFD2	3	FC	1	コＦい	
0x20DFEE	3	FC	1	い（び	
0x20E016	3	FC	1	キ）ラ	
0x20E026	3	FF	1	エ）マ	
0x20E347	3	F880	1	号み	
0x20E41F	3	FF	1	荊あ	
0x20E427	3	FF	1	罫あ	
0x20E437	3	FF	1	経あ	
0x20E43B	3	FF	1	系あ	
0x20E43F	3	FF	1	稽あ	
0x20E443	3	FF	1	畦あ	
0x20E453	3	FF	1	敬あ	
0x20E45B	3	FF	1	掲あ	
0x20E45F	3	FF	1	慧あ	
0x20E463	3	FF	1	慶あ	
0x20E467	3	FF	1	恐あ	
0x20E46B	3	FF	1	恵あ	
0x20E46F	3	FF	1	径あ	
0x20E473	3	FF	1	形あ	
0x20E477	3	FF	1	契あ	
0x20E493	3	FF	1	狭あ	
0x20E497	3	FF	1	係あ	
0x20E4A7	3	FF	1	郡あ	
0x20E4AF	3	FF	1	群あ	
0x20E4B3	3	FF	1	訓あ	
0x20E4B7	3	FF	1	薫あ	
0x20E4BB	3	FF	1	君あ	
0x20E4BF	3	FF	1	勲あ	
0x20E4C3	3	FF	1	鍬あ	
0x20E4CF	3	FF	1	栗あ	
0x20E4D3	3	FF	1	粂あ	
0x20E4D7	3	FF	1	隈あ	
0x20E4E3	3	FF	1	轡あ	
0x20E4E7	3	FF	1	靴あ	
0x20E4F3	3	FF	1	掘あ	
0x20E4F7	3	FF	1	屑あ	
0x20E52B	3	FF	1	具あ	
0x20E52F	3	FF	1	駒あ	
0x20E53F	3	FF	1	苦あ	
0x20E54B	3	FF	1	錦あ	
0x20E54F	3	FF	1	区あ	
0x20E553	3	FF	1	句あ	
0x20E557	3	FF	1	倶あ	
0x20E573	3	FF	1	襟あ	
0x20E577	3	FF	1	衿あ	
0x20E57B	3	FF	1	菌あ	
0x20E57F	3	FF	1	芹あ	
0x20E583	3	FF	1	緊あ	
0x20E587	3	FF	1	筋あ	
0x20E58B	3	FF	1	禁あ	
0x20E58F	3	FF	1	琴あ	
0x20E597	3	FF	1	欽あ	
0x20E5A7	3	FF	1	巾あ	
0x20E5BB	3	FF	1	桐あ	
0x20E5BF	3	FF	1	玉あ	
0x20E5C3	3	FF	1	極あ	
0x20E5DB	3	FF	1	凝あ	
0x20E5EB	3	FF	1	響あ	
0x20E9D7	3	FF	1	こ・れ	
0x20EA4A	3	FF	1	『おう	
0x20EAA3	3	FD	1	刑れ	
0x20EAB2	3	FD	1	ア）こ	
0x20EAD2	3	FD	1	ォ（あ	
0x20EBC2	3	FF	1	コてか	
0x20EC6E	3	F84F	1	ぽ）ィ	
0x20ED32	3	FD	1	ぽてゃ	
0x20ED36	3	FD	1	ぽては	
0x20EDE6	3	F88F	1	ペ）ソ	
0x20EE76	3	FF	1	ぽ）ヴ	
0x20EE7B	3	FF	1	ぐ３る	
0x20EE9B	3	FF	1	はパる	
0x20F07A	3	FF	1	ーおあ	
0x20F07E	3	FF	1	ぽうネ	
0x20F0F2	3	FF	1	ぽてぼ	
0x20F23A	3	FF	1	イ）ぶ	
0x20F23F	3	FF	1	ぐＩり	
0x20F263	3	FF	1	は９り	
0x20F2FE	3	F84F	1	ア）ろ	
0x20F326	3	F84F	1	ぽてひ	
0x20F34A	3	FF	1	コ）つ	
0x20F37A	3	FF	1	コ）か	
0x20F3B3	3	FF	1	ぐキり	
0x20F3D7	3	FF	1	はぷり	
0x20F4FA	3	F84F	1	ぽてポ	
0x20F4FF	3	F84F	1	こフあ	
0x20F50B	3	F84F	1	こノあ	
0x20F523	3	F84F	1	こテあ	
0x20F557	3	F84F	1	驚あ	
0x20F55B	3	F84F	1	饗あ	
0x20F56B	3	F84F	1	蕎あ	
0x20F56F	3	F84F	1	興あ	
0x20F583	3	F84F	1	狂あ	
0x20F587	3	F84F	1	況あ	
0x20F58B	3	F84F	1	橋あ	
0x20F5D3	3	F84F	1	兇あ	
0x20F5DB	3	F84F	1	侠あ	
0x20F5F3	3	F84F	1	禦あ	
0x20F5F7	3	F84F	1	漁あ	
0x20F5FB	3	F84F	1	鋸あ	
0x20F603	3	F84F	1	許あ	
0x20F69E	3	F88F	1	アてい	
0x20F716	3	F88F	1	ぽて・	
0x20F80A	3	FF	1	イて７	
0x20F842	3	FF	1	カ）ベ	
0x20F94F	3	F88F	1	こ導	
0x20F9B6	3	F88F	1	ぽてじ	
0x20FA22	3	FF	1	ぽうも	
0x20FACE	3	FF	1	ぽ）レ	
0x20FAF7	3	FE	1	はャよ	
0x20FB92	3	F84F	1	ウ）ぱ	
0x20FBD6	3	F84F	1	コてふ	
0x20FBDA	3	F84F	1	コてぁ	
0x20FC8E	3	FF	1	ウ）き	
0x20FCCB	3	FF	1	ぐちよ	
0x20FCEF	3	FF	1	はくよ	
0x20FD99	3	F800	1	ぞヅ・	
0x20FDCF	3	F800	1	鯨ゆ	
0x20FFF2	3	FF	1	ガ（く	
0x210056	3	FF	1	アてへ	
0x210072	3	FF	1	アてに	
0x210112	3	FF	1	アてか	
0x210152	3	FF	1	ペうけ	
0x210156	3	FF	1	Ｙおあ	
0x210177	3	FF	1	ぐ・や	
0x21019B	3	FF	1	は×や	
0x21021B	3	FF	1	こＲや	
0x21025B	3	FF	1	啓や	
0x210366	3	F84F	1	ガ（こ	
0x2106BF	3	FF	1	こボも	
0x21071A	3	FF	1	ガ（ふ	
0x21074A	3	FF	1	ヂ・ヤ	
0x21081A	3	FF	1	コ）ぎ	
0x210932	3	FF	1	コ）ほ	
0x210942	3	FE	1	コ）は	
0x21096E	3	FF	1	ぽてさ	
0x210CC5	3	FF	1	ぃペて	
0x2110DF	3	FF	1	此や	
0x211137	3	FF	1	はデや	
0x21113B	3	FF	1	勾ご	
0x211147	3	FD	1	劫や	
0x211197	3	FF	1	はンや	
0x21119B	3	FF	1	吾ご	
0x211213	3	FF	1	はソや	
0x211217	3	FF	1	個ご	
0x211306	3	FF	1	ペ）ぴ	
0x2113A7	3	FB	1	困げ	
0x2113DA	3	FD	1	ペ）ね	
0x21140B	3	FF	1	はぞみ	
0x2115B3	3	FF	1	はラも	
0x2116DA	3	FD	1	ァいい	
0x2116DE	3	FD	1	ァつぅ	
0x2116EE	3	FD	1	ァつを	
0x2116FE	3	FD	1	ァつる	
0x21172E	3	FD	1	ァつへ	
0x21174A	3	FD	1	プおフ	
0x21174E	3	FD	1	プなな	
0x211762	3	FD	1	プおシ	
0x211766	3	FD	1	プなそ	
0x21178A	3	FD	1	ァつか	
0x211796	3	FD	1	ァいく	
0x21179A	3	FD	1	ァつい	
0x211C86	3	FF	1	ペ）ヅ	
0x211C8B	3	FF	1	碕ら	
0x211D62	3	F880	1	Ｒねき	
0x211E02	3	FF	1	い（う	
0x211E22	3	FF	1	ペ）ん	
0x211F52	3	FF	1	ぁ）お	
0x211F5A	3	FF	1	ぁ）く	
0x21202E	3	FF	1	ペダち	
0x212032	3	FF	1	ペェほ	
0x212036	3	FF	1	ぁ）せ	
0x21203E	3	FF	1	ぁ）そ	
0x21204E	3	FF	1	ぁ）す	
0x21207A	3	FF	1	ズ）ふ	
0x21209F	3	F840	1	こふへ	
0x212216	3	FB	1	イうほ	
0x212239	3	FF	1	みペち	
0x212266	3	FF	1	ウ）な	
0x21234E	3	FC	1	イ）に	
0x2125B2	3	FF	1	ク）う	
0x21274B	3	FF	1	甑そ	
0x212762	3	FF	1	エ）し	
0x212992	3	FE	1	ク）き	
0x212A3D	3	F843	1	ぜぞ（	
0x212A4F	3	F883	1	はＵは	
0x212AC2	3	FE	1	カうき	
0x212AD6	3	FE	1	カうあ	
0x212B3B	3	FF	1	こッは	
0x212B6B	3	FF	1	はルは	
0x212C33	3	F88F	1	こＫせ	
0x212C62	3	FF	1	ギ（こ	
0x212CCE	3	FF	1	ァ（お	
0x212D9D	3	F88F	1	あァ。	
0x212E5A	3	FF	1	エ）か	
0x212E76	3	FF	1	ペェし	
0x212E7A	3	FF	1	ゴッし	
0x212ECB	3	FF	1	こポの	
0x212EDA	3	FF	1	ア）テ	
0x212F06	3	FF	1	エ）ク	
0x212F52	3	F88F	1	エ）で	
0x212F86	3	F88F	1	エ）が	
0x212FA7	3	F88F	1	こハの	
0x212FE2	3	F88F	1	エ）む	
0x2131BA	3	FF	1	ケ）お	
0x2131C2	3	FF	1	オああ	
0x21329A	3	FF	1	エ）お	
0x2132A5	3	FF	1	ぜ（う	
0x2132E7	3	FF	1	８へそ	
0x21331F	3	FF	1	及そ	
0x2133FD	3	FF	1	ミペう	
0x213457	3	FF	1	れＶせ	
0x21349B	3	FF	1	型せ	
0x21362A	3	FD	1	ケ）さ	
0x2136DE	3	FF	1	ペうた	
0x2136EA	3	FF	1	ゴなた	
0x21370E	3	FF	1	ぞ（ペ	
0x21392E	3	F88F	1	イ）か	
0x213A82	3	F88F	1	ガ（ぃ	
0x213B93	3	FF	1	尭え	
0x213B9B	3	FF	1	仰え	
0x213B9F	3	FF	1	驚え	
0x213BA3	3	FF	1	饗え	
0x213BA7	3	FF	1	響え	
0x213BAB	3	FF	1	鏡え	
0x213BAF	3	FF	1	郷え	
0x213BB3	3	FF	1	駈う	
0x213BB7	3	FF	1	駆う	
0x213BC3	3	FF	1	矯え	
0x213BC7	3	FF	1	狭え	
0x213BCB	3	FF	1	狂え	
0x213BDF	3	FF	1	恭え	
0x213BE3	3	FF	1	恐え	
0x213BE7	3	FF	1	怯え	
0x213BEF	3	FF	1	強え	
0x213BFB	3	FF	1	鍵い	
0x213BFF	3	FF	1	蕎う	
0x213C0B	3	FF	1	協え	
0x213C0F	3	FF	1	凶え	
0x213C13	3	FF	1	共え	
0x213C17	3	FF	1	斤あ	
0x213C1B	3	FF	1	兇え	
0x213C1F	3	FF	1	僑え	
0x213C27	3	FF	1	傾あ	
0x213C2B	3	FF	1	京え	
0x213C2F	3	FF	1	享え	
0x213C43	3	FF	1	結あ	
0x213C4F	3	FF	1	犬あ	
0x213C53	3	FF	1	渠え	
0x213C57	3	FF	1	挙え	
0x213C5B	3	FF	1	給い	
0x213C5F	3	FF	1	京い	
0x213C63	3	FF	1	怯い	
0x213C67	3	FF	1	居え	
0x213C6B	3	FF	1	去え	
0x213C6F	3	FF	1	牛え	
0x213C73	3	FF	1	暁い	
0x213C77	3	FF	1	粁い	
0x213C7B	3	FF	1	欣い	
0x213C7F	3	FF	1	斤い	
0x213C83	3	FF	1	笈え	
0x213C87	3	FF	1	窮え	
0x213C8B	3	FF	1	究え	
0x213C8F	3	FF	1	球え	
0x213C93	3	FF	1	僅い	
0x213C97	3	FF	1	泣え	
0x213C9B	3	FF	1	桐い	
0x213C9F	3	FF	1	求え	
0x213CA3	3	FF	1	極い	
0x213CA7	3	FF	1	救え	
0x213CAB	3	FF	1	急え	
0x213CAF	3	FF	1	弓え	
0x213CB3	3	FF	1	宮え	
0x213CB7	3	FF	1	吸え	
0x213CC3	3	FF	1	仇え	
0x213CC7	3	FF	1	久え	
0x213CCB	3	FF	1	丘え	
0x213CCF	3	FF	1	逆え	
0x213CD3	3	FF	1	虐え	
0x213CD7	3	FF	1	脚え	
0x213CDB	3	FF	1	興い	
0x213CDF	3	FF	1	脅い	
0x213CE3	3	FF	1	胸い	
0x213CE7	3	FF	1	矯い	
0x213CEF	3	FF	1	継い	
0x213CF3	3	FF	1	橘え	
0x213CF7	3	FF	1	橋い	
0x213CFB	3	FF	1	教い	
0x213CFF	3	FF	1	挟い	
0x213D03	3	FF	1	禽い	
0x213D07	3	FF	1	恐い	
0x213D0B	3	FF	1	謙う	
0x213D0F	3	FF	1	見う	
0x213D13	3	FF	1	強い	
0x213D17	3	FF	1	県う	
0x213D1F	3	FF	1	硯う	
0x213D23	3	FF	1	叫い	
0x213D27	3	FF	1	遇い	
0x213D2B	3	FF	1	犬う	
0x213D2F	3	FF	1	協い	
0x213D33	3	FF	1	権う	
0x213D37	3	FF	1	検う	
0x213D3B	3	FF	1	捲う	
0x213D3F	3	FF	1	拳う	
0x213D43	3	FF	1	懸う	
0x213D47	3	FF	1	憲う	
0x213D4B	3	FF	1	建う	
0x213D4F	3	FF	1	嫌う	
0x213D53	3	FF	1	堅う	
0x213D57	3	FF	1	圏う	
0x213D5F	3	FF	1	剣う	
0x213D63	3	FF	1	郡い	
0x213D67	3	FF	1	絹い	
0x213D6B	3	FF	1	救う	
0x213D73	3	FF	1	琴う	
0x213D77	3	FF	1	駒う	
0x213D7B	3	FF	1	繰う	
0x213D7F	3	FF	1	蛍う	
0x213D9E	3	FF	1	イ）ネ	
0x213E02	3	FF	1	ペェＡ	
0x214226	3	FF	1	ァいワ	
0x21422A	3	FF	1	ゴおと	
0x21434A	3	FF	1	ゥ（え	
0x2144A6	3	FF	1	つ）リ	
0x2144AE	3	FF	1	ァいリ	
0x2144B2	3	FF	1	ゴおね	
0x214A36	3	FF	1	パ＋い	
0x214A4A	3	FF	1	パＺあ	
0x214A9B	3	FC	1	こ…か	
0x214ACA	3	FF	1	ぽ）グ	
0x214B1A	3	FF	1	ペうＡ	
0x214B1E	3	FF	1	ゴおヨ	
0x214B46	3	FF	1	ぽ）フ	
0x214BDE	3	FF	1	ぜ（い	
0x214BEE	3	FF	1	ゴ３だ	
0x214C26	3	FF	1	ア）っ	
0x214C42	3	FF	1	アうく	
0x214C47	3	FF	1	はナか	
0x214C66	3	FF	1	ゴゃや	
0x214C9E	3	FF	1	ゴゃに	
0x214D4E	3	FF	1	ア）ア	
0x214DA2	3	F88F	1	ウ）み	
0x214DE2	3	F88F	1	あつあ	
0x214E6E	3	FF	1	あ（み	
0x214E86	3	FF	1	エ）よ	
0x214F7E	3	FF	1	エ）と	
0x214FBD	3	FF	1	ぜゴＺ	
0x21503E	3	FF	1	エ）ら	
0x215182	3	FF	1	オ）み	
0x2151B2	3	FF	1	カ）と	
0x2152E5	3	FF	1	ズペて	
0x21535E	3	FC	1	オ）と	
0x215512	3	FF	1	さ（こ	
0x215552	3	FF	1	ヂ）お	
0x21555A	3	FF	1	ァＧき	
0x2158AD	3	FF	1	ァペ「	
0x2158C6	3	FF	1	ペてき	
0x2159A6	3	FF	1	オ）ク	
0x215A36	3	FF	1	ギ（け	
0x215A8E	3	F88F	1	Ｒがし	
0x215A96	3	F88F	1	か（ふ	
0x215B6E	3	FC	1	ゴおど	
0x215C72	3	FC	1	ペＸし	
0x215C76	3	FC	1	ゴＺえ	
0x215CC3	3	F88F	1	京あ	
0x215CC7	3	F88F	1	享あ	
0x215CF3	3	F88F	1	拠あ	
0x215CFB	3	F88F	1	巨あ	
0x215D0F	3	F88F	1	給あ	
0x215D17	3	F88F	1	級あ	
0x215D1B	3	F88F	1	笈あ	
0x215D1F	3	F88F	1	窮あ	
0x215D2B	3	F88F	1	灸あ	
0x215D33	3	F88F	1	汲あ	
0x215D37	3	F88F	1	求あ	
0x215D3B	3	F88F	1	朽あ	
0x215D3F	3	F88F	1	救あ	
0x215D43	3	F88F	1	急あ	
0x215D47	3	F88F	1	弓あ	
0x215D4B	3	F88F	1	宮あ	
0x215D4F	3	F88F	1	吸あ	
0x215D53	3	F88F	1	及あ	
0x215D5B	3	F88F	1	仇あ	
0x215D6B	3	F88F	1	虐あ	
0x215D6F	3	F88F	1	脚あ	
0x215D73	3	F88F	1	客あ	
0x215D77	3	F88F	1	却あ	
0x215D7B	3	F88F	1	黍あ	
0x216562	3	FF	1	ぁ）ん	
0x2165AA	3	FF	1	ぁ）さ	
0x2165B5	3	FF	1	しペち	
0x2165D2	3	FF	1	ぁ）ぬ	
0x2165E2	3	FF	1	ぁ）ち	
0x2165EA	3	FF	1	ぁ）て	
0x2165F2	3	FF	1	ぁ）と	
0x2165FA	3	FF	1	ぁ）な	
0x2168B2	3	FF	1	ァ（し	
0x216A66	3	FD	1	ペ）ゴ	
0x216A76	3	FC	1	ペ）ガ	
0x216AF2	3	FD	1	ペ）ハ	
0x216B2A	3	FC	1	ペ）パ	
0x216B8E	3	FC	1	ペ）ぢ	
0x216C82	3	FF	1	ペ）ぽ	
0x21728A	3	FF	1	あ（ワ	
0x2174CA	3	FC	1	ア）カ	
0x2174D2	3	FC	1	ペ）だ	
0x2174F6	3	FC	1	ペ）げ	
0x217502	3	FC	1	ア）び	
0x21750A	3	FC	1	ペ）わ	
0x217532	3	FC	1	ペ）れ	
0x21753E	3	FC	1	ペ）ら	
0x21754A	3	FC	1	ア）ゅ	
0x21758A	3	FC	1	ア）よ	
0x217737	3	FF	1	こンき	
0x217B2E	3	FF	1	ペ）ヴ	
0x217BB2	3	FF	1	○なあ	
0x217D7A	3	FF	1	ボ・う	
0x217DCE	3	FF	1	ィたせ	
0x217DD2	3	FF	1	。なほ	
0x217DFE	3	FF	1	ピ・こ	
0x217F82	3	FF	1	ァつは	
0x21805F	3	FD	1	及る	
0x218093	3	FD	1	柵え	
0x21818F	3	FF	1	左り	
0x2181C3	3	FF	1	恨え	
0x21828B	3	FF	1	矩あ	
0x21828F	3	FF	1	圭あ	
0x218293	3	FF	1	訣あ	
0x2182A7	3	FF	1	泣い	
0x21830B	3	FF	1	拘え	
0x21834B	3	FC	1	はげＪ	
0x2183D7	3	FF	1	互え	
0x21844F	3	F805	1	諺え	
0x218487	3	F805	1	は吸	
0x218497	3	FD	1	鷺お	
0x218537	3	F804	1	宰う	
0x21859F	3	FF	1	浩せ	
0x2185FF	3	FF	1	漉う	
0x218657	3	FF	1	こザう	
0x218663	3	FF	1	こ、ナ	
0x218697	3	FF	1	膏う	
0x2186FF	3	FF	1	昂う	
0x2188A3	3	FF	1	こＡす	
0x218967	3	FF	1	こロす	
0x218A33	3	FF	1	はブよ	
0x218A67	3	FF	1	鋼い	
0x218AC7	3	FF	1	硬い	
0x218AFF	3	FF	1	はぱそ	
0x218B07	3	FD	1	康え	
0x218B13	3	FD	1	幸え	
0x218BAA	3	FF	1	ペうォ	
0x218BAE	3	FF	1	ァつほ	
0x218C62	3	FF	1	セ）き	
0x218E36	3	F880	1	あ（え	
0x218F1F	3	FD	1	れハせ	
0x218F3F	3	FD	1	ブツせ	
0x2193DB	3	FD	1	はぜさ	
0x219656	3	FF	1	ペポほ	
0x21965A	3	FF	1	ぁポい	
0x219662	3	FF	1	ペＦほ	
0x21973A	3	FF	1	イ）さ	
0x21977D	3	FF	1	ぅゲ（	
0x2197BE	3	FF	1	ぽ）た	
0x219A5E	3	F88F	1	ゲ・お	
0x219B1A	3	FF	1	ぁ）わ	
0x219BA6	3	FC	1	ェ・あ	
0x219C5E	3	FC	1	ピ・っ	
0x219E12	3	F830	1	キ）い	
0x219F0A	3	F843	1	○なこ	
0x21A316	3	FF	1	ち）く	
0x21A3B1	3	F840	1	ミペ）	
0x21A43E	3	FC	1	ズ旭	
0x21A49E	3	FF	1	ゾ旭	
0x21A4C5	3	FF	1	きィ（	
0x21A64B	3	F883	1	えぜた	
0x21A653	3	F883	1	えだた	
0x21AD16	3	FF	1	ぁ）び	
0x21AE26	3	FF	1	ぁ）イ	
0x21AE2B	3	FF	1	えイた	
0x21B43A	3	FF	1	こい！	
0x21B85E	3	FF	1	ペうだ	
0x21B862	3	FF	1	Ｗおぃ	
0x21B9AA	3	FF	1	ペ）マ	
0x21BCB6	3	F84F	1	ド旭	
0x21BCBA	3	F84F	1	ャ圧	
0x21BD5E	3	FD	1	ィ（と	
0x21BE0E	3	FF	1	エちが	
0x21BEFE	3	FD	1	オ）さ	
0x21BF2A	3	FF	1	ク）パ	
0x21CD4E	3	FD	1	ェ（う	
0x21D3D2	3	FD	1	エ）シ	
0x21D71A	3	FD	1	ぽうマ	
0x21D726	3	FD	1	エ）フ	
0x21DD0E	3	FF	1	キてく	
0x21DE9E	3	FD	1	ペぉや	
0x21DEA2	3	FD	1	ォゃあ	
0x21DEBA	3	FD	1	ペぉＧ	
0x21DECA	3	FD	1	ペもＧ	
0x21DF36	3	FD	1	オ）の	
0x21E36E	3	FF	1	ペ）ボ	
0x21E3BE	3	FD	1	ペ）ョ	
0x21E3D6	3	FE	1	」ゃけ	
0x21E3DA	3	FE	1	ぽぉぐ	
0x21E6BA	3	F881	1	ーぅそ	
0x21E6BE	3	F881	1	ぽぉう	
0x21E6E6	3	F881	1	ーむの	
0x21E6EA	3	F881	1	ぽもう	
0x21E70E	3	F881	1	クてく	
0x21E782	3	FF	1	オＨと	
0x21EA1B	3	FF	1	玄あ	
0x21F14A	3	FC	1	ペ）と	
0x21F2B6	3	FC	1	Ｙちき	
0x21F412	3	FC	1	キ）な	
0x21F63A	3	FC	1	ペ）ぐ	
0x21F9BA	3	FD	1	エ）の	
0x21FB7B	3	FF	1	はで・	
0x21FF1E	3	FF	1	ィ（い	
0x2202E2	3	F821	1	ペぢあ	
0x22034E	3	FF	1	キうこ	
0x2203CE	3	FD	1	クうし	
0x22042E	3	FF	1	ク）く	
0x220683	3	FF	1	ブドえ	
0x2206CB	3	FC	1	窪え	
0x22091A	3	FF	1	ペ）ぺ	
0x2209BE	3	FC	1	コてえ	
0x2209C2	3	FC	1	コてろ	
0x220ADA	3	FF	1	ビ葵	
0x220AF6	3	FF	1	ピ旭	
0x220C62	3	F843	1	ピ阿	
0x220C66	3	F843	1	ゲ挨	
0x220F33	3	FF	1	ぐヴ）	
0x220FEE	3	FD	1	ペ）く	
0x221052	3	FF	1	う（あ	
0x221275	3	FC	1	ぃェ（	
0x2212D2	3	FF	1	ゴ安	
0x2214ED	3	F840	1	たザ・	
0x22170E	3	FF	1	ペうり	
0x221712	3	FF	1	ゴおけ	
0x2219EA	3	FF	1	キ）ヂ	
0x221A22	3	FF	1	ぽうや	
0x221A82	3	FB	1	ッ（ね	
0x221D02	3	FD	1	ッ（た	
0x221D46	3	FF	1	キ）ぅ	
0x22226B	3	FF	1	はホき	
0x222273	3	FF	1	健き	
0x222317	3	FF	1	はほ❤	
0x22233B	3	FF	1	はぐき	
0x222343	3	FF	1	珪き	
0x2223DF	3	FF	1	はちき	
0x2223E7	3	FF	1	虞き	
0x22244F	3	FF	1	禽き	
0x222552	3	FC	1	ィＪえ	
0x2225FA	3	FF	1	ペうＩ	
0x222617	3	FF	1	はセ～	
0x22263B	3	FF	1	はレか	
0x222643	3	FF	1	捲か	
0x2226CF	3	FF	1	はぃ～	
0x2226F3	3	FF	1	はぱか	
0x2226FB	3	FF	1	経か	
0x222883	3	FF	1	は愛	
0x22288B	3	FF	1	曲か	
0x22289E	3	FF	1	エあま	
0x222953	3	FF	1	はジ』	
0x222977	3	FF	1	は９お	
0x22297F	3	FF	1	給か	
0x222A4A	3	F880	1	Ｒくね	
0x222A57	3	F880	1	こザ』	
0x222A72	3	F880	1	Ｒくた	
0x222AF3	3	FF	1	はぱお	
0x222AFB	3	FF	1	経お	
0x222B4A	3	FF	1	エあも	
0x222BD2	3	FF	1	エああ	
0x222C53	3	FF	1	禁お	
0x222D5B	3	FF	1	はゴ『	
0x222D7F	3	FF	1	は７え	
0x222D87	3	FF	1	級お	
0x222E73	3	FF	1	はば『	
0x222E97	3	FF	1	はテえ	
0x222E9F	3	FF	1	欠え	
0x222F17	3	F803	1	はセ『	
0x222FB7	3	FF	1	はひえ	
0x222FBF	3	FF	1	屑え	
0x2236E6	3	FF	1	ペてこ	
0x22391E	3	FF	1	ズ）し	
0x22424A	3	F84F	1	』おい	
0x224276	3	F84F	1	ぽあや	
0x224292	3	F84F	1	ペてダ	
0x2242AA	3	F84F	1	ペてヂ	
0x224392	3	F88F	1	ペうゼ	
0x2244DB	3	FF	1	は、い	
0x2244E3	3	FF	1	黍う	
0x224583	3	FF	1	はヲ「	
0x2245EB	3	FF	1	はノ「	
0x22460F	3	FF	1	はォい	
0x224617	3	FF	1	掲い	
0x224627	3	FF	1	はエ「	
0x2246B7	3	FF	1	はゅ「	
0x2246DB	3	FF	1	はアい	
0x2246E3	3	FF	1	愚い	
0x22475F	3	FF	1	はし「	
0x224783	3	FF	1	はらい	
0x22478B	3	FF	1	業い	
0x2247BE	3	F883	1	ぽ）ち	
0x22481E	3	F883	1	Ｒくヤ	
0x2248FB	3	FF	1	はプ…	
0x22490A	3	FF	1	ぽうぃ	
0x224912	3	FF	1	ぽうそ	
0x224917	3	FF	1	はピ…	
0x22493F	3	FF	1	はＭあ	
0x224A4A	3	FF	1	ぁあか	
0x224A82	3	FF	1	ペもう	
0x224AB2	3	FF	1	ぜつい	
0x224AB6	3	FF	1	Ｖぬほ	
0x224ABA	3	FF	1	ぁちし	
0x224B5E	3	FC	1	ぽ）て	
0x224BAA	3	FC	1	ペもい	
0x22512A	3	FF	1	ぽうて	
0x225166	3	FF	1	アあえ	
0x22526A	3	FF	1	ギ（い	
0x22545B	3	FF	1	はぇう	
0x225463	3	FF	1	凝う	
0x22555F	3	FF	1	は飯	
0x22564B	3	FF	1	はＫい	
0x225653	3	FF	1	結い	
0x2256BF	3	FF	1	はビい	
0x2256C7	3	FF	1	稽い	
0x22576E	3	FF	1	ぽうで	
0x225776	3	FF	1	ぽうし	
0x22578E	3	F880	1	Ｒくみ	
0x22579F	3	F880	1	はチい	
0x2257D6	3	F880	1	Ｒくし	
0x2259D6	3	FC	1	Ｙああ	
0x22611E	3	FF	1	ペうす	
0x226232	3	FF	1	アあふ	
0x2263BE	3	FD	1	ペうど	
0x2263FA	3	FF	1	ペうに	
0x22640E	3	FF	1	ペうぬ	
0x2268CA	3	FF	1	ち）あ	
0x2268D2	3	FF	1	Ｙなペ	
0x2268E6	3	FF	1	Ｙおと	
0x226946	3	FF	1	Ｙなと	
0x226CBD	3	FF	1	ァＲね	
0x226E0A	3	F871	1	ペてり	
0x226E0E	3	F871	1	Ｙなり	
0x227052	3	F871	1	Ｙなし	
0x2270F0	3	FF	1	えうあ	
0x227150	3	FF	1	せすし	
0x227181	3	FF	1	あうえ	
0x227BFC	3	F8B0	1	ずアざ	
0x227DDA	3	F8B0	1	ぜみび	
0x227F68	3	F80F	1	かかう	
0x2280B5	3	F855	1	あうい	
0x228432	3	FF	1	クぃク	
0x228436	3	FF	1	ァぃァ	
0x228A48	3	FF	1	ゆよら	
0x228A4C	3	FF	1	ぞりこ	
0x228A71	3	FF	1	ヂたい	
0x228AD9	3	F891	1	ゲたい	
0x228BE1	3	FC	1	ガたい	
0x228D71	3	F864	1	ョたい	
0x228DB1	3	F885	1	ギたい	
0x228E01	3	F885	1	グたい	
0x228E71	3	F885	1	ズたい	
0x229088	3	FF	1	プあ／	
0x229151	3	FF	1	ヴＪカ	
0x229157	3	FF	1	ぃのね	
0x22919D	3	FF	1	ンペヲ	
0x229297	3	FF	1	ンみル	
0x2295D0	3	F882	1	おああ	
0x2295E8	3	F882	1	いあう	
0x229600	3	F882	1	えあい	
0x22960C	3	F882	1	えあえ	
0x229624	3	F882	1	あくう	
0x229955	3	F87D	1	ツたい	
0x229D6C	3	FF	1	ああと	
0x22A6B0	3	FE	1	バント	
0x22AAC1	3	FF	1	とこお	
0x22AACD	3	FF	1	ものこ	
0x22AB45	3	FF	1	もとお	
0x22AB5D	3	FF	1	とをそ	
0x22ABAF	3	FF	1	りこお	
0x22ABBB	3	FF	1	ぇここ	
0x22AC01	3	FF	1	こそほ	
0x22AC29	3	FF	1	ごとお	
0x22AC30	3	FF	1	ういあ	
0x22AC85	3	FF	1	こそぇ	
0x22ACDD	3	FF	1	ょとこ	
0x22AD0B	3	FF	1	ぽそお	
0x22B028	3	FF	1	必ず	반드시
0x22C465	3	FF	1	あいあ	
0x22C7EF	3	FC	1	おすお	
0x22C862	3	FC	1	い涛	
0x22D40C	3	F81F	1	くねえ	
