jp	ko
さっきまで読んでいた本の影響だと	아까까지 읽던 책의 영향이라고
だから、いつかこの街を出て行く。	그러니 언젠가 이 동네를 떠난다。
それを過ぎてしまうと・・・・・。	그걸 넘겨 버리면・・・・・。
それまで私を自由にさせておいて。	그때까지 날 자유롭게 놔둬。
それが過ぎれば、絶対に帰るから。	그게 지나면 반드시 돌아올 테니까。
旦那様にそうお伝えしておきます。	주인 어른께 그리 전해 두겠습니다。
何を食っているのかすらもわかって	뭘 먹고 있는지조차 알지
手首もスッパリいくって言ってた。	손목도 싹둑 간다고 했어。
そろそろ練習をしていこうと思う。	슬슬 연습을 해 나가려고 해。
がやってくるわけじゃないけどね。	가 찾아오는 건 아니지만。
感謝の言葉を言ってくれてだけで、	고맙다는 말을 해 준 것만으로、
この店でバイトしてて良かったって	이 가게에서 알바하길 잘했다고
返事、もしくはこっちを向こうよ。	대답하든가 이쪽을 보든가 해。
本ばかり読んでたら健康に悪いよ。	책만 읽으면 건강에 나빠。
叫び声は特に意味はないんだけど、	외침에 딱히 의미는 없지만、
そんな事より、それだけ芸の練習を	그것보다 그렇게 재주 연습을
しているんだったら、サーカス団に	하고 있다면 서커스단에
いや、あれは物凄い速さでボールを	아니、저건 엄청난 속도로 공을
今度は空中に投げたボールを正確に	이번엔 공중에 던진 공을 정확히
あのボールさばきは並じゃないな。	저 공 다루는 솜씨는 보통이 아냐。
声をかけただけなのに、なんでだ？	말을 걸었을 뿐인데 왜 그러지？
さん、本に夢中になると二日ぐらい	씨、책에 빠지면 이틀 정도
が見ているって事はたぶん・・・・	가 보고 있다는 건 아마・・・・
し、しかし、その前にこの目の前の	그、그런데 그 전에 이 눈앞의
「頑張れよ」と一言、言ってやる。	「힘내라」고 한마디 해 준다。
そう言ってくれる人がいるだけで、	그렇게 말해 주는 사람만 있어도、
いや、俺はそんなの信じないけど。	아니、난 그런 거 안 믿지만。
なんでこんな物が飛んでくるんだ？	왜 이런 게 날아오는 거야？
サルが男前だとは一言も言ってない	원숭이가 잘생겼다곤 한마디도 안 했
好きな子がメイドだったわけだね。	좋아하는 애가 메이드였던 거지。
近々、一度戻りますと・・・・・。	조만간 한 번 돌아간다고・・・・・。
さん、もしかして食べれる物なら、	씨、혹시 먹을 수 있는 거면、
だから、これは出さないで欲しい。	그러니 이건 내지 말아 줘。
そんな物を食材として扱ってる店を	그런 걸 식재료로 다루는 가게를
お気をつけて行ってらしゃいませ。	조심히 다녀오십시오。
この部屋は自由に使ってください。	이 방은 자유롭게 쓰세요。
出会えたら、その時は・・・・・。	만난다면 그때는・・・・・。
ご主人様の部屋の扉を少し開けて、	주인님 방문을 살짝 열고、
コーヒーでも飲んで落ち着きなよ。	커피라도 마시고 진정해。
なんか凄いこと聞いちゃったなって	뭔가 굉장한 걸 들어버렸다는
そんなの効くわけないじゃないか。	그런 게 들을 리가 없잖아。
こんなの効いてるわけないだろう。	이런 게 듣고 있을 리가 없잖아。
おお！よくできているじゃないか！	오오！잘 만들었잖아！
言いながらも将来の事を考えている	라면서도 장래를 생각하고 있는
男の客全員が殺し屋の目をしてる。	남자 손님 전원이 살인자 눈빛이야。
あの時は君のおかげで助かったよ？	그땐 네 덕분에 살았어？
このPCが止まれば僕も止まるし、	이 ＰＣ가 멈추면 나도 멈추고、
俺は眠いから昼寝の続きをします。	난 졸리니까 낮잠 마저 잘게。
といいアイツといい、そんな格好で	도 그렇고 저놈도 그런 차림으로
いろいろな場所を渡り歩いていた。	여러 곳을 떠돌아다녔다。
今みたいにその街に長居する事も、	지금처럼 그 동네에 오래 있는 것도
まあ、すっかりとは言わないけど、	뭐、완전히라곤 못 하겠지만、
あの本はどこから持ってきたんだ？	그 책은 어디서 가져온 거야？
ゴーイングマイウエイの極みだな。	마이웨이의 극치로군。
ボ～クの顔はいつ見ても愛らしくて	나～의 얼굴은 언제 봐도 사랑스럽고
いつ見ても、心臓が止まりそうだ。	언제 봐도 심장이 멎을 것 같다。
私がアンタなんかにおごるわけない	내가 너 따위한테 살 리가 없
食べるの、食べないのどっちなの？	먹을 거야、안 먹을 거야？
レトルトばかり食べてると思えば、	레토르트만 먹나 싶으면、
道の終わりまではっきりと見える。	길 끝까지 또렷이 보인다。
誰かが助けてくれるわけじゃない。	누가 도와주는 것도 아니다。
誰かが喜んでくれるわけじゃない。	누가 기뻐해 주는 것도 아니다。
だけど、その道を進もうとする事に	하지만 그 길을 가려는 것에
その道がその女の子の全てだった。	그 길이 그 여자애의 전부였다。
どうせ俺も中に入るんだし、持って	어차피 나도 안에 들어가니까 들어
本当に服を作るのが好きなんだな。	정말 옷 만드는 걸 좋아하는구나。
一回も作ってもらった事がないよ。	한 번도 만들어 받은 적이 없어。
もちろん、この商店街の助っ人から	물론 이 상점가 용병에서
本当にうらやましい・・・・・・。	정말 부럽다・・・・・・。
そして、私はまた不自由な空の下で	그리고 난 또 부자유한 하늘 아래서
本から目線を逸らさなかったのに。	책에서 시선을 떼지 않았는데。
いま読んでいる本に影響されたかの	지금 읽는 책에 영향받았거나
俺の為に手料理を作ってくれるのは	날 위해 손수 요리해 주는 건
が怪我とかしちゃうのは心配だよ。	가 다치거나 하는 게 걱정이야。
それを考えると守ったと思えばね。	그걸 생각하면 지킨 셈이지。
今日はこの帽子の先にある丸い物を	오늘은 이 모자 끝의 둥근 걸
むしろ、この喫茶店を見てると腹が	오히려 이 찻집을 보면 배가
今回の新作はなかなかの好評だった	이번 신작은 꽤 호평이었으니까
とりあえず本人に聞いてみないと、	일단 본인에게 물어보지 않으면、
どう見ても運動なんて・・・・・・	아무리 봐도 운동은・・・・・・
とりあえず鼻に電池を詰めておけば	일단 코에 건전지를 넣어 두면
それは当然だと、本に書いていた。	그건 당연하다고 책에 쓰여 있었어。
さん。そこまでする必要はないよ。	씨。거기까지 할 필요는 없어。
だからさ、近場で買えるので作って	그러니까 근처에서 살 수 있는 걸로
普段の生活に反映できないのかあ）	평소 생활에 반영 못 하는 걸까）
なのに、なんで着てくれないのさ。	그런데 왜 안 입어 주는 거야。
やっぱり食べ過ぎはよくないよな。	역시 과식은 안 좋지。
いや、俺もそう感じるから気のせい	아니、나도 그렇게 느끼니까 기분 탓
ドーンと公表しちゃったらどうだ？	확 공표해 버리면 어때？
の悪魔のような計算された行動に）	의 악마 같은 계산된 행동에）
人から逃げてちゃダメなんだよね。	사람한테서 도망치면 안 되는 거지。
なぜだかわかんないけど、この街に	왠지 모르겠지만 이 동네에
でも、ボ～クは一目見た時に好きに	근데 나～는 한눈에 봤을 때 좋아
が一目惚れするぐらいなんだから、	가 첫눈에 반할 정도니까、
友達は毎日一緒には居てくれない。	친구는 매일 같이 있어 주지 않아。
さんと何から何まで正反対なので、	씨와 하나부터 열까지 정반대라、
それに私がこの街に残っているのは	게다가 내가 이 동네에 남은 건
メイドは事件を見るんじゃなくて、	메이드는 사건을 보는 게 아니라、
私のはついでの理由だと思うけど、	내 건 곁다리 이유겠지만、
あの人が何かするには十分でしょ。	그 사람이 뭔가 하기엔 충분하잖아。
さんが弾くなら、どれでもいいよ。	씨가 연주한다면 뭐든 좋아。
人間とか、自分のお金じゃないのに	사람이라든가 제 돈도 아닌데
たった一人の女の子を喜ばせる為に	단 한 명의 여자애를 기쁘게 하려고
ぶつかって行って、道化になるのが	부딪혀 가며 광대가 되는 게
さんは俺と離れる方を選んだんだ。	씨는 나와 떨어지는 쪽을 골랐어。
きっとそう言って前に歩いていく。	분명 그리 말하고 앞으로 걸어간다。
不自由な空にいるなら、その上に。	부자유한 하늘에 있다면 그 위로。
だけど俺が君の鎖を引きちぎる事が	하지만 내가 네 사슬을 끊을 수
それができるのは自分だけだから。	그건 자기만이 할 수 있으니까。
でも君が俺を必要としてくれるなら	하지만 네가 날 필요로 해 준다면
戻って、自分が好きになった女の子	돌아가서 자기가 좋아하게 된 여자애
逃げていたら前と同じじゃないか！	도망치면 전과 똑같잖아！
世界を裏で操る男になりましょう。	세계를 뒤에서 조종할 남자가 되죠。
お前が何の反応もできないなんて。	네가 아무 반응도 못 하다니。
おごってくれた女の人は居るかな？	사 준 여자분은 있으려나？
じゃあ、ごゆっくりさっさとお帰り	그럼 천천히 얼른 돌아가
サンドイッチを持っていってみろ！	샌드위치를 가져가 봐！
さんの部屋に住んでいたんでしょ？	씨 방에 살고 있었잖아？
ダメージを与えないでやってくれ。	데미지를 주지 말아 줘。
今日はあの子を探しているんだ～。	오늘은 그 애를 찾고 있어～。
ああ、たぶん准が思い浮かべている	아、아마 준이 떠올리고 있는
ボ～クは君がだ～い好きなんだ～。	나～는 네가 너～무 좋아～。
ただもっと相手の事を知らないと、	다만 상대를 더 알지 못하면、
しかも、相手の好意はさらに倍増。	게다가 상대의 호의는 더욱 배증。
いつの間にか寝ていたみたいだな。	어느새 잠들었던 모양이군。
さんでも緊張する事があるんだな）	씨도 긴장할 때가 있구나）
料理が趣味な人の気持ちがわかる。	요리가 취미인 사람 마음을 알겠어。
しかも、一人で作れる数じゃない！	게다가 혼자 만들 양이 아냐！
「僕がメイドでメイドが僕で」だ！	「내가 메이드고 메이드가 나」다！
だから彼氏のフリをして欲しいの。	그러니 남자친구인 척해 줬으면 해。
１０月のビッグイベントがもうすぐ	１０월 빅 이벤트가 곧
嘘なら嘘で仕方ないんじゃないか。	거짓말이면 어쩔 수 없는 거 아냐。
まあ、そう見られても仕方が無いな	뭐、그렇게 보여도 어쩔 수 없지
そんな人に余計な情報を教えるわけ	그런 사람한테 쓸데없는 정보를 줄
少しプログラムを思いついたから、	프로그램이 좀 떠올랐으니까、
こちらのお席にどうぞ！ご主人様方	이쪽 자리로 오세요！주인님들
お前、さっき俺の事は・・・・・・	너 아까 나를・・・・・・
こんな所に立ってたら邪魔ですよ！	이런 데 서 있으면 방해예요！
知り合いというか、常連というか。	아는 사이랄까 단골이랄까。
それ以外にも何かを深く考えてる。	그 밖에도 뭔가를 깊이 생각해。
さん、そろそろ教えてくれないか？	씨、슬슬 알려주지 않겠어？
すでに未来の道が決められていた。	이미 미래의 길이 정해져 있었다。
自分の道を歩けばいいじゃないか。	자기 길을 걸으면 되잖아。
鎖を引きちぎって前に進んでいける	사슬을 끊고 앞으로 나아갈 수 있는
その力を持っているわけじゃない。	그 힘을 가진 건 아니야。
この世界から連れ出してあげると。	이 세계에서 데리고 나가 주겠다고。
さんなら辞書とか読んでそうだし。	씨라면 사전도 읽을 것 같고。
まあ、とりあえずせっかく来たし、	뭐、일단 모처럼 왔으니까、
さん、自分の事をあんまり語らない	씨、자기 얘기를 별로 안 하
次に会ったらお礼を言わないとな。	다음에 만나면 인사해야겠군。
自分にしかできない事なんだって。	자기만 할 수 있는 일이라고。
傷ついても決してくじける事のない	상처받아도 결코 꺾이지 않는
自分を偽っておられるようだから。	자신을 속이고 계신 듯하니까。
それが自分の意志で決めた事なら。	그게 자기 의지로 정한 일이라면。
翼を広げる事なんてできなかった。	날개를 펼치는 건 못 했다。
だけど私の翼は大きな鎖に縛られて	하지만 내 날개는 큰 사슬에 묶여
さん、俺は忘れるなと言っただろ。	씨、난 잊지 말라고 했잖아。
連れ出してあげると約束した事を。	데리고 나가 주겠다고 약속한 걸。
もっと大きくなる事ができる事を。	더 크게 될 수 있다는 것을。
お嬢様が、お友達を連れてくるから	아가씨가 친구를 데려온다니까
何か栄養のある物を作ってくれと？	뭔가 영양 있는 걸 만들어 달라고？
まあ、俺には縁のないところだな。	뭐、나랑은 인연 없는 곳이군。
急用ができてしまったようですな。	급한 일이 생긴 모양이군요。
それで、資料は見つかりましたか？	그래서 자료는 찾았습니까？
裏に、怪しいおっさんがいるぞ！）	뒤에 수상한 아저씨가 있어！）
まあ、あんな事があった後なんで、	뭐、그런 일이 있은 뒤라、
離れたかったんじゃないですかね。	떠나고 싶었던 거 아닐까요。
ちょっと通りかかっただけだから。	잠깐 지나가던 참이라。
いいお土産が、思いつかなくてな。	좋은 선물이 안 떠올라서 말이야。
こうして、公園でのんびりするのも	이렇게 공원에서 느긋하게 있는 것도
ここのレストランの人じゃないの？	여기 레스토랑 사람 아니야？
勘違いしてもらっては、困ります。	착각하시면 곤란합니다。
様のために、もう一度やり直す気は	님을 위해 다시 한 번 해볼 마음은
今日は、お嬢様が通う道場の話から	오늘은 아가씨의 도장 얘기부터
突然、自殺するなんてありえない。	갑자기 자살하다니 있을 수 없어。
あの人、食べ物くれるんだよなぁ）	그 사람 먹을 걸 주거든）
そんな、すごい人には見えないな。	그런 대단한 사람으론 안 보이는데。
当時、お菓子作りが得意でなかった	당시 과자 만들기가 서툴던
得意じゃないのは、本当なんだよ。	잘하지 못하는 건 사실이야。
一応、私の勘違いかもしれないから	일단 내 착각일지도 모르니까
とりあえず今は、草野球の助っ人。	일단 지금은 동네야구 용병。
ずっと気になってる事があるんだ。	계속 신경 쓰이는 게 있어。
私が、今どれだけ勇気を振り絞って	내가 지금 얼마나 용기를 짜내서
あなたは、ここで死ぬのですから。	당신은 여기서 죽을 테니까요。
おっ、野球のことが載ってるぞ。	오、야구 얘기가 실려 있어。
今日は大道具の作業をたのむぞ。	오늘은 무대장치 작업을 부탁한다。
じゃ、配達が終わったら行こう。	그럼 배달 끝나면 가자。
・・・なんだ、さっきのは夢か。	・・・뭐야 아까 건 꿈인가。
・・・立ち読みでもしていくか。	・・・서서 좀 읽다 갈까。
一緒にストレッチでもするカニ。	같이 스트레칭이라도 하자 게。
あ、でもちょっと用事があるから	아、근데 볼일이 좀 있으니까
僕は納得いかないんだけどなぁ。	난 납득이 안 가는데 말이야。
あれれ、なんだか調子が悪いぞ。	어라 왠지 몸이 안 좋은데。
だからあなたも一緒にやること。	그러니 너도 같이 할 것。
でも、なんとなく怖くなったの。	근데 왠지 무서워졌어。
（商店街の雑用をやらされた！）	（상점가 잡일을 시켰다！）
誰からのものかは判らないけど、	누구 건지는 모르겠지만、
ホウレン草の胡麻和えにしようと	시금치 깨무침으로 할까
もう閉鎖されているだろうから、	이미 폐쇄됐을 테니까、
は、反射神経はいいんだけどな。	는 반사신경은 좋은데 말이야。
オイラがプロの選手になった時の	내가 프로 선수가 됐을 때의
・・・俺、避けられてるのかな。	・・・나 피해지고 있는 걸까。
試合の結果は残念だったが・・・	시합 결과는 아쉽지만・・・
あとで練習を見に行くでやんす！	나중에 연습 보러 갑죠！
事前によく説明しておかなかった	사전에 잘 설명해 두지 않은
しかしまあ、この事件のおかげで	하지만 뭐 이 사건 덕분에
どのみち、すぐのことじゃないし	어차피 당장은 아니고
（倉庫に行けなくなりました。）	（창고에 갈 수 없게 되었습니다。）
・・・誰のしわざだ、まったく。	・・・누구 짓이야 정말이지。
さんも、あなたが仕事の手伝いを	씨도 네가 일을 도와주게
竜巻が起こるとか、そういうこと	회오리가 인다든가 그런 걸
もっと強そうにするでやんすか？	더 강해 보이게 할깝쇼？
・・・ほらみろ、急に動いたから	・・・거 봐 갑자기 움직여서
でもシャッターが閉まってるぞ。	근데 셔터가 닫혀 있어。
・・・なんだか視線を感じるな。	・・・왠지 시선이 느껴지는군。
ひひから揚げと、マカロニサラダ	ひひ가라아게와 마카로니 샐러드
とっとと帰っちゃったでやんす。	냉큼 돌아가 버렸습죠。
じゃあ、あたしも恥ずかしいから	그럼 나도 부끄러우니까
変なものを食べて体調を崩しちゃ	이상한 걸 먹고 탈이 나면
背景も黒くなっちゃったし・・・	배경도 까매져 버렸고・・・
この商店街でも、それに便乗して	이 상점가에서도 거기 편승해서
商店街の各お店にビラを貼ったり	상점가 각 가게에 전단을 붙이거나
こっそり逃げ出してるかも・・・	몰래 도망쳤을지도・・・
フウム、僕が思うに・・・・・・	흐음 내 생각엔・・・・・・
こうやって細々と生活するのって	이렇게 소소하게 사는 게
形のくずれたケーキとかあるけど	모양 망가진 케이크 같은 게 있는데
あそこの河原、昔は処刑場だった	저 강가는 옛날에 처형장이었다
たしかに正解ですけど、どうして	확실히 정답이지만 어째서
いやあ～、たまたま昨日その話で	아니～ 어제 마침 그 얘기로
だって優勝できるんじゃないか？	라도 우승할 수 있지 않아？
いわば空を飛ぶにも等しい行為！	말하자면 하늘을 나는 것과 같다！
・・・でも、安くしてあげない。	・・・하지만 싸게는 안 해줘。
ちゃんと店をやっていたんだな。	제대로 가게를 하고 있었구나。
・・・・・・気が利かない、か。	・・・・・・눈치가 없다、인가。
意外にマイナーだったのカニ～。	의외로 마이너였다 게～。
俺たちだけ、カニカニカニ～って	우리만 게 게 게～ 하고
子供にバカにされるだけだカニ。	애들한테 무시당할 뿐이다 게。
なんだか、勝手がちがうなぁ～。	왠지 분위기가 다르네～。
サイボーグの選手がいたりして。	사이보그 선수가 있다든가。
煮物とケチャップの香りが・・・	조림과 케첩 향이・・・
涙が出ないと、眼が乾燥するし。	눈물이 안 나면 눈이 건조해지고。
い、いや・・・私に聞かれても。	아、아니・・・나한테 물어봐도。
さんなら、絶対にやってくれると	씨라면 반드시 해 줄 거라고
それをこっそり読んでみたらさ、	그걸 몰래 읽어 봤더니、
ところで、今の状況ですが・・・	그런데 지금 상황 말인데요・・・
寿命が伸びたんだからさ、その分	수명이 늘었으니까 그만큼
それに、あたしを連れて行くと、	게다가 나를 데려가면、
・・・・・・そういうの、イヤ？	・・・・・・그런 거 싫어？
なあに、またチームが強くなれば	뭘、또 팀이 강해지면
この前の話の続きでありますが。	요전 얘기의 계속입니다만。
子供の夢を壊しちゃダメだカニ！	애들 꿈을 깨면 안 된다 게！
大きい石が転がってるだけ・・・	큰 돌이 굴러다닐 뿐・・・
そして同じく腕の振りを利用した	그리고 똑같이 팔 휘두름을 이용한
それにバッティングだって・・・	게다가 배팅도・・・
言われて即座に修正は、出来ぬ。	듣고 즉시 고치는 건 못 하오。
主戦力であるオレが練習する方が	주전력인 내가 연습하는 편이
でも入場料が1800円だって？	근데 입장료가 1800엔이라고？
・・・なんだか楽しそうだから、	・・・왠지 재밌어 보이니까、
地下の貯蔵室に大量発生してね。	지하 저장실에 대량 발생해서。
じゃあ、そっちの準備が出来たら	그럼 그쪽 준비가 되면
もっと頑張って、料理を作るのが	더 열심히 해서 요리 만드는 게
元気がわいてきて、野球の練習も	기운이 솟아서 야구 연습도
ははペット用シャンプーだって。	はは애완동물용 샴푸래。
怪しまれないように複数の会社を	의심받지 않게 여러 회사를
きっと、この街で石油が出るとか	분명 이 동네에서 석유가 나온다든가
発電所を作るとか、再開発の話が	발전소를 짓는다든가 재개발 얘기가
とりあえず別の映画にしようよ。	일단 다른 영화로 하자。
まあ、大きな声じゃ言えないけど	뭐、큰 소리로는 말 못 하지만
エサやってかないんでやんすか？	먹이 안 주고 갑쇼？
さんにご飯食べてもらわなくちゃ	씨한테 밥 먹게 해야
ちゃんと端子は掃除しておこう。	단자는 제대로 청소해 두자。
バッタのかぶり物にでもするさ。	메뚜기 탈로라도 만들지。
だからかなり丈夫にしといたし。	그래서 꽤 튼튼하게 해뒀고。
いやあ、さすがは「大村金物」の	야아、역시「오무라 철물」의
・・・イヤになるほど見たから、	・・・질릴 만큼 봤으니까、
その点、野球だと地上にいるし、	그 점 야구는 지상에 있고、
の全社員とパートの力を結集して	의 전 사원과 파트의 힘을 결집해
見かけなくなったでやんすねー。	안 보이게 됐습죠ー。
それからずっと人間の力を借りず	그 뒤로 계속 인간 힘을 안 빌리고
ずうっと一人ぼっちでやんすか？	계～속 혼자입죠？
これには、なにか裏があるな。）	여기엔 뭔가 꿍꿍이가 있군。）
風来坊さんは紳士だし、あたしは	떠돌이 씨는 신사고 나는
と一緒に帰って来る時が多いな。	와 같이 돌아올 때가 많군。
・・・・・・・・・言ったかな？	・・・・・・・・・말했던가？
・・・これは俺と、お父さんか。	・・・이건 나랑 아빠인가。
殺虫剤をかけるか、壁でつぶして	살충제를 뿌리거나 벽으로 눌러서
練習もうまくいってるようだし、	연습도 잘되고 있는 것 같고、
このスーパーの条例違反の話が、	이 슈퍼의 조례 위반 얘기가、
、お前との決着はおあずけだな。	、너와의 결착은 미뤄두는군。
スパゲッティって、ケチャップで	스파게티는 케첩으로
そういえば色のついていないのが	그러고 보니 색이 안 든 게
ハンバーグの横についていた事も	함박스테이크 옆에 붙어 있던 적도
もう、負けたらどうしようかと。	정말 지면 어쩌나 했어。
そういう言い方をされると・・・	그런 식으로 말하면・・・
じゃあ、魚屋さんにレッツゴー！	그럼 생선가게로 레츠고！
わたしなんか、どんどん頭の中で	나 같은 건 자꾸 머릿속에서
最近の人は、やれ傷がついただの	요즘 사람은 흠집이 났다느니
なかなか	좀처럼
寝つけないなあ・・・。	잠이 안 오네・・・。
何もする気になれないなあ	아무것도 할 마음이 안 드네
自信が	자신이
なくなっちゃったなあ・・・	없어져 버렸네・・・
練習する気になれないや	연습할 마음이 안 드네
なんだか寒気がする・・・。	왠지 오한이 나・・・。
（バシャ	（철벅
バシャ）	철벅）
い勝ち	い승리
もう忘れたのかい？	벌써 잊었니？
アイテムが爆発したぞ。	아이템이 폭발했어。
・・・まあ、いいか。	・・・뭐 됐어。
こっちも商売だからね。	이쪽도 장사니까。
君と一緒に過ごしました。）	군과 함께 지냈습니다。）
いるような気がするぞ。	있는 것 같은 기분이 드는데。
いっぱいもらっちゃってね。	잔뜩 받아 버려서 말이야。
がんばれよ！	힘내라！
もっと上手にできないかな。	좀 더 잘할 수 없을까。
ここまでで「	여기까지로「
さすらいのナイスガイ編	사스라이의 나이스가이 편
を終了します。	을 종료합니다。
引き続き、コマーシャルの後で	이어서 광고 뒤에
をお楽しみください。	를 즐겨 주세요。
活気のある	활기 있는
いい街だな。	좋은 동네군。
この街のために	이 동네를 위해
がんばるぞ。	힘내야지。
う～ん・・・そうだなぁ・・・	으음・・・글쎄・・・
の姿がどこにも見えないけど。	의 모습이 어디에도 안 보이는데。
まったく、無用心だなぁ。	정말이지 부주의하군。
あっは～～い！）	아하～～이！）
謎の声が聞こえてくるな。	수수께끼 목소리가 들려오는군。
しかたがない、	어쩔 수 없지、
あんた、ケガしてるカニよ。	너 다쳤다 게。
・・・大丈夫？	・・・괜찮아？
（しっかり練習しました。）	（제대로 연습했습니다。）
もっと腹の底から声を出せ！	더 뱃속에서부터 소리를 내！
、がんばってるね。	、열심히 하는구나。
どうだ、俺の勝ちだな！	어떠냐 내 승리군！
肝心の食べ物を、	정작 먹을 걸、
取り返すのを忘れてた・・・	되찾는 걸 잊었다・・・
店先で熱く語り合った！）	가게 앞에서 열띠게 얘기했다！）
今日は、本当に助かったわ。	오늘은 정말 큰 도움이 됐어。
えっと・・・	그러니까・・・
いえ、なんでも～・・・	아뇨 아무것도～・・・
ハハハ、だっせーっすよ。	하하하 촌스럽네요。
試合で活躍しますから。	시합에서 활약할 테니까요。
もう一度やり直してもらって	다시 한 번 해 주시면
ちゃんがバイトで休みか。	짱이 알바라 쉬는 건가。
今まで出来てるシーンを	지금까지 된 장면을
この店は閉まってるなぁ。	이 가게는 닫혀 있네。
「欲しい方どうぞ」だって？	「원하시는 분 가져가세요」라고？
古いマンガか・・・	낡은 만화인가・・・
売り物にならないのかな？	팔 물건이 안 되는 걸까？
どうでもいいのでやんす！	아무래도 상관없습죠！
もっと大人らしく	좀 더 어른답게
何かつかめて来てるよ。	뭔가 잡히기 시작했어。
お菓子だよ。	과자야。
もらっておくよ。	받아 둘게。
変なものでも食べたかな？	이상한 거라도 먹었나？
主人公が	주인공이 
になりました！	가 되었습니다！
・・・・・・なんだ、そりゃ。	・・・・・・뭐야 그게。
は発声がまだ出来ていないから	는 발성이 아직 안 되니까
わたしの後について来て。	내 뒤를 따라 해 봐。
バイトがんばってきてくれ。	알바 열심히 하고 와。
も一緒にバイトしようよ。	도 같이 알바하자。
くそ俺の身体、動け！動け！）	젠장 내 몸 움직여！움직여！）
なんだったんだ、今のは？	뭐였지 방금 건？
・・・そんな気がして。	・・・그런 기분이 들어서。
じゃあ、こんなところにいても	그럼 이런 데 있어봐야
しかたがない。	어쩔 수 없지。
ちゃんと取ってるんですか？	제대로 챙기고 있나요？
この前、自分で釣った魚を	요전에 직접 낚은 물고기를
焼いていたでやんすね～。	굽고 있었습죠～。
今まだ授業中なの。）	지금 아직 수업 중이야。）
また後でかけ直すよ。）	나중에 다시 걸게。）
まあ、こういう日もあるか。	뭐 이런 날도 있는 거지。
この本あげるよ。	이 책 줄게。
じゃあ、君の使い古しか・・・	그럼 네가 쓰던 건가・・・
ありがたくもらっておくよ。	고맙게 받아 둘게。
何か問題が起こったのかね？	무슨 문제라도 생겼나？
来たわけじゃないんです。	온 건 아니에요。
じゃあ、商店街のために	그럼 상점가를 위해
ちょっと働いてくれないか？	좀 일해 주지 않겠나？
見つかったかもしれないし。	발견됐을지도 모르고。
ちゃん帰ろうか。	짱 돌아갈까。
ここにあるってことは、	여기 있다는 건、
食べていいってことだよな。	먹어도 된다는 거겠지。
明日のために置いておこう。	내일을 위해 놔두자。
どこにいったんだろう？	어디로 간 걸까？
それで、ご注文は？	그래서 주문은？
きつかったな。	힘들었네。
お前も腹へってるだろ？	너도 배고프지？
・・・悪いなぁ。	・・・미안하네。
おい、身体！	이봐 몸아！
なんなんだ、あいつは？	뭐야 저 녀석은？
これでも持っていっておくれ。	이거라도 가져가렴。
ピラララ～！）	삐라라라～！）
（じゃあ、次！）	（그럼 다음！）
せっかくここまで来たけれど、	모처럼 여기까지 왔는데、
なんだかまずいことに	왠지 곤란한 일에
にご用の方は、	에 볼일 있으신 분은、
うカシミールに行ってみる	う카시미르에 가 본다
あと一歩だったのに。	한 걸음만 더였는데。
でも、希望が出てきたよ。	그래도 희망이 생겼어。
ありがとう、	고마워、
んにちは。	녕하세요。
あーあ、砂まみれだ。	아아 모래투성이다。
これから練習に行くんだ。	이제 연습하러 가는 거야。
もうちょっとのんびりと・・・	좀 더 느긋하게・・・
あくせくしないでどうするの！	아등바등 안 하면 어쩌라고！
さあ、とっとと行こう！	자 냉큼 가자！
すっごーい！	굉장해～！
お金は出してあげるから、	돈은 내줄 테니까、
別にキャプテンがいなくても	딱히 주장이 없어도
僕たちだけでも勝てたさ！）	우리끼리도 이겼을 거야！）
結構戦えるもんですね。）	꽤 싸울 만하네요。）
抜きでも勝てるさ。）	없이도 이길 수 있어。）
言っただろ？	말했잖아？
アイツまたテントから・・・！	저놈 또 텐트에서・・・！
（いただき！）	（잘 먹을게！）
こら、待てー！	이놈 게 섯ー！
で体術を	에서 체술을
ほめてない。	칭찬 안 했어。
え打撃だ。	え타격이다。
そこを重点的に練習しよう。	거길 중점적으로 연습하자。
これはまずい、危険すぎる！）	이건 위험해 너무 위험해！）
それとも、全部夢だったのか？	아니면 전부 꿈이었던 걸까？
プロの球団に行くとしたら、	프로 구단에 간다면、
どこがいい？	어디가 좋아？
いそうだな・・・	い그렇군・・・
参考にしておくでやんす！	참고해 두겠습죠！
の隣にモノが増えてる。	옆에 물건이 늘었어。
を選んだのか。	를 골랐구나。
最初のうちは	처음에는
よくわからないだろうが、	잘 모르겠지만、
スロット	슬롯
なんかも、ぜひ聞いてくれ。	같은 것도 꼭 물어봐 줘。
すいません。	죄송해요。
・・・すごい迫力だな。	・・・굉장한 박력이군。
どうも・・・	안녕하세요・・・
やり直しできる回数が	다시 할 수 있는 횟수가
もう残っておりません。	더는 남아 있지 않습니다。
はい、これ。	자 이거。
どうです、お決まりでしたら、	어떠세요 정하셨으면、
じゃ、それを。	그럼 그걸로。
その、見ているだけだから。	그、보고만 있는 거니까。
では、ごゆっくり。	그럼 천천히 보세요。
ことにしたのね。	하기로 한 거구나。
劇団へ練習に行く時間まで、	극단에 연습하러 갈 시간까지、
は内角球を打つのがうまいな。	는 몸쪽 공을 잘 치는군。
白いイタチの人形	하얀 족제비 인형
い持ち帰る	い가져간다
不びんだな。	가엾군。
・・・持って帰るか。	・・・가져갈까。
いセリーグ	い센트럴리그
作ったのは	만든 건
作ったと思ったんだろう？）	만들었다고 생각했을까？）
体のフタも、水着を着てれば	몸의 뚜껑도 수영복을 입으면
さんのスケベ！	씨 변태！
教えて欲しいでやんす！	가르쳐 줬으면 합죠！
君と野球をして遊んだ。）	군과 야구하며 놀았다。）
がんばってるねぇ。	열심히 하는구나。
たしか今年かぎりだったよね？	분명 올해까지였지？
しっかりしないといけないな！	똑바로 해야겠군！
警戒されちゃったから、	경계당해 버려서、
もうあそこの会社から	이제 저 회사에서
のネットには入れないね。	의 네트에는 못 들어가。
あたしが悪いんだ。	내가 나빴어。
なんとなく、	왠지 모르게、
じゃあ、オイラもアレ！	그럼 나도 그거！
って、オイ。	라니 이봐。
こうガツーンとね。	이렇게 쾅 하고 말이야。
みたいでやんすよ。	인 것 같습죠。
よく言ってるでやんす！	자주 말합죠！
昔からか・・・・・	옛날부터인가・・・・・
まあ、食料さえ狙ってこなきゃ	뭐 식량만 노리지 않으면
君はどうして	군은 어째서
そっちに話しかけるかなぁ～。	그쪽에 말을 거는 걸까～。
まさか・・・	설마・・・
魚を釣ってるんじゃなくて	물고기를 낚는 게 아니라
話しかけてくる人の数を	말 거는 사람 수를
勝負してるんでやんすか？！	겨루고 있습죠？！
アンタたちには、	당신들한테는、
つきあいきれないでやんす。	못 어울려 주겠습죠。
あー、もう終わったか？	아ー 벌써 끝났나？
ひょっとして、	혹시、
が一つになった！）	가 하나가 되었다！）
こんなところに	이런 곳에
来週の土曜日、	다음 주 토요일、
草野球のチームなんて、みんな	동네야구 팀은 다들
だもんね～。	인걸～。
イタチ	족제비
の的に当てたので、	과녁을 맞혔으므로、
ほるひす	호루히스
人形の的に当てたので、	인형 과녁을 맞혔으므로、
なんの音・・・	무슨 소리・・・
あっ、鉄骨が落ちてくる？！	앗 철골이 떨어진다？！
これは！？	이건！？
・・これはお前がやったのか？	・・이건 네가 한 거냐？
、ありがとう。	、고마워。
助かったよ。	덕분에 살았어。
初日は	첫날은
あんなにお客さんが	그렇게 손님이
来てくれてたし、商店街も	와 줬고 상점가도
あの倉庫はどうなるんですか？	그 창고는 어떻게 되나요？
持ち主は、保険が下りるから	주인은 보험이 나오니까
あれ、いなくなったぞ？	어라 없어졌는데？
俺の貴重な食料じゃないか？！	내 귀중한 식량 아니냐？！
（あばよ！）	（잘 있어라！）
ほんとうだなぁ～。	정말이구나～。
誰かいるのかなぁ～。	누가 있는 걸까～。
誰もいないんだなぁ～。	아무도 없구나～。
残念なんだなぁ～～～。	아쉽구나～～～。
俺たちなしでも、	우리 없이도、
この連中なら立派に商店街を	이 녀석들이면 훌륭히 상점가를
それじゃあな、	그럼 잘 있어라、
さんも食べていってください。	씨도 먹고 가세요。
あれ、いつのまにこんなに	어라 언제 이렇게
厨房にいる間に、そこで料理が	주방에 있는 동안 거기서 요리를
できるようになったんです。	할 수 있게 된 거예요。
遊んでないで、とっとと	놀지 말고 냉큼
さんのところで	씨네에서
するようになって、	하게 되고 나서、
とっとと配達に行け！	냉큼 배달 가！
あれえ、風来坊さんだ。	어라 떠돌이 씨다。
それとも、あたしに会いに	아니면 나를 만나러
いそういうことにしておこう。	い그런 걸로 해 두자。
薬の方がいいんだが。）	약 쪽이 좋은데。）
・・・でも、食べられるもの	・・・근데 먹을 수 있는 건
なにか食べるものは・・・	뭔가 먹을 건・・・
・・・でも、なんだか	・・・근데 왠지
ところどころ	군데군데
もっと強化するでやんす！	더 강화하겠습죠！
できないでやんすかね～？	안 됩죠～？
本当に強いものには、	정말 강한 것에는、
そういうこけおどしは	그런 허세는
そうだ、名前も	맞다 이름도
（バシャ！）	（철벅！）
（バシャ！バシャ！）	（철벅！철벅！）
お前、なかなかうまく魚をとる	너 제법 물고기를 잘 잡는
ま、俺の釣りの腕には	뭐 내 낚시 실력에는
（そんなわけねーだろ！）	（그럴 리가 없잖아！）
（どうだ！）	（어떠냐！）
のんびりやればいいんだよ！	느긋하게 하면 되는 거야！
あーあ、いい天気だね。	아아 날씨 좋네。
メロンが入ってるような・・・	멜론이 들어 있는 것 같은・・・
うん、そんな感じ。	응 그런 느낌。
・・・ちょっとがっかりだね。	・・・좀 실망이네。
でも、君は風来坊じゃない。	하지만 넌 떠돌이가 아니잖아。
この街の人間なんだろ？	이 동네 사람이잖아？
今こそ、	지금이야말로、
を使う時だ！	를 쓸 때다！
屋根裏の奥の・・・	다락방 안쪽의・・・
ふっふっふ、ついにこの本の	후후후 드디어 이 책의
モツイコ、モツイド	모츠이코、모츠이도
レーナニウコフ、ナンミー！	레ー나니우코프、난미ー！
おおおおおっ、	오오오오옷、
（ドォーン！）	（쿠우웅！）
（得体のしれない儀式の	（정체 모를 의식의
よくわからない効果によって	알 수 없는 효과로 인해
それなら、もっとうれしそうに	그럼 더 기쁜 얼굴로
これでいいんですかね。	이래도 되는 걸까요。
商店街に全然関係ない連中が	상점가와 전혀 상관없는 놈들이
は、俺たちのチームじゃ	는 우리 팀이
助けてくれるっていうのに、	도와준다는데、
断るってのも・・・ねぇ。	거절하는 것도・・・ 그렇죠。
キキーッ！）	끼이익！）
一日を過ごしました。）	하루를 보냈습니다。）
そんなことより・・・	그것보다・・・
ちゃんがどうかしたのか？	짱이 어떻게 된 거야？
うわああああ！	우와아아아～！
・・・なるほどな。	・・・과연 그렇군。
ああ・・・そうだよ。	아・・・그래。
今日はこの前のようには・・・	오늘은 요전처럼은・・・
（相変わらずトロいな。）	（여전히 굼뜨군。）
だが、違うのはここからだ。	하지만 다른 건 지금부터다。
（マヌケめ！）	（멍청이 같으니！）
じゃあ、いまから商店街で	그럼 지금부터 상점가에서
エビフライと、ポテトサラダ	새우튀김과 감자샐러드
ののサンマと、大根の煮たやつ	のの꽁치와 무조림
はは肉じゃがと、高野豆腐	はは고기감자조림과 고야두부
ほほ春巻きと、豚の角煮	ほほ춘권과 돼지고기 조림
ちょっと、さっきそこに	저기 아까 거기에
あの犬じゃないか。	그 개 아니야？
ただの泥棒犬かと思ってた。	그냥 도둑개인 줄 알았어。
事故でケガをしてかららしいぜ	사고로 다치고 나서라더라
人に近寄らなくなったのは。	사람을 안 따르게 된 건。
そのくらいにして、練習だ！	그쯤 하고 연습이다！
の目が光った？	의 눈이 빛났다？
のくせに、なまいきな！	주제에 건방지군！
君、今日はダメだったけど、	군 오늘은 안 됐지만、
メキキ！）	메키키！）
みたいにつぶされたでやんす！	처럼 찌부러졌습죠！
こんな所で何やってんだ。	이런 데서 뭐 하는 거야。
そうだろ？	그렇잖아？
・・・あ、やっぱりダメ。	・・・아 역시 안 돼。
って呼んでくれなきゃ、ヤダ。	라고 불러주지 않으면 싫어。
それは人前でも？	그건 남들 앞에서도？
いそれはちょっと・・・。	い그건 좀・・・。
町をうろつきました。）	동네를 어슬렁거렸습니다。）
、練習か？	、연습이냐？
さぼったりは	땡땡이치거나 하지는
してねえよ。	안 했어！
こんなところに、おいしそうな	이런 곳에 맛있어 보이는
しまった、こ、これは毒！？	이런 이、이건 독！？
練習に劇団へ行く時間まで、	연습하러 극단에 갈 시간까지、
キャッチボールなんて	캐치볼 같은 건
・・・お父さんとやったんだ。	・・・아빠랑 했었어。
必殺技なら、	필살기라면、
もっと強くあるべきでやんす！	더 강해야 합죠！
と書くからね。	라고 쓰니까。
もっとボールが爆発するとか	좀 더 공이 폭발한다든가
できないんでやんすか？	안 됩죠？
変更したらどうでやんす？	변경하면 어떻습죠？
バットが持てるでやんすね。	배트를 잡을 수 있습죠。
よく見るでカニ。	잘 보라 게。
グラブはどうやってはめてて	글러브는 어떻게 끼고
野球できるわけないでカニよ。	야구할 수 있을 리 없다 게。
ような気分でやんす。	같은 기분입죠。
発売前	발매 전
なので	이라서
この先は	이다음은
やっちゃダメなのでやんす。	하면 안 됩죠。
驚いてないみたいでやんすね。	안 놀란 것 같습죠。
発売前版	발매전판
でやんすけど、続きは	입죠만 다음은
製品版	제품판
遊んでほしいらしいでやんす。	즐겨 달라는 것 같습죠。
大人の事情	어른의 사정
ってヤツなんだ。	이라는 거야。
でやんす・・・	입죠・・・
パワプロクンポケット９	파워프로군 포켓９
じゃあ、その次の週で頼むよ。	그럼 그다음 주로 부탁할게。
先着順のチケットなら	선착순 티켓이라면
あまり興味がないな。	별로 관심이 없군。
いけるけど？	갈 수 있는데？
１１年後まで待たないと。	１１년 뒤까지 기다려야 해。
わかんないけど・・・	모르겠지만・・・
その、実感がわかないんだ。	그 실감이 안 나。
だったら商店街としても若者に	그렇다면 상점가로서도 젊은이에게
いいんだね。	되는 거지。
各お店でチケット売ったり、	각 가게에서 티켓을 팔거나、
協力するよ。	협력할게。
・・・それから、	・・・그리고、
芝居ばかりにかまけてないで、	연극에만 매달리지 말고、
あいつらと決着だな。	저놈들과 결착이군。
あいつらに勝てんのかな。	저놈들한테 이길 수 있으려나。
それに、人数がそろわなくて	게다가 인원이 안 모여서
え、なんで	어 어째서
がいるんだ？	가 있는 거야？
・・・ユニフォーム着てるし。	・・・유니폼 입고 있고。
そろそろ試合を始めようか。	슬슬 시합을 시작할까。
腕を振り回しながら	팔을 휘두르면서
地上を走り回るよりも先に、	지상을 뛰어다니기보다 먼저、
ちゃんと準備運動しないと、	제대로 준비운동 안 하면、
そうだよな、うん。	그렇지 응。
言っておくが、	말해두는데、
・・・君の作る料理なら、	・・・네가 만든 요리라면、
なんでも美味しいよ・・・・	뭐든 맛있어・・・・
そっちは何してるの？	그쪽은 뭐 해？
がんばってるな。	열심히 하네。
そのチラシ見てごらんよ。	그 전단 좀 봐 봐。
そのチラシもっとあげようか？	그 전단 더 줄까？
いやったぁ！	い신난다！
こっちもチラシが減って	이쪽도 전단이 줄어서
ラッキーだな。）	운이 좋군。）
たしか・・・	분명・・・
カキーーーン！！）	까아앙！！）
やっぱり出来るやつだと	역시 되는 녀석이라고
思ってたんだよ、僕。	생각했었어 나는。
（無口で怪しい外見なのに、	（과묵하고 수상한 겉모습인데
・・・それに、確かにあいつ、	・・・게다가 확실히 저 녀석
俺の枕もとに現れたよな。）	내 머리맡에 나타났었지。）
まさか、俺が寝てるときに	설마 내가 자고 있을 때
家を間違えたムシャ。	집을 잘못 찾았다 우걱。
これからは気をつけてくれ。	앞으로는 조심해 줘。
そんなわけがないだろ。）	그럴 리가 없잖아。）
入っていないようだけど	안 들어오는 것 같은데
ただな、よくいろんなところで	다만 말이야 여기저기서 자주
それなら安心だな。	그럼 안심이군。
割と好きなんだよなぁ・・・。	꽤 좋아한단 말이지・・・。
じゃ、ご両親は？	그럼 부모님은？
に違いない。	게 틀림없어。
そうかなぁ。	그런가。
じゃーん！	짜잔！
あと、お客さんには出せない	그리고 손님에게는 못 내는
それも特別につけてあげる。	그것도 특별히 붙여 줄게。
今でもあの河原に	지금도 저 강가에
その亡霊が、いまだにウロウロ	그 망령이 아직도 어슬렁
してるんじゃないかしら。	하고 있는 거 아닐까。
っていうやつなんですけど。	라는 녀석인데요。
それにずうっと昔から、	게다가 아주 옛날부터、
お～こわっ。	오～무서워。
に会ったら	를 만나면
発売週の売上げは・・・	발매 주 매출은・・・
うふふふふふ。	우후후후후후。
クイズに答えているとは、	퀴즈에 답하고 있다고는、
誰も思わないだろうな。）	아무도 생각 못 하겠지。）
泳ぐという行為は、	헤엄친다는 행위는、
地上を歩く人間にとって	지상을 걷는 인간에게
の銭湯だ！	의 목욕탕이다！
何か忘れているような・・・	뭔가 잊은 것 같은・・・
一瞬、キョトンとして。	한순간 멍해져서。
が震えているでやんす！	가 떨고 있습죠！
これが本当の	이게 진짜
ムシャぶるい	무사떨림
ゆえに	그러므로
はやつらを	는 놈들을
うとむのだ。	꺼리는 것이다。
この商店街の昔の地図は	이 상점가의 옛 지도는
古い資料は、そのときに	낡은 자료는 그때
どこかの家には、	어딘가의 집에는、
残ってるかもしれないが・・・	남아 있을지도 모르지만・・・
あの子が持ってるんじゃない？	그 애가 갖고 있지 않을까？
ほら、あの・・・	저기 그・・・
なんだっけ？	뭐였더라？
たしか持って行ったな。	분명 가져갔었지。
うなんだ、今日は休みの日か。	う뭐야 오늘은 쉬는 날인가。
はお休みの日だよ。	는 쉬는 날이야。
あれっ、あたしだと不満？	어라 나면 불만이야？
に言いつけてやろうっと。	한테 일러야지。
このゲームでは、	이 게임에서는、
どんなに練習しても	아무리 연습해도
それだけでは能力は上がらない	그것만으론 능력이 안 오른다
経験値を使って能力を上げる	경험치를 써서 능력을 올리는
何の話でやんす？	무슨 얘깁죠？
を押すと、少し前の	을 누르면 조금 전
文章も見られる	문장도 볼 수 있어
と組み合わせると	과 조합하면
変な夢を見たでやんす！	이상한 꿈을 꿨습죠！
アイタタタ・・・	아야야야・・・
あ、おはよう。	아 안녕！
う説教する。	う잔소리한다。
いいかげんな事じゃ。	대충 하는 걸로는。
もっとしっかりしないと。	좀 더 똑바로 해야지。
思ってたよ。	생각했었어。
こっちはあくまでも趣味。	이쪽은 어디까지나 취미。
って言われたことあるんだ。	라는 말을 들은 적이 있어。
もう、この話はやめよう。	이제 이 얘기는 그만하자。
それより、麦茶もう一杯どう？	그것보다 보리차 한 잔 더 어때？
商店街	상점가
って言うのかな？	라고 하는 걸까？
とは全然ちがうけど。	와는 전혀 다르지만。
って言うんじゃないか。	라고 하지 않나。
ここで買い物をするのか？	여기서 장을 보는 거야？
都会じゃなきゃ手に入らない	도시가 아니면 못 구하는
情報とブツがあるのさ！	정보와 물건이 있는 거야！
都会に出るからって、わざわざ	도시에 나간다고 일부러
その格好にしてたんだね。	그 차림으로 한 거구나。
普通の服	평범한 옷
はこれだけだからな。	은 이것뿐이니까。
聞いたことないカニ？	들어본 적 없다 게？
活躍してたと思ってたけど	활약했다고 생각했는데
純粋に職業的に参考にしたくて	순수하게 직업적으로 참고하고 싶어서
聞くのでありますが・・・。	묻는 겁니다만・・・。
悪の組織って、どんなことを	악의 조직이란 어떤 일을
するんでありますか？	하는 겁니까？
人のいやがることなら	남이 싫어하는 일이라면
なんでもするカニよ。	뭐든 한다 게。
君、相当のワルだった	군 상당한 악당이었다는
ということでありますか？	것입니까？
言い方が悪かったカニ。	말이 나빴다 게。
やっていたんでカニよ。	하고 있었다 게。
ちゃんと練習しろ！	제대로 연습해！
やった、大吉でやんす！	신난다 대길입죠！
おお、吉でやんす！	오오 길입죠！
フグ男	복어남
・・・見れば	・・・보면
わかるだろ？	알잖아？
街中でドンパチやってんのに	길거리에서 총질하는데
バカみたいじゃないカニ？	바보 같지 않다 게？
俺たちでなきゃ	우리가 아니면
できないことが	못 하는 일이
あるって、そう思わないか？	있다고 그렇게 생각 안 하냐？
おまえなんて、ナベで煮られて	너 따위 냄비에 삶겨서
・・・野球のほうが楽しいし。	・・・야구가 더 재밌고。
とりあえず、カレー大盛り。	일단 카레 곱빼기。
・・・カレー、普通で頼むよ。	・・・카레 보통으로 부탁해。
とりあえず、カレーと卵。	일단 카레와 계란。
オウ!オウ!・・・	오우！오우！・・・
たすけ・・・ダサ～イ！	살려・・・촌스러～워！
何度も川に流されているんだ？	몇 번이나 강에 떠내려가는 거야？
時の川を流れていくのでーす。	시간의 강을 흘러가는 겁니ー다。
あなた野球好きですか？	당신 야구 좋아합니까？
こうして・・・・・	이렇게・・・・・
ドボン！）	풍덩！）
（ああああああー！）	（아아아아아아ー！）
・・・オウ！・・・オウ！	・・・오우！・・・오우！
なが、流されまぁ～ス・・・・	떠、떠내려가아～스・・・・
週末はこちらで試合をごらんに	주말은 여기서 시합을 보시게
だが、本当は	하지만 사실은
そこに行くのが目的だ。	거기 가는 게 목적이다。
いよいよアレが見つかる	드디어 그게 발견될
かもしれんのだからな。	지도 모르니까 말이야。
アメリカで	미국에서
教えていただけないかと・・・	알려주실 수 없을까 해서・・・
・・・だが、メリットもある。	・・・하지만 이득도 있다。
との試合だな！	와의 시합이군！
ひょっとしたら、向こうも	어쩌면 저쪽도
お店は、どうしたんでやんす。	가게는 어쩌고 왔습죠。
好調の	호조인
サイボーグは、見た目じゃ全然	사이보그는 겉모습으론 전혀
そんな人がいたら、ぜひ	그런 사람이 있으면 꼭
増えてもらっちゃ困るよ。）	늘어나면 곤란해。）
カレーの香りに隠れて、	카레 향에 가려서、
あたし、	나、
別に変なことは	딱히 이상한 말은
あたしたち親友だよね？	우리 절친이지？
そうよね、	그렇지、
・・・べつに、	・・・딱히、
さんでもいいんだけどな～。	씨라도 상관없는데～。
（どんがらがっしゃん！）	（와장창！）
そんな機能は、必要ないから	그런 기능은 필요 없으니까
ここは。	여긴。
まったく、つまんないところは	정말이지 시시한 데는
ちゃんと作ってあるんだから。	제대로 만들어 놨다니까。
それでも、ちょっとだけ	그래도 조금은
うらやましいかな。	부러울지도。
信じていたでやんす。	믿고 있었습죠。
・・・久しぶりだな。	・・・오랜만이군。
さん、ちょっと変よ。	씨 좀 이상해。
ハハハハハ。	하하하하하。
さんも、来るのでやんす。	씨도 오는 겁죠。
のヒーローですもの。	의 영웅인걸。
息子には、「大村金物」を	아들에겐「오무라 철물」을
思っていたのに・・・	생각했는데・・・
まだ小学生だし、	아직 초등학생이고、
夢は大きく持っていた方が	꿈은 크게 갖는 편이
それにきっと、会長さんの	게다가 분명 회장님이
あら、やだ	어머 이런
あたしったら！	나도 참！
酸素が持てば、なんとか・・・	산소만 버티면 어떻게든・・・
むしろ、あなたと２人で	오히려 당신과 둘이서
こちらから掘ると、むしろ	이쪽에서 파면 오히려
救出が来ることを信じて、	구조가 올 걸 믿고、
それなら、時間はたっぷりある	그럼 시간은 충분히 있다는
ということでしょう？	뜻이겠죠？
見送りに来なかったから、	배웅하러 안 왔으니까、
道に迷うこともないし	길을 헤맬 일도 없고
の連中や	의 놈들이나
との試合以来じゃないのか、	와의 시합 이후 아닌가、
これだけ観客が入ってるのは。	이만큼 관객이 든 건。
さっき聞いてきたんですけど	아까 물어봤는데요
ほとんどが	대부분이
系列の	계열의
与えたいもんなのかな。	주고 싶은 걸까。
がんばってほしいでやんす。	힘내 주셨으면 합죠。
の連中に	의 놈들에게
とどめを刺します！	숨통을 끊겠습니다！
（わたしは土地を手に入れろと	（나는 땅을 손에 넣으라고
指示しただけのはずだが？）	지시했을 뿐일 텐데？）
悪いが、これでお前のチームも	미안하지만 이걸로 네 팀도
を甘く見るなよ。	를 얕보지 마라。
さん、がんばったね。	씨 수고했어。
あれ、お母さんは？	어라 어머니는？
の４年前になくなった	의 ４년 전에 돌아가신
ご主人は野球が大好きでさ、	남편은 야구를 정말 좋아해서、
そのうち、昔みたいに	머지않아 옛날처럼
の話でカニ？	얘기다 게？
俺たちが暴れると子供も大人も	우리가 날뛰면 애도 어른도
大喜びだったのでカニ。	아주 좋아했다 게。
悪いことしてたんじゃ？	나쁜 짓 하던 거 아냐？
でも、大抵失敗するカニ。	근데 대개 실패한다 게。
俺たちがやられると	우리가 당하면
みんな喜ぶのカニ。	다들 좋아한다 게。
じゃあ、全部ヤラセ・・・	그럼 전부 짜고 친・・・
テーマパークでも、着ぐるみは	테마파크에서도 인형탈은
しゃべっちゃダメなのでカニ。	말하면 안 된다 게。
いや、マジに	아니 진짜로
やっている所も	하는 데도
ちゃんとあるカニよ。	제대로 있다 게。
ちゃんと練習に集中しろ！	제대로 연습에 집중해！
君のことか。	군 말인가。
ちゃんと家に届けたよ。	제대로 집에 데려다줬어。
言ってたな。	말했었지。
その石で、靴の裏についた	그 돌로 신발 밑창에 묻은
の家だからな。	의 집이니까。
ボロボロで読めないけど・・・	낡아서 못 읽겠지만・・・
あれっ、どこへ行ったんだ。	어라 어디로 간 거야。
に手伝いに行くか。	에 도우러 갈까。
のやつが	의 그 녀석이
あいつもピリピリしてんだよ。	저놈도 예민해져 있어。
きつく当たったと思うんだ。	심하게 굴었다고 생각해。
あいつ、	저놈、
ちゃんに好意持ってるから	짱한테 호의가 있으니까
だからまぁ、	그러니까 뭐、
だからあんたが居てくれると	그러니 네가 있어 주면
待ってるぞ。	기다리고 있을게。
お前、今は予備の投手だけど、	너 지금은 예비 투수지만、
投手以外のポジションも	투수 말고 다른 포지션도
この水泳で鍛えられた	이 수영으로 단련된
たくましい腕が見えないのか？	늠름한 팔이 안 보이느냐？
そして、この美しい肉体の	그리고 이 아름다운 육체의
なぜなら・・・	왜냐하면・・・
捕球も、	포구도、
送球も、	송구도、
打撃も、	타격도、
ルッカ	룻카
あああ・・・	아아아・・・
北極支店だぁ～！！！	북극 지점이다～！！！
どうして動揺してるんだね？）	어째서 동요하는 거지？）
最近のお前は、連携プレイが	요즘 너는 연계 플레이가
こともなくなった。	일도 없어졌다。
自分の守備範囲、ということが	자기 수비 범위라는 것을
判ってきたのである。	알게 된 것이다。
ということが	라는 것이
できるように	가능하게
なって来たんじゃないか？	된 것 아니냐？
そうかもしれぬ。	그럴지도 모르오。
味方の実力を把握すれば	아군의 실력을 파악하면
・・・・・・しかし、	・・・・・・하지만、
言っておくけど、殴り合いなら	말해두는데 주먹다짐이라면
の方が正しい。	쪽이 옳다。
はあっちで投げ込んで来い。	는 저쪽에서 던지고 와라。
少しぐらい感謝の気持ち・・・	조금은 감사하는 마음・・・
ああ、チラシか。	아 전단인가。
今度、わたし達の劇団	이번에 우리 극단
ワイワイやってるんで、	왁자지껄 하고 있으니까、
月・水・金以外	요일에
の曜日に	언제든 놀러 오세요！
ああ、そうなのか。	아 그런 거야？
・・・・・・・・・劇団か。	・・・・・・・・・극단인가。
あんまり興味ないんだけど、	별로 관심은 없지만、
そのうちのぞいてみるか。	언젠가 들여다볼까。
それの退治を任された。）	그 퇴치를 맡았다。）
集会所	집회소
に来てくれたまえ。	로 와 주게。
あたし、料理のレパートリーが	나 요리 레퍼토리가
だから本屋でこうやって	그래서 서점에서 이렇게
そりゃあ、うれしいさ。	그야 기쁘지。
君のおいしい料理を食べると	네 맛있는 요리를 먹으면
仕事も	일도
マーボ茄子は好物かな？	마파가지는 좋아하려나？
じゃ、今晩はマーボ茄子で。	그럼 오늘은 마파가지로。
これタダでもらえるの？	이거 공짜로 받는 거야？
ちゃん、バイトかい？	짱 알바니？
ののスナック菓子だって。	のの과자래。
ひひビニールテープだって。	ひひ비닐테이프래。
俺たちの見えないところで	우리가 안 보는 데서
しっかり練習していたんだな。	제대로 연습하고 있었구나。
いずれこの町を去る。	언젠가 이 동네를 떠난다。
だから、安心したよ。	그래서 안심했어。
キャプテンはお前がやれ、	주장은 네가 해라、
こっちは勝負に負けたんだ。	이쪽은 승부에 진 거다。
オレたちは、これから	우리는 이제부터
うちの店遊びに来いよ。	우리 가게 놀러 와라。
・・・よっと、	・・・영차、
ああ・・・まぁな。	아・・・뭐 그렇지。
気が向いたら、そのうち	내키면 언젠가
たしか	분명
宙空不動産	주공부동산
とか言う所の人が。	라는 데 사람이。
大変なだけでしょう、って。	힘들기만 할 거라고。
びっくりしましたよ。	깜짝 놀랐어요。
あ、当然断りましたけどね。	아 당연히 거절했지만요。
の仲間でしょう。	의 패거리겠죠。
の目的が	의 목적이
この商店街の土地だと考えれば	이 상점가 땅이라고 보면
道路か鉄道が新しく通るとか	도로나 철도가 새로 난다든가
・・・そんなわけないだろ。	・・・그럴 리가 없잖아。
はお休みでやんす。	는 휴일입죠。
思ったんでやんすね・・・。）	생각했습죠・・・。）
おいおい、今日は	이봐 오늘은
は休みだぞ。	는 쉬는 날이야。
の練習も、	의 연습도、
この水曜日がメインだ。	이 수요일이 메인이다。
え打撃だな。	え타격이군。
じゃねえか。	아니냐。
の練習は	의 연습은
公営のグラウンドなんだが、	공영 그라운드인데、
その代わり、広いのに	그 대신 넓은데도
そうだ、映画でも見ようか。	맞다 영화라도 볼까。
つまらなさそうな教育映画、	재미없어 보이는 교육영화、
えーと、それから・・・	그러니까 그리고・・・
フランケンシュタイン	프랑켄슈타인
名前がないなら、	이름이 없다면、
自分でつければ	스스로 붙이면
いけないんじゃないのかな。	안 되는 거 아닐까。
あはっ、あははははははっ	아핫 아하하하하하하핫
あはっ、あは、あは・・・	아핫 아하 아하・・・
もうじきクリスマスでしょ？	곧 크리스마스잖아？
でも、クリスマスまで	근데 크리스마스까지
・・・ダメなの。	・・・안 돼。
今日で・・・もう・・・	오늘로・・・이제・・・
ちゃん、なんだか姿が透けて	짱 왠지 모습이 비쳐
見えてるぞ？	보이는데？
さようなら・・・	잘 가・・・
私のこと、忘れないで・・・	날 잊지 말아 줘・・・
ちゃんが！	짱이！
どうしてお前が	어째서 네가
のことを	를
いや・・・だって・・・え？	아니・・・그게・・・어？
ちゃん、ここでバイト？	짱 여기서 알바？
お客様、ご注文は	손님 주문은
振興会の人がいるかどうか	진흥회 사람이 있는지
見に来ただけだから。	보러 왔을 뿐이니까。
ええっと、まずお水に・・・	그러니까 우선 물에・・・
メインは・・・	메인은・・・
名づけて	이름하여
い・・・遠慮しておくよ。	い・・・사양할게。
失ってしまいそうだからな。	잃어버릴 것 같으니까。
見つけたでやんす！	찾았습죠！
を公園で見たって人が	를 공원에서 봤다는 사람이
いたでやんす！	있었습죠！
どこにいるでやんすー！	어디 있습죠ー！
ワンワン！！）	멍멍！！）
あそこで他の犬たちと	저기서 다른 개들이랑
遊んでるでやんす！	놀고 있습죠！
あれは・・・・・	저건・・・・・
いじめられてるんだ。	괴롭힘당하는 거야。
早く助けるでやんす！	빨리 구해야 합죠！
（余計なことしやがって！）	（쓸데없는 짓을 하다니！）
お前の考えてることは	네가 생각하는 건
だいたいわかるさ。	대충 알겠어。
いいから、いこう。	됐으니까 가자。
わかんないでやんすー！	모르겠습죠ー！
別に迎えに来てくれなくても、	딱히 마중 안 와도、
オイラ一人で帰れるでやんす。	나 혼자 갈 수 있습죠。
（ドガーーン！！）	（쾅ーー！！）
助かったでやんす！	살았습죠！
はおいらのヒーローでやんす！	는 내 영웅입죠！
突然まっぷたつに・・・	갑자기 두 동강이・・・
あったような気がするぞ。	있었던 것 같은데。
・・・・・あたし・・・・・	・・・・・나・・・・・
いけないのに・・・・	하는데・・・・
さぁ～ん。	씨이～。
気が付かないのかな。	못 알아차리는 걸까。
リンゴが落ちたでやんすよ。	사과 떨어졌습죠。
あのお姉ちゃん、変でやんす。	저 누나 이상합죠。
・・・してねぇよ。	・・・안 됐어。
こいつの中に入るヤツが	이 안에 들어갈 놈이
かかったんだぞ・・・	들었단 말이다・・・
こういうのはよくあることさ。	이런 건 흔히 있는 일이야。
しょうがない、これを改造して	어쩔 수 없지 이걸 개조해서
それがいいだろうな。	그게 좋겠군。
ああ、今回も自信作さ。	아 이번에도 자신작이야。
これ君が入るんだよ。	이거 네가 들어가는 거야。
俺が入るの？	내가 들어가？
あいつ喜ぶぞぉ！	저놈 좋아하겠는걸！
釣れないな。	안 잡히네。
あなた命の恩人でーす。	당신 생명의 은인입니ー다。
ここにバットがあります。	여기 배트가 있습니다。
あなた野球するのですか？	당신 야구 합니까？
あなたに野球を教えます。	당신에게 야구를 가르칩니다。
こう走って・・・・	이렇게 달려서・・・・
ズルッ！）	스르륵！）
・・・ヘルプ・・・あ～・・・	・・・헬프・・・아～・・・
ああやって川に落ちたのか。	저렇게 강에 빠진 건가。
って、おい、大丈夫か！？	라니 이봐 괜찮냐！？
最初の練習で、どうして	첫 연습에서 어째서
お前、そんなことも	너 그것도
よそ者がトップになりゃあ、	외지인이 위에 서면、
お前も他の連中に遠慮する	너도 다른 놈들한테 사양할
わけにいかなくなる。	수 없게 된다。
分裂の危機でしたが。	분열 위기였습니다만。
チームは強くならねえんだ。	팀은 강해지지 않아。
ま、それに、いざとなったら	뭐 게다가 정 급하면
責任は他の奴に押し付けるから	책임은 다른 놈한테 떠넘기니까
・・・２０年は前だけどな。	・・・２０년은 전이지만。
じゃあ、ごちそうさん！	그럼 잘 먹었다！
お客さん、お勘定・・・	손님 계산・・・
ああ、また逃げられちゃった。	아 또 도망쳐 버렸네。
の何を重点的に	의 뭘 중점적으로
鍛えたらいいだろう？）	단련하면 좋을까？）
え打撃！	え타격！
やけに	유난히
うれしそうですね。	기뻐 보이시네요。
ワシが留守の時に、息子が	내가 없을 때 아들이
跡取りだよ。	후계자야。
ちゃんと勉強してるんだな。	제대로 공부하고 있구나。
してくれてるそうなんだよ。	봐 주고 있다는 거야。
親父みたいにフラフラしてる	아버지처럼 빈둥거리는
やつにはなりたくない。」	놈은 되고 싶지 않아。」
がんばってるところ	열심히 하는 모습
じゃなくて、悪いところを見て	이 아니라 나쁜 점을 보고
やる気を出したのか・・・）	의욕을 낸 건가・・・）
ちゃんとあるんだよ。	제대로 있는 거야。
ワシはがんばるぞー！	나는 힘낼 거다ー！
がんばることにした！	힘내기로 했다！
それは結構なことだけど、	그건 좋은 일이지만、
ええと、なんだって？	그러니까 뭐라고？
この美しい肉体を見ろー！	이 아름다운 육체를 보라ー！
そろそろ話を進めてくれ。	슬슬 얘기를 진행해 줘。
裸で大丈夫！	벗어도 괜찮다！
試合中は	시합 중에는
方向を間違ってるぞ。）	방향이 틀렸어。）
そんなに見つめるなよ。	그렇게 빤히 보지 마。
配達はすんだのか？	배달은 끝냈냐？
あ、はい。すみました。	아 네。끝냈습니다。
今、学校の帰りかい？	지금 학교에서 오는 길이니？
さんは配達は終わった？	씨는 배달 끝났어？
だったらさぁ、	그럼 말이야、
子供扱いしないでよ！	애 취급하지 마！
さん、早く！	씨 빨리！
ほら、車が多いから・・・	봐 차가 많으니까・・・
はもうダメだぁ。	는 이제 끝장이다。
反対だったんですよ。	반대했다고요。
よーし、この勢いで、一気に	좋아 이 기세로 단숨에
正義感も実力もある。	정의감도 실력도 있다。
、大役を任されたぜ！	、큰 역을 맡았어！
それ、乾かしてる最中だから！	그거 말리는 중이니까！
だろ、今回も自信作さ。	그렇지 이번에도 자신작이야。
って、毎回	는 매번
こういうのを作ってるのか？	이런 걸 만드는 거야？
僕の作ってる造形物は、毎回	내가 만드는 조형물은 매번
デパートから頼まれて、	백화점에서 부탁받아서、
そればかり考えていました。	그것만 생각하고 있었습니다。
どうか、行かないで。	부디 가지 말아 줘。
いいんでやんすかね？	괜찮은 겁죠？
とりあえず、退散でやんす！）	일단 물러갑죠！）
・・・それじゃ、お元気で。	・・・그럼 잘 지내요。
さんもお元気で。	씨도 잘 지내세요。
との試合が	와의 시합이
ウチの連敗ストップには	우리 연패 탈출에는
いい選手は引っ越しちゃうし、	좋은 선수는 이사 가 버리고、
、そこまでにしろ！	、그쯤 해 둬라！
そういうのはちょっと苦手だ。	그런 건 좀 서툴러。
あの時なんで犬をほうって	그때 왜 개를 놔두고
帰ったんでやんす？	돌아갔습죠？
冷たかったでやんす。	차가웠습죠。
あの時、つれて帰ってくれば	그때 데려왔으면
きっと仲良くなれたでやんす！	분명 친해졌을 겁죠！
そんなのつまんないでやんす！	그건 시시합죠！
でも、その生き方は	하지만 그 삶의 방식은
あいつ自身が	저 녀석 자신이
が帰ってきたら、	가 돌아오면、
に、新しい仲間が	에 새 동료가
ありゃバットじゃないか。	저건 배트잖아。
本当だ、バットだ。	정말이네 배트다。
くんだ。	군이다。
くんは小学校のころから	군은 초등학교 때부터
野球をやっていたそうなので	야구를 했다고 하니
こりゃ活躍が期待できるね。	이거 활약이 기대되겠네。
人を見かけで判断するなよ。	사람을 겉모습으로 판단하지 마。
それはそうだけど。	그건 그렇지만。
あなたと	당신과
さんが一緒に	씨가 같이
あれ、言ってなかったっけ。	어라 말 안 했었나。
いくらなんでも、ちょっと	아무리 그래도 좀
むこうは困ってたみたいだし、	저쪽은 곤란해 보였고、
こっちは使ってない部屋を	이쪽은 안 쓰는 방을
貸してるだけなんだけど。	빌려주는 것뿐인데。
あんまりそういうことは	별로 그런 건
しない方がいいわ。	안 하는 게 좋아。
だって、そう言ったじゃん。	그야 그렇게 말했잖아。
それならご心配なく。	그럼 걱정 마。
そういうことに興味ないから。	그런 데 관심 없으니까。
あなたたちなら	너희라면
ありうるような気がするわ。	있을 법한 기분이 들어。
あ、風呂と台所も貸してるか。	아 목욕탕이랑 부엌도 빌려주나。
あなたたち２人には、	너희 둘한테는、
まったく	정말이지
あきれるわ。	기가 막혀。
２人とも	둘 다
かなり変よ。	꽤 이상해。
今、まだ学校なの。）	지금 아직 학교야。）
帰るのが遅いから。	늦게 들어가니까。
そうですよね。	그렇죠。
さん、今日は遅いですね。	씨 오늘은 늦네요。
毎回どうしてそんなに帰りが	매번 어째서 그렇게 귀가가
そんなに配達先が	그렇게 배달처가
そ、そうですかね。	그、그런가요。
いや、そんな・・・	아니 그런・・・
さんは、まだ高校生だし・・・	씨는 아직 고등학생이고・・・
・・・まあ、いい・・・・	・・・뭐 됐어・・・・
あるかい？	있니？
もらったんだ。	받은 거야。
あれ乗ろうよ！	저거 타자！
よし、あれっ！	좋아 저거！
ちゃん少し休もう。	짱 좀 쉬자。
ペースが速すぎる。	페이스가 너무 빨라。
じゃあ、あれだけは一人で	그럼 저것만은 혼자
その間に休んでおくから。	그동안 쉬고 있을 테니까。
さんの。	씨의。
そう、今日が俺の誕生日だよ。	그래 오늘이 내 생일이야。
こっちは	이쪽은
・・・といっても、	・・・라고 해도、
カレーそのものは一種類で	카레 자체는 한 종류고
うそれなら楽ですね。	う그럼 편하겠네요。
まあ、他のお店に比べれば	뭐 다른 가게에 비하면
でも、カレーの仕込みって	그래도 카레 밑준비는
仕込みさえやっていただければ	밑준비만 해 주시면
でも、アルバイト雇えるほど	근데 알바를 쓸 만큼
それは、ひき肉を加えて	그건 다진 고기를 넣고
水分を飛ばしますから、	수분을 날리니까、
それにしますか？	그걸로 하시겠어요？
早く投げるでやんす。	빨리 던집죠。
カッコイイのがいるでやんす！	멋진 게 있습죠！
じゃあね、おじさん。	그럼 안녕 아저씨。
、子供は好きだ。	、애들은 좋아한다。
の子供もあれぐらい。	의 애도 저만하다。
部屋の入り口をふさげば、	방 입구를 막으면、
ゲームはクリアになります。）	게임은 클리어됩니다。）
（襲ってくる虫は、Ａボタンで	（덤벼드는 벌레는 Ａ버튼으로
やっつけましょう。）	해치웁시다。）
（殺虫剤入りケーキは、拾うと	（살충제 든 케이크는 주우면
Ｘボタンで設置できます。）	Ｘ버튼으로 설치할 수 있습니다。）
ああ、虫がこっちに！	아 벌레가 이쪽으로！
ちゃんは？	짱은？
はとっくに学校だよ！	는 진작 학교 갔어！
さん。仕事終わった？	씨。일 끝났어？
一度、なんだかこんな風に	한 번 왠지 이런 식으로
２人でのんびり	둘이서 느긋하게
さんと話をしてみたかったの。	씨와 얘기해 보고 싶었어。
さんは店出て行っちゃう・・・	씨는 가게 나가 버리는・・・
のかしら？	걸까？
まあ、その時は	뭐 그때는
お父さん次第だな。	아빠한테 달렸지。
それより、あたし、	그것보다 나、
この日程でいこうと思うんだ。	이 일정으로 가려고 해。
さんにも伝えてきたし、	씨에게도 전했고、
くんすごい！	군 대단해！
よかったな	잘됐구나
さてと、みんなの演技を	자 그럼 다들의 연기를
くん、ちょっと。	군 잠깐만。
さんに事情を打ち明けて、	씨에게 사정을 털어놓고、
お互いの企画の相違について	서로의 기획 차이에 대해
この前、会長さんが来た時に	요전에 회장님이 왔을 때
そういや公演日時って	그러고 보니 공연 일시가
いつになったんだっけ？	언제였더라？
・・・がんばるぞ。）	・・・힘내야지。）
待つでやんす！	기다립죠！
はぁはぁ・・・	헉헉・・・
なんだか、走っても走っても	왠지 달려도 달려도
全然追いつかないでやんす。	전혀 못 따라잡겠습죠。
おかしいでやんすね。	이상합죠。
もうこんな時間だから、	벌써 이런 시간이니까、
を見なかったでやんすか？	를 못 봤습죠？
あれだけ大きくて	그렇게 크고
変なヨロイ着てたら	이상한 갑옷 입었으면
・・・じゃあ、ここで消えた	・・・그럼 여기서 사라졌다는
ということでやんすか？	겁죠？
さあ、家まで送ろ・・・	자 집까지 데려다주・・・
客からのクレームと	손님 클레임과
・・・・・・そういえば、	・・・・・・그러고 보니、
この前の野球の試合で	요전 야구 시합에서
ここに妙な奴が来ていたな。	여기 묘한 놈이 왔었지。
たしか、名前は	분명 이름은
そいつはオレの得意分野だ。	그건 내 특기 분야다。
反応も上々だし・・・	반응도 좋고・・・
くそーっ！！	젠장ー！！
のヤツ、大風呂敷を広げて	그놈 허풍만 떨더니
しばらくこの土地を離れるぜ。	당분간 이 땅을 떠나겠어。
あばよ！	잘 있어라！
、どういうつもりだ。	、무슨 속셈이냐。
金が無いと全然ダメだなって	돈이 없으면 전혀 안 된다고
思ってたんだけど、	생각했는데、
ここに来て兄貴見ていると、	여기 와서 형님을 보고 있으면、
そんなこと関係ないかなって、	그런 건 상관없나 싶어서、
・・・タマゴ、つけていいか？	・・・계란 추가해도 돼？
いいのかもしれない・・・）	좋을지도 모른다・・・）
みたいでやんすね。	것 같습죠。
重要なイベントの発生後から	중요한 이벤트 발생 후부터
次はもう続けられないので、	다음은 더 못 이어가니까、
なお、ミニゲームによっては、	또 미니게임에 따라서는、
５回目は無理なのでやんす。	５번째는 무리입죠。
コマンドの	커맨드의
システム	시스템
を選んで、	을 골라서、
するんでやんす。	하는 겁죠。
ヒいあ、仕事終わったの？	ヒい아 일 끝났어？
ああ、いいんじゃないかな。	아 괜찮지 않을까。
いためるやつじゃないのか？	볶는 거 아니냐？
あったような気がする。	있었던 것 같아。
・・・参考になるような意見が	・・・참고가 될 만한 의견을
さんの食べたことのない	씨가 먹어본 적 없는
そりゃあ大変だ！	그거 큰일이다！
それは、もののたとえよ！	그건 비유라고！
さん、やったね！	씨 해냈네！
の完全勝利でやんす。	의 완전 승리입죠。
さんは謙遜してるのよ。	씨는 겸손 떠는 거야。
のヒーローを	의 영웅을
野球の練習でも・・・・	야구 연습이라도・・・・
さぁ～ん！	씨이～！
もう、どこ見てるのよ！	정말 어딜 보는 거야！
ま、いいわ。	뭐 됐어。
ちゃんと	짱과
初めて会った時に、	처음 만났을 때、
じゃあ、別のおかずにサンマを	그럼 다른 반찬으로 꽁치를
ちゃんの	짱의
ずっと母親代わりだよ。	계속 엄마 대신이야。
行っちゃうんですよね。	가 버리는 거죠。
そんなことは、許さん！	그런 건 용납 못 한다！
ちょ、ちょっと、お父さん？	자、잠깐 아빠？
しかし、どんなくだらん奴と	하지만 어떤 시시한 놈이랑
の学校まで行って	의 학교까지 가서
あいつに色目使ってる男を	저 애한테 추파 던지는 남자를
目がマジだった。）	눈이 진심이었다。）
ほら、無駄口叩いてねえで	봐 잡담 그만하고
・・・・まったく。	・・・・정말이지。
おじさ～ん！	아저씨～！
ああ、コロッケの君だ。	아 고로케 걔다。
この間は本当にありがとう。	요전엔 정말 고마웠어。
あたし	나
たかこ	타카코
おじさんは？	아저씨는？
ブラブラさんなんだ。	빈둥빈둥 씨구나。
元気で若い男の人を。	건강하고 젊은 남자를。
明日の朝よ！	내일 아침이야！
もう少しお布団の中にいたい。	좀 더 이불 속에 있고 싶어。
なんかこうやって寝転んで	왠지 이렇게 누워서
天井をながめてたらさ、	천장을 바라보고 있으면、
別に困ってるわけじゃないし、	딱히 곤란한 건 아니고、
でも自分の未来を考えると	근데 내 미래를 생각하면
夢がダメになった時、私は	꿈이 망가졌을 때 나는
夢に向かって	꿈을 향해
努力して	노력해서
夢をかなえるために	꿈을 이루기 위해
がんばることは	힘내는 것은
とてもいいことだ。	아주 좋은 일이다。
夢がかなわなくなったとき	꿈이 이뤄지지 않게 됐을 때
それで終わりじゃない。	그걸로 끝이 아니다。
そもそも	애초에
どうして金づちなんて	어째서 망치 같은 걸
持ち歩いてるんです？	들고 다니는 거예요？
って聞いてないのかね？	라고 못 들었나？
しかしこのナベ、	그런데 이 냄비、
そうとう年季が入ってるねぇ。	상당히 연륜이 있구먼。
もったいないよねぇ。	아깝단 말이지。
・・・ほら、できた。	・・・자 다 됐다。
・・・見事な仕事ですね。	・・・훌륭한 솜씨네요。
家族４人、質素に暮らしていける	가족 ４명이 검소하게 살아갈
くらいは、ちゃんと稼いでるさ。	정도는 제대로 벌고 있어。
それ何でやんす？	그거 뭡죠？
オイラもなかよくしたいと	나도 친해지고 싶다고
思っていたでやんす！	생각했습죠！
しかし・・・・・・・・・・	하지만・・・・・・・・・・
そんなことより、練習だ練習！	그것보다 연습이다 연습！
ように、見張っとくでやんす！	도록 지켜보겠습죠！
、どこに行ったんだろうな・・・	、어디로 간 걸까・・・
あの犬のことかね？	그 개 말인가？
あの犬、昔	그 개 옛날에
死ぬようなケガじゃなかったから	죽을 만한 부상은 아니어서
ひどい剣幕でほえられてね、	무섭게 짖어대는 통에、
おかげであのとおり、ひどい	덕분에 저렇게 심한
こーーーんな、めでたい日に、	이ーーー런 경사스러운 날에、
あたしの寿命が伸びて、来年も	내 수명이 늘어서 내년에도
これ以上にめでたいことが	이보다 더 경사스러운 일이
ありますかっ～てぇの！	있냐고～！
じゃあ、俺も楽しむか。	그럼 나도 즐길까。
との最終決戦を前に	와의 최종 결전을 앞두고
もう時間が残り少ないのか？）	이제 시간이 얼마 없는 건가？）
なんだか、ものすごく必死で	왠지 엄청나게 필사적으로
あああ、あっちいけでやんす！	아아아 저리 가랍죠！
が、いきなり	가 갑자기
母ちゃんの顔を見たとたん	엄마 얼굴을 본 순간
ほえだしたんでやんす！	짖기 시작했습죠！
ひどく危険な犬でやんす！	굉장히 위험한 개입죠！
みんなでやっつけるでやんす！	다 같이 해치웁죠！
こんなのに刺されたら	이런 거에 쏘이면
死んじゃうでやんす！	죽어버립죠！
あたしの腕にとまっていた？	내 팔에 앉아 있었다고？
ほえていたのも、危険を	짖은 것도 위험을
おじちゃんと同じくらい	아저씨만큼이나
かっこいいでやんすーー！	멋집죠ーー！
大村会長	오무라 회장님
にでも聞けばわかるかな？）	에게 물으면 알 수 있으려나？）
の振興会の	의 진흥회
こんな小汚い喫茶店、	이런 꾀죄죄한 찻집에、
オホホホホ。	오호호호호。
しかし、発言力という点では	하지만 발언력이란 점에서는
非常に強いものを持っている。）	매우 강한 걸 갖고 있다。）
さっきからなにをコソコソ	아까부터 뭘 소곤소곤
たいしたことじゃないんだ。	별거 아니야。
出店規制条例の違反について、	출점 규제 조례 위반에 대해、
そもそも条例に違反しても	애초에 조례를 위반해도
おまけに今は	게다가 지금은
の方が	쪽이
コーヒーでも飲んで	커피라도 마시고
（商店街の現状を聞きました。）	（상점가 현황을 들었습니다。）
この先、協力してがんばって	앞으로 협력해서 힘내
お互い協力すれば、	서로 협력하면、
もっと強くなるだろうし。	더 강해질 테고。
・・・こうなったら拳で勝負だ。	・・・이렇게 됐으니 주먹 승부다。
い受けて立つ。	い받아주마。
おい、キミ達・・・	야 자네들・・・
あれは、男同士の仲直りの儀式	저건 남자들끼리의 화해 의식
みたいなもんですから。	같은 거니까요。
この臆病者！	이 겁쟁이！
いつまでも	언제까지고
だだこねてるんだい。	떼쓰고 있는 거니。
どうせなら大人らしく、	이왕이면 어른답게、
それなのに、わがままに振舞って	그런데 제멋대로 굴어서
試合でのヒーロー争いなら、	시합에서의 영웅 다툼이라면、
いいところに来たでやんす！	마침 잘 왔습죠！
も、もう、大丈夫ですから。	이、이제 괜찮으니까요。
・・・かなり熱がある。	・・・열이 꽤 있다。
お客さんに出す時の手順は	손님에게 낼 때 순서는
わかりますから・・・	아니까요・・・
でも、ご飯ができてないわ。	근데 밥이 안 됐어。
サフランライスの作り方なら、	사프란라이스 만드는 법이라면、
だいたいじゃ、ダメなの！！	대충으론 안 돼！！
・・・あ、ごめんなさい。	・・・아 미안해요。
・・・この店はね、亡くなった	・・・이 가게는 말이야 돌아가신
あたしのせいで、評判を落とす	나 때문에 평판을 떨어뜨릴
わけにはいかないのよ。	수는 없는 거야。
・・・世間の評判なんて・・・	・・・세상 평판 따위・・・
もう、うんざり。	이제 진절머리나。
落ち着いたら	진정되면
ライスの作り方を。	라이스 만드는 법을。
お父さんみたいにはなりたくない	아빠처럼은 되고 싶지 않다
って言われちゃったよ。	라는 말을 들어버렸어。
４代目になるんだぞって言ったら	４대째가 되는 거라고 했더니
お父さんみたいには	아빠처럼은
なりたくない」	되고 싶지 않아」
って、言われちゃったんだよ。	라고 들어버린 거야。
嫁の目を盗んでは	아내 눈을 피해서
仕事をサボることもあるけれど、	일을 땡땡이칠 때도 있지만、
店にいるときには	가게에 있을 때는
息子にはそんな風に見えてたのか	아들에겐 그렇게 보였던 건가
と思うと、ショックだよ。	하고 생각하니 충격이야。
見てもらっていることは	봐 주고 있다는 건
わかったわけですし・・・	알게 된 거고・・・
そんな欲望はないよ？	그런 욕심은 없어？
でも金物やら電動工具に対する	하지만 철물이나 전동공구에 대한
そこだけは	그것만은
後継ぎを押し付けるんじゃなくて	후계를 강요하는 게 아니라
自然に興味を持つように、	자연스레 관심 갖도록、
あげたら	주면
だ仕事ですか？	だ일인가요？
さんにもお給料渡さないとね。	씨에게도 월급 줘야 하니까。
銀行に預けに行くところを	은행에 맡기러 가는 걸
くれてるんだけどね。	주고 있긴 한데。
値段が安いのと、店が小さいから	값이 싼 데다 가게가 작으니까
でも、これまでもなんとか	그래도 지금까지 어떻게든
やってきたんだから、	해왔으니까、
これからもなんとかするわよ。	앞으로도 어떻게든 할 거야。
い・・・がんばりましょう。	い・・・힘냅시다。
あまりそういうところにまで	별로 그런 데까지
目をそむけたって、現実は	눈을 돌려도 현실은
そうしましょう。	그렇게 해요。
、練習に来たのか。	、연습하러 왔냐。
・・・じろじろ見ないでよ、	・・・빤히 보지 마、
あちこちに。	여기저기。
・・・はい、修正完了。	・・・자 수정 완료。
ねえ、このケーブル	있잖아 이 케이블
こうやって、ちょっと引っ張って	이렇게 조금 당겼다가
手を離すと・・・	손을 놓으면・・・
まきとられる仕組み	감기는 구조
これの使い方を説明された時	이거 사용법을 설명들었을 때
もんだから、心配した開発者が	그러니까 걱정한 개발자가
笑いながら意識を失ったのって	웃으면서 의식을 잃은 건
あれが最初だったかな。	그게 처음이었나。
状況があんまり悲惨すぎると	상황이 너무 비참하면
笑う以外にどうしようもない	웃는 것 말고는 어쩔 수 없는
ことってあるじゃん？	일이 있잖아？
（ドバーン！！）	（콰앙！！）
（Ｙボタンで殺虫剤をかけて	（Ｙ버튼으로 살충제를 뿌려
巨大ムカデを倒せ！）	거대 지네를 쓰러뜨려라！）
には殺虫剤は効かないぞ！）	에는 살충제가 안 통한다！）
（時間がなくなってきたら、	（시간이 없어지면、
」をとって時間を回復！）	」을 주워 시간을 회복！）
あんまり意味がないような	별로 의미가 없는 것 같은
それより、今	그것보다 지금
大事にできる人たちを	소중히 할 수 있는 사람들을
大事にしたいって、	소중히 하고 싶다고、
そう思うようになったんだ。	그렇게 생각하게 됐어。
それで、	그래서、
がどんな思いで	가 어떤 마음으로
であり、先輩達なんだ。	이고 선배들인 거야。
それがわかったから、	그걸 알았으니까、
ここでの生活が一段落した時に	은혜 갚으러 가기로 결심했어。
に戻る。	로 돌아간다。
じゃあ、今年は野球の試合で	그럼 올해는 야구 시합에서
がんばろうか！	힘내볼까！
おじちゃんでやんす。	아저씨입죠。
こんなところでなにしてるの？	이런 데서 뭐 하는 거야？
しかも元の水にはあらず。	게다가 본래의 물도 아니로다。
川面（かわも）の動きを見て、	강물（수면）의 움직임을 보고、
オイラ、いつも母ちゃんに	나 늘 엄마한테
相手にわかりやすく話せと	상대가 알기 쉽게 말하라고
言われているでやんす。	듣고 있습죠。
たしかにそうかもしれぬ。	확실히 그럴지도 모르겠소。
もっともらしい難しい言葉で	그럴듯한 어려운 말로
こっちは見つからないでやんす。	이쪽은 안 보입죠。
そっちはどうだったでやんす？	그쪽은 어땠습죠？
傘にペンダントに・・・	우산에 펜던트에・・・
見つけたんだけど・・・	찾았는데・・・
これ、これでやんす。	이거 이겁죠。
じゃあ、他の物は	그럼 다른 건
あら、それどうしたの？	어머 그거 어떻게 된 거야？
もうあきらめてたのに。	이미 포기했었는데。
高いものじゃないけど・・・	비싼 건 아니지만・・・
あるんだけど・・・	있는데・・・
このチラシを見てくれよ。	이 전단을 봐 줘。
ウチがイベントを企画すると	우리가 이벤트를 기획하면
どういうわけかスーパーも	어째선지 슈퍼도
タイミングを合わせて	타이밍을 맞춰서
・・・セコイですね。	・・・치사하네요。
向こうに行っちゃうから・・・	저쪽으로 가버리니까・・・
もうかるんじゃないのか？	돈을 버는 거 아닌가？
あっちのスーパーは車で来る人	저쪽 슈퍼는 차로 오는 사람
向けの立地ですよね？	대상 입지잖아요？
利用客は別の駅前に行くだけで、	이용객은 다른 역 앞으로 갈 뿐이고
わざわざあっちのスーパーには	일부러 저쪽 슈퍼에는
別のスーパーを建てるとか・・・	다른 슈퍼를 짓는다든가・・・
大型スーパー２店を経営する	대형 슈퍼 ２점을 경영할
は、なにか目的があって	는 무슨 목적이 있어서
と対立しているんじゃ	와 대립하는 게
きっと、あのスーパーの店長は	분명 저 슈퍼 점장은
あ、おいしい！	아 맛있어！
で修行した技です。	에서 수행한 기술입니다。
親を見つけ出して、どうして	부모를 찾아내서 어째서
それで、こうして寺を飛び出して	그래서 이렇게 절을 뛰쳐나와
きっと事情があったんだろうし。	분명 사정이 있었을 테고。
それだけで十分じゃないか。	그것만으로 충분하잖아。
お前一人の力でここにいる	너 혼자 힘으로 여기 있는
オレの	내
だけど・・・	하지만・・・
がお前の親だ。	가 네 부모다。
それで十分じゃないのかな。	그걸로 충분하지 않을까。
商店街で配って来なさい。」	상점가에서 나눠주고 와라。」
って言われたから。	라고 들었으니까。
・・・商店街の真ん中で、	・・・상점가 한복판에서、
あそこならこっちの商店街に	거기라면 이쪽 상점가에
そこまでさせられないよ。	거기까지 시킬 순 없어。
スーパーの人に聞かれたら、	슈퍼 사람이 물으면、
もらっておこう。	받아 두자。
う～む、怪しいでやんす。	으～음 수상합죠。
きっと、ここに	분명 여기에
の秘密がある	의 비밀이 있는
ような気がするでやんす！	것 같은 기분입죠！
バケモノだ！	괴물이다！
そこで何をしている。	거기서 뭘 하고 있느냐。
は助けてくれたんでやんす。	는 도와준 겁죠。
、ありがとうでやんす。	、고맙습죠。
の秘密を探ろうと・・・	의 비밀을 캐려고・・・
そういえば、今日も	그러고 보니 오늘도
突然現われたでやんすね。	갑자기 나타났습죠。
になにかあるのかな？）	에 뭔가 있는 걸까？）
とかいう女性であるが、	라는 여성인데、
たわむれにネットでの	장난삼아 인터넷에서
（ネットでの	（인터넷에서의
サギの一種で犯罪行為です。）	사기의 일종으로 범죄행위입니다。）
さん、それは犯罪行為です！	씨 그건 범죄행위예요！
みんなそういう甘い考えで	다들 그런 안일한 생각으로
なんだか話聞いてると	왠지 얘기를 듣고 있으면
理性的行動を求むることの、	이성적 행동을 구하는 것이、
・・・とにかく、今後、あの人に	・・・아무튼 앞으로 그 사람한테
景気やお金の話題に直結するのも	경기나 돈 얘기로 직결되는 것도
との決着をつけよう。	와 결착을 짓자。
クロノ	크로노
って元気なじいさんの組織に	라는 정정한 영감 조직에
いたことがあるのカニ。	있었던 적이 있다 게。
たくらんでるんでありますか？	꾸미고 있는 겁니까？
それで、資金でも集めようと	그래서 자금이라도 모으자고
いうことになって、銀行強盗を	해서 은행 강도를
計画したのでカニ。	계획했다 게。
普通のビジネススーツ着た男が	평범한 비즈니스 슈트 입은 남자가
やって来て、俺たちの目の前で	와서 우리 눈앞에서
頭が２つに割れて、バルカン砲が	머리가 ２개로 갈라져 발칸포가
飛び出して来たのカニ。	튀어나왔다 게。
あとから警官隊がやって来て、	나중에 경관대가 와서、
銃で撃たれまくってたけど	총에 잔뜩 맞았는데도
まったく平気だったカニね。	전혀 멀쩡했다 게。
サイボーグだったらしいカニ。	사이보그였던 것 같다 게。
おまけに翌日の新聞には	게다가 다음 날 신문에는
単なる爆発事件になってたカニ。	단순 폭발사건이 돼 있었다 게。
じゃあ、情報操作でありますか？	그럼 정보 조작입니까？
こたえたみたいカニね。	충격이었던 것 같다 게。
世の中に置いていかれた～って	세상에 뒤처졌다～면서
すっかりヘコんじゃって	완전히 풀이 죽어서
見てられなかったカニよ。	못 봐주겠더라 게。
ダメでカニよ。	안 된다 게。
お前の方が生意気につっかかって	네가 건방지게 대들어
それで、今ケンカになった	그래서 지금 싸움이 된
それはまた哲学的な・・・	그거 또 철학적인・・・
死を覚悟して、それまでに	죽음을 각오하고 그때까지
そのために産まれたんだよ！	그걸 위해 태어난 거야！
いいんだが・・・）	좋지만・・・）
ここでなら、住む所も働く所も	여기라면 살 곳도 일할 곳도
そろってるじゃないか。	다 갖춰져 있잖아。
そんなの勝手に決めたら・・・	그런 걸 멋대로 정하면・・・
さんが迷惑じゃ・・・・	씨가 곤란하지・・・・
さんも、	씨도、
お父さんも助かるって話なら、	아빠도 도움이 된다는 얘기라면、
俺はよろこんで、	저는 기꺼이、
ここにご厄介になりますよ。	여기 신세 지겠습니다。
そうしろ、そうしろ。	그렇게 해라 그렇게 해。
安いもので、野球の練習に	싼 걸로 야구 연습에
が活躍してくれれば	가 활약해 주면
じゃ、約束どおりプレゼントして	그럼 약속대로 선물해
（・・・試合は、なんと途中で	（・・・시합은 무려 도중에
が試合放棄。	가 시합 포기。
そんな風には思ってないさ。	그렇게는 생각 안 해。
家族連れで応援しに行ったのに	가족끼리 응원하러 갔는데
とんだ恥さらしですわ。	엄청난 망신이에요。
いろいろと中傷されてるし・・・	이것저것 중상당하고 있고・・・
、どうしたの？！	、무슨 일이야？！
くやしいでやんす！	분합죠！
信じてるでやんすよ、	믿습죠、
さんが店番を？	씨가 가게를 봐？
なら、今日は	라면 오늘은
君つれて	군 데리고
学校の休みの日ぐらい、	학교 쉬는 날 정도는、
さんの店の方は、	씨네 가게 쪽은、
として有名なんだ。	로 유명해。
ういいかげんだな。	う엉성하군。
あたしは、この店のカレーを	나는 이 가게 카레를
その代わりだね。	그 대신이지。
あたしは副業が好調だから。	나는 부업이 잘되니까。
ちゃんと食事とってる？	밥은 제대로 챙겨 먹어？
お腹がすいたからって、	배고프다고 해서、
それで大丈夫なんじゃ	그걸로 괜찮은 거
ないんでやんすか？	아닙죠？
たぶん栄養が足りないと見た！	아마 영양이 부족하다고 봤다！
いハハハ、まさか！	い하하하 설마！
じゃあ、何を食べてるの？	그럼 뭘 먹고 있어？
なかなか馬鹿には	꽤나 무시할 수는
できぬもの。	없는 것이오。
戦時中の兵隊が、大便の中の	전시 중 병사가 대변 속의
寄生虫を集めて飢えを・・・	기생충을 모아 굶주림을・・・
チョウの幼虫・・・	나비 유충・・・
お店の中で、そういう会話は	가게 안에서 그런 대화는
このお店で、そういう会話は	이 가게에서 그런 대화는
やめてくれないかしら？	그만둬 주지 않을래？
しかし・・・	그런데 말이야・・・
お前さん、いつ来るか、	자네 언제 올지、
わからない奴だよなぁ～	알 수 없는 녀석이란 말이지～
そうだ、お前の携帯電話に	맞다 네 휴대전화로
来てほしい時に	와 줬으면 할 때
・・・お、そうだ！	・・・오 맞다！
前にここで働いていた奴に	전에 여기서 일하던 놈에게
あれをお前に貸すよ。	건네준 전화가 있었을 거다。
・・・メールが来てるって？	・・・메일이 왔다고？
晩御飯用意して待ってます。）	저녁밥 준비하고 기다립니다。）
コマンドではなく	커맨드가 아니라
仕事を手伝うことができます。）	일을 도울 수 있습니다。）
ファボール！	파보르！
オラ、ポソ・アジュウダル？	올라 포소・아주다르？
音声ファイルを検索すれば	음성 파일을 검색하면
地図の入手も現在地確認も	지도 입수도 현재지 확인도
他のサイボーグと違って、	다른 사이보그와 달리、
あたしは失敗作だから。	나는 실패작이니까。
う別の手段を考えよう。	う다른 수단을 생각하자。
そんな風に、自分をおとしめる	그렇게 자신을 깎아내리는
のは良くないぞ。	건 좋지 않아。
もっと自信を持っていい。	좀 더 자신을 가져도 돼。
さあ、お腹空いたから	자 배고프니까
なにかが	뭔가가
とりついておるぞ。	씌어 있느니라。
、そんな能力は持っていない。	、그런 능력은 없다。
こいつが車にひかれておったのを	이놈이 차에 치인 걸
・・・義理堅い犬だ。	・・・의리 있는 개군。
の帽子をかぶった小学生？	모자를 쓴 초등학생？
というのはわからんが、	라는 건 모르겠으나、
なら、この前に	라면 요전에
どうしてまた・・・	어째서 또・・・
わざわざこちらのチームを	일부러 이쪽 팀을
宣伝してくれるというのも・・・	홍보해 준다는 것도・・・
その話を聞いて、	그 얘기를 듣고、
この試合は勝ってくれたまえ。	이 시합은 이겨 주게。
相手なら	상대라면
試合に出ていることがばれると	시합에 나온 게 들키면
キャプテンは	주장은
助っ人がいることを念頭において	용병이 있는 걸 염두에 두고
だが、会長の強い要望なんだ。	하지만 회장님의 강한 요청이다。
助っ人は出ないことになった！）	용병은 안 나오게 되었다！）
・・・ていうか、	・・・그보다、
劇場代に機材レンタル代、	극장비에 기자재 대여비、
じゃあ、それが具体的になったら	그럼 그게 구체화되면
わかぎ	와카기
ニュージーランドに預金するのが	뉴질랜드에 예금하는 게
それじゃ、あたしはこれで。	그럼 나는 이만。
危険性を高めに評価したなれば	위험성을 높게 평가한다면
しかし、それでも今度は	하지만 그래도 이번엔
う野球で	う야구로
その知略を生かしてくれ。	그 지략을 살려 줘。
わが知略も	내 지략도
さほど役にはたたぬ。	그다지 도움이 되지 않소。
他人から聞く	남에게서 듣는
もうけ話など、	돈벌이 얘기 따위、
その者自身を富ませるための	그자 자신을 부유하게 하기 위한
だから、そうやって	그래서 그렇게
監督が	감독이
という人に代わった。	라는 사람으로 바뀌었다。
監督は、いきなり	감독은 갑자기
俺をキャプテンに指名した。）	나를 주장으로 지명했다。）
これまで、商店街会長のワシが	지금까지 상점가 회장인 내가
しかし、商店街の建て直しと	하지만 상점가 재건과
野球の練習を両立させるのは	야구 연습을 양립시키는 건
さわだ	사와다
）さんだ。	）씨다。
さんは、長年	씨는 오랫동안
学校で野球監督をやってきて、	학교에서 야구 감독을 해왔고、
・・・ん、どうしたんだ？	・・・응 무슨 일이냐？
練習メニューは次回までに	연습 메뉴는 다음까지
組んでくるとして・・・	짜 오기로 하고・・・
このチームは	이 팀은
さんが中心になって・・・	씨가 중심이 되어・・・
を補佐してやってくれ。	를 보좌해 줘라。
これで解散！	이걸로 해산！
なんなのでありますが・・・。	좀 그렇습니다만・・・。
続けて欲しいのであります。	계속해 주셨으면 합니다。
どうしてカニ！？	어째서다 게！？
・・・でも現実には、つまらない	・・・하지만 현실은 시시한
一番つらいのは、どこででも	가장 괴로운 건 어디서든
そうなのではないかということを	그런 게 아닐까 하는 것을
考えてしまう時なのであります。	생각해 버릴 때입니다。
だから、世の中のどこかに	그러니 세상 어딘가에
あまりよくはないですが、	별로 좋지는 않지만、
なにしろ本物の怪人なんですよ、	어쨌든 진짜 괴인이잖아요、
そうなんだよな。	그렇단 말이지。
よし、俺もう一度	좋아 나 다시 한 번
ちゃんと怪人やってみるカニ！	제대로 괴인 해보겠다 게！
ちゃんと終わらせるカニ。	제대로 끝내겠다 게。
今年いっぱいは	올해 내내는
野球がんばるカニよ。	야구 힘내겠다 게。
急に色づいてきたカニよ。	갑자기 물들기 시작했다 게。
よーし、がんばるカニ！	좋아 힘내겠다 게！
野球をやっていたでカニよ。	야구를 했던 거다 게。
うじうじ悩んだ末に、	우물쭈물 고민한 끝에、
人生の一発逆転を狙って	인생 한 방 역전을 노리고
カニ怪人に志願したらしいカニ。	게 괴인에 지원했다더라 게。
あまり残っていないのか？	별로 안 남아 있는 거냐？
夢みたいなものカニねぇ。	꿈 같은 거다 게。
別に、どうでもいいカニ。	딱히 아무래도 좋다 게。
いそういうものなのかな。	い그런 건가。
人間としての過去は、	인간으로서의 과거는、
記憶も残ってるカニよ。	기억도 남아 있다 게。
別の存在なんだから、正体が	다른 존재니까 정체가
何かってわけじゃないカニよ。	뭐냐는 게 아니다 게。
ま、気が向いたら人間とカニに	뭐 내키면 인간과 게로
分離してもらうカニよ。	분리시켜 달라겠다 게。
できるのか？	할 수 있는 거냐？
技術的には問題ないカニ。	기술적으론 문제없다 게。
問題は、そうなった場合・・・	문제는 그렇게 됐을 경우・・・
今のカニ怪人としての意識が	지금 게 괴인으로서의 의식이
どうなってしまうかわからない	어떻게 될지 모른다는
ということなのカニ。	것이다 게。
問題なのカニ！	문제인 거다 게！
過去はどうでもいいのカニ！	과거는 아무래도 좋다 게！
ねえ、なんか都合のいい	있잖아 뭔가 형편 좋은
明るい未来はないもんカニ～？	밝은 미래는 없나 게～？
そうだったっけ？	그랬던가？
変な店の前で	이상한 가게 앞에서
店員に料金を払えって言われて	점원이 요금 내라고 해서
書いてあったから・・・	울던 걸 도와줬잖아。
もう、命の恩人！	정말 생명의 은인！
それで、あの時のお金を少しでも	그래서 그때 돈을 조금이라도
じゃあ１００円貸してくれ。	그럼 １００엔 빌려줘。
そりゃ、命の恩人だから	그야 생명의 은인이니까
貸せって言えば貸すけど・・・	빌려달라면 빌려주겠지만・・・
あの時の金は、いいよ。	그때 돈은 됐어。
公園に行って水でも飲むか・・・	공원 가서 물이라도 마실까・・・
あっ、そうだ。	앗 맞다。
これ、さっきもらったんだけど、	이거 아까 받았는데、
おいしそう。	맛있겠다。
ちゃんじゃないか！	짱 아니야！
うちの劇団に出入りしてるの。	우리 극단에 드나들고 있어。
のとこの	네
、欲しがってたから	、갖고 싶어 했으니까
ちゃんって	짱은
そのころからじゃないかな。	그때부터 아닐까。
よくわからないけど、	잘 모르겠지만、
ところでお前な、あいつのこと	그런데 너 말이야 저 애를
ういい人だな。	う좋은 사람이야。
もっとこう・・・	좀 더 이렇게・・・
まあ、安心といえば安心だが	뭐 안심이라면 안심이지만
言ってくれ。	말해 줘。
・・・ちぇっ。	・・・칫。
あ～あ、しょうがないよな。	아～아 어쩔 수 없지。
でもよ、そういうのって	근데 말이야 그런 건
うれしくなんかないよ。	기쁘지도 않아。
なんだかおかしいですよ、	왠지 이상해요、
この前だって・・・	요전에도・・・
自分の後始末ぐらい、	자기 뒷정리 정도는、
昔、河川敷の石をひろって	옛날에 강변 돌을 주워
あの苦労は、あんな	그 고생은 저런
よそ者の連中が	외지인 놈들이
ようするに、あの	요컨대 그
人がいなくても	사람이 없어도
に勝てるようになればいい。	에 이길 수 있게 되면 된다。
しかし、本官は時間が・・・・	하지만 본관은 시간이・・・・
あんな野球なめた連中に負けて	저런 야구 얕보는 놈들한테 져서
たまるもんか。	참을 수 있겠나。
僕、緊張しちゃうなぁ～。	나 긴장되는걸～。
見たか、	봤나、
の力を。	의 힘을。
この試合の各イニングでもらえる	이 시합 각 이닝에서 받는
スタンプを集めると、商品が	스탬프를 모으면 상품이
あ、もうしわけありません！	최대 ４할 할인이 된다！
高校野球の甲子園に比べれば、	고교야구 고시엔에 비하면、
そら、とっとと行け！	자 냉큼 가라！
いおい、	い이봐、
なにしろ、	어쨌든、
キャプテン	주장
この試合以降、あなたが	이 시합 이후 당신이
選手交代は	선수 교체는
監督の仕事なので	감독의 일이라
あなたには操作できません。	당신은 조작할 수 없습니다。
貧乏臭い	궁상맞은
の野郎と	그놈과
貧乏臭い草野球チームに	궁상맞은 동네야구 팀에
この試合が商店街の正念場だ。	이 시합이 상점가의 고비다。
・・・助けて・・・助けて・・・	・・・살려줘・・・살려줘・・・
助けて・・・助けて・・・・	살려줘・・・살려줘・・・・
・・・あなた。	・・・당신。
以前の問題	이전의 문제
の気がするけどな。）	인 것 같은데。）
こう見えても、わたし	이래 봬도 나
豪腕を見たらあなた、	강속구를 보면 당신、
きっとビックリしまーす！	분명 깜짝 놀랍니ー다！
これは本当にすごい。	이건 정말 굉장하다。
ぜひとも	꼭
に来てくれ！	에 와 줘！
折れてしまったです・・・・	부러져 버렸습니ー다・・・・
（こんな奴を一瞬でも頼りにした	（이런 놈을 한순간이라도 믿은
自分を恥じよう・・・）	자신을 부끄러워하자・・・）
の謎の財宝の情報に、	의 수수께끼 재보 정보에、
舞い上がる支店長だが・・・）	들뜬 지점장이지만・・・）
会長の狙ってるお宝なんだが	회장이 노리는 보물 말인데
に墜落したそうだ。	에 추락했다더군。
大都市の上空で被弾して、	대도시 상공에서 피격당해、
この町まで逃げてきたらしい。	이 동네까지 도망쳐 왔다더군。
パイロットは脱出したが、	파일럿은 탈출했지만、
もったいぶるな。	뜸 들이지 마라。
５年前か・・・	５년 전인가・・・
たしかに、その頃から会長は	확실히 그때부터 회장은
に興味を持っていた。	에 관심을 갖고 있었다。
そのお宝を手に入れるためだけに	그 보물을 손에 넣기 위해서만
口封じで殺されないように	입막음으로 죽지 않도록
成功を収めることが出来た。）	성공을 거둘 수 있었다。）
・・・あら、これはなに？	・・・어머 이건 뭐야？
の誇るチーム	가 자랑하는 팀
が練習に使っている	가 연습에 쓰는
３球中、１球でも打てたら	３구 중 １구라도 치면
のピッチャー、	의 투수、
の球を打てば豪華賞品！	의 공을 치면 호화 상품！
たまには役に立つのねぇ。	가끔은 도움이 되는구나。
なんだが・・・	말인데・・・
という男です。	라는 남자입니다。
ちゃんの姿が見えないな。	짱 모습이 안 보이네。
だから今日は自主練習。	그래서 오늘은 자율 연습。
一応言っておくけど、	일단 말해두는데、
のが夢なんだよ。	게 꿈이라고。
がんばってんだ。	힘내고 있는 거야。
・・・それに、	・・・게다가、
も迷惑だろうし。	도 곤란할 테고。
だめなのか？	안 되는 건가？
この店を守って	이 가게를 지키며
うちの長男は	우리 장남은
君の１つ上の学年	군보다 한 학년 위
でも、いつまでも１人だけで	근데 언제까지나 혼자서
えそんなこと聞かれても・・・。	え그런 걸 물어봐도・・・。
若い人は、もっと自分の意見を	젊은 사람은 좀 더 자기 의견을
そうだけどさ！	그렇긴 하지만！
ちょっとドキドキしちゃうな	좀 두근거리는걸
ひょっとして、買主は	혹시 매입자는
じゃなかったかと思ってね。	아니었나 싶어서 말이야。
仮にそうだとしても、	설령 그렇다 해도、
あたしにはわからないよ。	나는 모르겠어。
話かと思ってたのに。	얘기인 줄 알았는데。
がっかりだよ！	실망이야！
ひょっとして買主は	혹시 산 사람은
そして、その人は	그리고 그 사람은
そ、そんなことないって！	그、그렇지 않다니까！
・・・あー、いや。	・・・아ー 아니。
そう、全然誰も知らない人！	그래 전혀 모르는 사람！
それで十分だ。	그걸로 충분하다。
・・・ずっと正しくなんて	・・・계속 올바르게만은
から挑戦状？	에게서 도전장？
年末のクリスマス後に	연말 크리스마스 뒤에
つもりなんでしょう。	셈이겠죠。
野球で名を売るのは、ちょっと	야구로 이름을 알리는 건 좀
無理になるかもしれない・・・	하지만
以外のチームに	말고 다른 팀에
勝ちつづければ、	계속 이기면、
今はチームが１つですから	지금은 팀이 １개니까
会長様が、例の試合を	회장님이 그 시합을
との年末決戦は	와의 연말 결전은
の３人も参加する。	의 ３명도 참가한다。
いま、一瞬見てはいけないものが	방금 한순간 보면 안 될 게
に勝って	에 이겨서
このチームが助っ人なしでも	이 팀이 용병 없이도
、お前にキャプテンを頼む。	、너에게 주장을 맡긴다。
やれやれ、キャプテンの座は	이런 주장 자리는
との件が片付くまでは	와의 건이 정리될 때까지는
しない方がいい。	하지 않는 게 좋아。
まったく、どこまでも	정말이지 끝까지
ムカツク野郎だぜ、お前は	열받는 놈이다 너는
ますますこっちがちっぽけに	점점 이쪽이 초라하게
を倒してからだ。	를 쓰러뜨리고 나서다。
にキャプテンを	에게 주장을
が強くなったのなら	가 강해졌다면
まあ、ずっと	뭐 계속
だってさびしがるぜ。	도 섭섭해할걸。
」２００グラムさ。	」２００그램이야。
を虫まみれにして	를 벌레투성이로 만들어
イメージダウンをさせるような	이미지를 떨어뜨리는 그런
そんな作戦が採用できるか！	그런 작전을 채택할 수 있겠나！
オレは商店街をつぶせ、としか	나는 상점가를 뭉개라고밖에
この薬、やるよ。	이 약 줄게。
その薬をぶちまけたら、	그 약을 쏟으면、
・・・まったく、恐ろしい奴だ。	・・・정말이지 무서운 놈이다。
最近、商店街にウチが買い取った	요즘 상점가에 우리가 사들인
こういうところ、どうしても	이런 데는 아무래도
後回しになっちゃうんでやんす。	뒷전이 돼버립죠。
でやんすからね。	이라서 그렇습죠。
道具は、昨日のうちに	도구는 어제 미리
もう準備してあるでやんす。	이미 준비해 뒀습죠。
あとは・・・	이제・・・
さん、そろそろ母ちゃん	씨 슬슬 엄마가
帰ってくるでやんす！	돌아옵죠！
やっておくでやんす！	해 두겠습죠！
母ちゃんに見つからないように、	엄마한테 안 들키게、
こっそりと帰るでやんす。	몰래 돌아갑죠。
欲しいものがあるんだけど・・・	갖고 싶은 게 있는데・・・
それが目当てでやったの？	그게 목적으로 한 거야？
いよいよ野球生活の開始だ！）	드디어 야구 생활 개시다！）
ここに	여기에
さっき練習中に聞いた時は、	아까 연습 중에 들었을 땐、
わけじゃないんだろ。	건 아니잖아。
じゃあダメか？	그럼 안 되냐？
・・・ま、いいや。	・・・뭐 됐어。
いつまでも、俺の着替えで	언제까지나 내 갈아입을 옷으로
練習するわけには	연습할 수는
・・・いい選手だったんだがな。	・・・좋은 선수였는데 말이야。
そういう状況も変わるかな？	그런 상황도 바뀔까？
のやつらは	의 놈들은
（明日から	（내일부터
バンザイ	만세
発動に一日消化しますが、	발동에 하루 소모하지만、
バンザイメーター	만세 미터
の長さに応じた期間	의 길이에 따른 기간
の話が聞きたい？	얘기가 듣고 싶어？
あの犬は飼い犬だったんだが、	그 개는 기르던 개였는데、
を置いてきたって	를 두고 왔다고
そんなに肩書きが	그렇게 직함이
大事なんですかね？	중요한 걸까요？
それも人間さ。	그것도 인간이지。
で、借金取りが大勢やってきて	그래서 빚쟁이가 잔뜩 와서
が主人を追いかけて	가 주인을 쫓아
この町にやってきた。	이 동네에 찾아왔다。
その時やってきたのが・・・	그때 찾아온 게・・・
ですか。	인가요。
あの犬が立ちふさがった。	그 개가 가로막았다。
おまけに、主人に会えた喜びから	게다가 주인을 만난 기쁨에
・・・車を運転していた主人は	마구 짖어댔다。
犬の鳴き声で借金取りに	・・・차를 운전하던 주인은
それに、追い払おうとしても	개 짖는 소리로 빚쟁이한테
だから・・・	게다가 쫓아내려 해도
そのまま、	그러니까・・・
持って行ってやろうかな？）	가져다줄까？）
あ！たこ焼きもあるわ。	앗！타코야키도 있어。
ああ、とうもろこしもあるわ！	아 옥수수도 있어！
もう、本気にしないでよ～。	정말 진심으로 받지 마～。
あれなんだろう？	저건 뭘까？
ああ、コリントゲームだね。	아 코린트 게임이네。
だからやりたくなかったんだ。	그래서 하기 싫었던 거야。
ただの占いじゃないのぉ～。	그냥 점이잖아～。
とんだ姿を見せてしまったね。	볼썽사나운 꼴을 보였네。
それより、大丈夫なのか？	그것보다 괜찮은 거야？
親が出ていったていうのも	부모가 나갔다는 것도
もともとは僕が悪いんだし。	원래는 내가 잘못했고。
ずうっと親のスネかじりながら	계속 부모한테 얹혀살면서
あ、ちょっと	아 잠깐
しょう油もらうよ。	간장 좀 받을게。
どうしていいか、	어떻게 해야 할지、
けど商店街の人たちが事情を	근데 상점가 사람들이 사정을
知っていたみたいで、	알고 있었던 모양이라、
気のせいかもしれないけど	기분 탓일지도 모르지만
に入っているのも	에 들어간 것도
なんかさ、古本屋で働いたり、	뭐랄까 헌책방에서 일하거나、
野球やったりしてると	야구를 하거나 하면
人とつながってるんだなぁって	사람과 이어져 있구나 하고
これもみんなのおかげだよ。	이것도 다들 덕분이야。
まだ無理だと思うけど、	아직 무리라고 생각하지만、
もっと自分に自信がついたら	좀 더 자신감이 붙으면
のおじさん！	아저씨！
住んでるんでやんすか？	살고 있습죠？
オレはパチンコ屋で住み込みで	나는 파친코에서 숙식하며
バイトしてるから、ここには	알바하니까 여기엔
さんも、このおじさんを	씨도 이 아저씨를
オイラは倒せないでやんす！	나는 못 쓰러뜨립죠！
川の水が割けたでやんす！	강물이 갈라졌습죠！
そんな技を持っていたのか？	그런 기술이 있었던 거냐？
拳法のすごさを	권법의 대단함을
その技を教えて欲しいでやんす！	그 기술 가르쳐 줬으면 합죠！
見直したでやんす！	다시 봤습죠！
みそ汁に・・・	된장국에・・・
みそ汁は１０５円で８パックの	된장국은 １０５엔에 ８팩짜리
あれは水でもどして市販の	그건 물에 불려서 시판
いや・・・でも、昨晩は	아니・・・근데 어젯밤엔
組み合わせれば、それなりに	조합하면 나름대로
料理が下手なんじゃなくて、	요리를 못하는 게 아니라、
のってるように見えるんだが。	얹혀 있는 걸로 보이는데。
・・・見た目はともかく。	・・・겉모습은 그렇다 치고。
ううう、精進します～。	으으으 정진하겠습니다～。
だから、見捨てないでね？	그러니까 버리지 말아 줘？
ご飯がないから	밥이 없으니까
そろそろ閉めましょう。	슬슬 닫읍시다。
それと、商店街の回覧資料。	그리고 상점가 회람 자료。
う・・・なにもありません。	う・・・아무것도 없습니다。
そりゃないだろ？	그건 아니잖아？
あんなに若くて美人なんだよ？	저렇게 젊고 미인이라고？
しかも、ご主人をなくしてから	게다가 남편을 잃고 나서
ずいぶん経ってるし・・・	꽤 지났고・・・
だけですから。	뿐이니까요。
そうじゃなくて！	그게 아니라！
さんとの関係だよ！	씨와의 관계 말이야！
ありませんね。	없네요。
ワシだって、あと１０年若くて	나도 １０년만 더 젊고
あ、風来坊さん。	아 떠돌이 씨。
さんは商店街の一員だよな？	씨는 상점가 일원이지？
い問題がある。	い문제가 있다。
実は、あたし商店街とスーパーの	실은 나 상점가랑 슈퍼의
さんが同じ考えで。	씨가 같은 생각이라。
・・・でも、あんまりスーパーで	・・・근데 슈퍼에서 너무
あまのじゃくだから。	청개구리니까。
反抗したくなるけど、	반항하고 싶어지지만、
スーパーに	슈퍼에
対抗していこうって時に、	대항하자고 할 때에、
むしろ、迷惑料として	오히려 위자료로
商店街の売上げが減って	상점가 매출이 줄어서
スーパーを利用しないってのも	슈퍼를 이용 안 하는 것도
このことはみんなに内緒だよ。	이건 다들한테 비밀이야。
わざわざ不愉快にさせることも	일부러 불쾌하게 만들 것도
来週、ついに	다음 주 드디어
のチームだよ。	의 팀이야。
ふふふ、これで	후후후 이걸로
わがチームの	연승 기록이 또 하나 늘겠군。
おおた	오타
商店街のチームに勝っちゃって	상점가 팀을 이겨 버려도
商店街の連中を怒らせるより	상점가 놈들을 화나게 하기보다
機嫌をとった方が・・・	비위를 맞추는 편이・・・
だから、こうやって	그러니 이렇게
最後は	마지막엔
こっちに泣きついてくるさ。	이쪽에 매달리러 온다。
（そんなにうまくいくかな？）	（그렇게 잘될까？）
・・・ええと・・・	・・・그러니까・・・
あの、あんた本当に	저기 당신 정말로
あれ、店長のお知り合いじゃ	어라 점장님 아는 분이
またてっきり・・・	또 당연히・・・
こんな変な男は知らん！	이런 이상한 남자는 모른다！
）と呼びな。	）라고 불러라。
の野郎がいるからには、	그놈이 있는 이상、
あんたらの計算通りに	당신들 계산대로
コトは	일이
運ばないんじゃないかなぁ。	풀리지 않을걸。
・・・あんたらが困ってからね。	・・・당신들이 곤란해지고 나서。
うはははははは！	우하하하하하하！
仕事手伝ってくれている、	일 도와주고 있는、
せめてものお礼に・・・	최소한의 답례로・・・
では、お言葉に甘えて。	그럼 염치 불고하고。
ついでに風呂にも入って、	겸사겸사 목욕도 하고、
、メシの用意だ。	、밥 준비해라。
お父さん以外に食べてもらったの	아빠 말고 다른 사람이 먹은 건
初めてだから・・・	처음이라서・・・
今度はもっと美味しいの	다음엔 더 맛있는 걸
だから、また来てね。	그러니까 또 와 줘。
には、戦前まで	에는 전쟁 전까지
地下道があったことを聞いた。）	지하도가 있었다고 들었다。）
なにか伝説とか言い伝えみたいな	뭔가 전설이나 구전 같은
ものは	건
がどうして	가 어째서
この商店街を目の敵にしてるのか	이 상점가를 눈엣가시로 여기는지
の抜け穴伝説！	의 비밀통로 전설！
の山頂に、野球の試合で使ってる	정상에 야구 시합에 쓰는
・・・そうそう、思い出したよ。	・・・맞다 생각났어。
爆撃機のパイロットが、しばらく	폭격기 파일럿이 한동안
畑の作物を盗もうと出てきた	밭 작물을 훔치러 나온
ところを捕まえたらしいがね。	걸 붙잡았다더군。
戦争が終わって何年かたってから	전쟁이 끝나고 몇 년 지나서
だが、そのころには	하지만 그때는
もう抜け穴は	이미 비밀통로는
埋めてしまっていたからね。	메워 버렸으니까。
がっかりして帰ったらしいよ。	실망하고 돌아갔다더군。
（商店街の昔話を聞いた！）	（상점가 옛이야기를 들었다！）
お前のために、仕事を	널 위해 일을
残しておいてやったからなぁ～	남겨 뒀으니까～
ありがたいですねぇ～。	고맙네요～。
ご飯とお風呂、	밥과 목욕、
お世話になってるのは、	신세 지고 있는 건、
むしろ私達の方なんだから。	오히려 우리 쪽이니까。
お前は、うちの従業員なんだから	너는 우리 종업원이니까
ところで、従業員なら給料の方は	그런데 종업원이면 급여 쪽은
お父さんと、あたしだけじゃ	아빠랑 나만으론
いい仕事があるんでやんす。	좋은 일이 있습죠。
そこを見るでやんす。	거길 보십죠。
・・・もったいない。	・・・아깝다。
さんのところに	씨네에
持って行くでやんす。	가져갑죠。
おじちゃんはお金がもらえて、	아저씨는 돈을 받고、
さんは商品が増えて、	씨는 상품이 늘고、
じゃあ、すぐ査定するからね。	그럼 바로 감정할게。
ええっと・・・	음 그러니까・・・
くんありがとう。	군 고마워。
でも、それならどうして	근데 그렇다면 어째서
でも、母ちゃんに話したら	근데 엄마한테 말했더니
怒られたんでやんす。	혼났습죠。
じゃあ、２００円。	그럼 ２００엔。
教えてあげるでやんす。	알려주겠습죠。
でも、捨ててある物だしなぁ。	근데 버려진 물건이고 말이지。
ブンッ！）	휭！）
野球なんだなぁ～。	야구인 거구나～。
この間の奴らじゃないか！	저번 그놈들 아니냐！
お前、野球やってるんだなぁ～。	너 야구 하는 거구나～。
生意気なんだなぁ～。	건방진 거구나～。
所詮、草野球なんだなぁ～。	어차피 동네야구인 거구나～。
野球人口が増えることは	야구 인구가 느는 건
いいことなんだなぁ～。	좋은 일인 거구나～。
僕たちは、昔、甲子園で	우리는 옛날에 고시엔에서
優勝したことがあるんだなぁ～。	우승한 적이 있는 거구나～。
お前達が偉いのは	너희가 대단한 건
わかったから、	알았으니까、
とっととどこかへ行ってくれ！	냉큼 어디론가 가 줘！
そうはいかないんだなぁ～。	그럴 순 없는 거구나～。
この間のおわびに「キムチ」を	저번 사과로「김치」를
持ってきたんだなぁ～。	가져온 거구나～。
あげるんだなぁ～。	주는 거구나～。
もう僕たちは、帰るんだなぁ～。	이제 우리는 돌아가는 거구나～。
僕たちは、あんたと違って	우리는 너와 달리
帰るんだなぁ～。	돌아가는 거구나～。
それよりキムチだ。	그것보다 김치다。
パルオ	파르오
どうして勝手に俺のテントに	어째서 멋대로 내 텐트에
入って来てるんだ。	들어와 있는 거냐。
ここはみんなの河原だから、	여긴 모두의 강가니까、
それは、へ理屈なんだなぁ～。	그건 억지인 거구나～。
だいたい男４人が、こんな狭い	애초에 남자 ４명이 이런 좁은
い警察に届けよう。	い경찰에 신고하자。
余計な用事が・・・	쓸데없는 볼일이・・・
・・・え、なにがいけないって？	・・・어 뭐가 안 된다고？
しようとしてたでしょ？	하려고 했잖아？
ちゃんと交番に届けるさ。	제대로 파출소에 신고할 거야。
また、何かありましたら、	또 무슨 일 있으시면、
今の、もしかして・・・	방금 혹시・・・
だから、あのお金を見て、	그러니까 그 돈을 보고、
自分のものにしようかと、	내 것으로 할까 하고、
でも、あげるわ。	그래도 줄게。
・・・コロッケか・・・	・・・고로케인가・・・
ねらい球（打つ球種）を絞る	노릴 공（칠 구종）을 좁히는
ことだ。	것이다。
最初は	처음엔
直球が打ちやすいから	직구가 치기 쉬우니까
だが、基本的に変化球の方が	하지만 기본적으로 변화구 쪽이
だから、変化球も打てるように	그러니 변화구도 칠 수 있게
ボールが変化してからカーソルを	공이 변화한 뒤에 커서를
あわせるのは、非常に難しい。	맞추는 건 매우 어렵다。
予想して、あらかじめカーソルを	예상해서 미리 커서를
そこに動かしておくんだ。	거기 옮겨 두는 거다。
かーそる	커ー서
いったい何の事だろう）	대체 무슨 소릴까）
ねらいが	노림이
はずれたら見逃すぐらいで	빗나가면 흘려보낼 정도로
ああ、そうそう！	아 맞다！
を押すとカーソルは	을 누르면 커서는
投球のコツは、一言で言うと	투구 요령은 한마디로 말하면
ワンパターンにならないこと	한 패턴이 되지 않는 것
１球目、内角高めストレート	１구째 몸쪽 높은 직구
３球目、内角低めフォーク	３구째 몸쪽 낮은 포크
というパターンを作っておいて	라는 패턴을 만들어 두고
打球の勢いと上がり具合を見て、	타구의 기세와 뜬 정도를 보고、
誰が取るのがいいか、予想して	누가 잡는 게 좋을지 예상해서
落下点表示	낙하지점 표시
があれば、	가 있으면、
ずいぶんと楽になるんだが・・・	훨씬 편해지는데・・・
ちなみに、画面外でも	참고로 화면 밖에서도
ちゃんと野手は	야수는 제대로
動いているからな。	움직이고 있으니까。
巡査と、	순경과、
医者の	의사인
先生と会った。）	선생님을 만났다。）
ここはキャンプ禁止とか・・・	여긴 캠핑 금지라든가・・・
どういう事情か知らないけど、	무슨 사정인진 모르겠지만、
じゃあ、家族とか親戚は？	그럼 가족이나 친척은？
ずっと旅をしています。	계속 여행하고 있습니다。
加わった	합류한
さんですね。	씨군요。
では、新戦力でありますか。	그럼 새 전력입니까。
・・・おや、そういえば	・・・어라 그러고 보니
いや、面目ないであります。	아니 면목 없습니다。
だからね。	니까。
ウチは	우리는
（病気になってしまったら、	（병에 걸려 버리면、
コマンドで病気を	커맨드로 병을
きちんと治しましょう。）	제대로 고칩시다。）
風来坊	떠돌이
いなせだね、	늠름하네、
うまあね。	う뭐 그렇지。
って呼んでいい？	라고 불러도 돼？
あはは、考え過ぎだって。	아하하 너무 깊이 생각한 거야。
まあ、仮にそうだとしても	뭐 설령 그렇다 해도
気がしてきたぞ。）	기분이 들기 시작했어。）
ちゃんの古本屋ね。	짱네 헌책방이지。
ちなみに、あたしや	참고로 나랑
のみんなは	의 다들은
喫茶店・・・なんかがあるよ。	찻집・・・같은 게 있어。
とりあえず、お茶しない？	일단 차라도 마실래？
「演劇による超低空力学論」？	「연극에 의한 초저공역학론」？
この本全部読んだのか？	이 책 전부 읽은 거야？
・・・前の演出家のだから。	・・・전 연출가 거니까。
その窓隠れてたの。	그 창문 가려져 있었어。
いつの間にか本が少なくなってて	어느새 책이 줄어들어서
しまいには	결국에는
そしたらさ、この部屋が	그랬더니 이 방이
すっごく明るくなって・・・	엄청 밝아져서・・・
さあ、どこかに持ってったか	글쎄 어딘가로 가져갔는지
・・・あるいは売っちゃったか。	・・・아니면 팔아버렸는지。
い「今でもその人のこと・・・」	い「지금도 그 사람을・・・」
ああ、でも、それでも・・・	아 그래도 그래도・・・
そこにいろ。	거기 있어。
・・・もうすぐ治まるから。	・・・곧 가라앉을 테니까。
のかもしれないじゃないか。	걸지도 모르잖아。
全然役に立たないっすよ・・・	전혀 도움이 안 돼요・・・
欲しい物ならなんだって	갖고 싶은 거라면 뭐든
じゃ、食べるものを	에선 먹을 것을
イモとか大根とかトマト・・・	감자니 무니 토마토・・・
ああ、なつかしいなぁ。	아 그립구나。
ひょっとしたら	어쩌면
外の世界よりも	바깥세상보다
なんでもお金で手に入るなんて	뭐든 돈으로 손에 넣다니
あたしの機能を使って演出効果を	내 기능을 써서 연출 효과를
ばっちり強化してあるから！	확실히 강화해 놨으니까！
これが仮想現実の世界なのか？	이게 가상현실 세계인가？
人間用に調整し直した信号を	인간용으로 다시 조정한 신호를
プログラムも	프로그램도
このために組んだんだ。	이걸 위해 짠 거야。
さてと、野球の試合をするには	자 야구 시합을 하려면
・・・って、試合ができるのか？	・・・라니 시합이 되는 거야？
ソフト自体は市販されてる	소프트 자체는 시판되는
野球ゲームだけど、	야구 게임인데、
入出力は	입출력은
ときどき驚かされるな。	가끔 놀라게 되는군。
とりあえずやってみるよ。	일단 해볼게。
・・・これって練習になるかな？	・・・이게 연습이 될까？
まさか本当に来てくれるとは	설마 정말 와 줄 줄은
思ってなかったぁ。	생각 못 했어。
ぬくみず	누쿠미즈
練習を見学するので、	연습을 견학하니까、
わたしのことも「	나도「
ちゃん」って	짱」이라고
くどう	쿠도
ごめん、たしかに今日は	미안 확실히 오늘은
これ、あまり物のお菓子だけど	이거 남은 과자지만
クリスマスバンザイでやんす！	크리스마스 만세입죠！
・・・じゃあ、お言葉に甘えて。	・・・그럼 사양 않고 받을게。
さんから、あなたが欲しがってる	씨한테서 당신이 원하는
の試合で使わせて	의 시합에서 쓰게
もらいますよ。	해 주세요。
・・・名前ぐらい聞いたことは	・・・이름 정도는 들어본 적
でも、こうして完全なものを	하지만 이렇게 완전한 걸
ですが、	하지만、
の試合を前に	의 시합을 앞두고
いご主人の思い出の品を・・・	い남편분의 추억의 물건을・・・
将来は甲子園に行って	장래엔 고시엔에 가서
なるほど、あの子がね・・・	과연 그 애가 말이죠・・・
もらうわけにはいきません。	받을 수는 없습니다。
ここでアルバイトさせられている	여기서 알바를 하게 된
たしかに社会勉強だな。	확실히 사회 공부군。
ちゃんと忘れてないから。	제대로 안 잊었으니까。
時給が安すぎるでやんす！	시급이 너무 쌉죠！
ストライキするでやんす！	파업하겠습죠！
君は正社員じゃないから、	군은 정직원이 아니니까、
経営者に逆らったら	경영자에게 반항하면
今の時代、圧倒的に	요즘 시대는 압도적으로
ちなみに、どれだけ残業しても	참고로 아무리 야근해도
残業代はビタ一文払わないから	야근수당은 한 푼도 안 주니까
どっかに訴えてやるでやんす！	어딘가에 고소하겠습죠！
ちゃんと調べてくるんだよー！	제대로 알아보고 오렴ー！
・・・あ、そうだ！	・・・아 맞다！
のこと好きでしょ？	를 좋아하지？
子供の頃からこうやって	어릴 적부터 이렇게
過酷な現実に直面させるのが	가혹한 현실에 직면시키는 게
って言われたって話、覚えてる？	라는 말 들었다는 얘기 기억나？
人格を、ぐちゃぐちゃに混ぜて	인격을 뒤죽박죽 섞어서
だからどうしたって、性格に	그러니 아무래도 성격에
あるから、自覚がないんだって。	있으니까 자각이 없대。
あたしら	우리
まがい物がなりたかった、	가짜가 되고 싶었던、
ちょっとさびしいけど、	좀 쓸쓸하지만、
そのためには、生きないと。	그러려면 살아야지。
うん、そうだね。	응 그렇네。
がんばってみるよ。	힘내볼게。
・・・いや、一般的に言って	・・・아니 일반적으로 말해서
ということは、いきなり	그렇다는 건 갑자기
釘はともかく・・・ペンキ？	못은 그렇다 치고・・・페인트？
しておくでやんす。	해 두겠습죠。
看板が・・・	간판이・・・
ああっ？！	아앗？！
あなた、他にも母さんに	너 그 밖에도 엄마한테
さん、います？	씨 있어요？
に言われて、いろいろと	한테 듣고 이것저것
もう、あなたがそういう態度じゃ	정말 당신이 그런 태도면
を叱れないわね。	를 혼낼 수 없잖아。
あまり	너무
で、怪奇スポットになってて	그래서 괴담 명소가 돼서
・・・お前のことだろ？	・・・네 얘기잖아？
たぶん、その通りだ。	아마 그 말대로다。
そりゃ、その格好を見たら	그야 그 차림을 보면
たぶんお前の方だ。	아마 네 쪽이다。
は、ここで処刑された。	는 여기서 처형됐다。
ずいぶん昔の話だ。	꽤 오래전 이야기다。
の顔触ってみろ。	의 얼굴 만져 봐라。
ああ、なにもないな。	아 아무것도 없네。
ああ、なんとなく予想してた。	아 어렴풋이 예상했어。
じゃあ本物の亡霊ってわけか。	그럼 진짜 망령이란 거군。
あの世に行けない愚か者だ。	저승에 못 가는 어리석은 자다。
の墓だ。	의 무덤이다。
そして思念を記憶として	그리고 상념을 기억으로
じゃあ、根本的な質問をするぞ。	그럼 근본적인 질문을 하겠다。
に入って来た？	에 들어온 거냐？
を勝利に導く。	를 승리로 이끈다。
あらためてよろしくな、	새삼 잘 부탁한다、
の勝利だ。	의 승리다。
の役目も	의 역할도
これで終わりのようだ。	이걸로 끝인 듯하다。
で、成仏できそうなのか。	그래서 성불할 수 있을 것 같냐。
処刑された後も、その数の業を	처형된 뒤에도 그만큼의 업을
が助けたいと思った人を	가 돕고 싶다고 여긴 사람을
で・・・未練はないのか？	그래서・・・미련은 없냐？
この世への未練だよ。	이승에 대한 미련 말이다。
もっと野球をしたいとか、	야구를 더 하고 싶다든가、
いろんなものを見たいとか、	여러 가지를 보고 싶다든가、
ああ、野球は楽しかったな。	아 야구는 즐거웠다。
だが、あっちには	하지만 저쪽에는
やがて、皆の中から	머지않아 모두의 안에서
の記憶も	의 기억도
、おまえの墓は	、네 무덤은
あれはあのまま、あの河原に	그건 그대로 그 강가에
さらばだ、	잘 있어라、
、楽しかったぞ、礼を言う。	、즐거웠다 고맙다。
・・・・・・行ったか。	・・・・・・갔나。
俺も、そろそろこの街を・・・	나도 슬슬 이 동네를・・・
・・・俺には未練が多すぎて	・・・난 미련이 너무 많아서
いつもは無駄遣いしないんだけど	평소엔 낭비 안 하는데
こういう時だけは、自分に	이럴 때만은 나에게
ごほうび	포상
ってお金使うの。	이라며 돈을 써。
にもなんか買ってあげようか？	한테도 뭔가 사 줄까？
スマート射的おみくじだよ！	스마트 사격 운세 뽑기야！
も、やりなよ。	도 해 봐。
・・・ショック。	・・・충격。
だってさっきの	그야 아까
の顔が	의 얼굴이
は見当たらないな。	은 안 보이는군。
あんなもの二度と見たくない。）	저런 건 두 번 다시 보기 싫다。）
ところで、この箱はなんだい。	그런데 이 상자는 뭐야。
ちょっと量が多くて・・・	양이 좀 많아서・・・
じゃあ喜んでいただくよ。	그럼 기꺼이 받을게。
それより、これ見てくれよ！	그것보다 이거 봐 줘！
あんた元気にやってるかい？	너 잘 지내고 있니？
と実感するよ。	라고 실감한다。
がんばること。	열심히 할 것。
あんたの父と母より』	너의 아빠와 엄마로부터』
・・・・・・なにこれ？	・・・・・・뭐야 이거？
こいつら僕を置いて、物価の安い	이 사람들 날 두고 물가 싼
ここに書いてあるじゃないか。	여기 쓰여 있잖아。
ボコッ！！）	퍽！！）
あっ、バナナだ。	앗 바나나다。
けど、だいぶ作品として	근데 꽤 작품으로서
そういえば、チケットの売上げが	그러고 보니 티켓 매출이
は、チケットを50枚も売った	는 티켓을 50장이나 팔았다
って言ってたし。	고 했고。
たくさん来てくれてるよ。	잔뜩 와 주고 있어。
でも、家族が見に来たら	근데 가족이 보러 오면
ちゃんも、	짱도、
それでも、聞きたい？	그래도 듣고 싶어？
別にいいけど、	딱히 상관없지만、
ウチの親は商売してたんだけど、	우리 부모는 장사를 했는데、
それがダメになっちゃってさ。	그게 망해버려서。
ある日学校から帰って来たら	어느 날 학교에서 돌아오니
だから今、がんばることが	그러니까 지금 힘낼 수
に主役をやらせる？	에게 주연을 시켜？
そんなの無理だ！	그런 건 무리다！
くんの推薦だし、	군의 추천이고、
くんは、そんなことしないよ。	군은 그런 짓 안 해。
をやろう。	를 하자。
で、オレの役を	에서 내 역을
のキャラに合わないよ。	의 캐릭터에 안 맞아。
くんは、インテリ役向きでしょ？	군은 인텔리 역이 맞잖아？
のキャラは	의 캐릭터는
くんとか	군이나
は素人だぞ？	는 초짜라고？
がそこまで言うのなら。	가 그렇게까지 말한다면。
こうなっちゃうのかなぁ～。	이렇게 돼버리는 걸까～。
に入れ込みすぎだよ。	에게 너무 빠져 있어。
あいつら、同居してるんだぜ。	저 둘 같이 살고 있다고。
それより、それほんとの話？	그것보다 그거 진짜야？
の事故も、その辺が	의 사고도 그 부근이
主役の件だけどさ・・・	주연 건 말인데・・・
がやるなら安心だ。	가 하면 안심이다。
がお前を主役にって	가 너를 주연으로 하라고
言ってたらしいけど、な。	말했다는 것 같지만 말이야。
俺みたいな素人がやるより	나 같은 초짜가 하느니
はベテランだからな。	는 베테랑이니까。
もう友達って感じだよな。	이제 친구 같은 느낌이지。
い見せてもらう。	い보여 달라고 하겠다。
じゃあ、見せてくれ。	그럼 보여 줘。
じゃーーん。	짜자ーー잔。
これだよ！	이거야！
この粉が宝物なのか？	이 가루가 보물인 거냐？
小学校のころから貯めた	초등학교 때부터 모은
耳アカ	야。
これ全部が？！	이게 전부？！
これが僕の生きてる証なのさ。	이게 내가 살아온 증거야。
それだけじゃないんだぜ。	그것만이 아니라고。
とにかく汚いから！	어쨌든 더러우니까！
人の趣味を、そんなゴミみたいに	남의 취미를 그렇게 쓰레기처럼
・・・見せてやらないぞ？	・・・안 보여줄 거다？
せっかく人に見せない宝物を	모처럼 남한테 안 보여주는 보물을
こっちは忙しいんだ。	이쪽은 바쁘다고。
じゃ、今日はこれで失礼するよ。	그럼 오늘은 이만 실례할게。
ちゃん、今日は何か用事・・・	짱 오늘은 무슨 볼일・・・
じゃ、俺も手伝うよ。	그럼 나도 도울게。
だけじゃなくて、みんな	만이 아니라 다들
愛煮飢男	애자기남
あいにうえお	아이니우에오
ちなみにその芸名は	참고로 그 예명은
くんね。	군이야。
も凝った芸名にすれば	도 공들인 예명으로 했으면
たとえばこの「	예를 들면 이「
流れ星ポエ夢	유성 포에무
ああ、いや、よく見ると	아 아니 잘 보면
かわいくて	귀엽고
じゃあ、わたしが	그럼 내가
いいんだけど・・・。	좋은데・・・。
決まりね、	결정이네、
さん、それはやめてくれ。	씨 그건 그만둬 줘。
さんに質問。	씨에게 질문。
うれしかったけど、	기뻤지만、
これは。	이건。
がわたしにかけた魔法。	가 나에게 건 마법。
そのせいで、わたしは	그 탓에 나는
が魔法を唱え続ける限り、	가 마법을 계속 외는 한、
この魔法は解けないんだよ。	이 마법은 안 풀려。
さんがんばって！	씨 힘내요！
試合をするったって、	시합을 한다고 해도、
そもそも人数が足りないぞ。	애초에 인원이 부족해。
監督も行方不明だし・・・	감독도 행방불명이고・・・
俺たちは必要なかった、	우리는 필요 없었다、
というだけのことだ。	그것뿐인 이야기다。
オイラが助っ人として	내가 용병으로
参加してあげるでやんす！	참가해 주겠습죠！
がんばってくれてる人たちを	힘내 주고 있는 사람들을
それじゃ、	그럼、
は昔ソフトボールで	는 옛날에 소프트볼로
そこいらのへっぽこ選手より	어중이떠중이 선수보다
よっぽど頼りになるはずさぁ！	훨씬 든든할 거야！
それより、まだ他にも助っ人が	그것보다 아직 다른 용병도
・・・先生と会長？	・・・선생님과 회장님？
達を止められなかったんだ。	들을 못 막았어。
やっぱりあんたらを追い出すのは	역시 당신들을 쫓아내는 건
今日の試合はその連中も	오늘 시합은 그 사람들도
こういうことになったんだ。	이런 일이 된 거다。
あたしも入っていい？	나도 껴도 돼？
来ちゃったでやんす。	와 버렸습죠。
ま、どっちが勝っても面白ければ	뭐 어느 쪽이 이겨도 재밌으면
あたし的には	오케이니까。
単なる野次馬でやんす。	그냥 구경꾼입죠。
よーし、試合にそなえて	좋아 시합에 대비해서
いや上達って・・・	아니 늘었다니・・・
呼び方や中身は違うんだけど、	부르는 법이나 내용은 다르지만、
しかも全部アドリブで。	게다가 전부 애드리브로。
そこに次の人が入ってくる。	거기에 다음 사람이 들어온다。
だけどその人は、	하지만 그 사람은、
まったく違うシチュエーションを	완전히 다른 상황을
そこに次の人はサムライになって	거기에 다음 사람은 사무라이가 돼서
そうしたら、最初に居た人は	그러면 처음에 있던 사람은
くんのグループ、やってみて。	군 그룹 해 봐。
じゃあ次は	그럼 다음은
も入ってみようか。	도 들어가 볼까。
おれが最初だから、	내가 처음이니까、
あ・・・始まってる。	아・・・시작됐어。
なんだか無我夢中だったけど、	왠지 정신없었지만、
演劇の楽しさが	연극의 즐거움이
このへんで終わりだけど	이쯤에서 끝이지만
今はまだ大変だけど、もうすぐ	지금은 아직 힘들지만 곧
が泣くのよ。	가 우는 거야。
で、もう一つの良いことはね、	그리고 또 하나 좋은 일은、
・・・次の公演が決まったの！	・・・다음 공연이 정해졌어！
あの芝居は一日だけだったけど	그 연극은 하루뿐이었지만
の演技見てあげるよ。	의 연기 봐 줄게。
それは勘弁してほしいな。	그건 좀 봐줬으면 하는데。
ちゃん一人に見られるのって	짱 혼자한테 보이는 건
ちゃんは人格が変わるな。	짱은 인격이 바뀌는군。
ちゃんが	짱이
怒鳴るし、すぐ灰皿投げるし	고함치고 바로 재떨이 던지고
一切の妥協を許さないんだけど	일체의 타협을 허락 안 하지만
そのおかげで作品も良かったし、	그 덕에 작품도 좋았고、
って人だな？	라는 사람이지？
でも、そうしてしまった気持ちも	그래도 그렇게 해버린 마음도
そうするしかなかったんだよ。	그럴 수밖에 없었던 거야。
って人。	라는 사람。
みんな許してくれるだろうけど、	다들 용서해 주겠지만、
たぶん戻ってこないだろうね。	아마 안 돌아오겠지。
あたしの寿命。	내 수명。
それで判った。	그래서 알았다。
あはははは、あたしってば	아하하하하 나도 참
みんなには、あたしが今でも	다들한테는 내가 지금도
このタイミングなら、	이 타이밍이면、
あんたについて行ったって	너를 따라갔다고
がんばってもらったのに、	힘써 줬는데、
こんなことになってゴメン。	이렇게 돼서 미안。
から、あと３０分ぐらいだね。	니까 앞으로 ３０분쯤이네。
爆発の後、残骸はバクテリアで	폭발 뒤 잔해는 박테리아로
じゃあ、最期まで付き合おう。	그럼 마지막까지 함께하지。
老いたゾウは、ひとりひそかに	늙은 코끼리는 홀로 조용히
真面目に言うとね・・・	진지하게 말하면・・・
特に、あなたにだけには	특히 당신에게만은
あたしのこと好き？	나 좋아해？
い・・・ああ。	い・・・아。
だとは思わなかった。	라고는 생각 못 했어。
もう勝手にしろ！	이제 마음대로 해！
うん、ありがと。	응 고마워。
これじゃ・・・未練・・・が。	이래선・・・미련이・・・。
くやしいなぁ、	분하다、
泣けないなんて・・・・・・・	울 수 없다니・・・・・・・
・・・くやしいよぉ・・・。	・・・분해・・・。
もう行って。	이제 가 줘。
これ以上、みっともないとこ	더 이상 꼴사나운 모습
どうやら、外に巣があって	아무래도 밖에 둥지가 있어서
ちょうどそれに使えそうな荷物も	마침 거기 쓸 만한 짐도
あるみたいですし。	있는 것 같고요。
それで全て解決です！	그걸로 전부 해결입니다！
襲ってくる虫には、Ａボタンで	덤벼드는 벌레에는 Ａ버튼으로
殺虫剤をかけましょう。）	살충제를 뿌립시다。）
あのケーキはなんです？	저 케이크는 뭔가요？
何度か退治を試みた時に	몇 번 퇴치를 시도했을 때
利用したんだが・・・	이용했는데・・・
（ケーキは拾うと、Ｘボタンで	（케이크는 주우면 Ｘ버튼으로
設置できます。）	설치할 수 있습니다。）
まだ事情がよく飲み込めてない	아직 사정이 잘 이해가 안 되는
んですけど・・・	데요・・・
この人がお父さん？	이 사람이 아빠？
それも言ってなかったっけ？	그것도 말 안 했었나？
さんのお父さんですか。	씨의 아버지신가요。
じゃあ、行くぞ！	그럼 가자！
お前は、俺に代って	너는 나 대신
重い物運べないわ、痛いわで、	무거운 걸 못 나르지 아프지 해서、
あたしは学校に行くから。	나는 학교에 갈 테니까。
商店街が今回の提案を受けたら	상점가가 이번 제안을 받아들이면
その過程で商店街側が分裂すれば	그 과정에서 상점가가 분열되면
も、もちろんだとも。	무、물론이고말고。
水を愛し、水に愛された男、	물을 사랑하고 물이 사랑한 남자、
美偉斗	미위두
すいま	스이마
びいと	비이토
そう、居眠りをしていたんだ。	그래 졸고 있었던 거다。
あまりに水に浸かっているのが	너무나 물에 잠겨 있는 게
パーフェクトスイエイマンである	퍼펙트 수영맨인
走り回ってるだけじゃないか。）	뛰어다니고만 있잖아。）
そのぐらいにしてくれないか。	그쯤 해 주지 않겠나。
・・・ハッハーン。	・・・핫하ー안。
この俺が、かつて甲子園に行った	이 몸이 일찍이 고시엔에 간
そういえば、そんな名前の投手を	그러고 보니 그런 이름의 투수를
ういや、知らないな。	う아니 모르겠는데。
そして、俺のすばらしさに感動し	그리고 내 훌륭함에 감동하여
その肉体に感涙するがいい！	이 육체에 감격의 눈물을 흘려라！
に連れて行けば、	에 넣으면、
という	라는
俺もこの川を征服するまでは	나도 이 강을 정복할 때까지는
なった方がいいと思うんだが。）	되는 게 좋을 것 같은데。）
ちくしょう、こうなったら	젠장 이렇게 된 이상
は、野球で商店街をつぶす	는 야구로 상점가를 뭉개는
計画を提案した！）	계획을 제안했다！）
「野球の街」としてアピールする	「야구의 거리」로 홍보할
ああ、なるほどね。	아 그렇군。
野球ねぇ・・・	야구라・・・
その、駅前の土地を再開発	그 역 앞 땅을 재개발
しようかと思ってるだけだよ？	하려고 생각하는 것뿐이야？
してくれれば、それでいいんだ！	해 주면 그걸로 된다！
に試合を	에 시합을
申し込むんだな。	신청하는 거다。
試合でコテンパンにやっつけて	시합에서 완패시켜서
だが、この前の試合で	하지만 요전 시합에서
から試合の申し込み？	에게서 시합 신청？
ただ、なんだか観客も集めて	다만 왠지 관객도 모아서
商店街復活の景気付けに	상점가 부활 기념으로
の実力が、これほどとは・・・	의 실력이 이 정도일 줄은・・・
元プロの	전 프로인
の本気の投球を	의 진심 투구를
元プロのプライド・・・	전 프로의 자존심・・・
やっぱ	역시
は素質があるのかもね。	는 소질이 있는지도 몰라。
そう長居する気はないんだ。	그리 오래 머물 생각은 없어。
じゃあ、しょうがないね。	그럼 어쩔 수 없네。
これからも、気が向いたら	앞으로도 내키면
ここに来てね。	여기 와 줘。
あんた本気じゃないんだろ。	너 진심 아니잖아。
だったら、もうここに来るなよ！	그럼 이제 여기 오지 마！
が甘やかしてるからって	가 오냐오냐한다고 해서
素質があるとは言われたが、	소질이 있다고 듣긴 했지만、
別にそれで甘・・・	딱히 그걸로 우쭐・・・
あいつは	저 앤
誰にでも素質があるって	누구한테나 소질이 있다고
こっちにやる気はないんだ！	이쪽은 싸울 생각 없다！
あんな練習してるせいか	저런 연습을 해서인지
あいつら、妙に力が強いんだな。	저놈들 묘하게 힘이 세군。
それよりも、どうやら俺は	그것보다 아무래도 나는
彼らのなにか大事なものを	그들의 무언가 소중한 것을
じゃあ決まりだね。	그럼 결정이네。
・・・そうなんだ。	・・・그렇구나。
じゃあ、これからも	그럼 앞으로도
、その「やんす」ってのは	、그「～죠」라는 건
さんも、一緒に行かない？	씨도 같이 안 갈래？
さん、困ってるでしょ！	씨 곤란해하잖아！
あなたがいたほうが	당신이 있는 편이
裏山ですけどね。	뒷산이지만요。
料理は上手なんでやんす！	요리는 잘합죠！
このあたりを探検でやんす！	이 근처를 탐험합죠！
まるで、オイラに父ちゃんが	마치 나한테 아빠가
できたみたいだったでやんす。	생긴 것 같았습죠。
あなたのお父さんは、	네 아빠는、
のことを、天国から	를 천국에서
会えないんでやんすね。	못 만나는 겁죠。
、「やんす」って言うのは	、「～죠」라고 하는 건
もうやめなさい。	이제 그만하렴。
街へ帰りました。）	거리로 돌아갔습니다。）
女性２人の訪問を受けた。）	여성 ２명의 방문을 받았다。）
今日、お店は	오늘 가게는
そんなことより、あれ見てよ。	그것보다 저것 봐。
もウワサを聞いて	도 소문을 듣고
がいじめられてる	가 괴롭힘당하는
そう、ロマンよ、ロマン！	그래 로망이야 로망！
えっ、ちょっと	어 잠깐
なんか釣れてる？	뭐 좀 잡혀？
うああ、いい河だな。	う아아 좋은 강이네。
きれいでしょ。	깨끗하지。
あたしも、大好きだよ。	나도 정말 좋아해。
ひろかわ	히로카와
たけみ	타케미
で、あっちが	그리고 저쪽이
なつき	나츠키
・・・昨日は、どうも。	・・・어제는 고마웠어요。
そろそろお店の準備しないと	슬슬 가게 준비 안 하면
それじゃ失礼します！	그럼 실례하겠습니다！
旅ガラス	떠돌이
はやめとけばよかったな。	는 안 하는 게 나았겠군。
今日はここで練習のはずなのに	오늘은 여기서 연습일 텐데
担任の先生に聞いたんだけど	담임 선생님한테 들었는데
試合にも勝ってこられたが、	시합에도 이겨 왔지만、
もう助っ人は必要ない。	이제 용병은 필요 없다。
これからは俺たちだけでやる。	앞으로는 우리끼리 한다。
遊びに来たでやんす！	놀러 왔습죠！
との戦いは、	와의 싸움은、
俺たち商店街の人間だけで	우리 상점가 사람들끼리
戦うべきなんだ。	싸워야 하는 거다。
お前らがいたら、試合に勝っても	너희가 있으면 시합에 이겨도
その意見は聞けないな。	그 의견은 들어줄 수 없군。
こうしよう。	이렇게 하자。
俺たちのチームと	우리 팀과
たちのチームで	들의 팀으로
こっちが勝てば	이쪽이 이기면
これまでどおり、	지금까지대로、
それに、俺たち抜きで彼らが	게다가 우리 없이 그들이
・・・でも、お前らは	・・・근데 너희는
は力がありそうだから	는 힘이 있어 보이니까
うちは団員がこの人数だしね、	우리는 단원이 이 인원이라、
ちなみに、わたしも	참고로 나도
は監督みたいなものね。	은 감독 같은 거야。
は、舞台を作ったり	는 무대를 만들거나
は、役者が手に持って使うものや	는 배우가 손에 들고 쓰는 것이나
は、本番に音の操作したり	는 본방에 음향 조작을 하거나
も本番の操作と照明機材の準備。	도 본방 조작과 조명 기자재 준비。
それから宣伝をしてくれる	그리고 홍보를 해 주는
統轄するのが	총괄하는 게
プロデューサー	프로듀서
こんなところかな。	이런 정도려나。
その意気だよ！	그 기세야！
商店街を敬遠しがちな	상점가를 멀리하기 쉬운
君たち若い者が、	자네들 젊은이가、
自分たちから	스스로
、都会じゃなくて	、도시가 아니라
こっちで公演を打ってくれるって	이쪽에서 공연을 해 준다고
そりゃあ協力しないと。	그야 협력해야지。
がんばりましょう！	힘냅시다！
くんはどこなんだ？	군은 어디 있는 거야？
割と有名なんだろ、	꽤 유명하잖아、
ここの演出と脚本やってる人。	여기 연출과 각본 하는 사람。
はいま用事でいないんです。	는 지금 볼일로 없어요。
君らのお芝居は見たことないけど	자네들 연극은 본 적 없지만
それから、公演日時が決まったら	그리고 공연 일시가 정해지면
早めに教えてね。	일찌감치 알려줘。
じゃあ、がんばってよ。	그럼 힘내라고。
会長さんが様子を見に来るとは	회장님이 보러 오실 줄은
びっくりしたな。	놀랐네。
映画のチケットなら、すぐに	영화 티켓이면 바로
・・・特撮変身ヒーローの映画？	・・・특촬 변신 히어로 영화？
いお金にしよう。	い돈으로 바꾸자。
実は、さっきそこの福引で	실은 아까 거기 복권에서
・・・そうですね、お昼過ぎなら	・・・글쎄요 점심 지나서라면
君とお母さんで一緒に	군과 어머니가 같이
やだ、あたしったら	어머 나도 참
とんだ早とちりを・・・	엄청난 착각을・・・
あたしには、もう縁のないもの	나한테는 이제 인연 없는 거
ずるいでやんす！	치사합죠！
君とお母さんで	군과 어머니가
この券で映画に行くといいよ。	이 표로 영화 보러 가면 돼。
さん、ありがとう！	씨 고마워요！
ちぇ～、いいなぁ～。	칫～ 좋겠다～。
ちゃんとお留守番してたのに。	제대로 집 봤는데。
ブツブツブツブツ・・・	투덜투덜투덜투덜・・・
じゃあ、オイラと	그럼 나랑
この映画に行くでやんすか？	이 영화 보러 갑죠？
わがままな大人でやんす。	제멋대로인 어른입죠。
の店番をしに行く	가게 보러 가는
とりあえず、お茶でもいれるわ。	일단 차라도 끓일게。
の店番の曜日だよ。	가게 보는 요일이야。
お河原	お강가
の研究所のデータを	의 연구소 데이터를
寿命タイマーをクリアする方法が	수명 타이머를 없애는 방법이
どこかに隠されているかも・・・	몇 번인가 시도했어。
あそこはガードが固すぎて	거긴 방어가 너무 단단해서
だから、限られた人生を	그러니까 한정된 인생을
野球のバーチャルゲームみたいに	야구 가상 게임처럼
できるんだろ？	할 수 있잖아？
その視覚化操作のために	그 시각화 조작 때문에
あたしの処理能力が落ちるし、	이런 말 뭣하지만 당신이
言っちゃあなんだけど、アンタが	와도 어쩔 도리가 없어。
の連中が来てしまうでしょ。	의 놈들이 와 버리잖아。
それになにより、あっちのビルに	게다가 무엇보다 저쪽 빌딩에
大神グループ	오가미 그룹
の会社が入ってるんだ。	의 회사가 들어 있어。
カッコ悪いけどさ、開発者が	볼품없지만 개발자가
あ、それから非常事態に備えて	아 그리고 비상사태에 대비해
ほっぺたをつねると仮想世界から	볼을 꼬집으면 가상세계에서
俺がそれで戻ってきたとして、	내가 그걸로 돌아왔다 치고、
かついで逃げて。	둘러메고 도망쳐。
（この先、時間制限のある	（앞으로 시간 제한이 있는
選択肢があるので、	선택지가 있으니、
注意してください）	주의해 주세요）
球場みたいにもっとわかりやすく	구장처럼 좀 더 알기 쉽게
ちなみに星がゲートで	참고로 별이 게이트고
元なんかないよ。	원본 같은 건 없어。
サイボーグの開発のために	사이보그 개발을 위해
の研究所にある遺伝子を	의 연구소에 있는 유전자를
一緒にぶち込んでぇ、	같이 처넣고서、
数ケ月で無理やり大人サイズに	몇 달 만에 억지로 어른 크기로
膨らませたら・・・	부풀리면・・・
ガイノイド	가이노이드
って奴？	라는 거？
実在する人間の脳細胞パターンを	실재하는 인간의 뇌세포 패턴을
それは、無理。	그건 무리。
その中の一つが寿命タイマー。	그중 하나가 수명 타이머。
１０歳になる前にドカーン！	１０살 되기 전에 쾅！
えっとね、誤作動しないかどうか	그러니까 오작동 안 하는지
研究所にいるときは定期的に	연구소에 있을 땐 정기적으로
リセットされてたんだけど、	리셋됐었는데、
の研究所に戻れば助かるのか？	의 연구소로 돌아가면 살 수 있나？
どんな目にあわされるか、	어떤 꼴을 당할지、
でも、こんな風に話も出来て、	근데 이렇게 얘기도 할 수 있고、
の試合、見に来てくれ。	의 시합 보러 와 줘。
クリスマスの夜を過ごすのには	크리스마스 밤을 보내기에는
・・・ちょっと寒いけど。	・・・좀 춥지만。
まだ大変だけど、もうすぐ	아직 힘들지만 곧
・・・感動の表現が甘いよ。	・・・감동 표현이 부족해。
心のどこかであきらめてたけど、	마음 한구석에서 포기했었는데、
・・・夢はね、希望がないと	・・・꿈은 말이야 희망이 없으면
とてもつらいものなんだ。	아주 괴로운 거야。
ちゃんには	짱한테는
だから・・・うん。	그러니까・・・응。
グラウンドに乱入してきた。）	그라운드에 난입해 왔다。）
それは売り物だぞ！	그건 파는 물건이다！
（くそっ、ここは退却だ！）	（젠장 여긴 퇴각이다！）
・・・野球のボールか。	・・・야구공인가。
ああ、ありがとう！	아 고마워！
あ、でも歯形がついちゃったな。	아 근데 잇자국이 났네。
それじゃ、山の上のグラウンドへ	그럼 산 위 그라운드로
思い出すなぁ、	생각나는군、
いいか、オレは	잘 들어 나는
プロの野球だって、ちゃんと	프로 야구도 제대로
とりあえず、ノックやってみる？	일단 노크 해볼래？
・・・捕れない・・・	・・・못 잡겠어・・・
、どう思う？	、어떻게 생각해？
ちゃんと練習すれば、	제대로 연습하면、
そもそもお前は何者なんだ？	애초에 너는 누구냐？
オレの名前は	내 이름은
ははは、まあ外の世界じゃ	하하하 뭐 바깥세상에선
オレみたいな奴は	나 같은 놈은
・・・とりあえず、風来坊なら	・・・일단 떠돌이라면
なんだし	니까
この役に誇りを持ってるんだ。	이 역에 자부심을 갖고 있어。
だが、劇団のみんなを差し置いて	하지만 극단 사람들을 제쳐두고
、今回はがんばってるなぁ。	、이번엔 열심히 하는군。
にも怒られっぱなしだ。	한테도 계속 혼나고 있어。
も主役は	도 주연은
やらせたかったんだろうけど、	시키고 싶었겠지만、
の演技じゃ文句のつけようも	의 연기로는 트집 잡을 여지도
どうして、	어째서、
さんの演技よかったですよ。	씨 연기 좋았어요。
もだいぶうまくなってるよ。	도 꽤 늘고 있어。
あ、プロデューサー先生！	아 프로듀서 선생님！
役者としてはぜんぜんダメだけど	배우로선 전혀 안 되지만
きゃああーー！！	꺄아아ーー！！
さんが作ってくれたんだ。	씨가 만들어 준 거야。
だいたいわかってたよ。）	대충 알고 있었어。）
変わってるでやんすねぇ。	별납죠。
・・・おーい、メガネ！	・・・어이 안경！
オイラのことでやんすか？	저 말입죠？
あんたは人に対する口の利き方を	당신은 남한테 말하는 법을
知らないんでやんすか？	모릅죠？
にいた	에 있던
それと、あんた気が付いてない	그리고 당신 눈치 못 챈
でやんすから言うでやんすけど、	것 같아 말합죠만、
あんたよりオイラの方が、	당신보다 내가、
はるかに年上でやんすよ。	훨씬 연상입죠。
口の利き方には気をつけた方が	말버릇에는 신경 쓰는 게
いいでやんす。	좋습죠。
誠に申し訳ない。	진심으로 미안하오。
しかし、あまりにも知り合いに	하지만 너무나 아는 사람과
似ていたものだから・・・	닮았던 터라・・・
気にしなくていいでやんす。	신경 안 써도 됩죠。
では、失礼。	그럼 실례하오。
い・・・まったく・・・	い・・・정말이지・・・
元プロ野球選手の。	전 프로야구 선수인。
うんうん、知ってるぞ。	응응 알고 있다。
日本一になったこともあるのに	일본 제일이 된 적도 있는데
オイラ地味でやんすからねぇ。	나 수수합죠。
のおじちゃんだ！	아저씨다！
・・・まあ、アンタの反応が	・・・뭐 당신 반응이
一番まともでやんすね。	제일 정상입죠。
選手は現役の選手でやんすから。	선수는 현역 선수입죠。
じゃあ、君は誰なんだ。	그럼 너는 누구냐。
そういえば、電気屋のテレビで	그러고 보니 전파상 텔레비로
見たことあるぞ。	본 적 있다。
うおおおおおおおおおおお！	우오오오오오오오오오오오！
アンタ最高でやんす！	당신 최고입죠！
心の友でやんす！	마음의 친구입죠！
かなえてやるでやんす！	이뤄 주겠습죠！
との試合以来、	와의 시합 이후、
は連戦連勝。	는 연전연승。
敵なしの大活躍で地方紙や	적수 없는 대활약으로 지방지나
ローカル番組でも取り上げられる	지역 방송에서도 다뤄지게
それと同時に、	되었다。
野球テーマの商店街として	야구 테마 상점가로서
の土地は	의 땅은
なぜここにいる。	왜 여기 있느냐。
に負けて	에게 져서
今度こそ、	이번에야말로、
の野郎はつぶす！	그놈은 뭉갠다！
本当のことを言うと、私も	사실대로 말하면 나도
こりゃあ、おもしろそうだ。	이거 재밌어지겠는데。
さん、練習を見に来たでやんす！	씨 연습 보러 왔습죠！
つかれたでやんす。	찔렸습죠。
さんとケンカしてるでやんすか？	씨와 싸우고 있습죠？
あった！	있었다！
これだわ！	이거야！
が探していたのは	가 찾던 게
それですか。）	그건가요。）
どうしてここに・・・	어째서 여기에・・・
だから、ところどころに	그래서 군데군데
こういう空洞ができてしまう。	이런 공동이 생겨 버린다。
が買い取った所から	가 사들인 곳에서
・・・・・・どこまで	・・・・・・어디까지
経営の苦しい店の情報・・・	경영이 어려운 가게 정보・・・
に流していたんですね。	에 흘리고 있었군요。
でも、連中の言いなりになってた	하지만 놈들이 시키는 대로 한
わけじゃないわ。	건 아니야。
商店街がつぶれてしまえば	상점가가 무너져 버리면
あんなに反対したのも当然です。	그렇게 반대한 것도 당연합니다。
この抜け道のことも情報は	이 비밀통로 정보도
あなたが押さえていて、「それ」	당신이 쥐고 있으면서「그것」
を自分で手に入れようとした。	을 직접 손에 넣으려 했다。
君のために・・・	군을 위해・・・
あの子のせいじゃない。	그 애 탓이 아니야。
だから、全部あたしのわがまま。	그러니까 전부 내 이기심이야。
他の人たちは、同じ条件で	다른 사람들은 같은 조건에서
でも、朝から晩まで働いて・・・	근데 아침부터 밤까지 일하고・・・
主人を亡くしてから、	남편을 잃고 나서、
女手ひとつで	여자 혼자 힘으로
を育てている	를 키우고 있다
だなんてウソ。	니 거짓말。
や商店街のみなさんに、	나 상점가 여러분에게、
助けてもらわなきゃ、一日だって	도움받지 않으면 하루도
それなのに、みんなを	그런데도 다들을
ずっと裏切ってたのよ、私！	계속 배신하고 있었어 나！
いずれにせよ、「それ」を	어쨌든「그것」을
に渡せば、	에 넘기면、
スーパーと	슈퍼와
あなたが抱えていかないと	당신이 안고 가야
いけないんです。	하는 겁니다。
ずっと楽なんですよ。	훨씬 편한 거예요。
じゃあ、やっぱり私は	그럼 역시 나는
いやなことは忘れて、	싫은 일은 잊고、
、今日もバイトか。	、오늘도 알바냐。
ここに来る前、	여기 오기 전에、
ちゃんが、	짱이、
そんなもの出すなよ。	그런 거 꺼내지 마。
で、その公演は延期。	그래서 그 공연은 연기。
が「わたしが座長だから」って	가「내가 좌장이니까」라고
ちゃん一人で？	짱 혼자서？
が受け取らないんだよ。	가 안 받는 거야。
のために取っておいて」って。	를 위해 남겨 둬」라고。
の彼氏だったんだよな。	의 남자친구였지。
だからみんな、	그래서 다들、
にも責任が	에게도 책임이
それに人数も足らないしな。	게다가 인원도 부족하고。
照明吊る環境もないし、	조명 달 환경도 없고、
うまく行くかもしれない。	잘될지도 모른다。
足踏みしてるまんまじゃ	제자리걸음만 해서는
においがするでやんす！	냄새가 납죠！
おじちゃん、昨日お風呂に	아저씨 어제 목욕
いつもはちゃんと	평소엔 제대로
川で洗ってるんだけど・・・	강에서 씻는데・・・
練習でたっぷり汗をかいてるのに	연습으로 땀을 잔뜩 흘렸는데
それは自殺行為ってもんだね。	그건 자살행위지。
臭うかな・・・	냄새나나・・・
わからないものなんでやんす！	모르는 법입죠！
えっと、今日はお風呂屋さんは	그러니까 오늘은 목욕탕이
お休みだし・・・	맞다 우리 집 목욕탕 빌려줄까？
いああ、頼む。	い아 부탁해。
行くわけには	갈 수는
（どぼん！）	（풍덩！）
・・・川で洗う気かな？	・・・강에서 씻을 셈인가？
ありがとう、すっきりしたよ。	고마워 개운해졌어。
ずいぶんあるんだな。	꽤 있구나。
そんなに広い家じゃないけど	그렇게 넓은 집은 아니지만
いじゃあ、お願いしようか。	い그럼 부탁할까。
甘えられないよ。	기댈 수는 없어。
じゃあ、湯冷めしないように	그럼 몸 식지 않게
しばらくしたら帰ってね。	좀 있다 돌아가。
あたしは自分の部屋でやることが	나는 내 방에서 할 일이
あるから。	있으니까。
それじゃ、これからよろしく。	그럼 앞으로 잘 부탁해。
みんなでお前達のいる部屋を	다 같이 너희 있는 방을
掘り出したんだ。	파냈어。
ってやつが、この場所を	라는 놈이 이 장소를
じっくりとうかがうであります。	차분히 듣겠습니다。
ようやく・・・	드디어・・・
全部片がついた。	전부 정리됐다。
この町もさびしくなるよ。	이 동네도 쓸쓸해지겠어。
あれ、そういえば	어라 그러고 보니
もいねえな。	도 없네。
じゃあ、みなさん。	그럼 여러분。
・・・風来坊だからな。	・・・떠돌이니까。
この町から消えるよ。	이 동네에서 사라질 거야。
まあ、去年の分の給料は	뭐 작년치 급여는
の監督は・・・	의 감독은・・・
挑戦するでやんす！	도전하겠습죠！
でやんすけど、１０年後は	입죠만 １０년 뒤에는
すごい男になってるでやんす！	대단한 남자가 돼 있습죠！
そのときになったら、絶対に	그때가 되면 반드시
さんを探し出すでやんす！	씨를 찾아내겠습죠！
そして、勝負でやんす。	그리고 승부입죠。
・・・待ってるよ。	・・・기다릴게。
ありがとう！！！	고마워！！！
・・・２階の奥の部屋からか。	・・・２층 안쪽 방에서인가。
入るなと言われてるけど・・・	들어가지 말랬지만・・・
い中に入ってみる。	い안에 들어가 본다。
へ連絡を！	에 연락을！
そんなことより、この部屋から	그것보다 이 방에서
あ、見ちゃダメ！	아 보면 안 돼！
いつ帰ったんだ？	언제 돌아온 거야？
いや、音が気になって・・・	아니 소리가 신경 쓰여서・・・
はどうしたんだ？	는 어떻게 된 거야？
お客さんがいない時に	손님이 없을 때
パソコンをモニターしてみたら	컴퓨터를 모니터해 봤더니
行ってないようだけど・・・	안 가는 것 같은데・・・
い不自然さを追求する。	い부자연스러움을 추궁한다。
どうせ使うのは一人だし	어차피 쓰는 건 한 명이고
それじゃあ、店に戻らないと。	그럼 가게로 돌아가야지。
下画面	아래 화면
の左側がお前の手札、	의 왼쪽이 네 패、
勝手にカードを出されてしまう	멋대로 카드가 나가 버리니
から注意しろ。	주의해라。
また、スロットが始まったときも	또 슬롯이 시작됐을 때도
何を言ってるんだ？）	무슨 소릴 하는 거야？）
ののとにかくまず当てる事だ。	のの아무튼 우선 맞히는 것이다。
相手のカード情報はＲボタンを	상대 카드 정보는 Ｒ버튼을
つまり、相手のカードに	즉 상대 카드에
マークが	마크가
が大きければより	가 크면 더
さらに	게다가
黄色の矢印	노란 화살표
で表された球種も	로 표시된 구종도
ははとにかく打たれない事だ。	はは아무튼 안 맞는 것이다。
範囲が重ならなければ	범위가 겹치지 않으면
がとれる。	을 잡을 수 있다。
が相手よりもずっと	가 상대보다 훨씬
Ｌボタン	Ｌ버튼
をおす事で、特殊な	을 눌러서 특수한
カードに合わせて	카드에 맞춰
を押すと	을 누르면
特殊カードには、使うものと、	특수 카드에는 쓰는 것과、
ただし、それぞれのカードで	다만 각각의 카드에서
必要な	필요한
上画面	위 화면
の左右下	의 좌우 아래
は、試合の展開で	는 시합 전개에 따라
ふふ試合の状況によっては、	ふふ시합 상황에 따라서는、
盗塁やバントのような	도루나 번트 같은
を使用できる。	를 사용할 수 있다。
これは他の	이건 다른
とちがって、	와 달리、
自分で聞いておいてなんだが、	내가 물어놓고 뭣하지만、
っていったい何の話だ？	라니 대체 무슨 얘기냐？
というのは	라는 것은
カードの強さのことで、	카드의 강함을 말하며、
さんも行くでやんす！	씨도 갑죠！
君、お母さんは？	군 어머니는？
オレはお前が邪魔だし、	나는 네가 거슬리고、
だから勝負して、負けたほうが	그러니 승부해서 진 쪽이
この商店街から手を引くってのは	이 상점가에서 손 떼는 건
それで、ここで勝負するのか？	그래서 여기서 승부하는 거냐？
お互いに、助っ人らしく	서로 용병답게
その勝負、乗ったぞ。	그 승부 받아들이겠다。
さんも来たでやんすね！	씨도 왔습죠！
、何をしてるんだ。	、뭐 하는 거냐。
へえ、商店街にしては豪華だな。	오 상점가치고는 호화롭군。
・・・手の届く幸せが一番です。	・・・손 닿는 행복이 최고예요。
会長は野球イベントの成功で	회장은 야구 이벤트 성공으로
立て直そうと考えた。）	재건하려고 생각했다。）
良かったみたいですけど・・・	좋았던 것 같지만・・・
今日までのイベントだったのに、	오늘까지의 이벤트였는데、
もう反響があったんですか？	벌써 반향이 있었나요？
実は、商店街のホームページに	실은 상점가 홈페이지에
かなりの書き込みがあってね～。	상당한 글이 올라왔거든～。
ワシは	나는
を立て直すには	를 재건하려면
で商店街をアピールだ！	로 상점가를 홍보다！
これから先、連戦連勝で頼む。	앞으로 연전연승으로 부탁한다。
商店街からも、チームを	상점가에서도 팀을
今後、商店街のチラシには必ず	앞으로 상점가 전단에는 반드시
の活動状況を載せる。	의 활동 상황을 싣는다。
商店街の方からも	상점가 쪽에서도
これは必ずうまくいくぞ！	이건 반드시 잘될 거다！
なんだか、会長さんだけ	왠지 회장님만
ちゃんが何度も書き込んでるから	짱이 몇 번이나 글을 올려서
別々の人間のふりをしてたけど、	다른 사람인 척했지만、
文章の書き方が同じだから、	문장 쓰는 법이 같으니까、
あたしは	나는
のヤツ	그놈
気持ちは	마음은
わからないでもないが、	모르는 바는 아니지만、
まったく余計なことを・・・	정말이지 쓸데없는 짓을・・・
でも、私は信じてますから。	하지만 저는 믿으니까요。
さん、練習がんばってよ。	씨 연습 힘내요。
そ、そりゃあ、もちろん！	그、그야 물론！
もちろん・・・がんばるよ。	물론・・・힘낼게。
（・・・あー、びっくりした。	（・・・아ー 놀랐다。
たしかに、もっと練習して	확실히 더 연습해서
ちゃんとユニフォーム着ろよ！	유니폼 제대로 입어라！
って本当に甲子園に行った	는 정말 고시엔에 간
付き合っていた。	사귀고 있었다。
・・・だが、海水浴場で	・・・하지만 해수욕장에서
その子が沖合いに流された！	그 애가 먼바다로 떠내려갔다！
・・・そして、気がついたら	・・・그리고 정신 차려 보니
自分を助けた水泳部の男に	자신을 구한 수영부 남자에게
溺れてた所を助けてくれただけで	빠진 걸 구해줬다는 것만으로
あんまりくやしいから、野球部を	너무 분해서 야구부를
いつまでたっても泳げないし、	아무리 지나도 헤엄 못 치고、
なんだかどんどん彼女の態度も	왠지 점점 그녀 태도도
そうすれば、お前の良さにも	그러면 네 좋은 점도
・・・だが、ダメだったんだ。	・・・하지만 안 됐어。
水泳部の人間であることだけを	수영부 사람이라는 것만을
これ、本当に	이거 정말로
馬鹿なのは間違いないけど。）	바보인 건 틀림없지만。）
お前の事情は	네 사정은
泳げないこと	헤엄 못 치는 것
も含めて	도 포함해서
ここの全員が聞いてしまった。	여기 전원이 들어버렸다。
・・・いいかげん、	・・・이제 그만、
あきらめろ	포기해라
それって・・・	그건・・・
そうなのかぁ！	그런 거였나！
コンチクショウ！	제기랄！
（ひらきなおって	（뻔뻔해져서
の段階で	단계에서
そんなに緊張してたら、	그렇게 긴장하고 있으면、
は帰ってから	는 돌아가서
ミーティングあるし。	미팅 있고。
それから手直しもしないと。	그리고 손질도 해야 하고。
あなた、主人公の気持ちが	너 주인공 마음을
感情も流れたまんまだし。	감정도 흘러가는 대로고。
そんなんで舞台に立ったら	그런 걸로 무대에 서면
初舞台かもしれないけど、	첫 무대일지 몰라도、
それはお客さんには	그건 손님에게는
わからないことなんだから	알 수 없는 일이니까
明日には、ちゃんとしたもの	내일까지는 제대로 된 걸
じゃあ、お疲れ様！	그럼 수고했어！
は、いつも本番が近づくと	는 늘 본방이 다가오면
ああなるんだよ。	저렇게 돼。
って人？	라는 사람？
あいつ。	저놈。
のさっきの演技見たでしょ。	의 아까 연기 봤지。
さんが支えてあげないとね。	씨가 받쳐 줘야지。
と付き合ってるんだろ。	와 사귀고 있잖아。
もう、みんな知ってるよ。	이미 다들 알고 있어。
どんな時の	어떤 때의
ちゃんも俺は好きなんだ。	짱도 나는 좋아해。
こっちが照れるなぁ。	이쪽이 부끄럽네。
ちゃん、見ててくれよ。	짱 지켜봐 줘。
、なんだよ。	、뭐야。
頼まれたんだけど・・・	부탁받았는데・・・
商店街に郊外からのお客さんを	상점가에 교외 손님을
それで、ここで一週間ほど	불러들이고 싶다더라。
しかも一週間も！	게다가 일주일이나！
宣伝とチケット販売には、	홍보와 티켓 판매에는、
だいたいこの倉庫でやるって	애초에 이 창고에서 한다고
言ったって音響設備が・・・	아 그거라면 괜찮아。
いつもより、かなり安いお金で	평소보다 훨씬 싼 돈으로
・・・やりたい。	・・・하고 싶어。
じゃあ今からプラン立てるから	그럼 지금부터 플랜 짤 테니
これをやったらどうだ？	이걸 하면 어때？
書いてたやつがいないんだから。	쓴 놈이 없잖아。
うん、それしか考えられない。	응 그것밖에 생각 안 나。
だからそこから歩きださないと。	그러니 거기서 걸어 나가야지。
この場合は、	이 경우는、
できる自信があるんだ。	할 수 있다는 자신이 있어。
だからまかしてよ。	그러니까 맡겨 줘。
、まかしたぞ！	、맡겼다！
じゃあプラン立てるぞ。	그럼 플랜 짜자。
あなたが居てくれてよかった。	네가 있어 줘서 다행이야。
会長の話を	회장님 얘기를
もってきただけだから。	가져왔을 뿐이니까。
留守にするから、	집을 비울 테니까、
ちゃんは、	짱은、
なんだか俺のことを	왠지 나를
朝はすぐに学校に行くし、	아침엔 바로 학교 가고、
黙っていたら	잠자코 있으면
どうしたんだい?	무슨 일이니？
あたし死んでるのよ！	나 죽어 있는 거야！
４月のここから、	４월 여기부터、
ずっと白紙のままなのよ！	계속 백지인 채인 거야！
今まで・・・・・・	지금까지・・・・・・
あたしは小学３年生からずっと	나는 초등 ３학년 때부터 계속
どんなときでも、忘れることなく	어떤 때라도 잊는 일 없이
ずっとよ！	계속！
この間・・・言ってたよね？	저번에・・・말했었지？
車にひかれそうになったって。	차에 치일 뻔했다고。
あそこで車にひかれたのよ。	거기서 차에 치인 거야。
何をバカなことを・・・	무슨 바보 같은 소리를・・・
この前、思い出しちゃったの！	요전에 떠올려 버렸어！
何がなんだか・・・・	뭐가 뭔지・・・・
ちゃんは俺の前に	짱은 내 앞에
こうしているじゃないか！	이렇게 있잖아！
生きようって気持ちが・・・	살고 싶다는 마음이・・・
だから、サッカーのロスタイム	그러니까 축구의 로스타임
みたいなものかもしれないわ。	같은 걸지도 몰라。
そもそも、君が死んでいるという	애초에 네가 죽었다는
だったら・・・	그렇다면・・・
・・・だったら、これを見て。	・・・그렇다면 이걸 봐。
これは・・・・・！	이건・・・・・！
あたしの骨が・・・	내 뼈가・・・
ちゃん・・・	짱・・・
とっくに死んでるのに影だけが	진작 죽었는데 그림자만
残っているのよ。	남아 있는 거야。
こんなものがここにある	이런 게 여기 있다는
ということは・・・	건・・・
ずっとあたしの側にいて！	계속 내 곁에 있어 줘！
あたし恐い！	나 무서워！
ずっと、ずっと君の側にいるぞ！	계속 계속 네 곁에 있을게！
のことだけど。	얘긴데。
さんのことでやんすか？	씨 말입죠？
オイラの友達でやんす！	내 친구입죠！
変な目で見られても、	이상한 눈으로 봐도、
オイラは平気でやんす。	나는 아무렇지 않습죠。
いいかげんにしなさい、	적당히 하렴、
やっぱり、はっきりしとかないと	역시 확실히 해두지 않으면
ここの商店街を気にかけて	이 상점가를 신경 써
くださるのか、ということです。	주시는가 하는 겁니다。
人生、もっと大事にしなきゃ	인생 좀 더 소중히 해야
あるでしょうに。	있을 텐데。
いちいち気にしてたら、ちっとも	일일이 신경 쓰면 조금도
しまったんですよ。	버린 거예요。
だいたい、スーパーは悪って	애초에 슈퍼가 악이란
わけじゃないでしょう。	건 아니잖아요。
現われて助けてくれる人を・・・	나타나서 도와주는 사람을・・・
正義の味方って呼んでも、	정의의 편이라 불러도、
将来、あの子が河原で	장래에 그 애가 강가에서
テント生活するようになったら	텐트 생활을 하게 되면
君は俺みたいには	군은 나처럼은
ならないと思いますよ。	안 될 거예요。
あなたが、もっと	당신이 좀 더
まともな生活を	제대로 된 생활을
あちこちうろついてみましょう。	여기저기 돌아다녀 봅시다。
なんと言っても	뭐니 뭐니 해도
されば、買い物客は安心して	그러면 손님은 안심하고
商店街に集まることが出来よう。	상점가에 모일 수 있으리라。
次なる課題は、道の整備と	다음 과제는 길 정비와
こちらは	이쪽은
前は地震対策のコンサルタント	전엔 지진 대책 컨설턴트
だっただろ。	였잖아。
よって、地震対策も商店街再興も	따라서 지진 대책도 상점가 부흥도
我には等しきものならん。	나에겐 같은 것이니라。
じゃあ、この人はいったい？	그럼 이 사람은 대체？
い困った奴です。	い곤란한 놈입니다。
我は善意の者なれば。	나는 선의의 자이니라。
でも、もっともらしい肩書きで	하지만 그럴듯한 직함으로
我が忠言は、我の知恵より	내 충언은 내 지혜에서
あふれ出でたるものなれば	넘쳐 나온 것이니
この地での問題も解決できよう。	이 땅의 문제도 해결되리라。
あまりあてにはしない方が	별로 기대하지 않는 편이
いいということですな。	좋다는 말이군요。
我を信じておれば、少なくとも	나를 믿었더라면 적어도
安心は得られたであろうに。	안심은 얻었을 것을。
ちゃんとした対策をとらないから	제대로 된 대책을 안 세우니
もっと困ったことになるだろ。	더 곤란해질 거잖아。
野球の練習に行くでやんす！	야구 연습 하러 갑죠！
野球にて、我この地に根づかん。	야구로 나 이 땅에 뿌리내리리라。
運動神経が良かったな・・・。）	운동신경이 좋았지・・・。）
いよし、一緒に野球をしよう。	い좋아 같이 야구하자。
いや、努力して欲しいでやんす。	아니 노력해 줬으면 합죠。
「努力せん」というのは	「노력하겠소」라는 건
そういや、前に来た時にもらった	그러고 보니 전에 왔을 때 받은
お菓子	과자
おいしかったよ。	맛있었어。
あれ大道具の下から出てきた	그거 무대장치 밑에서 나온
それより、今日は	그것보다 오늘은
ストレッチしたり、腕立てふせに	스트레칭하거나 팔굽혀펴기에
それから発声練習ね。	그리고 발성 연습이야。
・・・発声練習？	・・・발성 연습？
くんやってみて。	군 해 봐。
（・・・すごい大声だ。）	（・・・엄청난 큰 소리다。）
（例の謎の呪文みたいな声か。	（그 수수께끼 주문 같은 소린가。
こんなにハードな練習をするとは	이렇게 힘든 연습을 할 줄은
あんた、相当体を鍛えてるだろ？	너 상당히 몸을 단련했지？
じゃあ、次は発声練習ね。	그럼 다음은 발성 연습이야。
（えっ、いきなり？！）	（어 갑자기？！）
イメージ的には、腹筋をゆるめて	이미지로는 복근을 풀고
続けてやっていれば	계속 하다 보면
できるようになるからね。	할 수 있게 되니까。
（ぜ、ぜんぜんだめだ・・・）	（저、전혀 안 되잖아・・・）
野球の練習以上にハードだぞ。）	야구 연습보다 힘들겠는데。）
、この後飯食いに行ってから	、이따 밥 먹으러 갔다가
、お疲れ様。	、수고했어。
今日は疲れたと思うけど、	오늘은 피곤했겠지만、
・・・次は負けないぞ。）	・・・다음엔 안 진다。）
そろそろクリスマスよね。	슬슬 크리스마스네。
俺は、まだ用意してない・・・	나는 아직 준비 못 했어・・・
って、そんなことより？！	라니 그것보다？！
・・・なんだかずいぶん・・・	・・・왠지 꽤・・・
そんな・・・どうして・・・！	그런・・・어째서・・・！
・・・受け取って。	・・・받아 줘。
・・・・楽しかったわ。	・・・・즐거웠어。
お父さんをよろしくね・・・	아빠를 잘 부탁해・・・
もう無理みたいなの・・・	이제 무리인 것 같아・・・
楽しい思い出をありがとう・・・	즐거운 추억 고마워・・・
神様、残酷だぞ。	하느님 잔혹하다。
・・・ん、どうした？	・・・응 무슨 일이야？
・・・・すいません・・・・	・・・・죄송해요・・・・
俺は・・・俺・・・・	저는・・・저・・・・
・・・おお、いいぞいいぞ。	・・・오 좋아 좋아。
もよろこんでくれる。	도 기뻐해 줄 거야。
お前が知ってる訳ないだろ～？	네가 알 리가 없잖아～？
この子のメシはそんじょそこらの	이 애 밥은 어지간한
ちゃん！？	짱！？
・・・おまえにとっては。	・・・너에게는。
ははは、オレ勘違いしてたよ。	하하하 내가 착각했었어。
（商店街を盛り上げるために	（상점가를 살리기 위해
しかし、ダチョウがいなくなって	하지만 타조가 없어져서
大騒ぎに。）	큰 소동이。）
商店街の立て直しのためには	상점가 재건을 위해서는
まず、たくさん人がやって来る	우선 사람이 많이 오도록
ようにしないといけないからね。	해야 하니까 말이야。
それで、イベントの名前は・・・	그래서 이벤트 이름은・・・
ああ、そこの旗を見たんだね。	아 거기 깃발을 봤구나。
やっぱり、人を呼ぶには	역시 사람을 부르려면
インパクトが必要だからね。	임팩트가 필요하니까。
ダチョウ牧場と契約して、	타조 목장과 계약해서、
ダチョウに	타조를
しかも、逃げたダチョウが	게다가 도망친 타조가
とにかく、ダチョウを探そう。	아무튼 타조를 찾자。
それよりも、とっととダチョウを	그것보다 냉큼 타조를
固まって走ってるでやんす！	뭉쳐서 달리고 있습죠！
このまま隣の町へ入られたら	이대로 옆 동네로 들어가면
そんなヒマはないな。	그럴 틈은 없군。
ダチョウに乗って	타조를 타고
ダチョウでダチョウを追いかけて	타조로 타조를 쫓아서
とにかく頼んだぞ！	아무튼 부탁한다！
十字ボタンでダチョウを操作、	십자 버튼으로 타조 조작、
Ａボタンでダチョウを攻撃。	Ａ버튼으로 타조 공격。
爆弾や車などに気をつけて	폭탄이나 차 등에 조심해서
１０匹以上	１０마리 이상
ダチョウが隣の町の	타조가 옆 동네
繁華街に入ってしまったぞ。	번화가에 들어가 버렸다。
（ガタン！ドカン！バキ！）	（쿵！쾅！빠직！）
だが、それでこそオレの価値も	하지만 그래야 내 가치도
ダチョウの脱走事件で	타조 탈주 사건으로
警察に怒られてしまって、	경찰한테 혼나 버려서、
せっかく準備したことが、全部	모처럼 준비한 게 전부
ムダになってしまうなんて・・・	헛수고가 돼버리다니・・・
ダチョウは	타조는
やめた方がいいと、	그만두는 게 좋다고、
イベントはどうするんです？	이벤트는 어쩔 겁니까？
このままだと中止とは知らずに、	이대로면 중지인 줄 모르고、
イベントを、なにか別のもので	이벤트를 뭔가 다른 걸로
差し替えるしかないだろうね。	바꿀 수밖에 없겠지。
この際、ゾウかキリンで	이참에 코끼리나 기린으로
というか、この際	아니 이참에
野球の練習に使ってる道具で	야구 연습에 쓰는 도구로
ずいぶん苦しいが、	꽤 힘들지만、
・・・・・・どけよ、ヘタクソ。	・・・・・・비켜라 서투른 놈。
たとえばこの派手な星とか？	예를 들면 이 화려한 별？
え「ワクチンソフトって何？」	え「백신 소프트가 뭐야？」
プログラムを検出する・・・・	프로그램을 검출하는・・・・
もっと危険ということか？！	더 위험하다는 건가？！
こんな風景か。	이런 풍경인가。
ちょっとめまいがしてきたぞ。	좀 어지러워지기 시작했다。
あれはこっちから手を出せない。	저건 이쪽에서 손댈 수 없어。
この先には進めないってこと。	이 앞으론 못 간다는 뜻。
その星の方向を向いて！	그 별 방향을 봐！
ありえない値になってる。	있을 수 없는 값이 돼 있어。
認識できなくさせる処理だよ。	인식 못 하게 만드는 처리야。
あたしたち実験用サイボーグは	우리 실험용 사이보그는
の重役の顔を覚えられないんだ。	의 중역 얼굴을 기억 못 해。
の重役に対して	의 중역에 대해
危害を加えられなくする処置か。	위해를 못 가하게 하는 조치인가。
まったく、手が込んでいるな。	정말이지 공들였군。
セキュリティの穴を見つけても、	보안 구멍을 찾아도、
あたしには認識できないんだ。	나는 인식할 수 없어。
だが、俺には見ることができる。	하지만 나는 볼 수 있다。
・・・連れてきて正解だったな。	・・・데려온 게 정답이었군。
そうとわかれば・・・・・・	그렇다면・・・・・・
とりあえず、手当たり次第に	일단 닥치는 대로
こうなったら、ぎりぎりまで！	이렇게 된 이상 아슬아슬할 때까지！
かあたりを見まわす。	か주위를 둘러본다。
、大丈夫か？	、괜찮아？
とりあえず逃げるぞ！	일단 도망친다！
とりあえず、俺がいなくなれば	일단 내가 없어지면
彼女の負担が減ったはずだ。	그녀 부담이 줄었을 거다。
う強引に起こす！	う억지로 깨운다！
あ・・・あれ、あたし？	아・・・어라 나？
とりあえず逃げよう！	일단 도망치자！
よし、逃げるぞ！	좋아 도망친다！
・・・どっこいしょっと。	・・・영차 하고。
ね７（キキキー！！）	ね７（끼이익！！）
どこに逃げやがった！）	어디로 도망친 거야！）
何がどうなって・・・	뭐가 어떻게 된 건지・・・
だ、大丈夫？！	괘、괜찮아？！
急いで逃げよう！	서둘러 도망치자！
（パンパンパン！）	（탕탕탕！）
作ってあげるよ。	만들어 줄게。
最高の食材をそろえてやる。	최고의 식재료를 갖춰 주겠어。
これでお金は足りるのかな？	이걸로 돈이 될까？
倉庫以外で会うのは珍しいな。	창고 말고서 만나는 건 드물군。
の家に	의 집에
もぐりこんでるみたいだけど、	기어들어가 있는 모양인데、
あんた無神経な男だよな。	너 무신경한 남자구나。
あんたのことなんか	너 따위
ただ前の男がいなくなって	그냥 전 남자가 없어져서
さびしかったから、	외로웠으니까、
部屋に入れてるだけなんだよ。	방에 들인 것뿐이야。
ちゃんとは	짱과는
だが、放ってもおけないだろ。	하지만 내버려둘 순 없잖아。
あんたが居たら	네가 있으면
が迷惑だし、	가 곤란하고、
幸せになれないってことだよ。	행복해질 수 없다는 거야。
だから出て行けよ！	그러니까 나가라！
おまえ、	너、
が今まで	가 지금까지
どれだけ苦労して生きて来たか	얼마나 고생하며 살아왔는지
ちっとも知らないくせに・・・	조금도 모르면서・・・
くんがわたしになって	군이 내가 돼서
しゃべってるの。	말하고 있는 거야。
あんたが勝手に解釈して	네가 멋대로 해석해서
あんたこそ、なんにも	너야말로 아무것도
わかってないんじゃないの！	모르는 거 아냐！
おまえのことを心配して・・・	너를 걱정해서・・・
それで毎日のように	그래서 매일같이
こそこそ	몰래몰래
わたしのこと	나를
つけ回してたの？	따라다닌 거야？
むしろ	오히려
そういうあんたが迷惑なのよ。	그런 네가 민폐야。
の事が好きだから。	를 좋아하니까。
わたし今好きな人がいるの。	나 지금 좋아하는 사람 있어。
だから、無理！	그러니까 무리！
なら証拠を見せてあげるわ。	그럼 증거를 보여줄게。
この人の方が、あんたなんかより	이 사람이 너보다
まさか、あなたも逃げるの？	설마 당신도 도망치는 거야？
さんざん	실컷
くんを馬鹿にしておいて	군을 무시해 놓고
こんな事で逃げるくらいなら	이런 일로 도망칠 거라면
こんなくだらない事で	이런 시시한 일로
練習時間潰してるのが	연습 시간 낭비하는 게
もったいないんだよ！	아까운 거야！
（２人とも車道の真ん中で	（둘 다 차도 한복판에서
って、危ない！	라니 위험해！
ばっ、ばっか野郎！	이、이 바보야！
危ないじゃないか、注意しろ！	위험하잖아 조심해！
（ブォーーーーン）	（부웅ーーーー）
しくじっちまった。	실수해 버렸다。
くそ、なんてカッコ悪いんだ。	젠장 왜 이렇게 꼴사나운지。
こんなことなら、いっそのこと	이럴 거면 차라리
、すまん！	、미안하다！
あんた主役でしょ！	너 주연이잖아！
そうだ、あいつ使えよ。	맞다 저놈 써라。
さあ、こんなところにいないで	자 이런 데 있지 말고
でも、ケガが直ったら	근데 부상이 나으면
雪乃丞	유키노조
ゆきのじょう	유키노조우
はなまる	하나마루
は、必ず舞台に戻る！	는 반드시 무대로 돌아온다！
ところで、さっきの変な名前は？	그런데 아까 그 이상한 이름은？
こっち側は立ち入り禁止ね。	이쪽은 출입 금지야。
・・・停電か。	・・・정전인가。
そんな格好でうろつくな。	그런 차림으로 돌아다니지 마。
大きなパネル	큰 패널
そんな体になったんだ？	그런 몸이 된 거야？
プロ球団	프로 구단
の親会社で	의 모회사고
兵器なんかも作ってると聞く。	무기 같은 것도 만든다고 들었다。
全然たいしたことないんだ。	전혀 대단한 게 아니야。
でも、致命的な欠陥が見つかって	근데 치명적 결함이 발견돼서
ネット侵入用サイボーグの開発は	네트 침입용 사이보그 개발은
だって、サイズが限られる上に	그야 사이즈가 제한되는 데다
脳との接続の関係で	뇌와의 접속 관계로
プログラムの	프로그램의
仕様変更が難しくなるでしょ？	사양 변경이 어려워지잖아？
あと、キーボードがなくても	그리고 키보드가 없어도
あ、でもこんなことはできるよ。	아 근데 이런 건 할 수 있어。
無線にも割り込めるし、	무선에도 끼어들 수 있고、
すごいんだか	대단한 건지
の開発者も困っちゃってさ。	의 개발자도 곤란해했어。
それで、最後はもっぱら実験台。	그래서 결국은 오로지 실험대。
ちゃんと修理もしてもらったし。	수리도 제대로 받았고。
でも、さすがにこのままだと	근데 아무래도 이대로면
彼らとは途中で別れたけどね。	그들과는 도중에 헤어졌지만。
その話だと、	그 얘기라면、
君はこの町の出身じゃないな。	너는 이 동네 출신이 아니군。
いたから、この町に架空の	있어서 이 동네에 가공의
広川武美	히로카와 타케미
」って存在を作ったんだ。	」라는 존재를 만든 거야。
これからどうするつもり？	앞으로 어쩔 셈이야？
う・・・特になにも。	う・・・딱히 아무것도。
どうって・・・	어쩌다니・・・
さーて、どうしようかな～。	자ー 어쩔까～。
とりあえず、焼きソバパンと	일단 야키소바빵이랑
いきなり	대뜸
まさか、一晩中	설마 밤새
・・・俺は脇役だけど。	・・・난 조연이지만。
あわせてやるものだから、	합쳐서 하는 거니까、
それとね、	그리고 말이야、
昨日の反省を生かして、	어제 반성을 살려서、
はい、もしもし・・・・・・	네 여보세요・・・・・・
立ち入り禁止であります。	출입 금지입니다。
今朝方、誰もいないときに	오늘 새벽 아무도 없을 때
もう公演は中止だ。	이제 공연은 중지다。
そんなのいやだ！	그런 건 싫어！
まだまだ良くなるんだから！	아직 더 좋아질 텐데！
あああ、ここから先は、	아아아 여기서부터는、
入っちゃダメであります！	들어가면 안 됩니다！
まだ調査中なのであります～。	아직 조사 중입니다～。
ちゃん落ち着いて！	짱 진정해！
だから元気出さないと！	그러니 기운 내야지！
その時刻に何をしてたか、警察が	그 시각에 뭘 했는지 경찰이
まずはおれと	우선 나랑
ちゃん、俺ちょっと行ってくる。	짱 나 잠깐 갔다 올게。
、大変なことになったな。	、큰일이 됐군。
昨日の芝居、オレこっそり	어제 연극 나 몰래
しかしよく頑張ったよな。	그런데 잘 해냈어。
演出、役者と４人も抜けて	연출 배우 해서 ４명이나 빠지고
あっ、オレも入れて５人だった。	앗 나까지 넣으면 ５명이었네。
もう終わりだな。	이제 끝이군。
あっさりしたもんだ。	허무하군。
・・・なんか空しいよな。	・・・왠지 허무하지。
今回の火事で、	이번 화재로、
それがよくわかっただろ？	그걸 잘 알았겠지？
俺たちは夢を見てきたんだよ。	우리는 꿈을 꿔온 거야。
役者として成功したい、	배우로 성공하고 싶다、
みんなに見て欲しい、なんてさ。	다들이 봐 줬으면 좋겠다 같은。
だが現実を見ろよ。	하지만 현실을 봐라。
朝から晩まで練習して働いて、	아침부터 밤까지 연습하고 일하고、
ゴミみたいなモン食って、	쓰레기 같은 걸 먹고、
必死で積み上げてきたものが	필사적으로 쌓아온 게
ほら、こんなにもろいんだ。	봐 이렇게 무른 거야。
・・・夢なんて、捨てちまえよ。	・・・꿈 따위 버려버려。
そしたら楽になれるぜ。	그러면 편해질 거다。
だから、火をつけたのね。	그래서 불을 지른 거구나。
お客さんにもわかるように、	손님도 알 수 있게、
「無実のふりをする犯人」を	「무죄인 척하는 범인」을
自分が犯人だって、わたしに	자기가 범인이라고 나에게
どうして自分を否定するのよ！	어째서 자신을 부정하는 거야！
じゃあ言ってやる。	그럼 말해주지。
好きなのは	좋아하는 건
彼氏が	남자친구가
だっていいさ。	라도 좋아。
それなのに	그런데도
オレが馬鹿みたいじゃないか！	내가 바보 같잖아！
もうこりごりだ。	이제 진절머리 난다。
あんたなんか、最初から	너 따위 처음부터
ちゃん、どうした？	짱 무슨 일이야？
別に、こっちは	딱히 이쪽은
出火直前に	발화 직전에
このあたりで	이 근처에서
不審な人物が目撃されてる。	수상한 인물이 목격됐다。
それが・・・どうも	그게・・・아무래도
うん・・・大丈夫。	응・・・괜찮아。
今年は、本当に・・・	올해는 정말・・・
いろんなことがあったわね。	여러 일이 있었네。
さあ、早く家に帰って	자 빨리 집에 가서
温かいものでも食べましょう。	따뜻한 거라도 먹읍시다。
悪者を発見でやんす！	악당 발견입죠！
あとは	이제
あんたが金を振り込むのを	네가 돈을 입금하는 걸
お前の指定した海外の口座に	네가 지정한 해외 계좌로
見つけ出した、例の抜け穴か。	찾아낸 그 비밀통로인가。
（カリカリカリ・・・）	（사각사각사각・・・）
を食って	를 먹고
・・・胸くその悪くなる光景だ。	・・・속이 뒤집히는 광경이다。
さ、早く金を振り込んでくれ。	자 빨리 돈을 입금해 줘。
、この女を殺せ！	、이 여자를 죽여라！
で巨大化させた虫で	로 거대화시킨 벌레로
全部、自分で言っちまったぜ。	전부 스스로 말해 버렸군。
この女は始末しないと！	이 여자는 처리해야 해！
その女はアンタがなんとかしろ。	그 여자는 당신이 어떻게든 해라。
くそっ・・・	제길・・・
大変なことになったでやんす！	큰일 났습죠！
ずいぶんと探したぜ。	꽤 찾았다。
もう８ケ月だ。	벌써 ８개월이다。
だが、オレはお前のことを	하지만 나는 너에 대해
お前はいったい・・・	너는 대체・・・
過去のことなんてどうでも。	과거 같은 건 아무래도。
どこからともなくやってきて	어디선가 홀연히 나타나
事件の後で	어딘가로 떠나간다。
ああ、これこそロマンよね！	아 이게 바로 로망이지！
だいたいお前は・・・	애초에 너는・・・
じゃねぇか。	아니냐。
３０分もすれば、虫たちは	３０분쯤 지나면 벌레들은
たくさん食べ物のある商店街へ	먹을 게 많은 상점가로
できれば虫に襲われてる商店街を	가능하면 벌레에 습격당하는 상점가를
見ていたかったんだが・・・	보고 싶었지만・・・
待て、向こうで何か音がした。	잠깐 저쪽에서 무슨 소리가 났다。
どうやら邪魔が入ったようだ。	아무래도 방해가 들어온 모양이다。
・・・行ってくる。	・・・갔다 오겠다。
権ちゃん	곤짱
君をつれて	군을 데리고
誰か強そうな人を呼んできて。	누구든 강해 보이는 사람을 불러와。
それは男のオレの役割だろ！	그건 남자인 내 역할이잖아！
巨大な虫が商店街を襲うって？	거대 벌레가 상점가를 습격한다고？
支店長	지점장
さん、どうしてこんなことを？	씨 어째서 이런 짓을？
私の人生はクソだったからだ。	내 인생은 엉망이었으니까다。
ずっとしばられてきた。	계속 얽매여 왔다。
だが、その会社が私を裏切った。	하지만 그 회사가 나를 배신했다。
しばられるものなどない！	얽매일 것 따위 없다！
もっと他のことをすれば	다른 걸 하면
もらうことにしたんだ。	받기로 한 거다。
・・・今日も遅くなったな。	・・・오늘도 늦어졌네。
もうこんな時間か。	벌써 이런 시간인가。
、元気ないね？	、기운이 없네？
ちゃんも	짱도
こっちは大道具の作業でね。	이쪽은 무대장치 작업이라。
くんも？	군도？
なんだったら、わたしんちで	뭣하면 우리 집에서
早く帰らないと、	빨리 안 돌아가면、
じゃあ、お疲れ様～！	그럼 수고했어～！
じゃあ、ご飯作るから	그럼 밥 만들 테니
ちゃんの部屋は	짱 방은
きれいに片付いてるな。	깔끔하게 정리돼 있군。
散らかってないだけかもね。	안 어질러진 것뿐일지도。
でも、この本棚・・・	근데 이 책장・・・
それは体によくないぞ。	그건 몸에 안 좋다。
こういう質素な生活って	이런 검소한 생활은
それに、劇団のために	게다가 극단을 위해
この前みたいに倒れるぞ。	요전처럼 쓰러진다。
に看病してもらうよ。	에게 간병받을게。
ここはトイレすら共同なんだろ。	여긴 화장실조차 공동이잖아。
今から銭湯にでも行くのか？	지금 목욕탕이라도 가는 거냐？
さっきまで君が料理をしていた	아까까지 네가 요리하던
流し台しか見えないんだが。	개수대밖에 안 보이는데。
意外と	의외로
さいわい、お湯が出るしね。	다행히 온수가 나오고。
若い女の子のやることじゃ・・・	젊은 여자애가 할 일은・・・
あら、別に普通にしてたら	어머 딱히 평소대로 있으면
い俺が気にするんだ！	い내가 신경 쓰인다고！
ええい、ここは	에잇 여긴
も入っていく？	도 들어갈래？
いその勝負、受けた！	い그 승부 받았다！
じゃあ、あたしがしばらく	그럼 내가 잠시
それならいいでしょ。	그러면 괜찮잖아。
わかった、使わせてもらおう！	알았어 쓰게 해줘！
予想以上に	예상 이상으로
せまかったけど、	좁았지만、
お湯が使えるというのは	온수를 쓸 수 있다는 건
この部屋の感想は。	이 방 감상은。
「お風呂」もついてるしね。	「목욕탕」도 딸려 있고。
はこの部屋に住むこと。	는 이 방에 살 것。
は河川敷に住んでるって	는 강변에 산다고
そんなんじゃ体に悪いでしょ。	그래선 몸에 안 좋잖아。
これは演出の命令よ。	이건 연출의 명령이야。
ちゃんの家だろ？	짱 집이잖아？
いそんなことはない。	い그렇지 않아。
お芝居をがんばりましょう。	연극을 열심히 합시다。
オープニングを短縮しますか？	오프닝을 단축하시겠습니까？
対立していることを聞いた。）	대립하고 있다고 들었다。）
母ちゃん、	엄마、
どうしたの、	무슨 일이야、
助けてもらったんでやんす。	도움받았습죠。
、その「やんす」と言うのは	、그「～죠」라는 건
じゃ、おじさんはこの辺で。	그럼 아저씨는 이만。
さすがに見逃せないでしょう。	아무래도 못 본 척은 못 하죠。
お恥ずかしい話ですが、どうやら	부끄러운 얘기지만 아무래도
悪いのは、	나쁜 건、
の方みたいです。	쪽인 것 같아요。
あの子ったら、その腹いせに	그 애가 그 분풀이로
そのスーパーの車に	그 슈퍼 차에
落書きをしたらしいんですよ。	낙서를 했다지 뭐예요。
元プロの連中とか連れてきて。	전 프로 놈들을 데려오고。
・・・どうやら、なにか事情が	・・・아무래도 무슨 사정이
あるみたいですね。	있는 모양이네요。
シャッターの閉まってる店が	셔터가 닫힌 가게가
ほら、有名な	봐 유명한
グループの。	그룹의。
あのスーパーが出来てから	저 슈퍼가 생기고 나서
この商店街へ来るお客さんも	이 상점가에 오는 손님도
ずいぶんと減ってしまって。	꽤 줄어 버려서。
でも、本当はあのスーパー、	근데 사실 저 슈퍼、
この県の条例違反なんですよ。	이 현의 조례 위반이에요。
この商店街に人は来ませんね。	이 상점가에 사람은 안 오겠네요。
がんばってるんですけどね。	힘내고 있긴 한데요。
なかなかうまくいかなくて。	좀처럼 잘 안 돼서。
でも、それがどうして	근데 그게 어째서
野球に結びつくんです？	야구와 연결되나요？
それで、それを自慢にしている	그래서 그걸 자랑으로 여기는
ところがあったんですけどね。	면이 있었는데요。
でも・・・連敗中なんですよ。	근데・・・연패 중이에요。
まあ、よそから見れば	뭐 밖에서 보면
子供っぽいケンカですよね。	유치한 싸움이죠。
負けると	지면
がっかりします。	실망합니다。
かなわないんじゃないかって	이길 수 없는 거 아닌가 하고
おいしいカレー、	맛있는 카레、
いああ。	い아。
オイラにも、なにか手伝える	나도 뭔가 도울
ことがあるでやんすか？	일이 있습죠？
じゃあ、とりあえず	그럼 일단
じゃあ、バイバイ。	그럼 안녕。
（トボトボ）	（터벅터벅）
おせっかい野郎	오지랖 넓은 놈
日々が始まった！）	나날이 시작됐다！）
こちらの方なんだがね。	이쪽 분인데 말이야。
俺たち	우리
商店街のメンバーだけで戦うって	상점가 멤버끼리 싸운다고
それで、アンタ野球の経験は？	그래서 당신 야구 경험은？
まさお	마사오
おおい、	어어이、
ちょっとこいつに投げてくれ。	이 녀석한테 좀 던져 줘。
あ、そらよ！	아 자 받아라！
君、彼にいろいろと	군 그에게 이것저것
さん、よろしく頼む。	씨 잘 부탁한다。
でいいよ。	라고 하면 돼。
走りこんで、	달리기 해서、
を上げておけよ。	을 올려 둬라。
せめて着替えてからにしろ！	하다못해 갈아입고 나서 해라！
それにしても	그건 그렇고
生きのいいヤツが来たもんだ。	팔팔한 놈이 왔군。
ちゃん、大丈夫か？	짱 괜찮아？
ですが。	인데요。
あっ、はい！	앗 네！
今晩オーディションがしたいから	오늘 밤 오디션을 하고 싶다고
でも、がんばらないと。	그래도 힘내야지。
がんばるからね！	힘낼게！
・・・がんばれよ。	・・・힘내라。
・・・大変なんだよ！	・・・큰일이야！
これ見てくれよ！	이거 봐 줘！
ホテルに呼び出し、女性の役者に	호텔로 불러내 여성 배우에게
現にオレの彼女も・・・」？！	실제로 내 여친도・・・」？！
は大丈夫なのか？	는 괜찮은 거냐？
こいつに呼ばれて行ったんだ。	이놈한테 불려서 갔어。
下手に俺たちが行って騒いだら	어설피 우리가 가서 소란 피우면
ちゃんの迷惑にならないか。	짱한테 폐가 되지 않을까。
と付き合ってるんだろ！	와 사귀고 있잖아！
だったら、	그렇다면、
を守ってやらなきゃ	를 지켜줘야
いけないんじゃないのか？	하는 거 아니냐？
い助けにいく	い구하러 간다
じゃあな。	그럼 잘 있어。
これは彼女にとって	이건 그녀에게
俺には止めることはできない。	내가 막을 수는 없다。
いいように使われて、利用価値が	좋을 대로 이용당하고 이용 가치가
ちゃん帰ってこないな。	짱 안 돌아오네。
君という輝ける金の卵だけの	너라는 빛나는 황금알만의
わたし、何もやりたい事なくて	나 하고 싶은 게 아무것도 없어서
そんなある日、友達に誘われて、	그러던 어느 날 친구 권유로、
そうしたらすぐにその世界に	그랬더니 바로 그 세계에
わたしもたくさんの人たちに	나도 많은 사람들에게
それじゃ、最初は	그럼 우선
着てる物は全部脱いじゃって。	입은 건 전부 벗어 버려。
・・・全部脱ぐの。	・・・전부 벗는 거야。
は・だ・か！	알・몸！
ボクの言ってる意味わかる？	내가 하는 말 뜻 알겠어？
目立つことでお金を稼ぐんだ。	눈에 띄어서 돈을 버는 거야。
ボクはその商品を見極めて、	나는 그 상품을 가려내서、
価値を決めたり、どこに出したら	가치를 정하거나 어디에 내면
売れるか決めてあげるんだよ。	팔릴지 정해 주는 거야。
だから君の価値を見たいんだ。	그러니 네 가치를 보고 싶은 거야。
・・・なんだ、ウワサどおりの	・・・뭐야 소문대로의
こんなところまで追いかけて	이런 데까지 쫓아와
それとも、君自身で説得するか。	아니면 네가 직접 설득하겠나。
こいつは役者を食い物にしている	이놈은 배우를 등쳐먹는
言うことを聞いちゃだめだ！	말을 들으면 안 돼！
だから帰れない。	그러니까 못 돌아가。
・・・わたしをバカにしてるの？	・・・나를 무시하는 거야？
だけど、もっと知りたい。	하지만 더 알고 싶어。
でも、わたしの夢はどうなるの？	근데 내 꿈은 어떻게 되는데？
でも、あいつに利用されて	하지만 저놈한테 이용당해서
君なら、こんなことしなくても	너라면 이런 짓 안 해도
さっきから俺を悪者みたいに	아까부터 나를 악당처럼
俺のおかげで	내 덕분에
どれだけのヤツが	얼마나 많은 놈들이
成功してきたか知ってんのか？	성공했는지 아냐？
それでもいいの？	그래도 괜찮아？
こんなやつの言うことに	이런 놈 말에
俺の顔に泥をぬったらどうなるか	내 얼굴에 먹칠하면 어떻게 되는지
俺がじきじきに演技見るなんて	내가 직접 연기를 보는 건
劇団のみんなも、この前の公演が	극단 사람들도 요전 공연이
ようなヤツ以外お断りなんだよ！	같은 놈 아니면 사절이라고！
とっと帰れ！	냉큼 돌아가！
それにしても、俺って	그건 그렇고 나는
アドバイスまでしてあげて、	조언까지 해 주고、
さーてと、別の女でも呼ぶか。	자 그럼 다른 여자나 부를까。
いつもだったらあんなヤツ	평소라면 저런 놈
くんもいたの？	군도 있었어？
あのプロデューサー敵に回して	그 프로듀서를 적으로 돌려서
あんなのに頼らなくても、	저런 거에 기대지 않아도、
強いんだな、	강하구나、
心強い味方がいてくれるから、	든든한 아군이 있어 주니까、
がんばる自信あるんだ。	힘낼 자신이 있어。
しがない女優は嫌なの。	보잘것없는 여배우는 싫어。
あなたはいらない！	당신은 필요 없어！
悪いけど、帰ってくれない！	미안하지만 돌아가 줄래！
いい女優になれると思うよ。	좋은 여배우가 될 것 같아。
まぁ、まずはアイドルとして	뭐 우선은 아이돌로서
色々勉強してもらうけどさ。	여러모로 배우게 하겠지만。
わたしの事なんか嫌いになって。	나 같은 건 미워해 줘。
それでもう忘れて。）	그리고 이제 잊어 줘。）
きそこの男前	き거기 미남
さんのピアノが聴けるなら	씨의 피아노를 들을 수 있다면
ひ～まならボ～クの練習に	한～가하면 나～의 연습에
付き合ってよ～	어울려 줘～
それで何の練習をするんだ？	그래서 무슨 연습을 하는 거야？
き誕生日	き생일
しれないな。	모르겠군。
本当にどこに行ったんだよ	정말 어디로 간 거야
しれない。	모른다。
でも、なんの～？	근데 무슨～？
いハンサム７０未満	い핸섬７０ 미만
いどういう意味？	い무슨 뜻이야？
にもいろいろあるみたいだし、	에게도 여러 사정이 있는 듯하고、
なんとなく思えないしな。	왠지 생각되지 않고 말이지。
ボ～クの問題だからね～。	나～의 문제니까～。
どこに行きやがった	어디로 가 버린 거야
って足も速いのかよ。	는 발도 빠른 거냐。
絶対にチームに入れてやる！	반드시 팀에 넣고 말겠어！
ドジっ娘メイドとは意外と	허당 메이드라니 의외로
に好きな物を	에게 좋아하는 걸
いその通りだ	い그 말대로다
本当にあの	정말이지 저
はすぐに逃げようと	는 금방 도망가려고
まあ、今回は放っておくか。	뭐、이번엔 내버려 둘까。
メニューにあるサンドイッチを	메뉴에 있는 샌드위치를
にサンドイッチを	에게 샌드위치를
手伝わなくてもいいよな）	안 도와줘도 되겠지）
。ドア開けてやるよ。	。문 열어 줄게。
それじゃあ、開けれないだろ。	그래서는 열 수 없잖아。
一体何が入ってるんだろうな）	대체 뭐가 들어 있는 걸까）
さんは来てないよ。	씨는 안 왔어。
でしょうか？	않으실까요？
い好き	い좋아해
あれ～？ケガしてるの～？	어라～？다쳤어～？
今日は無理しちゃダメだよ～。	오늘은 무리하면 안 돼～。
きっと楽しいからさ～。	분명 재밌을 테니까～。
のバッティング練習に付き合い	의 배팅 연습을 같이
の役には立つんだろうな。	의 도움은 되겠지。
さんもどう～？	씨도 어때～？
さすがにそれをマスターしても、	아무리 그걸 마스터해도、
生きていたら、どこで玉乗りが	살다 보면 어디서 공 타기가
しかも、こんな至近距離で。	게다가、이런 지근거리에서。
それでコメントは？	그래서 코멘트는？
しかも、どっちも右手だけ。	게다가、양쪽 다 오른손뿐。
結構、正統派が好きなんだね？	꽤、정통파를 좋아하는구나？
の奴は	의 녀석은
い絶対に捕まえる	い반드시 잡는다
さん、昼食・・・・・	씨、점심・・・・・
じゃあ、行ってくる。	그럼、다녀올게。
壮大か？	장대한가？
針で空気を抜いたり、	바늘로 공기를 빼거나、
水着を隠したり	수영복을 숨기거나
というかもしかして全巻、	랄까 혹시 전권、
炎の球とかを投げてあげるよ	불의 구슬 같은 걸 던져 줄게
のキャッチボールを	의 캐치볼을
しました）	했습니다）
そうかもしれないな。	그럴지도 모르겠네。
しかも動いていたし。	게다가 움직이고 있었고。
ファンタジーにも程があるよ。	판타지에도 정도가 있는 거야。
てりゃ！	에잇！
じゃあ、次は俺だな。	그럼、다음은 나로군。
と守備練習をしました）	와 수비 연습을 했습니다）
これってホラー？	이거 호러야？
まったく感動できなかったぞ。	전혀 감동할 수 없었다고。
確かに今日は聖夜だけど、	분명 오늘은 성야지만、
さんが外に出ようだなんて。	씨가 밖에 나가자고 하다니。
さんが決めた自分の道を	씨가 정한 자신의 길을
この聖夜の空の下で。	이 성야의 하늘 아래에서。
携帯電話を持ってないんだね。	휴대폰을 안 갖고 있구나。
今時の子にしては珍しいね。	요즘 애치고는 드물구나。
君も持ってない。	너도 안 갖고 있어。
い欲しい	い갖고 싶어
黒い色のジュースを飲もう！	검은색 주스를 마시자！
きゃあああぁぁぁぁぁぁ！	꺄아아아아아아아！
はうあ！	하우아！
ぐはあ！	구하아！
これからはこれで。	앞으로는 이걸로。
赤い色のジュースを飲もう！	빨간색 주스를 마시자！
赤だね！	빨강이네！
こ、これは！	이、이건！
だんだんと体が！	점점 몸이！
さんでも無理だよな。	씨라도 무리겠지。
七番テーブル・・・・・・。	７번 테이블・・・・・・。
どうぞ、そのまま本に目を通して	부디、그대로 책을 계속 읽고
もらっていて結構です。	계셔도 괜찮습니다。
いるのか？）	있는 걸까？）
こっちからも何か飛んで来る	이쪽에서도 뭔가 날아올
かもしれないけどね～。）	지도 모르지만 말이야～。）
の恐怖バッティング練習に	의 공포 배팅 연습에
付き合いました）	함께했습니다）
ある場所に釣りをしに行く話。	어느 곳에 낚시하러 가는 이야기。
５０人前は・・・・・・	５０인분은・・・・・・
サンドイッチ５０人前ですね	샌드위치 ５０인분이시죠
普通に言われても・・・・・・	평범하게 말해도・・・・・・
怖いと思ってしまう話だな。	무섭다고 생각해 버리는 이야기네。
さんの事だから、	씨 일이니까、
俺が部屋を出てすぐにここへ	내가 방을 나온 직후에 여기로
それに待ってるのは私じゃない。	게다가 기다리는 건 내가 아니야。
これから向かう二人の未来。	이제부터 향할 둘의 미래。
じゃあ、行こうか。	그럼、갈까。
一つの浮き輪をめぐって争う、	하나의 튜브를 두고 다투는、
壮大な夏の海のファンタジー。	장대한 여름 바다의 판타지。
「あの世からの王の帰還」。	「저승에서 온 왕의 귀환」。
今日も機嫌が悪いのか	오늘도 기분이 나쁜 건가
いい加減、謝ったら	이제 그만、사과하지 그래
例えば・・・・・・。	예를 들면・・・・・・。
そう言ったらいいんだな。	그렇게 말하면 되는 거구나。
しかし・・・・・・	그런데・・・・・・
い言う	い말한다
さん、これおごってあげるよ。	씨、이거 내가 살게。
におごってもらいました）	에게 얻어먹었습니다）
君の好きな料理にしていい。	네가 좋아하는 요리로 해도 돼。
さんが切った野菜で、	씨가 썬 야채로、
おいしいのを作ってあげるよ。	맛있는 걸 만들어 줄게。
自分で作ってる方が、	직접 만드는 편이、
さんの心配を	씨 걱정을
しなくていいから楽だ。	안 해도 되니까 편하다。
さんの為に、腕によりをかけて	씨를 위해、솜씨를 발휘해서
とキャッチ爆弾をしました）	와 캐치 폭탄을 했습니다）
これはおもしろかったぞ。	이건 재미있었다고。
赤レンガの戦いは読んでいて、	붉은 벽돌의 싸움은 읽으면서、
凄いな	대단한걸
事できないよ。	건 못 하겠어。
誉められたかっただけなのか？）	칭찬받고 싶었을 뿐인 걸까？）
さんは来てないのか？	씨는 안 온 건가？
じゃあ、俺は帰るとするよ。	그럼、난 돌아가기로 할게。
さんの部屋だよ。	씨의 방이야。
今はかわいい	지금은 귀여운
気がするのは気のせいか？	느낌이 드는 건 기분 탓인가？
ダマされた私がバカなのよね！	속은 내가 바보인 거지！
じゃないか！	잖아！
傷口を	상처를
君のく	너의 입
だから、今日はただの消毒だけで	그러니、오늘은 그냥 소독만으로
サーカス団で	서커스단에서
をしてたんだよ～。	를 하고 있었어～。
ってなんだよ～。	라니 뭐야～。
ボ～クはそのサーカス団の花形	나～는 그 서커스단의 스타
だったんだからね～。	였으니까 말이야～。
なんか	따위를
しているんだ？	하고 있는 거야？
今のボ～クじゃあ～。	지금의 나～로는～。
にもいろいろある	에게도 여러 가지가 있다
という事だな。	는 것이군。
あれは・・・・。	저건・・・・。
のが悔しい。	는 게 분하다。
両手がふさがってるじゃないか）	양손이 꽉 차 있잖아）
い持たない	い안 든다
私の発注ミスでストローを切らし	내 발주 실수로 빨대가 떨어질
そうなの。	것 같아。
だから急いで買いにいかないと	그래서 서둘러 사러 가지 않으면
だからお願い。	그러니 부탁해。
帰ってきたら何かおごるよ。	돌아오면 뭔가 사 줄게。
はメイドというよりも、	는 메이드라기보다는、
って感じだな。	라는 느낌이네。
でも、これが一番良いかなって	그래도、이게 제일 좋으려나 하고
それとも	아니면
さんは他のが	씨는 다른 게
いや、別にそんな事は一言も	아니、딱히 그런 건 한마디도
言ってない・・・・・。	말 안 했어・・・・・。
それともツンデレ？	아니면 츤데레？
うドジっ娘	う덜렁이 소녀
ちょっと間に合わなかったよ。	조금 늦어 버렸어。
何とかなるから、だからお礼。	어떻게든 되니까、그래서 답례。
さんじゃなくて、私からだよ。	씨가 아니라、내가 주는 거야。
私のも	내 것도
さんのと同じように味わって	씨 것과 똑같이 음미하며
食べてね	먹어 줘
効いた？	효과 있었어？
なんとなく体の調子が良くなった	왠지 몸 상태가 좋아진
間違いなく健康に良さそうなのは	틀림없이 건강에 좋아 보이는 건
入れてないんだけど	안 넣었는데
あの変な草が原因かな？	그 이상한 풀이 원인인가？
しかもアレを全部覚えてたし。	게다가 저걸 전부 외우고 있었고。
まあ、アレは慣れだけどね。	뭐、저건 익숙해서지만。
慣れたら自然と覚えられるように	익숙해지면 자연히 외울 수 있게
それまでが大変だったけど。	그때까지가 힘들었지만。
すぐにまいりま～す	금방 가겠습니다～
それじゃあ、行ってきま～す！	그럼、다녀오겠습니다～！
それだけでいい。	그것만으로 됐어。
あの草入れすぎたのかな？	그 풀 너무 많이 넣었나？
なんか副作用が出そうだね。	뭔가 부작용이 나올 것 같네。
お肩が凝っておられますね？	어깨가 결리시는군요？
それで肩が凝ってるから何だ？	그래서 어깨가 결리면 어쩌라고？
そんな企んでるとかあるわけない	그런 꿍꿍이가 있을 리 없
い信じる	い믿는다
諦める事しかできなかった。	포기할 수밖에 없었다。
その子にとって遅すぎたから。	그 아이에겐 너무 늦었으니까。
歩いてきてしまっていたから。	걸어와 버렸으니까。
の奴は何をやっているんだ？	의 녀석은 뭘 하고 있는 거야？
もちろん練習だよ～。	물론 연습이야～。
気持ち悪い動きをしているし。	징그러운 움직임을 하고 있고。
これは玉乗りの練習さ～。	이건 공 타기 연습이야～。
もちろ～ん。	물로～온。
何でそんな事をしているんだ？	어째서 그런 걸 하고 있는 거야？
リハビリを兼ねて、	재활도 겸해서、
いサーカスにでも出るのか？	い서커스에라도 나가는 거냐？
だろう。	거겠지。
でも、その時が来ても、	하지만、그때가 와도、
だから、安心してくれ。	그러니、안심해 줘。
悩んでいたら心配する事はないと	고민하고 있으면 걱정할 것 없다고
さんの言う通りにしてあげるよ。	씨가 말하는 대로 해 줄게。
俺が出て行く時に、目の前に	내가 떠날 때、눈앞에
だから紙とペンなんだな。	그래서 종이랑 펜인 거구나。
それでご主人様には遺書を	그래서 주인님께는 유서를
書いてもらおうと思ってます	써 주십사 하고 있습니다
ちゃんと後で竹を流すから、	나중에 제대로 대나무 띄울 테니、
さんも願い事を書きなよ。	씨도 소원 써 봐。
う強くなりたい	う강해지고 싶다
体が熱いぞおおおおぉぉぉぉ！	몸이 뜨겁다아아아아아아！
力がみなぎるううううぅぅぅ！	힘이 넘친다아아아아아！
どこに？	어디에？
だったのかな？	였던 걸까？
食べてたって言ってたし。	먹었다고 말했었고。
は居ると思う。	엔 있을 거라고 봐。
略奪愛。	약탈애。
命とか？	목숨이라든가？
あげるわよ。	줄게。
さんからとかね	씨한테서라든가
お出口はあちらでございます	출구는 저쪽이옵니다
さんのお金だけどね。	씨 돈이지만 말이야。
私も餌付けしてみようかな	나도 먹이를 줘 볼까
なんで俺が・・・・・。	어째서 내가・・・・・。
ねえ、ご主人様	저기、주인님
い俺はそんな人間じゃない	い난 그런 인간이 아니다
でもね	그래도 말이야
「そう」とか「うん」だけを	「그래」라든가「응」만
話すように！	말하도록！
一言で片付けられていくんだ。	한마디로 정리되어 가는 거야。
がいないな。	가 없네。
たぶん買い物。	아마 쇼핑。
だけなんだ。	뿐이야。
ごめん、ちょっと大きい音を	미안、좀 큰 소리를
たててしまったね。	내 버렸네。
いま、この店は静かだから、	지금、이 가게는 조용하니까、
さんと・・・・	씨랑・・・・
寝てる時は無防備だから、	잘 때는 무방비니까、
起きてる時がカッコイイと	깨어 있을 땐 멋지다고
どっちもかわいいでいい。	둘 다 귀엽다로 됐어。
と過ごしました）	와 함께 지냈습니다）
じゃあ、そういう事で。	그럼、그런 걸로。
ちょっと頼み事をされただけ。	좀 부탁을 받았을 뿐이야。
は中に居るから、	는 안에 있으니까、
よりは仲良くないんだね。	보다는 사이가 좋진 않구나。
なんか元気が無いな）	왠지 기운이 없네）
、今日もここにいるのか。	、오늘도 여기 있는 건가。
この間は声をかけようとしたら、	저번엔 말을 걸려고 했더니、
こっそりと近づいてから	몰래 다가간 다음에
い追いかける	い쫓아간다
するぞ。	난다고。
マズイ。	맛없다。
辛そうな物全部と	매워 보이는 거 전부랑
店の冷蔵庫に入ってた物を勝手に	가게 냉장고에 있던 걸 멋대로
トイレ！	화장실！
さんなら、大丈夫かなと	씨라면、괜찮을까 하고
やったあ	해냈다아
もうほとんど・・・・・・・	이제 거의・・・・・・・
あ？十軒？	어？열 집？
しかも以上ってなんだ？	게다가 이상이라니 뭐야？
頼んでおいて人使いが荒過ぎると	부탁해 놓고 너무 막 부려먹는다고
なんか今、問題をすり替えられて	뭔가 지금、문제를 바꿔치기당한
は今、このチームに入ってくれて	는 지금、이 팀에 들어와 줘서
俺に力を貸してくれてるだろ？	나에게 힘을 빌려주고 있잖아？
だから逆に俺が	그러니 반대로 내가
の力に	의 힘이
じゃないし～。	가 아니고～。
にはなりたくないな。	는 되고 싶지 않네。
でも何かあったら言ってくれ。	그래도 무슨 일 있으면 말해 줘。
ボ～ク感動しちゃったよ～。	나～ 감동해 버렸어～。
一緒の顔にしてあげるね～。	똑같은 얼굴로 만들어 줄게～。
は出ないでしょ。	는 안 나오겠지。
いってらっしゃ～い	잘 다녀와～
自分で飲む気はしないけど。	직접 마실 마음은 안 들지만。
もらってるじゃない。	받았잖아。
さんは音楽会じゃあ、	씨는 음악계에선、
というか	랄까
あ、うん。ちょっとね。	아、응。좀 그래。
じゃなくて・・・・・・・	가 아니라・・・・・・・
さすがだねえ	역시 대단하네
いい物、食わしてくれるのか？	좋은 거、먹여 주는 거냐？
そうだねえ	그렇네에
ジャンボパフェの	점보 파르페의
お腹が空いた時に食べてね。	배고플 때 먹어。
さんが自分で考えて、	씨가 스스로 생각해서、
どこへでも連れ出してやる。	어디든 데리고 나가 주마。
さんが、ただその時から逃げたい	씨가、그저 그때에서 도망치고 싶은
だけなら、それは間違っている。	것뿐이라면、그건 틀렸어。
出て行く時、	떠날 때、
さんはしっかり考えて	씨는 제대로 생각해
欲しい。	줬으면 해。
さんに何も告げずに出て行く事は	씨에게 아무 말 없이 떠나는 일은
しっかり考える。	제대로 생각할게。
わからない時は・・・・・・	모를 땐・・・・・・
なら、きっと	면、분명
さんは何かしら決断を	씨는 뭔가 결단을
さん。何をしてるの？	씨。뭐 하고 있어？
だから足の上に乗った。	그래서 발 위에 올렸어。
ボ～クは守備だけが	나～는 수비만
いまキャッチしたボールで～。	방금 캐치한 공으로～。
お前、どこからそのバットを！	너、어디서 그 배트를！
危ない！	위험해！
と守備練習をしました？）	와 수비 연습을 했습니다？）
さんって見かけによらず	씨는 보기와 달리
そうだったら好きと	그렇다면 좋아한다고
機嫌も悪くならないだろうし）	기분도 나빠지지 않을 테고）
だけどなんで	그런데 어째서
ちゃんを・・・・・	짱을・・・・・
そう。わかった。	그래。알았어。
怒らないからはっきり言え！	화 안 낼 테니 확실히 말해！
ちょっとそこのベンチでゆっくり	좀 저기 벤치에서 느긋하게
って誰か座っているな。	랄까 누가 앉아 있네。
魔界からやって来た何かか？	마계에서 온 무언가인가？
俺達を殺しにやって来たのか？	우리를 죽이러 온 건가？
ち、近づかない方がいいよな。	가、가까이 안 가는 게 좋겠지。
きっと疲れているんだ。	분명 지쳐 있는 거야。
もう少しで切れるとこだったよ。	조금만 더 했으면 끊길 뻔했어。
だからね、はい。	그래서 말이야、자。
これは私からのおごりで。	이건 내가 사는 걸로。
さんにはこれぐらいしないと	씨에겐 이 정도는 안 하면
描いてあげるけど、どうする？	그려 줄 건데、어떻게 할래？
もちろんお金取るよ。	물론 돈은 받아。
思うぞ。	생각한다고。
けどな。	말이지만。
しれないよ。	모르잖아。
まったく、	정말이지、
ちっとも・・・・・。	조금도・・・・・。
不安だ。	불안하다。
さんが包丁を持つと、	씨가 칼을 들면、
こんなに不安なのだろう）	이렇게 불안한 걸까）
イタッ！	아얏！
わかった。今日はやめておく。	알았어。오늘은 그만둘게。
その時に君が望むなら。	그때 네가 원한다면。
まだ何もしてないから、お礼を	아직 아무것도 안 했으니 답례를
さんを超えた！	씨를 뛰어넘었다！
さんを倒して、この学校を	씨를 쓰러뜨리고、이 학교를
仕切るぜ	주름잡겠어
気は確かか	제정신이냐
この学校の全ては俺が頂く！	이 학교의 전부는 내가 갖겠다！
お前の天下はここで終わりだ！	네 천하는 여기서 끝이다！
さあ俺と	자 나와
とりあえず飲み終わったから、	일단 다 마셨으니까、
もう一杯くれ。	한 잔 더 줘。
もう終わりにするよ。	이제 끝낼게。
もしかして機嫌が悪い？	혹시 기분 나빠？
そんなことない。	그렇지 않아。
出てるというか・・・・・・。	나온다고 할까・・・・・・。
あんな	저런
さん、初めて見たもん。	씨、처음 봤는걸。
さんに何かしないと	씨한테 뭔가 하지 않으면
原因になるとしたら	원인이 된다면
さんでしょ。	씨겠지。
逝ってらっしゃーい	저승 가세요～
俺があんな事をしなければ、	내가 그런 짓을 안 했으면、
じゃん。	잖아。
だって理由もわかってない人に	왜냐면 이유도 모르는 사람한테
だから気にしないで。	그러니 신경 쓰지 마。
プレゼント	선물
じゃあ、ありがとう。	그럼、고마워。
何の事なんだろう？）	무슨 일인 걸까？）
さん、知ってますか？	씨、알고 계세요？
このように世の中が開けて生活が	이렇게 세상이 열리고 생활이
さんの為にいろいろな物を	씨를 위해 여러 가지를
このジュースの中から一つ選んで	이 주스 중에서 하나 골라서
ちなみに拒否権はありません。	참고로 거부권은 없습니다。
きっと何かが起こるから。	분명 뭔가 일어날 테니까。
い赤いジュース	い빨간 주스
だから、その道を変えるのは	그러니、그 길을 바꾸는 건
そうじゃないとダメなんだよ。	그렇지 않으면 안 되는 거야。
そしてそれは自分で・・・・・）	그리고 그건 스스로・・・・・）
さん。ずっと気になっている事が	씨。계속 신경 쓰이는 게
あるんだけど。	있는데。
さんは、何の仕事をしているの？	씨는、무슨 일을 하고 있어？
違うような気が・・・・・。	다른 느낌이・・・・・。
じゃないかと思って。	아닐까 해서。
例えば、み・・・・・	예를 들면、미・・・・・
知ったところで、	알아 봤자、
この話は保留にしておこう。	이 얘긴 보류해 두자。
かわいいのに・・・・・・。	귀여운데・・・・・・。
なんで俺の事	어째서 나를
ちょっと待て、	잠깐 기다려、
ですよ、おじいちゃん	이에요、할아버지
覚えてとけよ	기억해 둬라
じゃないか？	잖아？
とりあえず声をかけてみよう。	일단 말을 걸어 보자。
語尾がピエロになるのか？	어미가 피에로가 되는 거냐？
ちっとも怪しくないピエロ。	조금도 수상하지 않은 피에로。
は何もないので	는 아무것도 없으니
いったい何を	대체 뭘
あれはテント？	저건 텐트？
やっと復帰したね	드디어 복귀했네
ただでさえ口数が少ない	가뜩이나 말수가 적은
さんなのに、	씨인데、
やっと口を開いてくれたから。	드디어 입을 열어 줬으니까。
ずっと考えてた。	계속 생각했어。
これからどうすればいいか。	앞으로 어떻게 하면 좋을지。
君と一緒に行くのが	너와 함께 가는 게
いくら考えても、	아무리 생각해도、
何が正しいのかわからない。	뭐가 옳은지 모르겠어。
もう少しだけ	조금만 더
もう少しだけ。	조금만 더。
さんが決めるといい。	씨가 정하면 돼。
俺と一緒に行くのか、	나와 함께 갈 것인지、
それとも俺と離れるのか。	아니면 나와 헤어질 것인지。
きっと今の	분명 지금의
さんなら、離れる方を	씨라면、헤어지는 쪽을
どんな選択をしても、	어떤 선택을 해도、
前に進む方を選ぶと思うから	앞으로 나아가는 쪽을 고를 테니까
さんを信じるよ。	씨를 믿을게。
早くしないとバッテリーが	빨리 안 하면 배터리가
俺のPCに！	내 컴퓨터에！
このランプを見ろ！	이 램프를 봐！
このままじゃ落ちてしまうだろ！	이대로면 꺼져 버릴 거라고！
なんで口でウイーーンって	어째서 입으로 위이잉 하고
鼻に電池を入れたら直るかな？	코에 건전지를 넣으면 고쳐질까？
貴方は	당신은
セノウ	세노우
だったんですか？	였던 건가요？
さんにここでは会ってないけど。	씨를 여기서 만난 적은 없지만。
当然お客さんは見えてるさ。	당연히 손님은 보이지。
も居ないんですね。	도 없네요。
さんは今日はまだ来てないし、	씨는 오늘은 아직 안 왔고、
ちゃんは今日は休みなんだ。	짱은 오늘은 쉬는 날이야。
じゃあ、また来ます。	그럼、또 올게요。
君が言ってくれたように、	네가 말해 준 것처럼、
のかもしれない。	건지도 모른다。
貴方と一緒に・・・・・。	당신과 함께・・・・・。
お願い	부탁이야
君は俺が飛び立たせてあげる。	너는 내가 날아오르게 해 줄게。
ここでそうだと言うのが	여기서 그렇다고 말하는 게
そいつは男じゃない！	그 녀석은 남자가 아니다！
君は何をしてくれるのかな？	넌 뭘 해 줄 건데？
ご注文は何にいたしましょうか	주문은 무엇으로 하시겠어요
これはいつもと	이건 평소와
変わらないような。	다르지 않은 것 같은데。
じゃあ、いつもので。	그럼、늘 먹던 걸로。
ものだからな。	법이니까。
史上最強でも宇宙最強でも。	사상 최강이든 우주 최강이든。
せてやるからな。	줄 테니까。
の力で叶えただけじゃん。	의 힘으로 이룬 것뿐이잖아。
がかかるんだろうな。	이 걸릴까。
さんの素性調査をして、	씨의 신원 조사를 하고、
さん、やっぱり何か隠してるな。	씨、역시 뭔가 숨기고 있어。
途中で問題をすり替えたのが、	도중에 문제를 바꿔치기한 게、
さんらしくない。	씨답지 않다。
普段の	평소의
さんなら誤魔化さないはずだ。	씨라면 얼버무리지 않을 텐데。
いつからだ	언제부터지
と何か話してからか。	와 뭔가 얘기하고 나서인가。
に直接会えば、	를 직접 만나면、
何かわかるかもしれないな。	뭔가 알 수 있을지도 모르겠네。
さんに何かあったの？	씨한테 무슨 일 있었어？
とか言ってきたから。	라고 말해 왔으니까。
さんがよ。	씨가 말이야。
さんが包丁の使い方を教えてとか	씨가 칼 쓰는 법을 알려달라고
なんかあったと思うじゃない。	뭔가 있었다고 생각하잖아。
気持ちはわかるが、言い過ぎだ	마음은 알겠지만、말이 지나쳐
言い出してだな。	꺼내서 말이야。
さんが手料理！！	씨가 손수 요리！！
いるし。	있고。
い維織を止める	い이오리를 말린다
恥ずかしいから無視・・・・・	부끄러우니까 무시・・・・・
気付かない人達もいるんだから	눈치 못 챈 사람들도 있으니까
それで何の用だ？	그래서 무슨 볼일이지？
さんが見えたから	씨가 보여서
ああ、見えるね！	아아、보이네！
両手にビニール袋を下げてりゃ、	양손에 비닐봉지를 들고 있으면、
さん暇でしょ？	씨 한가하지？
荷物を持って欲しいんだけど。	짐을 들어 줬으면 하는데。
い手伝う	い돕는다
も、もちろん、その場合、	무、물론、그 경우엔、
だから私は持たない。	그래서 난 안 가져。
さんとの連絡を取りやすくする	씨와 연락을 쉽게 하려는
私が貴方の傍にずっといる。	내가 당신 곁에 계속 있을게。
それでいい？	그걸로 됐어？
さん、本読んでるとマイペースに	씨、책 읽으면 마이페이스가
なっちゃうから、結局俺が	돼 버리니까、결국 내가
さんの傍に	씨 곁에
いる事になるんだよな）	있게 되는 거란 말이지）
男をバカにする為？	남자를 바보로 만들려고？
貴方は私だけのご主人様だから	당신은 나만의 주인님이니까
ほ、本気で・・・・・。	지、진심으로・・・・・。
もしかして演技？	혹시 연기？
ケモノのね！	짐승 같은！
だまされた～！	속았다～！
こんな事を他の人にもしないのは	이런 걸 다른 사람에게 안 하는 건
信じないかもしれないけど。	안 믿을지도 모르겠지만。
さんが居なかったらね	씨가 없었다면 말이야
やっぱり何を企んでる	역시 뭘 꾸미고 있는 거야
しまうんだね。	버리는군요。
それに歳は関係	게다가 나이는 상관
私がいるよ。お	내가 있잖아。오
お前もそのうち歳を取るんだ。	너도 언젠간 나이를 먹는다。
だけだぞ。	뿐이라고。
そうなおじいちゃん。	그런 할아버지。
世の中はそんなに甘くないぞ。	세상은 그렇게 만만하지 않다고。
手伝ってくれないってこと？	안 도와준다는 거야？
ピクッ！	움찔！
さっさと買い物を終わらせよう	얼른 쇼핑을 끝내 버리자
さんに言わせると「善は急げ」	씨 말로는「쇠뿔도 단김에」
それじゃあ、ダメだろう！	그래서는 안 되잖아！
さんが怒ってしまうような	씨가 화낼 것 같은
ただのバカならいいけど、	그냥 바보라면 괜찮지만、
さん頭が良いからね～。	씨 머리가 좋으니까～。
すぐに	금방
さんが適当に謝ってるって	씨가 대충 사과하고 있다는 걸
お前！そこまでわかってて、	너！거기까지 알면서、
俺に言わそうとしてたのか！	나한테 말하게 하려던 거냐！
このままじゃあ	이대로면
さんの機嫌が	씨 기분이
さんが原因なんだから、	씨가 원인이니까、
だいたいな！店員なのに	애초에！점원인 주제에
は客の俺に	는 손님인 나한테
もらえますか？ご主人様	주시겠어요？주인님
うるさい。	시끄러워。
わからないから不安妄想の螺旋。	모르니까 불안 망상의 나선。
さんが何を考えているのかが	씨가 뭘 생각하고 있는지가
何か俺に不安を感じているなら、	뭔가 나한테 불안을 느낀다면、
君がいつこの街を出て行くのか	네가 언제 이 동네를 떠날지
その時に私はどうしてる？	그때 난 어떻게 하고 있을까？
い俺が決める事じゃない	い내가 정할 일이 아니다
仕方が無い。帰る・・・・・・	어쩔 수 없지。돌아가・・・・・・
さんの声？	씨 목소리？
店内か？	가게 안인가？
、お父様に伝えて。	、아버님께 전해 줘。
しばらくと言われましても、	당분간이라 하셔도、
ううん、あと半年でいい。	아니、앞으로 반년이면 돼。
それが私の仕事ですから。	그게 제 일이니까요。
さん・・・・・君はいったい？	씨・・・・・넌 대체？
今日はこれで５皿目ですよ。	오늘 이걸로 다섯 접시째예요。
さん、またタマゴサンドだよ。	씨、또 계란샌드위치야。
なんておかしいよ。	건 이상해。
さんには	씨한테는
さんなら本を読んでいると	씨라면 책을 읽고 있으면
あれぐらい食べそうだし。	저 정도 먹을 것 같고。
本を読んでる時のあの人は、	책 읽을 때의 그 사람은、
い止める	い말린다
だったら必要ないじゃないか。	그럼 필요 없잖아。
さんピアノできるの？	씨 피아노 칠 줄 알아？
さんを少しの間、	씨를 잠깐 동안、
任せた。	맡길게。
さんピアノ弾けたんだ。	씨 피아노 칠 수 있었구나。
君は私のピアノを聴きたい？	넌 내 피아노를 듣고 싶어？
い聴きたい	い듣고 싶다
行こうと思ってるんすよ！	가려고 생각 중이라구요！
体育会系でも文化系でも、	체육계든 문화계든、
熱い男達の汁コーヒーですね！	뜨거운 사나이들의 즙 커피군요！
それは黒になります！	그건 검정이 됩니다！
先輩、す、	선배、그、
みたいになってるし。	것처럼 되어 있고。
もう、そろそろやめたらどうだ？	이제、슬슬 그만두는 게 어때？
それとも自分が	아니면 자기가
さんを超えた	씨를 뛰어넘었다
という事ですか？	는 뜻인가요？
どっちでもいいけど・・・・・・	어느 쪽이든 좋지만・・・・・・
い舎弟をクビ	い부하를 자른다
さんの気持ちを尊重したいし	씨 마음을 존중하고 싶고
さんの好きなようにさせるよ。	씨 좋을 대로 하게 할게。
それにやる気モードの	게다가 의욕 모드인
でも、心配だ	그래도、걱정이야
さん、コーヒーでいいよね。	씨、커피로 괜찮지？
って包丁？	라니 칼？
凄いの？	대단한 거야？
手料理。	손수 만든 요리。
包丁の使い方も教わったし、	칼 쓰는 법도 배웠고、
ますます心配になってきたぞ）	점점 더 걱정되기 시작했다）
夢も希望も無く歩いてる年寄りに	꿈도 희망도 없이 걷는 노인에
それをあげるよ。	그걸 줄게。
じゃないと思うけどな。	아닐 거라고 보는데。
まあ、それを食べたからって、	뭐、그걸 먹었다고 해서、
さんに夢や希望に満ち溢れた未来	씨에게 꿈과 희망 넘치는 미래
でも、ありがたくもらっとくよ。	그래도、고맙게 받아 둘게。
優しい言葉を掛けてやろう。	상냥한 말을 걸어 주자。
笑顔にはいつも癒されてるぞ。	미소엔 언제나 치유받고 있다고。
がいるから俺はこの店に来てる	가 있으니까 난 이 가게에 오는
さんのコーヒー以外の物も	씨 커피 말고 다른 것도
君は私がすすめた本を	넌 내가 추천한 책을
読んでくれたから、	읽어 줬으니까、
今度は	이번엔
だけど・・・・・・。	하지만・・・・・・。
でも、なんかあったの？	그런데、무슨 일 있었어？
君に伝えていいか・・・・。	너한테 전해야 할지・・・・。
さんが選んだの？	씨가 고른 거야？
さんが選んだって事は、	씨가 골랐다는 건、
さすが	역시
この本は本当にわかりやすいぞ。	이 책은 정말 알기 쉽다고。
なんだか読んでるだけで、	왠지 읽는 것만으로도、
野球が上手くなった気がする。	야구가 늘어난 느낌이 든다。
さん。いい天気だから、	씨。날씨 좋으니까、
そのままに外に運ぶよ。	그대로 밖으로 옮길 거야。
さんは・・・・。	씨는・・・・。
よし！さすがに	좋아！아무리 그래도
さんでも、	씨라도、
何にもしないと思ったら、	아무것도 안 할 거라 생각했다면、
大間違いだからな）	큰 착각이니까）
まったく反応しなかったぞ。	전혀 반응하지 않았다고。
どれだけ本に集中	얼마나 책에 집중
いま読んでるページって、	지금 읽고 있는 페이지가、
帰りにもう一回・・・・・・。	돌아갈 때 한 번 더・・・・・・。
さんに恥ずかしいって感情は、	씨한테 부끄럽다는 감정은、
もしかして無いのかも）	혹시 없는 걸지도）
それでだな	그래서 말이야
だから俺はお前に態度で表そう	그래서 난 너한테 태도로 표현하려
だれが変質者だ！	누가 변태냐！
そして眼差しは疑い！	그리고 눈빛은 의심！
さんの事、	씨를、
信じてたのに・・・・。	믿었는데・・・・。
本当に冗談が通じないなあ～。	정말 농담이 안 통하네～。
時報に電話しただけなのに。	시보에 전화했을 뿐인데。
さんも筋トレやってみる？	씨도 근력 운동 해 볼래？
あのね	있잖아
毎日、隠れて	매일、숨어서
普通の人間には、無理だから！	평범한 인간에겐、무리라고！
たまに子供なんだから。	가끔 애 같으니까。
さん！信じるから！	씨！믿을 테니까！
さんの友達っていうと	씨 친구라고 하면
しか知らない	밖에 모르니
から、どんな人か興味があるよ。	서、어떤 사람인지 관심이 있어。
じゃなくて、どんな性格なのさ？	가 아니라、어떤 성격이냐고？
厳しい？	엄격해？
お節介。	참견쟁이。
几帳面。	꼼꼼해。
いったい今度は何の練習だ？	대체 이번엔 무슨 연습이지？
さんじゃないですか～。	씨잖아요～。
これを叫ぶとなんとなく気合が	이걸 외치면 왠지 기합이
入りそうでしょう～？	들어갈 것 같잖아요～？
まったく俺にはその気持ちが	전혀 나로선 그 기분이
の気持ちなんて	의 기분 따위
よかったら教えてくれないか。	괜찮으면 알려주지 않겠나。
ただボ～クが	그저 나～가
じゃなくなって	가 아니게 되어
しまっただけだよ～。	버렸을 뿐이야～。
じゃなくなった？	가 아니게 됐다？
その姿をどう見たら、	그 모습을 어떻게 보면、
じゃないと	가 아니라고
ボ～クは道化じゃなくなって	나～는 광대가 아니게 되어
しまったんだよ～。	버렸다고～。
なのに。	인데。
い頑張れ	い힘내라
って、今日もいるよ！！	랄까、오늘도 있어！！
あれは、よく見ると	저건、잘 보면
配っていそうな。	나눠줄 것 같은。
手品か？	마술인가？
自分の手元へ落としている。	자기 손으로 떨어뜨리고 있다。
をチームに入れれば、	를 팀에 넣으면、
逃げやがった、あの	도망쳤다、저
って誕生日なの	가 생일이야
俺、何も用意してないよ！！	나、아무것도 준비 안 했어！！
なら知っていたのかな・・・・	라면 알고 있었으려나・・・・
さんの誕生日）	씨 생일）
感謝しろ、ご主人様	감사하시죠、주인님
今日は私に感謝する日だよ。	오늘은 내게 감사하는 날이야。
しないといけない日だよ。	해야만 하는 날이야。
すまん！	미안하다！
というわけで、いつもの。	그런 이유로、늘 먹던 걸로。
だよな。	말이지。
い行動で示す	い행동으로 보인다
しているようにも見える。	하고 있는 것처럼도 보인다。
なら、このまま放っておいた方が	그럼、이대로 내버려 두는 편이
普段から無口とはいえ、	평소에 과묵하다곤 해도、
機嫌が悪い	기분이 나쁜
さんの近くは、	씨 근처는、
なんとなく居心地が悪いから。	왠지 마음이 불편하니까。
さんもこっちに	씨도 이쪽에
案外、私達に・・・・・・	의외로、우리에게・・・・・・
准ちゃん・・・・・・・。	준짱・・・・・・・。
本当だ！	진짜다！
しまったんですね。	버리셨네요。
お替わりをお注ぎしましょうか	리필을 따라 드릴까요
ですから	이니까요
ささ、グイッと	자자、쭉
何がこの店に起きてるんだ？）	뭐가 이 가게에 일어나는 거야？）
ましたわ。	버렸네요。
新しいのをお注ぎしますね	새것을 따라 드릴게요
このコーヒー誰が淹れたんだ？	이 커피 누가 탄 거야？
ご主人様って	주인님이란
こんな物を客に出すな！！	이런 걸 손님한테 내지 마！！
が言ってたな。	가 말했었지。
確かに寝息が聞こえるだけで、	확실히 숨소리만 들릴 뿐、
気のせいか・・・・・・。	기분 탓인가・・・・・・。
てるからな。	있으니까。
今日ぐらいは上に立たせて	오늘 정도는 위에 서게 해
もらおう）	달라고 하자）
。気にしなくてもいいぞ。	。신경 쓰지 않아도 돼。
これはただの願いだ。	이건 그냥 소원이야。
叶わなくても仕方が無いさ。	이뤄지지 않아도 어쩔 수 없지。
今まで通り、ここで・・・・・	지금까지처럼、여기서・・・・・
さんと、これまで以上に	씨와、지금까지 이상으로
仲良くなりたいな	친해지고 싶어
さんと仲良くなりたい	씨와 친해지고 싶다
って短冊に書いたんだ。	고 소원지에 썼어。
うそだろ。	거짓말이지。
願いはきっと叶うよね	소원은 분명 이뤄질 거야
いや、それは	아니、그건
逃げた。	도망쳤다。
あげてもいいよ織姫さん	줘도 괜찮아 직녀님
本を買いに行ったついでに。	책 사러 간 김에。
それで何を買ってきたの？	그래서 뭘 사 온 거야？
って、なに？その紙袋の山は？	랄까、뭐야？그 종이봉투 산은？
それを六種類。	그걸 여섯 종류。
そんなの一日で食えないよ！	그런 거 하루에 못 먹어！
そっちも買ってきた。	그것도 사 왔어。
さっきから何を嫌がっているのか	아까부터 뭘 싫어하는 건지
さん・・・・・もしかして、	씨・・・・・혹시、
していたの。	하고 있었어。
さんの食生活を	씨 식생활을
早く食べないと無くなるよ。	빨리 안 먹으면 없어져。
止まる事を知らない暴走特急	멈출 줄 모르는 폭주특급
号と呼んで	호라고 불러
私だって立ち止まる事もあるし、	나도 멈춰 설 때도 있고、
さんは私がそんな状態に	씨는 내가 그런 상태가
それだけ？	그것뿐？
でも、お前にはそれで十分だろ？	그래도、너한텐 그걸로 충분하지？
さすがに下手に歳をとってないね	역시 어설피 나이를 먹진 않았네
いるから、頑張ろうかな。	있으니까、힘내 볼까。
なんて言ったか忘れちゃった	뭐라고 했는지 잊어버렸어
頑張れ。	힘내라。
じゃあ、４万円になります。	그럼、４만 엔입니다。
キャッチする姿も、	캐치하는 모습도、
なかなかサマになってたよ。	꽤 그럴듯했어。
俺がキャッチしなかったら、どう	내가 캐치 안 했으면 어떻게
するつもりだったんだ？	할 생각이었던 거냐？
というかアレってなんだ？	랄까 저건 뭔데？
いそうなんだ	い그런 거야
全てにめんどくさそうで、	모든 게 귀찮아 보이고、
全てから目を	모든 것에서 눈을
背けようとしてる感じがした。	돌리려 하는 느낌이 들었어。
さんが貴方を気にする理由	씨가 당신을 신경 쓰는 이유
がわかる気がしたよ。	를 알 것 같았어。
さんに、そんな印象受けたんだ。	씨에게、그런 인상을 받았구나。
さんを自由にしてあげられる	씨를 자유롭게 해 줄 수 있을
かもね。	지도 몰라。
面白い人がこの街に来たなって	재밌는 사람이 이 동네에 왔다고
しかし、お嬢様。	하지만、아가씨。
聞こえる）	들린다）
ここは聞いておこう）	여기선 들어 두자）
本来ならば	본래대로라면
ご自由にできるお時間は、	자유로이 지내실 시간은、
しかし、ご卒業から二年経っても	하지만、졸업 후 이 년이 지나도
。お父様に伝えて。	。아버님께 전해 줘。
今の会話もよくわからないな。	지금 대화도 잘 모르겠네。
なんで俺にその事を	어째서 나한테 그 일을
言わないんだ？）	말하지 않는 거지？）
さん。昼食はなに食べる？	씨。점심은 뭐 먹을래？
唐辛子パフェ	고추 파르페
ガラナでも？	과라나라도？
もう一回言ってくれないか？	한 번 더 말해 주지 않겠나？
オオツチグモ科に属するクモ達。	짐승빛거미과에 속하는 거미들。
世界中の温帯、もしくは熱帯域に	세계의 온대、혹은 열대역에
広く分布していて、小さいのから	널리 분포하고 있고、작은 것부터
聞いてるだけで、	듣고만 있어도、
泣きそうになってくるから。	울 것 같아지니까。
あと他には焼きカブト・・・・・	그밖에 구운 투구벌레・・・・・
とりあえず注文してくるよ。	일단 주문하고 올게。
そりゃ、どんな物でも	그야、어떤 거라도
食べれるようになるよ）	먹을 수 있게 되겠지）
他に何かご用はありますか	다른 볼일은 있으신가요
らバタバタするよな。	면 정신없어지지。
ちょっとは落ち着いたかな。	조금은 진정됐으려나。
が作ったのか？	가 만든 거냐？
そうだよ！	그래！
そんな特殊能力を持ってる	그런 특수 능력을 갖고 있다
なんて。	니 말이야。
さんがこの店に来なかった	씨가 이 가게에 안 왔
ら少しは楽になるんだけどね。	으면 조금은 편해지는데 말이야。
さんのお金じゃないん	씨 돈이 아니라
だってば・・・・。	니까・・・・。
いや、違う！こんな時間に会いに	아니、틀려！이런 시간에 만나러
さんは居なかった。	씨는 없었다。
くっそ～。どこに	젠장～。어디에
これは手紙？	이건 편지？
さんからだ！	씨한테서다！
貴方がこの部屋にいる限り、	당신이 이 방에 있는 한、
この部屋はずっと貴方の物です。	이 방은 계속 당신 것입니다。
いつか、どこかで貴方ともう一度	언젠가、어딘가에서 당신과 다시
さんが居ないこの部屋で、	씨가 없는 이 방에서、
お菓子とか食べないんだね。	과자 같은 건 안 먹는구나。
になる。	가 돼。
になるから。	가 되니까。
それにどこで聞いてたんだよ。	게다가 어디서 듣고 있었던 거야。
で、虫歯って何だよ？	그래서、충치가 뭔데？
さんは虫歯になるのが	씨는 충치 생기는 게
いや、でも、	아니、근데、
さんはちゃんと歯を	씨는 제대로 이를
だって。	래。
さんは友達がいない。	씨는 친구가 없어。
いないんじゃないかな。	없지 않을까。
さんは俺を連れて行くんだよ。	씨는 나를 데려가는 거야。
さんの甘えっぷりなら、	씨의 어리광 부리는 걸 보면、
どこにでも	어디에든
相変わらず表情は薄いけど。	여전히 표정은 옅지만。
だから少し引っ掛かるんだよ。	그래서 조금 걸리는 거야。
さんだって大人なんだし、	씨도 어른이고、
心配性だね	걱정이 많네
そんなんじゃ、将来ハゲるよ。	그러다간、장래에 대머리 돼。
の言う通り、	가 말한 대로、
ここに来てまで本を読むんだね。	여기까지 와서도 책을 읽는구나。
いいんじゃ・・・・・・。	괜찮지 않・・・・・・。
だから、その質問はおかしいよ。	그러니까、그 질문은 이상해。
俺はあそこに住んでるんだよ。	난 저기에 살고 있는 거야。
だけどなあ。	데 말이야。
これまでもそうだったし。	지금까지도 그랬고。
こうやって河原で、	이렇게 강가에서、
相変わらず	여전히
さんは本を読んでるけど。	씨는 책을 읽고 있지만。
って、その怪しい本はなに？	랄까、그 수상한 책은 뭐야？
こんな事で催眠術がかかるなら、	이런 걸로 최면술이 걸린다면、
世界中のあちらこちらで寝てる	세계 여기저기서 자고 있을
俺が動けな	내가 못 움직이
限るな！	이 최고지！
見ての通り、	보시다시피、
僕は界この喫茶店の神になる！	난 이 찻집의 신이 된다！
この世界に住んでいる君には	이 세계에 사는 너한테는
これを見てくれたまえ。	이걸 봐 주게。
凄いリアルな人がパソコンの中で	엄청 리얼한 사람이 컴퓨터 안에서
パソコンでできる範囲なら、	컴퓨터로 가능한 범위라면、
もパソコンとかプログラムとか	도 컴퓨터니 프로그램이니
んだな。	구나。
これはまだ未完成だが、	이건 아직 미완성이지만、
近日中にはできあがると思う。	조만간 완성될 거라고 봐。
その時が楽しみだ。	그때가 기대돼。
その時にはよろしく。	그때는 잘 부탁하네。
だから今日は私を妹	그러니 오늘은 날 여동생
だと思って可愛がってね	이라 생각하고 예뻐해 줘
早くこっちに来てお兄ちゃん	빨리 이쪽으로 와 오빠
お口を開けてアーン	입 벌리고 아앙
お兄ちゃんは私が守るから！	오빠는 내가 지킬 테니까！
だからアーンして	그러니 아앙 해
兄妹だからね	남매니까
変わっちゃやだよ	변하면 싫어
は歳いくつなんだ？	는 나이가 몇이야？
じゃない？	아니야？
レディーとかじゃなくて？	레이디 같은 게 아니라？
が日本にはあるの。	가 일본에는 있어。
そんなのナイ。	그런 거 없어。
してるよな？	하고 있잖아？
ように設定されてるから。	도록 설정돼 있으니까。
だからそんなのナイから。	그러니까 그런 거 없다니까。
を貯めておくんだ～。	을 모아 두는 거야～。
が自動的に設定されてるんだよ。	이 자동으로 설정돼 있는 거야。
やってしまったが、	저질러 버렸지만、
あの時はすまな・・・・・・	그때는 미안하・・・・・・
鼻の穴に・・・・・・	콧구멍에・・・・・・
もっともらしく言ってるが、	그럴듯하게 말하고 있지만、
まったく意味がわからない！	전혀 의미를 모르겠다！
れっきとした人間だよ。	엄연한 인간이야。
それで、何の用だ？	그래서、무슨 볼일이지？
何か僕にできる事は無いかな？	뭔가 내가 할 수 있는 일 없을까？
君に募金されるプログラムを	너에게 모금되는 프로그램을
それでは、また会おう！	그럼、또 만나자！
さん、昼食の準備できたよ。	씨、점심 준비 됐어。
そうやって本ばかり読んでると	그렇게 책만 읽고 있으면
仕方無い。先に食べておこう。	어쩔 수 없지。먼저 먹어 두자。
さん。どうしたの？	씨。무슨 일이야？
寝起きの人間に凄い我がまま	잠에서 깬 사람한테 엄청난 응석
というわけで、	그런 이유로、
さんらしいと言えば、	씨답다고 하면、
らしいんだけど。	씨답긴 한데。
他の買い物客が怖がるだろう。	다른 쇼핑객이 무서워하잖아。
むしろ客寄せになってるから、	오히려 손님 끌기가 되고 있으니까、
出歩いて恥ずかしくないのか？	돌아다녀도 부끄럽지 않은 거냐？
アイツってだ・・・・・	저 녀석이라니 누・・・・・
やっぱり今日も元気に	역시 오늘도 건강하게
ダメしてるんだね～。	글러먹었네～。
お前こそ何をしているんだよ？	너야말로 뭘 하고 있는 거야？
しているんだな。	하고 있구나。
を見なかったか？	를 못 봤나？
は見てないよ。	는 못 봤어。
この街に来るまでってこと？	이 동네에 오기 전까지 말이야？
この街に来たみたいに、	이 동네에 온 것처럼、
生活はほとんど今と同じような	생활은 거의 지금과 같은
この街よりももっと田舎の町にも	이 동네보다 더 시골 마을에도
うらやましい。	부러워。
さんがうらやましいと思う程、	씨가 부러워할 만큼、
見て感じた事を。	보고 느낀 것을。
貴方だけが知っている世界を。	당신만이 알고 있는 세계를。
できない事だから。	할 수 없는 일이니까。
そうだね。じゃあ	그렇네。그럼
不思議な	신기한
達の物語を。	들의 이야기를。
太っちゃうかもね	살찔지도 몰라
あそこの雰囲気だけ、	저기 분위기만、
さんの落ち着きは異常だな。	씨의 침착함은 비정상이군。
どうみても	아무리 봐도
さんよりも	씨보다도
だから年上の俺が年下の	그래서 연상인 내가 연하인
感じるからね～。	느껴지니까～。
さんの読んでいる本が、	씨가 읽고 있는 책이、
さっきと違うのは気のせいか？	아까와 다른 건 기분 탓인가？
さっきまで	아까까지
さんが読んでた本が	씨가 읽던 책이
何かなんて見てないもの。	뭔지 보지도 않았는걸。
さんは鞄を持ち歩かない。	씨는 가방을 들고 다니지 않아。
そしてこの店に入ってきた時、	그리고 이 가게에 들어왔을 때、
さん知らないの？	씨 모르는 거야？
なんでお前が持っているんだ？	어째서 네가 갖고 있는 거야？
本屋に行った帰りには	서점에 갔다 오는 길엔
いても一緒」	어도 마찬가지」
とか言って、	라고 하면서、
だから、もう諦めちゃったよ。	그래서、이제 포기해 버렸어。
さんを憎めないのが	씨를 미워할 수 없는 게
この顔のどこを見て驚くのさ～。	이 얼굴 어디를 보고 놀라냐～。
そんな事より、どうしたんだ？	그것보다、무슨 일이야？
でも結論を言う前に聞きたい事が	그래도 결론 전에 묻고 싶은 게
あるんだ～。	있어～。
皆は喜んでくれるのかな～？	다들 기뻐해 줄까～？
の動きを見て	의 움직임을 보고
いきなりボ～ルを投げるなんて	갑자기 공～을 던지다니
な～にするんだよ～。	뭐～하는 거야～。
ボ～ク入らせてもらうよ～。	나～ 들어갈게～。
こんなボ～クでも、もう一度	이런 나～라도、다시 한 번
がチームに加入しました）	가 팀에 가입했습니다）
来てくれても、私は嬉しくないん	와 줘도、난 기쁘지 않으
仕事だし・・・・・。	일이고・・・・・。
お礼はぐらいは言うだろう。	답례 정도는 하잖아。
そりゃそうだけど。	그야 그렇지만。
もう、いいわよ！	이제、됐어！
そんなわけ無いでしょ！	그럴 리 없잖아！
でしょ！	잖아！
そんな事、関係無いじゃない。	그런 거、상관없잖아。
さんが、ツンデレがいいって	씨가、츤데레가 좋다고
どこに行っても本を	어디를 가도 책을
読んでるよね	읽고 있네
めんどくさくなったみたいだ！	귀찮아진 모양이다！
さんって、よくわからないな。	씨는、잘 모르겠네。
あの喫茶店にほぼ毎日来てるし。	그 찻집엔 거의 매일 오고。
めんどくさがりやなのか、	귀찮음쟁이인지、
行動的なのか微妙だな。	행동적인지 미묘하네。
思わない程度には頑張ってる。	생각 안 들 정도로는 노력해。
泣いても、	울어도、
笑っても、	웃어도、
怒っても、	화내도、
泣いたからって、	운다고 해서、
笑ったからって、	웃는다고 해서、
怒ったからって、	화낸다고 해서、
誰かが傷つくわけじゃない。	누군가가 상처받는 건 아니다。
その道を進む事に誰もが喜んだ。	그 길을 가는 걸 모두가 기뻐했다。
その道から外れようとすると	그 길에서 벗어나려 하면
い諦めたのか？	い포기한 건가？
マジで？	진짜로？
さん、大好きだよ	씨、정말 좋아해
なにが入ってるんだ？）	뭐가 들어 있는 거야？）
これ何が入ってるんだ？	이거 뭐가 들어 있는 거야？
まさか縛ったり吊るしたり！	설마 묶거나 매달거나！
それは犯罪だぞ	그건 범죄라고
どうやら	아무래도
さんは縛って吊るされる	씨는 묶여서 매달리는
のが好きみたいだね。	걸 좋아하나 보네。
やってあげてもいいよ	해 줘도 괜찮아
は服が作れるんだったな。	는 옷을 만들 줄 알았지。
時間ができたらいろいろと	시간이 생기면 이것저것
と、時間ができた時に買い物に	면、시간 생겼을 때 쇼핑에
そのメイド服みたいに。	그 메이드복처럼。
たまにかな。	가끔 정도려나。
それ系のイベントに出たり、	그런 계열 이벤트에 나가거나、
フリマで売ったりしてるよ。	플리마켓에서 팔거나 하고 있어。
それはどんな・・・・・・	그건 어떤・・・・・・
さん、それレジの隣に置いて	씨、그거 계산대 옆에 놔
食べたい物はない・・・・・・	먹고 싶은 건 없어・・・・・・
さん、料理作れたの？	씨、요리 할 줄 알았어？
一緒に住んでるけど、	같이 살고 있지만、
私も一回も作った事が	나도 한 번도 만든 적이
料理を。	요리를。
薄々感じていたけど、	어렴풋이 느끼고 있었지만、
どうしていきなり料理をするとか	어째서 갑자기 요리를 한다느니
君に手料理を食べさせたい。	직접 만든 요리를 먹여 주고 싶어。
これが理由	이게 이유
無理しない方が・・・・・。	무리하지 않는 게・・・・・。
すぐに作れるようになるから	금방 만들 수 있게 될 테니까
さんの事だから、すぐに作れる	씨니까、금방 만들 수 있게
ようにはなると思うけど、	될 거라고 보지만、
だからなあ～。	이니까 말이야～。
し、心配だ・・・・・）	그、걱정이야・・・・・）
君に後で行くと言ったし、	군에게 나중에 간다고 했고、
俺も夏祭りに	나도 여름 축제에
さん、いつからそこに？	씨、언제부터 거기에？
それが	그게
いや、男と男の約束だからね。	아니、남자와 남자의 약속이니까。
貴方はやっぱり自由なんだね。	당신은 역시 자유롭구나。
簡単に切り離す事ができる。	간단히 끊어낼 수 있어。
首輪をはめられ、鎖に繋がれ、	목줄이 채워지고、사슬에 묶여、
できないのか？	할 수 없는 건가？
勢い良く飛び立っても、	힘차게 날아올라도、
もがき苦しむ権利さえも無い。	발버둥칠 권리조차 없다。
さんが言っている事を	씨가 말하는 것을
それを認めると、	그걸 인정하면、
進むも留まるのも、	나아가는 것도 머무는 것도、
結局は自分の意志なんだよ。	결국은 자기 의지인 거야。
だけど俺は何が起こっても前に	하지만 난 뭐가 일어나도 앞으로
どんな結果になろうともね。	어떤 결과가 되더라도 말이야。
ちゃんと見てる。	제대로 보고 있어。
カップが飛んだ瞬間の顔を	컵이 날아간 순간의 얼굴을
お前、ちょっと説教してやる！	너、잠깐 설교 좀 해 주마！
ええい！パンがなければケーキを	에잇！빵이 없으면 케이크를
いつも通り	여느 때처럼
が謀反を起こしよった！	가 모반을 일으켰다！
さん。そろそろ帰るよ。	씨。슬슬 돌아갈게。
さんの声だけは	씨 목소리만은
周りであれだけ騒いでも、	주위에서 그렇게 떠들어도、
さんの中では、	씨 안에서는、
さんとその他の雑音ってみたいな	씨와 그 외의 잡음 같은
さん。いま読んでる本って、	씨。지금 읽는 책 말인데、
さんは突然、	씨는 갑자기、
思いついた話はしないからね。	떠오른 얘기는 안 하니까。
前々から聞こうと思っていたか、	전부터 물으려 했었거나、
そんな貴方に	그런 당신에게
そんな顔をしないでくれ。	그런 얼굴 하지 말아 줘。
もちろん俺は動物が好きだよ。	물론 난 동물을 좋아해。
かわいい	귀여워
猫とか犬よりもコビトカバの方が	고양이나 개보다 애기하마 쪽이
これ以上、何も言わないけどね。	더 이상、아무 말 안 하겠지만。
がいる。	가 있어。
じゃあ、８万円になります。	그럼、８만 엔입니다。
胃袋リミットブレイク！	위장 리미트 브레이크！
さんが来たら・・・・・	씨가 오면・・・・・
しっかり止めてよ	제대로 말려 줘
に包丁の使い方を教えてもらった	에게 칼 쓰는 법을 배웠다는
やっぱり・・・・・・	역시・・・・・・
嬉しいんだけど、やっぱりそれで	기쁘긴 한데、역시 그걸로
だから、できるなら・・・・・	그러니、가능하면・・・・・
ごめん・・・・・・・。	미안・・・・・・・。
それにお前だって・・・・・。	게다가 너도・・・・・。
きっと怪我してたと思うし、	분명 다쳤을 거라 생각하고、
さんの事だから	씨 일이니까
しばらくゆっくりしていったら？	잠시 느긋하게 쉬다 가는 건 어때？
そうするしかないよな。	그럴 수밖에 없겠네。
じゃあ、いつもの席に持って	그럼、늘 앉는 자리로 가져다
あ、あとコーヒーもお願い。	아、그리고 커피도 부탁해。
ハムエッグ５０・・・・・。	햄에그 ５０・・・・・。
できないんだけど。	할 수 없는데。
そう思ったから。	그렇게 생각했으니까。
これが理由。	이게 이유。
このままじゃ、なに聞いても、	이대로면、뭘 물어도、
同じ事を言われそうだな）	같은 말을 들을 것 같네）
できる事なら何でもするから。	할 수 있는 일이면 뭐든 할게。
忙しい時間に・・・・。	바쁜 시간에・・・・。
この間というか、ほぼ毎日バイト	저번이랄까、거의 매일 알바
していますけど。	하고 있는데요。
この間、	저번에、
さんと？	씨랑？
じゃあ、見ての通りデートです。	그럼、보시다시피 데이트예요。
さんを餌付けしているから	씨한테 먹이를 주고 있다고
さんの物じゃないでしょう？	씨 것이 아니잖아요？
さんとデートして	씨와 데이트해
いても、別に	도、딱히
さんには関係ない	씨와는 상관없는
だから珍しく怒ってたんですか？	그래서 드물게 화났던 건가요？
さんが怒る理由は無いはず	씨가 화낼 이유는 없을 텐데
さんはまだ	씨는 아직
さんの物でも、	씨 것도、
誰の物でも無いんですから。	누구 것도 아니니까요。
したらどうですか？	하는 게 어때요？
そうじゃないと私が	안 그러면 내가
もらっちゃいますよ	가져가 버릴 거예요
それじゃあ、また店で。	그럼、가게에서 또 봐요。
なんなんだ？いったい・・・・。	뭐야？대체・・・・。
それにこの鼻は自鼻だよ！	게다가 이 코는 진짜 코라고！
オイオイソンナワケナイダロ！	이봐이봐그럴리가없잖아！
ハハハ！	하하하！
と、取れない！	아、안 떨어져！
しかも、微妙に生暖かい！	게다가、미묘하게 미지근해！
の奴がいない。	의 녀석이 없다。
それともお腹減っているの？	아니면 배가 고픈 거야？
なんか食べさせてあげようか？	뭔가 먹여 줄까？
帽子にみかんをくっ付けた、	모자에 귤을 붙인、
ってなに？	가 뭐야？
さんの背中を見つけて声を	씨 등을 발견하고 말을
かけたからね～。	걸었으니까～。
もしかしたら。	어쩌면。
さんの向こうに	씨 너머에
は逃げている？	는 도망치고 있다？
じゃあ、すぐ行こう！	그럼、당장 가자！
腕を絡ませながら引っ張るな！	팔짱 끼면서 끌어당기지 마！
なつめ	나츠메
じゅん	준
ヨロシクね	잘 부탁해
ご主人さまっ	주인니임
何かを食べるお金は無いから。	뭔가 먹을 돈이 없으니까。
がお金を受け取ってたから	가 돈을 받았으니까
が、一年間はコーヒーを無料	가、일 년간은 커피를 무료
いじゃないの？	되지 않을까？
今日は彼女は来てるのかな？	오늘은 그녀 와 있으려나？
いつも、あの窓際の席に座ってる	늘、저 창가 자리에 앉아 있
けど、今日は来てないみたい。	는데、오늘은 안 온 것 같아。
今日は来ないんじゃないかな。	오늘은 안 오지 않을까。
ああ。これを見てくれたまえ。	그래。이걸 봐 주게。
画面の中に線だけで表示された	화면 속에 선으로만 표시된
その前に長方形の	그 앞에 직사각형
これはストライクゾーン？	이건 스트라이크 존？
これをよく見たまえ。	이걸 잘 보게。
このコースに、この球速で、	이 코스로、이 구속으로、
ボールが飛んでくるとバッターは	공이 날아오면 타자는
しょせん機械だろ？	어차피 기계잖아？
信じれない・・・・・・	못 믿겠어・・・・・・
なら、僕がこのプログラムを	그럼、내가 이 프로그램을
僕を貴様のチームに入れろ！	날 네놈 팀에 넣어라！
でんし	전시
えんざん	염참
だけど、	하지만、
僕のプログラムの素晴らしさを	내 프로그램의 훌륭함을
このリアルワールドにも、	이 리얼월드에도、
えっと	그러니까
名前を	이름을
って言ってたっけ？	라고 했던가？
これって本名か？	이거 본명인가？
しかし、この動かない	그런데、이 움직이지 않는
が仲間になりました）	가 동료가 되었습니다）
さん。何をしているの？	씨。뭘 하고 있어？
海外へ。	해외로。
最高の食材、	최고의 식재료、
おいしいカレーはできない。	맛있는 카레는 만들 수 없어。
さんが作った物なら、すぐにでも	씨가 만든 거라면、당장이라도
高級食材とか高級香辛料とかは、	고급 식재료나 고급 향신료는、
でも買い物は行くだろ？	그래도 쇼핑은 가잖아？
元に戻すのが	원래대로 되돌리는 게
さんも言ってやってよ！	씨도 좀 말해 줘！
さんにメイド服を着れって。	씨한테 메이드복 입으라고。
それはマコトでござるかっ！	그것은 진실이오이까！
まあ、そんな事は置いといて。	뭐、그런 건 접어 두고。
せっかく私が作ったのに	모처럼 내가 만들었는데
それは着ないとダメです。	그건 입지 않으면 안 돼요。
だけなの？	뿐인 거야？
あのモードの	저 모드인
さんに何を言っても	씨한테 뭘 말해도
無駄だ。	소용없다。
ダメモード発動中の	글러먹은 모드 발동 중인
二人っきりなら	둘만 있다면
するんだが・・・・・。	하는데・・・・・。
もう食べない。	이제 안 먹어。
は、はあ・・・・・・。	하、하아・・・・・・。
これは貴方が食べて。	이건 당신이 먹어。
これぐらいなら、お安いご用さ。	이 정도라면、식은 죽 먹기지。
あと、コレと。	그리고、이것도。
気が利くな	센스 있네
だったら中に入ったついでに	그럼 안에 들어간 김에
わかるんですよ	아는 거예요
さん。いま何て言いました？	씨。방금 뭐라고 했어요？
急いで・・・・・。	서둘러・・・・・。
一段と機嫌が悪くなったのは	한층 기분이 나빠진 건
じゃないだろ。	아닐 거야。
さん、今日は何の日でしょう？	씨、오늘은 무슨 날일까요？
さすがにそれは覚えてたぞ。	그 정도는 기억하고 있었다고。
それとも何か欲しいのか？	아니면 뭔가 갖고 싶은 거냐？
目当てで来てる客なんて	목적으로 오는 손님이야
誕生日言ってないんだから。	생일 말 안 했으니까。
さんと私は親密な関係じゃん。	씨와 난 친밀한 관계잖아。
そういう関係じゃないのか？	그런 관계 아닌 거냐？
何かくださいな。ご主人様	뭔가 주세요。주인님
メイドの鑑のような	메이드의 귀감 같은
最高のプレゼントをやろう。	최고의 선물을 주마。
で、何をくれるの？	그래서、뭘 주는 거야？
メイドさんじゃないのかな？	메이드 아닌가？
メイドだと宣言してる以上、	메이드라고 선언한 이상、
雰囲気が・・・・・	분위기가・・・・・
どこかクラッシュしたのか？	어딘가 크래시라도 났나？
それで何が完成したんだよ？	그래서 뭐가 완성된 거야？
すでに数回クリアしている。	이미 몇 번 클리어했다。
とお前の恋愛ゲームか。	와 네 연애 게임인가。
それで、お前が作ったゲームでは	그래서、네가 만든 게임에선
の出会いはこの店だろう。	와의 만남은 이 가게겠지。
からいいじゃないか。	니까 괜찮잖아。
ゲームって感じがするよな。	게임 같은 느낌이 들지。
。いい加減に気付けよ。	。이제 그만 좀 깨달아라。
現実での恋愛はゲームのように	현실의 연애는 게임처럼
きっと上手く行くはずだ！	분명 잘 될 거다！
そこまで言うなら	그렇게까지 말한다면
俺はここでコーヒーを飲みながら	난 여기서 커피 마시면서
何を言っても無駄なようだから、	뭘 말해도 소용없는 것 같으니、
ボ～ク、戻る事に決めたよ～。	나～、돌아가기로 정했어～。
もらいたいと思って	싶다고 생각해서
になったんだ。	가 된 거야。
だからボ～クは逃げないよ。	그러니 나～는 도망 안 가。
逃げずに	도망치지 않고
チームは	팀은
がいなくなると	가 없어지면
ボ～クはしばらく、この街にいる	나～는 당분간 이 동네에 있을
は人を喜ばす為にいるんだよ～。	는 남을 기쁘게 하려고 있어～。
ボ～クはこの街からやり直す事を	나～는 이 동네서 다시 시작하기로
じゃあ、その時までよろしくな。	그럼、그때까지 잘 부탁한다。
が好きになった	가 좋아하게 된
女の子ってどんな子なんだ？	여자애는 어떤 애인 거냐？
たんだ～。	줬거든～。
なっちゃったんだけどね～。	돼 버렸지만 말이야～。
もちろんさ～。	물론이지～。
それに何か黒いんだよね～。	게다가 뭔가 검다니까～。
あれが	저게
のボ～クにはたまらないと	인 나～에겐 참을 수 없다고
いうか～。	할까～。
意味がわからないが、	의미는 모르겠지만、
は顔だけ	는 얼굴만
って事だな。	이란 거군。
の動きが華麗になりました）	의 움직임이 화려해졌습니다）
さんの誕生日だろ？	씨 생일이잖아？
ちょっとある人から聞いてね。	어떤 사람한테서 좀 들었어。
さんからもらうんじゃなくて、	씨한테 받는 게 아니라、
俺が渡す方じゃ・・・・・	내가 주는 쪽이・・・・・
私の顔色をうかがって、	내 눈치를 살피며、
本当の表情を見せてくれたのは	진짜 표정을 보여 준 건
ちゃんや仲の良い友達だけ。	짱이랑 친한 친구뿐。
でも貴方は毎日、	하지만 당신은 매일、
だから今日は特別な日じゃない。	그러니 오늘은 특별한 날이 아니야。
でも、やっぱり何か渡すよ。	그래도、역시 뭔가 줄게。
高価な物じゃないけれど	비싼 건 아니지만
というかタダなんだけど。	랄까 공짜지만。
四葉のクローバーの枝折。	네잎클로버 책갈피。
さんがくれた物に比べたら	씨가 준 것에 비하면
うれしい。	기뻐。
こもってる。	담겨 있어。
がフロアに居るんですね。	가 홀에 계시는군요。
君は買い物に行っていてね。	군은 장 보러 가 있어서。
その間だけだよ。	그 동안만이야。
さんと一緒に	씨와 같이
さんの為に	씨를 위해
さんの好みですか。	씨 취향인가요。
まてよ？	잠깐？
さんの好み？	씨 취향？
もご実家の差し金ですか？	도 본가의 사주인가요？
だけど君も知っているように、	하지만 자네도 알다시피、
彼女は明るく奔放で、	그녀는 밝고 분방하며、
はっきりと思った事を口にでき、	생각한 걸 분명히 말할 수 있고、
だけど心優しい女の子だ。	하지만 마음 착한 여자애다。
あの気難しい	그 까다로운
家のお嬢様以外にあれ程、	가 아가씨 말고 그렇게、
まさか	설마
の事を！	를！
君がこの店を辞めるまでは、	군이 이 가게를 그만둘 때까지는、
ここで店を続けて欲しいと。	여기서 가게를 계속해 달라고。
さんが、そんな事を・・・・・。	씨가、그런 일을・・・・・。
喫茶店の	찻집의
として過ごすよ。	로서 지낼게。
その時にはまたコーヒーを	그때는 또 커피를
さすがにメイドが驚いていたら、	메이드가 놀라 있으면 아무래도、
そんな事より、あれを見てよ。	그것보다、저것 좀 봐。
あんな所にあんなのあったか？	저런 데 저런 게 있었나？
さっき突然、運ばれて来たんだよ	아까 갑자기、실려 왔거든
あのピアノ。	저 피아노。
さんが運ばせたの？	씨가 옮기게 한 거야？
君が私のピアノを聴きたいって	네가 내 피아노를 듣고 싶다고
ちゃんがピアノを練習したいって	짱이 피아노를 연습하고 싶다고
さんにとっては	씨에게는
さんに聴かせたいって理由だけで	씨에게 들려주고 싶다는 이유만으로
さんに任せる。	씨에게 맡길게。
に素敵なピアノを聴かせてもらい	에게 멋진 피아노 연주를 감상
それははじけ過ぎだろ！	그건 너무 튀잖아！
それになぜに関西弁！	게다가 왜 사투리！
お前のペースで話してたら、	네 페이스로 얘기하다간、
それもあるかなって感じかな。	그것도 있으려나 하는 느낌이려나。
を自分の手で売りたいって感じ。	을 내 손으로 팔고 싶은 느낌。
って事なんだけどね。	란 거지만 말이야。
かなと思ったんだ～。	려나 생각했어～。
いいのかも知れないけど、	좋을지도 모르지만、
ここは衣類関連	여긴 의류 관련
に勉強してるの。	을 공부하고 있어。
学校では衣服の勉強をして、	학교에선 옷 공부를 하고、
行ってるんだ？	다니는 거야？
だって私、経営学部だもん。	왜냐면 나、경영학부인걸。
し、しっかりし過ぎだ。	너、너무 야무지잖아。
お前の後ろに光が見えるよ。	네 뒤에 빛이 보인다고。
さんが真っ暗だからだね。	씨가 캄캄해서 그런 거네。
だって最初から何でも	도 처음부터 뭐든
できるわけじゃないからね～。	할 수 있는 건 아니니까～。
なんかやめてしまえばいい。	따위 그만둬 버리면 되잖아。
なら、戻ればいいじゃないか。	그럼、돌아가면 되잖아。
あの高台から見ていたのは、	그 언덕에서 보고 있던 건、
が居たサーカス団のテント	가 있던 서커스단 텐트
は皆を笑わせないと	는 모두를 웃기지 않으면
なのにボ～クはもう大勢の人を	그런데 나～는 이제 많은 사람을
うう～ん。	으으～응。
大勢の人を笑わせたい、	많은 사람을 웃기고 싶다、
としてダメなんだよ～。	로서 글러먹은 거야～。
だから、ボ～クは・・・・・。	그러니、나～는・・・・・。
大勢の人に喜ばれるのが	많은 사람에게 기쁨을 주는 게
をしてもいいじゃないか！	를 해도 되잖아！
その人の為だけに道化になっても	그 사람만을 위해 광대가 되어도
自分が笑わせたいと思った人間を	자기가 웃기고 싶다 생각한 사람을
笑わせる事ができるなら、きっと	웃길 수 있다면、분명
が心から笑わせたいと	가 진심으로 웃기고 싶다고
逃げている事が一番、	도망치고 있는 게 제일、
らしくないん	답지 않은
バカみたいにいろいろな壁に	바보처럼 여러 벽에
戻れよ、	돌아가라、
戻って	돌아가서
を演じてこいよ。	를 연기하고 와라。
だけど、ここからは	하지만、여기서부터는
の問題だ。	의 문제다。
もうない。	이제 없다。
君と肩を並べて飛びたいから。	너와 나란히 날고 싶으니까。
君と一緒に行く事は、	너와 함께 가는 건、
いま私を覆っている全ての鎖を	지금 나를 덮은 모든 사슬을
私はいろいろなものから、	난 여러 가지에서、
きっと解放されると思う。	분명 해방될 거라고 봐。
貴方は私という鎖を	당신은 나라는 사슬을
どれだけ大きくても、	아무리 크더라도、
どれだけ頑丈でも、	아무리 튼튼해도、
それが重みになっても、	그게 무게가 되어도、
それじゃあ、今と変わらない。	그래서는、지금과 다를 게 없어。
不自由な空の下で、	부자유한 하늘 아래서、
カゴ中に居るなら、その外へ。	새장 안에 있다면、그 밖으로。
優しいマットはもういらない。	부드러운 매트는 이제 필요 없어。
地に落ちるなら、再び空へ。	땅에 떨어진다면、다시 하늘로。
いつか貴方の元に行くから。	언젠가 당신 곁으로 갈 테니까。
笑えるようにしておくんだよ	웃을 수 있게 해 둬야 해
ううん、しばらく会えないから。	아니、당분간 못 만나니까。
この聖なる夜を	이 성스러운 밤을
忘れられない日にして欲しい。	잊을 수 없는 날로 만들어 줘。
さんにもらった枝折と	씨한테 받은 책갈피와
おいで	이리 와
（ダキッ）	（꼬옥）
俺は自分で未来を作ったよ。	난 스스로 미래를 만들었어。
さんが何の鎖に捕らわれてるかは	씨가 무슨 사슬에 묶여 있는지는
でも、こうやって人は過去の鎖を	하지만、이렇게 사람은 과거 사슬을
さんも・・・・・	씨도・・・・・
さんの？	씨의？
でも私はまだ・・・・・・。	하지만 난 아직・・・・・・。
だから、私を連れ出して欲しい。	그러니、날 데리고 나가 줬으면 해。
この閉じた世界から貴方の手で。	이 닫힌 세계에서 당신 손으로。
できるかどうかはわからない。	할 수 있을지는 모르겠어。
そばに居るよ。	곁에 있을게。
に対して、	에 대해서、
テンチューだろ！	텐추잖아！
聞きたかったら、	듣고 싶으면、
お前が恋をした女の子って	네가 사랑에 빠진 여자애가
だったのか！	였던 거냐！
黒いオーラが出てるというのは	검은 오라가 나온다는 건
がやって来た時、	가 왔을 때、
あの子がこんな所に居るなんて、	그 애가 이런 데 있다니、
は俺の知り合いだ。	는 내 아는 사람이다。
なんか恐れ多いと言うか～、	뭔가 황송하달까～、
なんか上手だと言うか～。	뭔가 잘한달까～。
の何倍も上手だからな	의 몇 배는 잘하니까
それを感じているのか？）	그걸 느끼고 있는 건가？）
を演じてくると。	를 연기하고 오겠다고。
あの子の前で頑張って	그 애 앞에서 열심히
になるんだろうけど）	가 되겠지만）
ってなんだ？	가 뭐지？
が襲っている？	가 덮치고 있다？
だったんだあああ！）	였던 거야아아！）
ご主人様とメイドの恋なんて、	주인님과 메이드의 사랑이라니、
君が僕の事が好きかどうかだ！	네가 날 좋아하는지 아닌지다！
私はご主人様が・・・・・・・。	전 주인님을・・・・・・・。
さんの気持ちはわかりました。	씨 마음은 알았습니다。
僕はこれまで以上に頑張って、	난 지금까지 이상으로 노력해서、
さっそく家に帰って、	당장 집에 돌아가서、
電脳世界での王である僕が、	전뇌세계의 왕인 내가、
すぐにこちらの王に	곧 이쪽의 왕에
貴女の心から聞こえる声を。	당신 마음에서 들리는 소리를。
と叫んでいますね。	라고 외치고 있군요。
は貴女の為に世界を	는 당신을 위해 세계를
き、気にするな。	시、신경 쓰지 마。
が、ここまで取り乱すなんて	가、이렇게까지 흐트러지다니
やるな電脳世界の王）	제법인데 전뇌세계의 왕）
って名前もなにーーー！	라는 이름도 뭐냐고오오！
がこの世界の神になる為に	가 이 세계의 신이 되기 위해
パワーアップしました）	파워업했습니다）
何か食べるものは	뭔가 먹을 것은
いや、背に腹は変えられぬ。	아니、등이 배를 대신할 순 없지。
お帰りくださいませ！ご主人様	돌아가 주십시오！주인님
本当に店に対して失礼だね。	정말 가게한테 실례네。
じゃあ、お礼を言ってくる。	그럼、답례를 하고 올게。
それと・・・・・・。	그리고・・・・・・。
にしてあげる。	로 해 줄게。
くださいませ。ご主人様	주십시오。주인님
でも、何か口にした方が	그래도、뭔가 입에 대는 게
このサンドを	이 샌드를
さんの口に・・・・。	씨 입에・・・・。
さん、ダメな大人まっしぐらには	씨、글러먹은 어른 직행인 건
間違いないんだが、	틀림없지만、
小動物みたいで	작은 동물 같아서
もの凄くカワイイ。	엄청나게 귀엽다。
さっきは	아까는
さんに無理やり、	씨한테 억지로、
というか、一度	랄까、한 번
さんの口に自分で	씨 입에 직접
そんなのハマるわけ・・・・・・	그런 게 빠질 리가・・・・・・
手紙はあったけど、	편지는 있었지만、
ああ、そう言う意味じゃなくて。	아、그런 의미가 아니라。
さんが居ない、	씨가 없는、
あの部屋に居ても意味ないだろ。	그 방에 있어도 의미 없잖아。
さん本人はどうするの？	씨 본인은 어떻게 할 건데？
どこに行ったかもわからないし、	어디로 갔는지도 모르고、
もう、放っておけば。	이제、내버려 두면 되잖아。
何かモヤっとしたのが	뭔가 답답한 게
もういいじゃん	이제 됐잖아
逃げた	도망친
さんなんて。	씨 따위。
さんと違って逃げないよ。	씨와 달리 도망 안 가。
泣いて、笑って、怒って、	울고、웃고、화내고、
さんを悲しませるような	씨를 슬프게 할 만한
我がままなんて言わないよ。	그런 응석은 부리지 않아。
だから・・・・・・	그러니까・・・・・・
。お前、何を言って・・・・	。너、뭘 말하는・・・・
さんにこんな事を言ったら、	씨한테 이런 말을 하면、
さんが居なくなった事で	씨가 없어진 일로
疲れている心にこれ以上、	지친 마음에 더 이상、
いつか突然停止してしまうぞ。	언젠가 갑자기 정지해 버린다고。
そこの川に流してあげるよ。	저기 강에 흘려보내 줄게。
本当にコイツは・・・・・・	정말 이놈은・・・・・・
全部ね・・・・・。	전부 다・・・・・。
いよいよ、	드디어、
の前で	의 앞에서
にアタックするわけだな。	에게 대시하는 거군。
知り合いになってから、	아는 사이가 된 다음에、
ボ～クの妙技で彼女をメロメロに	나～의 묘기로 그녀를 뿅 가게
するんだよ～。	만들 거야～。
まあ、応援するから頑張れ。	뭐、응원할 테니 힘내라。
さあ、あの子は・・・・・・。	자、그 애는・・・・・・。
さんって・・・・・・	씨는・・・・・・
通りの	대로의
いつも見に行ってた	늘 보러 갔던
サーカスの	서커스단의
さんだよね？	씨 맞지？
姿形でお前が	모습만 봐도 네가
だってわかるわ。	인 줄 알아。
私もね。	나도 말이야。
さんのこと大好きだよ	씨 정말 좋아해
ほんと～に～！	정말～로～！
でもね、私、	그래도、나、
私は用心してそれ以上、	난 조심해서 그 이상、
ボ～クどうすればいいかなあ～。	나～ 어떻게 하면 좋을까～。
だから、そこに来て。	그러니、거기로 와。
そこで仲良くなりましょう。	거기서 친해집시다。
好意を逆手に取って常連客を	호의를 역이용해서 단골을
の見事な	의 훌륭한
っぷりが、	다움이、
とりあえず俺も気をつけよう）	일단 나도 조심하자）
ちょっとお腹が空いた	조금 배가 고프네
もしかしてカレー？	혹시 카레？
だろうなと思って、	거라 생각해서、
君が寝てから	네가 잠든 뒤에
さんの言うとおり、	씨 말대로、
ちょうどお腹が空いてるよ。	마침 배가 고파。
自信が無いけど	자신은 없지만
食べて。	먹어 줘。
ううん	으응
食べてくれる？	먹어 줄래？
さんを信じて、手料理を	씨를 믿고、손수 만든 요리를
いろいろな事が初めてとは、	여러 가지가 처음이라고는、
ほめて。	칭찬해 줘。
天才肌なのは知ってたけど、	천재형인 건 알고 있었지만、
今度はアレを作ろうと思う。	이번엔 저걸 만들어 볼까 해。
そんな事を言いながら	그런 말을 하면서
君は・・・・・本当に心配性。	넌・・・・・정말 걱정이 많아。
大丈夫・・・・・	괜찮아・・・・・
君の為なら、	널 위해서라면、
何でもできる。	뭐든 할 수 있어。
仕方がないなあ・・・・・・。	어쩔 수 없네・・・・・・。
さんなら数カ月後に本当に作って	씨라면 몇 달 뒤엔 정말로 만들어
しまいそうで怖いなあ。	버릴 것 같아 무섭네。
しかも昔の宮廷料理とか	게다가 옛 궁정 요리라든가
さんの、	씨의、
大丈夫かな）	괜찮으려나）
僕が喫茶店にお茶を飲み来ては	내가 찻집에 차 마시러 오면
ここが一番良いのだよ！	여기가 제일 좋은 거야！
奴らのレベルが２５なら、	그놈들 레벨이 ２５라면、
きっとお前のレベルは５もない。	분명 네 레벨은 ５도 안 돼。
この店の最高級の武器を出せ！	이 가게 최고급 무기를 내놔라！
で、そんなデーターを入力して、	그래서、그런 데이터를 입력해서、
をだよ！	를 말이야！
サブタイトルは	부제는
シミュレーションって事は	시뮬레이션이란 건
しかしな、	하지만 말이야、
ゲームはしょせんゲームだろ？	게임은 어차피 게임이잖아？
僕が作ったこのゲームの中で	내가 만든 이 게임 속에서
彼女を僕の物にできれば、	그녀를 내 것으로 만들 수 있으면、
これが成功したあかつきには、	이게 성공한 새벽엔、
そういう年頃なんだろ。	그럴 나이인 거겠지。
それよりも	그것보다
俺はメンドクサイから、	난 귀찮으니까、
何を企んでやがる暗黒メイド！	뭘 꾸미는 거냐 암흑 메이드！
そんな事より	그런 것보다
ねえ、ダーリン	저기、달링
ダーリンって紅茶の種類の事か？	달링이 홍차 종류 말이냐？
がいいよ。	가 좋아。
てるの。	있거든。
なんとかお前に合わせよう。	어떻게든 너한테 맞춰 주지。
つかなくて	안 잡혀서
ほら見て。間違ってハムサンドに	봐 봐。실수로 햄샌드위치에
マスタードを大量にいれちゃった	머스터드를 잔뜩 넣어 버렸어
でもダーリンは私の作った物なら	그래도 달링은 내가 만든 거라면
なんでも食べてくれるよね	뭐든 먹어 주지？
いや、これはパンがマスタードに	아니、이건 빵이 머스터드에
黄色く変色・・・・。	노랗게 변색・・・・。
本気か？	진심이냐？
それでも男（ポソッ）？	그러고도 남자（소곤）？
さすがダーリン	역시 달링
なんて	니 말이야
私って幸せ者だね	난 참 행복한 사람이네
ちゃんに彼氏がいたなんて	짱한테 남자친구가 있었다니
もう帰る！	이제 갈래！
さん。固まってるけど、だいじょ	씨。굳었는데、괜찮으
倒れちゃった。	쓰러져 버렸다。
やっぱりアレは	역시 저건
さんでも	씨라도
無理だったか。	무리였나。
本当は知ってるクセに～。	사실은 알면서～。
あるでしょ。	있잖아。
もしかして本当に知らないの？	혹시 정말 모르는 거야？
いや、だから、	아니、그러니까、
さんの誕生日。	씨 생일。
誕生日だってええええ！！	생일이라고오오오！！
さんなら、あり得る話かな。	씨라면、있을 법한 얘기려나。
たぶん前に聞いた時は、	아마 전에 들었을 땐、
さすがに借りたお金で、	아무리 그래도 빌린 돈으로、
さんのプレゼントを買うことは	씨 선물을 사는 건
できないからな。	못 하니까。
さんは、そんな誰が作ったのか	씨는、그런 누가 만들었는지
さんの気持ちが	씨 마음이
こもった物の方が喜ぶと思うよ。	담긴 게 더 기뻐할 거라고 봐。
がそう言うんだから、	가 그렇게 말하니까、
たぶん俺以上にお前は	아마 나 이상으로 넌
さんの事が	씨를
わかってんだろうし、	알고 있을 테고、
信じなくても良いアイデアが	안 믿어도 좋은 아이디어가
浮かばないから同じだよ。	안 떠오르니까 마찬가지야。
嘘をついて	거짓말을 해서
さんが怒ったら、	씨가 화내면、
すぐバレちゃった	금방 들켜 버렸네
あははははははは。	아하하하하하하。
メリットは	이득은
ああ、もういいや。	아아、이제 됐다。
さんが実家に帰るなんてね。	씨가 본가에 돌아가다니 말이야。
って、お前、	랄까、너、
さんの実家が	씨 본가가
グローバルシステムでしょ？	글로벌시스템이잖아？
さんって有名なんだよ。	씨는 유명하다고。
の名前が出てくる出てくる。	의 이름이 계속 나와。
ずぐに	금방
さんが誰かなんてわかるよ。	씨가 누군지 정도는 알아。
そういう目で	그런 눈으로
さんを見るでしょ。	씨를 보게 되잖아。
何にも変わらなかったぞ。	아무것도 달라지지 않았다고。
無いじゃない。	없잖아。
さんは自分の意志で帰ったの？	씨는 자기 의지로 돌아간 거야？
それとも帰らされたの？	아니면 돌아가게 된 거야？
さんは自分の意志で帰ったんだ。	씨는 자기 의지로 돌아갔어。
じゃあ、抜け駆けはなしかな。	그럼、새치기는 없기로 할까。
本人が居ないのに、	본인이 없는데、
知らぬは本人だけだから。	모르는 건 본인뿐이니까。
とりあえず	일단
さんが自分で戻ったのなら	씨가 스스로 돌아간 거라면
そしてありがとね。	그리고 고마워。
私の友達を助けてくれて。	내 친구를 도와줘서。
お前にそんな事を言われると。	너한테 그런 말을 들으면。
さあ！私も頑張ろうっと！	자！나도 힘내야지！
さんに負けないようにな。	씨한테 지지 않도록 말이야。
というか俺の方が年上なんだから	랄까 내가 연상이니까
電脳世界では僕の方が年上だ。	전뇌세계에선 내가 연상이다。
だから君とは平等なのだよ。	그러니 자네와는 평등한 것이다。
もういいや。	이제 됐다。
で、なんだ？	그래서、뭐냐？
腰下ろしてやりたいんだ。	앉아서 해 보고 싶거든。
いつもなら「なんだ	평소라면「뭐야
さんか」	씨인가」
とか言いそうなのに。	라고 할 것 같은데。
そういえばご主人様方って	그러고 보니 주인님들은
がいるから営業モードなんだな）	가 있으니까 영업 모드구나）
少々お待ち下さい。ご主人様	잠시만 기다려 주세요。주인님
彼女と知り合い	그녀와 아는 사이
が行った直後に君に逆戻りかよ。	가 간 직후에 자네로 되돌아가냐。
に惚れたのか！	에게 반한 거냐！
あの言葉使い！	그 말투！
あの雰囲気！	그 분위기！
まるでメイドさんじゃないか！	완전히 메이드잖아！
させるにはさらに上の・・・・・	만들려면 한층 더 위의・・・・・
ごゆっくりなさってください	느긋하게 계세요
でも、まあ、本人が喜んでいるし	그래도、뭐、본인이 좋아하고 있고
いっか。	됐나。
さすがだね	역시네
部下の何気ない行動から、	부하의 무심한 행동에서、
何を考えてるかを予想するのは	뭘 생각하는지 예상하는 건
誰に聞いたの？	누구한테 들었어？
が言ったのね・・・・・・。	가 말했구나・・・・・・。
本当にあの人は私に甘い。	정말 그 사람은 나한테 무르다。
さんに感じていた疑問を	씨에게 느끼던 의문을
さんの金銭面も、	씨 금전 문제도、
あの喫茶店の	그 찻집의
にお嬢様と	에게 아가씨라고
呼ばれていた事も、	불리던 것도、
さんの過去も。	씨의 과거도。
それが君を縛る鎖になっていると	그게 널 묶는 사슬이 되어 있다고
思ったからだ。	생각했으니까。
君を縛っている物の正体を	널 묶고 있는 것의 정체를
さんの口から俺に。	씨 입으로 나에게。
物心がついた時には、	철이 들었을 땐、
すでにガラス張りの	이미 유리로 된
グループ次期社長」。	그룹 차기 사장」。
誰一人、	누구 하나、
私が成長する度に、その想いは、	내가 성장할수록 그 마음은、
どんどん太く、そして強くなって	점점 굵어지고、그리고 강해져서
わけじゃない。	건 아니야。
誰もが貴方のように、	누구나 당신처럼、
貴方の翼と私の翼が違うように、	당신 날개와 내 날개가 다르듯이、
私はもう、	난 이제、
だから・・・・・・・	그러니까・・・・・・・
私に残された時間の間、	내게 남은 시간 동안、
毎日、キスして、	매일、키스해 주고、
わかったよ	알았어
君の言う通り、	네 말대로、
君を幸せにすると約束するよ。	널 행복하게 하겠다고 약속할게。
だけど・・・・・・・	하지만・・・・・・・
さんとこうも約束したから、	씨와 이렇게도 약속했으니까、
それを忘れないでくれ。	그걸 잊지 말아 줘。
君が望むなら、	네가 원한다면、
と思ってるのか？	고 생각하는 거냐？
さん来てないけど。	씨 안 왔는데。
さん、まだ来てないのか。	씨、아직 안 온 건가。
眠れなかったんじゃないの？	못 잔 거 아니야？
しばらく待っとくよ。	잠시 기다릴게。
というわけで、いつもので。	그러니까、늘 먹던 걸로。
しては違う色をしているな。	치고는 다른 색을 하고 있네。
それに全体的に綺麗だし。	게다가 전체적으로 깨끗하고。
日が浅いのか？	얼마 안 됐나？
まだ一年ぐらいじゃないかな。	아직 일 년 정도 아닐까。
さんも、ここに通い始めたのは	씨도、여기 다니기 시작한 건
一度だけ話してくれたの。	한 번만 얘기해 줬어。
このメイド喫茶の雰囲気がか？	이 메이드 찻집 분위기가？
なんかピンポイントで、	뭔가 핀포인트로、
さんの趣味にヒットしたみたい。	씨 취미에 명중한 모양이야。
ちゃん、いつもの。	짱、늘 먹던 걸로。
（確かにこの喫茶の雰囲気に	（확실히 이 찻집 분위기에
似合ってるな。	잘 어울리네。
なんとなくだけど、	왠지 모르게、
ないような感じがする）	않을 느낌이 든다）
一人居るけどな）	한 명 있지만 말이야）
こちらの席にどうぞ～。	이쪽 자리로 앉으세요～。
いつもなら、俺が一人であの席に	평소라면、내가 혼자 저 자리로
そこには何もないんだけど、	거기엔 아무것도 없는데、
そして何で俺の質問に答えない？	그리고 왜 내 질문에 답 안 해？
しまうぐらい、バッチリ見たぞ。	버릴 만큼、제대로 봤다고。
はおかしくないか？	는 이상하지 않냐？
悪い物でも食べたのかな。	상한 거라도 먹은 걸까。
もう少しでコーヒーをかぶるとこ	조금만 더 했으면 커피를 뒤집어쓸
だった。	했다。
だ、大丈夫でしたか？	괘、괜찮으셨어요？
いま何につまづい	방금 뭐에 걸려 넘어진
たんだ？	거냐？
拭こうとしているんだ？	닦으려 하는 거냐？
事はできないんですう～。	일은 못 하는 거예요～。
お前、わざとやってないか？	너、일부러 하는 거 아니냐？
さんがドジっ娘がいいっ	씨가 덜렁이 소녀가 좋다
て言ったんじゃない。	고 했잖아。
大変な事になるだろうが！	큰일 나잖아！
おけばいいのよ。	두면 되는 거야。
さん、本人が言うのなら・・・。	씨、본인이 말한다면・・・。
がやると気持ち悪いんだよ。	가 하면 징그럽다고。
コーヒーをこぼしちゃいました～	커피를 쏟아 버렸어요～
何か食べる物でも	뭔가 먹을 거라도
黒板に何か書いてあるぞ。	칠판에 뭔가 쓰여 있다。
腹の中に入るだけマシだな。	배에 들어가는 것만도 낫지。
こちらの席にお座りくださ～い。	이쪽 자리에 앉으세～요。
ってまだ無料なのかな？	가 아직 무료인 걸까？
では他には？	그럼 다른 건요？
（見てる！見てるよ！！	（보고 있어！보고 있다고！！
きっと・・・・・・）	분명・・・・・・）
く、食い逃げはダメだよな。	머、먹튀는 안 되겠지。
じゃあ、素直に謝るか。	그럼、솔직하게 사과할까。
そ、それが一番だな。	그、그게 제일이지。
ちゃん。会計お願い。	짱。계산 부탁해。
払うわ。	낼게。
男らしく謝るぞ！）	남자답게 사과한다！）
なんなら・・・・）	뭣하면・・・・）
もう帰っていいよ。	이제 가도 돼。
さんに。	씨에게。
ってさっきの人？	라니 아까 그 사람？
とりあえず今度、会ったらお礼を	일단 다음에 만나면 답례를
じゃ、じゃあ。	그、그럼。
しかし、あの女の人は誰なんだ？	그런데、그 여자는 누구지？
なんで俺なんかに・・・・・・。	어째서 나 따위한테・・・・・・。
あれ？おかしいな。	어라？이상하네。
ここらへんにテントを張っていた	이 근처에 텐트를 쳐 뒀을
はずなんだが。	텐데 말이지。
綺麗すっきり	깔끔하게 싹
燃えてるじゃないかっ！！	불타고 있잖아！！
人の家キャンプファイヤー？	남의 집 캠프파이어？
もしかして、これやったの	혹시、이거 한 거
なんでいつも通り冷静なの？	어째서 여느 때처럼 냉정한 거야？
自分しかできないんだって。	자기밖에 못 한다는 걸。
今日の貴方を見てわかった。	오늘 당신을 보고 알았어。
どんな人間だって、	어떤 인간이든、
前に進む事はできるんだって。	앞으로 나아갈 수 있다는 걸。
意味を間違えないように。	의미를 착각하지 않도록。
自分自身の羽で無限の空を自由に	제 날개로 무한한 하늘을 자유로이
「勇気」という名の羽を。	「용기」라는 이름의 날개를。
ここまでする必要があったの？	여기까지 할 필요가 있었어？
さんの家に住むように	씨 집에 살도록
いつも通ってもらってるが、	늘 다녀 주고 있지만、
こうやって面を合わせて話すのは	이렇게 얼굴 맞대고 얘기하는 건
いつもフロアには	늘 홀에는
がいますから。	가 있으니까요。
さんは一緒じゃないのかな？	씨는 같이 아닌 건가？
こんなおっさんしかいないが、	이런 아저씨밖에 없지만、
コーヒーでも飲んで行くかい？	커피라도 마시고 갈 텐가？
でも、その前に・・・・・	그런데、그 전에・・・・・
貴方達はいったい何者ですか？	당신들은 대체 정체가 뭡니까？
貴方と	당신과
何を隠しているんですか？	뭘 숨기고 있는 겁니까？
お嬢様は君に	아가씨는 자네에게
何も話していないのかな？	아무 말도 안 한 건가？
さんは自分の事を	씨는 자기 얘기를
本当に何も・・・・・・・。	정말 아무것도・・・・・・・。
のだよ。	것이라네。
ここ十数年でIT企業として、	최근 십수 년간 아이티 기업으로서、
急速に成長した会社がある。	급속히 성장한 회사가 있다。
グローバルシステム」。	글로벌시스템」。
お嬢様は	아가씨는
その会社の社長令嬢だ。	그 회사의 사장 영애다。
お嬢様は・・・・・	아가씨는・・・・・
その会社の次期社長なのだよ。	그 회사의 차기 사장이라네。
何を言っているんですか？	무슨 말을 하는 겁니까？
そんな冗談・・・・・・・	그런 농담・・・・・・・
お嬢様は君の前では	아가씨는 자네 앞에서는
お嬢様のお目付け役として、	아가씨의 감독역으로서、
グローバルシステム」	글로벌시스템」
の資質を持っていらしゃる。	의 자질을 갖고 계시다。
何かの感情が欠落したと	무언가의 감정이 결여됐다고
人である事を否定するような事が	사람임을 부정하는 듯한 일이
いいわけないじゃないか！	좋을 리가 없잖아！
それは君達の世界の話だ。	그건 자네들 세계의 얘기다。
私達の住む、いや、	우리가 사는、아니、
お嬢様の住む世界	아가씨가 사는 세계
では、それは重宝されるのだよ。	에선、그건 귀하게 여겨진다네。
どうする	어떡하겠나
お嬢様の社長就任は	아가씨의 사장 취임은
本当は今年の８月だったのだ。	사실은 올해 ８월이었다네。
これまで自分の社長就任に対し、	지금까지 자기 사장 취임에 대해、
何も言わなかった	아무 말도 없던
お嬢様ご本人が	아가씨 본인이
君には・・・・・・。	자네한텐・・・・・・。
飲みにきてくれよ	마시러 와 주게
さん！まだ行くな！	씨！아직 가지 마！
私はもう戻らないといけない。	난 이제 돌아가야만 해。
さんの本当の気持ちなのか？	씨의 진짜 마음인 거야？
それは俺と今まで過ごした	그건 나와 지금까지 지낸
気持ちなのか？	마음인 거야？
貴女が望むなら私はその時間、	당신이 원하신다면 저는 그 시간、
それに旦那様との約束の時間は	게다가 주인님과의 약속 시간은
さんの家は俺と君が数か月間、	씨 집은 나와 네가 몇 달간、
できなかった。	할 수 없었어。
でも誰も聞いてくれない。	하지만 아무도 들어주지 않아。
できなかったなんて口にするな！	할 수 없었다니 입에 담지 마！
私は翼を広げようと頑張った！	난 날개를 펴려고 노력했어！
羽一つも動かせなかった！	깃털 하나 움직일 수 없었어！
鎖を引きちぎる事だけじゃない！	사슬을 끊는 것만이 아니야！
それを引きずりながらでも、	그걸 질질 끌면서라도、
人は進む事ができるんだ！	사람은 나아갈 수 있는 거야！
空を飛べなくたって	하늘을 못 날더라도
俺達は地を歩いていける。	우린 땅을 걸어갈 수 있어。
さんの翼はまだ大きくなるよ。	씨 날개는 아직 더 커질 수 있어。
その鎖を引きちぎらなくても、	그 사슬을 끊지 않아도、
できるんだ！	할 수 있어！
君が望むなら、俺がこの世界から	네가 원한다면、내가 이 세계에서
だけど君が望むなら、	하지만 네가 원한다면、
選ぶのは	고르는 건
さんの本当の声を	씨의 진짜 목소리를
もどりたくない。	돌아가고 싶지 않아。
あの場所になんて	그런 곳에는
を手放したくなんてないよ。	을 놓고 싶지 않아。
助けて。	도와줘。
ホント、	정말이지、
さんは弱音を弱音として	씨는 약한 소리를 약한 소리로
さんは表情を	씨는 표정을
コロコロと変えた方がいいよ。	자주 바꾸는 게 좋아。
さんはきっと笑顔も似合うと	씨는 분명 미소도 어울릴 거라고
さんの羽は	씨 날개는
全てを担いで飛ぶ事ができる、	모두를 짊어지고 날 수 있는、
（そして・・・・・）	（그리고・・・・・）
しばらく休みなんだよな。	당분간 쉬는 거지。
う公園	う공원
さてと・・・	그럼・・・
いレストランに行く	い레스토랑에 간다
あ！もしかし	아！혹시
今から、食事するわけでもない	지금부터 식사할 것도 아니
のの繁華街	のの번화가
はは映画館	はは영화관
ひひスポーツ観戦	ひひ스포츠 관전
むむに	むむ에
レストランで食事をしよう！	레스토랑에서 식사를 하자！
また行こうぜ。	또 가자。
またか？	또야？
なんか持ってきてやるよ。	뭔가 가져다 줄게。
い楽しいです	い즐겁습니다
さんも、野球します？	씨도、야구 하실래요？
みだよな・・・	쉬는 날이지・・・
今、薬持ってきてやるよ。	지금 약 가져다 줄게。
い帰る	い돌아간다
こんな所に用はないし	이런 데 볼일도 없고
用はないし・・・	볼일도 없고・・・
いに行こうかな）	い에 갈까）
しいに行こうかな）	しい에 갈까）
さんなら、	씨라면、
しばらく休むみたいですよ？	당분간 쉬는 것 같아요？
お父さんが	아버지가
亡くなったらしいですから。	돌아가셨다고 하니까요。
にも心配かけたな。	에게도 걱정 끼쳤군。
もう大丈夫だ。	이제 괜찮다。
ただ、仕事が忙しかったんで	그냥、일이 바빠서
早く帰ってきて欲しいなとは	빨리 돌아와 줬으면 했다고는
思ってました。	생각했었어요。
が、またレストランで働き	가、다시 레스토랑에서 일하기
はじめました）	시작했습니다）
何か縁があるのでしょうな。	뭔가 인연이 있는 거겠지요。
ワタシは・・・	저는・・・
さんですよね。	씨 맞으시죠。
これは、お近づきの印ですぞ。	이건、친해지자는 표시요。
急用じゃあ	급한 일이면
しかたないですね。	어쩔 수 없네요。
これを食べるといいですぞ。	이걸 드시면 좋소。
さんが決めてくれよ。	씨가 정해 줘。
さんは、お父さんの	씨는、아버지의
お仕事を	일을
ご一緒させていただきました。	함께 하게 해 주셨습니다。
さんが持っていると	씨가 갖고 있다고
違ったのかもしれませんね。	아니었을지도 모르겠군요。
・・・そうだ、違うんだ。	・・・맞아、아니야。
相談・・・誰にしたら・・・	상담・・・누구한테 해야・・・
にお嬢様の話を	에게 아가씨 얘기를
聞かされました）	들었습니다）
様には、そう伝えてくれ	님께는、그렇게 전해 줘
味方につく事に決めましたぞ。	편에 서기로 정했습니다。
大事な野球友達ですからな。	소중한 야구 친구니까요。
だ、だれ・・・？	누、누구・・・？
それは・・・・・・・・・	그건・・・・・・・・・
さんなら、もういないですよ。	씨라면、이제 없어요。
なんか、突然だったみたい	뭔가、갑작스러웠던 모양
に聞かされて驚きましたよ。	에게 듣고 놀랐어요。
しばらく、この町を	당분간、이 마을을
キレイに物がなくなっていた）	깨끗하게 물건이 사라져 있었다）
そんな訳ないじゃない	그럴 리가 없잖아
あ、でも・・・	아、그래도・・・
言ってただろ。	말했잖아。
私は、飽きるほど聞いた	난、질리도록 들었
新しいのも入ってるから、	새것도 들어 있으니까、
今度また	다음에 또
・・・売るなよ？	・・・팔지 마라？
売らないよ・・・	안 팔아・・・
今回は、ずいぶん長かったね。	이번엔、꽤 길었네。
準備を整えるために、	준비를 갖추기 위해、
え、じゃあ・・・	어、그럼・・・
またすぐに、出て行くの？	또 금방、나가는 거야？
行きたいところなんだけどね。	가고 싶은 참이지만 말이야。
まずは、今回の調査の資料を	우선、이번 조사 자료를
じゃあ、しばらく家にいるんだ。	그럼、당분간 집에 있는 거네。
嬉しいだろう？	기쁘지？
にお土産。	에게 줄 선물。
なんで、クマのぬいぐるみ？	어째서、곰 인형이야？
食べ物とかでいいの	먹을 거 같은 게 좋은데
とにかく、お帰りなさい。	어쨌든、어서 와요。
は早く寝なさい。	는 빨리 자거라。
さて、俺もそろそろ寝るか。	자、나도 슬슬 잘까。
さんか・・・	씨인가・・・
ありません。	아닙니다。
そういうわけではありませんが、	그런 건 아닙니다만、
さんも気をつけたほうがよろしい	씨도 조심하시는 편이 좋을
だったの	였는데
いつまで待たせるん	언제까지 기다리게 하는
どこか行きたいところは	어딘가 가고 싶은 곳은
あるの？	있어？
まずは、そうだな・・・	우선、글쎄・・・
さんがいると思って、	씨가 있을 거라 생각해서、
これ、すごく重いんだけ	이거、엄청 무거운데
私は、配送してもらおうと	난、배송 받으려고
思ってたんだか	생각했었는데
感謝してるよ。	감사하고 있어。
・・・で、肥料って事は・・・	・・・그래서、비료라는 건・・・
これを返しに来ただけ	이걸 돌려주러 왔을 뿐
・・・お、ちゃんと綺麗に	・・・오、제대로 깨끗이
洗ってあるな。	씻어 놨네。
これやるよ。	이거 줄게。
詰めといたから、	채워 뒀으니까、
悪くなる前に食べてくれよな。	상하기 전에 먹어 줘라。
またもらってしまった）	또 받아 버렸다）
うわぁ・・・	우와아・・・
さんだ・・・	씨다・・・
ここに住んでた	여기 살고 있었
どうするか	어떻게 할까
今考え	지금 생각
アウトドアのプ	아웃도어의 프
行く事に決定！	가기로 결정！
テント！	텐트！
なんか、嬉しくな	뭔가、안 기쁘
またな、	또 보자、
いいけ	좋은데
別に、食事するわけでも	딱히、식사할 것도
ないし	아니고
例のおっさん。	그 아저씨。
来たか！	왔나！
ちょっと行って注意してくる。	잠깐 가서 주의 주고 올게。
店の前に来てるだけ	가게 앞에 와 있을 뿐
って、聞いてない	랄까、안 듣고 있
いない。	없다。
いないじゃないか、	없잖아、
あんど・・・	안도・・・
お客さんもいるんだ	손님도 있는데
すみません・・・	죄송해요・・・
でも、これは	그래도、이건
もう、お腹いっぱいだ。	이제、배불러。
動けない・・・	못 움직여・・・
さんが、食べると思って	씨가、먹을 거라 생각해서
たくさん作りすぎたよ。	너무 많이 만들어 버렸어。
あー、持って帰るか？	아、가져갈래？
アナタは、この間	당신은、저번
さん・・・と。	씨・・・랑。
仲間連れて来るな	동료 데려오지 마
さんの知り合いでもないのか。	씨 아는 사람도 아닌 건가。
もしかして、	혹시、
さんですか？	씨인가요？
ですぞ。	이오。
やってしまっ	저질러 버렸
さんのせいだからな！	씨 탓이니까！
もお待ちですから、	도 기다리고 계시니까、
さんは、帰った帰った。	씨는、돌아가 돌아가。
・・・ほほう。	・・・호오。
ここが、アナタの住まいですか。	여기가、당신 집입니까。
なるほど、なるほど・・・	과연、과연・・・
なかなか、いい住まいですな。	제법、좋은 집이군요。
・・・そうですか？	・・・그런가요？
それは、なんですかな？	그건、뭡니까？
魚の骨なんだけ	생선 뼈인데
あの材料から？	그 재료로？
あなたを除き、全て処理させて	당신을 제외하고、전부 처리하게
様は、例のディスクさえ	님께서는、그 디스크만
返却していただけるのでしたら、	반환해 주신다면、
今回の件は、無かった事にしても	이번 건은、없던 일로 해도
よいそうです。	좋다고 합니다。
様は、あなたの力を	님께서는、당신의 힘을
大変評価されております。	대단히 평가하고 계십니다。
ナイフ・・・	나이프・・・
玄関の鍵が開きっぱな	현관 열쇠가 열린 채
こんなのあったっけ？	이런 게 있었나？
そんなところで、何してるの？	그런 데서、뭐 하고 있어？
の友人を、	의 친구를、
・・・それで、	・・・그래서、
彼とは、つきあってるのか？	그와는、사귀고 있는 거냐？
聞いていきますかな？	들어 보시겠습니까？
忙しいでしょうし・・・	바쁘시겠고・・・
時間は、たっぷりありますぞ。	시간은、넉넉히 있습니다。
始めますかな。	시작해 볼까요。
ほっと胸をなでおろしましたな。	가슴을 쓸어내렸지요。
お嬢様のすばらしさが、	아가씨의 훌륭함이、
は・・・はぁ・・・	하・・・하아・・・
やはり、お嬢様の話をすると、	역시、아가씨 얘기를 하면、
やる気が湧いて来ますな。	의욕이 솟아납니다。
経ってしまいましたな。	지나 버렸군요。
続きは、またの機会ですな。	나머지는、다음 기회에요。
（もう結構です・・・）	（이제 됐습니다・・・）
とか、聞くなよな。	같은 거、묻지 마라。
に、ばれなきゃ大丈夫。	에게、안 들키면 괜찮아。
ほら、投げてくれよ。	자、던져 줘。
もういっちょ来い！	한 번 더 와라！
・うしろ。	・뒤。
今、行こうと思ってたんだよ。	지금、가려던 참이었어。
少し相談したい事があるんだけど	좀 상담하고 싶은 게 있는데
引き取りに来た人がいたんだけ	가지러 온 사람이 있었는데
あんなに仕事に一生懸命だった	그렇게 일에 열심이었던
前日まで机に向かっていた	전날까지 책상에 앉아 있던
殺されたんだ。	살해당한 거야。
でも、何のため	그래도、뭘 위해서
何かあるんだよ、きっと。	뭔가 있는 거야、분명。
家に仕掛けておいた	가에 설치해 둔
盗聴器に面白い物	도청기에 재미있는 게
必要無いか	필요 없나
とも思っていたが、	싶기도 했지만、
仕掛けておいて	설치해 둔 게
正解だったな。	정답이었군。
ディスクを見つけてくれるのなら	디스크를 찾아 준다면
その方が楽だ。	그 편이 편하다。
い自分で選ぶ	い직접 고른다
公園か？	공원인가？
さんは、公園ばっかりだな。	씨는、공원만 가는군。
じゃあ、河原・・・	그럼、강가・・・
さっきから、	아까부터、
全然歌ってないじゃないか。	전혀 안 부르잖아。
歌わないのか？	안 부르는 거야？
じゃあ・・・これで。	그럼・・・이걸로。
通好みって感じの選曲だな。	마니아 취향인 선곡이네。
それって誉めてないよね。	그거 칭찬 아니지？
よーし、じゃあ私は	좋아、그럼 난
これで行く！	이걸로 간다！
俺が歌うつもりだったのに！	내가 부르려고 했는데！
さんも、一緒に歌おうぜ。	씨도、같이 부르자。
あの歌	그 노래
歌えるとは思わなかったよ。	부를 줄은 몰랐어。
あ、別に気にしてない。	아、딱히 신경 안 써。
いつもその格好なんですか？	늘 그 차림인가요？
関係ないよう	상관없을 것 같은
君もまだまだですぞ。	자네도 아직 멀었소。
楽しそうで	즐거워 보여서
いいですな・・・	좋군요・・・
（トボトボ・・・）	（터벅터벅・・・）
でも、時間はあるんですか？	그런데、시간은 있으세요？
いろいろ忙しいんじゃ・・・	여러모로 바쁘신 거・・・
ワタシは、こう見えて	저는、이래 봬도
野球は、また次の機会ですな。	야구는、또 다음 기회로군요。
やっぱり忙しいんじゃないか。	역시 바쁜 거잖아。
いやいや・・・	아니아니・・・
ワタシは、見てるだけで十分。	저는、보는 것만으로 충분。
ほら、この前の人の事が、	거봐、저번 그 사람이、
気になってさ。	신경 쓰여서。
さんの事？	씨 말이야？
さんが気にするんだ？	씨가 신경 쓰는 거야？
知らないけど、	모르겠지만、
でも、あの人	그래도、그 사람
このレストランで	이 레스토랑에서
働いてるわけじゃないぞ？	일하는 건 아니라고？
でも、後ろにいるじゃないか。	그래도、뒤에 있잖아。
さん、いくらなんでも	씨、아무리 그래도
そんな嘘で驚いたりしないぞ。	그런 거짓말에 놀라지 않는다고。
と打ち合わせの日	와 협의하는 날
だからの。	이라서 그렇다네。
、そんな事言ってたかな。	、그런 말 했었나。
まあ、とりあえず	뭐、일단
案内しますね。	안내할게요。
さん案内してあげて。	씨 안내해 드려。
さん、どうぞ。	씨、이쪽으로。
さんは、このレストランで	씨는、이 레스토랑에서
働いてるわけじゃなくて、	일하는 게 아니라、
このレストランの親会社で、	이 레스토랑 모회사에서、
代表みたいな事を	대표 같은 걸
してる人らしいぜ。	하는 사람이래。
私も、よく	나도、잘
さんには、変わってる人とか	씨한테는、별난 사람이라는
言われたくないと	말 듣고 싶지 않을 거라고
会ったら聞こうと	만나면 물어보려고
料理のレシピは、秘密ですぞ？	요리 레시피는、비밀이오？
そうじゃなく	그게 아니라
さん、よく電話が	씨、자주 전화가
かかってきますよね？	걸려 오죠？
あれって、なにかの暗号だった	그거、무슨 암호였
君は、お嬢様の事が	자네는、아가씨 일이
知りたいのですかな！？	알고 싶은 겁니까！？
あ、やっぱりヤ	아、역시 그만
では、何から話しますかな。	그럼、뭐부터 얘기할까요。
話さねばなりませんな。	얘기해야만 하겠군요。
別に興味	딱히 관심
焼いた事がありましてな。	구운 적이 있었지요。
ワタシが焼いたクッキーを、	제가 구운 쿠키를、
決まったのわけですな。	정해진 것이지요。
聞いているのですかな？	듣고 계십니까？
話の途中もうしわ	얘기 도중에 죄송하
早く行ってあげてください！	얼른 가 주세요！
触れては	건드려선
いけない話題に、	안 될 화제를、
触れてしまったよう	건드려 버린 것 같
さんは、何が観たいんだ？	씨는、뭐 보고 싶어？
いアクションもの	い액션물
これかな。	이건가。
やっぱり、映画といえば	역시、영화라고 하면
そういうオーラが・・・	그런 오라가・・・
大作だったね。	대작이었네。
私、パンフレット買ってくる。	나、팸플릿 사 올게。
この映画ハズレだ！	이 영화 꽝이다！
これを見るのか？	이걸 보는 거야？
あんまり得意じゃないんだよな	별로 잘 안 맞는단 말이지
こういう映画。	이런 영화。
こういう映画も悪くないね。	이런 영화도 나쁘지 않네。
うん、面白い。	응、재미있어。
言ってたくせ	말했으면서
恥ずかしいじゃないか）	부끄럽잖아）
ちょっと通りかかったら、	잠깐 지나가다가、
えたからさ。	보였으니까。
ここ、表から見えないから。	여기、밖에서 안 보이니까。
ちょっと暇だったから、	좀 한가해서、
聞いておくけ	물어 두겠는
さんって、何してる人？	씨는、뭐 하는 사람？
その格好見たら、	그 차림 보면、
な感じだし。	한 느낌이고。
薄汚いんだよ	꾀죄죄하다고
臭うとか臭わないとかじゃなく	냄새 나고 안 나고가 아니라
なんかね、	뭐랄까、
薄汚い・・・	꾀죄죄해・・・
うちの父親も、	우리 아버지도、
さんみたいな	씨 같은
格好で帰って来る事ある	차림으로 돌아올 때 있
私は、いいんだけど	난、괜찮지만
うわ・・・それはちょっと・・・	우와・・・그건 좀・・・
また来るのは、別にいいのか？	또 오는 건、딱히 괜찮은 거야？
いたた・・・	아야야・・・
そんな物食べたら、お腹壊すぞ！	그런 거 먹으면、배탈 난다고！
あ・・・うん、まあ・・・	아・・・응、뭐・・・
（ぐきゅるるる・・・・）	（꼬르르륵・・・・）
まかないの残りだけど	직원 밥 남은 거지만
そんな物食べるより、マシだろ？	그런 거 먹는 것보단 낫잖아？
うん、うまい。	응、맛있다。
おっさ	아저씨
あ、えーと・・・	아、그러니까・・・
きりゅう	키류
あんな音、聞いたの初めてだ。	그런 소리、처음 들어 봤어。
最近まとな食事を	요즘 제대로 된 식사를
していなかったか	하지 않았으니
来たらいいよ。	오면 돼。
ただし！	단！
何で鼻歌なんか歌ってるんだ。	왜 콧노래 같은 걸 부르는 거야。
さん、ご飯は	씨、밥은
そんな事だろうと思って、	그럴 줄 알고、
料理しない	요리 안 하면
鍋用意するよ。	냄비 준비할게。
この部屋・・・	이 방・・・
開きっぱなしだった。	열어 둔 채였어。
でも、立派な書斎だね。	그래도、훌륭한 서재네。
お父さんは、何してるの？	아버지는、뭐 하시는 분이야？
まあいいか・・・	뭐 됐나・・・
で、いろんな所を調査して、	그래서、여러 곳을 조사하며、
確かに、それっぽい本が	확실히、그럴듯한 책이
たくさん並んでるなぁ。	잔뜩 늘어서 있네。
もう、ご飯作らないぞ！	이제、밥 안 만든다！
ごめん・・・それは、困る。	미안・・・그건、곤란해。
と楽しく過ごしました）	와 즐겁게 지냈습니다）
リスマスだ！	크리스마스다！
もうクリスマスかぁ。	벌써 크리스마스인가。
今年は、いろいろあったな。	올해는、여러 일이 있었네。
さんに、初めて会ったとき。	씨를、처음 만났을 때。
あんまり	별로
思い出したくないね。	떠올리고 싶지 않네。
まさか、あの	설마、그
さんと、	씨와、
こうしてクリスマスを	이렇게 크리스마스를
結局、何者だったんだろう？	결국、정체가 뭐였을까？
私、ずっと	나、계속
だまされてたのかな？	속고 있었던 걸까？
・そんな事は・・・	・그런 일은・・・
驚いた？	놀랐어？
別にさ・・・	딱히 말이야・・・
考古学者でも、それ以外の何か	고고학자든、그거 말고 뭔가
でも気にしないよ。	든 신경 안 써。
あのディスクは、	그 디스크는、
ちょっと気になるけどな。	좀 신경 쓰이지만 말이야。
さんじゃない	씨 아니야
つき合ってるならさ。	사귀는 사이라면 말이야。
って呼ばれるよりもさ、	라고 불리는 것보다 말이야、
あるだろ？	있잖아？
かわいい名前	귀여운 이름
今度からは、	다음부터는、
じゃあ、せっかくの	그럼、모처럼의
クリスマスだ	크리스마스다
何で、うちの店に来てんす	왜、우리 가게에 와 있는 겁니
この匂いは・・・	이 냄새는・・・
ちょっと、その鞄の中身を、	잠깐、그 가방 속을、
あ、はい。	아、네。
悪くならないうちに	상하기 전에
食べるとよいですぞ。	드시면 좋소。
親会社の代表みたいな人	모회사 대표 같은 사람
とか言ってたけ	이라고 했었는
そんな感じの電話じゃないよな。	그런 느낌의 전화는 아니지。
もしかして、暗号と	혹시、암호라든
うーん、すごい。	으음、대단해。
魚からケーキ！？）	생선으로 케이크！？）
生臭くは・・・	비리지는・・・
またよくわからない肉	또 알 수 없는 고기
こ、これ何の肉だよ！	이、이거 무슨 고기야！
超アウトドア派の	초 아웃도어파인
でも、残念！	그래도、아쉽군！
今日は、一段と・・・	오늘은、한층 더・・・
・・・汚いな。	・・・더럽군。
ちょっと臭う	좀 냄새 나고
ははは・・・いや、別に・・・	하하하・・・아니、딱히・・・
あー・・・っと、	아・・・그러니까、
一緒に、家に行くか。	같이、우리 집에 갈까。
お風呂	목욕
貸すよ。	빌려줄게。
いいよ・・・	괜찮아・・・
さんの家って	씨 집은
お湯につかったのなんて	뜨거운 물에 몸 담근 건
久しぶりだよ。	오랜만이야。
こうしてみると、	이렇게 보니、
なかな	제법
すいてるだろ？	고프지？
じゃあ、なんか作るか。	그럼、뭔가 만들까。
・・・あはは！	・・・아하하！
まあ、そろそろいい時間だし	뭐、슬슬 시간도 됐고
なんか作るか。	뭔가 만들까。
お風呂だけじゃなくて、	목욕뿐만 아니라、
晩御飯ま	저녁밥까
うん、あの格好で店の前	응、그 차림으로 가게 앞을
うろつかれるより	서성이는 것보다
こんな、私の家じゃなくて、	이런、우리 집 말고、
どこかに	어딘가로
じゃあ、またな！	그럼、또 보자！
じゃあ、またね。	그럼、또 봐。
さん、なにがいい？	씨、뭐가 좋아？
何か面白そうな物	뭔가 재밌어 보이는 게
おみくじコリントゲーム？	오미쿠지 코린트 게임？
さん大吉？	씨 대길？
こんな所で運を使うなよ。	이런 데서 운을 쓰지 마。
あ、見るなよ！	아、보지 마！
・・・なんだ。	・・・뭐야。
て大吉じゃないか。	도 대길이잖아。
こんな所で運使ったらダメだよ。	이런 데서 운 쓰면 안 돼。
う・・・凶だ。	으・・・흉이다。
私が大吉だったから、	내가 대길이었으니까、
二人足せば吉くらいだろ。	둘 합치면 길 정도겠지。
さん大凶	씨 대흉
￥に行こう。	￥에 가자。
たぶん、ない・・・	아마、없어・・・
と思う。	라고 생각해。
って人が来た時に、	라는 사람이 왔을 때、
こっそり持ち出されてたら	몰래 들고 나갔다면
わからないけ	모르겠지만
仕事の資料みたいな物は、	일 자료 같은 건、
たくさんあるんだけ	잔뜩 있는데
何か預かった物と	뭔가 맡아 둔 물건이라든
確かに、お父さんにもらったけ	확실히、아버지한테 받았지만
あ・・・ひどい。	아・・・너무해。
なにするんだ、	뭐 하는 거야、
これだ・・・	이거다・・・
あとは、これをどうする	이제、이걸 어떻게 할지
もういない	이제 없으니
材料は・・・	재료는・・・
あー、何もないんだった。	아、아무것도 없었지。
すぐそこだから買ってくるよ。	바로 저기니까 사 올게。
昨日まで	어제까지
何にもなかったんだし、	아무것도 없었고、
まだお昼だぞ？	아직 점심때라고？
じゃあ、行って来る。	그럼、갔다 올게。
あなたがな	당신이 어
は、帰ってこなかった）	는、돌아오지 않았다）
いただけないでしょうか。	주실 수 없겠습니까。
答えろ！	대답해！
ほほう・・・	호오・・・
なかなかやりますね。	제법 하시는군요。
避けられたけ	피한 거지만
どうする）	어떡하지）
。話はつきましたぞ。	。얘기는 끝났습니다。
そのディスクを、渡してあげて。	그 디스크를、건네줘。
確かに・・・	확실히・・・
生かしておいて、	살려 둬서、
様に怒られんか？	님께 혼나지 않겠나？
しかし、今日は	하지만、오늘은
それなら大丈夫だ。	그렇다면 괜찮다。
現役引退た身で、口封じのために	현역 은퇴한 몸으로、입막음 때문에
殺しは	살인은
したくないからな。	하고 싶지 않으니까。
もしそうなら、こんなに探したり	만약 그렇다면、이렇게 찾지
しないしな。	않을 테니까。
あ～	아～
あ	아
（ガサ	（바스락
ガサ	바스락
ガサ）	바스락）
ちよ	치요
」は	」는
あっ！！	앗！！
えっ！！	엇！！
おっ！！	옷！！
・・・うお！？	・・・우옷！？
・・・・・・・・・あ。	・・・・・・・・・아。
動け！	움직여라！
動け！）	움직여라！）
まで」	까지」
次は	다음엔
な？	그치？
・・・・・えっ！	・・・・・엇！
・・・いや・・・	・・・아니・・・
だよ。	야。
あ～あ。	아아～。
（再び	（다시
ね。	말이지。
チッ。	칫。
・・・・・・ん！？	・・・・・・응！？
・・・おや？	・・・어라？
匂い？	냄새？
あれ	그거
人も	사람도
今の	지금의
がぁ～。	가아～。
待てー！	기다려～！
え?	어？
ん？！	응？！
（ボキ	（뚝
ベキ	우직
なぁ。	말이야。
そう、	그래、
ただ・・・	다만・・・
にも	에게도
誰に？！	누구한테？！
のさ。	거지。
んだ。	거야。
はーい。	네～。
カニ	게
はっ？！	엉？！
には	엔
・・・ふーん・・・	・・・흐음・・・
えっ・・・？	엇・・・？
はぁ～？	하아～？
おーい・・・	어～이・・・
あーっ！	아앗！
はーーい。	네～～。
・・・おい、	・・・어이、
との	와의
な・・・・・・	뭐・・・・・・
ハイ！	넵！
おっ、	옷、
（スーッ）	（스윽）
えー？！	에～？！
だが・・・	하지만・・・
君か。	군인가。
ぐわ～～！！	으와～～！！
けど！	하지만！
・・・・・・・・ん？	・・・・・・・・응？
ああ	아아
よお。	여어。
・・・え。	・・・어。
フッ・・・・・・	훗・・・・・・
え・・・？	어・・・？
・・・・・あ！	・・・・・아！
あ・・・・・・・・・。	아・・・・・・・・・。
この	이
あら。	어머。
ハァ・・・	하아・・・
遅い。	늦어。
・・・あ・・・	・・・아・・・
・・・ここ。	・・・여기。
ダーメ。	안～돼。
・・・ふーん？	・・・흐음？
かな。	려나。
おーい！！	어～이！！
セーブ	세이브
・・・ソース？	・・・소스？
逆に	반대로
めぇ～！！	놈～！！
フン！	흥！
ふん。	흥。
にな、	한테、
あん？	엉？
ワンー！！	멍～！！
わが	우리
来い、	와라、
・・・ええ。	・・・네。
つい・・・	그만・・・
ブブー。	땡～。
なの。	이야。
・・・ふーむ。	・・・흐음。
・・・よし。	・・・좋아。
君と	군과
他に	달리
なん・・・	뭐라・・・
お前・・・	너・・・
さち	사치
・・・はぁ。	・・・하아。
・・・はぁ？	・・・하아？
・・・・・・お前、	・・・・・・너、
ああ・・	아아・・
・・・・・・って	・・・・・・랄까
・・・わっ！？	・・・왓！？
・・・あ！	・・・아！
から、	에게서、
だし、	이고、
オレ	나
）だよ。	）야。
カニ？	게？
はぁ～～。	하아～～。
２００円・・・？	２００엔・・・？
はぁ・・・・・・	하아・・・・・・
は。	는。
（おおー！）	（오오～！）
・・・・・・オウ！	・・・・・・오우！
・・・う、腕・・・	・・・파、팔・・・
へえ。	허어。
・・・だが、	・・・하지만、
ぜひ。	꼭。
わぁ～～	와아～～
どれ？	어느 거？
ああ～～～	아아～～～
親が	부모가
じゃ、	그럼、
はぁ～～～～～～～～～	하아～～～～～～～～～
はっ！	핫！
もう	정말
は・・・	는・・・
・・・ほら、	・・・봐봐、
・・・あら？	・・・어머？
スーパー？	슈퍼？
私は	나는
ええ！？	에엣！？
ほら、	봐봐、
ケーキ？	케이크？
君が	군이
・・・どれ・・・	・・・어디・・・
パル	파루
・・・なに？	・・・뭐？
って、	이、
より	보다
けど	하지만
）くん、	）군、
あう。	아우。
君に	군에게
まあ。	뭐。
おー、	오～、
ほれ。	자。
あら？	어머？
君を	군을
・・・吉か。	・・・길인가。
・・・凶か。	・・・흉인가。
（ピューーー	（휘이～～～
な・・・	뭐・・・
ほら！	봐봐！
ええ？！	에엣？！
・・・ああ？	・・・아아？
ダメ。	안 돼。
おや・・・？	어라・・・？
です。	입니다。
あたしそそっかしいから。	내가 좀 덜렁대서。
でも、本当に助かったわ。	그래도、정말 도움 됐어。
人が少ない商店街でやんすねぇ。	사람이 적은 상점가입죠。
オイラのファンでやんすね。	내 팬입죠。
尊敬はしてるけど・・・	존경은 하지만・・・
ところで、今日はどうしたんだ？	그런데、오늘은 무슨 일이야？
ここにあるのか？	여기 있는 거냐？
ここに宝があるのか？	여기 보물이 있는 거냐？
この古さ、汚なさ。	이 낡음、이 지저분함。
ここならきっと掘り出し物が、	여기라면 분명 횡재감이、
ますます、	점점 더、
凡田博物館	본다 박물관
の展示物が	의 전시물이
増えるでやんす。	늘어납죠。
ここの品揃えはぁ～！	여기 물건 구성이～！
サギでやんす！	사기입죠！
あるのは、最新のプラモや	있는 건、최신 프라모델이나
オモチャばかりでやんす・・・	장난감뿐입죠・・・
こうして古い店を探しては、	이렇게 낡은 가게를 찾아서는、
探し歩いているんでやんす！	찾아다니고 있습죠！
まず、オモチャと言うのは・・・	우선、장난감이란・・・
（・・・３時間経過・・・）	（・・・３시간 경과・・・）
お前は、怪獣のソフビ人形が	너는、괴수 소프비 인형을
（・・・２時間経過・・・）	（・・・２시간 경과・・・）
の熱意は痛いほど伝わったよ。	의 열의는 사무치게 전해졌어。
なら、何か情報があれば、	그럼、뭔가 정보가 있으면、
オイラに知らせるでやんす。	나한테 알려주십죠。
おねえちゃん、だよ？	누나야、알았지？
同級生だと聞いたでやんす。	동급생이라고 들었습죠。
それより、遊園地って言っても	그것보다、놀이공원이라고 해도
君は	군은
おねえちゃん	누나
って連呼してる。	라고 연발하고 있다。
なかなか入れないでやんすね。	좀처럼 못 들어갑죠。
横の出入り口から入っていった	옆 출입구로 들어간
人たちがいるでやんす！	사람들이 있습죠！
あたし、魔法が使えるんだ。	나、마법 쓸 수 있어。
頭、大丈夫でやんすか。	머리、괜찮습죠。
君、いいかげんにしないと	군、적당히 하지 않으면
これでダメだったら、	이걸로 안 되면、
なんか買ってもらうでやんす！	뭔가 사 달랍죠！
その代わり、うまくいったら	그 대신、잘 되면
たいどうやったんだ？）	대체 어떻게 한 거야？）
そういうのはマンガの中だけの話	그런 건 만화 속 얘기
じゃないのかな。	아닐까。
でも、プロ野球の選手だって	그래도、프로야구 선수도
カッコイイ名前の球を	멋진 이름의 공을
投げているでやんす。	던지고 있습죠。
自分の得意な変化球に名前を	자기 자신 있는 변화구에 이름을
なんでやんすか？	인 겁죠？
それでやんす！	그거입죠！
を倒すには、	를 쓰러뜨리려면、
必殺技がいるんでやんす！	필살기가 필요합죠！
オイラも手伝うから、特訓して	나도 도울 테니、특훈해서
すぐに開発するでやんす！	금방 개발합죠！
そういう派手なものよりも	그런 화려한 것보다
カッコいいでやんす。	멋있습죠。
スライダー	슬라이더
よし、今のを採用するでやんす！	좋아、지금 걸 채용합죠！
・・・なにか考えるでやんす！	・・・뭔가 생각해 봅죠！
派手な必殺技なんてなくても、	화려한 필살기 같은 거 없어도、
（同方向２球種をもっていると	（같은 방향 ２구종을 갖고 있으면
（・・・相手チームに逆転勝ち。	（・・・상대 팀에 역전승。
さすが強い	역시 강한
なお、視聴者の方に	또한、시청자분께
から	에서
プレゼントの・・・）	선물을・・・）
（ブチン！）	（뚝！）
もう作戦は考えてある。	이미 작전은 생각해 뒀다。
これじゃ、駅から降りた人が	이래선、역에서 내린 사람이
こっちをつぶしに来ましたな。	이쪽을 뭉개러 왔군요。
正攻法でこられたら、体力差で	정공법으로 나오면、체력 차로
こっちに勝ち目はないですぞ。	이쪽에 승산은 없소。
公正なやり方でもないから、	공정한 방식도 아니니까、
・・・クリスマスセールですよ、	・・・크리스마스 세일이에요、
ああ？！	아아？！
つぶされたら・・・	뭉개지면・・・
もうこの際、意地をはらずに	이참에、고집 부리지 말고
ことになったんじゃないですか。	걸로 된 거 아닌가요。
そもそも、野球のことだって	애초에、야구 일만 해도
あんたがご主人なくして	당신이 남편 여의고
さみしいから	외로우니까
あの風来坊に色目を・・・	그 떠돌이한테 추파를・・・
ガヤガヤ）	웅성웅성）
商店街の会議、大変なことに	상점가 회의、큰일 나고
なってるみたいですね。	있는 것 같네요。
議論の好きな連中には	논쟁 좋아하는 놈들한텐
結局、試合に勝つ以外には	결국、시합에 이기는 것 말고는
卑怯な	비겁한
のやつらを	의 놈들을
ギャフンと言わせるでやんす！	찍소리 못 하게 만듭죠！
これから先、どうしよう・・・	앞으로、어쩌지・・・
グループの	그룹의
様からメッセージです。	님께서 메시지입니다。
とのことです。	라고 하십니다。
無料って・・・	무료라니・・・
もう野球の試合に一喜一憂する	이제 야구 시합에 일희일비하는
これからは共存共栄で行こう！	앞으로는 공존공영으로 가자！
ばんざいだ！	만세다！
を頼んだぞ、	를 부탁한다、
ビックリするぐらい強いチームに	깜짝 놀랄 만큼 강한 팀으로
・・・約束を守れなかったな。	・・・약속을 못 지켰네。
だから、バツとして	그러니까、벌로
まだまだこの町に残るでやんす！	아직 더 이 마을에 남습죠！
気持ちはうれしいけど、	마음은 고맙지만、
これでお別れだ。	이걸로 작별이다。
カレー食べに来いでやんす！	카레 먹으러 오십죠！
絶対に、この町に来るでやんす！	꼭、이 마을에 옵죠！
そこまで面倒は見れないよ。	거기까지 챙겨 주진 못해。
ビデオデッキは、チームの	비디오 데크는、팀의
まあ、フォームチェックに	뭐、폼 체크에
使うだけなら、別にサイズは	쓸 뿐이라면、딱히 사이즈는
ヘタレどもにガツーンと	겁쟁이들한테 확실하게
の奴、打ち込まれて	의 녀석、두들겨 맞고
裏切り	배신
喜ばれるが、	환영받지만、
裏切り者	배신자
だが、結果は歓迎されても、	하지만、결과는 환영받아도、
・・・では、馳走であった。	・・・그럼、잘 먹었다。
敵ならともかく、	적이라면 몰라도、
だが、口で言うのはよくない。	하지만、말로 하는 건 좋지 않다。
そういえば、みなさんは	그러고 보니、여러분은
のねらいが	의 노림수를
の行動は不自然だ。	의 행동은 부자연스럽다。
さんには誤解されましたけど	씨한텐 오해받았지만
みなさんのおかげで、	여러분 덕분에、
おそらく、そう思わない人たちも	아마、그렇게 생각 않는 사람들도
では、ごちそうさま。	그럼、잘 먹었습니다。
さん、全部自分で	씨、전부 혼자서
しょいこんじゃダメよ。	짊어지면 안 돼。
・・・・え？	・・・・어？
これでもないだっちゃ！	이것도 아니라구！
これかなぁ？	이건가아？
あぶないわ・・・	위험해・・・
そんなことをしたら、	그런 짓을 하면、
さては、お前も	그러고 보니、너도
「ミルファイヤーちゃん」の	「밀파이어짱」의
たぁーーー！	타아～～～！
我輩のグランドマンのポーズに	내 그랜드맨 포즈에
ケチをつけるでござるなぁ～！	트집을 잡는 것이오～！
お前！	너！
逃げる気でごんすね？	도망칠 셈이렷다？
なら我と戦う気でありんすね？	그럼 나와 싸울 셈이온지？
もう行きましょ・・・	이제 가요・・・
・・・じゃあな・・・	・・・그럼 잘 있어・・・
敵前逃亡は銃殺刑なり～～～！	적전도주는 총살형이니라～～～！
さぁ？	글쎄？
ああやっておもちゃを振って	저렇게 장난감을 흔들어서
中身を調べているのでやんす。	속을 살피고 있습죠。
っておじさんに	라는 아저씨한테
教えてもらったでやんす。	배웠습죠。
でも、ああいうことする人は	그래도、저런 짓 하는 사람은
久しぶりに見たでやんす。	오랜만에 봤습죠。
君は、ああいう大人にだけは	군은、저런 어른만은
そんなの無理じゃない？	그런 건 무리 아니야？
あたし？	나？
それは・・・その。	그건・・・그게。
さんが、うちで働いて、	씨가、우리 집에서 일하고、
お父さんがいて・・・・	아빠가 있고・・・・
じゃなくていいのか？	가 아니어도 되는 거야？
・・・・ん？	・・・・응？
ここは・・・	여긴・・・
ずいぶん前のような気がするわ。	꽤 오래전 같은 느낌이 들어。
さんがここで	씨가 여기서
実はあたしもここで、車に	실은 나도 여기서、차에
さんと一緒だね。	씨랑 같네。
やっぱり、ここは車がスピードを	역시、여긴 차가 속도를
出しそうな所だからな・・・	낼 만한 곳이니까・・・
かわいそうよね・・・	불쌍하지・・・
・・・・・・・・・あれ？	・・・・・・・・・어라？
あ・・・れ・・・・・？	어・・・라・・・・・？
あ、あたし・・・・	아、나・・・・
よう、	여어、
（ガサガサガサガサ！）	（바스락바스락바스락！）
・・・巨大な虫の大群か？！	・・・거대한 벌레 대군인가？！
あの支店長	그 지점장
金だけ奪って、	돈만 뺏고、
あんなクズなんざ、自滅した方が	저런 쓰레기 따위、자멸하는 게
はけ出さないと！	빠져나가지 않으면！
だまされたんだよアンタは！	속은 거라고 당신은！
私は、私は・・・	난、난・・・
言っておきながら、結局それしか	말해 놓고서、결국 그것밖에
アンタには	당신한텐
「たった一人でがんばっている	「단 한 사람이 애쓰는
立派な未亡人」という評判に、	훌륭한 미망인」이라는 평판에、
しがみついているだけなんだ。）	매달려 있을 뿐인 거다。）
でも・・・	그래도・・・
出口は虫だらけ	출구는 벌레 투성이
じゃないですか！	잖아요！
こっちは家族でやってるところが	여긴 가족끼리 하는 데가
ここは、	여긴、
手伝ってもらうのでやんす！	도와받읍죠！
ウチは余裕ないんだから。	우린 여유 없으니까。
手伝ってもらってる	도움받고 있는
だけだから、気にしないよ。	뿐이니까、신경 쓰지 마。
１人で店番やってると、	혼자 가게 보고 있으면、
トイレにも行けないでやんす！	화장실도 못 갑죠！
助かるけど・・・	도움되지만・・・
そうしたら今度は、私がヒマに	그러면 이번엔、내가 한가해
いあ	い아
いっ！！	잇！！
うっ！！	윽！！
う・・ん？	으・・응？
うむ。	음。
う・・・・・・・・・。	으・・・・・・・・・。
うーーーーん・・・	으～～～음・・・
う～～～～～～ん？	으～～～～～～음？
うーーーん。	으～～음。
う・・・・・・。	으・・・・・・。
いや、プロ野球の元選手として	아니、프로야구 전 선수로서
いいでやんすか・・・	잘 들으십죠・・・
うとまれる。	미움받는다。
いくぞ、	간다、
くそ、	젠장、
相手を煙に巻いて、	상대를 얼버무리고、
自分を偉そうに見せるのは	자신을 대단해 보이게 하는 건
するでやんすか？	할깝쇼？
野球の練習をしていたでやんす。	야구 연습을 하고 있었습죠。
わかりやすいしゃべり方を	알기 쉬운 말투를
実践しているうちに、	실천하는 사이에、
どうも	아무래도
君のしゃべり方が	군의 말투가
お前のキャラに合ってないから	네 캐릭터에 안 맞으니까
練習に参加するでやんす！	연습에 참가합죠！
注意しよう・・・）	조심하자・・・）
がこの町にやってきた。）	가 이 마을에 찾아왔다。）
いねえだろ。	없잖아。
それより、最近このあたりで	그것보다、요즘 이 근처에서
いつからか金で雇われて	언젠가부터 돈에 고용돼서
それってオレのこと？	그거 내 얘기야？
あいかわらず	여전히
あばよボウズ、また会おう！	잘 있어라 꼬마、또 보자！
母ちゃん、ブローチを	엄마가 브로치를
なくしたんでやんす。	잃어버렸습죠。
いよし、探そう。	い좋아 찾아보자。
この町にいるんだから、普段は	이 마을에 있는 거니까、평소엔
ね？	그치？
いお願いします。	い부탁드립니다。
さんも困ってる	씨도 곤란해하고 있
この話は、これでおしまい！	이 얘긴、이걸로 끝！
・・・もう！	・・・정말！
さんも、他にもっといい	씨도、달리 더 좋은
アルバイトがあったら、そっちへ	알바가 있으면、그쪽으로
いや、これは来て欲しくないとか	아니、이건 안 왔으면 한다든가
そういうのじゃなくて・・・	그런 게 아니라・・・
その、えーと・・・	그、저기・・・
を手伝うことができます。	를 도울 수 있습니다。
そろそろわだかまりを捨てて	슬슬 앙금을 버리고
は年々人口が減って来ている。	는 해마다 인구가 줄고 있다。
をつぶして、	를 없애고、
駅前の名店街に編成しなおす？	역 앞 명점가로 재편성？
そう提案してきたんだ。	그렇게 제안해 온 거다。
いま商店街にある店は全部	지금 상점가에 있는 가게는 전부
建築は向こうでやって、	건축은 저쪽에서 하고、
我々は	우리는
商売できていたのに、	장사할 수 있었는데、
有料になるっていうのは・・・	유료가 된다는 건・・・
それもタダで！	그것도 공짜로！
もっとお客が来てくれそうだな。	손님이 더 와 줄 것 같네。
に払うテナント料次第ね。	에 낼 임대료 나름이지。
そんなことをすれば、商店街が	그런 짓을 하면、상점가가
に頼る	에 의존하는
ことになるのも不安だし。	게 되는 것도 불안하고。
俺も	나도
さんに賛成だ。	씨에게 찬성이다。
これまでの	지금까지의
いきさつもありまして	경위도 있어서
この提案が通ったら、あいつらを	이 제안이 통과되면、그놈들을
この先、多少強引に行っても	앞으로、다소 억지로 나가도
「こういう条件を出したのに、	「이런 조건을 냈는데도、
商店街は蹴ったんです」ってな。	상점가는 걷어찼습니다」라고。
あ。	아。
お前、	너、
・・・・・・ハァ。	・・・・・・하아。
だが	하지만
あと、	그리고、
まず、	우선、
だね。	이네。
いへ？	い네？
うん・・・	응・・・
オーケー？	오케이？
今は	지금은
だん	단
わん？	멍？
・・・・・・・・・ん？	・・・・・・・・・응？
いや	い아니
だよ！	야！
ワーイ、	와아、
影が・・・）	그림자가・・・）
あれ・・・	어라・・・
はい・・・。	네・・・。
ロボ	로보
（カン！	（깡！
カン！	깡！
カン！）	깡！）
あ！？	앗！？
そう・・・	그래・・・
だろ。	그렇지。
ここ？	여기？
う～ん・・・	으음・・・
ふぅ。	후우。
えと・・・・・・・・・・・	그러니까・・・・・・・・・・・
・・・・・・あら？	・・・・・・어라？
君は？	군은？
カード・・・	카드・・・
また、	또한、
じゃ	에선
カード	카드
なに・・・？	뭐라고・・・？
・・・・・・え。	・・・・・・어。
・・・なあ。	・・・저기 말이야。
フッ・・・	훗・・・
えっ！？	엇！？
（おお！）	（오오！）
・・・・・・くそ。	・・・・・・젠장。
・・・・さん・・・	・・・・씨・・・
ここ！	여기！
まで	까지
い・・・・・・。	이・・・・・・。
まず	우선
良し。	좋아。
はく	하쿠
）さん。	）씨。
あー・・・	아～・・・
うーん・・・・・・	으음・・・・・・
ふぅ～～、	후우～～、
い・・・？	이・・・？
・・・これ。	・・・이거。
・・・でも・・・・	・・・그래도・・・・
・・・おい！	・・・어이！
にか・・・？	한테인가・・・？
お前どうしてそれを・・・・？	너 어떻게 그걸・・・・？
お前、やけに	너、유난히
に詳しいな・・・	를 잘 아는군・・・
・・・・それでも・・・・	・・・・그래도・・・・
の事を・・・	를・・・
ありがとうな・・・・	고마워・・・・
俺は・・・俺は・・・	난・・・난・・・
・・・・・・・・・・・はい、	・・・・・・・・・・・네、
今から一緒に	지금부터 같이
スーパーに行くでやんす！	슈퍼에 갑죠！
フグ・フェスタ	복어・페스타
うちの商店街の	우리 상점가의
アナゴ祭り	붕장어 축제
に対抗して、	에 대항해서、
スーパーが同時期に開催してる	슈퍼가 같은 시기에 여는
わっ、	왓、
フグ怪人	복어괴인
オイラが退治してやるでやんす！	내가 퇴치해 주겠습죠！
（バタ！）	（퍽！）
本当に退治しちゃったでやんす！	정말 퇴치해 버렸습죠！
ごめんなさいでやんすー！！	죄송합죠ー！！
ぎヒいあれ、フグ太郎？	어라、복어 타로？
こりゃ使いものにならないや。	이건 못 쓰겠네。
ちゃん、大丈夫か！	짱、괜찮아！
あぁ、	아아、
なんか頭ん中が	뭔가 머릿속이
ぐるぐるしてるだけらから。	빙빙 돌 뿐이라서。
ええっと～	음 그러니까～
おいらフグらろうなのらぁ。	나 복어 타로인 거야아。
ずっと入っていたから、	계속 들어가 있어서、
あ～あ、困るんだよな。	아～아、곤란한데。
フグフェスタ	복어 페스타
は目玉イベントなんだよ。	는 간판 이벤트라고。
・・・あ、そこのキミ。	・・・아、거기 너。
ちゃん、おんぶするからね！	짱、업어 줄 테니까！
近いでやんす！	가깝습죠！
・・・あたしんちの方が近い	・・・우리 집이 더 가까워
・・・そっちに。	・・・그쪽으로。
ああ、わかった！	아아、알았어！
ちゃん、着いたぞ。	짱、도착했어。
ちゃん、少し体起こして。	짱、몸 좀 일으켜。
は、ないよな。	는、없지。
ウチワで	부채로
あおぐしかないか。	부칠 수밖에 없나。
じゃ、もう少しこれを飲んで。	그럼、조금만 더 이거 마셔。
が居てくれて助かったよ。	가 있어 줘서 살았어。
応急処置でなんとかなったけど、	응급처치로 어떻게 됐지만、
わたしお金ないから、	난 돈이 없으니까、
そんなことになったら困るな。	그런 일이 생기면 곤란해。
それに劇団もやってるし。	게다가 극단도 하고 있고。
もっと体を大切にしないと。	몸을 더 소중히 해야지。
でも、劇団ってお金かかるし、	그래도、극단은 돈이 드니까、
わたしからお芝居取ったら	나한테서 연극을 빼면
ただの抜け殻になっちゃうよ。	그냥 껍데기가 돼 버려。
心配してくれてありがとう。	걱정해 줘서 고마워。
は、助っ人が入って	는、조력자가 들어와서
そろいもそろって変人というのが	하나같이 죄다 별난 사람인 게
入ってきたりして。	들어오거나 하고。
で合ってるカニ？	이 맞습니까 게？
どうして俺に話が来るんだ。	어째서 나한테 얘기가 오는 거야。
まず、一応	우선、일단
知り合いかどうか	아는 사이인지
でやんすけど。	입죠만。
あんまり俺をバカにすると	나를 너무 무시하면
ハサミで君の大事なところを	집게로 네 소중한 곳을
ちょんぎっちゃうカニよ。	싹둑 잘라 버린다 게。
外骨格は、割れると	외골격은 깨지면
あとの修理が大変なんだカニ！	나중에 수리가 힘들다 게！
になる気はないかね？	가 될 생각은 없나？
新ワルクロ団	신 와루쿠로단
高い時給でないとやらないカニ！	비싼 시급 아니면 안 한다 게！
う追い払う。	う쫓아낸다。
これだけ騒ぎになったら	이만큼 소동이 났으면
もう「秘密」基地じゃないだろ。	이제「비밀」기지가 아니잖아。
任務失敗だカニーーー！！	임무 실패다 게ーーー！！
・・・・・・えっ、野球・・・？	・・・・・・엇、야구・・・？
俺、勉強もできなかったし	나 공부도 못했고
女の子にも	여자애한테도
もてなかったけど、	인기 없었지만、
野球だけは自信あったカニよ。	야구만은 자신 있었다 게。
ああ、青春カニ～。	아아、청춘이다 게～。
やっつけるカニ～！	해치운다 게～！
それじゃあ、また来るカニ～！	그럼、또 온다 게～！
今から楽しみでやんす！	지금부터 기대됩죠！
くんが事故にあっちゃった	군이 사고를 당했대
さんが急病で入院することに	씨가 급병으로 입원하게
手術しなきゃいけないらしいから	수술해야 한다니까 본방은 힘들대。
このままじゃ公演できないぞ。	이대로면 공연 못 하잖아。
そんなの無理だよ！	그런 건 무리라고！
ダメ！	안 돼！
あの二人の役は消せないよ！	그 둘의 역은 못 지워！
・・・いくら話しあっても	・・・아무리 얘기해도
無理なものは無理だよ、	무리인 건 무리야、
中止にするなら、早めにしないと	취소할 거면、빨리 해야
無駄なお金がかかるだけだ。	쓸데없는 돈만 들 뿐이다。
・・・大丈夫だって。	・・・괜찮다니까。
役者が二人、いや三人も	배우가 둘、아니 셋이나
ただのバカじゃない。	그냥 바보잖아。
わたしは、いや。	난、싫어。
この汚い場所は？	이 지저분한 곳은？
くん、本気で言ってるの？	군、진심으로 말하는 거야？
この人たちに代役なんか	이 사람들이 대역 같은 걸
務まるわけないじゃないか。	해낼 리가 없잖아。
くんの役は子供役。	군의 역은 아이 역。
くんなら違和感もないし	군이라면 위화감도 없고
さんの役は	씨 역은
顔色の悪いやせたマザコン。	안색 나쁜 마른 마마보이。
さんなら演技しなくて大丈夫！	씨라면 연기 안 해도 괜찮아！
まで！	까지！
演技しなくていいなら、	연기 안 해도 된다면、
ちゃんの頼みじゃ	짱 부탁이라면
これでなんとか出来る！	이걸로 어떻게든 된다！
じゃあ、さっそく練習しないと。	그럼、당장 연습해야지。
ま、まさか、本当に、本気で	서、설마 정말、진심으로
やるっていうなら	하겠다고 한다면
くんごめん。	군 미안。
公演まで残り時間は少ないけど	공연까지 남은 시간은 적지만
だから、わたしを信じて	그러니、날 믿고
一緒に公演を	같이 공연을
やってほしいの。	해 줬으면 해。
あ～あ、この劇団も終わりだな。	아～아、이 극단도 끝이네。
だんだん人気も出てきて、	점점 인기도 생겨서、
主役がいなくなって、	주역이 없어지고、
何やってるんだ！	뭐 하는 거야！
もう三日しかないんだぞ。	이제 사흘밖에 없다고。
早く練習！練習！	빨리 연습！연습！
・・・よし！	・・・좋아！
じゃ、まずは	그럼、우선은
くんに	군한테
段取り覚えてもらうからね。	순서 외우게 할 거니까。
そのあとシーン練習して	그 뒤에 장면 연습하고
あの風来坊から連絡のあった	저 떠돌이한테서 연락 온
前に来たときには、	전에 왔을 때는、
だからこそ、	그러니까、
の望む物が、	가 원하는 물건이、
ここにはあるんじゃないのか？	여기 있는 거 아냐？
いいオーラが出ているでやんす。	좋은 오라가 나오고 있습죠。
早速中に入るでやんす！	당장 안에 들어갑죠！
いらっしゃい・・・	어서 오세요・・・
うお～～～～～！	우오～～～～～！
動く	움직이는
マゼンダーＺ	마젠더Ｚ
のプラモでやんす！	의 프라모델입죠！
こんな古い物がぁ～、	이런 오래된 게～、
よく残っていたもんでやんす！	용케 남아 있었습죠！
電臣サボーン	전신 사본
も、全種あるでやんす！	도 전 종류 있습죠！
子供の頃に買えなかった	어릴 적에 못 샀던
変身アンドロイド	변신 안드로이드
が、あるでやんす！	가 있습죠！
ヒーローの着せ替えまで	히어로 갈아입히기까지
揃ってるでやんす！	갖춰져 있습죠！
グランドマン	그랜드맨
の走行モデルまで	의 주행 모델까지
感動でやんす！	감동입죠！
感謝してもしきれないでやんす。	감사해도 모자랍죠。
いや、あんたのスピリッツに	아니、당신 스피릿에
ここにある物全部買うでやんす！	여기 있는 거 전부 삽죠！
のスピリットか！	의 스피릿인가！
それくらいのお金は・・・	그 정도 돈은・・・
ネットでチェックしてるから	넷으로 확인하니까
ゲッ！！	겍！！
いや、しかし、これだけのお宝が	아니、하지만 이만한 보물이
これくらいの金は・・・	이 정도 돈은・・・
・・・おやじさん、ローンは、	・・・아저씨、할부는、
ローンはきくでやんすか？	할부는 됩죠？
どうか、オイラのために	부디、날 위해
キープしてくれでやんす！	킵해 주십죠！
一生のお願いでやんす！	평생의 부탁입죠！
なんだか情けなくないのか？	왠지 한심하지 않냐？
手に入れる為なら、手段は	손에 넣기 위해서라면、수단은
どうでもいいんでやんす！	아무래도 좋습죠！
お前のスピリッツ、	네 스피릿、
場所はわかったんだし、	장소는 알았으니、
また来ればいいじゃないか。	또 오면 되잖아。
スピリッツに誓って、あの店を	스피릿에 걸고、저 가게를
カラッポにしてやるでやんす！	텅 비게 만들겠습죠！
よし、店を見つけてくれてお礼に	좋아、가게 찾아준 답례로
また野球を教えてやるでやんす！	또 야구 가르쳐 주겠습죠！
もうお金ないんでやんす！	이제 돈 없습죠！
スピリッツでなんとかしろ。	스피릿으로 어떻게든 해라。
お金、大丈夫～？	돈、괜찮아～？
ずいぶん買って行ったからな。	꽤 사 갔으니까。
支店長は、営業不振を理由に	지점장은、영업 부진을 이유로
まったく、どいつもこいつも	정말、하나같이 죄다
私をなんだと・・・・	나를 뭐로・・・・
支店長、	지점장、
会長がお呼びです。）	회장님이 부르십니다。）
ただいま参りまーす！	지금 갑니다～！
です！	입니다！
あのー、会長？	저기、회장님？
、いいニュースだぞ。	、좋은 소식이다。
古い地下道が発掘できてな。	오래된 지하도가 발굴돼서。
土地を買ったと報告が・・・	땅을 샀다고 보고가・・・
この本が入っていたのだ。	이 책이 들어 있었던 거다。
威圧感を感じる書物ですね。	위압감이 느껴지는 서적이군요。
で、これはいかなる魔道書で？	그래서、이건 어떤 마도서로？
これは聖書なんだが。	이건 성서인데。
ただし、これは	다만、이건
盗賊聖書	도적 성서
どんな秘められたパワーが？	어떤 숨겨진 힘이？
「汝、なになにをしてはいかん」	「너、무엇무엇을 하지 말라」
というやつだ。	라는 거다。
ところが、この聖書では	그런데、이 성서에서는
つまり、「汝、盗むべし」と	즉、「너、훔칠지어다」라고
あの？	저기？
あの・・・それじゃ・・・	저기・・・그럼・・・
これって単なる珍しい本・・・	이거 그냥 희귀한 책・・・
この本が、ここに存在することは	이 책이 여기 존재한다는 건
中世より今日にいたるまで、	중세부터 오늘에 이르기까지、
いかにキリスト教的道徳観に	얼마나 기독교적 도덕관에
逆らうものが多かったかという	거스르는 자가 많았는가라는
何百億って金を・・・	몇백억이나 되는 돈을・・・
たかが本一冊に	고작 책 한 권에
お金がもったいない	돈이 아깝다
などというのは、凡人の発想だ。	따위는、범인의 발상이다。
そんなことでは、	그래서는、
北極支店でがんばれないぞ。	북극 지점에서 못 버틴다。
そんな、ちゃんと	그런、제대로
その本は、	그 책은、
見つかったじゃないですか！	찾았잖아요！
だが、	하지만、
の営業成績が悪すぎる。	의 영업 성적이 너무 나쁘다。
これでお前を処分しなかったら、	이걸로 널 처분 안 하면、
私は・・・	나는・・・
・・・・・・待て。	・・・・・・기다려。
もっと大量に用意できないか。	더 대량으로 준비 못 하나。
あんた、なにをする気だい。	당신、뭘 할 셈이지。
商店街も、	상점가도、
この町も	이 마을도
ま、金さえもらえるなら	뭐、돈만 받을 수 있으면
別にオレは	딱히 난
いよし、任せろ。	い좋아、맡겨라。
いうっ、そう言われたら・・・	いつ、그렇게 말하면・・・
もういいよ！	이제 됐어！
買い取れないよ。	사들일 수 없어。
持って帰ってくれないかなぁ。	가져가 주면 안 될까。
大成功でやんす。	대성공입죠。
250円かなぁ。	250엔이려나。
その査定はおかしいでやんす！	그 감정은 이상합죠！
何冊か入ってたでやんす！	몇 권이나 들어 있었습죠！
「ワンプース」は一冊でも	「완푸스」는 한 권이라도
買い取ってくれるはずでやんす！	사들여 줄 겁죠！
・・・別に、だますつもりは	・・・딱히、속일 생각은
じゃ、全部で1130円な。	그럼、전부 1130엔이다。
君、すごいなぁ。	군、대단하네。
取り分は変わらないでやんす。	몫은 안 바뀝죠。
やんすか？！	버린 겁죠？！
いくらなんでも、あの値段じゃ	아무리 그래도、그 값으론
どうなるんでやんす！	어떻게 되는 겁죠！
もうかったでやんす。	벌었습죠。
ああ！？	아아！？
いや、資源の有効活用を・・・	아니、자원의 유효 활용을・・・
私が言ってるのは、	제가 말하는 건、
の教育上の問題です。	의 교육상 문제입니다。
あの子ったら、このあたりの	그 애가 말이죠、이 근처
ゴミの回収日を調べて、	쓰레기 수거일을 조사해서、
金銭感覚がおかしくなったら	금전 감각이 이상해지면
いや、そ、それはその・・・	아니、그、그건 그・・・
オイラ、別にお金をムダ遣いとか	나 딱히 돈을 낭비하거나
してないよ。	안 했어。
ほら、かせいだお金も	봐요、번 돈도
ちゃんと貯金してあるでやんす。	제대로 저금해 뒀습죠。
まだ早いと思ってましたが、	아직 이르다 생각했지만、
には、もっとちゃんとした	한테는、좀 더 제대로 된
それと、その収入は	그리고、그 수입은
あなたが大人になるまで、	당신이 어른이 될 때까지、
・・・よろしいですね。	・・・괜찮으시죠。
俺にもアルバイトを紹介・・・	나한테도 알바 소개・・・
では、間もなく開演です。）	그럼、곧 개연입니다。）
も、出番は最後の方だけ	도、출연은 마지막 쪽뿐일
かもしれないけど、	지도 모르지만、
自信を持って、自分で作り上げた	자신을 갖고、스스로 만들어 낸
その役を信じるの。	그 역을 믿는 거야。
ちゃんもがんばって。	짱도 힘내。
商店街の人達が一生懸命	상점가 사람들이 열심히
宣伝してくれたんでやんす。	선전해 줬습죠。
ちょっとは感謝してくれよ？	조금은 감사해 달라고？
今日来てるお客さんの為に、	오늘 온 손님들을 위해、
（おう！）	（오냐！）
は良かったよ。	는 좋았어。
くんと	군과
テンション高かったけど	텐션이 높았지만
そのおかげかもね。	그 덕분일지도。
、最高の芝居だったな。	、최고의 연극이었어。
観てくれたんだ。	봐 준 거구나。
戻って来れなくなるからな。	돌아올 수 없게 되니까。
といいます！	라고 합니다！
ちゃんの夢も	짱 꿈도
誘われちゃった。	권유받아 버렸어。
ちゃん、よかったな。	짱、잘됐네。
さあ、明日も頑張るぞぉ～！！	자、내일도 힘내자아～！！
オレがどれだけがんばったか	내가 얼마나 애썼는지
みんな忘れてるんだろうな。	다들 잊고 있겠지。
・・・それよりあいつだ。	・・・그것보다 그놈이다。
あんなやつのどこがいいんだ。	저런 놈 어디가 좋다는 거야。
のやつ・・・	의 녀석・・・
オレは、絶対に	난、절대로
こんな芝居は認めないからな！	이런 연극은 인정 못 하니까！
に紹介したんだ？	에게 소개한 거야？
もし	만약
が抜けたら、	가 빠지면、
この劇団は	이 극단은
どうなるんだよ？	어떻게 되는 거야？
がビッグになれる	가 크게 될 수 있는
よお、	여어、
クェーーー！	꿰에～～～！
クワー！	꽈아～！
・・・・・・・・・どこ？	・・・・・・・・・어디？
ふう・・・	후우・・・
シーシー・・・	쉿쉿・・・
・・・え、車？	・・・어、차？
・・・・・・・・・おい。	・・・・・・・・・어이。
胸に、	가슴에、
ぐっ、	윽、
なあ・・・	저기・・・
虫は	벌레는
・・・ふぅ。	・・・후우。
へえ・・・	허어・・・
・・・・・・・・・そう。	・・・・・・・・・그래。
だな。	로군。
での	에서의
けど、	하지만、
ねっ？	그치？
がぁ。	가아。
さ～ん！	씨～！
待て！	기다려！
（ヒューー!）	（휘이～～！）
な～に～？	뭐～야～？
の奴。	의 녀석。
お～い	어～이
ハッ！	핫！
何で？	어째서？
いた！	있다！
読む？	읽을래？
さ～ん）	씨～）
体が！	몸이！
プハー！	푸하～！
よね？	그렇지？
死ね！	죽어！
寝て。	자。
体ね！	몸 말이야！
何に？	뭐에？
よう	여어
は～い	네～
何の？	무슨？
しゅ・	슈・
・・・・・・・そう。	・・・・・・・그래。
・・・・・・・うん。	・・・・・・・응。
辛い！	맵다！
うっ！	윽！
ねえ・・・・・・・。	있잖아・・・・・・・。
時は？	땐？
早く・・・・・。	빨리・・・・・。
顔が。	얼굴이。
怖い！	무서워！
高い・・・・。	높아・・・・。
俺が	내가
って	라니
おい	어이
は～い！	네～！
俺に？	나한테？
かも。	일지도。
おや！	어라！
）さん？	）씨？
・・・・・・うん。	・・・・・・응。
いや！	아니！
後に	나중에
だろ？	그렇지？
まて！	멈춰！
うん・・・・・・・・。	응・・・・・・・・。
オス	오스
・・・・・・はあ。	・・・・・・하아。
んだ～。	거야～。
うぐ・・・・・。	으윽・・・・・。
君の	군의
どう	어떻게
かと。	할까 하고。
ピッ！	삑！
い～ち	い하～나
キュ～。	큐～。
いや・・・・・・。	아니・・・・・・。
ちょ！	잠깐！
また	또
の奴、	의 녀석、
ちょ	잠깐
私も・・・・・。	나도・・・・・。
私も	나도
君が、	군이、
って！	라니！
（ドン！！）	（쿠웅！！）
待て～！	기다려～！
ない！	마！
顔も。	얼굴도。
くれ・・・・。	줘・・・・。
イン	인
ある。	있어。
それ	그거
君へ	군에게
ちょ、	잠깐、
・・・・・・・・そう。	・・・・・・・・그래。
ぷは～！	푸하아～！
ゲーム？	게임？
おい・・・・・	어이・・・・・
ねっ	그치
のか？	거냐？
誰だ？	누구야？
変な	이상한
ヒーロー	히어로
思う。	생각해。
うお！	우옷！
道が	길이
おう	오냐
それ？	그거？
おい。	어이。
ある？	있어？
カレー	카레
作る	만든다
誰が？	누가？
私が。	내가。
ない。	없어。
違う	아니야
イヤ？	싫어？
・・・・・そう。	・・・・・그래。
同じ・・・・・。	똑같아・・・・・。
カバ？	하마？
（う～ん。	（으～음。
別に	딱히
にか？）	한테인가？）
君は！	군은！
）で～す。	）입니다～。
俺を？	나를？
でも・・・・・・。	그래도・・・・・・。
それ、	그거、
５０人前。	５０인분。
君に。	군에게。
はあ	하아
黒い？	검다고？
ちょ・・・・・！	잠깐・・・・・！
・・・・・・なに？	・・・・・・뭐？
前に	전에
・・・・・・う～ん。	・・・・・・으～음。
だよ～。	거야～。
私が・・・・・	내가・・・・・
・・・・・・カギ？	・・・・・・열쇠？
ほう	호오
（あの	（저기
あの。	저기。
よう！	여어！
ピエ	삐에
あれ～？	어라～？
その	그
私に？	나한테？
ボ～ク、	나～、
う～ん！！	으～음！！
うっ・・・・・・・。	윽・・・・・・・。
どう・・・・・・？	어때・・・・・・？
アレ？	저거？
のは？	란？
ア～ン	아～앙
ア～ン！	아～앙！
キャ！	꺄！
まあ	뭐
作る？	만들어？
そっ！	그래！
チッ！！	칫！！
もう～！	정말～！
何か？	뭔가？
よし！）	좋아！）
ねえ？	있잖아？
誰に？	누구한테？
友が！	친구가！
「そう・・・・・」	「그래・・・・・」
・・・・・・・カギ？	・・・・・・・열쇠？
なっ！！	뭣！！
はい・・・・・・。	네・・・・・・。
はぁ・・・	하아・・・
その・・・	그게・・・
はい、	네、
ふむ・・・	흠・・・
では・・・	그럼・・・
はぁ・・・？	하아・・・？
では。	그럼。
わーっ！	와앗！
俺も、	나도、
￥は、	￥는、
でも？	그래도？
・・・えー！	・・・에～！
・・・・・・ふぅ。	・・・・・・후우。
かぁ・・・	인가・・・
へぇ～？	허어～？
なぁ・・・	말이야・・・
帰ろ・・・	돌아가자・・・
・・・あら、	・・・어머、
うーん！	으음！
・・・幸せ。	・・・행복해。
うむ・・・	음・・・
いえ・・・	아뇨・・・
はあ・・・	하아아・・・
ボール？	공？
ほう。	호오。
・・・また	・・・또
うわ。	우와。
なら、	그럼、
ＣＤ・・・は、	ＣＤ・・・는、
ふむ	흠
くそー！	젠장～！
んー・・・	으음・・・
私は、	나는、
かな	려나
俺は、	난、
ふん	흥
ふーん	흐음
っは！	핫！
うぁ～！	우아～！
えーと・・・？	그러니까・・・？
（肉だ・・・	（고기다・・・
（え？・・・肉！？	（어？・・・고기！？
・・・怖ッ！）	・・・무섭！）
ふぅ・・・	후우우・・・
お腹	배
吉か。	길인가。
うわ、	우와、
前に、	전에、
くっ！	윽！
さん。	씨。
前半	전반
後半	후반
木川	키가와
君。	군。
貴子	타카코
広川	히로카와
くん。	군。
寺門	지몬
さん！	씨！
大神	오가미
水？	물？
監督！？	감독！？
権田	곤타
山下	야마시타
官藤	칸토
事故？	사고？
今、	지금、
さん・・・・・・	씨・・・・・・
さん	씨
武美	타케미
必	필
殺	살
技	기
極力	최대한
今度	다음번
本来	본래
文章？	문장？
・・・・・・夢？	・・・・・・꿈？
秘密。	비밀。
親・・・	부모・・・
君？	군？
宿敵	숙적
東！	동！
さん、	씨、
水間	미즈마
、最高！！	、최고！！
白	시로
何？！	뭐？！
「劇団	「극단
俺？	나？
愛	사랑
君！	군！
野田	노다
完成？	완성？
男	남자
楽？	편해？
子供？	아이？
大村	오무라
若木	와카키
椿	츠바키
向井	무카이
頭	머리
尻尾	꼬리
時計	시계
・・・・・・兄貴。	・・・・・・형님。
今	지금
師匠	사부
悪党？	악당？
並木	나미키
河原	강가
大手？	대기업？
副業？	부업？
毎回	매번
対	대
前回	지난번
太田	오타
）店長。	）점장님。
誰？	누구？
くん	군
金男	카네오
銀次	긴지
青島	아오시마
巡査！	순경！
先生。	선생님。
巡査。	순경。
回復	회복
さん？	씨？
温水	누쿠미즈
以前	예전
成仏？	성불？
くん！	군！
・・・・・・・・・大凶？	・・・・・・・・・대흉？
宝物	보물
則夫	노리오
結婚！？	결혼！？
くん？	군？
宝物・・・？	보물・・・？
魔法？	마법？
小向	코무카이
古田	후루타
隆雄	타카오
今日	오늘
凡田	본다
最近、	요즘、
さん・・・	씨・・・
亀田	카메다
何？	뭐？
全部	전부
野球？！	야구？！
大北	오오키타
昨日、	어제、
演出	연출
衣装	의상
音響	음향
照明	조명
制作	제작
さん！！	씨！！
元？	원래？
・・・・・・試合。	・・・・・・시합。
三田	미타
湯田	유다
番長	반장
誰？！	누구？！
劇団	극단
三振	삼진
今度、	다음에、
・・・日記？	・・・일기？
さん・・・・	씨・・・・
子	아이
出川	데가와
梶原	카지와라
演出！	연출！
車・・・？	차・・・？
野球～？！	야구～？！
車？！	차？！
車？	차？
心配？	걱정？
華丸	하나마루
秘密！	비밀！
電話？！	전화？！
くん・・・	군・・・
弱虫！	겁쟁이！
風呂？	목욕？
正男	마사오
体力	체력
准	준
維織	이오리
全然・・・・・・。	전혀・・・・・・。
炎	불꽃
君	군
野	노
妹？	여동생？
野崎	노자키
約束・・・・・・。	약속・・・・・・。
普段	평소
草。	풀。
草？	풀？
以上。	이상。
本当・・・・・。	정말・・・・・。
隣町？	옆 동네？
世納	세노우
検討	검토
不安。	불안。
さん・・・・・・・。	씨・・・・・・・。
金髪。	금발。
親友。	절친。
祝日	공휴일
外国。	외국。
追伸	추신
さん・・・・・。	씨・・・・・。
さん・・・・・・・・	씨・・・・・・・・
地上？	지상？
電視	전시
大学？	대학？
全然。	전혀。
さん・・・・・・。	씨・・・・・・。
夢？	꿈？
当然	당연
さん・・・・・？	씨・・・・・？
挑戦？	도전？
夏目	나츠메
炎斬	염참
君・・・・・・・・。	군・・・・・・・・。
宝物。	보물。
雪白	유키시로
君・・・・・。	군・・・・・。
経営。	경영。
さん～！	씨～！
本当・・・・・・？	정말・・・・・・？
店？	가게？
今年？	올해？
さん・・・・。	씨・・・・。
君・・・・・・。	군・・・・・・。
君・・・・・・・。	군・・・・・・・。
夏菜	카나
城田	시로타
公園	공원
野球・・・	야구・・・
霧生	키류
安藤	안도
牧村	마키무라
晴継	하루츠구
店長	점장
昨日？	어제？
一度	한 번
残念・・・	아쉽네・・・
感心。	감탄。
箱・・・	상자・・・
中身	내용물
中・・・	안・・・
最高！	최고！
休憩。	휴식。
一応・・・	일단・・・
最後？	마지막？
・・・何？	・・・뭐？
秘密	비밀
様、	님、
岩井	이와이
私・・・	나・・・
絶対！	절대！
月曜	월요일
木曜	목요일
普通！	보통！
大凶・・・	대흉・・・
冬子	후유코
