count	budget	max	jp	ko
18	4	19	ちゃん。	
11	3	19	さんに	
10	8	19	と話しました）	
10	6	19	少森寺	
10	6	19	遠前町	
9	6	19	じゃないか。	
8	3	19	さんは	
7	11	19	が仲間になった！）	
7	10	19	しいに行こうかな）	
6	13	19	がパワーアップしました。）	
6	14	19	ちゃんに電話してみるか。	
6	4	19	ちゃん？	
6	4	19	さんは、	
6	4	19	さんは？	
6	3	19	さんが	
6	3	19	さんも	
5	11	19	さんがそう言うなら。	
5	7	19	じゃないのか？	
5	6	19	来るなんて	
5	4	19	い読む	
5	3	19	さんの	
5	3	19	さんを	
4	14	19	（Ａボタンでボール発射、	
4	9	19	さんじゃないか～。	
4	10	19	さんを待ってるよ。	
4	7	19	なんだなぁ～。	
4	6	19	だからね～。	
4	5	19	じゃなくて	
4	5	19	でやんす。	
4	5	19	コマンドが	
4	4	19	ちゃん！	
4	4	19	さんだ。	
4	4	19	からな。	
4	4	19	さんか。	
4	3	19	それに	
3	21	19	ちゃん、今日は何か用事あるかい？	
3	15	19	さんは、どこに行きたいんだ？	
3	11	19	（住んでる場所が	
3	9	19	・・・末吉か。	
3	5	19	コマンドで	
3	5	19	じゃない。	
3	8	19	（喫茶店で	
3	5	19	さんって、	
3	4	19	のことは	
3	8	19	遠前支店	
3	4	19	うろつき	
3	4	19	それから	
3	5	19	と呼べ。	
3	4	19	だから。	
3	4	19	さんだ！	
3	3	19	オレは	
3	3	19	さんと	
3	3	19	わたし	
2	27	19	し、頼んだら勝手に飲み物も食べ物も出て	
2	19	19	バナナパウンドケーキ、いちごのタルト、	
2	22	19	「完全なヒモになったね」とか言われるん	
2	19	19	さんを見つける事ができなかったけど	
2	17	19	したんじゃない、食いたかったから	
2	15	19	・・・・・・・・・おじちゃん。	
2	18	19	いもう一度このシーンをやり直す	
2	19	19	そんなボ～クが野球をする理由は	
2	16	19	ちょっと考えてさせてもらっても	
2	14	19	（あいうえおいうえおあうえお	
2	14	19	とキャッチボールをしました）	
2	15	19	じゃあ、ボ～クから投げさせて	
2	16	19	さんが、この街で頼るとしたら	
2	16	19	のそばに居る事になりました。	
2	15	19	きそもそもカード野球とは？	
2	14	19	思うんだけど、いいかしら？	
2	18	19	（壁の穴を塞ぐための荷物は	
2	18	19	始めたんで、試合放棄した。	
2	13	19	しなくちゃなんないのさ～？	
2	18	19	の能力で喜んでくれる人達が	
2	19	19	夜中の二時、いつの間にか寝	
2	15	19	だけど、それはどんな人間も	
2	15	19	ただなんとなく、商店街を	
2	13	19	が助けてくれたでやんす！	
2	12	19	なにをおっしゃってるのか	
2	17	19	・・・段取り大丈夫かな。	
2	12	19	リハーサルのことです。）	
2	15	19	お前に奥義のなんたるかを	
2	12	19	ま、あのままやっていても	
2	16	19	あの格好でこの街にいる事	
2	14	19	にも理由がありそうだし。	
2	14	19	の能力はもったいないけど	
2	14	19	にしかできない技を見せて	
2	12	19	さんにおごってもらおうと	
2	14	19	やっぱり餌付けされてるじ	
2	13	19	がコーヒーを持ってきたら	
2	13	19	さん、来てくれたのかな？	
2	14	19	さて、なんて反論しよう）	
2	11	19	（・・・ごめんなさい、	
2	11	19	がパワーアップした！）	
2	11	19	おごってもらいました）	
2	15	19	は守備が上手いなあ～！	
2	13	19	って・・・・・貴方か。	
2	13	19	生かされると思うんだ。	
2	13	19	とりあえず、もう一回。	
2	13	19	じゃ、約束したからな。	
2	11	19	そんなに、いつもいつも	
2	12	19	さん、何やってんすか？	
2	10	19	いああ、そうしよう。	
2	12	19	すぐに帰って来いよ。	
2	10	19	がんばっていきます。	
2	12	19	次がんばろうぜ、次！	
2	12	19	景品がもらえます。）	
2	12	19	見て回っていたんだ。	
2	11	19	Ｂボタンを押しながら	
2	12	19	を見失ったでやんす。	
2	10	19	なんだこのチームは！	
2	10	19	もいないってことは、	
2	13	19	本来の姿なんですよ。	
2	10	19	いいじゃないですか。	
2	10	19	あげようじゃないか。	
2	10	19	すごいごちそうだな。	
2	12	19	観に来てくれてたの！	
2	10	19	よかったじゃないか！	
2	11	19	恥ずかしくないのか？	
2	15	19	お前達、試合中だぞ？	
2	13	19	下見に来たのだカニ！	
2	12	19	ハァ、緊張してきた。	
2	11	19	見せてもらおうかな。	
2	11	19	いつでも会えるように	
2	12	19	さん。昼食どうする？	
2	11	19	どこに行っているの？	
2	11	19	じゃあ、また来るよ。	
2	10	19	じゃあ・・・・・・。	
2	12	19	生えると思いなさい。	
2	12	19	なんでボ～クが野球を	
2	10	19	まさか・・・・・・。	
2	11	19	ぐっすり寝れそうだ。	
2	11	19	わかった、すぐ行く。	
2	11	19	わかった、すぐ戻る。	
2	11	19	ちょっと待ってろよ。	
2	9	19	・・・ごめんね。）	
2	12	19	お前の目から見て、	
2	9	19	おじちゃーーん！！	
2	10	19	言ってなかったか？	
2	10	19	恥ずかしいからな。	
2	10	19	カッコ良かったよ。	
2	10	19	君がどうしたんだ。	
2	10	19	そこで見かけたぜ。	
2	9	19	トゥルルル・・・）	
2	13	19	女の子に会いに行く	
2	9	19	ニコニココアラーズ	
2	10	19	声かけてくれたの。	
2	9	19	・・・あ、そうだ。	
2	12	19	今から逆転するぞ！	
2	9	19	ってチームだった。	
2	10	19	まとめ直してくれ。	
2	10	19	行ってらっしゃい。	
2	12	19	ああ、俺の名前ね。	
2	9	19	ちゃん。いつもの。	
2	11	19	なんか反応しろよ！	
2	11	19	いろいろな種類の。	
2	9	19	さんからのおごり。	
2	10	19	無いじゃないか～。	
2	10	19	を演じてくるよ～。	
2	10	19	保ってくれないか？	
2	12	19	なんか顔色悪いぞ？	
2	11	19	ご飯作ってやるよ。	
2	13	19	君、鍋の用意じゃ！	
2	10	19	よくわからない人だ	
2	8	19	（チクショー！）	
2	8	19	わからないだろ。	
2	8	19	マックスパワーズ	
2	8	19	あった、これだ！	
2	8	19	っていったっけ？	
2	8	19	はどうしたんだ。	
2	8	19	わはははは・・・	
2	9	19	のチームに勝てば	
2	9	19	来たかったんだ。	
2	10	19	それに引き換え、	
2	10	19	お疲れ様でした。	
2	9	19	なにをしに来た？	
2	13	19	の天才拳法家を？	
2	10	19	さんもお疲れ様。	
2	9	19	お持ちください。	
2	8	19	もちろんだよ～！	
2	8	19	じゃないですか。	
2	9	19	さんは居るかな？	
2	9	19	さんが望むなら、	
2	9	19	何かあったっけ？	
2	12	19	今日は何の日だ？	
2	8	19	そうじゃないと、	
2	9	19	このトレイが頭に	
2	10	19	人に笑ってもらう	
2	9	19	どこ行ったんだ？	
2	10	19	何も変わらない。	
2	13	19	観客が大勢居て、	
2	12	19	の部屋に住む事に	
2	9	19	無いじゃないか。	
2	7	19	なるほど・・・	
2	9	19	え打撃について	
2	8	19	い入ってみる。	
2	7	19	さんでやんす。	
2	8	19	ぶっ飛ばすぞ！	
2	7	19	なになに・・・	
2	8	19	すべて塞げば、	
2	10	19	急に真っ暗に！	
2	13	19	12月の2週目	
2	8	19	さあ、帰ろう。	
2	7	19	なんてザマだ！	
2	8	19	終わりました。	
2	7	19	ありませんか？	
2	9	19	ウンコ垂れの助	
2	7	19	・・・ごめん。	
2	8	19	見たんだって。	
2	8	19	観てくれてて。	
2	8	19	言っておいて。	
2	7	19	あるでやんす。	
2	9	19	君のお母さん。	
2	7	19	はどうなんだ？	
2	11	19	君、大丈夫か？	
2	8	19	は強いですね。	
2	9	19	のが問題だな。	
2	7	19	やれやれ・・・	
2	8	19	守ってくれよ。	
2	9	19	七番テーブル。	
2	8	19	思ってるのね。	
2	10	19	今日も来たよ。	
2	10	19	仕方が無いよ。	
2	7	19	それじゃあね。	
2	8	19	会わなかった？	
2	8	19	ちょっと待て。	
2	7	19	どうしようか？	
2	8	19	食べなさいよ。	
2	10	19	ませ。ご主人様	
2	8	19	さんが居ない。	
2	8	19	信じていいの？	
2	8	19	・・・帰ろう。	
2	9	19	美味しかった。	
2	8	19	怒ってますよ？	
2	7	19	まったく・・・	
2	6	19	さんもどう？	
2	8	19	狂犬ドッグス	
2	6	19	できます。）	
2	7	19	おい、お前！	
2	8	19	相手チームが	
2	7	19	気にするな！	
2	6	19	のでやんす。	
2	7	19	どこ行くの？	
2	6	19	それで・・・	
2	9	19	自信を持って	
2	6	19	じゃないの？	
2	6	19	（バタッ！）	
2	8	19	策略だろう。	
2	8	19	おーい審判！	
2	8	19	い短縮しない	
2	6	19	くるからね。	
2	6	19	あげるよ～。	
2	6	19	それじゃあ。	
2	6	19	もらうよ～。	
2	6	19	わかった～。	
2	8	19	抹茶パフェ。	
2	6	19	それだけで。	
2	8	19	行って来る。	
2	7	19	遅くなった。	
2	8	19	実行するぞ。	
2	6	19	あるんだよ。	
2	6	19	まあ、いい。	
2	6	19	いいかな～？	
2	9	19	今、何時だ？	
2	8	19	お腹空いた。	
2	6	19	だからねっ！	
2	9	19	く映画館ＳＰ	
2	6	19	しますかな。	
2	6	19	むむむ・・・	
2	7	19	カード野球	
2	7	19	特殊カード	
2	7	19	補助カード	
2	5	19	どうする？	
2	5	19	さんたら。	
2	6	19	この勢いで	
2	5	19	のやつらも	
2	5	19	のチームに	
2	6	19	う食べる。	
2	6	19	（その後、	
2	10	19	木川古書店	
2	5	19	わんわん！	
2	5	19	やっぱり、	
2	6	19	ワルクロ団	
2	10	19	第5回公演	
2	5	19	でやんす！	
2	5	19	なんとなく	
2	7	19	（壁の穴を	
2	9	19	遠前支店）	
2	5	19	スーパーの	
2	5	19	じゃない！	
2	9	19	日本支社の	
2	7	19	マルチ商法	
2	6	19	お父さん！	
2	5	19	とにかく、	
2	5	19	ていうか、	
2	6	19	助かるよ。	
2	7	19	あのお芝居	
2	6	19	行くなよ！	
2	6	19	諦めるか。	
2	5	19	やった～！	
2	5	19	いいよ～！	
2	5	19	なりました	
2	6	19	お待たせ。	
2	6	19	気がする。	
2	6	19	言えない。	
2	5	19	ないのか？	
2	5	19	くっそ～！	
2	5	19	ピクッ！）	
2	5	19	というか、	
2	6	19	思うんだ。	
2	5	19	いるんだ。	
2	6	19	思うから。	
2	5	19	ですよね？	
2	5	19	だろうな。	
2	5	19	なります）	
2	6	19	君のように	
2	6	19	待ってな。	
2	5	19	カレー屋	
2	5	19	この町で	
2	4	19	Ｙボタン	
2	4	19	Ｘボタン	
2	5	19	押したり	
2	5	19	引いたり	
2	6	19	（今後は	
2	5	19	その後は	
2	4	19	ちゃんは	
2	4	19	それと、	
2	4	19	よしっ！	
2	4	19	たまたま	
2	4	19	さんにも	
2	4	19	ちゃん、	
2	4	19	そんなに	
2	6	19	が一人、	
2	6	19	の絶技を	
2	4	19	ました）	
2	5	19	戻ろう。	
2	4	19	ゃない）	
2	4	19	そんなの	
2	4	19	あれは？	
2	4	19	けどね。	
2	5	19	残したら	
2	6	19	貴方なら	
2	4	19	からね。	
2	4	19	ですよ。	
2	4	19	さんは。	
2	4	19	キャッ！	
2	4	19	いくら？	
2	5	19	この店は	
2	8	19	電視炎斬	
2	6	19	公園で。	
2	4	19	さんって	
2	3	19	のこと	
2	6	19	水曜日	
2	3	19	これが	
2	3	19	つばき	
2	3	19	もっと	
2	6	19	大道具	
2	6	19	小道具	
2	5	19	え河原	
2	3	19	じもん	
2	5	19	明日は	
2	3	19	きっと	
2	5	19	本当の	
2	5	19	今日の	
2	3	19	ごんだ	
2	3	19	ジュン	
2	3	19	そんな	
2	3	19	のざき	
2	3	19	いおり	
2	3	19	ちゃん	
2	3	19	つまり	
2	4	19	の為に	
2	3	19	だけど	
1	47	38	実は、その公演の脚本演出やってたヤツが本が書けないって逃げちまったんだよ。	
1	47	38	だから、遅い球の次に速い球を投げると振り遅れ、逆だと早く振りがちになる。	
1	43	38	それにいつまでも芝居打たないまんまじゃオレら劇団やってる意味ないじゃん。	
1	42	38	あそこの芝居は、どんなのか知らないけど見に来るのは若い子たちなんだろ。	
1	42	38	じゃあ、野球とかけもちで申しわけないが出来る限り手伝わせてもらうよ。	
1	40	38	まあ、劇団が有名になるのが一番いいけどそれはいつのことになるか・・・	
1	36	38	ただ、野球のボールで遊んでやるときだけうれしそうによってくるんだ。	
1	33	38	ちゃんがあんたのこと気にしてるのが気にいらなかったんだろうな。	
1	35	38	芝居で食っていこうって考えてないなら、来ないでくれるかなぁ。	
1	35	38	なんてったって、オイラは元プロ野球選手だったんでやんすから、	
1	34	38	依頼されれば、小さな物から大きな物までなんでも作るよ。	
1	30	38	しかも、いくら公演でもうかったとしてもオレ達団員に	
1	30	38	メイド歴が長いと、そんな事ぐらい見抜けるのですよ。	
1	30	38	だからと言って、金は無いから何も食べれないんだが。	
1	31	38	さすがにもう５時間以上も水だけで座っているからな。	
1	28	38	ほんの少しでいいから、私に時間を・・・・・・・。	
1	26	38	に行った時は客として行ったことになります。）	
1	19	19	あんなところにテントがあるんだなぁ～。	
1	22	19	今日はハンバーグにしようと思ってるの。	
1	23	19	普通に店やってても食っていけないよな。	
1	21	19	「古書フェア」とかやってたりするだろ？	
1	22	19	そんな数字を覚えてらっしゃったんです？	
1	19	19	いったいこれは、どういうことなんだね！	
1	24	19	いつも商店街で顔を合わせてるじゃない。	
1	23	19	最近ちょっと劇団がごちゃごちゃしててさ	
1	24	19	じゃあ、本屋に行くの付き合ってくれる？	
1	26	19	今回は予算が少ないからかなり自腹だし。	
1	23	19	ヨロイ着て腰にバット差してるような奴が	
1	28	19	この喫茶店が商店街の集会所なんですね。	
1	22	19	オイラ知らない人とは話しないでやんす。	
1	24	19	野球での町おこしも大変みたいですね。）	
1	26	19	・・・両目から血を流した長い髪の女だ。	
1	19	19	それってかなりヤバイものじゃないのか？	
1	23	19	いや、お前に好意を抱いておるようじゃ。	
1	23	19	こっちの評判を落としに来たわけですな。	
1	30	19	それから大道具に小道具や衣装の製作代。	
1	25	19	宣伝費、それから外部スタッフへのお礼。	
1	20	19	ようやく楽しさがわかってきたところだ。	
1	27	19	こいつは南米で開発された迷惑兵器でね。	
1	22	19	これを食った虫はホルモンバランスを崩し	
1	22	19	ゴキブリの大群に襲わせることができる。	
1	27	19	この不審人物を事情聴取していたのです。	
1	20	19	ああ、チラシもらってくれた人ですよね。	
1	24	19	出自が違うだけで、同類かもしれないぞ。	
1	22	19	お前の姿、もっとまともに見えてるのか？	
1	23	19	今は年金でヌクヌク暮らしてやがるのさ。	
1	22	19	僕がどれだけ苦労したかわかってんのか！	
1	24	19	自分でも本当によくやったと思うんだよ。	
1	21	19	どうにもこうにも困っていた所なんだよ。	
1	21	19	負けたままで済ませるつもりはないだろ？	
1	23	19	チームで野球の助っ人をやっているんだ。	
1	23	19	だから毎回外のスタッフに頼んでるんだ。	
1	23	19	うん、ネットへの侵入は問題なさそうね。	
1	25	19	そのうちの一台から警告音が出てるんだ。	
1	28	19	カード野球と言うのは、攻撃側と守備側が	
1	24	19	カードを１枚ずつ出して試合を進めていく	
1	22	19	会長さんは気づいてなかったみたいだけど	
1	22	19	それどころか、この倉庫を使うんだったら	
1	28	19	小劇場の俳優で良い人材を探してるんだ。	
1	24	19	あ、不自然に見えるものには触らないで。	
1	26	19	画面がなくても脳で映像を認識できるから	
1	28	19	この携帯から電話一本で金を振り込める。	
1	23	19	だから、その原因すべてに復讐するのさ。	
1	21	19	ちょっと気になったから調べてみたんだ。	
1	19	19	ムキになってたからわからなかったけど、	
1	20	19	メニューに載ってるコレとコレと・・・・	
1	20	19	どうしよう？ごまかした方がいいかな？）	
1	24	19	一緒に居ても居づらいと言うか・・・・。	
1	22	19	んだ。たまに何かで聞く事はあるんだが。	
1	25	19	相手に気付かれないように潜って近づき、	
1	25	19	する事は壮大というより陰険な気がする。	
1	23	19	全てが許されるという空想にとらわれて、	
1	24	19	これはいざ、自分の立場だったらと思うと	
1	31	19	三教会の三人の牧師が教会の土地を巡って	
1	24	19	俺には一度聞いただけで、そんなに覚える	
1	22	19	今までいいように扱っておいて、飽きたら	
1	19	19	でも・・・・・いつか、やってもらおう。	
1	23	19	花形ならサーカス団に戻ればいいだろう。	
1	21	19	ストローの束を買ってくればいいんだな。	
1	24	19	だから貴方も、気が向いたらここに来て。	
1	22	19	めんどくさいから一週間レトルトのカレー	
1	27	19	最近は、ほぼ毎日来てるから次に来た時に	
1	23	19	やっぱり男だからご奉仕してもらった方が	
1	24	19	言ってればいいと思ったら大間違いだよ！	
1	22	19	それに話す時は、しっかりこっちを向いて	
1	22	19	金は払ってるんだから、いつもの頼むよ。	
1	21	19	男はやっぱりカッコイイと言われたいな。	
1	23	19	下手に声をかけると、また逃げられそうな	
1	25	19	この問題はボ～クの気持ちの問題だし～。	
1	21	19	なんとなく強くなった気がするんだけど。	
1	21	19	いろいろいれたけど、さすがにすぐ効き目	
1	22	19	ど、どうしたんだ、そんな大声を出して？	
1	25	19	他のお客様に迷惑かかってたかと思うと、	
1	23	19	運動してお腹空いてるし、うんまそうだ！	
1	24	19	この気持ちを無くしたら、人は終わりだと	
1	25	19	飲んでる事が人として終わってる事に気が	
1	24	19	ふつう大丈夫だったら、かすり傷とか言う	
1	24	19	この続きをするとしたら、明日以降かな。	
1	21	19	コーヒーを飲んでたから聞いてなかった。	
1	21	19	なんて説明したらいいかわからないけど、	
1	22	19	かけて、いろいろな物を発明したんです。	
1	25	19	真っ直ぐで終わりが見える道には変わりが	
1	23	19	だから、よほど割の良い仕事をしているん	
1	22	19	それにその前に俺の事をおじいちゃんって	
1	24	19	次にこの店に来るときは、きっと若返って	
1	25	19	部屋に帰ってきて、一言も話さなくなった	
1	22	19	チームの方ではあんまり君と話さなかった	
1	24	19	でも私は鎖を引きちぎって前に進みたい。	
1	23	19	その思いが俺の中に今だくすぶっていると	
1	27	19	毎日鍛えて、すぐに俺の筋肉でお前を驚か	
1	25	19	まあ、何事も信じる者は救われるって事で	
1	21	19	なんか突然パワーアップするかもしれない	
1	28	19	織姫と彦星がこの短冊を見て、家に帰った	
1	29	19	包丁とか料理とか、宇宙規模で似合わない	
1	25	19	そういえばこの間、俺に手料理を作るとか	
1	25	19	今まで料理なんてした事が無いって言って	
1	24	19	俺はそんな誘惑に乗るような男じゃない。	
1	22	19	さっきの顔はかなり犯罪チックだったよ。	
1	23	19	はあ～。一人で食べるのは寂しいなあ～。	
1	22	19	というよりも「膳は急げ」って感じだね。	
1	28	19	中身の入った缶詰を投げる若者がいる国の	
1	25	19	その店員は人に対して投げる為にあげたん	
1	23	19	じゃないとせっかくの男前が台無しだよ。	
1	22	19	こんなんで喜んでくれるなら、お金取ろう	
1	25	19	何か手伝う事があったら手伝ってやろう。	
1	22	19	やっぱりちょっとは運動した方がいいね。	
1	24	19	なんか魔界から召還されたような顔をした	
1	23	19	サーカスとか、デパートの屋上で風船とか	
1	22	19	なんだから暇に違いないだろうと思うし。	
1	24	19	口からその言葉を聞くとは思わなかった。	
1	22	19	やってもいいが、何かしてやる金は無いん	
1	21	19	それを置いて、こっち戻ってきたんだよ。	
1	26	19	私は貴方に、ご奉仕する事が生きがいなの	
1	22	19	このコーヒーを無理やり飲まそうとしてる	
1	23	19	誰にでもこうやって寝顔を見せるのかな。	
1	21	19	そういう問題じゃなくて、その・・・・。	
1	25	19	普段、さんざんコイツには好き放題言われ	
1	22	19	こんなのを見たからって、今まで通りな。	
1	22	19	さ、さすがに数日間コロッケばかりじゃ、	
1	26	19	相変わらずお前は夢に向かって突き進んで	
1	24	19	そんな事より、食べ物を粗末にするんじゃ	
1	25	19	でも、ほぼ毎日来てるから次に来た時には	
1	28	19	（店内が静かだから小声でも二人の会話が	
1	19	19	さすがにイライラしておられるようです。	
1	27	19	二人の会話を聞いた感じだと、あの二人は	
1	21	19	やってるんだから、少しでも忙しくなった	
1	24	19	それにこの衣装を作るのにも時間がかかる	
1	23	19	聞いたところで何の役にも立たんからな。	
1	20	19	そんな、ちょっとぐらい食べたからって。	
1	23	19	そんな事で子供だなんて言われたくない。	
1	26	19	「今日は用事があるから一人で行ってて」	
1	25	19	だけど今回は一人で行くって言ったんだ。	
1	25	19	眠れと念じながら相手の目を見つめます？	
1	26	19	だから今は一生懸命、バイトに励んでお金	
1	26	19	僕の鼻に電池を入れてくれたと言う事は、	
1	21	19	しかし、さっきまで隣に居たはずなんだが	
1	24	19	どんな事でも、きっと私では体験する事が	
1	26	19	数年前に立ち寄った街の話をしてあげる。	
1	27	19	きっと、爆弾が飛び交う戦場の真中でも、	
1	24	19	優雅にコーヒー飲みながら本を読んでると	
1	22	19	この距離で、あの速さのボールをキャッチ	
1	23	19	同じチームなら飛び上がって喜んでたぞ。	
1	21	19	その話し方、うっとしいからやめてくれ。	
1	23	19	それは真っ直ぐで、そして霧一つなくて、	
1	25	19	背中を押されてその女の子は歩いていた。	
1	20	19	だから、こうやってまとめ買いしとかない	
1	22	19	でもコビトカバよりも、もっと好きな動物	
1	21	19	あれ？どうしたの立ち上がって・・・・？	
1	23	19	俺は金を持ってないから、今までおごって	
1	23	19	もらった分を返す事はできないけど、俺に	
1	27	19	大声で一人で騒いでちゃ周りに迷惑だよ。	
1	22	19	おいおい、一人って、どこからどう見ても	
1	22	19	から、早めにメニューに載せようって事で	
1	24	19	来て、貴方が好きなだけコーヒーが飲める	
1	24	19	にしても良いって言ってたから数十万ぐら	
1	23	19	でるけど、朝来ないとその日は来ないから	
1	25	19	この角度で入ると、人はボールを見失って	
1	23	19	僕のプログラムに欠点があると言うのか！	
1	20	19	それはちょっとやり過ぎじゃ・・・・・。	
1	20	19	それならばいつでも作ってもらえるから。	
1	25	19	それも料理を作る時の楽しみの一つだよ。	
1	19	19	いたけど、ここまでするとは・・・・・。	
1	23	19	今からサンドイッチを食べるには最適だ。	
1	19	19	そいつらからプレゼントもらえないのか？	
1	27	19	どうして親密じゃない人に自分の誕生日を	
1	20	19	やっぱりここのコーヒーは飲んでるだけで	
1	23	19	ここまで愛を育んだら、どんな女の子でも	
1	24	19	じゃなくてその子の雰囲気も好きになった	
1	25	19	お嬢様の好みに合わせて作らせた物だよ。	
1	23	19	一見合わないように見えるんですけどね。	
1	24	19	打ち解けて話す事なんて無かったからね。	
1	23	19	彼女をアルバイトとして雇って良かった。	
1	26	19	旅の途中に、再びこの街に来る事があれば	
1	22	19	事件があったと思ってしまうじゃないか。	
1	26	19	服を作りたいって言うか、自分で作った服	
1	26	19	簡単に言っちゃえば、自分の店を持ちたい	
1	20	19	いろいろな人がやってきてくれるでしょ？	
1	24	19	放浪してる人間とか、軽くヒモになってる	
1	27	19	そういう人達と接する方が今の私には大事	
1	25	19	確かに衣服関連のところでバイトした方が	
1	23	19	服は本とか誰かに教えてもらったりして、	
1	23	19	僕がこの世界の神になればいいのですね！	
1	24	19	僕のプログラムなら、不可能は無いはず！	
1	23	19	と言っても、いつも通り金は無いんだが。	
1	23	19	一気に飲むとお腹がふくれてよろしいかと	
1	21	19	腹が減ってるからって、さすがにそこまで	
1	20	19	しかし、パンばかりではノドが乾くよな。	
1	21	19	何がって、コーヒーを飲ませようとだな。	
1	22	19	まあ、逃げられた事には変わりがないか。	
1	22	19	知り合いにはなっておこうと思ってね～。	
1	22	19	そこまで言われたら、何にも言えないな。	
1	21	19	激しくなにかを叩いているような・・・・	
1	23	19	僕をそんな奴らと一緒にするんじゃない！	
1	20	19	何だよ、そのシミュレーションゲームって	
1	21	19	しょーもないベタなギャグを次に言ったら	
1	24	19	口がトレイの大きさまで広がると思った方	
1	25	19	彼女に誕生日プレゼントも買えないなんて	
1	21	19	あの人、やる時はしっかりやるだろうし。	
1	28	19	そしてご主人様と言って、相手を気分良く	
1	22	19	むしろ、こちらから毎日、ここに来させて	
1	25	19	真っ直ぐに伸びた道の上を歩かされてた。	
1	26	19	それが子供の頃から私に背負わされた鎖。	
1	25	19	「一年前にこの街にやって来た時」って。	
1	24	19	この店の雰囲気が好きになったんだって。	
1	22	19	この店はただのアンティーク喫茶だから。	
1	22	19	さんの為に作られたって言ってもおかしく	
1	25	19	いい加減しないと、お前のせいで大地震が	
1	22	19	お前にそんなキャラ似合わな・・・・・・	
1	25	19	あの外に書いてあった、店長新作コーヒー	
1	23	19	店長の新作コーヒーとハムサンドですね。	
1	24	19	俺がお金を持ってないの気付いてるよな、	
1	21	19	いけないかなと思っていたから助かった。	
1	22	19	誰かに飛び立たせてもらうんじゃなくて、	
1	26	19	お嬢様が幼少の頃から見守らせてもらって	
1	30	19	お嬢様が学生時代に出された様々な論文は	
1	23	19	それにお嬢様にはトップにお立ちになる為	
1	27	19	錯覚する程のあの冷静さは上に立つ為には	
1	22	19	それが、どういう意味かわかって欲しい。	
1	21	19	それはどこまでも大きくする事ができる。	
1	24	19	それを背負っていける程に大きくする事が	
1	25	19	生きてきて、初めて良かったと思える時間	
1	24	19	大きな翼を持っている事を忘れないでね。	
1	24	19	人間がいるとの情報が入っているのです。	
1	21	19	しかし、よっぽどお腹が空いてたんだな。	
1	22	19	・・・って、今日は目の前にいるぞ！）	
1	20	19	俺はたしかに変わってるかもしれないが	
1	21	19	そういうところだと結構売れるんだよ。	
1	20	19	あっちから、きっと見守ってくれている	
1	24	19	ランキング専門社の調査で１３万です！	
1	18	19	や、やつをどこかにやってくれムシャ！	
1	21	19	朝の目やにがな、なかなか取れん・・・	
1	21	19	ユニフォーム姿の方がまだ良かったね。	
1	19	19	・・・うん、ぜーんぜん変じゃないよ。	
1	23	19	感情が高ぶっても涙は出ないんだよね。	
1	24	19	だから店を継ぐために必死で勉強した。	
1	20	19	がんばっている姿も見てくれてますよ。	
1	20	19	このあたりはとりあえず無事ですけど。	
1	23	19	酸素の消費を抑えるしかありませんね。	
1	20	19	社内イベントとしてやってるんだって。	
1	18	19	このチームのキャプテンだったんだよ。	
1	19	19	お母さんにこってりしぼられてたけど。	
1	21	19	転がるボールを追いかけるしか能のない	
1	29	19	（喫茶店の地下室で巨大な虫が発生し、	
1	21	19	愛もなく、ただ生命をもてあそぶことが	
1	20	19	いいかげん、お前もお父さんじゃなくて	
1	19	19	あっという間にやっつけたでやんすね！	
1	23	19	シコシコ作業してるから存在感ないけど	
1	19	19	ラテックス臭いってバカにしやがって！	
1	21	19	それから、これ一人じゃ脱げないから。	
1	18	19	・・・ヘル・プ・・・・・くだサ～イ！	
1	25	19	昨日の晩、別れの言葉は何にしようかと	
1	20	19	ここんとこ、ウチは負け続けなんだよ。	
1	21	19	これまでがどうだろうと、今回は勝つ。	
1	20	19	もうこの町には来ないんでやんすかね？	
1	19	19	傷つけるようなことはしちゃいけない。	
1	25	19	え、高校の時には甲子園にも出たんだ。	
1	24	19	甲子園に出ていたら大騒ぎじゃないか。	
1	21	19	・・・お前、手ぇ出してないだろうな？	
1	23	19	最近、あいつがお前を見る目がなぁ・・	
1	22	19	今の会話そのまんまお父さんとしたよ。	
1	23	19	もう時間も遅いから、家に帰りなさい。	
1	21	19	ねえ、お父さんの腰が治っちゃったら、	
1	21	19	本当にこのチームも強くなりましたね。	
1	19	19	さすがにペナルティも大きめでやんす。	
1	25	19	この最後の一回に全力を注ぐでやんす！	
1	21	19	あわてて電源を切っちゃだめでやんす！	
1	18	19	もしかしてケチャップでいためたのしか	
1	20	19	風邪をひいて・・・それっきりだ・・・	
1	20	19	それがあんなに立派になってなぁ・・・	
1	21	19	・・・あ、まさか町内で噂になっている	
1	22	19	今の生活ってお金はそんなにないけど、	
1	21	19	使えば使うほど味がでるのにねぇ・・・	
1	19	19	へこんだだって、すぐ捨ててしまうから	
1	21	19	アイツと仲良くしてみようと思ってな。	
1	22	19	正式な場所というわけじゃないんだけど	
1	21	19	ウチも運動してるんだけど、難しいよ。	
1	26	19	主人を事故で亡くしてから、女手一つで	
1	25	19	電動工具の使い方やら教えてたんだよ。	
1	23	19	その時に、お前はお父さんの後を継いで	
1	22	19	カレー屋やパチンコ屋に遊びに行ってる	
1	23	19	カレー本体の値段を上げたくないのなら	
1	19	19	言ってることはわかりにくいでやんす。	
1	20	19	いいかげんそういうのは卒業しろよな。	
1	19	19	ドライになった、って言ってほしいね。	
1	20	19	スーパーは何か得をするんでしょうか？	
1	23	19	子供がこんな時間に何やってるんだい？	
1	22	19	変な人がオイラを連れ去ろうとしたんで	
1	21	19	このゲーム中では詳しく述べませんが、	
1	22	19	うん、もう個人営業はだめみたいカニ。	
1	18	19	いちいちオレにつっかかってくるんだ！	
1	18	19	もしクリアできたら、このトレーニング	
1	22	19	（・・・ふがいない試合結果に、なんと	
1	21	19	オイラが変な奴らに捕まらなかったら、	
1	19	19	うーん、それは考えたことなかったな。	
1	19	19	いつもタダで食べさせてもらってるから	
1	20	19	・・・まさか、虫とか食べてないよね？	
1	23	19	はぁ～今時の人間にしては珍しいなぁ。	
1	26	19	音響機材は最低限のものにして借りて、	
1	21	19	他にも、なにかとお金は使うんだよな。	
1	21	19	むしろ団費を払ってるからマイナスだな	
1	23	19	もうけた分は次の公演に当てられるんだ	
1	22	19	ここの使用料も払わないといけないし。	
1	25	19	商店街も巻き込んだ宣伝っていうのは。	
1	21	19	問われれば答えるが理（ことわり）なり	
1	21	19	まあ、監督の言うとおりにしてみよう。	
1	18	19	いじけてみたって、しょうがないカニ。	
1	20	19	１００円借りてどうするんだろうって。	
1	23	19	ま、学生時代からのあこがれの人だな。	
1	21	19	試合に勝てなかったんじゃないのかね。	
1	21	19	見られながら練習したじゃないですか。	
1	22	19	活躍するための準備だったんですか？！	
1	21	19	それに今の練習だけでも、へとへとで。	
1	26	19	いいか、今日のお前は試合全体を見ろ。	
1	20	19	そのうち、本当におぼれてしまいます！	
1	21	19	ワタシは川の道に流されていたでーす。	
1	20	19	わたしのこと信用していないのですね？	
1	20	19	ずいぶん追い詰められているようだな。	
1	24	19	私が、この土地の調査を命じられたのも	
1	22	19	じゃ、爆撃機になにか積んでいたのか？	
1	25	19	会長は何百億という金を使ってるんだ。	
1	26	19	商店街以外の人間は近づいてないんだ。	
1	20	19	うろちょろされてるのは迷惑なんだよ。	
1	20	19	なんだけどさ、あの人まだ２０代だよ。	
1	20	19	誰もがアンタみたいに強いわけじゃない	
1	22	19	チーム内部でゴタゴタして隙を見せたり	
1	19	19	それまでしっかり頼むぜ、キャプテン？	
1	20	19	疑うなら、試してみろってことだろう。	
1	23	19	飼い主がこの町に引っ越してきたときに	
1	24	19	この町に初めての一軒家を建てたんだが	
1	21	19	だから夜逃げをしようと思ったんだね。	
1	21	19	なにか楽しい思い出があるんだろうね。	
1	21	19	暴れたりしたのが悪かったんだと思う。	
1	21	19	僕の話ちゃんと聞いてないんじゃない？	
1	23	19	両親に会いに行ってみようと思うんだ。	
1	21	19	お兄さんもずいぶん練習したんだから。	
1	22	19	そういえば、野菜いための日が多いな。	
1	21	19	ちょいとゴーヤとか玉子を混ぜるだけで	
1	23	19	よくマンガなんかで料理の下手な人って	
1	23	19	ケンカは馬鹿馬鹿しいと思ってるんだ。	
1	22	19	絶対スーパーで買うな、って言われると	
1	18	19	スーパーにしかないものもあるんだから	
1	20	19	ひとつひとつ、プチプチッと確実にな。	
1	23	19	従業員といえば、家族みたいなもんだ。	
1	22	19	俺、いつのまに従業員になったんだ？）	
1	22	19	お父さんの腰が良くなるまでは来るよ。	
1	25	19	その城からこの商店街のある城下町まで	
1	22	19	そのときの忘れ物を取りに来たらしい。	
1	24	19	このあたりの土地を全部掘り返さないと	
1	19	19	こんなに良くしてもらってるんだから。	
1	21	19	よかったら、これ持って帰って食べて。	
1	21	19	オイラ達、持ちつ持たれつでやんすね！	
1	19	19	わがままばっかり言ってるんだなぁ～。	
1	23	19	だから、変化する前にどこに移動するか	
1	22	19	こんな所に住んでいたら病気になるよ？	
1	21	19	どうせあたしが一人でやってる店だから	
1	23	19	１ページ目から全然意味がわからない。	
1	21	19	しょうがないから、その本棚捨てたの。	
1	20	19	よく叩かれたり罵られたりしたからな。	
1	23	19	脚本や演出がうまくいかない時とかね。	
1	21	19	この草食えるかなって、考えてたんだ。	
1	22	19	ずっと宇宙人だと思っていたくらいで。	
1	23	19	実際に野球をしてるみたいに感じるよ。	
1	23	19	現実には１時間しか経っていないのか。	
1	20	19	せっかく足をはこんでもらって悪いし、	
1	21	19	これってサービス残業って言うんだよ。	
1	22	19	あの子、他に身寄りがいないんだもの。	
1	19	19	アンタの匂い、あたしらにそっくりだと	
1	19	19	私のためにやってくれたみたいですね。	
1	19	19	あなたがお人よしすぎるってことです。	
1	24	19	我が見えて欲しいと望む者には見える。	
1	21	19	あいつと会ったのも運命のいたずらか。	
1	19	19	あいつみたいに潔くはなれないかもな。	
1	22	19	こっちは毎日のんびり過ごせて幸せです	
1	22	19	だからこっちは当分帰る気はないです。	
1	23	19	東南アジアの方に移住しちまったんだ。	
1	22	19	でも「約束を守れたら考えなおす」って	
1	22	19	だからお正月とかお盆、すごく困るの。	
1	23	19	わたしは姉と一緒に行動してたんだけど	
1	20	19	いろいろあって、一人になっちゃった。	
1	22	19	中に白い粉が、いっぱい入ってるけど。	
1	22	19	でも、硬球は当たったら危ないですよ。	
1	21	19	だけど、昨晩じっくり考えてみたんだが	
1	22	19	グループ作って小さなお芝居をするの。	
1	24	19	時代劇を舞台にして入ってくるとかね。	
1	21	19	次の人が持ってきたシチュエーションに	
1	25	19	自分も役を合わせてお芝居を続けるの。	
1	23	19	家族一緒に住めるようになるんだって。	
1	19	19	この空で、みんなつながってるんだよ。	
1	26	19	普通の生活を送る感じで演技すること。	
1	23	19	演出しているときの様子に驚いてるよ。	
1	25	19	他人に厳しい分、自分にも厳しかった。	
1	21	19	だからもう、自分がだめになった時には	
1	26	19	機密保持用の崩壊シーケンスが始まった	
1	22	19	ウチの店の「米」の配達をするんだよ。	
1	23	19	困ってる人を放っておけない性分でね。	
1	22	19	どれをとっても完璧なお宝店でやんす。	
1	24	19	・・・いま管理所から連絡が来ました。	
1	23	19	本当に強いものは地味なものなんだよ。	
1	22	19	買い物をするとポイントで最大２０％の	
1	22	19	そこへ、この１１月と１２月の売上げが	
1	24	19	会長さん、相手の気が変わらないうちに	
1	19	19	勝つまでは、このチームにいるんだろ？	
1	25	19	商店街に圧力をかける原因があるはず。	
1	22	19	それが解決したら、この町を去ります。	
1	22	19	お前はオレ様に意見をするでござるか？	
1	20	19	ミルファイヤーちゃんは拙者のでゲス！	
1	22	19	最初からあきらめていたら無理だけど。	
1	19	19	・・・だって・・・あたしの夢は・・・	
1	20	19	ガードレールに花が添えられているぞ。	
1	25	19	巨大な虫に商店街を襲わせるそうだな。	
1	22	19	いいぜ、お前の顔も見飽きたところだ。	
1	21	19	物質をたっぷりと置いてあるから・・・	
1	22	19	野球の練習をしないといけないでしょ。	
1	22	19	このまま少ないお客さんを取り合っても	
1	20	19	・・・そこで、人が集まってくるように	
1	23	19	豪腕投手であることを知っているのか？	
1	22	19	こんな奴でも少しは戦力になるかな。）	
1	22	19	貴様の誘いに乗ってやろうじゃないか！	
1	25	19	土地の買収計画がますます遅れる・・・	
1	25	19	あんたらの真の狙いは商店街の土地か。	
1	24	19	野球で商店街をアピールすると聞いて、	
1	27	19	基礎練習にも発声練習にも慣れてきたし	
1	20	19	こいつちょっと勘違いしてるみたいだ。	
1	23	19	もう、倉庫には行かないのが賢明だな。	
1	22	19	毎月みんなでお金出してやってかないと	
1	22	19	なるほど、あれがウワサの野球浪人か。	
1	19	19	あたしは好きだけどなぁ、そういうの。	
1	21	19	この前、漢字のテストがあったそうね。	
1	22	19	大道具もやってもらおうかと思うんだ。	
1	22	19	役者も裏方やらないとまわらないんだ。	
1	21	19	なんだか本番が楽しみになってきたぞ。	
1	23	19	映画館なんて、久しぶりだから楽しみ！	
1	23	19	さて、映画の券を手に入れてくるか。）	
1	20	19	君が戻ってなかったらどうすればいい？	
1	19	19	誰かをさらってくるわけにいかないし。	
1	21	19	だから、そういう問題が起きないように	
1	20	19	ふざけた名前だけど、そいつのおかげで	
1	19	19	こうしてピクニックにも行けるんだし。	
1	22	19	たまたま商店街に貼ってあったチラシを	
1	22	19	・・・あの芝居は一日だけだったけど、	
1	20	19	なんだっけ「ピカデリー星人」だっけ？	
1	21	19	俺なんかが主役やるわけにいかないよ。	
1	22	19	まったく緊張感足らないんじゃないか。	
1	22	19	プロデューサーと主役を両方だからな。	
1	23	19	（・・・着ぐるみ見て気づかない時点で	
1	24	19	ま、その方がお宝が他人の手に渡らずに	
1	23	19	埋まってる可能性が高いはずでやんす。	
1	21	19	ただ、なにぶん資金が足りませんので。	
1	23	19	毎日応援に来てくれるのはうれしいけど	
1	26	19	風来坊なんかより、普通に生活した方が	
1	23	19	アイデア次第で解決できると思うんだ。	
1	22	19	しっかり宣伝すれば客も来てくれるさ。	
1	22	19	そうだ、あたしの家のお風呂貸そうか？	
1	19	19	ボーナス込みでキッチリもらったしな。	
1	18	19	ちょっとまずいことになってるみたい。	
1	23	19	相手のカードと合っていれば、完璧だ。	
1	20	19	だから、なるべく範囲がせまいカードか	
1	21	19	カード力の大きいカードを出せばいい。	
1	21	19	カードの下に出ている緑のメーターだ。	
1	19	19	そいつを今からぶちこわしてやるのさ。	
1	18	19	あのイベントのときイキイキしてたな。	
1	21	19	ずっと野球をやってれば良かったんだ。	
1	20	19	全身でアピールするようになったんだ。	
1	25	19	絶対に本番は出来が違ってくるからな。	
1	24	19	自信もつくし、悪い部分も直しがきく。	
1	25	19	今日舞台で感じたことを思い出しながら	
1	22	19	わたしこれから照明さんや音響さんとの	
1	22	19	前の男にもキツイ事ばかり言ってたよ。	
1	24	19	本番前には完成したものを持ってくる。	
1	23	19	練習で演じ方いろいろ試してるんだよ。	
1	21	19	だから、どんな時でも見守ってやるさ。	
1	23	19	わたし一人じゃ何も出来なかったから、	
1	25	19	商店街にも少しは活気が戻るかと・・・	
1	19	19	アドバイスをするのはどうかと思うぞ。	
1	19	19	しかし、よく聞くと・・・なるほど。）	
1	28	19	まあ、発声練習も基礎練習も劇団ごとに	
1	25	19	全然やり方も方法論も違うんだけどね。	
1	20	19	なめてかかって、速攻でダウンするぜ。	
1	26	19	腹筋と横隔膜を使って声を出すんだけど	
1	24	19	空気吸い込んで、いっきに腹筋をしめて	
1	19	19	でも続けてればそんなことなくなるし、	
1	25	19	それこそが舞台に立つ第一歩って感じ。	
1	20	19	少し早いけどクリスマスのプレゼント。	
1	21	19	短い間でも、あなたと過ごせたんだもの	
1	22	19	さぁフグ太郎くん元気にいってみよう。	
1	19	19	これはここまでのアルバイト代だから。	
1	23	19	と、とにかく二人の代役を探さないと。	
1	24	19	この二人の役は脚本から消せないのか？	
1	18	19	オイラがいなきゃダメなんでやんすね？	
1	22	19	困ってる人は見捨てられないでやんす！	
1	21	19	これからって時に演出がいなくなって、	
1	20	19	そんなボォーッとしてる時間ないだろ！	
1	20	19	こんな店見つけられなかったでやんす。	
1	20	19	チープな箱絵がたまらないでやんす～！	
1	22	19	まとめて手に入る機会はないでやんす。	
1	24	19	プロ野球の一流選手だったオイラには、	
1	21	19	オイラ、金を集めてまた来るでやんす！	
1	23	19	北極支店に飛ばされることになった。）	
1	20	19	それって、ただの誤植ではないですか。	
1	24	19	当時の教会の力を見くびってはいかん。	
1	22	19	これこそ正しい金の使い道ではないか。	
1	22	19	楽にお金がもうかるんだから当然です。	
1	22	19	音の出ない状態にしていただきますよう	
1	19	19	プロデューサーさんに、新しいドラマの	
1	18	19	ダチョウイベントをやることになった。	
1	22	19	ああ、想像するだけでも大変なことに！	
1	21	19	認めたくないけど、あんた才能あるよ。	
1	22	19	あたしを最後に打ち切られたらしいよ。	
1	22	19	そもそも、ネット操作専門のサイボーグ	
1	23	19	よくあれだけの芝居が出来たと思うよ。	
1	25	19	商店街を壊滅させようとしている計画を	
1	22	19	そこまで人生を会社にささげられるか！	
1	24	19	だから私は、これまでの人生の退職金を	
1	22	19	だから公演が終わるまでここに住むこと	
1	21	19	わたしの事が嫌だったら別にいいけど。	
1	20	19	たしかに、あっちに人が行ってしまうと	
1	21	19	それにいろんな人からも応援されたし。	
1	20	19	このチャンスは絶対にモノにしないと。	
1	21	19	毎日ボーッとしながら生きてたんです。	
1	21	19	かなえた夢なんて悪夢にしかならない。	
1	20	19	この業界じゃもうビッグになれないよ。	
1	25	19	俺が口を出して解決できそうな問題にも	
1	22	19	荷物置いたら、すぐにコーヒーを持って	
1	18	19	さつまいもだけじゃなくて、じゃがいも	
1	21	19	あの時は意識がはっきりしなかったし、	
1	22	19	寄付してたおじさんの身長が５メートル	
1	21	19	しかも、おじさんの身長が気になって、	
1	22	19	イベント事には興味ないと思ってたよ。	
1	26	19	あれだけの注文を伝票を見ずに全部言い	
1	20	19	でも、欲しいと聞かれれば・・・・・・	
1	22	19	見た目通り、たぶん辛いんだろうけど。	
1	24	19	ちっとも機嫌が直る気配が無いみたい。	
1	26	19	（喫茶店で腹が破裂する程食べました）	
1	19	19	人にイタズラしないとダメなんだよ～。	
1	26	19	その言葉使いで話すともの凄く俺が悪者	
1	19	19	ちょっとひとっ走りしてくれないかな？	
1	20	19	なんとなく体を動かしたくなってきた。	
1	22	19	もう戻れない所まで、その子はその道を	
1	23	19	話し方とか性格が変わっちゃってるよ。	
1	19	19	レトルトカレーないか聞いてきたわよ。	
1	24	19	店内を素通りして帰れと言いたいのか？	
1	24	19	電話越しで俺と話した方がいいのかな？	
1	24	19	まあ、俺達以外に人は居ないようだし、	
1	21	19	辛そうな物はなんとなく色からわかる。	
1	21	19	あんまり時間ないから、そろそろ行こっ	
1	19	19	今はまだわからないけど、もしボ～クの	
1	20	19	ような気がするし、何でもできるような	
1	24	19	ピアノの国際コンクールで何個も金賞を	
1	22	19	バレた時に大変な事になるだろうから）	
1	20	19	俺をトイレから出さないつもりなのか？	
1	20	19	そんな前に乗らなくても・・・・・・。	
1	23	19	たぶん、好きと答えてる方がこれ以上、	
1	22	19	だが顔って言いたいなら、次に会うのは	
1	19	19	ちなみに訊いておくが、そのサービスは	
1	19	19	あって、それなりに様にはなってるけど	
1	23	19	切った後も水とか使うんだし、この傷に	
1	29	19	人類は快適な生活を得る為に長い年月を	
1	20	19	せっかく作ったって言ってるんだから、	
1	21	19	そのお金達はどこからやって来てるの？	
1	22	19	それに心配しないで、みんな年を取るん	
1	24	19	何もかも背負って飛べる翼を持っている	
1	21	19	俺がどこまでも君を連れて・・・・・。	
1	24	19	に検討を重ねると思うから二か月ぐらい	
1	23	19	きっと自分の手とか切り落としてしまう	
1	20	19	じゃあ、もっと静かに声をかけてくれ。	
1	22	19	だって、そんな事して何の役に立つの？	
1	22	19	そんな面白くない事を私がするわけない	
1	23	19	買い物が終わったら何を食べようかなと	
1	19	19	あれとかこれとか言ってるだけじゃあ、	
1	21	19	会わない男はダメだと思う・・・・・。	
1	23	19	思うけど、何か不安になる事があるの？	
1	22	19	その時に私がどうしているのかが不安。	
1	19	19	たまにハムとかレタスとか混ざるけど、	
1	21	19	店に来てサンドイッチばかり食べている	
1	22	19	それにメイドに楽器が必須というのも、	
1	19	19	なんでこんなもんが飛んでくるんだよ？	
1	24	19	のを見ていたら、この国の未来が不安に	
1	21	19	いま買い物の帰りなんだけど、いっぱい	
1	21	19	買ったら店の人がそれをおまけにくれた	
1	19	19	いつもおいしいコーヒーを淹れてくれて	
1	20	19	きっと分かりやすいだろうと思うから。	
1	23	19	機会があったら紹介してよ。その人を。	
1	20	19	しかもわけがわからん事を叫んでるし。	
1	26	19	特にメイドさんには超特大大盛りで感謝	
1	22	19	しばらくお待ちくださいませご主人様。	
1	21	19	でも、さすがにそれも限界が来るから、	
1	25	19	突然電池が切れたみたいに寝ちゃう事が	
1	22	19	願いなんて自由に書いていいんだから、	
1	20	19	まあ、だけど・・・・その願いは叶えて	
1	19	19	というか、さっきまでどこ行ってたの？	
1	25	19	俺と一緒に住み始めるまでこんな生活を	
1	22	19	まあ、ちょっとした事では立ち止まる事	
1	25	19	夢を持ってる人間は前に進む事ができる	
1	21	19	じゃあ、そうやって言ってくれる人間が	
1	22	19	俺だから取れたんだ。勘違いするなよ。	
1	24	19	大学にご在学中の間だけだったのです。	
1	23	19	さすがに旦那様でも限界なのでしょう。	
1	23	19	どうやら主従関係にあるように思える。	
1	21	19	そりゃ、一人でこの店のウエイトレスを	
1	21	19	でも、もう一人マスターが雇っちゃうと	
1	22	19	私の給料が上がらなくなっちゃうから、	
1	22	19	結構時間かかったんだから、スカートの	
1	22	19	何も告げずに姿を消してごめんなさい。	
1	19	19	ほら、あそこにテントが見えるでしょ。	
1	22	19	別にここに住んでる事は気にしてないん	
1	20	19	なんで、そんなに俺を見つめているの？	
1	23	19	「見つめるだけで誰でもできる催眠術」	
1	19	19	そうだ。このゲームを見てもらいたい。	
1	22	19	俺にできる事なら手伝ってやるからな。	
1	20	19	だからずっと優しいお兄ちゃんでいてね	
1	23	19	すでに単位ほとんど取ったから、来年に	
1	21	19	じゃあ今は日々このバイトしかしてない	
1	22	19	俺は何にもしてやれないが、応援はして	
1	21	19	補充してくれたおかげで、僕はなんとか	
1	23	19	僕が動けるならこのPCも動けるのさ。	
1	23	19	き、気持ちは嬉しいが遠慮しておくよ。	
1	22	19	さすがにそこは自分の手で食べようよ。	
1	22	19	なんて欲に忠実な人なんだ・・・・・。	
1	21	19	ボ～クに感謝して欲しいぐらいだね～。	
1	22	19	素直に見てないとだけ言ったらどうだ？	
1	21	19	日々、いろいろと変わっていってるのは	
1	20	19	じゃあ、あの本はどこから出したんだ？	
1	21	19	ここに寄って、「重い」とか言いながら	
1	21	19	それでもダメな人には間違いなけどな。	
1	23	19	自分ひとりでチーム全体が強くなるわけ	
1	23	19	その顔で突然現れたら驚くじゃないか。	
1	19	19	食べてくれなくてもいいんだからねっ！	
1	20	19	こんな感じだからインドアかと思えば、	
1	23	19	そんな道を自分の足じゃなくて、誰かに	
1	21	19	時間を費やすのはもったいないでしょ。	
1	23	19	あいつの夢は機会があれば今度にでも、	
1	19	19	そんなんでカレーを作ろうとしてるの？	
1	23	19	というか、料理を作った事が無いのに、	
1	25	19	やる気が無いのが代名詞のクセに凝り性	
1	24	19	目の届く範囲でしか飛ぶ事ができない。	
1	21	19	ここは喫茶店なんだからパンはあるよ。	
1	20	19	別に持ってきてあげてもいいんだけどね	
1	23	19	でもさ、普通は猫とか犬とか言わない？	
1	23	19	心配しているって気持ちは伝わってると	
1	18	19	でも、さすがにここまでしてもらうと、	
1	24	19	俺もちゃんとした理由を聞かないと納得	
1	21	19	誰か居たかもしれないけど見てないや。	
1	23	19	だからこうやって今、自己紹介してるん	
1	21	19	「なんで俺を餌付けしてるの？」って。	
1	24	19	何だか凄く嬉しい事を言ってくれた気が	
1	21	19	さすがにそんだけ食べたら腹を壊すよ。	
1	22	19	私の恥ずかしい所をじっくり見てるし。	
1	22	19	だから俺が命令したら喜んでやるのが、	
1	20	19	このおいしいコーヒーとこの店の静かな	
1	25	19	その場合、やはり購買層は広い方がいい	
1	21	19	グッドエンディングを何度も見ている。	
1	23	19	どこで出会っても、次の話は同じなんだ	
1	21	19	私のプログラムに間違いなどないのだ！	
1	25	19	この世界の人間には影響は無いからな。	
1	22	19	ボ～クは人を笑わせたい、人から笑って	
1	22	19	だから、この街の人達にボ～クで笑って	
1	20	19	もらってから、サーカス団に戻るよ～。	
1	26	19	公演しに来た時に何回も見に来てくれて	
1	20	19	あれ？まだコーヒーが来てないって事は	
1	22	19	すぐにお持ちいたしますから！ご主人様	
1	22	19	進まないのでこれ以上は止めておくが、	
1	25	19	お前の夢って結局、服を作る事なのか？	
1	20	19	しっかりした夢を持ってるじゃないか。	
1	23	19	自分の店を持ちたいなら、そういう店で	
1	24	19	我が物顔でコーヒー飲んでる人間とか。	
1	22	19	だから、私はここでお客さんの表情から	
1	22	19	いろいろな事を読み取れるようになる為	
1	22	19	ボ～クは一人だけを笑わせたいと思って	
1	22	19	いや、他の人間が笑ってくれなくても、	
1	20	19	ここが踏ん張りどころだぞ・・・・・。	
1	23	19	その時が来るまで、俺は君を待ってる。	
1	23	19	逃げたくなった時に、幸せだった日々と	
1	24	19	いや、俺だけじゃなく商店街の全員で。	
1	23	19	どんな人間だって前に進む事はできる。	
1	23	19	貴方はすでに自由を手にいれているから	
1	21	19	何かした覚えは無いんだが・・・・・。	
1	21	19	ボ～クを倒してから聞き出してみろ～！	
1	19	19	よく考えてみろ。チャンスじゃないか。	
1	21	19	仲良くなるチャンスだと思わないのか？	
1	22	19	いざ目の前にすると緊張しちゃって～。	
1	21	19	お前は俺にこう言ったんじゃないのか？	
1	19	19	僕だけのメイドさんになってください。	
1	23	19	世界征服のプログラムを組まなければ！	
1	18	19	キィィィィィボォォォォォドォォォォォ	
1	23	19	そんなの心の中で一言も叫んでないよ！	
1	23	19	無料だから、今日も飲みたいんだけど、	
1	22	19	あのウエイトレスの女の子に何か言われ	
1	20	19	それにあの女の人もいるかもしれない。	
1	21	19	お金を持ってなかったから助かったよ。	
1	22	19	あまり知らない人と仲良くなれないの。	
1	22	19	待っていたのに、それを食べない理由が	
1	21	19	数日でここまで作れるようになるとは）	
1	20	19	じゃあ、あんまり無理をしないように。	
1	22	19	キーボードを叩く場所でも無いだろう。	
1	25	19	尊敬と羨望の眼差しで見られるんだぞ！	
1	24	19	お前の行動範囲的にはそんなもんだろ。	
1	23	19	正解した君には、僕が作ったウイルスを	
1	20	19	そこでいくら頑張ったって・・・・・・	
1	20	19	もう、お前の好きなようにしていいよ。	
1	22	19	そうすればあの人達も諦めると思うし。	
1	19	19	サンドされてるように見えるんだけど。	
1	23	19	私の作った物を食べて固まってるのね。	
1	23	19	私の物をそこまで感動して食べてくれる	
1	21	19	その日を言ってたような気がするけど。	
1	21	19	お金を貸す事はできないけど・・・・・	
1	19	19	買うだけがプレゼントじゃないでしょ？	
1	21	19	自分で作るってのもありじゃないかな。	
1	22	19	わからない無機質な物をもらうよりも、	
1	20	19	それに嘘をついてもお前にはメリットが	
1	20	19	ずっと逃げるつもりかと思ってたのに。	
1	21	19	私が仕掛けちゃフェアじゃないでしょ。	
1	24	19	それが上に立つ、人間の資質ってやつ？	
1	23	19	何があっても幸せだったと言える日々を	
1	19	19	それがきっと力になるから・・・・・。	
1	23	19	つまづいた姿以外は何も見てないけど。	
1	20	19	なんでズボンについたのに、お前は顔を	
1	25	19	最終的には胃から食べた物を出さないと	
1	19	19	ポーカーフェイスをたまには崩そうよ！	
1	21	19	巻き込みたくないと思っていらっしゃる	
1	25	19	彼女が何者かを知って俺が引くとでも？	
1	24	19	表の世界ではかなり権力を持っている。	
1	23	19	今でも多くの場所で読まれておられる。	
1	25	19	の次期社長となるのは必然の道だった。	
1	26	19	前に進む事は、自分の道を進むって事は	
1	19	19	それは今じゃできないのかもしれない。	
1	24	19	君は大きな翼を手に入れる事ができる。	
1	23	19	君をその世界から連れ出してあげるよ。	
1	25	19	全てが終わった時、俺と一緒に行こう。	
1	22	19	お嬢様が、クッキーを焼いて欲しいと？	
1	22	19	お嬢様が、スコーンを焼いて欲しいと？	
1	21	19	また、悪い物でも食べたんじゃないか？	
1	21	19	お腹がすいていると、心も乱れますぞ。	
1	24	19	自分のせいで、仕事が滞ってしまう事は	
1	19	19	これがあなたの答えというわけですか。	
1	18	19	ちょっと、キャッチボールでもするか。	
1	20	19	みんなで、やった方が楽しいですから。	
1	26	19	お茶の時間には、私がお菓子を作る事に	
1	19	19	見せてもらっても、よろしいですかな？	
1	20	19	原因になったものが、あるはずなんだ。	
1	21	19	見つけたからって、意味なかったかも。	
1	19	19	その、ディスクを渡してくれますかな？	
1	18	19	このディスクは、いったいなんなんだ。	
1	20	19	ディスクは、あなた達にお渡しします。	
1	20	19	この前、そこで買い物したらね・・・	
1	17	19	しかもボロボロでカバーもなし、か。	
1	19	19	とりあえず、何冊かもらっていこう。	
1	19	19	まだまだ足りないところは多いけど、	
1	19	19	ひょっとして金縛りというやつか。）	
1	17	19	あ、またあいつがいるじゃないか！）	
1	21	19	僕これから練習しようと思うんだけど	
1	21	19	母ちゃんも、あの犬には近寄るなって	
1	19	19	チームに入ってきて、昔からやってる	
1	18	19	・・・またお腹すいてるでやんすか？	
1	20	19	ふふしょうが焼きと、ごぼうの和え物	
1	21	19	へへ親子丼と、ほうれん草のおひたし	
1	18	19	にしようと思うんだけどいいかしら？	
1	21	19	でも、プロ野球の試合のチケットでも	
1	17	19	なんていうかさ、あんまりうれしくて	
1	20	19	単純に食べにくいだけのような・・・	
1	19	19	人気ゲームソフト「メキメキＲ５」の	
1	19	19	そういうの集めてる人がいてさ・・・	
1	18	19	・・・おいしそうなもの飲んでるな。	
1	19	19	世の中どんどんバイオレンスになって	
1	18	19	じゃあ、俺はこれからノックだから。	
1	18	19	どうせ、カニのバケモノが暴れたって	
1	20	19	今からナイスなバッティングの方法を	
1	17	19	ところで、その・・・アレというのは	
1	18	19	なにしろ、こっちには元プロの・・・	
1	26	19	人工筋肉とか移植してた選手３人が、	
1	21	19	目にゴミが入れば涙は出るんだけど、	
1	17	19	あとですっきりすることもあるけど、	
1	19	19	プロのバスケット選手になりたいって	
1	19	19	息子もそうなってくれるものとばかり	
1	25	19	とりあえず息子には金物や電動工具が	
1	17	19	でも、もうダメかもしれないカニね。	
1	19	19	あいつの言ったことなんか気にせずに	
1	22	19	飛んだ打球を取りに行ってエラーする	
1	20	19	お菓子とかみんなで食べたりしながら	
1	21	19	じゃ、殺虫剤を焚けばいいんですか？	
1	19	19	ところで、君の店はどこにあるんだ？	
1	20	19	うちはまだ古本屋だからましだけど、	
1	25	19	最近、商店街の土地を売ってくれって	
1	20	19	さあ、こんな所でいても仕方ないから	
1	20	19	いかにも単純そうな話のアクションと	
1	21	19	へえ、この話また映画化されたのか。	
1	22	19	そりゃあ、僕はいつも倉庫の隅の方で	
1	21	19	劇中じゃ、殴られたり蹴られたりする	
1	21	19	そしたらちゃんと商品の説明もして、	
1	19	19	しかも「俺がこの店をでっかくする。	
1	19	19	ま、クオリティを追求しまくったから	
1	20	19	・・・あれの中に入るヤツは死ぬな。	
1	22	19	でも、貸してるのは本当に部屋だけ？	
1	18	19	ダメだよ、高いフリーパスなんだから	
1	21	19	いつも適当な事言ってるんだよな。）	
1	19	19	悪い奴じゃないのかもしれないな。）	
1	21	19	ところで、昨日バイト代入ったんで。	
1	20	19	きちんとセーブしないで電源を切った	
1	20	19	失敗してもやり直せることもあるので	
1	18	19	やり直すことができるのでやんすが、	
1	17	19	ならないように、きちんとセーブして	
1	17	19	クリームソースとかバジルとか・・・	
1	19	19	さんざん大きなことを言っておいて、	
1	21	19	でも、名前まだ聞いて無かっただろ。	
1	21	19	う～ん、昨日の疲れが残ってるしな。	
1	18	19	だが、このぐらいなら直せるだろう。	
1	20	19	こういった物は、すごく長持ちするし	
1	19	19	楽しもうとしてるような気がする。）	
1	22	19	の野球の実力はみんな知ってるんだ。	
1	20	19	とにかく１時間だけ休んでください。	
1	20	19	だけの収入があればいいと思ってる。	
1	23	19	「大村金物店」を大きくしようだとか	
1	21	19	オレを産んだ親を探して見つけても、	
1	19	19	オレを育ててくれたのかとか思うと、	
1	21	19	だからオレは、もう一度頭を丸めて、	
1	18	19	何をしてるかきいたんでやんすけど。	
1	20	19	オレを捨てたか聞き出してやるんだ。	
1	20	19	・・・思わず怒鳴っちまってすまん。	
1	19	19	ちゃんと家まで送ってあげるからね。	
1	19	19	・・・いずれにしても、今生きている	
1	23	19	あたしの店は、「開かずの漢方薬局」	
1	22	19	でもさあ、漢方薬に命かけてる人って	
1	18	19	別にあたしのことぐらいで、いちいち	
1	17	19	いくらなんでもバッタやカブトムシの	
1	19	19	君の力はとてもユニークなんだから、	
1	25	19	金融商品も奇怪なものと為り果てた。	
1	22	19	もっとも安全な方策に落ちついたり。	
1	24	19	結果の出る前に我はこの地を離れん。	
1	24	19	たぶん、怪人に改造される前の人間が	
1	20	19	あたしにはああいった世界の楽しさは	
1	21	19	仕事もろくにしないでって、白い目で	
1	18	19	じゃ、あいつらに気づかれないように	
1	18	19	・・・キミが気にすることではない。	
1	21	19	いずれにせよ、今犯人探しをするのは	
1	19	19	じゃあ、今日はどうしたらいいかな。	
1	20	19	あんたは団費を払ってないわけだし、	
1	20	19	そのために団員としてリスクを負って	
1	19	19	食っていきたい、そう思ってんだよ。	
1	20	19	だから、あんまり軽い気持ちのやつに	
1	22	19	ご主人を亡くしてから、女手ひとつで	
1	18	19	こっちは４０超えてるんだけどさぁ。	
1	23	19	これだけの量があれば商店街を巨大な	
1	18	19	その気になれば、こっちをつぶすのも	
1	19	19	物置スペースなんでやんすけど・・・	
1	19	19	母ちゃんがいると、気をつかっちゃう	
1	21	19	この商店街じゃ、食っていけないって	
1	19	19	で、たまに親にそのことを怒られて、	
1	19	19	お兄さんのすごさを見せてやるから、	
1	20	19	お好み焼きの上にケチャップライスが	
1	20	19	別に買ってもいいよ、って言われると	
1	19	19	あいつらの誇りを潰していくんだよ。	
1	18	19	守るべきものがなくなってしまえば、	
1	18	19	とっとと、この男をつまみだせー！！	
1	20	19	こいつの作るメシは美味いぞぉ～～！	
1	22	19	だいたい、今の商店街にそって伸びて	
1	22	19	学校の授業でケーキ作ったんだけど、	
1	19	19	ゴミも減って、みんな幸せでやんす。	
1	19	19	それくらいもらうのは当然でやんす。	
1	20	19	保護者のハンコがいるんでやんすよ。	
1	21	19	売りに行くのは問題かもしれないな。	
1	20	19	とりあえず、このお金で何か買うか。	
1	20	19	仕事をしてるから忙しいんだなぁ～。	
1	22	19	勝手に入っても問題ないんだなぁ～。	
1	22	19	入れたら出る場所が違うんだなぁ～。	
1	18	19	それに、ちゃんと届けたじゃないか。	
1	22	19	めったに直球を投げない投手もいる。	
1	22	19	バッターは、基本的に直前のボールの	
1	20	19	また、同じところに続けて投げたり、	
1	19	19	打たれたくないときだけ変えるんだ。	
1	18	19	つらいことから逃げてちゃダメだよ。	
1	22	19	あなた最近、練習で見かけませんな。	
1	18	19	では、パトロールに戻るであります！	
1	23	19	野菜や果物売ってる店やブティックや	
1	22	19	前はもう一個でっかい本棚があって、	
1	18	19	・・・どうしてそんなに詳しいんだ？	
1	22	19	お寺の外を全然知らなかったんだよ。	
1	20	19	なんだ、野球場ってゲームのことか。	
1	21	19	まるで本物の球場にいるみたいだな。	
1	21	19	じゃ次はシーン練習に入りますんで、	
1	21	19	いや、今日は遊びに来ただけだから。	
1	23	19	ここの劇団で役者と座長やってるの。	
1	21	19	もう遅いから、お風呂に入りなさい。	
1	22	19	アンドロイドには偽の記憶を転写して	
1	21	19	だからアンタも第三世代じゃないかと	
1	22	19	ちょっと変わってるけど普通の人間。	
1	24	19	これで普通の人間に一歩近づいたぞ。	
1	20	19	脚立（きゃたつ）を持ってきてくれ。	
1	22	19	ヨロイ武者の幽霊が出るんだってさ。	
1	18	19	そして、そのすべての償いがどうやら	
1	19	19	ま、こんなの気にしない気にしない。	
1	21	19	ほんとにあんたとの生活は大変だった	
1	19	19	見に来てもらったらいいじゃないか。	
1	19	19	このままここに居たら危ないからって	
1	20	19	みんなでフォローすれば大丈夫だよ。	
1	22	19	抜けた落ちた髪の毛も貯めてんだよ。	
1	21	19	次は鼻クソ貯めるって決めてんだよ。	
1	17	19	そういうつもりじゃなかったんだが。	
1	18	19	いったい、どんな宝だったんだろう？	
1	22	19	チラシに役者変更の紙はってるんだ。	
1	19	19	追い出すなんて、おかしいでやんす。	
1	23	19	この場合なら自分は殿様になるとか。	
1	22	19	頃合を見計らって入ってきてくれよ。	
1	21	19	たまたま商店街に貼ってあったチラシ	
1	22	19	わたし達の舞台はお金取ってるのよ。	
1	21	19	一つでも上のレベルを目指さないと。	
1	21	19	でも、前の人に比べたら軽いものよ。	
1	23	19	街が見える場所を選ぶと思ったんだ。	
1	21	19	完全に消滅するようになってるんだ。	
1	18	19	キレイにいなくなろうと思ってたのに	
1	21	19	約束守ってちゃんと来てくれたんだ。	
1	22	19	・・・お前が昨日、言っていた男は？	
1	19	19	いやな、この前、腰やっちまってよぉ	
1	17	19	だからこそ、きっといいものが・・・	
1	21	19	曲がる方向がちょっと違ったり・・・	
1	20	19	そのカッコいい必殺技なんでやんす！	
1	26	19	基本的な変化球を練習した方がいい。	
1	20	19	向こうが本気になっちゃうんですよ。	
1	20	19	テナント化に合意したらどうかしら？	
1	20	19	みんなで話し合って、それは断るって	
1	21	19	みんなに必要なのは、元気でやんす！	
1	23	19	「名店街のテナント料は無料でいい」	
1	22	19	別の名目で、いくらでも徴収できる。	
1	20	19	勝てなかったからといって、これ以上	
1	20	19	そう決心してるんなら、止めないぞ。	
1	18	19	おじちゃん、待ってるでやんすー！！	
1	21	19	その原因は歓迎されないことがある。	
1	17	19	むふーーーーーーーーーーーーーっ！	
1	19	19	レアバージョンを狙う輩なのかにゃ？	
1	22	19	今日はみんなと将来何になるのかって	
1	20	19	ことで話してたんだけど、もう大変。	
1	19	19	そして、おいしいご飯を作って・・・	
1	21	19	きっと、ここで事故で亡くなった人が	
1	20	19	だが、お前には邪魔されたくないな。	
1	23	19	そこに支店長と運の悪い女がいるぜ。	
1	20	19	とは言えませんから仕方ないですよ。	
1	19	19	そりゃあ、皿洗いでもやってくれると	
1	18	19	むしろ助かってありがたいんですが、	
1	20	19	なんて言うか、気がひけるって言うか	
1	20	19	お互いに協力するべきではないかと。	
1	19	19	だいたい、あいつらは信用できねえ。	
1	23	19	商店街の同意が得られませんでした。	
1	20	19	こちらの誠意を見せただけなんだよ。	
1	20	19	聞いた事があるような気がするな。）	
1	20	19	この街に留まろうと思っていたのだ。	
1	25	19	とにかく、お前は商店街を再起不能に	
1	23	19	・・・野球は、オレの得意分野でね。	
1	20	19	ずっと先の７月１５日なんだけどね。	
1	18	19	イベントにしようって言ってきてる。	
1	21	19	こんなに早く飲み込めないと思うよ。	
1	24	19	さっそく今月の団費3万円よろしく。	
1	20	19	俺はそんなに持ち合わせがないんだ。	
1	21	19	ね、今から母ちゃんと山登りなんだ。	
1	19	19	いつも練習しているグラウンドのある	
1	19	19	・・・まさか、滞在なさるんですか。	
1	18	19	これって、笑うところなのかしら。）	
1	23	19	不審の目で見られるのは仕方がない。	
1	20	19	ちょっと遊びに行って来るでやんす！	
1	22	19	は、みんなの着る服装を用意するの。	
1	22	19	大掛かりな仕掛けも作ったりするの。	
1	23	19	この二つの部署はかなり専門的だから	
1	18	19	あたしの分だけ、ないんだよねぇ～。	
1	17	19	あたし、もっとアダルトなのがいい！	
1	19	19	あたしの能力じゃ、ぜーんぜんダメ。	
1	21	19	君の見ているものを俺が見えるように	
1	22	19	生体電源じゃ、たぶん足りないから。	
1	20	19	しかし家庭用コンセントとはね・・・	
1	23	19	実用性を考えてこんな仕様にしたの。	
1	22	19	現実に戻るように設定しておいたよ。	
1	17	19	どっちみちセキュリティにやられたら	
1	21	19	脳を破壊されるから死んじゃうんだ。	
1	21	19	ちょっとでも異変を感じたら逃げて。	
1	22	19	研究のために作られた人間ってわけ。	
1	19	19	３人ぐらいのデータを混ぜてあるから	
1	21	19	知識と人格はあっても、オリジナルの	
1	23	19	ほら、任務を達成したら自爆しなきゃ	
1	17	19	それがコケたショックやらなんやらで	
1	19	19	それで、もう一つのいい事はね・・・	
1	21	19	これまで夢って手の届かない物だって	
1	19	19	あーあ、こりゃ売り物にならないよ。	
1	21	19	野球に、ちょっと思い出があるんだ。	
1	20	19	テレビで何回か見たことがあるんだ。	
1	20	19	お前、こういう才能があったんだな。	
1	20	19	・・・いや、泣くほど感動されても。	
1	22	19	少しずつ知名度を上げていった・・・	
1	20	19	ともかく今年中にメドをつけるのだ。	
1	18	19	さて、それで・・・さっきの話だが。	
1	21	19	会長から何も知らされておらんのだ！	
1	22	19	殿様の埋蔵金とかじゃないだろうな。	
1	23	19	商店街に関しては、もう作戦がある。	
1	17	19	なんだかぎくしゃくしてるんだよな。	
1	20	19	きちんと話し合った方がいいかな？）	
1	24	19	入り口と落盤の部分を埋めただけで。	
1	23	19	・・・テナント化計画の話が出た時、	
1	19	19	ほんの少しだけ楽がしたくなったの。	
1	19	19	ここの劇団がごちゃごちゃしてるって	
1	20	19	言い張って、そのキャンセル代やらの	
1	21	19	「そのお金は、ちゃんと公演をする時	
1	22	19	それに、その逃げた脚本演出のヤツ、	
1	21	19	それ以上何も言わなくなったんだよ。	
1	20	19	・・・なんなら、ここで一緒に住む？	
1	21	19	あ、言っとくけど貸すのは部屋だけで	
1	21	19	１階のあたしの部屋は入っちゃダメ。	
1	20	19	そこは最低限のプライバシーだから。	
1	19	19	どういうわけか、トンネルの入り口が	
1	18	19	まあ、別れるのがつらいんだろうよ。	
1	22	19	そういえば、１階は彼女の私室だけど	
1	24	19	制限時間以内にカードを出さないと、	
1	19	19	ぐずぐずしているとスロットの内容が	
1	19	19	たくさんつくカードを選べば得かな。	
1	23	19	勝手に発動するものの２種類がある。	
1	19	19	チームマークの上に出ているからな。	
1	21	19	スロットって、そもそも野球の試合に	
1	17	19	ゲームのルールとしてのカードだな。	
1	22	19	自分のチームの勝敗で決めるんだよ。	
1	22	19	宣伝効果なんて、たかが知れてるぞ。	
1	24	19	試合のある日を宣伝して、その翌日は	
1	24	19	試合結果に応じて割引セールをする！	
1	21	19	集計は信じない方がいいんだよね～。	
1	19	19	またやってくださいって、書き込み。	
1	20	19	むしろ、会長が気づいてなかったのに	
1	21	19	会長の言ってたとおり、これから先は	
1	22	19	俺は、助けようと迷わず飛び込んだ！	
1	21	19	少しは泳げないと格好つかないだろ？	
1	22	19	いつしか、俺は次第に水から遠ざかり	
1	21	19	お前には、もう野球しか残ってない。	
1	21	19	もう芝居しか見えないって感じだろ。	
1	23	19	あの貧乏商店街が出してくれるのか？	
1	22	19	商店街として協力してくれるらしい。	
1	19	19	ちょっとした改造でなんとかなるよ。	
1	22	19	ここに既製の脚本集があるから・・・	
1	19	19	わたし達そこで止まったまんまだよ。	
1	21	19	俺、何か怒らせるような事したかな？	
1	20	19	気持ちだけがここに残ってるのかも。	
1	20	19	お母さんと並んで飾ってあるでしょ。	
1	20	19	でも最近、お父さんはあたしのことが	
1	20	19	ちゃんとした所に住んでる人、かな。	
1	20	19	そういうのが許せない性質なんです。	
1	21	19	きっといい仕事が見つかると思うの。	
1	21	19	仕事が見つかるとは限りませんが。）	
1	25	19	なんでも商店街再建の専門家だとか。	
1	20	19	初めはみんな恥ずかしいって思うの。	
1	20	19	そのうち絶対楽しくなってくるから、	
1	20	19	商店街もにぎやかになってきたしな。	
1	18	19	・・・薄くなってるようだけど・・・	
1	19	19	そろそろ、神様のくれたロスタイムも	
1	19	19	亡くなったから、知らないだろうけど	
1	21	19	料理屋なんて目じゃないくらい・・・	
1	17	19	でもちょっと、おっちょこちょいで。	
1	21	19	元気に動いてくれなきゃ困るんだよ。	
1	18	19	はいそうですか、とは帰れないカニ！	
1	20	19	本番出られるかわからないんだって。	
1	24	19	実は僕、高校の時にお芝居してたから	
1	23	19	絶対におもしろく出来る自信がある！	
1	23	19	で、最後は子供と素人がメインかよ。	
1	24	19	自分の商品の価値ぐらい知ってるよ。	
1	21	19	支店長はそこに飛ばされるらしいぞ。	
1	19	19	さっきから、なにを勘違いしておる。	
1	23	19	聖書には、最初に十戒があるだろう。	
1	21	19	その中の「汝、盗みを働くべからず」	
1	27	19	出版関係者は全員処刑され、この本も	
1	24	19	ゆえに、この聖書は奇書中の奇書だ。	
1	21	19	ほれ、ここにわが一族の署名がある。	
1	24	19	さて、オレの知的好奇心も満足したし	
1	21	19	俺だったら絶対に気づかなかったよ。	
1	23	19	小学校低学年から、こんなことしてて	
1	20	19	そして、みんな楽しんで演技してね。	
1	21	19	この調子で明日からもがんばろうね。	
1	20	19	あの、わたし達のお芝居どうでした！	
1	18	19	オーディションを受けてみないかって	
1	20	19	万が一、お客さんにケガでもさせたら	
1	20	19	あたしは全然思いつかなかったなぁ。	
1	18	19	・・・あたしのことバカって言った。	
1	20	19	他の１０匹はどこに行ったんだろう。	
1	21	19	おい、お前の背中に乗せてもらうぞ！	
1	21	19	牧場への支払いに、ビラやチラシまで	
1	17	19	なんとかイベントをでっちあげるぞ！	
1	17	19	そうか、これはプログラムじゃなくて	
1	18	19	なんでそんな事がわからないかなぁ。	
1	21	19	つまり、俺と役を代わって欲しいと。	
1	24	19	・・・日頃の練習で鍛えた声量で。）	
1	19	19	いったい、どんな力を持ってるんだ？	
1	24	19	人間の姿をした携帯端末が、あたし。	
1	21	19	敵地のコンピュータネットに侵入する	
1	25	19	結局、普通のサイボーグに携帯端末を	
1	20	19	手ぶらでネットサーフィンやり放題！	
1	18	19	どれだけ耐えられるかのテストだね。	
1	26	19	仲間と一緒に研究所を逃げ出したの。	
1	20	19	・・・それで、あたしの正体を知って	
1	20	19	脇役だって恥ずかしがることないよ。	
1	19	19	オレはそんな馬鹿なことしないって。	
1	22	19	そんな風に、骨の髄まで役者のくせに	
1	21	19	あいつらは演劇に命賭けてるからな。	
1	20	19	お前のそばにいたくて演劇やってきた	
1	20	19	お前はせいぜい夢を追いかけてくれ。	
1	18	19	いなくなるんじゃないかと思ってな。	
1	26	19	思えば、私の人生は会社に忠誠を誓い	
1	23	19	だが、北極支店なんて冗談じゃない。	
1	20	19	見たところ、この部屋にはないけど。	
1	20	19	そこまで言われたら引き下がれない。	
1	21	19	大の大人が３人がかりでしたからね。	
1	18	19	なにか気づいたことはありませんか？	
1	19	19	・・・でも、やっぱり野球のチームが	
1	23	19	商店街の空気も変わってきましたし。	
1	19	19	とりあえず、練習でケガしないように	
1	20	19	で、君はなんで女優さんになりたいと	
1	25	19	この業界はね、自分自身が商品なの。	
1	21	19	自分がいろんなところに出て行って、	
1	21	19	来てくれるなんて、君も幸せ者だね。	
1	22	19	今はわたしにとって大事な瞬間なの。	
1	17	19	それでも、わからないことだらけだ。	
1	22	19	悪いがお嬢ちゃん、俺の誘い断ったら	
1	21	19	お前が見たいのは演技じゃないだろ。	
1	25	19	消化不良だったから、早く次の公演の	
1	21	19	お前なんかこの業界に向いてねぇよ！	
1	20	19	わたし、夢をかなえる自信あるもん。	
1	23	19	あんな小劇場で一生を終えるような、	
1	19	19	コーヒーでも飲もうかと思ったけど、	
1	22	19	俺が出て行った時と変わっていない。	
1	19	19	ちょっと体を動かしたくなったから、	
1	21	19	空気抜いたり抜かれたりしてるのか？	
1	21	19	以上あるみたいな事を書いてたけど、	
1	19	19	欲しかったら買えばいいじゃないか。	
1	23	19	というか、すでに体育の日が関係無い	
1	18	19	くるから、ちょっと待って・・・・・	
1	21	19	ありのままの自分で接客してるように	
1	19	19	今からは買ってきてくれたストローで	
1	24	19	注文って重なる時は大量に重なるから	
1	17	19	ナニモオコラナカタッタミタイダナ。	
1	17	19	ソンナコトアルワケナイジャナイカ！	
1	23	19	遥か向こうに微かな道が見えた時には	
1	19	19	その女の子って・・・・・やっぱり）	
1	21	19	あきらかに野球の練習じゃないよな？	
1	22	19	確かに俺は、いつかこの街を出て行く	
1	22	19	何も告げず出て行く事はきっとない。	
1	20	19	今なら、どんな事でも耐えれそうだ！	
1	19	19	このみなぎるパワーを発散しないと！	
1	20	19	しっかり俺の帰りを待っておくんだぜ	
1	21	19	そのうち「読み終わったら食べれる本	
1	22	19	仕方が無いから新しいのを持ってきて	
1	22	19	略奪するのは例えば・・・・思い出の	
1	19	19	ちょっとした音でも響いてしまうね。	
1	18	19	だからと言って、あのボールさばきは	
1	19	19	かなりの戦力になるだろうからな～。	
1	18	19	だんだんと辛さがやってきやがった！	
1	20	19	空いてると聞かれると空いてるかな。	
1	21	19	チョコ、抹茶、バニラの三点セットで	
1	19	19	ジュース、ヨーグルトジュースの三点	
1	19	19	顔が近すぎるような・・・・・・・。	
1	21	19	答えて、話を合わせてた方がいいな。	
1	21	19	いや、そもそもあれは本当に人間か？	
1	18	19	これでも急いだのに、ギリギリかよ。	
1	23	19	大量に子供が金持ちになってるだろう	
1	19	19	もしかしたら、お金持ちになれるかも	
1	23	19	お金持ち気分を味合わしてあげるよ。	
1	22	19	に包丁の使い方を教えてもらっただけ	
1	21	19	普段から無口だけど、なんかオーラが	
1	24	19	他人の手を使って別の道を歩きたいと	
1	23	19	誰かの手を借りる事は間違ってない。	
1	21	19	だけど、全てをその手に委ねる事は、	
1	20	19	ほんの少しだけ道が変わっただけで、	
1	24	19	いや、あきらかに金銭感覚が一般人と	
1	19	19	近づいたみたいに聞こえるんだけど。	
1	21	19	前から気になってたが、お前は焦ると	
1	18	19	もしかしてここから見えるテントって	
1	18	19	から、どうしようかなと思ってたよ。	
1	20	19	ここで違うと言ったら、それは嘘だ！	
1	20	19	いつもと変わらないのは当然でしょ。	
1	20	19	男として負けた気がするのはなぜだ。	
1	19	19	そこらへんで止めといた方がいいよ。	
1	20	19	先に行っててくれって言われたけど。	
1	20	19	しかし、まあ、俺も心配なんだよな。	
1	22	19	冗談で言ってるのに俺が悲しくなる。	
1	26	19	店で使ってる生活用品とかは商店街で	
1	23	19	目的で持つのに、本人が持たないなら	
1	21	19	若者なんて言ってられるのも今のうち	
1	22	19	腹が減っている俺に何の嫌がらせだ？	
1	18	19	奢ってあげてもいいんだけどなあ～。	
1	22	19	すぐそこに商店街の端が見えてるよ。	
1	21	19	この幸せがいつまで続くのかが不安。	
1	20	19	まだ、しばらく私はこの街に居ると。	
1	19	19	しかし、あきらかに食べ過ぎだよな。	
1	19	19	というわけで、今日のノリはこっちで	
1	20	19	かなりの業物に見えるけど・・・・・	
1	20	19	い、いや、ほら、店に入ってきた時の	
1	22	19	さん、野球なんて興味が無いんじゃ？	
1	22	19	役に立ちそうな物を読もうと思ったん	
1	22	19	抱き抱えて運んだら反応するだろう。	
1	22	19	部屋を出る時と変わってないような。	
1	22	19	至急、逮捕しに来てもらえませんか？	
1	21	19	そんな姿を俺は見たことが無いけど。	
1	18	19	そんなにムキになって言わないでも。	
1	21	19	その上、なんで見栄を張っているの？	
1	19	19	かなりの戦力になるんじゃないのか？	
1	22	19	昼間からここで時間を潰してるぐらい	
1	23	19	働いてないメイドに感謝する必要性は	
1	20	19	見ようによっちゃあ、ストレス発散を	
1	20	19	しっかし、いったい何が原因なんだ？	
1	21	19	ちょっと隠し味になんか黒っぽい物を	
1	22	19	これが電池の切れた状態ってやつか。	
1	21	19	私をからかおうなんて百年早いわよ。	
1	18	19	コロッケを何とかせねば・・・・・）	
1	21	19	なんてない性格に見えるから、お前は	
1	20	19	なっている姿を見たら助けてくれる？	
1	20	19	後ろなんか振り返っちゃダメでしょ？	
1	22	19	まあ、私は男前なら取ると思ったから	
1	18	19	メイドを好きになったわけじゃない、	
1	20	19	とりあえず今日はもう来ないんだな？	
1	18	19	ちなみにタランチュラって言うのは、	
1	20	19	毛深くて、毒のイメージが・・・・・	
1	19	19	さすがの私でも、もう食べたくない。	
1	19	19	育ってきたんだこの子は・・・・・。	
1	22	19	というわけで、今は一人で頑張るわけ	
1	21	19	食べてるところを見た事が無いから。	
1	21	19	突然、出てくるな。驚くじゃないか。	
1	18	19	まあ、いいや。お前のメイドスキルを	
1	19	19	まあ、この街にはたぶん私ぐらいしか	
1	20	19	一人でやりたい事だってあるんだよ。	
1	19	19	ちょっと気にし過ぎか・・・・・・。	
1	18	19	のんびり過ごすのもやっぱりいいな。	
1	21	19	俺に催眠術をかけようとしていたの？	
1	21	19	寝るのはいいけど膝の上で寝られると	
1	20	19	やっぱり水はメイドさんが淹れた物に	
1	19	19	同じサーバーになった時はよろしく。	
1	21	19	僕はこれでゲーム業界に殴りこもうと	
1	21	19	メイドさんは最後に望みが叶うように	
1	23	19	PCのバッテリーに電力を補充したと	
1	23	19	自分のお腹の減りに気が付いたんだ。	
1	19	19	あそこにさっき作った物が・・・・・	
1	19	19	ボ～クだって買い物ぐらいするよ～。	
1	26	19	商店街の真ん中で俺の名を叫ぶ奴は。	
1	21	19	秘境と呼ばれるところにも行ったし、	
1	21	19	でも、それは自分が望んだ事だから、	
1	23	19	今の生活に不満は持ってないけどね。	
1	21	19	この喫茶店の中もクーラーがガンガン	
1	21	19	この店内でどこに秋を感じるんだよ。	
1	22	19	秋は見る物じゃなくて感じる物だよ。	
1	20	19	秋に近づいていってるのは確かだな。	
1	22	19	一年中まったく変わってないのは気の	
1	22	19	落ち着いてて大人に見えるんだけど。	
1	19	19	それが、いま読んでるのは赤なんだ。	
1	20	19	しかも、服装は薄めのジャケットだ。	
1	20	19	さんはあの赤い本を持ってなかった。	
1	19	19	私もダメですよって言ったんだけど、	
1	19	19	「どうせ読むんだから、どこに置いて	
1	19	19	まったく受け付けてくれないんだよ。	
1	18	19	じゃないけど、少しでも・・・・・。	
1	21	19	皆に喜んでもらえる場所があるなら。	
1	19	19	どうやったらこんな子が育つのやら。	
1	20	19	それは布とか生地とかいろいろだよ。	
1	20	19	サービス料は無理やりもらうけどね。	
1	20	19	それはね、服を作るのに使うんだ～。	
1	21	19	作った物は誰かに見せたりするのか？	
1	24	19	そうやって自分の力で自分を縛る鎖を	
1	23	19	自分の羽を傷つけて地に落ちていく。	
1	21	19	下には柔らかい毛布がひいてあって、	
1	22	19	今度の試合を見にきてくれないかな？	
1	23	19	今の俺を全て否定する事になるから。	
1	22	19	さんは、なんの動物が一番好きなの？	
1	22	19	水中生活にまったく適してないカバ。	
1	20	19	しかも動物って事は、やっぱりペット	
1	23	19	愛する人の為に料理を作ろうっていう	
1	18	19	コーヒーを淹れなおしてあげるから、	
1	22	19	コーヒー代も一年分、出してくれたん	
1	18	19	覗いてたならわかりませんでしたか？	
1	20	19	それだけを飲みに来てた誰かさんは、	
1	19	19	コメント一つも残さなかったけどね。	
1	19	19	ようにってお金を置いていったもん。	
1	21	19	さん、夜までずっとあの席で本を読ん	
1	20	19	入れてやるから落ち着け・・・・・。	
1	18	19	デジタルの風をぉぉぉぉぉぉおお！！	
1	24	19	最高の香辛料を使ってカレーを作る。	
1	20	19	あの情熱を１０分の１でもいいから、	
1	18	19	とりあえず、そろそろ止めておこう。	
1	20	19	ちょっと食べ過ぎだと思うんだけど。	
1	22	19	持ってきた方が手間が省けるでしょ？	
1	19	19	プレゼントをねだる必要もないだろ。	
1	18	19	そこから始めてどうする・・・・・。	
1	21	19	戻って、ボ～クが好きになった女の子	
1	21	19	なのに自分が笑わせたいと思っている	
1	21	19	戦力ダウンになるけど仕方がないな。	
1	21	19	それが私にとって何よりもの贈り物。	
1	20	19	こんな温かい物をもらった事がない。	
1	22	19	さんがこの街に居ない今はもう意味が	
1	26	19	彼女は私達とは関係がない一般人だ。	
1	19	19	ここで、こんな格好でバイトしてると	
1	21	19	よりも、より多くのお客さんの表情が	
1	20	19	ここでは人の勉強をしてるわけだな。	
1	21	19	こうやって地道に練習するんだよ～。	
1	21	19	自分で戻れないとか言っていながら。	
1	19	19	笑わせる事ができなくなったんだ～。	
1	19	19	喜ばせたいと思えなくなってしまった	
1	17	19	しまうようになってしまったんだ～。	
1	20	19	見て、いろいろな人が笑ってくれる。	
1	20	19	きっとその女の子は笑ってくれるさ。	
1	18	19	逃げるのがクセになっているんだな。	
1	22	19	俺が追いかけて行って、言うべき事は	
1	19	19	だけど、そこには新しい鎖ができる。	
1	24	19	今日を思い出して私は上を向くから。	
1	26	19	この街の商店街が生き残る未来を皆で	
1	25	19	自分自身の手で切り離す事ができる。	
1	21	19	何の為の恋愛シミュレーションゲーム	
1	19	19	そ、そんな事より、俺にハムサンドを	
1	23	19	もう６時間以上も本を読んでるよね。	
1	20	19	何か口にした方がいいんじゃないの？	
1	21	19	目の前に注文したままのハムサンドが	
1	26	19	本に集中してる時は本当に何の反応も	
1	23	19	液体はパンのような固形物と違って、	
1	18	19	やっぱり、ここは口うつ・・・・・・	
1	20	19	ほとんど何も言わずに出ていったよ。	
1	21	19	本当に我がままなんだからあの人は。	
1	20	19	どれだけ動揺するかなと思っただけ。	
1	21	19	本当に見事なまでにうろたえてたね。	
1	19	19	人をオモチャみたいに扱いやがって。	
1	17	19	かわいそうになってきた・・・・・。	
1	20	19	起きたら、ちょうどお腹が空いている	
1	17	19	それじゃあ、まるでスト・・・・・・	
1	23	19	現実の世界でもきっと僕の物になる！	
1	19	19	って、なんであの人は叫んでいるの？	
1	21	19	君に会いに来たに決まってるだろう。	
1	22	19	俺の体が君に会いたいとウズウズ騒ぎ	
1	20	19	その調子じゃ、知らないみたいだね。	
1	21	19	「言う必要ない」とか言いそうだし。	
1	18	19	じゃあ、ヒントだけ教えてあげるよ。	
1	23	19	少々、お待ちくださいませ。ご主人様	
1	19	19	知ってた？インターネットで調べれば	
1	22	19	論文がどうとか、博士号がどうとか。	
1	17	19	だからフルネームさえわかってれば、	
1	21	19	まあ、ここは偶然にも店の前だしな。	
1	19	19	メイドになるにも素質があってだね、	
1	21	19	頑張って、ご奉仕させてもらいますね	
1	21	19	この街の事も考えてる時があるけど、	
1	22	19	違う方向を指してくれる人はいない。	
1	24	19	私と貴方では住んでいた世界が違う。	
1	23	19	読んでた本が気になって、昨日の夜は	
1	20	19	そういえばこの店って、この街の店に	
1	20	19	と言っても、私しかバイトしてる子は	
1	20	19	さんってこの街の人間じゃないのか？	
1	20	19	私もそんなには聞いた事がないけど、	
1	18	19	さん、アンティークが好きだからね。	
1	23	19	地球が丸いのと同じぐらい有名なの！	
1	19	19	待ち合わせしてたわけじゃないから。	
1	22	19	向かうのに、今日はやけに親切だな。	
1	18	19	ちょっとコーヒーが服についたけど、	
1	19	19	まあ気にしなくてもいいぐらいの染み	
1	19	19	それなのに、どうしてイチイチ文句を	
1	19	19	どうせ次のページには治ってるから。	
1	18	19	とりあえず、ドジっ娘はやめてくれ。	
1	19	19	次に来たら、どうしてやろうかしら。	
1	22	19	完全には消し去る事ができなかった。	
1	21	19	自分で仕向けたかったんだろうけど）	
1	26	19	今やその会社は世界中に支社を持ち、	
1	24	19	いるが、お嬢様は本当に優秀な方だ。	
1	22	19	最後に君にこれは知っていて欲しい。	
1	22	19	私には鎖を引きちぎって進む事なんて	
1	23	19	自分の道に進む為に広げようとした！	
1	20	19	君とどこまでも、いつまでも一緒だ。	
1	20	19	お名前、お聞きしてもよろしいかな？	
1	21	19	父の望む事ではないと思いますから。	
1	19	19	面白いっていうのは、わかったかな。	
1	19	19	お父さんも、もう寝ないとダメだよ？	
1	18	19	このレストランの人だったんですね。	
1	21	19	お嬢様は、外出しておりますからな。	
1	22	19	お見合いを逃げ出してきた時などは、	
1	19	19	少しは、判っていただけましたかな？	
1	21	19	もう少し、様子を見ようじゃないか。	
1	19	19	なんだか、ちょっと変わった人だし。	
1	20	19	美味しそうに、食べてくれましてな。	
1	22	19	毎日来たりしたら、張り倒すからな！	
1	21	19	食中毒がでたら、うちが困るんだし。	
1	23	19	やっぱり料理は、火力が大事だしな！	
1	20	19	楽しむなら、よそに行って下さいよ。	
1	19	19	（クリスマスを楽しく過ごしました）	
1	21	19	その証拠が、すでに持ち出されている	
1	19	19	そういえば、何も食べてなかったな。	
1	21	19	人を一人殺さなければいけないような	
1	19	19	女の子のことで頭がいっぱい・・・	
1	24	19	（商店街の問題点を話し合った！）	
1	16	19	じゃあ、よろしくおねがいします！	
1	19	19	あそこ、いつも人手が足りないから	
1	18	19	最初からプレイしていただくように	
1	20	19	監督は今まで隠れてたんじゃ・・・	
1	18	19	待て、口にくわえているのは・・・	
1	18	19	ほら、リンゴの山の中にバナナとか	
1	20	19	余計に腹が減ったじゃないか・・・	
1	17	19	こうやってボール拾いさせてやると	
1	20	19	さんの右手が、一瞬でアルミホイル	
1	21	19	・・・練習に最高の日じゃないか。	
1	18	19	ちゃん、今日はバイトがないのか。	
1	16	19	だいたい、こんなハサミつけたまま	
1	21	19	ちゃんの劇団が公演を打つんです。	
1	20	19	なんだか妙な緊張感があったけど。	
1	20	19	・・・やつらは霊体にも鼻が利く。	
1	17	19	コマンドがあるから、それを選んで	
1	18	19	もともとあたしの部屋なんだしさ。	
1	21	19	少なくとも最初は、世の中のために	
1	17	19	どんなものなのか、そろそろ私にも	
1	20	19	去年のオールスター前に見つかって	
1	20	19	・・・意外に身近にいたりしてな。	
1	18	19	あたしたちの、今日のまかないよ。	
1	17	19	こんなことじゃないかと思ったよ。	
1	22	19	・・・君の体は精密機器なんだぞ。	
1	22	19	旅の最中に、なにか事故が起こると	
1	19	19	さて、旅の連れができた所で・・・	
1	16	19	そこまでしてオレらにプレッシャー	
1	21	19	思い込みの激しい人物ですから。）	
1	16	19	あれはイベントだったんでカニよ。	
1	18	19	ところで、今どこに住んでるんだ？	
1	22	19	お前は、そんな生ける芸術作品に、	
1	20	19	・・・相手が信用できないからだ。	
1	17	19	まったく、お前らがふがいないから	
1	19	19	・・・余計なことは言わんでいい。	
1	16	19	う（あー、こりゃまずいな・・・）	
1	17	19	まあ、とりあえず来てくれたまえ。	
1	18	19	でも、形はゴキブリに似てるだろ？	
1	17	19	大きさはネコぐらいあるけど・・・	
1	22	19	いや、むしろ自衛隊に連絡した方が	
1	16	19	これまでごちそうしてもらっただけ	
1	17	19	でも、いろいろあったと思うけど。	
1	21	19	このままこの商店街で商売してても	
1	20	19	なんだか妙にウチの事情に詳しくて	
1	17	19	だから、よそのチームもここへ来て	
1	21	19	出ない限りは大丈夫じゃないかな。	
1	16	19	あはははははははははははは・・・	
1	20	19	あいつは、お前がこの店に来る前に	
1	18	19	でも、ご飯食べさせてくれるから。	
1	18	19	ちゃんと周りに気をつけるムシャ。	
1	16	19	そうだわよね・・・そんなの・・・	
1	20	19	こいつ作るのに時間も金もいっぱい	
1	20	19	どうか、このアルプス星人の勇姿を	
1	18	19	（あれ、この人どこかで見たな？）	
1	21	19	店に来たお客さんの応対をしていた	
1	23	19	ワシが留守の時、よく息子が店番を	
1	21	19	息子さんに色々と教えてあげないと	
1	20	19	いくら相手と約束していたからって	
1	20	19	とんだ弱小チームに成り下が・・・	
1	20	19	昔、信じていたものに裏切られて、	
1	21	19	夜中に、あの腰の刀を抜いて・・・	
1	18	19	・・・え、バットを腰に差してる？	
1	23	19	俺、本当の誕生日を知らないから、	
1	19	19	だから、この商店街でないと・・・	
1	16	19	きっとやっていけないでしょうね。	
1	17	19	・・・ボロが出ちゃいけないだろ。	
1	20	19	暗くて足元がよく見えなかったから	
1	19	19	ええと、いい試合だからお客さんの	
1	17	19	・・・あいつ、言ってなかったか？	
1	19	19	どうも具合が悪くなってなぁ・・・	
1	16	19	うろうろしてるなんておかしいわ。	
1	19	19	・・・将来のこととか考えるとね。	
1	18	19	そう思ったら、なんだか果てしなく	
1	18	19	でも、１つの夢に縛られすぎるのは	
1	20	19	・・・この喫茶店の人じゃない。）	
1	22	19	主人が作った大事な店だから・・・	
1	19	19	そんな風に言われて、心のどこかで	
1	18	19	「毎日ボォーっとしてて、こそこそ	
1	18	19	がんばってる姿を、どんどん見せて	
1	18	19	いつまでたっても笑いが収まらない	
1	16	19	うつってしまったようでやんすね。	
1	16	19	へへっ、おもしろくなってきたぞ。	
1	18	19	でも、テレビの取材があるんだから	
1	19	19	もし、この商店街がなくなったなら	
1	22	19	もう、毎日修行で大変だったなぁ。	
1	18	19	お前はこうして生きてるんだから、	
1	21	19	「君は向こうに土地勘があるだろ。	
1	16	19	これはイメージダウンさせるための	
1	19	19	やり方について話してみた所・・・	
1	17	19	これはマジものの所だったカニよ。	
1	19	19	銀行をふっとばして行ったのカニ。	
1	21	19	用具の中から１つキミの欲しい物を	
1	19	19	何度見ても、このテレビニュースは	
1	20	19	・・・なんだか、微妙な返答だね。	
1	19	19	そういえば、昆虫の話ではないが、	
1	20	19	お前は、うちの従業員なんだから、	
1	17	19	しかし・・・どうやって見るんだ？	
1	21	19	君と一緒なら、どこの国に行っても	
1	20	19	安心しろ、女が笑っておるムシャ。	
1	18	19	この壁にダンボールと卵のパックを	
1	22	19	いつもは100万以上はかかるけど	
1	19	19	・・・20万もあればいけるかな。	
1	20	19	いつも100万もかかってたのか？	
1	18	19	・・・まあ、夢見てるんだけどな。	
1	25	19	世界征服を目指している妙な連中が	
1	20	19	いて欲しいと思う次第であります。	
1	20	19	結構ダメな人間だったみたいカニ。	
1	19	19	店の前には２０００円ポッキリって	
1	19	19	ちゃん、この荷物ここ置いとくよ。	
1	19	19	個人的な、なんかあるだろ、ほら。	
1	23	19	引導を渡す日にしちゃ、上出来だ。	
1	21	19	ちょっと言動に不安な点もあるが、	
1	18	19	そしてそのパイロットは、５年前に	
1	20	19	そしてそれを会長が手に入れれば、	
1	20	19	注意した方がいいと思うけどな。）	
1	21	19	一回５００円ですが、得点によって	
1	23	19	俺らはこの劇団を一流の劇団にする	
1	23	19	そして自分も将来的には役者として	
1	18	19	だから、心配してるんじゃないか。	
1	21	19	練習の後で俺に話があるって・・・	
1	16	19	まあ、もともとオレがこのチームの	
1	19	19	ウチの売上げまで下がってしまう。	
1	18	19	わざわざこの薬を置いていったのも	
1	20	19	店の準備で出かけてるんでやんす。	
1	19	19	ここに留まる理由にゃなんねぇぜ。	
1	22	19	練習の経験値が２倍もらえます。）	
1	20	19	それにふさわしい血統書つきの犬が	
1	19	19	ところが、この町に引っ越してきて	
1	17	19	ところが、ちょうどその時に・・・	
1	25	19	夜中に一家全員で車に乗り込んで、	
1	21	19	恥ずかしい話だけど、高校出てから	
1	20	19	さっきからご飯食べるのに夢中で、	
1	17	19	まず、手をこうしてだなぁ・・・・	
1	22	19	でもさ、簡単な料理と市販のものを	
1	18	19	そうですね、あと１人分ぐらいなら	
1	19	19	ケンカをやめて商店街とスーパーが	
1	19	19	でも、なんだか回りの目を気にして	
1	18	19	山の方へつながっていたらしいけど	
1	18	19	でも、俺がしばらくここに来るから	
1	20	19	自分で売りに行かなかったんだい？	
1	18	19	また捨ててあるマンガを見つけたら	
1	18	19	そんなに急いで帰らなくても・・・	
1	21	19	直球よりも打った時によく飛ぶし、	
1	16	19	ならないと、いけないんだが・・・	
1	19	19	三振じゃないから、ねらいを絞って	
1	19	19	自分なりのパターンを作っておいて	
1	20	19	２球目、外角にボールになるスロー	
1	24	19	ここ一番の時には２球目に変化球を	
1	20	19	まあ「人間相手」のときは、もっと	
1	20	19	家に帰りづらい理由でもあるのなら	
1	17	19	だから、いるべきところを探して、	
1	23	19	巡査は、会長さんの名前出したから	
1	19	19	もう何も言ってこないと思うけど、	
1	19	19	栄養もあるし、しょう油をつけたら	
1	21	19	オレ、女の人の存在すら知らなくて	
1	22	19	は、この技術を平和利用しようとは	
1	22	19	そっちの神経信号を使用してるから	
1	27	19	疑似体験でも、運動神経と判断力は	
1	21	19	・・・実を言うと、一部分だけなら	
1	22	19	最低時給を下回っているでやんす。	
1	17	19	だって、アンタのこと好きだから。	
1	17	19	もっと大きくならないとダメだな。	
1	20	19	お礼にお弁当を作ってきましたから	
1	20	19	しかも、野球で勝利するだって？！	
1	19	19	できれば野球を教えてやってくれ。	
1	18	19	きょろきょろ落ち着きがないなぁ。	
1	19	19	あんたがちゃんと約束を守れたなら	
1	21	19	いつも公演があると親とか親戚とか	
1	21	19	まったく、わたし達の家族が一緒に	
1	16	19	いっぱいいっぱいだったから・・・	
1	17	19	って、さっきから何をしてるんだ？	
1	17	19	そもそもワシがあんたを雇ったから	
1	20	19	例えば最初の人がガンマンになって	
1	18	19	そんなことを急に言われても・・・	
1	18	19	ま、クリスマスの夜を過ごすのには	
1	17	19	こんなの恥ずかしがってるようじゃ	
1	22	19	じゃ、一人で自由に演技してみて。	
1	18	19	（とにかく演技するしかないか。）	
1	20	19	妥協するのは簡単だけど、やっぱり	
1	19	19	どこかで元気に暮らしてるかもって	
1	20	19	想像する人も出てくるだろうしさ。	
1	16	19	こんなときまでカッコをつけるヤツ	
1	22	19	売れ残った昔の商品が無いかどうか	
1	18	19	お金、もらってるの見たでやんす。	
1	16	19	よほどショックだったらしいな。）	
1	19	19	今後は、おねえちゃんって呼んでね	
1	19	19	おねえちゃんは魔法使いでやんす。	
1	19	19	オリジナル変化球はとれません。）	
1	17	19	まずそっちへ行ってしまうでしょ？	
1	21	19	青息吐息でやってるところが多い。	
1	18	19	ううーん、負けなくて良かったけど	
1	16	19	でも、なんだかすっきりしないなぁ	
1	20	19	もうこれ以上がんばっても無駄だ。	
1	19	19	連中がカラクリに気づいたときには	
1	21	19	男として、この試合を最後にすると	
1	22	19	鍛えたい筋肉以外を使っちゃうから	
1	20	19	どうせ、自分以外はみんなバカだと	
1	17	19	はっきり言ってやったほうが・・・	
1	17	19	そんな感じで、ずっとこのままだと	
1	24	19	総理大臣や野球選手になりたいとか	
1	19	19	あのシェルターには、虫を誘引する	
1	20	19	へへ、虫は全部シェルターの中に！	
1	21	19	実はあたし、生活に余裕あるし～？	
1	21	19	そもそも風来坊さんは野球のために	
1	23	19	駅の前に大型のビル店舗を作るから	
1	18	19	でも、税金とかどうなるんだろう？	
1	19	19	かなりいい条件だと思ったのですが	
1	19	19	この俺が本当はカナヅチだなんて、	
1	20	19	商店街をつぶすとか言ってたくせに	
1	17	19	じゃ、あそこに何かがあるんだな。	
1	22	19	野球の看板背負えないぐらいにね。	
1	20	19	連続で柵越えアーチにするなんて！	
1	18	19	見た目はひょろひょろしてるくせに	
1	16	19	ピクニックといっても、みなさんが	
1	18	19	食べたので、味わってたんですよ。	
1	18	19	ちゃんと見守ってくれているのよ。	
1	16	19	しかも、もうウワサになってるの？	
1	17	19	ところを助けてくれたらしいけど、	
1	20	19	奇異の目で見られているようだ。）	
1	19	19	そのための音を用意したりするわ。	
1	24	19	最後に、作品の企画から完成までを	
1	21	19	映画の券が２枚当たったんですよ。	
1	21	19	この位置なら看板用のコンセントも	
1	18	19	プログラムを利用していたからね。	
1	23	19	会社の人間を使って、もし失敗して	
1	20	19	適当に組み合わせてあるらしいよ。	
1	20	19	それで培養ポッドに成長ホルモンと	
1	16	19	それなのに「おばちゃん」だとか、	
1	20	19	ま、失敗したらタンパク質に戻して	
1	16	19	タイマーをリセットできないんだ。	
1	19	19	助かるどころか、処分されるだけで	
1	21	19	家族一緒に住めるようになるんだ。	
1	21	19	急に世界が広がった気がするから。	
1	17	19	（くわえてたボールが取られた？）	
1	19	19	こんなに難しい流派だったなんて！	
1	20	19	風来坊って呼んでくれてもいいぜ。	
1	24	19	今回の一番人気間違いなしですね。	
1	20	19	相変わらずいい仕事してくれるよ。	
1	19	19	俺の「アルプス星人」どうだった？	
1	20	19	それから台本の手直しもしないと。	
1	17	19	たぶん、あんたの知ってるメガネは	
1	19	19	オイラとよく似た別人でやんすよ！	
1	17	19	でも、「やんす」を教えてくれたの	
1	18	19	今日からマブダチでやんすぅ・・・	
1	18	19	勝つために数をそろえてきたんだ。	
1	17	19	なぜキミらに話さねばならんのだ？	
1	20	19	ちょっと下の売り場で暴れて・・・	
1	23	19	経営者が興味を持つ「お宝」ねぇ？	
1	21	19	古代の超兵器ってのもなさそうだ。	
1	19	19	お前たちにも協力してもらおうか。	
1	20	19	部分的に入ることができるんです。	
1	17	19	あたしは楽をしたかっただけなの！	
1	22	19	それでも減る一方の貯金を見てたら	
1	19	19	それで全部、終わりにしましょう。	
1	17	19	罪はこれまでも、そしてこれからも	
1	19	19	どうして俺がこんな生活をしてるか	
1	17	19	あるんじゃないかって思っててさ。	
1	20	19	それに、公演は都会でやらないと。	
1	19	19	こんな町でやっても客が来ないよ。	
1	16	19	ここでやるのはムリかもしれないが	
1	21	19	・・・商店街のみんなも巻き込めば	
1	20	19	食事とかは自分でなんとかしてね。	
1	23	19	私物は自分の部屋にだけ置くこと。	
1	20	19	なにがあっても、２階の奥の部屋と	
1	20	19	今はバカで泣き虫でいじめられっ子	
1	20	19	日本の、いや世界のどこにいようと	
1	20	19	２階の奥の部屋ってなんなんだろ？	
1	19	19	１０台以上はあったみたいだけど。	
1	19	19	ネットで株の取り引きやってるの。	
1	21	19	でも商店街のみんなには秘密だよ。	
1	18	19	モニターが見当たらなかったけど？	
1	18	19	１台だけのモニターをつなぎ直して	
1	22	19	一枚選ぶだけで試合は進むんだが、	
1	19	19	重ならなければ三振してしまうぞ。	
1	20	19	押しながら、十字ボタンで見れる。	
1	20	19	そこで相手の多くのカードを打てる	
1	20	19	大きければ、打ち取る事もできる。	
1	22	19	画面では、横長で表示されているが	
1	18	19	これもカードなので勘違いするな。	
1	19	19	これが多いほど、いい結果になる。	
1	16	19	なんなら、やめてやってもいいぜ。	
1	17	19	スマートだ、スマートに行こうぜ。	
1	21	19	勝負は野球で決めようじゃないか。	
1	20	19	と野球で勝負することになった！）	
1	23	19	気を良くし、商店街を野球テーマで	
1	20	19	草野球のチームがいくら勝ったって	
1	17	19	まあ、ダチョウを借りてくるよりは	
1	17	19	いきなり話しかけられたぐらいで、	
1	18	19	こんなに動揺しちまうとはなぁ。）	
1	18	19	写真は、まちがいなくアレだった。	
1	22	19	当時、俺は野球部のマネージャーと	
1	18	19	よく気のつく、カワイイ子だった。	
1	17	19	・・・それで泳げるようになろうと	
1	18	19	あっさり乗り換えるなんてアリか？	
1	19	19	泳げなかったことが原因じゃなくて	
1	20	19	行動に問題があったんじゃないか？	
1	17	19	気づいてくれたかもしれないのに。	
1	16	19	ひっこみがつかなくなったんだよ！	
1	17	19	だが、いつまでたっても泳げない。	
1	19	19	お前はやっぱり野球をやるべきだ。	
1	22	19	明日の本番初日はどうなるんだよ。	
1	22	19	もう一度脚本を読み返しておいて。	
1	20	19	しかも今回は演出までやってるから	
1	21	19	自主練習しようかと思うんだけど。	
1	16	19	ま、まぁ、このままじっとしてても	
1	18	19	いつもやってるエチュード形式で、	
1	20	19	夜はさっさと部屋に閉じこもるし。	
1	21	19	・・・今日はお父さんが留守だから	
1	18	19	それにほら、ちゃんとこの箱の中に	
1	18	19	気づかない振りをしてただけかも。	
1	16	19	そのうちに、あたしはいないことに	
1	18	19	このまま消えてしまうのが恐いの！	
1	19	19	変な目で見られることになるのよ。	
1	22	19	商店街の野球チームが強くなれば、	
1	18	19	ひとつ、深入りするのもいいかと。	
1	17	19	あちこち探してみればどうかしら。	
1	25	19	基本的に車両乗り入れ禁止ですよ。	
1	19	19	ならば、この地のために努力せん。	
1	20	19	それから活舌（かつぜつ）練習ね。	
1	21	19	最初は全然わからないと思うけど、	
1	17	19	の家でゲームするんだけど、どう？	
1	18	19	・・・・俺の目がおかしいのかな？	
1	18	19	終わりに近づいてきたみたい・・・	
1	21	19	明日からまた真面目にやればいい！	
1	20	19	こいつは、お前がこの店に来る前に	
1	17	19	ずいぶんかわいい子だったんだぞ。	
1	18	19	会ったこともないこの子のために？	
1	17	19	も、きっと喜んでくれるだろうよ。	
1	18	19	だったら引き取ってくれないかな。	
1	19	19	これから盛り上がるっていう時に。	
1	17	19	このスポーツドリンクを飲むんだ。	
1	19	19	それに夢を叶えるには続けないと。	
1	19	19	今日はゆっくり休んだほうがいい。	
1	18	19	・・・そのうちに人間じゃないのが	
1	20	19	すごい完成度の着ぐるみでやんす！	
1	17	19	あんまり強そうなデザインじゃない	
1	19	19	商店街のイベントのイメージキャラ	
1	18	19	もしよければ、カニの季節にでも。	
1	16	19	そのようなバイトなど、それなりに	
1	18	19	野球なんてするヒマはないのカニ！	
1	18	19	こんなのは、うちの劇団じゃない！	
1	16	19	わたしは、どうしてもやりたいの。	
1	19	19	神様がきっと答えてくれたんだよ。	
1	17	19	どうして３０００円なんでやんす！	
1	19	19	昔のおもちゃが手に入ったんだろ？	
1	19	19	（やけをおこした支店長は・・・）	
1	18	19	ほほう、なかなか歴史のありそうな	
1	20	19	の否定を示すＮＯＴが抜けておる。	
1	20	19	教会の威信をゆるがすものとして、	
1	18	19	グループ全体へのしめしがつかん。	
1	20	19	お宝ってのは、ただの誤植本かよ！	
1	17	19	どうせ、私のものにはならんのだ！	
1	19	19	また捨てられてる本を見つけたよ。	
1	19	19	捨てられた本が泣いてるでやんす！	
1	16	19	なんかどれもこれもボロボロだから	
1	25	19	大手古本チェーン店なら250円で	
1	18	19	・・・これなんか、前に読んだけど	
1	18	19	いったい、何を考えてるんですか！	
1	18	19	オイラ、まだ遊び盛りでやんすー！	
1	18	19	母さんが預からせていただきます。	
1	22	19	付きの腕時計など音の出るものは、	
1	19	19	見られてること意識してやること。	
1	19	19	そんなことより、今日はすごい人が	
1	19	19	そうだね、素直な作りでよかった。	
1	19	19	・・・たった３日しか練習してない	
1	21	19	素人の演技が「良かった」だって？	
1	20	19	イベント用に何羽か借りたんだよ。	
1	18	19	ダチョウはキックが強力だからね。	
1	22	19	商店街のイメージが一気に悪くなる	
1	19	19	どこかで事件でも起こしたら・・・	
1	18	19	捕まえた方がいいんじゃないのか？	
1	17	19	ダチョウでダチョウを捕まえるの？	
1	18	19	イベントは中止になっちゃったよ。	
1	19	19	の研究所のデータは、こっちだよ。	
1	18	19	あれは市販のワクチンソフトだよ。	
1	21	19	警報が出るか、追い出されるだけ。	
1	19	19	あたしの脳の心理トラップなんだ！	
1	22	19	写真を見ても５分後には忘れてる。	
1	17	19	やば、セキュリティに見つかった。	
1	18	19	おまえがどれだけ迷惑がってるか、	
1	16	19	まさかこいつじゃないだろうな！？	
1	19	19	あんた役者で食っていくんでしょ。	
1	16	19	おまえらも、くだらねぇことしてる	
1	24	19	俺、今回は舞台立つの無理っぽい。	
1	23	19	あれ、非常用電源が作動してない！	
1	17	19	君は・・・サイボーグだったのか？	
1	21	19	破壊活動用サイボーグだったんだ。	
1	18	19	あたしの性能がついていけないの。	
1	20	19	って発想が失敗だったんだろうね。	
1	22	19	あっちの防壁は日進月歩だからね。	
1	20	19	すごくないんだか微妙な能力だな。	
1	22	19	低温や衝撃に、サイボーグの機能が	
1	18	19	いつか殺される！って思ったから、	
1	25	19	仲間の一人に記憶を操作できる子が	
1	16	19	うん、いろんなものがあふれてくる	
1	20	19	今日はもっといい公演にするんだ。	
1	19	19	じゃ、じゃあ、わたし達の舞台は？	
1	23	19	火事の原因、不審火みたいなんだ。	
1	21	19	あんなに時間かけて準備した割には	
1	22	19	本当に無実の演技なんてしないわ。	
1	19	19	絶対に・・・・・・・・・・上に。	
1	19	19	その前に、虫を見せてもらおうか。	
1	19	19	ああ、会長があのクソったれな本を	
1	18	19	なあ、最後までこのままなのかな？	
1	20	19	詮索するのは野暮ってものでしょ。	
1	18	19	全ての虫のケースのフタがひらく。	
1	19	19	私は外に逃げられないじゃないか。	
1	17	19	いったい、どこに通じているんだ。	
1	20	19	あたしはこの入り口を見張ってる。	
1	24	19	自分自身の過去に復讐するんだよ！	
1	19	19	あんまり服とか本とか買わないから	
1	25	19	演技論に演出術、それから脚本集。	
1	18	19	なんだったら、それ全部あげるよ。	
1	16	19	いつもは、ごはんにソースだけとか	
1	20	19	そんなんじゃ、舞台が心配だな～。	
1	17	19	スーパーのチームに負けたんです。	
1	19	19	あんなの草野球じゃないでやんす！	
1	22	19	この店に来るまでに、商店街を見て	
1	20	19	そういえば、休日のお昼過ぎなのに	
1	18	19	ちょっと前まで強かったんですよ。	
1	19	19	やっぱり、強いところに抵抗しても	
1	18	19	バットの振リ方ぐらいわかるよな？	
1	20	19	俺たちの練習は厳しいんだからさ。	
1	17	19	おーい、ユニフォームを貸すから、	
1	18	19	落ち込んでてもしょうがないから。	
1	17	19	こんなのでうまくいく訳ないだろ。	
1	20	19	今日はわたし一人だけなんですか？	
1	22	19	小さな劇場でお芝居を観たんです。	
1	20	19	感動を与えたいって思ったんです。	
1	21	19	そしてより商品価値を上げていく。	
1	19	19	利用されて、捨てられるだけだぞ。	
1	17	19	あんたに何がわかるっていうの？！	
1	22	19	今まで一緒の時間を過ごしてきて、	
1	17	19	話がしたいってウズウズしてたよ。	
1	24	19	この業界はな、悪魔に平気で魂売る	
1	18	19	はっきり言うけど、今のわたしには	
1	20	19	大切なオーディションの邪魔なの。	
1	16	19	こんなことにはならなかったのに。	
1	17	19	・・・こっちまで悲しくなるだろ。	
1	19	19	飲んでしまったらますます腹が減り	
1	20	19	（喫茶店でのんびり過ごしました）	
1	18	19	なんの役に立つかはわからんけど、	
1	18	19	必要になるかわからないでしょ～。	
1	18	19	筋トレでもしようかなと思ってさ。	
1	18	19	にも右手があるんだが・・・・・。	
1	18	19	どんな球でも取ってみせるから～！	
1	22	19	彼女は素手で鐘を鳴らしているの。	
1	23	19	原因がわからない以上、謝る方法も	
1	18	19	だから味わって食べてくださいね。	
1	17	19	それにシスター・リョーフの強さは	
1	18	19	ボ～クを人扱いしてないでしょ～？	
1	21	19	業者に運んでもらわない細かい物を	
1	20	19	栄養剤なんか入ってないんだけど、	
1	21	19	何が作用したら、あんな変な感じに	
1	22	19	一緒に行くと言ったら私を見つめて	
1	23	19	人生観を変えるぐらいに強烈な辛さ	
1	20	19	それとも、あの変な草が原因かな？	
1	18	19	ない？」とか聞いてくると思うな。	
1	22	19	俺から意識を略奪する気なんだな。	
1	21	19	さんは俺と一緒に居て話すよりも、	
1	18	19	味なんかわからないと思ったのに、	
1	20	19	意外と味にうるさい男だったのね。	
1	18	19	とりあえず替えて欲しいんだけど。	
1	19	19	今度はマスターに淹れてもらいます	
1	18	19	それだけ買い物しているんだから、	
1	21	19	下手に嘘をついて、好きとか言うと	
1	16	19	これはフンパツしないとダメだね。	
1	20	19	だからその時が来て、俺がこの街を	
1	17	19	だけど、考えてもどうしたらいいか	
1	18	19	なんとなくお金持ちっぽいでしょ？	
1	18	19	バイ菌とか入ったらどうするのさ。	
1	19	19	だから、気が向いたらここに来て。	
1	18	19	この日をどれぐらい待ちわびたか！	
1	21	19	あれは間違いなく機嫌が悪いよな。	
1	19	19	じゃあ、原因は何だよ・・・・・。	
1	18	19	こんな事にはならずに済んだのに。	
1	17	19	あんなので許してもらえるわけない	
1	19	19	というか、あんな格好で恥ずかしく	
1	18	19	怪しくてもどうって事ないけどな。	
1	20	19	選んでも逃げる事はしないと思う。	
1	16	19	バッテリーがぁぁぁぁぁぁぁあ！！	
1	20	19	から、君が知らないのも当然だね。	
1	19	19	カウンターに視線が行かなかった）	
1	19	19	お嬢様に近づくゴミめ・・・・・。	
1	20	19	しばらくお待ちください。ご主人様	
1	18	19	まあ、望むのは何でもいいけどね。	
1	21	19	「包丁の使い方教えて・・・・・」	
1	24	19	こんな商店街の真ん中で俺の名前を	
1	19	19	これがご飯食べてるように見える？	
1	20	19	誰が見たって買い物だってわかる。	
1	18	19	いろんな事がわざとらし過ぎるわ！	
1	17	19	その時にはかわいいおばあちゃんに	
1	21	19	誰か買い物に付き合ってくれたら、	
1	21	19	あの世界の果てまで買い物をしに！	
1	19	19	自分で何とかしたらいいじゃない！	
1	22	19	仕事をしていない俺に言う言葉じゃ	
1	20	19	さっきまで読んでいた本の影響だと	
1	19	19	だから、いつかこの街を出て行く。	
1	17	19	それを過ぎてしまうと・・・・・。	
1	19	19	それまで私を自由にさせておいて。	
1	20	19	それが過ぎれば、絶対に帰るから。	
1	20	19	旦那様にそうお伝えしておきます。	
1	18	19	何を食っているのかすらもわかって	
1	19	19	手首もスッパリいくって言ってた。	
1	19	19	そろそろ練習をしていこうと思う。	
1	16	19	がやってくるわけじゃないけどね。	
1	21	19	感謝の言葉を言ってくれてだけで、	
1	18	19	この店でバイトしてて良かったって	
1	19	19	返事、もしくはこっちを向こうよ。	
1	21	19	本ばかり読んでたら健康に悪いよ。	
1	21	19	叫び声は特に意味はないんだけど、	
1	20	19	そんな事より、それだけ芸の練習を	
1	17	19	しているんだったら、サーカス団に	
1	19	19	いや、あれは物凄い速さでボールを	
1	23	19	今度は空中に投げたボールを正確に	
1	17	19	あのボールさばきは並じゃないな。	
1	17	19	声をかけただけなのに、なんでだ？	
1	21	19	さん、本に夢中になると二日ぐらい	
1	18	19	が見ているって事はたぶん・・・・	
1	19	19	し、しかし、その前にこの目の前の	
1	21	19	「頑張れよ」と一言、言ってやる。	
1	18	19	そう言ってくれる人がいるだけで、	
1	18	19	いや、俺はそんなの信じないけど。	
1	18	19	なんでこんな物が飛んでくるんだ？	
1	21	19	サルが男前だとは一言も言ってない	
1	18	19	好きな子がメイドだったわけだね。	
1	21	19	近々、一度戻りますと・・・・・。	
1	18	19	さん、もしかして食べれる物なら、	
1	18	19	だから、これは出さないで欲しい。	
1	21	19	そんな物を食材として扱ってる店を	
1	18	19	お気をつけて行ってらしゃいませ。	
1	21	19	この部屋は自由に使ってください。	
1	19	19	出会えたら、その時は・・・・・。	
1	24	19	ご主人様の部屋の扉を少し開けて、	
1	19	19	コーヒーでも飲んで落ち着きなよ。	
1	18	19	なんか凄いこと聞いちゃったなって	
1	17	19	そんなの効くわけないじゃないか。	
1	17	19	こんなの効いてるわけないだろう。	
1	16	19	おお！よくできているじゃないか！	
1	21	19	言いながらも将来の事を考えている	
1	23	19	男の客全員が殺し屋の目をしてる。	
1	19	19	あの時は君のおかげで助かったよ？	
1	21	19	このPCが止まれば僕も止まるし、	
1	21	19	俺は眠いから昼寝の続きをします。	
1	18	19	といいアイツといい、そんな格好で	
1	20	19	いろいろな場所を渡り歩いていた。	
1	21	19	今みたいにその街に長居する事も、	
1	17	19	まあ、すっかりとは言わないけど、	
1	18	19	あの本はどこから持ってきたんだ？	
1	17	19	ゴーイングマイウエイの極みだな。	
1	19	19	ボ～クの顔はいつ見ても愛らしくて	
1	20	19	いつ見ても、心臓が止まりそうだ。	
1	17	19	私がアンタなんかにおごるわけない	
1	18	19	食べるの、食べないのどっちなの？	
1	18	19	レトルトばかり食べてると思えば、	
1	19	19	道の終わりまではっきりと見える。	
1	18	19	誰かが助けてくれるわけじゃない。	
1	18	19	誰かが喜んでくれるわけじゃない。	
1	19	19	だけど、その道を進もうとする事に	
1	20	19	その道がその女の子の全てだった。	
1	20	19	どうせ俺も中に入るんだし、持って	
1	21	19	本当に服を作るのが好きなんだな。	
1	20	19	一回も作ってもらった事がないよ。	
1	21	19	もちろん、この商店街の助っ人から	
1	18	19	本当にうらやましい・・・・・・。	
1	22	19	そして、私はまた不自由な空の下で	
1	20	19	本から目線を逸らさなかったのに。	
1	20	19	いま読んでいる本に影響されたかの	
1	22	19	俺の為に手料理を作ってくれるのは	
1	20	19	が怪我とかしちゃうのは心配だよ。	
1	19	19	それを考えると守ったと思えばね。	
1	23	19	今日はこの帽子の先にある丸い物を	
1	21	19	むしろ、この喫茶店を見てると腹が	
1	22	19	今回の新作はなかなかの好評だった	
1	19	19	とりあえず本人に聞いてみないと、	
1	19	19	どう見ても運動なんて・・・・・・	
1	20	19	とりあえず鼻に電池を詰めておけば	
1	20	19	それは当然だと、本に書いていた。	
1	18	19	さん。そこまでする必要はないよ。	
1	20	19	だからさ、近場で買えるので作って	
1	22	19	普段の生活に反映できないのかあ）	
1	17	19	なのに、なんで着てくれないのさ。	
1	18	19	やっぱり食べ過ぎはよくないよな。	
1	19	19	いや、俺もそう感じるから気のせい	
1	18	19	ドーンと公表しちゃったらどうだ？	
1	22	19	の悪魔のような計算された行動に）	
1	18	19	人から逃げてちゃダメなんだよね。	
1	17	19	なぜだかわかんないけど、この街に	
1	21	19	でも、ボ～クは一目見た時に好きに	
1	19	19	が一目惚れするぐらいなんだから、	
1	23	19	友達は毎日一緒には居てくれない。	
1	21	19	さんと何から何まで正反対なので、	
1	19	19	それに私がこの街に残っているのは	
1	19	19	メイドは事件を見るんじゃなくて、	
1	20	19	私のはついでの理由だと思うけど、	
1	20	19	あの人が何かするには十分でしょ。	
1	17	19	さんが弾くなら、どれでもいいよ。	
1	21	19	人間とか、自分のお金じゃないのに	
1	22	19	たった一人の女の子を喜ばせる為に	
1	19	19	ぶつかって行って、道化になるのが	
1	20	19	さんは俺と離れる方を選んだんだ。	
1	19	19	きっとそう言って前に歩いていく。	
1	21	19	不自由な空にいるなら、その上に。	
1	21	19	だけど俺が君の鎖を引きちぎる事が	
1	18	19	それができるのは自分だけだから。	
1	20	19	でも君が俺を必要としてくれるなら	
1	22	19	戻って、自分が好きになった女の子	
1	19	19	逃げていたら前と同じじゃないか！	
1	21	19	世界を裏で操る男になりましょう。	
1	20	19	お前が何の反応もできないなんて。	
1	19	19	おごってくれた女の人は居るかな？	
1	17	19	じゃあ、ごゆっくりさっさとお帰り	
1	17	19	サンドイッチを持っていってみろ！	
1	19	19	さんの部屋に住んでいたんでしょ？	
1	17	19	ダメージを与えないでやってくれ。	
1	20	19	今日はあの子を探しているんだ～。	
1	19	19	ああ、たぶん准が思い浮かべている	
1	18	19	ボ～クは君がだ～い好きなんだ～。	
1	20	19	ただもっと相手の事を知らないと、	
1	22	19	しかも、相手の好意はさらに倍増。	
1	18	19	いつの間にか寝ていたみたいだな。	
1	19	19	さんでも緊張する事があるんだな）	
1	23	19	料理が趣味な人の気持ちがわかる。	
1	20	19	しかも、一人で作れる数じゃない！	
1	18	19	「僕がメイドでメイドが僕で」だ！	
1	19	19	だから彼氏のフリをして欲しいの。	
1	17	19	１０月のビッグイベントがもうすぐ	
1	20	19	嘘なら嘘で仕方ないんじゃないか。	
1	20	19	まあ、そう見られても仕方が無いな	
1	22	19	そんな人に余計な情報を教えるわけ	
1	18	19	少しプログラムを思いついたから、	
1	21	19	こちらのお席にどうぞ！ご主人様方	
1	19	19	お前、さっき俺の事は・・・・・・	
1	20	19	こんな所に立ってたら邪魔ですよ！	
1	20	19	知り合いというか、常連というか。	
1	21	19	それ以外にも何かを深く考えてる。	
1	17	19	さん、そろそろ教えてくれないか？	
1	20	19	すでに未来の道が決められていた。	
1	20	19	自分の道を歩けばいいじゃないか。	
1	20	19	鎖を引きちぎって前に進んでいける	
1	18	19	その力を持っているわけじゃない。	
1	20	19	この世界から連れ出してあげると。	
1	19	19	さんなら辞書とか読んでそうだし。	
1	17	19	まあ、とりあえずせっかく来たし、	
1	20	19	さん、自分の事をあんまり語らない	
1	20	19	次に会ったらお礼を言わないとな。	
1	19	19	自分にしかできない事なんだって。	
1	19	19	傷ついても決してくじける事のない	
1	19	19	自分を偽っておられるようだから。	
1	22	19	それが自分の意志で決めた事なら。	
1	19	19	翼を広げる事なんてできなかった。	
1	21	19	だけど私の翼は大きな鎖に縛られて	
1	19	19	さん、俺は忘れるなと言っただろ。	
1	21	19	連れ出してあげると約束した事を。	
1	19	19	もっと大きくなる事ができる事を。	
1	21	19	お嬢様が、お友達を連れてくるから	
1	21	19	何か栄養のある物を作ってくれと？	
1	18	19	まあ、俺には縁のないところだな。	
1	18	19	急用ができてしまったようですな。	
1	19	19	それで、資料は見つかりましたか？	
1	18	19	裏に、怪しいおっさんがいるぞ！）	
1	18	19	まあ、あんな事があった後なんで、	
1	17	19	離れたかったんじゃないですかね。	
1	17	19	ちょっと通りかかっただけだから。	
1	19	19	いいお土産が、思いつかなくてな。	
1	18	19	こうして、公園でのんびりするのも	
1	17	19	ここのレストランの人じゃないの？	
1	19	19	勘違いしてもらっては、困ります。	
1	21	19	様のために、もう一度やり直す気は	
1	24	19	今日は、お嬢様が通う道場の話から	
1	20	19	突然、自殺するなんてありえない。	
1	19	19	あの人、食べ物くれるんだよなぁ）	
1	18	19	そんな、すごい人には見えないな。	
1	23	19	当時、お菓子作りが得意でなかった	
1	20	19	得意じゃないのは、本当なんだよ。	
1	21	19	一応、私の勘違いかもしれないから	
1	22	19	とりあえず今は、草野球の助っ人。	
1	18	19	ずっと気になってる事があるんだ。	
1	22	19	私が、今どれだけ勇気を振り絞って	
1	17	19	あなたは、ここで死ぬのですから。	
1	18	19	おっ、野球のことが載ってるぞ。	
1	22	19	今日は大道具の作業をたのむぞ。	
1	19	19	じゃ、配達が終わったら行こう。	
1	16	19	・・・なんだ、さっきのは夢か。	
1	17	19	・・・立ち読みでもしていくか。	
1	17	19	一緒にストレッチでもするカニ。	
1	17	19	あ、でもちょっと用事があるから	
1	18	19	僕は納得いかないんだけどなぁ。	
1	18	19	あれれ、なんだか調子が悪いぞ。	
1	17	19	だからあなたも一緒にやること。	
1	16	19	でも、なんとなく怖くなったの。	
1	20	19	（商店街の雑用をやらされた！）	
1	17	19	誰からのものかは判らないけど、	
1	19	19	ホウレン草の胡麻和えにしようと	
1	17	19	もう閉鎖されているだろうから、	
1	19	19	は、反射神経はいいんだけどな。	
1	18	19	オイラがプロの選手になった時の	
1	17	19	・・・俺、避けられてるのかな。	
1	21	19	試合の結果は残念だったが・・・	
1	19	19	あとで練習を見に行くでやんす！	
1	19	19	事前によく説明しておかなかった	
1	17	19	しかしまあ、この事件のおかげで	
1	15	19	どのみち、すぐのことじゃないし	
1	18	19	（倉庫に行けなくなりました。）	
1	16	19	・・・誰のしわざだ、まったく。	
1	19	19	さんも、あなたが仕事の手伝いを	
1	18	19	竜巻が起こるとか、そういうこと	
1	16	19	もっと強そうにするでやんすか？	
1	17	19	・・・ほらみろ、急に動いたから	
1	16	19	でもシャッターが閉まってるぞ。	
1	18	19	・・・なんだか視線を感じるな。	
1	16	19	ひひから揚げと、マカロニサラダ	
1	16	19	とっとと帰っちゃったでやんす。	
1	16	19	じゃあ、あたしも恥ずかしいから	
1	20	19	変なものを食べて体調を崩しちゃ	
1	18	19	背景も黒くなっちゃったし・・・	
1	20	19	この商店街でも、それに便乗して	
1	21	19	商店街の各お店にビラを貼ったり	
1	17	19	こっそり逃げ出してるかも・・・	
1	17	19	フウム、僕が思うに・・・・・・	
1	19	19	こうやって細々と生活するのって	
1	16	19	形のくずれたケーキとかあるけど	
1	21	19	あそこの河原、昔は処刑場だった	
1	17	19	たしかに正解ですけど、どうして	
1	18	19	いやあ～、たまたま昨日その話で	
1	17	19	だって優勝できるんじゃないか？	
1	20	19	いわば空を飛ぶにも等しい行為！	
1	16	19	・・・でも、安くしてあげない。	
1	16	19	ちゃんと店をやっていたんだな。	
1	17	19	・・・・・・気が利かない、か。	
1	17	19	意外にマイナーだったのカニ～。	
1	16	19	俺たちだけ、カニカニカニ～って	
1	17	19	子供にバカにされるだけだカニ。	
1	17	19	なんだか、勝手がちがうなぁ～。	
1	17	19	サイボーグの選手がいたりして。	
1	18	19	煮物とケチャップの香りが・・・	
1	20	19	涙が出ないと、眼が乾燥するし。	
1	17	19	い、いや・・・私に聞かれても。	
1	17	19	さんなら、絶対にやってくれると	
1	16	19	それをこっそり読んでみたらさ、	
1	18	19	ところで、今の状況ですが・・・	
1	19	19	寿命が伸びたんだからさ、その分	
1	17	19	それに、あたしを連れて行くと、	
1	15	19	・・・・・・そういうの、イヤ？	
1	16	19	なあに、またチームが強くなれば	
1	18	19	この前の話の続きでありますが。	
1	19	19	子供の夢を壊しちゃダメだカニ！	
1	18	19	大きい石が転がってるだけ・・・	
1	20	19	そして同じく腕の振りを利用した	
1	15	19	それにバッティングだって・・・	
1	22	19	言われて即座に修正は、出来ぬ。	
1	21	19	主戦力であるオレが練習する方が	
1	23	19	でも入場料が1800円だって？	
1	16	19	・・・なんだか楽しそうだから、	
1	24	19	地下の貯蔵室に大量発生してね。	
1	19	19	じゃあ、そっちの準備が出来たら	
1	20	19	もっと頑張って、料理を作るのが	
1	21	19	元気がわいてきて、野球の練習も	
1	16	19	ははペット用シャンプーだって。	
1	20	19	怪しまれないように複数の会社を	
1	19	19	きっと、この街で石油が出るとか	
1	23	19	発電所を作るとか、再開発の話が	
1	18	19	とりあえず別の映画にしようよ。	
1	18	19	まあ、大きな声じゃ言えないけど	
1	15	19	エサやってかないんでやんすか？	
1	17	19	さんにご飯食べてもらわなくちゃ	
1	19	19	ちゃんと端子は掃除しておこう。	
1	16	19	バッタのかぶり物にでもするさ。	
1	17	19	だからかなり丈夫にしといたし。	
1	19	19	いやあ、さすがは「大村金物」の	
1	16	19	・・・イヤになるほど見たから、	
1	20	19	その点、野球だと地上にいるし、	
1	21	19	の全社員とパートの力を結集して	
1	16	19	見かけなくなったでやんすねー。	
1	19	19	それからずっと人間の力を借りず	
1	17	19	ずうっと一人ぼっちでやんすか？	
1	16	19	これには、なにか裏があるな。）	
1	20	19	風来坊さんは紳士だし、あたしは	
1	21	19	と一緒に帰って来る時が多いな。	
1	16	19	・・・・・・・・・言ったかな？	
1	17	19	・・・これは俺と、お父さんか。	
1	19	19	殺虫剤をかけるか、壁でつぶして	
1	17	19	練習もうまくいってるようだし、	
1	20	19	このスーパーの条例違反の話が、	
1	18	19	、お前との決着はおあずけだな。	
1	15	19	スパゲッティって、ケチャップで	
1	16	19	そういえば色のついていないのが	
1	17	19	ハンバーグの横についていた事も	
1	16	19	もう、負けたらどうしようかと。	
1	17	19	そういう言い方をされると・・・	
1	17	19	じゃあ、魚屋さんにレッツゴー！	
1	17	19	わたしなんか、どんどん頭の中で	
1	19	19	最近の人は、やれ傷がついただの	
1	21	19	家族４人、質素に暮らしていける	
1	16	19	くらいは、ちゃんと稼いでるさ。	
1	16	19	、どこに行ったんだろうな・・・	
1	16	19	死ぬようなケガじゃなかったから	
1	19	19	非常に強いものを持っている。）	
1	21	19	（商店街の現状を聞きました。）	
1	18	19	・・・こうなったら拳で勝負だ。	
1	17	19	それなのに、わがままに振舞って	
1	16	19	お父さんみたいにはなりたくない	
1	18	19	４代目になるんだぞって言ったら	
1	17	19	仕事をサボることもあるけれど、	
1	19	19	息子にはそんな風に見えてたのか	
1	19	19	後継ぎを押し付けるんじゃなくて	
1	20	19	値段が安いのと、店が小さいから	
1	17	19	こうやって、ちょっと引っ張って	
1	19	19	野球の練習をしていたでやんす。	
1	16	19	こっちは見つからないでやんす。	
1	22	19	利用客は別の駅前に行くだけで、	
1	17	19	別のスーパーを建てるとか・・・	
1	18	19	それで、こうして寺を飛び出して	
1	17	19	きっと事情があったんだろうし。	
1	18	19	・・・とにかく、今後、あの人に	
1	22	19	景気やお金の話題に直結するのも	
1	18	19	頭が２つに割れて、バルカン砲が	
1	20	19	単なる爆発事件になってたカニ。	
1	19	19	じゃあ、情報操作でありますか？	
1	20	19	お前の方が生意気につっかかって	
1	17	19	じゃ、約束どおりプレゼントして	
1	17	19	いろいろと中傷されてるし・・・	
1	19	19	仕事を手伝うことができます。）	
1	16	19	こいつが車にひかれておったのを	
1	18	19	盛ヒい・・・ふむ、悪霊ではなく	
1	17	19	宣伝してくれるというのも・・・	
1	19	19	助っ人がいることを念頭において	
1	18	19	助っ人は出ないことになった！）	
1	18	19	じゃあ、それが具体的になったら	
1	17	19	ニュージーランドに預金するのが	
1	17	19	・・・でも現実には、つまらない	
1	15	19	そうなのではないかということを	
1	17	19	考えてしまう時なのであります。	
1	19	19	なにしろ本物の怪人なんですよ、	
1	19	19	カニ怪人に志願したらしいカニ。	
1	18	19	それで、あの時のお金を少しでも	
1	20	19	公園に行って水でも飲むか・・・	
1	15	19	これ、さっきもらったんだけど、	
1	18	19	この試合の各イニングでもらえる	
1	17	19	・・・助けて・・・助けて・・・	
1	19	19	（こんな奴を一瞬でも頼りにした	
1	18	19	そのお宝を手に入れるためだけに	
1	16	19	えそんなこと聞かれても・・・。	
1	18	19	いま、一瞬見てはいけないものが	
1	17	19	・・・まったく、恐ろしい奴だ。	
1	22	19	最近、商店街にウチが買い取った	
1	17	19	後回しになっちゃうんでやんす。	
1	17	19	母ちゃんに見つからないように、	
1	16	19	欲しいものがあるんだけど・・・	
1	17	19	・・・いい選手だったんだがな。	
1	19	19	おまけに、主人に会えた喜びから	
1	18	19	その技を教えて欲しいでやんす！	
1	19	19	実は、あたし商店街とスーパーの	
1	15	19	・・・でも、あんまりスーパーで	
1	16	19	・・・あんたらが困ってからね。	
1	19	19	お父さん以外に食べてもらったの	
1	19	19	地下道があったことを聞いた。）	
1	19	19	なにか伝説とか言い伝えみたいな	
1	20	19	この商店街を目の敵にしてるのか	
1	22	19	の山頂に、野球の試合で使ってる	
1	17	19	・・・そうそう、思い出したよ。	
1	18	19	爆撃機のパイロットが、しばらく	
1	20	19	戦争が終わって何年かたってから	
1	19	19	お前は、うちの従業員なんだから	
1	21	19	ところで、従業員なら給料の方は	
1	18	19	お前、野球やってるんだなぁ～。	
1	17	19	優勝したことがあるんだなぁ～。	
1	17	19	もう僕たちは、帰るんだなぁ～。	
1	15	19	・・・え、なにがいけないって？	
1	17	19	ボールが変化してからカーソルを	
1	17	19	予想して、あらかじめカーソルを	
1	22	19	打球の勢いと上がり具合を見て、	
1	16	19	ずいぶんと楽になるんだが・・・	
1	18	19	いつの間にか本が少なくなってて	
1	16	19	・・・あるいは売っちゃったか。	
1	17	19	い「今でもその人のこと・・・」	
1	22	19	あたしの機能を使って演出効果を	
1	17	19	・・・って、試合ができるのか？	
1	17	19	・・・これって練習になるかな？	
1	18	19	・・・じゃあ、お言葉に甘えて。	
1	16	19	さんから、あなたが欲しがってる	
1	15	19	ここでアルバイトさせられている	
1	18	19	って言われたって話、覚えてる？	
1	17	19	あるから、自覚がないんだって。	
1	17	19	もう、あなたがそういう態度じゃ	
1	20	19	じゃあ、根本的な質問をするぞ。	
1	18	19	いつもは無駄遣いしないんだけど	
1	18	19	あんなもの二度と見たくない。）	
1	20	19	こいつら僕を置いて、物価の安い	
1	17	19	そういえば、チケットの売上げが	
1	18	19	ウチの親は商売してたんだけど、	
1	17	19	くんは、インテリ役向きでしょ？	
1	18	19	人の趣味を、そんなゴミみたいに	
1	19	19	じゃ、今日はこれで失礼するよ。	
1	17	19	やっぱりあんたらを追い出すのは	
1	18	19	ま、どっちが勝っても面白ければ	
1	16	19	まったく違うシチュエーションを	
1	17	19	そこに次の人はサムライになって	
1	18	19	そのおかげで作品も良かったし、	
1	17	19	でも、そうしてしまった気持ちも	
1	16	19	みんな許してくれるだろうけど、	
1	18	19	ちょうどそれに使えそうな荷物も	
1	20	19	人が少ない商店街でやんすねぇ。	
1	17	19	ところで、今日はどうしたんだ？	
1	16	19	まず、オモチャと言うのは・・・	
1	17	19	そういうのはマンガの中だけの話	
1	18	19	よし、今のを採用するでやんす！	
1	20	19	（・・・相手チームに逆転勝ち。	
1	15	19	・・・クリスマスセールですよ、	
1	15	19	ことになったんじゃないですか。	
1	16	19	ビックリするぐらい強いチームに	
1	17	19	まだまだこの町に残るでやんす！	
1	19	19	絶対に、この町に来るでやんす！	
1	17	19	おそらく、そう思わない人たちも	
1	17	19	ずいぶん前のような気がするわ。	
1	16	19	やっぱり、ここは車がスピードを	
1	18	19	あんなクズなんざ、自滅した方が	
1	18	19	言っておきながら、結局それしか	
1	15	19	しがみついているだけなんだ。）	
1	17	19	こっちは家族でやってるところが	
1	15	19	アルバイトがあったら、そっちへ	
1	17	19	いや、これは来て欲しくないとか	
1	17	19	もっとお客が来てくれそうだな。	
1	18	19	この提案が通ったら、あいつらを	
1	19	19	商店街は蹴ったんです」ってな。	
1	23	19	その過程で商店街側が分裂すれば	
1	15	19	パーフェクトスイエイマンである	
1	17	19	走り回ってるだけじゃないか。）	
1	20	19	この俺が、かつて甲子園に行った	
1	19	19	そういえば、そんな名前の投手を	
1	18	19	そして、俺のすばらしさに感動し	
1	17	19	なった方がいいと思うんだが。）	
1	18	19	「野球の街」としてアピールする	
1	15	19	してくれれば、それでいいんだ！	
1	16	19	だったら、もうここに来るなよ！	
1	18	19	あいつら、妙に力が強いんだな。	
1	19	19	お前らがいたら、試合に勝っても	
1	20	19	は、役者が手に持って使うものや	
1	25	19	も本番の操作と照明機材の準備。	
1	18	19	こっちで公演を打ってくれるって	
1	19	19	君らのお芝居は見たことないけど	
1	20	19	それから、公演日時が決まったら	
1	21	19	・・・特撮変身ヒーローの映画？	
1	17	19	・・・そうですね、お昼過ぎなら	
1	16	19	とりあえず、お茶でもいれるわ。	
1	19	19	寿命タイマーをクリアする方法が	
1	16	19	どこかに隠されているかも・・・	
1	17	19	野球のバーチャルゲームみたいに	
1	16	19	言っちゃあなんだけど、アンタが	
1	15	19	それになにより、あっちのビルに	
1	19	19	ほっぺたをつねると仮想世界から	
1	17	19	球場みたいにもっとわかりやすく	
1	22	19	実在する人間の脳細胞パターンを	
1	18	19	えっとね、誤作動しないかどうか	
1	16	19	心のどこかであきらめてたけど、	
1	17	19	あ、でも歯形がついちゃったな。	
1	17	19	それじゃ、山の上のグラウンドへ	
1	15	19	とりあえず、ノックやってみる？	
1	19	19	だが、劇団のみんなを差し置いて	
1	17	19	役者としてはぜんぜんダメだけど	
1	20	19	あんたは人に対する口の利き方を	
1	16	19	でやんすから言うでやんすけど、	
1	21	19	選手は現役の選手でやんすから。	
1	19	19	ローカル番組でも取り上げられる	
1	19	19	さん、練習を見に来たでやんす！	
1	15	19	さんとケンカしてるでやんすか？	
1	18	19	でも、連中の言いなりになってた	
1	19	19	あんなに反対したのも当然です。	
1	16	19	あなたが押さえていて、「それ」	
1	17	19	だから、全部あたしのわがまま。	
1	18	19	でも、朝から晩まで働いて・・・	
1	18	19	助けてもらわなきゃ、一日だって	
1	18	19	練習でたっぷり汗をかいてるのに	
1	19	19	あたしは自分の部屋でやることが	
1	15	19	じっくりとうかがうであります。	
1	16	19	また、スロットが始まったときも	
1	20	19	この商店街から手を引くってのは	
1	20	19	へえ、商店街にしては豪華だな。	
1	20	19	・・・手の届く幸せが一番です。	
1	17	19	今日までのイベントだったのに、	
1	17	19	かなりの書き込みがあってね～。	
1	19	19	ちゃんが何度も書き込んでるから	
1	19	19	別々の人間のふりをしてたけど、	
1	18	19	溺れてた所を助けてくれただけで	
1	18	19	あんまりくやしいから、野球部を	
1	16	19	書いてたやつがいないんだから。	
1	16	19	だからそこから歩きださないと。	
1	16	19	どんなときでも、忘れることなく	
1	17	19	そもそも、君が死んでいるという	
1	17	19	ずっと、ずっと君の側にいるぞ！	
1	15	19	やっぱり、はっきりしとかないと	
1	15	19	くださるのか、ということです。	
1	16	19	いちいち気にしてたら、ちっとも	
1	18	19	現われて助けてくれる人を・・・	
1	15	19	あちこちうろついてみましょう。	
1	21	19	商店街に集まることが出来よう。	
1	24	19	よって、地震対策も商店街再興も	
1	20	19	この地での問題も解決できよう。	
1	17	19	ちゃんとした対策をとらないから	
1	20	19	野球にて、我この地に根づかん。	
1	20	19	運動神経が良かったな・・・。）	
1	18	19	いや、努力して欲しいでやんす。	
1	18	19	そういや、前に来た時にもらった	
1	17	19	ストレッチしたり、腕立てふせに	
1	17	19	こんなにハードな練習をするとは	
1	19	19	あんた、相当体を鍛えてるだろ？	
1	18	19	イメージ的には、腹筋をゆるめて	
1	21	19	野球の練習以上にハードだぞ。）	
1	18	19	楽しい思い出をありがとう・・・	
1	16	19	この子のメシはそんじょそこらの	
1	17	19	オイラが退治してやるでやんす！	
1	19	19	本当に退治しちゃったでやんす！	
1	19	19	応急処置でなんとかなったけど、	
1	17	19	そろいもそろって変人というのが	
1	18	19	高い時給でないとやらないカニ！	
1	19	19	もう「秘密」基地じゃないだろ。	
1	17	19	・・・・・・えっ、野球・・・？	
1	17	19	手術しなきゃいけないらしいから	
1	18	19	中止にするなら、早めにしないと	
1	17	19	じゃあ、さっそく練習しないと。	
1	18	19	あ～あ、この劇団も終わりだな。	
1	16	19	いいオーラが出ているでやんす。	
1	17	19	感謝してもしきれないでやんす。	
1	19	19	ここにある物全部買うでやんす！	
1	16	19	いや、しかし、これだけのお宝が	
1	18	19	よし、店を見つけてくれてお礼に	
1	18	19	また野球を教えてやるでやんす！	
1	16	19	「汝、なになにをしてはいかん」	
1	18	19	この本が、ここに存在することは	
1	19	19	などというのは、凡人の発想だ。	
1	18	19	これでお前を処分しなかったら、	
1	17	19	買い取ってくれるはずでやんす！	
1	18	19	オイラ、別にお金をムダ遣いとか	
1	17	19	ちゃんと貯金してあるでやんす。	
1	22	19	自信を持って、自分で作り上げた	
1	15	19	しかし、ダチョウがいなくなって	
1	15	19	ようにしないといけないからね。	
1	17	19	それで、イベントの名前は・・・	
1	15	19	それよりも、とっととダチョウを	
1	16	19	ダチョウでダチョウを追いかけて	
1	15	19	ムダになってしまうなんて・・・	
1	18	19	このままだと中止とは知らずに、	
1	15	19	・・・・・・どけよ、ヘタクソ。	
1	17	19	あれはこっちから手を出せない。	
1	19	19	の重役の顔を覚えられないんだ。	
1	20	19	危害を加えられなくする処置か。	
1	17	19	セキュリティの穴を見つけても、	
1	17	19	だが、俺には見ることができる。	
1	18	19	・・・連れてきて正解だったな。	
1	17	19	この人の方が、あんたなんかより	
1	18	19	ところで、さっきの変な名前は？	
1	21	19	でも、致命的な欠陥が見つかって	
1	20	19	ネット侵入用サイボーグの開発は	
1	15	19	あ、でもこんなことはできるよ。	
1	20	19	それで、最後はもっぱら実験台。	
1	17	19	ちゃんと修理もしてもらったし。	
1	20	19	その時刻に何をしてたか、警察が	
1	17	19	ちゃん、俺ちょっと行ってくる。	
1	17	19	あっ、オレも入れて５人だった。	
1	17	19	みんなに見て欲しい、なんてさ。	
1	17	19	・・・夢なんて、捨てちまえよ。	
1	19	19	・・・胸くその悪くなる光景だ。	
1	16	19	その女はアンタがなんとかしろ。	
1	20	19	できれば虫に襲われてる商店街を	
1	20	19	だが、その会社が私を裏切った。	
1	17	19	ここはトイレすら共同なんだろ。	
1	18	19	若い女の子のやることじゃ・・・	
1	17	19	お恥ずかしい話ですが、どうやら	
1	19	19	商店街のメンバーだけで戦うって	
1	17	19	今晩オーディションがしたいから	
1	21	19	ホテルに呼び出し、女性の役者に	
1	20	19	いいように使われて、利用価値が	
1	19	19	そんなある日、友達に誘われて、	
1	19	19	価値を決めたり、どこに出したら	
1	20	19	それとも、君自身で説得するか。	
1	19	19	こいつは役者を食い物にしている	
1	15	19	・・・わたしをバカにしてるの？	
1	16	19	でも、わたしの夢はどうなるの？	
1	18	19	俺の顔に泥をぬったらどうなるか	
1	20	19	劇団のみんなも、この前の公演が	
1	18	19	ようなヤツ以外お断りなんだよ！	
1	17	19	わたしの事なんか嫌いになって。	
1	15	19	さすがにそれをマスターしても、	
1	18	19	どうぞ、そのまま本に目を通して	
1	17	19	それに待ってるのは私じゃない。	
1	16	19	誉められたかっただけなのか？）	
1	19	19	だから、今日はただの消毒だけで	
1	17	19	両手がふさがってるじゃないか）	
1	19	19	私の発注ミスでストローを切らし	
1	19	19	なんとなく体の調子が良くなった	
1	20	19	間違いなく健康に良さそうなのは	
1	19	19	慣れたら自然と覚えられるように	
1	16	19	そんな企んでるとかあるわけない	
1	19	19	悩んでいたら心配する事はないと	
1	17	19	さんの言う通りにしてあげるよ。	
1	17	19	この間は声をかけようとしたら、	
1	23	19	店の冷蔵庫に入ってた物を勝手に	
1	20	19	頼んでおいて人使いが荒過ぎると	
1	19	19	なんか今、問題をすり替えられて	
1	17	19	は今、このチームに入ってくれて	
1	17	19	さんが、ただその時から逃げたい	
1	17	19	だけなら、それは間違っている。	
1	20	19	さんに何も告げずに出て行く事は	
1	15	19	ちょっとそこのベンチでゆっくり	
1	17	19	もう少しで切れるとこだったよ。	
1	20	19	このように世の中が開けて生活が	
1	18	19	このジュースの中から一つ選んで	
1	17	19	そしてそれは自分で・・・・・）	
1	17	19	さん。ずっと気になっている事が	
1	18	19	さんは、何の仕事をしているの？	
1	16	19	このままじゃ落ちてしまうだろ！	
1	16	19	さんにここでは会ってないけど。	
1	17	19	さん、やっぱり何か隠してるな。	
1	20	19	さんが包丁の使い方を教えてとか	
1	19	19	両手にビニール袋を下げてりゃ、	
1	17	19	さん、本読んでるとマイペースに	
1	18	19	こんな事を他の人にもしないのは	
1	21	19	わからないから不安妄想の螺旋。	
1	20	19	何か俺に不安を感じているなら、	
1	15	19	もう、そろそろやめたらどうだ？	
1	15	19	どっちでもいいけど・・・・・・	
1	22	19	夢も希望も無く歩いてる年寄りに	
1	22	19	さんに夢や希望に満ち溢れた未来	
1	15	19	でも、ありがたくもらっとくよ。	
1	18	19	この本は本当にわかりやすいぞ。	
1	18	19	から、どんな人か興味があるよ。	
1	17	19	じゃなくて、どんな性格なのさ？	
1	17	19	なら、このまま放っておいた方が	
1	17	19	さっきから何を嫌がっているのか	
1	19	19	私だって立ち止まる事もあるし、	
1	18	19	でも、お前にはそれで十分だろ？	
1	18	19	さすがに下手に歳をとってないね	
1	16	19	俺がキャッチしなかったら、どう	
1	18	19	さんに、そんな印象受けたんだ。	
1	20	19	しかし、ご卒業から二年経っても	
1	18	19	オオツチグモ科に属するクモ達。	
1	23	19	世界中の温帯、もしくは熱帯域に	
1	19	19	広く分布していて、小さいのから	
1	17	19	あと他には焼きカブト・・・・・	
1	19	19	いや、違う！こんな時間に会いに	
1	20	19	この部屋はずっと貴方の物です。	
1	19	19	いつか、どこかで貴方ともう一度	
1	18	19	ここに来てまで本を読むんだね。	
1	17	19	だから、その質問はおかしいよ。	
1	19	19	こんな事で催眠術がかかるなら、	
1	18	19	凄いリアルな人がパソコンの中で	
1	20	19	が自動的に設定されてるんだよ。	
1	19	19	この街よりももっと田舎の町にも	
1	18	19	この顔のどこを見て驚くのさ～。	
1	21	19	でも結論を言う前に聞きたい事が	
1	18	19	来てくれても、私は嬉しくないん	
1	21	19	あの喫茶店にほぼ毎日来てるし。	
1	20	19	その道を進む事に誰もが喜んだ。	
1	17	19	どうしていきなり料理をするとか	
1	15	19	ええい！パンがなければケーキを	
1	18	19	さんとその他の雑音ってみたいな	
1	19	19	前々から聞こうと思っていたか、	
1	18	19	猫とか犬よりもコビトカバの方が	
1	19	19	これ以上、何も言わないけどね。	
1	20	19	に包丁の使い方を教えてもらった	
1	16	19	嬉しいんだけど、やっぱりそれで	
1	15	19	しばらくゆっくりしていったら？	
1	18	19	この間というか、ほぼ毎日バイト	
1	17	19	じゃあ、見ての通りデートです。	
1	17	19	だから珍しく怒ってたんですか？	
1	15	19	なんなんだ？いったい・・・・。	
1	19	19	いつも、あの窓際の席に座ってる	
1	16	19	ボールが飛んでくるとバッターは	
1	17	19	さんが作った物なら、すぐにでも	
1	24	19	高級食材とか高級香辛料とかは、	
1	17	19	これぐらいなら、お安いご用さ。	
1	17	19	それで、お前が作ったゲームでは	
1	17	19	俺はここでコーヒーを飲みながら	
1	19	19	何を言っても無駄なようだから、	
1	16	19	ボ～クはしばらく、この街にいる	
1	18	19	は人を喜ばす為にいるんだよ～。	
1	18	19	ボ～クはこの街からやり直す事を	
1	16	19	じゃあ、その時までよろしくな。	
1	20	19	だから今日は特別な日じゃない。	
1	18	19	はっきりと思った事を口にでき、	
1	16	19	さんが、そんな事を・・・・・。	
1	16	19	さすがにメイドが驚いていたら、	
1	19	19	さっき突然、運ばれて来たんだよ	
1	17	19	ちゃんがピアノを練習したいって	
1	18	19	さんに聴かせたいって理由だけで	
1	18	19	に素敵なピアノを聴かせてもらい	
1	20	19	を自分の手で売りたいって感じ。	
1	19	19	その人の為だけに道化になっても	
1	21	19	自分が笑わせたいと思った人間を	
1	17	19	笑わせる事ができるなら、きっと	
1	16	19	ううん、しばらく会えないから。	
1	18	19	さんが何の鎖に捕らわれてるかは	
1	19	19	でも、こうやって人は過去の鎖を	
1	19	19	だから、私を連れ出して欲しい。	
1	21	19	この閉じた世界から貴方の手で。	
1	18	19	あの子がこんな所に居るなんて、	
1	19	19	私はご主人様が・・・・・・・。	
1	17	19	さん、ダメな大人まっしぐらには	
1	15	19	そんなのハマるわけ・・・・・・	
1	18	19	ああ、そう言う意味じゃなくて。	
1	20	19	あの部屋に居ても意味ないだろ。	
1	16	19	どこに行ったかもわからないし、	
1	19	19	ボ～クの妙技で彼女をメロメロに	
1	15	19	ボ～クどうすればいいかなあ～。	
1	21	19	さんなら数カ月後に本当に作って	
1	16	19	きっとお前のレベルは５もない。	
1	17	19	で、そんなデーターを入力して、	
1	20	19	ダーリンって紅茶の種類の事か？	
1	18	19	ほら見て。間違ってハムサンドに	
1	17	19	マスタードを大量にいれちゃった	
1	18	19	でもダーリンは私の作った物なら	
1	15	19	いや、これはパンがマスタードに	
1	16	19	さん。固まってるけど、だいじょ	
1	19	19	こもった物の方が喜ぶと思うよ。	
1	20	19	さんは自分の意志で帰ったんだ。	
1	19	19	というか俺の方が年上なんだから	
1	17	19	がいるから営業モードなんだな）	
1	21	19	が行った直後に君に逆戻りかよ。	
1	16	19	させるにはさらに上の・・・・・	
1	18	19	でも、まあ、本人が喜んでいるし	
1	18	19	それが君を縛る鎖になっていると	
1	20	19	私が成長する度に、その想いは、	
1	17	19	どんどん太く、そして強くなって	
1	21	19	貴方の翼と私の翼が違うように、	
1	17	19	さんの趣味にヒットしたみたい。	
1	19	19	いつもなら、俺が一人であの席に	
1	20	19	そして何で俺の質問に答えない？	
1	16	19	しまうぐらい、バッチリ見たぞ。	
1	16	19	もう少しでコーヒーをかぶるとこ	
1	18	19	さん、本人が言うのなら・・・。	
1	15	19	コーヒーをこぼしちゃいました～	
1	17	19	こちらの席にお座りくださ～い。	
1	19	19	とりあえず今度、会ったらお礼を	
1	18	19	しかし、あの女の人は誰なんだ？	
1	16	19	なんで俺なんかに・・・・・・。	
1	16	19	ここらへんにテントを張っていた	
1	25	19	自分自身の羽で無限の空を自由に	
1	18	19	こうやって面を合わせて話すのは	
1	20	19	人である事を否定するような事が	
1	17	19	では、それは重宝されるのだよ。	
1	22	19	これまで自分の社長就任に対し、	
1	16	19	できなかったなんて口にするな！	
1	18	19	鎖を引きちぎる事だけじゃない！	
1	20	19	君が望むなら、俺がこの世界から	
1	16	19	じゃあ、しばらく家にいるんだ。	
1	15	19	そういうわけではありませんが、	
1	16	19	さんも気をつけたほうがよろしい	
1	16	19	ここが、アナタの住まいですか。	
1	17	19	返却していただけるのでしたら、	
1	20	19	今回の件は、無かった事にしても	
1	16	19	ほっと胸をなでおろしましたな。	
1	19	19	少し相談したい事があるんだけど	
1	16	19	ディスクを見つけてくれるのなら	
1	15	19	うわ・・・それはちょっと・・・	
1	19	19	そんな物食べたら、お腹壊すぞ！	
1	17	19	そんな物食べるより、マシだろ？	
1	18	19	そんな感じの電話じゃないよな。	
1	18	19	こんな所で運使ったらダメだよ。	
1	16	19	そのディスクを、渡してあげて。	
1	22	19	現役引退た身で、口封じのために	
1	16	19	もしそうなら、こんなに探したり	
1	17	19	引き続き、コマーシャルの後で	
1	14	19	う～ん・・・そうだなぁ・・・	
1	16	19	の姿がどこにも見えないけど。	
1	14	19	・・・・・・なんだ、そりゃ。	
1	18	19	は発声がまだ出来ていないから	
1	19	19	くそ俺の身体、動け！動け！）	
1	14	19	じゃあ、こんなところにいても	
1	17	19	じゃあ、君の使い古しか・・・	
1	15	19	これでも持っていっておくれ。	
1	15	19	せっかくここまで来たけれど、	
1	14	19	もうちょっとのんびりと・・・	
1	14	19	あくせくしないでどうするの！	
1	14	19	アイツまたテントから・・・！	
1	16	19	これはまずい、危険すぎる！）	
1	17	19	それとも、全部夢だったのか？	
1	15	19	どうです、お決まりでしたら、	
1	14	19	おうかがいいたしましょうか？	
1	18	19	は内角球を打つのがうまいな。	
1	14	19	いいや、まだまだがんばるぞ！	
1	16	19	たしか今年かぎりだったよね？	
1	14	19	しっかりしないといけないな！	
1	18	19	逃げ出すのは成功したけどね。	
1	15	19	はい、おかゆ作っといたから。	
1	17	19	まあ、食料さえ狙ってこなきゃ	
1	15	19	そっちに話しかけるかなぁ～。	
1	14	19	いったいどんなチームなんだ？	
1	17	19	草野球のチームなんて、みんな	
1	17	19	強そうな名前をつけるからさ。	
1	15	19	・・これはお前がやったのか？	
1	16	19	あの倉庫はどうなるんですか？	
1	14	19	なかなかすばやいじゃないか。	
1	19	19	俺の貴重な食料じゃないか？！	
1	16	19	テントの中が荒らされている！	
1	15	19	さんも食べていってください。	
1	19	19	厨房にいる間に、そこで料理が	
1	14	19	いそういうことにしておこう。	
1	16	19	お前、なかなかうまく魚をとる	
1	15	19	メロンが入ってるような・・・	
1	14	19	・・・ちょっとがっかりだね。	
1	16	19	目にもの見せてくれるわぁ！！	
1	14	19	それなら、もっとうれしそうに	
1	15	19	ひかれる所だったじゃないか。	
1	16	19	ちなみに、ここが僕の店だよ。	
1	17	19	今日はこの前のようには・・・	
1	17	19	ののサンマと、大根の煮たやつ	
1	21	19	舞台の強度に無理が出るよね。	
1	16	19	事故でケガをしてかららしいぜ	
1	14	19	みたいにつぶされたでやんす！	
1	15	19	さあ、グラウンドに行こうか。	
1	15	19	って呼んでくれなきゃ、ヤダ。	
1	14	19	こんなところに、おいしそうな	
1	15	19	はて、これは食べられたかな？	
1	15	19	何かしたいこととかあるかい？	
1	18	19	以前、野球をやっていたとか？	
1	15	19	・・・お父さんとやったんだ。	
1	15	19	もっと強くあるべきでやんす！	
1	16	19	野球できるわけないでカニよ。	
1	15	19	驚いてないみたいでやんすね。	
1	15	19	遊んでほしいらしいでやんす。	
1	17	19	じゃあ、その次の週で頼むよ。	
1	20	19	危険な任務成功にカンパーイ！	
1	19	19	だったら商店街としても若者に	
1	16	19	芝居ばかりにかまけてないで、	
1	15	19	・・・ユニフォーム着てるし。	
1	14	19	そのチラシもっとあげようか？	
1	20	19	全部場外まで飛んで行ってる。	
1	15	19	・・・それに、確かにあいつ、	
1	14	19	ただな、よくいろんなところで	
1	16	19	割と好きなんだよなぁ・・・。	
1	16	19	その亡霊が、いまだにウロウロ	
1	15	19	いつもヨロイ着てるんですよ。	
1	14	19	まずいから、それはダメだね。	
1	16	19	何メーターくらい泳いだんだ？	
1	17	19	おいしい料理を作ってあげる！	
1	16	19	姿を消そうとおかまいなしだ。	
1	17	19	全部焼けてしまったらしいな。	
1	15	19	残ってるかもしれないが・・・	
1	16	19	あの子が持ってるんじゃない？	
1	18	19	うなんだ、今日は休みの日か。	
1	17	19	それだけでは能力は上がらない	
1	18	19	それより、麦茶もう一杯どう？	
1	17	19	都会に出るからって、わざわざ	
1	21	19	純粋に職業的に参考にしたくて	
1	15	19	おまえなんて、ナベで煮られて	
1	17	19	・・・野球のほうが楽しいし。	
1	17	19	・・・カレー、普通で頼むよ。	
1	16	19	川の水がきらめいてキレイだ。	
1	18	19	何度も川に流されているんだ？	
1	17	19	時の川を流れていくのでーす。	
1	15	19	なが、流されまぁ～ス・・・・	
1	18	19	週末はこちらで試合をごらんに	
1	15	19	教えていただけないかと・・・	
1	14	19	・・・だが、メリットもある。	
1	15	19	お店は、どうしたんでやんす。	
1	20	19	最後は優勝で飾って欲しいね。	
1	18	19	サイボーグは、見た目じゃ全然	
1	16	19	助っ人になってもらわなきゃ。	
1	14	19	まったく、つまんないところは	
1	15	19	ちゃんと作ってあるんだから。	
1	17	19	酸素が持てば、なんとか・・・	
1	14	19	ちょっとどきどきしています。	
1	16	19	それなら、時間はたっぷりある	
1	17	19	自由に生きてもいいじゃない。	
1	17	19	警察には追いかけられる、と。	
1	15	19	やったあ、そう来なくっちゃ！	
1	17	19	これだけ観客が入ってるのは。	
1	16	19	スーパーの職員らしいですよ。	
1	18	19	（わたしは土地を手に入れろと	
1	16	19	悪いが、これでお前のチームも	
1	20	19	俺たちが暴れると子供も大人も	
1	15	19	テーマパークでも、着ぐるみは	
1	14	19	しゃべっちゃダメなのでカニ。	
1	15	19	ボロボロで読めないけど・・・	
1	14	19	あいつもピリピリしてんだよ。	
1	17	19	俺がいたら迷惑じゃないのか？	
1	18	19	また練習にも参加したいしな。	
1	20	19	お前、今は予備の投手だけど、	
1	15	19	やってみたいとか思わないか？	
1	16	19	たくましい腕が見えないのか？	
1	19	19	スローカーブの落差は殺人的！	
1	18	19	投球フォームは優雅そのもの！	
1	16	19	どうして動揺してるんだね？）	
1	20	19	自分の守備範囲、ということが	
1	19	19	一考には価する意見であるな。	
1	17	19	なに順番を飛ばしてるんだよ。	
1	15	19	お前、ピッチャーじゃないか。	
1	17	19	言っておくけど、殴り合いなら	
1	19	19	少しぐらい感謝の気持ち・・・	
1	16	19	よかったら見に来てください！	
1	17	19	すまないが、俺には無理だな。	
1	16	19	いつでも遊びに来てください！	
1	16	19	あたし、料理のレパートリーが	
1	18	19	同じ生き物だし使えるだろう。	
1	16	19	しっかり練習していたんだな。	
1	16	19	また反逆させてもらうけどな。	
1	20	19	この商店街の土地だと考えれば	
1	18	19	スーパーの動向が納得できる。	
1	15	19	思ったんでやんすね・・・。）	
1	17	19	主にこの球場でやってるのか？	
1	20	19	復讐なんて時間の無駄でしょ。	
1	16	19	頭使わなくてよさそうだから。	
1	18	19	１匹で相手するには多すぎる。	
1	17	19	別に迎えに来てくれなくても、	
1	17	19	オイラ一人で帰れるでやんす。	
1	14	19	はおいらのヒーローでやんす！	
1	16	19	あのお姉ちゃん、変でやんす。	
1	16	19	どうしたんだ、青い顔をして。	
1	16	19	別の役になっちまったんだよ！	
1	14	19	こういうのはよくあることさ。	
1	16	19	しょうがない、これを改造して	
1	18	19	君の役ってアルプス星人だろ？	
1	17	19	通気性はよくしておいたから。	
1	18	19	わたし野球の事詳しいでーす。	
1	14	19	・・・ヘルプ・・・あ～・・・	
1	20	19	責任は他の奴に押し付けるから	
1	15	19	ああ、また逃げられちゃった。	
1	15	19	なかなか頼もしいじゃないか。	
1	16	19	じゃなくて、悪いところを見て	
1	16	19	ちょっと付き合ってくれない？	
1	19	19	お前に足りないのは責任感だ。	
1	17	19	それ、乾かしてる最中だから！	
1	16	19	とりあえず、退散でやんす！）	
1	17	19	困った顔が見たかったんです。	
1	18	19	いい選手は引っ越しちゃうし、	
1	16	19	そういうのはちょっと苦手だ。	
1	21	19	来週の試合に向けて練習だー！	
1	16	19	きっと仲良くなれたでやんす！	
1	17	19	君も、大人になればわかるよ。	
1	14	19	そんなのつまんないでやんす！	
1	15	19	変えないとダメなことなんだ。	
1	19	19	技術的には問題ないようだね。	
1	15	19	むこうは困ってたみたいだし、	
1	16	19	そういうことに興味ないから。	
1	19	19	あ、風呂と台所も貸してるか。	
1	17	19	さんは、まだ高校生だし・・・	
1	19	19	値段の二倍ぶんは乗らないと！	
1	20	19	そう、今日が俺の誕生日だよ。	
1	16	19	仕込みさえやっていただければ	
1	14	19	カッコイイのがいるでやんす！	
1	14	19	ゲームはクリアになります。）	
1	16	19	（襲ってくる虫は、Ａボタンで	
1	19	19	（殺虫剤入りケーキは、拾うと	
1	15	19	さんと話をしてみたかったの。	
1	17	19	さんは店出て行っちゃう・・・	
1	17	19	この日程でいこうと思うんだ。	
1	15	19	すり合わせしておいたからね。	
1	18	19	警備会社からのコメントです。	
1	16	19	取り締まってもらいましょう！	
1	17	19	大きく報道されたらどうする。	
1	17	19	しばらくこの土地を離れるぜ。	
1	16	19	そんなこと関係ないかなって、	
1	14	19	・・・タマゴ、つけていいか？	
1	14	19	なお、ミニゲームによっては、	
1	16	19	今日は、パスタでいいかしら？	
1	18	19	・・・参考になるような意見が	
1	17	19	今晩のおかずナニが食べたい？	
1	15	19	じゃあ、別のおかずにサンマを	
1	15	19	お母さんはどうしたんですか？	
1	17	19	必ず来てよね。待ってるから。	
1	18	19	もう少しお布団の中にいたい。	
1	16	19	別に困ってるわけじゃないし、	
1	17	19	むしろ充実してると思うんだ。	
1	17	19	そうとう年季が入ってるねぇ。	
1	18	19	そんなことより、練習だ練習！	
1	16	19	ように、見張っとくでやんす！	
1	16	19	治してやろうと思ったんだが。	
1	17	19	傷跡が残ってしまったわけさ。	
1	14	19	なにをシレっとしてるんだか。	
1	15	19	こーーーんな、めでたい日に、	
1	19	19	あたしの寿命が伸びて、来年も	
1	18	19	もう時間が残り少ないのか？）	
1	14	19	あああ、あっちいけでやんす！	
1	16	19	ええ、腕を叩かれただけです。	
1	14	19	ちょっと、びっくりしたけど。	
1	14	19	みんなでやっつけるでやんす！	
1	15	19	知らせたかったんでしょうね。	
1	18	19	普通の人は来ませんものねぇ。	
1	16	19	２人だけで話してるんですの！	
1	22	19	出店規制条例の違反について、	
1	15	19	せめて負けないでくれよ～！！	
1	21	19	あれは、男同士の仲直りの儀式	
1	14	19	みんなをがっかりさせないで。	
1	16	19	サフランライスの作り方なら、	
1	16	19	・・・この店はね、亡くなった	
1	17	19	あたしのせいで、評判を落とす	
1	18	19	・・・世間の評判なんて・・・	
1	15	19	って、言われちゃったんだよ。	
1	21	19	でも金物やら電動工具に対する	
1	17	19	さんにもお給料渡さないとね。	
1	14	19	これからもなんとかするわよ。	
1	18	19	今使ってるのは右のわきの下。	
1	19	19	もんだから、心配した開発者が	
1	19	19	鎮静剤を注射しすぎちゃって。	
1	18	19	笑いながら意識を失ったのって	
1	16	19	おかしいぞ、虫が逃げていく。	
1	20	19	ここでの生活が一段落した時に	
1	14	19	こんなところでなにしてるの？	
1	18	19	川面（かわも）の動きを見て、	
1	16	19	お前のキャラに合ってないから	
1	17	19	今日は、さっぱり釣れないな。	
1	14	19	そっちはどうだったでやんす？	
1	16	19	向こうに行っちゃうから・・・	
1	17	19	あっちのスーパーは車で来る人	
1	14	19	わざわざあっちのスーパーには	
1	16	19	きっと、あのスーパーの店長は	
1	18	19	赤ん坊の時に捨てられたから。	
1	17	19	タコヤキ全部食べちゃったぞ。	
1	18	19	実は少々困ったことになった。	
1	20	19	サギの一種で犯罪行為です。）	
1	15	19	見つからないようにやるから。	
1	16	19	結構めんどくさいみたいだし？	
1	16	19	なんと困難なことであろうか。	
1	14	19	たくらんでるんでありますか？	
1	18	19	いうことになって、銀行強盗を	
1	18	19	普通のビジネススーツ着た男が	
1	18	19	やって来て、俺たちの目の前で	
1	18	19	あとから警官隊がやって来て、	
1	14	19	サイボーグだったらしいカニ。	
1	17	19	世の中に置いていかれた～って	
1	17	19	ウチに住み込みで働かないか？	
1	18	19	ここでなら、住む所も働く所も	
1	17	19	そんなの勝手に決めたら・・・	
1	17	19	お父さんも助かるって話なら、	
1	17	19	お金の持ち合わせがないんだ。	
1	18	19	（・・・試合は、なんと途中で	
1	20	19	家族連れで応援しに行ったのに	
1	16	19	方針をまちがえたんだろうか。	
1	16	19	変なものは食べちゃだめだよ。	
1	18	19	たぶん栄養が足りないと見た！	
1	20	19	晩御飯用意して待ってます。）	
1	14	19	ボール、フォアボールだって？	
1	18	19	外国に行ければの話だけどね。	
1	16	19	ま、そんなことは無理だけど。	
1	17	19	そんな風に、自分をおとしめる	
1	17	19	、そんな能力は持っていない。	
1	17	19	この試合は勝ってくれたまえ。	
1	17	19	試合に出ていることがばれると	
1	16	19	チームを構成していますから。	
1	19	19	だが、会長の強い要望なんだ。	
1	15	19	まだ覚えてくれてなかったの？	
1	19	19	一番効率的ということになる。	
1	20	19	危険性を高めに評価したなれば	
1	17	19	俺をキャプテンに指名した。）	
1	19	19	これまで、商店街会長のワシが	
1	20	19	学校で野球監督をやってきて、	
1	14	19	なんなのでありますが・・・。	
1	15	19	なんだか夢がないんですよね。	
1	19	19	俺って本物の怪人なんだよな。	
1	16	19	ちゃんと怪人やってみるカニ！	
1	15	19	何かってわけじゃないカニよ。	
1	18	19	ま、気が向いたら人間とカニに	
1	18	19	問題は、そうなった場合・・・	
1	14	19	どうなってしまうかわからない	
1	17	19	明るい未来はないもんカニ～？	
1	20	19	店員に料金を払えって言われて	
1	17	19	なかったら、今頃死んでたよ！	
1	17	19	金は今２００円しかないけど。	
1	17	19	貸せって言えば貸すけど・・・	
1	18	19	うちの劇団に出入りしてるの。	
1	16	19	ほんとよく働くなぁ、あの子。	
1	15	19	ところでお前な、あいつのこと	
1	14	19	ハハハ、まあそういうことだ。	
1	18	19	しかし、本官は時間が・・・・	
1	19	19	あんな野球なめた連中に負けて	
1	22	19	高校野球の甲子園に比べれば、	
1	22	19	この試合が商店街の正念場だ。	
1	18	19	偉大な野球プレイヤーでーす！	
1	19	19	舞い上がる支店長だが・・・）	
1	16	19	この町まで逃げてきたらしい。	
1	19	19	捕虜になって終戦を迎えてる。	
1	17	19	アメリカの病院で亡くなった。	
1	19	19	成功を収めることが出来た。）	
1	16	19	いろんな景品がもらえますよ。	
1	16	19	店なんか続けられないでしょ。	
1	20	19	若い人は、もっと自分の意見を	
1	17	19	なんでも正直に言うからさぁ。	
1	19	19	君が必死になってかばう人物。	
1	18	19	野球で名を売るのは、ちょっと	
1	16	19	無理になるかもしれない・・・	
1	18	19	十分強いことが判ったからな。	
1	17	19	白い粉が入っているようだが。	
1	20	19	猛烈に食って巨大化するんだ。	
1	14	19	イメージダウンをさせるような	
1	17	19	オレは商店街をつぶせ、としか	
1	20	19	いよいよ野球生活の開始だ！）	
1	14	19	チームをやめたヤツのもんだ。	
1	17	19	あの犬は飼い犬だったんだが、	
1	19	19	で、借金取りが大勢やってきて	
1	19	19	・・・車を運転していた主人は	
1	14	19	ああ、とうもろこしもあるわ！	
1	14	19	だからやりたくなかったんだ。	
1	16	19	とんだ姿を見せてしまったね。	
1	15	19	ずうっと親のスネかじりながら	
1	17	19	出て行ったときには驚いたよ。	
1	18	19	なんかさ、古本屋で働いたり、	
1	15	19	人とつながってるんだなぁって	
1	17	19	オレはパチンコ屋で住み込みで	
1	16	19	みそ汁は１０５円で８パックの	
1	14	19	ドレッシングかけただけだよ。	
1	16	19	ねえねえ、中身だけじゃダメ？	
1	15	19	のってるように見えるんだが。	
1	17	19	あんなに若くて美人なんだよ？	
1	16	19	しかも、ご主人をなくしてから	
1	16	19	ワシだって、あと１０年若くて	
1	16	19	スーパーを利用しないってのも	
1	16	19	このことはみんなに内緒だよ。	
1	17	19	わざわざ不愉快にさせることも	
1	20	19	連勝記録がまた一つ伸びるな。	
1	18	19	商店街のチームに勝っちゃって	
1	14	19	（そんなにうまくいくかな？）	
1	18	19	家で晩ごはん食べて行かない？	
1	18	19	仕事の事は気にしなくていい。	
1	17	19	疲れているのに、無理したか。	
1	17	19	くわしい資料は残ってないね。	
1	15	19	ところを捕まえたらしいがね。	
1	15	19	がっかりして帰ったらしいよ。	
1	15	19	残しておいてやったからなぁ～	
1	15	19	おじちゃんはお金がもらえて、	
1	16	19	じゃあ、すぐ査定するからね。	
1	16	19	でも、捨ててある物だしなぁ。	
1	15	19	とっととどこかへ行ってくれ！	
1	15	19	この間のおわびに「キムチ」を	
1	16	19	それは、へ理屈なんだなぁ～。	
1	17	19	だいたい男４人が、こんな狭い	
1	17	19	泥棒じゃないか、返してくれ！	
1	18	19	だから、変化球も打てるように	
1	17	19	あわせるのは、非常に難しい。	
1	15	19	というパターンを作っておいて	
1	18	19	誰が取るのがいいか、予想して	
1	16	19	ここはキャンプ禁止とか・・・	
1	17	19	どういう事情か知らないけど、	
1	18	19	今行ったって営業してないよ。	
1	17	19	喫茶店・・・なんかがあるよ。	
1	22	19	「演劇による超低空力学論」？	
1	15	19	なんでそんな話するんだよぉ！	
1	18	19	食ったら、お腹が痛くなる草。	
1	18	19	全然役に立たないっすよ・・・	
1	16	19	ビームが出るとか思ってたし。	
1	16	19	イモとか大根とかトマト・・・	
1	17	19	なんでもお金で手に入るなんて	
1	20	19	これが仮想現実の世界なのか？	
1	18	19	さてと、野球の試合をするには	
1	20	19	15分、休憩取ってください！	
1	18	19	わたし達の練習でも見ていく？	
1	21	19	15分経ったから休憩終わり！	
1	16	19	また日をあらためて来ようか。	
1	17	19	これ、あまり物のお菓子だけど	
1	14	19	クリスマスバンザイでやんす！	
1	17	19	・・・名前ぐらい聞いたことは	
1	19	19	いご主人の思い出の品を・・・	
1	16	19	試合、がんばってくださいね。	
1	17	19	すぐにクビ切って追い出すよ。	
1	19	19	経営者の方が強いんだもんね。	
1	16	19	ちなみに、どれだけ残業しても	
1	20	19	残業代はビタ一文払わないから	
1	15	19	どっかに訴えてやるでやんす！	
1	15	19	ちゃんと調べてくるんだよー！	
1	15	19	思いやりってもんじゃないの？	
1	17	19	人格を、ぐちゃぐちゃに混ぜて	
1	20	19	恋人のいない人間の方が多い。	
1	19	19	お前、怪奇現象にされてるぞ。	
1	16	19	ああ、なんとなく予想してた。	
1	18	19	じゃあ本物の亡霊ってわけか。	
1	16	19	本当にシャレになってないな。	
1	19	19	処刑された後も、その数の業を	
1	19	19	妻と４人の子供が待っている。	
1	16	19	俺も、そろそろこの街を・・・	
1	15	19	にもなんか買ってあげようか？	
1	17	19	お互い末吉ってことにしよう。	
1	15	19	ところで、この箱はなんだい。	
1	15	19	ここに書いてあるじゃないか。	
1	20	19	今日は一日練習にしちゃって。	
1	18	19	は、チケットを50枚も売った	
1	18	19	君の事情は知っておきたいな。	
1	14	19	それがダメになっちゃってさ。	
1	18	19	無責任なこと言ってるんだよ。	
1	14	19	くんは、そんなことしないよ。	
1	15	19	みたいなキャラがいいと思う。	
1	20	19	演技も最近は上達してきたし。	
1	16	19	あいつら、同居してるんだぜ。	
1	17	19	これが僕の生きてる証なのさ。	
1	19	19	絶対何かに使えると思うんだ。	
1	16	19	頼む、むしろ見せないでくれ。	
1	19	19	ちゃん、今日は何か用事・・・	
1	15	19	よっぽど頼りになるはずさぁ！	
1	17	19	それより、まだ他にも助っ人が	
1	15	19	なんだかおかしい気がしてね。	
1	19	19	呼び方や中身は違うんだけど、	
1	14	19	くんのグループ、やってみて。	
1	14	19	くそ、もうどうとでもなれ！！	
1	18	19	なんだか無我夢中だったけど、	
1	17	19	今はまだ大変だけど、もうすぐ	
1	16	19	で、もう一つの良いことはね、	
1	18	19	・・・次の公演が決まったの！	
1	18	19	あの芝居は一日だけだったけど	
1	17	19	劇団でやるより恥ずかしいよ。	
1	20	19	前の演出家が乗り移ったって。	
1	19	19	一切の妥協を許さないんだけど	
1	14	19	そうするしかなかったんだよ。	
1	15	19	たぶん戻ってこないだろうね。	
1	15	19	から、あと３０分ぐらいだね。	
1	19	19	爆発の後、残骸はバクテリアで	
1	18	19	じゃあ、最期まで付き合おう。	
1	15	19	老いたゾウは、ひとりひそかに	
1	16	19	いろいろ心配かけてごめんね。	
1	16	19	これじゃ・・・未練・・・が。	
1	15	19	泣けないなんて・・・・・・・	
1	16	19	襲ってくる虫には、Ａボタンで	
1	15	19	（ケーキは拾うと、Ｘボタンで	
1	18	19	まだ事情がよく飲み込めてない	
1	18	19	重い物運べないわ、痛いわで、	
1	19	19	いや、プロ野球の元選手として	
1	17	19	ここならきっと掘り出し物が、	
1	14	19	ふふふふふふふふふっ・・・・	
1	14	19	オモチャばかりでやんす・・・	
1	18	19	の熱意は痛いほど伝わったよ。	
1	18	19	それより、遊園地って言っても	
1	15	19	なかなか入れないでやんすね。	
1	19	19	横の出入り口から入っていった	
1	16	19	怒ると、チョットだけ怖いヨ？	
1	15	19	なんか買ってもらうでやんす！	
1	17	19	ええ、３人連れのお客さんが。	
1	18	19	オイラも手伝うから、特訓して	
1	15	19	・・・なにか考えるでやんす！	
1	19	19	派手な必殺技なんてなくても、	
1	19	19	（同方向２球種をもっていると	
1	18	19	還元セールを開始しましたよ。	
1	15	19	こっちをつぶしに来ましたな。	
1	20	19	正攻法でこられたら、体力差で	
1	16	19	こっちに勝ち目はないですぞ。	
1	15	19	ギャフンと言わせるでやんす！	
1	15	19	これから先、どうしよう・・・	
1	22	19	もう野球の試合に一喜一憂する	
1	19	19	これからは共存共栄で行こう！	
1	16	19	手遅れになっておるだろうな。	
1	19	19	最後の試合は勝てなかったよ。	
1	17	19	・・・約束を守れなかったな。	
1	19	19	味方の自信を奪ってどうする。	
1	16	19	だが、口で言うのはよくない。	
1	17	19	オレたちが邪魔だって言うの？	
1	14	19	いや、そんなつもりじゃ・・・	
1	18	19	買い物に付き合ってくれない？	
1	16	19	我輩のグランドマンのポーズに	
1	14	19	ケチをつけるでござるなぁ～！	
1	17	19	なら我と戦う気でありんすね？	
1	21	19	敵前逃亡は銃殺刑なり～～～！	
1	17	19	中身を調べているのでやんす。	
1	17	19	みんな現実を見てないのよね。	
1	15	19	なんだ、そんな夢でいいのか？	
1	15	19	車にひかれそうになったんだ。	
1	14	19	いきなり、どうしたんだろう？	
1	16	19	「たった一人でがんばっている	
1	21	19	立派な未亡人」という評判に、	
1	20	19	求人広告は結構あるんですよ。	
1	16	19	ろくに休憩もできないからね。	
1	15	19	トイレにも行けないでやんす！	
1	17	19	そうしたら今度は、私がヒマに	
1	17	19	この町にいるんだから、普段は	
1	16	19	気にせずに行ってくださいね。	
1	20	19	は年々人口が減って来ている。	
1	21	19	駅前の名店街に編成しなおす？	
1	16	19	有料になるっていうのは・・・	
1	17	19	そんなことをすれば、商店街が	
1	17	19	「こういう条件を出したのに、	
1	22	19	商店街が今回の提案を受けたら	
1	19	19	俺の華麗な泳ぎを見ただろう？	
1	16	19	そう、居眠りをしていたんだ。	
1	16	19	あまりに水に浸かっているのが	
1	16	19	見よ、この美しいクロールを！	
1	14	19	そのぐらいにしてくれないか。	
1	15	19	しようかと思ってるだけだよ？	
1	16	19	試合でコテンパンにやっつけて	
1	16	19	の実力が、これほどとは・・・	
1	15	19	つぶしちまったら悪いからな。	
1	14	19	できたみたいだったでやんす。	
1	15	19	そんなことより、あれ見てよ。	
1	15	19	ロマンって、いい響きだよね？	
1	21	19	商店街で漢方薬売ってるんだ。	
1	18	19	今日はここで練習のはずなのに	
1	15	19	これからは俺たちだけでやる。	
1	18	19	俺たちの実力を見せてやるぜ！	
1	18	19	うちは団員がこの人数だしね、	
1	17	19	今回はよろしくお願いします。	
1	19	19	ここの演出と脚本やってる人。	
1	17	19	チラッと雑誌に載ってたよね。	
1	20	19	会長さんが様子を見に来るとは	
1	15	19	あたしには、もう縁のないもの	
1	16	19	お店、任せちゃってごめんね。	
1	18	19	この券で映画に行くといいよ。	
1	17	19	ちゃんとお留守番してたのに。	
1	17	19	本当に家でゴロゴロしてたの？	
1	19	19	あたしの処理能力が落ちるし、	
1	15	19	来たってどうしようもないよ。	
1	19	19	あ、それから非常事態に備えて	
1	16	19	俺がそれで戻ってきたとして、	
1	16	19	なかったら見捨てていいから。	
1	18	19	想像していたよりも地味だな。	
1	16	19	君はサイボーグだと言ったな。	
1	17	19	元はどういう人間だったんだ？	
1	20	19	数ケ月で無理やり大人サイズに	
1	18	19	記憶は継承されないんだって。	
1	19	19	実験的に組み込まれてるんだ。	
1	18	19	その中の一つが寿命タイマー。	
1	16	19	いけない作戦ってあるじゃん。	
1	19	19	の研究所に戻れば助かるのか？	
1	18	19	でも、こんな風に話も出来て、	
1	16	19	クリスマスの夜を過ごすのには	
1	17	19	まだ大きな夢が残っていたな。	
1	16	19	まだまだ、一緒にがんばろう！	
1	16	19	グラウンドに乱入してきた。）	
1	14	19	キャッチボールしたんだよな。	
1	16	19	いい選手になるんじゃないか。	
1	17	19	・・・とりあえず、風来坊なら	
1	17	19	ミスしても目立たない役だし。	
1	17	19	この役に誇りを持ってるんだ。	
1	14	19	やらせたかったんだろうけど、	
1	21	19	今の劇団には必要な人材だぜ。	
1	15	19	ええっと、どこに出てたっけ？	
1	16	19	それと、あんた気が付いてない	
1	19	19	口の利き方には気をつけた方が	
1	16	19	しかし、あまりにも知り合いに	
1	17	19	日本一になったこともあるのに	
1	16	19	オイラ地味でやんすからねぇ。	
1	17	19	そういえば、電気屋のテレビで	
1	15	19	埋められてなかったんですね。	
1	16	19	こういう空洞ができてしまう。	
1	18	19	を自分で手に入れようとした。	
1	17	19	値段だって上げたくなかった。	
1	17	19	早くこんな所から出ましょう。	
1	17	19	お芝居のビラを配ってたんだ。	
1	16	19	が「わたしが座長だから」って	
1	15	19	のために取っておいて」って。	
1	19	19	何人か劇団員がやめてってさ。	
1	18	19	それは自殺行為ってもんだね。	
1	14	19	わからないものなんでやんす！	
1	19	19	えっと、今日はお風呂屋さんは	
1	14	19	ありがとう、すっきりしたよ。	
1	14	19	それじゃ、これからよろしく。	
1	15	19	すごい男になってるでやんす！	
1	15	19	どこかでピーピー音がするぞ。	
1	18	19	・・・２階の奥の部屋からか。	
1	16	19	入るなと言われてるけど・・・	
1	16	19	そんなことより、この部屋から	
1	14	19	パソコンをモニターしてみたら	
1	17	19	一台落ちたのがわかったんだ。	
1	16	19	つなぎ直して使ってるんだよ！	
1	16	19	それじゃあ、店に戻らないと。	
1	17	19	勝手にカードを出されてしまう	
1	16	19	基本は、あわてずテンポよく！	
1	16	19	ののとにかくまず当てる事だ。	
1	18	19	相手のカード情報はＲボタンを	
1	16	19	ははとにかく打たれない事だ。	
1	17	19	特殊カードには、使うものと、	
1	17	19	自分で聞いておいてなんだが、	
1	21	19	商店街の一大イベント夏祭り。	
1	17	19	だから勝負して、負けたほうが	
1	16	19	それで、ここで勝負するのか？	
1	15	19	良かったみたいですけど・・・	
1	18	19	実は、商店街のホームページに	
1	20	19	これから先、連戦連勝で頼む。	
1	20	19	今後、商店街のチラシには必ず	
1	14	19	すぐわかっちゃうんだよね～。	
1	17	19	全部勝つつもりでいかないと。	
1	14	19	（・・・あー、びっくりした。	
1	15	19	ちゃんとユニフォーム着ろよ！	
1	18	19	俺は病院のベッドの上だった。	
1	15	19	いつまでたっても泳げないし、	
1	18	19	なんだかどんどん彼女の態度も	
1	14	19	・・・だが、ダメだったんだ。	
1	19	19	水泳部の人間であることだけを	
1	18	19	馬鹿なのは間違いないけど。）	
1	17	19	ここの全員が聞いてしまった。	
1	16	19	すごく大変なんじゃないかな。	
1	20	19	商店街に郊外からのお客さんを	
1	16	19	いつもより、かなり安いお金で	
1	17	19	公演が打てるんじゃないかな。	
1	16	19	じゃあ今からプラン立てるから	
1	15	19	うん、それしか考えられない。	
1	15	19	話をまとめるやつがいるよな。	
1	15	19	あなたが居てくれてよかった。	
1	16	19	避けているような気がするな。	
1	14	19	いったい、どうしたんだろう？	
1	18	19	あたしは小学３年生からずっと	
1	15	19	車にひかれそうになったって。	
1	17	19	この前、思い出しちゃったの！	
1	14	19	だから、サッカーのロスタイム	
1	14	19	みたいなものかもしれないわ。	
1	15	19	・・・だったら、これを見て。	
1	16	19	とっくに死んでるのに影だけが	
1	19	19	便利だと思う人も多いはずよ。	
1	16	19	テント生活するようになったら	
1	19	19	前は地震対策のコンサルタント	
1	16	19	でも、もっともらしい肩書きで	
1	17	19	我を信じておれば、少なくとも	
1	15	19	もっと困ったことになるだろ。	
1	18	19	いよし、一緒に野球をしよう。	
1	18	19	「努力する」って意味なんだ。	
1	19	19	さあ、野球の練習に行こうか。	
1	17	19	みんな、あれ大丈夫らしいぞ！	
1	19	19	（例の謎の呪文みたいな声か。	
1	22	19	演劇で基礎体力は重要なんだ。	
1	14	19	（ぜ、ぜんぜんだめだ・・・）	
1	17	19	俺は、まだ用意してない・・・	
1	14	19	・・・なんだかずいぶん・・・	
1	14	19	そんな・・・どうして・・・！	
1	17	19	お前が知ってる訳ないだろ～？	
1	15	19	お前どうしてそれを・・・・？	
1	19	19	スーパーが同時期に開催してる	
1	15	19	こりゃ使いものにならないや。	
1	17	19	熱中症になりかかってるんだ。	
1	16	19	じゃ、もう少しこれを飲んで。	
1	15	19	そんなことになったら困るな。	
1	17	19	でも、劇団ってお金かかるし、	
1	16	19	ただの抜け殻になっちゃうよ。	
1	17	19	勘弁してほしい所ですけどね。	
1	18	19	あとの修理が大変なんだカニ！	
1	18	19	野球だけは自信あったカニよ。	
1	15	19	それじゃあ、また来るカニ～！	
1	16	19	このままじゃ公演できないぞ。	
1	19	19	さんなら演技しなくて大丈夫！	
1	20	19	公演まで残り時間は少ないけど	
1	14	19	ここにはあるんじゃないのか？	
1	15	19	よく残っていたもんでやんす！	
1	14	19	・・・おやじさん、ローンは、	
1	18	19	他のお客さんの迷惑だからね。	
1	16	19	スピリッツに誓って、あの店を	
1	14	19	カラッポにしてやるでやんす！	
1	16	19	またこのリストの分、頼むよ。	
1	16	19	ずいぶん買って行ったからな。	
1	17	19	で、これはいかなる魔道書で？	
1	17	19	これって単なる珍しい本・・・	
1	16	19	逆らうものが多かったかという	
1	18	19	もっと大量に用意できないか。	
1	15	19	いうっ、そう言われたら・・・	
1	16	19	持って帰ってくれないかなぁ。	
1	16	19	その査定はおかしいでやんす！	
1	17	19	取り分は変わらないでやんす。	
1	16	19	いくらなんでも、あの値段じゃ	
1	20	19	いや、資源の有効活用を・・・	
1	17	19	俺にもアルバイトを紹介・・・	
1	17	19	おれも雑誌で見たことあるぜ。	
1	18	19	さあ、明日も頑張るぞぉ～！！	
1	14	19	あんなやつのどこがいいんだ。	
1	17	19	こんな芝居は認めないからな！	
1	16	19	ははは、オレ勘違いしてたよ。	
1	16	19	まず、たくさん人がやって来る	
1	16	19	ああ、そこの旗を見たんだね。	
1	15	19	とにかく、ダチョウを探そう。	
1	18	19	十字ボタンでダチョウを操作、	
1	16	19	だが、それでこそオレの価値も	
1	18	19	せっかく準備したことが、全部	
1	17	19	最初から思っていたんですよ。	
1	16	19	お客さんが来てしまいますよ。	
1	15	19	イベントを、なにか別のもので	
1	16	19	差し替えるしかないだろうね。	
1	15	19	言われなくでもやってやるよ！	
1	15	19	え「ワクチンソフトって何？」	
1	16	19	プログラムを検出する・・・・	
1	14	19	ちょっとめまいがしてきたぞ。	
1	16	19	この先には進めないってこと。	
1	18	19	認識できなくさせる処理だよ。	
1	17	19	あたしたち実験用サイボーグは	
1	16	19	まったく、手が込んでいるな。	
1	16	19	あたしには認識できないんだ。	
1	14	19	こうなったら、ぎりぎりまで！	
1	15	19	とりあえず、俺がいなくなれば	
1	20	19	倉庫以外で会うのは珍しいな。	
1	14	19	もぐりこんでるみたいだけど、	
1	17	19	部屋に入れてるだけなんだよ。	
1	15	19	だが、放ってもおけないだろ。	
1	15	19	幸せになれないってことだよ。	
1	18	19	どれだけ苦労して生きて来たか	
1	15	19	ちっとも知らないくせに・・・	
1	16	19	おまえのことを心配して・・・	
1	16	19	そういうあんたが迷惑なのよ。	
1	17	19	危ないじゃないか、注意しろ！	
1	15	19	くそ、なんてカッコ悪いんだ。	
1	14	19	こんなことなら、いっそのこと	
1	14	19	さあ、こんなところにいないで	
1	18	19	兵器なんかも作ってると聞く。	
1	16	19	だって、サイズが限られる上に	
1	19	19	仕様変更が難しくなるでしょ？	
1	18	19	彼らとは途中で別れたけどね。	
1	18	19	君はこの町の出身じゃないな。	
1	17	19	まだ調査中なのであります～。	
1	17	19	俺たちは夢を見てきたんだよ。	
1	19	19	朝から晩まで練習して働いて、	
1	18	19	どうして自分を否定するのよ！	
1	16	19	オレが馬鹿みたいじゃないか！	
1	16	19	温かいものでも食べましょう。	
1	19	19	見つけ出した、例の抜け穴か。	
1	18	19	さ、早く金を振り込んでくれ。	
1	19	19	全部、自分で言っちまったぜ。	
1	16	19	大変なことになったでやんす！	
1	19	19	たくさん食べ物のある商店街へ	
1	18	19	待て、向こうで何か音がした。	
1	17	19	どうやら邪魔が入ったようだ。	
1	18	19	誰か強そうな人を呼んできて。	
1	21	19	巨大な虫が商店街を襲うって？	
1	14	19	さん、どうしてこんなことを？	
1	17	19	私の人生はクソだったからだ。	
1	17	19	さっきまで君が料理をしていた	
1	15	19	わかった、使わせてもらおう！	
1	16	19	そんなんじゃ体に悪いでしょ。	
1	16	19	オープニングを短縮しますか？	
1	17	19	対立していることを聞いた。）	
1	16	19	さすがに見逃せないでしょう。	
1	16	19	落書きをしたらしいんですよ。	
1	18	19	元プロの連中とか連れてきて。	
1	16	19	・・・どうやら、なにか事情が	
1	19	19	この県の条例違反なんですよ。	
1	19	19	この商店街に人は来ませんね。	
1	16	19	それで、それを自慢にしている	
1	14	19	ところがあったんですけどね。	
1	17	19	でも・・・連敗中なんですよ。	
1	18	19	それで、アンタ野球の経験は？	
1	15	19	ちょっとこいつに投げてくれ。	
1	16	19	生きのいいヤツが来たもんだ。	
1	17	19	現にオレの彼女も・・・」？！	
1	16	19	こいつに呼ばれて行ったんだ。	
1	19	19	下手に俺たちが行って騒いだら	
1	16	19	俺には止めることはできない。	
1	16	19	わたし、何もやりたい事なくて	
1	19	19	着てる物は全部脱いじゃって。	
1	18	19	目立つことでお金を稼ぐんだ。	
1	16	19	売れるか決めてあげるんだよ。	
1	18	19	だから君の価値を見たいんだ。	
1	14	19	・・・なんだ、ウワサどおりの	
1	15	19	君なら、こんなことしなくても	
1	17	19	成功してきたか知ってんのか？	
1	18	19	俺がじきじきに演技見るなんて	
1	17	19	さーてと、別の女でも呼ぶか。	
1	16	19	あのプロデューサー敵に回して	
1	18	19	心強い味方がいてくれるから、	
1	14	19	にもいろいろあるみたいだし、	
1	14	19	メニューにあるサンドイッチを	
1	15	19	それじゃあ、開けれないだろ。	
1	18	19	一体何が入ってるんだろうな）	
1	18	19	今日は無理しちゃダメだよ～。	
1	18	19	のバッティング練習に付き合い	
1	17	19	生きていたら、どこで玉乗りが	
1	20	19	結構、正統派が好きなんだね？	
1	15	19	ファンタジーにも程があるよ。	
1	16	19	まったく感動できなかったぞ。	
1	19	19	携帯電話を持ってないんだね。	
1	19	19	ある場所に釣りをしに行く話。	
1	17	19	普通に言われても・・・・・・	
1	18	19	一つの浮き輪をめぐって争う、	
1	18	19	壮大な夏の海のファンタジー。	
1	14	19	さん、これおごってあげるよ。	
1	15	19	おいしいのを作ってあげるよ。	
1	16	19	さんの為に、腕によりをかけて	
1	17	19	赤レンガの戦いは読んでいて、	
1	15	19	ダマされた私がバカなのよね！	
1	17	19	ボ～クはそのサーカス団の花形	
1	16	19	だから急いで買いにいかないと	
1	17	19	でも、これが一番良いかなって	
1	16	19	ちょっと間に合わなかったよ。	
1	16	19	何とかなるから、だからお礼。	
1	15	19	さんじゃなくて、私からだよ。	
1	17	19	しかもアレを全部覚えてたし。	
1	15	19	それじゃあ、行ってきま～す！	
1	17	19	それで肩が凝ってるから何だ？	
1	16	19	その子にとって遅すぎたから。	
1	15	19	歩いてきてしまっていたから。	
1	18	19	気持ち悪い動きをしているし。	
1	16	19	何でそんな事をしているんだ？	
1	16	19	体が熱いぞおおおおぉぉぉぉ！	
1	15	19	力がみなぎるううううぅぅぅ！	
1	18	19	一言で片付けられていくんだ。	
1	16	19	ちょっと頼み事をされただけ。	
1	17	19	俺に力を貸してくれてるだろ？	
1	16	19	でも何かあったら言ってくれ。	
1	16	19	いい物、食わしてくれるのか？	
1	14	19	いまキャッチしたボールで～。	
1	15	19	お前、どこからそのバットを！	
1	17	19	機嫌も悪くならないだろうし）	
1	18	19	俺達を殺しにやって来たのか？	
1	16	19	ち、近づかない方がいいよな。	
1	15	19	描いてあげるけど、どうする？	
1	16	19	わかった。今日はやめておく。	
1	16	19	まだ何もしてないから、お礼を	
1	18	19	お前の天下はここで終わりだ！	
1	16	19	とりあえず飲み終わったから、	
1	15	19	出てるというか・・・・・・。	
1	17	19	だって理由もわかってない人に	
1	17	19	ちなみに拒否権はありません。	
1	14	19	そうじゃないとダメなんだよ。	
1	15	19	とりあえず声をかけてみよう。	
1	16	19	やっと口を開いてくれたから。	
1	19	19	鼻に電池を入れたら直るかな？	
1	17	19	さんは今日はまだ来てないし、	
1	18	19	君は俺が飛び立たせてあげる。	
1	17	19	ご注文は何にいたしましょうか	
1	19	19	途中で問題をすり替えたのが、	
1	17	19	さんなら誤魔化さないはずだ。	
1	15	19	なんかあったと思うじゃない。	
1	18	19	気持ちはわかるが、言い過ぎだ	
1	17	19	恥ずかしいから無視・・・・・	
1	18	19	気付かない人達もいるんだから	
1	18	19	荷物を持って欲しいんだけど。	
1	17	19	さんとの連絡を取りやすくする	
1	20	19	貴方は私だけのご主人様だから	
1	17	19	お前もそのうち歳を取るんだ。	
1	17	19	世の中はそんなに甘くないぞ。	
1	17	19	さっさと買い物を終わらせよう	
1	17	19	さんに言わせると「善は急げ」	
1	18	19	君がいつこの街を出て行くのか	
1	18	19	仕方が無い。帰る・・・・・・	
1	15	19	さん・・・・・君はいったい？	
1	14	19	さん、またタマゴサンドだよ。	
1	16	19	だったら必要ないじゃないか。	
1	18	19	熱い男達の汁コーヒーですね！	
1	15	19	さんの好きなようにさせるよ。	
1	16	19	ますます心配になってきたぞ）	
1	15	19	まあ、それを食べたからって、	
1	17	19	笑顔にはいつも癒されてるぞ。	
1	17	19	がいるから俺はこの店に来てる	
1	19	19	野球が上手くなった気がする。	
1	17	19	帰りにもう一回・・・・・・。	
1	17	19	さんに恥ずかしいって感情は、	
1	19	19	だから俺はお前に態度で表そう	
1	19	19	本当に冗談が通じないなあ～。	
1	20	19	普通の人間には、無理だから！	
1	17	19	これを叫ぶとなんとなく気合が	
1	15	19	よかったら教えてくれないか。	
1	15	19	なら知っていたのかな・・・・	
1	18	19	なんとなく居心地が悪いから。	
1	16	19	お替わりをお注ぎしましょうか	
1	17	19	何がこの店に起きてるんだ？）	
1	16	19	このコーヒー誰が淹れたんだ？	
1	18	19	確かに寝息が聞こえるだけで、	
1	16	19	今まで通り、ここで・・・・・	
1	17	19	って、なに？その紙袋の山は？	
1	16	19	背けようとしてる感じがした。	
1	19	19	面白い人がこの街に来たなって	
1	17	19	今の会話もよくわからないな。	
1	16	19	ら少しは楽になるんだけどね。	
1	15	19	それにどこで聞いてたんだよ。	
1	17	19	さんは俺を連れて行くんだよ。	
1	17	19	だから少し引っ掛かるんだよ。	
1	16	19	そんなんじゃ、将来ハゲるよ。	
1	16	19	俺はあそこに住んでるんだよ。	
1	18	19	世界中のあちらこちらで寝てる	
1	20	19	僕は界この喫茶店の神になる！	
1	14	19	もパソコンとかプログラムとか	
1	18	19	近日中にはできあがると思う。	
1	18	19	何か僕にできる事は無いかな？	
1	16	19	そうやって本ばかり読んでると	
1	19	19	仕方無い。先に食べておこう。	
1	19	19	他の買い物客が怖がるだろう。	
1	16	19	むしろ客寄せになってるから、	
1	17	19	出歩いて恥ずかしくないのか？	
1	16	19	お前こそ何をしているんだよ？	
1	18	19	生活はほとんど今と同じような	
1	16	19	さんがうらやましいと思う程、	
1	19	19	貴方だけが知っている世界を。	
1	16	19	さっきと違うのは気のせいか？	
1	17	19	そしてこの店に入ってきた時、	
1	16	19	なんでお前が持っているんだ？	
1	15	19	だから、もう諦めちゃったよ。	
1	15	19	そんな事より、どうしたんだ？	
1	15	19	いきなりボ～ルを投げるなんて	
1	18	19	そんな事、関係無いじゃない。	
1	14	19	めんどくさくなったみたいだ！	
1	14	19	さんって、よくわからないな。	
1	19	19	思わない程度には頑張ってる。	
1	19	19	と、時間ができた時に買い物に	
1	16	19	食べたい物はない・・・・・・	
1	16	19	さんの事だから、すぐに作れる	
1	18	19	いや、男と男の約束だからね。	
1	18	19	貴方はやっぱり自由なんだね。	
1	18	19	首輪をはめられ、鎖に繋がれ、	
1	18	19	もがき苦しむ権利さえも無い。	
1	18	19	だけど俺は何が起こっても前に	
1	17	19	お前、ちょっと説教してやる！	
1	16	19	思いついた話はしないからね。	
1	18	19	もちろん俺は動物が好きだよ。	
1	14	19	だから、できるなら・・・・・	
1	15	19	それにお前だって・・・・・。	
1	15	19	このままじゃ、なに聞いても、	
1	16	19	できる事なら何でもするから。	
1	14	19	オイオイソンナワケナイダロ！	
1	15	19	なんか食べさせてあげようか？	
1	18	19	腕を絡ませながら引っ張るな！	
1	18	19	何かを食べるお金は無いから。	
1	17	19	けど、今日は来てないみたい。	
1	17	19	今日は来ないんじゃないかな。	
1	15	19	ああ。これを見てくれたまえ。	
1	20	19	画面の中に線だけで表示された	
1	17	19	僕のプログラムの素晴らしさを	
1	16	19	まあ、そんな事は置いといて。	
1	18	19	さん、今日は何の日でしょう？	
1	19	19	さんと私は親密な関係じゃん。	
1	18	19	現実での恋愛はゲームのように	
1	17	19	ボ～ク、戻る事に決めたよ～。	
1	16	19	ちょっとある人から聞いてね。	
1	14	19	さんからもらうんじゃなくて、	
1	19	19	本当の表情を見せてくれたのは	
1	16	19	だけど君も知っているように、	
1	16	19	そんな事より、あれを見てよ。	
1	15	19	あんな所にあんなのあったか？	
1	17	19	君が私のピアノを聴きたいって	
1	15	19	それもあるかなって感じかな。	
1	14	19	できるわけじゃないからね～。	
1	15	19	なら、戻ればいいじゃないか。	
1	17	19	なのにボ～クはもう大勢の人を	
1	14	19	だから、ボ～クは・・・・・。	
1	18	19	君と肩を並べて飛びたいから。	
1	18	19	いま私を覆っている全ての鎖を	
1	16	19	それじゃあ、今と変わらない。	
1	17	19	カゴ中に居るなら、その外へ。	
1	15	19	優しいマットはもういらない。	
1	17	19	忘れられない日にして欲しい。	
1	14	19	できるかどうかはわからない。	
1	16	19	黒いオーラが出てるというのは	
1	18	19	ご主人様とメイドの恋なんて、	
1	18	19	君が僕の事が好きかどうかだ！	
1	16	19	さんの気持ちはわかりました。	
1	19	19	僕はこれまで以上に頑張って、	
1	18	19	お帰りくださいませ！ご主人様	
1	18	19	いつか突然停止してしまうぞ。	
1	15	19	さあ、あの子は・・・・・・。	
1	16	19	とりあえず俺も気をつけよう）	
1	20	19	君は・・・・・本当に心配性。	
1	16	19	仕方がないなあ・・・・・・。	
1	21	19	僕が喫茶店にお茶を飲み来ては	
1	21	19	この店の最高級の武器を出せ！	
1	14	19	ゲームはしょせんゲームだろ？	
1	16	19	これが成功したあかつきには、	
1	18	19	何を企んでやがる暗黒メイド！	
1	17	19	もしかして本当に知らないの？	
1	15	19	さんのプレゼントを買うことは	
1	16	19	さんは、そんな誰が作ったのか	
1	19	19	さんは自分の意志で帰ったの？	
1	16	19	じゃあ、抜け駆けはなしかな。	
1	17	19	お前にそんな事を言われると。	
1	22	19	電脳世界では僕の方が年上だ。	
1	14	19	まるでメイドさんじゃないか！	
1	18	19	何を考えてるかを予想するのは	
1	18	19	君を幸せにすると約束するよ。	
1	16	19	まだ一年ぐらいじゃないかな。	
1	16	19	さんも、ここに通い始めたのは	
1	19	19	このメイド喫茶の雰囲気がか？	
1	17	19	前に進む事はできるんだって。	
1	16	19	ここまでする必要があったの？	
1	14	19	こんなおっさんしかいないが、	
1	16	19	コーヒーでも飲んで行くかい？	
1	19	19	貴方達はいったい何者ですか？	
1	21	19	ここ十数年でIT企業として、	
1	20	19	その会社の次期社長なのだよ。	
1	19	19	本当は今年の８月だったのだ。	
1	16	19	私はもう戻らないといけない。	
1	20	19	貴女が望むなら私はその時間、	
1	21	19	それに旦那様との約束の時間は	
1	20	19	さんの家は俺と君が数か月間、	
1	19	19	私は翼を広げようと頑張った！	
1	16	19	さんの翼はまだ大きくなるよ。	
1	16	19	その鎖を引きちぎらなくても、	
1	16	19	コロコロと変えた方がいいよ。	
1	18	19	全てを担いで飛ぶ事ができる、	
1	17	19	今から、食事するわけでもない	
1	16	19	これは、お近づきの印ですぞ。	
1	16	19	ご一緒させていただきました。	
1	18	19	味方につく事に決めましたぞ。	
1	14	19	さんなら、もういないですよ。	
1	15	19	キレイに物がなくなっていた）	
1	17	19	今回は、ずいぶん長かったね。	
1	15	19	行きたいところなんだけどね。	
1	17	19	・・・で、肥料って事は・・・	
1	17	19	悪くなる前に食べてくれよな。	
1	17	19	ちょっと行って注意してくる。	
1	16	19	さんの知り合いでもないのか。	
1	15	19	なかなか、いい住まいですな。	
1	18	19	あなたを除き、全て処理させて	
1	15	19	そんなところで、何してるの？	
1	16	19	時間は、たっぷりありますぞ。	
1	17	19	やはり、お嬢様の話をすると、	
1	17	19	今、行こうと思ってたんだよ。	
1	18	19	引き取りに来た人がいたんだけ	
1	20	19	あんなに仕事に一生懸命だった	
1	19	19	野球は、また次の機会ですな。	
1	15	19	やっぱり忙しいんじゃないか。	
1	17	19	ワタシは、見てるだけで十分。	
1	15	19	でも、後ろにいるじゃないか。	
1	16	19	そんな嘘で驚いたりしないぞ。	
1	18	19	料理のレシピは、秘密ですぞ？	
1	16	19	あれって、なにかの暗号だった	
1	16	19	私、パンフレット買ってくる。	
1	16	19	あんまり得意じゃないんだよな	
1	16	19	臭うとか臭わないとかじゃなく	
1	16	19	また来るのは、別にいいのか？	
1	17	19	あんな音、聞いたの初めてだ。	
1	18	19	何で鼻歌なんか歌ってるんだ。	
1	21	19	考古学者でも、それ以外の何か	
1	15	19	ははは・・・いや、別に・・・	
1	16	19	確かに、お父さんにもらったけ	
1	15	19	すぐそこだから買ってくるよ。	
1	13	19	なくなっちゃったなあ・・・	
1	15	19	なんだか寒気がする・・・。	
1	17	19	君と一緒に過ごしました。）	
1	13	19	いっぱいもらっちゃってね。	
1	15	19	もっと上手にできないかな。	
1	13	19	あんた、ケガしてるカニよ。	
1	15	19	（しっかり練習しました。）	
1	17	19	もっと腹の底から声を出せ！	
1	16	19	取り返すのを忘れてた・・・	
1	18	19	今日は、本当に助かったわ。	
1	16	19	もう一度やり直してもらって	
1	15	19	「欲しい方どうぞ」だって？	
1	13	19	バイトがんばってきてくれ。	
1	14	19	ちゃんと取ってるんですか？	
1	14	19	まあ、こういう日もあるか。	
1	13	19	ありがたくもらっておくよ。	
1	17	19	何か問題が起こったのかね？	
1	14	19	ちょっと働いてくれないか？	
1	14	19	見つかったかもしれないし。	
1	14	19	食べていいってことだよな。	
1	16	19	明日のために置いておこう。	
1	14	19	別にキャプテンがいなくても	
1	15	19	僕たちだけでも勝てたさ！）	
1	18	19	そこを重点的に練習しよう。	
1	16	19	プロの球団に行くとしたら、	
1	14	19	どうしてこんな物がここに？	
1	14	19	誰からのプレゼントだろう？	
1	14	19	なんかも、ぜひ聞いてくれ。	
1	14	19	よろしくお願いいたします。	
1	14	19	その、見ているだけだから。	
1	20	19	劇団へ練習に行く時間まで、	
1	16	19	差し入れを持ってきました。	
1	13	19	おいおい、オレじゃねえよ。	
1	15	19	作ったと思ったんだろう？）	
1	17	19	体のフタも、水着を着てれば	
1	16	19	一体何が・・・あったんだ？	
1	14	19	勝ってくれなきゃだめだよ。	
1	15	19	勝負してるんでやんすか？！	
1	13	19	つきあいきれないでやんす。	
1	15	19	試合することになったぞ～。	
1	16	19	あっ、鉄骨が落ちてくる？！	
1	15	19	鉄骨がバラバラになってる。	
1	18	19	持ち主は、保険が下りるから	
1	20	19	この連中なら立派に商店街を	
1	13	19	できるようになったんです。	
1	14	19	すっかり明るくなったわね。	
1	16	19	お湯で煎じて飲んでみてね。	
1	15	19	毒にはならないと思うから。	
1	14	19	・・・でも、食べられるもの	
1	13	19	のんびりやればいいんだよ！	
1	17	19	でも、君は風来坊じゃない。	
1	14	19	ふっふっふ、ついにこの本の	
1	13	19	レーナニウコフ、ナンミー！	
1	15	19	よくわからない効果によって	
1	18	19	勝てる可能性は高いですね。	
1	22	19	商店街に全然関係ない連中が	
1	14	19	助けてくれるっていうのに、	
1	14	19	だが、違うのはここからだ。	
1	13	19	エビフライと、ポテトサラダ	
1	17	19	アイツは大の野球好きでな。	
1	17	19	ただの泥棒犬かと思ってた。	
1	16	19	人に近寄らなくなったのは。	
1	15	19	そのくらいにして、練習だ！	
1	16	19	なんだ、心配して損したぞ！	
1	16	19	君、今日はダメだったけど、	
1	14	19	しまった、こ、これは毒！？	
1	20	19	練習に劇団へ行く時間まで、	
1	15	19	今日はのんびりできるんだ。	
1	15	19	もっとボールが爆発するとか	
1	14	19	バットが持てるでやんすね。	
1	13	19	グラブはどうやってはめてて	
1	13	19	やっちゃダメなのでやんす。	
1	15	19	その、実感がわかないんだ。	
1	16	19	各お店でチケット売ったり、	
1	15	19	それに、人数がそろわなくて	
1	16	19	そろそろ試合を始めようか。	
1	18	19	地上を走り回るよりも先に、	
1	17	19	ちゃんと準備運動しないと、	
1	15	19	好きなだけ走っていてくれ。	
1	17	19	野球の練習にもなるからな。	
1	15	19	なんでも美味しいよ・・・・	
1	17	19	一瞬本気にしたじゃないの。	
1	18	19	（無口で怪しい外見なのに、	
1	16	19	俺の枕もとに現れたよな。）	
1	14	19	これからは気をつけてくれ。	
1	15	19	あと、お客さんには出せない	
1	15	19	それも特別につけてあげる。	
1	16	19	わりと見たって人多いのよ。	
1	13	19	っていうやつなんですけど。	
1	15	19	何か忘れているような・・・	
1	14	19	ちょっと、疲れてるのかな。	
1	16	19	ごめん、全部売っちゃった。	
1	20	19	経験値を使って能力を上げる	
1	14	19	って言われたことあるんだ。	
1	18	19	育ての親とか、義理の親か？	
1	17	19	都会じゃなきゃ手に入らない	
1	14	19	聞くのでありますが・・・。	
1	16	19	悪の組織って、どんなことを	
1	13	19	みんな、さびしがってるぜ。	
1	15	19	街中でドンパチやってんのに	
1	14	19	あるって、そう思わないか？	
1	15	19	とりあえず、カレー大盛り。	
1	16	19	週末を楽しみにしているよ。	
1	15	19	お店は、お休みにしたんだ。	
1	15	19	大騒ぎになったじゃないか。	
1	15	19	増えてもらっちゃ困るよ。）	
1	15	19	えっ、それどういう意味よ？	
1	13	19	さんでもいいんだけどな～。	
1	17	19	そんな機能は、必要ないから	
1	16	19	冗談に決まってるじゃない。	
1	14	19	泣くってカッコいいもんね。	
1	16	19	いいや、むしろ大歓迎だな。	
1	17	19	との試合以来じゃないのか、	
1	14	19	さっき聞いてきたんですけど	
1	13	19	がんばってほしいでやんす。	
1	15	19	指示しただけのはずだが？）	
1	19	19	ご主人は野球が大好きでさ、	
1	14	19	あれっ、どこへ行ったんだ。	
1	15	19	きつく当たったと思うんだ。	
1	16	19	猫の手も借りたいくらいで。	
1	14	19	だからあんたが居てくれると	
1	18	19	連携プレーも芸術的だしな。	
1	18	19	最近のお前は、連携プレイが	
1	16	19	はあっちで投げ込んで来い。	
1	15	19	・・・・・・・・・劇団か。	
1	15	19	あんまり興味ないんだけど、	
1	17	19	君のおいしい料理を食べると	
1	16	19	さ、今日はナニが食べたい？	
1	17	19	じゃ、今晩はマーボ茄子で。	
1	13	19	せっかくだし、もらおうか。	
1	13	19	ひひビニールテープだって。	
1	16	19	こっちは勝負に負けたんだ。	
1	18	19	共に商店街のために戦おう。	
1	17	19	お茶とお菓子くらい出すぜ。	
1	15	19	大変なだけでしょう、って。	
1	16	19	あ、当然断りましたけどね。	
1	18	19	会社の名前は違うけどなぁ。	
1	15	19	使って買わせているんです。	
1	19	19	道路か鉄道が新しく通るとか	
1	13	19	・・・そんなわけないだろ。	
1	15	19	公営のグラウンドなんだが、	
1	15	19	ろくに管理されてねえんだ。	
1	16	19	そうだ、映画でも見ようか。	
1	17	19	つまらなさそうな教育映画、	
1	13	19	いけないんじゃないのかな。	
1	13	19	もうじきクリスマスでしょ？	
1	15	19	ちゃん、なんだか姿が透けて	
1	15	19	私のこと、忘れないで・・・	
1	13	19	いや・・・だって・・・え？	
1	13	19	かわいそうなことをしたよ。	
1	16	19	時給はおどろくほど安いの。	
1	15	19	いや、お金持ってないんだ。	
1	14	19	ええっと、まずお水に・・・	
1	14	19	失ってしまいそうだからな。	
1	15	19	（余計なことしやがって！）	
1	13	19	・・・・・あたし・・・・・	
1	14	19	リンゴが落ちたでやんすよ。	
1	17	19	大変だ、人が流されている！	
1	15	19	ああやって川に落ちたのか。	
1	14	19	よそ者がトップになりゃあ、	
1	14	19	チームは強くならねえんだ。	
1	13	19	ま、それに、いざとなったら	
1	15	19	・・・２０年は前だけどな。	
1	15	19	ちゃんと勉強してるんだな。	
1	13	19	してくれてるそうなんだよ。	
1	15	19	親父みたいにフラフラしてる	
1	15	19	やる気を出したのか・・・）	
1	17	19	電話番号をまちがえたかな？	
1	16	19	よーし、この勢いで、一気に	
1	13	19	やっつけてしまいましょう！	
1	14	19	こういうのを作ってるのか？	
1	20	19	僕の作ってる造形物は、毎回	
1	14	19	そればかり考えていました。	
1	15	19	・・・それじゃ、お元気で。	
1	19	19	来週の土曜日に決まったぞ。	
1	15	19	あの時、つれて帰ってくれば	
1	15	19	野球をやっていたそうなので	
1	17	19	こりゃ活躍が期待できるね。	
1	17	19	人を見かけで判断するなよ。	
1	14	19	あれ、言ってなかったっけ。	
1	14	19	だって、そう言ったじゃん。	
1	14	19	ありうるような気がするわ。	
1	16	19	毎回どうしてそんなに帰りが	
1	15	19	どうやって手に入れたんだ？	
1	14	19	でも、アルバイト雇えるほど	
1	15	19	みんなの邪魔になるからね。	
1	15	19	Ｘボタンで設置できます。）	
1	18	19	お互いの企画の相違について	
1	18	19	この前、会長さんが来た時に	
1	15	19	なんだか、走っても走っても	
1	16	19	全然追いつかないでやんす。	
1	14	19	・・・じゃあ、ここで消えた	
1	16	19	店長、これを見てください。	
1	15	19	変なやつらが出てきてたな。	
1	16	19	ここに妙な奴が来ていたな。	
1	17	19	そいつはオレの得意分野だ。	
1	17	19	金が無いと全然ダメだなって	
1	17	19	ここに来て兄貴見ていると、	
1	15	19	結構なんとかなるもんだろ？	
1	13	19	いいのかもしれない・・・）	
1	18	19	重要なイベントの発生後から	
1	15	19	次はもう続けられないので、	
1	17	19	５回目は無理なのでやんす。	
1	13	19	ああ、いいんじゃないかな。	
1	13	19	いためるやつじゃないのか？	
1	14	19	焼いたのをつけてあげるわ。	
1	14	19	ちょ、ちょっと、お父さん？	
1	14	19	しかし、どんなくだらん奴と	
1	16	19	全員叩きのめしてきてくれ！	
1	16	19	この間は本当にありがとう。	
1	13	19	しかし・・・・・・・・・・	
1	15	19	ひどい剣幕でほえられてね、	
1	15	19	治療させてもらえなかった。	
1	13	19	おかげであのとおり、ひどい	
1	15	19	なんだか、ものすごく必死で	
1	14	19	あたしの腕にとまっていた？	
1	14	19	いったいどういう犬なんだ？	
1	14	19	にでも聞けばわかるかな？）	
1	17	19	しかし、発言力という点では	
1	13	19	たいしたことじゃないんだ。	
1	16	19	この先、協力してがんばって	
1	16	19	悪いが、相手にはなれない。	
1	16	19	試合でのヒーロー争いなら、	
1	18	19	お前との決着は持ち越しだ！	
1	14	19	いいところに来たでやんす！	
1	15	19	心配していただいてどうも。	
1	16	19	も、もう、大丈夫ですから。	
1	14	19	でも、ご飯ができてないわ。	
1	13	19	だいたいじゃ、ダメなの！！	
1	18	19	喜んでいる自分が、大嫌い。	
1	13	19	い・・・がんばりましょう。	
1	13	19	あまりそういうところにまで	
1	14	19	・・・じろじろ見ないでよ、	
1	16	19	掃除機のコードみたいだな。	
1	18	19	これの使い方を説明された時	
1	17	19	状況があんまり悲惨すぎると	
1	16	19	笑う以外にどうしようもない	
1	16	19	（Ｙボタンで殺虫剤をかけて	
1	17	19	には殺虫剤は効かないぞ！）	
1	15	19	（時間がなくなってきたら、	
1	14	19	そう思うようになったんだ。	
1	14	19	今のままじゃダメなんだよ。	
1	19	19	じゃあ、今年は野球の試合で	
1	16	19	もっともらしい難しい言葉で	
1	17	19	大人の悪い癖かもしれぬな。	
1	17	19	野球の練習をしていたのか？	
1	15	19	それより、最近このあたりで	
1	14	19	なにか変わったことないか？	
1	13	19	なんでもするようになった。	
1	14	19	あばよボウズ、また会おう！	
1	14	19	高いものじゃないけど・・・	
1	15	19	ウチがイベントを企画すると	
1	18	19	大型スーパー２店を経営する	
1	16	19	君にすごい技見せてたよな？	
1	16	19	親を見つけ出して、どうして	
1	16	19	色んな町を回ってるんだよ。	
1	15	19	それだけで十分じゃないか。	
1	15	19	それで十分じゃないのかな。	
1	18	19	商店街で配って来なさい。」	
1	16	19	あそこならこっちの商店街に	
1	15	19	スーパーの人に聞かれたら、	
1	17	19	鷺ヒあ・・・・・大丈夫か？	
1	14	19	は助けてくれたんでやんす。	
1	14	19	いや、疑ってすまなかった。	
1	17	19	さん、それは犯罪行為です！	
1	15	19	悪いことをした人なんです！	
1	19	19	理性的行動を求むることの、	
1	18	19	お金がらみの話題は禁止だ。	
1	17	19	って元気なじいさんの組織に	
1	16	19	それで、資金でも集めようと	
1	15	19	まったく平気だったカニね。	
1	14	19	そのために産まれたんだよ！	
1	16	19	ちょっと仕事が入ったんだ。	
1	17	19	お風呂、用意できてるわよ。	
1	15	19	ここにご厄介になりますよ。	
1	15	19	そんな風には思ってないさ。	
1	14	19	やめた方がよくないですか？	
1	14	19	あたしは、この店のカレーを	
1	17	19	あたしは副業が好調だから。	
1	14	19	バッタとか食べてないよね？	
1	21	19	戦時中の兵隊が、大便の中の	
1	18	19	寄生虫を集めて飢えを・・・	
1	17	19	お店の中で、そういう会話は	
1	16	19	このお店で、そういう会話は	
1	17	19	俺の方から連絡していいか？	
1	13	19	いや、そんなのいいですよ。	
1	14	19	・・・メールが来てるって？	
1	13	19	オラ、ポソ・アジュウダル？	
1	13	19	やっつけたばかりでしょう。	
1	15	19	取材してくれるらしいんだ。	
1	15	19	他を休ませてくれないかね。	
1	14	19	みんな、よく続けられるな。	
1	13	19	それじゃ、あたしはこれで。	
1	16	19	されば、いざ練習に参らん。	
1	17	19	その者自身を富ませるための	
1	17	19	慎重に人と接するんだろう？	
1	18	19	愚者を信じるのは愚者のみ。	
1	19	19	今日は、重大な発表がある。	
1	18	19	しかし、商店街の建て直しと	
1	19	19	野球の練習を両立させるのは	
1	15	19	なんなんですか、あの監督。	
1	15	19	続けて欲しいのであります。	
1	15	19	一番つらいのは、どこででも	
1	15	19	野球をやっていたでカニよ。	
1	18	19	別の存在なんだから、正体が	
1	18	19	今のカニ怪人としての意識が	
1	15	19	過去はどうでもいいのカニ！	
1	16	19	兄貴って呼ばせてもらうぜ！	
1	15	19	じゃあ１００円貸してくれ。	
1	13	19	そのころからじゃないかな。	
1	14	19	よっぽど好きなんだろうね。	
1	17	19	まあ、安心といえば安心だが	
1	13	19	あ～あ、しょうがないよな。	
1	15	19	オレも応援するしかねえか。	
1	13	19	どうしたんです、みなさん。	
1	14	19	に勝てるようになればいい。	
1	15	19	見てる人がいっぱいいるよ！	
1	16	19	スタンプを集めると、商品が	
1	13	19	あ、もうしわけありません！	
1	15	19	あなたには操作できません。	
1	15	19	助けて・・・助けて・・・・	
1	14	19	折れてしまったです・・・・	
1	17	19	会長の狙ってるお宝なんだが	
1	16	19	ちょいと情報を集めてみた。	
1	16	19	たしかに、その頃から会長は	
1	14	19	つまらない宝のはずがない！	
1	19	19	尽力した私の未来も明るい！	
1	14	19	言いすぎじゃありませんか？	
1	14	19	でも、いつまでも１人だけで	
1	13	19	ごめんごめん、あはははは。	
1	13	19	ちょっとドキドキしちゃうな	
1	16	19	思い当たることが多すぎて。	
1	18	19	ええと、具体的にどの分野？	
1	14	19	じゃなかったかと思ってね。	
1	18	19	そう、全然誰も知らない人！	
1	16	19	ドーム球場を借りてくれる。	
1	15	19	見学されることになったぞ。	
1	14	19	負けることはねえだろうさ。	
1	15	19	このチームが助っ人なしでも	
1	15	19	、お前にキャプテンを頼む。	
1	14	19	やれやれ、キャプテンの座は	
1	13	19	ますますこっちがちっぽけに	
1	17	19	そんな作戦が採用できるか！	
1	15	19	簡単だと、おどしてるんだ。	
1	13	19	こういうところ、どうしても	
1	15	19	もう準備してあるでやんす。	
1	15	19	気をつかわせると悪いよな。	
1	15	19	引っ越していったヤツのだ。	
1	18	19	さっき練習中に聞いた時は、	
1	16	19	そういう状況も変わるかな？	
1	14	19	その時やってきたのが・・・	
1	15	19	それに、追い払おうとしても	
1	15	19	車のアクセルを踏みこんだ。	
1	15	19	持って行ってやろうかな？）	
1	15	19	もう、本気にしないでよ～。	
1	13	19	ああ、コリントゲームだね。	
1	14	19	ただの占いじゃないのぉ～。	
1	15	19	もともとは僕が悪いんだし。	
1	14	19	家でブラブラしてたんだよ。	
1	13	19	まったくわからなかったし。	
1	19	19	けど商店街の人たちが事情を	
1	13	19	これもみんなのおかげだよ。	
1	17	19	もっと自分に自信がついたら	
1	15	19	いつのまにか全滅してる！？	
1	13	19	バイトしてるから、ここには	
1	16	19	どうして俺の方を見るんだ？	
1	15	19	見習ってバイトでもしたら？	
1	14	19	オイラは倒せないでやんす！	
1	15	19	そんな技を持っていたのか？	
1	15	19	組み合わせれば、それなりに	
1	17	19	料理が下手なんじゃなくて、	
1	20	19	それと、商店街の回覧資料。	
1	13	19	う・・・なにもありません。	
1	18	19	さんは商店街の一員だよな？	
1	19	19	共存共栄するのが一番だな。	
1	14	19	買わないほうがいいかもね。	
1	16	19	利用しなきゃ、損じゃない？	
1	15	19	試合をすることになったぞ！	
1	19	19	商店街の連中を怒らせるより	
1	14	19	こっちに泣きついてくるさ。	
1	17	19	あれ、店長のお知り合いじゃ	
1	14	19	運ばないんじゃないかなぁ。	
1	18	19	お前は家の従業員だからな。	
1	16	19	俺もケガを早く治さないと！	
1	18	19	畑の作物を盗もうと出てきた	
1	14	19	埋めてしまっていたからね。	
1	19	19	（商店街の昔話を聞いた！）	
1	13	19	まだ、よくならないみたい。	
1	16	19	むしろ私達の方なんだから。	
1	14	19	お父さんと、あたしだけじゃ	
1	15	19	いい仕事があるんでやんす。	
1	18	19	所詮、草野球なんだなぁ～。	
1	13	19	そうはいかないんだなぁ～。	
1	17	19	今日はなんだか寝苦しいな。	
1	16	19	どうして勝手に俺のテントに	
1	15	19	ここはみんなの河原だから、	
1	18	19	ねらい球（打つ球種）を絞る	
1	20	19	だが、基本的に変化球の方が	
1	18	19	投球のコツは、一言で言うと	
1	13	19	ワンパターンにならないこと	
1	18	19	１球目、内角高めストレート	
1	16	19	では、新戦力でありますか。	
1	15	19	いや、面目ないであります。	
1	20	19	治療費は現金払いで頼むよ。	
1	15	19	（病気になってしまったら、	
1	14	19	置いたままにしておくのか？	
1	17	19	・・・前の演出家のだから。	
1	14	19	すっごく明るくなって・・・	
1	14	19	さあ、どこかに持ってったか	
1	13	19	ああ、でも、それでも・・・	
1	14	19	・・・もうすぐ治まるから。	
1	13	19	のかもしれないじゃないか。	
1	13	19	まともなのかもしれないな。	
1	15	19	ばっちり強化してあるから！	
1	21	19	人間用に調整し直した信号を	
1	16	19	まさか本当に来てくれるとは	
1	16	19	バットの特徴を聞いたから。	
1	15	19	でも、こうして完全なものを	
1	14	19	なるほど、あの子がね・・・	
1	13	19	もらうわけにはいきません。	
1	13	19	わたし、どうかしてました。	
1	19	19	過酷な現実に直面させるのが	
1	15	19	だからどうしたって、性格に	
1	16	19	男らしく、返事ちょうだい！	
1	14	19	そのためには、生きないと。	
1	17	19	・・・いや、一般的に言って	
1	16	19	普通を超えてしまったわけ？	
1	14	19	釘はともかく・・・ペンキ？	
1	14	19	甘やかさないでくださいね。	
1	15	19	で、怪奇スポットになってて	
1	17	19	あの世に行けない愚か者だ。	
1	16	19	償うまでこの地に縛られた。	
1	14	19	いろんなものを見たいとか、	
1	15	19	いろんな人と会いたいとか！	
1	16	19	ああ、野球は楽しかったな。	
1	15	19	ピカピカに掃除しておくよ。	
1	15	19	あれはあのまま、あの河原に	
1	16	19	、楽しかったぞ、礼を言う。	
1	17	19	・・・俺には未練が多すぎて	
1	15	19	スマート射的おみくじだよ！	
1	14	19	それより、これ見てくれよ！	
1	15	19	あんた元気にやってるかい？	
1	13	19	ほったらかしにしやがって！	
1	16	19	僕が結婚したら、だなんて！	
1	18	19	今日は一人で泣きたいんだ。	
1	15	19	かえって緊張しないのかな？	
1	16	19	わたし帰る故郷がないんだ。	
1	18	19	ある日学校から帰って来たら	
1	19	19	夜逃げ同然で逃げ出したの。	
1	15	19	向こうで見つけてくれるさ。	
1	14	19	わたしもそれがいいと思う。	
1	18	19	お芝居が本当に好きだもの。	
1	13	19	こうなっちゃうのかなぁ～。	
1	14	19	それより、それほんとの話？	
1	16	19	俺もしっかり盛り立てるよ。	
1	14	19	せっかく見せてやったのに。	
1	17	19	せっかく人に見せない宝物を	
1	16	19	この魔法は解けないんだよ。	
1	16	19	そもそも人数が足りないぞ。	
1	14	19	がんばってくれてる人たちを	
1	15	19	気持ちだけでもうれしいよ。	
1	15	19	そこいらのへっぽこ選手より	
1	15	19	達を止められなかったんだ。	
1	13	19	こういうことになったんだ。	
1	17	19	一応、責任はとらないとな。	
1	15	19	応援ぐらいはしたげるよぉ。	
1	19	19	最初の人がお芝居を始める。	
1	16	19	そこに次の人が入ってくる。	
1	17	19	そうしたら、最初に居た人は	
1	16	19	ちゃん一人に見られるのって	
1	18	19	怒鳴るし、すぐ灰皿投げるし	
1	14	19	みんなには、あたしが今でも	
1	13	19	こんなことになってゴメン。	
1	13	19	・・・くやしいよぉ・・・。	
1	15	19	これ以上、みっともないとこ	
1	13	19	ゲームはクリアになります。	
1	15	19	食べた虫はイチコロですよ。	
1	15	19	ごめんね、なんだか強引で。	
1	14	19	それも言ってなかったっけ？	
1	13	19	オイラのファンでやんすね。	
1	17	19	今の子供は喜ばないだろう。	
1	16	19	こうして古い店を探しては、	
1	15	19	探し歩いているんでやんす！	
1	17	19	（・・・３時間経過・・・）	
1	18	19	お前は、怪獣のソフビ人形が	
1	17	19	（・・・２時間経過・・・）	
1	14	19	オイラに知らせるでやんす。	
1	17	19	君の世話を頼まれたんだよ。	
1	17	19	同級生だと聞いたでやんす。	
1	14	19	おねえちゃん、悲しいなぁ。	
1	15	19	スポンサーの家族だろうな。	
1	16	19	あたし、魔法が使えるんだ。	
1	14	19	その代わり、うまくいったら	
1	17	19	でも、プロ野球の選手だって	
1	22	19	自分の得意な変化球に名前を	
1	16	19	これじゃ、駅から降りた人が	
1	16	19	公正なやり方でもないから、	
1	16	19	もうこの際、意地をはらずに	
1	15	19	持ち出さないでくださいよ。	
1	15	19	そもそも、野球のことだって	
1	20	19	商店街の会議、大変なことに	
1	19	19	次の試合は、絶対に勝つよ！	
1	16	19	よし、もう商店街はやめた！	
1	15	19	カレー食べに来いでやんす！	
1	18	19	発電機と組み合わせてくれ。	
1	16	19	そこまで面倒は見れないよ。	
1	15	19	使うだけなら、別にサイズは	
1	16	19	気合を入れてやったわけよ！	
1	17	19	だが、結果は歓迎されても、	
1	15	19	・・・では、馳走であった。	
1	15	19	さんには誤解されましたけど	
1	17	19	本人から取り立てますから。	
1	13	19	「ミルファイヤーちゃん」の	
1	15	19	やってるのは食玩のサーチ。	
1	14	19	ああやっておもちゃを振って	
1	14	19	でも、ああいうことする人は	
1	16	19	君は、ああいう大人にだけは	
1	13	19	ひかれそうになったんだよ。	
1	15	19	出しそうな所だからな・・・	
1	18	19	・・・巨大な虫の大群か？！	
1	14	19	スイッチを入れやがったな。	
1	15	19	口を封じるつもりだったな！	
1	17	19	虫がどんどん部屋の中に！？	
1	13	19	だまされたんだよアンタは！	
1	16	19	疲れて大変そうじゃないか。	
1	15	19	手伝ってもらうのでやんす！	
1	14	19	だけだから、気にしないよ。	
1	14	19	この話は、これでおしまい！	
1	17	19	みんなで勝手に話を進めて。	
1	13	19	そういうのじゃなくて・・・	
1	15	19	いったい何のお話ですかな？	
1	14	19	そろそろわだかまりを捨てて	
1	19	19	この先、多少強引に行っても	
1	13	19	どうするつもりだったんだ？	
1	18	19	水を愛し、水に愛された男、	
1	14	19	「どうだ？」と言われても。	
1	17	19	その肉体に感涙するがいい！	
1	17	19	俺もこの川を征服するまでは	
1	15	19	大恥をかかせてやればいい。	
1	16	19	ただ、なんだか観客も集めて	
1	16	19	そう長居する気はないんだ。	
1	15	19	あんた本気じゃないんだろ。	
1	16	19	素質があるとは言われたが、	
1	14	19	こっちにやる気はないんだ！	
1	15	19	このあたりを探検でやんす！	
1	14	19	まるで、オイラに父ちゃんが	
1	19	19	女性２人の訪問を受けた。）	
1	16	19	そろそろお店の準備しないと	
1	18	19	担任の先生に聞いたんだけど	
1	16	19	試合にも勝ってこられたが、	
1	14	19	お前ら、ワケわかんねえぞ！	
1	16	19	俺たちの勝利にはならねえ。	
1	17	19	外野は口は出さないでくれ。	
1	20	19	商店街全体の問題なんだよ！	
1	16	19	それに、俺たち抜きで彼らが	
1	17	19	よし、じゃあ試合は明日だ！	
1	15	19	はいま用事でいないんです。	
1	15	19	映画のチケットなら、すぐに	
1	15	19	最後までドキドキしました。	
1	16	19	この映画に行くでやんすか？	
1	16	19	の連中が来てしまうでしょ。	
1	17	19	カッコ悪いけどさ、開発者が	
1	16	19	死んじゃったら大変でしょ？	
1	15	19	君とあまり変わらないんだ。	
1	15	19	１０歳になる前にドカーン！	
1	19	19	研究所にいるときは定期的に	
1	13	19	リセットされてたんだけど、	
1	15	19	逃げ出しちゃったからね～。	
1	14	19	悪いことばかりじゃないよ。	
1	18	19	・・・感動の表現が甘いよ。	
1	16	19	・・・夢はね、希望がないと	
1	15	19	どんな出会いがあるのかな。	
1	15	19	（くそっ、ここは退却だ！）	
1	16	19	オレも仲間に入れてくれよ。	
1	15	19	プロの野球だって、ちゃんと	
1	16	19	そもそもお前は何者なんだ？	
1	15	19	、今回はがんばってるなぁ。	
1	17	19	の演技じゃ文句のつけようも	
1	15	19	さんの演技よかったですよ。	
1	13	19	もだいぶうまくなってるよ。	
1	14	19	気にしなくていいでやんす。	
1	15	19	・・・まあ、アンタの反応が	
1	13	19	うおおおおおおおおおおお！	
1	14	19	まだ集まっておらんのだな。	
1	13	19	こりゃあ、おもしろそうだ。	
1	20	19	学校の勉強は大丈夫なのか？	
1	19	19	経営の苦しい店の情報・・・	
1	17	19	評判が落ちるのが怖くって。	
1	16	19	ずっと裏切ってたのよ、私！	
1	17	19	芝居の練習ってしないのか？	
1	17	19	公演日とっくに過ぎてるぞ！	
1	17	19	お金を一人で返してんだよ。	
1	16	19	それに人数も足らないしな。	
1	14	19	よし、オレも考えてみるよ。	
1	15	19	川で洗ってるんだけど・・・	
1	16	19	明日、持っていってあげる。	
1	15	19	そんなに広い家じゃないけど	
1	14	19	いじゃあ、お願いしようか。	
1	15	19	じゃあ、湯冷めしないように	
1	16	19	部屋の中をのぞくのもダメ！	
1	15	19	爆発でふさがれちまってな。	
1	17	19	みんなでお前達のいる部屋を	
1	15	19	掘れって教えてくれたんだ。	
1	15	19	おっと、お前にお客さんだ。	
1	16	19	見送りに来てくれたのかい？	
1	15	19	そのときになったら、絶対に	
1	15	19	いや、音が気になって・・・	
1	14	19	行ってないようだけど・・・	
1	14	19	お金がもったいないでしょ？	
1	17	19	いい打撃結果になりやすい。	
1	13	19	ただし、それぞれのカードで	
1	15	19	貯まっていないと使えない。	
1	17	19	ふふ試合の状況によっては、	
1	19	19	会長は野球イベントの成功で	
1	18	19	差し替えて大成功だったな。	
1	15	19	もう反響があったんですか？	
1	15	19	盛り上げていくわけですか。	
1	16	19	妙に盛り上がってましたな。	
1	18	19	文章の書き方が同じだから、	
1	15	19	まったく余計なことを・・・	
1	15	19	でも、私は信じてますから。	
1	13	19	もちろん・・・がんばるよ。	
1	14	19	いいだろう、語ってやるよ。	
1	15	19	俺は、かつて泳げなかった。	
1	17	19	高校２年の夏のことだった。	
1	17	19	その子が沖合いに流された！	
1	14	19	・・・そして、気がついたら	
1	15	19	そうすれば、お前の良さにも	
1	15	19	すごく重要なものなんだよ。	
1	17	19	読めば、全然違ってくるよ。	
1	15	19	それから手直しもしないと。	
1	15	19	ぜんぜん理解できていない。	
1	19	19	悪い部分が全然直ってない。	
1	16	19	言い訳にしないで欲しいの。	
1	15	19	明日には、ちゃんとしたもの	
1	16	19	のさっきの演技見たでしょ。	
1	14	19	さんが支えてあげないとね。	
1	15	19	だいたいこの倉庫でやるって	
1	18	19	言ったって音響設備が・・・	
1	13	19	どうなるもんでもないしな。	
1	17	19	別の脚本使うしかないだろ。	
1	15	19	変なキノコでも食べたのか？	
1	15	19	この間・・・言ってたよね？	
1	14	19	あそこで車にひかれたのよ。	
1	16	19	生きようって気持ちが・・・	
1	15	19	お父さんは知っているのか？	
1	14	19	よく見えてないみたいなの。	
1	17	19	人生、もっと大事にしなきゃ	
1	14	19	だいたい、スーパーは悪って	
1	13	19	いいんじゃないでしょうか。	
1	15	19	コマンドが追加されました。	
1	17	19	商店街のモール化であろう。	
1	18	19	されば、買い物客は安心して	
1	17	19	休息ポイントの設置である。	
1	14	19	じゃあ、この人はいったい？	
1	15	19	完全にだまされてましたよ。	
1	16	19	安心は得られたであろうに。	
1	18	19	野球の練習に行くでやんす！	
1	15	19	野球すなわちベースボール。	
1	16	19	さらば、次の地へ向かわん。	
1	18	19	あれ大道具の下から出てきた	
1	17	19	、この後飯食いに行ってから	
1	14	19	お父さんをよろしくね・・・	
1	13	19	・・・・すいません・・・・	
1	16	19	お線香をあげさせて下さい。	
1	13	19	・・・おお、いいぞいいぞ。	
1	17	19	今晩オレに付き合わないか？	
1	13	19	ごめんなさいでやんすー！！	
1	15	19	本日はフグフェスタだよ～！	
1	15	19	フグの解体ショーもあるよ！	
1	13	19	ぐるぐるしてるだけらから。	
1	13	19	おいらフグらろうなのらぁ。	
1	13	19	ちゃん、おんぶするからね！	
1	15	19	連れていった方がいいかな？	
1	15	19	・・・あたしんちの方が近い	
1	16	19	もっと体を大切にしないと。	
1	15	19	心配してくれてありがとう。	
1	16	19	どうして俺に話が来るんだ。	
1	16	19	ハサミで君の大事なところを	
1	17	19	さんが急病で入院することに	
1	17	19	あの二人の役は消せないよ！	
1	16	19	無駄なお金がかかるだけだ。	
1	14	19	務まるわけないじゃないか。	
1	16	19	顔色の悪いやせたマザコン。	
1	17	19	ま、まさか、本当に、本気で	
1	16	19	段取り覚えてもらうからね。	
1	18	19	あの風来坊から連絡のあった	
1	13	19	いや、あんたのスピリッツに	
1	13	19	ネットでチェックしてるから	
1	14	19	なんだか情けなくないのか？	
1	14	19	また来ればいいじゃないか。	
1	13	19	スピリッツでなんとかしろ。	
1	22	19	支店長は、営業不振を理由に	
1	13	19	まったく、どいつもこいつも	
1	19	19	古い地下道が発掘できてな。	
1	18	19	土地を買ったと報告が・・・	
1	19	19	威圧感を感じる書物ですね。	
1	14	19	どんな秘められたパワーが？	
1	15	19	つまり、「汝、盗むべし」と	
1	17	19	中世より今日にいたるまで、	
1	18	19	いかにキリスト教的道徳観に	
1	17	19	北極支店でがんばれないぞ。	
1	14	19	見つかったじゃないですか！	
1	14	19	あんた、なにをする気だい。	
1	14	19	・・・別に、だますつもりは	
1	20	19	じゃ、全部で1130円な。	
1	14	19	あの子ったら、このあたりの	
1	17	19	金銭感覚がおかしくなったら	
1	13	19	いや、そ、それはその・・・	
1	15	19	まだ早いと思ってましたが、	
1	16	19	では、間もなく開演です。）	
1	15	19	宣伝してくれたんでやんす。	
1	15	19	ちょっとは感謝してくれよ？	
1	18	19	今日来てるお客さんの為に、	
1	15	19	戻って来れなくなるからな。	
1	13	19	オレがどれだけがんばったか	
1	14	19	みんな忘れてるんだろうな。	
1	18	19	（商店街を盛り上げるために	
1	18	19	商店街の立て直しのためには	
1	15	19	インパクトが必要だからね。	
1	15	19	固まって走ってるでやんす！	
1	16	19	このまま隣の町へ入られたら	
1	15	19	Ａボタンでダチョウを攻撃。	
1	17	19	繁華街に入ってしまったぞ。	
1	13	19	（ガタン！ドカン！バキ！）	
1	13	19	イベントはどうするんです？	
1	20	19	野球の練習に使ってる道具で	
1	16	19	たとえばこの派手な星とか？	
1	15	19	もっと危険ということか？！	
1	13	19	そうとわかれば・・・・・・	
1	17	19	とりあえず、手当たり次第に	
1	18	19	彼女の負担が減ったはずだ。	
1	17	19	最高の食材をそろえてやる。	
1	15	19	これでお金は足りるのかな？	
1	13	19	わかってないんじゃないの！	
1	16	19	わたし今好きな人がいるの。	
1	16	19	なら証拠を見せてあげるわ。	
1	14	19	まさか、あなたも逃げるの？	
1	15	19	こんな事で逃げるくらいなら	
1	18	19	こっち側は立ち入り禁止ね。	
1	15	19	全然たいしたことないんだ。	
1	13	19	あと、キーボードがなくても	
1	17	19	の開発者も困っちゃってさ。	
1	13	19	でも、さすがにこのままだと	
1	13	19	さーて、どうしようかな～。	
1	14	19	とりあえず、焼きソバパンと	
1	13	19	はい、もしもし・・・・・・	
1	14	19	まだまだ良くなるんだから！	
1	17	19	必死で積み上げてきたものが	
1	13	19	ほら、こんなにもろいんだ。	
1	14	19	お客さんにもわかるように、	
1	17	19	「無実のふりをする犯人」を	
1	17	19	自分が犯人だって、わたしに	
1	19	19	不審な人物が目撃されてる。	
1	13	19	いろんなことがあったわね。	
1	20	19	お前の指定した海外の口座に	
1	15	19	過去のことなんてどうでも。	
1	13	19	どこからともなくやってきて	
1	13	19	ああ、これこそロマンよね！	
1	14	19	見ていたかったんだが・・・	
1	16	19	それは男のオレの役割だろ！	
1	16	19	・・・今日も遅くなったな。	
1	18	19	こっちは大道具の作業でね。	
1	13	19	なんだったら、わたしんちで	
1	14	19	散らかってないだけかもね。	
1	17	19	今から銭湯にでも行くのか？	
1	16	19	流し台しか見えないんだが。	
1	15	19	さいわい、お湯が出るしね。	
1	15	19	「お風呂」もついてるしね。	
1	15	19	お芝居をがんばりましょう。	
1	14	19	助けてもらったんでやんす。	
1	14	19	、その「やんす」と言うのは	
1	14	19	じゃ、おじさんはこの辺で。	
1	15	19	あの子ったら、その腹いせに	
1	15	19	シャッターの閉まってる店が	
1	18	19	この商店街へ来るお客さんも	
1	14	19	ずいぶんと減ってしまって。	
1	15	19	でも、本当はあのスーパー、	
1	13	19	がんばってるんですけどね。	
1	13	19	なかなかうまくいかなくて。	
1	15	19	子供っぽいケンカですよね。	
1	13	19	かなわないんじゃないかって	
1	15	19	オイラにも、なにか手伝える	
1	15	19	せめて着替えてからにしろ！	
1	15	19	ちゃんの迷惑にならないか。	
1	17	19	君という輝ける金の卵だけの	
1	15	19	そうしたらすぐにその世界に	
1	14	19	わたしもたくさんの人たちに	
1	16	19	ボクの言ってる意味わかる？	
1	17	19	ボクはその商品を見極めて、	
1	14	19	こんなところまで追いかけて	
1	15	19	言うことを聞いちゃだめだ！	
1	16	19	さっきから俺を悪者みたいに	
1	13	19	アドバイスまでしてあげて、	
1	15	19	悪いけど、帰ってくれない！	
1	16	19	いい女優になれると思うよ。	
1	13	19	まぁ、まずはアイドルとして	
1	17	19	色々勉強してもらうけどさ。	
1	16	19	それで何の練習をするんだ？	
1	16	19	絶対にチームに入れてやる！	
1	16	19	まあ、今回は放っておくか。	
1	13	19	さんのランダムデバッグです	
1	17	19	しかも、こんな至近距離で。	
1	15	19	しかも、どっちも右手だけ。	
1	16	19	炎の球とかを投げてあげるよ	
1	15	19	さんが外に出ようだなんて。	
1	17	19	今時の子にしては珍しいね。	
1	16	19	黒い色のジュースを飲もう！	
1	16	19	赤い色のジュースを飲もう！	
1	15	19	七番テーブル・・・・・・。	
1	16	19	こっちからも何か飛んで来る	
1	15	19	サンドイッチ５０人前ですね	
1	16	19	怖いと思ってしまう話だな。	
1	17	19	俺が部屋を出てすぐにここへ	
1	18	19	これから向かう二人の未来。	
1	17	19	「あの世からの王の帰還」。	
1	17	19	君の好きな料理にしていい。	
1	15	19	とキャッチ爆弾をしました）	
1	15	19	じゃあ、俺は帰るとするよ。	
1	15	19	帰ってきたら何かおごるよ。	
1	17	19	いや、別にそんな事は一言も	
1	15	19	さんのと同じように味わって	
1	14	19	まあ、アレは慣れだけどね。	
1	15	19	それまでが大変だったけど。	
1	17	19	なんか副作用が出そうだね。	
1	15	19	お肩が凝っておられますね？	
1	15	19	諦める事しかできなかった。	
1	15	19	の奴は何をやっているんだ？	
1	14	19	いサーカスにでも出るのか？	
1	19	19	俺が出て行く時に、目の前に	
1	15	19	書いてもらおうと思ってます	
1	16	19	ちゃんと後で竹を流すから、	
1	15	19	お出口はあちらでございます	
1	13	19	「そう」とか「うん」だけを	
1	15	19	ごめん、ちょっと大きい音を	
1	15	19	いま、この店は静かだから、	
1	13	19	もうほとんど・・・・・・・	
1	15	19	ボ～ク感動しちゃったよ～。	
1	16	19	一緒の顔にしてあげるね～。	
1	17	19	自分で飲む気はしないけど。	
1	17	19	お腹が空いた時に食べてね。	
1	15	19	どこへでも連れ出してやる。	
1	14	19	わからない時は・・・・・・	
1	15	19	怒らないからはっきり言え！	
1	17	19	魔界からやって来た何かか？	
1	13	19	さんにはこれぐらいしないと	
1	18	19	この学校の全ては俺が頂く！	
1	15	19	俺があんな事をしなければ、	
1	15	19	だから、その道を変えるのは	
1	15	19	違うような気が・・・・・。	
1	16	19	この話は保留にしておこう。	
1	13	19	かわいいのに・・・・・・。	
1	14	19	ちっとも怪しくないピエロ。	
1	13	19	これからどうすればいいか。	
1	15	19	何が正しいのかわからない。	
1	18	19	前に進む方を選ぶと思うから	
1	17	19	当然お客さんは見えてるさ。	
1	16	19	ちゃんは今日は休みなんだ。	
1	15	19	君は何をしてくれるのかな？	
1	21	19	史上最強でも宇宙最強でも。	
1	14	19	何かわかるかもしれないな。	
1	17	19	私が貴方の傍にずっといる。	
1	14	19	信じないかもしれないけど。	
1	15	19	手伝ってくれないってこと？	
1	14	19	お前！そこまでわかってて、	
1	15	19	俺に言わそうとしてたのか！	
1	15	19	さんが何を考えているのかが	
1	14	19	しばらくと言われましても、	
1	17	19	今日はこれで５皿目ですよ。	
1	17	19	本を読んでる時のあの人は、	
1	16	19	君は私のピアノを聴きたい？	
1	17	19	さんの気持ちを尊重したいし	
1	13	19	さん、コーヒーでいいよね。	
1	18	19	包丁の使い方も教わったし、	
1	17	19	優しい言葉を掛けてやろう。	
1	15	19	君に伝えていいか・・・・。	
1	15	19	まったく反応しなかったぞ。	
1	17	19	時報に電話しただけなのに。	
1	18	19	いったい今度は何の練習だ？	
1	16	19	まったく俺にはその気持ちが	
1	15	19	ボ～クは道化じゃなくなって	
1	18	19	自分の手元へ落としている。	
1	17	19	俺、何も用意してないよ！！	
1	19	19	今日は私に感謝する日だよ。	
1	17	19	叶わなくても仕方が無いさ。	
1	16	19	本を買いに行ったついでに。	
1	16	19	そんなの一日で食えないよ！	
1	13	19	さん・・・・・もしかして、	
1	16	19	早く食べないと無くなるよ。	
1	20	19	止まる事を知らない暴走特急	
1	15	19	なんて言ったか忘れちゃった	
1	15	19	じゃあ、４万円になります。	
1	13	19	なかなかサマになってたよ。	
1	15	19	さんを自由にしてあげられる	
1	16	19	もう一回言ってくれないか？	
1	14	19	泣きそうになってくるから。	
1	15	19	とりあえず注文してくるよ。	
1	15	19	ちょっとは落ち着いたかな。	
1	18	19	貴方がこの部屋にいる限り、	
1	16	19	お菓子とか食べないんだね。	
1	18	19	相変わらず表情は薄いけど。	
1	15	19	って、その怪しい本はなに？	
1	17	19	この世界に住んでいる君には	
1	15	19	パソコンでできる範囲なら、	
1	16	19	早くこっちに来てお兄ちゃん	
1	16	19	お兄ちゃんは私が守るから！	
1	14	19	あの時はすまな・・・・・・	
1	14	19	もっともらしく言ってるが、	
1	15	19	まったく意味がわからない！	
1	16	19	君に募金されるプログラムを	
1	17	19	さん、昼食の準備できたよ。	
1	19	19	寝起きの人間に凄い我がまま	
1	15	19	この街に来るまでってこと？	
1	17	19	さんの落ち着きは異常だな。	
1	15	19	皆は喜んでくれるのかな～？	
1	14	19	ボ～ク入らせてもらうよ～。	
1	15	19	こんなボ～クでも、もう一度	
1	15	19	お礼はぐらいは言うだろう。	
1	13	19	さんが、ツンデレがいいって	
1	15	19	誰かが傷つくわけじゃない。	
1	15	19	その道から外れようとすると	
1	15	19	まさか縛ったり吊るしたり！	
1	15	19	それ系のイベントに出たり、	
1	14	19	フリマで売ったりしてるよ。	
1	15	19	さん、それレジの隣に置いて	
1	18	19	君に手料理を食べさせたい。	
1	16	19	無理しない方が・・・・・。	
1	14	19	すぐに作れるようになるから	
1	18	19	簡単に切り離す事ができる。	
1	19	19	結局は自分の意志なんだよ。	
1	15	19	どんな結果になろうともね。	
1	15	19	さん。いま読んでる本って、	
1	15	19	じゃあ、８万円になります。	
1	16	19	きっと怪我してたと思うし、	
1	15	19	じゃあ、いつもの席に持って	
1	14	19	あ、あとコーヒーもお願い。	
1	13	19	ハムエッグ５０・・・・・。	
1	14	19	さんの物じゃないでしょう？	
1	16	19	誰の物でも無いんですから。	
1	15	19	それともお腹減っているの？	
1	16	19	帽子にみかんをくっ付けた、	
1	18	19	が、一年間はコーヒーを無料	
1	18	19	今日は彼女は来てるのかな？	
1	15	19	このコースに、この球速で、	
1	14	19	なら、僕がこのプログラムを	
1	17	19	僕を貴様のチームに入れろ！	
1	13	19	おいしいカレーはできない。	
1	15	19	さんにメイド服を着れって。	
1	13	19	それはマコトでござるかっ！	
1	15	19	だったら中に入ったついでに	
1	15	19	さん。いま何て言いました？	
1	18	19	一段と機嫌が悪くなったのは	
1	14	19	さすがにそれは覚えてたぞ。	
1	17	19	誕生日言ってないんだから。	
1	15	19	そういう関係じゃないのか？	
1	15	19	最高のプレゼントをやろう。	
1	13	19	メイドさんじゃないのかな？	
1	17	19	メイドだと宣言してる以上、	
1	13	19	どこかクラッシュしたのか？	
1	16	19	それで何が完成したんだよ？	
1	15	19	すでに数回クリアしている。	
1	14	19	ゲームって感じがするよな。	
1	14	19	だからボ～クは逃げないよ。	
1	16	19	女の子ってどんな子なんだ？	
1	13	19	なっちゃったんだけどね～。	
1	15	19	それに何か黒いんだよね～。	
1	16	19	の動きが華麗になりました）	
1	17	19	ちゃんや仲の良い友達だけ。	
1	15	19	でも、やっぱり何か渡すよ。	
1	17	19	君は買い物に行っていてね。	
1	16	19	君がこの店を辞めるまでは、	
1	16	19	ここで店を続けて欲しいと。	
1	15	19	お前のペースで話してたら、	
1	19	19	学校では衣服の勉強をして、	
1	18	19	だって私、経営学部だもん。	
1	17	19	お前の後ろに光が見えるよ。	
1	13	19	なんかやめてしまえばいい。	
1	16	19	あの高台から見ていたのは、	
1	14	19	バカみたいにいろいろな壁に	
1	17	19	地に落ちるなら、再び空へ。	
1	17	19	いつか貴方の元に行くから。	
1	14	19	笑えるようにしておくんだよ	
1	19	19	俺は自分で未来を作ったよ。	
1	14	19	でも私はまだ・・・・・・。	
1	16	19	なんか恐れ多いと言うか～、	
1	19	19	電脳世界での王である僕が、	
1	18	19	貴女の心から聞こえる声を。	
1	15	19	が、ここまで取り乱すなんて	
1	16	19	いや、背に腹は変えられぬ。	
1	19	19	本当に店に対して失礼だね。	
1	15	19	じゃあ、お礼を言ってくる。	
1	15	19	我がままなんて言わないよ。	
1	16	19	。お前、何を言って・・・・	
1	15	19	さんにこんな事を言ったら、	
1	15	19	そこの川に流してあげるよ。	
1	15	19	本当にコイツは・・・・・・	
1	17	19	まあ、応援するから頑張れ。	
1	15	19	そこで仲良くなりましょう。	
1	21	19	好意を逆手に取って常連客を	
1	15	19	ちょうどお腹が空いてるよ。	
1	15	19	いろいろな事が初めてとは、	
1	17	19	天才肌なのは知ってたけど、	
1	17	19	今度はアレを作ろうと思う。	
1	16	19	僕が作ったこのゲームの中で	
1	15	19	なんとかお前に合わせよう。	
1	15	19	さんなら、あり得る話かな。	
1	15	19	信じなくても良いアイデアが	
1	16	19	さんが実家に帰るなんてね。	
1	13	19	グローバルシステムでしょ？	
1	17	19	の名前が出てくる出てくる。	
1	14	19	さんが誰かなんてわかるよ。	
1	16	19	だから君とは平等なのだよ。	
1	20	19	少々お待ち下さい。ご主人様	
1	13	19	ごゆっくりなさってください	
1	14	19	が言ったのね・・・・・・。	
1	15	19	さんとこうも約束したから、	
1	14	19	眠れなかったんじゃないの？	
1	13	19	というわけで、いつもので。	
1	15	19	しては違う色をしているな。	
1	19	19	（確かにこの喫茶の雰囲気に	
1	14	19	そこには何もないんだけど、	
1	14	19	お前、わざとやってないか？	
1	16	19	がやると気持ち悪いんだよ。	
1	16	19	腹の中に入るだけマシだな。	
1	15	19	く、食い逃げはダメだよな。	
1	15	19	人の家キャンプファイヤー？	
1	16	19	なんでいつも通り冷静なの？	
1	15	19	自分しかできないんだって。	
1	18	19	今日の貴方を見てわかった。	
1	14	19	いつも通ってもらってるが、	
1	15	19	さんは一緒じゃないのかな？	
1	16	19	本当に何も・・・・・・・。	
1	19	19	急速に成長した会社がある。	
1	18	19	お嬢様のお目付け役として、	
1	16	19	の資質を持っていらしゃる。	
1	17	19	さんの本当の気持ちなのか？	
1	14	19	それを引きずりながらでも、	
1	15	19	を手放したくなんてないよ。	
1	17	19	さんはきっと笑顔も似合うと	
1	15	19	レストランで食事をしよう！	
1	14	19	しばらく休むみたいですよ？	
1	14	19	亡くなったらしいですから。	
1	16	19	ただ、仕事が忙しかったんで	
1	16	19	早く帰ってきて欲しいなとは	
1	15	19	何か縁があるのでしょうな。	
1	14	19	これを食べるといいですぞ。	
1	14	19	違ったのかもしれませんね。	
1	16	19	相談・・・誰にしたら・・・	
1	19	19	大事な野球友達ですからな。	
1	15	19	に聞かされて驚きましたよ。	
1	19	19	まずは、今回の調査の資料を	
1	13	19	なんで、クマのぬいぐるみ？	
1	15	19	さて、俺もそろそろ寝るか。	
1	14	19	彼とは、つきあってるのか？	
1	16	19	続きは、またの機会ですな。	
1	15	19	さんは、公園ばっかりだな。	
1	16	19	全然歌ってないじゃないか。	
1	18	19	通好みって感じの選曲だな。	
1	15	19	俺が歌うつもりだったのに！	
1	15	19	歌えるとは思わなかったよ。	
1	15	19	いつもその格好なんですか？	
1	15	19	でも、時間はあるんですか？	
1	14	19	いろいろ忙しいんじゃ・・・	
1	16	19	このレストランの親会社で、	
1	15	19	さんには、変わってる人とか	
1	15	19	では、何から話しますかな。	
1	14	19	ワタシが焼いたクッキーを、	
1	15	19	早く行ってあげてください！	
1	16	19	こういう映画も悪くないね。	
1	15	19	ここ、表から見えないから。	
1	16	19	で、いろんな所を調査して、	
1	14	19	ごめん・・・それは、困る。	
1	15	19	今年は、いろいろあったな。	
1	15	19	さんに、初めて会ったとき。	
1	17	19	結局、何者だったんだろう？	
1	16	19	ちょっと、その鞄の中身を、	
1	15	19	まあ、そろそろいい時間だし	
1	15	19	こんな、私の家じゃなくて、	
1	14	19	何もする気になれないなあ	
1	15	19	まったく、無用心だなぁ。	
1	15	19	謎の声が聞こえてくるな。	
1	17	19	店先で熱く語り合った！）	
1	12	19	ハハハ、だっせーっすよ。	
1	13	19	ちゃんがバイトで休みか。	
1	14	19	この店は閉まってるなぁ。	
1	14	19	売り物にならないのかな？	
1	12	19	どうでもいいのでやんす！	
1	14	19	変なものでも食べたかな？	
1	14	19	わたしの後について来て。	
1	14	19	も一緒にバイトしようよ。	
1	13	19	なんだったんだ、今のは？	
1	18	19	一応、自給自足してます。	
1	17	19	この前、自分で釣った魚を	
1	13	19	焼いていたでやんすね～。	
1	13	19	来たわけじゃないんです。	
1	14	19	ど、どうも失礼しました。	
1	12	19	ハァハァ・・・やれやれ。	
1	16	19	かなり怪しい雰囲気だな。	
1	13	19	うカシミールに行ってみる	
1	15	19	また最初から探さないと。	
1	15	19	でも、希望が出てきたよ。	
1	15	19	これから練習に行くんだ。	
1	16	19	風来坊さん、お金あるの？	
1	14	19	お金は出してあげるから、	
1	15	19	結構戦えるもんですね。）	
1	14	19	くそー、練習がんばるぞ！	
1	15	19	どこに弱点があると思う？	
1	14	19	参考にしておくでやんす！	
1	12	19	よくわからないだろうが、	
1	12	19	なにかコツでもあるのか？	
1	16	19	君と野球をして遊んだ。）	
1	13	19	ごめん、聞いてなかった。	
1	17	19	町の人の視線を感じるぞ。	
1	13	19	のネットには入れないね。	
1	14	19	魚を釣ってるんじゃなくて	
1	14	19	遅れて来るんじゃねえぞ。	
1	16	19	来てくれてたし、商店街も	
1	14	19	俺たちはチームを去ろう。	
1	14	19	縁があれば、また会おう。	
1	12	19	あれ、いつのまにこんなに	
1	13	19	それとも、あたしに会いに	
1	13	19	なにか食べるものは・・・	
1	14	19	もっと強化するでやんす！	
1	12	19	できないでやんすかね～？	
1	12	19	（そんなわけねーだろ！）	
1	13	19	断るってのも・・・ねぇ。	
1	16	19	危ない運転する奴だなぁ！	
1	12	19	ちゃんがどうかしたのか？	
1	13	19	どこも苦しいんだからさ。	
1	14	19	（相変わらずトロいな。）	
1	15	19	じゃあ、いまから商店街で	
1	17	19	はは肉じゃがと、高野豆腐	
1	14	19	ケガしてるのに見学かい？	
1	14	19	こんな所で何やってんだ。	
1	12	19	・・・あ、やっぱりダメ。	
1	12	19	いそれはちょっと・・・。	
1	14	19	変更したらどうでやんす？	
1	16	19	打撃はともかく、守備は？	
1	12	19	チケットがいいんだけど。	
1	15	19	１１年後まで待たないと。	
1	13	19	あいつらに勝てんのかな。	
1	14	19	なんだか、自信がないよ。	
1	15	19	仕事に慣れてきたからな。	
1	16	19	・・・君の作る料理なら、	
1	13	19	そのチラシ見てごらんよ。	
1	16	19	特別番組をやってるから。	
1	14	19	お金、ここに置いとくね。	
1	14	19	まさか、俺が寝てるときに	
1	12	19	そんなわけがないだろ。）	
1	12	19	してるんじゃないかしら。	
1	13	19	クイズに答えているとは、	
1	14	19	誰も思わないだろうな。）	
1	16	19	ついに小学生を超えたな。	
1	15	19	まぁ助かった、礼を言う。	
1	14	19	あれっ、あたしだと不満？	
1	13	19	に言いつけてやろうっと。	
1	14	19	嫌われたのかと思ったよ。	
1	12	19	もっとしっかりしないと。	
1	14	19	こっちはあくまでも趣味。	
1	13	19	もう、この話はやめよう。	
1	14	19	説明するのもイヤだしさ。	
1	16	19	すごく人が多い場所だな。	
1	14	19	ここで買い物をするのか？	
1	15	19	どうも場違いな気がして。	
1	14	19	その格好にしてたんだね。	
1	15	19	活躍してたと思ってたけど	
1	12	19	ということでありますか？	
1	12	19	バカみたいじゃないカニ？	
1	13	19	とりあえず、カレーと卵。	
1	15	19	カレー大盛り、卵つきで。	
1	12	19	・・・オウ！・・・オウ！	
1	12	19	なっていただけるそうで。	
1	15	19	探検隊ぐらいなものかな。	
1	14	19	まさか、ご冗談でしょう。	
1	13	19	ひょっとしたら、向こうも	
1	12	19	（どんがらがっしゃん！）	
1	15	19	ね、泣くって気持ちいい？	
1	13	19	さんも、来るのでやんす。	
1	18	19	息子には、「大村金物」を	
1	17	19	親父の背中に憧れていた。	
1	16	19	夢は大きく持っていた方が	
1	14	19	それにきっと、会長さんの	
1	13	19	ぜんぜん怖くないんです。	
1	13	19	こちらから掘ると、むしろ	
1	16	19	救出が来ることを信じて、	
1	15	19	見送りに来なかったから、	
1	16	19	天気予報もバッチリだよ。	
1	13	19	ははは、お任せください。	
1	16	19	でも、大抵失敗するカニ。	
1	14	19	じゃあ、全部ヤラセ・・・	
1	16	19	ちゃんと練習に集中しろ！	
1	15	19	その石で、靴の裏についた	
1	13	19	犬のフンをぬぐっていた。	
1	13	19	おいおい、見てたのか？！	
1	15	19	ちゃんに好意持ってるから	
1	15	19	そして、この美しい肉体の	
1	13	19	なって来たんじゃないか？	
1	16	19	自衛のための習慣である。	
1	12	19	そのうちのぞいてみるか。	
1	15	19	それの退治を任された。）	
1	12	19	いいんじゃないですかね？	
1	14	19	用意しておいてください。	
1	17	19	料理の作り方を見てるの。	
1	16	19	いま試供品配ってるんだ！	
1	13	19	いっぱい持っていきなよ！	
1	12	19	ファンデーションだって。	
1	14	19	ののスナック菓子だって。	
1	16	19	いや、実力は見事だった。	
1	14	19	俺たちの見えないところで	
1	13	19	キャプテンはお前がやれ、	
1	12	19	キャプテンはアンタだよ。	
1	14	19	アンタの言うことに従う。	
1	12	19	いったい、なんのために。	
1	15	19	さっさと練習に行こうぜ！	
1	15	19	気合を入れてがんばろう！	
1	12	19	あはっ、あははははははっ	
1	12	19	あはっ、あは、あは・・・	
1	14	19	一体、どうなってるんだ？	
1	13	19	お決まりになりましたか？	
1	16	19	振興会の人がいるかどうか	
1	14	19	タダで出せるモノ探すよ。	
1	14	19	い・・・遠慮しておくよ。	
1	13	19	あったような気がするぞ。	
1	14	19	役どころって聞いたんだ。	
1	12	19	ここにバットがあります。	
1	14	19	あなた野球するのですか？	
1	15	19	あなたに野球を教えます。	
1	15	19	って、おい、大丈夫か！？	
1	12	19	わかってなかったのか！？	
1	18	19	お前も他の連中に遠慮する	
1	17	19	ワシが留守の時に、息子が	
1	12	19	やつにはなりたくない。」	
1	14	19	それは結構なことだけど、	
1	15	19	どういう風の吹き回しだ？	
1	16	19	この美しい肉体を見ろー！	
1	14	19	そろそろ話を進めてくれ。	
1	13	19	見えないじゃないかー！！	
1	16	19	いや、操作を間違えたか？	
1	14	19	ほら、車が多いから・・・	
1	14	19	あの時なんで犬をほうって	
1	12	19	ありゃバットじゃないか。	
1	12	19	いくらなんでも、ちょっと	
1	15	19	こっちは使ってない部屋を	
1	13	19	貸してるだけなんだけど。	
1	15	19	部屋を貸してるだけなの？	
1	13	19	やっぱりちょっと変かな。	
1	15	19	さん、今日は遅いですね。	
1	12	19	・・・まあ、いい・・・・	
1	14	19	じゃあ、あれだけは一人で	
1	14	19	その間に休んでおくから。	
1	15	19	カレーそのものは一種類で	
1	15	19	まあ、他のお店に比べれば	
1	14	19	でも、カレーの仕込みって	
1	14	19	ウチは余裕ないんですよ。	
1	16	19	部屋の入り口をふさげば、	
1	14	19	ちょうど今、終わったよ。	
1	15	19	一度、なんだかこんな風に	
1	13	19	本におこしておかないと。	
1	16	19	さんに事情を打ち明けて、	
1	13	19	クリスマス前のあたりか。	
1	15	19	お母さんも心配してるよ。	
1	13	19	を見なかったでやんすか？	
1	13	19	いや、見かけなかったな。	
1	12	19	おもいきりつまづいたよ。	
1	12	19	・・・・・・そういえば、	
1	16	19	一転して悪者はこっちだ。	
1	17	19	のヤツ、大風呂敷を広げて	
1	14	19	仲良くなっておくんだな。	
1	15	19	ヒいあ、仕事終わったの？	
1	12	19	それは、もののたとえよ！	
1	16	19	あいつに色目使ってる男を	
1	16	19	ほら、無駄口叩いてねえで	
1	13	19	ブラブラしてるだけの人？	
1	14	19	なんかこうやって寝転んで	
1	13	19	いろいろ考えちゃうよね。	
1	17	19	でも自分の未来を考えると	
1	15	19	夢がダメになった時、私は	
1	15	19	深い所に落ちていきそう。	
1	13	19	夢がかなわなくなったとき	
1	16	19	・・・見事な仕事ですね。	
1	13	19	売れないじゃないですか。	
1	12	19	オイラもなかよくしたいと	
1	14	19	これ以上にめでたいことが	
1	15	19	恐怖を隠そうとしている。	
1	15	19	母ちゃんの顔を見たとたん	
1	15	19	ひどく危険な犬でやんす！	
1	12	19	かっこいいでやんすーー！	
1	14	19	メンバーの溜まり場でね。	
1	14	19	遊びに来てるだけなんだ。	
1	12	19	さっきからなにをコソコソ	
1	13	19	教えていただけませんか？	
1	16	19	そもそも条例に違反しても	
1	12	19	ゆっくりしていきなさい。	
1	13	19	もっと強くなるだろうし。	
1	17	19	お客さんに出す時の手順は	
1	12	19	・・・あ、ごめんなさい。	
1	13	19	と思うと、ショックだよ。	
1	12	19	わかったわけですし・・・	
1	17	19	自然に興味を持つように、	
1	16	19	銀行に預けに行くところを	
1	12	19	でも、これまでもなんとか	
1	15	19	目をそむけたって、現実は	
1	16	19	」をとって時間を回復！）	
1	14	19	あんまり意味がないような	
1	14	19	しかも元の水にはあらず。	
1	13	19	オイラ、いつも母ちゃんに	
1	15	19	相手にわかりやすく話せと	
1	12	19	たしかにそうかもしれぬ。	
1	16	19	自分を偉そうに見せるのは	
1	13	19	わかりやすいしゃべり方を	
1	16	19	練習に参加するでやんす！	
1	13	19	がこの町にやってきた。）	
1	13	19	このチラシを見てくれよ。	
1	12	19	どういうわけかスーパーも	
1	12	19	もうかるんじゃないのか？	
1	14	19	行かないと思うんですよ。	
1	12	19	メリットはないでしょう。	
1	15	19	根性が曲がってるんだよ！	
1	14	19	ひどいだろ、赤ん坊だよ？	
1	16	19	お前一人の力でここにいる	
1	12	19	はい、ティッシュどうぞ。	
1	17	19	・・・商店街の真ん中で、	
1	12	19	そこまでさせられないよ。	
1	12	19	バイト、がんばってくれ。	
1	13	19	う～む、怪しいでやんす。	
1	13	19	ような気がするでやんす！	
1	15	19	突然現われたでやんすね。	
1	14	19	みんなそういう甘い考えで	
1	14	19	銃で撃たれまくってたけど	
1	13	19	見てられなかったカニよ。	
1	15	19	まったく、低脳は困るよ！	
1	13	19	それで、今ケンカになった	
1	16	19	直接の原因はなんなんだ？	
1	15	19	それはまた哲学的な・・・	
1	14	19	死ぬために産まれたんだ！	
1	15	19	死を覚悟して、それまでに	
1	17	19	安いもので、野球の練習に	
1	15	19	また挑戦しに来なさいよ。	
1	14	19	趣味みたいなもんだから。	
1	14	19	給料をもらっているのか。	
1	14	19	じゃあ、何を食べてるの？	
1	17	19	そうだ、お前の携帯電話に	
1	15	19	前にここで働いていた奴に	
1	14	19	お仕事がんばってますか？	
1	16	19	音声ファイルを検索すれば	
1	21	19	地図の入手も現在地確認も	
1	14	19	他のサイボーグと違って、	
1	15	19	もっと自信を持っていい。	
1	17	19	の帽子をかぶった小学生？	
1	15	19	どうやら野球帽のようだ。	
1	17	19	試合の申し込みが来たよ。	
1	12	19	わざわざこちらのチームを	
1	18	19	劇場代に機材レンタル代、	
1	15	19	その知略を生かしてくれ。	
1	12	19	・・・ん、どうしたんだ？	
1	15	19	実力を見せてもらおうか。	
1	16	19	練習メニューは次回までに	
1	14	19	さんが中心になって・・・	
1	14	19	だから、世の中のどこかに	
1	12	19	あまりよくはないですが、	
1	13	19	ちゃんと終わらせるカニ。	
1	14	19	急に色づいてきたカニよ。	
1	13	19	あまり残っていないのか？	
1	13	19	夢みたいなものカニねぇ。	
1	13	19	別に、どうでもいいカニ。	
1	12	19	いそういうものなのかな。	
1	17	19	技術的には問題ないカニ。	
1	16	19	今日はここで失礼します。	
1	13	19	はぁ～～～腹へったなぁ。	
1	15	19	参ったな、お見通しかよ。	
1	12	19	なんだかおかしいですよ、	
1	16	19	外から来た連中だからな。	
1	14	19	自分でやりゃあいいのに。	
1	17	19	昔、河川敷の石をひろって	
1	15	19	僕、緊張しちゃうなぁ～。	
1	12	19	きっとビックリしまーす！	
1	19	19	大都市の上空で被弾して、	
1	14	19	パイロットは脱出したが、	
1	15	19	口封じで殺されないように	
1	12	19	・・・あら、これはなに？	
1	12	19	バッティングマシンです。	
1	16	19	３球中、１球でも打てたら	
1	14	19	たまには役に立つのねぇ。	
1	15	19	今は役に立ってるでしょ。	
1	15	19	みんな顔見知りだからね。	
1	14	19	ちゃんの姿が見えないな。	
1	12	19	あたしにはわからないよ。	
1	12	19	そ、そんなことないって！	
1	13	19	・・・ずっと正しくなんて	
1	12	19	いいんじゃないんですか？	
1	15	19	監督は、どう思われます？	
1	13	19	今はチームが１つですから	
1	15	19	ムカツク野郎だぜ、お前は	
1	13	19	感じてしまうじゃないか。	
1	14	19	いずれにせよ、先の話だ。	
1	12	19	キャプテンだったからな。	
1	17	19	俺たち助っ人も必要ない。	
1	13	19	勝てないかもしれないぜ。	
1	17	19	次の試合は必ず勝とうぜ。	
1	13	19	こっそりと帰るでやんす。	
1	14	19	それが目当てでやったの？	
1	14	19	一休みしたくなったんだ。	
1	15	19	いつまでも、俺の着替えで	
1	13	19	使えるようになりました！	
1	18	19	発動に一日消化しますが、	
1	16	19	まもなく会社が倒産した。	
1	14	19	あの犬が立ちふさがった。	
1	14	19	気にしない、気にしない。	
1	15	19	それより、大丈夫なのか？	
1	14	19	親が出ていったていうのも	
1	13	19	気のせいかもしれないけど	
1	15	19	川の水が割けたでやんす！	
1	14	19	少しだけお見せしました。	
1	16	19	お兄さんの事見直したか。	
1	15	19	あれは水でもどして市販の	
1	12	19	チャレンジしてみるから。	
1	14	19	・・・見た目はともかく。	
1	14	19	だから、見捨てないでね？	
1	13	19	ずいぶん経ってるし・・・	
1	14	19	結婚してなかったらなぁ。	
1	15	19	対抗していこうって時に、	
1	14	19	大変なことにならないか？	
1	17	19	今日は配達、多かったね。	
1	16	19	仕事手伝ってくれている、	
1	15	19	ついでに風呂にも入って、	
1	14	19	みんなも練習しているな。	
1	12	19	グラウンドがあるだろう？	
1	14	19	町おこしに使えないかな？	
1	15	19	全部食べきれないからさ。	
1	14	19	でも、母ちゃんに話したら	
1	14	19	この間の奴らじゃないか！	
1	14	19	僕たちは、あんたと違って	
1	15	19	ちゃんと交番に届けるさ。	
1	13	19	また、何かありましたら、	
1	14	19	だから、あのお金を見て、	
1	14	19	自分のものにしようかと、	
1	13	19	そこに動かしておくんだ。	
1	14	19	はずれたら見逃すぐらいで	
1	13	19	タイミングで振ってくる。	
1	17	19	３球目、内角低めフォーク	
1	13	19	混ぜてみたりするわけだ。	
1	16	19	頭を使う必要があるかな。	
1	13	19	いや、家はないんですよ。	
1	16	19	じゃあ、家族とか親戚は？	
1	13	19	きちんと治しましょう。）	
1	14	19	あはは、考え過ぎだって。	
1	13	19	まあ、仮にそうだとしても	
1	16	19	悪意はないから安心して。	
1	13	19	とりあえず、お茶しない？	
1	15	19	一冊も読んだことないよ。	
1	16	19	ソフト自体は市販されてる	
1	12	19	とりあえずやってみるよ。	
1	14	19	成長するんじゃないかな。	
1	14	19	ちょっと電話してみてよ。	
1	13	19	よかったら、持ってって。	
1	13	19	泊まっていかれませんか？	
1	13	19	思っていたのですけれど。	
1	13	19	ちゃんと忘れてないから。	
1	15	19	時給が安すぎるでやんす！	
1	12	19	ストライキするでやんす！	
1	16	19	君は正社員じゃないから、	
1	13	19	まがい物がなりたかった、	
1	14	19	君がそう言ったんですか？	
1	15	19	そりゃ、その格好を見たら	
1	16	19	植え付けることも出来る。	
1	14	19	で、成仏できそうなのか。	
1	13	19	助けるってことなんだな。	
1	14	19	助けることが償いになる。	
1	14	19	で・・・未練はないのか？	
1	14	19	もっと野球をしたいとか、	
1	15	19	奥さんと子供によろしく。	
1	14	19	みんなに別れも告げずに？	
1	18	19	所詮は一時の夢に過ぎん。	
1	15	19	こういう時だけは、自分に	
1	14	19	ちょっと量が多くて・・・	
1	13	19	じゃあ喜んでいただくよ。	
1	17	19	勝手に人の親を殺すなよ！	
1	12	19	いたた、なんだいったい？	
1	13	19	たくさん来てくれてるよ。	
1	13	19	だから今、がんばることが	
1	12	19	やってもらえばいいんだ。	
1	12	19	オレがやることになった。	
1	13	19	言ってたらしいけど、な。	
1	15	19	俺みたいな素人がやるより	
1	15	19	もう友達って感じだよな。	
1	12	19	いやこれがすごいんだよ。	
1	12	19	それだけじゃないんだぜ。	
1	15	19	いいや、絶対に使えない！	
1	13	19	・・・見せてやらないぞ？	
1	16	19	変わった芸名付けてるな。	
1	12	19	さん、それはやめてくれ。	
1	13	19	いつかは解けてしまうぞ。	
1	17	19	が魔法を唱え続ける限り、	
1	18	19	監督も行方不明だし・・・	
1	14	19	参加してあげるでやんす！	
1	16	19	前回よりは余裕があるな。	
1	12	19	エチュードでもしてみる？	
1	13	19	わかってきた気がするよ。	
1	14	19	それは勘弁してほしいな。	
1	15	19	ちゃんは人格が変わるな。	
1	12	19	あはははは、あたしってば	
1	13	19	あんたについて行ったって	
1	12	19	がんばってもらったのに、	
1	14	19	どうやら、外に巣があって	
1	17	19	殺虫剤を噴射しましょう。	
1	15	19	殺虫剤をかけましょう。）	
1	14	19	見た目は、まあまあかな？	
1	12	19	よろしくおねがいします。	
1	16	19	お前、仕事に来たんだろ？	
1	15	19	あたしは学校に行くから。	
1	15	19	先に教えて欲しかったな。	
1	12	19	あたしそそっかしいから。	
1	15	19	でも、本当に助かったわ。	
1	14	19	あるのは、最新のプラモや	
1	15	19	なら、何か情報があれば、	
1	18	19	順番を待つのも遊園地だ。	
1	13	19	君、いいかげんにしないと	
1	13	19	どうぞ、お入りください。	
1	15	19	必殺技がいるんでやんす！	
1	14	19	すぐに開発するでやんす！	
1	14	19	そういう派手なものよりも	
1	15	19	握り方を変えてみたんだ。	
1	15	19	明日までに考えておくよ。	
1	16	19	無料送迎バスですって？！	
1	17	19	あの風来坊に色目を・・・	
1	13	19	気にするな、そんなもん。	
1	19	19	結局、試合に勝つ以外には	
1	14	19	本当によろしいんですか？	
1	15	19	一昔前のビデオカメラだ。	
1	12	19	ビデオデッキは、チームの	
1	12	19	まあ、フォームチェックに	
1	16	19	練習試合だったんですか？	
1	13	19	おい、どこへ行くんだよ。	
1	15	19	先に失礼させてもらうぞ。	
1	15	19	いつまでこの町で野球を？	
1	14	19	ちょっと注意してやろう。	
1	13	19	教えてもらったでやんす。	
1	14	19	久しぶりに見たでやんす。	
1	14	19	実はあたしもここで、車に	
1	13	19	見つかってないんですか？	
1	14	19	ウチは余裕ないんだから。	
1	15	19	気が向いたときに来ます。	
1	14	19	を手伝うことができます。	
1	18	19	いま商店街にある店は全部	
1	16	19	に払うテナント料次第ね。	
1	14	19	ことになるのも不安だし。	
1	14	19	痛い目にあわせられない。	
1	15	19	マスコミに言い訳が立つ。	
1	13	19	考えているにちがいない！	
1	12	19	ちくしょう、こうなったら	
1	17	19	は、野球で商店街をつぶす	
1	19	19	その、駅前の土地を再開発	
1	16	19	完全勝利をあげてやるぜ！	
1	14	19	楽しくなってきた感じだ。	
1	12	19	じゃあ、しょうがないね。	
1	14	19	これからも、気が向いたら	
1	14	19	図に乗ってんじゃねぇよ！	
1	12	19	いったい、なんのことだ。	
1	13	19	それよりも、どうやら俺は	
1	15	19	彼らのなにか大事なものを	
1	13	19	傷つけてしまったようだ。	
1	15	19	練習にはしっかり来てね。	
1	12	19	、その「やんす」ってのは	
1	15	19	さんも、一緒に行かない？	
1	15	19	お弁当を出しましょうね。	
1	16	19	料理は上手なんでやんす！	
1	13	19	、「やんす」って言うのは	
1	13	19	寄っていきたいんだけど。	
1	13	19	ん～～～、なんて言うの？	
1	12	19	そう、ロマンよ、ロマン！	
1	12	19	はやめとけばよかったな。	
1	18	19	俺たち商店街の人間だけで	
1	14	19	勝てないって言うのかよ！	
1	17	19	明日、紅白戦をするんだ。	
1	17	19	は、本番に音の操作したり	
1	14	19	それから宣伝をしてくれる	
1	13	19	言ってくれるんだからな。	
1	18	19	はい、映画の鑑賞券２枚。	
1	15	19	実は、さっきそこの福引で	
1	14	19	変更になったんだってさ。	
1	14	19	わがままな大人でやんす。	
1	13	19	あそこはガードが固すぎて	
1	12	19	なにもないみたいだけど。	
1	17	19	（この先、時間制限のある	
1	15	19	流星がデータの流れだよ。	
1	14	19	サイボーグの開発のために	
1	15	19	来年で、やっと１０歳か。	
1	13	19	どんな目にあわされるか、	
1	14	19	ロマンチックな場所だな。	
1	13	19	・・・ちょっと寒いけど。	
1	14	19	まだ大変だけど、もうすぐ	
1	12	19	わたしにくれたじゃない。	
1	12	19	とてもつらいものなんだ。	
1	16	19	家を持たない、流れ者さ。	
1	15	19	ははは、まあ外の世界じゃ	
1	16	19	目の前にもう一人いるぞ。	
1	14	19	気楽にやればいいんだよ。	
1	14	19	あ、プロデューサー先生！	
1	13	19	さんが作ってくれたんだ。	
1	12	19	だいたいわかってたよ。）	
1	13	19	変わってるでやんすねぇ。	
1	12	19	オイラのことでやんすか？	
1	13	19	あんたよりオイラの方が、	
1	14	19	はるかに年上でやんすよ。	
1	13	19	似ていたものだから・・・	
1	13	19	いやあ、久しぶりだなぁ。	
1	19	19	敵なしの大活躍で地方紙や	
1	17	19	野球テーマの商店街として	
1	16	19	本当のことを言うと、私も	
1	15	19	商店街がつぶれてしまえば	
1	16	19	この抜け道のことも情報は	
1	17	19	他の人たちは、同じ条件で	
1	12	19	いずれにせよ、「それ」を	
1	13	19	あなたが抱えていかないと	
1	14	19	想像したことありますか？	
1	13	19	まだ甘えていたんですね。	
1	12	19	オレもどうしようかなぁ。	
1	13	19	うまく行くかもしれない。	
1	14	19	なんかやる気出てきたぞ！	
1	16	19	おじちゃん、昨日お風呂に	
1	13	19	しばらくしたら帰ってね。	
1	15	19	ちょっと無防備すぎだな。	
1	13	19	この町もさびしくなるよ。	
1	13	19	行かなきゃならんのかね？	
1	14	19	でやんすけど、１０年後は	
1	14	19	さんを探し出すでやんす！	
1	13	19	なにを隠してるんだろう？	
1	14	19	カードを使用できるんだ。	
1	14	19	関係ないんじゃないのか？	
1	15	19	お前もオレが邪魔だろう。	
1	12	19	おみくじコリントゲーム。	
1	16	19	野球しかないと確信した。	
1	14	19	面白そうなプランですね。	
1	13	19	これは必ずうまくいくぞ！	
1	19	19	商店街は一心同体ですね。	
1	14	19	さん、練習がんばってよ。	
1	12	19	そ、そりゃあ、もちろん！	
1	14	19	たしかに、もっと練習して	
1	18	19	って本当に甲子園に行った	
1	19	19	自分を助けた水泳部の男に	
1	13	19	冷たくなってきてさぁ～。	
1	14	19	いや、俺もそれは考えた。	
1	13	19	笑っていいところなのか？	
1	16	19	お前の事情はよく判った。	
1	14	19	よく勉強しておかないと。	
1	17	19	あなた、主人公の気持ちが	
1	15	19	感情も流れたまんまだし。	
1	15	19	そんなんで舞台に立ったら	
1	15	19	初舞台かもしれないけど、	
1	12	19	わからないことなんだから	
1	15	19	は、いつも本番が近づくと	
1	13	19	もう、みんな知ってるよ。	
1	14	19	ちゃんも俺は好きなんだ。	
1	14	19	呼び込みたいそうなんだ。	
1	15	19	それで、ここで一週間ほど	
1	16	19	宣伝とチケット販売には、	
1	16	19	怪傑とぐろ金属バット！！	
1	14	19	時間がかかりすぎるだろ！	
1	13	19	よし、これで決まりだな。	
1	14	19	店の方よろしくたのむな。	
1	16	19	朝はすぐに学校に行くし、	
1	14	19	ずっと白紙のままなのよ！	
1	12	19	こうしているじゃないか！	
1	13	19	ずっとあたしの側にいて！	
1	16	19	ここの商店街を気にかけて	
1	17	19	正義の味方って呼んでも、	
1	15	19	悪い影響がありますから。	
1	18	19	次なる課題は、道の整備と	
1	14	19	我には等しきものならん。	
1	18	19	我が忠言は、我の知恵より	
1	13	19	あふれ出でたるものなれば	
1	13	19	あまりあてにはしない方が	
1	15	19	いざ、次の地へ向かわん。	
1	15	19	まあ、昔の知り合いかな。	
1	16	19	基礎練習からやってみる？	
1	20	19	腹筋運動と背筋運動とか。	
1	14	19	（・・・すごい大声だ。）	
1	17	19	じゃあ、次は発声練習ね。	
1	12	19	できるようになるからね。	
1	16	19	今日は疲れたと思うけど、	
1	14	19	・・・次は負けないぞ。）	
1	12	19	そろそろクリスマスよね。	
1	12	19	って、そんなことより？！	
1	14	19	もう無理みたいなの・・・	
1	12	19	いけないことがあるんだ！	
1	12	19	・・・・それでも・・・・	
1	13	19	スーパーに行くでやんす！	
1	14	19	は目玉イベントなんだよ。	
1	15	19	ちゃん、少し体起こして。	
1	14	19	が居てくれて助かったよ。	
1	14	19	それに劇団もやってるし。	
1	15	19	わたしからお芝居取ったら	
1	19	19	警察か自衛隊の仕事だろ？	
1	13	19	あんまり俺をバカにすると	
1	12	19	ちょんぎっちゃうカニよ。	
1	16	19	任務失敗だカニーーー！！	
1	15	19	俺、勉強もできなかったし	
1	12	19	アトラクションだったよ。	
1	14	19	くんが事故にあっちゃった	
1	13	19	・・・いくら話しあっても	
1	15	19	くん、本気で言ってるの？	
1	15	19	公演する気じゃないよな。	
1	15	19	だんだん人気も出てきて、	
1	14	19	もう三日しかないんだぞ。	
1	13	19	それくらいのお金は・・・	
1	12	19	ローンはきくでやんすか？	
1	12	19	キープしてくれでやんす！	
1	17	19	手に入れる為なら、手段は	
1	12	19	どうでもいいんでやんす！	
1	14	19	確かに見せてもらったぜ。	
1	13	19	もうお金ないんでやんす！	
1	14	19	この本が入っていたのだ。	
1	12	19	あの・・・それじゃ・・・	
1	17	19	私は、北極支店なんだぞ！	
1	15	19	何冊か入ってたでやんす！	
1	14	19	「ワンプース」は一冊でも	
1	12	19	には、もっとちゃんとした	
1	14	19	あなたが大人になるまで、	
1	15	19	今までで一番よかったよ。	
1	14	19	すごい人が来てるんだぜ！	
1	13	19	まあ、あの２人はいいや。	
1	12	19	・・・それよりあいつだ。	
1	12	19	・・・おまえにとっては。	
1	16	19	ダチョウ牧場と契約して、	
1	12	19	ナイスなアイデアですわ！	
1	13	19	しかも、逃げたダチョウが	
1	16	19	今日はダチョウの世話か？	
1	13	19	さては、お前のしわざか。	
1	17	19	誰か車だ、車持って来い！	
1	16	19	爆弾や車などに気をつけて	
1	15	19	逃げたダチョウが大暴れ！	
1	15	19	警察に怒られてしまって、	
1	14	19	今は、しばらく黙ってろ。	
1	14	19	野球では、どうでしょう。	
1	15	19	今から反撃するところだ。	
1	13	19	ありえない値になってる。	
1	15	19	同じ処置がされてるわけ。	
1	18	19	周囲の雰囲気が変わった！	
1	15	19	現実に戻ってこれたのか。	
1	12	19	・・・どっこいしょっと。	
1	16	19	あんた無神経な男だよな。	
1	14	19	ただ前の男がいなくなって	
1	17	19	（２人とも車道の真ん中で	
1	14	19	さっさと練習してこいよ。	
1	16	19	君、劇団に戻ってきてよ。	
1	14	19	そんな格好でうろつくな。	
1	12	19	まあ、それでもいいけど。	
1	15	19	軍事用サイボーグなのよ。	
1	15	19	いたから、この町に架空の	
1	15	19	」って存在を作ったんだ。	
1	12	19	これからどうするつもり？	
1	13	19	止まらなくなっちゃって。	
1	16	19	今日も一緒にがんばろう。	
1	12	19	あわせてやるものだから、	
1	16	19	立ち入り禁止であります。	
1	16	19	今朝方、誰もいないときに	
1	13	19	入っちゃダメであります！	
1	14	19	話を聞きたがってるんだ。	
1	14	19	、大変なことになったな。	
1	16	19	昨日の芝居、オレこっそり	
1	14	19	しかしよく頑張ったよな。	
1	18	19	演出、役者と４人も抜けて	
1	13	19	・・・なんか空しいよな。	
1	12	19	それがよくわかっただろ？	
1	13	19	ゴミみたいなモン食って、	
1	13	19	だから、火をつけたのね。	
1	13	19	なんだか疲れちゃったよ。	
1	15	19	あんたが金を振り込むのを	
1	17	19	さあ、地下通路に行くぞ。	
1	13	19	お前、ここにいたんだな。	
1	13	19	だが、オレはお前のことを	
1	14	19	何にも知らねぇんだよな。	
1	12	19	いつからそこにいたんだ？	
1	14	19	ロマンについて勉強しろ。	
1	14	19	３０分もすれば、虫たちは	
1	18	19	風来坊さん、大丈夫かな。	
1	17	19	手始めに、この商店街だ。	
1	12	19	しばられるものなどない！	
1	14	19	いや、俺には難しすぎる。	
1	14	19	この前みたいに倒れるぞ。	
1	14	19	ちょっと待て、今から？！	
1	15	19	あら、別に普通にしてたら	
1	15	19	食べることに集中するぞ！	
1	12	19	じゃあ、あたしがしばらく	
1	12	19	まあ、しょうがないよね。	
1	13	19	誰かとケンカでもしたの？	
1	14	19	あのスーパーが出来てから	
1	14	19	アンタがいれば心強いね。	
1	13	19	教えてやってくれたまえ。	
1	15	19	ほら、初日に来てただろ？	
1	12	19	いけないんじゃないのか？	
1	14	19	助けに行くべきだったか。	
1	13	19	だけど、もっと知りたい。	
1	14	19	でも、あいつに利用されて	
1	15	19	絶対に夢をかなえられる。	
1	16	19	好き勝手に言いやがって。	
1	12	19	いつもだったらあんなヤツ	
1	13	19	あんなのに頼らなくても、	
1	15	19	俺たちも応援してやろう。	
1	17	19	俺は音楽に興味はないし。	
1	13	19	さんのピアノが聴けるなら	
1	14	19	ひ～まならボ～クの練習に	
1	15	19	本当にどこに行ったんだよ	
1	13	19	なんとなく思えないしな。	
1	14	19	ボ～クの問題だからね～。	
1	12	19	さんのメインデバッグです	
1	15	19	ドジっ娘メイドとは意外と	
1	14	19	き何を読んでるの？その１	
1	14	19	手伝わなくてもいいよな）	
1	12	19	あれ～？ケガしてるの～？	
1	14	19	の役には立つんだろうな。	
1	15	19	何の役に立つかわからん。	
1	14	19	というかもしかして全巻、	
1	14	19	呼び止めてすまなかった。	
1	12	19	ジャンルはファンタジー。	
1	17	19	確かに今日は聖夜だけど、	
1	13	19	よろしくお願いしま～す。	
1	12	19	きゃあああぁぁぁぁぁぁ！	
1	12	19	かもしれないけどね～。）	
1	16	19	の恐怖バッティング練習に	
1	13	19	そう言ったらいいんだな。	
1	12	19	におごってもらいました）	
1	15	19	手当てしながら待ってる。	
1	14	19	まあ、でも頑張ってたし。	
1	12	19	これはおもしろかったぞ。	
1	14	19	気がするのは気のせいか？	
1	15	19	体だけが目的だったのね！	
1	14	19	またタダ飲みしに来たの？	
1	14	19	まあ、そこは開き直ろう。	
1	16	19	精一杯走ったんだけどな。	
1	15	19	走って腹が減ったからな。	
1	12	19	アッハッハッハッハッハ！	
1	14	19	あの草入れすぎたのかな？	
1	16	19	これは玉乗りの練習さ～。	
1	13	19	だから紙とペンなんだな。	
1	17	19	それでご主人様には遺書を	
1	15	19	さんも願い事を書きなよ。	
1	14	19	食べてたって言ってたし。	
1	14	19	コーヒー代払ってるだろ。	
1	15	19	私も餌付けしてみようかな	
1	15	19	い俺はそんな人間じゃない	
1	17	19	寝てる時は無防備だから、	
1	14	19	起きてる時がカッコイイと	
1	12	19	どっちもかわいいでいい。	
1	15	19	結構、話をしたりするの？	
1	14	19	よりは仲良くないんだね。	
1	14	19	、今日もここにいるのか。	
1	13	19	なぜか逃げられたからな。	
1	12	19	じゃなくて・・・・・・・	
1	16	19	君の鞄の中に入っておく。	
1	14	19	上手いわけじゃないよ～。	
1	16	19	と守備練習をしました？）	
1	13	19	これは私からのおごりで。	
1	15	19	好きな物、頼んでいいよ。	
1	14	19	こんなに不安なのだろう）	
1	15	19	言われる筋合いはないさ。	
1	15	19	さんを倒して、この学校を	
1	14	19	さんの為にいろいろな物を	
1	15	19	楽になる要素があるんだ？	
1	14	19	きっと何かが起こるから。	
1	14	19	自分でなければならない。	
1	14	19	耳まで遠くなりましたか？	
1	14	19	語尾がピエロになるのか？	
1	14	19	それとも俺と離れるのか。	
1	13	19	早くしないとバッテリーが	
1	16	19	俺の体に電気をよこせよ！	
1	13	19	なんで口でウイーーンって	
1	14	19	君が言ってくれたように、	
1	16	19	貴方と一緒に・・・・・。	
1	15	19	お水を用意いたしました。	
1	14	19	の力で叶えただけじゃん。	
1	13	19	おいしそうに食べてるね！	
1	16	19	眼科に行った方がいいよ。	
1	14	19	も、もちろん、その場合、	
1	15	19	なっちゃうから、結局俺が	
1	12	19	それじゃあ、ダメだろう！	
1	13	19	さんが怒ってしまうような	
1	12	19	ただのバカならいいけど、	
1	15	19	さんが適当に謝ってるって	
1	14	19	その時に私はどうしてる？	
1	14	19	ううん、あと半年でいい。	
1	15	19	それが私の仕事ですから。	
1	14	19	さんなら本を読んでいると	
1	13	19	あれぐらい食べそうだし。	
1	14	19	行こうと思ってるんすよ！	
1	19	19	体育会系でも文化系でも、	
1	14	19	普通のコーヒーをよこせ！	
1	16	19	将来は不安じゃないのか？	
1	15	19	さんのコーヒー以外の物も	
1	13	19	なんだか読んでるだけで、	
1	14	19	何にもしないと思ったら、	
1	13	19	いま読んでるページって、	
1	13	19	さんも筋トレやってみる？	
1	14	19	いつも手を引いてくれる。	
1	17	19	何で突然無視するんだよ！	
1	13	19	おかしな事をしているぞ。	
1	13	19	しないといけない日だよ。	
1	12	19	というわけで、いつもの。	
1	14	19	愛が感じられないですよ！	
1	13	19	コーヒー持ってきてくれ。	
1	13	19	しているようにも見える。	
1	16	19	案外、私達に・・・・・・	
1	13	19	准ちゃん・・・・・・・。	
1	17	19	やってる事は無茶苦茶だ。	
1	14	19	新しいのをお注ぎしますね	
1	15	19	こんな物を客に出すな！！	
1	14	19	寝ないで読んでるみたい。	
1	13	19	気のせいか・・・・・・。	
1	15	19	別に何でも構わないだろ。	
1	16	19	今日ぐらいは上に立たせて	
1	13	19	。気にしなくてもいいぞ。	
1	14	19	それで何を買ってきたの？	
1	14	19	絶対になくならないから。	
1	14	19	いるから、頑張ろうかな。	
1	12	19	というかアレってなんだ？	
1	13	19	全てにめんどくさそうで、	
1	17	19	さんが貴方を気にする理由	
1	16	19	ご自由にできるお時間は、	
1	13	19	どんな繋がりなんだろう？	
1	15	19	さん。昼食はなに食べる？	
1	15	19	他に何かご用はありますか	
1	17	19	そんな特殊能力を持ってる	
1	14	19	さんがこの店に来なかった	
1	15	19	さんが居ないこの部屋で、	
1	14	19	連れて行きそうだもんね。	
1	14	19	さんだって大人なんだし、	
1	14	19	考え過ぎかもしれないな。	
1	12	19	いいんじゃ・・・・・・。	
1	12	19	これまでもそうだったし。	
1	14	19	さんは本を読んでるけど。	
1	16	19	お前が一人で作ったのか？	
1	12	19	レディーとかじゃなくて？	
1	15	19	いつ学校に行ってるんだ？	
1	16	19	少し行けば卒業できるの。	
1	14	19	ように設定されてるから。	
1	12	19	だからそんなのナイから。	
1	15	19	家に帰る事ができたんだ。	
1	15	19	君は野球をしているのか？	
1	16	19	今日も元気にダメしてる？	
1	16	19	どういう意味だ！失礼な！	
1	18	19	貴方の物語を私に教えて。	
1	14	19	何かなんて見てないもの。	
1	15	19	さんは鞄を持ち歩かない。	
1	14	19	皆に喜んでもらえるんだ。	
1	14	19	がチームに加入しました）	
1	12	19	めんどくさがりやなのか、	
1	15	19	俺にはそんな趣味はない。	
1	14	19	は服が作れるんだったな。	
1	14	19	時間ができたらいろいろと	
1	12	19	それはどんな・・・・・・	
1	17	19	本気で料理作れないんだ！	
1	13	19	ようにはなると思うけど、	
1	16	19	君に後で行くと言ったし、	
1	16	19	絶対勝てるとは言えない。	
1	16	19	カップが飛んだ瞬間の顔を	
1	13	19	食べればいいじゃないか！	
1	14	19	周りであれだけ騒いでも、	
1	15	19	なんかの動物の本でしょ？	
1	13	19	そんな顔をしないでくれ。	
1	12	19	なんとなくありそうだろ。	
1	16	19	すぐに機嫌も元に戻るよ。	
1	15	19	同じ事を言われそうだな）	
1	15	19	偶然、通りかかっただけ。	
1	14	19	さんを餌付けしているから	
1	16	19	さんが怒る理由は無いはず	
1	15	19	交換しようと思ってね～。	
1	15	19	それにこの鼻は自鼻だよ！	
1	16	19	しかも、微妙に生暖かい！	
1	14	19	お前、見てなかったのか？	
1	16	19	さんの背中を見つけて声を	
1	15	19	がお金を受け取ってたから	
1	12	19	これはストライクゾーン？	
1	15	19	僕の最高のプログラムを！	
1	12	19	このリアルワールドにも、	
1	15	19	パソコンの電源が切れた。	
1	15	19	俺は何も聞いてないけど。	
1	13	19	それは着ないとダメです。	
1	17	19	絶対に似合うと思うのに。	
1	14	19	それとも何か欲しいのか？	
1	13	19	教えないといけないのさ。	
1	14	19	確かにあれは恥ずかしい。	
1	16	19	何かくださいな。ご主人様	
1	13	19	はいとしか言えないよ～。	
1	15	19	の出会いはこの店だろう。	
1	15	19	上手くいかないって事に。	
1	15	19	きっと上手く行くはずだ！	
1	15	19	サーカス団の団員なのか？	
1	12	19	のボ～クにはたまらないと	
1	15	19	俺が渡す方じゃ・・・・・	
1	16	19	私の側で微笑んでくれた。	
1	12	19	というかタダなんだけど。	
1	16	19	四葉のクローバーの枝折。	
1	14	19	さんがくれた物に比べたら	
1	13	19	がフロアに居るんですね。	
1	13	19	戻られなかったんですか？	
1	16	19	もご実家の差し金ですか？	
1	16	19	だけど心優しい女の子だ。	
1	18	19	家のお嬢様以外にあれ程、	
1	15	19	お嬢様に頼まれたんだよ。	
1	13	19	その時にはまたコーヒーを	
1	16	19	素敵な曲でお願いします。	
1	13	19	いいのかも知れないけど、	
1	15	19	家で勉強してるんだもん。	
1	14	19	さんが真っ暗だからだね。	
1	14	19	が居たサーカス団のテント	
1	12	19	をしてもいいじゃないか！	
1	13	19	私はいろいろなものから、	
1	15	19	きっと解放されると思う。	
1	16	19	自由に飛び回ってるだけ。	
1	17	19	今日は試合を見てくれた？	
1	17	19	私には貴方が必要だから。	
1	16	19	お前が恋をした女の子って	
1	15	19	なんか上手だと言うか～。	
1	13	19	それを感じているのか？）	
1	16	19	がこの世界の神になる為に	
1	15	19	生まれ変わりって信じる？	
1	15	19	お前も絶対にハマるから！	
1	12	19	キャーー！！カワイイ！！	
1	14	19	さんと違って逃げないよ。	
1	15	19	泣いて、笑って、怒って、	
1	16	19	疲れている心にこれ以上、	
1	12	19	にアタックするわけだな。	
1	13	19	近づけなくなっちゃうの。	
1	15	19	喫茶店でバイトしてるわ。	
1	15	19	用意してくる。待ってて。	
1	12	19	カレーもなんとかなった。	
1	13	19	奴らのレベルが２５なら、	
1	12	19	どうするつもりなんだよ。	
1	13	19	シミュレーションって事は	
1	16	19	彼女を僕の物にできれば、	
1	12	19	ゴールドとかいそうだね。	
1	13	19	なんでも食べてくれるよね	
1	14	19	ちゃんに彼氏がいたなんて	
1	15	19	本当は知ってるクセに～。	
1	15	19	誕生日だってええええ！！	
1	14	19	浮かばないから同じだよ。	
1	14	19	何にも変わらなかったぞ。	
1	15	19	知らぬは本人だけだから。	
1	15	19	さんが自分で戻ったのなら	
1	16	19	私の友達を助けてくれて。	
1	15	19	さあ！私も頑張ろうっと！	
1	13	19	さんに負けないようにな。	
1	14	19	腰下ろしてやりたいんだ。	
1	16	19	そういえばご主人様方って	
1	18	19	部下の何気ない行動から、	
1	17	19	本当にあの人は私に甘い。	
1	17	19	君を縛っている物の正体を	
1	13	19	さん、まだ来てないのか。	
1	17	19	それに全体的に綺麗だし。	
1	15	19	一度だけ話してくれたの。	
1	15	19	悪い物でも食べたのかな。	
1	13	19	事はできないんですう～。	
1	15	19	大変な事になるだろうが！	
1	16	19	黒板に何か書いてあるぞ。	
1	13	19	燃えてるじゃないかっ！！	
1	12	19	もしかして、これやったの	
1	16	19	意味を間違えないように。	
1	16	19	「勇気」という名の羽を。	
1	13	19	でも、その前に・・・・・	
1	14	19	何を隠しているんですか？	
1	14	19	何も話していないのかな？	
1	14	19	何を言っているんですか？	
1	14	19	そんな冗談・・・・・・・	
1	12	19	いいわけないじゃないか！	
1	17	19	それは君達の世界の話だ。	
1	15	19	それは俺と今まで過ごした	
1	14	19	でも誰も聞いてくれない。	
1	15	19	羽一つも動かせなかった！	
1	15	19	人は進む事ができるんだ！	
1	16	19	俺達は地を歩いていける。	
1	13	19	しばらく休みなんだよな。	
1	13	19	なんか持ってきてやるよ。	
1	15	19	今、薬持ってきてやるよ。	
1	13	19	が、またレストランで働き	
1	13	19	・・・そうだ、違うんだ。	
1	12	19	それは・・・・・・・・・	
1	14	19	なんか、突然だったみたい	
1	14	19	新しいのも入ってるから、	
1	14	19	またすぐに、出て行くの？	
1	13	19	とにかく、お帰りなさい。	
1	15	19	私は、配送してもらおうと	
1	14	19	・・・お、ちゃんと綺麗に	
1	12	19	なるほど、なるほど・・・	
1	16	19	大変評価されております。	
1	15	19	やる気が湧いて来ますな。	
1	16	19	前日まで机に向かっていた	
1	13	19	何かあるんだよ、きっと。	
1	13	19	それって誉めてないよね。	
1	15	19	さんも、一緒に歌おうぜ。	
1	15	19	ほら、この前の人の事が、	
1	13	19	働いてるわけじゃないぞ？	
1	14	19	、そんな事言ってたかな。	
1	12	19	さんは、このレストランで	
1	13	19	働いてるわけじゃなくて、	
1	14	19	焼いた事がありましてな。	
1	14	19	さんは、何が観たいんだ？	
1	13	19	ちょっと通りかかったら、	
1	12	19	あ・・・うん、まあ・・・	
1	12	19	（ぐきゅるるる・・・・）	
1	14	19	そんな事だろうと思って、	
1	14	19	お父さんは、何してるの？	
1	13	19	ちょっと気になるけどな。	
1	15	19	何で、うちの店に来てんす	
1	12	19	おみくじコリントゲーム？	
1	15	19	こんな所で運を使うなよ。	
1	16	19	二人足せば吉くらいだろ。	
1	14	19	こっそり持ち出されてたら	
1	17	19	仕事の資料みたいな物は、	
1	13	19	あー、何もないんだった。	
1	12	19	いただけないでしょうか。	
1	12	19	寝つけないなあ・・・。	
1	14	19	練習する気になれないや	
1	13	19	アイテムが爆発したぞ。	
1	13	19	こっちも商売だからね。	
1	12	19	いるような気がするぞ。	
1	12	19	さすらいのナイスガイ編	
1	13	19	どうだ、俺の勝ちだな！	
1	11	19	いえ、なんでも～・・・	
1	15	19	試合で活躍しますから。	
1	14	19	今まで出来てるシーンを	
1	13	19	何かつかめて来てるよ。	
1	12	19	・・・そんな気がして。	
1	13	19	また後でかけ直すよ。）	
1	14	19	じゃあ、商店街のために	
1	11	19	ここにあるってことは、	
1	11	19	どこにいったんだろう？	
1	13	19	お前も腹へってるだろ？	
1	11	19	なんなんだ、あいつは？	
1	12	19	さあ、とっとと行こう！	
1	12	19	よろしくお願いするぜ！	
1	13	19	の隣にモノが増えてる。	
1	13	19	・・・すごい迫力だな。	
1	12	19	もう残っておりません。	
1	14	19	お弁当作ってみたんだ。	
1	13	19	学びたければ教えよう。	
1	11	19	ぜんぜんわからないし。	
1	13	19	教えて欲しいでやんす！	
1	13	19	警戒されちゃったから、	
1	11	19	じゃあ、オイラもアレ！	
1	12	19	よく言ってるでやんす！	
1	14	19	話しかけてくる人の数を	
1	12	19	あー、もう終わったか？	
1	13	19	青臭いことしやがって。	
1	15	19	人形の的に当てたので、	
1	11	19	あれ、いなくなったぞ？	
1	12	19	誰もいないんだなぁ～。	
1	13	19	残念なんだなぁ～～～。	
1	12	19	おかずを作ったんです？	
1	12	19	遊んでないで、とっとと	
1	17	19	試合前の練習始めるぞ！	
1	14	19	あれえ、風来坊さんだ。	
1	12	19	惚れちゃうね、むしろ。	
1	13	19	薬の方がいいんだが。）	
1	13	19	あーあ、いい天気だね。	
1	14	19	この街の人間なんだろ？	
1	16	19	封印を解く時が来たか。	
1	14	19	来た来た来たぁあああ！	
1	15	19	（得体のしれない儀式の	
1	11	19	すればいいじゃないか。	
1	11	19	これでいいんですかね。	
1	12	19	は、俺たちのチームじゃ	
1	11	19	なくなってるんですよ。	
1	13	19	まずは勝利、ですよね。	
1	14	19	一日を過ごしました。）	
1	16	19	ほほ春巻きと、豚の角煮	
1	11	19	ちょっと、さっきそこに	
1	12	19	まさか、気のせいだろ？	
1	12	19	メチャクチャ喜ぶんだ。	
1	11	19	のくせに、なまいきな！	
1	12	19	町をうろつきました。）	
1	11	19	できないんでやんすか？	
1	11	19	パワプロクンポケット９	
1	14	19	野球もしっかり頼むよ。	
1	11	19	さーて、どうかしらね？	
1	12	19	ジャンジャン出ますよ！	
1	12	19	こっちもチラシが減って	
1	12	19	楽だったんだけどなぁ。	
1	13	19	やっぱり出来るやつだと	
1	12	19	入っていないようだけど	
1	13	19	今日もがんばってるね。	
1	12	19	それにずうっと昔から、	
1	12	19	出るってうわさなのよ。	
1	16	19	発売週の売上げは・・・	
1	16	19	地上を歩く人間にとって	
1	15	19	距離など問題ではない！	
1	16	19	俺、野球の練習するよ。	
1	15	19	早く配達に行かないか！	
1	13	19	一瞬、キョトンとして。	
1	12	19	が震えているでやんす！	
1	14	19	苦手な物があるんだな。	
1	17	19	この商店街の昔の地図は	
1	14	19	古い資料は、そのときに	
1	13	19	たしか持って行ったな。	
1	16	19	相手の住所、探そうか？	
1	14	19	変な夢を見たでやんす！	
1	12	19	ようそんなこと言うな。	
1	12	19	って言うんじゃないか。	
1	13	19	情報とブツがあるのさ！	
1	13	19	かえって落ち着かない。	
1	14	19	言い方が悪かったカニ。	
1	11	19	やっていたんでカニよ。	
1	13	19	やった、大吉でやんす！	
1	11	19	たすけ・・・ダサ～イ！	
1	14	19	あなた野球好きですか？	
1	14	19	そこに行くのが目的だ。	
1	12	19	いよいよアレが見つかる	
1	11	19	かもしれんのだからな。	
1	11	19	じっとしてはおれんよ。	
1	13	19	変なのが混じってるぞ。	
1	11	19	なんてずるいやつらだ！	
1	15	19	今年は調子いいんだね。	
1	13	19	また３連勝なんでしょ？	
1	12	19	そんな人がいたら、ぜひ	
1	13	19	カレーの香りに隠れて、	
1	13	19	あたしたち親友だよね？	
1	14	19	いきなり派手に転んで！	
1	11	19	カットしたんだってさ。	
1	15	19	泣いている時は最低だ。	
1	11	19	それでも、ちょっとだけ	
1	15	19	我が家で歓迎しますよ。	
1	11	19	いいんじゃないですか。	
1	12	19	むしろ、あなたと２人で	
1	12	19	与えたいもんなのかな。	
1	14	19	商店街もおしまいだぜ。	
1	12	19	見るのがつらいんだろ。	
1	13	19	大喜びだったのでカニ。	
1	12	19	悪いことしてたんじゃ？	
1	13	19	ちゃんと家に届けたよ。	
1	15	19	投手以外のポジションも	
1	17	19	味方の実力を把握すれば	
1	12	19	来いよ、このヘタクソ！	
1	11	19	ワイワイやってるんで、	
1	13	19	だから本屋でこうやって	
1	11	19	そりゃあ、うれしいさ。	
1	11	19	すごくがんばれるんだ。	
1	15	19	マーボ茄子は好物かな？	
1	11	19	これタダでもらえるの？	
1	14	19	うちの店遊びに来いよ。	
1	13	19	気が向いたら、そのうち	
1	13	19	人は来ませんでしたか？	
1	13	19	ウチも２軒ほど来たよ。	
1	14	19	この水曜日がメインだ。	
1	14	19	料金がものすごく安い。	
1	14	19	試合することが多いな。	
1	11	19	えーと、それから・・・	
1	12	19	作ってもらったんだよ？	
1	13	19	今日で・・・もう・・・	
1	12	19	死んじまったからなぁ。	
1	11	19	ちゃん、ここでバイト？	
1	11	19	どこにいるでやんすー！	
1	11	19	わかんないでやんすー！	
1	13	19	突然まっぷたつに・・・	
1	13	19	こいつの中に入るヤツが	
1	16	19	ああ、今回も自信作さ。	
1	14	19	あなた命の恩人でーす。	
1	15	19	最初の練習で、どうして	
1	11	19	じゃあ、ごちそうさん！	
1	14	19	お客さん、お勘定・・・	
1	15	19	少し激しく練習するぞ。	
1	12	19	鍛えたらいいだろう？）	
1	11	19	どうした、キャプテン？	
1	12	19	ユニフォーム着るだろ！	
1	15	19	方向を間違ってるぞ。）	
1	12	19	そんなに見つめるなよ。	
1	11	19	あ、はい。すみました。	
1	14	19	さんは配達は終わった？	
1	16	19	だろ、今回も自信作さ。	
1	12	19	デパートから頼まれて、	
1	11	19	いかないみたいですね。	
1	13	19	ウチの連敗ストップには	
1	13	19	ちょうどいい相手だな。	
1	14	19	一匹で生きてきたんだ。	
1	14	19	くんは小学校のころから	
1	15	19	不思議に思わないんだ？	
1	11	19	あんまりそういうことは	
1	11	19	ええと、あとトイレも。	
1	13	19	多い訳じゃないだろう。	
1	13	19	いや、上手じゃないか。	
1	12	19	言ったんじゃないです。	
1	11	19	カレーをいただきます。	
1	13	19	それは、ひき肉を加えて	
1	14	19	水分を飛ばしますから、	
1	14	19	ひと手間多いんですよ。	
1	14	19	子供は出ていきなさい！	
1	13	19	時間をかせぎましょう！	
1	11	19	なんとかなるでしょう。	
1	12	19	さんにも伝えてきたし、	
1	13	19	さてと、みんなの演技を	
1	11	19	バレかけてあせったよ。	
1	11	19	いつになったんだっけ？	
1	13	19	もうこんな時間だから、	
1	11	19	ということでやんすか？	
1	13	19	さあ、家まで送ろ・・・	
1	12	19	やり直すことになるぞ。	
1	12	19	あったような気がする。	
1	12	19	さんの食べたことのない	
1	13	19	さんは謙遜してるのよ。	
1	15	19	野球の練習でも・・・・	
1	12	19	もう、どこ見てるのよ！	
1	11	19	さっきからここにいた？	
1	14	19	ずっと母親代わりだよ。	
1	12	19	行っちゃうんですよね。	
1	12	19	そんなことは、許さん！	
1	15	19	早く配達に行かねえか！	
1	12	19	ああ、コロッケの君だ。	
1	13	19	天井をながめてたらさ、	
1	12	19	それで終わりじゃない。	
1	12	19	って聞いてないのかね？	
1	11	19	エサをもってきたんだ。	
1	13	19	なにを冷静にしてんの？	
1	11	19	ありますかっ～てぇの！	
1	13	19	じゃあ、俺も楽しむか。	
1	14	19	さ、さ、一曲歌うよっ！	
1	11	19	ほえだしたんでやんす！	
1	12	19	スズメバチが死んでる。	
1	13	19	ほえていたのも、危険を	
1	12	19	おじちゃんと同じくらい	
1	14	19	別に罰則はないからね。	
1	15	19	議会に圧力をかけてる。	
1	11	19	みたいなもんですから。	
1	13	19	どうせなら大人らしく、	
1	13	19	いつでも受けて立つぞ。	
1	12	19	・・・かなり熱がある。	
1	11	19	わけにはいかないのよ。	
1	12	19	って言われちゃったよ。	
1	12	19	見てもらっていることは	
1	12	19	わかって欲しいんだよ。	
1	13	19	ワシには自信がないよ。	
1	13	19	ケガの具合はいいのか。	
1	12	19	どこから出してるんだ？	
1	15	19	・・・はい、修正完了。	
1	13	19	あれが最初だったかな。	
1	12	19	気がしてきたんだよな。	
1	14	19	であり、先輩達なんだ。	
1	15	19	産みの親より育ての親。	
1	11	19	さびしくなんかないぜ！	
1	12	19	言われているでやんす。	
1	11	19	いいコンビだったよな。	
1	13	19	いつからか金で雇われて	
1	12	19	落ちてるものなんだな。	
1	12	19	傘にペンダントに・・・	
1	12	19	見つけたんだけど・・・	
1	11	19	あら、それどうしたの？	
1	14	19	公園で見つけたんだよ。	
1	11	19	もうあきらめてたのに。	
1	15	19	特殊な場所にあります。	
1	13	19	は、なにか目的があって	
1	11	19	いやティッシュだけど。	
1	13	19	言い争いなんてするな。	
1	14	19	わかった、場所変える。	
1	12	19	ほら、こっち来いって！	
1	11	19	、ありがとうでやんす。	
1	14	19	の秘密を探ろうと・・・	
1	11	19	になにかあるのかな？）	
1	13	19	とかいう女性であるが、	
1	11	19	また、いたしかたなし。	
1	11	19	いたことがあるのカニ。	
1	14	19	飛び出して来たのカニ。	
1	15	19	おまけに翌日の新聞には	
1	11	19	こたえたみたいカニね。	
1	11	19	すっかりヘコんじゃって	
1	11	19	いったいどうしたんだ。	
1	13	19	さあ、とっとと練習だ！	
1	11	19	そろってるじゃないか。	
1	13	19	さんが迷惑じゃ・・・・	
1	12	19	使えるものはないかな？	
1	12	19	上がっちゃってますよ。	
1	12	19	とんだ恥さらしですわ。	
1	15	19	学校の休みの日ぐらい、	
1	13	19	まじめに考えて損した！	
1	12	19	ま、似たようなもんね。	
1	13	19	ちゃんと食事とってる？	
1	12	19	お腹がすいたからって、	
1	11	19	やめてくれないかしら。	
1	14	19	幼虫は食べてないよね！	
1	11	19	やめてくれないかしら？	
1	13	19	お前さん、いつ来るか、	
1	12	19	わからない奴だよなぁ～	
1	14	19	さっき電話が動いたぞ？	
1	15	19	飛行機に乗れないんだ。	
1	14	19	あたしは失敗作だから。	
1	15	19	う別の手段を考えよう。	
1	13	19	ますます冗談じゃない！	
1	11	19	というのはわからんが、	
1	15	19	守護霊の類であったか。	
1	12	19	君はそのままでいいよ。	
1	13	19	しかし、それでも今度は	
1	14	19	はっきり言って無理だ。	
1	12	19	組んでくるとして・・・	
1	13	19	を補佐してやってくれ。	
1	17	19	日常勤務の繰り返しで。	
1	11	19	よーし、がんばるカニ！	
1	18	19	人生の一発逆転を狙って	
1	14	19	大事なものだと思うぞ。	
1	14	19	記憶も残ってるカニよ。	
1	13	19	分離してもらうカニよ。	
1	13	19	ねえ、なんか都合のいい	
1	12	19	書いてあったから・・・	
1	12	19	返してもらえないかな？	
1	14	19	そりゃ、命の恩人だから	
1	13	19	あの時の金は、いいよ。	
1	12	19	バナナ分けてあげるよ。	
1	15	19	君の学校に行ってるよ。	
1	11	19	でもよ、そういうのって	
1	13	19	戦は惜しかったですね。	
1	11	19	うれしくなんかないよ。	
1	15	19	この試合以降、あなたが	
1	17	19	貧乏臭い草野球チームに	
1	15	19	実力があれば関係ない！	
1	14	19	自分を恥じよう・・・）	
1	17	19	の球を打てば豪華賞品！	
1	17	19	だから今日は自主練習。	
1	13	19	ちょっと失礼しますね。	
1	15	19	試合を申し込んできた。	
1	12	19	やってもらおうと思う。	
1	12	19	聞いてなかったんでね。	
1	12	19	その薬をぶちまけたら、	
1	13	19	君、よく気がつくなぁ。	
1	12	19	さん、そろそろ母ちゃん	
1	15	19	今の状況も変わるかな？	
1	12	19	テント張ってんのかよ。	
1	13	19	引っ越していったんだ。	
1	17	19	犬の鳴き声で借金取りに	
1	13	19	見てみて、リンゴ飴よ！	
1	12	19	あ！たこ焼きもあるわ。	
1	14	19	色々と助けてくれてさ。	
1	14	19	まだ無理だと思うけど、	
1	12	19	住んでるんでやんすか？	
1	11	19	さんも、このおじさんを	
1	15	19	お前の事、見直したよ。	
1	16	19	今朝の料理、覚えてる？	
1	14	19	別の料理っぽくなるし。	
1	13	19	いや・・・でも、昨晩は	
1	13	19	ううう、精進します～。	
1	12	19	そろそろ閉めましょう。	
1	17	19	商店街の売上げが減って	
1	14	19	機嫌をとった方が・・・	
1	13	19	よお、お邪魔してるぜ。	
1	14	19	こんな変な男は知らん！	
1	13	19	の野郎がいるからには、	
1	12	19	せめてものお礼に・・・	
1	14	19	では、お言葉に甘えて。	
1	11	19	さっぱりしたらどうだ。	
1	15	19	今度はもっと美味しいの	
1	11	19	ありがたいですねぇ～。	
1	13	19	お世話になってるのは、	
1	15	19	400円ももらったよ。	
1	11	19	でも、それならどうして	
1	12	19	教えてあげるでやんす。	
1	16	19	野球人口が増えることは	
1	11	19	いいことなんだなぁ～。	
1	16	19	僕たちは、昔、甲子園で	
1	12	19	持ってきたんだなぁ～。	
1	11	19	しようとしてたでしょ？	
1	14	19	なら、一緒に行こうよ。	
1	12	19	今の、もしかして・・・	
1	11	19	・・・コロッケか・・・	
1	13	19	いったい何の事だろう）	
1	14	19	ど真ん中に戻るからな。	
1	12	19	ずっと旅をしています。	
1	11	19	・・・おや、そういえば	
1	12	19	つけが効かないからね。	
1	12	19	いやぁ～、参りました。	
1	15	19	この本全部読んだのか？	
1	13	19	そしたらさ、この部屋が	
1	11	19	キャッチボールしよう。	
1	12	19	ちょっと出かけてくる。	
1	13	19	欲しい物ならなんだって	
1	15	19	一歩も外に出てないの？	
1	13	19	出ないって知ってるよ！	
1	11	19	ああ、なつかしいなぁ。	
1	11	19	つまらないじゃないか。	
1	12	19	このために組んだんだ。	
1	15	19	相手も仲間もいるよね。	
1	12	19	ときどき驚かされるな。	
1	13	19	ごめん、たしかに今日は	
1	15	19	非常に珍しい本ですね。	
1	15	19	たしかに社会勉強だな。	
1	14	19	子供の頃からこうやって	
1	12	19	作ってあるらしいんだ。	
1	14	19	本物の匂いがするんだ。	
1	11	19	ちょっとさびしいけど、	
1	13	19	せっかく告白したのに！	
1	11	19	ということは、いきなり	
1	13	19	あなた、他にも母さんに	
1	12	19	に言われて、いろいろと	
1	12	19	・・・お前のことだろ？	
1	13	19	は、ここで処刑された。	
1	15	19	そして思念を記憶として	
1	13	19	お前が望んだのだろう？	
1	11	19	あらためてよろしくな、	
1	12	19	これで終わりのようだ。	
1	14	19	が助けたいと思った人を	
1	13	19	投げ出しておいてくれ。	
1	12	19	・・・・・・行ったか。	
1	13	19	ご両人やっていきなよ。	
1	15	19	僕、全然怒ってないよ。	
1	11	19	・・・・・・なにこれ？	
1	13	19	けど、だいぶ作品として	
1	15	19	でも、家族が見に来たら	
1	12	19	のキャラに合わないよ。	
1	12	19	がそこまで言うのなら。	
1	14	19	主役の件だけどさ・・・	
1	15	19	小学校のころから貯めた	
1	12	19	言わなくてもいいだろ。	
1	11	19	だけじゃなくて、みんな	
1	12	19	ああ、いや、よく見ると	
1	13	19	がわたしにかけた魔法。	
1	14	19	俺たちは必要なかった、	
1	11	19	サードやってたんだよ。	
1	17	19	今日の試合はその連中も	
1	15	19	単なる野次馬でやんす。	
1	13	19	よーし、試合にそなえて	
1	13	19	しかも全部アドリブで。	
1	14	19	用意して入ってくるの。	
1	13	19	なかなか面白かったよ！	
1	12	19	このへんで終わりだけど	
1	15	19	真面目に言うとね・・・	
1	12	19	特に、あなたにだけには	
1	14	19	さっそく現場へ行こう。	
1	11	19	あのケーキはなんです？	
1	17	19	何度か退治を試みた時に	
1	13	19	説明してなかったのか？	
1	12	19	さんのお父さんですか。	
1	12	19	なら、また来てくれる？	
1	13	19	尊敬はしてるけど・・・	
1	13	19	お宝は見つかったのか？	
1	11	19	イジワルになってない？	
1	12	19	人たちがいるでやんす！	
1	15	19	頭、大丈夫でやんすか。	
1	11	19	たいどうやったんだ？）	
1	11	19	いまあ、やってみるか。	
1	14	19	実力で勝てばいいんだ。	
1	14	19	もう作戦は考えてある。	
1	13	19	あんたがご主人なくして	
1	11	19	なってるみたいですね。	
1	12	19	好きなだけやらせとけ。	
1	12	19	様からメッセージです。	
1	11	19	オーケーしましょうよ！	
1	14	19	私、感服いたしました。	
1	13	19	気持ちはうれしいけど、	
1	14	19	関係ないと思うけどな。	
1	11	19	ヘタレどもにガツーンと	
1	11	19	そういえば、みなさんは	
1	12	19	いつまででも、この町に	
1	11	19	いらしていいんですよ。	
1	11	19	しょいこんじゃダメよ。	
1	11	19	これでもないだっちゃ！	
1	15	19	一緒に家まで帰らない？	
1	13	19	そんなの無理じゃない？	
1	12	19	さんが、うちで働いて、	
1	12	19	お父さんがいて・・・・	
1	12	19	オレの勝ちのようだな！	
1	11	19	（ガサガサガサガサ！）	
1	13	19	世の中のためなんだよ！	
1	11	19	ど、どうなってるんだ！	
1	14	19	１人で店番やってると、	
1	12	19	さんも、他にもっといい	
1	13	19	共倒れになるだけです！	
1	13	19	そう提案してきたんだ。	
1	14	19	建築は向こうでやって、	
1	19	19	商店街復活の景気付けに	
1	12	19	元プロのプライド・・・	
1	13	19	は素質があるのかもね。	
1	12	19	どうして怒ってるんだ。	
1	12	19	が甘やかしてるからって	
1	14	19	誰にでも素質があるって	
1	13	19	目覚まさせてやろうぜ！	
1	13	19	あんな練習してるせいか	
1	12	19	さん、困ってるでしょ！	
1	11	19	ごちそうになりますね。	
1	12	19	会えないんでやんすね。	
1	15	19	昨日ここに来た人だよ！	
1	13	19	まさか居着くとはねぇ。	
1	13	19	あたしも、大好きだよ。	
1	13	19	・・・昨日は、どうも。	
1	15	19	もう助っ人は必要ない。	
1	14	19	その意見は聞けないな。	
1	12	19	９人いないじゃないか。	
1	13	19	は監督みたいなものね。	
1	12	19	作ったりもするけどね。	
1	13	19	そりゃあ協力しないと。	
1	11	19	じゃあ、がんばってよ。	
1	12	19	いきなり当たるとはね。	
1	12	19	どうかなと思いまして。	
1	12	19	とんだ早とちりを・・・	
1	11	19	ブツブツブツブツ・・・	
1	11	19	なんともならないのか。	
1	14	19	だから、限られた人生を	
1	13	19	大事にしたいんだよね。	
1	16	19	その視覚化操作のために	
1	14	19	の会社が入ってるんだ。	
1	13	19	まるで夜空みたいだな。	
1	17	19	の研究所にある遺伝子を	
1	16	19	本当の年齢は９歳だよ。	
1	14	19	想像するだけで怖いよ。	
1	15	19	の試合、見に来てくれ。	
1	15	19	次の公演が決まったの！	
1	13	19	・・・野球のボールか。	
1	12	19	行ってみたらどうかな。	
1	15	19	野球の経験はあるのか？	
1	13	19	オレを入門させてくれ！	
1	15	19	野球を修行したいんだ。	
1	13	19	始まるから静かにしろ！	
1	12	19	にも怒られっぱなしだ。	
1	12	19	お互い、がんばろうぜ。	
1	11	19	ミーティングがあるし。	
1	11	19	・・・おーい、メガネ！	
1	12	19	知らないんでやんすか？	
1	11	19	い・・・まったく・・・	
1	12	19	うんうん、知ってるぞ。	
1	11	19	おじちゃんじゃないか。	
1	13	19	一番まともでやんすね。	
1	13	19	じゃあ、君は誰なんだ。	
1	11	19	かなえてやるでやんす！	
1	13	19	始めようと思うんだが。	
1	14	19	先に準備しといてくれ。	
1	11	19	だから、ところどころに	
1	12	19	に流していたんですね。	
1	12	19	あの子のせいじゃない。	
1	14	19	や商店街のみなさんに、	
1	13	19	罰は与えてくれないの？	
1	13	19	が受け取らないんだよ。	
1	13	19	の彼氏だったんだよな。	
1	16	19	照明吊る環境もないし、	
1	13	19	足踏みしてるまんまじゃ	
1	14	19	何も解決されないよな。	
1	11	19	においがするでやんす！	
1	12	19	入ってないんじゃない？	
1	14	19	・・・川で洗う気かな？	
1	12	19	持ってきてあげるよー！	
1	13	19	ってやつが、この場所を	
1	12	19	別れるのがつらいって。	
1	14	19	・・・風来坊だからな。	
1	16	19	まあ、去年の分の給料は	
1	13	19	そして、勝負でやんす。	
1	16	19	い不自然さを追求する。	
1	14	19	どうせ使うのは一人だし	
1	13	19	つまり、相手のカードに	
1	13	19	っていったい何の話だ？	
1	12	19	カードの強さのことで、	
1	14	19	オレはお前が邪魔だし、	
1	13	19	試合があるじゃねえか。	
1	14	19	お互いに、助っ人らしく	
1	12	19	さんも来たでやんすね！	
1	14	19	一回たったの５００円！	
1	11	19	やっていってくれよ～。	
1	14	19	立て直そうと考えた。）	
1	17	19	世間の反応も上々だよ！	
1	14	19	で商店街をアピールだ！	
1	14	19	商店街からも、チームを	
1	13	19	なんだか、会長さんだけ	
1	11	19	わからないでもないが、	
1	15	19	・・・だが、海水浴場で	
1	15	19	馬鹿な俺を笑ってくれ。	
1	13	19	そんなに緊張してたら、	
1	13	19	と付き合ってるんだろ。	
1	12	19	ちゃん、見ててくれよ。	
1	12	19	頼まれたんだけど・・・	
1	13	19	みんな、芝居しようぜ！	
1	11	19	みんなミーティングな。	
1	13	19	作品がないじゃないか。	
1	11	19	これをやったらどうだ？	
1	13	19	できる自信があるんだ。	
1	12	19	じゃあプラン立てるぞ。	
1	11	19	もってきただけだから。	
1	12	19	よく聞こえなかったよ。	
1	12	19	何をバカなことを・・・	
1	11	19	こんなものがここにある	
1	11	19	さんのことでやんすか？	
1	13	19	オイラの友達でやんす！	
1	13	19	オイラは平気でやんす。	
1	11	19	いいかげんにしなさい、	
1	12	19	聞かせていただきます。	
1	11	19	わけじゃないでしょう。	
1	12	19	ならないと思いますよ。	
1	13	19	やや、これは奇遇なり。	
1	11	19	いいということですな。	
1	14	19	ほう、野球と申したか。	
1	13	19	「努力せん」というのは	
1	15	19	まずは基礎練習からね。	
1	11	19	（えっ、いきなり？！）	
1	15	19	今日はお疲れ様でした。	
1	12	19	・・・・楽しかったわ。	
1	15	19	神様に感謝しないとね。	
1	12	19	お父さん、すみません。	
1	14	19	ぎヒいあれ、フグ太郎？	
1	12	19	ほら、さっさと起きて。	
1	12	19	ずっと入っていたから、	
1	12	19	あ～あ、困るんだよな。	
1	11	19	・・・あ、そこのキミ。	
1	15	19	ひどい場合は入院だぞ。	
1	12	19	これだけ騒ぎになったら	
1	14	19	悪の手には渡さないぞ！	
1	13	19	今から楽しみでやんす！	
1	14	19	本番は厳しいらしいよ。	
1	15	19	無理なものは無理だよ、	
1	17	19	役者が二人、いや三人も	
1	12	19	出られなくなったんだ。	
1	12	19	わたし達ってなんなの。	
1	14	19	さあ、二人とも入って！	
1	14	19	この人たちに代役なんか	
1	14	19	くんなら違和感もないし	
1	15	19	素人だよ、無理だって！	
1	13	19	演技しなくていいなら、	
1	12	19	お願いしていいですか。	
1	15	19	演技には自信あるんだ。	
1	13	19	これでなんとか出来る！	
1	12	19	だから、わたしを信じて	
1	13	19	そのあとシーン練習して	
1	12	19	さあ、みんな始めよう！	
1	15	19	早速中に入るでやんす！	
1	13	19	も、全種あるでやんす！	
1	15	19	子供の頃に買えなかった	
1	13	19	ヒーローの着せ替えまで	
1	12	19	これくらいの金は・・・	
1	11	19	どうか、オイラのために	
1	14	19	一生のお願いでやんす！	
1	13	19	場所はわかったんだし、	
1	14	19	回って安く集めとくよ。	
1	12	19	お話というのは・・・。	
1	12	19	なるほど、本でしたか！	
1	13	19	なるほど、聖書ですか！	
1	14	19	呼ばれている一品でね。	
1	13	19	ところが、この聖書では	
1	11	19	はぁ・・・そうですね。	
1	13	19	なんだ、元気がないな。	
1	16	19	の営業成績が悪すぎる。	
1	12	19	ま、金さえもらえるなら	
1	12	19	いい本なんだけどなぁ。	
1	15	19	ゴミの回収日を調べて、	
1	11	19	・・・よろしいですね。	
1	16	19	も、出番は最後の方だけ	
1	20	19	商店街の人達が一生懸命	
1	12	19	テンション高かったけど	
1	15	19	、最高の芝居だったな。	
1	13	19	観に来てくれてたんだ。	
1	11	19	かなうかもしれないな。	
1	13	19	やっぱり、人を呼ぶには	
1	12	19	さわれて、乗れるんだ。	
1	16	19	先生～、なにか心配事？	
1	12	19	まさか、逃げたのか？！	
1	13	19	大騒ぎになってしまう！	
1	12	19	この際、ゾウかキリンで	
1	11	19	はぁ～、だめだこりゃ。	
1	15	19	その星の方向を向いて！	
1	13	19	戻って来れなくなるぞ！	
1	11	19	あ・・・あれ、あたし？	
1	12	19	どこに逃げやがった！）	
1	12	19	出てってくれねぇかな。	
1	15	19	全然迷惑じゃないもん。	
1	15	19	あんたが勝手に解釈して	
1	13	19	くんを馬鹿にしておいて	
1	16	19	二度と舞台に立つな！！	
1	13	19	大声でケンカしてるぞ。	
1	16	19	今、救急車呼んだから！	
1	12	19	そうだ、あいつ使えよ。	
1	12	19	な・・・なんか見えた？	
1	12	19	そんな体になったんだ？	
1	12	19	グループって知ってる？	
1	15	19	無線にも割り込めるし、	
1	14	19	・・・俺は脇役だけど。	
1	16	19	昨日の反省を生かして、	
1	12	19	あああ、ここから先は、	
1	14	19	だから元気出さないと！	
1	15	19	役者として成功したい、	
1	12	19	そしたら楽になれるぜ。	
1	11	19	わかってもらいたいの。	
1	13	19	あんたなんか、最初から	
1	11	19	（カリカリカリ・・・）	
1	14	19	この女は始末しないと！	
1	13	19	みんなが信じると思う？	
1	11	19	ずっとしばられてきた。	
1	12	19	もっと他のことをすれば	
1	11	19	もらうことにしたんだ。	
1	14	19	心配する人もいるから。	
1	13	19	きれいに片付いてるな。	
1	12	19	それは体によくないぞ。	
1	15	19	こういう質素な生活って	
1	11	19	からかいがいあるなぁ。	
1	13	19	お湯が使えるというのは	
1	14	19	はこの部屋に住むこと。	
1	15	19	は河川敷に住んでるって	
1	13	19	イベント短縮しますか？	
1	11	19	おいしいんだからさぁ！	
1	14	19	野球に結びつくんです？	
1	14	19	俺はこれで失礼します。	
1	11	19	ことがあるでやんすか？	
1	12	19	こちらの方なんだがね。	
1	13	19	まだまだ頑張らないと。	
1	12	19	よろしくお願いします！	
1	11	19	でも、がんばらないと。	
1	13	19	と付き合ってるんだろ！	
1	11	19	すごいチャンスなんだ。	
1	12	19	ちゃん帰ってこないな。	
1	13	19	引き込まれてしまって。	
1	12	19	ガードマンを呼ぼうか？	
1	13	19	悪徳プロデューサーだ。	
1	12	19	こんなやつの言うことに	
1	11	19	ぶっとばしてやるのに。	
1	13	19	がんばる自信あるんだ。	
1	11	19	セリフじゃないでしょ。	
1	14	19	しがない女優は嫌なの。	
1	13	19	今日はやめとこうかな。	
1	14	19	別に用事はないけど～。	
1	11	19	のメインデバッグですよ	
1	12	19	きっと楽しいからさ～。	
1	14	19	見ての通り筋トレだよ。	
1	16	19	今日は一人で食べるか。	
1	13	19	今日はまともだったな。	
1	15	19	と守備練習をしました）	
1	15	19	子供が見たら泣くだろ。	
1	15	19	さんが決めた自分の道を	
1	17	19	私との連絡が取り放題。	
1	13	19	もらっていて結構です。	
1	13	19	サンドイッチ５０人前。	
1	13	19	５０人前は・・・・・・	
1	16	19	予想通り怪我をしたな。	
1	12	19	しなくていいから楽だ。	
1	12	19	熱くなってしまったな。	
1	13	19	ちょっと体を動かそう。	
1	12	19	コーヒー持ってくるね。	
1	12	19	来ないんじゃないかな。	
1	11	19	ごめん、なんでもない。	
1	11	19	はメイドというよりも、	
1	12	19	言ってない・・・・・。	
1	15	19	あの変な草が原因かな？	
1	11	19	カタコトになってるよ。	
1	13	19	でも、その時が来ても、	
1	13	19	だから、安心してくれ。	
1	12	19	ちょっと行ってくるぜ！	
1	17	19	料理の隠し味は愛情よ。	
1	12	19	なんで俺が・・・・・。	
1	13	19	起きてる時はかわいい。	
1	12	19	じゃあ、そういう事で。	
1	12	19	こっそりと近づいてから	
1	14	19	さんなら、大丈夫かなと	
1	13	19	しかも以上ってなんだ？	
1	17	19	国際的に有名って事よ。	
1	11	19	あ、うん。ちょっとね。	
1	14	19	だから足の上に乗った。	
1	14	19	何回でも嫌いじゃない。	
1	12	19	さんって見かけによらず	
1	13	19	って誰か座っているな。	
1	12	19	きっと疲れているんだ。	
1	14	19	割に合わないと思って。	
1	14	19	その時に君が望むなら。	
1	14	19	つまり、それは下克上！	
1	14	19	もしかして機嫌が悪い？	
1	13	19	さん、初めて見たもん。	
1	12	19	さっきより怒ってない？	
1	15	19	私にとっての特別な日。	
1	13	19	誰かを待っているのか？	
1	14	19	ただでさえ口数が少ない	
1	13	19	さっさと充電させろよ！	
1	13	19	いろんな物が落ちるぞ！	
1	12	19	ここでそうだと言うのが	
1	15	19	さんの素性調査をして、	
1	13	19	意味がないじゃないか。	
1	12	19	いる事になるんだよな）	
1	13	19	ほ、本気で・・・・・。	
1	13	19	一人ぼっちじゃないよ。	
1	13	19	さん頭が良いからね～。	
1	13	19	気付くんじゃないかな。	
1	12	19	どうかなと思うけどね。	
1	13	19	さんが原因なんだから、	
1	13	19	だいたいな！店員なのに	
1	14	19	もらえますか？ご主人様	
1	14	19	い俺が決める事じゃない	
1	12	19	なんで太らないんだろ？	
1	12	19	思っているんですけど。	
1	12	19	さんピアノ弾けたんだ。	
1	14	19	普通のコーヒーで頼む。	
1	12	19	すぐにお持ちしますね。	
1	13	19	お前も見てみたいだろ？	
1	12	19	じゃないと思うけどな。	
1	11	19	でも、なんかあったの？	
1	13	19	さんが選んだって事は、	
1	13	19	さん。いい天気だから、	
1	13	19	そのままに外に運ぶよ。	
1	12	19	もしかして無いのかも）	
1	13	19	な、何を言っているの？	
1	12	19	信じてたのに・・・・。	
1	13	19	たまに子供なんだから。	
1	13	19	いや、外見じゃなくて。	
1	13	19	いつも心配してくれる。	
1	11	19	さんじゃないですか～。	
1	12	19	戻ればいいじゃないか。	
1	14	19	外見の事じゃないよ～。	
1	13	19	って、今日もいるよ！！	
1	11	19	いいのかもしれないな。	
1	15	19	普段から無口とはいえ、	
1	13	19	さんと、これまで以上に	
1	14	19	って短冊に書いたんだ。	
1	13	19	あげてもいいよ織姫さん	
1	14	19	さんは私がそんな状態に	
1	11	19	するつもりだったんだ？	
1	16	19	予定していた式は延期。	
1	12	19	食べれるようになるよ）	
1	11	19	いないんじゃないかな。	
1	12	19	誰だってあるでしょう。	
1	12	19	さんの甘えっぷりなら、	
1	12	19	これを見てくれたまえ。	
1	13	19	僕にできない事はない。	
1	14	19	これはまだ未完成だが、	
1	14	19	だと思って可愛がってね	
1	12	19	やりたい事があるから。	
1	14	19	同じ意味になるからな。	
1	13	19	れっきとした人間だよ。	
1	12	19	それでは、また会おう！	
1	11	19	アイツってだ・・・・・	
1	13	19	この街に来たみたいに、	
1	17	19	自給自足だし、大変さ。	
1	16	19	だから年上の俺が年下の	
1	13	19	さんの読んでいる本が、	
1	13	19	読んでた本じゃないか。	
1	14	19	注文取れないじゃない。	
1	12	19	アンタなんか知らない！	
1	12	19	そんなわけ無いでしょ！	
1	16	19	行動的なのか微妙だな。	
1	15	19	子供の頃から見えてた。	
1	12	19	なにが入ってるんだ？）	
1	13	19	これ何が入ってるんだ？	
1	13	19	さんは縛って吊るされる	
1	12	19	そのメイド服みたいに。	
1	15	19	普段は俺が作ってるし。	
1	13	19	し、心配だ・・・・・）	
1	11	19	さん、いつからそこに？	
1	12	19	負けたら、どうするの？	
1	15	19	勢い良く飛び立っても、	
1	13	19	自分しかできないんだ。	
1	14	19	俺は見逃さなかったぞ！	
1	14	19	が謀反を起こしよった！	
1	12	19	さん。そろそろ帰るよ。	
1	13	19	コビトカバよりも珍獣。	
1	13	19	胃袋リミットブレイク！	
1	12	19	さんが来たら・・・・・	
1	11	19	ごめん・・・・・・・。	
1	11	19	そうするしかないよな。	
1	14	19	忙しい時間に・・・・。	
1	12	19	それじゃあ、また店で。	
1	12	19	信じれない・・・・・・	
1	12	19	さん。何をしているの？	
1	14	19	でも買い物は行くだろ？	
1	12	19	さんも言ってやってよ！	
1	13	19	せっかく私が作ったのに	
1	16	19	絶対に似合うと思うよ。	
1	15	19	動かすのは不可能だね。	
1	11	19	するんだが・・・・・。	
1	15	19	今日はもう５皿目だよ。	
1	11	19	は、はあ・・・・・・。	
1	12	19	どうでもいいって感じ！	
1	15	19	目当てで来てる客なんて	
1	14	19	とお前の恋愛ゲームか。	
1	16	19	ちなみに全年齢対象だ。	
1	15	19	。いい加減に気付けよ。	
1	16	19	僕は彼女に告白するよ！	
1	14	19	私の顔色をうかがって、	
1	13	19	困った顔をしてくれた。	
1	14	19	高価な物じゃないけれど	
1	15	19	お嬢様の為に作られた。	
1	13	19	話しているのを聞くの。	
1	16	19	十分な理由だと思うよ。	
1	12	19	それははじけ過ぎだろ！	
1	16	19	むしろ対等以下の扱い？	
1	14	19	働いた方が良くないか？	
1	12	19	し、しっかりし過ぎだ。	
1	15	19	大勢の人を笑わせたい、	
1	11	19	としてダメなんだよ～。	
1	15	19	大勢の人に喜ばれるのが	
1	13	19	引きちぎって進むこと。	
1	12	19	それが重みになっても、	
1	14	19	傷つくなら新しい羽を。	
1	13	19	ボ～ク間違っていたよ。	
1	15	19	敵に回して頑張ります。	
1	13	19	って名前もなにーーー！	
1	11	19	パワーアップしました）	
1	14	19	くださいませ。ご主人様	
1	14	19	でも、何か口にした方が	
1	13	19	さん本人はどうするの？	
1	15	19	探す手段も無いからな。	
1	12	19	さんを悲しませるような	
1	13	19	さんが居なくなった事で	
1	13	19	知り合いになってから、	
1	16	19	私は用心してそれ以上、	
1	15	19	さんを信じて、手料理を	
1	12	19	何でもしてあげられる。	
1	12	19	しまいそうで怖いなあ。	
1	16	19	しかも昔の宮廷料理とか	
1	13	19	はまりそうな分野だし。	
1	14	19	ここが一番良いのだよ！	
1	13	19	君にも貸してやるから！	
1	13	19	そういう年頃なんだろ。	
1	12	19	俺はメンドクサイから、	
1	14	19	何もする気が起こらん。	
1	12	19	な、なに言ってるんだ？	
1	15	19	何度も何度もしつこく。	
1	12	19	それでも男（ポソッ）？	
1	14	19	たぶん前に聞いた時は、	
1	13	19	さすがに借りたお金で、	
1	13	19	さんって有名なんだよ。	
1	12	19	それとも帰らされたの？	
1	14	19	一目惚れというやつか！	
1	14	19	さんに感じていた疑問を	
1	16	19	私に残された時間の間、	
1	12	19	それを忘れないでくれ。	
1	11	19	なんかピンポイントで、	
1	14	19	やっぱり不似合いだろ。	
1	12	19	ないような感じがする）	
1	12	19	こちらの席にどうぞ～。	
1	13	19	お怪我はありませんか？	
1	12	19	拭こうとしているんだ？	
1	12	19	さんがドジっ娘がいいっ	
1	13	19	ってまだ無料なのかな？	
1	13	19	（見てる！見てるよ！！	
1	14	19	じゃあ、素直に謝るか。	
1	16	19	温暖化現象かああぁぁ！	
1	13	19	何も話してくれません。	
1	12	19	慕っているからだろう。	
1	11	19	グローバルシステム」。	
1	17	19	その会社の社長令嬢だ。	
1	16	19	何かの感情が欠落したと	
1	13	19	コーヒーを用意するが？	
1	13	19	いや、違う！あの人だ！	
1	12	19	戻りたくなんてないよ。	
1	12	19	やっと言ってくれたね。	
1	15	19	さんは弱音を弱音として	
1	14	19	行く約束をしてたよな。	
1	14	19	話してないで仕事しろ。	
1	14	19	自分で選べばいいだろ。	
1	13	19	知り合いなんですよね。	
1	13	19	様には、そう伝えてくれ	
1	12	19	私には、わからないな。	
1	13	19	俺も、そんな感じかな。	
1	14	19	私は、飽きるほど聞いた	
1	12	19	どこか行きたいところは	
1	11	19	まずは、そうだな・・・	
1	12	19	これ、すごく重いんだけ	
1	11	19	またもらってしまった）	
1	14	19	別に、食事するわけでも	
1	14	19	思ってる通りの物だよ。	
1	12	19	もう、お腹いっぱいだ。	
1	13	19	さんが、食べると思って	
1	12	19	たくさん作りすぎたよ。	
1	13	19	さんは、帰った帰った。	
1	11	19	それは、なんですかな？	
1	13	19	様は、例のディスクさえ	
1	14	19	確認しようと思ってね。	
1	12	19	忙しいでしょうし・・・	
1	13	19	お嬢様のすばらしさが、	
1	12	19	経ってしまいましたな。	
1	13	19	（もう結構です・・・）	
1	14	19	に、ばれなきゃ大丈夫。	
1	14	19	私も、この曲好きだし。	
1	13	19	あ、別に気にしてない。	
1	12	19	知りたいのですかな！？	
1	12	19	話さねばなりませんな。	
1	12	19	決まったのわけですな。	
1	12	19	聞いているのですかな？	
1	13	19	やっぱり、映画といえば	
1	13	19	アクション映画だよな。	
1	11	19	そういうオーラが・・・	
1	12	19	恥ずかしいじゃないか）	
1	12	19	ちょっと暇だったから、	
1	13	19	さんって、何してる人？	
1	16	19	格好で帰って来る事ある	
1	13	19	ご飯買ってきたからさ。	
1	14	19	食材買っただけなんだ。	
1	14	19	お父さんの書斎なんだ。	
1	15	19	でも、立派な書斎だね。	
1	15	19	世界中を周ってるんだ。	
1	13	19	確かに、それっぽい本が	
1	12	19	たくさん並んでるなぁ。	
1	13	19	もう、ご飯作らないぞ！	
1	13	19	と楽しく過ごしました）	
1	12	19	過ごしているなんてな。	
1	15	19	考古学者だったのかな？	
1	12	19	って呼ばれるよりもさ、	
1	13	19	言ったと思ってるんだ！	
1	14	19	今日は、楽しみますか！	
1	17	19	親会社の代表みたいな人	
1	12	19	お湯につかったのなんて	
1	13	19	風邪でもひきそうだよ。	
1	12	19	じゃあ、なんか作るか。	
1	13	19	私も、お腹すいたしな。	
1	13	19	お風呂だけじゃなくて、	
1	15	19	うん、あの格好で店の前	
1	12	19	なかなか楽しかったよ。	
1	14	19	見たことない規格だね。	
1	11	19	あとは、これをどうする	
1	12	19	何にもなかったんだし、	
1	12	19	は、帰ってこなかった）	
1	12	19	今のを、かわしますか。	
1	10	19	・・・まあ、いいか。	
1	11	19	をお楽しみください。	
1	12	19	兄貴、ケガしてんの？	
1	10	19	なくなってしまうの。	
1	14	19	今まだ授業中なの。）	
1	10	19	なんだかまずいことに	
1	12	19	巻き込まれないかな。	
1	12	19	あと一歩だったのに。	
1	11	19	あーあ、砂まみれだ。	
1	13	19	君も一緒にどうだい？	
1	12	19	抜きでも勝てるさ。）	
1	13	19	お前、大人げないぞ！	
1	13	19	やり直しできる回数が	
1	11	19	やばい、遅れるよ～！	
1	11	19	おーい、待ってくれ！	
1	12	19	・・・持って帰るか。	
1	12	19	もうあそこの会社から	
1	13	19	絶対勝ってくれよー！	
1	14	19	おら、練習だ、練習！	
1	11	19	誰かいるのかなぁ～。	
1	12	19	立て直してくれるさ。	
1	11	19	働くことにしたのね。	
1	13	19	とっとと配達に行け！	
1	10	19	なんだろうか、これ。	
1	10	19	・・・でも、なんだか	
1	13	19	本当に強いものには、	
1	10	19	そういうこけおどしは	
1	10	19	（バシャ！バシャ！）	
1	13	19	ま、俺の釣りの腕には	
1	10	19	そんなことより・・・	
1	10	19	ああ・・・そうだよ。	
1	11	19	キノコが生えてるぞ。	
1	10	19	キャッチボールなんて	
1	14	19	子供のころ以来だよ。	
1	12	19	ような気分でやんす。	
1	11	19	でやんすけど、続きは	
1	13	19	先着順のチケットなら	
1	11	19	バッチリ押さえるよ。	
1	12	19	あまり興味がないな。	
1	10	19	わかんないけど・・・	
1	12	19	あいつらと決着だな。	
1	10	19	はい、チラシどうぞ！	
1	11	19	そっちは何してるの？	
1	10	19	ふーん、バイトかぁ。	
1	12	19	思ってたんだよ、僕。	
1	12	19	いつの間に来たんだ？	
1	13	19	家を間違えたムシャ。	
1	15	19	生活は大丈夫なのか？	
1	11	19	教えてやらないとな。	
1	11	19	残ってないんですか？	
1	11	19	お客さん、ラッキー！	
1	13	19	俺の上で寝てたのか。	
1	11	19	いいかげんな事じゃ。	
1	12	19	お客さんが来てるよ。	
1	13	19	から電車で２０分か。	
1	12	19	とは全然ちがうけど。	
1	10	19	はこれだけだからな。	
1	11	19	聞いたことないカニ？	
1	10	19	するんでありますか？	
1	11	19	人のいやがることなら	
1	10	19	なんでもするカニよ。	
1	13	19	君、相当のワルだった	
1	10	19	（ああああああー！）	
1	14	19	一緒に応援しようか。	
1	13	19	君も応援ありがとう。	
1	11	19	信じていたでやんす。	
1	11	19	・・・久しぶりだな。	
1	11	19	さん、ちょっと変よ。	
1	10	19	のヒーローですもの。	
1	11	19	書いてあったんだよ。	
1	11	19	思っていたのに・・・	
1	10	19	ということでしょう？	
1	12	19	道に迷うこともないし	
1	14	19	日が昇る方向だから！	
1	10	19	さん、がんばったね。	
1	12	19	の４年前になくなった	
1	11	19	そのうち、昔みたいに	
1	10	19	ちゃんとあるカニよ。	
1	13	19	役に立つと思うんだ。	
1	13	19	この水泳で鍛えられた	
1	11	19	申しわけありません！	
1	14	19	北極支店だぁ～！！！	
1	11	19	判ってきたのである。	
1	10	19	・・・・・・しかし、	
1	12	19	さっさと打って来い。	
1	15	19	今度、わたし達の劇団	
1	13	19	気が向いたら行くよ。	
1	12	19	上手くなりたいんだ。	
1	10	19	ちゃん、バイトかい？	
1	12	19	いずれこの町を去る。	
1	12	19	だから、安心したよ。	
1	10	19	オレたちは、これから	
1	10	19	びっくりしましたよ。	
1	12	19	その代わり、広いのに	
1	10	19	フランケンシュタイン	
1	10	19	でも、クリスマスまで	
1	12	19	見に来ただけだから。	
1	14	19	を公園で見たって人が	
1	12	19	あそこで他の犬たちと	
1	10	19	いじめられてるんだ。	
1	12	19	早く助けるでやんす！	
1	12	19	お前の考えてることは	
1	10	19	いけないのに・・・・	
1	12	19	気が付かないのかな。	
1	10	19	かかったんだぞ・・・	
1	10	19	それがいいだろうな。	
1	12	19	これ君が入るんだよ。	
1	10	19	わけにいかなくなる。	
1	14	19	分裂の危機でしたが。	
1	10	19	ちゃんとあるんだよ。	
1	10	19	ワシはがんばるぞー！	
1	10	19	がんばることにした！	
1	10	19	ええと、なんだって？	
1	14	19	今、学校の帰りかい？	
1	13	19	子供扱いしないでよ！	
1	12	19	反対だったんですよ。	
1	15	19	正義感も実力もある。	
1	13	19	、大役を任されたぜ！	
1	11	19	どうか、行かないで。	
1	10	19	いいんでやんすかね？	
1	10	19	さようならぁ～～！！	
1	14	19	工事現場でのことか？	
1	11	19	冷たかったでやんす。	
1	11	19	増えることになった。	
1	13	19	なんだ、顔見知りか？	
1	12	19	軽率なんじゃないの？	
1	12	19	それならご心配なく。	
1	11	19	あなたたち２人には、	
1	13	19	今、まだ学校なの。）	
1	10	19	どれにしようかなぁ。	
1	10	19	ええと・・・これは？	
1	11	19	言ってたじゃないの。	
1	11	19	うそれなら楽ですね。	
1	12	19	早く投げるでやんす。	
1	11	19	いつまで遊んでるの。	
1	10	19	じゃあね、おじさん。	
1	12	19	の子供もあれぐらい。	
1	10	19	やっつけましょう。）	
1	11	19	ああ、虫がこっちに！	
1	12	19	はとっくに学校だよ！	
1	13	19	さん。仕事終わった？	
1	13	19	くん仕事が早いねぇ。	
1	12	19	役者もかねてるけど。	
1	14	19	そういや公演日時って	
1	10	19	・・・がんばるぞ。）	
1	10	19	おかしいでやんすね。	
1	14	19	不具合が出ています。	
1	15	19	この前の野球の試合で	
1	14	19	反応も上々だし・・・	
1	10	19	、どういうつもりだ。	
1	10	19	なんかおごりますよ。	
1	12	19	牛丼なんかどうです？	
1	14	19	の完全勝利でやんす。	
1	12	19	ふふふ、冗談ですよ。	
1	12	19	困らせようと思って。	
1	11	19	食べたくなったんだ。	
1	12	19	大変だったんですね。	
1	10	19	ブラブラさんなんだ。	
1	12	19	おじさん仕事しない？	
1	15	19	元気で若い男の人を。	
1	11	19	すぐに寝てしまうな。	
1	12	19	すごく不安になるの。	
1	11	19	どうして金づちなんて	
1	12	19	持ち歩いてるんです？	
1	10	19	もったいないよねぇ。	
1	10	19	・・・ほら、できた。	
1	11	19	思っていたでやんす！	
1	11	19	おめでたい日なのか？	
1	11	19	こんなのに刺されたら	
1	11	19	死んじゃうでやんす！	
1	15	19	こんな小汚い喫茶店、	
1	11	19	行ったらどうだろう。	
1	10	19	だだこねてるんだい。	
1	10	19	わかりますから・・・	
1	11	19	わ、私だって・・・！	
1	12	19	そんな欲望はないよ？	
1	11	19	どうしてそう思うの？	
1	10	19	くれてるんだけどね。	
1	10	19	やってきたんだから、	
1	11	19	ええ、考えてみるわ。	
1	14	19	直接入力してるのか？	
1	10	19	ことってあるじゃん？	
1	13	19	巨大ムカデを倒せ！）	
1	13	19	大事にできる人たちを	
1	10	19	それがわかったから、	
1	10	19	おじちゃんでやんす。	
1	12	19	実践しているうちに、	
1	12	19	おーい、そこの少年！	
1	10	19	それってオレのこと？	
1	11	19	母ちゃん、ブローチを	
1	10	19	なくしたんでやんす。	
1	10	19	これ、これでやんす。	
1	13	19	巡査に届けてこよう。	
1	11	19	タイミングを合わせて	
1	10	19	・・・セコイですね。	
1	13	19	向けの立地ですよね？	
1	12	19	と対立しているんじゃ	
1	11	19	いや、今のところは。	
1	13	19	スーパー側の策略だ。	
1	11	19	そこで何をしている。	
1	10	19	なにをしていたんだ？	
1	10	19	たわむれにネットでの	
1	12	19	なんだか話聞いてると	
1	12	19	との決着をつけよう。	
1	12	19	口論になったんだよ。	
1	12	19	まったく平気ですよ。	
1	10	19	そうしろ、そうしろ。	
1	10	19	よし、やらせてくれ！	
1	11	19	信じてるでやんすよ、	
1	13	19	それで大丈夫なんじゃ	
1	10	19	バッタはさすがにね。	
1	12	19	あれをお前に貸すよ。	
1	14	19	さて、仕事頑張るか！	
1	12	19	さあ、お腹空いたから	
1	14	19	一体何が見えるんだ？	
1	14	19	・・・義理堅い犬だ。	
1	12	19	申し込んできたんだ。	
1	12	19	お金は返ってこない。	
1	11	19	さほど役にはたたぬ。	
1	13	19	我は我のみを信ずる。	
1	12	19	という人に代わった。	
1	12	19	なんとか妥協します。	
1	12	19	野球がんばるカニよ。	
1	12	19	うじうじ悩んだ末に、	
1	14	19	人間としての過去は、	
1	10	19	ということなのカニ。	
1	14	19	今日は宅配のバイト？	
1	10	19	バナナもらったって？	
1	10	19	よくわからないけど、	
1	11	19	どう思ってるんだよ？	
1	15	19	自分の後始末ぐらい、	
1	12	19	無人みたいなもんだ！	
1	11	19	そら、とっとと行け！	
1	15	19	全選手を操作します。	
1	10	19	よくわからないんだ。	
1	11	19	の気がするけどな。）	
1	11	19	こう見えても、わたし	
1	13	19	豪腕を見たらあなた、	
1	12	19	これは本当にすごい。	
1	15	19	の謎の財宝の情報に、	
1	12	19	会長のいとこなんだ。	
1	13	19	に興味を持っていた。	
1	13	19	一応言っておくけど、	
1	11	19	持たなきゃいかんよ？	
1	13	19	君を疑って悪かった。	
1	12	19	ひょっとして、買主は	
1	11	19	仮にそうだとしても、	
1	12	19	話かと思ってたのに。	
1	13	19	年末のクリスマス後に	
1	10	19	つもりなんでしょう。	
1	16	19	会長様が、例の試合を	
1	11	19	おい、ちょっと待て！	
1	13	19	との件が片付くまでは	
1	10	19	まったく、どこまでも	
1	10	19	だってさびしがるぜ。	
1	14	19	酒屋が一軒あったな。	
1	12	19	夕方じゃだめなのか？	
1	14	19	道具は、昨日のうちに	
1	11	19	帰ってくるでやんす！	
1	10	19	やっておくでやんす！	
1	13	19	冗談だと思ってたぜ。	
1	10	19	わけじゃないんだろ。	
1	12	19	目的は、なんなんだ？	
1	11	19	飼いたかったんだな。	
1	11	19	この町にやってきた。	
1	10	19	やたらとほえたんだ。	
1	11	19	知っていたみたいで、	
1	12	19	野球やったりしてると	
1	10	19	なんとかなりますよ。	
1	11	19	どうしたの２人とも。	
1	10	19	あまのじゃくだから。	
1	12	19	反抗したくなるけど、	
1	10	19	まずいんじゃないか。	
1	13	19	むしろ、迷惑料として	
1	10	19	シャクなんだよねぇ。	
1	13	19	あんたらの計算通りに	
1	15	19	今日も配達は多いぜ！	
1	12	19	用意しておくからね。	
1	11	19	だから、また来てね。	
1	12	19	抜け穴があったんだ。	
1	12	19	無理じゃないかなぁ？	
1	13	19	お前のために、仕事を	
1	11	19	そこを見るでやんす。	
1	10	19	・・・もったいない。	
1	12	19	持って行くでやんす。	
1	13	19	さんは商品が増えて、	
1	14	19	意外にいい値段だな。	
1	11	19	怒られたんでやんす。	
1	13	19	生意気なんだなぁ～。	
1	13	19	おい、お前達は誰だ！	
1	13	19	直球が打ちやすいから	
1	13	19	ちなみに、画面外でも	
1	13	19	早く家に帰りなさい。	
1	11	19	ちょっと見てみるか。	
1	11	19	まだ減ったほうだよ。	
1	10	19	カラになってたんだ。	
1	10	19	なかなかいけるんだ。	
1	14	19	草も料理に使ったし。	
1	11	19	ちょっと遠くないか？	
1	11	19	考えなかったのかな？	
1	13	19	シーン練習始めるよ！	
1	14	19	練習を見学するので、	
1	12	19	親しみが出るでしょ。	
1	11	19	見たことがあります。	
1	11	19	読んでもらわないと。	
1	16	19	将来は甲子園に行って	
1	15	19	母親失格ですね、私。	
1	10	19	よかった、よかった。	
1	13	19	最初は思ってたんだ。	
1	10	19	わかった、まかせろ。	
1	13	19	今日のお昼にどうぞ。	
1	11	19	たぶん、その通りだ。	
1	10	19	ああ、なにもないな。	
1	12	19	思い込ませたわけか。	
1	13	19	この世への未練だよ。	
1	12	19	わたしなんか、大凶！	
1	12	19	あんたの父と母より』	
1	13	19	早く帰って来やがれ！	
1	10	19	わからないじゃない。	
1	11	19	それでも、聞きたい？	
1	13	19	出来てるんだと思う。	
1	12	19	に入れ込みすぎだよ。	
1	10	19	はベテランだからな。	
1	10	19	いったいなんなんだ？	
1	12	19	見てのお楽しみだよ。	
1	11	19	じゃあ、見せてくれ。	
1	13	19	この粉が宝物なのか？	
1	12	19	いやあ大変だったよ。	
1	11	19	こっちは忙しいんだ。	
1	13	19	じゃ、俺も手伝うよ。	
1	13	19	も凝った芸名にすれば	
1	10	19	いいんだけど・・・。	
1	10	19	どこがよかったんだ？	
1	10	19	そのせいで、わたしは	
1	12	19	試合をするったって、	
1	10	19	というだけのことだ。	
1	12	19	オイラが助っ人として	
1	11	19	あたしも入っていい？	
1	11	19	来ちゃったでやんす。	
1	12	19	上達してるじゃない！	
1	11	19	あ・・・始まってる。	
1	13	19	また練習に来てよね。	
1	13	19	の演技見てあげるよ。	
1	14	19	内容は面白かったよ。	
1	10	19	わかってあげないと。	
1	10	19	いなくなろうとした？	
1	10	19	このタイミングなら、	
1	11	19	だとは思わなかった。	
1	13	19	それで全て解決です！	
1	12	19	利用したんだが・・・	
1	12	19	今日はありがとうね。	
1	11	19	ここに宝があるのか？	
1	12	19	ここの品揃えはぁ～！	
1	10	19	いいでやんすか・・・	
1	10	19	おねえちゃん、だよ？	
1	11	19	おねえちゃん怒るヨ？	
1	10	19	これでダメだったら、	
1	13	19	カッコイイ名前の球を	
1	11	19	投げているでやんす。	
1	10	19	カッコいいでやんす。	
1	12	19	いい練習になったよ。	
1	10	19	プレゼントの・・・）	
1	15	19	議論の好きな連中には	
1	12	19	誰かから借りてくれ。	
1	12	19	オレも帰って寝るわ。	
1	10	19	みなさんのおかげで、	
1	10	19	では、ごちそうさま。	
1	10	19	そんなことをしたら、	
1	12	19	逃げる気でごんすね？	
1	11	19	逃げるんじゃないよ！	
1	11	19	おかしいのはお前だ！	
1	11	19	もう行きましょ・・・	
1	10	19	・・・じゃあな・・・	
1	10	19	いいなぁ～って・・・	
1	10	19	じゃなくていいのか？	
1	10	19	かわいそうよね・・・	
1	13	19	ごめん、急に気分が。	
1	12	19	妙なところで会うな。	
1	13	19	自滅するとも知らず。	
1	10	19	なっちゃうじゃない。	
1	12	19	商売できていたのに、	
1	10	19	いきさつもありまして	
1	13	19	誰か川に流されてる！	
1	10	19	も、もちろんだとも。	
1	11	19	ういや、知らないな。	
1	13	19	だが、この前の試合で	
1	14	19	から試合の申し込み？	
1	11	19	楽しいみたいですし。	
1	11	19	あなたのお父さんは、	
1	11	19	ロマンを感じるなぁ。	
1	11	19	うああ、いい河だな。	
1	11	19	旅ガラスですからね。	
1	10	19	いけないんじゃない？	
1	12	19	それじゃ失礼します！	
1	12	19	遊びに来たでやんす！	
1	11	19	ちょっと待ちなさい！	
1	12	19	いまさら泣き言かい？	
1	14	19	次の試合で戦えない。	
1	11	19	・・・でも、お前らは	
1	11	19	は力がありそうだから	
1	13	19	素人には難しいかな。	
1	15	19	商店街を敬遠しがちな	
1	11	19	楽しみにしているよ。	
1	12	19	ご一緒できますけど。	
1	14	19	君とお母さんで一緒に	
1	10	19	なんでしょうけどね。	
1	12	19	君、もう帰ってるよ。	
1	10	19	ちぇ～、いいなぁ～。	
1	11	19	ちなみに星がゲートで	
1	13	19	作られた人間だから。	
1	13	19	一緒にぶち込んでぇ、	
1	12	19	まったく失礼だよね。	
1	13	19	子供とは思えないな。	
1	12	19	作り直すそうだけど。	
1	10	19	チェックしてたんだ。	
1	10	19	えっ、そうなのか！？	
1	12	19	練習をしているのか。	
1	10	19	やったことがあるぜ。	
1	11	19	・・・捕れない・・・	
1	13	19	何球か当てているな。	
1	12	19	ちゃんと練習すれば、	
1	12	19	よく出来てるよね～。	
1	11	19	まだ生きていたんだ。	
1	12	19	アンタ最高でやんす！	
1	10	19	どうしてここに・・・	
1	10	19	・・・・・・どこまで	
1	13	19	いい材料使ってるの。	
1	13	19	主人を亡くしてから、	
1	10	19	やっていけないのよ。	
1	10	19	それなのに、みんなを	
1	11	19	ずっと楽なんですよ。	
1	11	19	じゃあ、やっぱり私は	
1	11	19	いやなことは忘れて、	
1	11	19	そんなもの出すなよ。	
1	14	19	で、その公演は延期。	
1	13	19	色々お金かかってさ。	
1	11	19	ちょっと疲れていて。	
1	10	19	ずいぶんあるんだな。	
1	12	19	この町から消えるよ。	
1	12	19	変な音がしてるんだ。	
1	12	19	お客さんがいない時に	
1	10	19	なにをやってるんだ？	
1	10	19	おとなしくしててね。	
1	15	19	の左側がお前の手札、	
1	16	19	右側が相手の手札だ。	
1	11	19	どんどん悪くなるぞ。	
1	12	19	何を言ってるんだ？）	
1	13	19	範囲が重ならなければ	
1	13	19	徐々に増えていくぞ。	
1	12	19	盗塁やバントのような	
1	11	19	さんも行くでやんす！	
1	13	19	その勝負、乗ったぞ。	
1	15	19	の活動状況を載せる。	
1	12	19	チームの投手なのか？	
1	11	19	ちょ、ちょっと待て。	
1	11	19	必ずやるものなのか？	
1	10	19	ミーティングあるし。	
1	11	19	こっちが照れるなぁ。	
1	11	19	ちょっと聞いてくれ。	
1	11	19	あたし死んでるのよ！	
1	12	19	何も書いてないのよ！	
1	11	19	何がなんだか・・・・	
1	10	19	なってしまうんだわ。	
1	13	19	変な目で見られても、	
1	13	19	近寄らないで下さい。	
1	15	19	将来、あの子が河原で	
1	14	19	我は善意の者なれば。	
1	12	19	２年前のやつなのに。	
1	14	19	それから発声練習ね。	
1	14	19	声を発射する感じよ。	
1	12	19	帰るのが遅くなって。	
1	10	19	・・・ん、どうした？	
1	12	19	泣いてるのか、お前？	
1	12	19	俺は・・・俺・・・・	
1	10	19	もよろこんでくれる。	
1	10	19	ありがとうな・・・・	
1	12	19	俺は・・・俺は・・・	
1	13	19	なんとフグが3割引！	
1	11	19	わたしお金ないから、	
1	11	19	になる気はないかね？	
1	13	19	お客さんも大喜びだ。	
1	13	19	・・・大丈夫だって。	
1	10	19	ただのバカじゃない。	
1	14	19	公演は絶対にやるぞ！	
1	14	19	オレは絶対に反対だ！	
1	13	19	悪いが、もう限界だ。	
1	12	19	主役がいなくなって、	
1	12	19	こんな古い物がぁ～、	
1	11	19	ウチは扱ってないよ。	
1	11	19	私をなんだと・・・・	
1	13	19	会長がお呼びです。）	
1	11	19	ただいま参りまーす！	
1	10	19	、いいニュースだぞ。	
1	12	19	これは聖書なんだが。	
1	11	19	書かれておるわけだ。	
1	14	19	何百億って金を・・・	
1	14	19	滅茶苦茶にしてやる。	
1	16	19	資源の有効活用だよ？	
1	10	19	なかったんだけどさ。	
1	15	19	全部で30円かなぁ。	
1	13	19	全然売れないんだよ。	
1	10	19	どうなるんでやんす！	
1	10	19	もうかったでやんす。	
1	15	19	の教育上の問題です。	
1	12	19	巡回してるんですよ。	
1	11	19	ほら、かせいだお金も	
1	13	19	一員として扱います。	
1	10	19	ちゃんもがんばって。	
1	11	19	命をかけてがんばる。	
1	13	19	いい芝居を見せるの。	
1	12	19	２人とも良かったよ。	
1	10	19	ちゃん、よかったな。	
1	10	19	チャンスじゃないか。	
1	10	19	おお～、なるほど～。	
1	10	19	そんなヒマはないな。	
1	11	19	上がるってもんだぜ。	
1	14	19	ダチョウの脱走事件で	
1	11	19	よし、行くぞみんな！	
1	12	19	よしっ、内に入れた。	
1	11	19	かあたりを見まわす。	
1	11	19	とりあえず逃げるぞ！	
1	11	19	とりあえず逃げよう！	
1	10	19	ね７（キキキー！！）	
1	11	19	何がどうなって・・・	
1	11	19	好きじゃないんだよ。	
1	11	19	教えてやってるんだ。	
1	10	19	くんがわたしになって	
1	11	19	言ってるだけでしょ。	
1	10	19	あんたこそ、なんにも	
1	11	19	こんなくだらない事で	
1	15	19	練習時間潰してるのが	
1	10	19	もったいないんだよ！	
1	11	19	でも、ケガが直ったら	
1	14	19	は、必ず舞台に戻る！	
1	12	19	開いていたのを見た。	
1	11	19	隠してきたのになぁ。	
1	11	19	う・・・特になにも。	
1	12	19	ジュース買って来い！	
1	13	19	脚本を直してたのか？	
1	11	19	わかった、すぐ行く！	
1	14	19	突然燃え出したんだ。	
1	12	19	観に行ってたんだぜ。	
1	10	19	あっさりしたもんだ。	
1	14	19	警察は何か言ってた？	
1	14	19	今年は、本当に・・・	
1	13	19	さあ、早く家に帰って	
1	14	19	悪者を発見でやんす！	
1	14	19	巨大化した虫たちか。	
1	11	19	知られたかもしれん！	
1	11	19	ずいぶんと探したぜ。	
1	11	19	お前はいったい・・・	
1	11	19	どこかへ去っていく。	
1	11	19	だいたいお前は・・・	
1	13	19	中に入って来れない。	
1	11	19	行ってしまうはずだ。	
1	12	19	じゃあ、お疲れ様～！	
1	12	19	じゃあ、ご飯作るから	
1	10	19	ゆっくりしておいて。	
1	12	19	でも、この本棚・・・	
1	12	19	昔から慣れてるから。	
1	12	19	それに、劇団のために	
1	13	19	お金が必要だからね。	
1	12	19	に看病してもらうよ。	
1	11	19	わたし気にしないよ。	
1	12	19	い俺が気にするんだ！	
1	13	19	いその勝負、受けた！	
1	10	19	それならいいでしょ。	
1	10	19	いいかもしれないな。	
1	14	19	これは演出の命令よ。	
1	10	19	いそんなことはない。	
1	10	19	でも、それがどうして	
1	11	19	まあ、よそから見れば	
1	11	19	言ってなかったっけ？	
1	11	19	さん、よろしく頼む。	
1	12	19	・・・大変なんだよ！	
1	13	19	今すぐ助けに行こう！	
1	13	19	悪いがおれは心配だ。	
1	11	19	耳をかしちゃダメだ！	
1	12	19	本当にわかってんの？	
1	10	19	めったにないんだぞ！	
1	11	19	それにしても、俺って	
1	11	19	マジで優しいよなぁ。	
1	11	19	よし、俺にまかせろ！	
1	11	19	それでもう忘れて。）	
1	12	19	って足も速いのかよ。	
1	11	19	言っているんだよな？	
1	11	19	。ドア開けてやるよ。	
1	12	19	い一緒にやってみる？	
1	12	19	さん、昼食・・・・・	
1	14	19	一人で行って欲しい。	
1	11	19	じゃあ、行ってくる。	
1	14	19	針で空気を抜いたり、	
1	12	19	人違いじゃないのか？	
1	10	19	そうかもしれないな。	
1	11	19	しかも動いていたし。	
1	12	19	じゃあ、次は俺だな。	
1	10	19	いつでもＯＫだよ～！	
1	14	19	この聖夜の空の下で。	
1	12	19	さんでも無理だよな。	
1	15	19	今日も機嫌が悪いのか	
1	11	19	例えば・・・・・・。	
1	13	19	さんが切った野菜で、	
1	14	19	自分で作ってる方が、	
1	13	19	何でボールに火花が！	
1	11	19	さんは来てないのか？	
1	13	19	家に持って帰りたい。	
1	12	19	話が変わってるだろ！	
1	11	19	ちょっと恥ずかしい。	
1	12	19	我慢する・・・・・。	
1	10	19	だったんだからね～。	
1	11	19	今のボ～クじゃあ～。	
1	14	19	本人は元気そうだし。	
1	12	19	もちろん練習だよ～。	
1	12	19	練習しているのさ～。	
1	11	19	さんのお金だけどね。	
1	13	19	なんか元気が無いな）	
1	13	19	最後の草ってなんだ？	
1	13	19	何の草を入れたんだ？	
1	12	19	作ったのはお前だろ！	
1	13	19	思ったけど無理かあ。	
1	10	19	いや、まあいいけど。	
1	10	19	にはなりたくないな。	
1	12	19	手を貸してやるから。	
1	10	19	もらってるじゃない。	
1	13	19	さんは音楽会じゃあ、	
1	13	19	さんが自分で考えて、	
1	11	19	さんはしっかり考えて	
1	13	19	さんは何かしら決断を	
1	11	19	さん。何をしてるの？	
1	13	19	買い物好きなのかな？	
1	14	19	役不足って感じだね。	
1	12	19	もちろんお金取るよ。	
1	13	19	好きな物が食べれる。	
1	10	19	ちっとも・・・・・。	
1	13	19	さんが包丁を持つと、	
1	11	19	今はそれだけでいい。	
1	11	19	もう終わりにするよ。	
1	14	19	普段から無口だけど。	
1	11	19	許してくれないかな？	
1	11	19	だから気にしないで。	
1	10	19	じゃあ、ありがとう。	
1	12	19	何の事なんだろう？）	
1	11	19	さん、知ってますか？	
1	14	19	飛行機を作りました。	
1	11	19	じゃないかと思って。	
1	11	19	例えば、み・・・・・	
1	10	19	ですよ、おじいちゃん	
1	12	19	人間じゃないじゃん。	
1	11	19	さんが決めるといい。	
1	14	19	俺と一緒に行くのか、	
1	12	19	さんなら、離れる方を	
1	12	19	どんな選択をしても、	
1	12	19	まったく理解できん。	
1	11	19	じゃあ、また来ます。	
1	11	19	そいつは男じゃない！	
1	10	19	じゃあ、いつもので。	
1	10	19	がかかるんだろうな。	
1	12	19	と何か話してからか。	
1	11	19	さんに何かあったの？	
1	11	19	とか言ってきたから。	
1	11	19	声をかけただけだよ。	
1	11	19	何をしているんだよ？	
1	12	19	だから私は持たない。	
1	11	19	さんが居なかったらね	
1	12	19	やっぱり何を企んでる	
1	10	19	そうなおじいちゃん。	
1	11	19	考えてただけだから。	
1	12	19	対して優しくないぞ！	
1	14	19	不安妄想スパイラル。	
1	12	19	嫌な事ばかりさせて。	
1	12	19	何とも思わないのか？	
1	10	19	さんピアノできるの？	
1	11	19	それは黒になります！	
1	10	19	みたいになってるし。	
1	11	19	それにやる気モードの	
1	12	19	本当にありがとうな。	
1	10	19	マスターなんだけど。	
1	13	19	君は私がすすめた本を	
1	10	19	だけど・・・・・・。	
1	11	19	聞こえてるんでしょ？	
1	14	19	店に変質者がいます。	
1	13	19	そして眼差しは疑い！	
1	14	19	私に見世物になれと？	
1	12	19	さんの友達っていうと	
1	11	19	入りそうでしょう～？	
1	12	19	理解できないんだが。	
1	10	19	しまっただけだよ～。	
1	12	19	その姿をどう見たら、	
1	11	19	なんで、あんな所に？	
1	14	19	凄い！凄い技術だぞ！	
1	11	19	をチームに入れれば、	
1	11	19	ちょ・・・！待てっ！	
1	12	19	誰が淹れているんだ？	
1	11	19	これはただの願いだ。	
1	12	19	さんと仲良くなりたい	
1	12	19	願いはきっと叶うよね	
1	13	19	何個買ってきたのさ？	
1	13	19	栄養が偏っちゃうよ。	
1	11	19	そっちも買ってきた。	
1	11	19	直さないとダメだあ。	
1	14	19	大丈夫だと思うけど。	
1	11	19	サルと言いたいのか？	
1	11	19	がわかる気がしたよ。	
1	11	19	ここは聞いておこう）	
1	12	19	嫌いな物とかないの？	
1	11	19	そりゃ、どんな物でも	
1	10	19	らバタバタするよな。	
1	10	19	よくできてるでしょ？	
1	11	19	さんのお金じゃないん	
1	13	19	机の上に何かあるぞ？	
1	14	19	生活する必要はない。	
1	11	19	なんで、そう思うの？	
1	14	19	偶然を装い聞くのよ。	
1	13	19	で、虫歯って何だよ？	
1	12	19	さんは虫歯になるのが	
1	12	19	さんは友達がいない。	
1	15	19	相手を眠らせる方法？	
1	11	19	その時にはよろしく。	
1	10	19	みせつけちゃおうよ！	
1	13	19	瞬間に殺されるかも。	
1	12	19	私には夢があるから。	
1	11	19	を貯めておくんだ～。	
1	12	19	鼻の穴に・・・・・・	
1	14	19	何を言っても無駄か。	
1	12	19	読みながら食べたい。	
1	12	19	言ってるよ、この人。	
1	11	19	さんらしいと言えば、	
1	11	19	減るもんじゃないし。	
1	14	19	やっぱり今日も元気に	
1	10	19	ダメしてるんだね～。	
1	13	19	誰の事を言ってたの？	
1	12	19	滅多になかったしね。	
1	13	19	あそこの雰囲気だけ、	
1	14	19	本当にあの人２４歳？	
1	14	19	本屋に行った帰りには	
1	10	19	な～にするんだよ～。	
1	12	19	仕事だし・・・・・。	
1	10	19	おごってくれるのか？	
1	12	19	誰もが助けてくれた。	
1	11	19	のが好きみたいだね。	
1	10	19	やってあげてもいいよ	
1	10	19	くれてたらいいから。	
1	13	19	さん、料理作れたの？	
1	13	19	一緒に住んでるけど、	
1	15	19	私も一回も作った事が	
1	13	19	薄々感じていたけど、	
1	12	19	さんが言っている事を	
1	12	19	認める事はできない。	
1	11	19	なんかの嫌がらせか？	
1	10	19	やっぱり・・・・・・	
1	10	19	キャアアアアアアア！	
1	11	19	じゃあ、すぐ行こう！	
1	13	19	本人に聞いてみれば？	
1	11	19	これをよく見たまえ。	
1	11	19	しかし、この動かない	
1	10	19	なんとかなるだろう。	
1	12	19	が仲間になりました）	
1	11	19	着てくれないんだよ。	
1	11	19	むしろ着てください。	
1	13	19	これは貴方が食べて。	
1	10	19	コーヒーじゃないか！	
1	10	19	からいいじゃないか。	
1	13	19	行って玉砕してこい。	
1	12	19	意味がわからないが、	
1	12	19	いつも一緒じゃない。	
1	11	19	作られたのでしょう？	
1	15	19	彼女は明るく奔放で、	
1	11	19	君がいるからだしね。	
1	14	19	貴方の為に弾くから。	
1	13	19	それになぜに関西弁！	
1	11	19	って事なんだけどね。	
1	11	19	かなと思ったんだ～。	
1	13	19	だって最初から何でも	
1	12	19	が心から笑わせたいと	
1	14	19	逃げている事が一番、	
1	15	19	君と一緒に行く事は、	
1	14	19	私は貴方という鎖が。	
1	11	19	どれだけ大きくても、	
1	12	19	さんにもらった枝折と	
1	13	19	前に進む事ができる。	
1	13	19	飛び立たせて欲しい。	
1	13	19	殿はご乱心でござる！	
1	13	19	突然、何をするんだ！	
1	14	19	の何倍も上手だからな	
1	14	19	あの子の前で頑張って	
1	10	19	になるんだろうけど）	
1	10	19	だったんだあああ！）	
1	13	19	世間が許しませんわ。	
1	12	19	さっそく家に帰って、	
1	11	19	待っていてください。	
1	10	19	キーボードってなに？	
1	15	19	やるな電脳世界の王）	
1	10	19	それと・・・・・・。	
1	11	19	いいと思うんだけど。	
1	11	19	さんの口に・・・・。	
1	11	19	諦めるしかないだろ。	
1	11	19	もう、放っておけば。	
1	11	19	何かモヤっとしたのが	
1	12	19	心の中にあるでしょ？	
1	10	19	さんって・・・・・・	
1	12	19	直球きたあーーーー！	
1	12	19	さんのこと大好きだよ	
1	11	19	だから、そこに来て。	
1	12	19	ちょっとお腹が空いた	
1	11	19	思えないうまさだよ！	
1	12	19	そんな事を言いながら	
1	11	19	僕のレベルは９９だ！	
1	11	19	行けないじゃないか！	
1	14	19	黄色く変色・・・・。	
1	11	19	がそう言うんだから、	
1	12	19	間違いないんだろう。	
1	14	19	たぶん俺以上にお前は	
1	10	19	わかってんだろうし、	
1	13	19	実家に帰ったんだよ。	
1	12	19	何か知っているのか？	
1	15	19	自分で飛び立つ為に。	
1	11	19	とか言いそうなのに。	
1	11	19	さあ、行きましょう！	
1	13	19	物心がついた時には、	
1	14	19	グループ次期社長」。	
1	13	19	私を締め上げていく。	
1	13	19	誰もが貴方のように、	
1	10	19	だから・・・・・・・	
1	10	19	だけど・・・・・・・	
1	11	19	しばらく待っとくよ。	
1	11	19	何につまづいたんだ？	
1	13	19	だ、大丈夫でしたか？	
1	11	19	て言ったんじゃない。	
1	14	19	顔中、火傷になるぞ！	
1	11	19	よし！入ってみるか！	
1	10	19	きっと・・・・・・）	
1	12	19	そ、それが一番だな。	
1	13	19	ちゃん。会計お願い。	
1	11	19	言っておきなさいよ。	
1	13	19	ねえ、なんで無表情？	
1	11	19	飛びまわれるように。	
1	12	19	さんの家に住むように	
1	10	19	グローバルシステム」	
1	11	19	君には・・・・・・。	
1	14	19	お嬢様の付き人です。	
1	12	19	だけど君が望むなら、	
1	11	19	口にしないんだから。	
1	10	19	（そして・・・・・）	
1	12	19	さんも、野球します？	
1	12	19	こんな所に用はないし	
1	14	19	今日から仕事ですか。	
1	11	19	知っていらっしゃる。	
1	11	19	さんが決めてくれよ。	
1	11	19	思っていたのですが。	
1	11	19	そんな訳ないじゃない	
1	11	19	カラオケで歌おうぜ。	
1	12	19	お父さん帰ってるの？	
1	13	19	調べる事が多くてね。	
1	13	19	準備を整えるために、	
1	11	19	さんがいると思って、	
1	13	19	持って帰れる量だし。	
1	12	19	これを返しに来ただけ	
1	12	19	何を騒いでいるんだ？	
1	12	19	あー、持って帰るか？	
1	10	19	さんのせいだからな！	
1	14	19	玄関の鍵が開きっぱな	
1	10	19	こんなのあったっけ？	
1	11	19	聞いていきますかな？	
1	11	19	ほら、投げてくれよ。	
1	10	19	じゃあ・・・これで。	
1	11	19	君もまだまだですぞ。	
1	11	19	ワタシは、こう見えて	
1	11	19	さんが気にするんだ？	
1	10	19	さん、いくらなんでも	
1	12	19	さん案内してあげて。	
1	10	19	かかってきますよね？	
1	11	19	まかないの残りだけど	
1	11	19	開きっぱなしだった。	
1	10	19	もうクリスマスかぁ。	
1	12	19	思い出したくないね。	
1	10	19	こうしてクリスマスを	
1	10	19	だまされてたのかな？	
1	11	19	つき合ってるならさ。	
1	11	19	食べるとよいですぞ。	
1	11	19	またよくわからない肉	
1	12	19	こ、これ何の肉だよ！	
1	14	19	今日は、一段と・・・	
1	14	19	一緒に、家に行くか。	
1	13	19	私が大吉だったから、	
1	12	19	じゃあ、行って来る。	
1	10	19	なかなかやりますね。	
1	11	19	。話はつきましたぞ。	
1	11	19	準備をしておこう。	
1	12	19	練習休もう・・・。	
1	10	19	もう忘れたのかい？	
1	10	19	疲れているんだな。	
1	9	19	、がんばってるね。	
1	12	19	通して練習しよう。	
1	10	19	古いマンガか・・・	
1	11	19	今日バイトなんだ。	
1	11	19	やっぱり無理だよ。	
1	11	19	それで、ご注文は？	
1	12	19	俺も大人げないな。	
1	10	19	鍛えてきたからな！	
1	11	19	おい刀を抜いたぞ！	
1	9	19	では、ごゆっくり。	
1	10	19	なにか落ちてるぞ。	
1	11	19	同じ物ですけどね。	
1	9	19	がんばってるねぇ。	
1	10	19	あたしが悪いんだ。	
1	11	19	どうです、景気は？	
1	9	19	こうガツーンとね。	
1	12	19	絶対に勝ってくれ！	
1	9	19	みたいでやんすよ。	
1	10	19	昔からか・・・・・	
1	10	19	が一つになった！）	
1	11	19	の的に当てたので、	
1	10	19	あんなにお客さんが	
1	9	19	ほんとうだなぁ～。	
1	9	19	するようになって、	
1	14	19	商店街でお買い物？	
1	10	19	うん、そんな感じ。	
1	13	19	屋根裏の奥の・・・	
1	9	19	モツイコ、モツイド	
1	9	19	グヒャーーー！！！	
1	9	19	・・・なるほどな。	
1	10	19	あの犬じゃないか。	
1	13	19	よし、練習開始だ！	
1	12	19	同じ展開だからな。	
1	12	19	時期は１２月です。	
1	12	19	腕を振り回しながら	
1	10	19	危ないじゃないか！	
1	9	19	そうだよな、うん。	
1	9	19	カキーーーン！！）	
1	11	19	それなら安心だな。	
1	9	19	よかったよかった。	
1	13	19	輝かしい第一歩だ。	
1	12	19	泳ぐという行為は、	
1	12	19	配達は終わったの？	
1	11	19	はお休みの日だよ。	
1	11	19	どんなに練習しても	
1	12	19	を押すと、少し前の	
1	10	19	みたいな人、かな？	
1	11	19	ちゃんと練習しろ！	
1	10	19	おお、吉でやんす！	
1	10	19	食われちまえ～！！	
1	11	19	オウ!オウ!・・・	
1	11	19	伝授いたしまーす！	
1	9	19	こうして・・・・・	
1	10	19	言ってないでしょ！	
1	9	19	うらやましいかな。	
1	10	19	待ちくたびれたよ。	
1	11	19	ひょっとして迷惑？	
1	10	19	とどめを刺します！	
1	10	19	あれ、お母さんは？	
1	10	19	俺たちがやられると	
1	10	19	みんな喜ぶのカニ。	
1	12	19	に手伝いに行くか。	
1	12	19	俺は苦手だからだ！	
1	9	19	こともなくなった。	
1	9	19	チームのためだろ。	
1	11	19	公演があるんです！	
1	9	19	ああ、そうなのか。	
1	10	19	に来てくれたまえ。	
1	10	19	喜んでくれないの？	
1	11	19	景気はどうなんだ？	
1	9	19	ああ・・・まぁな。	
1	11	19	また遊びに来てよ。	
1	12	19	とか言う所の人が。	
1	10	19	はお休みでやんす。	
1	10	19	知らなかったのか？	
1	9	19	おい、どうした？！	
1	10	19	食べてくれないの？	
1	10	19	見つけたでやんす！	
1	10	19	遊んでるでやんす！	
1	9	19	だいたいわかるさ。	
1	9	19	いいから、いこう。	
1	9	19	（ドガーーン！！）	
1	10	19	助かったでやんす！	
1	9	19	・・・してねぇよ。	
1	10	19	忘れないでくれよ。	
1	10	19	こう走って・・・・	
1	10	19	お前、そんなことも	
1	10	19	教えてくださいよ。	
1	9	19	うれしそうですね。	
1	9	19	がんばってるところ	
1	10	19	ユニフォーム着ろ！	
1	9	19	なにやってるんだ？	
1	11	19	配達はすんだのか？	
1	9	19	、そこまでにしろ！	
1	10	19	帰ったんでやんす？	
1	11	19	でも、その生き方は	
1	11	19	本当だ、バットだ。	
1	9	19	それはそうだけど。	
1	10	19	しない方がいいわ。	
1	11	19	帰るのが遅いから。	
1	9	19	そ、そうですかね。	
1	9	19	いや、そんな・・・	
1	11	19	ちゃん少し休もう。	
1	10	19	ペースが速すぎる。	
1	9	19	・・・といっても、	
1	12	19	お父さん次第だな。	
1	9	19	それより、あたし、	
1	11	19	変なヨロイ着てたら	
1	10	19	なんだ、この石は？	
1	10	19	客からのクレームと	
1	11	19	私たちの方ですよ。	
1	10	19	ちょっと照れます。	
1	10	19	思ってたんだけど、	
1	9	19	みたいでやんすね。	
1	11	19	食べたこと無いの？	
1	10	19	出せなくてごめん。	
1	10	19	作りがいがあるわ。	
1	12	19	初めて会った時に、	
1	10	19	目がマジだった。）	
1	9	19	・・・・まったく。	
1	12	19	空腹で死んでたよ。	
1	13	19	仕事紹介するから。	
1	10	19	夢をかなえるために	
1	9	19	とてもいいことだ。	
1	11	19	寝るのが早いよね。	
1	10	19	あの犬のことかね？	
1	11	19	ご存知なんですか？	
1	14	19	との最終決戦を前に	
1	12	19	さあ、一曲歌うよ！	
1	10	19	コーヒーでも飲んで	
1	12	19	お互い協力すれば、	
1	10	19	おい、キミ達・・・	
1	11	19	寝ていた方がいい。	
1	9	19	ええ、わかります。	
1	10	19	疲れてるんですよ。	
1	11	19	ライスの作り方を。	
1	10	19	お父さんみたいには	
1	12	19	、練習に来たのか。	
1	9	19	ねえ、このケーブル	
1	11	19	まきとられる仕組み	
1	11	19	大事にしたいって、	
1	13	19	相手を煙に巻いて、	
1	11	19	注意しよう・・・）	
1	10	19	やっぱりお前かよ。	
1	11	19	スカした野郎だぜ。	
1	12	19	昨日の晩、ここで？	
1	9	19	あるんだけど・・・	
1	10	19	どう考えているの？	
1	12	19	で修行した技です。	
1	9	19	わけじゃないだろ？	
1	10	19	って言われたから。	
1	12	19	全部俺があずかる。	
1	11	19	そういえば、今日も	
1	11	19	計画したのでカニ。	
1	10	19	来るんじゃないか！	
1	9	19	いいんだが・・・）	
1	10	19	いったい誰からだ？	
1	11	19	ま、仕方がないな。	
1	11	19	お前、ここへ住め！	
1	11	19	が活躍してくれれば	
1	9	19	くやしいでやんす！	
1	11	19	家族サービスだよ。	
1	9	19	どうなってるんだ。	
1	11	19	として有名なんだ。	
1	9	19	ういいかげんだな。	
1	12	19	ねえ、風来坊さん。	
1	9	19	まあ、なるべくな。	
1	9	19	ないんでやんすか？	
1	9	19	いハハハ、まさか！	
1	11	19	チョウの幼虫・・・	
1	9	19	・・・お、そうだ！	
1	10	19	ほら、貸すからね。	
1	14	19	野球関係の人かな？	
1	10	19	困ることはないな。	
1	9	19	とりついておるぞ。	
1	11	19	追い払ってくれよ！	
1	9	19	どうしてまた・・・	
1	11	19	みんなに発表だな。	
1	10	19	やめた方がいいぞ。	
1	12	19	虚偽と知るがよい。	
1	9	19	だから、そうやって	
1	11	19	監督をやってきた。	
1	11	19	お金を貸してたな。	
1	10	19	持っていたからな。	
1	10	19	少しわけてあげる。	
1	9	19	ちゃんじゃないか！	
1	12	19	劇団に入ったんだ。	
1	10	19	、欲しがってたから	
1	13	19	本当に働き者だね。	
1	10	19	助けてやってくれ。	
1	10	19	この前だって・・・	
1	11	19	あの苦労は、あんな	
1	11	19	に墜落したそうだ。	
1	12	19	が練習に使っている	
1	10	19	良くありませんね。	
1	11	19	ひょっとして買主は	
1	9	19	・・・あー、いや。	
1	12	19	観客も呼ぶらしい。	
1	10	19	まず、勝てますよ。	
1	12	19	の３人も参加する。	
1	10	19	が強くなったのなら	
1	10	19	考えてみろや、な？	
1	9	19	」２００グラムさ。	
1	9	19	なりそうなんでね。	
1	10	19	わからねえ奴だな。	
1	9	19	・・・ま、いいや。	
1	13	19	の長さに応じた期間	
1	11	19	大事なんですかね？	
1	12	19	が主人を追いかけて	
1	10	19	食べられないだろ。	
1	10	19	しょう油もらうよ。	
1	10	19	住んでないんだよ。	
1	11	19	見直したでやんす！	
1	10	19	せっかく来たのに。	
1	11	19	さんとの関係だよ！	
1	9	19	ワシをだましたの？	
1	9	19	ひどいよ、それは。	
1	11	19	さんが同じ考えで。	
1	9	19	だから、こうやって	
1	10	19	むうっ、誰だっ？！	
1	9	19	・・・ええと・・・	
1	11	19	あの、あんた本当に	
1	9	19	なかったんですか？	
1	9	19	またてっきり・・・	
1	10	19	断われないからな。	
1	10	19	初めてだから・・・	
1	12	19	よし、俺も練習だ！	
1	9	19	だが、そのころには	
1	11	19	安心していてくれ。	
1	10	19	どう、食べてみる？	
1	10	19	いったいなんの用？	
1	10	19	じゃあ、２００円。	
1	11	19	野球なんだなぁ～。	
1	9	19	あげるんだなぁ～。	
1	9	19	それよりキムチだ。	
1	11	19	入って来てるんだ。	
1	12	19	い警察に届けよう。	
1	13	19	余計な用事が・・・	
1	12	19	遠慮せずに食べて。	
1	10	19	を押すとカーソルは	
1	11	19	なかなか大変だな。	
1	12	19	野手を動かすんだ。	
1	10	19	動いているからな。	
1	11	19	お世話になります。	
1	10	19	気がしてきたぞ。）	
1	12	19	ちゃんの古本屋ね。	
1	9	19	ちなみに、あたしや	
1	11	19	６つも年上なんだ。	
1	11	19	その窓隠れてたの。	
1	11	19	人を泣かすなバカ。	
1	10	19	じゃ、食べるものを	
1	11	19	野球ゲームだけど、	
1	10	19	思ってなかったぁ。	
1	10	19	呼んでいいからね。	
1	11	19	外は寒いでしょう。	
1	10	19	欲しいですからね。	
1	13	19	経営者に逆らったら	
1	15	19	今の時代、圧倒的に	
1	9	19	・・・あ、そうだ！	
1	10	19	のこと好きでしょ？	
1	9	19	がんばってみるよ。	
1	9	19	しておくでやんす。	
1	11	19	たぶんお前の方だ。	
1	11	19	ずいぶん昔の話だ。	
1	13	19	一瞬本気にしたぞ。	
1	11	19	一緒にがんばろう。	
1	11	19	やがて、皆の中から	
1	10	19	消えていくはずだ。	
1	11	19	は見当たらないな。	
1	10	19	固まってきたよね。	
1	11	19	に主役をやらせる？	
1	12	19	の事故も、その辺が	
1	10	19	ちょうど良かった。	
1	11	19	がやるなら安心だ。	
1	12	19	がお前を主役にって	
1	10	19	とにかく汚いから！	
1	11	19	ちなみにその芸名は	
1	9	19	うれしかったけど、	
1	10	19	は昔ソフトボールで	
1	13	19	・・・先生と会長？	
1	11	19	いや上達って・・・	
1	10	19	も入ってみようか。	
1	11	19	おれが最初だから、	
1	10	19	ちょっと寒いけど。	
1	10	19	ほんと厳しかった。	
1	9	19	よくわかったね～。	
1	10	19	思われたいじゃん。	
1	10	19	あたしのこと好き？	
1	9	19	ちぇっ、やだなぁ。	
1	9	19	あるみたいですし。	
1	11	19	この人がお父さん？	
1	10	19	どうも初めまして。	
1	12	19	お前は、俺に代って	
1	11	19	この古さ、汚なさ。	
1	13	19	全部お金出すから！	
1	13	19	なお、視聴者の方に	
1	9	19	つぶされたら・・・	
1	9	19	なんてたくさんだ。	
1	9	19	だから、バツとして	
1	9	19	カレーがうまいぜ！	
1	12	19	の奴、打ち込まれて	
1	14	19	の行動は不自然だ。	
1	10	19	払っておこうかと。	
1	13	19	今仕事終わったよ。	
1	9	19	なるんじゃないぞ。	
1	9	19	それは・・・その。	
1	10	19	確かここだったな。	
1	9	19	あ、あたし・・・・	
1	12	19	支店長なんだぞぉ！	
1	11	19	手伝ってもらってる	
1	9	19	その、えーと・・・	
1	11	19	商売してるからね。	
1	11	19	急いで助けないと！	
1	9	19	・・・ハッハーン。	
1	13	19	計画を提案した！）	
1	9	19	どうなってるんだ！	
1	9	19	ああ、なるほどね。	
1	9	19	いいかげんにしろ！	
1	11	19	別にそれで甘・・・	
1	10	19	じゃあ決まりだね。	
1	9	19	・・・そうなんだ。	
1	9	19	じゃあ、これからも	
1	9	19	あなたがいたほうが	
1	11	19	のことを、天国から	
1	11	19	街へ帰りました。）	
1	10	19	来たんじゃないの？	
1	9	19	ちなみに、わたしも	
1	12	19	は、舞台を作ったり	
1	9	19	こんなところかな。	
1	9	19	がんばりましょう！	
1	9	19	くんはどこなんだ？	
1	12	19	割と有名なんだろ、	
1	9	19	どうぞ、これです。	
1	9	19	やだ、あたしったら	
1	9	19	さん、ありがとう！	
1	13	19	の店番の曜日だよ。	
1	12	19	の研究所のデータを	
1	10	19	調べられないのか？	
1	9	19	まあ、できるけど。	
1	12	19	選択肢があるので、	
1	11	19	注意してください）	
1	11	19	表示できないのか？	
1	10	19	膨らませたら・・・	
1	11	19	転写するらしいよ。	
1	9	19	だから・・・うん。	
1	11	19	それは売り物だぞ！	
1	9	19	ああ、ありがとう！	
1	10	19	珍しいらしいがな！	
1	13	19	明日も頑張ろうね。	
1	11	19	はい、お疲れ様～。	
1	14	19	元プロ野球選手の。	
1	9	19	つかれたでやんす。	
1	10	19	どうしてそう思う？	
1	12	19	が買い取った所から	
1	11	19	争いも終わります。	
1	11	19	、今日もバイトか。	
1	13	19	音響設備もないし。	
1	9	19	じゃあ、みなさん。	
1	13	19	邪魔者は消えるよ。	
1	11	19	挑戦するでやんす！	
1	10	19	・・・待ってるよ。	
1	11	19	い中に入ってみる。	
1	13	19	試合形式のことだ。	
1	11	19	が相手よりもずっと	
1	12	19	をおす事で、特殊な	
1	12	19	何回でも使えるぞ。	
1	12	19	俺も後から行くよ。	
1	10	19	、何をしてるんだ。	
1	9	19	びっくりしたけど。	
1	12	19	責任は重くなった。	
1	10	19	強くならないとな。	
1	12	19	新聞に載っていた。	
1	9	19	・・・いいかげん、	
1	10	19	まだ帰らないのか？	
1	12	19	お客さんに失礼よ。	
1	10	19	それはお客さんには	
1	11	19	用意しておいてね。	
1	11	19	じゃあ、お疲れ様！	
1	9	19	みんなもそうだろ！	
1	9	19	だからまかしてよ。	
1	10	19	なんだか俺のことを	
1	12	19	直接聞いてみよう。	
1	10	19	ほら！これ見てよ！	
1	10	19	今まで・・・・・・	
1	9	19	ほら、ほら、ほら！	
1	10	19	確かにひかれたわ！	
1	11	19	証拠はないんだろ？	
1	9	19	これは・・・・・！	
1	10	19	あたしの骨が・・・	
1	9	19	ということは・・・	
1	11	19	前に進めませんよ。	
1	9	19	しまったんですよ。	
1	9	19	すればいいんだわ。	
1	10	19	続けてやっていれば	
1	11	19	・・・受け取って。	
1	11	19	君と別れたくない！	
1	10	19	なに倒れてるんだ。	
1	12	19	おい、大丈夫かい。	
1	12	19	ちゃん、大丈夫か！	
1	10	19	ちゃん、着いたぞ。	
1	9	19	あおぐしかないか。	
1	12	19	は、助っ人が入って	
1	10	19	入ってきたりして。	
1	13	19	外骨格は、割れると	
1	11	19	帰った方がいいぞ。	
1	9	19	もてなかったけど、	
1	11	19	ああ、青春カニ～。	
1	10	19	来ちゃいましたね。	
1	9	19	やっつけるカニ～！	
1	9	19	いなくなるなんて！	
1	11	19	そんなの無理だよ！	
1	13	19	くんの役は子供役。	
1	9	19	なんとかなるかも！	
1	9	19	やめさせてもらう！	
1	10	19	降りさせてもらう！	
1	10	19	通しゲイコするよ。	
1	11	19	前に来たときには、	
1	9	19	いらっしゃい・・・	
1	9	19	のプラモでやんす！	
1	9	19	が、あるでやんす！	
1	10	19	揃ってるでやんす！	
1	10	19	お前のスピリッツ、	
1	10	19	アレが見つかった。	
1	9	19	ええっ、まさか？！	
1	11	19	証明になるのだぞ。	
1	10	19	お金がもったいない	
1	10	19	ボーナスを出そう。	
1	10	19	本がかわいそうだ。	
1	11	19	私が言ってるのは、	
1	9	19	すごくありません！	
1	9	19	どうするんですか！	
1	11	19	それと、その収入は	
1	10	19	お願いいたします。	
1	13	19	緊張感足りないよ。	
1	9	19	かもしれないけど、	
1	11	19	その役を信じるの。	
1	9	19	そのおかげかもね。	
1	10	19	とにかく頼んだぞ！	
1	11	19	ダチョウが隣の町の	
1	10	19	やめた方がいいと、	
1	10	19	ずいぶん苦しいが、	
1	12	19	食べ放題タ～イム！	
1	13	19	ぎりぎり脱出成功。	
1	10	19	頭がガンガンする。	
1	9	19	（パンパンパン！）	
1	9	19	あんたのことなんか	
1	9	19	さびしかったから、	
1	11	19	だから出て行けよ！	
1	11	19	それで毎日のように	
1	11	19	の事が好きだから。	
1	11	19	ばっ、ばっか野郎！	
1	9	19	（ブォーーーーン）	
1	9	19	しくじっちまった。	
1	11	19	あんた主役でしょ！	
1	10	19	ほら、これと同じ。	
1	14	19	脳との接続の関係で	
1	11	19	けっこう便利だよ。	
1	11	19	今後ともよろしく。	
1	10	19	みたいな感じなの。	
1	10	19	すぐに行かなきゃ！	
1	13	19	もう公演は中止だ。	
1	11	19	ちゃん落ち着いて！	
1	12	19	だが現実を見ろよ。	
1	10	19	じゃあ言ってやる。	
1	9	19	ちゃん、どうした？	
1	9	19	なにもなかったよ。	
1	9	19	それが・・・どうも	
1	12	19	うん・・・大丈夫。	
1	13	19	で巨大化させた虫で	
1	13	19	お前も一緒に来い！	
1	10	19	・・・行ってくる。	
1	9	19	なんになるんです！	
1	11	19	もうこんな時間か。	
1	11	19	なかなか大変だよ。	
1	10	19	お礼もまだだしね。	
1	11	19	恥を捨てることよ。	
1	11	19	外に出ていようか？	
1	13	19	この部屋の感想は。	
1	10	19	そのスーパーの車に	
1	9	19	あるみたいですね。	
1	9	19	じゃあ、とりあえず	
1	9	19	じゃあ、バイバイ。	
1	12	19	日々が始まった！）	
1	11	19	君、彼にいろいろと	
1	12	19	ちゃん、大丈夫か？	
1	11	19	はい、今晩ですか？	
1	9	19	・・・がんばれよ。	
1	10	19	を守ってやらなきゃ	
1	11	19	おれは助けに行く。	
1	11	19	これは彼女にとって	
1	12	19	俺は助けに行くぞ！	
1	12	19	・・・全部脱ぐの。	
1	11	19	悪い奴じゃないか。	
1	12	19	君の事を見てきた。	
1	13	19	俺には君が必要だ。	
1	9	19	あなたはいらない！	
1	11	19	いハンサム７０未満	
1	10	19	どこに行きやがった	
1	10	19	はすぐに逃げようと	
1	10	19	さんは来てないよ。	
1	10	19	見てればいいよ～。	
1	9	19	それでコメントは？	
1	9	19	のキャッチボールを	
1	10	19	聞かせてもらうよ。	
1	10	19	俺にはできないぞ。	
1	9	19	これからはこれで。	
1	12	19	原因は何なんだろ？	
1	10	19	じゃあ、行こうか。	
1	12	19	いい加減、謝ったら	
1	9	19	わからないんだよ。	
1	9	19	しかし・・・・・・	
1	11	19	男として憧れるし。	
1	9	19	みたいじゃないか！	
1	9	19	をしてたんだよ～。	
1	11	19	買いに行ってたの。	
1	10	19	思ってるんだけど。	
1	9	19	それともツンデレ？	
1	10	19	入れてないんだけど	
1	9	19	すぐにまいりま～す	
1	9	19	イッテクルニョン！	
1	10	19	リハビリを兼ねて、	
1	12	19	居るならば絶対に。	
1	10	19	プライドに障った？	
1	9	19	たててしまったね。	
1	9	19	どっちもかわいい。	
1	9	19	かわいいでいいの。	
1	10	19	言われたいんだよ。	
1	11	19	今度はマスターに？	
1	10	19	なれるかって事だ。	
1	11	19	会うとは思うけど。	
1	9	19	いってらっしゃ～い	
1	13	19	自分で決める事だ。	
1	10	19	何をすればいいの？	
1	11	19	ボ～クは守備だけが	
1	10	19	そうだったら好きと	
1	9	19	ちゃんを・・・・・	
1	12	19	一人で笑ってるよ。	
1	11	19	無料じゃないよな？	
1	10	19	付いてないのかな？	
1	11	19	何も言ってないよ。	
1	10	19	切れただけだから。	
1	10	19	さんに何かしないと	
1	11	19	原因になるとしたら	
1	10	19	逝ってらっしゃーい	
1	10	19	別にどうでもいい。	
1	10	19	謝られてもねえ～。	
1	15	19	君には錬金不可能。	
1	11	19	今、なんて言った？	
1	9	19	どうしたらいいか。	
1	13	19	君と一緒に行くのが	
1	11	19	考えさせて欲しい。	
1	9	19	どこにあるんだよ！	
1	10	19	このランプを見ろ！	
1	10	19	切れそうなんだぞ！	
1	10	19	も居ないんですね。	
1	11	19	私を連れていって。	
1	10	19	変わらないような。	
1	10	19	恥ずかしいからね。	
1	9	19	バラさないでくれ。	
1	10	19	買っているんだよ。	
1	11	19	男をバカにする為？	
1	12	19	、お父様に伝えて。	
1	9	19	なんておかしいよ。	
1	11	19	絶対におかしいよ。	
1	9	19	どっちでもいいや。	
1	10	19	読んでくれたから、	
1	12	19	大間違いだからな）	
1	10	19	さん！信じるから！	
1	14	19	中国拳法２００段。	
1	9	19	しまったんだよ～。	
1	10	19	あれは、よく見ると	
1	10	19	逃げやがった、あの	
1	14	19	感謝しろ、ご主人様	
1	9	19	しまったんですね。	
1	10	19	入れただけでしょ！	
1	9	19	いや、そうだけど。	
1	10	19	キャッチする姿も、	
1	10	19	投げたんだけどね。	
1	12	19	。お父様に伝えて。	
1	11	19	なんで俺にその事を	
1	12	19	大きいのまで様々。	
1	10	19	水もらえますか～。	
1	13	19	一人でも頑張るよ。	
1	9	19	だってば・・・・。	
1	10	19	どこに行ったんだ！	
1	10	19	さんは居なかった。	
1	12	19	お菓子は食べない。	
1	10	19	さんはちゃんと歯を	
1	13	19	不吉な事を言うな。	
1	10	19	ちょっと聞いてる？	
1	11	19	こうやって河原で、	
1	13	19	突然、本を閉じて。	
1	10	19	わからない話だな。	
1	11	19	その時が楽しみだ。	
1	13	19	だから今日は私を妹	
1	11	19	お口を開けてアーン	
1	10	19	むしろ戻ってくれ。	
1	10	19	は歳いくつなんだ？	
1	11	19	が日本にはあるの。	
1	9	19	やってしまったが、	
1	11	19	それで、何の用だ？	
1	11	19	組んで欲しいとか。	
1	9	19	さん。どうしたの？	
1	11	19	良い物じゃないよ。	
1	10	19	できない事だから。	
1	11	19	敬語なんだけどな。	
1	11	19	さんが読んでた本が	
1	10	19	読んでいたんだよ。	
1	10	19	さんを憎めないのが	
1	11	19	問題なんだよね～。	
1	9	19	コーヒーおかわり。	
1	9	19	そりゃそうだけど。	
1	10	19	言ったんじゃない。	
1	11	19	どこに行っても本を	
1	11	19	何も変えられない。	
1	11	19	言われた事ないぞ。	
1	11	19	進むも留まるのも、	
1	12	19	謀反を起こしたら。	
1	9	19	どちらかしかない。	
1	11	19	ウソでも胸が痛い。	
1	11	19	君がそう言うなら。	
1	9	19	できないんだけど。	
1	11	19	君と何をしてたの？	
1	9	19	したらどうですか？	
1	10	19	そうじゃないと私が	
1	9	19	もらっちゃいますよ	
1	13	19	買い物手伝ってよ。	
1	9	19	バッターがいるぞ。	
1	11	19	しょせん機械だろ？	
1	10	19	信じられないだと！	
1	10	19	入れといてやろう。	
1	10	19	って言ってたっけ？	
1	10	19	さっそく行こうか。	
1	11	19	さんに何を言っても	
1	12	19	ダメモード発動中の	
1	10	19	急いで・・・・・。	
1	10	19	気のせいなのかな？	
1	9	19	いっぱいいるだろ？	
1	10	19	メイドの鑑のような	
1	10	19	で、何をくれるの？	
1	12	19	雰囲気が・・・・・	
1	11	19	ついに完成したぞ！	
1	11	19	応援しておくから。	
1	10	19	探してたんだよ～。	
1	10	19	もらいたいと思って	
1	11	19	可愛いんだろうな。	
1	12	19	さんの誕生日だろ？	
1	13	19	毎日が特別だから。	
1	10	19	服、しわになるよ。	
1	10	19	さんの好みですか。	
1	10	19	出してあげるから。	
1	9	19	ホット！ワンです！	
1	11	19	覗き見でもしたか？	
1	10	19	さんが運ばせたの？	
1	12	19	何で練習するんだ？	
1	11	19	は皆を笑わせないと	
1	9	19	いけないんだよ～。	
1	10	19	思っているのなら。	
1	9	19	だけど、ここからは	
1	10	19	離れるんじゃない！	
1	13	19	貴方は私という鎖を	
1	11	19	どれだけ頑丈でも、	
1	11	19	俺は歩いていける。	
1	12	19	今までの私と同じ。	
1	14	19	不自由な空の下で、	
1	10	19	俺にはわからない。	
1	11	19	何を許さないんだ？	
1	12	19	は俺の知り合いだ。	
1	10	19	すぐにこちらの王に	
1	10	19	と叫んでいますね。	
1	14	19	は貴女の為に世界を	
1	10	19	君はそれでいいの？	
1	11	19	やる人間はいない。	
1	11	19	間違いないんだが、	
1	10	19	もの凄くカワイイ。	
1	11	19	手紙はあったけど、	
1	9	19	だから・・・・・・	
1	11	19	全部ね・・・・・。	
1	11	19	いつも見に行ってた	
1	9	19	ん？このにおいは？	
1	9	19	もしかしてカレー？	
1	10	19	だろうなと思って、	
1	10	19	さんの言うとおり、	
1	13	19	仮想恋愛ゲームか？	
1	9	19	プレゼントしよう。	
1	10	19	今だけでいいから。	
1	10	19	男としてマズイね。	
1	9	19	あははははははは。	
1	9	19	ああ、もういいや。	
1	11	19	当たり前じゃない。	
1	10	19	さんを見るでしょ。	
1	12	19	本人が居ないのに、	
1	9	19	そしてありがとね。	
1	9	19	いつもなら「なんだ	
1	12	19	大事な事だもんな。	
1	11	19	呼ばれていた事も、	
1	11	19	さんの口から俺に。	
1	10	19	すでにガラス張りの	
1	12	19	毎日、抱きしめて。	
1	10	19	さん来てないけど。	
1	9	19	ピッカピカでしょ。	
1	9	19	ちゃん、いつもの。	
1	9	19	なんとなくだけど、	
1	9	19	はおかしくないか？	
1	11	19	男らしく謝るぞ！）	
1	9	19	なんなら・・・・）	
1	10	19	もう帰っていいよ。	
1	10	19	お金もらったから。	
1	9	19	あれ？おかしいな。	
1	11	19	ピンポイント落雷？	
1	10	19	ちょっとこれ見て！	
1	11	19	どんな人間だって、	
1	10	19	や、やり過ぎだ～。	
1	11	19	君も休みなんだよ。	
1	11	19	意味がわからない。	
1	11	19	お嬢様は・・・・・	
1	13	19	お嬢様は君の前では	
1	12	19	必要な物なのだよ。	
1	12	19	私達の住む、いや、	
1	15	19	お嬢様の社長就任は	
1	10	19	さん！まだ行くな！	
1	10	19	ほんの少しでいい。	
1	10	19	お待ちしましょう。	
1	10	19	私にはダメだった。	
1	11	19	空を飛べなくたって	
1	11	19	俺に聞かせてくれ。	
1	12	19	笑うのが下手だね。	
1	10	19	いレストランに行く	
1	11	19	にも心配かけたな。	
1	9	19	しかたないですね。	
1	10	19	さんは、お父さんの	
1	10	19	さんが持っていると	
1	9	19	すみませんでした。	
1	10	19	しばらく、この町を	
1	11	19	食べ物とかでいいの	
1	13	19	明日も仕事だろう？	
1	10	19	いつまで待たせるん	
1	10	19	つい買いすぎたよ。	
1	12	19	店の前に来てるだけ	
1	9	19	いないじゃないか、	
1	9	19	どうなさいました？	
1	10	19	お客さんもいるんだ	
1	10	19	お昼までダメだぞ。	
1	10	19	もお待ちですから、	
1	9	19	どうぞこちらです。	
1	9	19	・・・そうですか？	
1	10	19	思っていたからな。	
1	11	19	様は、あなたの力を	
1	12	19	鍵開けっ放しだよ！	
1	12	19	お父さんのお土産。	
1	9	19	は・・・はぁ・・・	
1	10	19	とか、聞くなよな。	
1	10	19	もういっちょ来い！	
1	11	19	仕事してきまーす。	
1	12	19	家に仕掛けておいた	
1	10	19	とも思っていたが、	
1	11	19	じゃあ、河原・・・	
1	10	19	よーし、じゃあ私は	
1	10	19	ＣＤも持ってるよ。	
1	9	19	（トボトボ・・・）	
1	13	19	心配は無用ですぞ。	
1	10	19	してる人らしいぜ。	
1	13	19	君は、お嬢様の事が	
1	10	19	触れてしまったよう	
1	11	19	この映画ハズレだ！	
1	11	19	見に来ただけだよ。	
1	10	19	私は、いいんだけど	
1	10	19	ちょっと待ってろ！	
1	12	19	一緒に食べようぜ。	
1	12	19	私の家、行かない？	
1	9	19	フラフラしてるな。	
1	10	19	・そんな事は・・・	
1	10	19	でも気にしないよ。	
1	10	19	呼ぶことにするよ。	
1	9	19	じゃあ、せっかくの	
1	13	19	一番美味いんだよ。	
1	10	19	悪くならないうちに	
1	11	19	もしかして、暗号と	
1	10	19	魚からケーキ！？）	
1	13	19	自分の家で洗うよ。	
1	9	19	えーと・・・その。	
1	9	19	さん、なにがいい？	
1	11	19	て大吉じゃないか。	
1	9	19	たぶん、ない・・・	
1	12	19	って人が来た時に、	
1	9	19	たくさんあるんだけ	
1	10	19	家にいますからな。	
1	12	19	それなら大丈夫だ。	
1	9	19	したくないからな。	
1	8	19	どれどれ・・・。	
1	8	19	あっは～～い！）	
1	9	19	腹をこわしたか。	
1	12	19	肝心の食べ物を、	
1	10	19	もっと大人らしく	
1	8	19	もらっておくよ。	
1	10	19	帰るのが遅いの。	
1	9	19	この本あげるよ。	
1	9	19	ちゃん帰ろうか。	
1	8	19	いただきまーす！	
1	8	19	なくなってるぞ。	
1	9	19	・・・悪いなぁ。	
1	9	19	（じゃあ、次！）	
1	8	19	いったいなんだ？	
1	9	19	さあ、帰ろうか。	
1	8	19	いそうだな・・・	
1	10	19	後悔させてやる！	
1	8	19	ことにしたのね。	
1	11	19	白いイタチの人形	
1	10	19	いい場所でしょ。	
1	8	19	ベンチもあるし。	
1	8	19	アンタたちには、	
1	8	19	なんともないぞ。	
1	8	19	お、おじちゃん！	
1	9	19	俺たちなしでも、	
1	9	19	遅かったよね～。	
1	10	19	必要ないんだよ。	
1	8	19	い、いいんだよ！	
1	11	19	学校の帰りかい？	
1	9	19	また逃げられた。	
1	11	19	次は必ず勝つさ！	
1	10	19	それは人前でも？	
1	11	19	一緒に行かない！	
1	8	19	いけないからな。	
1	9	19	いい肩してるな。	
1	9	19	よく見るでカニ。	
1	8	19	ってヤツなんだ。	
1	8	19	・・・それから、	
1	9	19	俺もつきあうよ。	
1	8	19	がんばってるな。	
1	8	19	ラッキーだな。）	
1	9	19	ねえ、お兄さん。	
1	10	19	じゃ、ご両親は？	
1	11	19	今でもあの河原に	
1	11	19	犬が苦手なのか？	
1	9	19	どこかの家には、	
1	8	19	ほら、あの・・・	
1	9	19	集めてたでしょ！	
1	8	19	このゲームでは、	
1	10	19	何の話でやんす？	
1	10	19	と組み合わせると	
1	8	19	アイタタタ・・・	
1	9	19	って言うのかな？	
1	12	19	野球だよ、野球。	
1	11	19	一応、助けるか。	
1	8	19	「あたしたち」？	
1	11	19	まだ小学生だし、	
1	10	19	を甘く見るなよ。	
1	10	19	上手になったな。	
1	8	19	そうかもしれぬ。	
1	8	19	ああ、チラシか。	
1	11	19	戦いで役に立つ。	
1	11	19	俺たちは仲間だ。	
1	10	19	の仲間でしょう。	
1	10	19	おいおい、今日は	
1	10	19	名前がないなら、	
1	8	19	よかったんだし。	
1	8	19	・・・ダメなの。	
1	8	19	さようなら・・・	
1	11	19	親方って呼べよ。	
1	12	19	お客様、ご注文は	
1	9	19	はい、パンの耳。	
1	8	19	あれは・・・・・	
1	10	19	キズの手当ては？	
1	11	19	本番に向けてね！	
1	9	19	あいつ喜ぶぞぉ！	
1	12	19	不真面目ですね。	
1	10	19	細かい奴だなぁ。	
1	10	19	早く帰ってこい。	
1	9	19	お腹をこわすぞ。	
1	8	19	アイス！アイス！	
1	8	19	はもうダメだぁ。	
1	10	19	さんもお元気で。	
1	11	19	お前には出来る！	
1	9	19	が帰ってきたら、	
1	11	19	に、新しい仲間が	
1	10	19	ええっと名前は？	
1	9	19	住んでいるって。	
1	11	19	そんなに配達先が	
1	10	19	元を取らないと。	
1	9	19	行ってきてくれ。	
1	9	19	開けていいかい？	
1	10	19	大変なんですよ。	
1	8	19	それにしますか？	
1	10	19	迷惑してるだろ。	
1	10	19	家に帰りますよ。	
1	11	19	、子供は好きだ。	
1	10	19	子供がいるのか。	
1	9	19	すごく嬉しいの！	
1	8	19	くん、ちょっと。	
1	9	19	あれだけ大きくて	
1	9	19	思えてきました。	
1	8	19	するんでやんす。	
1	10	19	そりゃあ大変だ！	
1	8	19	さん、やったね！	
1	8	19	ふざけないでよ。	
1	11	19	の学校まで行って	
1	9	19	どうかと思うな。	
1	8	19	しかしこのナベ、	
1	9	19	それ何でやんす？	
1	9	19	車にひかれてね。	
1	12	19	ほれ一曲、一曲！	
1	8	19	もう、うんざり。	
1	11	19	嫁の目を盗んでは	
1	9	19	店にいるときには	
1	8	19	そうしましょう。	
1	9	19	恥ずかしいから。	
1	10	19	手を離すと・・・	
1	8	19	（ドバーン！！）	
1	10	19	後悔してないよ。	
1	8	19	するでやんすか？	
1	10	19	君のしゃべり方が	
1	9	19	思えないんでね。	
1	9	19	いよし、探そう。	
1	10	19	じゃあ、他の物は	
1	8	19	ないでしょうか。	
1	10	19	広告じゃないか。	
1	8	19	もらっておこう。	
1	9	19	君になにをした？	
1	10	19	逮捕されますよ！	
1	9	19	すぐに来てくれ！	
1	11	19	仕方無いだろう。	
1	9	19	俺はよろこんで、	
1	8	19	、どうしたの？！	
1	10	19	さんの店の方は、	
1	10	19	軽く流してくれ。	
1	9	19	その代わりだね。	
1	10	19	なかなか馬鹿には	
1	8	19	ほら、これこれ。	
1	8	19	コマンドではなく	
1	9	19	のは良くないぞ。	
1	8	19	おいおいおい！？	
1	10	19	１０月の２１日。	
1	10	19	その話を聞いて、	
1	8	19	・・・ていうか、	
1	10	19	監督は、いきなり	
1	8	19	どうしてカニ！？	
1	8	19	そうなんだよな。	
1	11	19	よし、俺もう一度	
1	11	19	難しい問題だな。	
1	8	19	そうだったっけ？	
1	11	19	もう、命の恩人！	
1	12	19	冗談だよ。冗談！	
1	10	19	見学してるだけ。	
1	8	19	もっとこう・・・	
1	8	19	ようするに、あの	
1	12	19	監督の仕事なので	
1	8	19	ハハハハハハッ！	
1	8	19	いいですかぁ～？	
1	8	19	もったいぶるな。	
1	8	19	なっております。	
1	10	19	今日もよろしく！	
1	9	19	のが夢なんだよ。	
1	8	19	がんばってんだ。	
1	10	19	も迷惑だろうし。	
1	12	19	君の１つ上の学年	
1	9	19	キミ、どう思う？	
1	9	19	そして、その人は	
1	9	19	勝ちつづければ、	
1	11	19	挑戦は受けよう。	
1	11	19	絶対に勝つのだ。	
1	9	19	なあ、お前たち！	
1	9	19	しない方がいい。	
1	9	19	を倒してからだ。	
1	9	19	を虫まみれにして	
1	9	19	この薬、やるよ。	
1	8	19	わはははははは！	
1	8	19	でやんすからね。	
1	9	19	持っててくれよ。	
1	10	19	練習するわけには	
1	8	19	バンザイメーター	
1	10	19	の話が聞きたい？	
1	9	19	捨てられたんだ。	
1	9	19	を置いてきたって	
1	10	19	そんなに肩書きが	
1	11	19	大声は出せない。	
1	8	19	あれなんだろう？	
1	8	19	どうしていいか、	
1	9	19	に入っているのも	
1	11	19	兄貴はオレの事？	
1	8	19	そりゃないだろ？	
1	8	19	そうじゃなくて！	
1	11	19	あ、風来坊さん。	
1	8	19	ないだろうしね。	
1	8	19	いいんですかね。	
1	9	19	お父さん・・・。	
1	8	19	うはははははは！	
1	10	19	、メシの用意だ。	
1	11	19	今日も悪いわね。	
1	8	19	くんありがとう。	
1	11	19	お前達が偉いのは	
1	10	19	謝りに来たのか？	
1	9	19	帰るんだなぁ～。	
1	9	19	久しぶりだなぁ。	
1	11	19	財布が落ちてる。	
1	9	19	迷ってたんだね？	
1	9	19	買ってたやつよ。	
1	8	19	でも、あげるわ。	
1	8	19	ちょうどいいぞ。	
1	8	19	ああ、そうそう！	
1	11	19	先生と会った。）	
1	10	19	コマンドで病気を	
1	9	19	って呼んでいい？	
1	11	19	河原へ行こうか！	
1	10	19	兄貴くらいです。	
1	8	19	わたしのことも「	
1	9	19	忘れていました。	
1	11	19	の試合で使わせて	
1	9	19	君ごくろうさん。	
1	9	19	守ってやりなよ。	
1	9	19	思わないけどな。	
1	8	19	うん、そうだね。	
1	9	19	すぐに直すから。	
1	9	19	を叱れないわね。	
1	10	19	の顔触ってみろ。	
1	10	19	成仏できるんだ？	
1	8	19	だが、あっちには	
1	10	19	ってお金使うの。	
1	8	19	・・・ショック。	
1	9	19	気にするなって。	
1	9	19	考えなおします。	
1	8	19	あっ、バナナだ。	
1	8	19	すごいらしいな。	
1	9	19	って言ってたし。	
1	10	19	そんなの無理だ！	
1	10	19	くんの推薦だし、	
1	9	19	い見せてもらう。	
1	8	19	じゃあ、わたしが	
1	8	19	さんがんばって！	
1	9	19	来たみたいだよ。	
1	10	19	まだ２回目だぞ。	
1	9	19	だけどその人は、	
1	9	19	見られたくない。	
1	10	19	もう勝手にしろ！	
1	8	19	うん、ありがと。	
1	9	19	見せたくないし。	
1	9	19	使えそうですね。	
1	10	19	設置できます。）	
1	8	19	んですけど・・・	
1	9	19	じゃあ、行くぞ！	
1	12	19	配達だよ。配達！	
1	8	19	ここにあるのか？	
1	9	19	増えるでやんす。	
1	10	19	って連呼してる。	
1	9	19	進んでいたのに！	
1	8	19	おっかしいなぁ。	
1	10	19	魔球・・・ねぇ？	
1	8	19	じゃないのかな。	
1	8	19	つけているんだ。	
1	8	19	なんでやんすか？	
1	8	19	どうしましょう？	
1	9	19	むこうの狙いは。	
1	8	19	タダでいいの？！	
1	9	19	決めていたんだ。	
1	9	19	これでお別れだ。	
1	8	19	べそかいてたぜ。	
1	9	19	思ってるんだぜ。	
1	9	19	敵ならともかく、	
1	9	19	逃げやがったな。	
1	8	19	わかるまでです。	
1	12	19	さん、全部自分で	
1	8	19	あぶないわ・・・	
1	9	19	よく知ってるね。	
1	10	19	さんと一緒だね。	
1	10	19	決着をつけるか。	
1	8	19	やるじゃねえか。	
1	9	19	はけ出さないと！	
1	10	19	私は、私は・・・	
1	8	19	じゃないですか！	
1	9	19	多いですからね。	
1	8	19	いいんだけどね。	
1	9	19	助かるけど・・・	
1	9	19	いお願いします。	
1	9	19	言うことなしだ！	
1	10	19	気持ちよくてね！	
1	10	19	に連れて行けば、	
1	8	19	キミもどうだい？	
1	9	19	聞こえてますよ。	
1	8	19	いいんじゃない？	
1	10	19	申し込むんだな。	
1	10	19	裏山ですけどね。	
1	8	19	もうやめなさい。	
1	9	19	もウワサを聞いて	
1	8	19	がいじめられてる	
1	9	19	なんか釣れてる？	
1	9	19	戦うべきなんだ。	
1	9	19	俺たちのチームと	
1	8	19	これまでどおり、	
1	11	19	君たち若い者が、	
1	10	19	、都会じゃなくて	
1	10	19	早めに教えてね。	
1	8	19	びっくりしたな。	
1	9	19	いお金にしよう。	
1	8	19	ずるいでやんす！	
1	8	19	じゃあ、オイラと	
1	11	19	の店番をしに行く	
1	9	19	かついで逃げて。	
1	9	19	元なんかないよ。	
1	9	19	オレみたいな奴は	
1	8	19	きゃああーー！！	
1	11	19	誠に申し訳ない。	
1	8	19	のおじちゃんだ！	
1	9	19	見たことあるぞ。	
1	10	19	心の友でやんす！	
1	8	19	なぜここにいる。	
1	10	19	の野郎はつぶす！	
1	9	19	が探していたのは	
1	8	19	わけじゃないわ。	
1	9	19	君のために・・・	
1	8	19	いけないんです。	
1	8	19	いつもはちゃんと	
1	9	19	お休みだし・・・	
1	9	19	甘えられないよ。	
1	10	19	掘り出したんだ。	
1	11	19	全部片がついた。	
1	8	19	あれ、そういえば	
1	8	19	ありがとう！！！	
1	9	19	あ、見ちゃダメ！	
1	9	19	いつ帰ったんだ？	
1	8	19	はどうしたんだ？	
1	9	19	が大きければより	
1	11	19	で表された球種も	
1	9	19	カードに合わせて	
1	12	19	は、試合の展開で	
1	10	19	君、お母さんは？	
1	12	19	商店街の方からも	
1	10	19	付き合っていた。	
1	8	19	コンチクショウ！	
1	8	19	（ひらきなおって	
1	8	19	ああなるんだよ。	
1	11	19	しかも一週間も！	
1	8	19	・・・やりたい。	
1	10	19	留守にするから、	
1	9	19	どうしたんだい?	
1	9	19	４月のここから、	
1	10	19	ちゃんは俺の前に	
1	9	19	残っているのよ。	
1	8	19	あるでしょうに。	
1	10	19	君は俺みたいには	
1	8	19	あなたが、もっと	
1	10	19	い困った奴です。	
1	8	19	おいしかったよ。	
1	10	19	それより、今日は	
1	12	19	・・・発声練習？	
1	8	19	くんやってみて。	
1	12	19	神様、残酷だぞ。	
1	9	19	に詳しいな・・・	
1	8	19	・・・そっちに。	
1	8	19	ああ、わかった！	
1	9	19	で合ってるカニ？	
1	10	19	知り合いかどうか	
1	8	19	わたしは、いや。	
1	11	19	この汚い場所は？	
1	9	19	ちゃんの頼みじゃ	
1	8	19	やるっていうなら	
1	8	19	やってほしいの。	
1	9	19	何やってるんだ！	
1	13	19	早く練習！練習！	
1	10	19	変身アンドロイド	
1	10	19	の走行モデルまで	
1	8	19	のスピリットか！	
1	12	19	お金、大丈夫～？	
1	8	19	そんなことでは、	
1	8	19	そんな、ちゃんと	
1	9	19	いよし、任せろ。	
1	10	19	買い取れないよ。	
1	11	19	大成功でやんす。	
1	12	19	250円かなぁ。	
1	9	19	君、すごいなぁ。	
1	9	19	観てくれたんだ。	
1	9	19	誘われちゃった。	
1	10	19	に紹介したんだ？	
1	8	19	どうなるんだよ？	
1	8	19	がビッグになれる	
1	9	19	ダチョウに乗って	
1	9	19	というか、この際	
1	11	19	う強引に起こす！	
1	9	19	よし、逃げるぞ！	
1	10	19	急いで逃げよう！	
1	9	19	作ってあげるよ。	
1	8	19	しゃべってるの。	
1	9	19	つけ回してたの？	
1	13	19	何倍も魅力的よ。	
1	9	19	同じことするの？	
1	10	19	先に入っていい？	
1	8	19	そんなのいやだ！	
1	9	19	もう終わりだな。	
1	8	19	もうこりごりだ。	
1	9	19	待つばかりだな。	
1	10	19	、この女を殺せ！	
1	10	19	今から帰るのか？	
1	10	19	早く帰らないと、	
1	8	19	はい、できたよ。	
1	10	19	先に食べといて。	
1	8	19	せまかったけど、	
1	9	19	ちゃんの家だろ？	
1	9	19	の方みたいです。	
1	9	19	多かったですね。	
1	8	19	スーパーですか？	
1	8	19	がっかりします。	
1	8	19	おいしいカレー、	
1	9	19	を上げておけよ。	
1	8	19	がんばるからね！	
1	9	19	これ見てくれよ！	
1	10	19	手を出してくる。	
1	11	19	は大丈夫なのか？	
1	8	19	オーディション。	
1	10	19	それじゃ、最初は	
1	9	19	だから帰れない。	
1	8	19	どれだけのヤツが	
1	8	19	それでもいいの？	
1	10	19	はい、もう一度！	
1	9	19	聴いてみたいよ。	
1	8	19	でも、なんの～？	
1	11	19	私を連れ出して。	
1	10	19	いどういう意味？	
1	9	19	戻れたらいいな。	
1	13	19	全部一人前ずつ。	
1	8	19	にサンドイッチを	
1	8	19	ツンデレですか！	
1	11	19	い絶対に捕まえる	
1	10	19	別に構わないよ。	
1	8	19	これってホラー？	
1	9	19	待たせてごめん。	
1	10	19	君も持ってない。	
1	10	19	食費にあてるよ。	
1	11	19	持ってたら便利。	
1	9	19	だんだんと体が！	
1	10	19	付き合いました）	
1	9	19	気をつけないと。	
1	9	19	さんの事だから、	
1	9	19	来たんじゃない？	
1	10	19	さんの部屋だよ。	
1	12	19	君を見たい気分。	
1	9	19	捨てるだなんて！	
1	12	19	消毒液、お願い。	
1	8	19	ってなんだよ～。	
1	8	19	にもいろいろある	
1	8	19	あれは・・・・。	
1	10	19	ご要望なのかな？	
1	8	19	それだけでいい。	
1	11	19	どんな不思議だ？	
1	10	19	俺だって客だぞ。	
1	10	19	何か話している。	
1	9	19	君にだけだけど。	
1	9	19	と過ごしました）	
1	10	19	は中に居るから、	
1	10	19	何を入れたんだ？	
1	12	19	辛そうな物全部と	
1	9	19	入れたんだから！	
1	8	19	かわいいのに～。	
1	9	19	は出ないでしょ。	
1	8	19	ジャンボパフェの	
1	9	19	しっかり考える。	
1	8	19	そう。わかった。	
1	8	19	なにかやってる。	
1	8	19	だからね、はい。	
1	8	19	そんなことない。	
1	11	19	君には関係ない。	
1	9	19	作ってみました！	
1	9	19	飲んでください。	
1	12	19	君には関係無い。	
1	9	19	知ったところで、	
1	9	19	言わなかったか？	
1	10	19	やっと復帰したね	
1	9	19	ずっと考えてた。	
1	9	19	いくら考えても、	
1	9	19	さんを信じるよ。	
1	9	19	切れちゃうだろ！	
1	8	19	わかってるのか？	
1	8	19	どうしてここに？	
1	8	19	だったんですか？	
1	10	19	何か言いました？	
1	8	19	のかもしれない。	
1	11	19	男として失格だ！	
1	8	19	せてやるからな。	
1	8	19	さんらしくない。	
1	10	19	言い出してだな。	
1	11	19	さんが手料理！！	
1	8	19	かもしれないよ！	
1	12	19	大声で叫ぶ奴は？	
1	10	19	それで何の用だ？	
1	9	19	さんが見えたから	
1	9	19	ああ、見えるね！	
1	9	19	ほお張ってるね！	
1	10	19	もしかして演技？	
1	8	19	ペペロンチーノ。	
1	9	19	気がするんだが。	
1	11	19	君は旅をする人。	
1	8	19	どうしたらいい？	
1	8	19	なさそうだしな。	
1	8	19	いるだけだろう。	
1	10	19	さんを少しの間、	
1	9	19	という事ですか？	
1	8	19	それをあげるよ。	
1	9	19	許してください。	
1	9	19	思っちゃったよ。	
1	9	19	さんが選んだの？	
1	10	19	外に出てみない？	
1	8	19	さんは・・・・。	
1	11	19	どれだけ本に集中	
1	11	19	だれが変質者だ！	
1	10	19	運動はしている。	
1	11	19	腹筋１０００回。	
1	8	19	わからないよ～。	
1	9	19	何があったんだ？	
1	8	19	じゃなくなった？	
1	9	19	配っていそうな。	
1	11	19	私が生まれた日。	
1	10	19	本気でわからん。	
1	9	19	ね、寝てるよな。	
1	9	19	なに書いてるの！	
1	10	19	仲良くなりたいな	
1	8	19	くれてもいいよ。	
1	10	19	しかし、お嬢様。	
1	9	19	言わないんだ？）	
1	8	19	なんでもいいの？	
1	9	19	聞いてるだけで、	
1	12	19	一人で大変だな。	
1	9	19	行くわけがない！	
1	8	19	くっそ～。どこに	
1	9	19	磨いているよね。	
1	9	19	気にならないか？	
1	9	19	思っているんだ。	
1	9	19	言ってたでしょ？	
1	8	19	だからアーンして	
1	9	19	変わっちゃやだよ	
1	11	19	私の歳は２０歳。	
1	8	19	らしいんだけど。	
1	8	19	しているんだな。	
1	9	19	を見なかったか？	
1	9	19	寄ったりもした。	
1	11	19	見て感じた事を。	
1	8	19	そうだね。じゃあ	
1	9	19	太っちゃうかもね	
1	11	19	全否定するのよ！	
1	9	19	感じるからね～。	
1	9	19	さん知らないの？	
1	8	19	もう、いいわよ！	
1	9	19	作りすぎたのよ！	
1	12	19	結構外出はする。	
1	9	19	泣いたからって、	
1	9	19	笑ったからって、	
1	9	19	怒ったからって、	
1	10	19	誰もが傷ついた。	
1	8	19	やってもいいぞ。	
1	10	19	さん、大好きだよ	
1	11	19	先に中に入るね。	
1	12	19	自由に飛び回る。	
1	9	19	それを認めると、	
1	9	19	進むつもりだよ。	
1	9	19	ちゃんと見てる。	
1	10	19	反応するんだろ？	
1	9	19	しっかり止めてよ	
1	8	19	わかりました～。	
1	9	19	そう思ったから。	
1	8	19	していますけど。	
1	8	19	さんとデートして	
1	10	19	さんには関係ない	
1	8	19	カボチャとかに。	
1	11	19	一緒に居ただろ？	
1	8	19	かけたからね～。	
1	10	19	別に構わないぞ。	
1	11	19	貴方は入れるよ。	
1	12	19	その前に長方形の	
1	9	19	打てないんだよ！	
1	9	19	よし！見てろよ！	
1	10	19	これって本名か？	
1	11	19	海外に行かない。	
1	8	19	プレゼントだろ？	
1	9	19	そこまで言うなら	
1	9	19	お客さんだよ～。	
1	12	19	でも貴方は毎日、	
1	8	19	チープだけどね。	
1	9	19	その間だけだよ。	
1	9	19	として過ごすよ。	
1	9	19	言っていたから。	
1	10	19	に勉強してるの。	
1	8	19	いいじゃないか！	
1	9	19	を演じてこいよ。	
1	9	19	歩いていけるよ。	
1	10	19	君は優しいから。	
1	10	19	私がそこに行く。	
1	10	19	手に入れたんだ。	
1	8	19	さんも・・・・・	
1	10	19	俺、何かしたか？	
1	8	19	テンチューだろ！	
1	9	19	聞きたかったら、	
1	10	19	間違いじゃない。	
1	10	19	がやって来た時、	
1	9	19	驚いちゃって～。	
1	9	19	を演じてくると。	
1	10	19	ボ～ク頑張るよ！	
1	9	19	き、気にするな。	
1	10	19	何か食べるものは	
1	9	19	居るわよ。ほら。	
1	10	19	腹が減ったから。	
1	10	19	お腹空いてるの？	
1	9	19	飲ませにくいぞ。	
1	10	19	さんに無理やり、	
1	11	19	さんの口に自分で	
1	8	19	だってわかるわ。	
1	9	19	増やしやがった。	
1	11	19	大丈夫・・・・・	
1	10	19	席に座っててよ。	
1	8	19	いけないのかい？	
1	11	19	私って幸せ者だね	
1	11	19	仕方が無いなあ。	
1	8	19	できないからな。	
1	9	19	さんが怒ったら、	
1	10	19	お前も嫌だろう。	
1	8	19	メリットないね。	
1	8	19	すぐバレちゃった	
1	9	19	言えないだけで。	
1	8	19	コーヒーをくれ。	
1	10	19	私は言ったよね。	
1	11	19	押し殺して来た。	
1	11	19	さんの金銭面も、	
1	10	19	貴方のおかげで。	
1	10	19	前に進んでいく。	
1	10	19	毎日、キスして、	
1	9	19	と思ってるのか？	
1	8	19	スタッフだから。	
1	9	19	知らなかったの？	
1	11	19	一人居るけどな）	
1	9	19	見てませんよね？	
1	8	19	ごめんなさい～！	
1	9	19	いま何につまづい	
1	9	19	起こるだろうが！	
1	8	19	おけばいいのよ。	
1	11	19	何か食べる物でも	
1	8	19	どういうことだ？	
1	9	19	ってさっきの人？	
1	9	19	まだ持ってない。	
1	8	19	いつもフロアには	
1	11	19	さんは自分の事を	
1	13	19	お嬢様の住む世界	
1	10	19	何も言わなかった	
1	10	19	延期させたんだ。	
1	9	19	飲みにきてくれよ	
1	11	19	今年中ですので。	
1	11	19	さんの本当の声を	
1	8	19	もどりたくない。	
1	10	19	あの場所になんて	
1	10	19	ひひスポーツ観戦	
1	9	19	無いじゃないか！	
1	9	19	楽しそうですな。	
1	9	19	用はないし・・・	
1	9	19	いに行こうかな）	
1	9	19	信じられないよ。	
1	9	19	聞きましたから。	
1	10	19	気を付けなさい。	
1	9	19	レストランの人？	
1	9	19	聞かされました）	
1	8	19	だ、だれ・・・？	
1	10	19	勉強になるなぁ。	
1	9	19	・・・売るなよ？	
1	9	19	売らないよ・・・	
1	9	19	戻ってきたんだ。	
1	8	19	え、じゃあ・・・	
1	10	19	整理しないとな。	
1	10	19	は早く寝なさい。	
1	8	19	くれるんだよな。	
1	10	19	肥料だし、それ。	
1	9	19	詰めといたから、	
1	9	19	なんか、嬉しくな	
1	9	19	って、聞いてない	
1	8	19	すみません・・・	
1	10	19	気持ちいいよな。	
1	9	19	アナタは、この間	
1	12	19	仲間連れて来るな	
1	8	19	いただきました。	
1	8	19	どうでしたかな？	
1	9	19	見たらわかるよ。	
1	14	19	盗聴器に面白い物	
1	9	19	いや・・・待て。	
1	9	19	持ってないよな。	
1	8	19	いいですな・・・	
1	8	19	このレストランで	
1	11	19	と打ち合わせの日	
1	8	19	まあ、とりあえず	
1	11	19	代表みたいな事を	
1	9	19	知らないけどな。	
1	9	19	言われたくないと	
1	10	19	会ったら聞こうと	
1	10	19	さん、よく電話が	
1	11	19	話の途中もうしわ	
1	10	19	いけない話題に、	
1	8	19	いアクションもの	
1	9	19	これを見るのか？	
1	11	19	その格好見たら、	
1	8	19	あ、えーと・・・	
1	12	19	最近まとな食事を	
1	8	19	していなかったか	
1	9	19	別にいいんだよ。	
1	9	19	ちょっと待って。	
1	11	19	勝手に入るなよ。	
1	8	19	まあいいか・・・	
1	8	19	あのディスクは、	
1	8	19	ほら、あるだろ？	
1	9	19	この匂いは・・・	
1	8	19	うーん、すごい。	
1	10	19	超アウトドア派の	
1	8	19	あー・・・っと、	
1	8	19	さっぱりしたな。	
1	8	19	こうしてみると、	
1	10	19	お腹も空くよな。	
1	8	19	うろつかれるより	
1	10	19	遊びに行こうぜ。	
1	8	19	じゃあ、またな！	
1	8	19	じゃあ、またね。	
1	9	19	なに食べようか。	
1	9	19	お腹いっぱいだ。	
1	12	19	何か面白そうな物	
1	11	19	何か預かった物と	
1	8	19	あ・・・ひどい。	
1	9	19	生かしておいて、	
1	10	19	様に怒られんか？	
1	9	19	を終了します。	
1	8	19	この街のために	
1	7	19	しかたがない、	
1	10	19	・・・大丈夫？	
1	10	19	一緒に行こう！	
1	10	19	本当に古いな。	
1	7	19	になりました！	
1	8	19	教えてあげる。	
1	8	19	誰もいないな。	
1	7	19	しかたがない。	
1	7	19	きつかったな。	
1	9	19	また金縛りだ。	
1	7	19	ピラララ～！）	
1	8	19	閉まってるぞ。	
1	9	19	にご用の方は、	
1	7	19	カムバーック！	
1	7	19	（いただき！）	
1	8	19	こら、待てー！	
1	8	19	を選んだのか。	
1	9	19	質素だけどね。	
1	7	19	じゃ、それを。	
1	7	19	さんのスケベ！	
1	7	19	ひょっとして、	
1	7	19	こんなところに	
1	12	19	来週の土曜日、	
1	8	19	なんの音・・・	
1	7	19	、ありがとう。	
1	11	19	約束は約束だ。	
1	7	19	それじゃあな、	
1	8	19	終わりかしら。	
1	7	19	さんのところで	
1	8	19	来てくれたの？	
1	9	19	そうだ、名前も	
1	7	19	おおおおおっ、	
1	7	19	（ドォーン！）	
1	8	19	勝てそうかね。	
1	7	19	うわああああ！	
1	7	19	（マヌケめ！）	
1	11	19	動力は人力で。	
1	9	19	の目が光った？	
1	8	19	と書くからね。	
1	7	19	でやんす・・・	
1	11	19	発売予定です！	
1	8	19	次はクロール！	
1	8	19	言っておくが、	
1	7	19	スイカカレー？	
1	7	19	ランチセット？	
1	8	19	い・・・帰る。	
1	7	19	らしいからね。	
1	7	19	うふふふふふ。	
1	10	19	文章も見られる	
1	7	19	あ、おはよう。	
1	7	19	けらけらけら。	
1	7	19	はい、グラス。	
1	8	19	知らないなぁ。	
1	8	19	俺たちでなきゃ	
1	7	19	できないことが	
1	9	19	カレー大盛り！	
1	9	19	との試合だな！	
1	9	19	別に変なことは	
1	9	19	取って来るわ。	
1	7	19	・・・べつに、	
1	7	19	あたしったら！	
1	8	19	やっている所も	
1	8	19	の家だからな。	
1	7	19	カッコいいぞ。	
1	7	19	なぜなら・・・	
1	7	19	やるってのか？	
1	9	19	の方が正しい。	
1	8	19	オイ、黙れ！！	
1	8	19	お願いします！	
1	12	19	月・水・金以外	
1	8	19	少ないでしょ。	
1	7	19	・・・よっと、	
1	9	19	専念してくれ。	
1	9	19	特訓をするぞ。	
1	9	19	自分でつければ	
1	8	19	どうしてお前が	
1	8	19	知ってるんだ。	
1	10	19	今日は帰るよ。	
1	7	19	メインは・・・	
1	7	19	ランチセット！	
1	7	19	いたでやんす！	
1	7	19	ワンワン！！）	
1	7	19	まあ、いいわ。	
1	7	19	まかせてくれ。	
1	7	19	さあ、いくよ！	
1	8	19	助かりました。	
1	11	19	の何を重点的に	
1	7	19	いけませんね。	
1	7	19	だったらさぁ、	
1	9	19	お前に任せる。	
1	9	19	お前に任せた。	
1	7	19	あなたたちなら	
1	7	19	そうですよね。	
1	8	19	遅くなるんだ？	
1	7	19	もらったんだ。	
1	8	19	あれ乗ろうよ！	
1	7	19	よし、あれっ！	
1	7	19	プレゼントよ。	
1	9	19	大切にするよ。	
1	8	19	君、ダメだよ！	
1	8	19	２人でのんびり	
1	8	19	まあ、その時は	
1	8	19	待つでやんす！	
1	7	19	はぁはぁ・・・	
1	9	19	たしか、名前は	
1	10	19	今来た所だし。	
1	7	19	スパゲティか？	
1	9	19	仕方がないな。	
1	7	19	がんばることは	
1	9	19	昨日はいたぞ。	
1	9	19	い受けて立つ。	
1	7	19	なりたくない」	
1	9	19	だ仕事ですか？	
1	10	19	滅多に見ない。	
1	9	19	巨大ムカデ？！	
1	8	19	がどんな思いで	
1	7	19	がんばろうか！	
1	10	19	早く元に戻せ。	
1	7	19	あ、おいしい！	
1	9	19	がお前の親だ。	
1	9	19	影響ないだろ。	
1	7	19	きっと、ここに	
1	10	19	良い所へ来た。	
1	7	19	ダメでカニよ。	
1	9	19	さんが店番を？	
1	9	19	来てほしい時に	
1	11	19	携帯電話だよ！	
1	9	19	船で行くとか。	
1	7	19	ごはんごはん！	
1	8	19	なら、この前に	
1	12	19	自転車操業さ。	
1	8	19	もうけ話など、	
1	9	19	今年いっぱいは	
1	9	19	問題なのカニ！	
1	7	19	あっ、そうだ。	
1	8	19	ういい人だな。	
1	7	19	・・・ちぇっ。	
1	12	19	戦勝利に乾杯！	
1	10	19	よそ者の連中が	
1	8	19	人がいなくても	
1	7	19	たまるもんか。	
1	7	19	なんだからな。	
1	10	19	絶対に勝つぞ！	
1	7	19	・・・あなた。	
1	9	19	５年前か・・・	
1	9	19	４年前なんだ。	
1	7	19	のピッチャー、	
1	7	19	なんだが・・・	
1	8	19	という男です。	
1	7	19	・・・それに、	
1	9	19	この店を守って	
1	9	19	君を育ててる。	
1	7	19	そうだけどさ！	
1	7	19	がっかりだよ！	
1	9	19	それで十分だ。	
1	9	19	以外のチームに	
1	11	19	との年末決戦は	
1	7	19	にキャプテンを	
1	7	19	ごくろうさま。	
1	7	19	よし、できた。	
1	7	19	じゃあダメか？	
1	8	19	気にいらねぇ。	
1	9	19	それも人間さ。	
1	9	19	実感するんだ。	
1	9	19	拳法のすごさを	
1	8	19	気にならない？	
1	8	19	みそ汁に・・・	
1	8	19	ご飯がないから	
1	7	19	だけですから。	
1	7	19	ありませんね。	
1	9	19	い問題がある。	
1	7	19	のチームだよ。	
1	7	19	ふふふ、これで	
1	8	19	また来ますよ。	
1	7	19	わははははは！	
1	9	19	美味しかった？	
1	9	19	には、戦前まで	
1	7	19	ないんですか？	
1	11	19	の抜け穴伝説！	
1	10	19	ご飯とお風呂、	
1	7	19	ちょっといい？	
1	7	19	さんのところに	
1	8	19	いい考えだな。	
1	7	19	ええっと・・・	
1	11	19	400円かな。	
1	7	19	わかったから、	
1	8	19	信じてあげる。	
1	9	19	ちゃんと野手は	
1	7	19	めずらしいね。	
1	8	19	懲りてないの？	
1	7	19	ひょっとしたら	
1	10	19	外の世界よりも	
1	7	19	もらいますよ。	
1	7	19	さん、います？	
1	9	19	に入って来た？	
1	10	19	を勝利に導く。	
1	7	19	かなえるため？	
1	8	19	済んだようだ。	
1	8	19	、おまえの墓は	
1	7	19	も、やりなよ。	
1	7	19	まあまあだな。	
1	7	19	だってさっきの	
1	7	19	おかしくてさ。	
1	9	19	と実感するよ。	
1	7	19	がんばること。	
1	8	19	別にいいけど、	
1	8	19	で、オレの役を	
1	8	19	知らないのか？	
1	9	19	これ全部が？！	
1	9	19	重要だからね。	
1	7	19	よかったのに。	
1	7	19	たとえばこの「	
1	9	19	いい名前だな！	
1	7	19	オッケーだし。	
1	10	19	今から練習だ！	
1	10	19	演劇の楽しさが	
1	9	19	いい場所だな。	
1	9	19	あたしの寿命。	
1	8	19	それで判った。	
1	7	19	い・・・ああ。	
1	7	19	くやしいなぁ、	
1	7	19	くやしいなぁ。	
1	7	19	サギでやんす！	
1	8	19	好きなんだな？	
1	7	19	まかせてくれ！	
1	7	19	それでやんす！	
1	13	19	遠前支店限定で	
1	7	19	とのことです。	
1	9	19	無料って・・・	
1	7	19	なってやるぜ！	
1	8	19	言いたいわけ？	
1	8	19	多いでしょう。	
1	9	19	はい、お勘定。	
1	8	19	さては、お前も	
1	7	19	っておじさんに	
1	7	19	いたんだろう。	
1	9	19	金だけ奪って、	
1	10	19	出口は虫だらけ	
1	8	19	さんも困ってる	
1	7	19	それもタダで！	
1	9	19	さんに賛成だ。	
1	9	19	野球ねぇ・・・	
1	11	19	の本気の投球を	
1	8	19	ここに来てね。	
1	8	19	休みにするの？	
1	7	19	えっ、ちょっと	
1	7	19	きれいでしょ。	
1	7	19	たちのチームで	
1	8	19	こっちが勝てば	
1	9	19	必要だからな。	
1	7	19	プロデューサー	
1	9	19	その意気だよ！	
1	7	19	なんにします？	
1	9	19	君とお母さんで	
1	7	19	できるんだろ？	
1	9	19	利用できるし。	
1	9	19	それは、無理。	
1	8	19	ボールを返せ！	
1	7	19	わんわんわん！	
1	9	19	思い出すなぁ、	
1	7	19	いいか、オレは	
1	7	19	わかったから。	
1	7	19	ないからなぁ。	
1	7	19	いいでやんす。	
1	11	19	との試合以来、	
1	7	19	ようになった。	
1	9	19	それと同時に、	
1	7	19	マネージャー。	
1	8	19	おい、お前ら。	
1	7	19	それですか。）	
1	7	19	だなんてウソ。	
1	9	19	ここに来る前、	
1	8	19	言っただろう？	
1	9	19	ちゃん一人で？	
1	7	19	だからみんな、	
1	7	19	んん、んんん？	
1	8	19	臭うかな・・・	
1	8	19	いああ、頼む。	
1	8	19	助かったぞー！	
1	7	19	ようやく・・・	
1	9	19	の監督は・・・	
1	9	19	から注意しろ。	
1	9	19	を使用できる。	
1	9	19	を立て直すには	
1	8	19	思ったんだな。	
1	7	19	それって・・・	
1	7	19	そうなのかぁ！	
1	7	19	、まかしたぞ！	
1	8	19	書いてきたの！	
1	7	19	だったら・・・	
1	7	19	のことだけど。	
1	7	19	ダメかしらね。	
1	7	19	いけないわよ。	
1	9	19	大変ですもの。	
1	9	19	まともな生活を	
1	8	19	なんと言っても	
1	9	19	余計なことを。	
1	8	19	思わなかった。	
1	7	19	フグ・フェスタ	
1	10	19	うちの商店街の	
1	7	19	らいじょうぶ。	
1	9	19	なんか頭ん中が	
1	8	19	近いでやんす！	
1	7	19	は、ないよな。	
1	10	19	扇風機もない。	
1	7	19	でやんすけど。	
1	7	19	ピッタリだわ。	
1	8	19	このドロ船から	
1	8	19	オモチャ屋は。	
1	9	19	感動でやんす！	
1	9	19	あのー、会長？	
1	7	19	ただし、これは	
1	7	19	というやつだ。	
1	10	19	たかが本一冊に	
1	7	19	かまわないぜ？	
1	8	19	は良かったよ。	
1	7	19	ケガはいいの？	
1	9	19	オレは、絶対に	
1	8	19	ダチョウ祭り？	
1	9	19	他に手がない！	
1	10	19	今の時間は？！	
1	9	19	こんな風景か。	
1	10	19	の重役に対して	
1	10	19	だ、大丈夫？！	
1	8	19	あんたが居たら	
1	9	19	だから、無理！	
1	9	19	絶対にうそだ！	
1	8	19	って、危ない！	
1	9	19	・・・停電か。	
1	7	19	どうって・・・	
1	9	19	手下あつかい？	
1	10	19	まさか、一晩中	
1	10	19	おれ達の倉庫。	
1	8	19	呼ばれてるよ。	
1	11	19	今回の火事で、	
1	7	19	だっていいさ。	
1	8	19	逃げるなバカ！	
1	8	19	別に、こっちは	
1	8	19	もう８ケ月だ。	
1	9	19	、元気ないね？	
1	9	19	ご飯食べてく？	
1	9	19	ちゃんの部屋は	
1	10	19	お風呂入るし。	
1	7	19	いけるんだよ。	
1	7	19	ええい、ここは	
1	8	19	も入っていく？	
1	9	19	おせっかい野郎	
1	9	19	無事だったか。	
1	7	19	くんもいたの？	
1	8	19	良かったのか？	
1	8	19	お願いします。	
1	9	19	付き合ってよ～	
1	8	19	カッコ悪いよ。	
1	9	19	き充電しないと	
1	7	19	きどっちがいい	
1	7	19	ベタですな～！	
1	10	19	買い物、好き？	
1	7	19	さんもどう～？	
1	10	19	水着を隠したり	
1	9	19	私、決めたの。	
1	10	19	大丈夫だから。	
1	9	19	気前がいいな。	
1	10	19	昼食を作るか。	
1	8	19	事できないよ。	
1	7	19	しているんだ？	
1	7	19	ちょっとね～。	
1	8	19	という事だな。	
1	8	19	だからお願い。	
1	8	19	って感じだな。	
1	8	19	なら良かった。	
1	7	19	おかしいなあ？	
1	9	19	大変なんだよ。	
1	7	19	なってくるよ。	
1	7	19	なるんだろう。	
1	9	19	何を書こうか。	
1	8	19	う強くなりたい	
1	8	19	なんだろ今の？	
1	7	19	だったのかな？	
1	9	19	は居ると思う。	
1	7	19	さんからとかね	
1	8	19	嬉しいのかな？	
1	10	19	ねえ、ご主人様	
1	8	19	言ってるのに。	
1	9	19	外に行ってた。	
1	9	19	たぶん買い物。	
1	8	19	気をつけるよ。	
1	7	19	さんと・・・・	
1	8	19	声をかけるか！	
1	8	19	どういう事だ？	
1	8	19	辛すぎるだろ！	
1	9	19	だから逆に俺が	
1	7	19	じゃないし～。	
1	8	19	効くんだね～。	
1	7	19	セットでどう？	
1	8	19	下しているよ。	
1	8	19	覚えてやがれ！	
1	10	19	今日は帰ろう。	
1	8	19	ほら、見せて。	
1	8	19	さんを超えた！	
1	9	19	もう一杯くれ。	
1	7	19	いつもどおり。	
1	7	19	いけないのよ。	
1	9	19	本当にゴメン！	
1	8	19	飲んでみてよ。	
1	8	19	飲んでやるか。	
1	8	19	い赤いジュース	
1	8	19	思ってるのか？	
1	7	19	あるんだけど。	
1	8	19	ちょっと待て、	
1	8	19	は何もないので	
1	7	19	あれはテント？	
1	8	19	もう少しだけ。	
1	9	19	漫喫でもいい。	
1	7	19	これはいつもと	
1	7	19	ものだからな。	
1	10	19	に直接会えば、	
1	7	19	やばいよソレ！	
1	10	19	い維織を止める	
1	8	19	さん暇でしょ？	
1	7	19	ケダモノーー！	
1	7	19	だまされた～！	
1	7	19	しまうんだね。	
1	10	19	それに歳は関係	
1	8	19	私がいるよ。お	
1	7	19	このままじゃあ	
1	8	19	直らないだろ！	
1	8	19	言ってるだろ！	
1	8	19	話してみてよ。	
1	9	19	必須かなって。	
1	9	19	それとも自分が	
1	10	19	道具も揃った。	
1	8	19	思えちゃうよ。	
1	7	19	よし！さすがに	
1	7	19	プルルルルル！	
1	7	19	ウソじゃない。	
1	9	19	友達なんだね。	
1	9	19	の気持ちなんて	
1	7	19	じゃなくなって	
1	10	19	って誕生日なの	
1	10	19	さんの誕生日）	
1	7	19	わからないか。	
1	8	19	さんの近くは、	
1	7	19	さんもこっちに	
1	8	19	居るんでしょ？	
1	7	19	レタスサンド。	
1	7	19	ハムサンドは？	
1	7	19	ささ、グイッと	
1	8	19	が言ってたな。	
1	7	19	いや、だけど。	
1	10	19	それを六種類。	
1	10	19	さんの食生活を	
1	8	19	他はなんだよ？	
1	9	19	居ると思うよ。	
1	8	19	帰ってこない。	
1	9	19	俺は知らない。	
1	8	19	が作ったのか？	
1	8	19	来てやったぞ！	
1	8	19	行っちゃった。	
1	8	19	動いているぞ！	
1	7	19	どうしたの～？	
1	7	19	そんなのナイ。	
1	7	19	おいてやるよ。	
1	7	19	なってるから。	
1	7	19	というわけで、	
1	8	19	は見てないよ。	
1	8	19	暮らしだった。	
1	7	19	うらやましい。	
1	8	19	汗をかくだろ。	
1	7	19	かわいいのに。	
1	8	19	危ないなあ～。	
1	8	19	余っただけよ！	
1	8	19	い諦めたのか？	
1	9	19	それは犯罪だぞ	
1	8	19	訊いてみよう。	
1	9	19	言い出したの？	
1	7	19	だからなあ～。	
1	7	19	できないのか？	
1	9	19	！腹減ったぞ！	
1	8	19	さんの声だけは	
1	8	19	さんの中では、	
1	8	19	感じなのかな？	
1	11	19	君は動物好き？	
1	8	19	よく見ている。	
1	11	19	博士の称号を。	
1	8	19	扱いなんだな。	
1	8	19	信じてるかな。	
1	8	19	さんの事だから	
1	8	19	何をしてたの？	
1	8	19	さんの物でも、	
1	8	19	と、取れない！	
1	8	19	の奴がいない。	
1	7	19	もしかしたら。	
1	8	19	さんの向こうに	
1	8	19	は逃げている？	
1	12	19	腹減り喫茶店。	
1	8	19	言うもんだろ。	
1	9	19	お客様だから。	
1	9	19	私は知らない。	
1	7	19	いじゃないの？	
1	7	19	わからないな。	
1	8	19	打てないんだ。	
1	9	19	証明してやる！	
1	11	19	至高の言語を！	
1	8	19	食べたいんだ。	
1	10	19	一緒に行こう。	
1	7	19	めんどくさい。	
1	10	19	殿！ご覚悟を！	
1	9	19	二人っきりなら	
1	8	19	もう食べない。	
1	7	19	あと、コレと。	
1	7	19	わかるんですよ	
1	7	19	じゃないだろ。	
1	8	19	むしろ何がだ？	
1	7	19	になったんだ。	
1	7	19	がいなくなると	
1	8	19	決めたんだ～。	
1	8	19	が好きになった	
1	7	19	もちろんさ～。	
1	8	19	驚いてくれた。	
1	8	19	寄っておくれ。	
1	8	19	いま来たとこ？	
1	7	19	さんにとっては	
1	8	19	さんに任せる。	
1	11	19	ここは衣類関連	
1	8	19	見れるでしょ？	
1	8	19	行ってるんだ？	
1	9	19	この聖なる夜を	
1	8	19	そばに居るよ。	
1	9	19	確かに黒いな。	
1	8	19	逃げたんだな。	
1	9	19	演じて来るよ！	
1	8	19	が襲っている？	
1	8	19	よし！入るぞ！	
1	9	19	火傷するだろ！	
1	7	19	にしてあげる。	
1	8	19	置いてあるよ。	
1	10	19	小動物みたいで	
1	9	19	というか、一度	
1	8	19	さんが居ない、	
1	7	19	もういいじゃん	
1	7	19	するんだよ～。	
1	7	19	ほんと～に～！	
1	10	19	自信が無いけど	
1	8	19	食べてくれる？	
1	8	19	何でもできる。	
1	7	19	サブタイトルは	
1	7	19	ねえ、ダーリン	
1	7	19	さすがダーリン	
1	8	19	倒れちゃった。	
1	7	19	やっぱりアレは	
1	9	19	無理だったか。	
1	7	19	いや、だから、	
1	10	19	さんの誕生日。	
1	9	19	さんの気持ちが	
1	8	19	無いじゃない。	
1	11	19	彼女と知り合い	
1	8	19	に惚れたのか！	
1	10	19	あの言葉使い！	
1	9	19	誰に聞いたの？	
1	9	19	さんの過去も。	
1	8	19	思ったからだ。	
1	7	19	わけじゃない。	
1	10	19	君の言う通り、	
1	9	19	君が望むなら、	
1	9	19	日が浅いのか？	
1	9	19	似合ってるな。	
1	7	19	じゃ、じゃあ。	
1	7	19	はずなんだが。	
1	7	19	がいますから。	
1	11	19	お嬢様ご本人が	
1	9	19	気持ちなのか？	
1	7	19	できなかった。	
1	8	19	また行こうぜ。	
1	7	19	みだよな・・・	
1	10	19	もう大丈夫だ。	
1	8	19	思ってました。	
1	7	19	はじめました）	
1	7	19	ワタシは・・・	
1	7	19	さんですよね。	
1	10	19	にお嬢様の話を	
1	7	19	あ、でも・・・	
1	8	19	言ってただろ。	
1	8	19	嬉しいだろう？	
1	8	19	思ってたんだか	
1	9	19	感謝してるよ。	
1	8	19	洗ってあるな。	
1	8	19	ここに住んでた	
1	7	19	アウトドアのプ	
1	11	19	行く事に決定！	
1	8	19	例のおっさん。	
1	8	19	動けない・・・	
1	7	19	さん・・・と。	
1	7	19	・・・ほほう。	
1	9	19	魚の骨なんだけ	
1	9	19	あの材料から？	
1	7	19	よいそうです。	
1	7	19	・・・それで、	
1	8	19	始めますかな。	
1	8	19	殺されたんだ。	
1	8	19	でも、何のため	
1	9	19	仕掛けておいて	
1	9	19	正解だったな。	
1	9	19	その方が楽だ。	
1	8	19	歌わないのか？	
1	7	19	いやいや・・・	
1	8	19	気になってさ。	
1	8	19	知らないけど、	
1	9	19	案内しますね。	
1	7	19	さん、どうぞ。	
1	7	19	あ、やっぱりヤ	
1	9	19	大作だったね。	
1	9	19	こういう映画。	
1	9	19	うん、面白い。	
1	9	19	うちの父親も、	
1	7	19	うん、うまい。	
1	8	19	来たらいいよ。	
1	10	19	鍋用意するよ。	
1	9	19	この部屋・・・	
1	8	19	とか言ってたけ	
1	9	19	生臭くは・・・	
1	8	19	・・・汚いな。	
1	8	19	久しぶりだよ。	
1	7	19	すいてるだろ？	
1	7	19	・・・あはは！	
1	8	19	なんか作るか。	
1	8	19	あ、見るなよ！	
1	7	19	・・・なんだ。	
1	8	19	う・・・凶だ。	
1	7	19	なにするんだ、	
1	8	19	まだお昼だぞ？	
1	9	19	しかし、今日は	
1	6	19	がんばれよ！	
1	6	19	ここまでで「	
1	7	19	いい街だな。	
1	6	19	がんばるぞ。	
1	6	19	えっと・・・	
1	8	19	お菓子だよ。	
1	8	19	おい、身体！	
1	6	19	ありがとう、	
1	6	19	すっごーい！	
1	7	19	言っただろ？	
1	6	19	ほめてない。	
1	6	19	どこがいい？	
1	8	19	最初のうちは	
1	6	19	すいません。	
1	6	19	どうも・・・	
1	6	19	はい、これ。	
1	7	19	不びんだな。	
1	6	19	なんとなく、	
1	6	19	って、オイ。	
1	7	19	君はどうして	
1	6	19	まさか・・・	
1	6	19	だもんね～。	
1	7	19	助かったよ。	
1	6	19	（あばよ！）	
1	6	19	ところどころ	
1	6	19	（バシャ！）	
1	6	19	（どうだ！）	
1	8	19	を使う時だ！	
1	6	19	キキーッ！）	
1	6	19	さぼったりは	
1	6	19	してねえよ。	
1	9	19	必殺技なら、	
1	6	19	いけるけど？	
1	6	19	いいんだね。	
1	8	19	協力するよ。	
1	6	19	がいるんだ？	
1	6	19	いやったぁ！	
1	6	19	たしか・・・	
1	7	19	に違いない。	
1	6	19	そうかなぁ。	
1	6	19	お～こわっ。	
1	8	19	これが本当の	
1	6	19	ムシャぶるい	
1	6	19	うとむのだ。	
1	6	19	なんだっけ？	
1	8	19	う説教する。	
1	7	19	思ってたよ。	
1	7	19	・・・見れば	
1	6	19	わかるだろ？	
1	8	19	だが、本当は	
1	6	19	ハハハハハ。	
1	7	19	の話でカニ？	
1	6	19	いや、マジに	
1	7	19	君のことか。	
1	7	19	言ってたな。	
1	6	19	だからまぁ、	
1	7	19	待ってるぞ。	
1	6	19	あああ・・・	
1	6	19	ということが	
1	6	19	できるように	
1	7	19	は休みだぞ。	
1	8	19	え打撃だな。	
1	6	19	じゃねえか。	
1	7	19	見えてるぞ？	
1	8	19	俺が入るの？	
1	7	19	釣れないな。	
1	8	19	跡取りだよ。	
1	10	19	裸で大丈夫！	
1	7	19	さん、早く！	
1	8	19	あいつ自身が	
1	8	19	さんが一緒に	
1	6	19	あきれるわ。	
1	7	19	かなり変よ。	
1	6	19	くんすごい！	
1	6	19	くそーっ！！	
1	6	19	のヒーローを	
1	6	19	ま、いいわ。	
1	6	19	おじさ～ん！	
1	6	19	おじさんは？	
1	9	19	明日の朝よ！	
1	8	19	夢に向かって	
1	6	19	が、いきなり	
1	6	19	オホホホホ。	
1	7	19	おまけに今は	
1	9	19	この臆病者！	
1	8	19	落ち着いたら	
1	6	19	あちこちに。	
1	7	19	それより、今	
1	6	19	いねえだろ。	
1	6	19	あいかわらず	
1	6	19	だけど・・・	
1	8	19	の秘密がある	
1	6	19	バケモノだ！	
1	6	19	（ネットでの	
1	10	19	が試合放棄。	
1	8	19	なら、今日は	
1	6	19	できぬもの。	
1	6	19	しかし・・・	
1	6	19	ファボール！	
1	6	19	キャプテンは	
1	9	19	他人から聞く	
1	8	19	さんは、長年	
1	6	19	このチームは	
1	8	19	これで解散！	
1	6	19	できるのか？	
1	9	19	変な店の前で	
1	6	19	おいしそう。	
1	7	19	言ってくれ。	
1	6	19	クダサ～イ！	
1	7	19	に来てくれ！	
1	7	19	の誇るチーム	
1	6	19	だめなのか？	
1	8	19	うちの長男は	
1	9	19	から挑戦状？	
1	6	19	まあ、ずっと	
1	6	19	どこでです？	
1	6	19	あとは・・・	
1	6	19	いかんだろ。	
1	7	19	言ってたよ。	
1	6	19	だから・・・	
1	6	19	やろ、やろ。	
1	6	19	あ、ちょっと	
1	6	19	のおじさん！	
1	8	19	おい、坊主！	
1	6	19	まずいかな？	
1	8	19	来週、ついに	
1	6	19	わがチームの	
1	7	19	）と呼びな。	
1	8	19	もう抜け穴は	
1	7	19	また頼むわ。	
1	6	19	いるか～い！	
1	7	19	また頼むよ。	
1	6	19	さんですね。	
1	6	19	いなせだね、	
1	9	19	特に言動が。	
1	6	19	やめてよぉ！	
1	7	19	行くなバカ。	
1	6	19	そこにいろ。	
1	7	19	食えるかな？	
1	6	19	プログラムも	
1	6	19	ちゃん」って	
1	8	19	失礼します。	
1	9	19	の試合を前に	
1	8	19	看板が・・・	
1	6	19	どうやって？	
1	7	19	わたしは吉。	
1	6	19	ボコッ！！）	
1	8	19	は素人だぞ？	
1	6	19	じゃーーん。	
1	6	19	あいにうえお	
1	9	19	流れ星ポエ夢	
1	8	19	さんに質問。	
1	6	19	なんでだろ？	
1	7	19	あたし的には	
1	7	19	が泣くのよ。	
1	7	19	早くやる！！	
1	8	19	安直かもね。	
1	7	19	って人だな？	
1	7	19	もう行って。	
1	6	19	ダメかなぁ？	
1	6	19	よろしくな。	
1	9	19	お米の配達？	
1	6	19	おねえちゃん	
1	7	19	を倒すには、	
1	6	19	ひひフォーク	
1	6	19	ふふシンカー	
1	6	19	へへシュート	
1	6	19	（ブチン！）	
1	6	19	さみしいから	
1	6	19	ばんざいだ！	
1	7	19	を頼んだぞ、	
1	7	19	喜ばれるが、	
1	6	19	うとまれる。	
1	6	19	なに、あれ？	
1	6	19	これかなぁ？	
1	6	19	ここは・・・	
1	6	19	さんがここで	
1	9	19	い再挑戦だ！	
1	6	19	ないんだね。	
1	6	19	をつぶして、	
1	8	19	・・・愉快な	
1	6	19	つもりだぞ！	
1	7	19	言うんだよ！	
1	9	19	今日、お店は	
1	6	19	で、あっちが	
1	7	19	との戦いは、	
1	6	19	こうしよう。	
1	8	19	統轄するのが	
1	8	19	自分たちから	
1	8	19	約束なんだ。	
1	8	19	大神グループ	
1	6	19	なれないよ。	
1	7	19	、どう思う？	
1	8	19	オレの名前は	
1	6	19	オレのこと？	
1	8	19	では、失礼。	
1	10	19	は連戦連勝。	
1	8	19	女手ひとつで	
1	7	19	を育てている	
1	10	19	無理、無理。	
1	7	19	行くわけには	
1	6	19	（どぼん！）	
1	7	19	母ちゃーん！	
1	6	19	もいねえな。	
1	6	19	とちがって、	
1	6	19	いいだろう。	
1	8	19	夢中だった。	
1	8	19	これ、本当に	
1	9	19	お前の事情は	
1	7	19	泳げないこと	
1	7	19	は帰ってから	
1	6	19	、なんだよ。	
1	7	19	決まりだな。	
1	8	19	この場合は、	
1	7	19	黙っていたら	
1	6	19	ちゃん・・・	
1	7	19	あたし恐い！	
1	6	19	だっただろ。	
1	9	19	次が活舌ね。	
1	8	19	、お疲れ様。	
1	7	19	また来てね。	
1	7	19	お前、やけに	
1	7	19	の事を・・・	
1	7	19	お供します。	
1	9	19	今の時間は？	
1	9	19	今から一緒に	
1	8	19	に対抗して、	
1	7	19	聞こえてる？	
1	6	19	フグフェスタ	
1	6	19	まあ、その。	
1	8	19	新ワルクロ団	
1	10	19	最強の戦士！	
1	8	19	う追い払う。	
1	6	19	みたいなの！	
1	6	19	なったんだ。	
1	6	19	くんごめん。	
1	10	19	一緒に公演を	
1	6	19	じゃ、まずは	
1	6	19	だからこそ、	
1	8	19	の望む物が、	
1	6	19	マゼンダーＺ	
1	8	19	電臣サボーン	
1	6	19	な、なんと！	
1	6	19	グランドマン	
1	8	19	本当ですか！	
1	10	19	盗賊聖書！？	
1	7	19	なにを言う。	
1	8	19	財宝なのだ。	
1	6	19	もういいよ！	
1	6	19	やんすか？！	
1	6	19	してないよ。	
1	8	19	頑張ってね。	
1	6	19	といいます！	
1	7	19	ちゃんの夢も	
1	6	19	のやつ・・・	
1	7	19	が抜けたら、	
1	8	19	変な奴だな。	
1	8	19	大騒ぎに。）	
1	9	19	、大丈夫か？	
1	8	19	が迷惑だし、	
1	6	19	わたしのこと	
1	6	19	ゆきのじょう	
1	7	19	大きなパネル	
1	6	19	プログラムの	
1	6	19	すごいんだか	
1	7	19	その話だと、	
1	6	19	ひどいなぁ。	
1	6	19	まずはおれと	
1	7	19	演じるのよ。	
1	6	19	このあたりで	
1	6	19	くそっ・・・	
1	6	19	じゃねぇか。	
1	7	19	俺はいいよ。	
1	6	19	どうしたの、	
1	8	19	ほら、有名な	
1	6	19	グループの。	
1	6	19	（トボトボ）	
1	6	19	よろしくな！	
1	6	19	あ、そらよ！	
1	7	19	走りこんで、	
1	6	19	それにしても	
1	6	19	あっ、はい！	
1	9	19	大丈夫です。	
1	7	19	い助けにいく	
1	6	19	は・だ・か！	
1	6	19	わかるよね？	
1	7	19	俺のおかげで	
1	7	19	とっと帰れ！	
1	6	19	くっくっく。	
1	7	19	強いんだな、	
1	8	19	きそこの男前	
1	6	19	しれないな。	
1	7	19	暇なんだろ？	
1	8	19	に好きな物を	
1	7	19	いその通りだ	
1	6	19	でしょうか？	
1	7	19	教えてくれ。	
1	7	19	見つめてる。	
1	10	19	今日も用事。	
1	6	19	こ、これは！	
1	6	19	いるのか？）	
1	8	19	返事してよ！	
1	10	19	種類は適当。	
1	6	19	どこまでも。	
1	8	19	さんの心配を	
1	7	19	やり過ぎだ。	
1	7	19	今はかわいい	
1	6	19	じゃないか！	
1	7	19	サーカス団で	
1	8	19	失礼だな～！	
1	7	19	のが悔しい。	
1	6	19	いけないの。	
1	7	19	見えるから。	
1	7	19	さんは他のが	
1	7	19	いや、別に。	
1	7	19	気がするぜ。	
1	8	19	また注文だ。	
1	6	19	もちろ～ん。	
1	7	19	抱きしめて。	
1	6	19	キスをして。	
1	7	19	行ってくる！	
1	6	19	あげるわよ。	
1	7	19	話すように！	
1	6	19	がいないな。	
1	6	19	だけなんだ。	
1	7	19	静かだなあ。	
1	7	19	い追いかける	
1	7	19	思わないか？	
1	6	19	なかったか？	
1	6	19	さすがだねえ	
1	9	19	出て行く時、	
1	6	19	なら、きっと	
1	6	19	だけどなんで	
1	6	19	しれないよ。	
1	6	19	さんでしょ。	
1	8	19	仕方がない。	
1	7	19	頼もうかな。	
1	8	19	なんで俺の事	
1	9	19	確か今日は。	
1	7	19	覚えてとけよ	
1	6	19	いるからな！	
1	6	19	じゃないか？	
1	7	19	帰るピエロ。	
1	7	19	いったい何を	
1	6	19	さんなのに、	
1	7	19	正しいのか。	
1	7	19	もう少しだけ	
1	9	19	俺のPCに！	
1	7	19	赤いんだぞ！	
1	7	19	言ったんだ？	
1	7	19	男らしいね。	
1	6	19	いうわけだ。	
1	7	19	覚えておけ。	
1	7	19	持つんだろ？	
1	6	19	それでいい？	
1	8	19	貢がせる為？	
1	6	19	ケモノのね！	
1	8	19	さんの機嫌が	
1	6	19	スパイラル？	
1	7	19	さんを超えた	
1	8	19	い舎弟をクビ	
1	8	19	でも、心配だ	
1	8	19	注文してた。	
1	7	19	比べたらね。	
1	9	19	毎日、隠れて	
1	7	19	今からする。	
1	7	19	しか知らない	
1	7	19	口うるさい。	
1	10	19	本当に友達？	
1	6	19	ただボ～クが	
1	7	19	言えるんだ？	
1	6	19	フフーーン！	
1	7	19	気のせいか？	
1	6	19	ないからな。	
1	9	19	い行動で示す	
1	6	19	いや、いい。	
1	9	19	ご主人様って	
1	6	19	てるからな。	
1	6	19	いや、それは	
1	6	19	していたの。	
1	6	19	いそうなんだ	
1	8	19	全てから目を	
1	7	19	何でもいい。	
1	9	19	唐辛子パフェ	
1	6	19	ガラナでも？	
1	8	19	これは手紙？	
1	6	19	さんからだ！	
1	7	19	出ていこう。	
1	6	19	になるから。	
1	6	19	いや、でも、	
1	8	19	の言う通り、	
1	7	19	顔してない？	
1	6	19	だけどなあ。	
1	8	19	俺も寝よう。	
1	8	19	見ての通り、	
1	7	19	お兄ちゃん？	
1	7	19	さあ、早く！	
1	8	19	兄妹だからね	
1	7	19	行ってるよ。	
1	6	19	してるよな？	
1	8	19	体に悪いよ。	
1	9	19	達の物語を。	
1	8	19	いても一緒」	
1	7	19	とか言って、	
1	6	19	あるんだ～。	
1	8	19	の動きを見て	
1	6	19	するなんて。	
1	7	19	読んでるよね	
1	7	19	作ってるの。	
1	6	19	たまにかな。	
1	7	19	大ありだよ。	
1	9	19	俺も夏祭りに	
1	8	19	手を引くよ。	
1	7	19	払うんだし。	
1	8	19	さんは突然、	
1	8	19	そんな貴方に	
1	7	19	危ないよな。	
1	7	19	拾われてる。	
1	6	19	いきますね。	
1	6	19	くれるんだ？	
1	8	19	これが理由。	
1	7	19	いても、別に	
1	6	19	どうだろ～？	
1	7	19	減るのかな？	
1	8	19	ご主人さまっ	
1	7	19	終わったの。	
1	7	19	入れないな。	
1	6	19	パソコンか？	
1	8	19	証明させろ！	
1	10	19	最高の食材、	
1	7	19	欲しいんだ。	
1	8	19	元に戻すのが	
1	6	19	あのモードの	
1	8	19	君に渡して。	
1	9	19	不正解です。	
1	8	19	間柄じゃん。	
1	8	19	落ち着くな。	
1	8	19	対象でいい。	
1	6	19	マックスだ！	
1	8	19	一発ＯＫだ！	
1	6	19	つもりさ～。	
1	6	19	まかせて～！	
1	7	19	って事だな。	
1	7	19	知ってたの？	
1	6	19	こもってる。	
1	8	19	さんと一緒に	
1	7	19	無いんじゃ？	
1	7	19	さんの好み？	
1	8	19	あの気難しい	
1	6	19	あのピアノ。	
1	7	19	言ったから。	
1	9	19	普通に喋れ。	
1	6	19	らしくないん	
1	6	19	だったのか！	
1	6	19	ってなんだ？	
1	7	19	示さないな。	
1	6	19	このサンドを	
1	10	19	条件反射か？	
1	7	19	どういう事？	
1	6	19	さんなんて。	
1	7	19	私にすれば？	
1	7	19	逃げるなっ！	
1	6	19	さんだよね？	
1	9	19	姿形でお前が	
1	7	19	でもね、私、	
1	8	19	君が寝てから	
1	8	19	作り始めた。	
1	7	19	楽しかった？	
1	8	19	君の為なら、	
1	9	19	大丈夫かな）	
1	8	19	突然なんだ？	
1	7	19	そんな事より	
1	7	19	照れてるの？	
1	6	19	あるでしょ。	
1	8	19	行って来る！	
1	7	19	って、お前、	
1	8	19	さんの実家が	
1	7	19	そういう目で	
1	9	19	大丈夫かな。	
1	6	19	もういいや。	
1	6	19	で、なんだ？	
1	9	19	あの雰囲気！	
1	9	19	あの喫茶店の	
1	8	19	私を愛して。	
1	8	19	私に与えて。	
1	6	19	いないけど。	
1	8	19	最近なのか？	
1	8	19	お、俺の事？	
1	7	19	では他には？	
1	8	19	綺麗すっきり	
1	6	19	なんだこれ？	
1	7	19	初めてだね。	
1	9	19	お嬢様は君に	
1	9	19	自由の空へ！	
1	6	19	できるんだ！	
1	8	19	さんは表情を	
1	6	19	さてと・・・	
1	6	19	あ！もしかし	
1	10	19	く城田連続１	
1	7	19	い楽しいです	
1	6	19	さんか・・・	
1	6	19	ありません。	
1	6	19	これやるよ。	
1	6	19	うわぁ・・・	
1	6	19	さんだ・・・	
1	6	19	アウトドア！	
1	9	19	仕事中だぞ。	
1	7	19	来てますよ。	
1	7	19	どこ行った！	
1	6	19	あんど・・・	
1	6	19	でも、これは	
1	6	19	もしかして、	
1	6	19	さんですか？	
1	6	19	やってしまっ	
1	6	19	ナイフ・・・	
1	7	19	お父さん！！	
1	9	19	い自分で選ぶ	
1	6	19	さっきから、	
1	7	19	これで行く！	
1	8	19	関係ないよう	
1	7	19	でも、あの人	
1	7	19	思うけどな。	
1	6	19	そうじゃなく	
1	9	19	時間損した！	
1	7	19	言ってたくせ	
1	6	19	えたからさ。	
1	7	19	聞いておくけ	
1	6	19	どうだろう？	
1	7	19	な感じだし。	
1	8	19	薄汚いんだよ	
1	8	19	薄汚い・・・	
1	6	19	さんみたいな	
1	7	19	すぐ行くよ。	
1	6	19	いたた・・・	
1	7	19	さん、ご飯は	
1	6	19	まだだよな？	
1	7	19	違ったかな。	
1	6	19	リスマスだ！	
1	7	19	覚えてるか？	
1	6	19	まさか、あの	
1	7	19	別にさ・・・	
1	6	19	さんじゃない	
1	8	19	かわいい名前	
1	8	19	今度からは、	
1	6	19	クリスマスだ	
1	8	19	でも、残念！	
1	7	19	ちょっと臭う	
1	6	19	いいよ・・・	
1	7	19	さんの家って	
1	8	19	お、大吉だ。	
1	7	19	￥に行こう。	
1	6	19	わからないけ	
1	8	19	お土産だぞ？	
1	6	19	これだ・・・	
1	8	19	材料は・・・	
1	6	19	ほほう・・・	
1	7	19	避けられたけ	
1	7	19	確かに・・・	
1	6	19	しないしな。	
1	7	19	活気のある	
1	5	19	んにちは。	
1	7	19	え打撃だ。	
1	5	19	は、はい！	
1	7	19	い持ち帰る	
1	5	19	いセリーグ	
1	6	19	作ったのは	
1	5	19	これは！？	
1	5	19	メキキ！）	
1	5	19	そうだろ？	
1	7	19	、練習か？	
1	9	19	大人の事情	
1	5	19	え、なんで	
1	5	19	じゃーん！	
1	6	19	に会ったら	
1	7	19	の銭湯だ！	
1	5	19	はやつらを	
1	7	19	大事なの？	
1	7	19	麦茶だよ。	
1	5	19	ドボン！）	
1	5	19	アメリカで	
1	5	19	そうよね、	
1	5	19	あら、やだ	
1	5	19	ほとんどが	
1	10	19	宙空不動産	
1	7	19	の練習も、	
1	6	19	消えた？！	
1	5	19	ちゃんが！	
1	5	19	さぁ～ん。	
1	5	19	ズルッ！）	
1	6	19	見たかー？	
1	6	19	照れるぜ。	
1	7	19	約束だぜ。	
1	7	19	って、毎回	
1	7	19	との試合が	
1	5	19	あるかい？	
1	5	19	ちゃんは？	
1	5	19	のかしら？	
1	5	19	よかったな	
1	5	19	コマンドの	
1	6	19	を選んで、	
1	5	19	さぁ～ん！	
1	5	19	いないな？	
1	7	19	あの犬、昔	
1	8	19	の振興会の	
1	5	19	いつまでも	
1	5	19	そこだけは	
1	6	19	笑えるな。	
1	6	19	お客さん。	
1	9	19	配達配達！	
1	7	19	わが知略も	
1	5	19	）さんだ。	
1	5	19	ちゃんって	
1	5	19	なにしろ、	
1	5	19	キャプテン	
1	9	19	選手交代は	
1	9	19	以前の問題	
1	5	19	のやつらは	
1	7	19	（明日から	
1	5	19	そのまま、	
1	6	19	占いつき？	
1	5	19	スーパーに	
1	5	19	がどうして	
1	5	19	ブンッ！）	
1	10	19	落下点表示	
1	5	19	があれば、	
1	5	19	だからね。	
1	5	19	うまあね。	
1	5	19	のみんなは	
1	5	19	しまいには	
1	5	19	ああっ？！	
1	7	19	君を叱る？	
1	7	19	の勝利だ。	
1	5	19	さらばだ、	
1	7	19	普通だな。	
1	6	19	より上か。	
1	5	19	やったー。	
1	5	19	おかしい！	
1	5	19	いただき！	
1	5	19	ちゃんも、	
1	5	19	をやろう。	
1	5	19	のキャラは	
1	5	19	これだよ！	
1	6	19	耳アカ？！	
1	5	19	かわいくて	
1	6	19	決まりね、	
1	5	19	それじゃ、	
1	6	19	じゃあ次は	
1	9	19	練習再開！	
1	5	19	ますます、	
1	10	19	凡田博物館	
1	8	19	の展示物が	
1	5	19	スライダー	
1	5	19	ははカーブ	
1	6	19	さすが強い	
1	5	19	ガヤガヤ）	
1	5	19	のやつらを	
1	5	19	グループの	
1	5	19	のねらいが	
1	8	19	あの支店長	
1	5	19	アンタには	
1	5	19	これまでの	
1	5	19	はいるか！	
1	7	19	本当だわ。	
1	6	19	忘れてた？	
1	7	19	はい完成！	
1	5	19	ガイノイド	
1	5	19	ちゃんには	
1	5	19	どうして、	
1	5	19	ウソだろ？	
1	7	19	今度こそ、	
1	5	19	これだわ！	
1	6	19	に渡せば、	
1	5	19	スーパーと	
1	5	19	ちゃんが、	
1	7	19	にも責任が	
1	5	19	いかない。	
1	5	19	あるから。	
1	7	19	お元気で！	
1	7	19	へ連絡を！	
1	9	19	黄色の矢印	
1	5	19	がとれる。	
1	6	19	これは他の	
1	5	19	というのは	
1	5	19	させない。	
1	5	19	どうだい？	
1	5	19	あきらめろ	
1	7	19	以上です。	
1	6	19	どんな時の	
1	8	19	会長の話を	
1	5	19	ちゃんは、	
1	5	19	ずっとよ！	
1	7	19	慌て者で。	
1	6	19	アナゴ祭り	
1	5	19	ちゃん！？	
1	5	19	ええっと～	
1	7	19	まず、一応	
1	7	19	女の子にも	
1	6	19	さんの役は	
1	6	19	その本は、	
1	6	19	お笑いだ。	
1	8	19	商店街も、	
1	6	19	別にオレは	
1	7	19	この劇団は	
1	5	19	ダチョウに	
1	8	19	１０匹以上	
1	6	19	捕まえろ！	
1	5	19	ダチョウは	
1	5	19	（どこだ？	
1	5	19	ちゃんとは	
1	5	19	、すまん！	
1	8	19	の親会社で	
1	5	19	それとね、	
1	6	19	好きなのは	
1	5	19	それなのに	
1	9	19	出火直前に	
1	8	19	事件の後で	
1	6	19	君をつれて	
1	9	19	予想以上に	
1	6	19	聞いたよ。	
1	6	19	母ちゃん、	
1	6	19	母ちゃん！	
1	6	19	悪いのは、	
1	5	19	でいいよ。	
1	5	19	だったら、	
1	5	19	じゃあな。	
1	6	19	思ったの？	
1	5	19	しれない。	
1	5	19	くっそ～。	
1	7	19	本当にあの	
1	5	19	するよな。	
1	5	19	しました）	
1	5	19	やがった。	
1	6	19	か、体が！	
1	6	19	准ちゃん。	
1	7	19	争うお話。	
1	7	19	消毒して。	
1	6	19	い持たない	
1	5	19	そうなの。	
1	6	19	ドジっ娘？	
1	6	19	うドジっ娘	
1	6	19	紙とペン？	
1	5	19	ベイビー！	
1	6	19	逆だから！	
1	7	19	気分だよ。	
1	7	19	あ？十軒？	
1	5	19	わかるよ。	
1	5	19	そうだねえ	
1	5	19	ないから。	
1	7	19	法廷だぞ！	
1	6	19	危ねえ～！	
1	6	19	俗まみれ！	
1	5	19	まったく、	
1	7	19	気は確かか	
1	5	19	プレゼント	
1	5	19	ないんだ。	
1	6	19	きっと今の	
1	7	19	俺は男だ！	
1	5	19	いつからだ	
1	5	19	さんがよ。	
1	6	19	言うのよ？	
1	7	19	問題ない。	
1	6	19	さんの傍に	
1	7	19	本当だよ。	
1	5	19	だけだぞ。	
1	5	19	なるから。	
1	7	19	は客の俺に	
1	5	19	うるさい。	
1	5	19	ないよね。	
1	7	19	不安だよ。	
1	6	19	さんの声？	
1	5	19	どこから？	
1	6	19	い聴きたい	
1	5	19	いつもの。	
1	7	19	先輩、す、	
1	7	19	って包丁？	
1	5	19	カンって！	
1	5	19	どっちだ？	
1	5	19	わけだし。	
1	6	19	頼んでね。	
1	5	19	さんでも、	
1	5	19	それでだな	
1	6	19	さんの事、	
1	5	19	じゃないと	
1	7	19	生き物が。	
1	8	19	機嫌が悪い	
1	5	19	ましたわ。	
1	5	19	もらおう）	
1	5	19	うそだろ。	
1	5	19	いるのか？	
1	7	19	号と呼んで	
1	5	19	それだけ？	
1	6	19	聞こえる）	
1	7	19	本来ならば	
1	6	19	疲れた～。	
1	5	19	そうだよ！	
1	7	19	頑張るよ！	
1	5	19	むかつく。	
1	6	19	どう思う？	
1	5	19	どこにでも	
1	8	19	心配性だね	
1	7	19	相変わらず	
1	8	19	絶対嘘だ！	
1	7	19	俺が動けな	
1	6	19	お兄ちゃん	
1	8	19	絶対死ぬ。	
1	5	19	じゃない？	
1	7	19	私も寝る。	
1	5	19	さっぱり。	
1	6	19	確かだね。	
1	5	19	せいかな？	
1	5	19	どうみても	
1	5	19	さんよりも	
1	5	19	さっきまで	
1	6	19	見えるの。	
1	6	19	泣いても、	
1	6	19	笑っても、	
1	6	19	怒っても、	
1	5	19	カレーで。	
1	5	19	カレーを。	
1	7	19	これが理由	
1	6	19	待ってて。	
1	6	19	いつも通り	
1	7	19	私も好き。	
1	9	19	絶滅寸前。	
1	5	19	らしいね。	
1	5	19	さんはまだ	
1	5	19	ってなに？	
1	6	19	暇でしょ？	
1	7	19	微妙だな。	
1	5	19	ヨロシクね	
1	5	19	またかっ！	
1	6	19	すぐ戻る。	
1	5	19	だけなの？	
1	7	19	気が利くな	
1	6	19	思ってね。	
1	5	19	たんだ～。	
1	5	19	いうか～。	
1	5	19	うれしい。	
1	6	19	さんの為に	
1	8	19	問題無い。	
1	5	19	なくちゃ！	
1	5	19	うう～ん。	
1	7	19	の問題だ。	
1	5	19	もうない。	
1	5	19	（ダキッ）	
1	6	19	に対して、	
1	7	19	ほ、本気？	
1	8	19	ご主人様。	
1	6	19	思います。	
1	5	19	いよいよ、	
1	5	19	サーカスの	
1	5	19	っぷりが、	
1	9	19	満漢全席。	
1	5	19	しかしな、	
1	5	19	それよりも	
1	7	19	頑張るよ。	
1	5	19	がいいよ。	
1	6	19	出すのさ。	
1	5	19	つかなくて	
1	6	19	もう帰る！	
1	5	19	マンモス？	
1	6	19	違うわよ！	
1	6	19	さんの事が	
1	6	19	嘘をついて	
1	5	19	メリットは	
1	5	19	とりあえず	
1	5	19	なのかい？	
1	6	19	頂きます。	
1	5	19	さすがだね	
1	7	19	にお嬢様と	
1	6	19	私はもう、	
1	5	19	わかったよ	
1	6	19	見ました？	
1	6	19	言うのよ。	
1	6	19	言うんだ。	
1	7	19	俺の家が！	
1	5	19	テントが！	
1	6	19	君だよね。	
1	7	19	間に合え！	
1	6	19	さんの羽は	
1	8	19	のの繁華街	
1	8	19	はは映画館	
1	5	19	ないかな？	
1	5	19	いないや。	
1	5	19	いないな。	
1	5	19	さんなら、	
1	6	19	お父さんが	
1	7	19	急用じゃあ	
1	5	19	ユせるよ。	
1	5	19	ィこうか。	
1	7	19	引っ越し？	
1	7	19	にお土産。	
1	6	19	お父さん。	
1	6	19	過ぎるな。	
1	5	19	するのか？	
1	5	19	どうするか	
1	5	19	どれです？	
1	7	19	残念です。	
1	5	19	いないの？	
1	7	19	の友人を、	
1	5	19	・うしろ。	
1	5	19	いいかな？	
1	8	19	必要無いか	
1	6	19	楽しそうで	
1	6	19	さんの事？	
1	5	19	だからの。	
1	6	19	私も、よく	
1	5	19	これかな。	
1	6	19	臭うかな？	
1	5	19	なんかね、	
1	6	19	すぐ行く。	
1	7	19	料理しない	
1	9	19	考古学者？	
1	6	19	私、ずっと	
1	5	19	あるだろ？	
1	5	19	あ、はい。	
1	7	19	全然いい。	
1	7	19	さん大吉？	
1	8	19	可能性は？	
1	5	19	ディスク？	
1	5	19	もういない	
1	6	19	危ないよ。	
1	5	19	あなたがな	
1	6	19	物なのか！	
1	5	19	どうする）	
1	4	19	なかなか	
1	4	19	（バシャ	
1	4	19	バシャ）	
1	7	19	主人公が	
1	4	19	はいっ！	
1	6	19	で体術を	
1	4	19	スロット	
1	4	19	スケベ。	
1	4	19	ほるひす	
1	4	19	やるか？	
1	5	19	今こそ、	
1	4	19	いいな？	
1	5	19	この先は	
1	8	19	発売前版	
1	5	19	変だな？	
1	7	19	普通の服	
1	4	19	あたし、	
1	4	19	ここは。	
1	6	19	の連中や	
1	6	19	の連中に	
1	4	19	のやつが	
1	4	19	あいつ、	
1	6	19	捕球も、	
1	6	19	送球も、	
1	6	19	打撃も、	
1	6	19	の曜日に	
1	4	19	どうぞ！	
1	6	19	の目的が	
1	6	19	の練習は	
1	4	19	のことを	
1	5	19	名づけて	
1	6	19	え打撃！	
1	5	19	見たか？	
1	7	19	試合中は	
1	4	19	くんだ。	
1	4	19	あなたと	
1	4	19	まったく	
1	5	19	２人とも	
1	4	19	さんの。	
1	4	19	こっちは	
1	4	19	おおっ！	
1	4	19	あばよ！	
1	4	19	システム	
1	4	19	ちゃんと	
1	4	19	ちゃんの	
1	6	19	努力して	
1	4	19	そもそも	
1	8	19	大村会長	
1	7	19	卑怯者！	
1	4	19	あげたら	
1	4	19	それで、	
1	5	19	に戻る。	
1	5	19	殴るぞ！	
1	4	19	さんも、	
1	5	19	君つれて	
1	4	19	なにかが	
1	6	19	相手なら	
1	6	19	う野球で	
1	4	19	キミは。	
1	4	19	のとこの	
1	5	19	見たか、	
1	5	19	の力を。	
1	4	19	いおい、	
1	7	19	貧乏臭い	
1	6	19	の野郎と	
1	4	19	ぜひとも	
1	5	19	違うな。	
1	5	19	に勝って	
1	4	19	バンザイ	
1	4	19	ですか。	
1	6	19	交番に。	
1	4	19	ことだ。	
1	4	19	かーそる	
1	4	19	ねらいが	
1	6	19	巡査と、	
1	5	19	加わった	
1	7	19	入出力は	
1	4	19	ぬくみず	
1	4	19	ですが、	
1	4	19	あたしら	
1	5	19	の墓だ。	
1	6	19	の役目も	
1	6	19	の記憶も	
1	4	19	ごほうび	
1	4	19	くんとか	
1	8	19	愛煮飢男	
1	4	19	くんね。	
1	4	19	これは。	
1	4	19	ちゃんが	
1	5	19	って人。	
1	5	19	頼むぞ！	
1	7	19	裏切り者	
1	4	19	あたし？	
1	4	19	ねえよ。	
1	4	19	いくぞ、	
1	4	19	ここは、	
1	5	19	お人だ。	
1	6	19	に試合を	
1	5	19	元プロの	
1	4	19	あいつは	
1	4	19	ひろかわ	
1	5	19	旅ガラス	
1	5	19	って奴？	
1	4	19	なんだし	
1	6	19	も主役は	
1	6	19	の土地は	
1	5	19	に負けて	
1	4	19	あった！	
1	6	19	ご存知？	
1	5	19	私です。	
1	4	19	マークが	
1	4	19	Ｌボタン	
1	5	19	を押すと	
1	7	19	の左右下	
1	4	19	あたしは	
1	6	19	気持ちは	
1	4	19	えええ？	
1	5	19	も含めて	
1	6	19	の段階で	
1	5	19	お先に。	
1	5	19	って人？	
1	4	19	あいつ。	
1	4	19	こちらは	
1	6	19	フグ怪人	
1	4	19	ウチワで	
1	4	19	おおお！	
1	7	19	支店長、	
1	7	19	支店長。	
1	8	19	盗賊聖書	
1	5	19	この町も	
1	4	19	ほらよ。	
1	7	19	大失態！	
1	4	19	まさか？	
1	4	19	おまえ、	
1	5	19	が今まで	
1	4	19	こそこそ	
1	4	19	さんざん	
1	4	19	はなまる	
1	6	19	プロ球団	
1	8	19	広川武美	
1	4	19	いきなり	
1	4	19	いやだ！	
1	6	19	負け犬！	
1	4	19	らしい。	
1	5	19	を食って	
1	5	19	権ちゃん	
1	4	19	ちゃんも	
1	4	19	くんも？	
1	5	19	負けると	
1	4	19	いああ。	
1	4	19	おおい、	
1	4	19	ですが。	
1	4	19	きその１	
1	7	19	き誕生日	
1	6	19	き出会い	
1	4	19	くるよ。	
1	6	19	君の顔。	
1	6	19	壮大か？	
1	4	19	てりゃ！	
1	5	19	い欲しい	
1	4	19	はうあ！	
1	4	19	ぐはあ！	
1	5	19	赤だね！	
1	4	19	それとも	
1	5	19	食べてね	
1	5	19	効いた？	
1	5	19	い信じる	
1	4	19	だろう。	
1	4	19	どこに？	
1	7	19	略奪愛。	
1	5	19	命とか？	
1	4	19	するぞ。	
1	4	19	マズイ。	
1	4	19	トイレ！	
1	4	19	やったあ	
1	4	19	というか	
1	5	19	欲しい。	
1	5	19	危ない！	
1	5	19	思うぞ。	
1	4	19	けどな。	
1	6	19	不安だ。	
1	4	19	イタッ！	
1	6	19	仕切るぜ	
1	5	19	さあ俺と	
1	4	19	じゃん。	
1	4	19	いるし。	
1	6	19	い手伝う	
1	4	19	ピクッ！	
1	6	19	店内か？	
1	4	19	さんには	
1	5	19	い止める	
1	5	19	任せた。	
1	5	19	凄いの？	
1	7	19	手料理。	
1	4	19	カンって	
1	5	19	厳しい？	
1	6	19	お節介。	
1	7	19	几帳面。	
1	4	19	なのに。	
1	6	19	い頑張れ	
1	6	19	手品か？	
1	4	19	すまん！	
1	4	19	だよな。	
1	6	19	本当だ！	
1	4	19	ですから	
1	5	19	逃げた。	
1	6	19	頑張れ。	
1	4	19	かもね。	
1	4	19	なんて。	
1	4	19	になる。	
1	4	19	だって。	
1	5	19	限るな！	
1	4	19	んだな。	
1	7	19	不思議な	
1	4	19	でしょ！	
1	4	19	マジで？	
1	4	19	どうやら	
1	6	19	料理を。	
1	4	19	かわいい	
1	4	19	がいる。	
1	5	19	この間、	
1	4	19	さんと？	
1	4	19	ハハハ！	
1	4	19	えんざん	
1	4	19	だけど、	
1	6	19	海外へ。	
1	6	19	無駄だ。	
1	5	19	逃げずに	
1	4	19	チームは	
1	5	19	は顔だけ	
1	4	19	まてよ？	
1	5	19	の事を！	
1	7	19	喫茶店の	
1	5	19	戻れよ、	
1	4	19	さんの？	
1	4	19	さっきは	
1	5	19	私もね。	
1	6	19	の見事な	
1	5	19	食べて。	
1	4	19	ほめて。	
1	4	19	さんの、	
1	4	19	をだよ！	
1	4	19	てるの。	
1	6	19	本気か？	
1	4	19	さんでも	
1	4	19	さんか」	
1	4	19	いっか。	
1	7	19	誰一人、	
1	4	19	だった。	
1	4	19	たんだ？	
1	5	19	払うわ。	
1	4	19	さんに。	
1	4	19	のだよ。	
1	6	19	お嬢様は	
1	4	19	どうする	
1	5	19	選ぶのは	
1	5	19	助けて。	
1	4	19	ホント、	
1	6	19	く夏菜１	
1	4	19	またか？	
1	6	19	お仕事を	
1	6	19	今度また	
1	4	19	だったの	
1	4	19	あるの？	
1	4	19	テント！	
1	4	19	またな、	
1	5	19	来たか！	
1	4	19	いない。	
1	4	19	ですぞ。	
1	6	19	公園か？	
1	7	19	別に興味	
1	5	19	触れては	
1	4	19	きりゅう	
1	4	19	ただし！	
1	4	19	あんまり	
1	4	19	さんと、	
1	5	19	驚いた？	
1	5	19	貸すよ。	
1	7	19	晩御飯ま	
1	4	19	どこかに	
1	6	19	さん大凶	
1	5	19	と思う。	
1	6	19	昨日まで	
1	5	19	答えろ！	
1	5	19	自信が	
1	4	19	い勝ち	
1	3	19	イタチ	
1	5	19	初日は	
1	6	19	発売前	
1	3	19	なので	
1	6	19	製品版	
1	3	19	ゆえに	
1	6	19	商店街	
1	4	19	フグ男	
1	5	19	好調の	
1	5	19	系列の	
1	3	19	ルッカ	
1	6	19	集会所	
1	5	19	仕事も	
1	3	19	たしか	
1	3	19	やけに	
1	3	19	あたし	
1	3	19	たかこ	
1	4	19	の方が	
1	3	19	どうも	
1	3	19	オレの	
1	3	19	クロノ	
1	3	19	わかぎ	
1	5	19	監督が	
1	3	19	さわだ	
1	3	19	ここに	
1	3	19	おおた	
1	5	19	最後は	
1	3	19	コトは	
1	3	19	ものは	
1	6	19	遠前城	
1	6	19	遠前山	
1	3	19	パルオ	
1	5	19	最初は	
1	5	19	医者の	
1	3	19	ウチは	
1	6	19	風来坊	
1	3	19	くどう	
1	3	19	あまり	
1	4	19	の顔が	
1	4	19	耳アカ	
1	5	19	卑怯な	
1	5	19	裏切り	
1	4	19	に頼る	
1	6	19	美偉斗	
1	3	19	すいま	
1	3	19	びいと	
1	3	19	という	
1	3	19	やっぱ	
1	3	19	たけみ	
1	3	19	なつき	
1	5	19	お河原	
1	3	19	にいた	
1	6	19	下画面	
1	3	19	さらに	
1	5	19	必要な	
1	6	19	上画面	
1	3	19	ワシは	
1	3	19	のヤツ	
1	5	19	お菓子	
1	3	19	くんに	
1	3	19	くんと	
1	4	19	の家に	
1	3	19	むしろ	
1	6	19	雪乃丞	
1	5	19	彼氏が	
1	3	19	あとは	
1	6	19	支店長	
1	5	19	意外と	
1	4	19	俺たち	
1	3	19	まさお	
1	4	19	い好き	
1	4	19	の奴は	
1	4	19	い言う	
1	4	19	凄いな	
1	5	19	傷口を	
1	4	19	君のく	
1	3	19	なんか	
1	4	19	私のも	
1	3	19	きぬピ	
1	3	19	でもね	
1	4	19	の力に	
1	3	19	あんな	
1	5	19	貴方は	
1	3	19	セノウ	
1	4	19	お願い	
1	5	19	普段の	
1	3	19	すぐに	
1	5	19	今度は	
1	3	19	さすが	
1	3	19	あのね	
1	3	19	それが	
1	3	19	なつめ	
1	3	19	じゅん	
1	3	19	でんし	
1	3	19	えっと	
1	5	19	名前を	
1	3	19	あれが	
1	3	19	まさか	
1	4	19	戻って	
1	3	19	おいで	
1	4	19	逃げた	
1	4	19	の前で	
1	4	19	通りの	
1	3	19	ううん	
1	3	19	なんて	
1	3	19	ずぐに	
1	5	19	貴方と	
1	5	19	う公園	
1	3	19	むむに	
1	4	19	い帰る	
1	5	19	今考え	
1	3	19	いいけ	
1	3	19	ないし	
1	4	19	あの歌	
1	3	19	おっさ	
1	5	19	お風呂	
1	3	19	なかな	
1	4	19	殺しは	
