0x130022	7	ペ￥あぜォ％Ｍ
0x130033	5	』Ｙあプ㎏
0x13007E	16	パ㎏Ｍたパ㎏Ｑぃパ㎏Ｙみゴ％グあ
0x13008F	4	懇たパ㎏
0x130095	8	ぜペ）Ａたゴ㎏Ｍ
0x13009E	7	パ㎏たァぴ％Ｅ
0x1300AA	19	ペ￥Ｙたゴ％ヂたら（くタペ）さぽペ￥そ
0x1300DB	5	艮たパ㎏あ
0x1300E2	6	ぽ）あたペＨ
0x1300FB	6	★Ｑたパ㎏あ
0x13010D	4	たプ㎏Ｕ
0x13011B	5	』おワゴ％
0x13012D	20	づ（￥かタペ￥くペペ）いベペ￥くたド㎏Ｍ
0x130145	4	みド㎏あ
0x13014A	51	ぜ（Ｉたパ㎏いたぞ（ゼむＸ（いＰゾ％ズみＶ（くぃ１（けみゾ（ろかペ）こたポ（めよペ）うこァ）あれゥ）い
0x130186	10	エ）かぽペＶあタャ％
0x130191	4	ぜペＶく
0x13019F	6	』ヨ・ゴ％お
0x1301A9	7	ジＲ　・ゴ％え
0x1301CA	16	パ㎏Ｍたパ㎏Ｑぃパ㎏Ｙみゴ％があ
0x1301E1	14	ジＲ　紡いジＷるシジ抹と律い
0x1301F5	8	律い６らないズは
0x130200	9	Ｍ紡いトらないとお
0x13020D	21	ぜを騎ミプ㎏下プ㎏★プ㎏勝プ㎏　プ㎏　プ㎏
0x130229	4	（ペ￥お
0x130231	4	ぽヂ㎏の
0x130237	6	★すぽ＋㎏う
0x13023E	6	オ￥お覆ズり
0x130257	8	櫛チボ・ザアゲ（
0x130261	12	タァ㎏えぽヅ㎏くぽァ㎏ほ
0x13026F	8	櫛チダ・ザアェ（
0x130279	12	タァ㎏えぽヅ㎏くぽァ㎏ね
0x130287	8	櫛チゾ・ザアゥ（
0x130291	12	タァ㎏えぽヅ㎏くぽァ㎏つ
0x1302A0	4	せぽ＋㎏
0x1302BF	8	櫛チィ（ぃぽに㎏
0x1302C9	12	ぽァ㎏わぽに㎏くぽァ㎏え
0x1302D7	8	櫛チュ（ぃぽに㎏
0x1302E1	16	ぽァ㎏わぽに㎏くぽァ㎏あ（ザ％く
0x1302FD	39	ァＲ　よないぱよない淒ないＹよないトよないＭ紡いたぜを較つプ㎏ぱぇプ㎏ぱＷプ㎏
0x130329	4	みペ￥お
0x13032E	6	イ￥い覆ズョ
0x13034F	8	桔ぜボ㎏すぜ」㎏
0x13036F	9	こゥ）ゼ・ゥぞィ（
0x130379	12	（ァ㎏えぜヂ㎏くぜァ㎏ヤ
0x130387	8	桔（ボ㎏すぜ・㎏
0x1303A7	5	こかぜ・㎏
0x1303D7	9	はゥ）ゼ・ゥぞィ（
0x1303E1	12	（ァ㎏えぜヂ㎏くぜァ㎏コ
0x1303EF	8	駈）ゼ・ゥぞィ（
0x1303F9	12	（ァ㎏えぜヂ㎏くぜァ㎏エ
0x130417	9	こゥ）ゼ・ゥぞィ（
0x130421	12	（ァ㎏えぜヂ㎏くぜァ㎏べ
0x13043F	9	こゥ）ゼ・ゥぞィ（
0x130449	12	（ァ㎏えぜヂ㎏くぜァ㎏ぜ
0x130457	8	桔ぜボ㎏すぜ」㎏
0x130477	9	こゥ）ゼ・ゥぞィ（
0x130481	12	（ァ㎏えぜヂ㎏くぜァ㎏ぇ
0x13048F	8	桔（ボ㎏すぜ・㎏
0x1304AF	5	こかぜ・㎏
0x1304DF	9	はゥ）ゼ・ゥぞィ（
0x1304E9	12	（ァ㎏えぜヂ㎏くぜァ㎏ね
0x1304F7	8	駈）ゼ・ゥぞィ（
0x130501	12	（ァ㎏えぜヂ㎏くぜァ㎏つ
0x13051F	9	こゥ）ゼ・ゥぞィ（
0x130529	12	（ァ㎏えぜヂ㎏くぜァ㎏く
0x130547	9	こゥぞゼ・ゥ）ィ（
0x130551	16	ぜァ㎏え（ピ㎏く（ァ㎏あみゥ％く
0x13056B	37	』たァＲ　よないみ律いＭ紡いたぜを械むプ㎏セぺァ％いたペ￥こぃペ￥お（ペ￥
0x130595	8	Ｕゾ㎏すＵ❤㎏あ
0x13059E	6	シ￥輿」）い
0x1305AA	7	シ￥Ｇ・Ｙポあ
0x1305B6	11	シ￥ＧょＹポあたィ％く
0x1305CB	5	』。みプ㎏
0x1305D1	8	みゾ㎏すみ…㎏い
0x1305DA	7	イ￥たァＲりあ
0x1305E7	5	はＭみプ㎏
0x1305ED	12	みゾ㎏っぃゾ㎏わみゾ㎏う
0x130639	4	む…）い
0x130669	26	つァ㎏たァＲ　みプ㎏セずァ％いぜペ￥ォちゾ・ォあゥ（
0x130685	4	たェ㎏え
0x13068A	7	ズ㎏あぜォ％く
0x13069F	12	』たァＲ　紡いＡ紡いタヘ
0x1306B4	6	み律い。メう
0x1306D1	23	タヅ㎏◎ぜゴ㎏わぜデ㎏あァペ）◎たパ㎏けぽペ￥
0x1306E9	23	ズペ）づえペ）いぜペ）Ｉぃゴ㎏！ぽゴ㎏Ｙたゴ㎏
0x130723	4	後たデ㎏
0x13074B	9	険ペペ）セせォ％Ｍ
0x13075E	6	ゴ㎏くぜペ￥
0x130765	4	タペ￥お
0x13076A	18	エ￥」タゴ㎏。タゴ㎏→タゴ㎏え覆ズゼ
0x130797	4	頚うプ㎏
0x13079E	7	ズ㎏、と。）え
0x1307B7	5	８Ｍうプ㎏
0x1307C7	5	ＯＡうプ㎏
0x1307DB	6	はあタペ￥ル
0x1307EE	11	ぽてあタペう」タゴおモ
0x1307FB	13	狂そサ￥ぼそコＨあタペＨマ
0x13080B	5	Ｏネうプ㎏
0x130822	7	ぴ％Ａズゴ㎏❤
0x13082D	4	（ペ）さ
0x130832	11	ペ￥ＭＵパ㎏Ｅァゴ㎏（
0x13086B	5	懇たパ㎏あ
0x130872	7	ぽ）あタペＨウ
0x13087D	4	いプ㎏し
0x13088F	14	はのせサ￥のせコＨあタペＨべ
0x13089F	14	Ｏぼそサ￥ぼそコＨあタペＨど
0x1308AF	4	罫いプ㎏
0x1308B5	4	たズ㎏や
0x1308C6	7	ぽうあタペうじ
0x1308CF	9	こヂいプ㎏そた（￥
0x1308DA	7	ズ㎏、え。）あ
0x1308E7	6	はヂつプ㎏あ
0x1308EE	7	コ）ズつプ３あ
0x1308F6	7	クポあタペＨぇ
0x1308FF	6	Ｏたた（￥あ
0x130906	7	ぽ）あタペ「ん
0x13091E	7	ぽ￥あタペ「り
0x130927	5	橘タペ￥よ
0x13092F	4	怯いプ㎏
0x130935	4	たズ㎏や
0x130946	7	ぽうあタペうほ
0x13094F	5	こといプ㎏
0x130956	7	ズ㎏、え。）た
0x130963	6	はといプ㎏く
0x130972	7	ぽ￥あタペうて
0x130982	7	サ）あタペＨそ
0x130992	7	ケ）あタペＨさ
0x13099E	7	ぽ￥あタペ１く
0x1309B6	7	ぽ￥あタペＸい
0x1309BF	4	橘タペ￥
0x1309C7	4	橘タペ￥
0x1309DE	7	ぴ％Ａズゴ㎏㎞
0x1309E9	4	（ペ）さ
0x1309EE	17	ペ￥ＭＵパ㎏Ｅァゴ㎏安ゴ㎏安パ㎏あ
0x130A02	6	ぽ％安ゴ㎏そ
0x130A27	5	懇たパ㎏あ
0x130A2E	7	ぽ）ＱたパＪあ
0x130A3E	6	ゴＪいタペＨ
0x130A4E	6	パ㎏くたズ㎏
0x130A56	6	ズ㎏あぃび（
0x130A5D	15	ミぶ（ダもＶ（ドょＵ（いロダ％
0x130A6D	11	ぃペ％いろゾ％らかペ）
0x130A79	16	たポ％めよペ）うこァ）あれゥ）い
0x130A8F	5	険ミペ）く
0x130A9A	10	エう安プお◎たパ㎏。
0x130ABD	4	たぞ（。
0x130AFA	7	パな！ぽゴなＹ
0x130B02	11	ゴなえぽペ）◎ミゴ㎏け
0x130B2F	10	は！ぜゴ㎏Ｙミゴ㎏Ｕ
0x130B46	7	エ￥Ｕミゴ３Ｍ
0x130B4E	7	パ㎏あぜエ％Ｑ
0x130B62	19	ペ）繍ゴ％脳Ｒ　紡い）レとＣば）抹Ｙけ
0x130B7C	8	Ｍ紡いみ律いＭさ
0x130BA5	4	ベ×）え
0x130BB9	7	あパ㎏２Ｅパ㎏
0x130BD1	12	ちパ㎏ラせァ％あこァ％ね
0x130BDE	10	ゴ㎏ミあプ㎏！タパ㎏
0x130BF5	12	たパ㎏ラせァ％あこァ％た
0x130C02	10	ゴ㎏ぱあプ㎏ボミパ㎏
0x130C0E	11	ィ（ぜぜパ㎏びぽパ㎏し
0x130C21	4	たパ㎏お
0x130C3D	12	くペ）みくペ）いけぽ￥う
0x130C4B	9	ぐえちプ㎏むくタ（
0x130C6F	4	険たパ㎏
0x130C75	47	くペ）あねペ）むねペ）いけア￥べつペ）ィぃペ）。みプ㎏みくギみみくべぃェみゥ（ェたペ）Ｑぃプ㎏
0x130CA5	13	くペ）没…）悲ダ）み６ペ）
0x130CC2	7	カ）あタャＧう
0x130CCB	5	橘タャ％そ
0x130CD2	10	カ￥そタペ１あズぶ％
0x130CDE	19	キ￥さミペあベかきたＶあぞ（Ｗむだ（ド
0x130CF3	10	（ドいあ（Ｕオッ（し
0x130CFE	6	パ㎏Ｖでォ（
0x130D5C	11	ブビビビビビ各くょかい
0x130DFD	25	あいうえおかきくけこさしすせそたちつてとなにぬねの
0x130E19	25	あいうえおかきくけこさしすせそたちつてとなにぬねの
0x130F39	15	そたちつてとなにぬねのおえいあ
0x130FAE	13	Ｉベュリホトげござじずぜぞ
0x130FBC	6	あいうえおか
0x13100C	8	あいくおうえきけ
0x1310C2	13	窄あいうえいいいいうこさあ
0x1310D1	4	いうあい
0x1310D6	4	いあえあ
0x1310DD	47	おとい％かといブおといギきといＹおといゾかといフくといぷくといクくとい★かといツくといフくとい
0x13110D	19	かといＧおといどおといどおといＧおとい
0x131121	43	かといにおといとおとい暴といしおといせおといヨおといプめ×ななあプヒほサパべユすちお↑
0x13114E	31	ソつＰおょあさせてへひねのになほこけそしとまちはすぬたふつささ
0x131170	86	諫といふビといづビといフビといヂビといＱビとい㎞ビといせたちしそすにつてとぬなねのはひふへほみむややゆよよりらまてなにとぬねのはへひふほまみむめもやゆよらるるキれれりりりり
0x131227	38	ヴ、ズァ、ジダ、ワヂ、ノダ、ネァ↓ミト←ミヤＺジワ○ュグ＠リダ♀チグＸチワと
0x13124E	5	くおくきか
0x131258	13	くねねけみねこぃねさがねそ
0x1312CC	93	ゾさといネけといＣさといヨけとい今といゲことい★さとい・ことい６せといイさといタもといレさといヂおといしかといハおとい血といイおといセおとい。おとい斉といイきとい客といヂおといしかとい０
0x131360	5	いあああＦ
0x1313BF	5	ちうあこう
0x1313CE	5	もうあしあ
0x1313DD	5	のうあくう
0x1313E6	5	といあこい
0x13176C	300	りぬとい６とといりぬとい６ととい６たとい下といりととい女といりととい女とい６てとい６てとい◎つとい◎つといョたとい出といくひといびねといョはとい入とい◎のといびぬとい◎はといくねといくはといョぬといびはとい◎ぬといくふといョそとい海といョのといりそとい◎ねとい人といくのとい６ひといびのといびひといョねといくぬとい◎にといくぬといョにといくぬといびにといくぬといびたといくぬといくにといくぬといネてとい◎なといョなといくぬといびなといくぬとい男といくぬといョとといくぬといョととい◎たといびとといくととい◎てといくととい◎てといョてといョてといりちといりちといくなとい◎とといべア♂ねァじＪＵえおかき
0x1318A1	7	あいうえおかき
0x1318A9	5	あいう。き
0x1319C4	7	くあぜががああ
0x1319CC	49	いぜがびいいあうぜがクうういえぜがネええうおぜがリおおえかぜがョかかおきぜがバききかくぜが６くくき
0x131A03	7	くあたくがああ
0x131A0B	49	いたくびいいあうたくクうういえたくネええうおたくリおおえかたくョかかおきたくバききかくたく６くくき
0x131A3D	4	たくりけ
0x131A42	7	くあたくがけあ
0x131A4A	49	いたくびけいあうたくクけういえたくネこえうおたくリさおえかたくョしかおきたくバすきかくたく６せくき
0x131A7C	126	たククそうせこみクネたえけさみクリちおこしみクョつかさすみクバてきしせみク６とくすけみズクなけとたみズネにこそちみズリぬさたつみズョねしちてみズバのすつとみズ６のせてそみ◎クなそのにみ◎ネにたなぬみ◎リぬちにねみ◎ョねつぬのみ◎バのてねなみぽくてあつす
0x131B10	67	くりほえあおたくがまおえかたくびみかおきたくクむきかくたくネめくきけたくリもけくこたくョやこけさたくバゆさこしたく６よしさあたククてむ
0x131B54	35	せみクネとめすそみクリなもせたみクョにやそちみクバぬゆたつみク６ねよち
0x131B78	5	みズクのす
0x131B7E	35	とみズネはせてなみズリひそとにみズョふたなぬみズバへちにねみズ６へつぬ
0x131BA2	5	み◎クのて
0x131BA8	28	はみ◎ネはとのひみ◎リひなはふみ◎ョふにひへみ◎バへぬふ
0x131BC5	64	みがりすえあまぜががすおほみぜがびすかまむぜがクすきみめぜがネせくむもぜがリそけめやぜがョたこもゆぜがバちさやよぜが６つしゆあぜ
0x131C08	37	ぁどモだノホぁヘノユメチぁルチヒルユぁニミぎソヤモナフソユミソチぃんツノホ
0x131C30	39	ぁどモだノホぁヘノユメチぁルチヒルユぁニミぎソヤモナフソユミソテぃソヨんツノホ
0x131C58	37	ぁどモだノホぁヘノユメチぁルチヒルユぁニミぎソマメトナメソぃぃソヨんツノホ
0x131C80	37	ぁどモだノホぁヘノユメチぁルチヒルユぁニミぎソマメトナメソぇぃソヨんツノホ
0x131CA8	37	ぁどモだノホぁヘノユメチぁルチヒルユぁニミぎソヤモナフソユミソチぃんツノホ
0x131CD0	39	ぁどモだノホぁヘノユメチぁルチヒルユぁニミぎソヤモナフソユミソテぃソヨんツノホ
0x131CF8	37	ぁどモだノホぁヘノユメチぁルチヒルユぁニミぎソマメトナメソぃぃソヨんツノホ
0x131D20	37	ぁどモだノホぁヘノユメチぁルチヒルユぁニミぎソマメトナメソぇぃソヨんツノホ
0x131D4C	7	くあたたがああ
0x131D54	49	いたたびいいあうたたクうういえたたネええうおたたリおおえかたたョかかおきたたバききかくたた６くくき
0x131D86	4	たたりけ
0x131D8B	7	くあたたがけあ
0x131D93	49	いたたびけいあうたたクけういえたたネこえうおたたリさおえかたたョしかおきたたバすきかくたた６せくき
0x131DC5	126	たククそうせこみクネたえけさみクリちおこしみクョつかさすみクバてきしせみク６とくすけみズクなけとたみズネにこそちみズリぬさたつみズョねしちてみズバのすつとみズ６のせてそみ◎クなそのにみ◎ネにたなぬみ◎リぬちにねみ◎ョねつぬのみ◎バのてねなみぽくてあつす
0x131E59	67	たりすえあおたたがすおえかたたびすかおきたたクすきかくたたネせくきけたたリそけくこたたョたこけさたたバちさこしたた６つしさあたククてき
0x131E9D	35	せみクネとくすそみクリなけせたみクョにこそちみクバぬさたつみク６ねしち
0x131EC1	5	みズクのす
0x131EC7	35	とみズネはせてなみズリひそとにみズョふたなぬみズバへちにねみズ６へつぬ
0x131EEB	5	み◎クのて
0x131EF1	28	はみ◎ネはとのひみ◎リひなはふみ◎ョふにひへみ◎バへぬふ
0x131F10	37	ぁどモだノホぁヘノユメチぁルチヒルユぁニミぎソヤモナフソユミソチぃんツノホ
0x131F38	39	ぁどモだノホぁヘノユメチぁルチヒルユぁニミぎソヤモナフソユミソテぃソヨんツノホ
0x131F60	37	ぁどモだノホぁヘノユメチぁルチヒルユぁニミぎソマメトナメソぃぃソヨんツノホ
0x131F88	37	ぁどモだノホぁヘノユメチぁルチヒルユぁニミぎソマメトナメソぇぃソヨんツノホ
0x131FB0	39	ぁどモだノホぁヘノユメチぁルチヒルユぁニミぎソマメトナメソマツハソぃぃんツノホ
0x131FD8	39	ぁどモだノホぁヘノユメチぁルチヒルユぁニミぎソマメトナメソマツハソぃぃんツノホ
0x13203F	5	いたぃさえ
0x132045	42	おみたぜしおえかみたぽすかおきみたタせきかくみたミそくきけみたァたけくこみたズちこけ
0x132070	5	みびぃつえ
0x132076	42	しみびぜておさすみびぽとかしせみびタなきすそみびミにくせたみびァぬけそちみびズぬこた
0x1320A1	5	みァぃねさ
0x1320A7	35	てみァぜのしつとみァぽはすてなみァタひせとにみァミふそなぬみァァへたに
0x1320CB	5	みＭぃねつ
0x1320D1	35	のみＭぜのてねはみＭぽはとのひみＭタひなはふみＭミふにひへみＭァへぬふ
0x1320F8	37	ぁどモだノホぁヘノユメチぁルチヒルユぁニミぎソヤモナフソユミソチぃんツノホ
0x132120	39	ぁどモだノホぁヘノユメチぁルチヒルユぁニミぎソヤモナフソユミソテぃソヨんツノホ
0x132148	37	ぁどモだノホぁヘノユメチぁルチヒルユぁニミぎソマメトナメソぃぃソヨんツノホ
0x132170	37	ぁどモだノホぁヘノユメチぁルチヒルユぁニミぎソマメトナメソぇぃソヨんツノホ
0x132198	39	ぁどモだノホぁヘノユメチぁルチヒルユぁニミぎソマメトナメソマツハソぃぃんツノホ
0x1321C4	4	くえァび
0x1321D0	4	うあくえ
0x1321D7	4	ういくえ
0x1321DC	4	くタええ
0x1321E1	28	おみくミおおえかみくァかかおきみくズききかくみくペくくき
0x132203	4	けえァび
0x13220F	4	うあけえ
0x132216	4	ういけえ
0x13221B	4	くタええ
0x132220	35	おみくミおおえかみくァかかおきみくズききかくみくペくくきけみくＥけけく
0x132248	37	ぁどモだノホぁヘノユメチぁルチヒルユぁニミぎソヤモナフソユミソチぃんツノホ
0x132270	43	ぁどモだノホぁヘノユメチぁルチヒルユぁニミぎソヤモナフソユミソマトナメソぃソヨんツノホ
0x13229C	37	ぁどモだノホぁヘノユメチぁルチヒルユぁニミぎソマメトナメソぃぃソヨんツノホ
0x1322C4	37	ぁどモだノホぁヘノユメチぁルチヒルユぁニミぎソマメトナメソぃぃソヨんツノホ
0x1322EC	36	ぁどモだノホぁヘノユメチぁルチヒルユぁニミがソマメトナメソぇソヨんツノホ
0x132314	34	ぁどモだノホぁヘノユメチぁルチヒルユぁニミがソマメトナメソヨんツノホ
0x132338	37	ぁどモだノホぁヘノユメチぁルチヒルユぁニミがソマメトナメソツヌソぃんツノホ
0x132364	7	くあぜぽがああ
0x13236C	49	いぜぽびいいあうぜぽクうういえぜぽネええうおぜぽリおおえかぜぽョかかおきぜぽバききかくぜぽ６くくき
0x1323B1	7	くあたたがああ
0x1323B9	49	いたたびいいあうたたクうういえたたネええうおたたリおおえかたたョかかおきたたバききかくたた６くくき
0x1323FE	7	けあぜぽぃああ
0x132406	56	いぜぽぜいいあうぜぽぽうういえぜぽタええうおぜぽミおおえかぜぽァかかおきぜぽズききかくぜぽペくくきけぜぽＥけけく
0x132452	7	けあたたぃああ
0x13245A	56	いたたぜいいあうたたぽうういえたたタええうおたたミおおえかたたァかかおきたたズききかくたたペくくきけたたＥけけく
0x1324A6	7	けあたたぃこあ
0x1324AE	56	いたたぜこいあうたたぽこういえたたタこえうおたたミこおえかたたァこかおきたたズこきかくたたペさくきけたたＥしけく
0x1324E7	37	たミョすきしさみミバせくこしみミ６せけさこみＭョすこせせみＭバせさすすみミ
0x13251D	7	くあたたがけあ
0x132525	49	いたたびけいあうたたクけういえたたネけえうおたたリけおえかたたョけかおきたたバこきかくたた６さくき
0x132557	44	たミョしかさこみミバすきけさみミ６せくこけみＭョしけせすみＭバすこしせみＭ６せさすしみミ
0x132594	4	しえァび
0x1325A7	4	たあそす
0x1325AC	4	たりてえ
0x1325B1	56	おたたがとおえかたたびなかおきたたクにきかくたたネぬくきけたたリねけくこたたョのこけさたたバはさこしたた６ひしさ
0x1325EA	107	たミョたのうせみミバちはすそみミ６つひせうみＭョたすつちみＭバちせたつみＭ６つそちたみぽりすえあとぜぽがすおてなぜぽびすかとにぜぽクすきなぬぜぽネすくにねぜぽリすけぬのぜぽョすこねはぜぽバせさのひぜぽ６そしはあぜく
0x132658	4	しえァび
0x132664	4	うあそす
0x13266B	4	ういつた
0x132670	4	たりてえ
0x132675	56	おたたがとおえかたたびなかおきたたクにきかくたたネぬくきけたたリねけくこたたョのこけさたたバはさこしたた６ひしさ
0x1326AE	107	たミョたのいせみミバちはすそみミ６つひせいみＭョたすうちみＭバちせたつみＭ６つそちうみぽりすえあとぜぽがすおてなぜぽびすかとにぜぽクすきなぬぜぽネすくにねぜぽリすけぬのぜぽョすこねはぜぽバせさのひぜぽ６そしはあぜく
0x13271C	4	すえァび
0x13272F	4	ちあたせ
0x132734	4	たみてえ
0x132739	63	おたたぃとおえかたたぜなかおきたたぽにきかくたたタぬくきけたたミねけくこたたァのこけさたたズはさこしたたペひしさすたたＥふすし
0x132779	107	たミョちはうそみミバつひせたみミ６つふそうみＭョちせつつみＭバつそちちみぽみせえあとぜぽぃせおてなぜぽぜせかとにぜぽぽせきなぬぜぽタせくにねぜぽミせけぬのぜぽァせこねはぜぽズせさのひぜぽペそしはふぜぽＥたすひあぜく
0x1327E7	4	すえァび
0x1327F3	4	うあたせ
0x1327FA	4	ういつち
0x1327FF	4	たみてえ
0x132804	63	おたたぃとおえかたたぜなかおきたたぽにきかくたたタぬくきけたたミねけくこたたァのこけさたたズはさこしたたペひしさすたたＥふすし
0x132844	106	たミョちはいそみミバつひせたみミ６つふそいみＭョちせうつみＭバつそちうみぽみせえあとぜぽぃせおてなぜぽぜせかとにぜぽぽせきなぬぜぽタせくにねぜぽミせけぬのぜぽァせこねはぜぽズせさのひぜぽペそしはふぜぽＥたすひあぜ
0x1328B0	37	ぁどモだノホぁヘノユメチぁルチヒルユぁニミぎソヤモナフソユミソチぃんツノホ
0x1328D8	43	ぁどモだノホぁヘノユメチぁルチヒルユぁニミぎソヤモナフソユミソマトナメソぃソヨんツノホ
0x132904	43	ぁどモだノホぁヘノユメチぁルチヒルユぁニミぎソヤモナフソユミソマトナメソぃソヨんツノホ
0x132930	37	ぁどモだノホぁヘノユメチぁルチヒルユぁニミぎソマメトナメソぃぃソヨんツノホ
0x132958	37	ぁどモだノホぁヘノユメチぁルチヒルユぁニミぎソマメトナメソぃぃソヨんツノホ
0x132980	37	ぁどモだノホぁヘノユメチぁルチヒルユぁニミぎソマメトナメソぃぃソヨんツノホ
0x1329CF	4	くがおあ
0x1329D6	6	くクかいあう
0x1329DD	6	くリくういき
0x1329EB	6	ョがおあえか
0x1329F2	6	ョクかいおく
0x1329F9	5	くバけきう
0x132A00	14	ザレくうかけあ◎ペけきくえた
0x132B70	37	ぁどモだノホぁヘノユメチぁルチヒルユぁニミぎソヤモナフソユミソチぃんツノホ
0x132B98	39	ぁどモだノホぁヘノユメチぁルチヒルユぁニミぎソヤモナフソユミソぃぃソヨんツノホ
0x132BC0	36	ぁどモだノホぁヘノユメチぁルチヒルユぁニミぎソヤモナフソぇぃソヨんツノホ
0x132BE8	36	ぁどモだノホぁヘノユメチぁルチヒルユぁニミぎソヤモナフソチぃソヨんツノホ
0x132C14	7	かあみみびくあ
0x132C1C	35	いみみクけいあうみみネこういえみみリさえうおみみョしおえかみみバすかお
0x132C40	4	みぽがせ
0x132C45	135	すくみぽびそあきけみぽクたいくこみぽネちうけさみぽリつえこしみぽョておさすみぽバてかしきみァがときてそみァびなくせたみァクにけそちみァネぬこたつみァリねさちてみァョのしつせみＥがとせはなみＥびなそとにみＥクにたなぬみＥネぬちにねみＥリねつぬのみＥョのてねはみＭペかすのと
0x132CDC	38	ぁどモだノホぁヘノユメチぁルチヒルユぁニミぎソネマヘナメユホソユソヨんツノホ
0x132D04	38	ぁどモだノホぁヘノユメチぁルチヒルユぁニミぎソネマヘナメユホソユソヨんツノホ
0x132D2C	38	ぁどモだノホぁヘノユメチぁルチヒルユぁニミぎソネマヘナメユホソぃソヨんツノホ
0x132D54	38	ぁどモだノホぁヘノユメチぁルチヒルユぁニミぎソネマヘナメユホソぃソヨんツノホ
0x132D7C	38	ぁどモだノホぁヘノユメチぁルチヒルユぁニミぎソネマヘナメユホソぃソヨんツノホ
0x132DA4	38	ぁどモだノホぁヘノユメチぁルチヒルユぁニミぎソネマヘナメユホソマツハんツノホ
0x132DCC	38	ぁどモだノホぁヘノユメチぁルチヒルユぁニミぎソネマヘナメユホソマツハんツノホ
0x132DF4	38	ぁどモだノホぁヘノユメチぁルチヒルユぁニミぎソネマヘナメユホソマツハんツノホ
0x132E1C	4	たたあい
0x132E31	4	たぽえお
0x132E38	6	シぽおうあえ
0x132E3F	6	６ぽうえいか
0x132E46	9	Ｕバかかおかたなボ
0x132E6C	37	ぁどモだノホぁヘノユメチぁルチヒルユぁニミぎソヤモナフソユミソチぃんツノホ
0x132E94	39	ぁどモだノホぁヘノユメチぁルチヒルユぁニミぎソヤモナフソユミソテぃソヨんツノホ
0x132EBC	34	ぁどモだノホぁヘノユメチぁルチヒルユぁニミぎソヤモナフソゃぃんツノホ
0x132EE0	36	ぁどモだノホぁヘノユメチぁルチヒルユぁニミぎソヤモナフソチぃソヨんツノホ
0x132F08	38	ぁどモだノホぁヘノユメチぁルチヒルユぁニミぎソヤモナフソゃぃソマツハんツノホ
0x132F30	38	ぁどモだノホぁヘノユメチぁルチヒルユぁニミぎソヤモナフソゃぃソマツハんツノホ
0x132F6D	12	あいうあいうえおかきくけ
0x132F7C	10	あいうえおかきくけこ
0x132F8F	4	くぜかあ
0x132F96	6	くタきいあう
0x132F9D	6	くァくういえ
0x132FA4	5	くペけえう
0x132FB2	6	ョぜかあおき
0x132FB9	6	ョタきいかく
0x133006	17	ジゥくくくくあ◎ペけけけけたぽぜお
0x13301B	4	ぽクかあ
0x133022	6	ぽミきいあう
0x133029	6	ぽョくういえ
0x133030	5	ぽペけえう
0x13303E	6	Ｍクかあおき
0x133045	6	Ｍミきいかく
0x133092	53	ＭョくくくくあＭペけけけけたぁどモだノホぁヘノユメチぁルチヒルユぁニミぎソヤモナフソユミソぇぃソヨんツノホ
0x1330C8	39	ぁどモだノホぁヘノユメチぁルチヒルユぁニミぎソヤモナフソユミソぇぃソヨんツノホ
0x1330F0	37	ぁどモだノホぁヘノユメチぁルチヒルユぁニミぎソヤモナフソユミソチぃんツノホ
0x133118	37	ぁどモだノホぁヘノユメチぁルチヒルユぁニミぎソヤモナフソユミソチぃんツノホ
0x133140	39	ぁどモだノホぁヘノユメチぁルチヒルユぁニミぎソヤモナフソユミソぇぃソヨんツノホ
0x133168	36	ぁどモだノホぁヘノユメチぁルチヒルユぁニミぎソヤモナフソぉぃソヨんツノホ
0x133190	36	ぁどモだノホぁヘノユメチぁルチヒルユぁニミぎソヤモナフソチぃソヨんツノホ
0x1331CF	4	ういねす
0x1331D4	4	たりすえ
0x1331D9	56	おたたがすおえかたたびせかおきたたクそきかくたたネてくきけたたリとけくこたたョなこけさたたバにさこしたた６ぬしさ
0x133212	121	たミぃたおうせみミぜちかすそみミぽつきせてみＭぃたすへちみＭぜちせたつみＭぽつそちのみミタのくそとみミミはけてなみミァひことにみミズふさなぬみミペへしにねみミＥへしぬうみＭタのてつはみＭミはとのひみＭァひなはふみＭズふにひへみＭペへぬふたみく
0x1332A1	4	ういねせ
0x1332A6	4	たみせえ
0x1332AB	63	おたたぃせおえかたたぜそかおきたたぽたきかくたたタてくきけたたミとけくこたたァなこけさたたズにさこしたたペぬしさすたたＥねすし
0x1332EB	150	たミぃちおうそみミぜつかせたみミぽつきそてみＭぃちせへつみＭぜつそちのみミタのくたとみミミはけてなみミァひことにみミズふさなぬみミペへしにねみミＥへすぬうみＭタのてつはみＭミはとのひみＭァひなはふみＭズふにひへみＭペへぬふちみぁどモだノホぁヘノユメチぁルチヒルユぁニミがソマメトナメソツヌソぇんツノホ
0x133384	37	ぁどモだノホぁヘノユメチぁルチヒルユぁニミぎソマメトナメソぃぃソヨんツノホ
0x1333AC	37	ぁどモだノホぁヘノユメチぁルチヒルユぁニミぎソマメトナメソぃぃソヨんツノホ
0x1333F0	4	たがくえ
0x1333F5	21	おみたクけおえかみたリこかおきみたバさきか
0x13340B	5	みタがしえ
0x133411	21	けみタクすおくこみタリせかけさみタバそきこ
0x133427	5	みＥがしく
0x13342D	21	すみＥクすけしせみＥリせこすそみＥバそさせ
0x133443	38	みぁどモだノホぁヘノユメチぁルチヒルユぁニミぎソヤモナフソユミソチぃんツノホ
0x13346C	39	ぁどモだノホぁヘノユメチぁルチヒルユぁニミぎソヤモナフソユミソテぃソヨんツノホ
0x133494	37	ぁどモだノホぁヘノユメチぁルチヒルユぁニミぎソマメトナメソぃぃソヨんツノホ
0x1334BC	37	ぁどモだノホぁヘノユメチぁルチヒルユぁニミぎソマメトナメソぅぃソヨんツノホ
0x1334E4	37	ぁどモだノホぁヘノユメチぁルチヒルユぁニミぎソマメトナメソぇぃソヨんツノホ
0x13350F	8	あけあァたりああ
0x133518	56	いたたがいいあうたたびうういえたたクええうおたたネおおえかたたリかかおきたたョききかくたたバくくきけたた６けけく
0x13355D	4	かえァび
0x133570	4	うあこき
0x133575	4	たリくし
0x13357A	14	おみたズけすえかみた６こせお
0x133589	58	みタタさえうくみタリしえきけみタズすおくこみタ６せかけあみＥタえきうしみＥリえくさすみＥズおけしせみＥ６かこすうみく
0x1335C6	4	かえァび
0x1335D2	4	うあこき
0x1335D9	4	ういせさ
0x1335DE	4	たリくし
0x1335E3	14	おみたズけすえかみた６こせお
0x1335F2	57	みタタさえあくみタリしえきけみタズすおくこみタ６せかけあみＥタえきうしみＥリえくさすみＥズおけしせみＥ６かこすうみ
0x13362C	37	ぁどモだノホぁヘノユメチぁルチヒルユぁニミぎソヤモナフソユミソチぃんツノホ
0x133654	43	ぁどモだノホぁヘノユメチぁルチヒルユぁニミぎソヤモナフソユミソマトナメソぃソヨんツノホ
0x133680	37	ぁどモだノホぁヘノユメチぁルチヒルユぁニミぎソマメトナメソぃぃソヨんツノホ
0x1336A8	37	ぁどモだノホぁヘノユメチぁルチヒルユぁニミぎソマメトナメソぃぃソヨんツノホ
0x1336D0	37	ぁどモだノホぁヘノユメチぁルチヒルユぁニミぎソマメトナメソぅぃソヨんツノホ
0x1336F8	37	ぁどモだノホぁヘノユメチぁルチヒルユぁニミぎソマメトナメソぃぃソヨんツノホ
0x133720	37	ぁどモだノホぁヘノユメチぁルチヒルユぁニミぎソマメトナメソぃぃソヨんツノホ
0x133748	37	ぁどモだノホぁヘノユメチぁルチヒルユぁニミぎソマメトナメソぅぃソヨんツノホ
0x133770	37	ぁどモだノホぁヘノユメチぁルチヒルユぁニミぎソマメトナメソぃぃソヨんツノホ
0x1337A2	12	いああたたがあいいいたバ
0x1337B8	7	えあみくミああ
0x1337C0	21	いみくァいいあうみくズうういえみくペええう
0x1337E2	7	おあみくミああ
0x1337EA	28	いみくァいいあうみくズうういえみくペええうおみくＥおおえ
0x133813	4	さかァび
0x13381F	4	うあさお
0x133826	4	ういさえ
0x13382B	18	Ｅがえおうきたタがえかいきたたがおか
0x13383E	35	きたくタききかくみくミくくきけみくァけけくこみくズここけさみくペささこ
0x133867	4	しかァび
0x133873	4	うあしお
0x13387A	4	ういしえ
0x13387F	18	Ｅがえおうきたタがえかいきたたがおか
0x133892	42	きたくタききかくみくミくくきけみくァけけくこみくズここけさみくペささこしみくＥししさ
0x1338C0	37	ぁどモだノホぁヘノユメチぁルチヒルユぁニミぎソヤモナフソユミソチぃんツノホ
0x1338E8	43	ぁどモだノホぁヘノユメチぁルチヒルユぁニミぎソヤモナフソユミソマトナメソぃソヨんツノホ
0x133914	37	ぁどモだノホぁヘノユメチぁルチヒルユぁニミぎソマメトナメソぃぃソヨんツノホ
0x13393C	37	ぁどモだノホぁヘノユメチぁルチヒルユぁニミぎソマメトナメソぃぃソヨんツノホ
0x13396F	5	ああたみネ
0x133978	4	あバがあ
0x133988	37	ぁどモだノホぁヘノユメチぁルチヒルユぁニミぎソヤモナフソユミソチぃんツノホ
0x1339B0	39	ぁどモだノホぁヘノユメチぁルチヒルユぁニミぎソヤモナフソユミソぃぃソヨんツノホ
0x1339D8	36	ぁどモだノホぁヘノユメチぁルチヒルユぁニミぎソヤモナフソぃぃソヨんツノホ
0x133A00	36	ぁどモだノホぁヘノユメチぁルチヒルユぁニミぎソヤモナフソチぃソヨんツノホ
0x133A28	42	ぁどモだノホぁヘノユメチぁルチヒルユぁニミぎソヤモナフソマツハソトマラホソぃんツノホ
0x133A54	4	たくあい
0x133A69	4	たぽえお
0x133A70	6	タぽおうあか
0x133A77	6	Ｅぽうえいき
0x133A7E	18	たバきかうかあ◎ペきかおきたたくあい
0x133AA1	4	たぽえお
0x133AA8	6	タぽおうあえ
0x133AAF	6	Ｅぽうえいき
0x133ABC	45	あ◎ペききおきたぁどモだノホぁヘノユメチぁルチヒルユぁニミぎソヤモナフソユミソチぃんツノホ
0x133AEC	39	ぁどモだノホぁヘノユメチぁルチヒルユぁニミぎソヤモナフソユミソぃぃソヨんツノホ
0x133B14	36	ぁどモだノホぁヘノユメチぁルチヒルユぁニミぎソヤモナフソぅぃソヨんツノホ
0x133B3C	36	ぁどモだノホぁヘノユメチぁルチヒルユぁニミぎソヤモナフソチぃソヨんツノホ
0x133B64	37	ぁどモだノホぁヘノユメチぁルチヒルユぁニミぎソヤソヌメマユホトソゅんツノホ
0x133B8C	37	ぁどモだノホぁヘノユメチぁルチヒルユぁニミぎソヤソヌメマユホトソゃんツノホ
0x133BB4	37	ぁどモだノホぁヘノユメチぁルチヒルユぁニミぎソヤソヌメマユホトソぉんツノホ
0x133BDC	37	ぁどモだノホぁヘノユメチぁルチヒルユぁニミぎソヤソヌメマユホトソっんツノホ
0x133C04	37	ぁどモだノホぁヘノユメチぁルチヒルユぁニミぎソヤソヌメマユホトソぅんツノホ
0x133C2C	37	ぁどモだノホぁヘノユメチぁルチヒルユぁニミぎソヤソヌメマユホトソぇんツノホ
0x133C54	37	ぁどモだノホぁヘノユメチぁルチヒルユぁニミぎソヤソヌメマユホトソぃんツノホ
0x133C8C	37	ぁどモだノホぁヘノユメチぁルチヒルユぁニミぎソマメトナメソぃぃソヨんツノホ
0x133CB4	37	ぁどモだノホぁヘノユメチぁルチヒルユぁニミぎソマメトナメソぃぃソヨんツノホ
0x133CDC	37	ぁどモだノホぁヘノユメチぁルチヒルユぁニミぎソマメトナメソぃぃソヨんツノホ
0x133D04	37	ぁどモだノホぁヘノユメチぁルチヒルユぁニミぎソマメトナメソぃぃソヨんツノホ
0x133D2C	6	たりあおしか
0x133D3A	6	タりうあせく
0x133D41	6	ョりえいそけ
0x133D48	6	Ｅりおうたこ
0x133D56	4	たぽきさ
0x133D5D	6	がぽくかあす
0x133D64	6	タぽけきいせ
0x133D6B	6	ョぽこくうそ
0x133D72	6	Ｅぽさけえた
0x133D79	6	！ぽかこおち
0x133D80	5	たリすちか
0x133D87	6	がリせしきあ
0x133D8E	6	タリそすくい
0x133D95	6	ョリたせけう
0x133D9C	6	Ｅリちそこえ
0x133DA3	6	！リしたさつ
0x133DAA	7	◎ペつつちおた
0x133DB4	37	ぁどモだノホぁヘノユメチぁルチヒルユぁニミぎソヤモナフソユミソチぃんツノホ
0x133DDC	39	ぁどモだノホぁヘノユメチぁルチヒルユぁニミぎソヤモナフソユミソぅぃソヨんツノホ
0x133E04	36	ぁどモだノホぁヘノユメチぁルチヒルユぁニミぎソヤモナフソぃぃソヨんツノホ
0x133E2C	36	ぁどモだノホぁヘノユメチぁルチヒルユぁニミぎソヤモナフソチぃソヨんツノホ
0x133E54	36	ぁどモだノホぁヘノユメチぁルチヒルユぁニミぎソヤソヘチメヒソぃぃんツノホ
0x133E7C	36	ぁどモだノホぁヘノユメチぁルチヒルユぁニミぎソヤソヘチメヒソぃぅんツノホ
0x133EA4	39	ぁどモだノホぁヘノユメチぁルチヒルユぁニミぎソヤモナフソホチヘナソぃぃんツノホ
0x133ECC	6	たねあおしか
0x133EDA	6	タねうあせく
0x133EE1	6	ョねえいそけ
0x133EE8	6	Ｅねおうたこ
0x133EF6	4	たびきさ
0x133EFD	6	がびくかあす
0x133F04	6	タびけきいせ
0x133F0B	6	ョびこくうそ
0x133F12	6	Ｅびさけえた
0x133F19	6	！びかこおち
0x133F20	5	たリすちか
0x133F27	6	がリせしきあ
0x133F2E	6	タリそすくい
0x133F35	6	ョリたせけう
0x133F3C	6	Ｅリちそこえ
0x133F43	6	！リしたさつ
0x133F4A	7	◎ペつつちおた
0x133F54	37	ぁどモだノホぁヘノユメチぁルチヒルユぁニミぎソヤモナフソユミソチぃんツノホ
0x133F7C	39	ぁどモだノホぁヘノユメチぁルチヒルユぁニミぎソヤモナフソユミソぃぃソヨんツノホ
0x133FA4	36	ぁどモだノホぁヘノユメチぁルチヒルユぁニミぎソヤモナフソぃぃソヨんツノホ
0x133FCC	36	ぁどモだノホぁヘノユメチぁルチヒルユぁニミぎソヤモナフソチぃソヨんツノホ
0x133FF4	36	ぁどモだノホぁヘノユメチぁルチヒルユぁニミぎソヤソヘチメヒソぃぃんツノホ
0x13401C	36	ぁどモだノホぁヘノユメチぁルチヒルユぁニミぎソヤソヘチメヒソぃぃんツノホ
0x134044	36	ぁどモだノホぁヘノユメチぁルチヒルユぁニミぎソヤソヘチメヒソぃぅんツノホ
0x13406C	36	ぁどモだノホぁヘノユメチぁルチヒルユぁニミぎソヤソヘチメヒソぃぅんツノホ
0x134094	40	ぁどモだノホぁヘノユメチぁルチヒルユぁニミぎソヤモナフソマツハソユミソぃんツノホ
0x1340C0	40	ぁどモだノホぁヘノユメチぁルチヒルユぁニミぎソヤモナフソマツハソユミソぃんツノホ
0x1342DA	6	にかっかツか
0x134352	6	マとミくムと
0x134524	10	ぺほぽこマせテくトト
0x134571	13	なラこリかルかラかっかツか
0x13459B	13	なずおぜおずおぜおっくツお
0x134615	17	カそいスかセかソかセかソかっくツえ
0x134746	18	レかロかレかロかレかロかワこっかツえ
0x134A6D	8	ヴずンずムＴあピ
0x134A77	12	うずう　タヴにヲムワみみ
0x134AC5	6	ヴＨヴぜあ…
0x134B05	6	ヴＨヴぜあ…
0x134B2D	6	ぇざほっあセ
0x134B65	6	ヴＨヴぜあ…
0x134BAD	6	ぇざほっあセ
0x134BC5	6	ヴＨヴぜあ…
0x134C25	6	ヴＨヴぜあ…
0x134C6D	11	ぇざほっあプヲＲヤプヲ
0x134C79	7	ンぜヲＲヤぜヲ
0x134CA5	6	ヴＨヴぜあ…
0x134D05	6	ヴＨヴぜあ…
0x134DAF	7	んへせぜぽやユ
0x134DCF	4	んへせべ
0x134DDD	4	コたあぉ
0x134E8F	7	んへせタっタヲ
0x134EC5	6	ヴＨヴぜあ…
0x134F45	6	ヴコヒぜあ…
0x134F67	4	ヴぜあ…
0x134FA5	6	ヴＨヴ・ふ…
0x134FB9	4	ヴヤヴ／
0x134FDB	8	いヤヴくるヒゃ／
0x134FE5	6	ヴＨヴ・ふ…
0x134FEC	17	／う／いゲぎべぅ／う／いゲぎくる／
0x13501B	8	い／いくるヒゃ／
0x135025	6	ヴＨヴぜあ…
0x13505D	14	ヴたあ１りびざびざ１りぜあ…
0x1350A5	6	ヴＨヴぜあ…
0x1350E5	6	ヴＨヴぜあ…
0x1350EC	19	プンプンプンプンプンヴヲプンヴヲぜヲぺ
0x13511D	14	ヴたあ㎏ケ♀ヨ♀ヨ㎏ケぜあ…
0x135135	10	ヴゃマずぐプぅソあぺ
0x135157	4	ろソすパ
0x135165	6	ヴＨヴぜあ…
0x135175	8	ヴズヴ凱ナぬタう
0x1351A5	6	ヴＨヴぜあ…
0x1351B9	5	ヴズヴタう
0x1351E5	6	ヴＨヴぜあ…
0x13520D	14	ぇざほっあみンタルみンソすパ
0x135225	6	ヴＨヴぜあ…
0x135265	6	ヴＨヴぜあ…
0x135275	9	ヴズヴ網ネンソあヘ
0x13528D	14	ぇざほっあ／マスサ／マソすボ
0x1352A5	6	ヴＨヴぜあ…
0x1352CF	28	んへせ３とべる♂ね・ふイべＢゃたあ・ふべるべる・ふぜあ…
0x1352F9	6	ヴズヴソあぺ
0x135317	4	ヴソすパ
0x135325	6	ヴＨヴぜあ…
0x135365	6	ヴＨヴぜあ…
0x13536C	17	カラカラ／あまあカラ」ハ／あまあ『
0x13538D	8	ぇざほっあソおＲ
0x135396	5	ソおソおＴ
0x1353A5	6	ヴＨヴぜあ…
0x1353E5	6	ヴＨヴぜあ…
0x135425	6	ヴＨヴぜあ…
0x135465	6	ヴＨヴぜあ…
0x135479	6	ヴオヴ・ふぼ
0x13549D	14	ヴたあ・ふべるべる・ふぜあ…
0x1354B9	11	ヴＧヴペシぜタぢヲゥワ
0x1354E5	6	ヴＨヴぜあ…
0x135525	6	ヴＨヴぜあ…
0x135565	6	ヴＨヴぜあ…
0x1355A5	6	ヴＨヴぜあ…
0x1355E5	6	ヴＨヴぜあ…
0x1355F5	8	ヴエヴ／あまあ『
0x13560D	8	ぇざほっあソおＲ
0x135616	5	ソおソおＴ
0x135625	6	ヴＨヴぜあ…
0x13564F	7	んへせぜぽやユ
0x13565D	14	ヴたあ０シやユやユ０シぜあ…
0x1356A5	6	ヴＨヴぜあ…
0x1356E5	6	ヴＨヴぜあ…
0x135725	6	ヴＨヴぜあ…
0x135739	6	ヴオヴ♂ねぼ
0x13574F	4	んへせべ
0x13575D	4	ヴたあぉ
0x135785	6	ヴＨヴぜあ…
0x1357C5	6	ヴＨヴぜあ…
0x1357E7	4	ヴぜあ…
0x1358CF	7	んへせタっタヲ
0x1358EF	4	んへせし
0x13592F	4	んへせし
0x13596F	4	んへせさ
0x135A0F	4	んへせし
0x135A2F	7	んへせタがタヲ
0x135A8F	4	んへせ↓
0x135B0F	4	んへせグ
0x135B1D	4	ヴたあビ
0x135B22	5	まちまちビ
0x135B73	6	あＵこヒをＴ
0x135C07	11	ヴ（うぜン㎏わセぉプい
0x135EAE	70	あうおきけさいえかくこしすそちてなぬせたつとにねののはひふへ４おといコかといレきといメかといゾかといＧくといギきといブかとい％かとい…かとい
0x135EF8	4	べきとい
0x135F00	4	めきとい
0x135F08	4	』きとい
0x135F10	5	れかといぽ
0x135F6C	197	ゲにそいＵぬそいりのそいみもそいボりそい！りそい㎞？せい㎞？せい㎞？せい（れそいとろそい…かといべきとい』きとい…かといれかといぇかとい…かとい』きとい０きとい…かといめきといＷきといボヤそいエラそい（ラそいＭリそい㎞リそいやルそいエルそいＱルそいやロそいボロそいシロそいペロそい（ロそい㎞ロそいエラそい（ラそいＭリそい（ロそい（ロそいエルそいＱルそいやロそいボロそいシロそいペロそい（ロそいお
0x136035	21	いあああいいあいいうあういえあえいおあおい
0x13604D	31	えあうあえいういえうううええうええおうおえあおいおうおえおおお
0x1360B6	45	そい２あそいヂいそいねかそいリくそいワけそいみこそい」こそいワせそいＭそそい　せい殺そいり
0x13612D	134	きといゥきといべかといハきといコきとい却といつきといだかといヂくといギくといいくとい★きといこきといめかとい８きといハかといぜおといっおといツかといぐきといブきといぇきといこくといぐかといレかといＧかとい６くといピくといはきといいきとい』かとい０かとい望といＯきといこ
0x1361FC	27	し！せいヂ』せいＡ～せい鉢せいシ／せいペ（せいバ）せい
0x136219	6	￥せい◎人い
0x136249	26	ろそいヂ』せいＡ～せい鉢せいシ／せいペ（せいバ）せい
0x136292	10	せいやぎそいぃぎそい
0x1362F4	68	バ、せいＥ、せい❤、せいみ…せいペ…せい㎞…せいぃ「せいヤ「せい！「せいふ」せいネ」せいＡ」せいた＋せいり＋せいズ＋せいＱ＋せい」＋せい
0x13635D	103	デせいタブせいペベせいボパせいシペせい（ポせいネ２せい」４せいご７せいＥＨせいやＮせいズＮせいョＳせいとＶせいヂＹせいＹ♀せい❤◎せい漠せい　せいぱ→せいみ↑せいや↑せいり↑せいり↓せいエ↓せいタ↓せい（う
0x1363C8	11	まずピんふほドな（さネ
0x1363EF	4	ぅ（さネ
0x136408	5	ユすちおＢ
0x136428	10	ソに❤けクあ履（さネ
0x136448	5	ぃおといむ
0x136450	5	だきといに
0x136458	5	つかといと
0x136460	5	Ｑくといつ
0x136468	5	ォけといそ
0x136470	5	ふくといさ
0x136478	4	涛といく
0x136480	5	ぽけといえ
0x136490	5	Ｃけといｱ
0x136498	5	とけとい尅
0x1364A0	5	わけとい煩
0x1364A8	5	くけとい循
0x1364B0	5	ヨくとい険
0x1364B8	5	ペけとい峨
0x1364C0	5	つくとい／
0x1364C8	5	はかとい！
0x1364D0	5	ギかといァ
0x136680	228	りめとい分といネめとい合といびむとい６みといびめとい★とい６めとい◎すといョめとい◎みといネむといネせといョむといりむとい体といりせとい◎むといくむとい６むといびせといくめといくせとい６すといくしとい６すといりしとい６すといョみとい６すといョすとい６すといネみとい６すとい６しといネすといびみとい６すといびすとい６すとい明とい６すといりみとい６すといりみといくみといくすといネしとい試といネしとい試といョしといョしとい◎まとい◎まといりすといびしとい（←あ
0x13698D	10	うずうヴいプあまあま
0x136B7C	11	まずピんふほドな（さネ
0x136C39	6	なヨけつあＣ
0x136C40	104	（う（う（う（うモぷ嫡ゲぅくむモぷ嫡ゲぅくむ（う（う（う（う（う（う（う（う（う（う（う（う（う（う（う（う（う（う（う（う（う（う（う（う（う（う（う（う（う（う（う（う（う（う（う（う（う（う（う（う（う
0x136CAE	16	（う（う（う（う（う（う（う（う
0x136CC2	20	（う（う（う（う（う（う（う（う（う（う
0x136CD8	12	（う（う（う（う（う（う
0x136CE6	10	（う（う（う（う（う
0x136CF4	6	（う（う（う
0x136D00	52	（う（う（う（う（う（う（う（う（う（う（う（う（う（う（う（う（う（う（う（う（う（う（う（う（う（う
0x136D38	8	（う（う（う（う
0x136D42	12	（う（う（う（う（う（う
0x136D58	8	（う（う（う（う
0x136D62	18	（う（う（う（う（う（う（う（う（う
0x136D78	15	まらタたまずピんふほドな（さネ
0x136E39	6	なヨけつあＣ
0x136E51	89	ヴビロぉラ♂ノ（う（う（う（う（う（う（う（う（う（う（う（う（う（う（う（う（う（う（う（う（う（う（う（う（う（う（う（う（う（う（う（う（う（う（う（う（う（う（う（う（う
0x136EE0	6	（う（う（う
0x136F18	28	（う（う（う（う（う（う（う（う（う（う（う（う（う（う
0x136F38	8	（う（う（う（う
0x136F42	12	（う（う（う（う（う（う
0x136F58	8	（う（う（う（う
0x136F62	18	（う（う（う（う（う（う（う（う（う
0x136F7C	11	まずピんふほドな（さネ
0x137039	6	なヨけつあＣ
0x137051	89	ヴケモＨツ９ざ（う（う（う（う（う（う（う（う（う（う（う（う（う（う（う（う（う（う（う（う（う（う（う（う（う（う（う（う（う（う（う（う（う（う（う（う（う（う（う（う（う
0x1370BC	4	（う（う
0x1370C2	4	（う（う
0x1370CC	4	（う（う
0x1370D2	4	（う（う
0x1370DC	4	（う（う
0x1370E2	4	（う（う
0x1370EC	4	（う（う
0x1370F2	4	（う（う
0x137108	44	（う（う（う（う（う（う（う（う（う（う（う（う（う（う（う（う（う（う（う（う（う（う
0x137138	8	（う（う（う（う
0x137142	12	（う（う（う（う（う（う
0x137158	8	（う（う（う（う
0x137162	18	（う（う（う（う（う（う（う（う（う
0x13717C	11	まずピんふほドな（さネ
0x137198	35	ぼる走４とトしぼる走４とトしぼる走４とトしぼる走４とトしヴへひなＫしホ
0x1371C0	7	ヴへひなＫしホ
0x137239	6	なヨけつあＣ
0x137249	97	ヴコヒＪカヒをＢゃヒをるゆ♂ね（う（う（う（う（う（う（う（う（う（う（う（う（う（う（う（う（う（う（う（う（う（う（う（う（う（う（う（う（う（う（う（う（う（う（う（う（う（う（う（う（う
0x1372B6	4	（う（う
0x1372BC	8	（う（う（う（う
0x1372C6	4	（う（う
0x1372CC	8	（う（う（う（う
0x1372D6	4	（う（う
0x1372DC	8	（う（う（う（う
0x1372E6	4	（う（う
0x1372EC	8	（う（う（う（う
0x1372F6	4	（う（う
0x137306	46	（う（う（う（う（う（う（う（う（う（う（う（う（う（う（う（う（う（う（う（う（う（う（う
0x137338	8	（う（う（う（う
0x137342	12	（う（う（う（う（う（う
0x137358	8	（う（う（う（う
0x137362	18	（う（う（う（う（う（う（う（う（う
0x137378	15	まらみしまずピんふほドな（さネ
0x137439	6	なヨけつあＣ
0x137440	108	（う（う（う（うしンョヘおケ１づしンョヘおケ１づ（う（う（う（う（う（う（う（う（う（う（う（う（う（う（う（う（う（う（う（う（う（う（う（う（う（う（う（う（う（う（う（う（う（う（う（う（う（う（う（う（う（う
0x1374AE	6	（う（う（う
0x1374B6	6	（う（う（う
0x1374BE	4	（う（う
0x1374C4	8	（う（う（う（う
0x1374D2	10	（う（う（う（う（う
0x1374E0	10	（う（う（う（う（う
0x1374F8	4	（う（う
0x1374FE	54	（う（う（う（う（う（う（う（う（う（う（う（う（う（う（う（う（う（う（う（う（う（う（う（う（う（う（う
0x137538	8	（う（う（う（う
0x137542	12	（う（う（う（う（う（う
0x137558	8	（う（う（う（う
0x137562	18	（う（う（う（う（う（う（う（う（う
0x13757C	11	まずピんふほドな（さネ
0x137598	7	』えデえウえん
0x1375A0	7	』えデえウえん
0x1375A8	7	』えデえウえん
0x1375B0	7	』えデえウえん
0x1375B8	7	』えデえウえん
0x1375C0	7	』えデえウえん
0x1375D0	80	（う（う（う（うＲヴキラ迷６アＲヴキラ迷６アＲヴキラ迷６アＲヴキラ迷６アＲヴキラ迷６アＲヴキラ迷６アヒをくむ３とテし（う（う（う（うＲヴキラ迷６ア』えデえウえん
0x137639	6	なヨけつあＣ
0x137640	88	（う（う（う（うＲヴキラ迷６アＲヴキラ迷６ア（う（う（う（う（う（う（う（う（う（う（う（う（う（う（う（う（う（う（う（う（う（う（う（う（う（う（う（う（う（う（う（う（う
0x1376A8	10	（う（う（う（う（う
0x1376E6	12	（う（う（う（う（う（う
0x137708	44	（う（う（う（う（う（う（う（う（う（う（う（う（う（う（う（う（う（う（う（う（う（う
0x137738	8	（う（う（う（う
0x137742	12	（う（う（う（う（う（う
0x137758	8	（う（う（う（う
0x137762	18	（う（う（う（う（う（う（う（う（う
0x13777B	12	たまずピんふほドな（さネ
0x137839	6	なヨけつあＣ
0x137851	91	ヴケロＧメュオ（う（う（う（う（う（う（う（う（う（う（う（う（う（う（う（う（う（う（う（う（う（う（う（う（う（う（う（う（う（う（う（う（う（う（う（う（う（う（う（う（う（う
0x1378B4	8	（う（う（う（う
0x1378BE	4	（う（う
0x1378C4	8	（う（う（う（う
0x1378CE	4	（う（う
0x1378D4	6	（う（う（う
0x1378E8	4	（う（う
0x1378EE	4	（う（う
0x1378F4	8	（う（う（う（う
0x1378FE	4	（う（う
0x137904	8	（う（う（う（う
0x137914	32	（う（う（う（う（う（う（う（う（う（う（う（う（う（う（う（う
0x137938	8	（う（う（う（う
0x137942	12	（う（う（う（う（う（う
0x137958	8	（う（う（う（う
0x137962	18	（う（う（う（う（う（う（う（う（う
0x13797B	12	たまずピんふほドな（さネ
0x137A39	6	なヨけつあＣ
0x137A51	93	ヴケロＧメ６ケ（う（う（う（う（う（う（う（う（う（う（う（う（う（う（う（う（う（う（う（う（う（う（う（う（う（う（う（う（う（う（う（う（う（う（う（う（う（う（う（う（う（う（う
0x137AB0	14	（う（う（う（う（う（う（う
0x137AC0	10	（う（う（う（う（う
0x137AD4	10	（う（う（う（う（う
0x137AE0	4	（う（う
0x137AE8	4	（う（う
0x137AEE	14	（う（う（う（う（う（う（う
0x137B04	8	（う（う（う（う
0x137B10	36	（う（う（う（う（う（う（う（う（う（う（う（う（う（う（う（う（う（う
0x137B38	8	（う（う（う（う
0x137B42	12	（う（う（う（う（う（う
0x137B58	8	（う（う（う（う
0x137B62	18	（う（う（う（う（う（う（う（う（う
0x137B7C	11	まずピんふほドな（さネ
0x137C39	6	なヨけつあＣ
0x137C40	106	（う（う（う（うまにＴけソあひあまにＴけソあひあ（う（う（う（う（う（う（う（う（う（う（う（う（う（う（う（う（う（う（う（う（う（う（う（う（う（う（う（う（う（う（う（う（う（う（う（う（う（う（う（う（う
0x137D08	44	（う（う（う（う（う（う（う（う（う（う（う（う（う（う（う（う（う（う（う（う（う（う
0x137D38	8	（う（う（う（う
0x137D42	12	（う（う（う（う（う（う
0x137D58	8	（う（う（う（う
0x137D62	18	（う（う（う（う（う（う（う（う（う
0x137D7C	11	まずピんふほドな（さネ
0x137E39	6	なヨけつあＣ
0x137E49	81	ヴロマーコヒをべる・ふ３とテし（う（う（う（う（う（う（う（う（う（う（う（う（う（う（う（う（う（う（う（う（う（う（う（う（う（う（う（う（う（う（う（う（う
0x137EB0	4	（う（う
0x137EB6	4	（う（う
0x137EC4	18	（う（う（う（う（う（う（う（う（う
0x137EE6	4	（う（う
0x137F00	4	（う（う
0x137F06	4	（う（う
0x137F18	28	（う（う（う（う（う（う（う（う（う（う（う（う（う（う
0x137F38	8	（う（う（う（う
0x137F42	12	（う（う（う（う（う（う
0x137F58	8	（う（う（う（う
0x137F62	18	（う（う（う（う（う（う（う（う（う
0x137F78	15	まらゆえまずピんふほドな（さネ
0x137F98	7	Ｔくブえユえイ
0x137FA0	7	Ｔくブえユえイ
0x137FA8	7	Ｔくブえユえイ
0x137FB0	7	Ｔくブえユえイ
0x137FB8	7	Ｔくブえユえイ
0x137FC0	7	Ｔくブえユえイ
0x137FC8	7	Ｔくブえユえイ
0x137FF9	22	ヴロマーコヒをまな～たＬしヂえＴくブえユえイ
0x138019	14	ヴロマーコヒをＴくブえユえイ
0x138039	6	なヨけつあＣ
0x138049	91	ヴロマーコヒをまな～たＬしヂえ（う（う（う（う（う（う（う（う（う（う（う（う（う（う（う（う（う（う（う（う（う（う（う（う（う（う（う（う（う（う（う（う（う（う（う（う（う（う
0x1380A8	4	（う（う
0x1380B4	8	（う（う（う（う
0x1380BE	6	（う（う（う
0x1380D8	4	（う（う
0x1380DE	8	（う（う（う（う
0x1380E8	4	（う（う
0x1380EE	6	（う（う（う
0x1380F8	60	（う（う（う（う（う（う（う（う（う（う（う（う（う（う（う（う（う（う（う（う（う（う（う（う（う（う（う（う（う（う
0x138138	8	（う（う（う（う
0x138142	12	（う（う（う（う（う（う
0x138158	8	（う（う（う（う
0x138162	18	（う（う（う（う（う（う（う（う（う
0x138178	15	まらみたまずピんふほドな（さネ
0x13819B	7	ムＵタァぱタヲ
0x1381A3	7	ムＵタァぱタヲ
0x1381AB	7	ムＵタァぱタヲ
0x1381B3	7	ムＵタァぱタヲ
0x1381BB	7	ムＵタァぱタヲ
0x1381C3	7	ムＵタァぱタヲ
0x1381F9	17	ヴブヴとヴ○オ㎞ヲ２ルトム￥クタヲ
0x138239	6	なヨけつあＣ
0x138249	67	ヴブヴとヴ○オＸヲツユいノポぽ（う（う（う（う（う（う（う（う（う（う（う（う（う（う（う（う（う（う（う（う（う（う（う（う（う（う
0x13828E	4	（う（う
0x1382A8	4	（う（う
0x1382AE	4	（う（う
0x1382B6	4	（う（う
0x1382D6	4	（う（う
0x1382F6	4	（う（う
0x138308	44	（う（う（う（う（う（う（う（う（う（う（う（う（う（う（う（う（う（う（う（う（う（う
0x138338	8	（う（う（う（う
0x138342	12	（う（う（う（う（う（う
0x138358	8	（う（う（う（う
0x138362	18	（う（う（う（う（う（う（う（う（う
0x13837C	11	まずピんふほドな（さネ
0x138439	6	なヨけつあＣ
0x138451	89	ヴケモダツノぅ（う（う（う（う（う（う（う（う（う（う（う（う（う（う（う（う（う（う（う（う（う（う（う（う（う（う（う（う（う（う（う（う（う（う（う（う（う（う（う（う（う
0x1384AE	16	（う（う（う（う（う（う（う（う
0x1384C2	20	（う（う（う（う（う（う（う（う（う（う
0x1384D8	12	（う（う（う（う（う（う
0x1384E6	10	（う（う（う（う（う
0x1384F4	6	（う（う（う
0x138500	46	（う（う（う（う（う（う（う（う（う（う（う（う（う（う（う（う（う（う（う（う（う（う（う
0x138536	12	（う（う（う（う（う（う
0x138548	4	（う（う
0x138558	10	（う（う（う（う（う
0x138568	4	（う（う
0x138570	23	（う（う（う（うまらタたまずピんふほドな（さネ
0x138639	6	なヨけつあＣ
0x138651	89	ヴビロぉラォチ（う（う（う（う（う（う（う（う（う（う（う（う（う（う（う（う（う（う（う（う（う（う（う（う（う（う（う（う（う（う（う（う（う（う（う（う（う（う（う（う（う
0x1386E0	6	（う（う（う
0x138718	22	（う（う（う（う（う（う（う（う（う（う（う
0x138736	12	（う（う（う（う（う（う
0x138748	4	（う（う
0x138758	10	（う（う（う（う（う
0x138768	4	（う（う
0x138770	10	（う（う（う（うまら
0x13877C	11	まずピんふほドな（さネ
0x138839	6	なヨけつあＣ
0x138840	106	（う（う（う（うーコイべ↑ぎるゆーコイべ↑ぎるゆ（う（う（う（う（う（う（う（う（う（う（う（う（う（う（う（う（う（う（う（う（う（う（う（う（う（う（う（う（う（う（う（う（う（う（う（う（う（う（う（う（う
0x1388BC	4	（う（う
0x1388C2	4	（う（う
0x1388CC	4	（う（う
0x1388D2	4	（う（う
0x1388DC	4	（う（う
0x1388E2	4	（う（う
0x1388EC	4	（う（う
0x1388F2	4	（う（う
0x138908	38	（う（う（う（う（う（う（う（う（う（う（う（う（う（う（う（う（う（う（う
0x138936	12	（う（う（う（う（う（う
0x138948	4	（う（う
0x138958	10	（う（う（う（う（う
0x138968	4	（う（う
0x138970	10	（う（う（う（うまら
0x13897C	11	まずピんふほドな（さネ
0x138998	35	ぼる走４とトしぼる走４とトしぼる走４とトしぼる走４とトしヴへひなＫしホ
0x1389C0	7	ヴへひなＫしホ
0x138A39	6	なヨけつあＣ
0x138A40	15	（う（う（う（うヴへひなＫしホ
0x138A50	7	ヴへひなＫしホ
0x138A58	82	（う（う（う（う（う（う（う（う（う（う（う（う（う（う（う（う（う（う（う（う（う（う（う（う（う（う（う（う（う（う（う（う（う（う（う（う（う（う（う（う（う
0x138AB6	4	（う（う
0x138ABC	8	（う（う（う（う
0x138AC6	4	（う（う
0x138ACC	8	（う（う（う（う
0x138AD6	4	（う（う
0x138ADC	8	（う（う（う（う
0x138AE6	4	（う（う
0x138AEC	8	（う（う（う（う
0x138AF6	4	（う（う
0x138B06	40	（う（う（う（う（う（う（う（う（う（う（う（う（う（う（う（う（う（う（う（う
0x138B36	12	（う（う（う（う（う（う
0x138B48	4	（う（う
0x138B58	10	（う（う（う（う（う
0x138B68	4	（う（う
0x138B70	23	（う（う（う（うまらみしまずピんふほドな（さネ
0x138C39	6	なヨけつあＣ
0x138C40	108	（う（う（う（うヌユ㎞シィびぜっヌユ㎞シィびぜっ（う（う（う（う（う（う（う（う（う（う（う（う（う（う（う（う（う（う（う（う（う（う（う（う（う（う（う（う（う（う（う（う（う（う（う（う（う（う（う（う（う（う
0x138CAE	6	（う（う（う
0x138CB6	6	（う（う（う
0x138CBE	4	（う（う
0x138CC4	8	（う（う（う（う
0x138CD2	10	（う（う（う（う（う
0x138CE0	10	（う（う（う（う（う
0x138CF8	4	（う（う
0x138CFE	48	（う（う（う（う（う（う（う（う（う（う（う（う（う（う（う（う（う（う（う（う（う（う（う（う
0x138D36	12	（う（う（う（う（う（う
0x138D48	4	（う（う
0x138D58	10	（う（う（う（う（う
0x138D68	4	（う（う
0x138D70	11	（う（う（う（うまらえ
0x138D7C	11	まずピんふほドな（さネ
0x138D98	7	』えデえウえん
0x138DA0	7	』えデえウえん
0x138DA8	7	』えデえウえん
0x138DB0	7	』えデえウえん
0x138DB8	7	』えデえウえん
0x138DC0	7	』えデえウえん
0x138DD0	15	（う（う（う（う』えデえウえん
0x138DE0	7	』えデえウえん
0x138DE8	7	』えデえウえん
0x138DF0	7	』えデえウえん
0x138DF8	44	Ｒヴキラ迷６アＲヴキラ迷６アヒをくむ３とテし（う（う（う（うＲヴキラ迷６ア』えデえウえん
0x138E39	6	なヨけつあＣ
0x138E40	15	（う（う（う（う』えデえウえん
0x138E50	7	』えデえウえん
0x138E58	66	（う（う（う（う（う（う（う（う（う（う（う（う（う（う（う（う（う（う（う（う（う（う（う（う（う（う（う（う（う（う（う（う（う
0x138EA8	10	（う（う（う（う（う
0x138EE6	12	（う（う（う（う（う（う
0x138F08	38	（う（う（う（う（う（う（う（う（う（う（う（う（う（う（う（う（う（う（う
0x138F36	12	（う（う（う（う（う（う
0x138F48	4	（う（う
0x138F58	10	（う（う（う（う（う
0x138F68	4	（う（う
0x138F70	10	（う（う（う（うまら
0x138F7B	12	たまずピんふほドな（さネ
0x139039	6	なヨけつあＣ
0x139040	108	（う（う（う（うよルＹフゥタむぽよルＹフゥタむぽ（う（う（う（う（う（う（う（う（う（う（う（う（う（う（う（う（う（う（う（う（う（う（う（う（う（う（う（う（う（う（う（う（う（う（う（う（う（う（う（う（う（う
0x1390B4	8	（う（う（う（う
0x1390BE	4	（う（う
0x1390C4	8	（う（う（う（う
0x1390CE	4	（う（う
0x1390D4	6	（う（う（う
0x1390E8	4	（う（う
0x1390EE	4	（う（う
0x1390F4	8	（う（う（う（う
0x1390FE	4	（う（う
0x139104	8	（う（う（う（う
0x139114	26	（う（う（う（う（う（う（う（う（う（う（う（う（う
0x139136	12	（う（う（う（う（う（う
0x139148	4	（う（う
0x139158	10	（う（う（う（う（う
0x139168	4	（う（う
0x139170	23	（う（う（う（うまらあしまずピんふほドな（さネ
0x139239	6	なヨけつあＣ
0x139240	110	（う（う（う（うこユ５トづエいびこユ５トづエいび（う（う（う（う（う（う（う（う（う（う（う（う（う（う（う（う（う（う（う（う（う（う（う（う（う（う（う（う（う（う（う（う（う（う（う（う（う（う（う（う（う（う（う
0x1392B0	14	（う（う（う（う（う（う（う
0x1392C0	10	（う（う（う（う（う
0x1392D4	10	（う（う（う（う（う
0x1392E0	4	（う（う
0x1392E8	4	（う（う
0x1392EE	14	（う（う（う（う（う（う（う
0x139304	8	（う（う（う（う
0x139310	30	（う（う（う（う（う（う（う（う（う（う（う（う（う（う（う
0x139336	12	（う（う（う（う（う（う
0x139348	4	（う（う
0x139358	10	（う（う（う（う（う
0x139368	4	（う（う
0x139370	10	（う（う（う（うまら
0x13937C	11	まずピんふほドな（さネ
0x139439	6	なヨけつあＣ
0x139440	106	（う（う（う（うまにＴけソあひあまにＴけソあひあ（う（う（う（う（う（う（う（う（う（う（う（う（う（う（う（う（う（う（う（う（う（う（う（う（う（う（う（う（う（う（う（う（う（う（う（う（う（う（う（う（う
0x139508	38	（う（う（う（う（う（う（う（う（う（う（う（う（う（う（う（う（う（う（う
0x139536	12	（う（う（う（う（う（う
0x139548	4	（う（う
0x139558	10	（う（う（う（う（う
0x139568	4	（う（う
0x139570	10	（う（う（う（うまら
0x13957C	11	まずピんふほドな（さネ
0x139639	6	なヨけつあＣ
0x139640	90	（う（う（う（うべる・ふ３とテしべる・ふ３とテし（う（う（う（う（う（う（う（う（う（う（う（う（う（う（う（う（う（う（う（う（う（う（う（う（う（う（う（う（う（う（う（う（う
0x1396B0	4	（う（う
0x1396B6	4	（う（う
0x1396C4	18	（う（う（う（う（う（う（う（う（う
0x1396E6	4	（う（う
0x139700	4	（う（う
0x139706	4	（う（う
0x139718	22	（う（う（う（う（う（う（う（う（う（う（う
0x139736	12	（う（う（う（う（う（う
0x139748	4	（う（う
0x139758	10	（う（う（う（う（う
0x139768	4	（う（う
0x139770	23	（う（う（う（うまらゆえまずピんふほドな（さネ
0x139798	7	Ｔくブえユえイ
0x1397A0	7	Ｔくブえユえイ
0x1397A8	7	Ｔくブえユえイ
0x1397B0	7	Ｔくブえユえイ
0x1397B8	7	Ｔくブえユえイ
0x1397C0	7	Ｔくブえユえイ
0x1397C8	7	Ｔくブえユえイ
0x1397E9	6	たＬしダくイ
0x1397F1	6	たＬしダくイ
0x139801	6	たＬしダくイ
0x139808	7	Ｔくブえユえイ
0x139819	14	ヴロマーコヒをＴくブえユえイ
0x139839	6	なヨけつあＣ
0x139851	6	たＬしダくイ
0x139858	76	（う（う（う（う（う（う（う（う（う（う（う（う（う（う（う（う（う（う（う（う（う（う（う（う（う（う（う（う（う（う（う（う（う（う（う（う（う（う
0x1398A8	4	（う（う
0x1398B4	8	（う（う（う（う
0x1398BE	6	（う（う（う
0x1398D8	4	（う（う
0x1398DE	8	（う（う（う（う
0x1398E8	4	（う（う
0x1398EE	6	（う（う（う
0x1398F8	54	（う（う（う（う（う（う（う（う（う（う（う（う（う（う（う（う（う（う（う（う（う（う（う（う（う（う（う
0x139936	12	（う（う（う（う（う（う
0x139948	4	（う（う
0x139958	10	（う（う（う（う（う
0x139968	4	（う（う
0x139970	23	（う（う（う（うまらみたまずピんふほドな（さネ
0x13999B	7	ムＵタァぱタヲ
0x1399A3	7	ムＵタァぱタヲ
0x1399AB	7	ムＵタァぱタヲ
0x1399B3	7	ムＵタァぱタヲ
0x1399BB	7	ムＵタァぱタヲ
0x1399C3	7	ムＵタァぱタヲ
0x1399CB	7	ムＵタァぱタヲ
0x1399D3	7	ムＵタァぱタヲ
0x1399DB	7	ムＵタァぱタヲ
0x1399E3	7	ムＵタァぱタヲ
0x1399EB	7	ムＵタァぱタヲ
0x139A01	8	ヴブヴとヴ顎タヲ
0x139A19	8	ヴブヴとヴ顎タヲ
0x139A39	6	なヨけつあＣ
0x139A40	10	（う（う（う（うタヲ
0x139A4B	7	ムＵタァぱタヲ
0x139A53	57	ムＵタァぱ（う（う（う（う（う（う（う（う（う（う（う（う（う（う（う（う（う（う（う（う（う（う（う（う（う（う
0x139A8E	4	（う（う
0x139AA8	4	（う（う
0x139AAE	4	（う（う
0x139AB6	4	（う（う
0x139AD6	4	（う（う
0x139AF6	4	（う（う
0x139B08	38	（う（う（う（う（う（う（う（う（う（う（う（う（う（う（う（う（う（う（う
0x139B36	12	（う（う（う（う（う（う
0x139B48	4	（う（う
0x139B58	10	（う（う（う（う（う
0x139B68	4	（う（う
0x139B70	23	（う（う（う（うまらぜたまずピんふほドな（さネ
0x139BB1	12	ヴＭヴアヴ○ア／くＯえヂ
0x139BC0	5	／くＯえヂ
0x139BC8	5	／くＯえヂ
0x139C01	12	ヴＭヴアヴ○ア／くＯえヂ
0x139C19	12	ヴＭヴアヴ○ア／くＯえヂ
0x139C51	75	ヴＭヴアヴ○ア（う（う（う（う（う（う（う（う（う（う（う（う（う（う（う（う（う（う（う（う（う（う（う（う（う（う（う（う（う（う（う（う（う（う
0x139C9E	8	（う（う（う（う
0x139CA8	4	（う（う
0x139CAE	8	（う（う（う（う
0x139CB8	4	（う（う
0x139CBE	8	（う（う（う（う
0x139CC8	4	（う（う
0x139CCE	8	（う（う（う（う
0x139CD8	4	（う（う
0x139CEC	28	（う（う（う（う（う（う（う（う（う（う（う（う（う（う
0x139D0C	40	（う（う（う（う（う（う（う（う（う（う（う（う（う（う（う（う（う（う（う（う
0x139D38	8	（う（う（う（う
0x139D42	12	（う（う（う（う（う（う
0x139D58	8	（う（う（う（う
0x139D62	18	（う（う（う（う（う（う（う（う（う
0x139D78	15	まらぜたまずピんふほドな（さネ
0x139DB1	12	ヴＭヴアヴ○ア／くＯえヂ
0x139DC0	5	／くＯえヂ
0x139DC8	5	／くＯえヂ
0x139E01	12	ヴＭヴアヴ○ア／くＯえヂ
0x139E19	12	ヴＭヴアヴ○ア／くＯえヂ
0x139E39	6	なヨけつあＣ
0x139E51	57	ヴＭヴアヴ○ア（う（う（う（う（う（う（う（う（う（う（う（う（う（う（う（う（う（う（う（う（う（う（う（う（う
0x139E98	8	（う（う（う（う
0x139EA2	16	（う（う（う（う（う（う（う（う
0x139EB4	4	（う（う
0x139EBC	6	（う（う（う
0x139EC4	20	（う（う（う（う（う（う（う（う（う（う
0x139EE4	10	（う（う（う（う（う
0x139EF8	6	（う（う（う
0x139F08	44	（う（う（う（う（う（う（う（う（う（う（う（う（う（う（う（う（う（う（う（う（う（う
0x139F38	8	（う（う（う（う
0x139F42	12	（う（う（う（う（う（う
0x139F58	8	（う（う（う（う
0x139F62	18	（う（う（う（う（う（う（う（う（う
0x139F78	15	まらみくまずピんふほドな（さネ
0x13A051	75	ヴＭヴアヴけコ（う（う（う（う（う（う（う（う（う（う（う（う（う（う（う（う（う（う（う（う（う（う（う（う（う（う（う（う（う（う（う（う（う（う
0x13A09E	8	（う（う（う（う
0x13A0A8	4	（う（う
0x13A0AE	8	（う（う（う（う
0x13A0B8	4	（う（う
0x13A0BE	8	（う（う（う（う
0x13A0C8	4	（う（う
0x13A0CE	8	（う（う（う（う
0x13A0D8	4	（う（う
0x13A0EC	28	（う（う（う（う（う（う（う（う（う（う（う（う（う（う
0x13A10C	34	（う（う（う（う（う（う（う（う（う（う（う（う（う（う（う（う（う
0x13A136	12	（う（う（う（う（う（う
0x13A148	4	（う（う
0x13A158	10	（う（う（う（う（う
0x13A168	4	（う（う
0x13A170	23	（う（う（う（うまらみくまずピんふほドな（さネ
0x13A198	37	ＴマずキＳだはれＴマずキＳだはれＴマずキＳだはれＴマずキＳだはれ／くＯえヂ
0x13A1C0	5	／くＯえヂ
0x13A1C8	5	／くＯえヂ
0x13A1F9	20	ヴＭヴアヴけコるン３ユめノィエ／くＯえヂ
0x13A219	12	ヴＭヴアヴけコ／くＯえヂ
0x13A239	6	なヨけつあＣ
0x13A249	65	ヴＭヴアヴけコるン３ユめノィエ（う（う（う（う（う（う（う（う（う（う（う（う（う（う（う（う（う（う（う（う（う（う（う（う（う
0x13A298	8	（う（う（う（う
0x13A2A2	16	（う（う（う（う（う（う（う（う
0x13A2B4	4	（う（う
0x13A2BC	6	（う（う（う
0x13A2C4	20	（う（う（う（う（う（う（う（う（う（う
0x13A2E4	10	（う（う（う（う（う
0x13A2F8	6	（う（う（う
0x13A308	38	（う（う（う（う（う（う（う（う（う（う（う（う（う（う（う（う（う（う（う
0x13A336	12	（う（う（う（う（う（う
0x13A348	4	（う（う
0x13A358	10	（う（う（う（う（う
0x13A368	4	（う（う
0x13A370	23	（う（う（う（うまらみくまずピんふほドな（さネ
0x13A439	6	なヨけつあＣ
0x13A451	59	ヴＭヴアヴ７ぴ（う（う（う（う（う（う（う（う（う（う（う（う（う（う（う（う（う（う（う（う（う（う（う（う（う（う
0x13A490	6	（う（う（う
0x13A498	8	（う（う（う（う
0x13A4A2	4	（う（う
0x13A4A8	12	（う（う（う（う（う（う
0x13A4B6	4	（う（う
0x13A4C4	16	（う（う（う（う（う（う（う（う
0x13A4D6	10	（う（う（う（う（う
0x13A4E2	4	（う（う
0x13A4E8	4	（う（う
0x13A4F0	6	（う（う（う
0x13A4F8	54	（う（う（う（う（う（う（う（う（う（う（う（う（う（う（う（う（う（う（う（う（う（う（う（う（う（う（う
0x13A536	12	（う（う（う（う（う（う
0x13A548	4	（う（う
0x13A558	10	（う（う（う（う（う
0x13A568	4	（う（う
0x13A570	23	（う（う（う（うまらみくまずピんふほドな（さネ
0x13A598	37	ＷヲぞムＵタァぱＷヲぞムＵタァぱＷヲぞムＵタァぱＷヲぞムＵタァぱ／くＯえヂ
0x13A5C0	5	／くＯえヂ
0x13A651	72	ヴＭヴアヴ顎（う（う（う（う（う（う（う（う（う（う（う（う（う（う（う（う（う（う（う（う（う（う（う（う（う（う（う（う（う（う（う（う（う
0x13A69C	4	（う（う
0x13A6A6	4	（う（う
0x13A6B0	6	（う（う（う
0x13A6BE	8	（う（う（う（う
0x13A6C8	14	（う（う（う（う（う（う（う
0x13A6D8	14	（う（う（う（う（う（う（う
0x13A6E8	4	（う（う
0x13A6F6	6	（う（う（う
0x13A6FE	14	（う（う（う（う（う（う（う
0x13A70E	32	（う（う（う（う（う（う（う（う（う（う（う（う（う（う（う（う
0x13A736	12	（う（う（う（う（う（う
0x13A748	4	（う（う
0x13A758	10	（う（う（う（う（う
0x13A768	4	（う（う
0x13A770	23	（う（う（う（うまらぜえまずピんふほドな（さネ
0x13A839	6	なヨけつあＣ
0x13A851	57	キンぢ❤んＩな（う（う（う（う（う（う（う（う（う（う（う（う（う（う（う（う（う（う（う（う（う（う（う（う（う
0x13A898	8	（う（う（う（う
0x13A8A2	16	（う（う（う（う（う（う（う（う
0x13A8B4	4	（う（う
0x13A8BC	6	（う（う（う
0x13A8C4	12	（う（う（う（う（う（う
0x13A8D2	4	（う（う
0x13A8DC	4	（う（う
0x13A8E6	8	（う（う（う（う
0x13A8F4	12	（う（う（う（う（う（う
0x13A906	10	（う（う（う（う（う
0x13A912	4	（う（う
0x13A918	22	（う（う（う（う（う（う（う（う（う（う（う
0x13A936	12	（う（う（う（う（う（う
0x13A948	4	（う（う
0x13A958	10	（う（う（う（う（う
0x13A968	4	（う（う
0x13A970	23	（う（う（う（うまらみくまずピんふほドな（さネ
0x13AA39	6	なヨけつあＣ
0x13AA51	61	ヴＭヴアヴけコ（う（う（う（う（う（う（う（う（う（う（う（う（う（う（う（う（う（う（う（う（う（う（う（う（う（う（う
0x13AA94	6	（う（う（う
0x13AAE8	6	（う（う（う
0x13AAF4	64	（う（う（う（う（う（う（う（う（う（う（う（う（う（う（う（う（う（う（う（う（う（う（う（う（う（う（う（う（う（う（う（う
0x13AB38	8	（う（う（う（う
0x13AB42	12	（う（う（う（う（う（う
0x13AB58	8	（う（う（う（う
0x13AB62	18	（う（う（う（う（う（う（う（う（う
0x13AB78	15	まらァくまずピんふほドな（さネ
0x13AC39	6	なヨけつあＣ
0x13AC49	64	ヴＭヴアヴ　ゥさ）かぜいペあ（う（う（う（う（う（う（う（う（う（う（う（う（う（う（う（う（う（う（う（う（う（う（う（う（う
0x13AC9C	4	（う（う
0x13ACA2	4	（う（う
0x13ACAC	4	（う（う
0x13ACB2	4	（う（う
0x13ACB8	4	（う（う
0x13ACC6	24	（う（う（う（う（う（う（う（う（う（う（う（う
0x13ACE0	4	（う（う
0x13ACE8	6	（う（う（う
0x13ACF8	8	（う（う（う（う
0x13AD02	4	（う（う
0x13AD08	38	（う（う（う（う（う（う（う（う（う（う（う（う（う（う（う（う（う（う（う
0x13AD36	12	（う（う（う（う（う（う
0x13AD48	4	（う（う
0x13AD58	10	（う（う（う（う（う
0x13AD68	4	（う（う
0x13AD70	11	（う（う（う（うまらば
0x13AD7C	11	まずピんふほドな（さネ
0x13ADB1	12	もソひＴにブお／くＯえヂ
0x13ADC0	5	／くＯえヂ
0x13ADC8	5	／くＯえヂ
0x13ADF9	20	ヴＭヴアヴガぞＴむワながすＫく／くＯえヂ
0x13AE19	12	ヴＭヴアヴガぞ／くＯえヂ
0x13AE49	75	ヴＭヴアヴガぞＴむワながすＫく（う（う（う（う（う（う（う（う（う（う（う（う（う（う（う（う（う（う（う（う（う（う（う（う（う（う（う（う（う（う
0x13AE96	4	（う（う
0x13AE9C	6	（う（う（う
0x13AEB2	8	（う（う（う（う
0x13AEBC	14	（う（う（う（う（う（う（う
0x13AECC	4	（う（う
0x13AEDE	4	（う（う
0x13AEEC	6	（う（う（う
0x13AEF8	54	（う（う（う（う（う（う（う（う（う（う（う（う（う（う（う（う（う（う（う（う（う（う（う（う（う（う（う
0x13AF36	12	（う（う（う（う（う（う
0x13AF48	4	（う（う
0x13AF58	10	（う（う（う（う（う
0x13AF68	4	（う（う
0x13AF70	23	（う（う（う（うまらみくまずピんふほドな（さネ
0x13B019	12	ヴＮヴウヴ５オ／くブえオ
0x13B039	6	なヨけつあＣ
0x13B040	78	（う（う（う（うヴぴ❤がケやちたヴぴ❤がケやちた（う（う（う（う（う（う（う（う（う（う（う（う（う（う（う（う（う（う（う（う（う（う（う（う（う（う（う
0x13B090	10	（う（う（う（う（う
0x13B0A0	6	（う（う（う
0x13B0B0	6	（う（う（う
0x13B0C6	8	（う（う（う（う
0x13B0D0	8	（う（う（う（う
0x13B0E0	14	（う（う（う（う（う（う（う
0x13B0F0	8	（う（う（う（う
0x13B0FC	56	（う（う（う（う（う（う（う（う（う（う（う（う（う（う（う（う（う（う（う（う（う（う（う（う（う（う（う（う
0x13B138	8	（う（う（う（う
0x13B142	12	（う（う（う（う（う（う
0x13B158	8	（う（う（う（う
0x13B162	18	（う（う（う（う（う（う（う（う（う
0x13B178	15	まらみくまずピんふほドな（さネ
0x13B239	6	なヨけつあＣ
0x13B251	61	ヴＮヴモヴョア（う（う（う（う（う（う（う（う（う（う（う（う（う（う（う（う（う（う（う（う（う（う（う（う（う（う（う
0x13B290	10	（う（う（う（う（う
0x13B2A0	6	（う（う（う
0x13B2B0	6	（う（う（う
0x13B2C6	8	（う（う（う（う
0x13B2D0	8	（う（う（う（う
0x13B2E0	14	（う（う（う（う（う（う（う
0x13B2F0	8	（う（う（う（う
0x13B2FC	50	（う（う（う（う（う（う（う（う（う（う（う（う（う（う（う（う（う（う（う（う（う（う（う（う（う
0x13B336	12	（う（う（う（う（う（う
0x13B348	4	（う（う
0x13B358	10	（う（う（う（う（う
0x13B368	4	（う（う
0x13B370	23	（う（う（う（うまらみくまずピんふほドな（さネ
0x13B398	5	　づヴペン
0x13B39F	6	ヨ　づヴペン
0x13B3A7	6	ヨ　づヴペン
0x13B3AF	6	ヨ　づヴペン
0x13B3B7	6	ヨ　づヴペン
0x13B3BF	6	ヨ　づヴペン
0x13B3C7	6	ヨ　づヴペン
0x13B401	11	ヴＭヴアヴ　　づヴペン
0x13B419	11	ヴＭヴアヴ　　づヴペン
0x13B439	6	なヨけつあＣ
0x13B451	72	ヴＭヴアヴ　（う（う（う（う（う（う（う（う（う（う（う（う（う（う（う（う（う（う（う（う（う（う（う（う（う（う（う（う（う（う（う（う（う
0x13B4A0	4	（う（う
0x13B4A6	4	（う（う
0x13B4B4	4	（う（う
0x13B4CA	4	（う（う
0x13B4D4	6	（う（う（う
0x13B4EC	10	（う（う（う（う（う
0x13B508	38	（う（う（う（う（う（う（う（う（う（う（う（う（う（う（う（う（う（う（う
0x13B536	12	（う（う（う（う（う（う
0x13B548	4	（う（う
0x13B558	10	（う（う（う（う（う
0x13B568	4	（う（う
0x13B570	23	（う（う（う（うまらぜえまずピんふほドな（さネ
0x13B5F5	23	あ煩いてィせみこタけいてィせみこタけ／くブえオ
0x13B619	12	ヴＮヴウヴ４ス／くブえオ
0x13B639	6	なヨけつあＣ
0x13B655	70	あ煩（う（う（う（う（う（う（う（う（う（う（う（う（う（う（う（う（う（う（う（う（う（う（う（う（う（う（う（う（う（う（う（う（う（う
0x13B69E	6	（う（う（う
0x13B6A8	4	（う（う
0x13B6B4	8	（う（う（う（う
0x13B6BE	10	（う（う（う（う（う
0x13B6D8	4	（う（う
0x13B6DE	14	（う（う（う（う（う（う（う
0x13B6F4	8	（う（う（う（う
0x13B6FE	6	（う（う（う
0x13B708	38	（う（う（う（う（う（う（う（う（う（う（う（う（う（う（う（う（う（う（う
0x13B736	12	（う（う（う（う（う（う
0x13B748	4	（う（う
0x13B758	10	（う（う（う（う（う
0x13B768	4	（う（う
0x13B770	23	（う（う（う（うまらみくまずピんふほドな（さネ
0x13B839	6	なヨけつあＣ
0x13B840	88	（う（う（う（うぎヌヂイ嫡べるぎヌヂイ嫡べる（う（う（う（う（う（う（う（う（う（う（う（う（う（う（う（う（う（う（う（う（う（う（う（う（う（う（う（う（う（う（う（う（う
0x13B8A6	10	（う（う（う（う（う
0x13B8B2	4	（う（う
0x13B8B8	8	（う（う（う（う
0x13B8C2	4	（う（う
0x13B8C8	8	（う（う（う（う
0x13B8D2	4	（う（う
0x13B8D8	8	（う（う（う（う
0x13B8E2	4	（う（う
0x13B8EC	4	（う（う
0x13B8F2	4	（う（う
0x13B8F8	16	（う（う（う（う（う（う（う（う
0x13B90C	34	（う（う（う（う（う（う（う（う（う（う（う（う（う（う（う（う（う
0x13B936	12	（う（う（う（う（う（う
0x13B948	4	（う（う
0x13B958	10	（う（う（う（う（う
0x13B968	4	（う（う
0x13B970	11	（う（う（う（うまらゆ
0x13B97C	11	まずピんふほドな（さネ
0x13B998	39	ふキビじにれアなふキビじにれアなふキビじにれアなふキビじにれアなリあっあちあＢ
0x13B9C0	7	リあっあちあＢ
0x13B9C8	7	リあっあちあＢ
0x13BA19	14	ヴＮヴウヴギゃリあっあちあＢ
0x13BA39	6	なヨけつあＣ
0x13BA40	106	（う（う（う（うふキビじにれアなふキビじにれアな（う（う（う（う（う（う（う（う（う（う（う（う（う（う（う（う（う（う（う（う（う（う（う（う（う（う（う（う（う（う（う（う（う（う（う（う（う（う（う（う（う
0x13BAAC	10	（う（う（う（う（う
0x13BABC	10	（う（う（う（う（う
0x13BACC	10	（う（う（う（う（う
0x13BADC	10	（う（う（う（う（う
0x13BAEC	10	（う（う（う（う（う
0x13BB08	40	（う（う（う（う（う（う（う（う（う（う（う（う（う（う（う（う（う（う（う（う
0x13BB38	8	（う（う（う（う
0x13BB42	12	（う（う（う（う（う（う
0x13BB58	8	（う（う（う（う
0x13BB62	14	（う（う（う（う（う（う（う
0x13BB78	15	まらいくまずピんふほドな（さネ
0x13BC39	6	なヨけつあＣ
0x13BC40	106	（う（う（う（うぎヲＨミぷトこエぎヲＨミぷトこエ（う（う（う（う（う（う（う（う（う（う（う（う（う（う（う（う（う（う（う（う（う（う（う（う（う（う（う（う（う（う（う（う（う（う（う（う（う（う（う（う（う
0x13BCAC	10	（う（う（う（う（う
0x13BCBC	10	（う（う（う（う（う
0x13BCCC	10	（う（う（う（う（う
0x13BCDC	10	（う（う（う（う（う
0x13BCEC	10	（う（う（う（う（う
0x13BD08	38	（う（う（う（う（う（う（う（う（う（う（う（う（う（う（う（う（う（う（う
0x13BD36	12	（う（う（う（う（う（う
0x13BD48	4	（う（う
0x13BD58	10	（う（う（う（う（う
0x13BD68	4	（う（う
0x13BD70	23	（う（う（う（うまらみくまずピんふほドな（さネ
0x13BD98	15	ヒをくむ３とテしＴうベいドあ↓
0x13BDA8	15	ヒをくむ３とテしＴうベいドあ↓
0x13BDB8	7	Ｔうベいドあ↓
0x13BDC0	7	Ｔうベいドあ↓
0x13BDC8	15	ヒをくむ♂ねォたＴうベいドあ↓
0x13BDD8	7	Ｔうベいドあ↓
0x13BDE0	7	Ｔうベいドあ↓
0x13BDE8	23	ヒをくむ３とテしヒをくむ３とテしＴうベいドあ↓
0x13BE00	13	ヒをくむ３とテし／くＯえヂ
0x13BE39	6	なヨけつあＣ
0x13BE40	15	（う（う（う（うＴうベいドあ↓
0x13BE50	76	ヒをくむ３とテし（う（う（う（う（う（う（う（う（う（う（う（う（う（う（う（う（う（う（う（う（う（う（う（う（う（う（う（う（う（う（う（う（う（う
0x13BE9E	4	（う（う
0x13BEA4	8	（う（う（う（う
0x13BEAE	4	（う（う
0x13BEB4	8	（う（う（う（う
0x13BEBE	4	（う（う
0x13BEC4	6	（う（う（う
0x13BED8	4	（う（う
0x13BEDE	4	（う（う
0x13BEE4	8	（う（う（う（う
0x13BEEE	4	（う（う
0x13BEF4	8	（う（う（う（う
0x13BEFE	4	（う（う
0x13BF04	44	（う（う（う（う（う（う（う（う（う（う（う（う（う（う（う（う（う（う（う（う（う（う
0x13BF38	8	（う（う（う（う
0x13BF42	12	（う（う（う（う（う（う
0x13BF58	8	（う（う（う（う
0x13BF62	14	（う（う（う（う（う（う（う
0x13BF78	15	まらみくまずピんふほドな（さネ
0x13C001	12	ヴＮヴウヴ６ア／くＯえヂ
0x13C039	6	なヨけつあＣ
0x13C055	71	あケあ（う（う（う（う（う（う（う（う（う（う（う（う（う（う（う（う（う（う（う（う（う（う（う（う（う（う（う（う（う（う（う（う（う（う
0x13C09E	4	（う（う
0x13C0A4	8	（う（う（う（う
0x13C0AE	4	（う（う
0x13C0B4	8	（う（う（う（う
0x13C0BE	4	（う（う
0x13C0C4	6	（う（う（う
0x13C0D8	4	（う（う
0x13C0DE	4	（う（う
0x13C0E4	8	（う（う（う（う
0x13C0EE	4	（う（う
0x13C0F4	8	（う（う（う（う
0x13C0FE	4	（う（う
0x13C104	42	（う（う（う（う（う（う（う（う（う（う（う（う（う（う（う（う（う（う（う（う（う
0x13C136	12	（う（う（う（う（う（う
0x13C148	4	（う（う
0x13C158	10	（う（う（う（う（う
0x13C168	4	（う（う
0x13C170	11	（う（う（う（うまらも
0x13C17C	11	まずピんふほドな（さネ
0x13C198	5	／くＯえヂ
0x13C1A0	5	／くＯえヂ
0x13C1A8	5	／くＯえヂ
0x13C1B0	5	／くＯえヂ
0x13C1C9	12	ヴＭヴアヴくハ／くＯえヂ
0x13C1D8	5	／くＯえヂ
0x13C1E0	5	／くＯえヂ
0x13C1E8	5	／くＯえヂ
0x13C1F0	5	／くＯえヂ
0x13C1F8	5	／くＯえヂ
0x13C200	5	／くＯえヂ
0x13C219	11	ヴＭヴアヴ尭／くＯえヂ
0x13C239	6	なヨけつあＣ
0x13C240	13	（う（う（う（う／くＯえヂ
0x13C250	5	／くＯえヂ
0x13C258	50	（う（う（う（う（う（う（う（う（う（う（う（う（う（う（う（う（う（う（う（う（う（う（う（う（う
0x13C28C	4	（う（う
0x13C296	6	（う（う（う
0x13C2B6	20	（う（う（う（う（う（う（う（う（う（う
0x13C2CC	4	（う（う
0x13C2D2	4	（う（う
0x13C2EC	4	（う（う
0x13C2F2	4	（う（う
0x13C2FC	4	（う（う
0x13C302	4	（う（う
0x13C308	40	（う（う（う（う（う（う（う（う（う（う（う（う（う（う（う（う（う（う（う（う
0x13C338	8	（う（う（う（う
0x13C342	12	（う（う（う（う（う（う
0x13C358	8	（う（う（う（う
0x13C362	14	（う（う（う（う（う（う（う
0x13C378	15	まらむえまずピんふほドな（さネ
0x13C439	6	なヨけつあＣ
0x13C440	88	（う（う（う（うDイべＢゃくむDイべＢゃくむ（う（う（う（う（う（う（う（う（う（う（う（う（う（う（う（う（う（う（う（う（う（う（う（う（う（う（う（う（う（う（う（う（う
0x13C4A8	6	（う（う（う
0x13C4B0	16	（う（う（う（う（う（う（う（う
0x13C4C2	16	（う（う（う（う（う（う（う（う
0x13C4D4	12	（う（う（う（う（う（う
0x13C4E2	12	（う（う（う（う（う（う
0x13C4F0	10	（う（う（う（う（う
0x13C508	40	（う（う（う（う（う（う（う（う（う（う（う（う（う（う（う（う（う（う（う（う
0x13C538	8	（う（う（う（う
0x13C542	12	（う（う（う（う（う（う
0x13C558	8	（う（う（う（う
0x13C562	14	（う（う（う（う（う（う（う
0x13C651	107	ヴコヒＪカヒを（う（う（う（う（う（う（う（う（う（う（う（う（う（う（う（う（う（う（う（う（う（う（う（う（う（う（う（う（う（う（う（う（う（う（う（う（う（う（う（う（う（う（う（う（う（う（う（う（う（う
0x13C6BE	4	（う（う
0x13C6C4	8	（う（う（う（う
0x13C6CE	4	（う（う
0x13C6D4	4	（う（う
0x13C6E8	4	（う（う
0x13C6EE	4	（う（う
0x13C6F4	8	（う（う（う（う
0x13C6FE	4	（う（う
0x13C704	12	（う（う（う（う（う（う
0x13C718	10	（う（う（う（う（う
0x13C724	14	（う（う（う（う（う（う（う
0x13C921	118	ゾといぽドといごドといしブといＩヂといヤダといゲバといしブとい」ヂといしブといづダといヂダといリドといしブといＹヂといシダといＩドといしブとい２バといしブといエヂといミゾといＹダといやヂといトヂとい㎞ダとい㎞ドといタゾとい赦といしブとい
0x13C999	231	ドといしブといヤバといしブとい㎞ヂといしブとい→ドといしブといヂヂといしブとい２ヂといしブといえヅといしブといしブといしブといしブといしブといしブといしブといしブといしブといしブといしブといしブといしブといしブといしブといしブといしブといしブといしブといしブといしブといしブといしブといしブといしブといしブといしブといしブといしブといしブといしブといミヅといがダといとヅといョゾといがデといネゾといやデとい◎ゾとい」ヅとい６ゾといＹデといＵゾといやヅといァゾとい
0x13CE90	10	おえういあくきか変　
0x13CF18	6	コントロール
0x13CF3C	5	ミート＋１
0x13CF54	5	ミート＋１
0x13CF74	5	ミート＋１
0x13CFB4	5	ミート＋１
0x13CFC4	5	ミート＋２
0x13CFE4	8	ランナーの走力が
0x13D004	5	ミート＋２
0x13D014	5	ミートー１
0x13D024	7	打者のパワーを
0x13D0B4	11	追いつめられて、ミート
0x13D0E5	7	ュ手の変　球を
0x13D104	7	元気なアイツに
0x13D129	4	は速ー２
0x13D13D	4	は速ー１
0x13D165	4	は速ー２
0x13D1A1	4	は速ー２
0x13D1DD	4	は速ー１
0x13D22C	12	打たれ強く、動揺しにくい
0x13D240	7	打球がよく飛ぶ
0x13D290	5	ミート＋１
0x13D2B8	8	打球が飛びにくい
0x13D330	5	ミートー１
0x13D344	5	ミートー１
0x13D358	4	満塁だと
0x13D35F	5	ミート＋１
0x13D380	7	低めに投げれば
0x13D3F4	17	頭に血が昇って、コントロールー１０
0x13D48E	5	ミート＋１
0x13D4A1	9	ベに強く、球速＋２
0x13D4BA	10	打者に弱く、球速ー２
0x13D4D4	37	ぁどモだノホぁホノモネノヒチラチぁオぽぁマミがソヒルユハルマソぃゅんツノホ
0x13D4FC	37	ぁどモだノホぁホノモネノヒチラチぁオぽぁマミがソヒルユハルマソぃぇんツノホ
0x13D524	37	ぁどモだノホぁホノモネノヒチラチぁオぽぁマミがソヒルユハルマソぃっんツノホ
0x13D54C	37	ぁどモだノホぁホノモネノヒチラチぁオぽぁマミがソヒルユハルマソぃぅんツノホ
0x13D574	37	ぁどモだノホぁホノモネノヒチラチぁオぽぁマミがソヒルユハルマソぃゃんツノホ
0x13D59C	37	ぁどモだノホぁホノモネノヒチラチぁオぽぁマミがソヒルユハルマソぃぉんツノホ
0x13D5C4	37	ぁどモだノホぁホノモネノヒチラチぁオぽぁマミぎソヒルユハルマソぃぃんツノホ
0x13D628	37	せそたちつてとなにぬねのはひふへほまみむめもやゆよらりるれろわのはゆべぼぱ
0x13D65A	25	をんぁぃぅぇとぉっゃゅょがぎぐげござじずぜぞだぢづ
0x13D682	7	とでどばびぶで
0x13D68D	36	あいうえおかきくけこさしすせそたちつてとなにぬねのはひふへほさしぬざじず
0x13D6BE	25	まみむめもやかゆよらりるれろわをんぁぃぅぇぉっゃゅ
0x13D6E6	7	かょがぎぐげょ
0x13D6F1	161	あいうえおかきくけこさしすせそたちつてとなにぬねのはひふへほまみむめもやゆよらりるれろわをばびぶべぼぱぽぴぷぺんぁぃぅぇぉっゃゅょがぎぐげござじずぜぞだぢづでどフヘホマミムメモヤユイウエオカキクケコサシスセソタチツテトナニヌネノハヒアヨラリルレロぁどモだノホぁホノモネノヒチラチぁオぽぁマミぎソネマヘナメユホソヨリんツノホ
0x13D794	35	ぁどモだノホぁホノモネノヒチラチぁオぽぁマミぎソネマヘナメユホんツノホ
0x13D7B8	38	ぁどモだノホぁホノモネノヒチラチぁオぽぁマミぎソぇトテチヘミソヨぃぃんツノホ
0x13D7E0	32	ぁどモだノホぁホノモネノヒチラチぁオぽぁマミぎソぇトソヨんツノホ
0x13D804	32	ぁどモだノホぁホノモネノヒチラチぁオぽぁマミぎソぇトソヨんツノホ
0x13D828	36	ぁどモだノホぁホノモネノヒチラチぁオぽぁマミぎソモマユモチソぃぃんツノホ
0x13D850	36	ぁどモだノホぁホノモネノヒチラチぁオぽぁマミぎソモマユモチソぃぅんツノホ
0x13D878	36	ぁどモだノホぁホノモネノヒチラチぁオぽぁマミぎソモマユモチソぃぇんツノホ
0x13D8A0	36	ぁどモだノホぁホノモネノヒチラチぁオぽぁマミぎソモマユモチソぃぇんツノホ
0x13D8C8	47	ぁどモだノホぁホノモネノヒチラチぁオぽぁニミぎソヌチヘナソチツノフノヤルソユソぃぃソヨんツノホ
0x13D8F8	47	ぁどモだノホぁホノモネノヒチラチぁオぽぁニミぎソヌチヘナソチツノフノヤルソユソぃぃソヨんツノホ
0x13D928	47	ぁどモだノホぁホノモネノヒチラチぁオぽぁニミぎソヌチヘナソチツノフノヤルソユソぅぃソトんツノホ
0x13D958	47	ぁどモだノホぁホノモネノヒチラチぁオぽぁニミぎソヌチヘナソチツノフノヤルソユソぅぃソトんツノホ
0x13D988	45	ぁどモだノホぁホノモネノヒチラチぁオぽぁニミぎソヌチヘナソチツノフノヤルソぃぃソヨんツノホ
0x13D9B8	45	ぁどモだノホぁホノモネノヒチラチぁオぽぁニミぎソヌチヘナソチツノフノヤルソぃぃソヨんツノホ
0x13D9E8	45	ぁどモだノホぁホノモネノヒチラチぁオぽぁニミぎソヌチヘナソチツノフノヤルソぃぃソヨんツノホ
0x13DA18	8	くりないっりない
0x13DA28	4	ミＺひい
0x13DA30	12	フパひいトズひいペＬひい
0x13DAA5	98	ジひいえＬひいぃヒひい」ズひいくＺひいネＫひいごピひいぃズひいがＬひいトヒひいワズひいワＹひい❤Ｊひい　ひい。ジひいァＫひいぱハひいぽズひい６ＹひいくＫひいとパひいリジひいＡＫひい。ハひいミゼひい
0x13DB10	4	くピひい
0x13DB20	28	６ズひいぽＹひいＥＪひいぜパひい２ジひい！Ｋひいリハひい
0x13DC28	4	がピとい
0x13DC54	4	がピとい
0x13DC88	4	２ペとい
0x13DCAC	9	ヤナモヤフマホヌぃ
0x13DCB8	9	ヤナモヤフマホヌぇ
0x13DCC4	20	ぽチメヤモソヤチツフナソマミがソフマホヌ
0x13DE95	4	～ふいあ
0x13DEB4	29	◎０といＵ０とい→０とい。０といＹ０といＱ０といＭ０といあ
0x13DED4	13	く２といっノみい◎ネみいあ
0x13DEF5	20	ハみい（ネみいＩハみいヤネみいペノみいあ
0x13DF0C	5	！１といり
0x13DF20	8	くネみい次みいあ
0x13DF2C	13	ぽ２といヤヒみいぜノみいあ
0x13DF3C	13	づ２とい！ハみいＵハみいあ
0x13DF4D	12	１といがヒみいみヒみいあ
0x13DF5C	8	→１といＵＷとい
0x13DF68	9	たノみいえノみいろ
0x13DF80	7	廃といト責いあ
0x13DF8C	8	び１といヂ責いあ
0x13DF98	8	ク１といシ責いあ
0x13DFA4	7	ネ１といリ責い
0x13DFB0	5	ペ「といタ
0x13DFBC	6	ト）とい６あ
0x13DFC8	8	り１といＭ責いあ
0x13DFD5	6	１といォ責い
0x13DFE1	4	」といタ
0x13DFEC	5	タ」といタ
0x13E004	6	し￥とい６あ
0x13E010	8	リ１といフ責いお
0x13E028	5	み＋といタ
0x13E034	6	Ｉ㎞とい６あ
0x13E059	7	ヴつゅみＳとい
0x13E06C	4	リＯとい
0x13E07C	20	２ぁまいえぼまいＱがまい（がまいびＲとい
0x13E09C	4	ＩＲとい
0x13E0AC	39	しハみいくヒみいヤネみいペノみい匂みい６ヌみいわヒみいづヒみいワとセしじくまえ
0x13E105	11	ヌみい」ネみいやＲとい
0x13E11C	4	ズＲとい
0x13E139	23	ヴつゅエヌみいりフみいァネみいりフみいフＲとい
0x13E1BC	36	エヌみいりフみいァネみいりフみいＭノみいＥネみいとネみいがネみいボＯとい
0x13E1EC	4	ＵＯとい
0x13E1FC	4	㎞Ｏとい
0x13E20C	22	！ヌみいぃハみいズヌみいぃハみいテしむえむえ
0x13E22C	4	ヂＱとい
0x13E269	52	ヴつゅォヌみいやハみいＱネみいやハみいＹノみい。ノみい→ヌみい。ノみいづヒみいふノみいびヌみいふノみいば
0x13E38C	68	クノみいたフみいぜフみい❤ノみいクフみいぽぞまいぱをまいぜをまいＱぞまいやっまいえれまいワだまいＡだまいフりまいＹだまいヂだまいりれまい
0x13E4A5	51	ぢまいたれまいエっまいぜだまいトをまいワをまいふだまい（ぁまい（ぁまいしぱまいっぃまいヂぎまいシぴまい
0x13E4D9	168	ぢまいＡらまいねぢまいエぢまい徳まいフぢまい◎わまい◎わまい」わまいネぞまい暫まいびっまいワびまい（べまいがぁまいふぼまいごぶまいえぎまい２ぴまい２ぴまいクれまいクれまいＭらまいボどまい」ぴまい」ぴまいぜぷまいねぺまいペぷまいペぷまい→んまいくべまいＥばまい❤らまいふびまい（べまいぃぜまいぃぜまいＡぉまいＡぉまいくぞまいョをまいズＧく
0x13E5B0	28	ぱらまいぱらまいＹぉまいＹぉまいわぞまいＩっまいフＲとい
0x13E5D0	4	くＰとい
0x13E5E0	4	ズＲとい
0x13E5E8	4	わＰとい
0x13E5F8	8	ワぃまいワぃまい
0x13E6CD	52	べまいゲゃまいみづまいしんまいがづまい２ゃまいァゃまいトれまいぜでまい◎ゃまいトでまいぃんまいボりまいぇ
0x13E756	4	ーコるゆ
0x13E78E	4	ーコるゆ
0x13E7E2	4	ーコるゆ
0x13E7FE	4	ーコるゆ
0x13E818	29	わネみいＥヒみいＩヌみいっフみいシネみいっフみいシネみいく
0x13E86E	4	ーコるゆ
0x13E88A	4	ーコるゆ
0x13E931	41	オまい内まいねオまいやオまいわじまいやオまいァわまいごりまいフオまいごりまい　みい
0x13E978	59	ふゅまいタどまいたゅまいエどまいふゅまいタどまいりゅまいヂゅまい脛みいびハみい㎞ヌみいごハみいバネみいねハみいゲネみい
0x13EAB8	40	わカまいＥじまいづカまいＥじまいヤカまい」じまいゲカまい」じまい！ぐまいボろまい
0x13EAE1	22	ぺまい。ぷまいしぺまい❤ぷまい毒まい。ぷまい
0x13EB17	5	コりＱとい
0x13EB20	4	えＱとい
0x13EB28	4	！Ｒとい
0x13EB38	4	ＭＱとい
0x13EB40	4	❤Ｑとい
0x13EBE9	16	ぇまいヂキまいミキまいＡキまいえ
0x13EC18	97	フっまい６っまいタっまいふれまいフっまい６っまいミをまいヂをまいりだまいペだまいえだまいョだまいりだまいペだまいっだまいＭだまいＭずまい」るまいＱるまいワぉまいＭずまい」るまい。ずまいヂぉまいあ
0x13ED4D	14	ぜまいＵぜまい酸まい❤キまい
0x13ED5D	14	ぜまい。キまい　まい❤キまい
0x13EFED	73	がまいねろまいクぼまい㎞ぱまいァぴまいＡぎまいぱぃまい㎞ぱまいァぴまい　まいごぐまい　まい」ばまいＭゅまい２ばまい　まい」ばまいＵりまいタょまいえ
0x13F059	15	ょまいエょまい。ゅまいごょまい
0x13F0A1	55	りまいねぱまいＭぼまいびぱまい❤ぼまいペぎまいズぶまいやろまいくがまいバぁまいズぶまいやろまい→ぶまい」がまい
0x13F0F2	101	むナゥヲにヴっをまいミれまい炬まいやんまいっをまいミれまいしっまいぱでまいョぃまいみげまいえぷまいごぺまいョぃまいみげまいズろまいづげまいぱぷまいズぺまいたぷまいエぺまいぱぷまいズぺまいっらまい瀉まいあ
0x13F1DC	296	拓拓拓拓拓拓拓拓拓拓拓拓××××ＡエまいＥわまいクエまい２わまいＡエまいＥわまいしオまい刺まい。エまいえずまいワエまいバカまい。エまいえずまいぃオまいフイまいＡごまい鴇まいやイまい㎞ぅまいＡごまい鴇まいボイまいづわまいリイまいバウまいペごまいござまいリイまいバウまいヤるまいＱウまい㎞ぱまいシゃまいＡぎまいＹごまい㎞ぱまいシゃまい　まいＱづまいとるまい　まいりぃまいズぐまいとるまい　まい狢まいＹでまい　まい」ばまいＭゅまい２ばまい　まい」ばまいＵりまいタょまい　まいＭをまい。だまい㎞っまい　まいＭをまい！っまいクらまい」げまいふごまいゲぽまいたアまい」げまいふごまい子まいミアまいがゃまい
0x13F31D	15	んまい６ぢまいヤゃまいがゃまい
0x13F32D	11	んまいづゃまいヤづまい
0x13F339	15	ょまいエょまい。ゅまいごょまい
0x13F418	103	ＱぴまいゲじまいみばまいォオまいＱぴまいゲじまいふエまいＥぇまいえエまいタぜまいたでまいタぜまい斯まいふでまいりでまいふでまいみぇまいぜエまいぱエまいぜエまいミエまい→ざまいョエまい→ざまいミでまい。でまい
0x13F4E9	13	ぱまい當まいォぺまい當まい
0x13F519	15	ろまい◎がまいシぁまいＥべまい
0x13F545	97	わまいワずまいしぜまいりぉまいやぜまい嗣まいねぐまいＭでまいねぐまいワでまいごぢまい㎞どまいごぢまいっアまい！ょまいりエまい！ょまいＩざまいシわまいトエまいシわまい❤エまいぽぇまい祟まいぽぇまい
0x13F5A9	174	オまいとじまいヤわまいとじまいとるまいぃぐまいりぃまいネぴまいとるまいぃぐまい狢まいミぃまいＱじまいネカまいＱぇまいネカまい◎ぇまい２カまいＥカまい２カまいぽべまいＱぁまいシがまい始まいぽべまいＱぁまいゲがまいトぼまいびオまいエオまいづじまいエオまいリオまいシじまいズオまいシじまいＵオまいァじまい！オまいァじまい２じまいバわまいみカまいバわまいみ
0x13F65C	5	がＣという
0x13F680	5	ねＤという
0x13F6A4	5	バＨという
0x13F6C8	5	ねＮという
0x13F6EC	5	シ・といか
0x13F710	4	杓といか
0x13F734	5	わ２といあ
0x13F73C	12	！０といく６といふＡとい
0x13F758	5	㎞１といあ
0x13F760	12	」０といバ６とい６Ａとい
0x13F77C	5	ボ１といあ
0x13F784	8	㎞０といみ６とい
0x13F7A0	5	Ｉ１といあ
0x13F7A8	10	　とい盃といＡ９とい
0x13F7C4	5	６１といあ
0x13F7CC	12	❤０といネ６といヤ９とい
0x13F7E8	5	ト×といか
0x13F80C	5	ト❤といか
0x13F830	4	拝といあ
0x13F838	11	勺といァ６といゲＡとい
0x13F854	5	Ｕ１といあ
0x13F85C	12	（０といバＹといゲＶとい
0x13F878	5	ト（といか
0x13F89C	5	フ２といか
0x13F8C0	5	ぱ３といか
0x13F8E4	5	ワ４といか
0x13F908	5	ト／といか
0x13F92C	5	Ａ３といか
0x13F950	4	シ救いか
0x13F974	5	Ｑ３といか
0x13F998	5	ご４といか
0x13F9BC	5	ト・といか
0x13F9E1	4	Ｊという
0x13FA05	4	Ｉという
0x13FA9D	39	ょまいえらまい潯まいしぶまいエぶまいづぁまいタぶまいやぶまいとがまいぃぶまいふ
0x13FB55	54	んまいミびまいえびまいボょまいＵぶまいヤがまいががまいシべまい！ぶまいゲぁまいづがまい撞まいぽがまいヤべまい
0x13FBDC	194	トずまい❤ずまいミずまいクぉまいヂずまいトぉまいびりまいえをまいＹずまいびぜまい」カまいクキまい詩まいぜずまいたキまいワキまいふキまいペキまいぜキまいＭキまいＩどまいりぎまいぽばまいぃぺまいぃどまい→ぺまいズざまいボぐまい沌まいボざまいみじまいァぇまいネぇまい６オまいタオまいゲわまいゲるまい→オまいぽじまい㎞オまいエりまい。ぉまいフぜまい❤ぉまいォぜまいりをまい６ぜまいみぞまいＩぜまい
0x13FD6E	4	ーコるゆ
0x13FD98	4	く♀とい
0x13FDC4	4	ご♀とい
0x13FDF0	4	ミ♀とい
0x13FE1C	4	２♀とい
0x13FE48	4	し◎とい
0x13FE74	4	！♀とい
0x13FEA0	6	りＱというァ
0x13FEB0	9	がＤといクＤといえ
0x13FECC	4	ぜ◎とい
0x13FFC5	35	ぽまいシるまいえごまいＭれまいぃょまいＹらまいＱばまいァばまい道まいあ
0x2A0000	5	♂タァ（あ
0x2A0006	7	カ￥あタペＨマ
0x2A000F	8	系あプ㎏つみペ￥
0x2A001A	23	ズ㎏きたペ）えぽズ㎏いこッ％なざ。㎏ダだみ（き
0x2A0037	45	五ふッ％Ｑぅ、）ヂちプ㎏ァみァ（ゼうＹ（１ぺォ（ォたゥ（ォむプ㎏ポそペ）ゾち♂（♂タァ（あ
0x2A0066	7	カ￥あタペＨキ
0x2A006F	8	桐あプ㎏つみペ￥
0x2A007A	27	ズ㎏クぅプ㎏えぽズ㎏きたペ）いこッ％なヘ。㎏デだみ（Ｇ
0x2A00AB	37	五ふッ％Ｍむ、）やぞプ㎏ふぅプ㎏０まペ）ヂめＺ（Ｚぽィ（ダなＷ（３ぁゥ（ァ
0x2A00D2	19	ァ（ゥたァ（ヂあ♂（ポそペ）♂タァ（あ
0x2A00E6	7	カ￥あタペＨょ
0x2A00F2	6	プ㎏つみペ￥
0x2A00FA	23	ズ㎏きたペ）えぽズ㎏いこッ％なざ。㎏ダだみ（Ｏ
0x2A011F	45	五ふッ％Ｅぇ、）Ａたプ㎏ァみァ（ゼうＹ（１ぺォ（ォたゥ（ボみプ㎏ポそペ）ゾち♂（♂タァ（あ
0x2A014E	7	カ￥あタペＨへ
0x2A0157	32	桔ズペ￥ヤぜプ㎏けミペ）いタペ￥あぽペ￥けＥペ）さペペ）さァペ）
0x2A0182	19	ュ（くたァ（いこィ％やす。㎏ぶまィ％か
0x2A01AA	11	ぽ￥あタャつあペギ％う
0x2A01BF	6	Ｏあズガ％か
0x2A01E9	6	ぢを核あプ㎏
0x2A01FE	11	。㎏あたぽ％あみペぢあ
0x2A020E	6	ア￥あみペＸ
0x2A0219	4	ェＲねご
0x2A025E	11	ョ（いこァ％やす。㎏っ
0x2A026B	24	険たヂ㎏えたゼ㎏あたガ（くたィ（いはィ％わをゼ㎏
0x2A0286	7	ゥ（わすィ㎏や
0x2A029E	10	ョ（いこァ％やす。㎏
0x2A02B3	24	険たヂ㎏えたゼ㎏あたガ（くたィ（いはィ％わをゼ㎏
0x2A02CD	4	みゥ（か
0x2A02D2	7	ペ）わをィ㎏ね
0x2A02DB	24	険たヂ㎏えたゼ㎏あたガ（くたィ（いはィ％ぃをゼ㎏
0x2A02F6	7	ゥ（ぃすィ㎏く
0x2A0303	24	険たヂ㎏えたゼ㎏あたガ（くたィ（いはィ％わをゼ㎏
0x2A031E	11	ゥ（わすィ㎏あミュ％う
0x2A0335	15	ェＲ　しい→紡いがぜを峨ぽペ）
0x2A035A	6	オ￥お覆ズフ
0x2A0383	4	沓あプ㎏
0x2A038A	7	ズ㎏くぜ。㎏タ
0x2A0393	4	具あプ㎏
0x2A039A	7	ズ㎏あぜ。㎏シ
0x2A03A3	4	近あプ㎏
0x2A03AA	7	ズ㎏けぜ。㎏ク
0x2A03B3	4	均あプ㎏
0x2A03BA	7	ズ㎏いた。㎏う
0x2A03C5	4	ぜィ（イ
0x2A03CB	4	狭あプ㎏
0x2A03DA	7	ぽ￥あぜペうぱ
0x2A03E3	4	供あプ㎏
0x2A03F2	7	た￥あぜペてど
0x2A03FB	4	窮あプ㎏
0x2A040A	7	た￥あぜペてぜ
0x2A0413	4	杵あプ㎏
0x2A0422	7	ぽ￥あぜペうぐ
0x2A042E	6	オ￥お覆ズょ
0x2A045D	4	ぃズ㎏し
0x2A0465	7	た「㎏きみ「㎏
0x2A046D	11	しペ）みせィ（くた「㎏
0x2A047D	4	ぜィ（や
0x2A048A	7	ズ㎏いぜ。㎏み
0x2A049A	7	ズ㎏うぜ。㎏ふ
0x2A04AA	7	ズ㎏えぜ。㎏ね
0x2A04C2	7	た￥あぜペてつ
0x2A04D2	7	ズ㎏おぜ。㎏せ
0x2A04E2	23	ズ㎏した。㎏あしペ）あほペ）みせペ）むぷァ（か
0x2A0501	8	みズ㎏あた…㎏き
0x2A050A	6	…㎏くみ…㎏
0x2A0515	4	ぜゥ（え
0x2A051A	11	ペ）がァＲ　紡い！紡い
0x2A05EC	23	ぜあぞあコあキあぷあサあづあぢあクあケあびああ
0x2A0604	11	だあであエあカあぱあい
0x2A0610	23	ぜあぞあコあキあぷあサあづあぢあクあケあぽああ
0x2A0628	11	だあであエあカあぱあい
0x2A0634	72	ふづっコごづエコシづヤコワづヂコボづＩコＱづ」コふシっユごシエユシシヤユワシヂユボシＩユＭシ（ユふヴっズごヴエズシヴヤズワヴヂズボヴＩズＭヴ（ズ
0x2A069D	4	あちゃあ
0x2A06AD	6	うてょああと
0x2A06BD	6	いつゅあいこ
0x2A06DC	4	あそほだ
0x2A06FC	4	あたまぢ
0x2A070C	4	あせへぞ
0x2A071C	4	あぱぴだ
0x2A073C	4	あけのざ
0x2A074C	5	あしふぜう
0x2A0754	7	あこはじいあト
0x2A075C	7	あくねごうあほ
0x2A0764	5	あさひずい
0x2A076C	5	あきぬげお
0x2A0774	4	あすみづ
0x2A0783	10	えあうおきけさすそく
0x2A07D4	11	モモメメムムムミミママ
0x2A0885	6	たちつてたつ
0x2A09B9	9	あああいあうあえあ
0x2A09C3	46	いあいいいねうのえはおひかふきへくほけまこみさむしめすもせやそゆたよちわぬれなるとよつりてき
0x2A0EEB	9	えこえこいこおおか
0x2A0EF7	15	かかきかくあくあけけくけうあさ
0x2A0F07	15	しえししすさしさすすせさせおき
0x2A1010	23	えおおいかおおえおえおおえいおえええおおえおえ
0x2A1028	14	ョＵョＵョＵョびびタタリリぃ
0x2A109C	115	クみミゅモみグゅザみ４ゅ７みＶゅＹみ❤ゅ／みｭクがミぷモがグぷザが４ぷ７がＶぷＹが❤ぷ／がﾌクぽミニモぽグニザぽ４ニ７ぽＶニＹぽ❤ニ／ぽLクネミンモネグンザネ４ン７ネＶンＹネ❤ン／ネaクァミデモァグデザァ４デ７ァＶデＹァ❤デ／ァy
0x2A112C	22	ねしねしねしねしねしねしねしねしねしねしねし
0x2A1148	5	ねしししね
0x2A1159	5	しししねし
0x2A1160	30	えうええおえおおああああああああああああああああああああああ
0x2A1184	12	ああいああいあいいあうい
0x2A1192	8	えあうあいあああ
0x2A119C	25	がががががががががががががががぐぜぜぐだがじごぐが
0x2A11B9	4	ああいう
0x2A1229	4	こいこＴ
0x2A1231	4	ヴにヘま
0x2A1264	11	ぽぽぺぺぷぷぷぴぴぱぱ
0x2A1270	17	Ｙさはい」すはいやすはいヤしはいて
0x2A1307	4	ああいい
0x2A1310	5	あいうえそ
0x2A1316	8	あいうえおかきそ
0x2A134C	53	わ￥そい」￥そいネ㎞そい筏そいボ㎏そいや・そいＡ・そいヤ・そいね入いＱ入いネ塊いぜ及いＹ及いねゲワペョゲ邪
0x2A1400	18	ねクびョぽクァョョクＭョＵク之ョヂ釈
0x2A1418	18	みネびズクネァズズネＭズ◎ネ膿ョボ守
0x2A1430	21	ねづンクねシンミねヤンョョづ岨ョシ喪ョヤ窓
0x2A144C	21	ねエンネねフンァねォンバョエ阻ョフ巣ョォ騒
0x2A1468	28	ねぱンタねトンリねワンズねヂン６ョぱ礎ョト想ョワ蒼ョヂ足
0x2A148C	10	はハどンぷハミンああ
0x2A1498	10	はゥどデぷゥミデああ
0x2A14A4	6	ねボワＥああ
0x2A14C0	51	０イ♂ニ★イ蘇はハどンぷハミンレハピン０ハ♂ン★ハ早はゥどデぷゥミデレゥピデ０ゥ♂デ★ゥ鎗ねボワＥああ
0x2A1500	17	ぜぜタタリリリＵＵＵ２２ぜ６ぜぜ６
0x2A1514	23	ワぃたいやぅたい年たい（ぇたいたったいくゃたい
0x2A1535	8	ょたいＱがたいこ
0x2A16B8	10	ああいいいうううえお
0x2A1CED	14	あいうえあいうえいうえうええ
0x2A1D0C	4	あいうえ
0x2A2135	39	・すいや・すいわ・すいっ・すいご・すいづ・すいぱ・すいエ・すいシ・すいト・すい
0x2A2173	13	ペぜ６ＵＱがみネがァみＭが
0x2A2184	43	ぁどモだノホぁノラチモチヒノぁモユテテナモモぁニミぎソニノフナソユミソぅぃソヨんツノホ
0x2A21B0	43	ぁどモだノホぁノラチモチヒノぁモユテテナモモぁニミぎソニノフナソユミソぃぃソヨんツノホ
0x2A21DC	45	ぁどモだノホぁノラチモチヒノぁモユテテナモモぁニミぎソニノフナソユミソぃぃソマツハんツノホ
0x2A220C	40	ぁどモだノホぁノラチモチヒノぁモユテテナモモぁニミがソニノフナソぃぃソヨんツノホ
0x2A2238	43	ぁどモだノホぁノラチモチヒノぁモユテテナモモぁニミがソニノフナソツヌソぃぃソヨんツノホ
0x2A2264	42	ぁどモだノホぁノラチモチヒノぁモユテテナモモぁニミがソニノフナソマツハソぃぃんツノホ
0x2A2290	43	ぁどモだノホぁノラチモチヒノぁモユテテナモモぁニミぎソニノフナソユミソぃぃソヨんツノホ
0x2A22BC	43	ぁどモだノホぁノラチモチヒノぁモユテテナモモぁニミぎソニノフナソユミソぃぃソヨんツノホ
0x2A22E8	43	ぁどモだノホぁノラチモチヒノぁモユテテナモモぁニミぎソニノフナソユミソぃぃソヨんツノホ
0x2A2314	4	づ％しい
0x2A231C	4	ョ％しい
0x2A2324	4	Ｉ％しい
0x2A232C	4	Ｕ％しい
0x2A2334	4	ゲ￥しい
0x2A233C	4	Ｉ￥しい
0x2A2344	4	っ㎞しい
0x2A234C	4	ミ㎞しい
0x2A2354	40	ぁどモだノホぁノラチモチヒノぁモユテテナモモぁニミぎソマヒマヤマラチメノんツノホ
0x2A2380	45	ぁどモだノホぁノラチモチヒノぁモユテテナモモぁニミぎソミマノホヤモヤチメヤソぃソヨんツノホ
0x2A23B0	45	ぁどモだノホぁノラチモチヒノぁモユテテナモモぁニミぎソミマノホヤモヤチメヤソぃソヨんツノホ
0x2A23E0	45	ぁどモだノホぁノラチモチヒノぁモユテテナモモぁニミぎソミマノホヤモヤチメヤソぃソヨんツノホ
0x2A2410	47	ぁどモだノホぁノラチモチヒノぁモユテテナモモぁニミぎソミマノホヤモヤチメヤソマツハソぃんツノホ
0x2A2514	5	セーブして
0x2A2520	6	イベント短縮
0x2A255C	5	セーブして
0x2A257C	5	イベントを
0x2A258C	6	イベント短縮
0x2A25BC	5	セーブして
0x2A2ABC	6	選手登録して
0x2A2ADB	4	コあ』に
0x2A2B6D	4	コあ』に
0x2A2B85	4	コあ』に
0x2A2B9D	4	コあ』に
0x2A2BB5	4	コあ』に
0x2A2BEB	4	コあ』に
0x2A2C3C	4	ァ急いい
0x2A2C4C	4	２急いう
0x2A2C5C	4	ョ急いえ
0x2A2C6C	4	ズ急いお
0x2A2C7C	4	Ｅ急いか
0x2A2C8C	4	わ鯖いき
0x2A2C9C	4	（急いく
0x2A2CAC	4	え個いけ
0x2A2CBC	4	ネ急いこ
0x2A2CCC	4	バ急いさ
0x2A2CDC	4	タ庶いし
0x2A2CEC	4	が庶いす
0x2A2D0C	4	ヂ到いそ
0x2A2D1C	4	や披いた
0x2A2D2C	4	ぱ鯖いち
0x2A2D3C	4	ヤ庶いつ
0x2A2D4C	4	ボ庶いて
0x2A2D5C	4	」鯖いと
0x2A2D6C	4	Ｅ庶いな
0x2A2D7C	4	た庶いに
0x2A2D8C	4	ゲ炭いぬ
0x2A2D9C	4	フ鯖いね
0x2A2DAC	4	Ｙ庶いさ
0x2A2DBC	4	シ鯖いし
0x2A2DCC	4	Ｕ鯖いす
0x2A2DDC	4	ゲ鯖いせ
0x2A2DEC	4	ご脊いそ
0x2A2DFC	4	ご披いた
0x2A2E0C	4	づ炭いち
0x2A2E1C	4	ヤ炭いつ
0x2A2E2C	4	ご鯖いて
0x2A2E3C	4	　ていと
0x2A2E4C	4	Ａ到いな
0x2A2E6C	4	ト脊いぬ
0x2A2E7C	4	Ｑ炭いね
0x2A2E8C	4	」炭いら
0x2A2E9C	4	リ脊いり
0x2A2EAC	4	ぱ到いる
0x2A2EBC	4	ゲ脊いれ
0x2A2ECC	4	ト到いろ
0x2A2EDC	4	と脊いわ
0x2A2EEC	4	Ｉ脊いを
0x2A2EFC	4	→脊いん
0x2A2F0C	4	ワ鯖いぁ
0x2A2F1C	4	や庶いぃ
0x2A2F2C	4	Ｙ到いぅ
0x2A2F3C	4	エ披いぇ
0x2A2F4C	4	フ披いぉ
0x2A2F5C	4	ォ披いっ
0x2A2F6C	4	ボ披いゃ
0x2A2F7C	4	Ｉ披いゅ
0x2A2F8C	4	→披いょ
0x2A2F9C	4	ぅていが
0x2A2FBC	4	❤個いぐ
0x2A2FCC	4	ボ個いげ
0x2A2FDC	4	ぜ個いご
0x2A2FEC	4	Ａ個いざ
0x2A2FFC	4	ふ個いじ
0x2A300C	4	フ個いず
0x2A301C	4	㎞脊いぜ
0x2A302C	4	◎急いぞ
0x2A303C	4	」急いだ
0x2A304C	4	㎞披いぢ
0x2A305C	4	→個いづ
0x2A306C	4	ミ急いで
0x2A307C	4	Ｑ急いど
0x2A308C	4	し鯖いば
0x2A309C	4	Ｑ個いび
0x2A30AC	4	り個いぶ
0x2A30BC	4	シ個いべ
0x2A30CC	4	り脊いぼ
0x2A30EC	4	リ急いぴ
0x2A30FC	4	ぱ個いぷ
0x2A310C	4	重ていぺ
0x2A311C	4	ゲ個いぽ
0x2A312C	4	淑ていア
0x2A313C	4	え到いイ
0x2A314C	4	ふ到いウ
0x2A315C	4	っ到いエ
0x2A316C	4	し披いオ
0x2A317C	4	ボ鯖いイ
0x2A318C	4	ふ到いキ
0x2A319C	4	ペ脊いク
0x2A31AC	4	ぱ庶いケ
0x2A31BC	4	ワ到いコ
0x2A31CC	4	夙ていサ
0x2A31EC	4	と炭いス
0x2A31FC	4	わ炭いセ
0x2A320C	4	ョ庶いソ
0x2A321C	4	シ炭いタ
0x2A322C	4	ぽ脊いチ
0x2A323C	4	２炭いツ
0x2A324C	4	！庶いテ
0x2A326C	4	銃ていナ
0x2A327C	4	ふ鯖いニ
0x2A328C	4	た個いヌ
0x2A329C	4	Ａ鯖いネ
0x2A32AC	4	ワ個いノ
0x2A32BC	4	っ個いハ
0x2A32CC	4	❤到いヒ
0x2A32DC	4	タ急いフ
0x2A32EC	4	ト急いヘ
0x2A3370	4	Ｅアすい
0x2A3378	4	（アすい
0x2A3380	4	ごイすい
0x2A33AC	46	ぁどモだノホぁノラチモチヒノぁモユテテナモモぁニミぎソヌユルソヘチノホソヌソぉぃソヨんツノホ
0x2A33DC	48	ぁどモだノホぁノラチモチヒノぁモユテテナモモぁニミぎソヌユルソヘチノホソヌソマツハソぅぃんツノホ
0x2A3410	46	ぁどモだノホぁノラチモチヒノぁモユテテナモモぁニミぎソヌユルソヘチノホソヌソぉぃソヨんツノホ
0x2A3440	46	ぁどモだノホぁノラチモチヒノぁモユテテナモモぁニミぎソヌユルソヘチノホソヌソぉぃソヨんツノホ
0x2A3470	46	ぁどモだノホぁノラチモチヒノぁモユテテナモモぁニミぎソヌユルソヘチノホソヌソぉぃソヨんツノホ
0x2A34A0	46	ぁどモだノホぁノラチモチヒノぁモユテテナモモぁニミぎソヌユルソヘチノホソヌソぉぃソヨんツノホ
0x2A34D0	46	ぁどモだノホぁノラチモチヒノぁモユテテナモモぁニミぎソヌユルソヘチノホソヌソゅぃソヨんツノホ
0x2A3500	46	ぁどモだノホぁノラチモチヒノぁモユテテナモモぁニミぎソヌユルソヘチノホソヌソゅぃソヨんツノホ
0x2A3530	48	ぁどモだノホぁノラチモチヒノぁモユテテナモモぁニミぎソヌユルソヘチノホソヌソマツハソぉぃんツノホ
0x2A3564	4	Ｙデすい
0x2A3574	4	Ｉドすい
0x2A357C	46	ぁどモだノホぁノラチモチヒノぁモユテテナモモぁニミぎソヌユルソヘチノホソヌソがぃソヨんツノホ
0x2A35AC	48	ぁどモだノホぁノラチモチヒノぁモユテテナモモぁニミぎソヌユルソヘチノホソヌソマツハソぅぃんツノホ
0x2A35E8	4	やブすい
0x2A35F0	4	㎞ブすい
0x2A35F8	46	ぁどモだノホぁノラチモチヒノぁモユテテナモモぁニミぎソヌユルソヘチノホソヌソっぃソヨんツノホ
0x2A3628	48	ぁどモだノホぁノラチモチヒノぁモユテテナモモぁニミぎソヌユルソヘチノホソヌソマツハソぅぃんツノホ
0x2A365C	46	ぁどモだノホぁノラチモチヒノぁモユテテナモモぁニミぎソヌユルソヘチノホソヌソっぃソヨんツノホ
0x2A368C	46	ぁどモだノホぁノラチモチヒノぁモユテテナモモぁニミぎソヌユルソヘチノホソヌソっぃソヨんツノホ
0x2A36DB	43	ヴぁどモだノホぁノラチモチヒノぁモユテテナモモぁニミぎソテフナチメソユミソツヌんツノホ
0x2A3708	38	ぁどモだノホぁノラチモチヒノぁモユテテナモモぁニミぎソテフナチメソぃんツノホ
0x2A3730	38	ぁどモだノホぁノラチモチヒノぁモユテテナモモぁニミぎソテフナチメソぅんツノホ
0x2A3758	43	ぁどモだノホぁノラチモチヒノぁモユテテナモモぁニミぎソテフナチメソユミソマツハんツノホ
0x2A3784	41	ぁどモだノホぁノラチモチヒノぁモユテテナモモぁニミがソトナヘマソユソナホトんツノホ
0x2A37B0	41	ぁどモだノホぁノラチモチヒノぁモユテテナモモぁニミがソトナヘマソユソナホトんツノホ
0x2A37DC	41	ぁどモだノホぁノラチモチヒノぁモユテテナモモぁニミがソトナヘマソユソナホトんツノホ
0x2A3808	44	ぁどモだノホぁノラチモチヒノぁモユテテナモモぁニミがソトナヘマソユソナホトソぅぃんツノホ
0x2A3838	39	ぁどモだノホぁノラチモチヒノぁモユテテナモモぁニミがソヌチヘナマヨナメんツノホ
0x2A3860	48	ぁどモだノホぁノラチモチヒノぁモユテテナモモぁニミぎソヌユルソヘチノホソヌソマツハソぉぃんツノホ
0x2A3894	41	ぁどモだノホぁノラチモチヒノぁモユテテナモモぁニミがソトナヘマソユソナホトんツノホ
0x2A38C0	43	ぁどモだノホぁノラチモチヒノぁモユテテナモモぁニミがソヌチヘナマヨナメソぇソヨんツノホ
0x2A3904	50	ぃエエミクエワミァエ２ミ６エ→ミ。エ莵ぃリエヂクリワヂァリ２ヂ６リ→ヂ。リ詢ぃボエＭクボワＭァボ２Ｍ
0x2A393C	46	ぁどモだノホぁノラチモチヒノぁモユテテナモモぁニミぎソヌユルソヘチノホソヌソゃぃソヨんツノホ
0x2A396C	48	ぁどモだノホぁノラチモチヒノぁモユテテナモモぁニミぎソヌユルソヘチノホソヌソマツハソぅぃんツノホ
0x2A39A0	48	ぁどモだノホぁノラチモチヒノぁモユテテナモモぁニミぎソヌユルソヘチノホソヌソマツハソぃぃんツノホ
0x2A39D4	32	とぽぜォづぽミォヤぽペォ２ぽ。ォとョぜＱづョミＱヤョペＱ２ョ。Ｑ
0x2A3A00	4	やＫすい
0x2A3A08	4	ヂＫすい
0x2A3A10	4	フＬすい
0x2A3A18	4	クＭすい
0x2A3A20	4	トＭすい
0x2A3A28	4	２Ｎすい
0x2A3A30	46	ぁどモだノホぁノラチモチヒノぁモユテテナモモぁニミぎソヌユルソヘチノホソヌソゃぃソヨんツノホ
0x2A3A60	48	ぁどモだノホぁノラチモチヒノぁモユテテナモモぁニミぎソヌユルソヘチノホソヌソマツハソぅぃんツノホ
0x2A3A94	48	ぁどモだノホぁノラチモチヒノぁモユテテナモモぁニミぎソヌユルソヘチノホソヌソマツハソぇぃんツノホ
0x2A3AC8	44	ぁどモだノホぁノラチモチヒノぁヘノホノウユテテナモモぁニミぎソヘチノホソツヌソヨんツノホ
0x2A3FC8	51	ぁどモだノホぁノラチモチヒノぁヘノホノウユテテナモモぁニミぎソモトソマヒチノヘマホマソマツハぃんツノホ
0x2A3FFC	42	ぁどモだノホぁノラチモチヒノぁモユテテナモモぁニミぎソモソチツノフノヤルソぃんツノホ
0x2A4028	47	ぁどモだノホぁノラチモチヒノぁモユテテナモモぁニミぎソモソチツノフノヤルソホチヘナソぃんツノホ
0x2A4058	51	ぁどモだノホぁノラチモチヒノぁヘノホノウユテテナモモぁニミぎソモトソマヒチノヘマホマソぃぃソヨんツノホ
0x2A408C	40	ぁどモだノホぁノラチモチヒノぁモユテテナモモぁニミぎソトナヘマソぃぃソヨんツノホ
0x2A40B8	42	ぁどモだノホぁノラチモチヒノぁモユテテナモモぁニミぎソトナヘマソマツハソぃぃんツノホ
0x2A40E4	40	ぁどモだノホぁノラチモチヒノぁモユテテナモモぁニミぎソトナヘマソぃぃソヨんツノホ
0x2A411C	8	びぜネぽョぜＭぽ
0x2A4128	44	ぁどモだノホぁノラチモチヒノぁモユテテナモモぁニミがソミマノホヤソヌソユぃぃソヨんツノホ
0x2A4158	43	ぁどモだノホぁノラチモチヒノぁモユテテナモモぁニミがソミマノホヤソヌソぃぃソヨんツノホ
0x2A4184	43	ぁどモだノホぁノラチモチヒノぁモユテテナモモぁニミがソミマノホヤソヌソぃぃソヨんツノホ
0x2A41B0	45	ぁどモだノホぁノラチモチヒノぁモユテテナモモぁニミがソミマノホヤソヌソマツハソぃぃんツノホ
0x2A41F8	46	ぁどモだノホぁノラチモチヒノぁモユテテナモモぁニミぎソヌユルソヘチノホソヌソょぃソヨんツノホ
0x2A4228	48	ぁどモだノホぁノラチモチヒノぁモユテテナモモぁニミぎソヌユルソヘチノホソヌソマツハソっぃんツノホ
0x2A425C	43	ぁどモだノホぁノラチモチヒノぁモユテテナモモぁニミがソミマノホヤソナホトソユミんツノホ
0x2A4288	46	ぁどモだノホぁノラチモチヒノぁモユテテナモモぁニミがソミマノホヤソナホトソマツハソぃんツノホ
0x2A42B8	42	ぁどモだノホぁノラチモチヒノぁモユテテナモモぁニミがソミマノホヤソナホトソぃんツノホ
0x2A42E4	46	ぁどモだノホぁノラチモチヒノぁモユテテナモモぁニミがソミマノホヤソナホトソマツハソぃんツノホ
0x2A4334	46	ぁどモだノホぁノラチモチヒノぁモユテテナモモぁニミぎソヌユルソヤノヤフナソユミソぃぃんツノホ
0x2A4364	47	ぁどモだノホぁノラチモチヒノぁモユテテナモモぁニミぎソヌユルソヤノヤフナソマツハソぃぃんツノホ
0x2A4394	43	ぁどモだノホぁノラチモチヒノぁモユテテナモモぁニミぎソヌユルソヤノヤフナソぃぃんツノホ
0x2A43C0	47	ぁどモだノホぁノラチモチヒノぁモユテテナモモぁニミぎソヌユルソヤノヤフナソヌユルソぃぃんツノホ
0x2A4421	6	←せい當せい
0x2A44D1	122	＋せいわーせいズーせいＭーせいた？せいぃ？せい肌せいぽ』せい（』せいＡ❤せいみきせいァきせい（きせいぜくせいペくせいびパすいズパすいＵピすいボプすいボペすい（２せいＭ４せいえ５せいが５せいリ５せい」５せいえ６せいくれせいしれせい櫨すいＱぇせいゲ
0x2A456E	7	せいエうそいョ
0x2A46C5	39	・すいや・すいわ・すいっ・すいご・すいづ・すいぱ・すいエ・すいシ・すいト・すい
0x2A46ED	64	ｾいフ・すいク←せいと解いぁどモだノホぁノラチモチヒノぁヘノホノウユテテナモモぁニミぎソモトソマヒチノヘマホマソぃぃソヨんツノホ
0x2A4730	44	ぁどモだノホぁノラチモチヒノぁヘノホノウユテテナモモぁニミぎソヘチノホソツヌソヨんツノホ
0x2A4760	45	ぁどモだノホぁノラチモチヒノぁユメチウユテテナモモぁネミぎソユヤルユソヘチノホソヨんツノホ
0x2A4790	47	ぁどモだノホぁノラチモチヒノぁユメチウユテテナモモぁネミぎソユヤルユソヘチノホソマツハんツノホ
0x2A47C0	38	ぁどモだノホぁノラチモチヒノぁユメチウユテテナモモぁモテぇノヘヌぅぇんツノホ
0x2A47E8	38	ぁどモだノホぁノラチモチヒノぁユメチウユテテナモモぁモテぇノヘヌぅぇんツノホ
0x2A4810	38	ぁどモだノホぁノラチモチヒノぁユメチウユテテナモモぁモテぇノヘヌぅっんツノホ
0x2A4838	38	ぁどモだノホぁノラチモチヒノぁユメチウユテテナモモぁモテぇノヘヌぅゃんツノホ
0x2A4860	38	ぁどモだノホぁノラチモチヒノぁユメチウユテテナモモぁモテぇノヘヌぃぃんツノホ
0x2A4888	38	ぁどモだノホぁノラチモチヒノぁユメチウユテテナモモぁモテぇノヘヌぃぅんツノホ
0x2A48B0	38	ぁどモだノホぁノラチモチヒノぁユメチウユテテナモモぁモテぇノヘヌぃぇんツノホ
0x2A48D8	38	ぁどモだノホぁノラチモチヒノぁユメチウユテテナモモぁモテぇノヘヌぃぉんツノホ
0x2A4900	38	ぁどモだノホぁノラチモチヒノぁユメチウユテテナモモぁモテぇノヘヌぃっんツノホ
0x2A4928	38	ぁどモだノホぁノラチモチヒノぁユメチウユテテナモモぁモテぇノヘヌぃゃんツノホ
0x2A4950	38	ぁどモだノホぁノラチモチヒノぁユメチウユテテナモモぁモテぇノヘヌぃゅんツノホ
0x2A4978	38	ぁどモだノホぁノラチモチヒノぁユメチウユテテナモモぁモテぇノヘヌぃょんツノホ
0x2A49A0	38	ぁどモだノホぁノラチモチヒノぁユメチウユテテナモモぁモテぇノヘヌぃがんツノホ
0x2A49C8	38	ぁどモだノホぁノラチモチヒノぁユメチウユテテナモモぁモテぇノヘヌぃぎんツノホ
0x2A49F0	38	ぁどモだノホぁノラチモチヒノぁユメチウユテテナモモぁモテぇノヘヌぅぃんツノホ
0x2A4A18	38	ぁどモだノホぁノラチモチヒノぁユメチウユテテナモモぁモテぇノヘヌぅぃんツノホ
0x2A4A40	41	ぁどモだノホぁノラチモチヒノぁユメチウユテテナモモぁモテぇミフホチヘナぅぃんツノホ
0x2A4A6C	41	ぁどモだノホぁノラチモチヒノぁユメチウユテテナモモぁモテぇミフホチヘナぅぇんツノホ
0x2A4A98	41	ぁどモだノホぁノラチモチヒノぁユメチウユテテナモモぁモテぇミフホチヘナぅぇんツノホ
0x2A4AC4	41	ぁどモだノホぁノラチモチヒノぁユメチウユテテナモモぁモテぇミフホチヘナぃぃんツノホ
0x2A4AF0	41	ぁどモだノホぁノラチモチヒノぁユメチウユテテナモモぁモテぇミフホチヘナぃぅんツノホ
0x2A4B1C	41	ぁどモだノホぁノラチモチヒノぁユメチウユテテナモモぁモテぇミフホチヘナぃぇんツノホ
0x2A4B48	41	ぁどモだノホぁノラチモチヒノぁユメチウユテテナモモぁモテぇミフホチヘナぅっんツノホ
0x2A4B74	41	ぁどモだノホぁノラチモチヒノぁユメチウユテテナモモぁモテぇミフホチヘナぃぉんツノホ
0x2A4BA0	41	ぁどモだノホぁノラチモチヒノぁユメチウユテテナモモぁモテぇミフホチヘナぅゃんツノホ
0x2A4BCC	41	ぁどモだノホぁノラチモチヒノぁユメチウユテテナモモぁモテぇミフホチヘナぃっんツノホ
0x2A4BF8	41	ぁどモだノホぁノラチモチヒノぁユメチウユテテナモモぁモテぇミフホチヘナぃゃんツノホ
0x2A4C24	41	ぁどモだノホぁノラチモチヒノぁユメチウユテテナモモぁモテぇミフホチヘナぃゅんツノホ
0x2A4C50	41	ぁどモだノホぁノラチモチヒノぁユメチウユテテナモモぁモテぇミフホチヘナぃょんツノホ
0x2A4C7C	41	ぁどモだノホぁノラチモチヒノぁユメチウユテテナモモぁモテぇミフホチヘナぃがんツノホ
0x2A4CA8	41	ぁどモだノホぁノラチモチヒノぁユメチウユテテナモモぁモテぇミフホチヘナぃぎんツノホ
0x2A4CD4	41	ぁどモだノホぁノラチモチヒノぁユメチウユテテナモモぁモテぇミフホチヘナぅぃんツノホ
0x2A4D0D	156	せといみそといびそといミそといバそといＵそとい入といたたといがたとい（すといくせといぃせといクせとい㎞たといたちといごちといヂちとい雑といねつといづつといミつといボつとい◎つとい曄といタたといゲたといＭたといネちといＵちといぁどモだノホぁノラチモチヒノぁユメチウユテテナモモぁネミぎソユヤルユソヘチミぅゅんツノホ
0x2A4DB0	44	ぁどモだノホぁノラチモチヒノぁユメチウユテテナモモぁネミぎソユヤルユソヘチミぅゅんツノホ
0x2A4DE0	42	ぁどモだノホぁノラチモチヒノぁユメチウユテテナモモぁネミぎソユヤルユソヘチミんツノホ
0x2A4E0C	48	ぁどモだノホぁノラチモチヒノぁユメチウユテテナモモぁネミぎソユヤルユソヘチミソマツハぅゅんツノホ
0x2A4E40	49	ぁどモだノホぁノラチモチヒノぁユメチウユテテナモモぁネミぎソユヤルユソヘチミソマツハぇゃゅんツノホ
0x2A4E74	45	ぁどモだノホぁノラチモチヒノぁユメチウユテテナモモぁネミぎソユヤルユソノホニマソヨんツノホ
0x2A4EA4	45	ぁどモだノホぁノラチモチヒノぁユメチウユテテナモモぁネミぎソユヤルユソノホニマソヨんツノホ
0x2A4ED4	47	ぁどモだノホぁノラチモチヒノぁユメチウユテテナモモぁネミぎソユヤルユソノホニマソマツハんツノホ
0x2A4F04	46	ぁどモだノホぁノラチモチヒノぁユメチウユテテナモモぁネミぎソユヤルユソモナヤユミソヨんツノホ
0x2A4F34	46	ぁどモだノホぁノラチモチヒノぁユメチウユテテナモモぁネミぎソユヤルユソモナヤユミソヨんツノホ
0x2A4F64	48	ぁどモだノホぁノラチモチヒノぁユメチウユテテナモモぁネミぎソユヤルユソモナヤユミソマツハんツノホ
0x2A4F98	4	ご０せい
0x2A4FA0	4	ネ０せい
0x2A4FA8	4	や１せい
0x2A4FB0	47	ぁどモだノホぁノラチモチヒノぁユメチウユテテナモモぁネミぎソユヤルユソテネチホヌナソヨんツノホ
0x2A4FE0	47	ぁどモだノホぁノラチモチヒノぁユメチウユテテナモモぁネミぎソユヤルユソテネチホヌナソヨんツノホ
0x2A5010	49	ぁどモだノホぁノラチモチヒノぁユメチウユテテナモモぁネミぎソユヤルユソテネチホヌナソマツハんツノホ
0x2A5044	47	ぁどモだノホぁノラチモチヒノぁユメチウユテテナモモぁネミぎソユヤルユソモヤチヤユモソヨんツノホ
0x2A5074	47	ぁどモだノホぁノラチモチヒノぁユメチウユテテナモモぁネミぎソユヤルユソモヤチヤユモソヨんツノホ
0x2A50A4	36	ぁどモだノホぁノラチモチヒノぁユメチウユテテナモモぁネミぎソぱイんツノホ
0x2A50CC	49	ぁどモだノホぁノラチモチヒノぁユメチウユテテナモモぁネミぎソユヤルユソモヤチヤユモソマツハんツノホ
0x2A5120	49	ぁどモだノホぁノラチモチヒノぁユメチウユテテナモモぁニミぎソモミナソヤノヤフナソユミソツヌんツノホ
0x2A5154	47	ぁどモだノホぁノラチモチヒノぁユメチウユテテナモモぁニミぎソモミナソヤノヤフナソマツハんツノホ
0x2A5184	46	ぁどモだノホぁノラチモチヒノぁユメチウユテテナモモぁニミぎソモミナソヤノヤフナソツヌんツノホ
0x2A51B4	47	ぁどモだノホぁノラチモチヒノぁユメチウユテテナモモぁニミぎソモミナソヤノヤフナソマツハんツノホ
0x2A51E4	48	ぁどモだノホぁノラチモチヒノぁユメチウユテテナモモぁネミぎソユヤルユソヒチノヘマホマソヨんツノホ
0x2A5218	48	ぁどモだノホぁノラチモチヒノぁユメチウユテテナモモぁネミぎソユヤルユソヒチノヘマホマソヨんツノホ
0x2A524C	50	ぁどモだノホぁノラチモチヒノぁユメチウユテテナモモぁネミぎソユヤルユソヒチノヘマホマソマツハんツノホ
0x2A5280	51	ぁどモだノホぁノラチモチヒノぁユメチウユテテナモモぁネミぎソモソチツノフノヤルソぃソヤメチホモんツノホ
0x2A52B4	51	ぁどモだノホぁノラチモチヒノぁユメチウユテテナモモぁネミぎソモソチツノフノヤルソぃソヤメチホモんツノホ
0x2A52E8	50	ぁどモだノホぁノラチモチヒノぁユメチウユテテナモモぁネミぎソモソチツノフノヤルソホチヘナソぃんツノホ
0x2A531C	48	ぁどモだノホぁノラチモチヒノぁユメチウユテテナモモぁネミぎソユヤルユソヒチノヘマホマソヨんツノホ
0x2A5368	49	ぁどモだノホぁノラチモチヒノぁユメチウユテテナモモぁネミぎソユヤルユソヘマヤノヘマホマソヨんツノホ
0x2A539C	49	ぁどモだノホぁノラチモチヒノぁユメチウユテテナモモぁネミぎソユヤルユソヘマヤノヘマホマソヨんツノホ
0x2A53D0	36	ぁどモだノホぁノラチモチヒノぁユメチウユテテナモモぁネミぎソぱイんツノホ
0x2A53F8	51	ぁどモだノホぁノラチモチヒノぁユメチウユテテナモモぁネミぎソユヤルユソヘマヤノヘマホマソマツハんツノホ
0x2A542C	51	ぁどモだノホぁノラチモチヒノぁユメチウユテテナモモぁネミぎソモソチツノフノヤルソぃソヤメチホモんツノホ
0x2A5460	50	ぁどモだノホぁノラチモチヒノぁユメチウユテテナモモぁネミぎソモソチツノフノヤルソホチヘナソぃんツノホ
0x2A5494	44	ぁどモだノホぁノラチモチヒノぁユメチウユテテナモモぁネミぎソユヤルユソツユルソヨんツノホ
0x2A54C4	45	ぁどモだノホぁノラチモチヒノぁユメチウユテテナモモぁネミぎソユヤルユソツユルぇソヨんツノホ
0x2A54F4	46	ぁどモだノホぁノラチモチヒノぁユメチウユテテナモモぁネミぎソユヤルユソツユルソマツハんツノホ
0x2A5524	44	ぁどモだノホぁノラチモチヒノぁユメチウユテテナモモぁネミぎソユヤルユソツユルソヨんツノホ
0x2A5574	4	くいそい
0x2A557C	4	→いそい
0x2A558C	46	ぁどモだノホぁノラチモチヒノぁユメチウユテテナモモぁネミぎソユヤルユソモマユヒマソヨんツノホ
0x2A55BC	46	ぁどモだノホぁノラチモチヒノぁユメチウユテテナモモぁネミぎソユヤルユソモマユヒマソヨんツノホ
0x2A55EC	36	ぁどモだノホぁノラチモチヒノぁユメチウユテテナモモぁネミぎソぱイんツノホ
0x2A5614	46	ぁどモだノホぁノラチモチヒノぁユメチウユテテナモモぁネミぎソユヤルユソツユルソマツハんツノホ
0x2A5644	46	ぁどモだノホぁノラチモチヒノぁユメチウユテテナモモぁネミぎソユヤルユソモマユヒマソヨんツノホ
0x2A5709	37	じそいエコそいづスそい２スそい馴そいＡタそい楠そいくノそいづノそいペずそい
0x2A5749	50	んそいフ７すいご８すいペ８すい。８すいっ９すいシ９すいたＡすいぱＡすいごＣすい取すいゲＥすいバＦすい
0x2A57B5	26	でそいエどそい畸そいエぶそいワぼそい櫨すいォんそいゲ
0x2A5949	39	・すいや・すいわ・すいっ・すいご・すいづ・すいぱ・すいエ・すいシ・すいト・すい
0x2A5971	79	ｾいフ・すいと擦いと解いネぺそいォぺそいしアそいわイそいぁどモだノホぁノラチモチヒノぁヘノホノウユテテナモモぁニミぎソモトソマヒチノヘマホマソぃぃソヨんツノホ
0x2A59C4	44	ぁどモだノホぁノラチモチヒノぁヘノホノウユテテナモモぁニミぎソヘチノホソツヌソヨんツノホ
0x2A59F4	6	タぃＭＭぜョ
0x2A59FC	6	ミぽみタたび
0x2A5A24	44	ぁどモだノホぁノラチモチヒノぁヘノホノウユテテナモモぁネミぎソモソユメマヤユヒノんツノホ
0x2A5A54	44	ぁどモだノホぁノラチモチヒノぁヘノホノウユテテナモモぁネミぎソモソユメマヤユヒノんツノホ
0x2A5A84	48	ぁどモだノホぁノラチモチヒノぁヘノホノウユテテナモモぁネミぎソモソユメマヤユヒノソマツハんツノホ
0x2A5AB8	4	がづそい
0x2A5AC0	4	ネづそい
0x2A5AC8	4	Ｑづそい
0x2A5AD0	44	ぁどモだノホぁノラチモチヒノぁヘノホノウユテテナモモぁニミぎソモソテフナチメソぃんツノホ
0x2A5B01	4	こいこＴ
0x2A5B09	4	ヴにヘま
0x2A5B20	4	しぷそい
0x2A5B28	4	❤ぷそい
0x2A5B30	4	ごぺそい
0x2A5B58	47	ぁどモだノホぁノラチモチヒノぁヘチヒナミフチルナメぁニミぎソテネチメチヘチヒナソぃソヨんツノホ
0x2A5B88	44	ぁどモだノホぁノラチモチヒノぁヘノホノウユテテナモモぁニミぎソモソヤノヤフナソぃんツノホ
0x2A5BB8	46	ぁどモだノホぁノラチモチヒノぁヘノホノウユテテナモモぁニミぎソモソマヒマヤマラチメノんツノホ
0x2A5BE8	47	ぁどモだノホぁノラチモチヒノぁヘノホノウユテテナモモぁニミぎソモソヤノヤフナソツヌソぇんツノホ
0x2A5C18	47	ぁどモだノホぁノラチモチヒノぁヘノホノウユテテナモモぁニミぎソモソヤノヤフナソツヌソぅんツノホ
0x2A5C48	47	ぁどモだノホぁノラチモチヒノぁヘノホノウユテテナモモぁニミぎソモソヤノヤフナソツヌソぃんツノホ
0x2A5C78	47	ぁどモだノホぁノラチモチヒノぁヘノホノウユテテナモモぁニミぎソモソヤノヤフナソツヌソぃんツノホ
0x2A5CA8	47	ぁどモだノホぁノラチモチヒノぁヘノホノウユテテナモモぁニミぎソモソヤノヤフナソツヌソぉんツノホ
0x2A5CD8	47	ぁどモだノホぁノラチモチヒノぁヘノホノウユテテナモモぁニミぎソモソヤノヤフナソツヌソぉんツノホ
0x2A5D08	43	ぁどモだノホぁノラチモチヒノぁヘノホノウユテテナモモぁニミぎソモソトナヘマソぃんツノホ
0x2A5D34	43	ぁどモだノホぁノラチモチヒノぁヘノホノウユテテナモモぁニミぎソモソトナヘマソぅんツノホ
0x2A5D60	57	ズもとい学といとやといＱもといぁどモだノホぁノラチモチヒノぁヘノホノウユテテナモモぁニミぎソモソナホトソぉんツノホ
0x2A5D9C	42	ぁどモだノホぁノラチモチヒノぁヘノホノウユテテナモモぁニミぎソモソナホトソぅんツノホ
0x2A5DC8	42	ぁどモだノホぁノラチモチヒノぁヘノホノウユテテナモモぁニミぎソモソナホトソぃんツノホ
0x2A5DF4	42	ぁどモだノホぁノラチモチヒノぁヘノホノウユテテナモモぁニミぎソモソナホトソぇんツノホ
0x2A5E20	47	ぁどモだノホぁノラチモチヒノぁヘノホノウユテテナモモぁニミぎソモソナホトソマツハソぃぃんツノホ
0x2A5E50	42	ぁどモだノホぁノラチモチヒノぁヘノホノウユテテナモモぁニミぎソモソテヘソぃぃんツノホ
0x2A5E7C	46	ぁどモだノホぁノラチモチヒノぁヘノホノウユテテナモモぁニミぎソモソテヘソマツハソぃぃんツノホ
0x2A5EAC	42	ぁどモだノホぁノラチモチヒノぁヘノホノウユテテナモモぁニミぎソモソテヘソぃぅんツノホ
0x2A5ED8	46	ぁどモだノホぁノラチモチヒノぁヘノホノウユテテナモモぁニミぎソモソテヘソマツハソぃぃんツノホ
0x2A5F08	47	ぁどモだノホぁノラチモチヒノぁヘノホノウユテテナモモぁニミぎソモソテフナチメソぅぃソヨんツノホ
0x2A5F38	47	ぁどモだノホぁノラチモチヒノぁヘノホノウユテテナモモぁニミぎソモソテフナチメソぅぃソヨんツノホ
0x2A5F68	49	ぁどモだノホぁノラチモチヒノぁヘノホノウユテテナモモぁニミぎソモソテフナチメソぅぃソマツハんツノホ
0x2A5F9C	49	ぁどモだノホぁノラチモチヒノぁヘノホノウユテテナモモぁニミぎソモユソヘチノホソヌソぃぃソヨんツノホ
0x2A5FD0	50	ぁどモだノホぁノラチモチヒノぁヘノホノウユテテナモモぁニミぎソモユソヘチノホソヌソマツハぃぃんツノホ
0x2A61B1	80	ラそいＡリそいワゥそいヂゥそいＡゥそいＹゥそい❤ゥそい蛄そいしェそいやェそいシェそいヂェそいＡェそいＹェそい❤ェそい蛟そいぜォそいゲォそい２ォそいＱォそい　そい
0x2A62E9	74	ロそいとワそいわワそいづワそいシワそいヤワそい㎞ョそいゲワそいと擦い❤ヲそいぁどモだノホぁヘノユメチぁミナホチぁマミぎソマメナソヘナノホソヨんツノホ
0x2A6338	38	ぁどモだノホぁヘノユメチぁミナホチぁマミぎソマメナソヘナノホソマツハんツノホ
0x2A6360	51	ぁどモだノホぁノラチモチヒノぁヘノホノウユテテナモモぁニミぎソモトソマヒチノヘマホマソぃぃソヨんツノホ
0x2A63A4	4	くザそい
0x2A63AC	4	みザそい
0x2A63B4	4	がザそい
0x2A63BC	4	ぽザそい
0x2A63C4	4	ネザそい
0x2A63CC	4	ァザそい
0x2A63D4	4	バザそい
0x2A63DC	4	バザそい
0x2A63E4	4	ぽジそい
0x2A63EC	4	ネジそい
0x2A63F4	4	ァジそい
0x2A63FC	4	Ｅジそい
0x2A6404	4	❤ジそい
0x2A640C	4	くズそい
0x2A6414	4	っズそい
0x2A641C	4	タズそい
0x2A6424	4	ゲズそい
0x2A642C	4	Ｉズそい
0x2A6434	4	❤ズそい
0x2A643C	4	えゼそい
0x2A6444	4	わゼそい
0x2A649C	4	エゼそい
0x2A6544	4	ォゼそい
0x2A654C	4	ォゼそい
0x2A6554	4	ォゼそい
0x2A655C	4	ォゼそい
0x2A6564	4	ョゼそい
0x2A656C	4	ゲゼそい
0x2A6574	4	２ゼそい
0x2A657C	4	Ｑゼそい
0x2A6584	4	」ゼそい
0x2A6594	4	えゾそい
0x2A659C	4	えゾそい
0x2A65A4	4	えゾそい
0x2A65AC	4	えゾそい
0x2A65B4	4	ふゾそい
0x2A65BC	4	えゾそい
0x2A65C4	4	えゾそい
0x2A65CC	4	えゾそい
0x2A65D4	4	ぱゾそい
0x2A65DC	4	フゾそい
0x2A65E4	4	Ａゾそい
0x2A65EC	4	→ゾそい
0x2A65F4	4	えゾそい
0x2A65FC	4	えゾそい
0x2A6604	4	えゾそい
0x2A660C	4	えゾそい
0x2A6614	4	しダそい
0x2A661C	4	づダそい
0x2A6624	4	えゾそい
0x2A662C	4	えゾそい
0x2A6634	4	Ｉダそい
0x2A663C	4	→ダそい
0x2A6644	4	えゾそい
0x2A664C	4	えゾそい
0x2A6654	4	㎞ダそい
0x2A6664	4	えゾそい
0x2A666C	4	ワダそい
0x2A6674	4	えゾそい
0x2A667C	4	とヂそい
0x2A6684	4	わヂそい
0x2A668C	4	えゾそい
0x2A6694	4	えゾそい
0x2A669C	4	えゾそい
0x2A66A4	4	えゾそい
0x2A66AC	4	づヂそい
0x2A66B4	4	シヂそい
0x2A66BC	4	えゾそい
0x2A66C4	4	ヤヂそい
0x2A66CC	4	ゲヂそい
0x2A66D4	4	えゾそい
0x2A66DC	4	えゾそい
0x2A66E4	4	えゾそい
0x2A66EC	4	えゾそい
0x2A66F4	4	えゾそい
0x2A66FC	4	えゾそい
0x2A6704	4	えゾそい
0x2A6714	4	ゲゾそい
0x2A6724	4	えゾそい
0x2A672C	4	えゾそい
0x2A6734	4	っゾそい
0x2A673C	4	２ヂそい
0x2A674C	4	Ｑヂそい
0x2A6754	4	」ヂそい
0x2A675C	4	えヅそい
0x2A6764	4	ふヅそい
0x2A676C	4	えゾそい
0x2A6774	4	っヅそい
0x2A677C	4	ぱヅそい
0x2A6784	4	えゾそい
0x2A678C	4	えゾそい
0x2A6794	4	づドそい
0x2A679C	4	シドそい
0x2A6894	4	えゾそい
0x2A689C	4	えゾそい
0x2A68A4	4	えゾそい
0x2A68AC	4	えゾそい
0x2A68B4	4	えゾそい
0x2A68BC	4	えゾそい
0x2A68D4	4	トヅそい
0x2A68DC	4	ワヅそい
0x2A68E4	4	えゾそい
0x2A68EC	4	えゾそい
0x2A68F4	4	ヂヅそい
0x2A68FC	4	Ａヅそい
0x2A6904	4	えゾそい
0x2A690C	4	Ｙヅそい
0x2A691C	4	しデそい
0x2A6924	4	えゾそい
0x2A692C	4	えゾそい
0x2A6934	4	えゾそい
0x2A693C	4	えゾそい
0x2A6944	4	えゾそい
0x2A694C	4	えゾそい
0x2A6954	4	❤ヅそい
0x2A695C	4	やデそい
0x2A6964	4	ごデそい
0x2A696C	4	エデそい
0x2A6974	4	フデそい
0x2A697C	4	ォデそい
0x2A6984	4	ボデそい
0x2A698C	4	えゾそい
0x2A6994	4	えゾそい
0x2A699C	4	Ｉデそい
0x2A69A4	4	→デそい
0x2A69AC	4	㎞デそい
0x2A69B4	4	えゾそい
0x2A69BC	4	えゾそい
0x2A69C4	4	えゾそい
0x2A69CC	4	とドそい
0x2A69D4	4	わドそい
0x2A69DC	4	えゾそい
0x2A69EC	4	えゾそい
0x2A69F4	4	えゾそい
0x2A69FC	4	えゾそい
0x2A6A94	4	ネ◎そい
0x2A6A9C	4	ネ◎そい
0x2A6AA4	4	ネ◎そい
0x2A6AAC	4	ネ◎そい
0x2A6AB4	4	ネ◎そい
0x2A6ABC	4	ネ◎そい
0x2A6AC4	4	ネ◎そい
0x2A6ACC	4	ネ◎そい
0x2A6AD4	4	ネ◎そい
0x2A6ADC	4	ネ◎そい
0x2A6AE4	4	ネ◎そい
0x2A6AEC	4	ネ◎そい
0x2A6AF4	4	ネ◎そい
0x2A6AFC	4	ネ◎そい
0x2A6B04	4	ネ◎そい
0x2A6B0C	4	ネ◎そい
0x2A6B14	4	ネ◎そい
0x2A6B1C	4	ネ◎そい
0x2A6B24	4	ネ◎そい
0x2A6B2C	4	ネ◎そい
0x2A6B34	4	ネ◎そい
0x2A6B3C	4	ネ◎そい
0x2A6B44	4	ネ◎そい
0x2A6B4C	4	ネ◎そい
0x2A6B54	4	ネ◎そい
0x2A6B94	4	ヤドそい
0x2A6BA4	4	ふバそい
0x2A6BAC	4	ズバそい
0x2A6BB4	4	Ｉバそい
0x2A6BBC	4	！バそい
0x2A6BCC	4	びビそい
0x2A6BDC	4	Ａブそい
0x2A6BE4	4	フベそい
0x2A6BEC	4	わボそい
0x2A6BF4	4	ヂプそい
0x2A6BFC	4	くペそい
0x2A6C04	4	みペそい
0x2A6C0C	4	がペそい
0x2A6C14	4	りポそい
0x2A6C1C	4	ぜポそい
0x2A6C24	4	クポそい
0x2A6C2C	4	ミポそい
0x2A6C34	4	ョポそい
0x2A6C3C	4	❤ポそい
0x2A6C4C	4	り０そい
0x2A6C5C	4	たポそい
0x2A6C64	4	づ０そい
0x2A6C6C	4	シ０そい
0x2A6C74	4	ヤ０そい
0x2A6C7C	4	ゲ０そい
0x2A6C84	4	２０そい
0x2A6C8C	4	Ｑ０そい
0x2A6C9C	4	や１そい
0x2A6CA4	4	ク１そい
0x2A6CAC	4	ミ１そい
0x2A6CB4	4	ョ１そい
0x2A6CBC	4	ペ１そい
0x2A6D24	4	Ｍ１そい
0x2A6D2C	4	Ｍ１そい
0x2A6D34	4	Ｍ１そい
0x2A6D3C	4	Ｍ１そい
0x2A6D44	4	Ｍ１そい
0x2A6D4C	4	Ｍ１そい
0x2A6D54	4	Ｍ１そい
0x2A6D5C	4	Ｍ１そい
0x2A6D64	4	Ｍ１そい
0x2A6D6C	4	Ｍ１そい
0x2A6D74	4	Ｍ１そい
0x2A6D7C	4	Ｍ１そい
0x2A6D84	4	Ｍ１そい
0x2A6D8C	4	Ｍ１そい
0x2A6D94	4	Ｍ１そい
0x2A6D9C	4	Ｍ１そい
0x2A6DA4	4	Ｍ１そい
0x2A6DAC	4	Ｍ１そい
0x2A6DB4	4	Ｍ１そい
0x2A6DBC	4	Ｍ１そい
0x2A6DD4	4	Ａ４そい
0x2A6DDC	4	ぜ５そい
0x2A6DE4	4	Ｙ５そい
0x2A6DEC	4	ヂ６そい
0x2A6DF4	4	タ７そい
0x2A6DFC	4	！７そい
0x2A6E04	4	エ８そい
0x2A6E0C	4	！８そい
0x2A6E14	4	ぽ９そい
0x2A6E1C	4	（９そい
0x2A6E24	4	トＡそい
0x2A6E2C	4	ミＢそい
0x2A6E34	4	ぽＣそい
0x2A6E3C	4	ぽＣそい
0x2A6E44	4	ぽＣそい
0x2A6E4C	4	ぽＣそい
0x2A6E54	4	ぽＣそい
0x2A6E5C	4	ぽＣそい
0x2A6E64	4	ぽＣそい
0x2A6E6C	4	ぽＣそい
0x2A6ED4	4	ネＣそい
0x2A6EDC	4	ネＣそい
0x2A6EE4	4	ネＣそい
0x2A6EEC	4	ネＣそい
0x2A6EF4	4	ネＣそい
0x2A6EFC	4	ネＣそい
0x2A6F04	4	ネＣそい
0x2A6F0C	4	ネＣそい
0x2A6F14	4	ネＣそい
0x2A6F24	4	ネＣそい
0x2A6F2C	4	ネＣそい
0x2A6F34	4	ネＣそい
0x2A6F3C	4	ネＣそい
0x2A6F44	4	ネＣそい
0x2A6F4C	4	ネＣそい
0x2A6F54	4	ネＣそい
0x2A6F64	4	ァＣそい
0x2A6F6C	4	ァＣそい
0x2A6F74	4	ァＣそい
0x2A6F7C	4	ァＣそい
0x2A6F84	4	ァＣそい
0x2A6F8C	4	ァＣそい
0x2A6F94	4	ァＣそい
0x2A6F9C	4	ァＣそい
0x2A6FA4	4	ァＣそい
0x2A6FAC	4	ァＣそい
0x2A6FB4	4	ァＣそい
0x2A6FBC	4	ァＣそい
0x2A6FC4	4	ァＣそい
0x2A6FCC	4	ァＣそい
0x2A6FD4	4	ァＣそい
0x2A6FDC	4	バＣそい
0x2A6FE4	4	バＣそい
0x2A6FEC	4	バＣそい
0x2A6FF4	4	バＣそい
0x2A6FFC	4	バＣそい
0x2A7004	4	バＣそい
0x2A700C	4	バＣそい
0x2A705C	4	Ａポそい
0x2A706C	4	Ｙペそい
0x2A7074	4	」ペそい
0x2A707C	4	㎞ペそい
0x2A7234	4	と４そい
0x2A723C	4	と４そい
0x2A7244	4	と４そい
0x2A724C	4	と４そい
0x2A7254	4	と４そい
0x2A725C	4	と４そい
0x2A7264	4	と４そい
0x2A726C	4	と４そい
0x2A7274	4	ＥＣそい
0x2A727C	4	ＥＣそい
0x2A7284	4	ＥＣそい
0x2A728C	4	ＥＣそい
0x2A7294	4	ＥＣそい
0x2A729C	4	ＥＣそい
0x2A72D4	4	㎞Ｃそい
0x2A72DC	4	㎞Ｃそい
0x2A72E4	4	㎞Ｃそい
0x2A72EC	4	㎞Ｃそい
0x2A72F4	4	㎞Ｃそい
0x2A72FC	4	㎞Ｃそい
0x2A7334	4	とＤそい
0x2A734C	4	ふＥそい
0x2A7354	4	びＥそい
0x2A735C	4	タＥそい
0x2A7364	4	ズＥそい
0x2A736C	4	わＦそい
0x2A7374	4	ぃＦそい
0x2A737C	4	ぱＦそい
0x2A7384	4	くＧそい
0x2A738C	4	ョＨそい
0x2A7394	4	ゲＨそい
0x2A739C	4	とＩそい
0x2A7564	4	くＪそい
0x2A756C	4	くＪそい
0x2A7574	4	くＪそい
0x2A757C	4	くＪそい
0x2A7584	4	くＪそい
0x2A758C	4	くＪそい
0x2A7594	4	くＪそい
0x2A759C	4	くＪそい
0x2A75A4	4	くＪそい
0x2A75AC	4	くＪそい
0x2A75B4	4	くＪそい
0x2A75D4	4	くＪそい
0x2A75DC	4	くＪそい
0x2A75E4	4	くＪそい
0x2A75EC	4	くＪそい
0x2A75F4	4	くＪそい
0x2A75FC	4	くＪそい
0x2A760C	4	くＪそい
0x2A7614	4	くＪそい
0x2A761C	4	くＪそい
0x2A7624	4	くＪそい
0x2A764C	4	→Ｌそい
0x2A7654	4	ＹＫそい
0x2A765C	4	ＹＫそい
0x2A7664	4	ＹＫそい
0x2A766C	4	ＹＫそい
0x2A7674	4	ＹＫそい
0x2A767C	4	ＹＫそい
0x2A7684	4	ＹＫそい
0x2A768C	4	ＹＫそい
0x2A7694	4	ＹＫそい
0x2A769C	4	ＹＫそい
0x2A76A4	4	ＹＫそい
0x2A76AC	4	ＹＫそい
0x2A76B4	4	ＹＫそい
0x2A76BC	4	ＹＫそい
0x2A76C4	4	ＹＫそい
0x2A76CC	4	ＹＫそい
0x2A76D4	4	ＹＫそい
0x2A76DC	4	ＹＫそい
0x2A76E4	4	ＹＫそい
0x2A76EC	4	ＹＫそい
0x2A76F4	4	ＹＫそい
0x2A76FC	4	ＹＫそい
0x2A7704	4	ＹＫそい
0x2A770C	4	ＹＫそい
0x2A7714	4	ＹＫそい
0x2A771C	4	ＹＫそい
0x2A7724	4	ＹＫそい
0x2A772C	4	ＹＫそい
0x2A7734	4	ＹＫそい
0x2A773C	4	ＹＫそい
0x2A7744	4	ＹＫそい
0x2A774C	4	ＹＫそい
0x2A7754	4	ＹＫそい
0x2A775C	4	ＹＫそい
0x2A7764	4	ＹＫそい
0x2A776C	4	ＹＫそい
0x2A7774	4	ＹＫそい
0x2A777C	4	ＹＫそい
0x2A7784	4	ＹＫそい
0x2A778C	4	ＹＫそい
0x2A7794	4	ＹＫそい
0x2A779C	4	ＹＫそい
0x2A77A4	4	ＹＫそい
0x2A77AC	4	ＹＫそい
0x2A77B4	4	ＹＫそい
0x2A77BC	4	ＹＫそい
0x2A77C4	4	ＹＫそい
0x2A77CC	4	ＹＫそい
0x2A77D4	4	ＹＫそい
0x2A77DC	4	ＹＫそい
0x2A77E4	4	ＹＫそい
0x2A77EC	4	ＹＫそい
0x2A77F4	4	ＹＫそい
0x2A77FC	4	ＹＫそい
0x2A7804	4	ＹＫそい
0x2A780C	4	ＹＫそい
0x2A7814	4	ＹＫそい
0x2A781C	4	ＹＫそい
0x2A7824	4	ＹＫそい
0x2A782C	4	ＹＫそい
0x2A7834	4	ＹＫそい
0x2A783C	4	ＹＫそい
0x2A7844	4	ＹＫそい
0x2A784C	4	ＹＫそい
0x2A7854	4	ＹＫそい
0x2A785C	4	ＹＫそい
0x2A7864	4	ＹＫそい
0x2A786C	4	ＹＫそい
0x2A7874	4	ＹＫそい
0x2A787C	4	ＹＫそい
0x2A7884	4	ＹＫそい
0x2A788C	4	ＹＫそい
0x2A7894	4	ＹＫそい
0x2A789C	4	ＹＫそい
0x2A78A4	4	ＹＫそい
0x2A78AC	4	ＹＫそい
0x2A78B4	4	ＹＫそい
0x2A78BC	4	ＹＫそい
0x2A78C4	4	ＹＫそい
0x2A78CC	4	ＹＫそい
0x2A78D4	4	ＹＫそい
0x2A78DC	4	ＹＫそい
0x2A78E4	4	ＹＫそい
0x2A78EC	4	ＹＫそい
0x2A78F4	4	ＹＫそい
0x2A78FC	4	ＹＫそい
0x2A7904	4	ＹＫそい
0x2A790C	4	ＹＫそい
0x2A7914	4	ＹＫそい
0x2A791C	4	ＹＫそい
0x2A7924	4	ＹＫそい
0x2A792C	4	ＹＫそい
0x2A7934	4	ＹＫそい
0x2A793C	4	ＹＫそい
0x2A7944	4	ＹＫそい
0x2A794C	4	ＹＫそい
0x2A7954	4	ＹＫそい
0x2A795C	4	ＹＫそい
0x2A7964	4	ＹＫそい
0x2A796C	4	ＹＫそい
0x2A7974	4	ＹＫそい
0x2A797C	4	ＹＫそい
0x2A7984	4	ＹＫそい
0x2A798C	4	ＹＫそい
0x2A7994	4	ＹＫそい
0x2A799C	4	ＹＫそい
0x2A79A4	4	ＹＫそい
0x2A79AC	4	ＹＫそい
0x2A79B4	4	ＹＫそい
0x2A79BC	4	ＹＫそい
0x2A79D4	4	えＯそい
0x2A79DC	4	えＯそい
0x2A79E4	4	えＯそい
0x2A79EC	4	えＯそい
0x2A79F4	4	えＯそい
0x2A79FC	4	えＯそい
0x2A7A04	4	えＯそい
0x2A7A0C	4	えＯそい
0x2A7A14	4	えＯそい
0x2A7A1C	4	えＯそい
0x2A7A24	4	えＯそい
0x2A7A2C	4	えＯそい
0x2A7A34	4	えＯそい
0x2A7A3C	4	えＯそい
0x2A7A44	4	えＯそい
0x2A7A4C	4	えＯそい
0x2A7A54	4	えＯそい
0x2A7A5C	4	えＯそい
0x2A7A64	4	えＯそい
0x2A7A6C	4	えＯそい
0x2A7A74	4	トＰそい
0x2A7C94	4	Ｙポそい
0x2A7C9C	4	Ｙポそい
0x2A7CA4	4	Ｙポそい
0x2A7CAC	4	Ｙポそい
0x2A7CB4	4	Ｙポそい
0x2A7CBC	4	Ｙポそい
0x2A7CC4	4	Ｙポそい
0x2A7CCC	4	Ｙポそい
0x2A7CD4	4	Ｙポそい
0x2A7CDC	4	Ｙポそい
0x2A7CE4	4	Ｙポそい
0x2A7CEC	4	Ｙポそい
0x2A7D3C	60	❤Ｐそい（Ｐそいぁどモだノホぁノラチモチヒノぁヘチヒナミフチルナメぁニミぎソヌユルソテネチメチヘチヒナソぃぃソヨんツノホ
0x2A7D7C	52	ぁどモだノホぁノラチモチヒノぁヘチヒナミフチルナメぁニミぎソヌユルソテネチメチヘチヒナソぅぃソヨんツノホ
0x2A7DB4	52	ぁどモだノホぁノラチモチヒノぁヘチヒナミフチルナメぁニミぎソヌユルソテネチメチヘチヒナソぅぃソヨんツノホ
0x2A7DEC	53	ぁどモだノホぁノラチモチヒノぁヘチヒナミフチルナメぁニミぎソヌユルソテネチメチヘチヒナソマツハソぃんツノホ
0x2A7E24	52	ぁどモだノホぁノラチモチヒノぁヘチヒナミフチルナメぁニミぎソヌユルソテネチメチヘチヒナソぃぃソヨんツノホ
0x2A7E5C	52	ぁどモだノホぁノラチモチヒノぁヘチヒナミフチルナメぁニミぎソヌユルソテネチメチヘチヒナソぅぃソヨんツノホ
0x2A7E94	52	ぁどモだノホぁノラチモチヒノぁヘチヒナミフチルナメぁニミぎソヌユルソテネチメチヘチヒナソぃぃソヨんツノホ
0x2A7ECC	52	ぁどモだノホぁノラチモチヒノぁヘチヒナミフチルナメぁニミぎソヌユルソテネチメチヘチヒナソぅぃソヨんツノホ
0x2A7F04	52	ぁどモだノホぁノラチモチヒノぁヘチヒナミフチルナメぁニミぎソヌユルソテネチメチヘチヒナソぃぃソヨんツノホ
0x2A7F3C	52	ぁどモだノホぁノラチモチヒノぁヘチヒナミフチルナメぁニミぎソヌユルソテネチメチヘチヒナソぅぃソヨんツノホ
0x2A7F74	52	ぁどモだノホぁノラチモチヒノぁヘチヒナミフチルナメぁニミぎソヌユルソテネチメチヘチヒナソぃぃソヨんツノホ
0x2A7FAC	52	ぁどモだノホぁノラチモチヒノぁヘチヒナミフチルナメぁニミぎソヌユルソテネチメチヘチヒナソぅぃソヨんツノホ
0x2A7FE4	52	ぁどモだノホぁノラチモチヒノぁヘチヒナミフチルナメぁニミぎソヌユルソテネチメチヘチヒナソぃぃソヨんツノホ
0x2A801C	52	ぁどモだノホぁノラチモチヒノぁヘチヒナミフチルナメぁニミぎソヌユルソテネチメチヘチヒナソぅぃソヨんツノホ
0x2A8054	52	ぁどモだノホぁノラチモチヒノぁヘチヒナミフチルナメぁニミぎソヌユルソテネチメチヘチヒナソぃぃソヨんツノホ
0x2A808C	52	ぁどモだノホぁノラチモチヒノぁヘチヒナミフチルナメぁニミぎソヌユルソテネチメチヘチヒナソぅぃソヨんツノホ
0x2A80C4	52	ぁどモだノホぁノラチモチヒノぁヘチヒナミフチルナメぁニミぎソヌユルソテネチメチヘチヒナソぃぃソヨんツノホ
0x2A80FC	52	ぁどモだノホぁノラチモチヒノぁヘチヒナミフチルナメぁニミぎソヌユルソテネチメチヘチヒナソぅぃソヨんツノホ
0x2A8134	52	ぁどモだノホぁノラチモチヒノぁヘチヒナミフチルナメぁニミぎソヌユルソテネチメチヘチヒナソぃぃソヨんツノホ
0x2A816C	52	ぁどモだノホぁノラチモチヒノぁヘチヒナミフチルナメぁニミぎソヌユルソテネチメチヘチヒナソぅぃソヨんツノホ
0x2A81A4	52	ぁどモだノホぁノラチモチヒノぁヘチヒナミフチルナメぁニミぎソヌユルソテネチメチヘチヒナソぃぃソヨんツノホ
0x2A81DC	52	ぁどモだノホぁノラチモチヒノぁヘチヒナミフチルナメぁニミぎソヌユルソテネチメチヘチヒナソぅぃソヨんツノホ
0x2A8214	52	ぁどモだノホぁノラチモチヒノぁヘチヒナミフチルナメぁニミぎソヌユルソテネチメチヘチヒナソぃぃソヨんツノホ
0x2A824C	52	ぁどモだノホぁノラチモチヒノぁヘチヒナミフチルナメぁニミぎソヌユルソテネチメチヘチヒナソぅぃソヨんツノホ
0x2A8284	54	ぁどモだノホぁノラチモチヒノぁヘチヒナミフチルナメぁニミぎソヌユルソテネチメチヘチヒナソユミぃぃソヨんツノホ
0x2A82BC	54	ぁどモだノホぁノラチモチヒノぁヘチヒナミフチルナメぁニミぎソヌユルソテネチメチヘチヒナソユミぃぃソヨんツノホ
0x2A82F4	47	ぁどモだノホぁノラチモチヒノぁヘチヒナミフチルナメぁニミぎソテネチメチヘチヒナソぃソヨんツノホ
0x2A8324	47	ぁどモだノホぁノラチモチヒノぁヘチヒナミフチルナメぁニミぎソテネチメチヘチヒナソぃソヨんツノホ
0x2A8354	47	ぁどモだノホぁノラチモチヒノぁヘチヒナミフチルナメぁニミぎソテネチメチヘチヒナソぃソヨんツノホ
0x2A8384	49	ぁどモだノホぁノラチモチヒノぁヘチヒナミフチルナメぁニミぎソテネチメチヘチヒナソマツハソぃんツノホ
0x2A83B8	8	がネミリズネ◎リ
0x2A83C4	24	りがタびネがペび６が（びりぽタタネぽペタ６ぽ（ミ
0x2A83E0	36	りがタびネがペび６が（びりぽタタネぽペタ６ぽ（タりネタリネネペリ６ネ（ョ
0x2A8408	47	ぁどモだノホぁノラチモチヒノぁヘチヒナミフチルナメぁニミぎソテネチメチヘチヒナソぃソヨんツノホ
0x2A8438	47	ぁどモだノホぁノラチモチヒノぁヘチヒナミフチルナメぁニミぎソテネチメチヘチヒナソぃソヨんツノホ
0x2A8468	47	ぁどモだノホぁノラチモチヒノぁヘチヒナミフチルナメぁニミぎソテネチメチヘチヒナソぃソヨんツノホ
0x2A8498	47	ぁどモだノホぁノラチモチヒノぁヘチヒナミフチルナメぁニミぎソテネチメチヘチヒナソぃソヨんツノホ
0x2A84C8	47	ぁどモだノホぁノラチモチヒノぁヘチヒナミフチルナメぁニミぎソテネチメチヘチヒナソぃソヨんツノホ
0x2A84F8	47	ぁどモだノホぁノラチモチヒノぁヘチヒナミフチルナメぁニミぎソテネチメチヘチヒナソぃソヨんツノホ
0x2A8528	49	ぁどモだノホぁノラチモチヒノぁヘチヒナミフチルナメぁニミぎソテネチメチヘチヒナソマツハソぃんツノホ
0x2A855C	47	ぁどモだノホぁノラチモチヒノぁヘチヒナミフチルナメぁニミぎソテネチメチヘチヒナソぃソヨんツノホ
0x2A858C	49	ぁどモだノホぁノラチモチヒノぁヘチヒナミフチルナメぁニミぎソテネチメチヘチヒナソマツハソぃんツノホ
0x2A85C0	47	ぁどモだノホぁノラチモチヒノぁヘチヒナミフチルナメぁニミぎソテネチメチヘチヒナソぃソヨんツノホ
0x2A85F0	49	ぁどモだノホぁノラチモチヒノぁヘチヒナミフチルナメぁニミぎソテネチメチヘチヒナソマツハソぃんツノホ
0x2A8624	47	ぁどモだノホぁノラチモチヒノぁヘチヒナミフチルナメぁニミぎソテネチメチヘチヒナソぃソヨんツノホ
0x2A8654	49	ぁどモだノホぁノラチモチヒノぁヘチヒナミフチルナメぁニミぎソテネチメチヘチヒナソマツハソぃんツノホ
0x2A8688	47	ぁどモだノホぁノラチモチヒノぁヘチヒナミフチルナメぁニミぎソテネチメチヘチヒナソぃソヨんツノホ
0x2A86B8	49	ぁどモだノホぁノラチモチヒノぁヘチヒナミフチルナメぁニミぎソテネチメチヘチヒナソマツハソぃんツノホ
0x2A86EC	47	ぁどモだノホぁノラチモチヒノぁヘチヒナミフチルナメぁニミぎソテネチメチヘチヒナソぃソヨんツノホ
0x2A871C	49	ぁどモだノホぁノラチモチヒノぁヘチヒナミフチルナメぁニミぎソテネチメチヘチヒナソマツハソぃんツノホ
0x2A8750	47	ぁどモだノホぁノラチモチヒノぁヘチヒナミフチルナメぁニミぎソテネチメチヘチヒナソぃソヨんツノホ
0x2A8780	49	ぁどモだノホぁノラチモチヒノぁヘチヒナミフチルナメぁニミぎソテネチメチヘチヒナソマツハソぃんツノホ
0x2A87B8	5	ョ❤ていし
0x2A87F4	6	たりぃづああ
0x2A87FC	22	ぃりぽづぽりミづミりズづズりＥづＥり。づああ
0x2A88DC	42	ぁどモだノホぁヘノユメチぁルチヒルユぁニミぎソヤモナフソマツハソトマラホソぃんツノホ
0x2A8908	37	ぁどモだノホぁヘノユメチぁミナホチぁニミぎソミナホチソマツハソぃぃんツノホ
0x2A8930	6	たりあおしか
0x2A893E	6	タりうあせく
0x2A8945	6	ョりえいそけ
0x2A894C	6	Ｅりおうたこ
0x2A895A	4	たぽきさ
0x2A8961	6	がぽくかあす
0x2A8968	6	タぽけきいせ
0x2A896F	6	ョぽこくうそ
0x2A8976	6	Ｅぽさけえた
0x2A897D	6	！ぽかこおち
0x2A8984	5	たリすちか
0x2A898B	6	がリせしきあ
0x2A8992	6	タリそすくい
0x2A8999	6	ョリたせけう
0x2A89A0	6	Ｅリちそこえ
0x2A89A7	6	！リしたさつ
0x2A89AE	7	◎ペつつちおた
0x2A89B8	37	ぁどモだノホぁヘノユメチぁルチヒルユぁニミぎソヤモナフソユミソチぃんツノホ
0x2A89E0	39	ぁどモだノホぁヘノユメチぁルチヒルユぁニミぎソヤモナフソユミソぅぃソヨんツノホ
0x2A8A08	36	ぁどモだノホぁヘノユメチぁルチヒルユぁニミぎソヤモナフソぃぃソヨんツノホ
0x2A8A30	36	ぁどモだノホぁヘノユメチぁルチヒルユぁニミぎソヤモナフソチぃソヨんツノホ
0x2A8A58	42	ぁどモだノホぁヘノユメチぁルチヒルユぁニミぎソヤモナフソマツハソトマラホソぃんツノホ
0x2A8A84	36	ぁどモだノホぁヘノユメチぁルチヒルユぁニミぎソヤソヘチメヒソぃぃんツノホ
0x2A8AAC	36	ぁどモだノホぁヘノユメチぁルチヒルユぁニミぎソヤソヘチメヒソぃぅんツノホ
0x2A8AD4	39	ぁどモだノホぁヘノユメチぁルチヒルユぁニミぎソヤモナフソホチヘナソぃぃんツノホ
0x2A8B13	4	ねぃああ
0x2A8B20	7	いねクううあえ
0x2A8B28	12	ぽョええうおあ◎ペおおえ
0x2A8B3D	4	ねぃああ
0x2A8B52	12	ぽョええいおあ◎ペおおえ
0x2A8BB0	37	ぁどモだノホぁヘノユメチぁルチヒルユぁニミぎソヤモナフソユミソチぃんツノホ
0x2A8BD8	39	ぁどモだノホぁヘノユメチぁルチヒルユぁニミぎソヤモナフソユミソぃぃソヨんツノホ
0x2A8C00	36	ぁどモだノホぁヘノユメチぁルチヒルユぁニミぎソヤモナフソぇぃソヨんツノホ
0x2A8C28	36	ぁどモだノホぁヘノユメチぁルチヒルユぁニミぎソヤモナフソぇぃソヨんツノホ
0x2A8C50	36	ぁどモだノホぁヘノユメチぁルチヒルユぁニミぎソヤモナフソチぃソヨんツノホ
0x2A8C78	42	ぁどモだノホぁヘノユメチぁルチヒルユぁニミぎソヤモナフソマツハソトマラホソぃんツノホ
0x2A8CA4	6	がたあろやか
0x2A8CB2	6	リたうあよく
0x2A8CB9	6	バたえいらけ
0x2A8CC0	6	Ｍたおうりこ
0x2A8CC7	6	！たれえるさ
0x2A8CCE	4	がぜきさ
0x2A8CD3	210	しあクぜくかあすあリぜけきいせあバぜこくうそあＭぜさけえたあ！ぜかこおちあがエすちかつあクエせしきてあリエそすくとあバエたせけなあＭエちそこにあ！エしたさぬあがネてぬしねあクネとつすのあリネなてせはあバネにとそひあＭネぬなたふあ！ネつにちへあがワのへつほあクワはねてまあリワひのとみあバワふはなむあＭワへひにめあ！ワねふぬもあがズまもねやあクズみほのゆあリズむまはよあバズめみひらあＭズもむふりあ！ズほめへるあが２ゆるほ
0x2A8DA6	45	あク２よやまああリ２らゆみいあバ２りよむうあＭ２るらめえあ！２やりもおあくたろおれれいみた
0x2A8DD4	41	れろろうぁどモだノホぁヘノユメチぁルチヒルユぁニミぎソヤモナフソユミソチぃんツノホ
0x2A8E00	39	ぁどモだノホぁヘノユメチぁルチヒルユぁニミぎソヤモナフソユミソぅぃソヨんツノホ
0x2A8E28	36	ぁどモだノホぁヘノユメチぁルチヒルユぁニミぎソヤモナフソっぃソヨんツノホ
0x2A8E50	36	ぁどモだノホぁヘノユメチぁルチヒルユぁニミぎソヤモナフソチぃソヨんツノホ
0x2A8E78	42	ぁどモだノホぁヘノユメチぁルチヒルユぁニミぎソヤモナフソマツハソトマラホソぃんツノホ
0x2A8EA4	4	たペあい
0x2A8EAA	4	みタペい
0x2A8EAF	5	ああぃ◎ペ
0x2A8EB5	10	あいいたたりあおつか
0x2A8EC7	6	タりうあてく
0x2A8ECE	6	ョりえいてけ
0x2A8ED5	6	Ｅりおうとこ
0x2A8EE3	4	たぽきさ
0x2A8EEA	6	がぽくかあす
0x2A8EF1	6	タぽけきいせ
0x2A8EF8	6	ョぽこくうそ
0x2A8EFF	6	Ｅぽさけえた
0x2A8F06	6	！ぽかこおち
0x2A8F0D	6	たリすちかつ
0x2A8F14	6	がリせしきつ
0x2A8F1B	6	タリそすくて
0x2A8F22	6	ョリたせけて
0x2A8F29	6	Ｅリちそこと
0x2A8F30	6	！リしたさと
0x2A8F37	58	たペてとしあみタペとつすうぃ◎ペつてちおたぁどモだノホぁヘノユメチぁルチヒルユぁニミぎソヤモナフソユミソチぃんツノホ
0x2A8F74	39	ぁどモだノホぁヘノユメチぁルチヒルユぁニミぎソヤモナフソユミソぅぃソヨんツノホ
0x2A8F9C	39	ぁどモだノホぁヘノユメチぁルチヒルユぁニミぎソヤモナフソユミソぅぃソヨんツノホ
0x2A8FC4	36	ぁどモだノホぁヘノユメチぁルチヒルユぁニミぎソヤモナフソぃぃソヨんツノホ
0x2A8FEC	36	ぁどモだノホぁヘノユメチぁルチヒルユぁニミぎソヤモナフソチぃソヨんツノホ
0x2A9014	40	ぁどモだノホぁヘノユメチぁルチヒルユぁニミぎソヤモナフソマツハソユミソぃんツノホ
0x2A9040	16	ァケといタケといぜケといみケとい
0x2A9051	31	ケとい（クといＵクといペクといァコといタコといぜコといみコとい
0x2A9071	31	コとい（ケといＵケといペケといァサといタサといぜサといみサとい
0x2A9091	31	サとい（コといＵコといペコといァシといタシといぜシといみシとい
0x2A90B1	31	シとい（サといＵサといペサといァスといタスといぜスといみスとい
0x2A90D1	31	スとい（シといＵシといペシといァセといタセといぜセといみセとい
0x2A90F1	31	セとい（スといＵスといペスといァソといタソといぜソといみソとい
0x2A9111	31	ソとい（セといＵセといペセといァタといタタといぜタといみタとい
0x2A9131	31	タとい（ソといＵソといペソといァチといタチといぜチといみチとい
0x2A9151	31	チとい（タといＵタといペタといァツといタツといぜツといみツとい
0x2A9171	31	ツとい（チといＵチといペチといァテといタテといぜテといみテとい
0x2A9191	31	テとい（ツといＵツといペツといァトといタトといぜトといみトとい
0x2A91B1	31	トとい（テといＵテといペテといァナといタナといぜナといみナとい
0x2A91D1	31	ナとい（トといＵトといペトといァニといタニといぜニといみニとい
0x2A91F1	31	ニとい（ナといＵナといペナといァヌといタヌといぜヌといみヌとい
0x2A9211	31	ヌとい（ニといＵニといペニといァネといタネといぜネといみネとい
0x2A9231	31	ネとい（ヌといＵヌといペヌといァノといタノといぜノといみノとい
0x2A9251	31	ノとい（ネといＵネといペネといァハといタハといぜハといみハとい
0x2A92A1	6	なドすエお↓
0x2A92A8	7	？なヤすちお↑
0x2A92B9	6	ぢベい・くデ
0x2A92DB	26	ば（う（うＴうベいドあちあヒをくむ３とテし／くＯえヂ
0x2A9364	11	ずぢＴんセほＭのォたネ
0x2A93A1	6	なドすエお↓
0x2A93A8	7	？なヤすちお↑
0x2A93B9	6	ぢベい・くデ
0x2A93C1	14	ヴＮヴモヴをロリあっあちあＢ
0x2A93F9	46	うずうヴい（うふキビじにれアなふキビじにれアなふキビじにれアなふキビじにれアなリあっあちあＢ
0x2A9428	15	（う（う（う（うリあっあちあＢ
0x2A9464	11	ずぢＴんセほＭのォたネ
0x2A94A1	6	なドすエお↓
0x2A94A8	7	？なヤすちお↑
0x2A94B9	6	ぢベい・くデ
0x2A94C1	12	ヴＮヴウヴ↓ハ／くブえオ
0x2A94DB	23	ば（う（うソぶ❤っケやにねソぶ❤っケやにねタヲ
0x2A94F9	41	うずうヴい（うソぶ❤っケやにねソぶ❤っケやにねソぶ❤っケやにねソぶ❤っケやにねタヲ
0x2A9523	15	ヲＵワタミ（う（う（う（うタヲ
0x2A9533	47	ヲＵワタミ（う（う（う（うソぶ❤っケやにねソぶ❤っケやにねソぶ❤っケやにねソぶ❤っケやにねタず
0x2A9564	11	ずぢＴんセほＭのォたネ
0x2A95A1	6	なドすエお↓
0x2A95A8	7	？なヤすちお↑
0x2A95B9	6	ぢベい・くデ
0x2A9659	9	ヴＮヴモヴをロタず
0x2A9664	11	ずぢＴんセほＭのォたネ
0x2A96A1	6	なドすエお↓
0x2A96A8	7	？なヤすちお↑
0x2A96B9	6	ぢベい・くデ
0x2A96C1	12	ヴＮヴウヴ↓ハ／くブえオ
0x2A96E9	12	ヴＮヴウヴ↓ハ／くブえオ
0x2A9719	12	ヴＮヴウヴ↓ハ／くブえオ
0x2A9728	13	（う（う（う（う／くブえオ
0x2A9759	9	ヴＮヴウヴ↓ハタず
0x2A9764	11	ずぢＴんセほＭのォたネ
0x2A9780	46	まワまワまワまワまワまワまワまワまワまワまワまワまワまワまワまワーコイべ嫡ヒを？なヤすちお↑
0x2A97B9	6	ぢベい・くデ
0x2A97C1	12	ヴＮヴウヴ↓ハ／くブえオ
0x2A97E9	12	ヴＮヴウヴ↓ハ／くブえオ
0x2A9819	12	ヴＮヴウヴ↓ハ／くブえオ
0x2A9828	13	（う（う（う（う／くブえオ
0x2A9859	9	ヴＮヴウヴ↓ハタず
0x2A9864	11	ずぢＴんセほＭのォたネ
0x2A98A1	6	なドすエお↓
0x2A98A8	7	？なヤすちお↑
0x2A98B9	6	ぢベい・くデ
0x2A98C1	9	ヴブヴとヴマニタヲ
0x2A98E1	13	ヴブヴとヴマニみンＵユァヘ
0x2A9909	13	ヴブヴとヴマニみンＵユァヘ
0x2A9917	7	スみンＵユァヘ
0x2A9923	15	ムＵタァぱ（う（う（う（うタヲ
0x2A9933	15	ムＵタァぱ（う（う（う（うタヲ
0x2A9943	7	ムＵタァぱタヲ
0x2A9951	13	ヴブヴとヴマニみンＵユァヘ
0x2A9964	11	ずぢＴんセほＭのォたネ
0x2A99A1	6	なドすエお↓
0x2A99A8	7	？なヤすちお↑
0x2A99B9	6	ぢベい・くデ
0x2A99C1	14	ヴロマーコぅどＴくＯえＪえモ
0x2A99E1	22	ヴロマーコぅどプへスちはけＪえＴくＯえＪえモ
0x2A9A09	30	ヴロマーコぅどプへスちはけＪえプへスちはけＪえＴくＯえＪえモ
0x2A9A28	15	（う（う（う（うＴくＯえＪえモ
0x2A9A38	15	（う（う（う（うＴくＯえＪえモ
0x2A9A48	7	ＴくＯえＪえモ
0x2A9A51	17	ヴロマーコぅどプへスちはけＪえタず
0x2A9A64	11	ずぢＴんセほＭのォたネ
0x2A9AA1	6	なドすエお↓
0x2A9AA8	7	？なヤすちお↑
0x2A9AB9	6	ぢベい・くデ
0x2A9B51	17	ヴロマーコぅどぅど↑ぎヒをくむタず
0x2A9B64	11	ずぢＴんセほＭのォたネ
0x2A9BA1	6	なドすエお↓
0x2A9BA8	7	？なヤすちお↑
0x2A9BB9	6	ぢベい・くデ
0x2A9C19	73	ヴケマゾコ９ぎるを・や３ふテと（う（う（う（うるを・や３ふテと（う（う（う（うるを・や３ふテとるを・や３ふテとまにＴけソあひあまにＴけソあひあタず
0x2A9C64	11	ずぢＴんセほＭのォたネ
0x2A9CA1	6	なドすエお↓
0x2A9CA8	7	？なヤすちお↑
0x2A9CB9	6	ぢベい・くデ
0x2A9D59	9	ヴビロつモホツタず
0x2A9D64	11	ずぢＴんセほＭのォたネ
0x2A9DA1	6	なドすエお↓
0x2A9DA8	7	？なヤすちお↑
0x2A9DB9	6	ぢベい・くデ
0x2A9E59	9	ヴケロＧメんツタず
0x2A9E64	11	ずぢＴんセほＭのォたネ
0x2A9EA1	6	なドすエお↓
0x2A9EA8	7	？なヤすちお↑
0x2A9EB9	6	ぢベい・くデ
0x2A9EC9	4	くデえぉ
0x2A9F21	4	くデえぉ
0x2A9F28	9	（う（う（う（うて
0x2A9F41	4	くデえぉ
0x2A9F49	4	くデえぉ
0x2A9F50	16	Ｒヴキラ迷ぴコＲヴキラ迷ぴコタず
0x2A9F64	11	ずぢＴんセほＭのォたネ
0x2A9FA1	6	なドすエお↓
0x2A9FA8	7	？なヤすちお↑
0x2A9FB9	6	ぢベい・くデ
0x2AA039	40	ヴルラ迷ぴコいムポタタエぜがいムポタタエぜが６ヲゆユ０ネァぜ６ヲゆユ０ネァぜタず
0x2AA064	11	ずぢＴんセほＭのォたネ
0x2AA0A1	6	なドすエお↓
0x2AA0A8	7	？なヤすちお↑
0x2AA0B9	6	ぢベい・くデ
0x2AA151	17	ヴコヒＪカただぅど↑ぎヒをくむタず
0x2AA164	11	ずぢＴんセほＭのォたネ
0x2AA1A1	6	なドすエお↓
0x2AA1A8	7	？なヤすちお↑
0x2AA1B9	6	ぢベい・くデ
0x2AA259	8	ヴケモＨツ沼タず
0x2AA264	11	ずぢＴんセほＭのォたネ
0x2AA2A1	6	なドすエお↓
0x2AA2A8	7	？なヤすちお↑
0x2AA2B9	6	ぢベい・くデ
0x2AA359	9	ヴビロぉラゴホタず
0x2AA364	11	ずぢＴんセほＭのォたネ
0x2AA3A1	6	なドすエお↓
0x2AA3A8	7	？なヤすちお↑
0x2AA3B9	6	ぢベい・くデ
0x2AA419	71	ヴぎヌモぷ↑ぎべるくむ♂ねォた（う（う（う（うべるくむ♂ねォた（う（う（う（うべるくむ♂ねォたべるくむ♂ねォた嫡ゲぅべるくむ嫡ゲぅべるくむタず
0x2AA464	11	ずぢＴんセほＭのォたネ
0x2AA480	32	Ｕキといァキといみキといペキといぜキといタキといァクといタクとい
0x2AA4A1	15	クといみクといぜクとい（キとい
0x2AA4B1	11	キとい（カとい（カとい
0x2AA4BD	15	キとい（カとい（カといＵカとい
0x2AA4CD	43	キとい（カとい（カとい（カといァカといタカといタカといＵキといＵキといペカといＵキとい
0x2AA500	41	ぁどモだノホぁヘノユメチぁミナホチぁマミぎソミナホチソヒチノヘチヒユソぃぃんツノホ
0x2AA52C	41	ぁどモだノホぁヘノユメチぁミナホチぁマミぎソミナホチソヒチノヘチヒユソぃぅんツノホ
0x2AA558	41	ぁどモだノホぁヘノユメチぁミナホチぁマミぎソミナホチソヒチノヘチヒユソぃぇんツノホ
0x2AA584	41	ぁどモだノホぁヘノユメチぁミナホチぁマミぎソミナホチソヒチノヘチヒユソぃぉんツノホ
0x2AA5B0	35	ぁどモだノホぁヘノユメチぁミナホチぁマミぎソマメナフマヌマソヤんツノホ
0x2AA5D4	41	ぁどモだノホぁヘノユメチぁミナホチぁマミぎソミナホチソミフチルマニニソぃぃんツノホ
0x2AA600	41	ぁどモだノホぁヘノユメチぁミナホチぁマミぎソミナホチソミフチルマニニソぃぅんツノホ
0x2AA62C	41	ぁどモだノホぁヘノユメチぁミナホチぁマミぎソミナホチソミフチルマニニソぃぇんツノホ
0x2AA658	41	ぁどモだノホぁヘノユメチぁミナホチぁマミぎソミナホチソミフチルマニニソぃぉんツノホ
0x2AA684	35	ぁどモだノホぁヘノユメチぁミナホチぁマミぎソマメナフマヌマソヤんツノホ
0x2AA6A8	42	ぁどモだノホぁヘノユメチぁミナホチぁマミぎソミナホチソホノネマホヒチノソぃぃんツノホ
0x2AA6D4	42	ぁどモだノホぁヘノユメチぁミナホチぁマミぎソミナホチソホノネマホヒチノソぃぅんツノホ
0x2AA700	42	ぁどモだノホぁヘノユメチぁミナホチぁマミぎソミナホチソホノネマホヒチノソぃぇんツノホ
0x2AA72C	42	ぁどモだノホぁヘノユメチぁミナホチぁマミぎソミナホチソホノネマホヒチノソぃぉんツノホ
0x2AA758	35	ぁどモだノホぁヘノユメチぁミナホチぁマミぎソマメナフマヌマソヤんツノホ
0x2AA77C	39	ぁどモだノホぁヘノユメチぁミナホチぁマミぎソミナホチソルユモネマソぃぃんツノホ
0x2AA7A4	39	ぁどモだノホぁヘノユメチぁミナホチぁマミぎソミナホチソルユモネマソぃぅんツノホ
0x2AA7CC	39	ぁどモだノホぁヘノユメチぁミナホチぁマミぎソミナホチソルユモネマソぃぇんツノホ
0x2AA7F4	39	ぁどモだノホぁヘノユメチぁミナホチぁマミぎソミナホチソルユモネマソぃぉんツノホ
0x2AA81C	35	ぁどモだノホぁヘノユメチぁミナホチぁマミぎソマメナフマヌマソヤんツノホ
0x2AA840	40	ぁどモだノホぁヘノユメチぁミナホチぁマミぎソミナホチソホノネマホぅソぃぃんツノホ
0x2AA86C	40	ぁどモだノホぁヘノユメチぁミナホチぁマミぎソミナホチソホノネマホぅソぃぅんツノホ
0x2AA898	40	ぁどモだノホぁヘノユメチぁミナホチぁマミぎソミナホチソホノネマホぅソぃぇんツノホ
0x2AA8C4	40	ぁどモだノホぁヘノユメチぁミナホチぁマミぎソミナホチソホノネマホぅソぃぉんツノホ
0x2AA8F0	35	ぁどモだノホぁヘノユメチぁミナホチぁマミぎソマメナフマヌマソヤんツノホ
0x2AA914	35	ぁどモだノホぁヘノユメチぁミナホチぁマミぎソレチホホナホソぃぇんツノホ
0x2AA938	35	ぁどモだノホぁヘノユメチぁミナホチぁマミぎソレチホホナホソぃぃんツノホ
0x2AA95C	35	ぁどモだノホぁヘノユメチぁミナホチぁマミぎソレチホホナホソぃぅんツノホ
0x2AA9C0	6	ねねあめふき
0x2AA9CE	6	クねうあほけ
0x2AA9D5	6	リねえいまこ
0x2AA9DC	6	バねおうみさ
0x2AA9E3	6	Ｍねかえむし
0x2AA9EA	6	！ねきおめす
0x2AA9F1	4	ねがくか
0x2AA9F8	6	ががけきあそ
0x2AA9FF	6	クがこくいた
0x2AAA06	6	リがさけうち
0x2AAA0D	6	バがしこえつ
0x2AAA14	6	Ｍがすさおて
0x2AAA1B	6	！がせしかと
0x2AAA22	6	ねクそすきな
0x2AAA29	6	がクたせくに
0x2AAA30	6	ククちそけぬ
0x2AAA37	6	リクつたこね
0x2AAA3E	6	バクてちさの
0x2AAA45	6	Ｍクとつしは
0x2AAA4C	6	！クなてすひ
0x2AAA53	6	ねリにとせふ
0x2AAA5A	6	がリぬなそへ
0x2AAA61	6	クリねにたほ
0x2AAA68	6	リリのぬちま
0x2AAA6F	6	バリはねつみ
0x2AAA76	6	Ｍリひのてむ
0x2AAA7D	6	！リふはとめ
0x2AAA84	5	ねバへひな
0x2AAA8B	6	がバほふにあ
0x2AAA92	6	クバまへぬい
0x2AAA99	6	リバみほねう
0x2AAAA0	6	ババむまのえ
0x2AAAA7	6	Ｍバめみはお
0x2AAF2C	35	ぁどモだノホぁヘノユメチぁミナホチぁニミぎソミナホチソぃチソヨんツノホ
0x2AAF50	35	ぁどモだノホぁヘノユメチぁミナホチぁニミぎソミナホチソぃチソヨんツノホ
0x2AAF74	35	ぁどモだノホぁヘノユメチぁミナホチぁニミぎソミナホチソぃチソヨんツノホ
0x2AAF98	33	ぁどモだノホぁヘノユメチぁミナホチぁニミぎソミナホチソツヌんツノホ
0x2AAFBC	35	ぁどモだノホぁヘノユメチぁミナホチぁニミぎソミナホチソぃトソヨんツノホ
0x2AAFE0	35	ぁどモだノホぁヘノユメチぁミナホチぁニミぎソミナホチソぃトソヨんツノホ
0x2AB004	37	ぁどモだノホぁヘノユメチぁミナホチぁニミぎソミナホチソマツハソぃぃんツノホ
0x2AB02C	37	ぁどモだノホぁヘノユメチぁミナホチぁニミぎソミナホチソマツハソぃぃんツノホ
0x2AB054	35	ぁどモだノホぁヘノユメチぁミナホチぁニミぎソミナホチソぃトソヨんツノホ
0x2AB078	35	ぁどモだノホぁヘノユメチぁミナホチぁニミぎソミナホチソぃトソヨんツノホ
0x2AB09C	37	ぁどモだノホぁヘノユメチぁミナホチぁニミぎソミナホチソマツハソぃぃんツノホ
0x2AB0EA	6	ズぃいあいく
0x2AB10B	16	けあびミくかあこあズミくきいくあ
0x2AB11C	17	ズこけかけあびズこけきこあねぃああ
0x2AB158	16	けあびミくかあこあズミくきあくあ
0x2AB169	15	ズこけかけあびズこけきこあびぃ
0x2AB1A5	6	けあびミくか
0x2AB1AC	6	こあズミくき
0x2AB1B6	13	ズこけかけあびズこけきこあ
0x2AB1C4	5	みあいけう
0x2AB1DF	6	びびおうあき
0x2AB1E6	6	ズびうえいく
0x2AB1EE	20	ミきくうけあびミくかえこあズミかきおいあ
0x2AB203	4	ズここか
0x2AB23B	20	ミきかかけあびミくかきこあズミくきくくあ
0x2AB250	13	ズこけかけあびズこけきこあ
0x2AB260	33	ぁどモだノホぁヘノユメチぁミナホチぁニミぎソミナホチソツヌんツノホ
0x2AB284	33	ぁどモだノホぁヘノユメチぁミナホチぁニミぎソミナホチソツヌんツノホ
0x2AB2A8	37	ぁどモだノホぁヘノユメチぁミナホチぁニミぎソミナホチソマツハソぃぃんツノホ
0x2AB2D0	37	ぁどモだノホぁヘノユメチぁミナホチぁニミぎソミナホチソマツハソぃぃんツノホ
0x2AB2F8	35	ぁどモだノホぁヘノユメチぁミナホチぁニミぎソミナホチソぅツソヨんツノホ
0x2AB31C	35	ぁどモだノホぁヘノユメチぁミナホチぁニミぎソミナホチソぅツソヨんツノホ
0x2AB340	35	ぁどモだノホぁヘノユメチぁミナホチぁニミぎソミナホチソぅツソヨんツノホ
0x2AB364	35	ぁどモだノホぁヘノユメチぁミナホチぁニミぎソミナホチソぅツソヨんツノホ
0x2AB388	37	ぁどモだノホぁヘノユメチぁミナホチぁニミぎソミナホチソマツハソぃぃんツノホ
0x2AB3B0	37	ぁどモだノホぁヘノユメチぁミナホチぁニミぎソミナホチソマツハソぃぃんツノホ
0x2AB3D8	37	ぁどモだノホぁヘノユメチぁミナホチぁニミぎソミナホチソマツハソぃぃんツノホ
0x2AB400	37	ぁどモだノホぁヘノユメチぁミナホチぁニミぎソミナホチソマツハソぃぃんツノホ
0x2AB428	37	ぁどモだノホぁヘノユメチぁミナホチぁニミぎソミナホチソマツハソぃぃんツノホ
0x2AB450	35	ぁどモだノホぁヘノユメチぁミナホチぁニミぎソミナホチソぅツソヨんツノホ
0x2AB474	35	ぁどモだノホぁヘノユメチぁミナホチぁニミぎソミナホチソぅツソヨんツノホ
0x2AB498	35	ぁどモだノホぁヘノユメチぁミナホチぁニミぎソミナホチソぅツソヨんツノホ
0x2AB4BC	35	ぁどモだノホぁヘノユメチぁミナホチぁニミぎソミナホチソぅツソヨんツノホ
0x2AB4EB	5	あああぜ６
0x2AB4F8	40	ぁどモだノホぁヘノユメチぁミナホチぁニミぎソニノフナソユミソミソぃぃソヨんツノホ
0x2AB524	40	ぁどモだノホぁヘノユメチぁミナホチぁニミぎソニノフナソユミソミソぅぃソヨんツノホ
0x2AB550	40	ぁどモだノホぁヘノユメチぁミナホチぁニミぎソニノフナソユミソミソぃぃソヨんツノホ
0x2AB57C	40	ぁどモだノホぁノラチモチヒノぁモユテテナモモぁニミがソニノフナソぃぃソヨんツノホ
0x2AB5A8	43	ぁどモだノホぁノラチモチヒノぁモユテテナモモぁニミがソニノフナソツヌソぃぃソヨんツノホ
0x2AB5D4	42	ぁどモだノホぁノラチモチヒノぁモユテテナモモぁニミがソニノフナソマツハソぃぃんツノホ
0x2AB600	42	ぁどモだノホぁノラチモチヒノぁモユテテナモモぁニミがソニノフナソマツハソぃぃんツノホ
0x2AB62C	13	させちとぬはへみもよるわく
0x2AB647	54	あああクリうあいいいミリえいうういョリおうええいペリかえおおいＭリきおかかい。リくかききい　くきくくいみリい
0x2AB688	4	あクリう
0x2AB68D	44	いいいミリえいうういョリおうええいペリかえおおいＭリきおかかい。リくかききい　くきくくい
0x2AB6BC	35	ぁどモだノホぁヘノユメチぁミナホチぁニミぎソミナホチソぅっソヨんツノホ
0x2AB6E0	35	ぁどモだノホぁヘノユメチぁミナホチぁニミぎソミナホチソぅっソヨんツノホ
0x2AB704	35	ぁどモだノホぁヘノユメチぁミナホチぁニミぎソミナホチソぅっソヨんツノホ
0x2AB728	35	ぁどモだノホぁヘノユメチぁミナホチぁニミぎソミナホチソぅっソヨんツノホ
0x2AB74C	37	ぁどモだノホぁヘノユメチぁミナホチぁニミぎソミナホチソマツハソぃぃんツノホ
0x2AB774	37	ぁどモだノホぁヘノユメチぁミナホチぁニミぎソミナホチソマツハソぃぃんツノホ
0x2AB79C	37	ぁどモだノホぁヘノユメチぁミナホチぁニミぎソミナホチソマツハソぃぃんツノホ
0x2AB7C4	37	ぁどモだノホぁヘノユメチぁミナホチぁニミぎソミナホチソマツハソぃぃんツノホ
0x2AB7EC	37	ぁどモだノホぁヘノユメチぁミナホチぁニミぎソミナホチソマツハソぃぃんツノホ
0x2AB81B	4	たぜああ
0x2AB820	18	いあたタいいあういたァうういううたみ
0x2AB835	6	ああたぜああ
0x2AB84B	9	うゥ←ゥＫゥ／ゥ峨
0x2AB858	6	ゥＷゥＸゥ９
0x2AB860	4	ゥＤゥＬ
0x2AB868	6	ゥ（ゥ♀ゥ峨
0x2AB870	6	ゥＷゥＸゥ９
0x2AB878	4	ゥＤゥＬ
0x2AB880	6	ゥ（ゥ♀ゥ峨
0x2AB898	40	ぁどモだノホぁヘノユメチぁミナホチぁニミぎソニノフナソユミソミソぃぃソヨんツノホ
0x2AB8C4	40	ぁどモだノホぁノラチモチヒノぁモユテテナモモぁニミがソニノフナソぃぃソヨんツノホ
0x2AB8F0	43	ぁどモだノホぁノラチモチヒノぁモユテテナモモぁニミがソニノフナソツヌソぃぃソヨんツノホ
0x2AB924	37	ぁどモだノホぁヘノユメチぁルチヒルユぁニミがソマメトナメソツヌソぇんツノホ
0x2AB94C	35	ぁどモだノホぁヘノユメチぁミナホチぁニミぎソミナホチソぅぃソヨんツノホ
0x2AB970	35	ぁどモだノホぁヘノユメチぁミナホチぁニミぎソミナホチソぅぃソヨんツノホ
0x2AB994	33	ぁどモだノホぁヘノユメチぁミナホチぁニミぎソミナホチソツヌんツノホ
0x2AB9B8	37	ぁどモだノホぁヘノユメチぁミナホチぁニミぎソミナホチソマツハソぃぃんツノホ
0x2AB9E0	37	ぁどモだノホぁヘノユメチぁミナホチぁニミぎソミナホチソマツハソぃぃんツノホ
0x2ABA8C	35	ぁどモだノホぁヘノユメチぁミナホチぁニミぎソミナホチソぅがソヨんツノホ
0x2ABAB0	35	ぁどモだノホぁヘノユメチぁミナホチぁニミぎソミナホチソぅがソヨんツノホ
0x2ABAD4	35	ぁどモだノホぁヘノユメチぁミナホチぁニミぎソミナホチソぅがソヨんツノホ
0x2ABAF8	35	ぁどモだノホぁヘノユメチぁミナホチぁニミぎソミナホチソぅがソヨんツノホ
0x2ABB1C	33	ぁどモだノホぁヘノユメチぁミナホチぁニミぎソミナホチソツヌんツノホ
0x2ABB40	33	ぁどモだノホぁヘノユメチぁミナホチぁニミぎソミナホチソツヌんツノホ
0x2ABB6C	37	ぁどモだノホぁヘノユメチぁルチヒルユぁニミがソマメトナメソツヌソぇんツノホ
0x2ABB94	35	ぁどモだノホぁヘノユメチぁミナホチぁニミぎソミナホチソぅぃソヨんツノホ
0x2ABBB8	35	ぁどモだノホぁヘノユメチぁミナホチぁニミぎソミナホチソぅぃソヨんツノホ
0x2ABBDC	33	ぁどモだノホぁヘノユメチぁミナホチぁニミぎソミナホチソツヌんツノホ
0x2ABC07	4	くぜかあ
0x2ABC0E	6	くタきいあう
0x2ABC15	6	くァくういえ
0x2ABC1C	5	くペけえう
0x2ABC2A	6	ョぜかあおき
0x2ABC31	6	ョタきいかく
0x2ABC38	14	ジゥくうきけあ◎ペけえくおた
0x2ABC48	37	ぁどモだノホぁヘノユメチぁルチヒルユぁニミぎソヤモナフソユミソチぃんツノホ
0x2ABC70	39	ぁどモだノホぁヘノユメチぁルチヒルユぁニミぎソヤモナフソユミソぇぃソヨんツノホ
0x2ABC98	36	ぁどモだノホぁヘノユメチぁルチヒルユぁニミぎソヤモナフソぉぃソヨんツノホ
0x2ABCC0	36	ぁどモだノホぁヘノユメチぁルチヒルユぁニミぎソヤモナフソチぃソヨんツノホ
0x2ABCE8	42	ぁどモだノホぁヘノユメチぁルチヒルユぁニミぎソヤモナフソマツハソトマラホソぃんツノホ
0x2ABD14	13	させちとぬはへみもられをく
0x2ABD2F	51	あああクリうあいいいミリえいうういョリおうええいペリかえおおいＭリきおかかい。リくかききい　けきくくい
0x2ABD64	37	リこくけけいねリさけここいがリしこささいぽリすさししいネリすしすすいみリい
0x2ABD93	4	あクリう
0x2ABD98	114	いいいミリえいうういョリおうええいペリかえおおいＭリきおかかい。リくかききい　けきくくいねリこくけけいぃリさけここいぽリしこささいネリすさししいァリすしすすいぁどモだノホぁヘノユメチぁミナホチぁニミぎソミナホチソぅっソヨんツノホ
0x2ABE0C	35	ぁどモだノホぁヘノユメチぁミナホチぁニミぎソミナホチソぅっソヨんツノホ
0x2ABE30	35	ぁどモだノホぁヘノユメチぁミナホチぁニミぎソミナホチソぅっソヨんツノホ
0x2ABE54	35	ぁどモだノホぁヘノユメチぁミナホチぁニミぎソミナホチソぅっソヨんツノホ
0x2ABEA2	4	たミきか
0x2ABEA7	6	けあクミくか
0x2ABEAE	6	けあペミくき
0x2ABEB5	9	けあたズきけかけあ
0x2ABEC0	33	ぁどモだノホぁヘノユメチぁミナホチぁニミぎソミナホチソツヌんツノホ
0x2ABEE4	33	ぁどモだノホぁヘノユメチぁミナホチぁニミぎソミナホチソツヌんツノホ
0x2ABF08	35	ぁどモだノホぁヘノユメチぁミナホチぁニミぎソミナホチソぅツソヨんツノホ
0x2ABF2C	35	ぁどモだノホぁヘノユメチぁミナホチぁニミぎソミナホチソぅツソヨんツノホ
0x2ABF50	35	ぁどモだノホぁヘノユメチぁミナホチぁニミぎソミナホチソぉぃソヨんツノホ
0x2ABF9E	4	たミきか
0x2ABFA3	6	けあクミくか
0x2ABFAA	6	けあペミくき
0x2ABFB1	9	けあたズきけかけあ
0x2ABFBC	35	ぁどモだノホぁヘノユメチぁミナホチぁニミぎソミナホチソぅニソヨんツノホ
0x2ABFE0	35	ぁどモだノホぁヘノユメチぁミナホチぁニミぎソミナホチソぅニソヨんツノホ
0x2AC004	35	ぁどモだノホぁヘノユメチぁミナホチぁニミぎソミナホチソぅニソヨんツノホ
0x2AC028	35	ぁどモだノホぁヘノユメチぁミナホチぁニミぎソミナホチソぅニソヨんツノホ
0x2AC04C	35	ぁどモだノホぁヘノユメチぁミナホチぁニミぎソミナホチソぅニソヨんツノホ
0x2AC070	35	ぁどモだノホぁヘノユメチぁミナホチぁニミぎソミナホチソぅニソヨんツノホ
0x2AC094	35	ぁどモだノホぁヘノユメチぁミナホチぁニミぎソミナホチソぅニソヨんツノホ
0x2AC0B8	33	ぁどモだノホぁヘノユメチぁミナホチぁニミぎソミナホチソツヌんツノホ
0x2AC0DC	35	ぁどモだノホぁヘノユメチぁミナホチぁニミぎソミナホチソぅツソヨんツノホ
0x2AC100	35	ぁどモだノホぁヘノユメチぁミナホチぁニミぎソミナホチソぅツソヨんツノホ
0x2AC124	37	ぁどモだノホぁヘノユメチぁミナホチぁニミぎソミナホチソマツハソぃぃんツノホ
0x2AC14C	37	ぁどモだノホぁヘノユメチぁミナホチぁニミぎソミナホチソマツハソぃぃんツノホ
0x2AC174	6	くりあいけう
0x2AC189	4	くぽえお
0x2AC190	6	びぽおうあき
0x2AC197	6	ョぽうえいく
0x2AC19E	26	くリきくうけあびリくかえああョリかきおこあくバここか
0x2AC1B9	8	あョバけけくいい
0x2AC1C4	37	ぁどモだノホぁヘノユメチぁルチヒルユぁニミがソマメトナメソツヌソぇんツノホ
0x2AC1EC	35	ぁどモだノホぁヘノユメチぁミナホチぁニミぎソミナホチソぃゅソヨんツノホ
0x2AC210	35	ぁどモだノホぁヘノユメチぁミナホチぁニミぎソミナホチソぃゅソヨんツノホ
0x2AC234	33	ぁどモだノホぁヘノユメチぁミナホチぁニミぎソミナホチソツヌんツノホ
0x2AC260	37	ぁどモだノホぁヘノユメチぁルチヒルユぁニミがソマメトナメソツヌソぇんツノホ
0x2AC288	35	ぁどモだノホぁヘノユメチぁミナホチぁニミぎソミナホチソぅぃソヨんツノホ
0x2AC2AC	35	ぁどモだノホぁヘノユメチぁミナホチぁニミぎソミナホチソぅぃソヨんツノホ
0x2AC2D0	33	ぁどモだノホぁヘノユメチぁミナホチぁニミぎソミナホチソツヌんツノホ
0x2AC2FC	37	ぁどモだノホぁヘノユメチぁルチヒルユぁニミがソマメトナメソツヌソぇんツノホ
0x2AC324	35	ぁどモだノホぁヘノユメチぁミナホチぁニミぎソミナホチソぅぃソヨんツノホ
0x2AC348	35	ぁどモだノホぁヘノユメチぁミナホチぁニミぎソミナホチソぅぃソヨんツノホ
0x2AC36C	33	ぁどモだノホぁヘノユメチぁミナホチぁニミぎソミナホチソツヌんツノホ
0x2AC390	12	（ガとい（ガといやゴとい
0x2AC3A0	20	Ｍヂといォギとい」ゲといＩガといぃゲとい
0x2AC3B8	36	ズゴといＵギといぽゲといＡギといＥボといふグといネブとい６グといびゼとい
0x2AC3FE	6	さいねゲとい
0x2AC419	19	ジといヤギといがダとい！ギといォゲとい
0x2AC430	4	リザとい
0x2AC43D	11	ギといくゾといバギとい
0x2AC449	12	あさいりギとい埜といＭあ
0x2AC485	15	あさいしあさい埜といＭやかい❤
0x2AC496	11	さいぃギとい　といＭあ
0x2AC4C2	11	さい６めてい。めてい（
0x2AC4CE	12	さいぱめていふもていＭあ
0x2AC502	42	さいとるかいたあさいふらかいくあさいワらかいしあさい❤らかいとあさいごりかいぃあさい
0x2AC549	11	ゆかいしあさいシよかい
0x2AC5AE	27	さい窄さいとあさいねあさいふあさいやあさいぜあさいなあ
0x2ACDEA	4	ののこの
0x2AD90C	32	ぁどモだノホぁヘノユメチぁミナホチぁニミぎソマメナソぅぃんツノホ
0x2AD930	33	ぁどモだノホぁヘノユメチぁミナホチぁニミぎソミナホチソツヌんツノホ
0x2AD954	32	ぁどモだノホぁヘノユメチぁミナホチぁニミぎソマメナソぅぃんツノホ
0x2AD978	35	ぁどモだノホぁヘノユメチぁミナホチぁニミぎソミナホチソぅニソヨんツノホ
0x2AD99C	35	ぁどモだノホぁヘノユメチぁミナホチぁニミぎソミナホチソぅニソヨんツノホ
0x2AD9C0	35	ぁどモだノホぁヘノユメチぁミナホチぁニミぎソミナホチソぅニソヨんツノホ
0x2AD9E4	35	ぁどモだノホぁヘノユメチぁミナホチぁニミぎソミナホチソぅニソヨんツノホ
0x2ADA08	35	ぁどモだノホぁヘノユメチぁミナホチぁニミぎソミナホチソぅニソヨんツノホ
0x2ADA2C	35	ぁどモだノホぁヘノユメチぁミナホチぁニミぎソミナホチソぅニソヨんツノホ
0x2ADA50	35	ぁどモだノホぁヘノユメチぁミナホチぁニミぎソミナホチソぅニソヨんツノホ
0x2ADA74	35	ぁどモだノホぁヘノユメチぁミナホチぁマミぎソマメナソツヌソぃぃんツノホ
0x2ADA98	35	ぁどモだノホぁヘノユメチぁミナホチぁマミぎソマメナソツヌソぃぅんツノホ
0x2ADABC	35	ぁどモだノホぁヘノユメチぁミナホチぁマミぎソマメナソツヌソぃぇんツノホ
0x2ADAE0	35	ぁどモだノホぁヘノユメチぁミナホチぁマミぎソマメナソツヌソぃぉんツノホ
0x2ADB04	35	ぁどモだノホぁヘノユメチぁミナホチぁマミぎソマメナソツヌソぃっんツノホ
0x2ADB28	35	ぁどモだノホぁヘノユメチぁミナホチぁマミぎソマメナソツヌソぃぇんツノホ
0x2ADB4C	36	ぁどモだノホぁヘノユメチぁミナホチぁマミぎソマメナソモノチノソヨんツノホ
0x2ADB74	36	ぁどモだノホぁヘノユメチぁミナホチぁマミぎソマメナソモノチノソヨんツノホ
0x2ADB9C	38	ぁどモだノホぁヘノユメチぁミナホチぁマミぎソマメナソモノチノソマツハんツノホ
0x2ADBC4	36	ぁどモだノホぁヘノユメチぁミナホチぁマミぎソマメナソモノチノソヨんツノホ
0x2ADBEC	36	ぁどモだノホぁヘノユメチぁミナホチぁマミぎソマメナソモノチノソヨんツノホ
0x2ADC14	38	ぁどモだノホぁヘノユメチぁミナホチぁマミぎソマメナソモノチノソマツハんツノホ
0x2ADC3C	38	ぁどモだノホぁヘノユメチぁミナホチぁマミぎソマメナソモノチノソマツハんツノホ
0x2ADC64	38	ぁどモだノホぁヘノユメチぁミナホチぁマミぎソマメナソモノチノソマツハんツノホ
0x2ADC8C	38	ぁどモだノホぁヘノユメチぁミナホチぁマミぎソマメナソモノチノソマツハんツノホ
0x2ADCBA	4	いリぜあ
0x2ADCBF	9	ああうタぽかこおあ
0x2ADCC9	4	タタきさ
0x2ADCD0	6	タミくさあう
0x2ADCD7	6	タァけしいえ
0x2ADCDE	6	タズししうお
0x2ADCE5	5	タペししえ
0x2ADCF3	6	ズタさあかく
0x2ADCFA	6	ズミさいきけ
0x2ADD01	6	ズァしうくか
0x2ADD0F	6	Ｕタあきこし
0x2ADD16	13	Ｕズええさこあタタおこえあ
0x2ADD24	4	タミかさ
0x2ADD2B	6	タァきしあう
0x2ADD32	6	タズくすいえ
0x2ADD39	5	タペけせう
0x2ADD47	6	ズミさあおき
0x2ADD4E	6	ズァしいかく
0x2ADD55	6	ズズすうきけ
0x2ADD5C	6	ズペせえくお
0x2ADD6A	6	Ｕミあかこし
0x2ADD71	6	Ｕァいきさす
0x2ADD78	6	Ｕズうくしせ
0x2ADD7F	7	Ｕペえけすこあ
0x2ADD88	32	ぁどモだノホぁヘノユメチぁミナホチぁニミぎソマメナソぅぃんツノホ
0x2ADDAC	34	ぁどモだノホぁヘノユメチぁミナホチぁニミぎソマメナソぇぃソヨんツノホ
0x2ADDD0	34	ぁどモだノホぁヘノユメチぁミナホチぁニミぎソマメナソぇぃソヨんツノホ
0x2ADDF4	34	ぁどモだノホぁヘノユメチぁミナホチぁニミぎソマメナソぇぃソヨんツノホ
0x2ADE18	39	ぁどモだノホぁヘノユメチぁミナホチぁニミがソマメナソテネチホヌソマツハんツノホ
0x2ADE4E	6	ズみあいいい
0x2ADE55	6	Ｕぽうえうう
0x2ADE5C	6	６ぽうおええ
0x2ADE63	6	ズぽえおおお
0x2ADE6A	53	ァズかかかかあＭズききききあぁどモだノホぁヘノユメチぁミナホチぁマミぎソマメナソヒノヘナソぃぃソヨんツノホ
0x2ADEA0	39	ぁどモだノホぁヘノユメチぁミナホチぁマミぎソマメナソヒノヘナソぃぃソヨんツノホ
0x2ADEC8	39	ぁどモだノホぁヘノユメチぁミナホチぁマミぎソマメナソヒノヘナソぃぃソヨんツノホ
0x2ADEF0	39	ぁどモだノホぁヘノユメチぁミナホチぁマミぎソマメナソヒノヘナソぃぅソヨんツノホ
0x2ADF18	39	ぁどモだノホぁヘノユメチぁミナホチぁマミぎソマメナソヒノヘナソぃぅソヨんツノホ
0x2ADF40	39	ぁどモだノホぁヘノユメチぁミナホチぁマミぎソマメナソヒノヘナソぃぅソヨんツノホ
0x2ADF68	39	ぁどモだノホぁヘノユメチぁミナホチぁマミぎソマメナソヒノヘナソぃぅソヨんツノホ
0x2ADF90	38	ぁどモだノホぁヘノユメチぁミナホチぁマミぎソマメナソヒノヘナソマツハんツノホ
0x2ADFB8	39	ぁどモだノホぁヘノユメチぁミナホチぁマミぎソマメナソヘマヒユネルマソヨんツノホ
0x2ADFE0	39	ぁどモだノホぁヘノユメチぁミナホチぁマミぎソマメナソヘマヒユネルマソヨんツノホ
0x2AE008	39	ぁどモだノホぁヘノユメチぁミナホチぁマミぎソマメナソヘマヒユネルマソヨんツノホ
0x2AE030	41	ぁどモだノホぁヘノユメチぁミナホチぁマミぎソマメナソヘマヒユネルマソマツハんツノホ
0x2AE05C	39	ぁどモだノホぁヘノユメチぁミナホチぁマミぎソマメナソヘマヒユネルマソヨんツノホ
0x2AE084	39	ぁどモだノホぁヘノユメチぁミナホチぁマミぎソマメナソヘマヒユネルマソヨんツノホ
0x2AE0AC	39	ぁどモだノホぁヘノユメチぁミナホチぁマミぎソマメナソヘマヒユネルマソヨんツノホ
0x2AE0D4	41	ぁどモだノホぁヘノユメチぁミナホチぁマミぎソマメナソヘマヒユネルマソマツハんツノホ
0x2AE100	39	ぁどモだノホぁヘノユメチぁミナホチぁマミぎソマメナソヘマヒユネルマソヨんツノホ
0x2AE128	39	ぁどモだノホぁヘノユメチぁミナホチぁマミぎソマメナソヘマヒユネルマソヨんツノホ
0x2AE150	39	ぁどモだノホぁヘノユメチぁミナホチぁマミぎソマメナソヘマヒユネルマソヨんツノホ
0x2AE178	41	ぁどモだノホぁヘノユメチぁミナホチぁマミぎソマメナソヘマヒユネルマソマツハんツノホ
0x2AE1A4	14	おくこしとこりトリとこごりと
0x2AE1B6	4	りトリと
0x2AE1C0	10	ほことぇごことほほこ
0x2AE1CC	37	ぁどモだノホぁヘノユメチぁミナホチぁマミぎソマメナソマヒチホナソヨんツノホ
0x2AE1F4	41	ぁどモだノホぁヘノユメチぁミナホチぁマミぎソマメナソヘマヒユネルマソマツハんツノホ
0x2AE220	33	ぁどモだノホぁヘノユメチぁミナホチぁニミぎソミナホチソツヌんツノホ
0x2AE244	40	ぁどモだノホぁヘノユメチぁミナホチぁニミぎソニノフナソユミソミソぅぃソヨんツノホ
0x2AE270	40	ぁどモだノホぁヘノユメチぁミナホチぁニミぎソニノフナソユミソミソぃぃソヨんツノホ
0x2AE29C	35	ぁどモだノホぁヘノユメチぁミナホチぁニミぎソマメナソユミソぃぃんツノホ
0x2AE2C0	32	ぁどモだノホぁヘノユメチぁミナホチぁニミぎソマメナソぃぃんツノホ
0x2AE2E4	36	ぁどモだノホぁヘノユメチぁミナホチぁニミぎソマメナソマツハソぃぃんツノホ
0x2AE30C	36	ぁどモだノホぁヘノユメチぁミナホチぁマミぎソマメナソヤユヒノソヨんツノホ
0x2AE334	36	ぁどモだノホぁヘノユメチぁミナホチぁマミぎソマメナソヤユヒノソヨんツノホ
0x2AE35C	38	ぁどモだノホぁヘノユメチぁミナホチぁマミぎソマメナソヤユヒノソマツハんツノホ
0x2AE384	38	ぁどモだノホぁヘノユメチぁミナホチぁマミぎソマメナソヤユヒノソマツハんツノホ
0x2AE3AC	36	ぁどモだノホぁヘノユメチぁミナホチぁマミぎソマメナソヤユヒノソヨんツノホ
0x2AE3D4	36	ぁどモだノホぁヘノユメチぁミナホチぁマミぎソマメナソヤユヒノソヨんツノホ
0x2AE3FC	38	ぁどモだノホぁヘノユメチぁミナホチぁマミぎソマメナソヤユヒノソマツハんツノホ
0x2AE606	10	ぁ）わペしいくぜを机
0x2AE615	8	みズ㎏えたゾ㎏す
0x2AE61E	12	ア￥あ覆ズくァＲ室ァＲ分
0x2AE63F	22	脚ァＲ室ァＲ室ァＲ室ァＲ室ァＲ室ァＲ室ァＲ校
0x2AE65F	4	桔たペ￥
0x2AE677	4	洪たプ㎏
0x2AE67D	4	たゼ㎏シ
0x2AE690	4	くァＲ習
0x2AE69F	5	弦ァＲ　あ
0x2AE6AC	4	くァＲ血
0x2AE6C4	4	くァＲ室
0x2AE6D2	7	ぽ￥くァＲくさ
0x2AE716	14	ゴ㎏そたペ￥したゴ㎏とやプ㎏
0x2AE725	8	ぃペ）いたペ￥た
0x2AE742	26	ゴ㎏えたペ￥したゴ㎏あたペ￥たたゴ㎏㎞もプ㎏うたペ￥
0x2AE772	18	ゴ㎏くたペ￥したゴ㎏Ｕもプ㎏あたペ￥
0x2AE785	4	ぃペ）た
0x2AE78F	4	坤うプ㎏
0x2AE795	4	たズ㎏シ
0x2AE7BB	8	貢うプ㎏あたペ￥
0x2AE7C5	7	ぃズ㎏ワうプ㎏
0x2AE7D1	19	たダ㎏ヤもプ㎏ゼぃみ（あこァ％エぇ。㎏
0x2AE7FB	4	弦たペ￥
0x2AE805	15	たゴ㎏あたペ￥えたゴ㎏おぜペ￥
0x2AE836	6	ゴ㎏けぃペ￥
0x2AE8A7	4	桔みゼ㎏
0x2AE8CF	4	険たペ￥
0x2AE8D5	12	たゴ㎏えたゴ㎏くたゴ㎏さ
0x2AE8E6	7	ゴ㎏ネめプ㎏あ
0x2AE8FB	4	候いプ㎏
0x2AE906	7	ズ㎏いたペ￥シ
0x2AE919	4	ぃゴ㎏き
0x2AE91F	10	はえぃゴ㎏くぃゴ㎏し
0x2AE92E	7	ペ￥やめプ㎏た
0x2AE93F	9	杵ぃゴ㎏くぃゴ㎏し
0x2AE94A	7	ゴ㎏しめプ㎏あ
0x2AE95B	4	険ぃペ￥
0x2AE961	12	ぃゴ㎏えぃゴ㎏くぃゴ㎏そ
0x2AE972	6	ゴ㎏体プ㎏あ
0x2AE987	9	険たペ￥あぃペ）あ
0x2AE992	6	ペ￥すみペ￥
0x2AE99F	5	険ぃペ￥あ
0x2AE9A6	10	ペ￥いたペ￥きみペ￥
0x2AE9B7	5	険ぃペ￥あ
0x2AE9CF	4	甲あプ㎏
0x2AE9D5	4	たズ㎏シ
0x2AE9ED	4	みゼ㎏あ
0x2AEA01	11	ぃペ￥シちプ㎏いみぜ％
0x2AEA13	9	険みペ￥いぃペ）あ
0x2AEA27	8	孤ちプ㎏ねあプ㎏
0x2AEA31	7	ぃゼ㎏とぞプ㎏
0x2AEA39	27	みダ㎏りちプ㎏ゾぃみ（あこァ％エい。㎏ズぃペ￥ぃみペ￥
0x2AEA55	32	ぞヂ・たあプ㎏ＫでＶ）ＭゃＶ）ＯゆＶ）エつ。㎏いたィ￥エつＵ㎏ま
0x2AEA83	4	際たプ㎏
0x2AEA8D	8	みゼ㎏あたペ￥が
0x2AEAAB	5	艮たプ㎏Ｙ
0x2AEAB2	14	プ㎏たむ、㎏いみＷ￥たむＶ㎏
0x2AEAD3	5	険ぜペ）あ
0x2AEADD	11	ぃペ￥バたプ㎏いみぜ％
0x2AEAEF	9	険みペ￥いぃペ）あ
0x2AEB03	5	綱たプ㎏ぞ
0x2AEB0A	6	ォ％ＳさＶ）
0x2AEB12	11	ペ￥ＥしＶ）Ｅみペ￥ぱ
0x2AEB1E	46	プ㎏ＧわＶ）Ｑて。㎏いたィ￥ＱてＵ㎏と。ゴ％ねァＲ　ドくいネヴすいヂヴすいＵヴすいョしいねけ
0x2AEB50	64	ワ席いタドくい叱すいねァすいづァすいミァすいボァすいぜずさいぜざさいワしいタヴすいぱチこい◎ァすいぜぜさいねぜを会。ぴ％撞プ㎏あ
0x2AEB99	7	ぜゾ㎏うたペ￥
0x2AEBA1	7	ぃヂ㎏あぃェ％
0x2AEBBF	4	叉くプ㎏
0x2AEBCA	7	ズ㎏あみペ）と
0x2AEBD7	4	惚くプ㎏
0x2AEBEB	4	豪りプ㎏
0x2AEBF1	4	ぜゾ㎏シ
0x2AEBFF	5	はァくプ㎏
0x2AEC05	8	たズ㎏くたゼ㎏お
0x2AEC0E	7	ア￥あ覆ズたい
0x2AEC2F	8	桔たペ￥タたォ㎏
0x2AEC39	4	たズ㎏く
0x2AEC46	4	ィ㎏うい
0x2AEC57	5	こわくプ㎏
0x2AEC61	11	たズ㎏ふくプ㎏タみィ㎏
0x2AEC6D	4	たズ㎏く
0x2AEC7A	4	ィ㎏★い
0x2AECC3	8	叉きプ㎏Ｕらプ㎏
0x2AECCD	8	ぃズ㎏はへォ％し
0x2AECEB	8	豪きプ㎏バらプ㎏
0x2AECF5	11	ぃズ㎏ャほォ％ロそェ％
0x2AED13	8	甲きプ㎏ミぬプ㎏
0x2AED1D	11	ぃズ㎏◎みォ％ヅそェ％
0x2AED3F	4	候きプ㎏
0x2AED45	4	たズ㎏タ
0x2AED5B	4	跨ぬプ㎏
0x2AED65	11	みゼ㎏や♀プ㎏ＩゅＷ）
0x2AED71	11	みゼ㎏ヤぃォ％ネＵゥ㎏
0x2AED7D	7	みゼ㎏フぃゥ㎏
0x2AED85	11	みゼ㎏Ｉよ…）しみＵ㎏
0x2AED91	4	たゼ㎏タ
0x2AEDAF	5	こ」かプ㎏
0x2AEDB5	4	たズ㎏タ
0x2AEDD6	4	ぽ￥プあ
0x2AEDDB	5	こ６かプ㎏
0x2AEDE5	11	たズ㎏バかプ㎏タみィ㎏
0x2AEDF1	4	たズ㎏く
0x2AEE03	10	険たペ￥またＵ㎏ゾあ
0x2AEE16	4	ぽ￥ジあ
0x2AEE1B	5	こネかプ㎏
0x2AEE25	11	たズ㎏クかプ㎏タみィ㎏
0x2AEE31	4	たズ㎏く
0x2AEE3E	4	ィ㎏ッあ
0x2AEE47	4	檎かプ㎏
0x2AEE4D	4	たズ㎏く
0x2AEE5A	4	ィ㎏ンあ
0x2AEE5F	9	桔たペ￥あぃペ）あ
0x2AEE6A	6	ペ￥しみペ￥
0x2AEE77	5	険ぃペ￥あ
0x2AEE7E	10	ペ￥いたペ￥くみペ￥
0x2AEE8F	4	険よプ㎏
0x2AEEA1	12	でプ㎏いぃェ￥たぅＷ㎏い
0x2AEEB1	4	たゼ㎏あ
0x2AEEDF	8	酷おプ㎏あたペ￥
0x2AEEEE	6	ズ㎏ァあタ（
0x2AEF03	4	狗おプ㎏
0x2AEF09	8	ぃズ㎏くたダ㎏く
0x2AEF12	7	ア￥あ覆ズぺあ
0x2AEF3F	8	桔たペ￥タたォ㎏
0x2AEF49	4	たズ㎏く
0x2AEF56	4	ィ㎏ずあ
0x2AEF67	5	こふおプ㎏
0x2AEF71	11	たズ㎏しおプ㎏タみィ㎏
0x2AEF7D	4	たズ㎏く
0x2AEF8A	4	ィ㎏かい
0x2AEFC3	4	叉とプ㎏
0x2AEFCD	11	みゼ㎏ＱＹプ㎏ＩゅＷ）
0x2AEFD9	11	みゼ㎏ヤぃォ％ネＵゥ㎏
0x2AEFE5	7	みゼ㎏フぃゥ㎏
0x2AEFED	11	みゼ㎏Ｉよ…）しみＵ㎏
0x2AEFF9	4	たゼ㎏タ
0x2AF017	5	こフえプ㎏
0x2AF01D	4	たズ㎏タ
0x2AF02F	21	勤そォ％ヤみヂ㎞ぽとプ㎏いさァ％ゾあむ（え
0x2AF04F	8	後えプ㎏っやプ㎏
0x2AF059	11	ぃズ㎏はすォ％したェ％
0x2AF077	8	現えプ㎏しやプ㎏
0x2AF081	11	ぃズ㎏ャせォ％ロまェ％
0x2AF09F	5	細てプ㎏◎
0x2AF0A9	11	ぃゼ㎏❤もプ㎏ヅまェ％
0x2AF0CB	4	梱うプ㎏
0x2AF0D1	4	たズ㎏タ
0x2AF0F7	5	こゲうプ㎏
0x2AF101	11	たズ㎏ワうプ㎏タみィ㎏
0x2AF10D	4	たズ㎏く
0x2AF11F	9	険たペ￥またＵ㎏＠
0x2AF12B	8	菌ぢプ㎏クうプ㎏
0x2AF13D	24	ぃゼ㎏ダたむ（ゲたィ（つふィ％あＵゲ％ＥばＶ）は
0x2AF15B	5	Ｏやうプ㎏
0x2AF161	4	たズ㎏く
0x2AF18D	10	たズ㎏桃プ㎏タみィ㎏
0x2AF199	4	たズ㎏く
0x2AF1B7	5	こ→いプ㎏
0x2AF1C1	11	たズ㎏Ｑいプ㎏タみィ㎏
0x2AF1CD	4	たズ㎏く
0x2AF1E3	16	険ぜペ￥ボめプ㎏ボつプ㎏えＵペ）
0x2AF1F5	11	ぃゾ㎏あぜォ％テそェ％
0x2AF201	12	ぃダ㎏いさァ％ダあみ（し
0x2AF21F	5	Ｏタいプ㎏
0x2AF225	4	たズ㎏く
0x2AF237	9	桔たペ￥あぃペ）あ
0x2AF242	6	ペ￥しみペ￥
0x2AF24F	5	険ぃペ￥あ
0x2AF256	10	ペ￥いたペ￥くみペ￥
0x2AF267	5	跨ぇプ㎏あ
0x2AF26E	22	ペ￥たぞ「㎏わつプ㎏いみぜ％いぜォ￥たぞＸ㎏
0x2AF28F	9	険みペ￥いぃペ）あ
0x2AF2A3	8	砕ちプ㎏（あプ㎏
0x2AF2AD	6	みゼ㎏瀰プ㎏
0x2AF2B5	23	ぜゾ㎏糖プ㎏ヂみみ（あこァ％エＷ。㎏ァぜペ￥ぃ
0x2AF2CE	26	ペ￥しＶダ・Ｑぅプ㎏ＫＺＶ）ＭでＶ）ＯおＶ）エだ「㎏
0x2AF2EA	14	ペ￥いたペ￥いぜォ￥エだＸ㎏
0x2AF307	8	肱あプ㎏あたペ￥
0x2AF319	7	たゴ㎏いたペ￥
0x2AF362	10	ペ￥うたペ￥アみペ￥
0x2AF382	6	ゴ㎏けぃペ￥
0x2AF3AA	6	ゴ㎏けぜペ￥
0x2AF3F1	4	たズ㎏く
0x2AF406	7	プ㎏ズぜプ㎏い
0x2AF43E	6	プ㎏あたペ￥
0x2AF44A	6	ズ㎏ァあタ（
0x2AF473	5	誤たプ㎏ぞ
0x2AF47A	21	ァ％ＳさＶ）し。ゴ％ねァＲ　しいョしいねけ
0x2AF4C3	4	砂たプ㎏
0x2AF4DB	4	坤たプ㎏
0x2AF4EF	4	刻たプ㎏
0x2AF4F5	7	みゼ㎏タみゾ㎏
0x2AF518	4	搭ペ￥ま
0x2AF521	4	たゼ㎏タ
0x2AF542	6	ぽ￥搭ペェま
0x2AF54F	5	ギ煩ペ￥ま
0x2AF559	4	たゼ㎏タ
0x2AF56B	8	糾た＋㎏煩ア￥ま
0x2AF576	6	。お煩ぽうあ
0x2AF57E	10	ペうがァＲく煩ペ￥ま
0x2AF59F	4	弦たプ㎏
0x2AF5A5	4	たゼ㎏シ
0x2AF5BB	4	才たプ㎏
0x2AF5D3	8	叉たプ㎏しＵ。㎏
0x2AF5DD	7	ぃゼ㎏Ｉよ「）
0x2AF5F6	6	ペ￥たァＲ練
0x2AF602	11	ペＨたァＲＭいけふ￥き
0x2AF616	6	し（ＩかＸ）
0x2AF61D	8	たゼ㎏Ｉか、）あ
0x2AF626	7	ぜ％ＩかＶ）き
0x2AF653	8	鯉たプ㎏つみペ￥
0x2AF673	4	狐たプ㎏
0x2AF67D	15	ぃゼ㎏Ｉよ「）あみゥ％ＩよＸ）
0x2AF6AB	4	砕たプ㎏
0x2AF6C3	5	砂たプ㎏し
0x2AF6CD	7	みゼ㎏Ｉに…）
0x2AF6E6	6	ペ￥たァＲ気
0x2AF6F2	7	ペＨたァＲＭう
0x2AF6FB	6	』いけィ％し
0x2AF706	6	ペ￥たァＲ安
0x2AF71F	5	洪たプ㎏す
0x2AF73D	15	みズ㎏フたゾ㎏つたィ％フたゥ㎏
0x2AF74D	4	たズ㎏ネ
0x2AF761	15	みズ㎏Ｉに…）あたィ％ＩにＷ）
0x2AF771	11	たズ㎏Ｉに、）したＹ㎏
0x2AF7B3	4	此たプ㎏
0x2AF7CB	4	合たプ㎏
0x2AF7DF	4	荒たプ㎏
0x2AF7E5	7	ぃゼ㎏ミみダ㎏
0x2AF805	4	たゼ㎏ミ
0x2AF83E	7	ＹおがァＲくま
0x2AF863	6	檎ァＲ　しい
0x2AF872	10	ぁ）バＧしいくぜを起
0x2AF8A1	9	覆ペくァＲ室ァＲ合
0x2AF8C7	5	こくァＲ見
0x2AF8D7	5	こくァＲ大
0x2AF8E3	5	こくァＲ明
0x2AF8F8	4	くァＲ習
0x2AF907	5	弦ァＲ　う
0x2AF914	4	くァＲ血
0x2AF92C	4	くァＲ女
0x2AF943	5	弦ァＲ人い
0x2AF954	4	くァＲ習
0x2AF963	10	弦ァＲ　しいＭたプ㎏
0x2AF976	6	ゼ㎏あみぱ％
0x2AF985	7	ぃペ￥エみァ㎏
0x2AF98D	4	みゼ㎏バ
0x2AF992	6	プ㎏シぃゥ㎏
0x2AF999	7	みゼ㎏タぃゥ㎏
0x2AF9A1	7	ぃズ㎏ょみ「㎏
0x2AF9AF	5	はっＵＸ㎏
0x2AF9B5	7	みズ㎏えＵゥ㎏
0x2AF9BE	6	ズ㎏ぃＵァ㎏
0x2AF9EE	6	ぁ）ごみダ㎏
0x2AFA02	6	ぁ）ごみダ㎏
0x2AFA16	6	ぁ）ごみダ㎏
0x2AFA2A	8	ぁ）ワしいョしい
0x2AFA46	14	ペ￥うたペ￥いみペ￥しぃペ￥
0x2AFA7A	15	ゴ㎏そたペ￥したゴ㎏Ｉよプ㎏た
0x2AFA8A	6	ゴ㎏うたペ￥
0x2AFAF7	4	険ぃペ￥
0x2AFAFD	12	ぃゴ㎏えぃゴ㎏くぃゴ㎏そ
0x2AFB23	4	険ぃペ￥
0x2AFB29	12	ぃゴ㎏えぃゴ㎏くぃゴ㎏そ
0x2AFB66	7	ペ￥㎞ゆプ㎏し
0x2AFB6E	7	ゴ㎏いＵペ￥あ
0x2AFB8D	11	ぃペ￥Ｕなプ㎏いみぜ％
0x2AFB9F	9	険みペ￥いぃペ）あ
0x2AFBB3	8	酷なプ㎏ペおプ㎏
0x2AFBBD	7	Ｕゼ㎏ボなプ㎏
0x2AFBC5	24	ぃボ㎏バゆプ㎏ダＵみ（あこァ％エＷ。㎏たぃペ￥わ
0x2AFBDE	31	ペ￥しＶゼ・ァなプ㎏Ｓ＠Ｗ）ＥごＷ）ＧしＷ）Ｑぉ、㎏すみペ￥あ
0x2AFBFE	10	ペ￥いぃェ￥ＱぉＶ㎏
0x2AFC0D	4	たペ）え
0x2AFC7F	5	固たペ￥あ
0x2AFC89	7	たゴ㎏てみペ￥
0x2AFCAB	4	己みペ￥
0x2AFCB1	4	みゴ㎏あ
0x2AFCD3	9	険みペ￥いぃペ）あ
0x2AFCE7	40	綱えプ㎏たたペ￥ＩほＵ）ァみペ￥フとプ㎏ＫんＵ）（も、㎏ぽえプ㎏いみゥ￥（もＶ㎏
0x2AFD11	4	みズ㎏え
0x2AFD16	6	ゾ㎏った…㎏
0x2AFD27	4	鼓えプ㎏
0x2AFD2E	15	ズ㎏えたズ㎏あたァ（しぃ、㎏ァ
0x2AFD45	8	みペ￥いＵペ）ヴ
0x2AFD53	26	こえたズ㎏あＵゲ％あたァ（した、㎏あみゥ％ヴたあ％あ
0x2AFD7B	14	は㎞てプ㎏アみペ￥ＧんＶ）き
0x2AFD8B	13	激てプ㎏のみゥ％ＧんＶ）う
0x2AFD9B	17	系もプ㎏Ｕてプ㎏うむゾ・ＧんＶ）っ
0x2AFDAE	10	。㎏てＵペ￥うたペ￥
0x2AFDEE	7	ゴ㎏ちＵペ￥あ
0x2AFE1A	7	ゴ㎏ちぃペ￥あ
0x2AFE42	11	ゴ㎏ちたペ￥くたゴ㎏あ
0x2AFEB6	7	ゴ㎏ちＵペ￥あ
0x2AFEE2	7	ゴ㎏ちぃペ￥あ
0x2AFF0A	11	ゴ㎏ちたペ￥くたゴ㎏あ
0x2AFF83	24	際あプ㎏ぅみペ￥ＥみＵ）（ちプ㎏（あプ㎏ＳもＶ）
0x2AFF9E	7	ズ㎏がたズ㎏せ
0x2AFFCA	7	ゴ㎏６ちプ㎏え
0x2AFFF7	5	８シあプ㎏
0x320000	5	くぃゴ㎏そ
0x32000A	7	ゴ㎏みみプ㎏お
0x32001F	31	古。ゴ％ぃァＲ　ＤねいリＤねいボＤねいＵＤねいねぜを悔。ぴ％あ
0x320063	9	険たペ￥あみペ）あ
0x320086	6	ペ￥いたペ￥
0x320093	4	険ぃペ￥
0x320099	12	ぃゴ㎏えぃゴ㎏くぃゴ㎏そ
0x3200AA	7	ゴ㎏たぃゴ㎏あ
0x3200F3	4	険ぃペ￥
0x3200F9	4	ぃゴ㎏あ
0x32010B	5	険みペ）あ
0x32011F	5	険ぜペ）ト
0x320137	4	孝たプ㎏
0x32013D	4	みゼ㎏り
0x320156	10	ゴ安みペ￥くみゴ㎏わ
0x320162	6	プ㎏しみゴ㎏
0x32016A	7	ズ㎏あたペ￥り
0x32017B	21	古。ゴ％ねァＲ　ドくい㎞ＤねいしＥねいっひ
0x320194	4	売ねいく
0x3201C7	5	挙たプ㎏え
0x3201CF	5	居たプ㎏い
0x3201D7	4	給たプ㎏
0x3201DF	5	窮たプ㎏ふ
0x3201E6	6	プ㎏ふＵプ㎏
0x32020E	6	さいくぜを蒲
0x320219	8	みズ㎏したゾ㎏リ
0x320222	11	ア￥くァＲ６とたゾ㎏い
0x320235	7	たペ￥とたゥ㎏
0x32023D	15	みズ㎏したゾ㎏あたィ％したゥ㎏
0x32024D	4	たズ㎏し
0x32025E	6	ィ３やたプ㎏
0x32027C	4	くァＲ気
0x320286	13	ゥ㎏くァＲ　Ｊねいがぜを雅
0x32029B	5	険ぜペ）い
0x3202B5	4	ぜペあく
0x3202BF	5	険ぽペ）い
0x3202D8	4	やたプ㎏
0x3202FF	11	檎ァＲ　Ｊねいくぜを漢
0x320311	8	みズ㎏したゾ㎏ぽ
0x32031A	11	ア￥くァＲ６とたゾ㎏あ
0x32032D	7	たペ￥とたゥ㎏
0x320335	15	みズ㎏したゾ㎏いたィ％したゥ㎏
0x320345	15	みズ㎏たたゾ㎏あたィ％たたゥ㎏
0x320355	4	たズ㎏し
0x32036D	4	たズ㎏た
0x32037E	6	ィ３やたプ㎏
0x32039C	4	くァＲ気
0x3203A6	13	ゥ㎏くァＲ　Ｊねいくぜを峨
0x3203C3	4	功ぃプ㎏
0x3203C9	7	たペ￥わみペ￥
0x3203E9	7	たズ㎏えみィ㎏
0x3203F1	7	たズ㎏くみィ㎏
0x3203F9	7	たズ㎏ねみィ㎏
0x320401	7	たズ㎏ふみィ㎏
0x32040A	17	ズ㎏みみァ㎏くァＲ　Ｊねいたぜを廓
0x32041E	6	プ㎏ぜたプ㎏
0x32043A	10	ペ￥たァＲくふたプ㎏
0x32044F	4	現たプ㎏
0x320455	4	みペ￥え
0x32045D	18	みィ㎏たァＲ　ＪねいがＥねいとたプ㎏
0x320479	7	たゾ㎏あたィ％
0x320486	9	ぁ）売ねいとたプ㎏
0x320499	7	たゾ㎏あたィ％
0x3204A6	9	ぁ）売ねいとたプ㎏
0x3204B9	7	たゾ㎏あたィ％
0x3204C6	9	ぁ）売ねいくぜを括
0x3204DE	7	プなあたペてぽ
0x3204EE	8	ズ㎏みたァ㎏どい
0x3204FA	4	ペ￥ナい
0x320511	7	たペ￥◎みペ￥
0x32051B	4	孤たプ㎏
0x320529	7	たゾ㎏あたィ％
0x320531	17	たゥ㎏くァＲ　ぽこい売ねいくぜを牙
0x32056A	16	ペ￥くァＲ　Ｊねいくぜを騎むプ㎏
0x32057D	4	ぃゾ㎏ね
0x32058E	7	ペ￥」ちプ㎏ね
0x320596	15	ェ㎏Ｇぃ、）→ちプ㎏あたう（ぜ
0x3205B2	6	ア￥あ覆ズを
0x3205DF	5	詰さア￥こ
0x3205EB	11	躯ちプ㎏ァあプ㎏鉾、）
0x3205FF	9	』タあプ㎏あたペ￥
0x32060A	7	ズ㎏ねたァ㎏ぬ
0x320613	11	凝ちプ㎏クあプ㎏鉾、）
0x320627	5	』があプ㎏
0x32062D	4	たズ㎏み
0x320643	9	桔ぃゾ㎏ふたダ㎏か
0x320653	5	８みたダ㎏
0x32065F	5	こきたペ￥
0x320669	4	たゾ㎏く
0x32066E	6	ィ㎏くァＲ　
0x320679	4	たズ㎏ね
0x3206DB	4	貢みプ㎏
0x3206E1	4	Ｕゾ㎏ふ
0x3206F3	6	８ヲそぽ￥ね
0x3206FD	7	たペ￥くたゲ㎏
0x320705	4	Ｕゾ㎏ふ
0x320715	4	ぃボ㎏あ
0x32071A	6	ペ￥あぃェ％
0x32073F	5	珪そぽ￥お
0x320747	6	Ｏらぃペ￥い
0x320751	7	たペ￥ヲぁペ￥
0x32077C	4	くぜを鑑
0x320785	4	たズ㎏ね
0x3207E2	4	ィ３Ｃい
0x320802	4	ズ㎏１あ
0x32082E	17	ペ￥くァＲ　Ｊねいくぜを核みプ㎏づ
0x320845	12	たペ￥あたィ％ＧあＷ）か
0x32086B	4	戸たプ㎏
0x320879	7	たゾ㎏あたィ％
0x320890	7	売ねいくぜを牙
0x3208AA	6	プ㎏かみペ￥
0x3208B1	7	たズ㎏ふみィ㎏
0x3208BE	4	ズ㎏ヤあ
0x3208D6	6	プ㎏のじペ￥
0x3208DD	11	みズ㎏おたペ￥くぃゥ㎏
0x3208F2	13	ペ￥くァＲ　Ｊねいとたプ㎏
0x320909	7	たゾ㎏あたィ％
0x320916	9	ぁ）売ねいくぜを牙
0x320946	13	ペ￥くァＲ　Ｊねいとたプ㎏
0x32095D	7	たゾ㎏あたィ％
0x32096A	9	ぁ）売ねいくぜを牙
0x32099A	13	ペ￥くァＲ　Ｊねいとたプ㎏
0x3209B1	7	たゾ㎏あたィ％
0x3209BE	9	ぁ）売ねいくぜを牙
0x3209EE	13	ペ￥くァＲ　Ｊねいとたプ㎏
0x320A05	7	たゾ㎏あたィ％
0x320A12	9	ぁ）売ねいくぜを牙
0x320A42	13	ペ￥くァＲ　Ｊねいとたプ㎏
0x320A59	7	たゾ㎏あたィ％
0x320A66	9	ぁ）売ねいくぜを牙
0x320A96	13	ペ￥くァＲ　Ｊねいとたプ㎏
0x320AAD	7	たゾ㎏あたィ％
0x320ABA	9	ぁ）売ねいくぜを牙
0x320AEA	13	ペ￥くァＲ　Ｊねいとたプ㎏
0x320B01	7	たゾ㎏あたィ％
0x320B0E	9	ぁ）売ねいくぜを牙
0x320B3E	13	ペ￥くァＲ　Ｊねいとたプ㎏
0x320B55	7	たゾ㎏あたィ％
0x320B62	9	ぁ）売ねいくぜを牙
0x320B92	13	ペ￥くァＲ　Ｊねいとたプ㎏
0x320BA9	7	たゾ㎏あたィ％
0x320BB6	9	ぁ）売ねいくぜを牙
0x320BE6	13	ペ￥くァＲ　Ｊねいとたプ㎏
0x320BFD	7	たゾ㎏あたィ％
0x320C0A	9	ぁ）売ねいくぜを牙
0x320C3A	13	ペ￥くァＲ　Ｊねいとたプ㎏
0x320C51	7	たゾ㎏あたィ％
0x320C5E	9	ぁ）売ねいくぜを牙
0x320C8E	13	ペ￥くァＲ　Ｊねいとたプ㎏
0x320CA5	7	たゾ㎏あたィ％
0x320CB2	9	ぁ）売ねいくぜを牙
0x320CE2	13	ペ￥くァＲ　Ｊねいとたプ㎏
0x320CF9	7	たゾ㎏あたィ％
0x320D06	9	ぁ）売ねいくぜを牙
0x320D36	13	ペ￥くァＲ　Ｊねいとたプ㎏
0x320D4D	7	たゾ㎏あたィ％
0x320D5A	9	ぁ）売ねいとたプ㎏
0x320D6D	7	たゾ㎏あたィ％
0x320D7A	9	ぁ）売ねいとたプ㎏
0x320D8D	7	たゾ㎏あたィ％
0x320D9A	9	ぁ）売ねいとたプ㎏
0x320DAD	7	たゾ㎏あたィ％
0x320DBA	9	ぁ）売ねいくぜを牙
0x320DEA	14	ペ￥くァＲ　Ｊねいとたプ㎏あ
0x320E01	7	たゾ㎏あたィ％
0x320E0E	5	ぁ）売ねい
0x320E15	6	ぜを悔。ぴ％
0x320E5E	11	ゴ㎏そたペ￥したゴ㎏た
0x320E6D	7	たペ）ふみプ㎏
0x320E88	4	と。ゴ％
0x320E8D	18	ァＲ　ドくい❤Ｅねいたぜを峨ぜペ）あ
0x320EC3	9	険たペ￥あみペ）あ
0x320EE3	5	元みペ）あ
0x320EED	4	たペ）え
0x320EFF	14	諺ァＲ　ドくいぃぜを悔。ぴ％
0x320F11	8	ぽペ）あぜペ）く
0x320F1A	6	イ￥い覆ズマ
0x320F4F	4	険ぃペ￥
0x320F55	12	ぃゴ㎏えぃゴ㎏くぃゴ㎏そ
0x320F66	7	ゴ㎏ワむプ㎏お
0x320F8B	4	険ぃペ￥
0x320F91	12	ぃゴ㎏えぃゴ㎏くぃゴ㎏そ
0x320FA2	7	ゴ㎏づむプ㎏お
0x320FC7	4	険ぃペ￥
0x320FCD	12	ぃゴ㎏えぃゴ㎏くぃゴ㎏そ
0x320FDE	7	ゴ㎏しむプ㎏お
0x321003	4	険ぃペ￥
0x321009	12	ぃゴ㎏えぃゴ㎏くぃゴ㎏そ
0x32101A	7	ゴ㎏」みプ㎏お
0x32103F	4	険ぃペ￥
0x321045	12	ぃゴ㎏えぃゴ㎏くぃゴ㎏そ
0x321056	7	ゴ㎏ボみプ㎏お
0x32107B	4	険ぃペ￥
0x321081	12	ぃゴ㎏えぃゴ㎏くぃゴ㎏そ
0x321092	7	ゴ㎏トみプ㎏お
0x3210B7	4	険ぃペ￥
0x3210BD	12	ぃゴ㎏えぃゴ㎏くぃゴ㎏そ
0x3210CE	7	ゴ㎏わみプ㎏お
0x3210E3	42	古。ゴ％ぃァＲ部ＦねいぃＦねいシＦねいョＦねいＩＦねい（ＦねいしＧねいねぜを臥。ぴ％
0x321112	6	ペ￥ァちプ㎏
0x321119	7	ぃペ）あみぜ％
0x321127	4	険ぜペ）
0x321131	7	たペ）えみペ）
0x321140	4	クＶプ㎏
0x321146	23	ペ￥しぃ❤㎏◎たペ￥えみペ）いぃェ￥しぃ→㎏Ｓ
0x321177	12	狐ちプ㎏あぃペ￥ぃＵ、㎏
0x321186	38	ペ￥◎みペ￥いＵゲ￥ぃＵＶ㎏ＧぉＶ）ＩうＶ）ＫもＶ）ＭうＶ）いたペ￥えみペ）
0x3211B3	12	細たプ㎏いぃペ￥エＵ、㎏
0x3211C2	38	ペ￥◎みペ￥いＵゲ￥エＵＶ㎏ＫゃＶ）ＭおＶ）ＯゆＶ）ＱおＶ）うたペ￥えみペ）
0x3211EF	12	惚たプ㎏うぃペ￥リＵ、㎏
0x3211FE	38	ペ￥◎みペ￥いＵゲ￥リＵＶ㎏ＯょＶ）ＱきＶ）ＳらＶ）ＥくＶ）えたペ￥えみペ）
0x32122C	4	フＵプ㎏
0x321232	38	ペ￥ボぃ❤㎏えみペ￥◎たペ￥いぃェ￥ボぃ→㎏Ｓる→）Ｅこ→）Ｇは→）えみペ）
0x32126A	10	プ㎏おぃペ￥Ｕぜ。㎏
0x321275	53	みペ￥Ｌたペ￥いぜォ￥ＵぜＵ㎏ＧごＵ）ＩわＵ）ＫふＵ）ＭわＵ）え。ゴ％ねァＲ変Ｇねいぜをさいたぜを翰みプ㎏
0x3212AD	4	ぃゾ㎏と
0x3212C2	14	ェ㎏ゲたプ㎏ゲぃプ㎏あ（ペ￥
0x3212D1	7	ぜゾ㎏ねぜヂ㎏
0x3212F3	13	牽ぞ、）あぜづ％ＧぞＶ）く
0x321303	13	牽ぞ、）いぜづ％ＧぞＶ）え
0x321319	19	Ｕゾ㎏えぜづ％ＧぞＶ）と（ゲ㎏融、）あ
0x321332	7	シ）ＧぅＶ、か
0x321343	5	ＯたァＲ気
0x321361	6	ぺを甘つプ㎏
0x32138F	4	肱つプ㎏
0x32144F	8	済あプ㎏❤ちプ㎏
0x321463	4	坐ちプ㎏
0x32147B	4	懇ちプ㎏
0x321493	9	険みペ）えたペ）お
0x3214A3	8	降ちプ㎏ヂあプ㎏
0x3214B7	4	綱ちプ㎏
0x3214BD	7	ぽペ）ァあプ㎏
0x3214CF	4	抗ちプ㎏
0x3214D5	7	ぜペ）フあプ㎏
0x3214E7	9	険みペ）えたペ）お
0x321507	4	鯉ぞプ㎏
0x321517	5	顕ぽッ％え
0x321523	5	Ｏりあプ㎏
0x321537	33	』ねィプ㎏ねゼプ㎏ねぞプ㎏ねチプ㎏ねＦプ㎏こぽペ）こあベ・こちデ・
0x32155A	5	ガ㎏窄プ㎏
0x321561	11	たョ㎏こムズ・えぽョ㎏
0x32156E	11	コ￥りぽョ㎏えぽガ㎏き
0x32157A	7	ペ）くたペ）く
0x32158F	9	鈷せペ￥ドぜむ（あ
0x32159A	6	ペ￥ケいＶ㎏
0x3215B3	9	鈷せペ￥ドぜむ（あ
0x3215BE	7	ペ￥っいＶ㎏ョ
0x3215C6	6	プ㎏あペギ％
0x3215CE	10	ズ㎏わァョ％とズガ％
0x321603	16	鷺ジＲ　ＪねいエＧねいシＧねいた
0x32164E	10	むぜフＧねいぽＧねい
0x321659	25	ＫねいワＧねいズナこいがゥひいやゥひいやＳぬいテぬ
0x321674	11	がぜを丸あプ㎏くたズ㎏
0x3216AB	14	はァあプ㎏あたペ￥くたァ㎏キ
0x3216C7	9	はネちプ㎏ネあプ㎏
0x3216DB	4	孝ちプ㎏
0x3216F3	4	誤ちプ㎏
0x32170B	4	元たペ）
0x321711	4	みペ）お
0x32171B	8	胡あプ㎏たちプ㎏
0x32174E	6	プ㎏（たプ㎏
0x32175F	4	元たペ）
0x321765	4	みペ）お
0x321796	6	プなあたペて
0x32179D	8	たＵなゲたプ㎏Ｅ
0x3217A6	6	プ㎏えみゼ㎏
0x3217DA	11	プ㎏いたペ￥くたァ㎏し
0x3217F7	5	はタぜプ㎏
0x321807	5	顕ぽッ％え
0x321816	9	ペ￥がァＲ下たプ㎏
0x321822	57	ペ￥えみゼ㎏あみゥ％えみィ㎏がァＲ　ＪねいりＳぬいタ！佼㎞だムぞゅケぬだ、Ｆ佼ＣＣミぞミデにだクチこいびぽこいぷい
0x32186A	22	ァでくぜを雅。ぴ％フっプ㎏フやプ㎏したダ㎏た
0x321889	4	たゥ㎏う
0x321892	11	ゥ㎏ご）ダ㎏ぜＶダ㎏え
0x32189E	15	ゴ㎏た（ゥ㎏とＵゥ㎏ねたゥ㎏ふ
0x3218AE	7	ゥ㎏みたゥ㎏や
0x3218B6	7	ゥ㎏りたゥ㎏わ
0x3218BE	7	ゥ㎏ぃたゥ㎏っ
0x3218C6	7	ゥ㎏がたゥ㎏ご
0x3218CE	7	ゥ㎏ぜたゥ㎏づ
0x3218D6	7	ゥ㎏びたゥ㎏ぱ
0x3218DE	7	ゥ㎏ぽたゥ㎏エ
0x3218E6	7	ゥ㎏クたゥ㎏シ
0x3218EE	7	ゥ㎏タたゥ㎏ト
0x3218F6	7	ゥ㎏ネたゥ㎏フ
0x321A1D	11	Ｕゥ㎏わ）ダ㎏ぃＶダ㎏
0x321CDD	20	いゥ㎏く。ゴ％くァＲ　薯い煤ねいわＳぬい
0x321D08	4	ワＺぬい
0x321D10	4	６Ｙぬい
0x321D18	4	ネＹぬい
0x321D20	4	ぃＺぬい
0x322024	36	ぁどモだノホぁネチヒチヤチぁトナヘマぁニミぎソトナヘマソリソぃぃんツノホ
0x32204C	37	ぁどモだノホぁネチヒチヤチぁチフツユヘぁネミぎソトナヘマソモノヤチんツノホ
0x322074	36	ぁどモだノホぁネチヒチヤチぁトナヘマぁニミぎソトナヘマソリソぃぅんツノホ
0x32209C	38	ぁどモだノホぁネチヒチヤチぁトナヘマぁニミぎソトナヘマソリソヨソぇぃんツノホ
0x3220C4	38	ぁどモだノホぁネチヒチヤチぁトナヘマぁニミぎソトナヘマソリソぃぇソリんツノホ
0x3220EC	36	ぁどモだノホぁネチヒチヤチぁトナヘマぁニミぎソトナヘマソリソぃぇんツノホ
0x322114	40	ぁどモだノホぁネチヒチヤチぁトナヘマぁニミぎソトナヘマソリソマツハソぃぃんツノホ
0x322140	36	ぁどモだノホぁネチヒチヤチぁトナヘマぁニミぎソトナヘマソリソぃぃんツノホ
0x322168	38	ぁどモだノホぁネチヒチヤチぁトナヘマぁニミぎソトナヘマソリソぃぉソリんツノホ
0x322190	36	ぁどモだノホぁネチヒチヤチぁトナヘマぁニミぎソトナヘマソリソぃぉんツノホ
0x3221B8	37	ぁどモだノホぁネチヒチヤチぁチフツユヘぁネミぎソトナヘマソモノヤチんツノホ
0x3221E0	41	ぁどモだノホぁネチヒチヤチぁチフツユヘぁネミぎソトナヘマソモノヤチソマツハんツノホ
0x32220C	40	ぁどモだノホぁネチヒチヤチぁトナヘマぁニミぎソトナヘマソリソマツハソぅぃんツノホ
0x3222B1	50	・にいぽ／にいズ／にいみにいっ（にいバ（にいみ）にいリ）にい（）にいぽ％にい→％にいぃ￥にいォ￥にい
0x3222E5	78	㎞にい❤㎞にいョ㎏にい閥にいぽ・にいリ。にい。。にいび、にい→、にいづ…にいＱ…にいぜ「にいＭ「にいた」にいリ」にいペ」にいし＋にいズ＋にいくーにいヤーにい
0x322335	66	？にいフ？にい！？にいネ！にい」！にいぜ『にいＹ『にいご』にいＩ』にいね～にいヤ～にい　にいエ❤にい（❤にいえ鮫いや鮫いぃ書いた跡い
0x32237D	6	箪い㎞箪いう
0x3223EC	5	Ａ…ぬいだ
0x3223F4	5	や❤ぬいぢ
0x3223FC	5	く↑ぬいづ
0x322404	5	ョ←ぬいで
0x32240C	5	ネ」ぬいど
0x322414	5	え「ぬいば
0x32241C	5	→・ぬいび
0x322424	5	ゲ❤ぬいぶ
0x32242C	5	シ×ぬいべ
0x322434	5	ネ？ぬいぼ
0x32243C	5	◎』ぬいぱ
0x322445	4	』ぬいぴ
0x32244C	5	Ｑ～ぬいぷ
0x322454	5	ク＋ぬいぺ
0x32245C	5	わ・ぬいぽ
0x322464	5	Ｕ❤ぬいア
0x32246C	5	バ？ぬいイ
0x322474	5	◎？ぬいウ
0x32247C	5	ぃ「ぬいエ
0x322484	5	り～ぬいオ
0x32248C	5	Ｍ！ぬいカ
0x322494	5	り＋ぬいキ
0x32249C	4	　ぬいク
0x3224A4	4	へぬいケ
0x3224AC	5	ぱ、ぬいコ
0x3224B4	5	ク～ぬいサ
0x3224BC	5	（「ぬいシ
0x3224C4	5	Ｙ×ぬいス
0x3224CC	5	Ｍ＋ぬいセ
0x3224D4	4	　ぬいソ
0x3224DC	5	み、ぬいタ
0x3224E4	5	Ｉ「ぬいチ
0x3224EC	5	リ『ぬいツ
0x3224F4	5	６『ぬいテ
0x3224FC	5	びーぬいト
0x322504	5	ョ「ぬいナ
0x32250C	5	リーぬいニ
0x322514	5	り！ぬいヌ
0x32251C	5	６ーぬいネ
0x322524	5	！『ぬいノ
0x32252D	4	、ぬいハ
0x322534	5	り×ぬいヒ
0x32253C	5	く』ぬいフ
0x322544	5	が」ぬいヘ
0x32254C	5	Ｕ↓ぬいホ
0x322554	5	リ、ぬいマ
0x32255C	5	り…ぬいミ
0x322564	5	！ーぬいム
0x32256C	5	が』ぬいメ
0x322574	5	ァ…ぬいモ
0x32257C	5	が？ぬいヤ
0x322584	5	タ↑ぬいユ
0x32258C	5	◎。ぬいヨ
0x322594	5	！…ぬいラ
0x32259C	5	ク❤ぬいリ
0x3225A4	5	バ」ぬいル
0x3225AC	5	づ。ぬいレ
0x3225B4	5	ョ！ぬいロ
0x3225BC	5	た↓ぬいワ
0x3225C4	5	し」ぬいヲ
0x3225CC	5	ボ。ぬいン
0x3225D4	5	◎」ぬいヴ
0x3225DC	5	シ「ぬいァ
0x3225E4	5	ズ×ぬいィ
0x3225EC	4	終ぬいゥ
0x3225F4	5	ョ＋ぬいェ
0x3225FC	5	Ｅ←ぬいォ
0x322604	4	ちぬいッ
0x32260C	5	ねーぬいャ
0x322614	5	２、ぬいュ
0x32261C	5	Ｍ↑ぬいョ
0x322624	5	ゲ↑ぬいガ
0x32262C	5	ヂ↓ぬいギ
0x322634	5	タ←ぬいグ
0x32263C	5	ネ↓ぬいゲ
0x322644	5	㎞↑ぬいゴ
0x32264C	5	っ↑ぬいザ
0x322654	5	ネ』ぬいジ
0x32265C	5	バ』ぬいズ
0x322664	5	。、ぬいゼ
0x32266C	5	エ…ぬいゾ
0x322674	4	八ぬいダ
0x32267D	4	」ぬいヂ
0x322684	5	ミ。ぬい巽
0x32268C	5	ご↓ぬい搭
0x322694	5	び『ぬい煩
0x32269D	4	？ぬい坊
0x3226A5	4	×ぬい履
0x3226AC	5	❤←ぬい尅
0x3226B4	5	ク！ぬいあ
0x3226BC	5	く？ぬいｱ
0x3226DC	5	ヂ・ぬいビ
0x3226E4	5	ね『ぬいダ
0x3226EC	5	た←ぬいダ
0x3226F4	4	　ぬいダ
0x3226FC	6	Ｕ→ぬいNo
0x3227D6	4	やるぞ！
0x3227FE	4	バトルン
0x322856	5	おっつー！
0x322882	4	ガガーン
0x3228DA	4	ハッピー
0x322906	4	ラッキー
0x322932	4	ルンルン
0x32298A	5	あちょー！
0x3229B6	5	ダイキョー
0x3229E2	5	スエッキー
0x322A0E	6	さようなら～
0x322A3A	5	戦います。
0x322A66	6	クリアだよー
0x322A92	6	はちゃ～きー
0x322ABE	6	こわひ・・・
0x322AEA	6	おはなばたけ
0x322B16	4	君の名は
0x322B42	6	バトルンルン
0x322B6F	4	や負だ！
0x322B9A	5	しんみり子
0x322BC6	5	終わりどす
0x322BF2	5	ホラ選んで
0x322C1E	6	やっちまえ！
0x322C4A	6	パッパラー！
0x322C76	6	楽しいデート
0x322CA2	6	お祭りだい！
0x322CCE	7	コスモワールド
0x322CFA	7	セレクトする子
0x322D52	8	うちまくるぜい！
0x322D7E	6	もめ事か！？
0x322DAA	5	試態をつく
0x322DD6	7	どないやねん。
0x322E02	5	いざ試合！
0x322E2E	6	ホの字です★
0x322E5A	7	ザ・ウォーター
0x322E86	8	ヘンテコテコテコ
0x322EB6	8	こんな感じでっせ
0x322EE6	8	コテコテですやん
0x322F16	8	ペラペラしやがる
0x322F46	8	ホーームリャン！
0x322F76	7	旅ガラスのうた
0x322FA6	5	　様の戦い
0x322FD6	7	戦いますけど！
0x323036	8	ケラケラケミカル
0x323096	7	勝ちましてん。
0x3230C6	7	負けましてん。
0x3230F6	6	登録します！
0x323126	9	しーゆーあげいん！
0x323156	6	達・成・感★
0x323186	7	秩序とカオスと
0x3231B6	9	ハイスピードゲーム
0x3231E6	9	レッツ・スタート！
0x323216	9	どれにしようかな㎞
0x323246	9	ぅあちょーーっ！！
0x323276	7	ほっこり登録㎞
0x3232A6	9	闘い、そして・・・
0x3232D6	10	そぉ～っとそぉ～っと
0x323306	10	ワクワクなえぶりでい
0x323336	10	バーサクわっしょい！
0x323366	8	広告ど・え～す！
0x323396	7	名前を入れろ！
0x3233C7	6	キ合で勝負！
0x323426	10	データみるみるみ～る
0x323456	11	さすらいのテーマその２
0x323487	7	デ球仙人じゃ。
0x3234B6	11	ダチョウをつかまえろ！
0x3234E6	11	うじゃうじゃうじゃ～！
0x323516	10	母さん、オレやったよ
0x323546	10	父さん、オレやったよ
0x323576	11	さすらいのテーマその１
0x3235A6	11	エンドレス・ダークネス
0x3235D6	11	終わった・・・バイバイ
0x32360A	12	オレって、オレって・・・
0x32363E	12	ノミノミノミノミノミ～！
0x323672	10	良きも試きも思い出だ
0x3236A6	10	　宙港へとーちゃ～く
0x3236DA	10	長い戦いが今始まる…
0x32370E	13	さすらって～ジャカジャン㎞
0x323742	13	ウキウキハッピーフゥ～！！
0x323776	9	揺れる想いは万　鏡
0x3237AA	12	なんとぺなんと楽しい生活
0x3237DE	12	いくぜ！ロボット変形！！
0x323813	8	ぎ間見る裏の世界
0x323846	12	とりあえず修行ってか？！
0x32387A	4	行くぜ！
0x3238AE	11	　様の闘いに終わりなし
0x3238E2	13	胡坐かいて跳べます跳べます
0x32391A	10	キャンキャンキャンプ
0x323944	41	ぁどモだノホぁネチヒチヤチぁチフツユヘぁニミぎソチフツユヘソユミソぅぃソヨんツノホ
0x323970	36	ぁどモだノホぁネチヒチヤチぁチフツユヘぁニミぎソチフツユヘソツヌんツノホ
0x323998	38	ぁどモだノホぁネチヒチヤチぁチフツユヘぁニミぎソチフツユヘソぉぃソヨんツノホ
0x3239C0	36	ぁどモだノホぁネチヒチヤチぁチフツユヘぁニミぎソチフツユヘソツヌんツノホ
0x3239E8	39	ぁどモだノホぁネチヒチヤチぁチフツユヘぁニミぎソチフツユヘソマツハソぃんツノホ
0x323A50	39	ぁどモだノホぁネチヒチヤチぁチフツユヘぁニミぎソチフツユヘソユミソツヌんツノホ
0x323A78	38	ぁどモだノホぁネチヒチヤチぁチフツユヘぁニミぎソチフツユヘソぃぃソヨんツノホ
0x323AA0	36	ぁどモだノホぁネチヒチヤチぁチフツユヘぁニミぎソチフツユヘソツヌんツノホ
0x323AC8	39	ぁどモだノホぁネチヒチヤチぁチフツユヘぁニミぎソチフツユヘソマツハソぃんツノホ
0x323AF0	39	ぁどモだノホぁネチヒチヤチぁチフツユヘぁニミぎソチフツユヘソマツハソぃんツノホ
0x323B18	41	ぁどモだノホぁネチヒチヤチぁチフツユヘぁニミぎソチフツユヘソユミソぅぃソヨんツノホ
0x323B44	36	ぁどモだノホぁネチヒチヤチぁチフツユヘぁニミぎソチフツユヘソツヌんツノホ
0x323B6C	36	ぁどモだノホぁネチヒチヤチぁチフツユヘぁニミぎソチフツユヘソツヌんツノホ
0x323B94	41	ぁどモだノホぁネチヒチヤチぁチフツユヘぁニミぎソチフツユヘソユミソぅぃソヨんツノホ
0x323BC0	39	ぁどモだノホぁネチヒチヤチぁチフツユヘぁニミぎソチフツユヘソマツハソぃんツノホ
0x323BE8	38	ぁどモだノホぁネチヒチヤチぁチフツユヘぁニミぎソチフツユヘソぇぃソヨんツノホ
0x323C10	41	ぁどモだノホぁネチヒチヤチぁチフツユヘぁニミぎソチフツユヘソユミソぃぃソヨんツノホ
0x323C3C	36	ぁどモだノホぁネチヒチヤチぁチフツユヘぁニミぎソチフツユヘソツヌんツノホ
0x323C64	38	ぁどモだノホぁネチヒチヤチぁチフツユヘぁニミぎソチフツユヘソぅぃソヨんツノホ
0x323C8C	68	ぜちぬいタちぬいァちぬいペちぬいわつぬいタつぬい曄ぬいりてぬいぁどモだノホぁネチヒチヤチぁトナヘマぁマミぎソツユヌノユヌノソぃぃんツノホ
0x323CD4	37	ぁどモだノホぁネチヒチヤチぁトナヘマぁマミぎソツユヌノユヌノソぃぅんツノホ
0x323CFC	37	ぁどモだノホぁネチヒチヤチぁトナヘマぁマミぎソツユヌノユヌノソぃぇんツノホ
0x323D24	37	ぁどモだノホぁネチヒチヤチぁトナヘマぁマミぎソツユヌノユヌノソぃぉんツノホ
0x323D4C	37	ぁどモだノホぁネチヒチヤチぁトナヘマぁマミぎソツユヌノユヌノソぃっんツノホ
0x323D74	41	ぁどモだノホぁネチヒチヤチぁトナヘマぁマミぎソツユヌノユヌノソぃぉソマツハんツノホ
0x323DA0	41	ぁどモだノホぁネチヒチヤチぁトナヘマぁマミぎソツユヌノユヌノソぃっソマツハんツノホ
0x323DCC	41	ぁどモだノホぁネチヒチヤチぁトナヘマぁマミぎソツユヌノユヌノソぃゃソマツハんツノホ
0x323DF8	4	ズ㎞ぬい
0x323E81	33	ごぬいぃざぬいゲざぬいＵざぬい（い（キ（ウＵぺＵぼペぼァばァぢタず
0x323EA4	30	」ウーウ！ウ』ウ❤ウタず（いタずタずタずァぢァぢペばペばＵぼ
0x323FCC	42	ぁどモだノホぁノラチモチヒノぁヘノホノウユテテナモモぁニミぎソモソナホトソぉんツノホ
0x323FF8	47	ぁどモだノホぁノラチモチヒノぁヘノホノウユテテナモモぁニミぎソモソナホトソマツハソぃぃんツノホ
0x324028	42	ぁどモだノホぁノラチモチヒノぁヘノホノウユテテナモモぁニミぎソモソナホトソぃんツノホ
0x324054	42	ぁどモだノホぁノラチモチヒノぁヘノホノウユテテナモモぁニミぎソモソナホトソぇんツノホ
0x324080	42	ぁどモだノホぁノラチモチヒノぁヘノホノウユテテナモモぁニミぎソモソナホトソぇんツノホ
0x3240AC	42	ぁどモだノホぁノラチモチヒノぁヘノホノウユテテナモモぁニミぎソモソナホトソぅんツノホ
0x3240D8	42	ぁどモだノホぁノラチモチヒノぁヘノホノウユテテナモモぁニミぎソモソナホトソぅんツノホ
0x324104	38	ぁどモだノホぁネチヒチヤチぁトナヘマぁニミぎソトナヘマソヤマメマヒユんツノホ
0x32412C	41	ぁどモだノホぁネチヒチヤチぁトナヘマぁニミぎソトナヘマソヤマメマヒユソツヌんツノホ
0x324158	36	ぁどモだノホぁネチヒチヤチぁトナヘマぁニミぎソトナヘマソぅぃソヨんツノホ
0x324180	38	ぁどモだノホぁネチヒチヤチぁトナヘマぁニミぎソトナヘマソマツハソぅぃんツノホ
0x3241A8	39	ぁどモだノホぁネチヒチヤチぁトナヘマぁニミぎソトナヘマソヘママホソユミんツノホ
0x3241D0	36	ぁどモだノホぁネチヒチヤチぁトナヘマぁニミぎソトナヘマソぇぃソヨんツノホ
0x3241F8	36	ぁどモだノホぁネチヒチヤチぁトナヘマぁニミぎソトナヘマソぇぃソヨんツノホ
0x324220	36	ぁどモだノホぁネチヒチヤチぁトナヘマぁニミぎソトナヘマソぇぃソヨんツノホ
0x324248	36	ぁどモだノホぁネチヒチヤチぁトナヘマぁニミぎソトナヘマソぇぃソヨんツノホ
0x324270	36	ぁどモだノホぁネチヒチヤチぁトナヘマぁニミぎソトナヘマソヘママホんツノホ
0x324298	38	ぁどモだノホぁネチヒチヤチぁトナヘマぁニミぎソヌチヘナマヨナメソぃぇんツノホ
0x3242C0	38	ぁどモだノホぁネチヒチヤチぁトナヘマぁニミぎソヌチヘナマヨナメソぅぇんツノホ
0x3242E8	38	ぁどモだノホぁネチヒチヤチぁトナヘマぁニミぎソヌチヘナマヨナメソぅぃんツノホ
0x324310	38	ぁどモだノホぁネチヒチヤチぁトナヘマぁニミぎソヌチヘナマヨナメソぅぅんツノホ
0x324338	43	ぁどモだノホぁネチヒチヤチぁトナヘマぁニミぎソトナヘマソモミチテナソナホトソぅんツノホ
0x324364	38	ぁどモだノホぁネチヒチヤチぁトナヘマぁニミぎソトナヘマソマツハソぇぃんツノホ
0x32438C	43	ぁどモだノホぁネチヒチヤチぁトナヘマぁニミぎソトナヘマソモミチテナソナホトソぃんツノホ
0x3243B8	38	ぁどモだノホぁネチヒチヤチぁトナヘマぁニミぎソトナヘマソマツハソぇぃんツノホ
0x3243E0	38	ぁどモだノホぁネチヒチヤチぁトナヘマぁニミぎソヌチヘナマヨナメソぃぃんツノホ
0x324408	37	ぁどモだノホぁネチヒチヤチぁチフツユヘぁニミぎソヌユルソマミソツヌんツノホ
0x324430	39	ぁどモだノホぁネチヒチヤチぁチフツユヘぁニミぎソチフツユヘソマツハソぃんツノホ
0x324458	39	ぁどモだノホぁネチヒチヤチぁトナヘマぁニミぎソマヘチヒナソトナヘマソぃんツノホ
0x324480	39	ぁどモだノホぁネチヒチヤチぁトナヘマぁニミぎソマヘチヒナソトナヘマソぅんツノホ
0x3244F5	72	べぬいぃぼぬいタぼぬいヂぼぬいＩぼぬい」ぼぬいくぱぬいくどぬいごどぬいォどぬい。どぬいトばぬいぃびぬいごぶぬいクぶぬいゲぶぬいヂぶぬい。ぶぬいり
0x324628	105	Ｉレぬい」レぬいぽワぬいぃヲぬいがンぬいねヴぬいヤモぬい◎モぬい　ぬいペヤぬい（ユぬいとヨぬい→リぬい６ルぬいりレぬいワレぬいＡレぬいぁどモだノホぁネチヒチヤチぁトナヘマぁニミぎソヌチヘナマヨナメソぃぅんツノホ
0x324694	41	ぁどモだノホぁネチヒチヤチぁチフツユヘぁニミぎソチフツユヘソユミソぅぃソヨんツノホ
0x3246C0	36	ぁどモだノホぁネチヒチヤチぁチフツユヘぁニミぎソチフツユヘソツヌんツノホ
0x3246E8	37	ぁどモだノホぁネチヒチヤチぁチフツユヘぁニミぎソヌユルソマミソツヌんツノホ
0x324710	38	ぁどモだノホぁネチヒチヤチぁチフツユヘぁニミぎソチフツユヘソぅぃソリんツノホ
0x324738	36	ぁどモだノホぁネチヒチヤチぁチフツユヘぁニミぎソチフツユヘソツヌんツノホ
0x324760	39	ぁどモだノホぁネチヒチヤチぁチフツユヘぁニミぎソチフツユヘソマツハソぃんツノホ
0x32478A	6	さいみリねい
0x324794	4	トすねい
0x32479C	4	クユねい
0x3247A4	4	わマねい
0x3247AC	4	ぱカねい
0x3247B4	4	ワだねい
0x3247BC	4	くミねい
0x3247C4	4	っぎねい
0x3247CC	4	ペサねい
0x3247D4	4	Ｍざねい
0x3247DC	4	ペメねい
0x3247E4	4	㎞ミねい
0x3247EC	4	ォヘねい
0x3247F4	4	えンねい
0x3247FC	4	ョるねい
0x324804	4	Ｕぇねい
0x32480C	4	❤ォねい
0x324814	4	みづねい
0x32481C	4	たルねい
0x324824	4	ョモねい
0x32482C	4	みれねい
0x32483C	4	えロねい
0x324844	4	❤ヒねい
0x32484C	4	しヴねい
0x324854	4	トぞねい
0x32485C	4	くレねい
0x324864	4	づヨねい
0x32486C	4	ミヤねい
0x324874	4	っごねい
0x32487C	4	２オねい
0x32488C	4	ズェねい
0x324894	4	クホねい
0x32489C	4	ぜハねい
0x3248A4	4	っィねい
0x3248AC	4	ねァねい
0x3248B4	4	６ぃねい
0x3248BC	4	クゥねい
0x3248C4	4	リりねい
0x3248CC	4	ヂぢねい
0x3248D4	4	ぃラねい
0x3248DC	4	６びねい
0x3248E4	4	っげねい
0x324A1C	4	ミれねい
0x324A24	4	ぽガねい
0x324A2C	4	ふわねい
0x324A34	4	リわねい
0x324A3C	4	しよねい
0x324A44	4	ミらねい
0x324A54	4	クふねい
0x324A5C	4	っりねい
0x324A64	4	エぜねい
0x324A90	4	ハルツグ
0x324BA0	4	ブラッド
0x324BE0	4	ブラック
0x324C30	4	カビンダ
0x324C40	4	ヒラヤマ
0x324C60	4	クラガリ
0x324C80	4	オニザメ
0x324CD0	4	エーベル
0x324D10	4	たかゆき
0x324D40	4	イシナカ
0x324DC0	4	スズネ姫
0x324DF0	5	エドアルト
0x324E00	5	フグリーノ
0x324E20	5	アルベルト
0x324F70	4	ハク総督
0x3250F0	5	リコの部　
0x325160	5	フジタ大臣
0x3251A0	6	ドマグニー人
0x3251D0	5	プアゾ元帥
0x325200	6	サイバー忍者
0x325214	8	師匠（ししょう）
0x32523C	8	コテツのロボット
0x325250	6	オオガミ会長
0x325264	6	ニンゲツ会長
0x325278	6	アオシマ中佐
0x32528C	6	ソネムラ長官
0x3252A0	10	チャン太（ちゃんた）
0x3252B4	7	田西（たにし）
0x3252C8	6	椿（つばき）
0x3252DC	9	ワン公（わんこう）
0x3252F0	8	ギャスビゴー星人
0x32531A	6	人公（ミニ）
0x32532C	12	アルベルト（あるべると）
0x325355	6	ト邦軍の兵士
0x325368	9	カニ型オーブール人
0x325381	4	ばの母親
0x3253A4	11	シルバー（＋ゴールド）
0x3253B8	11	ゴルトマン・シャムール
0x3253E4	14	マックスパワーズのキャプテン
0x325431	5	幸（むかい
0x325444	8	ムシャ（むしゃ）
0x32545C	5	ソルジャー
0x325474	12	フグ怪人（ふぐかいじん）
0x3254EF	5	利　（そう
0x3254F7	4	りいち）
0x325504	9	番長（バンチョー）
0x32551C	4	カニ怪人
0x32554C	12	狂犬ドッグスのキャプテン
0x3255C9	6	吐夢（くどう
0x325611	5	男（じもん
0x325629	6	金男（あらい
0x325632	4	かねお）
0x32566C	15	ダチョウ（　語でオストリッチ）
0x3257BC	8	ピエロ（ぴえろ）
0x3257DD	7	貴子（やました
0x3257E7	4	たかこ）
0x325815	6	晴夫（あらい
0x32581E	4	パルオ）
0x32584D	6	鉄幹（しろた
0x325856	5	てっかん）
0x32594B	7	丸居（ハセシマ
0x325955	4	マルイ）
0x32599D	7	珍（しょうちく
0x3259B4	7	スーパーの店　
0x3259F1	7	隆雄（やました
0x3259FB	4	たかお）
0x325A0E	5	准（なつめ
0x325A15	4	じゅん）
0x325AD1	6	輝　（さんだ
0x325ADA	5	てるいえ）
0x325B0B	9	竹助（ろくがくいん
0x325B17	5	たけすけ）
0x325B5D	7	ちよ（ぬくみず
0x325B79	6	則夫（きかわ
0x325B82	4	のりお）
0x325BCD	6	銀二（あらい
0x325BD6	4	ぎんじ）
0x325BE9	6	大介（ぼんだ
0x325BF2	5	だいすけ）
0x325D50	9	進藤　智（しんどう
0x325D5E	5	ひでとも）
0x325D71	7	平七（みつやま
0x325D7B	5	へいしち）
0x325D88	20	ョひねいわふねい！ひねいミゆねいォふねい
0x325D9D	9	ふねいシみねい神田
0x325DA9	7	カンタ（かんだ
0x325DB1	4	かんた）
0x325DE1	7	奈津姫（かんだ
0x325DEC	4	なつき）
0x325E1A	6	香太（せのう
0x325E23	4	こうた）
0x325E95	4	マスター
0x325EC1	6	邦彦（いわい
0x325ECA	5	くにひこ）
0x325F69	7	潤　郎（なみき
0x325F74	8	じゅんいちろう）
0x32600B	9	勝（さわだまさる）
0x326027	8	ｱ啓助（きりゅう
0x326033	5	けいすけ）
0x326089	6	正男（ごんだ
0x326092	4	まさお）
0x3260C9	7	鉄治（おおむら
0x3260D3	5	てつはる）
0x326189	6	洋将（おおた
0x326192	5	ひろまさ）
0x3261B3	5	おもちゃ　
0x3261E9	7	晴継（ゆきしろ
0x3261F3	5	はるつぐ）
0x326209	7	耕造（まきむら
0x326213	5	こうぞう）
0x326295	4	ダチョウ
0x326347	5	徳仁（はく
0x32634F	5	のりひと）
0x326475	4	カンタ君
0x326495	5	ゴルトマン
0x3264B5	5	ソルジャー
0x3264E9	7	良　（あんどう
0x3264F3	6	りょういち）
0x326515	5	アルベルト
0x326534	4	チ金　ぎ
0x326551	8	「ブギヴギ商店街
0x326594	6	アドバイザー
0x326653	7	ドラッカの元首
0x326669	7	三郎（あおしま
0x326673	5	さぶろう）
0x326755	4	カニ怪人
0x326775	4	フグ怪人
0x3267F5	7	テクノロジスト
0x326853	5	最強の忍び
0x326871	10	ウインダストの女の子
0x326894	6	旧式ロボット
0x3268B4	6	新型ロボット
0x3268F7	4	チャン太
0x326907	8	ｱ　菜（きりゅう
0x326949	5	男（じもん
0x326973	11	マッドサイエンティスト
0x326995	6	ピカーリの神
0x3269B4	4	れは味方
0x3269D6	4	ト宙の男
0x3269F3	7	ルナリング長官
0x326A13	7	フローラの総督
0x326AEB	4	カニ人間
0x326E6B	9	敵キャプテンその１
0x326E8F	9	敵キャプテンその２
0x3270D1	8	エースパイロット
0x32713D	6	逃亡エスパー
0x327161	4	れは記者
0x3271A9	6	オオガミ会長
0x3271CD	6	ニンゲツ会長
0x32723B	6	ドマグニー人
0x32725D	7	スーパーの店　
0x327275	7	美回斗（すいま
0x327280	4	びいと）
0x3272A5	7	　宙モンスター
0x3272EE	5	ね高の戦士
0x327312	5	へ賊の姫君
0x32746E	6	　織（のざき
0x327477	4	いおり）
0x3274EB	8	ギャスビゴー星人
0x327515	6	人公（ミニ）
0x327539	9	　宙　美しいオトコ
0x327568	4	ばの母親
0x32757E	6	　斬（でんし
0x327588	5	えんざん）
0x327600	11	へ賊手　（リコの部　）
0x327618	12	アルバムトップに戻ります
0x32766C	10	ページを切り替えます
0x3276C4	12	「結局、使われなかった」
0x3276F4	48	ぁどモだノホぁネチヒチヤチぁぞフツユヘソでミノフマヌユナぁマミぎソナミノフマヌユナソぉぇんツノホ
0x327728	48	ぁどモだノホぁネチヒチヤチぁぞフツユヘソでミノフマヌユナぁマミぎソナミノフマヌユナソゃゅんツノホ
0x32775C	48	ぁどモだノホぁネチヒチヤチぁぞフツユヘソでミノフマヌユナぁマミぎソナミノフマヌユナソっがんツノホ
0x327790	48	ぁどモだノホぁネチヒチヤチぁぞフツユヘソでミノフマヌユナぁマミぎソナミノフマヌユナソぉぉんツノホ
0x3277C4	48	ぁどモだノホぁネチヒチヤチぁぞフツユヘソでミノフマヌユナぁマミぎソナミノフマヌユナソぉっんツノホ
0x3277F8	48	ぁどモだノホぁネチヒチヤチぁぞフツユヘソでミノフマヌユナぁマミぎソナミノフマヌユナソっぎんツノホ
0x32782C	48	ぁどモだノホぁネチヒチヤチぁぞフツユヘソでミノフマヌユナぁマミぎソナミノフマヌユナソぉゃんツノホ
0x327860	48	ぁどモだノホぁネチヒチヤチぁぞフツユヘソでミノフマヌユナぁマミぎソナミノフマヌユナソゃぃんツノホ
0x327894	48	ぁどモだノホぁネチヒチヤチぁぞフツユヘソでミノフマヌユナぁマミぎソナミノフマヌユナソぉゅんツノホ
0x3278C8	48	ぁどモだノホぁネチヒチヤチぁぞフツユヘソでミノフマヌユナぁマミぎソナミノフマヌユナソぉょんツノホ
0x3278FC	48	ぁどモだノホぁネチヒチヤチぁぞフツユヘソでミノフマヌユナぁマミぎソナミノフマヌユナソぉがんツノホ
0x327930	48	ぁどモだノホぁネチヒチヤチぁぞフツユヘソでミノフマヌユナぁマミぎソナミノフマヌユナソぉぎんツノホ
0x327964	48	ぁどモだノホぁネチヒチヤチぁぞフツユヘソでミノフマヌユナぁマミぎソナミノフマヌユナソぅゃんツノホ
0x327998	48	ぁどモだノホぁネチヒチヤチぁぞフツユヘソでミノフマヌユナぁマミぎソナミノフマヌユナソゃぅんツノホ
0x3279CC	48	ぁどモだノホぁネチヒチヤチぁぞフツユヘソでミノフマヌユナぁマミぎソナミノフマヌユナソぅゅんツノホ
0x327A00	48	ぁどモだノホぁネチヒチヤチぁぞフツユヘソでミノフマヌユナぁマミぎソナミノフマヌユナソぅょんツノホ
0x327A34	48	ぁどモだノホぁネチヒチヤチぁぞフツユヘソでミノフマヌユナぁマミぎソナミノフマヌユナソっぃんツノホ
0x327A68	48	ぁどモだノホぁネチヒチヤチぁぞフツユヘソでミノフマヌユナぁマミぎソナミノフマヌユナソゃぇんツノホ
0x327A9C	5	ウソちらし
0x327AD0	48	ぁどモだノホぁネチヒチヤチぁぞフツユヘソでミノフマヌユナぁマミぎソナミノフマヌユナソぅぎんツノホ
0x327B04	48	ぁどモだノホぁネチヒチヤチぁぞフツユヘソでミノフマヌユナぁマミぎソナミノフマヌユナソっぅんツノホ
0x327B38	48	ぁどモだノホぁネチヒチヤチぁぞフツユヘソでミノフマヌユナぁマミぎソナミノフマヌユナソぅがんツノホ
0x327B6C	48	ぁどモだノホぁネチヒチヤチぁぞフツユヘソでミノフマヌユナぁマミぎソナミノフマヌユナソぇぅんツノホ
0x327BA0	48	ぁどモだノホぁネチヒチヤチぁぞフツユヘソでミノフマヌユナぁマミぎソナミノフマヌユナソゃぉんツノホ
0x327BD4	48	ぁどモだノホぁネチヒチヤチぁぞフツユヘソでミノフマヌユナぁマミぎソナミノフマヌユナソぇぃんツノホ
0x327C08	48	ぁどモだノホぁネチヒチヤチぁぞフツユヘソでミノフマヌユナぁマミぎソナミノフマヌユナソっぇんツノホ
0x327C3C	48	ぁどモだノホぁネチヒチヤチぁぞフツユヘソでミノフマヌユナぁマミぎソナミノフマヌユナソっぉんツノホ
0x327C70	48	ぁどモだノホぁネチヒチヤチぁぞフツユヘソでミノフマヌユナぁマミぎソナミノフマヌユナソぇぉんツノホ
0x327CA4	48	ぁどモだノホぁネチヒチヤチぁぞフツユヘソでミノフマヌユナぁマミぎソナミノフマヌユナソぇぇんツノホ
0x327CD8	48	ぁどモだノホぁネチヒチヤチぁぞフツユヘソでミノフマヌユナぁマミぎソナミノフマヌユナソゃっんツノホ
0x327D0C	48	ぁどモだノホぁネチヒチヤチぁぞフツユヘソでミノフマヌユナぁマミぎソナミノフマヌユナソぇっんツノホ
0x327D40	48	ぁどモだノホぁネチヒチヤチぁぞフツユヘソでミノフマヌユナぁマミぎソナミノフマヌユナソっっんツノホ
0x327D74	48	ぁどモだノホぁネチヒチヤチぁぞフツユヘソでミノフマヌユナぁマミぎソナミノフマヌユナソぇゃんツノホ
0x327DA8	48	ぁどモだノホぁネチヒチヤチぁぞフツユヘソでミノフマヌユナぁマミぎソナミノフマヌユナソぇゅんツノホ
0x327DDC	48	ぁどモだノホぁネチヒチヤチぁぞフツユヘソでミノフマヌユナぁマミぎソナミノフマヌユナソっゃんツノホ
0x327E10	48	ぁどモだノホぁネチヒチヤチぁぞフツユヘソでミノフマヌユナぁマミぎソナミノフマヌユナソぇょんツノホ
0x327E44	48	ぁどモだノホぁネチヒチヤチぁぞフツユヘソでミノフマヌユナぁマミぎソナミノフマヌユナソぇがんツノホ
0x327E78	48	ぁどモだノホぁネチヒチヤチぁぞフツユヘソでミノフマヌユナぁマミぎソナミノフマヌユナソっゅんツノホ
0x327EAC	48	ぁどモだノホぁネチヒチヤチぁぞフツユヘソでミノフマヌユナぁマミぎソナミノフマヌユナソぇぎんツノホ
0x327EE0	48	ぁどモだノホぁネチヒチヤチぁぞフツユヘソでミノフマヌユナぁマミぎソナミノフマヌユナソぉぃんツノホ
0x327F14	48	ぁどモだノホぁネチヒチヤチぁぞフツユヘソでミノフマヌユナぁマミぎソナミノフマヌユナソっょんツノホ
0x327F48	48	ぁどモだノホぁネチヒチヤチぁぞフツユヘソでミノフマヌユナぁマミぎソナミノフマヌユナソゃゃんツノホ
0x327F7C	48	ぁどモだノホぁネチヒチヤチぁぞフツユヘソでミノフマヌユナぁマミぎソナミノフマヌユナソぉぅんツノホ
0x327FB0	12	サウンドモードに入ります
0x32824F	6	髪型も変だ。
0x3287A0	7	ゆは熱い性格。
0x328959	5	ニ前は上村
0x328962	7	俊夫（うえむら
0x328B51	5	ニ前は体東
0x328B5A	7	大介（あんどう
0x328C28	5	レストラン
0x328CA1	10	でも、言いにくいので
0x328EC0	8	レストランで働く
0x329596	4	はかない
0x32A792	6	　戦のために
0x32A836	5	フレッシュ
0x32B246	9	してみたり、ねつ造
0x32B549	9	単なる歴史マニア。
0x32BA0C	14	女優として成功する日を夢見て
0x32BA5B	5	している。
0x32BAC0	6	　菜の父親で
0x32C2F0	8	中国拳法マニア。
0x32C76D	7	尻尾でなぐるわ
0x32C9CB	6	奇妙な連中が
0x32CE3D	6	奇妙な連中が
0x32D1F0	4	けちゃん
0x32D2D9	10	あと、試徳役人なのに
0x32E129	50	もねいボもねいがやねい」やねいふへねいＭへねいみほねいクまねいりみねいタむねいバめねいくゆねい走ねい
0x32E27A	11	ぬいぱいねい㎞そねいが
0x32E2D6	45	ねいトおねいぜ粒いタ粒いズ粒いミ粒いペ粒いぽ粒い。粒いみ粒いＵねい。ねいペﾈい（ねい版ぬい
0x32ED59	11	つねいえそねい旨ねいミ
0x32EDCA	19	ぬいＵろねいＹかねいＹせねいＡウねい（
0x32EE7E	7	ぬい→でねい６
0x32EF62	10	ぬい（ぁねい（のねい
0x32EF6E	21	ぬいタゅねいＹけねい」討いねソねいタえねい
0x32EFE6	13	ぬいＥフねい２すねい◎討い
0x32F0FD	96	っねい桜ねいっ疲い２さねいえせねいふ疲い→ぱねい言ねい２討いボナねいネいねいた疲い」わねい㎞けねいり疲いＩげねいＹさねいわ討いぽシねいやせねいァ討いごじねいえしねいズﾈいワぅねいづせねい。卜い
0x32F1BA	32	ぬいリノねいＥひねいＥねい。ぶねいわたねいぽ杠いＵれねいぽたねい
0x32F21A	11	ぬい！ゆねいォしねいゲ
0x32F23E	11	ぬいっざねい（たねいＹ
0x32F29E	50	ぬいぃらねいぱちねいＥ杠いづ綻いミちねいＵ杠いＡ蹟いヂちねい。杠いし綻いＭちねい（杠いワ綻い❤ちねい
0x32F2D9	5	ねい→綻い
0x32F2E1	13	つねいたねいフ綻いやつねい
0x32F3A1	33	てねいみねい❤蹟いヤたねいぽねいＩ綻いくたねいペねいヤ綻いョとねい
0x32F3C9	146	杠い→蹟いＡとねいズ杠いゲ綻い。とねいＥねい」綻いねなねいミねいシ綻いごなねいた杠いや綻いォなねい。ねいＡ綻い６なねいぜ杠い㎞蹟い→なねい板ぬいと綻い蕩ねいぜねいえ綻いとにねい汎ぬいＹ綻いがにねいたねいＱ綻いシにねいみねいＹ蹟い２にねいＵねいト綻い◎にねいぽねい」蹟いタひねいタひねいタひねい
0x4D0B65	4	ぎぃいあ
0x4D0BB8	4	鋒ぃいあ
0x4D0C1B	4	俊ぃいあ
0x4D0E98	56	っェふいづラふいＥＥふい。ＥふいズＥふいぜＦふいくＦふいごヴふい」ォふいフリふい２ェふいしヨふい」ロふいっヨふい
0x4D1081	11	スふい◎スふいぽセふい
0x4D10A5	33	Ｅふい　ふいぱ絵いや５やいびＦふい６ＥふいエェふいぃＦふいみＦふい
0x4D11AA	4	さいああ
0x4D11B0	28	がナふいネソふいえツふいＱセふいわツふいペセふいズテふい
0x4D11E9	51	タふい❤ソふいりニふいバタふい」トふいしタふいゲチふいバセふいぽネふいクタふい尅さいミソふいョソふい❤
0x4D122E	4	さいうあ
0x4D1234	6	りあさいむあ
0x4D1240	5	搭さいまあ
0x4D124C	12	りあさいぽソふいズソふい
0x4D126E	4	さいいあ
0x4D1274	4	２ぬえい
0x4D1286	4	さいいあ
0x4D128C	4	２ぬえい
0x4D1291	5	あさいああ
0x4D12A0	5	搭さいひあ
0x4D12C2	4	さいいあ
0x4D12C8	4	２ぬえい
0x4D12CD	9	あさいりあさいああ
0x4D12E6	4	さいいあ
0x4D12EC	4	２ぬえい
0x4D12F1	5	あさいほあ
0x4D12FC	5	搭さいふあ
0x4D130A	4	さいはあ
0x4D1314	5	搭さいひあ
0x4D16E4	4	あしかし
0x4D182C	4	こしかし
0x4D194D	5	んんしかし
0x4D1B28	5	んんしかし
0x4D23E9	7	をい特殊能力が
0x4D2401	7	しい特殊能力が
0x4D246C	4	ぜミふい
0x4D2471	125	ミふいァマふいぃミふいズマふいぃマふいＵマふいみミふいＥマふいぽマふいタマふい日ふいぽミふいタミふい。マふいみマふいヂミふいァミふいびムふいぜマふい。マふいみマふいヂミふいァミふいびムふいぜマふいふマふいねマふいリムふいズムふいペマふいたミふい　ふい
0x4D24F1	60	ムふいねムふい。ミふいぃムふいタムふい６ムふいＵムふいミミふい（マふいＱミふい６ミふい入ふいしメふい！ムふいミマふい時々
0x4D258D	8	チ習時の故障率が
0x4D266C	13	！１はい！１はいしラふい❤
0x4D2682	15	さい！１はい！１はいた３はい❤
0x4D2692	19	さい！１はいた３はいた３はい！１はい（
0x4D26AE	7	さいた３はい（
0x4D26B6	33	さい！１はい尅さい！１はいしンふい！１はい！１はい尅さい！１はい❤
0x4D26DA	19	さいやあさい！１はいやェふい！１はい（
0x4D26F2	6	さい尅さい❤
0x4D26FE	50	さいみ３はい！１はいび３はいた３はい！１はいＹェふい！１はい尅さい！１はいえェふい！１はい！１はい（
0x4D2732	26	さい！１はい！１はい！１はいふリふい尅さい！１はい（
0x4D274E	18	さいふァふい尅さいた３はいた３はい（
0x4D2762	53	さい！１はいた３はい尅さい！１はいび３はい！１はいエクへいぃャふい。Ｄまい◎ギふいぃなへいＡンふいョすほい
0x4D27F5	42	ドまいみユふいみたへいやリふいび３はい！１はい抜ほいＡガふいボもほいごヤふいゲミみい
0x4D2824	25	Ｉるへいヂンふいペ・へいズグふいえぞみいトギふい（
0x4D283E	40	さいた３はい㎞、ほいふゲふいＭブほいがュふいみヂほいびヤふい。♀ふいＥゴふいよあ
0x4D2879	11	ガふい→みほいとヅふい
0x4D288C	18	ＱＸほい韮ふいがＵほいペザふい蒐ふい
0x4D28A4	12	ＹＮふいＩヤふいぃＨふい
0x4D28B4	50	（ＩふいペゾふいＩＹふい❤ヤふいワトへい（７ふいＵザへい脳ふい㎞タへいワョふい２８へいぱガふいＥ今い
0x4D2904	19	灯へいやブふい。ザまい→ゼふいびギほい
0x4D293E	25	ふい（グふいと６ほいやャふいとくみいクブふい酋ふい
0x4D295C	20	Ｉぁみいくゲふいぜ＠ふい❤ッふいＱヒへい
0x4D297C	27	たユへいショふいトちへいリジふいヤマへい廃ふいズぁへい
0x4D29C4	20	！１はいやロふいＭ❤ふい→６ふい！どみい
0x4D29D9	31	ダふいＥンへいぜザふいふぽへいボュふいォＮまいネグふい◎Ｓふい
0x4D29FC	11	エ★いふデふいＩとまい
0x4D2A0C	4	バ←へい
0x4D2A1D	41	８まいりッふいびギまいふョふいＩサへいゲュふいふ。ふい❤パふいぱﾍい辞ふいびＸまい
0x4D2A66	4	さいもあ
0x4D2A6C	12	ねレほいぽュふい❤↑ふい
0x4D2A7C	17	！１はい尅さいみ睦い→ュふいヂ走い
0x4D2A94	4	やヤふい
0x4D2A9C	4	Ｍワへい
0x4D2AA4	21	Ｅいほいねャふいト６へいＵダふい！１はい❤
0x4D2ABA	6	さいワ↓ふい
0x4D2AC4	4	りヤふい
0x4D2ACC	4	づ￥ふい
0x4D2AFE	73	ふいとゥふい。Ｊふいぜヂふい」ズほい❤ガふいＵスほいＭッふいたカまいづデふいヤパへいＩャふいク鐙いゲギふいぱてみいぱョふいボャへいＭヤふいト♂へい
0x4D2B51	28	ユふいリほい。ズふいエぐほいフャふいづぜへい疾ふい迫ふい
0x4D2B79	52	ャふいヂイみいわョふいご故い２グふいＹポへいごギふいヤあまい乃ふいＡ・ふい㎞ヤふいっえへい　ふいトＶふい
0x4D2BB4	44	ク↑ほいぜヤふいゲセまいみュふいペゥへいえヲふいＱぅほいヂルふい！１はいみ３はいふＯふい
0x4D2BE4	12	ぃモへいタヤふいＱなほい
0x4D2BF4	4	がＰふい
0x4D2BFC	27	ゲ釦いえッふいァどへいシヅふいゲＥむいゲプふいォほへい
0x4D2C26	25	ほい２ヤふいくざまい悉ふい❤せへいＵヤふいバ）ふい
0x4D2C44	4	」Ｖふい
0x4D2C71	15	ォふいＹ（ふいしガふいと『ほい
0x4D2C86	64	みい◎ベふい　へいヂゼふいしヤまいくゼふい！１はいが３はいタしへい→ョふいゲゃへいヂッふいづ♀ほいペギふいァクみいォァふいあふい
0x4D2CEC	4	バＰふい
0x4D2CF4	26	みＧふいっヤふい赦むいゲドふいタ戸いぱッふい尅さい（
0x4D2D3D	10	ﾑいミッふいごＸふい
0x4D2D4C	91	フよほいえンふいごＮほいエグふい」ぎむいヂデふいヤチむいみパふいネはへいエャふい→★ほいぜッふいタダまいＱョふいＡりまいふワふい　へいフヤふいづＥみいボョふい！１はいＡヲふい❤っまい
0x4D2DAC	11	フヨむい　ふいふヤふい
0x4D2DBC	12	さみいがゴふいやあさい（
0x4D2DF5	55	みむいワガふい→…ふい蹉ふいづたほいみゾふいぃ１みい誅ふいバヘへいァヅふいぽヘほいぃジふいミゃみいミザふいダあ
0x4D2E34	12	ふ）へいづ６ふいとＮふい
0x4D2E44	24	伺むいわガふいＱたまいシゼふいえコへい質ふいＡあ
0x4D2E64	4	！よへい
0x4D2EC6	4	さいえあ
0x4D2ECC	4	みヤふい
0x4D2ED4	12	ヂＪふいみヂふいぽ・ふい
0x4D2F11	15	ァふいわぢむいＥゼふいっＺふい
0x4D2F21	7	ユふいョァほい
0x4D2F46	4	さいベあ
0x4D2F59	6	ュふいァ械い
0x4D2F64	4	Ｍじへい
0x4D2FBE	4	さいもあ
0x4D2FC4	20	ぃ＠へいペッふいＱぼほいシベふいワ「ふい
0x4D2FDC	5	尅さいああ
0x4D2FED	35	ＦふいワッふいＥぱみいリゼふいヤょほいヤヤふいＹＷふい雫ふい尅さいああ
0x4D3014	29	！１はいた３はいみ～ふいしャふいォ×ふいエヤふい尅さいああ
0x4D3034	12	リＯふい６ヂふいぃ」ふい
0x4D304C	36	ＩマまいネュふいＭ『へいぃゲふいＡぶへいバズふい㎞ワみいタヂふい」Ｋふい
0x4D3074	82	　へいＥヤふいトおほいえユふい（ヨほい㎞ャふいＭわまいびャふい鯖へいァゾふいしやへいしドふいぃぴむいわビふいえほほいＹッふいヂがへいゲョふいネスへいごョふいふ…ふい
0x4D30F4	27	２グむいごガふいびコまいＵャふいび女いボバふいびニへい
0x4D3114	4	フ％ふい
0x4D311C	12	ョぇへいヂゲふいっＴふい
0x4D312E	18	さい！１はいヤリまい七ふい！１はい→
0x4D3142	25	さいたょへいトッふいぃ？ふい　ふいＱアへいトピふい
0x4D315D	41	てほいネヤふいペ￥へいづュふいリ＋ほいョザふい◎◎へいＹ５ふいしぅへいびジふい７あ
0x4D3194	82	りさへい❤ギふいＹ。ふい→ヲふいァ散い❤ュふいＥヨみいバゴふい！Ｏふいフバふいくけまいョッふい２エほいＹヤふい　むいＡピふい㎞んほいＹユふい❤しまいしユふい❤リへい
0x4D31F1	7	ンふいＩＺふい
0x4D31FC	52	ヤガみい２ヅふいが・まいァゴふいＥコほいＩヨふいトヒまいＩギふい。びほいペヤふいＡ★ふいごバふいとびへい
0x4D3234	19	っざほい㎞ボふい６やまい。ッふい　ほい
0x4D324E	115	へいＭザふいタＳふい→ヂふいぱＫふいォヂふいが枯いクヤふい６ふまいぱヤふい菲へいミヤふいＹェほいたッふいバＯへいフゲふい６Ｉまい菘ふいづ？へいＡョふいタ…まい嚢ふいぽヲほいョヤふいご↑ふいづヤふい２アほい→グふいフ…へいァゲふい（
0x4D32C6	25	さい！１はいたのへいボォふいやあさいり３はい　へい
0x4D3309	7	ゴふいっＹふい
0x4D3314	12	フーふいズヤふいたわほい
0x4D332C	16	わェみい６ゲふいミセみい配ふい（
0x4D333E	26	さいみ３はいボプへいわュふいタＱふいくユふい」＠ふい
0x4D3359	39	ボふいワぶまいっッふいぃＩふいＩズふいフＲみい❤プふいくィむい㎞ドふいみ／ふい
0x4D3384	42	Ａ＋ふいワグふいペ←ふいワヤふいご摂い。ヤふいび３はい！１はい◎序いしズふいズＲふい
0x4D33B4	20	び←まいねグふい」ズへい！ャふいシぢへい
0x4D33CC	20	タＨふい。ザふいエりむいタズふいご『みい
0x4D33E4	12	（ぱへいＡッふいエィまい
0x4D33F4	27	ァいみいわェふい（設いリャふいくピほいヤュふいやへへい
0x4D3414	20	フ→ふいボャふいＥボみい→ヤふい◎ジみい
0x4D342C	11	り透いズベふいぽベへい
0x4D345D	11	ヂへいねユふいＥツへい
0x4D346C	4	Ｉ２ほい
0x4D3474	12	ねんへいフョふいぱＭへい
0x4D3484	44	！１はいた３はいＱ♂ふいたザふいやェふい！１はいＥ❤ほいォォふい２みまいづゥふいボォへい
0x4D34E9	15	ヤふいミかへいフガふいフＬふい
0x4D34FC	11	クＧほいぱヴふいみ騰い
0x4D3509	7	ジふいミ、ふい
0x4D3531	7	２ふいタ◎ふい
0x4D353C	7	ねふいゲガふい
0x4D3545	35	ＨふいァュふいワハみいォラふいＱそむいズャふい」ＦふいォロふいァＦふい
0x4D35B6	13	さい尅さいＡ❤まいぜダふい
0x4D35CC	12	ねヌまいぽヤふいとドへい
0x4D35F4	4	えヌほい
0x4D35FC	90	ネﾐい→バふいわざへいゲ２ふいりろへいえゾふいねぜほいシレふいワミほいリギふいァ９ほい→ャふいＹ・ふいぃユふいづやみい！ジふいエ山いぜプふい２Ｔふいシビふいシポまいォャふいぃビへい
0x4D365C	4	ＭＸふい
0x4D3664	4	シポほい
0x4D366C	4	Ｉゲへい
0x4D3674	20	バほみいシパふいＹくへいづズふい６つへい
0x4D368C	4	６めへい
0x4D3694	12	㎞でほいＡュふいトＭふい
0x4D36A4	5	尅さいああ
0x4D36AC	11	フＮふいわユふいや慮い
0x4D36BC	4	Ｅぷほい
0x4D36C4	5	み３はい（
0x4D36CA	13	さいわ梟いシヤふいとネへい
0x4D36E4	4	ワぷへい
0x4D36FC	36	やソへいわヤふいフドほいがヅふいがデみいシガふいえオへいタジふいＡギへい
0x4D3724	4	わＤへい
0x4D372C	5	み３はい（
0x4D373A	4	さいもあ
0x4D3746	14	さい尅さいえェふいえェふい（
0x4D3756	11	さい尅さいね３はいＡあ
0x4D377A	4	さいブあ
0x4D3780	6	！１はいせあ
0x4D378E	11	さい」レふい㎞ラふい（
0x4D379A	11	さい」レふい㎞ラふい（
0x4D37C4	4	搭さい（
0x4D37CA	4	さいＥあ
0x4D37D6	10	さい尅さい」ィふい→
0x4D37E2	4	さいＥあ
0x4D37F4	5	搭さいＤあ
0x4D3800	5	搭さいＥあ
0x4D380C	5	搭さい６あ
0x4D381E	4	さいブあ
0x4D382A	4	さいブあ
0x4D3836	4	さいブあ
0x4D384E	4	さいブあ
0x4D3858	14	び３はいぽ３はいた３はいＥあ
0x4D3872	4	さいもあ
0x4D387A	8	さいみ３はいＡあ
0x4D388C	9	シンふい尅さい６あ
0x4D389C	4	搭さい（
0x4D38A6	4	さいブあ
0x4D38BE	4	さいブあ
0x4D38C6	4	さい７あ
0x4D38E2	4	さいえあ
0x4D38F0	8	搭さいシンふい→
0x4D3906	4	さいブあ
0x4D390C	9	み３はい！１はい→
0x4D3916	4	さい６あ
0x4D3920	17	搭さいみ３はい！１はいゲロふい６あ
0x4D3938	5	搭さいダあ
0x4D394E	4	さい％あ
0x4D3966	4	さいえあ
0x4D396C	6	み３はいダあ
0x4D3978	16	み３はい！１はいヤゥふい尅さいぉ
0x4D398C	5	ワゥふい（
0x4D3992	16	さいぃ３はいワゥふいた３はい６あ
0x4D39AA	15	さいォレふいヤワふい！１はい（
0x4D39BA	8	さいみ３はい６あ
0x4D39CE	4	さいもあ
0x4D39DE	4	さいもあ
0x4D39F2	4	さいめあ
0x4D3A14	9	搭さいた３はい６あ
0x4D3A24	9	搭さい！１はい７あ
0x4D3A44	9	搭さいフィふいＦあ
0x4D3A54	9	搭さいフィふいＥあ
0x4D3A66	4	さいブあ
0x4D3A7E	4	さいブあ
0x4D3A86	15	さい尅さいび３はい！１はいダあ
0x4D3AA4	4	搭さい（
0x4D3AAE	4	さいもあ
0x4D3ABA	11	さい！１はいフォふい（
0x4D3ACC	9	！１はいフォふい（
0x4D3ADC	5	！１はい（
0x4D3AEA	4	さいすあ
0x4D3AFC	6	み３はいサあ
0x4D3B08	4	搭さい（
0x4D3B0E	10	さい尅さいトレふいむ
0x4D3B1C	6	ぃあさい７あ
0x4D3B2E	8	さい！１はい６あ
0x4D3B3C	6	ぃあさい７あ
0x4D3B54	5	尅さいああ
0x4D3B5C	6	ぃあさい７あ
0x4D3B64	4	㎞ねえい
0x4D3B69	5	あさい６あ
0x4D3B8E	4	さい❤あ
0x4D3BA4	9	搭さいえェふいよあ
0x4D3BB4	10	えェふいみ３はいＥあ
0x4D3BC4	18	搭さいみ３はい窄さいゲンふい尅さいぉ
0x4D3BDC	18	トユふいやあさいボゥふいエヲふい７あ
0x4D3BFD	17	ゥふいやあさい㎞ゥふいＱワふい６あ
0x4D3C14	4	尅さいぉ
0x4D3C34	4	搭さいつ
0x4D3C3C	5	尅さいバあ
0x4D3C66	4	さいブあ
0x4D3C6E	18	さい尅さいォレふい❤ワふい尅さい７あ
0x4D3C88	4	搭さい！
0x4D3C8E	11	さい！１はいみ３はい❤
0x4D3C9A	4	さいダあ
0x4D3CAC	4	搭さい（
0x4D3CB2	12	さい！１はいえェふいサあ
0x4D3CCE	4	さいもあ
0x4D3CE2	4	さい７あ
0x4D3CEC	7	搭さい尅さい（
0x4D3CF6	12	さいみ３はい！１はいＤあ
0x4D3D16	4	さいブあ
0x4D3D1C	9	えェふい尅さい）あ
0x4D3D2A	4	さいブあ
0x4D3D38	8	搭さい！１はい❤
0x4D3D46	4	さいブあ
0x4D3D4C	9	尅さい！１はいえあ
0x4D3D58	8	！１はい尅さいっ
0x4D3D6C	5	！１はい（
0x4D3D72	8	さいり３はいすあ
0x4D3D82	4	さいブあ
0x4D3D8A	22	さい尅さい」ィふいが３はい！１はい尅さいベあ
0x4D3DAA	4	さいＥあ
0x4D3DB4	4	尅さい❤
0x4D3DBA	4	さい６あ
0x4D3DCA	4	さいブあ
0x4D3DD8	4	搭さいい
0x4D3DE0	5	尅さい６あ
0x4D3DF2	4	さいもあ
0x4D3E14	5	❤ヨふい❤
0x4D3E1A	8	さいごヲふい６あ
0x4D3E28	10	搭さい尅さい室ふい❤
0x4D3E44	9	ふヨふい！１はい（
0x4D3E4E	4	さい７あ
0x4D3E58	9	み３はい尅さいみあ
0x4D3E68	9	搭さいた３はい６あ
0x4D3E78	8	搭さい！１はいね
0x4D3E8C	7	搭さい尅さいっ
0x4D3E9A	4	さい８あ
0x4D3EA4	21	尅さいみ３はい！１はいみ３はいた３はいよあ
0x4D3EC0	6	た３はい７あ
0x4D3EDC	5	えェふいち
0x4D3EE4	5	搭さいＦあ
0x4D3EF0	20	搭さい！１はい尅さいトユふいやあさい６あ
0x4D3F0C	6	み３はい６あ
0x4D3F1C	4	尅さいぉ
0x4D3F4D	24	ゥふいやあさいやヴふいわリふいＩリふい！１はい（
0x4D3F66	8	さいみ３はい７あ
0x4D3F74	6	た３はい７あ
0x4D3F98	9	搭さいみ３はいすあ
0x4D3FA8	4	尅さいと
0x4D3FC8	6	！１はいダあ
0x4D3FE0	8	搭さい！１はい❤
0x4D3FEA	9	さい尅さい尅さいた
0x4D4010	19	搭さい尅さいごワふい㎞ヴふい！１はい❤
0x4D4026	6	さい尅さいお
0x4D4030	5	ヂロふいさ
0x4D4040	4	搭さいの
0x4D4048	11	執ふい！１はい尅さいそ
0x4D4068	4	尅さいす
0x4D4082	4	さいベあ
0x4D4090	5	尅さいああ
0x4D40A0	16	搭さい尅さいォィふいとィふい６あ
0x4D40B8	4	搭さいく
0x4D40C0	5	！１はい→
0x4D40C6	12	さい！１はいぃあさい７あ
0x4D40DE	4	さい６あ
0x4D40E8	8	搭さいシワふいこ
0x4D40F4	6	た３はい９あ
0x4D4100	8	搭さいボリふい（
0x4D410A	7	さい尅さいＡあ
0x4D4118	4	搭さいけ
0x4D4120	17	ふロふいワルふい！１はい６１はい（
0x4D4132	7	さい尅さいＣあ
0x4D4142	8	さいた３はい７あ
0x4D4158	5	たあさいぉ
0x4D4162	6	さい尅さいむ
0x4D416C	6	トレふいＣあ
0x4D4178	4	搭さいく
0x4D4186	4	さいダあ
0x4D4190	5	尅さいバあ
0x4D419E	4	さいダあ
0x4D41A8	5	尅さいバあ
0x4D41B6	12	さいトユふいやあさい６あ
0x4D41C8	4	搭さいき
0x4D41D0	8	み３はい尅さいぇ
0x4D41E6	4	さい７あ
0x4D4212	4	さいブあ
0x4D4220	4	搭さい（
0x4D4226	4	さいせあ
0x4D4238	8	搭さいぱヨふい（
0x4D4242	7	さい尅さいああ
0x4D425A	4	さいめあ
0x4D4266	4	さい６あ
0x4D4270	8	搭さいエリふいす
0x4D427C	5	ヤロふい。
0x4D4282	4	さいオあ
0x4D428C	5	搭さい６あ
0x4D4298	5	とヴふい（
0x4D42A6	4	さいえあ
0x4D42AE	8	さいぽ３はいダあ
0x4D42C4	8	搭さいォユふいに
0x4D42D0	17	ふンふい㎞ユふいみ３はい！１はい❤
0x4D42E2	6	さい尅さいえ
0x4D42EC	5	とレふいし
0x4D42FC	7	搭さい汐ふいて
0x4D4308	10	えラふいごラふいＤあ
0x4D4318	13	搭さいゲユふい！１はいせあ
0x4D432C	6	ぃあさい７あ
0x4D4334	6	㎞ねえい６あ
0x4D4346	4	さい６あ
0x4D4350	9	搭さいみ３はいダあ
0x4D437A	4	さい）あ
0x4D438E	4	さいブあ
0x4D4394	14	シェふいふォふい！１はいサあ
0x4D43A8	4	搭さい（
0x4D43AE	4	さい９あ
0x4D43B8	6	ぃあさい７あ
0x4D43C0	4	㎞ねえい
0x4D43C5	5	あさい６あ
0x4D43D0	9	搭さい！１はいＣあ
0x4D43E0	4	搭さいけ
0x4D43EA	7	さい尅さいＥあ
0x4D43F8	4	搭さいの
0x4D4400	6	！１はいＦあ
0x4D440C	4	み３はい
0x4D4411	5	あさい）あ
0x4D4420	4	搭さい（
0x4D4426	4	さい６あ
0x4D4430	7	搭さい尅さいぇ
0x4D444A	4	さいえあ
0x4D446E	4	さいめあ
0x4D447E	4	さいＡあ
0x4D4488	4	搭さいな
0x4D4490	5	ヂィふいて
0x4D4498	10	トヴふいＱヴふいＤあ
0x4D44A8	4	搭さいき
0x4D44B0	5	っロふいお
0x4D44C2	4	さいえあ
0x4D44CA	4	さいベあ
0x4D44D9	9	ヲふいＩヴふい８あ
0x4D44E8	4	搭さいす
0x4D44F0	5	Ｉォふいさ
0x4D44F8	10	ふヲふいごィふいＡあ
0x4D4508	4	搭さいい
0x4D4510	4	ヤンふい
0x4D4518	9	ヂヨふいＱェふい（
0x4D4529	25	ヴふいヂラふいエレふいワィふいＱラふいＹォふい６あ
0x4D4548	8	搭さい！１はい（
0x4D4552	8	さいた３はいすあ
0x4D456C	13	搭さい！１はいた３はいダあ
0x4D4580	6	！１はいＣあ
0x4D458C	4	搭さい（
0x4D4592	8	さいた３はいよあ
0x4D45A2	4	さいベあ
0x4D45B0	16	搭さい尅さいヂワふいヂユふいＡあ
0x4D45C8	4	搭さいそ
0x4D45D0	5	㎞ルふいす
0x4D45D8	9	２ロふいォゥふい（
0x4D45E2	16	さい❤ァふいっンふいＱァふい７あ
0x4D45F8	10	ヤレふいエヴふい６あ
0x4D4608	4	搭さいう
0x4D4610	5	尅さいバあ
0x4D461E	12	さいやェふい！１はいＣあ
0x4D4630	9	搭さいみ３はいダあ
0x4D4648	7	搭さい尅さいぉ
0x4D465C	6	２ンふいＡあ
0x4D4668	4	搭さいつ
0x4D4670	5	ヤヲふいた
0x4D4678	10	ゲェふい→ェふいＢあ
0x4D4688	4	搭さいえ
0x4D4690	5	ぱェふいい
0x4D4698	10	Ｙィふいトゥふい６あ
0x4D46A8	13	搭さいね３はい！１はい７あ
0x4D46CC	5	搭さい９あ
0x4D46EA	4	さいベあ
0x4D46F8	9	搭さいエヴふいえあ
0x4D4704	9	尅さいえヴふい８あ
0x4D471D	4	リふいあ
0x4D4728	10	Ａルふいづワふい６あ
0x4D473C	4	搭さいう
0x4D4744	6	！１はいダあ
0x4D4764	4	搭さい（
0x4D476A	4	さいよあ
0x4D4784	17	搭さい！１はいた３はいみ３はいダあ
0x4D47A4	9	搭さいみ３はいすあ
0x4D47B8	5	尅さいしあ
0x4D47C0	6	ぃあさい７あ
0x4D47C8	4	㎞ねえい
0x4D47CD	8	あさい尅さいバあ
0x4D47E2	4	さい６あ
0x4D47EC	12	搭さいみ３はい！１はい❤
0x4D47FA	6	さい尅さいき
0x4D4814	4	搭さいち
0x4D481C	5	㎞ェふいそ
0x4D4824	5	エォふいせ
0x4D482C	9	ふルふい２ヴふい（
0x4D4836	12	さい！１はいた３はいＣあ
0x4D4848	5	尅さいベあ
0x4D4864	13	搭さいみ３はい！１はいサあ
0x4D4882	4	さい６あ
0x4D488C	5	搭さい９あ
0x4D4898	4	尅さいっ
0x4D48A2	4	さい❤あ
0x4D48BA	6	さい尅さいあ
0x4D48C4	17	ふェふいやあさい！１はいり３はい（
0x4D48D6	8	さいみ３はいＡあ
0x4D48E4	8	尅さい！１はいこ
0x4D48F0	5	搭さいサあ
0x4D490A	4	さいベあ
0x4D4914	16	尅さいヤレふいごォふいえォふい❤
0x4D492E	5	さい皿えい
0x4D494E	4	さいオあ
0x4D495E	4	さいぴあ
0x4D497A	37	さいエェふい２ラふい式ふい識ふいトィふいＹロふいワロふいエワふいわレふい（
0x4D49BA	4	さいえあ
0x4D49C0	4	エンふい
0x4D49D2	4	さいベあ
0x4D49DA	6	さい尅さいき
0x4D49FA	4	さいＥあ
0x4D4A04	5	Ｉロふいこ
0x4D4A0C	6	ＹァふいＦあ
0x4D4A18	5	」ワふいね
0x4D4A20	6	っィふいＥあ
0x4D4A2C	4	搭さいは
0x4D4A3C	9	６１はい！１はいの
0x4D4A48	8	Ａヴふい尅さい（
0x4D4A52	12	さいＱヲふいボヴふい９あ
0x4D4A75	8	ルふいエユふい→
0x4D4A7E	11	さい尅さいエンふい７あ
0x4D4A90	5	搭さい８あ
0x4D4A9C	4	ヤヨふい
0x4D4AA9	32	ェふい尅さいわルふいボルふいフィふいとヲふいシォふいフルふいＥあ
0x4D4AD0	13	搭さいフンふい❤レふいＡあ
0x4D4AE4	4	搭さいし
0x4D4AEC	12	ごロふい尅さいＱヨふい（
0x4D4AFA	18	さい！１はいゲヨふい竺ふいぱラふい（
0x4D4B0E	4	さいＡあ
0x4D4B18	4	！１はい
0x4D4B1D	15	あさいシラふい尅さいぱゥふいけ
0x4D4B3E	4	さいもあ
0x4D4B46	6	さい！１はい
0x4D4B52	4	さいめあ
0x4D4B58	5	尅さいへあ
0x4D4B64	5	搭さいああ
0x4D4B78	12	搭さいみ３はい！１はいう
0x4D4B88	9	やあさいた３はい→
0x4D4B92	4	さいダあ
0x4D4B9E	4	さいベあ
0x4D4BA8	9	尅さいやレふい７あ
0x4D4BB8	5	搭さい８あ
0x4D4BC4	9	菲ふいＱロふいＢあ
0x4D4BD4	8	搭さい尅さいしあ
0x4D4BE0	10	→ヨふい❤ロふいＥあ
0x4D4BF8	5	Ｙルふい（
0x4D4C1D	26	ヨふい室ふいＱェふいヂヨふいヤンふいやあさい窄さい❤
0x4D4C56	10	さいゲンふい尅さいぉ
0x4D4C6C	9	搭さいづルふい６あ
0x4D4C7C	5	っゥふいす
0x4D4C8E	4	さいもあ
0x4D4C9E	7	さい尅さいガあ
0x4D4CA8	14	ＩレふいＡリふいしラふいギあ
0x4D4CD4	5	搭さいＢあ
0x4D4CE0	6	ＹリふいＡあ
0x4D4D06	7	さい尅さいしあ
0x4D4D15	5	あさい×あ
0x4D4D22	4	さい・あ
0x4D4D3C	4	搭さいの
0x4D4D4E	4	さいベあ
0x4D4D58	6	フレふいオあ
0x4D4D64	12	とヴふいた３はい尅さいぉ
0x4D4D7C	9	搭さいぃあさい７あ
0x4D4D88	4	㎞ねえい
0x4D4D8D	16	あさい」ゥふいＩ絵いえレふい６あ
0x4D4DA4	6	た３はいＣあ
0x4D4DB0	9	搭さいぃあさい７あ
0x4D4DBC	4	㎞ねえい
0x4D4DC1	19	あさい」ゥふいＩ絵いえレふいえェふい→
0x4D4DD6	4	さい９あ
0x4D4DE0	12	搭さいエユふい尅さいああ
0x4D4DF2	4	さいベあ
0x4D4E05	5	ルふいＤあ
0x4D4E10	4	搭さいは
0x4D4E22	4	さい・あ
0x4D4E2A	7	さい尅さいよあ
0x4D4E48	4	搭さいあ
0x4D4E56	4	さいベあ
0x4D4E68	6	ヂワふいえあ
0x4D4E70	8	尅さいワンふい（
0x4D4E7A	20	さいボラふいふラふいボェふい→ロふい８あ
0x4D4E98	25	とァふい→ラふいえルふいしォふいとヨふいトロふい（
0x4D4EB2	55	さいやゥふい２ァふい號ふいォェふいＱゥふいえィふい→ユふいやァふいわゥふいワォふいＡィふい→リふいヤユふいＣあ
0x4D4EF0	4	搭さいは
0x4D4EF8	9	尅さいっンふいＢあ
0x4D4F0C	6	ＹリふいＡあ
0x4D4F1C	9	ボロふい蓼ふい６あ
0x4D4F2C	8	搭さいみあさいえ
0x4D4F38	9	やあさいＩゥふい（
0x4D4F42	11	さいごヲふい藪ふいＢあ
0x4D4F55	5	あさい）あ
0x4D4F5C	8	ごゥふい安さい（
0x4D4F66	23	さい」ラふいワラふい！１はいトラふい尅さいＣあ
0x4D4F92	4	さいめあ
0x4D4F9C	5	尅さい０あ
0x4D4FAC	5	やあさい（
0x4D4FBC	14	ごヲふいっォふいえェふい９あ
0x4D4FD0	11	搭さい蔔ふい藪ふい６あ
0x4D4FE4	8	搭さいみあさいえ
0x4D4FF0	5	やあさい（
0x4D5000	9	ごヲふい藪ふいＢあ
0x4D5011	5	あさい）あ
0x4D5018	25	ごゥふい尅さいっラふい→ゥふいォンふいぱリふいＥあ
0x4D5038	4	搭さいふ
0x4D5044	21	ごンふいボレふいフンふい」ァふいシヨふいへ
0x4D505C	5	２ィふい（
0x4D5062	16	さいトゥふいＹィふいぱェふいサあ
0x4D5078	44	蛟ふいっヴふい鴫ふいワリふいエラふいボァふいゲァふいＱルふいトァふいごァふいっァふいオあ
0x4D50B2	4	さいベあ
0x4D50C1	5	ヨふい６あ
0x4D50D1	5	ロふいケあ
0x4D50EC	4	尅さいっ
0x4D50F6	4	さい６あ
0x4D5100	5	ぽあさいは
0x4D5108	9	！１はい搭さいサあ
0x4D5136	68	さい」ユふいぱォふいわワふい❤ヴふいわァふいとンふいトンふい㎞ヨふいＡァふい㎞ロふいトェふいボユふいＡワふいわィふい」ゥふいやンふいＤあ
0x4D5182	4	さいベあ
0x4D518C	9	尅さいゲレふいＡあ
0x4D519C	8	搭さい鹿ふい８あ
0x4D51B0	5	ヤヨふいお
0x4D51BC	5	ゲィふいそ
0x4D51C8	14	ごワふい６１はい！１はいＦあ
0x4D51DC	4	搭さい（
0x4D51E2	8	さいみ３はいすあ
0x4D51F6	4	さい（あ
0x4D51FE	6	さい尅さいへ
0x4D5224	9	搭さいファふいＤあ
0x4D5234	6	しィふいサあ
0x4D5240	31	み３はいた３はいヤ絵い！１はい❤ラふいぱ５やい尅さいぱンふいか
0x4D5264	5	㎞リふい→
0x4D526A	11	さい！１はいみあさいえ
0x4D527E	4	さいめあ
0x4D528A	4	さいブあ
0x4D5290	5	尅さいクあ
0x4D529C	5	搭さいぱあ
0x4D52CE	4	さい・あ
0x4D52D4	12	とロふいび３はい尅さいさ
0x4D52E4	4	萬ふいし
0x4D52EC	5	ォヴふいす
0x4D52F4	5	エィふい。
0x4D5300	5	」ンふいそ
0x4D5308	10	２ルふいＩワふい６あ
0x4D5318	4	搭さい→
0x4D531E	8	さいわロふい９あ
0x4D532E	11	さいＡレふい尅さいガあ
0x4D5360	9	やあさいしラふい（
0x4D536D	57	ィふいやォふいっワふいっレふいシェふいふォふい❤ゥふいＹゥふい２ヨふいわォふいシゥふいＡォふいヂリふいォルふい９あ
0x4D53C2	4	さいもあ
0x4D53C8	8	蛄ふい尅さいＦあ
0x4D53D8	7	搭さい號ふいう
0x4D53E4	5	ォェふいえ
0x4D53EC	5	Ｑゥふい→
0x4D53F8	5	えィふいか
0x4D5400	4	→ユふい
0x4D5408	5	やゥふいあ
0x4D5410	9	２ァふいＹワふい（
0x4D541A	36	さいＱォふいボワふい㎞ヲふいえロふいボンふいヂレふい→ワふいえゥふいＦあ
0x4D5444	5	尅さい（あ
0x4D544C	29	→ルふいえリふいぱァふいゲルふいえァふいファふい❤ラふいへ
0x4D5476	4	さいハあ
0x4D547C	5	Ｑヲふい！
0x4D5482	7	さい尅さい）あ
0x4D5494	19	搭さい萋ふいゲヨふいボヴふいシルふいあ
0x4D54AC	6	づォふいベあ
0x4D54B8	5	蛟ふいＡあ
0x4D54C8	12	❤ェふい失ふい！１はい！
0x4D54D6	8	さいＹンふいＥあ
0x4D54E4	4	搭さいつ
0x4D54F4	6	Ｑィふい９あ
0x4D5502	7	さいシユふいえ
0x4D5514	5	ふゥふいお
0x4D551C	5	ヂェふいか
0x4D5524	9	ヂォふい尅さいああ
0x4D5530	6	！１はい８あ
0x4D553C	5	搭さい６あ
0x4D5548	5	とリふいつ
0x4D5550	22	叱ふい尅さい宍ふい→ァふいヂヲふいづリふいか
0x4D556C	5	シリふいき
0x4D5574	5	ごェふいく
0x4D557C	6	づユふい７あ
0x4D5596	4	さいもあ
0x4D559C	6	シヴふいＦあ
0x4D55AD	4	ラふいく
0x4D55B4	8	尅さいやァふいけ
0x4D55C4	5	わゥふいさ
0x4D55CC	5	ワォふいし
0x4D55D4	5	Ａィふいす
0x4D55DE	8	さい→リふい７あ
0x4D55F0	9	ヤユふいぱィふい（
0x4D55FA	101	さい蕾ふいエロふいわヲふい」ルふいやヲふいぱユふいとラふいとォふいぱロふいゲォふいヤォふい２ユふいフロふい❤ユふいＩユふい葫ふいフゥふい㎞ォふいヤルふいヂゥふい」ヨふいしェふいやロふいとワふい２ゥふい。
0x4D5662	7	さいＹヨふい→
0x4D566E	4	さいＤあ
0x4D5678	8	搭さいＹヴふいえ
0x4D5688	6	しゥふい９あ
0x4D5694	5	薔ふいＥあ
0x4D56A4	5	尅さいすあ
0x4D56B0	5	とェふいか
0x4D56B8	5	ォヲふいけ
0x4D56C4	10	わラふいトワふい７あ
0x4D56D4	11	搭さいぃあさい㎞ねえい
0x4D56E1	5	あさい６あ
0x4D56EC	8	尅さいやルふいお
0x4D5708	5	フワふいか
0x4D5710	5	❤ォふいき
0x4D5718	5	やワふいく
0x4D5720	5	㎞ァふいへ
0x4D572C	5	２リふいま
0x4D5734	14	しロふいゲワふい！１はいＤあ
0x4D5748	5	搭さいよあ
0x4D5754	5	❤ンふいつ
0x4D5764	6	ＡゥふいＢあ
0x4D5770	13	た３はいごヨふい尅さいしあ
0x4D5794	10	づァふいワェふいＸあ
0x4D57A4	4	っ絵いい
0x4D57AE	92	さいごヴふいっェふい」ォふいづラふいフリふいボゥふいエヲふい２ェふいづェふいゲヲふいっヲふいしヨふい㎞ゥふいＱワふい」ロふいやヴふいわリふいＩリふいっヨふい２ヲふいやあさいＩィふい６あ
0x4D5810	18	フヲふいヤゥふいしヴふい２ンふいＥあ
0x4D5828	5	搭さいＦあ
0x4D5834	5	→ルふいと
0x4D583C	5	Ｑォふいな
0x4D5846	4	さい（あ
0x4D584C	5	ヂレふいに
0x4D5854	5	→ワふいぬ
0x4D585E	7	さいえゥふいの
0x4D5870	5	えリふいの
0x4D5878	5	ぱァふいは
0x4D5880	8	尅さいゲルふいひ
0x4D588C	9	えァふいワワふい→
0x4D5896	4	さい９あ
0x4D58A0	8	搭さい識ふい７あ
0x4D58B8	6	エワふい６あ
0x4D58CE	4	さいもあ
0x4D58D6	11	さいＹロふい２ラふいけ
0x4D58E8	6	ワロふいＡあ
0x4D58F8	5	２ォふいす
0x4D5900	4	式ふいた
0x4D5908	9	トィふい尅さいＥあ
0x4D5914	4	ごのえい
0x4D5919	4	あさい（
0x4D591E	19	さい竺ふいワユふいぱラふいォヨふい９あ
0x4D593E	4	さい❤あ
0x4D5944	5	しルふい！
0x4D5954	5	ワレふい→
0x4D5960	5	エァふいこ
0x4D5968	34	やィふいＱユふいやラふい㎞ンふいＩァふい❤ヲふいづィふいＹヲふい６あ
0x4D59A5	4	あさいっ
0x4D59DE	4	さいめあ
0x4D59EC	6	！１はいＣあ
0x4D59FC	14	り３はいゲラふい！１はいＢあ
0x4D5A16	4	さい）あ
0x4D5A1C	7	尅さい鴫ふいき
0x4D5A28	5	ワリふいく
0x4D5A30	5	エラふいけ
0x4D5A38	5	ボァふいこ
0x4D5A40	5	ゲァふいさ
0x4D5A50	5	Ｑルふいし
0x4D5A59	5	あさいしあ
0x4D5A60	6	トァふい９あ
0x4D5A70	5	ごァふいっ
0x4D5A7C	10	っァふいぱルふいＤあ
0x4D5A8C	8	搭さいづヲふいね
0x4D5A9C	16	トリふい尅さいフラふい❤ルふい→
0x4D5AB2	4	さい・あ
0x4D5AB8	5	っルふいぬ
0x4D5AC0	5	→ヴふいふ
0x4D5AC8	5	しヲふいへ
0x4D5AD0	5	フユふいち
0x4D5AD8	4	蒄ふいつ
0x4D5AE0	5	ヂヴふいて
0x4D5AE8	5	」リふいと
0x4D5AF0	5	㎞レふいな
0x4D5AF8	5	」ェふいに
0x4D5B00	17	ヤラふいび３はいＩワふい尅さいうあ
0x4D5B16	4	さい６あ
0x4D5B20	4	搭さいう
0x4D5B30	5	えあさいぁ
0x4D5B38	5	くあさいぃ
0x4D5B40	5	しあさいぅ
0x4D5B48	5	たあさいぉ
0x4D5B50	6	ねあさいケあ
0x4D5B5C	6	ふあさいああ
0x4D5B64	6	みあさいたあ
0x4D5B6C	6	やあさいちあ
0x4D5B74	6	りあさいつあ
0x4D5B7C	6	わあさいてあ
0x4D5B84	6	ぃあさい７あ
0x4D5B8D	4	あさいぇ
0x4D5B96	102	さいォィふい」ヴふいフェふいＹヴふいふィふいＱンふいっロふい萬ふいォヴふいエィふい」ンふい２ルふいとロふい蒄ふいヂヴふい」リふい㎞レふい」ェふいヤラふいしィふいぱンふい→ヴふいっルふいトリふいフラふいＤあ
0x4D5C0C	26	づレふい❤ルふいづヲふいしヲふいフユふい！１はいＥあ
0x4D5C2C	8	搭さいＹレふいい
0x4D5C38	5	しリふいう
0x4D5C41	4	レふいえ
0x4D5C48	5	ヤィふいお
0x4D5C50	5	Ａヨふいか
0x4D5C5A	11	さいワヴふいヤヴふいこ
0x4D5C6C	5	❤ィふいけ
0x4D5C74	9	ごレふいボィふいさ
0x4D5C80	5	ごルふいし
0x4D5C88	5	Ａェふいす
0x4D5C94	8	Ｑレふい萠ふいせ
0x4D5CA8	5	Ａラふいね
0x4D5CB2	4	さい８あ
0x4D5CC4	5	ヤヨふいせ
0x4D5CD8	89	菲ふいえヨふいフワふいワルふいふロふい❤ォふいやワふい㎞ァふいォゥふい２ロふい㎞ルふい→ェふいゲェふいヤヲふいＱヴふいトヴふいヂィふい㎞ユふいふンふいォユふい→ィふい２ォふいサあ
0x4D5D38	21	❤ェふいづロふいＡロふい２リふいしロふい（
0x4D5D4E	7	さい薔ふい６あ
0x4D5D5C	6	づルふい９あ
0x4D5D68	45	ＹヨふいＩルふいワヨふいごユふいＱユふいっゥふいやラふい㎞ンふいトルふいＩァふいＹヲふいく
0x4D5D98	37	竺ふいエァふいワユふいシユふいふゥふいヂェふいヂォふいしルふいワレふいサあ
0x4D5DC4	14	ごロふいＱヨふいＱィふいＥあ
0x4D5DE4	10	やィふいとェふいＣあ
0x4D5DF4	4	搭さいか
0x4D5E02	4	さい❤あ
0x4D5E0A	7	さいしェふい！
0x4D5E1C	13	」ヨふいヂゥふい！１はい（
0x4D5E30	5	」ルふいて
0x4D5E38	5	葫ふい％あ
0x4D5E44	5	ぱユふいす
0x4D5E4C	9	とラふい❤ユふいと
0x4D5E58	5	Ｉユふいせ
0x4D5E60	5	とォふいな
0x4D5E68	5	フゥふいに
0x4D5E70	5	㎞ォふいぬ
0x4D5E80	9	ヤルふい尅さいああ
0x4D5E8E	4	さい９あ
0x4D5EAA	4	さいもあ
0x4D5EC0	6	エワふいネあ
0x4D5ECA	4	さいＡあ
0x4D5ED6	7	さいぱワふいけ
0x4D5EE4	6	ワロふい６あ
0x4D5EFA	7	さいＹロふいね
0x4D5F0C	5	→ィふいふ
0x4D5F18	5	Ａロふいす
0x4D5F20	8	わレふい！１はい
0x4D5F38	8	搭さいわヲふいつ
0x4D5F4A	4	さい❤あ
0x4D5F52	7	さい２ユふいひ
0x4D5F5C	9	２ゥふい！１はいい
0x4D5F68	4	エロふい
0x4D5F78	5	とワふい（
0x4D5F84	5	」ルふいさ
0x4D5F8C	6	やヲふい％あ
0x4D5F98	5	ぱユふいす
0x4D5FA0	5	とラふいせ
0x4D5FA8	5	とォふいそ
0x4D5FB0	9	ぱロふい尅さいああ
0x4D5FC0	5	ゲォふいち
0x4D5FC8	5	ヤォふいう
0x4D5FDE	4	さいホあ
0x4D5FE4	6	ボラふい６あ
0x4D5FF0	5	搭さい９あ
0x4D5FFC	9	尅さいふラふい７あ
0x4D6014	5	トロふいお
0x4D6028	5	えルふいな
0x4D6034	6	しォふいベあ
0x4D6048	4	→ロふい
0x4D6054	5	とァふいえ
0x4D605C	5	→ラふいえ
0x4D606C	5	とヨふい❤
0x4D6072	4	さいＡあ
0x4D607E	11	さいぱワふいボェふい（
0x4D608A	24	さい㎞ィふいぱヲふい❤リふいわヴふいづンふい６あ
0x4D60A8	52	エヨふいＩヲふいしレふいエルふいＹラふいゲゥふいえワふいＩンふいっォふい藪ふい嫉ふいごゥふいごヨふいＣあ
0x4D60E4	9	ワェふい尅さい❤あ
0x4D60F0	10	ボヨふいづァふい７あ
0x4D6100	6	Ａユふいサあ
0x4D610C	6	しワふい９あ
0x4D6118	6	→ォふい）あ
0x4D6120	5	→ヨふいお
0x4D6146	4	さいヘあ
0x4D614D	5	ィふいＡあ
0x4D6158	4	搭さいふ
0x4D6160	6	づロふい９あ
0x4D6170	6	ォルふい６あ
0x4D6180	8	尅さいＹゥふいね
0x4D618E	7	さいヂリふいし
0x4D6198	5	やォふいす
0x4D61A0	5	２ヨふいせ
0x4D61A8	6	わォふい７あ
0x4D61B8	5	シゥふいひ
0x4D61C0	5	Ａォふいふ
0x4D61C8	6	ワァふいＧあ
0x4D61D4	5	Ｉェふいあ
0x4D61DC	5	づヨふいい
0x4D61E4	5	㎞ワふいう
0x4D61EC	6	ふヴふいＥあ
0x4D61FC	9	しァふい❤ゥふい（
0x4D621D	13	ワふい→ァふいヂヲふい６あ
0x4D624D	48	レふいヤィふいＡヨふいワヴふいォヲふい❤ィふいごレふいわラふいボィふいごルふいＡェふいＱレふい→
0x4D62D9	67	ＲふいゲブふいペＧふい◎ゴふいミＦへいボＢふいネＦふいボガふいＹひへいワペふいしＫふいタダふいゲＥふいたユふいびＧふい㎞ゲふいぽＦふい
0x4D632A	10	ふいっ０ふいシＦふい
0x4D6AE7	4	俊カあき
0x4D6C9B	4	鋒カあい
0x4D700B	4	鋒カあい
0x4D7165	4	ぎカあむ
0x4D733B	9	ヒいそうか、じゃあ
0x4D73EF	4	ぎカあき
0x4D74EE	4	ぎカあき
0x4D7520	6	の活気のある
0x4D7533	8	とこの街のために
0x4D79EF	4	ぎカあき
0x4D7B95	4	俊カあき
0x4D7C31	4	鋒カあき
0x4D7FC5	4	鋒カあい
0x4D801C	4	鋒エあき
0x4D84F5	4	鋒カあく
0x4D85C6	5	ヒあ今日も
0x4D87CD	4	鋒エあく
0x4D8D00	4	鋒エあき
0x4D9074	4	ぎカあき
0x4D913A	4	ぎカあき
0x4D93AE	4	ぎエあき
0x4D942F	6	ヒいたしかに
0x4D958E	10	ヒいなあ、良かったら
0x4D9849	4	鋒カあき
0x4D9AFF	7	ヒあ今日は特別
0x4DA4D1	4	ぎカあき
0x4DA543	4	鋒カあき
0x4DAA17	13	ヒあ・・・いや、さっきのは
0x4DAA7C	4	俊カあき
0x4DAB54	4	ぎエあき
0x4DB12F	8	えさ最初のうちは
0x4DB300	4	鋒カあき
0x4DB34D	4	鋒エあき
0x4DB4FA	11	ヒいねえねえ、このあと
0x4DB5BB	4	ぎカあ（
0x4DC005	4	鋒エあき
0x4DC393	4	ぎカああ
0x4DCE5B	4	鋒エあき
0x4DD09D	4	ぎカあき
0x4DDAC7	5	うウ初日は
0x4DDD4A	4	鋒カあき
0x4DE1DA	12	ヒい今日は、もうお客さん
0x4DE7D6	4	きぬ県ヒ
0x4DE95A	4	きぬ県ヒ
0x4DE9A5	11	え・・・でも、なんだか
0x4DFD6F	4	俊カあい
0x4E009F	4	鋒カあい
0x4E0235	4	ぎカあき
0x4E0E75	8	えすさぼったりは
0x4E1603	4	きぬぎヒ
0x4E16A7	4	鋒カあき
0x4E1898	10	ヒいはい、ここまで！
0x4E1904	4	この先は
0x4E2009	10	ヒいよーし、いよいよ
0x4E2026	8	ヒあなあ、本当に
0x4E2AFD	4	ぎカあえ
0x4E32C1	4	鋒エあき
0x4E3B92	4	鋒エあき
0x4E3E7B	6	けはやつらを
0x4E46A7	5	とそういう
0x4E4F95	4	鋒カあき
0x4E5217	8	うぞ・・・見れば
0x4E52EC	7	　たちでなきゃ
0x4E53E1	4	鋒カあき
0x4E58BB	6	だが、本当は
0x4E58EC	5	アメリカで
0x4E5AFF	4	きぬ蛸ヒ
0x4E69AF	7	ヒあ息子さんは
0x4E6ABB	6	うあら、やだ
0x4E7716	11	うで　たちがやられると
0x4E77ED	8	うどいや、マジに
0x4E7885	4	鋒カあき
0x4E7E1C	5	えれそれで
0x4E8586	6	ということが
0x4E8FE2	4	ヒあえ？
0x4E958C	4	鋒エあき
0x4E98D7	5	うＥじゃあ
0x4EA049	4	きぬ蛸ヒ
0x4EA49E	4	ぎカあう
0x4EA4EE	4	俊カあう
0x4EA652	7	自分でつければ
0x4EAD64	4	ハえ体打
0x4EAF02	4	俊カあお
0x4EB1A9	4	ヒあえ？
0x4EB482	4	きぬ俊ヒ
0x4EB519	4	鋒エあき
0x4EBA44	4	ぎカあく
0x4EBD1A	10	ヒあ今朝は、魚が全然
0x4EBD91	4	えオウ！
0x4EC31D	4	きぬ蛸ヒ
0x4EC41C	4	ぎカあえ
0x4EC6E1	8	ヒう（会長さんの
0x4EC9E7	5	ね試合中は
0x4ECAE5	4	鋒エあき
0x4ED300	4	ぎカあく
0x4EDAD3	10	たでも、その生き方は
0x4EE03F	7	あなたたちなら
0x4EE0BD	4	まったく
0x4EE0F8	6	うね２人とも
0x4EE14D	4	鋒エあき
0x4EEFD2	7	コけ（壁の穴を
0x4EF337	4	鋒エあき
0x4EF483	8	たまあ、その時は
0x4EF810	4	鋒カあき
0x4EF990	9	いあれだけ大きくて
0x4F040B	4	俊げいう
0x4F0D19	4	鋒エあき
0x4F0D76	6	ヒあはい、今
0x4F1244	9	ヒう（いいや、　瞬
0x4F16DE	4	ヒあ　は
0x4F17FD	7	た夢に向かって
0x4F180E	9	夢をかなえるために
0x4F19C9	5	あそもそも
0x4F1D1C	4	あ今日は
0x4F1E94	5	あの犬、昔
0x4F2E7A	5	いつまでも
0x4F3251	7	た落ち着いたら
0x4F33BB	9	お父さんみたいには
0x4F33F6	10	ヒいまあ確かに、時々
0x4F3522	7	うエそこだけは
0x4F3599	4	あげたら
0x4F3D9A	9	ヒいうん、そりゃあ
0x4F3E38	4	きぬ ヒ
0x4F3E4C	7	ヒいゼンマイで
0x4F3E54	9	まきとられる仕組み
0x4F4407	8	うソそれより、今
0x4F4A21	4	ヒい他に
0x4F4B4A	8	ヒあだが、お前は
0x4F4C63	8	うＳあいかわらず
0x4F54B6	5	うウもっと
0x4F5596	6	ヒあさすがに
0x4F6484	4	ぎカあお
0x4F67E7	4	鋒カあき
0x4F6BA5	4	鋒カあき
0x4F7B4B	8	なかなか馬鹿には
0x4F8012	4	鋒カあき
0x4F80AD	8	ヒいフォト、ポル
0x4F845C	4	なにかが
0x4F859D	4	俊カあい
0x4F8D11	27	ヒいしかも、いくら公　でもうかったとしてもオレ達団　に
0x4F8D6E	4	えわ毎回
0x4F8E67	4	俊カあい
0x4F90BF	5	なう野球で
0x4F911F	5	わが知略も
0x4F9161	4	俊カあい
0x4F91A0	8	うげ他人から聞く
0x4F9530	9	ヒあでも、これまで
0x4F956D	5	うぼじゃあ
0x4F9594	8	ヒいじゃ、今日は
0x4F99B4	4	ぎカあき
0x4F9C02	8	ヒあそんなことが
0x4F9DB5	8	ヒあほら、この前
0x4FA0FC	4	俊カあき
0x4FA905	6	ヒいちっとも
0x4FAAA9	11	えむあの苦労は、あんな
0x4FAFD2	4	きぬ蛸ヒ
0x4FB1F5	11	ヒう（信用する、しない
0x4FBEFD	4	ぎカあき
0x4FC1FB	8	ヒいいや、確かに
0x4FC6D0	4	ぎカあ❤
0x4FCC94	12	ムカツク野郎だぜ、お前は
0x4FCDA8	8	えけだが、お前は
0x4FD7D8	10	ヒいおいおい、本当に
0x4FD931	8	練習するわけには
0x4FDF4D	4	わぁ～～
0x4FE417	7	ぬあ、ちょっと
0x4FE432	11	ヒい・・・だから、突然
0x4FE602	5	ヒい結婚は
0x4FEB14	4	俊カあき
0x4FEBAC	8	ヒあ野菜いために
0x4FF8D2	9	う、ふふふ、これで
0x4FF9D2	5	う、最後は
0x4FFA43	11	う＠あの、あんた本当に
0x4FFAE9	12	うＱあんたらの計算通りに
0x4FFB77	9	ヒあはいはい、後で
0x500069	4	ぎカあお
0x5003DC	4	鋒エあき
0x500579	4	鋒エあき
0x500B76	9	だが、そのころには
0x500E09	4	の今日も
0x50102C	4	ヒいあ！
0x5012A1	4	きぬ　ヒ
0x5016C6	9	まお前達が回いのは
0x501E4F	4	ぎカあえ
0x501FE3	4	きぬ県ヒ
0x502024	4	きぬ県ヒ
0x502126	4	きぬ県ヒ
0x502232	5	えけ最初は
0x50236B	4	ねらいが
0x5025FD	10	ちなみに、画面外でも
0x502BA2	4	きぬぎヒ
0x502FA9	5	けちゃんは
0x503053	8	ヒいあ、それでも
0x5030A8	4	ヒいけど
0x5030C0	5	しまいには
0x5031C5	4	ぎカあき
0x503712	7	ひょっとしたら
0x5037E4	4	ぎカあき
0x5039EC	6	プログラムも
0x503B16	5	ヒあ君には
0x504C2B	6	うポあたしら
0x505777	7	ヒあ　の望みを
0x505D8B	12	こういう時だけは、自分に
0x506190	6	ヒいははは！
0x50699F	10	ヒあ話したくなければ
0x506BA5	4	俊カあき
0x506F50	4	俊カあき
0x5070B9	5	ヒい僕たち
0x5073C5	4	俊カあう
0x507431	4	う今日は
0x507769	5	かわいくて
0x50794C	10	ヒいそうか、魔法だな
0x507ED7	6	あたし的には
0x50843C	4	俊カあい
0x508467	4	俊カあい
0x5084D0	5	ヒあ今夜は
0x5087EC	4	たまたま
0x5087F1	5	あのお芝居
0x508EA2	4	俊カあい
0x509597	7	コけ（壁の穴を
0x5097F3	7	くさあ、報酬は
0x509E8C	4	俊カあき
0x50A424	4	俊カあお
0x50AE1D	4	俊カあけ
0x50AE88	8	ヒあははは、でも
0x50B2F5	11	あんたがご主人なくして
0x50C0DB	4	か切り者
0x50C5B5	4	鋒エあき
0x50CB59	4	鋒エあき
0x50D165	11	ヒいははは、その心配は
0x50D55A	5	アンタには
0x50E073	5	これまでの
0x50E2AC	8	うよ・・・愉快な
0x50E2E4	4	くすいま
0x50EC30	4	きぬ蛸ヒ
0x50F06C	4	あいつは
0x50FA3A	8	うペ今日、お店は
0x50FBCE	9	うひえっ、ちょっと
0x50FC99	6	ヒいこの　は
0x50FCE9	5	くひろかわ
0x510359	10	ヒあわかった、じゃあ
0x51039B	8	まこっちが勝てば
0x510A92	4	俊カあい
0x510ACA	4	きぬ誼ヒ
0x5112A6	4	ぎカあき
0x5117C8	4	ぎカあき
0x511F4A	4	きぬ ヒ
0x5120F2	9	ヒい余力があったら
0x5128D4	4	ぎカあい
0x51292B	5	ヒあ今夜は
0x512C60	4	たまたま
0x512C65	5	あのお芝居
0x512F5E	4	くじもん
0x51346A	4	くじもん
0x5134D9	8	オレみたいな奴は
0x51355C	4	ぎカあう
0x514767	8	ヒい痛いところを
0x5149EF	12	うに・・・・・・どこまで
0x514A65	10	ヒい・・・ええ、全部
0x515542	4	俊カあい
0x515698	5	くそんなに
0x515797	6	行くわけには
0x515FFA	8	ヒい　も、今日で
0x51712D	8	ヒあそんなことは
0x517AF6	4	あたしは
0x517B34	6	うや気持ちは
0x51837C	5	うやっぱり
0x5187BA	9	ヒあそうか、じゃあ
0x518BA8	7	ヒああ、みんな
0x518DFB	4	えわなあ
0x5192F9	4	鋒エあき
0x519356	6	ヒあはい、今
0x5194B1	7	え黙っていたら
0x519A78	4	ぎカあお
0x51A195	10	うねあなたが、もっと
0x51A331	5	ヒいならば
0x51A4F4	5	その場所の
0x51AF90	5	ヒい大丈夫
0x51B5CE	5	ヒいおう！
0x51C3E0	8	いらっしゃ～い！
0x51C7E7	5	ぬウチワで
0x51CB76	7	うハまず、　　
0x51D026	5	女の子にも
0x51D8D7	6	　緒に公　を
0x51D977	4	うオレは
0x51E259	4	俊カあい
0x51E3E9	4	きぬ盛ヒ
0x51E929	10	ヒあわが　族に伝わる
0x51E956	7	たかが本　冊に
0x51E9EC	10	う＠そんな、ちゃんと
0x51EA0F	9	ヒあああ、たしかに
0x51EA92	12	ヒあワハハハハ、こりゃあ
0x51EC01	5	別にオレは
0x51F1F9	5	ヒい今日も
0x51F8A0	4	きぬ蛸ヒ
0x51FEB5	5	この劇団は
0x5200FF	5	ダチョウに
0x5205DF	4	きぬ鋒ヒ
0x5207D1	5	ダチョウは
0x520898	13	うペこの際、ゾウかキリンで
0x52092E	10	うケというか、この際
0x521627	10	ヒあ行けども行けども
0x521BE9	4	きぬ塔ヒ
0x521D6C	4	きぬ塔ヒ
0x521F48	8	う塔ヒいほんとに
0x521FCA	13	ヒあ・・・そんなことぐらい
0x5221F6	11	う５それで毎日のように
0x522209	6	わたしのこと
0x52221B	5	うＡむしろ
0x5227B7	7	くゆきのじょう
0x522964	4	きぬ鷺ヒ
0x522A50	6	ヒあどうして
0x522D21	9	脳との接続の関係で
0x523263	4	いきなり
0x5233A7	8	とまさか、　晩中
0x523B4B	5	好きなのは
0x523C2A	5	えれオレは
0x523CDF	9	う７別に、こっちは
0x523D13	6	の出　直前に
0x523D64	5	えぐわたし
0x5241A0	6	う○やっぱり
0x5243CE	5	事件の後で
0x524841	4	う○もう
0x5249B1	5	けちゃんも
0x524AC9	4	俊カあい
0x524CF0	5	ヒい大丈夫
0x524DA3	9	ヒいじゃあ、わたし
0x524FD4	11	きぬ墫ヒい（フンフン㎞
0x5251EE	6	た予想化上に
0x5253FE	4	ぎカあえ
0x52546A	4	ぎカああ
0x525C37	4	負けると
0x526034	4	くごんだ
0x526E59	6	　のおかげで
0x52760D	7	♂むいぃＹむい
0x527619	4	♂むい（
0x52762A	6	さいが。むい
0x527639	10	ゃふいが＠むい尅さい
0x52764D	4	♂むい（
0x527652	9	さいぽ♀むい尅さい
0x5276C2	14	むいＡ％むい縦むいボ『むい❤
0x5276D2	7	さい尅さい♂あ
0x52771A	7	むい　むい♂あ
0x527728	10	ワなめいワ、むいＵあ
0x527738	56	→（もいョ♂むいくおやいづ＋むい６ブめいＩ「むいぃ除いリ…むい。両いボ…むいみ、めいび★むいやネめいり』むい♂あ
0x527778	50	Ｙゆもいぃ…むいＱ去い◎）むいＹちめいが㎞むいゲＣもいと？むいっるめいヤ。むいみ説いぃ～むいぃりめい
0x5277AD	22	・むい（←もいっ！むいぜ旧いＹ『むいシっめい
0x5277DA	46	むいっーむい→旧いョ『むいＡＹもいぃＺむい◎段い。』むい半むい」ーむいョ説いＹ」むいァ○めい
0x527810	8	エ雪いク』むい❤
0x52782A	22	むいＵ￥むいし絵いく→むいペ闘い漠むいタ避い
0x527848	19	るむいた←むいがてめい◎・むいォギめい
0x527860	26	エ１めい！Ｚむいぃてもいご…むいＡャめい」。むいＶあ
0x5278C2	10	むいた『むい尅さい❤
0x5278DA	16	めいＩ…むいＱキめい６♂むいＶあ
0x5278F0	74	Ｕ除いなむい❤ノめい（Ｘむいバどめいヤ『むい！ミめいや？むいっヴめい→Ｘむい！ぬめいり／むい２ぴやいＩ」むいわヅもいＵ！むいくけめいズ～むいぱめめい
0x527940	24	（闘いみ！むいワきもい　むいトぎめいタ…むい♂あ
0x527960	18	フ僚いミ）むい６べめいつむいぱＦめい
0x527978	19	ァチやい㎞」むいリめいタ～むい。ゅめい
0x527990	12	ボバめいリ♀むいミニめい
0x5279A8	17	っぽめいタ♀むいえ絵いぜ←むいＶあ
0x5279C0	50	◎コやいミ！むいぁむいし！むいしちめい◎→むいぱぶめい❤、むいＡこやいォ￥むいふコもい醗むいワつめい
0x5279F8	126	シヲめいふＹむい培めいト＋むいＥ旧いョ』むいづぞめい６←むいペじめいぱ㎏むいクためい箔むいぱネやいゲ。むいりセめいみ「むいＱ絵いと「むいしムもいＡ！むいミざもい」？むい㎞～いヤ「むいづもめい　むいくゴもいび←むいぜ。むいミ♂むいバヒめい→…むいっあめい
0x527A80	10	ワパもい２？むいＺあ
0x527AC2	26	もいづ？むいねひめいえ㎏むい→ひやいぱ％むいＭ「めい
0x527AE2	24	もいぃ↑むい韮もい６＠むいと絵いぃ＠むい尅さい❤
0x527AFE	5	さいワ殆い
0x527B05	15	～むいァズめいや＋むいヂ～めい
0x527B18	11	Ｑ説いＹ、むい尅さい❤
0x527B26	6	さい尅さい❤
0x527B2E	72	さいボ袴い　むい（（めい㎞…むいとにやい輯むいリ旧いわ「むい朱もいっ」むいぽＬもいエ？むいＹめい❤Ｘむいタたやい㎞～むい㎞ピめいが♂むいォめもい
0x527B7D	12	❤むいりぉめい㎞Ｘむいっ
0x527BA5	45	Ｘむい！燦いぽ。むいＵンやいび・むいぃﾒい」＋むい（ワもいヤーむいぽざめい㎞ーむいづにめい
0x527BD8	12	バけめいフ×むいエせめい
0x527BE8	27	タ闘いミ』むいづふもいヂ、むいネぴめいえＹむい６Ｈめい
0x527C08	20	ョシめいバＹむいズデめい（◎むいバんめい
0x527C2D	53	？むいＩをやいが『むい！ぃめい㎞「むいＥへめいョ×むいし糊いり、むいズゅもいぽ↓むい恚めいネ・むいバほめい
0x527C68	4	→ふめい
0x527C70	18	とマめいク、むいとテめいっ＋むいＵあ
0x527CA2	18	むい◎×むいョロめいＩーむいぽケめい
0x527CB8	35	エヘめいとむいが・めい」」むいえ→めいＡ、むいご？もいエーむいっゆめい
0x527CE0	18	シカもいく「むい㎞暖い　むいづはめい
0x527CF8	8	Ｍすめい６×むい
0x527D01	46	ぐもい！『むい◎えめいＹ＋むいりばやいね～むいぱおめい㎞＋むい㎞体いリＹむい　もいにむいＺあ
0x527D38	36	Ｍいめいワ％むいトきめい２＋むいシノもいみ←むい❤かめいび／むいぜでめい
0x527D60	27	！↑むいく◎むいＵＰもい！Ｘむいぜ。むいび。むい瀞めい
0x527D80	38	６糊いリ～むいしぬめい！＠むいっいめいワ㎞むい　もいペ→むいりカめい」Ｘむい
0x527DA9	8	ごめいバ↓むいＩ
0x527DB2	8	めい❤％むい♂あ
0x527DC2	16	むいＵ…むいごうめいく／むいＶあ
0x527DD8	11	Ｍザやい　むいわラやい
0x527DE5	5	』むいＺあ
0x527E11	9	ョもいねＹむい♂あ
0x527E20	17	バえもい硲むい匙めいネ／むい凸めい
0x527E38	11	◎ソめいえむいワをめい
0x527E91	26	～もいヤ＋むいゲ…もいォ？むいぽろめい。、むいふめい
0x527ED5	13	！むいＩあもいヂーむいＵあ
0x527EF0	10	トＭめいク↓むいＵあ
0x527F00	9	Ｕ僚いズ＠むい♂あ
0x527F39	11	てめいね…むいＭぁめい
0x527F5D	5	→むいＶあ
0x527F81	9	＠むいが★むいＶあ
0x527F90	4	ネみめい
0x527F98	36	ォヂめいが❤むいヤのめいト、むいゲ↑めいＭ←むいシぼもいＭ』むいねがめい
0x527FC0	40	づえめいＩ＋むいのめいづ「むいォしめいＡ～むいＥぐめい６…むいＩあめい６・むい❤
0x527FF2	8	めいＱ。むいＵあ
0x528000	47	みぉもいＭ◎むいっ・めい２ーむい。おめいやーむいしＷめいズ…むいＵうめいぽ×むいエ燦いシ。むい
0x528031	52	♀めいぱ、むいねゼもいび！むいぽビもいた、むいォャやいＭ→むいタ除いぜ、むいぃ殆い６／むいク糊いォ…むい
0x528069	9	ぇめいＭ、むいＺあ
0x5280CA	32	むいョ／むいねウめいタ『むいＭ㎏もい６↑むいやエやいや『むい♂あ
0x5280F0	72	拶めい◎～むいペ避いえ＋むいＩチもいョ、むいりこめいョ・むいっのもいエ…むい２むやいくＹむいび８めいエ「むい２そめいＵ㎞むいエさめいと￥むい♂あ
0x528140	10	ごやめいね♀むい♂あ
0x528150	10	シづもいゲ❤むいＵあ
0x528160	33	わにもい６→むい２アめいズＹむいや旧いバ！むいァゾめい白むい。糊い
0x528188	9	り燦いっ、むいＶあ
0x528198	4	尅さい❤
0x52819E	14	さいフチめいト」むいＵトめい
0x5281B0	11	Ｑ浣いみ）むいバだめい
0x5281C0	12	リくめいペ』むいバエめい
0x5281D0	4	っヘもい
0x5281E0	42	たィめいぬむい２らやいづーむい式めいと」むいエーめい。（むいＭボめいォ＋むいＭとめい
0x528210	39	◎ォめいエ」むいが８もいび～むい㎞ぜもいふ、むいふすめいく・むいフめいたＹむい
0x528255	45	…むいく旧い」！むいＥポもい！…むい資めいヤ？むい２３めい２「むいやヨめい２」むいづ○もい
0x52828A	6	むい囚むい（
0x528292	11	さいＥ◎むいＥ＠むい（
0x52829E	11	さいネ♂むいァ★むい（
0x5282AA	12	さい（★むいぽＹむいＺあ
0x5282C2	10	さいた◎むいョ←むい
0x5282CD	5	♂むいＵあ
0x5282DA	11	さいァＹむいミＹむい（
0x5282E6	11	さいズ○むいＭ○むい（
0x5282F9	4	○むい（
0x5282FE	12	さいぽ→むいミ◎むいＵあ
0x528310	4	尅さい（
0x528316	11	さいズ←むいび♂むい（
0x528322	12	さいぜ♂むいぃ→むいＵあ
0x528334	5	尅さい♂あ
0x528340	4	尅さい（
0x528346	11	さいぃ。むいくＺむい（
0x528352	10	さいリ★むいリ→むい
0x52835D	5	♂むい♂あ
0x52836A	11	さいタ＠むいぽ←むい（
0x528376	11	さいり○むいミ○むい（
0x528382	12	さい６○むいＭＹむいＵあ
0x528394	4	尅さい（
0x52839A	6	さい◎○むい
0x5283A1	5	↓むいＺあ
0x5283B2	12	さい。→むい。ＺむいＺあ
0x5283D0	4	尅さい（
0x5283D6	11	さいび＠むい◎◎むい（
0x5283E2	12	さい（○むいリ↑むい♂あ
0x5283F4	4	尅さい（
0x5283FA	6	さいリ♂むい
0x528401	4	＠むい（
0x528406	11	さいく♀むいた↓むい（
0x528412	11	さいぃ←むいァ←むい（
0x52841E	11	さいズ↑むい◎★むい（
0x52842A	11	さい。★むいび↑むい（
0x528436	10	さい！○むい！★むい
0x528441	5	♂むいＶあ
0x52844E	11	さいＵ♂むい。←むい（
0x52845A	10	さいりＺむいＭ＠むい
0x528465	5	♂むいＶあ
0x528472	10	さいり♂むいが→むい
0x52847D	7	♂むい尅さい❤
0x528489	7	♂むい尅さい❤
0x528492	4	さいＶあ
0x52849C	4	尅さい（
0x5284A2	11	さい◎←むいネ★むい（
0x5284AE	11	さいみ↓むい（→むい（
0x5284BA	6	さいョ♀むい
0x5284C1	4	♀むい（
0x5284C6	11	さいみ→むいタ♂むい（
0x5284D2	11	さいョ○むいバ←むい（
0x5284DE	22	さいぃ○むい◎♂むい尅さい。○むいＭ♂むい（
0x5284F6	12	さいり→むいァ＠むいＶあ
0x528508	5	ぽ♀むい（
0x52850E	11	さい◎Ｚむい迫むいＶあ
0x528520	4	尅さい（
0x528526	12	さいね○むい（＠むいＶあ
0x528538	4	尅さい（
0x52853E	10	さい（↓むいズ♀むい
0x528549	5	♂むいＺあ
0x528556	11	さいリＺむいが↑むい（
0x528562	24	さいぽ◎むいぜ◎むいねあさいみ♀むいふあさいＸあ
0x528580	5	搭さいＺあ
0x52858C	4	尅さい❤
0x528592	4	さい♂あ
0x52859C	4	尅さい❤
0x5285A2	4	さいＵあ
0x5285AC	4	尅さい❤
0x5285B2	4	さいＺあ
0x5285BC	4	尅さい❤
0x5285C2	4	さいＵあ
0x5285CC	4	尅さい❤
0x5285D2	4	さい♂あ
0x5285DC	4	尅さい❤
0x5285E2	4	さいＵあ
0x5285EC	4	尅さい❤
0x5285F2	4	さいＵあ
0x5285FC	4	尅さい❤
0x528602	4	さいＵあ
0x52860C	4	尅さい❤
0x528612	4	さいＺあ
0x52861C	4	尅さい❤
0x528622	4	さい♂あ
0x52862C	4	尅さい❤
0x528632	4	さいＵあ
0x52863C	4	尅さい❤
0x528642	4	さいＵあ
0x52864C	4	尅さい❤
0x528652	4	さいＺあ
0x52865C	4	尅さい❤
0x528662	12	さいリ←むいク♀むいＺあ
0x52867C	4	尅さい❤
0x528682	4	さいＵあ
0x52868C	9	搭さいネ←むいＵあ
0x5286A6	15	さいタ←むい　むいクＺむいＵあ
0x5286BC	4	尅さい❤
0x5286C2	4	さいイあ
0x5286CC	5	搭さいぷあ
0x5286DC	5	搭さいエあ
0x5286FC	4	尅さい❤
0x528706	6	さいク♂むい
0x52870D	8	◎むい　むいＵあ
0x52871C	4	尅さい❤
0x528722	4	さいＵあ
0x52872C	4	尅さい❤
0x528736	15	さい。♂むいミ←むい。↓むい（
0x528746	14	さいミ♀むい粕むいく♂むい（
0x528756	16	さいび♀むいペ♀むいＭ↓むい♂あ
0x52876C	4	尅さい❤
0x528772	4	さいＺあ
0x52877C	4	尅さい❤
0x528782	4	さい♂あ
0x52878C	4	尅さい❤
0x528792	4	さいＵあ
0x52879C	4	搭さい→
0x5287A2	4	さいＺあ
0x5287AC	4	尅さい❤
0x5287B2	4	さいＵあ
0x5287BC	4	尅さい❤
0x5287C2	4	さいＺあ
0x5287CE	4	さいブあ
0x5287D5	5	♂むいＶあ
0x5287E0	5	尅さいＶあ
0x528816	16	さいバ↑むいズ◎むいみ○むいＶあ
0x52883C	4	尅さい❤
0x528842	4	さいＺあ
0x52884C	4	尅さい❤
0x528856	16	さい。◎むいぃ♀むいＵ←むいＶあ
0x528876	15	さい　むいびＺむいく○むいＶあ
0x52888C	4	尅さい❤
0x528892	4	さいＶあ
0x52889C	4	尅さい❤
0x5288A2	4	さいＶあ
0x5288AC	4	尅さい❤
0x5288B5	5	♂むいＶあ
0x5288C0	5	尅さいＶあ
0x5288CC	4	尅さい❤
0x5288D5	4	♂むい（
0x5288DA	12	さいミ★むいＥ→むいＶあ
0x5288EC	4	尅さい❤
0x5288F2	4	さいＶあ
0x5288FC	4	尅さい❤
0x528902	4	さいＶあ
0x52890C	4	尅さい❤
0x528912	7	さいバ★むい（
0x52891A	27	さいペ↓むいペ♂むい尅さいネ↓むいタ○むいね♂むいＶあ
0x52893C	4	尅さい❤
0x528942	4	さいＶあ
0x52894C	4	尅さい❤
0x528952	4	さいＶあ
0x52895C	4	尅さい❤
0x528962	4	さいＶあ
0x52896C	4	尅さい❤
0x528972	4	さいＵあ
0x52897C	4	尅さい❤
0x528982	4	さいＶあ
0x52898C	4	尅さい❤
0x528992	4	さいＶあ
0x5289A6	16	さいＵ○むいネ♀むいり。むいＶあ
0x5289BC	4	尅さい❤
0x5289C2	4	さいＶあ
0x5289CC	4	尅さい❤
0x5289D5	5	♂むいＶあ
0x5289E0	5	尅さいＺあ
0x5289EC	4	尅さい❤
0x5289F2	4	さい♂あ
0x5289FC	4	尅さい❤
0x528A02	7	さい！↑むい（
0x528A0A	12	さいく◎むいた○むいＵあ
0x528A26	8	さいが。むいＵあ
0x528A34	5	尅さい♂あ
0x528A44	4	尅さい❤
0x528A4A	7	さいＭ♀むい（
0x528A52	19	さいがＹむいクＹむいネ＠むいＭ♀むい（
0x528A66	16	さいがＹむいクＹむいＥ↓むい♂あ
0x528A84	5	搭さい♂あ
0x528A98	4	搭さい（
0x528A9E	18	さいＥＺむいが○むいびＹむい（♂むい
0x528AB1	5	♂むい♂あ
0x528ABC	4	尅さい❤
0x528AC5	5	♂むいＺあ
0x528AD0	4	尅さい❤
0x528AD6	4	さいＸあ
0x528AE0	11	搭さいネ♂むいァ★むい
0x528AED	5	♂むいＺあ
0x528AF8	4	尅さい❤
0x528B01	5	♂むいＺあ
0x528B0C	4	尅さい❤
0x528B12	4	さいＸあ
0x528B1C	11	搭さいぽＹむい（★むい
0x528B29	5	♂むいＵあ
0x528B34	4	尅さい❤
0x528B42	4	さい×あ
0x528B48	9	ペ♀むいＭ↓むい（
0x528B65	5	♂むいＵあ
0x528B70	4	尅さい❤
0x528B79	5	♂むいＵあ
0x528B84	4	尅さい❤
0x528B8D	5	♂むいＶあ
0x528B98	4	尅さい❤
0x528BA1	5	♂むいＶあ
0x528BAC	4	尅さい❤
0x528BB5	5	♂むいＶあ
0x528BC0	4	尅さい❤
0x528BC6	11	さいバ★むい尅さいえあ
0x528BD4	10	ペ↓むいペ♂むいＸあ
0x528BE4	20	搭さいＥ＠むいＥ◎むいＵ○むい尅さいえあ
0x528BFC	10	ネ♀むいり。むいＸあ
0x528C0C	13	搭さいョＺむい！♀むいＺあ
0x528C24	4	尅さい❤
0x528C2D	5	♂むい♂あ
0x528C38	4	尅さい❤
0x528C41	5	♂むいＵあ
0x528C5C	13	搭さいリ↑むい（○むいＵあ
0x528C90	4	尅さい❤
0x528C96	4	さいＵあ
0x528CA8	4	尅さい❤
0x528CAE	19	さいリ←むい爆むいク♀むいョ↓むいＺあ
0x528CC8	6	。♂むいＸあ
0x528CD4	12	搭さいミ←むい。↓むい（
0x528CE2	24	さいァ↑むいＥＹむいＥ←むいた→むいリ↓むいＵあ
0x528D08	4	尅さい❤
0x528D0E	4	さいＵあ
0x528D1A	4	さい×あ
0x528D20	14	。Ｙむいが←むいペ○むいＺあ
0x528D3A	4	さいブあ
0x528D40	15	が◎むい尅さい◎↓むいね◎むい
0x528D51	7	←むい。♀むい
0x528D59	4	♂むい→
0x528D5E	4	さいＺあ
0x528D72	4	さいもあ
0x528D79	14	♂むい尅さいァ→むいＵ◎むい
0x528D89	4	♂むい→
0x528D8E	4	さいＶあ
0x528D98	4	尅さい❤
0x528D9E	7	さいＥ♀むい（
0x528DA6	20	さいぜ○むいり↓むいァＺむいみ♂むいＵあ
0x528DC6	4	さいしあ
0x528DCC	4	縛むい（
0x528DD2	10	さいペ↑むいク＠むい
0x528DDD	13	→むい（♀むい曝むい麦むい
0x528DED	4	♂むい❤
0x528DF2	6	さい尅さいえ
0x528DFC	8	　むいタ↑むいし
0x528E0A	18	さいぜ♀むいり★むいり←むい６Ｚむい
0x528E21	5	↓むいＵあ
0x528E4A	4	さい×あ
0x528E50	14	。Ｙむいが←むいぜ↓むいＵあ
0x528E66	4	さい×あ
0x528E6C	14	。Ｙむいが←むいぜ↓むいＵあ
0x528E80	31	搭さい尅さいＥ★むいね＠むいみ★むいフヴふいづ５やい尅さいＵあ
0x528EA8	12	搭さいズ→むいが◎むい（
0x528EB6	10	さい◎↓むいね◎むい
0x528ED6	4	さいブあ
0x528EE9	5	♂むいＶあ
0x528EFC	4	尅さい❤
0x528F02	4	さいＵあ
0x528F0C	4	尅さい❤
0x528F12	4	さいせあ
0x528F20	5	Ｅ♀むい（
0x528F26	23	さい尅さいぜ○むいり↓むいァＺむいみ♂むいＸあ
0x528F44	5	搭さいＵあ
0x528F54	5	ぜ＠むい（
0x528F5A	27	さいぜＹむいた♂むいミ→むい（←むいバＺむいね★むい（
0x528F76	6	さい！♂むい
0x528F85	5	♀むいよあ
0x528FA5	8	←むいョ↑むい（
0x528FAE	26	さいバ＠むいネ←むいぽ○むいが＠むい６♀むい舶むい（
0x528FCA	31	さいり↑むいタ→むいバ♀むいり♀むいネ↑むいペＹむいＭ★むい（
0x528FEA	14	さい６↓むいみ◎むいズ★むい
0x528FF9	16	。むいリ◎むいク◎むいタ★むい（
0x52900A	31	さいク←むいク★むいァ○むいく←むいた★むい！↓むいタ◎むい（
0x52902A	31	さい。↑むいた♀むい６ＹむいＭＺむいく＠むいりＹむい◎↑むい（
0x52904A	31	さいネＹむいク→むいぽ★むいＵ→むい　むいび○むいぜ↑むいＵあ
0x529076	4	さい×あ
0x52907C	5	バ＠むいと
0x529084	5	６♀むい❤
0x52908A	7	さい尅さいＵあ
0x5290AA	31	さいみＺむいズ♂むいミＺむいズ↓むいァ♀むい！→むいリ○むい（
0x5290E1	7	◎むい　むい（
0x5290EA	28	さいァ↓むいク○むい莫むい　むいく★むいび↓むい　むい（
0x52910A	31	さいミ↑むいたＺむいた↑むいタ↓むいＵＺむいＭ↑むい！Ｙむい（
0x52912A	31	さい！◎むい６★むいタＹむいＵＹむいがＺむいバ→むいョ＠むい（
0x529159	16	Ｙむい６◎むいペ★むいァ♂むい（
0x52916A	30	さいペ＠むいぽ↑むいネ○むいが↓むい◎Ｙむい　むいた＠むい（
0x52918A	13	さいバ◎むいみＹむい　むい
0x529199	15	↑むい縛むいみ↑むいペ←むい（
0x5291AA	30	さい（ＺむいＥ♂むいく↑むいが♀むいＵ↑むい　むいバ○むい（
0x5291CA	14	さいぃ★むいＥ○むいョ★むい
0x5291D9	17	ＺむいぜＺむいョ→むいＥ↑むいＸあ
0x5291F0	5	搭さいＵあ
0x5291FC	5	タ♂むいか
0x52920E	4	さいしあ
0x52921C	5	搭さいＵあ
0x529228	5	ク○むいけ
0x529231	5	♂むいＵあ
0x529252	4	さい♂あ
0x52925C	4	搭さいつ
0x529264	4	尅さい→
0x52927A	4	さい♂あ
0x529280	30	みのふいえあさいァ♀むい！→むいバ↑むいズ◎むいＵ＠むいＵあ
0x5292A4	5	搭さいＸあ
0x5292B0	5	びＹむいつ
0x5292B8	22	ＥＺむいが○むいねあさいみ♀むいふあさいＵあ
0x5292D4	4	搭さい→
0x5292DE	4	さい×あ
0x5292EA	4	さいしあ
0x5292F8	5	搭さいＸあ
0x529308	10	ミ○むいり○むいＵあ
0x52932A	4	さい×あ
0x529332	19	さい尅さいねあさいみ♀むいふあさいＵあ
0x52934C	4	搭さい→
0x529356	4	さい×あ
0x52935C	6	く。むい♂あ
0x529368	8	搭さいり←むいす
0x529374	5	６Ｚむいせ
0x52937D	4	○むいそ
0x529385	5	↓むいＵあ
0x529390	16	搭さい尅さいク←むいク◎むいＸあ
0x5293B6	4	さい♂あ
0x5293D5	21	←むいョ★むいねあさいみ♀むいふあさいＵあ
0x5293F0	5	搭さい♂あ
0x529402	8	さいミ↓むい♂あ
0x529410	4	尅さい❤
0x529416	4	さい７あ
0x529420	5	搭さいダあ
0x529436	4	さいＶあ
0x52943C	20	６そふいえあさい６↓むいみ◎むいズ★むい
0x529451	15	。むい尅さいク←むいク◎むい。
0x529462	4	さいＸあ
0x52946C	5	搭さいＵあ
0x529478	8	尅さいタ♂むいか
0x529486	8	さいみ→むい７あ
0x529494	5	搭さいダあ
0x5294B4	4	尅さい❤
0x5294BA	4	さいＵあ
0x5294C4	11	搭さいリ↓むい尅さいこ
0x5294D4	5	ァ↑むいさ
0x5294DC	5	ＥＹむいし
0x5294EE	4	さいＶあ
0x5294F4	22	ネにふいえあさいねＺむいバ♂むいァ◎むいＸあ
0x529510	13	尅さいク←むいク◎むいＺあ
0x529524	8	搭さい６◎むいし
0x529530	5	ペ★むい→
0x529536	7	さいＵ＠むいす
0x529540	4	薄むいせ
0x529548	5	ペ◎むいそ
0x529550	6	Ｕ★むいＵあ
0x52956E	4	さいＸあ
0x52958E	4	さいＶあ
0x5295A1	13	◎むい◎＠むいク→むいＸあ
0x5295B4	17	ぽ★むい尅さいク←むいク◎むいＵあ
0x529602	4	さいＶあ
0x529608	34	バとふいえあさいく←むいた★むい！↓むいりＹむいぽＺむいく＠むいＸあ
0x52963E	4	さいＶあ
0x529644	34	ァなふいえあさいク★むいァ○むい。↑むいた♀むい６ＹむいペＺむいＸあ
0x52966C	12	尅さいク←むいク◎むい→
0x52967A	8	さいタＺむい♂あ
0x529688	4	搭さいき
0x529690	5	ぃ★むいく
0x529698	5	Ｅ○むいけ
0x5296A5	4	Ｚむいさ
0x5296AC	5	ぜＺむいす
0x5296B9	5	○むいＶあ
0x5296CA	32	さい！せふいえあさいり↑むいタ→むいバ♀むいり♀むいネ↑むいＸあ
0x5296F0	17	ペＹむい尅さいク←むいク◎むい♂あ
0x529710	5	（↑むい→
0x52971C	5	び→むいい
0x529724	5	ぃ♂むいう
0x52972C	5	た。むいお
0x529735	4	←むいく
0x529740	6	ョ★むいＸあ
0x529756	4	さいＵあ
0x52975C	20	→つふいえあさい◎♀むいＵ↑むいぃ↓むい
0x529771	4	→むいと
0x529778	12	尅さいク←むいク◎むいか
0x529788	5	　むいＵあ
0x529794	4	搭さいそ
0x52979C	5	リ↓むいち
0x5297AA	4	さいしあ
0x5297B0	12	尅さいク←むいク◎むいえ
0x5297C6	4	さい×あ
0x5297CC	5	みＹむいお
0x5297D4	4	　むいう
0x5297DC	4	莫むい→
0x5297E6	4	さいＵあ
0x5297F0	4	搭さいた
0x5297F8	4	　むいち
0x529808	5	（♂むいな
0x529814	6	く↑むいＸあ
0x529824	5	ペ↑むいへ
0x52982C	5	ク＠むいお
0x529838	9	曝むいね→むいＸあ
0x529848	9	搭さい（♀むいＵあ
0x52985E	22	さいタたふいえあさい◎♀むいＵ↑むいぃ↓むい
0x529875	12	→むいく↑むいが♀むいと
0x529884	32	尅さいク←むいク◎むいねねふい　むいび○むいァＹむいミＹむいＵあ
0x5298AC	13	搭さい」ねふいえあさいＸあ
0x5298C0	6	ペ＠むい♂あ
0x5298CC	4	尅さいた
0x5298D4	5	みＺむいち
0x5298DC	5	ズ♂むいつ
0x5298E4	5	ミＺむいあ
0x5298EC	5	ク↑むいい
0x5298F4	5	ョＹむいう
0x5298FC	18	ね。むいが↓むいミ→むいね→むいＵあ
0x529914	4	搭さいそ
0x529925	4	★むいち
0x529936	4	さいしあ
0x52993C	12	尅さいク←むいク◎むいえ
0x529952	4	さい×あ
0x529958	5	みＹむいき
0x529960	4	　むいく
0x529969	4	↑むいお
0x529970	4	　むいう
0x529978	12	莫むいぽ＠むいリ◎むい→
0x5299AA	4	さいＺあ
0x5299B0	14	Ｕすふいえあさいミ↑むいＸあ
0x5299C4	7	搭さいョ♀むい
0x5299CD	12	♀むい６○むいＭＹむいう
0x5299DC	5	タ↓むいえ
0x5299E4	5	ク♂むいお
0x5299ED	4	◎むいか
0x5299F4	4	　むい❤
0x529A00	12	ミ♀むい粕むいく♂むいし
0x529A14	26	く♀むいた↓むいび↑むい。★むいくあさいミ＠むいよあ
0x529B5C	11	み闘いり・むい◎Ｘむい
0x529B6C	4	ＡＸむい
0x529B89	22	❤むい→ぷめいト・むいみ避いシ（むいＩＸむい
0x529BA4	4	ＱＸむい
0x529BB6	10	むい→／むいＭＸむい
0x529BC4	4	ＹＸむい
0x529BCC	18	→殆いァ（むい」絵いづ」むいＥＸむい
0x529BE9	7	（むいＵＸむい
0x52BAB9	9	なお機嫌の試い　織
0x52BACE	7	ー嫌の試い　織
0x52BAE0	7	ー嫌の試い　織
0x52BAF2	7	ー嫌の試い　織
0x52BB04	7	ー嫌の試い　織
0x52BE2D	4	なき汎用
0x52C7A0	4	俊カあお
0x52D648	4	俊カあお
0x52E65F	4	俊カああ
0x52E7A1	4	俊カああ
0x5316A1	4	ぎカあい
0x531B7D	4	くのざき
0x5369CF	4	くのざき
0x53A13E	4	きぬぎヒ
0x53A15B	4	きぬぎヒ
0x53A189	4	きぬぎヒ
0x5401E2	7	い唐辛子パフェ
0x547C44	4	くなつめ
0x54826C	4	くでんし
0x554AEC	35	ＩベやいふあさいＩブやいＡベやいＡベやいふあさい尅さいォブやい❤Ｎやい
0x554B15	9	６やいづピやいＰあ
0x554B24	12	ォＢやいＥバやいエＣやい
0x554B4D	53	８やいタピやい❤８やい◎バやいＥ算いＱプやいタ㎏やいバパやいや６やいミパやい殺ゆいペボやい㎞樋いワプやいし
0x554B86	31	ゆい❤０やい窄さいォベやいトはゆいシプやいエうゆいボ１やいＱあ
0x554BAC	64	❤Ｘやいシブやいび男いトボやいヤＱやいっパやいや￥やいクボやいタＲやいＥ２やいび→やいし１やいＥ』やいトビやいＥ・やいＡ０やい（
0x554BEE	17	さいふあさいづﾕいわ０やいペＤやい
0x554C0E	6	やい排やい（
0x554C31	25	ボやい６！やいシベやい殊やい迪やいズＦやい遮やい（
0x554CCD	19	…やいぜペやいＵ❤やいョペやいくＦやい
0x554CE4	20	クＴやいＩピやいＹ♀やいフ１やいョＥやい
0x554CF9	31	２やいねＺやいシパやいミＵやいＩ４やい２ＷやいＡボやいペ６やい
0x554D1C	19	ＱもゆいＹ３やいＩＯやいみパやい　やい
0x554D34	28	ペＫやいタ４やいＵＣやいトポやい→６やいくプやいヤ６やい
0x554D65	8	５やいしパやい（
0x554D6E	46	さいふあさいズ渕いねポやいり居いヂボやいョＶやい（パやいシ５やいＩポやいねＧやいＹバやいＱあ
0x554DA4	58	Ｍ」やいエ０やいぱＨやい。ペやいぃ７やいやプやいシ♂やいワボやいＩ５やい！ボやいやＢやいァ０やいＡりゆいＥパやいＮあ
0x554DE4	105	ぜつゆいぱボやいヤ５やいォパやい　やいっボやいたＥやいワ３やい→７やいぜプやい住やいご１やいト７やいりピやいと５やいＩバやい惹やいボベやいペ８やいぱビやいズ↓やい。ピやい」・やいゲポやいエＳやいた４やいぃＤやい
0x554E54	33	ヂ５やい　やいペ９やいしブやい６ーやいえ０やい」５やいっ３やいＮあ
0x554E7C	5	しベやい（
0x554E82	15	さい蹉やいＹブやいォブやいＮあ
0x554E98	6	ォブやいＮあ
0x554EA4	6	しベやいＱあ
0x554EB0	6	しベやいＱあ
0x554EC4	5	尅さいＱあ
0x554ED0	5	搭さいＰあ
0x554EDC	5	尅さいＰあ
0x554EE8	6	ォブやいＰあ
0x554EF4	14	ォブやいしベやいォブやいＮあ
0x554F08	10	しベやいやベやいＰあ
0x554F1A	8	さいぃあさい／あ
0x554F24	6	タやふいＮあ
0x554F30	6	とあさい㎏あ
0x554F38	77	ふあさいぃあさいみやふい窄さいォベやい尅さいしボやいＱビやい煮やいボブやいふあさいぃあさいみやふい窄さいォベやいふあさいぃあさいみやふい窄さいォベやいＮあ
0x554F90	4	搭さいこ
0x554FB5	40	バやいふボやいエブやいやブやいわボやいヂれふいぱベやいふあさい踵やい」ブやいダあ
0x554FF0	13	ォブやいしベやい尅さいえあ
0x555008	17	ォブやいしベやい窄さいォベやいＱあ
0x555020	6	ォブやいＱあ
0x555030	8	窄さいォベやい（
0x55503A	4	さいＰあ
0x555044	4	搭さいく
0x55504C	6	ワブやいＮあ
0x555060	34	ワベやいＩベやいわボやいバほふいぱベやいワビやいＹビやいとあさい㎏あ
0x555084	26	わボやいバほふいぱベやいワビやいＹビやいとあさい㎏あ
0x5550A0	26	わボやいバほふいぱベやいＱブやいＹビやいとあさい㎏あ
0x5550BC	25	わボやいバほふいぱベやい社やいＹビやいとあさい㎏あ
0x5550D8	5	尅さいベあ
0x5550EC	16	搭さい踵やいォブやいしベやいＱあ
0x555108	17	窄さいォベやいォブやいしベやいＮあ
0x555120	28	窄さいォベやい尅さいォブやい◎むふいふあさいみあさいＮあ
0x555144	29	しベやいわボやいバほふいぱベやい社やいＹビやいとあさい㎏あ
0x555164	26	わボやいバほふいぱベやい㎞ブやいＹビやいとあさい㎏あ
0x555180	26	わボやいバほふいぱベやいワビやいＹビやいとあさい㎏あ
0x55519C	12	しベやいォブやい尅さい❤
0x5551AA	11	さい窄さいォベやいＱあ
0x5551BC	10	ォブやいしベやいＱあ
0x5551CC	4	尅さい❤
0x5551D2	26	さい窄さいォベやいわボやいやほふいぱベやいふあさい顕
0x5551F0	14	！ひふいみあさいえボやいＰあ
0x55520C	9	搭さいびあさいげあ
0x555218	5	しベやい（
0x555229	51	ベやいやボやいＩビやい紗やい→バやいふあさいえベやいヤベやいＹベやいしビやい」ベやい」バやいとベやい（
0x55525E	39	さい❤ベやいえボやいやビやい諫やい２ベやいォビやいヂベやいとブやいォブやいＮあ
0x55528C	28	搭さいふあさいぃあさいみやふい窄さいォベやいォブやいＱあ
0x5552B0	9	搭さい」ブやいせあ
0x5552C8	15	しベやい窄さいォベやい尅さい❤
0x5552DA	4	さいＮあ
0x5552E4	6	とあさい㎏あ
0x55530D	4	ビやい（
0x55531D	23	ベやいやボやいＩビやい紗やい→バやいふブやい（
0x555336	40	さいワベやいごベやいっビやい２ビやいヂブやいづビやいとボやいフベやいしベやい７あ
0x55537C	5	尅さいＱあ
0x555395	4	ブやいこ
0x55539C	12	窄さいォベやい尅さい／あ
0x5553AE	4	さいダあ
0x5553CC	10	ォブやいしベやいＮあ
0x5553DC	19	窄さいォベやいぃあさいみやふい尅さい❤
0x5553F2	4	さいＭあ
0x5553FA	4	さいＮあ
0x555402	4	さいＯあ
0x555409	5	あさいＰあ
0x555410	6	えあさいＱあ
0x555418	53	ねあさいわボやいバやふいぱベやいふあさい㎞ベやいぱブやいフブやいやビやい諫やいヤブやいォブやいしベやいＮあ
0x555454	19	窄さいォベやいぃあさいみやふい尅さい❤
0x55546A	12	さいォブやいしベやいＮあ
0x55547C	19	窄さいォベやいぃあさいみやふい尅さい❤
0x555492	4	さいＮあ
0x55549C	22	搭さい窄さいォベやいぃあさいみやふい尅さいて
0x5554B8	6	とあさい㎏あ
0x5554C8	9	搭さいふあさいＴあ
0x5554D8	10	」ブやいヤビやいＮあ
0x5554E8	29	ボビやいォブやいしベやいぃあさいみやふい窄さいォベやいＮあ
0x55550C	6	とあさい㎏あ
0x555514	4	尅さい❤
0x55551A	21	さいしベやいォブやい尅さい窄さいォベやい❤
0x555532	12	さいぃあさいみやふいＮあ
0x555544	6	とあさい㎏あ
0x55554C	41	ォブやいしベやいふあさいわボやい㎞みふいぱベやい窄さいォベやいぃあさいみやふいＮあ
0x55557C	10	ォブやいしベやいＮあ
0x55558C	8	搭さいふあさいす
0x555598	28	ぃあさいみやふい窄さいォベやい尅さいォブやい㎞バやいＮあ
0x5555BC	16	搭さいわボやい❤まふいぱベやい（
0x5555CE	19	さいみあさいわビやい㎞みふい尅さいＰあ
0x5555E8	4	搭さいえ
0x5555F0	5	ワブやいき
0x5555FC	6	やベやい７あ
0x55560C	10	ォブやいしベやいＱあ
0x55561C	5	搭さいＰあ
0x555630	11	窄さいォベやい尅さい❤
0x55563E	59	さいわボやいミりふいぱベやいふあさいォビやい→ブやいふビやい❤ブやい❤ビやいっベやいフビやいエビやいわブやいトブやい（
0x55567A	8	さいしベやいＮあ
0x555688	14	搭さい窄さいォベやい尅さい❤
0x55569A	11	さいぃあさいみやふいつ
0x5556A8	6	とあさい㎏あ
0x5556B0	5	尅さいベあ
0x5556C0	4	搭さいあ
0x5556DC	5	しベやいか
0x5556E4	17	ォブやい窄さいォベやいふあさいＮあ
0x5556FC	15	搭さいえビやい２ビやい尅さいそ
0x555714	9	づビやいヂブやいつ
0x555720	5	づブやいて
0x55572A	16	さいトベやいォブやいしベやいＮあ
0x555740	4	搭さい（
0x555776	4	さいＭあ
0x55577E	4	さいＮあ
0x555785	5	あさいＯあ
0x55578C	6	えあさいＰあ
0x555794	6	ねあさいＱあ
0x55579C	6	くあさいしあ
0x5557A4	6	しあさい／あ
0x5557AC	6	たあさいＳあ
0x5557B4	6	とあさいベあ
0x5557BC	6	たあさいＳあ
0x5557C4	34	えブやいわボやいＱめふいぱベやいやあさいえビやいゲビやいふあさい／あ
0x5557FC	10	ゲベやいＹもふいＰあ
0x55580C	9	しベやいやベやいさ
0x555818	4	搭さいす
0x555820	5	ォブやいせ
0x555830	5	びあさいけ
0x555850	81	わボやいぽまふいぱベやいわふふいふあさいＱベやい→ベやい→ビやいヂビやいォブやいしベやいっブやいごベやいっビやい２ブやい㎞ビやいふベやいづベやい者やいごブやいＮあ
0x5558A8	8	尅さい搭さいふあ
0x5558C9	47	ベやいやボやいＩビやいヂベやい紗やい→バやいエベやいワベやいごビやい踪やい２ブやいしベやいＮあ
0x555900	8	尅さい搭さいふあ
0x555910	14	わボやいタゆふいぱベやいＱあ
0x55595C	20	ね５やいＱバやいっ８やい❤ポやいペバやい
0x555974	12	ネ８やいボプやい２バやい
0x555F16	4	きぬ県ヒ
0x556B5E	5	ヒあなにか
0x556E54	4	きぬ県ヒ
0x5576D4	5	急用じゃあ
0x557AF2	6	ヒいだったら
0x557BC9	7	ヒいええ、よく
0x557E11	9	ヒいワタシは、今回
0x557EDA	6	ヒいわざわざ
0x55818D	4	きぬ県ヒ
0x55822D	7	ヒいで、今日は
0x558575	6	ヒいわざわざ
0x558945	7	えどで、今日は
0x558A48	6	えぷ今度また
0x558B48	8	ヒいああ、今回は
0x558F3F	11	どこか行きたいところは
0x55916E	7	えどで、今日は
0x559197	8	ヒあああ、今日は
0x559200	7	ヒいうん、感心
0x559273	4	ヒい中身
0x55938A	6	ヒいわざわざ
0x559A77	8	えづでも、これは
0x559CDD	8	ヒいうーん、休憩
0x559F9A	4	ヒいうむ
0x55A481	7	ヒいで、今日は
0x55A8A0	4	ヒいうむ
0x55AEAB	5	必要無いか
0x55AEBF	7	仕掛けておいて
0x55AFA6	6	ヒいわざわざ
0x55B023	6	ヒいわざわざ
0x55B118	6	お・・・また
0x55B334	11	うッよーし、じゃあ私は
0x55B6CA	6	お楽しそうで
0x55B9E1	6	ヒう（　でか
0x55BA19	8	えぶでも、あの人
0x55BB16	10	えぶまあ、とりあえず
0x55BBBE	4	ヒあふむ
0x55BC2C	8	代表みたいな事を
0x55BC44	7	えぴ私も、よく
0x55BCA2	8	言われたくないと
0x55BD10	4	ヒあ今度
0x55BE68	10	ヒあ園号じゃないなら
0x55C054	4	触れては
0x55C7C7	9	ヒいじゃあ、またな
0x55C872	4	きぬ県ヒ
0x55CAC3	5	くきりゅう
0x55CC19	6	ヒい礼なんか
0x55CD3A	7	ゆさん、ご飯は
0x55D1E4	4	あんまり
0x55D285	5	私、ずっと
0x55D391	6	ヒいなんで、
0x55D39D	4	 けさん
0x55D762	9	ヒあ急ぎの用事って
0x55DD7A	4	うャお腹
0x55DDFC	4	きぬ県ヒ
0x55DE6D	9	ヒあじゃあ、今日は
0x55DEC3	8	うろつかれるより
0x55DF07	4	どこかに
0x55E0E6	9	ヒいよーし、まずは
0x55E41C	5	ヒい大丈夫
0x55E878	4	きぬ県ヒ
0x55E923	4	昨日まで
0x55ECD8	7	しかし、今日は
0x55F000	4	くぜを蛾
0x55F01B	8	洪ぃプ㎏トみプ㎏
0x55F032	6	プ㎏たみペ￥
0x55F03A	7	ズ㎏いぃペ）み
0x55F04E	6	プ㎏あぃペ￥
0x55F059	7	Ｕペ￥くＵィ㎏
0x55F061	11	たズ㎏いみぢ％ねＵィ㎏
0x55F06D	7	たズ㎏っぃィ㎏
0x55F075	7	たズ㎏がみィ㎏
0x55F07E	7	ズ㎏っぃァ㎏桜
0x55F087	5	弦ァＲ　ぃ
0x55F090	8	ぜラやいたぜを官
0x55F09A	6	プ㎏ョたプ㎏
0x55F0A9	4	ぜィ㎏っ
0x55F0F2	6	ぽ￥あぜペう
0x55F0F9	9	ぜ（て￥覧狐たプ㎏
0x55F11D	4	たァ㎏え
0x55F122	20	ペ）たァＲ　ラやいトチこいねぜを臥。ぴ％
0x55F13D	11	ぜペ）あぃペ）いみペ￥
0x55F15F	5	険Ｕペ￥え
0x55F166	14	ペ）あたペ￥うみペ￥えぃペ￥
0x55F17B	5	顕たペ￥え
0x55F1EF	8	元。ゴ％ねァＲ下
0x55F1FD	10	ぺを拐。ぴ％◎せプ㎏
0x55F20D	7	たゾ㎏あたィ％
0x55F219	8	ぃズ㎏くたダ㎏す
0x55F222	7	ア￥あ覆ズ５う
0x55F275	7	ぃペ）いみペ￥
0x55F296	6	ペ￥あたペ￥
0x55F327	4	険たペ￥
0x55F32D	4	たゴ㎏あ
0x55F359	11	たペ）うみペ￥えぃペ￥
0x55F37E	14	ペ￥いたペ￥えみペ￥くぃペ￥
0x55F3C2	6	ペ￥うたペ￥
0x55F3CF	5	元へプ㎏あ
0x55F3E3	10	荒　細ふプ㎏あみペ￥
0x55F3F2	10	ゼ㎏いぃペ）くみァ㎏
0x55F3FE	6	ゼ㎏しぜァ㎏
0x55F406	19	ゼ㎏えあァ（うこァ％あぜォ％ネぃァ㎏さ
0x55F41F	5	ＯＡシプ㎏
0x55F429	12	みヅ㎏いたペ￥うれゥ％タ
0x55F439	19	ぜヅ㎏ペわプ㎏シタヂ㎏うべォ％トタォ㎏
0x55F44D	15	ぜヅ㎏うべォ％みタヂ㎏フタォ㎏
0x55F45D	15	ぜヅ㎏うべォ％やぽヂ㎏ミぽォ㎏
0x55F46D	4	たゴ㎏け
0x55F472	7	ゴ祇精験たペ￥
0x55F47D	4	たゴ㎏え
0x55F486	10	ゴ㎏あぜペ￥エわプ㎏
0x55F49D	6	精験たペ￥え
0x55F4AD	11	たペ￥えたゴ㎏ぃわプ㎏
0x55F4B9	4	ぃペ）く
0x55F4BE	8	ゴ㎏％精狐たペ￥
0x55F4C9	11	たゴ㎏とたペ￥えたゴ㎏
0x55F4D5	4	たペ￥え
0x55F4DA	10	ペ）くたゴ㎏子プ㎏し
0x55F4ED	53	みペ）うぐェ％トぃダ㎏うがペ）もがペ）・精険ペペ￥えＥペ）Ｕぼプ㎏こミペ）うゲペ￥みズペ￥こタペ）いぽペ￥
0x55F526	7	ヂ㎏うこァ％タ
0x55F537	6	はＥろプ㎏さ
0x55F53E	16	ペ）かたペ）くぃペ）Ｕくゴ　精幻
0x55F55E	6	ペ￥ゲろプ㎏
0x55F565	8	たペ￥くぃペ）く
0x55F57A	6	ペ￥ヤろプ㎏
0x55F581	8	たペ￥けぃペ）く
0x55F58A	21	ゴ㎏Ｄ精顕ペギ％いミュ％えァョ％みズガ％え
0x55F5A7	21	Ｏぱヒプ㎏みぼプ㎏うペペ￥かァペ￥ァズペ￥
0x55F5BD	11	ミペ￥いＥペ￥あぽペ￥
0x55F5C9	4	たヂ㎏エ
0x55F5CE	11	ィ％うれァ％うこィ％エ
0x55F5E5	12	たヂ㎏うこィ％エみズ㎏り
0x55F5F2	26	ペ￥ゾタみ（こあァ（こちィ（えみた㎏うこィ％ネみァ㎏
0x55F60E	15	ヂ㎏こあァ（うこァ％ネみズ㎏あ
0x55F623	6	』ぢそペ￥ゾ
0x55F62D	20	Ｅゴ㎏えァゴ㎏Ｙこプ㎏くぽゴ㎏あみズ・お
0x55F645	10	たペ￥けぃペ）ヴ精幻
0x55F656	6	ペ￥ああゴ気
0x55F65E	6	ペ￥ボれプ㎏
0x55F665	8	たペ￥けぃペ）く
0x55F66E	17	ゴ㎏ヨ精験ァョ％みズガ％あペギ％さ
0x55F692	18	ペ￥たぜェ％くみェ％うたぜ％しぃェ％
0x55F6B1	11	ジＲ安たペ￥あみペ）み
0x55F6C3	4	弦はプ㎏
0x55F6C9	4	みゼ㎏み
0x55F6D7	17	こうこゥ％タみズ㎏あみだ％タみァ㎏
0x55F6E9	12	みゼ㎏うこゥ％タたズ㎏タ
0x55F6FA	7	ア￥うはァ％う
0x55F713	17	こうこゥ％タみズ㎏あみゥ％タみァ㎏
0x55F725	12	みゼ㎏うこゥ％タたズ㎏タ
0x55F736	6	ア￥うはァ％
0x55F742	6	ィＺョのプ㎏
0x55F749	11	みゼ㎏うこゥ％タぃズ㎏
0x55F75B	6	はみみゾ㎏み
0x55F767	13	こトみズ㎏あみだ％トみァ㎏
0x55F775	12	みゼ㎏うこゥ％トたズ㎏ト
0x55F786	6	ア￥うはァ％
0x55F79F	13	こトみズ㎏あみゥ％トみァ㎏
0x55F7AD	12	みゼ㎏うこゥ％トたズ㎏ト
0x55F7BE	7	ア￥うはァ％テ
0x55F7D2	14	ゼ㎏うこァ％トみズ㎏シみァ㎏
0x55F7E1	12	みゼ㎏うこゥ％シたズ㎏シ
0x55F7F2	7	ア￥うはァ％ひ
0x55F7FE	7	ィＺいたペ￥あ
0x55F80D	10	たペ￥えたゴ㎏賛プ㎏
0x55F819	4	ぃペ）く
0x55F81E	8	ゴ㎏こ精狐たペ￥
0x55F829	11	たゴ㎏とたペ￥えたゴ㎏
0x55F835	4	たペ￥あ
0x55F83A	11	ペ￥くたゴ㎏ゲりプ㎏し
0x55F84D	22	みペ）うぐェ％トぃダ㎏うがペ）もがペ）せ精獄
0x55F87E	11	ゥ％うれァ％うあゾ・あ
0x55F88A	6	ぜ％うあゥ・
0x55F891	24	たゼ㎏うこィ％ネたィ％タみズ㎏うはィ％いあゼ・あ
0x55F8AE	7	ペＨいあィＬそ
0x55F8C2	11	ゥ％うれァ％うあゾ・あ
0x55F8CE	6	ァ％うあゥ・
0x55F8D5	24	たゼ㎏うこィ％ネたィ％タみズ㎏うはィ％いあゼ・ヴ
0x55F8F2	10	ペＸいあィ♀」きプ㎏
0x55F8FD	24	たズ㎏うこィ％タみズ㎏いあィ（うこァ％ネたズ㎏あ
0x55F91B	6	』ぢそペ￥ゼ
0x55F926	6	ペ￥ゥつペ）
0x55F93A	7	ペ￥Ｑらプ㎏く
0x55F942	10	ゴ㎏うみゾ・みぃィ％
0x55F94D	6	たペ￥Ｓ峻杭
0x55F95A	6	ペ￥ゥつペ）
0x55F966	7	ペ）ボらプ㎏え
0x55F972	6	ペ￥みぃィ％
0x55F979	4	たペ￥く
0x55F987	5	給みゾ㎏み
0x55F993	13	こエみズ㎏あみだ％エみァ㎏
0x55F9A1	12	みゼ㎏うこゥ％エたズ㎏エ
0x55F9B2	6	ア￥うはァ％
0x55F9CB	13	こエみズ㎏あみゥ％エみァ㎏
0x55F9D9	20	みゼ㎏うこゥ％クたズ㎏あいち￥エたズ㎏エ
0x55F9F6	7	ア￥うはァ％ぞ
0x55FA0A	7	ア￥うはァ％リ
0x55FA16	22	ィＺ❤ニプ㎏Ｅどプ㎏うペペ￥かァペ￥ァズペ￥
0x55FA2D	11	ミペ￥いＥペ￥あぽペ￥
0x55FA39	4	たヂ㎏エ
0x55FA3E	11	ィ％うれァ％うこィ％エ
0x55FA55	12	たヂ㎏うこィ％エみズ㎏り
0x55FA62	26	ペ￥ゾタみ（こあァ（こちィ（えみた㎏うこィ％ネみァ㎏
0x55FA7E	15	ヂ㎏こあァ（うこァ％ネみズ㎏あ
0x55FA93	6	』ぢそペ￥ゾ
0x55FA9D	20	Ｅゴ㎏えァゴ㎏エかプ㎏くぽゴ㎏あみズ・お
0x55FAB5	10	たペ￥けぃペ）テ峻幻
0x55FAC6	6	ペ￥ああゴ気
0x55FACE	6	ペ￥がよプ㎏
0x55FAD5	8	たペ￥けぃペ）く
0x55FADE	17	ゴ㎏コ峻験ァョ％みズガ％あペギ％さ
0x55FAF9	31	ペペ￥たカプ㎏→でプ㎏こァペ）うボペ￥こＥペ）こミペ）あタペ￥
0x55FB1A	7	ヂ㎏うこァ％タ
0x55FB2B	5	はァあゴ殺
0x55FB32	21	ペ）きたペ）おみペ）けぃペ）くタゴ㎏ぞ峻弦
0x55FB4B	5	桔Ｅゴ㎏あ
0x55FB52	10	ペ￥Ｑゆプ㎏えァゴ㎏
0x55FB5D	22	Ｕペ）さたペ）けぃペ）くＵゴ㎏ょ峻顕ペギ％え
0x55FB83	5	Ｏびおプ㎏
0x55FB89	8	みズ㎏みたゾ㎏あ
0x55FB99	11	ジＲくうたペ￥くたゥ㎏
0x55FBB5	10	ジＲ気たペ￥ぽたェ㎏
0x55FBC1	12	たズ㎏おぃペ￥うこィ％フ
0x55FBD1	4	みペ￥あ
0x55FBE2	5	ィＺ部プ㎏
0x55FBE9	8	たズ㎏うこィ％ミ
0x55FC02	6	ィＺ◎とプ㎏
0x55FC0A	10	ゼ㎏うこァ％とぃァ㎏
0x55FC15	4	ぜゼ㎏こ
0x55FC1D	4	みゴ㎏え
0x55FC4F	8	険み（￥Ｙとプ㎏
0x55FC5E	6	ペ￥Ｍま、）
0x55FC65	17	みペ）ぼずペ￥ヴ　康えプ㎏たみペ￥
0x55FC79	7	たズ㎏クみィ㎏
0x55FC82	11	ズ㎏うぐァ％フたダ㎏あ
0x55FC93	6	』ぽみズ㎏あ
0x55FCAE	6	ペ￥ふとプ㎏
0x55FCB9	27	たゼ㎏ぢぁペ￥うはィ％フぃゼ㎏エとプ㎏ダいい（Ｇたゼ）
0x55FCD5	17	みペ￥ぼずペ￥テ　罪うプ㎏ねたペ￥
0x55FCEA	10	ズ㎏クたァ㎏❤うプ㎏
0x55FCF6	11	ズ㎏うぐァ％ミたダ㎏あ
0x55FD07	6	』ぽみズ㎏い
0x55FD1F	8	顕たペ￥６うプ㎏
0x55FD2E	27	ズ㎏ぢまペ￥うこァ％ミみズ㎏（うプ㎏ゾああ（Ｆたズ）い
0x55FD4D	17	みペ￥ぼずペ￥で　糠うプ㎏みたペ￥
0x55FD62	6	ズ㎏クたァ㎏
0x55FD77	4	孝うプ㎏
0x55FD7E	7	ズ㎏うこァ％フ
0x55FD9F	4	鼓うプ㎏
0x55FDA6	7	ズ㎏うこァ％ミ
0x55FDC7	4	元うプ㎏
0x55FDD1	7	たズ㎏エぃィ㎏
0x55FDD9	4	みズ㎏エ
0x55FDE7	10	はうこゥ％エたズ㎏エ
0x55FDF6	6	ア￥うこァ％
0x55FDFD	11	ぃァ３→いプ㎏りたペ￥
0x55FE09	11	ぃズ㎏～プ㎏うこェ％エ
0x55FE16	7	ズ㎏ズああ（あ
0x55FE22	6	ェ㎏６つプ㎏
0x55FE29	12	ぃゼ㎏うこェ％エみダ㎏ト
0x55FE41	4	たゼ㎏エ
0x55FE52	6	ィＺリいプ㎏
0x55FE59	8	みズ㎏ぽたゾ㎏あ
0x55FE77	12	響たゾ㎏こたぞ％エたゥ㎏
0x55FE85	4	たズ㎏エ
0x55FE9B	12	響たゾ㎏おたぞ％エたゥ㎏
0x55FEA9	4	たズ㎏エ
0x55FEBA	26	ィＪトいプ㎏しぇプ㎏たたズ㎏シめプ㎏ポそペ）ゾちＹ（
0x55FED5	12	ぽダ㎏Ｙぞァ（エたヅ㎏え
0x55FEE9	4	たダ㎏エ
0x55FEFA	6	ィＺ。あプ㎏
0x55FF01	8	たズ㎏うこィ％ク
0x55FF0A	7	ズ㎏ああた￥う
0x55FF22	14	ィＪ」チプ㎏２ぞプ㎏うァペ￥
0x55FF31	11	ミ（￥あぽペ￥ぢプペ￥
0x55FF3D	16	みヂ㎏くあゥ（うこァ％ネたズ㎏あ
0x55FF53	6	』エみゾ㎏く
0x55FF5F	4	険ミゴ㎏
0x55FF65	4	たヂ㎏く
0x55FF8B	5	顕ァョ％さ
0x55FF99	11	ぽペ￥ぃちプ㎏おぜペ）
0x55FFA5	4	ぃゼ㎏え
0x55FFAA	15	ェ（あこァ％６よズ㎏あきイ￥え
0x55FFBB	6	こバよズ㎏ク
0x55FFCA	11	イ）クみェＺあぽッ％く
0x55FFE5	12	みズ㎏うこゥ％エたズ㎏エ
0x55FFF6	6	ア￥うはァ％
0x560006	6	プ㎏りたペ￥
0x56000D	12	ぃズ㎏ねむプ㎏うこェ％エ
0x56001A	7	ズ㎏ズああ（あ
0x56002E	7	ェおャ　枯　合
0x56003A	6	プ㎏さぃペ￥
0x560045	7	たペ￥くぃゥ㎏
0x560066	6	プ㎏しみペ￥
0x560071	7	ぃペ￥くみィ㎏
0x560079	11	みズ㎏あたペ￥しぃゥ㎏
0x560096	18	ペ￥たぜェ％くみェ％せたぜ％しぃェ％
0x5600B5	6	ジＲ　みダ㎏
0x5600BD	7	たペ￥っみェ㎏
0x5600D1	11	ジＲ　ラやいミドくいた
0x560125	4	ゴふいＹ
0x56012A	17	さいヌニニニとロふいくぜを誼いプ㎏
0x560141	7	たゾ㎏あたィ％
0x56014D	8	ぃズ㎏くたダ㎏す
0x560156	6	ア￥あ覆ズＣ
0x560197	10	掘じ合いプ㎏あぃペ￥
0x5601A9	7	たペ￥くぃゥ㎏
0x5601B2	16	ズ㎏したァ㎏ビ辰根軒后覧洪いプ㎏
0x5601CA	7	ズ㎏うこァ％ク
0x5601D2	7	ズ㎏あこた￥い
0x5601E7	5	詰こた￥い
0x5601FB	5	橘けた￥ッ
0x560212	18	ペ￥たＵェ％おたぜ％くみェ％しぃェ％
0x56024F	8	砕あプ㎏おぃペ￥
0x56025D	7	たペ￥くぃゥ㎏
0x560266	9	ズ㎏したァ㎏ヅ辰梗
0x560277	8	梱あプ㎏かぃペ￥
0x560285	7	たペ￥くぃゥ㎏
0x56028E	7	ズ㎏したァ㎏タ
0x5602A3	9	こゲあプ㎏くぃペ￥
0x5602B1	7	たペ￥くぃゥ㎏
0x5602BA	7	ズ㎏したァ㎏オ
0x5602C7	8	校ちプ㎏けぃペ￥
0x5602D5	4	みペ￥ぱ
0x5602DE	6	ゼ㎏くぃァ㎏
0x5602E6	7	ゼ㎏しみァ㎏べ
0x5602EF	10	寓軒誤あプ㎏こぃペ￥
0x560301	7	たペ￥くぃゥ㎏
0x56030A	7	ズ㎏したァ㎏ぞ
0x560327	7	こシ軒元あプ㎏
0x56036E	6	プ㎏おぃペ￥
0x560379	7	たペ￥くぃゥ㎏
0x560382	7	ズ㎏したァ㎏も
0x560392	6	プ㎏さぃペ￥
0x56039D	7	みペ￥くぃィ㎏
0x5603A5	7	たズ㎏しみィ㎏
0x5603B1	4	みァ㎏ね
0x5603B7	5	桔たダ㎏ほ
0x5603C3	9	ブしたペ￥くたェ㎏
0x5603D1	7	みペ￥しみィ㎏
0x5603DA	11	ズ㎏うたペ￥がたァ㎏し
0x5603EA	18	ペ￥たＵェ％せたぜ％くみェ％しぃェ％
0x560407	4	競みダ㎏
0x56040D	7	たペ￥っみェ㎏
0x56044B	8	巷えプ㎏あみペ￥
0x560459	7	ぃペ￥ぽみィ㎏
0x560461	8	たズ㎏うこィ％み
0x56047A	6	ィＺりえプ㎏
0x560481	8	たズ㎏うこィ％や
0x56049A	6	ィＺくえプ㎏
0x5604A1	8	たズ㎏うこィ％ク
0x5604B6	5	ィな錯プ㎏
0x5604BD	7	たズ㎏エぃィ㎏
0x5604C5	4	みズ㎏エ
0x5604D3	10	はうこゥ％エたズ㎏エ
0x5604E2	6	ア￥うこァ％
0x5604E9	11	ぃァ３Ｍうプ㎏りたペ￥
0x5604F5	12	ぃズ㎏Ｅもプ㎏うこェ％エ
0x560502	11	ズ㎏ほぜペ￥ズああ（あ
0x560512	6	ェ㎏ズうプ㎏
0x560519	4	たズ㎏エ
0x56052A	6	ィＺリうプ㎏
0x560531	8	みズ㎏ぽたゾ㎏あ
0x56054F	12	響たゾ㎏こたぞ％エたゥ㎏
0x56055D	4	たズ㎏エ
0x560573	12	響たゾ㎏おたぞ％エたゥ㎏
0x560581	4	たズ㎏エ
0x560592	26	ィＪねうプ㎏しぉプ㎏たたズ㎏たもプ㎏ポそペ）ゾちＺ（
0x5605AD	12	タダ㎏Ｚアァ（エたデ㎏お
0x5605C1	4	たダ㎏エ
0x5605CA	14	ぽ）エぜィＺ」つプ㎏（いプ㎏
0x5605D9	11	みゼ㎏うぐゥ％ぜたダ㎏
0x56061F	8	険み（￥ァつプ㎏
0x56062D	15	みゼ㎏ョつプ㎏うれゥ％Ｍま、）
0x56063E	6	ペ￥しぃゾ㎏
0x56064B	8	巷いプ㎏たみペ￥
0x560655	7	たズ㎏クみィ㎏
0x56065D	8	ぃズ㎏うれェ％ク
0x56066F	6	はみたゾ㎏あ
0x56067B	6	』ぽぃダ㎏あ
0x560685	7	ぃゴ㎏とぃゾ㎏
0x560693	5	諺つプ㎏あ
0x5606A1	11	みペ￥うぐィ％りたダ㎏
0x5606BB	8	際あプ㎏ねたペ￥
0x5606C6	10	ズ㎏クたァ㎏！あプ㎏
0x5606D2	11	ズ㎏うれァ％やたゾ㎏あ
0x5606E3	6	』ぽぃズ㎏い
0x5606ED	7	ぃゴ㎏とぃゾ㎏
0x5606FB	5	惚ちプ㎏い
0x560709	11	みペ￥うぐィ％わたダ㎏
0x560723	8	荒あプ㎏みたペ￥
0x56072E	6	ズ㎏クたァ㎏
0x560743	4	抗あプ㎏
0x56074A	11	ズ㎏うこァ％クたズ㎏た
0x560777	4	鼓あプ㎏
0x56077E	7	ズ㎏うこァ％や
0x56079F	4	弦ゼプ㎏
0x5607A5	7	アプ㎏うァペ￥
0x5607B1	11	タ（￥あＥペ￥りぜペ￥
0x5607BD	12	みヅ㎏うこゥ％エたズ㎏エ
0x5607CA	7	ゥ％うこァ％ル
0x5607D9	24	みヅ㎏うこゥ％エたズ㎏ゼヂみ（くあァ（えペた㎏あ
0x5607F7	6	』エみゾ㎏く
0x56080A	10	ペ）こたペ）さみペ）
0x56081F	5	顕ァョ％さ
0x56082D	11	ぽペ￥ヤたプ㎏おぜペ）
0x560839	4	ぃゼ㎏え
0x56083E	15	ェ（あこァ％６よズ㎏あきイ￥え
0x56084F	6	こバよズ㎏ク
0x56085E	11	イ）クみェＺあぽッ％く
0x560876	6	プ㎏りたペ￥
0x56087D	16	ぃズ㎏うこェ％エみズ㎏ゾゼみ（え
0x5608A9	11	ジＲ　ラやいたロふいＹ
0x5608B6	25	さいヌニニニバとへいたザふいミぜを毅づプ㎏たぽパ㎏
0x5608D1	20	タヂ㎏とぜパ㎏う★ャ％クタボ㎏ね（パ㎏み
0x5608E9	4	Ｕペ￥す
0x5608EF	10	こあこた￥ミァＲくし
0x5608FE	6	ッ㎏あこち￥
0x56090E	7	ッなあこつ￥あ
0x560922	6	ザ㎏ミァＲ　
0x56092F	9	こしたペ￥ミえプ㎏
0x560939	7	たッ㎏Ｓき。）
0x560942	6	ザ㎏ミァＲ部
0x56094F	5	こいタペ￥
0x560955	4	タッ㎏え
0x56095D	11	タヅなあＵゲ％とタャつ
0x560969	4	タッなえ
0x56096E	6	つ￥あタペて
0x56097D	4	タザ㎏く
0x560987	10	こうタペ￥しチッ・く
0x560992	15	ち￥しチヅぬとタャつしチッぬく
0x5609A2	23	つ￥あタペてしチォぬえタダ㎏しチザ・あＵゲ％た
0x5609BF	10	こえタペ￥しチッ・た
0x5609CA	15	ち￥しチヅぬとタャつしチッぬた
0x5609DA	23	つ￥あタペてしチォぬくタダ㎏しチザ・あＵゲ％み
0x5609F7	10	こおタペ￥しチッ・み
0x560A02	15	ち￥しチヅぬとタャつしチッぬみ
0x560A12	23	つ￥あタペてしチォぬしタダ㎏しチザ・あＵゲ％ぜ
0x560A2F	10	こかタペ￥しチッ・ぜ
0x560A3A	15	ち￥しチヅぬとタャつしチッぬぜ
0x560A4A	23	つ￥あタペてしチォぬたタダ㎏しチザ・あＵゲ％ァ
0x560A67	10	こきタペ￥しチッ・ァ
0x560A72	15	ち￥しチヅぬとタャつしチッぬァ
0x560A82	27	つ￥あタペてしチォぬとタダ㎏しチザ・あＵゲ％あした￥さ
0x560A9F	54	こくタペ￥しチッ・あしち￥しチヅぬとタャつしチッぬあしつ￥あタペてしチォぬねタダ㎏しチザ・あＵゲ％いした￥さ
0x560AD7	54	こけタペ￥しチッ・いしち￥しチヅぬとタャつしチッぬいしつ￥あタペてしチォぬふタダ㎏しチザ・あＵゲ％あさた￥さ
0x560B0F	54	ここタペ￥しチッ・あさち￥しチヅぬとタャつしチッぬあさつ￥あタペてしチォぬみタダ㎏しチザ・あＵゲ％いさた￥さ
0x560B47	54	こさタペ￥しチッ・いさち￥しチヅぬとタャつしチッぬいさつ￥あタペてしチォぬやタダ㎏しチザ・あＵゲ％あこた￥さ
0x560B7F	54	こしタペ￥しチッ・あこち￥しチヅぬとタャつしチッぬあこつ￥あタペてしチォぬりタダ㎏しチザ・あＵゲ％いこた￥さ
0x560BB7	54	こすタペ￥しチッ・いこち￥しチヅぬとタャつしチッぬいこつ￥あタペてしチォぬわタダ㎏しチザ・あＵゲ％あけた￥さ
0x560BEF	54	こせタペ￥しチッ・あけち￥しチヅぬとタャつしチッぬあけつ￥あタペてしチォぬぃタダ㎏しチザ・あＵゲ％いけた￥さ
0x560C27	54	こそタペ￥しチッ・いけち￥しチヅぬとタャつしチッぬいけつ￥あタペてしチォぬっタダ㎏しチザ・あＵゲ％あくた￥さ
0x560C5F	54	こたタペ￥しチッ・あくち￥しチヅぬとタャつしチッぬあくつ￥あタペてしチォぬがタダ㎏しチザ・あＵゲ％いくた￥さ
0x560C97	54	こちタペ￥しチッ・いくち￥しチヅぬとタャつしチッぬいくつ￥あタペてしチォぬごタダ㎏しチザ・あＵゲ％あきた￥さ
0x560CCF	54	こつタペ￥しチッ・あきち￥しチヅぬとタャつしチッぬあきつ￥あタペてしチォぬぜタダ㎏しチザ・あＵゲ％いきた￥さ
0x560D07	54	こてタペ￥しチッ・いきち￥しチヅぬとタャつしチッぬいきつ￥あタペてしチォぬづタダ㎏しチザ・あＵゲ％あかた￥さ
0x560D3F	58	ことタペ￥しチッ・あかち￥しチヅぬとタャつしチッぬあかつ￥あタペてしチォぬびタダ㎏しチザ・あＵゲ％いかた￥ミァＲくな
0x560D7A	15	ペ￥しあッ・いかち￥しあヅぬと
0x560D8A	11	ァつしあッぬいかつ￥あ
0x560D96	7	ペてしあォぬぱ
0x560D9E	17	ダ㎏しあザ・ミァＲ　ラやいたブふい
0x560DB1	14	ぜを会。ぴ％やつプ㎏やめプ㎏
0x560DC2	14	ゼ㎏ミぃゾ㎏うこァ％クぃァ㎏
0x560DD2	18	ゼ㎏ヤぃゾ㎏うこァ％エぃァ㎏リぃゾ㎏
0x560DE6	15	ゼ㎏あぃぢ％うこァ％シぃァ㎏ワ
0x560DF6	6	ゾ㎏　プ㎏え
0x560E02	6	ゼ㎏あたペう
0x560E09	15	たペてうこァ％ぽたァ㎏◎あプ㎏
0x560E1D	12	みズ㎏うこゥ％シたズ㎏シ
0x560E2E	6	ア￥うはァ％
0x560E3A	6	ィＪペあプ㎏
0x560E41	12	みズ㎏うこゥ％シたズ㎏シ
0x560E52	7	ア￥うはァ％ひ
0x560E5E	6	ィＺワちプ㎏
0x560E66	7	ゼ㎏Ｍみ❤㎏う
0x560E79	4	ぁＵ㎏せ
0x560E87	9	Ｏエあプ㎏エぅプ㎏
0x560E91	15	たズ㎏ぃみダ㎏うはィ％しみィ㎏
0x560EA1	15	たズ㎏っみダ㎏うはィ％たみィ㎏
0x560EB1	15	たズ㎏ぜみダ㎏うはィ％とみィ㎏
0x560EC1	15	たズ㎏ごみダ㎏うはィ％ふみィ㎏
0x560ED1	15	たズ㎏ぽみダ㎏うはィ％ねみィ㎏
0x560EE5	11	たペ￥うれゥ％みたゥ㎏
0x560EF1	11	みズ㎏うれゥ％やたゥ㎏
0x560EFD	11	みズ㎏うれゥ％りたゥ㎏
0x560F09	11	みズ㎏うれゥ％わたゥ㎏
0x560F15	11	みズ㎏うれゥ％ぃたゥ㎏
0x560F21	11	みズ㎏うれゥ％ったゥ㎏
0x560F2D	4	たズ㎏み
0x560F32	7	ィ％うれァ％り
0x560F3A	6	ィ％ぃたィ％
0x560F41	8	みゴ㎏うこァ％え
0x560F4A	7	ゴ㎏うこィ％く
0x560F67	8	糠たプ㎏ヤみプ㎏
0x560F72	14	ゼ㎏クぃゾ㎏うこァ％がぃァ㎏
0x560F82	14	ゼ㎏シぃゾ㎏うこァ％ごぃァ㎏
0x560F92	14	ゼ㎏タぃゾ㎏うこァ％ぜぃァ㎏
0x560FA2	14	ゼ㎏トぃゾ㎏うこァ％づぃァ㎏
0x560FB2	14	ゼ㎏ネぃゾ㎏うこァ％ぱぃァ㎏
0x560FC2	18	ゼ㎏フぃゾ㎏うこァ％びぃァ㎏がみゾ㎏
0x560FD6	10	ゼ㎏シみァ㎏し。ゴ％
0x560FE1	7	ァＲ　ラやいＹ
0x560FEA	9	さいがぜを拐いプ㎏
0x560FF5	4	ぃズ㎏ぱ
0x561019	8	みペ￥タみァ㎏か
0x561023	13	圏あプ㎏あみペ￥タみァ㎏い
0x561033	20	欠あプ㎏いみペ￥タみァ㎏◎あプ㎏◎）プ㎏
0x561049	4	ぜズ㎏ゲ
0x56104E	35	ォ％おさァ％とぽズ㎏クみォ％ぃぽザ㎏う★ォ％クぜボ㎏うれゥ％あしと￥い
0x561076	18	オ￥あぜペ「ぃぜザ＋ョＶプ㎏ョ）プ㎏
0x561089	32	ぽボ㎏う★ッ％たぜボ㎏う★ェ％っぜザ㎏シぜヅ㎏うぐェ％がぜザ㎏ほ
0x5610AA	27	エ￥ほぜペＸがぜザＺふ（ボ㎏エＶプ㎏エぞプ㎏ご（ゲ㎏え
0x5610C6	23	セ）ごぜゲＺねＵダ㎏ごぅプ㎏ぜぞプ㎏ぽＵェ㎏え
0x5610DE	27	シ）ぽぜェＺわぜズ㎏やぅプ㎏トぜェ㎏やぜズ㎏フぜェ㎏り
0x561106	10	た￥がァＲねぱみダ㎏
0x561112	9	ペ￥むプ㎏あぜァ％
0x56111D	24	ぃピ㎏ＡＵペ￥ゲぃェ％おげェ％ヂごも（えぜダ㎏あ
0x56113B	13	』とＵダ㎏えぞゥ（くＵえ㎏
0x561149	16	ぜピ㎏う★ォ％クぜボ㎏あしと￥お
0x56115B	13	こえぜダ㎏えＶゥ（くぜふ㎏
0x56116A	14	エ￥あぜペ「くぜし＋ヂＵプ㎏
0x561179	16	ぜボ㎏う★ォ％クぜボ㎏いしと￥お
0x56118B	13	こえぜダ㎏えＶゥ（くぜふ㎏
0x56119A	19	エ￥あぜペ「くぜし＋ねぜダ㎏あきエ￥て
0x5611AF	5	こくＵダ㎏
0x5611B5	12	ぽペ￥ッぞゲ（みぜヂ㎏こ
0x5611C2	5	エ￥おちェ
0x5611C8	9	あぽッ％ふたゼおこ
0x5611DF	34	はわＵプ㎏あぜペ￥え（ダ㎏いぃづ％とじも（エぜボ㎏うぃえ（エぃゲ㎏あ
0x56120B	9	ＯがァＲ　ラやいＹ
0x561216	4	さい・う
0x561220	8	ぃぜを会。ぴ％ゲ
0x56122D	15	みペ￥っぜズ㎏がぽズ㎏あこと￥
0x56123D	12	みゴおあみゥいあけと￥う
0x56124E	19	ゴ％あたペ￥いちァ・あみゥ％あくと￥う
0x561266	14	ゴ％いたペ￥いちァ・あみゥ％
0x561276	7	イ￥うたペうえ
0x56128B	4	険たゴ％
0x561291	4	ちゼ・み
0x56129A	18	ア￥っぜァ㎏がぽァ㎏ぜたァ㎏きたぞＷ
0x5612AD	15	たペ「づたァ㎏し。ゴ％ぃァＲ　
0x5612BE	10	さいミぜを鞠たプ㎏く
0x56130D	4	た（Ｈも
0x561313	6	Ｏ２そォ（Ｕ
0x56131D	4	たタ％ま
0x561329	4	た（Ｈふ
0x56132F	13	Ｏヂたプ㎏ゼえＷ（２ぁゥ（
0x56133D	4	たツ％ぬ
0x561349	4	た（Ｈと
0x561352	10	ペ）みそォ（ぜあペ）
0x56135D	4	たタ％そ
0x561369	4	た（Ｈし
0x56136F	17	Ｏクみプ㎏２そペ）ゾとＸ（Ｘぃァ（
0x561381	4	たテ％か
0x56138D	4	た（Ｈう
0x561396	10	ペ）みそォ（ぜあペ）
0x5613A1	4	たタ％ふ
0x5613AA	18	カ￥ったァ㎏がぽァ㎏きたどＷぜタァ㎏
0x5613BD	11	たペ「づたァ㎏ミァＲ　
0x5613CA	18	さいカオオオヌニニニがぜを会ちプ㎏ト
0x5613F3	4	れ搭プ㎏
0x5613F9	16	たペ￥っぜァ㎏がぽァ㎏ぜたァ㎏か
0x56140A	14	ア￥きたぞＷづたァ㎏がァＲ　
0x56142A	19	プ㎏あたペ￥っぜァ㎏がぽァ㎏ぜたァ㎏か
0x56143E	6	ア￥きたぞＷ
0x561445	11	たペ「づたァ㎏がァＲ　
0x561462	19	プ㎏いたペ￥っぜァ㎏がぽァ㎏ぜたァ㎏か
0x561476	6	ア￥きたぞＷ
0x56147D	11	たペ「づたァ㎏がァＲ　
0x56149A	19	プ㎏うたペ￥っぜァ㎏がぽァ㎏ぜたァ㎏か
0x5614AE	6	ア￥きたぞＷ
0x5614B5	11	たペ「づたァ㎏がァＲ園
0x5614C2	19	プ㎏えたペ￥っぜァ㎏がぽァ㎏ぜたァ㎏か
0x5614D6	10	ア￥きたぞＷづたァＺ
0x5614E1	11	たペ「づたァ＋がァＲ　
0x5614EE	10	さいがぜを蛙たプ㎏き
0x561507	5	胡たプ㎏か
0x56150E	7	ぽ￥っぜィ㎏か
0x561516	7	ペ１がぽィ㎏か
0x56152E	6	ィ㎏がァＲ　
0x561536	10	さいがぜを乾ちプ㎏ト
0x561557	5	れタあプ㎏
0x56155D	16	たペ￥っぜァ㎏がぽァ㎏ぜたァ㎏か
0x56156E	14	ア￥きたぞＷづたァ㎏がァＲ　
0x56158B	22	れわあプ㎏あたペ￥っぜァ㎏がぽァ㎏ぜたァ㎏か
0x5615A2	6	ア￥きたぞＷ
0x5615A9	11	たペ「づたァ㎏がァＲ　
0x5615C3	21	れ尅プ㎏いたペ￥っぜァ㎏がぽァ㎏ぜたァ㎏か
0x5615DA	6	ア￥きたぞＷ
0x5615E1	11	たペ「づたァ㎏がァＲ　
0x5615FE	19	プ㎏うたペ￥っぜァ㎏がぽァ㎏ぜたァ㎏か
0x561612	6	ア￥きたぞＷ
0x561619	11	たペ「づたァ㎏がァＲ　
0x561636	19	プ㎏えたペ￥っぜァ㎏がぽァ㎏ぜたァ㎏か
0x56164A	6	ア￥きたぞＷ
0x561651	11	たペ「づたァ㎏がァＲ　
0x56166E	19	プ㎏おたペ￥っぜァ㎏がぽァ㎏ぜたァ㎏か
0x561682	6	ア￥きたぞＷ
0x561689	11	たペ「づたァ㎏がァＲ園
0x561696	19	プ㎏かたペ￥っぜァ㎏がぽァ㎏ぜたァ㎏か
0x5616AA	10	ア￥きたぞＷづたァＺ
0x5616B5	11	たペ「づたァ＋がァＲ　
0x5616C2	10	さいがぜを棋たプ㎏ト
0x5616E6	19	プ㎏あたペ￥っぜァ㎏がぽァ㎏ぜたァ㎏か
0x5616FA	6	ア￥きたぞＷ
0x561701	11	たペ「づたァ㎏がァＲ　
0x56171E	19	プ㎏いたペ￥っぜァ㎏がぽァ㎏ぜたァ㎏か
0x561732	6	ア￥きたぞＷ
0x561739	11	たペ「づたァ㎏がァＲ　
0x561756	19	プ㎏うたペ￥っぜァ㎏がぽァ㎏ぜたァ㎏か
0x56176A	6	ア￥きたぞＷ
0x561771	11	たペ「づたァ㎏がァＲ★
0x561781	16	たペ￥っぜァ㎏がぽァ㎏ぜたァ㎏か
0x561792	18	ア￥きたぞＷづたァＺづたァ＋がァＲ　
0x5617A6	10	さいがぜを核ちプ㎏ト
0x5617C7	22	れりあプ㎏あたペ￥っぜァ㎏がぽァ㎏ぜたァ㎏か
0x5617DE	6	ア￥きたぞＷ
0x5617E5	11	たペ「づたァ㎏がァＲ　
0x5617FF	21	れ搭プ㎏いたペ￥っぜァ㎏がぽァ㎏ぜたァ㎏か
0x561816	6	ア￥きたぞＷ
0x56181D	11	たペ「づたァ㎏がァＲ　
0x56183A	19	プ㎏うたペ￥っぜァ㎏がぽァ㎏ぜたァ㎏か
0x56184E	6	ア￥きたぞＷ
0x561855	11	たペ「づたァ㎏がァＲ　
0x561872	19	プ㎏えたペ￥っぜァ㎏がぽァ㎏ぜたァ㎏か
0x561886	6	ア￥きたぞＷ
0x56188D	11	たペ「づたァ㎏がァＲ　
0x5618AA	19	プ㎏おたペ￥っぜァ㎏がぽァ㎏ぜたァ㎏か
0x5618BE	6	ア￥きたぞＷ
0x5618C5	11	たペ「づたァ㎏がァＲ★
0x5618D5	16	たペ￥っぜァ㎏がぽァ㎏ぜたァ㎏か
0x5618E6	18	ア￥きたぞＷづたァＺづたァ＋がァＲ　
0x5618FA	10	さいがぜを会ちプ㎏ト
0x56191B	21	れ搭プ㎏あたペ￥っぜァ㎏がぽァ㎏ぜたァ㎏か
0x561932	6	ア￥きたぞＷ
0x561939	11	たペ「づたァ㎏がァＲ　
0x561956	19	プ㎏いたペ￥っぜァ㎏がぽァ㎏ぜたァ㎏か
0x56196A	6	ア￥きたぞＷ
0x561971	11	たペ「づたァ㎏がァＲ　
0x56198E	19	プ㎏うたペ￥っぜァ㎏がぽァ㎏ぜたァ㎏か
0x5619A2	6	ア￥きたぞＷ
0x5619A9	11	たペ「づたァ㎏がァＲ　
0x5619C6	19	プ㎏えたペ￥っぜァ㎏がぽァ㎏ぜたァ㎏か
0x5619DA	6	ア￥きたぞＷ
0x5619E1	11	たペ「づたァ㎏がァＲ★
0x5619F1	16	たペ￥っぜァ㎏がぽァ㎏ぜたァ㎏か
0x561A02	18	ア￥きたぞＷづたァＺづたァ＋がァＲ　
0x561A16	10	さいがぜを乾ちプ㎏ト
0x561A37	5	れタあプ㎏
0x561A3D	16	たペ￥っぜァ㎏がぽァ㎏ぜたァ㎏か
0x561A4E	14	ア￥きたぞＷづたァ㎏がァＲ　
0x561A6B	22	れわあプ㎏あたペ￥っぜァ㎏がぽァ㎏ぜたァ㎏か
0x561A82	6	ア￥きたぞＷ
0x561A89	11	たペ「づたァ㎏がァＲ　
0x561AA3	21	れ尅プ㎏いたペ￥っぜァ㎏がぽァ㎏ぜたァ㎏か
0x561ABA	6	ア￥きたぞＷ
0x561AC1	11	たペ「づたァ㎏がァＲ　
0x561ADE	19	プ㎏うたペ￥っぜァ㎏がぽァ㎏ぜたァ㎏か
0x561AF2	6	ア￥きたぞＷ
0x561AF9	11	たペ「づたァ㎏がァＲ　
0x561B16	19	プ㎏えたペ￥っぜァ㎏がぽァ㎏ぜたァ㎏か
0x561B2A	6	ア￥きたぞＷ
0x561B31	11	たペ「づたァ㎏がァＲ　
0x561B4E	19	プ㎏おたペ￥っぜァ㎏がぽァ㎏ぜたァ㎏か
0x561B62	6	ア￥きたぞＷ
0x561B69	11	たペ「づたァ㎏がァＲ園
0x561B76	19	プ㎏かたペ￥っぜァ㎏がぽァ㎏ぜたァ㎏か
0x561B8A	10	ア￥きたぞＷづたァＺ
0x561B95	11	たペ「づたァ＋がァＲ　
0x561BA2	10	さいがぜを乾ちプ㎏ト
0x561BC3	5	れタあプ㎏
0x561BC9	16	たペ￥っぜァ㎏がぽァ㎏ぜたァ㎏か
0x561BDA	14	ア￥きたぞＷづたァ㎏がァＲ　
0x561BF7	22	れわあプ㎏あたペ￥っぜァ㎏がぽァ㎏ぜたァ㎏か
0x561C0E	6	ア￥きたぞＷ
0x561C15	11	たペ「づたァ㎏がァＲ　
0x561C2F	21	れ尅プ㎏いたペ￥っぜァ㎏がぽァ㎏ぜたァ㎏か
0x561C46	6	ア￥きたぞＷ
0x561C4D	11	たペ「づたァ㎏がァＲ　
0x561C6A	19	プ㎏うたペ￥っぜァ㎏がぽァ㎏ぜたァ㎏か
0x561C7E	6	ア￥きたぞＷ
0x561C85	11	たペ「づたァ㎏がァＲ　
0x561CA2	19	プ㎏えたペ￥っぜァ㎏がぽァ㎏ぜたァ㎏か
0x561CB6	6	ア￥きたぞＷ
0x561CBD	11	たペ「づたァ㎏がァＲ　
0x561CDA	19	プ㎏おたペ￥っぜァ㎏がぽァ㎏ぜたァ㎏か
0x561CEE	6	ア￥きたぞＷ
0x561CF5	11	たペ「づたァ㎏がァＲ園
0x561D02	19	プ㎏かたペ￥っぜァ㎏がぽァ㎏ぜたァ㎏か
0x561D16	10	ア￥きたぞＷづたァＺ
0x561D21	11	たペ「づたァ＋がァＲ　
0x561D2E	10	さいがぜを乾ちプ㎏ト
0x561D4F	22	れタあプ㎏うたペ￥っぜァ㎏がぽァ㎏ぜたァ㎏か
0x561D66	6	ア￥きたぞＷ
0x561D6D	11	たペ「づたァ㎏がァＲ　
0x561D87	22	れりあプ㎏えたペ￥っぜァ㎏がぽァ㎏ぜたァ㎏か
0x561D9E	6	ア￥きたぞＷ
0x561DA5	11	たペ「づたァ㎏がァＲ　
0x561DBF	21	れ搭プ㎏おたペ￥っぜァ㎏がぽァ㎏ぜたァ㎏か
0x561DD6	6	ア￥きたぞＷ
0x561DDD	11	たペ「づたァ㎏がァＲ　
0x561DFD	16	たペ￥っぜァ㎏がぽァ㎏ぜたァ㎏か
0x561E0E	14	ア￥きたぞＷづたァ㎏がァＲ　
0x561E2E	19	プ㎏あたペ￥っぜァ㎏がぽァ㎏ぜたァ㎏か
0x561E42	6	ア￥きたぞＷ
0x561E49	11	たペ「づたァ㎏がァＲ　
0x561E66	19	プ㎏いたペ￥っぜァ㎏がぽァ㎏ぜたァ㎏か
0x561E7A	6	ア￥きたぞＷ
0x561E81	11	たペ「づたァ㎏がァＲ園
0x561E8E	19	プ㎏かたペ￥っぜァ㎏がぽァ㎏ぜたァ㎏か
0x561EA2	10	ア￥きたぞＷづたァＺ
0x561EAD	11	たペ「づたァ＋がァＲ　
0x561EBA	10	さいがぜを蛙たプ㎏き
0x561ED3	5	胡たプ㎏か
0x561EDA	7	ぽ￥っぜィ㎏か
0x561EE2	7	ペ１がぽィ㎏か
0x561EFA	6	ィ㎏がァＲ　
0x561F02	10	さいがぜを乾ちプ㎏ト
0x561F23	5	れタあプ㎏
0x561F29	16	たペ￥っぜァ㎏がぽァ㎏ぜたァ㎏か
0x561F3A	14	ア￥きたぞＷづたァ㎏がァＲ　
0x561F57	22	れわあプ㎏あたペ￥っぜァ㎏がぽァ㎏ぜたァ㎏か
0x561F6E	6	ア￥きたぞＷ
0x561F75	11	たペ「づたァ㎏がァＲ　
0x561F8F	21	れ尅プ㎏いたペ￥っぜァ㎏がぽァ㎏ぜたァ㎏か
0x561FA6	6	ア￥きたぞＷ
0x561FAD	11	たペ「づたァ㎏がァＲ　
0x561FCA	19	プ㎏うたペ￥っぜァ㎏がぽァ㎏ぜたァ㎏か
0x561FDE	6	ア￥きたぞＷ
0x561FE5	11	たペ「づたァ㎏がァＲ　
0x562002	19	プ㎏えたペ￥っぜァ㎏がぽァ㎏ぜたァ㎏か
0x562016	6	ア￥きたぞＷ
0x56201D	11	たペ「づたァ㎏がァＲ　
0x56203A	19	プ㎏おたペ￥っぜァ㎏がぽァ㎏ぜたァ㎏か
0x56204E	6	ア￥きたぞＷ
0x562055	11	たペ「づたァ㎏がァＲ園
0x562062	19	プ㎏うたペ￥っぜァ㎏がぽァ㎏ぜたァ㎏か
0x562076	10	ア￥きたぞＷづたァＺ
0x562081	11	たペ「づたァ＋がァＲ　
0x56208E	10	さいがぜを机たプ㎏ト
0x5620B5	16	たペ￥っぜァ㎏がぽァ㎏ぜたァ㎏か
0x5620C6	14	ア￥きたぞＷづたァ㎏がァＲ　
0x5620E6	19	プ㎏あたペ￥っぜァ㎏がぽァ㎏ぜたァ㎏か
0x5620FA	6	ア￥きたぞＷ
0x562101	11	たペ「づたァ㎏がァＲ　
0x56211E	19	プ㎏いたペ￥っぜァ㎏がぽァ㎏ぜたァ㎏か
0x562132	6	ア￥きたぞＷ
0x562139	11	たペ「づたァ㎏がァＲ★
0x562149	16	たペ￥っぜァ㎏がぽァ㎏ぜたァ㎏か
0x56215A	18	ア￥きたぞＷづたァＺづたァ＋がァＲ　
0x56216E	10	さいがぜを壊。ぴ％２
0x56217D	15	みペ￥っぜズ㎏がぽズ㎏いこと￥
0x56218D	12	みゴおあみゥいあしと￥う
0x56219E	15	ゴ％あたペ￥いちァ・あみゥ％ぜ
0x5621B6	19	ゴ％いたペ￥いちァ・あみゥ％あえと￥う
0x5621CE	14	ゴ％うたペ￥いちァ・あみゥ％
0x5621DE	7	イ￥えたペうえ
0x5621F3	4	険たゴ％
0x5621F9	4	ちゼ・み
0x562202	18	ア￥っぜァ㎏がぽァ㎏ぜたァ㎏きたぞＷ
0x562215	15	たペ「づたァ㎏た。ゴ％がァＲ　
0x56222D	12	ぃペ￥ったズ㎏がみズ㎏た
0x56223A	7	ち￥うぃェつぜ
0x562242	71	ち￥うぃェつあけち￥おぃェついけち￥うぃェつあくち￥おぃェついくち￥うぃェつあきち￥おぃェついきち￥うぃェつあかち￥あぃェついかち￥いぃェつわ
0x56228A	23	プ㎏あおち￥いぃェついおち￥いぃェつったァ㎏か
0x5622A2	14	ウ￥がみァ㎏きたぢＷぜぃァ㎏
0x5622BE	7	さいぃみプ㎏ト
0x5622C6	11	ペ￥ぜぃゾ㎏）ほタ％ダ
0x5622DD	4	たタ％ァ
0x5622E2	7	ペ）びたゥ㎏ぱ
0x5622FE	11	プ㎏ぃみズ㎏づたズ㎏あ
0x56230A	6	イ）あたペＨ
0x562322	11	プ㎏ぃみズ㎏ぱたズ㎏あ
0x56232E	6	イ）あたペＨ
0x562346	10	プ㎏ぜたズ㎏づたァ㎏
0x562351	15	みチ％ィたペ）びみァ㎏ぱたァ㎏
0x56236E	19	さいごあプ㎏っみズ㎏がぃズ㎏あさつ￥き
0x562383	5	はっみァ㎏
0x562389	12	たペ￥がぃァ㎏ぜたァ㎏か
0x5623A2	7	ぁ）いえつ￥く
0x5623AB	18	はっみァ㎏あたペ￥がぃァ㎏ぜたァ㎏か
0x5623BE	6	ア￥きたぞＷ
0x5623CE	7	ぁ）いかて￥て
0x5623D7	6	こあかつ￥き
0x5623DF	5	はっみァ㎏
0x5623E5	12	たペ￥がぃァ㎏ぜたァ㎏か
0x5623FE	7	ぁ）いかつ￥き
0x562407	5	はっみァ㎏
0x56240D	12	たペ￥がぃァ㎏ぜたァ㎏か
0x562426	7	ぁ）あして￥な
0x56242F	6	こあおつ￥く
0x56243D	16	たペ￥っみァ㎏がぃァ㎏ぜたァ㎏か
0x56245A	7	ぁ）いおつ￥く
0x562469	16	たペ￥っみァ㎏がぃァ㎏ぜたァ㎏か
0x56248A	19	プ㎏あたペ￥っみァ㎏がぃァ㎏ぜたァ㎏か
0x56249E	10	ア￥きたぞＷづたァＺ
0x5624BA	7	プ㎏ぜたズ㎏は
0x5624FE	11	プ㎏ったズ㎏がみズ㎏い
0x56250F	5	はったァ㎏
0x562515	12	たペ￥がみァ㎏ぜたァ㎏か
0x562537	5	こったァ㎏
0x56253D	12	たペ￥がみァ㎏ぜたァ㎏か
0x56255F	18	はったァ㎏あたペ￥がみァ㎏ぜたァ㎏か
0x562572	6	ア￥きたぞＷ
0x562586	7	ち￥ったァ㎏き
0x56258F	14	はいたペ￥がみァ㎏ぜたァ㎏か
0x56259E	6	ア￥きたぞＷ
0x5625B1	12	たペ￥がみァ㎏ぜたァ㎏か
0x5625D6	11	プ㎏ったズ㎏がみズ㎏ぜ
0x5625E7	5	はったァ㎏
0x5625ED	12	たペ￥がみァ㎏ぜたァ㎏か
0x562606	7	ぁ）あしち￥き
0x56260F	5	はったァ㎏
0x562615	12	たペ￥がみァ㎏ぜたァ㎏か
0x562637	5	こったァ㎏
0x56263D	12	たペ￥がみァ㎏ぜたァ㎏か
0x56265A	7	ち￥ったァ㎏き
0x562663	14	はあたペ￥がみァ㎏ぜたァ㎏か
0x562672	6	ア￥きたぞＷ
0x562685	12	たペ￥がみァ㎏ぜたァ㎏か
0x5626AA	15	プ㎏ったズ㎏がみズ㎏いさち￥き
0x5626BB	5	はったァ㎏
0x5626C1	12	たペ￥がみァ㎏ぜたァ㎏か
0x5626E3	5	こったァ㎏
0x5626E9	12	たペ￥がみァ㎏ぜたァ㎏か
0x562702	11	ぁ）あこち￥ったァ㎏き
0x56270F	14	はあたペ￥がみァ㎏ぜたァ㎏か
0x56271E	6	ア￥きたぞＷ
0x562731	12	たペ￥がみァ㎏ぜたァ㎏か
0x562756	15	プ㎏っみズ㎏がぃズ㎏あしつ￥き
0x562767	5	はっみァ㎏
0x56276D	12	たペ￥がぃァ㎏ぜたァ㎏か
0x562786	7	ぁ）いしつ￥く
0x56278F	18	はっみァ㎏あたペ￥がぃァ㎏ぜたァ㎏か
0x5627A2	6	ア￥きたぞＷ
0x5627B2	7	ぁ）いさつ￥く
0x5627BB	18	はっみァ㎏いたペ￥がぃァ㎏ぜたァ㎏か
0x5627CE	6	ア￥きたぞＷ
0x5627DE	7	ぁ）あこつ￥こ
0x5627E7	6	こいこつ￥く
0x5627EF	18	はっみァ㎏うたペ￥がぃァ㎏ぜたァ㎏か
0x562802	6	ア￥きたぞＷ
0x562816	19	プ㎏えたペ￥っみァ㎏がぃァ㎏ぜたァ㎏か
0x56282A	10	ア￥きたぞＷづたァＺ
0x562842	18	さいくぜを鎧いプ㎏ぃたズ㎏あしち￥え
0x562857	29	はあたペ￥づたァ㎏おたペ￥ぜたァ㎏くァＲ　たズ㎏いねち％え
0x562877	21	こあたペ￥づたァ㎏おたペ￥ぜたァ㎏くァＲ安
0x56289F	29	Ｏ❤あプ㎏あたペ￥づたァ㎏うたペ￥ぜたァ㎏くァＲ　ちプ㎏ぃ
0x5628C7	6	こっみゼ㎏ァ
0x5628DE	6	ィ㎏くァＲ下
0x5628EB	14	こズちプ㎏っみゼ㎏あしつ￥え
0x56290A	6	ィ㎏くァＲ★
0x562917	14	こトちプ㎏っみゼ㎏いしつ￥え
0x562936	6	ィ㎏くァＲ　
0x562943	14	こがちプ㎏っみゼ㎏あさつ￥え
0x562962	10	ィ㎏くァＲ練した￥く
0x56296F	14	こしちプ㎏っみゼ㎏いさつ￥え
0x56298E	10	ィ㎏くァＲ練こた￥く
0x56299B	14	こ（たプ㎏っみゼ㎏あこつ￥え
0x5629BA	10	ィ㎏くァＲ練けた￥く
0x5629C7	14	こＩたプ㎏っみゼ㎏いこつ￥え
0x5629E6	10	ィ㎏くァＲ練くた￥く
0x5629F3	14	こョたプ㎏っみゼ㎏あけつ￥え
0x562A12	10	ィ㎏くァＲ練きた￥き
0x562A1F	14	こシたプ㎏っみゼ㎏いけつ￥う
0x562A3A	10	ィ㎏くァＲ気かた￥く
0x562A4A	11	プ㎏ったズ㎏あくち￥え
0x562A57	21	はあたペ￥づたァ㎏いたペ￥ぜたァ㎏くァＲ下
0x562A6E	22	プ㎏あたペ￥づたァ㎏おたペ￥ぜたァ㎏くァＲ　
0x562A86	6	さいびたプ㎏
0x562A8E	7	ペ￥ったゼ㎏ァ
0x562A9A	7	ァつあしち￥あ
0x562AA2	7	ァつあさち￥い
0x562AAA	7	ァついさち￥あ
0x562AB2	7	ァつあこち￥う
0x562ABA	7	ァついこち￥あ
0x562AC2	7	ァつあけち￥い
0x562ACA	7	ァついけち￥い
0x562ADE	15	プ㎏ったズ㎏がみズ㎏いくち￥く
0x562AEF	18	はったァ㎏あたペ￥がみァ㎏ぜたァ㎏か
0x562B02	6	ア￥きたぞＷ
0x562B12	7	ぁ）あきち￥く
0x562B1B	18	はったァ㎏いたペ￥がみァ㎏ぜたァ㎏か
0x562B2E	6	ア￥きたぞＷ
0x562B3E	11	ぁ）いきち￥ったァ㎏き
0x562B4B	14	はうたペ￥がみァ㎏ぜたァ㎏か
0x562B5A	6	ア￥きたぞＷ
0x562B6D	12	たペ￥がみァ㎏ぜたァ㎏か
0x562B92	15	プ㎏ったズ㎏がみズ㎏あきち￥く
0x562BA3	18	はったァ㎏あたペ￥がみァ㎏ぜたァ㎏か
0x562BB6	6	ア￥きたぞＷ
0x562BC6	7	ぁ）いきち￥く
0x562BCF	18	はったァ㎏いたペ￥がみァ㎏ぜたァ㎏か
0x562BE2	6	ア￥きたぞＷ
0x562BF2	11	ぁ）あかち￥ったァ㎏き
0x562BFF	14	はうたペ￥がみァ㎏ぜたァ㎏か
0x562C0E	6	ア￥きたぞＷ
0x562C21	12	たペ￥がみァ㎏ぜたァ㎏か
0x562C42	6	さいくぜを滑
0x562C5D	11	たペ￥タたァ㎏くァＲ走
0x562C6A	11	プ㎏っみズ㎏がたズ㎏あ
0x562C79	19	たペＨタたァＪあたペ１タたァ３くァＲ　
0x562C8E	6	さいミぜを革
0x562C96	35	プ㎏あたペ￥っみズ㎏がぃズ㎏ごＵズ㎏ぜ（ズ㎏づぜズ㎏びぽズ㎏ぱタズ㎏あ
0x562CBA	6	つ￥クたァ㎏
0x562CC1	8	たペうクたァおふ
0x562CCA	34	プ㎏っみァ㎏がぃァ㎏ごＵァ㎏ぜ（ァ㎏づぜァ㎏びぽァ㎏ぱタァ㎏ミァＲ　
0x562CEE	6	さいミぜを括
0x562CF6	35	プ㎏いたペ￥っみズ㎏がぃズ㎏ごＵズ㎏ぜ（ズ㎏づぜズ㎏びぽズ㎏ぱタズ㎏い
0x562D1A	6	つ￥クたァ㎏
0x562D21	8	たペうクたァおい
0x562D2E	11	つ￥あたペうクたァおふ
0x562D3A	34	プ㎏っみァ㎏がぃァ㎏ごＵァ㎏ぜ（ァ㎏づぜァ㎏びぽァ㎏ぱタァ㎏ミァＲ　
0x562D5E	6	さいミぜを革
0x562D66	35	プ㎏あたペ￥がぃズ㎏っみズ㎏ごＵズ㎏ぜ（ズ㎏づぜズ㎏びぽズ㎏ぱタズ㎏あ
0x562D8A	6	て￥クたァ㎏
0x562D91	8	たペうクたァおふ
0x562D9A	34	プ㎏っみァ㎏がぃァ㎏ごＵァ㎏ぜ（ァ㎏づぜァ㎏びぽァ㎏ぱタァ㎏ミァＲ　
0x562DBE	6	さいミぜを括
0x562DC6	35	プ㎏いたペ￥がぃズ㎏っみズ㎏ごＵズ㎏ぜ（ズ㎏づぜズ㎏びぽズ㎏ぱタズ㎏い
0x562DEA	6	て￥クたァ㎏
0x562DF1	8	たペうクたァおい
0x562DFE	11	て￥あたペうクたァおふ
0x562E0A	34	プ㎏っみァ㎏がぃァ㎏ごＵァ㎏ぜ（ァ㎏づぜァ㎏びぽァ㎏ぱタァ㎏ミァＲ　
0x562E2E	15	さいぃみプ㎏ぃたプ㎏ァぃゾ㎏フ
0x562E3E	7	ゾ㎏ェぃペ）ダ
0x562E46	15	し（ゼしＸ（Ａそペ）Ｘぇァ（ぇ
0x562E56	7	ウ￥りぃゥ㎏ぇ
0x562E71	6	ぺを顔モプ㎏
0x562E79	8	たペ￥ぃァド㎏が
0x562E86	10	ク￥っみド㎏あたペう
0x562E92	39	ゴ㎏ごぃド㎏ぜＵド㎏づＥド㎏び（ド㎏ぱぜド㎏ぽぽド㎏エタド㎏クミド㎏くズつ％に
0x562EC7	9	こフ１プ㎏たペブ㎏
0x562EE3	14	はぽうプ㎏あァペ￥ぃァァ㎏く
0x562EF3	8	境１プ㎏たペブ㎏
0x562F0A	15	ク￥りうプおあァペうぃァァおた
0x562F1F	10	ことうプ㎏ぃァズ㎏あ
0x562F2A	15	ク￥いァペうぃァァおあぽな％え
0x562F3D	8	いプ㎏ぃァズ㎏い
0x562F46	19	ク￥うァペうぃァァお㎞いプ㎏たァズ㎏ぇ
0x562F5F	6	８ぃァズ㎏い
0x562F66	11	ク￥うァペうぃァァおみ
0x562F77	10	こＱ０プ㎏ぃァブ㎏い
0x562F82	10	ク￥うァペうぃァギお
0x562F93	10	こペ０プ㎏たァブ㎏ト
0x562FA3	6	８ぃァブ㎏う
0x562FAA	11	ク￥えァペうぃァギおえ
0x562FB7	9	狗０プ㎏ぃァブ㎏う
0x562FC2	11	ク￥えァペうぃァギおァ
0x562FD3	10	こタ０プ㎏ぃァブ㎏う
0x562FDE	15	ク￥えァペうぃァギおいしつ￥え
0x562FEF	10	こづ０プ㎏ぃァブ㎏う
0x562FFA	11	ク￥えァペうぃァギおえ
0x563013	10	こみメプ㎏たァド㎏ぇ
0x563023	6	８ぃァド㎏え
0x56302A	11	ク￥おァペうぃァュおこ
0x563037	9	賢ムプ㎏ぃァド㎏え
0x563042	11	ク￥おァペうぃァュおえ
0x56304F	9	兼ムプ㎏ぃァド㎏え
0x56305A	15	ク￥おァペうぃァュおあさつ￥え
0x56306B	10	こ◎ムプ㎏ぃァド㎏え
0x563076	10	ク￥おァペうぃァュお
0x56308F	10	こ２あプ㎏たミズ㎏ト
0x56309F	6	８ぃミズ㎏お
0x5630A6	11	キ￥かミペうぃミァおこ
0x5630B3	9	躯あプ㎏ぃミズ㎏お
0x5630BE	11	キ￥かミペうぃミァおえ
0x5630CB	9	欣あプ㎏ぃミズ㎏お
0x5630D6	15	キ￥かミペうぃミァおあこつ％え
0x5630E7	10	こぱムプ㎏ぃァド㎏お
0x5630F2	15	ク￥かァペうぃァュおあリて％え
0x563103	10	こぃィプ㎏ぃズバ㎏お
0x56310E	10	ケ￥かズペうぃズョお
0x563127	10	こしあプ㎏たぽズ㎏ト
0x563137	6	８ぃぽズ㎏か
0x56313E	11	オ￥きぽペうぃぽァおこ
0x56314C	8	安プ㎏ぃぽズ㎏か
0x563156	11	オ￥きぽペうぃぽァおえ
0x563166	7	プ㎏ぃぽズ㎏か
0x56316E	15	オ￥きぽペうぃぽァおあけつ￥え
0x563182	7	プ㎏ぃぽズ㎏か
0x56318A	10	オ￥きぽペうぃぽァお
0x56319E	7	プ㎏ぃぽズ㎏か
0x5631A6	15	オ￥きぽペうぃぽァおあおつ￥ァ
0x5631B6	7	プおぃぽズおか
0x5631BE	11	オうきぽペうぃぽァおあ
0x5631CF	6	こいかつ￥タ
0x5631D6	7	プおぃぽズおか
0x5631DE	11	オうきぽペうぃぽァおぱ
0x5631EA	7	プ㎏ぃぽズ㎏き
0x5631F2	11	オ￥きぽペＸぃぽァＺあ
0x563202	7	プおぃたズおき
0x56320A	14	アうくたペうぃたァおみたプ㎏
0x56321A	7	パ㎏っみィ㎏が
0x56323E	5	さい瀞を奇
0x563246	11	プ㎏たたズ㎏っぜズ㎏ト
0x563252	27	ア￥がぽズ㎏ごタズ㎏ぜミズ㎏づァズ㎏びズズ㎏ぱペズ㎏え
0x563292	6	ペＸあたペ￥
0x563299	4	みペ￥ち
0x56329E	7	ね）あみペちち
0x5632A6	7	の）あみペてち
0x5632AE	6	は）あみペて
0x5632BA	11	プなうたペてシたァなけ
0x5632C7	22	はペぁペ）ぜＵプ㎏ぜぅペ）ァほツ（１じァ（リ
0x5632DE	7	ゲ㎏）せゥ（ク
0x5632E6	7	ゲ㎏Ｘあペ）シ
0x5632F2	33	プ㎏っぜァ㎏がぽァ㎏ごタァ㎏ぜミァ㎏づァァ㎏びズァ㎏ぱペァ㎏廼Ｒ　
0x563319	27	ぢを漢ぜプ㎏あぽペ￥ワタヂ㎏び（ヂ㎏なヨペ）なかほ）っ
0x563336	22	ヂ㎏がたヂ㎏ごみヂ㎏ぜぃヂ㎏づＵヂ㎏ぱぜヂ㎏
0x56334D	4	ぽペてき
0x563352	6	と）あぽペて
0x56335A	15	オ￥クぽプなうタペてシタッなこ
0x56336B	50	はびァプ㎏リタョ㎏ワズバ㎏７マペ）ガセニ（㎏ホャ（ぶムペ）５セガ（クタョ㎏Ｚアペ）シぽョ㎏ふぽプ㎏っ
0x5633BE	5	さい瀞を毅
0x5633C6	11	プ㎏たたズ㎏っぜズ㎏ト
0x5633D2	27	ア￥がぽズ㎏ごタズ㎏ぜミズ㎏づァズ㎏びズズ㎏ぱペズ㎏え
0x563412	11	ペＸあみペ￥つたペ）つ
0x563421	4	みペてあ
0x563426	7	の）あみペてあ
0x56342E	14	は）フたプ㎏あみペてフたゼ㎏
0x56343E	6	ア）あみペう
0x56344A	11	プなうたペてシたァなけ
0x563457	22	はペぁペ）ぜＵプ㎏ぜぅペ）ァほツ（１じァ（リ
0x56346E	7	ゲ㎏）せゥ（ク
0x563476	7	ゲ㎏Ｘあペ）シ
0x563482	33	プ㎏っぜァ㎏がぽァ㎏ごタァ㎏ぜミァ㎏づァァ㎏びズァ㎏ぱペァ㎏廼Ｒ　
0x5634A9	10	ぺを管。ぴ％とあプ㎏
0x5634B5	11	（ペ￥ワ（ァ㎏せみペ）
0x5634C1	4	た（￥ぽ
0x5634C6	11	ゴ％いちァ・あみゥ％と
0x5634E1	8	Ｕペ￥おぜペ￥そ
0x5634F7	6	は→ペプ㎏あ
0x5634FE	10	ペ￥づタブ㎏フＥブ㎏
0x563509	27	ズゴ％っみブ㎏がぃブ㎏ごぜブ㎏ぜぽブ㎏びミブ㎏ぱァブ㎏
0x563525	7	たペ￥たしに）
0x56352D	11	たペちっみギ㎏たしぬ）
0x563539	31	たペてがぃギ㎏たしね）ごぜギ㎏ぜぽギ㎏づタギ㎏びミギ㎏しゼビ・
0x563559	4	たペてけ
0x563566	23	ア￥ぽたゴつせＶィぬあＵゲ％あ（ザつぱァギ㎏と
0x56359B	4	坑みゴ％
0x5635A1	8	むゾ・みたプ㎏ト
0x5635CE	43	さい→コふいやぃプ㎏リＵダ㎏Ａまペ）ゲせチ（ぱむペ）（ほィ（０せゲ（クたェ㎏Ｕあペ）シ
0x563606	15	プ㎏ヤたズ㎏リみズ㎏フぃズ㎏う
0x563616	6	ア￥あ覆ズせ
0x56362F	9	軍たプ㎏ミたァ㎏き
0x56363B	9	繰たプ㎏ミたァ㎏え
0x563647	9	橘はペ￥ミたァ㎏あ
0x563653	17	弓ふペ￥ミたァ㎏てたぢ％いふぞ％フ
0x563666	11	プ㎏キみゥ％ヤみァ㎏き
0x5636DA	4	さいみつ
0x5636E5	6	ぜを喚ぽプ㎏
0x5636ED	4	タペ￥っ
0x5636F2	62	ヅ㎏がたヅ㎏ごみヅ㎏ぜぃヅ㎏づＵヅ㎏び（ヅ㎏ぱぜヅ㎏あミペ￥ワタッ㎏リタヅ㎏ぬかふ）ワミッなぱぽプ㎏あミペ￥リタヅ㎏ぬかほ）
0x563731	23	タペてワタッなっぽプ㎏あミペ￥リタヅ㎏ぬかと）
0x563749	12	タペてワタッなふぽプ㎏っ
0x563781	48	たペ￥っぃズ㎏がＵズ㎏ご（ズ㎏ぜぜズ㎏づぽズ㎏びタズ㎏ぱミズ㎏あみペ￥ワたァ㎏リたズ㎏つあな）あ
0x5637B3	10	こつあに）ワみァなふ
0x5637E2	45	さい椴を較たプ㎏あＵペ￥がァゼ㎏ごミゼ㎏ぜタゼ㎏づぽゼ㎏びぜゼ㎏ぱ（ゼ㎏リぃゼ㎏っみゼ㎏い
0x563812	22	ぱ％っみィ㎏がァィ㎏ふうみ（ごミィ㎏ぜタィ㎏
0x56382E	13	ィ㎏びぜィ㎏ぱ（ィ㎏念Ｒ　
0x5638E6	13	さいたぜを革。ぴ％ぃぜプ㎏
0x5638F5	8	（ゴ％おＵペ￥そ
0x563911	27	たゴ％リみズ㎏いちゼ・ぃたァ㎏ぽ。ゴ％たァＲ　コふいＹ
0x56392E	13	さいたぜを革。ぴ％ぃぜプ㎏
0x56393D	8	（ゴ％おＵペ￥そ
0x563959	27	たゴ％リみズ㎏いちゼ・ぃたァ㎏ぽ。ゴ％たァＲ走サふいＹ
0x563979	15	ぺを雅。ぴ％。たプ㎏うぜペ￥が
0x56398A	6	ゼ㎏ごぽゼ㎏
0x563996	7	ゼ㎏ぜＥゼ㎏え
0x5639A2	11	パ㎏づタゼ㎏たペた％ぽ
0x5639B1	16	ぜペてびミゼ㎏ぱァゼ㎏あズた％き
0x5639DE	6	ぽ￥あぜペＨ
0x563A06	6	ぽ￥いぜペＨ
0x563A21	8	ぜペＨわたプ㎏え
0x563A2A	7	パ㎏クぜィ㎏っ
0x563A5A	13	さいねぜを械。ぴ％ぱぜプ㎏
0x563A69	4	（ゴ％そ
0x563A6E	6	Ｉ人Ｕペ）そ
0x563A85	4	ぁペ￥ぃ
0x563A95	7	そア￥いたペＦ
0x563AA1	4	たペＶた
0x563AA6	22	プ㎏ぃみェ㎏ぃたァ㎏ふ。ゴ％ねァＲ　コふいＹ
0x563AD5	4	まペ￥く
0x563AEA	13	さいぃぜを械。ぴ％シぽプ㎏
0x563AF9	12	ぜゴ％クＵプ㎏え（ペ）そ
0x563B25	4	そぽ￥あ
0x563B2A	7	ペＦあちィ（あ
0x563B47	5	現たプ㎏ぃ
0x563B4E	14	ィ㎏ふ。ゴ％ぃァＲ　コふいＹ
0x563B5E	6	さいあいたう
0x563C64	76	Ｕなへい◎なへい」なへいねＬむいみヌへいタヌへいバヌへいがヌへいがＬむいトＡもいぃヌへいワＡもいぽヌへいりＬむい㎞なへいぱぃへいぱぃへいペヌへいズヌへい
0x563CDD	21	らへいしりへいえりへいぜヌへいクヌへい。き
0x563DC8	4	ェオェイ
0x563DD0	4	ダズゼＤ
0x563DD8	4	ダウゲパ
0x563DE0	4	ジ￥ヂで
0x563DE8	4	ゲパジナ
0x563DF0	4	ズばザ安
0x563DF8	4	ダウゲパ
0x563E08	4	デロゼＯ
0x563E10	4	ゼ㎏デぢ
0x563E18	4	ズぼヂあ
0x563E20	4	ェばェギ
0x563E28	4	ズばザ安
0x563E30	4	ザ㎏デぢ
0x563E38	4	ゼニザ安
0x563E40	4	グレゲゲ
0x563E48	4	ェテェセ
0x563E50	4	ゾコゲヅ
0x563E58	4	）…ゼレ
0x563E60	4	ゾホズヒ
0x563E68	4	ェロェユ
0x563E70	4	ザ７ヂブ
0x563E78	4	ゾコゲヅ
0x563E80	4	ダＺズハ
0x563E88	4	ェギェイ
0x563E90	4	ギマズＶ
0x563E98	4	デネゲ㎞
0x563EA0	4	ェカェべ
0x563EA8	4	ガボグコ
0x563EB0	4	ギぢゼＤ
0x563EB8	4	ェニェク
0x563EC0	6	デェズゲゾナ
0x563EC8	6	ェネェツェヌ
0x563ED0	6	ェぞェォェべ
0x563ED8	6	ザＭグ♂ザ…
0x563EE0	5	ヂＲゴ斜ミ
0x563EE8	6	ダＺダトヂヌ
0x563EF0	6	ゼソゲゥザ…
0x563EF8	6	ゼソゲゥジナ
0x563F00	6	ヅぼザでグコ
0x563F08	5	ガ物ボデ坊
0x563F10	6	ザＭヂモゴ窄
0x563F18	5	ゲリヂけあ
0x563F20	6	ェシィサェネ
0x563F28	6	ェぞェぱェン
0x563F30	6	ダＺェぼェク
0x563F38	6	グウゥ→ザ安
0x563F40	6	ェマェギェぞ
0x563F50	6	ェウィサェヌ
0x563F58	6	ェぱェツェネ
0x563F60	6	ザオゾナジナ
0x563F68	6	ェタィサェヌ
0x563F70	6	ェシィサェネ
0x563F78	6	ゼソゲゥザ…
0x563F80	5	ガ物ボデ坊
0x563F88	6	ェロェぢェネ
0x563F90	6	ェぱェツェぷ
0x563F98	6	ヅクゲグゾナ
0x563FA0	6	グぜギージナ
0x563FA8	6	ェソェンィサ
0x563FB0	6	ヂでザ…ダィ
0x563FB8	6	ェナェガィサ
0x563FC0	6	ェべェぢェヌ
0x563FC8	6	ェミェダェタ
0x563FD0	6	ェンェぢェガ
0x563FD8	5	ザ　ペゲヅ
0x563FE0	6	ェメィサェテ
0x563FE8	6	ドグゲゥゾナ
0x563FF0	6	ョＸザでジミ
0x563FF8	6	ゥ７ゥ↑ゥ２
0x564000	6	ドＢゥ／ゥ峨
0x564008	6	ゼマジＫゼＺ
0x564010	6	ズクゥ→ザ㎏
0x564018	6	ェホェエェン
0x564020	5	ド斜←ヂヌ
0x564028	6	ェミェダェタ
0x564030	6	ダ４ゥＥゥ峨
0x564038	6	ゼ㎏グ（ゾ♂
0x564040	5	ガ物ボデ坊
0x564048	6	ゼ㎏グ（ゾ♂
0x564050	6	ェヌェでェイ
0x564058	6	ェモェダェぷ
0x564060	6	ェラェグェぼ
0x564068	6	ヅ６ゥ❤ゥ＠
0x564078	6	ガ↑ガギゾナ
0x564080	8	ェユェガェツェぷ
0x56408C	8	ゥ７ゥ×ゥＷゥ９
0x564098	8	ェマェグェべェダ
0x5640A4	8	ガ↑ダ『ゥ→ジミ
0x5640B0	8	ェホェグェテェぺ
0x5640BC	8	ェコェぢェマィサ
0x5640C8	8	ェユェガェツェネ
0x5640D4	8	ェムェガェォェヲ
0x5640E0	8	ゥ７ゥ×ゥＷゥ９
0x5640EC	8	ェィェギィサゲコ
0x5640F8	8	ズ）ェぶェゴェタ
0x564104	7	ズフグ木０ガ」
0x564110	8	ゥＲゥＦズＤズフ
0x56411C	7	ェべェハガちフ
0x564128	7	ェヤェぺガちフ
0x564134	8	ェイェダェネェグ
0x564140	8	ゥ７ゥ×ゥＷゥ９
0x56414C	8	ヅ↓ゥ◎ガヤゼ→
0x564158	8	ギＸゥ０ゴィゥ安
0x564164	8	ェぶェぶェべェン
0x564170	8	ダウェミェぢェヨ
0x56417C	7	グレゲゲガ物ボ
0x564188	8	ェシェフェァェガ
0x564194	8	ェぷェゥゥ→ザッ
0x5641A0	8	ゥＢゥＴゥ↑ゥＪ
0x5641AC	8	ェクェガェぢェァ
0x5641B8	8	ェカェグェマィサ
0x5641C4	8	ェべェメェダェソ
0x5641D0	8	ヂＧゥ９ゲゥゥＴ
0x5641DC	8	ェぞェツェカェッ
0x5641E8	8	ェばィサェリェグ
0x5641F4	8	ェぶェツェぷェク
0x564200	8	ェぽェダェフェグ
0x56420C	8	ズ）ェゥェぺェガ
0x56421A	6	ゥ９ゥＷゥ９
0x564224	8	ザ７ゲ◎ゴＹズＫ
0x564230	8	ェカェどェぢェネ
0x56423C	8	ヅモョ「ゼＺゥＴ
0x564248	8	ェミェギェダェぺ
0x564254	8	ェぞェぱェべェダ
0x564260	8	ェヤェぜェダェぺ
0x56426C	8	ェヲェツェぷェク
0x564278	8	ェァェガェぷェゥ
0x564284	8	ェィェギィサゾ循
0x564290	8	ェヘェジィサェグ
0x56429C	7	ヂ木、ジイゥ安
0x5642A8	8	ェぷェゴィサェダ
0x5642B4	8	ェぢェカェノェべ
0x5642C0	7	ズフグ木０ゼズ
0x5642CC	8	ゼ→ダデゥＲゥ安
0x5642D8	8	ズ）ェぱェギェダ
0x5642E4	8	ェぶェハェオェィ
0x5642F0	8	ェミェジェヨェゴ
0x5642FC	8	ェオェイェティサ
0x564308	8	ザ７ゲ◎ゴＹズＫ
0x564314	8	ェヲェユェツェヌ
0x564320	8	ェンェエェぢェグ
0x56432C	8	ゼ→ダデゥＲゥ安
0x564338	8	ジトド←ヅ↓ダＣ
0x564344	8	グ４ド←ゴオゲゥ
0x564350	8	ゥ６グ（ゥ→ド←
0x56435C	8	ェグィサェぷェク
0x564368	9	ガ物ボゼ１ズノゴ❤
0x564374	10	ェユェガェクェセィサ
0x564380	10	ェぞェグェリェグェヌ
0x56438C	10	ェぺェゲェフィサェネ
0x564398	10	ェばェネェぞェグェヌ
0x5643A4	10	ェゴェぽェツェヌゾナ
0x5643B0	10	ェぺェゲェフィサェネ
0x5643BC	10	ェゴェぽェツェヌゾナ
0x5643C8	9	バぞデぴゥ→ズ伸」
0x5643D4	9	バぞデぴゥ→ズ伸」
0x5643E0	10	ェユェガェクェセィサ
0x5643EC	9	バぞデぴゥ→ズ伸」
0x5643F8	10	バぞデぴゥ→ヅＯザヘ
0x564404	10	グぢズ％ゥ○ゥ・ゥ×
0x564410	10	デ１ドＮゥ○ゥ・ゥ×
0x56441C	10	ェヲェぺェガェぢェァ
0x564428	10	グズゼ㎏ェジィサェァ
0x564434	10	ェニェクェエェシェギ
0x564440	9	ズフグ木０ズぞヅ６
0x56444C	10	ェカェべェゥェネェぱ
0x564458	9	ゥ❤ゥ拭Ｊジイゥ安
0x564464	10	ガどゾョズＫデＲゼ→
0x564470	10	ダＺダトヂヌゥ→ジミ
0x56447C	10	ェエェダェソィサェク
0x564488	10	ガ↑ガギェユェゲェク
0x564494	9	ズフグ木０ェぷェゥ
0x5644A0	10	ェぺェゲェフィサェネ
0x5644AC	10	ェゴェぽェツェヌゾナ
0x5644B8	10	ダァゲグェユェゲェク
0x5644C4	10	ェワィサェキェダェぺ
0x5644D0	10	ゴぶゥ×ゥ◎バツジミ
0x5644DC	10	ェべェでェダェセィサ
0x5644E8	10	ェジェぢェケェヲェダ
0x5644F8	6	ズ９ザオゾナ
0x564500	10	ギぢゼＤゥ→ェロェク
0x56450C	10	ェネェヲェヤェだェダ
0x564518	10	ェワィサェキェダェぺ
0x564524	9	ゴゥグガガ物ボデ坊
0x564530	10	ゼウガ↑ド←ザ＠ゲゥ
0x56453C	10	ヂゾゲ＋ゥ→ゴシゥ４
0x564548	9	ザ換パゥ→ゴシゥ４
0x564554	10	ェヤェぺェギィサェヘ
0x564560	10	ゲＯヅズゥ→ゴシゥ４
0x56456C	9	ゾュギ」ゥ濃Ｙゥ」
0x564578	9	ドフザムゥ濃７ゥ峨
0x564584	10	ズＷドＩゥ→ゴシゥ４
0x564590	10	ゼソゥ０ゥ覗　／ゥＲ
0x5645A0	12	ェエェぢェユェゲィサェネ
0x5645B0	12	ェぼェダェソィサェゴェロ
0x5645C0	12	ジドガ２ズ）ェゥェぺェガ
0x5645D0	12	ェエェガェヲェダェソィサ
0x5645E0	12	ドトゥＪゥ０ェぶィサェガ
0x5645F0	12	ェホェギェぱェギェぼェク
0x564600	12	グゲゲセェゴェロェツェヌ
0x564610	12	ェモェべェぺェツェモィサ
0x564620	12	ズＩゼワェヲェカィサェダ
0x564630	12	ェナェゲェぱェフェカェク
0x564640	12	ェエェぢェヤェギィサェケ
0x564650	12	ェエェぢェマィサヂでザ…
0x564660	11	ゲリヂえゴェロェツェヌ
0x564670	12	ダＺダトヂヌヂＢズＫギ循
0x564680	12	ェタェどィサェダェシィサ
0x564690	11	グＢド論◎ジＶガＰガヤ
0x5646A0	12	ェぼェダェソィサェゴェロ
0x5646B0	12	ゥ６ゥ、ゥ４ゥＹゥ０ゥ峨
0x5646C0	14	バぞデぴゥ→ェばェギィサェヌ
0x5646D0	13	バぞデぴゥ→ヂ歓５ゲリザぜ
0x5646E0	14	ェマェギェぞダキギべゼヅゾユ
0x5646F0	12	ガ論駈Ｒェゴェロェツェヌ
0x564700	14	ェミェぢェゴェぱェフェカェク
0x564710	13	ゥ←ゥＣゥ駒ぶェぶェべェン
0x564720	14	ゥＲゥ７ゥ㎞ゥ９ゲセェゴェロ
0x564730	14	ェミェジィサェネェクィサェテ
0x564740	13	ズフグ木０ェウェぱェユェギ
0x564750	14	ェぼェダェソィサェゴェロゥア
0x564760	14	ェムィサェゴィサェぱェツェぷ
0x564780	14	ェぽェダェフェグェネェツェぺ
0x564790	14	ェギェンェツェセィサェぶェヤ
0x5647A0	14	ェぼェダェソィサェゴェロゥア
0x5647B0	14	ェぼェダェソィサェミェダェタ
0x5647C0	14	ェぼェダェソィサェメィサェァ
0x5647D0	16	ゲイドミェラェギェイェヨェセィサ
0x5647E4	16	ェヤェゴィサェガゥ→ェアェギェガ
0x5647F8	16	ェぴェェェクェメェウィサズＤズフ
0x56480C	16	ェぞェツェヨェナェダェワダトヂヌ
0x564820	16	ェエェナェガェぢェヌェメィサェァ
0x564834	16	ゼ↑ゼヅゴツェゴェぽェツェヌゾナ
0x564848	15	ドスドエゥ濃７ゥＮゥＹゥ０ゥ峨
0x56485C	17	ヅぼザでゥ→ゴシゥ４ゥ捻♂ゥＶゥＲ
0x564870	18	ゼ㎏ゥ９ゥＢゼ５ゥ悩レゥ０ゴピゥ封Ｓ
0x564A79	4	サふいぜ
0x564A9C	5	クシふいが
0x564AC0	5	Ｍスふいぎ
0x564AE4	4	楢ふいぐ
0x564B08	5	Ｕスふいご
0x564B2C	5	ぽシふいざ
0x564B50	5	わテふいじ
0x564B74	5	がテふいぢ
0x564B98	5	くニふいど
0x564BBC	5	ミトふいで
0x564BE0	5	えチふいぼ
0x564C03	6	ァりセふいび
0x564C28	5	ぽテふいぽ
0x564C4C	5	ぃニふいア
0x564C70	5	ふニふいイ
0x564C94	5	ぃセふいエ
0x564CB8	5	っチふいぜ
0x564CDC	5	（シふいぜ
0x564D00	5	ぱチふいだ
0x564D24	5	トチふいぜ
0x564D48	5	◎シふいぞ
0x564D6B	6	ァぃスふいぜ
0x564D90	5	ワセふいぜ
0x564DB4	5	タテふいぜ
0x564DD7	6	ァがシふいぜ
0x564DFC	5	ミスふいぜ
0x564E20	5	Ｍサふいぜ
0x564E44	5	ペチふいぜ
0x564E68	5	６サふいぜ
0x564E8C	5	ァサふいぜ
0x564EB0	5	Ｍシふいぜ
0x564ED3	6	ァタスふいぜ
0x564EF8	5	みスふいぜ
0x564F1B	6	ァたチふいぞ
0x564F3F	6	たペトふいぞ
0x564F62	7	えァＥテふいぞ
0x564F86	7	いァ→ナふいぞ
0x564FAA	7	くァネシふいぞ
0x564FCF	6	みペシふいづ
0x564FF3	6	ＵＥスふいぞ
0x565018	4	軟ふいぜ
0x56503C	5	Ｕトふいぜ
0x565061	4	トふいぜ
0x565085	4	スふいぞ
0x5650A6	7	えァ◎スふいば
0x5650CB	6	タねツふいば
0x5650F0	5	シタふいば
0x565114	5	バサふいぜ
0x565138	5	がセふいぶ
0x56515C	5	クスふいぶ
0x565180	5	６スふいぶ
0x5651A4	5	ァシふいぶ
0x5651C8	5	ズソふいば
0x5651EB	6	ズみナふいぜ
0x565210	5	Ｕシふいぞ
0x565233	6	６ぃナふいぜ
0x565257	6	ァぽトふいウ
0x56527C	5	たシふいぜ
0x5652A1	4	ソふいば
0x5652C3	6	ァとタふいだ
0x5652E7	6	ァタツふいだ
0x56530C	5	フツふいぜ
0x565330	4	肓ふいぜ
0x565354	5	ズツふいぞ
0x565378	5	Ｉツふいぞ
0x56539D	4	セふいぞ
0x5653BF	6	ァ㎞ツふいぞ
0x5653E3	5	ァ楠ふいば
0x565407	6	ァ。サふいぜ
0x56542C	5	ミナふいぜ
0x56544F	6	ぜァナふいぜ
0x565475	4	スふいぜ
0x565498	5	くセふいべ
0x5654BC	4	似ふいぜ
0x5654DF	6	ぜぃシふいづ
0x565503	6	びリシふいぜ
0x565527	6	ぜ！ソふいび
0x56554B	6	ぜりチふいぞ
0x56556E	7	あァトセふいぞ
0x565594	5	ミチふいぱ
0x5655B8	5	ワチふいぱ
0x5655DC	5	ぜスふいぱ
0x5655FF	6	ァぽスふいぜ
0x565624	5	ペセふいび
0x565649	4	シふいぜ
0x56566C	5	Ｙチふいぴ
0x56568D	8	くぜァ（スふいぞ
0x5656B2	7	ぃァペテふいぷ
0x5656D7	6	ォねシふいぺ
0x5656FD	4	ソふいぺ
0x565720	5	ねソふいぷ
0x565743	6	ァくシふいぜ
0x565769	4	シふいぜ
0x56578B	6	びごソふいぜ
0x5657AF	6	Ｕエソふいぜ
0x5657D1	8	くぽぜタソふいぜ
0x5657F8	5	ぜシふいぜ
0x56581C	5	ぜトふいぜ
0x56583F	6	ぜォサふいぜ
0x565864	5	びツふいぜ
0x565888	5	リツふいぜ
0x5658AC	5	ォツふいば
0x5658CE	7	こァ！ツふいば
0x5658F5	4	ツふいば
0x565916	7	れァくテふいば
0x56593A	7	ぞァみテふいば
0x56595E	7	たォづテふいば
0x565982	6	０ェ捺ふいぶ
0x5659A8	5	クセふいぶ
0x5659CC	5	（タふいぶ
0x5659F0	5	みシふいぜ
0x565A13	6	ぜ！サふいべ
0x565A38	5	くスふいぜ
0x565A5C	5	しソふいば
0x565A80	5	６シふいぜ
0x565AA3	6	ァ！スふいぜ
0x565AC8	5	ぃソふいぜ
0x565AEC	5	バスふいだ
0x565B10	5	ョスふいぜ
0x565B34	5	ぃツふいぞ
0x565B57	6	ァボツふいば
0x565B7C	5	ぽナふいば
0x565B9F	6	く◎タふいぞ
0x565BC5	4	タふいぞ
0x565BE7	6	ァぱセふいび
0x565C0C	5	ゲタふいぜ
0x565C2F	6	ぜ。チふいぴ
0x565C53	5	ァ鍋ふいぜ
0x565C77	6	ァぃトふいぞ
0x565C9B	6	ァ（ナふいば
0x565CBF	5	タ　ふいべ
0x565CE3	6	ァＥサふいぜ
0x565D08	5	㎞ソふいぞ
0x565D2B	5	Ｕ　ふいぜ
0x567038	4	ネスふい
0x567144	5	Ｅタふいあ
0x56714C	5	ほとそそそ
0x567250	5	ヂセふいい
0x567258	5	ふちすとと
0x56735C	5	ズシふいう
0x567364	5	のたここほ
0x567468	5	ぜチふいえ
0x567470	5	もねみこと
0x567574	5	６ソふいお
0x56757C	5	とつおこり
0x567680	5	クチふいか
0x567688	5	ふなせそそ
0x56778C	5	（サふいき
0x567794	5	ねせふそあ
0x567898	5	２タふいく
0x5678A0	5	りぬかおこ
0x5679A4	5	ォソふいけ
0x5679AC	5	もたくこも
0x567AB0	5	リソふいこ
0x567AB8	5	ぇふねそぇ
0x567BBC	5	リスふいさ
0x567BC4	5	たくおおり
0x567CC8	5	たセふいし
0x567CD0	5	つつひほそ
0x567DD4	5	ミセふいす
0x567DDC	5	ほにてのそ
0x567EE0	5	ねセふいせ
0x567EE8	5	やのにそあ
0x567FEC	5	とテふいそ
0x567FF4	5	ほとそそそ
0x5680F8	5	ぜセふいた
0x568100	5	おりあおあ
0x568204	5	ョセふいち
0x56820C	5	れほてそと
0x568310	5	みセふいつ
0x568318	5	もつしとそ
0x56841C	5	りシふいて
0x568424	5	やにせそそ
0x568528	5	◎サふいと
0x568530	5	ふてちとそ
0x568634	5	びシふいな
0x56863C	5	はのしとそ
0x568740	5	ヂセふいに
0x568748	5	ほてすこと
0x56884C	5	ズシふいぬ
0x568854	5	ほなここほ
0x568958	5	ぜチふいね
0x568960	5	もねもとと
0x568A64	5	６ソふいの
0x568A6C	5	のぬおこり
0x568B70	5	クチふいは
0x568B78	5	ふなたそそ
0x568C7C	5	（サふいひ
0x568C84	5	はせほちあ
0x568D88	5	２タふいふ
0x568D90	5	りのかおこ
0x568E94	5	ォソふいへ
0x568E9C	5	りたくこり
0x568FA0	5	リソふいほ
0x568FA8	5	ぇふねそぇ
0x5690AC	5	リスふいま
0x5690B4	5	たたおおり
0x5691B8	5	たセふいみ
0x5691C0	5	つとへみそ
0x5692C4	5	ミセふいむ
0x5692CC	5	めにてのそ
0x5693D0	5	ねセふいめ
0x5693D8	5	ゆはぬたあ
0x5694DC	5	とテふいも
0x5694E4	5	みねそそそ
0x5695E8	5	ぜセふいや
0x5695F0	5	もしもとぇ
0x569603	4	くェぺぜ
0x5696F4	5	ョセふいゆ
0x5696FC	5	れほてとと
0x569800	5	みセふいよ
0x569808	5	りけしとそ
0x56990C	5	りシふいら
0x569914	5	やにせそそ
0x569A18	5	◎サふいり
0x569A20	5	ふててねそ
0x569B24	5	びシふいる
0x569B2C	5	ふのしとそ
0x569C30	5	ミテふいれ
0x569C36	6	將のあおそそ
0x569C4C	5	ァきぃあき
0x569D3C	5	ョチふいろ
0x569D42	7	わあもほおとこ
0x569E48	5	ヂチふいわ
0x569E4E	7	わありほおとこ
0x569F54	5	Ａチふいを
0x569F5A	7	わあをほおとと
0x56A060	5	ズナふいん
0x56A068	5	ほとととこ
0x56A16C	5	Ｍチふいぁ
0x56A174	5	のしそそこ
0x56A278	5	ァトふいぃ
0x56A280	5	ほとそそそ
0x56A384	5	ズトふいぅ
0x56A38C	5	ほとそそそ
0x56A490	5	ァテふいぇ
0x56A498	5	ほほこそほ
0x56A59C	5	→ソふいぉ
0x56A5A4	5	ほほこそそ
0x56A6A8	5	Ｍセふいっ
0x56A6B0	5	のとととこ
0x56A7B4	5	２ナふいゃ
0x56A7BC	5	としことこ
0x56A8C0	5	Ｙセふいゅ
0x56A8C8	5	そねおほほ
0x56A9CC	5	エツふいょ
0x56A9D4	5	ほほこそお
0x56AAD8	5	ズテふいが
0x56AAE0	5	もほそそほ
0x56ABE4	5	Ｍナふいぎ
0x56ABEC	5	のしとほほ
0x56ACF0	5	。セふいぐ
0x56ACF8	5	とこここり
0x56ADFC	5	❤チふいげ
0x56AE04	5	ととあここ
0x56AF08	5	❤セふいご
0x56AF10	5	ほほそとと
0x56B014	4	　ふいざ
0x56B01C	5	ととそそそ
0x56B120	4	　ふいじ
0x56B126	6	將りとあここ
0x56B22C	4	綺ふいず
0x56B234	5	のことこお
0x56B338	4	罸ふいぜ
0x56B340	5	とこそそお
0x56B444	5	Ｅトふいぞ
0x56B44C	5	もほおこそ
0x56B550	5	Ｕテふいだ
0x56B558	5	りほおこそ
0x56B65C	5	。テふいぢ
0x56B662	7	ズありとあとと
0x56B768	5	Ｕサふいづ
0x56B770	5	のそここそ
0x56B874	5	（テふいで
0x56B87C	5	とほここお
0x56B980	5	バシふいど
0x56B988	5	としここお
0x56BA8C	5	！シふいば
0x56BA94	5	そこここお
0x56BB98	5	タシふいび
0x56BBA0	5	つくここお
0x56BCA4	5	やソふいぶ
0x56BCAC	5	とととこお
0x56BDB0	5	。トふいべ
0x56BDB6	7	わあもととこお
0x56BEBC	5	。スふいぼ
0x56BEC2	7	ぜあほねここぇ
0x56BFC8	4	　ふいぱ
0x56BFCE	7	わあふほととり
0x56BFE4	5	ズュりあエ
0x56C0D5	4	ツふいぴ
0x56C0DA	7	わあほねおほほ
0x56C1E0	5	しツふいぷ
0x56C1E8	5	にくここお
0x56C2EC	5	（トふいぺ
0x56C2F4	5	やにせそそ
0x56C3F8	5	。シふいぽ
0x56C400	5	ぇほのとぇ
0x56C414	5	ァきみくゥ
0x56C504	5	たトふいア
0x56C50C	5	のしとそお
0x56C610	5	ペサふいイ
0x56C618	5	ほたのとと
0x56C71C	4	難ふいウ
0x56C724	5	ほほそそそ
0x56C828	5	やツふいエ
0x56C830	5	ほほここほ
0x56C934	5	ネタふいオ
0x56C93C	5	ものそそそ
0x56CA40	5	びソふいカ
0x56CA48	5	ほととそそ
0x56CB4C	5	ミシふいキ
0x56CB54	5	のたそそこ
0x56CC58	5	ズスふいク
0x56CC60	5	のとおおお
0x56CD65	4	ナふいケ
0x56CD6C	5	そくととお
0x56CE70	5	みトふいコ
0x56CE78	5	もことそそ
0x56CF7C	5	フソふいサ
0x56CF84	5	ととあここ
0x56D088	5	がスふいシ
0x56D090	5	のおおとお
0x56D194	5	Ｅシふいス
0x56D19C	5	のおおとお
0x56D2A0	5	ズサふいセ
0x56D2A8	5	のそここそ
0x56D3AC	5	たナふいソ
0x56D3B2	6	將のあおそそ
0x56D3C8	5	ァきぃッヴ
0x56D4B8	5	ボソふいタ
0x56D4C0	5	のしもとと
0x56D5C4	5	Ｉソふいチ
0x56D5CC	5	りほそそそ
0x56D6D0	5	ァスふいツ
0x56D6D8	5	ほにこそそ
0x56D7DC	5	ねスふいテ
0x56D7E4	5	のしことこ
0x56D8E8	5	Ｕソふいト
0x56D8F0	5	とねここと
0x56D9F4	5	ぜナふいナ
0x56D9FC	5	とととこお
0x56DB00	5	たスふいニ
0x56DB08	5	とこそそほ
0x56DC0C	5	ごツふいヌ
0x56DC14	5	もにとそそ
0x56DD18	4	縄ふいネ
0x56DD20	5	のくこそそ
0x56DE24	5	りスふいノ
0x56DE2C	5	もつおそそ
0x56DF30	5	ョシふいハ
0x56DF38	5	ほつつほそ
0x56E03C	5	くタふいヒ
0x56E044	5	ほとととそ
0x56E148	5	ペスふいフ
0x56E150	5	のたそそこ
0x56E254	5	みタふいヘ
0x56E25C	5	ととほそお
0x56E360	5	びスふいホ
0x56E368	5	ほとこそそ
0x56E46C	5	わタふいマ
0x56E474	5	とつそほそ
0x56E578	5	がタふいミ
0x56E580	5	のせほそと
0x56E684	5	Ａセふいム
0x56E68C	5	のにせそそ
0x56E790	5	づタふいメ
0x56E798	5	のにせそそ
0x56E89C	5	ふチふいモ
0x56E8A4	5	とにせそふ
0x56E9A8	5	ぽタふいヤ
0x56E9B0	5	のこそそそ
0x56EAB4	5	６ツふいユ
0x56EABC	5	ほたくこほ
0x56EBC0	5	ヤタふいヨ
0x56EBC8	5	ほとおこほ
0x56ECCC	5	Ｕツふいラ
0x56ECD4	5	もとことほ
0x56EDD8	5	→ツふいリ
0x56EDE0	5	のとととこ
0x56EEE4	5	」タふいル
0x56EEEC	5	そほととこ
0x56EFF0	5	ァタふいレ
0x56EFF8	5	のねしほほ
0x56F0FC	5	バタふいロ
0x56F104	5	もくことお
0x56F208	5	タトふいワ
0x56F20E	7	わあのあおそそ
0x56F224	5	ァきぃあき
0x56F314	5	タナふいヲ
0x56F31A	7	わあのあおそそ
0x56F330	5	ァきぃッヴ
0x56F420	5	ョサふいン
0x56F426	6	將そこここほ
0x56F52C	5	Ｑタふいヴ
0x56F532	6	將そこここほ
0x56F638	9	ドペゾホジ￥ズ寝Ａ
0x56F644	28	ジ￥ゥ７ゥ・ェミェジェヨェゴェぷェダィロゥアゥ８ゾュギ」
0x56F664	16	ェミェジェヨェゴィぜェゲェリェグ
0x56F680	7	ズ×ゾ　◎ゥＪ
0x56F68C	7	ズ×ゾ　◎ゥＪ
0x56F698	16	ェミェジェヨェゴィぜェゲェリェグ
0x56F6AC	7	ズ×ゾ　◎ゥＪ
0x56F6B8	7	ズ×ゾ　◎ゥＪ
0x56F6CC	8	ェミェジェヨェゴ
0x56F6D8	8	ェミェジェヨェゴ
0x56F6E4	11	Ａとへい刺へいりなへい
0x56F700	20	㎞とへい２とへいＩとへい６とへい！とへい
0x56F7BC	107	しんへいボをへいボわへいぱっへいふっへいエぉへいふぉへい❤をへいヂぉへいＱるへい❤ぃへいヤぇへい㎞ぃへいＩぅへいゲゃへいトっへいとっへいネヌへいァヌへいっわへいふをへいっバむい❤ぅへいＩろへいシＡもいぃＬむい錆へい
0x56F844	24	シぉへいＹぬへいがにへいたぬへいぱにへい。にへい
0x56F882	6	さい２ぬえい
0x56F89C	4	２ぬえい
0x56F8B8	4	２ぬえい
0x56F8DC	10	２ぬえいくあさいあい
0x56F8E9	11	あさい窄さいえあさいい
0x56F97D	4	あしかし
0x56F9E9	4	んん　も
0x56FA34	4	あしかし
0x56FAC7	4	ぜぜ　も
0x56FDB8	55	◎のへいミはへいっひへいづふへい踏へい」ふへいっはへいトへへいゲふへいＥはへいふへへい。ねへいネのへいバのへい
0x5700DC	4	シールド
0x5700E4	4	シールド
0x5700EC	4	シュート
0x570104	4	シンカー
0x57011C	4	ナックル
0x570124	4	ナックル
0x570134	4	フォーク
0x57013C	4	フォーク
0x57014C	4	シュート
0x570154	4	ドロップ
0x57015C	4	ドロップ
0x570164	4	シールド
0x57016C	4	スピード
0x570174	4	スピード
0x57017C	4	スピード
0x570184	4	シンカー
0x57018C	4	スピード
0x570194	4	スピード
0x57019C	4	スタミナ
0x57020C	5	Ｈシュート
0x570218	5	Ｈシュート
0x570224	4	スタミナ
0x570230	4	スタミナ
0x57023C	4	スタミナ
0x570248	4	スタミナ
0x570254	5	スライダー
0x570260	5	ブラスター
0x57026C	5	スライダー
0x570278	5	スクリュー
0x570284	5	ブラスター
0x570290	5	スクリュー
0x57029C	5	ブラスター
0x5702A8	5	Ｈシンカー
0x5702B4	5	Ｈシンカー
0x5702C0	6	Ｓスライダー
0x5702CC	6	Ｓスライダー
0x5702E4	6	Ｖスライダー
0x570308	6	Ｖスライダー
0x570338	6	あばたボール
0x570344	6	あばたボール
0x57035C	6	コントロール
0x570380	6	Ｈスライダー
0x57038C	6	Ｈスライダー
0x570398	6	カットボール
0x5703A4	6	カットボール
0x5703B0	6	スローカーブ
0x5703BC	6	スローカーブ
0x5703C8	7	ドロップカーブ
0x5703D4	7	ドロップカーブ
0x5703E0	7	ミートカーソル
0x5703EC	7	ミートカーソル
0x5703F8	7	ミートカーソル
0x570404	7	チェンジアップ
0x570410	7	チェンジアップ
0x570428	6	コントロール
0x570434	6	コントロール
0x570440	6	コントロール
0x570458	6	コントロール
0x570488	8	サークルチェンジ
0x570494	8	サークルチェンジ
0x5705A4	4	最初から
0x570620	12	カーブ系オリジナル変　球
0x570634	12	カーブ系オリジナル変　球
0x570648	7	装備を変更して
0x570660	5	で買った→
0x570670	13	シンカー系オリジナル変　球
0x570688	13	シンカー系オリジナル変　球
0x5706A0	13	シュート系オリジナル変　球
0x5706B8	13	シュート系オリジナル変　球
0x570700	13	フォーク系オリジナル変　球
0x570718	13	フォーク系オリジナル変　球
0x570748	14	スライダー系オリジナル変　球
0x570760	14	スライダー系オリジナル変　球
0x5708ED	37	まへいくみへいエまへいぱまへいわまへいごまへいっまへいふむへい体へい浣へい
0x57099D	163	みへいえむへいびめへいエめへいＵやへい！やへいづまへいＹほへいネみへいヤみへいぃやへいびやへいＡほへいしまへい→まへい！まへいタやへいリやへい」ほへいトまへいエほへいづほへいシほへいみみへいづみへいシみへいやまへいボほへい２ほへいＩめへい」めへい❤むへいヂもへいがゆへいヂほへいバみへい→ほへいヂめへいＩほへいふほへいごりへい
0x570A44	4	とりへい
0x570A4C	4	りりへい
0x570A94	29	Ａぃへい！１はいた３はいが３はい→をへい２んへいた３はいせ
0x570B01	20	ろへい！１はい」ぇへいた３はいワれへい（
0x570B16	23	さいトぉへい！１はいＩっへいり３はいぽ３はい（
0x570B2E	11	さいみ３はいやぃへい（
0x570B3A	11	さいやぃへいみ３はい（
0x570B46	29	さいた３はいＱんへい瀉へい」レまいくるへいＹカまいぽぢへい
0x570B65	5	あさいせい
0x570B6C	5	やあさい（
0x570BB5	8	レへいＩぉへい（
0x570BBE	69	さい」っへいわユへいえょへい執へい◎でへい！１はいヂぃへいＩヨまいがキへいボヅほいタりへいた→まい→づへいョマへい枝へい→Ｑほいづごへいづ
0x570C06	10	みいヤぴへいミむまい
0x570C14	11	ズョほい溽へい６ヌへい
0x570C24	10	ヂマみいぜげへいダあ
0x570C76	4	さいそい
0x570C89	22	りへいやはまいごづへいがィほいぜぽへい特ほい
0x570CA1	6	るへい拾ほい
0x570CAC	4	ゲずまい
0x570CB4	18	ボうほいＭょへいネァへい（ざへいダあ
0x570CED	42	パへいリずへいふボへいヤわへいえレほいぱわへいズＲまい２でへいぃべむい凪へいァツまい
0x570D1C	52	ネ９ほいづんへいぃデへいボばへい❤Ｓへい◎ざへいクギへいゲゅへい❤プみいえべへいが」へいとびへい尅さいい
0x570D54	51	ゲわまいトびへいた㎞へいやゃへいタ狐いトぼへいネめほいＭぽへいくＩほいヤりへい→モへいョべへいＱさまい
0x570DC5	11	ヨへいバゅへいみげほい
0x570DD4	20	！マへいネげへいし９まい！ケへい。ミへい
0x570DEC	20	づＸみいワぽへいズぽほいがタへいぱ％ほい
0x570E04	36	ァ８へいズだへい。ノへい。ぞへいリビへいボウへいネみほいエげへいっホほい
0x570E2C	20	び？へいワげへいタさみいとぐへいＵヌへい
0x570E44	4	びバほい
0x570E4E	64	へいズげへいね１へいづぐへいＡケみいＩりへいた♀へいしぼへいご／へいヤゅへいＡでほい！タへい㎞ヴへいＹょへいくダへいエぜへいダあ
0x570E94	65	ワヤへいＡょへいエブへい酸へいヂＲへい６づへいしっまい㎞ずへいシっへい→をへいペバへい。ょへい　ほいシりへいっﾑいりオへいふネへい
0x570F69	28	ぜへいみゆまいＡぇへいズＭへいヂぇへい❤ヒほいズぢへい（
0x570F86	71	さいた３はい❤ンへいびがへいズャへいリりへい６コまいォれへい→笈い施へいとちみいやばへいＩげまいっぐへいァ４まい６ぴへいとャほいっどへい種ほい
0x570FD4	4	尅さいい
0x570FDC	47	バメまい６ぜへいＱ↓へいＡぶへいォュまいたぷへいと虜いづをへい◎イほいＡずへいぜヨへいトょへい
0x57100D	7	０まい㎞ぱへい
0x571015	26	ペへい◎ずへいＱ㎏へいぃごへい」りまい　へいネはほい
0x57103E	71	ほいぃぢへい→Ｗほいズぞへいぜほむい磋へいっぐみいくざへいふ（まいづぷへいく～まいＥぢへい→ムへいＱゅへい→おみいＩべへいＹ→みいとぴへいダあ
0x57108C	28	。ダへいがぜへいく／ほい」ぁへい㎞Ｉへいォどへい！！へい
0x5710B5	11	ピへいォぐへいやくまい
0x5710C5	51	あさいごあさいがマへい」どへいリニまいりょへいやヤへいＥゅへいＥたほいＱりへい２ラほいぽぞへい２ェほい
0x5710FC	16	ネほほいフごへい（しほいぃずへい
0x57110D	11	あさいごあさい◎せほい
0x571126	25	へい　へいミィへいヤぐへいみぱほいふぜへい❤ヌへい
0x571144	67	リリへいシゅへいやＦほいヂるへいゲ６ほいァりへいがざほい２ぐへい。グまいごびへいぜルへい撞へいトゲへい。りへい→～ほい」ゅへいりＵへい
0x5711AE	9	へいＭりへいァ惨い
0x5711BC	19	ョパまい❤りへいやＦみいっイへいぃへい
0x5711D4	4	びェまい
0x5711DC	57	ねゴへい（げへいびどみいＭげへいわ♀まいペょへいわＩまいねげへいえグへいみぎへいゲレへいわぎへいくパへいたどへい（
0x57121A	6	さいヤおほい
0x571225	10	ﾎいぽゅへいヂわほい
0x571269	21	ざへい蜥へいエぶへいがベへい四へいえフへい
0x571284	4	ゲぢほい
0x57128C	65	Ｉ肥いわげへい　へい◎りへいＵヒへいごがへい❤ワへいゲぎへいズふみいＥぷへい２ェへいやがへいぃネみいっぞへいしハへい椴へい！Ｎほい
0x5712D5	11	オほいタづへいォホまい
0x5712E1	7	ずへい。ネへい
0x5712EC	4	タノへい
0x571335	27	スほいふスへいリムへい２ゅへいびＦへい→げへいバＤまい
0x571354	64	ごジへいＹぼへいがキほいフりへいエ＠へいえるへいみヘへい禿へいネ・へい２げへいぱきほいくごへいワゼへいＥぎへいクぷほい」ぐへい（
0x571396	70	さいォぇへいボホへいしがへいねＥへいねづへい覬へいァでへいＹあほいワょへいと１ほい６テへいタヴへいっょへいし、まいえぶへいづヴみいトぐへい（
0x5713DE	17	さいみ３はいわュへいＭじへいぃまい
0x5713F6	6	まいクごへい
0x5713FD	113	ドへいァぶへいヂ！ほい変へいＩサほいＥだへいワりほいたぢへいァＶへいづシへいミロへいォがへいネョへいボりへい◎メへい６がへいネ７へい２ぎへいＡ壇いボぅへいペ×へい。ぢへい❤トほいバざへいフめみいＵりへいォゥへいやるへいりけほい
0x571474	83	ふレへいネりへいタヅへいぽざへいタペほいぱばへいォハへいミだへいとェへいただへいぱズほい❤びへいＭ…へいぃだへいくガへいづぎへいリハまいシでへいタワへいズがへい覗ほい
0x5714CC	12	Ｕハへいバぎへい尅さい❤
0x5714DA	18	さいみメへいたょへい皐まい届へいダあ
0x5714F4	52	た０へいふょへいバえまいワりへいやムへい→がへい（ょまいタずへい」タみいぽウへい。ぐむいみぺへいミよほい
0x571546	18	ほい２りへいタラみいＱイへいョれほい
0x5715AD	27	ィへいとぎへいりミへいクょへいぃュみいミぞへい尅さいい
0x5715CC	72	み２へいぱょへいォにまいっれへいふＫへいズずへいＭズへいネぎへいぜばまいボゃへい尅さいっをへいォノほい。じへいクッへいづゅへい！ヲへいくぎへい（
0x571616	42	さいフゃへいっォへいＥりへいが、へいヂょへいヤメへいごゃへいネふほいミぢへいごネへい
0x571659	11	がへいぃ…ほいふごへい
0x571665	5	あさいせい
0x57166C	12	ミ』へいＩぱへい尅さいい
0x57167C	36	→Ｔほいトゃへいふモへい」ぎへいみぼまいＹぜへいズツほいわぶへいわノへい
0x5716A4	12	→Ｂへいョじへいくぎほい
0x5716C5	33	ブほいフアへいが折いぜょへい６ＺへいクじへいゲまいえげへいＵ＋へい
0x5716EC	36	ぽ㎏まい（べへいびジみいワるへいづ５へいミぜへいづタほいヂぼへいＩグへい
0x571714	28	Ｍヘへい（りへいねＯみいタがへいく❤へい㎞りへいズドみい
0x571735	70	ぶほい狢へい❤リへいしるへいエずほいョりへいづＣほいＥぞへいフヘへいクりへい」ヤへいがぎへい！１はいわぃへい！っほいァごへいボつほいがぼへい
0x57177D	5	あさいせい
0x571784	27	ね海いＩゃへい→ＮへいＩぐへいＩぃほいやぱへいヂノへい
0x5717A4	12	ぽ３はい！１はいョユへい
0x5717B4	47	びハへいぽだへいエうむいりカへいクラへいぃがへい獣ほいミょへいＭラへいリがへい！１はいわぃへい
0x5717E5	7	あさいごあさい
0x5717ED	7	ヒへいォぉへい
0x5717FC	184	ヤぱみいゲぜへいシ＋ほい　へい→ゴへいぽぎへいネやほいペりへい能むいリイへい２ろへい❤るへいぱろへい２ろへい❤るへいぱろへい２ろへい❤るへいぱろへい２ろへい❤るへいぱろへい２ろへい❤るへいぱろへい２ろへい❤るへいぱろへい２ろへい❤るへいぱろへい２ろへい❤るへいぱろへい２ろへいヂわへいぱろへいみ３はい！１はいォをへい２ろへい２ぃへいぱろへい２ろへい❤るへいぱろへい９あ
0x5718C5	9	んへいぱろへい８あ
0x571908	6	！１はいダあ
0x57191C	7	搭さい！１はい
0x571925	5	あさいづい
0x571931	13	んへいぱろへいた３はいダあ
0x571955	9	んへいぱろへい９あ
0x571964	10	！１はいた３はいＤあ
0x571979	12	んへいぱろへい尅さい（い
0x57198A	40	さい２ろへいヂわへいぱろへい２ろへい２ぃへいぱろへい２ろへいヂわへいぱろへい６あ
0x5719B8	5	搭さいＢあ
0x5719C4	8	搭さい尅さい（い
0x5719D0	10	ヤるへい！１はい６あ
0x5719E0	6	た３はいダあ
0x5719F8	5	尅さい（い
0x571A18	9	ワれへい尅さい）い
0x571A24	5	ワれへい（
0x571A2A	28	さい❤ぁへい！１はい２ろへい❤るへいぱろへい！１はいＡあ
0x571A99	8	んへいぱろへい（
0x571AD5	105	んへいぱろへいた３はいみ３はいり３はい２ろへい２ぃへいぱろへい２ろへい２ぃへいぱろへい２ろへい２ぃへいぱろへい２ろへい２ぃへいぱろへい２ろへい２ぃへいぱろへい２ろへい２ぃへいぱろへい２ろへい２ぃへいぱろへいゼあ
0x571B44	44	搭さい２ろへい２ぃへいぱろへい２ろへい２ぃへいぱろへい２ろへいヂわへいぱろへい尅さい（い
0x571B74	65	っをへい２ろへい２ぃへいぱろへい２ろへいヂわへいぱろへい２ろへいヂわへいぱろへい２ろへい❤るへいぱろへい２ろへいヂわへいぱろへい（
0x571BB6	71	さいトるへいやんへい２ろへい❤るへいぱろへい２ろへいヂわへいぱろへい２ろへい２ぃへいぱろへい２ろへいヂわへいぱろへい２ろへいヂわへいぱろへい（
0x571C09	15	ぃへいた３はい！１はい尅さい將
0x571C1C	5	！１はいい
0x571C24	7	尅さいわわへい
0x571C34	7	尅さいわわへい
0x571C46	15	さいヂぁへいワゃへい２をへい（
0x571C56	8	さいた３はいダあ
0x571C64	5	尅さいいい
0x571C6E	4	さい（い
0x571C74	4	尅さい（
0x571C7A	15	さいゲっへいとわへい尅さい（い
0x571C8E	7	さいワれへい（
0x571C96	8	さいた３はいＤあ
0x571CAC	4	搭さいう
0x571CB4	20	２ろへいヂわへいり３はいた３はい尅さいｲ
0x571CD9	17	んへいみ３はいぱろへいた３はいダあ
0x571CF6	10	さい尅さいぱゃへいむ
0x571D04	25	２ろへい❤るへい搭さいぱろへいた３はいぜ３はいよあ
0x571D2C	9	搭さいみ３はいあい
0x571D3C	8	搭さい６１はい（
0x571D46	8	さい㎞わへい９あ
0x571D54	6	！１はい６あ
0x571D60	5	搭さいあい
0x571D74	5	搭さい８あ
0x571D80	13	やぇへい！１はいみ３はい（
0x571D8E	8	さい６１はいＢあ
0x571D9C	7	搭さい尅さいｲ
0x571DA9	5	あさいづい
0x571DB2	4	さいそい
0x571DB8	25	◎ねえいっあさいがあさいごあさいトぁへいやあさい（
0x571DD2	6	さい尅さいｲ
0x571DDC	9	ワろへいワれへい（
0x571DE6	6	さい尅さいｲ
0x571DF0	9	っぅへいワれへい（
0x571DFA	15	さい❤ぁへい！１はい尅さいいい
0x571E0E	6	さい尅さいｲ
0x571E18	13	えぅへいワれへい尅さい（い
0x571E3C	4	尅さいｲ
0x571E46	4	さいＢあ
0x571E50	12	搭さい尅さいた３はい６あ
0x571E64	5	搭さいダあ
0x571E78	5	搭さい６あ
0x571E94	5	搭さい６あ
0x571EA0	13	搭さいぽ３はいた３はい６あ
0x571EB4	4	搭さいつ
0x571EC8	5	搭さいあい
0x571ED6	22	さいふろへいＡぉへいＩをへい」ゃへい２ろへい
0x571EF4	15	搭さい❤るへいぱろへい２ろへい
0x571F0C	12	搭さい２ぃへいぱろへい（
0x571F1A	23	さいＩぃへいごぁへいっぁへい使へいぱれへいあい
0x571F38	9	搭さい！１はいダあ
0x571F48	5	尅さい（い
0x571F60	30	っあさいがあさいごあさいトぁへいやあさいわぁへい！１はいＧあ
0x571F90	26	っあさいがあさいごあさいトぁへいやあさいわぁへい９あ
0x571FB0	17	搭さいＡぅへい！１はい㎞れへいＦあ
0x571FC8	18	搭さい尅さいォぃへいふをへい尅さいｲ
0x571FE2	8	さい！１はい（い
0x571FEC	14	ワれへい！１はいＹぃへい６あ
0x572000	4	搭さいと
0x57200D	5	んへいＤあ
0x572018	12	搭さいぱろへい尅さい％い
0x572030	4	搭さいて
0x572038	5	尅さいブあ
0x572058	9	搭さい！１はいダあ
0x572070	5	搭さい６あ
0x57207C	6	み３はい６あ
0x572088	9	搭さいた３はいＢあ
0x572098	10	２ろへい２ぃへいＤあ
0x5720A8	9	搭さいぱろへいＢあ
0x5720B8	8	搭さい尅さい（い
0x5720C4	6	た３はいあい
0x5720D0	4	搭さい（
0x5720D6	15	さいトぉへいボれへいみあさいす
0x5720E8	5	やあさい（
0x572118	5	搭さいあい
0x572130	5	搭さいあい
0x572148	5	搭さいあい
0x572160	5	搭さいあい
0x57216C	6	み３はいあい
0x572178	9	搭さい６１はいよあ
0x572188	10	２ろへいヂわへいＤあ
0x5721A8	5	搭さいあい
0x5721B4	8	み３はい２ろへい
0x5721C4	40	搭さいヂわへいぱろへい尅さいっあさいがあさいごあさいトぁへいやあさいわぁへいＢあ
0x5721F9	5	あさいづい
0x572200	34	尅さい！１はいっあさい尅さいがあさいごあさいトぁへいやあさいわぁへい
0x572225	5	あさいせい
0x57223A	8	さいワれへい９あ
0x572248	4	搭さいね
0x572258	6	！１はいＡあ
0x572264	10	シぁへいＹぃへい６あ
0x572291	35	るへいみ３はいっあさいがあさいごあさいトぁへいやあさいわぁへい２ろへい
0x5722C1	41	んへいた３はいぱろへいっあさいがあさいごあさいトぁへいやあさいね３はい！１はい６あ
0x5722F0	5	搭さいあい
0x5722FC	4	尅さいっ
0x57230C	9	搭さいみ３はいダあ
0x572322	15	さいシぉへいボろへい刺へいあい
0x572344	5	搭さいあい
0x572358	61	シっへいっあさいがあさいごあさいトぁへいみ３はいやあさいＡぃへいシっへいっあさいがあさいごあさいトぁへいやあさい尅さいブあ
0x5723A0	10	ワれへいっをへい９あ
0x5723B0	25	っあさいがあさいごあさいトぁへいやあさいわぁへい（
0x5723CA	7	さいワれへい（
0x5723DC	6	ヂろへいＢあ
0x5723E8	40	搭さい！１はい司へいっあさいがあさいやれへいトぁへいやあさいみ３はい！１はいＥあ
0x572418	4	搭さいけ
0x572420	5	ヂんへいき
0x572428	10	フれへいＹぅへいＦあ
0x572438	4	搭さいき
0x572440	5	ヤをへいお
0x572448	42	えわへいとんへいっあさいがあさいごあさいトぁへいやあさいわぁへいＩぇへいしわへいあい
0x572478	4	搭さいこ
0x572488	5	尅さい（い
0x572498	4	搭さいて
0x5724A0	5	Ａぁへいち
0x5724AD	5	ぁへいＡあ
0x5724B8	4	搭さいて
0x5724C0	5	２ぁへいち
0x5724C8	20	ワぁへいＹゃへい尅さいぱんへい！１はいｲ
0x5724E8	40	搭さいワれへいっあさいごあさい尅さいがあさいごぃへいトぁへいやあさいわぁへい６あ
0x572518	9	搭さいた３はいダあ
0x572538	5	搭さいあい
0x572550	4	尅さい」
0x572578	5	搭さいあい
0x572590	34	ごぃへいみ３はいね３はいっあさいがあさいごあさいトぁへいやあさいＢあ
0x5725B8	8	搭さい尅さい（い
0x5725C6	4	さいダあ
0x5725D0	17	っあさいごあさいトぁへいやあさい（
0x5725E2	14	さいがあさいごをへいＡわへい
0x5725F1	5	あさいづい
0x5725F8	14	Ｅ１はいた３はい！１はいあい
0x57260C	8	搭さいみあさいす
0x57262E	11	さいォをへいみあさいす
0x572652	11	さいォをへいみあさいす
0x572676	8	さいォをへい６あ
0x572684	28	搭さいっあさいがあさいごあさいトぁへいやあさいみ３はい（
0x5726A2	6	さい尅さいｲ
0x5726AC	6	ヤっへいＢあ
0x5726B8	4	搭さい」
0x5726BE	8	さいワれへいＤあ
0x5726CC	35	搭さいっあさいがあさいごあさいトぁへいやあさい！１はいっあさい尅さい」
0x5726F2	30	さいがあさいごあさいトぁへいやあさいわぁへいぱるへい！１はい
0x572711	5	あさいせい
0x572718	25	っあさいがあさいごあさいトぁへいやあさいわぁへい（
0x572732	14	さい→るへいＱゃへいとるへい
0x572748	16	ごぉへい❤ゃへいォっへい尅さい」
0x57275A	7	さいみあさいす
0x57277A	36	さいＩれへいごるへいふるへいしれへいごんへいワぃへいしぉへいトをへい６あ
0x5727EC	5	搭さいあい
0x5727FC	6	ね３はいよあ
0x57281C	5	搭さいあい
0x572828	10	やんへい！１はいあい
0x572838	7	搭さい尅さいつ
0x572844	5	っゃへいち
0x57284C	5	→ぅへい」
0x572852	7	さいみあさいす
0x572880	4	！１はい
0x572885	5	あさいづい
0x57288C	6	ヂろへい６あ
0x572898	8	搭さいっあさい」
0x5728A2	24	さいがあさいごあさいトぁへいやあさいみ３はい６あ
0x5728C0	5	ォをへい」
0x5728C6	7	さいみあさいす
0x5728E6	7	さいォをへい」
0x5728EE	7	さいみあさいす
0x57290E	8	さいわわへいＥあ
0x57291C	4	搭さいか
0x572924	4	潭へいえ
0x572934	10	エるへい㎞っへいＤあ
0x572944	5	搭さいあい
0x572988	12	搭さいぜあさい尅さいいい
0x5729A0	4	搭さいに
0x5729A8	6	！１はいダあ
0x5729BC	4	搭さいく
0x5729C4	5	シをへいか
0x5729CC	5	づろへいお
0x5729D4	9	ふわへい濱へい９あ
0x5729E4	32	搭さいがあさい尅さいっあさいごあさいトぁへいやあさいわぁへいＤあ
0x572A0C	4	搭さいに
0x572A14	5	ヤれへいと
0x572A1C	9	わをへい尅さい（い
0x572A28	6	づぃへいＤあ
0x572A34	4	搭さいの
0x572A3C	4	斬へいぬ
0x572A4C	8	Ｉんへいえぇへい
0x572A5C	5	搭さいＡあ
0x572A68	5	尅さい（い
0x572A72	4	さいダあ
0x572A7E	40	さい！１はいっあさいがあさいごあさいトぁへいやあさいわぁへいぱるへいワれへいＡあ
0x572AAC	4	搭さい（
0x572AB2	10	さい！１はい尅さいｲ
0x572ACC	4	尅さいｲ
0x572AD6	4	さい９あ
0x572AE0	17	！１はいやぅへいづれへいわぉへいけ
0x572AFC	5	搭さいあい
0x572B24	5	搭さいあい
0x572B4C	5	搭さいあい
0x572B74	5	搭さいあい
0x572BA8	5	搭さい８あ
0x572BB4	5	Ｉをへいつ
0x572BBC	5	」ゃへい（
0x572BC2	12	さい㎞わへい！１はい９あ
0x572BD4	24	搭さい尅さい→ぃへいフぃへいエぇへいごぇへい６あ
0x572BF4	8	搭さいみあさいす
0x572C16	7	さい司へいＩあ
0x572C24	4	搭さいう
0x572C2C	5	Ｑぃへいあ
0x572C34	4	ゲぃへい
0x572C3C	10	しっへいふぇへいあい
0x572C4C	8	搭さいトぇへいこ
0x572C58	6	！１はい６あ
0x572C64	6	ワれへいダあ
0x572C78	4	搭さいか
0x572C80	29	っあさいがあさいごあさいトぁへいやあさいわぁへいぱるへい（
0x572C9E	16	さいとんへいえわへいヤをへいＡあ
0x572CB8	17	づぇへい澡へい❤ろへいヤぅへいＤあ
0x572CD0	4	搭さいう
0x572CDC	5	わぇへいあ
0x572CE4	4	❤れへい
0x572CEC	12	フんへいシれへい司へい（
0x572CFA	44	さいっあさいがあさいごあさいトぁへいやあさいた３はいォわへいり３はい！１はい！１はいあい
0x572D45	33	るへいみ３はいっあさいがあさいごあさいトぁへいやあさいみ３はいＡあ
0x572D6C	24	搭さい炬へいわろへいシっへいっあさいごあさいＡあ
0x572D8C	29	があさいトぁへいやあさいわぁへい！１はいワれへいみあさいす
0x572DC6	4	さいダあ
0x572DD0	12	ォをへい尅さいわわへい（
0x572DDE	7	さいみあさいす
0x572DFA	4	さい６あ
0x572E18	4	搭さい」
0x572E1E	4	さい８あ
0x572E28	5	っぁへいそ
0x572E3D	28	ろへいっあさいがあさいやれへいトぁへいやあさい尅さいいい
0x572E6C	4	搭さいせ
0x572E74	5	っあさい」
0x572E7A	28	さいがあさいごあさいトぁへいやあさいわぁへいみ３はいあい
0x572EAC	5	Ｑろへいさ
0x572EB8	12	尅さいエをへいっわへい（
0x572EC6	7	さいみあさいす
0x572EE6	4	さいいい
0x572EF4	5	っあさい」
0x572EFA	24	さいがあさいごあさいトぁへいやあさいみ３はい６あ
0x572F18	4	搭さいお
0x572F26	36	さいシっへいやぉへいっあさいがあさいごあさいトぁへいやあさいわぁへいダあ
0x572F54	25	っあさいがあさいごあさいトぁへいやあさいぜ３はい（
0x572F6E	19	さいみ３はいワれへいわぁへい尅さいいい
0x572F91	5	あさいせい
0x572F98	4	尅さい（
0x572FA8	14	ヤるへいふぃへいっをへい６あ
0x572FBC	29	搭さいっあさいがあさいごあさいトぁへいやあさいわぁへいあい
0x57300C	4	搭さいた
0x57301E	10	さいＡっへい尅さいｲ
0x57302C	6	ＡろへいＡあ
0x57303D	8	るへいボぁへいえ
0x573058	5	搭さいあい
0x573074	10	！１はいみ３はいよあ
0x57308C	5	搭さい６あ
0x5730AC	14	み３はいがあさいごをへい６あ
0x5730C0	11	搭さいとゃへい尅さいお
0x5730D4	29	づゃへい炸へいフるへいわれへいＹっへいＩわへいわわへいあい
0x5730F8	4	搭さい（
0x5730FE	44	さいっあさいがあさいごあさいトぁへいやあさいわぁへいＩぇへいしわへい２んへい㎞んへいあい
0x573130	8	搭さいエぃへいた
0x573140	5	っぉへいこ
0x573148	5	えぉへいて
0x573150	5	っぇへいか
0x57315A	14	さい２んへいみ３はい司へい（
0x57316A	11	さい！１はい尅さいいい
0x573185	5	あさいづい
0x573194	6	ヂろへいＦあ
0x5731A0	4	搭さいえ
0x5731A8	5	→わへいい
0x5731B8	5	しぅへいあ
0x5731C0	4	ゲぁへい
0x5731C8	9	とぁへいトんへい（
0x5731D2	8	さいしぁへいあい
0x5731E4	36	ヂぅへいＱれへい２れへい」るへいＡんへい❤わへい史へいヤんへいボぉへい（
0x57320A	66	さいえゃへいボっへいＡぅへい→ぃへいフぃへいごぇへいエぇへいっぇへいエぃへいっぉへいえぉへい」ぃへい」ぇへいやぁへい尅さいわわへい（
0x57324E	7	さいみあさいす
0x57326A	4	さい６あ
0x573274	4	搭さいお
0x573282	7	さいた３はい」
0x57328A	5	さい尅さい
0x573291	5	あさいせい
0x573298	29	ごあさいっあさいがあさいトぁへいやあさいわぁへいぱるへいｲ
0x5732B8	12	ワれへい！１はい尅さいｲ
0x5732CA	4	さいＡあ
0x5732E9	4	るへいえ
0x5732F0	9	搭さいワれへい６あ
0x573308	9	！１はい尅さい（い
0x573318	4	搭さい❤
0x57331E	8	さいワれへいあい
0x57332C	12	えろへいふぁへい尅さいむ
0x573342	4	さい６あ
0x57334C	5	ぽあさいね
0x573354	9	！１はい搭さいダあ
0x573370	9	！１はい尅さいいい
0x57337C	5	っをへい❤
0x573382	4	さいあい
0x573398	6	シわへいダあ
0x5733B4	5	搭さいＡあ
0x5733C0	33	っあさいがあさいごあさいトぁへいやあさいわぁへいね３はい尅さい（い
0x5733E4	5	っをへい❤
0x5733EE	14	さい仔へい澤へいワぉへいＤあ
0x573404	6	」わへいあい
0x573411	4	れへいこ
0x573418	5	暫へいＢあ
0x573429	8	ぇへい炬へい６あ
0x573438	8	搭さい潯へい８あ
0x573448	8	Ｉぁへい尅さいお
0x573471	13	ぉへいぽ３はいぜ３はい６あ
0x573484	36	搭さいっあさいがあさいごあさいトぁへいやあさいみ３はい！１はいた３はい❤
0x5734AA	4	さいあい
0x5734B4	6	ワれへいあい
0x5734C0	5	搭さいＡあ
0x5734D0	37	み３はい！１はいっあさいがあさいごあさいトぁへいやあさいっをへいヤるへいそ
0x5734F8	9	シわへいシっへい（
0x573502	15	さいみ３はい！１はいみあさいす
0x57352A	8	さいっをへいあい
0x573538	13	搭さいえろへいワれへい８あ
0x57354C	8	搭さいォぇへい」
0x573556	4	さいＡあ
0x573560	17	尅さいぱぇへい！１はいエわへいＢあ
0x573578	6	ごれへい６あ
0x573584	13	しぃへいボろへい澡へい９あ
0x573598	25	っあさいがあさいごあさいトぁへいやあさいわぁへい（
0x5735B2	4	さいあい
0x5735BC	12	搭さいた３はい尅さいいい
0x5735CC	5	！１はいふ
0x5735D4	14	Ｉぇへいしわへい！１はい９あ
0x5735E8	9	搭さいヂぅへい６あ
0x5735F8	16	尅さいトわへいボぉへい」をへいさ
0x573610	5	Ａんへいこ
0x573618	5	」るへいけ
0x573620	12	２れへいＱれへい尅さい❤
0x573638	4	搭さいぽ
0x573678	5	尅さいそい
0x573680	4	ごっへい
0x573685	5	あさいせい
0x573694	12	搭さい！１はいぱぁへいそ
0x5736B5	9	をへいみあさいあい
0x5736C4	21	シろへいっあさいごあさいトぁへいやあさい（
0x5736DA	12	さいがあさいヂれへい６あ
0x5736EC	20	搭さいぱぅへいフぅへいＱんへい瀉へいよあ
0x573708	5	尅さいそい
0x573715	5	っへい６あ
0x573720	9	搭さいフゃへいＩあ
0x573730	9	尅さいトろへいＢあ
0x573740	5	溯へいＹあ
0x573750	5	者むいあい
0x57375C	13	みＬむいえをへいシゃへい（
0x57376A	12	さいぽ３はいた３はいあい
0x57377C	12	搭さいづわへいォぁへいつ
0x5737A0	30	み３はいっあさいがあさいごあさいトぁへいやあさいわぁへい８あ
0x5737C4	8	搭さいゲろへい」
0x5737CE	4	さいＡあ
0x5737D8	8	尅さいふれへいて
0x5737ED	5	ぃへい６あ
0x5737F8	24	→ぁへいしぃへいボろへいォゾむいぃあさい澡へい（
0x573812	24	さいボるへいしぇへい２わへいトぅへいシんへいＢあ
0x573838	33	→れへいＩぁへいフるへいＩわへい炸へいＹっへいづゃへいわれへい８あ
0x573860	9	ぱぃへいやろへい（
0x57386A	12	さい！１はいわんへい６あ
0x57387C	8	搭さいみあさいす
0x57389E	4	さい８あ
0x5738A9	5	あさいそい
0x5738B0	6	◎ねえいダあ
0x5738C8	9	搭さいトるへいＡあ
0x5738E4	17	尅さいぱぇへい！１はいゲるへいＢあ
0x5738FC	6	ごれへい６あ
0x573908	21	しぃへいボろへいォゾむいぃあさい澡へい６あ
0x573924	5	搭さい８あ
0x573932	7	さい尅さいＤあ
0x573940	5	→れへいか
0x573948	5	づるへいし
0x573958	13	やろへいシんへいトぅへいえ
0x573968	5	２わへいう
0x573970	8	しぇへいボるへい
0x573979	5	あさいづい
0x573982	4	さい６あ
0x57398C	5	みあさいす
0x5739AA	8	さい！１はいあい
0x5739B8	12	搭さいＱをへいォをへいい
0x5739CC	10	ごぅへいＱわへい９あ
0x5739DC	9	搭さい→るへいＡあ
0x5739EC	5	Ｑゃへいか
0x5739F4	5	とるへいき
0x5739FC	9	ごぉへい！１はい（
0x573A06	4	さいあい
0x573A10	12	尅さいォっへいえをへいく
0x573A20	18	❤ゃへい２ぅへいＹぁへいＡゃへいＢあ
0x573A38	5	搭さいあい
0x573A44	5	みあさいす
0x573A8C	5	ォをへい（
0x573A92	31	さいふぇへいしっへいゲぃへいＱぃへい㎞るへい溯へい❤ぇへいＢあ
0x573AB8	10	えんへいフっへいあい
0x573AC8	57	ＹるへいフをへいえぃへいエゃへいしゃへいＹぅへいフれへいヂんへいエれへいフわへいっあさいごあさいトぁへいやあさい（
0x573B02	12	さいがあさいＡわへいあい
0x573B14	5	搭さいＢあ
0x573B20	5	尅さい（い
0x573B32	4	さいＤあ
0x573B4D	4	っへい（
0x573B52	12	さい㎞わへい！１はい９あ
0x573B64	8	搭さい尅さいそい
0x573B70	10	えぅへいっぅへい６あ
0x573B84	14	ごあさい」ぅへい㎞れへいＢあ
0x573B9D	5	あさいづい
0x573BAC	13	えんへいとをへい！１はい（
0x573BBA	28	さいっあさいがあさいごあさいトぁへいやあさいわぁへいあい
0x573BDC	8	搭さいみあさいす
0x573BFA	4	さいダあ
0x573C0C	14	えろへい❤ぉへいワれへい６あ
0x573C20	4	搭さい（
0x573C34	5	みあさいす
0x573C52	8	さい！１はいあい
0x573C60	5	Ｑをへいい
0x573C69	5	あさいづい
0x573C74	9	ごぅへいわっへいす
0x573C80	5	やあさい（
0x573C86	8	さいみあさいあい
0x573C94	5	搭さい６あ
0x573CB6	44	さいやをへい２ぇへい→ブむい」デむいＱぉへいヤろへい㎞をへいボぃへいがあさいヂれへい９あ
0x573CE8	8	搭さいえゃへいと
0x573CF4	5	ボっへいぬ
0x573CFC	6	Ｑぅへいあい
0x573D18	5	やぁへいね
0x573D20	5	ワっへいは
0x573D2C	13	」ぃへいシビもいぜあさいけ
0x573D44	6	Ａるへい８あ
0x573D50	12	搭さいヂぁへい尅さい６あ
0x573D6C	9	しぃへいわんへい」
0x573D76	8	さいボろへいＡあ
0x573D84	5	ワゃへいさ
0x573D8C	5	２をへいて
0x573D94	29	ぱぇへい！１はいワビもいぜあさいォゾむいぃあさい澡へい９あ
0x573DB8	9	搭さいＡっへいＡあ
0x573DC8	8	Ａろへい尅さいえ
0x573DD8	5	とろへいう
0x573DE0	5	！１はい」
0x573DE6	4	さい８あ
0x573DFC	5	ゲわへい（
0x573E02	23	さいＹろへいえをへいぱんへいボぁへい伺へい６あ
0x573E20	9	搭さいＩぃへい８あ
0x573E30	4	ぱれへい
0x573E38	5	ごぁへいお
0x573E40	12	尅さいしぃへいとぅへい」
0x573E4E	8	さいボろへいＡあ
0x573E5C	10	ぱぇへい！１はいＢあ
0x573E6C	25	ごれへいォゾむいぃあさいワビもいぜあさい澡へいあい
0x573E9C	5	づぁへいこ
0x573EAC	9	ヤぁへい２っへいせ
0x573EC8	5	エんへいひ
0x573ED0	5	」んへいい
0x573EE0	5	２るへいあ
0x573EE8	9	ゲをへいＩろへい（
0x573EF2	14	さいしんへいボわへい尅さいっ
0x573F04	22	ボをへいぱっへいふっへいエぉへいＱるへいＢあ
0x573F20	6	❤ぃへいあい
0x573F32	4	さいそい
0x573F38	22	ヂぉへいふぉへい❤をへいＩぅへいゲゃへいゼあ
0x573F54	10	トっへいとっへいダあ
0x573FC8	5	尅さいそい
0x573FD8	9	搭さいふろへい９あ
0x574000	5	Ａぉへい」
0x574006	4	さいＡあ
0x574010	17	尅さいぱぇへい！１はいわぃへい６あ
0x574028	29	しぃへいボろへいワビもいぜあさいォゾむいぃあさい澡へい９あ
0x57404C	7	搭さい仔へい」
0x574056	4	さいＡあ
0x574060	8	尅さい澤へいあい
0x574074	5	ワぉへいし
0x57407C	5	」わへいす
0x574098	5	暫へいＤあ
0x5740A4	14	❤ぇへいシビもいぜあさい８あ
0x5740B8	14	エゃへいえをへいづっへい９あ
0x5740CC	9	搭さいしぁへいＡあ
0x5740E8	4	史へいけ
0x5740F8	5	Ａるへい（
0x5740FE	4	さい６あ
0x57410A	10	さい尅さいえぃへい將
0x574118	13	！１はいヂぃへい」ろへい❤
0x57412C	13	❤わへいシビもいぜあさいほ
0x57413C	14	ヤんへいトわへいえをへい９あ
0x574150	11	搭さいＩれへい尅さいせ
0x574160	5	ごるへいそ
0x574168	5	ふるへいた
0x574170	5	しれへいち
0x574178	6	ごんへいあい
0x574188	4	ワぃへい
0x574198	5	しぉへいけ
0x5741A8	6	ＡるへいＡあ
0x5741B8	10	トをへい→ぅへい６あ
0x5741CC	13	ごあさい」ぅへいえをへい（
0x574221	76	ぁへいふぅへいＡぁへいヤぁへいワわへいエをへいＹゃへいワぁへい２ぁへいえろへいシわへいづぃへいわをへいヤれへいごれへいしをへいとぇへいＡるへい尅さいせい
0x574270	10	」れへいトれへいあい
0x574280	4	搭さいち
0x574290	8	尅さい㎞ろへいう
0x57429C	5	❤っへいけ
0x5742A4	5	→ろへいき
0x5742B8	4	灑へいこ
0x5742C8	5	ごろへいて
0x5742D0	5	ヤゃへいた
0x5742E1	4	わへいせ
0x5742EC	5	ゲんへいの
0x5742F4	5	Ｉるへいさ
0x5742FC	5	ワわへいお
0x574308	9	ォぃへい❤ろへいい
0x574314	6	ヤぅへいあい
0x574320	5	搭さいＤあ
0x57432C	4	灑へいう
0x57433C	5	フぁへいつ
0x57434C	5	とぉへいす
0x574354	5	Ｑぇへいた
0x574368	5	っろへいお
0x574374	4	残へいさ
0x574380	5	ワんへいた
0x574388	5	ぱぉへいけ
0x57439C	5	」れへいち
0x5743A4	5	トれへいて
0x5743B0	21	えれへい尅さいしをへいとぇへい❤ぅへいＩあ
0x5743CC	12	搭さい尅さいトろへいＢあ
0x5743E0	5	溯へいあい
0x5743F0	6	㎞るへいＤあ
0x5743FC	5	フっへいか
0x574404	5	しゃへいき
0x574414	5	っんへいこ
0x57441D	5	あさいせい
0x574424	6	❤ぇへいづい
0x574438	5	えんへいか
0x574448	10	Ｙるへいえぃへい８あ
0x574458	5	エゃへいた
0x574468	13	フをへいエれへいフわへい（
0x574476	7	さい尅さいそい
0x574480	10	㎞ぃへいヂれへいあい
0x5744A4	13	やをへいとれへいＡをへいち
0x5744B8	9	２ぇへいシぇへいき
0x5744C4	10	ＱぉへいわゃへいＢあ
0x5744DD	8	をへいゲぅへいせ
0x5744E8	9	ヤろへい→ぇへいう
0x5744F8	9	ボぃへいエっへいお
0x574508	10	㎞をへいＹれへいＤあ
0x57451C	9	ふんへいごっへいく
0x574528	5	Ａわへい（
0x57452E	8	さい㎞ぉへいあい
0x57453C	11	搭さい澪へいやわへいう
0x57454C	6	❤んへい６あ
0x574558	5	みあさいす
0x574576	4	さいＤあ
0x57459D	4	ぇへいと
0x5745A4	21	っあさいがあさいごあさいトぁへいみ３はいせ
0x5745C0	8	炬へいわろへいけ
0x5745CC	9	！１はいワれへいち
0x5745E0	10	シわへいふぁへいあい
0x5745F0	5	搭さいＨあ
0x5745FC	5	Ｑぁへいく
0x574608	5	Ｙをへいて
0x574614	5	Ｙぉへいか
0x574620	5	ごわへいけ
0x57462C	5	ォるへいち
0x574638	5	フぇへいえ
0x574644	5	シぅへいそ
0x574650	5	→ゃへいお
0x57465C	5	ゲぉへいこ
0x574668	5	Ｙわへいた
0x574674	5	Ａれへいさ
0x574680	5	２ぉへいき
0x57468C	5	トぃへいう
0x574699	4	ぅへいせ
0x5746A4	4	仕へいつ
0x5746B0	9	づぅへいＩろへい（
0x5746BA	40	さいシるへいヤぃへいォゃへいシぃへいォろへいぱをへいボぇへいっぃへいォぅへいＤあ
0x574781	94	ぅへい仕へいづぅへい２るへいゲをへいづぁへい２っへい㎞ろへい㎞っへいエるへい潭へい❤っへいＱろへいっろへい残へいワんへいぱぉへいエんへい」んへいとぉへいＱぇへいフぁへいエろへい㎞ぇへいあい
0x5747E8	5	搭さいＤあ
0x5747F4	5	ごろへいか
0x574808	5	エろへいさ
0x574810	12	㎞ぇへい尅さいっわへいい
0x574828	5	シるへいく
0x574834	5	ヤぃへいい
0x57483C	5	ォゃへいう
0x574844	5	シぃへいけ
0x574850	5	ォろへいち
0x57485C	5	ぱをへいえ
0x574868	5	ボぇへいそ
0x574874	5	っぃへいお
0x574880	5	ォぅへいけ
0x574888	4	餐へいた
0x574894	5	Ｑっへいさ
0x5748A0	5	エぁへいき
0x5748AC	5	ヂゃへいう
0x5748B8	5	㎞ぅへいせ
0x5748C4	5	えっへいつ
0x5748D0	5	ワぇへいた
0x5748D8	5	ゲぇへいち
0x5748E0	5	ふゃへいつ
0x5748E8	4	瀰へいて
0x5748F0	5	づぉへいと
0x5748F8	5	ゲれへいな
0x574900	5	Ｙぇへいに
0x574908	5	ヤぉへいぬ
0x574910	5	フろへいね
0x574918	5	とぃへいの
0x574920	5	ヂっへいは
0x574928	5	っるへいひ
0x574930	5	わぅへいふ
0x574938	5	→ぉへいへ
0x574940	5	えぁへいほ
0x574948	5	ボんへいま
0x574F6A	5	おざ私には
0x575F58	6	おで力で敵に
0x576245	6	お！今まさに
0x57665E	8	きねタ（ドタン！
0x57681A	6	もうすっかり
0x576B25	7	すぐに売るのは
0x576C5E	6	おひみんなが
0x577747	10	おそらく、私の存在を
0x5785ED	4	ぬ本当に
0x578FB3	11	ヒあニンジャの得　技は
0x57A8D0	6	かあなにより
0x57B6E8	8	おゅ・・・それに
0x57BC67	7	ヒう（たしかに
0x57BE61	6	ヒいふんふふ
0x57BE68	4	ふふふん
0x57F81E	4	きぬぎヒ
0x57F94E	4	ぎカいキ
0x57FF3F	6	ニンジャ組織
0x5802C0	7	ゆ君、ちょっと
0x580356	4	う　ツう
0x580719	10	ヒいある日、幼い私は
0x580830	5	お…本当に
0x580F51	4	この星は
0x581A77	4	あたしが
0x581D43	12	かあでも、これがあたしの
0x5820AF	9	おルそもそも貴様が
0x583137	4	 けには
0x5831B2	4	きぬ班ヒ
0x583559	9	ヒあ（ここはプロに
0x58386D	5	！班カいづ
0x583F77	6	このあたりに
0x585034	9	だから、あなたには
0x58517D	4	死んでも
0x5851B7	15	ヒい死んでからも爆発物を、３m
0x5851E2	12	お↓言い換えれば、敵陣の
0x585AA1	11	買うまで見せるわけには
0x586021	6	無駄な連射は
0x587647	8	ヒあ・・・それは
0x587D7F	8	ヒあケッ、人間に
0x588E9C	7	けという名前を
0x58A140	12	お俊ヒい・・・あわてては
0x58A6AA	5	あたし達は
0x58A731	5	あ、それと
0x58AEC1	5	けにいた話
0x58AEE4	4	け、昔は
0x58BC5C	7	ドアが開く前に
0x58D5F5	10	「最初のサル」という
0x58D695	8	木の　の地上には
0x58D7AF	10	木につかまる代わりに
0x58D7F3	7	やがて、地上に
0x58E53B	9	お「人間というのは
0x58ECA8	11	むさくるしい外見よりは
0x58F3F6	4	なんだか
0x58F47C	4	なかなか
0x5900F1	8	ヒいム、貴様タチ
0x592139	4	きぬぎヒ
0x59219D	4	きぬぎヒ
0x59280D	4	あんまり
0x5930F6	10	おサ・・・おい、　か
0x593B18	6	こおい、よせ
0x5957DC	7	 けでなければ
0x595B6D	11	おいどうせ、お前たちは
0x595F0E	8	あじゃ、あの娘は
0x596AAE	5	おでお前の
0x596B27	7	本当に言うのは
0x596D11	9	おでさて、この姿で
0x5976B2	8	ヒいオマエよりは
0x5976C6	7	ヒあむっか～！
0x597BA8	4	ヒいまた
0x59891C	8	ヒいははは、私は
0x59A44A	8	・・・って理論は
0x59AA3D	4	いささか
0x59C7CC	5	ぬそれなら
0x59CFD2	6	テロリストと
0x59D460	9	もうかった気持ちに
0x59D8BA	4	クネクネ
0x59D917	7	ヒいスグ仕事ニ
0x59DE7C	5	ヒあはい。
0x59E261	8	私も、あの大臣に
0x59EDB9	10	ヒいふんふんふんふん
0x59EFD8	4	ヒあまた
0x59F534	4	きぬ班ヒ
0x59F61C	7	ヒいじ、地獄で
0x59FA1B	5	というのは
0x59FC47	8	ヒいもしヤツらが
0x5A07A1	4	アンタは
0x5A0C41	9	ヒあこの街中にある
0x5A2022	5	おけお前ら
0x5A2ABD	5	面倒ごとを
0x5A45A7	11	お「いいだろう、この命
0x5A5443	8	　たちは、かつて
0x5A54AC	5	あたしらを
0x5A69F8	6	知り合いには
0x5A7E0D	8	その値段で喜んで
0x5A8D6C	12	ヒいええい、あのバカとは
0x5A93B0	4	きぬ塔ヒ
0x5A9815	4	きぬ班ヒ
0x5A9C6A	11	ヒあおい、ヒマつぶしに
0x5AA8C5	4	きぬ班ヒ
0x5AAA4C	8	護　の仕事までは
0x5ACD47	11	ヒいアハハ、あたしなら
0x5ACE81	7	敵を撃墜すると
0x5AFB19	7	う悲惨な事故が
0x5AFD10	9	おかげで、こいつら
0x5B024E	7	ヒあはい、本日
0x5B02FF	11	そして、これは　般には
0x5B045C	10	 けを恐れる者は多く
0x5B0ACD	15	ヒあなんにせよ、買ったばかりの
0x5B1C35	7	ロボットたちも
0x5B1D64	7	アンタ、少しは
0x5B2174	4	ト宙港で
0x5B2B67	6	かあこれから
0x5B3660	4	この子は
0x5B3D6A	7	勝利のためには
0x5B446C	4	きぬ塔ヒ
0x5B4992	4	きぬ塔ヒ
0x5B4EA5	5	おいもっと
0x5B4F78	7	ヒい病気で死ぬ
0x5B4FA9	7	算数のできない
0x5B5110	6	ヒあ　すな！
0x5B6D99	7	ヒあくそ、結局
0x5B6FE8	5	ォゼむい（
0x5B6FF6	18	さい」ドむいワビむいヤデむい芝むい（
0x5B700E	15	さいワれへいワビむいトデむい（
0x5B7045	10	Ｌむいたパむいらむい
0x5B7085	25	Ｑむい遒むいクごめいしピむいワ糊いヤプむい❤㎏むい
0x5B70A4	23	ネＱむいバ２むい」Ｒむい　むいＹＮむいォヅむい
0x5B70BD	19	、むいやヂむいぜＯむいＵゴむいＭふめい
0x5B70FD	11	↑むいふＥむいＡおめい
0x5B7114	5	フブむい❤
0x5B7126	16	むいクＣむい◎↓むいびピむいＹあ
0x5B7146	56	むいＡプむいぜＬむいペパむいごれもい」ゼむいり＋めいズピむい→Ｌむい」ボむいＩらめい」ヂむいしバめいＱドむいＹあ
0x5B7184	33	た／むいごピむいと×むいリ３むいァ檀いミ２むいＹ♀めいっＨむいＵあ
0x5B71AC	12	ワハめいがプむいＥせめい
0x5B71BC	49	ごＳむいワパむいと◎むいフゼむいくぽめいフ７むいえあさい芝むいたこめいワ０むいわＭむいく１むいＹあ
0x5B71F4	18	ねチめいごゾむいり￥むいがＢむいＵあ
0x5B721E	46	むいわポむいズ（むいシポむいゲザむいエブむい賠むい屡むいえムめいＹゾむいＡ↓めいヤＩむいＵあ
0x5B7254	18	ふ％むいフ０むいやぱめいみプむいＷあ
0x5B729E	30	むいっパむいぽセもいや３むいエ！むいヤＦむいＭ闘い㎞１むい（
0x5B72BE	26	さいトヅむいＱダめいＡＨむいズおもい６６むいバ。むい
0x5B72FD	10	ヨめい　むいふきめい
0x5B7314	9	尅さいＱヅむいＹあ
0x5B7324	20	わなめいく４むいＵケめいァプむいネ・むい
0x5B733C	28	がＹむいふパむいズケもいヤビむいぜブめいトＧむいズぁめい
0x5B735C	40	Ｙ㎞むいＵＥむいＱヘめい❤ポむいボじめいトジむいしポめいペ８むいク１めいバＢむい
0x5B739C	17	りＮむいヂ１むいふぐめいぽプむい（
0x5B73AE	17	さいっザむいみいめい」ズむい２体い
0x5B73C4	20	ネＭむい６１むいっゥめいみ２むいが㎞むい
0x5B73F1	16	ペむいＵでめいし２むいフブむい❤
0x5B7402	20	さいバれめい㎞５むいヤ○むいヂジむいＸあ
0x5B741E	6	めいふペむい
0x5B7459	7	６むいねＺむい
0x5B7461	22	ピむいヂさめいづプむい視もいぃピむい㎞もめい
0x5B74D1	6	４むいミ珊い
0x5B74DC	41	りはめいが４むいネ・めいネプむいえばめいョ７むいタ↓むい（４むいォてめい守むいＵあ
0x5B750C	12	づ８めいっ７むいペ％むい
0x5B751C	23	Ｅぇふいえあさいしめめい舎むい㎞ドむい諫むい（
0x5B7536	29	さい㎞バむい尅さいＱヅむいＱよもいリピむいワＴむいＹゴむい
0x5B7555	16	ゃもいぱ３むいクしめいゲペむいく
0x5B7566	24	めいねＣむいぃサめいゲ６むいペＯむいフベむいＸあ
0x5B7584	23	→！むいバ９むいォＬむいボピむいね「むい　むい
0x5B759D	23	ＰむいォデむいＵずめいＡ５むい６グめいＹ６むい
0x5B75B6	49	むいＵ７むいヂぃめいごブむいたちめいォ２むいフＬむいネボむいヂぅふいえあさいョーむいゲポむい酒むい
0x5B75FC	102	→ゆめい躰むいボＱむいＡ２むい！やめい❤パむいごえめいＭ９むいやトめいヂＧむいワＲめい　むいトＰむいねＡむい㎞ドむいヤジむい６なもいび２むい❤ひめい。パむいエクめいエピむいボＮむい借むいワＹむいとザむい（
0x5B766D	33	ーむいタ３むいた（むい！ＢむいネＺむいズ０むいがＲむいＵ２むいＸあ
0x5B76B1	21	ＡむいＱ♀むい詬むいネつもい邪むいリそめい
0x5B76CC	19	ねーむいエゾむいズをめい（ボむいぁむい
0x5B76E4	12	と）むいフポむいォ・むい
0x5B76F4	33	フ◎むい→ゴむい６ぬめいバ４むいＭぷめい❤ペむい郢めいごジむいＸあ
0x5B777C	73	フぴめいＱ８むいＥっめいごダむいズくめいＡポむいわテもい❤ズむいボザもい６３むいが＋むいづＦむいづヘもいがＣむいネ、むいァボむいバＭめいぃＩむい（
0x5B77C6	24	さい❤ザむい２ＳむいＱボむいふ❤むい→ポむいＸあ
0x5B77E4	12	Ｅつめいミパむいズわめい
0x5B77FC	8	。こめいＱポむい
0x5B7805	51	ＵめいＹジむいＡ…むいバボむい！』めい→ズむい㎞ドむいぱヅむいくＮむいワペむいフあめいづブむいわ↑むい
0x5B783C	12	◎Ｙむいゲビむい❤ッめい
0x5B784C	4	Ａ』むい
0x5B788E	55	むいＱペむいァメもいク５むいＹピめいゲプむいびヌめい。ゴむい。まもいォピむいョＭむいＱ１むい❤ォもい」Ｆむい（
0x5B78C6	14	さいトヅむいトァめいトドむい
0x5B78D6	16	むいヤボむいＥＸむいＥボむいＹあ
0x5B78EC	11	ペ～むいし０むい！めい
0x5B78FC	39	ぽけめいねＦむいしＴむい納むいＭュめいわ０むい（ネめいた３むいバ）むいクＢむい
0x5B792C	11	Ｅナめいフ１むいみ闘い
0x5B793C	41	ボＬむい６ピむいがげめいづ１むい６Ｍむいしポむいョ暖いボポむいト…めい❤バむいＹあ
0x5B796C	9	がめい！３むいＹあ
0x5B7996	16	むいしＤむいみすめいふ０むいＸあ
0x5B79AC	78	　むい◎５むい→除いご０むいクまめいえＫむい（ちめいがＡむいぽのめいボプむいづ『むいフＥむいづももい褝むいとロめいズ５むい㎞ドむい→ヅむいバめい！９むいＶあ
0x5B7A0C	28	ぽ㎏むいぽボむいとＯむい→０むいフＸむい❤ヅむいタＷむい
0x5B7A2C	35	し♀むい詭むいペＡめいぽ４むいりＺめいふポむいペシめいとプむいＱ『むい
0x5B7A61	44	ピむい（ＵむいリＡむいＩ♂むいぱバむいたエめいトＫむいトＦめいＡジむいＡラめいぱ０むい（
0x5B7A8E	10	さいＩヂむいボツめい
0x5B7A9C	11	」ワめいＱゴむいゲ殆い
0x5B7AAC	12	っＱむいＭ０むいヂへめい
0x5B7ABC	97	エヤめいぱヂむいや～むいぱペむいミヲもいク９むいぃそもいしペむいタマめいペＣむいバＰむいクＡむい㎞ヅめい❤ブむいミＯむいワズむいり僚い２ボむいねセめいくプむい㎞ぜめい→ピむいＭがもいシプむいＸあ
0x5B7B69	54	ポむい。Ｏむい踵むいＡガめいＱゼむいみＶむいョパむいし♂むいみ４むいタふもいワＤむい→○むい❤ゴむいた・むい
0x5B7BA4	18	◎」むい（０むいボンめい（６むいＹあ
0x5B7BBD	12	Ｄめいズ３むいみあさいす
0x5B7BDE	45	むい❤ゾむいシルめいバＡむいタＶむい◎ボむい◎Ｍむい→プむい㎞Ｌむいぜパむいト芥いえＧむい
0x5B7C31	4	プむい（
0x5B7C36	9	さいトヅむい２燦い
0x5B7C82	26	さい尅さいふダむい（＠むい！ゴむいづＴむい❤プむいＭ
0x5B7CA1	30	ゾむいズＷめい遙むい２３めいＵ３むいヂソめい→ペむいョうめい
0x5B7CC1	59	６むいワオめい」ザむいバ堀いぜ５むいぃ。むい２Ｆむいヂろめい㎞ピむいえむい謝むいトかめい。１むい合めい２Ｄむい（？むい
0x5B7D04	25	ワ￥めいク１むい６ぱもいわペむい搬むいヤ５むいＶあ
0x5B7D91	4	Ｇむい（
0x5B7D96	23	さいとベむいエＬむいえパむいびＭむいＭゴむい（
0x5B7DAE	10	さいトヅむい◎←むい
0x5B7DD4	27	。Ｑむい２０むいりＸむいぱパむいエ旧いワＣむいズ×むい
0x5B7DF4	42	くＰめいり５むいヂごもい２デむいフＲむい」２むい６ゴめいＡパむいえォめいシ０むいＶあ
0x5B7E26	24	めい㎞ゴむいＱぽもいみボむいＵをもいづボむいＶあ
0x5B7E44	6	㎞ドむいＶあ
0x5B7E50	13	㎞ドむいトぎふいえあさい❤
0x5B7E5E	4	さいＹあ
0x5B7E6E	15	さいエデむいづデむい㎞ドむい❤
0x5B7E7E	8	さいワれへいＹあ
0x5B7E99	4	ゴむい（
0x5B7E9E	23	さいふヂむいえドむいっあさいがあさいごあさい（
0x5B7EB6	11	さいえベむいしビむい（
0x5B7ECE	11	さいっダむい２ダむい（
0x5B7EDA	22	さいＱバむいぱブむい尅さいシザむいトデむい（
0x5B7EF2	22	さいトヅむいフズむい尅さいえズむいトゼむい（
0x5B7F16	11	さいわビむい２ダむい（
0x5B7F22	11	さいボズむい→バむい（
0x5B7F2E	11	さいトヅむいフズむい（
0x5B7F52	11	さいシダむい２ダむい（
0x5B7F5E	11	さいトヅむいフズむい（
0x5B7F82	11	さいＩバむい２ダむい（
0x5B7F9A	11	さいしジむいトヂむい（
0x5B7FA6	11	さい２ヅむい紗むいＵあ
0x5B7FB8	5	ォゼむい（
0x5B7FBE	11	さい❤ザむいワベむい（
0x5B7FCA	11	さいフヂむいォザむい（
0x5B7FE5	8	あさいづビむい（
0x5B7FEE	10	さい踪むい２ドむい（
0x5B7FFA	16	さいやダむいっバむいフジむいＸあ
0x5B8010	12	尅さいＩゼむい」ジむい（
0x5B801E	11	さいエドむいＱブむい（
0x5B802A	16	さい❤ジむいとドむい㎞ドむいＵあ
0x5B8042	11	さいヤドむいエヂむい（
0x5B804E	11	さいトズむいわジむい（
0x5B805A	16	さいふヂむいォダむい㎞ドむいＵあ
0x5B8072	10	さい諚むいヤズむい（
0x5B808D	9	ザむいとヂむいＵあ
0x5B809C	4	尅さい（
0x5B80A2	16	さいボズむいヂヂむい㎞ドむいＶあ
0x5B80C0	5	尅さいＵあ
0x5B80CE	4	さいＵあ
0x5B80D8	28	尅さいっあさいがあさいごあさいっあさいがあさいごあさい（
0x5B80F6	23	さいボズむいぱゼむいっあさいがあさいごあさい（
0x5B810E	11	さいボズむいえヅむい（
0x5B811A	16	さいボズむいＩベむいフジむいＸあ
0x5B8132	16	さい」ヅむいォジむいフジむいＸあ
0x5B8148	6	フジむいＸあ
0x5B8154	6	フジむいＸあ
0x5B8160	6	フジむいＸあ
0x5B816C	6	フジむいＸあ
0x5B8178	6	わあさいせい
0x5B8180	10	㎞ドむいフジむいＸあ
0x5B8190	9	！ょふいえあさい❤
0x5B819A	8	さい㎞ドむいＶあ
0x5B81AA	11	さいエザむい蕊むいＶあ
0x5B81BC	6	ゲドむいＶあ
0x5B81C8	6	ゲドむいＶあ
0x5B81D8	10	ワれへい㎞ドむいＶあ
0x5B81E8	9	ワれへいＹズむい（
0x5B820E	30	さい２ブむいわビむい２ダむい尅さい射むいＱデむいＡベむいＶあ
0x5B8234	10	㎞ドむいふゾむいＹあ
0x5B824C	6	㎞ドむいＹあ
0x5B825C	6	えデむいＹあ
0x5B826A	4	さいあい
0x5B827C	16	尅さいシザむい㎞ドむい→ヅむい（
0x5B82C1	58	ズむいシダむい２ダむい尅さいえゾむいゲヂむいボビむい尅さいシジむい❤ダむいえズむいくあさいヤブむいＹヂむいっゾむい（
0x5B8301	13	ヂむいっヂむいワドむいＶあ
0x5B8318	6	ワれへいＶあ
0x5B8328	6	ワれへいＵあ
0x5B8338	6	ワれへいＵあ
0x5B834E	16	さいボデむいっダむい２ダむいＵあ
0x5B8366	9	さい尅さいＩゾむい
0x5B8379	7	ブむいＩゾむい
0x5B8389	5	ブむいＶあ
0x5B8394	5	尅さいいい
0x5B839C	4	安さい（
0x5B83A2	6	さいえあさい
0x5B83A9	7	あさい安さい（
0x5B83B2	6	さいえあさい
0x5B83B9	4	あさい（
0x5B83BE	14	さいボザむい㎞ドむいぱヅむい
0x5B83CD	11	あさいえあさい安さい（
0x5B83E9	4	ザむい（
0x5B8415	12	ザむいとヂむい㎞ドむい（
0x5B8422	26	さい諫むいＡゾむいくあさいシデむい→デむいＩズむい（
0x5B8452	27	さいしジむいトヂむいＹズむい尅さいＡザむいとゼむいＶあ
0x5B8478	29	ワれへい尅さいシザむい㎞ドむいヂデむいフジむい㎞ドむいＸあ
0x5B849C	10	フジむい㎞ドむいＸあ
0x5B84AE	16	さいォゾむいぃあさい」デむいＶあ
0x5B84C4	35	搭さい㎞ヂむいシバむいぃあさい❤ヂむい写むい２バむいやブむいくあさいス
0x5B84F0	4	搭さいセ
0x5B84F8	5	くあさいＰ
0x5B8504	4	搭さいＱ
0x5B850C	4	尅さいｲ
0x5B8516	11	さいワジむいヤザむい（
0x5B8522	22	さいＡバむいわザむいしベむい蹉むいくあさいＮ
0x5B8540	4	搭さいＯ
0x5B8566	16	さいォズむいワダむいえデむいＹあ
0x5B857E	6	さい尅さい（
0x5B85A0	5	搭さいあい
0x5B85B4	5	搭さいあい
0x5B85C0	5	Ａズむい（
0x5B85D1	25	ビむいぽじふいえあさいシジむい❤ダむい２ズむいゼあ
0x5B8626	8	さい❤ヂむいＵあ
0x5B8638	4	えあさい
0x5B8654	12	ァぃふい窄さい尅さいＵあ
0x5B8685	9	ザむい㎞ドむいＵあ
0x5B8696	10	さい尅さいくあさいＤ
0x5B86A8	4	搭さいＭ
0x5B86B8	9	Ｅぇふいえあさい❤
0x5B86C9	20	ゼむいヂドむいごドむいゲゾむいくあさいァ
0x5B86E4	4	搭さいィ
0x5B86EC	5	くあさいワ
0x5B86F8	4	搭さいヲ
0x5B8700	5	くあさいＲ
0x5B870C	4	搭さいＳ
0x5B8714	5	くあさい６
0x5B8720	4	搭さい７
0x5B8728	5	くあさいＡ
0x5B8734	4	搭さいＢ
0x5B873C	5	くあさいべ
0x5B8748	4	搭さいぼ
0x5B8758	5	搭さいあい
0x5B8764	6	㎞ドむいＸあ
0x5B8770	5	尅さいいい
0x5B8778	5	くあさいＶ
0x5B8784	4	搭さいＷ
0x5B8794	5	搭さいＸあ
0x5B87A2	23	さいフヅむいごズむいワバむいゲデむいわバむい（
0x5B87BA	23	さいふザむいぱズむいえヂむい→ダむい斜むいＶあ
0x5B87D8	4	搭さいお
0x5B87E8	5	尅さいいい
0x5B87F2	4	さいＹあ
0x5B8818	25	Ｙズむいしあさいゲヅむい」ビむいシゼむい煮むいＷあ
0x5B8851	42	あさいえあさいくあさいしジむい尅さいボゾむい→ビむい㎞ビむいＱヂむいっズむい安さい（
0x5B8881	17	あさいえあさいＡダむいっデむいあい
0x5B8898	9	搭さい㎞デむいＵあ
0x5B88A8	4	安さい（
0x5B88B1	19	あさいえあさいＡダむいっデむい安さい（
0x5B88C9	19	あさいえあさいＡダむいっデむい安さい（
0x5B88E1	19	あさいえあさいＡダむいっデむい安さい（
0x5B88F9	17	あさいえあさいＡダむいっデむいＶあ
0x5B8910	5	㎞ドむい（
0x5B8916	10	さい❤ジむいとドむい
0x5B8921	46	あさいえあさい尅さいがあさい㎞ジむい２ヂむい㎞ドむい尅さいしあさいわドむいとバむいえジむい（
0x5B8952	28	さい❤ダむいシジむいトゼむい２ズむいエビむい㎞ドむいＶあ
0x5B8974	5	尅さいいい
0x5B897C	6	ワれへいＸあ
0x5B89A6	4	さいＹあ
0x5B89B4	13	っあさいがあさいごあさいせ
0x5B89C4	25	やあさい→ベむいエバむいっあさいがあさいごあさいせ
0x5B89E0	25	やあさいっビむいォブむいっあさいがあさいごあさいせ
0x5B89FC	13	やあさいボバむいヂバむい（
0x5B8A26	14	さい尅さいしあさいくあさい（
0x5B8A6A	44	さい２ビむいＩダむいＹゼむいＹごふいえあさいシジむいえズむい❤ダむい２ズむいトゼむいあい
0x5B8A9C	13	搭さいヂゼむい㎞ドむいＵあ
0x5B8AB2	39	さいぱデむい→ドむいづジむいふビむい」ダむいづベむいっあさいがあさいごあさいせ
0x5B8AEE	7	さい写むいＵあ
0x5B8B04	13	っあさいがあさいごあさいせ
0x5B8B14	25	やあさいフビむいＡゼむいっあさいがあさいごあさいせ
0x5B8B30	25	やあさいゲゼむいＡゼむいっあさいがあさいごあさいせ
0x5B8B51	20	ドむいトバむいっあさいがあさいごあさいせ
0x5B8B68	14	やあさいふゼむいＹヅむいあい
0x5B8B81	5	ジむいＵあ
0x5B8B8C	16	尅さいっあさいがあさいごあさいせ
0x5B8BA0	24	やあさいわズむい訃むいっあさいがあさいごあさいせ
0x5B8BBC	24	やあさいやゼむい訃むいっあさいがあさいごあさいせ
0x5B8BDA	22	さい㎞ゾむい訃むいっあさいがあさいごあさいせ
0x5B8BF9	10	ダむい訃むいボダむい
0x5B8C05	27	あさいしダむいＩゾむいヂヅむい→ゼむいＹデむいボダむい
0x5B8C21	27	あさいしダむいＩゾむいヂヅむい→ゼむいＹデむいボダむい
0x5B8C3D	25	あさいしダむいＩゾむいヂヅむい→ゼむいＹデむいＷあ
0x5B8C61	19	ゼむいヂドむいごドむいゲゾむいボダむい
0x5B8C75	27	あさいしダむいＩゾむいヂヅむい→ゼむいＹデむいボダむい
0x5B8C91	24	あさいしダむいＩゾむいヂヅむい→ゼむいＹデむい（
0x5B8CAA	30	さいシドむいエズむいえジむいＩブむいわドむいとバむいボダむい
0x5B8CC9	25	あさいしダむいＩゾむいヂヅむい→ゼむいＹデむいＶあ
0x5B8CEA	23	さい　ふいえあさいシゾむいワれへいフジむいＸあ
0x5B8D3E	4	さいＶあ
0x5B8D8E	27	さいワれへい」ドむい㎞ドむいっあさいがあさいごあさいせ
0x5B8DAC	13	やあさいトダむいヂバむい（
0x5B8DBA	31	さいっジむい２ゾむいボジむい㎞ザむいえビむいトブむいづダむい（
0x5B8DDA	31	さいわブむい㎞ゼむいっゼむいぱベむいヂザむい」バむいヤヅむい（
0x5B8DFA	30	さい者むいぱドむいシヅむいボドむいぱビむいヂゾむいフドむい（
0x5B8E1A	33	さいトゾむい❤ゼむいＹブむい赦むい→ブむいやベむいォバむい尅さいｲ
0x5B8E40	13	えあさいぃあさいえぞふい」
0x5B8E4E	14	さいしドむいォベむい尅さいｲ
0x5B8E60	13	えあさいぃあさいえぞふい」
0x5B8E81	27	あさいえあさいくあさいしあさいたあさいＹゼむい尅さいｲ
0x5B8EA0	13	えあさいぃあさいえぞふい」
0x5B8ED5	15	ビむいたあさいえあさいしブむい
0x5B8EE5	5	あさいＶあ
0x5B8EF4	8	ワれへい尅さいｲ
0x5B8F00	13	えあさいぃあさいえぞふい」
0x5B8F0E	12	さい㎞ヅむいえザむいＶあ
0x5B8F29	17	あさいえあさいくあさいしジむいＵあ
0x5B8F40	8	搭さいやヅむいえ
0x5B8F4C	5	わゾむいく
0x5B8F54	37	わベむい㎞ドむいォっふいえあさいしあさいわドむいシドむいエズむいとバむい（
0x5B8F7A	31	さいエジむいわデむい２ザむいＡブむいワヅむいえズむいやデむい（
0x5B8F9A	47	さいＹバむい」ベむいえバむいふズむいやゾむいごヅむいとズむい㎞ドむいっあさいがあさいごあさいせ
0x5B8FCC	28	やあさい❤ドむい訃むい㎞ドむいっあさいがあさいごあさいせ
0x5B8FEC	44	やあさいふヅむい訃むいしあさいたあさいヤゾむいっベむいふデむいしゾむいとビむいヤダむい（
0x5B901A	30	さいえブむいやヅむいわゾむい㎞ダむいワデむいとゾむい訖むい（
0x5B903A	31	さいＹビむいづドむいふベむいフデむいしゼむいフゾむいごベむい（
0x5B905A	47	さい㎞ベむいボブむいとヅむい❤ビむいふバむいづバむい❤デむい㎞ドむいっあさいがあさいごあさいせ
0x5B909A	4	さいＶあ
0x5B90A2	4	さいあい
0x5B90A8	13	ぃぞふいえあさいづゼむい（
0x5B90B6	11	さいぱベむいみあさいす
0x5B90CE	20	さいやあさいシブむいシビむいっヅむいＹあ
0x5B90E8	13	っあさいがあさいごあさいせ
0x5B90F8	13	やあさい社むいヂバむいＵあ
0x5B910C	8	搭さいえブむいい
0x5B9118	5	Ｑザむいく
0x5B9120	10	ボベむいＡビむいダあ
0x5B9138	8	搭さいフダむい（
0x5B9142	15	さいわダむいゲズむいみあさいす
0x5B9196	4	さいＹあ
0x5B919C	16	とでふいえあさいエヅむいＱベむい
0x5B91B0	14	えゼむい２ジむいワゼむいＹあ
0x5B91C4	17	㎞ドむいっあさいがあさいごあさいせ
0x5B91D8	21	やあさい」ブむいエバむいＹズむいみあさいす
0x5B91FA	20	さいやあさいシブむいシビむいっヅむいあい
0x5B921A	4	さいＹあ
0x5B9220	22	ボびふいえあさいやベむいごバむい→ヂむいＶあ
0x5B9245	25	あさいえあさいくあさいしあさいたあさいＹゼむいＵあ
0x5B9264	4	搭さいこ
0x5B926C	5	ワデむいく
0x5B9274	5	ごビむいえ
0x5B9286	4	さいＵあ
0x5B9290	8	搭さい❤ヂむいか
0x5B929C	4	写むいき
0x5B92A4	50	２バむいやブむい㎞ドむいネゃふいえあさいしあさいわドむいシドむいエズむいえジむいＩブむいとバむいＶあ
0x5B92DC	17	㎞ドむいっあさいがあさいごあさいせ
0x5B92F0	17	やあさい褪むいしデむいＡヅむいあい
0x5B930D	16	ジむいっあさいがあさいごあさいせ
0x5B9320	14	やあさいＱゾむいＹヅむいあい
0x5B9339	16	ジむいっあさいがあさいごあさいせ
0x5B9369	8	デむいＩザむいせ
0x5B93CA	35	さいワれへいぃあさい❤ヂむい写むい２バむいやブむいシビもいぜあさいあい
0x5B93F4	5	搭さいＹあ
0x5B9404	16	ぱビむい尅さいワドむい誅むいＵあ
0x5B9422	11	さい２バむいやブむい❤
0x5B942E	6	さい尅さいこ
0x5B9440	10	ワれへい㎞ドむいあい
0x5B9450	20	搭さいシヂむいっあさいがあさいごあさいせ
0x5B9468	14	やあさいＱダむいォヂむいあい
0x5B947C	20	搭さいえダむいっあさいがあさいごあさいせ
0x5B9494	18	やあさいしヂむいボヂむいＡヂむいあい
0x5B94AC	20	搭さいふジむいっあさいがあさいごあさいせ
0x5B94C4	23	やあさいわゼむい誂むいＩジむい毒ふいえあさい❤
0x5B94E8	12	搭さいフザむいくあさいカ
0x5B94F8	5	２ゼむいキ
0x5B950C	8	搭さいっジむいい
0x5B9518	5	２ゾむいお
0x5B9520	5	ボジむいは
0x5B952C	13	尅さいしベむい㎞ザむいＶあ
0x5B9540	9	搭さいボゼむいあい
0x5B9554	5	ヂザむいな
0x5B955C	5	」バむいく
0x5B9568	4	詢むいぬ
0x5B9570	13	ごザむいワごふいえあさい❤
0x5B9588	28	搭さいづザむいくあさいやザむいフザむいヂベむいフバむいナ
0x5B95A8	5	Ｙベむい８
0x5B95B8	8	搭さいふドむいあ
0x5B95C4	5	とデむいい
0x5B95CC	5	ぱザむいう
0x5B95E0	5	わヅむいお
0x5B95F2	11	さいＹダむいくあさい♂
0x5B9604	4	搭さいＺ
0x5B9614	9	ヂベむい㎞ブむいチ
0x5B9620	5	づヂむいロ
0x5B9628	6	ＹベむいＷあ
0x5B963E	4	さいＹあ
0x5B9644	18	Ｑだふいえあさいぱドむいシヅむいあい
0x5B965C	9	ネづふいゲバむいい
0x5B9668	17	わデむいＡブむい！ょふいえあさい❤
0x5B9684	12	搭さいづザむいくあさいイ
0x5B9694	9	フバむいトザむいぴ
0x5B96B4	9	トぎふいえあさい❤
0x5B96BE	11	さいＹダむいくあさい♂
0x5B96D0	4	搭さいＺ
0x5B96E0	9	ヂベむい㎞ブむいチ
0x5B96EC	5	づヂむいロ
0x5B96F4	13	Ｙベむいぃあさい尅さいあい
0x5B9706	4	さいＸあ
0x5B970C	58	えどふいくあさいえあさいボブむいとヅむい❤ビむいふバむいづバむいＹバむい」ベむいえバむいふズむいやゾむいごヅむいＶあ
0x5B9750	17	搭さいＡバむいォゾむいぃあさいＸあ
0x5B9774	5	とジむいお
0x5B9780	5	フヅむいは
0x5B9788	9	尅さいわザむいＵあ
0x5B97AA	4	さいＹあ
0x5B97C0	14	ボドむいワビもいぜあさい６あ
0x5B97D4	8	尅さいしぃへい」
0x5B97EA	4	さいＶあ
0x5B97F0	9	ぃずふいえあさいす
0x5B97FC	4	搭さいけ
0x5B9804	9	㎞ゼむいぱゾむいさ
0x5B9814	9	トブむいォドむいし
0x5B9824	9	わブむい㎞ズむいか
0x5B9830	5	えビむいね
0x5B9838	5	㎞ベむいこ
0x5B9840	6	っゼむいＵあ
0x5B984C	8	搭さいとゾむいそ
0x5B9866	11	さい（ぁふいえあさいし
0x5B9874	5	Ｙビむいせ
0x5B987C	5	ふベむいた
0x5B9884	6	しゼむいＹあ
0x5B9894	15	づドむい尅さい覬むい誅むいＸあ
0x5B98AC	8	搭さいふドむいあ
0x5B98B8	5	とデむいい
0x5B98C0	5	ぱザむいう
0x5B98D4	5	わヅむいお
0x5B98DC	4	とダむい
0x5B98FC	14	えべふいやあさいヤバむいＹあ
0x5B9E1E	4	う　ツう
0x5BB9AD	5	なかいん石
0x5BC46E	7	ラストイベント
0x5BD7FD	7	ラストイベント
0x5BD80A	7	ラストイベント
0x5BD817	7	ラストイベント
0x5C37CB	4	きね　ヒ
0x5C6BF3	4	きね　さ
0x5C8E1C	4	きぬぎヒ
0x5D043F	4	きね盛ヒ
0x5D2595	4	きね盛さ
0x5D3F51	4	きね俊ヒ
0x5D4946	4	きね俊ヒ
0x5D79EA	4	俊カいＵ
0x5D7AA4	120	ふあさいふあさいヂブもいふあさいヂブもいヂブもいヂブもいふあさいヂブもいヂブもいヂブもいふあさいヂブもいヂブもいフビもいふあさい陪もいみパもいふクふい尅さいしきやいた２もい。べやいシ４もいＹＷもいＱプもいづ去いと１もいタ動いヤパもいペＺもい
0x5D7B2D	6	Ｈもい　もい
0x5D7B45	17	ＢもいバピもいとＬもいミバもいＯあ
0x5D7B5C	39	わＥもいヤバもいＹＦもい６パもいぱ＠もいヤプもいＡづやい勺もいごＫもいぽパもい
0x5D7B85	80	Ｔもいとプもい！↑もいね６もい　もいくピもい。ＡもいくポもいわＣもいとビもい㎞❤もいゲ３もいリＤもいぜポもいワ…もい邪もいバＣもいゲ１もいくＪもい邱もいヂＡもい
0x5D7BDC	51	たＧもいボバもい㎞てやいＹ４もいぽＨもいト１もいね・もいＩポもいしえやい　もいＹＮもいバペもい◎Ｂもい
0x5D7C14	18	ぱＡもいとベもいぱＮもいりピもいＭあ
0x5D7C2C	4	やＹもい
0x5D7C34	18	フ★もい！パもいタＧもいシ０もいＮあ
0x5D7C4C	137	ねチやい◎７もいがＱもいがピもいァＬもいズバもい恋やいりペもいび？もいヂポもいふこやい◎パもいづＡもいエベもい６。もいズ６もいズ、もいく７もいし←もい２プもいボＴもい」ポもい。ほやいタペもいゲぎやいシポもい莫もいリピもい媒もいワバもいフＪもいＭパもいぽＩもいしペもいフＢもい
0x5D7D69	22	４もいズ学いと０もいみＷもいＹブもいぜＢもい
0x5D7D8C	296	ぜっやいＵ３もいヂウふい乍ふいトＭもい」プもいぃ㎏もいわプもい薄もいバパもいク／もいババもいぱＲもいや３もいォゾむいぃあさい（Ｙもいネバもいァクやいヂ２もい」ＪもいペバもいぜＯもいネパもいゲヒやいＹ８もい２Ｅもいわパもいづーもいご２もいネＥもいォバもいびぬやい◎０もいバ○もいＹ２もいぱ絶いリ９もいタ♂もいョバもいや♀もいトバもい尅さいゲビもい６Ｋもいシプもいえずやいフ８もいエＡもいＡバもいネ「もい→６もいペＨもい踪もい❤ＲもいびピもいＵやいご１もいヤ幌いづベもいペ￥もいえブもいＩ～もいネ２もいＥＡもいっ５もいＱめやい」９もいＵＱもいづプもいヤアやいョ７もいたあやいね８もいご産いクピもい
0x5D7EBE	138	もい㎞ビもいエ」もいエ６もいリＦもいァバもいごＵもいねピもいと％もいネピもい。Ｃもいリポもいぽ！もい❤５もいづぁやいＩペもいワＶもいァパもいＱＯもいづパもいぱ＋もいヂバもいョたやいび７もいわ→もいＵピもいョ』もい㎞１もいねＢもいＡピもい❤・もいゲプもいぃＦもいョピもい❤Ｕもい
0x5D7F4C	22	Ｕ↓もい。ペもいヂブもいォビもいトベもいＯあ
0x5D7F68	10	えパもいぜあさいＴあ
0x5D7F74	26	フビもいふクふい窄さい尅さいヂウふい６カふい尅さい（
0x5D7F9D	12	ブもいぱボもいふあさい（
0x5D7FAA	16	さい㎞ベもい」バもいヂブもいＯあ
0x5D7FCD	12	ブもいぱボもいふあさい（
0x5D7FDA	14	さいみあさい踵もいゲブもい（
0x5D7FEA	28	さいエビもい煮もいヂビもいヂクふい窄さい尅さいワれへい（
0x5D800A	8	さいヂブもいＯあ
0x5D801A	59	さいみあさいやボもいゲブもいヂクふい窄さい尅さいワれへいワビもいぜあさいォゾむいぃあさいヂクふい窄さい尅さいワれへい（
0x5D805A	43	さいみあさいヤブもいゲブもいヂクふい窄さい尅さいワれへいヂクふい窄さい尅さいワれへい（
0x5D808A	20	さいみあさいシベもいゲブもいヂブもいＯあ
0x5D80A8	10	ヂブもい→ベもいＮあ
0x5D80BA	24	さいみあさいフベもいゲブもいヂブもいぜあさいＴあ
0x5D80D4	17	エブもいっあさいがあさいごあさいせ
0x5D80E8	25	やあさいヂウふいみあさいふブもいしビもいゲボもい（
0x5D8102	13	さいぃあさい敦ふい尅さいい
0x5D8116	23	さいエビもい煮もいォブもいヂビもいごベもいＭあ
0x5D8144	5	ヂブもい（
0x5D814A	36	さいしブもいっビもいぜあさいごあさいがあさいワベもいぱブもいシブもいダあ
0x5D8195	7	ビもい諫もい（
0x5D819E	22	さいエビもい煮もいォブもい❤ビもいヂビもい（
0x5D81B6	17	さいふボもいぃあさい敦ふい尅さいい
0x5D81D4	10	ヂブもいぜあさいＴあ
0x5D81E0	10	エブもいぜあさいＴあ
0x5D81EE	39	さいごベもいエボもいエブもいぜあさいごあさいがあさい２ボもいシブもいＡビもい（
0x5D8245	8	ベもいＹビもいす
0x5D8262	8	さいシベもいＯあ
0x5D8272	7	さい尅さいいい
0x5D8284	13	っあさいがあさいごあさいせ
0x5D8294	6	やあさいＯあ
0x5D82A0	10	ヂブもいぃあさいせい
0x5D82B4	4	搭さいた
0x5D82BD	28	ブもいＥべふいぱボもいふあさいＱビもいＩボもい❤ベもい（
0x5D82DA	34	さいエビもい煮もいォブもい❤ビもいとブもいヂビもいヂブもい」ビもい（
0x5D82FE	11	さいぃあさい敦ふいＭあ
0x5D831E	20	さいしボもいしパもいボブもいぃあさいせい
0x5D8335	25	ブもいネイふいぱボもいぜあさいフボもいぃあさいせい
0x5D8351	21	ブもいネイふいぱボもいぜあさいフボもいＭあ
0x5D8370	14	ヂブもいごベもいぜあさいＴあ
0x5D8380	24	ヂウふいみあさい者もいゲベもいボベもいＹウふいせ
0x5D83A4	6	ヂブもいあい
0x5D83B0	4	搭さいな
0x5D83D9	33	ぽふいぱボもいがあさいみあさい２ビもいやベもい→バもいヂブもいＮあ
0x5D8400	4	搭さい（
0x5D8406	15	さい→ベもいＹバもいづビもい（
0x5D8416	12	さいＹバもいづビもいＯあ
0x5D8428	4	搭さいあ
0x5D8430	5	やブもい（
0x5D8436	42	さいシベもいえビもい❤バもい社もいＡブもいワビもいシビもいっあさいがあさいごあさいせ
0x5D8464	10	やあさいワブもいＭあ
0x5D8474	14	フビもいヂブもいぃあさいせい
0x5D8484	6	ごあさいＯあ
0x5D84ED	29	ブもいァぼふいぱボもいふあさいごボもいボボもいＩビもいＮあ
0x5D8510	7	搭さい尅さいｲ
0x5D8524	25	ヂブもいごベもいヂブもいっあさいがあさいごあさいせ
0x5D8540	5	やあさい❤
0x5D854D	27	バもい」ブもいふあさいＹボもい謝もいごブもい尅さいＱあ
0x5D858C	4	搭さい（
0x5D85A5	50	ブもい２エふいぱボもいぜあさい謝もいＹボもいごブもい尅さいごあさいＡビもいヂブもい尅さいごビもいゼあ
0x5D85FA	4	さいＭあ
0x5D8604	5	搭さいＯあ
0x5D8610	33	２バもいっベもいシボもいがあさいっあさいっあさいがあさいごあさいせ
0x5D8634	10	やあさいワブもいＭあ
0x5D8644	4	搭さい❤
0x5D864A	23	さいフビもいヂブもいっあさいがあさいごあさいせ
0x5D8675	20	バもいごビもいヂブもい尅さいごビもいゼあ
0x5D86B5	21	カふいぱボもいヤビもいやあさい→ビもいあい
0x5D86D0	5	搭さいＭあ
0x5D86DC	17	ヂブもいっあさいがあさいごあさいせ
0x5D86F0	10	やあさいＱブもいブあ
0x5D8701	16	バもいっあさいがあさいごあさいせ
0x5D8714	10	やあさい」ベもいあい
0x5D8735	21	ブもいがキふいぱボもいふあさいＡブもいゼあ
0x5D8750	9	搭さいトビもいＮあ
0x5D8765	13	ブもいがオふいぱボもいＯあ
0x5D8778	4	搭さいこ
0x5D8780	5	ぜあさいし
0x5D878C	22	ごあさいがあさいワベもいヂブもいぜあさいＴあ
0x5D87C4	14	ごベもいボビもいぜあさいＴあ
0x5D87DE	4	さいＭあ
0x5D87E8	33	搭さいわベもい㎞ボもいボビもいえボもいフビもいヂブもいぃあさいせい
0x5D880C	6	ごあさいＯあ
0x5D8818	12	搭さいっあさいがあさいせ
0x5D8828	5	やあさい（
0x5D8835	51	ブもいぃぱふいぱボもい尅さい❤ボもいえベもいしパもいＡボもいぱビもいォボもいづブもいとボもいわビもい（
0x5D886A	11	さい尅さいゲビもいＭあ
0x5D8882	12	さいしボもいえベもいＰあ
0x5D8892	12	さいＱバもいＩバもいＭあ
0x5D88A4	17	ヂブもいっあさいがあさいごあさいせ
0x5D88C9	13	バもいごビもいヂブもいＭあ
0x5D88DC	13	っあさいがあさいごあさいせ
0x5D88FD	27	バもいごビもいふあさいＹボもい謝もいごブもい尅さいＱあ
0x5D893C	20	ふあさいＹボもい謝もいごブもい尅さいＱあ
0x5D897A	4	さいＮあ
0x5D8982	4	さいＯあ
0x5D8989	5	あさいＰあ
0x5D8990	6	えあさいＱあ
0x5D8998	6	くあさいＲあ
0x5D89A0	6	しあさいＳあ
0x5D89AD	21	ブもいぽべふいぱボもいふあさいワボもい６あ
0x5D89C8	11	搭さい尅さいしぃへい」
0x5D89E5	21	ブもいみぼふいぱボもいふあさいっボもい６あ
0x5D8A00	11	搭さい尅さいしぃへい」
0x5D8A18	5	㎞ブもい（
0x5D8A2A	12	さいしボもいＡボもいゼあ
0x5D8A54	5	ヂベもい（
0x5D8A66	12	さいしボもいぱビもいゼあ
0x5D8A90	5	→ブもい（
0x5D8AA2	12	さいしボもいォボもいゼあ
0x5D8ACC	4	躬もい（
0x5D8ADE	12	さいしボもいづブもいゼあ
0x5D8B08	5	フブもい（
0x5D8B1A	12	さいしボもいとボもいゼあ
0x5D8B49	13	ブもいがオふいぱボもいＯあ
0x5D8B5C	4	搭さいこ
0x5D8B6C	28	ぜあさいごブもい尅さい窄さい２オふいごあさいぱブもいＯあ
0x5D8B92	4	さいあい
0x5D8B9C	16	搭さいっあさいがあさいごあさいせ
0x5D8BB0	6	やあさいダあ
0x5D8BC4	10	ぜあさいぜあさいＴあ
0x5D8BD0	16	尅さいごベもい」ベもいヂブもい❤
0x5D8BE2	4	さいゼあ
0x5D8C04	9	ワれへいごベもい（
0x5D8C0E	15	さいっあさいがあさいごあさいせ
0x5D8C20	6	やあさいあい
0x5D8C35	8	バもいォビもい❤
0x5D8C3E	4	さいダあ
0x5D8C50	10	ワれへい」ブもいＯあ
0x5D8C60	4	搭さいう
0x5D8C68	6	」ボもいＭあ
0x5D8C7C	6	わボもいあい
0x5D8C88	4	謝もいす
0x5D8C90	9	があさい尅さいいい
0x5D8C9C	5	っあさい（
0x5D8CA2	23	さいづボもいぜあさいっあさいがあさいごあさいせ
0x5D8CBC	9	やあさいワブもい❤
0x5D8CC6	12	さいワれへいヂブもいＭあ
0x5D8CE0	4	搭さいに
0x5D8D04	6	ヂブもいあい
0x5D8D10	16	搭さいっあさいがあさいごあさいせ
0x5D8D35	9	バもいごビもいゼあ
0x5D8D5E	4	さいＭあ
0x5D8D66	4	さいＮあ
0x5D8D6D	5	あさいＯあ
0x5D8D74	6	えあさいＰあ
0x5D8D7C	6	くあさいＱあ
0x5D8D84	6	しあさいＲあ
0x5D8D8C	6	たあさいＳあ
0x5D8D94	6	とあさいあい
0x5D8DA8	5	ねあさいす
0x5D8DB0	6	ふあさい９あ
0x5D8DC0	8	搭さいＩベもいす
0x5D8DCC	5	Ａベもいさ
0x5D8DD5	4	ボもいく
0x5D8DDC	5	トボもいか
0x5D8DE4	5	Ｑベもいと
0x5D8DF2	29	さいＩブもいシビもいぜあさいふボもいぃあさい敦ふい尅さいい
0x5D8E16	18	さい尅さいっあさいがあさいごあさいせ
0x5D8E2C	14	やあさいふビもいエブもいあい
0x5D8E40	5	搭さいＯあ
0x5D8E59	9	バもいごビもいＭあ
0x5D9340	6	ヒいワクチン
0x5D9660	6	ヒいワクチン
0x5D97E4	6	ヒいワクチン
0x5D9A33	9	あまずは、ビッグな
0x5D9BD4	6	ヒいワクチン
0x5D9ED0	6	ヒいワクチン
0x5DB261	5	のの「町に
0x5DBDA1	12	ヒあどうして、こんな物が
0x5DC81C	6	ヒいいいから
0x5DCDC9	4	ヘ有名な
0x5DD19C	11	気に入った奴があったら
0x5DD940	5	ょ伏場所が
0x5DDA20	5	ょ伏場所が
0x5DDB9B	5	いこうして
0x5DE2E9	8	ヒあお、そろそろ
0x5DE3DF	5	ょ伏場所が
0x5DE42E	5	ょ伏場所が
0x5DE476	10	ヒう（今は、ちょうど
0x5DE527	10	ヒう（今は、ちょうど
0x5DE8A9	10	もう少し場所を考えて
0x5DE99B	5	ヒあやはり
0x5DEAF4	4	ヒあもう
0x5DEBD1	9	これで、しばらくは
0x5DED49	6	それも、もう
0x5DEE95	9	どうでもいいという
0x5DF0F2	6	詳しい説明は
0x5DF575	6	気が向いたら
0x5DF65D	6	身軽な動きの
0x5DF72D	5	ロボットに
0x5DFF34	10	あしかも、今回はまだ
0x5E0050	9	おウ傷口を調べたら
0x5E020E	5	連邦を憎む
0x5E0250	8	そんな事のために
0x5E0891	5	これからも
0x5E0AD4	8	オオカミ達に罪は
0x5E0D50	10	どこかで、会った事が
0x5E0DF9	8	お気んなところで
0x5E0E10	6	おかしいとは
0x5E0F5B	5	お自れから
0x5E0FDA	4	頼むから
0x5E1086	14	お鷺ヒいそれで、あなたの船は
0x5E10A3	7	ヒあそれが、今
0x5E1273	7	ヒああ、じゃあ
0x5E12E7	5	いろいろと
0x5E133F	11	ヒいおいおい、そんな顔
0x5E13E7	11	手に入れるとなると結構
0x5E14F1	7	腕のいいやつが
0x5E1524	9	ワクチンを集めてる
0x5E1535	5	腕に覚えは
0x5E1669	4	ぎカああ
0x5E1796	5	無いんだが
0x5E1A92	7	ヒいつまらない
0x5E2AB6	7	い　がなんだか
0x5E2D88	8	ヒい最近、この町
0x5E310E	4	あまりに
0x5E32DD	9	これで、しばらくは
0x5E34CB	4	ぎカいＲ
0x5E361E	4	ぎカいＲ
0x5E3725	4	いつでも
0x5E386C	5	早く起きて
0x5E392F	4	まだまだ
0x5E3E45	9	ヒいさあ、そろそろ
0x5E3E70	6	お（ガタゴト
0x5E3F06	4	おア人が
0x5E412E	4	おア道中
0x5E41B6	4	生徒さん
0x5E41CD	9	ヒあ１週間やそこら
0x5E49D1	4	きぬ班ヒ
0x5E5264	6	おウ群れから
0x5E527A	7	　匹のところを
0x5E5373	5	ぬそろそろ
0x5E582E	6	お　ヒあまた
0x5E5A00	31	椴を騎たプ㎏かみペ￥っぜゼ㎏がぽゼ㎏ごタゼ㎏ぜミゼ㎏づァゼ㎏ト
0x5E5A32	15	プＪおたペＨクたァＪいさね￥う
0x5E5A4A	11	プおあたペうクたァおか
0x5E5A62	11	プおいたペうクたァおう
0x5E5A7D	12	たペうクたァおえみと％お
0x5E5A8B	6	こいしと￥う
0x5E5A9A	15	プおうたペうクたァおいきぬ￥こ
0x5E5ACE	11	プおえたペうクたァおと
0x5E5ADA	25	プ㎏っぜァ㎏がぽァ㎏ごタァ㎏ぜミァ㎏づァァ㎏念Ｒ　
0x5E5AF6	5	さい椴を丸
0x5E5AFE	35	プ㎏えたペ￥ごタズ㎏っぜズ㎏がぽズ㎏ぜミズ㎏づァズ㎏あさに￥クたァ㎏へ
0x5E5B32	15	プＪうたペＨクたァＪいさね￥な
0x5E5B61	8	たペ￥クたァ㎏お
0x5E5B7A	15	プおいたペうクたァおあさと￥う
0x5E5B95	8	たペうクたァおと
0x5E5B9E	25	プ㎏っぜァ㎏がぽァ㎏ごタァ㎏ぜミァ㎏づァァ㎏念Ｒ　
0x5E5BC1	12	たペ￥ぜみズ㎏がぃズ㎏か
0x5E5BEA	6	さいミぜを粥
0x5E5BF2	23	プ㎏っぽズ㎏がタズ㎏そべな％あコッいいたペうそ
0x5E5C0B	6	こあこエ￥く
0x5E5C22	6	ゆ（いコァぉ
0x5E5C29	12	たペぉあコぜめあたペもえ
0x5E5C37	16	詰こエ￥いコでいあたペうえぽゆた
0x5E5C49	4	たペてふ
0x5E5C52	18	ア￥っぽァ㎏がタァ㎏ぜたァ㎏きたぞＷ
0x5E5C65	11	たペ「づたァ㎏ミァＲ　
0x5E5C72	15	さいァあプ㎏ったズ㎏がみズ㎏あ
0x5E5C87	5	はったァ㎏
0x5E5C8D	12	たペ￥がみァ㎏ぜたァ㎏か
0x5E5CAF	18	はったァ㎏あたペ￥がみァ㎏ぜたァ㎏か
0x5E5CC2	6	ア￥きたぞＷ
0x5E5CDB	18	はったァ㎏いたペ￥がみァ㎏ぜたァ㎏か
0x5E5CEE	6	ア￥きたぞＷ
0x5E5D07	18	はったァ㎏うたペ￥がみァ㎏ぜたァ㎏か
0x5E5D1A	6	ア￥きたぞＷ
0x5E5D33	18	はったァ㎏えたペ￥がみァ㎏ぜたァ㎏か
0x5E5D46	6	ア￥きたぞＷ
0x5E5D5F	18	はったァ㎏おたペ￥がみァ㎏ぜたァ㎏か
0x5E5D72	6	ア￥きたぞＷ
0x5E5D8B	18	はったァ㎏かたペ￥がみァ㎏ぜたァ㎏か
0x5E5D9E	6	ア￥きたぞＷ
0x5E5DB2	7	ち￥ったァ㎏か
0x5E5DBB	14	はきたペ￥がみァ㎏ぜたァ㎏か
0x5E5DD6	15	ぁ）くたペ￥がみァ㎏ぜたァ㎏か
0x5E5DE6	10	ア￥あたペＸづたァＺ
0x5E5E80	20	ぽつふいフろふいクつふいっねふい」つふい
0x5E5E98	4	みてふい
0x5E5EA4	12	ズつふいびつふいォつふい
0x5E5EB4	4	Ａつふい
0x5E5FB0	12	Ｙなふい杠ふい」のふい（
0x5E5FD2	90	さいごのふいごのふいＱとふい」のふいヤなふいフねふい朦ふい❤ねふい」のふいボのふいフねふいやのふいふのふいォにふいボねふいフねふいＹなふいぱにふいォにふいボのふいフねふい」のふい（
0x5E602E	19	さいヤなふい２なふいえのふいやねふい（
0x5E6046	65	さいボのふい朦ふいフねふいＱなふい」のふいフねふいやのふい❤ねふいえのふいネ％ふいＭてふいふんふいやとふい！うへい。めふいョソふい
0x5E60EC	28	Ｕ５ふいふとふいボ０ふいＡぬふいしぱふいフはふいづぉへい
0x5E610C	5	やあさい（
0x5E6112	42	さいョフへいっゆふい尅さい」のふいＱぉふいＵみふいＵわふいヂてふいやメふいとめふい（
0x5E6191	53	てふいＥェへいみやふいねをふいくふふいびノふいびみふい。山い女ふいリホふいミめふいワシふいゲまふいヤむへい
0x5E6261	10	とふい　ふいとへふい
0x5E626D	47	サふい。てふい。パふいＡれふい（をふい◎てふいァＲふい」まふいＩヲふいＱむふい尅さい」のふい（
0x5E629E	10	さいっぬふい！ゃふい
0x5E62D6	4	さいとあ
0x5E62DC	12	◎㎏ふい→はふいやＪふい
0x5E62E9	7	まふいごズふい
0x5E62F4	27	ズっふいＡてふいしじふいエにふいしぁふい到ふいＭツふい
0x5E6314	57	仔ふいづまふいクばふいエりふいぜミふいョてふい」のふいやねふいＥＤふい◎ひふい　ふいたとふいたアふいえりふい能ふい
0x5E6354	4	❤ぃふい
0x5E635C	35	エぁふいミてふいとぢふい傘ふいヤわふいヂにふいヤベふいシにふいびをふい
0x5E6384	12	っペふいリひふいＵろふい
0x5E6394	4	Ｑがふい
0x5E63BD	8	っふい」てふい（
0x5E63C6	26	さいォねふいＵロふいくとふいＩフふいごひふいクトふい
0x5E63E4	9	」のふいフねふい（
0x5E63EE	10	さいＩとふい㎞ラふい
0x5E63F9	4	ほふい（
0x5E63FE	103	さい尅さい」３へい話ふいＱねへいヤらふいびぴふいねとふいゲぃふいタほふいＩＯふいタもふいボカふいびはふいぱろふいＹてふいっどふいボはふいししへいエはふい６ヂふいズもふいリとへいトむふい躰へいりよふいぃわふい
0x5E646D	10	ぽへい鮫ふいＵウふい
0x5E6486	4	さいとあ
0x5E648E	34	ふい（ふふい◎ぺふい（てふいがぇふい❤てふいボぁふい（へふいＡろふい
0x5E64B4	67	たクふいゲてふいＡュふいみふふいぜ→ふいォぬふいが械いゲなふい。ょへいぜほふいごごふいペめふいョケふいＱはふいぱゅふいぱへふいョぷふい
0x5E6545	11	ユふいミみふい」ろふい
0x5E65A9	7	やふいたザふい
0x5E65B4	20	フゾふい曚ふい！ゆへいトひふいフねふい（
0x5E65CE	4	さいとあ
0x5E65E4	28	㎞ＣへいミゆふいねでふいＱぬふいフねふい」のふいＹゅふい
0x5E6604	20	ごょふいバてふいョ＋ふいズむふいバわふい
0x5E6666	11	さいＹねふい」なふい（
0x5E6672	22	さいフねふい２なふいフねふい柩ふいＱなふい（
0x5E6696	22	さいフねふい尅さい」のふいフねふい２なふい（
0x5E66AE	10	さい尅さいＱとふいむ
0x5E66C4	9	搭さいやのふい６あ
0x5E66D4	4	搭さいほ
0x5E66E4	27	搭さい」のふい」のふいヂのふい柩ふいＱなふい尅さいＢあ
0x5E6708	5	搭さい６あ
0x5E6714	12	搭さい」のふい尅さい６あ
0x5E6728	5	搭さい６あ
0x5E6734	4	搭さい（
0x5E673A	4	さい６あ
0x5E6754	5	っねふい❤
0x5E675A	12	さいごぬふい」のふいダあ
0x5E677A	7	さい」のふい（
0x5E6782	4	さいＣあ
0x5E678E	4	さい６あ
0x5E6798	4	搭さいま
0x5E67A4	5	ごなふいし
0x5E67B4	5	搭さいＤあ
0x5E67C0	12	搭さいボのふいわぬふい❤
0x5E67DC	10	トぬふい」のふい６あ
0x5E67EC	9	搭さいフねふい８あ
0x5E67FE	16	さいフねふいやねふいフねふい６あ
0x5E6828	8	搭さいわぬふい（
0x5E6832	24	さいシとふいエなふいふはふいＡなふいＱねふいＤあ
0x5E6856	12	さい❤なふいっにふい８あ
0x5E6868	4	搭さい（
0x5E6872	7	さいやねふい（
0x5E687A	4	さい８あ
0x5E6884	12	搭さいトなふいフねふい（
0x5E6892	4	さいＣあ
0x5E68A6	7	さい」のふい（
0x5E68AE	4	さいＣあ
0x5E68BE	4	さい６あ
0x5E68C8	16	搭さい」のふいフねふい２なふい（
0x5E68DA	4	さいＣあ
0x5E68EE	7	さい」のふい（
0x5E68F6	4	さいＣあ
0x5E6906	6	さい尅さいた
0x5E6928	7	搭さい安さい（
0x5E693A	4	さいいあ
0x5E6948	4	尅さいお
0x5E6956	4	さいとあ
0x5E6978	5	搭さいＤあ
0x5E6984	9	霸ふい❤にふい６あ
0x5E6994	8	搭さいトにふいう
0x5E69A0	5	Ｑのふいあ
0x5E69AA	28	さいやなふいづにふいＹのふいＩにふい→なふいワぬふい６あ
0x5E69CC	5	搭さいＤあ
0x5E69DD	5	なふい８あ
0x5E69EA	12	さいやねふいフねふい６あ
0x5E69FC	5	搭さいＤあ
0x5E6A08	4	搭さいえ
0x5E6A10	5	しぬふいう
0x5E6A18	10	しのふいぱぬふいＤあ
0x5E6A28	4	搭さいあ
0x5E6A30	4	フなふい
0x5E6A38	10	㎞にふいフとふいダあ
0x5E6A50	5	搭さい６あ
0x5E6A5C	6	Ｉとふいダあ
0x5E6A70	5	搭さい６あ
0x5E6A7C	5	っぬふい（
0x5E6AA8	4	搭さいへ
0x5E6AB1	4	ねふいふ
0x5E6AB8	10	Ａとふいとはふいダあ
0x5E6AD0	5	搭さい６あ
0x5E6ADC	6	ォねふいダあ
0x5E6AEC	4	尅さいっ
0x5E6AF6	4	さい６あ
0x5E6B08	4	搭さいあ
0x5E6B10	6	」のふいダあ
0x5E6B28	4	搭さいい
0x5E6B30	4	えはふい
0x5E6B38	10	㎞ねふいわのふい６あ
0x5E6B5A	4	さいとあ
0x5E6B70	8	搭さいごにふいぱ
0x5E6B84	36	尅さい２ねふい㎞なふいＱにふいヂとふい枸ふいやぬふいＡねふいＡのふい６あ
0x5E6BB4	8	搭さい」のふいこ
0x5E6BC6	4	さいとあ
0x5E6BCC	4	尅さいむ
0x5E6BDC	4	搭さいか
0x5E6BF2	8	さいＭ♂へい６あ
0x5E6C00	5	搭さいＣあ
0x5E6C0C	10	フにふいシなふいダあ
0x5E6C24	5	搭さい６あ
0x5E6C32	8	さいゲねふい８あ
0x5E6C48	4	安さい（
0x5E6C4E	7	さいフねふいあ
0x5E6C58	12	やねふい」のふい安さい（
0x5E6C6E	8	さいボのふい８あ
0x5E6C92	4	さいいあ
0x5E6C98	4	尅さいお
0x5E6CA0	17	やあさいボのふいフねふい」のふい❤
0x5E6CC0	8	搭さいォとふいぱ
0x5E6CE0	4	搭さいな
0x5E6CE8	5	Ａにふいと
0x5E6CF0	5	ふにふいて
0x5E6CF8	10	フのふいぱとふいＣあ
0x5E6D08	4	搭さいの
0x5E6D10	5	㎞のふいね
0x5E6D18	5	ワとふいぬ
0x5E6D20	9	ヤのふいゲぬふい❤
0x5E6D38	7	搭さい捌ふいべ
0x5E6D5A	4	さいいあ
0x5E6D60	4	尅さいお
0x5E6D68	4	やあさい
0x5E6D6D	12	あさい→ねふいＱなふい（
0x5E6D82	8	さい」のふいダあ
0x5E6DB2	4	さいいあ
0x5E6DC0	4	尅さいお
0x5E6DC8	5	やあさいせ
0x5E6DDE	4	さいいあ
0x5E6DEC	4	尅さいお
0x5E6DF4	5	やあさいた
0x5E6E0C	8	搭さいエとふいニ
0x5E6E38	8	搭さいっとふいぱ
0x5E6E64	8	搭さいわなふいツ
0x5E6E82	7	さい尅さいィあ
0x5E6E94	9	搭さい→なふいゥあ
0x5E6EA4	12	ワぬふいワ今い」にふい❤
0x5E6EC0	8	搭さいＹにふいク
0x5E6ECC	4	尅さいえ
0x5E6EEE	7	さいエのふいひ
0x5E6EF8	6	エぬふい８あ
0x5E6F08	9	❤ぬふい」ねふい（
0x5E6F12	4	さい８あ
0x5E6F1C	4	搭さいう
0x5E6F28	6	」のふい６あ
0x5E6F34	7	ボのふい尅さい
0x5E6F42	7	さい尅さいンあ
0x5E6F54	9	搭さいＹのふいヴあ
0x5E6F64	14	Ｉにふいョ♂へい」にふい８あ
0x5E6F7E	4	さいいあ
0x5E6F8C	4	尅さいお
0x5E6F94	5	やあさいつ
0x5E6F9C	6	フねふい８あ
0x5E6FAE	4	さいいあ
0x5E6FBC	4	尅さいお
0x5E6FC4	9	やあさいフねふいと
0x5E6FE6	4	さいいあ
0x5E6FF8	9	やあさいフねふい。
0x5E7002	7	さい尅さいォあ
0x5E7014	9	搭さいふなふいッあ
0x5E7024	4	シぬふい
0x5E7032	6	さい尅さいろ
0x5E7068	5	搭さい６あ
0x5E707A	4	さいいあ
0x5E7088	4	尅さいお
0x5E7090	5	やあさい（
0x5E70A6	4	さいいあ
0x5E70AC	4	尅さいお
0x5E70B9	4	のふい❤
0x5E70BE	6	さいっのふい
0x5E70C5	7	あさい柩ふい❤
0x5E70E6	6	さい尅さいえ
0x5E70F4	5	ＹにふいＶ
0x5E7106	4	さいＤあ
0x5E713E	4	さいいあ
0x5E714C	4	尅さいお
0x5E7154	4	やあさい
0x5E7159	5	あさい６あ
0x5E7168	8	搭さい」のふいえ
0x5E717E	4	さいいあ
0x5E7184	4	尅さいお
0x5E718C	4	やあさい
0x5E7191	13	あさい→ねふいフねふい８あ
0x5E71A4	12	搭さいヤとふいＱなふい（
0x5E71B2	4	さい６あ
0x5E71C6	15	さい錆ふいボのふいやねふい８あ
0x5E71DC	7	わぬふい尅さい
0x5E71E8	6	フねふい８あ
0x5E71F4	5	搭さい６あ
0x5E720A	7	さいＩなふいき
0x5E7214	5	ヤぬふいに
0x5E7220	9	」ぬふい」ねふい（
0x5E723A	4	さいいあ
0x5E7240	4	尅さいお
0x5E724D	7	のふいっのふい
0x5E7255	8	あさいフねふい❤
0x5E725E	12	さいトぬふいゲにふい６あ
0x5E7270	9	搭さいボのふいＤあ
0x5E7282	4	さいいあ
0x5E7290	4	尅さいお
0x5E7298	4	やあさい
0x5E729D	5	あさい８あ
0x5E72AA	7	さい尅さいロあ
0x5E72BC	9	搭さいシねふいワあ
0x5E72CC	5	となふいそ
0x5E72D8	18	えねふいぱのふいとぬふい」にふい８あ
0x5E72F0	5	搭さい６あ
0x5E7300	5	トのふいと
0x5E7308	5	しねふいつ
0x5E7310	5	㎞ぬふいた
0x5E7318	9	ボとふい→のふいし
0x5E7324	10	とねふいふねふいＤあ
0x5E7334	5	搭さい６あ
0x5E7344	5	っなふいこ
0x5E734E	7	さいＹとふいさ
0x5E7358	5	わとふいし
0x5E7361	4	にふいす
0x5E7368	9	えなふいづぬふい（
0x5E7372	38	さいごなふいワのふいワにふい杞ふいぱねふい２のふいシのふい晒ふい２にふい６あ
0x5E73BE	4	さいいあ
0x5E73C4	4	尅さいお
0x5E73CC	4	やあさい
0x5E73D1	9	あさいボのふい８あ
0x5E73E0	9	フねふい→ねふいち
0x5E73EC	17	搭さいヤとふいＱなふい」のふい８あ
0x5E7404	4	搭さいつ
0x5E7422	4	さいいあ
0x5E7428	4	尅さいお
0x5E7430	12	やあさいヂなふい→ねふい
0x5E743D	9	あさいＹぬふい６あ
0x5E744C	5	搭さい８あ
0x5E745A	7	さいワねふいき
0x5E7464	5	わにふいく
0x5E746C	6	ぱなふいＣあ
0x5E747C	10	Ｉねふいごとふいとあ
0x5E7489	4	ぬふいこ
0x5E7490	6	ごねふい６あ
0x5E749C	5	搭さいＤあ
0x5E74AC	6	エねふい８あ
0x5E74BE	7	さいわねふいき
0x5E74D0	5	㎞とふいに
0x5E74D8	4	三ふいけ
0x5E74E4	10	トねふいっにふいＣあ
0x5E74F4	4	搭さいほ
0x5E74FC	6	❤ぬふい６あ
0x5E7518	5	→にふいさ
0x5E7526	7	さいえにふいお
0x5E7534	5	フぬふいう
0x5E753C	9	ヂぬふいづなふい（
0x5E7546	52	さいボなふいえぬふいふねふいとねふい→のふいボとふい㎞ぬふいトのふいヤにふいしねふいワねふいＩねふい８あ
0x5E7588	13	ごとふいわにふいぱなふいけ
0x5E7599	8	ぬふいごねふい（
0x5E75A2	16	さいＩぬふいづのふいォなふいＢあ
0x5E75B8	21	２ねふい㎞なふいＱにふいヂとふい枸ふい６あ
0x5E75D4	45	やぬふいＡねふいＡのふいぱのふいえねふい２とふいづとふいシねふいとなふいふなふいシぬふい（
0x5E7602	8	さいとにふいＣあ
0x5E761C	8	三ふいふにふいぬ
0x5E7634	5	㎞とふいふ
0x5E7644	33	❤ぬふいＩなふいヤぬふい」ぬふいトとふいエねふいフにふいわねふい（
0x5E7666	27	さいづなふいヂぬふいフぬふいゲとふい皿ふいとのふい６あ
0x5E7688	5	えにふいく
0x5E7690	17	ボにふい→にふいボぬふいヤねふいけ
0x5E76A4	6	❤のふいＣあ
0x5E76B8	6	エのふい８あ
0x5E76D2	4	さいとあ
0x5E76D8	5	やにふいえ
0x5E76E8	6	ヂねふいＣあ
0x5E76F4	4	搭さいに
0x5E76FE	6	さい三ふいぬ
0x5E770C	6	㎞とふいＤあ
0x5E771C	6	トねふい６あ
0x5E772C	5	やにふいな
0x5E7734	6	ヂねふい８あ
0x5E7748	9	トとふいエねふいう
0x5E7760	5	❤のふいそ
0x5E7768	9	ヤねふいボぬふいけ
0x5E7778	5	とのふいき
0x5E7794	76	ぽろふいヤてふい（ぎふいＵもふいびろふい→てふいみ３ふいしひふいぽＸふいォのふいＡをふいぃへふいヤぐふいぜめふいミざふい６よふいリをふいォへふいしげふい
0x5E7904	9	ヒいああ、あなたは
0x5E7930	9	ヒいああ、あなたは
0x5E7EB6	6	そこで今日は
0x5E80DA	9	ヒいさて、あなたは
0x5E8386	9	ヒいさて、あなたは
0x5E8ABA	8	ほれ、この漬物を
0x5E9576	12	ヒい・・・まあ、次からは
0x5E9D21	4	ぎカあく
0x5EA27A	9	ヒあうまくよけない
0x5EAA9C	9	ヒう（毎日、おかゆ
0x5EB172	8	追求しないことに
0x5EB71C	4	ぎカああ
0x5EBA18	7	ヒあえっ、　が
0x5EBAD6	5	相手の隙を
0x5EBE55	4	ぎカあと
0x5EC1F1	10	んんたぶん、どこかで
0x5EC859	10	ヒいああ、そういえば
0x5ECDDB	4	ぎカあと
0x5ED106	4	まボクは
0x5ED146	5	命を捨てて
0x5ED65B	14	ヒあそのことなんだけど、実は
0x5ED6BC	11	ヒあ・・・原　は、　が
0x5ED95E	6	ヒいおまえは
0x5EE52B	9	いその頃には、　は
0x5EE834	7	ヒいできるまで
0x5EE8E5	6	ヒう（理には
0x5EECA9	8	ヒいオレ、今から
0x5EF187	4	ぎげいう
0x5EF560	4	いさあの
0x5EF585	4	やる時は
0x5EFC8F	8	ヒあえっ、じゃあ
0x5F02B6	5	さあ、全　
0x5F0E23	5	ヒいそれは
0x5F0EF7	5	お前たちで
0x5F15AB	10	ヒい先輩をつかまえて
0x5F15ED	6	くしょうちく
0x5F17A4	6	ヒう（人間は
0x5F1B92	4	（ゲーム
0x5F1CFD	4	いく全然
0x5F2FF7	5	いがオレは
0x5F3B30	5	ヒいああ！
0x5F3EC5	12	ヒいそれならオイラ、昨日
0x5F418B	7	ヒいおまえには
0x5F488F	7	ヒあボタンだの
0x5F48ED	5	ヒあ修行で
0x5F5000	4	鋒カあき
0x5F5040	9	ヒあちょっと疲れが
0x5F5142	4	くさんだ
0x5F5F0A	9	ヒあえっと、じゃあ
0x5F5FBD	11	ヒえ（ほれ、あのように
0x5F7552	11	山道で迷って、ふもとに
0x5F7696	8	ヒいおお、今日は
0x5F7A1A	10	ヒう（じゃあ、次回も
0x5F8107	8	やっぱり　宙人は
0x5F8923	4	くじもん
0x5F93BF	9	ヒいへえ、野球って
0x5F97E7	8	お前は、どうして
0x5F9A08	7	いざ正直な奴は
0x5F9A33	12	ヒい・・・だが、サボりは
0x5F9CBA	6	えあれ、　は
0x5FA3BB	5	いざオレは
0x5FAB4B	7	うあれ、たった
0x5FABB5	6	すこれじゃあ
0x5FAC8B	4	くじもん
0x5FB4DE	5	いご今さら
0x5FB4FF	10	もう、ここでの修行は
0x5FB569	5	うどうして
0x5FB69A	8	いぬきっとお前は
0x5FBBAF	8	いぬきっとお前は
0x5FCA61	8	ヒいここの先生は
0x5FCA87	5	いまひとつ
0x5FDA3A	6	　き分けでも
0x5FDD22	4	ひとたび
0x5FE072	5	ヒいそれは
0x5FE18B	4	ひとたび
0x5FE1C4	8	そういう決まりに
0x5FE3AF	9	ヒあアリンコのやつ
0x5FE5AF	4	ぎカあい
0x5FEA76	10	ヒい本日は、わたしが
0x5FEBC0	8	本日は、わたしが
0x5FEBF1	9	い・・・じゃ、　は
0x5FEC5F	14	いやっぱり、試合をやらなきゃ
0x5FF231	10	ヒいふむ、やはり我々
0x5FF312	5	ここまでと
0x5FFF2C	4	けさんは
0x5FFF8C	9	とだけど、こっちも
0x6001E2	4	俊カあこ
0x6004BD	8	ヒいまあ、電話は
0x60126C	73	ぃあさいＭ★へいわ♂へいト◎へい。♂へいミ『へいび♀へいネ、へいリ♂へいヤ○へいＹ♀へい６）へいや♀へいた★へいっ♀へいぜーへいシ♀へいぃあさい❤
0x6012B6	4	さいＭあ
0x6012C0	35	ワ↓へいえ♀へい！◎へいた◎へいし○へい　へいね×へい６♀へいＡ◎へい
0x6012E8	40	フ◎へい　へいＱ「へいと♀へいォ◎へいミ♀へいヤ＠へいが◎へいね↑へいきへいＭあ
0x601316	19	さいぃ→へいミ♂へいし←へいゲ♀へい（
0x60132A	12	さい（♂へいび♂へいＭあ
0x60133C	8	搭さいぃあさい（
0x601346	8	さいぃあさいＭあ
0x601356	4	さいＭあ
0x601366	8	さいぃあさいＭあ
0x601374	8	安さいぃあさい（
0x60137E	16	さいネ♂へい！♂へいペ♂へいＭあ
0x601394	5	ぃあさい❤
0x60139A	8	さいペ♂へいＭあ
0x6013A8	5	ぃあさい❤
0x6013AE	32	さい６♂へいＭせふいが♂へいふあさい（♂へいび♂へい◎♂へいＭあ
0x6013D4	8	安さいぃあさい（
0x6013DE	16	さいタ♂へい！♂へいぃあさい８あ
0x6013F4	4	搭さい❤
0x6013FA	4	さいＭあ
0x60142A	4	さいＭあ
0x601432	4	さいノあ
0x601439	5	あさい６あ
0x601440	6	えあさい８あ
0x601448	6	くあさいＣあ
0x601450	41	６♂へいＵすふいが♂へいふあさいァ♂へいＥ♂へいぜ♂へいク♂へいバ♂へいぃ♂へい（
0x60147A	20	さいぽ♂へいＵ♂へいョ♂へいＭ♂へい６あ
0x601702	6	ヒあなんだか
0x601780	4	ぎカあく
0x6021C3	4	どちらも
0x602432	8	これ化上ひどくは
0x602505	8	　でそんな事まで
0x602C6C	10	いわ私は、この寺での
0x603105	5	どうかとも
0x6031FF	5	このお寺に
0x603421	7	あさい尅さい❤
0x603456	15	へい→海いわﾎいた海いわつほい
0x60346C	11	りせほいみ海いョかほい
0x60347C	10	ぜにほいぃ海いづ折い
0x603492	6	さい尅さい❤
0x6034AE	28	へい獣へいＩ惨いＡ海いヤ笈いシ海いえ惨い→・へい尅さい❤
0x6034D6	29	へいづ海い（穆いエ今いシ惨い！・へいョへほいＩ今い尅さい❤
0x6034FA	5	さい２序い
0x603504	8	Ａ故い」・へい（
0x60350E	8	さいト今いＡ梵い
0x60352C	4	尅さい❤
0x603535	10	笈い。・へい尅さい❤
0x603542	12	さい尅さいＱ今い㎞今い（
0x603552	15	さい❤今いし今いフ今い尅さい（
0x603576	9	さいと今い尅さい❤
0x60359E	4	さいＵあ
0x6035D5	19	・へいご今いや今いわ今いっ今いヤ今い（
0x603602	4	さいＵあ
0x603608	4	ワそふい
0x603622	9	さいるへいシ今い㎞
0x603642	4	さいＵあ
0x603648	8	ったふいえあさい
0x603654	4	」今いあ
0x60365D	4	・へいい
0x603664	4	ご今いう
0x60366C	4	や今いえ
0x603674	4	わ今いお
0x60367C	4	っ今いか
0x603684	8	Ａ今いくあさいき
0x603CDA	20	え（たぶん今のはあれをやっていたとしても
0x603CF1	18	捕まえる事なんて、できなかったと思う
0x60406F	4	ぎエあこ
0x604C32	4	いめ生麦
0x604C3F	4	いも生米
0x604C4C	4	いま生卵
0x604C65	4	いめ生俵
0x604C72	4	いも生米
0x604C7F	4	いま生卵
0x604C98	4	いめ生麦
0x604CA5	4	いも生木
0x604CB2	4	いま生卵
0x60562E	20	え（結局、なんだったんだ「シュッ」っての
0x6058D9	6	いめなまむぎ
0x6058E6	6	いもなまごめ
0x606410	6	いめなまむぎ
0x60641D	6	いもなまごめ
0x606C06	20	え（それって　がまったく成長してないって
0x606CBB	20	え（これまでのはもしかして全部ワザとなの
0x606DF6	20	え（変な事を言っていたように思えるけど、
0x607195	162	なふいボねふい杠ふいワろふいヂろふいがゆほいタゆほいクゆほいぽゆほいびゆほいぜゆほい窄さい窄さい窄さい窄さい窄さい窄さい窄さい窄さい窄さいぜんほい。らほいリわほいぜらほいシをほいミらほいョぁほいＩよほいぃれほいボゆほいァりほいズゆほい（ろほいたらほいやぁほいヂよほいＥるほいゲゆほいぃるほいペゆほいわわほいりらほい窄さいれう
0x607244	5	窄さいるう
0x60724C	74	ミれほいえよほいゲんほいエよほい電ほいペよほいびろほい（よほいミるほいョゆほいＭりほいォゆほいびりほいヂゆほい澤ほいＭらほい撞ほいァゆほい窄さいろう
0x6072B9	28	ゆほい洞ほいバゆほいＹわほいペらほいたをほいクらほいルあ
0x6072E2	4	さいめあ
0x6072E8	6	Ｑゆほいルあ
0x6072FE	4	さいルあ
0x60731A	4	さいめあ
0x607332	4	さいめあ
0x60734A	4	さいめあ
0x607362	4	さいめあ
0x607372	4	さいめあ
0x607392	4	さいめあ
0x6073AA	4	さいめあ
0x6073C2	4	さいめあ
0x6073DA	4	さいめあ
0x6073F2	4	さいめあ
0x607402	4	さいめあ
0x607422	4	さいめあ
0x60753E	4	ぎカあい
0x60757E	4	俊カあい
0x6075BE	4	ぎカあい
0x6075FE	4	ぎカあい
0x60763E	4	俊カあい
0x60767E	4	俊カあい
0x60771C	4	おおこ尅
0x607722	4	ここつ窄
0x607C84	8	ぽぃほいァぃほい
0x607CA6	4	さいいあ
0x607CAC	4	２ぬえい
0x607CB1	12	あさい窄さいづあさいああ
0x607D4F	4	ょょ　も
0x607D74	48	づのふいやなふいづにふいＩぬふいボなふいゲろふい２ろふいボろふいォろふいシろふいえぬふいゲろふい
0x607E1F	5	午なプ㎏こ
0x607E47	4	顕たペ￥
0x607E6B	8	険みペ￥捌プ㎏あ
0x607E7F	16	砕やプ㎏あたペ￥ＷとＷ㎏ＹとＷ㎏
0x607E92	46	ペ￥◎えゥ㎏→えゥ㎏◎とプ㎏。えゥ㎏ＫすＶ）ＭすＶ）かがペ￥❤っゥ㎏（っゥ㎏㎞っゥ㎏Ａとプ㎏
0x607ECE	54	ペ￥ズづプ㎏バとプ㎏ぇいＹ㎏っいＹ㎏がいォ㎏ごいォ㎏ぜいォ㎏ＫえＶ）ＭえＶ）ァぽペ￥ぱイォ㎏ぽイォ㎏ミとプ㎏
0x607F13	9	険ァペ￥えペペ）あ
0x607F1E	35	ペ￥ぇい★㎏っい★㎏がゥギ㎏ごゥギ㎏ごえプ㎏ぜゥギ㎏ＫォＵ）ＭォＵ）お
0x607F42	51	ペ）ぱいギ㎏ぽいギ㎏りヤプ㎏エいギ㎏くＥペ）あタペ￥くズペ）あシペ￥めぴペ￥きたペ）さみペ）さぃペ）な
0x607F7B	45	鹸こギ％いネＵ㎏えバＵ㎏っネァ㎏くバァ㎏しバァ㎏たバァ㎏ふクァ㎏みクァ㎏あァョ％やびァ㎏と
0x607FB5	36	タペ￥６１プ㎏Ｑモプ㎏あぽペ￥かァペ）ァぜペ￥きたペ）かみペ）かぃペ）し
0x607FF9	20	ィァ㎏しぞァ㎏たぞァ㎏あズガ％とぞァ㎏け
0x608019	40	Ｅペ￥づ１プ㎏エモプ㎏あタペ￥さズペ）あシペ￥いぼペ￥きたペ）さみペ）さぃペ）い
0x608047	41	好ヌ★㎏エド★㎏ォヌギ㎏クドギ㎏シドギ㎏タドギ㎏フキギ㎏ミキギ㎏あァョ％ヤばギ㎏こ
0x60807D	35	タペ￥（０プ㎏自プ㎏あぽペ￥かァペ）ァぜペ￥きたペ）かみペ）かぃペ）ぁ
0x6080A7	45	幻こギ％０コＵ㎏２ギＵ㎏」コァ㎏６ギァ㎏Ａギァ㎏Ｅギァ㎏Ｑべァ㎏Ｕべァ㎏あズガ％Ｙべァ㎏い
0x6080E1	40	Ｅペ￥ワ０プ㎏ゲメプ㎏あタペ￥さズペ）あシペ￥いぼペ￥きたペ）さみペ）さぃペ）る
0x60810F	53	厳こギ％だヒＵ㎏づベＵ㎏ヤヒァ㎏びベァ㎏ぱベァ㎏ぽベァ㎏シサァ㎏タサァ㎏ヒふギ％トぼァ㎏あァョ％ＭネＶ）か
0x608151	36	タペ￥しゥプ㎏やメプ㎏あぽペ￥かペペ）ァぜペ￥きたペ）かみペ）かぃペ）ぅ
0x60817B	44	幻こョ％ＷソＵ㎏ＹＤＵ㎏綮ァ㎏◎Ｄァ㎏→Ｄァ㎏。Ｄァ㎏❤ぺァ㎏（ぺァ㎏あズガ％㎞ぺァ㎏き
0x6081B3	25	Ｏあョペ￥◎ぞプ㎏ァズペ￥くミペ）ほヘペ￥テＥペ￥
0x6081CD	4	たヂ㎏く
0x6081E3	4	験のタ％
0x6081EA	15	ヂ㎏あよペ）こいァ（あはァ％き
0x608203	4	験るタ％
0x608209	4	たヂ㎏か
0x608223	5	険ぽペ）さ
0x608236	7	ヂ㎏こいァ（え
0x60823F	18	れあこァ％ョてズ㎏あたッ（あにペ）え
0x608253	16	橘こァ％ョてズ㎏あたッ（あにペ）
0x608265	12	たチ％あペギ％ァてァ㎏ほ
0x608279	43	ズペ￥㎞ペプ㎏蕾プ㎏けＥペ）あミペ￥けタペ）ァぽペ￥たぜペ￥くたペ）さみペ）さぃペ）が
0x6082AB	45	減こギ％ＧムＵ㎏ＩムＵ㎏㎞ムァ㎏Ｍチァ㎏Ｑチァ㎏Ｕチァ㎏→アァ㎏。アァ㎏あズガ％」ぞァ㎏え
0x6082E3	10	Ｏかたペ）かみペ）ち
0x608309	4	みズ㎏リ
0x60830E	7	プ㎏づたゥ㎏ぱ
0x608316	11	ゥ㎏ぽたゥ㎏はさペ￥ク
0x60832A	7	ゥ㎏ぷそペ￥び
0x608332	11	ゥ㎏エたゥ㎏どねペ￥ぱ
0x60833E	7	プ㎏タたゥ㎏ト
0x608349	16	ジＲ　れふいづぉふい」ぉふいオな
0x608394	4	たぜを快
0x60839D	4	覆ズミあ
0x6083EF	13	桔ぜペ￥→Ｚプ㎏→なプ㎏え
0x608413	4	恵おプ㎏
0x60841D	20	たズ㎏るせペ￥２たゼ㎏２Ｚプ㎏ぁぜィ％ヂ
0x608432	7	せ（ボなプ㎏え
0x608447	4	荒おプ㎏
0x60844D	4	たズ㎏２
0x60845A	4	ィ㎏ぞあ
0x60845F	4	欣おプ㎏
0x608469	20	たズ㎏るせペ￥２たゼ㎏クＺプ㎏ぁぜィ％ヂ
0x60847E	7	せ（エなプ㎏え
0x608493	4	後おプ㎏
0x608499	4	たズ㎏２
0x6084A6	4	ィ㎏んあ
0x6084AB	4	窮おプ㎏
0x6084B5	20	たズ㎏るせペ￥２たゼ㎏しＺプ㎏ぁぜィ％ヂ
0x6084CA	7	せ（しなプ㎏え
0x6084DF	4	際えプ㎏
0x6084E5	4	たズ㎏２
0x6084F2	4	ィ㎏ひあ
0x6084F7	4	鯨えプ㎏
0x608501	20	たズ㎏るせペ￥２たゼ㎏ＵＹプ㎏ぁぜィ％ヂ
0x608516	7	せ（Ｕとプ㎏え
0x60852B	4	刻えプ㎏
0x608531	4	たズ㎏２
0x60853E	4	ィ㎏くあ
0x608543	4	具えプ㎏
0x60854D	20	たズ㎏るせペ￥６たゼ㎏ヤＹプ㎏しぜィ％ヂ
0x608562	7	せ（リとプ㎏え
0x608577	4	坑えプ㎏
0x60857D	4	たズ㎏６
0x60858F	4	競えプ㎏
0x608599	20	たズ㎏るせペ￥６たゼ㎏りＹプ㎏しぜィ％ヂ
0x6085AE	7	せ（ぃとプ㎏え
0x6085C3	4	元えプ㎏
0x6085C9	4	たズ㎏６
0x6085DB	4	憲うプ㎏
0x6085E5	20	たズ㎏るせペ￥６たゼ㎏❤Ｘプ㎏しぜィ％ヂ
0x6085FA	6	せ（女プ㎏え
0x60860F	4	梱うプ㎏
0x608615	4	たズ㎏６
0x608627	4	君うプ㎏
0x608631	20	たズ㎏るせペ￥６たゼ㎏ズＸプ㎏しぜィ％ヂ
0x608646	7	せ（ペてプ㎏え
0x60865B	4	洪うプ㎏
0x608661	4	たズ㎏６
0x608673	4	響うプ㎏
0x60867D	20	たズ㎏るせペ￥６たゼ㎏づＸプ㎏しぜィ％ヂ
0x608692	7	せ（エてプ㎏え
0x6086A7	4	狐うプ㎏
0x6086AD	4	たズ㎏６
0x6086BF	4	脚うプ㎏
0x6086D5	8	Ｗプ㎏しぜィ％ヂ
0x6086DE	7	せ（してプ㎏え
0x6086F3	4	塞いプ㎏
0x6086F9	4	たズ㎏６
0x60870B	4	桂いプ㎏
0x608715	20	たズ㎏るせペ￥６たゼ㎏ＡＷプ㎏しぜィ％ヂ
0x60872A	7	せ（Ｉつプ㎏え
0x60873F	4	鉱いプ㎏
0x608745	4	たズ㎏６
0x608757	4	菌いプ㎏
0x608761	20	たズ㎏るせペ￥６たゼ㎏タＷプ㎏しぜィ％ヂ
0x608776	7	せ（リつプ㎏え
0x60878B	4	誤いプ㎏
0x608791	4	たズ㎏６
0x6087A3	4	居いプ㎏
0x6087AD	20	たズ㎏るせペ￥６たゼ㎏とＷプ㎏しぜィ％ヂ
0x6087C2	7	せ（ぃつプ㎏え
0x6087D7	4	阪あプ㎏
0x6087DD	4	たズ㎏６
0x6087EF	4	欠あプ㎏
0x6087F9	20	たズ㎏るせペ￥６たゼ㎏◎Ｖプ㎏しぜィ％ヂ
0x60880E	6	せ（上プ㎏え
0x608823	4	漉あプ㎏
0x608829	4	たズ㎏６
0x60883B	4	隅あプ㎏
0x608845	20	たズ㎏るせペ￥６たゼ㎏ワＶプ㎏しぜィ％ヂ
0x60885A	7	せ（ヤちプ㎏え
0x60886F	4	巷あプ㎏
0x608875	4	たズ㎏６
0x608887	4	境あプ㎏
0x608891	20	たズ㎏るせペ￥６たゼ㎏ぃＶプ㎏しぜィ％ヂ
0x6088A6	7	せ（エちプ㎏え
0x6088BB	4	現あプ㎏
0x6088C1	4	たズ㎏６
0x6088DD	20	たズ㎏るせペ￥６たゼ㎏㎞Ｕプ㎏しぜィ％ヂ
0x6088F2	7	せ（しちプ㎏え
0x60890D	4	たズ㎏６
0x608929	20	たズ㎏るせペ￥６たゼ㎏バＵプ㎏しぜィ％ヂ
0x60893E	7	せ（Ｙたプ㎏え
0x608959	4	たズ㎏６
0x608966	7	ィ㎏るせペ￥ヂ
0x608972	15	プ㎏あみペ￥ズたプ㎏うみＵ・ゲ
0x608982	14	プ㎏うみＶ・ョたプ㎏うみァ・
0x608991	4	みペ￥ァ
0x608996	15	プ㎏うみィ・ワたプ㎏うみァ・リ
0x6089A6	19	プ㎏うみィ・ァみペ￥ミたプ㎏うみァ・フ
0x6089BA	68	プ㎏うみィ・うみァ・たァＲ　ナこいぜぱふいバしいＷヌこいクぺふいっぽふいびぴふいヤぴふい→ぴふいタぽふいぽぷふい㎞ぽふい６ぷふいＥぺふい
0x608A01	45	ぺふいくぽふい沌ふいＭぽふいＹヌこい胚こい◎ヌこい→ヌこい。ヌこい❤ヌこい（ヌこい㎞ヌこい
0x608A39	13	のふい頓を械。ぴ％ァヌプ㎏
0x608A4E	74	デ㎏リぬプ㎏㎞ぃァ％トみダ㎏ミきプ㎏だよペ）がめィ㎏フみダ㎏えぽペ）だよペ）ぜめィ㎏ネみダ㎏あミペ￥だよペ）ごめィ㎏Ｇね「）ＫとＵ）Ｉね「）ＭとＵ）
0x608A9A	15	デ㎏きみペ）キそァ％いひァ％な
0x608AAA	8	ォ％おたィ（＠あ
0x608AB3	5	顕ぜォ％と
0x608AD1	12	ゅプ㎏㎞たァ％えァペ）あ
0x608ADE	18	ペ￥Ｉミペ￥あぽォ％ヅぬめ（ぜぽゾ㎏
0x608AF2	11	オ￥きれェい２ギＷおそ
0x608AFF	70	こきコェ％２こＺ㎏トズゾ㎏レフェ％ぶデペ）６ブッ㎏フズゾ㎏ぶデペ）Ｅブッ㎏ネズゾ㎏ぶデペ）Ａブッ㎏Ｇク…）Ｋサ♂）Ｉり…）Ｍろ♂）あぜォ％い
0x608B51	15	ミペ￥ミどプ㎏きタペ）いぽペ￥
0x608B62	15	ヂ㎏おみペ）Ｔそァ％うひァ％る
0x608B72	8	ュ％かたィ（ビあ
0x608B7B	5	顕ミュ％か
0x608B8B	9	Ｏごカプ㎏っャプ㎏
0x608B95	11	タペ￥あぜペ￥Ｉミペ￥
0x608BA2	7	バ㎏うたャ％㎞
0x608BAA	10	ァ％ゼきみ（ぜたズ㎏
0x608BD1	11	ぃィ㎏フぃズ㎏ぢゅペ）
0x608BE9	16	ぃィ㎏Ｇね。）ＫたＷ）Ｉく。）Ｍ
0x608BFF	6	久たャ％￥い
0x608C07	5	顕タャ％け
0x608C19	15	ミペ￥６でプ㎏きタペ）うぽペ￥
0x608C2A	7	ヂ㎏おみペ）Ａ
0x608C32	7	ァ％あはァ％い
0x608C3A	8	ュ％かたィ（ヌあ
0x608C43	5	顕ミュ％こ
0x608C53	5	Ｏミおプ㎏
0x608C5D	129	ミズ㎏ネでプ㎏びあド㎏ネヅプ㎏ぜかペ）◎えォ㎏ぽあド㎏いヒペ￥ぜかペ）。えォ㎏ぱあド㎏くぽペ）ぜかペ）→えォ㎏Ｓて？）ぽぅド㎏びあド㎏いのィ％あねペ）むねペ）ぞつペ）ィみペ）あたゥ％ィたペ）悲ビ）ゥみペ）匁ビ）Ｖぁペ）ゥＱペ）○ぁペ）ゥＡペ）ィわデ（ポＨグ）
0x608CE1	23	た９％めよペ）あれゥ）いぃェ（ガフデ（７１ギ）
0x608CF9	12	た８％よよペ）あれゥ）い
0x608D06	7	ァ（ねぃゴ㎏た
0x608D0E	23	ゴ㎏とァゴ㎏くペペ）きこォ％あぽッ％ＹＤＵ㎏き
0x608D2F	21	Ｏバヂプ㎏ズづプ㎏えぽぴ％いハペ￥たＥゴ％
0x608D45	39	たヂ㎏こぇィ（あこェ％びむゼ㎏ワてズ㎏／そェ％あみだ（いうイ￥あぐァ％あいィＷ
0x608D73	9	★じうイ￥そいィＧ
0x608D81	39	たヂ㎏こぇィ（あこェ％ぽむゼ㎏ォてズ㎏）そェ％あみだ（いうイ￥あぐァ％あいィＷ
0x608DAF	9	★じうイ￥そいィＧ
0x608DC3	6	８Ｓぉ？）き
0x608DCA	10	ベ室ぃゴ㎏しタゴ㎏き
0x608DDD	16	ぃヅ㎏こいァ（／そァ％あこァ％き
0x608DFD	27	たヂ㎏きこガ％こめィ（あたペ￥ＹまＵ㎏あはゥ％ワもゼ㎏
0x608E19	23	たヂ㎏だゅペ）こつィ（あはィ％◎ずァ㎏ォぉゼ㎏
0x608E31	47	みヂ㎏ぢ♂ペ）こつゥ（いぃペ）こぇェ（。↓ァ㎏あはィ％ァてゼ㎏あぐェ％ぞ♂ペ）→↓ァ㎏ョＸダ㎏
0x608E61	52	たヂ㎏こめゥ（こぇィ（❤↓ァ㎏あはゥ％ョもゼ㎏あはェ％㎞ぁァ㎏ョてゼ㎏るピガ％（まァ㎏あァョ％あペギ％ほ
0x608E9B	5	Ｏりうプ㎏
0x608EA6	23	ズ㎏みェプ㎏㎞ペァ％みぉプ㎏きＥペ）きズペ）き
0x608EBE	44	ペ）い酷￥Ｓぬ』）あナュ％けミュ（ぞつペ）あちェ（雄、）フぽブ㎏けはョ％ボどＷ（い＠ヂ％
0x608EED	62	み０％わどペ）いべォ）えみッ（だよペ）Ｕむィ㎏Ｓキ』）ゼぱョ％トみブ㎏でイペ）おアペ）ちダ）あＥグ％るザョ％ヅ♂♂（せぽボ（
0x608F2D	44	タ４（ゆカペ）かコッ）おみゥ（だよペ）Ｍむィ㎏ネみブ㎏いヅガ％だよペ）Ｑむィ㎏Ｓぬ』）え
0x608F63	5	Ｏタいプ㎏
0x608F69	16	ぜズ㎏㎞ぽォ％Ｓて」）Ｑき＋）あ
0x608F85	12	くペ）みネペ）いけカ￥か
0x608FC5	24	くペ）いけカ￥みくぞみＳうＹむみくィぃＳうＹぅシ
0x608FE3	5	険タペ）シ
0x609007	9	険みペ）あぃペ）か
0x609022	18	ォ㎏Ｓテ」）タぃヂ㎏２むプ㎏いノャ％
0x609035	16	ぃェ（かくペ）みくペ）ぜいペ）ァ
0x60904E	9	ペ）搭ゾ）フたヅ㎏
0x609059	11	ミペ￥ズェＸ（いグバ％
0x609066	6	１％りゅペ）
0x60906D	4	ぐェ）う
0x609076	7	ォ㎏Ｓぉ」）ト
0x60907E	29	ヅ㎏づアプ㎏いぎェ％うがペ）もがペ）ぢぇペ）うぅペ）藁ゾ）
0x60909D	27	たヅ㎏タァヂ㎏シぃヂ㎏ネたゼ㎏うぃョ（ビェＸ（いグバ％
0x6090B9	12	ぃ１％りャペ）うギョ）く
0x6090D2	7	ヅ㎏いヒペ￥フ
0x6090DA	11	ズ㎏ぜかペ）ぷそァ％び
0x6090E6	11	ォ㎏Ｓぉ」）トたヂ㎏ぱ
0x6090F2	29	ヂ㎏ぢぇペ）ェぃペ）あぃェ％ェぃペ）量ゾ）ダィＶ（いげバ％
0x609111	12	たポ％もゅペ）あぐェ）う
0x609122	6	ォ㎏Ｓう」）
0x609129	11	ぃヅ㎏トたヂ㎏ぜいペ）
0x609135	11	あペ）騰ゾ）づァヂ㎏ネ
0x609142	27	ダ㎏ゾぅＶ（かみダ（きたポ（めよペ）あれゥ）いたョ（あ
0x60916A	7	ズ㎏ぜかペ）エ
0x609176	7	ヂ㎏ぜかペ）ぱ
0x609182	7	ヂ㎏ぜかペ）づ
0x60918E	7	ヂ㎏ぜかペ）ク
0x60919A	7	ヂ㎏ぜかペ）ぽ
0x6091C3	56	戸。ゴ％脳Ｒ　しいズナこいズヌこいくょかいブビビビビビ７ずミぜを外じペ￥ズうお（がでプ㎏あタペ）ちヂ）えぃデ㎏あ
0x60920A	6	ウ￥う覆ズし
0x60924D	4	みペ￥う
0x60926F	24	差えプ㎏あわペ￥Ｕとプ㎏おみァ・Ｑえプ㎏おみィ・
0x609289	28	ぃペ￥Ｉとプ㎏おぃァ・あみペ￥Ａえプ㎏おみィ・おぃＵ・ピ
0x6092AD	4	みペ￥う
0x6092CF	24	昂えプ㎏あわペ￥タとプ㎏おみァ・シえプ㎏おみィ・
0x6092E9	28	ぃペ￥エとプ㎏おぃァ・あみペ￥ぱえプ㎏おみィ・おぃＵ・ャ
0x60930D	4	みペ￥う
0x60932F	4	元えプ㎏
0x609341	34	うプ㎏おぃィ・あわペ￥曚プ㎏おみァ・うみペ￥錯プ㎏おみィ・おぃＵ・ホ
0x60936D	4	みペ￥う
0x60938F	44	漉うプ㎏あわペ￥ペてプ㎏おみァ・ボうプ㎏おみィ・バてプ㎏おみァ・あみペ￥ズうプ㎏おみィ・
0x6093BD	8	たペ￥おたＵ・カ
0x6093D7	24	康うプ㎏あわペ￥クてプ㎏おみァ・エうプ㎏おみィ・
0x6093F1	28	ぃペ￥ぱてプ㎏おぃァ・あみペ￥づうプ㎏おみィ・おぃＵ・づ
0x60941F	4	古うプ㎏
0x609425	31	ぃペ￥たてプ㎏おぃァ・しうプ㎏おぃィ・くてプ㎏おぃァ・あみペ￥
0x609445	12	うプ㎏おみィ・おぃＵ・ぉ
0x609463	4	催いプ㎏
0x609469	44	ぃペ￥→つプ㎏おぃァ・◎いプ㎏おぃィ・Ｙつプ㎏おぃァ・うみペ￥Ｑいプ㎏おみィ・おぃＵ・め
0x609497	12	桔みペ￥。つプ㎏いぃペ）
0x6094A7	4	降いプ㎏
0x6094AD	44	ぃペ￥ョつプ㎏おぃァ・ォいプ㎏おぃィ・ァつプ㎏おぃァ・あみペ￥リいプ㎏おみィ・おぃＵ・ち
0x6094EB	4	功いプ㎏
0x6094F1	56	みペ￥づつプ㎏おみァ・ぜいプ㎏おみィ・ァみペ￥がつプ㎏おみァ・うみペ￥ぃいプ㎏おみィ・あたペ￥おたＵ・ぽつプ㎏あ
0x60952E	70	Ｖ・ねみデ㎏づつプ㎏だよペ）おみィ・みみデ㎏がつプ㎏だよペ）おみィ・ふみデ㎏わつプ㎏だよペ）おみィ・Ｉもー）みつプ㎏Ｊみィ）えたデ㎏Ｊたォ）
0x60957A	7	ア￥しつプなお
0x609582	6	ＶぬミァＲね
0x60958D	11	たペ￥おたＵ・ミァＲ安
0x6095A6	6	ウ￥う覆ズび
0x6095E3	49	慧もー）２ちプ㎏びあプ㎏Ｊみィ）ごみデ㎏ぜちプ㎏おみァ・ごみデ㎏があプ㎏おみィ・ごたデ㎏おたァ・ん
0x609617	25	匡みデ㎏みちプ㎏フあプ㎏おみィ・Ｋてー）Ｊたァ）ら
0x60963E	37	プ㎏Ｊみィ）ごみデ㎏筒プ㎏おみァ・ごみデ㎏安プ㎏おみィ・ごたデ㎏おたァ・は
0x609667	5	匡みデ㎏◎
0x60966E	15	プ㎏◎たプ㎏おみァ・ごみデ㎏Ｕ
0x60967E	15	プ㎏おみィ・ごたデ㎏おたァ・た
0x60968F	9	匡みデ㎏ペたプ㎏ペ
0x60969A	15	プ㎏おみィ・ごたデ㎏おたァ・け
0x6096AB	5	匡たデ㎏ゲ
0x6096B2	7	プ㎏おたァ・お
0x6096BB	9	匡みデ㎏ヤたプ㎏ヤ
0x6096C6	15	プ㎏おみィ・ごたデ㎏おたァ・Ｉ
0x6096D6	15	プ㎏あたペ￥おたＵ・ねたデ㎏ヂ
0x6096E6	15	プ㎏ぞにペ）おたァ・みたデ㎏ョ
0x6096F6	15	プ㎏ぞにペ）おたァ・ふたデ㎏ワ
0x609706	15	プ㎏ぞにペ）おたァ・Ｉてー）ミ
0x609716	10	プ㎏Ｊたァ）ミァＲ　
0x609735	104	ぴふいペぴふい❤ヌこい（ヌこい㎞ヌこい胚こい且こいわぺふい」ぷふいやぷふいとぱふいたアふいォぺふいふぴふい　ふいワぷふいゲぽふいＹぱふいＷヌこい◎ヌこい。ヌこい→ヌこいーヌこいＹヌこい！ヌこいがぜを峨ぽペ）ボ
0x6097A2	7	ヅ㎏あぜペ）う
0x6097AD	6	覆ズがァＲ練
0x6097C3	13	桔みペ￥６みッ㎏Ａみッ㎏ボ
0x6097D2	11	ヅ㎏ふちプ㎏あＵァ％え
0x6097EB	5	鈷せペ￥ヂ
0x6097F5	4	ぅプ㎏あ
0x609805	90	ぜペ￥あぜゥ・峠プ㎏騰プ㎏あぜェ・ァぃペ￥あぃゥ・トぃヅ㎏（みプ㎏ぢゅペ）あぃゥ・フぃヅ㎏」みプ㎏ぢゅペ）あぃゥ・ネぃヅ㎏◎みプ㎏ぢどペ）あぜゥ・Ｕぃプ㎏うぜペ￥Ｑみプ㎏あぜェ・あ
0x609862	10	Ｗ・がァＲ化せペ￥ヂ
0x609872	15	プ㎏あたペ￥うたＵ・６みヅ㎏リ
0x609882	15	プ㎏リたプ㎏うみァ・６みヅ㎏ミ
0x609892	22	プ㎏うみィ・ァたペ￥うたァ・がァＲ化せペ￥ヂ
0x6098AE	15	プ㎏あたペ￥うたＵ・６みヅ㎏ご
0x6098BE	15	プ㎏ごたプ㎏うみァ・６みヅ㎏っ
0x6098CE	22	プ㎏うみィ・ァたペ￥うたァ・がァＲ化せペ￥ヂ
0x6098ED	48	みペ￥あみＵ・がァＲ　ぱふいＹヌこい❤ヌこい（ヌこい㎞ヌこい◎ヌこい。ヌこい→ヌこい胚こい且こい
0x6099C0	124	やるふいわるふいリるふいネるふいねるふいびるふいぃるふいヤるふいエるふいぜるふいづるふいとるふいごるふいしるふいクるふいっるふいミるふいりるふいふるふいぱるふいワるふいシるふいえるふいたるふいみるふいぽるふいタるふいトるふいがるふいくるふいフるふい
0x609A3D	4	るふいあ
0x609A44	5	Ａわふいあ
0x609A4C	5	シんふいあ
0x609A54	5	２んふいあ
0x609A5C	5	とろふいあ
0x609A64	5	えぁふいあ
0x609A6C	5	❤わふいあ
0x609A74	5	ふわふいあ
0x609A7C	5	Ｙわふいあ
0x609A84	5	」んふいあ
0x609A8C	5	とんふいあ
0x609A94	5	エをふいあ
0x609A9C	5	ァろふいあ
0x609AA4	5	みんふいあ
0x609AAC	5	みろふいあ
0x609AB4	4	瞳ふいあ
0x609ABC	5	ぱぁふいあ
0x609AC5	4	をふいあ
0x609ACC	5	ペわふいあ
0x609AD4	4	斬ふいう
0x609AE4	5	（んふいあ
0x609AEC	5	ゲんふいあ
0x609AF4	5	たぁふいあ
0x609AFD	4	ろふいあ
0x609B04	5	やをふいあ
0x609B0C	5	」ろふいあ
0x609B14	4	ぜわふい
0x609B1C	5	ねニふいＭ
0x609B28	8	りれふいネぅみい
0x609B40	5	がソふいご
0x609B4C	8	っぃふいバぃみい
0x609B58	6	ねミふいォあ
0x609B64	6	ヤェふいＭう
0x609B70	5	ふスふいご
0x609B7C	5	ヂスふいご
0x609B88	5	。スふいご
0x609B94	5	Ｉサふいご
0x609BA0	6	ミヘふいりあ
0x609BAD	4	サふいご
0x609BB8	4	捺ふいご
0x609BC4	6	りニへい。せ
0x609BD0	8	がれふいＵぃみい
0x609BDC	5	６クふいご
0x609BE8	5	ごサふいご
0x609BF4	5	Ｙコふいご
0x609C00	5	バケふいご
0x609C0C	8	６れふいくぅみい
0x609C18	5	先ほい。て
0x609C24	5	ョコふいご
0x609C30	5	ペヨほい　
0x609C3C	6	バホふいァあ
0x609C48	5	リサふいご
0x609C54	4	ミハふい
0x609C60	6	や３へいゲた
0x609C6C	5	わシふいご
0x609C78	5	ネシふいご
0x609C84	6	わダふいＭお
0x609C90	5	２シふいご
0x609C9C	4	ミヒふい
0x609CA8	5	シケふいご
0x609CB4	8	みれふい６ぃみい
0x609CC0	5	。トふい２
0x609CD1	4	ぅみいあ
0x609CD8	8	ペれふいＱぅみい
0x609CE4	6	❤こほいバち
0x609CF0	5	Ｍだほい女
0x609CFC	5	」ケふいご
0x609D08	5	ぱトふいォ
0x609D14	5	ォセふいご
0x609D22	4	へいネち
0x609D2C	8	ぜれふいゲぅみい
0x609D38	5	びセふいご
0x609D50	5	クスふいご
0x609D5C	7	っぅふい使みい
0x609D68	5	えツふいび
0x609D74	8	ヤぃふいＭぃみい
0x609D80	5	（シふいご
0x609D8C	8	。れふいズぃみい
0x609D98	6	し？へいっち
0x609DA4	6	㎞ぜへいごこ
0x609DB0	8	びれふいＥぃみい
0x609DBC	5	みケふいご
0x609DC8	5	Ｕセふいご
0x609DD4	5	しセふいご
0x609DE0	9	タれふいァぅみいあ
0x609DEC	8	◎れふいぽぅみい
0x609DF8	5	ヤナふい２
0x609E05	4	セふいご
0x609E1C	5	ぱコふいご
0x609E28	9	たれふい→ぃみいあ
0x609E35	8	れふい→ぅみいあ
0x609E40	9	ぽれふいボぅみいあ
0x609E4C	8	ねれふい！ぃみい
0x609E58	5	ヤチふいび
0x609E64	6	ＥＪへいゲた
0x609E70	9	ミれふいみぅみいあ
0x609E7C	9	ネれふいとぅみいへ
0x609E88	9	６ヌふいＡぅみいい
0x609E94	8	」ぅふいョぃみい
0x609EA0	6	ご♂へい。た
0x609EAC	8	くれふいシぅみい
0x609EB8	5	ぱツふいワ
0x609EC4	5	。ニふい！
0x609ED0	6	６キへいァせ
0x609EDC	8	Ｕれふいづぅみい
0x609EE8	5	Ｑチふいび
0x609EF4	9	クれふいペぃみいあ
0x609F00	9	ぃれふいわぅみいあ
0x609F0C	8	Ｅれふい❤ぅみい
0x609F18	6	ヤふほいヤつ
0x609F24	5	ぜ今いっち
0x609F30	9	Ｍれふい㎞ぃみいあ
0x609F3C	8	リれふいヤぅみい
0x609F48	5	◎テふいォ
0x609F54	6	みぼへいョし
0x609F60	5	㎞クふいご
0x609F6C	8	ョれふいがぅみい
0x609F78	6	ボムふいゲあ
0x609F84	7	ズれふい峠みい
0x609F91	5	ヂへいわた
0x609F9C	5	たコふいご
0x609FB4	4	びばふい
0x609FC4	4	がだふい
0x609FE4	6	まぱソヘずン
0x60A004	4	２だふい
0x60A024	4	。ぜふい
0x60A034	4	ぜぶふい
0x60A044	4	（でふい
0x60A054	4	」びふい
0x60A064	4	くでふい
0x60A078	5	たわふいい
0x60A080	8	ワわふいネずふい
0x60A094	4	ふぜふい
0x60A0B8	5	クわふいい
0x60A0C0	8	Ｉをふいミどふい
0x60A0D4	4	トぶふい
0x60A0E4	4	Ｍどふい
0x60A0F4	4	トぜふい
0x60A104	4	ぽでふい
0x60A128	5	シろふいい
0x60A130	5	！れふい／
0x60A154	4	ゲびふい
0x60A164	4	２だふい
0x60A178	5	ァんふいい
0x60A180	5	っぁふい叱
0x60A1A4	4	シだふい
0x60A1C4	4	６べふい
0x60A1E4	4	ミざふい
0x60A1F4	4	ヂざふい
0x60A204	4	シだふい
0x60A218	5	タをふいい
0x60A220	8	ヤんふいえどふい
0x60A254	4	リづふい
0x60A274	4	Ｉばふい
0x60A284	4	」ずふい
0x60A294	4	！じふい
0x60A2B4	4	とだふい
0x60A2C4	4	Ｕづふい
0x60A2D4	4	ズじふい
0x60A2E4	4	→ぞふい
0x60A2F4	4	Ｙぢふい
0x60A304	4	しづふい
0x60A314	4	エづふい
0x60A334	4	づずふい
0x60A344	4	ぱどふい
0x60A354	4	Ｑでふい
0x60A364	4	タぞふい
0x60A374	4	６ぞふい
0x60A394	4	ごぞふい
0x60A3C4	4	ねぞふい
0x60A3D4	4	フじふい
0x60A3E4	4	Ｅずふい
0x60A3F4	4	Ｅびふい
0x60A404	4	たぢふい
0x60A424	4	クぢふい
0x60A4DC	4	シだふい
0x60A4E4	4	っぢふい
0x60A4F4	4	２だふい
0x60A4FC	4	ワぢふい
0x60A50C	4	シだふい
0x60A514	4	◎だふい
0x60A524	4	２だふい
0x60A554	4	❤どふい
0x60A56C	4	やばふい
0x60A574	4	やじふい
0x60A584	4	！ばふい
0x60A58C	4	。ぶふい
0x60A59C	4	ネびふい
0x60A5B4	4	シだふい
0x60A5CC	4	２だふい
0x60A5D4	4	やじふい
0x60A796	4	ーコるゆ
0x60A7B2	4	ーコるゆ
0x60A7CE	4	ーコるゆ
0x60A7EA	4	ーコるゆ
0x60A806	4	ーコるゆ
0x60A822	4	ーコるゆ
0x60A83E	4	ーコるゆ
0x60A85A	4	ーコるゆ
0x60A876	4	ーコるゆ
0x60A892	4	ーコるゆ
0x60A8AE	4	ーコるゆ
0x60A8CA	4	ーコるゆ
0x60A8E6	4	ーコるゆ
0x60A902	4	ーコるゆ
0x60A91E	4	ーコるゆ
0x60A93A	4	ーコるゆ
0x60A956	4	ーコるゆ
0x60A972	4	ーコるゆ
0x60A98E	4	ーコるゆ
0x60A9AA	4	ーコるゆ
0x60A9C6	4	ーコるゆ
0x60A9E2	4	ーコるゆ
0x60A9F0	4	ーコるゆ
0x60A9FE	4	ーコるゆ
0x60AA1A	4	ーコるゆ
0x60AA36	4	ーコるゆ
0x60AA52	4	ーコるゆ
0x60AA60	4	ーコるゆ
0x60AAEE	10	ぞしペた２ねタるフす
0x60AB0F	26	ヴ頻ぜズモ←ねカどょゆサるパをプぅ８と↓ね。ね睦とむ
0x60AB4B	31	ヴだく３とヂイハニＹヴィンうヴ♀みけをＢでれざフぶ↓オ謎ちセ耗
0x60AB7E	13	晩んけとおょおコおパすパヌ
0x60AB9E	13	煩てあゅあクあレあＲあひめ
0x60ABBE	13	忙なおょおケおロおＳちぎソ
0x60ABD2	25	らる＠ざをべＧコＤヴＵホぜヴウい？いサうピう／うま
0x60ABFC	15	晩とおょおコおヲお・なデぇ・ロ
0x60AC50	26	めみテし♂ね５づれケＢゃＣヘ入）ンガンぉレＪカＶヴ禄
0x60ACDA	17	ばえネえョくガく８し９し＠と藷んへ
0x60AD61	12	リソルＴルまレヴンプンぞ
0x60AD6E	30	ェしＺと・ふりゆぶるべをヒぅＡゃ↑ざ柱ぅべモイきに６つりさあ
0x60AD90	4	月ふいあ
0x60AD98	11	酸ふいＹゅふいエょふい
0x60ADB4	5	びテふいう
0x60ADD8	5	わぐふいう
0x60ADFC	5	りぁふいあ
0x60AE04	12	（るふいしっふい❤がふい
0x60AE20	4	萄ふいあ
0x60AE28	12	ゲるふいワゅふいミょふい
0x60AE44	5	ヤソふいか
0x60AE68	5	Ｉぁふいか
0x60AE8C	5	くんふいあ
0x60AE94	12	Ａるふいえゅふいゲょふい
0x60AEB1	4	ヤへいえ
0x60AED4	5	Ｑリふいえ
0x60AEF8	4	仕ふいあ
0x60AF00	12	バるふいごっふいＹょふい
0x60AF1C	5	㎞６ふいう
0x60AF40	5	フぐふいう
0x60AF64	5	ミわふいあ
0x60AF88	5	㎞Ｍふいう
0x60AFAC	5	Ａぐふいう
0x60AFD0	5	ゲろふいあ
0x60AFD8	12	。るふいフっふいねがふい
0x60AFF4	5	わュふいか
0x60B018	5	２ぁふいか
0x60B03C	5	くろふいあ
0x60B044	12	ァるふいごアふいとぼふい
0x60B060	5	わグふいか
0x60B084	5	づんふいあ
0x60B08C	12	ォるふいＱァふいりモふい
0x60B0A8	5	エぅふいか
0x60B0CC	5	㎞れふいあ
0x60B0F0	5	ぃをふいあ
0x60B0F8	12	ョるふいフアふいじぼふい
0x60B114	5	わジふいか
0x60B138	4	瀉ふいか
0x60B15C	5	㎞。ふいう
0x60B180	5	わげふいう
0x60B1A4	5	㎞◎ふいう
0x60B1C8	5	ョわふいあ
0x60B1D1	11	るふいボアふいネぼふい
0x60B1EC	5	ぱげふいう
0x60B211	4	ォへいか
0x60B234	5	づぅふいか
0x60B258	5	㎞（ふいう
0x60B27C	5	フげふいう
0x60B2A0	5	ミフふいか
0x60B2C4	5	ねをふいあ
0x60B2CC	12	Ｉるふい→アふいゾぼふい
0x60B2E8	5	ヤぅふいか
0x60B30C	5	Ｉソふいか
0x60B330	5	ヂぅふいか
0x60B354	5	ペカほいう
0x60B378	4	綮ふいか
0x60B39C	5	Ａげふいう
0x60B3C0	5	」ぁふいか
0x60B3E4	5	ぜぁふいあ
0x60B3EC	10	洞ふい嗣ふいぽがふい
0x60B408	4	㎞透いう
0x60B42C	5	ぽんふいあ
0x60B439	7	アふいＱぼふい
0x60B474	5	わんふいあ
0x60B47C	12	」るふいっゅふいフがふい
0x60B498	4	子ふいう
0x60B4E0	5	㎞みへいう
0x60B504	5	しごふいう
0x60B528	5	びをふいあ
0x60B530	11	◎るふいふゅふい狢ふい
0x60B54C	5	㎞くへいう
0x60B570	5	わごふいう
0x60B594	4	姿ふいう
0x60B5B9	4	をふいあ
0x60B5C0	12	！るふいＱゃふい６ょふい
0x60B5DC	5	フをふいあ
0x60B5E4	11	溯ふいぱゅふいョがふい
0x60B600	5	㎞ねへいう
0x60B624	5	ぱごふいう
0x60B648	5	㎞たへいう
0x60B66C	5	ヂわふいあ
0x60B674	11	Ｕるふい炬ふい２がふい
0x60B690	5	フごふいう
0x60B6B4	5	Ｑレふいう
0x60B6D8	5	㎞をふいあ
0x60B6E0	12	ペるふいトゅふいＵがふい
0x60B6FC	5	ゲごふいう
0x60B720	5	っタふいか
0x60B744	5	㎞りへいう
0x60B768	5	トぇふいか
0x60B78C	5	Ａごふいう
0x60B7B0	5	ョＥほいえ
0x60B7D4	5	がんふいあ
0x60B7DC	12	Ｙるふいヂゅふいとぎふい
0x60B7F8	5	㎞ぃへいう
0x60B81C	5	㎞がへいう
0x60B840	5	→ごふいう
0x60B864	5	Ｑワふいえ
0x60B888	5	ネんふいあ
0x60B890	12	㎞るふいしょふいぃぎふい
0x60B8AC	4	屍ふいう
0x60B8D0	5	ヤタふいか
0x60B8F4	5	→げふいう
0x60B918	5	トぃふいか
0x60B93C	5	◎ろふいあ
0x60B944	12	ズるふいォっふいぱぎふい
0x60B960	5	バんふいあ
0x60B968	12	❤るふいＡゅふいネぎふい
0x60B984	5	Ｉタふいか
0x60B9A8	5	ヤぉふいか
0x60B9CC	5	→をふいあ
0x60B9D4	12	２るふい２ゃふいっがふい
0x60B9F0	5	Ｑんふいあ
0x60B9F8	12	Ｅるふい❤ゅふいォぎふい
0x60BA14	5	ョぃまいえ
0x60BA38	5	Ｑンふいえ
0x60BA5C	5	ボをふいあ
0x60BA64	12	Ｑるふい」ゃふいペぎふい
0x60BA80	5	Ｅんふいあ
0x60BA88	11	６るふい焙ふいＱぎふい
0x60BAA5	4	んふいあ
0x60BAAD	11	るふいエっふい！ぎふい
0x60BAC8	5	６をふいあ
0x60BAD0	12	ヂるふいごょふい（ょふい
0x60BAEC	5	◎ツふいう
0x60BB10	5	◎んふいあ
0x60BB18	12	Ｍるふいやょふいたぐふい
0x60BB34	5	しざふいう
0x60BB56	4	ーコるゆ
0x60BB80	4	ーコるゆ
0x60BBAA	4	ーコるゆ
0x60BBD4	4	ーコるゆ
0x60BBFE	4	ーコるゆ
0x60BC28	4	Ｙイふい
0x60BC54	4	ボオふい
0x60BC80	4	バエふい
0x60BCAC	4	→エふい
0x60BCD8	4	っオふい
0x60BD04	4	ミキふい
0x60BD30	4	ネオふい
0x60BD88	4	。オふい
0x60BDB4	4	えカふい
0x60BDE0	4	わウふい
0x60BE0C	4	フカふい
0x60BE38	4	タウふい
0x60BE64	4	がカふい
0x60BE90	4	ペカふい
0x60BEBC	4	」カふい
0x60BEE8	4	くキふい
0x60BF14	4	ヂウふい
0x60BF40	4	ごキふい
0x60BF6C	4	◎ウふい
0x60BF98	4	！キふい
0x60BFC4	4	トエふい
0x60BFF0	4	ぜクふい
0x60C048	4	ヤクふい
0x60C074	4	シイふい
0x60C0A0	4	２キふい
0x60C0CC	4	ぃエふい
0x60C0F8	4	ズイふい
0x60C124	4	しクふい
0x60C2A0	12	ぱざふいトぁふいヤぁふい
0x60C2CC	5	ぃっみいけ
0x60C2D4	12	❤ざふいっぇふいヂぁふい
0x60C300	5	ぱっみいけ
0x60C308	12	びじふいＹぅふいＹぁふい
0x60C334	5	Ｅぇみいけ
0x60C33C	12	Ｉじふいトぅふいやぅふい
0x60C368	5	◎ぇみいけ
0x60C370	11	みずふい濱ふいヂぃふい
0x60C39C	5	ヤぇみいけ
0x60C3A4	12	ゲずふいとぅふいとぃふい
0x60C3D0	5	（ぇみいけ
0x60C3D9	11	ずふいボっふいＩっふい
0x60C404	5	やぇみいけ
0x60C40C	12	Ａぜふい→っふい㎞っふい
0x60C438	5	ョぇみいけ
0x60C440	12	ぜぜふいズネふいァノふい
0x60C46C	5	ネっみいけ
0x60C474	12	ァだふいヤゃふいゲゃふい
0x60C4A0	5	！っみいけ
0x60C4A8	12	ョぶふい２ぅふいＩぅふい
0x60C4D4	5	たぉみいけ
0x60C4DC	12	ペぢふいヂぉふいヂぇふい
0x60C508	5	がぇみいけ
0x60C510	15	　ふいづゃふいシゃふいえぇふい
0x60C525	7	ゃみいわイふい
0x60C53C	5	たぇみいけ
0x60C544	11	ぃづふいォぅふい瀰ふい
0x60C570	5	クぉみいけ
0x60C578	12	㎞づふいォぃふい２ぃふい
0x60C5A4	5	ぱぇみいけ
0x60C5AC	12	ヤでふいやぃふいＹぃふい
0x60C5D8	5	ォっみいけ
0x60C5E0	12	バでふいエぃふいＩぃふい
0x60C60C	5	ボぇみいけ
0x60C614	12	りどふい㎞ぅふいえぉふい
0x60C640	5	ペっみいけ
0x60C648	12	ォべふいォぉふいエぉふい
0x60C674	5	ミぉみいけ
0x60C67C	12	ヂどふい２ぉふいづぇふい
0x60C6A9	4	ぇみいけ
0x60C6B0	12	Ｍざふいヤぇふいォぁふい
0x60C6DC	5	ョぉみいけ
0x60C6E4	12	ョぜふいＹぉふい㎞ぉふい
0x60C710	5	ペぉみいけ
0x60C718	12	ズばふい２ぇふい㎞ぇふい
0x60C744	5	りぉみいけ
0x60C74C	12	づびふいとぇふいォぇふい
0x60C778	5	Ｍぉみいけ
0x60C781	11	びふいエぇふいやぇふい
0x60C7AC	5	ぜぉみいけ
0x60C7B4	12	ふぶふい㎞ぁふい」ぃふい
0x60C7E0	5	。ぉみいけ
0x60C7E8	12	ＡぶふいＹぇふい」ぇふい
0x60C814	4	　みいけ
0x60C81C	12	ねべふいとぉふいえぃふい
0x60C849	4	っみいけ
0x60C850	12	ごべふいやぉふいっぉふい
0x60C87C	5	タぇみいけ
0x60C884	11	タべふい灑ふいづぃふい
0x60C8B0	5	ねっみいけ
0x60C8B8	12	→べふいＩぇふいＩぉふい
0x60C8E4	5	Ｑっみいぜ
0x60C8F0	4	とめむも
0x60C92C	4	とめむも
0x60C948	4	ァいァい
0x60C968	4	とめむも
0x60C9A4	4	とめむも
0x60C9E0	4	とめむも
0x60CA1C	4	とめむも
0x60CA58	4	とめむも
0x60CA94	4	とめむも
0x60CABC	4	ァいァあ
0x60CAD0	4	とめむも
0x60CB0C	4	とめむも
0x60CB48	4	とめむも
0x60CB70	4	ァあァあ
0x60CB84	4	とめむも
0x60CBC0	4	とめむも
0x60CBFC	4	とめむも
0x60CC24	4	ァあァい
0x60CC38	4	とめむも
0x60CC74	4	とめむも
0x60CCB0	4	とめむも
0x60CCEC	4	とめむも
0x60CD28	4	とめむも
0x60CD50	4	ァあァあ
0x60CD64	4	とめむも
0x60CDA0	4	とめむも
0x60CDDC	4	とめむも
0x60CE18	4	とめむも
0x60CE54	4	とめむも
0x60CE90	4	とめむも
0x60CECC	4	とめむも
0x60CEF4	4	ァあァあ
0x60CF08	4	とめむも
0x60CF44	4	とめむも
0x60CF4C	4	ァいァあ
0x60CF80	4	とめむも
0x60CFA8	4	ァあァい
0x60CFBC	7	みみみみみみみ
0x60CFC4	7	ぽぽぽぽぽぽみ
0x60CFCD	6	６６６６ぽみ
0x60CFFC	7	みみみみみみみ
0x60D004	7	ぽぽぽぽぽぽみ
0x60D00D	6	６６６６ぽみ
0x60D03C	7	みみみみみみみ
0x60D044	7	ぽぽぽぽぽぽみ
0x60D04D	6	６６６６ぽみ
0x60D07C	7	みみみみみみみ
0x60D084	7	ぽぽぽぽぽぽみ
0x60D08D	6	６６６６ぽみ
0x60D0BC	7	みみみみみみみ
0x60D0C4	7	ぽぽぽぽぽぽみ
0x60D0CD	6	６６６６ぽみ
0x60D0FC	7	みみみみみみみ
0x60D104	7	ぽぽぽぽぽぽみ
0x60D10D	6	６６６６ぽみ
0x60D13C	7	ククククククク
0x60D17C	7	ククククククク
0x60D1BC	4	とめむも
0x60D204	4	とめむも
0x60D24C	4	とめむも
0x60D294	4	とめむも
0x60D2A0	8	ア柄とボＦ残ボＦ
0x60D2BA	5	もゼめむも
0x60D2C3	7	くハあペによ９
0x60D2DF	4	ョめむも
0x60D2E7	11	そべちてなボＦと…ボＦ
0x60D401	8	まあちギカっめぜ
0x60D410	4	とめむも
0x60D448	4	ｱベねめ
0x60D494	4	とめむも
0x60D4CC	4	ｱベねめ
0x60D518	4	とめむも
0x60D57D	4	めむもむ
0x60D5BC	4	とめむも
0x60D621	4	めむもむ
0x60D660	4	とめむも
0x60D6AE	4	５珊むも
0x60D6B8	6	カェラざじえ
0x60D6D1	4	めむもと
0x60D6EC	6	カェラざじえ
0x60D702	5	Ｋげ３い４
0x60D718	4	とめむも
0x60D784	9	んノニざヌあぜいぞ
0x60D799	4	めむもお
0x60D7B4	6	ニＦッじえう
0x60D7EC	5	ごをふいえ
0x60D7F4	5	わろふいお
0x60D7FC	5	しをふいこ
0x60D804	5	がろふいあ
0x60D80C	5	づろふいさ
0x60D814	5	ズをふいす
0x60D81C	4	澡ふいい
0x60D824	5	。わふいく
0x60D82C	5	ォをふいせ
0x60D834	5	Ｕをふいし
0x60D83D	4	れふいき
0x60D844	5	バろふいか
0x60D84C	5	ふぁふいけ
0x60D854	5	リをふいて
0x60D85C	5	トわふいふ
0x60D864	5	Ｑろふいへ
0x60D86C	5	Ｍわふいぬ
0x60D874	5	クぁふいと
0x60D87C	5	！をふいね
0x60D884	5	（ろふいち
0x60D88C	5	Ｅろふいつ
0x60D894	5	ネろふいな
0x60D89C	5	２ろふいひ
0x60D8A4	5	えわふいた
0x60D8AC	5	ぽろふいは
0x60D8B4	5	ヤろふいの
0x60D8BC	5	りわふいに
0x60D8C4	5	っわふいそ
0x60D8CC	8	ぱわふい→ぞふい
0x60D8D8	4	シだふい
0x60D8E0	4	◎だふい
0x60D8E8	4	っぢふい
0x60D8F8	4	ゲびふい
0x60D900	4	ぜぶふい
0x60D908	4	Ｅずふい
0x60D910	4	ふぜふい
0x60D918	4	タぞふい
0x60D920	4	Ｙぢふい
0x60D928	4	リづふい
0x60D930	4	くでふい
0x60D938	4	えどふい
0x60D948	4	Ｉばふい
0x60D950	4	６べふい
0x60D958	4	ミざふい
0x60D960	4	ボづふい
0x60D968	4	！じふい
0x60D970	4	づずふい
0x60D978	4	ねぞふい
0x60D980	4	とだふい
0x60D988	4	たぢふい
0x60D990	4	しづふい
0x60D998	4	Ｑでふい
0x60D9A0	4	！ばふい
0x60D9A8	4	フばふい
0x60D9B0	4	。ぶふい
0x60D9C8	4	２だふい
0x60D9D8	4	ワぢふい
0x60D9E0	4	やじふい
0x60D9E8	4	」びふい
0x60D9F0	4	トぶふい
0x60D9F8	4	」ずふい
0x60DA00	4	トぜふい
0x60DA08	4	６ぞふい
0x60DA10	4	Ｅびふい
0x60DA18	4	Ｕづふい
0x60DA20	4	ぽでふい
0x60DA28	4	ぱどふい
0x60DA30	4	びばふい
0x60DA48	4	ヂざふい
0x60DA50	4	わでふい
0x60DA60	4	ネずふい
0x60DA68	4	ごぞふい
0x60DA70	4	がだふい
0x60DA78	4	クぢふい
0x60DA80	4	エづふい
0x60DA88	4	（でふい
0x60DA90	4	ネびふい
0x60DA98	4	みびふい
0x60DAB8	4	とめむも
0x60DB05	4	めむもえ
0x60DB4D	4	めむよみ
0x60DB90	5	Ｈ→だや↓
0x60DBB8	4	とめむも
0x60DC05	4	めむもえ
0x60DC4D	4	めむよみ
0x60DC90	5	Ｈ→だや↓
0x60DCD0	14	みみみみみみみみみみみみみみ
0x60DCE0	14	ぃぃぃぃぃぃぃぃぃぃぃぃぃみ
0x60DCF0	14	ぽぽぽぽぽぽぽぽぽぽぽぽぃみ
0x60DD00	14	ミミミミミミミミミミミぽぃみ
0x60DD11	13	６６６６６６６６６ミぽぃみ
0x60DD21	13	！！！！！！！！６ミぽぃみ
0x60DD38	6	！６ミぽぃみ
0x60DD48	6	！６ミぽぃみ
0x60DD58	6	！６ミぽぃみ
0x60DD68	6	！６ミぽぃみ
0x60DD78	6	！６ミぽぃみ
0x60DD88	6	！６ミぽぃみ
0x60DD98	6	！６ミぽぃみ
0x60DDA8	6	！６ミぽぃみ
0x60DDB8	4	とめむも
0x60DDEE	7	？じ尅Ｄもむも
0x60DDFC	6	グＥ？じナい
0x60DE10	7	ッＩＬじＶあェ
0x60DE29	4	めむもル
0x60DE82	4	Ｄもむも
0x60DEB4	7	っうぽへＶあェ
0x60DEE0	4	とめむも
0x60DF03	4	ぜめむも
0x60DF10	4	へえへえ
0x60DF27	4	ぜめむも
0x60DF47	4	ぜめむゆ
0x60DF65	4	めむもテ
0x60DFB0	5	へえへえぞ
0x60DFCE	5	、おめむも
0x60E021	4	めむよテ
0x60E02A	4	たみ、お
0x60E038	5	へえへえめ
0x60E060	4	とめむも
0x60E095	9	ョキゃぎ％れめむも
0x60E0B8	10	ィれでげ！こキい％れ
0x60E0D0	5	キいプあぞ
0x60E0E1	4	めむも％
0x60E0E8	10	ら↓Ｚん）きＧえワっ
0x60E111	9	ョキゃぎ％れめむも
0x60E126	4	Ｇえワっ
0x60E134	9	ヴるでげりねい％れ
0x60E14D	4	めむら↑
0x60E158	7	キいプあめむも
0x60E178	9	ヴるでげりねい％れ
0x60E1A1	4	めむも％
0x60E1A8	10	ら↓Ｚん）きＧえワっ
0x60E1D0	9	ィれでげ！こキいぞ
0x60E1E4	4	とめむも
0x60E1F0	6	イロュごゴか
0x60E204	9	鳩エをムえボあ？桔
0x60E22C	9	ぉ／Ｆも、う屁ブ険
0x60E240	10	ヘず、むごいらえレ窄
0x60E260	6	らえレ珊むも
0x60E272	4	Ｐえく循
0x60E286	4	キ珊むも
0x60E296	4	らえレ窄
0x60E2BD	4	めむもモ
0x60E2CA	4	ボあ？桔
0x60E306	5	Ｊーめむも
0x60E310	6	イロュごゴか
0x60E329	4	めむもモ
0x60E336	4	ボあ？桔
0x60E36A	4	ーコるゆ
0x60E412	4	ーコるゆ
0x60E482	4	ーコるゆ
0x60E4D6	4	ーコるゆ
0x60E514	4	とめむも
0x60E540	4	ノ３ッあ
0x60E546	4	めあがせ
0x60E554	6	ノ３オいめあ
0x60E569	4	めむらぬ
0x60E5A9	4	めむよロ
0x60E632	5	がせめむら
0x60E64C	4	ド４ッあ
0x60E652	4	めあがせ
0x60E675	4	めむらり
0x60E67E	5	たみゅうユ
0x60E68C	4	誓こあめ
0x60E6A4	6	ノ３オいめあ
0x60E6B8	4	ニビ３え
0x60E6BE	5	６てめむら
0x60E6C8	11	ノ３ッあめあがせめむら
0x60E6D8	11	ド４ッあめあがせめむら
0x60E6E8	4	ブブ３え
0x60E6EE	5	６てめむよ
0x60E70C	4	とめむも
0x60E738	4	ノ３ッあ
0x60E73E	4	めあがせ
0x60E74C	6	ノ３オいめあ
0x60E761	4	めむらぬ
0x60E7A1	4	めむよロ
0x60E82A	5	がせめむら
0x60E844	4	ド４ッあ
0x60E84A	4	めあがせ
0x60E86D	4	めむらり
0x60E876	5	たみゅうユ
0x60E884	4	誓こあめ
0x60E89C	6	ノ３オいめあ
0x60E8B0	4	ニビ３え
0x60E8B6	5	６てめむら
0x60E8C0	11	ノ３ッあめあがせめむら
0x60E8D0	11	ド４ッあめあがせめむら
0x60E8E0	4	ブブ３え
0x60E8E6	5	６てめむよ
0x60E99F	141	ヴびぷネぷネイガイヒぷギカ８コぼセフセヘツザニジツＤニ。ハ、ハ…ハＧロＪロ＋ヴヌカャカくコ７コ★セ★コべセ僅けヌフニＢハ↓ロ熱葡耗「ヴ禄♂セ・ツよヌよヒびヒ→ヴ曹ゆヌでヒ４ロ○ロ０ロェラ１ロＸヴ２ロＺロＶヴ罷ちむ梟カべドイふヌ↑ねをゆぺる隣ルぷコべＯカ～コ❤コ透とむモを？ぎにむラを
0x60EC9E	91	ョ￥ヨュヤリギネらぇデハぇＬＰ８ロ９っグぎノロヤサモるノヌツ★ヘララょニゃつゅ眸づ５～るグＴギ６づにぞゃトづゅどめ・レゅゴ×庄ヨっビりツツ♀ゲニ２９ぢＮ　ヅリ『べデオゥ８ギコＰどゾド
0x60EEE9	18	ぴヂイＪカーコDぎヌコヒロマＲラ・ロ
0x60EF13	109	みみたみとみねむたみふみみぜとみやぜねだくみりぜふぜみぞねぜやぜりぜわタみタやテしタりチやテとタわツみタぃァりァわィりァぃォたァっペわァがペぃポわペっペが０わＵぃペごＵっ２やＶぃＵがＵご（っ（が（ごＹわ）が（ぜ％っ￥ぃ
0x60EF87	89	で・ふあぞみでうざみぶえぎむでめぞかぅぜぶもぞぜぴぞぶだぞぜアだでタぴだぶタアチぴでぞァアァオィアテぴトでィオペオゥアポオポケ０オＵケォアＵスッぴハぎュでＷオ（スＷス（チ）スＹオ
0x60F3BC	4	とめむも
0x60F3F6	4	Ｄ非むも
0x60F410	10	どい棚ろヴぉ❤かパ卵
0x60F424	10	理棚ほ工がちこコ朱㎞
0x60F441	4	めむもそ
0x60F46C	14	ゲあエい７×ヘぃＤ焚えめむも
0x60F4A4	10	理棚Ｏガウがコ淑ぉ㎞
0x60F4C1	15	めむゆ理棚％ねケが凍４てめむも
0x60F4E8	12	梨請ネ１クが♂かうなＧ㎞
0x60F4FC	13	ゲあエいラソノぃパえアせｱ
0x60F517	8	ぇテす❤かめむも
0x60F547	6	ぇテす❤かｱ
0x60F57E	11	Ｌあろヴぉ❤かパ堀むも
0x60F5A4	7	ほ工がちこコ指
0x60F5B9	16	めむゆ理棚どレシが４てちこめむも
0x60F5D3	6	ぇテす❤かｱ
0x60F640	9	％ねケが凍４てＧ㎞
0x60F650	13	梨請ネ１クが♂かうなめむも
0x60F667	6	ぇテす❤かｱ
0x60F678	10	どレシが４てちこＧ㎞
0x60F69C	13	ゲあエいラソノぃパえアせｱ
0x60F6BA	5	テすめむも
0x60F6D4	12	ゲあエい７×ヘぃＤ焚えｱ
0x60F724	8	Ｏガウがコ淑ぉ㎞
0x60F75C	10	どい棚ろヴぉ❤かパ沫
0x60F7C3	9	たたたたたたたたた
0x60F7E0	12	たたたたたたぜたぜぜぜぜ
0x60F7FD	15	たたたたたぜぜぜぜぜミぜぜミぜ
0x60F81C	16	たたたたぜぜぜぜミミミミミ６ミ６
0x60F83A	18	たたたたぜぜぜミミミ６６６６◎◎◎◎
0x60F859	19	たたたぜぜぜミミ６６６◎◎◎◎◎◎◎◎
0x60F878	17	たたたぜぜミミ６６◎◎◎◎◎鬼亀嫌
0x60F896	18	たたたぜぜミミ６６◎◎◎◎鬼嫌嫌嫌桔
0x60F8B5	18	たたたぜぜミミ６◎◎◎鬼嫌嫌鬼奇◎◎
0x60F8D4	20	たたたぜぜミ６６◎◎◎亀嫌堅奇◎◎６６６
0x60F8F4	21	たたぜぜミ６６◎◎亀嫌堅◎◎６６６ミミミミ
0x60F912	23	たたたぜぜミ６◎◎◎亀嫌奇◎６６ミミミぜぜぜぜ
0x60F932	23	たたぜぜミ６６◎亀嫌奇◎６６ミミぜぜぜぜたぜた
0x60F951	24	たたたぜミ６６◎亀嫌奇６６ミミぜぜぜぜたたたたた
0x60F971	22	たたぜミミ６◎◎嫌堅◎６ミミぜぜぜたたたたた
0x60F990	21	たたぜぜミ６◎◎亀計◎６ミミぜぜたたたたた
0x60F9AF	19	たたたぜミ６６◎亀堅◎６ミミぜぜたたた
0x60F9CF	17	たたぜミミ６◎◎嫌奇６ミぜぜたたた
0x60F9EF	16	たたぜミ６◎◎亀計６ミミぜたたた
0x60FA0E	16	たたぜぜミ６◎亀堅◎６ミぜぜたた
0x60FA2E	15	たたぜミ６◎◎亀計６ミぜぜたた
0x60FA4F	13	ぜぜミ６◎◎嫌奇６ミぜたた
0x60FA6D	15	たたぜぜミ６◎亀計６ミぜぜたた
0x60FA8D	14	たたぜミ６◎◎亀奇６ミぜたた
0x60FAAD	14	たたぜミ６◎◎嫌観ミミぜたた
0x60FACE	12	ぜぜミ６◎亀奇６ミぜたた
0x60FAED	13	たぜぜミ◎◎亀奇ミミぜたた
0x60FB0C	14	たたたミミ◎◎亀観６ぜぜたた
0x60FB2D	13	たぜぜ６６◎嫌◎６ミぜぜた
0x60FB4C	14	たたぜぜ６◎◎嫌◎６ミぜたた
0x60FBC5	4	みみみみ
0x60FBE2	10	みみみみみみみぽみぽ
0x60FBFF	13	みみみみみぽみぽぽぽぽぽぽ
0x60FC1D	15	みみみみぽぽぽぽョョョョョＭョ
0x60FC3C	16	みみみぽぽぽョョョＭＭＭＭＭＭＭ
0x60FC5A	18	みみみぽぽョョョＭＭＭＭＭＭＭ『Ｍ『
0x60FC78	17	みみみぽぽぽョョＭＭＭ『『『嫌建材
0x60FC97	17	みみみぽぽョョＭＭ『『『嫌材材材険
0x60FCB6	18	みみみぽぽョＭＭ『『『建材在嫌Ｍ『Ｍ
0x60FCD5	19	みみみぽョョＭＭ『『建材在決『ＭＭＭＭ
0x60FCF5	20	みみぽョョＭ『『建材在『ＭＭョョョョぽョ
0x60FD13	22	みみみぽョョＭ『『建材決ＭＭＭョョぽぽぽぽぽ
0x60FD34	22	みぽョョＭ『『材在『ＭＭョョぽぽぽぽみみみみ
0x60FD53	20	みぽョョＭＭ建材掲ＭＭョぽぽぽみみみみみ
0x60FD71	19	みみぽぽョＭ『『材採『Ｍョぽぽぽみみみ
0x60FD91	17	みみぽョＭＭ『建採Ｍョョぽぽみみみ
0x60FDB0	16	みみぽぽョＭ『建在Ｍョョぽぽみみ
0x60FDD0	16	みみぽョＭ『『材掲Ｍョぽぽみみみ
0x60FDEF	14	みみぽぽＭＭ『建採Ｍョぽぽみ
0x60FE0F	15	みみぽョＭ『『材掲Ｍぽぽみみみ
0x60FE2F	13	みぽぽョＭ『建梱Ｍョぽみみ
0x60FE4E	14	みみぽョＭ『『材掲ョぽぽみみ
0x60FE6E	13	みみぽョＭ『建採Ｍョぽみみ
0x60FE8E	13	みみョョＭ『建掲ョぽぽみみ
0x60FEAD	13	みみぽぽＭＭ『材掲ョぽみみ
0x60FECE	13	みぽョＭ『『材『ョョぽみみ
0x60FEED	12	みみぽョＭ『建掲ョぽぽみ
0x60FF0E	11	ぽぽョＭ『建掲ョぽみみ
0x60FF2D	12	みみぽョＭ『建『Ｍョぽみ
0x60FF4E	12	ぽぽョＭ『材『ョョぽみみ
0x630008	5	きあクいぞ
0x63000E	4	デおクあ
0x630022	4	ょさ・煩
0x630032	4	ヴくＧ坊
0x630042	4	マこハ尅
0x630080	7	フうリああ４Ｔ
0x6300B4	4	あＳプじ
0x6300E9	4	とけぃつ
0x630118	4	あ♂ジじ
0x63016A	4	ゥ雪むも
0x630178	4	　ゼろ尅
0x6301CC	4	　ゼろ尅
0x6301EC	5	Ｌうぎあぞ
0x6301FC	4	殉リあノ
0x630220	5	Ｌうぎあぞ
0x630230	5	フうリあノ
0x630245	4	Ｒプじつ
0x630279	6	Ｚジじエざ檀
0x63029A	4	ゥ雪むも
0x630318	4	＋いポあ
0x630376	4	ほあＧあ
0x6303A0	7	ーいむうごュざ
0x6303C4	4	ーいヂう
0x630438	6	ぷうＵあＬ瑳
0x63046F	5	いＨＤ◎さ
0x6304D0	8	ーいデい×￥？え
0x6304EA	4	ほあＧあ
0x6304F4	4	ーいむう
0x630518	4	ぷうＵあ
0x63052E	5	ビしめむら
0x630534	9	＋いポあＤ￥きいわ
0x630554	4	ーいデい
0x630610	4	ぷうＵあ
0x63070A	4	ほあＧあ
0x630714	4	ーいデい
0x630734	8	ーいむうポ～キあ
0x63074E	4	ほあＧあ
0x630782	4	ほあＧあ
0x63079C	8	ーいヂう「？ょぐ
0x63083B	4	い』ギカ
0x630880	4	＋いポあ
0x630896	5	タすめむも
0x6308A1	4	ふ￥ね５
0x6308B0	4	＋いポあ
0x6308C0	4	楯７あジ
0x6308D0	10	せうザいＹＪぉいあハ
0x6308F4	5	きう７あジ
0x63091B	4	いあいメ
0x630928	9	おううピあほあＧあ
0x63095C	4	ーいむう
0x63096C	10	ぞうＯう緒ュずセいほ
0x630993	4	いあいメ
0x6309A3	6	いお←Ｊせメ
0x6309EC	4	ぷうＵあ
0x630A28	11	すうＫうソポゃぐＨあ」
0x630A3C	7	ぞうＯうセいほ
0x630A5C	8	ーいむうも（？え
0x630A70	9	おううピあほあＧあ
0x630A80	4	ーいデい
0x630ABC	7	ーいデいヴＭｲ
0x630AD0	5	屁ザいあハ
0x630AE0	4	＋いポあ
0x630B8C	4	ぷうＵあ
0x630C4B	8	い・ヲつああいメ
0x630C6C	7	ぞうＯうセいほ
0x630C7C	9	屁ザいハ２Ｌかあハ
0x630C90	4	ーいデい
0x630CA0	9	おううピあほあＧあ
0x630CC4	9	おううピあほあＧあ
0x630CD4	4	ーいむう
0x630CE4	9	せうザいＣ噛きあハ
0x630CF8	9	おううピあほあＧあ
0x630D0B	4	いあいメ
0x630D18	11	すうＫうを」ょぐＨあ」
0x630D3C	4	ーいヂう
0x630D60	6	せうザいあハ
0x630D73	4	いあいメ
0x630DB7	4	いよガカ
0x630DE4	8	＋いォあ％６０は
0x630DF8	5	＋いポあわ
0x630E04	4	楯ザあ５
0x630E2E	4	ジあ１う
0x630E3E	4	ぎあちあ
0x630E62	4	ぷいしい
0x630E80	4	チュドえ
0x630E96	4	ぷいしい
0x630EBA	4	ジあ１う
0x630EEE	4	ぷいしい
0x630F0E	4	ジあ１う
0x630F30	4	ぇい辿め
0x630F3E	4	ぷいしい
0x630F4C	4	ずヌドず
0x630FE0	6	＠釣ざＣいス
0x631052	4	ジあ１う
0x631062	4	ンあテえ
0x6310C2	4	ぎあちあ
0x631100	9	把Ｆえいあぎあちあ
0x631134	7	ネヲＺおおい￥
0x631146	4	ジあ１う
0x631164	7	プォドえレいビ
0x631176	4	ぷいしい
0x631194	5	ヲヲ％つ９
0x6311BA	4	ジあ１う
0x6311CA	7	カさジあ１うめ
0x6311DA	4	ンあテえ
0x6311EA	4	ぷいしい
0x6311F8	9	アＵ？おぷいしいめ
0x631254	5	パＦっじピ
0x63131E	7	ゥてンあテえめ
0x63132E	4	ジあ１う
0x63134C	4	ロ滑ぅピ
0x63137D	9	で）じいあぎあちあ
0x6313B1	4	ぶ…ざ（
0x6313F0	6	！あラいロえ
0x631420	6	李ラいッけＨ
0x631458	4	♂ﾎかめ
0x631464	6	ュあいめむも
0x63146C	4	↑あよあ
0x631472	7	たみ♂ﾎかに履
0x631480	8	づあげあおらいめ
0x63148C	10	ずあよあュあいめむも
0x6314BC	6	ぇけ舜めむも
0x6314DA	6	よあぇけ舜め
0x631550	5	Ｅボ・ぅ、
0x63156C	4	ロいケあ
0x6315A0	11	㎞あケあクど小へあ東め
0x6315CC	7	ロいケあぽヌ蓋
0x6315F8	8	ロいケあぽプ・ぅ
0x631638	7	ロいケあダあ、
0x63164A	4	拓めむら
0x6316CE	4	サうＲ履
0x6316FC	9	ほあ、い くあこ搭
0x631712	4	づあＲ履
0x631736	4	づあＲ履
0x631746	5	こいめむも
0x63174E	6	、いム５＠よ
0x631790	9	セあＸい吃にい→巽
0x6317A6	4	どいこ搭
0x6317D0	9	ほあ、い くあこ搭
0x631813	5	うノ１キじ
0x63182A	4	サうＲ履
0x631834	4	Ｎあウう
0x63183A	5	Ｋうめむら
0x631840	12	ジあ、いョロヂよ㎞いこ働
0x631850	9	ニあＸい吃にい→巽
0x631860	4	ジあＸい
0x631866	5	グいめむも
0x631876	4	こいＲ履
0x631880	9	ほあ、い くあこ搭
0x631896	5	クあめむも
0x6318D6	4	クあこ搭
0x6318F6	5	ぅあめむも
0x6318FE	6	ウう￥❤ネじ
0x631932	7	ｴほ・ざパうツ
0x631964	14	ぷあウう８ナォじえいこいＲ履
0x631988	10	ョあウうよあサうＲ履
0x631998	10	ｱ、いＨノぢゅホいず
0x6319AC	10	ほあウうずうづあＲ履
0x6319BC	10	ほあ、いけいくあこ搭
0x6319E0	10	ぷあウうえいこいＲ履
0x6319F0	11	ほあウうずうづあめむも
0x6319FE	6	ＸいゾＡ＠よ
0x631A12	7	、いセあ舜こ搭
0x631A36	7	ぅらルあぅあめ
0x631A40	10	セあ、いカあどいこ搭
0x631A50	10	セあＸいぬあにい→巽
0x631A62	9	ＸいよノＧらむいず
0x631A70	10	ほあ、いけいくあこ搭
0x631A80	9	ほあＸい♀あ峨→巽
0x631AA2	5	、い＠あ５
0x631AB2	5	Ｘいンあプ
0x631AD4	4	Ｎあウう
0x631AE4	11	ョあウうよあサうめむも
0x631AF0	13	セあ、いッ祟りカあどいこ搭
0x631B04	4	ジあＸい
0x631B0A	4	グい→巽
0x631B14	11	ニあＸいぬあにいめむも
0x631B20	14	ほあウうウビＪょずうづあＲ履
0x631B34	10	をあ、いＪあクあこ搭
0x631B44	11	ほあ、いけいくあめむも
0x631B50	14	ほあウう？ちテじずうづあＲ履
0x631B77	8	うンうぽあめむも
0x631B80	13	ほあ、い賢ェりけいくあこ搭
0x631B94	10	をあＸいルあぅあ→巽
0x631BA4	10	ほあＸい♀あ峨めむも
0x631BB0	8	Ｌいベいノモ・か
0x631BE4	8	Ｌいにう４シ？か
0x631C7C	8	ーいデいァＰ♀あ
0x631CB0	5	えｴや↓安
0x631D0E	5	ゼうめむゆ
0x631D44	7	きう７あ蜥飯ジ
0x631D68	5	へう２あ５
0x631D78	7	ぷうＵあご督ず
0x631DAC	8	＋いポあぷ㎞５あ
0x631DC0	5	屁ザいあハ
0x631DD0	4	楯７あジ
0x631E3E	5	ビしめむも
0x631E82	4	ぎあちあ
0x631E92	4	ジあ１う
0x631EC6	4	ぷいしい
0x631ED6	4	ジあ１う
0x631EE4	9	ゅベーしジあ１うめ
0x631F04	7	ンあテえめむも
0x631F44	4	ぺぁラょ
0x631F79	4	×ァう（
0x631F9A	4	ジあ１う
0x631FA8	5	ゾ○」えィ
0x631FBE	4	ジあ１う
0x631FCE	4	ぷいしい
0x631FDC	9	ぢヅ＋こぷいしいめ
0x631FEE	4	ンあテえ
0x631FFC	6	ぇい辿めむも
0x632008	5	ヅ×ヤじサ
0x63207C	6	！あラいロえ
0x63208C	4	李ラいＨ
0x6320AC	6	李ラいッけＨ
0x6320BC	5	！あラいェ
0x163013D	75	らぬい。やぬいみりぬい能ぬいぜりぬい胴ぬいぽりぬい海ぬいミりぬい（るぬいョりぬいネのぬいＥりぬい。りぬい！りぬい！りぬい！りぬい！りぬい撞ぬい６にぬい
0x16303F1	74	なぬいびなぬいぽなぬいクなぬいＥふぬいネなぬいミなぬいたをぬい（ろぬいバなぬいＥなぬいＥれぬいミろぬい◎なぬい！なぬいぃふぬいＭめぬい見ぬいくふぬい
0x1630441	90	ねぬいねにぬい！ひぬい大ぬい（なぬいぜにぬいタとぬいりとぬいがとぬいみぬぬいミにぬいがろぬいタれぬいァにぬいクるぬいねりぬいタをぬいりひぬいねひぬい。まぬい。にぬい（にぬいァへぬい
0x163049D	78	ほぬいくへぬい。はぬいバふぬいバひぬい！ふぬいぃぬぬいぜぬぬいぽぬぬいぽにぬいリはぬいたにぬい６なぬい透ぬいョぬぬいたなぬい６ぬぬいクとぬいねはぬいＵぬぬい
0x16304ED	14	はぬいァわぬい会ぬい！のぬい
0x1630632	9	はい。ねぬい学ぬい
0x163063D	19	のぬいぃはぬいぃのぬいミのぬいりにぬい
0x1630651	38	ぬぬい。のぬいくはぬいがわぬいァろぬい（りぬいョはぬいぃりぬいバりぬい憧ぬい
0x163068D	7	ほぬいぽまぬい
0x1630695	34	めぬいねふぬい◎はぬいタふぬいネふぬいョふぬい６ふぬい◎とぬい走ぬい
0x16306D9	46	へぬいズろぬいがほぬいぜほぬいクほぬいミほぬいズほぬいバほぬいＥほぬいＵほぬい（ほぬい日ぬい
0x1630709	57	まぬいくまぬい萄ぬいりまぬいびまぬいクまぬいズをぬいリまぬいズまぬいバまぬいぃをぬいＭまぬい◎まぬい！まぬい頭ぬい
0x16309AA	37	はいＥるぬい。るぬいリやぬいズよぬいバやぬいＥやぬいびよぬいぃよぬい同ぬい
0x1630A02	29	はいミよぬいァよぬいョよぬいＥよぬい◎よぬい。よぬい以ぬい
0x1630AD1	47	わぬいズわぬいタよぬい６わぬいねみぬいクへぬいぽひぬいりをぬい（ぬぬいペぬぬい。ぬぬい（をぬい
0x1630B01	23	んぬいぽわぬいクろぬいリらぬいＭりぬいネゆぬい
0x1631132	10	はいぽれぬいミれぬい
0x16313F5	19	もぬいＵりぬいがもぬいタもぬいミもぬい
0x163144D	84	ゆぬいがよぬいリよぬい６よぬい！よぬいくらぬいがらぬいタらぬいョらぬいがぬぬい（らぬいクわぬいョほぬいペりぬい変ぬいくるぬいぽるぬいバるぬい化ぬい恋ぬいリれぬいＭれぬい
0x16314D9	50	てぬいみとぬいぜとぬいミとぬいバとぬいＵとぬい董ぬいねへぬいがなぬいタなぬいョなぬいＵなぬいりふぬい
0x1631529	146	のぬいくねぬいバのぬいネねぬいぜのぬいＥねぬいくのぬいズのぬい！をぬいＥはぬいぜひぬいＥひぬいびふぬいＵふぬいぜへぬいＵへぬいネりぬいァほぬい。ほぬいねまぬいタまぬい６まぬい（まぬいがみぬいァみぬいＵみぬいくむぬいびむぬいバむぬい闘ぬいぜめぬいョめぬい。めぬいたもぬいびもぬいョもぬい◎もぬい
0x163160D	272	ろぬいネわぬい月ぬいョをぬいりんぬいぃとぬいョとぬいタへぬいみなぬいリなぬいぽふぬい逃ぬいネにぬいＥにぬいくぬぬいネぬぬいたはぬいＵのぬい！ねぬい校ぬい！はぬいＵひぬい（ふぬい鐙ぬい６ほぬいぃまぬいＥまぬいびみぬい★ぬいリむぬいりめぬいバめぬいりもぬいバもぬいみやぬい６やぬいぜゆぬいくよぬいＵよぬいミらぬいびりぬいぜるぬい（はぬいＭはぬいクぬぬいタはぬいネれぬいぽろぬいＵをぬいねをぬいねとぬいＥとぬいぜなぬいみふぬいびひぬいタぬぬい討ぬいがのぬいびはぬいクふぬいネほぬいミまぬいくわぬいペむぬい～ぬいＵもぬいみゆぬいみよぬい◎らぬいＭるぬい
0x1631725	7	わぬいＥをぬい
0x1631AE4	9	」ザぬい芝ぬい６あ
0x1631BA4	4	最初から
0x1631C20	9	データを書き換えて
0x1631C34	10	データを書き換えずに
0x1631C4C	4	最初から
0x1631C7C	8	買い物を終了して
0x1631CDD	54	ジぬいＩジぬいョジぬいヂジぬい㎞ジぬいトジぬいしズぬいワジぬいトズぬいたゼぬいわ８ぬいねゼぬい誂ぬいヂゼぬい
0x1631D18	4	（ゼぬい
0x1631D24	12	ぽゼぬいくゼぬいづゼぬい
0x1631D34	4	フゼぬい
0x1631EC5	67	プはいシバぬいＩダぬいわドぬいワヂぬいヂバぬいわドぬい㎞ドぬいボドぬいＹドぬいりチねいリゾぬい❤Ａぬい㎞ゾぬいバゥねいズポぬいび・ぬい
0x1631F2E	45	ぬいヤゾぬいリくのいリ４ぬいリキねいみビぬいエＢぬい　ぬいご♀ぬいクベぬいわＴぬいボダぬい
0x1631F5D	10	７ねい俳ぬいＱ❤ぬい
0x1631F6C	28	ァよねい❤ゾぬいシむねいフデぬい→★ぬいわビぬいえＧねい
0x1631FC1	132	プはいづＺねいぜベぬいＩ㎏ねい。プぬい媒ぬいミゾぬいづＥぬいＭゾぬい❤／ぬいぜパぬいＡ９ぬい→ゾぬいシＰねい２ゾぬいＡせのいタパぬい→ＷぬいたベぬいクＳぬいＱゾぬいミいのい（０ぬい！９ぬい◎ブぬいく会いくプぬいズヒねい６ゾぬいが薯いぃポぬいご～ぬいぱピぬいっペねい
0x1632099	43	ブぬいネ◎ぬいＡ３ぬいえＵぬいボビぬいァくねい❤ビぬいがＵねいトデぬいエＦぬいミピぬい
0x163210E	24	ぬいワペぬい軋はいヂバぬい（プはい誅ぬいバＩぬい
0x1632155	5	プはいとあ
0x1632174	28	ぽＨぬいフゾぬい→Ｑぬいとヅぬい→ＢぬいＥゾぬいリ）ぬい
0x1632194	16	ＡＣぬいえピぬいね♂ぬいと５ぬい
0x16321A5	42	綻いびゾぬいヂバぬい㎞デぬいミんねいョブぬい６なねい。ゾぬい。↓ぬいＹ４ぬい６８ぬい
0x16321D4	4	ボＤぬい
0x16321DC	36	とＣぬいぃゾぬい」ＶぬいＡビぬいっ９ぬいエヅぬいっはねいふヅぬいくＡぬい
0x1632204	11	棕ねいがブぬいァ８ぬい
0x1632214	4	ワＬぬい
0x1632259	7	ビぬいね￥ぬい
0x1632264	127	ヂバぬいわドぬい（プはいヤダぬい２ねいＵボぬい（プはい軋はいヂやのい６２ぬいワドねいっ４ぬいく→ぬい！ゾぬいぱＤぬいみパぬいヤぎねいみ０ぬいシ＋ぬいくビぬいし８ぬいォゾぬいおぬいシビぬい→ギねいとビぬいネてねいぽ０ぬいがダねいやペぬいＩふのい　ぬい肺ぬい
0x16322EC	12	Ｑ↓ねいＡヅぬいァ…ぬい
0x1632305	5	プはいとあ
0x163231D	19	ＥぬいボゾぬいシＣぬいペボぬいフ８ぬい
0x1632334	16	。ーぬいぱゾぬいフかねい（ブぬい
0x163234D	11	ヌねいぱヂぬいズＫねい
0x163235D	27	Ｏぬいタポぬいび！ぬいワビぬいしＪぬいしボぬいび←ぬい
0x16323AE	14	ねいりピぬいＥＦぬいシゾぬい
0x16323BD	18	ジねいヤバぬいＭ杠いぃプぬいヂ８ぬい
0x16323ED	65	ばねい社ぬいヤＫぬいフビぬいタ・ぬい６プぬい６こねい（ボぬいみアねいタゾぬいねＢぬいペパぬいわマねいボブぬいぅねいＱ１ぬい。しねい
0x163244D	5	プはいとあ
0x1632454	12	トえねいＥ０ぬいＱ８ぬい
0x1632464	28	２をのいぃ２ぬい！ＸぬいワデぬいわドぬいヂバぬいォＪぬい
0x1632485	19	Ｊぬいクゾぬいびエねいぽペぬいク９ぬい
0x16324C1	19	バぬい」８ぬい㎞バぬい捨ぬいヂバぬいネ
0x1632511	38	プはい（プはいわドぬい軋はいヂバぬいわドぬいトヂぬい（プはい軋はいワダぬいむ
0x1632544	9	芭はい㎞ドぬい６あ
0x1632554	4	芭はいほ
0x1632564	28	芭はいヂバぬいヂバぬいエバぬいＩドぬいワヂぬい軋はいＢあ
0x1632588	5	芭はい６あ
0x1632594	12	芭はいヂバぬい軋はい６あ
0x16325A8	5	芭はい６あ
0x16325B4	9	芭はい（プはい６あ
0x16325CD	4	プはいゃ
0x16325DD	9	ヅぬいヂバぬいダあ
0x16325F9	13	プはいヂバぬい（プはいＣあ
0x163260D	5	プはい６あ
0x1632618	4	芭はいま
0x1632625	4	ダぬいし
0x1632634	5	芭はいＤあ
0x1632651	4	プはいい
0x163265C	10	やデぬいヂバぬい６あ
0x163266C	9	芭はいわドぬい８あ
0x163267C	18	（プはいわドぬい㎞デぬいわドぬい６あ
0x16326A8	32	芭はい捨ぬい（プはいふダぬいとヂぬい❤バぬいフヂぬいワドぬいＤあ
0x16326D5	12	プはいボヂぬい詢ぬい８あ
0x16326F1	13	プはい㎞デぬい（プはい８あ
0x1632704	17	芭はいやヂぬいわドぬい（プはいＣあ
0x1632725	13	プはいヂバぬい（プはいＣあ
0x163273D	5	プはい６あ
0x1632748	21	芭はいヂバぬいわドぬいトヂぬい（プはいＣあ
0x163276D	13	プはいヂバぬい（プはいＣあ
0x1632785	7	プはい軋はいた
0x16327B9	5	プはいいあ
0x16327C8	4	軋はいお
0x16327D5	5	プはいとあ
0x16327E5	4	プはいえ
0x16327F8	5	芭はいＤあ
0x1632804	10	Ｉヂぬいボヅぬい６あ
0x1632814	8	芭はいやヅぬいう
0x1632820	5	ワバぬいあ
0x1632828	30	（プはい㎞ダぬいえヅぬいォバぬいヤヅぬいゲヂぬいごデぬい６あ
0x163284C	5	芭はいＤあ
0x1632858	10	→ヂぬいＱヂぬい８あ
0x1632868	14	（プはい㎞デぬいわドぬい６あ
0x163287C	5	芭はいＤあ
0x1632888	4	芭はいえ
0x1632890	5	→ヅぬいう
0x1632898	10	→ドぬいしデぬいＤあ
0x16328A8	4	芭はいあ
0x16328B0	4	わヂぬい
0x16328B8	10	２ヅぬいわダぬいダあ
0x16328D0	5	芭はい６あ
0x16328DC	6	ヤダぬいダあ
0x16328F0	5	芭はい６あ
0x163290D	4	プはいあ
0x1632928	4	芭はいへ
0x1632930	5	Ｑドぬいふ
0x1632938	10	フダぬい」バぬいダあ
0x1632950	5	芭はい６あ
0x163295C	6	づドぬいダあ
0x163296C	4	軋はいっ
0x1632974	6	（プはい６あ
0x1632988	4	芭はいあ
0x1632990	6	ヂバぬいダあ
0x16329A8	4	芭はいい
0x16329B0	4	Ｙバぬい
0x16329B8	9	２ドぬい斜ぬい６あ
0x16329D9	5	プはいとあ
0x16329E0	9	❤プはい（プはいキ
0x16329F5	4	ヂぬいぱ
0x1632A04	37	軋はいトドぬい２ヂぬいワヅぬいエダぬいＩバぬい㎞ヅぬいフドぬいフバぬい６あ
0x1632A34	8	芭はいヂバぬいこ
0x1632A45	5	プはいとあ
0x1632A4C	4	軋はいむ
0x1632A5C	4	芭はいか
0x1632A71	9	プはいリでのい６あ
0x1632A80	5	芭はいＣあ
0x1632A8C	10	わヅぬいふヂぬいダあ
0x1632AA4	5	芭はい６あ
0x1632AB0	10	❤プはいぱドぬい８あ
0x1632AC8	12	　はい（プはいわドぬいあ
0x1632AED	9	プはいシバぬい８あ
0x1632B11	5	プはいいあ
0x1632B18	4	軋はいお
0x1632B20	25	やペはいシバぬいわドぬいヂバぬい❤プはい（プはいメ
0x1632B40	8	芭はいづダぬいぱ
0x1632B60	4	芭はいな
0x1632B68	5	フヅぬいと
0x1632B70	5	❤ヂぬいて
0x1632B78	10	わバぬいしダぬいＣあ
0x1632B88	4	芭はいの
0x1632B90	5	２バぬいね
0x1632B98	5	ごダぬいぬ
0x1632BA0	17	っバぬいぱデぬい❤プはい（プはいロ
0x1632BB8	8	芭はいＡダぬいべ
0x1632BD9	5	プはいいあ
0x1632BE0	4	軋はいお
0x1632BE8	4	やペはい
0x1632BFD	13	プはい❤プはいヂバぬいダあ
0x1632C31	5	プはいいあ
0x1632C40	4	軋はいお
0x1632C48	5	やペはいせ
0x1632C5D	5	プはいいあ
0x1632C6C	4	軋はいお
0x1632C74	5	やペはいた
0x1632C7C	9	❤プはい（プはいチ
0x1632C8C	8	芭はいとダぬいニ
0x1632CA8	9	❤プはい（プはいヒ
0x1632CB8	7	芭はい詭ぬいぱ
0x1632CD1	12	プはい❤プはい（プはいコ
0x1632CE4	7	芭はい写ぬいツ
0x1632CF5	4	プはい♂
0x1632D00	9	。プはい軋はいィあ
0x1632D14	9	芭はいゲヂぬいゥあ
0x1632D24	21	ごデぬいごヌのいヂヅぬい❤プはい（プはいカ
0x1632D40	8	芭はいォヅぬいク
0x1632D4C	4	軋はいえ
0x1632D6D	8	プはいとバぬいひ
0x1632D78	6	とデぬい８あ
0x1632D88	14	ボデぬいヂドぬい（プはい８あ
0x1632D9C	4	芭はいう
0x1632DA8	6	ヂバぬい６あ
0x1632DB4	7	シバぬい軋はい
0x1632DC0	9	。プはい軋はいンあ
0x1632DD4	9	芭はいォバぬいヴあ
0x1632DE4	14	ヤヅぬいびでのいヂヅぬい８あ
0x1632DFD	5	プはいいあ
0x1632E0C	4	軋はいお
0x1632E14	5	やペはいつ
0x1632E1C	6	わドぬい８あ
0x1632E2D	5	プはいいあ
0x1632E3C	4	軋はいお
0x1632E44	9	やペはいわドぬいと
0x1632E65	5	プはいいあ
0x1632E78	17	やペはいわドぬい。プはい軋はいォあ
0x1632E94	9	芭はい❤ダぬいッあ
0x1632EA4	4	ふデぬい
0x1632EB1	7	プはい軋はいろ
0x1632EBD	4	プはいあ
0x1632EE8	5	芭はい６あ
0x1632EF9	5	プはいいあ
0x1632F08	4	軋はいお
0x1632F25	5	プはいいあ
0x1632F2C	4	軋はいお
0x1632F34	15	やペはいＱバぬい❤プはい諚ぬい
0x1632F45	16	ペはいＩドぬい❤プはい（プはいぺ
0x1632F65	7	プはい軋はいえ
0x1632F74	5	ォヅぬいＶ
0x1632F84	6	（プはいＤあ
0x1632FBD	5	プはいいあ
0x1632FCC	4	軋はいお
0x1632FD4	4	やペはい
0x1632FD9	5	ペはい６あ
0x1632FE8	8	芭はいヂバぬいえ
0x1632FFD	5	プはいいあ
0x1633004	4	軋はいお
0x163300C	4	やペはい
0x1633011	13	ペはいゲドぬいわドぬい８あ
0x1633024	17	芭はいっダぬいワヂぬい（プはい６あ
0x1633045	17	プはいＡヂぬいシバぬい㎞デぬい８あ
0x163305C	6	捨ぬい軋はい
0x1633068	6	わドぬい８あ
0x1633074	5	芭はい６あ
0x1633089	8	プはいヤヂぬいき
0x1633094	5	っデぬいに
0x16330B9	5	プはいいあ
0x16330C0	4	軋はいお
0x16330C8	11	やペはいＱバぬい諚ぬい
0x16330D5	21	ペはいわドぬい❤プはいやデぬいぱヅぬい６あ
0x16330F0	9	芭はいシバぬいＤあ
0x1633101	5	プはいいあ
0x1633110	4	軋はいお
0x1633118	4	やペはい
0x163311D	5	ペはい８あ
0x1633128	9	。プはい軋はいロあ
0x163313C	9	芭はいふドぬいワあ
0x163314C	5	」ダぬいそ
0x1633158	18	Ｙデぬいしバぬい」ヅぬいヂヅぬい８あ
0x1633170	5	芭はい６あ
0x1633180	5	やバぬいと
0x1633188	5	→デぬいつ
0x1633190	5	２デぬいた
0x1633198	9	シダぬいゲバぬいし
0x16331A4	10	」デぬい❤デぬいＤあ
0x16331B4	5	芭はい６あ
0x16331C4	4	詬ぬいこ
0x16331CD	8	プはいォダぬいさ
0x16331D8	4	舎ぬいし
0x16331E0	5	Ｑヅぬいす
0x16331F5	37	ダぬいごバぬいごヅぬいＩヅぬいしドぬいトバぬいふバぬいＡドぬいトヅぬい６あ
0x163323D	5	プはいいあ
0x1633244	4	軋はいお
0x163324C	4	やペはい
0x1633251	9	ペはいシバぬい８あ
0x1633260	9	わドぬいゲドぬいち
0x163326C	17	芭はいっダぬいワヂぬいヂバぬい８あ
0x1633284	4	芭はいつ
0x16332A1	5	プはいいあ
0x16332A8	4	軋はいお
0x16332B0	12	やペはいエヂぬいゲドぬい
0x16332BD	9	ペはいォデぬい６あ
0x16332CC	5	芭はい８あ
0x16332D9	8	プはいごドぬいき
0x16332E4	4	射ぬいく
0x16332EC	6	しヂぬいＣあ
0x1633301	5	ゾぬいとあ
0x1633308	5	Ｑデぬいこ
0x1633311	5	デぬい６あ
0x163331C	5	芭はいＤあ
0x163332C	6	とドぬい８あ
0x163333D	7	プはい赦ぬいき
0x1633350	5	２ダぬいに
0x1633358	5	Ａバぬいけ
0x1633364	9	やドぬい詢ぬいＣあ
0x1633374	4	芭はいほ
0x163337C	6	ボデぬい６あ
0x1633398	5	ゲヅぬいさ
0x16333A5	8	プはいＹヂぬいお
0x16333B4	5	わデぬいう
0x16333BC	62	エデぬいえヂぬい（プはいシヂぬいＹヅぬい❤デぬい」デぬいゲバぬいシダぬい２デぬいやバぬいっヅぬい→デぬいごドぬいヤドぬい８あ
0x1633409	11	ゾぬい射ぬいしヂぬいけ
0x163341D	21	デぬい（プはいヤデぬいえバぬいづヂぬいＢあ
0x1633438	22	トドぬい２ヂぬいワヅぬいエダぬいＩバぬい６あ
0x1633454	54	㎞ヅぬいフドぬいフバぬいしバぬいＹデぬいトダぬいえダぬいふドぬい」ダぬい❤ダぬいふデぬい（プはい」ヂぬいＣあ
0x163349C	9	Ａバぬい❤ヂぬいぬ
0x16334B4	5	２ダぬいふ
0x16334C4	61	ボデぬいヤヂぬいっデぬいヂデぬいやダぬいとドぬいわヅぬい赦ぬい（プはいえヂぬいエデぬいわデぬいぱダぬいＡデぬい」ドぬい６あ
0x1633508	5	Ｙヂぬいく
0x1633510	17	シヅぬいゲヅぬいシデぬいっドぬいけ
0x1633524	6	ボバぬいＣあ
0x1633538	6	とバぬい８あ
0x1633551	5	プはいとあ
0x1633558	5	㎞ヂぬいえ
0x1633568	6	エドぬいＣあ
0x1633574	4	芭はいに
0x163357D	8	プはいＡバぬいぬ
0x163358C	6	２ダぬいＤあ
0x163359C	6	やドぬい６あ
0x16335AC	5	㎞ヂぬいな
0x16335B4	6	エドぬい８あ
0x16335C8	9	やダぬいとドぬいう
0x16335E0	5	ボバぬいそ
0x16335E8	9	っドぬいシデぬいけ
0x16335F8	5	」ドぬいき
0x1633614	51	た８ぬいっゾぬいペＭぬいァ０ぬいく８ぬいゲゾぬい（もねい→ビぬいただねいづバぬいフＡぬい琶ぬいっＮぬい
0x1633784	9	ヒいああ、あなたは
0x16337B0	9	ヒいああ、あなたは
0x1633D36	6	そこで今日は
0x1633F5A	9	ヒいさて、あなたは
0x1634206	9	ヒいさて、あなたは
0x163493A	8	ほれ、この漬物を
0x16353F6	12	ヒい・・・まあ、次からは
0x1635BA1	4	ぎカあく
0x16360FA	9	ヒあうまくよけない
0x163691C	9	ヒう（毎日、おかゆ
0x1636FF2	8	追求しないことに
0x163759C	4	ぎカああ
0x1637898	7	ヒあえっ、　が
0x1637956	5	相手の隙を
0x1637CD5	4	ぎカあと
0x1638071	10	んんたぶん、どこかで
0x16386D9	10	ヒいああ、そういえば
0x1638C5B	4	ぎカあと
0x1638F86	4	まボクは
0x1638FC6	5	命を捨てて
0x16394DB	14	ヒあそのことなんだけど、実は
0x163953C	11	ヒあ・・・原　は、　が
0x16397DE	6	ヒいおまえは
0x163A3AB	9	いその頃には、　は
0x163A6B4	7	ヒいできるまで
0x163A765	6	ヒう（理には
0x163AB29	8	ヒいオレ、今から
0x163B007	4	ぎげいう
0x163B3E0	4	いさあの
0x163B405	4	やる時は
0x163BB0F	8	ヒあえっ、じゃあ
0x163C136	5	さあ、全　
0x163CCA3	5	ヒいそれは
0x163CD77	5	お前たちで
0x163D42B	10	ヒい先輩をつかまえて
0x163D46D	6	くしょうちく
0x163D624	6	ヒう（人間は
0x163DA12	4	（ゲーム
0x163DB7D	4	いく全然
0x163EE77	5	いがオレは
0x163F9B0	5	ヒいああ！
0x163FD45	12	ヒいそれならオイラ、昨日
0x164000B	7	ヒいおまえには
0x164070F	7	ヒあボタンだの
0x164076D	5	ヒあ修行で
0x1640E80	4	鋒カあき
0x1640EC0	9	ヒあちょっと疲れが
0x1640FC2	4	くさんだ
0x1641D8A	9	ヒあえっと、じゃあ
0x1641E3D	11	ヒえ（ほれ、あのように
0x16433D2	11	山道で迷って、ふもとに
0x1643516	8	ヒいおお、今日は
0x164389A	10	ヒう（じゃあ、次回も
0x1643F87	8	やっぱり　宙人は
0x16447A3	4	くじもん
0x164523F	9	ヒいへえ、野球って
0x1645667	8	お前は、どうして
0x1645888	7	いざ正直な奴は
0x16458B3	12	ヒい・・・だが、サボりは
0x1645B3A	6	えあれ、　は
0x164623B	5	いざオレは
0x16469CB	7	うあれ、たった
0x1646A35	6	すこれじゃあ
0x1646B0B	4	くじもん
0x164735E	5	いご今さら
0x164737F	10	もう、ここでの修行は
0x16473E9	5	うどうして
0x164751A	8	いぬきっとお前は
0x1647A2F	8	いぬきっとお前は
0x16488E1	8	ヒいここの先生は
0x1648907	5	いまひとつ
0x16498BA	6	　き分けでも
0x1649BA2	4	ひとたび
0x1649EF2	5	ヒいそれは
0x164A00B	4	ひとたび
0x164A044	8	そういう決まりに
0x164A22F	9	ヒあアリンコのやつ
0x164A42F	4	ぎカあい
0x164A8F6	10	ヒい本日は、わたしが
0x164AA40	8	本日は、わたしが
0x164AA71	9	い・・・じゃ、　は
0x164AADF	14	いやっぱり、試合をやらなきゃ
0x164B0B1	10	ヒいふむ、やはり我々
0x164B192	5	ここまでと
0x164BDAC	4	けさんは
0x164BE0C	9	とだけど、こっちも
0x164C062	4	俊カあこ
0x164C33D	8	ヒいまあ、電話は
0x164D0EC	58	ぃペはいリぶのい斯のいやばのいズでのいぃクのいくどのいりぽのいがでのいっびのいォどのいネタのい㎞でのい。びのい瓔のい
0x164D129	17	オのいふどのいぃペはい❤プはいＭあ
0x164D140	36	ごぷのいＹでのいバばのい。どのい→ばのい６でのい！サのいネどのいフばのい
0x164D185	13	どのい！ぱのいＩでのいＭあ
0x164D195	32	プはい惇のいぃでのい→ぼのいぱどのい（プはいペでのいくでのいＭあ
0x164D1BC	17	芭はいぃペはい（プはいぃペはいＭあ
0x164D1D4	6	（プはいＭあ
0x164D1E4	10	（プはいぃペはいＭあ
0x164D1F4	25	　はいぃペはい（プはいりでのいバでのいタでのいＭあ
0x164D214	14	ぃペはい❤プはいタでのいＭあ
0x164D239	21	づのいふペはいペでのいくでのいョでのいＭあ
0x164D254	25	　はいぃペはい（プはいみでのいバでのいぃペはい８あ
0x164D274	9	芭はい❤プはいＭあ
0x164D284	12	（プはいぜでのいミでのい
0x164D2A9	5	プはいＭあ
0x164D2B1	5	プはいノあ
0x164D2B9	5	ペはい６あ
0x164D2C0	6	えペはい８あ
0x164D2C8	6	くペはいＣあ
0x164D2D9	15	づのいふペはいぜでのいミでのい
0x164D2E9	36	でのいねでのいクでのい苫のい（プはいたでのいァでのいびでのいリでのい６あ
0x164D582	6	ヒあなんだか
0x164D600	4	ぎカあく
0x164E043	4	どちらも
0x164E2B2	8	これ化上ひどくは
0x164E385	8	　でそんな事まで
0x164EAEC	10	いわ私は、この寺での
0x164EF85	5	どうかとも
0x164F07F	5	このお寺に
0x164F2A1	66	ペはい軋はい❤プはいねノのいＹヌのいトノのいボニのい質のいしヌのいョホのい２ニのい　のいぱヌのい２ンのいゲネのい汐のい。ヌのい蕊のい
0x164F2EC	11	　のい（ヌのいびッのい
0x164F311	107	プはい軋はい❤プはいとハのいペニのい爾のいぱネのいバリのいＡヌのいヤヒのいフネのいっノのいふネのいＹハのいゲニのい軋はい❤プはいゲロのいえネのいペムのいとヌのいふヒのいバニのいびボのいヤヌのい軋はい❤プはいトフのい
0x164F384	20	フハのいヂニのい（プはいやヌのいフモのい
0x164F39C	11	失のいＱヌのいＭヘのい
0x164F41D	5	プはいＵあ
0x164F481	5	プはいＵあ
0x164F4C1	5	プはいＵあ
0x164F4C8	8	ペァえいえペはい
0x164F4D4	5	ヂヌのいあ
0x164F4DC	5	Ｑニのいい
0x164F4E5	4	ニのいう
0x164F4EC	5	㎞ニのいえ
0x164F4F4	4	持のいお
0x164F4FC	4	肚のいか
0x164F504	9	フヌのいくペはいき
0x164FB5A	20	え（たぶん今のはあれをやっていたとしても
0x164FB71	18	捕まえる事なんて、できなかったと思う
0x164FEEF	4	ぎエあこ
0x1650AB2	4	いめ生麦
0x1650ABF	4	いも生米
0x1650ACC	4	いま生卵
0x1650AE5	4	いめ生俵
0x1650AF2	4	いも生米
0x1650AFF	4	いま生卵
0x1650B18	4	いめ生麦
0x1650B25	4	いも生木
0x1650B32	4	いま生卵
0x16514AE	20	え（結局、なんだったんだ「シュッ」っての
0x1651759	6	いめなまむぎ
0x1651766	6	いもなまごめ
0x1652290	6	いめなまむぎ
0x165229D	6	いもなまごめ
0x1652A86	20	え（それって　がまったく成長してないって
0x1652B3B	20	え（これまでのはもしかして全部ワザとなの
0x1652C76	20	え（変な事を言っていたように思えるけど、
0x1653029	19	１のいみ２のいね２のいた２のいく２のい
0x165303D	30	２のい蛇はい蛇はい蛇はい蛇はい蛇はい蛇はい蛇はい蛇はい蛇はい
0x1653065	11	Ｂのいズ４のいが９のい
0x1653071	76	４のいふＡのいぃ４のいびＣのいヤ３のい牌のいシ２のいぜ５のいぽ２のいペ８のい。３のい㎞Ｂのいエ３のいミ６のいぱ２のい盃のいタ２のい若のい　のい蛇はいれう
0x16530C4	5	蛇はいるう
0x16530CC	77	ぃ７のいＹ２のいぱＢのいと３のい６４のいタ３のいく８のいペ３のいぃ６のいび２のいリ５のいづ２のいく５のいエ２のいＩＡのいリ４のいＥ５のいぜ２のい蛇はいろう
0x165311C	58	ネＡのいび４のいＱ７のいョ３のいエ８のいＭ３のいバＢのいＱ２のいＥ６のいク２のいォ９のいタ４のい。９のいね４のいルあ
0x1653161	5	プはいめあ
0x1653168	6	ワ２のいルあ
0x165317D	5	プはいルあ
0x1653199	5	プはいめあ
0x16531B1	5	プはいめあ
0x16531C9	5	プはいめあ
0x16531E1	5	プはいめあ
0x16531F1	5	プはいめあ
0x1653211	5	プはいめあ
0x1653229	5	プはいめあ
0x1653241	5	プはいめあ
0x1653259	5	プはいめあ
0x1653271	5	プはいめあ
0x1653281	5	プはいめあ
0x16532A1	5	プはいめあ
0x16533BE	4	ぎカあい
0x16533FE	4	俊カあい
0x165343E	4	ぎカあい
0x165347E	4	ぎカあい
0x16534BE	4	俊カあい
0x16534FE	4	俊カあい
0x165359C	4	おおこ尅
0x16535A2	4	ここつ窄
0x1653B04	8	たＤのいぜＤのい
0x1653B25	5	プはいいあ
0x1653B2C	4	Ｍ㎞あい
0x1653B31	12	ペはい蛇はいづペはいああ
0x1653BCF	4	ょょ　も
0x1653BF4	48	えバぬい㎞ダぬいえヅぬいヤデぬいシヂぬいぱ８ぬいト８ぬいシ８ぬいづ８ぬいふ８ぬいＹヅぬいぱ８ぬい
0x1653C40	35	たぜを会Ｕペ￥ズしえ（あＸォ％ぜ（プ㎏Ｅたゲ㎏せぜォ（えみォ㎏くぃォ㎏
0x1653C75	8	たォおえたォおね
0x1653C7E	7	プおたたプ㎏く
0x1653CA1	15	ぜを臥。ぴ％しＵペ￥ズしせ（ふ
0x1653CB2	10	プ㎏あＸザ％Ｅたゲ㎏
0x1653CBE	14	ザ（えみァ㎏くぃァ㎏え。ゴ％
0x1653CD7	7	え突を臥。ぴ％
0x1653CE1	17	ミペ）あタペ）いぽペ）うぜペ）ばど
0x1653CF3	32	現たペ￥ドあう（あてェ％ごみプ㎏Ｅタィ㎏いぃェ（えぽェ㎏くぜェ㎏
0x1653D25	17	みェおねたプおえみェおくたェおげど
0x1653D4A	8	ぜィ突を臥。ぴ％
0x1653D55	17	ミペ）あタペ）いぽペ）うぜペ）れど
0x1653D67	34	現たペ￥ドあう（みたプ㎏あもェ％Ｅタゥ㎏あたェ（えぽィ㎏くぜィ㎏よど
0x1653D9D	14	ぜを我Ｘペ￥む↑ゲ％くたふ㎏
0x1653DB1	4	ァＲくか
0x1653DB6	5	ボ練たち（
0x1653DCF	10	はぉたペ）えたゲ㎏ま
0x1653DDA	6	ミ％くたプ㎏
0x1653DF3	5	あづＶプ㎏
0x1653DFD	7	Ｕボ㎏あみペ￥
0x1653E0B	14	こトみゲ㎏リぃゲ㎏ワぃゲ㎏ァ
0x1653E1A	6	ボ㎏ァぃゲ㎏
0x1653E2B	5	はしＶプ㎏
0x1653E46	6	プ㎏Ｅた❤）
0x1653E4E	5	ア￥え婆え
0x1653E55	18	たペ￥Ｅた→）…ぃペ￥う闘）くみゲ％
0x1653E6E	7	ア￥Ｉか、ちあ
0x1653E87	12	はゾぃペ￥う闘）え婆㎞え
0x1653E9F	5	こしぃボ㎏
0x1653EB6	9	ぁ）うたＲ部たゲ㎏
0x1653EC5	4	みペ㎏う
0x1653EE6	17	ペ会ぽＲ鞠ヴ（峨ぜペ期ぃペ￥う闘）
0x1653F16	12	Ｒ　。ゼ㎏…ぃペ￥う闘）
0x1653F36	9	ペ）そぽを安ァＲ　
0x1653F42	8	ンい！Ｕのいわみ
0x1653F5D	7	へィ％ごたィ％
0x1653F6A	7	ィ㎏ゲたプ㎏Ｅ
0x1653F7F	6	はあしペ￥Ｅ
0x1653F8A	6	ペ￥ミぃプ㎏
0x1653F91	12	ぜダ㎏フたプ㎏ァみペ￥ほ
0x1653F9F	13	険ぜェ㎏タたプ㎏ねみペ￥は
0x1653FAF	5	巷たプ㎏Ｅ
0x1653FB6	11	Ｖ）エたプ㎏トみペ￥な
0x1653FC3	5	後たプ㎏Ｅ
0x1653FFE	4	ンいァあ
0x165401A	7	ヴいいＵィ（し
0x165402E	14	ぁ）頓を臥。ぴ％思プ㎏伺プ㎏
0x1654041	5	ぜヂ㎏うぃ
0x1654047	9	（きづＹ￥ポ２ォ￥
0x1654051	7	ズテ％！ぜプ㎏
0x1654063	10	は→ぃプ㎏ァぜペ￥い
0x165406E	6	ケ）え。ゴ０
0x1654075	4	ぜＸ㎏け
0x1654082	26	ぁポＥぃプ㎏２Ｕプ㎏Ａぽプ㎏Ａぜプ㎏みヤペ）Ｌタペ￥
0x16540A1	7	タＺ㎏みゲペ）
0x16540A9	11	ァＹ㎏ヂァプ㎏みＭペ）
0x16540B5	7	Ｅ◎㎏ゲァプ㎏
0x16540BD	7	ミ◎㎏ョァプ㎏
0x16540C6	6	◎㎏ォァプ㎏
0x16540CD	7	（◎㎏ァァプ㎏
0x16540D5	7	（◎㎏ワァプ㎏
0x16540E5	8	ァボ㎏いＪね％お
0x16540F5	4	Ｅダ㎏あ
0x165413E	4	たえ６あ
0x165415F	8	え頓を臥。ぴ％Ｅ
0x165416D	8	ペズ㎏いけコ￥う
0x1654177	6	ぐ２たプ㎏こ
0x1654187	20	豪ぽプ㎏バぜプ㎏バぃプ㎏バみプ㎏バたプ㎏
0x165419D	4	ズヅ㎏ヂ
0x16541B5	5	ぜズ㎏なで
0x16541CA	4	ペ）なで
0x16541D7	12	源ズガ（いけケ￥いけノぇ
0x16541E9	12	ミばぃいビペぉこタャ（け
0x1654241	7	ぜを臥。ぴ％り
0x165424A	6	プ㎏Ｅた。）
0x165426C	4	え。ゴ％
0x1654279	5	Ｙのいくい
0x16542F8	6	むかＵ・Ｉさ
0x1654400	17	あＸペ￥くＷゲ㎏Ｑたプ㎏せおペ￥あ
0x1654415	7	たペアＥみプ㎏
0x1654431	7	闘）バ。プ㎏つ
0x1654445	12	。ペ）ゲたプ㎏あたぜ（ま
0x1654455	7	銅）え。ぞ％ワ
0x165445E	19	プ㎏ワたプ㎏にんィ％えぃズ㎞えぃィ㎞い
0x165447A	15	プ㎏みみィ％えぃズ㎞えぃィ㎞い
0x1654496	10	プ㎏したズ㎏たみズ㎏
0x16544B3	5	後たプ㎏っ
0x16544CA	6	ぁ）Ｅあがい
0x16544F2	10	ァう」Ｎヴうネォヴう
0x1654505	12	たズ㎏えみズ㎏くぃズ㎏い
0x1654517	14	こえぜゼ㎞えぽゼ㎞おタォ（か
0x1654533	9	べえぽゼ㎞おタォ（
0x165453D	4	ミペ￥か
0x1654561	20	たペ￥りみプ㎏あゃだ％ＥたＷ）ＥＵ「）し
0x165457F	6	はあたィ％い
0x1654596	22	ヴい６ガぐいＵガぐいＥあがいＥあがいＥあがい
0x16545B1	7	ぜを臥。ぴ％ね
0x16545CC	4	え。ゴ％
0x16545D6	12	ぁ）」９ァう頓を臥。ぴ％
0x16545E9	4	ァペ￥ノ
0x16545FB	37	険ミペ）くズペ）あぜペ￥ギＥペ￥ミぽペ￥けトギ（びあプ㎏かたペ）おみペ）ぽ
0x1654623	9	厳みペ）Ｇぬ…）あ
0x1654633	6	はＥき…）ァ
0x165463F	14	れふあプ㎏ヤたャ％さみペ）で
0x165464F	9	厳ぃペ）Ｓま「）あ
0x165465F	6	はＫら「）ユ
0x1654666	11	「㎏とたペ）いたち（か
0x1654673	14	こいたぬ（ＩにーちきたＶてき
0x1654686	11	ィちＩか♂ちとガョ）あ
0x1654695	8	くペ）みバペ）い
0x16546B7	18	はくミペ）あぜペ￥ボタプ㎏ミぽペ￥か
0x16546CA	11	ペ）きとギ（おみペ）も
0x16546D7	9	幻やギ（Ｇぬ…）あ
0x16546E7	6	はＥき…）ァ
0x16546EE	7	ぽ￥とュョぅあ
0x16546F9	8	くペ）みリペ）い
0x165472B	5	型き』）あ
0x165473B	9	％あしギ％Ｅき。）
0x165476E	6	ぁ）ゃでァう
0x1654776	6	ペ￥とたプ㎏
0x165477D	4	た、㎏ァ
0x1654799	7	ぜを臥。ぴ％へ
0x16547A2	6	ペ￥あたペ￥
0x16547CA	6	ペうえ。ゴ％
0x16547D6	10	ぁ）たぜを絵・ぴ％み
0x16547F2	7	パ㎏ァあペ）え
0x165482E	12	（￥ふちプ㎏ヤみペ￥げの
0x1654849	11	やペ）えちプ㎏あたゴ（
0x1654855	4	と、・こ
0x165485F	5	れこＵペ￥
0x1654865	12	ぃペ￥たたゴ％いみィ（い
0x1654873	17	隅たゥ（Ｑずぞ）あＵぱ％・たイ㎏あ
0x165488D	11	やペ）Ｙたプ㎏あたゴ（
0x1654899	4	と、・は
0x16548A3	5	れはＵペ￥
0x16548A9	12	ぃペ￥たたゴ％いみィ（い
0x16548B7	17	隅たゥ（Ｋじぞ）あＵぱ％Ｅたイ㎏あ
0x16548CF	6	★たたゴ％あ
0x16548D9	13	えィ（ミたプ㎏ヤみペ￥なの
0x16548EE	12	ペ￥シたプ㎏ヤみペ￥さの
0x16548FE	13	ペ￥かたペ￥くみゴ％ぎＴ鯉
0x165490E	7	プ㎏ヤぜァ％く
0x1654916	12	ゴ％えたペ）かみペ￥づの
0x1654926	6	ペ￥いたペ￥
0x165492D	6	みゴ％俊Ｔ坤
0x1654936	12	×）ァきペ）みくペ）だず
0x1654960	4	たぜを雅
0x1654966	4	ペ￥カて
0x165496B	5	険ぜペ）く
0x1654972	4	ペ￥ぷて
0x1654977	5	険たペ）く
0x165497E	12	ペ￥えみペ）あぃペ￥つと
0x165498B	5	険ぜペ）く
0x1654992	4	ペ￥ぼて
0x1654997	5	険みペ）え
0x16549BA	4	ペ￥ぞて
0x16549BF	5	険ぜペ）く
0x16549C6	4	ペ￥ぎて
0x16549CB	5	険たペ）く
0x16549D2	8	ペ￥えみペ）」て
0x16549EA	8	ペ￥えたペ）めと
0x16549F6	8	ペ￥えたペ）ソて
0x16549FF	4	糊しぽ￥
0x1654A16	7	ぁ）たぜを機つ
0x1654A2F	5	険ぜペ）か
0x1654A36	4	ペ￥いへ
0x1654A42	8	ペ￥ォたプ㎏アせ
0x1654A4E	4	ペ￥むせ
0x1654A53	5	綱たプ㎏Ｅ
0x1654A66	7	Ｖ）ネたプ㎏Ｅ
0x1654A7E	4	（￥ダろ
0x1654A86	4	ペ￥ドろ
0x1654A96	4	ペ）オょ
0x1654A9E	4	ペ￥りぅ
0x1654AA3	5	険ぜペ￥さ
0x1654ABA	4	ペ）Ｈげ
0x1654ACF	5	桔ァヴうえ
0x1654AE2	16	ぁ）うでァう瀞を雅。ぴ％２ァプ㎏
0x1654AF9	11	ミペ￥Ｅム○）Ｉム○）
0x1654B05	15	タゴ％ズぽプ㎏たぜガ％ゲペプ㎏
0x1654B16	16	バ㎏くうズ㎏かたペ）きみペ）」ち
0x1654B3A	4	ペ）？す
0x1654B3F	21	坤ち『）Ｇち○）Ｇち『）ィたペ）Ｆたビ）こ
0x1654B5B	15	はＥた」）あたィ％ＥたＹ）～す
0x1654B73	5	婚あ『）ぐ
0x1654B7B	13	懇あ○）Ｉあ『）ァあガ（Ｕ
0x1654B9C	4	ぜァうた
0x1654BA8	6	突を臥。ぴ％
0x1654BB1	8	ミペ）あタペ）ボ
0x1654BBD	8	ぽズ㎏Ｑぜッ％ヂ
0x1654BC6	4	プ㎏Ｉす
0x1654BCB	12	郊Ｖペ）ャむォ（Ｇた…）
0x1654BDF	30	はあたペ￥ＧたＷ）ヤぃプ㎏Ｑぃォ）ュみペ）ュたッ（Ｍた、）う
0x1654BFE	27	ア）ＧタッあィちッたＱヒＶちュたッ（ＭタＶ）Ｅち＋）あ
0x1654C1A	8	キ）ＥムＺＦＢす
0x1654C2B	6	こＧあ＋）う
0x1654C3E	6	ズ㎏くうズ㎏
0x1654C45	9	たペ￥あみペ）Ｇち
0x1654C5A	6	ぁ）ぜァうた
0x1654C68	8	ミぜを峨ぜペ）シ
0x1654C75	4	ぽズ㎏ク
0x1654C7A	4	プ㎏ュす
0x1654C7F	13	貢タペ）Ｋぜヅ）ぱみプ㎏い
0x1654C93	5	こＱ（ッ％
0x1654C99	20	Ｕペ￥ォぅペ）ォちザ（ＧＵＶ）Ｈたピ）い
0x1654CAE	9	ア）Ｋみッあかたッ
0x1654CB8	14	ＭみＶあＫたッちＨみザちォす
0x1654CD2	6	ぁ）ぜァうた
0x1654CE1	7	ぜを臥。ぴ％ぃ
0x1654CEE	6	ズ㎏くうズ㎏
0x1654CF5	9	たゴ％あみペ￥セち
0x1654D14	4	え。ゴ％
0x1654D1E	5	ぁ）ぜァう
0x1654D25	6	ぜを臥。ぴ％
0x1654D3E	7	ズ㎏いしァ％か
0x1654D54	4	え。ゴ％
0x1654D5E	12	ぁ）ぜァうぃぜを臥。ぴ％
0x1654D6D	13	ぽペ）あぜペ）あえペ￥びす
0x1654D8D	7	ぜッおえたヅな
0x1654D95	7	たォなえぜィな
0x1654D9D	41	た（￥えたォ㎏Ｏた＋）ＭたＹ）やたプ㎏ＯたＹ）えぜッ㎏Ｍた＋）あたィ％ＭたＺ）づす
0x1654DD6	4	ぁ）へＴ
0x1654DDC	7	ぃぜを臥。ぴ％
0x1654DE5	12	ぽペ）あぜペ）Ｏた」）Ｙ
0x1654DFF	6	はＭた」）Ｏ
0x1654E13	7	はあえペ￥みす
0x1654E1B	16	梱た＋）あたぞ％ＭたＺ）Ｍた＋）
0x1654E35	8	たッおえたッおぬ
0x1654E41	4	たヅ㎏あ
0x1654E4B	5	はえたヂ㎏
0x1654E5D	4	みィ㎏せ
0x1654E63	5	杵たヅ㎏あ
0x1654E71	7	たヂ㎏えたッ㎏
0x1654E79	12	み（￥えたヅ㎏えみィ㎏お
0x1654E87	8	桔みヂ㎏えたヂ㎏
0x1654E91	7	みィ㎏えみヂ㎏
0x1654E99	7	たヂ㎏えみィ㎏
0x1654EA1	9	たペ￥ＭたＹ）さす
0x1654EBA	4	ぁ）へＴ
0x1654EC0	7	ぃぜを臥。ぴ％
0x1654EC9	4	ぽペ）ゲ
0x1654ED2	6	ズ㎏ソずァ％
0x1654EE3	5	こしみィ％
0x1654F02	8	ダ㎏くたダ㎏くて
0x1654F0B	5	険ぜペ）え
0x1654F46	7	ペ）えたペ）ぢ
0x1654F5E	7	ぁ）ぜァうへＴ
0x1654F68	11	ミぜを我ぜペ）フみプ㎏
0x1654F75	16	みゾ㎏ソマゥ％Ｏぃ」）タみプ㎏い
0x1654F93	5	険ぽＥ）せ
0x1654FB6	12	デ㎏くたデ㎏えみペ）Ｒつ
0x1654FE2	7	ぁ）ぜァうへＴ
0x1654FEC	6	突を臥。ぴ％
0x1654FF5	16	ぽペ）あミペ）いタペ）Ｏたー）ぽ
0x1655013	7	はあえペ￥ペし
0x165501B	5	険ぜペ）お
0x165502B	5	険ぽＥ）う
0x1655036	7	ペ）かたペ）き
0x165503F	5	険ぽペ）え
0x1655046	4	ペ）１し
0x165505A	4	ぁ）へＴ
0x1655060	7	ぃぜを臥。ぴ％
0x1655069	12	ぽペ）あぜペ）Ｏた」）ヤ
0x1655093	7	はあえペ￥ァし
0x16550AD	7	ぜッおえたヅな
0x16550B5	7	たォなえぜィな
0x16550BD	33	た（￥えたォ㎏Ｏた＋）ＭたＹ）えぜッ㎏Ｍた＋）あたィ％ＭたＺ）ンし
0x16550EE	4	ぁ）へＴ
0x16550FA	12	ぁ）突を臥。ぴ％㎞つプ㎏
0x1655109	7	ぃゼ㎏（いプ㎏
0x1655115	8	みペ￥いぜペ）Ｉ
0x1655135	4	ぃ（￥う
0x165513F	13	こＳぃ。）ェぃァ（たぽェ％
0x165514D	10	たゼ㎏う失％Ｓて・）
0x165516F	10	はＱぃ。）Ｅた＋）あ
0x1655189	8	ふう％あしア￥え
0x1655193	6	★あしア￥ね
0x16551A7	5	詰しア￥い
0x16551AF	6	★いしア￥ひ
0x16551BB	5	砧しア￥ど
0x16551D1	28	たう％あねペ）むがペ）さミペ￥Ｉたー）あたち％いみペてづ
0x16551EF	6	はＱと・）み
0x16551F6	7	ア￥えみペぅぜ
0x1655209	20	たう％あねペ）むがペ）おミペ￥Ｑと・）ぜ
0x165521E	7	ア￥あみペてゅ
0x1655227	13	鍵たう％あねペ）むがペ）ぜ
0x165523B	6	れＱと・）た
0x1655242	19	ア￥あみペぉえぜペ￥ＡＶプ㎏ぬミペ￥れ
0x165525F	6	れＱと・）ぜ
0x1655266	31	ア￥あみペてくぜペ￥ゲＶプ㎏ぜたぢ％あねペ）むがペ）かミペ￥ほ
0x165528F	6	れＱと・）た
0x1655296	31	ア￥あみペぉたぜペ￥タＶプ㎏ァたぢ％あねペ）むがペ）ぬミペ￥つ
0x16552B7	5	桂と・）た
0x16552BE	31	ア￥あみペぉみぜペ￥ごＶプ㎏Ｕたぢ％あねペ）むがペ）かミペ￥く
0x16552E9	16	たう％あねペ）むがペ）さミペ￥あ
0x16552FB	4	橘ぃペ￥
0x1655301	4	ミペ￥き
0x1655306	7	ウ）うみペェこ
0x165530F	14	ギＳ（。）ェムペ）Ｌたボ）あ
0x1655323	14	ぐＧ（＋）きたゲ（Ｇた、）あ
0x1655337	5	れえみペ￥
0x1655346	7	ＺちＩみＺちつ
0x1655387	6	はＩたー）え
0x165539B	5	恵たー）え
0x16553B2	6	ズ㎏いしァ％
0x16553B9	4	たデ㎏と
0x16553C6	7	ズ㎏いしァ％Ｍ
0x16553EE	7	ぁ）ぜァうやえ
0x16553F8	34	やゥヴいボィヴいゲェヴい號ヴい」ゥヴいＹィヴいワゥヴいぃぜを臥。ぴ％
0x165541D	11	ぽペ）あぜペ）ヤみプ㎏
0x1655429	11	ぃゾ㎏あわェ％Ｑぁ…）
0x1655457	4	杵うダ㎏
0x165545D	5	みペ￥Ｂそ
0x165547E	6	ペ）ねたプ㎏
0x165549E	15	ぁ）ぜァう突を会。ぴ％ええプ㎏
0x16554B2	12	ズ㎏、ヴァ％♀ぺァ％もあ
0x16554BF	9	咲もプ㎏Ｅた…）Ｅ
0x16554CD	11	えィ（Ｅた…）アＶＴ顕
0x16554DA	19	ペ￥Ｑき♀）Ｓあ」）ァせペ）ペそペ）あ
0x16554EE	7	ぽ￥Ｑき？あみ
0x16554F6	10	ァうＱき♀あＭあ」）
0x1655502	7	ぽ￥Ｑき？ちた
0x165550A	6	ァてＱき♀ち
0x1655511	66	みペ￥Ｇむ♀）いのペ￥ボうプ㎏ＥたＵ）バてプ㎏バうプ㎏ＥたＵ）ヂうプ㎏ＥみＵ）ズうプ㎏ＥみＵ）そたペ￥ョうプ㎏ＥたＵ）ョ＠Ｔ堺編才く
0x165555B	40	験のペ￥ミうプ㎏ＥたＵ）エてプ㎏ネうプ㎏ＥたＵ）トてプ㎏トうプ㎏ＥたＵ）ぃうプ㎏
0x1655586	11	ズ㎏かしァ％Ｅけ。）く
0x1655592	14	た％あひペてびうプなＥたＵち
0x16555A1	11	たペうごうプおＥたＵあ
0x16555AD	24	ぽペ￥っうプ㎏ＥぽＵ）ぃぉプ㎏ＥぽＸ）Ｑた？）え
0x16555C6	6	ア￥あ覆ズ８
0x16555F5	46	つプ㎏ＥみＶ）くみペ￥曄プ㎏ＥみＶ）ＥぽＵ）ＥぽＸ）練プ㎏ＥぽＵ）あたペ￥（いプ㎏ＥたＵ）ヂ
0x1655627	68	欠めプ㎏Ｕつプ㎏ＥみＶ）２めプ㎏２つプ㎏ＥみＶ）Ｙめプ㎏Ａつプ㎏ＥみＶ）すみペ￥２つプ㎏ＥみＶ）せはペ￥ＥたＵ）あたペ￥バいプ㎏ＥたＵ）
0x165566D	8	タゴ％バいプ㎏Ｅ
0x165567A	7	♂）ズいプ㎏Ｅ
0x1655686	7	♂）ョいプ㎏Ｅ
0x1655692	7	♂）ァいプ㎏Ｅ
0x16556AA	16	パ㎏えたパ㎏えみペ）おぃペ）Ｕぎ
0x16556BE	14	ゴ㎏えたゴ㎏あみペ￥いＵズ（
0x16556D1	19	Ｕゴ㎏えぃゴ㎏ボとァ（ボおみ（ダえみ（
0x16556E5	4	たゴ㎏え
0x16556EA	39	ゴ㎏Ｋたー）りいプ㎏ＥたＵ）Ｉたー）みいプ㎏ＥたＵ）Ｇたー）ねいプ㎏ＥたＵ）Ｅ
0x1655712	22	ー）あたァ￥しいプ㎏ＥたＵ）！あプ㎏ＥみＵ）
0x1655729	8	いプ㎏ＥみＵ）ぜ
0x1655737	15	現）Ｔ験たペ￥策プ㎏ＥたＵ）ぼ
0x165574B	9	兼あプ㎏ボちプ㎏Ｅ
0x1655756	6	Ｖ）クあプ㎏
0x165575E	11	ズ㎏かしァ％Ｅけ。）み
0x165577A	7	Ｖ）トちプ㎏Ｅ
0x165578B	6	）Ｉか？）あ
0x1655792	67	た％ペちプなクあプなＥたＵちバちプおぱあプおＥたＵあさたペ￥づあプ㎏ＥたＵ）あたペ￥ぜあプ㎏ＥたＵ）っあプ㎏ＥたＵ）シあプ㎏ＥたＵ）み
0x16557F2	11	プ㎏ＥたＵ）Ｉか？）あ
0x16557FE	18	た％ぜちプな窄プなＥたＵちあたペう（
0x1655812	11	プおＥたＵあさたペ￥！
0x165581E	11	プ㎏ＥたＵ）あたペ￥」
0x1655832	13	プ㎏ＥたＵ）搭プ㎏ＥたＵ）
0x1655845	8	あプ㎏ＥたＵ）み
0x165585A	7	プ㎏ＥぽＵ）ワ
0x1655862	11	プ㎏ＥぽＵ）あたペ￥ズ
0x165586E	7	プ㎏ＥたＵ）み
0x165587B	5	険たペ￥Ｙ
0x1655882	10	プ㎏ＥたＵ）づＹＴ験
0x165588E	7	ペ￥ボたプ㎏Ｅ
0x1655897	6	）Ｓた？）あ
0x16558A3	6	はＨＹＴ厚け
0x16558E4	37	Ｃィァえ８ィァえくァァえこァァえつァァえ。ァァえ（ァァえ　ァええァァえずミ
0x165591D	24	ァァえあァえ蕾ァえ蒙ァえ年ァえ躯ァえＣァァえＴ（
0x165594C	8	びァァえたぜを喚
0x165595A	13	ズ㎏、ぺァ％えＶＴ豪ＵＴ狐
0x165596F	13	険たペ￥ＩはＹ）ＧちＹ）タ
0x165597E	7	プ㎏ＥたＵ）シ
0x1655986	7	プ㎏ＥたＵ）ク
0x165598E	7	プ㎏ＥたＵ）エ
0x1655996	7	プ㎏ＥたＵ）ぽ
0x165599E	7	プ㎏ＥたＵ）ぱ
0x16559B7	9	はツ（Ｔ檎たプ㎏が
0x16559C2	7	プ㎏ＥたＵ）っ
0x1655A00	15	ＡァァえＩァァえぃぜを臥。ぴ％
0x1655A11	4	ぽペ）ァ
0x1655A1A	7	ズ㎏、ぺァ％Ｍ
0x1655A33	5	はトＵＴ険
0x1655A9A	32	ぁ）ぜァうびドンい突を臥。ぴ％あミペ￥Ｙぽプ㎏Ｙぜプ㎏Ｅた＋）Ｅ
0x1655AC1	4	タち（ゆ
0x1655ADF	4	験けに％
0x1655AEB	4	顕けに％
0x1655AF7	4	験こに％
0x1655B03	4	験さに％
0x1655B0B	5	こ・○Ｔ弦
0x1655B56	4	ペ）３う
0x1655B5F	4	窮たプ㎏
0x1655B66	6	ゼ㎏あえァ￥
0x1655B86	6	ァうたぜを粥
0x1655B92	11	ズ㎏、ぺァ％いのペ￥フ
0x1655BAF	5	はＳき」）
0x1655BBB	9	こＧぬ」）Ｅき」）
0x1655BCB	6	はＥく」）あ
0x1655BEA	7	ペ￥ＥくＹ）あ
0x1655C0A	19	ぁ）ぜァうたァァえ頓を臥。ぴ％Ｕいプ㎏
0x1655C21	15	たズ㎏、Ｄィ％♀ぺィ％Ｉいプ㎏
0x1655C31	16	ズィ（あのペ￥Ａいプ㎏ＥたＵ）Ｑ
0x1655C62	10	ビ㎏やたァ％Ｋけ』）
0x1655C6E	15	ィ（くタァ％ヤいプ㎏Ｅぽ。）か
0x1655C81	7	たお％レＴＴ顕
0x1655C91	7	たあ％ヨＴＴ些
0x1655CA3	10	はＥめ」）づつプ㎏Ｅ
0x1655CBA	6	Ｖ）みいプ㎏
0x1655CC2	35	ズ㎏おしァ％Ｓつ。）あみ（）Ｇて。）あたゥ）ＥてＵ）といプ㎏Ｅた。）ね
0x1655D02	4	ガ㎏ノえ
0x1655D22	15	ぽ￥。ちプおＹあプおＥたＵあお
0x1655D33	10	こＥめ」）Ｉちプ㎏Ｅ
0x1655D4B	6	）Ｏあ』）い
0x1655D5A	6	ペ￥ッＸＴ梱
0x1655D66	7	ぽ￥あたペてそ
0x1655D71	8	たペ￥Ｇき』）あ
0x1655D7A	10	ぽ￥あたペうＩあ』）
0x1655D8B	6	こＫき』）あ
0x1655D9F	6	はＩき』）あ
0x1655DAB	5	はあたペ￥
0x1655DB2	7	ア￥づちプなＥ
0x1655DC2	7	ＶちっちプおＥ
0x1655DD2	7	Ｖありあプ㎏Ｅ
0x1655DE1	16	たペェふあプッＥたＵィＧき』）あ
0x1655DF2	10	ぜ％Ｇき★）Ｇき』）
0x1655DFE	15	ぽ￥Ｅき』あＧき★あＫぬ』）あ
0x1655E0E	6	ぞ％Ｋき★）
0x1655E16	7	ア￥Ｉき』ああ
0x1655E1E	6	ぜいＫき★あ
0x1655E25	21	ァペ￥いタペ￥くＥペ）せぽペ￥とぜペ￥バえ
0x1655E3D	4	ミガ（Ｅ
0x1655E4B	6	こしみド㎏Ｍ
0x1655E5B	6	は６たブ㎏Ｉ
0x1655E69	11	くペ）みねペ）Ｑく』）
0x1655E7B	18	ブくみド㎏Ｑみ…）いんペ）めぁＥ）あ
0x1655E8F	6	はァあア）け
0x1655E9A	6	ペ）チ（Ｔ弦
0x1655EA2	7	ド㎏ＥタＵ）さ
0x1655EB3	5	些こ『）あ
0x1655EBA	11	ァ％Ｓこ○）あァョ％い
0x1655ECB	6	ぐすたペ￥っ
0x1655EE2	7	ぁ）ぜァうわえ
0x1655F00	17	がァァえねィァえびァァえＣァァえト
0x1655F16	11	ズ㎏、ぁァ％いはペ￥ク
0x1655F22	11	プ㎏ＥたＵ）すたペ￥ぽ
0x1655F2E	11	プ㎏ＥたＵ）Ｏあ…）あ
0x1655F6D	4	たペてた
0x1655F7A	17	ぁ）ぜァうたァァえＡァァえびァァえ
0x1655F8D	14	ぜを臥。ぴ％づＶＴ戸たプ㎏ふ
0x1655F9E	11	プ㎏ＥたＵ）ぃたペ￥と
0x1655FAA	10	プ㎏ＥたＵ）え。ゴ％
0x1655FC0	18	Ａィァえたァァえ突を臥。ぴ％くたペ￥
0x1655FE2	19	ズ㎏うしァ％Ｏう。）ァすペ）ペそＥ）か
0x1656002	7	た％❤たプおＥ
0x1656019	12	たズ㎏かしィ％Ｅけ。）く
0x165602B	6	こ、ずィ％Ｉ
0x1656039	24	みペ￥いぽペ）６ぜプ㎏い管￥ＯＵェ％とぃペ￥ゾう
0x1656055	4	タィ（Ｅ
0x1656066	11	デ㎏Ｑタ。）あノに％て
0x1656079	4	タに％た
0x165607F	25	こしミァ％Ｏタ。）かタュ（きタど％あミ♂￥Ｅタ？）
0x165609F	5	はＧタ？）
0x16560C2	7	→）あみゥ％う
0x16560DA	19	ぁ）たァァえぜァうボィァえズゥァえわえ
0x16560F0	11	ぇァァえたぜを乾ぞプ㎏
0x16560FD	7	たヂ㎏リあプ㎏
0x1656105	7	みィ（ヤあプ㎏
0x165610D	20	たィ（えぃペ￥フあプ㎏ＥぃＵ）ネあプ㎏Ｅ
0x1656125	16	ぃヂ㎏かごェ％Ｅぎ「）くぃて％ん
0x1656137	6	こあげた％わ
0x165613F	14	こびぅプ㎏Ｅぜ「）あぃと％い
0x165614F	5	こＥぃ、）
0x165615B	6	はえぃと％い
0x1656163	5	こＩぅ、）
0x165616F	6	はくぃと％い
0x1656177	5	こＭつ、）
0x1656183	14	はくちプ㎏Ｅた、）あたち％か
0x1656199	20	ぃプ㎏ＥぜＸ）いのペ￥ＥたＸ）ＧぜＷ）た
0x16561AF	13	形ぃ…）あたェ％ＧたＷ）し
0x16561C5	27	たペ￥ＧたＷ）Ｙみプ㎏ＥたＷ）いのペ￥ＥたＷ）バたプ㎏
0x16561E1	23	たゼ㎏うふィ％Ｓぁ、）あみゥ％ＳぁＶ）ァたプ㎏
0x16561F9	16	たゼ㎏かふィ％Ｅの、）あたち％の
0x1656216	7	プ㎏Ｅぜ。）ワ
0x1656222	12	。）あけぜ％いたペ￥ナょ
0x165623E	12	。）あけぜ％いたペ￥セょ
0x1656256	7	プ㎏Ｅた。）び
0x165625E	11	プ㎏ＥたＵ）づたプ㎏づ
0x165627A	7	ぁ）ぜァう❤え
0x1656288	42	たァァえ６ィァえＥァァえボィァえぇァァえエァァえイァァえぽァァえコァァえカァァえあァ
0x16562B4	15	ぃァァえぃぜを臥。ぴ％シめプ㎏
0x16562C5	7	たゾ㎏クいプ㎏
0x16562CD	4	ぽィ（い
0x16562D2	7	ペ￥ぽつプ㎏Ｅ
0x16562DD	12	たゾ㎏うふィ％Ｑと、）つ
0x16562F7	17	魚つプ㎏Ｅた、）そぱあ％うしエ￥え
0x165630B	6	こいさエ￥そ
0x1656313	6	こさしエ￥へ
0x165632F	4	罪あプ㎏
0x1656335	8	たズ㎏クおゼ㎏あ
0x165633E	6	ァ％クおィ㎏
0x1656361	16	たあ％あねペ）むくイ）ＵちプヅＥ
0x1656372	7	ＶゼＭこ＋ゼあ
0x165637A	15	ァゾＭこＺゼズたヅ㎏Ｍあ、）あ
0x165638A	7	ァ％ＭあＶ）ぜ
0x1656393	40	繰むプ㎏ボあプ㎏ＥみＵ）バあプ㎏ＥみＵ）ヂあプ㎏ＥみＵ）ズあプ㎏ＥみＵ）Ｑう＋）
0x16563C3	10	こづたヅ㎏Ｇい、）い
0x16563E2	7	ＶちＭの＋ちづ
0x16563EA	11	ヅなＧたＵちＭる＋）づ
0x16563F6	7	ヅ㎏Ｇた。）ズ
0x165640B	5	ブたぅプ㎏
0x1656411	20	ぃダ㎏うごェ％Ｏぉ「）ェざペ）１ずＥ）か
0x1656427	33	こふぅプ㎏Ｅぃ「）あぃて％とＶプおＥぃ❤ああぃもいＥぃ→あ！ぃプ㎏
0x1656449	16	ぃダ㎏かごェ％Ｅぎ「）ぜぃて％せ
0x165645F	45	駆ぬペ）むねペ）あぃち％Ｋぃ。ちあぃェつＫぃＵちゥらペ）めりペ）あぃつ％ズぃヅなＫぅ「ちう
0x1656497	6	ギいさエ￥は
0x16564AF	5	はＱう＋）
0x16564BE	7	ペ￥ズたプ㎏Ｅ
0x16564C9	28	みペ￥ョたプ㎏ＥみＶ）ぽたプ㎏Ｅた、）あはち％Ｑこ＋ちあ
0x16564E6	6	ァつＱこＺち
0x16564F3	5	痕こ＋）あ
0x16564FA	11	ァ％ＯこＺ）いたペ￥エ
0x1656506	6	プ㎏ＥたＵ）
0x1656522	7	ぁ）ぜァうわえ
0x165653C	50	ミソァえメソァえぱゥァえぷゥァえボィァえズゥァえＥァァえＩァァえびァァえＣァァえ頓を械。ぴ％わえプ㎏
0x1656571	11	たズ㎏、Ｄィ％やえプ㎏
0x165657D	24	ズィ（かしィ％Ｅる。）あたペ￥とえプ㎏ＥたＵ）Ｑ
0x16565B1	4	そペ￥と
0x16565BE	15	ゴ㎏Ｉミ『）（うプ㎏Ｅタ。）か
0x16565D3	34	こ！うプ㎏Ｅぜ。）」うプ㎏Ｅぃ。）◎うプ㎏Ｅみ。）Ｙうプ㎏Ｅた。）い
0x16565F6	22	エ）めいペィあＫァィやいペゼうＫァゼＡうプ㎏
0x1656613	5	ぐ２うプ㎏
0x165661F	5	ギポＴＴ酵
0x165662A	11	ゴ㎏ズうプ㎏ュァァ（い
0x1656636	4	ョ％フい
0x165663B	5	険ぜペ）い
0x1656642	4	ォ％ノい
0x165664E	4	ァ％ニい
0x165665A	4	ョ％テい
0x1656666	35	パ㎏つおァ％あけァ％Ｅみ。）Ｅた」）ィたペ）あひあ％あたゥ）ＥたＵ）し
0x1656692	7	パ㎏Ｅみ。）ュ
0x16566A9	15	せキ￥Ｏけ』むペミばみしうプ㎏
0x16566BF	6	ブえうプ㎏Ｅ
0x16566C6	11	◎）かミペ）Ｉさ』）あ
0x16566D2	7	ァ％Ｉさ★）ゆ
0x16566EB	10	こュたペ）→いプ㎏ュ
0x16566F6	19	ァ（つなィ％あのィ％Ｅた、）Ｙぇプ㎏う
0x1656715	12	くペぅみがペぅＯぎ』むう
0x1656722	11	ぜみＫぃ。むまさち％か
0x165673F	5	はゲいプ㎏
0x165674B	6	ブＩさ』）あ
0x1656752	11	ァ％Ｉさ★）フいプ㎏Ｅ
0x165675E	11	◎）かくペ）みくペ）Ｉ
0x1656786	4	ョ％ねい
0x1656792	4	ョ％ない
0x16567A7	6	はいさひ％き
0x16567AF	4	こ気プ㎏
0x16567B5	8	たズ㎏ワおゼ㎏あ
0x16567BE	6	ァ％ワおィ㎏
0x16567C5	4	いプ㎏Ｅ
0x16567CF	4	計あプ㎏
0x16567D6	19	ズ㎏うふァ％Ｏも、）いわペ）０ぁＥ）ん
0x16567EB	6	はＱと、）ぜ
0x16567F7	9	は！ちプ㎏Ｅた、）
0x1656807	14	こ→ちプ㎏Ｅた、）いのち％の
0x1656817	7	こニせァ％けせ
0x1656822	6	パ㎏Ｅみ。）
0x1656829	41	たペ￥Ａあプ㎏ゾァェ（ゾぅも（ゼぃも（もてペ）りうペ）うすァ）とみパ㎏ねぃパ㎏コゃ
0x1656853	9	険ぃペ）あみペ）ね
0x1656862	6	ゴ㎏っあプ㎏
0x165686A	16	ズ㎏ニせァ％うたペ）ネぅプ㎏ゃせ
0x165687F	33	怯チプ㎏かたペ）クあプ㎏ＥたＵ）エあプ㎏ＥたＵ）ぽあプ㎏ＥたＵ）か
0x16568A8	6	Ｅタ○）『あ
0x16568BD	8	たズ㎏６おゼ㎏あ
0x16568C6	7	ァ％６おィ㎏な
0x16568DE	19	ズ㎏うしァ％Ｏて。）あふペ）ポまＥ）し
0x16568F3	6	はＱえ。）ぜ
0x1656916	7	。）いけた％あ
0x1656926	11	◎）きくペ）みくペ）Ｉ
0x1656946	8	プ㎏Ｅぜ。）Ｆあ
0x165696A	6	ペ￥ソＰＴ檎
0x1656972	7	プ㎏Ｅた。）わ
0x165699E	7	ぁ）ぜァう❤え
0x16569B9	5	ァァえ♂く
0x16569C5	5	ぜァえわけ
0x16569D8	9	りァァえバァァえ駈
0x16569E4	16	！ポンいンソァえぱゥァえぷゥァえ
0x16569F5	9	ぜを臥。ぴ％　プ㎏
0x1656A01	27	みボ㎏㎞たプ㎏あたゥ（あぐペ￥❤みプ㎏ＥぃＷ）Ｑも、）
0x1656A25	16	みボ㎏かわゥ％Ｅる…）たみつ％よ
0x1656A67	9	はづみゼ㎏Ｇた…）
0x1656A71	4	ぃペ￥う
0x1656A7D	11	ぃェ（ィきペ）みねペ）
0x1656A8F	10	はＯた…）Ｉい…）こ
0x1656AA2	6	ァ％ああァ（
0x1656AA9	15	くペ）みくペ）びたプ㎏ぴＱＴ鼓
0x1656ABE	19	ズ㎏あさァ％Ｅた。）あたィ％ＥたＵ）い
0x1656AE0	4	え。ゴ％
0x1656AEA	7	ぁ）ぜァうわえ
0x1656AF4	16	たァァえＫァァえとゥァえ」７ヴう
0x1656B05	6	ぜを臥。ぴ％
0x1656B1A	13	ィ（ァみペ￥舉プ㎏ＥみＶ）
0x1656B29	16	たダ㎏かふィ％Ｅの、）みたち％は
0x1656B45	20	たあ％あねペ）むりペ）→たプ㎏Ｅぃ、）う
0x1656B67	14	ギクみズ㎏Ｉたプ㎏０みあ（い
0x1656B8B	6	ギバたプ㎏Ｅ
0x1656BAE	7	。）アすぽ￥て
0x1656BCB	9	はトたプ㎏Ｅみ、）
0x1656BDD	4	ぃペ￥お
0x1656BE3	9	見そウ￥あぃェ％い
0x1656C07	5	こえ。ゴ％
0x1656C12	7	ぁ）ぜァうわえ
0x1656C2C	4	づゥァえ
0x1656C31	17	ァァえボィァえＭゥァえ椴を開めプ㎏
0x1656C45	11	たゾ㎏、ソィ％ふいプ㎏
0x1656C51	15	ぜィ（ぜたペ￥といプ㎏ＥたＵ）
0x1656C62	11	ゾ㎏かしァ％Ｅけ。）み
0x1656C83	5	は東プ㎏Ｅ
0x1656C97	22	は（あプ㎏Ｅみ。）❤あプ㎏Ｅた。）！あプ㎏ポ
0x1656CB7	14	Ｏ→あプ㎏Ｅタ。）◎あプ㎏ャ
0x1656CD7	17	坤み。）Ｅちプ㎏あたい（ギそア￥ス
0x1656CF3	53	刻むプ㎏Ｅた…）あリぞ％リちプ㎏Ｅぃ、）かぃぢ（うがペ）もョペ）いぎね％Ｏぎ＋ち１ぃョたうがペちもョペちせ
0x1656D2F	18	ギＥぃ…）きぃぢ（うがペ）もがペ）ぜ
0x1656D51	4	ァペ￥く
0x1656D5B	5	険たペ）い
0x1656D62	15	ィ％Ｅみ、）ョたッ（Ｉに、）あ
0x1656D77	6	はあァョ％う
0x1656D8B	44	元ぅプ㎏下プ㎏Ｅみ、）かみだ（いりペ）めョペ）いるね％Ｏる＋ち０みョたいりペちめョペちと
0x1656DBF	18	ギＥみ「）きみだ（いりペ）めりペ）ミ
0x1656DDB	9	型み。）あたペ￥Ｅ
0x1656DFE	11	。）ＩこＹ）ぜたペ￥ヂ
0x1656E0A	11	プ㎏ＥたＵ）Ｓさ＋）あ
0x1656E16	11	ァ％ＳさＺ）クたプ㎏Ｅ
0x1656E2F	6	こミたプ㎏Ｅ
0x1656E4E	7	ペ￥エたプ㎏Ｅ
0x1656E6A	7	ぁ）ぜァうわえ
0x1656E8C	4	エァァえ
0x1656E99	31	ァァえりァァえバァァえＩァァえづゥァえりゥァえぃぜを臥。ぴ％Ｑ
0x1656EBD	4	たズ㎏Ｍ
0x1656EC9	4	ぜペ￥い
0x1656ECE	6	ペ￥エ❤Ｔ顕
0x1656ED6	6	ペ￥イ❤Ｔ元
0x1656EDE	9	ペ）ぽ❤Ｔ梱い＋）
0x1656EFA	7	ぽ￥あぜペてえ
0x1656F02	10	ペあＭいＺあＩあ＋）
0x1656F1E	6	ぽ￥あぜペて
0x1656F26	7	ペうＩあＺあＥ
0x1656F42	6	ぽ￥あぜペて
0x1656F5A	9	ペ￥せたペ￥た 険
0x1656F7A	7	ぁ）ぜァうわえ
0x1656F84	9	たぜを我えペ￥Ｘえ
0x1656F8F	17	険ぜペ）ぱみプ㎏Ｅぃ…）あはペ￥づ
0x1656FA2	11	プ㎏ＥたＵ）トたペ￥う
0x1656FBB	5	はあたぞ％
0x1656FCA	7	ペ￥ねたプ㎏Ｅ
0x1656FDA	4	ペ）Ｓえ
0x1656FE6	15	ぁ）たゥァえづゥァえねたプ㎏あ
0x1656FF6	6	ぽ）とたプゆ
0x1656FFD	12	たゼゆうふィめＳへ、むあ
0x165700E	13	ぁ）タソァえぜァうたぜを蛙
0x1657021	4	たズ㎏っ
0x1657029	4	ぜィ（ぽ
0x165702E	6	ォ％タＹＴ険
0x1657042	6	ォ％サＹＴ険
0x165705A	7	ぁ）ぜァうわえ
0x1657065	7	ぜを臥。ぴ％ぜ
0x1657072	10	ズ㎏うしァ％Ｍせ。）
0x1657083	5	こゼ『Ｔ胡
0x165708E	18	ズ㎏うしァ％Ｏう。）ァしペ）ペそＥ）
0x16570A3	8	こウ◎Ｔ元。ゴ％
0x16570B2	14	ぁ）ぜァう頓を臥。ぴ％気プ㎏
0x16570C5	11	たズ㎏、Ｄィ％（あプ㎏
0x16570D1	7	ズィ（いァペ￥
0x16570D9	11	ミペ￥いノペ￥うＥペ￥
0x16570E5	12	ァゴ㎏くぽペ）あぜペ￥と
0x16570F2	35	ペ￥バズめ（くぅペ）Ｉあプ㎏くちァ（つおェ％いけァ％Ｅこ。）いけた％タ
0x1657123	5	こしぃゾ㎏
0x165713E	7	ゾ㎏Ｑぃ。）し
0x1657146	11	ゾ㎏ＩぅＵ）くぃゾ㎏Ｑ
0x1657152	7	「）あけた％ぐ
0x165715B	5	こぱあプ㎏
0x1657162	11	ズ㎏かしァ％Ｅけ。）く
0x1657173	6	こしＵェ％Ｏ
0x165719F	6	は６ぃブ㎏し
0x16571B9	28	ぃプ㎏ＥミＸ）ＥタＸ）Ｏげ』）あぃェ％Ｏげ★）Ｑが』）う
0x16571EF	6	）Ｓこ『）あ
0x16571F6	7	ァ％Ｓこ○）し
0x165721E	7	、）いけァ￥Ｅ
0x165722B	5	久たゾ㎏Ｑ
0x1657239	4	ぃう％う
0x16572AE	7	ぁ）ぜァうわえ
0x16572B8	18	ペァァえぇァァえ頓を鎧。ぴ％ペ１プ㎏
0x16572CD	7	たブ㎏ボうプ㎏
0x16572D5	7	ミィ（ソマィ％
0x16572E6	7	ゴ㎏あァペ￥り
0x1657302	7	ゴ㎏いＥペ￥か
0x1657336	11	ゴ㎏がうプ㎏Ｅぽ。）Ｉ
0x165734B	5	こりうプ㎏
0x1657357	17	ぐウＱＴ購ぜペ）ねうプ㎏ッぽァ（い
0x1657386	10	ア）練プおＥズＵあＤ
0x165739B	5	坤た。）お
0x16573A2	4	ペ）らあ
0x16573A7	13	険ぜＥ）Ｙいプ㎏ＥズＵ）け
0x16573E2	11	ブ㎏かしァ％Ｅけ。）く
0x16573F3	10	こＩあ」）あけた％し
0x1657402	15	♀ちＭた」）くズペ）いしち％ち
0x1657413	14	こＩあ」）ァこペ）ペそペ）あ
0x1657427	5	こＯい」）
0x165742D	8	せペ）みせＥ）ミ
0x1657437	6	こたズパ㎏し
0x165743E	13	ャ％フたャ％たみづ％・ぜ玄
0x165744E	9	ペ）とたパ㎏「ぜ杭
0x16574AB	5	恵あ」）そ
0x16574BB	6	はねズパ㎏し
0x16574C2	13	ャ％びたャ％たみづ％♂ぜ玄
0x16574D2	9	ペ）ふたパ㎏Ｇぜ光
0x16574DF	5	恵あ」）ァ
0x16574EE	6	ペ）メ・Ｔ鯉
0x16574F7	5	恵あ」）そ
0x1657503	6	はみズパ㎏し
0x165750A	13	ャ％タたャ％たみづ％Ｉぜ弦
0x165751A	9	ペ）やたパ㎏ペぜ後
0x1657527	8	恵ち」）エあプ㎏
0x165753B	6	はりズパ㎏し
0x1657542	13	ャ％タたャ％たみづ％４ぜ弦
0x1657552	9	ペ）やたパ㎏ゾぜ虎
0x165755F	8	恵ち」）みあプ㎏
0x165756A	7	あ（どそぽ￥む
0x1657576	5	ペ）ぎ　枯
0x165758A	7	あ（ギそぽ￥の
0x1657596	10	ブ㎏うしァ％Ｉお。）
0x16575A6	6	プおＥァＵあ
0x16575AD	8	たブ㎏Ａおゼ㎏あ
0x16575B6	7	ァ％Ａおィ㎏え
0x16575BE	9	ペ）バ　険ズペ）さ
0x16575D6	7	あ（ャそぽ￥か
0x16575E1	8	たブ㎏Ｅおゼ㎏あ
0x16575EA	7	ァ％Ｅおィ㎏え
0x16575F2	9	ペ））・Ｔ険ズペ）
0x1657606	9	ャ％たたづ％オぜ険
0x1657612	11	ブ㎏かしァ％Ｅけ。）あ
0x1657623	6	こわたパ㎏ト
0x1657632	10	ブゆうしァめＳす。む
0x165763D	4	ぽでみご
0x1657646	7	Ｚ（あたィ％き
0x165766E	7	ぁ）ぜァう❤え
0x1657678	6	コァァえ♂く
0x1657690	12	ごァァえタソァえたぜを毅
0x16576A1	4	たズ㎏」
0x16576A9	7	ぜィ（Ｑう」）
0x16576BA	7	ヂ㎏Ｅち。）づ
0x16576DD	4	みた％ヂ
0x16576E5	8	たズおペおゼおあ
0x16576EE	7	ァいペおィおえ
0x16576FD	8	たズ㎏ペおゼ㎏い
0x1657706	11	ァ（ペおィ㎏Ｅえ」）あ
0x1657712	15	ァ％ＥえＹ）ズみヂ㎏Ｅち…）づ
0x165772A	7	む（ＧあＷ）ズ
0x1657732	10	ヂ㎏Ｅあ。）ＥこＹ）
0x165773E	7	ペ￥ＱうＹ）ぃ
0x165774A	10	ズ㎏うしァ％Ｏせ。）
0x165775B	5	こジＱＴ古
0x165777A	7	ぁ）ぜァうわえ
0x1657784	4	たぜを鑑
0x165778D	8	たズ㎏ソぺィ％２
0x16577A3	5	はＭう」）
0x16577AF	6	こくたペ￥ョ
0x16577B6	7	プ㎏ＥたＵ）い
0x16577BE	6	ペ￥づ×Ｔ庫
0x16577C7	12	黍しィ％Ｓつ。）Ｇう。）
0x16577DF	6	はくたペ￥ク
0x16577E6	10	プ㎏ＥたＵ）Ｍう」）
0x16577FA	10	ペ￥ゃ×Ｔ原たペ￥が
0x1657806	10	プ㎏ＥたＵ）Ｑい」）
0x165781A	9	ペ￥を×Ｔ坤い」）
0x165783A	25	ぁ）ぜァうョァァえＣァァえミぜを峨タペ）あぽペ）シ
0x165785A	13	ズ㎏ツそァ％めたッ％ヅぜ険
0x1657873	6	こたぜァ％く
0x165787A	14	ォ％かたペ）しみッ％ＤＭＴ孤
0x16578A1	8	くペ）みえィ）Ｓ
0x16578B6	15	ぁ）ぜァう突を臥。ぴ％㎞いプ㎏
0x16578C9	7	ミズ㎏（いプ㎏
0x16578D1	11	タュ（、ソュ％♀ぺュ％
0x16578DE	12	ペ￥かたペ）Ｅみペ￥そす
0x16578EB	45	険たペ￥あさュ％ＱつＵ）したャ㎏Ｉち♂）みたャ㎏Ｍつ♂）ったャ㎏２いプ㎏Ｇこ♂）Ｉこ♂）Ｑ
0x1657937	5	狗いプ㎏く
0x165793E	7	ャ㎏リいプ㎏ふ
0x1657946	7	ャ㎏ヤいプ㎏ぃ
0x165794E	7	ャ㎏ミいプ㎏た
0x1657956	7	ャ㎏フいプ㎏や
0x165795E	7	ャ㎏ネいプ㎏が
0x1657966	59	ャ㎏トめプ㎏トいプ㎏ＥみＵ）タつプ㎏タいプ㎏ＥたＵ）シいプ㎏ＥみＵ）クいプ㎏ＥたＵ）エいプ㎏ＥみＵ）ぽいプ㎏ＥたＵ）く
0x16579A2	19	ペ￥ＯくＺ）あたペ￥ぜいプ㎏ＥたＵ）ユ
0x16579B7	5	競いプ㎏く
0x16579BE	7	ャ㎏っいプ㎏ふ
0x16579C6	7	ャ㎏ぃいプ㎏ぃ
0x16579CE	6	ャ㎏東プ㎏た
0x16579D6	6	ャ㎏策プ㎏や
0x16579DE	7	ャ㎏ふいプ㎏が
0x16579E6	15	ャ㎏ねめプ㎏ァみャ㎏→あプ㎏づ
0x16579F6	18	ャ㎏」ちプ㎏くいプ㎏ＥたＵ）。あプ㎏
0x1657A09	4	ぇプ㎏Ｅ
0x1657A19	4	ぅプ㎏Ｅ
0x1657A21	11	ぅプ㎏ＥたＸ）鴇プ㎏Ｅ
0x1657A31	11	ぅプ㎏ＥたＸ）年プ㎏Ｅ
0x1657A3E	15	Ｘ）㎞ぅプ㎏ＥたＸ）（ちプ㎏Ｅ
0x1657A4E	18	Ｖ）ゥそペ￥ＯくＺ）ァみャ㎏セ？Ｔ勾
0x1657A63	5	計あプ㎏く
0x1657A6A	7	ャ㎏Ｙあプ㎏ふ
0x1657A72	7	ャ㎏Ｕあプ㎏ぃ
0x1657A7A	7	ャ㎏づあプ㎏た
0x1657A82	7	ャ㎏ぜあプ㎏や
0x1657A8A	7	ャ㎏ごあプ㎏が
0x1657A92	7	ャ㎏りあプ㎏ク
0x1657A9A	7	ャ㎏ネあプ㎏フ
0x1657AA2	103	ャ㎏りむプ㎏ズあプ㎏ＥみＵ）やちプ㎏ョあプ㎏ＥたＵ）ォあプ㎏ＥみＵ）ァあプ㎏ＥたＵ）ワあプ㎏ＥみＵ）リあプ㎏ＥたＵ）ヤあプ㎏ＥみＵ）ミあプ㎏ＥたＵ）フあプ㎏ＥみＵ）ネあプ㎏ＥたＵ）だそペ￥ＯくＺ）すたペ￥㎞
0x1657B0A	7	プ㎏ＥたＵ）ほ
0x1657B42	7	ャ㎏ョみプ㎏ョ
0x1657B4A	11	プ㎏ＥみＵ）ォたプ㎏ォ
0x1657B56	7	プ㎏ＥたＵ）ァ
0x1657B5E	7	プ㎏ＥみＵ）ワ
0x1657B66	7	プ㎏ＥたＵ）リ
0x1657B6E	7	プ㎏ＥみＵ）ヤ
0x1657B76	19	プ㎏ＥたＵ）だそペ￥ＯくＺ）すたペ￥ト
0x1657B8A	10	プ㎏ＥたＵ）Ｍあ」）
0x1657BAE	7	ぁ）ぜァうわえ
0x1657BBC	8	ミぞァえりぜァえ
0x1657BC5	17	ぜァえややヴいくまヴいヂほヴいＭＫ
0x1657BD8	6	やぜァえどへ
0x1657C65	10	ぼァえミぜを会あプ㎏
0x1657C71	11	たズ㎏、マィ％えあプ㎏
0x1657C82	12	ペ￥おたペ）ぽみペ￥よし
0x1657C8F	12	験のペ￥窄プ㎏ＥたＵ）❤
0x1657CA2	11	ズ㎏うしァ％Ｅお。）う
0x1657CC7	5	桂ぜプ㎏え
0x1657CCF	5	掲ぜプ㎏い
0x1657CD7	4	恵ぜプ㎏
0x1657CDF	5	軍ぜプ㎏Ａ
0x1657CE9	4	たォ（６
0x1657CEE	15	プ㎏ＥたＵ）ォきペ）みりペ）ボ
0x1657CFE	11	プ㎏ＥみＵ）バたプ㎏バ
0x1657D0A	7	プ㎏ＥたＵ）ヂ
0x1657D12	11	プ㎏ＥみＵ）ＩみＺ）ゲ
0x1657D22	43	Ｚ）ョたプ㎏えたぞ（Ｏの♂）ァみプ㎏ァたプ㎏ＥみＶ）ワみプ㎏ぜたプ㎏ＥみＶ）ヤたプ㎏Ｅ
0x1657D4E	7	Ｖ）ミたプ㎏Ｅ
0x1657D56	7	Ｖ）フたプ㎏Ｅ
0x1657D5E	7	Ｖ）ネたプ㎏Ｅ
0x1657D66	7	Ｖ）トたプ㎏Ｅ
0x1657D6E	7	Ｖ）タたプ㎏Ｅ
0x1657D7E	7	ぁ）ぜァう❤え
0x1657D88	6	ぃァァえヂき
0x1657D99	13	ぜァえぽァァえカァァえタソ
0x1657DBC	6	ツァァえあァ
0x1657DDD	8	んペ￥ふたプ㎏う
0x1657DF2	6	ぁちあみだ％
0x1657E02	25	ぁ）ボィァえたぜを雅。ぴ％あぜペ）あたペ￥えたゴ㎏
0x1657E3D	5	ぁペ￥・ぁ
0x1657E43	9	険ぃペ）あみペ）え
0x1657E59	4	たズ㎏わ
0x1657E62	12	ィ（うたペ）えぃペ）Ｍく
0x1657E8C	5	ぜァうっか
0x1657E94	23	ぃぜを臥。ぴ％あぜペ￥トたプ㎏トみプ㎏ト（プ㎏
0x1657EAD	8	Ｕペ￥タぃプ㎏そ
0x1657EE6	11	ぽ￥ＥＵＶちしぜペちＥ
0x1657EF2	6	・）Ｅぽ↑）
0x1657F0A	12	ぁ）りァァえとゥァえくい
0x1657F17	5	えボィァえ
0x1657F1D	8	みペ￥やたプ㎏え
0x1657F4A	6	ぁ）セィァえ
0x1657F51	8	みペ￥やたプ㎏え
0x1657F7E	6	ぁ）ァィァえ
0x1657F85	14	ぜを我Ｘペ￥む↑ゲ％くたふ㎏
0x1657F99	4	ァＲくか
0x1657F9E	5	ボ練たち（
0x1657FA5	7	ァＲくあぃペ￥
0x1657FAE	7	ペ￥てみち（あ
0x1657FBB	9	こえみゲ㎏くたプ㎏
0x1657FCE	14	ぁ）ズゥァうりＯヴうとＶプ㎏
0x1657FE1	7	Ｕボ㎏あみペ￥
0x1657FEF	14	こびみゲ㎏シぃゲ㎏タぃゲ㎏ト
0x1657FFE	6	ボ㎏トぃゲ㎏
0x165800F	5	は❤Ｕプ㎏
0x1658015	27	ぃゲ㎏えぃゲ㎏」Ｕプ㎏あたペ￥Ｅた→）◎Ｕプ㎏Ｅた❤）
0x1658032	5	ア￥え婆え
0x1658039	18	たペ￥Ｅた→）…ぃペ￥う闘）くみゲ％
0x1658052	7	ア￥Ｍえ、ちあ
0x165806B	12	はゾぃペ￥う闘）え婆㎞え
0x1658083	5	こしぃボ㎏
0x165809A	9	ぁ）うたＲ部たゲ㎏
0x16580A9	4	みペ㎏し
0x16580B2	17	ペ会ぽＲ鞠ヴ（峨ぜペ期ぃペ￥う闘）
0x16580C9	13	みペ核。ゼ㎏…ぃペ￥う闘）
0x16580EA	16	ペ）そぽを安ァＲ　ェァうっォァう
0x16580FD	7	ぜを臥。ぴ％ご
0x1658106	10	プ㎏タみズ㎏がたプ㎏
0x165812A	6	ぁ）ふたプ㎏
0x165813A	6	ィ㎏え。ゴ％
0x165815E	7	ぁ）やＱヴうか
0x165816E	7	ぁ）やＱヴうお
0x165817E	7	ぁ）やＱヴうえ
0x165818E	7	ぁ）やＱヴうう
0x165819E	7	ぁ）やＱヴうい
0x16581AE	7	ぁ）やＱヴうあ
0x16581BE	6	ぁ）やＱヴう
0x16581CE	49	ぁ）やＱヴうぃぜを臥。ぴ％あぃペ￥ァみペ）ネたプ㎏Ｇたゼ）てアペ）したペ￥ズあえ（クみプ㎏えたゾ・
0x165821E	6	ぁ）がたプ㎏
0x165826A	10	ぁ）やＵプ㎏Ｅぃ❤）
0x1658275	11	たペ￥Ｅた→）ねみプ㎏
0x165828B	6	）Ｅぃ→）あ
0x1658296	4	ぁ）くい
0x165829F	9	えわＵプ㎏Ｅぃ❤）
0x16582A9	11	たペ￥Ｅた→）みみプ㎏
0x16582C7	6	）Ｅぃ→）あ
0x16582D2	4	ぁ）くい
0x16582DB	9	えりＵプ㎏Ｅぃ❤）
0x16582E5	11	たペ￥Ｅた→）ふみプ㎏
0x16582FF	6	）Ｅぃ→）あ
0x165830A	4	ぁ）くい
0x1658313	9	えやＵプ㎏Ｅぃ❤）
0x165831D	11	たペ￥Ｅた→）ねみプ㎏
0x1658333	6	）Ｅぃ→）あ
0x165833E	4	ぁ）くい
0x1658347	33	えたぜを会ぃペ￥ズうえ（わぃプ㎏えたェ・りたプ㎏えみィ・あたペ￥う
0x1658373	5	顕たペ￥た
0x1658386	20	ぁ）❤ェァう㎞ェァう（ェァう鳶を臥。ぴ％
0x165839D	36	ズペ￥けミペ）ォ（プ㎏ォぜプ㎏ォタプ㎏けＵペ）あぃペ￥しみペ￥あぽた％て
0x16583C3	6	こきァペ）く
0x16583D2	11	ケ￥くぽぶ…ヅツり。く
0x16583EA	11	ケ￥あぽガ…ヅツり。い
0x16583FA	10	ケ￥えァペあけちザぬ
0x1658409	12	たョなくＵョなえぃョなペ
0x1658416	7	ペ）あズガ％の
0x165842E	14	ぁ）ズゥァうしォァうＡェァう
0x165843D	4	たペ￥た
0x1658442	6	プ㎏えたァ㎏
0x1658449	4	たァ㎏く
0x1658466	10	ぁ）ＩＴヴうョぃプ㎏
0x1658475	7	みペ￥いあペ￥
0x1658483	6	はあみゥ％み
0x16584A3	5	はえぃェ％
0x16584AD	7	みペ￥いあペ￥
0x16584BB	6	はあみゥ％み
0x16584E2	10	ァ（いちペ￥ぅつペ）
0x16584ED	7	みダ㎏あみＷ）
0x1658504	5	やぃプ㎏ペ
0x165850A	7	ぽ￥えぃェイペ
0x1658516	10	ぜだいちペ￥ぅたペ）
0x1658521	7	みダ㎏あみゥ）
0x1658596	19	ぁ）　ヴいズＴヴうえＶヴう鳶を臥。ぴ％
0x16585AD	16	ズペ）あァペ）いミペ）うタＥ）い
0x16585C3	5	険ぽペ）あ
0x16585CF	5	険ぽペ）け
0x16585D6	8	ペ）くたペ）チこ
0x16585DF	5	険ぜＥ）え
0x16585F6	6	ぁ）Ｉズ◎）
0x1658606	4	ペ）むけ
0x1658612	4	ペ）てけ
0x1658626	25	ぁ）突を臥。ぴ％あミペ）いタペ）うぽペ）Ｉた？）あ
0x1658657	5	険ぜペ）あ
0x1658663	4	険ぜペ）
0x16586B2	25	ぁ）椴を峨ァペ）あミペ）いタペ）うぽペ）あぼペ￥あ
0x1658702	13	ぁ）核ァうぃぜを臥。ぴ％ネ
0x165871F	5	はあたペ￥
0x165872A	7	ペ￥ぽぜプ㎏Ｋ
0x1658732	7	Ｙ）あサペ￥あ
0x1658751	4	た（￥わ
0x1658759	7	たァ㎏あくペ￥
0x1658761	4	たタ％み
0x1658769	4	たァ㎏Ｔ
0x1658796	7	ぁ）たぜを鑑く
0x165879F	8	険ぜペ￥みたプ㎏
0x16587AE	6	ウ￥あみぢつ
0x16587B5	9	みィなうぜペち７く
0x16587CA	11	ぁ）みォァうたぜを看く
0x16587D7	4	胡みプ㎏
0x16587E1	4	た（￥あ
0x16587E6	6	ウ）あたェぇ
0x16587ED	9	たゥゃうぜペぅベく
0x1658802	13	ぁ）みォァうぃぜを臥。ぴ％
0x1658811	5	ぽペ）ザく
0x1658817	14	孤たプ㎏しぜゼ㎏しぽィ㎏ジく
0x1658836	6	ぁ）っォァう
0x1658845	8	たァ㎏ヂたゥ㎏い
0x1658856	13	ぁ）ぱＹヴうぃぜを鎧。ぴ％
0x1658865	4	ぽペ）く
0x165886A	4	ゴ％ポか
0x165887E	4	ゴ㎏モく
0x1658883	5	険ぜペ）く
0x165888A	7	ゴ％えたパ㎏ヂ
0x1658892	6	ィ㎏えたゴ％
0x165889D	37	みペ￥ぽたプ㎏ヅＶェ（ヅぇも（ゾぅも（ももペ）わてペ）うへィ）がぃプ㎏もか
0x16588C3	5	険ぽペ￥あ
0x16588E2	4	ペ）ソく
0x16588F2	7	ぁ）わォァう駈
0x16588FC	15	ゲＷヴう椴を峨タペ）あぽペ）ヂ
0x165890E	6	プ㎏くァズ㎏
0x1658915	5	ミペ￥ぴく
0x165891B	5	険ぜペ）あ
0x1658923	8	脚ミペ）ぱァバ㎏
0x1658952	4	ペ）ぢく
0x165896E	7	キ￥ぱたデおわ
0x1658976	7	プおくたァおぱ
0x1658982	7	ュなエぽャ㎏か
0x165898A	4	ペ）レあ
0x1658996	4	ペ）ぇく
0x16589A6	15	ぁ）っォァうづォァうたぜを貝く
0x16589B7	6	険ぜペ）やあ
0x16589C2	4	ペ）らく
0x16589E6	7	ぁあびたズ㎏あ
0x16589F6	13	ぁ）っォァうぃぜを臥。ぴ％
0x1658A05	5	ぽペ）ちく
0x1658A0B	5	険ぜペ）あ
0x1658A16	4	ッ㎏すあ
0x1658A1E	4	ペ）たく
0x1658A2E	8	ぁ）突を臥。ぴ％
0x1658A39	5	ぽペ）えく
0x1658A3F	4	険ぜペ）
0x1658A4F	5	こあミペ￥
0x1658A55	4	タペ￥か
0x1658A5E	4	ペ）ェあ
0x1658A63	20	功ミァ㎏シタァ㎏トタァ㎏トたズ㎏タたァ㎏
0x1658AAA	11	ぁ）ミぜを峨タペ）・き
0x1658AB7	5	険ぽペ）が
0x1658ACF	6	こシタォ㎏か
0x1658AD6	8	ペ）えたペ）ムあ
0x1658AEE	4	ペ）❤き
0x1658AFA	10	ぁ）わォァうたぜを革
0x1658B16	4	ペ）だい
0x1658B27	7	こえたペ）があ
0x1658B5A	6	ぁ）わォァう
0x1658B61	10	ぜを臥。ぴ％ったプ㎏
0x1658B71	7	ぃゼ㎏バみダ㎏
0x1658B8E	4	ぁ）Ｄき
0x1658B98	4	え。ゴ％
0x1658BA2	13	ぁ）わォァうぃぜを臥。ぴ％
0x1658BB1	11	ぽペ）あぜペ）びたプ㎏
0x1658BC7	7	こごたプ㎏ケあ
0x1658BCF	4	元ぜッ㎏
0x1658BEA	4	ペ）ルあ
0x1658C06	10	ぁ）ふォァうＥＺヴう
0x1658C11	8	ぜを臥。ぴ％ゴき
0x1658C2C	4	え。ゴ％
0x1658C36	12	ぁ）っォァう鳶を臥。ぴ％
0x1658C45	17	ズペ）あァペ）いミペ）うタペ）ンき
0x1658C57	6	険ぜペ）ぁあ
0x1658C5F	9	胡たパ㎏エたガ㎏ぽ
0x1658C7F	5	綱タガ㎏み
0x1658C89	7	ぽど（ヤぽガ㎏
0x1658C91	12	みペ￥ワみガ㎏ペたプ㎏リ
0x1658C9E	4	ビ㎏えた
0x1658CA3	6	㎏バたプ㎏ヤ
0x1658CAD	8	たァ㎏ォみガ㎏ォ
0x1658CBE	12	ペ）くたペ）えみど％はあ
0x1658CCB	5	元ミガ㎏ミ
0x1658CDA	16	ペ￥えたッ％みみパ㎏くみだ％そく
0x1658CEB	17	険たペ￥ネたガ㎏フたガ㎏ミたガ㎏け
0x1658D0E	20	ガ㎏トたビ㎏タたガ㎏ョたガ％しみペ￥あく
0x1658D2E	4	ペ）ぱき
0x1658D48	4	タ♂ヴう
0x1658D4D	7	ぜを臥。ぴ％◎
0x1658D63	5	はあみペ￥
0x1658D69	8	みァ㎏Ｉたプ㎏Ｉ
0x1658D75	4	たァ㎏た
0x1658D7A	7	ペ￥Ａたプ㎏エ
0x1658D8A	7	ィ㎏びみィ㎏ぱ
0x1658D9A	14	プ㎏くたァ㎏えたァ㎏ゲみプ㎏
0x1658DAE	11	プ＋いみぜ。ォたプＺォ
0x1658DBE	11	ぜＵいみぜＵヤたプ㎏ヤ
0x1658DCA	18	プ㎏あぃぜ（クたプ㎏リぃィ㎏ヤみィ㎏
0x1658DE2	18	ィ㎏シみプ㎏えみう㎏クぃプ㎏ヤみゼ㎏
0x1658DF5	4	ぃゥ㎏ォ
0x1658DFE	7	ィ㎏わたプ㎏Ｅ
0x1658E0A	6	Ｖ）ごみプ㎏
0x1658E18	4	え。ゴ％
0x1658E22	21	ぁ）ぃォァうがォァうわォァう　ァうっォァう
0x1658E52	6	ヴいミぜを危
0x1658E67	6	はＭぜプ㎏Ｇ
0x1658E9F	5	険ぽペ）お
0x1658EEE	6	ぁ）しみヂ㎏
0x1658F0E	7	プ㎏えぽァ㎏お
0x1658F22	26	ぁ）みォァうっォァうわォァうりォァうごたプ㎏くみゼ㎏
0x1658F3D	4	たペ￥あ
0x1658F43	8	詰たペ）ぱみゾ㎏
0x1658F5E	7	ア￥ぱたズおし
0x1658F66	7	プおくたァおぱ
0x1658F76	6	ぁ）っォァう
0x1658F7D	18	ぜを臥。ぴ％エたプ㎏くぃゼ㎏う（ペ）
0x1658F91	4	Ｕペ￥あ
0x1658F97	8	休Ｕペ）ぱ（ピ㎏
0x1658FA7	10	こエみピ㎏エたズ㎏あ
0x1658FBA	11	シ￥ぱぃァおねたプおく
0x1658FC6	11	ィおぱたボなぱたァなぱ
0x1658FD2	6	ゲなえ。ゴ％
0x1658FDE	6	ぁ）っォァう
0x1658FEF	5	こたたゾ㎏
0x1659005	8	たペうえたァおい
0x1659015	6	ぜを臥。ぴ％
0x165901D	8	みズ㎏い（ペ）し
0x1659027	5	均Ｕピ㎏あ
0x1659033	6	はタぃピ㎏せ
0x165903D	12	ＵァおトＵェなえたズ㎏せ
0x165904A	11	ア）えぃァおタぃゲない
0x1659058	4	し（ペ）
0x1659066	6	ペ）え。ゴ％
0x165907F	5	こトたゾ㎏
0x1659095	12	たペうえたァおシたゥおい
0x16590A9	4	Ｕズ㎏い
0x16590B6	6	ぁあトＵボ㎏
0x16590C3	10	こエぃボ㎏エみゼ㎏い
0x16590DB	5	はえみズ㎏
0x16590E5	11	たァおトたゥなタみィ㎏
0x16590FE	6	ぁ）タみボ㎏
0x165911E	6	ぁ）したプ㎏
0x1659132	23	ぁ）やォァうえたィ％ぜたァ㎏づみァ㎏ぜみだ％え
0x165914A	22	つ￥えみだつがみァ㎏あたち％ずたペてまたペう
0x16591A9	8	みそ）えみィ㎞「
0x16591B5	10	闘）ぜ。ィ㎏い闘）あ
0x16591FE	21	ペ）え馴％椴を峨タペ）あぽペ）いミペ）せか
0x1659217	13	険ぜペ）あァき％くミャ％き
0x1659232	4	ペ）さか
0x1659256	7	オ￥たたデなね
0x165927A	17	ぁ）椴を峨タペ）あぽペ）いミペ）盗
0x165928F	13	険ぜペ）あァき％くミャ％き
0x16592CE	7	オ￥たたデなね
0x16592E6	8	ァ％とたデ㎏ゃろ
0x16592EF	5	孤たャ㎏ふ
0x165930A	4	ペ）＋お
0x165931A	8	ぁ）突を臥。ぴ％
0x1659325	13	タペ）あぽペ）いミペ）♀お
0x1659333	9	険ぜペ）あミき％き
0x165934A	4	ペ）Ｚお
0x165935F	9	戸みデ㎏とたデ㎏い
0x1659376	4	ァ（つろ
0x165937E	7	デ㎏あアァ・ふ
0x165939A	4	ペ）Ｆお
0x16593B1	11	Ｕペ￥えＵァ㎏えぃズ㎏
0x16593DE	10	ぁ）たみゼ㎏とたゼ㎏
0x16593EA	10	イ￥ミたァおとたゥな
0x1659402	6	ぁ）ミみズ㎏
0x165940A	14	イ￥フたァおたたゥなとみィ㎏
0x1659426	13	ぁ）ミぜを峨タペ）フぽャ％
0x1659435	4	ぜペ￥え
0x1659462	9	ぁ）ぃぜを臥。ぴ％
0x165946D	5	ぽペ）ラお
0x1659473	5	険ぜペ）ぽ
0x165947E	6	ズ㎏くたヅ㎏
0x165948B	17	はしたヅ㎏あたぞ％したッ㎏したヅ㎏
0x16594BE	4	ペ）ネお
0x16594CE	12	ぁ）っォァう突を臥。ぴ％
0x16594DD	5	ぽペ）サお
0x16594E3	5	険ぜペ）フ
0x16594EA	6	プ㎏えミズ㎏
0x16594F1	4	タペ￥く
0x16594FF	6	はくミッ㎏し
0x1659533	6	こネぽュ㎏お
0x165954A	4	ペ）でお
0x165955A	6	ぁ）っォァう
0x1659561	11	みペ￥えみァ㎏えたズ㎏
0x165957D	7	ぜを臥。ぴ％エ
0x16595A8	4	え。ゴ％
0x165960E	15	ぁ）せおペ￥とたプ㎏せおア￥あ
0x165962A	10	ぁ）Ｑパヴい伯ァうあ
0x165965E	7	ぁ）ごたプ㎏ご
0x1659666	19	プ㎏あみぜ（せおペ￥ったプ㎏せおア￥あ
0x165967A	6	ペィわたプ㎏
0x16596AA	5	ァう伯ァう
0x16596DD	10	ぜを臥。ぴ％ズたプ㎏
0x16596FF	5	険たペ）あ
0x1659713	5	険たペ）あ
0x1659727	5	険たペ）き
0x165973B	5	険たペ）き
0x165974F	5	険たペ）く
0x1659763	5	険たペ）く
0x1659770	4	え。ゴ％
0x165977A	16	ぁ）ゲッァう椴を峨ァペ）あミペ）
0x165978D	7	タペ￥かぽペ）
0x1659795	5	ぜ（￥Ｂえ
0x165979B	13	鉱ちプ㎏くＶゼ・えたペ）あ
0x16597AD	7	ミボおたみボ㎏
0x16597C3	6	Ｏえたボ㎏あ
0x16597CF	17	８したペ￥ドああ（あぃゥ（あみゾ・
0x16597E7	5	Ｏくたダ㎏
0x1659803	5	脚ミボ㎏あ
0x165980F	6	ギしミボ㎏き
0x165981B	6	れまミち％ざ
0x1659823	5	はえ（ゼ㎏
0x1659831	4	ミピ㎏あ
0x165983B	6	はくミゼ㎏ぜ
0x1659847	6	ぐまたぬ％ぇ
0x165984F	5	はきタャ（
0x1659863	5	★せたペ）
0x165986F	5	はえたダ㎏
0x165988B	5	脚ぃボ㎏あ
0x1659897	6	ギしぃボ㎏う
0x16598A3	6	れまぃち％ひ
0x16598AB	5	はえ（ゼ㎏
0x16598B9	4	ぃピ㎏あ
0x16598C3	6	はくミゼ㎏ぜ
0x16598CF	6	ぐまぃぬ％た
0x16598DF	6	こきたィ（せ
0x16598EB	13	れきタャ（みたば％あぽッ（
0x1659907	5	★せたペ）
0x1659916	8	カ）おぜペあアえ
0x165992A	12	ぁ）ズッァう突を臥。ぴ％
0x1659939	13	ぜペ）あタペ）いぽペ）だえ
0x1659947	20	貢たプ㎏えムゼ・またャ％まタＶ￥まぽＺ￥
0x165995D	12	ぜペ￥え（ド㎏したペ￥つ
0x165996B	16	吸ぃド㎏ヂあい（いＵェ（いみダ・
0x1659983	5	８かたで（
0x1659991	7	みャ㎏えみャ㎏
0x1659999	17	たボ㎏くたャ㎏えタゲ㎏くみゲ㎏んえ
0x16599B3	5	橘ぜォ％せ
0x16599D2	26	ぁ）ズッァう椴を峨ミペ）あぽペ）いぜペ）うタペ）ねえ
0x16599EF	28	貢たプ㎏きアィ・しみペ￥デいあ（とぃッ％たぃッ㎏えタッ㎏
0x1659A11	8	（（￥くＵペ）き
0x1659A1B	37	吸タヅ㎏バいう（うミャ（う（ャ・くＵュ㎏くぃド㎏えぃュ㎏あァョ％えぃヅ㎏う
0x1659A7A	13	ぁ）ズッァうぃぜを臥。ぴ％
0x1659A89	8	ぜペ）あぽペ）棚
0x1659A93	8	戸たプ㎏えちゼ・
0x1659AA1	4	ぽィ㎏棚
0x1659AB6	12	ぁ）ズッァう突を臥。ぴ％
0x1659AC5	13	ミペ）あぜペ）いタペ）／う
0x1659AD3	5	険ぽペ）ぱ
0x1659ADA	6	プ㎏きあズ・
0x1659AE5	12	ぜズＪみタど％たたズ㎏し
0x1659AF2	7	ペ￥ヂたら（く
0x1659AFA	7	ド㎏かたペ）ヲ
0x1659B0A	7	ド㎏かたペ）ぱ
0x1659B1A	4	ペ）、う
0x1659B2A	12	ぁ）ズッァう突を臥。ぴ％
0x1659B39	13	タペ）あぽペ）いミペ）Ｗう
0x1659B47	11	険ぜペ）筒プ㎏かちゼ・
0x1659B6D	8	ぽゼＪたたゼ㎏し
0x1659B76	7	ペ￥ヅたよ（み
0x1659B82	7	ァ％まミＵ￥え
0x1659B8D	4	ぽペ）う
0x1659B93	5	脚たヅ㎏あ
0x1659B9F	5	』えぽヅ㎏
0x1659BB6	4	ペ）８う
0x1659BC3	9	脚たヅ㎏きたぞ（ぜ
0x1659BD3	6	れおたペ）ば
0x1659BE3	12	脚ミッ㎏きみッ（くたゥ㎏
0x1659C12	11	ぽ￥えみァなえみャおく
0x1659C1E	7	デ㎏おたペ）じ
0x1659C2E	4	ペ）ゲう
0x1659C42	6	ぁ）ズッァう
0x1659C49	6	ぜを臥。ぴ％
0x1659C55	4	（ペ￥う
0x1659C63	9	ブし（ペ）えＵボ㎏
0x1659C73	5	はえＵィ㎏
0x1659C85	12	たゲ㎏くぃゼ㎏うみィ（し
0x1659C97	21	はくみボ㎏いみェ（くみィ㎏えＵボ㎏えＵィ㎏
0x1659CBB	14	こえたザ㎏くみピ㎏いぃザ（あ
0x1659CCF	17	はくたゼ㎏あたゥ（くたザ㎏えＵザ㎏
0x1659CEE	6	ペ）え。ゴ％
0x1659CFA	6	ぁ）えぃゼ㎏
0x1659D35	4	たァなあ
0x1659D3E	15	ぁ）たたプ㎏Ｅぃ、）あみペ￥つ
0x1659D56	6	ぁ）Ｉッァう
0x1659D5D	8	ぜを会。ぴ％ぐう
0x1659D67	16	降たプ㎏Ｅた、）Ｅた←）ォたプ㎏
0x1659D79	11	Ｕゼ㎏えぃゼ㎏ワみプ㎏
0x1659D85	23	た（￥いみう（あたし（えたゴ㎏くみゴ㎏ネたプ㎏
0x1659D9D	8	たゼ㎏くたち％け
0x1659DA7	10	こＥた×）いのち％か
0x1659DB3	17	はえぃパ㎏くみパ㎏あたペ￥あぃダ（
0x1659DC5	13	た０％えぃゴ㎏くたゴ㎏やう
0x1659DD3	5	元みパ㎏く
0x1659DDD	8	ねペ）めねィ）Ｅ
0x1659DE6	14	×）Ｕまィ）いくァ）し。ゴ％
0x1659E0D	10	ぜを臥。ぴ％トたプ㎏
0x1659E19	7	Ｕゼ㎏えみゼ㎏
0x1659E21	4	ぃペ￥あ
0x1659E31	4	Ｕィ㎏え
0x1659E47	25	こがみプ㎏ＥぃＷ）ったプ㎏ＥぃＶ）Ｖたペ￥ＥたＷ）
0x1659E66	6	ペ￥みたプ㎏
0x1659E74	4	え。ゴ％
0x1659E7E	12	ぁ）ＵッァうＱッァういあ
0x1659E8F	6	えシ！ヴうえ
0x1659E9E	6	ぁ）Ｍッァう
0x1659EA5	7	ぜを臥。ぴ％フ
0x1659EAE	6	プ㎏Ｅた。）
0x1659EBB	9	はあたペ￥ＥたＵ）
0x1659ECB	5	険みペ￥ぱ
0x1659ED5	16	みァ㎏えみァ㎏づたプ㎏ＥみＶ）ぜ
0x1659F07	5	険たペ￥み
0x1659F11	7	たァ㎏え。ゴ％
0x1659F1E	12	ぁ）ＭッァうＵッァういあ
0x1659F2F	13	えシ！ヴうＱッァうあぜを我
0x1659F46	9	ぁ）ぃぜを臥。ぴ％
0x1659F51	4	たペ￥（
0x1659F56	7	プ㎏ＥたＵ）た
0x1659F63	4	塞たプ㎏
0x1659F77	4	差みプ㎏
0x1659F87	10	こしＵヂ㎏たぃヂ㎏う
0x1659FA7	4	泣たヂ㎏
0x1659FC5	11	ぽヂ㎏ふみヂ㎏みたヂ㎏
0x1659FF2	7	ぁ）ふみヂ㎏み
0x1659FFD	4	たペ￥あ
0x165A00D	4	ぽォ㎏え
0x165A012	7	ペ）あみペ）ハ
0x165A03A	4	ぁ）かあ
0x165A042	13	ァう→ッァうぃぜを臥。ぴ％
0x165A051	5	ぽペ）ンい
0x165A057	4	険ぜペ）
0x165A076	26	ぽ￥とみヅおぽたプおえみィおとたヅなとたァなとたヅ㎏
0x165A09B	5	はぃたプ㎏
0x165A0C2	4	ペ）ヌい
0x165A0D2	12	ぁ）→ッァう鳶を臥。ぴ％
0x165A0E1	20	ぜＥ）あズペ）いァペ）うミペ）みタパ㎏い
0x165A10B	21	険ぽペ）ふミォ㎏みタォ㎏やズォ㎏りァォ㎏や
0x165A135	8	たペ￥あみペ）む
0x165A142	4	ペ）ばい
0x165A152	21	ぁ）椴を峨ミＥ）あタペ）いぽペ）うァペ）い
0x165A17F	4	険ぜペ）
0x165A191	4	ァュ㎏ね
0x165A19F	5	険みペ）き
0x165A1A6	15	ペ）いぃデ（あみ３（うたペ）う
0x165A1BA	4	ペ）るい
0x165A1C6	24	ぁ）椴を峨ァペ）あミペ）いタペ）ふみバ㎏みたバ㎏
0x165A1F3	9	胡ミバ㎏りタバ㎏あ
0x165A207	10	れふぽバ㎏みぜバ㎏き
0x165A212	16	ぽ（かたＶ（おみペ）えぃペ）・よ
0x165A223	8	顕みペ￥いみズ（
0x165A22E	31	ポ％ヅぇィ（ヅたむ（ヂつむ（うミド（あタ４（しミョ㎏たタョ㎏ペ
0x165A255	4	たペ￥と
0x165A25B	5	久みヂ㎏た
0x165A262	6	ヂ㎏いぃキ（
0x165A269	4	み♂（あ
0x165A27E	11	ョ㎏とァォ㎏ねぜョ㎏と
0x165A28E	7	ぽ￥ねァァなと
0x165A29D	4	ァァ㎏く
0x165A2AB	4	泣ぜヂ㎏
0x165A2C2	14	プ㎏えたズ㎏えァァ㎏とたョ㎏
0x165A2D2	7	ア￥ねァィなう
0x165A2DB	5	はえァァ㎏
0x165A2E1	4	ァァ㎏く
0x165A2F2	6	ぁ）→ッァう
0x165A312	6	ぁ）◎ッァう
0x165A319	11	ぜを臥。ぴ％がたプ㎏Ｅ
0x165A33B	5	険たペ￥ふ
0x165A345	8	たァ㎏えたァ㎏た
0x165A354	4	え。ゴ％
0x165A35E	17	ぁ）◎ッァう→ッァうぃぜを臥。ぴ％
0x165A377	20	険みペ￥ミぃプ㎏ＥみＸ）しＵヂ㎏たぃヂ㎏
0x165A38D	8	ぽシ（あぜＸ（あ
0x165A39D	6	 険たペ￥あ
0x165A3AA	7	」（びたプＪお
0x165A3B3	5	Ｏあくペ￥
0x165A3C5	8	くペＦみねペＦわ
0x165A3CE	11	プ㎏ＥたＵ）Ｖたペ￥と
0x165A3DA	7	プ㎏ＥたＵ）た
0x165A3F2	4	ぁ）かあ
0x165A403	10	えたぜを峨ぜペ）ズあ
0x165A40F	4	午たプ㎏
0x165A415	4	たゼ㎏あ
0x165A41A	6	エ）りたプＪ
0x165A421	7	みゼＪあみゥＧ
0x165A429	7	みィＪとたプ㎏
0x165A431	5	ぜィ㎏グあ
0x165A446	26	ぁ）！ッァう❤ッァうしぃズ㎏うぃア（糖。）あみだ（う
0x165A47E	13	イ￥とたプＪあみゥＥ妨。）
0x165A49A	4	ぁ）きあ
0x165A4A0	7	頓を臥。ぴ％え
0x165A4AA	9	ペ￥ロ 康むプ㎏Ｅ
0x165A4BE	6	Ｗ）ぽちプ㎏
0x165A4DE	4	ペ）あし
0x165A4EF	12	胡ゼプ㎏えタペ￥とアプ㎏
0x165A4FD	8	ぜペ￥ねＦプ㎏げ
0x165A507	5	型ァ『）く
0x165A513	5	険ミペ）こ
0x165A551	4	あ』）あ
0x165A56A	5	ペ）ぼ 坤
0x165A57E	9	ペ）ぎ 険ミブ㎏こ
0x165A58F	4	険ぜギ㎏
0x165A61F	15	え❤ッァう（ッァう突を臥。ぴ％
0x165A631	5	ミペ）かあ
0x165A637	4	険ぽペ）
0x165A652	6	ぽ￥ねタズな
0x165A65D	4	ぜペ￥き
0x165A663	5	脚たズ㎏き
0x165A67A	10	カ￥ねタデなえタペあ
0x165A69E	13	ぁ）（ッァうぃぜを臥。ぴ％
0x165A6AD	4	ぽペ）・
0x165A6B3	12	険ぜペ）あたペ￥やたッ㎏
0x165A6F6	9	ぁ）ぃぜを臥。ぴ％
0x165A701	7	ぽペ）あぜＥ）
0x165A722	10	ぁ）たぜを峨ぜペ）え
0x165A72E	21	ペ￥ぜたプ㎏に 阪Ｖ」）あごし％ったプ㎏Ｅ
0x165A746	4	、）ずみ
0x165A751	4	えゥ）Ｘ
0x165A776	6	ぁ）発ヴうえ
0x165A77F	7	え鳶を臥。ぴ％
0x165A789	16	ァペ）あミペ）いタペ）うぽペ）Ｂ
0x165A79B	4	険ぜペ）
0x165A7BA	7	プ㎏Ｅズ。）け
0x165A7C7	13	顕たペ￥ふたョ㎏Ｅム◎）け
0x165A7DE	6	ョ㎏Ｇチ◎）
0x165A7E5	4	ぽョ㎏み
0x165A817	7	え鳶を臥。ぴ％
0x165A821	16	ァペ）あミペ）いタペ）うぽペ）ュ
0x165A833	4	険ぜペ）
0x165A852	7	プ㎏Ｅズ。）け
0x165A85F	13	険たペ￥ふたョ㎏Ｅム◎）け
0x165A876	6	ョ㎏Ｇチ◎）
0x165A87D	4	ぽョ㎏み
0x165A8CA	10	ぁあとみズ㎏ねたズ㎏
0x165A8D6	7	ア￥とみィなと
0x165A8DE	6	プおえみァお
0x165A8E6	7	イ￥ねたゥなえ
0x165A8F6	6	ぁ）（ッァう
0x165A8FD	18	ぜを臥。ぴ％ぃたプ㎏えぃゼ㎏とぃァ㎏
0x165A911	8	みペ￥ねみァ㎏え
0x165A930	4	え。ゴ％
0x165A93A	6	ぁ）（ッァう
0x165A941	10	ぜを臥。ぴ％ヤたプ㎏
0x165A94D	4	ぃゼ㎏な
0x165A953	9	久みズ㎏したダ㎏い
0x165A971	4	ち。）あ
0x165A97B	14	』とたダ㎏とたァ㎏ねぃァ㎏と
0x165A997	5	はやたプ㎏
0x165A9A7	4	泣ぃダ㎏
0x165A9B8	4	え。ゴ％
0x165A9C2	7	ぁ）（ッァうえ
0x165A9D2	6	ぁ）」ッァう
0x165A9D9	7	ぜを臥。ぴ％び
0x165A9E2	6	プ㎏Ｅた。）
0x165A9EF	9	はあたペ￥ＥたＵ）
0x165A9F9	4	たペ￥ぃ
0x165AA01	8	たァ㎏えたァ㎏え
0x165AA0A	9	ペ￥もぜ険たペ￥ふ
0x165AA19	4	たァ㎏ね
0x165AA21	7	たァ㎏え。ゴ％
0x165AA2E	18	ぁ）」ッァう（ッァう❤ッァう！ッァう
0x165AA42	10	そ）ァたＵ￥あ闘）ァ
0x165AA56	10	そ）ァたァ￥あ闘）ァ
0x165AA69	7	たそ）ァみＶ￥
0x165AA71	7	みゥ）い闘）ァ
0x165AA82	10	そ）Ｕたァ￥あ闘）Ｕ
0x165AA95	7	たそ）ＵみＶ￥
0x165AA9D	7	みゥ）い闘）Ｕ
0x165AAB9	12	ぜを臥。ぴ％えたペ￥ずゆ
0x165AAC8	6	さ 元。ゴ％
0x165AAD9	6	ぜを臥。ぴ％
0x165AAFF	7	顕きペ￥いぜ険
0x165AB0A	6	（￥ーぜ校い
0x165AB20	4	え。ゴ％
0x165AB2A	13	ぁ）ミぜを峨トペ）しぽペ￥
0x165AB39	4	ぜペ￥お
0x165AB3E	12	ペ）かたペ）えみペ）ウあ
0x165AB5D	10	ぜを臥。ぴ％ヴしあ％
0x165AB69	8	えペ）みくペ）た
0x165AB72	7	ぽ￥あたペうと
0x165AB7A	6	プおＥたＵあ
0x165AB88	4	え。ゴ％
0x165AB92	6	ぁ）湿ァうえ
0x165ABA2	5	ぁ）湿ァう
0x165ABA9	7	ぜを臥。ぴ％り
0x165ABB2	6	プ㎏Ｅた。）
0x165ABBF	10	はあたペ￥ＥたＵ）し
0x165ABCA	8	ペ￥たたプ㎏トあ
0x165ABD4	4	え。ゴ％
0x165ABDE	9	ぁ）　ァうＡ㎏ヴう
0x165ABE9	6	ぜを臥。ぴ％
0x165ABF2	4	ペ￥ナも
0x165AC0F	52	厳たペ￥ヂああ（おたィ％ィたペ）あてィ％Ｅろ、）ぇわＷ￥ＥろＶ）Ｅろ、）いるＷ￥ＥろＶ）Ｅろ、）Ｅひ、）
0x165AC4B	17	はしたペ￥ヂあう（やたプ㎏あぜェ（
0x165AC93	20	鹸たペ￥ヂああ（いみィ％びたプ㎏いむィ（
0x165ACBB	17	はしたペ￥ヂあう（やたプ㎏あぜェ（
0x165ACF9	4	ぃペ￥い
0x165AD11	4	Ｕペ￥い
0x165AD2A	7	ぁ）いＵィ（し
0x165AD3E	7	ぁ）いＵィ（し
0x165AD56	16	ぁ）梼を牙ズィ（０Ｗペ）ゲＷィ（
0x165AD69	28	みペ）いぃペ）いぜペ）いぽペ）いタペ）いミペ）いァペ）し
0x165ADB9	12	Ｕし％あっゲ）Ｆぃぜ）あ
0x165ADD7	6	ぐあとィ）い
0x165ADEE	11	ぁああねィ）うぃ…￥え
0x165ADFB	5	こうみだ（
0x165AE01	8	Ｕェ（えたァ㎞し
0x165AE12	7	つ￥ＧたＵたあ
0x165AE4D	4	Ｕし％あ
0x165AE52	23	た￥ＦぃぽちもっペちＥぃ。あうっゲ）Ｆぃぞ）あ
0x165AE79	4	Ｕむ（あ
0x165AE86	15	Ｕ￥ＧＵ。（わっペ）いみイ％お
0x165AED3	6	こあぃ…￥の
0x165AEDB	18	こうみだ（あＵェ（Ｇぃ。（ＧぃＶ（し
0x165AF16	7	ぁあうぃ…￥お
0x165AF1F	18	こうみだ（あＵェ（えぃズ㎞えぃィ㎞し
0x165AF3A	11	つ￥Ｇぃ。たＧぃＶたあ
0x165AF4A	7	ぁあＥみ、）Ｅ
0x165AF76	23	ぁ）や叱う瀞を雅。ぴ％えポプ㎏えアプ㎏ぞヨペ￥
0x165AF91	15	タペ￥うァ（￥いズ（￥珀プ㎏Ｅ
0x165AFA2	7	』）あけた％Ｅ
0x165AFAA	7	』ちうけァてＥ
0x165AFB2	7	★ちけたペちこ
0x165AFBF	9	坤た』）あふち％い
0x165AFCF	5	弦たペ）う
0x165AFD7	4	桔たド㎏
0x165AFE3	5	厳たペ）く
0x165B046	7	』）あけた％Ｅ
0x165B04E	7	』ちうけァてＥ
0x165B05F	9	坤た』）いたち％あ
0x165B073	4	桔たパ㎏
0x165B08E	4	ぁ）ォあ
0x165B093	6	え蜥ァうョあ
0x165B09D	6	ぜを臥。ぴ％
0x165B0A5	8	ぃパ㎏まぃＸ￥ま
0x165B0B6	7	ゴ㎏みぃＵ￥あ
0x165B0BE	6	い％ァいェ）
0x165B0C6	4	ゴ㎏ずみ
0x165B0CB	5	％ずうＶ￥
0x165B0D6	7	ゴ㎏クたプ㎏Ｅ
0x165B0DE	7	、）あけた％Ｅ
0x165B0E6	7	、ちうけァてＥ
0x165B0FB	13	後たプ㎏Ｅた、）いたち％い
0x165B117	8	桔みパ㎏ねたプ㎏
0x165B12A	6	ペ￥え。ゴ％
0x165B136	4	ぁ）ォあ
0x165B13F	10	えあぃペ￥てみペ）と
0x165B14A	10	プ㎏ああァ（ョうズ㎏
0x165B159	4	ぃペうう
0x165B166	9	ヴいぃぜを臥。ぴ％
0x165B17B	8	功たプ㎏えアィ・
0x165B18B	22	こごぃプ㎏ゲもダ㎏あたペ￥ちとゥ）ゲてェ㎏お
0x165B1CA	5	ぁ）蜥ァう
0x165B1DB	5	険ぽペ）Ａ
0x165B1E2	6	プ㎏Ｅた。）
0x165B1EF	9	はあたペ￥ＥたＵ）
0x165B1F9	4	みペ￥ヂ
0x165B1FE	11	プ㎏ゲもァ㎏いたペ）ゲ
0x165B20A	11	プ㎏いちァ・あみゥ％み
0x165B21B	6	Ｏワたプ㎏ワ
0x165B251	4	ヴペ￥く
0x165B257	5	杵えペ）Ｅ
0x165B272	10	ぽ）かぜペちあぜづ％
0x165B292	5	ぁ）粘ァう
0x165B29A	7	ヴい蜥ァうくＹ
0x165B2A7	6	え→寒うァあ
0x165B2B1	15	たペ）うけペ￥あねペ）むねペ）
0x165B2C6	5	ぁ）ふ嘱う
0x165B2CD	8	ぃ（）たみプ㎏Ｅ
0x165B2E6	4	ぁ）っあ
0x165B2FE	7	プ㎏Ｅた。）ァ
0x165B306	7	ち％いぶペてさ
0x165B311	4	なォ）し
0x165B322	4	ぁ）ゅあ
0x165B373	5	険みペ）づ
0x165B386	6	ゴ㎏がぃプ㎏
0x165B392	6	プ㎏うＵゾ（
0x165B3A6	6	ペ￥したプ㎏
0x165B3AE	6	ィ㎏し。ゴ％
0x165B3BA	15	ぁ）ヤャァうリャァうご嘱うんく
0x165B3CC	4	わＵプ㎏
0x165B3D1	11	Ｕ❤㎏ァＵふ％あＵペて
0x165B3DD	24	ＵペうゲＸペ）ェぇゲ）いめェ）あちゥ）あたァ）え
0x165B3FE	4	ぁ）あお
0x165B403	5	ええたプ㎏
0x165B415	11	ぜを臥。ぴ％ぃたプ㎏Ｅ
0x165B42E	4	ペ￥れひ
0x165B433	5	顕しペ￥き
0x165B448	4	え。ゴ％
0x165B452	4	ぁ）えう
0x165B457	4	えァ９き
0x165B462	6	ぁ）そでァう
0x165B469	7	ぜを臥。ぴ％ゆ
0x165B486	4	ペ￥けひ
0x165B48B	5	古たプ㎏Ｅ
0x165B49A	6	Ｖ）え。ゴ％
0x165B4A6	4	ぁ）えう
0x165B4B2	14	ぁ）ぬでァうぃぜを臥。ぴ％ち
0x165B4C3	9	険ぽペ￥あぜペ￥お
0x165B4CE	7	ペ）えたペ）Ｋ
0x165B4D7	5	顕ぽッ％た
0x165B4E5	4	たペ￥と
0x165B4ED	4	たＵ㎏た
0x165B502	4	ぁ）くお
0x165B50B	5	えしたプ㎏
0x165B51E	4	ぁ）あお
0x165B523	5	えしたプ㎏
0x165B536	4	ぁ）あお
0x165B543	5	８エみプ㎏
0x165B572	6	ぁ、やみプ㎏
0x165B579	11	Ｕゾ㎏みみプ㎏いぃゲ（
0x165B5A8	6	椴を較たプ㎏
0x165B5B5	20	ぜペ￥づタプ㎏あミペ￥ぜぽプ㎏ぬえペ）お
0x165B5CF	14	こえゥペ）あうョ％いと。㎏え
0x165B5E3	4	顕てョ％
0x165B5E9	8	えＶ㎏あぜォ％た
0x165B5FE	11	ぁ）２ャァうＭャァうぜ
0x165B60D	7	いペ）あうァ％
0x165B61A	6	ぁ）エたプ㎏
0x165B633	18	％いいペ）あうァ％いとＵ㎏あみゥ％た
0x165B651	28	ぃペ￥みみプ㎏うた…・ういペ）あうァ％いとＵ㎏あぃェ％た
0x165B676	9	ぁ）蛄ァう６ャァう
0x165B681	12	いペ）あうァ％うえ。㎏ァ
0x165B69A	9	ぁ）たぜを潟みプ㎏
0x165B6A5	7	たＷ・クみプ㎏
0x165B6B2	6	イ￥いたペポ
0x165B6B9	15	だペ）あもォ％いとＷ㎏ぜみプ㎏
0x165B6D3	18	』あみペ￥つぃペ）わみプ㎏いみて（え
0x165B6E7	5	こやみプ㎏
0x165B6F3	4	顕てォ％
0x165B702	14	ぁ）６ャァう蛄ァう２ャァうぜ
0x165B714	8	Ｍャァうあねチ％
0x165B72E	9	ぁ）ぃぜを臥。ぴ％
0x165B739	8	ぽペ）いぜペ）タ
0x165B742	7	プ㎏おたＵ・シ
0x165B75A	7	ペ￥たゆペ）び
0x165B76B	14	こおいペ）あうァ％いや。㎏あ
0x165B7A6	11	ぁ）Ｍャァう２ャァうぜ
0x165B7B5	7	ぇペ）ふみプ㎏
0x165B7BD	7	Ｗゥ（あうェ％
0x165B7C5	8	えズ㎏いむＵ￥あ
0x165B7CE	6	ち％いるゥて
0x165B7DF	19	え突を臥。ぴ％いミペ）うタペ）ねぽパ㎏
0x165B7F5	7	だペ）ワみプ㎏
0x165B7FD	7	ぽＷ・リみプ㎏
0x165B80A	10	イ￥いぽペポフみプ㎏
0x165B815	7	たＷ・ネみプ㎏
0x165B827	10	』あみペ￥つみペ）エ
0x165B847	16	険たペ）おくペ）かいァ￥きえァ）
0x165B859	7	たィ）あうォ％
0x165B87A	18	ぁ）６ャァう蛄ァうＭャァう２ャァうぜ
0x165B890	18	突を臥。ぴ％あミペ）うタペ）ふぽパ㎏
0x165B8A5	7	だペ）ォたプ㎏
0x165B8AD	7	ぽＶ・ァたプ㎏
0x165B8BA	10	ア￥あぽペポヤたプ㎏
0x165B8C5	7	みＶ・ミたプ㎏
0x165B8D7	10	』あたペ￥ちたペ）シ
0x165B8F7	20	険みペ）きしペ）かいァ￥おくァ）かえァ）
0x165B90D	7	たゥ）あうォ％
0x165B932	18	ぁ）６ャァう蛄ァうＭャァう２ャァうぜ
0x165B948	22	椴を我ァペ）いミペ）うタペ）みたパ㎏わぽパ㎏
0x165B961	7	だペ）バみプ㎏
0x165B969	7	ぽＷ・ヂみプ㎏
0x165B976	10	イ￥いぽペポョみプ㎏
0x165B981	7	たＷ・ォみプ㎏
0x165B993	10	』あみペ￥つみペ）ミ
0x165B9B3	24	険たペ）やみパ㎏ュせペ）ャすァ）おくァ）いえァ）
0x165B9CE	6	ィ）あてォ％
0x165B9D5	4	えィ㎏り
0x165B9DA	23	パ㎏ありタ％あさィ％ＭみＵ）ねみパ㎏ＯみＵ）ふ
0x165BA02	18	ぁ）６ャァう蛄ァうＭャァう２ャァうぜ
0x165BA18	4	みみプ㎏
0x165BA1D	4	ぃゾ㎏ふ
0x165BA22	10	プ㎏ふたプ㎏ダたみ（
0x165BA2E	6	ゥ㎏みくペ）
0x165BA41	6	ゥァうすニの
0x165BA48	4	ソ婁ごみ
0x165BA4E	7	ぽ￥シたプＪ。
0x165BA5E	7	ぽ￥ぜたタＧび
0x165BA77	6	８ぜたぜ％ぃ
0x165BA96	7	ぜ％みたタ％た
0x165BAB2	14	ぁ）くンァうたぜを峨ぜペ）タ
0x165BAC9	4	ぜペＦあ
0x165BAD5	4	ぜペＸぱ
0x165BAE3	5	坂た（￥あ
0x165BAEA	7	エ）うたペＨき
0x165BAF3	6	Ｏラた（￥あ
0x165BAFA	7	エ）いたペＨう
0x165BB03	6	Ｏげた（￥あ
0x165BB0A	6	エ）あたペＨ
0x165BB11	7	たペ１あえァ）
0x165BB36	13	ぁ）スでァうぃぜを臥。ぴ％
0x165BB53	8	橘ぜづ％うしァ％
0x165BB7B	12	険みペ￥あねペ￥あ（ズ（
0x165BB89	23	Ｕ０％Ｚずペ）ピなァ（ピうみ（ボおみ（た（づ％
0x165BBA9	28	みホ％ぃぇペ）ぅイペ）みたツ％たアッ）みただ％ぃアッ）に
0x165BBD1	29	ぽ（￥みぜホ％なＹペ）みぃト％ゃＸゲ）みぃづ％なＸゲ）しぃ
0x165BBEF	6	（なエあ（い
0x165BC03	14	はちセペ）たじペ）ぅっェ）み
0x165BC12	7	ぷ％ちぃェ）あ
0x165BC23	5	桔たペ￥た
0x165BC35	4	ぽペぅう
0x165BC6A	10	ぁ）ケでァうミぜを楽
0x165BCA7	4	顕ぜペ￥
0x165BCAD	8	ぽペ￥おタペ）へ
0x165BCC7	6	杵タペ）Ｍう
0x165BCD6	4	ペ）ぐさ
0x165BCF2	6	プ㎏あたペ￥
0x165BD16	6	プ㎏いたペ￥
0x165BD26	9	ぁ）漆ァうフ←ヴう
0x165BD31	7	ぜを臥。ぴ％ね
0x165BD3D	10	たゴ％あみペ￥ぱぜ険
0x165BD4A	6	パ㎏え。ゴ％
0x165BD56	6	ぁ）漆ァうえ
0x165BD66	10	ぁ）しュァうバ』ヴう
0x165BD79	6	 険Ｕペ）っ
0x165BD8E	6	ゴ㎏りぃプ㎏
0x165BD9A	10	プ㎏ありペ￥いＵボ（
0x165BDB0	4	し。ゴ％
0x165BDBA	7	ぁ）ぜbう６こ
0x165BDC4	4	しュァう
0x165BDC9	7	ぜを臥。ぴ％ふ
0x165BDD2	13	プ㎏ふたプ㎏くみペ￥モぜ古
0x165BDE8	4	え。ゴ％
0x165BDF2	13	ぁ）漆ァう→ャァうしュァう
0x165BE01	10	ぜを会。ぴ％あひペ￥
0x165BE0D	4	たゴ㎏え
0x165BE16	6	プ㎏みたプ㎏
0x165BE1D	10	みペ￥ふぃプ㎏ォ媚現
0x165BE30	4	し。ゴ％
0x165BE3A	21	ぁ）がュァうＵぜう❤グァうたぜを峨ぜペ）や
0x165BE5F	5	はあたペ￥
0x165BE65	5	たァ㎏ガせ
0x165BE7A	15	ぁ）◎ャァうあうァ％くお。㎏ァ
0x165BE96	17	ぁ）ぃぜを臥。ぴ％ァぞペ）たＵパ㎏
0x165BEEE	14	ぁ）ミぜを峨タペ）あぽペ）り
0x165BF03	8	険ぜペ）Ｕ↓ペ）
0x165BF0D	4	ぃペ￥う
0x165BF1B	5	こりたー㎏
0x165BF32	10	ア￥しＸペあみ←ゲあ
0x165BF3D	4	ぢペあく
0x165BF43	21	匡みペ￥ズだィ（ズてむ（ボつむ（あＵペ）い
0x165BF5B	8	久Ｘペ）み←ゲ）
0x165BF65	11	ぢペ）やばペ）しぶォ）
0x165BF8A	9	ぁ）ぃぜを臥。ぴ％
0x165BF95	10	ぜペ）あぽペ）哩」）
0x165BFAE	7	ヂ㎏ねみヂ㎏い
0x165BFC6	8	Ｖ（Ｗずペ）ゼま
0x165C012	6	し％いめペ）
0x165C019	20	ぇペ）ったプ㎏ぷえ、・イみペ）ぱえ、・ウ
0x165C04A	6	ペ￥え。ゴ％
0x165C056	14	ぁ）わヴァうたぜを峨ぜペ）が
0x165C072	7	Ｙ㎏ったォ㎏り
0x165C0A8	7	たぜを峨ぜペ）
0x165C0B1	109	Ｕペ￥ぽＵォ㎏びたォ㎏ぱみォ㎏っＵォ㎏めぃＹ㎏ヴたペ￥ＩつＹ）うみ」㎏いみＷ￥うみＹ㎏うみ」㎏えみゥ￥うみＹ㎏ごみペ￥くみＹ㎏おみＹ㎏けたＹ㎏こＵＹ㎏ＱＵＹ）ＫＵＹ）ＳＵＹ）さＵＹ㎏えたＹ㎏ＧＸＹ）ねＵォ㎏とＵォ㎏ムあ
0x165C122	8	ペ）ヴたペ￥ヌあ
0x165C12E	8	ペ）ヴたペ￥ツあ
0x165C13A	8	ペ）ヴたペ￥クあ
0x165C155	6	ぜを臥。ぴ％
0x165C15D	4	たペ）ヴ
0x165C16E	7	ア￥そさペうこ
0x165C185	8	くペＦみくペＦえ
0x165C18F	11	Ｏほしペ￥ンたチ％ギま
0x165C19B	12	険くペ）みくペ）え。ゴ％
0x165C1B4	8	たぜを峨ぜペ）い
0x165C1CB	6	こＫた」）Ｉ
0x165C1EB	9	鹸み」㎏いた」㎏ゼ
0x165C202	11	ぁ）Ｋみ。）Ｉた。）あ
0x165C21A	22	ぁぅＭみ。）あた。㎏あぉペ）あてゥ（むやペ）
0x165C233	5	躯みだ％ァ
0x165C29A	8	ぁ）鳶を臥。ぴ％
0x165C2A5	7	ミペ）あタペ）
0x165C2AD	32	ぽペ￥おズペ）トぜプ㎏エァペ￥ヅびめ（うた…㎏ィそペ）ペそＥ）し
0x165C31E	7	ぁ）えゲァうあ
0x165C33A	18	ぁ）❤グァう（グァうあたち％りたプお
0x165C35E	6	ぁあとたプ㎏
0x165C376	16	ぁ）（グァう❤グァう頓を臥。ぴ％
0x165C389	11	ペペ）あズペ）こミペ）
0x165C395	7	タペ￥かＥペ）
0x165C39D	12	タゴ㎏かぜペ）あぽペ￥ま
0x165C3B3	6	こエたペ￥Ａ
0x165C3BA	7	プ㎏デあり（６
0x165C3C5	7	たズ㎏なかペ）
0x165C3D3	5	はびぃバ㎏
0x165C3FF	5	袴ぜ◎㎏く
0x165C422	11	◎㎏あタャ％５ミペ）た
0x165C445	7	たズなこたィち
0x165C44D	4	たァなね
0x165C455	7	たズおこたィあ
0x165C46A	20	ぁ）えゲァう（グァう❤グァう頓を臥。ぴ％
0x165C485	24	ァペ￥くタペ）くぽペ）くぜペ）ボＥプ㎏あミペ￥ほ
0x165C4AA	7	ペ￥バＥる（ォ
0x165C4B5	7	たズ㎏ぬくペ）
0x165C4C3	5	はびぃビ㎏
0x165C4EF	5	袴ぜ○㎏け
0x165C512	11	○㎏あァョ％８ペペ）た
0x165C536	10	ぁ）えゲァう（グァう
0x165C552	8	ぁ）頓を臥。ぴ％
0x165C55D	15	ペペ）あズペ）うＥペ）しあプ㎏
0x165C58D	16	ァペ￥くミペ）あぽペ￥エぜペ￥（
0x165C59E	10	プ㎏きた。・なあペ）
0x165C5B2	6	プ㎏ゼえよ（
0x165C5BA	7	ク￥かァペあさ
0x165C5C3	6	こめた！㎏め
0x165C5EF	10	８かァペ）あミュ％た
0x165C61B	5	Ｏびぃバ㎏
0x165C67A	19	ぁ）（グァう❤グァうぃヴァうえゲァうう
0x165C6A6	10	ぁ）たぜを峨ぜペ）あ
0x165C6CA	10	ぁ）たぜを峨ぜペ）あ
0x165C706	6	ぁ）ぜヴァう
0x165C713	6	こいた。㎏う
0x165C71A	6	ア￥あ覆ズめ
0x165C733	4	吸たズ㎏
0x165C739	15	みチ％ふた。㎏ゾああ（ぞとペ）
0x165C749	11	たチ％たたァ㎏たたズ㎏
0x165C756	11	ア￥あたペういたＵおつ
0x165C763	40	笈た。㎏ィみペ）びたプ㎏貿ゼ）ィぉペ）たみズ㎏Ｓち。）あただ（たたァ㎏たたズ㎏う
0x165C78E	15	ア）たぃァ＋いたペ「いたＵ＋う
0x165C79F	17	吸みズ㎏Ｅつ。）あただ（たたァ㎏た
0x165C7BA	6	ぁ）わンァう
0x165C7C1	6	ぜを臥。ぴ％
0x165C7C9	4	み。㎏せ
0x165C7FA	6	ペ￥え。ゴ％
0x165C806	4	ぁ）どま
0x165C80D	6	ぜを臥。ぴ％
0x165C815	4	ぃ。㎏く
0x165C84E	6	ペ￥え。ゴ％
0x165C85A	4	ぁ）どま
0x165C860	11	たぜを峨ぜペ）い（ペ）
0x165C872	7	Ｙ㎏がＵォ％き
0x165C87E	6	ゲ　（ォ㎏え
0x165C89A	8	ぁ）頓を械。ぴ％
0x165C8A9	16	ぜペ￥えＥペ）あミペ￥くぜゴ㎏ヴ
0x165C8BE	14	ゴ㎏たぜゴ㎏しぜゴ㎏えぜゴ㎏
0x165C8D1	36	ァパ㎏くペペ）くズペ）エたペ￥Ｑいプ㎏ヂあゆ（うた＋㎏ィそペ）ペそＥ）２
0x165C8F7	10	こあそペ）ペそＥ）さ
0x165C915	12	たあ％またあ％ィあァ）う
0x165C943	5	はびぃヅ㎏
0x165C94A	7	ウ￥めＥＺおえ
0x165C96A	7	パ㎏ＩいＺ）う
0x165C982	13	＋㎏ァたペ）ねいプ㎏煩ズ）
0x165C991	8	ァョ（くた＋㎏お
0x165C9A1	4	１ギ（お
0x165C9AF	5	険ァョ（お
0x165C9C9	6	たョ（あ＋）
0x165C9D9	4	ペゥ（お
0x165C9E8	4	りた＋㎏
0x165CA07	4	詰のペ￥
0x165CA0D	4	たチ％あ
0x165CA1B	5	桔ペギ（』
0x165CA25	4	ズガ（え
0x165CA36	7	ァつＵダペち～
0x165CA41	4	ズガ（い
0x165CA4F	5	はエあプ㎏
0x165CA6A	6	Ｚ㎏びぃヅ㎏
0x165CA96	7	パ㎏ＩいＺ）う
0x165CAC3	5	顕た＋㎏あ
0x165CACA	7	ア￥❤たプおあ
0x165CAD5	16	くペあみくペあぜズビ％たズパであ
0x165CAEA	11	ケ￥とズパＺＩつ＋）あ
0x165CB15	20	みい％まみい％ゥちィ）うたＺ㎏Ｋつ＋）あ
0x165CB2F	6	こＫいＺ）う
0x165CB3D	8	しペ）ペすペ）え
0x165CB4F	6	％ァあィ）う
0x165CB63	6	こもズＺ㎏う
0x165CB71	8	しペ）ペすペ）た
0x165CB83	6	％ァあィ）う
0x165CB8A	7	Ｚ㎏あぜォ％た
0x165CBB4	6	瀞を拐。ぴ％
0x165CBBD	28	ァペ￥いぜペ￥あぽペ￥くタペ）◎ムプ㎏エペペ￥バレる（う
0x165CBDD	8	しペ）ペすＥ）イ
0x165CC01	8	しペ）ペへペ）あ
0x165CC36	18	ぽ￥おぃペちえぃペあＩつ『）Ｓう『）
0x165CC5A	7	ゴ㎏ぞえペ）し
0x165CC62	7	ゴ㎏Ｋい『）た
0x165CCB3	5	恵め『）も
0x165CCF1	8	しペ）ペすペ）く
0x165CCFF	6	こＩめ『）く
0x165CD19	8	しペ）ペすペ）た
0x165CD33	5	顕ァョ％た
0x165CD41	16	ぽペ￥ぽぃプ㎏エたペ￥ヅぅや（う
0x165CD55	8	しペ）ペすＥ）く
0x165CD62	23	た％おいペちあうァつうや。なァみゥてうやＵなう
0x165CD82	7	Ｙ㎏あぽッ％た
0x165CD9A	6	ぁ）えゲァう
0x165CDA1	8	Ｕペ￥びみプ㎏エ
0x165CDBD	24	たＶ￥うたＸ㎏うた「㎏あたＶ￥うたＸ㎏あＵゲ％た
0x165CDDD	4	たペ￥た
0x165CDE5	4	たァ㎏し
0x165CDF2	22	ぁ）えゲァう（グァう❤グァうたぜを峨ぜペ）う
0x165CE0A	6	イ￥い覆ズね
0x165CE43	8	桔み」㎏えみゥ￥
0x165CE51	5	み（￥げえ
0x165CE5B	8	桔み」㎏えみゥ￥
0x165CE65	9	みＹ㎏ヴみペ￥ゃえ
0x165CE72	4	ペ）やえ
0x165CE82	7	ペ￥っぃプ㎏く
0x165CE91	19	て「・ィぁペ）０ぁＥ）あたＶうあたィう
0x165CEBE	10	ぁ）ォダァうがみプ㎏
0x165CEDA	7	ア￥よんゥ０た
0x165CEEA	11	ぁポみぃゥ％あみ。㎏や
0x165CEF6	7	ペ￥ゾぃみ（ィ
0x165CF05	13	ゲァう椴を峨ァペ）あミペ）
0x165CF15	12	タペ￥かぽペ）あぜペ￥く
0x165CF22	8	ペ）おたペ）Ｑう
0x165CF33	5	こりたズ㎏
0x165CF3F	14	こくたペ）おみペ）きぃペ）す
0x165CF52	7	ぽ￥えタペあい
0x165CF5E	8	ペ）おたペ）ズう
0x165CF67	5	顕ぽッ％た
0x165CF86	8	ぁ）頓を鎧。ぴ％
0x165CF91	16	ズペ）あァペ）えぃゴ㎏ごみビ㎏す
0x165CFB6	11	…㎏ァせペ）ペそＥ）え
0x165CFC3	6	はとたゾ㎏ね
0x165CFD6	6	ゥＪぽみゾ㎏
0x165CFE5	12	た『㎏ィすペ）ペそＥ）お
0x165CFFE	4	ペてぺい
0x165D02A	4	ペＸづい
0x165D032	4	ビ㎏↓え
0x165D05A	7	ゴ㎏あペペ￥う
0x165D06E	4	ゴ㎏ろい
0x165D073	9	丘ぜペ）こタペ）り
0x165D07E	4	ビ㎏６え
0x165D083	5	険ミペ）り
0x165D09E	4	ビ㎏ペえ
0x165D0A3	5	険ミペ）り
0x165D0B6	11	『㎏ァしペ）ペマペ）ペ
0x165D0CA	4	ビ㎏ヅえ
0x165D0CF	5	険ミペ）り
0x165D0E6	7	ゴ㎏こぜペ）ポ
0x165D0F6	4	ビ㎏ギえ
0x165D0FB	5	険ミペ）り
0x165D112	7	ゴ㎏こぜペ）ァ
0x165D122	4	ビ㎏ヴえ
0x165D132	7	ズ㎏あたァ％ふ
0x165D142	11	エ￥くみパなみみパおけ
0x165D14E	8	ペ）くたペ）おえ
0x165D157	8	険ぽペ）「あ『）
0x165D16E	7	エ￥さぜペＦあ
0x165D17A	6	エ￥やぜパＺ
0x165D182	11	『㎏ァせペ）ペそＥ）さ
0x165D1AE	16	ペ）くたペ）えみペ）しぃパ㎏㎞あ
0x165D1C0	4	とぜ○㎏
0x165D1C9	9	そペ）ペそＥ）「あ
0x165D1D3	5	こみぽガ㎏
0x165D1E6	4	○お←あ
0x165D244	5	搭ぽ￥ゲあ
0x165D252	11	エ￥くみパなみみパおけ
0x165D25E	8	ペ）くたペ）Ｖう
0x165D26A	4	カ￥Ａあ
0x165D286	4	ガ㎏３あ
0x165D28B	5	橘くぽ￥Ｇ
0x165D2B6	4	ビ㎏はえ
0x165D2BB	5	険ぜペ）り
0x165D2D3	4	険ぽペ）
0x165D2DA	4	カ￥ズあ
0x165D2E2	8	ペ）えたペ）→い
0x165D2EB	6	険ぜＥ）グあ
0x165D2F6	4	エ）ガあ
0x165D2FB	7	こくたペ）Ｓい
0x165D306	12	ペ）やたビ㎏おみペ）エう
0x165D31A	4	ペ）＋う
0x165D322	6	カ￥やたビな
0x165D32E	4	ガなロあ
0x165D336	4	ペ）↑う
0x165D33E	4	カ￥ラあ
0x165D343	6	こげた『㎏う
0x165D34A	4	ア￥ヤあ
0x165D34F	29	れりみビ㎏あちガ（わみィ㎏げた『㎏あたィ％げた○㎏やたビ㎏
0x165D372	4	ガ㎏ハあ
0x165D37A	11	エ￥くみパなさみペあけ
0x165D386	8	ペ）くたペ）ラう
0x165D396	4	カ￥チあ
0x165D3A5	4	覆ズスあ
0x165D412	4	○㎏だあ
0x165D41E	4	○㎏ずあ
0x165D42A	4	◎㎏ごあ
0x165D436	4	○㎏ぎあ
0x165D442	4	○㎏ゅあ
0x165D44A	7	『㎏いたＵ￥わ
0x165D45E	4	○㎏ぁあ
0x165D46A	4	○㎏わあ
0x165D476	4	○㎏るあ
0x165D482	4	○㎏よあ
0x165D48E	4	○㎏もあ
0x165D49A	4	○㎏みあ
0x165D4A6	4	○㎏へあ
0x165D4B2	4	○㎏はあ
0x165D4BE	4	○㎏ぬあ
0x165D4CA	4	○㎏とあ
0x165D4D6	4	ぽ￥ちあ
0x165D4DB	5	れりたビ㎏
0x165D4E1	12	あガ（わたァ㎏わた×㎏げ
0x165D4F2	7	ガ（がたＵ㎏げ
0x165D502	4	○㎏かあ
0x165D50A	7	『㎏くたＵ￥わ
0x165D517	5	％ァあィ）
0x165D522	12	ペ）くたペ）りみパ㎏ッい
0x165D532	4	ペ）ヤい
0x165D550	8	わた×㎏「あ『）
0x165D572	7	『㎏みたＵ￥わ
0x165D57F	5	％ァいィ）
0x165D58B	5	結い×）て
0x165D597	5	結い×）か
0x165D5B3	4	沓うプ㎏
0x165D5D6	11	エ￥くみパなこみペあけ
0x165D5E2	8	ペ）くたペ）（い
0x165D5EB	8	険くペ）ぜくペ）
0x165D60E	7	キ￥Ｋあ○あＷ
0x165D62A	4	ビ㎏ざう
0x165D642	11	エ￥くみパなこみペあけ
0x165D64E	8	ペ）くたペ）Ｚい
0x165D657	9	険くペ）ぜクペ）く
0x165D66B	4	険ぜペ）
0x165D6C7	5	型ぽＹ）ヂ
0x165D6F0	12	搭」）ズおあ（ＥたＹ）ョ
0x165D707	10	こ搭」）おたペ）わは
0x165D71E	10	オ￥搭」ポたおペポＥ
0x165D73F	4	丘タペ）
0x165D746	6	オ￥こタペＦ
0x165D75B	12	顕たッ％ズああ（ぞくペ）
0x165D77E	10	ぽ）こみペあさみペち
0x165D7AA	10	ぽ）こみペポさみペＦ
0x165D7D6	10	ぽ）こみペＶさみペ、
0x165D802	10	ぽ）こみペ、さみペＶ
0x165D82E	10	ぽ）こみペＦさみペポ
0x165D85A	10	ぽ）こみペちさみペあ
0x165D8C1	4	あガ（わ
0x165D8DB	10	こあたぜ％あみガ（が
0x165D8F6	7	た％げた○おく
0x165D90D	4	あガ（わ
0x165D94E	12	ぁ）㎞グァう椴を拐。ぴ％
0x165D95D	15	ァペ）あミペ）いタペ）うぽペ）
0x165D975	8	せペ）ペそＥ）う
0x165D97F	5	こごぜバ㎏
0x165D986	10	エ￥くタＹなけぽＹな
0x165D99A	16	ド㎏Ｇた！）かみペ）くぃゴ％Ｊえ
0x165D9D7	5	九ちプ㎏え
0x165D9DF	5	喬ふペ￥い
0x165D9E7	4	砧のペ￥
0x165D9FD	15	ァゴ㎏えみ？㎏つた！㎏あたゥ（
0x165DA1F	5	険ぜＥ）び
0x165DA2D	7	せペ）ペそＥ）
0x165DA35	8	ぃ（てぃぃパおみ
0x165DA4E	12	ペ）かたペ）おみペ）をえ
0x165DAE1	8	すペ）ペそＥ）お
0x165DAEB	5	こ吠」）と
0x165DAF9	12	さペ）ぜくィ（ＧうＹ）な
0x165DB3B	6	（Ｕおペ）ね
0x165DB5C	11	エぬァうミぜを峨タペ）
0x165DB69	8	ぽペ￥あぜペ￥か
0x165DB72	7	ペ）おたペ）６
0x165DB83	10	こかたペ）えみペ）え
0x165DB8F	5	顕ぽッ％た
0x165DBA2	8	ぁ）頓を臥。ぴ％
0x165DBAD	8	ペペ）いＥペ）お
0x165DBBA	10	ペ）ごぞプ㎏峠ヂ）え
0x165DBCA	6	ペ）騰ヂ）お
0x165DBD6	5	ペ）搭ヂ）
0x165DBE5	6	み』）あ、）
0x165DBED	8	みゥ（ーぜ』）き
0x165DBF9	4	うペ）ヂ
0x165DC02	15	』）Ｖうァ（！た』）あぜ』㎏ヴ
0x165DC12	26	エ￥ゼええたぜたォつＶてペち『ぜ』）えたィ（いぶペ￥
0x165DC2D	4	ぜト％え
0x165DC32	10	ウ）えぃペＦいぶペ￥
0x165DC3D	4	ぜト％え
0x165DC42	11	イ）えみペＦヴぜ（￥え
0x165DC4E	7	ア）えたペＦあ
0x165DC5A	22	ア￥ヴたペＸごズブ㎏あぜペ￥うがペ）ぢリペ）
0x165DC71	24	くペ）ぜネペ）あしペ）ぜシペ）いくペ）ぜョペ）ぬ
0x165DC8B	5	慧ァ○）い
0x165DC9B	14	こＱミ○）Ｓタ○）さぽ○㎏あ
0x165DCB5	20	い○）Ｏあ』）Ｏい○）Ｑあ』）Ｑい○）っ
0x165DCDB	6	こめぜ○㎏け
0x165DCE7	4	坑ズビ㎏
0x165DCFE	13	ぁ）わンァうぃぜを臥。ぴ％
0x165DD0D	8	ぽペ）いぜペ）あ
0x165DD27	5	誤たヂ㎏お
0x165DD51	4	たペ）ぽ
0x165DD6A	9	ぁ）ぃぜを臥。ぴ％
0x165DD79	4	ぜペ￥お
0x165DD7E	7	ペ）えたペ）く
0x165DD87	5	顕ぜォ％た
0x165DDAA	9	ぁ）ぃぜを臥。ぴ％
0x165DDB5	8	ぽペ）あぜペ）ぬ
0x165DDC7	6	こおたペ）さ
0x165DDCF	17	弦ぃッ％みみプ㎏えた「・あう…・あ
0x165DDFA	13	ぁ）ォダァうたぜを峨ぜペ）
0x165DE09	4	み（￥ぴ
0x165DE46	12	ぁ）ォダァう突を臥。ぴ％
0x165DE59	8	ぽペ￥ふたャ％う
0x165DE81	8	ぜペ￥あミペ￥く
0x165DEAB	5	橘ぜォ％お
0x165DEC7	10	こぜぃァ％あたー㎏や
0x165DEE2	11	ェ・Ｍむー）Ｏあー）ゾ
0x165DF09	10	ゲァうぃぜを臥。ぴ％
0x165DF15	8	ぽペ）ごぜヅ㎏い
0x165DF27	4	坑ぜヂ㎏
0x165DF46	8	ぁ）突を臥。ぴ％
0x165DF51	7	ぜペ）いミペ）
0x165DF65	8	ぽき％あぜペ￥し
0x165DF93	5	袴ぜ♂㎏か
0x165DF9F	4	坑タデ㎏
0x165DFB6	13	ぁ）たぜを峨み。㎏えみＷ￥
0x165DFC5	38	みＵ㎏みたァ㎏リたペ￥ＭちＵ）あふペ￥ＯちＵ）筒ペ￥ＱちＵ）ヴたペ￥おたＵ㎏
0x165DFFD	16	みペ￥うたァ（くみＶ㎏あぃェ％た
0x165E013	5	Ｏびみプ㎏
0x165E025	19	ぜペ￥あＵ。㎏やたペ￥ボぅも（ぜぜェ㎏
0x165E03D	24	ぃゾ㎏あＵ。㎏ボぅも（ォぃェ（Ｅ％Ｘ）あぜォ％た
0x165E07A	9	ぁ）たぜを峨ぜペ）
0x165E091	7	た」㎏いたィ￥
0x165E09D	7	た」㎏えたＶ￥
0x165E0A9	7	た」㎏くたＶ￥
0x165E0B5	7	た」㎏たたＶ￥
0x165E0C1	7	た」㎏みたＶ￥
0x165E0CD	7	た」㎏ぜたィ￥
0x165E0D9	7	た」㎏ァたＶ￥
0x165E0E1	4	たＹ㎏げ
0x165E0EA	23	Ｙ）ぜたペ￥つたＹ㎏ヴみペ￥えみＹ㎏おみＹ㎏Ｏ
0x165E115	40	たペ￥せたＹ㎏そたＹ㎏たたＹ㎏ちたＹ㎏あみＹ㎏いたペ￥きたＹ㎏ごたペ￥とたＹ㎏な
0x165E13F	6	㎏ＫあＹ）て
0x165E14A	7	プ㎏ＳあＹ）ね
0x165E170	12	ミぜを峨ぜペ）あタペ）え
0x165E17E	6	イ￥い覆ズり
0x165E1A3	5	険ぽペ）り
0x165E1BB	5	険ぽペ）の
0x165E1C7	5	険ぽペ）に
0x165E1D7	5	険たペ）り
0x165E1F2	6	ぽ￥呑。ちさ
0x165E1FF	5	険クペ）え
0x165E215	22	ぜ倖ねづ（あたィ％ズああ（ぞくペ）でクァ（お
0x165E236	9	ぁ）ミぜを峨タペ）
0x165E241	8	ぽペ￥りぜャ％り
0x165E24F	8	険たヂ㎏あたィ％
0x165E259	5	たォ㎏ヴた
0x165E25F	6	％ッウィ）ァ
0x165E276	9	ぁ）ぃぜを臥。ぴ％
0x165E281	4	ぜペ）り
0x165E28B	5	険ぽペ）り
0x165E2A3	12	跨たヂ㎏あたィ％りたォ㎏
0x165E2B1	4	エッ）り
0x165E2BB	12	跨たヂ㎏あたィ％りたォ㎏
0x165E2D6	9	ぁ）ぃぜを臥。ぴ％
0x165E2E1	4	ぽペ）り
0x165E2EB	5	険ぜペ）り
0x165E303	12	跨たヅ㎏あたィ％りたッ㎏
0x165E326	10	ぁ）たぜを峨ぜペ）が
0x165E335	4	たズ㎏あ
0x165E35D	4	たづ（し
0x165E36E	13	ぁ）　ァう悩ァううみＵ￥わ
0x165E381	11	みァ㎏たたゥ％えたァ㎏
0x165E3AE	39	ぁ）　ァう頓を臥。ぴ％あペペ）いズペ）うァペ）りミパ㎏ァみプ㎏やたペ￥ズむろ（
0x165E3E5	4	ぽく％つ
0x165E41A	7	キ￥けァァきい
0x165E423	4	虐ぽＵ・
0x165E42B	13	携ぜァ）あタャ％８ペペ）た
0x165E452	6	ぁ）づゼァう
0x165E459	18	ぜを臥。ぴ％が（プ㎏やＵペ￥ズ暫（あ
0x165E47E	7	ウ￥あみゲきい
0x165E487	4	橘み→・
0x165E48F	8	契みゲ）え。ゴ％
0x165E49E	16	ぁ）づゼァう椴を峨ミペ）あタペ）
0x165E4B1	16	ぽペ￥づぜプ㎏やァペ￥ヅくあ（あ
0x165E4C2	15	ォ（あた」・ィまペ）ポまＥ）お
0x165E4D3	6	こみたズ㎏あ
0x165E4EB	5	顕ぽッ％た
0x165E4FE	12	ぁ）づゼァう頓を臥。ぴ％
0x165E50D	7	ペペ）あズペ）
0x165E515	17	ミペ￥きぽペ）リＥプ㎏やぜペ￥ドえ
0x165E52E	11	～・ァそペ）ペそＥ）ち
0x165E53B	6	こおタペ）す
0x165E577	5	橘タャ％た
0x165E583	6	Ｏあミュ％た
0x165E59A	28	ぁ）づゼァう突を臥。ぴ％あタペ）タぃプ㎏やたペ￥ズぅゆ（
0x165E5B9	12	ぜペ￥いくペ）みリペ）さ
0x165E5DE	6	ぽ￥ＳムＵち
0x165E5E5	7	た。なァたィて
0x165E5ED	12	たＵなあぜォ％４タペ）た
0x165E612	32	ぁ）づゼァう突を臥。ぴ％あミペ）いタペ）クみプ㎏やたペ￥ズむゆ（
0x165E635	4	ぜペ￥さ
0x165E663	9	顕ぜォ％５ミペ）た
0x165E686	24	ぁ）づゼァう椴を我タペ）Ｉみプ㎏やたペ￥ズむゆ（
0x165E6A1	8	ァペ￥ヴぜペ￥お
0x165E6B3	5	険ミＥ）え
0x165E6CF	5	顕ァョ％た
0x165E6DB	12	Ｏピぜ険ぜペ￥えミペ）く
0x165E70B	5	橘ぜォ％か
0x165E717	4	ぐヂぜ午
0x165E72B	10	こぜぃァ％あた＋㎏や
0x165E74E	6	ぁ）づゼァう
0x165E755	26	ゲァう突を臥。ぴ％ミぽプ㎏やみペ￥ズいう（うぜッ（う
0x165E781	4	あゥ）う
0x165E791	8	ミペ￥ヴぽペ￥え
0x165E7A3	5	険タＥ）え
0x165E7BF	5	顕ミュ％た
0x165E7D6	18	ぁ）づゼァうたぜを峨ぜペ）づみプ㎏や
0x165E7F2	15	ゥ（あた…・ィまペ）ポまＥ）く
0x165E812	7	イ￥えたゾなあ
0x165E81A	6	ペてたえ（ち
0x165E82E	6	ぁ）づゼァう
0x165E835	11	ゲァうたぜを峨ぜペ）さ
0x165E852	15	ぁ）とみプ㎏やたペ￥ズああ（あ
0x165E86E	12	ぁ）づゼァう鳶を臥。ぴ％
0x165E87D	20	ぜペ）あァペ）いタペ）うぽペ）りちプ㎏や
0x165E89E	11	、・ァそペ）ペそＥ）あ
0x165E8C3	5	険ズＥ）が
0x165E8CB	9	べ窄プ㎏けウァ（お
0x165E8EB	5	弦ズ♀㎏り
0x165E92B	17	荒きペ）みクペ）あタペ￥ァァプ㎏さ
0x165E94B	5	険ズＥ）く
0x165E95E	18	ュ（くズＵ㎏あタャ％ッきペ）みクペ）
0x165E99E	7	イ￥えたゾなあ
0x165E9A6	7	ペてたえィちえ
0x165E9BA	10	ぁ）づゼァうォダァう
0x165E9C5	9	ゲァう瀞を峨ァペ）
0x165E9D1	21	ぽペ￥おタペ）あペペ￥ワぜプ㎏やズペ￥デけ
0x165E9ED	12	た」・ィそペ）ペそＥ）そ
0x165E9FB	10	こあそペ）ペそＥ）く
0x165EA0F	10	こィせペ）ペそＥ）あ
0x165EA2E	19	？㎏ァそペ）ペそＥ）はカッちあタャ％た
0x165EA5E	6	ぁ）づゼァう
0x165EA69	6	ぜを臥。ぴ％
0x165EA71	8	（ペ￥ぽぃプ㎏や
0x165EA7E	27	い（いＵェ（いた「・あたＶ￥いたＸ・あ（→㎏あ（ザ％た
0x165EAA1	12	みペ￥やたプ㎏いう、・あ
0x165EAAE	11	Ｕ￥いうＶ・あみゥ％み
0x165EABF	5	Ｏえ。ゴ％
0x165EACA	10	ぁ）づゼァうォダァう
0x165EAD5	11	ぜを臥。ぴ％ィあァ（ね
0x165EAEF	6	こがたズ㎏あ
0x165EAFF	6	れいたペ）ぱ
0x165EB08	4	え。ゴ％
0x165EB12	8	ぁ）鳶を臥。ぴ％
0x165EB66	7	ぽ￥Ｉた＋ちＧ
0x165EB6E	7	＋ちあねァちえ
0x165EB87	4	険たペ）
0x165EB9A	13	ペ）しみィ％かぃペ）を 減
0x165EBAE	13	ペ）Ｇた＋）かみペ）て 元
0x165EBDF	6	こくァ○㎏か
0x165EBEA	7	○㎏けミ○㎏け
0x165EBF2	9	ペ）きた＋㎏Ｏぜ減
0x165EBFE	9	ペ）くた＋㎏Ｅぜ減
0x165EC0A	9	ペ）けた＋㎏９ぜ減
0x165EC16	9	ペ）えたペ）ポぜ玄
0x165EC3A	9	ぁ）ぃぜを臥。ぴ％
0x165EC45	17	ぽペ）あぜペ）ぁぜ元あッ（ごぜズ㎏
0x165EC5F	9	こいえエ￥えぜッぃ
0x165EC6B	7	桔ぜペ￥ゆぜ元
0x165EC82	8	ぁ）突を臥。ぴ％
0x165EC8D	15	タペ）あミＥ）いぽペ）うぜペ）
0x165ECA3	4	べのぜ檎
0x165ECB3	4	ぐとぜ険
0x165ECBF	8	客あャ（ごぃズ㎏
0x165ED23	13	去っャ（いみォ％おたペ￥Ｇ
0x165ED43	12	去やャ（あた…㎏もえー・
0x165ED6B	5	桔たで（し
0x165ED72	15	ペ￥ゼみみ（いみァ％かたペ￥Ｇ
0x165ED93	9	桔みペ￥もとャ（お
0x165ED9F	5	橘みゥ％く
0x165EDC6	15	ペ￥ゾたみ（くみァ％かたペ￥Ｇ
0x165EE06	8	ぁ）突を臥。ぴ％
0x165EE11	8	ぽペ￥おぜペ）ォ
0x165EE27	10	こおミペ）あタペ￥き
0x165EE32	5	ペ）ち吏険
0x165EE3A	6	ぽ￥にきッち
0x165EE41	12	くペちみクペちあミュ％た
0x165EE56	5	ペ￥くぜ険
0x165EE65	8	くペちみびペちあ
0x165EE6E	5	ペ￥いぜ険
0x165EE7D	8	くペちみびペちね
0x165EE89	7	たズ㎏ＭぽＶ）
0x165EEA5	7	ゲァうたみプ㎏
0x165EEAD	4	みゾ㎏ァ
0x165EEC1	7	ゲァうとぃプ㎏
0x165EEC9	12	Ｕダ㎏やぃペ￥ズＸも（ィ
0x165EEE1	14	ゲァうミぜを峨タペ）きぽペ￥
0x165EEF1	4	ぜペ￥お
0x165EEF6	13	ペ）かたペ）えみペ）ナ釆険
0x165EF12	9	ぁ）たぜを碍たプ㎏
0x165EF2E	5	ォ％づ准顕
0x165EF4E	12	ぁ）ォベァう鳶を会。ぴ％
0x165EF5D	4	ぜペ）Ａ
0x165EF62	10	プ㎏えウァ（えう。・
0x165EF76	5	ッ％ぇ准険
0x165EF82	19	Ｚ㎏えズヅ㎏くァヅ㎏しミヅ㎏たタヅ㎏あ
0x165EF99	4	づォ）と
0x165EFB5	4	ぜゴ㎏と
0x165EFBA	17	ッ％けたペ）くみペ）ぱぃプ㎏チ准玄
0x165EFCF	7	粁柵険みペ）が
0x165EFDE	10	ゴ㎏くぜゴ㎏きぃペ）
0x165EFE9	4	タゴ㎏と
0x165EFEE	17	ッ％いぜビ（あみ６（えたペ）ゃ准顕
0x165F012	32	ぁ）ォベァうっるァう椴を我ァペ）いミペ）うタペ）ねぽパ㎏ごたプ㎏
0x165F052	19	Ｙ㎏えァォ㎏くミォ㎏しタォ㎏たぽォ㎏ふ
0x165F072	6	ぁ）ォベァう
0x165F079	28	ぃペ￥うみペ）ねたプ㎏ううィ（ァぁＵ㎏ィぁＵ㎏あぃェ％く
0x165F09E	13	ぁ）えゲァうぃぜを臥。ぴ％
0x165F0AD	4	ぽペ）エ
0x165F0B2	24	プ㎏おたペ）どをペ￥ま投候たプ㎏あこッ％Ｕちァ㎏
0x165F0CD	4	ぜペ￥え
0x165F0D2	21	ペ）ぱ剖元ちッ（あはィ％ァあィ㎏あぜォ％た
0x165F10A	12	ぁ）えゲァう鳶を臥。ぴ％
0x165F119	21	ミペ）あタペ）いズペ）うぽペ）ぶ脱険ぜペ）
0x165F131	4	ァペ￥お
0x165F147	9	顕ァョ％７ズペ）く
0x165F161	4	ァペ￥か
0x165F172	17	ペ）おたペ）ゴ剖顕ァョ％５ミペ）た
0x165F199	4	たペてり
0x165F1A1	4	たＵない
0x165F1A9	4	たペてふ
0x165F1B1	4	たＵなえ
0x165F1CA	4	ぁ）くお
0x165F1D3	7	え突を臥。ぴ％
0x165F1DD	17	ミペ）あタペ）いぽペ）の脱険ぜペ）
0x165F1F1	4	みペ￥き
0x165F1FA	31	ぬ％いいペちあうァつうと。なァたィてうとＵなあみゥ％５ミペ）た
0x165F232	6	に％ァたプお
0x165F247	10	こフみプ㎏Ｅた…）ネ
0x165F262	6	に％クたプな
0x165F275	4	タペ￥お
0x165F28B	9	顕タャ％３ぽペ）く
0x165F2BA	4	ぁ）くお
0x165F2C7	12	えミぜを峨タペ）あぽペ）
0x165F2D5	4	ぜペ￥か
0x165F2ED	10	釆顕ぜォ％４タペ）た
0x165F30E	8	ぁ）突を臥。ぴ％
0x165F319	11	ミペ）あタペ）いぽペ）
0x165F325	4	ぜペ￥き
0x165F341	10	釆顕ぜォ％５ミペ）た
0x165F366	13	ぁ）ミぜを峨タペ）あぽペ）
0x165F375	4	ぜペ￥か
0x165F386	17	ペ）おたペ））釆顕ぜォ％４タペ）た
0x165F3BE	31	ぁ）ねんァうＭ航うぃぜを臥。ぴ％あぽペ）ピ誓険ぜペ）いえオ￥え
0x165F3E6	6	プ㎏おたペ）
0x165F3FF	4	はぢ吏元
0x165F416	24	ぁ）ォパァう鳶を鎧。ぴ％クヤプ㎏クヂプ㎏ねァゴ％
0x165F431	13	ぜペ￥ぽトプ㎏ぽエプ㎏きあ
0x165F447	5	窮Ｕゴ％そ
0x165F627	9	距たパ㎏ポせペ）あ
0x165F636	7	ゴ㎏むせペ）あ
0x165F642	7	ゴ㎏ポすペ）あ
0x165F64E	7	ゴ㎏ポそペ）あ
0x165F657	20	％むまペ）あたあ％やみパ㎏りぃパ㎏こ吏糠
0x165F676	6	ゴ㎏わぃパ㎏
0x165F67D	4	ぜゴ㎏や
0x165F682	6	パ㎏りたパ㎏
0x165F6BA	6	パ㎏りたパ㎏
0x165F6C7	9	魚ぃパ㎏やたパ㎏わ
0x165F6D2	6	パ㎏かみう（
0x165F6D9	5	みゴ㎏おみ
0x165F6DF	22	（えみゴ㎏みわペ）ヴみい％くみゴ㎏みさペ）う
0x165F6FA	7	ゴ㎏むくか（た
0x165F702	7	ゴ㎏もくペ）ヴ
0x165F712	29	あ（りたパ㎏じてＶ￥もわペ）うみい％もざペ）うぃう％ッ釆侯
0x165F733	12	距たパ㎏りぃパ㎏むえか（
0x165F74E	21	パ㎏ぃたパ㎏ヴみう％もっペ）うぃう％べ釆悟
0x165F767	9	距ぃパ㎏りみパ㎏ヴ
0x165F77A	21	パ㎏ヴたい％めやペ）うみい％もっか（て釆顧
0x165F796	5	パ㎏ゥ投跨
0x165F7A2	5	パ㎏に投菰
0x165F7AE	5	パ㎏ビ投袴
0x165F7E2	9	パ㎏りたパ㎏＋吏古
0x165F7F2	9	パ㎏りたパ㎏ほ媚諺
0x165F822	9	パ㎏りたパ㎏ベ吏元
0x165F844	4	ふ（パ㎏
0x165F895	7	ぜを臥。ぴ％や
0x165F8AF	5	険たペ￥と
0x165F8B9	7	たァ㎏え。ゴ％
0x165F8C6	10	ぁ）ォパァう２パァう
0x165F8DA	6	ぁ）（ごァう
0x165F8EA	8	ヴい突を臥。ぴ％
0x165F8F5	20	ミペ）ぃタプ㎏エ准険ぜペ）呑デ㎏乳ャ㎏び
0x165F91A	5	ペ）ア准原
0x165F92E	10	ぁ）（パァうえたプ㎏
0x165F93E	6	ぁ）Ｙパァう
0x165F945	11	ぜを会。ぴ％いた（￥ォ
0x165F952	6	プ㎏したァ㎏
0x165F959	11	みペ￥たみァ㎏ふみァ㎏
0x165F975	17	みァ㎏洟ァ㎏えたペ￥筒ァ㎏あひペ￥
0x165F989	7	たゴ㎏搭ズ㎏え
0x165F9D0	4	し。ゴ％
0x165F9DA	14	ぁ）（パァうりピァうぃずァう
0x165F9F2	8	ヴい瀞を雅。ぴ％
0x165F9FD	5	ぜペ）↑あ
0x165FA11	8	ペズ㎏こズペ￥あ
0x165FA1E	10	←㎏あぜ←㎏いァペ￥
0x165FA2D	13	タペ￥エぽプ㎏おぜペ￥ぴあ
0x165FA3E	4	ペ）さい
0x165FA46	16	ペ）かたペ）くみペ）おぃペ）ヅあ
0x165FA5A	8	ペ）かたペ）％あ
0x165FA6F	5	はあズぶ％
0x165FA86	15	ぁ）（パァうミぐァうたぜを諌あ
0x165FAA5	5	ぜズ㎏ぅあ
0x165FAB9	13	たペ￥あみペ￥ふぃプ㎏ルあ
0x165FACA	8	ヂ㎏がたヂ㎏♂あ
0x165FADA	25	ぁ）（パァうエヴァうミぐァう椴を峨ミペ）あタペ）ワ
0x165FAF9	12	ぽズ㎏ふぜヅ㎏あたづ％か
0x165FB23	6	こ！ァペ￥せ
0x165FB36	4	ァ％←あ
0x165FB3E	7	ペ）くたペ）／
0x165FB4A	8	ヅ㎏ぜたヅ㎏４あ
0x165FB5F	9	はえミュ（えタど（
0x165FB76	12	ぁ）（パァう突を臥。ぴ％
0x165FB85	13	ミペ）あタペ）いぽペ）ハあ
0x165FBA1	8	ぜズ㎏あたペ￥フ
0x165FBAA	7	プ㎏したァ㎏や
0x165FBBA	4	ァ（Ａあ
0x165FBC2	7	ペ）うたペ￥Ｓ
0x165FBD1	13	たペ￥おみペ）ぜぃプ㎏ぉあ
0x165FBE5	5	たペ）ァあ
0x165FC16	20	ぁ）（パァうえ２ァうくぐァう頓を臥。ぴ％
0x165FC2D	13	ペペ）あズペ）いァペ）ぜあ
0x165FC49	15	ミズ㎏みタド㎏あぜど％こＥペ￥
0x165FC69	4	ぽど（く
0x165FC6E	7	オ）くぽペィＳ
0x165FC82	4	ァ（レあ
0x165FC8A	7	ペ）さたペ）ゲ
0x165FC99	13	たパ㎏おみペ）ごぃプ㎏ああ
0x165FCAA	8	ド㎏ぃたド㎏ぷあ
0x165FCBF	13	はおズガ（おペギ（おァび（
0x165FCDE	16	ぁ）（パァうミぐァう頓を臥。ぴ％
0x165FCF1	13	ペペ）あズペ）いァペ）そあ
0x165FD0D	12	ミズ㎏みタド㎏あぜど％い
0x165FD21	4	Ｅペ￥の
0x165FD2D	4	ぽど（く
0x165FD32	7	オ）くぽペィゴ
0x165FD46	4	ァ（ぶあ
0x165FD51	4	たパ㎏サ
0x165FD5A	15	ペ）さたペ）おみペ）ごぃプ㎏。
0x165FD6E	8	ド㎏さたペ）へあ
0x165FD83	13	はおズガ（おペギ（おァび（
0x165FDA2	26	ぁ）（パァうミぐァうミぜを峨タペ）あぽペ）いぜペ）／
0x165FDDA	4	ァ（やあ
0x165FDE2	7	ペ）うたペ￥ゅ
0x165FDEE	15	ペ￥おたペ）えみペ）ねぃプ㎏９
0x165FE12	18	ぁ）（パァうＱぐァうたぜを雅。ぴ％ゲ
0x165FE52	4	ペ￥かあ
0x165FE5D	12	たペ￥あみペ￥エぃプ㎏ズ
0x165FE6E	15	ペ￥あたゴ％あみペ￥づぃプ㎏グ
0x165FE85	4	たペ）！
0x165FE9F	5	顕たペ￥た
0x165FEB6	6	ぁ）（パァう
0x165FEBD	11	２ァうミぐァうＱぐァう
0x165FEC9	10	ぜを臥。ぴ％ヂみプ㎏
0x165FED5	8	みゾ㎏やみゾ㎏あ
0x165FEFB	6	％ペいペ）く
0x165FF06	6	ィ）うえァ）
0x165FF1E	6	ィ）うくァ）
0x165FF3E	10	ィ）うえァ）ししァ）
0x165FF51	12	たペ￥あみゥ％たぃプ㎏ウ
0x165FF60	4	え。ゴ％
0x165FF6A	10	ぁ）（パァうミぐァう
0x165FF75	7	ぜを臥。ぴ％あ
0x165FF89	12	たペ￥あみペ￥ふぃプ㎏で
0x165FF9D	4	たペ）ゾ
0x165FFA4	4	え。ゴ％
0x165FFAE	10	ぁ）クヴァうミぐァう
0x165FFDD	7	みあ％えたズ㎏
0x165FFE5	4	た、㎏あ
0x165FFF1	7	たペ￥したァ㎏
0x165FFF9	4	たズ㎏あ
